------------------------------------
Sat 18 Jul 2026 23:18:58 IDT
SLURM_JOBID:		19444164
SLURM_JOB_NODELIST:	ise-cpu128-12
SLURM_SCRATCH_DIR:	/scratch/ohadshee/19444164
Allocated Resouces:	cpu - 4 / mem - 49152 MB / gpu - 
SLURM_GPU_INDEX:	
Running as ohadshee from golan.neuro account with normal QOS
------------------------------------
Running on host: ise-cpu128-12.auth.ad.bgu.ac.il
Job ID: 19444164
CPUs per task: 4
Python path: /home/ohadshee/.conda/envs/pid_env/bin/python
Conda environment: pid_env
Project root directory: /home/ohadshee/Desktop/Partial-Information-Decomposition/external/mayas_project
Using device: cpu
Number of images: 73000
Image shape: (425, 425, 3), dtype: uint8
nsdID shape: (73000,), Shared1000 shape: (73000,)
Neural data shape: (10000, 8088)
Image IDs shape: (10000,)
Number of voxels: 8088
Number of projections for SRP: 7894

Loaded target with shape (10000, 8088).

Running target-PC analysis with Source 1: convnext_base_classification 😀
Model options for convnext_base_classification: {'model_name': 'convnext_base', 'train_type': 'classification', 'train_data': 'imagenet', 'model_source': 'timm', 'call': "get_timm_model('convnext_base', pretrained = True)"}
Image transforms for convnext_base_classification: Compose(
    Resize(size=(224, 224), interpolation=bicubic, max_size=None, antialias=True)
    MaybeToTensor()
    Normalize(mean=tensor([0.4850, 0.4560, 0.4060]), std=tensor([0.2290, 0.2240, 0.2250]))
)
Loaded model: convnext_base_classification
Ordered layers from model: ['Conv2d-1', 'LayerNorm2d-1', 'Identity-1', 'Conv2d-2', 'LayerNorm-2', 'Linear-1', 'GELU-1', 'Dropout-1', 'Identity-2', 'Linear-2', 'Dropout-2', 'Mlp-1', 'Identity-3', 'Identity-4', 'ConvNeXtBlock-1', 'Conv2d-3', 'LayerNorm-3', 'Linear-3', 'GELU-2', 'Dropout-3', 'Identity-5', 'Linear-4', 'Dropout-4', 'Mlp-2', 'Identity-6', 'Identity-7', 'ConvNeXtBlock-2', 'Conv2d-4', 'LayerNorm-4', 'Linear-5', 'GELU-3', 'Dropout-5', 'Identity-8', 'Linear-6', 'Dropout-6', 'Mlp-3', 'Identity-9', 'Identity-10', 'ConvNeXtBlock-3', 'ConvNeXtStage-1', 'LayerNorm2d-2', 'Conv2d-5', 'Conv2d-6', 'LayerNorm-6', 'Linear-7', 'GELU-4', 'Dropout-7', 'Identity-11', 'Linear-8', 'Dropout-8', 'Mlp-4', 'Identity-12', 'Identity-13', 'ConvNeXtBlock-4', 'Conv2d-7', 'LayerNorm-7', 'Linear-9', 'GELU-5', 'Dropout-9', 'Identity-14', 'Linear-10', 'Dropout-10', 'Mlp-5', 'Identity-15', 'Identity-16', 'ConvNeXtBlock-5', 'Conv2d-8', 'LayerNorm-8', 'Linear-11', 'GELU-6', 'Dropout-11', 'Identity-17', 'Linear-12', 'Dropout-12', 'Mlp-6', 'Identity-18', 'Identity-19', 'ConvNeXtBlock-6', 'ConvNeXtStage-2', 'LayerNorm2d-3', 'Conv2d-9', 'Conv2d-10', 'LayerNorm-10', 'Linear-13', 'GELU-7', 'Dropout-13', 'Identity-20', 'Linear-14', 'Dropout-14', 'Mlp-7', 'Identity-21', 'Identity-22', 'ConvNeXtBlock-7', 'Conv2d-11', 'LayerNorm-11', 'Linear-15', 'GELU-8', 'Dropout-15', 'Identity-23', 'Linear-16', 'Dropout-16', 'Mlp-8', 'Identity-24', 'Identity-25', 'ConvNeXtBlock-8', 'Conv2d-12', 'LayerNorm-12', 'Linear-17', 'GELU-9', 'Dropout-17', 'Identity-26', 'Linear-18', 'Dropout-18', 'Mlp-9', 'Identity-27', 'Identity-28', 'ConvNeXtBlock-9', 'Conv2d-13', 'LayerNorm-13', 'Linear-19', 'GELU-10', 'Dropout-19', 'Identity-29', 'Linear-20', 'Dropout-20', 'Mlp-10', 'Identity-30', 'Identity-31', 'ConvNeXtBlock-10', 'Conv2d-14', 'LayerNorm-14', 'Linear-21', 'GELU-11', 'Dropout-21', 'Identity-32', 'Linear-22', 'Dropout-22', 'Mlp-11', 'Identity-33', 'Identity-34', 'ConvNeXtBlock-11', 'Conv2d-15', 'LayerNorm-15', 'Linear-23', 'GELU-12', 'Dropout-23', 'Identity-35', 'Linear-24', 'Dropout-24', 'Mlp-12', 'Identity-36', 'Identity-37', 'ConvNeXtBlock-12', 'Conv2d-16', 'LayerNorm-16', 'Linear-25', 'GELU-13', 'Dropout-25', 'Identity-38', 'Linear-26', 'Dropout-26', 'Mlp-13', 'Identity-39', 'Identity-40', 'ConvNeXtBlock-13', 'Conv2d-17', 'LayerNorm-17', 'Linear-27', 'GELU-14', 'Dropout-27', 'Identity-41', 'Linear-28', 'Dropout-28', 'Mlp-14', 'Identity-42', 'Identity-43', 'ConvNeXtBlock-14', 'Conv2d-18', 'LayerNorm-18', 'Linear-29', 'GELU-15', 'Dropout-29', 'Identity-44', 'Linear-30', 'Dropout-30', 'Mlp-15', 'Identity-45', 'Identity-46', 'ConvNeXtBlock-15', 'Conv2d-19', 'LayerNorm-19', 'Linear-31', 'GELU-16', 'Dropout-31', 'Identity-47', 'Linear-32', 'Dropout-32', 'Mlp-16', 'Identity-48', 'Identity-49', 'ConvNeXtBlock-16', 'Conv2d-20', 'LayerNorm-20', 'Linear-33', 'GELU-17', 'Dropout-33', 'Identity-50', 'Linear-34', 'Dropout-34', 'Mlp-17', 'Identity-51', 'Identity-52', 'ConvNeXtBlock-17', 'Conv2d-21', 'LayerNorm-21', 'Linear-35', 'GELU-18', 'Dropout-35', 'Identity-53', 'Linear-36', 'Dropout-36', 'Mlp-18', 'Identity-54', 'Identity-55', 'ConvNeXtBlock-18', 'Conv2d-22', 'LayerNorm-22', 'Linear-37', 'GELU-19', 'Dropout-37', 'Identity-56', 'Linear-38', 'Dropout-38', 'Mlp-19', 'Identity-57', 'Identity-58', 'ConvNeXtBlock-19', 'Conv2d-23', 'LayerNorm-23', 'Linear-39', 'GELU-20', 'Dropout-39', 'Identity-59', 'Linear-40', 'Dropout-40', 'Mlp-20', 'Identity-60', 'Identity-61', 'ConvNeXtBlock-20', 'Conv2d-24', 'LayerNorm-24', 'Linear-41', 'GELU-21', 'Dropout-41', 'Identity-62', 'Linear-42', 'Dropout-42', 'Mlp-21', 'Identity-63', 'Identity-64', 'ConvNeXtBlock-21', 'Conv2d-25', 'LayerNorm-25', 'Linear-43', 'GELU-22', 'Dropout-43', 'Identity-65', 'Linear-44', 'Dropout-44', 'Mlp-22', 'Identity-66', 'Identity-67', 'ConvNeXtBlock-22', 'Conv2d-26', 'LayerNorm-26', 'Linear-45', 'GELU-23', 'Dropout-45', 'Identity-68', 'Linear-46', 'Dropout-46', 'Mlp-23', 'Identity-69', 'Identity-70', 'ConvNeXtBlock-23', 'Conv2d-27', 'LayerNorm-27', 'Linear-47', 'GELU-24', 'Dropout-47', 'Identity-71', 'Linear-48', 'Dropout-48', 'Mlp-24', 'Identity-72', 'Identity-73', 'ConvNeXtBlock-24', 'Conv2d-28', 'LayerNorm-28', 'Linear-49', 'GELU-25', 'Dropout-49', 'Identity-74', 'Linear-50', 'Dropout-50', 'Mlp-25', 'Identity-75', 'Identity-76', 'ConvNeXtBlock-25', 'Conv2d-29', 'LayerNorm-29', 'Linear-51', 'GELU-26', 'Dropout-51', 'Identity-77', 'Linear-52', 'Dropout-52', 'Mlp-26', 'Identity-78', 'Identity-79', 'ConvNeXtBlock-26', 'Conv2d-30', 'LayerNorm-30', 'Linear-53', 'GELU-27', 'Dropout-53', 'Identity-80', 'Linear-54', 'Dropout-54', 'Mlp-27', 'Identity-81', 'Identity-82', 'ConvNeXtBlock-27', 'Conv2d-31', 'LayerNorm-31', 'Linear-55', 'GELU-28', 'Dropout-55', 'Identity-83', 'Linear-56', 'Dropout-56', 'Mlp-28', 'Identity-84', 'Identity-85', 'ConvNeXtBlock-28', 'Conv2d-32', 'LayerNorm-32', 'Linear-57', 'GELU-29', 'Dropout-57', 'Identity-86', 'Linear-58', 'Dropout-58', 'Mlp-29', 'Identity-87', 'Identity-88', 'ConvNeXtBlock-29', 'Conv2d-33', 'LayerNorm-33', 'Linear-59', 'GELU-30', 'Dropout-59', 'Identity-89', 'Linear-60', 'Dropout-60', 'Mlp-30', 'Identity-90', 'Identity-91', 'ConvNeXtBlock-30', 'Conv2d-34', 'LayerNorm-34', 'Linear-61', 'GELU-31', 'Dropout-61', 'Identity-92', 'Linear-62', 'Dropout-62', 'Mlp-31', 'Identity-93', 'Identity-94', 'ConvNeXtBlock-31', 'Conv2d-35', 'LayerNorm-35', 'Linear-63', 'GELU-32', 'Dropout-63', 'Identity-95', 'Linear-64', 'Dropout-64', 'Mlp-32', 'Identity-96', 'Identity-97', 'ConvNeXtBlock-32', 'Conv2d-36', 'LayerNorm-36', 'Linear-65', 'GELU-33', 'Dropout-65', 'Identity-98', 'Linear-66', 'Dropout-66', 'Mlp-33', 'Identity-99', 'Identity-100', 'ConvNeXtBlock-33', 'ConvNeXtStage-3', 'LayerNorm2d-4', 'Conv2d-37', 'Conv2d-38', 'LayerNorm-38', 'Linear-67', 'GELU-34', 'Dropout-67', 'Identity-101', 'Linear-68', 'Dropout-68', 'Mlp-34', 'Identity-102', 'Identity-103', 'ConvNeXtBlock-34', 'Conv2d-39', 'LayerNorm-39', 'Linear-69', 'GELU-35', 'Dropout-69', 'Identity-104', 'Linear-70', 'Dropout-70', 'Mlp-35', 'Identity-105', 'Identity-106', 'ConvNeXtBlock-35', 'Conv2d-40', 'LayerNorm-40', 'Linear-71', 'GELU-36', 'Dropout-71', 'Identity-107', 'Linear-72', 'Dropout-72', 'Mlp-36', 'Identity-108', 'Identity-109', 'ConvNeXtBlock-36', 'ConvNeXtStage-4', 'Identity-110', 'AdaptiveAvgPool2d-1', 'Identity-111', 'SelectAdaptivePool2d-1', 'LayerNorm2d-5', 'Flatten-1', 'Identity-112', 'Dropout-73', 'Linear-73', 'NormMlpClassifierHead-1', 'ConvNeXt-41']
Total number of layers: 456
Model options for eca_nfnet_l0_classification: {'model_name': 'eca_nfnet_l0', 'train_type': 'classification', 'train_data': 'imagenet', 'model_source': 'timm', 'call': "get_timm_model('eca_nfnet_l0', pretrained = True)"}
Image transforms for eca_nfnet_l0_classification: Compose(
    Resize(size=(224, 224), interpolation=bicubic, max_size=None, antialias=True)
    MaybeToTensor()
    Normalize(mean=tensor([0.4850, 0.4560, 0.4060]), std=tensor([0.2290, 0.2240, 0.2250]))
)
Loaded model: eca_nfnet_l0_classification
Ordered layers from model: ['ScaledStdConv2d-1', 'SiLU-1', 'ScaledStdConv2d-2', 'SiLU-2', 'ScaledStdConv2d-3', 'SiLU-3', 'ScaledStdConv2d-4', 'SiLU-4', 'Identity-1', 'ScaledStdConv2d-5', 'DownsampleAvg-1', 'ScaledStdConv2d-6', 'SiLU-5', 'ScaledStdConv2d-7', 'SiLU-6', 'ScaledStdConv2d-8', 'SiLU-7', 'ScaledStdConv2d-9', 'Conv1d-1', 'Sigmoid-1', 'EcaModule-1', 'Identity-2', 'NormFreeBlock-1', 'SiLU-8', 'AvgPool2d-1', 'ScaledStdConv2d-10', 'DownsampleAvg-2', 'ScaledStdConv2d-11', 'SiLU-9', 'ScaledStdConv2d-12', 'SiLU-10', 'ScaledStdConv2d-13', 'SiLU-11', 'ScaledStdConv2d-14', 'Conv1d-2', 'Sigmoid-2', 'EcaModule-2', 'Identity-3', 'NormFreeBlock-2', 'SiLU-12', 'ScaledStdConv2d-15', 'SiLU-13', 'ScaledStdConv2d-16', 'SiLU-14', 'ScaledStdConv2d-17', 'SiLU-15', 'ScaledStdConv2d-18', 'Conv1d-3', 'Sigmoid-3', 'EcaModule-3', 'Identity-4', 'NormFreeBlock-3', 'SiLU-16', 'AvgPool2d-2', 'ScaledStdConv2d-19', 'DownsampleAvg-3', 'ScaledStdConv2d-20', 'SiLU-17', 'ScaledStdConv2d-21', 'SiLU-18', 'ScaledStdConv2d-22', 'SiLU-19', 'ScaledStdConv2d-23', 'Conv1d-4', 'Sigmoid-4', 'EcaModule-4', 'Identity-5', 'NormFreeBlock-4', 'SiLU-20', 'ScaledStdConv2d-24', 'SiLU-21', 'ScaledStdConv2d-25', 'SiLU-22', 'ScaledStdConv2d-26', 'SiLU-23', 'ScaledStdConv2d-27', 'Conv1d-5', 'Sigmoid-5', 'EcaModule-5', 'Identity-6', 'NormFreeBlock-5', 'SiLU-24', 'ScaledStdConv2d-28', 'SiLU-25', 'ScaledStdConv2d-29', 'SiLU-26', 'ScaledStdConv2d-30', 'SiLU-27', 'ScaledStdConv2d-31', 'Conv1d-6', 'Sigmoid-6', 'EcaModule-6', 'Identity-7', 'NormFreeBlock-6', 'SiLU-28', 'ScaledStdConv2d-32', 'SiLU-29', 'ScaledStdConv2d-33', 'SiLU-30', 'ScaledStdConv2d-34', 'SiLU-31', 'ScaledStdConv2d-35', 'Conv1d-7', 'Sigmoid-7', 'EcaModule-7', 'Identity-8', 'NormFreeBlock-7', 'SiLU-32', 'ScaledStdConv2d-36', 'SiLU-33', 'ScaledStdConv2d-37', 'SiLU-34', 'ScaledStdConv2d-38', 'SiLU-35', 'ScaledStdConv2d-39', 'Conv1d-8', 'Sigmoid-8', 'EcaModule-8', 'Identity-9', 'NormFreeBlock-8', 'SiLU-36', 'ScaledStdConv2d-40', 'SiLU-37', 'ScaledStdConv2d-41', 'SiLU-38', 'ScaledStdConv2d-42', 'SiLU-39', 'ScaledStdConv2d-43', 'Conv1d-9', 'Sigmoid-9', 'EcaModule-9', 'Identity-10', 'NormFreeBlock-9', 'SiLU-40', 'AvgPool2d-3', 'ScaledStdConv2d-44', 'DownsampleAvg-4', 'ScaledStdConv2d-45', 'SiLU-41', 'ScaledStdConv2d-46', 'SiLU-42', 'ScaledStdConv2d-47', 'SiLU-43', 'ScaledStdConv2d-48', 'Conv1d-10', 'Sigmoid-10', 'EcaModule-10', 'Identity-11', 'NormFreeBlock-10', 'SiLU-44', 'ScaledStdConv2d-49', 'SiLU-45', 'ScaledStdConv2d-50', 'SiLU-46', 'ScaledStdConv2d-51', 'SiLU-47', 'ScaledStdConv2d-52', 'Conv1d-11', 'Sigmoid-11', 'EcaModule-11', 'Identity-12', 'NormFreeBlock-11', 'SiLU-48', 'ScaledStdConv2d-53', 'SiLU-49', 'ScaledStdConv2d-54', 'SiLU-50', 'ScaledStdConv2d-55', 'SiLU-51', 'ScaledStdConv2d-56', 'Conv1d-12', 'Sigmoid-12', 'EcaModule-12', 'Identity-13', 'NormFreeBlock-12', 'ScaledStdConv2d-57', 'SiLU-52', 'AdaptiveAvgPool2d-1', 'Flatten-1', 'SelectAdaptivePool2d-1', 'Dropout-1', 'Linear-1', 'Identity-14', 'ClassifierHead-1', 'NormFreeNet-1']
Total number of layers: 185

==================================================
Processing layer: Conv2d-26 from model: convnext_base_classification

For model convnext_base_classification Layer Conv2d-26: Extracting features for 10000 images in batches of 120...
Feature extraction for model convnext_base_classification layer Conv2d-26 completed in 3279.75 seconds.

==================================================
Processing layer: AvgPool2d-3 from model: eca_nfnet_l0_classification

For model eca_nfnet_l0_classification Layer AvgPool2d-3: Extracting features for 10000 images in batches of 120...
Feature extraction for model eca_nfnet_l0_classification layer AvgPool2d-3 completed in 1119.00 seconds.

Running target-PC analysis with Source 1: convnext_base_classification and Source 2: eca_nfnet_l0_classification 😀
Selecting the first 1 target PCs and running PID for convnext_base_classification and eca_nfnet_l0_classification 😀
Finding best ridge alphas for 1 target PCs using 100352 features and 9000 samples.
Using alphas: 10^1 to 10^20, 100 values spaced logarithmically.
[Pipeline] ........... (step 1 of 1) Processing ridgecv, total= 4.1min
Finding best ridge alphas for 1 target PCs using 75264 features and 9000 samples.
Using alphas: 10^1 to 10^20, 100 values spaced logarithmically.
[Pipeline] ........... (step 1 of 1) Processing ridgecv, total= 3.5min

Calculating PID using Tilde...
Selecting the first 2 target PCs and running PID for convnext_base_classification and eca_nfnet_l0_classification 😀
Finding best ridge alphas for 2 target PCs using 100352 features and 9000 samples.
Using alphas: 10^1 to 10^20, 100 values spaced logarithmically.
[Pipeline] ........... (step 1 of 1) Processing ridgecv, total= 6.8min
Finding best ridge alphas for 2 target PCs using 75264 features and 9000 samples.
Using alphas: 10^1 to 10^20, 100 values spaced logarithmically.
[Pipeline] ........... (step 1 of 1) Processing ridgecv, total= 3.6min

Calculating PID using Tilde...
Selecting the first 3 target PCs and running PID for convnext_base_classification and eca_nfnet_l0_classification 😀
Finding best ridge alphas for 3 target PCs using 100352 features and 9000 samples.
Using alphas: 10^1 to 10^20, 100 values spaced logarithmically.
[Pipeline] ........... (step 1 of 1) Processing ridgecv, total= 4.3min
Finding best ridge alphas for 3 target PCs using 75264 features and 9000 samples.
Using alphas: 10^1 to 10^20, 100 values spaced logarithmically.
[Pipeline] ........... (step 1 of 1) Processing ridgecv, total= 3.6min

Calculating PID using Tilde...
Selecting the first 4 target PCs and running PID for convnext_base_classification and eca_nfnet_l0_classification 😀
Finding best ridge alphas for 4 target PCs using 100352 features and 9000 samples.
Using alphas: 10^1 to 10^20, 100 values spaced logarithmically.
[Pipeline] ........... (step 1 of 1) Processing ridgecv, total= 4.1min
Finding best ridge alphas for 4 target PCs using 75264 features and 9000 samples.
Using alphas: 10^1 to 10^20, 100 values spaced logarithmically.
[Pipeline] ........... (step 1 of 1) Processing ridgecv, total= 3.5min

Calculating PID using Tilde...
Selecting the first 5 target PCs and running PID for convnext_base_classification and eca_nfnet_l0_classification 😀
Finding best ridge alphas for 5 target PCs using 100352 features and 9000 samples.
Using alphas: 10^1 to 10^20, 100 values spaced logarithmically.
[Pipeline] ........... (step 1 of 1) Processing ridgecv, total= 4.2min
Finding best ridge alphas for 5 target PCs using 75264 features and 9000 samples.
Using alphas: 10^1 to 10^20, 100 values spaced logarithmically.
[Pipeline] ........... (step 1 of 1) Processing ridgecv, total= 3.5min

Calculating PID using Tilde...
Selecting the first 6 target PCs and running PID for convnext_base_classification and eca_nfnet_l0_classification 😀
Finding best ridge alphas for 6 target PCs using 100352 features and 9000 samples.
Using alphas: 10^1 to 10^20, 100 values spaced logarithmically.
[Pipeline] ........... (step 1 of 1) Processing ridgecv, total= 4.2min
Finding best ridge alphas for 6 target PCs using 75264 features and 9000 samples.
Using alphas: 10^1 to 10^20, 100 values spaced logarithmically.
[Pipeline] ........... (step 1 of 1) Processing ridgecv, total= 3.5min

Calculating PID using Tilde...
Selecting the first 7 target PCs and running PID for convnext_base_classification and eca_nfnet_l0_classification 😀
Finding best ridge alphas for 7 target PCs using 100352 features and 9000 samples.
Using alphas: 10^1 to 10^20, 100 values spaced logarithmically.
[Pipeline] ........... (step 1 of 1) Processing ridgecv, total= 4.4min
Finding best ridge alphas for 7 target PCs using 75264 features and 9000 samples.
Using alphas: 10^1 to 10^20, 100 values spaced logarithmically.
[Pipeline] ........... (step 1 of 1) Processing ridgecv, total= 3.7min

Calculating PID using Tilde...
Selecting the first 8 target PCs and running PID for convnext_base_classification and eca_nfnet_l0_classification 😀
Finding best ridge alphas for 8 target PCs using 100352 features and 9000 samples.
Using alphas: 10^1 to 10^20, 100 values spaced logarithmically.
[Pipeline] ........... (step 1 of 1) Processing ridgecv, total= 4.2min
Finding best ridge alphas for 8 target PCs using 75264 features and 9000 samples.
Using alphas: 10^1 to 10^20, 100 values spaced logarithmically.
[Pipeline] ........... (step 1 of 1) Processing ridgecv, total= 3.5min

Calculating PID using Tilde...
Selecting the first 9 target PCs and running PID for convnext_base_classification and eca_nfnet_l0_classification 😀
Finding best ridge alphas for 9 target PCs using 100352 features and 9000 samples.
Using alphas: 10^1 to 10^20, 100 values spaced logarithmically.
[Pipeline] ........... (step 1 of 1) Processing ridgecv, total= 4.2min
Finding best ridge alphas for 9 target PCs using 75264 features and 9000 samples.
Using alphas: 10^1 to 10^20, 100 values spaced logarithmically.
[Pipeline] ........... (step 1 of 1) Processing ridgecv, total= 5.3min

Calculating PID using Tilde...
Selecting the first 10 target PCs and running PID for convnext_base_classification and eca_nfnet_l0_classification 😀
Finding best ridge alphas for 10 target PCs using 100352 features and 9000 samples.
Using alphas: 10^1 to 10^20, 100 values spaced logarithmically.
[Pipeline] ........... (step 1 of 1) Processing ridgecv, total= 5.7min
Finding best ridge alphas for 10 target PCs using 75264 features and 9000 samples.
Using alphas: 10^1 to 10^20, 100 values spaced logarithmically.
[Pipeline] ........... (step 1 of 1) Processing ridgecv, total= 3.5min

Calculating PID using Tilde...
Selecting the first 11 target PCs and running PID for convnext_base_classification and eca_nfnet_l0_classification 😀
Finding best ridge alphas for 11 target PCs using 100352 features and 9000 samples.
Using alphas: 10^1 to 10^20, 100 values spaced logarithmically.
[Pipeline] ........... (step 1 of 1) Processing ridgecv, total=10.5min
Finding best ridge alphas for 11 target PCs using 75264 features and 9000 samples.
Using alphas: 10^1 to 10^20, 100 values spaced logarithmically.
[Pipeline] ........... (step 1 of 1) Processing ridgecv, total= 4.5min

Calculating PID using Tilde...
Selecting the first 12 target PCs and running PID for convnext_base_classification and eca_nfnet_l0_classification 😀
Finding best ridge alphas for 12 target PCs using 100352 features and 9000 samples.
Using alphas: 10^1 to 10^20, 100 values spaced logarithmically.
[Pipeline] ........... (step 1 of 1) Processing ridgecv, total= 4.2min
Finding best ridge alphas for 12 target PCs using 75264 features and 9000 samples.
Using alphas: 10^1 to 10^20, 100 values spaced logarithmically.
[Pipeline] ........... (step 1 of 1) Processing ridgecv, total= 3.5min

Calculating PID using Tilde...
Selecting the first 13 target PCs and running PID for convnext_base_classification and eca_nfnet_l0_classification 😀
Finding best ridge alphas for 13 target PCs using 100352 features and 9000 samples.
Using alphas: 10^1 to 10^20, 100 values spaced logarithmically.
[Pipeline] ........... (step 1 of 1) Processing ridgecv, total= 4.4min
Finding best ridge alphas for 13 target PCs using 75264 features and 9000 samples.
Using alphas: 10^1 to 10^20, 100 values spaced logarithmically.
[Pipeline] ........... (step 1 of 1) Processing ridgecv, total= 3.6min

Calculating PID using Tilde...
Selecting the first 14 target PCs and running PID for convnext_base_classification and eca_nfnet_l0_classification 😀
Finding best ridge alphas for 14 target PCs using 100352 features and 9000 samples.
Using alphas: 10^1 to 10^20, 100 values spaced logarithmically.
[Pipeline] ........... (step 1 of 1) Processing ridgecv, total= 4.3min
Finding best ridge alphas for 14 target PCs using 75264 features and 9000 samples.
Using alphas: 10^1 to 10^20, 100 values spaced logarithmically.
[Pipeline] ........... (step 1 of 1) Processing ridgecv, total= 3.6min

Calculating PID using Tilde...
Selecting the first 15 target PCs and running PID for convnext_base_classification and eca_nfnet_l0_classification 😀
Finding best ridge alphas for 15 target PCs using 100352 features and 9000 samples.
Using alphas: 10^1 to 10^20, 100 values spaced logarithmically.
[Pipeline] ........... (step 1 of 1) Processing ridgecv, total= 4.3min
Finding best ridge alphas for 15 target PCs using 75264 features and 9000 samples.
Using alphas: 10^1 to 10^20, 100 values spaced logarithmically.
[Pipeline] ........... (step 1 of 1) Processing ridgecv, total= 3.6min

Calculating PID using Tilde...
Selecting the first 16 target PCs and running PID for convnext_base_classification and eca_nfnet_l0_classification 😀
Finding best ridge alphas for 16 target PCs using 100352 features and 9000 samples.
Using alphas: 10^1 to 10^20, 100 values spaced logarithmically.
[Pipeline] ........... (step 1 of 1) Processing ridgecv, total= 4.2min
Finding best ridge alphas for 16 target PCs using 75264 features and 9000 samples.
Using alphas: 10^1 to 10^20, 100 values spaced logarithmically.
[Pipeline] ........... (step 1 of 1) Processing ridgecv, total= 3.5min

Calculating PID using Tilde...
Selecting the first 17 target PCs and running PID for convnext_base_classification and eca_nfnet_l0_classification 😀
Finding best ridge alphas for 17 target PCs using 100352 features and 9000 samples.
Using alphas: 10^1 to 10^20, 100 values spaced logarithmically.
[Pipeline] ........... (step 1 of 1) Processing ridgecv, total= 4.5min
Finding best ridge alphas for 17 target PCs using 75264 features and 9000 samples.
Using alphas: 10^1 to 10^20, 100 values spaced logarithmically.
[Pipeline] ........... (step 1 of 1) Processing ridgecv, total= 3.6min

Calculating PID using Tilde...
Selecting the first 18 target PCs and running PID for convnext_base_classification and eca_nfnet_l0_classification 😀
Finding best ridge alphas for 18 target PCs using 100352 features and 9000 samples.
Using alphas: 10^1 to 10^20, 100 values spaced logarithmically.
[Pipeline] ........... (step 1 of 1) Processing ridgecv, total= 4.3min
Finding best ridge alphas for 18 target PCs using 75264 features and 9000 samples.
Using alphas: 10^1 to 10^20, 100 values spaced logarithmically.
[Pipeline] ........... (step 1 of 1) Processing ridgecv, total= 3.6min

Calculating PID using Tilde...
Selecting the first 19 target PCs and running PID for convnext_base_classification and eca_nfnet_l0_classification 😀
Finding best ridge alphas for 19 target PCs using 100352 features and 9000 samples.
Using alphas: 10^1 to 10^20, 100 values spaced logarithmically.
[Pipeline] ........... (step 1 of 1) Processing ridgecv, total= 5.7min
Finding best ridge alphas for 19 target PCs using 75264 features and 9000 samples.
Using alphas: 10^1 to 10^20, 100 values spaced logarithmically.
[Pipeline] ........... (step 1 of 1) Processing ridgecv, total= 3.9min

Calculating PID using Tilde...
Selecting the first 20 target PCs and running PID for convnext_base_classification and eca_nfnet_l0_classification 😀
Finding best ridge alphas for 20 target PCs using 100352 features and 9000 samples.
Using alphas: 10^1 to 10^20, 100 values spaced logarithmically.
[Pipeline] ........... (step 1 of 1) Processing ridgecv, total= 4.3min
Finding best ridge alphas for 20 target PCs using 75264 features and 9000 samples.
Using alphas: 10^1 to 10^20, 100 values spaced logarithmically.
[Pipeline] ........... (step 1 of 1) Processing ridgecv, total= 3.6min

Calculating PID using Tilde...
Selecting the first 21 target PCs and running PID for convnext_base_classification and eca_nfnet_l0_classification 😀
Finding best ridge alphas for 21 target PCs using 100352 features and 9000 samples.
Using alphas: 10^1 to 10^20, 100 values spaced logarithmically.
[Pipeline] ........... (step 1 of 1) Processing ridgecv, total= 4.4min
Finding best ridge alphas for 21 target PCs using 75264 features and 9000 samples.
Using alphas: 10^1 to 10^20, 100 values spaced logarithmically.
[Pipeline] ........... (step 1 of 1) Processing ridgecv, total= 3.7min

Calculating PID using Tilde...
Selecting the first 22 target PCs and running PID for convnext_base_classification and eca_nfnet_l0_classification 😀
Finding best ridge alphas for 22 target PCs using 100352 features and 9000 samples.
Using alphas: 10^1 to 10^20, 100 values spaced logarithmically.
[Pipeline] ........... (step 1 of 1) Processing ridgecv, total= 4.4min
Finding best ridge alphas for 22 target PCs using 75264 features and 9000 samples.
Using alphas: 10^1 to 10^20, 100 values spaced logarithmically.
[Pipeline] ........... (step 1 of 1) Processing ridgecv, total= 3.7min

Calculating PID using Tilde...
Selecting the first 23 target PCs and running PID for convnext_base_classification and eca_nfnet_l0_classification 😀
Finding best ridge alphas for 23 target PCs using 100352 features and 9000 samples.
Using alphas: 10^1 to 10^20, 100 values spaced logarithmically.
[Pipeline] ........... (step 1 of 1) Processing ridgecv, total= 4.6min
Finding best ridge alphas for 23 target PCs using 75264 features and 9000 samples.
Using alphas: 10^1 to 10^20, 100 values spaced logarithmically.
[Pipeline] ........... (step 1 of 1) Processing ridgecv, total= 3.8min

Calculating PID using Tilde...
Selecting the first 24 target PCs and running PID for convnext_base_classification and eca_nfnet_l0_classification 😀
Finding best ridge alphas for 24 target PCs using 100352 features and 9000 samples.
Using alphas: 10^1 to 10^20, 100 values spaced logarithmically.
[Pipeline] ........... (step 1 of 1) Processing ridgecv, total= 4.4min
Finding best ridge alphas for 24 target PCs using 75264 features and 9000 samples.
Using alphas: 10^1 to 10^20, 100 values spaced logarithmically.
[Pipeline] ........... (step 1 of 1) Processing ridgecv, total= 3.7min

Calculating PID using Tilde...
Selecting the first 25 target PCs and running PID for convnext_base_classification and eca_nfnet_l0_classification 😀
Finding best ridge alphas for 25 target PCs using 100352 features and 9000 samples.
Using alphas: 10^1 to 10^20, 100 values spaced logarithmically.
[Pipeline] ........... (step 1 of 1) Processing ridgecv, total= 4.9min
Finding best ridge alphas for 25 target PCs using 75264 features and 9000 samples.
Using alphas: 10^1 to 10^20, 100 values spaced logarithmically.
[Pipeline] ........... (step 1 of 1) Processing ridgecv, total= 3.8min

Calculating PID using Tilde...
Selecting the first 26 target PCs and running PID for convnext_base_classification and eca_nfnet_l0_classification 😀
Finding best ridge alphas for 26 target PCs using 100352 features and 9000 samples.
Using alphas: 10^1 to 10^20, 100 values spaced logarithmically.
[Pipeline] ........... (step 1 of 1) Processing ridgecv, total= 4.6min
Finding best ridge alphas for 26 target PCs using 75264 features and 9000 samples.
Using alphas: 10^1 to 10^20, 100 values spaced logarithmically.
[Pipeline] ........... (step 1 of 1) Processing ridgecv, total= 3.8min

Calculating PID using Tilde...
Selecting the first 27 target PCs and running PID for convnext_base_classification and eca_nfnet_l0_classification 😀
Finding best ridge alphas for 27 target PCs using 100352 features and 9000 samples.
Using alphas: 10^1 to 10^20, 100 values spaced logarithmically.
[Pipeline] ........... (step 1 of 1) Processing ridgecv, total= 4.7min
Finding best ridge alphas for 27 target PCs using 75264 features and 9000 samples.
Using alphas: 10^1 to 10^20, 100 values spaced logarithmically.
[Pipeline] ........... (step 1 of 1) Processing ridgecv, total= 3.9min

Calculating PID using Tilde...
Selecting the first 28 target PCs and running PID for convnext_base_classification and eca_nfnet_l0_classification 😀
Finding best ridge alphas for 28 target PCs using 100352 features and 9000 samples.
Using alphas: 10^1 to 10^20, 100 values spaced logarithmically.
[Pipeline] ........... (step 1 of 1) Processing ridgecv, total= 4.5min
Finding best ridge alphas for 28 target PCs using 75264 features and 9000 samples.
Using alphas: 10^1 to 10^20, 100 values spaced logarithmically.
[Pipeline] ........... (step 1 of 1) Processing ridgecv, total= 3.8min

Calculating PID using Tilde...
Selecting the first 29 target PCs and running PID for convnext_base_classification and eca_nfnet_l0_classification 😀
Finding best ridge alphas for 29 target PCs using 100352 features and 9000 samples.
Using alphas: 10^1 to 10^20, 100 values spaced logarithmically.
[Pipeline] ........... (step 1 of 1) Processing ridgecv, total= 4.7min
Finding best ridge alphas for 29 target PCs using 75264 features and 9000 samples.
Using alphas: 10^1 to 10^20, 100 values spaced logarithmically.
[Pipeline] ........... (step 1 of 1) Processing ridgecv, total= 3.9min

Calculating PID using Tilde...
Selecting the first 30 target PCs and running PID for convnext_base_classification and eca_nfnet_l0_classification 😀
Finding best ridge alphas for 30 target PCs using 100352 features and 9000 samples.
Using alphas: 10^1 to 10^20, 100 values spaced logarithmically.
[Pipeline] ........... (step 1 of 1) Processing ridgecv, total= 4.9min
Finding best ridge alphas for 30 target PCs using 75264 features and 9000 samples.
Using alphas: 10^1 to 10^20, 100 values spaced logarithmically.
[Pipeline] ........... (step 1 of 1) Processing ridgecv, total= 3.9min

Calculating PID using Tilde...
Selecting the first 31 target PCs and running PID for convnext_base_classification and eca_nfnet_l0_classification 😀
Finding best ridge alphas for 31 target PCs using 100352 features and 9000 samples.
Using alphas: 10^1 to 10^20, 100 values spaced logarithmically.
[Pipeline] ........... (step 1 of 1) Processing ridgecv, total= 4.8min
Finding best ridge alphas for 31 target PCs using 75264 features and 9000 samples.
Using alphas: 10^1 to 10^20, 100 values spaced logarithmically.
[Pipeline] ........... (step 1 of 1) Processing ridgecv, total= 4.0min

Calculating PID using Tilde...
Selecting the first 32 target PCs and running PID for convnext_base_classification and eca_nfnet_l0_classification 😀
Finding best ridge alphas for 32 target PCs using 100352 features and 9000 samples.
Using alphas: 10^1 to 10^20, 100 values spaced logarithmically.
[Pipeline] ........... (step 1 of 1) Processing ridgecv, total= 4.7min
Finding best ridge alphas for 32 target PCs using 75264 features and 9000 samples.
Using alphas: 10^1 to 10^20, 100 values spaced logarithmically.
[Pipeline] ........... (step 1 of 1) Processing ridgecv, total= 3.9min

Calculating PID using Tilde...
Selecting the first 33 target PCs and running PID for convnext_base_classification and eca_nfnet_l0_classification 😀
Finding best ridge alphas for 33 target PCs using 100352 features and 9000 samples.
Using alphas: 10^1 to 10^20, 100 values spaced logarithmically.
[Pipeline] ........... (step 1 of 1) Processing ridgecv, total= 4.8min
Finding best ridge alphas for 33 target PCs using 75264 features and 9000 samples.
Using alphas: 10^1 to 10^20, 100 values spaced logarithmically.
[Pipeline] ........... (step 1 of 1) Processing ridgecv, total= 4.0min

Calculating PID using Tilde...
Selecting the first 34 target PCs and running PID for convnext_base_classification and eca_nfnet_l0_classification 😀
Finding best ridge alphas for 34 target PCs using 100352 features and 9000 samples.
Using alphas: 10^1 to 10^20, 100 values spaced logarithmically.
[Pipeline] ........... (step 1 of 1) Processing ridgecv, total= 4.8min
Finding best ridge alphas for 34 target PCs using 75264 features and 9000 samples.
Using alphas: 10^1 to 10^20, 100 values spaced logarithmically.
[Pipeline] ........... (step 1 of 1) Processing ridgecv, total= 6.5min

Calculating PID using Tilde...
Selecting the first 35 target PCs and running PID for convnext_base_classification and eca_nfnet_l0_classification 😀
Finding best ridge alphas for 35 target PCs using 100352 features and 9000 samples.
Using alphas: 10^1 to 10^20, 100 values spaced logarithmically.
[Pipeline] ........... (step 1 of 1) Processing ridgecv, total= 4.9min
Finding best ridge alphas for 35 target PCs using 75264 features and 9000 samples.
Using alphas: 10^1 to 10^20, 100 values spaced logarithmically.
[Pipeline] ........... (step 1 of 1) Processing ridgecv, total= 4.0min

Calculating PID using Tilde...
Selecting the first 36 target PCs and running PID for convnext_base_classification and eca_nfnet_l0_classification 😀
Finding best ridge alphas for 36 target PCs using 100352 features and 9000 samples.
Using alphas: 10^1 to 10^20, 100 values spaced logarithmically.
[Pipeline] ........... (step 1 of 1) Processing ridgecv, total= 4.7min
Finding best ridge alphas for 36 target PCs using 75264 features and 9000 samples.
Using alphas: 10^1 to 10^20, 100 values spaced logarithmically.
[Pipeline] ........... (step 1 of 1) Processing ridgecv, total= 3.9min

Calculating PID using Tilde...
Selecting the first 37 target PCs and running PID for convnext_base_classification and eca_nfnet_l0_classification 😀
Finding best ridge alphas for 37 target PCs using 100352 features and 9000 samples.
Using alphas: 10^1 to 10^20, 100 values spaced logarithmically.
[Pipeline] ........... (step 1 of 1) Processing ridgecv, total= 4.8min
Finding best ridge alphas for 37 target PCs using 75264 features and 9000 samples.
Using alphas: 10^1 to 10^20, 100 values spaced logarithmically.
[Pipeline] ........... (step 1 of 1) Processing ridgecv, total= 3.9min

Calculating PID using Tilde...
Selecting the first 38 target PCs and running PID for convnext_base_classification and eca_nfnet_l0_classification 😀
Finding best ridge alphas for 38 target PCs using 100352 features and 9000 samples.
Using alphas: 10^1 to 10^20, 100 values spaced logarithmically.
[Pipeline] ........... (step 1 of 1) Processing ridgecv, total= 4.8min
Finding best ridge alphas for 38 target PCs using 75264 features and 9000 samples.
Using alphas: 10^1 to 10^20, 100 values spaced logarithmically.
[Pipeline] ........... (step 1 of 1) Processing ridgecv, total= 3.9min

Calculating PID using Tilde...
Selecting the first 39 target PCs and running PID for convnext_base_classification and eca_nfnet_l0_classification 😀
Finding best ridge alphas for 39 target PCs using 100352 features and 9000 samples.
Using alphas: 10^1 to 10^20, 100 values spaced logarithmically.
[Pipeline] ........... (step 1 of 1) Processing ridgecv, total= 4.9min
Finding best ridge alphas for 39 target PCs using 75264 features and 9000 samples.
Using alphas: 10^1 to 10^20, 100 values spaced logarithmically.
[Pipeline] ........... (step 1 of 1) Processing ridgecv, total= 4.0min

Calculating PID using Tilde...
Selecting the first 40 target PCs and running PID for convnext_base_classification and eca_nfnet_l0_classification 😀
Finding best ridge alphas for 40 target PCs using 100352 features and 9000 samples.
Using alphas: 10^1 to 10^20, 100 values spaced logarithmically.
[Pipeline] ........... (step 1 of 1) Processing ridgecv, total= 4.7min
Finding best ridge alphas for 40 target PCs using 75264 features and 9000 samples.
Using alphas: 10^1 to 10^20, 100 values spaced logarithmically.
[Pipeline] ........... (step 1 of 1) Processing ridgecv, total= 3.9min

Calculating PID using Tilde...
Selecting the first 41 target PCs and running PID for convnext_base_classification and eca_nfnet_l0_classification 😀
Finding best ridge alphas for 41 target PCs using 100352 features and 9000 samples.
Using alphas: 10^1 to 10^20, 100 values spaced logarithmically.
[Pipeline] ........... (step 1 of 1) Processing ridgecv, total= 4.9min
Finding best ridge alphas for 41 target PCs using 75264 features and 9000 samples.
Using alphas: 10^1 to 10^20, 100 values spaced logarithmically.
[Pipeline] ........... (step 1 of 1) Processing ridgecv, total= 4.1min

Calculating PID using Tilde...
Selecting the first 42 target PCs and running PID for convnext_base_classification and eca_nfnet_l0_classification 😀
Finding best ridge alphas for 42 target PCs using 100352 features and 9000 samples.
Using alphas: 10^1 to 10^20, 100 values spaced logarithmically.
[Pipeline] ........... (step 1 of 1) Processing ridgecv, total= 4.9min
Finding best ridge alphas for 42 target PCs using 75264 features and 9000 samples.
Using alphas: 10^1 to 10^20, 100 values spaced logarithmically.
[Pipeline] ........... (step 1 of 1) Processing ridgecv, total= 4.0min

Calculating PID using Tilde...
Selecting the first 43 target PCs and running PID for convnext_base_classification and eca_nfnet_l0_classification 😀
Finding best ridge alphas for 43 target PCs using 100352 features and 9000 samples.
Using alphas: 10^1 to 10^20, 100 values spaced logarithmically.
[Pipeline] ........... (step 1 of 1) Processing ridgecv, total= 5.0min
Finding best ridge alphas for 43 target PCs using 75264 features and 9000 samples.
Using alphas: 10^1 to 10^20, 100 values spaced logarithmically.
[Pipeline] ........... (step 1 of 1) Processing ridgecv, total= 4.1min

Calculating PID using Tilde...
Selecting the first 44 target PCs and running PID for convnext_base_classification and eca_nfnet_l0_classification 😀
Finding best ridge alphas for 44 target PCs using 100352 features and 9000 samples.
Using alphas: 10^1 to 10^20, 100 values spaced logarithmically.
[Pipeline] ........... (step 1 of 1) Processing ridgecv, total= 4.9min
Finding best ridge alphas for 44 target PCs using 75264 features and 9000 samples.
Using alphas: 10^1 to 10^20, 100 values spaced logarithmically.
[Pipeline] ........... (step 1 of 1) Processing ridgecv, total= 4.0min

Calculating PID using Tilde...
Selecting the first 45 target PCs and running PID for convnext_base_classification and eca_nfnet_l0_classification 😀
Finding best ridge alphas for 45 target PCs using 100352 features and 9000 samples.
Using alphas: 10^1 to 10^20, 100 values spaced logarithmically.
[Pipeline] ........... (step 1 of 1) Processing ridgecv, total= 7.5min
Finding best ridge alphas for 45 target PCs using 75264 features and 9000 samples.
Using alphas: 10^1 to 10^20, 100 values spaced logarithmically.
[Pipeline] ........... (step 1 of 1) Processing ridgecv, total= 4.3min

Calculating PID using Tilde...
Selecting the first 46 target PCs and running PID for convnext_base_classification and eca_nfnet_l0_classification 😀
Finding best ridge alphas for 46 target PCs using 100352 features and 9000 samples.
Using alphas: 10^1 to 10^20, 100 values spaced logarithmically.
[Pipeline] ........... (step 1 of 1) Processing ridgecv, total= 5.1min
Finding best ridge alphas for 46 target PCs using 75264 features and 9000 samples.
Using alphas: 10^1 to 10^20, 100 values spaced logarithmically.
[Pipeline] ........... (step 1 of 1) Processing ridgecv, total= 4.2min

Calculating PID using Tilde...
Selecting the first 47 target PCs and running PID for convnext_base_classification and eca_nfnet_l0_classification 😀
Finding best ridge alphas for 47 target PCs using 100352 features and 9000 samples.
Using alphas: 10^1 to 10^20, 100 values spaced logarithmically.
[Pipeline] ........... (step 1 of 1) Processing ridgecv, total= 5.2min
Finding best ridge alphas for 47 target PCs using 75264 features and 9000 samples.
Using alphas: 10^1 to 10^20, 100 values spaced logarithmically.
[Pipeline] ........... (step 1 of 1) Processing ridgecv, total= 4.3min

Calculating PID using Tilde...
Selecting the first 48 target PCs and running PID for convnext_base_classification and eca_nfnet_l0_classification 😀
Finding best ridge alphas for 48 target PCs using 100352 features and 9000 samples.
Using alphas: 10^1 to 10^20, 100 values spaced logarithmically.
[Pipeline] ........... (step 1 of 1) Processing ridgecv, total= 5.1min
Finding best ridge alphas for 48 target PCs using 75264 features and 9000 samples.
Using alphas: 10^1 to 10^20, 100 values spaced logarithmically.
[Pipeline] ........... (step 1 of 1) Processing ridgecv, total= 4.2min

Calculating PID using Tilde...
Selecting the first 49 target PCs and running PID for convnext_base_classification and eca_nfnet_l0_classification 😀
Finding best ridge alphas for 49 target PCs using 100352 features and 9000 samples.
Using alphas: 10^1 to 10^20, 100 values spaced logarithmically.
[Pipeline] ........... (step 1 of 1) Processing ridgecv, total= 5.2min
Finding best ridge alphas for 49 target PCs using 75264 features and 9000 samples.
Using alphas: 10^1 to 10^20, 100 values spaced logarithmically.
[Pipeline] ........... (step 1 of 1) Processing ridgecv, total= 6.1min

Calculating PID using Tilde...
Selecting the first 50 target PCs and running PID for convnext_base_classification and eca_nfnet_l0_classification 😀
Finding best ridge alphas for 50 target PCs using 100352 features and 9000 samples.
Using alphas: 10^1 to 10^20, 100 values spaced logarithmically.
[Pipeline] ........... (step 1 of 1) Processing ridgecv, total= 9.1min
Finding best ridge alphas for 50 target PCs using 75264 features and 9000 samples.
Using alphas: 10^1 to 10^20, 100 values spaced logarithmically.
[Pipeline] ........... (step 1 of 1) Processing ridgecv, total= 4.3min

Calculating PID using Tilde...
Selecting the first 51 target PCs and running PID for convnext_base_classification and eca_nfnet_l0_classification 😀
Finding best ridge alphas for 51 target PCs using 100352 features and 9000 samples.
Using alphas: 10^1 to 10^20, 100 values spaced logarithmically.
[Pipeline] ........... (step 1 of 1) Processing ridgecv, total= 5.3min
Finding best ridge alphas for 51 target PCs using 75264 features and 9000 samples.
Using alphas: 10^1 to 10^20, 100 values spaced logarithmically.
[Pipeline] ........... (step 1 of 1) Processing ridgecv, total= 4.4min

Calculating PID using Tilde...
Selecting the first 52 target PCs and running PID for convnext_base_classification and eca_nfnet_l0_classification 😀
Finding best ridge alphas for 52 target PCs using 100352 features and 9000 samples.
Using alphas: 10^1 to 10^20, 100 values spaced logarithmically.
[Pipeline] ........... (step 1 of 1) Processing ridgecv, total= 8.0min
Finding best ridge alphas for 52 target PCs using 75264 features and 9000 samples.
Using alphas: 10^1 to 10^20, 100 values spaced logarithmically.
[Pipeline] ........... (step 1 of 1) Processing ridgecv, total= 4.3min

Calculating PID using Tilde...
Selecting the first 53 target PCs and running PID for convnext_base_classification and eca_nfnet_l0_classification 😀
Finding best ridge alphas for 53 target PCs using 100352 features and 9000 samples.
Using alphas: 10^1 to 10^20, 100 values spaced logarithmically.
[Pipeline] ........... (step 1 of 1) Processing ridgecv, total= 5.4min
Finding best ridge alphas for 53 target PCs using 75264 features and 9000 samples.
Using alphas: 10^1 to 10^20, 100 values spaced logarithmically.
[Pipeline] ........... (step 1 of 1) Processing ridgecv, total= 4.4min

Calculating PID using Tilde...
Selecting the first 54 target PCs and running PID for convnext_base_classification and eca_nfnet_l0_classification 😀
Finding best ridge alphas for 54 target PCs using 100352 features and 9000 samples.
Using alphas: 10^1 to 10^20, 100 values spaced logarithmically.
[Pipeline] ........... (step 1 of 1) Processing ridgecv, total= 6.5min
Finding best ridge alphas for 54 target PCs using 75264 features and 9000 samples.
Using alphas: 10^1 to 10^20, 100 values spaced logarithmically.
[Pipeline] ........... (step 1 of 1) Processing ridgecv, total= 4.4min

Calculating PID using Tilde...
Selecting the first 55 target PCs and running PID for convnext_base_classification and eca_nfnet_l0_classification 😀
Finding best ridge alphas for 55 target PCs using 100352 features and 9000 samples.
Using alphas: 10^1 to 10^20, 100 values spaced logarithmically.
[Pipeline] ........... (step 1 of 1) Processing ridgecv, total=11.7min
Finding best ridge alphas for 55 target PCs using 75264 features and 9000 samples.
Using alphas: 10^1 to 10^20, 100 values spaced logarithmically.
[Pipeline] ........... (step 1 of 1) Processing ridgecv, total=10.6min

Calculating PID using Tilde...
Selecting the first 56 target PCs and running PID for convnext_base_classification and eca_nfnet_l0_classification 😀
Finding best ridge alphas for 56 target PCs using 100352 features and 9000 samples.
Using alphas: 10^1 to 10^20, 100 values spaced logarithmically.
[Pipeline] ........... (step 1 of 1) Processing ridgecv, total= 5.3min
Finding best ridge alphas for 56 target PCs using 75264 features and 9000 samples.
Using alphas: 10^1 to 10^20, 100 values spaced logarithmically.
[Pipeline] ........... (step 1 of 1) Processing ridgecv, total= 4.4min

Calculating PID using Tilde...
Selecting the first 57 target PCs and running PID for convnext_base_classification and eca_nfnet_l0_classification 😀
Finding best ridge alphas for 57 target PCs using 100352 features and 9000 samples.
Using alphas: 10^1 to 10^20, 100 values spaced logarithmically.
[Pipeline] ........... (step 1 of 1) Processing ridgecv, total= 5.4min
Finding best ridge alphas for 57 target PCs using 75264 features and 9000 samples.
Using alphas: 10^1 to 10^20, 100 values spaced logarithmically.
[Pipeline] ........... (step 1 of 1) Processing ridgecv, total= 4.4min

Calculating PID using Tilde...
Selecting the first 58 target PCs and running PID for convnext_base_classification and eca_nfnet_l0_classification 😀
Finding best ridge alphas for 58 target PCs using 100352 features and 9000 samples.
Using alphas: 10^1 to 10^20, 100 values spaced logarithmically.
[Pipeline] ........... (step 1 of 1) Processing ridgecv, total= 5.5min
Finding best ridge alphas for 58 target PCs using 75264 features and 9000 samples.
Using alphas: 10^1 to 10^20, 100 values spaced logarithmically.
[Pipeline] ........... (step 1 of 1) Processing ridgecv, total= 4.5min

Calculating PID using Tilde...
Selecting the first 59 target PCs and running PID for convnext_base_classification and eca_nfnet_l0_classification 😀
Finding best ridge alphas for 59 target PCs using 100352 features and 9000 samples.
Using alphas: 10^1 to 10^20, 100 values spaced logarithmically.
[Pipeline] ........... (step 1 of 1) Processing ridgecv, total= 8.1min
Finding best ridge alphas for 59 target PCs using 75264 features and 9000 samples.
Using alphas: 10^1 to 10^20, 100 values spaced logarithmically.
[Pipeline] ........... (step 1 of 1) Processing ridgecv, total= 4.6min

Calculating PID using Tilde...
Selecting the first 60 target PCs and running PID for convnext_base_classification and eca_nfnet_l0_classification 😀
Finding best ridge alphas for 60 target PCs using 100352 features and 9000 samples.
Using alphas: 10^1 to 10^20, 100 values spaced logarithmically.
[Pipeline] ........... (step 1 of 1) Processing ridgecv, total= 5.4min
Finding best ridge alphas for 60 target PCs using 75264 features and 9000 samples.
Using alphas: 10^1 to 10^20, 100 values spaced logarithmically.
[Pipeline] ........... (step 1 of 1) Processing ridgecv, total= 4.4min

Calculating PID using Tilde...
Selecting the first 61 target PCs and running PID for convnext_base_classification and eca_nfnet_l0_classification 😀
Finding best ridge alphas for 61 target PCs using 100352 features and 9000 samples.
Using alphas: 10^1 to 10^20, 100 values spaced logarithmically.
[Pipeline] ........... (step 1 of 1) Processing ridgecv, total= 5.6min
Finding best ridge alphas for 61 target PCs using 75264 features and 9000 samples.
Using alphas: 10^1 to 10^20, 100 values spaced logarithmically.
[Pipeline] ........... (step 1 of 1) Processing ridgecv, total= 4.5min

Calculating PID using Tilde...
Selecting the first 62 target PCs and running PID for convnext_base_classification and eca_nfnet_l0_classification 😀
Finding best ridge alphas for 62 target PCs using 100352 features and 9000 samples.
Using alphas: 10^1 to 10^20, 100 values spaced logarithmically.
[Pipeline] ........... (step 1 of 1) Processing ridgecv, total= 5.5min
Finding best ridge alphas for 62 target PCs using 75264 features and 9000 samples.
Using alphas: 10^1 to 10^20, 100 values spaced logarithmically.
[Pipeline] ........... (step 1 of 1) Processing ridgecv, total= 4.5min

Calculating PID using Tilde...
Selecting the first 63 target PCs and running PID for convnext_base_classification and eca_nfnet_l0_classification 😀
Finding best ridge alphas for 63 target PCs using 100352 features and 9000 samples.
Using alphas: 10^1 to 10^20, 100 values spaced logarithmically.
[Pipeline] ........... (step 1 of 1) Processing ridgecv, total= 5.7min
Finding best ridge alphas for 63 target PCs using 75264 features and 9000 samples.
Using alphas: 10^1 to 10^20, 100 values spaced logarithmically.
[Pipeline] ........... (step 1 of 1) Processing ridgecv, total= 4.6min

Calculating PID using Tilde...
Selecting the first 64 target PCs and running PID for convnext_base_classification and eca_nfnet_l0_classification 😀
Finding best ridge alphas for 64 target PCs using 100352 features and 9000 samples.
Using alphas: 10^1 to 10^20, 100 values spaced logarithmically.
[Pipeline] ........... (step 1 of 1) Processing ridgecv, total= 5.6min
Finding best ridge alphas for 64 target PCs using 75264 features and 9000 samples.
Using alphas: 10^1 to 10^20, 100 values spaced logarithmically.
[Pipeline] ........... (step 1 of 1) Processing ridgecv, total= 7.0min

Calculating PID using Tilde...
Selecting the first 65 target PCs and running PID for convnext_base_classification and eca_nfnet_l0_classification 😀
Finding best ridge alphas for 65 target PCs using 100352 features and 9000 samples.
Using alphas: 10^1 to 10^20, 100 values spaced logarithmically.
[Pipeline] ........... (step 1 of 1) Processing ridgecv, total= 5.9min
Finding best ridge alphas for 65 target PCs using 75264 features and 9000 samples.
Using alphas: 10^1 to 10^20, 100 values spaced logarithmically.
[Pipeline] ........... (step 1 of 1) Processing ridgecv, total= 4.7min

Calculating PID using Tilde...
Selecting the first 66 target PCs and running PID for convnext_base_classification and eca_nfnet_l0_classification 😀
Finding best ridge alphas for 66 target PCs using 100352 features and 9000 samples.
Using alphas: 10^1 to 10^20, 100 values spaced logarithmically.
[Pipeline] ........... (step 1 of 1) Processing ridgecv, total= 5.7min
Finding best ridge alphas for 66 target PCs using 75264 features and 9000 samples.
Using alphas: 10^1 to 10^20, 100 values spaced logarithmically.
[Pipeline] ........... (step 1 of 1) Processing ridgecv, total= 4.7min

Calculating PID using Tilde...
Selecting the first 67 target PCs and running PID for convnext_base_classification and eca_nfnet_l0_classification 😀
Finding best ridge alphas for 67 target PCs using 100352 features and 9000 samples.
Using alphas: 10^1 to 10^20, 100 values spaced logarithmically.
[Pipeline] ........... (step 1 of 1) Processing ridgecv, total= 5.8min
Finding best ridge alphas for 67 target PCs using 75264 features and 9000 samples.
Using alphas: 10^1 to 10^20, 100 values spaced logarithmically.
[Pipeline] ........... (step 1 of 1) Processing ridgecv, total= 4.7min

Calculating PID using Tilde...
Selecting the first 68 target PCs and running PID for convnext_base_classification and eca_nfnet_l0_classification 😀
Finding best ridge alphas for 68 target PCs using 100352 features and 9000 samples.
Using alphas: 10^1 to 10^20, 100 values spaced logarithmically.
[Pipeline] ........... (step 1 of 1) Processing ridgecv, total= 5.7min
Finding best ridge alphas for 68 target PCs using 75264 features and 9000 samples.
Using alphas: 10^1 to 10^20, 100 values spaced logarithmically.
[Pipeline] ........... (step 1 of 1) Processing ridgecv, total= 4.6min

Calculating PID using Tilde...
Selecting the first 69 target PCs and running PID for convnext_base_classification and eca_nfnet_l0_classification 😀
Finding best ridge alphas for 69 target PCs using 100352 features and 9000 samples.
Using alphas: 10^1 to 10^20, 100 values spaced logarithmically.
[Pipeline] ........... (step 1 of 1) Processing ridgecv, total= 5.8min
Finding best ridge alphas for 69 target PCs using 75264 features and 9000 samples.
Using alphas: 10^1 to 10^20, 100 values spaced logarithmically.
[Pipeline] ........... (step 1 of 1) Processing ridgecv, total= 4.8min

Calculating PID using Tilde...
Selecting the first 70 target PCs and running PID for convnext_base_classification and eca_nfnet_l0_classification 😀
Finding best ridge alphas for 70 target PCs using 100352 features and 9000 samples.
Using alphas: 10^1 to 10^20, 100 values spaced logarithmically.
[Pipeline] ........... (step 1 of 1) Processing ridgecv, total= 6.0min
Finding best ridge alphas for 70 target PCs using 75264 features and 9000 samples.
Using alphas: 10^1 to 10^20, 100 values spaced logarithmically.
[Pipeline] ........... (step 1 of 1) Processing ridgecv, total= 7.2min

Calculating PID using Tilde...
Selecting the first 71 target PCs and running PID for convnext_base_classification and eca_nfnet_l0_classification 😀
Finding best ridge alphas for 71 target PCs using 100352 features and 9000 samples.
Using alphas: 10^1 to 10^20, 100 values spaced logarithmically.
[Pipeline] ........... (step 1 of 1) Processing ridgecv, total= 9.2min
Finding best ridge alphas for 71 target PCs using 75264 features and 9000 samples.
Using alphas: 10^1 to 10^20, 100 values spaced logarithmically.
[Pipeline] ........... (step 1 of 1) Processing ridgecv, total= 4.9min

Calculating PID using Tilde...
Selecting the first 72 target PCs and running PID for convnext_base_classification and eca_nfnet_l0_classification 😀
Finding best ridge alphas for 72 target PCs using 100352 features and 9000 samples.
Using alphas: 10^1 to 10^20, 100 values spaced logarithmically.
[Pipeline] ........... (step 1 of 1) Processing ridgecv, total= 5.8min
Finding best ridge alphas for 72 target PCs using 75264 features and 9000 samples.
Using alphas: 10^1 to 10^20, 100 values spaced logarithmically.
[Pipeline] ........... (step 1 of 1) Processing ridgecv, total= 4.8min

Calculating PID using Tilde...
Selecting the first 73 target PCs and running PID for convnext_base_classification and eca_nfnet_l0_classification 😀
Finding best ridge alphas for 73 target PCs using 100352 features and 9000 samples.
Using alphas: 10^1 to 10^20, 100 values spaced logarithmically.
[Pipeline] ........... (step 1 of 1) Processing ridgecv, total=11.8min
Finding best ridge alphas for 73 target PCs using 75264 features and 9000 samples.
Using alphas: 10^1 to 10^20, 100 values spaced logarithmically.
[Pipeline] ........... (step 1 of 1) Processing ridgecv, total= 5.5min

Calculating PID using Tilde...
Selecting the first 74 target PCs and running PID for convnext_base_classification and eca_nfnet_l0_classification 😀
Finding best ridge alphas for 74 target PCs using 100352 features and 9000 samples.
Using alphas: 10^1 to 10^20, 100 values spaced logarithmically.
[Pipeline] ........... (step 1 of 1) Processing ridgecv, total=10.5min
Finding best ridge alphas for 74 target PCs using 75264 features and 9000 samples.
Using alphas: 10^1 to 10^20, 100 values spaced logarithmically.
[Pipeline] ........... (step 1 of 1) Processing ridgecv, total= 4.9min

Calculating PID using Tilde...
Selecting the first 75 target PCs and running PID for convnext_base_classification and eca_nfnet_l0_classification 😀
Finding best ridge alphas for 75 target PCs using 100352 features and 9000 samples.
Using alphas: 10^1 to 10^20, 100 values spaced logarithmically.
[Pipeline] ........... (step 1 of 1) Processing ridgecv, total= 8.4min
Finding best ridge alphas for 75 target PCs using 75264 features and 9000 samples.
Using alphas: 10^1 to 10^20, 100 values spaced logarithmically.
[Pipeline] ........... (step 1 of 1) Processing ridgecv, total= 6.4min

Calculating PID using Tilde...
Selecting the first 76 target PCs and running PID for convnext_base_classification and eca_nfnet_l0_classification 😀
Finding best ridge alphas for 76 target PCs using 100352 features and 9000 samples.
Using alphas: 10^1 to 10^20, 100 values spaced logarithmically.
[Pipeline] ........... (step 1 of 1) Processing ridgecv, total= 6.0min
Finding best ridge alphas for 76 target PCs using 75264 features and 9000 samples.
Using alphas: 10^1 to 10^20, 100 values spaced logarithmically.
[Pipeline] ........... (step 1 of 1) Processing ridgecv, total= 4.9min

Calculating PID using Tilde...
Selecting the first 77 target PCs and running PID for convnext_base_classification and eca_nfnet_l0_classification 😀
Finding best ridge alphas for 77 target PCs using 100352 features and 9000 samples.
Using alphas: 10^1 to 10^20, 100 values spaced logarithmically.
[Pipeline] ........... (step 1 of 1) Processing ridgecv, total= 9.2min
Finding best ridge alphas for 77 target PCs using 75264 features and 9000 samples.
Using alphas: 10^1 to 10^20, 100 values spaced logarithmically.
[Pipeline] ........... (step 1 of 1) Processing ridgecv, total=10.6min

Calculating PID using Tilde...
Selecting the first 78 target PCs and running PID for convnext_base_classification and eca_nfnet_l0_classification 😀
Finding best ridge alphas for 78 target PCs using 100352 features and 9000 samples.
Using alphas: 10^1 to 10^20, 100 values spaced logarithmically.
[Pipeline] ........... (step 1 of 1) Processing ridgecv, total= 6.4min
Finding best ridge alphas for 78 target PCs using 75264 features and 9000 samples.
Using alphas: 10^1 to 10^20, 100 values spaced logarithmically.
[Pipeline] ........... (step 1 of 1) Processing ridgecv, total= 5.5min

Calculating PID using Tilde...
Selecting the first 79 target PCs and running PID for convnext_base_classification and eca_nfnet_l0_classification 😀
Finding best ridge alphas for 79 target PCs using 100352 features and 9000 samples.
Using alphas: 10^1 to 10^20, 100 values spaced logarithmically.
[Pipeline] ........... (step 1 of 1) Processing ridgecv, total= 7.1min
Finding best ridge alphas for 79 target PCs using 75264 features and 9000 samples.
Using alphas: 10^1 to 10^20, 100 values spaced logarithmically.
[Pipeline] ........... (step 1 of 1) Processing ridgecv, total= 5.0min

Calculating PID using Tilde...
Selecting the first 80 target PCs and running PID for convnext_base_classification and eca_nfnet_l0_classification 😀
Finding best ridge alphas for 80 target PCs using 100352 features and 9000 samples.
Using alphas: 10^1 to 10^20, 100 values spaced logarithmically.
[Pipeline] ........... (step 1 of 1) Processing ridgecv, total= 6.0min
Finding best ridge alphas for 80 target PCs using 75264 features and 9000 samples.
Using alphas: 10^1 to 10^20, 100 values spaced logarithmically.
[Pipeline] ........... (step 1 of 1) Processing ridgecv, total= 4.9min

Calculating PID using Tilde...
Selecting the first 81 target PCs and running PID for convnext_base_classification and eca_nfnet_l0_classification 😀
Finding best ridge alphas for 81 target PCs using 100352 features and 9000 samples.
Using alphas: 10^1 to 10^20, 100 values spaced logarithmically.
[Pipeline] ........... (step 1 of 1) Processing ridgecv, total= 7.2min
Finding best ridge alphas for 81 target PCs using 75264 features and 9000 samples.
Using alphas: 10^1 to 10^20, 100 values spaced logarithmically.
[Pipeline] ........... (step 1 of 1) Processing ridgecv, total= 7.8min

Calculating PID using Tilde...
Selecting the first 82 target PCs and running PID for convnext_base_classification and eca_nfnet_l0_classification 😀
Finding best ridge alphas for 82 target PCs using 100352 features and 9000 samples.
Using alphas: 10^1 to 10^20, 100 values spaced logarithmically.
[Pipeline] ........... (step 1 of 1) Processing ridgecv, total= 8.3min
Finding best ridge alphas for 82 target PCs using 75264 features and 9000 samples.
Using alphas: 10^1 to 10^20, 100 values spaced logarithmically.
[Pipeline] ........... (step 1 of 1) Processing ridgecv, total= 5.7min

Calculating PID using Tilde...
Selecting the first 83 target PCs and running PID for convnext_base_classification and eca_nfnet_l0_classification 😀
Finding best ridge alphas for 83 target PCs using 100352 features and 9000 samples.
Using alphas: 10^1 to 10^20, 100 values spaced logarithmically.
[Pipeline] ........... (step 1 of 1) Processing ridgecv, total= 6.6min
Finding best ridge alphas for 83 target PCs using 75264 features and 9000 samples.
Using alphas: 10^1 to 10^20, 100 values spaced logarithmically.
[Pipeline] ........... (step 1 of 1) Processing ridgecv, total= 5.2min

Calculating PID using Tilde...
Selecting the first 84 target PCs and running PID for convnext_base_classification and eca_nfnet_l0_classification 😀
Finding best ridge alphas for 84 target PCs using 100352 features and 9000 samples.
Using alphas: 10^1 to 10^20, 100 values spaced logarithmically.
[Pipeline] ........... (step 1 of 1) Processing ridgecv, total= 6.3min
Finding best ridge alphas for 84 target PCs using 75264 features and 9000 samples.
Using alphas: 10^1 to 10^20, 100 values spaced logarithmically.
[Pipeline] ........... (step 1 of 1) Processing ridgecv, total= 5.2min

Calculating PID using Tilde...
Selecting the first 85 target PCs and running PID for convnext_base_classification and eca_nfnet_l0_classification 😀
Finding best ridge alphas for 85 target PCs using 100352 features and 9000 samples.
Using alphas: 10^1 to 10^20, 100 values spaced logarithmically.
[Pipeline] ........... (step 1 of 1) Processing ridgecv, total= 6.5min
Finding best ridge alphas for 85 target PCs using 75264 features and 9000 samples.
Using alphas: 10^1 to 10^20, 100 values spaced logarithmically.
[Pipeline] ........... (step 1 of 1) Processing ridgecv, total= 5.3min

Calculating PID using Tilde...
Selecting the first 86 target PCs and running PID for convnext_base_classification and eca_nfnet_l0_classification 😀
Finding best ridge alphas for 86 target PCs using 100352 features and 9000 samples.
Using alphas: 10^1 to 10^20, 100 values spaced logarithmically.
[Pipeline] ........... (step 1 of 1) Processing ridgecv, total= 6.4min
Finding best ridge alphas for 86 target PCs using 75264 features and 9000 samples.
Using alphas: 10^1 to 10^20, 100 values spaced logarithmically.
[Pipeline] ........... (step 1 of 1) Processing ridgecv, total= 5.3min

Calculating PID using Tilde...
Selecting the first 87 target PCs and running PID for convnext_base_classification and eca_nfnet_l0_classification 😀
Finding best ridge alphas for 87 target PCs using 100352 features and 9000 samples.
Using alphas: 10^1 to 10^20, 100 values spaced logarithmically.
[Pipeline] ........... (step 1 of 1) Processing ridgecv, total= 6.7min
Finding best ridge alphas for 87 target PCs using 75264 features and 9000 samples.
Using alphas: 10^1 to 10^20, 100 values spaced logarithmically.
[Pipeline] ........... (step 1 of 1) Processing ridgecv, total= 5.5min

Calculating PID using Tilde...
Selecting the first 88 target PCs and running PID for convnext_base_classification and eca_nfnet_l0_classification 😀
Finding best ridge alphas for 88 target PCs using 100352 features and 9000 samples.
Using alphas: 10^1 to 10^20, 100 values spaced logarithmically.
[Pipeline] ........... (step 1 of 1) Processing ridgecv, total= 6.6min
Finding best ridge alphas for 88 target PCs using 75264 features and 9000 samples.
Using alphas: 10^1 to 10^20, 100 values spaced logarithmically.
[Pipeline] ........... (step 1 of 1) Processing ridgecv, total= 5.3min

Calculating PID using Tilde...
Selecting the first 89 target PCs and running PID for convnext_base_classification and eca_nfnet_l0_classification 😀
Finding best ridge alphas for 89 target PCs using 100352 features and 9000 samples.
Using alphas: 10^1 to 10^20, 100 values spaced logarithmically.
[Pipeline] ........... (step 1 of 1) Processing ridgecv, total= 7.0min
Finding best ridge alphas for 89 target PCs using 75264 features and 9000 samples.
Using alphas: 10^1 to 10^20, 100 values spaced logarithmically.
[Pipeline] ........... (step 1 of 1) Processing ridgecv, total= 5.4min

Calculating PID using Tilde...
Selecting the first 90 target PCs and running PID for convnext_base_classification and eca_nfnet_l0_classification 😀
Finding best ridge alphas for 90 target PCs using 100352 features and 9000 samples.
Using alphas: 10^1 to 10^20, 100 values spaced logarithmically.
[Pipeline] ........... (step 1 of 1) Processing ridgecv, total= 6.8min
Finding best ridge alphas for 90 target PCs using 75264 features and 9000 samples.
Using alphas: 10^1 to 10^20, 100 values spaced logarithmically.
[Pipeline] ........... (step 1 of 1) Processing ridgecv, total= 5.6min

Calculating PID using Tilde...
Selecting the first 91 target PCs and running PID for convnext_base_classification and eca_nfnet_l0_classification 😀
Finding best ridge alphas for 91 target PCs using 100352 features and 9000 samples.
Using alphas: 10^1 to 10^20, 100 values spaced logarithmically.
[Pipeline] ........... (step 1 of 1) Processing ridgecv, total= 8.6min
Finding best ridge alphas for 91 target PCs using 75264 features and 9000 samples.
Using alphas: 10^1 to 10^20, 100 values spaced logarithmically.
[Pipeline] ........... (step 1 of 1) Processing ridgecv, total= 5.7min

Calculating PID using Tilde...
Selecting the first 92 target PCs and running PID for convnext_base_classification and eca_nfnet_l0_classification 😀
Finding best ridge alphas for 92 target PCs using 100352 features and 9000 samples.
Using alphas: 10^1 to 10^20, 100 values spaced logarithmically.
[Pipeline] ........... (step 1 of 1) Processing ridgecv, total= 6.8min
Finding best ridge alphas for 92 target PCs using 75264 features and 9000 samples.
Using alphas: 10^1 to 10^20, 100 values spaced logarithmically.
[Pipeline] ........... (step 1 of 1) Processing ridgecv, total= 5.4min

Calculating PID using Tilde...
Selecting the first 93 target PCs and running PID for convnext_base_classification and eca_nfnet_l0_classification 😀
Finding best ridge alphas for 93 target PCs using 100352 features and 9000 samples.
Using alphas: 10^1 to 10^20, 100 values spaced logarithmically.
[Pipeline] ........... (step 1 of 1) Processing ridgecv, total= 6.8min
Finding best ridge alphas for 93 target PCs using 75264 features and 9000 samples.
Using alphas: 10^1 to 10^20, 100 values spaced logarithmically.
[Pipeline] ........... (step 1 of 1) Processing ridgecv, total= 5.4min

Calculating PID using Tilde...
Selecting the first 94 target PCs and running PID for convnext_base_classification and eca_nfnet_l0_classification 😀
Finding best ridge alphas for 94 target PCs using 100352 features and 9000 samples.
Using alphas: 10^1 to 10^20, 100 values spaced logarithmically.
[Pipeline] ........... (step 1 of 1) Processing ridgecv, total= 6.7min
Finding best ridge alphas for 94 target PCs using 75264 features and 9000 samples.
Using alphas: 10^1 to 10^20, 100 values spaced logarithmically.
[Pipeline] ........... (step 1 of 1) Processing ridgecv, total= 5.7min

Calculating PID using Tilde...
Selecting the first 95 target PCs and running PID for convnext_base_classification and eca_nfnet_l0_classification 😀
Finding best ridge alphas for 95 target PCs using 100352 features and 9000 samples.
Using alphas: 10^1 to 10^20, 100 values spaced logarithmically.
[Pipeline] ........... (step 1 of 1) Processing ridgecv, total= 6.9min
Finding best ridge alphas for 95 target PCs using 75264 features and 9000 samples.
Using alphas: 10^1 to 10^20, 100 values spaced logarithmically.
[Pipeline] ........... (step 1 of 1) Processing ridgecv, total= 5.5min

Calculating PID using Tilde...
Selecting the first 96 target PCs and running PID for convnext_base_classification and eca_nfnet_l0_classification 😀
Finding best ridge alphas for 96 target PCs using 100352 features and 9000 samples.
Using alphas: 10^1 to 10^20, 100 values spaced logarithmically.
[Pipeline] ........... (step 1 of 1) Processing ridgecv, total= 6.7min
Finding best ridge alphas for 96 target PCs using 75264 features and 9000 samples.
Using alphas: 10^1 to 10^20, 100 values spaced logarithmically.
[Pipeline] ........... (step 1 of 1) Processing ridgecv, total= 5.4min

Calculating PID using Tilde...
Selecting the first 97 target PCs and running PID for convnext_base_classification and eca_nfnet_l0_classification 😀
Finding best ridge alphas for 97 target PCs using 100352 features and 9000 samples.
Using alphas: 10^1 to 10^20, 100 values spaced logarithmically.
[Pipeline] ........... (step 1 of 1) Processing ridgecv, total= 6.9min
Finding best ridge alphas for 97 target PCs using 75264 features and 9000 samples.
Using alphas: 10^1 to 10^20, 100 values spaced logarithmically.
[Pipeline] ........... (step 1 of 1) Processing ridgecv, total= 5.6min

Calculating PID using Tilde...
Selecting the first 98 target PCs and running PID for convnext_base_classification and eca_nfnet_l0_classification 😀
Finding best ridge alphas for 98 target PCs using 100352 features and 9000 samples.
Using alphas: 10^1 to 10^20, 100 values spaced logarithmically.
[Pipeline] ........... (step 1 of 1) Processing ridgecv, total= 7.0min
Finding best ridge alphas for 98 target PCs using 75264 features and 9000 samples.
Using alphas: 10^1 to 10^20, 100 values spaced logarithmically.
[Pipeline] ........... (step 1 of 1) Processing ridgecv, total= 5.6min

Calculating PID using Tilde...
Selecting the first 99 target PCs and running PID for convnext_base_classification and eca_nfnet_l0_classification 😀
Finding best ridge alphas for 99 target PCs using 100352 features and 9000 samples.
Using alphas: 10^1 to 10^20, 100 values spaced logarithmically.
[Pipeline] ........... (step 1 of 1) Processing ridgecv, total= 7.0min
Finding best ridge alphas for 99 target PCs using 75264 features and 9000 samples.
Using alphas: 10^1 to 10^20, 100 values spaced logarithmically.
[Pipeline] ........... (step 1 of 1) Processing ridgecv, total= 5.7min

Calculating PID using Tilde...
Selecting the first 100 target PCs and running PID for convnext_base_classification and eca_nfnet_l0_classification 😀
Finding best ridge alphas for 100 target PCs using 100352 features and 9000 samples.
Using alphas: 10^1 to 10^20, 100 values spaced logarithmically.
[Pipeline] ........... (step 1 of 1) Processing ridgecv, total= 6.9min
Finding best ridge alphas for 100 target PCs using 75264 features and 9000 samples.
Using alphas: 10^1 to 10^20, 100 values spaced logarithmically.
[Pipeline] ........... (step 1 of 1) Processing ridgecv, total= 5.6min

Calculating PID using Tilde...
Selecting the first 101 target PCs and running PID for convnext_base_classification and eca_nfnet_l0_classification 😀
Finding best ridge alphas for 101 target PCs using 100352 features and 9000 samples.
Using alphas: 10^1 to 10^20, 100 values spaced logarithmically.
[Pipeline] ........... (step 1 of 1) Processing ridgecv, total= 7.0min
Finding best ridge alphas for 101 target PCs using 75264 features and 9000 samples.
Using alphas: 10^1 to 10^20, 100 values spaced logarithmically.
[Pipeline] ........... (step 1 of 1) Processing ridgecv, total= 5.8min

Calculating PID using Tilde...
Selecting the first 102 target PCs and running PID for convnext_base_classification and eca_nfnet_l0_classification 😀
Finding best ridge alphas for 102 target PCs using 100352 features and 9000 samples.
Using alphas: 10^1 to 10^20, 100 values spaced logarithmically.
[Pipeline] ........... (step 1 of 1) Processing ridgecv, total= 7.0min
Finding best ridge alphas for 102 target PCs using 75264 features and 9000 samples.
Using alphas: 10^1 to 10^20, 100 values spaced logarithmically.
[Pipeline] ........... (step 1 of 1) Processing ridgecv, total= 5.6min

Calculating PID using Tilde...
Selecting the first 103 target PCs and running PID for convnext_base_classification and eca_nfnet_l0_classification 😀
Finding best ridge alphas for 103 target PCs using 100352 features and 9000 samples.
Using alphas: 10^1 to 10^20, 100 values spaced logarithmically.
[Pipeline] ........... (step 1 of 1) Processing ridgecv, total= 7.1min
Finding best ridge alphas for 103 target PCs using 75264 features and 9000 samples.
Using alphas: 10^1 to 10^20, 100 values spaced logarithmically.
[Pipeline] ........... (step 1 of 1) Processing ridgecv, total= 5.7min

Calculating PID using Tilde...
Selecting the first 104 target PCs and running PID for convnext_base_classification and eca_nfnet_l0_classification 😀
Finding best ridge alphas for 104 target PCs using 100352 features and 9000 samples.
Using alphas: 10^1 to 10^20, 100 values spaced logarithmically.
[Pipeline] ........... (step 1 of 1) Processing ridgecv, total= 6.9min
Finding best ridge alphas for 104 target PCs using 75264 features and 9000 samples.
Using alphas: 10^1 to 10^20, 100 values spaced logarithmically.
[Pipeline] ........... (step 1 of 1) Processing ridgecv, total= 5.6min

Calculating PID using Tilde...
Selecting the first 105 target PCs and running PID for convnext_base_classification and eca_nfnet_l0_classification 😀
Finding best ridge alphas for 105 target PCs using 100352 features and 9000 samples.
Using alphas: 10^1 to 10^20, 100 values spaced logarithmically.
[Pipeline] ........... (step 1 of 1) Processing ridgecv, total= 7.1min
Finding best ridge alphas for 105 target PCs using 75264 features and 9000 samples.
Using alphas: 10^1 to 10^20, 100 values spaced logarithmically.
[Pipeline] ........... (step 1 of 1) Processing ridgecv, total= 5.7min

Calculating PID using Tilde...
Selecting the first 106 target PCs and running PID for convnext_base_classification and eca_nfnet_l0_classification 😀
Finding best ridge alphas for 106 target PCs using 100352 features and 9000 samples.
Using alphas: 10^1 to 10^20, 100 values spaced logarithmically.
[Pipeline] ........... (step 1 of 1) Processing ridgecv, total= 7.5min
Finding best ridge alphas for 106 target PCs using 75264 features and 9000 samples.
Using alphas: 10^1 to 10^20, 100 values spaced logarithmically.
[Pipeline] ........... (step 1 of 1) Processing ridgecv, total= 5.8min

Calculating PID using Tilde...
Selecting the first 107 target PCs and running PID for convnext_base_classification and eca_nfnet_l0_classification 😀
Finding best ridge alphas for 107 target PCs using 100352 features and 9000 samples.
Using alphas: 10^1 to 10^20, 100 values spaced logarithmically.
[Pipeline] ........... (step 1 of 1) Processing ridgecv, total= 7.1min
Finding best ridge alphas for 107 target PCs using 75264 features and 9000 samples.
Using alphas: 10^1 to 10^20, 100 values spaced logarithmically.
[Pipeline] ........... (step 1 of 1) Processing ridgecv, total= 5.9min

Calculating PID using Tilde...
Selecting the first 108 target PCs and running PID for convnext_base_classification and eca_nfnet_l0_classification 😀
Finding best ridge alphas for 108 target PCs using 100352 features and 9000 samples.
Using alphas: 10^1 to 10^20, 100 values spaced logarithmically.
[Pipeline] ........... (step 1 of 1) Processing ridgecv, total= 7.2min
Finding best ridge alphas for 108 target PCs using 75264 features and 9000 samples.
Using alphas: 10^1 to 10^20, 100 values spaced logarithmically.
[Pipeline] ........... (step 1 of 1) Processing ridgecv, total= 5.7min

Calculating PID using Tilde...
Selecting the first 109 target PCs and running PID for convnext_base_classification and eca_nfnet_l0_classification 😀
Finding best ridge alphas for 109 target PCs using 100352 features and 9000 samples.
Using alphas: 10^1 to 10^20, 100 values spaced logarithmically.
[Pipeline] ........... (step 1 of 1) Processing ridgecv, total= 7.2min
Finding best ridge alphas for 109 target PCs using 75264 features and 9000 samples.
Using alphas: 10^1 to 10^20, 100 values spaced logarithmically.
[Pipeline] ........... (step 1 of 1) Processing ridgecv, total= 5.7min

Calculating PID using Tilde...
Selecting the first 110 target PCs and running PID for convnext_base_classification and eca_nfnet_l0_classification 😀
Finding best ridge alphas for 110 target PCs using 100352 features and 9000 samples.
Using alphas: 10^1 to 10^20, 100 values spaced logarithmically.
[Pipeline] ........... (step 1 of 1) Processing ridgecv, total= 7.5min
Finding best ridge alphas for 110 target PCs using 75264 features and 9000 samples.
Using alphas: 10^1 to 10^20, 100 values spaced logarithmically.
[Pipeline] ........... (step 1 of 1) Processing ridgecv, total= 5.8min

Calculating PID using Tilde...
Selecting the first 111 target PCs and running PID for convnext_base_classification and eca_nfnet_l0_classification 😀
Finding best ridge alphas for 111 target PCs using 100352 features and 9000 samples.
Using alphas: 10^1 to 10^20, 100 values spaced logarithmically.
[Pipeline] ........... (step 1 of 1) Processing ridgecv, total= 7.3min
Finding best ridge alphas for 111 target PCs using 75264 features and 9000 samples.
Using alphas: 10^1 to 10^20, 100 values spaced logarithmically.
[Pipeline] ........... (step 1 of 1) Processing ridgecv, total= 6.1min

Calculating PID using Tilde...
Selecting the first 112 target PCs and running PID for convnext_base_classification and eca_nfnet_l0_classification 😀
Finding best ridge alphas for 112 target PCs using 100352 features and 9000 samples.
Using alphas: 10^1 to 10^20, 100 values spaced logarithmically.
[Pipeline] ........... (step 1 of 1) Processing ridgecv, total= 7.1min
Finding best ridge alphas for 112 target PCs using 75264 features and 9000 samples.
Using alphas: 10^1 to 10^20, 100 values spaced logarithmically.
[Pipeline] ........... (step 1 of 1) Processing ridgecv, total= 6.1min

Calculating PID using Tilde...
Selecting the first 113 target PCs and running PID for convnext_base_classification and eca_nfnet_l0_classification 😀
Finding best ridge alphas for 113 target PCs using 100352 features and 9000 samples.
Using alphas: 10^1 to 10^20, 100 values spaced logarithmically.
[Pipeline] ........... (step 1 of 1) Processing ridgecv, total= 7.7min
Finding best ridge alphas for 113 target PCs using 75264 features and 9000 samples.
Using alphas: 10^1 to 10^20, 100 values spaced logarithmically.
[Pipeline] ........... (step 1 of 1) Processing ridgecv, total= 5.9min

Calculating PID using Tilde...
Selecting the first 114 target PCs and running PID for convnext_base_classification and eca_nfnet_l0_classification 😀
Finding best ridge alphas for 114 target PCs using 100352 features and 9000 samples.
Using alphas: 10^1 to 10^20, 100 values spaced logarithmically.
[Pipeline] ........... (step 1 of 1) Processing ridgecv, total= 7.4min
Finding best ridge alphas for 114 target PCs using 75264 features and 9000 samples.
Using alphas: 10^1 to 10^20, 100 values spaced logarithmically.
[Pipeline] ........... (step 1 of 1) Processing ridgecv, total= 6.0min

Calculating PID using Tilde...
Selecting the first 115 target PCs and running PID for convnext_base_classification and eca_nfnet_l0_classification 😀
Finding best ridge alphas for 115 target PCs using 100352 features and 9000 samples.
Using alphas: 10^1 to 10^20, 100 values spaced logarithmically.
[Pipeline] ........... (step 1 of 1) Processing ridgecv, total= 7.5min
Finding best ridge alphas for 115 target PCs using 75264 features and 9000 samples.
Using alphas: 10^1 to 10^20, 100 values spaced logarithmically.
[Pipeline] ........... (step 1 of 1) Processing ridgecv, total= 6.1min

Calculating PID using Tilde...
Selecting the first 116 target PCs and running PID for convnext_base_classification and eca_nfnet_l0_classification 😀
Finding best ridge alphas for 116 target PCs using 100352 features and 9000 samples.
Using alphas: 10^1 to 10^20, 100 values spaced logarithmically.
[Pipeline] ........... (step 1 of 1) Processing ridgecv, total= 7.7min
Finding best ridge alphas for 116 target PCs using 75264 features and 9000 samples.
Using alphas: 10^1 to 10^20, 100 values spaced logarithmically.
[Pipeline] ........... (step 1 of 1) Processing ridgecv, total= 6.2min

Calculating PID using Tilde...
Selecting the first 117 target PCs and running PID for convnext_base_classification and eca_nfnet_l0_classification 😀
Finding best ridge alphas for 117 target PCs using 100352 features and 9000 samples.
Using alphas: 10^1 to 10^20, 100 values spaced logarithmically.
[Pipeline] ........... (step 1 of 1) Processing ridgecv, total= 7.5min
Finding best ridge alphas for 117 target PCs using 75264 features and 9000 samples.
Using alphas: 10^1 to 10^20, 100 values spaced logarithmically.
[Pipeline] ........... (step 1 of 1) Processing ridgecv, total= 6.1min

Calculating PID using Tilde...
Selecting the first 118 target PCs and running PID for convnext_base_classification and eca_nfnet_l0_classification 😀
Finding best ridge alphas for 118 target PCs using 100352 features and 9000 samples.
Using alphas: 10^1 to 10^20, 100 values spaced logarithmically.
[Pipeline] ........... (step 1 of 1) Processing ridgecv, total= 7.4min
Finding best ridge alphas for 118 target PCs using 75264 features and 9000 samples.
Using alphas: 10^1 to 10^20, 100 values spaced logarithmically.
[Pipeline] ........... (step 1 of 1) Processing ridgecv, total= 6.1min

Calculating PID using Tilde...
Selecting the first 119 target PCs and running PID for convnext_base_classification and eca_nfnet_l0_classification 😀
Finding best ridge alphas for 119 target PCs using 100352 features and 9000 samples.
Using alphas: 10^1 to 10^20, 100 values spaced logarithmically.
[Pipeline] ........... (step 1 of 1) Processing ridgecv, total= 7.6min
Finding best ridge alphas for 119 target PCs using 75264 features and 9000 samples.
Using alphas: 10^1 to 10^20, 100 values spaced logarithmically.
[Pipeline] ........... (step 1 of 1) Processing ridgecv, total= 6.2min

Calculating PID using Tilde...
Selecting the first 120 target PCs and running PID for convnext_base_classification and eca_nfnet_l0_classification 😀
Finding best ridge alphas for 120 target PCs using 100352 features and 9000 samples.
Using alphas: 10^1 to 10^20, 100 values spaced logarithmically.
[Pipeline] ........... (step 1 of 1) Processing ridgecv, total= 7.5min
Finding best ridge alphas for 120 target PCs using 75264 features and 9000 samples.
Using alphas: 10^1 to 10^20, 100 values spaced logarithmically.
[Pipeline] ........... (step 1 of 1) Processing ridgecv, total= 6.0min

Calculating PID using Tilde...
Selecting the first 121 target PCs and running PID for convnext_base_classification and eca_nfnet_l0_classification 😀
Finding best ridge alphas for 121 target PCs using 100352 features and 9000 samples.
Using alphas: 10^1 to 10^20, 100 values spaced logarithmically.
[Pipeline] ........... (step 1 of 1) Processing ridgecv, total= 7.5min
Finding best ridge alphas for 121 target PCs using 75264 features and 9000 samples.
Using alphas: 10^1 to 10^20, 100 values spaced logarithmically.
[Pipeline] ........... (step 1 of 1) Processing ridgecv, total= 6.1min

Calculating PID using Tilde...
Selecting the first 122 target PCs and running PID for convnext_base_classification and eca_nfnet_l0_classification 😀
Finding best ridge alphas for 122 target PCs using 100352 features and 9000 samples.
Using alphas: 10^1 to 10^20, 100 values spaced logarithmically.
[Pipeline] ........... (step 1 of 1) Processing ridgecv, total= 7.5min
Finding best ridge alphas for 122 target PCs using 75264 features and 9000 samples.
Using alphas: 10^1 to 10^20, 100 values spaced logarithmically.
[Pipeline] ........... (step 1 of 1) Processing ridgecv, total= 6.0min

Calculating PID using Tilde...
Selecting the first 123 target PCs and running PID for convnext_base_classification and eca_nfnet_l0_classification 😀
Finding best ridge alphas for 123 target PCs using 100352 features and 9000 samples.
Using alphas: 10^1 to 10^20, 100 values spaced logarithmically.
[Pipeline] ........... (step 1 of 1) Processing ridgecv, total= 7.7min
Finding best ridge alphas for 123 target PCs using 75264 features and 9000 samples.
Using alphas: 10^1 to 10^20, 100 values spaced logarithmically.
[Pipeline] ........... (step 1 of 1) Processing ridgecv, total= 6.2min

Calculating PID using Tilde...
Selecting the first 124 target PCs and running PID for convnext_base_classification and eca_nfnet_l0_classification 😀
Finding best ridge alphas for 124 target PCs using 100352 features and 9000 samples.
Using alphas: 10^1 to 10^20, 100 values spaced logarithmically.
[Pipeline] ........... (step 1 of 1) Processing ridgecv, total= 7.5min
Finding best ridge alphas for 124 target PCs using 75264 features and 9000 samples.
Using alphas: 10^1 to 10^20, 100 values spaced logarithmically.
[Pipeline] ........... (step 1 of 1) Processing ridgecv, total= 6.2min

Calculating PID using Tilde...
Selecting the first 125 target PCs and running PID for convnext_base_classification and eca_nfnet_l0_classification 😀
Finding best ridge alphas for 125 target PCs using 100352 features and 9000 samples.
Using alphas: 10^1 to 10^20, 100 values spaced logarithmically.
[Pipeline] ........... (step 1 of 1) Processing ridgecv, total= 7.9min
Finding best ridge alphas for 125 target PCs using 75264 features and 9000 samples.
Using alphas: 10^1 to 10^20, 100 values spaced logarithmically.
[Pipeline] ........... (step 1 of 1) Processing ridgecv, total= 6.1min

Calculating PID using Tilde...
Selecting the first 126 target PCs and running PID for convnext_base_classification and eca_nfnet_l0_classification 😀
Finding best ridge alphas for 126 target PCs using 100352 features and 9000 samples.
Using alphas: 10^1 to 10^20, 100 values spaced logarithmically.
[Pipeline] ........... (step 1 of 1) Processing ridgecv, total= 7.5min
Finding best ridge alphas for 126 target PCs using 75264 features and 9000 samples.
Using alphas: 10^1 to 10^20, 100 values spaced logarithmically.
[Pipeline] ........... (step 1 of 1) Processing ridgecv, total= 6.2min

Calculating PID using Tilde...
Selecting the first 127 target PCs and running PID for convnext_base_classification and eca_nfnet_l0_classification 😀
Finding best ridge alphas for 127 target PCs using 100352 features and 9000 samples.
Using alphas: 10^1 to 10^20, 100 values spaced logarithmically.
[Pipeline] ........... (step 1 of 1) Processing ridgecv, total= 7.7min
Finding best ridge alphas for 127 target PCs using 75264 features and 9000 samples.
Using alphas: 10^1 to 10^20, 100 values spaced logarithmically.
[Pipeline] ........... (step 1 of 1) Processing ridgecv, total= 6.3min

Calculating PID using Tilde...
Selecting the first 128 target PCs and running PID for convnext_base_classification and eca_nfnet_l0_classification 😀
Finding best ridge alphas for 128 target PCs using 100352 features and 9000 samples.
Using alphas: 10^1 to 10^20, 100 values spaced logarithmically.
[Pipeline] ........... (step 1 of 1) Processing ridgecv, total= 9.4min
Finding best ridge alphas for 128 target PCs using 75264 features and 9000 samples.
Using alphas: 10^1 to 10^20, 100 values spaced logarithmically.
[Pipeline] ........... (step 1 of 1) Processing ridgecv, total=12.9min

Calculating PID using Tilde...
Selecting the first 129 target PCs and running PID for convnext_base_classification and eca_nfnet_l0_classification 😀
Finding best ridge alphas for 129 target PCs using 100352 features and 9000 samples.
Using alphas: 10^1 to 10^20, 100 values spaced logarithmically.
[Pipeline] ........... (step 1 of 1) Processing ridgecv, total= 7.7min
Finding best ridge alphas for 129 target PCs using 75264 features and 9000 samples.
Using alphas: 10^1 to 10^20, 100 values spaced logarithmically.
[Pipeline] ........... (step 1 of 1) Processing ridgecv, total= 6.3min

Calculating PID using Tilde...
Selecting the first 130 target PCs and running PID for convnext_base_classification and eca_nfnet_l0_classification 😀
Finding best ridge alphas for 130 target PCs using 100352 features and 9000 samples.
Using alphas: 10^1 to 10^20, 100 values spaced logarithmically.
[Pipeline] ........... (step 1 of 1) Processing ridgecv, total= 7.9min
Finding best ridge alphas for 130 target PCs using 75264 features and 9000 samples.
Using alphas: 10^1 to 10^20, 100 values spaced logarithmically.
[Pipeline] ........... (step 1 of 1) Processing ridgecv, total= 6.4min

Calculating PID using Tilde...
Selecting the first 131 target PCs and running PID for convnext_base_classification and eca_nfnet_l0_classification 😀
Finding best ridge alphas for 131 target PCs using 100352 features and 9000 samples.
Using alphas: 10^1 to 10^20, 100 values spaced logarithmically.
[Pipeline] ........... (step 1 of 1) Processing ridgecv, total=10.7min
Finding best ridge alphas for 131 target PCs using 75264 features and 9000 samples.
Using alphas: 10^1 to 10^20, 100 values spaced logarithmically.
[Pipeline] ........... (step 1 of 1) Processing ridgecv, total= 6.5min

Calculating PID using Tilde...
Selecting the first 132 target PCs and running PID for convnext_base_classification and eca_nfnet_l0_classification 😀
Finding best ridge alphas for 132 target PCs using 100352 features and 9000 samples.
Using alphas: 10^1 to 10^20, 100 values spaced logarithmically.
[Pipeline] ........... (step 1 of 1) Processing ridgecv, total=10.4min
Finding best ridge alphas for 132 target PCs using 75264 features and 9000 samples.
Using alphas: 10^1 to 10^20, 100 values spaced logarithmically.
[Pipeline] ........... (step 1 of 1) Processing ridgecv, total= 6.9min

Calculating PID using Tilde...
Selecting the first 133 target PCs and running PID for convnext_base_classification and eca_nfnet_l0_classification 😀
Finding best ridge alphas for 133 target PCs using 100352 features and 9000 samples.
Using alphas: 10^1 to 10^20, 100 values spaced logarithmically.
[Pipeline] ........... (step 1 of 1) Processing ridgecv, total= 8.9min
Finding best ridge alphas for 133 target PCs using 75264 features and 9000 samples.
Using alphas: 10^1 to 10^20, 100 values spaced logarithmically.
[Pipeline] ........... (step 1 of 1) Processing ridgecv, total= 6.4min

Calculating PID using Tilde...
Selecting the first 134 target PCs and running PID for convnext_base_classification and eca_nfnet_l0_classification 😀
Finding best ridge alphas for 134 target PCs using 100352 features and 9000 samples.
Using alphas: 10^1 to 10^20, 100 values spaced logarithmically.
[Pipeline] ........... (step 1 of 1) Processing ridgecv, total= 7.8min
Finding best ridge alphas for 134 target PCs using 75264 features and 9000 samples.
Using alphas: 10^1 to 10^20, 100 values spaced logarithmically.
[Pipeline] ........... (step 1 of 1) Processing ridgecv, total= 6.5min

Calculating PID using Tilde...
Selecting the first 135 target PCs and running PID for convnext_base_classification and eca_nfnet_l0_classification 😀
Finding best ridge alphas for 135 target PCs using 100352 features and 9000 samples.
Using alphas: 10^1 to 10^20, 100 values spaced logarithmically.
[Pipeline] ........... (step 1 of 1) Processing ridgecv, total= 8.0min
Finding best ridge alphas for 135 target PCs using 75264 features and 9000 samples.
Using alphas: 10^1 to 10^20, 100 values spaced logarithmically.
[Pipeline] ........... (step 1 of 1) Processing ridgecv, total= 6.7min

Calculating PID using Tilde...
Selecting the first 136 target PCs and running PID for convnext_base_classification and eca_nfnet_l0_classification 😀
Finding best ridge alphas for 136 target PCs using 100352 features and 9000 samples.
Using alphas: 10^1 to 10^20, 100 values spaced logarithmically.
[Pipeline] ........... (step 1 of 1) Processing ridgecv, total=10.9min
Finding best ridge alphas for 136 target PCs using 75264 features and 9000 samples.
Using alphas: 10^1 to 10^20, 100 values spaced logarithmically.
[Pipeline] ........... (step 1 of 1) Processing ridgecv, total= 6.7min

Calculating PID using Tilde...
Selecting the first 137 target PCs and running PID for convnext_base_classification and eca_nfnet_l0_classification 😀
Finding best ridge alphas for 137 target PCs using 100352 features and 9000 samples.
Using alphas: 10^1 to 10^20, 100 values spaced logarithmically.
[Pipeline] ........... (step 1 of 1) Processing ridgecv, total= 8.3min
Finding best ridge alphas for 137 target PCs using 75264 features and 9000 samples.
Using alphas: 10^1 to 10^20, 100 values spaced logarithmically.
[Pipeline] ........... (step 1 of 1) Processing ridgecv, total= 6.4min

Calculating PID using Tilde...
Selecting the first 138 target PCs and running PID for convnext_base_classification and eca_nfnet_l0_classification 😀
Finding best ridge alphas for 138 target PCs using 100352 features and 9000 samples.
Using alphas: 10^1 to 10^20, 100 values spaced logarithmically.
[Pipeline] ........... (step 1 of 1) Processing ridgecv, total= 8.3min
Finding best ridge alphas for 138 target PCs using 75264 features and 9000 samples.
Using alphas: 10^1 to 10^20, 100 values spaced logarithmically.
[Pipeline] ........... (step 1 of 1) Processing ridgecv, total= 7.3min

Calculating PID using Tilde...
Selecting the first 139 target PCs and running PID for convnext_base_classification and eca_nfnet_l0_classification 😀
Finding best ridge alphas for 139 target PCs using 100352 features and 9000 samples.
Using alphas: 10^1 to 10^20, 100 values spaced logarithmically.
[Pipeline] ........... (step 1 of 1) Processing ridgecv, total= 8.9min
Finding best ridge alphas for 139 target PCs using 75264 features and 9000 samples.
Using alphas: 10^1 to 10^20, 100 values spaced logarithmically.
[Pipeline] ........... (step 1 of 1) Processing ridgecv, total= 6.8min

Calculating PID using Tilde...
Selecting the first 140 target PCs and running PID for convnext_base_classification and eca_nfnet_l0_classification 😀
Finding best ridge alphas for 140 target PCs using 100352 features and 9000 samples.
Using alphas: 10^1 to 10^20, 100 values spaced logarithmically.
[Pipeline] ........... (step 1 of 1) Processing ridgecv, total= 8.0min
Finding best ridge alphas for 140 target PCs using 75264 features and 9000 samples.
Using alphas: 10^1 to 10^20, 100 values spaced logarithmically.
[Pipeline] ........... (step 1 of 1) Processing ridgecv, total= 6.4min

Calculating PID using Tilde...
Selecting the first 141 target PCs and running PID for convnext_base_classification and eca_nfnet_l0_classification 😀
Finding best ridge alphas for 141 target PCs using 100352 features and 9000 samples.
Using alphas: 10^1 to 10^20, 100 values spaced logarithmically.
[Pipeline] ........... (step 1 of 1) Processing ridgecv, total= 8.5min
Finding best ridge alphas for 141 target PCs using 75264 features and 9000 samples.
Using alphas: 10^1 to 10^20, 100 values spaced logarithmically.
[Pipeline] ........... (step 1 of 1) Processing ridgecv, total= 6.5min

Calculating PID using Tilde...
Selecting the first 142 target PCs and running PID for convnext_base_classification and eca_nfnet_l0_classification 😀
Finding best ridge alphas for 142 target PCs using 100352 features and 9000 samples.
Using alphas: 10^1 to 10^20, 100 values spaced logarithmically.
[Pipeline] ........... (step 1 of 1) Processing ridgecv, total= 9.1min
Finding best ridge alphas for 142 target PCs using 75264 features and 9000 samples.
Using alphas: 10^1 to 10^20, 100 values spaced logarithmically.
[Pipeline] ........... (step 1 of 1) Processing ridgecv, total= 6.8min

Calculating PID using Tilde...
Selecting the first 143 target PCs and running PID for convnext_base_classification and eca_nfnet_l0_classification 😀
Finding best ridge alphas for 143 target PCs using 100352 features and 9000 samples.
Using alphas: 10^1 to 10^20, 100 values spaced logarithmically.
[Pipeline] ........... (step 1 of 1) Processing ridgecv, total= 8.8min
Finding best ridge alphas for 143 target PCs using 75264 features and 9000 samples.
Using alphas: 10^1 to 10^20, 100 values spaced logarithmically.
[Pipeline] ........... (step 1 of 1) Processing ridgecv, total= 7.0min

Calculating PID using Tilde...
Selecting the first 144 target PCs and running PID for convnext_base_classification and eca_nfnet_l0_classification 😀
Finding best ridge alphas for 144 target PCs using 100352 features and 9000 samples.
Using alphas: 10^1 to 10^20, 100 values spaced logarithmically.
[Pipeline] ........... (step 1 of 1) Processing ridgecv, total= 9.1min
Finding best ridge alphas for 144 target PCs using 75264 features and 9000 samples.
Using alphas: 10^1 to 10^20, 100 values spaced logarithmically.
[Pipeline] ........... (step 1 of 1) Processing ridgecv, total= 6.9min

Calculating PID using Tilde...
Selecting the first 145 target PCs and running PID for convnext_base_classification and eca_nfnet_l0_classification 😀
Finding best ridge alphas for 145 target PCs using 100352 features and 9000 samples.
Using alphas: 10^1 to 10^20, 100 values spaced logarithmically.
[Pipeline] ........... (step 1 of 1) Processing ridgecv, total= 8.4min
Finding best ridge alphas for 145 target PCs using 75264 features and 9000 samples.
Using alphas: 10^1 to 10^20, 100 values spaced logarithmically.
[Pipeline] ........... (step 1 of 1) Processing ridgecv, total= 7.1min

Calculating PID using Tilde...
Selecting the first 146 target PCs and running PID for convnext_base_classification and eca_nfnet_l0_classification 😀
Finding best ridge alphas for 146 target PCs using 100352 features and 9000 samples.
Using alphas: 10^1 to 10^20, 100 values spaced logarithmically.
[Pipeline] ........... (step 1 of 1) Processing ridgecv, total= 8.2min
Finding best ridge alphas for 146 target PCs using 75264 features and 9000 samples.
Using alphas: 10^1 to 10^20, 100 values spaced logarithmically.
[Pipeline] ........... (step 1 of 1) Processing ridgecv, total= 6.9min

Calculating PID using Tilde...
Selecting the first 147 target PCs and running PID for convnext_base_classification and eca_nfnet_l0_classification 😀
Finding best ridge alphas for 147 target PCs using 100352 features and 9000 samples.
Using alphas: 10^1 to 10^20, 100 values spaced logarithmically.
[Pipeline] ........... (step 1 of 1) Processing ridgecv, total=10.0min
Finding best ridge alphas for 147 target PCs using 75264 features and 9000 samples.
Using alphas: 10^1 to 10^20, 100 values spaced logarithmically.
[Pipeline] ........... (step 1 of 1) Processing ridgecv, total= 6.9min

Calculating PID using Tilde...
Selecting the first 148 target PCs and running PID for convnext_base_classification and eca_nfnet_l0_classification 😀
Finding best ridge alphas for 148 target PCs using 100352 features and 9000 samples.
Using alphas: 10^1 to 10^20, 100 values spaced logarithmically.
[Pipeline] ........... (step 1 of 1) Processing ridgecv, total= 8.5min
Finding best ridge alphas for 148 target PCs using 75264 features and 9000 samples.
Using alphas: 10^1 to 10^20, 100 values spaced logarithmically.
[Pipeline] ........... (step 1 of 1) Processing ridgecv, total=10.3min

Calculating PID using Tilde...
Selecting the first 149 target PCs and running PID for convnext_base_classification and eca_nfnet_l0_classification 😀
Finding best ridge alphas for 149 target PCs using 100352 features and 9000 samples.
Using alphas: 10^1 to 10^20, 100 values spaced logarithmically.
[Pipeline] ........... (step 1 of 1) Processing ridgecv, total= 8.9min
Finding best ridge alphas for 149 target PCs using 75264 features and 9000 samples.
Using alphas: 10^1 to 10^20, 100 values spaced logarithmically.
[Pipeline] ........... (step 1 of 1) Processing ridgecv, total= 7.0min

Calculating PID using Tilde...
Selecting the first 150 target PCs and running PID for convnext_base_classification and eca_nfnet_l0_classification 😀
Finding best ridge alphas for 150 target PCs using 100352 features and 9000 samples.
Using alphas: 10^1 to 10^20, 100 values spaced logarithmically.
[Pipeline] ........... (step 1 of 1) Processing ridgecv, total=11.8min
Finding best ridge alphas for 150 target PCs using 75264 features and 9000 samples.
Using alphas: 10^1 to 10^20, 100 values spaced logarithmically.
[Pipeline] ........... (step 1 of 1) Processing ridgecv, total= 6.9min

Calculating PID using Tilde...
Selecting the first 151 target PCs and running PID for convnext_base_classification and eca_nfnet_l0_classification 😀
Finding best ridge alphas for 151 target PCs using 100352 features and 9000 samples.
Using alphas: 10^1 to 10^20, 100 values spaced logarithmically.
[Pipeline] ........... (step 1 of 1) Processing ridgecv, total= 8.6min
Finding best ridge alphas for 151 target PCs using 75264 features and 9000 samples.
Using alphas: 10^1 to 10^20, 100 values spaced logarithmically.
[Pipeline] ........... (step 1 of 1) Processing ridgecv, total= 7.0min

Calculating PID using Tilde...
Selecting the first 152 target PCs and running PID for convnext_base_classification and eca_nfnet_l0_classification 😀
Finding best ridge alphas for 152 target PCs using 100352 features and 9000 samples.
Using alphas: 10^1 to 10^20, 100 values spaced logarithmically.
[Pipeline] ........... (step 1 of 1) Processing ridgecv, total=11.8min
Finding best ridge alphas for 152 target PCs using 75264 features and 9000 samples.
Using alphas: 10^1 to 10^20, 100 values spaced logarithmically.
[Pipeline] ........... (step 1 of 1) Processing ridgecv, total= 6.9min

Calculating PID using Tilde...
Selecting the first 153 target PCs and running PID for convnext_base_classification and eca_nfnet_l0_classification 😀
Finding best ridge alphas for 153 target PCs using 100352 features and 9000 samples.
Using alphas: 10^1 to 10^20, 100 values spaced logarithmically.
[Pipeline] ........... (step 1 of 1) Processing ridgecv, total= 8.5min
Finding best ridge alphas for 153 target PCs using 75264 features and 9000 samples.
Using alphas: 10^1 to 10^20, 100 values spaced logarithmically.
[Pipeline] ........... (step 1 of 1) Processing ridgecv, total= 7.0min

Calculating PID using Tilde...
Selecting the first 154 target PCs and running PID for convnext_base_classification and eca_nfnet_l0_classification 😀
Finding best ridge alphas for 154 target PCs using 100352 features and 9000 samples.
Using alphas: 10^1 to 10^20, 100 values spaced logarithmically.
[Pipeline] ........... (step 1 of 1) Processing ridgecv, total= 8.5min
Finding best ridge alphas for 154 target PCs using 75264 features and 9000 samples.
Using alphas: 10^1 to 10^20, 100 values spaced logarithmically.
[Pipeline] ........... (step 1 of 1) Processing ridgecv, total= 9.3min

Calculating PID using Tilde...
Selecting the first 155 target PCs and running PID for convnext_base_classification and eca_nfnet_l0_classification 😀
Finding best ridge alphas for 155 target PCs using 100352 features and 9000 samples.
Using alphas: 10^1 to 10^20, 100 values spaced logarithmically.
[Pipeline] ........... (step 1 of 1) Processing ridgecv, total= 9.2min
Finding best ridge alphas for 155 target PCs using 75264 features and 9000 samples.
Using alphas: 10^1 to 10^20, 100 values spaced logarithmically.
[Pipeline] ........... (step 1 of 1) Processing ridgecv, total= 6.9min

Calculating PID using Tilde...
Selecting the first 156 target PCs and running PID for convnext_base_classification and eca_nfnet_l0_classification 😀
Finding best ridge alphas for 156 target PCs using 100352 features and 9000 samples.
Using alphas: 10^1 to 10^20, 100 values spaced logarithmically.
[Pipeline] ........... (step 1 of 1) Processing ridgecv, total= 8.9min
Finding best ridge alphas for 156 target PCs using 75264 features and 9000 samples.
Using alphas: 10^1 to 10^20, 100 values spaced logarithmically.
[Pipeline] ........... (step 1 of 1) Processing ridgecv, total= 6.9min

Calculating PID using Tilde...
Selecting the first 157 target PCs and running PID for convnext_base_classification and eca_nfnet_l0_classification 😀
Finding best ridge alphas for 157 target PCs using 100352 features and 9000 samples.
Using alphas: 10^1 to 10^20, 100 values spaced logarithmically.
[Pipeline] ........... (step 1 of 1) Processing ridgecv, total=10.4min
Finding best ridge alphas for 157 target PCs using 75264 features and 9000 samples.
Using alphas: 10^1 to 10^20, 100 values spaced logarithmically.
[Pipeline] ........... (step 1 of 1) Processing ridgecv, total= 7.1min

Calculating PID using Tilde...
Selecting the first 158 target PCs and running PID for convnext_base_classification and eca_nfnet_l0_classification 😀
Finding best ridge alphas for 158 target PCs using 100352 features and 9000 samples.
Using alphas: 10^1 to 10^20, 100 values spaced logarithmically.
[Pipeline] ........... (step 1 of 1) Processing ridgecv, total= 8.8min
Finding best ridge alphas for 158 target PCs using 75264 features and 9000 samples.
Using alphas: 10^1 to 10^20, 100 values spaced logarithmically.
[Pipeline] ........... (step 1 of 1) Processing ridgecv, total= 7.2min

Calculating PID using Tilde...
Selecting the first 159 target PCs and running PID for convnext_base_classification and eca_nfnet_l0_classification 😀
Finding best ridge alphas for 159 target PCs using 100352 features and 9000 samples.
Using alphas: 10^1 to 10^20, 100 values spaced logarithmically.
[Pipeline] ........... (step 1 of 1) Processing ridgecv, total= 9.1min
Finding best ridge alphas for 159 target PCs using 75264 features and 9000 samples.
Using alphas: 10^1 to 10^20, 100 values spaced logarithmically.
[Pipeline] ........... (step 1 of 1) Processing ridgecv, total= 7.3min

Calculating PID using Tilde...
Selecting the first 160 target PCs and running PID for convnext_base_classification and eca_nfnet_l0_classification 😀
Finding best ridge alphas for 160 target PCs using 100352 features and 9000 samples.
Using alphas: 10^1 to 10^20, 100 values spaced logarithmically.
[Pipeline] ........... (step 1 of 1) Processing ridgecv, total= 8.8min
Finding best ridge alphas for 160 target PCs using 75264 features and 9000 samples.
Using alphas: 10^1 to 10^20, 100 values spaced logarithmically.
[Pipeline] ........... (step 1 of 1) Processing ridgecv, total= 8.3min

Calculating PID using Tilde...
Selecting the first 161 target PCs and running PID for convnext_base_classification and eca_nfnet_l0_classification 😀
Finding best ridge alphas for 161 target PCs using 100352 features and 9000 samples.
Using alphas: 10^1 to 10^20, 100 values spaced logarithmically.
[Pipeline] ........... (step 1 of 1) Processing ridgecv, total= 9.7min
Finding best ridge alphas for 161 target PCs using 75264 features and 9000 samples.
Using alphas: 10^1 to 10^20, 100 values spaced logarithmically.
[Pipeline] ........... (step 1 of 1) Processing ridgecv, total= 7.2min

Calculating PID using Tilde...
Selecting the first 162 target PCs and running PID for convnext_base_classification and eca_nfnet_l0_classification 😀
Finding best ridge alphas for 162 target PCs using 100352 features and 9000 samples.
Using alphas: 10^1 to 10^20, 100 values spaced logarithmically.
[Pipeline] ........... (step 1 of 1) Processing ridgecv, total=12.4min
Finding best ridge alphas for 162 target PCs using 75264 features and 9000 samples.
Using alphas: 10^1 to 10^20, 100 values spaced logarithmically.
[Pipeline] ........... (step 1 of 1) Processing ridgecv, total= 7.2min

Calculating PID using Tilde...
Selecting the first 163 target PCs and running PID for convnext_base_classification and eca_nfnet_l0_classification 😀
Finding best ridge alphas for 163 target PCs using 100352 features and 9000 samples.
Using alphas: 10^1 to 10^20, 100 values spaced logarithmically.
[Pipeline] ........... (step 1 of 1) Processing ridgecv, total= 8.9min
Finding best ridge alphas for 163 target PCs using 75264 features and 9000 samples.
Using alphas: 10^1 to 10^20, 100 values spaced logarithmically.
[Pipeline] ........... (step 1 of 1) Processing ridgecv, total= 7.2min

Calculating PID using Tilde...
Selecting the first 164 target PCs and running PID for convnext_base_classification and eca_nfnet_l0_classification 😀
Finding best ridge alphas for 164 target PCs using 100352 features and 9000 samples.
Using alphas: 10^1 to 10^20, 100 values spaced logarithmically.
[Pipeline] ........... (step 1 of 1) Processing ridgecv, total= 8.9min
Finding best ridge alphas for 164 target PCs using 75264 features and 9000 samples.
Using alphas: 10^1 to 10^20, 100 values spaced logarithmically.
[Pipeline] ........... (step 1 of 1) Processing ridgecv, total= 7.0min

Calculating PID using Tilde...
Selecting the first 165 target PCs and running PID for convnext_base_classification and eca_nfnet_l0_classification 😀
Finding best ridge alphas for 165 target PCs using 100352 features and 9000 samples.
Using alphas: 10^1 to 10^20, 100 values spaced logarithmically.
[Pipeline] ........... (step 1 of 1) Processing ridgecv, total=11.1min
Finding best ridge alphas for 165 target PCs using 75264 features and 9000 samples.
Using alphas: 10^1 to 10^20, 100 values spaced logarithmically.
[Pipeline] ........... (step 1 of 1) Processing ridgecv, total= 7.1min

Calculating PID using Tilde...
Selecting the first 166 target PCs and running PID for convnext_base_classification and eca_nfnet_l0_classification 😀
Finding best ridge alphas for 166 target PCs using 100352 features and 9000 samples.
Using alphas: 10^1 to 10^20, 100 values spaced logarithmically.
[Pipeline] ........... (step 1 of 1) Processing ridgecv, total= 9.0min
Finding best ridge alphas for 166 target PCs using 75264 features and 9000 samples.
Using alphas: 10^1 to 10^20, 100 values spaced logarithmically.
[Pipeline] ........... (step 1 of 1) Processing ridgecv, total= 7.1min

Calculating PID using Tilde...
Selecting the first 167 target PCs and running PID for convnext_base_classification and eca_nfnet_l0_classification 😀
Finding best ridge alphas for 167 target PCs using 100352 features and 9000 samples.
Using alphas: 10^1 to 10^20, 100 values spaced logarithmically.
[Pipeline] ........... (step 1 of 1) Processing ridgecv, total=14.8min
Finding best ridge alphas for 167 target PCs using 75264 features and 9000 samples.
Using alphas: 10^1 to 10^20, 100 values spaced logarithmically.
[Pipeline] ........... (step 1 of 1) Processing ridgecv, total= 7.2min

Calculating PID using Tilde...
Selecting the first 168 target PCs and running PID for convnext_base_classification and eca_nfnet_l0_classification 😀
Finding best ridge alphas for 168 target PCs using 100352 features and 9000 samples.
Using alphas: 10^1 to 10^20, 100 values spaced logarithmically.
[Pipeline] ........... (step 1 of 1) Processing ridgecv, total= 9.2min
Finding best ridge alphas for 168 target PCs using 75264 features and 9000 samples.
Using alphas: 10^1 to 10^20, 100 values spaced logarithmically.
[Pipeline] ........... (step 1 of 1) Processing ridgecv, total= 8.4min

Calculating PID using Tilde...
Selecting the first 169 target PCs and running PID for convnext_base_classification and eca_nfnet_l0_classification 😀
Finding best ridge alphas for 169 target PCs using 100352 features and 9000 samples.
Using alphas: 10^1 to 10^20, 100 values spaced logarithmically.
