model_name,layer_index,pc_index,alpha
nf_resnet50_classification,141,1,82864277.28546843
nf_resnet50_classification,141,2,18420699.693267163
nf_resnet50_classification,141,3,18420699.693267163
nf_resnet50_classification,141,4,18420699.693267163
nf_resnet50_classification,141,5,18420699.693267163
nf_resnet50_classification,141,6,39069399.37054613
nf_resnet50_classification,141,7,39069399.37054613
nf_resnet50_classification,141,8,82864277.28546843
nf_resnet50_classification,141,9,39069399.37054613
nf_resnet50_classification,141,10,18420699.693267163
nf_resnet50_classification,141,11,39069399.37054613
nf_resnet50_classification,141,12,18420699.693267163
nf_resnet50_classification,141,13,82864277.28546843
nf_resnet50_classification,141,14,39069399.37054613
nf_resnet50_classification,141,15,39069399.37054613
nf_resnet50_classification,141,16,39069399.37054613
nf_resnet50_classification,141,17,39069399.37054613
nf_resnet50_classification,141,18,82864277.28546843
nf_resnet50_classification,141,19,39069399.37054613
nf_resnet50_classification,141,20,82864277.28546843
nf_resnet50_classification,141,21,82864277.28546843
nf_resnet50_classification,141,22,82864277.28546843
nf_resnet50_classification,141,23,39069399.37054613
nf_resnet50_classification,141,24,82864277.28546843
nf_resnet50_classification,141,25,39069399.37054613
nf_resnet50_classification,141,26,82864277.28546843
nf_resnet50_classification,141,27,39069399.37054613
nf_resnet50_classification,141,28,175751062.48547894
nf_resnet50_classification,141,29,82864277.28546843
nf_resnet50_classification,141,30,82864277.28546843
nf_resnet50_classification,141,31,39069399.37054613
nf_resnet50_classification,141,32,39069399.37054613
nf_resnet50_classification,141,33,82864277.28546843
nf_resnet50_classification,141,34,82864277.28546843
nf_resnet50_classification,141,35,39069399.37054613
nf_resnet50_classification,141,36,82864277.28546843
nf_resnet50_classification,141,37,82864277.28546843
nf_resnet50_classification,141,38,39069399.37054613
nf_resnet50_classification,141,39,82864277.28546843
nf_resnet50_classification,141,40,82864277.28546843
nf_resnet50_classification,141,41,82864277.28546843
nf_resnet50_classification,141,42,82864277.28546843
nf_resnet50_classification,141,43,82864277.28546843
nf_resnet50_classification,141,44,82864277.28546843
nf_resnet50_classification,141,45,39069399.37054613
nf_resnet50_classification,141,46,82864277.28546843
nf_resnet50_classification,141,47,82864277.28546843
nf_resnet50_classification,141,48,18420699.693267163
nf_resnet50_classification,141,49,82864277.28546843
nf_resnet50_classification,141,50,82864277.28546843
nf_resnet50_classification,141,51,39069399.37054613
nf_resnet50_classification,141,52,82864277.28546843
nf_resnet50_classification,141,53,39069399.37054613
nf_resnet50_classification,141,54,82864277.28546843
nf_resnet50_classification,141,55,82864277.28546843
nf_resnet50_classification,141,56,39069399.37054613
nf_resnet50_classification,141,57,82864277.28546843
nf_resnet50_classification,141,58,39069399.37054613
nf_resnet50_classification,141,59,175751062.48547894
nf_resnet50_classification,141,60,82864277.28546843
nf_resnet50_classification,141,61,82864277.28546843
nf_resnet50_classification,141,62,82864277.28546843
nf_resnet50_classification,141,63,82864277.28546843
nf_resnet50_classification,141,64,82864277.28546843
nf_resnet50_classification,141,65,39069399.37054613
nf_resnet50_classification,141,66,82864277.28546843
nf_resnet50_classification,141,67,82864277.28546843
nf_resnet50_classification,141,68,175751062.48547894
nf_resnet50_classification,141,69,82864277.28546843
nf_resnet50_classification,141,70,82864277.28546843
nf_resnet50_classification,141,71,82864277.28546843
nf_resnet50_classification,141,72,82864277.28546843
nf_resnet50_classification,141,73,82864277.28546843
nf_resnet50_classification,141,74,82864277.28546843
nf_resnet50_classification,141,75,175751062.48547894
nf_resnet50_classification,141,76,39069399.37054613
nf_resnet50_classification,141,77,82864277.28546843
nf_resnet50_classification,141,78,82864277.28546843
nf_resnet50_classification,141,79,82864277.28546843
nf_resnet50_classification,141,80,82864277.28546843
nf_resnet50_classification,141,81,82864277.28546843
nf_resnet50_classification,141,82,82864277.28546843
nf_resnet50_classification,141,83,82864277.28546843
nf_resnet50_classification,141,84,82864277.28546843
nf_resnet50_classification,141,85,82864277.28546843
nf_resnet50_classification,141,86,175751062.48547894
nf_resnet50_classification,141,87,82864277.28546843
nf_resnet50_classification,141,88,82864277.28546843
nf_resnet50_classification,141,89,82864277.28546843
nf_resnet50_classification,141,90,82864277.28546843
nf_resnet50_classification,141,91,82864277.28546843
nf_resnet50_classification,141,92,39069399.37054613
nf_resnet50_classification,141,93,175751062.48547894
nf_resnet50_classification,141,94,82864277.28546843
nf_resnet50_classification,141,95,82864277.28546843
nf_resnet50_classification,141,96,82864277.28546843
nf_resnet50_classification,141,97,82864277.28546843
nf_resnet50_classification,141,98,82864277.28546843
nf_resnet50_classification,141,99,372759372.0314938
nf_resnet50_classification,141,100,82864277.28546843
hardcorenas_f_classification,294,1,10000.0
hardcorenas_f_classification,294,2,10000.0
hardcorenas_f_classification,294,3,10000.0
hardcorenas_f_classification,294,4,10000.0
hardcorenas_f_classification,294,5,10000.0
hardcorenas_f_classification,294,6,10000.0
hardcorenas_f_classification,294,7,10000.0
hardcorenas_f_classification,294,8,10000.0
hardcorenas_f_classification,294,9,10000.0
hardcorenas_f_classification,294,10,10000.0
hardcorenas_f_classification,294,11,10000.0
hardcorenas_f_classification,294,12,10000.0
hardcorenas_f_classification,294,13,10000.0
hardcorenas_f_classification,294,14,10000.0
hardcorenas_f_classification,294,15,10000.0
hardcorenas_f_classification,294,16,10000.0
hardcorenas_f_classification,294,17,10000.0
hardcorenas_f_classification,294,18,10000.0
hardcorenas_f_classification,294,19,10000.0
hardcorenas_f_classification,294,20,10000.0
hardcorenas_f_classification,294,21,10000.0
hardcorenas_f_classification,294,22,10000.0
hardcorenas_f_classification,294,23,10000.0
hardcorenas_f_classification,294,24,10000.0
hardcorenas_f_classification,294,25,10000.0
hardcorenas_f_classification,294,26,10000.0
hardcorenas_f_classification,294,27,10000.0
hardcorenas_f_classification,294,28,10000.0
hardcorenas_f_classification,294,29,10000.0
hardcorenas_f_classification,294,30,10000.0
hardcorenas_f_classification,294,31,10000.0
hardcorenas_f_classification,294,32,10000.0
hardcorenas_f_classification,294,33,10000.0
hardcorenas_f_classification,294,34,10000.0
hardcorenas_f_classification,294,35,10000.0
hardcorenas_f_classification,294,36,10000.0
hardcorenas_f_classification,294,37,10000.0
hardcorenas_f_classification,294,38,10000.0
hardcorenas_f_classification,294,39,10000.0
hardcorenas_f_classification,294,40,10000.0
hardcorenas_f_classification,294,41,10000.0
hardcorenas_f_classification,294,42,10000.0
hardcorenas_f_classification,294,43,10000.0
hardcorenas_f_classification,294,44,10000.0
hardcorenas_f_classification,294,45,10000.0
hardcorenas_f_classification,294,46,21209.508879201927
hardcorenas_f_classification,294,47,10000.0
hardcorenas_f_classification,294,48,10000.0
hardcorenas_f_classification,294,49,10000.0
hardcorenas_f_classification,294,50,10000.0
hardcorenas_f_classification,294,51,10000.0
hardcorenas_f_classification,294,52,10000.0
hardcorenas_f_classification,294,53,10000.0
hardcorenas_f_classification,294,54,10000.0
hardcorenas_f_classification,294,55,10000.0
hardcorenas_f_classification,294,56,10000.0
hardcorenas_f_classification,294,57,10000.0
hardcorenas_f_classification,294,58,10000.0
hardcorenas_f_classification,294,59,21209.508879201927
hardcorenas_f_classification,294,60,10000.0
hardcorenas_f_classification,294,61,10000.0
hardcorenas_f_classification,294,62,10000.0
hardcorenas_f_classification,294,63,10000.0
hardcorenas_f_classification,294,64,10000.0
hardcorenas_f_classification,294,65,10000.0
hardcorenas_f_classification,294,66,10000.0
hardcorenas_f_classification,294,67,10000.0
hardcorenas_f_classification,294,68,21209.508879201927
hardcorenas_f_classification,294,69,10000.0
hardcorenas_f_classification,294,70,10000.0
hardcorenas_f_classification,294,71,10000.0
hardcorenas_f_classification,294,72,10000.0
hardcorenas_f_classification,294,73,10000.0
hardcorenas_f_classification,294,74,10000.0
hardcorenas_f_classification,294,75,10000.0
hardcorenas_f_classification,294,76,10000.0
hardcorenas_f_classification,294,77,10000.0
hardcorenas_f_classification,294,78,10000.0
hardcorenas_f_classification,294,79,10000.0
hardcorenas_f_classification,294,80,10000.0
hardcorenas_f_classification,294,81,10000.0
hardcorenas_f_classification,294,82,10000.0
hardcorenas_f_classification,294,83,10000.0
hardcorenas_f_classification,294,84,10000.0
hardcorenas_f_classification,294,85,10000.0
hardcorenas_f_classification,294,86,10000.0
hardcorenas_f_classification,294,87,10000.0
hardcorenas_f_classification,294,88,10000.0
hardcorenas_f_classification,294,89,10000.0
hardcorenas_f_classification,294,90,10000.0
hardcorenas_f_classification,294,91,10000.0
hardcorenas_f_classification,294,92,10000.0
hardcorenas_f_classification,294,93,21209.508879201927
hardcorenas_f_classification,294,94,10000.0
hardcorenas_f_classification,294,95,10000.0
hardcorenas_f_classification,294,96,10000.0
hardcorenas_f_classification,294,97,10000.0
hardcorenas_f_classification,294,98,10000.0
hardcorenas_f_classification,294,99,21209.508879201927
hardcorenas_f_classification,294,100,10000.0
eca_nfnet_l0_classification,134,1,202358.96477251555
eca_nfnet_l0_classification,134,2,95409.54763499944
eca_nfnet_l0_classification,134,3,95409.54763499944
eca_nfnet_l0_classification,134,4,95409.54763499944
eca_nfnet_l0_classification,134,5,95409.54763499944
eca_nfnet_l0_classification,134,6,95409.54763499944
eca_nfnet_l0_classification,134,7,202358.96477251555
eca_nfnet_l0_classification,134,8,429193.42601287784
eca_nfnet_l0_classification,134,9,95409.54763499944
eca_nfnet_l0_classification,134,10,95409.54763499944
eca_nfnet_l0_classification,134,11,95409.54763499944
eca_nfnet_l0_classification,134,12,95409.54763499944
eca_nfnet_l0_classification,134,13,202358.96477251555
eca_nfnet_l0_classification,134,14,202358.96477251555
eca_nfnet_l0_classification,134,15,95409.54763499944
eca_nfnet_l0_classification,134,16,202358.96477251555
eca_nfnet_l0_classification,134,17,202358.96477251555
eca_nfnet_l0_classification,134,18,429193.42601287784
eca_nfnet_l0_classification,134,19,202358.96477251555
eca_nfnet_l0_classification,134,20,202358.96477251555
eca_nfnet_l0_classification,134,21,202358.96477251555
eca_nfnet_l0_classification,134,22,202358.96477251555
eca_nfnet_l0_classification,134,23,202358.96477251555
eca_nfnet_l0_classification,134,24,202358.96477251555
eca_nfnet_l0_classification,134,25,202358.96477251555
eca_nfnet_l0_classification,134,26,429193.42601287784
eca_nfnet_l0_classification,134,27,202358.96477251555
eca_nfnet_l0_classification,134,28,429193.42601287784
eca_nfnet_l0_classification,134,29,202358.96477251555
eca_nfnet_l0_classification,134,30,202358.96477251555
eca_nfnet_l0_classification,134,31,202358.96477251555
eca_nfnet_l0_classification,134,32,202358.96477251555
eca_nfnet_l0_classification,134,33,202358.96477251555
eca_nfnet_l0_classification,134,34,429193.42601287784
eca_nfnet_l0_classification,134,35,202358.96477251555
eca_nfnet_l0_classification,134,36,202358.96477251555
eca_nfnet_l0_classification,134,37,202358.96477251555
eca_nfnet_l0_classification,134,38,202358.96477251555
eca_nfnet_l0_classification,134,39,202358.96477251555
eca_nfnet_l0_classification,134,40,202358.96477251555
eca_nfnet_l0_classification,134,41,429193.42601287784
eca_nfnet_l0_classification,134,42,202358.96477251555
eca_nfnet_l0_classification,134,43,202358.96477251555
eca_nfnet_l0_classification,134,44,429193.42601287784
eca_nfnet_l0_classification,134,45,202358.96477251555
eca_nfnet_l0_classification,134,46,429193.42601287784
eca_nfnet_l0_classification,134,47,202358.96477251555
eca_nfnet_l0_classification,134,48,95409.54763499944
eca_nfnet_l0_classification,134,49,202358.96477251555
eca_nfnet_l0_classification,134,50,202358.96477251555
eca_nfnet_l0_classification,134,51,202358.96477251555
eca_nfnet_l0_classification,134,52,429193.42601287784
eca_nfnet_l0_classification,134,53,202358.96477251555
eca_nfnet_l0_classification,134,54,202358.96477251555
eca_nfnet_l0_classification,134,55,202358.96477251555
eca_nfnet_l0_classification,134,56,202358.96477251555
eca_nfnet_l0_classification,134,57,202358.96477251555
eca_nfnet_l0_classification,134,58,202358.96477251555
eca_nfnet_l0_classification,134,59,429193.42601287784
eca_nfnet_l0_classification,134,60,429193.42601287784
eca_nfnet_l0_classification,134,61,202358.96477251555
eca_nfnet_l0_classification,134,62,202358.96477251555
eca_nfnet_l0_classification,134,63,202358.96477251555
eca_nfnet_l0_classification,134,64,202358.96477251555
eca_nfnet_l0_classification,134,65,202358.96477251555
eca_nfnet_l0_classification,134,66,202358.96477251555
eca_nfnet_l0_classification,134,67,429193.42601287784
eca_nfnet_l0_classification,134,68,429193.42601287784
eca_nfnet_l0_classification,134,69,202358.96477251555
eca_nfnet_l0_classification,134,70,202358.96477251555
eca_nfnet_l0_classification,134,71,202358.96477251555
eca_nfnet_l0_classification,134,72,202358.96477251555
eca_nfnet_l0_classification,134,73,429193.42601287784
eca_nfnet_l0_classification,134,74,202358.96477251555
eca_nfnet_l0_classification,134,75,429193.42601287784
eca_nfnet_l0_classification,134,76,202358.96477251555
eca_nfnet_l0_classification,134,77,202358.96477251555
eca_nfnet_l0_classification,134,78,429193.42601287784
eca_nfnet_l0_classification,134,79,202358.96477251555
eca_nfnet_l0_classification,134,80,202358.96477251555
eca_nfnet_l0_classification,134,81,429193.42601287784
eca_nfnet_l0_classification,134,82,202358.96477251555
eca_nfnet_l0_classification,134,83,202358.96477251555
eca_nfnet_l0_classification,134,84,429193.42601287784
eca_nfnet_l0_classification,134,85,202358.96477251555
eca_nfnet_l0_classification,134,86,429193.42601287784
eca_nfnet_l0_classification,134,87,202358.96477251555
eca_nfnet_l0_classification,134,88,202358.96477251555
eca_nfnet_l0_classification,134,89,202358.96477251555
eca_nfnet_l0_classification,134,90,202358.96477251555
eca_nfnet_l0_classification,134,91,202358.96477251555
eca_nfnet_l0_classification,134,92,202358.96477251555
eca_nfnet_l0_classification,134,93,429193.42601287784
eca_nfnet_l0_classification,134,94,202358.96477251555
eca_nfnet_l0_classification,134,95,202358.96477251555
eca_nfnet_l0_classification,134,96,429193.42601287784
eca_nfnet_l0_classification,134,97,429193.42601287784
eca_nfnet_l0_classification,134,98,429193.42601287784
eca_nfnet_l0_classification,134,99,429193.42601287784
eca_nfnet_l0_classification,134,100,429193.42601287784
resnet50_classification,156,1,10000.0
resnet50_classification,156,2,10000.0
resnet50_classification,156,3,10000.0
resnet50_classification,156,4,10000.0
resnet50_classification,156,5,10000.0
resnet50_classification,156,6,10000.0
resnet50_classification,156,7,10000.0
resnet50_classification,156,8,21209.508879201927
resnet50_classification,156,9,10000.0
resnet50_classification,156,10,10000.0
resnet50_classification,156,11,10000.0
resnet50_classification,156,12,10000.0
resnet50_classification,156,13,21209.508879201927
resnet50_classification,156,14,10000.0
resnet50_classification,156,15,10000.0
resnet50_classification,156,16,10000.0
resnet50_classification,156,17,10000.0
resnet50_classification,156,18,21209.508879201927
resnet50_classification,156,19,10000.0
resnet50_classification,156,20,10000.0
resnet50_classification,156,21,10000.0
resnet50_classification,156,22,10000.0
resnet50_classification,156,23,10000.0
resnet50_classification,156,24,10000.0
resnet50_classification,156,25,10000.0
resnet50_classification,156,26,21209.508879201927
resnet50_classification,156,27,10000.0
resnet50_classification,156,28,21209.508879201927
resnet50_classification,156,29,10000.0
resnet50_classification,156,30,10000.0
resnet50_classification,156,31,10000.0
resnet50_classification,156,32,10000.0
resnet50_classification,156,33,10000.0
resnet50_classification,156,34,10000.0
resnet50_classification,156,35,10000.0
resnet50_classification,156,36,21209.508879201927
resnet50_classification,156,37,21209.508879201927
resnet50_classification,156,38,10000.0
resnet50_classification,156,39,10000.0
resnet50_classification,156,40,10000.0
resnet50_classification,156,41,21209.508879201927
resnet50_classification,156,42,10000.0
resnet50_classification,156,43,10000.0
resnet50_classification,156,44,21209.508879201927
resnet50_classification,156,45,10000.0
resnet50_classification,156,46,21209.508879201927
resnet50_classification,156,47,10000.0
resnet50_classification,156,48,10000.0
resnet50_classification,156,49,10000.0
resnet50_classification,156,50,10000.0
resnet50_classification,156,51,10000.0
resnet50_classification,156,52,21209.508879201927
resnet50_classification,156,53,10000.0
resnet50_classification,156,54,10000.0
resnet50_classification,156,55,21209.508879201927
resnet50_classification,156,56,10000.0
resnet50_classification,156,57,10000.0
resnet50_classification,156,58,10000.0
resnet50_classification,156,59,21209.508879201927
resnet50_classification,156,60,10000.0
resnet50_classification,156,61,10000.0
resnet50_classification,156,62,10000.0
resnet50_classification,156,63,10000.0
resnet50_classification,156,64,10000.0
resnet50_classification,156,65,10000.0
resnet50_classification,156,66,10000.0
resnet50_classification,156,67,21209.508879201927
resnet50_classification,156,68,21209.508879201927
resnet50_classification,156,69,10000.0
resnet50_classification,156,70,21209.508879201927
resnet50_classification,156,71,10000.0
resnet50_classification,156,72,10000.0
resnet50_classification,156,73,10000.0
resnet50_classification,156,74,21209.508879201927
resnet50_classification,156,75,21209.508879201927
resnet50_classification,156,76,10000.0
resnet50_classification,156,77,10000.0
resnet50_classification,156,78,21209.508879201927
resnet50_classification,156,79,10000.0
resnet50_classification,156,80,21209.508879201927
resnet50_classification,156,81,21209.508879201927
resnet50_classification,156,82,21209.508879201927
resnet50_classification,156,83,21209.508879201927
resnet50_classification,156,84,10000.0
resnet50_classification,156,85,10000.0
resnet50_classification,156,86,21209.508879201927
resnet50_classification,156,87,21209.508879201927
resnet50_classification,156,88,10000.0
resnet50_classification,156,89,21209.508879201927
resnet50_classification,156,90,10000.0
resnet50_classification,156,91,21209.508879201927
resnet50_classification,156,92,10000.0
resnet50_classification,156,93,21209.508879201927
resnet50_classification,156,94,21209.508879201927
resnet50_classification,156,95,21209.508879201927
resnet50_classification,156,96,21209.508879201927
resnet50_classification,156,97,10000.0
resnet50_classification,156,98,21209.508879201927
resnet50_classification,156,99,21209.508879201927
resnet50_classification,156,100,21209.508879201927
semnasnet_100_classification,270,1,44984.32668969444
semnasnet_100_classification,270,2,10000.0
semnasnet_100_classification,270,3,10000.0
semnasnet_100_classification,270,4,10000.0
semnasnet_100_classification,270,5,21209.508879201927
semnasnet_100_classification,270,6,21209.508879201927
semnasnet_100_classification,270,7,21209.508879201927
semnasnet_100_classification,270,8,44984.32668969444
semnasnet_100_classification,270,9,21209.508879201927
semnasnet_100_classification,270,10,21209.508879201927
semnasnet_100_classification,270,11,44984.32668969444
semnasnet_100_classification,270,12,10000.0
semnasnet_100_classification,270,13,44984.32668969444
semnasnet_100_classification,270,14,21209.508879201927
semnasnet_100_classification,270,15,21209.508879201927
semnasnet_100_classification,270,16,44984.32668969444
semnasnet_100_classification,270,17,44984.32668969444
semnasnet_100_classification,270,18,95409.54763499944
semnasnet_100_classification,270,19,21209.508879201927
semnasnet_100_classification,270,20,44984.32668969444
semnasnet_100_classification,270,21,21209.508879201927
semnasnet_100_classification,270,22,44984.32668969444
semnasnet_100_classification,270,23,44984.32668969444
semnasnet_100_classification,270,24,44984.32668969444
semnasnet_100_classification,270,25,44984.32668969444
semnasnet_100_classification,270,26,44984.32668969444
semnasnet_100_classification,270,27,44984.32668969444
semnasnet_100_classification,270,28,95409.54763499944
semnasnet_100_classification,270,29,44984.32668969444
semnasnet_100_classification,270,30,44984.32668969444
semnasnet_100_classification,270,31,21209.508879201927
semnasnet_100_classification,270,32,44984.32668969444
semnasnet_100_classification,270,33,44984.32668969444
semnasnet_100_classification,270,34,44984.32668969444
semnasnet_100_classification,270,35,44984.32668969444
semnasnet_100_classification,270,36,44984.32668969444
semnasnet_100_classification,270,37,44984.32668969444
semnasnet_100_classification,270,38,44984.32668969444
semnasnet_100_classification,270,39,44984.32668969444
semnasnet_100_classification,270,40,44984.32668969444
semnasnet_100_classification,270,41,44984.32668969444
semnasnet_100_classification,270,42,44984.32668969444
semnasnet_100_classification,270,43,44984.32668969444
semnasnet_100_classification,270,44,44984.32668969444
semnasnet_100_classification,270,45,21209.508879201927
semnasnet_100_classification,270,46,95409.54763499944
semnasnet_100_classification,270,47,44984.32668969444
semnasnet_100_classification,270,48,21209.508879201927
semnasnet_100_classification,270,49,44984.32668969444
semnasnet_100_classification,270,50,44984.32668969444
semnasnet_100_classification,270,51,44984.32668969444
semnasnet_100_classification,270,52,44984.32668969444
semnasnet_100_classification,270,53,21209.508879201927
semnasnet_100_classification,270,54,44984.32668969444
semnasnet_100_classification,270,55,44984.32668969444
semnasnet_100_classification,270,56,44984.32668969444
semnasnet_100_classification,270,57,44984.32668969444
semnasnet_100_classification,270,58,21209.508879201927
semnasnet_100_classification,270,59,95409.54763499944
semnasnet_100_classification,270,60,44984.32668969444
semnasnet_100_classification,270,61,44984.32668969444
semnasnet_100_classification,270,62,44984.32668969444
semnasnet_100_classification,270,63,44984.32668969444
semnasnet_100_classification,270,64,44984.32668969444
semnasnet_100_classification,270,65,21209.508879201927
semnasnet_100_classification,270,66,44984.32668969444
semnasnet_100_classification,270,67,95409.54763499944
semnasnet_100_classification,270,68,95409.54763499944
semnasnet_100_classification,270,69,44984.32668969444
semnasnet_100_classification,270,70,44984.32668969444
semnasnet_100_classification,270,71,44984.32668969444
semnasnet_100_classification,270,72,44984.32668969444
semnasnet_100_classification,270,73,44984.32668969444
semnasnet_100_classification,270,74,44984.32668969444
semnasnet_100_classification,270,75,95409.54763499944
semnasnet_100_classification,270,76,44984.32668969444
semnasnet_100_classification,270,77,44984.32668969444
semnasnet_100_classification,270,78,44984.32668969444
semnasnet_100_classification,270,79,44984.32668969444
semnasnet_100_classification,270,80,44984.32668969444
semnasnet_100_classification,270,81,95409.54763499944
semnasnet_100_classification,270,82,44984.32668969444
semnasnet_100_classification,270,83,44984.32668969444
semnasnet_100_classification,270,84,44984.32668969444
semnasnet_100_classification,270,85,44984.32668969444
semnasnet_100_classification,270,86,95409.54763499944
semnasnet_100_classification,270,87,44984.32668969444
semnasnet_100_classification,270,88,44984.32668969444
semnasnet_100_classification,270,89,44984.32668969444
semnasnet_100_classification,270,90,44984.32668969444
semnasnet_100_classification,270,91,95409.54763499944
semnasnet_100_classification,270,92,21209.508879201927
semnasnet_100_classification,270,93,95409.54763499944
semnasnet_100_classification,270,94,44984.32668969444
semnasnet_100_classification,270,95,44984.32668969444
semnasnet_100_classification,270,96,95409.54763499944
semnasnet_100_classification,270,97,44984.32668969444
semnasnet_100_classification,270,98,95409.54763499944
semnasnet_100_classification,270,99,95409.54763499944
semnasnet_100_classification,270,100,44984.32668969444
cspresnet50_classification,320,1,910298.1779915227
cspresnet50_classification,320,2,429193.42601287784
cspresnet50_classification,320,3,202358.96477251555
cspresnet50_classification,320,4,202358.96477251555
cspresnet50_classification,320,5,429193.42601287784
cspresnet50_classification,320,6,429193.42601287784
cspresnet50_classification,320,7,429193.42601287784
cspresnet50_classification,320,8,1930697.7288832497
cspresnet50_classification,320,9,429193.42601287784
cspresnet50_classification,320,10,429193.42601287784
cspresnet50_classification,320,11,910298.1779915227
cspresnet50_classification,320,12,202358.96477251555
cspresnet50_classification,320,13,910298.1779915227
cspresnet50_classification,320,14,429193.42601287784
cspresnet50_classification,320,15,429193.42601287784
cspresnet50_classification,320,16,910298.1779915227
cspresnet50_classification,320,17,910298.1779915227
cspresnet50_classification,320,18,910298.1779915227
cspresnet50_classification,320,19,429193.42601287784
cspresnet50_classification,320,20,910298.1779915227
cspresnet50_classification,320,21,910298.1779915227
cspresnet50_classification,320,22,910298.1779915227
cspresnet50_classification,320,23,910298.1779915227
cspresnet50_classification,320,24,1930697.7288832497
cspresnet50_classification,320,25,429193.42601287784
cspresnet50_classification,320,26,910298.1779915227
cspresnet50_classification,320,27,910298.1779915227
cspresnet50_classification,320,28,1930697.7288832497
cspresnet50_classification,320,29,910298.1779915227
cspresnet50_classification,320,30,910298.1779915227
cspresnet50_classification,320,31,910298.1779915227
cspresnet50_classification,320,32,910298.1779915227
cspresnet50_classification,320,33,910298.1779915227
cspresnet50_classification,320,34,910298.1779915227
cspresnet50_classification,320,35,910298.1779915227
cspresnet50_classification,320,36,910298.1779915227
cspresnet50_classification,320,37,1930697.7288832497
cspresnet50_classification,320,38,910298.1779915227
cspresnet50_classification,320,39,910298.1779915227
cspresnet50_classification,320,40,910298.1779915227
cspresnet50_classification,320,41,910298.1779915227
cspresnet50_classification,320,42,910298.1779915227
cspresnet50_classification,320,43,910298.1779915227
cspresnet50_classification,320,44,1930697.7288832497
cspresnet50_classification,320,45,910298.1779915227
cspresnet50_classification,320,46,1930697.7288832497
cspresnet50_classification,320,47,910298.1779915227
cspresnet50_classification,320,48,429193.42601287784
cspresnet50_classification,320,49,910298.1779915227
cspresnet50_classification,320,50,910298.1779915227
cspresnet50_classification,320,51,429193.42601287784
cspresnet50_classification,320,52,910298.1779915227
cspresnet50_classification,320,53,910298.1779915227
cspresnet50_classification,320,54,910298.1779915227
cspresnet50_classification,320,55,910298.1779915227
cspresnet50_classification,320,56,910298.1779915227
cspresnet50_classification,320,57,910298.1779915227
cspresnet50_classification,320,58,910298.1779915227
cspresnet50_classification,320,59,1930697.7288832497
cspresnet50_classification,320,60,910298.1779915227
cspresnet50_classification,320,61,910298.1779915227
cspresnet50_classification,320,62,910298.1779915227
cspresnet50_classification,320,63,910298.1779915227
cspresnet50_classification,320,64,910298.1779915227
cspresnet50_classification,320,65,429193.42601287784
cspresnet50_classification,320,66,910298.1779915227
cspresnet50_classification,320,67,910298.1779915227
cspresnet50_classification,320,68,1930697.7288832497
cspresnet50_classification,320,69,910298.1779915227
cspresnet50_classification,320,70,910298.1779915227
cspresnet50_classification,320,71,910298.1779915227
cspresnet50_classification,320,72,1930697.7288832497
cspresnet50_classification,320,73,910298.1779915227
cspresnet50_classification,320,74,910298.1779915227
cspresnet50_classification,320,75,1930697.7288832497
cspresnet50_classification,320,76,910298.1779915227
cspresnet50_classification,320,77,910298.1779915227
cspresnet50_classification,320,78,910298.1779915227
cspresnet50_classification,320,79,910298.1779915227
cspresnet50_classification,320,80,910298.1779915227
cspresnet50_classification,320,81,1930697.7288832497
cspresnet50_classification,320,82,910298.1779915227
cspresnet50_classification,320,83,910298.1779915227
cspresnet50_classification,320,84,910298.1779915227
cspresnet50_classification,320,85,910298.1779915227
cspresnet50_classification,320,86,1930697.7288832497
cspresnet50_classification,320,87,1930697.7288832497
cspresnet50_classification,320,88,910298.1779915227
cspresnet50_classification,320,89,910298.1779915227
cspresnet50_classification,320,90,910298.1779915227
cspresnet50_classification,320,91,910298.1779915227
cspresnet50_classification,320,92,910298.1779915227
cspresnet50_classification,320,93,1930697.7288832497
cspresnet50_classification,320,94,910298.1779915227
cspresnet50_classification,320,95,910298.1779915227
cspresnet50_classification,320,96,910298.1779915227
cspresnet50_classification,320,97,1930697.7288832497
cspresnet50_classification,320,98,1930697.7288832497
cspresnet50_classification,320,99,1930697.7288832497
cspresnet50_classification,320,100,910298.1779915227
mobilenetv3_large_100_classification,252,1,429193.42601287784
mobilenetv3_large_100_classification,252,2,202358.96477251555
mobilenetv3_large_100_classification,252,3,202358.96477251555
mobilenetv3_large_100_classification,252,4,202358.96477251555
mobilenetv3_large_100_classification,252,5,202358.96477251555
mobilenetv3_large_100_classification,252,6,429193.42601287784
mobilenetv3_large_100_classification,252,7,429193.42601287784
mobilenetv3_large_100_classification,252,8,910298.1779915227
mobilenetv3_large_100_classification,252,9,202358.96477251555
mobilenetv3_large_100_classification,252,10,202358.96477251555
mobilenetv3_large_100_classification,252,11,429193.42601287784
mobilenetv3_large_100_classification,252,12,202358.96477251555
mobilenetv3_large_100_classification,252,13,910298.1779915227
mobilenetv3_large_100_classification,252,14,429193.42601287784
mobilenetv3_large_100_classification,252,15,202358.96477251555
mobilenetv3_large_100_classification,252,16,429193.42601287784
mobilenetv3_large_100_classification,252,17,429193.42601287784
mobilenetv3_large_100_classification,252,18,910298.1779915227
mobilenetv3_large_100_classification,252,19,429193.42601287784
mobilenetv3_large_100_classification,252,20,429193.42601287784
mobilenetv3_large_100_classification,252,21,429193.42601287784
mobilenetv3_large_100_classification,252,22,429193.42601287784
mobilenetv3_large_100_classification,252,23,429193.42601287784
mobilenetv3_large_100_classification,252,24,910298.1779915227
mobilenetv3_large_100_classification,252,25,429193.42601287784
mobilenetv3_large_100_classification,252,26,910298.1779915227
mobilenetv3_large_100_classification,252,27,429193.42601287784
mobilenetv3_large_100_classification,252,28,910298.1779915227
mobilenetv3_large_100_classification,252,29,910298.1779915227
mobilenetv3_large_100_classification,252,30,429193.42601287784
mobilenetv3_large_100_classification,252,31,429193.42601287784
mobilenetv3_large_100_classification,252,32,429193.42601287784
mobilenetv3_large_100_classification,252,33,429193.42601287784
mobilenetv3_large_100_classification,252,34,910298.1779915227
mobilenetv3_large_100_classification,252,35,429193.42601287784
mobilenetv3_large_100_classification,252,36,910298.1779915227
mobilenetv3_large_100_classification,252,37,910298.1779915227
mobilenetv3_large_100_classification,252,38,429193.42601287784
mobilenetv3_large_100_classification,252,39,429193.42601287784
mobilenetv3_large_100_classification,252,40,429193.42601287784
mobilenetv3_large_100_classification,252,41,910298.1779915227
mobilenetv3_large_100_classification,252,42,429193.42601287784
mobilenetv3_large_100_classification,252,43,429193.42601287784
mobilenetv3_large_100_classification,252,44,910298.1779915227
mobilenetv3_large_100_classification,252,45,429193.42601287784
mobilenetv3_large_100_classification,252,46,910298.1779915227
mobilenetv3_large_100_classification,252,47,429193.42601287784
mobilenetv3_large_100_classification,252,48,202358.96477251555
mobilenetv3_large_100_classification,252,49,429193.42601287784
mobilenetv3_large_100_classification,252,50,429193.42601287784
mobilenetv3_large_100_classification,252,51,429193.42601287784
mobilenetv3_large_100_classification,252,52,910298.1779915227
mobilenetv3_large_100_classification,252,53,429193.42601287784
mobilenetv3_large_100_classification,252,54,910298.1779915227
mobilenetv3_large_100_classification,252,55,429193.42601287784
mobilenetv3_large_100_classification,252,56,429193.42601287784
mobilenetv3_large_100_classification,252,57,429193.42601287784
mobilenetv3_large_100_classification,252,58,429193.42601287784
mobilenetv3_large_100_classification,252,59,910298.1779915227
mobilenetv3_large_100_classification,252,60,429193.42601287784
mobilenetv3_large_100_classification,252,61,910298.1779915227
mobilenetv3_large_100_classification,252,62,429193.42601287784
mobilenetv3_large_100_classification,252,63,429193.42601287784
mobilenetv3_large_100_classification,252,64,429193.42601287784
mobilenetv3_large_100_classification,252,65,202358.96477251555
mobilenetv3_large_100_classification,252,66,429193.42601287784
mobilenetv3_large_100_classification,252,67,910298.1779915227
mobilenetv3_large_100_classification,252,68,910298.1779915227
mobilenetv3_large_100_classification,252,69,429193.42601287784
mobilenetv3_large_100_classification,252,70,910298.1779915227
mobilenetv3_large_100_classification,252,71,429193.42601287784
mobilenetv3_large_100_classification,252,72,910298.1779915227
mobilenetv3_large_100_classification,252,73,910298.1779915227
mobilenetv3_large_100_classification,252,74,429193.42601287784
mobilenetv3_large_100_classification,252,75,910298.1779915227
mobilenetv3_large_100_classification,252,76,429193.42601287784
mobilenetv3_large_100_classification,252,77,429193.42601287784
mobilenetv3_large_100_classification,252,78,429193.42601287784
mobilenetv3_large_100_classification,252,79,429193.42601287784
mobilenetv3_large_100_classification,252,80,429193.42601287784
mobilenetv3_large_100_classification,252,81,910298.1779915227
mobilenetv3_large_100_classification,252,82,910298.1779915227
mobilenetv3_large_100_classification,252,83,910298.1779915227
mobilenetv3_large_100_classification,252,84,910298.1779915227
mobilenetv3_large_100_classification,252,85,429193.42601287784
mobilenetv3_large_100_classification,252,86,910298.1779915227
mobilenetv3_large_100_classification,252,87,910298.1779915227
mobilenetv3_large_100_classification,252,88,429193.42601287784
mobilenetv3_large_100_classification,252,89,429193.42601287784
mobilenetv3_large_100_classification,252,90,910298.1779915227
mobilenetv3_large_100_classification,252,91,429193.42601287784
mobilenetv3_large_100_classification,252,92,429193.42601287784
mobilenetv3_large_100_classification,252,93,910298.1779915227
mobilenetv3_large_100_classification,252,94,910298.1779915227
mobilenetv3_large_100_classification,252,95,910298.1779915227
mobilenetv3_large_100_classification,252,96,429193.42601287784
mobilenetv3_large_100_classification,252,97,429193.42601287784
mobilenetv3_large_100_classification,252,98,910298.1779915227
mobilenetv3_large_100_classification,252,99,1930697.7288832497
mobilenetv3_large_100_classification,252,100,910298.1779915227
ghostnet_100_classification,290,1,910298.1779915227
ghostnet_100_classification,290,2,202358.96477251555
ghostnet_100_classification,290,3,202358.96477251555
ghostnet_100_classification,290,4,202358.96477251555
ghostnet_100_classification,290,5,429193.42601287784
ghostnet_100_classification,290,6,429193.42601287784
ghostnet_100_classification,290,7,429193.42601287784
ghostnet_100_classification,290,8,910298.1779915227
ghostnet_100_classification,290,9,429193.42601287784
ghostnet_100_classification,290,10,429193.42601287784
ghostnet_100_classification,290,11,910298.1779915227
ghostnet_100_classification,290,12,429193.42601287784
ghostnet_100_classification,290,13,910298.1779915227
ghostnet_100_classification,290,14,910298.1779915227
ghostnet_100_classification,290,15,429193.42601287784
ghostnet_100_classification,290,16,910298.1779915227
ghostnet_100_classification,290,17,910298.1779915227
ghostnet_100_classification,290,18,1930697.7288832497
ghostnet_100_classification,290,19,910298.1779915227
ghostnet_100_classification,290,20,910298.1779915227
ghostnet_100_classification,290,21,910298.1779915227
ghostnet_100_classification,290,22,910298.1779915227
ghostnet_100_classification,290,23,910298.1779915227
ghostnet_100_classification,290,24,1930697.7288832497
ghostnet_100_classification,290,25,910298.1779915227
ghostnet_100_classification,290,26,910298.1779915227
ghostnet_100_classification,290,27,910298.1779915227
ghostnet_100_classification,290,28,1930697.7288832497
ghostnet_100_classification,290,29,910298.1779915227
ghostnet_100_classification,290,30,910298.1779915227
ghostnet_100_classification,290,31,429193.42601287784
ghostnet_100_classification,290,32,910298.1779915227
ghostnet_100_classification,290,33,910298.1779915227
ghostnet_100_classification,290,34,1930697.7288832497
ghostnet_100_classification,290,35,910298.1779915227
ghostnet_100_classification,290,36,910298.1779915227
ghostnet_100_classification,290,37,1930697.7288832497
ghostnet_100_classification,290,38,910298.1779915227
ghostnet_100_classification,290,39,910298.1779915227
ghostnet_100_classification,290,40,910298.1779915227
ghostnet_100_classification,290,41,910298.1779915227
ghostnet_100_classification,290,42,910298.1779915227
ghostnet_100_classification,290,43,910298.1779915227
ghostnet_100_classification,290,44,1930697.7288832497
ghostnet_100_classification,290,45,910298.1779915227
ghostnet_100_classification,290,46,1930697.7288832497
ghostnet_100_classification,290,47,910298.1779915227
ghostnet_100_classification,290,48,429193.42601287784
ghostnet_100_classification,290,49,910298.1779915227
ghostnet_100_classification,290,50,910298.1779915227
ghostnet_100_classification,290,51,910298.1779915227
ghostnet_100_classification,290,52,910298.1779915227
ghostnet_100_classification,290,53,429193.42601287784
ghostnet_100_classification,290,54,910298.1779915227
ghostnet_100_classification,290,55,910298.1779915227
ghostnet_100_classification,290,56,910298.1779915227
ghostnet_100_classification,290,57,910298.1779915227
ghostnet_100_classification,290,58,910298.1779915227
ghostnet_100_classification,290,59,1930697.7288832497
ghostnet_100_classification,290,60,910298.1779915227
ghostnet_100_classification,290,61,910298.1779915227
ghostnet_100_classification,290,62,910298.1779915227
ghostnet_100_classification,290,63,910298.1779915227
ghostnet_100_classification,290,64,910298.1779915227
ghostnet_100_classification,290,65,429193.42601287784
ghostnet_100_classification,290,66,910298.1779915227
ghostnet_100_classification,290,67,1930697.7288832497
ghostnet_100_classification,290,68,1930697.7288832497
ghostnet_100_classification,290,69,910298.1779915227
ghostnet_100_classification,290,70,910298.1779915227
ghostnet_100_classification,290,71,910298.1779915227
ghostnet_100_classification,290,72,910298.1779915227
ghostnet_100_classification,290,73,910298.1779915227
ghostnet_100_classification,290,74,910298.1779915227
ghostnet_100_classification,290,75,910298.1779915227
ghostnet_100_classification,290,76,910298.1779915227
ghostnet_100_classification,290,77,910298.1779915227
ghostnet_100_classification,290,78,1930697.7288832497
ghostnet_100_classification,290,79,910298.1779915227
ghostnet_100_classification,290,80,910298.1779915227
ghostnet_100_classification,290,81,910298.1779915227
ghostnet_100_classification,290,82,910298.1779915227
ghostnet_100_classification,290,83,910298.1779915227
ghostnet_100_classification,290,84,910298.1779915227
ghostnet_100_classification,290,85,910298.1779915227
ghostnet_100_classification,290,86,1930697.7288832497
ghostnet_100_classification,290,87,910298.1779915227
ghostnet_100_classification,290,88,910298.1779915227
ghostnet_100_classification,290,89,910298.1779915227
ghostnet_100_classification,290,90,910298.1779915227
ghostnet_100_classification,290,91,910298.1779915227
ghostnet_100_classification,290,92,910298.1779915227
ghostnet_100_classification,290,93,1930697.7288832497
ghostnet_100_classification,290,94,910298.1779915227
ghostnet_100_classification,290,95,910298.1779915227
ghostnet_100_classification,290,96,910298.1779915227
ghostnet_100_classification,290,97,910298.1779915227
ghostnet_100_classification,290,98,910298.1779915227
ghostnet_100_classification,290,99,4094915.062380419
ghostnet_100_classification,290,100,910298.1779915227
convnext_base_classification,273,1,8685113.73751352
convnext_base_classification,273,2,4094915.062380419
convnext_base_classification,273,3,1930697.7288832497
convnext_base_classification,273,4,1930697.7288832497
convnext_base_classification,273,5,4094915.062380419
convnext_base_classification,273,6,4094915.062380419
convnext_base_classification,273,7,4094915.062380419
convnext_base_classification,273,8,8685113.73751352
convnext_base_classification,273,9,4094915.062380419
convnext_base_classification,273,10,4094915.062380419
convnext_base_classification,273,11,4094915.062380419
convnext_base_classification,273,12,1930697.7288832497
convnext_base_classification,273,13,8685113.73751352
convnext_base_classification,273,14,4094915.062380419
convnext_base_classification,273,15,4094915.062380419
convnext_base_classification,273,16,4094915.062380419
convnext_base_classification,273,17,4094915.062380419
convnext_base_classification,273,18,8685113.73751352
convnext_base_classification,273,19,4094915.062380419
convnext_base_classification,273,20,8685113.73751352
convnext_base_classification,273,21,4094915.062380419
convnext_base_classification,273,22,8685113.73751352
convnext_base_classification,273,23,4094915.062380419
convnext_base_classification,273,24,8685113.73751352
convnext_base_classification,273,25,4094915.062380419
convnext_base_classification,273,26,8685113.73751352
convnext_base_classification,273,27,4094915.062380419
convnext_base_classification,273,28,8685113.73751352
convnext_base_classification,273,29,8685113.73751352
convnext_base_classification,273,30,8685113.73751352
convnext_base_classification,273,31,4094915.062380419
convnext_base_classification,273,32,4094915.062380419
convnext_base_classification,273,33,8685113.73751352
convnext_base_classification,273,34,8685113.73751352
convnext_base_classification,273,35,4094915.062380419
convnext_base_classification,273,36,8685113.73751352
convnext_base_classification,273,37,8685113.73751352
convnext_base_classification,273,38,4094915.062380419
convnext_base_classification,273,39,4094915.062380419
convnext_base_classification,273,40,8685113.73751352
convnext_base_classification,273,41,8685113.73751352
convnext_base_classification,273,42,4094915.062380419
convnext_base_classification,273,43,8685113.73751352
convnext_base_classification,273,44,8685113.73751352
convnext_base_classification,273,45,4094915.062380419
convnext_base_classification,273,46,8685113.73751352
convnext_base_classification,273,47,8685113.73751352
convnext_base_classification,273,48,1930697.7288832497
convnext_base_classification,273,49,8685113.73751352
convnext_base_classification,273,50,8685113.73751352
convnext_base_classification,273,51,4094915.062380419
convnext_base_classification,273,52,8685113.73751352
convnext_base_classification,273,53,4094915.062380419
convnext_base_classification,273,54,8685113.73751352
convnext_base_classification,273,55,8685113.73751352
convnext_base_classification,273,56,4094915.062380419
convnext_base_classification,273,57,4094915.062380419
convnext_base_classification,273,58,4094915.062380419
convnext_base_classification,273,59,8685113.73751352
convnext_base_classification,273,60,8685113.73751352
convnext_base_classification,273,61,8685113.73751352
convnext_base_classification,273,62,4094915.062380419
convnext_base_classification,273,63,8685113.73751352
convnext_base_classification,273,64,8685113.73751352
convnext_base_classification,273,65,4094915.062380419
convnext_base_classification,273,66,4094915.062380419
convnext_base_classification,273,67,8685113.73751352
convnext_base_classification,273,68,18420699.693267163
convnext_base_classification,273,69,8685113.73751352
convnext_base_classification,273,70,8685113.73751352
convnext_base_classification,273,71,4094915.062380419
convnext_base_classification,273,72,8685113.73751352
convnext_base_classification,273,73,8685113.73751352
convnext_base_classification,273,74,8685113.73751352
convnext_base_classification,273,75,8685113.73751352
convnext_base_classification,273,76,4094915.062380419
convnext_base_classification,273,77,4094915.062380419
convnext_base_classification,273,78,8685113.73751352
convnext_base_classification,273,79,8685113.73751352
convnext_base_classification,273,80,8685113.73751352
convnext_base_classification,273,81,8685113.73751352
convnext_base_classification,273,82,8685113.73751352
convnext_base_classification,273,83,8685113.73751352
convnext_base_classification,273,84,8685113.73751352
convnext_base_classification,273,85,8685113.73751352
convnext_base_classification,273,86,8685113.73751352
convnext_base_classification,273,87,8685113.73751352
convnext_base_classification,273,88,8685113.73751352
convnext_base_classification,273,89,8685113.73751352
convnext_base_classification,273,90,8685113.73751352
convnext_base_classification,273,91,8685113.73751352
convnext_base_classification,273,92,4094915.062380419
convnext_base_classification,273,93,8685113.73751352
convnext_base_classification,273,94,8685113.73751352
convnext_base_classification,273,95,8685113.73751352
convnext_base_classification,273,96,8685113.73751352
convnext_base_classification,273,97,8685113.73751352
convnext_base_classification,273,98,8685113.73751352
convnext_base_classification,273,99,18420699.693267163
convnext_base_classification,273,100,8685113.73751352
xcit_nano_12_p8_224_classification,266,1,429193.42601287784
xcit_nano_12_p8_224_classification,266,2,202358.96477251555
xcit_nano_12_p8_224_classification,266,3,202358.96477251555
xcit_nano_12_p8_224_classification,266,4,202358.96477251555
xcit_nano_12_p8_224_classification,266,5,202358.96477251555
xcit_nano_12_p8_224_classification,266,6,429193.42601287784
xcit_nano_12_p8_224_classification,266,7,429193.42601287784
xcit_nano_12_p8_224_classification,266,8,910298.1779915227
xcit_nano_12_p8_224_classification,266,9,429193.42601287784
xcit_nano_12_p8_224_classification,266,10,429193.42601287784
xcit_nano_12_p8_224_classification,266,11,429193.42601287784
xcit_nano_12_p8_224_classification,266,12,202358.96477251555
xcit_nano_12_p8_224_classification,266,13,910298.1779915227
xcit_nano_12_p8_224_classification,266,14,429193.42601287784
xcit_nano_12_p8_224_classification,266,15,429193.42601287784
xcit_nano_12_p8_224_classification,266,16,429193.42601287784
xcit_nano_12_p8_224_classification,266,17,429193.42601287784
xcit_nano_12_p8_224_classification,266,18,910298.1779915227
xcit_nano_12_p8_224_classification,266,19,429193.42601287784
xcit_nano_12_p8_224_classification,266,20,429193.42601287784
xcit_nano_12_p8_224_classification,266,21,429193.42601287784
xcit_nano_12_p8_224_classification,266,22,429193.42601287784
xcit_nano_12_p8_224_classification,266,23,429193.42601287784
xcit_nano_12_p8_224_classification,266,24,429193.42601287784
xcit_nano_12_p8_224_classification,266,25,429193.42601287784
xcit_nano_12_p8_224_classification,266,26,910298.1779915227
xcit_nano_12_p8_224_classification,266,27,429193.42601287784
xcit_nano_12_p8_224_classification,266,28,910298.1779915227
xcit_nano_12_p8_224_classification,266,29,910298.1779915227
xcit_nano_12_p8_224_classification,266,30,429193.42601287784
xcit_nano_12_p8_224_classification,266,31,429193.42601287784
xcit_nano_12_p8_224_classification,266,32,429193.42601287784
xcit_nano_12_p8_224_classification,266,33,429193.42601287784
xcit_nano_12_p8_224_classification,266,34,910298.1779915227
xcit_nano_12_p8_224_classification,266,35,429193.42601287784
xcit_nano_12_p8_224_classification,266,36,910298.1779915227
xcit_nano_12_p8_224_classification,266,37,910298.1779915227
xcit_nano_12_p8_224_classification,266,38,429193.42601287784
xcit_nano_12_p8_224_classification,266,39,910298.1779915227
xcit_nano_12_p8_224_classification,266,40,429193.42601287784
xcit_nano_12_p8_224_classification,266,41,910298.1779915227
xcit_nano_12_p8_224_classification,266,42,429193.42601287784
xcit_nano_12_p8_224_classification,266,43,910298.1779915227
xcit_nano_12_p8_224_classification,266,44,910298.1779915227
xcit_nano_12_p8_224_classification,266,45,429193.42601287784
xcit_nano_12_p8_224_classification,266,46,910298.1779915227
xcit_nano_12_p8_224_classification,266,47,910298.1779915227
xcit_nano_12_p8_224_classification,266,48,202358.96477251555
xcit_nano_12_p8_224_classification,266,49,429193.42601287784
xcit_nano_12_p8_224_classification,266,50,429193.42601287784
xcit_nano_12_p8_224_classification,266,51,429193.42601287784
xcit_nano_12_p8_224_classification,266,52,910298.1779915227
xcit_nano_12_p8_224_classification,266,53,429193.42601287784
xcit_nano_12_p8_224_classification,266,54,910298.1779915227
xcit_nano_12_p8_224_classification,266,55,910298.1779915227
xcit_nano_12_p8_224_classification,266,56,429193.42601287784
xcit_nano_12_p8_224_classification,266,57,429193.42601287784
xcit_nano_12_p8_224_classification,266,58,429193.42601287784
xcit_nano_12_p8_224_classification,266,59,910298.1779915227
xcit_nano_12_p8_224_classification,266,60,910298.1779915227
xcit_nano_12_p8_224_classification,266,61,429193.42601287784
xcit_nano_12_p8_224_classification,266,62,429193.42601287784
xcit_nano_12_p8_224_classification,266,63,429193.42601287784
xcit_nano_12_p8_224_classification,266,64,429193.42601287784
xcit_nano_12_p8_224_classification,266,65,429193.42601287784
xcit_nano_12_p8_224_classification,266,66,429193.42601287784
xcit_nano_12_p8_224_classification,266,67,910298.1779915227
xcit_nano_12_p8_224_classification,266,68,1930697.7288832497
xcit_nano_12_p8_224_classification,266,69,910298.1779915227
xcit_nano_12_p8_224_classification,266,70,910298.1779915227
xcit_nano_12_p8_224_classification,266,71,429193.42601287784
xcit_nano_12_p8_224_classification,266,72,910298.1779915227
xcit_nano_12_p8_224_classification,266,73,910298.1779915227
xcit_nano_12_p8_224_classification,266,74,910298.1779915227
xcit_nano_12_p8_224_classification,266,75,910298.1779915227
xcit_nano_12_p8_224_classification,266,76,429193.42601287784
xcit_nano_12_p8_224_classification,266,77,429193.42601287784
xcit_nano_12_p8_224_classification,266,78,910298.1779915227
xcit_nano_12_p8_224_classification,266,79,429193.42601287784
xcit_nano_12_p8_224_classification,266,80,429193.42601287784
xcit_nano_12_p8_224_classification,266,81,910298.1779915227
xcit_nano_12_p8_224_classification,266,82,910298.1779915227
xcit_nano_12_p8_224_classification,266,83,429193.42601287784
xcit_nano_12_p8_224_classification,266,84,910298.1779915227
xcit_nano_12_p8_224_classification,266,85,910298.1779915227
xcit_nano_12_p8_224_classification,266,86,910298.1779915227
xcit_nano_12_p8_224_classification,266,87,910298.1779915227
xcit_nano_12_p8_224_classification,266,88,910298.1779915227
xcit_nano_12_p8_224_classification,266,89,910298.1779915227
xcit_nano_12_p8_224_classification,266,90,910298.1779915227
xcit_nano_12_p8_224_classification,266,91,910298.1779915227
xcit_nano_12_p8_224_classification,266,92,910298.1779915227
xcit_nano_12_p8_224_classification,266,93,910298.1779915227
xcit_nano_12_p8_224_classification,266,94,910298.1779915227
xcit_nano_12_p8_224_classification,266,95,910298.1779915227
xcit_nano_12_p8_224_classification,266,96,910298.1779915227
xcit_nano_12_p8_224_classification,266,97,910298.1779915227
xcit_nano_12_p8_224_classification,266,98,910298.1779915227
xcit_nano_12_p8_224_classification,266,99,910298.1779915227
xcit_nano_12_p8_224_classification,266,100,910298.1779915227
xcit_nano_12_p16_224_classification,242,1,10000.0
xcit_nano_12_p16_224_classification,242,2,10000.0
xcit_nano_12_p16_224_classification,242,3,10000.0
xcit_nano_12_p16_224_classification,242,4,10000.0
xcit_nano_12_p16_224_classification,242,5,10000.0
xcit_nano_12_p16_224_classification,242,6,10000.0
xcit_nano_12_p16_224_classification,242,7,10000.0
xcit_nano_12_p16_224_classification,242,8,10000.0
xcit_nano_12_p16_224_classification,242,9,10000.0
xcit_nano_12_p16_224_classification,242,10,10000.0
xcit_nano_12_p16_224_classification,242,11,10000.0
xcit_nano_12_p16_224_classification,242,12,10000.0
xcit_nano_12_p16_224_classification,242,13,10000.0
xcit_nano_12_p16_224_classification,242,14,10000.0
xcit_nano_12_p16_224_classification,242,15,10000.0
xcit_nano_12_p16_224_classification,242,16,10000.0
xcit_nano_12_p16_224_classification,242,17,10000.0
xcit_nano_12_p16_224_classification,242,18,10000.0
xcit_nano_12_p16_224_classification,242,19,10000.0
xcit_nano_12_p16_224_classification,242,20,10000.0
xcit_nano_12_p16_224_classification,242,21,10000.0
xcit_nano_12_p16_224_classification,242,22,10000.0
xcit_nano_12_p16_224_classification,242,23,10000.0
xcit_nano_12_p16_224_classification,242,24,10000.0
xcit_nano_12_p16_224_classification,242,25,10000.0
xcit_nano_12_p16_224_classification,242,26,10000.0
xcit_nano_12_p16_224_classification,242,27,10000.0
xcit_nano_12_p16_224_classification,242,28,10000.0
xcit_nano_12_p16_224_classification,242,29,10000.0
xcit_nano_12_p16_224_classification,242,30,10000.0
xcit_nano_12_p16_224_classification,242,31,10000.0
xcit_nano_12_p16_224_classification,242,32,10000.0
xcit_nano_12_p16_224_classification,242,33,10000.0
xcit_nano_12_p16_224_classification,242,34,10000.0
xcit_nano_12_p16_224_classification,242,35,10000.0
xcit_nano_12_p16_224_classification,242,36,10000.0
xcit_nano_12_p16_224_classification,242,37,10000.0
xcit_nano_12_p16_224_classification,242,38,10000.0
xcit_nano_12_p16_224_classification,242,39,10000.0
xcit_nano_12_p16_224_classification,242,40,10000.0
xcit_nano_12_p16_224_classification,242,41,10000.0
xcit_nano_12_p16_224_classification,242,42,10000.0
xcit_nano_12_p16_224_classification,242,43,10000.0
xcit_nano_12_p16_224_classification,242,44,10000.0
xcit_nano_12_p16_224_classification,242,45,10000.0
xcit_nano_12_p16_224_classification,242,46,10000.0
xcit_nano_12_p16_224_classification,242,47,10000.0
xcit_nano_12_p16_224_classification,242,48,10000.0
xcit_nano_12_p16_224_classification,242,49,10000.0
xcit_nano_12_p16_224_classification,242,50,10000.0
xcit_nano_12_p16_224_classification,242,51,10000.0
xcit_nano_12_p16_224_classification,242,52,10000.0
xcit_nano_12_p16_224_classification,242,53,10000.0
xcit_nano_12_p16_224_classification,242,54,10000.0
xcit_nano_12_p16_224_classification,242,55,10000.0
xcit_nano_12_p16_224_classification,242,56,10000.0
xcit_nano_12_p16_224_classification,242,57,10000.0
xcit_nano_12_p16_224_classification,242,58,10000.0
xcit_nano_12_p16_224_classification,242,59,10000.0
xcit_nano_12_p16_224_classification,242,60,10000.0
xcit_nano_12_p16_224_classification,242,61,10000.0
xcit_nano_12_p16_224_classification,242,62,10000.0
xcit_nano_12_p16_224_classification,242,63,10000.0
xcit_nano_12_p16_224_classification,242,64,10000.0
xcit_nano_12_p16_224_classification,242,65,10000.0
xcit_nano_12_p16_224_classification,242,66,10000.0
xcit_nano_12_p16_224_classification,242,67,10000.0
xcit_nano_12_p16_224_classification,242,68,10000.0
xcit_nano_12_p16_224_classification,242,69,10000.0
xcit_nano_12_p16_224_classification,242,70,10000.0
xcit_nano_12_p16_224_classification,242,71,10000.0
xcit_nano_12_p16_224_classification,242,72,10000.0
xcit_nano_12_p16_224_classification,242,73,10000.0
xcit_nano_12_p16_224_classification,242,74,10000.0
xcit_nano_12_p16_224_classification,242,75,10000.0
xcit_nano_12_p16_224_classification,242,76,10000.0
xcit_nano_12_p16_224_classification,242,77,10000.0
xcit_nano_12_p16_224_classification,242,78,10000.0
xcit_nano_12_p16_224_classification,242,79,10000.0
xcit_nano_12_p16_224_classification,242,80,10000.0
xcit_nano_12_p16_224_classification,242,81,10000.0
xcit_nano_12_p16_224_classification,242,82,10000.0
xcit_nano_12_p16_224_classification,242,83,10000.0
xcit_nano_12_p16_224_classification,242,84,10000.0
xcit_nano_12_p16_224_classification,242,85,10000.0
xcit_nano_12_p16_224_classification,242,86,10000.0
xcit_nano_12_p16_224_classification,242,87,10000.0
xcit_nano_12_p16_224_classification,242,88,10000.0
xcit_nano_12_p16_224_classification,242,89,10000.0
xcit_nano_12_p16_224_classification,242,90,10000.0
xcit_nano_12_p16_224_classification,242,91,10000.0
xcit_nano_12_p16_224_classification,242,92,10000.0
xcit_nano_12_p16_224_classification,242,93,10000.0
xcit_nano_12_p16_224_classification,242,94,10000.0
xcit_nano_12_p16_224_classification,242,95,10000.0
xcit_nano_12_p16_224_classification,242,96,10000.0
xcit_nano_12_p16_224_classification,242,97,10000.0
xcit_nano_12_p16_224_classification,242,98,10000.0
xcit_nano_12_p16_224_classification,242,99,21209.508879201927
xcit_nano_12_p16_224_classification,242,100,10000.0
swin_large_patch4_window7_224_classification,281,1,910298.1779915227
swin_large_patch4_window7_224_classification,281,2,429193.42601287784
swin_large_patch4_window7_224_classification,281,3,202358.96477251555
swin_large_patch4_window7_224_classification,281,4,429193.42601287784
swin_large_patch4_window7_224_classification,281,5,429193.42601287784
swin_large_patch4_window7_224_classification,281,6,429193.42601287784
swin_large_patch4_window7_224_classification,281,7,910298.1779915227
swin_large_patch4_window7_224_classification,281,8,1930697.7288832497
swin_large_patch4_window7_224_classification,281,9,910298.1779915227
swin_large_patch4_window7_224_classification,281,10,429193.42601287784
swin_large_patch4_window7_224_classification,281,11,910298.1779915227
swin_large_patch4_window7_224_classification,281,12,429193.42601287784
swin_large_patch4_window7_224_classification,281,13,910298.1779915227
swin_large_patch4_window7_224_classification,281,14,910298.1779915227
swin_large_patch4_window7_224_classification,281,15,910298.1779915227
swin_large_patch4_window7_224_classification,281,16,910298.1779915227
swin_large_patch4_window7_224_classification,281,17,910298.1779915227
swin_large_patch4_window7_224_classification,281,18,1930697.7288832497
swin_large_patch4_window7_224_classification,281,19,910298.1779915227
swin_large_patch4_window7_224_classification,281,20,910298.1779915227
swin_large_patch4_window7_224_classification,281,21,910298.1779915227
swin_large_patch4_window7_224_classification,281,22,910298.1779915227
swin_large_patch4_window7_224_classification,281,23,910298.1779915227
swin_large_patch4_window7_224_classification,281,24,1930697.7288832497
swin_large_patch4_window7_224_classification,281,25,910298.1779915227
swin_large_patch4_window7_224_classification,281,26,1930697.7288832497
swin_large_patch4_window7_224_classification,281,27,910298.1779915227
swin_large_patch4_window7_224_classification,281,28,1930697.7288832497
swin_large_patch4_window7_224_classification,281,29,910298.1779915227
swin_large_patch4_window7_224_classification,281,30,910298.1779915227
swin_large_patch4_window7_224_classification,281,31,910298.1779915227
swin_large_patch4_window7_224_classification,281,32,910298.1779915227
swin_large_patch4_window7_224_classification,281,33,910298.1779915227
swin_large_patch4_window7_224_classification,281,34,1930697.7288832497
swin_large_patch4_window7_224_classification,281,35,910298.1779915227
swin_large_patch4_window7_224_classification,281,36,1930697.7288832497
swin_large_patch4_window7_224_classification,281,37,1930697.7288832497
swin_large_patch4_window7_224_classification,281,38,910298.1779915227
swin_large_patch4_window7_224_classification,281,39,910298.1779915227
swin_large_patch4_window7_224_classification,281,40,910298.1779915227
swin_large_patch4_window7_224_classification,281,41,1930697.7288832497
swin_large_patch4_window7_224_classification,281,42,910298.1779915227
swin_large_patch4_window7_224_classification,281,43,910298.1779915227
swin_large_patch4_window7_224_classification,281,44,1930697.7288832497
swin_large_patch4_window7_224_classification,281,45,910298.1779915227
swin_large_patch4_window7_224_classification,281,46,1930697.7288832497
swin_large_patch4_window7_224_classification,281,47,910298.1779915227
swin_large_patch4_window7_224_classification,281,48,910298.1779915227
swin_large_patch4_window7_224_classification,281,49,910298.1779915227
swin_large_patch4_window7_224_classification,281,50,910298.1779915227
swin_large_patch4_window7_224_classification,281,51,910298.1779915227
swin_large_patch4_window7_224_classification,281,52,910298.1779915227
swin_large_patch4_window7_224_classification,281,53,910298.1779915227
swin_large_patch4_window7_224_classification,281,54,1930697.7288832497
swin_large_patch4_window7_224_classification,281,55,910298.1779915227
swin_large_patch4_window7_224_classification,281,56,910298.1779915227
swin_large_patch4_window7_224_classification,281,57,910298.1779915227
swin_large_patch4_window7_224_classification,281,58,910298.1779915227
swin_large_patch4_window7_224_classification,281,59,1930697.7288832497
swin_large_patch4_window7_224_classification,281,60,1930697.7288832497
swin_large_patch4_window7_224_classification,281,61,910298.1779915227
swin_large_patch4_window7_224_classification,281,62,910298.1779915227
swin_large_patch4_window7_224_classification,281,63,910298.1779915227
swin_large_patch4_window7_224_classification,281,64,910298.1779915227
swin_large_patch4_window7_224_classification,281,65,910298.1779915227
swin_large_patch4_window7_224_classification,281,66,910298.1779915227
swin_large_patch4_window7_224_classification,281,67,1930697.7288832497
swin_large_patch4_window7_224_classification,281,68,1930697.7288832497
swin_large_patch4_window7_224_classification,281,69,910298.1779915227
swin_large_patch4_window7_224_classification,281,70,910298.1779915227
swin_large_patch4_window7_224_classification,281,71,910298.1779915227
swin_large_patch4_window7_224_classification,281,72,1930697.7288832497
swin_large_patch4_window7_224_classification,281,73,1930697.7288832497
swin_large_patch4_window7_224_classification,281,74,1930697.7288832497
swin_large_patch4_window7_224_classification,281,75,1930697.7288832497
swin_large_patch4_window7_224_classification,281,76,910298.1779915227
swin_large_patch4_window7_224_classification,281,77,910298.1779915227
swin_large_patch4_window7_224_classification,281,78,1930697.7288832497
swin_large_patch4_window7_224_classification,281,79,910298.1779915227
swin_large_patch4_window7_224_classification,281,80,910298.1779915227
swin_large_patch4_window7_224_classification,281,81,1930697.7288832497
swin_large_patch4_window7_224_classification,281,82,910298.1779915227
swin_large_patch4_window7_224_classification,281,83,910298.1779915227
swin_large_patch4_window7_224_classification,281,84,1930697.7288832497
swin_large_patch4_window7_224_classification,281,85,910298.1779915227
swin_large_patch4_window7_224_classification,281,86,1930697.7288832497
swin_large_patch4_window7_224_classification,281,87,1930697.7288832497
swin_large_patch4_window7_224_classification,281,88,910298.1779915227
swin_large_patch4_window7_224_classification,281,89,910298.1779915227
swin_large_patch4_window7_224_classification,281,90,1930697.7288832497
swin_large_patch4_window7_224_classification,281,91,1930697.7288832497
swin_large_patch4_window7_224_classification,281,92,910298.1779915227
swin_large_patch4_window7_224_classification,281,93,1930697.7288832497
swin_large_patch4_window7_224_classification,281,94,1930697.7288832497
swin_large_patch4_window7_224_classification,281,95,910298.1779915227
swin_large_patch4_window7_224_classification,281,96,1930697.7288832497
swin_large_patch4_window7_224_classification,281,97,1930697.7288832497
swin_large_patch4_window7_224_classification,281,98,1930697.7288832497
swin_large_patch4_window7_224_classification,281,99,1930697.7288832497
swin_large_patch4_window7_224_classification,281,100,1930697.7288832497
jx_nest_tiny_classification,148,1,95409.54763499944
jx_nest_tiny_classification,148,2,21209.508879201927
jx_nest_tiny_classification,148,3,21209.508879201927
jx_nest_tiny_classification,148,4,21209.508879201927
jx_nest_tiny_classification,148,5,44984.32668969444
jx_nest_tiny_classification,148,6,44984.32668969444
jx_nest_tiny_classification,148,7,44984.32668969444
jx_nest_tiny_classification,148,8,95409.54763499944
jx_nest_tiny_classification,148,9,44984.32668969444
jx_nest_tiny_classification,148,10,44984.32668969444
jx_nest_tiny_classification,148,11,44984.32668969444
jx_nest_tiny_classification,148,12,44984.32668969444
jx_nest_tiny_classification,148,13,95409.54763499944
jx_nest_tiny_classification,148,14,44984.32668969444
jx_nest_tiny_classification,148,15,44984.32668969444
jx_nest_tiny_classification,148,16,44984.32668969444
jx_nest_tiny_classification,148,17,44984.32668969444
jx_nest_tiny_classification,148,18,95409.54763499944
jx_nest_tiny_classification,148,19,44984.32668969444
jx_nest_tiny_classification,148,20,95409.54763499944
jx_nest_tiny_classification,148,21,44984.32668969444
jx_nest_tiny_classification,148,22,95409.54763499944
jx_nest_tiny_classification,148,23,44984.32668969444
jx_nest_tiny_classification,148,24,95409.54763499944
jx_nest_tiny_classification,148,25,44984.32668969444
jx_nest_tiny_classification,148,26,95409.54763499944
jx_nest_tiny_classification,148,27,95409.54763499944
jx_nest_tiny_classification,148,28,95409.54763499944
jx_nest_tiny_classification,148,29,95409.54763499944
jx_nest_tiny_classification,148,30,95409.54763499944
jx_nest_tiny_classification,148,31,44984.32668969444
jx_nest_tiny_classification,148,32,44984.32668969444
jx_nest_tiny_classification,148,33,44984.32668969444
jx_nest_tiny_classification,148,34,95409.54763499944
jx_nest_tiny_classification,148,35,95409.54763499944
jx_nest_tiny_classification,148,36,95409.54763499944
jx_nest_tiny_classification,148,37,95409.54763499944
jx_nest_tiny_classification,148,38,44984.32668969444
jx_nest_tiny_classification,148,39,95409.54763499944
jx_nest_tiny_classification,148,40,95409.54763499944
jx_nest_tiny_classification,148,41,95409.54763499944
jx_nest_tiny_classification,148,42,95409.54763499944
jx_nest_tiny_classification,148,43,95409.54763499944
jx_nest_tiny_classification,148,44,95409.54763499944
jx_nest_tiny_classification,148,45,44984.32668969444
jx_nest_tiny_classification,148,46,95409.54763499944
jx_nest_tiny_classification,148,47,95409.54763499944
jx_nest_tiny_classification,148,48,21209.508879201927
jx_nest_tiny_classification,148,49,95409.54763499944
jx_nest_tiny_classification,148,50,95409.54763499944
jx_nest_tiny_classification,148,51,44984.32668969444
jx_nest_tiny_classification,148,52,95409.54763499944
jx_nest_tiny_classification,148,53,44984.32668969444
jx_nest_tiny_classification,148,54,95409.54763499944
jx_nest_tiny_classification,148,55,95409.54763499944
jx_nest_tiny_classification,148,56,44984.32668969444
jx_nest_tiny_classification,148,57,44984.32668969444
jx_nest_tiny_classification,148,58,44984.32668969444
jx_nest_tiny_classification,148,59,95409.54763499944
jx_nest_tiny_classification,148,60,95409.54763499944
jx_nest_tiny_classification,148,61,44984.32668969444
jx_nest_tiny_classification,148,62,44984.32668969444
jx_nest_tiny_classification,148,63,95409.54763499944
jx_nest_tiny_classification,148,64,95409.54763499944
jx_nest_tiny_classification,148,65,44984.32668969444
jx_nest_tiny_classification,148,66,95409.54763499944
jx_nest_tiny_classification,148,67,95409.54763499944
jx_nest_tiny_classification,148,68,95409.54763499944
jx_nest_tiny_classification,148,69,95409.54763499944
jx_nest_tiny_classification,148,70,95409.54763499944
jx_nest_tiny_classification,148,71,44984.32668969444
jx_nest_tiny_classification,148,72,95409.54763499944
jx_nest_tiny_classification,148,73,95409.54763499944
jx_nest_tiny_classification,148,74,95409.54763499944
jx_nest_tiny_classification,148,75,95409.54763499944
jx_nest_tiny_classification,148,76,44984.32668969444
jx_nest_tiny_classification,148,77,95409.54763499944
jx_nest_tiny_classification,148,78,95409.54763499944
jx_nest_tiny_classification,148,79,95409.54763499944
jx_nest_tiny_classification,148,80,95409.54763499944
jx_nest_tiny_classification,148,81,95409.54763499944
jx_nest_tiny_classification,148,82,95409.54763499944
jx_nest_tiny_classification,148,83,95409.54763499944
jx_nest_tiny_classification,148,84,95409.54763499944
jx_nest_tiny_classification,148,85,95409.54763499944
jx_nest_tiny_classification,148,86,95409.54763499944
jx_nest_tiny_classification,148,87,95409.54763499944
jx_nest_tiny_classification,148,88,95409.54763499944
jx_nest_tiny_classification,148,89,95409.54763499944
jx_nest_tiny_classification,148,90,95409.54763499944
jx_nest_tiny_classification,148,91,95409.54763499944
jx_nest_tiny_classification,148,92,44984.32668969444
jx_nest_tiny_classification,148,93,95409.54763499944
jx_nest_tiny_classification,148,94,95409.54763499944
jx_nest_tiny_classification,148,95,95409.54763499944
jx_nest_tiny_classification,148,96,95409.54763499944
jx_nest_tiny_classification,148,97,95409.54763499944
jx_nest_tiny_classification,148,98,95409.54763499944
jx_nest_tiny_classification,148,99,202358.96477251555
jx_nest_tiny_classification,148,100,95409.54763499944
pit_ti_224_classification,207,1,44984.32668969444
pit_ti_224_classification,207,2,21209.508879201927
pit_ti_224_classification,207,3,21209.508879201927
pit_ti_224_classification,207,4,21209.508879201927
pit_ti_224_classification,207,5,21209.508879201927
pit_ti_224_classification,207,6,44984.32668969444
pit_ti_224_classification,207,7,44984.32668969444
pit_ti_224_classification,207,8,95409.54763499944
pit_ti_224_classification,207,9,44984.32668969444
pit_ti_224_classification,207,10,44984.32668969444
pit_ti_224_classification,207,11,44984.32668969444
pit_ti_224_classification,207,12,21209.508879201927
pit_ti_224_classification,207,13,95409.54763499944
pit_ti_224_classification,207,14,44984.32668969444
pit_ti_224_classification,207,15,44984.32668969444
pit_ti_224_classification,207,16,44984.32668969444
pit_ti_224_classification,207,17,44984.32668969444
pit_ti_224_classification,207,18,95409.54763499944
pit_ti_224_classification,207,19,44984.32668969444
pit_ti_224_classification,207,20,44984.32668969444
pit_ti_224_classification,207,21,44984.32668969444
pit_ti_224_classification,207,22,44984.32668969444
pit_ti_224_classification,207,23,44984.32668969444
pit_ti_224_classification,207,24,44984.32668969444
pit_ti_224_classification,207,25,44984.32668969444
pit_ti_224_classification,207,26,95409.54763499944
pit_ti_224_classification,207,27,44984.32668969444
pit_ti_224_classification,207,28,95409.54763499944
pit_ti_224_classification,207,29,44984.32668969444
pit_ti_224_classification,207,30,44984.32668969444
pit_ti_224_classification,207,31,44984.32668969444
pit_ti_224_classification,207,32,44984.32668969444
pit_ti_224_classification,207,33,44984.32668969444
pit_ti_224_classification,207,34,95409.54763499944
pit_ti_224_classification,207,35,44984.32668969444
pit_ti_224_classification,207,36,95409.54763499944
pit_ti_224_classification,207,37,95409.54763499944
pit_ti_224_classification,207,38,44984.32668969444
pit_ti_224_classification,207,39,44984.32668969444
pit_ti_224_classification,207,40,95409.54763499944
pit_ti_224_classification,207,41,95409.54763499944
pit_ti_224_classification,207,42,44984.32668969444
pit_ti_224_classification,207,43,44984.32668969444
pit_ti_224_classification,207,44,95409.54763499944
pit_ti_224_classification,207,45,44984.32668969444
pit_ti_224_classification,207,46,95409.54763499944
pit_ti_224_classification,207,47,44984.32668969444
pit_ti_224_classification,207,48,21209.508879201927
pit_ti_224_classification,207,49,44984.32668969444
pit_ti_224_classification,207,50,44984.32668969444
pit_ti_224_classification,207,51,44984.32668969444
pit_ti_224_classification,207,52,95409.54763499944
pit_ti_224_classification,207,53,44984.32668969444
pit_ti_224_classification,207,54,44984.32668969444
pit_ti_224_classification,207,55,95409.54763499944
pit_ti_224_classification,207,56,44984.32668969444
pit_ti_224_classification,207,57,44984.32668969444
pit_ti_224_classification,207,58,44984.32668969444
pit_ti_224_classification,207,59,95409.54763499944
pit_ti_224_classification,207,60,95409.54763499944
pit_ti_224_classification,207,61,44984.32668969444
pit_ti_224_classification,207,62,44984.32668969444
pit_ti_224_classification,207,63,44984.32668969444
pit_ti_224_classification,207,64,44984.32668969444
pit_ti_224_classification,207,65,44984.32668969444
pit_ti_224_classification,207,66,44984.32668969444
pit_ti_224_classification,207,67,95409.54763499944
pit_ti_224_classification,207,68,95409.54763499944
pit_ti_224_classification,207,69,44984.32668969444
pit_ti_224_classification,207,70,95409.54763499944
pit_ti_224_classification,207,71,44984.32668969444
pit_ti_224_classification,207,72,95409.54763499944
pit_ti_224_classification,207,73,95409.54763499944
pit_ti_224_classification,207,74,44984.32668969444
pit_ti_224_classification,207,75,95409.54763499944
pit_ti_224_classification,207,76,44984.32668969444
pit_ti_224_classification,207,77,44984.32668969444
pit_ti_224_classification,207,78,95409.54763499944
pit_ti_224_classification,207,79,44984.32668969444
pit_ti_224_classification,207,80,95409.54763499944
pit_ti_224_classification,207,81,95409.54763499944
pit_ti_224_classification,207,82,95409.54763499944
pit_ti_224_classification,207,83,44984.32668969444
pit_ti_224_classification,207,84,44984.32668969444
pit_ti_224_classification,207,85,44984.32668969444
pit_ti_224_classification,207,86,95409.54763499944
pit_ti_224_classification,207,87,95409.54763499944
pit_ti_224_classification,207,88,44984.32668969444
pit_ti_224_classification,207,89,44984.32668969444
pit_ti_224_classification,207,90,44984.32668969444
pit_ti_224_classification,207,91,95409.54763499944
pit_ti_224_classification,207,92,44984.32668969444
pit_ti_224_classification,207,93,95409.54763499944
pit_ti_224_classification,207,94,95409.54763499944
pit_ti_224_classification,207,95,95409.54763499944
pit_ti_224_classification,207,96,95409.54763499944
pit_ti_224_classification,207,97,95409.54763499944
pit_ti_224_classification,207,98,95409.54763499944
pit_ti_224_classification,207,99,95409.54763499944
pit_ti_224_classification,207,100,95409.54763499944
vit_base_patch32_224_classification,218,1,429193.42601287784
vit_base_patch32_224_classification,218,2,95409.54763499944
vit_base_patch32_224_classification,218,3,95409.54763499944
vit_base_patch32_224_classification,218,4,95409.54763499944
vit_base_patch32_224_classification,218,5,95409.54763499944
vit_base_patch32_224_classification,218,6,202358.96477251555
vit_base_patch32_224_classification,218,7,202358.96477251555
vit_base_patch32_224_classification,218,8,429193.42601287784
vit_base_patch32_224_classification,218,9,202358.96477251555
vit_base_patch32_224_classification,218,10,202358.96477251555
vit_base_patch32_224_classification,218,11,202358.96477251555
vit_base_patch32_224_classification,218,12,95409.54763499944
vit_base_patch32_224_classification,218,13,429193.42601287784
vit_base_patch32_224_classification,218,14,202358.96477251555
vit_base_patch32_224_classification,218,15,202358.96477251555
vit_base_patch32_224_classification,218,16,202358.96477251555
vit_base_patch32_224_classification,218,17,202358.96477251555
vit_base_patch32_224_classification,218,18,429193.42601287784
vit_base_patch32_224_classification,218,19,202358.96477251555
vit_base_patch32_224_classification,218,20,429193.42601287784
vit_base_patch32_224_classification,218,21,202358.96477251555
vit_base_patch32_224_classification,218,22,202358.96477251555
vit_base_patch32_224_classification,218,23,429193.42601287784
vit_base_patch32_224_classification,218,24,429193.42601287784
vit_base_patch32_224_classification,218,25,429193.42601287784
vit_base_patch32_224_classification,218,26,429193.42601287784
vit_base_patch32_224_classification,218,27,202358.96477251555
vit_base_patch32_224_classification,218,28,429193.42601287784
vit_base_patch32_224_classification,218,29,429193.42601287784
vit_base_patch32_224_classification,218,30,202358.96477251555
vit_base_patch32_224_classification,218,31,202358.96477251555
vit_base_patch32_224_classification,218,32,202358.96477251555
vit_base_patch32_224_classification,218,33,429193.42601287784
vit_base_patch32_224_classification,218,34,429193.42601287784
vit_base_patch32_224_classification,218,35,202358.96477251555
vit_base_patch32_224_classification,218,36,429193.42601287784
vit_base_patch32_224_classification,218,37,429193.42601287784
vit_base_patch32_224_classification,218,38,202358.96477251555
vit_base_patch32_224_classification,218,39,429193.42601287784
vit_base_patch32_224_classification,218,40,429193.42601287784
vit_base_patch32_224_classification,218,41,429193.42601287784
vit_base_patch32_224_classification,218,42,429193.42601287784
vit_base_patch32_224_classification,218,43,429193.42601287784
vit_base_patch32_224_classification,218,44,429193.42601287784
vit_base_patch32_224_classification,218,45,202358.96477251555
vit_base_patch32_224_classification,218,46,429193.42601287784
vit_base_patch32_224_classification,218,47,429193.42601287784
vit_base_patch32_224_classification,218,48,202358.96477251555
vit_base_patch32_224_classification,218,49,202358.96477251555
vit_base_patch32_224_classification,218,50,429193.42601287784
vit_base_patch32_224_classification,218,51,202358.96477251555
vit_base_patch32_224_classification,218,52,429193.42601287784
vit_base_patch32_224_classification,218,53,202358.96477251555
vit_base_patch32_224_classification,218,54,429193.42601287784
vit_base_patch32_224_classification,218,55,429193.42601287784
vit_base_patch32_224_classification,218,56,202358.96477251555
vit_base_patch32_224_classification,218,57,429193.42601287784
vit_base_patch32_224_classification,218,58,429193.42601287784
vit_base_patch32_224_classification,218,59,429193.42601287784
vit_base_patch32_224_classification,218,60,429193.42601287784
vit_base_patch32_224_classification,218,61,429193.42601287784
vit_base_patch32_224_classification,218,62,429193.42601287784
vit_base_patch32_224_classification,218,63,429193.42601287784
vit_base_patch32_224_classification,218,64,429193.42601287784
vit_base_patch32_224_classification,218,65,202358.96477251555
vit_base_patch32_224_classification,218,66,429193.42601287784
vit_base_patch32_224_classification,218,67,429193.42601287784
vit_base_patch32_224_classification,218,68,910298.1779915227
vit_base_patch32_224_classification,218,69,429193.42601287784
vit_base_patch32_224_classification,218,70,429193.42601287784
vit_base_patch32_224_classification,218,71,202358.96477251555
vit_base_patch32_224_classification,218,72,429193.42601287784
vit_base_patch32_224_classification,218,73,429193.42601287784
vit_base_patch32_224_classification,218,74,429193.42601287784
vit_base_patch32_224_classification,218,75,429193.42601287784
vit_base_patch32_224_classification,218,76,202358.96477251555
vit_base_patch32_224_classification,218,77,429193.42601287784
vit_base_patch32_224_classification,218,78,429193.42601287784
vit_base_patch32_224_classification,218,79,202358.96477251555
vit_base_patch32_224_classification,218,80,429193.42601287784
vit_base_patch32_224_classification,218,81,429193.42601287784
vit_base_patch32_224_classification,218,82,429193.42601287784
vit_base_patch32_224_classification,218,83,429193.42601287784
vit_base_patch32_224_classification,218,84,429193.42601287784
vit_base_patch32_224_classification,218,85,429193.42601287784
vit_base_patch32_224_classification,218,86,429193.42601287784
vit_base_patch32_224_classification,218,87,429193.42601287784
vit_base_patch32_224_classification,218,88,429193.42601287784
vit_base_patch32_224_classification,218,89,429193.42601287784
vit_base_patch32_224_classification,218,90,429193.42601287784
vit_base_patch32_224_classification,218,91,429193.42601287784
vit_base_patch32_224_classification,218,92,429193.42601287784
vit_base_patch32_224_classification,218,93,910298.1779915227
vit_base_patch32_224_classification,218,94,429193.42601287784
vit_base_patch32_224_classification,218,95,429193.42601287784
vit_base_patch32_224_classification,218,96,429193.42601287784
vit_base_patch32_224_classification,218,97,429193.42601287784
vit_base_patch32_224_classification,218,98,429193.42601287784
vit_base_patch32_224_classification,218,99,429193.42601287784
vit_base_patch32_224_classification,218,100,429193.42601287784
vit_base_patch16_224_classification,197,1,910298.1779915227
vit_base_patch16_224_classification,197,2,429193.42601287784
vit_base_patch16_224_classification,197,3,202358.96477251555
vit_base_patch16_224_classification,197,4,202358.96477251555
vit_base_patch16_224_classification,197,5,429193.42601287784
vit_base_patch16_224_classification,197,6,429193.42601287784
vit_base_patch16_224_classification,197,7,429193.42601287784
vit_base_patch16_224_classification,197,8,910298.1779915227
vit_base_patch16_224_classification,197,9,429193.42601287784
vit_base_patch16_224_classification,197,10,429193.42601287784
vit_base_patch16_224_classification,197,11,429193.42601287784
vit_base_patch16_224_classification,197,12,202358.96477251555
vit_base_patch16_224_classification,197,13,910298.1779915227
vit_base_patch16_224_classification,197,14,429193.42601287784
vit_base_patch16_224_classification,197,15,429193.42601287784
vit_base_patch16_224_classification,197,16,910298.1779915227
vit_base_patch16_224_classification,197,17,910298.1779915227
vit_base_patch16_224_classification,197,18,910298.1779915227
vit_base_patch16_224_classification,197,19,910298.1779915227
vit_base_patch16_224_classification,197,20,910298.1779915227
vit_base_patch16_224_classification,197,21,429193.42601287784
vit_base_patch16_224_classification,197,22,910298.1779915227
vit_base_patch16_224_classification,197,23,910298.1779915227
vit_base_patch16_224_classification,197,24,910298.1779915227
vit_base_patch16_224_classification,197,25,429193.42601287784
vit_base_patch16_224_classification,197,26,910298.1779915227
vit_base_patch16_224_classification,197,27,910298.1779915227
vit_base_patch16_224_classification,197,28,910298.1779915227
vit_base_patch16_224_classification,197,29,910298.1779915227
vit_base_patch16_224_classification,197,30,910298.1779915227
vit_base_patch16_224_classification,197,31,429193.42601287784
vit_base_patch16_224_classification,197,32,910298.1779915227
vit_base_patch16_224_classification,197,33,910298.1779915227
vit_base_patch16_224_classification,197,34,910298.1779915227
vit_base_patch16_224_classification,197,35,910298.1779915227
vit_base_patch16_224_classification,197,36,910298.1779915227
vit_base_patch16_224_classification,197,37,910298.1779915227
vit_base_patch16_224_classification,197,38,429193.42601287784
vit_base_patch16_224_classification,197,39,910298.1779915227
vit_base_patch16_224_classification,197,40,910298.1779915227
vit_base_patch16_224_classification,197,41,910298.1779915227
vit_base_patch16_224_classification,197,42,910298.1779915227
vit_base_patch16_224_classification,197,43,910298.1779915227
vit_base_patch16_224_classification,197,44,1930697.7288832497
vit_base_patch16_224_classification,197,45,429193.42601287784
vit_base_patch16_224_classification,197,46,1930697.7288832497
vit_base_patch16_224_classification,197,47,910298.1779915227
vit_base_patch16_224_classification,197,48,429193.42601287784
vit_base_patch16_224_classification,197,49,910298.1779915227
vit_base_patch16_224_classification,197,50,910298.1779915227
vit_base_patch16_224_classification,197,51,910298.1779915227
vit_base_patch16_224_classification,197,52,910298.1779915227
vit_base_patch16_224_classification,197,53,429193.42601287784
vit_base_patch16_224_classification,197,54,910298.1779915227
vit_base_patch16_224_classification,197,55,910298.1779915227
vit_base_patch16_224_classification,197,56,429193.42601287784
vit_base_patch16_224_classification,197,57,910298.1779915227
vit_base_patch16_224_classification,197,58,910298.1779915227
vit_base_patch16_224_classification,197,59,1930697.7288832497
vit_base_patch16_224_classification,197,60,910298.1779915227
vit_base_patch16_224_classification,197,61,910298.1779915227
vit_base_patch16_224_classification,197,62,910298.1779915227
vit_base_patch16_224_classification,197,63,910298.1779915227
vit_base_patch16_224_classification,197,64,910298.1779915227
vit_base_patch16_224_classification,197,65,429193.42601287784
vit_base_patch16_224_classification,197,66,910298.1779915227
vit_base_patch16_224_classification,197,67,910298.1779915227
vit_base_patch16_224_classification,197,68,1930697.7288832497
vit_base_patch16_224_classification,197,69,910298.1779915227
vit_base_patch16_224_classification,197,70,910298.1779915227
vit_base_patch16_224_classification,197,71,910298.1779915227
vit_base_patch16_224_classification,197,72,910298.1779915227
vit_base_patch16_224_classification,197,73,910298.1779915227
vit_base_patch16_224_classification,197,74,910298.1779915227
vit_base_patch16_224_classification,197,75,1930697.7288832497
vit_base_patch16_224_classification,197,76,910298.1779915227
vit_base_patch16_224_classification,197,77,910298.1779915227
vit_base_patch16_224_classification,197,78,1930697.7288832497
vit_base_patch16_224_classification,197,79,910298.1779915227
vit_base_patch16_224_classification,197,80,910298.1779915227
vit_base_patch16_224_classification,197,81,910298.1779915227
vit_base_patch16_224_classification,197,82,910298.1779915227
vit_base_patch16_224_classification,197,83,910298.1779915227
vit_base_patch16_224_classification,197,84,910298.1779915227
vit_base_patch16_224_classification,197,85,910298.1779915227
vit_base_patch16_224_classification,197,86,910298.1779915227
vit_base_patch16_224_classification,197,87,910298.1779915227
vit_base_patch16_224_classification,197,88,910298.1779915227
vit_base_patch16_224_classification,197,89,910298.1779915227
vit_base_patch16_224_classification,197,90,910298.1779915227
vit_base_patch16_224_classification,197,91,910298.1779915227
vit_base_patch16_224_classification,197,92,910298.1779915227
vit_base_patch16_224_classification,197,93,1930697.7288832497
vit_base_patch16_224_classification,197,94,910298.1779915227
vit_base_patch16_224_classification,197,95,910298.1779915227
vit_base_patch16_224_classification,197,96,1930697.7288832497
vit_base_patch16_224_classification,197,97,910298.1779915227
vit_base_patch16_224_classification,197,98,910298.1779915227
vit_base_patch16_224_classification,197,99,1930697.7288832497
vit_base_patch16_224_classification,197,100,910298.1779915227
tnt_s_patch16_224_classification,198,1,429193.42601287784
tnt_s_patch16_224_classification,198,2,202358.96477251555
tnt_s_patch16_224_classification,198,3,202358.96477251555
tnt_s_patch16_224_classification,198,4,202358.96477251555
tnt_s_patch16_224_classification,198,5,202358.96477251555
tnt_s_patch16_224_classification,198,6,429193.42601287784
tnt_s_patch16_224_classification,198,7,429193.42601287784
tnt_s_patch16_224_classification,198,8,910298.1779915227
tnt_s_patch16_224_classification,198,9,429193.42601287784
tnt_s_patch16_224_classification,198,10,202358.96477251555
tnt_s_patch16_224_classification,198,11,429193.42601287784
tnt_s_patch16_224_classification,198,12,202358.96477251555
tnt_s_patch16_224_classification,198,13,910298.1779915227
tnt_s_patch16_224_classification,198,14,429193.42601287784
tnt_s_patch16_224_classification,198,15,429193.42601287784
tnt_s_patch16_224_classification,198,16,429193.42601287784
tnt_s_patch16_224_classification,198,17,429193.42601287784
tnt_s_patch16_224_classification,198,18,910298.1779915227
tnt_s_patch16_224_classification,198,19,429193.42601287784
tnt_s_patch16_224_classification,198,20,429193.42601287784
tnt_s_patch16_224_classification,198,21,429193.42601287784
tnt_s_patch16_224_classification,198,22,429193.42601287784
tnt_s_patch16_224_classification,198,23,429193.42601287784
tnt_s_patch16_224_classification,198,24,910298.1779915227
tnt_s_patch16_224_classification,198,25,429193.42601287784
tnt_s_patch16_224_classification,198,26,910298.1779915227
tnt_s_patch16_224_classification,198,27,910298.1779915227
tnt_s_patch16_224_classification,198,28,910298.1779915227
tnt_s_patch16_224_classification,198,29,429193.42601287784
tnt_s_patch16_224_classification,198,30,429193.42601287784
tnt_s_patch16_224_classification,198,31,429193.42601287784
tnt_s_patch16_224_classification,198,32,429193.42601287784
tnt_s_patch16_224_classification,198,33,910298.1779915227
tnt_s_patch16_224_classification,198,34,910298.1779915227
tnt_s_patch16_224_classification,198,35,429193.42601287784
tnt_s_patch16_224_classification,198,36,910298.1779915227
tnt_s_patch16_224_classification,198,37,910298.1779915227
tnt_s_patch16_224_classification,198,38,429193.42601287784
tnt_s_patch16_224_classification,198,39,429193.42601287784
tnt_s_patch16_224_classification,198,40,429193.42601287784
tnt_s_patch16_224_classification,198,41,910298.1779915227
tnt_s_patch16_224_classification,198,42,429193.42601287784
tnt_s_patch16_224_classification,198,43,910298.1779915227
tnt_s_patch16_224_classification,198,44,910298.1779915227
tnt_s_patch16_224_classification,198,45,429193.42601287784
tnt_s_patch16_224_classification,198,46,910298.1779915227
tnt_s_patch16_224_classification,198,47,910298.1779915227
tnt_s_patch16_224_classification,198,48,202358.96477251555
tnt_s_patch16_224_classification,198,49,429193.42601287784
tnt_s_patch16_224_classification,198,50,429193.42601287784
tnt_s_patch16_224_classification,198,51,429193.42601287784
tnt_s_patch16_224_classification,198,52,910298.1779915227
tnt_s_patch16_224_classification,198,53,429193.42601287784
tnt_s_patch16_224_classification,198,54,910298.1779915227
tnt_s_patch16_224_classification,198,55,910298.1779915227
tnt_s_patch16_224_classification,198,56,429193.42601287784
tnt_s_patch16_224_classification,198,57,429193.42601287784
tnt_s_patch16_224_classification,198,58,429193.42601287784
tnt_s_patch16_224_classification,198,59,1930697.7288832497
tnt_s_patch16_224_classification,198,60,910298.1779915227
tnt_s_patch16_224_classification,198,61,910298.1779915227
tnt_s_patch16_224_classification,198,62,429193.42601287784
tnt_s_patch16_224_classification,198,63,429193.42601287784
tnt_s_patch16_224_classification,198,64,910298.1779915227
tnt_s_patch16_224_classification,198,65,429193.42601287784
tnt_s_patch16_224_classification,198,66,429193.42601287784
tnt_s_patch16_224_classification,198,67,910298.1779915227
tnt_s_patch16_224_classification,198,68,910298.1779915227
tnt_s_patch16_224_classification,198,69,910298.1779915227
tnt_s_patch16_224_classification,198,70,910298.1779915227
tnt_s_patch16_224_classification,198,71,429193.42601287784
tnt_s_patch16_224_classification,198,72,910298.1779915227
tnt_s_patch16_224_classification,198,73,910298.1779915227
tnt_s_patch16_224_classification,198,74,910298.1779915227
tnt_s_patch16_224_classification,198,75,910298.1779915227
tnt_s_patch16_224_classification,198,76,429193.42601287784
tnt_s_patch16_224_classification,198,77,429193.42601287784
tnt_s_patch16_224_classification,198,78,910298.1779915227
tnt_s_patch16_224_classification,198,79,429193.42601287784
tnt_s_patch16_224_classification,198,80,910298.1779915227
tnt_s_patch16_224_classification,198,81,910298.1779915227
tnt_s_patch16_224_classification,198,82,910298.1779915227
tnt_s_patch16_224_classification,198,83,910298.1779915227
tnt_s_patch16_224_classification,198,84,910298.1779915227
tnt_s_patch16_224_classification,198,85,910298.1779915227
tnt_s_patch16_224_classification,198,86,910298.1779915227
tnt_s_patch16_224_classification,198,87,910298.1779915227
tnt_s_patch16_224_classification,198,88,910298.1779915227
tnt_s_patch16_224_classification,198,89,429193.42601287784
tnt_s_patch16_224_classification,198,90,910298.1779915227
tnt_s_patch16_224_classification,198,91,910298.1779915227
tnt_s_patch16_224_classification,198,92,429193.42601287784
tnt_s_patch16_224_classification,198,93,910298.1779915227
tnt_s_patch16_224_classification,198,94,910298.1779915227
tnt_s_patch16_224_classification,198,95,910298.1779915227
tnt_s_patch16_224_classification,198,96,910298.1779915227
tnt_s_patch16_224_classification,198,97,910298.1779915227
tnt_s_patch16_224_classification,198,98,910298.1779915227
tnt_s_patch16_224_classification,198,99,1930697.7288832497
tnt_s_patch16_224_classification,198,100,910298.1779915227
crossvit_base_240_classification,336,1,4094915.062380419
crossvit_base_240_classification,336,2,1930697.7288832497
crossvit_base_240_classification,336,3,910298.1779915227
crossvit_base_240_classification,336,4,910298.1779915227
crossvit_base_240_classification,336,5,1930697.7288832497
crossvit_base_240_classification,336,6,1930697.7288832497
crossvit_base_240_classification,336,7,1930697.7288832497
crossvit_base_240_classification,336,8,8685113.73751352
crossvit_base_240_classification,336,9,1930697.7288832497
crossvit_base_240_classification,336,10,1930697.7288832497
crossvit_base_240_classification,336,11,4094915.062380419
crossvit_base_240_classification,336,12,1930697.7288832497
crossvit_base_240_classification,336,13,8685113.73751352
crossvit_base_240_classification,336,14,4094915.062380419
crossvit_base_240_classification,336,15,1930697.7288832497
crossvit_base_240_classification,336,16,4094915.062380419
crossvit_base_240_classification,336,17,4094915.062380419
crossvit_base_240_classification,336,18,8685113.73751352
crossvit_base_240_classification,336,19,4094915.062380419
crossvit_base_240_classification,336,20,4094915.062380419
crossvit_base_240_classification,336,21,4094915.062380419
crossvit_base_240_classification,336,22,4094915.062380419
crossvit_base_240_classification,336,23,4094915.062380419
crossvit_base_240_classification,336,24,4094915.062380419
crossvit_base_240_classification,336,25,4094915.062380419
crossvit_base_240_classification,336,26,8685113.73751352
crossvit_base_240_classification,336,27,4094915.062380419
crossvit_base_240_classification,336,28,8685113.73751352
crossvit_base_240_classification,336,29,4094915.062380419
crossvit_base_240_classification,336,30,4094915.062380419
crossvit_base_240_classification,336,31,4094915.062380419
crossvit_base_240_classification,336,32,4094915.062380419
crossvit_base_240_classification,336,33,4094915.062380419
crossvit_base_240_classification,336,34,8685113.73751352
crossvit_base_240_classification,336,35,4094915.062380419
crossvit_base_240_classification,336,36,4094915.062380419
crossvit_base_240_classification,336,37,8685113.73751352
crossvit_base_240_classification,336,38,4094915.062380419
crossvit_base_240_classification,336,39,4094915.062380419
crossvit_base_240_classification,336,40,4094915.062380419
crossvit_base_240_classification,336,41,4094915.062380419
crossvit_base_240_classification,336,42,4094915.062380419
crossvit_base_240_classification,336,43,4094915.062380419
crossvit_base_240_classification,336,44,8685113.73751352
crossvit_base_240_classification,336,45,4094915.062380419
crossvit_base_240_classification,336,46,8685113.73751352
crossvit_base_240_classification,336,47,4094915.062380419
crossvit_base_240_classification,336,48,1930697.7288832497
crossvit_base_240_classification,336,49,4094915.062380419
crossvit_base_240_classification,336,50,4094915.062380419
crossvit_base_240_classification,336,51,4094915.062380419
crossvit_base_240_classification,336,52,8685113.73751352
crossvit_base_240_classification,336,53,4094915.062380419
crossvit_base_240_classification,336,54,4094915.062380419
crossvit_base_240_classification,336,55,8685113.73751352
crossvit_base_240_classification,336,56,4094915.062380419
crossvit_base_240_classification,336,57,4094915.062380419
crossvit_base_240_classification,336,58,4094915.062380419
crossvit_base_240_classification,336,59,8685113.73751352
crossvit_base_240_classification,336,60,4094915.062380419
crossvit_base_240_classification,336,61,4094915.062380419
crossvit_base_240_classification,336,62,4094915.062380419
crossvit_base_240_classification,336,63,4094915.062380419
crossvit_base_240_classification,336,64,4094915.062380419
crossvit_base_240_classification,336,65,1930697.7288832497
crossvit_base_240_classification,336,66,4094915.062380419
crossvit_base_240_classification,336,67,8685113.73751352
crossvit_base_240_classification,336,68,8685113.73751352
crossvit_base_240_classification,336,69,4094915.062380419
crossvit_base_240_classification,336,70,4094915.062380419
crossvit_base_240_classification,336,71,4094915.062380419
crossvit_base_240_classification,336,72,4094915.062380419
crossvit_base_240_classification,336,73,4094915.062380419
crossvit_base_240_classification,336,74,4094915.062380419
crossvit_base_240_classification,336,75,8685113.73751352
crossvit_base_240_classification,336,76,4094915.062380419
crossvit_base_240_classification,336,77,4094915.062380419
crossvit_base_240_classification,336,78,8685113.73751352
crossvit_base_240_classification,336,79,4094915.062380419
crossvit_base_240_classification,336,80,4094915.062380419
crossvit_base_240_classification,336,81,8685113.73751352
crossvit_base_240_classification,336,82,4094915.062380419
crossvit_base_240_classification,336,83,4094915.062380419
crossvit_base_240_classification,336,84,4094915.062380419
crossvit_base_240_classification,336,85,4094915.062380419
crossvit_base_240_classification,336,86,8685113.73751352
crossvit_base_240_classification,336,87,8685113.73751352
crossvit_base_240_classification,336,88,4094915.062380419
crossvit_base_240_classification,336,89,4094915.062380419
crossvit_base_240_classification,336,90,4094915.062380419
crossvit_base_240_classification,336,91,4094915.062380419
crossvit_base_240_classification,336,92,4094915.062380419
crossvit_base_240_classification,336,93,8685113.73751352
crossvit_base_240_classification,336,94,4094915.062380419
crossvit_base_240_classification,336,95,8685113.73751352
crossvit_base_240_classification,336,96,8685113.73751352
crossvit_base_240_classification,336,97,8685113.73751352
crossvit_base_240_classification,336,98,8685113.73751352
crossvit_base_240_classification,336,99,8685113.73751352
crossvit_base_240_classification,336,100,8685113.73751352
deit_base_patch16_224_classification,205,1,4094915.062380419
deit_base_patch16_224_classification,205,2,1930697.7288832497
deit_base_patch16_224_classification,205,3,910298.1779915227
deit_base_patch16_224_classification,205,4,910298.1779915227
deit_base_patch16_224_classification,205,5,1930697.7288832497
deit_base_patch16_224_classification,205,6,1930697.7288832497
deit_base_patch16_224_classification,205,7,1930697.7288832497
deit_base_patch16_224_classification,205,8,8685113.73751352
deit_base_patch16_224_classification,205,9,1930697.7288832497
deit_base_patch16_224_classification,205,10,1930697.7288832497
deit_base_patch16_224_classification,205,11,1930697.7288832497
deit_base_patch16_224_classification,205,12,910298.1779915227
deit_base_patch16_224_classification,205,13,4094915.062380419
deit_base_patch16_224_classification,205,14,1930697.7288832497
deit_base_patch16_224_classification,205,15,1930697.7288832497
deit_base_patch16_224_classification,205,16,4094915.062380419
deit_base_patch16_224_classification,205,17,4094915.062380419
deit_base_patch16_224_classification,205,18,4094915.062380419
deit_base_patch16_224_classification,205,19,1930697.7288832497
deit_base_patch16_224_classification,205,20,4094915.062380419
deit_base_patch16_224_classification,205,21,4094915.062380419
deit_base_patch16_224_classification,205,22,4094915.062380419
deit_base_patch16_224_classification,205,23,4094915.062380419
deit_base_patch16_224_classification,205,24,4094915.062380419
deit_base_patch16_224_classification,205,25,1930697.7288832497
deit_base_patch16_224_classification,205,26,4094915.062380419
deit_base_patch16_224_classification,205,27,4094915.062380419
deit_base_patch16_224_classification,205,28,4094915.062380419
deit_base_patch16_224_classification,205,29,4094915.062380419
deit_base_patch16_224_classification,205,30,4094915.062380419
deit_base_patch16_224_classification,205,31,1930697.7288832497
deit_base_patch16_224_classification,205,32,4094915.062380419
deit_base_patch16_224_classification,205,33,4094915.062380419
deit_base_patch16_224_classification,205,34,4094915.062380419
deit_base_patch16_224_classification,205,35,4094915.062380419
deit_base_patch16_224_classification,205,36,4094915.062380419
deit_base_patch16_224_classification,205,37,4094915.062380419
deit_base_patch16_224_classification,205,38,1930697.7288832497
deit_base_patch16_224_classification,205,39,4094915.062380419
deit_base_patch16_224_classification,205,40,4094915.062380419
deit_base_patch16_224_classification,205,41,4094915.062380419
deit_base_patch16_224_classification,205,42,4094915.062380419
deit_base_patch16_224_classification,205,43,4094915.062380419
deit_base_patch16_224_classification,205,44,8685113.73751352
deit_base_patch16_224_classification,205,45,4094915.062380419
deit_base_patch16_224_classification,205,46,8685113.73751352
deit_base_patch16_224_classification,205,47,4094915.062380419
deit_base_patch16_224_classification,205,48,1930697.7288832497
deit_base_patch16_224_classification,205,49,4094915.062380419
deit_base_patch16_224_classification,205,50,4094915.062380419
deit_base_patch16_224_classification,205,51,1930697.7288832497
deit_base_patch16_224_classification,205,52,4094915.062380419
deit_base_patch16_224_classification,205,53,1930697.7288832497
deit_base_patch16_224_classification,205,54,4094915.062380419
deit_base_patch16_224_classification,205,55,4094915.062380419
deit_base_patch16_224_classification,205,56,4094915.062380419
deit_base_patch16_224_classification,205,57,4094915.062380419
deit_base_patch16_224_classification,205,58,4094915.062380419
deit_base_patch16_224_classification,205,59,8685113.73751352
deit_base_patch16_224_classification,205,60,4094915.062380419
deit_base_patch16_224_classification,205,61,4094915.062380419
deit_base_patch16_224_classification,205,62,4094915.062380419
deit_base_patch16_224_classification,205,63,4094915.062380419
deit_base_patch16_224_classification,205,64,4094915.062380419
deit_base_patch16_224_classification,205,65,1930697.7288832497
deit_base_patch16_224_classification,205,66,4094915.062380419
deit_base_patch16_224_classification,205,67,8685113.73751352
deit_base_patch16_224_classification,205,68,8685113.73751352
deit_base_patch16_224_classification,205,69,4094915.062380419
deit_base_patch16_224_classification,205,70,4094915.062380419
deit_base_patch16_224_classification,205,71,4094915.062380419
deit_base_patch16_224_classification,205,72,4094915.062380419
deit_base_patch16_224_classification,205,73,4094915.062380419
deit_base_patch16_224_classification,205,74,4094915.062380419
deit_base_patch16_224_classification,205,75,8685113.73751352
deit_base_patch16_224_classification,205,76,1930697.7288832497
deit_base_patch16_224_classification,205,77,4094915.062380419
deit_base_patch16_224_classification,205,78,4094915.062380419
deit_base_patch16_224_classification,205,79,4094915.062380419
deit_base_patch16_224_classification,205,80,4094915.062380419
deit_base_patch16_224_classification,205,81,4094915.062380419
deit_base_patch16_224_classification,205,82,4094915.062380419
deit_base_patch16_224_classification,205,83,4094915.062380419
deit_base_patch16_224_classification,205,84,4094915.062380419
deit_base_patch16_224_classification,205,85,4094915.062380419
deit_base_patch16_224_classification,205,86,4094915.062380419
deit_base_patch16_224_classification,205,87,4094915.062380419
deit_base_patch16_224_classification,205,88,4094915.062380419
deit_base_patch16_224_classification,205,89,4094915.062380419
deit_base_patch16_224_classification,205,90,4094915.062380419
deit_base_patch16_224_classification,205,91,4094915.062380419
deit_base_patch16_224_classification,205,92,4094915.062380419
deit_base_patch16_224_classification,205,93,8685113.73751352
deit_base_patch16_224_classification,205,94,4094915.062380419
deit_base_patch16_224_classification,205,95,4094915.062380419
deit_base_patch16_224_classification,205,96,8685113.73751352
deit_base_patch16_224_classification,205,97,4094915.062380419
deit_base_patch16_224_classification,205,98,8685113.73751352
deit_base_patch16_224_classification,205,99,8685113.73751352
deit_base_patch16_224_classification,205,100,4094915.062380419
levit_128_classification,181,1,910298.1779915227
levit_128_classification,181,2,202358.96477251555
levit_128_classification,181,3,202358.96477251555
levit_128_classification,181,4,202358.96477251555
levit_128_classification,181,5,429193.42601287784
levit_128_classification,181,6,429193.42601287784
levit_128_classification,181,7,429193.42601287784
levit_128_classification,181,8,910298.1779915227
levit_128_classification,181,9,429193.42601287784
levit_128_classification,181,10,429193.42601287784
levit_128_classification,181,11,429193.42601287784
levit_128_classification,181,12,202358.96477251555
levit_128_classification,181,13,910298.1779915227
levit_128_classification,181,14,429193.42601287784
levit_128_classification,181,15,429193.42601287784
levit_128_classification,181,16,910298.1779915227
levit_128_classification,181,17,429193.42601287784
levit_128_classification,181,18,910298.1779915227
levit_128_classification,181,19,429193.42601287784
levit_128_classification,181,20,910298.1779915227
levit_128_classification,181,21,429193.42601287784
levit_128_classification,181,22,910298.1779915227
levit_128_classification,181,23,429193.42601287784
levit_128_classification,181,24,910298.1779915227
levit_128_classification,181,25,429193.42601287784
levit_128_classification,181,26,910298.1779915227
levit_128_classification,181,27,429193.42601287784
levit_128_classification,181,28,910298.1779915227
levit_128_classification,181,29,910298.1779915227
levit_128_classification,181,30,429193.42601287784
levit_128_classification,181,31,429193.42601287784
levit_128_classification,181,32,429193.42601287784
levit_128_classification,181,33,429193.42601287784
levit_128_classification,181,34,910298.1779915227
levit_128_classification,181,35,429193.42601287784
levit_128_classification,181,36,910298.1779915227
levit_128_classification,181,37,910298.1779915227
levit_128_classification,181,38,429193.42601287784
levit_128_classification,181,39,910298.1779915227
levit_128_classification,181,40,910298.1779915227
levit_128_classification,181,41,910298.1779915227
levit_128_classification,181,42,910298.1779915227
levit_128_classification,181,43,910298.1779915227
levit_128_classification,181,44,910298.1779915227
levit_128_classification,181,45,429193.42601287784
levit_128_classification,181,46,1930697.7288832497
levit_128_classification,181,47,910298.1779915227
levit_128_classification,181,48,429193.42601287784
levit_128_classification,181,49,429193.42601287784
levit_128_classification,181,50,910298.1779915227
levit_128_classification,181,51,429193.42601287784
levit_128_classification,181,52,910298.1779915227
levit_128_classification,181,53,429193.42601287784
levit_128_classification,181,54,910298.1779915227
levit_128_classification,181,55,910298.1779915227
levit_128_classification,181,56,429193.42601287784
levit_128_classification,181,57,429193.42601287784
levit_128_classification,181,58,429193.42601287784
levit_128_classification,181,59,910298.1779915227
levit_128_classification,181,60,910298.1779915227
levit_128_classification,181,61,910298.1779915227
levit_128_classification,181,62,429193.42601287784
levit_128_classification,181,63,910298.1779915227
levit_128_classification,181,64,910298.1779915227
levit_128_classification,181,65,429193.42601287784
levit_128_classification,181,66,429193.42601287784
levit_128_classification,181,67,910298.1779915227
levit_128_classification,181,68,910298.1779915227
levit_128_classification,181,69,910298.1779915227
levit_128_classification,181,70,910298.1779915227
levit_128_classification,181,71,429193.42601287784
levit_128_classification,181,72,910298.1779915227
levit_128_classification,181,73,910298.1779915227
levit_128_classification,181,74,910298.1779915227
levit_128_classification,181,75,910298.1779915227
levit_128_classification,181,76,429193.42601287784
levit_128_classification,181,77,910298.1779915227
levit_128_classification,181,78,910298.1779915227
levit_128_classification,181,79,429193.42601287784
levit_128_classification,181,80,910298.1779915227
levit_128_classification,181,81,910298.1779915227
levit_128_classification,181,82,910298.1779915227
levit_128_classification,181,83,910298.1779915227
levit_128_classification,181,84,910298.1779915227
levit_128_classification,181,85,910298.1779915227
levit_128_classification,181,86,910298.1779915227
levit_128_classification,181,87,910298.1779915227
levit_128_classification,181,88,910298.1779915227
levit_128_classification,181,89,910298.1779915227
levit_128_classification,181,90,910298.1779915227
levit_128_classification,181,91,910298.1779915227
levit_128_classification,181,92,429193.42601287784
levit_128_classification,181,93,910298.1779915227
levit_128_classification,181,94,910298.1779915227
levit_128_classification,181,95,910298.1779915227
levit_128_classification,181,96,910298.1779915227
levit_128_classification,181,97,910298.1779915227
levit_128_classification,181,98,910298.1779915227
levit_128_classification,181,99,1930697.7288832497
levit_128_classification,181,100,910298.1779915227
coat_lite_tiny_classification,219,1,10000.0
coat_lite_tiny_classification,219,2,10000.0
coat_lite_tiny_classification,219,3,10000.0
coat_lite_tiny_classification,219,4,10000.0
coat_lite_tiny_classification,219,5,10000.0
coat_lite_tiny_classification,219,6,10000.0
coat_lite_tiny_classification,219,7,10000.0
coat_lite_tiny_classification,219,8,10000.0
coat_lite_tiny_classification,219,9,10000.0
coat_lite_tiny_classification,219,10,10000.0
coat_lite_tiny_classification,219,11,10000.0
coat_lite_tiny_classification,219,12,10000.0
coat_lite_tiny_classification,219,13,10000.0
coat_lite_tiny_classification,219,14,10000.0
coat_lite_tiny_classification,219,15,10000.0
coat_lite_tiny_classification,219,16,10000.0
coat_lite_tiny_classification,219,17,10000.0
coat_lite_tiny_classification,219,18,10000.0
coat_lite_tiny_classification,219,19,10000.0
coat_lite_tiny_classification,219,20,10000.0
coat_lite_tiny_classification,219,21,10000.0
coat_lite_tiny_classification,219,22,10000.0
coat_lite_tiny_classification,219,23,10000.0
coat_lite_tiny_classification,219,24,10000.0
coat_lite_tiny_classification,219,25,10000.0
coat_lite_tiny_classification,219,26,10000.0
coat_lite_tiny_classification,219,27,10000.0
coat_lite_tiny_classification,219,28,10000.0
coat_lite_tiny_classification,219,29,10000.0
coat_lite_tiny_classification,219,30,10000.0
coat_lite_tiny_classification,219,31,10000.0
coat_lite_tiny_classification,219,32,10000.0
coat_lite_tiny_classification,219,33,10000.0
coat_lite_tiny_classification,219,34,10000.0
coat_lite_tiny_classification,219,35,10000.0
coat_lite_tiny_classification,219,36,10000.0
coat_lite_tiny_classification,219,37,10000.0
coat_lite_tiny_classification,219,38,10000.0
coat_lite_tiny_classification,219,39,10000.0
coat_lite_tiny_classification,219,40,10000.0
coat_lite_tiny_classification,219,41,10000.0
coat_lite_tiny_classification,219,42,10000.0
coat_lite_tiny_classification,219,43,10000.0
coat_lite_tiny_classification,219,44,10000.0
coat_lite_tiny_classification,219,45,10000.0
coat_lite_tiny_classification,219,46,10000.0
coat_lite_tiny_classification,219,47,10000.0
coat_lite_tiny_classification,219,48,10000.0
coat_lite_tiny_classification,219,49,10000.0
coat_lite_tiny_classification,219,50,10000.0
coat_lite_tiny_classification,219,51,10000.0
coat_lite_tiny_classification,219,52,10000.0
coat_lite_tiny_classification,219,53,10000.0
coat_lite_tiny_classification,219,54,10000.0
coat_lite_tiny_classification,219,55,10000.0
coat_lite_tiny_classification,219,56,10000.0
coat_lite_tiny_classification,219,57,10000.0
coat_lite_tiny_classification,219,58,10000.0
coat_lite_tiny_classification,219,59,10000.0
coat_lite_tiny_classification,219,60,10000.0
coat_lite_tiny_classification,219,61,10000.0
coat_lite_tiny_classification,219,62,10000.0
coat_lite_tiny_classification,219,63,10000.0
coat_lite_tiny_classification,219,64,10000.0
coat_lite_tiny_classification,219,65,10000.0
coat_lite_tiny_classification,219,66,10000.0
coat_lite_tiny_classification,219,67,10000.0
coat_lite_tiny_classification,219,68,10000.0
coat_lite_tiny_classification,219,69,10000.0
coat_lite_tiny_classification,219,70,10000.0
coat_lite_tiny_classification,219,71,10000.0
coat_lite_tiny_classification,219,72,10000.0
coat_lite_tiny_classification,219,73,10000.0
coat_lite_tiny_classification,219,74,10000.0
coat_lite_tiny_classification,219,75,10000.0
coat_lite_tiny_classification,219,76,10000.0
coat_lite_tiny_classification,219,77,10000.0
coat_lite_tiny_classification,219,78,10000.0
coat_lite_tiny_classification,219,79,10000.0
coat_lite_tiny_classification,219,80,10000.0
coat_lite_tiny_classification,219,81,10000.0
coat_lite_tiny_classification,219,82,10000.0
coat_lite_tiny_classification,219,83,10000.0
coat_lite_tiny_classification,219,84,10000.0
coat_lite_tiny_classification,219,85,10000.0
coat_lite_tiny_classification,219,86,10000.0
coat_lite_tiny_classification,219,87,10000.0
coat_lite_tiny_classification,219,88,10000.0
coat_lite_tiny_classification,219,89,10000.0
coat_lite_tiny_classification,219,90,10000.0
coat_lite_tiny_classification,219,91,10000.0
coat_lite_tiny_classification,219,92,10000.0
coat_lite_tiny_classification,219,93,10000.0
coat_lite_tiny_classification,219,94,10000.0
coat_lite_tiny_classification,219,95,10000.0
coat_lite_tiny_classification,219,96,10000.0
coat_lite_tiny_classification,219,97,10000.0
coat_lite_tiny_classification,219,98,10000.0
coat_lite_tiny_classification,219,99,10000.0
coat_lite_tiny_classification,219,100,10000.0
visformer_small_classification,163,1,44984.32668969444
visformer_small_classification,163,2,21209.508879201927
visformer_small_classification,163,3,21209.508879201927
visformer_small_classification,163,4,21209.508879201927
visformer_small_classification,163,5,44984.32668969444
visformer_small_classification,163,6,44984.32668969444
visformer_small_classification,163,7,44984.32668969444
visformer_small_classification,163,8,95409.54763499944
visformer_small_classification,163,9,44984.32668969444
visformer_small_classification,163,10,44984.32668969444
visformer_small_classification,163,11,44984.32668969444
visformer_small_classification,163,12,21209.508879201927
visformer_small_classification,163,13,95409.54763499944
visformer_small_classification,163,14,44984.32668969444
visformer_small_classification,163,15,44984.32668969444
visformer_small_classification,163,16,44984.32668969444
visformer_small_classification,163,17,44984.32668969444
visformer_small_classification,163,18,95409.54763499944
visformer_small_classification,163,19,44984.32668969444
visformer_small_classification,163,20,95409.54763499944
visformer_small_classification,163,21,95409.54763499944
visformer_small_classification,163,22,95409.54763499944
visformer_small_classification,163,23,44984.32668969444
visformer_small_classification,163,24,95409.54763499944
visformer_small_classification,163,25,44984.32668969444
visformer_small_classification,163,26,95409.54763499944
visformer_small_classification,163,27,44984.32668969444
visformer_small_classification,163,28,95409.54763499944
visformer_small_classification,163,29,95409.54763499944
visformer_small_classification,163,30,95409.54763499944
visformer_small_classification,163,31,44984.32668969444
visformer_small_classification,163,32,44984.32668969444
visformer_small_classification,163,33,95409.54763499944
visformer_small_classification,163,34,95409.54763499944
visformer_small_classification,163,35,95409.54763499944
visformer_small_classification,163,36,95409.54763499944
visformer_small_classification,163,37,95409.54763499944
visformer_small_classification,163,38,44984.32668969444
visformer_small_classification,163,39,44984.32668969444
visformer_small_classification,163,40,95409.54763499944
visformer_small_classification,163,41,95409.54763499944
visformer_small_classification,163,42,95409.54763499944
visformer_small_classification,163,43,95409.54763499944
visformer_small_classification,163,44,95409.54763499944
visformer_small_classification,163,45,44984.32668969444
visformer_small_classification,163,46,95409.54763499944
visformer_small_classification,163,47,95409.54763499944
visformer_small_classification,163,48,44984.32668969444
visformer_small_classification,163,49,95409.54763499944
visformer_small_classification,163,50,95409.54763499944
visformer_small_classification,163,51,44984.32668969444
visformer_small_classification,163,52,95409.54763499944
visformer_small_classification,163,53,44984.32668969444
visformer_small_classification,163,54,95409.54763499944
visformer_small_classification,163,55,95409.54763499944
visformer_small_classification,163,56,44984.32668969444
visformer_small_classification,163,57,44984.32668969444
visformer_small_classification,163,58,95409.54763499944
visformer_small_classification,163,59,95409.54763499944
visformer_small_classification,163,60,95409.54763499944
visformer_small_classification,163,61,95409.54763499944
visformer_small_classification,163,62,95409.54763499944
visformer_small_classification,163,63,95409.54763499944
visformer_small_classification,163,64,95409.54763499944
visformer_small_classification,163,65,44984.32668969444
visformer_small_classification,163,66,95409.54763499944
visformer_small_classification,163,67,95409.54763499944
visformer_small_classification,163,68,202358.96477251555
visformer_small_classification,163,69,95409.54763499944
visformer_small_classification,163,70,95409.54763499944
visformer_small_classification,163,71,44984.32668969444
visformer_small_classification,163,72,95409.54763499944
visformer_small_classification,163,73,95409.54763499944
visformer_small_classification,163,74,95409.54763499944
visformer_small_classification,163,75,95409.54763499944
visformer_small_classification,163,76,44984.32668969444
visformer_small_classification,163,77,95409.54763499944
visformer_small_classification,163,78,95409.54763499944
visformer_small_classification,163,79,95409.54763499944
visformer_small_classification,163,80,95409.54763499944
visformer_small_classification,163,81,95409.54763499944
visformer_small_classification,163,82,95409.54763499944
visformer_small_classification,163,83,95409.54763499944
visformer_small_classification,163,84,95409.54763499944
visformer_small_classification,163,85,95409.54763499944
visformer_small_classification,163,86,95409.54763499944
visformer_small_classification,163,87,95409.54763499944
visformer_small_classification,163,88,95409.54763499944
visformer_small_classification,163,89,95409.54763499944
visformer_small_classification,163,90,95409.54763499944
visformer_small_classification,163,91,95409.54763499944
visformer_small_classification,163,92,44984.32668969444
visformer_small_classification,163,93,95409.54763499944
visformer_small_classification,163,94,95409.54763499944
visformer_small_classification,163,95,95409.54763499944
visformer_small_classification,163,96,95409.54763499944
visformer_small_classification,163,97,95409.54763499944
visformer_small_classification,163,98,95409.54763499944
visformer_small_classification,163,99,202358.96477251555
visformer_small_classification,163,100,95409.54763499944
convit_base_classification,201,1,429193.42601287784
convit_base_classification,201,2,95409.54763499944
convit_base_classification,201,3,95409.54763499944
convit_base_classification,201,4,95409.54763499944
convit_base_classification,201,5,202358.96477251555
convit_base_classification,201,6,202358.96477251555
convit_base_classification,201,7,202358.96477251555
convit_base_classification,201,8,429193.42601287784
convit_base_classification,201,9,202358.96477251555
convit_base_classification,201,10,202358.96477251555
convit_base_classification,201,11,202358.96477251555
convit_base_classification,201,12,95409.54763499944
convit_base_classification,201,13,429193.42601287784
convit_base_classification,201,14,202358.96477251555
convit_base_classification,201,15,202358.96477251555
convit_base_classification,201,16,429193.42601287784
convit_base_classification,201,17,202358.96477251555
convit_base_classification,201,18,429193.42601287784
convit_base_classification,201,19,202358.96477251555
convit_base_classification,201,20,429193.42601287784
convit_base_classification,201,21,202358.96477251555
convit_base_classification,201,22,429193.42601287784
convit_base_classification,201,23,429193.42601287784
convit_base_classification,201,24,429193.42601287784
convit_base_classification,201,25,202358.96477251555
convit_base_classification,201,26,429193.42601287784
convit_base_classification,201,27,429193.42601287784
convit_base_classification,201,28,429193.42601287784
convit_base_classification,201,29,429193.42601287784
convit_base_classification,201,30,429193.42601287784
convit_base_classification,201,31,202358.96477251555
convit_base_classification,201,32,202358.96477251555
convit_base_classification,201,33,429193.42601287784
convit_base_classification,201,34,429193.42601287784
convit_base_classification,201,35,429193.42601287784
convit_base_classification,201,36,429193.42601287784
convit_base_classification,201,37,429193.42601287784
convit_base_classification,201,38,202358.96477251555
convit_base_classification,201,39,429193.42601287784
convit_base_classification,201,40,429193.42601287784
convit_base_classification,201,41,429193.42601287784
convit_base_classification,201,42,429193.42601287784
convit_base_classification,201,43,429193.42601287784
convit_base_classification,201,44,429193.42601287784
convit_base_classification,201,45,202358.96477251555
convit_base_classification,201,46,910298.1779915227
convit_base_classification,201,47,429193.42601287784
convit_base_classification,201,48,95409.54763499944
convit_base_classification,201,49,429193.42601287784
convit_base_classification,201,50,429193.42601287784
convit_base_classification,201,51,202358.96477251555
convit_base_classification,201,52,429193.42601287784
convit_base_classification,201,53,202358.96477251555
convit_base_classification,201,54,429193.42601287784
convit_base_classification,201,55,429193.42601287784
convit_base_classification,201,56,202358.96477251555
convit_base_classification,201,57,429193.42601287784
convit_base_classification,201,58,429193.42601287784
convit_base_classification,201,59,910298.1779915227
convit_base_classification,201,60,429193.42601287784
convit_base_classification,201,61,429193.42601287784
convit_base_classification,201,62,429193.42601287784
convit_base_classification,201,63,202358.96477251555
convit_base_classification,201,64,429193.42601287784
convit_base_classification,201,65,202358.96477251555
convit_base_classification,201,66,429193.42601287784
convit_base_classification,201,67,429193.42601287784
convit_base_classification,201,68,910298.1779915227
convit_base_classification,201,69,429193.42601287784
convit_base_classification,201,70,429193.42601287784
convit_base_classification,201,71,429193.42601287784
convit_base_classification,201,72,429193.42601287784
convit_base_classification,201,73,429193.42601287784
convit_base_classification,201,74,429193.42601287784
convit_base_classification,201,75,429193.42601287784
convit_base_classification,201,76,202358.96477251555
convit_base_classification,201,77,429193.42601287784
convit_base_classification,201,78,429193.42601287784
convit_base_classification,201,79,429193.42601287784
convit_base_classification,201,80,429193.42601287784
convit_base_classification,201,81,429193.42601287784
convit_base_classification,201,82,429193.42601287784
convit_base_classification,201,83,429193.42601287784
convit_base_classification,201,84,429193.42601287784
convit_base_classification,201,85,429193.42601287784
convit_base_classification,201,86,910298.1779915227
convit_base_classification,201,87,429193.42601287784
convit_base_classification,201,88,429193.42601287784
convit_base_classification,201,89,429193.42601287784
convit_base_classification,201,90,429193.42601287784
convit_base_classification,201,91,429193.42601287784
convit_base_classification,201,92,429193.42601287784
convit_base_classification,201,93,910298.1779915227
convit_base_classification,201,94,429193.42601287784
convit_base_classification,201,95,429193.42601287784
convit_base_classification,201,96,429193.42601287784
convit_base_classification,201,97,429193.42601287784
convit_base_classification,201,98,910298.1779915227
convit_base_classification,201,99,910298.1779915227
convit_base_classification,201,100,429193.42601287784
RN50_clip,179,1,44984.32668969444
RN50_clip,179,2,21209.508879201927
RN50_clip,179,3,10000.0
RN50_clip,179,4,10000.0
RN50_clip,179,5,21209.508879201927
RN50_clip,179,6,21209.508879201927
RN50_clip,179,7,21209.508879201927
RN50_clip,179,8,44984.32668969444
RN50_clip,179,9,21209.508879201927
RN50_clip,179,10,21209.508879201927
RN50_clip,179,11,21209.508879201927
RN50_clip,179,12,10000.0
RN50_clip,179,13,44984.32668969444
RN50_clip,179,14,21209.508879201927
RN50_clip,179,15,21209.508879201927
RN50_clip,179,16,44984.32668969444
RN50_clip,179,17,21209.508879201927
RN50_clip,179,18,44984.32668969444
RN50_clip,179,19,21209.508879201927
RN50_clip,179,20,44984.32668969444
RN50_clip,179,21,21209.508879201927
RN50_clip,179,22,44984.32668969444
RN50_clip,179,23,21209.508879201927
RN50_clip,179,24,44984.32668969444
RN50_clip,179,25,21209.508879201927
RN50_clip,179,26,44984.32668969444
RN50_clip,179,27,44984.32668969444
RN50_clip,179,28,44984.32668969444
RN50_clip,179,29,21209.508879201927
RN50_clip,179,30,44984.32668969444
RN50_clip,179,31,21209.508879201927
RN50_clip,179,32,21209.508879201927
RN50_clip,179,33,44984.32668969444
RN50_clip,179,34,44984.32668969444
RN50_clip,179,35,21209.508879201927
RN50_clip,179,36,44984.32668969444
RN50_clip,179,37,44984.32668969444
RN50_clip,179,38,21209.508879201927
RN50_clip,179,39,44984.32668969444
RN50_clip,179,40,44984.32668969444
RN50_clip,179,41,44984.32668969444
RN50_clip,179,42,21209.508879201927
RN50_clip,179,43,44984.32668969444
RN50_clip,179,44,44984.32668969444
RN50_clip,179,45,21209.508879201927
RN50_clip,179,46,44984.32668969444
RN50_clip,179,47,44984.32668969444
RN50_clip,179,48,21209.508879201927
RN50_clip,179,49,21209.508879201927
RN50_clip,179,50,21209.508879201927
RN50_clip,179,51,21209.508879201927
RN50_clip,179,52,44984.32668969444
RN50_clip,179,53,21209.508879201927
RN50_clip,179,54,44984.32668969444
RN50_clip,179,55,44984.32668969444
RN50_clip,179,56,21209.508879201927
RN50_clip,179,57,44984.32668969444
RN50_clip,179,58,21209.508879201927
RN50_clip,179,59,44984.32668969444
RN50_clip,179,60,44984.32668969444
RN50_clip,179,61,44984.32668969444
RN50_clip,179,62,44984.32668969444
RN50_clip,179,63,21209.508879201927
RN50_clip,179,64,44984.32668969444
RN50_clip,179,65,21209.508879201927
RN50_clip,179,66,44984.32668969444
RN50_clip,179,67,44984.32668969444
RN50_clip,179,68,95409.54763499944
RN50_clip,179,69,44984.32668969444
RN50_clip,179,70,44984.32668969444
RN50_clip,179,71,21209.508879201927
RN50_clip,179,72,44984.32668969444
RN50_clip,179,73,44984.32668969444
RN50_clip,179,74,44984.32668969444
RN50_clip,179,75,44984.32668969444
RN50_clip,179,76,21209.508879201927
RN50_clip,179,77,44984.32668969444
RN50_clip,179,78,44984.32668969444
RN50_clip,179,79,21209.508879201927
RN50_clip,179,80,44984.32668969444
RN50_clip,179,81,44984.32668969444
RN50_clip,179,82,44984.32668969444
RN50_clip,179,83,44984.32668969444
RN50_clip,179,84,44984.32668969444
RN50_clip,179,85,44984.32668969444
RN50_clip,179,86,44984.32668969444
RN50_clip,179,87,44984.32668969444
RN50_clip,179,88,44984.32668969444
RN50_clip,179,89,44984.32668969444
RN50_clip,179,90,44984.32668969444
RN50_clip,179,91,44984.32668969444
RN50_clip,179,92,21209.508879201927
RN50_clip,179,93,44984.32668969444
RN50_clip,179,94,44984.32668969444
RN50_clip,179,95,44984.32668969444
RN50_clip,179,96,44984.32668969444
RN50_clip,179,97,44984.32668969444
RN50_clip,179,98,44984.32668969444
RN50_clip,179,99,95409.54763499944
RN50_clip,179,100,44984.32668969444
RN101_clip,366,1,44984.32668969444
RN101_clip,366,2,21209.508879201927
RN101_clip,366,3,10000.0
RN101_clip,366,4,10000.0
RN101_clip,366,5,21209.508879201927
RN101_clip,366,6,21209.508879201927
RN101_clip,366,7,21209.508879201927
RN101_clip,366,8,44984.32668969444
RN101_clip,366,9,21209.508879201927
RN101_clip,366,10,21209.508879201927
RN101_clip,366,11,21209.508879201927
RN101_clip,366,12,10000.0
RN101_clip,366,13,44984.32668969444
RN101_clip,366,14,21209.508879201927
RN101_clip,366,15,21209.508879201927
RN101_clip,366,16,44984.32668969444
RN101_clip,366,17,44984.32668969444
RN101_clip,366,18,44984.32668969444
RN101_clip,366,19,21209.508879201927
RN101_clip,366,20,44984.32668969444
RN101_clip,366,21,21209.508879201927
RN101_clip,366,22,44984.32668969444
RN101_clip,366,23,44984.32668969444
RN101_clip,366,24,44984.32668969444
RN101_clip,366,25,44984.32668969444
RN101_clip,366,26,44984.32668969444
RN101_clip,366,27,44984.32668969444
RN101_clip,366,28,44984.32668969444
RN101_clip,366,29,44984.32668969444
RN101_clip,366,30,44984.32668969444
RN101_clip,366,31,21209.508879201927
RN101_clip,366,32,21209.508879201927
RN101_clip,366,33,44984.32668969444
RN101_clip,366,34,95409.54763499944
RN101_clip,366,35,21209.508879201927
RN101_clip,366,36,44984.32668969444
RN101_clip,366,37,95409.54763499944
RN101_clip,366,38,21209.508879201927
RN101_clip,366,39,44984.32668969444
RN101_clip,366,40,44984.32668969444
RN101_clip,366,41,44984.32668969444
RN101_clip,366,42,44984.32668969444
RN101_clip,366,43,44984.32668969444
RN101_clip,366,44,95409.54763499944
RN101_clip,366,45,21209.508879201927
RN101_clip,366,46,95409.54763499944
RN101_clip,366,47,44984.32668969444
RN101_clip,366,48,21209.508879201927
RN101_clip,366,49,21209.508879201927
RN101_clip,366,50,44984.32668969444
RN101_clip,366,51,44984.32668969444
RN101_clip,366,52,44984.32668969444
RN101_clip,366,53,44984.32668969444
RN101_clip,366,54,44984.32668969444
RN101_clip,366,55,44984.32668969444
RN101_clip,366,56,44984.32668969444
RN101_clip,366,57,44984.32668969444
RN101_clip,366,58,44984.32668969444
RN101_clip,366,59,95409.54763499944
RN101_clip,366,60,44984.32668969444
RN101_clip,366,61,44984.32668969444
RN101_clip,366,62,44984.32668969444
RN101_clip,366,63,44984.32668969444
RN101_clip,366,64,44984.32668969444
RN101_clip,366,65,21209.508879201927
RN101_clip,366,66,44984.32668969444
RN101_clip,366,67,95409.54763499944
RN101_clip,366,68,95409.54763499944
RN101_clip,366,69,44984.32668969444
RN101_clip,366,70,44984.32668969444
RN101_clip,366,71,21209.508879201927
RN101_clip,366,72,44984.32668969444
RN101_clip,366,73,95409.54763499944
RN101_clip,366,74,44984.32668969444
RN101_clip,366,75,95409.54763499944
RN101_clip,366,76,44984.32668969444
RN101_clip,366,77,44984.32668969444
RN101_clip,366,78,95409.54763499944
RN101_clip,366,79,44984.32668969444
RN101_clip,366,80,44984.32668969444
RN101_clip,366,81,44984.32668969444
RN101_clip,366,82,44984.32668969444
RN101_clip,366,83,44984.32668969444
RN101_clip,366,84,44984.32668969444
RN101_clip,366,85,44984.32668969444
RN101_clip,366,86,44984.32668969444
RN101_clip,366,87,44984.32668969444
RN101_clip,366,88,44984.32668969444
RN101_clip,366,89,44984.32668969444
RN101_clip,366,90,44984.32668969444
RN101_clip,366,91,44984.32668969444
RN101_clip,366,92,21209.508879201927
RN101_clip,366,93,44984.32668969444
RN101_clip,366,94,44984.32668969444
RN101_clip,366,95,44984.32668969444
RN101_clip,366,96,44984.32668969444
RN101_clip,366,97,44984.32668969444
RN101_clip,366,98,95409.54763499944
RN101_clip,366,99,95409.54763499944
RN101_clip,366,100,44984.32668969444
ResNet50-SimCLR_selfsupervised,162,1,44984.32668969444
ResNet50-SimCLR_selfsupervised,162,2,21209.508879201927
ResNet50-SimCLR_selfsupervised,162,3,21209.508879201927
ResNet50-SimCLR_selfsupervised,162,4,10000.0
ResNet50-SimCLR_selfsupervised,162,5,21209.508879201927
ResNet50-SimCLR_selfsupervised,162,6,21209.508879201927
ResNet50-SimCLR_selfsupervised,162,7,21209.508879201927
ResNet50-SimCLR_selfsupervised,162,8,95409.54763499944
ResNet50-SimCLR_selfsupervised,162,9,21209.508879201927
ResNet50-SimCLR_selfsupervised,162,10,21209.508879201927
ResNet50-SimCLR_selfsupervised,162,11,21209.508879201927
ResNet50-SimCLR_selfsupervised,162,12,21209.508879201927
ResNet50-SimCLR_selfsupervised,162,13,44984.32668969444
ResNet50-SimCLR_selfsupervised,162,14,44984.32668969444
ResNet50-SimCLR_selfsupervised,162,15,21209.508879201927
ResNet50-SimCLR_selfsupervised,162,16,44984.32668969444
ResNet50-SimCLR_selfsupervised,162,17,44984.32668969444
ResNet50-SimCLR_selfsupervised,162,18,44984.32668969444
ResNet50-SimCLR_selfsupervised,162,19,44984.32668969444
ResNet50-SimCLR_selfsupervised,162,20,44984.32668969444
ResNet50-SimCLR_selfsupervised,162,21,44984.32668969444
ResNet50-SimCLR_selfsupervised,162,22,44984.32668969444
ResNet50-SimCLR_selfsupervised,162,23,44984.32668969444
ResNet50-SimCLR_selfsupervised,162,24,44984.32668969444
ResNet50-SimCLR_selfsupervised,162,25,21209.508879201927
ResNet50-SimCLR_selfsupervised,162,26,44984.32668969444
ResNet50-SimCLR_selfsupervised,162,27,44984.32668969444
ResNet50-SimCLR_selfsupervised,162,28,95409.54763499944
ResNet50-SimCLR_selfsupervised,162,29,44984.32668969444
ResNet50-SimCLR_selfsupervised,162,30,44984.32668969444
ResNet50-SimCLR_selfsupervised,162,31,21209.508879201927
ResNet50-SimCLR_selfsupervised,162,32,21209.508879201927
ResNet50-SimCLR_selfsupervised,162,33,44984.32668969444
ResNet50-SimCLR_selfsupervised,162,34,44984.32668969444
ResNet50-SimCLR_selfsupervised,162,35,44984.32668969444
ResNet50-SimCLR_selfsupervised,162,36,44984.32668969444
ResNet50-SimCLR_selfsupervised,162,37,44984.32668969444
ResNet50-SimCLR_selfsupervised,162,38,21209.508879201927
ResNet50-SimCLR_selfsupervised,162,39,44984.32668969444
ResNet50-SimCLR_selfsupervised,162,40,44984.32668969444
ResNet50-SimCLR_selfsupervised,162,41,44984.32668969444
ResNet50-SimCLR_selfsupervised,162,42,44984.32668969444
ResNet50-SimCLR_selfsupervised,162,43,44984.32668969444
ResNet50-SimCLR_selfsupervised,162,44,95409.54763499944
ResNet50-SimCLR_selfsupervised,162,45,44984.32668969444
ResNet50-SimCLR_selfsupervised,162,46,95409.54763499944
ResNet50-SimCLR_selfsupervised,162,47,44984.32668969444
ResNet50-SimCLR_selfsupervised,162,48,21209.508879201927
ResNet50-SimCLR_selfsupervised,162,49,44984.32668969444
ResNet50-SimCLR_selfsupervised,162,50,44984.32668969444
ResNet50-SimCLR_selfsupervised,162,51,21209.508879201927
ResNet50-SimCLR_selfsupervised,162,52,95409.54763499944
ResNet50-SimCLR_selfsupervised,162,53,21209.508879201927
ResNet50-SimCLR_selfsupervised,162,54,44984.32668969444
ResNet50-SimCLR_selfsupervised,162,55,44984.32668969444
ResNet50-SimCLR_selfsupervised,162,56,44984.32668969444
ResNet50-SimCLR_selfsupervised,162,57,44984.32668969444
ResNet50-SimCLR_selfsupervised,162,58,44984.32668969444
ResNet50-SimCLR_selfsupervised,162,59,95409.54763499944
ResNet50-SimCLR_selfsupervised,162,60,44984.32668969444
ResNet50-SimCLR_selfsupervised,162,61,44984.32668969444
ResNet50-SimCLR_selfsupervised,162,62,44984.32668969444
ResNet50-SimCLR_selfsupervised,162,63,44984.32668969444
ResNet50-SimCLR_selfsupervised,162,64,44984.32668969444
ResNet50-SimCLR_selfsupervised,162,65,21209.508879201927
ResNet50-SimCLR_selfsupervised,162,66,44984.32668969444
ResNet50-SimCLR_selfsupervised,162,67,44984.32668969444
ResNet50-SimCLR_selfsupervised,162,68,95409.54763499944
ResNet50-SimCLR_selfsupervised,162,69,44984.32668969444
ResNet50-SimCLR_selfsupervised,162,70,44984.32668969444
ResNet50-SimCLR_selfsupervised,162,71,44984.32668969444
ResNet50-SimCLR_selfsupervised,162,72,44984.32668969444
ResNet50-SimCLR_selfsupervised,162,73,44984.32668969444
ResNet50-SimCLR_selfsupervised,162,74,44984.32668969444
ResNet50-SimCLR_selfsupervised,162,75,95409.54763499944
ResNet50-SimCLR_selfsupervised,162,76,44984.32668969444
ResNet50-SimCLR_selfsupervised,162,77,44984.32668969444
ResNet50-SimCLR_selfsupervised,162,78,95409.54763499944
ResNet50-SimCLR_selfsupervised,162,79,44984.32668969444
ResNet50-SimCLR_selfsupervised,162,80,44984.32668969444
ResNet50-SimCLR_selfsupervised,162,81,95409.54763499944
ResNet50-SimCLR_selfsupervised,162,82,44984.32668969444
ResNet50-SimCLR_selfsupervised,162,83,44984.32668969444
ResNet50-SimCLR_selfsupervised,162,84,44984.32668969444
ResNet50-SimCLR_selfsupervised,162,85,44984.32668969444
ResNet50-SimCLR_selfsupervised,162,86,44984.32668969444
ResNet50-SimCLR_selfsupervised,162,87,95409.54763499944
ResNet50-SimCLR_selfsupervised,162,88,44984.32668969444
ResNet50-SimCLR_selfsupervised,162,89,44984.32668969444
ResNet50-SimCLR_selfsupervised,162,90,44984.32668969444
ResNet50-SimCLR_selfsupervised,162,91,44984.32668969444
ResNet50-SimCLR_selfsupervised,162,92,44984.32668969444
ResNet50-SimCLR_selfsupervised,162,93,95409.54763499944
ResNet50-SimCLR_selfsupervised,162,94,44984.32668969444
ResNet50-SimCLR_selfsupervised,162,95,44984.32668969444
ResNet50-SimCLR_selfsupervised,162,96,44984.32668969444
ResNet50-SimCLR_selfsupervised,162,97,44984.32668969444
ResNet50-SimCLR_selfsupervised,162,98,95409.54763499944
ResNet50-SimCLR_selfsupervised,162,99,95409.54763499944
ResNet50-SimCLR_selfsupervised,162,100,95409.54763499944
ResNet50-DeepClusterV2-2x224_selfsupervised,162,1,910298.1779915227
ResNet50-DeepClusterV2-2x224_selfsupervised,162,2,429193.42601287784
ResNet50-DeepClusterV2-2x224_selfsupervised,162,3,202358.96477251555
ResNet50-DeepClusterV2-2x224_selfsupervised,162,4,202358.96477251555
ResNet50-DeepClusterV2-2x224_selfsupervised,162,5,429193.42601287784
ResNet50-DeepClusterV2-2x224_selfsupervised,162,6,429193.42601287784
ResNet50-DeepClusterV2-2x224_selfsupervised,162,7,429193.42601287784
ResNet50-DeepClusterV2-2x224_selfsupervised,162,8,910298.1779915227
ResNet50-DeepClusterV2-2x224_selfsupervised,162,9,429193.42601287784
ResNet50-DeepClusterV2-2x224_selfsupervised,162,10,429193.42601287784
ResNet50-DeepClusterV2-2x224_selfsupervised,162,11,429193.42601287784
ResNet50-DeepClusterV2-2x224_selfsupervised,162,12,202358.96477251555
ResNet50-DeepClusterV2-2x224_selfsupervised,162,13,910298.1779915227
ResNet50-DeepClusterV2-2x224_selfsupervised,162,14,429193.42601287784
ResNet50-DeepClusterV2-2x224_selfsupervised,162,15,429193.42601287784
ResNet50-DeepClusterV2-2x224_selfsupervised,162,16,429193.42601287784
ResNet50-DeepClusterV2-2x224_selfsupervised,162,17,910298.1779915227
ResNet50-DeepClusterV2-2x224_selfsupervised,162,18,910298.1779915227
ResNet50-DeepClusterV2-2x224_selfsupervised,162,19,429193.42601287784
ResNet50-DeepClusterV2-2x224_selfsupervised,162,20,910298.1779915227
ResNet50-DeepClusterV2-2x224_selfsupervised,162,21,429193.42601287784
ResNet50-DeepClusterV2-2x224_selfsupervised,162,22,910298.1779915227
ResNet50-DeepClusterV2-2x224_selfsupervised,162,23,429193.42601287784
ResNet50-DeepClusterV2-2x224_selfsupervised,162,24,910298.1779915227
ResNet50-DeepClusterV2-2x224_selfsupervised,162,25,429193.42601287784
ResNet50-DeepClusterV2-2x224_selfsupervised,162,26,910298.1779915227
ResNet50-DeepClusterV2-2x224_selfsupervised,162,27,429193.42601287784
ResNet50-DeepClusterV2-2x224_selfsupervised,162,28,910298.1779915227
ResNet50-DeepClusterV2-2x224_selfsupervised,162,29,910298.1779915227
ResNet50-DeepClusterV2-2x224_selfsupervised,162,30,910298.1779915227
ResNet50-DeepClusterV2-2x224_selfsupervised,162,31,429193.42601287784
ResNet50-DeepClusterV2-2x224_selfsupervised,162,32,429193.42601287784
ResNet50-DeepClusterV2-2x224_selfsupervised,162,33,910298.1779915227
ResNet50-DeepClusterV2-2x224_selfsupervised,162,34,910298.1779915227
ResNet50-DeepClusterV2-2x224_selfsupervised,162,35,910298.1779915227
ResNet50-DeepClusterV2-2x224_selfsupervised,162,36,910298.1779915227
ResNet50-DeepClusterV2-2x224_selfsupervised,162,37,910298.1779915227
ResNet50-DeepClusterV2-2x224_selfsupervised,162,38,429193.42601287784
ResNet50-DeepClusterV2-2x224_selfsupervised,162,39,910298.1779915227
ResNet50-DeepClusterV2-2x224_selfsupervised,162,40,910298.1779915227
ResNet50-DeepClusterV2-2x224_selfsupervised,162,41,910298.1779915227
ResNet50-DeepClusterV2-2x224_selfsupervised,162,42,429193.42601287784
ResNet50-DeepClusterV2-2x224_selfsupervised,162,43,910298.1779915227
ResNet50-DeepClusterV2-2x224_selfsupervised,162,44,910298.1779915227
ResNet50-DeepClusterV2-2x224_selfsupervised,162,45,429193.42601287784
ResNet50-DeepClusterV2-2x224_selfsupervised,162,46,910298.1779915227
ResNet50-DeepClusterV2-2x224_selfsupervised,162,47,910298.1779915227
ResNet50-DeepClusterV2-2x224_selfsupervised,162,48,429193.42601287784
ResNet50-DeepClusterV2-2x224_selfsupervised,162,49,910298.1779915227
ResNet50-DeepClusterV2-2x224_selfsupervised,162,50,910298.1779915227
ResNet50-DeepClusterV2-2x224_selfsupervised,162,51,429193.42601287784
ResNet50-DeepClusterV2-2x224_selfsupervised,162,52,910298.1779915227
ResNet50-DeepClusterV2-2x224_selfsupervised,162,53,429193.42601287784
ResNet50-DeepClusterV2-2x224_selfsupervised,162,54,910298.1779915227
ResNet50-DeepClusterV2-2x224_selfsupervised,162,55,910298.1779915227
ResNet50-DeepClusterV2-2x224_selfsupervised,162,56,429193.42601287784
ResNet50-DeepClusterV2-2x224_selfsupervised,162,57,429193.42601287784
ResNet50-DeepClusterV2-2x224_selfsupervised,162,58,429193.42601287784
ResNet50-DeepClusterV2-2x224_selfsupervised,162,59,910298.1779915227
ResNet50-DeepClusterV2-2x224_selfsupervised,162,60,910298.1779915227
ResNet50-DeepClusterV2-2x224_selfsupervised,162,61,910298.1779915227
ResNet50-DeepClusterV2-2x224_selfsupervised,162,62,429193.42601287784
ResNet50-DeepClusterV2-2x224_selfsupervised,162,63,910298.1779915227
ResNet50-DeepClusterV2-2x224_selfsupervised,162,64,910298.1779915227
ResNet50-DeepClusterV2-2x224_selfsupervised,162,65,429193.42601287784
ResNet50-DeepClusterV2-2x224_selfsupervised,162,66,910298.1779915227
ResNet50-DeepClusterV2-2x224_selfsupervised,162,67,910298.1779915227
ResNet50-DeepClusterV2-2x224_selfsupervised,162,68,1930697.7288832497
ResNet50-DeepClusterV2-2x224_selfsupervised,162,69,910298.1779915227
ResNet50-DeepClusterV2-2x224_selfsupervised,162,70,910298.1779915227
ResNet50-DeepClusterV2-2x224_selfsupervised,162,71,429193.42601287784
ResNet50-DeepClusterV2-2x224_selfsupervised,162,72,910298.1779915227
ResNet50-DeepClusterV2-2x224_selfsupervised,162,73,910298.1779915227
ResNet50-DeepClusterV2-2x224_selfsupervised,162,74,910298.1779915227
ResNet50-DeepClusterV2-2x224_selfsupervised,162,75,910298.1779915227
ResNet50-DeepClusterV2-2x224_selfsupervised,162,76,910298.1779915227
ResNet50-DeepClusterV2-2x224_selfsupervised,162,77,910298.1779915227
ResNet50-DeepClusterV2-2x224_selfsupervised,162,78,910298.1779915227
ResNet50-DeepClusterV2-2x224_selfsupervised,162,79,910298.1779915227
ResNet50-DeepClusterV2-2x224_selfsupervised,162,80,910298.1779915227
ResNet50-DeepClusterV2-2x224_selfsupervised,162,81,910298.1779915227
ResNet50-DeepClusterV2-2x224_selfsupervised,162,82,910298.1779915227
ResNet50-DeepClusterV2-2x224_selfsupervised,162,83,910298.1779915227
ResNet50-DeepClusterV2-2x224_selfsupervised,162,84,910298.1779915227
ResNet50-DeepClusterV2-2x224_selfsupervised,162,85,910298.1779915227
ResNet50-DeepClusterV2-2x224_selfsupervised,162,86,910298.1779915227
ResNet50-DeepClusterV2-2x224_selfsupervised,162,87,910298.1779915227
ResNet50-DeepClusterV2-2x224_selfsupervised,162,88,910298.1779915227
ResNet50-DeepClusterV2-2x224_selfsupervised,162,89,910298.1779915227
ResNet50-DeepClusterV2-2x224_selfsupervised,162,90,910298.1779915227
ResNet50-DeepClusterV2-2x224_selfsupervised,162,91,910298.1779915227
ResNet50-DeepClusterV2-2x224_selfsupervised,162,92,910298.1779915227
ResNet50-DeepClusterV2-2x224_selfsupervised,162,93,910298.1779915227
ResNet50-DeepClusterV2-2x224_selfsupervised,162,94,910298.1779915227
ResNet50-DeepClusterV2-2x224_selfsupervised,162,95,910298.1779915227
ResNet50-DeepClusterV2-2x224_selfsupervised,162,96,910298.1779915227
ResNet50-DeepClusterV2-2x224_selfsupervised,162,97,910298.1779915227
ResNet50-DeepClusterV2-2x224_selfsupervised,162,98,910298.1779915227
ResNet50-DeepClusterV2-2x224_selfsupervised,162,99,1930697.7288832497
ResNet50-DeepClusterV2-2x224_selfsupervised,162,100,910298.1779915227
ResNet50-SwAV-BS4096-2x224_selfsupervised,165,1,910298.1779915227
ResNet50-SwAV-BS4096-2x224_selfsupervised,165,2,429193.42601287784
ResNet50-SwAV-BS4096-2x224_selfsupervised,165,3,202358.96477251555
ResNet50-SwAV-BS4096-2x224_selfsupervised,165,4,202358.96477251555
ResNet50-SwAV-BS4096-2x224_selfsupervised,165,5,429193.42601287784
ResNet50-SwAV-BS4096-2x224_selfsupervised,165,6,429193.42601287784
ResNet50-SwAV-BS4096-2x224_selfsupervised,165,7,429193.42601287784
ResNet50-SwAV-BS4096-2x224_selfsupervised,165,8,1930697.7288832497
ResNet50-SwAV-BS4096-2x224_selfsupervised,165,9,429193.42601287784
ResNet50-SwAV-BS4096-2x224_selfsupervised,165,10,429193.42601287784
ResNet50-SwAV-BS4096-2x224_selfsupervised,165,11,910298.1779915227
ResNet50-SwAV-BS4096-2x224_selfsupervised,165,12,429193.42601287784
ResNet50-SwAV-BS4096-2x224_selfsupervised,165,13,1930697.7288832497
ResNet50-SwAV-BS4096-2x224_selfsupervised,165,14,910298.1779915227
ResNet50-SwAV-BS4096-2x224_selfsupervised,165,15,429193.42601287784
ResNet50-SwAV-BS4096-2x224_selfsupervised,165,16,910298.1779915227
ResNet50-SwAV-BS4096-2x224_selfsupervised,165,17,910298.1779915227
ResNet50-SwAV-BS4096-2x224_selfsupervised,165,18,1930697.7288832497
ResNet50-SwAV-BS4096-2x224_selfsupervised,165,19,910298.1779915227
ResNet50-SwAV-BS4096-2x224_selfsupervised,165,20,910298.1779915227
ResNet50-SwAV-BS4096-2x224_selfsupervised,165,21,910298.1779915227
ResNet50-SwAV-BS4096-2x224_selfsupervised,165,22,910298.1779915227
ResNet50-SwAV-BS4096-2x224_selfsupervised,165,23,910298.1779915227
ResNet50-SwAV-BS4096-2x224_selfsupervised,165,24,1930697.7288832497
ResNet50-SwAV-BS4096-2x224_selfsupervised,165,25,910298.1779915227
ResNet50-SwAV-BS4096-2x224_selfsupervised,165,26,1930697.7288832497
ResNet50-SwAV-BS4096-2x224_selfsupervised,165,27,910298.1779915227
ResNet50-SwAV-BS4096-2x224_selfsupervised,165,28,1930697.7288832497
ResNet50-SwAV-BS4096-2x224_selfsupervised,165,29,910298.1779915227
ResNet50-SwAV-BS4096-2x224_selfsupervised,165,30,910298.1779915227
ResNet50-SwAV-BS4096-2x224_selfsupervised,165,31,910298.1779915227
ResNet50-SwAV-BS4096-2x224_selfsupervised,165,32,910298.1779915227
ResNet50-SwAV-BS4096-2x224_selfsupervised,165,33,910298.1779915227
ResNet50-SwAV-BS4096-2x224_selfsupervised,165,34,1930697.7288832497
ResNet50-SwAV-BS4096-2x224_selfsupervised,165,35,910298.1779915227
ResNet50-SwAV-BS4096-2x224_selfsupervised,165,36,1930697.7288832497
ResNet50-SwAV-BS4096-2x224_selfsupervised,165,37,1930697.7288832497
ResNet50-SwAV-BS4096-2x224_selfsupervised,165,38,910298.1779915227
ResNet50-SwAV-BS4096-2x224_selfsupervised,165,39,910298.1779915227
ResNet50-SwAV-BS4096-2x224_selfsupervised,165,40,910298.1779915227
ResNet50-SwAV-BS4096-2x224_selfsupervised,165,41,910298.1779915227
ResNet50-SwAV-BS4096-2x224_selfsupervised,165,42,910298.1779915227
ResNet50-SwAV-BS4096-2x224_selfsupervised,165,43,1930697.7288832497
ResNet50-SwAV-BS4096-2x224_selfsupervised,165,44,1930697.7288832497
ResNet50-SwAV-BS4096-2x224_selfsupervised,165,45,910298.1779915227
ResNet50-SwAV-BS4096-2x224_selfsupervised,165,46,1930697.7288832497
ResNet50-SwAV-BS4096-2x224_selfsupervised,165,47,910298.1779915227
ResNet50-SwAV-BS4096-2x224_selfsupervised,165,48,429193.42601287784
ResNet50-SwAV-BS4096-2x224_selfsupervised,165,49,910298.1779915227
ResNet50-SwAV-BS4096-2x224_selfsupervised,165,50,910298.1779915227
ResNet50-SwAV-BS4096-2x224_selfsupervised,165,51,910298.1779915227
ResNet50-SwAV-BS4096-2x224_selfsupervised,165,52,1930697.7288832497
ResNet50-SwAV-BS4096-2x224_selfsupervised,165,53,910298.1779915227
ResNet50-SwAV-BS4096-2x224_selfsupervised,165,54,1930697.7288832497
ResNet50-SwAV-BS4096-2x224_selfsupervised,165,55,1930697.7288832497
ResNet50-SwAV-BS4096-2x224_selfsupervised,165,56,910298.1779915227
ResNet50-SwAV-BS4096-2x224_selfsupervised,165,57,910298.1779915227
ResNet50-SwAV-BS4096-2x224_selfsupervised,165,58,910298.1779915227
ResNet50-SwAV-BS4096-2x224_selfsupervised,165,59,1930697.7288832497
ResNet50-SwAV-BS4096-2x224_selfsupervised,165,60,910298.1779915227
ResNet50-SwAV-BS4096-2x224_selfsupervised,165,61,910298.1779915227
ResNet50-SwAV-BS4096-2x224_selfsupervised,165,62,910298.1779915227
ResNet50-SwAV-BS4096-2x224_selfsupervised,165,63,910298.1779915227
ResNet50-SwAV-BS4096-2x224_selfsupervised,165,64,910298.1779915227
ResNet50-SwAV-BS4096-2x224_selfsupervised,165,65,429193.42601287784
ResNet50-SwAV-BS4096-2x224_selfsupervised,165,66,910298.1779915227
ResNet50-SwAV-BS4096-2x224_selfsupervised,165,67,1930697.7288832497
ResNet50-SwAV-BS4096-2x224_selfsupervised,165,68,1930697.7288832497
ResNet50-SwAV-BS4096-2x224_selfsupervised,165,69,910298.1779915227
ResNet50-SwAV-BS4096-2x224_selfsupervised,165,70,1930697.7288832497
ResNet50-SwAV-BS4096-2x224_selfsupervised,165,71,910298.1779915227
ResNet50-SwAV-BS4096-2x224_selfsupervised,165,72,1930697.7288832497
ResNet50-SwAV-BS4096-2x224_selfsupervised,165,73,1930697.7288832497
ResNet50-SwAV-BS4096-2x224_selfsupervised,165,74,910298.1779915227
ResNet50-SwAV-BS4096-2x224_selfsupervised,165,75,1930697.7288832497
ResNet50-SwAV-BS4096-2x224_selfsupervised,165,76,910298.1779915227
ResNet50-SwAV-BS4096-2x224_selfsupervised,165,77,910298.1779915227
ResNet50-SwAV-BS4096-2x224_selfsupervised,165,78,1930697.7288832497
ResNet50-SwAV-BS4096-2x224_selfsupervised,165,79,910298.1779915227
ResNet50-SwAV-BS4096-2x224_selfsupervised,165,80,1930697.7288832497
ResNet50-SwAV-BS4096-2x224_selfsupervised,165,81,1930697.7288832497
ResNet50-SwAV-BS4096-2x224_selfsupervised,165,82,910298.1779915227
ResNet50-SwAV-BS4096-2x224_selfsupervised,165,83,910298.1779915227
ResNet50-SwAV-BS4096-2x224_selfsupervised,165,84,1930697.7288832497
ResNet50-SwAV-BS4096-2x224_selfsupervised,165,85,910298.1779915227
ResNet50-SwAV-BS4096-2x224_selfsupervised,165,86,1930697.7288832497
ResNet50-SwAV-BS4096-2x224_selfsupervised,165,87,1930697.7288832497
ResNet50-SwAV-BS4096-2x224_selfsupervised,165,88,910298.1779915227
ResNet50-SwAV-BS4096-2x224_selfsupervised,165,89,910298.1779915227
ResNet50-SwAV-BS4096-2x224_selfsupervised,165,90,910298.1779915227
ResNet50-SwAV-BS4096-2x224_selfsupervised,165,91,1930697.7288832497
ResNet50-SwAV-BS4096-2x224_selfsupervised,165,92,910298.1779915227
ResNet50-SwAV-BS4096-2x224_selfsupervised,165,93,1930697.7288832497
ResNet50-SwAV-BS4096-2x224_selfsupervised,165,94,1930697.7288832497
ResNet50-SwAV-BS4096-2x224_selfsupervised,165,95,1930697.7288832497
ResNet50-SwAV-BS4096-2x224_selfsupervised,165,96,1930697.7288832497
ResNet50-SwAV-BS4096-2x224_selfsupervised,165,97,1930697.7288832497
ResNet50-SwAV-BS4096-2x224_selfsupervised,165,98,1930697.7288832497
ResNet50-SwAV-BS4096-2x224_selfsupervised,165,99,1930697.7288832497
ResNet50-SwAV-BS4096-2x224_selfsupervised,165,100,1930697.7288832497
ResNet50-PIRL_selfsupervised,165,1,10000.0
ResNet50-PIRL_selfsupervised,165,2,10000.0
ResNet50-PIRL_selfsupervised,165,3,10000.0
ResNet50-PIRL_selfsupervised,165,4,10000.0
ResNet50-PIRL_selfsupervised,165,5,10000.0
ResNet50-PIRL_selfsupervised,165,6,10000.0
ResNet50-PIRL_selfsupervised,165,7,10000.0
ResNet50-PIRL_selfsupervised,165,8,10000.0
ResNet50-PIRL_selfsupervised,165,9,10000.0
ResNet50-PIRL_selfsupervised,165,10,10000.0
ResNet50-PIRL_selfsupervised,165,11,10000.0
ResNet50-PIRL_selfsupervised,165,12,10000.0
ResNet50-PIRL_selfsupervised,165,13,10000.0
ResNet50-PIRL_selfsupervised,165,14,10000.0
ResNet50-PIRL_selfsupervised,165,15,10000.0
ResNet50-PIRL_selfsupervised,165,16,10000.0
ResNet50-PIRL_selfsupervised,165,17,10000.0
ResNet50-PIRL_selfsupervised,165,18,10000.0
ResNet50-PIRL_selfsupervised,165,19,10000.0
ResNet50-PIRL_selfsupervised,165,20,10000.0
ResNet50-PIRL_selfsupervised,165,21,10000.0
ResNet50-PIRL_selfsupervised,165,22,10000.0
ResNet50-PIRL_selfsupervised,165,23,10000.0
ResNet50-PIRL_selfsupervised,165,24,10000.0
ResNet50-PIRL_selfsupervised,165,25,10000.0
ResNet50-PIRL_selfsupervised,165,26,10000.0
ResNet50-PIRL_selfsupervised,165,27,10000.0
ResNet50-PIRL_selfsupervised,165,28,10000.0
ResNet50-PIRL_selfsupervised,165,29,10000.0
ResNet50-PIRL_selfsupervised,165,30,10000.0
ResNet50-PIRL_selfsupervised,165,31,10000.0
ResNet50-PIRL_selfsupervised,165,32,10000.0
ResNet50-PIRL_selfsupervised,165,33,10000.0
ResNet50-PIRL_selfsupervised,165,34,10000.0
ResNet50-PIRL_selfsupervised,165,35,10000.0
ResNet50-PIRL_selfsupervised,165,36,10000.0
ResNet50-PIRL_selfsupervised,165,37,10000.0
ResNet50-PIRL_selfsupervised,165,38,10000.0
ResNet50-PIRL_selfsupervised,165,39,10000.0
ResNet50-PIRL_selfsupervised,165,40,10000.0
ResNet50-PIRL_selfsupervised,165,41,10000.0
ResNet50-PIRL_selfsupervised,165,42,10000.0
ResNet50-PIRL_selfsupervised,165,43,10000.0
ResNet50-PIRL_selfsupervised,165,44,10000.0
ResNet50-PIRL_selfsupervised,165,45,10000.0
ResNet50-PIRL_selfsupervised,165,46,10000.0
ResNet50-PIRL_selfsupervised,165,47,10000.0
ResNet50-PIRL_selfsupervised,165,48,10000.0
ResNet50-PIRL_selfsupervised,165,49,10000.0
ResNet50-PIRL_selfsupervised,165,50,10000.0
ResNet50-PIRL_selfsupervised,165,51,10000.0
ResNet50-PIRL_selfsupervised,165,52,10000.0
ResNet50-PIRL_selfsupervised,165,53,10000.0
ResNet50-PIRL_selfsupervised,165,54,10000.0
ResNet50-PIRL_selfsupervised,165,55,10000.0
ResNet50-PIRL_selfsupervised,165,56,10000.0
ResNet50-PIRL_selfsupervised,165,57,10000.0
ResNet50-PIRL_selfsupervised,165,58,10000.0
ResNet50-PIRL_selfsupervised,165,59,10000.0
ResNet50-PIRL_selfsupervised,165,60,10000.0
ResNet50-PIRL_selfsupervised,165,61,10000.0
ResNet50-PIRL_selfsupervised,165,62,10000.0
ResNet50-PIRL_selfsupervised,165,63,10000.0
ResNet50-PIRL_selfsupervised,165,64,10000.0
ResNet50-PIRL_selfsupervised,165,65,10000.0
ResNet50-PIRL_selfsupervised,165,66,10000.0
ResNet50-PIRL_selfsupervised,165,67,10000.0
ResNet50-PIRL_selfsupervised,165,68,10000.0
ResNet50-PIRL_selfsupervised,165,69,10000.0
ResNet50-PIRL_selfsupervised,165,70,10000.0
ResNet50-PIRL_selfsupervised,165,71,10000.0
ResNet50-PIRL_selfsupervised,165,72,10000.0
ResNet50-PIRL_selfsupervised,165,73,10000.0
ResNet50-PIRL_selfsupervised,165,74,10000.0
ResNet50-PIRL_selfsupervised,165,75,10000.0
ResNet50-PIRL_selfsupervised,165,76,10000.0
ResNet50-PIRL_selfsupervised,165,77,10000.0
ResNet50-PIRL_selfsupervised,165,78,10000.0
ResNet50-PIRL_selfsupervised,165,79,10000.0
ResNet50-PIRL_selfsupervised,165,80,10000.0
ResNet50-PIRL_selfsupervised,165,81,10000.0
ResNet50-PIRL_selfsupervised,165,82,10000.0
ResNet50-PIRL_selfsupervised,165,83,10000.0
ResNet50-PIRL_selfsupervised,165,84,10000.0
ResNet50-PIRL_selfsupervised,165,85,10000.0
ResNet50-PIRL_selfsupervised,165,86,10000.0
ResNet50-PIRL_selfsupervised,165,87,10000.0
ResNet50-PIRL_selfsupervised,165,88,10000.0
ResNet50-PIRL_selfsupervised,165,89,10000.0
ResNet50-PIRL_selfsupervised,165,90,10000.0
ResNet50-PIRL_selfsupervised,165,91,10000.0
ResNet50-PIRL_selfsupervised,165,92,10000.0
ResNet50-PIRL_selfsupervised,165,93,10000.0
ResNet50-PIRL_selfsupervised,165,94,10000.0
ResNet50-PIRL_selfsupervised,165,95,10000.0
ResNet50-PIRL_selfsupervised,165,96,10000.0
ResNet50-PIRL_selfsupervised,165,97,10000.0
ResNet50-PIRL_selfsupervised,165,98,10000.0
ResNet50-PIRL_selfsupervised,165,99,10000.0
ResNet50-PIRL_selfsupervised,165,100,10000.0
ResNet50-ClusterFit-16K-RotNet_selfsupervised,160,1,4094915.062380419
ResNet50-ClusterFit-16K-RotNet_selfsupervised,160,2,1930697.7288832497
ResNet50-ClusterFit-16K-RotNet_selfsupervised,160,3,910298.1779915227
ResNet50-ClusterFit-16K-RotNet_selfsupervised,160,4,1930697.7288832497
ResNet50-ClusterFit-16K-RotNet_selfsupervised,160,5,1930697.7288832497
ResNet50-ClusterFit-16K-RotNet_selfsupervised,160,6,4094915.062380419
ResNet50-ClusterFit-16K-RotNet_selfsupervised,160,7,1930697.7288832497
ResNet50-ClusterFit-16K-RotNet_selfsupervised,160,8,8685113.73751352
ResNet50-ClusterFit-16K-RotNet_selfsupervised,160,9,1930697.7288832497
ResNet50-ClusterFit-16K-RotNet_selfsupervised,160,10,1930697.7288832497
ResNet50-ClusterFit-16K-RotNet_selfsupervised,160,11,4094915.062380419
ResNet50-ClusterFit-16K-RotNet_selfsupervised,160,12,1930697.7288832497
ResNet50-ClusterFit-16K-RotNet_selfsupervised,160,13,8685113.73751352
ResNet50-ClusterFit-16K-RotNet_selfsupervised,160,14,4094915.062380419
ResNet50-ClusterFit-16K-RotNet_selfsupervised,160,15,4094915.062380419
ResNet50-ClusterFit-16K-RotNet_selfsupervised,160,16,4094915.062380419
ResNet50-ClusterFit-16K-RotNet_selfsupervised,160,17,4094915.062380419
ResNet50-ClusterFit-16K-RotNet_selfsupervised,160,18,8685113.73751352
ResNet50-ClusterFit-16K-RotNet_selfsupervised,160,19,4094915.062380419
ResNet50-ClusterFit-16K-RotNet_selfsupervised,160,20,8685113.73751352
ResNet50-ClusterFit-16K-RotNet_selfsupervised,160,21,4094915.062380419
ResNet50-ClusterFit-16K-RotNet_selfsupervised,160,22,4094915.062380419
ResNet50-ClusterFit-16K-RotNet_selfsupervised,160,23,4094915.062380419
ResNet50-ClusterFit-16K-RotNet_selfsupervised,160,24,4094915.062380419
ResNet50-ClusterFit-16K-RotNet_selfsupervised,160,25,4094915.062380419
ResNet50-ClusterFit-16K-RotNet_selfsupervised,160,26,8685113.73751352
ResNet50-ClusterFit-16K-RotNet_selfsupervised,160,27,4094915.062380419
ResNet50-ClusterFit-16K-RotNet_selfsupervised,160,28,8685113.73751352
ResNet50-ClusterFit-16K-RotNet_selfsupervised,160,29,8685113.73751352
ResNet50-ClusterFit-16K-RotNet_selfsupervised,160,30,4094915.062380419
ResNet50-ClusterFit-16K-RotNet_selfsupervised,160,31,4094915.062380419
ResNet50-ClusterFit-16K-RotNet_selfsupervised,160,32,4094915.062380419
ResNet50-ClusterFit-16K-RotNet_selfsupervised,160,33,4094915.062380419
ResNet50-ClusterFit-16K-RotNet_selfsupervised,160,34,8685113.73751352
ResNet50-ClusterFit-16K-RotNet_selfsupervised,160,35,4094915.062380419
ResNet50-ClusterFit-16K-RotNet_selfsupervised,160,36,8685113.73751352
ResNet50-ClusterFit-16K-RotNet_selfsupervised,160,37,8685113.73751352
ResNet50-ClusterFit-16K-RotNet_selfsupervised,160,38,4094915.062380419
ResNet50-ClusterFit-16K-RotNet_selfsupervised,160,39,4094915.062380419
ResNet50-ClusterFit-16K-RotNet_selfsupervised,160,40,4094915.062380419
ResNet50-ClusterFit-16K-RotNet_selfsupervised,160,41,4094915.062380419
ResNet50-ClusterFit-16K-RotNet_selfsupervised,160,42,4094915.062380419
ResNet50-ClusterFit-16K-RotNet_selfsupervised,160,43,4094915.062380419
ResNet50-ClusterFit-16K-RotNet_selfsupervised,160,44,8685113.73751352
ResNet50-ClusterFit-16K-RotNet_selfsupervised,160,45,4094915.062380419
ResNet50-ClusterFit-16K-RotNet_selfsupervised,160,46,8685113.73751352
ResNet50-ClusterFit-16K-RotNet_selfsupervised,160,47,4094915.062380419
ResNet50-ClusterFit-16K-RotNet_selfsupervised,160,48,1930697.7288832497
ResNet50-ClusterFit-16K-RotNet_selfsupervised,160,49,4094915.062380419
ResNet50-ClusterFit-16K-RotNet_selfsupervised,160,50,4094915.062380419
ResNet50-ClusterFit-16K-RotNet_selfsupervised,160,51,4094915.062380419
ResNet50-ClusterFit-16K-RotNet_selfsupervised,160,52,8685113.73751352
ResNet50-ClusterFit-16K-RotNet_selfsupervised,160,53,4094915.062380419
ResNet50-ClusterFit-16K-RotNet_selfsupervised,160,54,4094915.062380419
ResNet50-ClusterFit-16K-RotNet_selfsupervised,160,55,8685113.73751352
ResNet50-ClusterFit-16K-RotNet_selfsupervised,160,56,4094915.062380419
ResNet50-ClusterFit-16K-RotNet_selfsupervised,160,57,4094915.062380419
ResNet50-ClusterFit-16K-RotNet_selfsupervised,160,58,4094915.062380419
ResNet50-ClusterFit-16K-RotNet_selfsupervised,160,59,8685113.73751352
ResNet50-ClusterFit-16K-RotNet_selfsupervised,160,60,8685113.73751352
ResNet50-ClusterFit-16K-RotNet_selfsupervised,160,61,4094915.062380419
ResNet50-ClusterFit-16K-RotNet_selfsupervised,160,62,4094915.062380419
ResNet50-ClusterFit-16K-RotNet_selfsupervised,160,63,4094915.062380419
ResNet50-ClusterFit-16K-RotNet_selfsupervised,160,64,4094915.062380419
ResNet50-ClusterFit-16K-RotNet_selfsupervised,160,65,1930697.7288832497
ResNet50-ClusterFit-16K-RotNet_selfsupervised,160,66,4094915.062380419
ResNet50-ClusterFit-16K-RotNet_selfsupervised,160,67,8685113.73751352
ResNet50-ClusterFit-16K-RotNet_selfsupervised,160,68,8685113.73751352
ResNet50-ClusterFit-16K-RotNet_selfsupervised,160,69,8685113.73751352
ResNet50-ClusterFit-16K-RotNet_selfsupervised,160,70,8685113.73751352
ResNet50-ClusterFit-16K-RotNet_selfsupervised,160,71,4094915.062380419
ResNet50-ClusterFit-16K-RotNet_selfsupervised,160,72,4094915.062380419
ResNet50-ClusterFit-16K-RotNet_selfsupervised,160,73,8685113.73751352
ResNet50-ClusterFit-16K-RotNet_selfsupervised,160,74,4094915.062380419
ResNet50-ClusterFit-16K-RotNet_selfsupervised,160,75,8685113.73751352
ResNet50-ClusterFit-16K-RotNet_selfsupervised,160,76,4094915.062380419
ResNet50-ClusterFit-16K-RotNet_selfsupervised,160,77,4094915.062380419
ResNet50-ClusterFit-16K-RotNet_selfsupervised,160,78,8685113.73751352
ResNet50-ClusterFit-16K-RotNet_selfsupervised,160,79,4094915.062380419
ResNet50-ClusterFit-16K-RotNet_selfsupervised,160,80,4094915.062380419
ResNet50-ClusterFit-16K-RotNet_selfsupervised,160,81,8685113.73751352
ResNet50-ClusterFit-16K-RotNet_selfsupervised,160,82,4094915.062380419
ResNet50-ClusterFit-16K-RotNet_selfsupervised,160,83,4094915.062380419
ResNet50-ClusterFit-16K-RotNet_selfsupervised,160,84,8685113.73751352
ResNet50-ClusterFit-16K-RotNet_selfsupervised,160,85,8685113.73751352
ResNet50-ClusterFit-16K-RotNet_selfsupervised,160,86,8685113.73751352
ResNet50-ClusterFit-16K-RotNet_selfsupervised,160,87,8685113.73751352
ResNet50-ClusterFit-16K-RotNet_selfsupervised,160,88,8685113.73751352
ResNet50-ClusterFit-16K-RotNet_selfsupervised,160,89,4094915.062380419
ResNet50-ClusterFit-16K-RotNet_selfsupervised,160,90,8685113.73751352
ResNet50-ClusterFit-16K-RotNet_selfsupervised,160,91,8685113.73751352
ResNet50-ClusterFit-16K-RotNet_selfsupervised,160,92,4094915.062380419
ResNet50-ClusterFit-16K-RotNet_selfsupervised,160,93,8685113.73751352
ResNet50-ClusterFit-16K-RotNet_selfsupervised,160,94,8685113.73751352
ResNet50-ClusterFit-16K-RotNet_selfsupervised,160,95,8685113.73751352
ResNet50-ClusterFit-16K-RotNet_selfsupervised,160,96,8685113.73751352
ResNet50-ClusterFit-16K-RotNet_selfsupervised,160,97,8685113.73751352
ResNet50-ClusterFit-16K-RotNet_selfsupervised,160,98,8685113.73751352
ResNet50-ClusterFit-16K-RotNet_selfsupervised,160,99,8685113.73751352
ResNet50-ClusterFit-16K-RotNet_selfsupervised,160,100,8685113.73751352
ResNet50-MoCoV2-BS256_selfsupervised,155,1,10000.0
ResNet50-MoCoV2-BS256_selfsupervised,155,2,10000.0
ResNet50-MoCoV2-BS256_selfsupervised,155,3,10000.0
ResNet50-MoCoV2-BS256_selfsupervised,155,4,10000.0
ResNet50-MoCoV2-BS256_selfsupervised,155,5,10000.0
ResNet50-MoCoV2-BS256_selfsupervised,155,6,10000.0
ResNet50-MoCoV2-BS256_selfsupervised,155,7,10000.0
ResNet50-MoCoV2-BS256_selfsupervised,155,8,10000.0
ResNet50-MoCoV2-BS256_selfsupervised,155,9,10000.0
ResNet50-MoCoV2-BS256_selfsupervised,155,10,10000.0
ResNet50-MoCoV2-BS256_selfsupervised,155,11,10000.0
ResNet50-MoCoV2-BS256_selfsupervised,155,12,10000.0
ResNet50-MoCoV2-BS256_selfsupervised,155,13,10000.0
ResNet50-MoCoV2-BS256_selfsupervised,155,14,10000.0
ResNet50-MoCoV2-BS256_selfsupervised,155,15,10000.0
ResNet50-MoCoV2-BS256_selfsupervised,155,16,10000.0
ResNet50-MoCoV2-BS256_selfsupervised,155,17,10000.0
ResNet50-MoCoV2-BS256_selfsupervised,155,18,10000.0
ResNet50-MoCoV2-BS256_selfsupervised,155,19,10000.0
ResNet50-MoCoV2-BS256_selfsupervised,155,20,10000.0
ResNet50-MoCoV2-BS256_selfsupervised,155,21,10000.0
ResNet50-MoCoV2-BS256_selfsupervised,155,22,10000.0
ResNet50-MoCoV2-BS256_selfsupervised,155,23,10000.0
ResNet50-MoCoV2-BS256_selfsupervised,155,24,10000.0
ResNet50-MoCoV2-BS256_selfsupervised,155,25,10000.0
ResNet50-MoCoV2-BS256_selfsupervised,155,26,10000.0
ResNet50-MoCoV2-BS256_selfsupervised,155,27,10000.0
ResNet50-MoCoV2-BS256_selfsupervised,155,28,10000.0
ResNet50-MoCoV2-BS256_selfsupervised,155,29,10000.0
ResNet50-MoCoV2-BS256_selfsupervised,155,30,10000.0
ResNet50-MoCoV2-BS256_selfsupervised,155,31,10000.0
ResNet50-MoCoV2-BS256_selfsupervised,155,32,10000.0
ResNet50-MoCoV2-BS256_selfsupervised,155,33,10000.0
ResNet50-MoCoV2-BS256_selfsupervised,155,34,10000.0
ResNet50-MoCoV2-BS256_selfsupervised,155,35,10000.0
ResNet50-MoCoV2-BS256_selfsupervised,155,36,10000.0
ResNet50-MoCoV2-BS256_selfsupervised,155,37,10000.0
ResNet50-MoCoV2-BS256_selfsupervised,155,38,10000.0
ResNet50-MoCoV2-BS256_selfsupervised,155,39,10000.0
ResNet50-MoCoV2-BS256_selfsupervised,155,40,10000.0
ResNet50-MoCoV2-BS256_selfsupervised,155,41,10000.0
ResNet50-MoCoV2-BS256_selfsupervised,155,42,10000.0
ResNet50-MoCoV2-BS256_selfsupervised,155,43,10000.0
ResNet50-MoCoV2-BS256_selfsupervised,155,44,10000.0
ResNet50-MoCoV2-BS256_selfsupervised,155,45,10000.0
ResNet50-MoCoV2-BS256_selfsupervised,155,46,10000.0
ResNet50-MoCoV2-BS256_selfsupervised,155,47,10000.0
ResNet50-MoCoV2-BS256_selfsupervised,155,48,10000.0
ResNet50-MoCoV2-BS256_selfsupervised,155,49,10000.0
ResNet50-MoCoV2-BS256_selfsupervised,155,50,10000.0
ResNet50-MoCoV2-BS256_selfsupervised,155,51,10000.0
ResNet50-MoCoV2-BS256_selfsupervised,155,52,10000.0
ResNet50-MoCoV2-BS256_selfsupervised,155,53,10000.0
ResNet50-MoCoV2-BS256_selfsupervised,155,54,10000.0
ResNet50-MoCoV2-BS256_selfsupervised,155,55,10000.0
ResNet50-MoCoV2-BS256_selfsupervised,155,56,10000.0
ResNet50-MoCoV2-BS256_selfsupervised,155,57,10000.0
ResNet50-MoCoV2-BS256_selfsupervised,155,58,10000.0
ResNet50-MoCoV2-BS256_selfsupervised,155,59,10000.0
ResNet50-MoCoV2-BS256_selfsupervised,155,60,10000.0
ResNet50-MoCoV2-BS256_selfsupervised,155,61,10000.0
ResNet50-MoCoV2-BS256_selfsupervised,155,62,10000.0
ResNet50-MoCoV2-BS256_selfsupervised,155,63,10000.0
ResNet50-MoCoV2-BS256_selfsupervised,155,64,10000.0
ResNet50-MoCoV2-BS256_selfsupervised,155,65,10000.0
ResNet50-MoCoV2-BS256_selfsupervised,155,66,10000.0
ResNet50-MoCoV2-BS256_selfsupervised,155,67,10000.0
ResNet50-MoCoV2-BS256_selfsupervised,155,68,10000.0
ResNet50-MoCoV2-BS256_selfsupervised,155,69,10000.0
ResNet50-MoCoV2-BS256_selfsupervised,155,70,10000.0
ResNet50-MoCoV2-BS256_selfsupervised,155,71,10000.0
ResNet50-MoCoV2-BS256_selfsupervised,155,72,10000.0
ResNet50-MoCoV2-BS256_selfsupervised,155,73,10000.0
ResNet50-MoCoV2-BS256_selfsupervised,155,74,10000.0
ResNet50-MoCoV2-BS256_selfsupervised,155,75,10000.0
ResNet50-MoCoV2-BS256_selfsupervised,155,76,10000.0
ResNet50-MoCoV2-BS256_selfsupervised,155,77,10000.0
ResNet50-MoCoV2-BS256_selfsupervised,155,78,10000.0
ResNet50-MoCoV2-BS256_selfsupervised,155,79,10000.0
ResNet50-MoCoV2-BS256_selfsupervised,155,80,10000.0
ResNet50-MoCoV2-BS256_selfsupervised,155,81,10000.0
ResNet50-MoCoV2-BS256_selfsupervised,155,82,10000.0
ResNet50-MoCoV2-BS256_selfsupervised,155,83,10000.0
ResNet50-MoCoV2-BS256_selfsupervised,155,84,10000.0
ResNet50-MoCoV2-BS256_selfsupervised,155,85,10000.0
ResNet50-MoCoV2-BS256_selfsupervised,155,86,10000.0
ResNet50-MoCoV2-BS256_selfsupervised,155,87,10000.0
ResNet50-MoCoV2-BS256_selfsupervised,155,88,10000.0
ResNet50-MoCoV2-BS256_selfsupervised,155,89,10000.0
ResNet50-MoCoV2-BS256_selfsupervised,155,90,10000.0
ResNet50-MoCoV2-BS256_selfsupervised,155,91,10000.0
ResNet50-MoCoV2-BS256_selfsupervised,155,92,10000.0
ResNet50-MoCoV2-BS256_selfsupervised,155,93,10000.0
ResNet50-MoCoV2-BS256_selfsupervised,155,94,10000.0
ResNet50-MoCoV2-BS256_selfsupervised,155,95,10000.0
ResNet50-MoCoV2-BS256_selfsupervised,155,96,10000.0
ResNet50-MoCoV2-BS256_selfsupervised,155,97,10000.0
ResNet50-MoCoV2-BS256_selfsupervised,155,98,10000.0
ResNet50-MoCoV2-BS256_selfsupervised,155,99,10000.0
ResNet50-MoCoV2-BS256_selfsupervised,155,100,10000.0
