model_name,layer_index,pc_index,alpha
nf_resnet50_classification,141,1,82864277.28546843
nf_resnet50_classification,141,2,18420699.693267163
nf_resnet50_classification,141,3,18420699.693267163
nf_resnet50_classification,141,4,18420699.693267163
nf_resnet50_classification,141,5,18420699.693267163
nf_resnet50_classification,141,6,39069399.37054613
nf_resnet50_classification,141,7,39069399.37054613
nf_resnet50_classification,141,8,82864277.28546843
nf_resnet50_classification,141,9,39069399.37054613
nf_resnet50_classification,141,10,18420699.693267163
nf_resnet50_classification,141,11,39069399.37054613
nf_resnet50_classification,141,12,18420699.693267163
nf_resnet50_classification,141,13,82864277.28546843
nf_resnet50_classification,141,14,39069399.37054613
nf_resnet50_classification,141,15,39069399.37054613
nf_resnet50_classification,141,16,39069399.37054613
nf_resnet50_classification,141,17,39069399.37054613
nf_resnet50_classification,141,18,82864277.28546843
nf_resnet50_classification,141,19,39069399.37054613
nf_resnet50_classification,141,20,82864277.28546843
nf_resnet50_classification,141,21,82864277.28546843
nf_resnet50_classification,141,22,82864277.28546843
nf_resnet50_classification,141,23,39069399.37054613
nf_resnet50_classification,141,24,82864277.28546843
nf_resnet50_classification,141,25,39069399.37054613
nf_resnet50_classification,141,26,82864277.28546843
nf_resnet50_classification,141,27,39069399.37054613
nf_resnet50_classification,141,28,175751062.48547894
nf_resnet50_classification,141,29,82864277.28546843
nf_resnet50_classification,141,30,82864277.28546843
nf_resnet50_classification,141,31,39069399.37054613
nf_resnet50_classification,141,32,39069399.37054613
nf_resnet50_classification,141,33,82864277.28546843
nf_resnet50_classification,141,34,82864277.28546843
nf_resnet50_classification,141,35,39069399.37054613
nf_resnet50_classification,141,36,82864277.28546843
nf_resnet50_classification,141,37,82864277.28546843
nf_resnet50_classification,141,38,39069399.37054613
nf_resnet50_classification,141,39,82864277.28546843
nf_resnet50_classification,141,40,82864277.28546843
nf_resnet50_classification,141,41,82864277.28546843
nf_resnet50_classification,141,42,82864277.28546843
nf_resnet50_classification,141,43,82864277.28546843
nf_resnet50_classification,141,44,82864277.28546843
nf_resnet50_classification,141,45,39069399.37054613
nf_resnet50_classification,141,46,82864277.28546843
nf_resnet50_classification,141,47,82864277.28546843
nf_resnet50_classification,141,48,18420699.693267163
nf_resnet50_classification,141,49,82864277.28546843
nf_resnet50_classification,141,50,82864277.28546843
nf_resnet50_classification,141,1,82864277.28546843
nf_resnet50_classification,141,2,18420699.693267163
nf_resnet50_classification,141,3,18420699.693267163
nf_resnet50_classification,141,4,18420699.693267163
nf_resnet50_classification,141,5,18420699.693267163
nf_resnet50_classification,141,6,39069399.37054613
nf_resnet50_classification,141,7,39069399.37054613
nf_resnet50_classification,141,8,82864277.28546843
nf_resnet50_classification,141,9,39069399.37054613
nf_resnet50_classification,141,10,18420699.693267163
nf_resnet50_classification,141,11,39069399.37054613
nf_resnet50_classification,141,12,18420699.693267163
nf_resnet50_classification,141,13,82864277.28546843
nf_resnet50_classification,141,14,39069399.37054613
nf_resnet50_classification,141,15,39069399.37054613
nf_resnet50_classification,141,16,39069399.37054613
nf_resnet50_classification,141,17,39069399.37054613
nf_resnet50_classification,141,18,82864277.28546843
nf_resnet50_classification,141,19,39069399.37054613
nf_resnet50_classification,141,20,82864277.28546843
nf_resnet50_classification,141,21,82864277.28546843
nf_resnet50_classification,141,22,82864277.28546843
nf_resnet50_classification,141,23,39069399.37054613
nf_resnet50_classification,141,24,82864277.28546843
nf_resnet50_classification,141,25,39069399.37054613
nf_resnet50_classification,141,26,82864277.28546843
nf_resnet50_classification,141,27,39069399.37054613
nf_resnet50_classification,141,28,175751062.48547894
nf_resnet50_classification,141,29,82864277.28546843
nf_resnet50_classification,141,30,82864277.28546843
nf_resnet50_classification,141,31,39069399.37054613
nf_resnet50_classification,141,32,39069399.37054613
nf_resnet50_classification,141,33,82864277.28546843
nf_resnet50_classification,141,34,82864277.28546843
nf_resnet50_classification,141,35,39069399.37054613
nf_resnet50_classification,141,36,82864277.28546843
nf_resnet50_classification,141,37,82864277.28546843
nf_resnet50_classification,141,38,39069399.37054613
nf_resnet50_classification,141,39,82864277.28546843
nf_resnet50_classification,141,40,82864277.28546843
nf_resnet50_classification,141,41,82864277.28546843
nf_resnet50_classification,141,42,82864277.28546843
nf_resnet50_classification,141,43,82864277.28546843
nf_resnet50_classification,141,44,82864277.28546843
nf_resnet50_classification,141,45,39069399.37054613
nf_resnet50_classification,141,46,82864277.28546843
nf_resnet50_classification,141,47,82864277.28546843
nf_resnet50_classification,141,48,18420699.693267163
nf_resnet50_classification,141,49,82864277.28546843
nf_resnet50_classification,141,50,82864277.28546843
hardcorenas_f_classification,294,1,10000.0
hardcorenas_f_classification,294,2,10000.0
hardcorenas_f_classification,294,3,10000.0
hardcorenas_f_classification,294,4,10000.0
hardcorenas_f_classification,294,5,10000.0
hardcorenas_f_classification,294,6,10000.0
hardcorenas_f_classification,294,7,10000.0
hardcorenas_f_classification,294,8,10000.0
hardcorenas_f_classification,294,9,10000.0
hardcorenas_f_classification,294,10,10000.0
hardcorenas_f_classification,294,11,10000.0
hardcorenas_f_classification,294,12,10000.0
hardcorenas_f_classification,294,13,10000.0
hardcorenas_f_classification,294,14,10000.0
hardcorenas_f_classification,294,15,10000.0
hardcorenas_f_classification,294,16,10000.0
hardcorenas_f_classification,294,17,10000.0
hardcorenas_f_classification,294,18,10000.0
hardcorenas_f_classification,294,19,10000.0
hardcorenas_f_classification,294,20,10000.0
hardcorenas_f_classification,294,21,10000.0
hardcorenas_f_classification,294,22,10000.0
hardcorenas_f_classification,294,23,10000.0
hardcorenas_f_classification,294,24,10000.0
hardcorenas_f_classification,294,25,10000.0
hardcorenas_f_classification,294,26,10000.0
hardcorenas_f_classification,294,27,10000.0
hardcorenas_f_classification,294,28,10000.0
hardcorenas_f_classification,294,29,10000.0
hardcorenas_f_classification,294,30,10000.0
hardcorenas_f_classification,294,31,10000.0
hardcorenas_f_classification,294,32,10000.0
hardcorenas_f_classification,294,33,10000.0
hardcorenas_f_classification,294,34,10000.0
hardcorenas_f_classification,294,35,10000.0
hardcorenas_f_classification,294,36,10000.0
hardcorenas_f_classification,294,37,10000.0
hardcorenas_f_classification,294,38,10000.0
hardcorenas_f_classification,294,39,10000.0
hardcorenas_f_classification,294,40,10000.0
hardcorenas_f_classification,294,41,10000.0
hardcorenas_f_classification,294,42,10000.0
hardcorenas_f_classification,294,43,10000.0
hardcorenas_f_classification,294,44,10000.0
hardcorenas_f_classification,294,45,10000.0
hardcorenas_f_classification,294,46,21209.508879201927
hardcorenas_f_classification,294,47,10000.0
hardcorenas_f_classification,294,48,10000.0
hardcorenas_f_classification,294,49,10000.0
hardcorenas_f_classification,294,50,10000.0
hardcorenas_f_classification,294,1,10000.0
hardcorenas_f_classification,294,2,10000.0
hardcorenas_f_classification,294,3,10000.0
hardcorenas_f_classification,294,4,10000.0
hardcorenas_f_classification,294,5,10000.0
hardcorenas_f_classification,294,6,10000.0
hardcorenas_f_classification,294,7,10000.0
hardcorenas_f_classification,294,8,10000.0
hardcorenas_f_classification,294,9,10000.0
hardcorenas_f_classification,294,10,10000.0
hardcorenas_f_classification,294,11,10000.0
hardcorenas_f_classification,294,12,10000.0
hardcorenas_f_classification,294,13,10000.0
hardcorenas_f_classification,294,14,10000.0
hardcorenas_f_classification,294,15,10000.0
hardcorenas_f_classification,294,16,10000.0
hardcorenas_f_classification,294,17,10000.0
hardcorenas_f_classification,294,18,10000.0
hardcorenas_f_classification,294,19,10000.0
hardcorenas_f_classification,294,20,10000.0
hardcorenas_f_classification,294,21,10000.0
hardcorenas_f_classification,294,22,10000.0
hardcorenas_f_classification,294,23,10000.0
hardcorenas_f_classification,294,24,10000.0
hardcorenas_f_classification,294,25,10000.0
hardcorenas_f_classification,294,26,10000.0
hardcorenas_f_classification,294,27,10000.0
hardcorenas_f_classification,294,28,10000.0
hardcorenas_f_classification,294,29,10000.0
hardcorenas_f_classification,294,30,10000.0
hardcorenas_f_classification,294,31,10000.0
hardcorenas_f_classification,294,32,10000.0
hardcorenas_f_classification,294,33,10000.0
hardcorenas_f_classification,294,34,10000.0
hardcorenas_f_classification,294,35,10000.0
hardcorenas_f_classification,294,36,10000.0
hardcorenas_f_classification,294,37,10000.0
hardcorenas_f_classification,294,38,10000.0
hardcorenas_f_classification,294,39,10000.0
hardcorenas_f_classification,294,40,10000.0
hardcorenas_f_classification,294,41,10000.0
hardcorenas_f_classification,294,42,10000.0
hardcorenas_f_classification,294,43,10000.0
hardcorenas_f_classification,294,44,10000.0
hardcorenas_f_classification,294,45,10000.0
hardcorenas_f_classification,294,46,21209.508879201927
hardcorenas_f_classification,294,47,10000.0
hardcorenas_f_classification,294,48,10000.0
hardcorenas_f_classification,294,49,10000.0
hardcorenas_f_classification,294,50,10000.0
eca_nfnet_l0_classification,134,1,202358.96477251555
eca_nfnet_l0_classification,134,2,95409.54763499944
eca_nfnet_l0_classification,134,3,95409.54763499944
eca_nfnet_l0_classification,134,4,95409.54763499944
eca_nfnet_l0_classification,134,5,95409.54763499944
eca_nfnet_l0_classification,134,6,95409.54763499944
eca_nfnet_l0_classification,134,7,202358.96477251555
eca_nfnet_l0_classification,134,8,429193.42601287784
eca_nfnet_l0_classification,134,9,95409.54763499944
eca_nfnet_l0_classification,134,10,95409.54763499944
eca_nfnet_l0_classification,134,11,95409.54763499944
eca_nfnet_l0_classification,134,12,95409.54763499944
eca_nfnet_l0_classification,134,13,202358.96477251555
eca_nfnet_l0_classification,134,14,202358.96477251555
eca_nfnet_l0_classification,134,15,95409.54763499944
eca_nfnet_l0_classification,134,16,202358.96477251555
eca_nfnet_l0_classification,134,17,202358.96477251555
eca_nfnet_l0_classification,134,18,429193.42601287784
eca_nfnet_l0_classification,134,19,202358.96477251555
eca_nfnet_l0_classification,134,20,202358.96477251555
eca_nfnet_l0_classification,134,21,202358.96477251555
eca_nfnet_l0_classification,134,22,202358.96477251555
eca_nfnet_l0_classification,134,23,202358.96477251555
eca_nfnet_l0_classification,134,24,202358.96477251555
eca_nfnet_l0_classification,134,25,202358.96477251555
eca_nfnet_l0_classification,134,26,429193.42601287784
eca_nfnet_l0_classification,134,27,202358.96477251555
eca_nfnet_l0_classification,134,28,429193.42601287784
eca_nfnet_l0_classification,134,29,202358.96477251555
eca_nfnet_l0_classification,134,30,202358.96477251555
eca_nfnet_l0_classification,134,31,202358.96477251555
eca_nfnet_l0_classification,134,32,202358.96477251555
eca_nfnet_l0_classification,134,33,202358.96477251555
eca_nfnet_l0_classification,134,34,429193.42601287784
eca_nfnet_l0_classification,134,35,202358.96477251555
eca_nfnet_l0_classification,134,36,202358.96477251555
eca_nfnet_l0_classification,134,37,202358.96477251555
eca_nfnet_l0_classification,134,38,202358.96477251555
eca_nfnet_l0_classification,134,39,202358.96477251555
eca_nfnet_l0_classification,134,40,202358.96477251555
eca_nfnet_l0_classification,134,41,429193.42601287784
eca_nfnet_l0_classification,134,42,202358.96477251555
eca_nfnet_l0_classification,134,43,202358.96477251555
eca_nfnet_l0_classification,134,44,429193.42601287784
eca_nfnet_l0_classification,134,45,202358.96477251555
eca_nfnet_l0_classification,134,46,429193.42601287784
eca_nfnet_l0_classification,134,47,202358.96477251555
eca_nfnet_l0_classification,134,48,95409.54763499944
eca_nfnet_l0_classification,134,49,202358.96477251555
eca_nfnet_l0_classification,134,50,202358.96477251555
eca_nfnet_l0_classification,134,1,202358.96477251555
eca_nfnet_l0_classification,134,2,95409.54763499944
eca_nfnet_l0_classification,134,3,95409.54763499944
eca_nfnet_l0_classification,134,4,95409.54763499944
eca_nfnet_l0_classification,134,5,95409.54763499944
eca_nfnet_l0_classification,134,6,95409.54763499944
eca_nfnet_l0_classification,134,7,202358.96477251555
eca_nfnet_l0_classification,134,8,429193.42601287784
eca_nfnet_l0_classification,134,9,95409.54763499944
eca_nfnet_l0_classification,134,10,95409.54763499944
eca_nfnet_l0_classification,134,11,95409.54763499944
eca_nfnet_l0_classification,134,12,95409.54763499944
eca_nfnet_l0_classification,134,13,202358.96477251555
eca_nfnet_l0_classification,134,14,202358.96477251555
eca_nfnet_l0_classification,134,15,95409.54763499944
eca_nfnet_l0_classification,134,16,202358.96477251555
eca_nfnet_l0_classification,134,17,202358.96477251555
eca_nfnet_l0_classification,134,18,429193.42601287784
eca_nfnet_l0_classification,134,19,202358.96477251555
eca_nfnet_l0_classification,134,20,202358.96477251555
eca_nfnet_l0_classification,134,21,202358.96477251555
eca_nfnet_l0_classification,134,22,202358.96477251555
eca_nfnet_l0_classification,134,23,202358.96477251555
eca_nfnet_l0_classification,134,24,202358.96477251555
eca_nfnet_l0_classification,134,25,202358.96477251555
eca_nfnet_l0_classification,134,26,429193.42601287784
eca_nfnet_l0_classification,134,27,202358.96477251555
eca_nfnet_l0_classification,134,28,429193.42601287784
eca_nfnet_l0_classification,134,29,202358.96477251555
eca_nfnet_l0_classification,134,30,202358.96477251555
eca_nfnet_l0_classification,134,31,202358.96477251555
eca_nfnet_l0_classification,134,32,202358.96477251555
eca_nfnet_l0_classification,134,33,202358.96477251555
eca_nfnet_l0_classification,134,34,429193.42601287784
eca_nfnet_l0_classification,134,35,202358.96477251555
eca_nfnet_l0_classification,134,36,202358.96477251555
eca_nfnet_l0_classification,134,37,202358.96477251555
eca_nfnet_l0_classification,134,38,202358.96477251555
eca_nfnet_l0_classification,134,39,202358.96477251555
eca_nfnet_l0_classification,134,40,202358.96477251555
eca_nfnet_l0_classification,134,41,429193.42601287784
eca_nfnet_l0_classification,134,42,202358.96477251555
eca_nfnet_l0_classification,134,43,202358.96477251555
eca_nfnet_l0_classification,134,44,429193.42601287784
eca_nfnet_l0_classification,134,45,202358.96477251555
eca_nfnet_l0_classification,134,46,429193.42601287784
eca_nfnet_l0_classification,134,47,202358.96477251555
eca_nfnet_l0_classification,134,48,95409.54763499944
eca_nfnet_l0_classification,134,49,202358.96477251555
eca_nfnet_l0_classification,134,50,202358.96477251555
resnet50_classification,156,1,10000.0
resnet50_classification,156,2,10000.0
resnet50_classification,156,3,10000.0
resnet50_classification,156,4,10000.0
resnet50_classification,156,5,10000.0
resnet50_classification,156,6,10000.0
resnet50_classification,156,7,10000.0
resnet50_classification,156,8,21209.508879201927
resnet50_classification,156,9,10000.0
resnet50_classification,156,10,10000.0
resnet50_classification,156,11,10000.0
resnet50_classification,156,12,10000.0
resnet50_classification,156,13,21209.508879201927
resnet50_classification,156,14,10000.0
resnet50_classification,156,15,10000.0
resnet50_classification,156,16,10000.0
resnet50_classification,156,17,10000.0
resnet50_classification,156,18,21209.508879201927
resnet50_classification,156,19,10000.0
resnet50_classification,156,20,10000.0
resnet50_classification,156,21,10000.0
resnet50_classification,156,22,10000.0
resnet50_classification,156,23,10000.0
resnet50_classification,156,24,10000.0
resnet50_classification,156,25,10000.0
resnet50_classification,156,26,21209.508879201927
resnet50_classification,156,27,10000.0
resnet50_classification,156,28,21209.508879201927
resnet50_classification,156,29,10000.0
resnet50_classification,156,30,10000.0
resnet50_classification,156,31,10000.0
resnet50_classification,156,32,10000.0
resnet50_classification,156,33,10000.0
resnet50_classification,156,34,10000.0
resnet50_classification,156,35,10000.0
resnet50_classification,156,36,21209.508879201927
resnet50_classification,156,37,21209.508879201927
resnet50_classification,156,38,10000.0
resnet50_classification,156,39,10000.0
resnet50_classification,156,40,10000.0
resnet50_classification,156,41,21209.508879201927
resnet50_classification,156,42,10000.0
resnet50_classification,156,43,10000.0
resnet50_classification,156,44,21209.508879201927
resnet50_classification,156,45,10000.0
resnet50_classification,156,46,21209.508879201927
resnet50_classification,156,47,10000.0
resnet50_classification,156,48,10000.0
resnet50_classification,156,49,10000.0
resnet50_classification,156,50,10000.0
resnet50_classification,156,1,10000.0
resnet50_classification,156,2,10000.0
resnet50_classification,156,3,10000.0
resnet50_classification,156,4,10000.0
resnet50_classification,156,5,10000.0
resnet50_classification,156,6,10000.0
resnet50_classification,156,7,10000.0
resnet50_classification,156,8,21209.508879201927
resnet50_classification,156,9,10000.0
resnet50_classification,156,10,10000.0
resnet50_classification,156,11,10000.0
resnet50_classification,156,12,10000.0
resnet50_classification,156,13,21209.508879201927
resnet50_classification,156,14,10000.0
resnet50_classification,156,15,10000.0
resnet50_classification,156,16,10000.0
resnet50_classification,156,17,10000.0
resnet50_classification,156,18,21209.508879201927
resnet50_classification,156,19,10000.0
resnet50_classification,156,20,10000.0
resnet50_classification,156,21,10000.0
resnet50_classification,156,22,10000.0
resnet50_classification,156,23,10000.0
resnet50_classification,156,24,10000.0
resnet50_classification,156,25,10000.0
resnet50_classification,156,26,21209.508879201927
resnet50_classification,156,27,10000.0
resnet50_classification,156,28,21209.508879201927
resnet50_classification,156,29,10000.0
resnet50_classification,156,30,10000.0
resnet50_classification,156,31,10000.0
resnet50_classification,156,32,10000.0
resnet50_classification,156,33,10000.0
resnet50_classification,156,34,10000.0
resnet50_classification,156,35,10000.0
resnet50_classification,156,36,21209.508879201927
resnet50_classification,156,37,21209.508879201927
resnet50_classification,156,38,10000.0
resnet50_classification,156,39,10000.0
resnet50_classification,156,40,10000.0
resnet50_classification,156,41,21209.508879201927
resnet50_classification,156,42,10000.0
resnet50_classification,156,43,10000.0
resnet50_classification,156,44,21209.508879201927
resnet50_classification,156,45,10000.0
resnet50_classification,156,46,21209.508879201927
resnet50_classification,156,47,10000.0
resnet50_classification,156,48,10000.0
resnet50_classification,156,49,10000.0
resnet50_classification,156,50,10000.0
semnasnet_100_classification,270,1,44984.32668969444
semnasnet_100_classification,270,2,10000.0
semnasnet_100_classification,270,3,10000.0
semnasnet_100_classification,270,4,10000.0
semnasnet_100_classification,270,5,21209.508879201927
semnasnet_100_classification,270,6,21209.508879201927
semnasnet_100_classification,270,7,21209.508879201927
semnasnet_100_classification,270,8,44984.32668969444
semnasnet_100_classification,270,9,21209.508879201927
semnasnet_100_classification,270,10,21209.508879201927
semnasnet_100_classification,270,11,44984.32668969444
semnasnet_100_classification,270,12,10000.0
semnasnet_100_classification,270,13,44984.32668969444
semnasnet_100_classification,270,14,21209.508879201927
semnasnet_100_classification,270,15,21209.508879201927
semnasnet_100_classification,270,16,44984.32668969444
semnasnet_100_classification,270,17,44984.32668969444
semnasnet_100_classification,270,18,95409.54763499944
semnasnet_100_classification,270,19,21209.508879201927
semnasnet_100_classification,270,20,44984.32668969444
semnasnet_100_classification,270,21,21209.508879201927
semnasnet_100_classification,270,22,44984.32668969444
semnasnet_100_classification,270,23,44984.32668969444
semnasnet_100_classification,270,24,44984.32668969444
semnasnet_100_classification,270,25,44984.32668969444
semnasnet_100_classification,270,26,44984.32668969444
semnasnet_100_classification,270,27,44984.32668969444
semnasnet_100_classification,270,28,95409.54763499944
semnasnet_100_classification,270,29,44984.32668969444
semnasnet_100_classification,270,30,44984.32668969444
semnasnet_100_classification,270,31,21209.508879201927
semnasnet_100_classification,270,32,44984.32668969444
semnasnet_100_classification,270,33,44984.32668969444
semnasnet_100_classification,270,34,44984.32668969444
semnasnet_100_classification,270,35,44984.32668969444
semnasnet_100_classification,270,36,44984.32668969444
semnasnet_100_classification,270,37,44984.32668969444
semnasnet_100_classification,270,38,44984.32668969444
semnasnet_100_classification,270,39,44984.32668969444
semnasnet_100_classification,270,40,44984.32668969444
semnasnet_100_classification,270,41,44984.32668969444
semnasnet_100_classification,270,42,44984.32668969444
semnasnet_100_classification,270,43,44984.32668969444
semnasnet_100_classification,270,44,44984.32668969444
semnasnet_100_classification,270,45,21209.508879201927
semnasnet_100_classification,270,46,95409.54763499944
semnasnet_100_classification,270,47,44984.32668969444
semnasnet_100_classification,270,48,21209.508879201927
semnasnet_100_classification,270,49,44984.32668969444
semnasnet_100_classification,270,50,44984.32668969444
semnasnet_100_classification,270,1,44984.32668969444
semnasnet_100_classification,270,2,10000.0
semnasnet_100_classification,270,3,10000.0
semnasnet_100_classification,270,4,10000.0
semnasnet_100_classification,270,5,21209.508879201927
semnasnet_100_classification,270,6,21209.508879201927
semnasnet_100_classification,270,7,21209.508879201927
semnasnet_100_classification,270,8,44984.32668969444
semnasnet_100_classification,270,9,21209.508879201927
semnasnet_100_classification,270,10,21209.508879201927
semnasnet_100_classification,270,11,44984.32668969444
semnasnet_100_classification,270,12,10000.0
semnasnet_100_classification,270,13,44984.32668969444
semnasnet_100_classification,270,14,21209.508879201927
semnasnet_100_classification,270,15,21209.508879201927
semnasnet_100_classification,270,16,44984.32668969444
semnasnet_100_classification,270,17,44984.32668969444
semnasnet_100_classification,270,18,95409.54763499944
semnasnet_100_classification,270,19,21209.508879201927
semnasnet_100_classification,270,20,44984.32668969444
semnasnet_100_classification,270,21,21209.508879201927
semnasnet_100_classification,270,22,44984.32668969444
semnasnet_100_classification,270,23,44984.32668969444
semnasnet_100_classification,270,24,44984.32668969444
semnasnet_100_classification,270,25,44984.32668969444
semnasnet_100_classification,270,26,44984.32668969444
semnasnet_100_classification,270,27,44984.32668969444
semnasnet_100_classification,270,28,95409.54763499944
semnasnet_100_classification,270,29,44984.32668969444
semnasnet_100_classification,270,30,44984.32668969444
semnasnet_100_classification,270,31,21209.508879201927
semnasnet_100_classification,270,32,44984.32668969444
semnasnet_100_classification,270,33,44984.32668969444
semnasnet_100_classification,270,34,44984.32668969444
semnasnet_100_classification,270,35,44984.32668969444
semnasnet_100_classification,270,36,44984.32668969444
semnasnet_100_classification,270,37,44984.32668969444
semnasnet_100_classification,270,38,44984.32668969444
semnasnet_100_classification,270,39,44984.32668969444
semnasnet_100_classification,270,40,44984.32668969444
semnasnet_100_classification,270,41,44984.32668969444
semnasnet_100_classification,270,42,44984.32668969444
semnasnet_100_classification,270,43,44984.32668969444
semnasnet_100_classification,270,44,44984.32668969444
semnasnet_100_classification,270,45,21209.508879201927
semnasnet_100_classification,270,46,95409.54763499944
semnasnet_100_classification,270,47,44984.32668969444
semnasnet_100_classification,270,48,21209.508879201927
semnasnet_100_classification,270,49,44984.32668969444
semnasnet_100_classification,270,50,44984.32668969444
cspresnet50_classification,320,1,910298.1779915227
cspresnet50_classification,320,2,429193.42601287784
cspresnet50_classification,320,3,202358.96477251555
cspresnet50_classification,320,4,202358.96477251555
cspresnet50_classification,320,5,429193.42601287784
cspresnet50_classification,320,6,429193.42601287784
cspresnet50_classification,320,7,429193.42601287784
cspresnet50_classification,320,8,1930697.7288832497
cspresnet50_classification,320,9,429193.42601287784
cspresnet50_classification,320,10,429193.42601287784
cspresnet50_classification,320,11,910298.1779915227
cspresnet50_classification,320,12,202358.96477251555
cspresnet50_classification,320,13,910298.1779915227
cspresnet50_classification,320,14,429193.42601287784
cspresnet50_classification,320,15,429193.42601287784
cspresnet50_classification,320,16,910298.1779915227
cspresnet50_classification,320,17,910298.1779915227
cspresnet50_classification,320,18,910298.1779915227
cspresnet50_classification,320,19,429193.42601287784
cspresnet50_classification,320,20,910298.1779915227
cspresnet50_classification,320,21,910298.1779915227
cspresnet50_classification,320,22,910298.1779915227
cspresnet50_classification,320,23,910298.1779915227
cspresnet50_classification,320,24,1930697.7288832497
cspresnet50_classification,320,25,429193.42601287784
cspresnet50_classification,320,26,910298.1779915227
cspresnet50_classification,320,27,910298.1779915227
cspresnet50_classification,320,28,1930697.7288832497
cspresnet50_classification,320,29,910298.1779915227
cspresnet50_classification,320,30,910298.1779915227
cspresnet50_classification,320,31,910298.1779915227
cspresnet50_classification,320,32,910298.1779915227
cspresnet50_classification,320,33,910298.1779915227
cspresnet50_classification,320,34,910298.1779915227
cspresnet50_classification,320,35,910298.1779915227
cspresnet50_classification,320,36,910298.1779915227
cspresnet50_classification,320,37,1930697.7288832497
cspresnet50_classification,320,38,910298.1779915227
cspresnet50_classification,320,39,910298.1779915227
cspresnet50_classification,320,40,910298.1779915227
cspresnet50_classification,320,41,910298.1779915227
cspresnet50_classification,320,42,910298.1779915227
cspresnet50_classification,320,43,910298.1779915227
cspresnet50_classification,320,44,1930697.7288832497
cspresnet50_classification,320,45,910298.1779915227
cspresnet50_classification,320,46,1930697.7288832497
cspresnet50_classification,320,47,910298.1779915227
cspresnet50_classification,320,48,429193.42601287784
cspresnet50_classification,320,49,910298.1779915227
cspresnet50_classification,320,50,910298.1779915227
cspresnet50_classification,320,1,910298.1779915227
cspresnet50_classification,320,2,429193.42601287784
cspresnet50_classification,320,3,202358.96477251555
cspresnet50_classification,320,4,202358.96477251555
cspresnet50_classification,320,5,429193.42601287784
cspresnet50_classification,320,6,429193.42601287784
cspresnet50_classification,320,7,429193.42601287784
cspresnet50_classification,320,8,1930697.7288832497
cspresnet50_classification,320,9,429193.42601287784
cspresnet50_classification,320,10,429193.42601287784
cspresnet50_classification,320,11,910298.1779915227
cspresnet50_classification,320,12,202358.96477251555
cspresnet50_classification,320,13,910298.1779915227
cspresnet50_classification,320,14,429193.42601287784
cspresnet50_classification,320,15,429193.42601287784
cspresnet50_classification,320,16,910298.1779915227
cspresnet50_classification,320,17,910298.1779915227
cspresnet50_classification,320,18,910298.1779915227
cspresnet50_classification,320,19,429193.42601287784
cspresnet50_classification,320,20,910298.1779915227
cspresnet50_classification,320,21,910298.1779915227
cspresnet50_classification,320,22,910298.1779915227
cspresnet50_classification,320,23,910298.1779915227
cspresnet50_classification,320,24,1930697.7288832497
cspresnet50_classification,320,25,429193.42601287784
cspresnet50_classification,320,26,910298.1779915227
cspresnet50_classification,320,27,910298.1779915227
cspresnet50_classification,320,28,1930697.7288832497
cspresnet50_classification,320,29,910298.1779915227
cspresnet50_classification,320,30,910298.1779915227
cspresnet50_classification,320,31,910298.1779915227
cspresnet50_classification,320,32,910298.1779915227
cspresnet50_classification,320,33,910298.1779915227
cspresnet50_classification,320,34,910298.1779915227
cspresnet50_classification,320,35,910298.1779915227
cspresnet50_classification,320,36,910298.1779915227
cspresnet50_classification,320,37,1930697.7288832497
cspresnet50_classification,320,38,910298.1779915227
cspresnet50_classification,320,39,910298.1779915227
cspresnet50_classification,320,40,910298.1779915227
cspresnet50_classification,320,41,910298.1779915227
cspresnet50_classification,320,42,910298.1779915227
cspresnet50_classification,320,43,910298.1779915227
cspresnet50_classification,320,44,1930697.7288832497
cspresnet50_classification,320,45,910298.1779915227
cspresnet50_classification,320,46,1930697.7288832497
cspresnet50_classification,320,47,910298.1779915227
cspresnet50_classification,320,48,429193.42601287784
cspresnet50_classification,320,49,910298.1779915227
cspresnet50_classification,320,50,910298.1779915227
mobilenetv3_large_100_classification,252,1,429193.42601287784
mobilenetv3_large_100_classification,252,2,202358.96477251555
mobilenetv3_large_100_classification,252,3,202358.96477251555
mobilenetv3_large_100_classification,252,4,202358.96477251555
mobilenetv3_large_100_classification,252,5,202358.96477251555
mobilenetv3_large_100_classification,252,6,429193.42601287784
mobilenetv3_large_100_classification,252,7,429193.42601287784
mobilenetv3_large_100_classification,252,8,910298.1779915227
mobilenetv3_large_100_classification,252,9,202358.96477251555
mobilenetv3_large_100_classification,252,10,202358.96477251555
mobilenetv3_large_100_classification,252,11,429193.42601287784
mobilenetv3_large_100_classification,252,12,202358.96477251555
mobilenetv3_large_100_classification,252,13,910298.1779915227
mobilenetv3_large_100_classification,252,14,429193.42601287784
mobilenetv3_large_100_classification,252,15,202358.96477251555
mobilenetv3_large_100_classification,252,16,429193.42601287784
mobilenetv3_large_100_classification,252,17,429193.42601287784
mobilenetv3_large_100_classification,252,18,910298.1779915227
mobilenetv3_large_100_classification,252,19,429193.42601287784
mobilenetv3_large_100_classification,252,20,429193.42601287784
mobilenetv3_large_100_classification,252,21,429193.42601287784
mobilenetv3_large_100_classification,252,22,429193.42601287784
mobilenetv3_large_100_classification,252,23,429193.42601287784
mobilenetv3_large_100_classification,252,24,910298.1779915227
mobilenetv3_large_100_classification,252,25,429193.42601287784
mobilenetv3_large_100_classification,252,26,910298.1779915227
mobilenetv3_large_100_classification,252,27,429193.42601287784
mobilenetv3_large_100_classification,252,28,910298.1779915227
mobilenetv3_large_100_classification,252,29,910298.1779915227
mobilenetv3_large_100_classification,252,30,429193.42601287784
mobilenetv3_large_100_classification,252,31,429193.42601287784
mobilenetv3_large_100_classification,252,32,429193.42601287784
mobilenetv3_large_100_classification,252,33,429193.42601287784
mobilenetv3_large_100_classification,252,34,910298.1779915227
mobilenetv3_large_100_classification,252,35,429193.42601287784
mobilenetv3_large_100_classification,252,36,910298.1779915227
mobilenetv3_large_100_classification,252,37,910298.1779915227
mobilenetv3_large_100_classification,252,38,429193.42601287784
mobilenetv3_large_100_classification,252,39,429193.42601287784
mobilenetv3_large_100_classification,252,40,429193.42601287784
mobilenetv3_large_100_classification,252,41,910298.1779915227
mobilenetv3_large_100_classification,252,42,429193.42601287784
mobilenetv3_large_100_classification,252,43,429193.42601287784
mobilenetv3_large_100_classification,252,44,910298.1779915227
mobilenetv3_large_100_classification,252,45,429193.42601287784
mobilenetv3_large_100_classification,252,46,910298.1779915227
mobilenetv3_large_100_classification,252,47,429193.42601287784
mobilenetv3_large_100_classification,252,48,202358.96477251555
mobilenetv3_large_100_classification,252,49,429193.42601287784
mobilenetv3_large_100_classification,252,50,429193.42601287784
mobilenetv3_large_100_classification,252,1,429193.42601287784
mobilenetv3_large_100_classification,252,2,202358.96477251555
mobilenetv3_large_100_classification,252,3,202358.96477251555
mobilenetv3_large_100_classification,252,4,202358.96477251555
mobilenetv3_large_100_classification,252,5,202358.96477251555
mobilenetv3_large_100_classification,252,6,429193.42601287784
mobilenetv3_large_100_classification,252,7,429193.42601287784
mobilenetv3_large_100_classification,252,8,910298.1779915227
mobilenetv3_large_100_classification,252,9,202358.96477251555
mobilenetv3_large_100_classification,252,10,202358.96477251555
mobilenetv3_large_100_classification,252,11,429193.42601287784
mobilenetv3_large_100_classification,252,12,202358.96477251555
mobilenetv3_large_100_classification,252,13,910298.1779915227
mobilenetv3_large_100_classification,252,14,429193.42601287784
mobilenetv3_large_100_classification,252,15,202358.96477251555
mobilenetv3_large_100_classification,252,16,429193.42601287784
mobilenetv3_large_100_classification,252,17,429193.42601287784
mobilenetv3_large_100_classification,252,18,910298.1779915227
mobilenetv3_large_100_classification,252,19,429193.42601287784
mobilenetv3_large_100_classification,252,20,429193.42601287784
mobilenetv3_large_100_classification,252,21,429193.42601287784
mobilenetv3_large_100_classification,252,22,429193.42601287784
mobilenetv3_large_100_classification,252,23,429193.42601287784
mobilenetv3_large_100_classification,252,24,910298.1779915227
mobilenetv3_large_100_classification,252,25,429193.42601287784
mobilenetv3_large_100_classification,252,26,910298.1779915227
mobilenetv3_large_100_classification,252,27,429193.42601287784
mobilenetv3_large_100_classification,252,28,910298.1779915227
mobilenetv3_large_100_classification,252,29,910298.1779915227
mobilenetv3_large_100_classification,252,30,429193.42601287784
mobilenetv3_large_100_classification,252,31,429193.42601287784
mobilenetv3_large_100_classification,252,32,429193.42601287784
mobilenetv3_large_100_classification,252,33,429193.42601287784
mobilenetv3_large_100_classification,252,34,910298.1779915227
mobilenetv3_large_100_classification,252,35,429193.42601287784
mobilenetv3_large_100_classification,252,36,910298.1779915227
mobilenetv3_large_100_classification,252,37,910298.1779915227
mobilenetv3_large_100_classification,252,38,429193.42601287784
mobilenetv3_large_100_classification,252,39,429193.42601287784
mobilenetv3_large_100_classification,252,40,429193.42601287784
mobilenetv3_large_100_classification,252,41,910298.1779915227
mobilenetv3_large_100_classification,252,42,429193.42601287784
mobilenetv3_large_100_classification,252,43,429193.42601287784
mobilenetv3_large_100_classification,252,44,910298.1779915227
mobilenetv3_large_100_classification,252,45,429193.42601287784
mobilenetv3_large_100_classification,252,46,910298.1779915227
mobilenetv3_large_100_classification,252,47,429193.42601287784
mobilenetv3_large_100_classification,252,48,202358.96477251555
mobilenetv3_large_100_classification,252,49,429193.42601287784
mobilenetv3_large_100_classification,252,50,429193.42601287784
ghostnet_100_classification,290,1,910298.1779915227
ghostnet_100_classification,290,2,202358.96477251555
ghostnet_100_classification,290,3,202358.96477251555
ghostnet_100_classification,290,4,202358.96477251555
ghostnet_100_classification,290,5,429193.42601287784
ghostnet_100_classification,290,6,429193.42601287784
ghostnet_100_classification,290,7,429193.42601287784
ghostnet_100_classification,290,8,910298.1779915227
ghostnet_100_classification,290,9,429193.42601287784
ghostnet_100_classification,290,10,429193.42601287784
ghostnet_100_classification,290,11,910298.1779915227
ghostnet_100_classification,290,12,429193.42601287784
ghostnet_100_classification,290,13,910298.1779915227
ghostnet_100_classification,290,14,910298.1779915227
ghostnet_100_classification,290,15,429193.42601287784
ghostnet_100_classification,290,16,910298.1779915227
ghostnet_100_classification,290,17,910298.1779915227
ghostnet_100_classification,290,18,1930697.7288832497
ghostnet_100_classification,290,19,910298.1779915227
ghostnet_100_classification,290,20,910298.1779915227
ghostnet_100_classification,290,21,910298.1779915227
ghostnet_100_classification,290,22,910298.1779915227
ghostnet_100_classification,290,23,910298.1779915227
ghostnet_100_classification,290,24,1930697.7288832497
ghostnet_100_classification,290,25,910298.1779915227
ghostnet_100_classification,290,26,910298.1779915227
ghostnet_100_classification,290,27,910298.1779915227
ghostnet_100_classification,290,28,1930697.7288832497
ghostnet_100_classification,290,29,910298.1779915227
ghostnet_100_classification,290,30,910298.1779915227
ghostnet_100_classification,290,31,429193.42601287784
ghostnet_100_classification,290,32,910298.1779915227
ghostnet_100_classification,290,33,910298.1779915227
ghostnet_100_classification,290,34,1930697.7288832497
ghostnet_100_classification,290,35,910298.1779915227
ghostnet_100_classification,290,36,910298.1779915227
ghostnet_100_classification,290,37,1930697.7288832497
ghostnet_100_classification,290,38,910298.1779915227
ghostnet_100_classification,290,39,910298.1779915227
ghostnet_100_classification,290,40,910298.1779915227
ghostnet_100_classification,290,41,910298.1779915227
ghostnet_100_classification,290,42,910298.1779915227
ghostnet_100_classification,290,43,910298.1779915227
ghostnet_100_classification,290,44,1930697.7288832497
ghostnet_100_classification,290,45,910298.1779915227
ghostnet_100_classification,290,46,1930697.7288832497
ghostnet_100_classification,290,47,910298.1779915227
ghostnet_100_classification,290,48,429193.42601287784
ghostnet_100_classification,290,49,910298.1779915227
ghostnet_100_classification,290,50,910298.1779915227
ghostnet_100_classification,290,1,910298.1779915227
ghostnet_100_classification,290,2,202358.96477251555
ghostnet_100_classification,290,3,202358.96477251555
ghostnet_100_classification,290,4,202358.96477251555
ghostnet_100_classification,290,5,429193.42601287784
ghostnet_100_classification,290,6,429193.42601287784
ghostnet_100_classification,290,7,429193.42601287784
ghostnet_100_classification,290,8,910298.1779915227
ghostnet_100_classification,290,9,429193.42601287784
ghostnet_100_classification,290,10,429193.42601287784
ghostnet_100_classification,290,11,910298.1779915227
ghostnet_100_classification,290,12,429193.42601287784
ghostnet_100_classification,290,13,910298.1779915227
ghostnet_100_classification,290,14,910298.1779915227
ghostnet_100_classification,290,15,429193.42601287784
ghostnet_100_classification,290,16,910298.1779915227
ghostnet_100_classification,290,17,910298.1779915227
ghostnet_100_classification,290,18,1930697.7288832497
ghostnet_100_classification,290,19,910298.1779915227
ghostnet_100_classification,290,20,910298.1779915227
ghostnet_100_classification,290,21,910298.1779915227
ghostnet_100_classification,290,22,910298.1779915227
ghostnet_100_classification,290,23,910298.1779915227
ghostnet_100_classification,290,24,1930697.7288832497
ghostnet_100_classification,290,25,910298.1779915227
ghostnet_100_classification,290,26,910298.1779915227
ghostnet_100_classification,290,27,910298.1779915227
ghostnet_100_classification,290,28,1930697.7288832497
ghostnet_100_classification,290,29,910298.1779915227
ghostnet_100_classification,290,30,910298.1779915227
ghostnet_100_classification,290,31,429193.42601287784
ghostnet_100_classification,290,32,910298.1779915227
ghostnet_100_classification,290,33,910298.1779915227
ghostnet_100_classification,290,34,1930697.7288832497
ghostnet_100_classification,290,35,910298.1779915227
ghostnet_100_classification,290,36,910298.1779915227
ghostnet_100_classification,290,37,1930697.7288832497
ghostnet_100_classification,290,38,910298.1779915227
ghostnet_100_classification,290,39,910298.1779915227
ghostnet_100_classification,290,40,910298.1779915227
ghostnet_100_classification,290,41,910298.1779915227
ghostnet_100_classification,290,42,910298.1779915227
ghostnet_100_classification,290,43,910298.1779915227
ghostnet_100_classification,290,44,1930697.7288832497
ghostnet_100_classification,290,45,910298.1779915227
ghostnet_100_classification,290,46,1930697.7288832497
ghostnet_100_classification,290,47,910298.1779915227
ghostnet_100_classification,290,48,429193.42601287784
ghostnet_100_classification,290,49,910298.1779915227
ghostnet_100_classification,290,50,910298.1779915227
convnext_base_classification,273,1,8685113.73751352
convnext_base_classification,273,2,4094915.062380419
convnext_base_classification,273,3,1930697.7288832497
convnext_base_classification,273,4,1930697.7288832497
convnext_base_classification,273,5,4094915.062380419
convnext_base_classification,273,6,4094915.062380419
convnext_base_classification,273,7,4094915.062380419
convnext_base_classification,273,8,8685113.73751352
convnext_base_classification,273,9,4094915.062380419
convnext_base_classification,273,10,4094915.062380419
convnext_base_classification,273,11,4094915.062380419
convnext_base_classification,273,12,1930697.7288832497
convnext_base_classification,273,13,8685113.73751352
convnext_base_classification,273,14,4094915.062380419
convnext_base_classification,273,15,4094915.062380419
convnext_base_classification,273,16,4094915.062380419
convnext_base_classification,273,17,4094915.062380419
convnext_base_classification,273,18,8685113.73751352
convnext_base_classification,273,19,4094915.062380419
convnext_base_classification,273,20,8685113.73751352
convnext_base_classification,273,21,4094915.062380419
convnext_base_classification,273,22,8685113.73751352
convnext_base_classification,273,23,4094915.062380419
convnext_base_classification,273,24,8685113.73751352
convnext_base_classification,273,25,4094915.062380419
convnext_base_classification,273,26,8685113.73751352
convnext_base_classification,273,27,4094915.062380419
convnext_base_classification,273,28,8685113.73751352
convnext_base_classification,273,29,8685113.73751352
convnext_base_classification,273,30,8685113.73751352
convnext_base_classification,273,31,4094915.062380419
convnext_base_classification,273,32,4094915.062380419
convnext_base_classification,273,33,8685113.73751352
convnext_base_classification,273,34,8685113.73751352
convnext_base_classification,273,35,4094915.062380419
convnext_base_classification,273,36,8685113.73751352
convnext_base_classification,273,37,8685113.73751352
convnext_base_classification,273,38,4094915.062380419
convnext_base_classification,273,39,4094915.062380419
convnext_base_classification,273,40,8685113.73751352
convnext_base_classification,273,41,8685113.73751352
convnext_base_classification,273,42,4094915.062380419
convnext_base_classification,273,43,8685113.73751352
convnext_base_classification,273,44,8685113.73751352
convnext_base_classification,273,45,4094915.062380419
convnext_base_classification,273,46,8685113.73751352
convnext_base_classification,273,47,8685113.73751352
convnext_base_classification,273,48,1930697.7288832497
convnext_base_classification,273,49,8685113.73751352
convnext_base_classification,273,50,8685113.73751352
convnext_base_classification,273,1,8685113.73751352
convnext_base_classification,273,2,4094915.062380419
convnext_base_classification,273,3,1930697.7288832497
convnext_base_classification,273,4,1930697.7288832497
convnext_base_classification,273,5,4094915.062380419
convnext_base_classification,273,6,4094915.062380419
convnext_base_classification,273,7,4094915.062380419
convnext_base_classification,273,8,8685113.73751352
convnext_base_classification,273,9,4094915.062380419
convnext_base_classification,273,10,4094915.062380419
convnext_base_classification,273,11,4094915.062380419
convnext_base_classification,273,12,1930697.7288832497
convnext_base_classification,273,13,8685113.73751352
convnext_base_classification,273,14,4094915.062380419
convnext_base_classification,273,15,4094915.062380419
convnext_base_classification,273,16,4094915.062380419
convnext_base_classification,273,17,4094915.062380419
convnext_base_classification,273,18,8685113.73751352
convnext_base_classification,273,19,4094915.062380419
convnext_base_classification,273,20,8685113.73751352
convnext_base_classification,273,21,4094915.062380419
convnext_base_classification,273,22,8685113.73751352
convnext_base_classification,273,23,4094915.062380419
convnext_base_classification,273,24,8685113.73751352
convnext_base_classification,273,25,4094915.062380419
convnext_base_classification,273,26,8685113.73751352
convnext_base_classification,273,27,4094915.062380419
convnext_base_classification,273,28,8685113.73751352
convnext_base_classification,273,29,8685113.73751352
convnext_base_classification,273,30,8685113.73751352
convnext_base_classification,273,31,4094915.062380419
convnext_base_classification,273,32,4094915.062380419
convnext_base_classification,273,33,8685113.73751352
convnext_base_classification,273,34,8685113.73751352
convnext_base_classification,273,35,4094915.062380419
convnext_base_classification,273,36,8685113.73751352
convnext_base_classification,273,37,8685113.73751352
convnext_base_classification,273,38,4094915.062380419
convnext_base_classification,273,39,4094915.062380419
convnext_base_classification,273,40,8685113.73751352
convnext_base_classification,273,41,8685113.73751352
convnext_base_classification,273,42,4094915.062380419
convnext_base_classification,273,43,8685113.73751352
convnext_base_classification,273,44,8685113.73751352
convnext_base_classification,273,45,4094915.062380419
convnext_base_classification,273,46,8685113.73751352
convnext_base_classification,273,47,8685113.73751352
convnext_base_classification,273,48,1930697.7288832497
convnext_base_classification,273,49,8685113.73751352
convnext_base_classification,273,50,8685113.73751352
xcit_nano_12_p8_224_classification,266,1,429193.42601287784
xcit_nano_12_p8_224_classification,266,2,202358.96477251555
xcit_nano_12_p8_224_classification,266,3,202358.96477251555
xcit_nano_12_p8_224_classification,266,4,202358.96477251555
xcit_nano_12_p8_224_classification,266,5,202358.96477251555
xcit_nano_12_p8_224_classification,266,6,429193.42601287784
xcit_nano_12_p8_224_classification,266,7,429193.42601287784
xcit_nano_12_p8_224_classification,266,8,910298.1779915227
xcit_nano_12_p8_224_classification,266,9,429193.42601287784
xcit_nano_12_p8_224_classification,266,10,429193.42601287784
xcit_nano_12_p8_224_classification,266,11,429193.42601287784
xcit_nano_12_p8_224_classification,266,12,202358.96477251555
xcit_nano_12_p8_224_classification,266,13,910298.1779915227
xcit_nano_12_p8_224_classification,266,14,429193.42601287784
xcit_nano_12_p8_224_classification,266,15,429193.42601287784
xcit_nano_12_p8_224_classification,266,16,429193.42601287784
xcit_nano_12_p8_224_classification,266,17,429193.42601287784
xcit_nano_12_p8_224_classification,266,18,910298.1779915227
xcit_nano_12_p8_224_classification,266,19,429193.42601287784
xcit_nano_12_p8_224_classification,266,20,429193.42601287784
xcit_nano_12_p8_224_classification,266,21,429193.42601287784
xcit_nano_12_p8_224_classification,266,22,429193.42601287784
xcit_nano_12_p8_224_classification,266,23,429193.42601287784
xcit_nano_12_p8_224_classification,266,24,429193.42601287784
xcit_nano_12_p8_224_classification,266,25,429193.42601287784
xcit_nano_12_p8_224_classification,266,26,910298.1779915227
xcit_nano_12_p8_224_classification,266,27,429193.42601287784
xcit_nano_12_p8_224_classification,266,28,910298.1779915227
xcit_nano_12_p8_224_classification,266,29,910298.1779915227
xcit_nano_12_p8_224_classification,266,30,429193.42601287784
xcit_nano_12_p8_224_classification,266,31,429193.42601287784
xcit_nano_12_p8_224_classification,266,32,429193.42601287784
xcit_nano_12_p8_224_classification,266,33,429193.42601287784
xcit_nano_12_p8_224_classification,266,34,910298.1779915227
xcit_nano_12_p8_224_classification,266,35,429193.42601287784
xcit_nano_12_p8_224_classification,266,36,910298.1779915227
xcit_nano_12_p8_224_classification,266,37,910298.1779915227
xcit_nano_12_p8_224_classification,266,38,429193.42601287784
xcit_nano_12_p8_224_classification,266,39,910298.1779915227
xcit_nano_12_p8_224_classification,266,40,429193.42601287784
xcit_nano_12_p8_224_classification,266,41,910298.1779915227
xcit_nano_12_p8_224_classification,266,42,429193.42601287784
xcit_nano_12_p8_224_classification,266,43,910298.1779915227
xcit_nano_12_p8_224_classification,266,44,910298.1779915227
xcit_nano_12_p8_224_classification,266,45,429193.42601287784
xcit_nano_12_p8_224_classification,266,46,910298.1779915227
xcit_nano_12_p8_224_classification,266,47,910298.1779915227
xcit_nano_12_p8_224_classification,266,48,202358.96477251555
xcit_nano_12_p8_224_classification,266,49,429193.42601287784
xcit_nano_12_p8_224_classification,266,50,429193.42601287784
xcit_nano_12_p8_224_classification,266,1,429193.42601287784
xcit_nano_12_p8_224_classification,266,2,202358.96477251555
xcit_nano_12_p8_224_classification,266,3,202358.96477251555
xcit_nano_12_p8_224_classification,266,4,202358.96477251555
xcit_nano_12_p8_224_classification,266,5,202358.96477251555
xcit_nano_12_p8_224_classification,266,6,429193.42601287784
xcit_nano_12_p8_224_classification,266,7,429193.42601287784
xcit_nano_12_p8_224_classification,266,8,910298.1779915227
xcit_nano_12_p8_224_classification,266,9,429193.42601287784
xcit_nano_12_p8_224_classification,266,10,429193.42601287784
xcit_nano_12_p8_224_classification,266,11,429193.42601287784
xcit_nano_12_p8_224_classification,266,12,202358.96477251555
xcit_nano_12_p8_224_classification,266,13,910298.1779915227
xcit_nano_12_p8_224_classification,266,14,429193.42601287784
xcit_nano_12_p8_224_classification,266,15,429193.42601287784
xcit_nano_12_p8_224_classification,266,16,429193.42601287784
xcit_nano_12_p8_224_classification,266,17,429193.42601287784
xcit_nano_12_p8_224_classification,266,18,910298.1779915227
xcit_nano_12_p8_224_classification,266,19,429193.42601287784
xcit_nano_12_p8_224_classification,266,20,429193.42601287784
xcit_nano_12_p8_224_classification,266,21,429193.42601287784
xcit_nano_12_p8_224_classification,266,22,429193.42601287784
xcit_nano_12_p8_224_classification,266,23,429193.42601287784
xcit_nano_12_p8_224_classification,266,24,429193.42601287784
xcit_nano_12_p8_224_classification,266,25,429193.42601287784
xcit_nano_12_p8_224_classification,266,26,910298.1779915227
xcit_nano_12_p8_224_classification,266,27,429193.42601287784
xcit_nano_12_p8_224_classification,266,28,910298.1779915227
xcit_nano_12_p8_224_classification,266,29,910298.1779915227
xcit_nano_12_p8_224_classification,266,30,429193.42601287784
xcit_nano_12_p8_224_classification,266,31,429193.42601287784
xcit_nano_12_p8_224_classification,266,32,429193.42601287784
xcit_nano_12_p8_224_classification,266,33,429193.42601287784
xcit_nano_12_p8_224_classification,266,34,910298.1779915227
xcit_nano_12_p8_224_classification,266,35,429193.42601287784
xcit_nano_12_p8_224_classification,266,36,910298.1779915227
xcit_nano_12_p8_224_classification,266,37,910298.1779915227
xcit_nano_12_p8_224_classification,266,38,429193.42601287784
xcit_nano_12_p8_224_classification,266,39,910298.1779915227
xcit_nano_12_p8_224_classification,266,40,429193.42601287784
xcit_nano_12_p8_224_classification,266,41,910298.1779915227
xcit_nano_12_p8_224_classification,266,42,429193.42601287784
xcit_nano_12_p8_224_classification,266,43,910298.1779915227
xcit_nano_12_p8_224_classification,266,44,910298.1779915227
xcit_nano_12_p8_224_classification,266,45,429193.42601287784
xcit_nano_12_p8_224_classification,266,46,910298.1779915227
xcit_nano_12_p8_224_classification,266,47,910298.1779915227
xcit_nano_12_p8_224_classification,266,48,202358.96477251555
xcit_nano_12_p8_224_classification,266,49,429193.42601287784
xcit_nano_12_p8_224_classification,266,50,429193.42601287784
xcit_nano_12_p16_224_classification,242,1,10000.0
xcit_nano_12_p16_224_classification,242,2,10000.0
xcit_nano_12_p16_224_classification,242,3,10000.0
xcit_nano_12_p16_224_classification,242,4,10000.0
xcit_nano_12_p16_224_classification,242,5,10000.0
xcit_nano_12_p16_224_classification,242,6,10000.0
xcit_nano_12_p16_224_classification,242,7,10000.0
xcit_nano_12_p16_224_classification,242,8,10000.0
xcit_nano_12_p16_224_classification,242,9,10000.0
xcit_nano_12_p16_224_classification,242,10,10000.0
xcit_nano_12_p16_224_classification,242,11,10000.0
xcit_nano_12_p16_224_classification,242,12,10000.0
xcit_nano_12_p16_224_classification,242,13,10000.0
xcit_nano_12_p16_224_classification,242,14,10000.0
xcit_nano_12_p16_224_classification,242,15,10000.0
xcit_nano_12_p16_224_classification,242,16,10000.0
xcit_nano_12_p16_224_classification,242,17,10000.0
xcit_nano_12_p16_224_classification,242,18,10000.0
xcit_nano_12_p16_224_classification,242,19,10000.0
xcit_nano_12_p16_224_classification,242,20,10000.0
xcit_nano_12_p16_224_classification,242,21,10000.0
xcit_nano_12_p16_224_classification,242,22,10000.0
xcit_nano_12_p16_224_classification,242,23,10000.0
xcit_nano_12_p16_224_classification,242,24,10000.0
xcit_nano_12_p16_224_classification,242,25,10000.0
xcit_nano_12_p16_224_classification,242,26,10000.0
xcit_nano_12_p16_224_classification,242,27,10000.0
xcit_nano_12_p16_224_classification,242,28,10000.0
xcit_nano_12_p16_224_classification,242,29,10000.0
xcit_nano_12_p16_224_classification,242,30,10000.0
xcit_nano_12_p16_224_classification,242,31,10000.0
xcit_nano_12_p16_224_classification,242,32,10000.0
xcit_nano_12_p16_224_classification,242,33,10000.0
xcit_nano_12_p16_224_classification,242,34,10000.0
xcit_nano_12_p16_224_classification,242,35,10000.0
xcit_nano_12_p16_224_classification,242,36,10000.0
xcit_nano_12_p16_224_classification,242,37,10000.0
xcit_nano_12_p16_224_classification,242,38,10000.0
xcit_nano_12_p16_224_classification,242,39,10000.0
xcit_nano_12_p16_224_classification,242,40,10000.0
xcit_nano_12_p16_224_classification,242,41,10000.0
xcit_nano_12_p16_224_classification,242,42,10000.0
xcit_nano_12_p16_224_classification,242,43,10000.0
xcit_nano_12_p16_224_classification,242,44,10000.0
xcit_nano_12_p16_224_classification,242,45,10000.0
xcit_nano_12_p16_224_classification,242,46,10000.0
xcit_nano_12_p16_224_classification,242,47,10000.0
xcit_nano_12_p16_224_classification,242,48,10000.0
xcit_nano_12_p16_224_classification,242,49,10000.0
xcit_nano_12_p16_224_classification,242,50,10000.0
xcit_nano_12_p16_224_classification,242,1,10000.0
xcit_nano_12_p16_224_classification,242,2,10000.0
xcit_nano_12_p16_224_classification,242,3,10000.0
xcit_nano_12_p16_224_classification,242,4,10000.0
xcit_nano_12_p16_224_classification,242,5,10000.0
xcit_nano_12_p16_224_classification,242,6,10000.0
xcit_nano_12_p16_224_classification,242,7,10000.0
xcit_nano_12_p16_224_classification,242,8,10000.0
xcit_nano_12_p16_224_classification,242,9,10000.0
xcit_nano_12_p16_224_classification,242,10,10000.0
xcit_nano_12_p16_224_classification,242,11,10000.0
xcit_nano_12_p16_224_classification,242,12,10000.0
xcit_nano_12_p16_224_classification,242,13,10000.0
xcit_nano_12_p16_224_classification,242,14,10000.0
xcit_nano_12_p16_224_classification,242,15,10000.0
xcit_nano_12_p16_224_classification,242,16,10000.0
xcit_nano_12_p16_224_classification,242,17,10000.0
xcit_nano_12_p16_224_classification,242,18,10000.0
xcit_nano_12_p16_224_classification,242,19,10000.0
xcit_nano_12_p16_224_classification,242,20,10000.0
xcit_nano_12_p16_224_classification,242,21,10000.0
xcit_nano_12_p16_224_classification,242,22,10000.0
xcit_nano_12_p16_224_classification,242,23,10000.0
xcit_nano_12_p16_224_classification,242,24,10000.0
xcit_nano_12_p16_224_classification,242,25,10000.0
xcit_nano_12_p16_224_classification,242,26,10000.0
xcit_nano_12_p16_224_classification,242,27,10000.0
xcit_nano_12_p16_224_classification,242,28,10000.0
xcit_nano_12_p16_224_classification,242,29,10000.0
xcit_nano_12_p16_224_classification,242,30,10000.0
xcit_nano_12_p16_224_classification,242,31,10000.0
xcit_nano_12_p16_224_classification,242,32,10000.0
xcit_nano_12_p16_224_classification,242,33,10000.0
xcit_nano_12_p16_224_classification,242,34,10000.0
xcit_nano_12_p16_224_classification,242,35,10000.0
xcit_nano_12_p16_224_classification,242,36,10000.0
xcit_nano_12_p16_224_classification,242,37,10000.0
xcit_nano_12_p16_224_classification,242,38,10000.0
xcit_nano_12_p16_224_classification,242,39,10000.0
xcit_nano_12_p16_224_classification,242,40,10000.0
xcit_nano_12_p16_224_classification,242,41,10000.0
xcit_nano_12_p16_224_classification,242,42,10000.0
xcit_nano_12_p16_224_classification,242,43,10000.0
xcit_nano_12_p16_224_classification,242,44,10000.0
xcit_nano_12_p16_224_classification,242,45,10000.0
xcit_nano_12_p16_224_classification,242,46,10000.0
xcit_nano_12_p16_224_classification,242,47,10000.0
xcit_nano_12_p16_224_classification,242,48,10000.0
xcit_nano_12_p16_224_classification,242,49,10000.0
xcit_nano_12_p16_224_classification,242,50,10000.0
swin_large_patch4_window7_224_classification,281,1,910298.1779915227
swin_large_patch4_window7_224_classification,281,2,429193.42601287784
swin_large_patch4_window7_224_classification,281,3,202358.96477251555
swin_large_patch4_window7_224_classification,281,4,429193.42601287784
swin_large_patch4_window7_224_classification,281,5,429193.42601287784
swin_large_patch4_window7_224_classification,281,6,429193.42601287784
swin_large_patch4_window7_224_classification,281,7,910298.1779915227
swin_large_patch4_window7_224_classification,281,8,1930697.7288832497
swin_large_patch4_window7_224_classification,281,9,910298.1779915227
swin_large_patch4_window7_224_classification,281,10,429193.42601287784
swin_large_patch4_window7_224_classification,281,11,910298.1779915227
swin_large_patch4_window7_224_classification,281,12,429193.42601287784
swin_large_patch4_window7_224_classification,281,13,910298.1779915227
swin_large_patch4_window7_224_classification,281,14,910298.1779915227
swin_large_patch4_window7_224_classification,281,15,910298.1779915227
swin_large_patch4_window7_224_classification,281,16,910298.1779915227
swin_large_patch4_window7_224_classification,281,17,910298.1779915227
swin_large_patch4_window7_224_classification,281,18,1930697.7288832497
swin_large_patch4_window7_224_classification,281,19,910298.1779915227
swin_large_patch4_window7_224_classification,281,20,910298.1779915227
swin_large_patch4_window7_224_classification,281,21,910298.1779915227
swin_large_patch4_window7_224_classification,281,22,910298.1779915227
swin_large_patch4_window7_224_classification,281,23,910298.1779915227
swin_large_patch4_window7_224_classification,281,24,1930697.7288832497
swin_large_patch4_window7_224_classification,281,25,910298.1779915227
swin_large_patch4_window7_224_classification,281,26,1930697.7288832497
swin_large_patch4_window7_224_classification,281,27,910298.1779915227
swin_large_patch4_window7_224_classification,281,28,1930697.7288832497
swin_large_patch4_window7_224_classification,281,29,910298.1779915227
swin_large_patch4_window7_224_classification,281,30,910298.1779915227
swin_large_patch4_window7_224_classification,281,31,910298.1779915227
swin_large_patch4_window7_224_classification,281,32,910298.1779915227
swin_large_patch4_window7_224_classification,281,33,910298.1779915227
swin_large_patch4_window7_224_classification,281,34,1930697.7288832497
swin_large_patch4_window7_224_classification,281,35,910298.1779915227
swin_large_patch4_window7_224_classification,281,36,1930697.7288832497
swin_large_patch4_window7_224_classification,281,37,1930697.7288832497
swin_large_patch4_window7_224_classification,281,38,910298.1779915227
swin_large_patch4_window7_224_classification,281,39,910298.1779915227
swin_large_patch4_window7_224_classification,281,40,910298.1779915227
swin_large_patch4_window7_224_classification,281,41,1930697.7288832497
swin_large_patch4_window7_224_classification,281,42,910298.1779915227
swin_large_patch4_window7_224_classification,281,43,910298.1779915227
swin_large_patch4_window7_224_classification,281,44,1930697.7288832497
swin_large_patch4_window7_224_classification,281,45,910298.1779915227
swin_large_patch4_window7_224_classification,281,46,1930697.7288832497
swin_large_patch4_window7_224_classification,281,47,910298.1779915227
swin_large_patch4_window7_224_classification,281,48,910298.1779915227
swin_large_patch4_window7_224_classification,281,49,910298.1779915227
swin_large_patch4_window7_224_classification,281,50,910298.1779915227
swin_large_patch4_window7_224_classification,281,1,910298.1779915227
swin_large_patch4_window7_224_classification,281,2,429193.42601287784
swin_large_patch4_window7_224_classification,281,3,202358.96477251555
swin_large_patch4_window7_224_classification,281,4,429193.42601287784
swin_large_patch4_window7_224_classification,281,5,429193.42601287784
swin_large_patch4_window7_224_classification,281,6,429193.42601287784
swin_large_patch4_window7_224_classification,281,7,910298.1779915227
swin_large_patch4_window7_224_classification,281,8,1930697.7288832497
swin_large_patch4_window7_224_classification,281,9,910298.1779915227
swin_large_patch4_window7_224_classification,281,10,429193.42601287784
swin_large_patch4_window7_224_classification,281,11,910298.1779915227
swin_large_patch4_window7_224_classification,281,12,429193.42601287784
swin_large_patch4_window7_224_classification,281,13,910298.1779915227
swin_large_patch4_window7_224_classification,281,14,910298.1779915227
swin_large_patch4_window7_224_classification,281,15,910298.1779915227
swin_large_patch4_window7_224_classification,281,16,910298.1779915227
swin_large_patch4_window7_224_classification,281,17,910298.1779915227
swin_large_patch4_window7_224_classification,281,18,1930697.7288832497
swin_large_patch4_window7_224_classification,281,19,910298.1779915227
swin_large_patch4_window7_224_classification,281,20,910298.1779915227
swin_large_patch4_window7_224_classification,281,21,910298.1779915227
swin_large_patch4_window7_224_classification,281,22,910298.1779915227
swin_large_patch4_window7_224_classification,281,23,910298.1779915227
swin_large_patch4_window7_224_classification,281,24,1930697.7288832497
swin_large_patch4_window7_224_classification,281,25,910298.1779915227
swin_large_patch4_window7_224_classification,281,26,1930697.7288832497
swin_large_patch4_window7_224_classification,281,27,910298.1779915227
swin_large_patch4_window7_224_classification,281,28,1930697.7288832497
swin_large_patch4_window7_224_classification,281,29,910298.1779915227
swin_large_patch4_window7_224_classification,281,30,910298.1779915227
swin_large_patch4_window7_224_classification,281,31,910298.1779915227
swin_large_patch4_window7_224_classification,281,32,910298.1779915227
swin_large_patch4_window7_224_classification,281,33,910298.1779915227
swin_large_patch4_window7_224_classification,281,34,1930697.7288832497
swin_large_patch4_window7_224_classification,281,35,910298.1779915227
swin_large_patch4_window7_224_classification,281,36,1930697.7288832497
swin_large_patch4_window7_224_classification,281,37,1930697.7288832497
swin_large_patch4_window7_224_classification,281,38,910298.1779915227
swin_large_patch4_window7_224_classification,281,39,910298.1779915227
swin_large_patch4_window7_224_classification,281,40,910298.1779915227
swin_large_patch4_window7_224_classification,281,41,1930697.7288832497
swin_large_patch4_window7_224_classification,281,42,910298.1779915227
swin_large_patch4_window7_224_classification,281,43,910298.1779915227
swin_large_patch4_window7_224_classification,281,44,1930697.7288832497
swin_large_patch4_window7_224_classification,281,45,910298.1779915227
swin_large_patch4_window7_224_classification,281,46,1930697.7288832497
swin_large_patch4_window7_224_classification,281,47,910298.1779915227
swin_large_patch4_window7_224_classification,281,48,910298.1779915227
swin_large_patch4_window7_224_classification,281,49,910298.1779915227
swin_large_patch4_window7_224_classification,281,50,910298.1779915227
jx_nest_tiny_classification,148,1,95409.54763499944
jx_nest_tiny_classification,148,2,21209.508879201927
jx_nest_tiny_classification,148,3,21209.508879201927
jx_nest_tiny_classification,148,4,21209.508879201927
jx_nest_tiny_classification,148,5,44984.32668969444
jx_nest_tiny_classification,148,6,44984.32668969444
jx_nest_tiny_classification,148,7,44984.32668969444
jx_nest_tiny_classification,148,8,95409.54763499944
jx_nest_tiny_classification,148,9,44984.32668969444
jx_nest_tiny_classification,148,10,44984.32668969444
jx_nest_tiny_classification,148,11,44984.32668969444
jx_nest_tiny_classification,148,12,44984.32668969444
jx_nest_tiny_classification,148,13,95409.54763499944
jx_nest_tiny_classification,148,14,44984.32668969444
jx_nest_tiny_classification,148,15,44984.32668969444
jx_nest_tiny_classification,148,16,44984.32668969444
jx_nest_tiny_classification,148,17,44984.32668969444
jx_nest_tiny_classification,148,18,95409.54763499944
jx_nest_tiny_classification,148,19,44984.32668969444
jx_nest_tiny_classification,148,20,95409.54763499944
jx_nest_tiny_classification,148,21,44984.32668969444
jx_nest_tiny_classification,148,22,95409.54763499944
jx_nest_tiny_classification,148,23,44984.32668969444
jx_nest_tiny_classification,148,24,95409.54763499944
jx_nest_tiny_classification,148,25,44984.32668969444
jx_nest_tiny_classification,148,26,95409.54763499944
jx_nest_tiny_classification,148,27,95409.54763499944
jx_nest_tiny_classification,148,28,95409.54763499944
jx_nest_tiny_classification,148,29,95409.54763499944
jx_nest_tiny_classification,148,30,95409.54763499944
jx_nest_tiny_classification,148,31,44984.32668969444
jx_nest_tiny_classification,148,32,44984.32668969444
jx_nest_tiny_classification,148,33,44984.32668969444
jx_nest_tiny_classification,148,34,95409.54763499944
jx_nest_tiny_classification,148,35,95409.54763499944
jx_nest_tiny_classification,148,36,95409.54763499944
jx_nest_tiny_classification,148,37,95409.54763499944
jx_nest_tiny_classification,148,38,44984.32668969444
jx_nest_tiny_classification,148,39,95409.54763499944
jx_nest_tiny_classification,148,40,95409.54763499944
jx_nest_tiny_classification,148,41,95409.54763499944
jx_nest_tiny_classification,148,42,95409.54763499944
jx_nest_tiny_classification,148,43,95409.54763499944
jx_nest_tiny_classification,148,44,95409.54763499944
jx_nest_tiny_classification,148,45,44984.32668969444
jx_nest_tiny_classification,148,46,95409.54763499944
jx_nest_tiny_classification,148,47,95409.54763499944
jx_nest_tiny_classification,148,48,21209.508879201927
jx_nest_tiny_classification,148,49,95409.54763499944
jx_nest_tiny_classification,148,50,95409.54763499944
jx_nest_tiny_classification,148,1,95409.54763499944
jx_nest_tiny_classification,148,2,21209.508879201927
jx_nest_tiny_classification,148,3,21209.508879201927
jx_nest_tiny_classification,148,4,21209.508879201927
jx_nest_tiny_classification,148,5,44984.32668969444
jx_nest_tiny_classification,148,6,44984.32668969444
jx_nest_tiny_classification,148,7,44984.32668969444
jx_nest_tiny_classification,148,8,95409.54763499944
jx_nest_tiny_classification,148,9,44984.32668969444
jx_nest_tiny_classification,148,10,44984.32668969444
jx_nest_tiny_classification,148,11,44984.32668969444
jx_nest_tiny_classification,148,12,44984.32668969444
jx_nest_tiny_classification,148,13,95409.54763499944
jx_nest_tiny_classification,148,14,44984.32668969444
jx_nest_tiny_classification,148,15,44984.32668969444
jx_nest_tiny_classification,148,16,44984.32668969444
jx_nest_tiny_classification,148,17,44984.32668969444
jx_nest_tiny_classification,148,18,95409.54763499944
jx_nest_tiny_classification,148,19,44984.32668969444
jx_nest_tiny_classification,148,20,95409.54763499944
jx_nest_tiny_classification,148,21,44984.32668969444
jx_nest_tiny_classification,148,22,95409.54763499944
jx_nest_tiny_classification,148,23,44984.32668969444
jx_nest_tiny_classification,148,24,95409.54763499944
jx_nest_tiny_classification,148,25,44984.32668969444
jx_nest_tiny_classification,148,26,95409.54763499944
jx_nest_tiny_classification,148,27,95409.54763499944
jx_nest_tiny_classification,148,28,95409.54763499944
jx_nest_tiny_classification,148,29,95409.54763499944
jx_nest_tiny_classification,148,30,95409.54763499944
jx_nest_tiny_classification,148,31,44984.32668969444
jx_nest_tiny_classification,148,32,44984.32668969444
jx_nest_tiny_classification,148,33,44984.32668969444
jx_nest_tiny_classification,148,34,95409.54763499944
jx_nest_tiny_classification,148,35,95409.54763499944
jx_nest_tiny_classification,148,36,95409.54763499944
jx_nest_tiny_classification,148,37,95409.54763499944
jx_nest_tiny_classification,148,38,44984.32668969444
jx_nest_tiny_classification,148,39,95409.54763499944
jx_nest_tiny_classification,148,40,95409.54763499944
jx_nest_tiny_classification,148,41,95409.54763499944
jx_nest_tiny_classification,148,42,95409.54763499944
jx_nest_tiny_classification,148,43,95409.54763499944
jx_nest_tiny_classification,148,44,95409.54763499944
jx_nest_tiny_classification,148,45,44984.32668969444
jx_nest_tiny_classification,148,46,95409.54763499944
jx_nest_tiny_classification,148,47,95409.54763499944
jx_nest_tiny_classification,148,48,21209.508879201927
jx_nest_tiny_classification,148,49,95409.54763499944
jx_nest_tiny_classification,148,50,95409.54763499944
pit_ti_224_classification,207,1,44984.32668969444
pit_ti_224_classification,207,2,21209.508879201927
pit_ti_224_classification,207,3,21209.508879201927
pit_ti_224_classification,207,4,21209.508879201927
pit_ti_224_classification,207,5,21209.508879201927
pit_ti_224_classification,207,6,44984.32668969444
pit_ti_224_classification,207,7,44984.32668969444
pit_ti_224_classification,207,8,95409.54763499944
pit_ti_224_classification,207,9,44984.32668969444
pit_ti_224_classification,207,10,44984.32668969444
pit_ti_224_classification,207,11,44984.32668969444
pit_ti_224_classification,207,12,21209.508879201927
pit_ti_224_classification,207,13,95409.54763499944
pit_ti_224_classification,207,14,44984.32668969444
pit_ti_224_classification,207,15,44984.32668969444
pit_ti_224_classification,207,16,44984.32668969444
pit_ti_224_classification,207,17,44984.32668969444
pit_ti_224_classification,207,18,95409.54763499944
pit_ti_224_classification,207,19,44984.32668969444
pit_ti_224_classification,207,20,44984.32668969444
pit_ti_224_classification,207,21,44984.32668969444
pit_ti_224_classification,207,22,44984.32668969444
pit_ti_224_classification,207,23,44984.32668969444
pit_ti_224_classification,207,24,44984.32668969444
pit_ti_224_classification,207,25,44984.32668969444
pit_ti_224_classification,207,26,95409.54763499944
pit_ti_224_classification,207,27,44984.32668969444
pit_ti_224_classification,207,28,95409.54763499944
pit_ti_224_classification,207,29,44984.32668969444
pit_ti_224_classification,207,30,44984.32668969444
pit_ti_224_classification,207,31,44984.32668969444
pit_ti_224_classification,207,32,44984.32668969444
pit_ti_224_classification,207,33,44984.32668969444
pit_ti_224_classification,207,34,95409.54763499944
pit_ti_224_classification,207,35,44984.32668969444
pit_ti_224_classification,207,36,95409.54763499944
pit_ti_224_classification,207,37,95409.54763499944
pit_ti_224_classification,207,38,44984.32668969444
pit_ti_224_classification,207,39,44984.32668969444
pit_ti_224_classification,207,40,95409.54763499944
pit_ti_224_classification,207,41,95409.54763499944
pit_ti_224_classification,207,42,44984.32668969444
pit_ti_224_classification,207,43,44984.32668969444
pit_ti_224_classification,207,44,95409.54763499944
pit_ti_224_classification,207,45,44984.32668969444
pit_ti_224_classification,207,46,95409.54763499944
pit_ti_224_classification,207,47,44984.32668969444
pit_ti_224_classification,207,48,21209.508879201927
pit_ti_224_classification,207,49,44984.32668969444
pit_ti_224_classification,207,50,44984.32668969444
pit_ti_224_classification,207,1,44984.32668969444
pit_ti_224_classification,207,2,21209.508879201927
pit_ti_224_classification,207,3,21209.508879201927
pit_ti_224_classification,207,4,21209.508879201927
pit_ti_224_classification,207,5,21209.508879201927
pit_ti_224_classification,207,6,44984.32668969444
pit_ti_224_classification,207,7,44984.32668969444
pit_ti_224_classification,207,8,95409.54763499944
pit_ti_224_classification,207,9,44984.32668969444
pit_ti_224_classification,207,10,44984.32668969444
pit_ti_224_classification,207,11,44984.32668969444
pit_ti_224_classification,207,12,21209.508879201927
pit_ti_224_classification,207,13,95409.54763499944
pit_ti_224_classification,207,14,44984.32668969444
pit_ti_224_classification,207,15,44984.32668969444
pit_ti_224_classification,207,16,44984.32668969444
pit_ti_224_classification,207,17,44984.32668969444
pit_ti_224_classification,207,18,95409.54763499944
pit_ti_224_classification,207,19,44984.32668969444
pit_ti_224_classification,207,20,44984.32668969444
pit_ti_224_classification,207,21,44984.32668969444
pit_ti_224_classification,207,22,44984.32668969444
pit_ti_224_classification,207,23,44984.32668969444
pit_ti_224_classification,207,24,44984.32668969444
pit_ti_224_classification,207,25,44984.32668969444
pit_ti_224_classification,207,26,95409.54763499944
pit_ti_224_classification,207,27,44984.32668969444
pit_ti_224_classification,207,28,95409.54763499944
pit_ti_224_classification,207,29,44984.32668969444
pit_ti_224_classification,207,30,44984.32668969444
pit_ti_224_classification,207,31,44984.32668969444
pit_ti_224_classification,207,32,44984.32668969444
pit_ti_224_classification,207,33,44984.32668969444
pit_ti_224_classification,207,34,95409.54763499944
pit_ti_224_classification,207,35,44984.32668969444
pit_ti_224_classification,207,36,95409.54763499944
pit_ti_224_classification,207,37,95409.54763499944
pit_ti_224_classification,207,38,44984.32668969444
pit_ti_224_classification,207,39,44984.32668969444
pit_ti_224_classification,207,40,95409.54763499944
pit_ti_224_classification,207,41,95409.54763499944
pit_ti_224_classification,207,42,44984.32668969444
pit_ti_224_classification,207,43,44984.32668969444
pit_ti_224_classification,207,44,95409.54763499944
pit_ti_224_classification,207,45,44984.32668969444
pit_ti_224_classification,207,46,95409.54763499944
pit_ti_224_classification,207,47,44984.32668969444
pit_ti_224_classification,207,48,21209.508879201927
pit_ti_224_classification,207,49,44984.32668969444
pit_ti_224_classification,207,50,44984.32668969444
vit_base_patch32_224_classification,218,1,429193.42601287784
vit_base_patch32_224_classification,218,2,95409.54763499944
vit_base_patch32_224_classification,218,3,95409.54763499944
vit_base_patch32_224_classification,218,4,95409.54763499944
vit_base_patch32_224_classification,218,5,95409.54763499944
vit_base_patch32_224_classification,218,6,202358.96477251555
vit_base_patch32_224_classification,218,7,202358.96477251555
vit_base_patch32_224_classification,218,8,429193.42601287784
vit_base_patch32_224_classification,218,9,202358.96477251555
vit_base_patch32_224_classification,218,10,202358.96477251555
vit_base_patch32_224_classification,218,11,202358.96477251555
vit_base_patch32_224_classification,218,12,95409.54763499944
vit_base_patch32_224_classification,218,13,429193.42601287784
vit_base_patch32_224_classification,218,14,202358.96477251555
vit_base_patch32_224_classification,218,15,202358.96477251555
vit_base_patch32_224_classification,218,16,202358.96477251555
vit_base_patch32_224_classification,218,17,202358.96477251555
vit_base_patch32_224_classification,218,18,429193.42601287784
vit_base_patch32_224_classification,218,19,202358.96477251555
vit_base_patch32_224_classification,218,20,429193.42601287784
vit_base_patch32_224_classification,218,21,202358.96477251555
vit_base_patch32_224_classification,218,22,202358.96477251555
vit_base_patch32_224_classification,218,23,429193.42601287784
vit_base_patch32_224_classification,218,24,429193.42601287784
vit_base_patch32_224_classification,218,25,429193.42601287784
vit_base_patch32_224_classification,218,26,429193.42601287784
vit_base_patch32_224_classification,218,27,202358.96477251555
vit_base_patch32_224_classification,218,28,429193.42601287784
vit_base_patch32_224_classification,218,29,429193.42601287784
vit_base_patch32_224_classification,218,30,202358.96477251555
vit_base_patch32_224_classification,218,31,202358.96477251555
vit_base_patch32_224_classification,218,32,202358.96477251555
vit_base_patch32_224_classification,218,33,429193.42601287784
vit_base_patch32_224_classification,218,34,429193.42601287784
vit_base_patch32_224_classification,218,35,202358.96477251555
vit_base_patch32_224_classification,218,36,429193.42601287784
vit_base_patch32_224_classification,218,37,429193.42601287784
vit_base_patch32_224_classification,218,38,202358.96477251555
vit_base_patch32_224_classification,218,39,429193.42601287784
vit_base_patch32_224_classification,218,40,429193.42601287784
vit_base_patch32_224_classification,218,41,429193.42601287784
vit_base_patch32_224_classification,218,42,429193.42601287784
vit_base_patch32_224_classification,218,43,429193.42601287784
vit_base_patch32_224_classification,218,44,429193.42601287784
vit_base_patch32_224_classification,218,45,202358.96477251555
vit_base_patch32_224_classification,218,46,429193.42601287784
vit_base_patch32_224_classification,218,47,429193.42601287784
vit_base_patch32_224_classification,218,48,202358.96477251555
vit_base_patch32_224_classification,218,49,202358.96477251555
vit_base_patch32_224_classification,218,50,429193.42601287784
vit_base_patch32_224_classification,218,1,429193.42601287784
vit_base_patch32_224_classification,218,2,95409.54763499944
vit_base_patch32_224_classification,218,3,95409.54763499944
vit_base_patch32_224_classification,218,4,95409.54763499944
vit_base_patch32_224_classification,218,5,95409.54763499944
vit_base_patch32_224_classification,218,6,202358.96477251555
vit_base_patch32_224_classification,218,7,202358.96477251555
vit_base_patch32_224_classification,218,8,429193.42601287784
vit_base_patch32_224_classification,218,9,202358.96477251555
vit_base_patch32_224_classification,218,10,202358.96477251555
vit_base_patch32_224_classification,218,11,202358.96477251555
vit_base_patch32_224_classification,218,12,95409.54763499944
vit_base_patch32_224_classification,218,13,429193.42601287784
vit_base_patch32_224_classification,218,14,202358.96477251555
vit_base_patch32_224_classification,218,15,202358.96477251555
vit_base_patch32_224_classification,218,16,202358.96477251555
vit_base_patch32_224_classification,218,17,202358.96477251555
vit_base_patch32_224_classification,218,18,429193.42601287784
vit_base_patch32_224_classification,218,19,202358.96477251555
vit_base_patch32_224_classification,218,20,429193.42601287784
vit_base_patch32_224_classification,218,21,202358.96477251555
vit_base_patch32_224_classification,218,22,202358.96477251555
vit_base_patch32_224_classification,218,23,429193.42601287784
vit_base_patch32_224_classification,218,24,429193.42601287784
vit_base_patch32_224_classification,218,25,429193.42601287784
vit_base_patch32_224_classification,218,26,429193.42601287784
vit_base_patch32_224_classification,218,27,202358.96477251555
vit_base_patch32_224_classification,218,28,429193.42601287784
vit_base_patch32_224_classification,218,29,429193.42601287784
vit_base_patch32_224_classification,218,30,202358.96477251555
vit_base_patch32_224_classification,218,31,202358.96477251555
vit_base_patch32_224_classification,218,32,202358.96477251555
vit_base_patch32_224_classification,218,33,429193.42601287784
vit_base_patch32_224_classification,218,34,429193.42601287784
vit_base_patch32_224_classification,218,35,202358.96477251555
vit_base_patch32_224_classification,218,36,429193.42601287784
vit_base_patch32_224_classification,218,37,429193.42601287784
vit_base_patch32_224_classification,218,38,202358.96477251555
vit_base_patch32_224_classification,218,39,429193.42601287784
vit_base_patch32_224_classification,218,40,429193.42601287784
vit_base_patch32_224_classification,218,41,429193.42601287784
vit_base_patch32_224_classification,218,42,429193.42601287784
vit_base_patch32_224_classification,218,43,429193.42601287784
vit_base_patch32_224_classification,218,44,429193.42601287784
vit_base_patch32_224_classification,218,45,202358.96477251555
vit_base_patch32_224_classification,218,46,429193.42601287784
vit_base_patch32_224_classification,218,47,429193.42601287784
vit_base_patch32_224_classification,218,48,202358.96477251555
vit_base_patch32_224_classification,218,49,202358.96477251555
vit_base_patch32_224_classification,218,50,429193.42601287784
vit_base_patch16_224_classification,197,1,910298.1779915227
vit_base_patch16_224_classification,197,2,429193.42601287784
vit_base_patch16_224_classification,197,3,202358.96477251555
vit_base_patch16_224_classification,197,4,202358.96477251555
vit_base_patch16_224_classification,197,5,429193.42601287784
vit_base_patch16_224_classification,197,6,429193.42601287784
vit_base_patch16_224_classification,197,7,429193.42601287784
vit_base_patch16_224_classification,197,8,910298.1779915227
vit_base_patch16_224_classification,197,9,429193.42601287784
vit_base_patch16_224_classification,197,10,429193.42601287784
vit_base_patch16_224_classification,197,11,429193.42601287784
vit_base_patch16_224_classification,197,12,202358.96477251555
vit_base_patch16_224_classification,197,13,910298.1779915227
vit_base_patch16_224_classification,197,14,429193.42601287784
vit_base_patch16_224_classification,197,15,429193.42601287784
vit_base_patch16_224_classification,197,16,910298.1779915227
vit_base_patch16_224_classification,197,17,910298.1779915227
vit_base_patch16_224_classification,197,18,910298.1779915227
vit_base_patch16_224_classification,197,19,910298.1779915227
vit_base_patch16_224_classification,197,20,910298.1779915227
vit_base_patch16_224_classification,197,21,429193.42601287784
vit_base_patch16_224_classification,197,22,910298.1779915227
vit_base_patch16_224_classification,197,23,910298.1779915227
vit_base_patch16_224_classification,197,24,910298.1779915227
vit_base_patch16_224_classification,197,25,429193.42601287784
vit_base_patch16_224_classification,197,26,910298.1779915227
vit_base_patch16_224_classification,197,27,910298.1779915227
vit_base_patch16_224_classification,197,28,910298.1779915227
vit_base_patch16_224_classification,197,29,910298.1779915227
vit_base_patch16_224_classification,197,30,910298.1779915227
vit_base_patch16_224_classification,197,31,429193.42601287784
vit_base_patch16_224_classification,197,32,910298.1779915227
vit_base_patch16_224_classification,197,33,910298.1779915227
vit_base_patch16_224_classification,197,34,910298.1779915227
vit_base_patch16_224_classification,197,35,910298.1779915227
vit_base_patch16_224_classification,197,36,910298.1779915227
vit_base_patch16_224_classification,197,37,910298.1779915227
vit_base_patch16_224_classification,197,38,429193.42601287784
vit_base_patch16_224_classification,197,39,910298.1779915227
vit_base_patch16_224_classification,197,40,910298.1779915227
vit_base_patch16_224_classification,197,41,910298.1779915227
vit_base_patch16_224_classification,197,42,910298.1779915227
vit_base_patch16_224_classification,197,43,910298.1779915227
vit_base_patch16_224_classification,197,44,1930697.7288832497
vit_base_patch16_224_classification,197,45,429193.42601287784
vit_base_patch16_224_classification,197,46,1930697.7288832497
vit_base_patch16_224_classification,197,47,910298.1779915227
vit_base_patch16_224_classification,197,48,429193.42601287784
vit_base_patch16_224_classification,197,49,910298.1779915227
vit_base_patch16_224_classification,197,50,910298.1779915227
vit_base_patch16_224_classification,197,1,910298.1779915227
vit_base_patch16_224_classification,197,2,429193.42601287784
vit_base_patch16_224_classification,197,3,202358.96477251555
vit_base_patch16_224_classification,197,4,202358.96477251555
vit_base_patch16_224_classification,197,5,429193.42601287784
vit_base_patch16_224_classification,197,6,429193.42601287784
vit_base_patch16_224_classification,197,7,429193.42601287784
vit_base_patch16_224_classification,197,8,910298.1779915227
vit_base_patch16_224_classification,197,9,429193.42601287784
vit_base_patch16_224_classification,197,10,429193.42601287784
vit_base_patch16_224_classification,197,11,429193.42601287784
vit_base_patch16_224_classification,197,12,202358.96477251555
vit_base_patch16_224_classification,197,13,910298.1779915227
vit_base_patch16_224_classification,197,14,429193.42601287784
vit_base_patch16_224_classification,197,15,429193.42601287784
vit_base_patch16_224_classification,197,16,910298.1779915227
vit_base_patch16_224_classification,197,17,910298.1779915227
vit_base_patch16_224_classification,197,18,910298.1779915227
vit_base_patch16_224_classification,197,19,910298.1779915227
vit_base_patch16_224_classification,197,20,910298.1779915227
vit_base_patch16_224_classification,197,21,429193.42601287784
vit_base_patch16_224_classification,197,22,910298.1779915227
vit_base_patch16_224_classification,197,23,910298.1779915227
vit_base_patch16_224_classification,197,24,910298.1779915227
vit_base_patch16_224_classification,197,25,429193.42601287784
vit_base_patch16_224_classification,197,26,910298.1779915227
vit_base_patch16_224_classification,197,27,910298.1779915227
vit_base_patch16_224_classification,197,28,910298.1779915227
vit_base_patch16_224_classification,197,29,910298.1779915227
vit_base_patch16_224_classification,197,30,910298.1779915227
vit_base_patch16_224_classification,197,31,429193.42601287784
vit_base_patch16_224_classification,197,32,910298.1779915227
vit_base_patch16_224_classification,197,33,910298.1779915227
vit_base_patch16_224_classification,197,34,910298.1779915227
vit_base_patch16_224_classification,197,35,910298.1779915227
vit_base_patch16_224_classification,197,36,910298.1779915227
vit_base_patch16_224_classification,197,37,910298.1779915227
vit_base_patch16_224_classification,197,38,429193.42601287784
vit_base_patch16_224_classification,197,39,910298.1779915227
vit_base_patch16_224_classification,197,40,910298.1779915227
vit_base_patch16_224_classification,197,41,910298.1779915227
vit_base_patch16_224_classification,197,42,910298.1779915227
vit_base_patch16_224_classification,197,43,910298.1779915227
vit_base_patch16_224_classification,197,44,1930697.7288832497
vit_base_patch16_224_classification,197,45,429193.42601287784
vit_base_patch16_224_classification,197,46,1930697.7288832497
vit_base_patch16_224_classification,197,47,910298.1779915227
vit_base_patch16_224_classification,197,48,429193.42601287784
vit_base_patch16_224_classification,197,49,910298.1779915227
vit_base_patch16_224_classification,197,50,910298.1779915227
tnt_s_patch16_224_classification,198,1,429193.42601287784
tnt_s_patch16_224_classification,198,2,202358.96477251555
tnt_s_patch16_224_classification,198,3,202358.96477251555
tnt_s_patch16_224_classification,198,4,202358.96477251555
tnt_s_patch16_224_classification,198,5,202358.96477251555
tnt_s_patch16_224_classification,198,6,429193.42601287784
tnt_s_patch16_224_classification,198,7,429193.42601287784
tnt_s_patch16_224_classification,198,8,910298.1779915227
tnt_s_patch16_224_classification,198,9,429193.42601287784
tnt_s_patch16_224_classification,198,10,202358.96477251555
tnt_s_patch16_224_classification,198,11,429193.42601287784
tnt_s_patch16_224_classification,198,12,202358.96477251555
tnt_s_patch16_224_classification,198,13,910298.1779915227
tnt_s_patch16_224_classification,198,14,429193.42601287784
tnt_s_patch16_224_classification,198,15,429193.42601287784
tnt_s_patch16_224_classification,198,16,429193.42601287784
tnt_s_patch16_224_classification,198,17,429193.42601287784
tnt_s_patch16_224_classification,198,18,910298.1779915227
tnt_s_patch16_224_classification,198,19,429193.42601287784
tnt_s_patch16_224_classification,198,20,429193.42601287784
tnt_s_patch16_224_classification,198,21,429193.42601287784
tnt_s_patch16_224_classification,198,22,429193.42601287784
tnt_s_patch16_224_classification,198,23,429193.42601287784
tnt_s_patch16_224_classification,198,24,910298.1779915227
tnt_s_patch16_224_classification,198,25,429193.42601287784
tnt_s_patch16_224_classification,198,26,910298.1779915227
tnt_s_patch16_224_classification,198,27,910298.1779915227
tnt_s_patch16_224_classification,198,28,910298.1779915227
tnt_s_patch16_224_classification,198,29,429193.42601287784
tnt_s_patch16_224_classification,198,30,429193.42601287784
tnt_s_patch16_224_classification,198,31,429193.42601287784
tnt_s_patch16_224_classification,198,32,429193.42601287784
tnt_s_patch16_224_classification,198,33,910298.1779915227
tnt_s_patch16_224_classification,198,34,910298.1779915227
tnt_s_patch16_224_classification,198,35,429193.42601287784
tnt_s_patch16_224_classification,198,36,910298.1779915227
tnt_s_patch16_224_classification,198,37,910298.1779915227
tnt_s_patch16_224_classification,198,38,429193.42601287784
tnt_s_patch16_224_classification,198,39,429193.42601287784
tnt_s_patch16_224_classification,198,40,429193.42601287784
tnt_s_patch16_224_classification,198,41,910298.1779915227
tnt_s_patch16_224_classification,198,42,429193.42601287784
tnt_s_patch16_224_classification,198,43,910298.1779915227
tnt_s_patch16_224_classification,198,44,910298.1779915227
tnt_s_patch16_224_classification,198,45,429193.42601287784
tnt_s_patch16_224_classification,198,46,910298.1779915227
tnt_s_patch16_224_classification,198,47,910298.1779915227
tnt_s_patch16_224_classification,198,48,202358.96477251555
tnt_s_patch16_224_classification,198,49,429193.42601287784
tnt_s_patch16_224_classification,198,50,429193.42601287784
tnt_s_patch16_224_classification,198,1,429193.42601287784
tnt_s_patch16_224_classification,198,2,202358.96477251555
tnt_s_patch16_224_classification,198,3,202358.96477251555
tnt_s_patch16_224_classification,198,4,202358.96477251555
tnt_s_patch16_224_classification,198,5,202358.96477251555
tnt_s_patch16_224_classification,198,6,429193.42601287784
tnt_s_patch16_224_classification,198,7,429193.42601287784
tnt_s_patch16_224_classification,198,8,910298.1779915227
tnt_s_patch16_224_classification,198,9,429193.42601287784
tnt_s_patch16_224_classification,198,10,202358.96477251555
tnt_s_patch16_224_classification,198,11,429193.42601287784
tnt_s_patch16_224_classification,198,12,202358.96477251555
tnt_s_patch16_224_classification,198,13,910298.1779915227
tnt_s_patch16_224_classification,198,14,429193.42601287784
tnt_s_patch16_224_classification,198,15,429193.42601287784
tnt_s_patch16_224_classification,198,16,429193.42601287784
tnt_s_patch16_224_classification,198,17,429193.42601287784
tnt_s_patch16_224_classification,198,18,910298.1779915227
tnt_s_patch16_224_classification,198,19,429193.42601287784
tnt_s_patch16_224_classification,198,20,429193.42601287784
tnt_s_patch16_224_classification,198,21,429193.42601287784
tnt_s_patch16_224_classification,198,22,429193.42601287784
tnt_s_patch16_224_classification,198,23,429193.42601287784
tnt_s_patch16_224_classification,198,24,910298.1779915227
tnt_s_patch16_224_classification,198,25,429193.42601287784
tnt_s_patch16_224_classification,198,26,910298.1779915227
tnt_s_patch16_224_classification,198,27,910298.1779915227
tnt_s_patch16_224_classification,198,28,910298.1779915227
tnt_s_patch16_224_classification,198,29,429193.42601287784
tnt_s_patch16_224_classification,198,30,429193.42601287784
tnt_s_patch16_224_classification,198,31,429193.42601287784
tnt_s_patch16_224_classification,198,32,429193.42601287784
tnt_s_patch16_224_classification,198,33,910298.1779915227
tnt_s_patch16_224_classification,198,34,910298.1779915227
tnt_s_patch16_224_classification,198,35,429193.42601287784
tnt_s_patch16_224_classification,198,36,910298.1779915227
tnt_s_patch16_224_classification,198,37,910298.1779915227
tnt_s_patch16_224_classification,198,38,429193.42601287784
tnt_s_patch16_224_classification,198,39,429193.42601287784
tnt_s_patch16_224_classification,198,40,429193.42601287784
tnt_s_patch16_224_classification,198,41,910298.1779915227
tnt_s_patch16_224_classification,198,42,429193.42601287784
tnt_s_patch16_224_classification,198,43,910298.1779915227
tnt_s_patch16_224_classification,198,44,910298.1779915227
tnt_s_patch16_224_classification,198,45,429193.42601287784
tnt_s_patch16_224_classification,198,46,910298.1779915227
tnt_s_patch16_224_classification,198,47,910298.1779915227
tnt_s_patch16_224_classification,198,48,202358.96477251555
tnt_s_patch16_224_classification,198,49,429193.42601287784
tnt_s_patch16_224_classification,198,50,429193.42601287784
crossvit_base_240_classification,336,1,4094915.062380419
crossvit_base_240_classification,336,2,1930697.7288832497
crossvit_base_240_classification,336,3,910298.1779915227
crossvit_base_240_classification,336,4,910298.1779915227
crossvit_base_240_classification,336,5,1930697.7288832497
crossvit_base_240_classification,336,6,1930697.7288832497
crossvit_base_240_classification,336,7,1930697.7288832497
crossvit_base_240_classification,336,8,8685113.73751352
crossvit_base_240_classification,336,9,1930697.7288832497
crossvit_base_240_classification,336,10,1930697.7288832497
crossvit_base_240_classification,336,11,4094915.062380419
crossvit_base_240_classification,336,12,1930697.7288832497
crossvit_base_240_classification,336,13,8685113.73751352
crossvit_base_240_classification,336,14,4094915.062380419
crossvit_base_240_classification,336,15,1930697.7288832497
crossvit_base_240_classification,336,16,4094915.062380419
crossvit_base_240_classification,336,17,4094915.062380419
crossvit_base_240_classification,336,18,8685113.73751352
crossvit_base_240_classification,336,19,4094915.062380419
crossvit_base_240_classification,336,20,4094915.062380419
crossvit_base_240_classification,336,21,4094915.062380419
crossvit_base_240_classification,336,22,4094915.062380419
crossvit_base_240_classification,336,23,4094915.062380419
crossvit_base_240_classification,336,24,4094915.062380419
crossvit_base_240_classification,336,25,4094915.062380419
crossvit_base_240_classification,336,26,8685113.73751352
crossvit_base_240_classification,336,27,4094915.062380419
crossvit_base_240_classification,336,28,8685113.73751352
crossvit_base_240_classification,336,29,4094915.062380419
crossvit_base_240_classification,336,30,4094915.062380419
crossvit_base_240_classification,336,31,4094915.062380419
crossvit_base_240_classification,336,32,4094915.062380419
crossvit_base_240_classification,336,33,4094915.062380419
crossvit_base_240_classification,336,34,8685113.73751352
crossvit_base_240_classification,336,35,4094915.062380419
crossvit_base_240_classification,336,36,4094915.062380419
crossvit_base_240_classification,336,37,8685113.73751352
crossvit_base_240_classification,336,38,4094915.062380419
crossvit_base_240_classification,336,39,4094915.062380419
crossvit_base_240_classification,336,40,4094915.062380419
crossvit_base_240_classification,336,41,4094915.062380419
crossvit_base_240_classification,336,42,4094915.062380419
crossvit_base_240_classification,336,43,4094915.062380419
crossvit_base_240_classification,336,44,8685113.73751352
crossvit_base_240_classification,336,45,4094915.062380419
crossvit_base_240_classification,336,46,8685113.73751352
crossvit_base_240_classification,336,47,4094915.062380419
crossvit_base_240_classification,336,48,1930697.7288832497
crossvit_base_240_classification,336,49,4094915.062380419
crossvit_base_240_classification,336,50,4094915.062380419
crossvit_base_240_classification,336,1,4094915.062380419
crossvit_base_240_classification,336,2,1930697.7288832497
crossvit_base_240_classification,336,3,910298.1779915227
crossvit_base_240_classification,336,4,910298.1779915227
crossvit_base_240_classification,336,5,1930697.7288832497
crossvit_base_240_classification,336,6,1930697.7288832497
crossvit_base_240_classification,336,7,1930697.7288832497
crossvit_base_240_classification,336,8,8685113.73751352
crossvit_base_240_classification,336,9,1930697.7288832497
crossvit_base_240_classification,336,10,1930697.7288832497
crossvit_base_240_classification,336,11,4094915.062380419
crossvit_base_240_classification,336,12,1930697.7288832497
crossvit_base_240_classification,336,13,8685113.73751352
crossvit_base_240_classification,336,14,4094915.062380419
crossvit_base_240_classification,336,15,1930697.7288832497
crossvit_base_240_classification,336,16,4094915.062380419
crossvit_base_240_classification,336,17,4094915.062380419
crossvit_base_240_classification,336,18,8685113.73751352
crossvit_base_240_classification,336,19,4094915.062380419
crossvit_base_240_classification,336,20,4094915.062380419
crossvit_base_240_classification,336,21,4094915.062380419
crossvit_base_240_classification,336,22,4094915.062380419
crossvit_base_240_classification,336,23,4094915.062380419
crossvit_base_240_classification,336,24,4094915.062380419
crossvit_base_240_classification,336,25,4094915.062380419
crossvit_base_240_classification,336,26,8685113.73751352
crossvit_base_240_classification,336,27,4094915.062380419
crossvit_base_240_classification,336,28,8685113.73751352
crossvit_base_240_classification,336,29,4094915.062380419
crossvit_base_240_classification,336,30,4094915.062380419
crossvit_base_240_classification,336,31,4094915.062380419
crossvit_base_240_classification,336,32,4094915.062380419
crossvit_base_240_classification,336,33,4094915.062380419
crossvit_base_240_classification,336,34,8685113.73751352
crossvit_base_240_classification,336,35,4094915.062380419
crossvit_base_240_classification,336,36,4094915.062380419
crossvit_base_240_classification,336,37,8685113.73751352
crossvit_base_240_classification,336,38,4094915.062380419
crossvit_base_240_classification,336,39,4094915.062380419
crossvit_base_240_classification,336,40,4094915.062380419
crossvit_base_240_classification,336,41,4094915.062380419
crossvit_base_240_classification,336,42,4094915.062380419
crossvit_base_240_classification,336,43,4094915.062380419
crossvit_base_240_classification,336,44,8685113.73751352
crossvit_base_240_classification,336,45,4094915.062380419
crossvit_base_240_classification,336,46,8685113.73751352
crossvit_base_240_classification,336,47,4094915.062380419
crossvit_base_240_classification,336,48,1930697.7288832497
crossvit_base_240_classification,336,49,4094915.062380419
crossvit_base_240_classification,336,50,4094915.062380419
deit_base_patch16_224_classification,205,1,4094915.062380419
deit_base_patch16_224_classification,205,2,1930697.7288832497
deit_base_patch16_224_classification,205,3,910298.1779915227
deit_base_patch16_224_classification,205,4,910298.1779915227
deit_base_patch16_224_classification,205,5,1930697.7288832497
deit_base_patch16_224_classification,205,6,1930697.7288832497
deit_base_patch16_224_classification,205,7,1930697.7288832497
deit_base_patch16_224_classification,205,8,8685113.73751352
deit_base_patch16_224_classification,205,9,1930697.7288832497
deit_base_patch16_224_classification,205,10,1930697.7288832497
deit_base_patch16_224_classification,205,11,1930697.7288832497
deit_base_patch16_224_classification,205,12,910298.1779915227
deit_base_patch16_224_classification,205,13,4094915.062380419
deit_base_patch16_224_classification,205,14,1930697.7288832497
deit_base_patch16_224_classification,205,15,1930697.7288832497
deit_base_patch16_224_classification,205,16,4094915.062380419
deit_base_patch16_224_classification,205,17,4094915.062380419
deit_base_patch16_224_classification,205,18,4094915.062380419
deit_base_patch16_224_classification,205,19,1930697.7288832497
deit_base_patch16_224_classification,205,20,4094915.062380419
deit_base_patch16_224_classification,205,21,4094915.062380419
deit_base_patch16_224_classification,205,22,4094915.062380419
deit_base_patch16_224_classification,205,23,4094915.062380419
deit_base_patch16_224_classification,205,24,4094915.062380419
deit_base_patch16_224_classification,205,25,1930697.7288832497
deit_base_patch16_224_classification,205,26,4094915.062380419
deit_base_patch16_224_classification,205,27,4094915.062380419
deit_base_patch16_224_classification,205,28,4094915.062380419
deit_base_patch16_224_classification,205,29,4094915.062380419
deit_base_patch16_224_classification,205,30,4094915.062380419
deit_base_patch16_224_classification,205,31,1930697.7288832497
deit_base_patch16_224_classification,205,32,4094915.062380419
deit_base_patch16_224_classification,205,33,4094915.062380419
deit_base_patch16_224_classification,205,34,4094915.062380419
deit_base_patch16_224_classification,205,35,4094915.062380419
deit_base_patch16_224_classification,205,36,4094915.062380419
deit_base_patch16_224_classification,205,37,4094915.062380419
deit_base_patch16_224_classification,205,38,1930697.7288832497
deit_base_patch16_224_classification,205,39,4094915.062380419
deit_base_patch16_224_classification,205,40,4094915.062380419
deit_base_patch16_224_classification,205,41,4094915.062380419
deit_base_patch16_224_classification,205,42,4094915.062380419
deit_base_patch16_224_classification,205,43,4094915.062380419
deit_base_patch16_224_classification,205,44,8685113.73751352
deit_base_patch16_224_classification,205,45,4094915.062380419
deit_base_patch16_224_classification,205,46,8685113.73751352
deit_base_patch16_224_classification,205,47,4094915.062380419
deit_base_patch16_224_classification,205,48,1930697.7288832497
deit_base_patch16_224_classification,205,49,4094915.062380419
deit_base_patch16_224_classification,205,50,4094915.062380419
deit_base_patch16_224_classification,205,1,4094915.062380419
deit_base_patch16_224_classification,205,2,1930697.7288832497
deit_base_patch16_224_classification,205,3,910298.1779915227
deit_base_patch16_224_classification,205,4,910298.1779915227
deit_base_patch16_224_classification,205,5,1930697.7288832497
deit_base_patch16_224_classification,205,6,1930697.7288832497
deit_base_patch16_224_classification,205,7,1930697.7288832497
deit_base_patch16_224_classification,205,8,8685113.73751352
deit_base_patch16_224_classification,205,9,1930697.7288832497
deit_base_patch16_224_classification,205,10,1930697.7288832497
deit_base_patch16_224_classification,205,11,1930697.7288832497
deit_base_patch16_224_classification,205,12,910298.1779915227
deit_base_patch16_224_classification,205,13,4094915.062380419
deit_base_patch16_224_classification,205,14,1930697.7288832497
deit_base_patch16_224_classification,205,15,1930697.7288832497
deit_base_patch16_224_classification,205,16,4094915.062380419
deit_base_patch16_224_classification,205,17,4094915.062380419
deit_base_patch16_224_classification,205,18,4094915.062380419
deit_base_patch16_224_classification,205,19,1930697.7288832497
deit_base_patch16_224_classification,205,20,4094915.062380419
deit_base_patch16_224_classification,205,21,4094915.062380419
deit_base_patch16_224_classification,205,22,4094915.062380419
deit_base_patch16_224_classification,205,23,4094915.062380419
deit_base_patch16_224_classification,205,24,4094915.062380419
deit_base_patch16_224_classification,205,25,1930697.7288832497
deit_base_patch16_224_classification,205,26,4094915.062380419
deit_base_patch16_224_classification,205,27,4094915.062380419
deit_base_patch16_224_classification,205,28,4094915.062380419
deit_base_patch16_224_classification,205,29,4094915.062380419
deit_base_patch16_224_classification,205,30,4094915.062380419
deit_base_patch16_224_classification,205,31,1930697.7288832497
deit_base_patch16_224_classification,205,32,4094915.062380419
deit_base_patch16_224_classification,205,33,4094915.062380419
deit_base_patch16_224_classification,205,34,4094915.062380419
deit_base_patch16_224_classification,205,35,4094915.062380419
deit_base_patch16_224_classification,205,36,4094915.062380419
deit_base_patch16_224_classification,205,37,4094915.062380419
deit_base_patch16_224_classification,205,38,1930697.7288832497
deit_base_patch16_224_classification,205,39,4094915.062380419
deit_base_patch16_224_classification,205,40,4094915.062380419
deit_base_patch16_224_classification,205,41,4094915.062380419
deit_base_patch16_224_classification,205,42,4094915.062380419
deit_base_patch16_224_classification,205,43,4094915.062380419
deit_base_patch16_224_classification,205,44,8685113.73751352
deit_base_patch16_224_classification,205,45,4094915.062380419
deit_base_patch16_224_classification,205,46,8685113.73751352
deit_base_patch16_224_classification,205,47,4094915.062380419
deit_base_patch16_224_classification,205,48,1930697.7288832497
deit_base_patch16_224_classification,205,49,4094915.062380419
deit_base_patch16_224_classification,205,50,4094915.062380419
levit_128_classification,181,1,910298.1779915227
levit_128_classification,181,2,202358.96477251555
levit_128_classification,181,3,202358.96477251555
levit_128_classification,181,4,202358.96477251555
levit_128_classification,181,5,429193.42601287784
levit_128_classification,181,6,429193.42601287784
levit_128_classification,181,7,429193.42601287784
levit_128_classification,181,8,910298.1779915227
levit_128_classification,181,9,429193.42601287784
levit_128_classification,181,10,429193.42601287784
levit_128_classification,181,11,429193.42601287784
levit_128_classification,181,12,202358.96477251555
levit_128_classification,181,13,910298.1779915227
levit_128_classification,181,14,429193.42601287784
levit_128_classification,181,15,429193.42601287784
levit_128_classification,181,16,910298.1779915227
levit_128_classification,181,17,429193.42601287784
levit_128_classification,181,18,910298.1779915227
levit_128_classification,181,19,429193.42601287784
levit_128_classification,181,20,910298.1779915227
levit_128_classification,181,21,429193.42601287784
levit_128_classification,181,22,910298.1779915227
levit_128_classification,181,23,429193.42601287784
levit_128_classification,181,24,910298.1779915227
levit_128_classification,181,25,429193.42601287784
levit_128_classification,181,26,910298.1779915227
levit_128_classification,181,27,429193.42601287784
levit_128_classification,181,28,910298.1779915227
levit_128_classification,181,29,910298.1779915227
levit_128_classification,181,30,429193.42601287784
levit_128_classification,181,31,429193.42601287784
levit_128_classification,181,32,429193.42601287784
levit_128_classification,181,33,429193.42601287784
levit_128_classification,181,34,910298.1779915227
levit_128_classification,181,35,429193.42601287784
levit_128_classification,181,36,910298.1779915227
levit_128_classification,181,37,910298.1779915227
levit_128_classification,181,38,429193.42601287784
levit_128_classification,181,39,910298.1779915227
levit_128_classification,181,40,910298.1779915227
levit_128_classification,181,41,910298.1779915227
levit_128_classification,181,42,910298.1779915227
levit_128_classification,181,43,910298.1779915227
levit_128_classification,181,44,910298.1779915227
levit_128_classification,181,45,429193.42601287784
levit_128_classification,181,46,1930697.7288832497
levit_128_classification,181,47,910298.1779915227
levit_128_classification,181,48,429193.42601287784
levit_128_classification,181,49,429193.42601287784
levit_128_classification,181,50,910298.1779915227
levit_128_classification,181,1,910298.1779915227
levit_128_classification,181,2,202358.96477251555
levit_128_classification,181,3,202358.96477251555
levit_128_classification,181,4,202358.96477251555
levit_128_classification,181,5,429193.42601287784
levit_128_classification,181,6,429193.42601287784
levit_128_classification,181,7,429193.42601287784
levit_128_classification,181,8,910298.1779915227
levit_128_classification,181,9,429193.42601287784
levit_128_classification,181,10,429193.42601287784
levit_128_classification,181,11,429193.42601287784
levit_128_classification,181,12,202358.96477251555
levit_128_classification,181,13,910298.1779915227
levit_128_classification,181,14,429193.42601287784
levit_128_classification,181,15,429193.42601287784
levit_128_classification,181,16,910298.1779915227
levit_128_classification,181,17,429193.42601287784
levit_128_classification,181,18,910298.1779915227
levit_128_classification,181,19,429193.42601287784
levit_128_classification,181,20,910298.1779915227
levit_128_classification,181,21,429193.42601287784
levit_128_classification,181,22,910298.1779915227
levit_128_classification,181,23,429193.42601287784
levit_128_classification,181,24,910298.1779915227
levit_128_classification,181,25,429193.42601287784
levit_128_classification,181,26,910298.1779915227
levit_128_classification,181,27,429193.42601287784
levit_128_classification,181,28,910298.1779915227
levit_128_classification,181,29,910298.1779915227
levit_128_classification,181,30,429193.42601287784
levit_128_classification,181,31,429193.42601287784
levit_128_classification,181,32,429193.42601287784
levit_128_classification,181,33,429193.42601287784
levit_128_classification,181,34,910298.1779915227
levit_128_classification,181,35,429193.42601287784
levit_128_classification,181,36,910298.1779915227
levit_128_classification,181,37,910298.1779915227
levit_128_classification,181,38,429193.42601287784
levit_128_classification,181,39,910298.1779915227
levit_128_classification,181,40,910298.1779915227
levit_128_classification,181,41,910298.1779915227
levit_128_classification,181,42,910298.1779915227
levit_128_classification,181,43,910298.1779915227
levit_128_classification,181,44,910298.1779915227
levit_128_classification,181,45,429193.42601287784
levit_128_classification,181,46,1930697.7288832497
levit_128_classification,181,47,910298.1779915227
levit_128_classification,181,48,429193.42601287784
levit_128_classification,181,49,429193.42601287784
levit_128_classification,181,50,910298.1779915227
coat_lite_tiny_classification,219,1,10000.0
coat_lite_tiny_classification,219,2,10000.0
coat_lite_tiny_classification,219,3,10000.0
coat_lite_tiny_classification,219,4,10000.0
coat_lite_tiny_classification,219,5,10000.0
coat_lite_tiny_classification,219,6,10000.0
coat_lite_tiny_classification,219,7,10000.0
coat_lite_tiny_classification,219,8,10000.0
coat_lite_tiny_classification,219,9,10000.0
coat_lite_tiny_classification,219,10,10000.0
coat_lite_tiny_classification,219,11,10000.0
coat_lite_tiny_classification,219,12,10000.0
coat_lite_tiny_classification,219,13,10000.0
coat_lite_tiny_classification,219,14,10000.0
coat_lite_tiny_classification,219,15,10000.0
coat_lite_tiny_classification,219,16,10000.0
coat_lite_tiny_classification,219,17,10000.0
coat_lite_tiny_classification,219,18,10000.0
coat_lite_tiny_classification,219,19,10000.0
coat_lite_tiny_classification,219,20,10000.0
coat_lite_tiny_classification,219,21,10000.0
coat_lite_tiny_classification,219,22,10000.0
coat_lite_tiny_classification,219,23,10000.0
coat_lite_tiny_classification,219,24,10000.0
coat_lite_tiny_classification,219,25,10000.0
coat_lite_tiny_classification,219,26,10000.0
coat_lite_tiny_classification,219,27,10000.0
coat_lite_tiny_classification,219,28,10000.0
coat_lite_tiny_classification,219,29,10000.0
coat_lite_tiny_classification,219,30,10000.0
coat_lite_tiny_classification,219,31,10000.0
coat_lite_tiny_classification,219,32,10000.0
coat_lite_tiny_classification,219,33,10000.0
coat_lite_tiny_classification,219,34,10000.0
coat_lite_tiny_classification,219,35,10000.0
coat_lite_tiny_classification,219,36,10000.0
coat_lite_tiny_classification,219,37,10000.0
coat_lite_tiny_classification,219,38,10000.0
coat_lite_tiny_classification,219,39,10000.0
coat_lite_tiny_classification,219,40,10000.0
coat_lite_tiny_classification,219,41,10000.0
coat_lite_tiny_classification,219,42,10000.0
coat_lite_tiny_classification,219,43,10000.0
coat_lite_tiny_classification,219,44,10000.0
coat_lite_tiny_classification,219,45,10000.0
coat_lite_tiny_classification,219,46,10000.0
coat_lite_tiny_classification,219,47,10000.0
coat_lite_tiny_classification,219,48,10000.0
coat_lite_tiny_classification,219,49,10000.0
coat_lite_tiny_classification,219,50,10000.0
coat_lite_tiny_classification,219,1,10000.0
coat_lite_tiny_classification,219,2,10000.0
coat_lite_tiny_classification,219,3,10000.0
coat_lite_tiny_classification,219,4,10000.0
coat_lite_tiny_classification,219,5,10000.0
coat_lite_tiny_classification,219,6,10000.0
coat_lite_tiny_classification,219,7,10000.0
coat_lite_tiny_classification,219,8,10000.0
coat_lite_tiny_classification,219,9,10000.0
coat_lite_tiny_classification,219,10,10000.0
coat_lite_tiny_classification,219,11,10000.0
coat_lite_tiny_classification,219,12,10000.0
coat_lite_tiny_classification,219,13,10000.0
coat_lite_tiny_classification,219,14,10000.0
coat_lite_tiny_classification,219,15,10000.0
coat_lite_tiny_classification,219,16,10000.0
coat_lite_tiny_classification,219,17,10000.0
coat_lite_tiny_classification,219,18,10000.0
coat_lite_tiny_classification,219,19,10000.0
coat_lite_tiny_classification,219,20,10000.0
coat_lite_tiny_classification,219,21,10000.0
coat_lite_tiny_classification,219,22,10000.0
coat_lite_tiny_classification,219,23,10000.0
coat_lite_tiny_classification,219,24,10000.0
coat_lite_tiny_classification,219,25,10000.0
coat_lite_tiny_classification,219,26,10000.0
coat_lite_tiny_classification,219,27,10000.0
coat_lite_tiny_classification,219,28,10000.0
coat_lite_tiny_classification,219,29,10000.0
coat_lite_tiny_classification,219,30,10000.0
coat_lite_tiny_classification,219,31,10000.0
coat_lite_tiny_classification,219,32,10000.0
coat_lite_tiny_classification,219,33,10000.0
coat_lite_tiny_classification,219,34,10000.0
coat_lite_tiny_classification,219,35,10000.0
coat_lite_tiny_classification,219,36,10000.0
coat_lite_tiny_classification,219,37,10000.0
coat_lite_tiny_classification,219,38,10000.0
coat_lite_tiny_classification,219,39,10000.0
coat_lite_tiny_classification,219,40,10000.0
coat_lite_tiny_classification,219,41,10000.0
coat_lite_tiny_classification,219,42,10000.0
coat_lite_tiny_classification,219,43,10000.0
coat_lite_tiny_classification,219,44,10000.0
coat_lite_tiny_classification,219,45,10000.0
coat_lite_tiny_classification,219,46,10000.0
coat_lite_tiny_classification,219,47,10000.0
coat_lite_tiny_classification,219,48,10000.0
coat_lite_tiny_classification,219,49,10000.0
coat_lite_tiny_classification,219,50,10000.0
visformer_small_classification,163,1,44984.32668969444
visformer_small_classification,163,2,21209.508879201927
visformer_small_classification,163,3,21209.508879201927
visformer_small_classification,163,4,21209.508879201927
visformer_small_classification,163,5,44984.32668969444
visformer_small_classification,163,6,44984.32668969444
visformer_small_classification,163,7,44984.32668969444
visformer_small_classification,163,8,95409.54763499944
visformer_small_classification,163,9,44984.32668969444
visformer_small_classification,163,10,44984.32668969444
visformer_small_classification,163,11,44984.32668969444
visformer_small_classification,163,12,21209.508879201927
visformer_small_classification,163,13,95409.54763499944
visformer_small_classification,163,14,44984.32668969444
visformer_small_classification,163,15,44984.32668969444
visformer_small_classification,163,16,44984.32668969444
visformer_small_classification,163,17,44984.32668969444
visformer_small_classification,163,18,95409.54763499944
visformer_small_classification,163,19,44984.32668969444
visformer_small_classification,163,20,95409.54763499944
visformer_small_classification,163,21,95409.54763499944
visformer_small_classification,163,22,95409.54763499944
visformer_small_classification,163,23,44984.32668969444
visformer_small_classification,163,24,95409.54763499944
visformer_small_classification,163,25,44984.32668969444
visformer_small_classification,163,26,95409.54763499944
visformer_small_classification,163,27,44984.32668969444
visformer_small_classification,163,28,95409.54763499944
visformer_small_classification,163,29,95409.54763499944
visformer_small_classification,163,30,95409.54763499944
visformer_small_classification,163,31,44984.32668969444
visformer_small_classification,163,32,44984.32668969444
visformer_small_classification,163,33,95409.54763499944
visformer_small_classification,163,34,95409.54763499944
visformer_small_classification,163,35,95409.54763499944
visformer_small_classification,163,36,95409.54763499944
visformer_small_classification,163,37,95409.54763499944
visformer_small_classification,163,38,44984.32668969444
visformer_small_classification,163,39,44984.32668969444
visformer_small_classification,163,40,95409.54763499944
visformer_small_classification,163,41,95409.54763499944
visformer_small_classification,163,42,95409.54763499944
visformer_small_classification,163,43,95409.54763499944
visformer_small_classification,163,44,95409.54763499944
visformer_small_classification,163,45,44984.32668969444
visformer_small_classification,163,46,95409.54763499944
visformer_small_classification,163,47,95409.54763499944
visformer_small_classification,163,48,44984.32668969444
visformer_small_classification,163,49,95409.54763499944
visformer_small_classification,163,50,95409.54763499944
visformer_small_classification,163,1,44984.32668969444
visformer_small_classification,163,2,21209.508879201927
visformer_small_classification,163,3,21209.508879201927
visformer_small_classification,163,4,21209.508879201927
visformer_small_classification,163,5,44984.32668969444
visformer_small_classification,163,6,44984.32668969444
visformer_small_classification,163,7,44984.32668969444
visformer_small_classification,163,8,95409.54763499944
visformer_small_classification,163,9,44984.32668969444
visformer_small_classification,163,10,44984.32668969444
visformer_small_classification,163,11,44984.32668969444
visformer_small_classification,163,12,21209.508879201927
visformer_small_classification,163,13,95409.54763499944
visformer_small_classification,163,14,44984.32668969444
visformer_small_classification,163,15,44984.32668969444
visformer_small_classification,163,16,44984.32668969444
visformer_small_classification,163,17,44984.32668969444
visformer_small_classification,163,18,95409.54763499944
visformer_small_classification,163,19,44984.32668969444
visformer_small_classification,163,20,95409.54763499944
visformer_small_classification,163,21,95409.54763499944
visformer_small_classification,163,22,95409.54763499944
visformer_small_classification,163,23,44984.32668969444
visformer_small_classification,163,24,95409.54763499944
visformer_small_classification,163,25,44984.32668969444
visformer_small_classification,163,26,95409.54763499944
visformer_small_classification,163,27,44984.32668969444
visformer_small_classification,163,28,95409.54763499944
visformer_small_classification,163,29,95409.54763499944
visformer_small_classification,163,30,95409.54763499944
visformer_small_classification,163,31,44984.32668969444
visformer_small_classification,163,32,44984.32668969444
visformer_small_classification,163,33,95409.54763499944
visformer_small_classification,163,34,95409.54763499944
visformer_small_classification,163,35,95409.54763499944
visformer_small_classification,163,36,95409.54763499944
visformer_small_classification,163,37,95409.54763499944
visformer_small_classification,163,38,44984.32668969444
visformer_small_classification,163,39,44984.32668969444
visformer_small_classification,163,40,95409.54763499944
visformer_small_classification,163,41,95409.54763499944
visformer_small_classification,163,42,95409.54763499944
visformer_small_classification,163,43,95409.54763499944
visformer_small_classification,163,44,95409.54763499944
visformer_small_classification,163,45,44984.32668969444
visformer_small_classification,163,46,95409.54763499944
visformer_small_classification,163,47,95409.54763499944
visformer_small_classification,163,48,44984.32668969444
visformer_small_classification,163,49,95409.54763499944
visformer_small_classification,163,50,95409.54763499944
convit_base_classification,201,1,429193.42601287784
convit_base_classification,201,2,95409.54763499944
convit_base_classification,201,3,95409.54763499944
convit_base_classification,201,4,95409.54763499944
convit_base_classification,201,5,202358.96477251555
convit_base_classification,201,6,202358.96477251555
convit_base_classification,201,7,202358.96477251555
convit_base_classification,201,8,429193.42601287784
convit_base_classification,201,9,202358.96477251555
convit_base_classification,201,10,202358.96477251555
convit_base_classification,201,11,202358.96477251555
convit_base_classification,201,12,95409.54763499944
convit_base_classification,201,13,429193.42601287784
convit_base_classification,201,14,202358.96477251555
convit_base_classification,201,15,202358.96477251555
convit_base_classification,201,16,429193.42601287784
convit_base_classification,201,17,202358.96477251555
convit_base_classification,201,18,429193.42601287784
convit_base_classification,201,19,202358.96477251555
convit_base_classification,201,20,429193.42601287784
convit_base_classification,201,21,202358.96477251555
convit_base_classification,201,22,429193.42601287784
convit_base_classification,201,23,429193.42601287784
convit_base_classification,201,24,429193.42601287784
convit_base_classification,201,25,202358.96477251555
convit_base_classification,201,26,429193.42601287784
convit_base_classification,201,27,429193.42601287784
convit_base_classification,201,28,429193.42601287784
convit_base_classification,201,29,429193.42601287784
convit_base_classification,201,30,429193.42601287784
convit_base_classification,201,31,202358.96477251555
convit_base_classification,201,32,202358.96477251555
convit_base_classification,201,33,429193.42601287784
convit_base_classification,201,34,429193.42601287784
convit_base_classification,201,35,429193.42601287784
convit_base_classification,201,36,429193.42601287784
convit_base_classification,201,37,429193.42601287784
convit_base_classification,201,38,202358.96477251555
convit_base_classification,201,39,429193.42601287784
convit_base_classification,201,40,429193.42601287784
convit_base_classification,201,41,429193.42601287784
convit_base_classification,201,42,429193.42601287784
convit_base_classification,201,43,429193.42601287784
convit_base_classification,201,44,429193.42601287784
convit_base_classification,201,45,202358.96477251555
convit_base_classification,201,46,910298.1779915227
convit_base_classification,201,47,429193.42601287784
convit_base_classification,201,48,95409.54763499944
convit_base_classification,201,49,429193.42601287784
convit_base_classification,201,50,429193.42601287784
convit_base_classification,201,1,429193.42601287784
convit_base_classification,201,2,95409.54763499944
convit_base_classification,201,3,95409.54763499944
convit_base_classification,201,4,95409.54763499944
convit_base_classification,201,5,202358.96477251555
convit_base_classification,201,6,202358.96477251555
convit_base_classification,201,7,202358.96477251555
convit_base_classification,201,8,429193.42601287784
convit_base_classification,201,9,202358.96477251555
convit_base_classification,201,10,202358.96477251555
convit_base_classification,201,11,202358.96477251555
convit_base_classification,201,12,95409.54763499944
convit_base_classification,201,13,429193.42601287784
convit_base_classification,201,14,202358.96477251555
convit_base_classification,201,15,202358.96477251555
convit_base_classification,201,16,429193.42601287784
convit_base_classification,201,17,202358.96477251555
convit_base_classification,201,18,429193.42601287784
convit_base_classification,201,19,202358.96477251555
convit_base_classification,201,20,429193.42601287784
convit_base_classification,201,21,202358.96477251555
convit_base_classification,201,22,429193.42601287784
convit_base_classification,201,23,429193.42601287784
convit_base_classification,201,24,429193.42601287784
convit_base_classification,201,25,202358.96477251555
convit_base_classification,201,26,429193.42601287784
convit_base_classification,201,27,429193.42601287784
convit_base_classification,201,28,429193.42601287784
convit_base_classification,201,29,429193.42601287784
convit_base_classification,201,30,429193.42601287784
convit_base_classification,201,31,202358.96477251555
convit_base_classification,201,32,202358.96477251555
convit_base_classification,201,33,429193.42601287784
convit_base_classification,201,34,429193.42601287784
convit_base_classification,201,35,429193.42601287784
convit_base_classification,201,36,429193.42601287784
convit_base_classification,201,37,429193.42601287784
convit_base_classification,201,38,202358.96477251555
convit_base_classification,201,39,429193.42601287784
convit_base_classification,201,40,429193.42601287784
convit_base_classification,201,41,429193.42601287784
convit_base_classification,201,42,429193.42601287784
convit_base_classification,201,43,429193.42601287784
convit_base_classification,201,44,429193.42601287784
convit_base_classification,201,45,202358.96477251555
convit_base_classification,201,46,910298.1779915227
convit_base_classification,201,47,429193.42601287784
convit_base_classification,201,48,95409.54763499944
convit_base_classification,201,49,429193.42601287784
convit_base_classification,201,50,429193.42601287784
RN50_clip,179,1,44984.32668969444
RN50_clip,179,2,21209.508879201927
RN50_clip,179,3,10000.0
RN50_clip,179,4,10000.0
RN50_clip,179,5,21209.508879201927
RN50_clip,179,6,21209.508879201927
RN50_clip,179,7,21209.508879201927
RN50_clip,179,8,44984.32668969444
RN50_clip,179,9,21209.508879201927
RN50_clip,179,10,21209.508879201927
RN50_clip,179,11,21209.508879201927
RN50_clip,179,12,10000.0
RN50_clip,179,13,44984.32668969444
RN50_clip,179,14,21209.508879201927
RN50_clip,179,15,21209.508879201927
RN50_clip,179,16,44984.32668969444
RN50_clip,179,17,21209.508879201927
RN50_clip,179,18,44984.32668969444
RN50_clip,179,19,21209.508879201927
RN50_clip,179,20,44984.32668969444
RN50_clip,179,21,21209.508879201927
RN50_clip,179,22,44984.32668969444
RN50_clip,179,23,21209.508879201927
RN50_clip,179,24,44984.32668969444
RN50_clip,179,25,21209.508879201927
RN50_clip,179,26,44984.32668969444
RN50_clip,179,27,44984.32668969444
RN50_clip,179,28,44984.32668969444
RN50_clip,179,29,21209.508879201927
RN50_clip,179,30,44984.32668969444
RN50_clip,179,31,21209.508879201927
RN50_clip,179,32,21209.508879201927
RN50_clip,179,33,44984.32668969444
RN50_clip,179,34,44984.32668969444
RN50_clip,179,35,21209.508879201927
RN50_clip,179,36,44984.32668969444
RN50_clip,179,37,44984.32668969444
RN50_clip,179,38,21209.508879201927
RN50_clip,179,39,44984.32668969444
RN50_clip,179,40,44984.32668969444
RN50_clip,179,41,44984.32668969444
RN50_clip,179,42,21209.508879201927
RN50_clip,179,43,44984.32668969444
RN50_clip,179,44,44984.32668969444
RN50_clip,179,45,21209.508879201927
RN50_clip,179,46,44984.32668969444
RN50_clip,179,47,44984.32668969444
RN50_clip,179,48,21209.508879201927
RN50_clip,179,49,21209.508879201927
RN50_clip,179,50,21209.508879201927
RN50_clip,179,1,44984.32668969444
RN50_clip,179,2,21209.508879201927
RN50_clip,179,3,10000.0
RN50_clip,179,4,10000.0
RN50_clip,179,5,21209.508879201927
RN50_clip,179,6,21209.508879201927
RN50_clip,179,7,21209.508879201927
RN50_clip,179,8,44984.32668969444
RN50_clip,179,9,21209.508879201927
RN50_clip,179,10,21209.508879201927
RN50_clip,179,11,21209.508879201927
RN50_clip,179,12,10000.0
RN50_clip,179,13,44984.32668969444
RN50_clip,179,14,21209.508879201927
RN50_clip,179,15,21209.508879201927
RN50_clip,179,16,44984.32668969444
RN50_clip,179,17,21209.508879201927
RN50_clip,179,18,44984.32668969444
RN50_clip,179,19,21209.508879201927
RN50_clip,179,20,44984.32668969444
RN50_clip,179,21,21209.508879201927
RN50_clip,179,22,44984.32668969444
RN50_clip,179,23,21209.508879201927
RN50_clip,179,24,44984.32668969444
RN50_clip,179,25,21209.508879201927
RN50_clip,179,26,44984.32668969444
RN50_clip,179,27,44984.32668969444
RN50_clip,179,28,44984.32668969444
RN50_clip,179,29,21209.508879201927
RN50_clip,179,30,44984.32668969444
RN50_clip,179,31,21209.508879201927
RN50_clip,179,32,21209.508879201927
RN50_clip,179,33,44984.32668969444
RN50_clip,179,34,44984.32668969444
RN50_clip,179,35,21209.508879201927
RN50_clip,179,36,44984.32668969444
RN50_clip,179,37,44984.32668969444
RN50_clip,179,38,21209.508879201927
RN50_clip,179,39,44984.32668969444
RN50_clip,179,40,44984.32668969444
RN50_clip,179,41,44984.32668969444
RN50_clip,179,42,21209.508879201927
RN50_clip,179,43,44984.32668969444
RN50_clip,179,44,44984.32668969444
RN50_clip,179,45,21209.508879201927
RN50_clip,179,46,44984.32668969444
RN50_clip,179,47,44984.32668969444
RN50_clip,179,48,21209.508879201927
RN50_clip,179,49,21209.508879201927
RN50_clip,179,50,21209.508879201927
RN101_clip,366,1,44984.32668969444
RN101_clip,366,2,21209.508879201927
RN101_clip,366,3,10000.0
RN101_clip,366,4,10000.0
RN101_clip,366,5,21209.508879201927
RN101_clip,366,6,21209.508879201927
RN101_clip,366,7,21209.508879201927
RN101_clip,366,8,44984.32668969444
RN101_clip,366,9,21209.508879201927
RN101_clip,366,10,21209.508879201927
RN101_clip,366,11,21209.508879201927
RN101_clip,366,12,10000.0
RN101_clip,366,13,44984.32668969444
RN101_clip,366,14,21209.508879201927
RN101_clip,366,15,21209.508879201927
RN101_clip,366,16,44984.32668969444
RN101_clip,366,17,44984.32668969444
RN101_clip,366,18,44984.32668969444
RN101_clip,366,19,21209.508879201927
RN101_clip,366,20,44984.32668969444
RN101_clip,366,21,21209.508879201927
RN101_clip,366,22,44984.32668969444
RN101_clip,366,23,44984.32668969444
RN101_clip,366,24,44984.32668969444
RN101_clip,366,25,44984.32668969444
RN101_clip,366,26,44984.32668969444
RN101_clip,366,27,44984.32668969444
RN101_clip,366,28,44984.32668969444
RN101_clip,366,29,44984.32668969444
RN101_clip,366,30,44984.32668969444
RN101_clip,366,31,21209.508879201927
RN101_clip,366,32,21209.508879201927
RN101_clip,366,33,44984.32668969444
RN101_clip,366,34,95409.54763499944
RN101_clip,366,35,21209.508879201927
RN101_clip,366,36,44984.32668969444
RN101_clip,366,37,95409.54763499944
RN101_clip,366,38,21209.508879201927
RN101_clip,366,39,44984.32668969444
RN101_clip,366,40,44984.32668969444
RN101_clip,366,41,44984.32668969444
RN101_clip,366,42,44984.32668969444
RN101_clip,366,43,44984.32668969444
RN101_clip,366,44,95409.54763499944
RN101_clip,366,45,21209.508879201927
RN101_clip,366,46,95409.54763499944
RN101_clip,366,47,44984.32668969444
RN101_clip,366,48,21209.508879201927
RN101_clip,366,49,21209.508879201927
RN101_clip,366,50,44984.32668969444
RN101_clip,366,1,44984.32668969444
RN101_clip,366,2,21209.508879201927
RN101_clip,366,3,10000.0
RN101_clip,366,4,10000.0
RN101_clip,366,5,21209.508879201927
RN101_clip,366,6,21209.508879201927
RN101_clip,366,7,21209.508879201927
RN101_clip,366,8,44984.32668969444
RN101_clip,366,9,21209.508879201927
RN101_clip,366,10,21209.508879201927
RN101_clip,366,11,21209.508879201927
RN101_clip,366,12,10000.0
RN101_clip,366,13,44984.32668969444
RN101_clip,366,14,21209.508879201927
RN101_clip,366,15,21209.508879201927
RN101_clip,366,16,44984.32668969444
RN101_clip,366,17,44984.32668969444
RN101_clip,366,18,44984.32668969444
RN101_clip,366,19,21209.508879201927
RN101_clip,366,20,44984.32668969444
RN101_clip,366,21,21209.508879201927
RN101_clip,366,22,44984.32668969444
RN101_clip,366,23,44984.32668969444
RN101_clip,366,24,44984.32668969444
RN101_clip,366,25,44984.32668969444
RN101_clip,366,26,44984.32668969444
RN101_clip,366,27,44984.32668969444
RN101_clip,366,28,44984.32668969444
RN101_clip,366,29,44984.32668969444
RN101_clip,366,30,44984.32668969444
RN101_clip,366,31,21209.508879201927
RN101_clip,366,32,21209.508879201927
RN101_clip,366,33,44984.32668969444
RN101_clip,366,34,95409.54763499944
RN101_clip,366,35,21209.508879201927
RN101_clip,366,36,44984.32668969444
RN101_clip,366,37,95409.54763499944
RN101_clip,366,38,21209.508879201927
RN101_clip,366,39,44984.32668969444
RN101_clip,366,40,44984.32668969444
RN101_clip,366,41,44984.32668969444
RN101_clip,366,42,44984.32668969444
RN101_clip,366,43,44984.32668969444
RN101_clip,366,44,95409.54763499944
RN101_clip,366,45,21209.508879201927
RN101_clip,366,46,95409.54763499944
RN101_clip,366,47,44984.32668969444
RN101_clip,366,48,21209.508879201927
RN101_clip,366,49,21209.508879201927
RN101_clip,366,50,44984.32668969444
ResNet50-SimCLR_selfsupervised,162,1,44984.32668969444
ResNet50-SimCLR_selfsupervised,162,2,21209.508879201927
ResNet50-SimCLR_selfsupervised,162,3,21209.508879201927
ResNet50-SimCLR_selfsupervised,162,4,10000.0
ResNet50-SimCLR_selfsupervised,162,5,21209.508879201927
ResNet50-SimCLR_selfsupervised,162,6,21209.508879201927
ResNet50-SimCLR_selfsupervised,162,7,21209.508879201927
ResNet50-SimCLR_selfsupervised,162,8,95409.54763499944
ResNet50-SimCLR_selfsupervised,162,9,21209.508879201927
ResNet50-SimCLR_selfsupervised,162,10,21209.508879201927
ResNet50-SimCLR_selfsupervised,162,11,21209.508879201927
ResNet50-SimCLR_selfsupervised,162,12,21209.508879201927
ResNet50-SimCLR_selfsupervised,162,13,44984.32668969444
ResNet50-SimCLR_selfsupervised,162,14,44984.32668969444
ResNet50-SimCLR_selfsupervised,162,15,21209.508879201927
ResNet50-SimCLR_selfsupervised,162,16,44984.32668969444
ResNet50-SimCLR_selfsupervised,162,17,44984.32668969444
ResNet50-SimCLR_selfsupervised,162,18,44984.32668969444
ResNet50-SimCLR_selfsupervised,162,19,44984.32668969444
ResNet50-SimCLR_selfsupervised,162,20,44984.32668969444
ResNet50-SimCLR_selfsupervised,162,21,44984.32668969444
ResNet50-SimCLR_selfsupervised,162,22,44984.32668969444
ResNet50-SimCLR_selfsupervised,162,23,44984.32668969444
ResNet50-SimCLR_selfsupervised,162,24,44984.32668969444
ResNet50-SimCLR_selfsupervised,162,25,21209.508879201927
ResNet50-SimCLR_selfsupervised,162,26,44984.32668969444
ResNet50-SimCLR_selfsupervised,162,27,44984.32668969444
ResNet50-SimCLR_selfsupervised,162,28,95409.54763499944
ResNet50-SimCLR_selfsupervised,162,29,44984.32668969444
ResNet50-SimCLR_selfsupervised,162,30,44984.32668969444
ResNet50-SimCLR_selfsupervised,162,31,21209.508879201927
ResNet50-SimCLR_selfsupervised,162,32,21209.508879201927
ResNet50-SimCLR_selfsupervised,162,33,44984.32668969444
ResNet50-SimCLR_selfsupervised,162,34,44984.32668969444
ResNet50-SimCLR_selfsupervised,162,35,44984.32668969444
ResNet50-SimCLR_selfsupervised,162,36,44984.32668969444
ResNet50-SimCLR_selfsupervised,162,37,44984.32668969444
ResNet50-SimCLR_selfsupervised,162,38,21209.508879201927
ResNet50-SimCLR_selfsupervised,162,39,44984.32668969444
ResNet50-SimCLR_selfsupervised,162,40,44984.32668969444
ResNet50-SimCLR_selfsupervised,162,41,44984.32668969444
ResNet50-SimCLR_selfsupervised,162,42,44984.32668969444
ResNet50-SimCLR_selfsupervised,162,43,44984.32668969444
ResNet50-SimCLR_selfsupervised,162,44,95409.54763499944
ResNet50-SimCLR_selfsupervised,162,45,44984.32668969444
ResNet50-SimCLR_selfsupervised,162,46,95409.54763499944
ResNet50-SimCLR_selfsupervised,162,47,44984.32668969444
ResNet50-SimCLR_selfsupervised,162,48,21209.508879201927
ResNet50-SimCLR_selfsupervised,162,49,44984.32668969444
ResNet50-SimCLR_selfsupervised,162,50,44984.32668969444
ResNet50-SimCLR_selfsupervised,162,1,44984.32668969444
ResNet50-SimCLR_selfsupervised,162,2,21209.508879201927
ResNet50-SimCLR_selfsupervised,162,3,21209.508879201927
ResNet50-SimCLR_selfsupervised,162,4,10000.0
ResNet50-SimCLR_selfsupervised,162,5,21209.508879201927
ResNet50-SimCLR_selfsupervised,162,6,21209.508879201927
ResNet50-SimCLR_selfsupervised,162,7,21209.508879201927
ResNet50-SimCLR_selfsupervised,162,8,95409.54763499944
ResNet50-SimCLR_selfsupervised,162,9,21209.508879201927
ResNet50-SimCLR_selfsupervised,162,10,21209.508879201927
ResNet50-SimCLR_selfsupervised,162,11,21209.508879201927
ResNet50-SimCLR_selfsupervised,162,12,21209.508879201927
ResNet50-SimCLR_selfsupervised,162,13,44984.32668969444
ResNet50-SimCLR_selfsupervised,162,14,44984.32668969444
ResNet50-SimCLR_selfsupervised,162,15,21209.508879201927
ResNet50-SimCLR_selfsupervised,162,16,44984.32668969444
ResNet50-SimCLR_selfsupervised,162,17,44984.32668969444
ResNet50-SimCLR_selfsupervised,162,18,44984.32668969444
ResNet50-SimCLR_selfsupervised,162,19,44984.32668969444
ResNet50-SimCLR_selfsupervised,162,20,44984.32668969444
ResNet50-SimCLR_selfsupervised,162,21,44984.32668969444
ResNet50-SimCLR_selfsupervised,162,22,44984.32668969444
ResNet50-SimCLR_selfsupervised,162,23,44984.32668969444
ResNet50-SimCLR_selfsupervised,162,24,44984.32668969444
ResNet50-SimCLR_selfsupervised,162,25,21209.508879201927
ResNet50-SimCLR_selfsupervised,162,26,44984.32668969444
ResNet50-SimCLR_selfsupervised,162,27,44984.32668969444
ResNet50-SimCLR_selfsupervised,162,28,95409.54763499944
ResNet50-SimCLR_selfsupervised,162,29,44984.32668969444
ResNet50-SimCLR_selfsupervised,162,30,44984.32668969444
ResNet50-SimCLR_selfsupervised,162,31,21209.508879201927
ResNet50-SimCLR_selfsupervised,162,32,21209.508879201927
ResNet50-SimCLR_selfsupervised,162,33,44984.32668969444
ResNet50-SimCLR_selfsupervised,162,34,44984.32668969444
ResNet50-SimCLR_selfsupervised,162,35,44984.32668969444
ResNet50-SimCLR_selfsupervised,162,36,44984.32668969444
ResNet50-SimCLR_selfsupervised,162,37,44984.32668969444
ResNet50-SimCLR_selfsupervised,162,38,21209.508879201927
ResNet50-SimCLR_selfsupervised,162,39,44984.32668969444
ResNet50-SimCLR_selfsupervised,162,40,44984.32668969444
ResNet50-SimCLR_selfsupervised,162,41,44984.32668969444
ResNet50-SimCLR_selfsupervised,162,42,44984.32668969444
ResNet50-SimCLR_selfsupervised,162,43,44984.32668969444
ResNet50-SimCLR_selfsupervised,162,44,95409.54763499944
ResNet50-SimCLR_selfsupervised,162,45,44984.32668969444
ResNet50-SimCLR_selfsupervised,162,46,95409.54763499944
ResNet50-SimCLR_selfsupervised,162,47,44984.32668969444
ResNet50-SimCLR_selfsupervised,162,48,21209.508879201927
ResNet50-SimCLR_selfsupervised,162,49,44984.32668969444
ResNet50-SimCLR_selfsupervised,162,50,44984.32668969444
ResNet50-DeepClusterV2-2x224_selfsupervised,162,1,910298.1779915227
ResNet50-DeepClusterV2-2x224_selfsupervised,162,2,429193.42601287784
ResNet50-DeepClusterV2-2x224_selfsupervised,162,3,202358.96477251555
ResNet50-DeepClusterV2-2x224_selfsupervised,162,4,202358.96477251555
ResNet50-DeepClusterV2-2x224_selfsupervised,162,5,429193.42601287784
ResNet50-DeepClusterV2-2x224_selfsupervised,162,6,429193.42601287784
ResNet50-DeepClusterV2-2x224_selfsupervised,162,7,429193.42601287784
ResNet50-DeepClusterV2-2x224_selfsupervised,162,8,910298.1779915227
ResNet50-DeepClusterV2-2x224_selfsupervised,162,9,429193.42601287784
ResNet50-DeepClusterV2-2x224_selfsupervised,162,10,429193.42601287784
ResNet50-DeepClusterV2-2x224_selfsupervised,162,11,429193.42601287784
ResNet50-DeepClusterV2-2x224_selfsupervised,162,12,202358.96477251555
ResNet50-DeepClusterV2-2x224_selfsupervised,162,13,910298.1779915227
ResNet50-DeepClusterV2-2x224_selfsupervised,162,14,429193.42601287784
ResNet50-DeepClusterV2-2x224_selfsupervised,162,15,429193.42601287784
ResNet50-DeepClusterV2-2x224_selfsupervised,162,16,429193.42601287784
ResNet50-DeepClusterV2-2x224_selfsupervised,162,17,910298.1779915227
ResNet50-DeepClusterV2-2x224_selfsupervised,162,18,910298.1779915227
ResNet50-DeepClusterV2-2x224_selfsupervised,162,19,429193.42601287784
ResNet50-DeepClusterV2-2x224_selfsupervised,162,20,910298.1779915227
ResNet50-DeepClusterV2-2x224_selfsupervised,162,21,429193.42601287784
ResNet50-DeepClusterV2-2x224_selfsupervised,162,22,910298.1779915227
ResNet50-DeepClusterV2-2x224_selfsupervised,162,23,429193.42601287784
ResNet50-DeepClusterV2-2x224_selfsupervised,162,24,910298.1779915227
ResNet50-DeepClusterV2-2x224_selfsupervised,162,25,429193.42601287784
ResNet50-DeepClusterV2-2x224_selfsupervised,162,26,910298.1779915227
ResNet50-DeepClusterV2-2x224_selfsupervised,162,27,429193.42601287784
ResNet50-DeepClusterV2-2x224_selfsupervised,162,28,910298.1779915227
ResNet50-DeepClusterV2-2x224_selfsupervised,162,29,910298.1779915227
ResNet50-DeepClusterV2-2x224_selfsupervised,162,30,910298.1779915227
ResNet50-DeepClusterV2-2x224_selfsupervised,162,31,429193.42601287784
ResNet50-DeepClusterV2-2x224_selfsupervised,162,32,429193.42601287784
ResNet50-DeepClusterV2-2x224_selfsupervised,162,33,910298.1779915227
ResNet50-DeepClusterV2-2x224_selfsupervised,162,34,910298.1779915227
ResNet50-DeepClusterV2-2x224_selfsupervised,162,35,910298.1779915227
ResNet50-DeepClusterV2-2x224_selfsupervised,162,36,910298.1779915227
ResNet50-DeepClusterV2-2x224_selfsupervised,162,37,910298.1779915227
ResNet50-DeepClusterV2-2x224_selfsupervised,162,38,429193.42601287784
ResNet50-DeepClusterV2-2x224_selfsupervised,162,39,910298.1779915227
ResNet50-DeepClusterV2-2x224_selfsupervised,162,40,910298.1779915227
ResNet50-DeepClusterV2-2x224_selfsupervised,162,41,910298.1779915227
ResNet50-DeepClusterV2-2x224_selfsupervised,162,42,429193.42601287784
ResNet50-DeepClusterV2-2x224_selfsupervised,162,43,910298.1779915227
ResNet50-DeepClusterV2-2x224_selfsupervised,162,44,910298.1779915227
ResNet50-DeepClusterV2-2x224_selfsupervised,162,45,429193.42601287784
ResNet50-DeepClusterV2-2x224_selfsupervised,162,46,910298.1779915227
ResNet50-DeepClusterV2-2x224_selfsupervised,162,47,910298.1779915227
ResNet50-DeepClusterV2-2x224_selfsupervised,162,48,429193.42601287784
ResNet50-DeepClusterV2-2x224_selfsupervised,162,49,910298.1779915227
ResNet50-DeepClusterV2-2x224_selfsupervised,162,50,910298.1779915227
ResNet50-DeepClusterV2-2x224_selfsupervised,162,1,910298.1779915227
ResNet50-DeepClusterV2-2x224_selfsupervised,162,2,429193.42601287784
ResNet50-DeepClusterV2-2x224_selfsupervised,162,3,202358.96477251555
ResNet50-DeepClusterV2-2x224_selfsupervised,162,4,202358.96477251555
ResNet50-DeepClusterV2-2x224_selfsupervised,162,5,429193.42601287784
ResNet50-DeepClusterV2-2x224_selfsupervised,162,6,429193.42601287784
ResNet50-DeepClusterV2-2x224_selfsupervised,162,7,429193.42601287784
ResNet50-DeepClusterV2-2x224_selfsupervised,162,8,910298.1779915227
ResNet50-DeepClusterV2-2x224_selfsupervised,162,9,429193.42601287784
ResNet50-DeepClusterV2-2x224_selfsupervised,162,10,429193.42601287784
ResNet50-DeepClusterV2-2x224_selfsupervised,162,11,429193.42601287784
ResNet50-DeepClusterV2-2x224_selfsupervised,162,12,202358.96477251555
ResNet50-DeepClusterV2-2x224_selfsupervised,162,13,910298.1779915227
ResNet50-DeepClusterV2-2x224_selfsupervised,162,14,429193.42601287784
ResNet50-DeepClusterV2-2x224_selfsupervised,162,15,429193.42601287784
ResNet50-DeepClusterV2-2x224_selfsupervised,162,16,429193.42601287784
ResNet50-DeepClusterV2-2x224_selfsupervised,162,17,910298.1779915227
ResNet50-DeepClusterV2-2x224_selfsupervised,162,18,910298.1779915227
ResNet50-DeepClusterV2-2x224_selfsupervised,162,19,429193.42601287784
ResNet50-DeepClusterV2-2x224_selfsupervised,162,20,910298.1779915227
ResNet50-DeepClusterV2-2x224_selfsupervised,162,21,429193.42601287784
ResNet50-DeepClusterV2-2x224_selfsupervised,162,22,910298.1779915227
ResNet50-DeepClusterV2-2x224_selfsupervised,162,23,429193.42601287784
ResNet50-DeepClusterV2-2x224_selfsupervised,162,24,910298.1779915227
ResNet50-DeepClusterV2-2x224_selfsupervised,162,25,429193.42601287784
ResNet50-DeepClusterV2-2x224_selfsupervised,162,26,910298.1779915227
ResNet50-DeepClusterV2-2x224_selfsupervised,162,27,429193.42601287784
ResNet50-DeepClusterV2-2x224_selfsupervised,162,28,910298.1779915227
ResNet50-DeepClusterV2-2x224_selfsupervised,162,29,910298.1779915227
ResNet50-DeepClusterV2-2x224_selfsupervised,162,30,910298.1779915227
ResNet50-DeepClusterV2-2x224_selfsupervised,162,31,429193.42601287784
ResNet50-DeepClusterV2-2x224_selfsupervised,162,32,429193.42601287784
ResNet50-DeepClusterV2-2x224_selfsupervised,162,33,910298.1779915227
ResNet50-DeepClusterV2-2x224_selfsupervised,162,34,910298.1779915227
ResNet50-DeepClusterV2-2x224_selfsupervised,162,35,910298.1779915227
ResNet50-DeepClusterV2-2x224_selfsupervised,162,36,910298.1779915227
ResNet50-DeepClusterV2-2x224_selfsupervised,162,37,910298.1779915227
ResNet50-DeepClusterV2-2x224_selfsupervised,162,38,429193.42601287784
ResNet50-DeepClusterV2-2x224_selfsupervised,162,39,910298.1779915227
ResNet50-DeepClusterV2-2x224_selfsupervised,162,40,910298.1779915227
ResNet50-DeepClusterV2-2x224_selfsupervised,162,41,910298.1779915227
ResNet50-DeepClusterV2-2x224_selfsupervised,162,42,429193.42601287784
ResNet50-DeepClusterV2-2x224_selfsupervised,162,43,910298.1779915227
ResNet50-DeepClusterV2-2x224_selfsupervised,162,44,910298.1779915227
ResNet50-DeepClusterV2-2x224_selfsupervised,162,45,429193.42601287784
ResNet50-DeepClusterV2-2x224_selfsupervised,162,46,910298.1779915227
ResNet50-DeepClusterV2-2x224_selfsupervised,162,47,910298.1779915227
ResNet50-DeepClusterV2-2x224_selfsupervised,162,48,429193.42601287784
ResNet50-DeepClusterV2-2x224_selfsupervised,162,49,910298.1779915227
ResNet50-DeepClusterV2-2x224_selfsupervised,162,50,910298.1779915227
ResNet50-SwAV-BS4096-2x224_selfsupervised,165,1,910298.1779915227
ResNet50-SwAV-BS4096-2x224_selfsupervised,165,2,429193.42601287784
ResNet50-SwAV-BS4096-2x224_selfsupervised,165,3,202358.96477251555
ResNet50-SwAV-BS4096-2x224_selfsupervised,165,4,202358.96477251555
ResNet50-SwAV-BS4096-2x224_selfsupervised,165,5,429193.42601287784
ResNet50-SwAV-BS4096-2x224_selfsupervised,165,6,429193.42601287784
ResNet50-SwAV-BS4096-2x224_selfsupervised,165,7,429193.42601287784
ResNet50-SwAV-BS4096-2x224_selfsupervised,165,8,1930697.7288832497
ResNet50-SwAV-BS4096-2x224_selfsupervised,165,9,429193.42601287784
ResNet50-SwAV-BS4096-2x224_selfsupervised,165,10,429193.42601287784
ResNet50-SwAV-BS4096-2x224_selfsupervised,165,11,910298.1779915227
ResNet50-SwAV-BS4096-2x224_selfsupervised,165,12,429193.42601287784
ResNet50-SwAV-BS4096-2x224_selfsupervised,165,13,1930697.7288832497
ResNet50-SwAV-BS4096-2x224_selfsupervised,165,14,910298.1779915227
ResNet50-SwAV-BS4096-2x224_selfsupervised,165,15,429193.42601287784
ResNet50-SwAV-BS4096-2x224_selfsupervised,165,16,910298.1779915227
ResNet50-SwAV-BS4096-2x224_selfsupervised,165,17,910298.1779915227
ResNet50-SwAV-BS4096-2x224_selfsupervised,165,18,1930697.7288832497
ResNet50-SwAV-BS4096-2x224_selfsupervised,165,19,910298.1779915227
ResNet50-SwAV-BS4096-2x224_selfsupervised,165,20,910298.1779915227
ResNet50-SwAV-BS4096-2x224_selfsupervised,165,21,910298.1779915227
ResNet50-SwAV-BS4096-2x224_selfsupervised,165,22,910298.1779915227
ResNet50-SwAV-BS4096-2x224_selfsupervised,165,23,910298.1779915227
ResNet50-SwAV-BS4096-2x224_selfsupervised,165,24,1930697.7288832497
ResNet50-SwAV-BS4096-2x224_selfsupervised,165,25,910298.1779915227
ResNet50-SwAV-BS4096-2x224_selfsupervised,165,26,1930697.7288832497
ResNet50-SwAV-BS4096-2x224_selfsupervised,165,27,910298.1779915227
ResNet50-SwAV-BS4096-2x224_selfsupervised,165,28,1930697.7288832497
ResNet50-SwAV-BS4096-2x224_selfsupervised,165,29,910298.1779915227
ResNet50-SwAV-BS4096-2x224_selfsupervised,165,30,910298.1779915227
ResNet50-SwAV-BS4096-2x224_selfsupervised,165,31,910298.1779915227
ResNet50-SwAV-BS4096-2x224_selfsupervised,165,32,910298.1779915227
ResNet50-SwAV-BS4096-2x224_selfsupervised,165,33,910298.1779915227
ResNet50-SwAV-BS4096-2x224_selfsupervised,165,34,1930697.7288832497
ResNet50-SwAV-BS4096-2x224_selfsupervised,165,35,910298.1779915227
ResNet50-SwAV-BS4096-2x224_selfsupervised,165,36,1930697.7288832497
ResNet50-SwAV-BS4096-2x224_selfsupervised,165,37,1930697.7288832497
ResNet50-SwAV-BS4096-2x224_selfsupervised,165,38,910298.1779915227
ResNet50-SwAV-BS4096-2x224_selfsupervised,165,39,910298.1779915227
ResNet50-SwAV-BS4096-2x224_selfsupervised,165,40,910298.1779915227
ResNet50-SwAV-BS4096-2x224_selfsupervised,165,41,910298.1779915227
ResNet50-SwAV-BS4096-2x224_selfsupervised,165,42,910298.1779915227
ResNet50-SwAV-BS4096-2x224_selfsupervised,165,43,1930697.7288832497
ResNet50-SwAV-BS4096-2x224_selfsupervised,165,44,1930697.7288832497
ResNet50-SwAV-BS4096-2x224_selfsupervised,165,45,910298.1779915227
ResNet50-SwAV-BS4096-2x224_selfsupervised,165,46,1930697.7288832497
ResNet50-SwAV-BS4096-2x224_selfsupervised,165,47,910298.1779915227
ResNet50-SwAV-BS4096-2x224_selfsupervised,165,48,429193.42601287784
ResNet50-SwAV-BS4096-2x224_selfsupervised,165,49,910298.1779915227
ResNet50-SwAV-BS4096-2x224_selfsupervised,165,50,910298.1779915227
ResNet50-SwAV-BS4096-2x224_selfsupervised,165,1,910298.1779915227
ResNet50-SwAV-BS4096-2x224_selfsupervised,165,2,429193.42601287784
ResNet50-SwAV-BS4096-2x224_selfsupervised,165,3,202358.96477251555
ResNet50-SwAV-BS4096-2x224_selfsupervised,165,4,202358.96477251555
ResNet50-SwAV-BS4096-2x224_selfsupervised,165,5,429193.42601287784
ResNet50-SwAV-BS4096-2x224_selfsupervised,165,6,429193.42601287784
ResNet50-SwAV-BS4096-2x224_selfsupervised,165,7,429193.42601287784
ResNet50-SwAV-BS4096-2x224_selfsupervised,165,8,1930697.7288832497
ResNet50-SwAV-BS4096-2x224_selfsupervised,165,9,429193.42601287784
ResNet50-SwAV-BS4096-2x224_selfsupervised,165,10,429193.42601287784
ResNet50-SwAV-BS4096-2x224_selfsupervised,165,11,910298.1779915227
ResNet50-SwAV-BS4096-2x224_selfsupervised,165,12,429193.42601287784
ResNet50-SwAV-BS4096-2x224_selfsupervised,165,13,1930697.7288832497
ResNet50-SwAV-BS4096-2x224_selfsupervised,165,14,910298.1779915227
ResNet50-SwAV-BS4096-2x224_selfsupervised,165,15,429193.42601287784
ResNet50-SwAV-BS4096-2x224_selfsupervised,165,16,910298.1779915227
ResNet50-SwAV-BS4096-2x224_selfsupervised,165,17,910298.1779915227
ResNet50-SwAV-BS4096-2x224_selfsupervised,165,18,1930697.7288832497
ResNet50-SwAV-BS4096-2x224_selfsupervised,165,19,910298.1779915227
ResNet50-SwAV-BS4096-2x224_selfsupervised,165,20,910298.1779915227
ResNet50-SwAV-BS4096-2x224_selfsupervised,165,21,910298.1779915227
ResNet50-SwAV-BS4096-2x224_selfsupervised,165,22,910298.1779915227
ResNet50-SwAV-BS4096-2x224_selfsupervised,165,23,910298.1779915227
ResNet50-SwAV-BS4096-2x224_selfsupervised,165,24,1930697.7288832497
ResNet50-SwAV-BS4096-2x224_selfsupervised,165,25,910298.1779915227
ResNet50-SwAV-BS4096-2x224_selfsupervised,165,26,1930697.7288832497
ResNet50-SwAV-BS4096-2x224_selfsupervised,165,27,910298.1779915227
ResNet50-SwAV-BS4096-2x224_selfsupervised,165,28,1930697.7288832497
ResNet50-SwAV-BS4096-2x224_selfsupervised,165,29,910298.1779915227
ResNet50-SwAV-BS4096-2x224_selfsupervised,165,30,910298.1779915227
ResNet50-SwAV-BS4096-2x224_selfsupervised,165,31,910298.1779915227
ResNet50-SwAV-BS4096-2x224_selfsupervised,165,32,910298.1779915227
ResNet50-SwAV-BS4096-2x224_selfsupervised,165,33,910298.1779915227
ResNet50-SwAV-BS4096-2x224_selfsupervised,165,34,1930697.7288832497
ResNet50-SwAV-BS4096-2x224_selfsupervised,165,35,910298.1779915227
ResNet50-SwAV-BS4096-2x224_selfsupervised,165,36,1930697.7288832497
ResNet50-SwAV-BS4096-2x224_selfsupervised,165,37,1930697.7288832497
ResNet50-SwAV-BS4096-2x224_selfsupervised,165,38,910298.1779915227
ResNet50-SwAV-BS4096-2x224_selfsupervised,165,39,910298.1779915227
ResNet50-SwAV-BS4096-2x224_selfsupervised,165,40,910298.1779915227
ResNet50-SwAV-BS4096-2x224_selfsupervised,165,41,910298.1779915227
ResNet50-SwAV-BS4096-2x224_selfsupervised,165,42,910298.1779915227
ResNet50-SwAV-BS4096-2x224_selfsupervised,165,43,1930697.7288832497
ResNet50-SwAV-BS4096-2x224_selfsupervised,165,44,1930697.7288832497
ResNet50-SwAV-BS4096-2x224_selfsupervised,165,45,910298.1779915227
ResNet50-SwAV-BS4096-2x224_selfsupervised,165,46,1930697.7288832497
ResNet50-SwAV-BS4096-2x224_selfsupervised,165,47,910298.1779915227
ResNet50-SwAV-BS4096-2x224_selfsupervised,165,48,429193.42601287784
ResNet50-SwAV-BS4096-2x224_selfsupervised,165,49,910298.1779915227
ResNet50-SwAV-BS4096-2x224_selfsupervised,165,50,910298.1779915227
ResNet50-PIRL_selfsupervised,165,1,10000.0
ResNet50-PIRL_selfsupervised,165,2,10000.0
ResNet50-PIRL_selfsupervised,165,3,10000.0
ResNet50-PIRL_selfsupervised,165,4,10000.0
ResNet50-PIRL_selfsupervised,165,5,10000.0
ResNet50-PIRL_selfsupervised,165,6,10000.0
ResNet50-PIRL_selfsupervised,165,7,10000.0
ResNet50-PIRL_selfsupervised,165,8,10000.0
ResNet50-PIRL_selfsupervised,165,9,10000.0
ResNet50-PIRL_selfsupervised,165,10,10000.0
ResNet50-PIRL_selfsupervised,165,11,10000.0
ResNet50-PIRL_selfsupervised,165,12,10000.0
ResNet50-PIRL_selfsupervised,165,13,10000.0
ResNet50-PIRL_selfsupervised,165,14,10000.0
ResNet50-PIRL_selfsupervised,165,15,10000.0
ResNet50-PIRL_selfsupervised,165,16,10000.0
ResNet50-PIRL_selfsupervised,165,17,10000.0
ResNet50-PIRL_selfsupervised,165,18,10000.0
ResNet50-PIRL_selfsupervised,165,19,10000.0
ResNet50-PIRL_selfsupervised,165,20,10000.0
ResNet50-PIRL_selfsupervised,165,21,10000.0
ResNet50-PIRL_selfsupervised,165,22,10000.0
ResNet50-PIRL_selfsupervised,165,23,10000.0
ResNet50-PIRL_selfsupervised,165,24,10000.0
ResNet50-PIRL_selfsupervised,165,25,10000.0
ResNet50-PIRL_selfsupervised,165,26,10000.0
ResNet50-PIRL_selfsupervised,165,27,10000.0
ResNet50-PIRL_selfsupervised,165,28,10000.0
ResNet50-PIRL_selfsupervised,165,29,10000.0
ResNet50-PIRL_selfsupervised,165,30,10000.0
ResNet50-PIRL_selfsupervised,165,31,10000.0
ResNet50-PIRL_selfsupervised,165,32,10000.0
ResNet50-PIRL_selfsupervised,165,33,10000.0
ResNet50-PIRL_selfsupervised,165,34,10000.0
ResNet50-PIRL_selfsupervised,165,35,10000.0
ResNet50-PIRL_selfsupervised,165,36,10000.0
ResNet50-PIRL_selfsupervised,165,37,10000.0
ResNet50-PIRL_selfsupervised,165,38,10000.0
ResNet50-PIRL_selfsupervised,165,39,10000.0
ResNet50-PIRL_selfsupervised,165,40,10000.0
ResNet50-PIRL_selfsupervised,165,41,10000.0
ResNet50-PIRL_selfsupervised,165,42,10000.0
ResNet50-PIRL_selfsupervised,165,43,10000.0
ResNet50-PIRL_selfsupervised,165,44,10000.0
ResNet50-PIRL_selfsupervised,165,45,10000.0
ResNet50-PIRL_selfsupervised,165,46,10000.0
ResNet50-PIRL_selfsupervised,165,47,10000.0
ResNet50-PIRL_selfsupervised,165,48,10000.0
ResNet50-PIRL_selfsupervised,165,49,10000.0
ResNet50-PIRL_selfsupervised,165,50,10000.0
ResNet50-PIRL_selfsupervised,165,1,10000.0
ResNet50-PIRL_selfsupervised,165,2,10000.0
ResNet50-PIRL_selfsupervised,165,3,10000.0
ResNet50-PIRL_selfsupervised,165,4,10000.0
ResNet50-PIRL_selfsupervised,165,5,10000.0
ResNet50-PIRL_selfsupervised,165,6,10000.0
ResNet50-PIRL_selfsupervised,165,7,10000.0
ResNet50-PIRL_selfsupervised,165,8,10000.0
ResNet50-PIRL_selfsupervised,165,9,10000.0
ResNet50-PIRL_selfsupervised,165,10,10000.0
ResNet50-PIRL_selfsupervised,165,11,10000.0
ResNet50-PIRL_selfsupervised,165,12,10000.0
ResNet50-PIRL_selfsupervised,165,13,10000.0
ResNet50-PIRL_selfsupervised,165,14,10000.0
ResNet50-PIRL_selfsupervised,165,15,10000.0
ResNet50-PIRL_selfsupervised,165,16,10000.0
ResNet50-PIRL_selfsupervised,165,17,10000.0
ResNet50-PIRL_selfsupervised,165,18,10000.0
ResNet50-PIRL_selfsupervised,165,19,10000.0
ResNet50-PIRL_selfsupervised,165,20,10000.0
ResNet50-PIRL_selfsupervised,165,21,10000.0
ResNet50-PIRL_selfsupervised,165,22,10000.0
ResNet50-PIRL_selfsupervised,165,23,10000.0
ResNet50-PIRL_selfsupervised,165,24,10000.0
ResNet50-PIRL_selfsupervised,165,25,10000.0
ResNet50-PIRL_selfsupervised,165,26,10000.0
ResNet50-PIRL_selfsupervised,165,27,10000.0
ResNet50-PIRL_selfsupervised,165,28,10000.0
ResNet50-PIRL_selfsupervised,165,29,10000.0
ResNet50-PIRL_selfsupervised,165,30,10000.0
ResNet50-PIRL_selfsupervised,165,31,10000.0
ResNet50-PIRL_selfsupervised,165,32,10000.0
ResNet50-PIRL_selfsupervised,165,33,10000.0
ResNet50-PIRL_selfsupervised,165,34,10000.0
ResNet50-PIRL_selfsupervised,165,35,10000.0
ResNet50-PIRL_selfsupervised,165,36,10000.0
ResNet50-PIRL_selfsupervised,165,37,10000.0
ResNet50-PIRL_selfsupervised,165,38,10000.0
ResNet50-PIRL_selfsupervised,165,39,10000.0
ResNet50-PIRL_selfsupervised,165,40,10000.0
ResNet50-PIRL_selfsupervised,165,41,10000.0
ResNet50-PIRL_selfsupervised,165,42,10000.0
ResNet50-PIRL_selfsupervised,165,43,10000.0
ResNet50-PIRL_selfsupervised,165,44,10000.0
ResNet50-PIRL_selfsupervised,165,45,10000.0
ResNet50-PIRL_selfsupervised,165,46,10000.0
ResNet50-PIRL_selfsupervised,165,47,10000.0
ResNet50-PIRL_selfsupervised,165,48,10000.0
ResNet50-PIRL_selfsupervised,165,49,10000.0
ResNet50-PIRL_selfsupervised,165,50,10000.0
ResNet50-ClusterFit-16K-RotNet_selfsupervised,160,1,4094915.062380419
ResNet50-ClusterFit-16K-RotNet_selfsupervised,160,2,1930697.7288832497
ResNet50-ClusterFit-16K-RotNet_selfsupervised,160,3,910298.1779915227
ResNet50-ClusterFit-16K-RotNet_selfsupervised,160,4,1930697.7288832497
ResNet50-ClusterFit-16K-RotNet_selfsupervised,160,5,1930697.7288832497
ResNet50-ClusterFit-16K-RotNet_selfsupervised,160,6,4094915.062380419
ResNet50-ClusterFit-16K-RotNet_selfsupervised,160,7,1930697.7288832497
ResNet50-ClusterFit-16K-RotNet_selfsupervised,160,8,8685113.73751352
ResNet50-ClusterFit-16K-RotNet_selfsupervised,160,9,1930697.7288832497
ResNet50-ClusterFit-16K-RotNet_selfsupervised,160,10,1930697.7288832497
ResNet50-ClusterFit-16K-RotNet_selfsupervised,160,11,4094915.062380419
ResNet50-ClusterFit-16K-RotNet_selfsupervised,160,12,1930697.7288832497
ResNet50-ClusterFit-16K-RotNet_selfsupervised,160,13,8685113.73751352
ResNet50-ClusterFit-16K-RotNet_selfsupervised,160,14,4094915.062380419
ResNet50-ClusterFit-16K-RotNet_selfsupervised,160,15,4094915.062380419
ResNet50-ClusterFit-16K-RotNet_selfsupervised,160,16,4094915.062380419
ResNet50-ClusterFit-16K-RotNet_selfsupervised,160,17,4094915.062380419
ResNet50-ClusterFit-16K-RotNet_selfsupervised,160,18,8685113.73751352
ResNet50-ClusterFit-16K-RotNet_selfsupervised,160,19,4094915.062380419
ResNet50-ClusterFit-16K-RotNet_selfsupervised,160,20,8685113.73751352
ResNet50-ClusterFit-16K-RotNet_selfsupervised,160,21,4094915.062380419
ResNet50-ClusterFit-16K-RotNet_selfsupervised,160,22,4094915.062380419
ResNet50-ClusterFit-16K-RotNet_selfsupervised,160,23,4094915.062380419
ResNet50-ClusterFit-16K-RotNet_selfsupervised,160,24,4094915.062380419
ResNet50-ClusterFit-16K-RotNet_selfsupervised,160,25,4094915.062380419
ResNet50-ClusterFit-16K-RotNet_selfsupervised,160,26,8685113.73751352
ResNet50-ClusterFit-16K-RotNet_selfsupervised,160,27,4094915.062380419
ResNet50-ClusterFit-16K-RotNet_selfsupervised,160,28,8685113.73751352
ResNet50-ClusterFit-16K-RotNet_selfsupervised,160,29,8685113.73751352
ResNet50-ClusterFit-16K-RotNet_selfsupervised,160,30,4094915.062380419
ResNet50-ClusterFit-16K-RotNet_selfsupervised,160,31,4094915.062380419
ResNet50-ClusterFit-16K-RotNet_selfsupervised,160,32,4094915.062380419
ResNet50-ClusterFit-16K-RotNet_selfsupervised,160,33,4094915.062380419
ResNet50-ClusterFit-16K-RotNet_selfsupervised,160,34,8685113.73751352
ResNet50-ClusterFit-16K-RotNet_selfsupervised,160,35,4094915.062380419
ResNet50-ClusterFit-16K-RotNet_selfsupervised,160,36,8685113.73751352
ResNet50-ClusterFit-16K-RotNet_selfsupervised,160,37,8685113.73751352
ResNet50-ClusterFit-16K-RotNet_selfsupervised,160,38,4094915.062380419
ResNet50-ClusterFit-16K-RotNet_selfsupervised,160,39,4094915.062380419
ResNet50-ClusterFit-16K-RotNet_selfsupervised,160,40,4094915.062380419
ResNet50-ClusterFit-16K-RotNet_selfsupervised,160,41,4094915.062380419
ResNet50-ClusterFit-16K-RotNet_selfsupervised,160,42,4094915.062380419
ResNet50-ClusterFit-16K-RotNet_selfsupervised,160,43,4094915.062380419
ResNet50-ClusterFit-16K-RotNet_selfsupervised,160,44,8685113.73751352
ResNet50-ClusterFit-16K-RotNet_selfsupervised,160,45,4094915.062380419
ResNet50-ClusterFit-16K-RotNet_selfsupervised,160,46,8685113.73751352
ResNet50-ClusterFit-16K-RotNet_selfsupervised,160,47,4094915.062380419
ResNet50-ClusterFit-16K-RotNet_selfsupervised,160,48,1930697.7288832497
ResNet50-ClusterFit-16K-RotNet_selfsupervised,160,49,4094915.062380419
ResNet50-ClusterFit-16K-RotNet_selfsupervised,160,50,4094915.062380419
ResNet50-ClusterFit-16K-RotNet_selfsupervised,160,1,4094915.062380419
ResNet50-ClusterFit-16K-RotNet_selfsupervised,160,2,1930697.7288832497
ResNet50-ClusterFit-16K-RotNet_selfsupervised,160,3,910298.1779915227
ResNet50-ClusterFit-16K-RotNet_selfsupervised,160,4,1930697.7288832497
ResNet50-ClusterFit-16K-RotNet_selfsupervised,160,5,1930697.7288832497
ResNet50-ClusterFit-16K-RotNet_selfsupervised,160,6,4094915.062380419
ResNet50-ClusterFit-16K-RotNet_selfsupervised,160,7,1930697.7288832497
ResNet50-ClusterFit-16K-RotNet_selfsupervised,160,8,8685113.73751352
ResNet50-ClusterFit-16K-RotNet_selfsupervised,160,9,1930697.7288832497
ResNet50-ClusterFit-16K-RotNet_selfsupervised,160,10,1930697.7288832497
ResNet50-ClusterFit-16K-RotNet_selfsupervised,160,11,4094915.062380419
ResNet50-ClusterFit-16K-RotNet_selfsupervised,160,12,1930697.7288832497
ResNet50-ClusterFit-16K-RotNet_selfsupervised,160,13,8685113.73751352
ResNet50-ClusterFit-16K-RotNet_selfsupervised,160,14,4094915.062380419
ResNet50-ClusterFit-16K-RotNet_selfsupervised,160,15,4094915.062380419
ResNet50-ClusterFit-16K-RotNet_selfsupervised,160,16,4094915.062380419
ResNet50-ClusterFit-16K-RotNet_selfsupervised,160,17,4094915.062380419
ResNet50-ClusterFit-16K-RotNet_selfsupervised,160,18,8685113.73751352
ResNet50-ClusterFit-16K-RotNet_selfsupervised,160,19,4094915.062380419
ResNet50-ClusterFit-16K-RotNet_selfsupervised,160,20,8685113.73751352
ResNet50-ClusterFit-16K-RotNet_selfsupervised,160,21,4094915.062380419
ResNet50-ClusterFit-16K-RotNet_selfsupervised,160,22,4094915.062380419
ResNet50-ClusterFit-16K-RotNet_selfsupervised,160,23,4094915.062380419
ResNet50-ClusterFit-16K-RotNet_selfsupervised,160,24,4094915.062380419
ResNet50-ClusterFit-16K-RotNet_selfsupervised,160,25,4094915.062380419
ResNet50-ClusterFit-16K-RotNet_selfsupervised,160,26,8685113.73751352
ResNet50-ClusterFit-16K-RotNet_selfsupervised,160,27,4094915.062380419
ResNet50-ClusterFit-16K-RotNet_selfsupervised,160,28,8685113.73751352
ResNet50-ClusterFit-16K-RotNet_selfsupervised,160,29,8685113.73751352
ResNet50-ClusterFit-16K-RotNet_selfsupervised,160,30,4094915.062380419
ResNet50-ClusterFit-16K-RotNet_selfsupervised,160,31,4094915.062380419
ResNet50-ClusterFit-16K-RotNet_selfsupervised,160,32,4094915.062380419
ResNet50-ClusterFit-16K-RotNet_selfsupervised,160,33,4094915.062380419
ResNet50-ClusterFit-16K-RotNet_selfsupervised,160,34,8685113.73751352
ResNet50-ClusterFit-16K-RotNet_selfsupervised,160,35,4094915.062380419
ResNet50-ClusterFit-16K-RotNet_selfsupervised,160,36,8685113.73751352
ResNet50-ClusterFit-16K-RotNet_selfsupervised,160,37,8685113.73751352
ResNet50-ClusterFit-16K-RotNet_selfsupervised,160,38,4094915.062380419
ResNet50-ClusterFit-16K-RotNet_selfsupervised,160,39,4094915.062380419
ResNet50-ClusterFit-16K-RotNet_selfsupervised,160,40,4094915.062380419
ResNet50-ClusterFit-16K-RotNet_selfsupervised,160,41,4094915.062380419
ResNet50-ClusterFit-16K-RotNet_selfsupervised,160,42,4094915.062380419
ResNet50-ClusterFit-16K-RotNet_selfsupervised,160,43,4094915.062380419
ResNet50-ClusterFit-16K-RotNet_selfsupervised,160,44,8685113.73751352
ResNet50-ClusterFit-16K-RotNet_selfsupervised,160,45,4094915.062380419
ResNet50-ClusterFit-16K-RotNet_selfsupervised,160,46,8685113.73751352
ResNet50-ClusterFit-16K-RotNet_selfsupervised,160,47,4094915.062380419
ResNet50-ClusterFit-16K-RotNet_selfsupervised,160,48,1930697.7288832497
ResNet50-ClusterFit-16K-RotNet_selfsupervised,160,49,4094915.062380419
ResNet50-ClusterFit-16K-RotNet_selfsupervised,160,50,4094915.062380419
ResNet50-MoCoV2-BS256_selfsupervised,155,1,10000.0
ResNet50-MoCoV2-BS256_selfsupervised,155,2,10000.0
ResNet50-MoCoV2-BS256_selfsupervised,155,3,10000.0
ResNet50-MoCoV2-BS256_selfsupervised,155,4,10000.0
ResNet50-MoCoV2-BS256_selfsupervised,155,5,10000.0
ResNet50-MoCoV2-BS256_selfsupervised,155,6,10000.0
ResNet50-MoCoV2-BS256_selfsupervised,155,7,10000.0
ResNet50-MoCoV2-BS256_selfsupervised,155,8,10000.0
ResNet50-MoCoV2-BS256_selfsupervised,155,9,10000.0
ResNet50-MoCoV2-BS256_selfsupervised,155,10,10000.0
ResNet50-MoCoV2-BS256_selfsupervised,155,11,10000.0
ResNet50-MoCoV2-BS256_selfsupervised,155,12,10000.0
ResNet50-MoCoV2-BS256_selfsupervised,155,13,10000.0
ResNet50-MoCoV2-BS256_selfsupervised,155,14,10000.0
ResNet50-MoCoV2-BS256_selfsupervised,155,15,10000.0
ResNet50-MoCoV2-BS256_selfsupervised,155,16,10000.0
ResNet50-MoCoV2-BS256_selfsupervised,155,17,10000.0
ResNet50-MoCoV2-BS256_selfsupervised,155,18,10000.0
ResNet50-MoCoV2-BS256_selfsupervised,155,19,10000.0
ResNet50-MoCoV2-BS256_selfsupervised,155,20,10000.0
ResNet50-MoCoV2-BS256_selfsupervised,155,21,10000.0
ResNet50-MoCoV2-BS256_selfsupervised,155,22,10000.0
ResNet50-MoCoV2-BS256_selfsupervised,155,23,10000.0
ResNet50-MoCoV2-BS256_selfsupervised,155,24,10000.0
ResNet50-MoCoV2-BS256_selfsupervised,155,25,10000.0
ResNet50-MoCoV2-BS256_selfsupervised,155,26,10000.0
ResNet50-MoCoV2-BS256_selfsupervised,155,27,10000.0
ResNet50-MoCoV2-BS256_selfsupervised,155,28,10000.0
ResNet50-MoCoV2-BS256_selfsupervised,155,29,10000.0
ResNet50-MoCoV2-BS256_selfsupervised,155,30,10000.0
ResNet50-MoCoV2-BS256_selfsupervised,155,31,10000.0
ResNet50-MoCoV2-BS256_selfsupervised,155,32,10000.0
ResNet50-MoCoV2-BS256_selfsupervised,155,33,10000.0
ResNet50-MoCoV2-BS256_selfsupervised,155,34,10000.0
ResNet50-MoCoV2-BS256_selfsupervised,155,35,10000.0
ResNet50-MoCoV2-BS256_selfsupervised,155,36,10000.0
ResNet50-MoCoV2-BS256_selfsupervised,155,37,10000.0
ResNet50-MoCoV2-BS256_selfsupervised,155,38,10000.0
ResNet50-MoCoV2-BS256_selfsupervised,155,39,10000.0
ResNet50-MoCoV2-BS256_selfsupervised,155,40,10000.0
ResNet50-MoCoV2-BS256_selfsupervised,155,41,10000.0
ResNet50-MoCoV2-BS256_selfsupervised,155,42,10000.0
ResNet50-MoCoV2-BS256_selfsupervised,155,43,10000.0
ResNet50-MoCoV2-BS256_selfsupervised,155,44,10000.0
ResNet50-MoCoV2-BS256_selfsupervised,155,45,10000.0
ResNet50-MoCoV2-BS256_selfsupervised,155,46,10000.0
ResNet50-MoCoV2-BS256_selfsupervised,155,47,10000.0
ResNet50-MoCoV2-BS256_selfsupervised,155,48,10000.0
ResNet50-MoCoV2-BS256_selfsupervised,155,49,10000.0
ResNet50-MoCoV2-BS256_selfsupervised,155,50,10000.0
ResNet50-MoCoV2-BS256_selfsupervised,155,1,10000.0
ResNet50-MoCoV2-BS256_selfsupervised,155,2,10000.0
ResNet50-MoCoV2-BS256_selfsupervised,155,3,10000.0
ResNet50-MoCoV2-BS256_selfsupervised,155,4,10000.0
ResNet50-MoCoV2-BS256_selfsupervised,155,5,10000.0
ResNet50-MoCoV2-BS256_selfsupervised,155,6,10000.0
ResNet50-MoCoV2-BS256_selfsupervised,155,7,10000.0
ResNet50-MoCoV2-BS256_selfsupervised,155,8,10000.0
ResNet50-MoCoV2-BS256_selfsupervised,155,9,10000.0
ResNet50-MoCoV2-BS256_selfsupervised,155,10,10000.0
ResNet50-MoCoV2-BS256_selfsupervised,155,11,10000.0
ResNet50-MoCoV2-BS256_selfsupervised,155,12,10000.0
ResNet50-MoCoV2-BS256_selfsupervised,155,13,10000.0
ResNet50-MoCoV2-BS256_selfsupervised,155,14,10000.0
ResNet50-MoCoV2-BS256_selfsupervised,155,15,10000.0
ResNet50-MoCoV2-BS256_selfsupervised,155,16,10000.0
ResNet50-MoCoV2-BS256_selfsupervised,155,17,10000.0
ResNet50-MoCoV2-BS256_selfsupervised,155,18,10000.0
ResNet50-MoCoV2-BS256_selfsupervised,155,19,10000.0
ResNet50-MoCoV2-BS256_selfsupervised,155,20,10000.0
ResNet50-MoCoV2-BS256_selfsupervised,155,21,10000.0
ResNet50-MoCoV2-BS256_selfsupervised,155,22,10000.0
ResNet50-MoCoV2-BS256_selfsupervised,155,23,10000.0
ResNet50-MoCoV2-BS256_selfsupervised,155,24,10000.0
ResNet50-MoCoV2-BS256_selfsupervised,155,25,10000.0
ResNet50-MoCoV2-BS256_selfsupervised,155,26,10000.0
ResNet50-MoCoV2-BS256_selfsupervised,155,27,10000.0
ResNet50-MoCoV2-BS256_selfsupervised,155,28,10000.0
ResNet50-MoCoV2-BS256_selfsupervised,155,29,10000.0
ResNet50-MoCoV2-BS256_selfsupervised,155,30,10000.0
ResNet50-MoCoV2-BS256_selfsupervised,155,31,10000.0
ResNet50-MoCoV2-BS256_selfsupervised,155,32,10000.0
ResNet50-MoCoV2-BS256_selfsupervised,155,33,10000.0
ResNet50-MoCoV2-BS256_selfsupervised,155,34,10000.0
ResNet50-MoCoV2-BS256_selfsupervised,155,35,10000.0
ResNet50-MoCoV2-BS256_selfsupervised,155,36,10000.0
ResNet50-MoCoV2-BS256_selfsupervised,155,37,10000.0
ResNet50-MoCoV2-BS256_selfsupervised,155,38,10000.0
ResNet50-MoCoV2-BS256_selfsupervised,155,39,10000.0
ResNet50-MoCoV2-BS256_selfsupervised,155,40,10000.0
ResNet50-MoCoV2-BS256_selfsupervised,155,41,10000.0
ResNet50-MoCoV2-BS256_selfsupervised,155,42,10000.0
ResNet50-MoCoV2-BS256_selfsupervised,155,43,10000.0
ResNet50-MoCoV2-BS256_selfsupervised,155,44,10000.0
ResNet50-MoCoV2-BS256_selfsupervised,155,45,10000.0
ResNet50-MoCoV2-BS256_selfsupervised,155,46,10000.0
ResNet50-MoCoV2-BS256_selfsupervised,155,47,10000.0
ResNet50-MoCoV2-BS256_selfsupervised,155,48,10000.0
ResNet50-MoCoV2-BS256_selfsupervised,155,49,10000.0
ResNet50-MoCoV2-BS256_selfsupervised,155,50,10000.0
