experiment_name,random_seed,repeats_per_dimension,channel_gain_scale,optimizer_regularization,time_limit_seconds,repeat_index,target_dimension,source1_dimension,source2_dimension,method,initialization,eigen_imx_bits,eigen_imy_bits,eigen_imxy_bits,eigen_union_bits,eigen_uix_bits,eigen_uiy_bits,eigen_redundancy_bits,eigen_synergy_bits,optimizer_union_bits,optimizer_uix_bits,optimizer_uiy_bits,optimizer_redundancy_bits,optimizer_synergy_bits,optimizer_minus_eigen_union_bits,optimizer_minus_eigen_uix_bits,optimizer_minus_eigen_uiy_bits,optimizer_minus_eigen_redundancy_bits,optimizer_minus_eigen_synergy_bits,constructed_gamma_star_union_bits,gamma_star_union_gap_bits,gamma_star_maximum_singular_value,gamma_star_block_minimum_eigenvalue,gamma_star_posterior_rank,gamma_star_posterior_factor_residual,gamma_star_channel_x_residual,gamma_star_channel_y_residual,gamma_star_degradation_x_spectral_excess,gamma_star_degradation_y_spectral_excess,gamma_star_minimum_information_eigenvalue,initial_objective_bits,best_objective_bits,objective_improvement_bits,initial_unregularized_objective_bits,best_unregularized_objective_bits,unregularized_objective_improvement_bits,first_published_step_change_bits,iterations,objective_evaluations,stopped_by,wall_time_seconds,best_maximum_singular_value,history_minimum_bits,history_maximum_bits,optimizer_updates,converged,right_censored,paired_runs_converged,native_minus_gamma_star_optimizer_updates
exp3,56,5,0.75,1e-07,,0,2,2,2,GPID/Tilde-PID,Original covariance (native start),0.6576426453064571,0.801212511921857,1.313454560476183,1.2563304352611344,0.4551179233392774,0.5986877899546773,0.20252472196717972,0.057124125215048505,1.2563304355158675,0.4551179235940105,0.5986877902094104,0.20252472171244662,0.05712412496031538,2.547331234836747e-10,2.547330679725235e-10,2.547331234836747e-10,-2.547330957280991e-10,-2.547331234836747e-10,1.2563304352611349,4.440892098500626e-16,0.3393674741901994,0.6606325258098008,2,3.0451296131094227e-16,4.306525113371549e-16,1.8382941657589114e-16,2.220446049250313e-16,0.0,0.7634740623375866,12.275953730512938,1.25633040035544,11.019623330157499,20.324402151796317,1.2563304355158675,19.06807171628045,-7.612362866614904,110,109,published_objective_change,0.035337439039722085,0.43618932713165337,1.256330400591191,12.275953730512938,109,True,False,True,81
exp3,56,5,0.75,1e-07,,0,2,2,2,GPID/Tilde-PID,Eigen-PID Gamma* start,0.6576426453064571,0.801212511921857,1.313454560476183,1.2563304352611344,0.4551179233392774,0.5986877899546773,0.20252472196717972,0.057124125215048505,1.2563304352611344,0.45511792333927736,0.5986877899546773,0.20252472196717974,0.057124125215048505,0.0,-5.551115123125783e-17,0.0,2.7755575615628914e-17,0.0,1.2563304352611349,4.440892098500626e-16,0.3393674741901994,0.6606325258098008,2,3.0451296131094227e-16,4.306525113371549e-16,1.8382941657589114e-16,2.220446049250313e-16,0.0,0.7634740623375866,1.2563304001004438,1.2563304001004438,0.0,1.2563304352611344,1.2563304352611344,0.0,2.4672590066554534e-06,29,28,published_objective_change,0.009683473967015743,0.3393674741901994,1.2563304001004438,1.2563328673594505,28,True,False,True,81
exp3,56,5,0.75,1e-07,,0,2,2,2,Thin-PID,Original covariance (native start),0.6576426453064571,0.801212511921857,1.313454560476183,1.2563304352611344,0.4551179233392774,0.5986877899546773,0.20252472196717972,0.057124125215048505,1.2563304352750684,0.45511792335321133,0.5986877899686113,0.20252472195324578,0.05712412520111454,1.393396509286049e-11,1.3933909581709258e-11,1.393396509286049e-11,-1.3933937337284874e-11,-1.393396509286049e-11,1.2563304352611349,4.440892098500626e-16,0.3393674741901994,0.6606325258098008,2,3.0451296131094227e-16,4.306525113371549e-16,1.8382941657589114e-16,2.220446049250313e-16,0.0,0.7634740623375866,26.33176897480374,1.2563304352750684,25.075438539528673,26.33176897480374,1.2563304352750684,25.075438539528673,-21.66815945865423,128,127,published_objective_change,0.027126044034957886,0.43619786166028135,1.2563304352750684,26.33176897480374,127,True,False,True,85
exp3,56,5,0.75,1e-07,,0,2,2,2,Thin-PID,Eigen-PID Gamma* start,0.6576426453064571,0.801212511921857,1.313454560476183,1.2563304352611344,0.4551179233392774,0.5986877899546773,0.20252472196717972,0.057124125215048505,1.2563304352611344,0.45511792333927736,0.5986877899546773,0.20252472196717974,0.057124125215048505,0.0,-5.551115123125783e-17,0.0,2.7755575615628914e-17,0.0,1.2563304352611349,4.440892098500626e-16,0.3393674741901994,0.6606325258098008,2,3.0451296131094227e-16,4.306525113371549e-16,1.8382941657589114e-16,2.220446049250313e-16,0.0,0.7634740623375866,1.2563304352611344,1.2563304352611344,0.0,1.2563304352611344,1.2563304352611344,0.0,2.0496513459811183e-06,43,42,published_objective_change,0.008651520125567913,0.3393674741901994,1.2563304352611344,1.2563324849124804,42,True,False,True,85
exp3,56,5,0.75,1e-07,,1,2,2,2,GPID/Tilde-PID,Original covariance (native start),0.41319576625445836,0.6315642346715915,0.9098578026164403,0.7425162076647343,0.11095197299314258,0.329320441410276,0.3022437932613157,0.16734159495170609,0.7425162093572689,0.11095197468567741,0.32932044310281056,0.3022437915687809,0.16734159325917142,1.6925346679741438e-09,1.6925348345075975e-09,1.6925345569518413e-09,-1.6925347789964462e-09,-1.6925346679741438e-09,0.7425162076647339,-3.3306690738754696e-16,0.7156209387950273,0.28437906120497236,2,0.0,3.4021815010030383e-16,2.951345938942225e-16,4.440892098500626e-16,2.220446049250313e-16,0.30270315098987954,9.870010208386175,0.7425161887653118,9.127494019620864,17.249114942206774,0.7425162093572689,16.506598732849504,-7.401997780749888,86,85,published_objective_change,0.023406367981806397,0.7419827671984766,0.7425161887653118,9.870010208386175,85,True,False,True,61
exp3,56,5,0.75,1e-07,,1,2,2,2,GPID/Tilde-PID,Eigen-PID Gamma* start,0.41319576625445836,0.6315642346715915,0.9098578026164403,0.7425162076647343,0.11095197299314258,0.329320441410276,0.3022437932613157,0.16734159495170609,0.7425162076647343,0.11095197299314274,0.3293204414102759,0.30224379326131556,0.16734159495170609,0.0,1.6653345369377348e-16,-1.1102230246251565e-16,-1.1102230246251565e-16,0.0,0.7425162076647339,-3.3306690738754696e-16,0.7156209387950273,0.28437906120497236,2,0.0,3.4021815010030383e-16,2.951345938942225e-16,4.440892098500626e-16,2.220446049250313e-16,0.30270315098987954,0.7425161870736728,0.7425161870736728,0.0,0.7425162076647343,0.7425162076647343,0.0,1.1688087310224304e-06,25,24,published_objective_change,0.006743348902091384,0.7156209387950273,0.7425161870736728,0.7425176300456492,24,True,False,True,61
exp3,56,5,0.75,1e-07,,1,2,2,2,Thin-PID,Original covariance (native start),0.41319576625445836,0.6315642346715915,0.9098578026164403,0.7425162076647343,0.11095197299314258,0.329320441410276,0.3022437932613157,0.16734159495170609,0.7425162076903168,0.11095197301872528,0.3293204414358584,0.302243793235733,0.16734159492612355,2.5582536089530095e-11,2.558270262298379e-11,2.5582425067227632e-11,-2.5582647111832557e-11,-2.5582536089530095e-11,0.7425162076647339,-3.3306690738754696e-16,0.7156209387950273,0.28437906120497236,2,0.0,3.4021815010030383e-16,2.951345938942225e-16,4.440892098500626e-16,2.220446049250313e-16,0.30270315098987954,23.222339888418823,0.7425162076903168,22.479823680728504,23.222339888418823,0.7425162076903168,22.479823680728504,-20.754306186040562,107,106,published_objective_change,0.023351623909547925,0.7419855972659918,0.742516207747176,23.222339888418823,106,True,False,True,62
exp3,56,5,0.75,1e-07,,1,2,2,2,Thin-PID,Eigen-PID Gamma* start,0.41319576625445836,0.6315642346715915,0.9098578026164403,0.7425162076647343,0.11095197299314258,0.329320441410276,0.3022437932613157,0.16734159495170609,0.7425162076647336,0.11095197299314208,0.3293204414102752,0.30224379326131623,0.16734159495170675,-6.661338147750939e-16,-4.996003610813204e-16,-7.771561172376096e-16,5.551115123125783e-16,6.661338147750939e-16,0.7425162076647339,-3.3306690738754696e-16,0.7156209387950273,0.28437906120497236,2,0.0,3.4021815010030383e-16,2.951345938942225e-16,4.440892098500626e-16,2.220446049250313e-16,0.30270315098987954,0.7425162076647336,0.7425162076647336,0.0,0.7425162076647336,0.7425162076647336,0.0,3.0147173996075693e-06,45,44,published_objective_change,0.009329396998509765,0.7156209387950273,0.7425162076647336,0.7425192223821332,44,True,False,True,62
exp3,56,5,0.75,1e-07,,2,2,2,2,GPID/Tilde-PID,Original covariance (native start),0.9782321941985991,0.5733978429613659,1.2931796693966517,1.1384933998988291,0.5650955569374635,0.16026120570023009,0.4131366372611357,0.1546862694978226,1.1384934002245635,0.5650955572631976,0.1602612060259644,0.4131366369354015,0.15468626917208828,3.2573432839910765e-10,3.2573410635450273e-10,3.2573430064353204e-10,-3.257342173768052e-10,-3.2573432839910765e-10,1.13849339989883,8.881784197001252e-16,0.588850046739975,0.41114995326002485,2,2.254200175437518e-16,4.285528220084457e-16,4.736005471404217e-16,2.220446049250313e-16,0.0,0.3530125178740501,11.754040430258168,1.138493350569256,10.615547079688913,19.261030855654553,1.1384934002245635,18.12253745542999,-7.218840114863051,107,106,published_objective_change,0.03112049913033843,0.7381895612058683,1.138493350569256,11.754040430258168,106,True,False,True,78
exp3,56,5,0.75,1e-07,,2,2,2,2,GPID/Tilde-PID,Eigen-PID Gamma* start,0.9782321941985991,0.5733978429613659,1.2931796693966517,1.1384933998988291,0.5650955569374635,0.16026120570023009,0.4131366372611357,0.1546862694978226,1.1384933998988294,0.5650955569374635,0.16026120570023028,0.4131366372611356,0.15468626949782238,2.220446049250313e-16,0.0,1.942890293094024e-16,-1.1102230246251565e-16,-2.220446049250313e-16,1.13849339989883,8.881784197001252e-16,0.588850046739975,0.41114995326002485,2,2.254200175437518e-16,4.285528220084457e-16,4.736005471404217e-16,2.220446049250313e-16,0.0,0.3530125178740501,1.1384933502447114,1.1384933502447114,0.0,1.1384933998988294,1.1384933998988294,0.0,2.6191963298227705e-06,29,28,published_objective_change,0.009489823831245303,0.588850046739975,1.1384933502447114,1.1384959694410413,28,True,False,True,78
exp3,56,5,0.75,1e-07,,2,2,2,2,Thin-PID,Original covariance (native start),0.9782321941985991,0.5733978429613659,1.2931796693966517,1.1384933998988291,0.5650955569374635,0.16026120570023009,0.4131366372611357,0.1546862694978226,1.1384933999089137,0.5650955569475479,0.16026120571031466,0.4131366372510512,0.154686269487738,1.0084599821880147e-11,1.0084377777275222e-11,1.0084572066304531e-11,-1.0084488799577684e-11,-1.0084599821880147e-11,1.13849339989883,8.881784197001252e-16,0.588850046739975,0.41114995326002485,2,2.254200175437518e-16,4.285528220084457e-16,4.736005471404217e-16,2.220446049250313e-16,0.0,0.3530125178740501,24.813140554357517,1.1384933999089137,23.674647154448603,24.813140554357517,1.1384933999089137,23.674647154448603,-20.277908078452178,121,120,published_objective_change,0.02509936410933733,0.7381924788828967,1.1384933999089137,24.813140554357517,120,True,False,True,77
exp3,56,5,0.75,1e-07,,2,2,2,2,Thin-PID,Eigen-PID Gamma* start,0.9782321941985991,0.5733978429613659,1.2931796693966517,1.1384933998988291,0.5650955569374635,0.16026120570023009,0.4131366372611357,0.1546862694978226,1.1384933998988298,0.5650955569374639,0.16026120570023072,0.41313663726113514,0.15468626949782194,6.661338147750939e-16,4.440892098500626e-16,6.38378239159465e-16,-5.551115123125783e-16,-6.661338147750939e-16,1.13849339989883,8.881784197001252e-16,0.588850046739975,0.41114995326002485,2,2.254200175437518e-16,4.285528220084457e-16,4.736005471404217e-16,2.220446049250313e-16,0.0,0.3530125178740501,1.1384933998988298,1.1384933998988298,0.0,1.1384933998988298,1.1384933998988298,0.0,2.619306184170611e-06,44,43,published_objective_change,0.008950355928391218,0.588850046739975,1.1384933998988298,1.138496019205014,43,True,False,True,77
exp3,56,5,0.75,1e-07,,3,2,2,2,GPID/Tilde-PID,Original covariance (native start),0.4298298020957432,0.30944254373021857,0.6209536936155885,0.42982980209574306,0.12038725836552436,0.0,0.30944254373021873,0.19112389151984543,0.42982980941169624,0.12038726568147767,7.31595306557864e-09,0.30944253641426556,0.19112388420389226,7.315953176600942e-09,7.31595331537882e-09,7.31595306557864e-09,-7.315953176600942e-09,-7.315953176600942e-09,0.42982980209574356,4.996003610813204e-16,0.9413900467447893,0.05860995325521029,2,1.3597399555105182e-16,5.140872850193228e-16,4.3021142204224816e-16,0.0,0.0,0.01575086256113753,14.821365769978355,0.42982977653268534,14.39153599344567,29.56285174477593,0.42982980941169624,29.133021935364233,-12.407469972156642,96,95,published_objective_change,0.025256925961002707,0.941490380243287,0.42982977653268534,14.821365769978355,95,True,False,True,63
exp3,56,5,0.75,1e-07,,3,2,2,2,GPID/Tilde-PID,Eigen-PID Gamma* start,0.4298298020957432,0.30944254373021857,0.6209536936155885,0.42982980209574306,0.12038725836552436,0.0,0.30944254373021873,0.19112389151984543,0.42982980209574306,0.1203872583655245,-1.1102230246251565e-16,0.30944254373021873,0.19112389151984543,0.0,1.3877787807814457e-16,-1.1102230246251565e-16,0.0,0.0,0.42982980209574356,4.996003610813204e-16,0.9413900467447893,0.05860995325521029,2,1.3597399555105182e-16,5.140872850193228e-16,4.3021142204224816e-16,0.0,0.0,0.01575086256113753,0.4298297692207794,0.4298297692207794,0.0,0.42982980209574306,0.42982980209574306,0.0,5.428588261247036e-06,33,32,published_objective_change,0.008471805835142732,0.9413900467447893,0.4298297692207794,0.42983519780904067,32,True,False,True,63
exp3,56,5,0.75,1e-07,,3,2,2,2,Thin-PID,Original covariance (native start),0.4298298020957432,0.30944254373021857,0.6209536936155885,0.42982980209574306,0.12038725836552436,0.0,0.30944254373021873,0.19112389151984543,0.4298298040178942,0.12038726028767566,1.92215104943827e-09,0.3094425418080676,0.19112388959769427,1.9221511604605723e-09,1.9221512992384504e-09,1.92215104943827e-09,-1.9221511604605723e-09,-1.9221511604605723e-09,0.42982980209574356,4.996003610813204e-16,0.9413900467447893,0.05860995325521029,2,1.3597399555105182e-16,5.140872850193228e-16,4.3021142204224816e-16,0.0,0.0,0.01575086256113753,43.0673636832231,0.4298298040178942,42.63753387920521,43.0673636832231,0.4298298040178942,42.63753387920521,-40.65343972827744,109,108,published_objective_change,0.022241143975406885,0.9413399007527399,0.4298298040178942,43.0673636832231,108,True,False,True,65
exp3,56,5,0.75,1e-07,,3,2,2,2,Thin-PID,Eigen-PID Gamma* start,0.4298298020957432,0.30944254373021857,0.6209536936155885,0.42982980209574306,0.12038725836552436,0.0,0.30944254373021873,0.19112389151984543,0.42982980209574506,0.1203872583655265,1.887379141862766e-15,0.30944254373021673,0.19112389151984344,1.9984014443252818e-15,2.1371793224034263e-15,1.887379141862766e-15,-1.9984014443252818e-15,-1.9984014443252818e-15,0.42982980209574356,4.996003610813204e-16,0.9413900467447893,0.05860995325521029,2,1.3597399555105182e-16,5.140872850193228e-16,4.3021142204224816e-16,0.0,0.0,0.01575086256113753,0.42982980209574506,0.42982980209574506,0.0,0.42982980209574506,0.42982980209574506,0.0,2.639973504303672e-06,44,43,published_objective_change,0.008864420931786299,0.9413900467447893,0.42982980209574506,0.42983244206924937,43,True,False,True,65
exp3,56,5,0.75,1e-07,,4,2,2,2,GPID/Tilde-PID,Original covariance (native start),0.46635319692588095,0.12263180394618602,0.5524847301911692,0.46635319692588095,0.343721392979695,0.0,0.12263180394618597,0.08613153326528822,0.46635320459533464,0.34372140064914863,7.669453683245564e-09,0.12263179627673232,0.08613152559583453,7.669453683245564e-09,7.669453627734413e-09,7.669453683245564e-09,-7.669453655489988e-09,-7.669453683245564e-09,0.4663531969258817,7.216449660063518e-16,0.6281080939771407,0.3718919060228594,2,6.798699777552591e-17,2.5438405243138006e-16,1.1610990315520314e-16,0.0,0.0,0.29245668057495167,20.233897634167047,0.46635316498568635,19.76754446918136,35.51463953583485,0.46635320459533464,35.04828633123952,-14.73229718415919,107,106,published_objective_change,0.028587779961526394,0.6279686916011175,0.46635316498568635,20.233897634167047,106,True,False,True,84
exp3,56,5,0.75,1e-07,,4,2,2,2,GPID/Tilde-PID,Eigen-PID Gamma* start,0.46635319692588095,0.12263180394618602,0.5524847301911692,0.46635319692588095,0.343721392979695,0.0,0.12263180394618597,0.08613153326528822,0.466353196925881,0.343721392979695,5.551115123125783e-17,0.12263180394618595,0.08613153326528816,5.551115123125783e-17,0.0,5.551115123125783e-17,-2.7755575615628914e-17,-5.551115123125783e-17,0.4663531969258817,7.216449660063518e-16,0.6281080939771407,0.3718919060228594,2,6.798699777552591e-17,2.5438405243138006e-16,1.1610990315520314e-16,0.0,0.0,0.29245668057495167,0.4663531573098867,0.4663531573098867,0.0,0.466353196925881,0.466353196925881,0.0,1.086900981828176e-06,23,22,published_objective_change,0.005808463087305427,0.6281080939771407,0.4663531573098867,0.4663542442108685,22,True,False,True,84
exp3,56,5,0.75,1e-07,,4,2,2,2,Thin-PID,Original covariance (native start),0.46635319692588095,0.12263180394618602,0.5524847301911692,0.46635319692588095,0.343721392979695,0.0,0.12263180394618597,0.08613153326528822,0.4663531973449886,0.3437213933988026,4.191076374837621e-10,0.12263180352707836,0.08613153284618058,4.191076374837621e-10,4.191075819726109e-10,4.191076374837621e-10,-4.191076097281865e-10,-4.191076374837621e-10,0.4663531969258817,7.216449660063518e-16,0.6281080939771407,0.3718919060228594,2,6.798699777552591e-17,2.5438405243138006e-16,1.1610990315520314e-16,0.0,0.0,0.29245668057495167,48.1879563491351,0.4663531973449886,47.72160315179011,48.1879563491351,0.4663531973449886,47.72160315179011,-42.68630627533976,124,123,published_objective_change,0.02551674796268344,0.6280749486680308,0.4663531975106124,48.1879563491351,123,True,False,True,91
exp3,56,5,0.75,1e-07,,4,2,2,2,Thin-PID,Eigen-PID Gamma* start,0.46635319692588095,0.12263180394618602,0.5524847301911692,0.46635319692588095,0.343721392979695,0.0,0.12263180394618597,0.08613153326528822,0.4663531969258813,0.3437213929796953,3.3306690738754696e-16,0.12263180394618567,0.08613153326528789,3.3306690738754696e-16,2.7755575615628914e-16,3.3306690738754696e-16,-3.0531133177191805e-16,-3.3306690738754696e-16,0.4663531969258817,7.216449660063518e-16,0.6281080939771407,0.3718919060228594,2,6.798699777552591e-17,2.5438405243138006e-16,1.1610990315520314e-16,0.0,0.0,0.29245668057495167,0.4663531969258813,0.4663531969258813,0.0,0.4663531969258813,0.4663531969258813,0.0,9.124584524067281e-07,33,32,published_objective_change,0.006603148067370057,0.6281080939771407,0.4663531969258813,0.4663541093843337,32,True,False,True,91
exp3,56,5,0.75,1e-07,,0,4,4,4,GPID/Tilde-PID,Original covariance (native start),1.6196818484625972,1.3380426291989962,2.5784424712258183,2.221663224352602,0.8836205951536065,0.6019813758900047,0.7360612533089912,0.35677924687321605,2.2216632482961662,0.88362061909717,0.601981399833569,0.7360612293654274,0.35677922292965203,2.394356402035669e-08,2.394356357626748e-08,2.3943564353423596e-08,-2.3943563798312084e-08,-2.394356402035669e-08,2.2216632243526058,3.552713678800501e-15,0.8354302763887399,0.16456972361126027,4,6.002550848863994e-16,6.669549279739781e-16,6.877022884285788e-16,0.0,0.0,0.4041222601456649,23.073702146962457,2.2216631758143044,20.852038971148154,38.928074243025264,2.2216632482961662,36.7064109947291,-15.460440990855382,108,107,published_objective_change,0.11505556898191571,0.8303899570318131,2.2216631758143044,23.073702146962457,107,True,False,True,72
exp3,56,5,0.75,1e-07,,0,4,4,4,GPID/Tilde-PID,Eigen-PID Gamma* start,1.6196818484625972,1.3380426291989962,2.5784424712258183,2.221663224352602,0.8836205951536065,0.6019813758900047,0.7360612533089912,0.35677924687321605,2.2216632243526027,0.8836205951536065,0.6019813758900054,0.736061253308991,0.3567792468732156,4.440892098500626e-16,0.0,7.771561172376096e-16,-2.220446049250313e-16,-4.440892098500626e-16,2.2216632243526058,3.552713678800501e-15,0.8354302763887399,0.16456972361126027,4,6.002550848863994e-16,6.669549279739781e-16,6.877022884285788e-16,0.0,0.0,0.4041222601456649,2.2216631518681127,2.2216631518681127,0.0,2.2216632243526027,2.2216632243526027,0.0,1.1672783627236782e-05,36,35,published_objective_change,0.026649874169379473,0.8354302763887399,2.2216631518681127,2.22167482465174,35,True,False,True,72
exp3,56,5,0.75,1e-07,,0,4,4,4,Thin-PID,Original covariance (native start),1.6196818484625972,1.3380426291989962,2.5784424712258183,2.221663224352602,0.8836205951536065,0.6019813758900047,0.7360612533089912,0.35677924687321605,2.221663227423828,0.883620598224832,0.6019813789612309,0.7360612502377655,0.3567792438019901,3.071225940232125e-09,3.0712254961429153e-09,3.0712262732990325e-09,-3.0712257181875202e-09,-3.071225940232125e-09,2.2216632243526058,3.552713678800501e-15,0.8354302763887399,0.16456972361126027,4,6.002550848863994e-16,6.669549279739781e-16,6.877022884285788e-16,0.0,0.0,0.4041222601456649,51.45889793712972,2.221663227423828,49.237234709705895,51.45889793712972,2.221663227423828,49.237234709705895,-43.84560670524061,121,120,published_objective_change,0.026515245903283358,0.8304114355686051,2.221663228464156,51.45889793712972,120,True,False,True,76
exp3,56,5,0.75,1e-07,,0,4,4,4,Thin-PID,Eigen-PID Gamma* start,1.6196818484625972,1.3380426291989962,2.5784424712258183,2.221663224352602,0.8836205951536065,0.6019813758900047,0.7360612533089912,0.35677924687321605,2.2216632243526013,0.8836205951536051,0.6019813758900041,0.7360612533089923,0.35677924687321694,-8.881784197001252e-16,-1.3322676295501878e-15,-5.551115123125783e-16,1.1102230246251565e-15,8.881784197001252e-16,2.2216632243526058,3.552713678800501e-15,0.8354302763887399,0.16456972361126027,4,6.002550848863994e-16,6.669549279739781e-16,6.877022884285788e-16,0.0,0.0,0.4041222601456649,2.2216632243526013,2.2216632243526013,0.0,2.2216632243526013,2.2216632243526013,0.0,1.4156053623537446e-05,45,44,published_objective_change,0.009588621091097593,0.8354302763887399,2.2216632243526013,2.221677380406225,44,True,False,True,76
exp3,56,5,0.75,1e-07,,1,4,4,4,GPID/Tilde-PID,Original covariance (native start),0.6518115373732555,0.7589219541135734,1.2344280531050644,0.9852931615667511,0.22637120745317713,0.3334816241934959,0.42544032992007796,0.24913489153831336,0.9852931753878603,0.22637122127428688,0.33348163801460484,0.4254403160989687,0.2491348777172041,1.3821109257072806e-08,1.3821109756673167e-08,1.3821108924005898e-08,-1.3821109257072806e-08,-1.3821109257072806e-08,0.9852931615667528,1.7763568394002505e-15,0.8403234233487771,0.1596765766512228,4,1.920879259987394e-15,6.564719467894674e-16,7.366633742016845e-16,2.220446049250313e-16,8.881784197001252e-16,0.08434563429438557,19.613844042139934,0.9852931456127856,18.62855089652715,34.85689728528658,0.9852931753878603,33.87160410989872,-15.172801705382739,110,109,published_objective_change,0.10024048597551882,0.8173858873636467,0.985293167381106,19.613844042139934,109,True,False,True,76
exp3,56,5,0.75,1e-07,,1,4,4,4,GPID/Tilde-PID,Eigen-PID Gamma* start,0.6518115373732555,0.7589219541135734,1.2344280531050644,0.9852931615667511,0.22637120745317713,0.3334816241934959,0.42544032992007796,0.24913489153831336,0.9852931615667512,0.22637120745317774,0.3334816241934957,0.42544032992007785,0.24913489153831325,1.1102230246251565e-16,6.106226635438361e-16,-2.220446049250313e-16,-1.1102230246251565e-16,-1.1102230246251565e-16,0.9852931615667528,1.7763568394002505e-15,0.8403234233487771,0.1596765766512228,4,1.920879259987394e-15,6.564719467894674e-16,7.366633742016845e-16,2.220446049250313e-16,8.881784197001252e-16,0.08434563429438557,0.9852931317939548,0.9852931317939548,0.0,0.9852931615667512,0.9852931615667512,0.0,8.643147990095024e-06,34,33,published_objective_change,0.037839991971850395,0.8403234233487771,0.9852931317939548,0.9853017749419449,33,True,False,True,76
exp3,56,5,0.75,1e-07,,1,4,4,4,Thin-PID,Original covariance (native start),0.6518115373732555,0.7589219541135734,1.2344280531050644,0.9852931615667511,0.22637120745317713,0.3334816241934959,0.42544032992007796,0.24913489153831336,0.985293163833387,0.22637120971981362,0.3334816264601316,0.425440327653442,0.24913488927167737,2.266635990011423e-09,2.266636489611784e-09,2.2666356569445156e-09,-2.266635990011423e-09,-2.266635990011423e-09,0.9852931615667528,1.7763568394002505e-15,0.8403234233487771,0.1596765766512228,4,1.920879259987394e-15,6.564719467894674e-16,7.366633742016845e-16,2.220446049250313e-16,8.881784197001252e-16,0.08434563429438557,46.97357812541955,0.985293163833387,45.98828496158616,46.97357812541955,0.985293163833387,45.98828496158616,-42.53251064176276,125,124,published_objective_change,0.033040805952623487,0.817390944309871,0.985293163833387,46.97357812541955,124,True,False,True,72
exp3,56,5,0.75,1e-07,,1,4,4,4,Thin-PID,Eigen-PID Gamma* start,0.6518115373732555,0.7589219541135734,1.2344280531050644,0.9852931615667511,0.22637120745317713,0.3334816241934959,0.42544032992007796,0.24913489153831336,0.9852931615667502,0.22637120745317674,0.3334816241934947,0.42544032992007885,0.24913489153831425,-8.881784197001252e-16,-3.885780586188048e-16,-1.2212453270876722e-15,8.881784197001252e-16,8.881784197001252e-16,0.9852931615667528,1.7763568394002505e-15,0.8403234233487771,0.1596765766512228,4,1.920879259987394e-15,6.564719467894674e-16,7.366633742016845e-16,2.220446049250313e-16,8.881784197001252e-16,0.08434563429438557,0.9852931615667502,0.9852931615667502,0.0,0.9852931615667502,0.9852931615667502,0.0,1.0977866064521002e-05,53,52,published_objective_change,0.011030957102775574,0.8403234233487771,0.9852931615667502,0.9853041394328147,52,True,False,True,72
exp3,56,5,0.75,1e-07,,2,4,4,4,GPID/Tilde-PID,Original covariance (native start),0.7886030357926266,1.1275423462765606,1.8107549350360366,1.6755815108367265,0.5480391645601668,0.8869784750440992,0.2405638712324606,0.1351734241993101,1.6755815770295244,0.5480392307529638,0.8869785412368978,0.2405638050396628,0.1351733580065122,6.61927979095367e-08,6.619279702135827e-08,6.619279857567051e-08,-6.619279779851439e-08,-6.61927979095367e-08,1.6755815108367276,1.1102230246251565e-15,0.8265418937939324,0.17345810620606744,4,2.1658447265498064e-15,6.36752557093182e-16,9.207892192743756e-16,1.7763568394002505e-15,8.881784197001252e-16,0.13899660256297897,20.646839437201766,1.6755815264260854,18.97125791077568,35.99236033588024,1.6755815770295244,34.31677875885072,-15.203084097465103,121,120,published_objective_change,0.1247873860411346,0.8339972954168465,1.6755815286876778,20.646839437201766,120,True,False,True,86
exp3,56,5,0.75,1e-07,,2,4,4,4,GPID/Tilde-PID,Eigen-PID Gamma* start,0.7886030357926266,1.1275423462765606,1.8107549350360366,1.6755815108367265,0.5480391645601668,0.8869784750440992,0.2405638712324606,0.1351734241993101,1.6755815108367265,0.5480391645601659,0.8869784750440999,0.2405638712324607,0.1351734241993101,0.0,-8.881784197001252e-16,6.661338147750939e-16,1.1102230246251565e-16,0.0,1.6755815108367276,1.1102230246251565e-15,0.8265418937939324,0.17345810620606744,4,2.1658447265498064e-15,6.36752557093182e-16,9.207892192743756e-16,1.7763568394002505e-15,8.881784197001252e-16,0.13899660256297897,1.6755814602219445,1.6755814602219445,0.0,1.6755815108367265,1.6755815108367265,0.0,9.38056532295839e-06,35,34,published_objective_change,0.043932890985161066,0.8265418937939324,1.6755814602219445,1.6755908407872675,34,True,False,True,86
exp3,56,5,0.75,1e-07,,2,4,4,4,Thin-PID,Original covariance (native start),0.7886030357926266,1.1275423462765606,1.8107549350360366,1.6755815108367265,0.5480391645601668,0.8869784750440992,0.2405638712324606,0.1351734241993101,1.6755815263134115,0.5480391800368509,0.8869784905207849,0.24056385575577566,0.13517340872262507,1.5476685044646388e-08,1.5476684156467968e-08,1.5476685710780202e-08,-1.5476684933624085e-08,-1.5476685044646388e-08,1.6755815108367276,1.1102230246251565e-15,0.8265418937939324,0.17345810620606744,4,2.1658447265498064e-15,6.36752557093182e-16,9.207892192743756e-16,1.7763568394002505e-15,8.881784197001252e-16,0.13899660256297897,50.453069602508556,1.6755815263134115,48.77748807619515,50.453069602508556,1.6755815263134115,48.77748807619515,-45.00929023659521,134,133,published_objective_change,0.04121679998934269,0.834072636881506,1.6755815303146553,50.453069602508556,133,True,False,True,86
exp3,56,5,0.75,1e-07,,2,4,4,4,Thin-PID,Eigen-PID Gamma* start,0.7886030357926266,1.1275423462765606,1.8107549350360366,1.6755815108367265,0.5480391645601668,0.8869784750440992,0.2405638712324606,0.1351734241993101,1.675581510836727,0.5480391645601663,0.8869784750441003,0.24056387123246026,0.13517342419930967,4.440892098500626e-16,-4.440892098500626e-16,1.1102230246251565e-15,-3.3306690738754696e-16,-4.440892098500626e-16,1.6755815108367276,1.1102230246251565e-15,0.8265418937939324,0.17345810620606744,4,2.1658447265498064e-15,6.36752557093182e-16,9.207892192743756e-16,1.7763568394002505e-15,8.881784197001252e-16,0.13899660256297897,1.675581510836727,1.675581510836727,0.0,1.675581510836727,1.675581510836727,0.0,1.0456161289029708e-05,48,47,published_objective_change,0.013267850037664175,0.8265418937939324,1.675581510836727,1.675591966998016,47,True,False,True,86
exp3,56,5,0.75,1e-07,,3,4,4,4,GPID/Tilde-PID,Original covariance (native start),1.0253999146620028,1.171214325230056,1.7725600165327124,1.4442885880660314,0.27307426283597513,0.41888867340402897,0.7523256518260273,0.328271428466681,1.4442886132161663,0.27307428798611033,0.41888869855416355,0.7523256266758922,0.32827140331654614,2.5150134863594076e-08,2.5150135196660983e-08,2.515013458603832e-08,-2.515013508563868e-08,-2.5150134863594076e-08,1.444288588066034,2.6645352591003757e-15,0.7758565308439724,0.22414346915602723,4,1.1887731037050685e-15,1.2730466797971064e-15,1.499456333994478e-15,0.0,0.0,0.13781250545294574,21.22110015761436,1.4442885730528705,19.77681158456149,36.43630143280579,1.4442886132161663,34.992012819589625,-15.403910295856576,109,108,published_objective_change,0.14896789705380797,0.8261228335356791,1.4442885754512644,21.22110015761436,108,True,False,True,74
exp3,56,5,0.75,1e-07,,3,4,4,4,GPID/Tilde-PID,Eigen-PID Gamma* start,1.0253999146620028,1.171214325230056,1.7725600165327124,1.4442885880660314,0.27307426283597513,0.41888867340402897,0.7523256518260273,0.328271428466681,1.4442885880660312,0.27307426283597525,0.41888867340402847,0.7523256518260273,0.3282714284666812,-2.220446049250313e-16,1.1102230246251565e-16,-4.996003610813204e-16,0.0,2.220446049250313e-16,1.444288588066034,2.6645352591003757e-15,0.7758565308439724,0.22414346915602723,4,1.1887731037050685e-15,1.2730466797971064e-15,1.499456333994478e-15,0.0,0.0,0.13781250545294574,1.4442885479076049,1.4442885479076049,0.0,1.4442885880660312,1.4442885880660312,0.0,1.2430739128488355e-05,35,34,published_objective_change,0.04264712310396135,0.7758565308439724,1.4442885479076049,1.4443009786467333,34,True,False,True,74
exp3,56,5,0.75,1e-07,,3,4,4,4,Thin-PID,Original covariance (native start),1.0253999146620028,1.171214325230056,1.7725600165327124,1.4442885880660314,0.27307426283597513,0.41888867340402897,0.7523256518260273,0.328271428466681,1.4442885907294578,0.27307426549940184,0.41888867606745506,0.7523256491626007,0.32827142580325464,2.66342636834338e-09,2.6634267014102875e-09,2.663426090787624e-09,-2.663426590387985e-09,-2.66342636834338e-09,1.444288588066034,2.6645352591003757e-15,0.7758565308439724,0.22414346915602723,4,1.1887731037050685e-15,1.2730466797971064e-15,1.499456333994478e-15,0.0,0.0,0.13781250545294574,50.14549491085429,1.4442885907294578,48.70120632012483,50.14549491085429,1.4442885907294578,48.70120632012483,-44.32827594624956,121,120,published_objective_change,0.03539521899074316,0.8261032264879076,1.444288591017201,50.14549491085429,120,True,False,True,65
exp3,56,5,0.75,1e-07,,3,4,4,4,Thin-PID,Eigen-PID Gamma* start,1.0253999146620028,1.171214325230056,1.7725600165327124,1.4442885880660314,0.27307426283597513,0.41888867340402897,0.7523256518260273,0.328271428466681,1.4442885880660319,0.2730742628359759,0.41888867340402913,0.7523256518260266,0.32827142846668056,4.440892098500626e-16,7.771561172376096e-16,1.6653345369377348e-16,-6.661338147750939e-16,-4.440892098500626e-16,1.444288588066034,2.6645352591003757e-15,0.7758565308439724,0.22414346915602723,4,1.1887731037050685e-15,1.2730466797971064e-15,1.499456333994478e-15,0.0,0.0,0.13781250545294574,1.4442885880660319,1.4442885880660319,0.0,1.4442885880660319,1.4442885880660319,0.0,1.4220143880194769e-05,56,55,published_objective_change,0.014979671919718385,0.7758565308439724,1.4442885880660319,1.444302808209912,55,True,False,True,65
exp3,56,5,0.75,1e-07,,4,4,4,4,GPID/Tilde-PID,Original covariance (native start),0.9427573542826732,1.197897030874297,1.9896847003702811,1.8848406377355973,0.6869436068613006,0.9420832834529236,0.25581374742137303,0.10484406263468382,1.8848406441895937,0.6869436133152966,0.9420832899069206,0.25581374096737663,0.10484405618068737,6.453996448385624e-09,6.453996004296414e-09,6.453997003497136e-09,-6.4539963928744726e-09,-6.453996448385624e-09,1.884840637735596,-1.3322676295501878e-15,0.3576660355650798,0.6423339644349203,4,1.1634790788269308e-15,5.141725940556547e-16,4.791106545011135e-16,1.5543122344752192e-15,8.881784197001252e-16,0.4511752889124524,22.952654681961906,1.8848405839141853,21.06781409804772,38.18224862270703,1.8848406441895937,36.297407978517434,-15.186574722714742,109,108,published_objective_change,0.15484190406277776,0.5435797408204642,1.8848405853094523,22.952654681961906,108,True,False,True,73
exp3,56,5,0.75,1e-07,,4,4,4,4,GPID/Tilde-PID,Eigen-PID Gamma* start,0.9427573542826732,1.197897030874297,1.9896847003702811,1.8848406377355973,0.6869436068613006,0.9420832834529236,0.25581374742137303,0.10484406263468382,1.8848406377355977,0.6869436068613006,0.9420832834529246,0.25581374742137264,0.10484406263468338,4.440892098500626e-16,0.0,9.992007221626409e-16,-3.885780586188048e-16,-4.440892098500626e-16,1.884840637735596,-1.3322676295501878e-15,0.3576660355650798,0.6423339644349203,4,1.1634790788269308e-15,5.141725940556547e-16,4.791106545011135e-16,1.5543122344752192e-15,8.881784197001252e-16,0.4511752889124524,1.8848405774592483,1.8848405774592483,0.0,1.8848406377355977,1.8848406377355977,0.0,7.78321212902e-06,36,35,published_objective_change,0.052288409089669585,0.3576660355650798,1.8848405774592483,1.8848483606713773,35,True,False,True,73
exp3,56,5,0.75,1e-07,,4,4,4,4,Thin-PID,Original covariance (native start),0.9427573542826732,1.197897030874297,1.9896847003702811,1.8848406377355973,0.6869436068613006,0.9420832834529236,0.25581374742137303,0.10484406263468382,1.8848406390935675,0.6869436082192704,0.9420832848108943,0.2558137460634029,0.10484406127671364,1.35797018074868e-09,1.35796973665947e-09,1.3579707358601922e-09,-1.3579701252375287e-09,-1.35797018074868e-09,1.884840637735596,-1.3322676295501878e-15,0.3576660355650798,0.6423339644349203,4,1.1634790788269308e-15,5.141725940556547e-16,4.791106545011135e-16,1.5543122344752192e-15,8.881784197001252e-16,0.4511752889124524,50.18101048395357,1.8848406390935675,48.29616984486,50.18101048395357,1.8848406390935675,48.29616984486,-42.41488969489972,119,118,published_objective_change,0.04184764204546809,0.5436298526300412,1.8848406391205883,50.18101048395357,118,True,False,True,72
exp3,56,5,0.75,1e-07,,4,4,4,4,Thin-PID,Eigen-PID Gamma* start,0.9427573542826732,1.197897030874297,1.9896847003702811,1.8848406377355973,0.6869436068613006,0.9420832834529236,0.25581374742137303,0.10484406263468382,1.8848406377355975,0.6869436068613004,0.9420832834529244,0.25581374742137286,0.1048440626346836,2.220446049250313e-16,-2.220446049250313e-16,7.771561172376096e-16,-1.6653345369377348e-16,-2.220446049250313e-16,1.884840637735596,-1.3322676295501878e-15,0.3576660355650798,0.6423339644349203,4,1.1634790788269308e-15,5.141725940556547e-16,4.791106545011135e-16,1.5543122344752192e-15,8.881784197001252e-16,0.4511752889124524,1.8848406377355975,1.8848406377355975,0.0,1.8848406377355975,1.8848406377355975,0.0,6.78844075530094e-06,47,46,published_objective_change,0.014483826933428645,0.3576660355650798,1.8848406377355975,1.8848474261763528,46,True,False,True,72
exp3,56,5,0.75,1e-07,,0,8,8,8,GPID/Tilde-PID,Original covariance (native start),1.8933384153461672,2.168824969994051,3.6443215774371045,3.213938238212436,1.045113268218384,1.3205998228662699,0.8482251471277823,0.4303833392246683,3.2139383087771667,1.0451133387831155,1.3205998934309995,0.8482250765630517,0.4303832686599378,7.056473050326417e-08,7.05647316134872e-08,7.056472961508575e-08,-7.056473061428647e-08,-7.056473050326417e-08,3.2139382382124313,-4.884981308350689e-15,0.9302149274444648,0.06978507255553534,8,2.0237187203627264e-15,1.1796535200733375e-15,1.0844840054977903e-15,4.440892098500626e-15,3.774758283725532e-15,0.09870491010884544,41.733083813249614,3.2139382024108287,38.519145610838784,72.49099514972808,3.2139383087771667,69.2770568409509,-30.946011894765938,131,130,published_objective_change,1.1831759698688984,0.9360773965413935,3.2139382172942637,41.733083813249614,130,True,False,True,84
exp3,56,5,0.75,1e-07,,0,8,8,8,GPID/Tilde-PID,Eigen-PID Gamma* start,1.8933384153461672,2.168824969994051,3.6443215774371045,3.213938238212436,1.045113268218384,1.3205998228662699,0.8482251471277823,0.4303833392246683,3.2139382382124357,1.0451132682183846,1.3205998228662685,0.8482251471277826,0.43038333922466876,-4.440892098500626e-16,6.661338147750939e-16,-1.3322676295501878e-15,3.3306690738754696e-16,4.440892098500626e-16,3.2139382382124313,-4.884981308350689e-15,0.9302149274444648,0.06978507255553534,8,2.0237187203627264e-15,1.1796535200733375e-15,1.0844840054977903e-15,4.440892098500626e-15,3.774758283725532e-15,0.09870491010884544,3.213938131855316,3.213938131855316,0.0,3.2139382382124357,3.2139382382124357,0.0,6.9324687379968e-05,47,46,published_objective_change,0.4459386009257287,0.9302149274444648,3.213938131855316,3.21401344739414,46,True,False,True,84
exp3,56,5,0.75,1e-07,,0,8,8,8,Thin-PID,Original covariance (native start),1.8933384153461672,2.168824969994051,3.6443215774371045,3.213938238212436,1.045113268218384,1.3205998228662699,0.8482251471277823,0.4303833392246683,3.213938245595977,1.045113275601926,1.3205998302498099,0.8482251397442413,0.4303833318411274,7.383540889804863e-09,7.383542000027887e-09,7.383540001626443e-09,-7.383541000827165e-09,-7.383540889804863e-09,3.2139382382124313,-4.884981308350689e-15,0.9302149274444648,0.06978507255553534,8,2.0237187203627264e-15,1.1796535200733375e-15,1.0844840054977903e-15,4.440892098500626e-15,3.774758283725532e-15,0.09870491010884544,96.60963657028316,3.213938245595977,93.39569832468717,96.60963657028316,3.213938245595977,93.39569832468717,-85.82253068331809,150,149,published_objective_change,0.08456930401735008,0.9360449227647388,3.213938248527804,96.60963657028316,149,True,False,True,85
exp3,56,5,0.75,1e-07,,0,8,8,8,Thin-PID,Eigen-PID Gamma* start,1.8933384153461672,2.168824969994051,3.6443215774371045,3.213938238212436,1.045113268218384,1.3205998228662699,0.8482251471277823,0.4303833392246683,3.213938238212437,1.045113268218386,1.3205998228662699,0.8482251471277813,0.4303833392246674,8.881784197001252e-16,1.9984014443252818e-15,0.0,-9.992007221626409e-16,-8.881784197001252e-16,3.2139382382124313,-4.884981308350689e-15,0.9302149274444648,0.06978507255553534,8,2.0237187203627264e-15,1.1796535200733375e-15,1.0844840054977903e-15,4.440892098500626e-15,3.774758283725532e-15,0.09870491010884544,3.213938238212437,3.213938238212437,0.0,3.213938238212437,3.213938238212437,0.0,8.002089103609222e-05,65,64,published_objective_change,0.024131324142217636,0.9302149274444648,3.213938238212437,3.214018259103473,64,True,False,True,85
exp3,56,5,0.75,1e-07,,1,8,8,8,GPID/Tilde-PID,Original covariance (native start),2.325603987138466,2.20746247751435,4.013697832269283,3.506180245972626,1.2987177684582774,1.1805762588341586,1.0268862186801901,0.5075175862966574,3.506180352782548,1.2987178752681983,1.180576365644082,1.0268861118702675,0.5075174794867352,1.068099222401031e-07,1.0680992090783548e-07,1.0680992335032613e-07,-1.0680992268419232e-07,-1.068099222401031e-07,3.5061802459726263,4.440892098500626e-16,0.9420750203790863,0.057924979620913544,8,2.051610028591576e-15,7.902710657166635e-16,7.863178912230167e-16,5.10702591327572e-15,1.9984014443252818e-15,0.20674319660761442,44.92194840206722,3.506180221563111,41.41576818050411,76.27339301396171,3.506180352782548,72.76721266117916,-31.71442521486646,143,142,published_objective_change,1.2362024469766766,0.9587040318743015,3.506180248768515,44.92194840206722,142,True,False,True,95
exp3,56,5,0.75,1e-07,,1,8,8,8,GPID/Tilde-PID,Eigen-PID Gamma* start,2.325603987138466,2.20746247751435,4.013697832269283,3.506180245972626,1.2987177684582774,1.1805762588341586,1.0268862186801901,0.5075175862966574,3.506180245972626,1.298717768458276,1.1805762588341597,1.0268862186801897,0.5075175862966574,0.0,-1.3322676295501878e-15,1.1102230246251565e-15,-4.440892098500626e-16,0.0,3.5061802459726263,4.440892098500626e-16,0.9420750203790863,0.057924979620913544,8,2.051610028591576e-15,7.902710657166635e-16,7.863178912230167e-16,5.10702591327572e-15,1.9984014443252818e-15,0.20674319660761442,3.5061801147569707,3.5061801147569707,0.0,3.506180245972626,3.506180245972626,0.0,0.0001268185677929523,48,47,published_objective_change,0.374931228114292,0.9420750203790863,3.5061801147569707,3.5063069333247636,47,True,False,True,95
exp3,56,5,0.75,1e-07,,1,8,8,8,Thin-PID,Original covariance (native start),2.325603987138466,2.20746247751435,4.013697832269283,3.506180245972626,1.2987177684582774,1.1805762588341586,1.0268862186801901,0.5075175862966574,3.5061802660404213,1.2987177885260714,1.1805762789019552,1.0268861986123943,0.507517566228862,2.006779542540471e-08,2.006779409313708e-08,2.0067796535627735e-08,-2.006779586949392e-08,-2.006779542540471e-08,3.5061802459726263,4.440892098500626e-16,0.9420750203790863,0.057924979620913544,8,2.051610028591576e-15,7.902710657166635e-16,7.863178912230167e-16,5.10702591327572e-15,1.9984014443252818e-15,0.20674319660761442,100.16223330499213,3.5061802660404213,96.65605303895171,100.16223330499213,3.5061802660404213,96.65605303895171,-86.95466343322958,167,166,published_objective_change,0.08933200407773256,0.958684965729997,3.5061802669561093,100.16223330499213,166,True,False,True,102
exp3,56,5,0.75,1e-07,,1,8,8,8,Thin-PID,Eigen-PID Gamma* start,2.325603987138466,2.20746247751435,4.013697832269283,3.506180245972626,1.2987177684582774,1.1805762588341586,1.0268862186801901,0.5075175862966574,3.506180245972624,1.2987177684582742,1.180576258834158,1.0268862186801915,0.5075175862966592,-1.7763568394002505e-15,-3.1086244689504383e-15,-6.661338147750939e-16,1.3322676295501878e-15,1.7763568394002505e-15,3.5061802459726263,4.440892098500626e-16,0.9420750203790863,0.057924979620913544,8,2.051610028591576e-15,7.902710657166635e-16,7.863178912230167e-16,5.10702591327572e-15,1.9984014443252818e-15,0.20674319660761442,3.506180245972624,3.506180245972624,0.0,3.506180245972624,3.506180245972624,0.0,0.0001540803565305282,65,64,published_objective_change,0.021079401019960642,0.9420750203790863,3.506180245972624,3.5063343263291546,64,True,False,True,102
exp3,56,5,0.75,1e-07,,2,8,8,8,GPID/Tilde-PID,Original covariance (native start),2.1346820375769964,2.232079656216148,3.904951527706453,3.385085141923674,1.1530054857075271,1.2504031043466766,0.9816765518694702,0.519866385782779,3.385085180246768,1.15300552403062,1.2504031426697715,0.9816765135463763,0.519866347459685,3.832309403151157e-08,3.832309292128855e-08,3.832309491968999e-08,-3.832309392048927e-08,-3.832309403151157e-08,3.3850851419236747,8.881784197001252e-16,0.939968442430793,0.06003155756920635,8,9.917223787825632e-16,9.110207013871993e-16,6.793629477033073e-16,4.6629367034256575e-15,2.220446049250313e-16,0.27118978724908077,43.70260820918516,3.3850850633776823,40.31752314580748,73.97483896624202,3.385085180246768,70.58975378599526,-31.75504328141394,124,123,published_objective_change,1.0102030709385872,0.9446612087107753,3.385085103879215,43.70260820918516,123,True,False,True,75
exp3,56,5,0.75,1e-07,,2,8,8,8,GPID/Tilde-PID,Eigen-PID Gamma* start,2.1346820375769964,2.232079656216148,3.904951527706453,3.385085141923674,1.1530054857075271,1.2504031043466766,0.9816765518694702,0.519866385782779,3.385085141923674,1.153005485707526,1.2504031043466775,0.9816765518694703,0.519866385782779,0.0,-1.1102230246251565e-15,8.881784197001252e-16,1.1102230246251565e-16,0.0,3.3850851419236747,8.881784197001252e-16,0.939968442430793,0.06003155756920635,8,9.917223787825632e-16,9.110207013871993e-16,6.793629477033073e-16,4.6629367034256575e-15,2.220446049250313e-16,0.27118978724908077,3.3850850250579443,3.3850850250579443,0.0,3.385085141923674,3.385085141923674,0.0,9.006184285009766e-05,49,48,published_objective_change,0.49801562796346843,0.939968442430793,3.3850850250579443,3.3851750869007944,48,True,False,True,75
exp3,56,5,0.75,1e-07,,2,8,8,8,Thin-PID,Original covariance (native start),2.1346820375769964,2.232079656216148,3.904951527706453,3.385085141923674,1.1530054857075271,1.2504031043466766,0.9816765518694702,0.519866385782779,3.385085146048768,1.15300548983262,1.2504031084717715,0.9816765477443763,0.519866381657685,4.125094044127309e-09,4.125092933904284e-09,4.1250949323057284e-09,-4.125093933105006e-09,-4.125094044127309e-09,3.3850851419236747,8.881784197001252e-16,0.939968442430793,0.06003155756920635,8,9.917223787825632e-16,9.110207013871993e-16,6.793629477033073e-16,4.6629367034256575e-15,2.220446049250313e-16,0.27118978724908077,99.75275401272364,3.385085146048768,96.36766886667488,99.75275401272364,3.385085146048768,96.36766886667488,-87.80514617917282,142,141,published_objective_change,0.11193088907748461,0.9446813636675184,3.3850851470276035,99.75275401272364,141,True,False,True,77
exp3,56,5,0.75,1e-07,,2,8,8,8,Thin-PID,Eigen-PID Gamma* start,2.1346820375769964,2.232079656216148,3.904951527706453,3.385085141923674,1.1530054857075271,1.2504031043466766,0.9816765518694702,0.519866385782779,3.385085141923674,1.153005485707526,1.2504031043466775,0.9816765518694703,0.519866385782779,0.0,-1.1102230246251565e-15,8.881784197001252e-16,1.1102230246251565e-16,0.0,3.3850851419236747,8.881784197001252e-16,0.939968442430793,0.06003155756920635,8,9.917223787825632e-16,9.110207013871993e-16,6.793629477033073e-16,4.6629367034256575e-15,2.220446049250313e-16,0.27118978724908077,3.385085141923674,3.385085141923674,0.0,3.385085141923674,3.385085141923674,0.0,0.00016428267401202845,65,64,published_objective_change,0.020628116792067885,0.939968442430793,3.385085141923674,3.385249424597686,64,True,False,True,77
exp3,56,5,0.75,1e-07,,3,8,8,8,GPID/Tilde-PID,Original covariance (native start),2.353526633822773,2.250454373991601,4.133272562719692,3.508897551551012,1.2584431775594105,1.1553709177282403,1.0950834562633616,0.6243750111686799,3.5088976717522904,1.2584432977606892,1.1553710379295175,1.0950833360620837,0.6243748909674016,1.2020127826417593e-07,1.2020127870826514e-07,1.202012771539529e-07,-1.2020127782008672e-07,-1.2020127826417593e-07,3.508897551551015,2.6645352591003757e-15,0.9430790770709852,0.05692092292901511,8,1.2780446837100277e-15,6.680293925988095e-16,8.077178236372914e-16,4.440892098500626e-15,0.0,0.16279008085718624,42.109650375152974,3.508897550602876,38.6007528245501,73.4659549340653,3.5088976717522904,69.957057262313,-30.75809639650684,127,126,published_objective_change,1.1311785879079252,0.956686148693655,3.5088975581374897,42.109650375152974,126,True,False,True,79
exp3,56,5,0.75,1e-07,,3,8,8,8,GPID/Tilde-PID,Eigen-PID Gamma* start,2.353526633822773,2.250454373991601,4.133272562719692,3.508897551551012,1.2584431775594105,1.1553709177282403,1.0950834562633616,0.6243750111686799,3.5088975515510135,1.2584431775594123,1.1553709177282405,1.0950834562633607,0.6243750111686786,1.3322676295501878e-15,1.7763568394002505e-15,2.220446049250313e-16,-8.881784197001252e-16,-1.3322676295501878e-15,3.508897551551015,2.6645352591003757e-15,0.9430790770709852,0.05692092292901511,8,1.2780446837100277e-15,6.680293925988095e-16,8.077178236372914e-16,4.440892098500626e-15,0.0,0.16279008085718624,3.508897430409172,3.508897430409172,0.0,3.5088975515510135,3.5088975515510135,0.0,8.979033620715171e-05,48,47,published_objective_change,0.44995635002851486,0.9430790770709852,3.508897430409172,3.508987220745379,47,True,False,True,79
exp3,56,5,0.75,1e-07,,3,8,8,8,Thin-PID,Original covariance (native start),2.353526633822773,2.250454373991601,4.133272562719692,3.508897551551012,1.2584431775594105,1.1553709177282403,1.0950834562633616,0.6243750111686799,3.5088975667619082,1.258443192770307,1.1553709329391353,1.095083441052466,0.6243749959577838,1.521089609823889e-08,1.52108965423281e-08,1.5210894988015866e-08,-1.521089565414968e-08,-1.521089609823889e-08,3.508897551551015,2.6645352591003757e-15,0.9430790770709852,0.05692092292901511,8,1.2780446837100277e-15,6.680293925988095e-16,8.077178236372914e-16,4.440892098500626e-15,0.0,0.16279008085718624,96.9894896860531,3.5088975667619082,93.4805921192912,96.9894896860531,3.5088975667619082,93.4805921192912,-85.63789573740944,148,147,published_objective_change,0.09982207999564707,0.9566839151362966,3.5088975667619082,96.9894896860531,147,True,False,True,81
exp3,56,5,0.75,1e-07,,3,8,8,8,Thin-PID,Eigen-PID Gamma* start,2.353526633822773,2.250454373991601,4.133272562719692,3.508897551551012,1.2584431775594105,1.1553709177282403,1.0950834562633616,0.6243750111686799,3.508897551551014,1.2584431775594127,1.155370917728241,1.0950834562633602,0.6243750111686781,1.7763568394002505e-15,2.220446049250313e-15,6.661338147750939e-16,-1.3322676295501878e-15,-1.7763568394002505e-15,3.508897551551015,2.6645352591003757e-15,0.9430790770709852,0.05692092292901511,8,1.2780446837100277e-15,6.680293925988095e-16,8.077178236372914e-16,4.440892098500626e-15,0.0,0.16279008085718624,3.508897551551014,3.508897551551014,0.0,3.508897551551014,3.508897551551014,0.0,0.0001111189416880265,67,66,published_objective_change,0.027628591051325202,0.9430790770709852,3.508897551551014,3.509008670492702,66,True,False,True,81
exp3,56,5,0.75,1e-07,,4,8,8,8,GPID/Tilde-PID,Original covariance (native start),2.0692306858427294,2.6095284024801635,4.15989168494739,3.586089012913815,0.9765606104336532,1.5168583270710851,1.0926700754090772,0.5738026720335752,3.586089138906561,0.9765607364263973,1.5168584530638314,1.0926699494163326,0.5738025460408296,1.259927455699028e-07,1.2599274412661288e-07,1.2599274623603662e-07,-1.259927446817244e-07,-1.259927455699028e-07,3.5860890129138143,-8.881784197001252e-16,0.930411758507158,0.06958824149284232,8,9.943762067242702e-16,1.0900801789475394e-15,9.19105397124268e-16,2.6645352591003757e-15,1.5543122344752192e-15,0.17180775830778408,40.858983182427075,3.5860890289960943,37.27289415343098,70.8256448526387,3.586089138906561,67.23955571373214,-30.57040921513235,121,120,published_objective_change,1.0861881519667804,0.9389380093485419,3.5860890289960943,40.858983182427075,120,True,False,True,73
exp3,56,5,0.75,1e-07,,4,8,8,8,GPID/Tilde-PID,Eigen-PID Gamma* start,2.0692306858427294,2.6095284024801635,4.15989168494739,3.586089012913815,0.9765606104336532,1.5168583270710851,1.0926700754090772,0.5738026720335752,3.5860890129138143,0.9765606104336508,1.516858327071085,1.092670075409079,0.573802672033576,-8.881784197001252e-16,-2.3314683517128287e-15,-2.220446049250313e-16,1.7763568394002505e-15,8.881784197001252e-16,3.5860890129138143,-8.881784197001252e-16,0.930411758507158,0.06958824149284232,8,9.943762067242702e-16,1.0900801789475394e-15,9.19105397124268e-16,2.6645352591003757e-15,1.5543122344752192e-15,0.17180775830778408,3.5860889030159724,3.5860889030159724,0.0,3.5860890129138143,3.5860890129138143,0.0,0.00012302168637656763,48,47,published_objective_change,0.5679438528604805,0.930411758507158,3.5860889030159724,3.586211924702349,47,True,False,True,73
exp3,56,5,0.75,1e-07,,4,8,8,8,Thin-PID,Original covariance (native start),2.0692306858427294,2.6095284024801635,4.15989168494739,3.586089012913815,0.9765606104336532,1.5168583270710851,1.0926700754090772,0.5738026720335752,3.5860890184928715,0.976560616012708,1.5168583326501421,1.0926700698300218,0.5738026664545188,5.579056328031129e-09,5.579054884741197e-09,5.579056994164944e-09,-5.579055439852709e-09,-5.579056328031129e-09,3.5860890129138143,-8.881784197001252e-16,0.930411758507158,0.06958824149284232,8,9.943762067242702e-16,1.0900801789475394e-15,9.19105397124268e-16,2.6645352591003757e-15,1.5543122344752192e-15,0.17180775830778408,95.10505728172907,3.5860890184928715,91.5189682632362,95.10505728172907,3.5860890184928715,91.5189682632362,-84.8164452820398,143,142,published_objective_change,0.09132608794607222,0.9389540757113853,3.5860890207090335,95.10505728172907,142,True,False,True,78
exp3,56,5,0.75,1e-07,,4,8,8,8,Thin-PID,Eigen-PID Gamma* start,2.0692306858427294,2.6095284024801635,4.15989168494739,3.586089012913815,0.9765606104336532,1.5168583270710851,1.0926700754090772,0.5738026720335752,3.5860890129138148,0.9765606104336513,1.5168583270710854,1.0926700754090786,0.5738026720335756,-4.440892098500626e-16,-1.887379141862766e-15,2.220446049250313e-16,1.3322676295501878e-15,4.440892098500626e-16,3.5860890129138143,-8.881784197001252e-16,0.930411758507158,0.06958824149284232,8,9.943762067242702e-16,1.0900801789475394e-15,9.19105397124268e-16,2.6645352591003757e-15,1.5543122344752192e-15,0.17180775830778408,3.5860890129138148,3.5860890129138148,0.0,3.5860890129138148,3.5860890129138148,0.0,0.00012124984989192455,65,64,published_objective_change,0.02417237707413733,0.930411758507158,3.5860890129138148,3.5862102627637067,64,True,False,True,78
exp3,56,5,0.75,1e-07,,0,16,16,16,GPID/Tilde-PID,Original covariance (native start),4.311687622682781,4.846181598655009,8.105739859631608,6.994024053863978,2.147842455208968,2.6823364311811964,2.163845167473813,1.1117158057676306,6.9940242232843275,2.1478426246293187,2.6823366006015466,2.163844998053463,1.1117156363472809,1.694203497493163e-07,1.6942035063749472e-07,1.694203501934055e-07,-1.694203497493163e-07,-1.694203497493163e-07,6.9940240538639875,9.769962616701378e-15,0.9101288386500284,0.08987116134997156,16,2.1224343894524336e-15,2.0993416875494206e-15,1.9578087474419114e-15,1.7319479184152442e-14,1.5543122344752192e-15,0.14690494309233684,85.49560100468172,6.994023996205347,78.50157700847637,146.72622918189268,6.9940242232843275,139.73220495860835,-63.99816015672129,145,144,published_objective_change,3.324203251162544,0.9194854050728883,6.994024008559328,85.49560100468172,144,True,False,True,91
exp3,56,5,0.75,1e-07,,0,16,16,16,GPID/Tilde-PID,Eigen-PID Gamma* start,4.311687622682781,4.846181598655009,8.105739859631608,6.994024053863978,2.147842455208968,2.6823364311811964,2.163845167473813,1.1117158057676306,6.994024053863975,2.1478424552089663,2.682336431181194,2.1638451674738155,1.1117158057676333,-2.6645352591003757e-15,-1.7763568394002505e-15,-2.220446049250313e-15,2.6645352591003757e-15,2.6645352591003757e-15,6.9940240538639875,9.769962616701378e-15,0.9101288386500284,0.08987116134997156,16,2.1224343894524336e-15,2.0993416875494206e-15,1.9578087474419114e-15,1.7319479184152442e-14,1.5543122344752192e-15,0.14690494309233684,6.994023826788501,6.994023826788501,0.0,6.994024053863975,6.994024053863975,0.0,0.0002589054533377322,54,53,published_objective_change,1.2747472091577947,0.9101288386500284,6.994023826788501,6.994282732241839,53,True,False,True,91
exp3,56,5,0.75,1e-07,,0,16,16,16,Thin-PID,Original covariance (native start),4.311687622682781,4.846181598655009,8.105739859631608,6.994024053863978,2.147842455208968,2.6823364311811964,2.163845167473813,1.1117158057676306,6.994024067000611,2.147842468345602,2.68233644431783,2.1638451543371797,1.1117157926309975,1.3136633114640972e-08,1.3136634002819392e-08,1.3136633558730182e-08,-1.3136633114640972e-08,-1.3136633114640972e-08,6.9940240538639875,9.769962616701378e-15,0.9101288386500284,0.08987116134997156,16,2.1224343894524336e-15,2.0993416875494206e-15,1.9578087474419114e-15,1.7319479184152442e-14,1.5543122344752192e-15,0.14690494309233684,193.71658238512435,6.994024067000611,186.72255831812373,193.71658238512435,6.994024067000611,186.72255831812373,-172.21908140625126,169,168,published_objective_change,0.1390022321138531,0.919462062405179,6.994024067313037,193.71658238512435,168,True,False,True,96
exp3,56,5,0.75,1e-07,,0,16,16,16,Thin-PID,Eigen-PID Gamma* start,4.311687622682781,4.846181598655009,8.105739859631608,6.994024053863978,2.147842455208968,2.6823364311811964,2.163845167473813,1.1117158057676306,6.9940240538639795,2.1478424552089708,2.6823364311811986,2.163845167473811,1.1117158057676289,1.7763568394002505e-15,2.6645352591003757e-15,2.220446049250313e-15,-1.7763568394002505e-15,-1.7763568394002505e-15,6.9940240538639875,9.769962616701378e-15,0.9101288386500284,0.08987116134997156,16,2.1224343894524336e-15,2.0993416875494206e-15,1.9578087474419114e-15,1.7319479184152442e-14,1.5543122344752192e-15,0.14690494309233684,6.9940240538639795,6.9940240538639795,0.0,6.9940240538639795,6.9940240538639795,0.0,0.00026046793129008705,73,72,published_objective_change,0.03224224713630974,0.9101288386500284,6.9940240538639795,6.99428452179527,72,True,False,True,96
exp3,56,5,0.75,1e-07,,1,16,16,16,GPID/Tilde-PID,Original covariance (native start),4.487391519926083,4.206077056628262,7.710961182096104,6.656538081559948,2.4504610249316845,2.1691465616338683,2.036930494994396,1.0544231005361553,6.656538110121744,2.4504610534934823,2.169146590195661,2.036930466432601,1.0544230719743597,2.856179559529437e-08,2.856179781574042e-08,2.85617924866699e-08,-2.856179515120516e-08,-2.856179559529437e-08,6.656538081559953,4.440892098500626e-15,0.8669478686793779,0.13305213132062177,16,2.9945665134479524e-15,1.232941831564605e-15,1.2689548958572385e-15,2.4868995751603507e-14,3.552713678800501e-15,0.17676067340608687,86.91022801950226,6.656537863196409,80.25369015630585,147.7121170503084,6.656538110121744,141.05557894018665,-64.76736416685836,114,113,published_objective_change,2.385347814997658,0.8831515316465006,6.656537868953625,86.91022801950226,113,True,False,True,63
exp3,56,5,0.75,1e-07,,1,16,16,16,GPID/Tilde-PID,Eigen-PID Gamma* start,4.487391519926083,4.206077056628262,7.710961182096104,6.656538081559948,2.4504610249316845,2.1691465616338683,2.036930494994396,1.0544231005361553,6.6565380815599475,2.450461024931686,2.1691465616338643,2.0369304949943974,1.0544231005361562,-8.881784197001252e-16,1.3322676295501878e-15,-3.9968028886505635e-15,1.3322676295501878e-15,8.881784197001252e-16,6.656538081559953,4.440892098500626e-15,0.8669478686793779,0.13305213132062177,16,2.9945665134479524e-15,1.232941831564605e-15,1.2689548958572385e-15,2.4868995751603507e-14,3.552713678800501e-15,0.17676067340608687,6.656537834635247,6.656537834635247,0.0,6.6565380815599475,6.6565380815599475,0.0,0.00018225026970419833,51,50,published_objective_change,1.0637063200119883,0.8669478686793779,6.656537834635247,6.6567200849049515,50,True,False,True,63
exp3,56,5,0.75,1e-07,,1,16,16,16,Thin-PID,Original covariance (native start),4.487391519926083,4.206077056628262,7.710961182096104,6.656538081559948,2.4504610249316845,2.1691465616338683,2.036930494994396,1.0544231005361553,6.656538085363969,2.450461028735707,2.1691465654378854,2.0369304911903763,1.054423096732135,3.8040202099409726e-09,3.804022430387022e-09,3.804017101316504e-09,-3.804019765851763e-09,-3.8040202099409726e-09,6.656538081559953,4.440892098500626e-15,0.8669478686793779,0.13305213132062177,16,2.9945665134479524e-15,1.232941831564605e-15,1.2689548958572385e-15,2.4868995751603507e-14,3.552713678800501e-15,0.17676067340608687,196.35254234354616,6.656538085363969,189.6960042581822,196.35254234354616,6.656538085363969,189.6960042581822,-174.20961701665823,126,125,published_objective_change,0.09607144608162344,0.8831475916422508,6.65653808626885,196.35254234354616,125,True,False,True,60
exp3,56,5,0.75,1e-07,,1,16,16,16,Thin-PID,Eigen-PID Gamma* start,4.487391519926083,4.206077056628262,7.710961182096104,6.656538081559948,2.4504610249316845,2.1691465616338683,2.036930494994396,1.0544231005361553,6.65653808155995,2.4504610249316885,2.169146561633867,2.0369304949943947,1.0544231005361535,1.7763568394002505e-15,3.9968028886505635e-15,-1.3322676295501878e-15,-1.3322676295501878e-15,-1.7763568394002505e-15,6.656538081559953,4.440892098500626e-15,0.8669478686793779,0.13305213132062177,16,2.9945665134479524e-15,1.232941831564605e-15,1.2689548958572385e-15,2.4868995751603507e-14,3.552713678800501e-15,0.17676067340608687,6.65653808155995,6.65653808155995,0.0,6.65653808155995,6.65653808155995,0.0,0.00017206438787198408,66,65,published_objective_change,0.03247567592188716,0.8669478686793779,6.65653808155995,6.656710145947822,65,True,False,True,60
exp3,56,5,0.75,1e-07,,2,16,16,16,GPID/Tilde-PID,Original covariance (native start),4.956010378082905,4.623279705944943,8.443570837115246,7.262261233150392,2.6389815272054498,2.306250855067488,2.317028850877455,1.1813096039648538,7.262261438562394,2.6389817326174514,2.3062510604794895,2.3170286454654523,1.1813093985528518,2.0541200207446764e-07,2.0541200163037843e-07,2.0541200163037843e-07,-2.0541200251855685e-07,-2.0541200207446764e-07,7.262261233150397,5.329070518200751e-15,0.9570101044944969,0.04298989550550324,16,1.879365480213104e-15,1.1241073232571962e-15,1.1420125844130884e-15,1.5543122344752192e-15,7.771561172376096e-15,0.11502018656297669,94.64421448544088,7.2622611636926155,87.38195332174827,164.2931992360536,7.262261438562394,157.0309377974912,-70.51342062509029,175,174,published_objective_change,4.391256849979982,0.9594220160315813,7.26226120745308,94.64421448544088,174,True,False,True,110
exp3,56,5,0.75,1e-07,,2,16,16,16,GPID/Tilde-PID,Eigen-PID Gamma* start,4.956010378082905,4.623279705944943,8.443570837115246,7.262261233150392,2.6389815272054498,2.306250855067488,2.317028850877455,1.1813096039648538,7.262261233150393,2.63898152720545,2.3062508550674883,2.3170288508774535,1.181309603964853,8.881784197001252e-16,4.440892098500626e-16,4.440892098500626e-16,-1.3322676295501878e-15,-8.881784197001252e-16,7.262261233150397,5.329070518200751e-15,0.9570101044944969,0.04298989550550324,16,1.879365480213104e-15,1.1241073232571962e-15,1.1420125844130884e-15,1.5543122344752192e-15,7.771561172376096e-15,0.11502018656297669,7.262260958269385,7.262260958269385,0.0,7.262261233150393,7.262261233150393,0.0,0.0005615932818034963,65,64,published_objective_change,1.6119671859778464,0.9570101044944969,7.262260958269385,7.262822551551189,64,True,False,True,110
exp3,56,5,0.75,1e-07,,2,16,16,16,Thin-PID,Original covariance (native start),4.956010378082905,4.623279705944943,8.443570837115246,7.262261233150392,2.6389815272054498,2.306250855067488,2.317028850877455,1.1813096039648538,7.26226125805482,2.638981552109877,2.3062508799719152,2.3170288259730265,1.181309579060426,2.4904427853300604e-08,2.4904427409211394e-08,2.4904427409211394e-08,-2.4904428297389813e-08,-2.4904427853300604e-08,7.262261233150397,5.329070518200751e-15,0.9570101044944969,0.04298989550550324,16,1.879365480213104e-15,1.1241073232571962e-15,1.1420125844130884e-15,1.5543122344752192e-15,7.771561172376096e-15,0.11502018656297669,218.29181191394272,7.26226125805482,211.0295506558879,218.29181191394272,7.26226125805482,211.0295506558879,-194.16094400374965,204,203,published_objective_change,0.22089735697954893,0.9594717190851632,7.2622612609956425,218.29181191394272,203,True,False,True,120
exp3,56,5,0.75,1e-07,,2,16,16,16,Thin-PID,Eigen-PID Gamma* start,4.956010378082905,4.623279705944943,8.443570837115246,7.262261233150392,2.6389815272054498,2.306250855067488,2.317028850877455,1.1813096039648538,7.262261233150393,2.63898152720545,2.3062508550674883,2.3170288508774535,1.181309603964853,8.881784197001252e-16,4.440892098500626e-16,4.440892098500626e-16,-1.3322676295501878e-15,-8.881784197001252e-16,7.262261233150397,5.329070518200751e-15,0.9570101044944969,0.04298989550550324,16,1.879365480213104e-15,1.1241073232571962e-15,1.1420125844130884e-15,1.5543122344752192e-15,7.771561172376096e-15,0.11502018656297669,7.262261233150393,7.262261233150393,0.0,7.262261233150393,7.262261233150393,0.0,0.0004762224242957913,84,83,published_objective_change,0.028761236928403378,0.9570101044944969,7.262261233150393,7.262737455574689,83,True,False,True,120
exp3,56,5,0.75,1e-07,,3,16,16,16,GPID/Tilde-PID,Original covariance (native start),4.464614875987256,4.743554287709522,8.12421668949969,6.990320450948208,2.2467661632386875,2.525705574960951,2.2178487127485695,1.1338962385514817,6.990320814338293,2.2467665266287717,2.525705938351037,2.2178483493584835,1.1338958751613966,3.6339008513408544e-07,3.63390084245907e-07,3.6339008602226386e-07,-3.6339008602226386e-07,-3.6339008513408544e-07,6.990320450948209,8.881784197001252e-16,0.9661818021331956,0.03381819786680417,16,3.3878225712558435e-15,1.5994133643548475e-15,1.4196958529503232e-15,1.199040866595169e-14,2.1094237467877974e-14,0.1138909111158446,84.48111203220168,6.990320572965375,77.4907914592363,145.20635522172964,6.990320814338293,138.21603440739133,-63.20796970292687,181,180,published_objective_change,4.084302936913446,0.9684599597444008,6.990320604834376,84.48111203220168,180,True,False,True,109
exp3,56,5,0.75,1e-07,,3,16,16,16,GPID/Tilde-PID,Eigen-PID Gamma* start,4.464614875987256,4.743554287709522,8.12421668949969,6.990320450948208,2.2467661632386875,2.525705574960951,2.2178487127485695,1.1338962385514817,6.990320450948209,2.2467661632386875,2.525705574960953,2.2178487127485678,1.1338962385514808,8.881784197001252e-16,0.0,1.7763568394002505e-15,-1.7763568394002505e-15,-8.881784197001252e-16,6.990320450948209,8.881784197001252e-16,0.9661818021331956,0.03381819786680417,16,3.3878225712558435e-15,1.5994133643548475e-15,1.4196958529503232e-15,1.199040866595169e-14,2.1094237467877974e-14,0.1138909111158446,6.99032020956033,6.99032020956033,0.0,6.990320450948209,6.990320450948209,0.0,0.0013625757939346173,72,71,published_objective_change,1.9549744529649615,0.9661818021331956,6.99032020956033,6.991682785354264,71,True,False,True,109
exp3,56,5,0.75,1e-07,,3,16,16,16,Thin-PID,Original covariance (native start),4.464614875987256,4.743554287709522,8.12421668949969,6.990320450948208,2.2467661632386875,2.525705574960951,2.2178487127485695,1.1338962385514817,6.990320499157583,2.2467662114480618,2.525705623170327,2.2178486645391935,1.1338961903421065,4.820937515859214e-08,4.820937427041372e-08,4.820937604677056e-08,-4.820937604677056e-08,-4.820937515859214e-08,6.990320450948209,8.881784197001252e-16,0.9661818021331956,0.03381819786680417,16,3.3878225712558435e-15,1.5994133643548475e-15,1.4196958529503232e-15,1.199040866595169e-14,2.1094237467877974e-14,0.1138909111158446,193.18756739280596,6.990320499157583,186.19724689364838,193.18756739280596,6.990320499157583,186.19724689364838,-171.91436789690707,217,216,published_objective_change,0.21400809194892645,0.9684871974044611,6.990320501518019,193.18756739280596,216,True,False,True,122
exp3,56,5,0.75,1e-07,,3,16,16,16,Thin-PID,Eigen-PID Gamma* start,4.464614875987256,4.743554287709522,8.12421668949969,6.990320450948208,2.2467661632386875,2.525705574960951,2.2178487127485695,1.1338962385514817,6.990320450948209,2.2467661632386875,2.525705574960953,2.2178487127485678,1.1338962385514808,8.881784197001252e-16,0.0,1.7763568394002505e-15,-1.7763568394002505e-15,-8.881784197001252e-16,6.990320450948209,8.881784197001252e-16,0.9661818021331956,0.03381819786680417,16,3.3878225712558435e-15,1.5994133643548475e-15,1.4196958529503232e-15,1.199040866595169e-14,2.1094237467877974e-14,0.1138909111158446,6.990320450948209,6.990320450948209,0.0,6.990320450948209,6.990320450948209,0.0,0.0007909550981599622,95,94,published_objective_change,0.04053999693132937,0.9661818021331956,6.990320450948209,6.991111406046369,94,True,False,True,122
exp3,56,5,0.75,1e-07,,4,16,16,16,GPID/Tilde-PID,Original covariance (native start),4.257619782000811,4.288119520592604,7.5657128007945555,6.5107525919926115,2.2226330714000078,2.253132809991801,2.034986710600803,1.054960208801944,6.510755921094325,2.222636400501721,2.253136139093514,2.0349833814990896,1.0549568797002307,3.3291017134118306e-06,3.3291017134118306e-06,3.3291017129677414e-06,-3.3291017134118306e-06,-3.3291017134118306e-06,6.5107525919926115,0.0,0.9960467862930165,0.0039532137069838375,16,1.920005322365552e-15,1.0924835969468104e-15,9.97627892975362e-16,2.0872192862952943e-14,2.2426505097428162e-14,0.18508091545535102,81.8073934018416,6.510755688881697,75.29663771295989,142.9521999519,6.510755921094325,136.44144403080568,-60.25718079560657,546,545,published_objective_change,13.044119030004367,0.9972116574120611,6.510755721541849,81.8073934018416,545,True,False,True,408
exp3,56,5,0.75,1e-07,,4,16,16,16,GPID/Tilde-PID,Eigen-PID Gamma* start,4.257619782000811,4.288119520592604,7.5657128007945555,6.5107525919926115,2.2226330714000078,2.253132809991801,2.034986710600803,1.054960208801944,6.510752591992611,2.222633071400007,2.2531328099917998,2.034986710600804,1.054960208801945,-8.881784197001252e-16,-8.881784197001252e-16,-1.3322676295501878e-15,8.881784197001252e-16,8.881784197001252e-16,6.5107525919926115,0.0,0.9960467862930165,0.0039532137069838375,16,1.920005322365552e-15,1.0924835969468104e-15,9.97627892975362e-16,2.0872192862952943e-14,2.2426505097428162e-14,0.18508091545535102,6.510752359758331,6.510752359758331,0.0,6.510752591992611,6.510752591992611,0.0,3.978171932107487,138,137,published_objective_change,3.0586041340138763,0.9960467862930165,6.510752359758331,10.488924291865818,137,True,False,True,408
exp3,56,5,0.75,1e-07,,4,16,16,16,Thin-PID,Original covariance (native start),4.257619782000811,4.288119520592604,7.5657128007945555,6.5107525919926115,2.2226330714000078,2.253132809991801,2.034986710600803,1.054960208801944,6.510753035007368,2.222633514414764,2.253133253006557,2.0349862675860466,1.0549597657871876,4.4301475643493404e-07,4.4301475643493404e-07,4.4301475599084483e-07,-4.4301475643493404e-07,-4.4301475643493404e-07,6.5107525919926115,0.0,0.9960467862930165,0.0039532137069838375,16,1.920005322365552e-15,1.0924835969468104e-15,9.97627892975362e-16,2.0872192862952943e-14,2.2426505097428162e-14,0.18508091545535102,187.89099972501742,6.510753035007368,181.38024669001007,187.89099972501742,6.510753035007368,181.38024669001007,-166.34073239251765,731,730,published_objective_change,0.26603857707232237,0.9972186450121208,6.510753037835616,187.89099972501742,730,True,False,True,490
exp3,56,5,0.75,1e-07,,4,16,16,16,Thin-PID,Eigen-PID Gamma* start,4.257619782000811,4.288119520592604,7.5657128007945555,6.5107525919926115,2.2226330714000078,2.253132809991801,2.034986710600803,1.054960208801944,6.510752591992607,2.2226330714000033,2.253132809991796,2.0349867106008075,1.0549602088019485,-4.440892098500626e-15,-4.440892098500626e-15,-4.884981308350689e-15,4.440892098500626e-15,4.440892098500626e-15,6.5107525919926115,0.0,0.9960467862930165,0.0039532137069838375,16,1.920005322365552e-15,1.0924835969468104e-15,9.97627892975362e-16,2.0872192862952943e-14,2.2426505097428162e-14,0.18508091545535102,6.510752591992607,6.510752591992607,0.0,6.510752591992607,6.510752591992607,0.0,19.17262274924075,241,240,published_objective_change,0.07422127411700785,0.9960467862930165,6.510752591992607,25.683375341233358,240,True,False,True,490
exp3,56,5,0.75,1e-07,,0,32,32,32,GPID/Tilde-PID,Original covariance (native start),9.233407892969524,8.41641652273371,15.583223738776066,13.300794490379149,4.884377967645443,4.06738659740962,4.349029925324086,2.2824292483969177,13.300798010288357,4.884381487554647,4.067390117318833,4.349026405414879,2.282425728487709,3.5199092085491657e-06,3.5199092041082736e-06,3.5199092129900578e-06,-3.519909206772809e-06,-3.5199092085491657e-06,13.300794490379136,-1.2434497875801753e-14,0.9930615318991427,0.006938468100857473,32,3.641805652285905e-15,2.1737566037987962e-15,2.2217407338326333e-15,5.417888360170764e-14,4.3298697960381105e-14,0.10185906229203638,182.46392718632688,13.300797494085435,169.16312969224145,312.722427607429,13.300798010288357,299.4216295971406,-140.3198229100416,480,479,published_objective_change,89.2633601098787,0.9960501239137962,13.300797533290082,182.46392718632688,479,True,False,True,318
exp3,56,5,0.75,1e-07,,0,32,32,32,GPID/Tilde-PID,Eigen-PID Gamma* start,9.233407892969524,8.41641652273371,15.583223738776066,13.300794490379149,4.884377967645443,4.06738659740962,4.349029925324086,2.2824292483969177,13.300794490379145,4.884377967645435,4.067386597409621,4.349029925324091,2.2824292483969213,-3.552713678800501e-15,-7.993605777301127e-15,8.881784197001252e-16,5.329070518200751e-15,3.552713678800501e-15,13.300794490379136,-1.2434497875801753e-14,0.9930615318991427,0.006938468100857473,32,3.641805652285905e-15,2.1737566037987962e-15,2.2217407338326333e-15,5.417888360170764e-14,4.3298697960381105e-14,0.10185906229203638,13.300793974206142,13.300793974206142,0.0,13.300794490379145,13.300794490379145,0.0,0.412649520918027,162,161,published_objective_change,31.739854593994096,0.9930615318991427,13.300793974206142,13.713443495124169,161,True,False,True,318
exp3,56,5,0.75,1e-07,,0,32,32,32,Thin-PID,Original covariance (native start),9.233407892969524,8.41641652273371,15.583223738776066,13.300794490379149,4.884377967645443,4.06738659740962,4.349029925324086,2.2824292483969177,13.300794837241213,4.884378314507503,4.067386944271689,4.349029578462023,2.2824289015348533,3.4686206440426304e-07,3.4686205996337094e-07,3.4686206884515514e-07,-3.468620626279062e-07,-3.4686206440426304e-07,13.300794490379136,-1.2434497875801753e-14,0.9930615318991427,0.006938468100857473,32,3.641805652285905e-15,2.1737566037987962e-15,2.2217407338326333e-15,5.417888360170764e-14,4.3298697960381105e-14,0.10185906229203638,410.3669140609186,13.300794837241213,397.0661192236774,410.3669140609186,13.300794837241213,397.0661192236774,-368.222715172896,677,676,published_objective_change,47.72763785906136,0.99602286641082,13.300794841378233,410.3669140609186,676,True,False,True,446
exp3,56,5,0.75,1e-07,,0,32,32,32,Thin-PID,Eigen-PID Gamma* start,9.233407892969524,8.41641652273371,15.583223738776066,13.300794490379149,4.884377967645443,4.06738659740962,4.349029925324086,2.2824292483969177,13.30079449037914,4.884377967645429,4.067386597409616,4.349029925324096,2.2824292483969266,-8.881784197001252e-15,-1.3322676295501878e-14,-4.440892098500626e-15,1.0658141036401503e-14,8.881784197001252e-15,13.300794490379136,-1.2434497875801753e-14,0.9930615318991427,0.006938468100857473,32,3.641805652285905e-15,2.1737566037987962e-15,2.2217407338326333e-15,5.417888360170764e-14,4.3298697960381105e-14,0.10185906229203638,13.30079449037914,13.30079449037914,0.0,13.30079449037914,13.30079449037914,0.0,18.9988729301813,231,230,published_objective_change,15.525880623143166,0.9930615318991427,13.30079449037914,32.29966742056044,230,True,False,True,446
exp3,56,5,0.75,1e-07,,1,32,32,32,GPID/Tilde-PID,Original covariance (native start),9.067269819326983,8.994584245585926,15.97652320061004,13.664837632620848,4.670253387034924,4.597567813293862,4.3970164322920615,2.3116855679891923,13.664837820590831,4.670253575004905,4.5975680012638485,4.397016244322076,2.3116853800192096,1.87969982690106e-07,1.8796998091374917e-07,1.8796998624281969e-07,-1.8796998535464127e-07,-1.87969982690106e-07,13.66483763262086,1.0658141036401503e-14,0.9499930762164254,0.050006923783574846,32,2.2748045264319456e-15,1.6174339156730055e-15,1.6783067432465904e-15,3.708144902248023e-14,3.3084646133829665e-14,0.09353243517374443,178.28161590127337,13.664837315354088,164.6167785859193,307.1748575820108,13.664837820590831,293.51001976142,-137.88829400648058,156,155,published_objective_change,26.633476042887196,0.9508825710737836,13.664837326603049,178.28161590127337,155,True,False,True,80
exp3,56,5,0.75,1e-07,,1,32,32,32,GPID/Tilde-PID,Eigen-PID Gamma* start,9.067269819326983,8.994584245585926,15.97652320061004,13.664837632620848,4.670253387034924,4.597567813293862,4.3970164322920615,2.3116855679891923,13.66483763262085,4.670253387034924,4.5975678132938675,4.397016432292057,2.3116855679891906,1.7763568394002505e-15,0.0,5.329070518200751e-15,-4.440892098500626e-15,-1.7763568394002505e-15,13.66483763262086,1.0658141036401503e-14,0.9499930762164254,0.050006923783574846,32,2.2748045264319456e-15,1.6174339156730055e-15,1.6783067432465904e-15,3.708144902248023e-14,3.3084646133829665e-14,0.09353243517374443,13.664837127389525,13.664837127389525,0.0,13.66483763262085,13.66483763262085,0.0,0.0022870368706335853,76,75,published_objective_change,14.563875844003633,0.9499930762164254,13.664837127389525,13.667124164260159,75,True,False,True,80
exp3,56,5,0.75,1e-07,,1,32,32,32,Thin-PID,Original covariance (native start),9.067269819326983,8.994584245585926,15.97652320061004,13.664837632620848,4.670253387034924,4.597567813293862,4.3970164322920615,2.3116855679891923,13.664837652186106,4.67025340660018,4.597567832859124,4.397016412726801,2.3116855484239345,1.9565257858289442e-08,1.9565256081932603e-08,1.956526141100312e-08,-1.95652605228247e-08,-1.9565257858289442e-08,13.66483763262086,1.0658141036401503e-14,0.9499930762164254,0.050006923783574846,32,2.2748045264319456e-15,1.6174339156730055e-15,1.6783067432465904e-15,3.708144902248023e-14,3.3084646133829665e-14,0.09353243517374443,405.025179114104,13.664837652186106,391.36034146191787,405.025179114104,13.664837652186106,391.36034146191787,-364.6317685752555,181,180,published_objective_change,13.237733463058248,0.9508624653532254,13.664837654022861,405.025179114104,180,True,False,True,84
exp3,56,5,0.75,1e-07,,1,32,32,32,Thin-PID,Eigen-PID Gamma* start,9.067269819326983,8.994584245585926,15.97652320061004,13.664837632620848,4.670253387034924,4.597567813293862,4.3970164322920615,2.3116855679891923,13.66483763262084,4.670253387034913,4.597567813293857,4.397016432292068,2.311685567989201,-8.881784197001252e-15,-1.0658141036401503e-14,-5.329070518200751e-15,6.217248937900877e-15,8.881784197001252e-15,13.66483763262086,1.0658141036401503e-14,0.9499930762164254,0.050006923783574846,32,2.2748045264319456e-15,1.6174339156730055e-15,1.6783067432465904e-15,3.708144902248023e-14,3.3084646133829665e-14,0.09353243517374443,13.66483763262084,13.66483763262084,0.0,13.66483763262084,13.66483763262084,0.0,0.0016753307587524802,97,96,published_objective_change,7.884905819082633,0.9499930762164254,13.66483763262084,13.666512963379592,96,True,False,True,84
exp3,56,5,0.75,1e-07,,2,32,32,32,GPID/Tilde-PID,Original covariance (native start),9.069170870635459,8.832016133623936,15.802476913953,13.503984070101412,4.671967936477474,4.434813199465955,4.397202934157983,2.298492843851589,13.503984279446813,4.671968145822877,4.434813408811355,4.397202724812582,2.2984926345061876,2.093454014584495e-07,2.0934540323480633e-07,2.0934539968209265e-07,-2.093454014584495e-07,-2.093454014584495e-07,13.503984070101392,-1.9539925233402755e-14,0.9424362015352328,0.057563798464767654,32,5.0705962389526024e-15,1.3844192396912172e-15,1.3868094948495613e-15,2.3092638912203256e-14,3.419486915845482e-14,0.11449445703754799,163.9471921612395,13.503983798718588,150.44320836252092,278.64814273663677,13.503984279446813,265.14415845719,-124.55717532890006,162,161,published_objective_change,30.643352829152718,0.9555751089896172,13.503983826900932,163.9471921612395,161,True,False,True,92
exp3,56,5,0.75,1e-07,,2,32,32,32,GPID/Tilde-PID,Eigen-PID Gamma* start,9.069170870635459,8.832016133623936,15.802476913953,13.503984070101412,4.671967936477474,4.434813199465955,4.397202934157983,2.298492843851589,13.503984070101412,4.6719679364774755,4.434813199465953,4.397202934157983,2.298492843851589,0.0,1.7763568394002505e-15,-1.7763568394002505e-15,0.0,0.0,13.503984070101392,-1.9539925233402755e-14,0.9424362015352328,0.057563798464767654,32,5.0705962389526024e-15,1.3844192396912172e-15,1.3868094948495613e-15,2.3092638912203256e-14,3.419486915845482e-14,0.11449445703754799,13.503983589376343,13.503983589376343,0.0,13.503984070101412,13.503984070101412,0.0,0.0014811072372307166,70,69,published_objective_change,12.761989043094218,0.9424362015352328,13.503983589376343,13.505464696613574,69,True,False,True,92
exp3,56,5,0.75,1e-07,,2,32,32,32,Thin-PID,Original covariance (native start),9.069170870635459,8.832016133623936,15.802476913953,13.503984070101412,4.671967936477474,4.434813199465955,4.397202934157983,2.298492843851589,13.503984096940508,4.671967963316572,4.4348132263050495,4.397202907318887,2.2984928170124928,2.6839096278763463e-08,2.6839098055120303e-08,2.6839094502406624e-08,-2.6839096278763463e-08,-2.6839096278763463e-08,13.503984070101392,-1.9539925233402755e-14,0.9424362015352328,0.057563798464767654,32,5.0705962389526024e-15,1.3844192396912172e-15,1.3868094948495613e-15,2.3092638912203256e-14,3.419486915845482e-14,0.11449445703754799,366.5079752147258,13.503984096940508,353.0039911177853,366.5079752147258,13.503984096940508,353.0039911177853,-327.1178827222848,188,187,published_objective_change,13.108650526031852,0.9556168107042552,13.503984099384173,366.5079752147258,187,True,False,True,97
exp3,56,5,0.75,1e-07,,2,32,32,32,Thin-PID,Eigen-PID Gamma* start,9.069170870635459,8.832016133623936,15.802476913953,13.503984070101412,4.671967936477474,4.434813199465955,4.397202934157983,2.298492843851589,13.50398407010141,4.671967936477474,4.434813199465951,4.397202934157985,2.298492843851591,-1.7763568394002505e-15,0.0,-3.552713678800501e-15,1.7763568394002505e-15,1.7763568394002505e-15,13.503984070101392,-1.9539925233402755e-14,0.9424362015352328,0.057563798464767654,32,5.0705962389526024e-15,1.3844192396912172e-15,1.3868094948495613e-15,2.3092638912203256e-14,3.419486915845482e-14,0.11449445703754799,13.50398407010141,13.50398407010141,0.0,13.50398407010141,13.50398407010141,0.0,0.0016461925951283263,91,90,published_objective_change,6.885649197967723,0.9424362015352328,13.50398407010141,13.505630262696538,90,True,False,True,97
exp3,56,5,0.75,1e-07,,3,32,32,32,GPID/Tilde-PID,Original covariance (native start),8.727502606121602,8.75601928279587,15.5023286515487,13.38308601839763,4.627066735601756,4.655583412276034,4.100435870519842,2.119242633151069,13.383086433161195,4.627067150365324,4.655583827039592,4.100435455756278,2.1192422183875053,4.1476356393843616e-07,4.1476356837932826e-07,4.1476355860936565e-07,-4.1476356393843616e-07,-4.1476356393843616e-07,13.383086018397641,1.0658141036401503e-14,0.945180787498228,0.05481921250177197,32,6.293002593615767e-15,1.434058526649766e-15,1.4316802899606297e-15,1.509903313490213e-14,1.7985612998927536e-14,0.09456843177790766,172.0140708890708,13.383085958821276,158.63098493024953,294.2068064069337,13.383086433161195,280.82371997377254,-131.64685006647312,170,169,published_objective_change,30.22419284284115,0.9545373683865493,13.383085984792123,172.0140708890708,169,True,False,True,96
exp3,56,5,0.75,1e-07,,3,32,32,32,GPID/Tilde-PID,Eigen-PID Gamma* start,8.727502606121602,8.75601928279587,15.5023286515487,13.38308601839763,4.627066735601756,4.655583412276034,4.100435870519842,2.119242633151069,13.383086018397625,4.627066735601755,4.655583412276023,4.100435870519847,2.1192426331510745,-5.329070518200751e-15,-8.881784197001252e-16,-1.0658141036401503e-14,5.329070518200751e-15,5.329070518200751e-15,13.383086018397641,1.0658141036401503e-14,0.945180787498228,0.05481921250177197,32,6.293002593615767e-15,1.434058526649766e-15,1.4316802899606297e-15,1.509903313490213e-14,1.7985612998927536e-14,0.09456843177790766,13.38308554406018,13.38308554406018,0.0,13.383086018397625,13.383086018397625,0.0,0.0012591126515903994,74,73,published_objective_change,14.186275032814592,0.945180787498228,13.38308554406018,13.38434465671177,73,True,False,True,96
exp3,56,5,0.75,1e-07,,3,32,32,32,Thin-PID,Original covariance (native start),8.727502606121602,8.75601928279587,15.5023286515487,13.38308601839763,4.627066735601756,4.655583412276034,4.100435870519842,2.119242633151069,13.383086050445147,4.627066767649277,4.655583444323545,4.100435838472325,2.1192426011035526,3.204751664043215e-08,3.204752108132425e-08,3.204751131136163e-08,-3.204751664043215e-08,-3.204751664043215e-08,13.383086018397641,1.0658141036401503e-14,0.945180787498228,0.05481921250177197,32,6.293002593615767e-15,1.434058526649766e-15,1.4316802899606297e-15,1.509903313490213e-14,1.7985612998927536e-14,0.09456843177790766,389.1549740124328,13.383086050445147,375.7718879619876,389.1549740124328,13.383086050445147,375.7718879619876,-348.7876683377685,208,207,published_objective_change,14.636700380127877,0.9545516874416361,13.383086053838868,389.1549740124328,207,True,False,True,114
exp3,56,5,0.75,1e-07,,3,32,32,32,Thin-PID,Eigen-PID Gamma* start,8.727502606121602,8.75601928279587,15.5023286515487,13.38308601839763,4.627066735601756,4.655583412276034,4.100435870519842,2.119242633151069,13.383086018397623,4.627066735601753,4.655583412276021,4.100435870519849,2.1192426331510763,-7.105427357601002e-15,-2.6645352591003757e-15,-1.2434497875801753e-14,7.105427357601002e-15,7.105427357601002e-15,13.383086018397641,1.0658141036401503e-14,0.945180787498228,0.05481921250177197,32,6.293002593615767e-15,1.434058526649766e-15,1.4316802899606297e-15,1.509903313490213e-14,1.7985612998927536e-14,0.09456843177790766,13.383086018397623,13.383086018397623,0.0,13.383086018397623,13.383086018397623,0.0,0.001524465998118174,94,93,published_objective_change,6.336877156980336,0.945180787498228,13.383086018397623,13.384610484395742,93,True,False,True,114
exp3,56,5,0.75,1e-07,,4,32,32,32,GPID/Tilde-PID,Original covariance (native start),9.063549062514944,8.827454792923772,15.771251652146725,13.490697688857416,4.663242895933645,4.427148626342472,4.4003061665813,2.280553963289309,13.490697903188892,4.663243110265119,4.427148840673947,4.400305952249827,2.280553748957834,2.1433147523453044e-07,2.1433147434635202e-07,2.1433147523453044e-07,-2.143314734581736e-07,-2.1433147523453044e-07,13.490697688857415,-1.7763568394002505e-15,0.9465700076482668,0.05342999235173303,32,7.642008591782258e-15,1.6209849761771539e-15,1.6800649215359335e-15,6.461498003318411e-14,3.552713678800501e-14,0.09899925057038948,171.30821418835106,13.490697421788475,157.8175167665626,292.50275484195333,13.490697903188892,279.01205693876443,-131.4621866836211,149,148,published_objective_change,28.623028896050528,0.9479216563336892,13.490697442327305,171.30821418835106,148,True,False,True,72
exp3,56,5,0.75,1e-07,,4,32,32,32,GPID/Tilde-PID,Eigen-PID Gamma* start,9.063549062514944,8.827454792923772,15.771251652146725,13.490697688857416,4.663242895933645,4.427148626342472,4.4003061665813,2.280553963289309,13.49069768885742,4.663242895933648,4.4271486263424755,4.400306166581299,2.2805539632893055,3.552713678800501e-15,2.6645352591003757e-15,3.552713678800501e-15,-1.7763568394002505e-15,-3.552713678800501e-15,13.490697688857415,-1.7763568394002505e-15,0.9465700076482668,0.05342999235173303,32,7.642008591782258e-15,1.6209849761771539e-15,1.6800649215359335e-15,6.461498003318411e-14,3.552713678800501e-14,0.09899925057038948,13.490697207462322,13.490697207462322,0.0,13.49069768885742,13.49069768885742,0.0,0.0017473592000758487,77,76,published_objective_change,15.355213914997876,0.9465700076482668,13.490697207462322,13.492444566662398,76,True,False,True,72
exp3,56,5,0.75,1e-07,,4,32,32,32,Thin-PID,Original covariance (native start),9.063549062514944,8.827454792923772,15.771251652146725,13.490697688857416,4.663242895933645,4.427148626342472,4.4003061665813,2.280553963289309,13.49069770835533,4.663242915431558,4.427148645840386,4.400306147083388,2.2805539437913946,1.949791439415094e-08,1.949791350597252e-08,1.949791439415094e-08,-1.94979126177941e-08,-1.949791439415094e-08,13.490697688857415,-1.7763568394002505e-15,0.9465700076482668,0.05342999235173303,32,7.642008591782258e-15,1.6209849761771539e-15,1.6800649215359335e-15,6.461498003318411e-14,3.552713678800501e-14,0.09899925057038948,385.76372366684825,13.49069770835533,372.2730259584929,385.76372366684825,13.49069770835533,372.2730259584929,-345.9176116064027,177,176,published_objective_change,14.360774984117597,0.9479398903038208,13.49069771012934,385.76372366684825,176,True,False,True,80
exp3,56,5,0.75,1e-07,,4,32,32,32,Thin-PID,Eigen-PID Gamma* start,9.063549062514944,8.827454792923772,15.771251652146725,13.490697688857416,4.663242895933645,4.427148626342472,4.4003061665813,2.280553963289309,13.490697688857422,4.663242895933649,4.427148626342477,4.400306166581297,2.2805539632893037,5.329070518200751e-15,4.440892098500626e-15,5.329070518200751e-15,-3.552713678800501e-15,-5.329070518200751e-15,13.490697688857415,-1.7763568394002505e-15,0.9465700076482668,0.05342999235173303,32,7.642008591782258e-15,1.6209849761771539e-15,1.6800649215359335e-15,6.461498003318411e-14,3.552713678800501e-14,0.09899925057038948,13.490697688857422,13.490697688857422,0.0,13.490697688857422,13.490697688857422,0.0,0.0015199375354733036,97,96,published_objective_change,6.7396276709623635,0.9465700076482668,13.490697688857422,13.492217626392895,96,True,False,True,80
exp3,56,5,0.75,1e-07,,0,64,64,64,GPID/Tilde-PID,Original covariance (native start),18.408720215211876,17.687530363752884,31.844628006204466,27.23273272917783,9.545202365424938,8.824012513965961,8.86351784978693,4.611895277026637,27.23273348060588,9.545203116852996,8.824013265394004,8.863517098358876,4.611894525598586,7.514280504494764e-07,7.514280575549037e-07,7.51428043344049e-07,-7.5142805400219e-07,-7.514280504494764e-07,27.23273272917782,-1.0658141036401503e-14,0.9807301609649772,0.01926983903502307,64,7.799336813016513e-15,1.7161768216985015e-15,1.6852198404566509e-15,6.328271240363392e-14,1.1546319456101628e-13,0.09783085592650664,344.8566533282132,27.23273249420855,317.62392083400465,589.1270582798483,27.23273348060588,561.8943247992423,-270.17173857390344,238,237,published_objective_change,567.2199613100383,0.9835992815958786,27.232732519833764,344.8566533282132,237,True,False,True,114
exp3,56,5,0.75,1e-07,,0,64,64,64,GPID/Tilde-PID,Eigen-PID Gamma* start,18.408720215211876,17.687530363752884,31.844628006204466,27.23273272917783,9.545202365424938,8.824012513965961,8.86351784978693,4.611895277026637,27.232732729177823,9.545202365424938,8.824012513965947,8.863517849786934,4.611895277026644,-7.105427357601002e-15,0.0,-1.4210854715202004e-14,3.552713678800501e-15,7.105427357601002e-15,27.23273272917782,-1.0658141036401503e-14,0.9807301609649772,0.01926983903502307,64,7.799336813016513e-15,1.7161768216985015e-15,1.6852198404566509e-15,6.328271240363392e-14,1.1546319456101628e-13,0.09783085592650664,27.232731742782015,27.232731742782015,0.0,27.232732729177823,27.232732729177823,0.0,0.030299988910314823,124,123,published_objective_change,288.2459155381657,0.9807301609649772,27.232731742782015,27.26303173169233,123,True,False,True,114
exp3,56,5,0.75,1e-07,,0,64,64,64,Thin-PID,Original covariance (native start),18.408720215211876,17.687530363752884,31.844628006204466,27.23273272917783,9.545202365424938,8.824012513965961,8.86351784978693,4.611895277026637,27.23273281112741,9.545202447374525,8.824012595915534,8.863517767837347,4.611895195077057,8.194957956675353e-08,8.194958667218089e-08,8.194957246132617e-08,-8.19495831194672e-08,-8.194957956675353e-08,27.23273272917782,-1.0658141036401503e-14,0.9807301609649772,0.01926983903502307,64,7.799336813016513e-15,1.7161768216985015e-15,1.6852198404566509e-15,6.328271240363392e-14,1.1546319456101628e-13,0.09783085592650664,772.5568347891806,27.23273281112741,745.3241019780531,772.5568347891806,27.23273281112741,745.3241019780531,-697.8718025017207,294,293,published_objective_change,233.1262619481422,0.9835608829213351,27.232732814713927,772.5568347891806,293,True,False,True,116
exp3,56,5,0.75,1e-07,,0,64,64,64,Thin-PID,Eigen-PID Gamma* start,18.408720215211876,17.687530363752884,31.844628006204466,27.23273272917783,9.545202365424938,8.824012513965961,8.86351784978693,4.611895277026637,27.23273272917782,9.545202365424934,8.824012513965943,8.863517849786938,4.6118952770266475,-1.0658141036401503e-14,-3.552713678800501e-15,-1.7763568394002505e-14,7.105427357601002e-15,1.0658141036401503e-14,27.23273272917782,-1.0658141036401503e-14,0.9807301609649772,0.01926983903502307,64,7.799336813016513e-15,1.7161768216985015e-15,1.6852198404566509e-15,6.328271240363392e-14,1.1546319456101628e-13,0.09783085592650664,27.23273272917782,27.23273272917782,0.0,27.23273272917782,27.23273272917782,0.0,18.908790711297584,178,177,published_objective_change,153.4668202509638,0.9807301609649772,27.23273272917782,46.1415234404754,177,True,False,True,116
exp3,56,5,0.75,1e-07,,1,64,64,64,GPID/Tilde-PID,Original covariance (native start),18.104871496789624,17.337488028910137,31.405224347694876,27.022805185296697,9.685317156386564,8.917933688507073,8.419554340403062,4.382419162398179,27.022806030824412,9.685318001914275,8.917934534034789,8.419553494875345,4.382418316870464,8.455277153984753e-07,8.455277118457616e-07,8.455277153984753e-07,-8.455277171748321e-07,-8.455277153984753e-07,27.02280518529665,-4.618527782440651e-14,0.982693140981209,0.01730685901879106,64,1.1168236941160317e-14,2.1367873421831495e-15,2.1985686334096387e-15,9.126033262418787e-14,8.348877145181177e-14,0.09461537377568348,350.2791791050425,27.022805044018416,323.2563740610241,601.5139478741816,27.022806030824412,574.4911418433571,-275.1323806424181,246,245,published_objective_change,638.9239922149573,0.9835729526102068,27.022805071330165,350.2791791050425,245,True,False,True,113
exp3,56,5,0.75,1e-07,,1,64,64,64,GPID/Tilde-PID,Eigen-PID Gamma* start,18.104871496789624,17.337488028910137,31.405224347694876,27.022805185296697,9.685317156386564,8.917933688507073,8.419554340403062,4.382419162398179,27.0228051852967,9.685317156386564,8.917933688507077,8.419554340403057,4.382419162398175,3.552713678800501e-15,0.0,3.552713678800501e-15,-5.329070518200751e-15,-3.552713678800501e-15,27.02280518529665,-4.618527782440651e-14,0.982693140981209,0.01730685901879106,64,1.1168236941160317e-14,2.1367873421831495e-15,2.1985686334096387e-15,9.126033262418787e-14,8.348877145181177e-14,0.09461537377568348,27.022804198491272,27.022804198491272,0.0,27.0228051852967,27.0228051852967,0.0,5.986569530730371,133,132,published_objective_change,334.66188331111334,0.982693140981209,27.022804198491272,33.00937372922164,132,True,False,True,113
exp3,56,5,0.75,1e-07,,1,64,64,64,Thin-PID,Original covariance (native start),18.104871496789624,17.337488028910137,31.405224347694876,27.022805185296697,9.685317156386564,8.917933688507073,8.419554340403062,4.382419162398179,27.02280528770737,9.685317258797234,8.917933790917747,8.419554237992386,4.382419059987505,1.0241067371907775e-07,1.0241067016636407e-07,1.0241067371907775e-07,-1.0241067549543459e-07,-1.0241067371907775e-07,27.02280518529665,-4.618527782440651e-14,0.982693140981209,0.01730685901879106,64,1.1168236941160317e-14,2.1367873421831495e-15,2.1985686334096387e-15,9.126033262418787e-14,8.348877145181177e-14,0.09461537377568348,785.9354690273148,27.02280528770737,758.9126637396074,785.9354690273148,27.02280528770737,758.9126637396074,-710.7885535943302,304,303,published_objective_change,245.70206353999674,0.9837100011655828,27.022805290754132,785.9354690273148,303,True,False,True,125
exp3,56,5,0.75,1e-07,,1,64,64,64,Thin-PID,Eigen-PID Gamma* start,18.104871496789624,17.337488028910137,31.405224347694876,27.022805185296697,9.685317156386564,8.917933688507073,8.419554340403062,4.382419162398179,27.02280518529671,9.685317156386574,8.917933688507087,8.419554340403046,4.382419162398165,1.4210854715202004e-14,1.0658141036401503e-14,1.4210854715202004e-14,-1.5987211554602254e-14,-1.4210854715202004e-14,27.02280518529665,-4.618527782440651e-14,0.982693140981209,0.01730685901879106,64,1.1168236941160317e-14,2.1367873421831495e-15,2.1985686334096387e-15,9.126033262418787e-14,8.348877145181177e-14,0.09461537377568348,27.02280518529671,27.02280518529671,0.0,27.02280518529671,27.02280518529671,0.0,21.83500169563486,179,178,published_objective_change,143.22491188999265,0.982693140981209,27.02280518529671,48.85780688093157,178,True,False,True,125
exp3,56,5,0.75,1e-07,,2,64,64,64,GPID/Tilde-PID,Original covariance (native start),17.9125395341559,17.99084597605618,31.678534815380708,26.92401152601609,8.933165549959917,9.011471991860185,8.979373984195988,4.7545232893646165,26.924012542736914,8.933166566680736,9.011473008581014,8.979372967475161,4.7545222726437935,1.0167208230882352e-06,1.0167208195355215e-06,1.0167208284173057e-06,-1.0167208266409489e-06,-1.0167208230882352e-06,26.9240115260161,7.105427357601002e-15,0.9836243974369923,0.016375602563007727,64,6.3107612199233336e-15,1.786509090665015e-15,1.69793142090958e-15,1.474376176702208e-13,6.750155989720952e-14,0.10483955109334184,345.3032206717408,26.92401156778902,318.3792091039518,595.0205080265201,26.924012542736914,568.0964954837832,-272.950967001839,278,277,published_objective_change,642.1129830558784,0.9868969653560855,26.924011590372825,345.3032206717408,277,True,False,True,147
exp3,56,5,0.75,1e-07,,2,64,64,64,GPID/Tilde-PID,Eigen-PID Gamma* start,17.9125395341559,17.99084597605618,31.678534815380708,26.92401152601609,8.933165549959917,9.011471991860185,8.979373984195988,4.7545232893646165,26.924011526016088,8.93316554995991,9.011471991860187,8.979373984195988,4.75452328936462,-3.552713678800501e-15,-7.105427357601002e-15,1.7763568394002505e-15,0.0,3.552713678800501e-15,26.9240115260161,7.105427357601002e-15,0.9836243974369923,0.016375602563007727,64,6.3107612199233336e-15,1.786509090665015e-15,1.69793142090958e-15,1.474376176702208e-13,6.750155989720952e-14,0.10483955109334184,26.9240105510659,26.9240105510659,0.0,26.924011526016088,26.924011526016088,0.0,5.682250816808402,131,130,published_objective_change,322.98390547395684,0.9836243974369923,26.9240105510659,32.6062613678743,130,True,False,True,147
exp3,56,5,0.75,1e-07,,2,64,64,64,Thin-PID,Original covariance (native start),17.9125395341559,17.99084597605618,31.678534815380708,26.92401152601609,8.933165549959917,9.011471991860185,8.979373984195988,4.7545232893646165,26.92401162912983,8.933165653073651,9.011472094973929,8.979373881082246,4.7545231862508786,1.0311373799254397e-07,1.031137344398303e-07,1.0311374332161449e-07,-1.0311374154525765e-07,-1.0311373799254397e-07,26.9240115260161,7.105427357601002e-15,0.9836243974369923,0.016375602563007727,64,6.3107612199233336e-15,1.786509090665015e-15,1.69793142090958e-15,1.474376176702208e-13,6.750155989720952e-14,0.10483955109334184,781.970963395309,26.92401162912983,755.0469517661792,781.970963395309,26.92401162912983,755.0469517661792,-709.6185955991417,346,345,published_objective_change,265.02214168803766,0.986878233164431,26.92401163220946,781.970963395309,345,True,False,True,159
exp3,56,5,0.75,1e-07,,2,64,64,64,Thin-PID,Eigen-PID Gamma* start,17.9125395341559,17.99084597605618,31.678534815380708,26.92401152601609,8.933165549959917,9.011471991860185,8.979373984195988,4.7545232893646165,26.92401152601609,8.933165549959913,9.01147199186019,8.979373984195984,4.7545232893646165,0.0,-3.552713678800501e-15,5.329070518200751e-15,-3.552713678800501e-15,0.0,26.9240115260161,7.105427357601002e-15,0.9836243974369923,0.016375602563007727,64,6.3107612199233336e-15,1.786509090665015e-15,1.69793142090958e-15,1.474376176702208e-13,6.750155989720952e-14,0.10483955109334184,26.92401152601609,26.92401152601609,0.0,26.92401152601609,26.92401152601609,0.0,20.68695031149709,187,186,published_objective_change,155.63581911404617,0.9836243974369923,26.92401152601609,47.61096183751318,186,True,False,True,159
exp3,56,5,0.75,1e-07,,3,64,64,64,GPID/Tilde-PID,Original covariance (native start),17.940311212996974,17.300364468087505,31.273358358218776,26.744166279769054,9.443801811681547,8.803855066772078,8.496509401315427,4.5291920784497215,26.744259728689833,9.443895260602329,8.80394851569286,8.49641595239465,4.529098629528942,9.344892077933764e-05,9.3448920781114e-05,9.3448920781114e-05,-9.344892077756128e-05,-9.344892077933764e-05,26.74416627976905,-3.552713678800501e-15,0.9987516693187642,0.0012483306812354502,64,9.345741656440884e-15,1.688913132658961e-15,1.6684169759905623e-15,7.66053886991358e-14,7.949196856316121e-14,0.09696104441459047,336.2727593566453,26.744258753868117,309.52850060277717,579.1585201947441,26.744259728689833,552.4142604660543,-263.35551105736465,1486,1485,published_objective_change,3197.2819292848,0.999829506509723,26.744258806724204,336.2727593566453,1485,True,False,True,1053
exp3,56,5,0.75,1e-07,,3,64,64,64,GPID/Tilde-PID,Eigen-PID Gamma* start,17.940311212996974,17.300364468087505,31.273358358218776,26.744166279769054,9.443801811681547,8.803855066772078,8.496509401315427,4.5291920784497215,26.744166279769054,9.44380181168155,8.80385506677208,8.496509401315429,4.5291920784497215,0.0,1.7763568394002505e-15,1.7763568394002505e-15,1.7763568394002505e-15,0.0,26.74416627976905,-3.552713678800501e-15,0.9987516693187642,0.0012483306812354502,64,9.345741656440884e-15,1.688913132658961e-15,1.6684169759905623e-15,7.66053886991358e-14,7.949196856316121e-14,0.09696104441459047,26.744165304799342,26.744165304799342,0.0,26.744166279769054,26.744166279769054,0.0,5.9482757772766455,433,432,published_objective_change,912.9108860699926,0.9987516693187642,26.744165304799342,32.69244108207599,432,True,False,True,1053
exp3,56,5,0.75,1e-07,,3,64,64,64,Thin-PID,Original covariance (native start),17.940311212996974,17.300364468087505,31.273358358218776,26.744166279769054,9.443801811681547,8.803855066772078,8.496509401315427,4.5291920784497215,26.74419800932088,9.443833541233374,8.803886796323905,8.496477671763603,4.529160348897896,3.172955182506598e-05,3.172955182684234e-05,3.172955182684234e-05,-3.1729551823289626e-05,-3.172955182506598e-05,26.74416627976905,-3.552713678800501e-15,0.9987516693187642,0.0012483306812354502,64,9.345741656440884e-15,1.688913132658961e-15,1.6684169759905623e-15,7.66053886991358e-14,7.949196856316121e-14,0.09696104441459047,763.1734473590509,26.74419800932088,736.4292493497301,763.1734473590509,26.74419800932088,736.4292493497301,-690.2560874847683,4528,4527,published_objective_change,3337.561244887067,0.9999459217724999,26.744198013894383,763.1734473590509,4527,True,False,True,3418
exp3,56,5,0.75,1e-07,,3,64,64,64,Thin-PID,Eigen-PID Gamma* start,17.940311212996974,17.300364468087505,31.273358358218776,26.744166279769054,9.443801811681547,8.803855066772078,8.496509401315427,4.5291920784497215,26.744166279769086,9.443801811681581,8.803855066772112,8.496509401315397,4.5291920784496895,3.197442310920451e-14,3.375077994860476e-14,3.375077994860476e-14,-3.019806626980426e-14,-3.197442310920451e-14,26.74416627976905,-3.552713678800501e-15,0.9987516693187642,0.0012483306812354502,64,9.345741656440884e-15,1.688913132658961e-15,1.6684169759905623e-15,7.66053886991358e-14,7.949196856316121e-14,0.09696104441459047,26.744166279769086,26.744166279769086,0.0,26.744166279769086,26.744166279769086,0.0,20.942482428678293,1110,1109,published_objective_change,847.4992185910232,0.9987516693187642,26.744166279769086,47.68664870844738,1109,True,False,True,3418
exp3,56,5,0.75,1e-07,,4,64,64,64,GPID/Tilde-PID,Original covariance (native start),17.80148142373096,18.00751325129909,31.702049965342358,27.08877815528127,9.081264903982179,9.28729673155031,8.720216519748782,4.613271810061089,27.088780736314117,9.081267485015026,9.287299312583158,8.720213938715933,4.613269229028241,2.581032848780751e-06,2.581032847004394e-06,2.581032848780751e-06,-2.581032848780751e-06,-2.581032848780751e-06,27.088778155281265,-3.552713678800501e-15,0.9929398329286259,0.007060167071373686,64,4.163964919820358e-15,1.639255346385092e-15,1.6543558756192823e-15,4.1300296516055823e-14,4.729550084903167e-14,0.12479601536016369,342.0887976838904,27.088779774989803,315.0000179089006,585.6488586283413,27.088780736314117,558.5600778920272,-269.24152021805463,415,414,published_objective_change,832.8638730819803,0.995163814498163,27.088779816743397,342.0887976838904,414,True,False,True,212
exp3,56,5,0.75,1e-07,,4,64,64,64,GPID/Tilde-PID,Eigen-PID Gamma* start,17.80148142373096,18.00751325129909,31.702049965342358,27.08877815528127,9.081264903982179,9.28729673155031,8.720216519748782,4.613271810061089,27.088778155281258,9.081264903982166,9.287296731550299,8.720216519748792,4.6132718100611,-1.0658141036401503e-14,-1.2434497875801753e-14,-1.0658141036401503e-14,1.0658141036401503e-14,1.0658141036401503e-14,27.088778155281265,-3.552713678800501e-15,0.9929398329286259,0.007060167071373686,64,4.163964919820358e-15,1.639255346385092e-15,1.6543558756192823e-15,4.1300296516055823e-14,4.729550084903167e-14,0.12479601536016369,27.088777193948808,27.088777193948808,0.0,27.088778155281258,27.088778155281258,0.0,6.167780929165787,203,202,published_objective_change,408.6669150029775,0.9929398329286259,27.088777193948808,33.256558123114594,202,True,False,True,212
exp3,56,5,0.75,1e-07,,4,64,64,64,Thin-PID,Original covariance (native start),17.80148142373096,18.00751325129909,31.702049965342358,27.08877815528127,9.081264903982179,9.28729673155031,8.720216519748782,4.613271810061089,27.08877842110098,9.081265169801888,9.28729699737002,8.72021625392907,4.613271544241378,2.658197111315985e-07,2.658197093552417e-07,2.658197111315985e-07,-2.658197111315985e-07,-2.658197111315985e-07,27.088778155281265,-3.552713678800501e-15,0.9929398329286259,0.007060167071373686,64,4.163964919820358e-15,1.639255346385092e-15,1.6543558756192823e-15,4.1300296516055823e-14,4.729550084903167e-14,0.12479601536016369,765.6921363298006,27.08877842110098,738.6033579086996,765.6921363298006,27.08877842110098,738.6033579086996,-692.8447452773324,552,551,published_objective_change,397.25456580496393,0.9951657724347416,27.08877842508194,765.6921363298006,551,True,False,True,261
exp3,56,5,0.75,1e-07,,4,64,64,64,Thin-PID,Eigen-PID Gamma* start,17.80148142373096,18.00751325129909,31.702049965342358,27.08877815528127,9.081264903982179,9.28729673155031,8.720216519748782,4.613271810061089,27.088778155281258,9.081264903982166,9.287296731550299,8.720216519748792,4.6132718100611,-1.0658141036401503e-14,-1.2434497875801753e-14,-1.0658141036401503e-14,1.0658141036401503e-14,1.0658141036401503e-14,27.088778155281265,-3.552713678800501e-15,0.9929398329286259,0.007060167071373686,64,4.163964919820358e-15,1.639255346385092e-15,1.6543558756192823e-15,4.1300296516055823e-14,4.729550084903167e-14,0.12479601536016369,27.088778155281258,27.088778155281258,0.0,27.088778155281258,27.088778155281258,0.0,18.67671459722121,291,290,published_objective_change,232.67748747812584,0.9929398329286259,27.088778155281258,45.76549275250247,290,True,False,True,261
