model_1,model_2,layer_1,layer_2,subj_id,n_samples,n_components_source_1,n_components_source_2,n_components_target,pid_method,rng_seed,bias_correction,red,unq1,unq2,syn,bi_mi_1,bi_mi_2,tri_mi
nf_resnet50_classification,hardcorenas_f_classification,141,294,subj01,10000,100,100,100,tilde,56,True,9.296605175523444,0.8301590332355531,1.0007051476829805,1.0559956314170709,10.126764208758999,10.297310323206426,12.18346498785905
nf_resnet50_classification,eca_nfnet_l0_classification,141,134,subj01,10000,100,100,100,tilde,56,True,9.957155225970562,0.16960898863333362,1.6637710602057911,0.9479084371309465,10.126764214603895,11.620926286176353,12.738443711940633
nf_resnet50_classification,resnet50_classification,141,156,subj01,10000,100,100,100,tilde,56,True,9.57133761337461,0.5554266012292839,0.5916208444999427,0.9680096551341357,10.126764214603895,10.162958457874554,11.686394714237974
nf_resnet50_classification,semnasnet_100_classification,141,270,subj01,10000,100,100,100,tilde,56,True,9.565433196430261,0.5613310181736324,0.6923554685077509,1.0122324811023073,10.126764214603895,10.257788664938014,11.831352164213953
nf_resnet50_classification,cspresnet50_classification,141,320,subj01,10000,100,100,100,tilde,56,True,9.915461422920362,0.21130279168353105,0.901006698176392,0.9204258318682896,10.126764214603895,10.816468121096756,11.948196744648577
nf_resnet50_classification,mobilenetv3_large_100_classification,141,252,subj01,10000,100,100,100,tilde,56,True,9.85849056407625,0.2682736505276466,1.2523612632112258,0.9971724725086641,10.126764214603895,11.110851827287474,12.376297950323785
nf_resnet50_classification,ghostnet_100_classification,141,290,subj01,10000,100,100,100,tilde,56,True,9.31644360890429,0.8103206056996068,0.6832179229510196,1.0980135943051827,10.126764214603895,9.999661531855308,11.907995731860098
nf_resnet50_classification,convnext_base_classification,141,273,subj01,10000,100,100,100,tilde,56,True,10.021889349520706,0.10487486508318966,1.9823089900203463,1.0144052192283617,10.126764214603895,12.004198339541052,13.123478423852603
nf_resnet50_classification,xcit_nano_12_p8_224_classification,141,266,subj01,10000,100,100,100,tilde,56,True,9.116954339694358,1.0098098749095357,0.6429233517929394,1.0602403257164514,10.126764214603895,9.759877691487299,11.829927892113286
nf_resnet50_classification,xcit_nano_12_p16_224_classification,141,242,subj01,10000,100,100,100,tilde,56,True,8.999805546514537,1.1269586680893564,0.7548347038279317,1.0474698375175677,10.126764214603895,9.75464025034247,11.929068755949395
nf_resnet50_classification,swin_large_patch4_window7_224_classification,141,281,subj01,10000,100,100,100,tilde,56,True,9.584778433440968,0.5419857811629267,1.3883717922209424,1.0912663790993893,10.126764214603895,10.973150225661911,12.606402385924227
nf_resnet50_classification,jx_nest_tiny_classification,141,148,subj01,10000,100,100,100,tilde,56,True,9.724697978705107,0.4020662358987881,1.2323801736155087,1.104664483707106,10.126764214603895,10.957078152320616,12.46380887192651
nf_resnet50_classification,pit_ti_224_classification,141,207,subj01,10000,100,100,100,tilde,56,True,9.333813345172171,0.7929508694317242,1.1322257751418974,1.0547265236440708,10.126764214603895,10.466039120314068,12.313716513389863
nf_resnet50_classification,vit_base_patch32_224_classification,141,218,subj01,10000,100,100,100,tilde,56,True,9.110508908689603,1.0162553059142923,0.5540117749344446,1.2206311072317284,10.126764214603895,9.664520683624048,11.901407096770068
nf_resnet50_classification,vit_base_patch16_224_classification,141,197,subj01,10000,100,100,100,tilde,56,True,9.358999913412287,0.76776430119161,0.787269862653563,1.136371797187607,10.126764214603895,10.146269776065848,12.050405874445065
nf_resnet50_classification,tnt_s_patch16_224_classification,141,198,subj01,10000,100,100,100,tilde,56,True,9.020740571087154,1.1060236435167408,0.6193086983585996,1.051375446006018,10.126764214603895,9.640049269445754,11.797448358968513
nf_resnet50_classification,crossvit_base_240_classification,141,336,subj01,10000,100,100,100,tilde,56,True,9.393548908730295,0.7332153058735997,0.8760975447438888,1.1045399147391066,10.126764214603895,10.269646453474184,12.10740167408689
nf_resnet50_classification,deit_base_patch16_224_classification,141,205,subj01,10000,100,100,100,tilde,56,True,9.423531135514535,0.70323307908936,0.8604936423990193,1.0905452789978565,10.126764214603895,10.284024777913555,12.077803136000771
nf_resnet50_classification,levit_128_classification,141,181,subj01,10000,100,100,100,tilde,56,True,9.523789673594392,0.6029745410095035,1.0516773493637626,1.0927125367857453,10.126764214603895,10.575467022958154,12.271154100753403
nf_resnet50_classification,coat_lite_tiny_classification,141,219,subj01,10000,100,100,100,tilde,56,True,9.581151636301508,0.5456125783023875,1.337765344786943,1.0043592755138686,10.126764214603895,10.91891698108845,12.468888834904707
nf_resnet50_classification,visformer_small_classification,141,163,subj01,10000,100,100,100,tilde,56,True,9.648491841249266,0.47827237335462947,1.3718616698813246,1.0522092430082122,10.126764214603895,11.02035351113059,12.550835127493432
nf_resnet50_classification,convit_base_classification,141,201,subj01,10000,100,100,100,tilde,56,True,9.252600948983593,0.8741632656203002,0.8256922884615303,1.040239826205747,10.126764214603895,10.078293237445125,11.992696329271173
nf_resnet50_classification,ViT-B_32_clip,141,53,subj01,10000,100,100,100,tilde,56,True,9.801557097750099,0.32520711685379844,1.7497583579951979,1.128702847809052,10.126764214603895,11.551315455745295,13.005225420408145
nf_resnet50_classification,RN50_clip,141,179,subj01,10000,100,100,100,tilde,56,True,10.103401790510354,0.02336242409354128,1.9358239896159581,0.9530287756938769,10.126764214603895,12.039225780126312,13.01561697991373
nf_resnet50_classification,RN101_clip,141,366,subj01,10000,100,100,100,tilde,56,True,9.87960099125813,0.24716322334576724,1.675877302748539,1.065624090185107,10.126764214603895,11.555478294006667,12.868265607537541
nf_resnet50_classification,ViT-L_14_clip,141,96,subj01,10000,100,100,100,tilde,56,True,9.811573466508726,0.315190748095171,1.7745867185356943,1.2186942462082264,10.126764214603895,11.586160185044418,13.120045179347816
nf_resnet50_classification,ResNet50-SimCLR_selfsupervised,141,162,subj01,10000,100,100,100,tilde,56,True,9.655770764593079,0.47099345001081616,1.0909784471180117,1.0769886864765752,10.126764214603895,10.74674921171109,12.294731348198482
nf_resnet50_classification,ResNet50-DeepClusterV2-2x224_selfsupervised,141,162,subj01,10000,100,100,100,tilde,56,True,9.61832303383547,0.5084411807684255,0.9515777366905169,1.017043737089935,10.126764214603895,10.569900770525987,12.095385688384347
nf_resnet50_classification,ResNet50-SwAV-BS4096-2x224_selfsupervised,141,165,subj01,10000,100,100,100,tilde,56,True,9.693922530582688,0.4328416840212057,0.8017429712609161,1.0107822349367073,10.126764214603895,10.495665501843606,11.939289420801519
nf_resnet50_classification,ResNet50-PIRL_selfsupervised,141,165,subj01,10000,100,100,100,tilde,56,True,9.229262850623234,0.8975013639806608,0.88363521589927,1.1562614226332801,10.126764214603895,10.112898066522504,12.166660853136445
nf_resnet50_classification,ResNet50-ClusterFit-16K-RotNet_selfsupervised,141,160,subj01,10000,100,100,100,tilde,56,True,8.534654700081488,1.5921095145224093,0.6468990271445083,1.1400934020239806,10.126764214603895,9.181553727225994,11.913756643772384
nf_resnet50_classification,ResNet50-MoCoV2-BS256_selfsupervised,141,155,subj01,10000,100,100,100,tilde,56,True,9.260894044924775,0.8658701696791198,1.0647580284227054,1.0333486482645888,10.126764214603895,10.32565207334748,12.22487089129119
hardcorenas_f_classification,eca_nfnet_l0_classification,294,134,subj01,10000,100,100,100,tilde,56,True,10.192561122549916,0.10474919676214078,1.4283651635513088,0.9798456839157712,10.297310319312059,11.620926286101227,12.705521166779139
hardcorenas_f_classification,resnet50_classification,294,156,subj01,10000,100,100,100,tilde,56,True,9.475654882867707,0.8216554364443542,0.6873035725689753,1.0711826688406223,10.297310319312059,10.16295845543668,12.055796560721657
hardcorenas_f_classification,semnasnet_100_classification,294,270,subj01,10000,100,100,100,tilde,56,True,9.586909104094724,0.7104012152173365,0.6708795593556829,1.0035829171366242,10.297310319312059,10.257788663450405,11.971772795804366
hardcorenas_f_classification,cspresnet50_classification,294,320,subj01,10000,100,100,100,tilde,56,True,9.711722238184658,0.5855880811274012,1.1047458882262653,1.0285626779934294,10.297310319312059,10.816468126410923,12.430618885531754
hardcorenas_f_classification,mobilenetv3_large_100_classification,294,252,subj01,10000,100,100,100,tilde,56,True,10.198044394402713,0.09926592490934816,0.9128074292540127,0.9150303197917271,10.297310319312059,11.110851823656724,12.125148068357799
hardcorenas_f_classification,ghostnet_100_classification,294,290,subj01,10000,100,100,100,tilde,56,True,9.591873638158903,0.7054366811531558,0.40778789155051953,0.988716673876775,10.297310319312059,9.999661529709423,11.693814884739353
hardcorenas_f_classification,convnext_base_classification,294,273,subj01,10000,100,100,100,tilde,56,True,10.15021713565018,0.14709318366187674,1.8539812011107788,1.0359549598748572,10.297310319312059,12.004198336760961,13.187246480297695
hardcorenas_f_classification,xcit_nano_12_p8_224_classification,294,266,subj01,10000,100,100,100,tilde,56,True,9.09861919425582,1.1986911250562393,0.6612585017453547,1.1513091778792255,10.297310319312059,9.759877696001174,12.10987799893664
hardcorenas_f_classification,xcit_nano_12_p16_224_classification,294,242,subj01,10000,100,100,100,tilde,56,True,9.184934484325495,1.1123758349865653,0.5697057608427247,1.1826048313453654,10.297310319312059,9.754640245168218,12.04962091150015
hardcorenas_f_classification,swin_large_patch4_window7_224_classification,294,281,subj01,10000,100,100,100,tilde,56,True,9.643256562587569,0.6540537567244904,1.3298936640757084,1.1865118215592982,10.297310319312059,10.973150226663277,12.813715804947066
hardcorenas_f_classification,jx_nest_tiny_classification,294,148,subj01,10000,100,100,100,tilde,56,True,9.778098458129087,0.5192118611829706,1.178979686259071,1.0812128738036044,10.297310319312059,10.95707814438816,12.557502879374734
hardcorenas_f_classification,pit_ti_224_classification,294,207,subj01,10000,100,100,100,tilde,56,True,9.627321814491728,0.6699885048203313,0.8387173067642415,1.0563467725184612,10.297310319312059,10.46603912125597,12.192374398594762
hardcorenas_f_classification,vit_base_patch32_224_classification,294,218,subj01,10000,100,100,100,tilde,56,True,9.148843677914765,1.1484666413972935,0.515677005240585,1.1697282216125942,10.297310319312059,9.66452068315535,11.982715546165238
hardcorenas_f_classification,vit_base_patch16_224_classification,294,197,subj01,10000,100,100,100,tilde,56,True,9.461836127137735,0.8354741921743241,0.6844336505841682,1.1224239962878624,10.297310319312059,10.146269777721903,12.10416796618409
hardcorenas_f_classification,tnt_s_patch16_224_classification,294,198,subj01,10000,100,100,100,tilde,56,True,9.147690116110764,1.1496202032012945,0.49235915745525816,1.157332120398257,10.297310319312059,9.640049273566023,11.947001597165574
hardcorenas_f_classification,crossvit_base_240_classification,294,336,subj01,10000,100,100,100,tilde,56,True,9.42313997166686,0.8741703476451992,0.8465064715556547,1.1250436678692388,10.297310319312059,10.269646443222515,12.268860458736953
hardcorenas_f_classification,deit_base_patch16_224_classification,294,205,subj01,10000,100,100,100,tilde,56,True,9.399694030395828,0.8976162889162289,0.8843307453629112,1.1204032766049572,10.297310319312059,10.284024775758741,12.302044341279927
hardcorenas_f_classification,levit_128_classification,294,181,subj01,10000,100,100,100,tilde,56,True,9.400676265678767,0.8966340536332904,1.1747907572793856,1.0140819823351368,10.297310319312059,10.575467022958154,12.486183058926581
hardcorenas_f_classification,coat_lite_tiny_classification,294,219,subj01,10000,100,100,100,tilde,56,True,9.869122787784766,0.4281875315272945,1.049794189060119,1.0096817019784634,10.297310319312059,10.918916976844883,12.356786210350641
hardcorenas_f_classification,visformer_small_classification,294,163,subj01,10000,100,100,100,tilde,56,True,9.83101052727992,0.4662997920321388,1.1893429821379833,1.0997524140277353,10.297310319312059,11.020353509417903,12.586405715477778
hardcorenas_f_classification,convit_base_classification,294,201,subj01,10000,100,100,100,tilde,56,True,9.341812371739898,0.9554979475721623,0.7364808655590611,1.1204594690672423,10.297310319312059,10.078293237298958,12.154250653938362
hardcorenas_f_classification,ViT-B_32_clip,294,53,subj01,10000,100,100,100,tilde,56,True,10.03171861523533,0.2655917040767264,1.5195968422685748,1.1305776766424493,10.297310319312059,11.551315457503907,12.947484838223083
hardcorenas_f_classification,RN50_clip,294,179,subj01,10000,100,100,100,tilde,56,True,10.074411512112656,0.2228988071994049,1.9648142745447217,1.0971478396084233,10.297310319312059,12.039225786657376,13.359272433465204
hardcorenas_f_classification,RN101_clip,294,366,subj01,10000,100,100,100,tilde,56,True,9.72617530871349,0.5711350105985673,1.8293029851959854,1.202093922777923,10.297310319312059,11.555478293909477,13.328707227285967
hardcorenas_f_classification,ViT-L_14_clip,294,96,subj01,10000,100,100,100,tilde,56,True,9.984438503385348,0.31287181592671054,1.6017216721064305,1.2309768484282237,10.297310319312059,11.586160175491779,13.130008839846713
hardcorenas_f_classification,ResNet50-SimCLR_selfsupervised,294,162,subj01,10000,100,100,100,tilde,56,True,9.547425159450883,0.749885159861174,1.1993240411235533,1.081927089051872,10.297310319312059,10.746749200574438,12.578561449487484
hardcorenas_f_classification,ResNet50-DeepClusterV2-2x224_selfsupervised,294,162,subj01,10000,100,100,100,tilde,56,True,9.682355264315628,0.6149550549964324,0.8875455060560267,1.0532516004496095,10.297310319312059,10.569900770371653,12.238107425817695
hardcorenas_f_classification,ResNet50-SwAV-BS4096-2x224_selfsupervised,294,165,subj01,10000,100,100,100,tilde,56,True,9.426410908462666,0.870899410849395,1.0692545878180724,1.0402611503648505,10.297310319312059,10.495665496280736,12.406826057494982
hardcorenas_f_classification,ResNet50-PIRL_selfsupervised,294,165,subj01,10000,100,100,100,tilde,56,True,9.218659937090862,1.0786503822211984,0.8942381627109288,1.1805486286726286,10.297310319312059,10.11289809980179,12.372097110695616
hardcorenas_f_classification,ResNet50-ClusterFit-16K-RotNet_selfsupervised,294,160,subj01,10000,100,100,100,tilde,56,True,8.581624850458452,1.7156854688536072,0.5999288772655582,1.129601881063623,10.297310319312059,9.18155372772401,12.02684107764124
hardcorenas_f_classification,ResNet50-MoCoV2-BS256_selfsupervised,294,155,subj01,10000,100,100,100,tilde,56,True,9.506843840219746,0.790466479092311,0.818808229693893,1.101442607845117,10.297310319312059,10.325652069913641,12.217561156851069
eca_nfnet_l0_classification,resnet50_classification,134,156,subj01,10000,100,100,100,tilde,56,True,10.0348368081967,1.5860894779045278,0.12812164723998087,0.964903124176713,11.620926286101227,10.16295845543668,12.71395105751792
eca_nfnet_l0_classification,semnasnet_100_classification,134,270,subj01,10000,100,100,100,tilde,56,True,10.08566037547518,1.5352659106260464,0.17212828797522484,0.9679339393690629,11.620926286101227,10.257788663450405,12.760988513445515
eca_nfnet_l0_classification,cspresnet50_classification,134,320,subj01,10000,100,100,100,tilde,56,True,10.296474498090111,1.324451788011114,0.51999362832081,0.9853494298052521,11.620926286101227,10.816468126410923,13.126269344227289
eca_nfnet_l0_classification,mobilenetv3_large_100_classification,134,252,subj01,10000,100,100,100,tilde,56,True,10.81980384880031,0.8011224373009167,0.2910479748564132,0.9632681226261415,11.620926286101227,11.110851823656724,12.875242383583782
eca_nfnet_l0_classification,ghostnet_100_classification,134,290,subj01,10000,100,100,100,tilde,56,True,9.949913800423282,1.671012485677947,0.04974772928614257,0.9498265041066922,11.620926286101227,9.999661529709423,12.620500519494062
eca_nfnet_l0_classification,convnext_base_classification,134,273,subj01,10000,100,100,100,tilde,56,True,11.009469181441052,0.6114571046601753,0.9947291553199094,1.0418824318940914,11.620926286101227,12.004198336760961,13.657537873315228
eca_nfnet_l0_classification,xcit_nano_12_p8_224_classification,134,266,subj01,10000,100,100,100,tilde,56,True,9.641499429017056,1.979426857084169,0.11837826698411646,1.0659029223733043,11.620926286101227,9.759877696001174,12.805207475458648
eca_nfnet_l0_classification,xcit_nano_12_p16_224_classification,134,242,subj01,10000,100,100,100,tilde,56,True,9.604445736269644,2.0164805498315825,0.1501945088985739,1.0598714240096836,11.620926286101227,9.754640245168218,12.830992219009485
eca_nfnet_l0_classification,swin_large_patch4_window7_224_classification,134,281,subj01,10000,100,100,100,tilde,56,True,10.25086453032749,1.370061755773735,0.7222856963357849,1.1355710796820588,11.620926286101227,10.973150226663277,13.47878306211907
eca_nfnet_l0_classification,jx_nest_tiny_classification,134,148,subj01,10000,100,100,100,tilde,56,True,10.544435258242267,1.0764910278589603,0.4126428861458926,1.0743595079828694,11.620926286101227,10.95707814438816,13.107928680229989
eca_nfnet_l0_classification,pit_ti_224_classification,134,207,subj01,10000,100,100,100,tilde,56,True,10.277297082926061,1.3436292031751673,0.18874203832990943,1.014231886199891,11.620926286101227,10.46603912125597,12.823900210631027
eca_nfnet_l0_classification,vit_base_patch32_224_classification,134,218,subj01,10000,100,100,100,tilde,56,True,9.547573123962295,2.0733531621389307,0.11694755919305422,1.0892614771657705,11.620926286101227,9.66452068315535,12.827135322460052
eca_nfnet_l0_classification,vit_base_patch16_224_classification,134,197,subj01,10000,100,100,100,tilde,56,True,9.96512430546797,1.655801980633255,0.18114547225393096,1.0714379631829765,11.620926286101227,10.146269777721903,12.873509721538134
eca_nfnet_l0_classification,tnt_s_patch16_224_classification,134,198,subj01,10000,100,100,100,tilde,56,True,9.573326122062504,2.047600164038725,0.06672315150352048,1.0241141422153532,11.620926286101227,9.640049273566023,12.7117635798201
eca_nfnet_l0_classification,crossvit_base_240_classification,134,336,subj01,10000,100,100,100,tilde,56,True,10.022529929063646,1.5983963570375828,0.24711651415887026,1.050806399531245,11.620926286101227,10.269646443222515,12.918849199791342
eca_nfnet_l0_classification,deit_base_patch16_224_classification,134,205,subj01,10000,100,100,100,tilde,56,True,9.997504081521319,1.6234222045799083,0.28652069423742255,1.042351574774715,11.620926286101227,10.284024775758741,12.949798555113365
eca_nfnet_l0_classification,levit_128_classification,134,181,subj01,10000,100,100,100,tilde,56,True,10.116919493339449,1.5040067927617784,0.4585475296187056,0.9904525676221319,11.620926286101227,10.575467022958154,13.069926383342064
eca_nfnet_l0_classification,coat_lite_tiny_classification,134,219,subj01,10000,100,100,100,tilde,56,True,10.669521532859761,0.9514047532414658,0.24939544398512226,0.9911006741146942,11.620926286101227,10.918916976844883,12.861422404201043
eca_nfnet_l0_classification,visformer_small_classification,134,163,subj01,10000,100,100,100,tilde,56,True,10.664780326041166,0.9561459600600628,0.35557318337673927,1.0552570182848644,11.620926286101227,11.020353509417903,13.03175648776283
eca_nfnet_l0_classification,convit_base_classification,134,201,subj01,10000,100,100,100,tilde,56,True,9.889161212904085,1.731765073197142,0.18913202439487264,1.011853873929656,11.620926286101227,10.078293237298958,12.821912184425756
eca_nfnet_l0_classification,ViT-B_32_clip,134,53,subj01,10000,100,100,100,tilde,56,True,10.878989126882491,0.741937159218736,0.6723263306214164,1.1655250938283714,11.620926286101227,11.551315457503907,13.458777710551015
eca_nfnet_l0_classification,RN50_clip,134,179,subj01,10000,100,100,100,tilde,56,True,10.878855950439648,0.7420703356615785,1.1603698362177273,1.0619752391290422,11.620926286101227,12.039225786657376,13.843271361447997
eca_nfnet_l0_classification,RN101_clip,134,366,subj01,10000,100,100,100,tilde,56,True,10.400423910847804,1.2205023752534228,1.1550543830616729,1.1260590481656205,11.620926286101227,11.555478293909477,13.90203971732852
eca_nfnet_l0_classification,ViT-L_14_clip,134,96,subj01,10000,100,100,100,tilde,56,True,10.788428007510836,0.8324982785903927,0.7977321679809446,1.2622884283193994,11.620926286101227,11.586160175491779,13.680946882401571
eca_nfnet_l0_classification,ResNet50-SimCLR_selfsupervised,134,162,subj01,10000,100,100,100,tilde,56,True,10.314781959030485,1.3061443270707418,0.43196724154395305,1.096096984088712,11.620926286101227,10.746749200574438,13.148990511733892
eca_nfnet_l0_classification,ResNet50-DeepClusterV2-2x224_selfsupervised,134,162,subj01,10000,100,100,100,tilde,56,True,10.349793710042194,1.271132576059033,0.22010706032945926,1.0374108375665312,11.620926286101227,10.569900770371653,12.878444183997217
eca_nfnet_l0_classification,ResNet50-SwAV-BS4096-2x224_selfsupervised,134,165,subj01,10000,100,100,100,tilde,56,True,10.132069678975189,1.4888566071260385,0.3635958173055478,0.9930500996132388,11.620926286101227,10.495665496280736,12.977572203020014
eca_nfnet_l0_classification,ResNet50-PIRL_selfsupervised,134,165,subj01,10000,100,100,100,tilde,56,True,9.836506165868215,1.7844201202330119,0.2763919339335743,1.1142359031622533,11.620926286101227,10.11289809980179,13.011554123197055
eca_nfnet_l0_classification,ResNet50-ClusterFit-16K-RotNet_selfsupervised,134,160,subj01,10000,100,100,100,tilde,56,True,9.098071506374895,2.522854779726334,0.08348222134911687,1.0444754308158348,11.620926286101227,9.18155372772401,12.748883938266179
eca_nfnet_l0_classification,ResNet50-MoCoV2-BS256_selfsupervised,134,155,subj01,10000,100,100,100,tilde,56,True,10.126686581071766,1.494239705029461,0.19896548884187482,1.0626935313543484,11.620926286101227,10.325652069913641,12.88258530629745
resnet50_classification,semnasnet_100_classification,156,270,subj01,10000,100,100,100,tilde,56,True,9.681546238881621,0.48141221655505895,0.5762424245687843,1.0337373307733078,10.16295845543668,10.257788663450405,11.772938210778772
resnet50_classification,cspresnet50_classification,156,320,subj01,10000,100,100,100,tilde,56,True,9.941927662992711,0.22103079244397073,0.8745404634182137,0.9285342307211337,10.16295845543668,10.816468126410923,11.966033149576027
resnet50_classification,mobilenetv3_large_100_classification,156,252,subj01,10000,100,100,100,tilde,56,True,10.013936356890467,0.1490220985462134,1.0969154667662568,0.9918415098101345,10.16295845543668,11.110851823656724,12.251715432013071
resnet50_classification,ghostnet_100_classification,156,290,subj01,10000,100,100,100,tilde,56,True,9.466980048770685,0.6959784066659935,0.5326814809387361,1.0577848548831685,10.16295845543668,9.999661529709423,11.753424791258585
resnet50_classification,convnext_base_classification,156,273,subj01,10000,100,100,100,tilde,56,True,10.16295845543668,0.0,1.841239881324281,0.97925402332951,10.16295845543668,12.004198336760961,12.983452360090471
resnet50_classification,xcit_nano_12_p8_224_classification,156,266,subj01,10000,100,100,100,tilde,56,True,9.085887938806508,1.0770705166301742,0.6739897571946685,1.1057593953735214,10.16295845543668,9.759877696001174,11.94270760800487
resnet50_classification,xcit_nano_12_p16_224_classification,156,242,subj01,10000,100,100,100,tilde,56,True,9.129598493944128,1.0333599614925522,0.6250417512240904,1.0684811349209848,10.16295845543668,9.754640245168218,11.856481341581755
resnet50_classification,swin_large_patch4_window7_224_classification,156,281,subj01,10000,100,100,100,tilde,56,True,9.507325092957187,0.6556333624794952,1.4658251337060921,1.1896610748617054,10.16295845543668,10.973150226663277,12.818444664004478
resnet50_classification,jx_nest_tiny_classification,156,148,subj01,10000,100,100,100,tilde,56,True,9.823026248736912,0.33993220669976765,1.1340518956512469,1.0759798626197252,10.16295845543668,10.95707814438816,12.372990213707652
resnet50_classification,pit_ti_224_classification,156,207,subj01,10000,100,100,100,tilde,56,True,9.552981135452379,0.6099773199842993,0.9130579858035883,0.9968467444510889,10.16295845543668,10.46603912125597,12.072863185691357
resnet50_classification,vit_base_patch32_224_classification,156,218,subj01,10000,100,100,100,tilde,56,True,9.155459453491106,1.0074990019455754,0.5090612296642458,1.2125011828299588,10.16295845543668,9.66452068315535,11.884520867930885
resnet50_classification,vit_base_patch16_224_classification,156,197,subj01,10000,100,100,100,tilde,56,True,9.417065860646758,0.7458925947899235,0.7292039170751465,1.12350322131687,10.16295845543668,10.146269777721903,12.015665593828697
resnet50_classification,tnt_s_patch16_224_classification,156,198,subj01,10000,100,100,100,tilde,56,True,9.058899527664689,1.1040589277719892,0.5811497459013317,1.116629784776503,10.16295845543668,9.640049273566023,11.860737986114515
resnet50_classification,crossvit_base_240_classification,156,336,subj01,10000,100,100,100,tilde,56,True,9.439657434094926,0.7233010213417526,0.829989009127587,1.111028156052459,10.16295845543668,10.269646443222515,12.103975620616726
resnet50_classification,deit_base_patch16_224_classification,156,205,subj01,10000,100,100,100,tilde,56,True,9.471187799488122,0.6917706559485577,0.8128369762706189,1.0846001083203323,10.16295845543668,10.284024775758741,12.060395540027631
resnet50_classification,levit_128_classification,156,181,subj01,10000,100,100,100,tilde,56,True,9.621852748119439,0.5411057073172412,0.9536142748387153,1.0276797430817073,10.16295845543668,10.575467022958154,12.144252473357103
resnet50_classification,coat_lite_tiny_classification,156,219,subj01,10000,100,100,100,tilde,56,True,9.812339838352184,0.35061861708449626,1.1065771384926997,0.9780644917221615,10.16295845543668,10.918916976844883,12.247600085651541
resnet50_classification,visformer_small_classification,156,163,subj01,10000,100,100,100,tilde,56,True,9.865444253109136,0.2975142023275428,1.1549092563087662,1.0301659960058736,10.16295845543668,11.020353509417903,12.34803370775132
resnet50_classification,convit_base_classification,156,201,subj01,10000,100,100,100,tilde,56,True,9.29085164984723,0.8721068055894499,0.7874415874517275,1.0755977111618904,10.16295845543668,10.078293237298958,12.025997754050298
resnet50_classification,ViT-B_32_clip,156,53,subj01,10000,100,100,100,tilde,56,True,9.969745409443624,0.19321304599305655,1.581570048060284,1.0898604217021646,10.16295845543668,11.551315457503907,12.834388925199129
resnet50_classification,RN50_clip,156,179,subj01,10000,100,100,100,tilde,56,True,10.16295845543668,0.0,1.8762673312206957,0.9591537679034907,10.16295845543668,12.039225786657376,12.998379554560866
resnet50_classification,RN101_clip,156,366,subj01,10000,100,100,100,tilde,56,True,9.820331816853113,0.34262663858356746,1.7351464770563645,1.122133849933057,10.16295845543668,11.555478293909477,13.020238782426102
resnet50_classification,ViT-L_14_clip,156,96,subj01,10000,100,100,100,tilde,56,True,9.937038981608291,0.2259194738283874,1.6491211938834862,1.2008582400773467,10.16295845543668,11.586160175491779,13.012937889397513
resnet50_classification,ResNet50-SimCLR_selfsupervised,156,162,subj01,10000,100,100,100,tilde,56,True,9.702819370557709,0.46013908487897126,1.0439298300167295,1.111559935577226,10.16295845543668,10.746749200574438,12.318448221030636
resnet50_classification,ResNet50-DeepClusterV2-2x224_selfsupervised,156,162,subj01,10000,100,100,100,tilde,56,True,9.759336976965015,0.4036214784716652,0.8105637934066383,1.0069169403101288,10.16295845543668,10.569900770371653,11.980439189153447
resnet50_classification,ResNet50-SwAV-BS4096-2x224_selfsupervised,156,165,subj01,10000,100,100,100,tilde,56,True,9.72132491412599,0.44163354131069,0.7743405821547462,0.9664683486519436,10.16295845543668,10.495665496280736,11.90376738624337
resnet50_classification,ResNet50-PIRL_selfsupervised,156,165,subj01,10000,100,100,100,tilde,56,True,9.29601193935816,0.8669465160785208,0.8168861604436302,1.1709330799168036,10.16295845543668,10.11289809980179,12.150777695797114
resnet50_classification,ResNet50-ClusterFit-16K-RotNet_selfsupervised,156,160,subj01,10000,100,100,100,tilde,56,True,8.7532786018224,1.4096798536142785,0.42827512590160843,1.079430223550558,10.16295845543668,9.18155372772401,11.670663804888846
resnet50_classification,ResNet50-MoCoV2-BS256_selfsupervised,156,155,subj01,10000,100,100,100,tilde,56,True,9.515047576801043,0.6479108786356367,0.8106044931125975,0.9739534933095104,10.16295845543668,10.325652069913641,11.947516441858788
semnasnet_100_classification,cspresnet50_classification,270,320,subj01,10000,100,100,100,tilde,56,True,9.95306922882651,0.3047194346238964,0.863398897584414,1.000925292507489,10.257788663450405,10.816468126410923,12.122112853542308
semnasnet_100_classification,mobilenetv3_large_100_classification,270,252,subj01,10000,100,100,100,tilde,56,True,10.091670470436382,0.16611819301402342,1.0191813532203415,0.947975666889258,10.257788663450405,11.110851823656724,12.224945683560005
semnasnet_100_classification,ghostnet_100_classification,270,290,subj01,10000,100,100,100,tilde,56,True,9.529727421241454,0.7280612422089501,0.46993410846796735,0.9935421395096569,10.257788663450405,9.999661529709423,11.72126491142803
semnasnet_100_classification,convnext_base_classification,270,273,subj01,10000,100,100,100,tilde,56,True,10.177859370452346,0.07992929299805951,1.8263389663086151,1.0811146092642367,10.257788663450405,12.004198336760961,13.165242239023257
semnasnet_100_classification,xcit_nano_12_p8_224_classification,270,266,subj01,10000,100,100,100,tilde,56,True,9.103218336878367,1.1545703265720402,0.6566593591228091,1.0987080496193506,10.257788663450405,9.759877696001174,12.013156072192565
semnasnet_100_classification,xcit_nano_12_p16_224_classification,270,242,subj01,10000,100,100,100,tilde,56,True,9.112097475331522,1.1456911881188834,0.6425427698366963,1.0901216102109235,10.257788663450405,9.754640245168218,11.990453043498025
semnasnet_100_classification,swin_large_patch4_window7_224_classification,270,281,subj01,10000,100,100,100,tilde,56,True,9.746389415000882,0.5113992484495249,1.2267608116623965,1.1020993687543932,10.257788663450405,10.973150226663277,12.586648843867195
semnasnet_100_classification,jx_nest_tiny_classification,270,148,subj01,10000,100,100,100,tilde,56,True,9.825157893238387,0.43263077021201823,1.1319202511497721,1.101105244513338,10.257788663450405,10.95707814438816,12.490814159113516
semnasnet_100_classification,pit_ti_224_classification,270,207,subj01,10000,100,100,100,tilde,56,True,9.526993443819666,0.7307952196307372,0.939045677436301,1.032331101471815,10.257788663450405,10.46603912125597,12.229165442358521
semnasnet_100_classification,ResNet50-ClusterFit-16K-RotNet_selfsupervised,270,160,subj01,10000,100,100,100,tilde,56,True,8.75607149378326,1.5017171696671436,0.42548223394074824,1.1685421689335946,10.257788663450405,9.18155372772401,11.851813066324748
semnasnet_100_classification,ResNet50-MoCoV2-BS256_selfsupervised,270,155,subj01,10000,100,100,100,tilde,56,True,9.391037661768467,0.8667510016819389,0.9346144081451744,1.1279380806288923,10.257788663450405,10.325652069913641,12.320341152224472
semnasnet_100_classification,vit_base_patch32_224_classification,270,218,subj01,10000,100,100,100,tilde,56,True,9.237031719253558,1.0207569473948919,0.4274889621162945,1.1864607813306307,10.25778866664845,9.664520681369853,11.871738410095375
semnasnet_100_classification,vit_base_patch16_224_classification,270,197,subj01,10000,100,100,100,tilde,56,True,9.433987510035228,0.8238011566132233,0.7122822659430419,1.1396279837427112,10.25778866664845,10.146269775978269,12.109698916334203
semnasnet_100_classification,tnt_s_patch16_224_classification,270,198,subj01,10000,100,100,100,tilde,56,True,9.137046340333347,1.120742326315101,0.5030029308280497,1.0591209779033672,10.25778866664845,9.640049271161399,11.819912575379867
semnasnet_100_classification,crossvit_base_240_classification,270,336,subj01,10000,100,100,100,tilde,56,True,9.560359923565285,0.6974287430831652,0.7092865297167101,1.0936480573440033,10.25778866664845,10.269646453281995,12.060723253709163
semnasnet_100_classification,deit_base_patch16_224_classification,270,205,subj01,10000,100,100,100,tilde,56,True,9.56619891443871,0.6915897522097421,0.7178258638111572,1.1022145672504866,10.25778866664845,10.284024778249865,12.077829097710094
semnasnet_100_classification,levit_128_classification,270,181,subj01,10000,100,100,100,tilde,56,True,9.740694719554009,0.5170939470944393,0.8347723034041437,1.0564302639251526,10.25778866664845,10.575467022958154,12.148991233977746
semnasnet_100_classification,coat_lite_tiny_classification,270,219,subj01,10000,100,100,100,tilde,56,True,9.738766659173917,0.5190220074745326,1.1801503225383279,1.0300582974416361,10.25778866664845,10.918916981712245,12.467997286628414
semnasnet_100_classification,visformer_small_classification,270,163,subj01,10000,100,100,100,tilde,56,True,9.82907527498569,0.42871339166275924,1.1912782369184445,1.1017129386446385,10.25778866664845,11.020353511904135,12.550779842211533
semnasnet_100_classification,convit_base_classification,270,201,subj01,10000,100,100,100,tilde,56,True,9.392780431306372,0.8650082353420778,0.6855128070843897,1.0543410358552503,10.25778866664845,10.078293238390762,11.99764250958809
semnasnet_100_classification,ViT-B_32_clip,270,53,subj01,10000,100,100,100,tilde,56,True,9.991896726499254,0.2658919401491957,1.559418734349073,1.1428517677635153,10.25778866664845,11.551315460848327,12.960059168761038
semnasnet_100_classification,RN50_clip,270,179,subj01,10000,100,100,100,tilde,56,True,10.14832691966818,0.109461746980271,1.8908988692916893,1.0750412098428104,10.25778866664845,12.039225788959868,13.22372874578295
semnasnet_100_classification,RN101_clip,270,366,subj01,10000,100,100,100,tilde,56,True,9.893527027596908,0.3642616390515414,1.6619512645508792,1.1459895508816533,10.25778866664845,11.555478292147788,13.065729482080982
semnasnet_100_classification,ViT-L_14_clip,270,96,subj01,10000,100,100,100,tilde,56,True,9.94815717702123,0.30963148962722187,1.6380029979669235,1.238234450709907,10.25778866664845,11.586160174988152,13.13402611532528
semnasnet_100_classification,ResNet50-SimCLR_selfsupervised,270,162,subj01,10000,100,100,100,tilde,56,True,9.691443846501096,0.5663448201473553,1.0553053490385125,1.159306424051083,10.25778866664845,10.746749195539607,12.472400439738045
semnasnet_100_classification,ResNet50-DeepClusterV2-2x224_selfsupervised,270,162,subj01,10000,100,100,100,tilde,56,True,9.720816143801871,0.5369725228465789,0.8490846278697362,1.114567485787168,10.25778866664845,10.569900771671607,12.221440780305354
semnasnet_100_classification,ResNet50-SwAV-BS4096-2x224_selfsupervised,270,165,subj01,10000,100,100,100,tilde,56,True,9.746897487449662,0.5108911791987882,0.7487680150540665,1.0437669151957287,10.25778866664845,10.495665502503728,12.050323596898245
semnasnet_100_classification,ResNet50-PIRL_selfsupervised,270,165,subj01,10000,100,100,100,tilde,56,True,9.324030189686452,0.933758476961998,0.7888678874909161,1.1862593015128073,10.25778866664845,10.112898077177368,12.232915855652173
cspresnet50_classification,mobilenetv3_large_100_classification,320,252,subj01,10000,100,100,100,tilde,56,True,10.318755746909961,0.49771237887538433,0.7920960819881611,0.9789639139585766,10.816468125785347,11.110851828898124,12.587528121732085
cspresnet50_classification,ghostnet_100_classification,320,290,subj01,10000,100,100,100,tilde,56,True,9.66184660879001,1.154621516995336,0.3378149226557241,1.0351440769419948,10.816468125785347,9.999661531445735,12.189427125383066
cspresnet50_classification,convnext_base_classification,320,273,subj01,10000,100,100,100,tilde,56,True,10.676268242283387,0.14019988350195867,1.3279300945144286,0.9814647445588331,10.816468125785347,12.004198336797817,13.125862964858609
cspresnet50_classification,xcit_nano_12_p8_224_classification,320,266,subj01,10000,100,100,100,tilde,56,True,9.270887089364077,1.5455810364212699,0.4889906097575629,1.0374268434578688,10.816468125785347,9.75987769912164,12.342885579000779
cspresnet50_classification,xcit_nano_12_p16_224_classification,320,242,subj01,10000,100,100,100,tilde,56,True,9.266365522776386,1.5501026030089609,0.4882747274158792,1.014138089393139,10.816468125785347,9.754640250192265,12.318880942594365
cspresnet50_classification,swin_large_patch4_window7_224_classification,320,281,subj01,10000,100,100,100,tilde,56,True,9.974124018268418,0.8423441075169276,0.9990262074202185,1.135440201459181,10.816468125785347,10.973150225688638,12.950934534664746
cspresnet50_classification,jx_nest_tiny_classification,320,148,subj01,10000,100,100,100,tilde,56,True,10.091050645563877,0.7254174802214681,0.8660275034926528,1.0737656866310576,10.816468125785347,10.957078149056532,12.756261315909057
cspresnet50_classification,pit_ti_224_classification,320,207,subj01,10000,100,100,100,tilde,56,True,9.703279965436687,1.1131881603486615,0.7627591565828169,0.9831835336707773,10.816468125785347,10.466039122019502,12.562410816038941
cspresnet50_classification,vit_base_patch32_224_classification,320,218,subj01,10000,100,100,100,tilde,56,True,9.416990397503678,1.3994777282816688,0.24753028386617437,1.088482890278101,10.816468125785347,9.664520681369853,12.152481299929622
cspresnet50_classification,vit_base_patch16_224_classification,320,197,subj01,10000,100,100,100,tilde,56,True,9.695473699797919,1.1209944259874298,0.45079607618035133,1.071280874507618,10.816468125785347,10.146269775978269,12.338545076473316
cspresnet50_classification,tnt_s_patch16_224_classification,320,198,subj01,10000,100,100,100,tilde,56,True,9.3201705237323,1.4962976020530458,0.3198787474290974,0.9859249708726754,10.816468125785347,9.640049271161399,12.12227184408712
cspresnet50_classification,crossvit_base_240_classification,320,336,subj01,10000,100,100,100,tilde,56,True,9.721649708369688,1.0948184174156594,0.5479967449123073,1.0570525389073797,10.816468125785347,10.269646453281995,12.421517409605034
cspresnet50_classification,deit_base_patch16_224_classification,320,205,subj01,10000,100,100,100,tilde,56,True,9.736520986564946,1.079947139220403,0.547503791684921,1.0667744763412568,10.816468125785347,10.284024778249865,12.430746393811525
cspresnet50_classification,levit_128_classification,320,181,subj01,10000,100,100,100,tilde,56,True,9.975307082951726,0.8411610428336189,0.6001599400064261,1.068016196080663,10.816468125785347,10.575467022958154,12.484644261872436
cspresnet50_classification,coat_lite_tiny_classification,320,219,subj01,10000,100,100,100,tilde,56,True,9.951020618539332,0.8654475072460155,0.9678963631729136,0.9944735890334897,10.816468125785347,10.918916981712245,12.77883807799175
cspresnet50_classification,visformer_small_classification,320,163,subj01,10000,100,100,100,tilde,56,True,9.989259605423209,0.827208520362138,1.0310939064809261,1.0364870664946846,10.816468125785347,11.020353511904135,12.884049098760958
cspresnet50_classification,convit_base_classification,320,201,subj01,10000,100,100,100,tilde,56,True,9.553310848936738,1.2631572768486095,0.5249823894540242,1.0099245187356143,10.816468125785347,10.078293238390762,12.351375033974985
cspresnet50_classification,ViT-B_32_clip,320,53,subj01,10000,100,100,100,tilde,56,True,10.283717731999857,0.5327503937854896,1.2675977288484699,1.0915059415695687,10.816468125785347,11.551315460848327,13.175571796203386
cspresnet50_classification,RN50_clip,320,179,subj01,10000,100,100,100,tilde,56,True,10.68160456737923,0.13486355840611886,1.35762122158064,1.0327292350716686,10.816468125785347,12.039225788959868,13.206818582437656
cspresnet50_classification,RN101_clip,320,366,subj01,10000,100,100,100,tilde,56,True,10.377874248569174,0.4385938772161726,1.1776040435786133,1.1147691956731194,10.816468125785347,11.555478292147788,13.10884136503708
cspresnet50_classification,ViT-L_14_clip,320,96,subj01,10000,100,100,100,tilde,56,True,10.287565812352087,0.528902313433262,1.2985943626360665,1.2081850106949883,10.816468125785347,11.586160174988152,13.323247499116402
cspresnet50_classification,ResNet50-SimCLR_selfsupervised,320,162,subj01,10000,100,100,100,tilde,56,True,10.030328049411116,0.7861400763742328,0.7164211461284928,1.0164174984292824,10.816468125785347,10.746749195539607,12.549306770343122
cspresnet50_classification,ResNet50-DeepClusterV2-2x224_selfsupervised,320,162,subj01,10000,100,100,100,tilde,56,True,10.050969115480445,0.765499010304902,0.5189316561911621,0.9896999256572308,10.816468125785347,10.569900771671607,12.32509970763374
cspresnet50_classification,ResNet50-SwAV-BS4096-2x224_selfsupervised,320,165,subj01,10000,100,100,100,tilde,56,True,10.14355197783567,0.6729161479496764,0.35211352466805756,0.9601657506172394,10.816468125785347,10.495665502503728,12.128747401070644
cspresnet50_classification,ResNet50-PIRL_selfsupervised,320,165,subj01,10000,100,100,100,tilde,56,True,9.542648803946909,1.2738193218384382,0.5702492732304592,1.0933367297448005,10.816468125785347,10.112898077177368,12.480054128760607
cspresnet50_classification,ResNet50-ClusterFit-16K-RotNet_selfsupervised,320,160,subj01,10000,100,100,100,tilde,56,True,8.817262159230163,1.9992059665551842,0.36429156818359587,1.0689311019674133,10.816468125785347,9.181553727413759,12.249690795936356
cspresnet50_classification,ResNet50-MoCoV2-BS256_selfsupervised,320,155,subj01,10000,100,100,100,tilde,56,True,9.719020897588011,1.0974472281973338,0.6066311729664733,0.9941286603344377,10.816468125785347,10.325652070554487,12.417227959086258
mobilenetv3_large_100_classification,ghostnet_100_classification,252,290,subj01,10000,100,100,100,tilde,56,True,9.999661531445735,1.1111902974523886,0.0,0.8815274577782795,11.110851828898124,9.999661531445735,11.992379286676403
mobilenetv3_large_100_classification,convnext_base_classification,252,273,subj01,10000,100,100,100,tilde,56,True,10.844903834923594,0.26594799397452995,1.1592945018742231,1.057189240929235,11.110851828898124,12.004198336797817,13.327335571701582
mobilenetv3_large_100_classification,xcit_nano_12_p8_224_classification,252,266,subj01,10000,100,100,100,tilde,56,True,9.555879456377928,1.5549723725201972,0.20399824274371348,1.0509777339203783,11.110851828898124,9.75987769912164,12.365827805562216
mobilenetv3_large_100_classification,xcit_nano_12_p16_224_classification,252,242,subj01,10000,100,100,100,tilde,56,True,9.588840433970047,1.5220113949280751,0.16579981622221673,1.0503663845192381,11.110851828898124,9.754640250192265,12.327018029639579
mobilenetv3_large_100_classification,swin_large_patch4_window7_224_classification,252,281,subj01,10000,100,100,100,tilde,56,True,10.114469450205613,0.9963823786925108,0.858680775483025,1.173011012202588,11.110851828898124,10.973150225688638,13.142543616583737
mobilenetv3_large_100_classification,jx_nest_tiny_classification,252,148,subj01,10000,100,100,100,tilde,56,True,10.403461371620223,0.7073904572779011,0.553616777436309,1.0582020831166634,11.110851828898124,10.957078149056532,12.722670689451096
mobilenetv3_large_100_classification,pit_ti_224_classification,252,207,subj01,10000,100,100,100,tilde,56,True,10.187079686273943,0.9237721426241805,0.27895943574555915,0.9869934343839688,11.110851828898124,10.466039122019502,12.376804699027652
mobilenetv3_large_100_classification,vit_base_patch32_224_classification,252,218,subj01,10000,100,100,100,tilde,56,True,9.556207847604453,1.5546439812936725,0.10831283376540135,1.0861183482546277,11.110851828898124,9.664520681369853,12.305283010918153
mobilenetv3_large_100_classification,vit_base_patch16_224_classification,252,197,subj01,10000,100,100,100,tilde,56,True,9.930998658601075,1.179853170297049,0.21527111737719373,1.0623561838172844,11.110851828898124,10.146269775978269,12.388479130092602
mobilenetv3_large_100_classification,tnt_s_patch16_224_classification,252,198,subj01,10000,100,100,100,tilde,56,True,9.542588369954808,1.5682634589433153,0.09746090120659012,1.0184788496086146,11.110851828898124,9.640049271161399,12.226791579713328
mobilenetv3_large_100_classification,crossvit_base_240_classification,252,336,subj01,10000,100,100,100,tilde,56,True,9.921756061180998,1.1890957677171272,0.34789039210099837,1.067804599859775,11.110851828898124,10.269646453281995,12.526546820858897
mobilenetv3_large_100_classification,deit_base_patch16_224_classification,252,205,subj01,10000,100,100,100,tilde,56,True,9.932547720025868,1.178304108872256,0.3514770582239972,1.0532572516851335,11.110851828898124,10.284024778249865,12.515586138807254
mobilenetv3_large_100_classification,levit_128_classification,252,181,subj01,10000,100,100,100,tilde,56,True,10.068572097578288,1.0422797313198355,0.506894925379866,0.9926918931706137,11.110851828898124,10.575467022958154,12.610438647448603
mobilenetv3_large_100_classification,coat_lite_tiny_classification,252,219,subj01,10000,100,100,100,tilde,56,True,10.465646530625794,0.645205298272332,0.45327045108645336,0.9873796054858595,11.110851828898124,10.918916981712245,12.551501885470437
mobilenetv3_large_100_classification,visformer_small_classification,252,163,subj01,10000,100,100,100,tilde,56,True,10.410672019067112,0.7001798098310132,0.6096814928370247,1.0546296739029106,11.110851828898124,11.020353511904135,12.775162995638059
mobilenetv3_large_100_classification,convit_base_classification,252,201,subj01,10000,100,100,100,tilde,56,True,9.803421453642578,1.307430375255544,0.2748717847481821,1.0125981318958708,11.110851828898124,10.078293238390762,12.398321745542177
mobilenetv3_large_100_classification,ViT-B_32_clip,252,53,subj01,10000,100,100,100,tilde,56,True,10.666052372645167,0.44479945625295514,0.8852630882031587,1.124245593062886,11.110851828898124,11.551315460848327,13.120360510164168
mobilenetv3_large_100_classification,RN50_clip,252,179,subj01,10000,100,100,100,tilde,56,True,10.751802709582803,0.3590491193153209,1.2874230793770653,1.1087674595745955,11.110851828898124,12.039225788959868,13.507042367849785
mobilenetv3_large_100_classification,RN101_clip,252,366,subj01,10000,100,100,100,tilde,56,True,10.323167563830077,0.7876842650680445,1.2323107283177084,1.1790089523354066,11.110851828898124,11.555478292147788,13.522171509551239
mobilenetv3_large_100_classification,ViT-L_14_clip,252,96,subj01,10000,100,100,100,tilde,56,True,10.616267587383419,0.4945842415147048,0.9698925876047326,1.2685238444185742,11.110851828898124,11.586160174988152,13.34926826092143
mobilenetv3_large_100_classification,ResNet50-SimCLR_selfsupervised,252,162,subj01,10000,100,100,100,tilde,56,True,10.204152036376142,0.906699792521982,0.5425971591634653,1.0546484768997448,11.110851828898124,10.746749195539607,12.708097464961334
mobilenetv3_large_100_classification,ResNet50-DeepClusterV2-2x224_selfsupervised,252,162,subj01,10000,100,100,100,tilde,56,True,10.290044534732829,0.8208072941652969,0.27985623693878026,1.0322798517921683,11.110851828898124,10.569900771671607,12.422987917629072
mobilenetv3_large_100_classification,ResNet50-SwAV-BS4096-2x224_selfsupervised,252,165,subj01,10000,100,100,100,tilde,56,True,10.050700231072726,1.0601515978253993,0.44496527143100373,0.9894746832292736,11.110851828898124,10.495665502503728,12.545291783558401
mobilenetv3_large_100_classification,ResNet50-PIRL_selfsupervised,252,165,subj01,10000,100,100,100,tilde,56,True,9.73452753913,1.3763242897681227,0.378370538047367,1.0993072782216657,11.110851828898124,10.112898077177368,12.588529645167156
mobilenetv3_large_100_classification,ResNet50-ClusterFit-16K-RotNet_selfsupervised,252,160,subj01,10000,100,100,100,tilde,56,True,9.032054684259911,2.078797144638214,0.149499043153849,1.0424264832754204,11.110851828898124,9.181553727413759,12.302777355327393
mobilenetv3_large_100_classification,ResNet50-MoCoV2-BS256_selfsupervised,252,155,subj01,10000,100,100,100,tilde,56,True,10.043734718691326,1.067117110206798,0.2819173518631608,1.0267489336213416,11.110851828898124,10.325652070554487,12.419518114382626
ghostnet_100_classification,convnext_base_classification,290,273,subj01,10000,100,100,100,tilde,56,True,9.939890659395557,0.05977087205017817,2.06430767740226,1.0679767773884397,9.999661531445735,12.004198336797817,13.131945986236435
ghostnet_100_classification,xcit_nano_12_p8_224_classification,290,266,subj01,10000,100,100,100,tilde,56,True,8.954682153515781,1.0449793779299554,0.8051955456058604,1.2472256761433957,9.999661531445735,9.75987769912164,12.052082753194991
ghostnet_100_classification,xcit_nano_12_p16_224_classification,290,242,subj01,10000,100,100,100,tilde,56,True,8.98749727399769,1.0121642574480436,0.7671429761945738,1.1961544228842378,9.999661531445735,9.754640250192265,11.962958930524547
ghostnet_100_classification,swin_large_patch4_window7_224_classification,290,281,subj01,10000,100,100,100,tilde,56,True,9.439716839199649,0.559944692246086,1.5334333864889889,1.1792058469919144,9.999661531445735,10.973150225688638,12.712300764926638
ghostnet_100_classification,jx_nest_tiny_classification,290,148,subj01,10000,100,100,100,tilde,56,True,9.565957270108159,0.4337042613375761,1.3911208789483727,1.1345427973329922,9.999661531445735,10.957078149056532,12.5253252077271
ghostnet_100_classification,pit_ti_224_classification,290,207,subj01,10000,100,100,100,tilde,56,True,9.366122295874117,0.6335392355716181,1.0999168261453853,1.0723197801746842,9.999661531445735,10.466039122019502,12.171898137765805
ghostnet_100_classification,vit_base_patch32_224_classification,290,218,subj01,10000,100,100,100,tilde,56,True,9.030440833803175,0.9692206976425624,0.6340798475666798,1.2372257638583637,9.999661531445735,9.664520681369853,11.870967142870779
ghostnet_100_classification,vit_base_patch16_224_classification,290,197,subj01,10000,100,100,100,tilde,56,True,9.260269420758421,0.739392110687314,0.8860003552198474,1.1796687092068954,9.999661531445735,10.146269775978269,12.065330595872478
ghostnet_100_classification,tnt_s_patch16_224_classification,290,198,subj01,10000,100,100,100,tilde,56,True,8.927667595448847,1.071993935996888,0.7123816757125514,1.1762265536323167,9.999661531445735,9.640049271161399,11.888269760790603
ghostnet_100_classification,crossvit_base_240_classification,290,336,subj01,10000,100,100,100,tilde,56,True,9.218371713690091,0.7812898177556455,1.0512747395919053,1.1601004501407903,9.999661531445735,10.269646453281995,12.21103672117843
ghostnet_100_classification,deit_base_patch16_224_classification,290,205,subj01,10000,100,100,100,tilde,56,True,9.209456976458423,0.7902045549873122,1.0745678017914422,1.1707101977155183,9.999661531445735,10.284024778249865,12.244939530952696
ghostnet_100_classification,levit_128_classification,290,181,subj01,10000,100,100,100,tilde,56,True,9.389901828749675,0.60975970269606,1.185565194208479,1.0187219652986101,9.999661531445735,10.575467022958154,12.203948690952824
ghostnet_100_classification,coat_lite_tiny_classification,290,219,subj01,10000,100,100,100,tilde,56,True,9.620265813410606,0.3793957180351306,1.2986511683016406,1.0211012934432038,9.999661531445735,10.918916981712245,12.31941399319058
ghostnet_100_classification,visformer_small_classification,290,163,subj01,10000,100,100,100,tilde,56,True,9.581211627593875,0.41844990385186165,1.4391418843102617,1.1502877953892803,9.999661531445735,11.020353511904135,12.589091211145277
ghostnet_100_classification,convit_base_classification,290,201,subj01,10000,100,100,100,tilde,56,True,9.123696777133834,0.8759647543118998,0.9545964612569264,1.1882797610805937,9.999661531445735,10.078293238390762,12.142537753783255
ghostnet_100_classification,ViT-B_32_clip,290,53,subj01,10000,100,100,100,tilde,56,True,9.76802167999964,0.23163985144609356,1.7832937808486857,1.1768803120815026,9.999661531445735,11.551315460848327,12.959835624375923
ghostnet_100_classification,RN50_clip,290,179,subj01,10000,100,100,100,tilde,56,True,9.90479238928155,0.0948691421641854,2.1344333996783185,1.0803996398362194,9.999661531445735,12.039225788959868,13.214494570960273
ghostnet_100_classification,RN101_clip,290,366,subj01,10000,100,100,100,tilde,56,True,9.629022809438148,0.37063872200758574,1.9264554827096383,1.1950140034399581,9.999661531445735,11.555478292147788,13.121131017595332
ghostnet_100_classification,ViT-L_14_clip,290,96,subj01,10000,100,100,100,tilde,56,True,9.74377559620136,0.2558859352443754,1.8423845787867918,1.277726582921062,9.999661531445735,11.586160174988152,13.119772693153589
ghostnet_100_classification,ResNet50-SimCLR_selfsupervised,290,162,subj01,10000,100,100,100,tilde,56,True,9.489101683188046,0.5105598482576887,1.2576475123515607,1.1746669912775083,9.999661531445735,10.746749195539607,12.431976035074804
ghostnet_100_classification,ResNet50-DeepClusterV2-2x224_selfsupervised,290,162,subj01,10000,100,100,100,tilde,56,True,9.564391552131864,0.43526997931387257,1.0055092195397446,1.1056460192080575,9.999661531445735,10.569900771671607,12.110816770193537
ghostnet_100_classification,ResNet50-SwAV-BS4096-2x224_selfsupervised,290,165,subj01,10000,100,100,100,tilde,56,True,9.354943580496354,0.6447179509493832,1.1407219220073763,1.0858748898420671,9.999661531445735,10.495665502503728,12.226258343295179
ghostnet_100_classification,ResNet50-PIRL_selfsupervised,290,165,subj01,10000,100,100,100,tilde,56,True,9.094445690639573,0.9052158408061608,1.0184523865377937,1.262949957065727,9.999661531445735,10.112898077177368,12.281063875049256
ghostnet_100_classification,ResNet50-ClusterFit-16K-RotNet_selfsupervised,290,160,subj01,10000,100,100,100,tilde,56,True,8.46672798918417,1.532933542261567,0.7148257382295906,1.2015861638785932,9.999661531445735,9.181553727413759,11.916073433553919
ghostnet_100_classification,ResNet50-MoCoV2-BS256_selfsupervised,290,155,subj01,10000,100,100,100,tilde,56,True,9.285003801955057,0.7146577294906784,1.0406482685994298,1.1726846821848653,9.999661531445735,10.325652070554487,12.21299448223003
convnext_base_classification,xcit_nano_12_p8_224_classification,273,266,subj01,10000,100,100,100,tilde,56,True,9.624956999181729,2.37924133761609,0.1349206999399133,1.05248156241821,12.004198336797817,9.75987769912164,13.19160059915594
convnext_base_classification,xcit_nano_12_p16_224_classification,273,242,subj01,10000,100,100,100,tilde,56,True,9.643052068172821,2.361146268624994,0.11158818201944243,1.0459240162643972,12.004198336797817,9.754640250192265,13.161710535081657
convnext_base_classification,swin_large_patch4_window7_224_classification,273,281,subj01,10000,100,100,100,tilde,56,True,10.421218153573546,1.5829801832242705,0.5519320721150915,1.2184431472635904,12.004198336797817,10.973150225688638,13.774573556176499
convnext_base_classification,jx_nest_tiny_classification,273,148,subj01,10000,100,100,100,tilde,56,True,10.741061610364204,1.263136726433613,0.21601653869232784,1.0549989642266855,12.004198336797817,10.957078149056532,13.27521383971683
convnext_base_classification,pit_ti_224_classification,273,207,subj01,10000,100,100,100,tilde,56,True,10.313600305927107,1.69059803087071,0.1524388160923955,0.9666060583327472,12.004198336797817,10.466039122019502,13.12324321122296
convnext_base_classification,vit_base_patch32_224_classification,273,218,subj01,10000,100,100,100,tilde,56,True,9.664520681369854,2.3396776554279644,0.0,0.9145900802570672,12.004198336797817,9.664520681369853,12.918788417054884
convnext_base_classification,vit_base_patch16_224_classification,273,197,subj01,10000,100,100,100,tilde,56,True,10.146269775978269,1.8579285608195484,0.0,0.9523127437551189,12.004198336797817,10.146269775978269,12.956511080552936
convnext_base_classification,tnt_s_patch16_224_classification,273,198,subj01,10000,100,100,100,tilde,56,True,9.640049271161399,2.3641490656364184,0.0,0.9725441850092515,12.004198336797817,9.640049271161399,12.976742521807068
convnext_base_classification,crossvit_base_240_classification,273,336,subj01,10000,100,100,100,tilde,56,True,10.175733159321958,1.8284651774758611,0.09391329396003911,0.9989503999290825,12.004198336797817,10.269646453281995,13.097062030686939
convnext_base_classification,deit_base_patch16_224_classification,273,205,subj01,10000,100,100,100,tilde,56,True,10.183006957298883,1.8211913794989343,0.10101782095098244,0.9956033319903526,12.004198336797817,10.284024778249865,13.100819489739152
convnext_base_classification,levit_128_classification,273,181,subj01,10000,100,100,100,tilde,56,True,10.400967491318738,1.6032308454790787,0.174499531639416,1.0009270401185475,12.004198336797817,10.575467022958154,13.17962490855578
convnext_base_classification,coat_lite_tiny_classification,273,219,subj01,10000,100,100,100,tilde,56,True,10.620579341670691,1.3836189951271276,0.29833764004155583,0.9753349215105409,12.004198336797817,10.918916981712245,13.277870898349914
convnext_base_classification,visformer_small_classification,273,163,subj01,10000,100,100,100,tilde,56,True,10.691159283136313,1.3130390536615053,0.32919422876782356,1.0295092941155612,12.004198336797817,11.020353511904135,13.362901859681202
convnext_base_classification,convit_base_classification,273,201,subj01,10000,100,100,100,tilde,56,True,9.975535030129508,2.0286633066683066,0.10275820826125148,1.0138391409029648,12.004198336797817,10.078293238390762,13.120795685962033
convnext_base_classification,ViT-B_32_clip,273,53,subj01,10000,100,100,100,tilde,56,True,11.12353005588765,0.8806682809101645,0.42778540496067485,1.0539666846669693,12.004198336797817,11.551315460848327,13.485950426425461
convnext_base_classification,RN50_clip,273,179,subj01,10000,100,100,100,tilde,56,True,11.37500505048561,0.6291932863122067,0.664220738474258,1.0748460797518167,12.004198336797817,12.039225788959868,13.743265155023892
convnext_base_classification,RN101_clip,273,366,subj01,10000,100,100,100,tilde,56,True,10.861626292937618,1.1425720438601967,0.6938519992101675,1.1379332570258605,12.004198336797817,11.555478292147788,13.835983593033845
convnext_base_classification,ViT-L_14_clip,273,96,subj01,10000,100,100,100,tilde,56,True,11.118001870614927,0.8861964661828896,0.46815830437322425,1.1292275997857484,12.004198336797817,11.586160174988152,13.60158424095679
convnext_base_classification,ResNet50-SimCLR_selfsupervised,273,162,subj01,10000,100,100,100,tilde,56,True,10.523144008890277,1.4810543279075397,0.22360518664932982,0.9955255885275527,12.004198336797817,10.746749195539607,13.2233291119747
convnext_base_classification,ResNet50-DeepClusterV2-2x224_selfsupervised,273,162,subj01,10000,100,100,100,tilde,56,True,10.494718632504663,1.509479704293156,0.07518213916694627,0.9938109509423274,12.004198336797817,10.569900771671607,13.07319142690709
convnext_base_classification,ResNet50-SwAV-BS4096-2x224_selfsupervised,273,165,subj01,10000,100,100,100,tilde,56,True,10.436705245102798,1.5674930916950203,0.05896025740093158,0.9628498701478794,12.004198336797817,10.495665502503728,13.026008464346628
convnext_base_classification,ResNet50-PIRL_selfsupervised,273,165,subj01,10000,100,100,100,tilde,56,True,9.948794925481115,2.0554034113167,0.164103151696251,1.0377406183901652,12.004198336797817,10.112898077177368,13.206042106884233
convnext_base_classification,ResNet50-ClusterFit-16K-RotNet_selfsupervised,273,160,subj01,10000,100,100,100,tilde,56,True,9.18155372741376,2.8226446093840583,0.0,0.942812218801766,12.004198336797817,9.181553727413759,12.947010555599583
convnext_base_classification,ResNet50-MoCoV2-BS256_selfsupervised,273,155,subj01,10000,100,100,100,tilde,56,True,10.298210270797625,1.7059880660001916,0.02744179975686123,0.9386536738792728,12.004198336797817,10.325652070554487,12.970293810433951
xcit_nano_12_p8_224_classification,xcit_nano_12_p16_224_classification,266,242,subj01,10000,100,100,100,tilde,56,True,9.17352923244802,0.5863484666736198,0.5811110177442451,0.9440817034868996,9.75987769912164,9.754640250192265,11.285070420352785
xcit_nano_12_p8_224_classification,swin_large_patch4_window7_224_classification,266,281,subj01,10000,100,100,100,tilde,56,True,9.117046186310606,0.6428315128110356,1.8561040393780335,1.145919728386378,9.75987769912164,10.973150225688638,12.761901466886052
xcit_nano_12_p8_224_classification,jx_nest_tiny_classification,266,148,subj01,10000,100,100,100,tilde,56,True,9.623635022769694,0.13624267635194798,1.3334431262868396,0.9322130870140732,9.75987769912164,10.957078149056532,12.025533912422553
xcit_nano_12_p8_224_classification,pit_ti_224_classification,266,207,subj01,10000,100,100,100,tilde,56,True,9.381501559921706,0.37837613919993274,1.084537562097795,0.9858148374135673,9.75987769912164,10.466039122019502,11.830230098633002
xcit_nano_12_p8_224_classification,vit_base_patch32_224_classification,266,218,subj01,10000,100,100,100,tilde,56,True,8.915159929163934,0.8447177699577058,0.7493607522059182,1.1736750461461618,9.75987769912164,9.664520681369853,11.68291349747372
xcit_nano_12_p8_224_classification,vit_base_patch16_224_classification,266,197,subj01,10000,100,100,100,tilde,56,True,9.293195409546989,0.4666822895746492,0.8530743664312777,1.041648133265948,9.75987769912164,10.146269775978269,11.654600198818866
xcit_nano_12_p8_224_classification,tnt_s_patch16_224_classification,266,198,subj01,10000,100,100,100,tilde,56,True,9.072968480166324,0.6869092189553179,0.5670807909950764,1.004511166123784,9.75987769912164,9.640049271161399,11.3314696562405
xcit_nano_12_p8_224_classification,crossvit_base_240_classification,266,336,subj01,10000,100,100,100,tilde,56,True,9.266416614807296,0.4934610843143439,1.0032298384746987,1.0386064846185992,9.75987769912164,10.269646453281995,11.801714022214938
xcit_nano_12_p8_224_classification,deit_base_patch16_224_classification,266,205,subj01,10000,100,100,100,tilde,56,True,9.3053113713666,0.4545663277550389,0.9787134068832639,0.963322520439494,9.75987769912164,10.284024778249865,11.701913626444398
xcit_nano_12_p8_224_classification,levit_128_classification,266,181,subj01,10000,100,100,100,tilde,56,True,9.020355845409311,0.7395218537123309,1.555111177548845,1.0959047726860742,9.75987769912164,10.575467022958154,12.41089364935656
xcit_nano_12_p8_224_classification,coat_lite_tiny_classification,266,219,subj01,10000,100,100,100,tilde,56,True,9.527636441339315,0.2322412577823254,1.3912805403729305,1.0143550084634079,9.75987769912164,10.918916981712245,12.165513247957978
xcit_nano_12_p8_224_classification,visformer_small_classification,266,163,subj01,10000,100,100,100,tilde,56,True,9.527039596155259,0.2328381029663813,1.4933139157488764,0.9798102415266001,9.75987769912164,11.020353511904135,12.233001856397117
xcit_nano_12_p8_224_classification,convit_base_classification,266,201,subj01,10000,100,100,100,tilde,56,True,9.288618221511248,0.471259477610392,0.7896750168795137,0.9785652734220154,9.75987769912164,10.078293238390762,11.52811798942317
xcit_nano_12_p8_224_classification,ViT-B_32_clip,266,53,subj01,10000,100,100,100,tilde,56,True,9.665816816382089,0.09406088273955149,1.8854986444662387,1.0118899941002493,9.75987769912164,11.551315460848327,12.657266337688128
xcit_nano_12_p8_224_classification,RN50_clip,266,179,subj01,10000,100,100,100,tilde,56,True,9.583167679851547,0.17671001927009122,2.4560581091083193,1.0262122199842505,9.75987769912164,12.039225788959868,13.24214802821421
xcit_nano_12_p8_224_classification,RN101_clip,266,366,subj01,10000,100,100,100,tilde,56,True,9.317803846335236,0.4420738527864039,2.2376744458125515,1.1425235792555757,9.75987769912164,11.555478292147788,13.140075724189767
xcit_nano_12_p8_224_classification,ViT-L_14_clip,266,96,subj01,10000,100,100,100,tilde,56,True,9.635562774012188,0.12431492510945041,1.950597400975962,1.0887896445175453,9.75987769912164,11.586160174988152,12.799264744615147
xcit_nano_12_p8_224_classification,ResNet50-SimCLR_selfsupervised,266,162,subj01,10000,100,100,100,tilde,56,True,9.409389359521082,0.35048833960055603,1.337359836018523,1.0412854222007013,9.75987769912164,10.746749195539607,12.138522957340864
xcit_nano_12_p8_224_classification,ResNet50-DeepClusterV2-2x224_selfsupervised,266,162,subj01,10000,100,100,100,tilde,56,True,9.346812367943071,0.4130653311785686,1.2230884037285357,1.0714534921966052,9.75987769912164,10.569900771671607,12.054419595046781
xcit_nano_12_p8_224_classification,ResNet50-SwAV-BS4096-2x224_selfsupervised,266,165,subj01,10000,100,100,100,tilde,56,True,9.239622061693984,0.5202556374276561,1.2560434408097443,0.9910306393742498,9.75987769912164,10.495665502503728,12.006951779305634
xcit_nano_12_p8_224_classification,ResNet50-PIRL_selfsupervised,266,165,subj01,10000,100,100,100,tilde,56,True,9.154726240071367,0.6051514590502727,0.9581718371060006,1.1229060391040537,9.75987769912164,10.112898077177368,11.840955575331694
xcit_nano_12_p8_224_classification,ResNet50-ClusterFit-16K-RotNet_selfsupervised,266,160,subj01,10000,100,100,100,tilde,56,True,8.39478680723302,1.3650908918886202,0.7867669201807388,1.111257438450684,9.75987769912164,9.181553727413759,11.657902057753063
xcit_nano_12_p8_224_classification,ResNet50-MoCoV2-BS256_selfsupervised,266,155,subj01,10000,100,100,100,tilde,56,True,9.196490890467695,0.5633868086539469,1.1291611800867933,1.0191267001517499,9.75987769912164,10.325652070554487,11.908165579360183
xcit_nano_12_p16_224_classification,swin_large_patch4_window7_224_classification,242,281,subj01,10000,100,100,100,tilde,56,True,9.164929989471823,0.589710260720441,1.8082202362168136,1.1933082237904564,9.754640250192265,10.973150225688638,12.756168710199535
xcit_nano_12_p16_224_classification,jx_nest_tiny_classification,242,148,subj01,10000,100,100,100,tilde,56,True,9.606289224881296,0.14835102531096744,1.3507889241752338,0.9503155748952405,9.754640250192265,10.957078149056532,12.05574474926274
xcit_nano_12_p16_224_classification,pit_ti_224_classification,242,207,subj01,10000,100,100,100,tilde,56,True,9.49323477310577,0.2614054770864964,0.9728043489137335,0.9600633566541976,9.754640250192265,10.466039122019502,11.687507955760196
xcit_nano_12_p16_224_classification,vit_base_patch32_224_classification,242,218,subj01,10000,100,100,100,tilde,56,True,8.91094034638048,0.8436999038117854,0.7535803349893726,1.1285649611236028,9.754640250192265,9.664520681369853,11.63678554630524
xcit_nano_12_p16_224_classification,vit_base_patch16_224_classification,242,197,subj01,10000,100,100,100,tilde,56,True,9.27876368201342,0.4758765681788475,0.8675060939648507,1.029652149878757,9.754640250192265,10.146269775978269,11.651798494035873
xcit_nano_12_p16_224_classification,tnt_s_patch16_224_classification,242,198,subj01,10000,100,100,100,tilde,56,True,9.054689257268702,0.6999509929235614,0.5853600138926947,1.0562786974552196,9.754640250192265,9.640049271161399,11.39627896154018
xcit_nano_12_p16_224_classification,crossvit_base_240_classification,242,336,subj01,10000,100,100,100,tilde,56,True,9.219173052065216,0.5354671981270496,1.0504734012167791,1.0111659515679001,9.754640250192265,10.269646453281995,11.816279602976945
xcit_nano_12_p16_224_classification,deit_base_patch16_224_classification,242,205,subj01,10000,100,100,100,tilde,56,True,9.23199226051062,0.5226479896816478,1.0520325177392476,0.9741490923412748,9.754640250192265,10.284024778249865,11.780821860272788
xcit_nano_12_p16_224_classification,levit_128_classification,242,181,subj01,10000,100,100,100,tilde,56,True,9.027069523679602,0.7275707265126616,1.5483974992785505,0.9982619410915579,9.754640250192265,10.575467022958154,12.301299690562374
xcit_nano_12_p16_224_classification,coat_lite_tiny_classification,242,219,subj01,10000,100,100,100,tilde,56,True,9.551411908903189,0.2032283412890763,1.367505072809056,0.9641438171760566,9.754640250192265,10.918916981712245,12.086289140177378
xcit_nano_12_p16_224_classification,visformer_small_classification,242,163,subj01,10000,100,100,100,tilde,56,True,9.566221723689107,0.18841852650315793,1.4541317882150278,0.9863228915635318,9.754640250192265,11.020353511904135,12.195094929970825
xcit_nano_12_p16_224_classification,convit_base_classification,242,201,subj01,10000,100,100,100,tilde,56,True,9.222073780067275,0.5325664701249906,0.856219458323487,0.9873529113316604,9.754640250192265,10.078293238390762,11.598212619847413
xcit_nano_12_p16_224_classification,ViT-B_32_clip,242,53,subj01,10000,100,100,100,tilde,56,True,9.710833515988536,0.043806734203728936,1.8404819448597909,1.0082353014974181,9.754640250192265,11.551315460848327,12.603357496549474
xcit_nano_12_p16_224_classification,RN50_clip,242,179,subj01,10000,100,100,100,tilde,56,True,9.59616190935833,0.15847834083393764,2.4430638796015405,1.0105126782234137,9.754640250192265,12.039225788959868,13.20821680801722
xcit_nano_12_p16_224_classification,RN101_clip,242,366,subj01,10000,100,100,100,tilde,56,True,9.304747921128149,0.4498923290641166,2.250730371019639,1.1620695056908925,9.754640250192265,11.555478292147788,13.167440126902797
xcit_nano_12_p16_224_classification,ViT-L_14_clip,242,96,subj01,10000,100,100,100,tilde,56,True,9.637156283202707,0.11748396698956043,1.9490038917854466,1.118145019829413,9.754640250192265,11.586160174988152,12.821789161807125
xcit_nano_12_p16_224_classification,ResNet50-SimCLR_selfsupervised,242,162,subj01,10000,100,100,100,tilde,56,True,9.315397567111672,0.4392426830805949,1.4313516284279366,1.0305719697094613,9.754640250192265,10.746749195539607,12.216563848329663
xcit_nano_12_p16_224_classification,ResNet50-DeepClusterV2-2x224_selfsupervised,242,162,subj01,10000,100,100,100,tilde,56,True,9.365414637652782,0.38922561253948373,1.2044861340188255,1.0180316445731439,9.754640250192265,10.569900771671607,11.977158028784235
xcit_nano_12_p16_224_classification,ResNet50-SwAV-BS4096-2x224_selfsupervised,242,165,subj01,10000,100,100,100,tilde,56,True,9.212169756318138,0.5424704938741272,1.28349574618559,0.9729653917428269,9.754640250192265,10.495665502503728,12.011101388120682
xcit_nano_12_p16_224_classification,ResNet50-PIRL_selfsupervised,242,165,subj01,10000,100,100,100,tilde,56,True,9.120859979445646,0.6337802707466196,0.9920380977317222,1.0943093587023665,9.754640250192265,10.112898077177368,11.840987706626354
xcit_nano_12_p16_224_classification,ResNet50-ClusterFit-16K-RotNet_selfsupervised,242,160,subj01,10000,100,100,100,tilde,56,True,8.515253476513825,1.23938677367844,0.6663002508999334,1.0684318766452012,9.754640250192265,9.181553727413759,11.4893723777374
xcit_nano_12_p16_224_classification,ResNet50-MoCoV2-BS256_selfsupervised,242,155,subj01,10000,100,100,100,tilde,56,True,9.206042668754362,0.5485975814379014,1.1196094018001226,1.0093664075929762,9.754640250192265,10.325652070554487,11.883616059585364
swin_large_patch4_window7_224_classification,jx_nest_tiny_classification,281,148,subj01,10000,100,100,100,tilde,56,True,9.970427522926663,1.0027227027619752,0.9866506261298689,1.18191949996557,10.973150225688638,10.957078149056532,13.141720351784077
swin_large_patch4_window7_224_classification,pit_ti_224_classification,281,207,subj01,10000,100,100,100,tilde,56,True,9.574116902238124,1.3990333234505137,0.8919222197813781,1.1814620391068864,10.973150225688638,10.466039122019502,13.046534484576902
swin_large_patch4_window7_224_classification,vit_base_patch32_224_classification,281,218,subj01,10000,100,100,100,tilde,56,True,9.253641394372579,1.7195088313160607,0.4108792869972753,1.202312888674328,10.973150225688638,9.664520681369853,12.586342401360241
swin_large_patch4_window7_224_classification,vit_base_patch16_224_classification,281,197,subj01,10000,100,100,100,tilde,56,True,9.498797167547067,1.4743530581415705,0.647472608431201,1.1872837419684572,10.973150225688638,10.146269775978269,12.807906576088296
swin_large_patch4_window7_224_classification,tnt_s_patch16_224_classification,281,198,subj01,10000,100,100,100,tilde,56,True,9.251277904101578,1.7218723215870604,0.38877136705982096,1.1139584902550084,10.973150225688638,9.640049271161399,12.475880083003467
swin_large_patch4_window7_224_classification,crossvit_base_240_classification,281,336,subj01,10000,100,100,100,tilde,56,True,9.633484260564877,1.3396659651237623,0.6361621927171193,1.1559947229274457,10.973150225688638,10.269646453281995,12.765307141333203
swin_large_patch4_window7_224_classification,deit_base_patch16_224_classification,281,205,subj01,10000,100,100,100,tilde,56,True,9.615119123292422,1.3580311023962164,0.6689056549574435,1.1384141622968986,10.973150225688638,10.284024778249865,12.78047004294298
swin_large_patch4_window7_224_classification,levit_128_classification,281,181,subj01,10000,100,100,100,tilde,56,True,9.652319545203532,1.3208306804851055,0.9231474777546218,1.17198648980985,10.973150225688638,10.575467022958154,13.06828419325311
swin_large_patch4_window7_224_classification,coat_lite_tiny_classification,281,219,subj01,10000,100,100,100,tilde,56,True,9.819015487084407,1.1541347386042329,1.09990149462784,1.1768962336582476,10.973150225688638,10.918916981712245,13.249947953974726
swin_large_patch4_window7_224_classification,visformer_small_classification,281,163,subj01,10000,100,100,100,tilde,56,True,9.899520889625462,1.0736293360631777,1.1208326222786749,1.1573887860105447,10.973150225688638,11.020353511904135,13.251371633977858
swin_large_patch4_window7_224_classification,convit_base_classification,281,201,subj01,10000,100,100,100,tilde,56,True,9.513960009265816,1.4591902164228205,0.5643332291249443,1.076700014211287,10.973150225688638,10.078293238390762,12.61418346902487
swin_large_patch4_window7_224_classification,ViT-B_32_clip,281,53,subj01,10000,100,100,100,tilde,56,True,10.15778267989288,0.8153675457957554,1.3935327809554447,1.2399587420105664,10.973150225688638,11.551315460848327,13.60664174865465
swin_large_patch4_window7_224_classification,RN50_clip,281,179,subj01,10000,100,100,100,tilde,56,True,10.421252397080337,0.5518978286083005,1.6179733918795307,1.190482992830372,10.973150225688638,12.039225788959868,13.78160661039854
swin_large_patch4_window7_224_classification,RN101_clip,281,366,subj01,10000,100,100,100,tilde,56,True,10.25765225167912,0.7154979740095158,1.2978260404686655,1.1516592257695049,10.973150225688638,11.555478292147788,13.422635491926808
swin_large_patch4_window7_224_classification,ViT-L_14_clip,281,96,subj01,10000,100,100,100,tilde,56,True,10.179256764949871,0.7938934607387669,1.4069034100382805,1.2674138061215228,10.973150225688638,11.586160174988152,13.647467441848441
swin_large_patch4_window7_224_classification,ResNet50-SimCLR_selfsupervised,281,162,subj01,10000,100,100,100,tilde,56,True,9.642686791685069,1.330463434003569,1.1040624038545381,1.2191449038028317,10.973150225688638,10.746749195539607,13.296357533346008
swin_large_patch4_window7_224_classification,ResNet50-DeepClusterV2-2x224_selfsupervised,281,162,subj01,10000,100,100,100,tilde,56,True,9.676287451770254,1.2968627739183862,0.8936133199013554,1.2350055156473907,10.973150225688638,10.569900771671607,13.101769061237384
swin_large_patch4_window7_224_classification,ResNet50-SwAV-BS4096-2x224_selfsupervised,281,165,subj01,10000,100,100,100,tilde,56,True,9.694882979189108,1.2782672464995315,0.8007825233146217,1.159702219582174,10.973150225688638,10.495665502503728,12.933634968585434
swin_large_patch4_window7_224_classification,ResNet50-PIRL_selfsupervised,281,165,subj01,10000,100,100,100,tilde,56,True,9.257672673439133,1.715477552249503,0.855225403738233,1.250672985072681,10.973150225688638,10.112898077177368,13.079048614499552
swin_large_patch4_window7_224_classification,ResNet50-ClusterFit-16K-RotNet_selfsupervised,281,160,subj01,10000,100,100,100,tilde,56,True,8.565018644820913,2.4081315808677264,0.6165350825928471,1.2428074571185839,10.973150225688638,9.181553727413759,12.832492765400069
swin_large_patch4_window7_224_classification,ResNet50-MoCoV2-BS256_selfsupervised,281,155,subj01,10000,100,100,100,tilde,56,True,9.390924478360246,1.5822257473283923,0.9347275921942408,1.2641868786177657,10.973150225688638,10.325652070554487,13.172064696500644
jx_nest_tiny_classification,pit_ti_224_classification,148,207,subj01,10000,100,100,100,tilde,56,True,10.223191333885007,0.733886815171525,0.2428477881344957,0.8892057245249365,10.957078149056532,10.466039122019502,12.089131661715964
jx_nest_tiny_classification,vit_base_patch32_224_classification,148,218,subj01,10000,100,100,100,tilde,56,True,9.546171852580535,1.4109062964759982,0.11834882878931907,1.0518161351964288,10.957078149056532,9.664520681369853,12.12724311304228
jx_nest_tiny_classification,vit_base_patch16_224_classification,148,197,subj01,10000,100,100,100,tilde,56,True,10.011490872592292,0.9455872764642397,0.13477890338597653,0.9802702362050209,10.957078149056532,10.146269775978269,12.072127288647529
jx_nest_tiny_classification,tnt_s_patch16_224_classification,148,198,subj01,10000,100,100,100,tilde,56,True,9.606926317472297,1.3501518315842347,0.033122953689101564,0.9442156100181265,10.957078149056532,9.640049271161399,11.93441671276376
jx_nest_tiny_classification,crossvit_base_240_classification,148,336,subj01,10000,100,100,100,tilde,56,True,10.13304665366294,0.8240314953935926,0.13659979961905577,0.9480976092877889,10.957078149056532,10.269646453281995,12.041775557963376
jx_nest_tiny_classification,deit_base_patch16_224_classification,148,205,subj01,10000,100,100,100,tilde,56,True,10.170521263894118,0.7865568851624136,0.11350351435574701,0.9137921943315863,10.957078149056532,10.284024778249865,11.984373857743865
jx_nest_tiny_classification,levit_128_classification,148,181,subj01,10000,100,100,100,tilde,56,True,10.088507876754482,0.8685702723020494,0.486959146203672,0.9483069368623536,10.957078149056532,10.575467022958154,12.392344232122557
jx_nest_tiny_classification,coat_lite_tiny_classification,148,219,subj01,10000,100,100,100,tilde,56,True,10.399627871902565,0.5574502771539684,0.5192891098096819,0.9219010841252899,10.957078149056532,10.918916981712245,12.398268342991503
jx_nest_tiny_classification,visformer_small_classification,148,163,subj01,10000,100,100,100,tilde,56,True,10.590501106434232,0.3665770426223016,0.4298524054699051,0.9215293258744772,10.957078149056532,11.020353511904135,12.308459880400914
jx_nest_tiny_classification,convit_base_classification,148,201,subj01,10000,100,100,100,tilde,56,True,9.948311055973496,1.0087670930830335,0.12998218241726356,0.9020827270625684,10.957078149056532,10.078293238390762,11.989143058536364
jx_nest_tiny_classification,ViT-B_32_clip,148,53,subj01,10000,100,100,100,tilde,56,True,10.741234799374597,0.21584334968193275,0.8100806614737284,1.029754363049177,10.957078149056532,11.551315460848327,12.796913173579437
jx_nest_tiny_classification,RN50_clip,148,179,subj01,10000,100,100,100,tilde,56,True,10.521343095387069,0.43573505366946286,1.5178826935727994,1.096727750494951,10.957078149056532,12.039225788959868,13.571688593124282
jx_nest_tiny_classification,RN101_clip,148,366,subj01,10000,100,100,100,tilde,56,True,10.124159998564439,0.8329181504920911,1.431318293583347,1.2196261725516724,10.957078149056532,11.555478292147788,13.608022615191551
jx_nest_tiny_classification,ViT-L_14_clip,148,96,subj01,10000,100,100,100,tilde,56,True,10.64038983206982,0.3166883169867116,0.9457703429183315,1.1178780470687801,10.957078149056532,11.586160174988152,13.020726539043643
jx_nest_tiny_classification,ResNet50-SimCLR_selfsupervised,148,162,subj01,10000,100,100,100,tilde,56,True,10.191651733913615,0.7654264151429171,0.5550974616259925,1.057009973513134,10.957078149056532,10.746749195539607,12.569185584195658
jx_nest_tiny_classification,ResNet50-DeepClusterV2-2x224_selfsupervised,148,162,subj01,10000,100,100,100,tilde,56,True,10.171227251600273,0.7858508974562604,0.39867352007133583,1.0325310878411376,10.957078149056532,10.569900771671607,12.388282756969005
jx_nest_tiny_classification,ResNet50-SwAV-BS4096-2x224_selfsupervised,148,165,subj01,10000,100,100,100,tilde,56,True,10.108563766746949,0.8485143823095846,0.3871017357567812,1.0053755701078355,10.957078149056532,10.495665502503728,12.349555454921148
jx_nest_tiny_classification,ResNet50-PIRL_selfsupervised,148,165,subj01,10000,100,100,100,tilde,56,True,9.850154321565238,1.1069238274912916,0.2627437556121279,1.0125151496237308,10.957078149056532,10.112898077177368,12.23233705429239
jx_nest_tiny_classification,ResNet50-ClusterFit-16K-RotNet_selfsupervised,148,160,subj01,10000,100,100,100,tilde,56,True,9.102939367614422,1.8541387814421117,0.07861435979933873,0.9634755988012742,10.957078149056532,9.181553727413759,11.999168107657145
jx_nest_tiny_classification,ResNet50-MoCoV2-BS256_selfsupervised,148,155,subj01,10000,100,100,100,tilde,56,True,9.94357968925166,1.0134984598048717,0.3820723813028266,0.9903897573002709,10.957078149056532,10.325652070554487,12.32954028765963
pit_ti_224_classification,vit_base_patch32_224_classification,207,218,subj01,10000,100,100,100,tilde,56,True,9.302503493332798,1.1635356286867022,0.3620171880370524,0.970655995298161,10.466039122019502,9.664520681369853,11.798712305354716
pit_ti_224_classification,vit_base_patch16_224_classification,207,197,subj01,10000,100,100,100,tilde,56,True,9.757797887424626,0.7082412345948761,0.38847188855364223,0.9303421839716357,10.466039122019502,10.146269775978269,11.78485319454478
pit_ti_224_classification,tnt_s_patch16_224_classification,207,198,subj01,10000,100,100,100,tilde,56,True,9.425130466152554,1.0409086558669483,0.21491880500884442,0.9509621452673276,10.466039122019502,9.640049271161399,11.631920072295674
pit_ti_224_classification,crossvit_base_240_classification,207,336,subj01,10000,100,100,100,tilde,56,True,9.76982772769435,0.6962113943251502,0.49981872558764273,0.8963825637002412,10.466039122019502,10.269646453281995,11.862240411307386
pit_ti_224_classification,deit_base_patch16_224_classification,207,205,subj01,10000,100,100,100,tilde,56,True,9.753977545248555,0.7120615767709477,0.5300472330013104,0.8982905773814505,10.466039122019502,10.284024778249865,11.894376932402263
pit_ti_224_classification,levit_128_classification,207,181,subj01,10000,100,100,100,tilde,56,True,9.633339311433433,0.8326998105860692,0.9421277115247211,0.8634129976626053,10.466039122019502,10.575467022958154,12.271579831206829
pit_ti_224_classification,coat_lite_tiny_classification,207,219,subj01,10000,100,100,100,tilde,56,True,10.297528262547889,0.1685108594716116,0.6213887191643543,0.8694149010828589,10.466039122019502,10.918916981712245,11.956842742266716
pit_ti_224_classification,visformer_small_classification,207,163,subj01,10000,100,100,100,tilde,56,True,10.258637528979811,0.2074015930396893,0.7617159829243221,0.9391295462984033,10.466039122019502,11.020353511904135,12.166884651242228
pit_ti_224_classification,convit_base_classification,207,201,subj01,10000,100,100,100,tilde,56,True,9.678529063848698,0.7875100581708061,0.3997641745420655,0.9346956567573077,10.466039122019502,10.078293238390762,11.800498953318876
pit_ti_224_classification,ViT-B_32_clip,207,53,subj01,10000,100,100,100,tilde,56,True,10.437560346792653,0.028478775226851383,1.1137551140556763,0.9288306424067851,10.466039122019502,11.551315460848327,12.508624878481964
pit_ti_224_classification,RN50_clip,207,179,subj01,10000,100,100,100,tilde,56,True,10.108153789946964,0.3578853320725379,1.9310719990129037,1.0310997262246566,10.466039122019502,12.039225788959868,13.428210847257063
pit_ti_224_classification,RN101_clip,207,366,subj01,10000,100,100,100,tilde,56,True,9.69339487613716,0.7726442458823435,1.8620834160106288,1.142215084735346,10.466039122019502,11.555478292147788,13.470337622765477
pit_ti_224_classification,ViT-L_14_clip,207,96,subj01,10000,100,100,100,tilde,56,True,10.267249658866772,0.19878946315273005,1.3189105161213792,1.0682763039561305,10.466039122019502,11.586160174988152,12.853225942097012
pit_ti_224_classification,ResNet50-SimCLR_selfsupervised,207,162,subj01,10000,100,100,100,tilde,56,True,9.830746380355407,0.6352927416640952,0.9160028151841999,0.9968614848268729,10.466039122019502,10.746749195539607,12.378903422030575
pit_ti_224_classification,ResNet50-DeepClusterV2-2x224_selfsupervised,207,162,subj01,10000,100,100,100,tilde,56,True,9.902551048265016,0.5634880737544847,0.6673497234065895,0.9713425419389825,10.466039122019502,10.569900771671607,12.104731387365074
pit_ti_224_classification,ResNet50-SwAV-BS4096-2x224_selfsupervised,207,165,subj01,10000,100,100,100,tilde,56,True,9.683277647063582,0.7827614749559189,0.8123878554401447,0.9382921504699002,10.466039122019502,10.495665502503728,12.216719127929547
pit_ti_224_classification,ResNet50-PIRL_selfsupervised,207,165,subj01,10000,100,100,100,tilde,56,True,9.579816733328395,0.8862223886911096,0.5330813438489752,1.0284798705152962,10.466039122019502,10.112898077177368,12.027600336383774
pit_ti_224_classification,ResNet50-ClusterFit-16K-RotNet_selfsupervised,207,160,subj01,10000,100,100,100,tilde,56,True,9.006480370060796,1.4595587519587045,0.1750733573529608,0.9265340471438677,10.466039122019502,9.181553727413759,11.56764652651633
pit_ti_224_classification,ResNet50-MoCoV2-BS256_selfsupervised,207,155,subj01,10000,100,100,100,tilde,56,True,9.881660847593457,0.5843782744260455,0.44399122296102966,0.9048897763034471,10.466039122019502,10.325652070554487,11.81492012128398
vit_base_patch32_224_classification,vit_base_patch16_224_classification,218,197,subj01,10000,100,100,100,tilde,56,True,9.395700541652538,0.2688201397173131,0.7505692343257291,0.9186623791801694,9.664520681369853,10.146269775978269,11.333752294875751
vit_base_patch32_224_classification,tnt_s_patch16_224_classification,218,198,subj01,10000,100,100,100,tilde,56,True,9.045651456431674,0.6188692249381802,0.5943978147297262,1.0732307807628096,9.664520681369853,9.640049271161399,11.332149276862388
vit_base_patch32_224_classification,crossvit_base_240_classification,218,336,subj01,10000,100,100,100,tilde,56,True,9.358931208294239,0.3055894730756137,0.910715244987756,1.0951156854879276,9.664520681369853,10.269646453281995,11.670351611845536
vit_base_patch32_224_classification,deit_base_patch16_224_classification,218,205,subj01,10000,100,100,100,tilde,56,True,9.341454316476968,0.3230663648928829,0.9425704617728954,1.0799471489486745,9.664520681369853,10.284024778249865,11.687038292091422
vit_base_patch32_224_classification,levit_128_classification,218,181,subj01,10000,100,100,100,tilde,56,True,9.249688324122053,0.41483235724780165,1.3257786988361033,1.0453445064355957,9.664520681369853,10.575467022958154,12.035643886641552
vit_base_patch32_224_classification,coat_lite_tiny_classification,218,219,subj01,10000,100,100,100,tilde,56,True,9.371415426459286,0.29310525491056616,1.5475015552529587,1.003175392922504,9.664520681369853,10.918916981712245,12.215197629545315
vit_base_patch32_224_classification,visformer_small_classification,218,163,subj01,10000,100,100,100,tilde,56,True,9.426738694242268,0.23778198712758503,1.5936148176618676,1.1029856746518867,9.664520681369853,11.020353511904135,12.361121173683607
vit_base_patch32_224_classification,convit_base_classification,218,201,subj01,10000,100,100,100,tilde,56,True,9.234491109952348,0.43002957141750464,0.8438021284384138,1.093311798625347,9.664520681369853,10.078293238390762,11.601634608433613
vit_base_patch32_224_classification,ViT-B_32_clip,218,53,subj01,10000,100,100,100,tilde,56,True,9.664520681369853,0.0,1.8867947794784747,0.8825426347531984,9.664520681369853,11.551315460848327,12.433858095601526
vit_base_patch32_224_classification,RN50_clip,218,179,subj01,10000,100,100,100,tilde,56,True,9.635067617893561,0.029453063476289287,2.404158171066305,1.0109655160010256,9.664520681369853,12.039225788959868,13.079644368437183
vit_base_patch32_224_classification,RN101_clip,218,366,subj01,10000,100,100,100,tilde,56,True,9.40417875605543,0.2603419253144228,2.151299536092358,1.1570263653859847,9.664520681369853,11.555478292147788,12.972846582848195
vit_base_patch32_224_classification,ViT-L_14_clip,218,96,subj01,10000,100,100,100,tilde,56,True,9.611993554188881,0.0525271271809693,1.9741666207992683,1.0516913850766123,9.664520681369853,11.586160174988152,12.690378687245733
vit_base_patch32_224_classification,ResNet50-SimCLR_selfsupervised,218,162,subj01,10000,100,100,100,tilde,56,True,9.384005033095413,0.280515648274438,1.3627441624441925,1.1155944219689857,9.664520681369853,10.746749195539607,12.14285926578303
vit_base_patch32_224_classification,ResNet50-DeepClusterV2-2x224_selfsupervised,218,162,subj01,10000,100,100,100,tilde,56,True,9.343440340461912,0.32108034090794035,1.226460431209695,1.1307025219874074,9.664520681369853,10.569900771671607,12.021683634566955
vit_base_patch32_224_classification,ResNet50-SwAV-BS4096-2x224_selfsupervised,218,165,subj01,10000,100,100,100,tilde,56,True,9.354781818717573,0.3097388626522797,1.1408836837861553,1.0987274041969393,9.664520681369853,10.495665502503728,11.904131769352947
vit_base_patch32_224_classification,ResNet50-PIRL_selfsupervised,218,165,subj01,10000,100,100,100,tilde,56,True,9.094254227241553,0.5702664541282996,1.018643849935815,1.2415043013221947,9.664520681369853,10.112898077177368,11.924668832627862
vit_base_patch32_224_classification,ResNet50-ClusterFit-16K-RotNet_selfsupervised,218,160,subj01,10000,100,100,100,tilde,56,True,8.493934362604477,1.1705863187653751,0.6876193648092812,1.186489165698891,9.664520681369853,9.181553727413759,11.538629211878025
vit_base_patch32_224_classification,ResNet50-MoCoV2-BS256_selfsupervised,218,155,subj01,10000,100,100,100,tilde,56,True,9.114427988177983,0.5500926931918713,1.2112240823765053,1.0804011845228167,9.664520681369853,10.325652070554487,11.956145948269175
vit_base_patch16_224_classification,tnt_s_patch16_224_classification,197,198,subj01,10000,100,100,100,tilde,56,True,9.363513539036846,0.782756236941422,0.27653573212455207,0.9740409152681924,10.146269775978269,9.640049271161399,11.396846423371013
vit_base_patch16_224_classification,crossvit_base_240_classification,197,336,subj01,10000,100,100,100,tilde,56,True,9.673065359097116,0.4732044168811509,0.5965810941848773,0.9889314272775067,10.146269775978269,10.269646453281995,11.731782297440652
vit_base_patch16_224_classification,deit_base_patch16_224_classification,197,205,subj01,10000,100,100,100,tilde,56,True,9.66465392006561,0.48161585591265776,0.6193708581842543,0.9773015391441895,10.146269775978269,10.284024778249865,11.742942173306712
vit_base_patch16_224_classification,levit_128_classification,197,181,subj01,10000,100,100,100,tilde,56,True,9.482188561512128,0.6640812144661403,1.093278461446026,1.0388416366533306,10.146269775978269,10.575467022958154,12.278389874077625
vit_base_patch16_224_classification,coat_lite_tiny_classification,197,219,subj01,10000,100,100,100,tilde,56,True,9.863820210861348,0.2824495651169183,1.055096770850895,0.956763004543923,10.146269775978269,10.918916981712245,12.158129551373086
vit_base_patch16_224_classification,visformer_small_classification,197,163,subj01,10000,100,100,100,tilde,56,True,9.863157589155488,0.2831121868227786,1.1571959227486452,1.028707318480567,10.146269775978269,11.020353511904135,12.33217301720748
vit_base_patch16_224_classification,convit_base_classification,197,201,subj01,10000,100,100,100,tilde,56,True,9.59136764713277,0.5549021288454998,0.48692559125799306,0.9808473223944532,10.146269775978269,10.078293238390762,11.614042689630715
vit_base_patch16_224_classification,ViT-B_32_clip,197,53,subj01,10000,100,100,100,tilde,56,True,10.14626977597827,0.0,1.4050456848700588,0.8981527802480986,10.146269775978269,11.551315460848327,12.449468241096426
vit_base_patch16_224_classification,RN50_clip,197,179,subj01,10000,100,100,100,tilde,56,True,10.031094092123707,0.11517568385456123,2.008131696836161,0.9997460803276699,10.146269775978269,12.039225788959868,13.1541475531421
vit_base_patch16_224_classification,RN101_clip,197,366,subj01,10000,100,100,100,tilde,56,True,9.701681468105427,0.4445883078728432,1.8537968240423623,1.131422713176697,10.146269775978269,11.555478292147788,13.131489313197328
vit_base_patch16_224_classification,ViT-L_14_clip,197,96,subj01,10000,100,100,100,tilde,56,True,10.130229558439652,0.01604021753861673,1.4559306165484998,0.9887119312343202,10.146269775978269,11.586160174988152,12.590912323761088
vit_base_patch16_224_classification,ResNet50-SimCLR_selfsupervised,197,162,subj01,10000,100,100,100,tilde,56,True,9.784592493405107,0.36167728257316156,0.9621567021345001,1.045151832065887,10.146269775978269,10.746749195539607,12.153578310178656
vit_base_patch16_224_classification,ResNet50-DeepClusterV2-2x224_selfsupervised,197,162,subj01,10000,100,100,100,tilde,56,True,9.75967719935962,0.38659257661864643,0.810223572311985,1.089881612381573,10.146269775978269,10.569900771671607,12.046374960671827
vit_base_patch16_224_classification,ResNet50-SwAV-BS4096-2x224_selfsupervised,197,165,subj01,10000,100,100,100,tilde,56,True,9.661447888271889,0.4848218877063779,0.8342176142318376,1.0165420054467038,10.146269775978269,10.495665502503728,11.99702939565681
vit_base_patch16_224_classification,ResNet50-PIRL_selfsupervised,197,165,subj01,10000,100,100,100,tilde,56,True,9.445928838632739,0.7003409373455316,0.6669692385446311,1.1175850101050528,10.146269775978269,10.112898077177368,11.930824024627952
vit_base_patch16_224_classification,ResNet50-ClusterFit-16K-RotNet_selfsupervised,197,160,subj01,10000,100,100,100,tilde,56,True,8.736378281886793,1.4098914940914735,0.44517544552696364,1.073980244612759,10.146269775978269,9.181553727413759,11.665425466117991
vit_base_patch16_224_classification,ResNet50-MoCoV2-BS256_selfsupervised,197,155,subj01,10000,100,100,100,tilde,56,True,9.59042717875346,0.5558425972248084,0.7352248918010265,1.0133840753826906,10.146269775978269,10.325652070554487,11.894878743161986
tnt_s_patch16_224_classification,crossvit_base_240_classification,198,336,subj01,10000,100,100,100,tilde,56,True,9.397436260244401,0.24261301091699927,0.8722101930375956,0.9720185196786773,9.640049271161399,10.269646453281995,11.484277983877671
tnt_s_patch16_224_classification,deit_base_patch16_224_classification,198,205,subj01,10000,100,100,100,tilde,56,True,9.392454907145662,0.2475943640157361,0.8915698711042026,0.9119239316695555,9.640049271161399,10.284024778249865,11.443543073935157
tnt_s_patch16_224_classification,levit_128_classification,198,181,subj01,10000,100,100,100,tilde,56,True,9.045802713938093,0.5942465572233058,1.5296643090200615,1.033175909742278,9.640049271161399,10.575467022958154,12.202889489923738
tnt_s_patch16_224_classification,coat_lite_tiny_classification,198,219,subj01,10000,100,100,100,tilde,56,True,9.444229583013088,0.19581968814831185,1.4746873986991584,0.989939209942543,9.640049271161399,10.918916981712245,12.1046758798031
tnt_s_patch16_224_classification,visformer_small_classification,198,163,subj01,10000,100,100,100,tilde,56,True,9.484293588524336,0.1557556826370643,1.536059923379801,1.0032798246955235,9.640049271161399,11.020353511904135,12.179389019236723
tnt_s_patch16_224_classification,convit_base_classification,198,201,subj01,10000,100,100,100,tilde,56,True,9.339309221011906,0.300740050149491,0.7389840173788542,0.9343607677273873,9.640049271161399,10.078293238390762,11.31339405626764
tnt_s_patch16_224_classification,ViT-B_32_clip,198,53,subj01,10000,100,100,100,tilde,56,True,9.640049271161397,0.0,1.9112661896869287,0.9693330066648915,9.640049271161399,11.551315460848327,12.520648467513219
tnt_s_patch16_224_classification,RN50_clip,198,179,subj01,10000,100,100,100,tilde,56,True,9.566029886443271,0.07401938471812741,2.473195902516597,1.002254321616718,9.640049271161399,12.039225788959868,13.115499495294713
tnt_s_patch16_224_classification,RN101_clip,198,366,subj01,10000,100,100,100,tilde,56,True,9.343381768687085,0.2966675024743122,2.2120965234607013,1.0575555384283817,9.640049271161399,11.555478292147788,12.909701333050482
tnt_s_patch16_224_classification,ViT-L_14_clip,198,96,subj01,10000,100,100,100,tilde,56,True,9.615333457496902,0.024715813664496267,1.9708267174912493,1.0740426311341444,9.640049271161399,11.586160174988152,12.684918619786792
tnt_s_patch16_224_classification,ResNet50-SimCLR_selfsupervised,198,162,subj01,10000,100,100,100,tilde,56,True,9.358198801508875,0.28185046965252347,1.388550394030732,1.009931480495224,9.640049271161399,10.746749195539607,12.038531145687354
tnt_s_patch16_224_classification,ResNet50-DeepClusterV2-2x224_selfsupervised,198,162,subj01,10000,100,100,100,tilde,56,True,9.328727969620344,0.3113213015410565,1.2411728020512651,1.0690960686179007,9.640049271161399,10.569900771671607,11.950318141830564
tnt_s_patch16_224_classification,ResNet50-SwAV-BS4096-2x224_selfsupervised,198,165,subj01,10000,100,100,100,tilde,56,True,9.259008543811174,0.38104072735022676,1.2366569586925564,0.9635150304010587,9.640049271161399,10.495665502503728,11.840221260255014
tnt_s_patch16_224_classification,ResNet50-PIRL_selfsupervised,198,165,subj01,10000,100,100,100,tilde,56,True,9.14072687144689,0.4993223997145062,0.9721712057304757,1.0509171810126325,9.640049271161399,10.112898077177368,11.663137657904507
tnt_s_patch16_224_classification,ResNet50-ClusterFit-16K-RotNet_selfsupervised,198,160,subj01,10000,100,100,100,tilde,56,True,8.457115979599012,1.1829332915623887,0.7244377478147488,1.0924697683612212,9.640049271161399,9.181553727413759,11.456956787337369
tnt_s_patch16_224_classification,ResNet50-MoCoV2-BS256_selfsupervised,198,155,subj01,10000,100,100,100,tilde,56,True,9.177411750350442,0.4626375208109561,1.148240320204044,1.011494535313025,9.640049271161399,10.325652070554487,11.799784126678468
crossvit_base_240_classification,deit_base_patch16_224_classification,336,205,subj01,10000,100,100,100,tilde,56,True,9.96774215012509,0.30190430315690264,0.3162826281247728,0.9134685763427157,10.269646453281995,10.284024778249865,11.499397657749483
crossvit_base_240_classification,levit_128_classification,336,181,subj01,10000,100,100,100,tilde,56,True,9.691747893197208,0.5778985600847886,0.8837191297609479,1.0017425166484966,10.269646453281995,10.575467022958154,12.15510809969144
crossvit_base_240_classification,coat_lite_tiny_classification,336,219,subj01,10000,100,100,100,tilde,56,True,9.859113827896007,0.4105326253859882,1.0598031538162385,0.9940897720339201,10.269646453281995,10.918916981712245,12.323539379132153
crossvit_base_240_classification,visformer_small_classification,336,163,subj01,10000,100,100,100,tilde,56,True,10.025390687774628,0.24425576550736672,0.994962824129507,0.985588463077061,10.269646453281995,11.020353511904135,12.250197740488563
crossvit_base_240_classification,convit_base_classification,336,201,subj01,10000,100,100,100,tilde,56,True,9.729190080529705,0.5404563727522902,0.34910315786105706,0.9059504059252603,10.269646453281995,10.078293238390762,11.524700017068312
crossvit_base_240_classification,ViT-B_32_clip,336,53,subj01,10000,100,100,100,tilde,56,True,10.190882103755827,0.07876434952616762,1.3604333570925,0.9677418725843534,10.269646453281995,11.551315460848327,12.597821682958848
crossvit_base_240_classification,RN50_clip,336,179,subj01,10000,100,100,100,tilde,56,True,10.037749943664366,0.2318965096176271,2.0014758452955004,1.011906254542744,10.269646453281995,12.039225788959868,13.28302855312024
crossvit_base_240_classification,RN101_clip,336,366,subj01,10000,100,100,100,tilde,56,True,9.746190684526333,0.523455768755662,1.8092876076214548,1.1087059271464703,10.269646453281995,11.555478292147788,13.18763998804992
crossvit_base_240_classification,ViT-L_14_clip,336,96,subj01,10000,100,100,100,tilde,56,True,10.106234502763215,0.16341195051877833,1.479925672224935,1.0626748010929994,10.269646453281995,11.586160174988152,12.81224692659993
crossvit_base_240_classification,ResNet50-SimCLR_selfsupervised,336,162,subj01,10000,100,100,100,tilde,56,True,9.793125760445383,0.47652069283661014,0.9536234350942223,1.0353905595231314,10.269646453281995,10.746749195539607,12.258660447899349
crossvit_base_240_classification,ResNet50-DeepClusterV2-2x224_selfsupervised,336,162,subj01,10000,100,100,100,tilde,56,True,9.724012544499637,0.5456339087823583,0.8458882271719705,1.0506976441786868,10.269646453281995,10.569900771671607,12.166232324632652
crossvit_base_240_classification,ResNet50-SwAV-BS4096-2x224_selfsupervised,336,165,subj01,10000,100,100,100,tilde,56,True,9.76335224519717,0.5062942080848245,0.7323132573065578,0.9950931095266871,10.269646453281995,10.495665502503728,11.99705282011524
crossvit_base_240_classification,ResNet50-PIRL_selfsupervised,336,165,subj01,10000,100,100,100,tilde,56,True,9.49068574628408,0.7789607069979141,0.6222123308932872,1.049692782628176,10.269646453281995,10.112898077177368,11.941551566803458
crossvit_base_240_classification,ResNet50-ClusterFit-16K-RotNet_selfsupervised,336,160,subj01,10000,100,100,100,tilde,56,True,8.842071843770865,1.4275746095111295,0.3394818836428932,1.0129629874928252,10.269646453281995,9.181553727413759,11.622091324417713
crossvit_base_240_classification,ResNet50-MoCoV2-BS256_selfsupervised,336,155,subj01,10000,100,100,100,tilde,56,True,9.474161933200389,0.7954845200816081,0.8514901373540997,1.0352040435084113,10.269646453281995,10.325652070554487,12.156340634144506
deit_base_patch16_224_classification,levit_128_classification,205,181,subj01,10000,100,100,100,tilde,56,True,9.72282476272675,0.5612000155231147,0.8526422602314039,0.9996651256956799,10.284024778249865,10.575467022958154,12.136332164176949
deit_base_patch16_224_classification,coat_lite_tiny_classification,205,219,subj01,10000,100,100,100,tilde,56,True,9.830285571042909,0.4537392072069544,1.0886314106693344,0.9617789511142174,10.284024778249865,10.918916981712245,12.334435140033417
deit_base_patch16_224_classification,visformer_small_classification,205,163,subj01,10000,100,100,100,tilde,56,True,10.057098713672348,0.22692606457751552,0.9632547982317856,0.9502411747057717,10.284024778249865,11.020353511904135,12.197520751187422
deit_base_patch16_224_classification,convit_base_classification,205,201,subj01,10000,100,100,100,tilde,56,True,9.75699964469402,0.5270251335558473,0.32129359369674404,0.901528373144096,10.284024778249865,10.078293238390762,11.506846745090705
deit_base_patch16_224_classification,ViT-B_32_clip,205,53,subj01,10000,100,100,100,tilde,56,True,10.181276268824433,0.10274850942543345,1.3700391920238957,0.986856678607186,10.284024778249865,11.551315460848327,12.640920648880947
deit_base_patch16_224_classification,RN50_clip,205,179,subj01,10000,100,100,100,tilde,56,True,10.042695628100912,0.24132915014895318,1.9965301608589563,1.0435382232733588,10.284024778249865,12.039225788959868,13.32409316238218
deit_base_patch16_224_classification,RN101_clip,205,366,subj01,10000,100,100,100,tilde,56,True,9.732582889812774,0.5514418884370933,1.822895402335016,1.1094896757899892,10.284024778249865,11.555478292147788,13.21640985637487
deit_base_patch16_224_classification,ViT-L_14_clip,205,96,subj01,10000,100,100,100,tilde,56,True,10.091852885449628,0.1921718928002374,1.4943072895385239,1.075852524841709,10.284024778249865,11.586160174988152,12.854184592630098
deit_base_patch16_224_classification,ResNet50-SimCLR_selfsupervised,205,162,subj01,10000,100,100,100,tilde,56,True,9.816860818921365,0.4671639593285004,0.9298883766182424,1.0224901223820897,10.284024778249865,10.746749195539607,12.236403277250197
deit_base_patch16_224_classification,ResNet50-DeepClusterV2-2x224_selfsupervised,205,162,subj01,10000,100,100,100,tilde,56,True,9.740796869625187,0.5432279086246758,0.8291039020464179,1.0502743975398818,10.284024778249865,10.569900771671607,12.163403077836165
deit_base_patch16_224_classification,ResNet50-SwAV-BS4096-2x224_selfsupervised,205,165,subj01,10000,100,100,100,tilde,56,True,9.819544058256556,0.46448071999330764,0.6761214442471708,0.9998650325202316,10.284024778249865,10.495665502503728,11.960011255017267
deit_base_patch16_224_classification,ResNet50-PIRL_selfsupervised,205,165,subj01,10000,100,100,100,tilde,56,True,9.518343207717859,0.7656815705320081,0.5945548694595111,1.048450163315156,10.284024778249865,10.112898077177368,11.927029811024532
deit_base_patch16_224_classification,ResNet50-ClusterFit-16K-RotNet_selfsupervised,205,160,subj01,10000,100,100,100,tilde,56,True,8.890442133433917,1.3935826448159467,0.2911115939798403,1.015553877687191,10.284024778249865,9.181553727413759,11.590690249916896
deit_base_patch16_224_classification,ResNet50-MoCoV2-BS256_selfsupervised,205,155,subj01,10000,100,100,100,tilde,56,True,9.461807782951627,0.8222169952982377,0.8638442876028591,1.0302098095965277,10.284024778249865,10.325652070554487,12.178078875449252
levit_128_classification,coat_lite_tiny_classification,181,219,subj01,10000,100,100,100,tilde,56,True,9.88765844890333,0.6878085740548254,1.0312585328089163,0.9065088590891328,10.575467022958154,10.918916981712245,12.513234414856203
levit_128_classification,visformer_small_classification,181,163,subj01,10000,100,100,100,tilde,56,True,10.024542896598417,0.5509241263597389,0.9958106153057198,0.9628892794679924,10.575467022958154,11.020353511904135,12.534166917731866
levit_128_classification,convit_base_classification,181,201,subj01,10000,100,100,100,tilde,56,True,9.380255993260779,1.195211029697374,0.6980372451299814,0.999410681301466,10.575467022958154,10.078293238390762,12.272914949389602
levit_128_classification,ViT-B_32_clip,181,53,subj01,10000,100,100,100,tilde,56,True,10.18408316775323,0.39138385520492314,1.3672322930950962,1.0314235097137292,10.575467022958154,11.551315460848327,12.97412282576698
levit_128_classification,RN50_clip,181,179,subj01,10000,100,100,100,tilde,56,True,10.242679380610022,0.33278764234813174,1.7965464083498457,1.0966914346665941,10.575467022958154,12.039225788959868,13.468704865974594
levit_128_classification,RN101_clip,181,366,subj01,10000,100,100,100,tilde,56,True,9.896340373766757,0.6791266491913959,1.6591379183810293,1.2578516506131212,10.575467022958154,11.555478292147788,13.492456591952305
levit_128_classification,ViT-L_14_clip,181,96,subj01,10000,100,100,100,tilde,56,True,10.089987296544669,0.4854797264134856,1.496172878443483,1.2090678170690499,10.575467022958154,11.586160174988152,13.280707718470687
levit_128_classification,ResNet50-SimCLR_selfsupervised,181,162,subj01,10000,100,100,100,tilde,56,True,9.808424285196933,0.767042737761221,0.9383249103426738,1.1393095058741185,10.575467022958154,10.746749195539607,12.653101439174947
levit_128_classification,ResNet50-DeepClusterV2-2x224_selfsupervised,181,162,subj01,10000,100,100,100,tilde,56,True,9.804836973953934,0.7706300490042217,0.7650637977176746,1.0386929856125224,10.575467022958154,10.569900771671607,12.379223806288351
levit_128_classification,ResNet50-SwAV-BS4096-2x224_selfsupervised,181,165,subj01,10000,100,100,100,tilde,56,True,9.911553499708031,0.663913523250125,0.584112002795699,1.0631740619038617,10.575467022958154,10.495665502503728,12.222753087657715
levit_128_classification,ResNet50-PIRL_selfsupervised,181,165,subj01,10000,100,100,100,tilde,56,True,9.406304826099642,1.16916219685851,0.7065932510777237,1.146305041929164,10.575467022958154,10.112898077177368,12.428365315965042
levit_128_classification,ResNet50-ClusterFit-16K-RotNet_selfsupervised,181,160,subj01,10000,100,100,100,tilde,56,True,8.937557814581718,1.6379092083764384,0.2439959128320428,0.9984127990493352,10.575467022958154,9.181553727413759,11.817875734839532
levit_128_classification,ResNet50-MoCoV2-BS256_selfsupervised,181,155,subj01,10000,100,100,100,tilde,56,True,9.460033523316289,1.1154334996418651,0.8656185472381974,1.0187993138706464,10.575467022958154,10.325652070554487,12.459884884066998
coat_lite_tiny_classification,visformer_small_classification,219,163,subj01,10000,100,100,100,tilde,56,True,10.48694642511059,0.4319705566016552,0.5334070867935452,0.9536166790342993,10.918916981712245,11.020353511904135,12.40594074754009
coat_lite_tiny_classification,convit_base_classification,219,201,subj01,10000,100,100,100,tilde,56,True,9.770013651053324,1.1489033306589214,0.308279587337438,0.9899765604835036,10.918916981712245,10.078293238390762,12.217173129533187
coat_lite_tiny_classification,ViT-B_32_clip,219,53,subj01,10000,100,100,100,tilde,56,True,10.664370570542307,0.2545464111699385,0.8869448903060206,0.9990997387756693,10.918916981712245,11.551315460848327,12.804961610793935
coat_lite_tiny_classification,RN50_clip,219,179,subj01,10000,100,100,100,tilde,56,True,10.446021572448974,0.4728954092632698,1.5932042165108928,1.030386674474915,10.918916981712245,12.039225788959868,13.542507872698053
coat_lite_tiny_classification,RN101_clip,219,366,subj01,10000,100,100,100,tilde,56,True,9.981786360299838,0.9371306214124075,1.57369193184795,1.1605407322118833,10.918916981712245,11.555478292147788,13.653149645772078
coat_lite_tiny_classification,ViT-L_14_clip,219,96,subj01,10000,100,100,100,tilde,56,True,10.541720851517919,0.3771961301943243,1.0444393234702307,1.1116972060288326,10.918916981712245,11.586160174988152,13.075053511211308
coat_lite_tiny_classification,ResNet50-SimCLR_selfsupervised,219,162,subj01,10000,100,100,100,tilde,56,True,10.072533045065368,0.8463839366468751,0.674216150474237,1.048853414313717,10.918916981712245,10.746749195539607,12.641986546500199
coat_lite_tiny_classification,ResNet50-DeepClusterV2-2x224_selfsupervised,219,162,subj01,10000,100,100,100,tilde,56,True,10.136282207800024,0.7826347739122212,0.43361856387158326,1.008769723575563,10.918916981712245,10.569900771671607,12.361305269159391
coat_lite_tiny_classification,ResNet50-SwAV-BS4096-2x224_selfsupervised,219,165,subj01,10000,100,100,100,tilde,56,True,9.907202686001773,1.0117142957104726,0.5884628165019556,0.9704231603094424,10.918916981712245,10.495665502503728,12.477802958523643
coat_lite_tiny_classification,ResNet50-PIRL_selfsupervised,219,165,subj01,10000,100,100,100,tilde,56,True,9.699402608201181,1.219514373511064,0.41349546897618694,1.0891462328675754,10.918916981712245,10.112898077177368,12.421558683556007
coat_lite_tiny_classification,ResNet50-ClusterFit-16K-RotNet_selfsupervised,219,160,subj01,10000,100,100,100,tilde,56,True,9.055196724850655,1.8637202568615905,0.126357002563104,0.9783832214677428,10.918916981712245,9.181553727413759,12.023657205743092
coat_lite_tiny_classification,ResNet50-MoCoV2-BS256_selfsupervised,219,155,subj01,10000,100,100,100,tilde,56,True,10.07045785955429,0.8484591221579567,0.2551942110001981,0.9554926988788512,10.918916981712245,10.325652070554487,12.129603891591294
visformer_small_classification,convit_base_classification,163,201,subj01,10000,100,100,100,tilde,56,True,9.857973706418496,1.1623798054856387,0.22031953197226528,0.9556643127410336,11.020353511904135,10.078293238390762,12.196337356617434
visformer_small_classification,ViT-B_32_clip,163,53,subj01,10000,100,100,100,tilde,56,True,10.722157535973514,0.2981959759306214,0.8291579248748135,1.0855979639536297,11.020353511904135,11.551315460848327,12.935109400732578
visformer_small_classification,RN50_clip,163,179,subj01,10000,100,100,100,tilde,56,True,10.47958474503408,0.5407687668700536,1.5596410439257866,1.0863050599790984,11.020353511904135,12.039225788959868,13.66629961580902
visformer_small_classification,RN101_clip,163,366,subj01,10000,100,100,100,tilde,56,True,10.027475816299422,0.9928776956047134,1.528002475848366,1.204589917137774,11.020353511904135,11.555478292147788,13.752945904890275
visformer_small_classification,ViT-L_14_clip,163,96,subj01,10000,100,100,100,tilde,56,True,10.550954232714052,0.46939927919008184,1.0352059422740982,1.1689881190278157,11.020353511904135,11.586160174988152,13.22454757320605
visformer_small_classification,ResNet50-SimCLR_selfsupervised,163,162,subj01,10000,100,100,100,tilde,56,True,10.134084754896197,0.8862687570079366,0.6126644406434085,1.0827796149476967,11.020353511904135,10.746749195539607,12.71579756749524
visformer_small_classification,ResNet50-DeepClusterV2-2x224_selfsupervised,163,162,subj01,10000,100,100,100,tilde,56,True,10.17077403550077,0.8495794764033651,0.39912673617083705,1.036253860284642,11.020353511904135,10.569900771671607,12.455734108359614
visformer_small_classification,ResNet50-SwAV-BS4096-2x224_selfsupervised,163,165,subj01,10000,100,100,100,tilde,56,True,9.971613182898945,1.0487403290051898,0.5240523196047828,1.018243699542701,11.020353511904135,10.495665502503728,12.562649531051619
visformer_small_classification,ResNet50-PIRL_selfsupervised,163,165,subj01,10000,100,100,100,tilde,56,True,9.821744866389063,1.1986086455150726,0.29115321078830547,1.0723023914403225,11.020353511904135,10.112898077177368,12.383809114132763
visformer_small_classification,ResNet50-ClusterFit-16K-RotNet_selfsupervised,163,160,subj01,10000,100,100,100,tilde,56,True,9.165151522442319,1.8552019894618166,0.01640220497144007,0.9183542544878875,11.020353511904135,9.181553727413759,11.955109971363463
visformer_small_classification,ResNet50-MoCoV2-BS256_selfsupervised,163,155,subj01,10000,100,100,100,tilde,56,True,9.987283217962029,1.0330702939421084,0.33836885259245975,1.0054902327479045,11.020353511904135,10.325652070554487,12.3642125972445
convit_base_classification,ViT-B_32_clip,201,53,subj01,10000,100,100,100,tilde,56,True,10.027563284433915,0.05072995395684643,1.523752176414412,0.9576110581283377,10.078293238390762,11.551315460848327,12.559656472933511
convit_base_classification,RN50_clip,201,179,subj01,10000,100,100,100,tilde,56,True,9.842187411075383,0.23610582731538088,2.1970383778844873,0.9894279998278783,10.078293238390762,12.039225788959868,13.264759616103127
convit_base_classification,RN101_clip,201,366,subj01,10000,100,100,100,tilde,56,True,9.555702520384152,0.5225907180066098,1.9997757717636357,1.0711012116654182,10.078293238390762,11.555478292147788,13.149170221819816
convit_base_classification,ViT-L_14_clip,201,96,subj01,10000,100,100,100,tilde,56,True,9.96328037933387,0.11501285905689329,1.622879795654283,1.0372407024312231,10.078293238390762,11.586160174988152,12.738413736476268
convit_base_classification,ResNet50-SimCLR_selfsupervised,201,162,subj01,10000,100,100,100,tilde,56,True,9.623543020267425,0.4547502181233387,1.123206175272184,0.995874881648172,10.078293238390762,10.746749195539607,12.197374295311118
convit_base_classification,ResNet50-DeepClusterV2-2x224_selfsupervised,201,162,subj01,10000,100,100,100,tilde,56,True,9.586374248764454,0.4919189896263081,0.9835265229071535,1.0380408178602991,10.078293238390762,10.569900771671607,12.099860579158214
convit_base_classification,ResNet50-SwAV-BS4096-2x224_selfsupervised,201,165,subj01,10000,100,100,100,tilde,56,True,9.558765530140594,0.5195277082501679,0.9368999723631344,0.9421972867035642,10.078293238390762,10.495665502503728,11.95739049745746
convit_base_classification,ResNet50-PIRL_selfsupervised,201,165,subj01,10000,100,100,100,tilde,56,True,9.37347709596839,0.7048161424223718,0.739420981208978,1.0384614279273023,10.078293238390762,10.112898077177368,11.856175647527042
convit_base_classification,ResNet50-ClusterFit-16K-RotNet_selfsupervised,201,160,subj01,10000,100,100,100,tilde,56,True,8.708035835309415,1.3702574030813466,0.4735178921043435,1.025728323325291,10.078293238390762,9.181553727413759,11.577539453820396
convit_base_classification,ResNet50-MoCoV2-BS256_selfsupervised,201,155,subj01,10000,100,100,100,tilde,56,True,9.413747587416074,0.6645456509746861,0.9119044831384109,1.0104304697117872,10.078293238390762,10.325652070554487,12.00062819124096
ViT-B_32_clip,RN50_clip,53,179,subj01,10000,100,100,100,tilde,56,True,10.983980098564187,0.5673353622841422,1.055245690395683,1.0152407937257681,11.551315460848327,12.039225788959868,13.621801944969778
ViT-B_32_clip,RN101_clip,53,366,subj01,10000,100,100,100,tilde,56,True,10.480817946877982,1.070497513970345,1.0746603452698054,1.1336390160371916,11.551315460848327,11.555478292147788,13.759614822155324
ViT-B_32_clip,ViT-L_14_clip,53,96,subj01,10000,100,100,100,tilde,56,True,11.131811141543427,0.4195043193049024,0.45434903344472666,0.9463711746002659,11.551315460848327,11.586160174988152,12.95203566889332
ViT-B_32_clip,ResNet50-SimCLR_selfsupervised,53,162,subj01,10000,100,100,100,tilde,56,True,10.424341854526041,1.126973606322288,0.3224073410135677,1.076591088589268,11.551315460848327,10.746749195539607,12.950313890451163
ViT-B_32_clip,ResNet50-DeepClusterV2-2x224_selfsupervised,53,162,subj01,10000,100,100,100,tilde,56,True,10.37560970375708,1.1757057570912472,0.1942910679145271,1.0636143510605667,11.551315460848327,10.569900771671607,12.809220879823421
ViT-B_32_clip,ResNet50-SwAV-BS4096-2x224_selfsupervised,53,165,subj01,10000,100,100,100,tilde,56,True,10.252721856754375,1.298593604093952,0.242943645749353,1.0328165233342173,11.551315460848327,10.495665502503728,12.827075629931898
ViT-B_32_clip,ResNet50-PIRL_selfsupervised,53,165,subj01,10000,100,100,100,tilde,56,True,9.98323250249387,1.5680829583544575,0.12966557468349826,1.050362570074988,11.551315460848327,10.112898077177368,12.731343605606813
ViT-B_32_clip,ResNet50-ClusterFit-16K-RotNet_selfsupervised,53,160,subj01,10000,100,100,100,tilde,56,True,9.181553727413759,2.3697617334345686,0.0,0.9194948288102562,11.551315460848327,9.181553727413759,12.470810289658584
ViT-B_32_clip,ResNet50-MoCoV2-BS256_selfsupervised,53,155,subj01,10000,100,100,100,tilde,56,True,10.217190662564253,1.3341247982840727,0.10846140799023196,0.995077680215271,11.551315460848327,10.325652070554487,12.65485454905383
RN50_clip,RN101_clip,179,366,subj01,10000,100,100,100,tilde,56,True,11.314052733659738,0.7251730553001323,0.2414255584880518,0.9389027481313317,12.039225788959868,11.555478292147788,13.219554095579252
RN50_clip,ViT-L_14_clip,179,96,subj01,10000,100,100,100,tilde,56,True,11.013049643434163,1.0261761455257048,0.5731105315539882,1.0854590643418351,12.039225788959868,11.586160174988152,13.697795384855691
RN50_clip,ResNet50-SimCLR_selfsupervised,179,162,subj01,10000,100,100,100,tilde,56,True,10.388923703981064,1.6503020849788044,0.35782549155854326,1.0138345929624926,12.039225788959868,10.746749195539607,13.410885873480904
RN50_clip,ResNet50-DeepClusterV2-2x224_selfsupervised,179,162,subj01,10000,100,100,100,tilde,56,True,10.351348665462467,1.6878771234973993,0.21855210620913823,1.035442676989316,12.039225788959868,10.569900771671607,13.293220572158322
RN50_clip,ResNet50-SwAV-BS4096-2x224_selfsupervised,179,165,subj01,10000,100,100,100,tilde,56,True,10.365463822792073,1.6737619661677936,0.13020167971165364,0.9338808675368782,12.039225788959868,10.495665502503728,13.1033083362084
RN50_clip,ResNet50-PIRL_selfsupervised,179,165,subj01,10000,100,100,100,tilde,56,True,9.8083143356256,2.2309114533342704,0.30458374155177026,1.0556758106762913,12.039225788959868,10.112898077177368,13.39948534118793
RN50_clip,ResNet50-ClusterFit-16K-RotNet_selfsupervised,179,160,subj01,10000,100,100,100,tilde,56,True,9.044157185413383,2.9950686035464837,0.1373965420003742,1.0121412964325884,12.039225788959868,9.181553727413759,13.18876362739283
RN50_clip,ResNet50-MoCoV2-BS256_selfsupervised,179,155,subj01,10000,100,100,100,tilde,56,True,10.15093197496575,1.8882938139941174,0.1747200955887358,0.9880525106798679,12.039225788959868,10.325652070554487,13.201998395228472
RN101_clip,ViT-L_14_clip,366,96,subj01,10000,100,100,100,tilde,56,True,10.54084781251279,1.0146304796349987,1.0453123624753609,1.143627883556828,11.55547829214779,11.586160174988152,13.744418538179978
RN101_clip,ResNet50-SimCLR_selfsupervised,366,162,subj01,10000,100,100,100,tilde,56,True,10.016515191458977,1.5389631006888127,0.7302340040806303,1.136569758720464,11.55547829214779,10.746749195539607,13.422282054948884
RN101_clip,ResNet50-DeepClusterV2-2x224_selfsupervised,366,162,subj01,10000,100,100,100,tilde,56,True,9.971371399260654,1.5841068928871334,0.598529372410951,1.1876196025076737,11.55547829214779,10.569900771671607,13.341627267066414
RN101_clip,ResNet50-SwAV-BS4096-2x224_selfsupervised,366,165,subj01,10000,100,100,100,tilde,56,True,10.06824260788914,1.487235684258648,0.4274228946145868,1.0575688639882408,11.55547829214779,10.495665502503728,13.040470050750617
RN101_clip,ResNet50-PIRL_selfsupervised,366,165,subj01,10000,100,100,100,tilde,56,True,9.501450059524414,2.054028232623377,0.6114480176529558,1.1847972852363835,11.55547829214779,10.112898077177368,13.351723595037129
RN101_clip,ResNet50-ClusterFit-16K-RotNet_selfsupervised,366,160,subj01,10000,100,100,100,tilde,56,True,8.757142616846481,2.7983356753013062,0.42441111056727543,1.170305465497,11.55547829214779,9.181553727413759,13.150194868212065
RN101_clip,ResNet50-MoCoV2-BS256_selfsupervised,366,155,subj01,10000,100,100,100,tilde,56,True,9.698953679686765,1.8565246124610244,0.6266983908677215,1.137019401213566,11.55547829214779,10.325652070554487,13.319196084229077
ViT-L_14_clip,ResNet50-SimCLR_selfsupervised,96,162,subj01,10000,100,100,100,tilde,56,True,10.36382613381557,1.2223340411725818,0.38292306172403734,1.184479012364518,11.586160174988152,10.746749195539607,13.153562249076707
ViT-L_14_clip,ResNet50-DeepClusterV2-2x224_selfsupervised,96,162,subj01,10000,100,100,100,tilde,56,True,10.311200531830828,1.274959643157322,0.2587002398407776,1.2124067059439305,11.586160174988152,10.569900771671607,13.05726712077286
ViT-L_14_clip,ResNet50-SwAV-BS4096-2x224_selfsupervised,96,165,subj01,10000,100,100,100,tilde,56,True,10.214846629333966,1.3713135456541838,0.2808188731697605,1.1182073435887077,11.586160174988152,10.495665502503728,12.98518639174662
ViT-L_14_clip,ResNet50-PIRL_selfsupervised,96,165,subj01,10000,100,100,100,tilde,56,True,9.889840191965696,1.6963199830224571,0.22305788521167358,1.2082510434412086,11.586160174988152,10.112898077177368,13.017469103641034
ViT-L_14_clip,ResNet50-ClusterFit-16K-RotNet_selfsupervised,96,160,subj01,10000,100,100,100,tilde,56,True,9.105799582643561,2.4803605923445886,0.07575414477019571,1.1322927245442234,11.586160174988152,9.181553727413759,12.79420704430257
ViT-L_14_clip,ResNet50-MoCoV2-BS256_selfsupervised,96,155,subj01,10000,100,100,100,tilde,56,True,10.121343004852726,1.4648171701354258,0.20430906570176077,1.1134956587480005,11.586160174988152,10.325652070554487,12.903964899437913
ResNet50-SimCLR_selfsupervised,ResNet50-DeepClusterV2-2x224_selfsupervised,162,162,subj01,10000,100,100,100,tilde,56,True,10.265868835853091,0.4808803596865143,0.3040319358185144,0.923517711917782,10.746749195539607,10.569900771671607,11.974298843275903
ResNet50-SimCLR_selfsupervised,ResNet50-SwAV-BS4096-2x224_selfsupervised,162,165,subj01,10000,100,100,100,tilde,56,True,10.109222106288806,0.6375270892507992,0.3864433962149203,0.9399240594630118,10.746749195539607,10.495665502503728,12.07311665121754
ResNet50-SimCLR_selfsupervised,ResNet50-PIRL_selfsupervised,162,165,subj01,10000,100,100,100,tilde,56,True,9.943321399967148,0.8034277955724605,0.1695766772102214,0.9549063880343116,10.746749195539607,10.112898077177368,11.87123226078414
ResNet50-SimCLR_selfsupervised,ResNet50-ClusterFit-16K-RotNet_selfsupervised,162,160,subj01,10000,100,100,100,tilde,56,True,9.048685998019923,1.6980631975196818,0.1328677293938334,0.9941743696399747,10.746749195539607,9.181553727413759,11.873791294573415
ResNet50-SimCLR_selfsupervised,ResNet50-MoCoV2-BS256_selfsupervised,162,155,subj01,10000,100,100,100,tilde,56,True,9.889972159622056,0.8567770359175508,0.4356799109324303,0.9099458003283889,10.746749195539607,10.325652070554487,12.092374906800426
ResNet50-DeepClusterV2-2x224_selfsupervised,ResNet50-SwAV-BS4096-2x224_selfsupervised,162,165,subj01,10000,100,100,100,tilde,56,True,10.018298630128598,0.5516021415430092,0.4773668723751303,0.9135011682293666,10.569900771671607,10.495665502503728,11.960768812276104
ResNet50-DeepClusterV2-2x224_selfsupervised,ResNet50-PIRL_selfsupervised,162,165,subj01,10000,100,100,100,tilde,56,True,9.804122428806762,0.765778342864845,0.3087756483706059,0.9772008785031279,10.569900771671607,10.112898077177368,11.855877298545341
ResNet50-DeepClusterV2-2x224_selfsupervised,ResNet50-ClusterFit-16K-RotNet_selfsupervised,162,160,subj01,10000,100,100,100,tilde,56,True,9.031265303601662,1.5386354680699448,0.15028842381209628,0.9619770582991425,10.569900771671607,9.181553727413759,11.682166253782846
ResNet50-DeepClusterV2-2x224_selfsupervised,ResNet50-MoCoV2-BS256_selfsupervised,162,155,subj01,10000,100,100,100,tilde,56,True,9.967825812172803,0.6020749594988057,0.35782625838168514,0.9055244885662237,10.569900771671607,10.325652070554487,11.833251518619516
ResNet50-SwAV-BS4096-2x224_selfsupervised,ResNet50-PIRL_selfsupervised,165,165,subj01,10000,100,100,100,tilde,56,True,9.648386581952787,0.8472789205509415,0.46451149522458124,0.9670977644046648,10.495665502503728,10.112898077177368,11.927274762132974
ResNet50-SwAV-BS4096-2x224_selfsupervised,ResNet50-ClusterFit-16K-RotNet_selfsupervised,165,160,subj01,10000,100,100,100,tilde,56,True,8.927368518210773,1.5682969842929548,0.25418520920298526,1.0074009636193715,10.495665502503728,9.181553727413759,11.757251675326085
ResNet50-SwAV-BS4096-2x224_selfsupervised,ResNet50-MoCoV2-BS256_selfsupervised,165,155,subj01,10000,100,100,100,tilde,56,True,9.621696675972219,0.8739688265315113,0.7039553945822696,0.9080011427325569,10.495665502503728,10.325652070554487,12.107622039818555
ResNet50-PIRL_selfsupervised,ResNet50-ClusterFit-16K-RotNet_selfsupervised,165,160,subj01,10000,100,100,100,tilde,56,True,8.931290897719617,1.1816071794577514,0.25026282969414204,1.0171019924257116,10.112898077177368,9.181553727413759,11.380262899297222
ResNet50-PIRL_selfsupervised,ResNet50-MoCoV2-BS256_selfsupervised,165,155,subj01,10000,100,100,100,tilde,56,True,9.548059196094655,0.5648388810827107,0.7775928744598293,0.9451833326203314,10.112898077177368,10.325652070554487,11.835674284257529
ResNet50-ClusterFit-16K-RotNet_selfsupervised,ResNet50-MoCoV2-BS256_selfsupervised,160,155,subj01,10000,100,100,100,tilde,56,True,8.874601616066686,0.30695211134707456,1.4510504544878025,0.9051354702280872,9.181553727413759,10.325652070554487,11.537739652129648
