Loading data for subject: 1
Data directory: /mnt/data4tb/data_algonauts/
Parent submission directory: /mnt/data4tb/data_algonauts/submissions
LH training fMRI data shape:
(9841, 19004)
(Training stimulus images × LH vertices)

RH training fMRI data shape:
(9841, 20544)
(Training stimulus images × RH vertices)
Training images: 9841
Test images: 159
Training image file name: train-0001_nsd-00013.png
73k NSD images ID: 00013

Test stimulus images: 159
Training stimulus images: 9841

Validation stimulus images: 0
Running suppression experiment with FBA encoding...

 Trained model loaded from: /home/ohadshee/Desktop/Thesis_Ohad_Sheelo/encoding_model/trained_models/roi_models/FBA-1_alexnet_features.8_subj01_1.pth/FBA-1_alexnet_features.8_subj01.pth_encoding_model.joblib
Loaded 120 completed seeds from: /home/ohadshee/Desktop/Thesis_Ohad_Sheelo/simulation_results/Exp18.03/seed_runs_FBA-Encoding-suppresion.csv
Skipping seed 0 (already completed).
Skipping seed 1 (already completed).
Skipping seed 2 (already completed).
Skipping seed 3 (already completed).
Skipping seed 4 (already completed).
Skipping seed 5 (already completed).
Skipping seed 6 (already completed).
Skipping seed 7 (already completed).
Skipping seed 8 (already completed).
Skipping seed 9 (already completed).
Skipping seed 10 (already completed).
Skipping seed 11 (already completed).
Skipping seed 12 (already completed).
Skipping seed 13 (already completed).
Skipping seed 14 (already completed).
Skipping seed 15 (already completed).
Skipping seed 16 (already completed).
Skipping seed 17 (already completed).
Skipping seed 18 (already completed).
Skipping seed 19 (already completed).
Skipping seed 20 (already completed).
Skipping seed 21 (already completed).
Skipping seed 22 (already completed).
Skipping seed 23 (already completed).
Skipping seed 24 (already completed).
Skipping seed 25 (already completed).
Skipping seed 26 (already completed).
Skipping seed 27 (already completed).
Skipping seed 28 (already completed).
Skipping seed 29 (already completed).
Skipping seed 30 (already completed).
Skipping seed 31 (already completed).
Skipping seed 32 (already completed).
Skipping seed 33 (already completed).
Skipping seed 34 (already completed).
Skipping seed 35 (already completed).
Skipping seed 36 (already completed).
Skipping seed 37 (already completed).
Skipping seed 38 (already completed).
Skipping seed 39 (already completed).
Skipping seed 40 (already completed).
Skipping seed 41 (already completed).
Skipping seed 42 (already completed).
Skipping seed 43 (already completed).
Skipping seed 44 (already completed).
Skipping seed 45 (already completed).
Skipping seed 46 (already completed).
Skipping seed 47 (already completed).
Skipping seed 48 (already completed).
Skipping seed 49 (already completed).
Skipping seed 50 (already completed).
Skipping seed 51 (already completed).
Skipping seed 52 (already completed).
Skipping seed 53 (already completed).
Skipping seed 54 (already completed).
Skipping seed 55 (already completed).
Skipping seed 56 (already completed).
Skipping seed 57 (already completed).
Skipping seed 58 (already completed).
Skipping seed 59 (already completed).
Skipping seed 60 (already completed).
Skipping seed 61 (already completed).
Skipping seed 62 (already completed).
Skipping seed 63 (already completed).
Skipping seed 64 (already completed).
Skipping seed 65 (already completed).
Skipping seed 66 (already completed).
Skipping seed 67 (already completed).
Skipping seed 68 (already completed).
Skipping seed 69 (already completed).
Skipping seed 70 (already completed).
Skipping seed 71 (already completed).
Skipping seed 72 (already completed).
Skipping seed 73 (already completed).
Skipping seed 74 (already completed).
Skipping seed 75 (already completed).
Skipping seed 76 (already completed).
Skipping seed 77 (already completed).
Skipping seed 78 (already completed).
Skipping seed 79 (already completed).
Skipping seed 80 (already completed).
Skipping seed 81 (already completed).
Skipping seed 82 (already completed).
Skipping seed 83 (already completed).
Skipping seed 84 (already completed).
Skipping seed 85 (already completed).
Skipping seed 86 (already completed).
Skipping seed 87 (already completed).
Skipping seed 88 (already completed).
Skipping seed 89 (already completed).
Skipping seed 90 (already completed).
Skipping seed 91 (already completed).
Skipping seed 92 (already completed).
Skipping seed 93 (already completed).
Skipping seed 94 (already completed).
Skipping seed 95 (already completed).
Skipping seed 96 (already completed).
Skipping seed 97 (already completed).
Skipping seed 98 (already completed).
Skipping seed 99 (already completed).
Skipping seed 100 (already completed).
Skipping seed 101 (already completed).
Skipping seed 102 (already completed).
Skipping seed 103 (already completed).
Skipping seed 104 (already completed).
Skipping seed 105 (already completed).
Skipping seed 106 (already completed).
Skipping seed 107 (already completed).
Skipping seed 108 (already completed).
Skipping seed 109 (already completed).
Skipping seed 110 (already completed).
Skipping seed 111 (already completed).
Skipping seed 112 (already completed).
Skipping seed 113 (already completed).
Skipping seed 114 (already completed).
Skipping seed 115 (already completed).
Skipping seed 116 (already completed).
Skipping seed 117 (already completed).
Skipping seed 118 (already completed).
Skipping seed 119 (already completed).

Running seed 120 (121/1000)...

Done calculating commonality analysis.

Covariance matrix shape: torch.Size([674, 674])
dim_m1: 50, dim_m2: 50, dim_t: 574

Running seed 121 (122/1000)...

Done calculating commonality analysis.

Covariance matrix shape: torch.Size([674, 674])
dim_m1: 50, dim_m2: 50, dim_t: 574

Running seed 122 (123/1000)...

Done calculating commonality analysis.

Covariance matrix shape: torch.Size([674, 674])
dim_m1: 50, dim_m2: 50, dim_t: 574

Running seed 123 (124/1000)...

Done calculating commonality analysis.

Covariance matrix shape: torch.Size([674, 674])
dim_m1: 50, dim_m2: 50, dim_t: 574

Running seed 124 (125/1000)...

Done calculating commonality analysis.

Covariance matrix shape: torch.Size([674, 674])
dim_m1: 50, dim_m2: 50, dim_t: 574

Running seed 125 (126/1000)...

Done calculating commonality analysis.

Covariance matrix shape: torch.Size([674, 674])
dim_m1: 50, dim_m2: 50, dim_t: 574

Running seed 126 (127/1000)...

Done calculating commonality analysis.

Covariance matrix shape: torch.Size([674, 674])
dim_m1: 50, dim_m2: 50, dim_t: 574

Running seed 127 (128/1000)...

Done calculating commonality analysis.

Covariance matrix shape: torch.Size([674, 674])
dim_m1: 50, dim_m2: 50, dim_t: 574

Running seed 128 (129/1000)...

Done calculating commonality analysis.

Covariance matrix shape: torch.Size([674, 674])
dim_m1: 50, dim_m2: 50, dim_t: 574

Running seed 129 (130/1000)...

Done calculating commonality analysis.

Covariance matrix shape: torch.Size([674, 674])
dim_m1: 50, dim_m2: 50, dim_t: 574

Running seed 130 (131/1000)...

Done calculating commonality analysis.

Covariance matrix shape: torch.Size([674, 674])
dim_m1: 50, dim_m2: 50, dim_t: 574

Running seed 131 (132/1000)...

Done calculating commonality analysis.

Covariance matrix shape: torch.Size([674, 674])
dim_m1: 50, dim_m2: 50, dim_t: 574

Running seed 132 (133/1000)...

Done calculating commonality analysis.

Covariance matrix shape: torch.Size([674, 674])
dim_m1: 50, dim_m2: 50, dim_t: 574

Running seed 133 (134/1000)...

Done calculating commonality analysis.

Covariance matrix shape: torch.Size([674, 674])
dim_m1: 50, dim_m2: 50, dim_t: 574

Running seed 134 (135/1000)...

Done calculating commonality analysis.

Covariance matrix shape: torch.Size([674, 674])
dim_m1: 50, dim_m2: 50, dim_t: 574

Running seed 135 (136/1000)...

Done calculating commonality analysis.

Covariance matrix shape: torch.Size([674, 674])
dim_m1: 50, dim_m2: 50, dim_t: 574

Running seed 136 (137/1000)...

Done calculating commonality analysis.

Covariance matrix shape: torch.Size([674, 674])
dim_m1: 50, dim_m2: 50, dim_t: 574

Running seed 137 (138/1000)...

Done calculating commonality analysis.

Covariance matrix shape: torch.Size([674, 674])
dim_m1: 50, dim_m2: 50, dim_t: 574

Running seed 138 (139/1000)...

Done calculating commonality analysis.

Covariance matrix shape: torch.Size([674, 674])
dim_m1: 50, dim_m2: 50, dim_t: 574

Running seed 139 (140/1000)...

Done calculating commonality analysis.

Covariance matrix shape: torch.Size([674, 674])
dim_m1: 50, dim_m2: 50, dim_t: 574

Running seed 140 (141/1000)...

Done calculating commonality analysis.

Covariance matrix shape: torch.Size([674, 674])
dim_m1: 50, dim_m2: 50, dim_t: 574

Running seed 141 (142/1000)...

Done calculating commonality analysis.

Covariance matrix shape: torch.Size([674, 674])
dim_m1: 50, dim_m2: 50, dim_t: 574

Running seed 142 (143/1000)...

Done calculating commonality analysis.

Covariance matrix shape: torch.Size([674, 674])
dim_m1: 50, dim_m2: 50, dim_t: 574

Running seed 143 (144/1000)...

Done calculating commonality analysis.

Covariance matrix shape: torch.Size([674, 674])
dim_m1: 50, dim_m2: 50, dim_t: 574

Running seed 144 (145/1000)...

Done calculating commonality analysis.

Covariance matrix shape: torch.Size([674, 674])
dim_m1: 50, dim_m2: 50, dim_t: 574

Running seed 145 (146/1000)...

Done calculating commonality analysis.

Covariance matrix shape: torch.Size([674, 674])
dim_m1: 50, dim_m2: 50, dim_t: 574

Running seed 146 (147/1000)...

Done calculating commonality analysis.

Covariance matrix shape: torch.Size([674, 674])
dim_m1: 50, dim_m2: 50, dim_t: 574

Running seed 147 (148/1000)...

Done calculating commonality analysis.

Covariance matrix shape: torch.Size([674, 674])
dim_m1: 50, dim_m2: 50, dim_t: 574

Running seed 148 (149/1000)...

Done calculating commonality analysis.

Covariance matrix shape: torch.Size([674, 674])
dim_m1: 50, dim_m2: 50, dim_t: 574

Running seed 149 (150/1000)...

Done calculating commonality analysis.

Covariance matrix shape: torch.Size([674, 674])
dim_m1: 50, dim_m2: 50, dim_t: 574

Running seed 150 (151/1000)...

Done calculating commonality analysis.

Covariance matrix shape: torch.Size([674, 674])
dim_m1: 50, dim_m2: 50, dim_t: 574

Running seed 151 (152/1000)...

Done calculating commonality analysis.

Covariance matrix shape: torch.Size([674, 674])
dim_m1: 50, dim_m2: 50, dim_t: 574

Running seed 152 (153/1000)...

Done calculating commonality analysis.

Covariance matrix shape: torch.Size([674, 674])
dim_m1: 50, dim_m2: 50, dim_t: 574

Running seed 153 (154/1000)...

Done calculating commonality analysis.

Covariance matrix shape: torch.Size([674, 674])
dim_m1: 50, dim_m2: 50, dim_t: 574

Running seed 154 (155/1000)...

Done calculating commonality analysis.

Covariance matrix shape: torch.Size([674, 674])
dim_m1: 50, dim_m2: 50, dim_t: 574

Running seed 155 (156/1000)...

Done calculating commonality analysis.

Covariance matrix shape: torch.Size([674, 674])
dim_m1: 50, dim_m2: 50, dim_t: 574

Running seed 156 (157/1000)...

Done calculating commonality analysis.

Covariance matrix shape: torch.Size([674, 674])
dim_m1: 50, dim_m2: 50, dim_t: 574

Running seed 157 (158/1000)...

Done calculating commonality analysis.

Covariance matrix shape: torch.Size([674, 674])
dim_m1: 50, dim_m2: 50, dim_t: 574

Running seed 158 (159/1000)...

Done calculating commonality analysis.

Covariance matrix shape: torch.Size([674, 674])
dim_m1: 50, dim_m2: 50, dim_t: 574

Running seed 159 (160/1000)...

Done calculating commonality analysis.

Covariance matrix shape: torch.Size([674, 674])
dim_m1: 50, dim_m2: 50, dim_t: 574

Running seed 160 (161/1000)...

Done calculating commonality analysis.

Covariance matrix shape: torch.Size([674, 674])
dim_m1: 50, dim_m2: 50, dim_t: 574

Running seed 161 (162/1000)...

Done calculating commonality analysis.

Covariance matrix shape: torch.Size([674, 674])
dim_m1: 50, dim_m2: 50, dim_t: 574

Running seed 162 (163/1000)...

Done calculating commonality analysis.

Covariance matrix shape: torch.Size([674, 674])
dim_m1: 50, dim_m2: 50, dim_t: 574

Running seed 163 (164/1000)...

Done calculating commonality analysis.

Covariance matrix shape: torch.Size([674, 674])
dim_m1: 50, dim_m2: 50, dim_t: 574

Running seed 164 (165/1000)...

Done calculating commonality analysis.

Covariance matrix shape: torch.Size([674, 674])
dim_m1: 50, dim_m2: 50, dim_t: 574

Running seed 165 (166/1000)...

Done calculating commonality analysis.

Covariance matrix shape: torch.Size([674, 674])
dim_m1: 50, dim_m2: 50, dim_t: 574

Running seed 166 (167/1000)...

Done calculating commonality analysis.

Covariance matrix shape: torch.Size([674, 674])
dim_m1: 50, dim_m2: 50, dim_t: 574

Running seed 167 (168/1000)...

Done calculating commonality analysis.

Covariance matrix shape: torch.Size([674, 674])
dim_m1: 50, dim_m2: 50, dim_t: 574

Running seed 168 (169/1000)...

Done calculating commonality analysis.

Covariance matrix shape: torch.Size([674, 674])
dim_m1: 50, dim_m2: 50, dim_t: 574

Running seed 169 (170/1000)...

Done calculating commonality analysis.

Covariance matrix shape: torch.Size([674, 674])
dim_m1: 50, dim_m2: 50, dim_t: 574

Running seed 170 (171/1000)...

Done calculating commonality analysis.

Covariance matrix shape: torch.Size([674, 674])
dim_m1: 50, dim_m2: 50, dim_t: 574

Running seed 171 (172/1000)...

Done calculating commonality analysis.

Covariance matrix shape: torch.Size([674, 674])
dim_m1: 50, dim_m2: 50, dim_t: 574

Running seed 172 (173/1000)...

Done calculating commonality analysis.

Covariance matrix shape: torch.Size([674, 674])
dim_m1: 50, dim_m2: 50, dim_t: 574

Running seed 173 (174/1000)...

Done calculating commonality analysis.

Covariance matrix shape: torch.Size([674, 674])
dim_m1: 50, dim_m2: 50, dim_t: 574

Running seed 174 (175/1000)...

Done calculating commonality analysis.

Covariance matrix shape: torch.Size([674, 674])
dim_m1: 50, dim_m2: 50, dim_t: 574

Running seed 175 (176/1000)...

Done calculating commonality analysis.

Covariance matrix shape: torch.Size([674, 674])
dim_m1: 50, dim_m2: 50, dim_t: 574

Running seed 176 (177/1000)...

Done calculating commonality analysis.

Covariance matrix shape: torch.Size([674, 674])
dim_m1: 50, dim_m2: 50, dim_t: 574

Running seed 177 (178/1000)...

Done calculating commonality analysis.

Covariance matrix shape: torch.Size([674, 674])
dim_m1: 50, dim_m2: 50, dim_t: 574

Running seed 178 (179/1000)...

Done calculating commonality analysis.

Covariance matrix shape: torch.Size([674, 674])
dim_m1: 50, dim_m2: 50, dim_t: 574

Running seed 179 (180/1000)...

Done calculating commonality analysis.

Covariance matrix shape: torch.Size([674, 674])
dim_m1: 50, dim_m2: 50, dim_t: 574

Running seed 180 (181/1000)...

Done calculating commonality analysis.

Covariance matrix shape: torch.Size([674, 674])
dim_m1: 50, dim_m2: 50, dim_t: 574

Running seed 181 (182/1000)...

Done calculating commonality analysis.

Covariance matrix shape: torch.Size([674, 674])
dim_m1: 50, dim_m2: 50, dim_t: 574

Running seed 182 (183/1000)...

Done calculating commonality analysis.

Covariance matrix shape: torch.Size([674, 674])
dim_m1: 50, dim_m2: 50, dim_t: 574

Running seed 183 (184/1000)...

Done calculating commonality analysis.

Covariance matrix shape: torch.Size([674, 674])
dim_m1: 50, dim_m2: 50, dim_t: 574

Running seed 184 (185/1000)...

Done calculating commonality analysis.

Covariance matrix shape: torch.Size([674, 674])
dim_m1: 50, dim_m2: 50, dim_t: 574

Running seed 185 (186/1000)...

Done calculating commonality analysis.

Covariance matrix shape: torch.Size([674, 674])
dim_m1: 50, dim_m2: 50, dim_t: 574

Running seed 186 (187/1000)...

Done calculating commonality analysis.

Covariance matrix shape: torch.Size([674, 674])
dim_m1: 50, dim_m2: 50, dim_t: 574

Running seed 187 (188/1000)...

Done calculating commonality analysis.

Covariance matrix shape: torch.Size([674, 674])
dim_m1: 50, dim_m2: 50, dim_t: 574

Running seed 188 (189/1000)...

Done calculating commonality analysis.

Covariance matrix shape: torch.Size([674, 674])
dim_m1: 50, dim_m2: 50, dim_t: 574

Running seed 189 (190/1000)...

Done calculating commonality analysis.

Covariance matrix shape: torch.Size([674, 674])
dim_m1: 50, dim_m2: 50, dim_t: 574

Running seed 190 (191/1000)...

Done calculating commonality analysis.

Covariance matrix shape: torch.Size([674, 674])
dim_m1: 50, dim_m2: 50, dim_t: 574

Running seed 191 (192/1000)...

Done calculating commonality analysis.

Covariance matrix shape: torch.Size([674, 674])
dim_m1: 50, dim_m2: 50, dim_t: 574

Running seed 192 (193/1000)...

Done calculating commonality analysis.

Covariance matrix shape: torch.Size([674, 674])
dim_m1: 50, dim_m2: 50, dim_t: 574

Running seed 193 (194/1000)...

Done calculating commonality analysis.

Covariance matrix shape: torch.Size([674, 674])
dim_m1: 50, dim_m2: 50, dim_t: 574

Running seed 194 (195/1000)...

Done calculating commonality analysis.

Covariance matrix shape: torch.Size([674, 674])
dim_m1: 50, dim_m2: 50, dim_t: 574

Running seed 195 (196/1000)...

Done calculating commonality analysis.

Covariance matrix shape: torch.Size([674, 674])
dim_m1: 50, dim_m2: 50, dim_t: 574

Running seed 196 (197/1000)...

Done calculating commonality analysis.

Covariance matrix shape: torch.Size([674, 674])
dim_m1: 50, dim_m2: 50, dim_t: 574

Running seed 197 (198/1000)...

Done calculating commonality analysis.

Covariance matrix shape: torch.Size([674, 674])
dim_m1: 50, dim_m2: 50, dim_t: 574

Running seed 198 (199/1000)...

Done calculating commonality analysis.

Covariance matrix shape: torch.Size([674, 674])
dim_m1: 50, dim_m2: 50, dim_t: 574

Running seed 199 (200/1000)...

Done calculating commonality analysis.

Covariance matrix shape: torch.Size([674, 674])
dim_m1: 50, dim_m2: 50, dim_t: 574

Intermediate summary after 200 runs:

======================================================================
CA + PID component summary across 200 seeds (start=0)
======================================================================
CA_R²_X1: mean=0.454407, std=0.033681
CA_R²_X2: mean=-0.001637, std=0.000407
CA_R²_X12: mean=0.521543, std=0.032097
CA_unique_X1: mean=0.523180, std=0.032078
CA_unique_X2: mean=0.067135, std=0.010854
CA_common: mean=-0.068772, std=0.010849
CA_unexplained: mean=0.478457, std=0.032097
PID_red: mean=0.158571, std=0.003969
PID_unq1: mean=28.875776, std=0.938805
PID_unq2: mean=-0.158697, std=0.017065
PID_syn: mean=13.225986, std=0.589432
I(M1;T): mean=29.034347, std=0.939207
I(M2;T): mean=-0.000127, std=0.018485
I(M1,M2;T): mean=42.101635, std=0.867809

Running seed 200 (201/1000)...

Done calculating commonality analysis.

Covariance matrix shape: torch.Size([674, 674])
dim_m1: 50, dim_m2: 50, dim_t: 574

Running seed 201 (202/1000)...

Done calculating commonality analysis.

Covariance matrix shape: torch.Size([674, 674])
dim_m1: 50, dim_m2: 50, dim_t: 574

Running seed 202 (203/1000)...

Done calculating commonality analysis.

Covariance matrix shape: torch.Size([674, 674])
dim_m1: 50, dim_m2: 50, dim_t: 574

Running seed 203 (204/1000)...

Done calculating commonality analysis.

Covariance matrix shape: torch.Size([674, 674])
dim_m1: 50, dim_m2: 50, dim_t: 574

Running seed 204 (205/1000)...

Done calculating commonality analysis.

Covariance matrix shape: torch.Size([674, 674])
dim_m1: 50, dim_m2: 50, dim_t: 574

Running seed 205 (206/1000)...

Done calculating commonality analysis.

Covariance matrix shape: torch.Size([674, 674])
dim_m1: 50, dim_m2: 50, dim_t: 574

Running seed 206 (207/1000)...

Done calculating commonality analysis.

Covariance matrix shape: torch.Size([674, 674])
dim_m1: 50, dim_m2: 50, dim_t: 574

Running seed 207 (208/1000)...

Done calculating commonality analysis.

Covariance matrix shape: torch.Size([674, 674])
dim_m1: 50, dim_m2: 50, dim_t: 574

Running seed 208 (209/1000)...

Done calculating commonality analysis.

Covariance matrix shape: torch.Size([674, 674])
dim_m1: 50, dim_m2: 50, dim_t: 574

Running seed 209 (210/1000)...

Done calculating commonality analysis.

Covariance matrix shape: torch.Size([674, 674])
dim_m1: 50, dim_m2: 50, dim_t: 574

Running seed 210 (211/1000)...

Done calculating commonality analysis.

Covariance matrix shape: torch.Size([674, 674])
dim_m1: 50, dim_m2: 50, dim_t: 574

Running seed 211 (212/1000)...

Done calculating commonality analysis.

Covariance matrix shape: torch.Size([674, 674])
dim_m1: 50, dim_m2: 50, dim_t: 574

Running seed 212 (213/1000)...

Done calculating commonality analysis.

Covariance matrix shape: torch.Size([674, 674])
dim_m1: 50, dim_m2: 50, dim_t: 574

Running seed 213 (214/1000)...

Done calculating commonality analysis.

Covariance matrix shape: torch.Size([674, 674])
dim_m1: 50, dim_m2: 50, dim_t: 574

Running seed 214 (215/1000)...

Done calculating commonality analysis.

Covariance matrix shape: torch.Size([674, 674])
dim_m1: 50, dim_m2: 50, dim_t: 574

Running seed 215 (216/1000)...

Done calculating commonality analysis.

Covariance matrix shape: torch.Size([674, 674])
dim_m1: 50, dim_m2: 50, dim_t: 574

Running seed 216 (217/1000)...

Done calculating commonality analysis.

Covariance matrix shape: torch.Size([674, 674])
dim_m1: 50, dim_m2: 50, dim_t: 574

Running seed 217 (218/1000)...

Done calculating commonality analysis.

Covariance matrix shape: torch.Size([674, 674])
dim_m1: 50, dim_m2: 50, dim_t: 574

Running seed 218 (219/1000)...

Done calculating commonality analysis.

Covariance matrix shape: torch.Size([674, 674])
dim_m1: 50, dim_m2: 50, dim_t: 574

Running seed 219 (220/1000)...

Done calculating commonality analysis.

Covariance matrix shape: torch.Size([674, 674])
dim_m1: 50, dim_m2: 50, dim_t: 574

Running seed 220 (221/1000)...

Done calculating commonality analysis.

Covariance matrix shape: torch.Size([674, 674])
dim_m1: 50, dim_m2: 50, dim_t: 574

Running seed 221 (222/1000)...

Done calculating commonality analysis.

Covariance matrix shape: torch.Size([674, 674])
dim_m1: 50, dim_m2: 50, dim_t: 574

Running seed 222 (223/1000)...

Done calculating commonality analysis.

Covariance matrix shape: torch.Size([674, 674])
dim_m1: 50, dim_m2: 50, dim_t: 574

Running seed 223 (224/1000)...

Done calculating commonality analysis.

Covariance matrix shape: torch.Size([674, 674])
dim_m1: 50, dim_m2: 50, dim_t: 574

Running seed 224 (225/1000)...

Done calculating commonality analysis.

Covariance matrix shape: torch.Size([674, 674])
dim_m1: 50, dim_m2: 50, dim_t: 574

Running seed 225 (226/1000)...

Done calculating commonality analysis.

Covariance matrix shape: torch.Size([674, 674])
dim_m1: 50, dim_m2: 50, dim_t: 574

Running seed 226 (227/1000)...

Done calculating commonality analysis.

Covariance matrix shape: torch.Size([674, 674])
dim_m1: 50, dim_m2: 50, dim_t: 574

Running seed 227 (228/1000)...

Done calculating commonality analysis.

Covariance matrix shape: torch.Size([674, 674])
dim_m1: 50, dim_m2: 50, dim_t: 574

Running seed 228 (229/1000)...

Done calculating commonality analysis.

Covariance matrix shape: torch.Size([674, 674])
dim_m1: 50, dim_m2: 50, dim_t: 574

Running seed 229 (230/1000)...

Done calculating commonality analysis.

Covariance matrix shape: torch.Size([674, 674])
dim_m1: 50, dim_m2: 50, dim_t: 574

Running seed 230 (231/1000)...

Done calculating commonality analysis.

Covariance matrix shape: torch.Size([674, 674])
dim_m1: 50, dim_m2: 50, dim_t: 574

Running seed 231 (232/1000)...

Done calculating commonality analysis.

Covariance matrix shape: torch.Size([674, 674])
dim_m1: 50, dim_m2: 50, dim_t: 574

Running seed 232 (233/1000)...

Done calculating commonality analysis.

Covariance matrix shape: torch.Size([674, 674])
dim_m1: 50, dim_m2: 50, dim_t: 574

Running seed 233 (234/1000)...

Done calculating commonality analysis.

Covariance matrix shape: torch.Size([674, 674])
dim_m1: 50, dim_m2: 50, dim_t: 574

Running seed 234 (235/1000)...

Done calculating commonality analysis.

Covariance matrix shape: torch.Size([674, 674])
dim_m1: 50, dim_m2: 50, dim_t: 574

Running seed 235 (236/1000)...

Done calculating commonality analysis.

Covariance matrix shape: torch.Size([674, 674])
dim_m1: 50, dim_m2: 50, dim_t: 574

Running seed 236 (237/1000)...

Done calculating commonality analysis.

Covariance matrix shape: torch.Size([674, 674])
dim_m1: 50, dim_m2: 50, dim_t: 574

Running seed 237 (238/1000)...

Done calculating commonality analysis.

Covariance matrix shape: torch.Size([674, 674])
dim_m1: 50, dim_m2: 50, dim_t: 574

Running seed 238 (239/1000)...

Done calculating commonality analysis.

Covariance matrix shape: torch.Size([674, 674])
dim_m1: 50, dim_m2: 50, dim_t: 574

Running seed 239 (240/1000)...

Done calculating commonality analysis.

Covariance matrix shape: torch.Size([674, 674])
dim_m1: 50, dim_m2: 50, dim_t: 574

Running seed 240 (241/1000)...

Done calculating commonality analysis.

Covariance matrix shape: torch.Size([674, 674])
dim_m1: 50, dim_m2: 50, dim_t: 574

Running seed 241 (242/1000)...

Done calculating commonality analysis.

Covariance matrix shape: torch.Size([674, 674])
dim_m1: 50, dim_m2: 50, dim_t: 574

Running seed 242 (243/1000)...

Done calculating commonality analysis.

Covariance matrix shape: torch.Size([674, 674])
dim_m1: 50, dim_m2: 50, dim_t: 574

Running seed 243 (244/1000)...

Done calculating commonality analysis.

Covariance matrix shape: torch.Size([674, 674])
dim_m1: 50, dim_m2: 50, dim_t: 574

Running seed 244 (245/1000)...

Done calculating commonality analysis.

Covariance matrix shape: torch.Size([674, 674])
dim_m1: 50, dim_m2: 50, dim_t: 574

Running seed 245 (246/1000)...

Done calculating commonality analysis.

Covariance matrix shape: torch.Size([674, 674])
dim_m1: 50, dim_m2: 50, dim_t: 574

Running seed 246 (247/1000)...

Done calculating commonality analysis.

Covariance matrix shape: torch.Size([674, 674])
dim_m1: 50, dim_m2: 50, dim_t: 574

Running seed 247 (248/1000)...

Done calculating commonality analysis.

Covariance matrix shape: torch.Size([674, 674])
dim_m1: 50, dim_m2: 50, dim_t: 574

Running seed 248 (249/1000)...

Done calculating commonality analysis.

Covariance matrix shape: torch.Size([674, 674])
dim_m1: 50, dim_m2: 50, dim_t: 574

Running seed 249 (250/1000)...

Done calculating commonality analysis.

Covariance matrix shape: torch.Size([674, 674])
dim_m1: 50, dim_m2: 50, dim_t: 574

Running seed 250 (251/1000)...

Done calculating commonality analysis.

Covariance matrix shape: torch.Size([674, 674])
dim_m1: 50, dim_m2: 50, dim_t: 574

Running seed 251 (252/1000)...

Done calculating commonality analysis.

Covariance matrix shape: torch.Size([674, 674])
dim_m1: 50, dim_m2: 50, dim_t: 574

Running seed 252 (253/1000)...

Done calculating commonality analysis.

Covariance matrix shape: torch.Size([674, 674])
dim_m1: 50, dim_m2: 50, dim_t: 574

Running seed 253 (254/1000)...

Done calculating commonality analysis.

Covariance matrix shape: torch.Size([674, 674])
dim_m1: 50, dim_m2: 50, dim_t: 574

Running seed 254 (255/1000)...

Done calculating commonality analysis.

Covariance matrix shape: torch.Size([674, 674])
dim_m1: 50, dim_m2: 50, dim_t: 574

Running seed 255 (256/1000)...

Done calculating commonality analysis.

Covariance matrix shape: torch.Size([674, 674])
dim_m1: 50, dim_m2: 50, dim_t: 574

Running seed 256 (257/1000)...

Done calculating commonality analysis.

Covariance matrix shape: torch.Size([674, 674])
dim_m1: 50, dim_m2: 50, dim_t: 574

Running seed 257 (258/1000)...

Done calculating commonality analysis.

Covariance matrix shape: torch.Size([674, 674])
dim_m1: 50, dim_m2: 50, dim_t: 574

Running seed 258 (259/1000)...

Done calculating commonality analysis.

Covariance matrix shape: torch.Size([674, 674])
dim_m1: 50, dim_m2: 50, dim_t: 574

Running seed 259 (260/1000)...

Done calculating commonality analysis.

Covariance matrix shape: torch.Size([674, 674])
dim_m1: 50, dim_m2: 50, dim_t: 574

Running seed 260 (261/1000)...

Done calculating commonality analysis.

Covariance matrix shape: torch.Size([674, 674])
dim_m1: 50, dim_m2: 50, dim_t: 574

Running seed 261 (262/1000)...

Done calculating commonality analysis.

Covariance matrix shape: torch.Size([674, 674])
dim_m1: 50, dim_m2: 50, dim_t: 574

Running seed 262 (263/1000)...

Done calculating commonality analysis.

Covariance matrix shape: torch.Size([674, 674])
dim_m1: 50, dim_m2: 50, dim_t: 574

Running seed 263 (264/1000)...

Done calculating commonality analysis.

Covariance matrix shape: torch.Size([674, 674])
dim_m1: 50, dim_m2: 50, dim_t: 574

Running seed 264 (265/1000)...

Done calculating commonality analysis.

Covariance matrix shape: torch.Size([674, 674])
dim_m1: 50, dim_m2: 50, dim_t: 574

Running seed 265 (266/1000)...

Done calculating commonality analysis.

Covariance matrix shape: torch.Size([674, 674])
dim_m1: 50, dim_m2: 50, dim_t: 574

Running seed 266 (267/1000)...

Done calculating commonality analysis.

Covariance matrix shape: torch.Size([674, 674])
dim_m1: 50, dim_m2: 50, dim_t: 574

Running seed 267 (268/1000)...

Done calculating commonality analysis.

Covariance matrix shape: torch.Size([674, 674])
dim_m1: 50, dim_m2: 50, dim_t: 574

Running seed 268 (269/1000)...

Done calculating commonality analysis.

Covariance matrix shape: torch.Size([674, 674])
dim_m1: 50, dim_m2: 50, dim_t: 574

Running seed 269 (270/1000)...

Done calculating commonality analysis.

Covariance matrix shape: torch.Size([674, 674])
dim_m1: 50, dim_m2: 50, dim_t: 574

Running seed 270 (271/1000)...

Done calculating commonality analysis.

Covariance matrix shape: torch.Size([674, 674])
dim_m1: 50, dim_m2: 50, dim_t: 574

Running seed 271 (272/1000)...

Done calculating commonality analysis.

Covariance matrix shape: torch.Size([674, 674])
dim_m1: 50, dim_m2: 50, dim_t: 574

Running seed 272 (273/1000)...

Done calculating commonality analysis.

Covariance matrix shape: torch.Size([674, 674])
dim_m1: 50, dim_m2: 50, dim_t: 574

Running seed 273 (274/1000)...

Done calculating commonality analysis.

Covariance matrix shape: torch.Size([674, 674])
dim_m1: 50, dim_m2: 50, dim_t: 574

Running seed 274 (275/1000)...

Done calculating commonality analysis.

Covariance matrix shape: torch.Size([674, 674])
dim_m1: 50, dim_m2: 50, dim_t: 574

Running seed 275 (276/1000)...

Done calculating commonality analysis.

Covariance matrix shape: torch.Size([674, 674])
dim_m1: 50, dim_m2: 50, dim_t: 574

Running seed 276 (277/1000)...

Done calculating commonality analysis.

Covariance matrix shape: torch.Size([674, 674])
dim_m1: 50, dim_m2: 50, dim_t: 574

Running seed 277 (278/1000)...

Done calculating commonality analysis.

Covariance matrix shape: torch.Size([674, 674])
dim_m1: 50, dim_m2: 50, dim_t: 574

Running seed 278 (279/1000)...

Done calculating commonality analysis.

Covariance matrix shape: torch.Size([674, 674])
dim_m1: 50, dim_m2: 50, dim_t: 574

Running seed 279 (280/1000)...

Done calculating commonality analysis.

Covariance matrix shape: torch.Size([674, 674])
dim_m1: 50, dim_m2: 50, dim_t: 574

Running seed 280 (281/1000)...

Done calculating commonality analysis.

Covariance matrix shape: torch.Size([674, 674])
dim_m1: 50, dim_m2: 50, dim_t: 574

Running seed 281 (282/1000)...

Done calculating commonality analysis.

Covariance matrix shape: torch.Size([674, 674])
dim_m1: 50, dim_m2: 50, dim_t: 574

Running seed 282 (283/1000)...

Done calculating commonality analysis.

Covariance matrix shape: torch.Size([674, 674])
dim_m1: 50, dim_m2: 50, dim_t: 574

Running seed 283 (284/1000)...

Done calculating commonality analysis.

Covariance matrix shape: torch.Size([674, 674])
dim_m1: 50, dim_m2: 50, dim_t: 574

Running seed 284 (285/1000)...

Done calculating commonality analysis.

Covariance matrix shape: torch.Size([674, 674])
dim_m1: 50, dim_m2: 50, dim_t: 574

Running seed 285 (286/1000)...

Done calculating commonality analysis.

Covariance matrix shape: torch.Size([674, 674])
dim_m1: 50, dim_m2: 50, dim_t: 574

Running seed 286 (287/1000)...

Done calculating commonality analysis.

Covariance matrix shape: torch.Size([674, 674])
dim_m1: 50, dim_m2: 50, dim_t: 574

Running seed 287 (288/1000)...

Done calculating commonality analysis.

Covariance matrix shape: torch.Size([674, 674])
dim_m1: 50, dim_m2: 50, dim_t: 574

Running seed 288 (289/1000)...

Done calculating commonality analysis.

Covariance matrix shape: torch.Size([674, 674])
dim_m1: 50, dim_m2: 50, dim_t: 574

Running seed 289 (290/1000)...

Done calculating commonality analysis.

Covariance matrix shape: torch.Size([674, 674])
dim_m1: 50, dim_m2: 50, dim_t: 574

Running seed 290 (291/1000)...

Done calculating commonality analysis.

Covariance matrix shape: torch.Size([674, 674])
dim_m1: 50, dim_m2: 50, dim_t: 574

Running seed 291 (292/1000)...

Done calculating commonality analysis.

Covariance matrix shape: torch.Size([674, 674])
dim_m1: 50, dim_m2: 50, dim_t: 574

Running seed 292 (293/1000)...

Done calculating commonality analysis.

Covariance matrix shape: torch.Size([674, 674])
dim_m1: 50, dim_m2: 50, dim_t: 574

Running seed 293 (294/1000)...

Done calculating commonality analysis.

Covariance matrix shape: torch.Size([674, 674])
dim_m1: 50, dim_m2: 50, dim_t: 574

Running seed 294 (295/1000)...

Done calculating commonality analysis.

Covariance matrix shape: torch.Size([674, 674])
dim_m1: 50, dim_m2: 50, dim_t: 574

Running seed 295 (296/1000)...

Done calculating commonality analysis.

Covariance matrix shape: torch.Size([674, 674])
dim_m1: 50, dim_m2: 50, dim_t: 574

Running seed 296 (297/1000)...

Done calculating commonality analysis.

Covariance matrix shape: torch.Size([674, 674])
dim_m1: 50, dim_m2: 50, dim_t: 574

Running seed 297 (298/1000)...

Done calculating commonality analysis.

Covariance matrix shape: torch.Size([674, 674])
dim_m1: 50, dim_m2: 50, dim_t: 574

Running seed 298 (299/1000)...

Done calculating commonality analysis.

Covariance matrix shape: torch.Size([674, 674])
dim_m1: 50, dim_m2: 50, dim_t: 574

Running seed 299 (300/1000)...

Done calculating commonality analysis.

Covariance matrix shape: torch.Size([674, 674])
dim_m1: 50, dim_m2: 50, dim_t: 574

Intermediate summary after 300 runs:

======================================================================
CA + PID component summary across 300 seeds (start=0)
======================================================================
CA_R²_X1: mean=0.455514, std=0.032422
CA_R²_X2: mean=-0.001646, std=0.000414
CA_R²_X12: mean=0.522923, std=0.030765
CA_unique_X1: mean=0.524570, std=0.030759
CA_unique_X2: mean=0.067409, std=0.011088
CA_common: mean=-0.069055, std=0.011087
CA_unexplained: mean=0.477077, std=0.030765
PID_red: mean=0.158203, std=0.003876
PID_unq1: mean=28.841278, std=0.946884
PID_unq2: mean=-0.158726, std=0.017027
PID_syn: mean=13.222053, std=0.606794
I(M1;T): mean=28.999480, std=0.947258
I(M2;T): mean=-0.000523, std=0.018300
I(M1,M2;T): mean=42.062807, std=0.853708

Running seed 300 (301/1000)...

Done calculating commonality analysis.

Covariance matrix shape: torch.Size([674, 674])
dim_m1: 50, dim_m2: 50, dim_t: 574

Running seed 301 (302/1000)...

Done calculating commonality analysis.

Covariance matrix shape: torch.Size([674, 674])
dim_m1: 50, dim_m2: 50, dim_t: 574

Running seed 302 (303/1000)...

Done calculating commonality analysis.

Covariance matrix shape: torch.Size([674, 674])
dim_m1: 50, dim_m2: 50, dim_t: 574

Running seed 303 (304/1000)...

Done calculating commonality analysis.

Covariance matrix shape: torch.Size([674, 674])
dim_m1: 50, dim_m2: 50, dim_t: 574

Running seed 304 (305/1000)...

Done calculating commonality analysis.

Covariance matrix shape: torch.Size([674, 674])
dim_m1: 50, dim_m2: 50, dim_t: 574

Running seed 305 (306/1000)...

Done calculating commonality analysis.

Covariance matrix shape: torch.Size([674, 674])
dim_m1: 50, dim_m2: 50, dim_t: 574

Running seed 306 (307/1000)...

Done calculating commonality analysis.

Covariance matrix shape: torch.Size([674, 674])
dim_m1: 50, dim_m2: 50, dim_t: 574

Running seed 307 (308/1000)...

Done calculating commonality analysis.

Covariance matrix shape: torch.Size([674, 674])
dim_m1: 50, dim_m2: 50, dim_t: 574

Running seed 308 (309/1000)...

Done calculating commonality analysis.

Covariance matrix shape: torch.Size([674, 674])
dim_m1: 50, dim_m2: 50, dim_t: 574

Running seed 309 (310/1000)...

Done calculating commonality analysis.

Covariance matrix shape: torch.Size([674, 674])
dim_m1: 50, dim_m2: 50, dim_t: 574

Running seed 310 (311/1000)...

Done calculating commonality analysis.

Covariance matrix shape: torch.Size([674, 674])
dim_m1: 50, dim_m2: 50, dim_t: 574

Running seed 311 (312/1000)...

Done calculating commonality analysis.

Covariance matrix shape: torch.Size([674, 674])
dim_m1: 50, dim_m2: 50, dim_t: 574

Running seed 312 (313/1000)...

Done calculating commonality analysis.

Covariance matrix shape: torch.Size([674, 674])
dim_m1: 50, dim_m2: 50, dim_t: 574

Running seed 313 (314/1000)...

Done calculating commonality analysis.

Covariance matrix shape: torch.Size([674, 674])
dim_m1: 50, dim_m2: 50, dim_t: 574

Running seed 314 (315/1000)...

Done calculating commonality analysis.

Covariance matrix shape: torch.Size([674, 674])
dim_m1: 50, dim_m2: 50, dim_t: 574

Running seed 315 (316/1000)...

Done calculating commonality analysis.

Covariance matrix shape: torch.Size([674, 674])
dim_m1: 50, dim_m2: 50, dim_t: 574

Running seed 316 (317/1000)...

Done calculating commonality analysis.

Covariance matrix shape: torch.Size([674, 674])
dim_m1: 50, dim_m2: 50, dim_t: 574

Running seed 317 (318/1000)...

Done calculating commonality analysis.

Covariance matrix shape: torch.Size([674, 674])
dim_m1: 50, dim_m2: 50, dim_t: 574

Running seed 318 (319/1000)...

Done calculating commonality analysis.

Covariance matrix shape: torch.Size([674, 674])
dim_m1: 50, dim_m2: 50, dim_t: 574

Running seed 319 (320/1000)...

Done calculating commonality analysis.

Covariance matrix shape: torch.Size([674, 674])
dim_m1: 50, dim_m2: 50, dim_t: 574

Running seed 320 (321/1000)...

Done calculating commonality analysis.

Covariance matrix shape: torch.Size([674, 674])
dim_m1: 50, dim_m2: 50, dim_t: 574

Running seed 321 (322/1000)...

Done calculating commonality analysis.

Covariance matrix shape: torch.Size([674, 674])
dim_m1: 50, dim_m2: 50, dim_t: 574

Running seed 322 (323/1000)...

Done calculating commonality analysis.

Covariance matrix shape: torch.Size([674, 674])
dim_m1: 50, dim_m2: 50, dim_t: 574

Running seed 323 (324/1000)...

Done calculating commonality analysis.

Covariance matrix shape: torch.Size([674, 674])
dim_m1: 50, dim_m2: 50, dim_t: 574

Running seed 324 (325/1000)...

Done calculating commonality analysis.

Covariance matrix shape: torch.Size([674, 674])
dim_m1: 50, dim_m2: 50, dim_t: 574

Running seed 325 (326/1000)...

Done calculating commonality analysis.

Covariance matrix shape: torch.Size([674, 674])
dim_m1: 50, dim_m2: 50, dim_t: 574

Running seed 326 (327/1000)...

Done calculating commonality analysis.

Covariance matrix shape: torch.Size([674, 674])
dim_m1: 50, dim_m2: 50, dim_t: 574

Running seed 327 (328/1000)...

Done calculating commonality analysis.

Covariance matrix shape: torch.Size([674, 674])
dim_m1: 50, dim_m2: 50, dim_t: 574

Running seed 328 (329/1000)...

Done calculating commonality analysis.

Covariance matrix shape: torch.Size([674, 674])
dim_m1: 50, dim_m2: 50, dim_t: 574

Running seed 329 (330/1000)...

Done calculating commonality analysis.

Covariance matrix shape: torch.Size([674, 674])
dim_m1: 50, dim_m2: 50, dim_t: 574

Running seed 330 (331/1000)...

Done calculating commonality analysis.

Covariance matrix shape: torch.Size([674, 674])
dim_m1: 50, dim_m2: 50, dim_t: 574

Running seed 331 (332/1000)...

Done calculating commonality analysis.

Covariance matrix shape: torch.Size([674, 674])
dim_m1: 50, dim_m2: 50, dim_t: 574

Running seed 332 (333/1000)...

Done calculating commonality analysis.

Covariance matrix shape: torch.Size([674, 674])
dim_m1: 50, dim_m2: 50, dim_t: 574

Running seed 333 (334/1000)...

Done calculating commonality analysis.

Covariance matrix shape: torch.Size([674, 674])
dim_m1: 50, dim_m2: 50, dim_t: 574

Running seed 334 (335/1000)...

Done calculating commonality analysis.

Covariance matrix shape: torch.Size([674, 674])
dim_m1: 50, dim_m2: 50, dim_t: 574

Running seed 335 (336/1000)...

Done calculating commonality analysis.

Covariance matrix shape: torch.Size([674, 674])
dim_m1: 50, dim_m2: 50, dim_t: 574

Running seed 336 (337/1000)...

Done calculating commonality analysis.

Covariance matrix shape: torch.Size([674, 674])
dim_m1: 50, dim_m2: 50, dim_t: 574

Running seed 337 (338/1000)...

Done calculating commonality analysis.

Covariance matrix shape: torch.Size([674, 674])
dim_m1: 50, dim_m2: 50, dim_t: 574

Running seed 338 (339/1000)...

Done calculating commonality analysis.

Covariance matrix shape: torch.Size([674, 674])
dim_m1: 50, dim_m2: 50, dim_t: 574

Running seed 339 (340/1000)...

Done calculating commonality analysis.

Covariance matrix shape: torch.Size([674, 674])
dim_m1: 50, dim_m2: 50, dim_t: 574

Running seed 340 (341/1000)...

Done calculating commonality analysis.

Covariance matrix shape: torch.Size([674, 674])
dim_m1: 50, dim_m2: 50, dim_t: 574

Running seed 341 (342/1000)...

Done calculating commonality analysis.

Covariance matrix shape: torch.Size([674, 674])
dim_m1: 50, dim_m2: 50, dim_t: 574

Running seed 342 (343/1000)...

Done calculating commonality analysis.

Covariance matrix shape: torch.Size([674, 674])
dim_m1: 50, dim_m2: 50, dim_t: 574

Running seed 343 (344/1000)...

Done calculating commonality analysis.

Covariance matrix shape: torch.Size([674, 674])
dim_m1: 50, dim_m2: 50, dim_t: 574

Running seed 344 (345/1000)...

Done calculating commonality analysis.

Covariance matrix shape: torch.Size([674, 674])
dim_m1: 50, dim_m2: 50, dim_t: 574

Running seed 345 (346/1000)...

Done calculating commonality analysis.

Covariance matrix shape: torch.Size([674, 674])
dim_m1: 50, dim_m2: 50, dim_t: 574

Running seed 346 (347/1000)...

Done calculating commonality analysis.

Covariance matrix shape: torch.Size([674, 674])
dim_m1: 50, dim_m2: 50, dim_t: 574

Running seed 347 (348/1000)...

Done calculating commonality analysis.

Covariance matrix shape: torch.Size([674, 674])
dim_m1: 50, dim_m2: 50, dim_t: 574

Running seed 348 (349/1000)...

Done calculating commonality analysis.

Covariance matrix shape: torch.Size([674, 674])
dim_m1: 50, dim_m2: 50, dim_t: 574

Running seed 349 (350/1000)...

Done calculating commonality analysis.

Covariance matrix shape: torch.Size([674, 674])
dim_m1: 50, dim_m2: 50, dim_t: 574

Running seed 350 (351/1000)...

Done calculating commonality analysis.

Covariance matrix shape: torch.Size([674, 674])
dim_m1: 50, dim_m2: 50, dim_t: 574

Running seed 351 (352/1000)...

Done calculating commonality analysis.

Covariance matrix shape: torch.Size([674, 674])
dim_m1: 50, dim_m2: 50, dim_t: 574

Running seed 352 (353/1000)...

Done calculating commonality analysis.

Covariance matrix shape: torch.Size([674, 674])
dim_m1: 50, dim_m2: 50, dim_t: 574

Running seed 353 (354/1000)...

Done calculating commonality analysis.

Covariance matrix shape: torch.Size([674, 674])
dim_m1: 50, dim_m2: 50, dim_t: 574

Running seed 354 (355/1000)...

Done calculating commonality analysis.

Covariance matrix shape: torch.Size([674, 674])
dim_m1: 50, dim_m2: 50, dim_t: 574

Running seed 355 (356/1000)...

Done calculating commonality analysis.

Covariance matrix shape: torch.Size([674, 674])
dim_m1: 50, dim_m2: 50, dim_t: 574

Running seed 356 (357/1000)...

Done calculating commonality analysis.

Covariance matrix shape: torch.Size([674, 674])
dim_m1: 50, dim_m2: 50, dim_t: 574

Running seed 357 (358/1000)...

Done calculating commonality analysis.

Covariance matrix shape: torch.Size([674, 674])
dim_m1: 50, dim_m2: 50, dim_t: 574

Running seed 358 (359/1000)...

Done calculating commonality analysis.

Covariance matrix shape: torch.Size([674, 674])
dim_m1: 50, dim_m2: 50, dim_t: 574

Running seed 359 (360/1000)...

Done calculating commonality analysis.

Covariance matrix shape: torch.Size([674, 674])
dim_m1: 50, dim_m2: 50, dim_t: 574

Running seed 360 (361/1000)...

Done calculating commonality analysis.

Covariance matrix shape: torch.Size([674, 674])
dim_m1: 50, dim_m2: 50, dim_t: 574

Running seed 361 (362/1000)...

Done calculating commonality analysis.

Covariance matrix shape: torch.Size([674, 674])
dim_m1: 50, dim_m2: 50, dim_t: 574

Running seed 362 (363/1000)...

Done calculating commonality analysis.

Covariance matrix shape: torch.Size([674, 674])
dim_m1: 50, dim_m2: 50, dim_t: 574

Running seed 363 (364/1000)...

Done calculating commonality analysis.

Covariance matrix shape: torch.Size([674, 674])
dim_m1: 50, dim_m2: 50, dim_t: 574

Running seed 364 (365/1000)...

Done calculating commonality analysis.

Covariance matrix shape: torch.Size([674, 674])
dim_m1: 50, dim_m2: 50, dim_t: 574

Running seed 365 (366/1000)...

Done calculating commonality analysis.

Covariance matrix shape: torch.Size([674, 674])
dim_m1: 50, dim_m2: 50, dim_t: 574

Running seed 366 (367/1000)...

Done calculating commonality analysis.

Covariance matrix shape: torch.Size([674, 674])
dim_m1: 50, dim_m2: 50, dim_t: 574

Running seed 367 (368/1000)...

Done calculating commonality analysis.

Covariance matrix shape: torch.Size([674, 674])
dim_m1: 50, dim_m2: 50, dim_t: 574

Running seed 368 (369/1000)...

Done calculating commonality analysis.

Covariance matrix shape: torch.Size([674, 674])
dim_m1: 50, dim_m2: 50, dim_t: 574

Running seed 369 (370/1000)...

Done calculating commonality analysis.

Covariance matrix shape: torch.Size([674, 674])
dim_m1: 50, dim_m2: 50, dim_t: 574

Running seed 370 (371/1000)...

Done calculating commonality analysis.

Covariance matrix shape: torch.Size([674, 674])
dim_m1: 50, dim_m2: 50, dim_t: 574

Running seed 371 (372/1000)...

Done calculating commonality analysis.

Covariance matrix shape: torch.Size([674, 674])
dim_m1: 50, dim_m2: 50, dim_t: 574

Running seed 372 (373/1000)...

Done calculating commonality analysis.

Covariance matrix shape: torch.Size([674, 674])
dim_m1: 50, dim_m2: 50, dim_t: 574

Running seed 373 (374/1000)...

Done calculating commonality analysis.

Covariance matrix shape: torch.Size([674, 674])
dim_m1: 50, dim_m2: 50, dim_t: 574

Running seed 374 (375/1000)...

Done calculating commonality analysis.

Covariance matrix shape: torch.Size([674, 674])
dim_m1: 50, dim_m2: 50, dim_t: 574

Running seed 375 (376/1000)...

Done calculating commonality analysis.

Covariance matrix shape: torch.Size([674, 674])
dim_m1: 50, dim_m2: 50, dim_t: 574

Running seed 376 (377/1000)...

Done calculating commonality analysis.

Covariance matrix shape: torch.Size([674, 674])
dim_m1: 50, dim_m2: 50, dim_t: 574

Running seed 377 (378/1000)...

Done calculating commonality analysis.

Covariance matrix shape: torch.Size([674, 674])
dim_m1: 50, dim_m2: 50, dim_t: 574

Running seed 378 (379/1000)...

Done calculating commonality analysis.

Covariance matrix shape: torch.Size([674, 674])
dim_m1: 50, dim_m2: 50, dim_t: 574

Running seed 379 (380/1000)...

Done calculating commonality analysis.

Covariance matrix shape: torch.Size([674, 674])
dim_m1: 50, dim_m2: 50, dim_t: 574

Running seed 380 (381/1000)...

Done calculating commonality analysis.

Covariance matrix shape: torch.Size([674, 674])
dim_m1: 50, dim_m2: 50, dim_t: 574

Running seed 381 (382/1000)...

Done calculating commonality analysis.

Covariance matrix shape: torch.Size([674, 674])
dim_m1: 50, dim_m2: 50, dim_t: 574

Running seed 382 (383/1000)...

Done calculating commonality analysis.

Covariance matrix shape: torch.Size([674, 674])
dim_m1: 50, dim_m2: 50, dim_t: 574

Running seed 383 (384/1000)...

Done calculating commonality analysis.

Covariance matrix shape: torch.Size([674, 674])
dim_m1: 50, dim_m2: 50, dim_t: 574

Running seed 384 (385/1000)...

Done calculating commonality analysis.

Covariance matrix shape: torch.Size([674, 674])
dim_m1: 50, dim_m2: 50, dim_t: 574

Running seed 385 (386/1000)...

Done calculating commonality analysis.

Covariance matrix shape: torch.Size([674, 674])
dim_m1: 50, dim_m2: 50, dim_t: 574

Running seed 386 (387/1000)...

Done calculating commonality analysis.

Covariance matrix shape: torch.Size([674, 674])
dim_m1: 50, dim_m2: 50, dim_t: 574

Running seed 387 (388/1000)...

Done calculating commonality analysis.

Covariance matrix shape: torch.Size([674, 674])
dim_m1: 50, dim_m2: 50, dim_t: 574

Running seed 388 (389/1000)...

Done calculating commonality analysis.

Covariance matrix shape: torch.Size([674, 674])
dim_m1: 50, dim_m2: 50, dim_t: 574

Running seed 389 (390/1000)...

Done calculating commonality analysis.

Covariance matrix shape: torch.Size([674, 674])
dim_m1: 50, dim_m2: 50, dim_t: 574

Running seed 390 (391/1000)...

Done calculating commonality analysis.

Covariance matrix shape: torch.Size([674, 674])
dim_m1: 50, dim_m2: 50, dim_t: 574

Running seed 391 (392/1000)...

Done calculating commonality analysis.

Covariance matrix shape: torch.Size([674, 674])
dim_m1: 50, dim_m2: 50, dim_t: 574

Running seed 392 (393/1000)...

Done calculating commonality analysis.

Covariance matrix shape: torch.Size([674, 674])
dim_m1: 50, dim_m2: 50, dim_t: 574

Running seed 393 (394/1000)...

Done calculating commonality analysis.

Covariance matrix shape: torch.Size([674, 674])
dim_m1: 50, dim_m2: 50, dim_t: 574

Running seed 394 (395/1000)...

Done calculating commonality analysis.

Covariance matrix shape: torch.Size([674, 674])
dim_m1: 50, dim_m2: 50, dim_t: 574

Running seed 395 (396/1000)...

Done calculating commonality analysis.

Covariance matrix shape: torch.Size([674, 674])
dim_m1: 50, dim_m2: 50, dim_t: 574

Running seed 396 (397/1000)...

Done calculating commonality analysis.

Covariance matrix shape: torch.Size([674, 674])
dim_m1: 50, dim_m2: 50, dim_t: 574

Running seed 397 (398/1000)...

Done calculating commonality analysis.

Covariance matrix shape: torch.Size([674, 674])
dim_m1: 50, dim_m2: 50, dim_t: 574

Running seed 398 (399/1000)...

Done calculating commonality analysis.

Covariance matrix shape: torch.Size([674, 674])
dim_m1: 50, dim_m2: 50, dim_t: 574

Running seed 399 (400/1000)...

Done calculating commonality analysis.

Covariance matrix shape: torch.Size([674, 674])
dim_m1: 50, dim_m2: 50, dim_t: 574

Intermediate summary after 400 runs:

======================================================================
CA + PID component summary across 400 seeds (start=0)
======================================================================
CA_R²_X1: mean=0.454012, std=0.031861
CA_R²_X2: mean=-0.001633, std=0.000431
CA_R²_X12: mean=0.521320, std=0.030421
CA_unique_X1: mean=0.522953, std=0.030428
CA_unique_X2: mean=0.067308, std=0.010667
CA_common: mean=-0.068941, std=0.010664
CA_unexplained: mean=0.478680, std=0.030421
PID_red: mean=0.158133, std=0.003823
PID_unq1: mean=28.815841, std=0.922790
PID_unq2: mean=-0.159362, std=0.016847
PID_syn: mean=13.251305, std=0.606461
I(M1;T): mean=28.973974, std=0.923166
I(M2;T): mean=-0.001229, std=0.017984
I(M1,M2;T): mean=42.065917, std=0.814035

Running seed 400 (401/1000)...

Done calculating commonality analysis.

Covariance matrix shape: torch.Size([674, 674])
dim_m1: 50, dim_m2: 50, dim_t: 574

Running seed 401 (402/1000)...

Done calculating commonality analysis.

Covariance matrix shape: torch.Size([674, 674])
dim_m1: 50, dim_m2: 50, dim_t: 574

Running seed 402 (403/1000)...

Done calculating commonality analysis.

Covariance matrix shape: torch.Size([674, 674])
dim_m1: 50, dim_m2: 50, dim_t: 574

Running seed 403 (404/1000)...

Done calculating commonality analysis.

Covariance matrix shape: torch.Size([674, 674])
dim_m1: 50, dim_m2: 50, dim_t: 574

Running seed 404 (405/1000)...

Done calculating commonality analysis.

Covariance matrix shape: torch.Size([674, 674])
dim_m1: 50, dim_m2: 50, dim_t: 574

Running seed 405 (406/1000)...

Done calculating commonality analysis.

Covariance matrix shape: torch.Size([674, 674])
dim_m1: 50, dim_m2: 50, dim_t: 574

Running seed 406 (407/1000)...

Done calculating commonality analysis.

Covariance matrix shape: torch.Size([674, 674])
dim_m1: 50, dim_m2: 50, dim_t: 574

Running seed 407 (408/1000)...

Done calculating commonality analysis.

Covariance matrix shape: torch.Size([674, 674])
dim_m1: 50, dim_m2: 50, dim_t: 574

Running seed 408 (409/1000)...

Done calculating commonality analysis.

Covariance matrix shape: torch.Size([674, 674])
dim_m1: 50, dim_m2: 50, dim_t: 574

Running seed 409 (410/1000)...

Done calculating commonality analysis.

Covariance matrix shape: torch.Size([674, 674])
dim_m1: 50, dim_m2: 50, dim_t: 574

Running seed 410 (411/1000)...

Done calculating commonality analysis.

Covariance matrix shape: torch.Size([674, 674])
dim_m1: 50, dim_m2: 50, dim_t: 574

Running seed 411 (412/1000)...

Done calculating commonality analysis.

Covariance matrix shape: torch.Size([674, 674])
dim_m1: 50, dim_m2: 50, dim_t: 574

Running seed 412 (413/1000)...

Done calculating commonality analysis.

Covariance matrix shape: torch.Size([674, 674])
dim_m1: 50, dim_m2: 50, dim_t: 574

Running seed 413 (414/1000)...

Done calculating commonality analysis.

Covariance matrix shape: torch.Size([674, 674])
dim_m1: 50, dim_m2: 50, dim_t: 574

Running seed 414 (415/1000)...

Done calculating commonality analysis.

Covariance matrix shape: torch.Size([674, 674])
dim_m1: 50, dim_m2: 50, dim_t: 574

Running seed 415 (416/1000)...

Done calculating commonality analysis.

Covariance matrix shape: torch.Size([674, 674])
dim_m1: 50, dim_m2: 50, dim_t: 574

Running seed 416 (417/1000)...

Done calculating commonality analysis.

Covariance matrix shape: torch.Size([674, 674])
dim_m1: 50, dim_m2: 50, dim_t: 574

Running seed 417 (418/1000)...

Done calculating commonality analysis.

Covariance matrix shape: torch.Size([674, 674])
dim_m1: 50, dim_m2: 50, dim_t: 574

Running seed 418 (419/1000)...

Done calculating commonality analysis.

Covariance matrix shape: torch.Size([674, 674])
dim_m1: 50, dim_m2: 50, dim_t: 574

Running seed 419 (420/1000)...

Done calculating commonality analysis.

Covariance matrix shape: torch.Size([674, 674])
dim_m1: 50, dim_m2: 50, dim_t: 574

Running seed 420 (421/1000)...

Done calculating commonality analysis.

Covariance matrix shape: torch.Size([674, 674])
dim_m1: 50, dim_m2: 50, dim_t: 574

Running seed 421 (422/1000)...

Done calculating commonality analysis.

Covariance matrix shape: torch.Size([674, 674])
dim_m1: 50, dim_m2: 50, dim_t: 574

Running seed 422 (423/1000)...

Done calculating commonality analysis.

Covariance matrix shape: torch.Size([674, 674])
dim_m1: 50, dim_m2: 50, dim_t: 574

Running seed 423 (424/1000)...

Done calculating commonality analysis.

Covariance matrix shape: torch.Size([674, 674])
dim_m1: 50, dim_m2: 50, dim_t: 574

Running seed 424 (425/1000)...

Done calculating commonality analysis.

Covariance matrix shape: torch.Size([674, 674])
dim_m1: 50, dim_m2: 50, dim_t: 574

Running seed 425 (426/1000)...

Done calculating commonality analysis.

Covariance matrix shape: torch.Size([674, 674])
dim_m1: 50, dim_m2: 50, dim_t: 574

Running seed 426 (427/1000)...

Done calculating commonality analysis.

Covariance matrix shape: torch.Size([674, 674])
dim_m1: 50, dim_m2: 50, dim_t: 574

Running seed 427 (428/1000)...

Done calculating commonality analysis.

Covariance matrix shape: torch.Size([674, 674])
dim_m1: 50, dim_m2: 50, dim_t: 574

Running seed 428 (429/1000)...

Done calculating commonality analysis.

Covariance matrix shape: torch.Size([674, 674])
dim_m1: 50, dim_m2: 50, dim_t: 574

Running seed 429 (430/1000)...

Done calculating commonality analysis.

Covariance matrix shape: torch.Size([674, 674])
dim_m1: 50, dim_m2: 50, dim_t: 574

Running seed 430 (431/1000)...

Done calculating commonality analysis.

Covariance matrix shape: torch.Size([674, 674])
dim_m1: 50, dim_m2: 50, dim_t: 574

Running seed 431 (432/1000)...

Done calculating commonality analysis.

Covariance matrix shape: torch.Size([674, 674])
dim_m1: 50, dim_m2: 50, dim_t: 574

Running seed 432 (433/1000)...

Done calculating commonality analysis.

Covariance matrix shape: torch.Size([674, 674])
dim_m1: 50, dim_m2: 50, dim_t: 574

Running seed 433 (434/1000)...

Done calculating commonality analysis.

Covariance matrix shape: torch.Size([674, 674])
dim_m1: 50, dim_m2: 50, dim_t: 574

Running seed 434 (435/1000)...

Done calculating commonality analysis.

Covariance matrix shape: torch.Size([674, 674])
dim_m1: 50, dim_m2: 50, dim_t: 574

Running seed 435 (436/1000)...

Done calculating commonality analysis.

Covariance matrix shape: torch.Size([674, 674])
dim_m1: 50, dim_m2: 50, dim_t: 574

Running seed 436 (437/1000)...

Done calculating commonality analysis.

Covariance matrix shape: torch.Size([674, 674])
dim_m1: 50, dim_m2: 50, dim_t: 574

Running seed 437 (438/1000)...

Done calculating commonality analysis.

Covariance matrix shape: torch.Size([674, 674])
dim_m1: 50, dim_m2: 50, dim_t: 574

Running seed 438 (439/1000)...

Done calculating commonality analysis.

Covariance matrix shape: torch.Size([674, 674])
dim_m1: 50, dim_m2: 50, dim_t: 574

Running seed 439 (440/1000)...

Done calculating commonality analysis.

Covariance matrix shape: torch.Size([674, 674])
dim_m1: 50, dim_m2: 50, dim_t: 574

Running seed 440 (441/1000)...

Done calculating commonality analysis.

Covariance matrix shape: torch.Size([674, 674])
dim_m1: 50, dim_m2: 50, dim_t: 574

Running seed 441 (442/1000)...

Done calculating commonality analysis.

Covariance matrix shape: torch.Size([674, 674])
dim_m1: 50, dim_m2: 50, dim_t: 574

Running seed 442 (443/1000)...

Done calculating commonality analysis.

Covariance matrix shape: torch.Size([674, 674])
dim_m1: 50, dim_m2: 50, dim_t: 574

Running seed 443 (444/1000)...

Done calculating commonality analysis.

Covariance matrix shape: torch.Size([674, 674])
dim_m1: 50, dim_m2: 50, dim_t: 574

Running seed 444 (445/1000)...

Done calculating commonality analysis.

Covariance matrix shape: torch.Size([674, 674])
dim_m1: 50, dim_m2: 50, dim_t: 574

Running seed 445 (446/1000)...

Done calculating commonality analysis.

Covariance matrix shape: torch.Size([674, 674])
dim_m1: 50, dim_m2: 50, dim_t: 574

Running seed 446 (447/1000)...

Done calculating commonality analysis.

Covariance matrix shape: torch.Size([674, 674])
dim_m1: 50, dim_m2: 50, dim_t: 574

Running seed 447 (448/1000)...

Done calculating commonality analysis.

Covariance matrix shape: torch.Size([674, 674])
dim_m1: 50, dim_m2: 50, dim_t: 574

Running seed 448 (449/1000)...

Done calculating commonality analysis.

Covariance matrix shape: torch.Size([674, 674])
dim_m1: 50, dim_m2: 50, dim_t: 574

Running seed 449 (450/1000)...

Done calculating commonality analysis.

Covariance matrix shape: torch.Size([674, 674])
dim_m1: 50, dim_m2: 50, dim_t: 574

Running seed 450 (451/1000)...

Done calculating commonality analysis.

Covariance matrix shape: torch.Size([674, 674])
dim_m1: 50, dim_m2: 50, dim_t: 574

Running seed 451 (452/1000)...

Done calculating commonality analysis.

Covariance matrix shape: torch.Size([674, 674])
dim_m1: 50, dim_m2: 50, dim_t: 574

Running seed 452 (453/1000)...

Done calculating commonality analysis.

Covariance matrix shape: torch.Size([674, 674])
dim_m1: 50, dim_m2: 50, dim_t: 574

Running seed 453 (454/1000)...

Done calculating commonality analysis.

Covariance matrix shape: torch.Size([674, 674])
dim_m1: 50, dim_m2: 50, dim_t: 574

Running seed 454 (455/1000)...

Done calculating commonality analysis.

Covariance matrix shape: torch.Size([674, 674])
dim_m1: 50, dim_m2: 50, dim_t: 574

Running seed 455 (456/1000)...

Done calculating commonality analysis.

Covariance matrix shape: torch.Size([674, 674])
dim_m1: 50, dim_m2: 50, dim_t: 574

Running seed 456 (457/1000)...

Done calculating commonality analysis.

Covariance matrix shape: torch.Size([674, 674])
dim_m1: 50, dim_m2: 50, dim_t: 574

Running seed 457 (458/1000)...

Done calculating commonality analysis.

Covariance matrix shape: torch.Size([674, 674])
dim_m1: 50, dim_m2: 50, dim_t: 574

Running seed 458 (459/1000)...

Done calculating commonality analysis.

Covariance matrix shape: torch.Size([674, 674])
dim_m1: 50, dim_m2: 50, dim_t: 574

Running seed 459 (460/1000)...

Done calculating commonality analysis.

Covariance matrix shape: torch.Size([674, 674])
dim_m1: 50, dim_m2: 50, dim_t: 574

Running seed 460 (461/1000)...

Done calculating commonality analysis.

Covariance matrix shape: torch.Size([674, 674])
dim_m1: 50, dim_m2: 50, dim_t: 574

Running seed 461 (462/1000)...

Done calculating commonality analysis.

Covariance matrix shape: torch.Size([674, 674])
dim_m1: 50, dim_m2: 50, dim_t: 574

Running seed 462 (463/1000)...

Done calculating commonality analysis.

Covariance matrix shape: torch.Size([674, 674])
dim_m1: 50, dim_m2: 50, dim_t: 574

Running seed 463 (464/1000)...

Done calculating commonality analysis.

Covariance matrix shape: torch.Size([674, 674])
dim_m1: 50, dim_m2: 50, dim_t: 574

Running seed 464 (465/1000)...

Done calculating commonality analysis.

Covariance matrix shape: torch.Size([674, 674])
dim_m1: 50, dim_m2: 50, dim_t: 574

Running seed 465 (466/1000)...

Done calculating commonality analysis.

Covariance matrix shape: torch.Size([674, 674])
dim_m1: 50, dim_m2: 50, dim_t: 574

Running seed 466 (467/1000)...

Done calculating commonality analysis.

Covariance matrix shape: torch.Size([674, 674])
dim_m1: 50, dim_m2: 50, dim_t: 574

Running seed 467 (468/1000)...

Done calculating commonality analysis.

Covariance matrix shape: torch.Size([674, 674])
dim_m1: 50, dim_m2: 50, dim_t: 574

Running seed 468 (469/1000)...

Done calculating commonality analysis.

Covariance matrix shape: torch.Size([674, 674])
dim_m1: 50, dim_m2: 50, dim_t: 574

Running seed 469 (470/1000)...

Done calculating commonality analysis.

Covariance matrix shape: torch.Size([674, 674])
dim_m1: 50, dim_m2: 50, dim_t: 574

Running seed 470 (471/1000)...

Done calculating commonality analysis.

Covariance matrix shape: torch.Size([674, 674])
dim_m1: 50, dim_m2: 50, dim_t: 574

Running seed 471 (472/1000)...

Done calculating commonality analysis.

Covariance matrix shape: torch.Size([674, 674])
dim_m1: 50, dim_m2: 50, dim_t: 574

Running seed 472 (473/1000)...

Done calculating commonality analysis.

Covariance matrix shape: torch.Size([674, 674])
dim_m1: 50, dim_m2: 50, dim_t: 574

Running seed 473 (474/1000)...

Done calculating commonality analysis.

Covariance matrix shape: torch.Size([674, 674])
dim_m1: 50, dim_m2: 50, dim_t: 574

Running seed 474 (475/1000)...

Done calculating commonality analysis.

Covariance matrix shape: torch.Size([674, 674])
dim_m1: 50, dim_m2: 50, dim_t: 574

Running seed 475 (476/1000)...

Done calculating commonality analysis.

Covariance matrix shape: torch.Size([674, 674])
dim_m1: 50, dim_m2: 50, dim_t: 574

Running seed 476 (477/1000)...

Done calculating commonality analysis.

Covariance matrix shape: torch.Size([674, 674])
dim_m1: 50, dim_m2: 50, dim_t: 574

Running seed 477 (478/1000)...

Done calculating commonality analysis.

Covariance matrix shape: torch.Size([674, 674])
dim_m1: 50, dim_m2: 50, dim_t: 574

Running seed 478 (479/1000)...

Done calculating commonality analysis.

Covariance matrix shape: torch.Size([674, 674])
dim_m1: 50, dim_m2: 50, dim_t: 574

Running seed 479 (480/1000)...

Done calculating commonality analysis.

Covariance matrix shape: torch.Size([674, 674])
dim_m1: 50, dim_m2: 50, dim_t: 574

Running seed 480 (481/1000)...

Done calculating commonality analysis.

Covariance matrix shape: torch.Size([674, 674])
dim_m1: 50, dim_m2: 50, dim_t: 574

Running seed 481 (482/1000)...

Done calculating commonality analysis.

Covariance matrix shape: torch.Size([674, 674])
dim_m1: 50, dim_m2: 50, dim_t: 574

Running seed 482 (483/1000)...

Done calculating commonality analysis.

Covariance matrix shape: torch.Size([674, 674])
dim_m1: 50, dim_m2: 50, dim_t: 574

Running seed 483 (484/1000)...

Done calculating commonality analysis.

Covariance matrix shape: torch.Size([674, 674])
dim_m1: 50, dim_m2: 50, dim_t: 574

Running seed 484 (485/1000)...

Done calculating commonality analysis.

Covariance matrix shape: torch.Size([674, 674])
dim_m1: 50, dim_m2: 50, dim_t: 574

Running seed 485 (486/1000)...

Done calculating commonality analysis.

Covariance matrix shape: torch.Size([674, 674])
dim_m1: 50, dim_m2: 50, dim_t: 574

Running seed 486 (487/1000)...

Done calculating commonality analysis.

Covariance matrix shape: torch.Size([674, 674])
dim_m1: 50, dim_m2: 50, dim_t: 574

Running seed 487 (488/1000)...

Done calculating commonality analysis.

Covariance matrix shape: torch.Size([674, 674])
dim_m1: 50, dim_m2: 50, dim_t: 574

Running seed 488 (489/1000)...

Done calculating commonality analysis.

Covariance matrix shape: torch.Size([674, 674])
dim_m1: 50, dim_m2: 50, dim_t: 574

Running seed 489 (490/1000)...

Done calculating commonality analysis.

Covariance matrix shape: torch.Size([674, 674])
dim_m1: 50, dim_m2: 50, dim_t: 574

Running seed 490 (491/1000)...

Done calculating commonality analysis.

Covariance matrix shape: torch.Size([674, 674])
dim_m1: 50, dim_m2: 50, dim_t: 574

Running seed 491 (492/1000)...

Done calculating commonality analysis.

Covariance matrix shape: torch.Size([674, 674])
dim_m1: 50, dim_m2: 50, dim_t: 574

Running seed 492 (493/1000)...

Done calculating commonality analysis.

Covariance matrix shape: torch.Size([674, 674])
dim_m1: 50, dim_m2: 50, dim_t: 574

Running seed 493 (494/1000)...

Done calculating commonality analysis.

Covariance matrix shape: torch.Size([674, 674])
dim_m1: 50, dim_m2: 50, dim_t: 574

Running seed 494 (495/1000)...

Done calculating commonality analysis.

Covariance matrix shape: torch.Size([674, 674])
dim_m1: 50, dim_m2: 50, dim_t: 574

Running seed 495 (496/1000)...

Done calculating commonality analysis.

Covariance matrix shape: torch.Size([674, 674])
dim_m1: 50, dim_m2: 50, dim_t: 574

Running seed 496 (497/1000)...

Done calculating commonality analysis.

Covariance matrix shape: torch.Size([674, 674])
dim_m1: 50, dim_m2: 50, dim_t: 574

Running seed 497 (498/1000)...

Done calculating commonality analysis.

Covariance matrix shape: torch.Size([674, 674])
dim_m1: 50, dim_m2: 50, dim_t: 574

Running seed 498 (499/1000)...

Done calculating commonality analysis.

Covariance matrix shape: torch.Size([674, 674])
dim_m1: 50, dim_m2: 50, dim_t: 574

Running seed 499 (500/1000)...

Done calculating commonality analysis.

Covariance matrix shape: torch.Size([674, 674])
dim_m1: 50, dim_m2: 50, dim_t: 574

Intermediate summary after 500 runs:

======================================================================
CA + PID component summary across 500 seeds (start=0)
======================================================================
CA_R²_X1: mean=0.452581, std=0.032582
CA_R²_X2: mean=-0.001620, std=0.000433
CA_R²_X12: mean=0.519883, std=0.031148
CA_unique_X1: mean=0.521502, std=0.031138
CA_unique_X2: mean=0.067301, std=0.010647
CA_common: mean=-0.068921, std=0.010646
CA_unexplained: mean=0.480117, std=0.031148
PID_red: mean=0.158156, std=0.003825
PID_unq1: mean=28.837173, std=0.923298
PID_unq2: mean=-0.159212, std=0.016633
PID_syn: mean=13.255767, std=0.616361
I(M1;T): mean=28.995329, std=0.923668
I(M2;T): mean=-0.001056, std=0.017846
I(M1,M2;T): mean=42.091885, std=0.822668

Running seed 500 (501/1000)...

Done calculating commonality analysis.

Covariance matrix shape: torch.Size([674, 674])
dim_m1: 50, dim_m2: 50, dim_t: 574

Running seed 501 (502/1000)...

Done calculating commonality analysis.

Covariance matrix shape: torch.Size([674, 674])
dim_m1: 50, dim_m2: 50, dim_t: 574

Running seed 502 (503/1000)...

Done calculating commonality analysis.

Covariance matrix shape: torch.Size([674, 674])
dim_m1: 50, dim_m2: 50, dim_t: 574

Running seed 503 (504/1000)...

Done calculating commonality analysis.

Covariance matrix shape: torch.Size([674, 674])
dim_m1: 50, dim_m2: 50, dim_t: 574

Running seed 504 (505/1000)...

Done calculating commonality analysis.

Covariance matrix shape: torch.Size([674, 674])
dim_m1: 50, dim_m2: 50, dim_t: 574

Running seed 505 (506/1000)...

Done calculating commonality analysis.

Covariance matrix shape: torch.Size([674, 674])
dim_m1: 50, dim_m2: 50, dim_t: 574

Running seed 506 (507/1000)...

Done calculating commonality analysis.

Covariance matrix shape: torch.Size([674, 674])
dim_m1: 50, dim_m2: 50, dim_t: 574

Running seed 507 (508/1000)...

Done calculating commonality analysis.

Covariance matrix shape: torch.Size([674, 674])
dim_m1: 50, dim_m2: 50, dim_t: 574

Running seed 508 (509/1000)...

Done calculating commonality analysis.

Covariance matrix shape: torch.Size([674, 674])
dim_m1: 50, dim_m2: 50, dim_t: 574

Running seed 509 (510/1000)...

Done calculating commonality analysis.

Covariance matrix shape: torch.Size([674, 674])
dim_m1: 50, dim_m2: 50, dim_t: 574

Running seed 510 (511/1000)...

Done calculating commonality analysis.

Covariance matrix shape: torch.Size([674, 674])
dim_m1: 50, dim_m2: 50, dim_t: 574

Running seed 511 (512/1000)...

Done calculating commonality analysis.

Covariance matrix shape: torch.Size([674, 674])
dim_m1: 50, dim_m2: 50, dim_t: 574

Running seed 512 (513/1000)...

Done calculating commonality analysis.

Covariance matrix shape: torch.Size([674, 674])
dim_m1: 50, dim_m2: 50, dim_t: 574

Running seed 513 (514/1000)...

Done calculating commonality analysis.

Covariance matrix shape: torch.Size([674, 674])
dim_m1: 50, dim_m2: 50, dim_t: 574

Running seed 514 (515/1000)...

Done calculating commonality analysis.

Covariance matrix shape: torch.Size([674, 674])
dim_m1: 50, dim_m2: 50, dim_t: 574

Running seed 515 (516/1000)...

Done calculating commonality analysis.

Covariance matrix shape: torch.Size([674, 674])
dim_m1: 50, dim_m2: 50, dim_t: 574

Running seed 516 (517/1000)...

Done calculating commonality analysis.

Covariance matrix shape: torch.Size([674, 674])
dim_m1: 50, dim_m2: 50, dim_t: 574

Running seed 517 (518/1000)...

Done calculating commonality analysis.

Covariance matrix shape: torch.Size([674, 674])
dim_m1: 50, dim_m2: 50, dim_t: 574

Running seed 518 (519/1000)...

Done calculating commonality analysis.

Covariance matrix shape: torch.Size([674, 674])
dim_m1: 50, dim_m2: 50, dim_t: 574

Running seed 519 (520/1000)...

Done calculating commonality analysis.

Covariance matrix shape: torch.Size([674, 674])
dim_m1: 50, dim_m2: 50, dim_t: 574

Running seed 520 (521/1000)...

Done calculating commonality analysis.

Covariance matrix shape: torch.Size([674, 674])
dim_m1: 50, dim_m2: 50, dim_t: 574

Running seed 521 (522/1000)...

Done calculating commonality analysis.

Covariance matrix shape: torch.Size([674, 674])
dim_m1: 50, dim_m2: 50, dim_t: 574

Running seed 522 (523/1000)...

Done calculating commonality analysis.

Covariance matrix shape: torch.Size([674, 674])
dim_m1: 50, dim_m2: 50, dim_t: 574

Running seed 523 (524/1000)...

Done calculating commonality analysis.

Covariance matrix shape: torch.Size([674, 674])
dim_m1: 50, dim_m2: 50, dim_t: 574

Running seed 524 (525/1000)...

Done calculating commonality analysis.

Covariance matrix shape: torch.Size([674, 674])
dim_m1: 50, dim_m2: 50, dim_t: 574

Running seed 525 (526/1000)...

Done calculating commonality analysis.

Covariance matrix shape: torch.Size([674, 674])
dim_m1: 50, dim_m2: 50, dim_t: 574

Running seed 526 (527/1000)...

Done calculating commonality analysis.

Covariance matrix shape: torch.Size([674, 674])
dim_m1: 50, dim_m2: 50, dim_t: 574

Running seed 527 (528/1000)...

Done calculating commonality analysis.

Covariance matrix shape: torch.Size([674, 674])
dim_m1: 50, dim_m2: 50, dim_t: 574

Running seed 528 (529/1000)...

Done calculating commonality analysis.

Covariance matrix shape: torch.Size([674, 674])
dim_m1: 50, dim_m2: 50, dim_t: 574

Running seed 529 (530/1000)...

Done calculating commonality analysis.

Covariance matrix shape: torch.Size([674, 674])
dim_m1: 50, dim_m2: 50, dim_t: 574

Running seed 530 (531/1000)...

Done calculating commonality analysis.

Covariance matrix shape: torch.Size([674, 674])
dim_m1: 50, dim_m2: 50, dim_t: 574

Running seed 531 (532/1000)...

Done calculating commonality analysis.

Covariance matrix shape: torch.Size([674, 674])
dim_m1: 50, dim_m2: 50, dim_t: 574

Running seed 532 (533/1000)...

Done calculating commonality analysis.

Covariance matrix shape: torch.Size([674, 674])
dim_m1: 50, dim_m2: 50, dim_t: 574

Running seed 533 (534/1000)...

Done calculating commonality analysis.

Covariance matrix shape: torch.Size([674, 674])
dim_m1: 50, dim_m2: 50, dim_t: 574

Running seed 534 (535/1000)...

Done calculating commonality analysis.

Covariance matrix shape: torch.Size([674, 674])
dim_m1: 50, dim_m2: 50, dim_t: 574

Running seed 535 (536/1000)...

Done calculating commonality analysis.

Covariance matrix shape: torch.Size([674, 674])
dim_m1: 50, dim_m2: 50, dim_t: 574

Running seed 536 (537/1000)...

Done calculating commonality analysis.

Covariance matrix shape: torch.Size([674, 674])
dim_m1: 50, dim_m2: 50, dim_t: 574

Running seed 537 (538/1000)...

Done calculating commonality analysis.

Covariance matrix shape: torch.Size([674, 674])
dim_m1: 50, dim_m2: 50, dim_t: 574

Running seed 538 (539/1000)...

Done calculating commonality analysis.

Covariance matrix shape: torch.Size([674, 674])
dim_m1: 50, dim_m2: 50, dim_t: 574

Running seed 539 (540/1000)...

Done calculating commonality analysis.

Covariance matrix shape: torch.Size([674, 674])
dim_m1: 50, dim_m2: 50, dim_t: 574

Running seed 540 (541/1000)...

Done calculating commonality analysis.

Covariance matrix shape: torch.Size([674, 674])
dim_m1: 50, dim_m2: 50, dim_t: 574

Running seed 541 (542/1000)...

Done calculating commonality analysis.

Covariance matrix shape: torch.Size([674, 674])
dim_m1: 50, dim_m2: 50, dim_t: 574

Running seed 542 (543/1000)...

Done calculating commonality analysis.

Covariance matrix shape: torch.Size([674, 674])
dim_m1: 50, dim_m2: 50, dim_t: 574

Running seed 543 (544/1000)...

Done calculating commonality analysis.

Covariance matrix shape: torch.Size([674, 674])
dim_m1: 50, dim_m2: 50, dim_t: 574

Running seed 544 (545/1000)...

Done calculating commonality analysis.

Covariance matrix shape: torch.Size([674, 674])
dim_m1: 50, dim_m2: 50, dim_t: 574

Running seed 545 (546/1000)...

Done calculating commonality analysis.

Covariance matrix shape: torch.Size([674, 674])
dim_m1: 50, dim_m2: 50, dim_t: 574

Running seed 546 (547/1000)...

Done calculating commonality analysis.

Covariance matrix shape: torch.Size([674, 674])
dim_m1: 50, dim_m2: 50, dim_t: 574

Running seed 547 (548/1000)...

Done calculating commonality analysis.

Covariance matrix shape: torch.Size([674, 674])
dim_m1: 50, dim_m2: 50, dim_t: 574

Running seed 548 (549/1000)...

Done calculating commonality analysis.

Covariance matrix shape: torch.Size([674, 674])
dim_m1: 50, dim_m2: 50, dim_t: 574

Running seed 549 (550/1000)...

Done calculating commonality analysis.

Covariance matrix shape: torch.Size([674, 674])
dim_m1: 50, dim_m2: 50, dim_t: 574

Running seed 550 (551/1000)...

Done calculating commonality analysis.

Covariance matrix shape: torch.Size([674, 674])
dim_m1: 50, dim_m2: 50, dim_t: 574

Running seed 551 (552/1000)...

Done calculating commonality analysis.

Covariance matrix shape: torch.Size([674, 674])
dim_m1: 50, dim_m2: 50, dim_t: 574

Running seed 552 (553/1000)...

Done calculating commonality analysis.

Covariance matrix shape: torch.Size([674, 674])
dim_m1: 50, dim_m2: 50, dim_t: 574

Running seed 553 (554/1000)...

Done calculating commonality analysis.

Covariance matrix shape: torch.Size([674, 674])
dim_m1: 50, dim_m2: 50, dim_t: 574

Running seed 554 (555/1000)...

Done calculating commonality analysis.

Covariance matrix shape: torch.Size([674, 674])
dim_m1: 50, dim_m2: 50, dim_t: 574

Running seed 555 (556/1000)...

Done calculating commonality analysis.

Covariance matrix shape: torch.Size([674, 674])
dim_m1: 50, dim_m2: 50, dim_t: 574

Running seed 556 (557/1000)...

Done calculating commonality analysis.

Covariance matrix shape: torch.Size([674, 674])
dim_m1: 50, dim_m2: 50, dim_t: 574

Running seed 557 (558/1000)...

Done calculating commonality analysis.

Covariance matrix shape: torch.Size([674, 674])
dim_m1: 50, dim_m2: 50, dim_t: 574

Running seed 558 (559/1000)...

Done calculating commonality analysis.

Covariance matrix shape: torch.Size([674, 674])
dim_m1: 50, dim_m2: 50, dim_t: 574

Running seed 559 (560/1000)...

Done calculating commonality analysis.

Covariance matrix shape: torch.Size([674, 674])
dim_m1: 50, dim_m2: 50, dim_t: 574

Running seed 560 (561/1000)...

Done calculating commonality analysis.

Covariance matrix shape: torch.Size([674, 674])
dim_m1: 50, dim_m2: 50, dim_t: 574

Running seed 561 (562/1000)...

Done calculating commonality analysis.

Covariance matrix shape: torch.Size([674, 674])
dim_m1: 50, dim_m2: 50, dim_t: 574

Running seed 562 (563/1000)...

Done calculating commonality analysis.

Covariance matrix shape: torch.Size([674, 674])
dim_m1: 50, dim_m2: 50, dim_t: 574

Running seed 563 (564/1000)...

Done calculating commonality analysis.

Covariance matrix shape: torch.Size([674, 674])
dim_m1: 50, dim_m2: 50, dim_t: 574

Running seed 564 (565/1000)...

Done calculating commonality analysis.

Covariance matrix shape: torch.Size([674, 674])
dim_m1: 50, dim_m2: 50, dim_t: 574

Running seed 565 (566/1000)...

Done calculating commonality analysis.

Covariance matrix shape: torch.Size([674, 674])
dim_m1: 50, dim_m2: 50, dim_t: 574

Running seed 566 (567/1000)...

Done calculating commonality analysis.

Covariance matrix shape: torch.Size([674, 674])
dim_m1: 50, dim_m2: 50, dim_t: 574

Running seed 567 (568/1000)...

Done calculating commonality analysis.

Covariance matrix shape: torch.Size([674, 674])
dim_m1: 50, dim_m2: 50, dim_t: 574

Running seed 568 (569/1000)...

Done calculating commonality analysis.

Covariance matrix shape: torch.Size([674, 674])
dim_m1: 50, dim_m2: 50, dim_t: 574

Running seed 569 (570/1000)...

Done calculating commonality analysis.

Covariance matrix shape: torch.Size([674, 674])
dim_m1: 50, dim_m2: 50, dim_t: 574

Running seed 570 (571/1000)...

Done calculating commonality analysis.

Covariance matrix shape: torch.Size([674, 674])
dim_m1: 50, dim_m2: 50, dim_t: 574

Running seed 571 (572/1000)...

Done calculating commonality analysis.

Covariance matrix shape: torch.Size([674, 674])
dim_m1: 50, dim_m2: 50, dim_t: 574

Running seed 572 (573/1000)...

Done calculating commonality analysis.

Covariance matrix shape: torch.Size([674, 674])
dim_m1: 50, dim_m2: 50, dim_t: 574

Running seed 573 (574/1000)...

Done calculating commonality analysis.

Covariance matrix shape: torch.Size([674, 674])
dim_m1: 50, dim_m2: 50, dim_t: 574

Running seed 574 (575/1000)...

Done calculating commonality analysis.

Covariance matrix shape: torch.Size([674, 674])
dim_m1: 50, dim_m2: 50, dim_t: 574

Running seed 575 (576/1000)...

Done calculating commonality analysis.

Covariance matrix shape: torch.Size([674, 674])
dim_m1: 50, dim_m2: 50, dim_t: 574

Running seed 576 (577/1000)...

Done calculating commonality analysis.

Covariance matrix shape: torch.Size([674, 674])
dim_m1: 50, dim_m2: 50, dim_t: 574

Running seed 577 (578/1000)...

Done calculating commonality analysis.

Covariance matrix shape: torch.Size([674, 674])
dim_m1: 50, dim_m2: 50, dim_t: 574

Running seed 578 (579/1000)...

Done calculating commonality analysis.

Covariance matrix shape: torch.Size([674, 674])
dim_m1: 50, dim_m2: 50, dim_t: 574

Running seed 579 (580/1000)...

Done calculating commonality analysis.

Covariance matrix shape: torch.Size([674, 674])
dim_m1: 50, dim_m2: 50, dim_t: 574

Running seed 580 (581/1000)...

Done calculating commonality analysis.

Covariance matrix shape: torch.Size([674, 674])
dim_m1: 50, dim_m2: 50, dim_t: 574

Running seed 581 (582/1000)...

Done calculating commonality analysis.

Covariance matrix shape: torch.Size([674, 674])
dim_m1: 50, dim_m2: 50, dim_t: 574

Running seed 582 (583/1000)...

Done calculating commonality analysis.

Covariance matrix shape: torch.Size([674, 674])
dim_m1: 50, dim_m2: 50, dim_t: 574

Running seed 583 (584/1000)...

Done calculating commonality analysis.

Covariance matrix shape: torch.Size([674, 674])
dim_m1: 50, dim_m2: 50, dim_t: 574

Running seed 584 (585/1000)...

Done calculating commonality analysis.

Covariance matrix shape: torch.Size([674, 674])
dim_m1: 50, dim_m2: 50, dim_t: 574

Running seed 585 (586/1000)...

Done calculating commonality analysis.

Covariance matrix shape: torch.Size([674, 674])
dim_m1: 50, dim_m2: 50, dim_t: 574

Running seed 586 (587/1000)...

Done calculating commonality analysis.

Covariance matrix shape: torch.Size([674, 674])
dim_m1: 50, dim_m2: 50, dim_t: 574

Running seed 587 (588/1000)...

Done calculating commonality analysis.

Covariance matrix shape: torch.Size([674, 674])
dim_m1: 50, dim_m2: 50, dim_t: 574

Running seed 588 (589/1000)...

Done calculating commonality analysis.

Covariance matrix shape: torch.Size([674, 674])
dim_m1: 50, dim_m2: 50, dim_t: 574

Running seed 589 (590/1000)...

Done calculating commonality analysis.

Covariance matrix shape: torch.Size([674, 674])
dim_m1: 50, dim_m2: 50, dim_t: 574

Running seed 590 (591/1000)...

Done calculating commonality analysis.

Covariance matrix shape: torch.Size([674, 674])
dim_m1: 50, dim_m2: 50, dim_t: 574

Running seed 591 (592/1000)...

Done calculating commonality analysis.

Covariance matrix shape: torch.Size([674, 674])
dim_m1: 50, dim_m2: 50, dim_t: 574

Running seed 592 (593/1000)...

Done calculating commonality analysis.

Covariance matrix shape: torch.Size([674, 674])
dim_m1: 50, dim_m2: 50, dim_t: 574

Running seed 593 (594/1000)...

Done calculating commonality analysis.

Covariance matrix shape: torch.Size([674, 674])
dim_m1: 50, dim_m2: 50, dim_t: 574

Running seed 594 (595/1000)...

Done calculating commonality analysis.

Covariance matrix shape: torch.Size([674, 674])
dim_m1: 50, dim_m2: 50, dim_t: 574

Running seed 595 (596/1000)...

Done calculating commonality analysis.

Covariance matrix shape: torch.Size([674, 674])
dim_m1: 50, dim_m2: 50, dim_t: 574

Running seed 596 (597/1000)...

Done calculating commonality analysis.

Covariance matrix shape: torch.Size([674, 674])
dim_m1: 50, dim_m2: 50, dim_t: 574

Running seed 597 (598/1000)...

Done calculating commonality analysis.

Covariance matrix shape: torch.Size([674, 674])
dim_m1: 50, dim_m2: 50, dim_t: 574

Running seed 598 (599/1000)...

Done calculating commonality analysis.

Covariance matrix shape: torch.Size([674, 674])
dim_m1: 50, dim_m2: 50, dim_t: 574

Running seed 599 (600/1000)...

Done calculating commonality analysis.

Covariance matrix shape: torch.Size([674, 674])
dim_m1: 50, dim_m2: 50, dim_t: 574

Intermediate summary after 600 runs:

======================================================================
CA + PID component summary across 600 seeds (start=0)
======================================================================
CA_R²_X1: mean=0.452644, std=0.032412
CA_R²_X2: mean=-0.001612, std=0.000426
CA_R²_X12: mean=0.519773, std=0.031084
CA_unique_X1: mean=0.521385, std=0.031078
CA_unique_X2: mean=0.067129, std=0.010494
CA_common: mean=-0.068741, std=0.010510
CA_unexplained: mean=0.480227, std=0.031084
PID_red: mean=0.158078, std=0.003821
PID_unq1: mean=28.838977, std=0.916042
PID_unq2: mean=-0.159082, std=0.016631
PID_syn: mean=13.246073, std=0.600381
I(M1;T): mean=28.997054, std=0.916387
I(M2;T): mean=-0.001004, std=0.017783
I(M1,M2;T): mean=42.084045, std=0.817076

Running seed 600 (601/1000)...

Done calculating commonality analysis.

Covariance matrix shape: torch.Size([674, 674])
dim_m1: 50, dim_m2: 50, dim_t: 574

Running seed 601 (602/1000)...

Done calculating commonality analysis.

Covariance matrix shape: torch.Size([674, 674])
dim_m1: 50, dim_m2: 50, dim_t: 574

Running seed 602 (603/1000)...

Done calculating commonality analysis.

Covariance matrix shape: torch.Size([674, 674])
dim_m1: 50, dim_m2: 50, dim_t: 574

Running seed 603 (604/1000)...

Done calculating commonality analysis.

Covariance matrix shape: torch.Size([674, 674])
dim_m1: 50, dim_m2: 50, dim_t: 574

Running seed 604 (605/1000)...

Done calculating commonality analysis.

Covariance matrix shape: torch.Size([674, 674])
dim_m1: 50, dim_m2: 50, dim_t: 574

Running seed 605 (606/1000)...

Done calculating commonality analysis.

Covariance matrix shape: torch.Size([674, 674])
dim_m1: 50, dim_m2: 50, dim_t: 574

Running seed 606 (607/1000)...

Done calculating commonality analysis.

Covariance matrix shape: torch.Size([674, 674])
dim_m1: 50, dim_m2: 50, dim_t: 574

Running seed 607 (608/1000)...

Done calculating commonality analysis.

Covariance matrix shape: torch.Size([674, 674])
dim_m1: 50, dim_m2: 50, dim_t: 574

Running seed 608 (609/1000)...

Done calculating commonality analysis.

Covariance matrix shape: torch.Size([674, 674])
dim_m1: 50, dim_m2: 50, dim_t: 574

Running seed 609 (610/1000)...

Done calculating commonality analysis.

Covariance matrix shape: torch.Size([674, 674])
dim_m1: 50, dim_m2: 50, dim_t: 574

Running seed 610 (611/1000)...

Done calculating commonality analysis.

Covariance matrix shape: torch.Size([674, 674])
dim_m1: 50, dim_m2: 50, dim_t: 574

Running seed 611 (612/1000)...

Done calculating commonality analysis.

Covariance matrix shape: torch.Size([674, 674])
dim_m1: 50, dim_m2: 50, dim_t: 574

Running seed 612 (613/1000)...

Done calculating commonality analysis.

Covariance matrix shape: torch.Size([674, 674])
dim_m1: 50, dim_m2: 50, dim_t: 574

Running seed 613 (614/1000)...

Done calculating commonality analysis.

Covariance matrix shape: torch.Size([674, 674])
dim_m1: 50, dim_m2: 50, dim_t: 574

Running seed 614 (615/1000)...

Done calculating commonality analysis.

Covariance matrix shape: torch.Size([674, 674])
dim_m1: 50, dim_m2: 50, dim_t: 574

Running seed 615 (616/1000)...

Done calculating commonality analysis.

Covariance matrix shape: torch.Size([674, 674])
dim_m1: 50, dim_m2: 50, dim_t: 574

Running seed 616 (617/1000)...

Done calculating commonality analysis.

Covariance matrix shape: torch.Size([674, 674])
dim_m1: 50, dim_m2: 50, dim_t: 574

Running seed 617 (618/1000)...

Done calculating commonality analysis.

Covariance matrix shape: torch.Size([674, 674])
dim_m1: 50, dim_m2: 50, dim_t: 574

Running seed 618 (619/1000)...

Done calculating commonality analysis.

Covariance matrix shape: torch.Size([674, 674])
dim_m1: 50, dim_m2: 50, dim_t: 574

Running seed 619 (620/1000)...

Done calculating commonality analysis.

Covariance matrix shape: torch.Size([674, 674])
dim_m1: 50, dim_m2: 50, dim_t: 574

Running seed 620 (621/1000)...

Done calculating commonality analysis.

Covariance matrix shape: torch.Size([674, 674])
dim_m1: 50, dim_m2: 50, dim_t: 574

Running seed 621 (622/1000)...

Done calculating commonality analysis.

Covariance matrix shape: torch.Size([674, 674])
dim_m1: 50, dim_m2: 50, dim_t: 574

Running seed 622 (623/1000)...

Done calculating commonality analysis.

Covariance matrix shape: torch.Size([674, 674])
dim_m1: 50, dim_m2: 50, dim_t: 574

Running seed 623 (624/1000)...

Done calculating commonality analysis.

Covariance matrix shape: torch.Size([674, 674])
dim_m1: 50, dim_m2: 50, dim_t: 574

Running seed 624 (625/1000)...

Done calculating commonality analysis.

Covariance matrix shape: torch.Size([674, 674])
dim_m1: 50, dim_m2: 50, dim_t: 574

Running seed 625 (626/1000)...

Done calculating commonality analysis.

Covariance matrix shape: torch.Size([674, 674])
dim_m1: 50, dim_m2: 50, dim_t: 574

Running seed 626 (627/1000)...

Done calculating commonality analysis.

Covariance matrix shape: torch.Size([674, 674])
dim_m1: 50, dim_m2: 50, dim_t: 574

Running seed 627 (628/1000)...

Done calculating commonality analysis.

Covariance matrix shape: torch.Size([674, 674])
dim_m1: 50, dim_m2: 50, dim_t: 574

Running seed 628 (629/1000)...

Done calculating commonality analysis.

Covariance matrix shape: torch.Size([674, 674])
dim_m1: 50, dim_m2: 50, dim_t: 574

Running seed 629 (630/1000)...

Done calculating commonality analysis.

Covariance matrix shape: torch.Size([674, 674])
dim_m1: 50, dim_m2: 50, dim_t: 574

Running seed 630 (631/1000)...

Done calculating commonality analysis.

Covariance matrix shape: torch.Size([674, 674])
dim_m1: 50, dim_m2: 50, dim_t: 574

Running seed 631 (632/1000)...

Done calculating commonality analysis.

Covariance matrix shape: torch.Size([674, 674])
dim_m1: 50, dim_m2: 50, dim_t: 574

Running seed 632 (633/1000)...

Done calculating commonality analysis.

Covariance matrix shape: torch.Size([674, 674])
dim_m1: 50, dim_m2: 50, dim_t: 574

Running seed 633 (634/1000)...

Done calculating commonality analysis.

Covariance matrix shape: torch.Size([674, 674])
dim_m1: 50, dim_m2: 50, dim_t: 574

Running seed 634 (635/1000)...

Done calculating commonality analysis.

Covariance matrix shape: torch.Size([674, 674])
dim_m1: 50, dim_m2: 50, dim_t: 574

Running seed 635 (636/1000)...

Done calculating commonality analysis.

Covariance matrix shape: torch.Size([674, 674])
dim_m1: 50, dim_m2: 50, dim_t: 574

Running seed 636 (637/1000)...

Done calculating commonality analysis.

Covariance matrix shape: torch.Size([674, 674])
dim_m1: 50, dim_m2: 50, dim_t: 574

Running seed 637 (638/1000)...

Done calculating commonality analysis.

Covariance matrix shape: torch.Size([674, 674])
dim_m1: 50, dim_m2: 50, dim_t: 574

Running seed 638 (639/1000)...

Done calculating commonality analysis.

Covariance matrix shape: torch.Size([674, 674])
dim_m1: 50, dim_m2: 50, dim_t: 574

Running seed 639 (640/1000)...

Done calculating commonality analysis.

Covariance matrix shape: torch.Size([674, 674])
dim_m1: 50, dim_m2: 50, dim_t: 574

Running seed 640 (641/1000)...

Done calculating commonality analysis.

Covariance matrix shape: torch.Size([674, 674])
dim_m1: 50, dim_m2: 50, dim_t: 574

Running seed 641 (642/1000)...

Done calculating commonality analysis.

Covariance matrix shape: torch.Size([674, 674])
dim_m1: 50, dim_m2: 50, dim_t: 574

Running seed 642 (643/1000)...

Done calculating commonality analysis.

Covariance matrix shape: torch.Size([674, 674])
dim_m1: 50, dim_m2: 50, dim_t: 574

Running seed 643 (644/1000)...

Done calculating commonality analysis.

Covariance matrix shape: torch.Size([674, 674])
dim_m1: 50, dim_m2: 50, dim_t: 574

Running seed 644 (645/1000)...

Done calculating commonality analysis.

Covariance matrix shape: torch.Size([674, 674])
dim_m1: 50, dim_m2: 50, dim_t: 574

Running seed 645 (646/1000)...

Done calculating commonality analysis.

Covariance matrix shape: torch.Size([674, 674])
dim_m1: 50, dim_m2: 50, dim_t: 574

Running seed 646 (647/1000)...

Done calculating commonality analysis.

Covariance matrix shape: torch.Size([674, 674])
dim_m1: 50, dim_m2: 50, dim_t: 574

Running seed 647 (648/1000)...

Done calculating commonality analysis.

Covariance matrix shape: torch.Size([674, 674])
dim_m1: 50, dim_m2: 50, dim_t: 574

Running seed 648 (649/1000)...

Done calculating commonality analysis.

Covariance matrix shape: torch.Size([674, 674])
dim_m1: 50, dim_m2: 50, dim_t: 574

Running seed 649 (650/1000)...

Done calculating commonality analysis.

Covariance matrix shape: torch.Size([674, 674])
dim_m1: 50, dim_m2: 50, dim_t: 574

Running seed 650 (651/1000)...

Done calculating commonality analysis.

Covariance matrix shape: torch.Size([674, 674])
dim_m1: 50, dim_m2: 50, dim_t: 574

Running seed 651 (652/1000)...

Done calculating commonality analysis.

Covariance matrix shape: torch.Size([674, 674])
dim_m1: 50, dim_m2: 50, dim_t: 574

Running seed 652 (653/1000)...

Done calculating commonality analysis.

Covariance matrix shape: torch.Size([674, 674])
dim_m1: 50, dim_m2: 50, dim_t: 574

Running seed 653 (654/1000)...

Done calculating commonality analysis.

Covariance matrix shape: torch.Size([674, 674])
dim_m1: 50, dim_m2: 50, dim_t: 574

Running seed 654 (655/1000)...

Done calculating commonality analysis.

Covariance matrix shape: torch.Size([674, 674])
dim_m1: 50, dim_m2: 50, dim_t: 574

Running seed 655 (656/1000)...

Done calculating commonality analysis.

Covariance matrix shape: torch.Size([674, 674])
dim_m1: 50, dim_m2: 50, dim_t: 574

Running seed 656 (657/1000)...

Done calculating commonality analysis.

Covariance matrix shape: torch.Size([674, 674])
dim_m1: 50, dim_m2: 50, dim_t: 574

Running seed 657 (658/1000)...

Done calculating commonality analysis.

Covariance matrix shape: torch.Size([674, 674])
dim_m1: 50, dim_m2: 50, dim_t: 574

Running seed 658 (659/1000)...

Done calculating commonality analysis.

Covariance matrix shape: torch.Size([674, 674])
dim_m1: 50, dim_m2: 50, dim_t: 574

Running seed 659 (660/1000)...

Done calculating commonality analysis.

Covariance matrix shape: torch.Size([674, 674])
dim_m1: 50, dim_m2: 50, dim_t: 574

Running seed 660 (661/1000)...

Done calculating commonality analysis.

Covariance matrix shape: torch.Size([674, 674])
dim_m1: 50, dim_m2: 50, dim_t: 574

Running seed 661 (662/1000)...

Done calculating commonality analysis.

Covariance matrix shape: torch.Size([674, 674])
dim_m1: 50, dim_m2: 50, dim_t: 574

Running seed 662 (663/1000)...

Done calculating commonality analysis.

Covariance matrix shape: torch.Size([674, 674])
dim_m1: 50, dim_m2: 50, dim_t: 574

Running seed 663 (664/1000)...

Done calculating commonality analysis.

Covariance matrix shape: torch.Size([674, 674])
dim_m1: 50, dim_m2: 50, dim_t: 574

Running seed 664 (665/1000)...

Done calculating commonality analysis.

Covariance matrix shape: torch.Size([674, 674])
dim_m1: 50, dim_m2: 50, dim_t: 574

Running seed 665 (666/1000)...

Done calculating commonality analysis.

Covariance matrix shape: torch.Size([674, 674])
dim_m1: 50, dim_m2: 50, dim_t: 574

Running seed 666 (667/1000)...

Done calculating commonality analysis.

Covariance matrix shape: torch.Size([674, 674])
dim_m1: 50, dim_m2: 50, dim_t: 574

Running seed 667 (668/1000)...

Done calculating commonality analysis.

Covariance matrix shape: torch.Size([674, 674])
dim_m1: 50, dim_m2: 50, dim_t: 574

Running seed 668 (669/1000)...

Done calculating commonality analysis.

Covariance matrix shape: torch.Size([674, 674])
dim_m1: 50, dim_m2: 50, dim_t: 574

Running seed 669 (670/1000)...

Done calculating commonality analysis.

Covariance matrix shape: torch.Size([674, 674])
dim_m1: 50, dim_m2: 50, dim_t: 574

Running seed 670 (671/1000)...

Done calculating commonality analysis.

Covariance matrix shape: torch.Size([674, 674])
dim_m1: 50, dim_m2: 50, dim_t: 574

Running seed 671 (672/1000)...

Done calculating commonality analysis.

Covariance matrix shape: torch.Size([674, 674])
dim_m1: 50, dim_m2: 50, dim_t: 574

Running seed 672 (673/1000)...

Done calculating commonality analysis.

Covariance matrix shape: torch.Size([674, 674])
dim_m1: 50, dim_m2: 50, dim_t: 574

Running seed 673 (674/1000)...

Done calculating commonality analysis.

Covariance matrix shape: torch.Size([674, 674])
dim_m1: 50, dim_m2: 50, dim_t: 574

Running seed 674 (675/1000)...

Done calculating commonality analysis.

Covariance matrix shape: torch.Size([674, 674])
dim_m1: 50, dim_m2: 50, dim_t: 574

Running seed 675 (676/1000)...

Done calculating commonality analysis.

Covariance matrix shape: torch.Size([674, 674])
dim_m1: 50, dim_m2: 50, dim_t: 574

Running seed 676 (677/1000)...

Done calculating commonality analysis.

Covariance matrix shape: torch.Size([674, 674])
dim_m1: 50, dim_m2: 50, dim_t: 574

Running seed 677 (678/1000)...

Done calculating commonality analysis.

Covariance matrix shape: torch.Size([674, 674])
dim_m1: 50, dim_m2: 50, dim_t: 574

Running seed 678 (679/1000)...

Done calculating commonality analysis.

Covariance matrix shape: torch.Size([674, 674])
dim_m1: 50, dim_m2: 50, dim_t: 574

Running seed 679 (680/1000)...

Done calculating commonality analysis.

Covariance matrix shape: torch.Size([674, 674])
dim_m1: 50, dim_m2: 50, dim_t: 574

Running seed 680 (681/1000)...

Done calculating commonality analysis.

Covariance matrix shape: torch.Size([674, 674])
dim_m1: 50, dim_m2: 50, dim_t: 574

Running seed 681 (682/1000)...

Done calculating commonality analysis.

Covariance matrix shape: torch.Size([674, 674])
dim_m1: 50, dim_m2: 50, dim_t: 574

Running seed 682 (683/1000)...

Done calculating commonality analysis.

Covariance matrix shape: torch.Size([674, 674])
dim_m1: 50, dim_m2: 50, dim_t: 574

Running seed 683 (684/1000)...

Done calculating commonality analysis.

Covariance matrix shape: torch.Size([674, 674])
dim_m1: 50, dim_m2: 50, dim_t: 574

Running seed 684 (685/1000)...

Done calculating commonality analysis.

Covariance matrix shape: torch.Size([674, 674])
dim_m1: 50, dim_m2: 50, dim_t: 574

Running seed 685 (686/1000)...

Done calculating commonality analysis.

Covariance matrix shape: torch.Size([674, 674])
dim_m1: 50, dim_m2: 50, dim_t: 574

Running seed 686 (687/1000)...

Done calculating commonality analysis.

Covariance matrix shape: torch.Size([674, 674])
dim_m1: 50, dim_m2: 50, dim_t: 574

Running seed 687 (688/1000)...

Done calculating commonality analysis.

Covariance matrix shape: torch.Size([674, 674])
dim_m1: 50, dim_m2: 50, dim_t: 574

Running seed 688 (689/1000)...

Done calculating commonality analysis.

Covariance matrix shape: torch.Size([674, 674])
dim_m1: 50, dim_m2: 50, dim_t: 574

Running seed 689 (690/1000)...

Done calculating commonality analysis.

Covariance matrix shape: torch.Size([674, 674])
dim_m1: 50, dim_m2: 50, dim_t: 574

Running seed 690 (691/1000)...

Done calculating commonality analysis.

Covariance matrix shape: torch.Size([674, 674])
dim_m1: 50, dim_m2: 50, dim_t: 574

Running seed 691 (692/1000)...

Done calculating commonality analysis.

Covariance matrix shape: torch.Size([674, 674])
dim_m1: 50, dim_m2: 50, dim_t: 574

Running seed 692 (693/1000)...

Done calculating commonality analysis.

Covariance matrix shape: torch.Size([674, 674])
dim_m1: 50, dim_m2: 50, dim_t: 574

Running seed 693 (694/1000)...

Done calculating commonality analysis.

Covariance matrix shape: torch.Size([674, 674])
dim_m1: 50, dim_m2: 50, dim_t: 574

Running seed 694 (695/1000)...

Done calculating commonality analysis.

Covariance matrix shape: torch.Size([674, 674])
dim_m1: 50, dim_m2: 50, dim_t: 574

Running seed 695 (696/1000)...

Done calculating commonality analysis.

Covariance matrix shape: torch.Size([674, 674])
dim_m1: 50, dim_m2: 50, dim_t: 574

Running seed 696 (697/1000)...

Done calculating commonality analysis.

Covariance matrix shape: torch.Size([674, 674])
dim_m1: 50, dim_m2: 50, dim_t: 574

Running seed 697 (698/1000)...

Done calculating commonality analysis.

Covariance matrix shape: torch.Size([674, 674])
dim_m1: 50, dim_m2: 50, dim_t: 574

Running seed 698 (699/1000)...

Done calculating commonality analysis.

Covariance matrix shape: torch.Size([674, 674])
dim_m1: 50, dim_m2: 50, dim_t: 574

Running seed 699 (700/1000)...

Done calculating commonality analysis.

Covariance matrix shape: torch.Size([674, 674])
dim_m1: 50, dim_m2: 50, dim_t: 574

Intermediate summary after 700 runs:

======================================================================
CA + PID component summary across 700 seeds (start=0)
======================================================================
CA_R²_X1: mean=0.452628, std=0.032371
CA_R²_X2: mean=-0.001605, std=0.000423
CA_R²_X12: mean=0.520071, std=0.030886
CA_unique_X1: mean=0.521676, std=0.030889
CA_unique_X2: mean=0.067443, std=0.010603
CA_common: mean=-0.069048, std=0.010615
CA_unexplained: mean=0.479929, std=0.030886
PID_red: mean=0.158145, std=0.003831
PID_unq1: mean=28.838258, std=0.916517
PID_unq2: mean=-0.158980, std=0.016722
PID_syn: mean=13.246106, std=0.589222
I(M1;T): mean=28.996403, std=0.916800
I(M2;T): mean=-0.000835, std=0.017793
I(M1,M2;T): mean=42.083530, std=0.815213

Running seed 700 (701/1000)...

Done calculating commonality analysis.

Covariance matrix shape: torch.Size([674, 674])
dim_m1: 50, dim_m2: 50, dim_t: 574

Running seed 701 (702/1000)...

Done calculating commonality analysis.

Covariance matrix shape: torch.Size([674, 674])
dim_m1: 50, dim_m2: 50, dim_t: 574

Running seed 702 (703/1000)...

Done calculating commonality analysis.

Covariance matrix shape: torch.Size([674, 674])
dim_m1: 50, dim_m2: 50, dim_t: 574

Running seed 703 (704/1000)...

Done calculating commonality analysis.

Covariance matrix shape: torch.Size([674, 674])
dim_m1: 50, dim_m2: 50, dim_t: 574

Running seed 704 (705/1000)...

Done calculating commonality analysis.

Covariance matrix shape: torch.Size([674, 674])
dim_m1: 50, dim_m2: 50, dim_t: 574

Running seed 705 (706/1000)...

Done calculating commonality analysis.

Covariance matrix shape: torch.Size([674, 674])
dim_m1: 50, dim_m2: 50, dim_t: 574

Running seed 706 (707/1000)...

Done calculating commonality analysis.

Covariance matrix shape: torch.Size([674, 674])
dim_m1: 50, dim_m2: 50, dim_t: 574

Running seed 707 (708/1000)...

Done calculating commonality analysis.

Covariance matrix shape: torch.Size([674, 674])
dim_m1: 50, dim_m2: 50, dim_t: 574

Running seed 708 (709/1000)...

Done calculating commonality analysis.

Covariance matrix shape: torch.Size([674, 674])
dim_m1: 50, dim_m2: 50, dim_t: 574

Running seed 709 (710/1000)...

Done calculating commonality analysis.

Covariance matrix shape: torch.Size([674, 674])
dim_m1: 50, dim_m2: 50, dim_t: 574

Running seed 710 (711/1000)...

Done calculating commonality analysis.

Covariance matrix shape: torch.Size([674, 674])
dim_m1: 50, dim_m2: 50, dim_t: 574

Running seed 711 (712/1000)...

Done calculating commonality analysis.

Covariance matrix shape: torch.Size([674, 674])
dim_m1: 50, dim_m2: 50, dim_t: 574

Running seed 712 (713/1000)...

Done calculating commonality analysis.

Covariance matrix shape: torch.Size([674, 674])
dim_m1: 50, dim_m2: 50, dim_t: 574

Running seed 713 (714/1000)...

Done calculating commonality analysis.

Covariance matrix shape: torch.Size([674, 674])
dim_m1: 50, dim_m2: 50, dim_t: 574

Running seed 714 (715/1000)...

Done calculating commonality analysis.

Covariance matrix shape: torch.Size([674, 674])
dim_m1: 50, dim_m2: 50, dim_t: 574

Running seed 715 (716/1000)...

Done calculating commonality analysis.

Covariance matrix shape: torch.Size([674, 674])
dim_m1: 50, dim_m2: 50, dim_t: 574

Running seed 716 (717/1000)...

Done calculating commonality analysis.

Covariance matrix shape: torch.Size([674, 674])
dim_m1: 50, dim_m2: 50, dim_t: 574

Running seed 717 (718/1000)...

Done calculating commonality analysis.

Covariance matrix shape: torch.Size([674, 674])
dim_m1: 50, dim_m2: 50, dim_t: 574

Running seed 718 (719/1000)...

Done calculating commonality analysis.

Covariance matrix shape: torch.Size([674, 674])
dim_m1: 50, dim_m2: 50, dim_t: 574

Running seed 719 (720/1000)...

Done calculating commonality analysis.

Covariance matrix shape: torch.Size([674, 674])
dim_m1: 50, dim_m2: 50, dim_t: 574

Running seed 720 (721/1000)...

Done calculating commonality analysis.

Covariance matrix shape: torch.Size([674, 674])
dim_m1: 50, dim_m2: 50, dim_t: 574

Running seed 721 (722/1000)...

Done calculating commonality analysis.

Covariance matrix shape: torch.Size([674, 674])
dim_m1: 50, dim_m2: 50, dim_t: 574

Running seed 722 (723/1000)...

Done calculating commonality analysis.

Covariance matrix shape: torch.Size([674, 674])
dim_m1: 50, dim_m2: 50, dim_t: 574

Running seed 723 (724/1000)...

Done calculating commonality analysis.

Covariance matrix shape: torch.Size([674, 674])
dim_m1: 50, dim_m2: 50, dim_t: 574

Running seed 724 (725/1000)...

Done calculating commonality analysis.

Covariance matrix shape: torch.Size([674, 674])
dim_m1: 50, dim_m2: 50, dim_t: 574

Running seed 725 (726/1000)...

Done calculating commonality analysis.

Covariance matrix shape: torch.Size([674, 674])
dim_m1: 50, dim_m2: 50, dim_t: 574

Running seed 726 (727/1000)...

Done calculating commonality analysis.

Covariance matrix shape: torch.Size([674, 674])
dim_m1: 50, dim_m2: 50, dim_t: 574

Running seed 727 (728/1000)...

Done calculating commonality analysis.

Covariance matrix shape: torch.Size([674, 674])
dim_m1: 50, dim_m2: 50, dim_t: 574

Running seed 728 (729/1000)...

Done calculating commonality analysis.

Covariance matrix shape: torch.Size([674, 674])
dim_m1: 50, dim_m2: 50, dim_t: 574

Running seed 729 (730/1000)...

Done calculating commonality analysis.

Covariance matrix shape: torch.Size([674, 674])
dim_m1: 50, dim_m2: 50, dim_t: 574

Running seed 730 (731/1000)...

Done calculating commonality analysis.

Covariance matrix shape: torch.Size([674, 674])
dim_m1: 50, dim_m2: 50, dim_t: 574

Running seed 731 (732/1000)...

Done calculating commonality analysis.

Covariance matrix shape: torch.Size([674, 674])
dim_m1: 50, dim_m2: 50, dim_t: 574

Running seed 732 (733/1000)...

Done calculating commonality analysis.

Covariance matrix shape: torch.Size([674, 674])
dim_m1: 50, dim_m2: 50, dim_t: 574

Running seed 733 (734/1000)...

Done calculating commonality analysis.

Covariance matrix shape: torch.Size([674, 674])
dim_m1: 50, dim_m2: 50, dim_t: 574

Running seed 734 (735/1000)...

Done calculating commonality analysis.

Covariance matrix shape: torch.Size([674, 674])
dim_m1: 50, dim_m2: 50, dim_t: 574

Running seed 735 (736/1000)...

Done calculating commonality analysis.

Covariance matrix shape: torch.Size([674, 674])
dim_m1: 50, dim_m2: 50, dim_t: 574

Running seed 736 (737/1000)...

Done calculating commonality analysis.

Covariance matrix shape: torch.Size([674, 674])
dim_m1: 50, dim_m2: 50, dim_t: 574

Running seed 737 (738/1000)...

Done calculating commonality analysis.

Covariance matrix shape: torch.Size([674, 674])
dim_m1: 50, dim_m2: 50, dim_t: 574

Running seed 738 (739/1000)...

Done calculating commonality analysis.

Covariance matrix shape: torch.Size([674, 674])
dim_m1: 50, dim_m2: 50, dim_t: 574

Running seed 739 (740/1000)...

Done calculating commonality analysis.

Covariance matrix shape: torch.Size([674, 674])
dim_m1: 50, dim_m2: 50, dim_t: 574

Running seed 740 (741/1000)...

Done calculating commonality analysis.

Covariance matrix shape: torch.Size([674, 674])
dim_m1: 50, dim_m2: 50, dim_t: 574

Running seed 741 (742/1000)...

Done calculating commonality analysis.

Covariance matrix shape: torch.Size([674, 674])
dim_m1: 50, dim_m2: 50, dim_t: 574

Running seed 742 (743/1000)...

Done calculating commonality analysis.

Covariance matrix shape: torch.Size([674, 674])
dim_m1: 50, dim_m2: 50, dim_t: 574

Running seed 743 (744/1000)...

Done calculating commonality analysis.

Covariance matrix shape: torch.Size([674, 674])
dim_m1: 50, dim_m2: 50, dim_t: 574

Running seed 744 (745/1000)...

Done calculating commonality analysis.

Covariance matrix shape: torch.Size([674, 674])
dim_m1: 50, dim_m2: 50, dim_t: 574

Running seed 745 (746/1000)...

Done calculating commonality analysis.

Covariance matrix shape: torch.Size([674, 674])
dim_m1: 50, dim_m2: 50, dim_t: 574

Running seed 746 (747/1000)...

Done calculating commonality analysis.

Covariance matrix shape: torch.Size([674, 674])
dim_m1: 50, dim_m2: 50, dim_t: 574

Running seed 747 (748/1000)...

Done calculating commonality analysis.

Covariance matrix shape: torch.Size([674, 674])
dim_m1: 50, dim_m2: 50, dim_t: 574

Running seed 748 (749/1000)...

Done calculating commonality analysis.

Covariance matrix shape: torch.Size([674, 674])
dim_m1: 50, dim_m2: 50, dim_t: 574

Running seed 749 (750/1000)...

Done calculating commonality analysis.

Covariance matrix shape: torch.Size([674, 674])
dim_m1: 50, dim_m2: 50, dim_t: 574

Running seed 750 (751/1000)...

Done calculating commonality analysis.

Covariance matrix shape: torch.Size([674, 674])
dim_m1: 50, dim_m2: 50, dim_t: 574

Running seed 751 (752/1000)...

Done calculating commonality analysis.

Covariance matrix shape: torch.Size([674, 674])
dim_m1: 50, dim_m2: 50, dim_t: 574

Running seed 752 (753/1000)...

Done calculating commonality analysis.

Covariance matrix shape: torch.Size([674, 674])
dim_m1: 50, dim_m2: 50, dim_t: 574

Running seed 753 (754/1000)...

Done calculating commonality analysis.

Covariance matrix shape: torch.Size([674, 674])
dim_m1: 50, dim_m2: 50, dim_t: 574

Running seed 754 (755/1000)...

Done calculating commonality analysis.

Covariance matrix shape: torch.Size([674, 674])
dim_m1: 50, dim_m2: 50, dim_t: 574

Running seed 755 (756/1000)...

Done calculating commonality analysis.

Covariance matrix shape: torch.Size([674, 674])
dim_m1: 50, dim_m2: 50, dim_t: 574

Running seed 756 (757/1000)...

Done calculating commonality analysis.

Covariance matrix shape: torch.Size([674, 674])
dim_m1: 50, dim_m2: 50, dim_t: 574

Running seed 757 (758/1000)...

Done calculating commonality analysis.

Covariance matrix shape: torch.Size([674, 674])
dim_m1: 50, dim_m2: 50, dim_t: 574

Running seed 758 (759/1000)...

Done calculating commonality analysis.

Covariance matrix shape: torch.Size([674, 674])
dim_m1: 50, dim_m2: 50, dim_t: 574

Running seed 759 (760/1000)...

Done calculating commonality analysis.

Covariance matrix shape: torch.Size([674, 674])
dim_m1: 50, dim_m2: 50, dim_t: 574

Running seed 760 (761/1000)...

Done calculating commonality analysis.

Covariance matrix shape: torch.Size([674, 674])
dim_m1: 50, dim_m2: 50, dim_t: 574

Running seed 761 (762/1000)...

Done calculating commonality analysis.

Covariance matrix shape: torch.Size([674, 674])
dim_m1: 50, dim_m2: 50, dim_t: 574

Running seed 762 (763/1000)...

Done calculating commonality analysis.

Covariance matrix shape: torch.Size([674, 674])
dim_m1: 50, dim_m2: 50, dim_t: 574

Running seed 763 (764/1000)...

Done calculating commonality analysis.

Covariance matrix shape: torch.Size([674, 674])
dim_m1: 50, dim_m2: 50, dim_t: 574

Running seed 764 (765/1000)...

Done calculating commonality analysis.

Covariance matrix shape: torch.Size([674, 674])
dim_m1: 50, dim_m2: 50, dim_t: 574

Running seed 765 (766/1000)...

Done calculating commonality analysis.

Covariance matrix shape: torch.Size([674, 674])
dim_m1: 50, dim_m2: 50, dim_t: 574

Running seed 766 (767/1000)...

Done calculating commonality analysis.

Covariance matrix shape: torch.Size([674, 674])
dim_m1: 50, dim_m2: 50, dim_t: 574

Running seed 767 (768/1000)...

Done calculating commonality analysis.

Covariance matrix shape: torch.Size([674, 674])
dim_m1: 50, dim_m2: 50, dim_t: 574

Running seed 768 (769/1000)...

Done calculating commonality analysis.

Covariance matrix shape: torch.Size([674, 674])
dim_m1: 50, dim_m2: 50, dim_t: 574

Running seed 769 (770/1000)...

Done calculating commonality analysis.

Covariance matrix shape: torch.Size([674, 674])
dim_m1: 50, dim_m2: 50, dim_t: 574

Running seed 770 (771/1000)...

Done calculating commonality analysis.

Covariance matrix shape: torch.Size([674, 674])
dim_m1: 50, dim_m2: 50, dim_t: 574

Running seed 771 (772/1000)...

Done calculating commonality analysis.

Covariance matrix shape: torch.Size([674, 674])
dim_m1: 50, dim_m2: 50, dim_t: 574

Running seed 772 (773/1000)...

Done calculating commonality analysis.

Covariance matrix shape: torch.Size([674, 674])
dim_m1: 50, dim_m2: 50, dim_t: 574

Running seed 773 (774/1000)...

Done calculating commonality analysis.

Covariance matrix shape: torch.Size([674, 674])
dim_m1: 50, dim_m2: 50, dim_t: 574

Running seed 774 (775/1000)...

Done calculating commonality analysis.

Covariance matrix shape: torch.Size([674, 674])
dim_m1: 50, dim_m2: 50, dim_t: 574

Running seed 775 (776/1000)...

Done calculating commonality analysis.

Covariance matrix shape: torch.Size([674, 674])
dim_m1: 50, dim_m2: 50, dim_t: 574

Running seed 776 (777/1000)...

Done calculating commonality analysis.

Covariance matrix shape: torch.Size([674, 674])
dim_m1: 50, dim_m2: 50, dim_t: 574

Running seed 777 (778/1000)...

Done calculating commonality analysis.

Covariance matrix shape: torch.Size([674, 674])
dim_m1: 50, dim_m2: 50, dim_t: 574

Running seed 778 (779/1000)...

Done calculating commonality analysis.

Covariance matrix shape: torch.Size([674, 674])
dim_m1: 50, dim_m2: 50, dim_t: 574

Running seed 779 (780/1000)...

Done calculating commonality analysis.

Covariance matrix shape: torch.Size([674, 674])
dim_m1: 50, dim_m2: 50, dim_t: 574

Running seed 780 (781/1000)...

Done calculating commonality analysis.

Covariance matrix shape: torch.Size([674, 674])
dim_m1: 50, dim_m2: 50, dim_t: 574

Running seed 781 (782/1000)...

Done calculating commonality analysis.

Covariance matrix shape: torch.Size([674, 674])
dim_m1: 50, dim_m2: 50, dim_t: 574

Running seed 782 (783/1000)...

Done calculating commonality analysis.

Covariance matrix shape: torch.Size([674, 674])
dim_m1: 50, dim_m2: 50, dim_t: 574

Running seed 783 (784/1000)...

Done calculating commonality analysis.

Covariance matrix shape: torch.Size([674, 674])
dim_m1: 50, dim_m2: 50, dim_t: 574

Running seed 784 (785/1000)...

Done calculating commonality analysis.

Covariance matrix shape: torch.Size([674, 674])
dim_m1: 50, dim_m2: 50, dim_t: 574

Running seed 785 (786/1000)...

Done calculating commonality analysis.

Covariance matrix shape: torch.Size([674, 674])
dim_m1: 50, dim_m2: 50, dim_t: 574

Running seed 786 (787/1000)...

Done calculating commonality analysis.

Covariance matrix shape: torch.Size([674, 674])
dim_m1: 50, dim_m2: 50, dim_t: 574

Running seed 787 (788/1000)...

Done calculating commonality analysis.

Covariance matrix shape: torch.Size([674, 674])
dim_m1: 50, dim_m2: 50, dim_t: 574

Running seed 788 (789/1000)...

Done calculating commonality analysis.

Covariance matrix shape: torch.Size([674, 674])
dim_m1: 50, dim_m2: 50, dim_t: 574

Running seed 789 (790/1000)...

Done calculating commonality analysis.

Covariance matrix shape: torch.Size([674, 674])
dim_m1: 50, dim_m2: 50, dim_t: 574

Running seed 790 (791/1000)...

Done calculating commonality analysis.

Covariance matrix shape: torch.Size([674, 674])
dim_m1: 50, dim_m2: 50, dim_t: 574

Running seed 791 (792/1000)...

Done calculating commonality analysis.

Covariance matrix shape: torch.Size([674, 674])
dim_m1: 50, dim_m2: 50, dim_t: 574

Running seed 792 (793/1000)...

Done calculating commonality analysis.

Covariance matrix shape: torch.Size([674, 674])
dim_m1: 50, dim_m2: 50, dim_t: 574

Running seed 793 (794/1000)...

Done calculating commonality analysis.

Covariance matrix shape: torch.Size([674, 674])
dim_m1: 50, dim_m2: 50, dim_t: 574

Running seed 794 (795/1000)...

Done calculating commonality analysis.

Covariance matrix shape: torch.Size([674, 674])
dim_m1: 50, dim_m2: 50, dim_t: 574

Running seed 795 (796/1000)...

Done calculating commonality analysis.

Covariance matrix shape: torch.Size([674, 674])
dim_m1: 50, dim_m2: 50, dim_t: 574

Running seed 796 (797/1000)...

Done calculating commonality analysis.

Covariance matrix shape: torch.Size([674, 674])
dim_m1: 50, dim_m2: 50, dim_t: 574

Running seed 797 (798/1000)...

Done calculating commonality analysis.

Covariance matrix shape: torch.Size([674, 674])
dim_m1: 50, dim_m2: 50, dim_t: 574

Running seed 798 (799/1000)...

Done calculating commonality analysis.

Covariance matrix shape: torch.Size([674, 674])
dim_m1: 50, dim_m2: 50, dim_t: 574

Running seed 799 (800/1000)...

Done calculating commonality analysis.

Covariance matrix shape: torch.Size([674, 674])
dim_m1: 50, dim_m2: 50, dim_t: 574

Intermediate summary after 800 runs:

======================================================================
CA + PID component summary across 800 seeds (start=0)
======================================================================
CA_R²_X1: mean=0.452421, std=0.031800
CA_R²_X2: mean=-0.001602, std=0.000428
CA_R²_X12: mean=0.519797, std=0.030357
CA_unique_X1: mean=0.521398, std=0.030364
CA_unique_X2: mean=0.067375, std=0.010507
CA_common: mean=-0.068977, std=0.010524
CA_unexplained: mean=0.480203, std=0.030357
PID_red: mean=0.158200, std=0.003834
PID_unq1: mean=28.852872, std=0.913439
PID_unq2: mean=-0.159169, std=0.016976
PID_syn: mean=13.239265, std=0.585630
I(M1;T): mean=29.011071, std=0.913756
I(M2;T): mean=-0.000970, std=0.018035
I(M1,M2;T): mean=42.091167, std=0.809324

Running seed 800 (801/1000)...

Done calculating commonality analysis.

Covariance matrix shape: torch.Size([674, 674])
dim_m1: 50, dim_m2: 50, dim_t: 574

Running seed 801 (802/1000)...

Done calculating commonality analysis.

Covariance matrix shape: torch.Size([674, 674])
dim_m1: 50, dim_m2: 50, dim_t: 574

Running seed 802 (803/1000)...

Done calculating commonality analysis.

Covariance matrix shape: torch.Size([674, 674])
dim_m1: 50, dim_m2: 50, dim_t: 574

Running seed 803 (804/1000)...

Done calculating commonality analysis.

Covariance matrix shape: torch.Size([674, 674])
dim_m1: 50, dim_m2: 50, dim_t: 574

Running seed 804 (805/1000)...

Done calculating commonality analysis.

Covariance matrix shape: torch.Size([674, 674])
dim_m1: 50, dim_m2: 50, dim_t: 574

Running seed 805 (806/1000)...

Done calculating commonality analysis.

Covariance matrix shape: torch.Size([674, 674])
dim_m1: 50, dim_m2: 50, dim_t: 574

Running seed 806 (807/1000)...

Done calculating commonality analysis.

Covariance matrix shape: torch.Size([674, 674])
dim_m1: 50, dim_m2: 50, dim_t: 574

Running seed 807 (808/1000)...

Done calculating commonality analysis.

Covariance matrix shape: torch.Size([674, 674])
dim_m1: 50, dim_m2: 50, dim_t: 574

Running seed 808 (809/1000)...

Done calculating commonality analysis.

Covariance matrix shape: torch.Size([674, 674])
dim_m1: 50, dim_m2: 50, dim_t: 574

Running seed 809 (810/1000)...

Done calculating commonality analysis.

Covariance matrix shape: torch.Size([674, 674])
dim_m1: 50, dim_m2: 50, dim_t: 574

Running seed 810 (811/1000)...

Done calculating commonality analysis.

Covariance matrix shape: torch.Size([674, 674])
dim_m1: 50, dim_m2: 50, dim_t: 574

Running seed 811 (812/1000)...

Done calculating commonality analysis.

Covariance matrix shape: torch.Size([674, 674])
dim_m1: 50, dim_m2: 50, dim_t: 574

Running seed 812 (813/1000)...

Done calculating commonality analysis.

Covariance matrix shape: torch.Size([674, 674])
dim_m1: 50, dim_m2: 50, dim_t: 574

Running seed 813 (814/1000)...

Done calculating commonality analysis.

Covariance matrix shape: torch.Size([674, 674])
dim_m1: 50, dim_m2: 50, dim_t: 574

Running seed 814 (815/1000)...

Done calculating commonality analysis.

Covariance matrix shape: torch.Size([674, 674])
dim_m1: 50, dim_m2: 50, dim_t: 574

Running seed 815 (816/1000)...

Done calculating commonality analysis.

Covariance matrix shape: torch.Size([674, 674])
dim_m1: 50, dim_m2: 50, dim_t: 574

Running seed 816 (817/1000)...

Done calculating commonality analysis.

Covariance matrix shape: torch.Size([674, 674])
dim_m1: 50, dim_m2: 50, dim_t: 574

Running seed 817 (818/1000)...

Done calculating commonality analysis.

Covariance matrix shape: torch.Size([674, 674])
dim_m1: 50, dim_m2: 50, dim_t: 574

Running seed 818 (819/1000)...

Done calculating commonality analysis.

Covariance matrix shape: torch.Size([674, 674])
dim_m1: 50, dim_m2: 50, dim_t: 574

Running seed 819 (820/1000)...

Done calculating commonality analysis.

Covariance matrix shape: torch.Size([674, 674])
dim_m1: 50, dim_m2: 50, dim_t: 574

Running seed 820 (821/1000)...

Done calculating commonality analysis.

Covariance matrix shape: torch.Size([674, 674])
dim_m1: 50, dim_m2: 50, dim_t: 574

Running seed 821 (822/1000)...

Done calculating commonality analysis.

Covariance matrix shape: torch.Size([674, 674])
dim_m1: 50, dim_m2: 50, dim_t: 574

Running seed 822 (823/1000)...

Done calculating commonality analysis.

Covariance matrix shape: torch.Size([674, 674])
dim_m1: 50, dim_m2: 50, dim_t: 574

Running seed 823 (824/1000)...

Done calculating commonality analysis.

Covariance matrix shape: torch.Size([674, 674])
dim_m1: 50, dim_m2: 50, dim_t: 574

Running seed 824 (825/1000)...

Done calculating commonality analysis.

Covariance matrix shape: torch.Size([674, 674])
dim_m1: 50, dim_m2: 50, dim_t: 574

Running seed 825 (826/1000)...

Done calculating commonality analysis.

Covariance matrix shape: torch.Size([674, 674])
dim_m1: 50, dim_m2: 50, dim_t: 574

Running seed 826 (827/1000)...

Done calculating commonality analysis.

Covariance matrix shape: torch.Size([674, 674])
dim_m1: 50, dim_m2: 50, dim_t: 574

Running seed 827 (828/1000)...

Done calculating commonality analysis.

Covariance matrix shape: torch.Size([674, 674])
dim_m1: 50, dim_m2: 50, dim_t: 574

Running seed 828 (829/1000)...

Done calculating commonality analysis.

Covariance matrix shape: torch.Size([674, 674])
dim_m1: 50, dim_m2: 50, dim_t: 574

Running seed 829 (830/1000)...

Done calculating commonality analysis.

Covariance matrix shape: torch.Size([674, 674])
dim_m1: 50, dim_m2: 50, dim_t: 574

Running seed 830 (831/1000)...

Done calculating commonality analysis.

Covariance matrix shape: torch.Size([674, 674])
dim_m1: 50, dim_m2: 50, dim_t: 574

Running seed 831 (832/1000)...

Done calculating commonality analysis.

Covariance matrix shape: torch.Size([674, 674])
dim_m1: 50, dim_m2: 50, dim_t: 574

Running seed 832 (833/1000)...

Done calculating commonality analysis.

Covariance matrix shape: torch.Size([674, 674])
dim_m1: 50, dim_m2: 50, dim_t: 574

Running seed 833 (834/1000)...

Done calculating commonality analysis.

Covariance matrix shape: torch.Size([674, 674])
dim_m1: 50, dim_m2: 50, dim_t: 574

Running seed 834 (835/1000)...

Done calculating commonality analysis.

Covariance matrix shape: torch.Size([674, 674])
dim_m1: 50, dim_m2: 50, dim_t: 574

Running seed 835 (836/1000)...

Done calculating commonality analysis.

Covariance matrix shape: torch.Size([674, 674])
dim_m1: 50, dim_m2: 50, dim_t: 574

Running seed 836 (837/1000)...

Done calculating commonality analysis.

Covariance matrix shape: torch.Size([674, 674])
dim_m1: 50, dim_m2: 50, dim_t: 574

Running seed 837 (838/1000)...

Done calculating commonality analysis.

Covariance matrix shape: torch.Size([674, 674])
dim_m1: 50, dim_m2: 50, dim_t: 574

Running seed 838 (839/1000)...

Done calculating commonality analysis.

Covariance matrix shape: torch.Size([674, 674])
dim_m1: 50, dim_m2: 50, dim_t: 574

Running seed 839 (840/1000)...

Done calculating commonality analysis.

Covariance matrix shape: torch.Size([674, 674])
dim_m1: 50, dim_m2: 50, dim_t: 574

Running seed 840 (841/1000)...

Done calculating commonality analysis.

Covariance matrix shape: torch.Size([674, 674])
dim_m1: 50, dim_m2: 50, dim_t: 574

Running seed 841 (842/1000)...

Done calculating commonality analysis.

Covariance matrix shape: torch.Size([674, 674])
dim_m1: 50, dim_m2: 50, dim_t: 574

Running seed 842 (843/1000)...

Done calculating commonality analysis.

Covariance matrix shape: torch.Size([674, 674])
dim_m1: 50, dim_m2: 50, dim_t: 574

Running seed 843 (844/1000)...

Done calculating commonality analysis.

Covariance matrix shape: torch.Size([674, 674])
dim_m1: 50, dim_m2: 50, dim_t: 574

Running seed 844 (845/1000)...

Done calculating commonality analysis.

Covariance matrix shape: torch.Size([674, 674])
dim_m1: 50, dim_m2: 50, dim_t: 574

Running seed 845 (846/1000)...

Done calculating commonality analysis.

Covariance matrix shape: torch.Size([674, 674])
dim_m1: 50, dim_m2: 50, dim_t: 574

Running seed 846 (847/1000)...

Done calculating commonality analysis.

Covariance matrix shape: torch.Size([674, 674])
dim_m1: 50, dim_m2: 50, dim_t: 574

Running seed 847 (848/1000)...

Done calculating commonality analysis.

Covariance matrix shape: torch.Size([674, 674])
dim_m1: 50, dim_m2: 50, dim_t: 574

Running seed 848 (849/1000)...

Done calculating commonality analysis.

Covariance matrix shape: torch.Size([674, 674])
dim_m1: 50, dim_m2: 50, dim_t: 574

Running seed 849 (850/1000)...

Done calculating commonality analysis.

Covariance matrix shape: torch.Size([674, 674])
dim_m1: 50, dim_m2: 50, dim_t: 574

Running seed 850 (851/1000)...

Done calculating commonality analysis.

Covariance matrix shape: torch.Size([674, 674])
dim_m1: 50, dim_m2: 50, dim_t: 574

Running seed 851 (852/1000)...

Done calculating commonality analysis.

Covariance matrix shape: torch.Size([674, 674])
dim_m1: 50, dim_m2: 50, dim_t: 574

Running seed 852 (853/1000)...

Done calculating commonality analysis.

Covariance matrix shape: torch.Size([674, 674])
dim_m1: 50, dim_m2: 50, dim_t: 574

Running seed 853 (854/1000)...

Done calculating commonality analysis.

Covariance matrix shape: torch.Size([674, 674])
dim_m1: 50, dim_m2: 50, dim_t: 574

Running seed 854 (855/1000)...

Done calculating commonality analysis.

Covariance matrix shape: torch.Size([674, 674])
dim_m1: 50, dim_m2: 50, dim_t: 574

Running seed 855 (856/1000)...

Done calculating commonality analysis.

Covariance matrix shape: torch.Size([674, 674])
dim_m1: 50, dim_m2: 50, dim_t: 574

Running seed 856 (857/1000)...

Done calculating commonality analysis.

Covariance matrix shape: torch.Size([674, 674])
dim_m1: 50, dim_m2: 50, dim_t: 574

Running seed 857 (858/1000)...

Done calculating commonality analysis.

Covariance matrix shape: torch.Size([674, 674])
dim_m1: 50, dim_m2: 50, dim_t: 574

Running seed 858 (859/1000)...

Done calculating commonality analysis.

Covariance matrix shape: torch.Size([674, 674])
dim_m1: 50, dim_m2: 50, dim_t: 574

Running seed 859 (860/1000)...

Done calculating commonality analysis.

Covariance matrix shape: torch.Size([674, 674])
dim_m1: 50, dim_m2: 50, dim_t: 574

Running seed 860 (861/1000)...

Done calculating commonality analysis.

Covariance matrix shape: torch.Size([674, 674])
dim_m1: 50, dim_m2: 50, dim_t: 574

Running seed 861 (862/1000)...

Done calculating commonality analysis.

Covariance matrix shape: torch.Size([674, 674])
dim_m1: 50, dim_m2: 50, dim_t: 574

Running seed 862 (863/1000)...

Done calculating commonality analysis.

Covariance matrix shape: torch.Size([674, 674])
dim_m1: 50, dim_m2: 50, dim_t: 574

Running seed 863 (864/1000)...

Done calculating commonality analysis.

Covariance matrix shape: torch.Size([674, 674])
dim_m1: 50, dim_m2: 50, dim_t: 574

Running seed 864 (865/1000)...

Done calculating commonality analysis.

Covariance matrix shape: torch.Size([674, 674])
dim_m1: 50, dim_m2: 50, dim_t: 574

Running seed 865 (866/1000)...

Done calculating commonality analysis.

Covariance matrix shape: torch.Size([674, 674])
dim_m1: 50, dim_m2: 50, dim_t: 574

Running seed 866 (867/1000)...

Done calculating commonality analysis.

Covariance matrix shape: torch.Size([674, 674])
dim_m1: 50, dim_m2: 50, dim_t: 574

Running seed 867 (868/1000)...

Done calculating commonality analysis.

Covariance matrix shape: torch.Size([674, 674])
dim_m1: 50, dim_m2: 50, dim_t: 574

Running seed 868 (869/1000)...

Done calculating commonality analysis.

Covariance matrix shape: torch.Size([674, 674])
dim_m1: 50, dim_m2: 50, dim_t: 574

Running seed 869 (870/1000)...

Done calculating commonality analysis.

Covariance matrix shape: torch.Size([674, 674])
dim_m1: 50, dim_m2: 50, dim_t: 574

Running seed 870 (871/1000)...

Done calculating commonality analysis.

Covariance matrix shape: torch.Size([674, 674])
dim_m1: 50, dim_m2: 50, dim_t: 574

Running seed 871 (872/1000)...

Done calculating commonality analysis.

Covariance matrix shape: torch.Size([674, 674])
dim_m1: 50, dim_m2: 50, dim_t: 574

Running seed 872 (873/1000)...

Done calculating commonality analysis.

Covariance matrix shape: torch.Size([674, 674])
dim_m1: 50, dim_m2: 50, dim_t: 574

Running seed 873 (874/1000)...

Done calculating commonality analysis.

Covariance matrix shape: torch.Size([674, 674])
dim_m1: 50, dim_m2: 50, dim_t: 574

Running seed 874 (875/1000)...

Done calculating commonality analysis.

Covariance matrix shape: torch.Size([674, 674])
dim_m1: 50, dim_m2: 50, dim_t: 574

Running seed 875 (876/1000)...

Done calculating commonality analysis.

Covariance matrix shape: torch.Size([674, 674])
dim_m1: 50, dim_m2: 50, dim_t: 574

Running seed 876 (877/1000)...

Done calculating commonality analysis.

Covariance matrix shape: torch.Size([674, 674])
dim_m1: 50, dim_m2: 50, dim_t: 574

Running seed 877 (878/1000)...

Done calculating commonality analysis.

Covariance matrix shape: torch.Size([674, 674])
dim_m1: 50, dim_m2: 50, dim_t: 574

Running seed 878 (879/1000)...

Done calculating commonality analysis.

Covariance matrix shape: torch.Size([674, 674])
dim_m1: 50, dim_m2: 50, dim_t: 574

Running seed 879 (880/1000)...

Done calculating commonality analysis.

Covariance matrix shape: torch.Size([674, 674])
dim_m1: 50, dim_m2: 50, dim_t: 574

Running seed 880 (881/1000)...

Done calculating commonality analysis.

Covariance matrix shape: torch.Size([674, 674])
dim_m1: 50, dim_m2: 50, dim_t: 574

Running seed 881 (882/1000)...

Done calculating commonality analysis.

Covariance matrix shape: torch.Size([674, 674])
dim_m1: 50, dim_m2: 50, dim_t: 574

Running seed 882 (883/1000)...

Done calculating commonality analysis.

Covariance matrix shape: torch.Size([674, 674])
dim_m1: 50, dim_m2: 50, dim_t: 574

Running seed 883 (884/1000)...

Done calculating commonality analysis.

Covariance matrix shape: torch.Size([674, 674])
dim_m1: 50, dim_m2: 50, dim_t: 574

Running seed 884 (885/1000)...

Done calculating commonality analysis.

Covariance matrix shape: torch.Size([674, 674])
dim_m1: 50, dim_m2: 50, dim_t: 574

Running seed 885 (886/1000)...

Done calculating commonality analysis.

Covariance matrix shape: torch.Size([674, 674])
dim_m1: 50, dim_m2: 50, dim_t: 574

Running seed 886 (887/1000)...

Done calculating commonality analysis.

Covariance matrix shape: torch.Size([674, 674])
dim_m1: 50, dim_m2: 50, dim_t: 574

Running seed 887 (888/1000)...

Done calculating commonality analysis.

Covariance matrix shape: torch.Size([674, 674])
dim_m1: 50, dim_m2: 50, dim_t: 574

Running seed 888 (889/1000)...

Done calculating commonality analysis.

Covariance matrix shape: torch.Size([674, 674])
dim_m1: 50, dim_m2: 50, dim_t: 574

Running seed 889 (890/1000)...

Done calculating commonality analysis.

Covariance matrix shape: torch.Size([674, 674])
dim_m1: 50, dim_m2: 50, dim_t: 574

Running seed 890 (891/1000)...

Done calculating commonality analysis.

Covariance matrix shape: torch.Size([674, 674])
dim_m1: 50, dim_m2: 50, dim_t: 574

Running seed 891 (892/1000)...

Done calculating commonality analysis.

Covariance matrix shape: torch.Size([674, 674])
dim_m1: 50, dim_m2: 50, dim_t: 574

Running seed 892 (893/1000)...

Done calculating commonality analysis.

Covariance matrix shape: torch.Size([674, 674])
dim_m1: 50, dim_m2: 50, dim_t: 574

Running seed 893 (894/1000)...

Done calculating commonality analysis.

Covariance matrix shape: torch.Size([674, 674])
dim_m1: 50, dim_m2: 50, dim_t: 574

Running seed 894 (895/1000)...

Done calculating commonality analysis.

Covariance matrix shape: torch.Size([674, 674])
dim_m1: 50, dim_m2: 50, dim_t: 574

Running seed 895 (896/1000)...

Done calculating commonality analysis.

Covariance matrix shape: torch.Size([674, 674])
dim_m1: 50, dim_m2: 50, dim_t: 574

Running seed 896 (897/1000)...

Done calculating commonality analysis.

Covariance matrix shape: torch.Size([674, 674])
dim_m1: 50, dim_m2: 50, dim_t: 574

Running seed 897 (898/1000)...

Done calculating commonality analysis.

Covariance matrix shape: torch.Size([674, 674])
dim_m1: 50, dim_m2: 50, dim_t: 574

Running seed 898 (899/1000)...

Done calculating commonality analysis.

Covariance matrix shape: torch.Size([674, 674])
dim_m1: 50, dim_m2: 50, dim_t: 574

Running seed 899 (900/1000)...

Done calculating commonality analysis.

Covariance matrix shape: torch.Size([674, 674])
dim_m1: 50, dim_m2: 50, dim_t: 574

Intermediate summary after 900 runs:

======================================================================
CA + PID component summary across 900 seeds (start=0)
======================================================================
CA_R²_X1: mean=0.452640, std=0.031462
CA_R²_X2: mean=-0.001596, std=0.000431
CA_R²_X12: mean=0.519937, std=0.029849
CA_unique_X1: mean=0.521533, std=0.029857
CA_unique_X2: mean=0.067297, std=0.010481
CA_common: mean=-0.068893, std=0.010498
CA_unexplained: mean=0.480063, std=0.029849
PID_red: mean=0.158196, std=0.003782
PID_unq1: mean=28.837606, std=0.910612
PID_unq2: mean=-0.158999, std=0.016825
PID_syn: mean=13.241914, std=0.579871
I(M1;T): mean=28.995802, std=0.910890
I(M2;T): mean=-0.000803, std=0.017862
I(M1,M2;T): mean=42.078716, std=0.807712

Running seed 900 (901/1000)...

Done calculating commonality analysis.

Covariance matrix shape: torch.Size([674, 674])
dim_m1: 50, dim_m2: 50, dim_t: 574

Running seed 901 (902/1000)...

Done calculating commonality analysis.

Covariance matrix shape: torch.Size([674, 674])
dim_m1: 50, dim_m2: 50, dim_t: 574

Running seed 902 (903/1000)...

Done calculating commonality analysis.

Covariance matrix shape: torch.Size([674, 674])
dim_m1: 50, dim_m2: 50, dim_t: 574

Running seed 903 (904/1000)...

Done calculating commonality analysis.

Covariance matrix shape: torch.Size([674, 674])
dim_m1: 50, dim_m2: 50, dim_t: 574

Running seed 904 (905/1000)...

Done calculating commonality analysis.

Covariance matrix shape: torch.Size([674, 674])
dim_m1: 50, dim_m2: 50, dim_t: 574

Running seed 905 (906/1000)...

Done calculating commonality analysis.

Covariance matrix shape: torch.Size([674, 674])
dim_m1: 50, dim_m2: 50, dim_t: 574

Running seed 906 (907/1000)...

Done calculating commonality analysis.

Covariance matrix shape: torch.Size([674, 674])
dim_m1: 50, dim_m2: 50, dim_t: 574

Running seed 907 (908/1000)...

Done calculating commonality analysis.

Covariance matrix shape: torch.Size([674, 674])
dim_m1: 50, dim_m2: 50, dim_t: 574

Running seed 908 (909/1000)...

Done calculating commonality analysis.

Covariance matrix shape: torch.Size([674, 674])
dim_m1: 50, dim_m2: 50, dim_t: 574

Running seed 909 (910/1000)...

Done calculating commonality analysis.

Covariance matrix shape: torch.Size([674, 674])
dim_m1: 50, dim_m2: 50, dim_t: 574

Running seed 910 (911/1000)...

Done calculating commonality analysis.

Covariance matrix shape: torch.Size([674, 674])
dim_m1: 50, dim_m2: 50, dim_t: 574

Running seed 911 (912/1000)...

Done calculating commonality analysis.

Covariance matrix shape: torch.Size([674, 674])
dim_m1: 50, dim_m2: 50, dim_t: 574

Running seed 912 (913/1000)...

Done calculating commonality analysis.

Covariance matrix shape: torch.Size([674, 674])
dim_m1: 50, dim_m2: 50, dim_t: 574

Running seed 913 (914/1000)...

Done calculating commonality analysis.

Covariance matrix shape: torch.Size([674, 674])
dim_m1: 50, dim_m2: 50, dim_t: 574

Running seed 914 (915/1000)...

Done calculating commonality analysis.

Covariance matrix shape: torch.Size([674, 674])
dim_m1: 50, dim_m2: 50, dim_t: 574

Running seed 915 (916/1000)...

Done calculating commonality analysis.

Covariance matrix shape: torch.Size([674, 674])
dim_m1: 50, dim_m2: 50, dim_t: 574

Running seed 916 (917/1000)...

Done calculating commonality analysis.

Covariance matrix shape: torch.Size([674, 674])
dim_m1: 50, dim_m2: 50, dim_t: 574

Running seed 917 (918/1000)...

Done calculating commonality analysis.

Covariance matrix shape: torch.Size([674, 674])
dim_m1: 50, dim_m2: 50, dim_t: 574

Running seed 918 (919/1000)...

Done calculating commonality analysis.

Covariance matrix shape: torch.Size([674, 674])
dim_m1: 50, dim_m2: 50, dim_t: 574

Running seed 919 (920/1000)...

Done calculating commonality analysis.

Covariance matrix shape: torch.Size([674, 674])
dim_m1: 50, dim_m2: 50, dim_t: 574

Running seed 920 (921/1000)...

Done calculating commonality analysis.

Covariance matrix shape: torch.Size([674, 674])
dim_m1: 50, dim_m2: 50, dim_t: 574

Running seed 921 (922/1000)...

Done calculating commonality analysis.

Covariance matrix shape: torch.Size([674, 674])
dim_m1: 50, dim_m2: 50, dim_t: 574

Running seed 922 (923/1000)...

Done calculating commonality analysis.

Covariance matrix shape: torch.Size([674, 674])
dim_m1: 50, dim_m2: 50, dim_t: 574

Running seed 923 (924/1000)...

Done calculating commonality analysis.

Covariance matrix shape: torch.Size([674, 674])
dim_m1: 50, dim_m2: 50, dim_t: 574

Running seed 924 (925/1000)...

Done calculating commonality analysis.

Covariance matrix shape: torch.Size([674, 674])
dim_m1: 50, dim_m2: 50, dim_t: 574

Running seed 925 (926/1000)...

Done calculating commonality analysis.

Covariance matrix shape: torch.Size([674, 674])
dim_m1: 50, dim_m2: 50, dim_t: 574

Running seed 926 (927/1000)...

Done calculating commonality analysis.

Covariance matrix shape: torch.Size([674, 674])
dim_m1: 50, dim_m2: 50, dim_t: 574

Running seed 927 (928/1000)...

Done calculating commonality analysis.

Covariance matrix shape: torch.Size([674, 674])
dim_m1: 50, dim_m2: 50, dim_t: 574

Running seed 928 (929/1000)...

Done calculating commonality analysis.

Covariance matrix shape: torch.Size([674, 674])
dim_m1: 50, dim_m2: 50, dim_t: 574

Running seed 929 (930/1000)...

Done calculating commonality analysis.

Covariance matrix shape: torch.Size([674, 674])
dim_m1: 50, dim_m2: 50, dim_t: 574

Running seed 930 (931/1000)...

Done calculating commonality analysis.

Covariance matrix shape: torch.Size([674, 674])
dim_m1: 50, dim_m2: 50, dim_t: 574

Running seed 931 (932/1000)...

Done calculating commonality analysis.

Covariance matrix shape: torch.Size([674, 674])
dim_m1: 50, dim_m2: 50, dim_t: 574

Running seed 932 (933/1000)...

Done calculating commonality analysis.

Covariance matrix shape: torch.Size([674, 674])
dim_m1: 50, dim_m2: 50, dim_t: 574

Running seed 933 (934/1000)...

Done calculating commonality analysis.

Covariance matrix shape: torch.Size([674, 674])
dim_m1: 50, dim_m2: 50, dim_t: 574

Running seed 934 (935/1000)...

Done calculating commonality analysis.

Covariance matrix shape: torch.Size([674, 674])
dim_m1: 50, dim_m2: 50, dim_t: 574

Running seed 935 (936/1000)...

Done calculating commonality analysis.

Covariance matrix shape: torch.Size([674, 674])
dim_m1: 50, dim_m2: 50, dim_t: 574

Running seed 936 (937/1000)...

Done calculating commonality analysis.

Covariance matrix shape: torch.Size([674, 674])
dim_m1: 50, dim_m2: 50, dim_t: 574

Running seed 937 (938/1000)...

Done calculating commonality analysis.

Covariance matrix shape: torch.Size([674, 674])
dim_m1: 50, dim_m2: 50, dim_t: 574

Running seed 938 (939/1000)...

Done calculating commonality analysis.

Covariance matrix shape: torch.Size([674, 674])
dim_m1: 50, dim_m2: 50, dim_t: 574

Running seed 939 (940/1000)...

Done calculating commonality analysis.

Covariance matrix shape: torch.Size([674, 674])
dim_m1: 50, dim_m2: 50, dim_t: 574

Running seed 940 (941/1000)...

Done calculating commonality analysis.

Covariance matrix shape: torch.Size([674, 674])
dim_m1: 50, dim_m2: 50, dim_t: 574

Running seed 941 (942/1000)...

Done calculating commonality analysis.

Covariance matrix shape: torch.Size([674, 674])
dim_m1: 50, dim_m2: 50, dim_t: 574

Running seed 942 (943/1000)...

Done calculating commonality analysis.

Covariance matrix shape: torch.Size([674, 674])
dim_m1: 50, dim_m2: 50, dim_t: 574

Running seed 943 (944/1000)...

Done calculating commonality analysis.

Covariance matrix shape: torch.Size([674, 674])
dim_m1: 50, dim_m2: 50, dim_t: 574

Running seed 944 (945/1000)...

Done calculating commonality analysis.

Covariance matrix shape: torch.Size([674, 674])
dim_m1: 50, dim_m2: 50, dim_t: 574

Running seed 945 (946/1000)...

Done calculating commonality analysis.

Covariance matrix shape: torch.Size([674, 674])
dim_m1: 50, dim_m2: 50, dim_t: 574

Running seed 946 (947/1000)...

Done calculating commonality analysis.

Covariance matrix shape: torch.Size([674, 674])
dim_m1: 50, dim_m2: 50, dim_t: 574

Running seed 947 (948/1000)...

Done calculating commonality analysis.

Covariance matrix shape: torch.Size([674, 674])
dim_m1: 50, dim_m2: 50, dim_t: 574

Running seed 948 (949/1000)...

Done calculating commonality analysis.

Covariance matrix shape: torch.Size([674, 674])
dim_m1: 50, dim_m2: 50, dim_t: 574

Running seed 949 (950/1000)...

Done calculating commonality analysis.

Covariance matrix shape: torch.Size([674, 674])
dim_m1: 50, dim_m2: 50, dim_t: 574

Running seed 950 (951/1000)...

Done calculating commonality analysis.

Covariance matrix shape: torch.Size([674, 674])
dim_m1: 50, dim_m2: 50, dim_t: 574

Running seed 951 (952/1000)...

Done calculating commonality analysis.

Covariance matrix shape: torch.Size([674, 674])
dim_m1: 50, dim_m2: 50, dim_t: 574

Running seed 952 (953/1000)...

Done calculating commonality analysis.

Covariance matrix shape: torch.Size([674, 674])
dim_m1: 50, dim_m2: 50, dim_t: 574

Running seed 953 (954/1000)...

Done calculating commonality analysis.

Covariance matrix shape: torch.Size([674, 674])
dim_m1: 50, dim_m2: 50, dim_t: 574

Running seed 954 (955/1000)...

Done calculating commonality analysis.

Covariance matrix shape: torch.Size([674, 674])
dim_m1: 50, dim_m2: 50, dim_t: 574

Running seed 955 (956/1000)...

Done calculating commonality analysis.

Covariance matrix shape: torch.Size([674, 674])
dim_m1: 50, dim_m2: 50, dim_t: 574

Running seed 956 (957/1000)...

Done calculating commonality analysis.

Covariance matrix shape: torch.Size([674, 674])
dim_m1: 50, dim_m2: 50, dim_t: 574

Running seed 957 (958/1000)...

Done calculating commonality analysis.

Covariance matrix shape: torch.Size([674, 674])
dim_m1: 50, dim_m2: 50, dim_t: 574

Running seed 958 (959/1000)...

Done calculating commonality analysis.

Covariance matrix shape: torch.Size([674, 674])
dim_m1: 50, dim_m2: 50, dim_t: 574

Running seed 959 (960/1000)...

Done calculating commonality analysis.

Covariance matrix shape: torch.Size([674, 674])
dim_m1: 50, dim_m2: 50, dim_t: 574

Running seed 960 (961/1000)...

Done calculating commonality analysis.

Covariance matrix shape: torch.Size([674, 674])
dim_m1: 50, dim_m2: 50, dim_t: 574

Running seed 961 (962/1000)...

Done calculating commonality analysis.

Covariance matrix shape: torch.Size([674, 674])
dim_m1: 50, dim_m2: 50, dim_t: 574

Running seed 962 (963/1000)...

Done calculating commonality analysis.

Covariance matrix shape: torch.Size([674, 674])
dim_m1: 50, dim_m2: 50, dim_t: 574

Running seed 963 (964/1000)...

Done calculating commonality analysis.

Covariance matrix shape: torch.Size([674, 674])
dim_m1: 50, dim_m2: 50, dim_t: 574

Running seed 964 (965/1000)...

Done calculating commonality analysis.

Covariance matrix shape: torch.Size([674, 674])
dim_m1: 50, dim_m2: 50, dim_t: 574

Running seed 965 (966/1000)...

Done calculating commonality analysis.

Covariance matrix shape: torch.Size([674, 674])
dim_m1: 50, dim_m2: 50, dim_t: 574

Running seed 966 (967/1000)...

Done calculating commonality analysis.

Covariance matrix shape: torch.Size([674, 674])
dim_m1: 50, dim_m2: 50, dim_t: 574

Running seed 967 (968/1000)...

Done calculating commonality analysis.

Covariance matrix shape: torch.Size([674, 674])
dim_m1: 50, dim_m2: 50, dim_t: 574

Running seed 968 (969/1000)...

Done calculating commonality analysis.

Covariance matrix shape: torch.Size([674, 674])
dim_m1: 50, dim_m2: 50, dim_t: 574

Running seed 969 (970/1000)...

Done calculating commonality analysis.

Covariance matrix shape: torch.Size([674, 674])
dim_m1: 50, dim_m2: 50, dim_t: 574

Running seed 970 (971/1000)...

Done calculating commonality analysis.

Covariance matrix shape: torch.Size([674, 674])
dim_m1: 50, dim_m2: 50, dim_t: 574

Running seed 971 (972/1000)...

Done calculating commonality analysis.

Covariance matrix shape: torch.Size([674, 674])
dim_m1: 50, dim_m2: 50, dim_t: 574

Running seed 972 (973/1000)...

Done calculating commonality analysis.

Covariance matrix shape: torch.Size([674, 674])
dim_m1: 50, dim_m2: 50, dim_t: 574

Running seed 973 (974/1000)...

Done calculating commonality analysis.

Covariance matrix shape: torch.Size([674, 674])
dim_m1: 50, dim_m2: 50, dim_t: 574

Running seed 974 (975/1000)...

Done calculating commonality analysis.

Covariance matrix shape: torch.Size([674, 674])
dim_m1: 50, dim_m2: 50, dim_t: 574

Running seed 975 (976/1000)...

Done calculating commonality analysis.

Covariance matrix shape: torch.Size([674, 674])
dim_m1: 50, dim_m2: 50, dim_t: 574

Running seed 976 (977/1000)...

Done calculating commonality analysis.

Covariance matrix shape: torch.Size([674, 674])
dim_m1: 50, dim_m2: 50, dim_t: 574

Running seed 977 (978/1000)...

Done calculating commonality analysis.

Covariance matrix shape: torch.Size([674, 674])
dim_m1: 50, dim_m2: 50, dim_t: 574

Running seed 978 (979/1000)...

Done calculating commonality analysis.

Covariance matrix shape: torch.Size([674, 674])
dim_m1: 50, dim_m2: 50, dim_t: 574

Running seed 979 (980/1000)...

Done calculating commonality analysis.

Covariance matrix shape: torch.Size([674, 674])
dim_m1: 50, dim_m2: 50, dim_t: 574

Running seed 980 (981/1000)...

Done calculating commonality analysis.

Covariance matrix shape: torch.Size([674, 674])
dim_m1: 50, dim_m2: 50, dim_t: 574

Running seed 981 (982/1000)...

Done calculating commonality analysis.

Covariance matrix shape: torch.Size([674, 674])
dim_m1: 50, dim_m2: 50, dim_t: 574

Running seed 982 (983/1000)...

Done calculating commonality analysis.

Covariance matrix shape: torch.Size([674, 674])
dim_m1: 50, dim_m2: 50, dim_t: 574

Running seed 983 (984/1000)...

Done calculating commonality analysis.

Covariance matrix shape: torch.Size([674, 674])
dim_m1: 50, dim_m2: 50, dim_t: 574

Running seed 984 (985/1000)...

Done calculating commonality analysis.

Covariance matrix shape: torch.Size([674, 674])
dim_m1: 50, dim_m2: 50, dim_t: 574

Running seed 985 (986/1000)...

Done calculating commonality analysis.

Covariance matrix shape: torch.Size([674, 674])
dim_m1: 50, dim_m2: 50, dim_t: 574

Running seed 986 (987/1000)...

Done calculating commonality analysis.

Covariance matrix shape: torch.Size([674, 674])
dim_m1: 50, dim_m2: 50, dim_t: 574

Running seed 987 (988/1000)...

Done calculating commonality analysis.

Covariance matrix shape: torch.Size([674, 674])
dim_m1: 50, dim_m2: 50, dim_t: 574

Running seed 988 (989/1000)...

Done calculating commonality analysis.

Covariance matrix shape: torch.Size([674, 674])
dim_m1: 50, dim_m2: 50, dim_t: 574

Running seed 989 (990/1000)...

Done calculating commonality analysis.

Covariance matrix shape: torch.Size([674, 674])
dim_m1: 50, dim_m2: 50, dim_t: 574

Running seed 990 (991/1000)...

Done calculating commonality analysis.

Covariance matrix shape: torch.Size([674, 674])
dim_m1: 50, dim_m2: 50, dim_t: 574

Running seed 991 (992/1000)...

Done calculating commonality analysis.

Covariance matrix shape: torch.Size([674, 674])
dim_m1: 50, dim_m2: 50, dim_t: 574

Running seed 992 (993/1000)...

Done calculating commonality analysis.

Covariance matrix shape: torch.Size([674, 674])
dim_m1: 50, dim_m2: 50, dim_t: 574

Running seed 993 (994/1000)...

Done calculating commonality analysis.

Covariance matrix shape: torch.Size([674, 674])
dim_m1: 50, dim_m2: 50, dim_t: 574

Running seed 994 (995/1000)...

Done calculating commonality analysis.

Covariance matrix shape: torch.Size([674, 674])
dim_m1: 50, dim_m2: 50, dim_t: 574

Running seed 995 (996/1000)...

Done calculating commonality analysis.

Covariance matrix shape: torch.Size([674, 674])
dim_m1: 50, dim_m2: 50, dim_t: 574

Running seed 996 (997/1000)...

Done calculating commonality analysis.

Covariance matrix shape: torch.Size([674, 674])
dim_m1: 50, dim_m2: 50, dim_t: 574

Running seed 997 (998/1000)...

Done calculating commonality analysis.

Covariance matrix shape: torch.Size([674, 674])
dim_m1: 50, dim_m2: 50, dim_t: 574

Running seed 998 (999/1000)...

Done calculating commonality analysis.

Covariance matrix shape: torch.Size([674, 674])
dim_m1: 50, dim_m2: 50, dim_t: 574

Running seed 999 (1000/1000)...

Done calculating commonality analysis.

Covariance matrix shape: torch.Size([674, 674])
dim_m1: 50, dim_m2: 50, dim_t: 574

Intermediate summary after 1000 runs:

======================================================================
CA + PID component summary across 1000 seeds (start=0)
======================================================================
CA_R²_X1: mean=0.453113, std=0.031603
CA_R²_X2: mean=-0.001593, std=0.000436
CA_R²_X12: mean=0.520414, std=0.029983
CA_unique_X1: mean=0.522006, std=0.029989
CA_unique_X2: mean=0.067301, std=0.010436
CA_common: mean=-0.068894, std=0.010461
CA_unexplained: mean=0.479586, std=0.029983
PID_red: mean=0.158232, std=0.003784
PID_unq1: mean=28.829744, std=0.901030
PID_unq2: mean=-0.158689, std=0.016697
PID_syn: mean=13.242717, std=0.570153
I(M1;T): mean=28.987976, std=0.901282
I(M2;T): mean=-0.000457, std=0.017697
I(M1,M2;T): mean=42.072004, std=0.803510

======================================================================
CA + PID component summary across 1000 seeds (start=0)
======================================================================
CA_R²_X1: mean=0.453113, std=0.031603
CA_R²_X2: mean=-0.001593, std=0.000436
CA_R²_X12: mean=0.520414, std=0.029983
CA_unique_X1: mean=0.522006, std=0.029989
CA_unique_X2: mean=0.067301, std=0.010436
CA_common: mean=-0.068894, std=0.010461
CA_unexplained: mean=0.479586, std=0.029983
PID_red: mean=0.158232, std=0.003784
PID_unq1: mean=28.829744, std=0.901030
PID_unq2: mean=-0.158689, std=0.016697
PID_syn: mean=13.242717, std=0.570153
I(M1;T): mean=28.987976, std=0.901282
I(M2;T): mean=-0.000457, std=0.017697
I(M1,M2;T): mean=42.072004, std=0.803510

Saved all seed run results to: /home/ohadshee/Desktop/Thesis_Ohad_Sheelo/simulation_results/Exp18.03/seed_runs_FBA-Encoding-suppresion.csv

Saved summary to: /home/ohadshee/Desktop/Thesis_Ohad_Sheelo/simulation_results/Exp18.03/seed_summary_FBA-Encoding-suppresion.csv
