------------------------------------
Wed 01 Jul 2026 19:28:51 IDT
SLURM_JOBID:		18647506
SLURM_JOB_NODELIST:	ise-6000p-01
SLURM_SCRATCH_DIR:	/scratch/ohadshee/18647506
Allocated Resouces:	cpu - 8 / mem -  MB / gpu - 1
SLURM_GPU_INDEX:	3
Running as ohadshee from golan.neuro account with golan-neuro QOS
------------------------------------
Project root directory: /home/ohadshee/Desktop/Partial-Information-Decomposition/external/mayas_project
Using device: cuda
Number of images: 73000
Image shape: (425, 425, 3), dtype: uint8
nsdID shape: (73000,), Shared1000 shape: (73000,)
Neural data shape: (10000, 8088)
Image IDs shape: (10000,)
Number of voxels: 8088
Number of projections for SRP: 7894

Loaded full OTC target with shape (10000, 8088).
Skipping pair: nf_resnet50_classification, nf_resnet50_classification (self-pair or already completed)
Skipping pair: nf_resnet50_classification, hardcorenas_f_classification (self-pair or already completed)
Skipping pair: nf_resnet50_classification, eca_nfnet_l0_classification (self-pair or already completed)
Skipping pair: nf_resnet50_classification, resnet50_classification (self-pair or already completed)
Skipping pair: nf_resnet50_classification, semnasnet_100_classification (self-pair or already completed)
Skipping pair: nf_resnet50_classification, cspresnet50_classification (self-pair or already completed)
Skipping pair: nf_resnet50_classification, mobilenetv3_large_100_classification (self-pair or already completed)
Skipping pair: nf_resnet50_classification, ghostnet_100_classification (self-pair or already completed)
Skipping pair: nf_resnet50_classification, convnext_base_classification (self-pair or already completed)
Skipping pair: nf_resnet50_classification, xcit_nano_12_p8_224_classification (self-pair or already completed)
Skipping pair: nf_resnet50_classification, xcit_nano_12_p16_224_classification (self-pair or already completed)
Skipping pair: nf_resnet50_classification, swin_large_patch4_window7_224_classification (self-pair or already completed)
Skipping pair: nf_resnet50_classification, jx_nest_tiny_classification (self-pair or already completed)
Skipping pair: nf_resnet50_classification, pit_ti_224_classification (self-pair or already completed)
Skipping pair: nf_resnet50_classification, vit_base_patch32_224_classification (self-pair or already completed)
Skipping pair: nf_resnet50_classification, vit_base_patch16_224_classification (self-pair or already completed)
Skipping pair: nf_resnet50_classification, tnt_s_patch16_224_classification (self-pair or already completed)
Skipping pair: nf_resnet50_classification, crossvit_base_240_classification (self-pair or already completed)
Skipping pair: nf_resnet50_classification, deit_base_patch16_224_classification (self-pair or already completed)
Skipping pair: nf_resnet50_classification, levit_128_classification (self-pair or already completed)
Skipping pair: nf_resnet50_classification, coat_lite_tiny_classification (self-pair or already completed)
Skipping pair: nf_resnet50_classification, visformer_small_classification (self-pair or already completed)
Skipping pair: nf_resnet50_classification, convit_base_classification (self-pair or already completed)
Skipping pair: nf_resnet50_classification, ViT-B_32_clip (self-pair or already completed)
Skipping pair: nf_resnet50_classification, RN50_clip (self-pair or already completed)
Skipping pair: nf_resnet50_classification, RN101_clip (self-pair or already completed)
Skipping pair: nf_resnet50_classification, ViT-L_14_clip (self-pair or already completed)
Skipping pair: nf_resnet50_classification, ResNet50-SimCLR_selfsupervised (self-pair or already completed)
Skipping pair: nf_resnet50_classification, ResNet50-DeepClusterV2-2x224_selfsupervised (self-pair or already completed)
Skipping pair: nf_resnet50_classification, ResNet50-SwAV-BS4096-2x224_selfsupervised (self-pair or already completed)
Skipping pair: nf_resnet50_classification, ResNet50-PIRL_selfsupervised (self-pair or already completed)
Skipping pair: nf_resnet50_classification, ResNet50-ClusterFit-16K-RotNet_selfsupervised (self-pair or already completed)
Skipping pair: nf_resnet50_classification, ResNet50-MoCoV2-BS256_selfsupervised (self-pair or already completed)
Skipping pair: hardcorenas_f_classification, nf_resnet50_classification (self-pair or already completed)
Skipping pair: hardcorenas_f_classification, hardcorenas_f_classification (self-pair or already completed)
Model options for hardcorenas_f_classification: {'model_name': 'hardcorenas_f', 'train_type': 'classification', 'train_data': 'imagenet', 'model_source': 'timm', 'call': "get_timm_model('hardcorenas_f', pretrained = True)"}
Image transforms for hardcorenas_f_classification: Compose(
    Resize(size=(224, 224), interpolation=bicubic, max_size=None, antialias=True)
    MaybeToTensor()
    Normalize(mean=tensor([0.4850, 0.4560, 0.4060]), std=tensor([0.2290, 0.2240, 0.2250]))
)
Loaded model: hardcorenas_f_classification
Ordered layers from model: ['Conv2d-1', 'Identity-1', 'Hardswish-1', 'BatchNormAct2d-1', 'Conv2d-2', 'Identity-2', 'ReLU-1', 'BatchNormAct2d-2', 'Identity-3', 'Identity-4', 'Conv2d-3', 'Identity-5', 'Identity-6', 'BatchNormAct2d-3', 'DepthwiseSeparableConv-1', 'Conv2d-4', 'Identity-7', 'ReLU-2', 'BatchNormAct2d-4', 'Conv2d-5', 'Identity-8', 'ReLU-3', 'BatchNormAct2d-5', 'Identity-9', 'Conv2d-6', 'ReLU-4', 'Conv2d-7', 'Hardsigmoid-1', 'SqueezeExcite-1', 'Conv2d-8', 'Identity-10', 'Identity-11', 'BatchNormAct2d-6', 'InvertedResidual-1', 'Conv2d-9', 'Identity-12', 'ReLU-5', 'BatchNormAct2d-7', 'Conv2d-10', 'Identity-13', 'ReLU-6', 'BatchNormAct2d-8', 'Identity-14', 'Conv2d-11', 'ReLU-7', 'Conv2d-12', 'Hardsigmoid-2', 'SqueezeExcite-2', 'Conv2d-13', 'Identity-15', 'Identity-16', 'BatchNormAct2d-9', 'Identity-17', 'InvertedResidual-2', 'Conv2d-14', 'Identity-18', 'ReLU-8', 'BatchNormAct2d-10', 'Conv2d-15', 'Identity-19', 'ReLU-9', 'BatchNormAct2d-11', 'Identity-20', 'Conv2d-16', 'ReLU-10', 'Conv2d-17', 'Hardsigmoid-3', 'SqueezeExcite-3', 'Conv2d-18', 'Identity-21', 'Identity-22', 'BatchNormAct2d-12', 'InvertedResidual-3', 'Conv2d-19', 'Identity-23', 'ReLU-11', 'BatchNormAct2d-13', 'Conv2d-20', 'Identity-24', 'ReLU-12', 'BatchNormAct2d-14', 'Identity-25', 'Conv2d-21', 'ReLU-13', 'Conv2d-22', 'Hardsigmoid-4', 'SqueezeExcite-4', 'Conv2d-23', 'Identity-26', 'Identity-27', 'BatchNormAct2d-15', 'Identity-28', 'InvertedResidual-4', 'Conv2d-24', 'Identity-29', 'Hardswish-2', 'BatchNormAct2d-16', 'Conv2d-25', 'Identity-30', 'Hardswish-3', 'BatchNormAct2d-17', 'Identity-31', 'Conv2d-26', 'ReLU-14', 'Conv2d-27', 'Hardsigmoid-5', 'SqueezeExcite-5', 'Conv2d-28', 'Identity-32', 'Identity-33', 'BatchNormAct2d-18', 'InvertedResidual-5', 'Conv2d-29', 'Identity-34', 'Hardswish-4', 'BatchNormAct2d-19', 'Conv2d-30', 'Identity-35', 'Hardswish-5', 'BatchNormAct2d-20', 'Identity-36', 'Conv2d-31', 'ReLU-15', 'Conv2d-32', 'Hardsigmoid-6', 'SqueezeExcite-6', 'Conv2d-33', 'Identity-37', 'Identity-38', 'BatchNormAct2d-21', 'Identity-39', 'InvertedResidual-6', 'Conv2d-34', 'Identity-40', 'Hardswish-6', 'BatchNormAct2d-22', 'Conv2d-35', 'Identity-41', 'Hardswish-7', 'BatchNormAct2d-23', 'Identity-42', 'Conv2d-36', 'ReLU-16', 'Conv2d-37', 'Hardsigmoid-7', 'SqueezeExcite-7', 'Conv2d-38', 'Identity-43', 'Identity-44', 'BatchNormAct2d-24', 'Identity-45', 'InvertedResidual-7', 'Conv2d-39', 'Identity-46', 'Hardswish-8', 'BatchNormAct2d-25', 'Conv2d-40', 'Identity-47', 'Hardswish-9', 'BatchNormAct2d-26', 'Identity-48', 'Conv2d-41', 'ReLU-17', 'Conv2d-42', 'Hardsigmoid-8', 'SqueezeExcite-8', 'Conv2d-43', 'Identity-49', 'Identity-50', 'BatchNormAct2d-27', 'Identity-51', 'InvertedResidual-8', 'Conv2d-44', 'Identity-52', 'Hardswish-10', 'BatchNormAct2d-28', 'Conv2d-45', 'Identity-53', 'Hardswish-11', 'BatchNormAct2d-29', 'Identity-54', 'Conv2d-46', 'ReLU-18', 'Conv2d-47', 'Hardsigmoid-9', 'SqueezeExcite-9', 'Conv2d-48', 'Identity-55', 'Identity-56', 'BatchNormAct2d-30', 'InvertedResidual-9', 'Conv2d-49', 'Identity-57', 'Hardswish-12', 'BatchNormAct2d-31', 'Conv2d-50', 'Identity-58', 'Hardswish-13', 'BatchNormAct2d-32', 'Identity-59', 'Conv2d-51', 'ReLU-19', 'Conv2d-52', 'Hardsigmoid-10', 'SqueezeExcite-10', 'Conv2d-53', 'Identity-60', 'Identity-61', 'BatchNormAct2d-33', 'Identity-62', 'InvertedResidual-10', 'Conv2d-54', 'Identity-63', 'Hardswish-14', 'BatchNormAct2d-34', 'Conv2d-55', 'Identity-64', 'Hardswish-15', 'BatchNormAct2d-35', 'Identity-65', 'Conv2d-56', 'ReLU-20', 'Conv2d-57', 'Hardsigmoid-11', 'SqueezeExcite-11', 'Conv2d-58', 'Identity-66', 'Identity-67', 'BatchNormAct2d-36', 'Identity-68', 'InvertedResidual-11', 'Conv2d-59', 'Identity-69', 'Hardswish-16', 'BatchNormAct2d-37', 'Conv2d-60', 'Identity-70', 'Hardswish-17', 'BatchNormAct2d-38', 'Identity-71', 'Conv2d-61', 'ReLU-21', 'Conv2d-62', 'Hardsigmoid-12', 'SqueezeExcite-12', 'Conv2d-63', 'Identity-72', 'Identity-73', 'BatchNormAct2d-39', 'Identity-74', 'InvertedResidual-12', 'Conv2d-64', 'Identity-75', 'Hardswish-18', 'BatchNormAct2d-40', 'Conv2d-65', 'Identity-76', 'Hardswish-19', 'BatchNormAct2d-41', 'Identity-77', 'Conv2d-66', 'ReLU-22', 'Conv2d-67', 'Hardsigmoid-13', 'SqueezeExcite-13', 'Conv2d-68', 'Identity-78', 'Identity-79', 'BatchNormAct2d-42', 'InvertedResidual-13', 'Conv2d-69', 'Identity-80', 'Hardswish-20', 'BatchNormAct2d-43', 'Conv2d-70', 'Identity-81', 'Hardswish-21', 'BatchNormAct2d-44', 'Identity-82', 'Conv2d-71', 'ReLU-23', 'Conv2d-72', 'Hardsigmoid-14', 'SqueezeExcite-14', 'Conv2d-73', 'Identity-83', 'Identity-84', 'BatchNormAct2d-45', 'Identity-85', 'InvertedResidual-14', 'Conv2d-74', 'Identity-86', 'Hardswish-22', 'BatchNormAct2d-46', 'Conv2d-75', 'Identity-87', 'Hardswish-23', 'BatchNormAct2d-47', 'Identity-88', 'Conv2d-76', 'ReLU-24', 'Conv2d-77', 'Hardsigmoid-15', 'SqueezeExcite-15', 'Conv2d-78', 'Identity-89', 'Identity-90', 'BatchNormAct2d-48', 'Identity-91', 'InvertedResidual-15', 'Conv2d-79', 'Identity-92', 'Hardswish-24', 'BatchNormAct2d-49', 'Conv2d-80', 'Identity-93', 'Hardswish-25', 'BatchNormAct2d-50', 'Identity-94', 'Conv2d-81', 'ReLU-25', 'Conv2d-82', 'Hardsigmoid-16', 'SqueezeExcite-16', 'Conv2d-83', 'Identity-95', 'Identity-96', 'BatchNormAct2d-51', 'Identity-97', 'InvertedResidual-16', 'Conv2d-84', 'Identity-98', 'Hardswish-26', 'BatchNormAct2d-52', 'Identity-99', 'ConvBnAct-1', 'AdaptiveAvgPool2d-1', 'Identity-100', 'SelectAdaptivePool2d-1', 'Conv2d-85', 'Identity-101', 'Hardswish-27', 'Flatten-1', 'Linear-1', 'MobileNetV3-1']
Total number of layers: 345
Empty layer shape for layer Conv2d-75: torch.Size([1, 1152, 7, 7])
Empty layer features flattened shape for layer Conv2d-75: torch.Size([1, 56448])
Stimulus batch shape: (128,)
DataLoader created with batch size: 16
Extracted and cached features for model: hardcorenas_f_classification
Model options for eca_nfnet_l0_classification: {'model_name': 'eca_nfnet_l0', 'train_type': 'classification', 'train_data': 'imagenet', 'model_source': 'timm', 'call': "get_timm_model('eca_nfnet_l0', pretrained = True)"}
Image transforms for eca_nfnet_l0_classification: Compose(
    Resize(size=(224, 224), interpolation=bicubic, max_size=None, antialias=True)
    MaybeToTensor()
    Normalize(mean=tensor([0.4850, 0.4560, 0.4060]), std=tensor([0.2290, 0.2240, 0.2250]))
)
Loaded model: eca_nfnet_l0_classification
Ordered layers from model: ['ScaledStdConv2d-1', 'SiLU-1', 'ScaledStdConv2d-2', 'SiLU-2', 'ScaledStdConv2d-3', 'SiLU-3', 'ScaledStdConv2d-4', 'SiLU-4', 'Identity-1', 'ScaledStdConv2d-5', 'DownsampleAvg-1', 'ScaledStdConv2d-6', 'SiLU-5', 'ScaledStdConv2d-7', 'SiLU-6', 'ScaledStdConv2d-8', 'SiLU-7', 'ScaledStdConv2d-9', 'Conv1d-1', 'Sigmoid-1', 'EcaModule-1', 'Identity-2', 'NormFreeBlock-1', 'SiLU-8', 'AvgPool2d-1', 'ScaledStdConv2d-10', 'DownsampleAvg-2', 'ScaledStdConv2d-11', 'SiLU-9', 'ScaledStdConv2d-12', 'SiLU-10', 'ScaledStdConv2d-13', 'SiLU-11', 'ScaledStdConv2d-14', 'Conv1d-2', 'Sigmoid-2', 'EcaModule-2', 'Identity-3', 'NormFreeBlock-2', 'SiLU-12', 'ScaledStdConv2d-15', 'SiLU-13', 'ScaledStdConv2d-16', 'SiLU-14', 'ScaledStdConv2d-17', 'SiLU-15', 'ScaledStdConv2d-18', 'Conv1d-3', 'Sigmoid-3', 'EcaModule-3', 'Identity-4', 'NormFreeBlock-3', 'SiLU-16', 'AvgPool2d-2', 'ScaledStdConv2d-19', 'DownsampleAvg-3', 'ScaledStdConv2d-20', 'SiLU-17', 'ScaledStdConv2d-21', 'SiLU-18', 'ScaledStdConv2d-22', 'SiLU-19', 'ScaledStdConv2d-23', 'Conv1d-4', 'Sigmoid-4', 'EcaModule-4', 'Identity-5', 'NormFreeBlock-4', 'SiLU-20', 'ScaledStdConv2d-24', 'SiLU-21', 'ScaledStdConv2d-25', 'SiLU-22', 'ScaledStdConv2d-26', 'SiLU-23', 'ScaledStdConv2d-27', 'Conv1d-5', 'Sigmoid-5', 'EcaModule-5', 'Identity-6', 'NormFreeBlock-5', 'SiLU-24', 'ScaledStdConv2d-28', 'SiLU-25', 'ScaledStdConv2d-29', 'SiLU-26', 'ScaledStdConv2d-30', 'SiLU-27', 'ScaledStdConv2d-31', 'Conv1d-6', 'Sigmoid-6', 'EcaModule-6', 'Identity-7', 'NormFreeBlock-6', 'SiLU-28', 'ScaledStdConv2d-32', 'SiLU-29', 'ScaledStdConv2d-33', 'SiLU-30', 'ScaledStdConv2d-34', 'SiLU-31', 'ScaledStdConv2d-35', 'Conv1d-7', 'Sigmoid-7', 'EcaModule-7', 'Identity-8', 'NormFreeBlock-7', 'SiLU-32', 'ScaledStdConv2d-36', 'SiLU-33', 'ScaledStdConv2d-37', 'SiLU-34', 'ScaledStdConv2d-38', 'SiLU-35', 'ScaledStdConv2d-39', 'Conv1d-8', 'Sigmoid-8', 'EcaModule-8', 'Identity-9', 'NormFreeBlock-8', 'SiLU-36', 'ScaledStdConv2d-40', 'SiLU-37', 'ScaledStdConv2d-41', 'SiLU-38', 'ScaledStdConv2d-42', 'SiLU-39', 'ScaledStdConv2d-43', 'Conv1d-9', 'Sigmoid-9', 'EcaModule-9', 'Identity-10', 'NormFreeBlock-9', 'SiLU-40', 'AvgPool2d-3', 'ScaledStdConv2d-44', 'DownsampleAvg-4', 'ScaledStdConv2d-45', 'SiLU-41', 'ScaledStdConv2d-46', 'SiLU-42', 'ScaledStdConv2d-47', 'SiLU-43', 'ScaledStdConv2d-48', 'Conv1d-10', 'Sigmoid-10', 'EcaModule-10', 'Identity-11', 'NormFreeBlock-10', 'SiLU-44', 'ScaledStdConv2d-49', 'SiLU-45', 'ScaledStdConv2d-50', 'SiLU-46', 'ScaledStdConv2d-51', 'SiLU-47', 'ScaledStdConv2d-52', 'Conv1d-11', 'Sigmoid-11', 'EcaModule-11', 'Identity-12', 'NormFreeBlock-11', 'SiLU-48', 'ScaledStdConv2d-53', 'SiLU-49', 'ScaledStdConv2d-54', 'SiLU-50', 'ScaledStdConv2d-55', 'SiLU-51', 'ScaledStdConv2d-56', 'Conv1d-12', 'Sigmoid-12', 'EcaModule-12', 'Identity-13', 'NormFreeBlock-12', 'ScaledStdConv2d-57', 'SiLU-52', 'AdaptiveAvgPool2d-1', 'Flatten-1', 'SelectAdaptivePool2d-1', 'Dropout-1', 'Linear-1', 'Identity-14', 'ClassifierHead-1', 'NormFreeNet-1']
Total number of layers: 185
Empty layer shape for layer AvgPool2d-3: torch.Size([1, 1536, 7, 7])
Empty layer features flattened shape for layer AvgPool2d-3: torch.Size([1, 75264])
Stimulus batch shape: (128,)
DataLoader created with batch size: 16
Extracted and cached features for model: eca_nfnet_l0_classification
PID Results:
  red: 10.192561122549916
  unq1: 0.10474919676214078
  unq2: 1.4283651635513088
  syn: 0.9798456839157712
Mutual Information Results:
  tri_mi: 12.705521166779139
  bi_mi_1: 10.297310319312059
  bi_mi_2: 11.620926286101227
Completed PID for pair: hardcorenas_f_classification, eca_nfnet_l0_classification. Results appended to /home/ohadshee/Desktop/Partial-Information-Decomposition/pipeline/analysis/pca_analysis/all_models_pairwise/pairwise_pid_results_srp_pca.csv
Model options for resnet50_classification: {'model_name': 'resnet50', 'train_type': 'classification', 'train_data': 'imagenet', 'model_source': 'torchvision', 'call': "get_torchvision_model('models.resnet50', True)"}
Image transforms for resnet50_classification: Compose(
    Resize(size=(224, 224), interpolation=bilinear, max_size=None, antialias=True)
    ToTensor()
    Normalize(mean=[0.485, 0.456, 0.406], std=[0.229, 0.224, 0.225])
)
Loaded model: resnet50_classification
Ordered layers from model: ['Conv2d-1', 'BatchNorm2d-1', 'ReLU-1', 'MaxPool2d-1', 'Conv2d-2', 'BatchNorm2d-2', 'ReLU-2', 'Conv2d-3', 'BatchNorm2d-3', 'ReLU-3', 'Conv2d-4', 'BatchNorm2d-4', 'Conv2d-5', 'BatchNorm2d-5', 'ReLU-4', 'Bottleneck-1', 'Conv2d-6', 'BatchNorm2d-6', 'ReLU-5', 'Conv2d-7', 'BatchNorm2d-7', 'ReLU-6', 'Conv2d-8', 'BatchNorm2d-8', 'ReLU-7', 'Bottleneck-2', 'Conv2d-9', 'BatchNorm2d-9', 'ReLU-8', 'Conv2d-10', 'BatchNorm2d-10', 'ReLU-9', 'Conv2d-11', 'BatchNorm2d-11', 'ReLU-10', 'Bottleneck-3', 'Conv2d-12', 'BatchNorm2d-12', 'ReLU-11', 'Conv2d-13', 'BatchNorm2d-13', 'ReLU-12', 'Conv2d-14', 'BatchNorm2d-14', 'Conv2d-15', 'BatchNorm2d-15', 'ReLU-13', 'Bottleneck-4', 'Conv2d-16', 'BatchNorm2d-16', 'ReLU-14', 'Conv2d-17', 'BatchNorm2d-17', 'ReLU-15', 'Conv2d-18', 'BatchNorm2d-18', 'ReLU-16', 'Bottleneck-5', 'Conv2d-19', 'BatchNorm2d-19', 'ReLU-17', 'Conv2d-20', 'BatchNorm2d-20', 'ReLU-18', 'Conv2d-21', 'BatchNorm2d-21', 'ReLU-19', 'Bottleneck-6', 'Conv2d-22', 'BatchNorm2d-22', 'ReLU-20', 'Conv2d-23', 'BatchNorm2d-23', 'ReLU-21', 'Conv2d-24', 'BatchNorm2d-24', 'ReLU-22', 'Bottleneck-7', 'Conv2d-25', 'BatchNorm2d-25', 'ReLU-23', 'Conv2d-26', 'BatchNorm2d-26', 'ReLU-24', 'Conv2d-27', 'BatchNorm2d-27', 'Conv2d-28', 'BatchNorm2d-28', 'ReLU-25', 'Bottleneck-8', 'Conv2d-29', 'BatchNorm2d-29', 'ReLU-26', 'Conv2d-30', 'BatchNorm2d-30', 'ReLU-27', 'Conv2d-31', 'BatchNorm2d-31', 'ReLU-28', 'Bottleneck-9', 'Conv2d-32', 'BatchNorm2d-32', 'ReLU-29', 'Conv2d-33', 'BatchNorm2d-33', 'ReLU-30', 'Conv2d-34', 'BatchNorm2d-34', 'ReLU-31', 'Bottleneck-10', 'Conv2d-35', 'BatchNorm2d-35', 'ReLU-32', 'Conv2d-36', 'BatchNorm2d-36', 'ReLU-33', 'Conv2d-37', 'BatchNorm2d-37', 'ReLU-34', 'Bottleneck-11', 'Conv2d-38', 'BatchNorm2d-38', 'ReLU-35', 'Conv2d-39', 'BatchNorm2d-39', 'ReLU-36', 'Conv2d-40', 'BatchNorm2d-40', 'ReLU-37', 'Bottleneck-12', 'Conv2d-41', 'BatchNorm2d-41', 'ReLU-38', 'Conv2d-42', 'BatchNorm2d-42', 'ReLU-39', 'Conv2d-43', 'BatchNorm2d-43', 'ReLU-40', 'Bottleneck-13', 'Conv2d-44', 'BatchNorm2d-44', 'ReLU-41', 'Conv2d-45', 'BatchNorm2d-45', 'ReLU-42', 'Conv2d-46', 'BatchNorm2d-46', 'Conv2d-47', 'BatchNorm2d-47', 'ReLU-43', 'Bottleneck-14', 'Conv2d-48', 'BatchNorm2d-48', 'ReLU-44', 'Conv2d-49', 'BatchNorm2d-49', 'ReLU-45', 'Conv2d-50', 'BatchNorm2d-50', 'ReLU-46', 'Bottleneck-15', 'Conv2d-51', 'BatchNorm2d-51', 'ReLU-47', 'Conv2d-52', 'BatchNorm2d-52', 'ReLU-48', 'Conv2d-53', 'BatchNorm2d-53', 'ReLU-49', 'Bottleneck-16', 'AdaptiveAvgPool2d-1', 'Linear-1', 'ResNet-1']
Total number of layers: 175
Empty layer shape for layer BatchNorm2d-49: torch.Size([1, 512, 7, 7])
Empty layer features flattened shape for layer BatchNorm2d-49: torch.Size([1, 25088])
Stimulus batch shape: (128,)
DataLoader created with batch size: 16
Extracted and cached features for model: resnet50_classification
PID Results:
  red: 9.475654882867707
  unq1: 0.8216554364443542
  unq2: 0.6873035725689753
  syn: 1.0711826688406223
Mutual Information Results:
  tri_mi: 12.055796560721657
  bi_mi_1: 10.297310319312059
  bi_mi_2: 10.16295845543668
Completed PID for pair: hardcorenas_f_classification, resnet50_classification. Results appended to /home/ohadshee/Desktop/Partial-Information-Decomposition/pipeline/analysis/pca_analysis/all_models_pairwise/pairwise_pid_results_srp_pca.csv
Model options for semnasnet_100_classification: {'model_name': 'semnasnet_100', 'train_type': 'classification', 'train_data': 'imagenet', 'model_source': 'timm', 'call': "get_timm_model('semnasnet_100', pretrained = True)"}
Image transforms for semnasnet_100_classification: Compose(
    Resize(size=(224, 224), interpolation=bicubic, max_size=None, antialias=True)
    MaybeToTensor()
    Normalize(mean=tensor([0.4850, 0.4560, 0.4060]), std=tensor([0.2290, 0.2240, 0.2250]))
)
Loaded model: semnasnet_100_classification
Ordered layers from model: ['Conv2d-1', 'Identity-1', 'ReLU-1', 'BatchNormAct2d-1', 'Conv2d-2', 'Identity-2', 'ReLU-2', 'BatchNormAct2d-2', 'Identity-3', 'Identity-4', 'Conv2d-3', 'Identity-5', 'Identity-6', 'BatchNormAct2d-3', 'DepthwiseSeparableConv-1', 'Conv2d-4', 'Identity-7', 'ReLU-3', 'BatchNormAct2d-4', 'Conv2d-5', 'Identity-8', 'ReLU-4', 'BatchNormAct2d-5', 'Identity-9', 'Identity-10', 'Conv2d-6', 'Identity-11', 'Identity-12', 'BatchNormAct2d-6', 'InvertedResidual-1', 'Conv2d-7', 'Identity-13', 'ReLU-5', 'BatchNormAct2d-7', 'Conv2d-8', 'Identity-14', 'ReLU-6', 'BatchNormAct2d-8', 'Identity-15', 'Identity-16', 'Conv2d-9', 'Identity-17', 'Identity-18', 'BatchNormAct2d-9', 'Identity-19', 'InvertedResidual-2', 'Conv2d-10', 'Identity-20', 'ReLU-7', 'BatchNormAct2d-10', 'Conv2d-11', 'Identity-21', 'ReLU-8', 'BatchNormAct2d-11', 'Identity-22', 'Conv2d-12', 'ReLU-9', 'Conv2d-13', 'Sigmoid-1', 'SqueezeExcite-1', 'Conv2d-14', 'Identity-23', 'Identity-24', 'BatchNormAct2d-12', 'InvertedResidual-3', 'Conv2d-15', 'Identity-25', 'ReLU-10', 'BatchNormAct2d-13', 'Conv2d-16', 'Identity-26', 'ReLU-11', 'BatchNormAct2d-14', 'Identity-27', 'Conv2d-17', 'ReLU-12', 'Conv2d-18', 'Sigmoid-2', 'SqueezeExcite-2', 'Conv2d-19', 'Identity-28', 'Identity-29', 'BatchNormAct2d-15', 'Identity-30', 'InvertedResidual-4', 'Conv2d-20', 'Identity-31', 'ReLU-13', 'BatchNormAct2d-16', 'Conv2d-21', 'Identity-32', 'ReLU-14', 'BatchNormAct2d-17', 'Identity-33', 'Conv2d-22', 'ReLU-15', 'Conv2d-23', 'Sigmoid-3', 'SqueezeExcite-3', 'Conv2d-24', 'Identity-34', 'Identity-35', 'BatchNormAct2d-18', 'Identity-36', 'InvertedResidual-5', 'Conv2d-25', 'Identity-37', 'ReLU-16', 'BatchNormAct2d-19', 'Conv2d-26', 'Identity-38', 'ReLU-17', 'BatchNormAct2d-20', 'Identity-39', 'Identity-40', 'Conv2d-27', 'Identity-41', 'Identity-42', 'BatchNormAct2d-21', 'InvertedResidual-6', 'Conv2d-28', 'Identity-43', 'ReLU-18', 'BatchNormAct2d-22', 'Conv2d-29', 'Identity-44', 'ReLU-19', 'BatchNormAct2d-23', 'Identity-45', 'Identity-46', 'Conv2d-30', 'Identity-47', 'Identity-48', 'BatchNormAct2d-24', 'Identity-49', 'InvertedResidual-7', 'Conv2d-31', 'Identity-50', 'ReLU-20', 'BatchNormAct2d-25', 'Conv2d-32', 'Identity-51', 'ReLU-21', 'BatchNormAct2d-26', 'Identity-52', 'Identity-53', 'Conv2d-33', 'Identity-54', 'Identity-55', 'BatchNormAct2d-27', 'Identity-56', 'InvertedResidual-8', 'Conv2d-34', 'Identity-57', 'ReLU-22', 'BatchNormAct2d-28', 'Conv2d-35', 'Identity-58', 'ReLU-23', 'BatchNormAct2d-29', 'Identity-59', 'Identity-60', 'Conv2d-36', 'Identity-61', 'Identity-62', 'BatchNormAct2d-30', 'Identity-63', 'InvertedResidual-9', 'Conv2d-37', 'Identity-64', 'ReLU-24', 'BatchNormAct2d-31', 'Conv2d-38', 'Identity-65', 'ReLU-25', 'BatchNormAct2d-32', 'Identity-66', 'Conv2d-39', 'ReLU-26', 'Conv2d-40', 'Sigmoid-4', 'SqueezeExcite-4', 'Conv2d-41', 'Identity-67', 'Identity-68', 'BatchNormAct2d-33', 'InvertedResidual-10', 'Conv2d-42', 'Identity-69', 'ReLU-27', 'BatchNormAct2d-34', 'Conv2d-43', 'Identity-70', 'ReLU-28', 'BatchNormAct2d-35', 'Identity-71', 'Conv2d-44', 'ReLU-29', 'Conv2d-45', 'Sigmoid-5', 'SqueezeExcite-5', 'Conv2d-46', 'Identity-72', 'Identity-73', 'BatchNormAct2d-36', 'Identity-74', 'InvertedResidual-11', 'Conv2d-47', 'Identity-75', 'ReLU-30', 'BatchNormAct2d-37', 'Conv2d-48', 'Identity-76', 'ReLU-31', 'BatchNormAct2d-38', 'Identity-77', 'Conv2d-49', 'ReLU-32', 'Conv2d-50', 'Sigmoid-6', 'SqueezeExcite-6', 'Conv2d-51', 'Identity-78', 'Identity-79', 'BatchNormAct2d-39', 'InvertedResidual-12', 'Conv2d-52', 'Identity-80', 'ReLU-33', 'BatchNormAct2d-40', 'Conv2d-53', 'Identity-81', 'ReLU-34', 'BatchNormAct2d-41', 'Identity-82', 'Conv2d-54', 'ReLU-35', 'Conv2d-55', 'Sigmoid-7', 'SqueezeExcite-7', 'Conv2d-56', 'Identity-83', 'Identity-84', 'BatchNormAct2d-42', 'Identity-85', 'InvertedResidual-13', 'Conv2d-57', 'Identity-86', 'ReLU-36', 'BatchNormAct2d-43', 'Conv2d-58', 'Identity-87', 'ReLU-37', 'BatchNormAct2d-44', 'Identity-88', 'Conv2d-59', 'ReLU-38', 'Conv2d-60', 'Sigmoid-8', 'SqueezeExcite-8', 'Conv2d-61', 'Identity-89', 'Identity-90', 'BatchNormAct2d-45', 'Identity-91', 'InvertedResidual-14', 'Conv2d-62', 'Identity-92', 'ReLU-39', 'BatchNormAct2d-46', 'Conv2d-63', 'Identity-93', 'ReLU-40', 'BatchNormAct2d-47', 'Identity-94', 'Identity-95', 'Conv2d-64', 'Identity-96', 'Identity-97', 'BatchNormAct2d-48', 'InvertedResidual-15', 'Conv2d-65', 'Identity-98', 'ReLU-41', 'BatchNormAct2d-49', 'AdaptiveAvgPool2d-1', 'Flatten-1', 'SelectAdaptivePool2d-1', 'Linear-1', 'EfficientNet-1']
Total number of layers: 290
Empty layer shape for layer Conv2d-63: torch.Size([1, 960, 7, 7])
Empty layer features flattened shape for layer Conv2d-63: torch.Size([1, 47040])
Stimulus batch shape: (128,)
DataLoader created with batch size: 16
Extracted and cached features for model: semnasnet_100_classification
PID Results:
  red: 9.586909104094724
  unq1: 0.7104012152173365
  unq2: 0.6708795593556829
  syn: 1.0035829171366242
Mutual Information Results:
  tri_mi: 11.971772795804366
  bi_mi_1: 10.297310319312059
  bi_mi_2: 10.257788663450405
Completed PID for pair: hardcorenas_f_classification, semnasnet_100_classification. Results appended to /home/ohadshee/Desktop/Partial-Information-Decomposition/pipeline/analysis/pca_analysis/all_models_pairwise/pairwise_pid_results_srp_pca.csv
Model options for cspresnet50_classification: {'model_name': 'cspresnet50', 'train_type': 'classification', 'train_data': 'imagenet', 'model_source': 'timm', 'call': "get_timm_model('cspresnet50', pretrained = True)"}
Image transforms for cspresnet50_classification: Compose(
    Resize(size=(224, 224), interpolation=bicubic, max_size=None, antialias=True)
    MaybeToTensor()
    Normalize(mean=tensor([0.4850, 0.4560, 0.4060]), std=tensor([0.2290, 0.2240, 0.2250]))
)
Loaded model: cspresnet50_classification
Ordered layers from model: ['Conv2d-1', 'Identity-1', 'LeakyReLU-1', 'BatchNormAct2d-1', 'ConvNormAct-1', 'MaxPool2d-1', 'Identity-2', 'Conv2d-2', 'Identity-3', 'Identity-4', 'BatchNormAct2d-2', 'ConvNormAct-2', 'Conv2d-3', 'Identity-5', 'LeakyReLU-2', 'BatchNormAct2d-3', 'ConvNormAct-3', 'Conv2d-4', 'Identity-6', 'LeakyReLU-3', 'BatchNormAct2d-4', 'ConvNormAct-4', 'Identity-7', 'Conv2d-5', 'Identity-8', 'Identity-9', 'BatchNormAct2d-5', 'ConvNormAct-5', 'Identity-10', 'Identity-11', 'LeakyReLU-4', 'BottleneckBlock-1', 'Conv2d-6', 'Identity-12', 'LeakyReLU-5', 'BatchNormAct2d-6', 'ConvNormAct-6', 'Conv2d-7', 'Identity-13', 'LeakyReLU-6', 'BatchNormAct2d-7', 'ConvNormAct-7', 'Identity-14', 'Conv2d-8', 'Identity-15', 'Identity-16', 'BatchNormAct2d-8', 'ConvNormAct-8', 'Identity-17', 'Identity-18', 'LeakyReLU-7', 'BottleneckBlock-2', 'Conv2d-9', 'Identity-19', 'LeakyReLU-8', 'BatchNormAct2d-9', 'ConvNormAct-9', 'Conv2d-10', 'Identity-20', 'LeakyReLU-9', 'BatchNormAct2d-10', 'ConvNormAct-10', 'Identity-21', 'Conv2d-11', 'Identity-22', 'Identity-23', 'BatchNormAct2d-11', 'ConvNormAct-11', 'Identity-24', 'Identity-25', 'LeakyReLU-10', 'BottleneckBlock-3', 'Conv2d-12', 'Identity-26', 'LeakyReLU-11', 'BatchNormAct2d-12', 'ConvNormAct-12', 'Conv2d-13', 'Identity-27', 'LeakyReLU-12', 'BatchNormAct2d-13', 'ConvNormAct-13', 'CrossStage-1', 'Conv2d-14', 'Identity-28', 'LeakyReLU-13', 'BatchNormAct2d-14', 'ConvNormAct-14', 'Conv2d-15', 'Identity-29', 'Identity-30', 'BatchNormAct2d-15', 'ConvNormAct-15', 'Conv2d-16', 'Identity-31', 'LeakyReLU-14', 'BatchNormAct2d-16', 'ConvNormAct-16', 'Conv2d-17', 'Identity-32', 'LeakyReLU-15', 'BatchNormAct2d-17', 'ConvNormAct-17', 'Identity-33', 'Conv2d-18', 'Identity-34', 'Identity-35', 'BatchNormAct2d-18', 'ConvNormAct-18', 'Identity-36', 'Identity-37', 'LeakyReLU-16', 'BottleneckBlock-4', 'Conv2d-19', 'Identity-38', 'LeakyReLU-17', 'BatchNormAct2d-19', 'ConvNormAct-19', 'Conv2d-20', 'Identity-39', 'LeakyReLU-18', 'BatchNormAct2d-20', 'ConvNormAct-20', 'Identity-40', 'Conv2d-21', 'Identity-41', 'Identity-42', 'BatchNormAct2d-21', 'ConvNormAct-21', 'Identity-43', 'Identity-44', 'LeakyReLU-19', 'BottleneckBlock-5', 'Conv2d-22', 'Identity-45', 'LeakyReLU-20', 'BatchNormAct2d-22', 'ConvNormAct-22', 'Conv2d-23', 'Identity-46', 'LeakyReLU-21', 'BatchNormAct2d-23', 'ConvNormAct-23', 'Identity-47', 'Conv2d-24', 'Identity-48', 'Identity-49', 'BatchNormAct2d-24', 'ConvNormAct-24', 'Identity-50', 'Identity-51', 'LeakyReLU-22', 'BottleneckBlock-6', 'Conv2d-25', 'Identity-52', 'LeakyReLU-23', 'BatchNormAct2d-25', 'ConvNormAct-25', 'Conv2d-26', 'Identity-53', 'LeakyReLU-24', 'BatchNormAct2d-26', 'ConvNormAct-26', 'CrossStage-2', 'Conv2d-27', 'Identity-54', 'LeakyReLU-25', 'BatchNormAct2d-27', 'ConvNormAct-27', 'Conv2d-28', 'Identity-55', 'Identity-56', 'BatchNormAct2d-28', 'ConvNormAct-28', 'Conv2d-29', 'Identity-57', 'LeakyReLU-26', 'BatchNormAct2d-29', 'ConvNormAct-29', 'Conv2d-30', 'Identity-58', 'LeakyReLU-27', 'BatchNormAct2d-30', 'ConvNormAct-30', 'Identity-59', 'Conv2d-31', 'Identity-60', 'Identity-61', 'BatchNormAct2d-31', 'ConvNormAct-31', 'Identity-62', 'Identity-63', 'LeakyReLU-28', 'BottleneckBlock-7', 'Conv2d-32', 'Identity-64', 'LeakyReLU-29', 'BatchNormAct2d-32', 'ConvNormAct-32', 'Conv2d-33', 'Identity-65', 'LeakyReLU-30', 'BatchNormAct2d-33', 'ConvNormAct-33', 'Identity-66', 'Conv2d-34', 'Identity-67', 'Identity-68', 'BatchNormAct2d-34', 'ConvNormAct-34', 'Identity-69', 'Identity-70', 'LeakyReLU-31', 'BottleneckBlock-8', 'Conv2d-35', 'Identity-71', 'LeakyReLU-32', 'BatchNormAct2d-35', 'ConvNormAct-35', 'Conv2d-36', 'Identity-72', 'LeakyReLU-33', 'BatchNormAct2d-36', 'ConvNormAct-36', 'Identity-73', 'Conv2d-37', 'Identity-74', 'Identity-75', 'BatchNormAct2d-37', 'ConvNormAct-37', 'Identity-76', 'Identity-77', 'LeakyReLU-34', 'BottleneckBlock-9', 'Conv2d-38', 'Identity-78', 'LeakyReLU-35', 'BatchNormAct2d-38', 'ConvNormAct-38', 'Conv2d-39', 'Identity-79', 'LeakyReLU-36', 'BatchNormAct2d-39', 'ConvNormAct-39', 'Identity-80', 'Conv2d-40', 'Identity-81', 'Identity-82', 'BatchNormAct2d-40', 'ConvNormAct-40', 'Identity-83', 'Identity-84', 'LeakyReLU-37', 'BottleneckBlock-10', 'Conv2d-41', 'Identity-85', 'LeakyReLU-38', 'BatchNormAct2d-41', 'ConvNormAct-41', 'Conv2d-42', 'Identity-86', 'LeakyReLU-39', 'BatchNormAct2d-42', 'ConvNormAct-42', 'Identity-87', 'Conv2d-43', 'Identity-88', 'Identity-89', 'BatchNormAct2d-43', 'ConvNormAct-43', 'Identity-90', 'Identity-91', 'LeakyReLU-40', 'BottleneckBlock-11', 'Conv2d-44', 'Identity-92', 'LeakyReLU-41', 'BatchNormAct2d-44', 'ConvNormAct-44', 'Conv2d-45', 'Identity-93', 'LeakyReLU-42', 'BatchNormAct2d-45', 'ConvNormAct-45', 'CrossStage-3', 'Conv2d-46', 'Identity-94', 'LeakyReLU-43', 'BatchNormAct2d-46', 'ConvNormAct-46', 'Conv2d-47', 'Identity-95', 'Identity-96', 'BatchNormAct2d-47', 'ConvNormAct-47', 'Conv2d-48', 'Identity-97', 'LeakyReLU-44', 'BatchNormAct2d-48', 'ConvNormAct-48', 'Conv2d-49', 'Identity-98', 'LeakyReLU-45', 'BatchNormAct2d-49', 'ConvNormAct-49', 'Identity-99', 'Conv2d-50', 'Identity-100', 'Identity-101', 'BatchNormAct2d-50', 'ConvNormAct-50', 'Identity-102', 'Identity-103', 'LeakyReLU-46', 'BottleneckBlock-12', 'Conv2d-51', 'Identity-104', 'LeakyReLU-47', 'BatchNormAct2d-51', 'ConvNormAct-51', 'Conv2d-52', 'Identity-105', 'LeakyReLU-48', 'BatchNormAct2d-52', 'ConvNormAct-52', 'Identity-106', 'Conv2d-53', 'Identity-107', 'Identity-108', 'BatchNormAct2d-53', 'ConvNormAct-53', 'Identity-109', 'Identity-110', 'LeakyReLU-49', 'BottleneckBlock-13', 'Conv2d-54', 'Identity-111', 'LeakyReLU-50', 'BatchNormAct2d-54', 'ConvNormAct-54', 'Conv2d-55', 'Identity-112', 'LeakyReLU-51', 'BatchNormAct2d-55', 'ConvNormAct-55', 'CrossStage-4', 'AdaptiveAvgPool2d-1', 'Flatten-1', 'SelectAdaptivePool2d-1', 'Dropout-1', 'Linear-1', 'Identity-113', 'ClassifierHead-1', 'CspNet-1']
Total number of layers: 354
Empty layer shape for layer Conv2d-52: torch.Size([1, 512, 7, 7])
Empty layer features flattened shape for layer Conv2d-52: torch.Size([1, 25088])
Stimulus batch shape: (128,)
DataLoader created with batch size: 16
Extracted and cached features for model: cspresnet50_classification
PID Results:
  red: 9.711722238184658
  unq1: 0.5855880811274012
  unq2: 1.1047458882262653
  syn: 1.0285626779934294
Mutual Information Results:
  tri_mi: 12.430618885531754
  bi_mi_1: 10.297310319312059
  bi_mi_2: 10.816468126410923
Completed PID for pair: hardcorenas_f_classification, cspresnet50_classification. Results appended to /home/ohadshee/Desktop/Partial-Information-Decomposition/pipeline/analysis/pca_analysis/all_models_pairwise/pairwise_pid_results_srp_pca.csv
Model options for mobilenetv3_large_100_classification: {'model_name': 'mobilenetv3_large_100', 'train_type': 'classification', 'train_data': 'imagenet', 'model_source': 'timm', 'call': "get_timm_model('mobilenetv3_large_100', pretrained = True)"}
Image transforms for mobilenetv3_large_100_classification: Compose(
    Resize(size=(224, 224), interpolation=bicubic, max_size=None, antialias=True)
    MaybeToTensor()
    Normalize(mean=tensor([0.4850, 0.4560, 0.4060]), std=tensor([0.2290, 0.2240, 0.2250]))
)
Loaded model: mobilenetv3_large_100_classification
Ordered layers from model: ['Conv2d-1', 'Identity-1', 'Hardswish-1', 'BatchNormAct2d-1', 'Conv2d-2', 'Identity-2', 'ReLU-1', 'BatchNormAct2d-2', 'Identity-3', 'Identity-4', 'Conv2d-3', 'Identity-5', 'Identity-6', 'BatchNormAct2d-3', 'Identity-7', 'DepthwiseSeparableConv-1', 'Conv2d-4', 'Identity-8', 'ReLU-2', 'BatchNormAct2d-4', 'Conv2d-5', 'Identity-9', 'ReLU-3', 'BatchNormAct2d-5', 'Identity-10', 'Identity-11', 'Conv2d-6', 'Identity-12', 'Identity-13', 'BatchNormAct2d-6', 'InvertedResidual-1', 'Conv2d-7', 'Identity-14', 'ReLU-4', 'BatchNormAct2d-7', 'Conv2d-8', 'Identity-15', 'ReLU-5', 'BatchNormAct2d-8', 'Identity-16', 'Identity-17', 'Conv2d-9', 'Identity-18', 'Identity-19', 'BatchNormAct2d-9', 'Identity-20', 'InvertedResidual-2', 'Conv2d-10', 'Identity-21', 'ReLU-6', 'BatchNormAct2d-10', 'Conv2d-11', 'Identity-22', 'ReLU-7', 'BatchNormAct2d-11', 'Identity-23', 'Conv2d-12', 'ReLU-8', 'Conv2d-13', 'Hardsigmoid-1', 'SqueezeExcite-1', 'Conv2d-14', 'Identity-24', 'Identity-25', 'BatchNormAct2d-12', 'InvertedResidual-3', 'Conv2d-15', 'Identity-26', 'ReLU-9', 'BatchNormAct2d-13', 'Conv2d-16', 'Identity-27', 'ReLU-10', 'BatchNormAct2d-14', 'Identity-28', 'Conv2d-17', 'ReLU-11', 'Conv2d-18', 'Hardsigmoid-2', 'SqueezeExcite-2', 'Conv2d-19', 'Identity-29', 'Identity-30', 'BatchNormAct2d-15', 'Identity-31', 'InvertedResidual-4', 'Conv2d-20', 'Identity-32', 'ReLU-12', 'BatchNormAct2d-16', 'Conv2d-21', 'Identity-33', 'ReLU-13', 'BatchNormAct2d-17', 'Identity-34', 'Conv2d-22', 'ReLU-14', 'Conv2d-23', 'Hardsigmoid-3', 'SqueezeExcite-3', 'Conv2d-24', 'Identity-35', 'Identity-36', 'BatchNormAct2d-18', 'Identity-37', 'InvertedResidual-5', 'Conv2d-25', 'Identity-38', 'Hardswish-2', 'BatchNormAct2d-19', 'Conv2d-26', 'Identity-39', 'Hardswish-3', 'BatchNormAct2d-20', 'Identity-40', 'Identity-41', 'Conv2d-27', 'Identity-42', 'Identity-43', 'BatchNormAct2d-21', 'InvertedResidual-6', 'Conv2d-28', 'Identity-44', 'Hardswish-4', 'BatchNormAct2d-22', 'Conv2d-29', 'Identity-45', 'Hardswish-5', 'BatchNormAct2d-23', 'Identity-46', 'Identity-47', 'Conv2d-30', 'Identity-48', 'Identity-49', 'BatchNormAct2d-24', 'Identity-50', 'InvertedResidual-7', 'Conv2d-31', 'Identity-51', 'Hardswish-6', 'BatchNormAct2d-25', 'Conv2d-32', 'Identity-52', 'Hardswish-7', 'BatchNormAct2d-26', 'Identity-53', 'Identity-54', 'Conv2d-33', 'Identity-55', 'Identity-56', 'BatchNormAct2d-27', 'Identity-57', 'InvertedResidual-8', 'Conv2d-34', 'Identity-58', 'Hardswish-8', 'BatchNormAct2d-28', 'Conv2d-35', 'Identity-59', 'Hardswish-9', 'BatchNormAct2d-29', 'Identity-60', 'Identity-61', 'Conv2d-36', 'Identity-62', 'Identity-63', 'BatchNormAct2d-30', 'Identity-64', 'InvertedResidual-9', 'Conv2d-37', 'Identity-65', 'Hardswish-10', 'BatchNormAct2d-31', 'Conv2d-38', 'Identity-66', 'Hardswish-11', 'BatchNormAct2d-32', 'Identity-67', 'Conv2d-39', 'ReLU-15', 'Conv2d-40', 'Hardsigmoid-4', 'SqueezeExcite-4', 'Conv2d-41', 'Identity-68', 'Identity-69', 'BatchNormAct2d-33', 'InvertedResidual-10', 'Conv2d-42', 'Identity-70', 'Hardswish-12', 'BatchNormAct2d-34', 'Conv2d-43', 'Identity-71', 'Hardswish-13', 'BatchNormAct2d-35', 'Identity-72', 'Conv2d-44', 'ReLU-16', 'Conv2d-45', 'Hardsigmoid-5', 'SqueezeExcite-5', 'Conv2d-46', 'Identity-73', 'Identity-74', 'BatchNormAct2d-36', 'Identity-75', 'InvertedResidual-11', 'Conv2d-47', 'Identity-76', 'Hardswish-14', 'BatchNormAct2d-37', 'Conv2d-48', 'Identity-77', 'Hardswish-15', 'BatchNormAct2d-38', 'Identity-78', 'Conv2d-49', 'ReLU-17', 'Conv2d-50', 'Hardsigmoid-6', 'SqueezeExcite-6', 'Conv2d-51', 'Identity-79', 'Identity-80', 'BatchNormAct2d-39', 'InvertedResidual-12', 'Conv2d-52', 'Identity-81', 'Hardswish-16', 'BatchNormAct2d-40', 'Conv2d-53', 'Identity-82', 'Hardswish-17', 'BatchNormAct2d-41', 'Identity-83', 'Conv2d-54', 'ReLU-18', 'Conv2d-55', 'Hardsigmoid-7', 'SqueezeExcite-7', 'Conv2d-56', 'Identity-84', 'Identity-85', 'BatchNormAct2d-42', 'Identity-86', 'InvertedResidual-13', 'Conv2d-57', 'Identity-87', 'Hardswish-18', 'BatchNormAct2d-43', 'Conv2d-58', 'Identity-88', 'Hardswish-19', 'BatchNormAct2d-44', 'Identity-89', 'Conv2d-59', 'ReLU-19', 'Conv2d-60', 'Hardsigmoid-8', 'SqueezeExcite-8', 'Conv2d-61', 'Identity-90', 'Identity-91', 'BatchNormAct2d-45', 'Identity-92', 'InvertedResidual-14', 'Conv2d-62', 'Identity-93', 'Hardswish-20', 'BatchNormAct2d-46', 'Identity-94', 'ConvBnAct-1', 'AdaptiveAvgPool2d-1', 'Identity-95', 'SelectAdaptivePool2d-1', 'Conv2d-63', 'Identity-96', 'Hardswish-21', 'Flatten-1', 'Linear-1', 'MobileNetV3-1']
Total number of layers: 282
Empty layer shape for layer Identity-88: torch.Size([1, 960, 7, 7])
Empty layer features flattened shape for layer Identity-88: torch.Size([1, 47040])
Stimulus batch shape: (128,)
DataLoader created with batch size: 16
Extracted and cached features for model: mobilenetv3_large_100_classification
PID Results:
  red: 10.198044394402713
  unq1: 0.09926592490934816
  unq2: 0.9128074292540127
  syn: 0.9150303197917271
Mutual Information Results:
  tri_mi: 12.125148068357799
  bi_mi_1: 10.297310319312059
  bi_mi_2: 11.110851823656724
Completed PID for pair: hardcorenas_f_classification, mobilenetv3_large_100_classification. Results appended to /home/ohadshee/Desktop/Partial-Information-Decomposition/pipeline/analysis/pca_analysis/all_models_pairwise/pairwise_pid_results_srp_pca.csv
Model options for ghostnet_100_classification: {'model_name': 'ghostnet_100', 'train_type': 'classification', 'train_data': 'imagenet', 'model_source': 'timm', 'call': "get_timm_model('ghostnet_100', pretrained = True)"}
Image transforms for ghostnet_100_classification: Compose(
    Resize(size=(224, 224), interpolation=bicubic, max_size=None, antialias=True)
    MaybeToTensor()
    Normalize(mean=tensor([0.4850, 0.4560, 0.4060]), std=tensor([0.2290, 0.2240, 0.2250]))
)
Loaded model: ghostnet_100_classification
Ordered layers from model: ['Conv2d-1', 'BatchNorm2d-1', 'ReLU-1', 'Conv2d-2', 'BatchNorm2d-2', 'ReLU-2', 'Conv2d-3', 'BatchNorm2d-3', 'ReLU-3', 'GhostModule-1', 'Conv2d-4', 'BatchNorm2d-4', 'Identity-1', 'Conv2d-5', 'BatchNorm2d-5', 'Identity-2', 'GhostModule-2', 'GhostBottleneck-1', 'Conv2d-6', 'BatchNorm2d-6', 'ReLU-4', 'Conv2d-7', 'BatchNorm2d-7', 'ReLU-5', 'GhostModule-3', 'Conv2d-8', 'BatchNorm2d-8', 'Conv2d-9', 'BatchNorm2d-9', 'Identity-3', 'Conv2d-10', 'BatchNorm2d-10', 'Identity-4', 'GhostModule-4', 'Conv2d-11', 'BatchNorm2d-11', 'Conv2d-12', 'BatchNorm2d-12', 'GhostBottleneck-2', 'Conv2d-13', 'BatchNorm2d-13', 'ReLU-6', 'Conv2d-14', 'BatchNorm2d-14', 'ReLU-7', 'GhostModule-5', 'Conv2d-15', 'BatchNorm2d-15', 'Identity-5', 'Conv2d-16', 'BatchNorm2d-16', 'Identity-6', 'GhostModule-6', 'GhostBottleneck-3', 'Conv2d-17', 'BatchNorm2d-17', 'ReLU-8', 'Conv2d-18', 'BatchNorm2d-18', 'ReLU-9', 'GhostModule-7', 'Conv2d-19', 'BatchNorm2d-19', 'Conv2d-20', 'ReLU-10', 'Conv2d-21', 'Hardsigmoid-1', 'SqueezeExcite-1', 'Conv2d-22', 'BatchNorm2d-20', 'Identity-7', 'Conv2d-23', 'BatchNorm2d-21', 'Identity-8', 'GhostModule-8', 'Conv2d-24', 'BatchNorm2d-22', 'Conv2d-25', 'BatchNorm2d-23', 'GhostBottleneck-4', 'Conv2d-26', 'BatchNorm2d-24', 'ReLU-11', 'Conv2d-27', 'BatchNorm2d-25', 'ReLU-12', 'GhostModule-9', 'Conv2d-28', 'ReLU-13', 'Conv2d-29', 'Hardsigmoid-2', 'SqueezeExcite-2', 'Conv2d-30', 'BatchNorm2d-26', 'Identity-9', 'Conv2d-31', 'BatchNorm2d-27', 'Identity-10', 'GhostModule-10', 'GhostBottleneck-5', 'Conv2d-32', 'BatchNorm2d-28', 'ReLU-14', 'Conv2d-33', 'BatchNorm2d-29', 'ReLU-15', 'GhostModule-11', 'Conv2d-34', 'BatchNorm2d-30', 'Conv2d-35', 'BatchNorm2d-31', 'Identity-11', 'Conv2d-36', 'BatchNorm2d-32', 'Identity-12', 'GhostModule-12', 'Conv2d-37', 'BatchNorm2d-33', 'Conv2d-38', 'BatchNorm2d-34', 'GhostBottleneck-6', 'Conv2d-39', 'BatchNorm2d-35', 'ReLU-16', 'Conv2d-40', 'BatchNorm2d-36', 'ReLU-17', 'GhostModule-13', 'Conv2d-41', 'BatchNorm2d-37', 'Identity-13', 'Conv2d-42', 'BatchNorm2d-38', 'Identity-14', 'GhostModule-14', 'GhostBottleneck-7', 'Conv2d-43', 'BatchNorm2d-39', 'ReLU-18', 'Conv2d-44', 'BatchNorm2d-40', 'ReLU-19', 'GhostModule-15', 'Conv2d-45', 'BatchNorm2d-41', 'Identity-15', 'Conv2d-46', 'BatchNorm2d-42', 'Identity-16', 'GhostModule-16', 'GhostBottleneck-8', 'Conv2d-47', 'BatchNorm2d-43', 'ReLU-20', 'Conv2d-48', 'BatchNorm2d-44', 'ReLU-21', 'GhostModule-17', 'Conv2d-49', 'BatchNorm2d-45', 'Identity-17', 'Conv2d-50', 'BatchNorm2d-46', 'Identity-18', 'GhostModule-18', 'GhostBottleneck-9', 'Conv2d-51', 'BatchNorm2d-47', 'ReLU-22', 'Conv2d-52', 'BatchNorm2d-48', 'ReLU-23', 'GhostModule-19', 'Conv2d-53', 'ReLU-24', 'Conv2d-54', 'Hardsigmoid-3', 'SqueezeExcite-3', 'Conv2d-55', 'BatchNorm2d-49', 'Identity-19', 'Conv2d-56', 'BatchNorm2d-50', 'Identity-20', 'GhostModule-20', 'Conv2d-57', 'BatchNorm2d-51', 'Conv2d-58', 'BatchNorm2d-52', 'GhostBottleneck-10', 'Conv2d-59', 'BatchNorm2d-53', 'ReLU-25', 'Conv2d-60', 'BatchNorm2d-54', 'ReLU-26', 'GhostModule-21', 'Conv2d-61', 'ReLU-27', 'Conv2d-62', 'Hardsigmoid-4', 'SqueezeExcite-4', 'Conv2d-63', 'BatchNorm2d-55', 'Identity-21', 'Conv2d-64', 'BatchNorm2d-56', 'Identity-22', 'GhostModule-22', 'GhostBottleneck-11', 'Conv2d-65', 'BatchNorm2d-57', 'ReLU-28', 'Conv2d-66', 'BatchNorm2d-58', 'ReLU-29', 'GhostModule-23', 'Conv2d-67', 'BatchNorm2d-59', 'Conv2d-68', 'ReLU-30', 'Conv2d-69', 'Hardsigmoid-5', 'SqueezeExcite-5', 'Conv2d-70', 'BatchNorm2d-60', 'Identity-23', 'Conv2d-71', 'BatchNorm2d-61', 'Identity-24', 'GhostModule-24', 'Conv2d-72', 'BatchNorm2d-62', 'Conv2d-73', 'BatchNorm2d-63', 'GhostBottleneck-12', 'Conv2d-74', 'BatchNorm2d-64', 'ReLU-31', 'Conv2d-75', 'BatchNorm2d-65', 'ReLU-32', 'GhostModule-25', 'Conv2d-76', 'BatchNorm2d-66', 'Identity-25', 'Conv2d-77', 'BatchNorm2d-67', 'Identity-26', 'GhostModule-26', 'GhostBottleneck-13', 'Conv2d-78', 'BatchNorm2d-68', 'ReLU-33', 'Conv2d-79', 'BatchNorm2d-69', 'ReLU-34', 'GhostModule-27', 'Conv2d-80', 'ReLU-35', 'Conv2d-81', 'Hardsigmoid-6', 'SqueezeExcite-6', 'Conv2d-82', 'BatchNorm2d-70', 'Identity-27', 'Conv2d-83', 'BatchNorm2d-71', 'Identity-28', 'GhostModule-28', 'GhostBottleneck-14', 'Conv2d-84', 'BatchNorm2d-72', 'ReLU-36', 'Conv2d-85', 'BatchNorm2d-73', 'ReLU-37', 'GhostModule-29', 'Conv2d-86', 'BatchNorm2d-74', 'Identity-29', 'Conv2d-87', 'BatchNorm2d-75', 'Identity-30', 'GhostModule-30', 'GhostBottleneck-15', 'Conv2d-88', 'BatchNorm2d-76', 'ReLU-38', 'Conv2d-89', 'BatchNorm2d-77', 'ReLU-39', 'GhostModule-31', 'Conv2d-90', 'ReLU-40', 'Conv2d-91', 'Hardsigmoid-7', 'SqueezeExcite-7', 'Conv2d-92', 'BatchNorm2d-78', 'Identity-31', 'Conv2d-93', 'BatchNorm2d-79', 'Identity-32', 'GhostModule-32', 'GhostBottleneck-16', 'Conv2d-94', 'Identity-33', 'ReLU-41', 'BatchNormAct2d-1', 'Identity-34', 'ConvBnAct-1', 'AdaptiveAvgPool2d-1', 'Identity-35', 'SelectAdaptivePool2d-1', 'Conv2d-95', 'ReLU-42', 'Flatten-1', 'Linear-1', 'GhostNet-1']
Total number of layers: 320
Empty layer shape for layer BatchNorm2d-77: torch.Size([1, 480, 7, 7])
Empty layer features flattened shape for layer BatchNorm2d-77: torch.Size([1, 23520])
Stimulus batch shape: (128,)
DataLoader created with batch size: 16
Extracted and cached features for model: ghostnet_100_classification
PID Results:
  red: 9.591873638158903
  unq1: 0.7054366811531558
  unq2: 0.40778789155051953
  syn: 0.988716673876775
Mutual Information Results:
  tri_mi: 11.693814884739353
  bi_mi_1: 10.297310319312059
  bi_mi_2: 9.999661529709423
Completed PID for pair: hardcorenas_f_classification, ghostnet_100_classification. Results appended to /home/ohadshee/Desktop/Partial-Information-Decomposition/pipeline/analysis/pca_analysis/all_models_pairwise/pairwise_pid_results_srp_pca.csv
Model options for convnext_base_classification: {'model_name': 'convnext_base', 'train_type': 'classification', 'train_data': 'imagenet', 'model_source': 'timm', 'call': "get_timm_model('convnext_base', pretrained = True)"}
Image transforms for convnext_base_classification: Compose(
    Resize(size=(224, 224), interpolation=bicubic, max_size=None, antialias=True)
    MaybeToTensor()
    Normalize(mean=tensor([0.4850, 0.4560, 0.4060]), std=tensor([0.2290, 0.2240, 0.2250]))
)
Loaded model: convnext_base_classification
Ordered layers from model: ['Conv2d-1', 'LayerNorm2d-1', 'Identity-1', 'Conv2d-2', 'LayerNorm-2', 'Linear-1', 'GELU-1', 'Dropout-1', 'Identity-2', 'Linear-2', 'Dropout-2', 'Mlp-1', 'Identity-3', 'Identity-4', 'ConvNeXtBlock-1', 'Conv2d-3', 'LayerNorm-3', 'Linear-3', 'GELU-2', 'Dropout-3', 'Identity-5', 'Linear-4', 'Dropout-4', 'Mlp-2', 'Identity-6', 'Identity-7', 'ConvNeXtBlock-2', 'Conv2d-4', 'LayerNorm-4', 'Linear-5', 'GELU-3', 'Dropout-5', 'Identity-8', 'Linear-6', 'Dropout-6', 'Mlp-3', 'Identity-9', 'Identity-10', 'ConvNeXtBlock-3', 'ConvNeXtStage-1', 'LayerNorm2d-2', 'Conv2d-5', 'Conv2d-6', 'LayerNorm-6', 'Linear-7', 'GELU-4', 'Dropout-7', 'Identity-11', 'Linear-8', 'Dropout-8', 'Mlp-4', 'Identity-12', 'Identity-13', 'ConvNeXtBlock-4', 'Conv2d-7', 'LayerNorm-7', 'Linear-9', 'GELU-5', 'Dropout-9', 'Identity-14', 'Linear-10', 'Dropout-10', 'Mlp-5', 'Identity-15', 'Identity-16', 'ConvNeXtBlock-5', 'Conv2d-8', 'LayerNorm-8', 'Linear-11', 'GELU-6', 'Dropout-11', 'Identity-17', 'Linear-12', 'Dropout-12', 'Mlp-6', 'Identity-18', 'Identity-19', 'ConvNeXtBlock-6', 'ConvNeXtStage-2', 'LayerNorm2d-3', 'Conv2d-9', 'Conv2d-10', 'LayerNorm-10', 'Linear-13', 'GELU-7', 'Dropout-13', 'Identity-20', 'Linear-14', 'Dropout-14', 'Mlp-7', 'Identity-21', 'Identity-22', 'ConvNeXtBlock-7', 'Conv2d-11', 'LayerNorm-11', 'Linear-15', 'GELU-8', 'Dropout-15', 'Identity-23', 'Linear-16', 'Dropout-16', 'Mlp-8', 'Identity-24', 'Identity-25', 'ConvNeXtBlock-8', 'Conv2d-12', 'LayerNorm-12', 'Linear-17', 'GELU-9', 'Dropout-17', 'Identity-26', 'Linear-18', 'Dropout-18', 'Mlp-9', 'Identity-27', 'Identity-28', 'ConvNeXtBlock-9', 'Conv2d-13', 'LayerNorm-13', 'Linear-19', 'GELU-10', 'Dropout-19', 'Identity-29', 'Linear-20', 'Dropout-20', 'Mlp-10', 'Identity-30', 'Identity-31', 'ConvNeXtBlock-10', 'Conv2d-14', 'LayerNorm-14', 'Linear-21', 'GELU-11', 'Dropout-21', 'Identity-32', 'Linear-22', 'Dropout-22', 'Mlp-11', 'Identity-33', 'Identity-34', 'ConvNeXtBlock-11', 'Conv2d-15', 'LayerNorm-15', 'Linear-23', 'GELU-12', 'Dropout-23', 'Identity-35', 'Linear-24', 'Dropout-24', 'Mlp-12', 'Identity-36', 'Identity-37', 'ConvNeXtBlock-12', 'Conv2d-16', 'LayerNorm-16', 'Linear-25', 'GELU-13', 'Dropout-25', 'Identity-38', 'Linear-26', 'Dropout-26', 'Mlp-13', 'Identity-39', 'Identity-40', 'ConvNeXtBlock-13', 'Conv2d-17', 'LayerNorm-17', 'Linear-27', 'GELU-14', 'Dropout-27', 'Identity-41', 'Linear-28', 'Dropout-28', 'Mlp-14', 'Identity-42', 'Identity-43', 'ConvNeXtBlock-14', 'Conv2d-18', 'LayerNorm-18', 'Linear-29', 'GELU-15', 'Dropout-29', 'Identity-44', 'Linear-30', 'Dropout-30', 'Mlp-15', 'Identity-45', 'Identity-46', 'ConvNeXtBlock-15', 'Conv2d-19', 'LayerNorm-19', 'Linear-31', 'GELU-16', 'Dropout-31', 'Identity-47', 'Linear-32', 'Dropout-32', 'Mlp-16', 'Identity-48', 'Identity-49', 'ConvNeXtBlock-16', 'Conv2d-20', 'LayerNorm-20', 'Linear-33', 'GELU-17', 'Dropout-33', 'Identity-50', 'Linear-34', 'Dropout-34', 'Mlp-17', 'Identity-51', 'Identity-52', 'ConvNeXtBlock-17', 'Conv2d-21', 'LayerNorm-21', 'Linear-35', 'GELU-18', 'Dropout-35', 'Identity-53', 'Linear-36', 'Dropout-36', 'Mlp-18', 'Identity-54', 'Identity-55', 'ConvNeXtBlock-18', 'Conv2d-22', 'LayerNorm-22', 'Linear-37', 'GELU-19', 'Dropout-37', 'Identity-56', 'Linear-38', 'Dropout-38', 'Mlp-19', 'Identity-57', 'Identity-58', 'ConvNeXtBlock-19', 'Conv2d-23', 'LayerNorm-23', 'Linear-39', 'GELU-20', 'Dropout-39', 'Identity-59', 'Linear-40', 'Dropout-40', 'Mlp-20', 'Identity-60', 'Identity-61', 'ConvNeXtBlock-20', 'Conv2d-24', 'LayerNorm-24', 'Linear-41', 'GELU-21', 'Dropout-41', 'Identity-62', 'Linear-42', 'Dropout-42', 'Mlp-21', 'Identity-63', 'Identity-64', 'ConvNeXtBlock-21', 'Conv2d-25', 'LayerNorm-25', 'Linear-43', 'GELU-22', 'Dropout-43', 'Identity-65', 'Linear-44', 'Dropout-44', 'Mlp-22', 'Identity-66', 'Identity-67', 'ConvNeXtBlock-22', 'Conv2d-26', 'LayerNorm-26', 'Linear-45', 'GELU-23', 'Dropout-45', 'Identity-68', 'Linear-46', 'Dropout-46', 'Mlp-23', 'Identity-69', 'Identity-70', 'ConvNeXtBlock-23', 'Conv2d-27', 'LayerNorm-27', 'Linear-47', 'GELU-24', 'Dropout-47', 'Identity-71', 'Linear-48', 'Dropout-48', 'Mlp-24', 'Identity-72', 'Identity-73', 'ConvNeXtBlock-24', 'Conv2d-28', 'LayerNorm-28', 'Linear-49', 'GELU-25', 'Dropout-49', 'Identity-74', 'Linear-50', 'Dropout-50', 'Mlp-25', 'Identity-75', 'Identity-76', 'ConvNeXtBlock-25', 'Conv2d-29', 'LayerNorm-29', 'Linear-51', 'GELU-26', 'Dropout-51', 'Identity-77', 'Linear-52', 'Dropout-52', 'Mlp-26', 'Identity-78', 'Identity-79', 'ConvNeXtBlock-26', 'Conv2d-30', 'LayerNorm-30', 'Linear-53', 'GELU-27', 'Dropout-53', 'Identity-80', 'Linear-54', 'Dropout-54', 'Mlp-27', 'Identity-81', 'Identity-82', 'ConvNeXtBlock-27', 'Conv2d-31', 'LayerNorm-31', 'Linear-55', 'GELU-28', 'Dropout-55', 'Identity-83', 'Linear-56', 'Dropout-56', 'Mlp-28', 'Identity-84', 'Identity-85', 'ConvNeXtBlock-28', 'Conv2d-32', 'LayerNorm-32', 'Linear-57', 'GELU-29', 'Dropout-57', 'Identity-86', 'Linear-58', 'Dropout-58', 'Mlp-29', 'Identity-87', 'Identity-88', 'ConvNeXtBlock-29', 'Conv2d-33', 'LayerNorm-33', 'Linear-59', 'GELU-30', 'Dropout-59', 'Identity-89', 'Linear-60', 'Dropout-60', 'Mlp-30', 'Identity-90', 'Identity-91', 'ConvNeXtBlock-30', 'Conv2d-34', 'LayerNorm-34', 'Linear-61', 'GELU-31', 'Dropout-61', 'Identity-92', 'Linear-62', 'Dropout-62', 'Mlp-31', 'Identity-93', 'Identity-94', 'ConvNeXtBlock-31', 'Conv2d-35', 'LayerNorm-35', 'Linear-63', 'GELU-32', 'Dropout-63', 'Identity-95', 'Linear-64', 'Dropout-64', 'Mlp-32', 'Identity-96', 'Identity-97', 'ConvNeXtBlock-32', 'Conv2d-36', 'LayerNorm-36', 'Linear-65', 'GELU-33', 'Dropout-65', 'Identity-98', 'Linear-66', 'Dropout-66', 'Mlp-33', 'Identity-99', 'Identity-100', 'ConvNeXtBlock-33', 'ConvNeXtStage-3', 'LayerNorm2d-4', 'Conv2d-37', 'Conv2d-38', 'LayerNorm-38', 'Linear-67', 'GELU-34', 'Dropout-67', 'Identity-101', 'Linear-68', 'Dropout-68', 'Mlp-34', 'Identity-102', 'Identity-103', 'ConvNeXtBlock-34', 'Conv2d-39', 'LayerNorm-39', 'Linear-69', 'GELU-35', 'Dropout-69', 'Identity-104', 'Linear-70', 'Dropout-70', 'Mlp-35', 'Identity-105', 'Identity-106', 'ConvNeXtBlock-35', 'Conv2d-40', 'LayerNorm-40', 'Linear-71', 'GELU-36', 'Dropout-71', 'Identity-107', 'Linear-72', 'Dropout-72', 'Mlp-36', 'Identity-108', 'Identity-109', 'ConvNeXtBlock-36', 'ConvNeXtStage-4', 'Identity-110', 'AdaptiveAvgPool2d-1', 'Identity-111', 'SelectAdaptivePool2d-1', 'LayerNorm2d-5', 'Flatten-1', 'Identity-112', 'Dropout-73', 'Linear-73', 'NormMlpClassifierHead-1', 'ConvNeXt-41']
Total number of layers: 456
Empty layer shape for layer Conv2d-26: torch.Size([1, 512, 14, 14])
Empty layer features flattened shape for layer Conv2d-26: torch.Size([1, 100352])
Stimulus batch shape: (128,)
DataLoader created with batch size: 16
Extracted and cached features for model: convnext_base_classification
PID Results:
  red: 10.15021713565018
  unq1: 0.14709318366187674
  unq2: 1.8539812011107788
  syn: 1.0359549598748572
Mutual Information Results:
  tri_mi: 13.187246480297695
  bi_mi_1: 10.297310319312059
  bi_mi_2: 12.004198336760961
Completed PID for pair: hardcorenas_f_classification, convnext_base_classification. Results appended to /home/ohadshee/Desktop/Partial-Information-Decomposition/pipeline/analysis/pca_analysis/all_models_pairwise/pairwise_pid_results_srp_pca.csv
Model options for xcit_nano_12_p8_224_classification: {'model_name': 'xcit_nano_12_p8_224', 'train_type': 'classification', 'train_data': 'imagenet', 'model_source': 'timm', 'call': "get_timm_model('xcit_nano_12_p8_224', pretrained = True)"}
Image transforms for xcit_nano_12_p8_224_classification: Compose(
    Resize(size=(224, 224), interpolation=bicubic, max_size=None, antialias=True)
    MaybeToTensor()
    Normalize(mean=tensor([0.4850, 0.4560, 0.4060]), std=tensor([0.2290, 0.2240, 0.2250]))
)
Loaded model: xcit_nano_12_p8_224_classification
Ordered layers from model: ['Conv2d-1', 'BatchNorm2d-1', 'GELU-1', 'Conv2d-2', 'BatchNorm2d-2', 'GELU-2', 'Conv2d-3', 'BatchNorm2d-3', 'ConvPatchEmbed-1-1', 'PositionalEncodingFourier-1', 'Dropout-1', 'LayerNorm-1', 'Linear-1', 'Dropout-2', 'Linear-2', 'Dropout-3', 'XCA-1', 'Identity-1', 'LayerNorm-2', 'Conv2d-5', 'GELU-3', 'BatchNorm2d-4', 'Conv2d-6', 'LPI-1', 'Identity-2', 'LayerNorm-3', 'Linear-3', 'GELU-4', 'Dropout-4', 'Identity-3', 'Linear-4', 'Dropout-5', 'Mlp-1', 'Identity-4', 'XCABlock-1', 'LayerNorm-4', 'Linear-5', 'Dropout-6', 'Linear-6', 'Dropout-7', 'XCA-3', 'Identity-5', 'LayerNorm-5', 'Conv2d-7', 'GELU-5', 'BatchNorm2d-5', 'Conv2d-8', 'LPI-2', 'Identity-6', 'LayerNorm-6', 'Linear-7', 'GELU-6', 'Dropout-8', 'Identity-7', 'Linear-8', 'Dropout-9', 'Mlp-2', 'Identity-8', 'XCABlock-2', 'LayerNorm-7', 'Linear-9', 'Dropout-10', 'Linear-10', 'Dropout-11', 'XCA-5', 'Identity-9', 'LayerNorm-8', 'Conv2d-9', 'GELU-7', 'BatchNorm2d-6', 'Conv2d-10', 'LPI-3', 'Identity-10', 'LayerNorm-9', 'Linear-11', 'GELU-8', 'Dropout-12', 'Identity-11', 'Linear-12', 'Dropout-13', 'Mlp-3', 'Identity-12', 'XCABlock-3', 'LayerNorm-10', 'Linear-13', 'Dropout-14', 'Linear-14', 'Dropout-15', 'XCA-7', 'Identity-13', 'LayerNorm-11', 'Conv2d-11', 'GELU-9', 'BatchNorm2d-7', 'Conv2d-12', 'LPI-4', 'Identity-14', 'LayerNorm-12', 'Linear-15', 'GELU-10', 'Dropout-16', 'Identity-15', 'Linear-16', 'Dropout-17', 'Mlp-4', 'Identity-16', 'XCABlock-4', 'LayerNorm-13', 'Linear-17', 'Dropout-18', 'Linear-18', 'Dropout-19', 'XCA-9', 'Identity-17', 'LayerNorm-14', 'Conv2d-13', 'GELU-11', 'BatchNorm2d-8', 'Conv2d-14', 'LPI-5', 'Identity-18', 'LayerNorm-15', 'Linear-19', 'GELU-12', 'Dropout-20', 'Identity-19', 'Linear-20', 'Dropout-21', 'Mlp-5', 'Identity-20', 'XCABlock-5', 'LayerNorm-16', 'Linear-21', 'Dropout-22', 'Linear-22', 'Dropout-23', 'XCA-11', 'Identity-21', 'LayerNorm-17', 'Conv2d-15', 'GELU-13', 'BatchNorm2d-9', 'Conv2d-16', 'LPI-6', 'Identity-22', 'LayerNorm-18', 'Linear-23', 'GELU-14', 'Dropout-24', 'Identity-23', 'Linear-24', 'Dropout-25', 'Mlp-6', 'Identity-24', 'XCABlock-6', 'LayerNorm-19', 'Linear-25', 'Dropout-26', 'Linear-26', 'Dropout-27', 'XCA-13', 'Identity-25', 'LayerNorm-20', 'Conv2d-17', 'GELU-15', 'BatchNorm2d-10', 'Conv2d-18', 'LPI-7', 'Identity-26', 'LayerNorm-21', 'Linear-27', 'GELU-16', 'Dropout-28', 'Identity-27', 'Linear-28', 'Dropout-29', 'Mlp-7', 'Identity-28', 'XCABlock-7', 'LayerNorm-22', 'Linear-29', 'Dropout-30', 'Linear-30', 'Dropout-31', 'XCA-15', 'Identity-29', 'LayerNorm-23', 'Conv2d-19', 'GELU-17', 'BatchNorm2d-11', 'Conv2d-20', 'LPI-8', 'Identity-30', 'LayerNorm-24', 'Linear-31', 'GELU-18', 'Dropout-32', 'Identity-31', 'Linear-32', 'Dropout-33', 'Mlp-8', 'Identity-32', 'XCABlock-8', 'LayerNorm-25', 'Linear-33', 'Dropout-34', 'Linear-34', 'Dropout-35', 'XCA-17', 'Identity-33', 'LayerNorm-26', 'Conv2d-21', 'GELU-19', 'BatchNorm2d-12', 'Conv2d-22', 'LPI-9', 'Identity-34', 'LayerNorm-27', 'Linear-35', 'GELU-20', 'Dropout-36', 'Identity-35', 'Linear-36', 'Dropout-37', 'Mlp-9', 'Identity-36', 'XCABlock-9', 'LayerNorm-28', 'Linear-37', 'Dropout-38', 'Linear-38', 'Dropout-39', 'XCA-19', 'Identity-37', 'LayerNorm-29', 'Conv2d-23', 'GELU-21', 'BatchNorm2d-13', 'Conv2d-24', 'LPI-10', 'Identity-38', 'LayerNorm-30', 'Linear-39', 'GELU-22', 'Dropout-40', 'Identity-39', 'Linear-40', 'Dropout-41', 'Mlp-10', 'Identity-40', 'XCABlock-10', 'LayerNorm-31', 'Linear-41', 'Dropout-42', 'Linear-42', 'Dropout-43', 'XCA-21', 'Identity-41', 'LayerNorm-32', 'Conv2d-25', 'GELU-23', 'BatchNorm2d-14', 'Conv2d-26', 'LPI-11', 'Identity-42', 'LayerNorm-33', 'Linear-43', 'GELU-24', 'Dropout-44', 'Identity-43', 'Linear-44', 'Dropout-45', 'Mlp-11', 'Identity-44', 'XCABlock-11', 'LayerNorm-34', 'Linear-45', 'Dropout-46', 'Linear-46', 'Dropout-47', 'XCA-23', 'Identity-45', 'LayerNorm-35', 'Conv2d-27', 'GELU-25', 'BatchNorm2d-15', 'Conv2d-28', 'LPI-12', 'Identity-46', 'LayerNorm-36', 'Linear-47', 'GELU-26', 'Dropout-48', 'Identity-47', 'Linear-48', 'Dropout-49', 'Mlp-12', 'Identity-48', 'XCABlock-12', 'LayerNorm-37', 'Linear-49', 'Linear-50', 'Linear-51', 'Linear-52', 'Dropout-50', 'ClassAttn-1', 'Identity-49', 'LayerNorm-38', 'Linear-53', 'GELU-27', 'Dropout-51', 'Identity-50', 'Linear-54', 'Dropout-52', 'Mlp-13', 'Identity-51', 'ClassAttentionBlock-1', 'LayerNorm-39', 'Linear-55', 'Linear-56', 'Linear-57', 'Linear-58', 'Dropout-53', 'ClassAttn-2', 'Identity-52', 'LayerNorm-40', 'Linear-59', 'GELU-28', 'Dropout-54', 'Identity-53', 'Linear-60', 'Dropout-55', 'Mlp-14', 'Identity-54', 'ClassAttentionBlock-2', 'LayerNorm-41', 'Dropout-56', 'Linear-61', 'Xcit-1']
Total number of layers: 339
Empty layer shape for layer Linear-43: torch.Size([1, 784, 512])
Empty layer features flattened shape for layer Linear-43: torch.Size([1, 401408])
Stimulus batch shape: (128,)
DataLoader created with batch size: 16
Extracted and cached features for model: xcit_nano_12_p8_224_classification
PID Results:
  red: 9.09861919425582
  unq1: 1.1986911250562393
  unq2: 0.6612585017453547
  syn: 1.1513091778792255
Mutual Information Results:
  tri_mi: 12.10987799893664
  bi_mi_1: 10.297310319312059
  bi_mi_2: 9.759877696001174
Completed PID for pair: hardcorenas_f_classification, xcit_nano_12_p8_224_classification. Results appended to /home/ohadshee/Desktop/Partial-Information-Decomposition/pipeline/analysis/pca_analysis/all_models_pairwise/pairwise_pid_results_srp_pca.csv
Model options for xcit_nano_12_p16_224_classification: {'model_name': 'xcit_nano_12_p16_224', 'train_type': 'classification', 'train_data': 'imagenet', 'model_source': 'timm', 'call': "get_timm_model('xcit_nano_12_p16_224', pretrained = True)"}
Image transforms for xcit_nano_12_p16_224_classification: Compose(
    Resize(size=(224, 224), interpolation=bicubic, max_size=None, antialias=True)
    MaybeToTensor()
    Normalize(mean=tensor([0.4850, 0.4560, 0.4060]), std=tensor([0.2290, 0.2240, 0.2250]))
)
Loaded model: xcit_nano_12_p16_224_classification
Ordered layers from model: ['Conv2d-1', 'BatchNorm2d-1', 'GELU-1', 'Conv2d-2', 'BatchNorm2d-2', 'GELU-2', 'Conv2d-3', 'BatchNorm2d-3', 'GELU-3', 'Conv2d-4', 'BatchNorm2d-4', 'ConvPatchEmbed-1-1', 'PositionalEncodingFourier-1', 'Dropout-1', 'LayerNorm-1', 'Linear-1', 'Dropout-2', 'Linear-2', 'Dropout-3', 'XCA-1', 'Identity-1', 'LayerNorm-2', 'Conv2d-6', 'GELU-4', 'BatchNorm2d-5', 'Conv2d-7', 'LPI-1', 'Identity-2', 'LayerNorm-3', 'Linear-3', 'GELU-5', 'Dropout-4', 'Identity-3', 'Linear-4', 'Dropout-5', 'Mlp-1', 'Identity-4', 'XCABlock-1', 'LayerNorm-4', 'Linear-5', 'Dropout-6', 'Linear-6', 'Dropout-7', 'XCA-3', 'Identity-5', 'LayerNorm-5', 'Conv2d-8', 'GELU-6', 'BatchNorm2d-6', 'Conv2d-9', 'LPI-2', 'Identity-6', 'LayerNorm-6', 'Linear-7', 'GELU-7', 'Dropout-8', 'Identity-7', 'Linear-8', 'Dropout-9', 'Mlp-2', 'Identity-8', 'XCABlock-2', 'LayerNorm-7', 'Linear-9', 'Dropout-10', 'Linear-10', 'Dropout-11', 'XCA-5', 'Identity-9', 'LayerNorm-8', 'Conv2d-10', 'GELU-8', 'BatchNorm2d-7', 'Conv2d-11', 'LPI-3', 'Identity-10', 'LayerNorm-9', 'Linear-11', 'GELU-9', 'Dropout-12', 'Identity-11', 'Linear-12', 'Dropout-13', 'Mlp-3', 'Identity-12', 'XCABlock-3', 'LayerNorm-10', 'Linear-13', 'Dropout-14', 'Linear-14', 'Dropout-15', 'XCA-7', 'Identity-13', 'LayerNorm-11', 'Conv2d-12', 'GELU-10', 'BatchNorm2d-8', 'Conv2d-13', 'LPI-4', 'Identity-14', 'LayerNorm-12', 'Linear-15', 'GELU-11', 'Dropout-16', 'Identity-15', 'Linear-16', 'Dropout-17', 'Mlp-4', 'Identity-16', 'XCABlock-4', 'LayerNorm-13', 'Linear-17', 'Dropout-18', 'Linear-18', 'Dropout-19', 'XCA-9', 'Identity-17', 'LayerNorm-14', 'Conv2d-14', 'GELU-12', 'BatchNorm2d-9', 'Conv2d-15', 'LPI-5', 'Identity-18', 'LayerNorm-15', 'Linear-19', 'GELU-13', 'Dropout-20', 'Identity-19', 'Linear-20', 'Dropout-21', 'Mlp-5', 'Identity-20', 'XCABlock-5', 'LayerNorm-16', 'Linear-21', 'Dropout-22', 'Linear-22', 'Dropout-23', 'XCA-11', 'Identity-21', 'LayerNorm-17', 'Conv2d-16', 'GELU-14', 'BatchNorm2d-10', 'Conv2d-17', 'LPI-6', 'Identity-22', 'LayerNorm-18', 'Linear-23', 'GELU-15', 'Dropout-24', 'Identity-23', 'Linear-24', 'Dropout-25', 'Mlp-6', 'Identity-24', 'XCABlock-6', 'LayerNorm-19', 'Linear-25', 'Dropout-26', 'Linear-26', 'Dropout-27', 'XCA-13', 'Identity-25', 'LayerNorm-20', 'Conv2d-18', 'GELU-16', 'BatchNorm2d-11', 'Conv2d-19', 'LPI-7', 'Identity-26', 'LayerNorm-21', 'Linear-27', 'GELU-17', 'Dropout-28', 'Identity-27', 'Linear-28', 'Dropout-29', 'Mlp-7', 'Identity-28', 'XCABlock-7', 'LayerNorm-22', 'Linear-29', 'Dropout-30', 'Linear-30', 'Dropout-31', 'XCA-15', 'Identity-29', 'LayerNorm-23', 'Conv2d-20', 'GELU-18', 'BatchNorm2d-12', 'Conv2d-21', 'LPI-8', 'Identity-30', 'LayerNorm-24', 'Linear-31', 'GELU-19', 'Dropout-32', 'Identity-31', 'Linear-32', 'Dropout-33', 'Mlp-8', 'Identity-32', 'XCABlock-8', 'LayerNorm-25', 'Linear-33', 'Dropout-34', 'Linear-34', 'Dropout-35', 'XCA-17', 'Identity-33', 'LayerNorm-26', 'Conv2d-22', 'GELU-20', 'BatchNorm2d-13', 'Conv2d-23', 'LPI-9', 'Identity-34', 'LayerNorm-27', 'Linear-35', 'GELU-21', 'Dropout-36', 'Identity-35', 'Linear-36', 'Dropout-37', 'Mlp-9', 'Identity-36', 'XCABlock-9', 'LayerNorm-28', 'Linear-37', 'Dropout-38', 'Linear-38', 'Dropout-39', 'XCA-19', 'Identity-37', 'LayerNorm-29', 'Conv2d-24', 'GELU-22', 'BatchNorm2d-14', 'Conv2d-25', 'LPI-10', 'Identity-38', 'LayerNorm-30', 'Linear-39', 'GELU-23', 'Dropout-40', 'Identity-39', 'Linear-40', 'Dropout-41', 'Mlp-10', 'Identity-40', 'XCABlock-10', 'LayerNorm-31', 'Linear-41', 'Dropout-42', 'Linear-42', 'Dropout-43', 'XCA-21', 'Identity-41', 'LayerNorm-32', 'Conv2d-26', 'GELU-24', 'BatchNorm2d-15', 'Conv2d-27', 'LPI-11', 'Identity-42', 'LayerNorm-33', 'Linear-43', 'GELU-25', 'Dropout-44', 'Identity-43', 'Linear-44', 'Dropout-45', 'Mlp-11', 'Identity-44', 'XCABlock-11', 'LayerNorm-34', 'Linear-45', 'Dropout-46', 'Linear-46', 'Dropout-47', 'XCA-23', 'Identity-45', 'LayerNorm-35', 'Conv2d-28', 'GELU-26', 'BatchNorm2d-16', 'Conv2d-29', 'LPI-12', 'Identity-46', 'LayerNorm-36', 'Linear-47', 'GELU-27', 'Dropout-48', 'Identity-47', 'Linear-48', 'Dropout-49', 'Mlp-12', 'Identity-48', 'XCABlock-12', 'LayerNorm-37', 'Linear-49', 'Linear-50', 'Linear-51', 'Linear-52', 'Dropout-50', 'ClassAttn-1', 'Identity-49', 'LayerNorm-38', 'Linear-53', 'GELU-28', 'Dropout-51', 'Identity-50', 'Linear-54', 'Dropout-52', 'Mlp-13', 'Identity-51', 'ClassAttentionBlock-1', 'LayerNorm-39', 'Linear-55', 'Linear-56', 'Linear-57', 'Linear-58', 'Dropout-53', 'ClassAttn-2', 'Identity-52', 'LayerNorm-40', 'Linear-59', 'GELU-29', 'Dropout-54', 'Identity-53', 'Linear-60', 'Dropout-55', 'Mlp-14', 'Identity-54', 'ClassAttentionBlock-2', 'LayerNorm-41', 'Dropout-56', 'Linear-61', 'Xcit-1']
Total number of layers: 342
Empty layer shape for layer LPI-10: torch.Size([1, 196, 128])
Empty layer features flattened shape for layer LPI-10: torch.Size([1, 25088])
Stimulus batch shape: (128,)
DataLoader created with batch size: 16
Extracted and cached features for model: xcit_nano_12_p16_224_classification
PID Results:
  red: 9.184934484325495
  unq1: 1.1123758349865653
  unq2: 0.5697057608427247
  syn: 1.1826048313453654
Mutual Information Results:
  tri_mi: 12.04962091150015
  bi_mi_1: 10.297310319312059
  bi_mi_2: 9.754640245168218
Completed PID for pair: hardcorenas_f_classification, xcit_nano_12_p16_224_classification. Results appended to /home/ohadshee/Desktop/Partial-Information-Decomposition/pipeline/analysis/pca_analysis/all_models_pairwise/pairwise_pid_results_srp_pca.csv
Model options for swin_large_patch4_window7_224_classification: {'model_name': 'swin_large_patch4_window7_224', 'train_type': 'classification', 'train_data': 'imagenet', 'model_source': 'timm', 'call': "get_timm_model('swin_large_patch4_window7_224', pretrained = True)"}
Image transforms for swin_large_patch4_window7_224_classification: Compose(
    Resize(size=(224, 224), interpolation=bicubic, max_size=None, antialias=True)
    MaybeToTensor()
    Normalize(mean=tensor([0.4850, 0.4560, 0.4060]), std=tensor([0.2290, 0.2240, 0.2250]))
)
Loaded model: swin_large_patch4_window7_224_classification
Ordered layers from model: ['Conv2d-1', 'LayerNorm-1', 'PatchEmbed-1', 'Identity-1', 'LayerNorm-2', 'Identity-2', 'LayerNorm-3', 'Linear-3', 'GELU-1', 'Dropout-3', 'Identity-3', 'Linear-4', 'Dropout-4', 'Mlp-1', 'Identity-4', 'SwinTransformerBlock-1', 'LayerNorm-4', 'DropPath-1', 'LayerNorm-5', 'Linear-7', 'GELU-2', 'Dropout-7', 'Identity-5', 'Linear-8', 'Dropout-8', 'Mlp-2', 'DropPath-2', 'SwinTransformerBlock-2', 'SwinTransformerStage-1', 'LayerNorm-6', 'Linear-9', 'PatchMerging-1', 'LayerNorm-7', 'DropPath-3', 'LayerNorm-8', 'Linear-12', 'GELU-3', 'Dropout-11', 'Identity-6', 'Linear-13', 'Dropout-12', 'Mlp-3', 'DropPath-4', 'SwinTransformerBlock-3', 'LayerNorm-9', 'DropPath-5', 'LayerNorm-10', 'Linear-16', 'GELU-4', 'Dropout-15', 'Identity-7', 'Linear-17', 'Dropout-16', 'Mlp-4', 'DropPath-6', 'SwinTransformerBlock-4', 'SwinTransformerStage-2', 'LayerNorm-11', 'Linear-18', 'PatchMerging-2', 'LayerNorm-12', 'DropPath-7', 'LayerNorm-13', 'Linear-21', 'GELU-5', 'Dropout-19', 'Identity-8', 'Linear-22', 'Dropout-20', 'Mlp-5', 'DropPath-8', 'SwinTransformerBlock-5', 'LayerNorm-14', 'DropPath-9', 'LayerNorm-15', 'Linear-25', 'GELU-6', 'Dropout-23', 'Identity-9', 'Linear-26', 'Dropout-24', 'Mlp-6', 'DropPath-10', 'SwinTransformerBlock-6', 'LayerNorm-16', 'DropPath-11', 'LayerNorm-17', 'Linear-29', 'GELU-7', 'Dropout-27', 'Identity-10', 'Linear-30', 'Dropout-28', 'Mlp-7', 'DropPath-12', 'SwinTransformerBlock-7', 'LayerNorm-18', 'DropPath-13', 'LayerNorm-19', 'Linear-33', 'GELU-8', 'Dropout-31', 'Identity-11', 'Linear-34', 'Dropout-32', 'Mlp-8', 'DropPath-14', 'SwinTransformerBlock-8', 'LayerNorm-20', 'DropPath-15', 'LayerNorm-21', 'Linear-37', 'GELU-9', 'Dropout-35', 'Identity-12', 'Linear-38', 'Dropout-36', 'Mlp-9', 'DropPath-16', 'SwinTransformerBlock-9', 'LayerNorm-22', 'DropPath-17', 'LayerNorm-23', 'Linear-41', 'GELU-10', 'Dropout-39', 'Identity-13', 'Linear-42', 'Dropout-40', 'Mlp-10', 'DropPath-18', 'SwinTransformerBlock-10', 'LayerNorm-24', 'DropPath-19', 'LayerNorm-25', 'Linear-45', 'GELU-11', 'Dropout-43', 'Identity-14', 'Linear-46', 'Dropout-44', 'Mlp-11', 'DropPath-20', 'SwinTransformerBlock-11', 'LayerNorm-26', 'DropPath-21', 'LayerNorm-27', 'Linear-49', 'GELU-12', 'Dropout-47', 'Identity-15', 'Linear-50', 'Dropout-48', 'Mlp-12', 'DropPath-22', 'SwinTransformerBlock-12', 'LayerNorm-28', 'DropPath-23', 'LayerNorm-29', 'Linear-53', 'GELU-13', 'Dropout-51', 'Identity-16', 'Linear-54', 'Dropout-52', 'Mlp-13', 'DropPath-24', 'SwinTransformerBlock-13', 'LayerNorm-30', 'DropPath-25', 'LayerNorm-31', 'Linear-57', 'GELU-14', 'Dropout-55', 'Identity-17', 'Linear-58', 'Dropout-56', 'Mlp-14', 'DropPath-26', 'SwinTransformerBlock-14', 'LayerNorm-32', 'DropPath-27', 'LayerNorm-33', 'Linear-61', 'GELU-15', 'Dropout-59', 'Identity-18', 'Linear-62', 'Dropout-60', 'Mlp-15', 'DropPath-28', 'SwinTransformerBlock-15', 'LayerNorm-34', 'DropPath-29', 'LayerNorm-35', 'Linear-65', 'GELU-16', 'Dropout-63', 'Identity-19', 'Linear-66', 'Dropout-64', 'Mlp-16', 'DropPath-30', 'SwinTransformerBlock-16', 'LayerNorm-36', 'DropPath-31', 'LayerNorm-37', 'Linear-69', 'GELU-17', 'Dropout-67', 'Identity-20', 'Linear-70', 'Dropout-68', 'Mlp-17', 'DropPath-32', 'SwinTransformerBlock-17', 'LayerNorm-38', 'DropPath-33', 'LayerNorm-39', 'Linear-73', 'GELU-18', 'Dropout-71', 'Identity-21', 'Linear-74', 'Dropout-72', 'Mlp-18', 'DropPath-34', 'SwinTransformerBlock-18', 'LayerNorm-40', 'DropPath-35', 'LayerNorm-41', 'Linear-77', 'GELU-19', 'Dropout-75', 'Identity-22', 'Linear-78', 'Dropout-76', 'Mlp-19', 'DropPath-36', 'SwinTransformerBlock-19', 'LayerNorm-42', 'DropPath-37', 'LayerNorm-43', 'Linear-81', 'GELU-20', 'Dropout-79', 'Identity-23', 'Linear-82', 'Dropout-80', 'Mlp-20', 'DropPath-38', 'SwinTransformerBlock-20', 'LayerNorm-44', 'DropPath-39', 'LayerNorm-45', 'Linear-85', 'GELU-21', 'Dropout-83', 'Identity-24', 'Linear-86', 'Dropout-84', 'Mlp-21', 'DropPath-40', 'SwinTransformerBlock-21', 'LayerNorm-46', 'DropPath-41', 'LayerNorm-47', 'Linear-89', 'GELU-22', 'Dropout-87', 'Identity-25', 'Linear-90', 'Dropout-88', 'Mlp-22', 'DropPath-42', 'SwinTransformerBlock-22', 'SwinTransformerStage-3', 'LayerNorm-48', 'Linear-91', 'PatchMerging-3', 'LayerNorm-49', 'Linear-92', 'Softmax-23', 'Dropout-89', 'Linear-93', 'Dropout-90', 'WindowAttention-23', 'DropPath-43', 'LayerNorm-50', 'Linear-94', 'GELU-23', 'Dropout-91', 'Identity-26', 'Linear-95', 'Dropout-92', 'Mlp-23', 'DropPath-44', 'SwinTransformerBlock-23', 'LayerNorm-51', 'Linear-96', 'Softmax-24', 'Dropout-93', 'Linear-97', 'Dropout-94', 'WindowAttention-24', 'DropPath-45', 'LayerNorm-52', 'Linear-98', 'GELU-24', 'Dropout-95', 'Identity-27', 'Linear-99', 'Dropout-96', 'Mlp-24', 'DropPath-46', 'SwinTransformerBlock-24', 'SwinTransformerStage-4', 'LayerNorm-53', 'FastAdaptiveAvgPool-1', 'Identity-28', 'SelectAdaptivePool2d-1', 'Dropout-97', 'Linear-100', 'Identity-29', 'ClassifierHead-1', 'SwinTransformer-29']
Total number of layers: 326
Empty layer shape for layer Linear-92: torch.Size([1, 49, 4608])
Empty layer features flattened shape for layer Linear-92: torch.Size([1, 225792])
Stimulus batch shape: (128,)
DataLoader created with batch size: 16
Extracted and cached features for model: swin_large_patch4_window7_224_classification
PID Results:
  red: 9.643256562587569
  unq1: 0.6540537567244904
  unq2: 1.3298936640757084
  syn: 1.1865118215592982
Mutual Information Results:
  tri_mi: 12.813715804947066
  bi_mi_1: 10.297310319312059
  bi_mi_2: 10.973150226663277
Completed PID for pair: hardcorenas_f_classification, swin_large_patch4_window7_224_classification. Results appended to /home/ohadshee/Desktop/Partial-Information-Decomposition/pipeline/analysis/pca_analysis/all_models_pairwise/pairwise_pid_results_srp_pca.csv
Model options for jx_nest_tiny_classification: {'model_name': 'jx_nest_tiny', 'train_type': 'classification', 'train_data': 'imagenet', 'model_source': 'timm', 'call': "get_timm_model('jx_nest_tiny', pretrained = True)"}
Image transforms for jx_nest_tiny_classification: Compose(
    Resize(size=(224, 224), interpolation=bicubic, max_size=None, antialias=True)
    MaybeToTensor()
    Normalize(mean=tensor([0.4850, 0.4560, 0.4060]), std=tensor([0.2290, 0.2240, 0.2250]))
)
Loaded model: jx_nest_tiny_classification
Ordered layers from model: ['Conv2d-1', 'Identity-1', 'PatchEmbed-1', 'Identity-2', 'LayerNorm-1', 'Linear-1', 'Linear-2', 'Dropout-1', 'Attention-1', 'Identity-3', 'LayerNorm-2', 'Linear-3', 'GELU-1', 'Dropout-2', 'Identity-4', 'Linear-4', 'Dropout-3', 'Mlp-1', 'Identity-5', 'TransformerLayer-1', 'LayerNorm-3', 'Linear-5', 'Linear-6', 'Dropout-4', 'Attention-2', 'DropPath-1', 'LayerNorm-4', 'Linear-7', 'GELU-2', 'Dropout-5', 'Identity-6', 'Linear-8', 'Dropout-6', 'Mlp-2', 'DropPath-2', 'TransformerLayer-2', 'NestLevel-1', 'Conv2d-2', 'LayerNorm-5', 'MaxPool2dSame-1', 'ConvPool-1', 'LayerNorm-6', 'Linear-9', 'Linear-10', 'Dropout-7', 'Attention-3', 'DropPath-3', 'LayerNorm-7', 'Linear-11', 'GELU-3', 'Dropout-8', 'Identity-7', 'Linear-12', 'Dropout-9', 'Mlp-3', 'DropPath-4', 'TransformerLayer-3', 'LayerNorm-8', 'Linear-13', 'Linear-14', 'Dropout-10', 'Attention-4', 'DropPath-5', 'LayerNorm-9', 'Linear-15', 'GELU-4', 'Dropout-11', 'Identity-8', 'Linear-16', 'Dropout-12', 'Mlp-4', 'DropPath-6', 'TransformerLayer-4', 'NestLevel-2', 'Conv2d-3', 'LayerNorm-10', 'MaxPool2dSame-2', 'ConvPool-2', 'LayerNorm-11', 'Linear-17', 'Linear-18', 'Dropout-13', 'Attention-5', 'DropPath-7', 'LayerNorm-12', 'Linear-19', 'GELU-5', 'Dropout-14', 'Identity-9', 'Linear-20', 'Dropout-15', 'Mlp-5', 'DropPath-8', 'TransformerLayer-5', 'LayerNorm-13', 'Linear-21', 'Linear-22', 'Dropout-16', 'Attention-6', 'DropPath-9', 'LayerNorm-14', 'Linear-23', 'GELU-6', 'Dropout-17', 'Identity-10', 'Linear-24', 'Dropout-18', 'Mlp-6', 'DropPath-10', 'TransformerLayer-6', 'LayerNorm-15', 'Linear-25', 'Linear-26', 'Dropout-19', 'Attention-7', 'DropPath-11', 'LayerNorm-16', 'Linear-27', 'GELU-7', 'Dropout-20', 'Identity-11', 'Linear-28', 'Dropout-21', 'Mlp-7', 'DropPath-12', 'TransformerLayer-7', 'LayerNorm-17', 'Linear-29', 'Linear-30', 'Dropout-22', 'Attention-8', 'DropPath-13', 'LayerNorm-18', 'Linear-31', 'GELU-8', 'Dropout-23', 'Identity-12', 'Linear-32', 'Dropout-24', 'Mlp-8', 'DropPath-14', 'TransformerLayer-8', 'LayerNorm-19', 'Linear-33', 'Linear-34', 'Dropout-25', 'Attention-9', 'DropPath-15', 'LayerNorm-20', 'Linear-35', 'GELU-9', 'Dropout-26', 'Identity-13', 'Linear-36', 'Dropout-27', 'Mlp-9', 'DropPath-16', 'TransformerLayer-9', 'LayerNorm-21', 'Linear-37', 'Linear-38', 'Dropout-28', 'Attention-10', 'DropPath-17', 'LayerNorm-22', 'Linear-39', 'GELU-10', 'Dropout-29', 'Identity-14', 'Linear-40', 'Dropout-30', 'Mlp-10', 'DropPath-18', 'TransformerLayer-10', 'LayerNorm-23', 'Linear-41', 'Linear-42', 'Dropout-31', 'Attention-11', 'DropPath-19', 'LayerNorm-24', 'Linear-43', 'GELU-11', 'Dropout-32', 'Identity-15', 'Linear-44', 'Dropout-33', 'Mlp-11', 'DropPath-20', 'TransformerLayer-11', 'LayerNorm-25', 'Linear-45', 'Linear-46', 'Dropout-34', 'Attention-12', 'DropPath-21', 'LayerNorm-26', 'Linear-47', 'GELU-12', 'Dropout-35', 'Identity-16', 'Linear-48', 'Dropout-36', 'Mlp-12', 'DropPath-22', 'TransformerLayer-12', 'NestLevel-3', 'LayerNorm-27', 'AdaptiveAvgPool2d-1', 'Flatten-1', 'SelectAdaptivePool2d-1', 'Dropout-37', 'Linear-49', 'Nest-4']
Total number of layers: 214
Empty layer shape for layer LayerNorm-20: torch.Size([1, 1, 196, 384])
Empty layer features flattened shape for layer LayerNorm-20: torch.Size([1, 75264])
Stimulus batch shape: (128,)
DataLoader created with batch size: 16
Extracted and cached features for model: jx_nest_tiny_classification
PID Results:
  red: 9.778098458129087
  unq1: 0.5192118611829706
  unq2: 1.178979686259071
  syn: 1.0812128738036044
Mutual Information Results:
  tri_mi: 12.557502879374734
  bi_mi_1: 10.297310319312059
  bi_mi_2: 10.95707814438816
Completed PID for pair: hardcorenas_f_classification, jx_nest_tiny_classification. Results appended to /home/ohadshee/Desktop/Partial-Information-Decomposition/pipeline/analysis/pca_analysis/all_models_pairwise/pairwise_pid_results_srp_pca.csv
Model options for pit_ti_224_classification: {'model_name': 'pit_ti_224', 'train_type': 'classification', 'train_data': 'imagenet', 'model_source': 'timm', 'call': "get_timm_model('pit_ti_224', pretrained = True)"}
Image transforms for pit_ti_224_classification: Compose(
    Resize(size=(224, 224), interpolation=bicubic, max_size=None, antialias=True)
    MaybeToTensor()
    Normalize(mean=tensor([0.4850, 0.4560, 0.4060]), std=tensor([0.2290, 0.2240, 0.2250]))
)
Loaded model: pit_ti_224_classification
Ordered layers from model: ['Conv2d-1', 'ConvEmbedding-1', 'Dropout-1', 'Identity-1', 'LayerNorm-1', 'Linear-1', 'Identity-2', 'Identity-3', 'Identity-4', 'Linear-2', 'Dropout-2', 'Attention-1', 'Identity-5', 'Identity-6', 'LayerNorm-2', 'Linear-3', 'GELU-1', 'Dropout-3', 'Identity-7', 'Linear-4', 'Dropout-4', 'Mlp-1', 'Identity-8', 'Identity-9', 'Block-1', 'LayerNorm-3', 'Linear-5', 'Identity-10', 'Identity-11', 'Identity-12', 'Linear-6', 'Dropout-5', 'Attention-2', 'Identity-13', 'Identity-14', 'LayerNorm-4', 'Linear-7', 'GELU-2', 'Dropout-6', 'Identity-15', 'Linear-8', 'Dropout-7', 'Mlp-2', 'Identity-16', 'Identity-17', 'Block-2', 'Transformer-1-1', 'Transformer-1-2', 'Conv2d-2', 'Linear-9', 'Pooling-1-1', 'Pooling-1-2', 'Identity-18', 'LayerNorm-5', 'Linear-10', 'Identity-19', 'Identity-20', 'Identity-21', 'Linear-11', 'Dropout-8', 'Attention-3', 'Identity-22', 'Identity-23', 'LayerNorm-6', 'Linear-12', 'GELU-3', 'Dropout-9', 'Identity-24', 'Linear-13', 'Dropout-10', 'Mlp-3', 'Identity-25', 'Identity-26', 'Block-3', 'LayerNorm-7', 'Linear-14', 'Identity-27', 'Identity-28', 'Identity-29', 'Linear-15', 'Dropout-11', 'Attention-4', 'Identity-30', 'Identity-31', 'LayerNorm-8', 'Linear-16', 'GELU-4', 'Dropout-12', 'Identity-32', 'Linear-17', 'Dropout-13', 'Mlp-4', 'Identity-33', 'Identity-34', 'Block-4', 'LayerNorm-9', 'Linear-18', 'Identity-35', 'Identity-36', 'Identity-37', 'Linear-19', 'Dropout-14', 'Attention-5', 'Identity-38', 'Identity-39', 'LayerNorm-10', 'Linear-20', 'GELU-5', 'Dropout-15', 'Identity-40', 'Linear-21', 'Dropout-16', 'Mlp-5', 'Identity-41', 'Identity-42', 'Block-5', 'LayerNorm-11', 'Linear-22', 'Identity-43', 'Identity-44', 'Identity-45', 'Linear-23', 'Dropout-17', 'Attention-6', 'Identity-46', 'Identity-47', 'LayerNorm-12', 'Linear-24', 'GELU-6', 'Dropout-18', 'Identity-48', 'Linear-25', 'Dropout-19', 'Mlp-6', 'Identity-49', 'Identity-50', 'Block-6', 'LayerNorm-13', 'Linear-26', 'Identity-51', 'Identity-52', 'Identity-53', 'Linear-27', 'Dropout-20', 'Attention-7', 'Identity-54', 'Identity-55', 'LayerNorm-14', 'Linear-28', 'GELU-7', 'Dropout-21', 'Identity-56', 'Linear-29', 'Dropout-22', 'Mlp-7', 'Identity-57', 'Identity-58', 'Block-7', 'LayerNorm-15', 'Linear-30', 'Identity-59', 'Identity-60', 'Identity-61', 'Linear-31', 'Dropout-23', 'Attention-8', 'Identity-62', 'Identity-63', 'LayerNorm-16', 'Linear-32', 'GELU-8', 'Dropout-24', 'Identity-64', 'Linear-33', 'Dropout-25', 'Mlp-8', 'Identity-65', 'Identity-66', 'Block-8', 'Transformer-3-1', 'Transformer-3-2', 'Conv2d-3', 'Linear-34', 'Pooling-3-1', 'Pooling-3-2', 'Identity-67', 'LayerNorm-17', 'Linear-35', 'Identity-68', 'Identity-69', 'Identity-70', 'Linear-36', 'Dropout-26', 'Attention-9', 'Identity-71', 'Identity-72', 'LayerNorm-18', 'Linear-37', 'GELU-9', 'Dropout-27', 'Identity-73', 'Linear-38', 'Dropout-28', 'Mlp-9', 'Identity-74', 'Identity-75', 'Block-9', 'LayerNorm-19', 'Linear-39', 'Identity-76', 'Identity-77', 'Identity-78', 'Linear-40', 'Dropout-29', 'Attention-10', 'Identity-79', 'Identity-80', 'LayerNorm-20', 'Linear-41', 'GELU-10', 'Dropout-30', 'Identity-81', 'Linear-42', 'Dropout-31', 'Mlp-10', 'Identity-82', 'Identity-83', 'Block-10', 'LayerNorm-21', 'Linear-43', 'Identity-84', 'Identity-85', 'Identity-86', 'Linear-44', 'Dropout-32', 'Attention-11', 'Identity-87', 'Identity-88', 'LayerNorm-22', 'Linear-45', 'GELU-11', 'Dropout-33', 'Identity-89', 'Linear-46', 'Dropout-34', 'Mlp-11', 'Identity-90', 'Identity-91', 'Block-11', 'LayerNorm-23', 'Linear-47', 'Identity-92', 'Identity-93', 'Identity-94', 'Linear-48', 'Dropout-35', 'Attention-12', 'Identity-95', 'Identity-96', 'LayerNorm-24', 'Linear-49', 'GELU-12', 'Dropout-36', 'Identity-97', 'Linear-50', 'Dropout-37', 'Mlp-12', 'Identity-98', 'Identity-99', 'Block-12', 'Transformer-5-1', 'Transformer-5-2', 'LayerNorm-25', 'Dropout-38', 'Linear-51', 'PoolingVisionTransformer-1']
Total number of layers: 276
Empty layer shape for layer LayerNorm-19: torch.Size([1, 50, 256])
Empty layer features flattened shape for layer LayerNorm-19: torch.Size([1, 12800])
Stimulus batch shape: (128,)
DataLoader created with batch size: 16
Extracted and cached features for model: pit_ti_224_classification
PID Results:
  red: 9.627321814491728
  unq1: 0.6699885048203313
  unq2: 0.8387173067642415
  syn: 1.0563467725184612
Mutual Information Results:
  tri_mi: 12.192374398594762
  bi_mi_1: 10.297310319312059
  bi_mi_2: 10.46603912125597
Completed PID for pair: hardcorenas_f_classification, pit_ti_224_classification. Results appended to /home/ohadshee/Desktop/Partial-Information-Decomposition/pipeline/analysis/pca_analysis/all_models_pairwise/pairwise_pid_results_srp_pca.csv
Model options for vit_base_patch32_224_classification: {'model_name': 'vit_base_patch32_224', 'train_type': 'classification', 'train_data': 'imagenet', 'model_source': 'timm', 'call': "get_timm_model('vit_base_patch32_224', pretrained = True)"}
Image transforms for vit_base_patch32_224_classification: Compose(
    Resize(size=(224, 224), interpolation=bicubic, max_size=None, antialias=True)
    MaybeToTensor()
    Normalize(mean=tensor([0.4850, 0.4560, 0.4060]), std=tensor([0.2290, 0.2240, 0.2250]))
)
Loaded model: vit_base_patch32_224_classification
Ordered layers from model: ['Conv2d-1', 'Identity-1', 'PatchEmbed-1', 'Dropout-1', 'Identity-2', 'Identity-3', 'LayerNorm-1', 'Linear-1', 'Identity-4', 'Identity-5', 'Identity-6', 'Linear-2', 'Dropout-2', 'Attention-1', 'Identity-7', 'Identity-8', 'LayerNorm-2', 'Linear-3', 'GELU-1', 'Dropout-3', 'Identity-9', 'Linear-4', 'Dropout-4', 'Mlp-1', 'Identity-10', 'Identity-11', 'Block-1', 'LayerNorm-3', 'Linear-5', 'Identity-12', 'Identity-13', 'Identity-14', 'Linear-6', 'Dropout-5', 'Attention-2', 'Identity-15', 'Identity-16', 'LayerNorm-4', 'Linear-7', 'GELU-2', 'Dropout-6', 'Identity-17', 'Linear-8', 'Dropout-7', 'Mlp-2', 'Identity-18', 'Identity-19', 'Block-2', 'LayerNorm-5', 'Linear-9', 'Identity-20', 'Identity-21', 'Identity-22', 'Linear-10', 'Dropout-8', 'Attention-3', 'Identity-23', 'Identity-24', 'LayerNorm-6', 'Linear-11', 'GELU-3', 'Dropout-9', 'Identity-25', 'Linear-12', 'Dropout-10', 'Mlp-3', 'Identity-26', 'Identity-27', 'Block-3', 'LayerNorm-7', 'Linear-13', 'Identity-28', 'Identity-29', 'Identity-30', 'Linear-14', 'Dropout-11', 'Attention-4', 'Identity-31', 'Identity-32', 'LayerNorm-8', 'Linear-15', 'GELU-4', 'Dropout-12', 'Identity-33', 'Linear-16', 'Dropout-13', 'Mlp-4', 'Identity-34', 'Identity-35', 'Block-4', 'LayerNorm-9', 'Linear-17', 'Identity-36', 'Identity-37', 'Identity-38', 'Linear-18', 'Dropout-14', 'Attention-5', 'Identity-39', 'Identity-40', 'LayerNorm-10', 'Linear-19', 'GELU-5', 'Dropout-15', 'Identity-41', 'Linear-20', 'Dropout-16', 'Mlp-5', 'Identity-42', 'Identity-43', 'Block-5', 'LayerNorm-11', 'Linear-21', 'Identity-44', 'Identity-45', 'Identity-46', 'Linear-22', 'Dropout-17', 'Attention-6', 'Identity-47', 'Identity-48', 'LayerNorm-12', 'Linear-23', 'GELU-6', 'Dropout-18', 'Identity-49', 'Linear-24', 'Dropout-19', 'Mlp-6', 'Identity-50', 'Identity-51', 'Block-6', 'LayerNorm-13', 'Linear-25', 'Identity-52', 'Identity-53', 'Identity-54', 'Linear-26', 'Dropout-20', 'Attention-7', 'Identity-55', 'Identity-56', 'LayerNorm-14', 'Linear-27', 'GELU-7', 'Dropout-21', 'Identity-57', 'Linear-28', 'Dropout-22', 'Mlp-7', 'Identity-58', 'Identity-59', 'Block-7', 'LayerNorm-15', 'Linear-29', 'Identity-60', 'Identity-61', 'Identity-62', 'Linear-30', 'Dropout-23', 'Attention-8', 'Identity-63', 'Identity-64', 'LayerNorm-16', 'Linear-31', 'GELU-8', 'Dropout-24', 'Identity-65', 'Linear-32', 'Dropout-25', 'Mlp-8', 'Identity-66', 'Identity-67', 'Block-8', 'LayerNorm-17', 'Linear-33', 'Identity-68', 'Identity-69', 'Identity-70', 'Linear-34', 'Dropout-26', 'Attention-9', 'Identity-71', 'Identity-72', 'LayerNorm-18', 'Linear-35', 'GELU-9', 'Dropout-27', 'Identity-73', 'Linear-36', 'Dropout-28', 'Mlp-9', 'Identity-74', 'Identity-75', 'Block-9', 'LayerNorm-19', 'Linear-37', 'Identity-76', 'Identity-77', 'Identity-78', 'Linear-38', 'Dropout-29', 'Attention-10', 'Identity-79', 'Identity-80', 'LayerNorm-20', 'Linear-39', 'GELU-10', 'Dropout-30', 'Identity-81', 'Linear-40', 'Dropout-31', 'Mlp-10', 'Identity-82', 'Identity-83', 'Block-10', 'LayerNorm-21', 'Linear-41', 'Identity-84', 'Identity-85', 'Identity-86', 'Linear-42', 'Dropout-32', 'Attention-11', 'Identity-87', 'Identity-88', 'LayerNorm-22', 'Linear-43', 'GELU-11', 'Dropout-33', 'Identity-89', 'Linear-44', 'Dropout-34', 'Mlp-11', 'Identity-90', 'Identity-91', 'Block-11', 'LayerNorm-23', 'Linear-45', 'Identity-92', 'Identity-93', 'Identity-94', 'Linear-46', 'Dropout-35', 'Attention-12', 'Identity-95', 'Identity-96', 'LayerNorm-24', 'Linear-47', 'GELU-12', 'Dropout-36', 'Identity-97', 'Linear-48', 'Dropout-37', 'Mlp-12', 'Identity-98', 'Identity-99', 'Block-12', 'LayerNorm-25', 'Identity-100', 'Dropout-38', 'Linear-49', 'VisionTransformer-1']
Total number of layers: 263
Empty layer shape for layer Identity-84: torch.Size([1, 12, 50, 64])
Empty layer features flattened shape for layer Identity-84: torch.Size([1, 38400])
Stimulus batch shape: (128,)
DataLoader created with batch size: 16
Extracted and cached features for model: vit_base_patch32_224_classification
PID Results:
  red: 9.148843677914765
  unq1: 1.1484666413972935
  unq2: 0.515677005240585
  syn: 1.1697282216125942
Mutual Information Results:
  tri_mi: 11.982715546165238
  bi_mi_1: 10.297310319312059
  bi_mi_2: 9.66452068315535
Completed PID for pair: hardcorenas_f_classification, vit_base_patch32_224_classification. Results appended to /home/ohadshee/Desktop/Partial-Information-Decomposition/pipeline/analysis/pca_analysis/all_models_pairwise/pairwise_pid_results_srp_pca.csv
Model options for vit_base_patch16_224_classification: {'model_name': 'vit_base_patch16_224', 'train_type': 'classification', 'train_data': 'imagenet', 'model_source': 'timm', 'call': "get_timm_model('vit_base_patch16_224', pretrained = True)"}
Image transforms for vit_base_patch16_224_classification: Compose(
    Resize(size=(224, 224), interpolation=bicubic, max_size=None, antialias=True)
    MaybeToTensor()
    Normalize(mean=tensor([0.4850, 0.4560, 0.4060]), std=tensor([0.2290, 0.2240, 0.2250]))
)
Loaded model: vit_base_patch16_224_classification
Ordered layers from model: ['Conv2d-1', 'Identity-1', 'PatchEmbed-1', 'Dropout-1', 'Identity-2', 'Identity-3', 'LayerNorm-1', 'Linear-1', 'Identity-4', 'Identity-5', 'Identity-6', 'Linear-2', 'Dropout-2', 'Attention-1', 'Identity-7', 'Identity-8', 'LayerNorm-2', 'Linear-3', 'GELU-1', 'Dropout-3', 'Identity-9', 'Linear-4', 'Dropout-4', 'Mlp-1', 'Identity-10', 'Identity-11', 'Block-1', 'LayerNorm-3', 'Linear-5', 'Identity-12', 'Identity-13', 'Identity-14', 'Linear-6', 'Dropout-5', 'Attention-2', 'Identity-15', 'Identity-16', 'LayerNorm-4', 'Linear-7', 'GELU-2', 'Dropout-6', 'Identity-17', 'Linear-8', 'Dropout-7', 'Mlp-2', 'Identity-18', 'Identity-19', 'Block-2', 'LayerNorm-5', 'Linear-9', 'Identity-20', 'Identity-21', 'Identity-22', 'Linear-10', 'Dropout-8', 'Attention-3', 'Identity-23', 'Identity-24', 'LayerNorm-6', 'Linear-11', 'GELU-3', 'Dropout-9', 'Identity-25', 'Linear-12', 'Dropout-10', 'Mlp-3', 'Identity-26', 'Identity-27', 'Block-3', 'LayerNorm-7', 'Linear-13', 'Identity-28', 'Identity-29', 'Identity-30', 'Linear-14', 'Dropout-11', 'Attention-4', 'Identity-31', 'Identity-32', 'LayerNorm-8', 'Linear-15', 'GELU-4', 'Dropout-12', 'Identity-33', 'Linear-16', 'Dropout-13', 'Mlp-4', 'Identity-34', 'Identity-35', 'Block-4', 'LayerNorm-9', 'Linear-17', 'Identity-36', 'Identity-37', 'Identity-38', 'Linear-18', 'Dropout-14', 'Attention-5', 'Identity-39', 'Identity-40', 'LayerNorm-10', 'Linear-19', 'GELU-5', 'Dropout-15', 'Identity-41', 'Linear-20', 'Dropout-16', 'Mlp-5', 'Identity-42', 'Identity-43', 'Block-5', 'LayerNorm-11', 'Linear-21', 'Identity-44', 'Identity-45', 'Identity-46', 'Linear-22', 'Dropout-17', 'Attention-6', 'Identity-47', 'Identity-48', 'LayerNorm-12', 'Linear-23', 'GELU-6', 'Dropout-18', 'Identity-49', 'Linear-24', 'Dropout-19', 'Mlp-6', 'Identity-50', 'Identity-51', 'Block-6', 'LayerNorm-13', 'Linear-25', 'Identity-52', 'Identity-53', 'Identity-54', 'Linear-26', 'Dropout-20', 'Attention-7', 'Identity-55', 'Identity-56', 'LayerNorm-14', 'Linear-27', 'GELU-7', 'Dropout-21', 'Identity-57', 'Linear-28', 'Dropout-22', 'Mlp-7', 'Identity-58', 'Identity-59', 'Block-7', 'LayerNorm-15', 'Linear-29', 'Identity-60', 'Identity-61', 'Identity-62', 'Linear-30', 'Dropout-23', 'Attention-8', 'Identity-63', 'Identity-64', 'LayerNorm-16', 'Linear-31', 'GELU-8', 'Dropout-24', 'Identity-65', 'Linear-32', 'Dropout-25', 'Mlp-8', 'Identity-66', 'Identity-67', 'Block-8', 'LayerNorm-17', 'Linear-33', 'Identity-68', 'Identity-69', 'Identity-70', 'Linear-34', 'Dropout-26', 'Attention-9', 'Identity-71', 'Identity-72', 'LayerNorm-18', 'Linear-35', 'GELU-9', 'Dropout-27', 'Identity-73', 'Linear-36', 'Dropout-28', 'Mlp-9', 'Identity-74', 'Identity-75', 'Block-9', 'LayerNorm-19', 'Linear-37', 'Identity-76', 'Identity-77', 'Identity-78', 'Linear-38', 'Dropout-29', 'Attention-10', 'Identity-79', 'Identity-80', 'LayerNorm-20', 'Linear-39', 'GELU-10', 'Dropout-30', 'Identity-81', 'Linear-40', 'Dropout-31', 'Mlp-10', 'Identity-82', 'Identity-83', 'Block-10', 'LayerNorm-21', 'Linear-41', 'Identity-84', 'Identity-85', 'Identity-86', 'Linear-42', 'Dropout-32', 'Attention-11', 'Identity-87', 'Identity-88', 'LayerNorm-22', 'Linear-43', 'GELU-11', 'Dropout-33', 'Identity-89', 'Linear-44', 'Dropout-34', 'Mlp-11', 'Identity-90', 'Identity-91', 'Block-11', 'LayerNorm-23', 'Linear-45', 'Identity-92', 'Identity-93', 'Identity-94', 'Linear-46', 'Dropout-35', 'Attention-12', 'Identity-95', 'Identity-96', 'LayerNorm-24', 'Linear-47', 'GELU-12', 'Dropout-36', 'Identity-97', 'Linear-48', 'Dropout-37', 'Mlp-12', 'Identity-98', 'Identity-99', 'Block-12', 'LayerNorm-25', 'Identity-100', 'Dropout-38', 'Linear-49', 'VisionTransformer-1']
Total number of layers: 263
Empty layer shape for layer Identity-76: torch.Size([1, 12, 197, 64])
Empty layer features flattened shape for layer Identity-76: torch.Size([1, 151296])
Stimulus batch shape: (128,)
DataLoader created with batch size: 16
Extracted and cached features for model: vit_base_patch16_224_classification
PID Results:
  red: 9.461836127137735
  unq1: 0.8354741921743241
  unq2: 0.6844336505841682
  syn: 1.1224239962878624
Mutual Information Results:
  tri_mi: 12.10416796618409
  bi_mi_1: 10.297310319312059
  bi_mi_2: 10.146269777721903
Completed PID for pair: hardcorenas_f_classification, vit_base_patch16_224_classification. Results appended to /home/ohadshee/Desktop/Partial-Information-Decomposition/pipeline/analysis/pca_analysis/all_models_pairwise/pairwise_pid_results_srp_pca.csv
Model options for tnt_s_patch16_224_classification: {'model_name': 'tnt_s_patch16_224', 'train_type': 'classification', 'train_data': 'imagenet', 'model_source': 'timm', 'call': "get_timm_model('tnt_s_patch16_224', pretrained = True)"}
Image transforms for tnt_s_patch16_224_classification: Compose(
    Resize(size=(224, 224), interpolation=bicubic, max_size=None, antialias=True)
    MaybeToTensor()
    Normalize(mean=tensor([0.4850, 0.4560, 0.4060]), std=tensor([0.2290, 0.2240, 0.2250]))
)
Loaded model: tnt_s_patch16_224_classification
Ordered layers from model: ['Unfold-1', 'LayerNorm-1', 'Linear-1', 'LayerNorm-2', 'Dropout-1', 'LayerNorm-5', 'Linear-7', 'LayerNorm-6', 'LayerNorm-7', 'Linear-8', 'Linear-9', 'Dropout-6', 'Linear-10', 'Dropout-7', 'Attention-2', 'Identity-4', 'LayerNorm-8', 'Linear-11', 'GELU-2', 'Dropout-8', 'Identity-5', 'Linear-12', 'Dropout-9', 'Mlp-2', 'Identity-6', 'Block-1-2', 'LayerNorm-11', 'Linear-18', 'LayerNorm-12', 'LayerNorm-13', 'Linear-19', 'Linear-20', 'Dropout-14', 'Linear-21', 'Dropout-15', 'Attention-4', 'Identity-10', 'LayerNorm-14', 'Linear-22', 'GELU-4', 'Dropout-16', 'Identity-11', 'Linear-23', 'Dropout-17', 'Mlp-4', 'Identity-12', 'Block-3-2', 'LayerNorm-17', 'Linear-29', 'LayerNorm-18', 'LayerNorm-19', 'Linear-30', 'Linear-31', 'Dropout-22', 'Linear-32', 'Dropout-23', 'Attention-6', 'Identity-16', 'LayerNorm-20', 'Linear-33', 'GELU-6', 'Dropout-24', 'Identity-17', 'Linear-34', 'Dropout-25', 'Mlp-6', 'Identity-18', 'Block-5-2', 'LayerNorm-23', 'Linear-40', 'LayerNorm-24', 'LayerNorm-25', 'Linear-41', 'Linear-42', 'Dropout-30', 'Linear-43', 'Dropout-31', 'Attention-8', 'Identity-22', 'LayerNorm-26', 'Linear-44', 'GELU-8', 'Dropout-32', 'Identity-23', 'Linear-45', 'Dropout-33', 'Mlp-8', 'Identity-24', 'Block-7-2', 'LayerNorm-29', 'Linear-51', 'LayerNorm-30', 'LayerNorm-31', 'Linear-52', 'Linear-53', 'Dropout-38', 'Linear-54', 'Dropout-39', 'Attention-10', 'Identity-28', 'LayerNorm-32', 'Linear-55', 'GELU-10', 'Dropout-40', 'Identity-29', 'Linear-56', 'Dropout-41', 'Mlp-10', 'Identity-30', 'Block-9-2', 'LayerNorm-35', 'Linear-62', 'LayerNorm-36', 'LayerNorm-37', 'Linear-63', 'Linear-64', 'Dropout-46', 'Linear-65', 'Dropout-47', 'Attention-12', 'Identity-34', 'LayerNorm-38', 'Linear-66', 'GELU-12', 'Dropout-48', 'Identity-35', 'Linear-67', 'Dropout-49', 'Mlp-12', 'Identity-36', 'Block-11-2', 'LayerNorm-41', 'Linear-73', 'LayerNorm-42', 'LayerNorm-43', 'Linear-74', 'Linear-75', 'Dropout-54', 'Linear-76', 'Dropout-55', 'Attention-14', 'Identity-40', 'LayerNorm-44', 'Linear-77', 'GELU-14', 'Dropout-56', 'Identity-41', 'Linear-78', 'Dropout-57', 'Mlp-14', 'Identity-42', 'Block-13-2', 'LayerNorm-47', 'Linear-84', 'LayerNorm-48', 'LayerNorm-49', 'Linear-85', 'Linear-86', 'Dropout-62', 'Linear-87', 'Dropout-63', 'Attention-16', 'Identity-46', 'LayerNorm-50', 'Linear-88', 'GELU-16', 'Dropout-64', 'Identity-47', 'Linear-89', 'Dropout-65', 'Mlp-16', 'Identity-48', 'Block-15-2', 'LayerNorm-53', 'Linear-95', 'LayerNorm-54', 'LayerNorm-55', 'Linear-96', 'Linear-97', 'Dropout-70', 'Linear-98', 'Dropout-71', 'Attention-18', 'Identity-52', 'LayerNorm-56', 'Linear-99', 'GELU-18', 'Dropout-72', 'Identity-53', 'Linear-100', 'Dropout-73', 'Mlp-18', 'Identity-54', 'Block-17-2', 'LayerNorm-59', 'Linear-106', 'LayerNorm-60', 'LayerNorm-61', 'Linear-107', 'Linear-108', 'Dropout-78', 'Linear-109', 'Dropout-79', 'Attention-20', 'Identity-58', 'LayerNorm-62', 'Linear-110', 'GELU-20', 'Dropout-80', 'Identity-59', 'Linear-111', 'Dropout-81', 'Mlp-20', 'Identity-60', 'Block-19-2', 'LayerNorm-65', 'Linear-117', 'LayerNorm-66', 'LayerNorm-67', 'Linear-118', 'Linear-119', 'Dropout-86', 'Linear-120', 'Dropout-87', 'Attention-22', 'Identity-64', 'LayerNorm-68', 'Linear-121', 'GELU-22', 'Dropout-88', 'Identity-65', 'Linear-122', 'Dropout-89', 'Mlp-22', 'Identity-66', 'Block-21-2', 'LayerNorm-71', 'Linear-128', 'LayerNorm-72', 'LayerNorm-73', 'Linear-129', 'Linear-130', 'Dropout-94', 'Linear-131', 'Dropout-95', 'Attention-24', 'Identity-70', 'LayerNorm-74', 'Linear-132', 'GELU-24', 'Dropout-96', 'Identity-71', 'Linear-133', 'Dropout-97', 'Mlp-24', 'Identity-72', 'Block-23-2', 'LayerNorm-75', 'Dropout-98', 'Linear-134', 'TNT-1']
Total number of layers: 261
Empty layer shape for layer Linear-107: torch.Size([1, 197, 768])
Empty layer features flattened shape for layer Linear-107: torch.Size([1, 151296])
Stimulus batch shape: (128,)
DataLoader created with batch size: 16
Extracted and cached features for model: tnt_s_patch16_224_classification
PID Results:
  red: 9.147690116110764
  unq1: 1.1496202032012945
  unq2: 0.49235915745525816
  syn: 1.157332120398257
Mutual Information Results:
  tri_mi: 11.947001597165574
  bi_mi_1: 10.297310319312059
  bi_mi_2: 9.640049273566023
Completed PID for pair: hardcorenas_f_classification, tnt_s_patch16_224_classification. Results appended to /home/ohadshee/Desktop/Partial-Information-Decomposition/pipeline/analysis/pca_analysis/all_models_pairwise/pairwise_pid_results_srp_pca.csv
Model options for crossvit_base_240_classification: {'model_name': 'crossvit_base_240', 'train_type': 'classification', 'train_data': 'imagenet', 'model_source': 'timm', 'call': "get_timm_model('crossvit_base_240', pretrained = True)"}
Image transforms for crossvit_base_240_classification: Compose(
    Resize(size=(224, 224), interpolation=bicubic, max_size=None, antialias=True)
    MaybeToTensor()
    Normalize(mean=tensor([0.4850, 0.4560, 0.4060]), std=tensor([0.2290, 0.2240, 0.2250]))
)
Loaded model: crossvit_base_240_classification
Ordered layers from model: ['Conv2d-1', 'PatchEmbed-1', 'Dropout-1', 'Conv2d-2', 'PatchEmbed-2', 'Dropout-2', 'LayerNorm-1', 'Linear-1', 'Identity-1', 'Identity-2', 'Identity-3', 'Linear-2', 'Dropout-3', 'Attention-1', 'Identity-4', 'Identity-5', 'LayerNorm-2', 'Linear-3', 'GELU-1', 'Dropout-4', 'Identity-6', 'Linear-4', 'Dropout-5', 'Mlp-1', 'Identity-7', 'Identity-8', 'Block-1', 'LayerNorm-3', 'Linear-5', 'Identity-9', 'Identity-10', 'Identity-11', 'Linear-6', 'Dropout-6', 'Attention-2', 'Identity-12', 'Identity-13', 'LayerNorm-4', 'Linear-7', 'GELU-2', 'Dropout-7', 'Identity-14', 'Linear-8', 'Dropout-8', 'Mlp-2', 'Identity-15', 'Identity-16', 'Block-2', 'LayerNorm-5', 'Linear-9', 'Identity-17', 'Identity-18', 'Identity-19', 'Linear-10', 'Dropout-9', 'Attention-3', 'Identity-20', 'Identity-21', 'LayerNorm-6', 'Linear-11', 'GELU-3', 'Dropout-10', 'Identity-22', 'Linear-12', 'Dropout-11', 'Mlp-3', 'Identity-23', 'Identity-24', 'Block-3', 'LayerNorm-7', 'Linear-13', 'Identity-25', 'Identity-26', 'Identity-27', 'Linear-14', 'Dropout-12', 'Attention-4', 'Identity-28', 'Identity-29', 'LayerNorm-8', 'Linear-15', 'GELU-4', 'Dropout-13', 'Identity-30', 'Linear-16', 'Dropout-14', 'Mlp-4', 'Identity-31', 'Identity-32', 'Block-4', 'LayerNorm-9', 'Linear-17', 'Identity-33', 'Identity-34', 'Identity-35', 'Linear-18', 'Dropout-15', 'Attention-5', 'Identity-36', 'Identity-37', 'LayerNorm-10', 'Linear-19', 'GELU-5', 'Dropout-16', 'Identity-38', 'Linear-20', 'Dropout-17', 'Mlp-5', 'Identity-39', 'Identity-40', 'Block-5', 'LayerNorm-11', 'GELU-6', 'Linear-21', 'LayerNorm-12', 'GELU-7', 'Linear-22', 'LayerNorm-13', 'Linear-23', 'Linear-24', 'Linear-25', 'Dropout-18', 'Linear-26', 'Dropout-19', 'CrossAttention-1', 'Identity-41', 'CrossAttentionBlock-1', 'LayerNorm-14', 'GELU-8', 'Linear-27', 'LayerNorm-15', 'Linear-28', 'Linear-29', 'Linear-30', 'Dropout-20', 'Linear-31', 'Dropout-21', 'CrossAttention-3', 'Identity-42', 'CrossAttentionBlock-2', 'LayerNorm-16', 'GELU-9', 'Linear-32', 'MultiScaleBlock-1-1', 'MultiScaleBlock-1-2', 'LayerNorm-17', 'Linear-33', 'Identity-43', 'Identity-44', 'Identity-45', 'Linear-34', 'Dropout-22', 'Attention-10', 'Identity-46', 'Identity-47', 'LayerNorm-18', 'Linear-35', 'GELU-10', 'Dropout-23', 'Identity-48', 'Linear-36', 'Dropout-24', 'Mlp-6', 'Identity-49', 'Identity-50', 'Block-10', 'LayerNorm-19', 'Linear-37', 'Identity-51', 'Identity-52', 'Identity-53', 'Linear-38', 'Dropout-25', 'Attention-11', 'Identity-54', 'Identity-55', 'LayerNorm-20', 'Linear-39', 'GELU-11', 'Dropout-26', 'Identity-56', 'Linear-40', 'Dropout-27', 'Mlp-7', 'Identity-57', 'Identity-58', 'Block-11', 'LayerNorm-21', 'Linear-41', 'Identity-59', 'Identity-60', 'Identity-61', 'Linear-42', 'Dropout-28', 'Attention-12', 'Identity-62', 'Identity-63', 'LayerNorm-22', 'Linear-43', 'GELU-12', 'Dropout-29', 'Identity-64', 'Linear-44', 'Dropout-30', 'Mlp-8', 'Identity-65', 'Identity-66', 'Block-12', 'LayerNorm-23', 'Linear-45', 'Identity-67', 'Identity-68', 'Identity-69', 'Linear-46', 'Dropout-31', 'Attention-13', 'Identity-70', 'Identity-71', 'LayerNorm-24', 'Linear-47', 'GELU-13', 'Dropout-32', 'Identity-72', 'Linear-48', 'Dropout-33', 'Mlp-9', 'Identity-73', 'Identity-74', 'Block-13', 'LayerNorm-25', 'Linear-49', 'Identity-75', 'Identity-76', 'Identity-77', 'Linear-50', 'Dropout-34', 'Attention-14', 'Identity-78', 'Identity-79', 'LayerNorm-26', 'Linear-51', 'GELU-14', 'Dropout-35', 'Identity-80', 'Linear-52', 'Dropout-36', 'Mlp-10', 'Identity-81', 'Identity-82', 'Block-14', 'LayerNorm-27', 'GELU-15', 'Linear-53', 'LayerNorm-28', 'GELU-16', 'Linear-54', 'LayerNorm-29', 'Linear-55', 'Linear-56', 'Linear-57', 'Dropout-37', 'Linear-58', 'Dropout-38', 'CrossAttention-5', 'Identity-83', 'CrossAttentionBlock-3', 'LayerNorm-30', 'GELU-17', 'Linear-59', 'LayerNorm-31', 'Linear-60', 'Linear-61', 'Linear-62', 'Dropout-39', 'Linear-63', 'Dropout-40', 'CrossAttention-7', 'Identity-84', 'CrossAttentionBlock-4', 'LayerNorm-32', 'GELU-18', 'Linear-64', 'MultiScaleBlock-3-1', 'MultiScaleBlock-3-2', 'LayerNorm-33', 'Linear-65', 'Identity-85', 'Identity-86', 'Identity-87', 'Linear-66', 'Dropout-41', 'Attention-19', 'Identity-88', 'Identity-89', 'LayerNorm-34', 'Linear-67', 'GELU-19', 'Dropout-42', 'Identity-90', 'Linear-68', 'Dropout-43', 'Mlp-11', 'Identity-91', 'Identity-92', 'Block-19', 'LayerNorm-35', 'Linear-69', 'Identity-93', 'Identity-94', 'Identity-95', 'Linear-70', 'Dropout-44', 'Attention-20', 'Identity-96', 'Identity-97', 'LayerNorm-36', 'Linear-71', 'GELU-20', 'Dropout-45', 'Identity-98', 'Linear-72', 'Dropout-46', 'Mlp-12', 'Identity-99', 'Identity-100', 'Block-20', 'LayerNorm-37', 'Linear-73', 'Identity-101', 'Identity-102', 'Identity-103', 'Linear-74', 'Dropout-47', 'Attention-21', 'Identity-104', 'Identity-105', 'LayerNorm-38', 'Linear-75', 'GELU-21', 'Dropout-48', 'Identity-106', 'Linear-76', 'Dropout-49', 'Mlp-13', 'Identity-107', 'Identity-108', 'Block-21', 'LayerNorm-39', 'Linear-77', 'Identity-109', 'Identity-110', 'Identity-111', 'Linear-78', 'Dropout-50', 'Attention-22', 'Identity-112', 'Identity-113', 'LayerNorm-40', 'Linear-79', 'GELU-22', 'Dropout-51', 'Identity-114', 'Linear-80', 'Dropout-52', 'Mlp-14', 'Identity-115', 'Identity-116', 'Block-22', 'LayerNorm-41', 'Linear-81', 'Identity-117', 'Identity-118', 'Identity-119', 'Linear-82', 'Dropout-53', 'Attention-23', 'Identity-120', 'Identity-121', 'LayerNorm-42', 'Linear-83', 'GELU-23', 'Dropout-54', 'Identity-122', 'Linear-84', 'Dropout-55', 'Mlp-15', 'Identity-123', 'Identity-124', 'Block-23', 'LayerNorm-43', 'GELU-24', 'Linear-85', 'LayerNorm-44', 'GELU-25', 'Linear-86', 'LayerNorm-45', 'Linear-87', 'Linear-88', 'Linear-89', 'Dropout-56', 'Linear-90', 'Dropout-57', 'CrossAttention-9', 'Identity-125', 'CrossAttentionBlock-5', 'LayerNorm-46', 'GELU-26', 'Linear-91', 'LayerNorm-47', 'Linear-92', 'Linear-93', 'Linear-94', 'Dropout-58', 'Linear-95', 'Dropout-59', 'CrossAttention-11', 'Identity-126', 'CrossAttentionBlock-6', 'LayerNorm-48', 'GELU-27', 'Linear-96', 'MultiScaleBlock-5-1', 'MultiScaleBlock-5-2', 'LayerNorm-49', 'LayerNorm-50', 'Dropout-60', 'Dropout-61', 'Linear-97', 'Linear-98', 'CrossVit-1']
Total number of layers: 430
Empty layer shape for layer LayerNorm-38: torch.Size([1, 197, 768])
Empty layer features flattened shape for layer LayerNorm-38: torch.Size([1, 151296])
Stimulus batch shape: (128,)
DataLoader created with batch size: 16
Extracted and cached features for model: crossvit_base_240_classification
PID Results:
  red: 9.42313997166686
  unq1: 0.8741703476451992
  unq2: 0.8465064715556547
  syn: 1.1250436678692388
Mutual Information Results:
  tri_mi: 12.268860458736953
  bi_mi_1: 10.297310319312059
  bi_mi_2: 10.269646443222515
Completed PID for pair: hardcorenas_f_classification, crossvit_base_240_classification. Results appended to /home/ohadshee/Desktop/Partial-Information-Decomposition/pipeline/analysis/pca_analysis/all_models_pairwise/pairwise_pid_results_srp_pca.csv
Model options for deit_base_patch16_224_classification: {'model_name': 'deit_base_patch16_224', 'train_type': 'classification', 'train_data': 'imagenet', 'model_source': 'timm', 'call': "get_timm_model('deit_base_patch16_224', pretrained = True)"}
Image transforms for deit_base_patch16_224_classification: Compose(
    Resize(size=(224, 224), interpolation=bicubic, max_size=None, antialias=True)
    MaybeToTensor()
    Normalize(mean=tensor([0.4850, 0.4560, 0.4060]), std=tensor([0.2290, 0.2240, 0.2250]))
)
Loaded model: deit_base_patch16_224_classification
Ordered layers from model: ['Conv2d-1', 'Identity-1', 'PatchEmbed-1', 'Dropout-1', 'Identity-2', 'Identity-3', 'LayerNorm-1', 'Linear-1', 'Identity-4', 'Identity-5', 'Identity-6', 'Linear-2', 'Dropout-2', 'Attention-1', 'Identity-7', 'Identity-8', 'LayerNorm-2', 'Linear-3', 'GELU-1', 'Dropout-3', 'Identity-9', 'Linear-4', 'Dropout-4', 'Mlp-1', 'Identity-10', 'Identity-11', 'Block-1', 'LayerNorm-3', 'Linear-5', 'Identity-12', 'Identity-13', 'Identity-14', 'Linear-6', 'Dropout-5', 'Attention-2', 'Identity-15', 'Identity-16', 'LayerNorm-4', 'Linear-7', 'GELU-2', 'Dropout-6', 'Identity-17', 'Linear-8', 'Dropout-7', 'Mlp-2', 'Identity-18', 'Identity-19', 'Block-2', 'LayerNorm-5', 'Linear-9', 'Identity-20', 'Identity-21', 'Identity-22', 'Linear-10', 'Dropout-8', 'Attention-3', 'Identity-23', 'Identity-24', 'LayerNorm-6', 'Linear-11', 'GELU-3', 'Dropout-9', 'Identity-25', 'Linear-12', 'Dropout-10', 'Mlp-3', 'Identity-26', 'Identity-27', 'Block-3', 'LayerNorm-7', 'Linear-13', 'Identity-28', 'Identity-29', 'Identity-30', 'Linear-14', 'Dropout-11', 'Attention-4', 'Identity-31', 'Identity-32', 'LayerNorm-8', 'Linear-15', 'GELU-4', 'Dropout-12', 'Identity-33', 'Linear-16', 'Dropout-13', 'Mlp-4', 'Identity-34', 'Identity-35', 'Block-4', 'LayerNorm-9', 'Linear-17', 'Identity-36', 'Identity-37', 'Identity-38', 'Linear-18', 'Dropout-14', 'Attention-5', 'Identity-39', 'Identity-40', 'LayerNorm-10', 'Linear-19', 'GELU-5', 'Dropout-15', 'Identity-41', 'Linear-20', 'Dropout-16', 'Mlp-5', 'Identity-42', 'Identity-43', 'Block-5', 'LayerNorm-11', 'Linear-21', 'Identity-44', 'Identity-45', 'Identity-46', 'Linear-22', 'Dropout-17', 'Attention-6', 'Identity-47', 'Identity-48', 'LayerNorm-12', 'Linear-23', 'GELU-6', 'Dropout-18', 'Identity-49', 'Linear-24', 'Dropout-19', 'Mlp-6', 'Identity-50', 'Identity-51', 'Block-6', 'LayerNorm-13', 'Linear-25', 'Identity-52', 'Identity-53', 'Identity-54', 'Linear-26', 'Dropout-20', 'Attention-7', 'Identity-55', 'Identity-56', 'LayerNorm-14', 'Linear-27', 'GELU-7', 'Dropout-21', 'Identity-57', 'Linear-28', 'Dropout-22', 'Mlp-7', 'Identity-58', 'Identity-59', 'Block-7', 'LayerNorm-15', 'Linear-29', 'Identity-60', 'Identity-61', 'Identity-62', 'Linear-30', 'Dropout-23', 'Attention-8', 'Identity-63', 'Identity-64', 'LayerNorm-16', 'Linear-31', 'GELU-8', 'Dropout-24', 'Identity-65', 'Linear-32', 'Dropout-25', 'Mlp-8', 'Identity-66', 'Identity-67', 'Block-8', 'LayerNorm-17', 'Linear-33', 'Identity-68', 'Identity-69', 'Identity-70', 'Linear-34', 'Dropout-26', 'Attention-9', 'Identity-71', 'Identity-72', 'LayerNorm-18', 'Linear-35', 'GELU-9', 'Dropout-27', 'Identity-73', 'Linear-36', 'Dropout-28', 'Mlp-9', 'Identity-74', 'Identity-75', 'Block-9', 'LayerNorm-19', 'Linear-37', 'Identity-76', 'Identity-77', 'Identity-78', 'Linear-38', 'Dropout-29', 'Attention-10', 'Identity-79', 'Identity-80', 'LayerNorm-20', 'Linear-39', 'GELU-10', 'Dropout-30', 'Identity-81', 'Linear-40', 'Dropout-31', 'Mlp-10', 'Identity-82', 'Identity-83', 'Block-10', 'LayerNorm-21', 'Linear-41', 'Identity-84', 'Identity-85', 'Identity-86', 'Linear-42', 'Dropout-32', 'Attention-11', 'Identity-87', 'Identity-88', 'LayerNorm-22', 'Linear-43', 'GELU-11', 'Dropout-33', 'Identity-89', 'Linear-44', 'Dropout-34', 'Mlp-11', 'Identity-90', 'Identity-91', 'Block-11', 'LayerNorm-23', 'Linear-45', 'Identity-92', 'Identity-93', 'Identity-94', 'Linear-46', 'Dropout-35', 'Attention-12', 'Identity-95', 'Identity-96', 'LayerNorm-24', 'Linear-47', 'GELU-12', 'Dropout-36', 'Identity-97', 'Linear-48', 'Dropout-37', 'Mlp-12', 'Identity-98', 'Identity-99', 'Block-12', 'LayerNorm-25', 'Identity-100', 'Dropout-38', 'Linear-49', 'VisionTransformer-1']
Total number of layers: 263
Empty layer shape for layer LayerNorm-20: torch.Size([1, 197, 768])
Empty layer features flattened shape for layer LayerNorm-20: torch.Size([1, 151296])
Stimulus batch shape: (128,)
DataLoader created with batch size: 16
Extracted and cached features for model: deit_base_patch16_224_classification
PID Results:
  red: 9.399694030395828
  unq1: 0.8976162889162289
  unq2: 0.8843307453629112
  syn: 1.1204032766049572
Mutual Information Results:
  tri_mi: 12.302044341279927
  bi_mi_1: 10.297310319312059
  bi_mi_2: 10.284024775758741
Completed PID for pair: hardcorenas_f_classification, deit_base_patch16_224_classification. Results appended to /home/ohadshee/Desktop/Partial-Information-Decomposition/pipeline/analysis/pca_analysis/all_models_pairwise/pairwise_pid_results_srp_pca.csv
Model options for levit_128_classification: {'model_name': 'levit_128', 'train_type': 'classification', 'train_data': 'imagenet', 'model_source': 'timm', 'call': "get_timm_model('levit_128', pretrained = True)"}
Image transforms for levit_128_classification: Compose(
    Resize(size=(224, 224), interpolation=bicubic, max_size=None, antialias=True)
    MaybeToTensor()
    Normalize(mean=tensor([0.4850, 0.4560, 0.4060]), std=tensor([0.2290, 0.2240, 0.2250]))
)
Loaded model: levit_128_classification
Ordered layers from model: ['Conv2d-1', 'BatchNorm2d-1', 'ConvNorm-1', 'Hardswish-1', 'Conv2d-2', 'BatchNorm2d-2', 'ConvNorm-2', 'Hardswish-2', 'Conv2d-3', 'BatchNorm2d-3', 'ConvNorm-3', 'Hardswish-3', 'Conv2d-4', 'BatchNorm2d-4', 'ConvNorm-4', 'Identity-1', 'Linear-1', 'LinearNorm-1', 'Hardswish-4', 'Linear-3', 'LinearNorm-2', 'Attention-1', 'Identity-2', 'Linear-5', 'LinearNorm-3', 'Hardswish-5', 'Dropout-1', 'Linear-7', 'LinearNorm-4', 'LevitMlp-1', 'Identity-3', 'LevitBlock-1', 'Linear-9', 'LinearNorm-5', 'Hardswish-6', 'Linear-11', 'LinearNorm-6', 'Attention-2', 'Identity-4', 'Linear-13', 'LinearNorm-7', 'Hardswish-7', 'Dropout-2', 'Linear-15', 'LinearNorm-8', 'LevitMlp-2', 'Identity-5', 'LevitBlock-2', 'Linear-17', 'LinearNorm-9', 'Hardswish-8', 'Linear-19', 'LinearNorm-10', 'Attention-3', 'Identity-6', 'Linear-21', 'LinearNorm-11', 'Hardswish-9', 'Dropout-3', 'Linear-23', 'LinearNorm-12', 'LevitMlp-3', 'Identity-7', 'LevitBlock-3', 'Linear-25', 'LinearNorm-13', 'Hardswish-10', 'Linear-27', 'LinearNorm-14', 'Attention-4', 'Identity-8', 'Linear-29', 'LinearNorm-15', 'Hardswish-11', 'Dropout-4', 'Linear-31', 'LinearNorm-16', 'LevitMlp-4', 'Identity-9', 'LevitBlock-4', 'LevitStage-1', 'Linear-33', 'LinearNorm-17', 'Downsample-1', 'Linear-35', 'LinearNorm-18', 'Hardswish-12', 'Linear-37', 'LinearNorm-19', 'AttentionDownsample-1', 'Linear-39', 'LinearNorm-20', 'Hardswish-13', 'Dropout-5', 'Linear-41', 'LinearNorm-21', 'LevitMlp-5', 'Identity-10', 'LevitDownsample-1', 'Linear-43', 'LinearNorm-22', 'Hardswish-14', 'Linear-45', 'LinearNorm-23', 'Attention-6', 'Identity-11', 'Linear-47', 'LinearNorm-24', 'Hardswish-15', 'Dropout-6', 'Linear-49', 'LinearNorm-25', 'LevitMlp-6', 'Identity-12', 'LevitBlock-5', 'Linear-51', 'LinearNorm-26', 'Hardswish-16', 'Linear-53', 'LinearNorm-27', 'Attention-7', 'Identity-13', 'Linear-55', 'LinearNorm-28', 'Hardswish-17', 'Dropout-7', 'Linear-57', 'LinearNorm-29', 'LevitMlp-7', 'Identity-14', 'LevitBlock-6', 'Linear-59', 'LinearNorm-30', 'Hardswish-18', 'Linear-61', 'LinearNorm-31', 'Attention-8', 'Identity-15', 'Linear-63', 'LinearNorm-32', 'Hardswish-19', 'Dropout-8', 'Linear-65', 'LinearNorm-33', 'LevitMlp-8', 'Identity-16', 'LevitBlock-7', 'Linear-67', 'LinearNorm-34', 'Hardswish-20', 'Linear-69', 'LinearNorm-35', 'Attention-9', 'Identity-17', 'Linear-71', 'LinearNorm-36', 'Hardswish-21', 'Dropout-9', 'Linear-73', 'LinearNorm-37', 'LevitMlp-9', 'Identity-18', 'LevitBlock-8', 'LevitStage-2', 'Linear-75', 'LinearNorm-38', 'Downsample-4', 'Linear-77', 'LinearNorm-39', 'Hardswish-22', 'Linear-79', 'LinearNorm-40', 'AttentionDownsample-2', 'Linear-81', 'LinearNorm-41', 'Hardswish-23', 'Dropout-10', 'Linear-83', 'LinearNorm-42', 'LevitMlp-10', 'Identity-19', 'LevitDownsample-2', 'Linear-85', 'LinearNorm-43', 'Hardswish-24', 'Linear-87', 'LinearNorm-44', 'Attention-11', 'Identity-20', 'Linear-89', 'LinearNorm-45', 'Hardswish-25', 'Dropout-11', 'Linear-91', 'LinearNorm-46', 'LevitMlp-11', 'Identity-21', 'LevitBlock-9', 'Linear-93', 'LinearNorm-47', 'Hardswish-26', 'Linear-95', 'LinearNorm-48', 'Attention-12', 'Identity-22', 'Linear-97', 'LinearNorm-49', 'Hardswish-27', 'Dropout-12', 'Linear-99', 'LinearNorm-50', 'LevitMlp-12', 'Identity-23', 'LevitBlock-10', 'Linear-101', 'LinearNorm-51', 'Hardswish-28', 'Linear-103', 'LinearNorm-52', 'Attention-13', 'Identity-24', 'Linear-105', 'LinearNorm-53', 'Hardswish-29', 'Dropout-13', 'Linear-107', 'LinearNorm-54', 'LevitMlp-13', 'Identity-25', 'LevitBlock-11', 'Linear-109', 'LinearNorm-55', 'Hardswish-30', 'Linear-111', 'LinearNorm-56', 'Attention-14', 'Identity-26', 'Linear-113', 'LinearNorm-57', 'Hardswish-31', 'Dropout-14', 'Linear-115', 'LinearNorm-58', 'LevitMlp-14', 'Identity-27', 'LevitBlock-12', 'LevitStage-3', 'BatchNorm1d-59', 'Dropout-15', 'Linear-117', 'NormLinear-1', 'BatchNorm1d-60', 'Dropout-16', 'Linear-119', 'NormLinear-2', 'LevitDistilled-1']
Total number of layers: 256
Empty layer shape for layer LevitDownsample-2: torch.Size([1, 16, 384])
Empty layer features flattened shape for layer LevitDownsample-2: torch.Size([1, 6144])
Extracted and cached features for model: levit_128_classification
PID Results:
  red: 9.400676265678767
  unq1: 0.8966340536332904
  unq2: 1.1747907572793856
  syn: 1.0140819823351368
Mutual Information Results:
  tri_mi: 12.486183058926581
  bi_mi_1: 10.297310319312059
  bi_mi_2: 10.575467022958154
Completed PID for pair: hardcorenas_f_classification, levit_128_classification. Results appended to /home/ohadshee/Desktop/Partial-Information-Decomposition/pipeline/analysis/pca_analysis/all_models_pairwise/pairwise_pid_results_srp_pca.csv
Model options for coat_lite_tiny_classification: {'model_name': 'coat_lite_tiny', 'train_type': 'classification', 'train_data': 'imagenet', 'model_source': 'timm', 'call': "get_timm_model('coat_lite_tiny', pretrained = True)"}
Image transforms for coat_lite_tiny_classification: Compose(
    Resize(size=(224, 224), interpolation=bicubic, max_size=None, antialias=True)
    MaybeToTensor()
    Normalize(mean=tensor([0.4850, 0.4560, 0.4060]), std=tensor([0.2290, 0.2240, 0.2250]))
)
Loaded model: coat_lite_tiny_classification
Ordered layers from model: ['Conv2d-1', 'LayerNorm-1', 'PatchEmbed-1', 'Conv2d-2', 'Conv2d-3', 'Conv2d-4', 'ConvPosEnc-1', 'ConvPosEnc-2', 'ConvPosEnc-3', 'LayerNorm-2', 'Linear-1', 'Conv2d-5', 'Conv2d-6', 'Conv2d-7', 'Conv2d-8', 'Conv2d-9', 'Conv2d-10', 'Conv2d-11', 'Conv2d-12', 'Conv2d-13', 'ConvRelPosEnc-1', 'ConvRelPosEnc-2', 'ConvRelPosEnc-3', 'Linear-2', 'Dropout-1', 'FactorAttnConvRelPosEnc-1', 'Identity-1', 'LayerNorm-3', 'Linear-3', 'GELU-1', 'Dropout-2', 'Identity-2', 'Linear-4', 'Dropout-3', 'Mlp-1', 'Identity-3', 'SerialBlock-1', 'Conv2d-14', 'Conv2d-15', 'Conv2d-16', 'ConvPosEnc-4', 'ConvPosEnc-5', 'ConvPosEnc-6', 'LayerNorm-4', 'Linear-5', 'Conv2d-17', 'Conv2d-18', 'Conv2d-19', 'Conv2d-20', 'Conv2d-21', 'Conv2d-22', 'Conv2d-23', 'Conv2d-24', 'Conv2d-25', 'ConvRelPosEnc-5', 'ConvRelPosEnc-6', 'ConvRelPosEnc-7', 'Linear-6', 'Dropout-4', 'FactorAttnConvRelPosEnc-2', 'Identity-4', 'LayerNorm-5', 'Linear-7', 'GELU-2', 'Dropout-5', 'Identity-5', 'Linear-8', 'Dropout-6', 'Mlp-2', 'Identity-6', 'SerialBlock-2', 'Conv2d-26', 'LayerNorm-6', 'PatchEmbed-2', 'Conv2d-27', 'Conv2d-28', 'Conv2d-29', 'ConvPosEnc-7', 'ConvPosEnc-8', 'ConvPosEnc-9', 'LayerNorm-7', 'Linear-9', 'Conv2d-30', 'Conv2d-31', 'Conv2d-32', 'Conv2d-33', 'Conv2d-34', 'Conv2d-35', 'Conv2d-36', 'Conv2d-37', 'Conv2d-38', 'ConvRelPosEnc-9', 'ConvRelPosEnc-10', 'ConvRelPosEnc-11', 'Linear-10', 'Dropout-7', 'FactorAttnConvRelPosEnc-3', 'Identity-7', 'LayerNorm-8', 'Linear-11', 'GELU-3', 'Dropout-8', 'Identity-8', 'Linear-12', 'Dropout-9', 'Mlp-3', 'Identity-9', 'SerialBlock-3', 'Conv2d-39', 'Conv2d-40', 'Conv2d-41', 'ConvPosEnc-10', 'ConvPosEnc-11', 'ConvPosEnc-12', 'LayerNorm-9', 'Linear-13', 'Conv2d-42', 'Conv2d-43', 'Conv2d-44', 'Conv2d-45', 'Conv2d-46', 'Conv2d-47', 'Conv2d-48', 'Conv2d-49', 'Conv2d-50', 'ConvRelPosEnc-13', 'ConvRelPosEnc-14', 'ConvRelPosEnc-15', 'Linear-14', 'Dropout-10', 'FactorAttnConvRelPosEnc-4', 'Identity-10', 'LayerNorm-10', 'Linear-15', 'GELU-4', 'Dropout-11', 'Identity-11', 'Linear-16', 'Dropout-12', 'Mlp-4', 'Identity-12', 'SerialBlock-4', 'Conv2d-51', 'LayerNorm-11', 'PatchEmbed-3', 'Conv2d-52', 'Conv2d-53', 'Conv2d-54', 'ConvPosEnc-13', 'ConvPosEnc-14', 'ConvPosEnc-15', 'LayerNorm-12', 'Linear-17', 'Conv2d-55', 'Conv2d-56', 'Conv2d-57', 'Conv2d-58', 'Conv2d-59', 'Conv2d-60', 'Conv2d-61', 'Conv2d-62', 'Conv2d-63', 'ConvRelPosEnc-17', 'ConvRelPosEnc-18', 'ConvRelPosEnc-19', 'Linear-18', 'Dropout-13', 'FactorAttnConvRelPosEnc-5', 'Identity-13', 'LayerNorm-13', 'Linear-19', 'GELU-5', 'Dropout-14', 'Identity-14', 'Linear-20', 'Dropout-15', 'Mlp-5', 'Identity-15', 'SerialBlock-5', 'Conv2d-64', 'Conv2d-65', 'Conv2d-66', 'ConvPosEnc-16', 'ConvPosEnc-17', 'ConvPosEnc-18', 'LayerNorm-14', 'Linear-21', 'Conv2d-67', 'Conv2d-68', 'Conv2d-69', 'Conv2d-70', 'Conv2d-71', 'Conv2d-72', 'Conv2d-73', 'Conv2d-74', 'Conv2d-75', 'ConvRelPosEnc-21', 'ConvRelPosEnc-22', 'ConvRelPosEnc-23', 'Linear-22', 'Dropout-16', 'FactorAttnConvRelPosEnc-6', 'Identity-16', 'LayerNorm-15', 'Linear-23', 'GELU-6', 'Dropout-17', 'Identity-17', 'Linear-24', 'Dropout-18', 'Mlp-6', 'Identity-18', 'SerialBlock-6', 'Conv2d-76', 'LayerNorm-16', 'PatchEmbed-4', 'Conv2d-77', 'Conv2d-78', 'Conv2d-79', 'ConvPosEnc-19', 'ConvPosEnc-20', 'ConvPosEnc-21', 'LayerNorm-17', 'Linear-25', 'Conv2d-80', 'Conv2d-81', 'Conv2d-82', 'Conv2d-83', 'Conv2d-84', 'Conv2d-85', 'Conv2d-86', 'Conv2d-87', 'Conv2d-88', 'ConvRelPosEnc-25', 'ConvRelPosEnc-26', 'ConvRelPosEnc-27', 'Linear-26', 'Dropout-19', 'FactorAttnConvRelPosEnc-7', 'Identity-19', 'LayerNorm-18', 'Linear-27', 'GELU-7', 'Dropout-20', 'Identity-20', 'Linear-28', 'Dropout-21', 'Mlp-7', 'Identity-21', 'SerialBlock-7', 'Conv2d-89', 'Conv2d-90', 'Conv2d-91', 'ConvPosEnc-22', 'ConvPosEnc-23', 'ConvPosEnc-24', 'LayerNorm-19', 'Linear-29', 'Conv2d-92', 'Conv2d-93', 'Conv2d-94', 'Conv2d-95', 'Conv2d-96', 'Conv2d-97', 'Conv2d-98', 'Conv2d-99', 'Conv2d-100', 'ConvRelPosEnc-29', 'ConvRelPosEnc-30', 'ConvRelPosEnc-31', 'Linear-30', 'Dropout-22', 'FactorAttnConvRelPosEnc-8', 'Identity-22', 'LayerNorm-20', 'Linear-31', 'GELU-8', 'Dropout-23', 'Identity-23', 'Linear-32', 'Dropout-24', 'Mlp-8', 'Identity-24', 'SerialBlock-8', 'LayerNorm-21', 'Dropout-25', 'Linear-33', 'CoaT-1']
Total number of layers: 288
Empty layer shape for layer ConvPosEnc-19: torch.Size([1, 50, 320])
Empty layer features flattened shape for layer ConvPosEnc-19: torch.Size([1, 16000])
Stimulus batch shape: (128,)
DataLoader created with batch size: 16
Extracted and cached features for model: coat_lite_tiny_classification
PID Results:
  red: 9.869122787784766
  unq1: 0.4281875315272945
  unq2: 1.049794189060119
  syn: 1.0096817019784634
Mutual Information Results:
  tri_mi: 12.356786210350641
  bi_mi_1: 10.297310319312059
  bi_mi_2: 10.918916976844883
Completed PID for pair: hardcorenas_f_classification, coat_lite_tiny_classification. Results appended to /home/ohadshee/Desktop/Partial-Information-Decomposition/pipeline/analysis/pca_analysis/all_models_pairwise/pairwise_pid_results_srp_pca.csv
Model options for visformer_small_classification: {'model_name': 'visformer_small', 'train_type': 'classification', 'train_data': 'imagenet', 'model_source': 'timm', 'call': "get_timm_model('visformer_small', pretrained = True)"}
Image transforms for visformer_small_classification: Compose(
    Resize(size=(224, 224), interpolation=bicubic, max_size=None, antialias=True)
    MaybeToTensor()
    Normalize(mean=tensor([0.4850, 0.4560, 0.4060]), std=tensor([0.2290, 0.2240, 0.2250]))
)
Loaded model: visformer_small_classification
Ordered layers from model: ['Conv2d-1', 'BatchNorm2d-1', 'ReLU-1', 'Conv2d-2', 'BatchNorm2d-2', 'PatchEmbed-1', 'Dropout-1', 'BatchNorm2d-3', 'Conv2d-3', 'GELU-1', 'Dropout-2', 'Conv2d-4', 'GELU-2', 'Conv2d-5', 'Dropout-3', 'SpatialMlp-1', 'Identity-1', 'Block-1', 'BatchNorm2d-4', 'Conv2d-6', 'GELU-3', 'Dropout-4', 'Conv2d-7', 'GELU-4', 'Conv2d-8', 'Dropout-5', 'SpatialMlp-2', 'Identity-2', 'Block-2', 'BatchNorm2d-5', 'Conv2d-9', 'GELU-5', 'Dropout-6', 'Conv2d-10', 'GELU-6', 'Conv2d-11', 'Dropout-7', 'SpatialMlp-3', 'Identity-3', 'Block-3', 'BatchNorm2d-6', 'Conv2d-12', 'GELU-7', 'Dropout-8', 'Conv2d-13', 'GELU-8', 'Conv2d-14', 'Dropout-9', 'SpatialMlp-4', 'Identity-4', 'Block-4', 'BatchNorm2d-7', 'Conv2d-15', 'GELU-9', 'Dropout-10', 'Conv2d-16', 'GELU-10', 'Conv2d-17', 'Dropout-11', 'SpatialMlp-5', 'Identity-5', 'Block-5', 'BatchNorm2d-8', 'Conv2d-18', 'GELU-11', 'Dropout-12', 'Conv2d-19', 'GELU-12', 'Conv2d-20', 'Dropout-13', 'SpatialMlp-6', 'Identity-6', 'Block-6', 'BatchNorm2d-9', 'Conv2d-21', 'GELU-13', 'Dropout-14', 'Conv2d-22', 'GELU-14', 'Conv2d-23', 'Dropout-15', 'SpatialMlp-7', 'Identity-7', 'Block-7', 'Conv2d-24', 'BatchNorm2d-10', 'PatchEmbed-2', 'Dropout-16', 'BatchNorm2d-11', 'Conv2d-25', 'Dropout-17', 'Conv2d-26', 'Dropout-18', 'Attention-1', 'Identity-8', 'BatchNorm2d-12', 'Conv2d-27', 'GELU-15', 'Dropout-19', 'Conv2d-28', 'Dropout-20', 'SpatialMlp-8', 'Identity-9', 'Block-8', 'BatchNorm2d-13', 'Conv2d-29', 'Dropout-21', 'Conv2d-30', 'Dropout-22', 'Attention-2', 'Identity-10', 'BatchNorm2d-14', 'Conv2d-31', 'GELU-16', 'Dropout-23', 'Conv2d-32', 'Dropout-24', 'SpatialMlp-9', 'Identity-11', 'Block-9', 'BatchNorm2d-15', 'Conv2d-33', 'Dropout-25', 'Conv2d-34', 'Dropout-26', 'Attention-3', 'Identity-12', 'BatchNorm2d-16', 'Conv2d-35', 'GELU-17', 'Dropout-27', 'Conv2d-36', 'Dropout-28', 'SpatialMlp-10', 'Identity-13', 'Block-10', 'BatchNorm2d-17', 'Conv2d-37', 'Dropout-29', 'Conv2d-38', 'Dropout-30', 'Attention-4', 'Identity-14', 'BatchNorm2d-18', 'Conv2d-39', 'GELU-18', 'Dropout-31', 'Conv2d-40', 'Dropout-32', 'SpatialMlp-11', 'Identity-15', 'Block-11', 'Conv2d-41', 'BatchNorm2d-19', 'PatchEmbed-3', 'Dropout-33', 'BatchNorm2d-20', 'Conv2d-42', 'Dropout-34', 'Conv2d-43', 'Dropout-35', 'Attention-5', 'Identity-16', 'BatchNorm2d-21', 'Conv2d-44', 'GELU-19', 'Dropout-36', 'Conv2d-45', 'Dropout-37', 'SpatialMlp-12', 'Identity-17', 'Block-12', 'BatchNorm2d-22', 'Conv2d-46', 'Dropout-38', 'Conv2d-47', 'Dropout-39', 'Attention-6', 'Identity-18', 'BatchNorm2d-23', 'Conv2d-48', 'GELU-20', 'Dropout-40', 'Conv2d-49', 'Dropout-41', 'SpatialMlp-13', 'Identity-19', 'Block-13', 'BatchNorm2d-24', 'Conv2d-50', 'Dropout-42', 'Conv2d-51', 'Dropout-43', 'Attention-7', 'Identity-20', 'BatchNorm2d-25', 'Conv2d-52', 'GELU-21', 'Dropout-44', 'Conv2d-53', 'Dropout-45', 'SpatialMlp-14', 'Identity-21', 'Block-14', 'BatchNorm2d-26', 'Conv2d-54', 'Dropout-46', 'Conv2d-55', 'Dropout-47', 'Attention-8', 'Identity-22', 'BatchNorm2d-27', 'Conv2d-56', 'GELU-22', 'Dropout-48', 'Conv2d-57', 'Dropout-49', 'SpatialMlp-15', 'Identity-23', 'Block-15', 'BatchNorm2d-28', 'AdaptiveAvgPool2d-1', 'Flatten-1', 'SelectAdaptivePool2d-1', 'Dropout-50', 'Linear-1', 'Visformer-1']
Total number of layers: 227
Empty layer shape for layer BatchNorm2d-21: torch.Size([1, 768, 7, 7])
Empty layer features flattened shape for layer BatchNorm2d-21: torch.Size([1, 37632])
Stimulus batch shape: (128,)
DataLoader created with batch size: 16
Extracted and cached features for model: visformer_small_classification
PID Results:
  red: 9.83101052727992
  unq1: 0.4662997920321388
  unq2: 1.1893429821379833
  syn: 1.0997524140277353
Mutual Information Results:
  tri_mi: 12.586405715477778
  bi_mi_1: 10.297310319312059
  bi_mi_2: 11.020353509417903
Completed PID for pair: hardcorenas_f_classification, visformer_small_classification. Results appended to /home/ohadshee/Desktop/Partial-Information-Decomposition/pipeline/analysis/pca_analysis/all_models_pairwise/pairwise_pid_results_srp_pca.csv
Model options for convit_base_classification: {'model_name': 'convit_base', 'train_type': 'classification', 'train_data': 'imagenet', 'model_source': 'timm', 'call': "get_timm_model('convit_base', pretrained = True)"}
Image transforms for convit_base_classification: Compose(
    Resize(size=(224, 224), interpolation=bicubic, max_size=None, antialias=True)
    MaybeToTensor()
    Normalize(mean=tensor([0.4850, 0.4560, 0.4060]), std=tensor([0.2290, 0.2240, 0.2250]))
)
Loaded model: convit_base_classification
Ordered layers from model: ['Conv2d-1', 'Identity-1', 'PatchEmbed-1', 'Dropout-1', 'LayerNorm-1', 'Linear-1', 'Linear-2', 'Dropout-2', 'Linear-3', 'Linear-4', 'Dropout-3', 'GPSA-1', 'Identity-2', 'LayerNorm-2', 'Linear-5', 'GELU-1', 'Dropout-4', 'Identity-3', 'Linear-6', 'Dropout-5', 'Mlp-1', 'Identity-4', 'Block-1', 'LayerNorm-3', 'Linear-7', 'Linear-8', 'Dropout-6', 'Linear-9', 'Linear-10', 'Dropout-7', 'GPSA-2', 'Identity-5', 'LayerNorm-4', 'Linear-11', 'GELU-2', 'Dropout-8', 'Identity-6', 'Linear-12', 'Dropout-9', 'Mlp-2', 'Identity-7', 'Block-2', 'LayerNorm-5', 'Linear-13', 'Linear-14', 'Dropout-10', 'Linear-15', 'Linear-16', 'Dropout-11', 'GPSA-3', 'Identity-8', 'LayerNorm-6', 'Linear-17', 'GELU-3', 'Dropout-12', 'Identity-9', 'Linear-18', 'Dropout-13', 'Mlp-3', 'Identity-10', 'Block-3', 'LayerNorm-7', 'Linear-19', 'Linear-20', 'Dropout-14', 'Linear-21', 'Linear-22', 'Dropout-15', 'GPSA-4', 'Identity-11', 'LayerNorm-8', 'Linear-23', 'GELU-4', 'Dropout-16', 'Identity-12', 'Linear-24', 'Dropout-17', 'Mlp-4', 'Identity-13', 'Block-4', 'LayerNorm-9', 'Linear-25', 'Linear-26', 'Dropout-18', 'Linear-27', 'Linear-28', 'Dropout-19', 'GPSA-5', 'Identity-14', 'LayerNorm-10', 'Linear-29', 'GELU-5', 'Dropout-20', 'Identity-15', 'Linear-30', 'Dropout-21', 'Mlp-5', 'Identity-16', 'Block-5', 'LayerNorm-11', 'Linear-31', 'Linear-32', 'Dropout-22', 'Linear-33', 'Linear-34', 'Dropout-23', 'GPSA-6', 'Identity-17', 'LayerNorm-12', 'Linear-35', 'GELU-6', 'Dropout-24', 'Identity-18', 'Linear-36', 'Dropout-25', 'Mlp-6', 'Identity-19', 'Block-6', 'LayerNorm-13', 'Linear-37', 'Linear-38', 'Dropout-26', 'Linear-39', 'Linear-40', 'Dropout-27', 'GPSA-7', 'Identity-20', 'LayerNorm-14', 'Linear-41', 'GELU-7', 'Dropout-28', 'Identity-21', 'Linear-42', 'Dropout-29', 'Mlp-7', 'Identity-22', 'Block-7', 'LayerNorm-15', 'Linear-43', 'Linear-44', 'Dropout-30', 'Linear-45', 'Linear-46', 'Dropout-31', 'GPSA-8', 'Identity-23', 'LayerNorm-16', 'Linear-47', 'GELU-8', 'Dropout-32', 'Identity-24', 'Linear-48', 'Dropout-33', 'Mlp-8', 'Identity-25', 'Block-8', 'LayerNorm-17', 'Linear-49', 'Linear-50', 'Dropout-34', 'Linear-51', 'Linear-52', 'Dropout-35', 'GPSA-9', 'Identity-26', 'LayerNorm-18', 'Linear-53', 'GELU-9', 'Dropout-36', 'Identity-27', 'Linear-54', 'Dropout-37', 'Mlp-9', 'Identity-28', 'Block-9', 'LayerNorm-19', 'Linear-55', 'Linear-56', 'Dropout-38', 'Linear-57', 'Linear-58', 'Dropout-39', 'GPSA-10', 'Identity-29', 'LayerNorm-20', 'Linear-59', 'GELU-10', 'Dropout-40', 'Identity-30', 'Linear-60', 'Dropout-41', 'Mlp-10', 'Identity-31', 'Block-10', 'LayerNorm-21', 'Linear-61', 'Dropout-42', 'Linear-62', 'Dropout-43', 'MHSA-1', 'Identity-32', 'LayerNorm-22', 'Linear-63', 'GELU-11', 'Dropout-44', 'Identity-33', 'Linear-64', 'Dropout-45', 'Mlp-11', 'Identity-34', 'Block-11', 'LayerNorm-23', 'Linear-65', 'Dropout-46', 'Linear-66', 'Dropout-47', 'MHSA-2', 'Identity-35', 'LayerNorm-24', 'Linear-67', 'GELU-12', 'Dropout-48', 'Identity-36', 'Linear-68', 'Dropout-49', 'Mlp-12', 'Identity-37', 'Block-12', 'LayerNorm-25', 'Dropout-50', 'Linear-69', 'ConVit-1']
Total number of layers: 232
Empty layer shape for layer LayerNorm-22: torch.Size([1, 197, 768])
Empty layer features flattened shape for layer LayerNorm-22: torch.Size([1, 151296])
Stimulus batch shape: (128,)
DataLoader created with batch size: 16
Extracted and cached features for model: convit_base_classification
PID Results:
  red: 9.341812371739898
  unq1: 0.9554979475721623
  unq2: 0.7364808655590611
  syn: 1.1204594690672423
Mutual Information Results:
  tri_mi: 12.154250653938362
  bi_mi_1: 10.297310319312059
  bi_mi_2: 10.078293237298958
Completed PID for pair: hardcorenas_f_classification, convit_base_classification. Results appended to /home/ohadshee/Desktop/Partial-Information-Decomposition/pipeline/analysis/pca_analysis/all_models_pairwise/pairwise_pid_results_srp_pca.csv
Changed model name: ViT-B_32_clip -> ViT-B/32_clip
Model options for ViT-B/32_clip: {'model_name': 'ViT-B/32', 'train_type': 'clip', 'train_data': 'openai400M', 'model_source': 'clip', 'call': "get_clip_model('ViT-B/32')"}
Image transforms for ViT-B/32_clip: Compose(
    Resize(size=224, interpolation=bicubic, max_size=None, antialias=True)
    CenterCrop(size=(224, 224))
    <function _convert_image_to_rgb at 0x7fece00736a0>
    ToTensor()
    Normalize(mean=(0.48145466, 0.4578275, 0.40821073), std=(0.26862954, 0.26130258, 0.27577711))
)
Loaded model: ViT-B/32_clip
Ordered layers from model: ['Conv2d-1', 'LayerNorm-1', 'LayerNorm-2', 'MultiheadAttention-1-1', 'LayerNorm-3', 'Linear-1', 'QuickGELU-1', 'Linear-2', 'ResidualAttentionBlock-1', 'LayerNorm-4', 'MultiheadAttention-2-1', 'LayerNorm-5', 'Linear-3', 'QuickGELU-2', 'Linear-4', 'ResidualAttentionBlock-2', 'LayerNorm-6', 'MultiheadAttention-3-1', 'LayerNorm-7', 'Linear-5', 'QuickGELU-3', 'Linear-6', 'ResidualAttentionBlock-3', 'LayerNorm-8', 'MultiheadAttention-4-1', 'LayerNorm-9', 'Linear-7', 'QuickGELU-4', 'Linear-8', 'ResidualAttentionBlock-4', 'LayerNorm-10', 'MultiheadAttention-5-1', 'LayerNorm-11', 'Linear-9', 'QuickGELU-5', 'Linear-10', 'ResidualAttentionBlock-5', 'LayerNorm-12', 'MultiheadAttention-6-1', 'LayerNorm-13', 'Linear-11', 'QuickGELU-6', 'Linear-12', 'ResidualAttentionBlock-6', 'LayerNorm-14', 'MultiheadAttention-7-1', 'LayerNorm-15', 'Linear-13', 'QuickGELU-7', 'Linear-14', 'ResidualAttentionBlock-7', 'LayerNorm-16', 'MultiheadAttention-8-1', 'LayerNorm-17', 'Linear-15', 'QuickGELU-8', 'Linear-16', 'ResidualAttentionBlock-8', 'LayerNorm-18', 'MultiheadAttention-9-1', 'LayerNorm-19', 'Linear-17', 'QuickGELU-9', 'Linear-18', 'ResidualAttentionBlock-9', 'LayerNorm-20', 'MultiheadAttention-10-1', 'LayerNorm-21', 'Linear-19', 'QuickGELU-10', 'Linear-20', 'ResidualAttentionBlock-10', 'LayerNorm-22', 'MultiheadAttention-11-1', 'LayerNorm-23', 'Linear-21', 'QuickGELU-11', 'Linear-22', 'ResidualAttentionBlock-11', 'LayerNorm-24', 'MultiheadAttention-12-1', 'LayerNorm-25', 'Linear-23', 'QuickGELU-12', 'Linear-24', 'ResidualAttentionBlock-12', 'Transformer-1', 'LayerNorm-26', 'VisionTransformer-1']
Total number of layers: 89
Empty layer shape for layer LayerNorm-17: torch.Size([1, 50, 768])
Empty layer features flattened shape for layer LayerNorm-17: torch.Size([1, 38400])
Stimulus batch shape: (128,)
DataLoader created with batch size: 16
Extracted and cached features for model: ViT-B_32_clip
PID Results:
  red: 10.03171861523533
  unq1: 0.2655917040767264
  unq2: 1.5195968422685748
  syn: 1.1305776766424493
Mutual Information Results:
  tri_mi: 12.947484838223083
  bi_mi_1: 10.297310319312059
  bi_mi_2: 11.551315457503907
Completed PID for pair: hardcorenas_f_classification, ViT-B_32_clip. Results appended to /home/ohadshee/Desktop/Partial-Information-Decomposition/pipeline/analysis/pca_analysis/all_models_pairwise/pairwise_pid_results_srp_pca.csv
Model options for RN50_clip: {'model_name': 'RN50', 'train_type': 'clip', 'train_data': 'openai400M', 'model_source': 'clip', 'call': "get_clip_model('RN50')"}
Image transforms for RN50_clip: Compose(
    Resize(size=224, interpolation=bicubic, max_size=None, antialias=True)
    CenterCrop(size=(224, 224))
    <function _convert_image_to_rgb at 0x7fece00736a0>
    ToTensor()
    Normalize(mean=(0.48145466, 0.4578275, 0.40821073), std=(0.26862954, 0.26130258, 0.27577711))
)
Loaded model: RN50_clip
Ordered layers from model: ['Conv2d-1', 'BatchNorm2d-1', 'ReLU-1', 'Conv2d-2', 'BatchNorm2d-2', 'ReLU-2', 'Conv2d-3', 'BatchNorm2d-3', 'ReLU-3', 'AvgPool2d-1', 'Conv2d-4', 'BatchNorm2d-4', 'ReLU-4', 'Conv2d-5', 'BatchNorm2d-5', 'ReLU-5', 'Identity-1', 'Conv2d-6', 'BatchNorm2d-6', 'AvgPool2d-2', 'Conv2d-7', 'BatchNorm2d-7', 'ReLU-6', 'Bottleneck-1', 'Conv2d-8', 'BatchNorm2d-8', 'ReLU-7', 'Conv2d-9', 'BatchNorm2d-9', 'ReLU-8', 'Identity-2', 'Conv2d-10', 'BatchNorm2d-10', 'ReLU-9', 'Bottleneck-2', 'Conv2d-11', 'BatchNorm2d-11', 'ReLU-10', 'Conv2d-12', 'BatchNorm2d-12', 'ReLU-11', 'Identity-3', 'Conv2d-13', 'BatchNorm2d-13', 'ReLU-12', 'Bottleneck-3', 'Conv2d-14', 'BatchNorm2d-14', 'ReLU-13', 'Conv2d-15', 'BatchNorm2d-15', 'ReLU-14', 'AvgPool2d-3', 'Conv2d-16', 'BatchNorm2d-16', 'AvgPool2d-4', 'Conv2d-17', 'BatchNorm2d-17', 'ReLU-15', 'Bottleneck-4', 'Conv2d-18', 'BatchNorm2d-18', 'ReLU-16', 'Conv2d-19', 'BatchNorm2d-19', 'ReLU-17', 'Identity-4', 'Conv2d-20', 'BatchNorm2d-20', 'ReLU-18', 'Bottleneck-5', 'Conv2d-21', 'BatchNorm2d-21', 'ReLU-19', 'Conv2d-22', 'BatchNorm2d-22', 'ReLU-20', 'Identity-5', 'Conv2d-23', 'BatchNorm2d-23', 'ReLU-21', 'Bottleneck-6', 'Conv2d-24', 'BatchNorm2d-24', 'ReLU-22', 'Conv2d-25', 'BatchNorm2d-25', 'ReLU-23', 'Identity-6', 'Conv2d-26', 'BatchNorm2d-26', 'ReLU-24', 'Bottleneck-7', 'Conv2d-27', 'BatchNorm2d-27', 'ReLU-25', 'Conv2d-28', 'BatchNorm2d-28', 'ReLU-26', 'AvgPool2d-5', 'Conv2d-29', 'BatchNorm2d-29', 'AvgPool2d-6', 'Conv2d-30', 'BatchNorm2d-30', 'ReLU-27', 'Bottleneck-8', 'Conv2d-31', 'BatchNorm2d-31', 'ReLU-28', 'Conv2d-32', 'BatchNorm2d-32', 'ReLU-29', 'Identity-7', 'Conv2d-33', 'BatchNorm2d-33', 'ReLU-30', 'Bottleneck-9', 'Conv2d-34', 'BatchNorm2d-34', 'ReLU-31', 'Conv2d-35', 'BatchNorm2d-35', 'ReLU-32', 'Identity-8', 'Conv2d-36', 'BatchNorm2d-36', 'ReLU-33', 'Bottleneck-10', 'Conv2d-37', 'BatchNorm2d-37', 'ReLU-34', 'Conv2d-38', 'BatchNorm2d-38', 'ReLU-35', 'Identity-9', 'Conv2d-39', 'BatchNorm2d-39', 'ReLU-36', 'Bottleneck-11', 'Conv2d-40', 'BatchNorm2d-40', 'ReLU-37', 'Conv2d-41', 'BatchNorm2d-41', 'ReLU-38', 'Identity-10', 'Conv2d-42', 'BatchNorm2d-42', 'ReLU-39', 'Bottleneck-12', 'Conv2d-43', 'BatchNorm2d-43', 'ReLU-40', 'Conv2d-44', 'BatchNorm2d-44', 'ReLU-41', 'Identity-11', 'Conv2d-45', 'BatchNorm2d-45', 'ReLU-42', 'Bottleneck-13', 'Conv2d-46', 'BatchNorm2d-46', 'ReLU-43', 'Conv2d-47', 'BatchNorm2d-47', 'ReLU-44', 'AvgPool2d-7', 'Conv2d-48', 'BatchNorm2d-48', 'AvgPool2d-8', 'Conv2d-49', 'BatchNorm2d-49', 'ReLU-45', 'Bottleneck-14', 'Conv2d-50', 'BatchNorm2d-50', 'ReLU-46', 'Conv2d-51', 'BatchNorm2d-51', 'ReLU-47', 'Identity-12', 'Conv2d-52', 'BatchNorm2d-52', 'ReLU-48', 'Bottleneck-15', 'Conv2d-53', 'BatchNorm2d-53', 'ReLU-49', 'Conv2d-54', 'BatchNorm2d-54', 'ReLU-50', 'Identity-13', 'Conv2d-55', 'BatchNorm2d-55', 'ReLU-51', 'Bottleneck-16', 'AttentionPool2d-1', 'ModifiedResNet-1']
Total number of layers: 200
Empty layer shape for layer Conv2d-51: torch.Size([1, 512, 7, 7])
Empty layer features flattened shape for layer Conv2d-51: torch.Size([1, 25088])
Stimulus batch shape: (128,)
DataLoader created with batch size: 16
Extracted and cached features for model: RN50_clip
PID Results:
  red: 10.074411512112656
  unq1: 0.2228988071994049
  unq2: 1.9648142745447217
  syn: 1.0971478396084233
Mutual Information Results:
  tri_mi: 13.359272433465204
  bi_mi_1: 10.297310319312059
  bi_mi_2: 12.039225786657376
Completed PID for pair: hardcorenas_f_classification, RN50_clip. Results appended to /home/ohadshee/Desktop/Partial-Information-Decomposition/pipeline/analysis/pca_analysis/all_models_pairwise/pairwise_pid_results_srp_pca.csv
Model options for RN101_clip: {'model_name': 'RN101', 'train_type': 'clip', 'train_data': 'openai400M', 'model_source': 'clip', 'call': "get_clip_model('RN101')"}
Image transforms for RN101_clip: Compose(
    Resize(size=224, interpolation=bicubic, max_size=None, antialias=True)
    CenterCrop(size=(224, 224))
    <function _convert_image_to_rgb at 0x7fece00736a0>
    ToTensor()
    Normalize(mean=(0.48145466, 0.4578275, 0.40821073), std=(0.26862954, 0.26130258, 0.27577711))
)
Loaded model: RN101_clip
Ordered layers from model: ['Conv2d-1', 'BatchNorm2d-1', 'ReLU-1', 'Conv2d-2', 'BatchNorm2d-2', 'ReLU-2', 'Conv2d-3', 'BatchNorm2d-3', 'ReLU-3', 'AvgPool2d-1', 'Conv2d-4', 'BatchNorm2d-4', 'ReLU-4', 'Conv2d-5', 'BatchNorm2d-5', 'ReLU-5', 'Identity-1', 'Conv2d-6', 'BatchNorm2d-6', 'AvgPool2d-2', 'Conv2d-7', 'BatchNorm2d-7', 'ReLU-6', 'Bottleneck-1', 'Conv2d-8', 'BatchNorm2d-8', 'ReLU-7', 'Conv2d-9', 'BatchNorm2d-9', 'ReLU-8', 'Identity-2', 'Conv2d-10', 'BatchNorm2d-10', 'ReLU-9', 'Bottleneck-2', 'Conv2d-11', 'BatchNorm2d-11', 'ReLU-10', 'Conv2d-12', 'BatchNorm2d-12', 'ReLU-11', 'Identity-3', 'Conv2d-13', 'BatchNorm2d-13', 'ReLU-12', 'Bottleneck-3', 'Conv2d-14', 'BatchNorm2d-14', 'ReLU-13', 'Conv2d-15', 'BatchNorm2d-15', 'ReLU-14', 'AvgPool2d-3', 'Conv2d-16', 'BatchNorm2d-16', 'AvgPool2d-4', 'Conv2d-17', 'BatchNorm2d-17', 'ReLU-15', 'Bottleneck-4', 'Conv2d-18', 'BatchNorm2d-18', 'ReLU-16', 'Conv2d-19', 'BatchNorm2d-19', 'ReLU-17', 'Identity-4', 'Conv2d-20', 'BatchNorm2d-20', 'ReLU-18', 'Bottleneck-5', 'Conv2d-21', 'BatchNorm2d-21', 'ReLU-19', 'Conv2d-22', 'BatchNorm2d-22', 'ReLU-20', 'Identity-5', 'Conv2d-23', 'BatchNorm2d-23', 'ReLU-21', 'Bottleneck-6', 'Conv2d-24', 'BatchNorm2d-24', 'ReLU-22', 'Conv2d-25', 'BatchNorm2d-25', 'ReLU-23', 'Identity-6', 'Conv2d-26', 'BatchNorm2d-26', 'ReLU-24', 'Bottleneck-7', 'Conv2d-27', 'BatchNorm2d-27', 'ReLU-25', 'Conv2d-28', 'BatchNorm2d-28', 'ReLU-26', 'AvgPool2d-5', 'Conv2d-29', 'BatchNorm2d-29', 'AvgPool2d-6', 'Conv2d-30', 'BatchNorm2d-30', 'ReLU-27', 'Bottleneck-8', 'Conv2d-31', 'BatchNorm2d-31', 'ReLU-28', 'Conv2d-32', 'BatchNorm2d-32', 'ReLU-29', 'Identity-7', 'Conv2d-33', 'BatchNorm2d-33', 'ReLU-30', 'Bottleneck-9', 'Conv2d-34', 'BatchNorm2d-34', 'ReLU-31', 'Conv2d-35', 'BatchNorm2d-35', 'ReLU-32', 'Identity-8', 'Conv2d-36', 'BatchNorm2d-36', 'ReLU-33', 'Bottleneck-10', 'Conv2d-37', 'BatchNorm2d-37', 'ReLU-34', 'Conv2d-38', 'BatchNorm2d-38', 'ReLU-35', 'Identity-9', 'Conv2d-39', 'BatchNorm2d-39', 'ReLU-36', 'Bottleneck-11', 'Conv2d-40', 'BatchNorm2d-40', 'ReLU-37', 'Conv2d-41', 'BatchNorm2d-41', 'ReLU-38', 'Identity-10', 'Conv2d-42', 'BatchNorm2d-42', 'ReLU-39', 'Bottleneck-12', 'Conv2d-43', 'BatchNorm2d-43', 'ReLU-40', 'Conv2d-44', 'BatchNorm2d-44', 'ReLU-41', 'Identity-11', 'Conv2d-45', 'BatchNorm2d-45', 'ReLU-42', 'Bottleneck-13', 'Conv2d-46', 'BatchNorm2d-46', 'ReLU-43', 'Conv2d-47', 'BatchNorm2d-47', 'ReLU-44', 'Identity-12', 'Conv2d-48', 'BatchNorm2d-48', 'ReLU-45', 'Bottleneck-14', 'Conv2d-49', 'BatchNorm2d-49', 'ReLU-46', 'Conv2d-50', 'BatchNorm2d-50', 'ReLU-47', 'Identity-13', 'Conv2d-51', 'BatchNorm2d-51', 'ReLU-48', 'Bottleneck-15', 'Conv2d-52', 'BatchNorm2d-52', 'ReLU-49', 'Conv2d-53', 'BatchNorm2d-53', 'ReLU-50', 'Identity-14', 'Conv2d-54', 'BatchNorm2d-54', 'ReLU-51', 'Bottleneck-16', 'Conv2d-55', 'BatchNorm2d-55', 'ReLU-52', 'Conv2d-56', 'BatchNorm2d-56', 'ReLU-53', 'Identity-15', 'Conv2d-57', 'BatchNorm2d-57', 'ReLU-54', 'Bottleneck-17', 'Conv2d-58', 'BatchNorm2d-58', 'ReLU-55', 'Conv2d-59', 'BatchNorm2d-59', 'ReLU-56', 'Identity-16', 'Conv2d-60', 'BatchNorm2d-60', 'ReLU-57', 'Bottleneck-18', 'Conv2d-61', 'BatchNorm2d-61', 'ReLU-58', 'Conv2d-62', 'BatchNorm2d-62', 'ReLU-59', 'Identity-17', 'Conv2d-63', 'BatchNorm2d-63', 'ReLU-60', 'Bottleneck-19', 'Conv2d-64', 'BatchNorm2d-64', 'ReLU-61', 'Conv2d-65', 'BatchNorm2d-65', 'ReLU-62', 'Identity-18', 'Conv2d-66', 'BatchNorm2d-66', 'ReLU-63', 'Bottleneck-20', 'Conv2d-67', 'BatchNorm2d-67', 'ReLU-64', 'Conv2d-68', 'BatchNorm2d-68', 'ReLU-65', 'Identity-19', 'Conv2d-69', 'BatchNorm2d-69', 'ReLU-66', 'Bottleneck-21', 'Conv2d-70', 'BatchNorm2d-70', 'ReLU-67', 'Conv2d-71', 'BatchNorm2d-71', 'ReLU-68', 'Identity-20', 'Conv2d-72', 'BatchNorm2d-72', 'ReLU-69', 'Bottleneck-22', 'Conv2d-73', 'BatchNorm2d-73', 'ReLU-70', 'Conv2d-74', 'BatchNorm2d-74', 'ReLU-71', 'Identity-21', 'Conv2d-75', 'BatchNorm2d-75', 'ReLU-72', 'Bottleneck-23', 'Conv2d-76', 'BatchNorm2d-76', 'ReLU-73', 'Conv2d-77', 'BatchNorm2d-77', 'ReLU-74', 'Identity-22', 'Conv2d-78', 'BatchNorm2d-78', 'ReLU-75', 'Bottleneck-24', 'Conv2d-79', 'BatchNorm2d-79', 'ReLU-76', 'Conv2d-80', 'BatchNorm2d-80', 'ReLU-77', 'Identity-23', 'Conv2d-81', 'BatchNorm2d-81', 'ReLU-78', 'Bottleneck-25', 'Conv2d-82', 'BatchNorm2d-82', 'ReLU-79', 'Conv2d-83', 'BatchNorm2d-83', 'ReLU-80', 'Identity-24', 'Conv2d-84', 'BatchNorm2d-84', 'ReLU-81', 'Bottleneck-26', 'Conv2d-85', 'BatchNorm2d-85', 'ReLU-82', 'Conv2d-86', 'BatchNorm2d-86', 'ReLU-83', 'Identity-25', 'Conv2d-87', 'BatchNorm2d-87', 'ReLU-84', 'Bottleneck-27', 'Conv2d-88', 'BatchNorm2d-88', 'ReLU-85', 'Conv2d-89', 'BatchNorm2d-89', 'ReLU-86', 'Identity-26', 'Conv2d-90', 'BatchNorm2d-90', 'ReLU-87', 'Bottleneck-28', 'Conv2d-91', 'BatchNorm2d-91', 'ReLU-88', 'Conv2d-92', 'BatchNorm2d-92', 'ReLU-89', 'Identity-27', 'Conv2d-93', 'BatchNorm2d-93', 'ReLU-90', 'Bottleneck-29', 'Conv2d-94', 'BatchNorm2d-94', 'ReLU-91', 'Conv2d-95', 'BatchNorm2d-95', 'ReLU-92', 'Identity-28', 'Conv2d-96', 'BatchNorm2d-96', 'ReLU-93', 'Bottleneck-30', 'Conv2d-97', 'BatchNorm2d-97', 'ReLU-94', 'Conv2d-98', 'BatchNorm2d-98', 'ReLU-95', 'AvgPool2d-7', 'Conv2d-99', 'BatchNorm2d-99', 'AvgPool2d-8', 'Conv2d-100', 'BatchNorm2d-100', 'ReLU-96', 'Bottleneck-31', 'Conv2d-101', 'BatchNorm2d-101', 'ReLU-97', 'Conv2d-102', 'BatchNorm2d-102', 'ReLU-98', 'Identity-29', 'Conv2d-103', 'BatchNorm2d-103', 'ReLU-99', 'Bottleneck-32', 'Conv2d-104', 'BatchNorm2d-104', 'ReLU-100', 'Conv2d-105', 'BatchNorm2d-105', 'ReLU-101', 'Identity-30', 'Conv2d-106', 'BatchNorm2d-106', 'ReLU-102', 'Bottleneck-33', 'AttentionPool2d-1', 'ModifiedResNet-1']
Total number of layers: 387
Empty layer shape for layer Conv2d-102: torch.Size([1, 512, 7, 7])
Empty layer features flattened shape for layer Conv2d-102: torch.Size([1, 25088])
Stimulus batch shape: (128,)
DataLoader created with batch size: 16
Extracted and cached features for model: RN101_clip
PID Results:
  red: 9.72617530871349
  unq1: 0.5711350105985673
  unq2: 1.8293029851959854
  syn: 1.202093922777923
Mutual Information Results:
  tri_mi: 13.328707227285967
  bi_mi_1: 10.297310319312059
  bi_mi_2: 11.555478293909477
Completed PID for pair: hardcorenas_f_classification, RN101_clip. Results appended to /home/ohadshee/Desktop/Partial-Information-Decomposition/pipeline/analysis/pca_analysis/all_models_pairwise/pairwise_pid_results_srp_pca.csv
Changed model name: ViT-L_14_clip -> ViT-L/14_clip
Model options for ViT-L/14_clip: {'model_name': 'ViT-L/14', 'train_type': 'clip', 'train_data': 'openai400M', 'model_source': 'clip', 'call': "get_clip_model('ViT-L/14')"}
Image transforms for ViT-L/14_clip: Compose(
    Resize(size=224, interpolation=bicubic, max_size=None, antialias=True)
    CenterCrop(size=(224, 224))
    <function _convert_image_to_rgb at 0x7fece00736a0>
    ToTensor()
    Normalize(mean=(0.48145466, 0.4578275, 0.40821073), std=(0.26862954, 0.26130258, 0.27577711))
)
Loaded model: ViT-L/14_clip
Ordered layers from model: ['Conv2d-1', 'LayerNorm-1', 'LayerNorm-2', 'MultiheadAttention-1-1', 'LayerNorm-3', 'Linear-1', 'QuickGELU-1', 'Linear-2', 'ResidualAttentionBlock-1', 'LayerNorm-4', 'MultiheadAttention-2-1', 'LayerNorm-5', 'Linear-3', 'QuickGELU-2', 'Linear-4', 'ResidualAttentionBlock-2', 'LayerNorm-6', 'MultiheadAttention-3-1', 'LayerNorm-7', 'Linear-5', 'QuickGELU-3', 'Linear-6', 'ResidualAttentionBlock-3', 'LayerNorm-8', 'MultiheadAttention-4-1', 'LayerNorm-9', 'Linear-7', 'QuickGELU-4', 'Linear-8', 'ResidualAttentionBlock-4', 'LayerNorm-10', 'MultiheadAttention-5-1', 'LayerNorm-11', 'Linear-9', 'QuickGELU-5', 'Linear-10', 'ResidualAttentionBlock-5', 'LayerNorm-12', 'MultiheadAttention-6-1', 'LayerNorm-13', 'Linear-11', 'QuickGELU-6', 'Linear-12', 'ResidualAttentionBlock-6', 'LayerNorm-14', 'MultiheadAttention-7-1', 'LayerNorm-15', 'Linear-13', 'QuickGELU-7', 'Linear-14', 'ResidualAttentionBlock-7', 'LayerNorm-16', 'MultiheadAttention-8-1', 'LayerNorm-17', 'Linear-15', 'QuickGELU-8', 'Linear-16', 'ResidualAttentionBlock-8', 'LayerNorm-18', 'MultiheadAttention-9-1', 'LayerNorm-19', 'Linear-17', 'QuickGELU-9', 'Linear-18', 'ResidualAttentionBlock-9', 'LayerNorm-20', 'MultiheadAttention-10-1', 'LayerNorm-21', 'Linear-19', 'QuickGELU-10', 'Linear-20', 'ResidualAttentionBlock-10', 'LayerNorm-22', 'MultiheadAttention-11-1', 'LayerNorm-23', 'Linear-21', 'QuickGELU-11', 'Linear-22', 'ResidualAttentionBlock-11', 'LayerNorm-24', 'MultiheadAttention-12-1', 'LayerNorm-25', 'Linear-23', 'QuickGELU-12', 'Linear-24', 'ResidualAttentionBlock-12', 'LayerNorm-26', 'MultiheadAttention-13-1', 'LayerNorm-27', 'Linear-25', 'QuickGELU-13', 'Linear-26', 'ResidualAttentionBlock-13', 'LayerNorm-28', 'MultiheadAttention-14-1', 'LayerNorm-29', 'Linear-27', 'QuickGELU-14', 'Linear-28', 'ResidualAttentionBlock-14', 'LayerNorm-30', 'MultiheadAttention-15-1', 'LayerNorm-31', 'Linear-29', 'QuickGELU-15', 'Linear-30', 'ResidualAttentionBlock-15', 'LayerNorm-32', 'MultiheadAttention-16-1', 'LayerNorm-33', 'Linear-31', 'QuickGELU-16', 'Linear-32', 'ResidualAttentionBlock-16', 'LayerNorm-34', 'MultiheadAttention-17-1', 'LayerNorm-35', 'Linear-33', 'QuickGELU-17', 'Linear-34', 'ResidualAttentionBlock-17', 'LayerNorm-36', 'MultiheadAttention-18-1', 'LayerNorm-37', 'Linear-35', 'QuickGELU-18', 'Linear-36', 'ResidualAttentionBlock-18', 'LayerNorm-38', 'MultiheadAttention-19-1', 'LayerNorm-39', 'Linear-37', 'QuickGELU-19', 'Linear-38', 'ResidualAttentionBlock-19', 'LayerNorm-40', 'MultiheadAttention-20-1', 'LayerNorm-41', 'Linear-39', 'QuickGELU-20', 'Linear-40', 'ResidualAttentionBlock-20', 'LayerNorm-42', 'MultiheadAttention-21-1', 'LayerNorm-43', 'Linear-41', 'QuickGELU-21', 'Linear-42', 'ResidualAttentionBlock-21', 'LayerNorm-44', 'MultiheadAttention-22-1', 'LayerNorm-45', 'Linear-43', 'QuickGELU-22', 'Linear-44', 'ResidualAttentionBlock-22', 'LayerNorm-46', 'MultiheadAttention-23-1', 'LayerNorm-47', 'Linear-45', 'QuickGELU-23', 'Linear-46', 'ResidualAttentionBlock-23', 'LayerNorm-48', 'MultiheadAttention-24-1', 'LayerNorm-49', 'Linear-47', 'QuickGELU-24', 'Linear-48', 'ResidualAttentionBlock-24', 'Transformer-1', 'LayerNorm-50', 'VisionTransformer-1']
Total number of layers: 173
Empty layer shape for layer Linear-27: torch.Size([1, 257, 4096])
Empty layer features flattened shape for layer Linear-27: torch.Size([1, 1052672])
Stimulus batch shape: (128,)
DataLoader created with batch size: 16
Extracted and cached features for model: ViT-L_14_clip
PID Results:
  red: 9.984438503385348
  unq1: 0.31287181592671054
  unq2: 1.6017216721064305
  syn: 1.2309768484282237
Mutual Information Results:
  tri_mi: 13.130008839846713
  bi_mi_1: 10.297310319312059
  bi_mi_2: 11.586160175491779
Completed PID for pair: hardcorenas_f_classification, ViT-L_14_clip. Results appended to /home/ohadshee/Desktop/Partial-Information-Decomposition/pipeline/analysis/pca_analysis/all_models_pairwise/pairwise_pid_results_srp_pca.csv
Model options for ResNet50-SimCLR_selfsupervised: {'model_name': 'ResNet50-SimCLR', 'train_type': 'selfsupervised', 'train_data': 'imagenet', 'model_source': 'vissl', 'call': "get_vissl_model('ResNet50-SimCLR')"}
Image transforms for ResNet50-SimCLR_selfsupervised: Compose(
    Resize(size=(224, 224), interpolation=bilinear, max_size=None, antialias=True)
    ToTensor()
    Normalize(mean=[0.485, 0.456, 0.406], std=[0.229, 0.224, 0.225])
)
Loaded model: ResNet50-SimCLR_selfsupervised
Ordered layers from model: ['Conv2d-1', 'BatchNorm2d-1', 'ReLU-1', 'MaxPool2d-1', 'Conv2d-2', 'BatchNorm2d-2', 'ReLU-2', 'Conv2d-3', 'BatchNorm2d-3', 'ReLU-3', 'Conv2d-4', 'BatchNorm2d-4', 'Conv2d-5', 'BatchNorm2d-5', 'ReLU-4', 'Bottleneck-1', 'Conv2d-6', 'BatchNorm2d-6', 'ReLU-5', 'Conv2d-7', 'BatchNorm2d-7', 'ReLU-6', 'Conv2d-8', 'BatchNorm2d-8', 'ReLU-7', 'Bottleneck-2', 'Conv2d-9', 'BatchNorm2d-9', 'ReLU-8', 'Conv2d-10', 'BatchNorm2d-10', 'ReLU-9', 'Conv2d-11', 'BatchNorm2d-11', 'ReLU-10', 'Bottleneck-3', 'Conv2d-12', 'BatchNorm2d-12', 'ReLU-11', 'Conv2d-13', 'BatchNorm2d-13', 'ReLU-12', 'Conv2d-14', 'BatchNorm2d-14', 'Conv2d-15', 'BatchNorm2d-15', 'ReLU-13', 'Bottleneck-4', 'Conv2d-16', 'BatchNorm2d-16', 'ReLU-14', 'Conv2d-17', 'BatchNorm2d-17', 'ReLU-15', 'Conv2d-18', 'BatchNorm2d-18', 'ReLU-16', 'Bottleneck-5', 'Conv2d-19', 'BatchNorm2d-19', 'ReLU-17', 'Conv2d-20', 'BatchNorm2d-20', 'ReLU-18', 'Conv2d-21', 'BatchNorm2d-21', 'ReLU-19', 'Bottleneck-6', 'Conv2d-22', 'BatchNorm2d-22', 'ReLU-20', 'Conv2d-23', 'BatchNorm2d-23', 'ReLU-21', 'Conv2d-24', 'BatchNorm2d-24', 'ReLU-22', 'Bottleneck-7', 'Conv2d-25', 'BatchNorm2d-25', 'ReLU-23', 'Conv2d-26', 'BatchNorm2d-26', 'ReLU-24', 'Conv2d-27', 'BatchNorm2d-27', 'Conv2d-28', 'BatchNorm2d-28', 'ReLU-25', 'Bottleneck-8', 'Conv2d-29', 'BatchNorm2d-29', 'ReLU-26', 'Conv2d-30', 'BatchNorm2d-30', 'ReLU-27', 'Conv2d-31', 'BatchNorm2d-31', 'ReLU-28', 'Bottleneck-9', 'Conv2d-32', 'BatchNorm2d-32', 'ReLU-29', 'Conv2d-33', 'BatchNorm2d-33', 'ReLU-30', 'Conv2d-34', 'BatchNorm2d-34', 'ReLU-31', 'Bottleneck-10', 'Conv2d-35', 'BatchNorm2d-35', 'ReLU-32', 'Conv2d-36', 'BatchNorm2d-36', 'ReLU-33', 'Conv2d-37', 'BatchNorm2d-37', 'ReLU-34', 'Bottleneck-11', 'Conv2d-38', 'BatchNorm2d-38', 'ReLU-35', 'Conv2d-39', 'BatchNorm2d-39', 'ReLU-36', 'Conv2d-40', 'BatchNorm2d-40', 'ReLU-37', 'Bottleneck-12', 'Conv2d-41', 'BatchNorm2d-41', 'ReLU-38', 'Conv2d-42', 'BatchNorm2d-42', 'ReLU-39', 'Conv2d-43', 'BatchNorm2d-43', 'ReLU-40', 'Bottleneck-13', 'Conv2d-44', 'BatchNorm2d-44', 'ReLU-41', 'Conv2d-45', 'BatchNorm2d-45', 'ReLU-42', 'Conv2d-46', 'BatchNorm2d-46', 'Conv2d-47', 'BatchNorm2d-47', 'ReLU-43', 'Bottleneck-14', 'Conv2d-48', 'BatchNorm2d-48', 'ReLU-44', 'Conv2d-49', 'BatchNorm2d-49', 'ReLU-45', 'Conv2d-50', 'BatchNorm2d-50', 'ReLU-46', 'Bottleneck-15', 'Conv2d-51', 'BatchNorm2d-51', 'ReLU-47', 'Conv2d-52', 'BatchNorm2d-52', 'ReLU-48', 'Conv2d-53', 'BatchNorm2d-53', 'ReLU-49', 'Bottleneck-16', 'AdaptiveAvgPool2d-1', 'Identity-1', 'ResNet-1']
Total number of layers: 175
Empty layer shape for layer Conv2d-51: torch.Size([1, 512, 7, 7])
Empty layer features flattened shape for layer Conv2d-51: torch.Size([1, 25088])
Stimulus batch shape: (128,)
DataLoader created with batch size: 16
Extracted and cached features for model: ResNet50-SimCLR_selfsupervised
PID Results:
  red: 9.547425159450883
  unq1: 0.749885159861174
  unq2: 1.1993240411235533
  syn: 1.081927089051872
Mutual Information Results:
  tri_mi: 12.578561449487484
  bi_mi_1: 10.297310319312059
  bi_mi_2: 10.746749200574438
Completed PID for pair: hardcorenas_f_classification, ResNet50-SimCLR_selfsupervised. Results appended to /home/ohadshee/Desktop/Partial-Information-Decomposition/pipeline/analysis/pca_analysis/all_models_pairwise/pairwise_pid_results_srp_pca.csv
Model options for ResNet50-DeepClusterV2-2x224_selfsupervised: {'model_name': 'ResNet50-DeepClusterV2-2x224', 'train_type': 'selfsupervised', 'train_data': 'imagenet', 'model_source': 'vissl', 'call': "get_vissl_model('ResNet50-DeepClusterV2-2x224')"}
Image transforms for ResNet50-DeepClusterV2-2x224_selfsupervised: Compose(
    Resize(size=(224, 224), interpolation=bilinear, max_size=None, antialias=True)
    ToTensor()
    Normalize(mean=[0.485, 0.456, 0.406], std=[0.229, 0.224, 0.225])
)
Loaded model: ResNet50-DeepClusterV2-2x224_selfsupervised
Ordered layers from model: ['Conv2d-1', 'BatchNorm2d-1', 'ReLU-1', 'MaxPool2d-1', 'Conv2d-2', 'BatchNorm2d-2', 'ReLU-2', 'Conv2d-3', 'BatchNorm2d-3', 'ReLU-3', 'Conv2d-4', 'BatchNorm2d-4', 'Conv2d-5', 'BatchNorm2d-5', 'ReLU-4', 'Bottleneck-1', 'Conv2d-6', 'BatchNorm2d-6', 'ReLU-5', 'Conv2d-7', 'BatchNorm2d-7', 'ReLU-6', 'Conv2d-8', 'BatchNorm2d-8', 'ReLU-7', 'Bottleneck-2', 'Conv2d-9', 'BatchNorm2d-9', 'ReLU-8', 'Conv2d-10', 'BatchNorm2d-10', 'ReLU-9', 'Conv2d-11', 'BatchNorm2d-11', 'ReLU-10', 'Bottleneck-3', 'Conv2d-12', 'BatchNorm2d-12', 'ReLU-11', 'Conv2d-13', 'BatchNorm2d-13', 'ReLU-12', 'Conv2d-14', 'BatchNorm2d-14', 'Conv2d-15', 'BatchNorm2d-15', 'ReLU-13', 'Bottleneck-4', 'Conv2d-16', 'BatchNorm2d-16', 'ReLU-14', 'Conv2d-17', 'BatchNorm2d-17', 'ReLU-15', 'Conv2d-18', 'BatchNorm2d-18', 'ReLU-16', 'Bottleneck-5', 'Conv2d-19', 'BatchNorm2d-19', 'ReLU-17', 'Conv2d-20', 'BatchNorm2d-20', 'ReLU-18', 'Conv2d-21', 'BatchNorm2d-21', 'ReLU-19', 'Bottleneck-6', 'Conv2d-22', 'BatchNorm2d-22', 'ReLU-20', 'Conv2d-23', 'BatchNorm2d-23', 'ReLU-21', 'Conv2d-24', 'BatchNorm2d-24', 'ReLU-22', 'Bottleneck-7', 'Conv2d-25', 'BatchNorm2d-25', 'ReLU-23', 'Conv2d-26', 'BatchNorm2d-26', 'ReLU-24', 'Conv2d-27', 'BatchNorm2d-27', 'Conv2d-28', 'BatchNorm2d-28', 'ReLU-25', 'Bottleneck-8', 'Conv2d-29', 'BatchNorm2d-29', 'ReLU-26', 'Conv2d-30', 'BatchNorm2d-30', 'ReLU-27', 'Conv2d-31', 'BatchNorm2d-31', 'ReLU-28', 'Bottleneck-9', 'Conv2d-32', 'BatchNorm2d-32', 'ReLU-29', 'Conv2d-33', 'BatchNorm2d-33', 'ReLU-30', 'Conv2d-34', 'BatchNorm2d-34', 'ReLU-31', 'Bottleneck-10', 'Conv2d-35', 'BatchNorm2d-35', 'ReLU-32', 'Conv2d-36', 'BatchNorm2d-36', 'ReLU-33', 'Conv2d-37', 'BatchNorm2d-37', 'ReLU-34', 'Bottleneck-11', 'Conv2d-38', 'BatchNorm2d-38', 'ReLU-35', 'Conv2d-39', 'BatchNorm2d-39', 'ReLU-36', 'Conv2d-40', 'BatchNorm2d-40', 'ReLU-37', 'Bottleneck-12', 'Conv2d-41', 'BatchNorm2d-41', 'ReLU-38', 'Conv2d-42', 'BatchNorm2d-42', 'ReLU-39', 'Conv2d-43', 'BatchNorm2d-43', 'ReLU-40', 'Bottleneck-13', 'Conv2d-44', 'BatchNorm2d-44', 'ReLU-41', 'Conv2d-45', 'BatchNorm2d-45', 'ReLU-42', 'Conv2d-46', 'BatchNorm2d-46', 'Conv2d-47', 'BatchNorm2d-47', 'ReLU-43', 'Bottleneck-14', 'Conv2d-48', 'BatchNorm2d-48', 'ReLU-44', 'Conv2d-49', 'BatchNorm2d-49', 'ReLU-45', 'Conv2d-50', 'BatchNorm2d-50', 'ReLU-46', 'Bottleneck-15', 'Conv2d-51', 'BatchNorm2d-51', 'ReLU-47', 'Conv2d-52', 'BatchNorm2d-52', 'ReLU-48', 'Conv2d-53', 'BatchNorm2d-53', 'ReLU-49', 'Bottleneck-16', 'AdaptiveAvgPool2d-1', 'Identity-1', 'ResNet-1']
Total number of layers: 175
Empty layer shape for layer Conv2d-51: torch.Size([1, 512, 7, 7])
Empty layer features flattened shape for layer Conv2d-51: torch.Size([1, 25088])
Stimulus batch shape: (128,)
DataLoader created with batch size: 16
Extracted and cached features for model: ResNet50-DeepClusterV2-2x224_selfsupervised
PID Results:
  red: 9.682355264315628
  unq1: 0.6149550549964324
  unq2: 0.8875455060560267
  syn: 1.0532516004496095
Mutual Information Results:
  tri_mi: 12.238107425817695
  bi_mi_1: 10.297310319312059
  bi_mi_2: 10.569900770371653
Completed PID for pair: hardcorenas_f_classification, ResNet50-DeepClusterV2-2x224_selfsupervised. Results appended to /home/ohadshee/Desktop/Partial-Information-Decomposition/pipeline/analysis/pca_analysis/all_models_pairwise/pairwise_pid_results_srp_pca.csv
Model options for ResNet50-SwAV-BS4096-2x224_selfsupervised: {'model_name': 'ResNet50-SwAV-BS4096-2x224', 'train_type': 'selfsupervised', 'train_data': 'imagenet', 'model_source': 'vissl', 'call': "get_vissl_model('ResNet50-SwAV-BS4096-2x224')"}
Image transforms for ResNet50-SwAV-BS4096-2x224_selfsupervised: Compose(
    Resize(size=(224, 224), interpolation=bilinear, max_size=None, antialias=True)
    ToTensor()
    Normalize(mean=[0.485, 0.456, 0.406], std=[0.229, 0.224, 0.225])
)
Loaded model: ResNet50-SwAV-BS4096-2x224_selfsupervised
Ordered layers from model: ['Conv2d-1', 'BatchNorm2d-1', 'ReLU-1', 'MaxPool2d-1', 'Conv2d-2', 'BatchNorm2d-2', 'ReLU-2', 'Conv2d-3', 'BatchNorm2d-3', 'ReLU-3', 'Conv2d-4', 'BatchNorm2d-4', 'Conv2d-5', 'BatchNorm2d-5', 'ReLU-4', 'Bottleneck-1', 'Conv2d-6', 'BatchNorm2d-6', 'ReLU-5', 'Conv2d-7', 'BatchNorm2d-7', 'ReLU-6', 'Conv2d-8', 'BatchNorm2d-8', 'ReLU-7', 'Bottleneck-2', 'Conv2d-9', 'BatchNorm2d-9', 'ReLU-8', 'Conv2d-10', 'BatchNorm2d-10', 'ReLU-9', 'Conv2d-11', 'BatchNorm2d-11', 'ReLU-10', 'Bottleneck-3', 'Conv2d-12', 'BatchNorm2d-12', 'ReLU-11', 'Conv2d-13', 'BatchNorm2d-13', 'ReLU-12', 'Conv2d-14', 'BatchNorm2d-14', 'Conv2d-15', 'BatchNorm2d-15', 'ReLU-13', 'Bottleneck-4', 'Conv2d-16', 'BatchNorm2d-16', 'ReLU-14', 'Conv2d-17', 'BatchNorm2d-17', 'ReLU-15', 'Conv2d-18', 'BatchNorm2d-18', 'ReLU-16', 'Bottleneck-5', 'Conv2d-19', 'BatchNorm2d-19', 'ReLU-17', 'Conv2d-20', 'BatchNorm2d-20', 'ReLU-18', 'Conv2d-21', 'BatchNorm2d-21', 'ReLU-19', 'Bottleneck-6', 'Conv2d-22', 'BatchNorm2d-22', 'ReLU-20', 'Conv2d-23', 'BatchNorm2d-23', 'ReLU-21', 'Conv2d-24', 'BatchNorm2d-24', 'ReLU-22', 'Bottleneck-7', 'Conv2d-25', 'BatchNorm2d-25', 'ReLU-23', 'Conv2d-26', 'BatchNorm2d-26', 'ReLU-24', 'Conv2d-27', 'BatchNorm2d-27', 'Conv2d-28', 'BatchNorm2d-28', 'ReLU-25', 'Bottleneck-8', 'Conv2d-29', 'BatchNorm2d-29', 'ReLU-26', 'Conv2d-30', 'BatchNorm2d-30', 'ReLU-27', 'Conv2d-31', 'BatchNorm2d-31', 'ReLU-28', 'Bottleneck-9', 'Conv2d-32', 'BatchNorm2d-32', 'ReLU-29', 'Conv2d-33', 'BatchNorm2d-33', 'ReLU-30', 'Conv2d-34', 'BatchNorm2d-34', 'ReLU-31', 'Bottleneck-10', 'Conv2d-35', 'BatchNorm2d-35', 'ReLU-32', 'Conv2d-36', 'BatchNorm2d-36', 'ReLU-33', 'Conv2d-37', 'BatchNorm2d-37', 'ReLU-34', 'Bottleneck-11', 'Conv2d-38', 'BatchNorm2d-38', 'ReLU-35', 'Conv2d-39', 'BatchNorm2d-39', 'ReLU-36', 'Conv2d-40', 'BatchNorm2d-40', 'ReLU-37', 'Bottleneck-12', 'Conv2d-41', 'BatchNorm2d-41', 'ReLU-38', 'Conv2d-42', 'BatchNorm2d-42', 'ReLU-39', 'Conv2d-43', 'BatchNorm2d-43', 'ReLU-40', 'Bottleneck-13', 'Conv2d-44', 'BatchNorm2d-44', 'ReLU-41', 'Conv2d-45', 'BatchNorm2d-45', 'ReLU-42', 'Conv2d-46', 'BatchNorm2d-46', 'Conv2d-47', 'BatchNorm2d-47', 'ReLU-43', 'Bottleneck-14', 'Conv2d-48', 'BatchNorm2d-48', 'ReLU-44', 'Conv2d-49', 'BatchNorm2d-49', 'ReLU-45', 'Conv2d-50', 'BatchNorm2d-50', 'ReLU-46', 'Bottleneck-15', 'Conv2d-51', 'BatchNorm2d-51', 'ReLU-47', 'Conv2d-52', 'BatchNorm2d-52', 'ReLU-48', 'Conv2d-53', 'BatchNorm2d-53', 'ReLU-49', 'Bottleneck-16', 'AdaptiveAvgPool2d-1', 'Identity-1', 'ResNet-1']
Total number of layers: 175
Empty layer shape for layer Conv2d-52: torch.Size([1, 512, 7, 7])
Empty layer features flattened shape for layer Conv2d-52: torch.Size([1, 25088])
Stimulus batch shape: (128,)
DataLoader created with batch size: 16
Extracted and cached features for model: ResNet50-SwAV-BS4096-2x224_selfsupervised
PID Results:
  red: 9.426410908462666
  unq1: 0.870899410849395
  unq2: 1.0692545878180724
  syn: 1.0402611503648505
Mutual Information Results:
  tri_mi: 12.406826057494982
  bi_mi_1: 10.297310319312059
  bi_mi_2: 10.495665496280736
Completed PID for pair: hardcorenas_f_classification, ResNet50-SwAV-BS4096-2x224_selfsupervised. Results appended to /home/ohadshee/Desktop/Partial-Information-Decomposition/pipeline/analysis/pca_analysis/all_models_pairwise/pairwise_pid_results_srp_pca.csv
Model options for ResNet50-PIRL_selfsupervised: {'model_name': 'ResNet50-PIRL', 'train_type': 'selfsupervised', 'train_data': 'imagenet', 'model_source': 'vissl', 'call': "get_vissl_model('ResNet50-PIRL')"}
Image transforms for ResNet50-PIRL_selfsupervised: Compose(
    Resize(size=(224, 224), interpolation=bilinear, max_size=None, antialias=True)
    ToTensor()
    Normalize(mean=[0.485, 0.456, 0.406], std=[0.229, 0.224, 0.225])
)
Loaded model: ResNet50-PIRL_selfsupervised
Ordered layers from model: ['Conv2d-1', 'BatchNorm2d-1', 'ReLU-1', 'MaxPool2d-1', 'Conv2d-2', 'BatchNorm2d-2', 'ReLU-2', 'Conv2d-3', 'BatchNorm2d-3', 'ReLU-3', 'Conv2d-4', 'BatchNorm2d-4', 'Conv2d-5', 'BatchNorm2d-5', 'ReLU-4', 'Bottleneck-1', 'Conv2d-6', 'BatchNorm2d-6', 'ReLU-5', 'Conv2d-7', 'BatchNorm2d-7', 'ReLU-6', 'Conv2d-8', 'BatchNorm2d-8', 'ReLU-7', 'Bottleneck-2', 'Conv2d-9', 'BatchNorm2d-9', 'ReLU-8', 'Conv2d-10', 'BatchNorm2d-10', 'ReLU-9', 'Conv2d-11', 'BatchNorm2d-11', 'ReLU-10', 'Bottleneck-3', 'Conv2d-12', 'BatchNorm2d-12', 'ReLU-11', 'Conv2d-13', 'BatchNorm2d-13', 'ReLU-12', 'Conv2d-14', 'BatchNorm2d-14', 'Conv2d-15', 'BatchNorm2d-15', 'ReLU-13', 'Bottleneck-4', 'Conv2d-16', 'BatchNorm2d-16', 'ReLU-14', 'Conv2d-17', 'BatchNorm2d-17', 'ReLU-15', 'Conv2d-18', 'BatchNorm2d-18', 'ReLU-16', 'Bottleneck-5', 'Conv2d-19', 'BatchNorm2d-19', 'ReLU-17', 'Conv2d-20', 'BatchNorm2d-20', 'ReLU-18', 'Conv2d-21', 'BatchNorm2d-21', 'ReLU-19', 'Bottleneck-6', 'Conv2d-22', 'BatchNorm2d-22', 'ReLU-20', 'Conv2d-23', 'BatchNorm2d-23', 'ReLU-21', 'Conv2d-24', 'BatchNorm2d-24', 'ReLU-22', 'Bottleneck-7', 'Conv2d-25', 'BatchNorm2d-25', 'ReLU-23', 'Conv2d-26', 'BatchNorm2d-26', 'ReLU-24', 'Conv2d-27', 'BatchNorm2d-27', 'Conv2d-28', 'BatchNorm2d-28', 'ReLU-25', 'Bottleneck-8', 'Conv2d-29', 'BatchNorm2d-29', 'ReLU-26', 'Conv2d-30', 'BatchNorm2d-30', 'ReLU-27', 'Conv2d-31', 'BatchNorm2d-31', 'ReLU-28', 'Bottleneck-9', 'Conv2d-32', 'BatchNorm2d-32', 'ReLU-29', 'Conv2d-33', 'BatchNorm2d-33', 'ReLU-30', 'Conv2d-34', 'BatchNorm2d-34', 'ReLU-31', 'Bottleneck-10', 'Conv2d-35', 'BatchNorm2d-35', 'ReLU-32', 'Conv2d-36', 'BatchNorm2d-36', 'ReLU-33', 'Conv2d-37', 'BatchNorm2d-37', 'ReLU-34', 'Bottleneck-11', 'Conv2d-38', 'BatchNorm2d-38', 'ReLU-35', 'Conv2d-39', 'BatchNorm2d-39', 'ReLU-36', 'Conv2d-40', 'BatchNorm2d-40', 'ReLU-37', 'Bottleneck-12', 'Conv2d-41', 'BatchNorm2d-41', 'ReLU-38', 'Conv2d-42', 'BatchNorm2d-42', 'ReLU-39', 'Conv2d-43', 'BatchNorm2d-43', 'ReLU-40', 'Bottleneck-13', 'Conv2d-44', 'BatchNorm2d-44', 'ReLU-41', 'Conv2d-45', 'BatchNorm2d-45', 'ReLU-42', 'Conv2d-46', 'BatchNorm2d-46', 'Conv2d-47', 'BatchNorm2d-47', 'ReLU-43', 'Bottleneck-14', 'Conv2d-48', 'BatchNorm2d-48', 'ReLU-44', 'Conv2d-49', 'BatchNorm2d-49', 'ReLU-45', 'Conv2d-50', 'BatchNorm2d-50', 'ReLU-46', 'Bottleneck-15', 'Conv2d-51', 'BatchNorm2d-51', 'ReLU-47', 'Conv2d-52', 'BatchNorm2d-52', 'ReLU-48', 'Conv2d-53', 'BatchNorm2d-53', 'ReLU-49', 'Bottleneck-16', 'AdaptiveAvgPool2d-1', 'Identity-1', 'ResNet-1']
Total number of layers: 175
Empty layer shape for layer Conv2d-52: torch.Size([1, 512, 7, 7])
Empty layer features flattened shape for layer Conv2d-52: torch.Size([1, 25088])
Stimulus batch shape: (128,)
DataLoader created with batch size: 16
Extracted and cached features for model: ResNet50-PIRL_selfsupervised
PID Results:
  red: 9.218659937090862
  unq1: 1.0786503822211984
  unq2: 0.8942381627109288
  syn: 1.1805486286726286
Mutual Information Results:
  tri_mi: 12.372097110695616
  bi_mi_1: 10.297310319312059
  bi_mi_2: 10.11289809980179
Completed PID for pair: hardcorenas_f_classification, ResNet50-PIRL_selfsupervised. Results appended to /home/ohadshee/Desktop/Partial-Information-Decomposition/pipeline/analysis/pca_analysis/all_models_pairwise/pairwise_pid_results_srp_pca.csv
Model options for ResNet50-ClusterFit-16K-RotNet_selfsupervised: {'model_name': 'ResNet50-ClusterFit-16K-RotNet', 'train_type': 'selfsupervised', 'train_data': 'imagenet', 'model_source': 'vissl', 'call': "get_vissl_model('ResNet50-ClusterFit-16K-RotNet')"}
Image transforms for ResNet50-ClusterFit-16K-RotNet_selfsupervised: Compose(
    Resize(size=(224, 224), interpolation=bilinear, max_size=None, antialias=True)
    ToTensor()
    Normalize(mean=[0.485, 0.456, 0.406], std=[0.229, 0.224, 0.225])
)
Loaded model: ResNet50-ClusterFit-16K-RotNet_selfsupervised
Ordered layers from model: ['Conv2d-1', 'BatchNorm2d-1', 'ReLU-1', 'MaxPool2d-1', 'Conv2d-2', 'BatchNorm2d-2', 'ReLU-2', 'Conv2d-3', 'BatchNorm2d-3', 'ReLU-3', 'Conv2d-4', 'BatchNorm2d-4', 'Conv2d-5', 'BatchNorm2d-5', 'ReLU-4', 'Bottleneck-1', 'Conv2d-6', 'BatchNorm2d-6', 'ReLU-5', 'Conv2d-7', 'BatchNorm2d-7', 'ReLU-6', 'Conv2d-8', 'BatchNorm2d-8', 'ReLU-7', 'Bottleneck-2', 'Conv2d-9', 'BatchNorm2d-9', 'ReLU-8', 'Conv2d-10', 'BatchNorm2d-10', 'ReLU-9', 'Conv2d-11', 'BatchNorm2d-11', 'ReLU-10', 'Bottleneck-3', 'Conv2d-12', 'BatchNorm2d-12', 'ReLU-11', 'Conv2d-13', 'BatchNorm2d-13', 'ReLU-12', 'Conv2d-14', 'BatchNorm2d-14', 'Conv2d-15', 'BatchNorm2d-15', 'ReLU-13', 'Bottleneck-4', 'Conv2d-16', 'BatchNorm2d-16', 'ReLU-14', 'Conv2d-17', 'BatchNorm2d-17', 'ReLU-15', 'Conv2d-18', 'BatchNorm2d-18', 'ReLU-16', 'Bottleneck-5', 'Conv2d-19', 'BatchNorm2d-19', 'ReLU-17', 'Conv2d-20', 'BatchNorm2d-20', 'ReLU-18', 'Conv2d-21', 'BatchNorm2d-21', 'ReLU-19', 'Bottleneck-6', 'Conv2d-22', 'BatchNorm2d-22', 'ReLU-20', 'Conv2d-23', 'BatchNorm2d-23', 'ReLU-21', 'Conv2d-24', 'BatchNorm2d-24', 'ReLU-22', 'Bottleneck-7', 'Conv2d-25', 'BatchNorm2d-25', 'ReLU-23', 'Conv2d-26', 'BatchNorm2d-26', 'ReLU-24', 'Conv2d-27', 'BatchNorm2d-27', 'Conv2d-28', 'BatchNorm2d-28', 'ReLU-25', 'Bottleneck-8', 'Conv2d-29', 'BatchNorm2d-29', 'ReLU-26', 'Conv2d-30', 'BatchNorm2d-30', 'ReLU-27', 'Conv2d-31', 'BatchNorm2d-31', 'ReLU-28', 'Bottleneck-9', 'Conv2d-32', 'BatchNorm2d-32', 'ReLU-29', 'Conv2d-33', 'BatchNorm2d-33', 'ReLU-30', 'Conv2d-34', 'BatchNorm2d-34', 'ReLU-31', 'Bottleneck-10', 'Conv2d-35', 'BatchNorm2d-35', 'ReLU-32', 'Conv2d-36', 'BatchNorm2d-36', 'ReLU-33', 'Conv2d-37', 'BatchNorm2d-37', 'ReLU-34', 'Bottleneck-11', 'Conv2d-38', 'BatchNorm2d-38', 'ReLU-35', 'Conv2d-39', 'BatchNorm2d-39', 'ReLU-36', 'Conv2d-40', 'BatchNorm2d-40', 'ReLU-37', 'Bottleneck-12', 'Conv2d-41', 'BatchNorm2d-41', 'ReLU-38', 'Conv2d-42', 'BatchNorm2d-42', 'ReLU-39', 'Conv2d-43', 'BatchNorm2d-43', 'ReLU-40', 'Bottleneck-13', 'Conv2d-44', 'BatchNorm2d-44', 'ReLU-41', 'Conv2d-45', 'BatchNorm2d-45', 'ReLU-42', 'Conv2d-46', 'BatchNorm2d-46', 'Conv2d-47', 'BatchNorm2d-47', 'ReLU-43', 'Bottleneck-14', 'Conv2d-48', 'BatchNorm2d-48', 'ReLU-44', 'Conv2d-49', 'BatchNorm2d-49', 'ReLU-45', 'Conv2d-50', 'BatchNorm2d-50', 'ReLU-46', 'Bottleneck-15', 'Conv2d-51', 'BatchNorm2d-51', 'ReLU-47', 'Conv2d-52', 'BatchNorm2d-52', 'ReLU-48', 'Conv2d-53', 'BatchNorm2d-53', 'ReLU-49', 'Bottleneck-16', 'AdaptiveAvgPool2d-1', 'Identity-1', 'ResNet-1']
Total number of layers: 175
Empty layer shape for layer ReLU-46: torch.Size([1, 2048, 7, 7])
Empty layer features flattened shape for layer ReLU-46: torch.Size([1, 100352])
Stimulus batch shape: (128,)
DataLoader created with batch size: 16
Extracted and cached features for model: ResNet50-ClusterFit-16K-RotNet_selfsupervised
PID Results:
  red: 8.581624850458452
  unq1: 1.7156854688536072
  unq2: 0.5999288772655582
  syn: 1.129601881063623
Mutual Information Results:
  tri_mi: 12.02684107764124
  bi_mi_1: 10.297310319312059
  bi_mi_2: 9.18155372772401
Completed PID for pair: hardcorenas_f_classification, ResNet50-ClusterFit-16K-RotNet_selfsupervised. Results appended to /home/ohadshee/Desktop/Partial-Information-Decomposition/pipeline/analysis/pca_analysis/all_models_pairwise/pairwise_pid_results_srp_pca.csv
Model options for ResNet50-MoCoV2-BS256_selfsupervised: {'model_name': 'ResNet50-MoCoV2-BS256', 'train_type': 'selfsupervised', 'train_data': 'imagenet', 'model_source': 'vissl', 'call': "get_vissl_model('ResNet50-MoCoV2-BS256')"}
Image transforms for ResNet50-MoCoV2-BS256_selfsupervised: Compose(
    Resize(size=(224, 224), interpolation=bilinear, max_size=None, antialias=True)
    ToTensor()
    Normalize(mean=[0.485, 0.456, 0.406], std=[0.229, 0.224, 0.225])
)
Loaded model: ResNet50-MoCoV2-BS256_selfsupervised
Ordered layers from model: ['Conv2d-1', 'BatchNorm2d-1', 'ReLU-1', 'MaxPool2d-1', 'Conv2d-2', 'BatchNorm2d-2', 'ReLU-2', 'Conv2d-3', 'BatchNorm2d-3', 'ReLU-3', 'Conv2d-4', 'BatchNorm2d-4', 'Conv2d-5', 'BatchNorm2d-5', 'ReLU-4', 'Bottleneck-1', 'Conv2d-6', 'BatchNorm2d-6', 'ReLU-5', 'Conv2d-7', 'BatchNorm2d-7', 'ReLU-6', 'Conv2d-8', 'BatchNorm2d-8', 'ReLU-7', 'Bottleneck-2', 'Conv2d-9', 'BatchNorm2d-9', 'ReLU-8', 'Conv2d-10', 'BatchNorm2d-10', 'ReLU-9', 'Conv2d-11', 'BatchNorm2d-11', 'ReLU-10', 'Bottleneck-3', 'Conv2d-12', 'BatchNorm2d-12', 'ReLU-11', 'Conv2d-13', 'BatchNorm2d-13', 'ReLU-12', 'Conv2d-14', 'BatchNorm2d-14', 'Conv2d-15', 'BatchNorm2d-15', 'ReLU-13', 'Bottleneck-4', 'Conv2d-16', 'BatchNorm2d-16', 'ReLU-14', 'Conv2d-17', 'BatchNorm2d-17', 'ReLU-15', 'Conv2d-18', 'BatchNorm2d-18', 'ReLU-16', 'Bottleneck-5', 'Conv2d-19', 'BatchNorm2d-19', 'ReLU-17', 'Conv2d-20', 'BatchNorm2d-20', 'ReLU-18', 'Conv2d-21', 'BatchNorm2d-21', 'ReLU-19', 'Bottleneck-6', 'Conv2d-22', 'BatchNorm2d-22', 'ReLU-20', 'Conv2d-23', 'BatchNorm2d-23', 'ReLU-21', 'Conv2d-24', 'BatchNorm2d-24', 'ReLU-22', 'Bottleneck-7', 'Conv2d-25', 'BatchNorm2d-25', 'ReLU-23', 'Conv2d-26', 'BatchNorm2d-26', 'ReLU-24', 'Conv2d-27', 'BatchNorm2d-27', 'Conv2d-28', 'BatchNorm2d-28', 'ReLU-25', 'Bottleneck-8', 'Conv2d-29', 'BatchNorm2d-29', 'ReLU-26', 'Conv2d-30', 'BatchNorm2d-30', 'ReLU-27', 'Conv2d-31', 'BatchNorm2d-31', 'ReLU-28', 'Bottleneck-9', 'Conv2d-32', 'BatchNorm2d-32', 'ReLU-29', 'Conv2d-33', 'BatchNorm2d-33', 'ReLU-30', 'Conv2d-34', 'BatchNorm2d-34', 'ReLU-31', 'Bottleneck-10', 'Conv2d-35', 'BatchNorm2d-35', 'ReLU-32', 'Conv2d-36', 'BatchNorm2d-36', 'ReLU-33', 'Conv2d-37', 'BatchNorm2d-37', 'ReLU-34', 'Bottleneck-11', 'Conv2d-38', 'BatchNorm2d-38', 'ReLU-35', 'Conv2d-39', 'BatchNorm2d-39', 'ReLU-36', 'Conv2d-40', 'BatchNorm2d-40', 'ReLU-37', 'Bottleneck-12', 'Conv2d-41', 'BatchNorm2d-41', 'ReLU-38', 'Conv2d-42', 'BatchNorm2d-42', 'ReLU-39', 'Conv2d-43', 'BatchNorm2d-43', 'ReLU-40', 'Bottleneck-13', 'Conv2d-44', 'BatchNorm2d-44', 'ReLU-41', 'Conv2d-45', 'BatchNorm2d-45', 'ReLU-42', 'Conv2d-46', 'BatchNorm2d-46', 'Conv2d-47', 'BatchNorm2d-47', 'ReLU-43', 'Bottleneck-14', 'Conv2d-48', 'BatchNorm2d-48', 'ReLU-44', 'Conv2d-49', 'BatchNorm2d-49', 'ReLU-45', 'Conv2d-50', 'BatchNorm2d-50', 'ReLU-46', 'Bottleneck-15', 'Conv2d-51', 'BatchNorm2d-51', 'ReLU-47', 'Conv2d-52', 'BatchNorm2d-52', 'ReLU-48', 'Conv2d-53', 'BatchNorm2d-53', 'ReLU-49', 'Bottleneck-16', 'AdaptiveAvgPool2d-1', 'Identity-1', 'ResNet-1']
Total number of layers: 175
Empty layer shape for layer Conv2d-49: torch.Size([1, 512, 7, 7])
Empty layer features flattened shape for layer Conv2d-49: torch.Size([1, 25088])
Stimulus batch shape: (128,)
DataLoader created with batch size: 16
