------------------------------------
Mon 20 Jul 2026 18:09:05 IDT
SLURM_JOBID:		19461119
SLURM_JOB_NODELIST:	cs-6000-03
SLURM_SCRATCH_DIR:	/scratch/ohadshee/19461119
Allocated Resouces:	cpu - 8 / mem -  MB / gpu - 1
SLURM_GPU_INDEX:	3
Running as ohadshee from golan.neuro account with golan-neuro QOS
------------------------------------
Running on host: cs-6000-03.auth.ad.bgu.ac.il
Job ID: 19461119
Project root directory: /home/ohadshee/Desktop/Partial-Information-Decomposition/external/mayas_project
Using device: cuda
Results will be saved to:
 /home/ohadshee/Desktop/Partial-Information-Decomposition/pipeline/analysis/ridge_analysis/GPU_200_pcs_correlations_by_model.csv
Starting model: nf_resnet50_classification
Number of images: 73000
Image shape: (425, 425, 3), dtype: uint8
nsdID shape: (73000,), Shared1000 shape: (73000,)
Neural data shape: (10000, 8088)
Image IDs shape: (10000,)
Number of voxels: 8088
Number of projections for SRP: 7894

Loaded target with shape (10000, 8088).
Model options for nf_resnet50_classification: {'model_name': 'nf_resnet50', 'train_type': 'classification', 'train_data': 'imagenet', 'model_source': 'timm', 'call': "get_timm_model('nf_resnet50', pretrained = True)"}
Image transforms for nf_resnet50_classification: Compose(
    Resize(size=(224, 224), interpolation=bicubic, max_size=None, antialias=True)
    MaybeToTensor()
    Normalize(mean=tensor([0.4850, 0.4560, 0.4060]), std=tensor([0.2290, 0.2240, 0.2250]))
)
Loaded model: nf_resnet50_classification
Ordered layers from model: ['ScaledStdConv2d-1', 'MaxPool2d-1', 'ReLU-1', 'Identity-1', 'ScaledStdConv2d-2', 'DownsampleAvg-1', 'ScaledStdConv2d-3', 'ReLU-2', 'ScaledStdConv2d-4', 'ReLU-3', 'ScaledStdConv2d-5', 'Identity-2', 'NormFreeBlock-1', 'ReLU-4', 'ScaledStdConv2d-6', 'ReLU-5', 'ScaledStdConv2d-7', 'ReLU-6', 'ScaledStdConv2d-8', 'Identity-3', 'NormFreeBlock-2', 'ReLU-7', 'ScaledStdConv2d-9', 'ReLU-8', 'ScaledStdConv2d-10', 'ReLU-9', 'ScaledStdConv2d-11', 'Identity-4', 'NormFreeBlock-3', 'ReLU-10', 'AvgPool2d-1', 'ScaledStdConv2d-12', 'DownsampleAvg-2', 'ScaledStdConv2d-13', 'ReLU-11', 'ScaledStdConv2d-14', 'ReLU-12', 'ScaledStdConv2d-15', 'Identity-5', 'NormFreeBlock-4', 'ReLU-13', 'ScaledStdConv2d-16', 'ReLU-14', 'ScaledStdConv2d-17', 'ReLU-15', 'ScaledStdConv2d-18', 'Identity-6', 'NormFreeBlock-5', 'ReLU-16', 'ScaledStdConv2d-19', 'ReLU-17', 'ScaledStdConv2d-20', 'ReLU-18', 'ScaledStdConv2d-21', 'Identity-7', 'NormFreeBlock-6', 'ReLU-19', 'ScaledStdConv2d-22', 'ReLU-20', 'ScaledStdConv2d-23', 'ReLU-21', 'ScaledStdConv2d-24', 'Identity-8', 'NormFreeBlock-7', 'ReLU-22', 'AvgPool2d-2', 'ScaledStdConv2d-25', 'DownsampleAvg-3', 'ScaledStdConv2d-26', 'ReLU-23', 'ScaledStdConv2d-27', 'ReLU-24', 'ScaledStdConv2d-28', 'Identity-9', 'NormFreeBlock-8', 'ReLU-25', 'ScaledStdConv2d-29', 'ReLU-26', 'ScaledStdConv2d-30', 'ReLU-27', 'ScaledStdConv2d-31', 'Identity-10', 'NormFreeBlock-9', 'ReLU-28', 'ScaledStdConv2d-32', 'ReLU-29', 'ScaledStdConv2d-33', 'ReLU-30', 'ScaledStdConv2d-34', 'Identity-11', 'NormFreeBlock-10', 'ReLU-31', 'ScaledStdConv2d-35', 'ReLU-32', 'ScaledStdConv2d-36', 'ReLU-33', 'ScaledStdConv2d-37', 'Identity-12', 'NormFreeBlock-11', 'ReLU-34', 'ScaledStdConv2d-38', 'ReLU-35', 'ScaledStdConv2d-39', 'ReLU-36', 'ScaledStdConv2d-40', 'Identity-13', 'NormFreeBlock-12', 'ReLU-37', 'ScaledStdConv2d-41', 'ReLU-38', 'ScaledStdConv2d-42', 'ReLU-39', 'ScaledStdConv2d-43', 'Identity-14', 'NormFreeBlock-13', 'ReLU-40', 'AvgPool2d-3', 'ScaledStdConv2d-44', 'DownsampleAvg-4', 'ScaledStdConv2d-45', 'ReLU-41', 'ScaledStdConv2d-46', 'ReLU-42', 'ScaledStdConv2d-47', 'Identity-15', 'NormFreeBlock-14', 'ReLU-43', 'ScaledStdConv2d-48', 'ReLU-44', 'ScaledStdConv2d-49', 'ReLU-45', 'ScaledStdConv2d-50', 'Identity-16', 'NormFreeBlock-15', 'ReLU-46', 'ScaledStdConv2d-51', 'ReLU-47', 'ScaledStdConv2d-52', 'ReLU-48', 'ScaledStdConv2d-53', 'Identity-17', 'NormFreeBlock-16', 'Identity-18', 'ReLU-49', 'AdaptiveAvgPool2d-1', 'Flatten-1', 'SelectAdaptivePool2d-1', 'Dropout-1', 'Linear-1', 'Identity-19', 'ClassifierHead-1', 'NormFreeNet-1']
Total number of layers: 152
Starting to extract features for nf_resnet50_classification at layer 141

==================================================
Processing layer: NormFreeBlock-16 from model: nf_resnet50_classification

For model nf_resnet50_classification Layer NormFreeBlock-16: Extracting features for 10000 images in batches of 128...
Feature extraction for model nf_resnet50_classification layer NormFreeBlock-16 completed in 131.50 seconds.

Features shape: (10000, 100352), Train target shape: (9000, 200), Shared target shape: (1000, 200)
Running ridge regression for 200 PCs on model nf_resnet50_classification at layer 141
Running analysis for 200 PCs
Running analysis for PC index 0
Centering data before using scikit-learn on GPU
NOTE: Using GPU for ridge regression.
Warning: RidgeCV with fit_intercept=False please center data before using this function. If you want to use fit_intercept=True, please set device=None or device='cpu'.

Predictor device: cuda:0
Target device: cuda:0
Alphas device: cpu
PC index 0 correlation: 0.2794
Running analysis for PC index 1
Centering data before using scikit-learn on GPU
NOTE: Using GPU for ridge regression.
Warning: RidgeCV with fit_intercept=False please center data before using this function. If you want to use fit_intercept=True, please set device=None or device='cpu'.

Predictor device: cuda:0
Target device: cuda:0
Alphas device: cpu
PC index 1 correlation: 0.7217
Running analysis for PC index 2
Centering data before using scikit-learn on GPU
NOTE: Using GPU for ridge regression.
Warning: RidgeCV with fit_intercept=False please center data before using this function. If you want to use fit_intercept=True, please set device=None or device='cpu'.

Predictor device: cuda:0
Target device: cuda:0
Alphas device: cpu
PC index 2 correlation: 0.6497
Running analysis for PC index 3
Centering data before using scikit-learn on GPU
NOTE: Using GPU for ridge regression.
Warning: RidgeCV with fit_intercept=False please center data before using this function. If you want to use fit_intercept=True, please set device=None or device='cpu'.

Predictor device: cuda:0
Target device: cuda:0
Alphas device: cpu
PC index 3 correlation: 0.6300
Running analysis for PC index 4
Centering data before using scikit-learn on GPU
NOTE: Using GPU for ridge regression.
Warning: RidgeCV with fit_intercept=False please center data before using this function. If you want to use fit_intercept=True, please set device=None or device='cpu'.

Predictor device: cuda:0
Target device: cuda:0
Alphas device: cpu
PC index 4 correlation: 0.5211
Running analysis for PC index 5
Centering data before using scikit-learn on GPU
NOTE: Using GPU for ridge regression.
Warning: RidgeCV with fit_intercept=False please center data before using this function. If you want to use fit_intercept=True, please set device=None or device='cpu'.

Predictor device: cuda:0
Target device: cuda:0
Alphas device: cpu
PC index 5 correlation: 0.3160
Running analysis for PC index 6
Centering data before using scikit-learn on GPU
NOTE: Using GPU for ridge regression.
Warning: RidgeCV with fit_intercept=False please center data before using this function. If you want to use fit_intercept=True, please set device=None or device='cpu'.

Predictor device: cuda:0
Target device: cuda:0
Alphas device: cpu
PC index 6 correlation: 0.2922
Running analysis for PC index 7
Centering data before using scikit-learn on GPU
NOTE: Using GPU for ridge regression.
Warning: RidgeCV with fit_intercept=False please center data before using this function. If you want to use fit_intercept=True, please set device=None or device='cpu'.

Predictor device: cuda:0
Target device: cuda:0
Alphas device: cpu
PC index 7 correlation: 0.0695
Running analysis for PC index 8
Centering data before using scikit-learn on GPU
NOTE: Using GPU for ridge regression.
Warning: RidgeCV with fit_intercept=False please center data before using this function. If you want to use fit_intercept=True, please set device=None or device='cpu'.

Predictor device: cuda:0
Target device: cuda:0
Alphas device: cpu
PC index 8 correlation: 0.3343
Running analysis for PC index 9
Centering data before using scikit-learn on GPU
NOTE: Using GPU for ridge regression.
Warning: RidgeCV with fit_intercept=False please center data before using this function. If you want to use fit_intercept=True, please set device=None or device='cpu'.

Predictor device: cuda:0
Target device: cuda:0
Alphas device: cpu
PC index 9 correlation: 0.3478
Running analysis for PC index 10
Centering data before using scikit-learn on GPU
NOTE: Using GPU for ridge regression.
Warning: RidgeCV with fit_intercept=False please center data before using this function. If you want to use fit_intercept=True, please set device=None or device='cpu'.

Predictor device: cuda:0
Target device: cuda:0
Alphas device: cpu
PC index 10 correlation: 0.2821
Running analysis for PC index 11
Centering data before using scikit-learn on GPU
NOTE: Using GPU for ridge regression.
Warning: RidgeCV with fit_intercept=False please center data before using this function. If you want to use fit_intercept=True, please set device=None or device='cpu'.

Predictor device: cuda:0
Target device: cuda:0
Alphas device: cpu
PC index 11 correlation: 0.5860
Running analysis for PC index 12
Centering data before using scikit-learn on GPU
NOTE: Using GPU for ridge regression.
Warning: RidgeCV with fit_intercept=False please center data before using this function. If you want to use fit_intercept=True, please set device=None or device='cpu'.

Predictor device: cuda:0
Target device: cuda:0
Alphas device: cpu
PC index 12 correlation: 0.1464
Running analysis for PC index 13
Centering data before using scikit-learn on GPU
NOTE: Using GPU for ridge regression.
Warning: RidgeCV with fit_intercept=False please center data before using this function. If you want to use fit_intercept=True, please set device=None or device='cpu'.

Predictor device: cuda:0
Target device: cuda:0
Alphas device: cpu
PC index 13 correlation: 0.2517
Running analysis for PC index 14
Centering data before using scikit-learn on GPU
NOTE: Using GPU for ridge regression.
Warning: RidgeCV with fit_intercept=False please center data before using this function. If you want to use fit_intercept=True, please set device=None or device='cpu'.

Predictor device: cuda:0
Target device: cuda:0
Alphas device: cpu
PC index 14 correlation: 0.3292
Running analysis for PC index 15
Centering data before using scikit-learn on GPU
NOTE: Using GPU for ridge regression.
Warning: RidgeCV with fit_intercept=False please center data before using this function. If you want to use fit_intercept=True, please set device=None or device='cpu'.

Predictor device: cuda:0
Target device: cuda:0
Alphas device: cpu
PC index 15 correlation: 0.1475
Running analysis for PC index 16
Centering data before using scikit-learn on GPU
NOTE: Using GPU for ridge regression.
Warning: RidgeCV with fit_intercept=False please center data before using this function. If you want to use fit_intercept=True, please set device=None or device='cpu'.

Predictor device: cuda:0
Target device: cuda:0
Alphas device: cpu
PC index 16 correlation: 0.2218
Running analysis for PC index 17
Centering data before using scikit-learn on GPU
NOTE: Using GPU for ridge regression.
Warning: RidgeCV with fit_intercept=False please center data before using this function. If you want to use fit_intercept=True, please set device=None or device='cpu'.

Predictor device: cuda:0
Target device: cuda:0
Alphas device: cpu
PC index 17 correlation: 0.1198
Running analysis for PC index 18
Centering data before using scikit-learn on GPU
NOTE: Using GPU for ridge regression.
Warning: RidgeCV with fit_intercept=False please center data before using this function. If you want to use fit_intercept=True, please set device=None or device='cpu'.

Predictor device: cuda:0
Target device: cuda:0
Alphas device: cpu
PC index 18 correlation: 0.2235
Running analysis for PC index 19
Centering data before using scikit-learn on GPU
NOTE: Using GPU for ridge regression.
Warning: RidgeCV with fit_intercept=False please center data before using this function. If you want to use fit_intercept=True, please set device=None or device='cpu'.

Predictor device: cuda:0
Target device: cuda:0
Alphas device: cpu
PC index 19 correlation: 0.1538
Running analysis for PC index 20
Centering data before using scikit-learn on GPU
NOTE: Using GPU for ridge regression.
Warning: RidgeCV with fit_intercept=False please center data before using this function. If you want to use fit_intercept=True, please set device=None or device='cpu'.

Predictor device: cuda:0
Target device: cuda:0
Alphas device: cpu
PC index 20 correlation: 0.1927
Running analysis for PC index 21
Centering data before using scikit-learn on GPU
NOTE: Using GPU for ridge regression.
Warning: RidgeCV with fit_intercept=False please center data before using this function. If you want to use fit_intercept=True, please set device=None or device='cpu'.

Predictor device: cuda:0
Target device: cuda:0
Alphas device: cpu
PC index 21 correlation: 0.1934
Running analysis for PC index 22
Centering data before using scikit-learn on GPU
NOTE: Using GPU for ridge regression.
Warning: RidgeCV with fit_intercept=False please center data before using this function. If you want to use fit_intercept=True, please set device=None or device='cpu'.

Predictor device: cuda:0
Target device: cuda:0
Alphas device: cpu
PC index 22 correlation: 0.2052
Running analysis for PC index 23
Centering data before using scikit-learn on GPU
NOTE: Using GPU for ridge regression.
Warning: RidgeCV with fit_intercept=False please center data before using this function. If you want to use fit_intercept=True, please set device=None or device='cpu'.

Predictor device: cuda:0
Target device: cuda:0
Alphas device: cpu
PC index 23 correlation: 0.1298
Running analysis for PC index 24
Centering data before using scikit-learn on GPU
NOTE: Using GPU for ridge regression.
Warning: RidgeCV with fit_intercept=False please center data before using this function. If you want to use fit_intercept=True, please set device=None or device='cpu'.

Predictor device: cuda:0
Target device: cuda:0
Alphas device: cpu
PC index 24 correlation: 0.2405
Running analysis for PC index 25
Centering data before using scikit-learn on GPU
NOTE: Using GPU for ridge regression.
Warning: RidgeCV with fit_intercept=False please center data before using this function. If you want to use fit_intercept=True, please set device=None or device='cpu'.

Predictor device: cuda:0
Target device: cuda:0
Alphas device: cpu
PC index 25 correlation: 0.1023
Running analysis for PC index 26
Centering data before using scikit-learn on GPU
NOTE: Using GPU for ridge regression.
Warning: RidgeCV with fit_intercept=False please center data before using this function. If you want to use fit_intercept=True, please set device=None or device='cpu'.

Predictor device: cuda:0
Target device: cuda:0
Alphas device: cpu
PC index 26 correlation: 0.1575
Running analysis for PC index 27
Centering data before using scikit-learn on GPU
NOTE: Using GPU for ridge regression.
Warning: RidgeCV with fit_intercept=False please center data before using this function. If you want to use fit_intercept=True, please set device=None or device='cpu'.

Predictor device: cuda:0
Target device: cuda:0
Alphas device: cpu
PC index 27 correlation: 0.0909
Running analysis for PC index 28
Centering data before using scikit-learn on GPU
NOTE: Using GPU for ridge regression.
Warning: RidgeCV with fit_intercept=False please center data before using this function. If you want to use fit_intercept=True, please set device=None or device='cpu'.

Predictor device: cuda:0
Target device: cuda:0
Alphas device: cpu
PC index 28 correlation: 0.1128
Running analysis for PC index 29
Centering data before using scikit-learn on GPU
NOTE: Using GPU for ridge regression.
Warning: RidgeCV with fit_intercept=False please center data before using this function. If you want to use fit_intercept=True, please set device=None or device='cpu'.

Predictor device: cuda:0
Target device: cuda:0
Alphas device: cpu
PC index 29 correlation: 0.2184
Running analysis for PC index 30
Centering data before using scikit-learn on GPU
NOTE: Using GPU for ridge regression.
Warning: RidgeCV with fit_intercept=False please center data before using this function. If you want to use fit_intercept=True, please set device=None or device='cpu'.

Predictor device: cuda:0
Target device: cuda:0
Alphas device: cpu
PC index 30 correlation: 0.2539
Running analysis for PC index 31
Centering data before using scikit-learn on GPU
NOTE: Using GPU for ridge regression.
Warning: RidgeCV with fit_intercept=False please center data before using this function. If you want to use fit_intercept=True, please set device=None or device='cpu'.

Predictor device: cuda:0
Target device: cuda:0
Alphas device: cpu
PC index 31 correlation: 0.1603
Running analysis for PC index 32
Centering data before using scikit-learn on GPU
NOTE: Using GPU for ridge regression.
Warning: RidgeCV with fit_intercept=False please center data before using this function. If you want to use fit_intercept=True, please set device=None or device='cpu'.

Predictor device: cuda:0
Target device: cuda:0
Alphas device: cpu
PC index 32 correlation: 0.1222
Running analysis for PC index 33
Centering data before using scikit-learn on GPU
NOTE: Using GPU for ridge regression.
Warning: RidgeCV with fit_intercept=False please center data before using this function. If you want to use fit_intercept=True, please set device=None or device='cpu'.

Predictor device: cuda:0
Target device: cuda:0
Alphas device: cpu
PC index 33 correlation: 0.0799
Running analysis for PC index 34
Centering data before using scikit-learn on GPU
NOTE: Using GPU for ridge regression.
Warning: RidgeCV with fit_intercept=False please center data before using this function. If you want to use fit_intercept=True, please set device=None or device='cpu'.

Predictor device: cuda:0
Target device: cuda:0
Alphas device: cpu
PC index 34 correlation: 0.1851
Running analysis for PC index 35
Centering data before using scikit-learn on GPU
NOTE: Using GPU for ridge regression.
Warning: RidgeCV with fit_intercept=False please center data before using this function. If you want to use fit_intercept=True, please set device=None or device='cpu'.

Predictor device: cuda:0
Target device: cuda:0
Alphas device: cpu
PC index 35 correlation: 0.0483
Running analysis for PC index 36
Centering data before using scikit-learn on GPU
NOTE: Using GPU for ridge regression.
Warning: RidgeCV with fit_intercept=False please center data before using this function. If you want to use fit_intercept=True, please set device=None or device='cpu'.

Predictor device: cuda:0
Target device: cuda:0
Alphas device: cpu
PC index 36 correlation: 0.0933
Running analysis for PC index 37
Centering data before using scikit-learn on GPU
NOTE: Using GPU for ridge regression.
Warning: RidgeCV with fit_intercept=False please center data before using this function. If you want to use fit_intercept=True, please set device=None or device='cpu'.

Predictor device: cuda:0
Target device: cuda:0
Alphas device: cpu
PC index 37 correlation: 0.2148
Running analysis for PC index 38
Centering data before using scikit-learn on GPU
NOTE: Using GPU for ridge regression.
Warning: RidgeCV with fit_intercept=False please center data before using this function. If you want to use fit_intercept=True, please set device=None or device='cpu'.

Predictor device: cuda:0
Target device: cuda:0
Alphas device: cpu
PC index 38 correlation: 0.0919
Running analysis for PC index 39
Centering data before using scikit-learn on GPU
NOTE: Using GPU for ridge regression.
Warning: RidgeCV with fit_intercept=False please center data before using this function. If you want to use fit_intercept=True, please set device=None or device='cpu'.

Predictor device: cuda:0
Target device: cuda:0
Alphas device: cpu
PC index 39 correlation: 0.1477
Running analysis for PC index 40
Centering data before using scikit-learn on GPU
NOTE: Using GPU for ridge regression.
Warning: RidgeCV with fit_intercept=False please center data before using this function. If you want to use fit_intercept=True, please set device=None or device='cpu'.

Predictor device: cuda:0
Target device: cuda:0
Alphas device: cpu
PC index 40 correlation: 0.1120
Running analysis for PC index 41
Centering data before using scikit-learn on GPU
NOTE: Using GPU for ridge regression.
Warning: RidgeCV with fit_intercept=False please center data before using this function. If you want to use fit_intercept=True, please set device=None or device='cpu'.

Predictor device: cuda:0
Target device: cuda:0
Alphas device: cpu
PC index 41 correlation: 0.1736
Running analysis for PC index 42
Centering data before using scikit-learn on GPU
NOTE: Using GPU for ridge regression.
Warning: RidgeCV with fit_intercept=False please center data before using this function. If you want to use fit_intercept=True, please set device=None or device='cpu'.

Predictor device: cuda:0
Target device: cuda:0
Alphas device: cpu
PC index 42 correlation: 0.1516
Running analysis for PC index 43
Centering data before using scikit-learn on GPU
NOTE: Using GPU for ridge regression.
Warning: RidgeCV with fit_intercept=False please center data before using this function. If you want to use fit_intercept=True, please set device=None or device='cpu'.

Predictor device: cuda:0
Target device: cuda:0
Alphas device: cpu
PC index 43 correlation: 0.1128
Running analysis for PC index 44
Centering data before using scikit-learn on GPU
NOTE: Using GPU for ridge regression.
Warning: RidgeCV with fit_intercept=False please center data before using this function. If you want to use fit_intercept=True, please set device=None or device='cpu'.

Predictor device: cuda:0
Target device: cuda:0
Alphas device: cpu
PC index 44 correlation: 0.1856
Running analysis for PC index 45
Centering data before using scikit-learn on GPU
NOTE: Using GPU for ridge regression.
Warning: RidgeCV with fit_intercept=False please center data before using this function. If you want to use fit_intercept=True, please set device=None or device='cpu'.

Predictor device: cuda:0
Target device: cuda:0
Alphas device: cpu
PC index 45 correlation: 0.0114
Running analysis for PC index 46
Centering data before using scikit-learn on GPU
NOTE: Using GPU for ridge regression.
Warning: RidgeCV with fit_intercept=False please center data before using this function. If you want to use fit_intercept=True, please set device=None or device='cpu'.

Predictor device: cuda:0
Target device: cuda:0
Alphas device: cpu
PC index 46 correlation: 0.1463
Running analysis for PC index 47
Centering data before using scikit-learn on GPU
NOTE: Using GPU for ridge regression.
Warning: RidgeCV with fit_intercept=False please center data before using this function. If you want to use fit_intercept=True, please set device=None or device='cpu'.

Predictor device: cuda:0
Target device: cuda:0
Alphas device: cpu
PC index 47 correlation: 0.2221
Running analysis for PC index 48
Centering data before using scikit-learn on GPU
NOTE: Using GPU for ridge regression.
Warning: RidgeCV with fit_intercept=False please center data before using this function. If you want to use fit_intercept=True, please set device=None or device='cpu'.

Predictor device: cuda:0
Target device: cuda:0
Alphas device: cpu
PC index 48 correlation: 0.1915
Running analysis for PC index 49
Centering data before using scikit-learn on GPU
NOTE: Using GPU for ridge regression.
Warning: RidgeCV with fit_intercept=False please center data before using this function. If you want to use fit_intercept=True, please set device=None or device='cpu'.

Predictor device: cuda:0
Target device: cuda:0
Alphas device: cpu
PC index 49 correlation: 0.1670
Running analysis for PC index 50
Centering data before using scikit-learn on GPU
NOTE: Using GPU for ridge regression.
Warning: RidgeCV with fit_intercept=False please center data before using this function. If you want to use fit_intercept=True, please set device=None or device='cpu'.

Predictor device: cuda:0
Target device: cuda:0
Alphas device: cpu
PC index 50 correlation: 0.1750
Running analysis for PC index 51
Centering data before using scikit-learn on GPU
NOTE: Using GPU for ridge regression.
Warning: RidgeCV with fit_intercept=False please center data before using this function. If you want to use fit_intercept=True, please set device=None or device='cpu'.

Predictor device: cuda:0
Target device: cuda:0
Alphas device: cpu
PC index 51 correlation: 0.0248
Running analysis for PC index 52
Centering data before using scikit-learn on GPU
NOTE: Using GPU for ridge regression.
Warning: RidgeCV with fit_intercept=False please center data before using this function. If you want to use fit_intercept=True, please set device=None or device='cpu'.

Predictor device: cuda:0
Target device: cuda:0
Alphas device: cpu
PC index 52 correlation: 0.1526
Running analysis for PC index 53
Centering data before using scikit-learn on GPU
NOTE: Using GPU for ridge regression.
Warning: RidgeCV with fit_intercept=False please center data before using this function. If you want to use fit_intercept=True, please set device=None or device='cpu'.

Predictor device: cuda:0
Target device: cuda:0
Alphas device: cpu
PC index 53 correlation: 0.1037
Running analysis for PC index 54
Centering data before using scikit-learn on GPU
NOTE: Using GPU for ridge regression.
Warning: RidgeCV with fit_intercept=False please center data before using this function. If you want to use fit_intercept=True, please set device=None or device='cpu'.

Predictor device: cuda:0
Target device: cuda:0
Alphas device: cpu
PC index 54 correlation: 0.0264
Running analysis for PC index 55
Centering data before using scikit-learn on GPU
NOTE: Using GPU for ridge regression.
Warning: RidgeCV with fit_intercept=False please center data before using this function. If you want to use fit_intercept=True, please set device=None or device='cpu'.

Predictor device: cuda:0
Target device: cuda:0
Alphas device: cpu
PC index 55 correlation: 0.1942
Running analysis for PC index 56
Centering data before using scikit-learn on GPU
NOTE: Using GPU for ridge regression.
Warning: RidgeCV with fit_intercept=False please center data before using this function. If you want to use fit_intercept=True, please set device=None or device='cpu'.

Predictor device: cuda:0
Target device: cuda:0
Alphas device: cpu
PC index 56 correlation: 0.2119
Running analysis for PC index 57
Centering data before using scikit-learn on GPU
NOTE: Using GPU for ridge regression.
Warning: RidgeCV with fit_intercept=False please center data before using this function. If you want to use fit_intercept=True, please set device=None or device='cpu'.

Predictor device: cuda:0
Target device: cuda:0
Alphas device: cpu
PC index 57 correlation: 0.0887
Running analysis for PC index 58
Centering data before using scikit-learn on GPU
NOTE: Using GPU for ridge regression.
Warning: RidgeCV with fit_intercept=False please center data before using this function. If you want to use fit_intercept=True, please set device=None or device='cpu'.

Predictor device: cuda:0
Target device: cuda:0
Alphas device: cpu
PC index 58 correlation: 0.0781
Running analysis for PC index 59
Centering data before using scikit-learn on GPU
NOTE: Using GPU for ridge regression.
Warning: RidgeCV with fit_intercept=False please center data before using this function. If you want to use fit_intercept=True, please set device=None or device='cpu'.

Predictor device: cuda:0
Target device: cuda:0
Alphas device: cpu
PC index 59 correlation: 0.1479
Running analysis for PC index 60
Centering data before using scikit-learn on GPU
NOTE: Using GPU for ridge regression.
Warning: RidgeCV with fit_intercept=False please center data before using this function. If you want to use fit_intercept=True, please set device=None or device='cpu'.

Predictor device: cuda:0
Target device: cuda:0
Alphas device: cpu
PC index 60 correlation: 0.1611
Running analysis for PC index 61
Centering data before using scikit-learn on GPU
NOTE: Using GPU for ridge regression.
Warning: RidgeCV with fit_intercept=False please center data before using this function. If you want to use fit_intercept=True, please set device=None or device='cpu'.

Predictor device: cuda:0
Target device: cuda:0
Alphas device: cpu
PC index 61 correlation: 0.1811
Running analysis for PC index 62
Centering data before using scikit-learn on GPU
NOTE: Using GPU for ridge regression.
Warning: RidgeCV with fit_intercept=False please center data before using this function. If you want to use fit_intercept=True, please set device=None or device='cpu'.

Predictor device: cuda:0
Target device: cuda:0
Alphas device: cpu
PC index 62 correlation: 0.1784
Running analysis for PC index 63
Centering data before using scikit-learn on GPU
NOTE: Using GPU for ridge regression.
Warning: RidgeCV with fit_intercept=False please center data before using this function. If you want to use fit_intercept=True, please set device=None or device='cpu'.

Predictor device: cuda:0
Target device: cuda:0
Alphas device: cpu
PC index 63 correlation: 0.1289
Running analysis for PC index 64
Centering data before using scikit-learn on GPU
NOTE: Using GPU for ridge regression.
Warning: RidgeCV with fit_intercept=False please center data before using this function. If you want to use fit_intercept=True, please set device=None or device='cpu'.

Predictor device: cuda:0
Target device: cuda:0
Alphas device: cpu
PC index 64 correlation: 0.3529
Running analysis for PC index 65
Centering data before using scikit-learn on GPU
NOTE: Using GPU for ridge regression.
Warning: RidgeCV with fit_intercept=False please center data before using this function. If you want to use fit_intercept=True, please set device=None or device='cpu'.

Predictor device: cuda:0
Target device: cuda:0
Alphas device: cpu
PC index 65 correlation: 0.1177
Running analysis for PC index 66
Centering data before using scikit-learn on GPU
NOTE: Using GPU for ridge regression.
Warning: RidgeCV with fit_intercept=False please center data before using this function. If you want to use fit_intercept=True, please set device=None or device='cpu'.

Predictor device: cuda:0
Target device: cuda:0
Alphas device: cpu
PC index 66 correlation: 0.0490
Running analysis for PC index 67
Centering data before using scikit-learn on GPU
NOTE: Using GPU for ridge regression.
Warning: RidgeCV with fit_intercept=False please center data before using this function. If you want to use fit_intercept=True, please set device=None or device='cpu'.

Predictor device: cuda:0
Target device: cuda:0
Alphas device: cpu
PC index 67 correlation: 0.0756
Running analysis for PC index 68
Centering data before using scikit-learn on GPU
NOTE: Using GPU for ridge regression.
Warning: RidgeCV with fit_intercept=False please center data before using this function. If you want to use fit_intercept=True, please set device=None or device='cpu'.

Predictor device: cuda:0
Target device: cuda:0
Alphas device: cpu
PC index 68 correlation: 0.0617
Running analysis for PC index 69
Centering data before using scikit-learn on GPU
NOTE: Using GPU for ridge regression.
Warning: RidgeCV with fit_intercept=False please center data before using this function. If you want to use fit_intercept=True, please set device=None or device='cpu'.

Predictor device: cuda:0
Target device: cuda:0
Alphas device: cpu
PC index 69 correlation: 0.1669
Running analysis for PC index 70
Centering data before using scikit-learn on GPU
NOTE: Using GPU for ridge regression.
Warning: RidgeCV with fit_intercept=False please center data before using this function. If you want to use fit_intercept=True, please set device=None or device='cpu'.

Predictor device: cuda:0
Target device: cuda:0
Alphas device: cpu
PC index 70 correlation: 0.1223
Running analysis for PC index 71
Centering data before using scikit-learn on GPU
NOTE: Using GPU for ridge regression.
Warning: RidgeCV with fit_intercept=False please center data before using this function. If you want to use fit_intercept=True, please set device=None or device='cpu'.

Predictor device: cuda:0
Target device: cuda:0
Alphas device: cpu
PC index 71 correlation: 0.1152
Running analysis for PC index 72
Centering data before using scikit-learn on GPU
NOTE: Using GPU for ridge regression.
Warning: RidgeCV with fit_intercept=False please center data before using this function. If you want to use fit_intercept=True, please set device=None or device='cpu'.

Predictor device: cuda:0
Target device: cuda:0
Alphas device: cpu
PC index 72 correlation: 0.1094
Running analysis for PC index 73
Centering data before using scikit-learn on GPU
NOTE: Using GPU for ridge regression.
Warning: RidgeCV with fit_intercept=False please center data before using this function. If you want to use fit_intercept=True, please set device=None or device='cpu'.

Predictor device: cuda:0
Target device: cuda:0
Alphas device: cpu
PC index 73 correlation: 0.1180
Running analysis for PC index 74
Centering data before using scikit-learn on GPU
NOTE: Using GPU for ridge regression.
Warning: RidgeCV with fit_intercept=False please center data before using this function. If you want to use fit_intercept=True, please set device=None or device='cpu'.

Predictor device: cuda:0
Target device: cuda:0
Alphas device: cpu
PC index 74 correlation: 0.1005
Running analysis for PC index 75
Centering data before using scikit-learn on GPU
NOTE: Using GPU for ridge regression.
Warning: RidgeCV with fit_intercept=False please center data before using this function. If you want to use fit_intercept=True, please set device=None or device='cpu'.

Predictor device: cuda:0
Target device: cuda:0
Alphas device: cpu
PC index 75 correlation: 0.1205
Running analysis for PC index 76
Centering data before using scikit-learn on GPU
NOTE: Using GPU for ridge regression.
Warning: RidgeCV with fit_intercept=False please center data before using this function. If you want to use fit_intercept=True, please set device=None or device='cpu'.

Predictor device: cuda:0
Target device: cuda:0
Alphas device: cpu
PC index 76 correlation: 0.0856
Running analysis for PC index 77
Centering data before using scikit-learn on GPU
NOTE: Using GPU for ridge regression.
Warning: RidgeCV with fit_intercept=False please center data before using this function. If you want to use fit_intercept=True, please set device=None or device='cpu'.

Predictor device: cuda:0
Target device: cuda:0
Alphas device: cpu
PC index 77 correlation: 0.0602
Running analysis for PC index 78
Centering data before using scikit-learn on GPU
NOTE: Using GPU for ridge regression.
Warning: RidgeCV with fit_intercept=False please center data before using this function. If you want to use fit_intercept=True, please set device=None or device='cpu'.

Predictor device: cuda:0
Target device: cuda:0
Alphas device: cpu
PC index 78 correlation: 0.0930
Running analysis for PC index 79
Centering data before using scikit-learn on GPU
NOTE: Using GPU for ridge regression.
Warning: RidgeCV with fit_intercept=False please center data before using this function. If you want to use fit_intercept=True, please set device=None or device='cpu'.

Predictor device: cuda:0
Target device: cuda:0
Alphas device: cpu
PC index 79 correlation: 0.1491
Running analysis for PC index 80
Centering data before using scikit-learn on GPU
NOTE: Using GPU for ridge regression.
Warning: RidgeCV with fit_intercept=False please center data before using this function. If you want to use fit_intercept=True, please set device=None or device='cpu'.

Predictor device: cuda:0
Target device: cuda:0
Alphas device: cpu
PC index 80 correlation: 0.0478
Running analysis for PC index 81
Centering data before using scikit-learn on GPU
NOTE: Using GPU for ridge regression.
Warning: RidgeCV with fit_intercept=False please center data before using this function. If you want to use fit_intercept=True, please set device=None or device='cpu'.

Predictor device: cuda:0
Target device: cuda:0
Alphas device: cpu
PC index 81 correlation: 0.0853
Running analysis for PC index 82
Centering data before using scikit-learn on GPU
NOTE: Using GPU for ridge regression.
Warning: RidgeCV with fit_intercept=False please center data before using this function. If you want to use fit_intercept=True, please set device=None or device='cpu'.

Predictor device: cuda:0
Target device: cuda:0
Alphas device: cpu
PC index 82 correlation: 0.1493
Running analysis for PC index 83
Centering data before using scikit-learn on GPU
NOTE: Using GPU for ridge regression.
Warning: RidgeCV with fit_intercept=False please center data before using this function. If you want to use fit_intercept=True, please set device=None or device='cpu'.

Predictor device: cuda:0
Target device: cuda:0
Alphas device: cpu
PC index 83 correlation: 0.1198
Running analysis for PC index 84
Centering data before using scikit-learn on GPU
NOTE: Using GPU for ridge regression.
Warning: RidgeCV with fit_intercept=False please center data before using this function. If you want to use fit_intercept=True, please set device=None or device='cpu'.

Predictor device: cuda:0
Target device: cuda:0
Alphas device: cpu
PC index 84 correlation: 0.0630
Running analysis for PC index 85
Centering data before using scikit-learn on GPU
NOTE: Using GPU for ridge regression.
Warning: RidgeCV with fit_intercept=False please center data before using this function. If you want to use fit_intercept=True, please set device=None or device='cpu'.

Predictor device: cuda:0
Target device: cuda:0
Alphas device: cpu
PC index 85 correlation: 0.0345
Running analysis for PC index 86
Centering data before using scikit-learn on GPU
NOTE: Using GPU for ridge regression.
Warning: RidgeCV with fit_intercept=False please center data before using this function. If you want to use fit_intercept=True, please set device=None or device='cpu'.

Predictor device: cuda:0
Target device: cuda:0
Alphas device: cpu
PC index 86 correlation: 0.0699
Running analysis for PC index 87
Centering data before using scikit-learn on GPU
NOTE: Using GPU for ridge regression.
Warning: RidgeCV with fit_intercept=False please center data before using this function. If you want to use fit_intercept=True, please set device=None or device='cpu'.

Predictor device: cuda:0
Target device: cuda:0
Alphas device: cpu
PC index 87 correlation: 0.1614
Running analysis for PC index 88
Centering data before using scikit-learn on GPU
NOTE: Using GPU for ridge regression.
Warning: RidgeCV with fit_intercept=False please center data before using this function. If you want to use fit_intercept=True, please set device=None or device='cpu'.

Predictor device: cuda:0
Target device: cuda:0
Alphas device: cpu
PC index 88 correlation: 0.0755
Running analysis for PC index 89
Centering data before using scikit-learn on GPU
NOTE: Using GPU for ridge regression.
Warning: RidgeCV with fit_intercept=False please center data before using this function. If you want to use fit_intercept=True, please set device=None or device='cpu'.

Predictor device: cuda:0
Target device: cuda:0
Alphas device: cpu
PC index 89 correlation: 0.1292
Running analysis for PC index 90
Centering data before using scikit-learn on GPU
NOTE: Using GPU for ridge regression.
Warning: RidgeCV with fit_intercept=False please center data before using this function. If you want to use fit_intercept=True, please set device=None or device='cpu'.

Predictor device: cuda:0
Target device: cuda:0
Alphas device: cpu
PC index 90 correlation: 0.0310
Running analysis for PC index 91
Centering data before using scikit-learn on GPU
NOTE: Using GPU for ridge regression.
Warning: RidgeCV with fit_intercept=False please center data before using this function. If you want to use fit_intercept=True, please set device=None or device='cpu'.

Predictor device: cuda:0
Target device: cuda:0
Alphas device: cpu
PC index 91 correlation: 0.1679
Running analysis for PC index 92
Centering data before using scikit-learn on GPU
NOTE: Using GPU for ridge regression.
Warning: RidgeCV with fit_intercept=False please center data before using this function. If you want to use fit_intercept=True, please set device=None or device='cpu'.

Predictor device: cuda:0
Target device: cuda:0
Alphas device: cpu
PC index 92 correlation: 0.1156
Running analysis for PC index 93
Centering data before using scikit-learn on GPU
NOTE: Using GPU for ridge regression.
Warning: RidgeCV with fit_intercept=False please center data before using this function. If you want to use fit_intercept=True, please set device=None or device='cpu'.

Predictor device: cuda:0
Target device: cuda:0
Alphas device: cpu
PC index 93 correlation: 0.0787
Running analysis for PC index 94
Centering data before using scikit-learn on GPU
NOTE: Using GPU for ridge regression.
Warning: RidgeCV with fit_intercept=False please center data before using this function. If you want to use fit_intercept=True, please set device=None or device='cpu'.

Predictor device: cuda:0
Target device: cuda:0
Alphas device: cpu
PC index 94 correlation: 0.1093
Running analysis for PC index 95
Centering data before using scikit-learn on GPU
NOTE: Using GPU for ridge regression.
Warning: RidgeCV with fit_intercept=False please center data before using this function. If you want to use fit_intercept=True, please set device=None or device='cpu'.

Predictor device: cuda:0
Target device: cuda:0
Alphas device: cpu
PC index 95 correlation: 0.0925
Running analysis for PC index 96
Centering data before using scikit-learn on GPU
NOTE: Using GPU for ridge regression.
Warning: RidgeCV with fit_intercept=False please center data before using this function. If you want to use fit_intercept=True, please set device=None or device='cpu'.

Predictor device: cuda:0
Target device: cuda:0
Alphas device: cpu
PC index 96 correlation: 0.0956
Running analysis for PC index 97
Centering data before using scikit-learn on GPU
NOTE: Using GPU for ridge regression.
Warning: RidgeCV with fit_intercept=False please center data before using this function. If you want to use fit_intercept=True, please set device=None or device='cpu'.

Predictor device: cuda:0
Target device: cuda:0
Alphas device: cpu
PC index 97 correlation: 0.0989
Running analysis for PC index 98
Centering data before using scikit-learn on GPU
NOTE: Using GPU for ridge regression.
Warning: RidgeCV with fit_intercept=False please center data before using this function. If you want to use fit_intercept=True, please set device=None or device='cpu'.

Predictor device: cuda:0
Target device: cuda:0
Alphas device: cpu
PC index 98 correlation: 0.0410
Running analysis for PC index 99
Centering data before using scikit-learn on GPU
NOTE: Using GPU for ridge regression.
Warning: RidgeCV with fit_intercept=False please center data before using this function. If you want to use fit_intercept=True, please set device=None or device='cpu'.

Predictor device: cuda:0
Target device: cuda:0
Alphas device: cpu
PC index 99 correlation: 0.1277
Running analysis for PC index 100
Centering data before using scikit-learn on GPU
NOTE: Using GPU for ridge regression.
Warning: RidgeCV with fit_intercept=False please center data before using this function. If you want to use fit_intercept=True, please set device=None or device='cpu'.

Predictor device: cuda:0
Target device: cuda:0
Alphas device: cpu
PC index 100 correlation: 0.1513
Running analysis for PC index 101
Centering data before using scikit-learn on GPU
NOTE: Using GPU for ridge regression.
Warning: RidgeCV with fit_intercept=False please center data before using this function. If you want to use fit_intercept=True, please set device=None or device='cpu'.

Predictor device: cuda:0
Target device: cuda:0
Alphas device: cpu
PC index 101 correlation: 0.1402
Running analysis for PC index 102
Centering data before using scikit-learn on GPU
NOTE: Using GPU for ridge regression.
Warning: RidgeCV with fit_intercept=False please center data before using this function. If you want to use fit_intercept=True, please set device=None or device='cpu'.

Predictor device: cuda:0
Target device: cuda:0
Alphas device: cpu
PC index 102 correlation: 0.0725
Running analysis for PC index 103
Centering data before using scikit-learn on GPU
NOTE: Using GPU for ridge regression.
Warning: RidgeCV with fit_intercept=False please center data before using this function. If you want to use fit_intercept=True, please set device=None or device='cpu'.

Predictor device: cuda:0
Target device: cuda:0
Alphas device: cpu
PC index 103 correlation: 0.1779
Running analysis for PC index 104
Centering data before using scikit-learn on GPU
NOTE: Using GPU for ridge regression.
Warning: RidgeCV with fit_intercept=False please center data before using this function. If you want to use fit_intercept=True, please set device=None or device='cpu'.

Predictor device: cuda:0
Target device: cuda:0
Alphas device: cpu
PC index 104 correlation: 0.0700
Running analysis for PC index 105
Centering data before using scikit-learn on GPU
NOTE: Using GPU for ridge regression.
Warning: RidgeCV with fit_intercept=False please center data before using this function. If you want to use fit_intercept=True, please set device=None or device='cpu'.

Predictor device: cuda:0
Target device: cuda:0
Alphas device: cpu
PC index 105 correlation: 0.1400
Running analysis for PC index 106
Centering data before using scikit-learn on GPU
NOTE: Using GPU for ridge regression.
Warning: RidgeCV with fit_intercept=False please center data before using this function. If you want to use fit_intercept=True, please set device=None or device='cpu'.

Predictor device: cuda:0
Target device: cuda:0
Alphas device: cpu
PC index 106 correlation: 0.1353
Running analysis for PC index 107
Centering data before using scikit-learn on GPU
NOTE: Using GPU for ridge regression.
Warning: RidgeCV with fit_intercept=False please center data before using this function. If you want to use fit_intercept=True, please set device=None or device='cpu'.

Predictor device: cuda:0
Target device: cuda:0
Alphas device: cpu
PC index 107 correlation: 0.0633
Running analysis for PC index 108
Centering data before using scikit-learn on GPU
NOTE: Using GPU for ridge regression.
Warning: RidgeCV with fit_intercept=False please center data before using this function. If you want to use fit_intercept=True, please set device=None or device='cpu'.

Predictor device: cuda:0
Target device: cuda:0
Alphas device: cpu
PC index 108 correlation: 0.0837
Running analysis for PC index 109
Centering data before using scikit-learn on GPU
NOTE: Using GPU for ridge regression.
Warning: RidgeCV with fit_intercept=False please center data before using this function. If you want to use fit_intercept=True, please set device=None or device='cpu'.

Predictor device: cuda:0
Target device: cuda:0
Alphas device: cpu
PC index 109 correlation: -0.0013
Running analysis for PC index 110
Centering data before using scikit-learn on GPU
NOTE: Using GPU for ridge regression.
Warning: RidgeCV with fit_intercept=False please center data before using this function. If you want to use fit_intercept=True, please set device=None or device='cpu'.

Predictor device: cuda:0
Target device: cuda:0
Alphas device: cpu
PC index 110 correlation: 0.1021
Running analysis for PC index 111
Centering data before using scikit-learn on GPU
NOTE: Using GPU for ridge regression.
Warning: RidgeCV with fit_intercept=False please center data before using this function. If you want to use fit_intercept=True, please set device=None or device='cpu'.

Predictor device: cuda:0
Target device: cuda:0
Alphas device: cpu
PC index 111 correlation: 0.0994
Running analysis for PC index 112
Centering data before using scikit-learn on GPU
NOTE: Using GPU for ridge regression.
Warning: RidgeCV with fit_intercept=False please center data before using this function. If you want to use fit_intercept=True, please set device=None or device='cpu'.

Predictor device: cuda:0
Target device: cuda:0
Alphas device: cpu
PC index 112 correlation: -0.0168
Running analysis for PC index 113
Centering data before using scikit-learn on GPU
NOTE: Using GPU for ridge regression.
Warning: RidgeCV with fit_intercept=False please center data before using this function. If you want to use fit_intercept=True, please set device=None or device='cpu'.

Predictor device: cuda:0
Target device: cuda:0
Alphas device: cpu
PC index 113 correlation: 0.0571
Running analysis for PC index 114
Centering data before using scikit-learn on GPU
NOTE: Using GPU for ridge regression.
Warning: RidgeCV with fit_intercept=False please center data before using this function. If you want to use fit_intercept=True, please set device=None or device='cpu'.

Predictor device: cuda:0
Target device: cuda:0
Alphas device: cpu
PC index 114 correlation: 0.1097
Running analysis for PC index 115
Centering data before using scikit-learn on GPU
NOTE: Using GPU for ridge regression.
Warning: RidgeCV with fit_intercept=False please center data before using this function. If you want to use fit_intercept=True, please set device=None or device='cpu'.

Predictor device: cuda:0
Target device: cuda:0
Alphas device: cpu
PC index 115 correlation: 0.0753
Running analysis for PC index 116
Centering data before using scikit-learn on GPU
NOTE: Using GPU for ridge regression.
Warning: RidgeCV with fit_intercept=False please center data before using this function. If you want to use fit_intercept=True, please set device=None or device='cpu'.

Predictor device: cuda:0
Target device: cuda:0
Alphas device: cpu
PC index 116 correlation: 0.0509
Running analysis for PC index 117
Centering data before using scikit-learn on GPU
NOTE: Using GPU for ridge regression.
Warning: RidgeCV with fit_intercept=False please center data before using this function. If you want to use fit_intercept=True, please set device=None or device='cpu'.

Predictor device: cuda:0
Target device: cuda:0
Alphas device: cpu
PC index 117 correlation: 0.0887
Running analysis for PC index 118
Centering data before using scikit-learn on GPU
NOTE: Using GPU for ridge regression.
Warning: RidgeCV with fit_intercept=False please center data before using this function. If you want to use fit_intercept=True, please set device=None or device='cpu'.

Predictor device: cuda:0
Target device: cuda:0
Alphas device: cpu
PC index 118 correlation: 0.1134
Running analysis for PC index 119
Centering data before using scikit-learn on GPU
NOTE: Using GPU for ridge regression.
Warning: RidgeCV with fit_intercept=False please center data before using this function. If you want to use fit_intercept=True, please set device=None or device='cpu'.

Predictor device: cuda:0
Target device: cuda:0
Alphas device: cpu
PC index 119 correlation: 0.1060
Running analysis for PC index 120
Centering data before using scikit-learn on GPU
NOTE: Using GPU for ridge regression.
Warning: RidgeCV with fit_intercept=False please center data before using this function. If you want to use fit_intercept=True, please set device=None or device='cpu'.

Predictor device: cuda:0
Target device: cuda:0
Alphas device: cpu
PC index 120 correlation: 0.0334
Running analysis for PC index 121
Centering data before using scikit-learn on GPU
NOTE: Using GPU for ridge regression.
Warning: RidgeCV with fit_intercept=False please center data before using this function. If you want to use fit_intercept=True, please set device=None or device='cpu'.

Predictor device: cuda:0
Target device: cuda:0
Alphas device: cpu
PC index 121 correlation: -0.0094
Running analysis for PC index 122
Centering data before using scikit-learn on GPU
NOTE: Using GPU for ridge regression.
Warning: RidgeCV with fit_intercept=False please center data before using this function. If you want to use fit_intercept=True, please set device=None or device='cpu'.

Predictor device: cuda:0
Target device: cuda:0
Alphas device: cpu
PC index 122 correlation: 0.1434
Running analysis for PC index 123
Centering data before using scikit-learn on GPU
NOTE: Using GPU for ridge regression.
Warning: RidgeCV with fit_intercept=False please center data before using this function. If you want to use fit_intercept=True, please set device=None or device='cpu'.

Predictor device: cuda:0
Target device: cuda:0
Alphas device: cpu
PC index 123 correlation: 0.0621
Running analysis for PC index 124
Centering data before using scikit-learn on GPU
NOTE: Using GPU for ridge regression.
Warning: RidgeCV with fit_intercept=False please center data before using this function. If you want to use fit_intercept=True, please set device=None or device='cpu'.

Predictor device: cuda:0
Target device: cuda:0
Alphas device: cpu
PC index 124 correlation: 0.0217
Running analysis for PC index 125
Centering data before using scikit-learn on GPU
NOTE: Using GPU for ridge regression.
Warning: RidgeCV with fit_intercept=False please center data before using this function. If you want to use fit_intercept=True, please set device=None or device='cpu'.

Predictor device: cuda:0
Target device: cuda:0
Alphas device: cpu
PC index 125 correlation: 0.0775
Running analysis for PC index 126
Centering data before using scikit-learn on GPU
NOTE: Using GPU for ridge regression.
Warning: RidgeCV with fit_intercept=False please center data before using this function. If you want to use fit_intercept=True, please set device=None or device='cpu'.

Predictor device: cuda:0
Target device: cuda:0
Alphas device: cpu
PC index 126 correlation: 0.0178
Running analysis for PC index 127
Centering data before using scikit-learn on GPU
NOTE: Using GPU for ridge regression.
Warning: RidgeCV with fit_intercept=False please center data before using this function. If you want to use fit_intercept=True, please set device=None or device='cpu'.

Predictor device: cuda:0
Target device: cuda:0
Alphas device: cpu
PC index 127 correlation: 0.0572
Running analysis for PC index 128
Centering data before using scikit-learn on GPU
NOTE: Using GPU for ridge regression.
Warning: RidgeCV with fit_intercept=False please center data before using this function. If you want to use fit_intercept=True, please set device=None or device='cpu'.

Predictor device: cuda:0
Target device: cuda:0
Alphas device: cpu
PC index 128 correlation: 0.1069
Running analysis for PC index 129
Centering data before using scikit-learn on GPU
NOTE: Using GPU for ridge regression.
Warning: RidgeCV with fit_intercept=False please center data before using this function. If you want to use fit_intercept=True, please set device=None or device='cpu'.

Predictor device: cuda:0
Target device: cuda:0
Alphas device: cpu
PC index 129 correlation: 0.1541
Running analysis for PC index 130
Centering data before using scikit-learn on GPU
NOTE: Using GPU for ridge regression.
Warning: RidgeCV with fit_intercept=False please center data before using this function. If you want to use fit_intercept=True, please set device=None or device='cpu'.

Predictor device: cuda:0
Target device: cuda:0
Alphas device: cpu
PC index 130 correlation: 0.1371
Running analysis for PC index 131
Centering data before using scikit-learn on GPU
NOTE: Using GPU for ridge regression.
Warning: RidgeCV with fit_intercept=False please center data before using this function. If you want to use fit_intercept=True, please set device=None or device='cpu'.

Predictor device: cuda:0
Target device: cuda:0
Alphas device: cpu
PC index 131 correlation: 0.0230
Running analysis for PC index 132
Centering data before using scikit-learn on GPU
NOTE: Using GPU for ridge regression.
Warning: RidgeCV with fit_intercept=False please center data before using this function. If you want to use fit_intercept=True, please set device=None or device='cpu'.

Predictor device: cuda:0
Target device: cuda:0
Alphas device: cpu
PC index 132 correlation: 0.1092
Running analysis for PC index 133
Centering data before using scikit-learn on GPU
NOTE: Using GPU for ridge regression.
Warning: RidgeCV with fit_intercept=False please center data before using this function. If you want to use fit_intercept=True, please set device=None or device='cpu'.

Predictor device: cuda:0
Target device: cuda:0
Alphas device: cpu
PC index 133 correlation: 0.1179
Running analysis for PC index 134
Centering data before using scikit-learn on GPU
NOTE: Using GPU for ridge regression.
Warning: RidgeCV with fit_intercept=False please center data before using this function. If you want to use fit_intercept=True, please set device=None or device='cpu'.

Predictor device: cuda:0
Target device: cuda:0
Alphas device: cpu
PC index 134 correlation: 0.0812
Running analysis for PC index 135
Centering data before using scikit-learn on GPU
NOTE: Using GPU for ridge regression.
Warning: RidgeCV with fit_intercept=False please center data before using this function. If you want to use fit_intercept=True, please set device=None or device='cpu'.

Predictor device: cuda:0
Target device: cuda:0
Alphas device: cpu
PC index 135 correlation: 0.0814
Running analysis for PC index 136
Centering data before using scikit-learn on GPU
NOTE: Using GPU for ridge regression.
Warning: RidgeCV with fit_intercept=False please center data before using this function. If you want to use fit_intercept=True, please set device=None or device='cpu'.

Predictor device: cuda:0
Target device: cuda:0
Alphas device: cpu
PC index 136 correlation: 0.0544
Running analysis for PC index 137
Centering data before using scikit-learn on GPU
NOTE: Using GPU for ridge regression.
Warning: RidgeCV with fit_intercept=False please center data before using this function. If you want to use fit_intercept=True, please set device=None or device='cpu'.

Predictor device: cuda:0
Target device: cuda:0
Alphas device: cpu
PC index 137 correlation: 0.0798
Running analysis for PC index 138
Centering data before using scikit-learn on GPU
NOTE: Using GPU for ridge regression.
Warning: RidgeCV with fit_intercept=False please center data before using this function. If you want to use fit_intercept=True, please set device=None or device='cpu'.

Predictor device: cuda:0
Target device: cuda:0
Alphas device: cpu
PC index 138 correlation: 0.0690
Running analysis for PC index 139
Centering data before using scikit-learn on GPU
NOTE: Using GPU for ridge regression.
Warning: RidgeCV with fit_intercept=False please center data before using this function. If you want to use fit_intercept=True, please set device=None or device='cpu'.

Predictor device: cuda:0
Target device: cuda:0
Alphas device: cpu
PC index 139 correlation: 0.1023
Running analysis for PC index 140
Centering data before using scikit-learn on GPU
NOTE: Using GPU for ridge regression.
Warning: RidgeCV with fit_intercept=False please center data before using this function. If you want to use fit_intercept=True, please set device=None or device='cpu'.

Predictor device: cuda:0
Target device: cuda:0
Alphas device: cpu
PC index 140 correlation: 0.0472
Running analysis for PC index 141
Centering data before using scikit-learn on GPU
NOTE: Using GPU for ridge regression.
Warning: RidgeCV with fit_intercept=False please center data before using this function. If you want to use fit_intercept=True, please set device=None or device='cpu'.

Predictor device: cuda:0
Target device: cuda:0
Alphas device: cpu
PC index 141 correlation: 0.0752
Running analysis for PC index 142
Centering data before using scikit-learn on GPU
NOTE: Using GPU for ridge regression.
Warning: RidgeCV with fit_intercept=False please center data before using this function. If you want to use fit_intercept=True, please set device=None or device='cpu'.

Predictor device: cuda:0
Target device: cuda:0
Alphas device: cpu
PC index 142 correlation: 0.0836
Running analysis for PC index 143
Centering data before using scikit-learn on GPU
NOTE: Using GPU for ridge regression.
Warning: RidgeCV with fit_intercept=False please center data before using this function. If you want to use fit_intercept=True, please set device=None or device='cpu'.

Predictor device: cuda:0
Target device: cuda:0
Alphas device: cpu
PC index 143 correlation: 0.0417
Running analysis for PC index 144
Centering data before using scikit-learn on GPU
NOTE: Using GPU for ridge regression.
Warning: RidgeCV with fit_intercept=False please center data before using this function. If you want to use fit_intercept=True, please set device=None or device='cpu'.

Predictor device: cuda:0
Target device: cuda:0
Alphas device: cpu
PC index 144 correlation: 0.0769
Running analysis for PC index 145
Centering data before using scikit-learn on GPU
NOTE: Using GPU for ridge regression.
Warning: RidgeCV with fit_intercept=False please center data before using this function. If you want to use fit_intercept=True, please set device=None or device='cpu'.

Predictor device: cuda:0
Target device: cuda:0
Alphas device: cpu
PC index 145 correlation: 0.1153
Running analysis for PC index 146
Centering data before using scikit-learn on GPU
NOTE: Using GPU for ridge regression.
Warning: RidgeCV with fit_intercept=False please center data before using this function. If you want to use fit_intercept=True, please set device=None or device='cpu'.

Predictor device: cuda:0
Target device: cuda:0
Alphas device: cpu
PC index 146 correlation: -0.0145
Running analysis for PC index 147
Centering data before using scikit-learn on GPU
NOTE: Using GPU for ridge regression.
Warning: RidgeCV with fit_intercept=False please center data before using this function. If you want to use fit_intercept=True, please set device=None or device='cpu'.

Predictor device: cuda:0
Target device: cuda:0
Alphas device: cpu
PC index 147 correlation: 0.0158
Running analysis for PC index 148
Centering data before using scikit-learn on GPU
NOTE: Using GPU for ridge regression.
Warning: RidgeCV with fit_intercept=False please center data before using this function. If you want to use fit_intercept=True, please set device=None or device='cpu'.

Predictor device: cuda:0
Target device: cuda:0
Alphas device: cpu
PC index 148 correlation: 0.0967
Running analysis for PC index 149
Centering data before using scikit-learn on GPU
NOTE: Using GPU for ridge regression.
Warning: RidgeCV with fit_intercept=False please center data before using this function. If you want to use fit_intercept=True, please set device=None or device='cpu'.

Predictor device: cuda:0
Target device: cuda:0
Alphas device: cpu
PC index 149 correlation: 0.0720
Running analysis for PC index 150
Centering data before using scikit-learn on GPU
NOTE: Using GPU for ridge regression.
Warning: RidgeCV with fit_intercept=False please center data before using this function. If you want to use fit_intercept=True, please set device=None or device='cpu'.

Predictor device: cuda:0
Target device: cuda:0
Alphas device: cpu
PC index 150 correlation: 0.0247
Running analysis for PC index 151
Centering data before using scikit-learn on GPU
NOTE: Using GPU for ridge regression.
Warning: RidgeCV with fit_intercept=False please center data before using this function. If you want to use fit_intercept=True, please set device=None or device='cpu'.

Predictor device: cuda:0
Target device: cuda:0
Alphas device: cpu
PC index 151 correlation: 0.0921
Running analysis for PC index 152
Centering data before using scikit-learn on GPU
NOTE: Using GPU for ridge regression.
Warning: RidgeCV with fit_intercept=False please center data before using this function. If you want to use fit_intercept=True, please set device=None or device='cpu'.

Predictor device: cuda:0
Target device: cuda:0
Alphas device: cpu
PC index 152 correlation: 0.0295
Running analysis for PC index 153
Centering data before using scikit-learn on GPU
NOTE: Using GPU for ridge regression.
Warning: RidgeCV with fit_intercept=False please center data before using this function. If you want to use fit_intercept=True, please set device=None or device='cpu'.

Predictor device: cuda:0
Target device: cuda:0
Alphas device: cpu
PC index 153 correlation: 0.0851
Running analysis for PC index 154
Centering data before using scikit-learn on GPU
NOTE: Using GPU for ridge regression.
Warning: RidgeCV with fit_intercept=False please center data before using this function. If you want to use fit_intercept=True, please set device=None or device='cpu'.

Predictor device: cuda:0
Target device: cuda:0
Alphas device: cpu
PC index 154 correlation: 0.0511
Running analysis for PC index 155
Centering data before using scikit-learn on GPU
NOTE: Using GPU for ridge regression.
Warning: RidgeCV with fit_intercept=False please center data before using this function. If you want to use fit_intercept=True, please set device=None or device='cpu'.

Predictor device: cuda:0
Target device: cuda:0
Alphas device: cpu
PC index 155 correlation: 0.0454
Running analysis for PC index 156
Centering data before using scikit-learn on GPU
NOTE: Using GPU for ridge regression.
Warning: RidgeCV with fit_intercept=False please center data before using this function. If you want to use fit_intercept=True, please set device=None or device='cpu'.

Predictor device: cuda:0
Target device: cuda:0
Alphas device: cpu
PC index 156 correlation: 0.0579
Running analysis for PC index 157
Centering data before using scikit-learn on GPU
NOTE: Using GPU for ridge regression.
Warning: RidgeCV with fit_intercept=False please center data before using this function. If you want to use fit_intercept=True, please set device=None or device='cpu'.

Predictor device: cuda:0
Target device: cuda:0
Alphas device: cpu
PC index 157 correlation: 0.0396
Running analysis for PC index 158
Centering data before using scikit-learn on GPU
NOTE: Using GPU for ridge regression.
Warning: RidgeCV with fit_intercept=False please center data before using this function. If you want to use fit_intercept=True, please set device=None or device='cpu'.

Predictor device: cuda:0
Target device: cuda:0
Alphas device: cpu
PC index 158 correlation: -0.0082
Running analysis for PC index 159
Centering data before using scikit-learn on GPU
NOTE: Using GPU for ridge regression.
Warning: RidgeCV with fit_intercept=False please center data before using this function. If you want to use fit_intercept=True, please set device=None or device='cpu'.

Predictor device: cuda:0
Target device: cuda:0
Alphas device: cpu
PC index 159 correlation: 0.0882
Running analysis for PC index 160
Centering data before using scikit-learn on GPU
NOTE: Using GPU for ridge regression.
Warning: RidgeCV with fit_intercept=False please center data before using this function. If you want to use fit_intercept=True, please set device=None or device='cpu'.

Predictor device: cuda:0
Target device: cuda:0
Alphas device: cpu
PC index 160 correlation: 0.0489
Running analysis for PC index 161
Centering data before using scikit-learn on GPU
NOTE: Using GPU for ridge regression.
Warning: RidgeCV with fit_intercept=False please center data before using this function. If you want to use fit_intercept=True, please set device=None or device='cpu'.

Predictor device: cuda:0
Target device: cuda:0
Alphas device: cpu
PC index 161 correlation: 0.1093
Running analysis for PC index 162
Centering data before using scikit-learn on GPU
NOTE: Using GPU for ridge regression.
Warning: RidgeCV with fit_intercept=False please center data before using this function. If you want to use fit_intercept=True, please set device=None or device='cpu'.

Predictor device: cuda:0
Target device: cuda:0
Alphas device: cpu
PC index 162 correlation: 0.0646
Running analysis for PC index 163
Centering data before using scikit-learn on GPU
NOTE: Using GPU for ridge regression.
Warning: RidgeCV with fit_intercept=False please center data before using this function. If you want to use fit_intercept=True, please set device=None or device='cpu'.

Predictor device: cuda:0
Target device: cuda:0
Alphas device: cpu
PC index 163 correlation: 0.1498
Running analysis for PC index 164
Centering data before using scikit-learn on GPU
NOTE: Using GPU for ridge regression.
Warning: RidgeCV with fit_intercept=False please center data before using this function. If you want to use fit_intercept=True, please set device=None or device='cpu'.

Predictor device: cuda:0
Target device: cuda:0
Alphas device: cpu
PC index 164 correlation: 0.0972
Running analysis for PC index 165
Centering data before using scikit-learn on GPU
NOTE: Using GPU for ridge regression.
Warning: RidgeCV with fit_intercept=False please center data before using this function. If you want to use fit_intercept=True, please set device=None or device='cpu'.

Predictor device: cuda:0
Target device: cuda:0
Alphas device: cpu
PC index 165 correlation: 0.0595
Running analysis for PC index 166
Centering data before using scikit-learn on GPU
NOTE: Using GPU for ridge regression.
Warning: RidgeCV with fit_intercept=False please center data before using this function. If you want to use fit_intercept=True, please set device=None or device='cpu'.

Predictor device: cuda:0
Target device: cuda:0
Alphas device: cpu
PC index 166 correlation: -0.0037
Running analysis for PC index 167
Centering data before using scikit-learn on GPU
NOTE: Using GPU for ridge regression.
Warning: RidgeCV with fit_intercept=False please center data before using this function. If you want to use fit_intercept=True, please set device=None or device='cpu'.

Predictor device: cuda:0
Target device: cuda:0
Alphas device: cpu
PC index 167 correlation: 0.0521
Running analysis for PC index 168
Centering data before using scikit-learn on GPU
NOTE: Using GPU for ridge regression.
Warning: RidgeCV with fit_intercept=False please center data before using this function. If you want to use fit_intercept=True, please set device=None or device='cpu'.

Predictor device: cuda:0
Target device: cuda:0
Alphas device: cpu
PC index 168 correlation: 0.1099
Running analysis for PC index 169
Centering data before using scikit-learn on GPU
NOTE: Using GPU for ridge regression.
Warning: RidgeCV with fit_intercept=False please center data before using this function. If you want to use fit_intercept=True, please set device=None or device='cpu'.

Predictor device: cuda:0
Target device: cuda:0
Alphas device: cpu
PC index 169 correlation: -0.0512
Running analysis for PC index 170
Centering data before using scikit-learn on GPU
NOTE: Using GPU for ridge regression.
Warning: RidgeCV with fit_intercept=False please center data before using this function. If you want to use fit_intercept=True, please set device=None or device='cpu'.

Predictor device: cuda:0
Target device: cuda:0
Alphas device: cpu
PC index 170 correlation: 0.0485
Running analysis for PC index 171
Centering data before using scikit-learn on GPU
NOTE: Using GPU for ridge regression.
Warning: RidgeCV with fit_intercept=False please center data before using this function. If you want to use fit_intercept=True, please set device=None or device='cpu'.

Predictor device: cuda:0
Target device: cuda:0
Alphas device: cpu
PC index 171 correlation: 0.0839
Running analysis for PC index 172
Centering data before using scikit-learn on GPU
NOTE: Using GPU for ridge regression.
Warning: RidgeCV with fit_intercept=False please center data before using this function. If you want to use fit_intercept=True, please set device=None or device='cpu'.

Predictor device: cuda:0
Target device: cuda:0
Alphas device: cpu
PC index 172 correlation: 0.1025
Running analysis for PC index 173
Centering data before using scikit-learn on GPU
NOTE: Using GPU for ridge regression.
Warning: RidgeCV with fit_intercept=False please center data before using this function. If you want to use fit_intercept=True, please set device=None or device='cpu'.

Predictor device: cuda:0
Target device: cuda:0
Alphas device: cpu
PC index 173 correlation: 0.0408
Running analysis for PC index 174
Centering data before using scikit-learn on GPU
NOTE: Using GPU for ridge regression.
Warning: RidgeCV with fit_intercept=False please center data before using this function. If you want to use fit_intercept=True, please set device=None or device='cpu'.

Predictor device: cuda:0
Target device: cuda:0
Alphas device: cpu
PC index 174 correlation: 0.1209
Running analysis for PC index 175
Centering data before using scikit-learn on GPU
NOTE: Using GPU for ridge regression.
Warning: RidgeCV with fit_intercept=False please center data before using this function. If you want to use fit_intercept=True, please set device=None or device='cpu'.

Predictor device: cuda:0
Target device: cuda:0
Alphas device: cpu
PC index 175 correlation: 0.0723
Running analysis for PC index 176
Centering data before using scikit-learn on GPU
NOTE: Using GPU for ridge regression.
Warning: RidgeCV with fit_intercept=False please center data before using this function. If you want to use fit_intercept=True, please set device=None or device='cpu'.

Predictor device: cuda:0
Target device: cuda:0
Alphas device: cpu
PC index 176 correlation: 0.0369
Running analysis for PC index 177
Centering data before using scikit-learn on GPU
NOTE: Using GPU for ridge regression.
Warning: RidgeCV with fit_intercept=False please center data before using this function. If you want to use fit_intercept=True, please set device=None or device='cpu'.

Predictor device: cuda:0
Target device: cuda:0
Alphas device: cpu
PC index 177 correlation: 0.0522
Running analysis for PC index 178
Centering data before using scikit-learn on GPU
NOTE: Using GPU for ridge regression.
Warning: RidgeCV with fit_intercept=False please center data before using this function. If you want to use fit_intercept=True, please set device=None or device='cpu'.

Predictor device: cuda:0
Target device: cuda:0
Alphas device: cpu
PC index 178 correlation: 0.0784
Running analysis for PC index 179
Centering data before using scikit-learn on GPU
NOTE: Using GPU for ridge regression.
Warning: RidgeCV with fit_intercept=False please center data before using this function. If you want to use fit_intercept=True, please set device=None or device='cpu'.

Predictor device: cuda:0
Target device: cuda:0
Alphas device: cpu
PC index 179 correlation: 0.0994
Running analysis for PC index 180
Centering data before using scikit-learn on GPU
NOTE: Using GPU for ridge regression.
Warning: RidgeCV with fit_intercept=False please center data before using this function. If you want to use fit_intercept=True, please set device=None or device='cpu'.

Predictor device: cuda:0
Target device: cuda:0
Alphas device: cpu
PC index 180 correlation: 0.0119
Running analysis for PC index 181
Centering data before using scikit-learn on GPU
NOTE: Using GPU for ridge regression.
Warning: RidgeCV with fit_intercept=False please center data before using this function. If you want to use fit_intercept=True, please set device=None or device='cpu'.

Predictor device: cuda:0
Target device: cuda:0
Alphas device: cpu
PC index 181 correlation: 0.0924
Running analysis for PC index 182
Centering data before using scikit-learn on GPU
NOTE: Using GPU for ridge regression.
Warning: RidgeCV with fit_intercept=False please center data before using this function. If you want to use fit_intercept=True, please set device=None or device='cpu'.

Predictor device: cuda:0
Target device: cuda:0
Alphas device: cpu
PC index 182 correlation: 0.1000
Running analysis for PC index 183
Centering data before using scikit-learn on GPU
NOTE: Using GPU for ridge regression.
Warning: RidgeCV with fit_intercept=False please center data before using this function. If you want to use fit_intercept=True, please set device=None or device='cpu'.

Predictor device: cuda:0
Target device: cuda:0
Alphas device: cpu
PC index 183 correlation: 0.0764
Running analysis for PC index 184
Centering data before using scikit-learn on GPU
NOTE: Using GPU for ridge regression.
Warning: RidgeCV with fit_intercept=False please center data before using this function. If you want to use fit_intercept=True, please set device=None or device='cpu'.

Predictor device: cuda:0
Target device: cuda:0
Alphas device: cpu
PC index 184 correlation: 0.0530
Running analysis for PC index 185
Centering data before using scikit-learn on GPU
NOTE: Using GPU for ridge regression.
Warning: RidgeCV with fit_intercept=False please center data before using this function. If you want to use fit_intercept=True, please set device=None or device='cpu'.

Predictor device: cuda:0
Target device: cuda:0
Alphas device: cpu
PC index 185 correlation: 0.0968
Running analysis for PC index 186
Centering data before using scikit-learn on GPU
NOTE: Using GPU for ridge regression.
Warning: RidgeCV with fit_intercept=False please center data before using this function. If you want to use fit_intercept=True, please set device=None or device='cpu'.

Predictor device: cuda:0
Target device: cuda:0
Alphas device: cpu
PC index 186 correlation: 0.0021
Running analysis for PC index 187
Centering data before using scikit-learn on GPU
NOTE: Using GPU for ridge regression.
Warning: RidgeCV with fit_intercept=False please center data before using this function. If you want to use fit_intercept=True, please set device=None or device='cpu'.

Predictor device: cuda:0
Target device: cuda:0
Alphas device: cpu
PC index 187 correlation: 0.0959
Running analysis for PC index 188
Centering data before using scikit-learn on GPU
NOTE: Using GPU for ridge regression.
Warning: RidgeCV with fit_intercept=False please center data before using this function. If you want to use fit_intercept=True, please set device=None or device='cpu'.

Predictor device: cuda:0
Target device: cuda:0
Alphas device: cpu
PC index 188 correlation: 0.0510
Running analysis for PC index 189
Centering data before using scikit-learn on GPU
NOTE: Using GPU for ridge regression.
Warning: RidgeCV with fit_intercept=False please center data before using this function. If you want to use fit_intercept=True, please set device=None or device='cpu'.

Predictor device: cuda:0
Target device: cuda:0
Alphas device: cpu
PC index 189 correlation: 0.0931
Running analysis for PC index 190
Centering data before using scikit-learn on GPU
NOTE: Using GPU for ridge regression.
Warning: RidgeCV with fit_intercept=False please center data before using this function. If you want to use fit_intercept=True, please set device=None or device='cpu'.

Predictor device: cuda:0
Target device: cuda:0
Alphas device: cpu
PC index 190 correlation: 0.0971
Running analysis for PC index 191
Centering data before using scikit-learn on GPU
NOTE: Using GPU for ridge regression.
Warning: RidgeCV with fit_intercept=False please center data before using this function. If you want to use fit_intercept=True, please set device=None or device='cpu'.

Predictor device: cuda:0
Target device: cuda:0
Alphas device: cpu
PC index 191 correlation: 0.0833
Running analysis for PC index 192
Centering data before using scikit-learn on GPU
NOTE: Using GPU for ridge regression.
Warning: RidgeCV with fit_intercept=False please center data before using this function. If you want to use fit_intercept=True, please set device=None or device='cpu'.

Predictor device: cuda:0
Target device: cuda:0
Alphas device: cpu
PC index 192 correlation: 0.0080
Running analysis for PC index 193
Centering data before using scikit-learn on GPU
NOTE: Using GPU for ridge regression.
Warning: RidgeCV with fit_intercept=False please center data before using this function. If you want to use fit_intercept=True, please set device=None or device='cpu'.

Predictor device: cuda:0
Target device: cuda:0
Alphas device: cpu
PC index 193 correlation: 0.0377
Running analysis for PC index 194
Centering data before using scikit-learn on GPU
NOTE: Using GPU for ridge regression.
Warning: RidgeCV with fit_intercept=False please center data before using this function. If you want to use fit_intercept=True, please set device=None or device='cpu'.

Predictor device: cuda:0
Target device: cuda:0
Alphas device: cpu
PC index 194 correlation: 0.0360
Running analysis for PC index 195
Centering data before using scikit-learn on GPU
NOTE: Using GPU for ridge regression.
Warning: RidgeCV with fit_intercept=False please center data before using this function. If you want to use fit_intercept=True, please set device=None or device='cpu'.

Predictor device: cuda:0
Target device: cuda:0
Alphas device: cpu
PC index 195 correlation: 0.1156
Running analysis for PC index 196
Centering data before using scikit-learn on GPU
NOTE: Using GPU for ridge regression.
Warning: RidgeCV with fit_intercept=False please center data before using this function. If you want to use fit_intercept=True, please set device=None or device='cpu'.

Predictor device: cuda:0
Target device: cuda:0
Alphas device: cpu
PC index 196 correlation: 0.0107
Running analysis for PC index 197
Centering data before using scikit-learn on GPU
NOTE: Using GPU for ridge regression.
Warning: RidgeCV with fit_intercept=False please center data before using this function. If you want to use fit_intercept=True, please set device=None or device='cpu'.

Predictor device: cuda:0
Target device: cuda:0
Alphas device: cpu
PC index 197 correlation: 0.1194
Running analysis for PC index 198
Centering data before using scikit-learn on GPU
NOTE: Using GPU for ridge regression.
Warning: RidgeCV with fit_intercept=False please center data before using this function. If you want to use fit_intercept=True, please set device=None or device='cpu'.

Predictor device: cuda:0
Target device: cuda:0
Alphas device: cpu
PC index 198 correlation: 0.1107
Running analysis for PC index 199
Centering data before using scikit-learn on GPU
NOTE: Using GPU for ridge regression.
Warning: RidgeCV with fit_intercept=False please center data before using this function. If you want to use fit_intercept=True, please set device=None or device='cpu'.

Predictor device: cuda:0
Target device: cuda:0
Alphas device: cpu
PC index 199 correlation: 0.1033
Saved nf_resnet50_classification correlations to /home/ohadshee/Desktop/Partial-Information-Decomposition/pipeline/analysis/ridge_analysis/GPU_200_pcs_correlations_by_model.csv 😀
Starting model: hardcorenas_f_classification
Number of images: 73000
Image shape: (425, 425, 3), dtype: uint8
nsdID shape: (73000,), Shared1000 shape: (73000,)
Neural data shape: (10000, 8088)
Image IDs shape: (10000,)
Number of voxels: 8088
Number of projections for SRP: 7894

Loaded target with shape (10000, 8088).
Model options for hardcorenas_f_classification: {'model_name': 'hardcorenas_f', 'train_type': 'classification', 'train_data': 'imagenet', 'model_source': 'timm', 'call': "get_timm_model('hardcorenas_f', pretrained = True)"}
Image transforms for hardcorenas_f_classification: Compose(
    Resize(size=(224, 224), interpolation=bicubic, max_size=None, antialias=True)
    MaybeToTensor()
    Normalize(mean=tensor([0.4850, 0.4560, 0.4060]), std=tensor([0.2290, 0.2240, 0.2250]))
)
Loaded model: hardcorenas_f_classification
Ordered layers from model: ['Conv2d-1', 'Identity-1', 'Hardswish-1', 'BatchNormAct2d-1', 'Conv2d-2', 'Identity-2', 'ReLU-1', 'BatchNormAct2d-2', 'Identity-3', 'Identity-4', 'Conv2d-3', 'Identity-5', 'Identity-6', 'BatchNormAct2d-3', 'DepthwiseSeparableConv-1', 'Conv2d-4', 'Identity-7', 'ReLU-2', 'BatchNormAct2d-4', 'Conv2d-5', 'Identity-8', 'ReLU-3', 'BatchNormAct2d-5', 'Identity-9', 'Conv2d-6', 'ReLU-4', 'Conv2d-7', 'Hardsigmoid-1', 'SqueezeExcite-1', 'Conv2d-8', 'Identity-10', 'Identity-11', 'BatchNormAct2d-6', 'InvertedResidual-1', 'Conv2d-9', 'Identity-12', 'ReLU-5', 'BatchNormAct2d-7', 'Conv2d-10', 'Identity-13', 'ReLU-6', 'BatchNormAct2d-8', 'Identity-14', 'Conv2d-11', 'ReLU-7', 'Conv2d-12', 'Hardsigmoid-2', 'SqueezeExcite-2', 'Conv2d-13', 'Identity-15', 'Identity-16', 'BatchNormAct2d-9', 'Identity-17', 'InvertedResidual-2', 'Conv2d-14', 'Identity-18', 'ReLU-8', 'BatchNormAct2d-10', 'Conv2d-15', 'Identity-19', 'ReLU-9', 'BatchNormAct2d-11', 'Identity-20', 'Conv2d-16', 'ReLU-10', 'Conv2d-17', 'Hardsigmoid-3', 'SqueezeExcite-3', 'Conv2d-18', 'Identity-21', 'Identity-22', 'BatchNormAct2d-12', 'InvertedResidual-3', 'Conv2d-19', 'Identity-23', 'ReLU-11', 'BatchNormAct2d-13', 'Conv2d-20', 'Identity-24', 'ReLU-12', 'BatchNormAct2d-14', 'Identity-25', 'Conv2d-21', 'ReLU-13', 'Conv2d-22', 'Hardsigmoid-4', 'SqueezeExcite-4', 'Conv2d-23', 'Identity-26', 'Identity-27', 'BatchNormAct2d-15', 'Identity-28', 'InvertedResidual-4', 'Conv2d-24', 'Identity-29', 'Hardswish-2', 'BatchNormAct2d-16', 'Conv2d-25', 'Identity-30', 'Hardswish-3', 'BatchNormAct2d-17', 'Identity-31', 'Conv2d-26', 'ReLU-14', 'Conv2d-27', 'Hardsigmoid-5', 'SqueezeExcite-5', 'Conv2d-28', 'Identity-32', 'Identity-33', 'BatchNormAct2d-18', 'InvertedResidual-5', 'Conv2d-29', 'Identity-34', 'Hardswish-4', 'BatchNormAct2d-19', 'Conv2d-30', 'Identity-35', 'Hardswish-5', 'BatchNormAct2d-20', 'Identity-36', 'Conv2d-31', 'ReLU-15', 'Conv2d-32', 'Hardsigmoid-6', 'SqueezeExcite-6', 'Conv2d-33', 'Identity-37', 'Identity-38', 'BatchNormAct2d-21', 'Identity-39', 'InvertedResidual-6', 'Conv2d-34', 'Identity-40', 'Hardswish-6', 'BatchNormAct2d-22', 'Conv2d-35', 'Identity-41', 'Hardswish-7', 'BatchNormAct2d-23', 'Identity-42', 'Conv2d-36', 'ReLU-16', 'Conv2d-37', 'Hardsigmoid-7', 'SqueezeExcite-7', 'Conv2d-38', 'Identity-43', 'Identity-44', 'BatchNormAct2d-24', 'Identity-45', 'InvertedResidual-7', 'Conv2d-39', 'Identity-46', 'Hardswish-8', 'BatchNormAct2d-25', 'Conv2d-40', 'Identity-47', 'Hardswish-9', 'BatchNormAct2d-26', 'Identity-48', 'Conv2d-41', 'ReLU-17', 'Conv2d-42', 'Hardsigmoid-8', 'SqueezeExcite-8', 'Conv2d-43', 'Identity-49', 'Identity-50', 'BatchNormAct2d-27', 'Identity-51', 'InvertedResidual-8', 'Conv2d-44', 'Identity-52', 'Hardswish-10', 'BatchNormAct2d-28', 'Conv2d-45', 'Identity-53', 'Hardswish-11', 'BatchNormAct2d-29', 'Identity-54', 'Conv2d-46', 'ReLU-18', 'Conv2d-47', 'Hardsigmoid-9', 'SqueezeExcite-9', 'Conv2d-48', 'Identity-55', 'Identity-56', 'BatchNormAct2d-30', 'InvertedResidual-9', 'Conv2d-49', 'Identity-57', 'Hardswish-12', 'BatchNormAct2d-31', 'Conv2d-50', 'Identity-58', 'Hardswish-13', 'BatchNormAct2d-32', 'Identity-59', 'Conv2d-51', 'ReLU-19', 'Conv2d-52', 'Hardsigmoid-10', 'SqueezeExcite-10', 'Conv2d-53', 'Identity-60', 'Identity-61', 'BatchNormAct2d-33', 'Identity-62', 'InvertedResidual-10', 'Conv2d-54', 'Identity-63', 'Hardswish-14', 'BatchNormAct2d-34', 'Conv2d-55', 'Identity-64', 'Hardswish-15', 'BatchNormAct2d-35', 'Identity-65', 'Conv2d-56', 'ReLU-20', 'Conv2d-57', 'Hardsigmoid-11', 'SqueezeExcite-11', 'Conv2d-58', 'Identity-66', 'Identity-67', 'BatchNormAct2d-36', 'Identity-68', 'InvertedResidual-11', 'Conv2d-59', 'Identity-69', 'Hardswish-16', 'BatchNormAct2d-37', 'Conv2d-60', 'Identity-70', 'Hardswish-17', 'BatchNormAct2d-38', 'Identity-71', 'Conv2d-61', 'ReLU-21', 'Conv2d-62', 'Hardsigmoid-12', 'SqueezeExcite-12', 'Conv2d-63', 'Identity-72', 'Identity-73', 'BatchNormAct2d-39', 'Identity-74', 'InvertedResidual-12', 'Conv2d-64', 'Identity-75', 'Hardswish-18', 'BatchNormAct2d-40', 'Conv2d-65', 'Identity-76', 'Hardswish-19', 'BatchNormAct2d-41', 'Identity-77', 'Conv2d-66', 'ReLU-22', 'Conv2d-67', 'Hardsigmoid-13', 'SqueezeExcite-13', 'Conv2d-68', 'Identity-78', 'Identity-79', 'BatchNormAct2d-42', 'InvertedResidual-13', 'Conv2d-69', 'Identity-80', 'Hardswish-20', 'BatchNormAct2d-43', 'Conv2d-70', 'Identity-81', 'Hardswish-21', 'BatchNormAct2d-44', 'Identity-82', 'Conv2d-71', 'ReLU-23', 'Conv2d-72', 'Hardsigmoid-14', 'SqueezeExcite-14', 'Conv2d-73', 'Identity-83', 'Identity-84', 'BatchNormAct2d-45', 'Identity-85', 'InvertedResidual-14', 'Conv2d-74', 'Identity-86', 'Hardswish-22', 'BatchNormAct2d-46', 'Conv2d-75', 'Identity-87', 'Hardswish-23', 'BatchNormAct2d-47', 'Identity-88', 'Conv2d-76', 'ReLU-24', 'Conv2d-77', 'Hardsigmoid-15', 'SqueezeExcite-15', 'Conv2d-78', 'Identity-89', 'Identity-90', 'BatchNormAct2d-48', 'Identity-91', 'InvertedResidual-15', 'Conv2d-79', 'Identity-92', 'Hardswish-24', 'BatchNormAct2d-49', 'Conv2d-80', 'Identity-93', 'Hardswish-25', 'BatchNormAct2d-50', 'Identity-94', 'Conv2d-81', 'ReLU-25', 'Conv2d-82', 'Hardsigmoid-16', 'SqueezeExcite-16', 'Conv2d-83', 'Identity-95', 'Identity-96', 'BatchNormAct2d-51', 'Identity-97', 'InvertedResidual-16', 'Conv2d-84', 'Identity-98', 'Hardswish-26', 'BatchNormAct2d-52', 'Identity-99', 'ConvBnAct-1', 'AdaptiveAvgPool2d-1', 'Identity-100', 'SelectAdaptivePool2d-1', 'Conv2d-85', 'Identity-101', 'Hardswish-27', 'Flatten-1', 'Linear-1', 'MobileNetV3-1']
Total number of layers: 345
Starting to extract features for hardcorenas_f_classification at layer 294

==================================================
Processing layer: Conv2d-75 from model: hardcorenas_f_classification

For model hardcorenas_f_classification Layer Conv2d-75: Extracting features for 10000 images in batches of 128...
Feature extraction for model hardcorenas_f_classification layer Conv2d-75 completed in 60.41 seconds.

Features shape: (10000, 56448), Train target shape: (9000, 200), Shared target shape: (1000, 200)
Running ridge regression for 200 PCs on model hardcorenas_f_classification at layer 294
Running analysis for 200 PCs
Running analysis for PC index 0
Centering data before using scikit-learn on GPU
NOTE: Using GPU for ridge regression.
Warning: RidgeCV with fit_intercept=False please center data before using this function. If you want to use fit_intercept=True, please set device=None or device='cpu'.

Predictor device: cuda:0
Target device: cuda:0
Alphas device: cpu
PC index 0 correlation: 0.4601
Running analysis for PC index 1
Centering data before using scikit-learn on GPU
NOTE: Using GPU for ridge regression.
Warning: RidgeCV with fit_intercept=False please center data before using this function. If you want to use fit_intercept=True, please set device=None or device='cpu'.

Predictor device: cuda:0
Target device: cuda:0
Alphas device: cpu
PC index 1 correlation: 0.8046
Running analysis for PC index 2
Centering data before using scikit-learn on GPU
NOTE: Using GPU for ridge regression.
Warning: RidgeCV with fit_intercept=False please center data before using this function. If you want to use fit_intercept=True, please set device=None or device='cpu'.

Predictor device: cuda:0
Target device: cuda:0
Alphas device: cpu
PC index 2 correlation: 0.7388
Running analysis for PC index 3
Centering data before using scikit-learn on GPU
NOTE: Using GPU for ridge regression.
Warning: RidgeCV with fit_intercept=False please center data before using this function. If you want to use fit_intercept=True, please set device=None or device='cpu'.

Predictor device: cuda:0
Target device: cuda:0
Alphas device: cpu
PC index 3 correlation: 0.7205
Running analysis for PC index 4
Centering data before using scikit-learn on GPU
NOTE: Using GPU for ridge regression.
Warning: RidgeCV with fit_intercept=False please center data before using this function. If you want to use fit_intercept=True, please set device=None or device='cpu'.

Predictor device: cuda:0
Target device: cuda:0
Alphas device: cpu
PC index 4 correlation: 0.6912
Running analysis for PC index 5
Centering data before using scikit-learn on GPU
NOTE: Using GPU for ridge regression.
Warning: RidgeCV with fit_intercept=False please center data before using this function. If you want to use fit_intercept=True, please set device=None or device='cpu'.

Predictor device: cuda:0
Target device: cuda:0
Alphas device: cpu
PC index 5 correlation: 0.4923
Running analysis for PC index 6
Centering data before using scikit-learn on GPU
NOTE: Using GPU for ridge regression.
Warning: RidgeCV with fit_intercept=False please center data before using this function. If you want to use fit_intercept=True, please set device=None or device='cpu'.

Predictor device: cuda:0
Target device: cuda:0
Alphas device: cpu
PC index 6 correlation: 0.4770
Running analysis for PC index 7
Centering data before using scikit-learn on GPU
NOTE: Using GPU for ridge regression.
Warning: RidgeCV with fit_intercept=False please center data before using this function. If you want to use fit_intercept=True, please set device=None or device='cpu'.

Predictor device: cuda:0
Target device: cuda:0
Alphas device: cpu
PC index 7 correlation: 0.2095
Running analysis for PC index 8
Centering data before using scikit-learn on GPU
NOTE: Using GPU for ridge regression.
Warning: RidgeCV with fit_intercept=False please center data before using this function. If you want to use fit_intercept=True, please set device=None or device='cpu'.

Predictor device: cuda:0
Target device: cuda:0
Alphas device: cpu
PC index 8 correlation: 0.4935
Running analysis for PC index 9
Centering data before using scikit-learn on GPU
NOTE: Using GPU for ridge regression.
Warning: RidgeCV with fit_intercept=False please center data before using this function. If you want to use fit_intercept=True, please set device=None or device='cpu'.

Predictor device: cuda:0
Target device: cuda:0
Alphas device: cpu
PC index 9 correlation: 0.5011
Running analysis for PC index 10
Centering data before using scikit-learn on GPU
NOTE: Using GPU for ridge regression.
Warning: RidgeCV with fit_intercept=False please center data before using this function. If you want to use fit_intercept=True, please set device=None or device='cpu'.

Predictor device: cuda:0
Target device: cuda:0
Alphas device: cpu
PC index 10 correlation: 0.4416
Running analysis for PC index 11
Centering data before using scikit-learn on GPU
NOTE: Using GPU for ridge regression.
Warning: RidgeCV with fit_intercept=False please center data before using this function. If you want to use fit_intercept=True, please set device=None or device='cpu'.

Predictor device: cuda:0
Target device: cuda:0
Alphas device: cpu
PC index 11 correlation: 0.7137
Running analysis for PC index 12
Centering data before using scikit-learn on GPU
NOTE: Using GPU for ridge regression.
Warning: RidgeCV with fit_intercept=False please center data before using this function. If you want to use fit_intercept=True, please set device=None or device='cpu'.

Predictor device: cuda:0
Target device: cuda:0
Alphas device: cpu
PC index 12 correlation: 0.3174
Running analysis for PC index 13
Centering data before using scikit-learn on GPU
NOTE: Using GPU for ridge regression.
Warning: RidgeCV with fit_intercept=False please center data before using this function. If you want to use fit_intercept=True, please set device=None or device='cpu'.

Predictor device: cuda:0
Target device: cuda:0
Alphas device: cpu
PC index 13 correlation: 0.4435
Running analysis for PC index 14
Centering data before using scikit-learn on GPU
NOTE: Using GPU for ridge regression.
Warning: RidgeCV with fit_intercept=False please center data before using this function. If you want to use fit_intercept=True, please set device=None or device='cpu'.

Predictor device: cuda:0
Target device: cuda:0
Alphas device: cpu
PC index 14 correlation: 0.4853
Running analysis for PC index 15
Centering data before using scikit-learn on GPU
NOTE: Using GPU for ridge regression.
Warning: RidgeCV with fit_intercept=False please center data before using this function. If you want to use fit_intercept=True, please set device=None or device='cpu'.

Predictor device: cuda:0
Target device: cuda:0
Alphas device: cpu
PC index 15 correlation: 0.3402
Running analysis for PC index 16
Centering data before using scikit-learn on GPU
NOTE: Using GPU for ridge regression.
Warning: RidgeCV with fit_intercept=False please center data before using this function. If you want to use fit_intercept=True, please set device=None or device='cpu'.

Predictor device: cuda:0
Target device: cuda:0
Alphas device: cpu
PC index 16 correlation: 0.3870
Running analysis for PC index 17
Centering data before using scikit-learn on GPU
NOTE: Using GPU for ridge regression.
Warning: RidgeCV with fit_intercept=False please center data before using this function. If you want to use fit_intercept=True, please set device=None or device='cpu'.

Predictor device: cuda:0
Target device: cuda:0
Alphas device: cpu
PC index 17 correlation: 0.1965
Running analysis for PC index 18
Centering data before using scikit-learn on GPU
NOTE: Using GPU for ridge regression.
Warning: RidgeCV with fit_intercept=False please center data before using this function. If you want to use fit_intercept=True, please set device=None or device='cpu'.

Predictor device: cuda:0
Target device: cuda:0
Alphas device: cpu
PC index 18 correlation: 0.4053
Running analysis for PC index 19
Centering data before using scikit-learn on GPU
NOTE: Using GPU for ridge regression.
Warning: RidgeCV with fit_intercept=False please center data before using this function. If you want to use fit_intercept=True, please set device=None or device='cpu'.

Predictor device: cuda:0
Target device: cuda:0
Alphas device: cpu
PC index 19 correlation: 0.2994
Running analysis for PC index 20
Centering data before using scikit-learn on GPU
NOTE: Using GPU for ridge regression.
Warning: RidgeCV with fit_intercept=False please center data before using this function. If you want to use fit_intercept=True, please set device=None or device='cpu'.

Predictor device: cuda:0
Target device: cuda:0
Alphas device: cpu
PC index 20 correlation: 0.3700
Running analysis for PC index 21
Centering data before using scikit-learn on GPU
NOTE: Using GPU for ridge regression.
Warning: RidgeCV with fit_intercept=False please center data before using this function. If you want to use fit_intercept=True, please set device=None or device='cpu'.

Predictor device: cuda:0
Target device: cuda:0
Alphas device: cpu
PC index 21 correlation: 0.3640
Running analysis for PC index 22
Centering data before using scikit-learn on GPU
NOTE: Using GPU for ridge regression.
Warning: RidgeCV with fit_intercept=False please center data before using this function. If you want to use fit_intercept=True, please set device=None or device='cpu'.

Predictor device: cuda:0
Target device: cuda:0
Alphas device: cpu
PC index 22 correlation: 0.3365
Running analysis for PC index 23
Centering data before using scikit-learn on GPU
NOTE: Using GPU for ridge regression.
Warning: RidgeCV with fit_intercept=False please center data before using this function. If you want to use fit_intercept=True, please set device=None or device='cpu'.

Predictor device: cuda:0
Target device: cuda:0
Alphas device: cpu
PC index 23 correlation: 0.2710
Running analysis for PC index 24
Centering data before using scikit-learn on GPU
NOTE: Using GPU for ridge regression.
Warning: RidgeCV with fit_intercept=False please center data before using this function. If you want to use fit_intercept=True, please set device=None or device='cpu'.

Predictor device: cuda:0
Target device: cuda:0
Alphas device: cpu
PC index 24 correlation: 0.3728
Running analysis for PC index 25
Centering data before using scikit-learn on GPU
NOTE: Using GPU for ridge regression.
Warning: RidgeCV with fit_intercept=False please center data before using this function. If you want to use fit_intercept=True, please set device=None or device='cpu'.

Predictor device: cuda:0
Target device: cuda:0
Alphas device: cpu
PC index 25 correlation: 0.2740
Running analysis for PC index 26
Centering data before using scikit-learn on GPU
NOTE: Using GPU for ridge regression.
Warning: RidgeCV with fit_intercept=False please center data before using this function. If you want to use fit_intercept=True, please set device=None or device='cpu'.

Predictor device: cuda:0
Target device: cuda:0
Alphas device: cpu
PC index 26 correlation: 0.3435
Running analysis for PC index 27
Centering data before using scikit-learn on GPU
NOTE: Using GPU for ridge regression.
Warning: RidgeCV with fit_intercept=False please center data before using this function. If you want to use fit_intercept=True, please set device=None or device='cpu'.

Predictor device: cuda:0
Target device: cuda:0
Alphas device: cpu
PC index 27 correlation: 0.2503
Running analysis for PC index 28
Centering data before using scikit-learn on GPU
NOTE: Using GPU for ridge regression.
Warning: RidgeCV with fit_intercept=False please center data before using this function. If you want to use fit_intercept=True, please set device=None or device='cpu'.

Predictor device: cuda:0
Target device: cuda:0
Alphas device: cpu
PC index 28 correlation: 0.3178
Running analysis for PC index 29
Centering data before using scikit-learn on GPU
NOTE: Using GPU for ridge regression.
Warning: RidgeCV with fit_intercept=False please center data before using this function. If you want to use fit_intercept=True, please set device=None or device='cpu'.

Predictor device: cuda:0
Target device: cuda:0
Alphas device: cpu
PC index 29 correlation: 0.3701
Running analysis for PC index 30
Centering data before using scikit-learn on GPU
NOTE: Using GPU for ridge regression.
Warning: RidgeCV with fit_intercept=False please center data before using this function. If you want to use fit_intercept=True, please set device=None or device='cpu'.

Predictor device: cuda:0
Target device: cuda:0
Alphas device: cpu
PC index 30 correlation: 0.3765
Running analysis for PC index 31
Centering data before using scikit-learn on GPU
NOTE: Using GPU for ridge regression.
Warning: RidgeCV with fit_intercept=False please center data before using this function. If you want to use fit_intercept=True, please set device=None or device='cpu'.

Predictor device: cuda:0
Target device: cuda:0
Alphas device: cpu
PC index 31 correlation: 0.2968
Running analysis for PC index 32
Centering data before using scikit-learn on GPU
NOTE: Using GPU for ridge regression.
Warning: RidgeCV with fit_intercept=False please center data before using this function. If you want to use fit_intercept=True, please set device=None or device='cpu'.

Predictor device: cuda:0
Target device: cuda:0
Alphas device: cpu
PC index 32 correlation: 0.3033
Running analysis for PC index 33
Centering data before using scikit-learn on GPU
NOTE: Using GPU for ridge regression.
Warning: RidgeCV with fit_intercept=False please center data before using this function. If you want to use fit_intercept=True, please set device=None or device='cpu'.

Predictor device: cuda:0
Target device: cuda:0
Alphas device: cpu
PC index 33 correlation: 0.2149
Running analysis for PC index 34
Centering data before using scikit-learn on GPU
NOTE: Using GPU for ridge regression.
Warning: RidgeCV with fit_intercept=False please center data before using this function. If you want to use fit_intercept=True, please set device=None or device='cpu'.

Predictor device: cuda:0
Target device: cuda:0
Alphas device: cpu
PC index 34 correlation: 0.3749
Running analysis for PC index 35
Centering data before using scikit-learn on GPU
NOTE: Using GPU for ridge regression.
Warning: RidgeCV with fit_intercept=False please center data before using this function. If you want to use fit_intercept=True, please set device=None or device='cpu'.

Predictor device: cuda:0
Target device: cuda:0
Alphas device: cpu
PC index 35 correlation: 0.1637
Running analysis for PC index 36
Centering data before using scikit-learn on GPU
NOTE: Using GPU for ridge regression.
Warning: RidgeCV with fit_intercept=False please center data before using this function. If you want to use fit_intercept=True, please set device=None or device='cpu'.

Predictor device: cuda:0
Target device: cuda:0
Alphas device: cpu
PC index 36 correlation: 0.1884
Running analysis for PC index 37
Centering data before using scikit-learn on GPU
NOTE: Using GPU for ridge regression.
Warning: RidgeCV with fit_intercept=False please center data before using this function. If you want to use fit_intercept=True, please set device=None or device='cpu'.

Predictor device: cuda:0
Target device: cuda:0
Alphas device: cpu
PC index 37 correlation: 0.3391
Running analysis for PC index 38
Centering data before using scikit-learn on GPU
NOTE: Using GPU for ridge regression.
Warning: RidgeCV with fit_intercept=False please center data before using this function. If you want to use fit_intercept=True, please set device=None or device='cpu'.

Predictor device: cuda:0
Target device: cuda:0
Alphas device: cpu
PC index 38 correlation: 0.2111
Running analysis for PC index 39
Centering data before using scikit-learn on GPU
NOTE: Using GPU for ridge regression.
Warning: RidgeCV with fit_intercept=False please center data before using this function. If you want to use fit_intercept=True, please set device=None or device='cpu'.

Predictor device: cuda:0
Target device: cuda:0
Alphas device: cpu
PC index 39 correlation: 0.3097
Running analysis for PC index 40
Centering data before using scikit-learn on GPU
NOTE: Using GPU for ridge regression.
Warning: RidgeCV with fit_intercept=False please center data before using this function. If you want to use fit_intercept=True, please set device=None or device='cpu'.

Predictor device: cuda:0
Target device: cuda:0
Alphas device: cpu
PC index 40 correlation: 0.2452
Running analysis for PC index 41
Centering data before using scikit-learn on GPU
NOTE: Using GPU for ridge regression.
Warning: RidgeCV with fit_intercept=False please center data before using this function. If you want to use fit_intercept=True, please set device=None or device='cpu'.

Predictor device: cuda:0
Target device: cuda:0
Alphas device: cpu
PC index 41 correlation: 0.3321
Running analysis for PC index 42
Centering data before using scikit-learn on GPU
NOTE: Using GPU for ridge regression.
Warning: RidgeCV with fit_intercept=False please center data before using this function. If you want to use fit_intercept=True, please set device=None or device='cpu'.

Predictor device: cuda:0
Target device: cuda:0
Alphas device: cpu
PC index 42 correlation: 0.3402
Running analysis for PC index 43
Centering data before using scikit-learn on GPU
NOTE: Using GPU for ridge regression.
Warning: RidgeCV with fit_intercept=False please center data before using this function. If you want to use fit_intercept=True, please set device=None or device='cpu'.

Predictor device: cuda:0
Target device: cuda:0
Alphas device: cpu
PC index 43 correlation: 0.2188
Running analysis for PC index 44
Centering data before using scikit-learn on GPU
NOTE: Using GPU for ridge regression.
Warning: RidgeCV with fit_intercept=False please center data before using this function. If you want to use fit_intercept=True, please set device=None or device='cpu'.

Predictor device: cuda:0
Target device: cuda:0
Alphas device: cpu
PC index 44 correlation: 0.3474
Running analysis for PC index 45
Centering data before using scikit-learn on GPU
NOTE: Using GPU for ridge regression.
Warning: RidgeCV with fit_intercept=False please center data before using this function. If you want to use fit_intercept=True, please set device=None or device='cpu'.

Predictor device: cuda:0
Target device: cuda:0
Alphas device: cpu
PC index 45 correlation: 0.2208
Running analysis for PC index 46
Centering data before using scikit-learn on GPU
NOTE: Using GPU for ridge regression.
Warning: RidgeCV with fit_intercept=False please center data before using this function. If you want to use fit_intercept=True, please set device=None or device='cpu'.

Predictor device: cuda:0
Target device: cuda:0
Alphas device: cpu
PC index 46 correlation: 0.2884
Running analysis for PC index 47
Centering data before using scikit-learn on GPU
NOTE: Using GPU for ridge regression.
Warning: RidgeCV with fit_intercept=False please center data before using this function. If you want to use fit_intercept=True, please set device=None or device='cpu'.

Predictor device: cuda:0
Target device: cuda:0
Alphas device: cpu
PC index 47 correlation: 0.3868
Running analysis for PC index 48
Centering data before using scikit-learn on GPU
NOTE: Using GPU for ridge regression.
Warning: RidgeCV with fit_intercept=False please center data before using this function. If you want to use fit_intercept=True, please set device=None or device='cpu'.

Predictor device: cuda:0
Target device: cuda:0
Alphas device: cpu
PC index 48 correlation: 0.3225
Running analysis for PC index 49
Centering data before using scikit-learn on GPU
NOTE: Using GPU for ridge regression.
Warning: RidgeCV with fit_intercept=False please center data before using this function. If you want to use fit_intercept=True, please set device=None or device='cpu'.

Predictor device: cuda:0
Target device: cuda:0
Alphas device: cpu
PC index 49 correlation: 0.2403
Running analysis for PC index 50
Centering data before using scikit-learn on GPU
NOTE: Using GPU for ridge regression.
Warning: RidgeCV with fit_intercept=False please center data before using this function. If you want to use fit_intercept=True, please set device=None or device='cpu'.

Predictor device: cuda:0
Target device: cuda:0
Alphas device: cpu
PC index 50 correlation: 0.3735
Running analysis for PC index 51
Centering data before using scikit-learn on GPU
NOTE: Using GPU for ridge regression.
Warning: RidgeCV with fit_intercept=False please center data before using this function. If you want to use fit_intercept=True, please set device=None or device='cpu'.

Predictor device: cuda:0
Target device: cuda:0
Alphas device: cpu
PC index 51 correlation: 0.1430
Running analysis for PC index 52
Centering data before using scikit-learn on GPU
NOTE: Using GPU for ridge regression.
Warning: RidgeCV with fit_intercept=False please center data before using this function. If you want to use fit_intercept=True, please set device=None or device='cpu'.

Predictor device: cuda:0
Target device: cuda:0
Alphas device: cpu
PC index 52 correlation: 0.2871
Running analysis for PC index 53
Centering data before using scikit-learn on GPU
NOTE: Using GPU for ridge regression.
Warning: RidgeCV with fit_intercept=False please center data before using this function. If you want to use fit_intercept=True, please set device=None or device='cpu'.

Predictor device: cuda:0
Target device: cuda:0
Alphas device: cpu
PC index 53 correlation: 0.2018
Running analysis for PC index 54
Centering data before using scikit-learn on GPU
NOTE: Using GPU for ridge regression.
Warning: RidgeCV with fit_intercept=False please center data before using this function. If you want to use fit_intercept=True, please set device=None or device='cpu'.

Predictor device: cuda:0
Target device: cuda:0
Alphas device: cpu
PC index 54 correlation: 0.2577
Running analysis for PC index 55
Centering data before using scikit-learn on GPU
NOTE: Using GPU for ridge regression.
Warning: RidgeCV with fit_intercept=False please center data before using this function. If you want to use fit_intercept=True, please set device=None or device='cpu'.

Predictor device: cuda:0
Target device: cuda:0
Alphas device: cpu
PC index 55 correlation: 0.3519
Running analysis for PC index 56
Centering data before using scikit-learn on GPU
NOTE: Using GPU for ridge regression.
Warning: RidgeCV with fit_intercept=False please center data before using this function. If you want to use fit_intercept=True, please set device=None or device='cpu'.

Predictor device: cuda:0
Target device: cuda:0
Alphas device: cpu
PC index 56 correlation: 0.3393
Running analysis for PC index 57
Centering data before using scikit-learn on GPU
NOTE: Using GPU for ridge regression.
Warning: RidgeCV with fit_intercept=False please center data before using this function. If you want to use fit_intercept=True, please set device=None or device='cpu'.

Predictor device: cuda:0
Target device: cuda:0
Alphas device: cpu
PC index 57 correlation: 0.2756
Running analysis for PC index 58
Centering data before using scikit-learn on GPU
NOTE: Using GPU for ridge regression.
Warning: RidgeCV with fit_intercept=False please center data before using this function. If you want to use fit_intercept=True, please set device=None or device='cpu'.

Predictor device: cuda:0
Target device: cuda:0
Alphas device: cpu
PC index 58 correlation: 0.2053
Running analysis for PC index 59
Centering data before using scikit-learn on GPU
NOTE: Using GPU for ridge regression.
Warning: RidgeCV with fit_intercept=False please center data before using this function. If you want to use fit_intercept=True, please set device=None or device='cpu'.

Predictor device: cuda:0
Target device: cuda:0
Alphas device: cpu
PC index 59 correlation: 0.2778
Running analysis for PC index 60
Centering data before using scikit-learn on GPU
NOTE: Using GPU for ridge regression.
Warning: RidgeCV with fit_intercept=False please center data before using this function. If you want to use fit_intercept=True, please set device=None or device='cpu'.

Predictor device: cuda:0
Target device: cuda:0
Alphas device: cpu
PC index 60 correlation: 0.2450
Running analysis for PC index 61
Centering data before using scikit-learn on GPU
NOTE: Using GPU for ridge regression.
Warning: RidgeCV with fit_intercept=False please center data before using this function. If you want to use fit_intercept=True, please set device=None or device='cpu'.

Predictor device: cuda:0
Target device: cuda:0
Alphas device: cpu
PC index 61 correlation: 0.3150
Running analysis for PC index 62
Centering data before using scikit-learn on GPU
NOTE: Using GPU for ridge regression.
Warning: RidgeCV with fit_intercept=False please center data before using this function. If you want to use fit_intercept=True, please set device=None or device='cpu'.

Predictor device: cuda:0
Target device: cuda:0
Alphas device: cpu
PC index 62 correlation: 0.2452
Running analysis for PC index 63
Centering data before using scikit-learn on GPU
NOTE: Using GPU for ridge regression.
Warning: RidgeCV with fit_intercept=False please center data before using this function. If you want to use fit_intercept=True, please set device=None or device='cpu'.

Predictor device: cuda:0
Target device: cuda:0
Alphas device: cpu
PC index 63 correlation: 0.2272
Running analysis for PC index 64
Centering data before using scikit-learn on GPU
NOTE: Using GPU for ridge regression.
Warning: RidgeCV with fit_intercept=False please center data before using this function. If you want to use fit_intercept=True, please set device=None or device='cpu'.

Predictor device: cuda:0
Target device: cuda:0
Alphas device: cpu
PC index 64 correlation: 0.4900
Running analysis for PC index 65
Centering data before using scikit-learn on GPU
NOTE: Using GPU for ridge regression.
Warning: RidgeCV with fit_intercept=False please center data before using this function. If you want to use fit_intercept=True, please set device=None or device='cpu'.

Predictor device: cuda:0
Target device: cuda:0
Alphas device: cpu
PC index 65 correlation: 0.2388
Running analysis for PC index 66
Centering data before using scikit-learn on GPU
NOTE: Using GPU for ridge regression.
Warning: RidgeCV with fit_intercept=False please center data before using this function. If you want to use fit_intercept=True, please set device=None or device='cpu'.

Predictor device: cuda:0
Target device: cuda:0
Alphas device: cpu
PC index 66 correlation: 0.1738
Running analysis for PC index 67
Centering data before using scikit-learn on GPU
NOTE: Using GPU for ridge regression.
Warning: RidgeCV with fit_intercept=False please center data before using this function. If you want to use fit_intercept=True, please set device=None or device='cpu'.

Predictor device: cuda:0
Target device: cuda:0
Alphas device: cpu
PC index 67 correlation: 0.1472
Running analysis for PC index 68
Centering data before using scikit-learn on GPU
NOTE: Using GPU for ridge regression.
Warning: RidgeCV with fit_intercept=False please center data before using this function. If you want to use fit_intercept=True, please set device=None or device='cpu'.

Predictor device: cuda:0
Target device: cuda:0
Alphas device: cpu
PC index 68 correlation: 0.1714
Running analysis for PC index 69
Centering data before using scikit-learn on GPU
NOTE: Using GPU for ridge regression.
Warning: RidgeCV with fit_intercept=False please center data before using this function. If you want to use fit_intercept=True, please set device=None or device='cpu'.

Predictor device: cuda:0
Target device: cuda:0
Alphas device: cpu
PC index 69 correlation: 0.2513
Running analysis for PC index 70
Centering data before using scikit-learn on GPU
NOTE: Using GPU for ridge regression.
Warning: RidgeCV with fit_intercept=False please center data before using this function. If you want to use fit_intercept=True, please set device=None or device='cpu'.

Predictor device: cuda:0
Target device: cuda:0
Alphas device: cpu
PC index 70 correlation: 0.2891
Running analysis for PC index 71
Centering data before using scikit-learn on GPU
NOTE: Using GPU for ridge regression.
Warning: RidgeCV with fit_intercept=False please center data before using this function. If you want to use fit_intercept=True, please set device=None or device='cpu'.

Predictor device: cuda:0
Target device: cuda:0
Alphas device: cpu
PC index 71 correlation: 0.2340
Running analysis for PC index 72
Centering data before using scikit-learn on GPU
NOTE: Using GPU for ridge regression.
Warning: RidgeCV with fit_intercept=False please center data before using this function. If you want to use fit_intercept=True, please set device=None or device='cpu'.

Predictor device: cuda:0
Target device: cuda:0
Alphas device: cpu
PC index 72 correlation: 0.2482
Running analysis for PC index 73
Centering data before using scikit-learn on GPU
NOTE: Using GPU for ridge regression.
Warning: RidgeCV with fit_intercept=False please center data before using this function. If you want to use fit_intercept=True, please set device=None or device='cpu'.

Predictor device: cuda:0
Target device: cuda:0
Alphas device: cpu
PC index 73 correlation: 0.1744
Running analysis for PC index 74
Centering data before using scikit-learn on GPU
NOTE: Using GPU for ridge regression.
Warning: RidgeCV with fit_intercept=False please center data before using this function. If you want to use fit_intercept=True, please set device=None or device='cpu'.

Predictor device: cuda:0
Target device: cuda:0
Alphas device: cpu
PC index 74 correlation: 0.1978
Running analysis for PC index 75
Centering data before using scikit-learn on GPU
NOTE: Using GPU for ridge regression.
Warning: RidgeCV with fit_intercept=False please center data before using this function. If you want to use fit_intercept=True, please set device=None or device='cpu'.

Predictor device: cuda:0
Target device: cuda:0
Alphas device: cpu
PC index 75 correlation: 0.2701
Running analysis for PC index 76
Centering data before using scikit-learn on GPU
NOTE: Using GPU for ridge regression.
Warning: RidgeCV with fit_intercept=False please center data before using this function. If you want to use fit_intercept=True, please set device=None or device='cpu'.

Predictor device: cuda:0
Target device: cuda:0
Alphas device: cpu
PC index 76 correlation: 0.2393
Running analysis for PC index 77
Centering data before using scikit-learn on GPU
NOTE: Using GPU for ridge regression.
Warning: RidgeCV with fit_intercept=False please center data before using this function. If you want to use fit_intercept=True, please set device=None or device='cpu'.

Predictor device: cuda:0
Target device: cuda:0
Alphas device: cpu
PC index 77 correlation: 0.2352
Running analysis for PC index 78
Centering data before using scikit-learn on GPU
NOTE: Using GPU for ridge regression.
Warning: RidgeCV with fit_intercept=False please center data before using this function. If you want to use fit_intercept=True, please set device=None or device='cpu'.

Predictor device: cuda:0
Target device: cuda:0
Alphas device: cpu
PC index 78 correlation: 0.2435
Running analysis for PC index 79
Centering data before using scikit-learn on GPU
NOTE: Using GPU for ridge regression.
Warning: RidgeCV with fit_intercept=False please center data before using this function. If you want to use fit_intercept=True, please set device=None or device='cpu'.

Predictor device: cuda:0
Target device: cuda:0
Alphas device: cpu
PC index 79 correlation: 0.2654
Running analysis for PC index 80
Centering data before using scikit-learn on GPU
NOTE: Using GPU for ridge regression.
Warning: RidgeCV with fit_intercept=False please center data before using this function. If you want to use fit_intercept=True, please set device=None or device='cpu'.

Predictor device: cuda:0
Target device: cuda:0
Alphas device: cpu
PC index 80 correlation: 0.2126
Running analysis for PC index 81
Centering data before using scikit-learn on GPU
NOTE: Using GPU for ridge regression.
Warning: RidgeCV with fit_intercept=False please center data before using this function. If you want to use fit_intercept=True, please set device=None or device='cpu'.

Predictor device: cuda:0
Target device: cuda:0
Alphas device: cpu
PC index 81 correlation: 0.2355
Running analysis for PC index 82
Centering data before using scikit-learn on GPU
NOTE: Using GPU for ridge regression.
Warning: RidgeCV with fit_intercept=False please center data before using this function. If you want to use fit_intercept=True, please set device=None or device='cpu'.

Predictor device: cuda:0
Target device: cuda:0
Alphas device: cpu
PC index 82 correlation: 0.2400
Running analysis for PC index 83
Centering data before using scikit-learn on GPU
NOTE: Using GPU for ridge regression.
Warning: RidgeCV with fit_intercept=False please center data before using this function. If you want to use fit_intercept=True, please set device=None or device='cpu'.

Predictor device: cuda:0
Target device: cuda:0
Alphas device: cpu
PC index 83 correlation: 0.2072
Running analysis for PC index 84
Centering data before using scikit-learn on GPU
NOTE: Using GPU for ridge regression.
Warning: RidgeCV with fit_intercept=False please center data before using this function. If you want to use fit_intercept=True, please set device=None or device='cpu'.

Predictor device: cuda:0
Target device: cuda:0
Alphas device: cpu
PC index 84 correlation: 0.2260
Running analysis for PC index 85
Centering data before using scikit-learn on GPU
NOTE: Using GPU for ridge regression.
Warning: RidgeCV with fit_intercept=False please center data before using this function. If you want to use fit_intercept=True, please set device=None or device='cpu'.

Predictor device: cuda:0
Target device: cuda:0
Alphas device: cpu
PC index 85 correlation: 0.1060
Running analysis for PC index 86
Centering data before using scikit-learn on GPU
NOTE: Using GPU for ridge regression.
Warning: RidgeCV with fit_intercept=False please center data before using this function. If you want to use fit_intercept=True, please set device=None or device='cpu'.

Predictor device: cuda:0
Target device: cuda:0
Alphas device: cpu
PC index 86 correlation: 0.1803
Running analysis for PC index 87
Centering data before using scikit-learn on GPU
NOTE: Using GPU for ridge regression.
Warning: RidgeCV with fit_intercept=False please center data before using this function. If you want to use fit_intercept=True, please set device=None or device='cpu'.

Predictor device: cuda:0
Target device: cuda:0
Alphas device: cpu
PC index 87 correlation: 0.2974
Running analysis for PC index 88
Centering data before using scikit-learn on GPU
NOTE: Using GPU for ridge regression.
Warning: RidgeCV with fit_intercept=False please center data before using this function. If you want to use fit_intercept=True, please set device=None or device='cpu'.

Predictor device: cuda:0
Target device: cuda:0
Alphas device: cpu
PC index 88 correlation: 0.2417
Running analysis for PC index 89
Centering data before using scikit-learn on GPU
NOTE: Using GPU for ridge regression.
Warning: RidgeCV with fit_intercept=False please center data before using this function. If you want to use fit_intercept=True, please set device=None or device='cpu'.

Predictor device: cuda:0
Target device: cuda:0
Alphas device: cpu
PC index 89 correlation: 0.2413
Running analysis for PC index 90
Centering data before using scikit-learn on GPU
NOTE: Using GPU for ridge regression.
Warning: RidgeCV with fit_intercept=False please center data before using this function. If you want to use fit_intercept=True, please set device=None or device='cpu'.

Predictor device: cuda:0
Target device: cuda:0
Alphas device: cpu
PC index 90 correlation: 0.1631
Running analysis for PC index 91
Centering data before using scikit-learn on GPU
NOTE: Using GPU for ridge regression.
Warning: RidgeCV with fit_intercept=False please center data before using this function. If you want to use fit_intercept=True, please set device=None or device='cpu'.

Predictor device: cuda:0
Target device: cuda:0
Alphas device: cpu
PC index 91 correlation: 0.2832
Running analysis for PC index 92
Centering data before using scikit-learn on GPU
NOTE: Using GPU for ridge regression.
Warning: RidgeCV with fit_intercept=False please center data before using this function. If you want to use fit_intercept=True, please set device=None or device='cpu'.

Predictor device: cuda:0
Target device: cuda:0
Alphas device: cpu
PC index 92 correlation: 0.1521
Running analysis for PC index 93
Centering data before using scikit-learn on GPU
NOTE: Using GPU for ridge regression.
Warning: RidgeCV with fit_intercept=False please center data before using this function. If you want to use fit_intercept=True, please set device=None or device='cpu'.

Predictor device: cuda:0
Target device: cuda:0
Alphas device: cpu
PC index 93 correlation: 0.1266
Running analysis for PC index 94
Centering data before using scikit-learn on GPU
NOTE: Using GPU for ridge regression.
Warning: RidgeCV with fit_intercept=False please center data before using this function. If you want to use fit_intercept=True, please set device=None or device='cpu'.

Predictor device: cuda:0
Target device: cuda:0
Alphas device: cpu
PC index 94 correlation: 0.2081
Running analysis for PC index 95
Centering data before using scikit-learn on GPU
NOTE: Using GPU for ridge regression.
Warning: RidgeCV with fit_intercept=False please center data before using this function. If you want to use fit_intercept=True, please set device=None or device='cpu'.

Predictor device: cuda:0
Target device: cuda:0
Alphas device: cpu
PC index 95 correlation: 0.2282
Running analysis for PC index 96
Centering data before using scikit-learn on GPU
NOTE: Using GPU for ridge regression.
Warning: RidgeCV with fit_intercept=False please center data before using this function. If you want to use fit_intercept=True, please set device=None or device='cpu'.

Predictor device: cuda:0
Target device: cuda:0
Alphas device: cpu
PC index 96 correlation: 0.2636
Running analysis for PC index 97
Centering data before using scikit-learn on GPU
NOTE: Using GPU for ridge regression.
Warning: RidgeCV with fit_intercept=False please center data before using this function. If you want to use fit_intercept=True, please set device=None or device='cpu'.

Predictor device: cuda:0
Target device: cuda:0
Alphas device: cpu
PC index 97 correlation: 0.1425
Running analysis for PC index 98
Centering data before using scikit-learn on GPU
NOTE: Using GPU for ridge regression.
Warning: RidgeCV with fit_intercept=False please center data before using this function. If you want to use fit_intercept=True, please set device=None or device='cpu'.

Predictor device: cuda:0
Target device: cuda:0
Alphas device: cpu
PC index 98 correlation: 0.1187
Running analysis for PC index 99
Centering data before using scikit-learn on GPU
NOTE: Using GPU for ridge regression.
Warning: RidgeCV with fit_intercept=False please center data before using this function. If you want to use fit_intercept=True, please set device=None or device='cpu'.

Predictor device: cuda:0
Target device: cuda:0
Alphas device: cpu
PC index 99 correlation: 0.2156
Running analysis for PC index 100
Centering data before using scikit-learn on GPU
NOTE: Using GPU for ridge regression.
Warning: RidgeCV with fit_intercept=False please center data before using this function. If you want to use fit_intercept=True, please set device=None or device='cpu'.

Predictor device: cuda:0
Target device: cuda:0
Alphas device: cpu
PC index 100 correlation: 0.2278
Running analysis for PC index 101
Centering data before using scikit-learn on GPU
NOTE: Using GPU for ridge regression.
Warning: RidgeCV with fit_intercept=False please center data before using this function. If you want to use fit_intercept=True, please set device=None or device='cpu'.

Predictor device: cuda:0
Target device: cuda:0
Alphas device: cpu
PC index 101 correlation: 0.2940
Running analysis for PC index 102
Centering data before using scikit-learn on GPU
NOTE: Using GPU for ridge regression.
Warning: RidgeCV with fit_intercept=False please center data before using this function. If you want to use fit_intercept=True, please set device=None or device='cpu'.

Predictor device: cuda:0
Target device: cuda:0
Alphas device: cpu
PC index 102 correlation: 0.2498
Running analysis for PC index 103
Centering data before using scikit-learn on GPU
NOTE: Using GPU for ridge regression.
Warning: RidgeCV with fit_intercept=False please center data before using this function. If you want to use fit_intercept=True, please set device=None or device='cpu'.

Predictor device: cuda:0
Target device: cuda:0
Alphas device: cpu
PC index 103 correlation: 0.3033
Running analysis for PC index 104
Centering data before using scikit-learn on GPU
NOTE: Using GPU for ridge regression.
Warning: RidgeCV with fit_intercept=False please center data before using this function. If you want to use fit_intercept=True, please set device=None or device='cpu'.

Predictor device: cuda:0
Target device: cuda:0
Alphas device: cpu
PC index 104 correlation: 0.1444
Running analysis for PC index 105
Centering data before using scikit-learn on GPU
NOTE: Using GPU for ridge regression.
Warning: RidgeCV with fit_intercept=False please center data before using this function. If you want to use fit_intercept=True, please set device=None or device='cpu'.

Predictor device: cuda:0
Target device: cuda:0
Alphas device: cpu
PC index 105 correlation: 0.2544
Running analysis for PC index 106
Centering data before using scikit-learn on GPU
NOTE: Using GPU for ridge regression.
Warning: RidgeCV with fit_intercept=False please center data before using this function. If you want to use fit_intercept=True, please set device=None or device='cpu'.

Predictor device: cuda:0
Target device: cuda:0
Alphas device: cpu
PC index 106 correlation: 0.2416
Running analysis for PC index 107
Centering data before using scikit-learn on GPU
NOTE: Using GPU for ridge regression.
Warning: RidgeCV with fit_intercept=False please center data before using this function. If you want to use fit_intercept=True, please set device=None or device='cpu'.

Predictor device: cuda:0
Target device: cuda:0
Alphas device: cpu
PC index 107 correlation: 0.2524
Running analysis for PC index 108
Centering data before using scikit-learn on GPU
NOTE: Using GPU for ridge regression.
Warning: RidgeCV with fit_intercept=False please center data before using this function. If you want to use fit_intercept=True, please set device=None or device='cpu'.

Predictor device: cuda:0
Target device: cuda:0
Alphas device: cpu
PC index 108 correlation: 0.2086
Running analysis for PC index 109
Centering data before using scikit-learn on GPU
NOTE: Using GPU for ridge regression.
Warning: RidgeCV with fit_intercept=False please center data before using this function. If you want to use fit_intercept=True, please set device=None or device='cpu'.

Predictor device: cuda:0
Target device: cuda:0
Alphas device: cpu
PC index 109 correlation: 0.1469
Running analysis for PC index 110
Centering data before using scikit-learn on GPU
NOTE: Using GPU for ridge regression.
Warning: RidgeCV with fit_intercept=False please center data before using this function. If you want to use fit_intercept=True, please set device=None or device='cpu'.

Predictor device: cuda:0
Target device: cuda:0
Alphas device: cpu
PC index 110 correlation: 0.1104
Running analysis for PC index 111
Centering data before using scikit-learn on GPU
NOTE: Using GPU for ridge regression.
Warning: RidgeCV with fit_intercept=False please center data before using this function. If you want to use fit_intercept=True, please set device=None or device='cpu'.

Predictor device: cuda:0
Target device: cuda:0
Alphas device: cpu
PC index 111 correlation: 0.1802
Running analysis for PC index 112
Centering data before using scikit-learn on GPU
NOTE: Using GPU for ridge regression.
Warning: RidgeCV with fit_intercept=False please center data before using this function. If you want to use fit_intercept=True, please set device=None or device='cpu'.

Predictor device: cuda:0
Target device: cuda:0
Alphas device: cpu
PC index 112 correlation: 0.1481
Running analysis for PC index 113
Centering data before using scikit-learn on GPU
NOTE: Using GPU for ridge regression.
Warning: RidgeCV with fit_intercept=False please center data before using this function. If you want to use fit_intercept=True, please set device=None or device='cpu'.

Predictor device: cuda:0
Target device: cuda:0
Alphas device: cpu
PC index 113 correlation: 0.1661
Running analysis for PC index 114
Centering data before using scikit-learn on GPU
NOTE: Using GPU for ridge regression.
Warning: RidgeCV with fit_intercept=False please center data before using this function. If you want to use fit_intercept=True, please set device=None or device='cpu'.

Predictor device: cuda:0
Target device: cuda:0
Alphas device: cpu
PC index 114 correlation: 0.2664
Running analysis for PC index 115
Centering data before using scikit-learn on GPU
NOTE: Using GPU for ridge regression.
Warning: RidgeCV with fit_intercept=False please center data before using this function. If you want to use fit_intercept=True, please set device=None or device='cpu'.

Predictor device: cuda:0
Target device: cuda:0
Alphas device: cpu
PC index 115 correlation: 0.1720
Running analysis for PC index 116
Centering data before using scikit-learn on GPU
NOTE: Using GPU for ridge regression.
Warning: RidgeCV with fit_intercept=False please center data before using this function. If you want to use fit_intercept=True, please set device=None or device='cpu'.

Predictor device: cuda:0
Target device: cuda:0
Alphas device: cpu
PC index 116 correlation: 0.1610
Running analysis for PC index 117
Centering data before using scikit-learn on GPU
NOTE: Using GPU for ridge regression.
Warning: RidgeCV with fit_intercept=False please center data before using this function. If you want to use fit_intercept=True, please set device=None or device='cpu'.

Predictor device: cuda:0
Target device: cuda:0
Alphas device: cpu
PC index 117 correlation: 0.2122
Running analysis for PC index 118
Centering data before using scikit-learn on GPU
NOTE: Using GPU for ridge regression.
Warning: RidgeCV with fit_intercept=False please center data before using this function. If you want to use fit_intercept=True, please set device=None or device='cpu'.

Predictor device: cuda:0
Target device: cuda:0
Alphas device: cpu
PC index 118 correlation: 0.2050
Running analysis for PC index 119
Centering data before using scikit-learn on GPU
NOTE: Using GPU for ridge regression.
Warning: RidgeCV with fit_intercept=False please center data before using this function. If you want to use fit_intercept=True, please set device=None or device='cpu'.

Predictor device: cuda:0
Target device: cuda:0
Alphas device: cpu
PC index 119 correlation: 0.2434
Running analysis for PC index 120
Centering data before using scikit-learn on GPU
NOTE: Using GPU for ridge regression.
Warning: RidgeCV with fit_intercept=False please center data before using this function. If you want to use fit_intercept=True, please set device=None or device='cpu'.

Predictor device: cuda:0
Target device: cuda:0
Alphas device: cpu
PC index 120 correlation: 0.1487
Running analysis for PC index 121
Centering data before using scikit-learn on GPU
NOTE: Using GPU for ridge regression.
Warning: RidgeCV with fit_intercept=False please center data before using this function. If you want to use fit_intercept=True, please set device=None or device='cpu'.

Predictor device: cuda:0
Target device: cuda:0
Alphas device: cpu
PC index 121 correlation: 0.1851
Running analysis for PC index 122
Centering data before using scikit-learn on GPU
NOTE: Using GPU for ridge regression.
Warning: RidgeCV with fit_intercept=False please center data before using this function. If you want to use fit_intercept=True, please set device=None or device='cpu'.

Predictor device: cuda:0
Target device: cuda:0
Alphas device: cpu
PC index 122 correlation: 0.2695
Running analysis for PC index 123
Centering data before using scikit-learn on GPU
NOTE: Using GPU for ridge regression.
Warning: RidgeCV with fit_intercept=False please center data before using this function. If you want to use fit_intercept=True, please set device=None or device='cpu'.

Predictor device: cuda:0
Target device: cuda:0
Alphas device: cpu
PC index 123 correlation: 0.1534
Running analysis for PC index 124
Centering data before using scikit-learn on GPU
NOTE: Using GPU for ridge regression.
Warning: RidgeCV with fit_intercept=False please center data before using this function. If you want to use fit_intercept=True, please set device=None or device='cpu'.

Predictor device: cuda:0
Target device: cuda:0
Alphas device: cpu
PC index 124 correlation: 0.1401
Running analysis for PC index 125
Centering data before using scikit-learn on GPU
NOTE: Using GPU for ridge regression.
Warning: RidgeCV with fit_intercept=False please center data before using this function. If you want to use fit_intercept=True, please set device=None or device='cpu'.

Predictor device: cuda:0
Target device: cuda:0
Alphas device: cpu
PC index 125 correlation: 0.2473
Running analysis for PC index 126
Centering data before using scikit-learn on GPU
NOTE: Using GPU for ridge regression.
Warning: RidgeCV with fit_intercept=False please center data before using this function. If you want to use fit_intercept=True, please set device=None or device='cpu'.

Predictor device: cuda:0
Target device: cuda:0
Alphas device: cpu
PC index 126 correlation: 0.1834
Running analysis for PC index 127
Centering data before using scikit-learn on GPU
NOTE: Using GPU for ridge regression.
Warning: RidgeCV with fit_intercept=False please center data before using this function. If you want to use fit_intercept=True, please set device=None or device='cpu'.

Predictor device: cuda:0
Target device: cuda:0
Alphas device: cpu
PC index 127 correlation: 0.1452
Running analysis for PC index 128
Centering data before using scikit-learn on GPU
NOTE: Using GPU for ridge regression.
Warning: RidgeCV with fit_intercept=False please center data before using this function. If you want to use fit_intercept=True, please set device=None or device='cpu'.

Predictor device: cuda:0
Target device: cuda:0
Alphas device: cpu
PC index 128 correlation: 0.2193
Running analysis for PC index 129
Centering data before using scikit-learn on GPU
NOTE: Using GPU for ridge regression.
Warning: RidgeCV with fit_intercept=False please center data before using this function. If you want to use fit_intercept=True, please set device=None or device='cpu'.

Predictor device: cuda:0
Target device: cuda:0
Alphas device: cpu
PC index 129 correlation: 0.2443
Running analysis for PC index 130
Centering data before using scikit-learn on GPU
NOTE: Using GPU for ridge regression.
Warning: RidgeCV with fit_intercept=False please center data before using this function. If you want to use fit_intercept=True, please set device=None or device='cpu'.

Predictor device: cuda:0
Target device: cuda:0
Alphas device: cpu
PC index 130 correlation: 0.2570
Running analysis for PC index 131
Centering data before using scikit-learn on GPU
NOTE: Using GPU for ridge regression.
Warning: RidgeCV with fit_intercept=False please center data before using this function. If you want to use fit_intercept=True, please set device=None or device='cpu'.

Predictor device: cuda:0
Target device: cuda:0
Alphas device: cpu
PC index 131 correlation: 0.1242
Running analysis for PC index 132
Centering data before using scikit-learn on GPU
NOTE: Using GPU for ridge regression.
Warning: RidgeCV with fit_intercept=False please center data before using this function. If you want to use fit_intercept=True, please set device=None or device='cpu'.

Predictor device: cuda:0
Target device: cuda:0
Alphas device: cpu
PC index 132 correlation: 0.2552
Running analysis for PC index 133
Centering data before using scikit-learn on GPU
NOTE: Using GPU for ridge regression.
Warning: RidgeCV with fit_intercept=False please center data before using this function. If you want to use fit_intercept=True, please set device=None or device='cpu'.

Predictor device: cuda:0
Target device: cuda:0
Alphas device: cpu
PC index 133 correlation: 0.1628
Running analysis for PC index 134
Centering data before using scikit-learn on GPU
NOTE: Using GPU for ridge regression.
Warning: RidgeCV with fit_intercept=False please center data before using this function. If you want to use fit_intercept=True, please set device=None or device='cpu'.

Predictor device: cuda:0
Target device: cuda:0
Alphas device: cpu
PC index 134 correlation: 0.1766
Running analysis for PC index 135
Centering data before using scikit-learn on GPU
NOTE: Using GPU for ridge regression.
Warning: RidgeCV with fit_intercept=False please center data before using this function. If you want to use fit_intercept=True, please set device=None or device='cpu'.

Predictor device: cuda:0
Target device: cuda:0
Alphas device: cpu
PC index 135 correlation: 0.2463
Running analysis for PC index 136
Centering data before using scikit-learn on GPU
NOTE: Using GPU for ridge regression.
Warning: RidgeCV with fit_intercept=False please center data before using this function. If you want to use fit_intercept=True, please set device=None or device='cpu'.

Predictor device: cuda:0
Target device: cuda:0
Alphas device: cpu
PC index 136 correlation: 0.0865
Running analysis for PC index 137
Centering data before using scikit-learn on GPU
NOTE: Using GPU for ridge regression.
Warning: RidgeCV with fit_intercept=False please center data before using this function. If you want to use fit_intercept=True, please set device=None or device='cpu'.

Predictor device: cuda:0
Target device: cuda:0
Alphas device: cpu
PC index 137 correlation: 0.1902
Running analysis for PC index 138
Centering data before using scikit-learn on GPU
NOTE: Using GPU for ridge regression.
Warning: RidgeCV with fit_intercept=False please center data before using this function. If you want to use fit_intercept=True, please set device=None or device='cpu'.

Predictor device: cuda:0
Target device: cuda:0
Alphas device: cpu
PC index 138 correlation: 0.1605
Running analysis for PC index 139
Centering data before using scikit-learn on GPU
NOTE: Using GPU for ridge regression.
Warning: RidgeCV with fit_intercept=False please center data before using this function. If you want to use fit_intercept=True, please set device=None or device='cpu'.

Predictor device: cuda:0
Target device: cuda:0
Alphas device: cpu
PC index 139 correlation: 0.2245
Running analysis for PC index 140
Centering data before using scikit-learn on GPU
NOTE: Using GPU for ridge regression.
Warning: RidgeCV with fit_intercept=False please center data before using this function. If you want to use fit_intercept=True, please set device=None or device='cpu'.

Predictor device: cuda:0
Target device: cuda:0
Alphas device: cpu
PC index 140 correlation: 0.1978
Running analysis for PC index 141
Centering data before using scikit-learn on GPU
NOTE: Using GPU for ridge regression.
Warning: RidgeCV with fit_intercept=False please center data before using this function. If you want to use fit_intercept=True, please set device=None or device='cpu'.

Predictor device: cuda:0
Target device: cuda:0
Alphas device: cpu
PC index 141 correlation: 0.1724
Running analysis for PC index 142
Centering data before using scikit-learn on GPU
NOTE: Using GPU for ridge regression.
Warning: RidgeCV with fit_intercept=False please center data before using this function. If you want to use fit_intercept=True, please set device=None or device='cpu'.

Predictor device: cuda:0
Target device: cuda:0
Alphas device: cpu
PC index 142 correlation: 0.1587
Running analysis for PC index 143
Centering data before using scikit-learn on GPU
NOTE: Using GPU for ridge regression.
Warning: RidgeCV with fit_intercept=False please center data before using this function. If you want to use fit_intercept=True, please set device=None or device='cpu'.

Predictor device: cuda:0
Target device: cuda:0
Alphas device: cpu
PC index 143 correlation: 0.2163
Running analysis for PC index 144
Centering data before using scikit-learn on GPU
NOTE: Using GPU for ridge regression.
Warning: RidgeCV with fit_intercept=False please center data before using this function. If you want to use fit_intercept=True, please set device=None or device='cpu'.

Predictor device: cuda:0
Target device: cuda:0
Alphas device: cpu
PC index 144 correlation: 0.1881
Running analysis for PC index 145
Centering data before using scikit-learn on GPU
NOTE: Using GPU for ridge regression.
Warning: RidgeCV with fit_intercept=False please center data before using this function. If you want to use fit_intercept=True, please set device=None or device='cpu'.

Predictor device: cuda:0
Target device: cuda:0
Alphas device: cpu
PC index 145 correlation: 0.2210
Running analysis for PC index 146
Centering data before using scikit-learn on GPU
NOTE: Using GPU for ridge regression.
Warning: RidgeCV with fit_intercept=False please center data before using this function. If you want to use fit_intercept=True, please set device=None or device='cpu'.

Predictor device: cuda:0
Target device: cuda:0
Alphas device: cpu
PC index 146 correlation: 0.1432
Running analysis for PC index 147
Centering data before using scikit-learn on GPU
NOTE: Using GPU for ridge regression.
Warning: RidgeCV with fit_intercept=False please center data before using this function. If you want to use fit_intercept=True, please set device=None or device='cpu'.

Predictor device: cuda:0
Target device: cuda:0
Alphas device: cpu
PC index 147 correlation: 0.1432
Running analysis for PC index 148
Centering data before using scikit-learn on GPU
NOTE: Using GPU for ridge regression.
Warning: RidgeCV with fit_intercept=False please center data before using this function. If you want to use fit_intercept=True, please set device=None or device='cpu'.

Predictor device: cuda:0
Target device: cuda:0
Alphas device: cpu
PC index 148 correlation: 0.2067
Running analysis for PC index 149
Centering data before using scikit-learn on GPU
NOTE: Using GPU for ridge regression.
Warning: RidgeCV with fit_intercept=False please center data before using this function. If you want to use fit_intercept=True, please set device=None or device='cpu'.

Predictor device: cuda:0
Target device: cuda:0
Alphas device: cpu
PC index 149 correlation: 0.1893
Running analysis for PC index 150
Centering data before using scikit-learn on GPU
NOTE: Using GPU for ridge regression.
Warning: RidgeCV with fit_intercept=False please center data before using this function. If you want to use fit_intercept=True, please set device=None or device='cpu'.

Predictor device: cuda:0
Target device: cuda:0
Alphas device: cpu
PC index 150 correlation: 0.1980
Running analysis for PC index 151
Centering data before using scikit-learn on GPU
NOTE: Using GPU for ridge regression.
Warning: RidgeCV with fit_intercept=False please center data before using this function. If you want to use fit_intercept=True, please set device=None or device='cpu'.

Predictor device: cuda:0
Target device: cuda:0
Alphas device: cpu
PC index 151 correlation: 0.1838
Running analysis for PC index 152
Centering data before using scikit-learn on GPU
NOTE: Using GPU for ridge regression.
Warning: RidgeCV with fit_intercept=False please center data before using this function. If you want to use fit_intercept=True, please set device=None or device='cpu'.

Predictor device: cuda:0
Target device: cuda:0
Alphas device: cpu
PC index 152 correlation: 0.1565
Running analysis for PC index 153
Centering data before using scikit-learn on GPU
NOTE: Using GPU for ridge regression.
Warning: RidgeCV with fit_intercept=False please center data before using this function. If you want to use fit_intercept=True, please set device=None or device='cpu'.

Predictor device: cuda:0
Target device: cuda:0
Alphas device: cpu
PC index 153 correlation: 0.1495
Running analysis for PC index 154
Centering data before using scikit-learn on GPU
NOTE: Using GPU for ridge regression.
Warning: RidgeCV with fit_intercept=False please center data before using this function. If you want to use fit_intercept=True, please set device=None or device='cpu'.

Predictor device: cuda:0
Target device: cuda:0
Alphas device: cpu
PC index 154 correlation: 0.1189
Running analysis for PC index 155
Centering data before using scikit-learn on GPU
NOTE: Using GPU for ridge regression.
Warning: RidgeCV with fit_intercept=False please center data before using this function. If you want to use fit_intercept=True, please set device=None or device='cpu'.

Predictor device: cuda:0
Target device: cuda:0
Alphas device: cpu
PC index 155 correlation: 0.1022
Running analysis for PC index 156
Centering data before using scikit-learn on GPU
NOTE: Using GPU for ridge regression.
Warning: RidgeCV with fit_intercept=False please center data before using this function. If you want to use fit_intercept=True, please set device=None or device='cpu'.

Predictor device: cuda:0
Target device: cuda:0
Alphas device: cpu
PC index 156 correlation: 0.1035
Running analysis for PC index 157
Centering data before using scikit-learn on GPU
NOTE: Using GPU for ridge regression.
Warning: RidgeCV with fit_intercept=False please center data before using this function. If you want to use fit_intercept=True, please set device=None or device='cpu'.

Predictor device: cuda:0
Target device: cuda:0
Alphas device: cpu
PC index 157 correlation: 0.1730
Running analysis for PC index 158
Centering data before using scikit-learn on GPU
NOTE: Using GPU for ridge regression.
Warning: RidgeCV with fit_intercept=False please center data before using this function. If you want to use fit_intercept=True, please set device=None or device='cpu'.

Predictor device: cuda:0
Target device: cuda:0
Alphas device: cpu
PC index 158 correlation: 0.1845
Running analysis for PC index 159
Centering data before using scikit-learn on GPU
NOTE: Using GPU for ridge regression.
Warning: RidgeCV with fit_intercept=False please center data before using this function. If you want to use fit_intercept=True, please set device=None or device='cpu'.

Predictor device: cuda:0
Target device: cuda:0
Alphas device: cpu
PC index 159 correlation: 0.2189
Running analysis for PC index 160
Centering data before using scikit-learn on GPU
NOTE: Using GPU for ridge regression.
Warning: RidgeCV with fit_intercept=False please center data before using this function. If you want to use fit_intercept=True, please set device=None or device='cpu'.

Predictor device: cuda:0
Target device: cuda:0
Alphas device: cpu
PC index 160 correlation: 0.1071
Running analysis for PC index 161
Centering data before using scikit-learn on GPU
NOTE: Using GPU for ridge regression.
Warning: RidgeCV with fit_intercept=False please center data before using this function. If you want to use fit_intercept=True, please set device=None or device='cpu'.

Predictor device: cuda:0
Target device: cuda:0
Alphas device: cpu
PC index 161 correlation: 0.1622
Running analysis for PC index 162
Centering data before using scikit-learn on GPU
NOTE: Using GPU for ridge regression.
Warning: RidgeCV with fit_intercept=False please center data before using this function. If you want to use fit_intercept=True, please set device=None or device='cpu'.

Predictor device: cuda:0
Target device: cuda:0
Alphas device: cpu
PC index 162 correlation: 0.1917
Running analysis for PC index 163
Centering data before using scikit-learn on GPU
NOTE: Using GPU for ridge regression.
Warning: RidgeCV with fit_intercept=False please center data before using this function. If you want to use fit_intercept=True, please set device=None or device='cpu'.

Predictor device: cuda:0
Target device: cuda:0
Alphas device: cpu
PC index 163 correlation: 0.2832
Running analysis for PC index 164
Centering data before using scikit-learn on GPU
NOTE: Using GPU for ridge regression.
Warning: RidgeCV with fit_intercept=False please center data before using this function. If you want to use fit_intercept=True, please set device=None or device='cpu'.

Predictor device: cuda:0
Target device: cuda:0
Alphas device: cpu
PC index 164 correlation: 0.1747
Running analysis for PC index 165
Centering data before using scikit-learn on GPU
NOTE: Using GPU for ridge regression.
Warning: RidgeCV with fit_intercept=False please center data before using this function. If you want to use fit_intercept=True, please set device=None or device='cpu'.

Predictor device: cuda:0
Target device: cuda:0
Alphas device: cpu
PC index 165 correlation: 0.1431
Running analysis for PC index 166
Centering data before using scikit-learn on GPU
NOTE: Using GPU for ridge regression.
Warning: RidgeCV with fit_intercept=False please center data before using this function. If you want to use fit_intercept=True, please set device=None or device='cpu'.

Predictor device: cuda:0
Target device: cuda:0
Alphas device: cpu
PC index 166 correlation: 0.1828
Running analysis for PC index 167
Centering data before using scikit-learn on GPU
NOTE: Using GPU for ridge regression.
Warning: RidgeCV with fit_intercept=False please center data before using this function. If you want to use fit_intercept=True, please set device=None or device='cpu'.

Predictor device: cuda:0
Target device: cuda:0
Alphas device: cpu
PC index 167 correlation: 0.1832
Running analysis for PC index 168
Centering data before using scikit-learn on GPU
NOTE: Using GPU for ridge regression.
Warning: RidgeCV with fit_intercept=False please center data before using this function. If you want to use fit_intercept=True, please set device=None or device='cpu'.

Predictor device: cuda:0
Target device: cuda:0
Alphas device: cpu
PC index 168 correlation: 0.1832
Running analysis for PC index 169
Centering data before using scikit-learn on GPU
NOTE: Using GPU for ridge regression.
Warning: RidgeCV with fit_intercept=False please center data before using this function. If you want to use fit_intercept=True, please set device=None or device='cpu'.

Predictor device: cuda:0
Target device: cuda:0
Alphas device: cpu
PC index 169 correlation: 0.1250
Running analysis for PC index 170
Centering data before using scikit-learn on GPU
NOTE: Using GPU for ridge regression.
Warning: RidgeCV with fit_intercept=False please center data before using this function. If you want to use fit_intercept=True, please set device=None or device='cpu'.

Predictor device: cuda:0
Target device: cuda:0
Alphas device: cpu
PC index 170 correlation: 0.2132
Running analysis for PC index 171
Centering data before using scikit-learn on GPU
NOTE: Using GPU for ridge regression.
Warning: RidgeCV with fit_intercept=False please center data before using this function. If you want to use fit_intercept=True, please set device=None or device='cpu'.

Predictor device: cuda:0
Target device: cuda:0
Alphas device: cpu
PC index 171 correlation: 0.1844
Running analysis for PC index 172
Centering data before using scikit-learn on GPU
NOTE: Using GPU for ridge regression.
Warning: RidgeCV with fit_intercept=False please center data before using this function. If you want to use fit_intercept=True, please set device=None or device='cpu'.

Predictor device: cuda:0
Target device: cuda:0
Alphas device: cpu
PC index 172 correlation: 0.2513
Running analysis for PC index 173
Centering data before using scikit-learn on GPU
NOTE: Using GPU for ridge regression.
Warning: RidgeCV with fit_intercept=False please center data before using this function. If you want to use fit_intercept=True, please set device=None or device='cpu'.

Predictor device: cuda:0
Target device: cuda:0
Alphas device: cpu
PC index 173 correlation: 0.1306
Running analysis for PC index 174
Centering data before using scikit-learn on GPU
NOTE: Using GPU for ridge regression.
Warning: RidgeCV with fit_intercept=False please center data before using this function. If you want to use fit_intercept=True, please set device=None or device='cpu'.

Predictor device: cuda:0
Target device: cuda:0
Alphas device: cpu
PC index 174 correlation: 0.2225
Running analysis for PC index 175
Centering data before using scikit-learn on GPU
NOTE: Using GPU for ridge regression.
Warning: RidgeCV with fit_intercept=False please center data before using this function. If you want to use fit_intercept=True, please set device=None or device='cpu'.

Predictor device: cuda:0
Target device: cuda:0
Alphas device: cpu
PC index 175 correlation: 0.1730
Running analysis for PC index 176
Centering data before using scikit-learn on GPU
NOTE: Using GPU for ridge regression.
Warning: RidgeCV with fit_intercept=False please center data before using this function. If you want to use fit_intercept=True, please set device=None or device='cpu'.

Predictor device: cuda:0
Target device: cuda:0
Alphas device: cpu
PC index 176 correlation: 0.0766
Running analysis for PC index 177
Centering data before using scikit-learn on GPU
NOTE: Using GPU for ridge regression.
Warning: RidgeCV with fit_intercept=False please center data before using this function. If you want to use fit_intercept=True, please set device=None or device='cpu'.

Predictor device: cuda:0
Target device: cuda:0
Alphas device: cpu
PC index 177 correlation: 0.1408
Running analysis for PC index 178
Centering data before using scikit-learn on GPU
NOTE: Using GPU for ridge regression.
Warning: RidgeCV with fit_intercept=False please center data before using this function. If you want to use fit_intercept=True, please set device=None or device='cpu'.

Predictor device: cuda:0
Target device: cuda:0
Alphas device: cpu
PC index 178 correlation: 0.0892
Running analysis for PC index 179
Centering data before using scikit-learn on GPU
NOTE: Using GPU for ridge regression.
Warning: RidgeCV with fit_intercept=False please center data before using this function. If you want to use fit_intercept=True, please set device=None or device='cpu'.

Predictor device: cuda:0
Target device: cuda:0
Alphas device: cpu
PC index 179 correlation: 0.2261
Running analysis for PC index 180
Centering data before using scikit-learn on GPU
NOTE: Using GPU for ridge regression.
Warning: RidgeCV with fit_intercept=False please center data before using this function. If you want to use fit_intercept=True, please set device=None or device='cpu'.

Predictor device: cuda:0
Target device: cuda:0
Alphas device: cpu
PC index 180 correlation: 0.1217
Running analysis for PC index 181
Centering data before using scikit-learn on GPU
NOTE: Using GPU for ridge regression.
Warning: RidgeCV with fit_intercept=False please center data before using this function. If you want to use fit_intercept=True, please set device=None or device='cpu'.

Predictor device: cuda:0
Target device: cuda:0
Alphas device: cpu
PC index 181 correlation: 0.1174
Running analysis for PC index 182
Centering data before using scikit-learn on GPU
NOTE: Using GPU for ridge regression.
Warning: RidgeCV with fit_intercept=False please center data before using this function. If you want to use fit_intercept=True, please set device=None or device='cpu'.

Predictor device: cuda:0
Target device: cuda:0
Alphas device: cpu
PC index 182 correlation: 0.1694
Running analysis for PC index 183
Centering data before using scikit-learn on GPU
NOTE: Using GPU for ridge regression.
Warning: RidgeCV with fit_intercept=False please center data before using this function. If you want to use fit_intercept=True, please set device=None or device='cpu'.

Predictor device: cuda:0
Target device: cuda:0
Alphas device: cpu
PC index 183 correlation: 0.1784
Running analysis for PC index 184
Centering data before using scikit-learn on GPU
NOTE: Using GPU for ridge regression.
Warning: RidgeCV with fit_intercept=False please center data before using this function. If you want to use fit_intercept=True, please set device=None or device='cpu'.

Predictor device: cuda:0
Target device: cuda:0
Alphas device: cpu
PC index 184 correlation: 0.1338
Running analysis for PC index 185
Centering data before using scikit-learn on GPU
NOTE: Using GPU for ridge regression.
Warning: RidgeCV with fit_intercept=False please center data before using this function. If you want to use fit_intercept=True, please set device=None or device='cpu'.

Predictor device: cuda:0
Target device: cuda:0
Alphas device: cpu
PC index 185 correlation: 0.1299
Running analysis for PC index 186
Centering data before using scikit-learn on GPU
NOTE: Using GPU for ridge regression.
Warning: RidgeCV with fit_intercept=False please center data before using this function. If you want to use fit_intercept=True, please set device=None or device='cpu'.

Predictor device: cuda:0
Target device: cuda:0
Alphas device: cpu
PC index 186 correlation: 0.1195
Running analysis for PC index 187
Centering data before using scikit-learn on GPU
NOTE: Using GPU for ridge regression.
Warning: RidgeCV with fit_intercept=False please center data before using this function. If you want to use fit_intercept=True, please set device=None or device='cpu'.

Predictor device: cuda:0
Target device: cuda:0
Alphas device: cpu
PC index 187 correlation: 0.2200
Running analysis for PC index 188
Centering data before using scikit-learn on GPU
NOTE: Using GPU for ridge regression.
Warning: RidgeCV with fit_intercept=False please center data before using this function. If you want to use fit_intercept=True, please set device=None or device='cpu'.

Predictor device: cuda:0
Target device: cuda:0
Alphas device: cpu
PC index 188 correlation: 0.1667
Running analysis for PC index 189
Centering data before using scikit-learn on GPU
NOTE: Using GPU for ridge regression.
Warning: RidgeCV with fit_intercept=False please center data before using this function. If you want to use fit_intercept=True, please set device=None or device='cpu'.

Predictor device: cuda:0
Target device: cuda:0
Alphas device: cpu
PC index 189 correlation: 0.1848
Running analysis for PC index 190
Centering data before using scikit-learn on GPU
NOTE: Using GPU for ridge regression.
Warning: RidgeCV with fit_intercept=False please center data before using this function. If you want to use fit_intercept=True, please set device=None or device='cpu'.

Predictor device: cuda:0
Target device: cuda:0
Alphas device: cpu
PC index 190 correlation: 0.1731
Running analysis for PC index 191
Centering data before using scikit-learn on GPU
NOTE: Using GPU for ridge regression.
Warning: RidgeCV with fit_intercept=False please center data before using this function. If you want to use fit_intercept=True, please set device=None or device='cpu'.

Predictor device: cuda:0
Target device: cuda:0
Alphas device: cpu
PC index 191 correlation: 0.1361
Running analysis for PC index 192
Centering data before using scikit-learn on GPU
NOTE: Using GPU for ridge regression.
Warning: RidgeCV with fit_intercept=False please center data before using this function. If you want to use fit_intercept=True, please set device=None or device='cpu'.

Predictor device: cuda:0
Target device: cuda:0
Alphas device: cpu
PC index 192 correlation: 0.1216
Running analysis for PC index 193
Centering data before using scikit-learn on GPU
NOTE: Using GPU for ridge regression.
Warning: RidgeCV with fit_intercept=False please center data before using this function. If you want to use fit_intercept=True, please set device=None or device='cpu'.

Predictor device: cuda:0
Target device: cuda:0
Alphas device: cpu
PC index 193 correlation: 0.1165
Running analysis for PC index 194
Centering data before using scikit-learn on GPU
NOTE: Using GPU for ridge regression.
Warning: RidgeCV with fit_intercept=False please center data before using this function. If you want to use fit_intercept=True, please set device=None or device='cpu'.

Predictor device: cuda:0
Target device: cuda:0
Alphas device: cpu
PC index 194 correlation: 0.1399
Running analysis for PC index 195
Centering data before using scikit-learn on GPU
NOTE: Using GPU for ridge regression.
Warning: RidgeCV with fit_intercept=False please center data before using this function. If you want to use fit_intercept=True, please set device=None or device='cpu'.

Predictor device: cuda:0
Target device: cuda:0
Alphas device: cpu
PC index 195 correlation: 0.1713
Running analysis for PC index 196
Centering data before using scikit-learn on GPU
NOTE: Using GPU for ridge regression.
Warning: RidgeCV with fit_intercept=False please center data before using this function. If you want to use fit_intercept=True, please set device=None or device='cpu'.

Predictor device: cuda:0
Target device: cuda:0
Alphas device: cpu
PC index 196 correlation: 0.1860
Running analysis for PC index 197
Centering data before using scikit-learn on GPU
NOTE: Using GPU for ridge regression.
Warning: RidgeCV with fit_intercept=False please center data before using this function. If you want to use fit_intercept=True, please set device=None or device='cpu'.

Predictor device: cuda:0
Target device: cuda:0
Alphas device: cpu
PC index 197 correlation: 0.1156
Running analysis for PC index 198
Centering data before using scikit-learn on GPU
NOTE: Using GPU for ridge regression.
Warning: RidgeCV with fit_intercept=False please center data before using this function. If you want to use fit_intercept=True, please set device=None or device='cpu'.

Predictor device: cuda:0
Target device: cuda:0
Alphas device: cpu
PC index 198 correlation: 0.1647
Running analysis for PC index 199
Centering data before using scikit-learn on GPU
NOTE: Using GPU for ridge regression.
Warning: RidgeCV with fit_intercept=False please center data before using this function. If you want to use fit_intercept=True, please set device=None or device='cpu'.

Predictor device: cuda:0
Target device: cuda:0
Alphas device: cpu
PC index 199 correlation: 0.2193
Saved hardcorenas_f_classification correlations to /home/ohadshee/Desktop/Partial-Information-Decomposition/pipeline/analysis/ridge_analysis/GPU_200_pcs_correlations_by_model.csv 😀
Starting model: eca_nfnet_l0_classification
Number of images: 73000
Image shape: (425, 425, 3), dtype: uint8
nsdID shape: (73000,), Shared1000 shape: (73000,)
Neural data shape: (10000, 8088)
Image IDs shape: (10000,)
Number of voxels: 8088
Number of projections for SRP: 7894

Loaded target with shape (10000, 8088).
Model options for eca_nfnet_l0_classification: {'model_name': 'eca_nfnet_l0', 'train_type': 'classification', 'train_data': 'imagenet', 'model_source': 'timm', 'call': "get_timm_model('eca_nfnet_l0', pretrained = True)"}
Image transforms for eca_nfnet_l0_classification: Compose(
    Resize(size=(224, 224), interpolation=bicubic, max_size=None, antialias=True)
    MaybeToTensor()
    Normalize(mean=tensor([0.4850, 0.4560, 0.4060]), std=tensor([0.2290, 0.2240, 0.2250]))
)
Loaded model: eca_nfnet_l0_classification
Ordered layers from model: ['ScaledStdConv2d-1', 'SiLU-1', 'ScaledStdConv2d-2', 'SiLU-2', 'ScaledStdConv2d-3', 'SiLU-3', 'ScaledStdConv2d-4', 'SiLU-4', 'Identity-1', 'ScaledStdConv2d-5', 'DownsampleAvg-1', 'ScaledStdConv2d-6', 'SiLU-5', 'ScaledStdConv2d-7', 'SiLU-6', 'ScaledStdConv2d-8', 'SiLU-7', 'ScaledStdConv2d-9', 'Conv1d-1', 'Sigmoid-1', 'EcaModule-1', 'Identity-2', 'NormFreeBlock-1', 'SiLU-8', 'AvgPool2d-1', 'ScaledStdConv2d-10', 'DownsampleAvg-2', 'ScaledStdConv2d-11', 'SiLU-9', 'ScaledStdConv2d-12', 'SiLU-10', 'ScaledStdConv2d-13', 'SiLU-11', 'ScaledStdConv2d-14', 'Conv1d-2', 'Sigmoid-2', 'EcaModule-2', 'Identity-3', 'NormFreeBlock-2', 'SiLU-12', 'ScaledStdConv2d-15', 'SiLU-13', 'ScaledStdConv2d-16', 'SiLU-14', 'ScaledStdConv2d-17', 'SiLU-15', 'ScaledStdConv2d-18', 'Conv1d-3', 'Sigmoid-3', 'EcaModule-3', 'Identity-4', 'NormFreeBlock-3', 'SiLU-16', 'AvgPool2d-2', 'ScaledStdConv2d-19', 'DownsampleAvg-3', 'ScaledStdConv2d-20', 'SiLU-17', 'ScaledStdConv2d-21', 'SiLU-18', 'ScaledStdConv2d-22', 'SiLU-19', 'ScaledStdConv2d-23', 'Conv1d-4', 'Sigmoid-4', 'EcaModule-4', 'Identity-5', 'NormFreeBlock-4', 'SiLU-20', 'ScaledStdConv2d-24', 'SiLU-21', 'ScaledStdConv2d-25', 'SiLU-22', 'ScaledStdConv2d-26', 'SiLU-23', 'ScaledStdConv2d-27', 'Conv1d-5', 'Sigmoid-5', 'EcaModule-5', 'Identity-6', 'NormFreeBlock-5', 'SiLU-24', 'ScaledStdConv2d-28', 'SiLU-25', 'ScaledStdConv2d-29', 'SiLU-26', 'ScaledStdConv2d-30', 'SiLU-27', 'ScaledStdConv2d-31', 'Conv1d-6', 'Sigmoid-6', 'EcaModule-6', 'Identity-7', 'NormFreeBlock-6', 'SiLU-28', 'ScaledStdConv2d-32', 'SiLU-29', 'ScaledStdConv2d-33', 'SiLU-30', 'ScaledStdConv2d-34', 'SiLU-31', 'ScaledStdConv2d-35', 'Conv1d-7', 'Sigmoid-7', 'EcaModule-7', 'Identity-8', 'NormFreeBlock-7', 'SiLU-32', 'ScaledStdConv2d-36', 'SiLU-33', 'ScaledStdConv2d-37', 'SiLU-34', 'ScaledStdConv2d-38', 'SiLU-35', 'ScaledStdConv2d-39', 'Conv1d-8', 'Sigmoid-8', 'EcaModule-8', 'Identity-9', 'NormFreeBlock-8', 'SiLU-36', 'ScaledStdConv2d-40', 'SiLU-37', 'ScaledStdConv2d-41', 'SiLU-38', 'ScaledStdConv2d-42', 'SiLU-39', 'ScaledStdConv2d-43', 'Conv1d-9', 'Sigmoid-9', 'EcaModule-9', 'Identity-10', 'NormFreeBlock-9', 'SiLU-40', 'AvgPool2d-3', 'ScaledStdConv2d-44', 'DownsampleAvg-4', 'ScaledStdConv2d-45', 'SiLU-41', 'ScaledStdConv2d-46', 'SiLU-42', 'ScaledStdConv2d-47', 'SiLU-43', 'ScaledStdConv2d-48', 'Conv1d-10', 'Sigmoid-10', 'EcaModule-10', 'Identity-11', 'NormFreeBlock-10', 'SiLU-44', 'ScaledStdConv2d-49', 'SiLU-45', 'ScaledStdConv2d-50', 'SiLU-46', 'ScaledStdConv2d-51', 'SiLU-47', 'ScaledStdConv2d-52', 'Conv1d-11', 'Sigmoid-11', 'EcaModule-11', 'Identity-12', 'NormFreeBlock-11', 'SiLU-48', 'ScaledStdConv2d-53', 'SiLU-49', 'ScaledStdConv2d-54', 'SiLU-50', 'ScaledStdConv2d-55', 'SiLU-51', 'ScaledStdConv2d-56', 'Conv1d-12', 'Sigmoid-12', 'EcaModule-12', 'Identity-13', 'NormFreeBlock-12', 'ScaledStdConv2d-57', 'SiLU-52', 'AdaptiveAvgPool2d-1', 'Flatten-1', 'SelectAdaptivePool2d-1', 'Dropout-1', 'Linear-1', 'Identity-14', 'ClassifierHead-1', 'NormFreeNet-1']
Total number of layers: 185
Starting to extract features for eca_nfnet_l0_classification at layer 134

==================================================
Processing layer: AvgPool2d-3 from model: eca_nfnet_l0_classification

For model eca_nfnet_l0_classification Layer AvgPool2d-3: Extracting features for 10000 images in batches of 128...
Feature extraction for model eca_nfnet_l0_classification layer AvgPool2d-3 completed in 66.04 seconds.

Features shape: (10000, 75264), Train target shape: (9000, 200), Shared target shape: (1000, 200)
Running ridge regression for 200 PCs on model eca_nfnet_l0_classification at layer 134
Running analysis for 200 PCs
Running analysis for PC index 0
Centering data before using scikit-learn on GPU
NOTE: Using GPU for ridge regression.
Warning: RidgeCV with fit_intercept=False please center data before using this function. If you want to use fit_intercept=True, please set device=None or device='cpu'.

Predictor device: cuda:0
Target device: cuda:0
Alphas device: cpu
PC index 0 correlation: 0.2904
Running analysis for PC index 1
Centering data before using scikit-learn on GPU
NOTE: Using GPU for ridge regression.
Warning: RidgeCV with fit_intercept=False please center data before using this function. If you want to use fit_intercept=True, please set device=None or device='cpu'.

Predictor device: cuda:0
Target device: cuda:0
Alphas device: cpu
PC index 1 correlation: 0.7589
Running analysis for PC index 2
Centering data before using scikit-learn on GPU
NOTE: Using GPU for ridge regression.
Warning: RidgeCV with fit_intercept=False please center data before using this function. If you want to use fit_intercept=True, please set device=None or device='cpu'.

Predictor device: cuda:0
Target device: cuda:0
Alphas device: cpu
PC index 2 correlation: 0.6881
Running analysis for PC index 3
Centering data before using scikit-learn on GPU
NOTE: Using GPU for ridge regression.
Warning: RidgeCV with fit_intercept=False please center data before using this function. If you want to use fit_intercept=True, please set device=None or device='cpu'.

Predictor device: cuda:0
Target device: cuda:0
Alphas device: cpu
PC index 3 correlation: 0.6836
Running analysis for PC index 4
Centering data before using scikit-learn on GPU
NOTE: Using GPU for ridge regression.
Warning: RidgeCV with fit_intercept=False please center data before using this function. If you want to use fit_intercept=True, please set device=None or device='cpu'.

Predictor device: cuda:0
Target device: cuda:0
Alphas device: cpu
PC index 4 correlation: 0.6093
Running analysis for PC index 5
Centering data before using scikit-learn on GPU
NOTE: Using GPU for ridge regression.
Warning: RidgeCV with fit_intercept=False please center data before using this function. If you want to use fit_intercept=True, please set device=None or device='cpu'.

Predictor device: cuda:0
Target device: cuda:0
Alphas device: cpu
PC index 5 correlation: 0.3773
Running analysis for PC index 6
Centering data before using scikit-learn on GPU
NOTE: Using GPU for ridge regression.
Warning: RidgeCV with fit_intercept=False please center data before using this function. If you want to use fit_intercept=True, please set device=None or device='cpu'.

Predictor device: cuda:0
Target device: cuda:0
Alphas device: cpu
PC index 6 correlation: 0.3708
Running analysis for PC index 7
Centering data before using scikit-learn on GPU
NOTE: Using GPU for ridge regression.
Warning: RidgeCV with fit_intercept=False please center data before using this function. If you want to use fit_intercept=True, please set device=None or device='cpu'.

Predictor device: cuda:0
Target device: cuda:0
Alphas device: cpu
PC index 7 correlation: 0.0882
Running analysis for PC index 8
Centering data before using scikit-learn on GPU
NOTE: Using GPU for ridge regression.
Warning: RidgeCV with fit_intercept=False please center data before using this function. If you want to use fit_intercept=True, please set device=None or device='cpu'.

Predictor device: cuda:0
Target device: cuda:0
Alphas device: cpu
PC index 8 correlation: 0.4299
Running analysis for PC index 9
Centering data before using scikit-learn on GPU
NOTE: Using GPU for ridge regression.
Warning: RidgeCV with fit_intercept=False please center data before using this function. If you want to use fit_intercept=True, please set device=None or device='cpu'.

Predictor device: cuda:0
Target device: cuda:0
Alphas device: cpu
PC index 9 correlation: 0.4204
Running analysis for PC index 10
Centering data before using scikit-learn on GPU
NOTE: Using GPU for ridge regression.
Warning: RidgeCV with fit_intercept=False please center data before using this function. If you want to use fit_intercept=True, please set device=None or device='cpu'.

Predictor device: cuda:0
Target device: cuda:0
Alphas device: cpu
PC index 10 correlation: 0.3697
Running analysis for PC index 11
Centering data before using scikit-learn on GPU
NOTE: Using GPU for ridge regression.
Warning: RidgeCV with fit_intercept=False please center data before using this function. If you want to use fit_intercept=True, please set device=None or device='cpu'.

Predictor device: cuda:0
Target device: cuda:0
Alphas device: cpu
PC index 11 correlation: 0.6421
Running analysis for PC index 12
Centering data before using scikit-learn on GPU
NOTE: Using GPU for ridge regression.
Warning: RidgeCV with fit_intercept=False please center data before using this function. If you want to use fit_intercept=True, please set device=None or device='cpu'.

Predictor device: cuda:0
Target device: cuda:0
Alphas device: cpu
PC index 12 correlation: 0.2179
Running analysis for PC index 13
Centering data before using scikit-learn on GPU
NOTE: Using GPU for ridge regression.
Warning: RidgeCV with fit_intercept=False please center data before using this function. If you want to use fit_intercept=True, please set device=None or device='cpu'.

Predictor device: cuda:0
Target device: cuda:0
Alphas device: cpu
PC index 13 correlation: 0.3355
Running analysis for PC index 14
Centering data before using scikit-learn on GPU
NOTE: Using GPU for ridge regression.
Warning: RidgeCV with fit_intercept=False please center data before using this function. If you want to use fit_intercept=True, please set device=None or device='cpu'.

Predictor device: cuda:0
Target device: cuda:0
Alphas device: cpu
PC index 14 correlation: 0.3418
Running analysis for PC index 15
Centering data before using scikit-learn on GPU
NOTE: Using GPU for ridge regression.
Warning: RidgeCV with fit_intercept=False please center data before using this function. If you want to use fit_intercept=True, please set device=None or device='cpu'.

Predictor device: cuda:0
Target device: cuda:0
Alphas device: cpu
PC index 15 correlation: 0.1946
Running analysis for PC index 16
Centering data before using scikit-learn on GPU
NOTE: Using GPU for ridge regression.
Warning: RidgeCV with fit_intercept=False please center data before using this function. If you want to use fit_intercept=True, please set device=None or device='cpu'.

Predictor device: cuda:0
Target device: cuda:0
Alphas device: cpu
PC index 16 correlation: 0.2512
Running analysis for PC index 17
Centering data before using scikit-learn on GPU
NOTE: Using GPU for ridge regression.
Warning: RidgeCV with fit_intercept=False please center data before using this function. If you want to use fit_intercept=True, please set device=None or device='cpu'.

Predictor device: cuda:0
Target device: cuda:0
Alphas device: cpu
PC index 17 correlation: 0.1077
Running analysis for PC index 18
Centering data before using scikit-learn on GPU
NOTE: Using GPU for ridge regression.
Warning: RidgeCV with fit_intercept=False please center data before using this function. If you want to use fit_intercept=True, please set device=None or device='cpu'.

Predictor device: cuda:0
Target device: cuda:0
Alphas device: cpu
PC index 18 correlation: 0.2962
Running analysis for PC index 19
Centering data before using scikit-learn on GPU
NOTE: Using GPU for ridge regression.
Warning: RidgeCV with fit_intercept=False please center data before using this function. If you want to use fit_intercept=True, please set device=None or device='cpu'.

Predictor device: cuda:0
Target device: cuda:0
Alphas device: cpu
PC index 19 correlation: 0.3359
Running analysis for PC index 20
Centering data before using scikit-learn on GPU
NOTE: Using GPU for ridge regression.
Warning: RidgeCV with fit_intercept=False please center data before using this function. If you want to use fit_intercept=True, please set device=None or device='cpu'.

Predictor device: cuda:0
Target device: cuda:0
Alphas device: cpu
PC index 20 correlation: 0.2391
Running analysis for PC index 21
Centering data before using scikit-learn on GPU
NOTE: Using GPU for ridge regression.
Warning: RidgeCV with fit_intercept=False please center data before using this function. If you want to use fit_intercept=True, please set device=None or device='cpu'.

Predictor device: cuda:0
Target device: cuda:0
Alphas device: cpu
PC index 21 correlation: 0.2385
Running analysis for PC index 22
Centering data before using scikit-learn on GPU
NOTE: Using GPU for ridge regression.
Warning: RidgeCV with fit_intercept=False please center data before using this function. If you want to use fit_intercept=True, please set device=None or device='cpu'.

Predictor device: cuda:0
Target device: cuda:0
Alphas device: cpu
PC index 22 correlation: 0.2221
Running analysis for PC index 23
Centering data before using scikit-learn on GPU
NOTE: Using GPU for ridge regression.
Warning: RidgeCV with fit_intercept=False please center data before using this function. If you want to use fit_intercept=True, please set device=None or device='cpu'.

Predictor device: cuda:0
Target device: cuda:0
Alphas device: cpu
PC index 23 correlation: 0.1913
Running analysis for PC index 24
Centering data before using scikit-learn on GPU
NOTE: Using GPU for ridge regression.
Warning: RidgeCV with fit_intercept=False please center data before using this function. If you want to use fit_intercept=True, please set device=None or device='cpu'.

Predictor device: cuda:0
Target device: cuda:0
Alphas device: cpu
PC index 24 correlation: 0.2653
Running analysis for PC index 25
Centering data before using scikit-learn on GPU
NOTE: Using GPU for ridge regression.
Warning: RidgeCV with fit_intercept=False please center data before using this function. If you want to use fit_intercept=True, please set device=None or device='cpu'.

Predictor device: cuda:0
Target device: cuda:0
Alphas device: cpu
PC index 25 correlation: 0.2308
Running analysis for PC index 26
Centering data before using scikit-learn on GPU
NOTE: Using GPU for ridge regression.
Warning: RidgeCV with fit_intercept=False please center data before using this function. If you want to use fit_intercept=True, please set device=None or device='cpu'.

Predictor device: cuda:0
Target device: cuda:0
Alphas device: cpu
PC index 26 correlation: 0.2025
Running analysis for PC index 27
Centering data before using scikit-learn on GPU
NOTE: Using GPU for ridge regression.
Warning: RidgeCV with fit_intercept=False please center data before using this function. If you want to use fit_intercept=True, please set device=None or device='cpu'.

Predictor device: cuda:0
Target device: cuda:0
Alphas device: cpu
PC index 27 correlation: 0.1725
Running analysis for PC index 28
Centering data before using scikit-learn on GPU
NOTE: Using GPU for ridge regression.
Warning: RidgeCV with fit_intercept=False please center data before using this function. If you want to use fit_intercept=True, please set device=None or device='cpu'.

Predictor device: cuda:0
Target device: cuda:0
Alphas device: cpu
PC index 28 correlation: 0.1627
Running analysis for PC index 29
Centering data before using scikit-learn on GPU
NOTE: Using GPU for ridge regression.
Warning: RidgeCV with fit_intercept=False please center data before using this function. If you want to use fit_intercept=True, please set device=None or device='cpu'.

Predictor device: cuda:0
Target device: cuda:0
Alphas device: cpu
PC index 29 correlation: 0.2209
Running analysis for PC index 30
Centering data before using scikit-learn on GPU
NOTE: Using GPU for ridge regression.
Warning: RidgeCV with fit_intercept=False please center data before using this function. If you want to use fit_intercept=True, please set device=None or device='cpu'.

Predictor device: cuda:0
Target device: cuda:0
Alphas device: cpu
PC index 30 correlation: 0.2749
Running analysis for PC index 31
Centering data before using scikit-learn on GPU
NOTE: Using GPU for ridge regression.
Warning: RidgeCV with fit_intercept=False please center data before using this function. If you want to use fit_intercept=True, please set device=None or device='cpu'.

Predictor device: cuda:0
Target device: cuda:0
Alphas device: cpu
PC index 31 correlation: 0.1513
Running analysis for PC index 32
Centering data before using scikit-learn on GPU
NOTE: Using GPU for ridge regression.
Warning: RidgeCV with fit_intercept=False please center data before using this function. If you want to use fit_intercept=True, please set device=None or device='cpu'.

Predictor device: cuda:0
Target device: cuda:0
Alphas device: cpu
PC index 32 correlation: 0.1607
Running analysis for PC index 33
Centering data before using scikit-learn on GPU
NOTE: Using GPU for ridge regression.
Warning: RidgeCV with fit_intercept=False please center data before using this function. If you want to use fit_intercept=True, please set device=None or device='cpu'.

Predictor device: cuda:0
Target device: cuda:0
Alphas device: cpu
PC index 33 correlation: 0.0983
Running analysis for PC index 34
Centering data before using scikit-learn on GPU
NOTE: Using GPU for ridge regression.
Warning: RidgeCV with fit_intercept=False please center data before using this function. If you want to use fit_intercept=True, please set device=None or device='cpu'.

Predictor device: cuda:0
Target device: cuda:0
Alphas device: cpu
PC index 34 correlation: 0.2518
Running analysis for PC index 35
Centering data before using scikit-learn on GPU
NOTE: Using GPU for ridge regression.
Warning: RidgeCV with fit_intercept=False please center data before using this function. If you want to use fit_intercept=True, please set device=None or device='cpu'.

Predictor device: cuda:0
Target device: cuda:0
Alphas device: cpu
PC index 35 correlation: 0.1095
Running analysis for PC index 36
Centering data before using scikit-learn on GPU
NOTE: Using GPU for ridge regression.
Warning: RidgeCV with fit_intercept=False please center data before using this function. If you want to use fit_intercept=True, please set device=None or device='cpu'.

Predictor device: cuda:0
Target device: cuda:0
Alphas device: cpu
PC index 36 correlation: 0.1137
Running analysis for PC index 37
Centering data before using scikit-learn on GPU
NOTE: Using GPU for ridge regression.
Warning: RidgeCV with fit_intercept=False please center data before using this function. If you want to use fit_intercept=True, please set device=None or device='cpu'.

Predictor device: cuda:0
Target device: cuda:0
Alphas device: cpu
PC index 37 correlation: 0.2311
Running analysis for PC index 38
Centering data before using scikit-learn on GPU
NOTE: Using GPU for ridge regression.
Warning: RidgeCV with fit_intercept=False please center data before using this function. If you want to use fit_intercept=True, please set device=None or device='cpu'.

Predictor device: cuda:0
Target device: cuda:0
Alphas device: cpu
PC index 38 correlation: 0.1389
Running analysis for PC index 39
Centering data before using scikit-learn on GPU
NOTE: Using GPU for ridge regression.
Warning: RidgeCV with fit_intercept=False please center data before using this function. If you want to use fit_intercept=True, please set device=None or device='cpu'.

Predictor device: cuda:0
Target device: cuda:0
Alphas device: cpu
PC index 39 correlation: 0.1742
Running analysis for PC index 40
Centering data before using scikit-learn on GPU
NOTE: Using GPU for ridge regression.
Warning: RidgeCV with fit_intercept=False please center data before using this function. If you want to use fit_intercept=True, please set device=None or device='cpu'.

Predictor device: cuda:0
Target device: cuda:0
Alphas device: cpu
PC index 40 correlation: 0.1210
Running analysis for PC index 41
Centering data before using scikit-learn on GPU
NOTE: Using GPU for ridge regression.
Warning: RidgeCV with fit_intercept=False please center data before using this function. If you want to use fit_intercept=True, please set device=None or device='cpu'.

Predictor device: cuda:0
Target device: cuda:0
Alphas device: cpu
PC index 41 correlation: 0.1981
Running analysis for PC index 42
Centering data before using scikit-learn on GPU
NOTE: Using GPU for ridge regression.
Warning: RidgeCV with fit_intercept=False please center data before using this function. If you want to use fit_intercept=True, please set device=None or device='cpu'.

Predictor device: cuda:0
Target device: cuda:0
Alphas device: cpu
PC index 42 correlation: 0.2484
Running analysis for PC index 43
Centering data before using scikit-learn on GPU
NOTE: Using GPU for ridge regression.
Warning: RidgeCV with fit_intercept=False please center data before using this function. If you want to use fit_intercept=True, please set device=None or device='cpu'.

Predictor device: cuda:0
Target device: cuda:0
Alphas device: cpu
PC index 43 correlation: 0.2619
Running analysis for PC index 44
Centering data before using scikit-learn on GPU
NOTE: Using GPU for ridge regression.
Warning: RidgeCV with fit_intercept=False please center data before using this function. If you want to use fit_intercept=True, please set device=None or device='cpu'.

Predictor device: cuda:0
Target device: cuda:0
Alphas device: cpu
PC index 44 correlation: 0.2651
Running analysis for PC index 45
Centering data before using scikit-learn on GPU
NOTE: Using GPU for ridge regression.
Warning: RidgeCV with fit_intercept=False please center data before using this function. If you want to use fit_intercept=True, please set device=None or device='cpu'.

Predictor device: cuda:0
Target device: cuda:0
Alphas device: cpu
PC index 45 correlation: 0.0365
Running analysis for PC index 46
Centering data before using scikit-learn on GPU
NOTE: Using GPU for ridge regression.
Warning: RidgeCV with fit_intercept=False please center data before using this function. If you want to use fit_intercept=True, please set device=None or device='cpu'.

Predictor device: cuda:0
Target device: cuda:0
Alphas device: cpu
PC index 46 correlation: 0.1725
Running analysis for PC index 47
Centering data before using scikit-learn on GPU
NOTE: Using GPU for ridge regression.
Warning: RidgeCV with fit_intercept=False please center data before using this function. If you want to use fit_intercept=True, please set device=None or device='cpu'.

Predictor device: cuda:0
Target device: cuda:0
Alphas device: cpu
PC index 47 correlation: 0.3050
Running analysis for PC index 48
Centering data before using scikit-learn on GPU
NOTE: Using GPU for ridge regression.
Warning: RidgeCV with fit_intercept=False please center data before using this function. If you want to use fit_intercept=True, please set device=None or device='cpu'.

Predictor device: cuda:0
Target device: cuda:0
Alphas device: cpu
PC index 48 correlation: 0.2408
Running analysis for PC index 49
Centering data before using scikit-learn on GPU
NOTE: Using GPU for ridge regression.
Warning: RidgeCV with fit_intercept=False please center data before using this function. If you want to use fit_intercept=True, please set device=None or device='cpu'.

Predictor device: cuda:0
Target device: cuda:0
Alphas device: cpu
PC index 49 correlation: 0.1752
Running analysis for PC index 50
Centering data before using scikit-learn on GPU
NOTE: Using GPU for ridge regression.
Warning: RidgeCV with fit_intercept=False please center data before using this function. If you want to use fit_intercept=True, please set device=None or device='cpu'.

Predictor device: cuda:0
Target device: cuda:0
Alphas device: cpu
PC index 50 correlation: 0.2488
Running analysis for PC index 51
Centering data before using scikit-learn on GPU
NOTE: Using GPU for ridge regression.
Warning: RidgeCV with fit_intercept=False please center data before using this function. If you want to use fit_intercept=True, please set device=None or device='cpu'.

Predictor device: cuda:0
Target device: cuda:0
Alphas device: cpu
PC index 51 correlation: 0.0369
Running analysis for PC index 52
Centering data before using scikit-learn on GPU
NOTE: Using GPU for ridge regression.
Warning: RidgeCV with fit_intercept=False please center data before using this function. If you want to use fit_intercept=True, please set device=None or device='cpu'.

Predictor device: cuda:0
Target device: cuda:0
Alphas device: cpu
PC index 52 correlation: 0.1697
Running analysis for PC index 53
Centering data before using scikit-learn on GPU
NOTE: Using GPU for ridge regression.
Warning: RidgeCV with fit_intercept=False please center data before using this function. If you want to use fit_intercept=True, please set device=None or device='cpu'.

Predictor device: cuda:0
Target device: cuda:0
Alphas device: cpu
PC index 53 correlation: 0.1490
Running analysis for PC index 54
Centering data before using scikit-learn on GPU
NOTE: Using GPU for ridge regression.
Warning: RidgeCV with fit_intercept=False please center data before using this function. If you want to use fit_intercept=True, please set device=None or device='cpu'.

Predictor device: cuda:0
Target device: cuda:0
Alphas device: cpu
PC index 54 correlation: 0.1285
Running analysis for PC index 55
Centering data before using scikit-learn on GPU
NOTE: Using GPU for ridge regression.
Warning: RidgeCV with fit_intercept=False please center data before using this function. If you want to use fit_intercept=True, please set device=None or device='cpu'.

Predictor device: cuda:0
Target device: cuda:0
Alphas device: cpu
PC index 55 correlation: 0.2270
Running analysis for PC index 56
Centering data before using scikit-learn on GPU
NOTE: Using GPU for ridge regression.
Warning: RidgeCV with fit_intercept=False please center data before using this function. If you want to use fit_intercept=True, please set device=None or device='cpu'.

Predictor device: cuda:0
Target device: cuda:0
Alphas device: cpu
PC index 56 correlation: 0.1586
Running analysis for PC index 57
Centering data before using scikit-learn on GPU
NOTE: Using GPU for ridge regression.
Warning: RidgeCV with fit_intercept=False please center data before using this function. If you want to use fit_intercept=True, please set device=None or device='cpu'.

Predictor device: cuda:0
Target device: cuda:0
Alphas device: cpu
PC index 57 correlation: 0.1112
Running analysis for PC index 58
Centering data before using scikit-learn on GPU
NOTE: Using GPU for ridge regression.
Warning: RidgeCV with fit_intercept=False please center data before using this function. If you want to use fit_intercept=True, please set device=None or device='cpu'.

Predictor device: cuda:0
Target device: cuda:0
Alphas device: cpu
PC index 58 correlation: 0.0968
Running analysis for PC index 59
Centering data before using scikit-learn on GPU
NOTE: Using GPU for ridge regression.
Warning: RidgeCV with fit_intercept=False please center data before using this function. If you want to use fit_intercept=True, please set device=None or device='cpu'.

Predictor device: cuda:0
Target device: cuda:0
Alphas device: cpu
PC index 59 correlation: 0.1778
Running analysis for PC index 60
Centering data before using scikit-learn on GPU
NOTE: Using GPU for ridge regression.
Warning: RidgeCV with fit_intercept=False please center data before using this function. If you want to use fit_intercept=True, please set device=None or device='cpu'.

Predictor device: cuda:0
Target device: cuda:0
Alphas device: cpu
PC index 60 correlation: 0.1223
Running analysis for PC index 61
Centering data before using scikit-learn on GPU
NOTE: Using GPU for ridge regression.
Warning: RidgeCV with fit_intercept=False please center data before using this function. If you want to use fit_intercept=True, please set device=None or device='cpu'.

Predictor device: cuda:0
Target device: cuda:0
Alphas device: cpu
PC index 61 correlation: 0.1896
Running analysis for PC index 62
Centering data before using scikit-learn on GPU
NOTE: Using GPU for ridge regression.
Warning: RidgeCV with fit_intercept=False please center data before using this function. If you want to use fit_intercept=True, please set device=None or device='cpu'.

Predictor device: cuda:0
Target device: cuda:0
Alphas device: cpu
PC index 62 correlation: 0.1737
Running analysis for PC index 63
Centering data before using scikit-learn on GPU
NOTE: Using GPU for ridge regression.
Warning: RidgeCV with fit_intercept=False please center data before using this function. If you want to use fit_intercept=True, please set device=None or device='cpu'.

Predictor device: cuda:0
Target device: cuda:0
Alphas device: cpu
PC index 63 correlation: 0.1086
Running analysis for PC index 64
Centering data before using scikit-learn on GPU
NOTE: Using GPU for ridge regression.
Warning: RidgeCV with fit_intercept=False please center data before using this function. If you want to use fit_intercept=True, please set device=None or device='cpu'.

Predictor device: cuda:0
Target device: cuda:0
Alphas device: cpu
PC index 64 correlation: 0.3854
Running analysis for PC index 65
Centering data before using scikit-learn on GPU
NOTE: Using GPU for ridge regression.
Warning: RidgeCV with fit_intercept=False please center data before using this function. If you want to use fit_intercept=True, please set device=None or device='cpu'.

Predictor device: cuda:0
Target device: cuda:0
Alphas device: cpu
PC index 65 correlation: 0.1093
Running analysis for PC index 66
Centering data before using scikit-learn on GPU
NOTE: Using GPU for ridge regression.
Warning: RidgeCV with fit_intercept=False please center data before using this function. If you want to use fit_intercept=True, please set device=None or device='cpu'.

Predictor device: cuda:0
Target device: cuda:0
Alphas device: cpu
PC index 66 correlation: 0.0915
Running analysis for PC index 67
Centering data before using scikit-learn on GPU
NOTE: Using GPU for ridge regression.
Warning: RidgeCV with fit_intercept=False please center data before using this function. If you want to use fit_intercept=True, please set device=None or device='cpu'.

Predictor device: cuda:0
Target device: cuda:0
Alphas device: cpu
PC index 67 correlation: 0.1756
Running analysis for PC index 68
Centering data before using scikit-learn on GPU
NOTE: Using GPU for ridge regression.
Warning: RidgeCV with fit_intercept=False please center data before using this function. If you want to use fit_intercept=True, please set device=None or device='cpu'.

Predictor device: cuda:0
Target device: cuda:0
Alphas device: cpu
PC index 68 correlation: 0.1614
Running analysis for PC index 69
Centering data before using scikit-learn on GPU
NOTE: Using GPU for ridge regression.
Warning: RidgeCV with fit_intercept=False please center data before using this function. If you want to use fit_intercept=True, please set device=None or device='cpu'.

Predictor device: cuda:0
Target device: cuda:0
Alphas device: cpu
PC index 69 correlation: 0.1877
Running analysis for PC index 70
Centering data before using scikit-learn on GPU
NOTE: Using GPU for ridge regression.
Warning: RidgeCV with fit_intercept=False please center data before using this function. If you want to use fit_intercept=True, please set device=None or device='cpu'.

Predictor device: cuda:0
Target device: cuda:0
Alphas device: cpu
PC index 70 correlation: 0.1764
Running analysis for PC index 71
Centering data before using scikit-learn on GPU
NOTE: Using GPU for ridge regression.
Warning: RidgeCV with fit_intercept=False please center data before using this function. If you want to use fit_intercept=True, please set device=None or device='cpu'.

Predictor device: cuda:0
Target device: cuda:0
Alphas device: cpu
PC index 71 correlation: 0.1711
Running analysis for PC index 72
Centering data before using scikit-learn on GPU
NOTE: Using GPU for ridge regression.
Warning: RidgeCV with fit_intercept=False please center data before using this function. If you want to use fit_intercept=True, please set device=None or device='cpu'.

Predictor device: cuda:0
Target device: cuda:0
Alphas device: cpu
PC index 72 correlation: 0.1135
Running analysis for PC index 73
Centering data before using scikit-learn on GPU
NOTE: Using GPU for ridge regression.
Warning: RidgeCV with fit_intercept=False please center data before using this function. If you want to use fit_intercept=True, please set device=None or device='cpu'.

Predictor device: cuda:0
Target device: cuda:0
Alphas device: cpu
PC index 73 correlation: 0.0608
Running analysis for PC index 74
Centering data before using scikit-learn on GPU
NOTE: Using GPU for ridge regression.
Warning: RidgeCV with fit_intercept=False please center data before using this function. If you want to use fit_intercept=True, please set device=None or device='cpu'.

Predictor device: cuda:0
Target device: cuda:0
Alphas device: cpu
PC index 74 correlation: 0.0786
Running analysis for PC index 75
Centering data before using scikit-learn on GPU
NOTE: Using GPU for ridge regression.
Warning: RidgeCV with fit_intercept=False please center data before using this function. If you want to use fit_intercept=True, please set device=None or device='cpu'.

Predictor device: cuda:0
Target device: cuda:0
Alphas device: cpu
PC index 75 correlation: 0.1469
Running analysis for PC index 76
Centering data before using scikit-learn on GPU
NOTE: Using GPU for ridge regression.
Warning: RidgeCV with fit_intercept=False please center data before using this function. If you want to use fit_intercept=True, please set device=None or device='cpu'.

Predictor device: cuda:0
Target device: cuda:0
Alphas device: cpu
PC index 76 correlation: 0.2115
Running analysis for PC index 77
Centering data before using scikit-learn on GPU
NOTE: Using GPU for ridge regression.
Warning: RidgeCV with fit_intercept=False please center data before using this function. If you want to use fit_intercept=True, please set device=None or device='cpu'.

Predictor device: cuda:0
Target device: cuda:0
Alphas device: cpu
PC index 77 correlation: 0.1731
Running analysis for PC index 78
Centering data before using scikit-learn on GPU
NOTE: Using GPU for ridge regression.
Warning: RidgeCV with fit_intercept=False please center data before using this function. If you want to use fit_intercept=True, please set device=None or device='cpu'.

Predictor device: cuda:0
Target device: cuda:0
Alphas device: cpu
PC index 78 correlation: 0.1921
Running analysis for PC index 79
Centering data before using scikit-learn on GPU
NOTE: Using GPU for ridge regression.
Warning: RidgeCV with fit_intercept=False please center data before using this function. If you want to use fit_intercept=True, please set device=None or device='cpu'.

Predictor device: cuda:0
Target device: cuda:0
Alphas device: cpu
PC index 79 correlation: 0.1534
Running analysis for PC index 80
Centering data before using scikit-learn on GPU
NOTE: Using GPU for ridge regression.
Warning: RidgeCV with fit_intercept=False please center data before using this function. If you want to use fit_intercept=True, please set device=None or device='cpu'.

Predictor device: cuda:0
Target device: cuda:0
Alphas device: cpu
PC index 80 correlation: 0.2029
Running analysis for PC index 81
Centering data before using scikit-learn on GPU
NOTE: Using GPU for ridge regression.
Warning: RidgeCV with fit_intercept=False please center data before using this function. If you want to use fit_intercept=True, please set device=None or device='cpu'.

Predictor device: cuda:0
Target device: cuda:0
Alphas device: cpu
PC index 81 correlation: 0.1059
Running analysis for PC index 82
Centering data before using scikit-learn on GPU
NOTE: Using GPU for ridge regression.
Warning: RidgeCV with fit_intercept=False please center data before using this function. If you want to use fit_intercept=True, please set device=None or device='cpu'.

Predictor device: cuda:0
Target device: cuda:0
Alphas device: cpu
PC index 82 correlation: 0.2835
Running analysis for PC index 83
Centering data before using scikit-learn on GPU
NOTE: Using GPU for ridge regression.
Warning: RidgeCV with fit_intercept=False please center data before using this function. If you want to use fit_intercept=True, please set device=None or device='cpu'.

Predictor device: cuda:0
Target device: cuda:0
Alphas device: cpu
PC index 83 correlation: 0.0556
Running analysis for PC index 84
Centering data before using scikit-learn on GPU
NOTE: Using GPU for ridge regression.
Warning: RidgeCV with fit_intercept=False please center data before using this function. If you want to use fit_intercept=True, please set device=None or device='cpu'.

Predictor device: cuda:0
Target device: cuda:0
Alphas device: cpu
PC index 84 correlation: 0.0728
Running analysis for PC index 85
Centering data before using scikit-learn on GPU
NOTE: Using GPU for ridge regression.
Warning: RidgeCV with fit_intercept=False please center data before using this function. If you want to use fit_intercept=True, please set device=None or device='cpu'.

Predictor device: cuda:0
Target device: cuda:0
Alphas device: cpu
PC index 85 correlation: 0.0152
Running analysis for PC index 86
Centering data before using scikit-learn on GPU
NOTE: Using GPU for ridge regression.
Warning: RidgeCV with fit_intercept=False please center data before using this function. If you want to use fit_intercept=True, please set device=None or device='cpu'.

Predictor device: cuda:0
Target device: cuda:0
Alphas device: cpu
PC index 86 correlation: 0.0915
Running analysis for PC index 87
Centering data before using scikit-learn on GPU
NOTE: Using GPU for ridge regression.
Warning: RidgeCV with fit_intercept=False please center data before using this function. If you want to use fit_intercept=True, please set device=None or device='cpu'.

Predictor device: cuda:0
Target device: cuda:0
Alphas device: cpu
PC index 87 correlation: 0.1636
Running analysis for PC index 88
Centering data before using scikit-learn on GPU
NOTE: Using GPU for ridge regression.
Warning: RidgeCV with fit_intercept=False please center data before using this function. If you want to use fit_intercept=True, please set device=None or device='cpu'.

Predictor device: cuda:0
Target device: cuda:0
Alphas device: cpu
PC index 88 correlation: 0.1595
Running analysis for PC index 89
Centering data before using scikit-learn on GPU
NOTE: Using GPU for ridge regression.
Warning: RidgeCV with fit_intercept=False please center data before using this function. If you want to use fit_intercept=True, please set device=None or device='cpu'.

Predictor device: cuda:0
Target device: cuda:0
Alphas device: cpu
PC index 89 correlation: 0.1466
Running analysis for PC index 90
Centering data before using scikit-learn on GPU
NOTE: Using GPU for ridge regression.
Warning: RidgeCV with fit_intercept=False please center data before using this function. If you want to use fit_intercept=True, please set device=None or device='cpu'.

Predictor device: cuda:0
Target device: cuda:0
Alphas device: cpu
PC index 90 correlation: 0.1023
Running analysis for PC index 91
Centering data before using scikit-learn on GPU
NOTE: Using GPU for ridge regression.
Warning: RidgeCV with fit_intercept=False please center data before using this function. If you want to use fit_intercept=True, please set device=None or device='cpu'.

Predictor device: cuda:0
Target device: cuda:0
Alphas device: cpu
PC index 91 correlation: 0.1426
Running analysis for PC index 92
Centering data before using scikit-learn on GPU
NOTE: Using GPU for ridge regression.
Warning: RidgeCV with fit_intercept=False please center data before using this function. If you want to use fit_intercept=True, please set device=None or device='cpu'.

Predictor device: cuda:0
Target device: cuda:0
Alphas device: cpu
PC index 92 correlation: 0.1284
Running analysis for PC index 93
Centering data before using scikit-learn on GPU
NOTE: Using GPU for ridge regression.
Warning: RidgeCV with fit_intercept=False please center data before using this function. If you want to use fit_intercept=True, please set device=None or device='cpu'.

Predictor device: cuda:0
Target device: cuda:0
Alphas device: cpu
PC index 93 correlation: 0.0984
Running analysis for PC index 94
Centering data before using scikit-learn on GPU
NOTE: Using GPU for ridge regression.
Warning: RidgeCV with fit_intercept=False please center data before using this function. If you want to use fit_intercept=True, please set device=None or device='cpu'.

Predictor device: cuda:0
Target device: cuda:0
Alphas device: cpu
PC index 94 correlation: 0.1303
Running analysis for PC index 95
Centering data before using scikit-learn on GPU
NOTE: Using GPU for ridge regression.
Warning: RidgeCV with fit_intercept=False please center data before using this function. If you want to use fit_intercept=True, please set device=None or device='cpu'.

Predictor device: cuda:0
Target device: cuda:0
Alphas device: cpu
PC index 95 correlation: 0.2097
Running analysis for PC index 96
Centering data before using scikit-learn on GPU
NOTE: Using GPU for ridge regression.
Warning: RidgeCV with fit_intercept=False please center data before using this function. If you want to use fit_intercept=True, please set device=None or device='cpu'.

Predictor device: cuda:0
Target device: cuda:0
Alphas device: cpu
PC index 96 correlation: 0.1710
Running analysis for PC index 97
Centering data before using scikit-learn on GPU
NOTE: Using GPU for ridge regression.
Warning: RidgeCV with fit_intercept=False please center data before using this function. If you want to use fit_intercept=True, please set device=None or device='cpu'.

Predictor device: cuda:0
Target device: cuda:0
Alphas device: cpu
PC index 97 correlation: 0.0596
Running analysis for PC index 98
Centering data before using scikit-learn on GPU
NOTE: Using GPU for ridge regression.
Warning: RidgeCV with fit_intercept=False please center data before using this function. If you want to use fit_intercept=True, please set device=None or device='cpu'.

Predictor device: cuda:0
Target device: cuda:0
Alphas device: cpu
PC index 98 correlation: 0.0584
Running analysis for PC index 99
Centering data before using scikit-learn on GPU
NOTE: Using GPU for ridge regression.
Warning: RidgeCV with fit_intercept=False please center data before using this function. If you want to use fit_intercept=True, please set device=None or device='cpu'.

Predictor device: cuda:0
Target device: cuda:0
Alphas device: cpu
PC index 99 correlation: 0.2155
Running analysis for PC index 100
Centering data before using scikit-learn on GPU
NOTE: Using GPU for ridge regression.
Warning: RidgeCV with fit_intercept=False please center data before using this function. If you want to use fit_intercept=True, please set device=None or device='cpu'.

Predictor device: cuda:0
Target device: cuda:0
Alphas device: cpu
PC index 100 correlation: 0.1069
Running analysis for PC index 101
Centering data before using scikit-learn on GPU
NOTE: Using GPU for ridge regression.
Warning: RidgeCV with fit_intercept=False please center data before using this function. If you want to use fit_intercept=True, please set device=None or device='cpu'.

Predictor device: cuda:0
Target device: cuda:0
Alphas device: cpu
PC index 101 correlation: 0.2326
Running analysis for PC index 102
Centering data before using scikit-learn on GPU
NOTE: Using GPU for ridge regression.
Warning: RidgeCV with fit_intercept=False please center data before using this function. If you want to use fit_intercept=True, please set device=None or device='cpu'.

Predictor device: cuda:0
Target device: cuda:0
Alphas device: cpu
PC index 102 correlation: 0.2657
Running analysis for PC index 103
Centering data before using scikit-learn on GPU
NOTE: Using GPU for ridge regression.
Warning: RidgeCV with fit_intercept=False please center data before using this function. If you want to use fit_intercept=True, please set device=None or device='cpu'.

Predictor device: cuda:0
Target device: cuda:0
Alphas device: cpu
PC index 103 correlation: 0.2006
Running analysis for PC index 104
Centering data before using scikit-learn on GPU
NOTE: Using GPU for ridge regression.
Warning: RidgeCV with fit_intercept=False please center data before using this function. If you want to use fit_intercept=True, please set device=None or device='cpu'.

Predictor device: cuda:0
Target device: cuda:0
Alphas device: cpu
PC index 104 correlation: 0.1276
Running analysis for PC index 105
Centering data before using scikit-learn on GPU
NOTE: Using GPU for ridge regression.
Warning: RidgeCV with fit_intercept=False please center data before using this function. If you want to use fit_intercept=True, please set device=None or device='cpu'.

Predictor device: cuda:0
Target device: cuda:0
Alphas device: cpu
PC index 105 correlation: 0.2707
Running analysis for PC index 106
Centering data before using scikit-learn on GPU
NOTE: Using GPU for ridge regression.
Warning: RidgeCV with fit_intercept=False please center data before using this function. If you want to use fit_intercept=True, please set device=None or device='cpu'.

Predictor device: cuda:0
Target device: cuda:0
Alphas device: cpu
PC index 106 correlation: 0.1405
Running analysis for PC index 107
Centering data before using scikit-learn on GPU
NOTE: Using GPU for ridge regression.
Warning: RidgeCV with fit_intercept=False please center data before using this function. If you want to use fit_intercept=True, please set device=None or device='cpu'.

Predictor device: cuda:0
Target device: cuda:0
Alphas device: cpu
PC index 107 correlation: 0.0966
Running analysis for PC index 108
Centering data before using scikit-learn on GPU
NOTE: Using GPU for ridge regression.
Warning: RidgeCV with fit_intercept=False please center data before using this function. If you want to use fit_intercept=True, please set device=None or device='cpu'.

Predictor device: cuda:0
Target device: cuda:0
Alphas device: cpu
PC index 108 correlation: 0.0928
Running analysis for PC index 109
Centering data before using scikit-learn on GPU
NOTE: Using GPU for ridge regression.
Warning: RidgeCV with fit_intercept=False please center data before using this function. If you want to use fit_intercept=True, please set device=None or device='cpu'.

Predictor device: cuda:0
Target device: cuda:0
Alphas device: cpu
PC index 109 correlation: 0.1209
Running analysis for PC index 110
Centering data before using scikit-learn on GPU
NOTE: Using GPU for ridge regression.
Warning: RidgeCV with fit_intercept=False please center data before using this function. If you want to use fit_intercept=True, please set device=None or device='cpu'.

Predictor device: cuda:0
Target device: cuda:0
Alphas device: cpu
PC index 110 correlation: 0.1168
Running analysis for PC index 111
Centering data before using scikit-learn on GPU
NOTE: Using GPU for ridge regression.
Warning: RidgeCV with fit_intercept=False please center data before using this function. If you want to use fit_intercept=True, please set device=None or device='cpu'.

Predictor device: cuda:0
Target device: cuda:0
Alphas device: cpu
PC index 111 correlation: 0.1883
Running analysis for PC index 112
Centering data before using scikit-learn on GPU
NOTE: Using GPU for ridge regression.
Warning: RidgeCV with fit_intercept=False please center data before using this function. If you want to use fit_intercept=True, please set device=None or device='cpu'.

Predictor device: cuda:0
Target device: cuda:0
Alphas device: cpu
PC index 112 correlation: 0.0248
Running analysis for PC index 113
Centering data before using scikit-learn on GPU
NOTE: Using GPU for ridge regression.
Warning: RidgeCV with fit_intercept=False please center data before using this function. If you want to use fit_intercept=True, please set device=None or device='cpu'.

Predictor device: cuda:0
Target device: cuda:0
Alphas device: cpu
PC index 113 correlation: 0.1086
Running analysis for PC index 114
Centering data before using scikit-learn on GPU
NOTE: Using GPU for ridge regression.
Warning: RidgeCV with fit_intercept=False please center data before using this function. If you want to use fit_intercept=True, please set device=None or device='cpu'.

Predictor device: cuda:0
Target device: cuda:0
Alphas device: cpu
PC index 114 correlation: 0.1127
Running analysis for PC index 115
Centering data before using scikit-learn on GPU
NOTE: Using GPU for ridge regression.
Warning: RidgeCV with fit_intercept=False please center data before using this function. If you want to use fit_intercept=True, please set device=None or device='cpu'.

Predictor device: cuda:0
Target device: cuda:0
Alphas device: cpu
PC index 115 correlation: 0.0684
Running analysis for PC index 116
Centering data before using scikit-learn on GPU
NOTE: Using GPU for ridge regression.
Warning: RidgeCV with fit_intercept=False please center data before using this function. If you want to use fit_intercept=True, please set device=None or device='cpu'.

Predictor device: cuda:0
Target device: cuda:0
Alphas device: cpu
PC index 116 correlation: 0.0814
Running analysis for PC index 117
Centering data before using scikit-learn on GPU
NOTE: Using GPU for ridge regression.
Warning: RidgeCV with fit_intercept=False please center data before using this function. If you want to use fit_intercept=True, please set device=None or device='cpu'.

Predictor device: cuda:0
Target device: cuda:0
Alphas device: cpu
PC index 117 correlation: 0.1601
Running analysis for PC index 118
Centering data before using scikit-learn on GPU
NOTE: Using GPU for ridge regression.
Warning: RidgeCV with fit_intercept=False please center data before using this function. If you want to use fit_intercept=True, please set device=None or device='cpu'.

Predictor device: cuda:0
Target device: cuda:0
Alphas device: cpu
PC index 118 correlation: 0.0894
Running analysis for PC index 119
Centering data before using scikit-learn on GPU
NOTE: Using GPU for ridge regression.
Warning: RidgeCV with fit_intercept=False please center data before using this function. If you want to use fit_intercept=True, please set device=None or device='cpu'.

Predictor device: cuda:0
Target device: cuda:0
Alphas device: cpu
PC index 119 correlation: 0.1957
Running analysis for PC index 120
Centering data before using scikit-learn on GPU
NOTE: Using GPU for ridge regression.
Warning: RidgeCV with fit_intercept=False please center data before using this function. If you want to use fit_intercept=True, please set device=None or device='cpu'.

Predictor device: cuda:0
Target device: cuda:0
Alphas device: cpu
PC index 120 correlation: 0.0760
Running analysis for PC index 121
Centering data before using scikit-learn on GPU
NOTE: Using GPU for ridge regression.
Warning: RidgeCV with fit_intercept=False please center data before using this function. If you want to use fit_intercept=True, please set device=None or device='cpu'.

Predictor device: cuda:0
Target device: cuda:0
Alphas device: cpu
PC index 121 correlation: 0.0637
Running analysis for PC index 122
Centering data before using scikit-learn on GPU
NOTE: Using GPU for ridge regression.
Warning: RidgeCV with fit_intercept=False please center data before using this function. If you want to use fit_intercept=True, please set device=None or device='cpu'.

Predictor device: cuda:0
Target device: cuda:0
Alphas device: cpu
PC index 122 correlation: 0.1535
Running analysis for PC index 123
Centering data before using scikit-learn on GPU
NOTE: Using GPU for ridge regression.
Warning: RidgeCV with fit_intercept=False please center data before using this function. If you want to use fit_intercept=True, please set device=None or device='cpu'.

Predictor device: cuda:0
Target device: cuda:0
Alphas device: cpu
PC index 123 correlation: 0.1865
Running analysis for PC index 124
Centering data before using scikit-learn on GPU
NOTE: Using GPU for ridge regression.
Warning: RidgeCV with fit_intercept=False please center data before using this function. If you want to use fit_intercept=True, please set device=None or device='cpu'.

Predictor device: cuda:0
Target device: cuda:0
Alphas device: cpu
PC index 124 correlation: 0.0366
Running analysis for PC index 125
Centering data before using scikit-learn on GPU
NOTE: Using GPU for ridge regression.
Warning: RidgeCV with fit_intercept=False please center data before using this function. If you want to use fit_intercept=True, please set device=None or device='cpu'.

Predictor device: cuda:0
Target device: cuda:0
Alphas device: cpu
PC index 125 correlation: 0.1116
Running analysis for PC index 126
Centering data before using scikit-learn on GPU
NOTE: Using GPU for ridge regression.
Warning: RidgeCV with fit_intercept=False please center data before using this function. If you want to use fit_intercept=True, please set device=None or device='cpu'.

Predictor device: cuda:0
Target device: cuda:0
Alphas device: cpu
PC index 126 correlation: 0.0659
Running analysis for PC index 127
Centering data before using scikit-learn on GPU
NOTE: Using GPU for ridge regression.
Warning: RidgeCV with fit_intercept=False please center data before using this function. If you want to use fit_intercept=True, please set device=None or device='cpu'.

Predictor device: cuda:0
Target device: cuda:0
Alphas device: cpu
PC index 127 correlation: 0.0726
Running analysis for PC index 128
Centering data before using scikit-learn on GPU
NOTE: Using GPU for ridge regression.
Warning: RidgeCV with fit_intercept=False please center data before using this function. If you want to use fit_intercept=True, please set device=None or device='cpu'.

Predictor device: cuda:0
Target device: cuda:0
Alphas device: cpu
PC index 128 correlation: 0.1403
Running analysis for PC index 129
Centering data before using scikit-learn on GPU
NOTE: Using GPU for ridge regression.
Warning: RidgeCV with fit_intercept=False please center data before using this function. If you want to use fit_intercept=True, please set device=None or device='cpu'.

Predictor device: cuda:0
Target device: cuda:0
Alphas device: cpu
PC index 129 correlation: 0.1961
Running analysis for PC index 130
Centering data before using scikit-learn on GPU
NOTE: Using GPU for ridge regression.
Warning: RidgeCV with fit_intercept=False please center data before using this function. If you want to use fit_intercept=True, please set device=None or device='cpu'.

Predictor device: cuda:0
Target device: cuda:0
Alphas device: cpu
PC index 130 correlation: 0.1880
Running analysis for PC index 131
Centering data before using scikit-learn on GPU
NOTE: Using GPU for ridge regression.
Warning: RidgeCV with fit_intercept=False please center data before using this function. If you want to use fit_intercept=True, please set device=None or device='cpu'.

Predictor device: cuda:0
Target device: cuda:0
Alphas device: cpu
PC index 131 correlation: 0.0272
Running analysis for PC index 132
Centering data before using scikit-learn on GPU
NOTE: Using GPU for ridge regression.
Warning: RidgeCV with fit_intercept=False please center data before using this function. If you want to use fit_intercept=True, please set device=None or device='cpu'.

Predictor device: cuda:0
Target device: cuda:0
Alphas device: cpu
PC index 132 correlation: 0.1730
Running analysis for PC index 133
Centering data before using scikit-learn on GPU
NOTE: Using GPU for ridge regression.
Warning: RidgeCV with fit_intercept=False please center data before using this function. If you want to use fit_intercept=True, please set device=None or device='cpu'.

Predictor device: cuda:0
Target device: cuda:0
Alphas device: cpu
PC index 133 correlation: 0.0999
Running analysis for PC index 134
Centering data before using scikit-learn on GPU
NOTE: Using GPU for ridge regression.
Warning: RidgeCV with fit_intercept=False please center data before using this function. If you want to use fit_intercept=True, please set device=None or device='cpu'.

Predictor device: cuda:0
Target device: cuda:0
Alphas device: cpu
PC index 134 correlation: 0.0595
Running analysis for PC index 135
Centering data before using scikit-learn on GPU
NOTE: Using GPU for ridge regression.
Warning: RidgeCV with fit_intercept=False please center data before using this function. If you want to use fit_intercept=True, please set device=None or device='cpu'.

Predictor device: cuda:0
Target device: cuda:0
Alphas device: cpu
PC index 135 correlation: 0.2087
Running analysis for PC index 136
Centering data before using scikit-learn on GPU
NOTE: Using GPU for ridge regression.
Warning: RidgeCV with fit_intercept=False please center data before using this function. If you want to use fit_intercept=True, please set device=None or device='cpu'.

Predictor device: cuda:0
Target device: cuda:0
Alphas device: cpu
PC index 136 correlation: 0.0615
Running analysis for PC index 137
Centering data before using scikit-learn on GPU
NOTE: Using GPU for ridge regression.
Warning: RidgeCV with fit_intercept=False please center data before using this function. If you want to use fit_intercept=True, please set device=None or device='cpu'.

Predictor device: cuda:0
Target device: cuda:0
Alphas device: cpu
PC index 137 correlation: 0.1031
Running analysis for PC index 138
Centering data before using scikit-learn on GPU
NOTE: Using GPU for ridge regression.
Warning: RidgeCV with fit_intercept=False please center data before using this function. If you want to use fit_intercept=True, please set device=None or device='cpu'.

Predictor device: cuda:0
Target device: cuda:0
Alphas device: cpu
PC index 138 correlation: 0.1021
Running analysis for PC index 139
Centering data before using scikit-learn on GPU
NOTE: Using GPU for ridge regression.
Warning: RidgeCV with fit_intercept=False please center data before using this function. If you want to use fit_intercept=True, please set device=None or device='cpu'.

Predictor device: cuda:0
Target device: cuda:0
Alphas device: cpu
PC index 139 correlation: 0.1455
Running analysis for PC index 140
Centering data before using scikit-learn on GPU
NOTE: Using GPU for ridge regression.
Warning: RidgeCV with fit_intercept=False please center data before using this function. If you want to use fit_intercept=True, please set device=None or device='cpu'.

Predictor device: cuda:0
Target device: cuda:0
Alphas device: cpu
PC index 140 correlation: 0.2104
Running analysis for PC index 141
Centering data before using scikit-learn on GPU
NOTE: Using GPU for ridge regression.
Warning: RidgeCV with fit_intercept=False please center data before using this function. If you want to use fit_intercept=True, please set device=None or device='cpu'.

Predictor device: cuda:0
Target device: cuda:0
Alphas device: cpu
PC index 141 correlation: 0.0558
Running analysis for PC index 142
Centering data before using scikit-learn on GPU
NOTE: Using GPU for ridge regression.
Warning: RidgeCV with fit_intercept=False please center data before using this function. If you want to use fit_intercept=True, please set device=None or device='cpu'.

Predictor device: cuda:0
Target device: cuda:0
Alphas device: cpu
PC index 142 correlation: 0.0565
Running analysis for PC index 143
Centering data before using scikit-learn on GPU
NOTE: Using GPU for ridge regression.
Warning: RidgeCV with fit_intercept=False please center data before using this function. If you want to use fit_intercept=True, please set device=None or device='cpu'.

Predictor device: cuda:0
Target device: cuda:0
Alphas device: cpu
PC index 143 correlation: 0.2115
Running analysis for PC index 144
Centering data before using scikit-learn on GPU
NOTE: Using GPU for ridge regression.
Warning: RidgeCV with fit_intercept=False please center data before using this function. If you want to use fit_intercept=True, please set device=None or device='cpu'.

Predictor device: cuda:0
Target device: cuda:0
Alphas device: cpu
PC index 144 correlation: 0.1028
Running analysis for PC index 145
Centering data before using scikit-learn on GPU
NOTE: Using GPU for ridge regression.
Warning: RidgeCV with fit_intercept=False please center data before using this function. If you want to use fit_intercept=True, please set device=None or device='cpu'.

Predictor device: cuda:0
Target device: cuda:0
Alphas device: cpu
PC index 145 correlation: 0.1411
Running analysis for PC index 146
Centering data before using scikit-learn on GPU
NOTE: Using GPU for ridge regression.
Warning: RidgeCV with fit_intercept=False please center data before using this function. If you want to use fit_intercept=True, please set device=None or device='cpu'.

Predictor device: cuda:0
Target device: cuda:0
Alphas device: cpu
PC index 146 correlation: 0.1706
Running analysis for PC index 147
Centering data before using scikit-learn on GPU
NOTE: Using GPU for ridge regression.
Warning: RidgeCV with fit_intercept=False please center data before using this function. If you want to use fit_intercept=True, please set device=None or device='cpu'.

Predictor device: cuda:0
Target device: cuda:0
Alphas device: cpu
PC index 147 correlation: 0.0650
Running analysis for PC index 148
Centering data before using scikit-learn on GPU
NOTE: Using GPU for ridge regression.
Warning: RidgeCV with fit_intercept=False please center data before using this function. If you want to use fit_intercept=True, please set device=None or device='cpu'.

Predictor device: cuda:0
Target device: cuda:0
Alphas device: cpu
PC index 148 correlation: 0.0894
Running analysis for PC index 149
Centering data before using scikit-learn on GPU
NOTE: Using GPU for ridge regression.
Warning: RidgeCV with fit_intercept=False please center data before using this function. If you want to use fit_intercept=True, please set device=None or device='cpu'.

Predictor device: cuda:0
Target device: cuda:0
Alphas device: cpu
PC index 149 correlation: 0.0936
Running analysis for PC index 150
Centering data before using scikit-learn on GPU
NOTE: Using GPU for ridge regression.
Warning: RidgeCV with fit_intercept=False please center data before using this function. If you want to use fit_intercept=True, please set device=None or device='cpu'.

Predictor device: cuda:0
Target device: cuda:0
Alphas device: cpu
PC index 150 correlation: 0.1174
Running analysis for PC index 151
Centering data before using scikit-learn on GPU
NOTE: Using GPU for ridge regression.
Warning: RidgeCV with fit_intercept=False please center data before using this function. If you want to use fit_intercept=True, please set device=None or device='cpu'.

Predictor device: cuda:0
Target device: cuda:0
Alphas device: cpu
PC index 151 correlation: 0.1256
Running analysis for PC index 152
Centering data before using scikit-learn on GPU
NOTE: Using GPU for ridge regression.
Warning: RidgeCV with fit_intercept=False please center data before using this function. If you want to use fit_intercept=True, please set device=None or device='cpu'.

Predictor device: cuda:0
Target device: cuda:0
Alphas device: cpu
PC index 152 correlation: 0.1649
Running analysis for PC index 153
Centering data before using scikit-learn on GPU
NOTE: Using GPU for ridge regression.
Warning: RidgeCV with fit_intercept=False please center data before using this function. If you want to use fit_intercept=True, please set device=None or device='cpu'.

Predictor device: cuda:0
Target device: cuda:0
Alphas device: cpu
PC index 153 correlation: 0.1832
Running analysis for PC index 154
Centering data before using scikit-learn on GPU
NOTE: Using GPU for ridge regression.
Warning: RidgeCV with fit_intercept=False please center data before using this function. If you want to use fit_intercept=True, please set device=None or device='cpu'.

Predictor device: cuda:0
Target device: cuda:0
Alphas device: cpu
PC index 154 correlation: 0.1627
Running analysis for PC index 155
Centering data before using scikit-learn on GPU
NOTE: Using GPU for ridge regression.
Warning: RidgeCV with fit_intercept=False please center data before using this function. If you want to use fit_intercept=True, please set device=None or device='cpu'.

Predictor device: cuda:0
Target device: cuda:0
Alphas device: cpu
PC index 155 correlation: 0.0637
Running analysis for PC index 156
Centering data before using scikit-learn on GPU
NOTE: Using GPU for ridge regression.
Warning: RidgeCV with fit_intercept=False please center data before using this function. If you want to use fit_intercept=True, please set device=None or device='cpu'.

Predictor device: cuda:0
Target device: cuda:0
Alphas device: cpu
PC index 156 correlation: 0.1141
Running analysis for PC index 157
Centering data before using scikit-learn on GPU
NOTE: Using GPU for ridge regression.
Warning: RidgeCV with fit_intercept=False please center data before using this function. If you want to use fit_intercept=True, please set device=None or device='cpu'.

Predictor device: cuda:0
Target device: cuda:0
Alphas device: cpu
PC index 157 correlation: 0.0660
Running analysis for PC index 158
Centering data before using scikit-learn on GPU
NOTE: Using GPU for ridge regression.
Warning: RidgeCV with fit_intercept=False please center data before using this function. If you want to use fit_intercept=True, please set device=None or device='cpu'.

Predictor device: cuda:0
Target device: cuda:0
Alphas device: cpu
PC index 158 correlation: 0.0728
Running analysis for PC index 159
Centering data before using scikit-learn on GPU
NOTE: Using GPU for ridge regression.
Warning: RidgeCV with fit_intercept=False please center data before using this function. If you want to use fit_intercept=True, please set device=None or device='cpu'.

Predictor device: cuda:0
Target device: cuda:0
Alphas device: cpu
PC index 159 correlation: 0.1068
Running analysis for PC index 160
Centering data before using scikit-learn on GPU
NOTE: Using GPU for ridge regression.
Warning: RidgeCV with fit_intercept=False please center data before using this function. If you want to use fit_intercept=True, please set device=None or device='cpu'.

Predictor device: cuda:0
Target device: cuda:0
Alphas device: cpu
PC index 160 correlation: 0.0112
Running analysis for PC index 161
Centering data before using scikit-learn on GPU
NOTE: Using GPU for ridge regression.
Warning: RidgeCV with fit_intercept=False please center data before using this function. If you want to use fit_intercept=True, please set device=None or device='cpu'.

Predictor device: cuda:0
Target device: cuda:0
Alphas device: cpu
PC index 161 correlation: 0.1151
Running analysis for PC index 162
Centering data before using scikit-learn on GPU
NOTE: Using GPU for ridge regression.
Warning: RidgeCV with fit_intercept=False please center data before using this function. If you want to use fit_intercept=True, please set device=None or device='cpu'.

Predictor device: cuda:0
Target device: cuda:0
Alphas device: cpu
PC index 162 correlation: 0.0842
Running analysis for PC index 163
Centering data before using scikit-learn on GPU
NOTE: Using GPU for ridge regression.
Warning: RidgeCV with fit_intercept=False please center data before using this function. If you want to use fit_intercept=True, please set device=None or device='cpu'.

Predictor device: cuda:0
Target device: cuda:0
Alphas device: cpu
PC index 163 correlation: 0.1550
Running analysis for PC index 164
Centering data before using scikit-learn on GPU
NOTE: Using GPU for ridge regression.
Warning: RidgeCV with fit_intercept=False please center data before using this function. If you want to use fit_intercept=True, please set device=None or device='cpu'.

Predictor device: cuda:0
Target device: cuda:0
Alphas device: cpu
PC index 164 correlation: 0.0672
Running analysis for PC index 165
Centering data before using scikit-learn on GPU
NOTE: Using GPU for ridge regression.
Warning: RidgeCV with fit_intercept=False please center data before using this function. If you want to use fit_intercept=True, please set device=None or device='cpu'.

Predictor device: cuda:0
Target device: cuda:0
Alphas device: cpu
PC index 165 correlation: 0.1948
Running analysis for PC index 166
Centering data before using scikit-learn on GPU
NOTE: Using GPU for ridge regression.
Warning: RidgeCV with fit_intercept=False please center data before using this function. If you want to use fit_intercept=True, please set device=None or device='cpu'.

Predictor device: cuda:0
Target device: cuda:0
Alphas device: cpu
PC index 166 correlation: 0.1925
Running analysis for PC index 167
Centering data before using scikit-learn on GPU
NOTE: Using GPU for ridge regression.
Warning: RidgeCV with fit_intercept=False please center data before using this function. If you want to use fit_intercept=True, please set device=None or device='cpu'.

Predictor device: cuda:0
Target device: cuda:0
Alphas device: cpu
PC index 167 correlation: 0.0685
Running analysis for PC index 168
Centering data before using scikit-learn on GPU
NOTE: Using GPU for ridge regression.
Warning: RidgeCV with fit_intercept=False please center data before using this function. If you want to use fit_intercept=True, please set device=None or device='cpu'.

Predictor device: cuda:0
Target device: cuda:0
Alphas device: cpu
PC index 168 correlation: 0.0824
Running analysis for PC index 169
Centering data before using scikit-learn on GPU
NOTE: Using GPU for ridge regression.
Warning: RidgeCV with fit_intercept=False please center data before using this function. If you want to use fit_intercept=True, please set device=None or device='cpu'.

Predictor device: cuda:0
Target device: cuda:0
Alphas device: cpu
PC index 169 correlation: 0.0282
Running analysis for PC index 170
Centering data before using scikit-learn on GPU
NOTE: Using GPU for ridge regression.
Warning: RidgeCV with fit_intercept=False please center data before using this function. If you want to use fit_intercept=True, please set device=None or device='cpu'.

Predictor device: cuda:0
Target device: cuda:0
Alphas device: cpu
PC index 170 correlation: 0.2100
Running analysis for PC index 171
Centering data before using scikit-learn on GPU
NOTE: Using GPU for ridge regression.
Warning: RidgeCV with fit_intercept=False please center data before using this function. If you want to use fit_intercept=True, please set device=None or device='cpu'.

Predictor device: cuda:0
Target device: cuda:0
Alphas device: cpu
PC index 171 correlation: 0.0724
Running analysis for PC index 172
Centering data before using scikit-learn on GPU
NOTE: Using GPU for ridge regression.
Warning: RidgeCV with fit_intercept=False please center data before using this function. If you want to use fit_intercept=True, please set device=None or device='cpu'.

Predictor device: cuda:0
Target device: cuda:0
Alphas device: cpu
PC index 172 correlation: 0.1209
Running analysis for PC index 173
Centering data before using scikit-learn on GPU
NOTE: Using GPU for ridge regression.
Warning: RidgeCV with fit_intercept=False please center data before using this function. If you want to use fit_intercept=True, please set device=None or device='cpu'.

Predictor device: cuda:0
Target device: cuda:0
Alphas device: cpu
PC index 173 correlation: 0.0481
Running analysis for PC index 174
Centering data before using scikit-learn on GPU
NOTE: Using GPU for ridge regression.
Warning: RidgeCV with fit_intercept=False please center data before using this function. If you want to use fit_intercept=True, please set device=None or device='cpu'.

Predictor device: cuda:0
Target device: cuda:0
Alphas device: cpu
PC index 174 correlation: 0.2345
Running analysis for PC index 175
Centering data before using scikit-learn on GPU
NOTE: Using GPU for ridge regression.
Warning: RidgeCV with fit_intercept=False please center data before using this function. If you want to use fit_intercept=True, please set device=None or device='cpu'.

Predictor device: cuda:0
Target device: cuda:0
Alphas device: cpu
PC index 175 correlation: 0.1274
Running analysis for PC index 176
Centering data before using scikit-learn on GPU
NOTE: Using GPU for ridge regression.
Warning: RidgeCV with fit_intercept=False please center data before using this function. If you want to use fit_intercept=True, please set device=None or device='cpu'.

Predictor device: cuda:0
Target device: cuda:0
Alphas device: cpu
PC index 176 correlation: 0.0755
Running analysis for PC index 177
Centering data before using scikit-learn on GPU
NOTE: Using GPU for ridge regression.
Warning: RidgeCV with fit_intercept=False please center data before using this function. If you want to use fit_intercept=True, please set device=None or device='cpu'.

Predictor device: cuda:0
Target device: cuda:0
Alphas device: cpu
PC index 177 correlation: 0.0838
Running analysis for PC index 178
Centering data before using scikit-learn on GPU
NOTE: Using GPU for ridge regression.
Warning: RidgeCV with fit_intercept=False please center data before using this function. If you want to use fit_intercept=True, please set device=None or device='cpu'.

Predictor device: cuda:0
Target device: cuda:0
Alphas device: cpu
PC index 178 correlation: 0.0206
Running analysis for PC index 179
Centering data before using scikit-learn on GPU
NOTE: Using GPU for ridge regression.
Warning: RidgeCV with fit_intercept=False please center data before using this function. If you want to use fit_intercept=True, please set device=None or device='cpu'.

Predictor device: cuda:0
Target device: cuda:0
Alphas device: cpu
PC index 179 correlation: 0.1432
Running analysis for PC index 180
Centering data before using scikit-learn on GPU
NOTE: Using GPU for ridge regression.
Warning: RidgeCV with fit_intercept=False please center data before using this function. If you want to use fit_intercept=True, please set device=None or device='cpu'.

Predictor device: cuda:0
Target device: cuda:0
Alphas device: cpu
PC index 180 correlation: 0.0638
Running analysis for PC index 181
Centering data before using scikit-learn on GPU
NOTE: Using GPU for ridge regression.
Warning: RidgeCV with fit_intercept=False please center data before using this function. If you want to use fit_intercept=True, please set device=None or device='cpu'.

Predictor device: cuda:0
Target device: cuda:0
Alphas device: cpu
PC index 181 correlation: 0.1208
Running analysis for PC index 182
Centering data before using scikit-learn on GPU
NOTE: Using GPU for ridge regression.
Warning: RidgeCV with fit_intercept=False please center data before using this function. If you want to use fit_intercept=True, please set device=None or device='cpu'.

Predictor device: cuda:0
Target device: cuda:0
Alphas device: cpu
PC index 182 correlation: 0.1878
Running analysis for PC index 183
Centering data before using scikit-learn on GPU
NOTE: Using GPU for ridge regression.
Warning: RidgeCV with fit_intercept=False please center data before using this function. If you want to use fit_intercept=True, please set device=None or device='cpu'.

Predictor device: cuda:0
Target device: cuda:0
Alphas device: cpu
PC index 183 correlation: 0.1693
Running analysis for PC index 184
Centering data before using scikit-learn on GPU
NOTE: Using GPU for ridge regression.
Warning: RidgeCV with fit_intercept=False please center data before using this function. If you want to use fit_intercept=True, please set device=None or device='cpu'.

Predictor device: cuda:0
Target device: cuda:0
Alphas device: cpu
PC index 184 correlation: 0.1922
Running analysis for PC index 185
Centering data before using scikit-learn on GPU
NOTE: Using GPU for ridge regression.
Warning: RidgeCV with fit_intercept=False please center data before using this function. If you want to use fit_intercept=True, please set device=None or device='cpu'.

Predictor device: cuda:0
Target device: cuda:0
Alphas device: cpu
PC index 185 correlation: 0.0962
Running analysis for PC index 186
Centering data before using scikit-learn on GPU
NOTE: Using GPU for ridge regression.
Warning: RidgeCV with fit_intercept=False please center data before using this function. If you want to use fit_intercept=True, please set device=None or device='cpu'.

Predictor device: cuda:0
Target device: cuda:0
Alphas device: cpu
PC index 186 correlation: 0.0043
Running analysis for PC index 187
Centering data before using scikit-learn on GPU
NOTE: Using GPU for ridge regression.
Warning: RidgeCV with fit_intercept=False please center data before using this function. If you want to use fit_intercept=True, please set device=None or device='cpu'.

Predictor device: cuda:0
Target device: cuda:0
Alphas device: cpu
PC index 187 correlation: 0.1168
Running analysis for PC index 188
Centering data before using scikit-learn on GPU
NOTE: Using GPU for ridge regression.
Warning: RidgeCV with fit_intercept=False please center data before using this function. If you want to use fit_intercept=True, please set device=None or device='cpu'.

Predictor device: cuda:0
Target device: cuda:0
Alphas device: cpu
PC index 188 correlation: 0.0543
Running analysis for PC index 189
Centering data before using scikit-learn on GPU
NOTE: Using GPU for ridge regression.
Warning: RidgeCV with fit_intercept=False please center data before using this function. If you want to use fit_intercept=True, please set device=None or device='cpu'.

Predictor device: cuda:0
Target device: cuda:0
Alphas device: cpu
PC index 189 correlation: 0.1093
Running analysis for PC index 190
Centering data before using scikit-learn on GPU
NOTE: Using GPU for ridge regression.
Warning: RidgeCV with fit_intercept=False please center data before using this function. If you want to use fit_intercept=True, please set device=None or device='cpu'.

Predictor device: cuda:0
Target device: cuda:0
Alphas device: cpu
PC index 190 correlation: 0.0918
Running analysis for PC index 191
Centering data before using scikit-learn on GPU
NOTE: Using GPU for ridge regression.
Warning: RidgeCV with fit_intercept=False please center data before using this function. If you want to use fit_intercept=True, please set device=None or device='cpu'.

Predictor device: cuda:0
Target device: cuda:0
Alphas device: cpu
PC index 191 correlation: 0.0734
Running analysis for PC index 192
Centering data before using scikit-learn on GPU
NOTE: Using GPU for ridge regression.
Warning: RidgeCV with fit_intercept=False please center data before using this function. If you want to use fit_intercept=True, please set device=None or device='cpu'.

Predictor device: cuda:0
Target device: cuda:0
Alphas device: cpu
PC index 192 correlation: 0.0823
Running analysis for PC index 193
Centering data before using scikit-learn on GPU
NOTE: Using GPU for ridge regression.
Warning: RidgeCV with fit_intercept=False please center data before using this function. If you want to use fit_intercept=True, please set device=None or device='cpu'.

Predictor device: cuda:0
Target device: cuda:0
Alphas device: cpu
PC index 193 correlation: 0.0841
Running analysis for PC index 194
Centering data before using scikit-learn on GPU
NOTE: Using GPU for ridge regression.
Warning: RidgeCV with fit_intercept=False please center data before using this function. If you want to use fit_intercept=True, please set device=None or device='cpu'.

Predictor device: cuda:0
Target device: cuda:0
Alphas device: cpu
PC index 194 correlation: 0.0282
Running analysis for PC index 195
Centering data before using scikit-learn on GPU
NOTE: Using GPU for ridge regression.
Warning: RidgeCV with fit_intercept=False please center data before using this function. If you want to use fit_intercept=True, please set device=None or device='cpu'.

Predictor device: cuda:0
Target device: cuda:0
Alphas device: cpu
PC index 195 correlation: 0.0969
Running analysis for PC index 196
Centering data before using scikit-learn on GPU
NOTE: Using GPU for ridge regression.
Warning: RidgeCV with fit_intercept=False please center data before using this function. If you want to use fit_intercept=True, please set device=None or device='cpu'.

Predictor device: cuda:0
Target device: cuda:0
Alphas device: cpu
PC index 196 correlation: 0.1078
Running analysis for PC index 197
Centering data before using scikit-learn on GPU
NOTE: Using GPU for ridge regression.
Warning: RidgeCV with fit_intercept=False please center data before using this function. If you want to use fit_intercept=True, please set device=None or device='cpu'.

Predictor device: cuda:0
Target device: cuda:0
Alphas device: cpu
PC index 197 correlation: 0.1411
Running analysis for PC index 198
Centering data before using scikit-learn on GPU
NOTE: Using GPU for ridge regression.
Warning: RidgeCV with fit_intercept=False please center data before using this function. If you want to use fit_intercept=True, please set device=None or device='cpu'.

Predictor device: cuda:0
Target device: cuda:0
Alphas device: cpu
PC index 198 correlation: 0.0904
Running analysis for PC index 199
Centering data before using scikit-learn on GPU
NOTE: Using GPU for ridge regression.
Warning: RidgeCV with fit_intercept=False please center data before using this function. If you want to use fit_intercept=True, please set device=None or device='cpu'.

Predictor device: cuda:0
Target device: cuda:0
Alphas device: cpu
PC index 199 correlation: 0.1194
Saved eca_nfnet_l0_classification correlations to /home/ohadshee/Desktop/Partial-Information-Decomposition/pipeline/analysis/ridge_analysis/GPU_200_pcs_correlations_by_model.csv 😀
Starting model: resnet50_classification
Number of images: 73000
Image shape: (425, 425, 3), dtype: uint8
nsdID shape: (73000,), Shared1000 shape: (73000,)
Neural data shape: (10000, 8088)
Image IDs shape: (10000,)
Number of voxels: 8088
Number of projections for SRP: 7894

Loaded target with shape (10000, 8088).
Model options for resnet50_classification: {'model_name': 'resnet50', 'train_type': 'classification', 'train_data': 'imagenet', 'model_source': 'torchvision', 'call': "get_torchvision_model('models.resnet50', True)"}
Image transforms for resnet50_classification: Compose(
    Resize(size=(224, 224), interpolation=bilinear, max_size=None, antialias=True)
    ToTensor()
    Normalize(mean=[0.485, 0.456, 0.406], std=[0.229, 0.224, 0.225])
)
Loaded model: resnet50_classification
Ordered layers from model: ['Conv2d-1', 'BatchNorm2d-1', 'ReLU-1', 'MaxPool2d-1', 'Conv2d-2', 'BatchNorm2d-2', 'ReLU-2', 'Conv2d-3', 'BatchNorm2d-3', 'ReLU-3', 'Conv2d-4', 'BatchNorm2d-4', 'Conv2d-5', 'BatchNorm2d-5', 'ReLU-4', 'Bottleneck-1', 'Conv2d-6', 'BatchNorm2d-6', 'ReLU-5', 'Conv2d-7', 'BatchNorm2d-7', 'ReLU-6', 'Conv2d-8', 'BatchNorm2d-8', 'ReLU-7', 'Bottleneck-2', 'Conv2d-9', 'BatchNorm2d-9', 'ReLU-8', 'Conv2d-10', 'BatchNorm2d-10', 'ReLU-9', 'Conv2d-11', 'BatchNorm2d-11', 'ReLU-10', 'Bottleneck-3', 'Conv2d-12', 'BatchNorm2d-12', 'ReLU-11', 'Conv2d-13', 'BatchNorm2d-13', 'ReLU-12', 'Conv2d-14', 'BatchNorm2d-14', 'Conv2d-15', 'BatchNorm2d-15', 'ReLU-13', 'Bottleneck-4', 'Conv2d-16', 'BatchNorm2d-16', 'ReLU-14', 'Conv2d-17', 'BatchNorm2d-17', 'ReLU-15', 'Conv2d-18', 'BatchNorm2d-18', 'ReLU-16', 'Bottleneck-5', 'Conv2d-19', 'BatchNorm2d-19', 'ReLU-17', 'Conv2d-20', 'BatchNorm2d-20', 'ReLU-18', 'Conv2d-21', 'BatchNorm2d-21', 'ReLU-19', 'Bottleneck-6', 'Conv2d-22', 'BatchNorm2d-22', 'ReLU-20', 'Conv2d-23', 'BatchNorm2d-23', 'ReLU-21', 'Conv2d-24', 'BatchNorm2d-24', 'ReLU-22', 'Bottleneck-7', 'Conv2d-25', 'BatchNorm2d-25', 'ReLU-23', 'Conv2d-26', 'BatchNorm2d-26', 'ReLU-24', 'Conv2d-27', 'BatchNorm2d-27', 'Conv2d-28', 'BatchNorm2d-28', 'ReLU-25', 'Bottleneck-8', 'Conv2d-29', 'BatchNorm2d-29', 'ReLU-26', 'Conv2d-30', 'BatchNorm2d-30', 'ReLU-27', 'Conv2d-31', 'BatchNorm2d-31', 'ReLU-28', 'Bottleneck-9', 'Conv2d-32', 'BatchNorm2d-32', 'ReLU-29', 'Conv2d-33', 'BatchNorm2d-33', 'ReLU-30', 'Conv2d-34', 'BatchNorm2d-34', 'ReLU-31', 'Bottleneck-10', 'Conv2d-35', 'BatchNorm2d-35', 'ReLU-32', 'Conv2d-36', 'BatchNorm2d-36', 'ReLU-33', 'Conv2d-37', 'BatchNorm2d-37', 'ReLU-34', 'Bottleneck-11', 'Conv2d-38', 'BatchNorm2d-38', 'ReLU-35', 'Conv2d-39', 'BatchNorm2d-39', 'ReLU-36', 'Conv2d-40', 'BatchNorm2d-40', 'ReLU-37', 'Bottleneck-12', 'Conv2d-41', 'BatchNorm2d-41', 'ReLU-38', 'Conv2d-42', 'BatchNorm2d-42', 'ReLU-39', 'Conv2d-43', 'BatchNorm2d-43', 'ReLU-40', 'Bottleneck-13', 'Conv2d-44', 'BatchNorm2d-44', 'ReLU-41', 'Conv2d-45', 'BatchNorm2d-45', 'ReLU-42', 'Conv2d-46', 'BatchNorm2d-46', 'Conv2d-47', 'BatchNorm2d-47', 'ReLU-43', 'Bottleneck-14', 'Conv2d-48', 'BatchNorm2d-48', 'ReLU-44', 'Conv2d-49', 'BatchNorm2d-49', 'ReLU-45', 'Conv2d-50', 'BatchNorm2d-50', 'ReLU-46', 'Bottleneck-15', 'Conv2d-51', 'BatchNorm2d-51', 'ReLU-47', 'Conv2d-52', 'BatchNorm2d-52', 'ReLU-48', 'Conv2d-53', 'BatchNorm2d-53', 'ReLU-49', 'Bottleneck-16', 'AdaptiveAvgPool2d-1', 'Linear-1', 'ResNet-1']
Total number of layers: 175
Starting to extract features for resnet50_classification at layer 156

==================================================
Processing layer: BatchNorm2d-49 from model: resnet50_classification

For model resnet50_classification Layer BatchNorm2d-49: Extracting features for 10000 images in batches of 128...
Feature extraction for model resnet50_classification layer BatchNorm2d-49 completed in 46.85 seconds.

Features shape: (10000, 25088), Train target shape: (9000, 200), Shared target shape: (1000, 200)
Running ridge regression for 200 PCs on model resnet50_classification at layer 156
Running analysis for 200 PCs
Running analysis for PC index 0
Centering data before using scikit-learn on GPU
NOTE: Using GPU for ridge regression.
Warning: RidgeCV with fit_intercept=False please center data before using this function. If you want to use fit_intercept=True, please set device=None or device='cpu'.

Predictor device: cuda:0
Target device: cuda:0
Alphas device: cpu
PC index 0 correlation: 0.4323
Running analysis for PC index 1
Centering data before using scikit-learn on GPU
NOTE: Using GPU for ridge regression.
Warning: RidgeCV with fit_intercept=False please center data before using this function. If you want to use fit_intercept=True, please set device=None or device='cpu'.

Predictor device: cuda:0
Target device: cuda:0
Alphas device: cpu
PC index 1 correlation: 0.8078
Running analysis for PC index 2
Centering data before using scikit-learn on GPU
NOTE: Using GPU for ridge regression.
Warning: RidgeCV with fit_intercept=False please center data before using this function. If you want to use fit_intercept=True, please set device=None or device='cpu'.

Predictor device: cuda:0
Target device: cuda:0
Alphas device: cpu
PC index 2 correlation: 0.7122
Running analysis for PC index 3
Centering data before using scikit-learn on GPU
NOTE: Using GPU for ridge regression.
Warning: RidgeCV with fit_intercept=False please center data before using this function. If you want to use fit_intercept=True, please set device=None or device='cpu'.

Predictor device: cuda:0
Target device: cuda:0
Alphas device: cpu
PC index 3 correlation: 0.7141
Running analysis for PC index 4
Centering data before using scikit-learn on GPU
NOTE: Using GPU for ridge regression.
Warning: RidgeCV with fit_intercept=False please center data before using this function. If you want to use fit_intercept=True, please set device=None or device='cpu'.

Predictor device: cuda:0
Target device: cuda:0
Alphas device: cpu
PC index 4 correlation: 0.6743
Running analysis for PC index 5
Centering data before using scikit-learn on GPU
NOTE: Using GPU for ridge regression.
Warning: RidgeCV with fit_intercept=False please center data before using this function. If you want to use fit_intercept=True, please set device=None or device='cpu'.

Predictor device: cuda:0
Target device: cuda:0
Alphas device: cpu
PC index 5 correlation: 0.5003
Running analysis for PC index 6
Centering data before using scikit-learn on GPU
NOTE: Using GPU for ridge regression.
Warning: RidgeCV with fit_intercept=False please center data before using this function. If you want to use fit_intercept=True, please set device=None or device='cpu'.

Predictor device: cuda:0
Target device: cuda:0
Alphas device: cpu
PC index 6 correlation: 0.4357
Running analysis for PC index 7
Centering data before using scikit-learn on GPU
NOTE: Using GPU for ridge regression.
Warning: RidgeCV with fit_intercept=False please center data before using this function. If you want to use fit_intercept=True, please set device=None or device='cpu'.

Predictor device: cuda:0
Target device: cuda:0
Alphas device: cpu
PC index 7 correlation: 0.2212
Running analysis for PC index 8
Centering data before using scikit-learn on GPU
NOTE: Using GPU for ridge regression.
Warning: RidgeCV with fit_intercept=False please center data before using this function. If you want to use fit_intercept=True, please set device=None or device='cpu'.

Predictor device: cuda:0
Target device: cuda:0
Alphas device: cpu
PC index 8 correlation: 0.4944
Running analysis for PC index 9
Centering data before using scikit-learn on GPU
NOTE: Using GPU for ridge regression.
Warning: RidgeCV with fit_intercept=False please center data before using this function. If you want to use fit_intercept=True, please set device=None or device='cpu'.

Predictor device: cuda:0
Target device: cuda:0
Alphas device: cpu
PC index 9 correlation: 0.4871
Running analysis for PC index 10
Centering data before using scikit-learn on GPU
NOTE: Using GPU for ridge regression.
Warning: RidgeCV with fit_intercept=False please center data before using this function. If you want to use fit_intercept=True, please set device=None or device='cpu'.

Predictor device: cuda:0
Target device: cuda:0
Alphas device: cpu
PC index 10 correlation: 0.4310
Running analysis for PC index 11
Centering data before using scikit-learn on GPU
NOTE: Using GPU for ridge regression.
Warning: RidgeCV with fit_intercept=False please center data before using this function. If you want to use fit_intercept=True, please set device=None or device='cpu'.

Predictor device: cuda:0
Target device: cuda:0
Alphas device: cpu
PC index 11 correlation: 0.6974
Running analysis for PC index 12
Centering data before using scikit-learn on GPU
NOTE: Using GPU for ridge regression.
Warning: RidgeCV with fit_intercept=False please center data before using this function. If you want to use fit_intercept=True, please set device=None or device='cpu'.

Predictor device: cuda:0
Target device: cuda:0
Alphas device: cpu
PC index 12 correlation: 0.3199
Running analysis for PC index 13
Centering data before using scikit-learn on GPU
NOTE: Using GPU for ridge regression.
Warning: RidgeCV with fit_intercept=False please center data before using this function. If you want to use fit_intercept=True, please set device=None or device='cpu'.

Predictor device: cuda:0
Target device: cuda:0
Alphas device: cpu
PC index 13 correlation: 0.4243
Running analysis for PC index 14
Centering data before using scikit-learn on GPU
NOTE: Using GPU for ridge regression.
Warning: RidgeCV with fit_intercept=False please center data before using this function. If you want to use fit_intercept=True, please set device=None or device='cpu'.

Predictor device: cuda:0
Target device: cuda:0
Alphas device: cpu
PC index 14 correlation: 0.4638
Running analysis for PC index 15
Centering data before using scikit-learn on GPU
NOTE: Using GPU for ridge regression.
Warning: RidgeCV with fit_intercept=False please center data before using this function. If you want to use fit_intercept=True, please set device=None or device='cpu'.

Predictor device: cuda:0
Target device: cuda:0
Alphas device: cpu
PC index 15 correlation: 0.3469
Running analysis for PC index 16
Centering data before using scikit-learn on GPU
NOTE: Using GPU for ridge regression.
Warning: RidgeCV with fit_intercept=False please center data before using this function. If you want to use fit_intercept=True, please set device=None or device='cpu'.

Predictor device: cuda:0
Target device: cuda:0
Alphas device: cpu
PC index 16 correlation: 0.3731
Running analysis for PC index 17
Centering data before using scikit-learn on GPU
NOTE: Using GPU for ridge regression.
Warning: RidgeCV with fit_intercept=False please center data before using this function. If you want to use fit_intercept=True, please set device=None or device='cpu'.

Predictor device: cuda:0
Target device: cuda:0
Alphas device: cpu
PC index 17 correlation: 0.1548
Running analysis for PC index 18
Centering data before using scikit-learn on GPU
NOTE: Using GPU for ridge regression.
Warning: RidgeCV with fit_intercept=False please center data before using this function. If you want to use fit_intercept=True, please set device=None or device='cpu'.

Predictor device: cuda:0
Target device: cuda:0
Alphas device: cpu
PC index 18 correlation: 0.4134
Running analysis for PC index 19
Centering data before using scikit-learn on GPU
NOTE: Using GPU for ridge regression.
Warning: RidgeCV with fit_intercept=False please center data before using this function. If you want to use fit_intercept=True, please set device=None or device='cpu'.

Predictor device: cuda:0
Target device: cuda:0
Alphas device: cpu
PC index 19 correlation: 0.2859
Running analysis for PC index 20
Centering data before using scikit-learn on GPU
NOTE: Using GPU for ridge regression.
Warning: RidgeCV with fit_intercept=False please center data before using this function. If you want to use fit_intercept=True, please set device=None or device='cpu'.

Predictor device: cuda:0
Target device: cuda:0
Alphas device: cpu
PC index 20 correlation: 0.3650
Running analysis for PC index 21
Centering data before using scikit-learn on GPU
NOTE: Using GPU for ridge regression.
Warning: RidgeCV with fit_intercept=False please center data before using this function. If you want to use fit_intercept=True, please set device=None or device='cpu'.

Predictor device: cuda:0
Target device: cuda:0
Alphas device: cpu
PC index 21 correlation: 0.3581
Running analysis for PC index 22
Centering data before using scikit-learn on GPU
NOTE: Using GPU for ridge regression.
Warning: RidgeCV with fit_intercept=False please center data before using this function. If you want to use fit_intercept=True, please set device=None or device='cpu'.

Predictor device: cuda:0
Target device: cuda:0
Alphas device: cpu
PC index 22 correlation: 0.3424
Running analysis for PC index 23
Centering data before using scikit-learn on GPU
NOTE: Using GPU for ridge regression.
Warning: RidgeCV with fit_intercept=False please center data before using this function. If you want to use fit_intercept=True, please set device=None or device='cpu'.

Predictor device: cuda:0
Target device: cuda:0
Alphas device: cpu
PC index 23 correlation: 0.2551
Running analysis for PC index 24
Centering data before using scikit-learn on GPU
NOTE: Using GPU for ridge regression.
Warning: RidgeCV with fit_intercept=False please center data before using this function. If you want to use fit_intercept=True, please set device=None or device='cpu'.

Predictor device: cuda:0
Target device: cuda:0
Alphas device: cpu
PC index 24 correlation: 0.4099
Running analysis for PC index 25
Centering data before using scikit-learn on GPU
NOTE: Using GPU for ridge regression.
Warning: RidgeCV with fit_intercept=False please center data before using this function. If you want to use fit_intercept=True, please set device=None or device='cpu'.

Predictor device: cuda:0
Target device: cuda:0
Alphas device: cpu
PC index 25 correlation: 0.2438
Running analysis for PC index 26
Centering data before using scikit-learn on GPU
NOTE: Using GPU for ridge regression.
Warning: RidgeCV with fit_intercept=False please center data before using this function. If you want to use fit_intercept=True, please set device=None or device='cpu'.

Predictor device: cuda:0
Target device: cuda:0
Alphas device: cpu
PC index 26 correlation: 0.3372
Running analysis for PC index 27
Centering data before using scikit-learn on GPU
NOTE: Using GPU for ridge regression.
Warning: RidgeCV with fit_intercept=False please center data before using this function. If you want to use fit_intercept=True, please set device=None or device='cpu'.

Predictor device: cuda:0
Target device: cuda:0
Alphas device: cpu
PC index 27 correlation: 0.2231
Running analysis for PC index 28
Centering data before using scikit-learn on GPU
NOTE: Using GPU for ridge regression.
Warning: RidgeCV with fit_intercept=False please center data before using this function. If you want to use fit_intercept=True, please set device=None or device='cpu'.

Predictor device: cuda:0
Target device: cuda:0
Alphas device: cpu
PC index 28 correlation: 0.2805
Running analysis for PC index 29
Centering data before using scikit-learn on GPU
NOTE: Using GPU for ridge regression.
Warning: RidgeCV with fit_intercept=False please center data before using this function. If you want to use fit_intercept=True, please set device=None or device='cpu'.

Predictor device: cuda:0
Target device: cuda:0
Alphas device: cpu
PC index 29 correlation: 0.3397
Running analysis for PC index 30
Centering data before using scikit-learn on GPU
NOTE: Using GPU for ridge regression.
Warning: RidgeCV with fit_intercept=False please center data before using this function. If you want to use fit_intercept=True, please set device=None or device='cpu'.

Predictor device: cuda:0
Target device: cuda:0
Alphas device: cpu
PC index 30 correlation: 0.3958
Running analysis for PC index 31
Centering data before using scikit-learn on GPU
NOTE: Using GPU for ridge regression.
Warning: RidgeCV with fit_intercept=False please center data before using this function. If you want to use fit_intercept=True, please set device=None or device='cpu'.

Predictor device: cuda:0
Target device: cuda:0
Alphas device: cpu
PC index 31 correlation: 0.3206
Running analysis for PC index 32
Centering data before using scikit-learn on GPU
NOTE: Using GPU for ridge regression.
Warning: RidgeCV with fit_intercept=False please center data before using this function. If you want to use fit_intercept=True, please set device=None or device='cpu'.

Predictor device: cuda:0
Target device: cuda:0
Alphas device: cpu
PC index 32 correlation: 0.2779
Running analysis for PC index 33
Centering data before using scikit-learn on GPU
NOTE: Using GPU for ridge regression.
Warning: RidgeCV with fit_intercept=False please center data before using this function. If you want to use fit_intercept=True, please set device=None or device='cpu'.

Predictor device: cuda:0
Target device: cuda:0
Alphas device: cpu
PC index 33 correlation: 0.2157
Running analysis for PC index 34
Centering data before using scikit-learn on GPU
NOTE: Using GPU for ridge regression.
Warning: RidgeCV with fit_intercept=False please center data before using this function. If you want to use fit_intercept=True, please set device=None or device='cpu'.

Predictor device: cuda:0
Target device: cuda:0
Alphas device: cpu
PC index 34 correlation: 0.3361
Running analysis for PC index 35
Centering data before using scikit-learn on GPU
NOTE: Using GPU for ridge regression.
Warning: RidgeCV with fit_intercept=False please center data before using this function. If you want to use fit_intercept=True, please set device=None or device='cpu'.

Predictor device: cuda:0
Target device: cuda:0
Alphas device: cpu
PC index 35 correlation: 0.1858
Running analysis for PC index 36
Centering data before using scikit-learn on GPU
NOTE: Using GPU for ridge regression.
Warning: RidgeCV with fit_intercept=False please center data before using this function. If you want to use fit_intercept=True, please set device=None or device='cpu'.

Predictor device: cuda:0
Target device: cuda:0
Alphas device: cpu
PC index 36 correlation: 0.1678
Running analysis for PC index 37
Centering data before using scikit-learn on GPU
NOTE: Using GPU for ridge regression.
Warning: RidgeCV with fit_intercept=False please center data before using this function. If you want to use fit_intercept=True, please set device=None or device='cpu'.

Predictor device: cuda:0
Target device: cuda:0
Alphas device: cpu
PC index 37 correlation: 0.3045
Running analysis for PC index 38
Centering data before using scikit-learn on GPU
NOTE: Using GPU for ridge regression.
Warning: RidgeCV with fit_intercept=False please center data before using this function. If you want to use fit_intercept=True, please set device=None or device='cpu'.

Predictor device: cuda:0
Target device: cuda:0
Alphas device: cpu
PC index 38 correlation: 0.2152
Running analysis for PC index 39
Centering data before using scikit-learn on GPU
NOTE: Using GPU for ridge regression.
Warning: RidgeCV with fit_intercept=False please center data before using this function. If you want to use fit_intercept=True, please set device=None or device='cpu'.

Predictor device: cuda:0
Target device: cuda:0
Alphas device: cpu
PC index 39 correlation: 0.3073
Running analysis for PC index 40
Centering data before using scikit-learn on GPU
NOTE: Using GPU for ridge regression.
Warning: RidgeCV with fit_intercept=False please center data before using this function. If you want to use fit_intercept=True, please set device=None or device='cpu'.

Predictor device: cuda:0
Target device: cuda:0
Alphas device: cpu
PC index 40 correlation: 0.2573
Running analysis for PC index 41
Centering data before using scikit-learn on GPU
NOTE: Using GPU for ridge regression.
Warning: RidgeCV with fit_intercept=False please center data before using this function. If you want to use fit_intercept=True, please set device=None or device='cpu'.

Predictor device: cuda:0
Target device: cuda:0
Alphas device: cpu
PC index 41 correlation: 0.3185
Running analysis for PC index 42
Centering data before using scikit-learn on GPU
NOTE: Using GPU for ridge regression.
Warning: RidgeCV with fit_intercept=False please center data before using this function. If you want to use fit_intercept=True, please set device=None or device='cpu'.

Predictor device: cuda:0
Target device: cuda:0
Alphas device: cpu
PC index 42 correlation: 0.3206
Running analysis for PC index 43
Centering data before using scikit-learn on GPU
NOTE: Using GPU for ridge regression.
Warning: RidgeCV with fit_intercept=False please center data before using this function. If you want to use fit_intercept=True, please set device=None or device='cpu'.

Predictor device: cuda:0
Target device: cuda:0
Alphas device: cpu
PC index 43 correlation: 0.2496
Running analysis for PC index 44
Centering data before using scikit-learn on GPU
NOTE: Using GPU for ridge regression.
Warning: RidgeCV with fit_intercept=False please center data before using this function. If you want to use fit_intercept=True, please set device=None or device='cpu'.

Predictor device: cuda:0
Target device: cuda:0
Alphas device: cpu
PC index 44 correlation: 0.3151
Running analysis for PC index 45
Centering data before using scikit-learn on GPU
NOTE: Using GPU for ridge regression.
Warning: RidgeCV with fit_intercept=False please center data before using this function. If you want to use fit_intercept=True, please set device=None or device='cpu'.

Predictor device: cuda:0
Target device: cuda:0
Alphas device: cpu
PC index 45 correlation: 0.2053
Running analysis for PC index 46
Centering data before using scikit-learn on GPU
NOTE: Using GPU for ridge regression.
Warning: RidgeCV with fit_intercept=False please center data before using this function. If you want to use fit_intercept=True, please set device=None or device='cpu'.

Predictor device: cuda:0
Target device: cuda:0
Alphas device: cpu
PC index 46 correlation: 0.2858
Running analysis for PC index 47
Centering data before using scikit-learn on GPU
NOTE: Using GPU for ridge regression.
Warning: RidgeCV with fit_intercept=False please center data before using this function. If you want to use fit_intercept=True, please set device=None or device='cpu'.

Predictor device: cuda:0
Target device: cuda:0
Alphas device: cpu
PC index 47 correlation: 0.3381
Running analysis for PC index 48
Centering data before using scikit-learn on GPU
NOTE: Using GPU for ridge regression.
Warning: RidgeCV with fit_intercept=False please center data before using this function. If you want to use fit_intercept=True, please set device=None or device='cpu'.

Predictor device: cuda:0
Target device: cuda:0
Alphas device: cpu
PC index 48 correlation: 0.3270
Running analysis for PC index 49
Centering data before using scikit-learn on GPU
NOTE: Using GPU for ridge regression.
Warning: RidgeCV with fit_intercept=False please center data before using this function. If you want to use fit_intercept=True, please set device=None or device='cpu'.

Predictor device: cuda:0
Target device: cuda:0
Alphas device: cpu
PC index 49 correlation: 0.2265
Running analysis for PC index 50
Centering data before using scikit-learn on GPU
NOTE: Using GPU for ridge regression.
Warning: RidgeCV with fit_intercept=False please center data before using this function. If you want to use fit_intercept=True, please set device=None or device='cpu'.

Predictor device: cuda:0
Target device: cuda:0
Alphas device: cpu
PC index 50 correlation: 0.3370
Running analysis for PC index 51
Centering data before using scikit-learn on GPU
NOTE: Using GPU for ridge regression.
Warning: RidgeCV with fit_intercept=False please center data before using this function. If you want to use fit_intercept=True, please set device=None or device='cpu'.

Predictor device: cuda:0
Target device: cuda:0
Alphas device: cpu
PC index 51 correlation: 0.1521
Running analysis for PC index 52
Centering data before using scikit-learn on GPU
NOTE: Using GPU for ridge regression.
Warning: RidgeCV with fit_intercept=False please center data before using this function. If you want to use fit_intercept=True, please set device=None or device='cpu'.

Predictor device: cuda:0
Target device: cuda:0
Alphas device: cpu
PC index 52 correlation: 0.2320
Running analysis for PC index 53
Centering data before using scikit-learn on GPU
NOTE: Using GPU for ridge regression.
Warning: RidgeCV with fit_intercept=False please center data before using this function. If you want to use fit_intercept=True, please set device=None or device='cpu'.

Predictor device: cuda:0
Target device: cuda:0
Alphas device: cpu
PC index 53 correlation: 0.2116
Running analysis for PC index 54
Centering data before using scikit-learn on GPU
NOTE: Using GPU for ridge regression.
Warning: RidgeCV with fit_intercept=False please center data before using this function. If you want to use fit_intercept=True, please set device=None or device='cpu'.

Predictor device: cuda:0
Target device: cuda:0
Alphas device: cpu
PC index 54 correlation: 0.2730
Running analysis for PC index 55
Centering data before using scikit-learn on GPU
NOTE: Using GPU for ridge regression.
Warning: RidgeCV with fit_intercept=False please center data before using this function. If you want to use fit_intercept=True, please set device=None or device='cpu'.

Predictor device: cuda:0
Target device: cuda:0
Alphas device: cpu
PC index 55 correlation: 0.3067
Running analysis for PC index 56
Centering data before using scikit-learn on GPU
NOTE: Using GPU for ridge regression.
Warning: RidgeCV with fit_intercept=False please center data before using this function. If you want to use fit_intercept=True, please set device=None or device='cpu'.

Predictor device: cuda:0
Target device: cuda:0
Alphas device: cpu
PC index 56 correlation: 0.3370
Running analysis for PC index 57
Centering data before using scikit-learn on GPU
NOTE: Using GPU for ridge regression.
Warning: RidgeCV with fit_intercept=False please center data before using this function. If you want to use fit_intercept=True, please set device=None or device='cpu'.

Predictor device: cuda:0
Target device: cuda:0
Alphas device: cpu
PC index 57 correlation: 0.2636
Running analysis for PC index 58
Centering data before using scikit-learn on GPU
NOTE: Using GPU for ridge regression.
Warning: RidgeCV with fit_intercept=False please center data before using this function. If you want to use fit_intercept=True, please set device=None or device='cpu'.

Predictor device: cuda:0
Target device: cuda:0
Alphas device: cpu
PC index 58 correlation: 0.2056
Running analysis for PC index 59
Centering data before using scikit-learn on GPU
NOTE: Using GPU for ridge regression.
Warning: RidgeCV with fit_intercept=False please center data before using this function. If you want to use fit_intercept=True, please set device=None or device='cpu'.

Predictor device: cuda:0
Target device: cuda:0
Alphas device: cpu
PC index 59 correlation: 0.2272
Running analysis for PC index 60
Centering data before using scikit-learn on GPU
NOTE: Using GPU for ridge regression.
Warning: RidgeCV with fit_intercept=False please center data before using this function. If you want to use fit_intercept=True, please set device=None or device='cpu'.

Predictor device: cuda:0
Target device: cuda:0
Alphas device: cpu
PC index 60 correlation: 0.2331
Running analysis for PC index 61
Centering data before using scikit-learn on GPU
NOTE: Using GPU for ridge regression.
Warning: RidgeCV with fit_intercept=False please center data before using this function. If you want to use fit_intercept=True, please set device=None or device='cpu'.

Predictor device: cuda:0
Target device: cuda:0
Alphas device: cpu
PC index 61 correlation: 0.2928
Running analysis for PC index 62
Centering data before using scikit-learn on GPU
NOTE: Using GPU for ridge regression.
Warning: RidgeCV with fit_intercept=False please center data before using this function. If you want to use fit_intercept=True, please set device=None or device='cpu'.

Predictor device: cuda:0
Target device: cuda:0
Alphas device: cpu
PC index 62 correlation: 0.2468
Running analysis for PC index 63
Centering data before using scikit-learn on GPU
NOTE: Using GPU for ridge regression.
Warning: RidgeCV with fit_intercept=False please center data before using this function. If you want to use fit_intercept=True, please set device=None or device='cpu'.

Predictor device: cuda:0
Target device: cuda:0
Alphas device: cpu
PC index 63 correlation: 0.1972
Running analysis for PC index 64
Centering data before using scikit-learn on GPU
NOTE: Using GPU for ridge regression.
Warning: RidgeCV with fit_intercept=False please center data before using this function. If you want to use fit_intercept=True, please set device=None or device='cpu'.

Predictor device: cuda:0
Target device: cuda:0
Alphas device: cpu
PC index 64 correlation: 0.4667
Running analysis for PC index 65
Centering data before using scikit-learn on GPU
NOTE: Using GPU for ridge regression.
Warning: RidgeCV with fit_intercept=False please center data before using this function. If you want to use fit_intercept=True, please set device=None or device='cpu'.

Predictor device: cuda:0
Target device: cuda:0
Alphas device: cpu
PC index 65 correlation: 0.2183
Running analysis for PC index 66
Centering data before using scikit-learn on GPU
NOTE: Using GPU for ridge regression.
Warning: RidgeCV with fit_intercept=False please center data before using this function. If you want to use fit_intercept=True, please set device=None or device='cpu'.

Predictor device: cuda:0
Target device: cuda:0
Alphas device: cpu
PC index 66 correlation: 0.1589
Running analysis for PC index 67
Centering data before using scikit-learn on GPU
NOTE: Using GPU for ridge regression.
Warning: RidgeCV with fit_intercept=False please center data before using this function. If you want to use fit_intercept=True, please set device=None or device='cpu'.

Predictor device: cuda:0
Target device: cuda:0
Alphas device: cpu
PC index 67 correlation: 0.1459
Running analysis for PC index 68
Centering data before using scikit-learn on GPU
NOTE: Using GPU for ridge regression.
Warning: RidgeCV with fit_intercept=False please center data before using this function. If you want to use fit_intercept=True, please set device=None or device='cpu'.

Predictor device: cuda:0
Target device: cuda:0
Alphas device: cpu
PC index 68 correlation: 0.1752
Running analysis for PC index 69
Centering data before using scikit-learn on GPU
NOTE: Using GPU for ridge regression.
Warning: RidgeCV with fit_intercept=False please center data before using this function. If you want to use fit_intercept=True, please set device=None or device='cpu'.

Predictor device: cuda:0
Target device: cuda:0
Alphas device: cpu
PC index 69 correlation: 0.2638
Running analysis for PC index 70
Centering data before using scikit-learn on GPU
NOTE: Using GPU for ridge regression.
Warning: RidgeCV with fit_intercept=False please center data before using this function. If you want to use fit_intercept=True, please set device=None or device='cpu'.

Predictor device: cuda:0
Target device: cuda:0
Alphas device: cpu
PC index 70 correlation: 0.2756
Running analysis for PC index 71
Centering data before using scikit-learn on GPU
NOTE: Using GPU for ridge regression.
Warning: RidgeCV with fit_intercept=False please center data before using this function. If you want to use fit_intercept=True, please set device=None or device='cpu'.

Predictor device: cuda:0
Target device: cuda:0
Alphas device: cpu
PC index 71 correlation: 0.2108
Running analysis for PC index 72
Centering data before using scikit-learn on GPU
NOTE: Using GPU for ridge regression.
Warning: RidgeCV with fit_intercept=False please center data before using this function. If you want to use fit_intercept=True, please set device=None or device='cpu'.

Predictor device: cuda:0
Target device: cuda:0
Alphas device: cpu
PC index 72 correlation: 0.2591
Running analysis for PC index 73
Centering data before using scikit-learn on GPU
NOTE: Using GPU for ridge regression.
Warning: RidgeCV with fit_intercept=False please center data before using this function. If you want to use fit_intercept=True, please set device=None or device='cpu'.

Predictor device: cuda:0
Target device: cuda:0
Alphas device: cpu
PC index 73 correlation: 0.1703
Running analysis for PC index 74
Centering data before using scikit-learn on GPU
NOTE: Using GPU for ridge regression.
Warning: RidgeCV with fit_intercept=False please center data before using this function. If you want to use fit_intercept=True, please set device=None or device='cpu'.

Predictor device: cuda:0
Target device: cuda:0
Alphas device: cpu
PC index 74 correlation: 0.1726
Running analysis for PC index 75
Centering data before using scikit-learn on GPU
NOTE: Using GPU for ridge regression.
Warning: RidgeCV with fit_intercept=False please center data before using this function. If you want to use fit_intercept=True, please set device=None or device='cpu'.

Predictor device: cuda:0
Target device: cuda:0
Alphas device: cpu
PC index 75 correlation: 0.2692
Running analysis for PC index 76
Centering data before using scikit-learn on GPU
NOTE: Using GPU for ridge regression.
Warning: RidgeCV with fit_intercept=False please center data before using this function. If you want to use fit_intercept=True, please set device=None or device='cpu'.

Predictor device: cuda:0
Target device: cuda:0
Alphas device: cpu
PC index 76 correlation: 0.2052
Running analysis for PC index 77
Centering data before using scikit-learn on GPU
NOTE: Using GPU for ridge regression.
Warning: RidgeCV with fit_intercept=False please center data before using this function. If you want to use fit_intercept=True, please set device=None or device='cpu'.

Predictor device: cuda:0
Target device: cuda:0
Alphas device: cpu
PC index 77 correlation: 0.2389
Running analysis for PC index 78
Centering data before using scikit-learn on GPU
NOTE: Using GPU for ridge regression.
Warning: RidgeCV with fit_intercept=False please center data before using this function. If you want to use fit_intercept=True, please set device=None or device='cpu'.

Predictor device: cuda:0
Target device: cuda:0
Alphas device: cpu
PC index 78 correlation: 0.2311
Running analysis for PC index 79
Centering data before using scikit-learn on GPU
NOTE: Using GPU for ridge regression.
Warning: RidgeCV with fit_intercept=False please center data before using this function. If you want to use fit_intercept=True, please set device=None or device='cpu'.

Predictor device: cuda:0
Target device: cuda:0
Alphas device: cpu
PC index 79 correlation: 0.2432
Running analysis for PC index 80
Centering data before using scikit-learn on GPU
NOTE: Using GPU for ridge regression.
Warning: RidgeCV with fit_intercept=False please center data before using this function. If you want to use fit_intercept=True, please set device=None or device='cpu'.

Predictor device: cuda:0
Target device: cuda:0
Alphas device: cpu
PC index 80 correlation: 0.1935
Running analysis for PC index 81
Centering data before using scikit-learn on GPU
NOTE: Using GPU for ridge regression.
Warning: RidgeCV with fit_intercept=False please center data before using this function. If you want to use fit_intercept=True, please set device=None or device='cpu'.

Predictor device: cuda:0
Target device: cuda:0
Alphas device: cpu
PC index 81 correlation: 0.2308
Running analysis for PC index 82
Centering data before using scikit-learn on GPU
NOTE: Using GPU for ridge regression.
Warning: RidgeCV with fit_intercept=False please center data before using this function. If you want to use fit_intercept=True, please set device=None or device='cpu'.

Predictor device: cuda:0
Target device: cuda:0
Alphas device: cpu
PC index 82 correlation: 0.2074
Running analysis for PC index 83
Centering data before using scikit-learn on GPU
NOTE: Using GPU for ridge regression.
Warning: RidgeCV with fit_intercept=False please center data before using this function. If you want to use fit_intercept=True, please set device=None or device='cpu'.

Predictor device: cuda:0
Target device: cuda:0
Alphas device: cpu
PC index 83 correlation: 0.1882
Running analysis for PC index 84
Centering data before using scikit-learn on GPU
NOTE: Using GPU for ridge regression.
Warning: RidgeCV with fit_intercept=False please center data before using this function. If you want to use fit_intercept=True, please set device=None or device='cpu'.

Predictor device: cuda:0
Target device: cuda:0
Alphas device: cpu
PC index 84 correlation: 0.2103
Running analysis for PC index 85
Centering data before using scikit-learn on GPU
NOTE: Using GPU for ridge regression.
Warning: RidgeCV with fit_intercept=False please center data before using this function. If you want to use fit_intercept=True, please set device=None or device='cpu'.

Predictor device: cuda:0
Target device: cuda:0
Alphas device: cpu
PC index 85 correlation: 0.1247
Running analysis for PC index 86
Centering data before using scikit-learn on GPU
NOTE: Using GPU for ridge regression.
Warning: RidgeCV with fit_intercept=False please center data before using this function. If you want to use fit_intercept=True, please set device=None or device='cpu'.

Predictor device: cuda:0
Target device: cuda:0
Alphas device: cpu
PC index 86 correlation: 0.1822
Running analysis for PC index 87
Centering data before using scikit-learn on GPU
NOTE: Using GPU for ridge regression.
Warning: RidgeCV with fit_intercept=False please center data before using this function. If you want to use fit_intercept=True, please set device=None or device='cpu'.

Predictor device: cuda:0
Target device: cuda:0
Alphas device: cpu
PC index 87 correlation: 0.2978
Running analysis for PC index 88
Centering data before using scikit-learn on GPU
NOTE: Using GPU for ridge regression.
Warning: RidgeCV with fit_intercept=False please center data before using this function. If you want to use fit_intercept=True, please set device=None or device='cpu'.

Predictor device: cuda:0
Target device: cuda:0
Alphas device: cpu
PC index 88 correlation: 0.2317
Running analysis for PC index 89
Centering data before using scikit-learn on GPU
NOTE: Using GPU for ridge regression.
Warning: RidgeCV with fit_intercept=False please center data before using this function. If you want to use fit_intercept=True, please set device=None or device='cpu'.

Predictor device: cuda:0
Target device: cuda:0
Alphas device: cpu
PC index 89 correlation: 0.2400
Running analysis for PC index 90
Centering data before using scikit-learn on GPU
NOTE: Using GPU for ridge regression.
Warning: RidgeCV with fit_intercept=False please center data before using this function. If you want to use fit_intercept=True, please set device=None or device='cpu'.

Predictor device: cuda:0
Target device: cuda:0
Alphas device: cpu
PC index 90 correlation: 0.1143
Running analysis for PC index 91
Centering data before using scikit-learn on GPU
NOTE: Using GPU for ridge regression.
Warning: RidgeCV with fit_intercept=False please center data before using this function. If you want to use fit_intercept=True, please set device=None or device='cpu'.

Predictor device: cuda:0
Target device: cuda:0
Alphas device: cpu
PC index 91 correlation: 0.2454
Running analysis for PC index 92
Centering data before using scikit-learn on GPU
NOTE: Using GPU for ridge regression.
Warning: RidgeCV with fit_intercept=False please center data before using this function. If you want to use fit_intercept=True, please set device=None or device='cpu'.

Predictor device: cuda:0
Target device: cuda:0
Alphas device: cpu
PC index 92 correlation: 0.1532
Running analysis for PC index 93
Centering data before using scikit-learn on GPU
NOTE: Using GPU for ridge regression.
Warning: RidgeCV with fit_intercept=False please center data before using this function. If you want to use fit_intercept=True, please set device=None or device='cpu'.

Predictor device: cuda:0
Target device: cuda:0
Alphas device: cpu
PC index 93 correlation: 0.1305
Running analysis for PC index 94
Centering data before using scikit-learn on GPU
NOTE: Using GPU for ridge regression.
Warning: RidgeCV with fit_intercept=False please center data before using this function. If you want to use fit_intercept=True, please set device=None or device='cpu'.

Predictor device: cuda:0
Target device: cuda:0
Alphas device: cpu
PC index 94 correlation: 0.2015
Running analysis for PC index 95
Centering data before using scikit-learn on GPU
NOTE: Using GPU for ridge regression.
Warning: RidgeCV with fit_intercept=False please center data before using this function. If you want to use fit_intercept=True, please set device=None or device='cpu'.

Predictor device: cuda:0
Target device: cuda:0
Alphas device: cpu
PC index 95 correlation: 0.1877
Running analysis for PC index 96
Centering data before using scikit-learn on GPU
NOTE: Using GPU for ridge regression.
Warning: RidgeCV with fit_intercept=False please center data before using this function. If you want to use fit_intercept=True, please set device=None or device='cpu'.

Predictor device: cuda:0
Target device: cuda:0
Alphas device: cpu
PC index 96 correlation: 0.2417
Running analysis for PC index 97
Centering data before using scikit-learn on GPU
NOTE: Using GPU for ridge regression.
Warning: RidgeCV with fit_intercept=False please center data before using this function. If you want to use fit_intercept=True, please set device=None or device='cpu'.

Predictor device: cuda:0
Target device: cuda:0
Alphas device: cpu
PC index 97 correlation: 0.1577
Running analysis for PC index 98
Centering data before using scikit-learn on GPU
NOTE: Using GPU for ridge regression.
Warning: RidgeCV with fit_intercept=False please center data before using this function. If you want to use fit_intercept=True, please set device=None or device='cpu'.

Predictor device: cuda:0
Target device: cuda:0
Alphas device: cpu
PC index 98 correlation: 0.1038
Running analysis for PC index 99
Centering data before using scikit-learn on GPU
NOTE: Using GPU for ridge regression.
Warning: RidgeCV with fit_intercept=False please center data before using this function. If you want to use fit_intercept=True, please set device=None or device='cpu'.

Predictor device: cuda:0
Target device: cuda:0
Alphas device: cpu
PC index 99 correlation: 0.2113
Running analysis for PC index 100
Centering data before using scikit-learn on GPU
NOTE: Using GPU for ridge regression.
Warning: RidgeCV with fit_intercept=False please center data before using this function. If you want to use fit_intercept=True, please set device=None or device='cpu'.

Predictor device: cuda:0
Target device: cuda:0
Alphas device: cpu
PC index 100 correlation: 0.2095
Running analysis for PC index 101
Centering data before using scikit-learn on GPU
NOTE: Using GPU for ridge regression.
Warning: RidgeCV with fit_intercept=False please center data before using this function. If you want to use fit_intercept=True, please set device=None or device='cpu'.

Predictor device: cuda:0
Target device: cuda:0
Alphas device: cpu
PC index 101 correlation: 0.2732
Running analysis for PC index 102
Centering data before using scikit-learn on GPU
NOTE: Using GPU for ridge regression.
Warning: RidgeCV with fit_intercept=False please center data before using this function. If you want to use fit_intercept=True, please set device=None or device='cpu'.

Predictor device: cuda:0
Target device: cuda:0
Alphas device: cpu
PC index 102 correlation: 0.2313
Running analysis for PC index 103
Centering data before using scikit-learn on GPU
NOTE: Using GPU for ridge regression.
Warning: RidgeCV with fit_intercept=False please center data before using this function. If you want to use fit_intercept=True, please set device=None or device='cpu'.

Predictor device: cuda:0
Target device: cuda:0
Alphas device: cpu
PC index 103 correlation: 0.2855
Running analysis for PC index 104
Centering data before using scikit-learn on GPU
NOTE: Using GPU for ridge regression.
Warning: RidgeCV with fit_intercept=False please center data before using this function. If you want to use fit_intercept=True, please set device=None or device='cpu'.

Predictor device: cuda:0
Target device: cuda:0
Alphas device: cpu
PC index 104 correlation: 0.1765
Running analysis for PC index 105
Centering data before using scikit-learn on GPU
NOTE: Using GPU for ridge regression.
Warning: RidgeCV with fit_intercept=False please center data before using this function. If you want to use fit_intercept=True, please set device=None or device='cpu'.

Predictor device: cuda:0
Target device: cuda:0
Alphas device: cpu
PC index 105 correlation: 0.2327
Running analysis for PC index 106
Centering data before using scikit-learn on GPU
NOTE: Using GPU for ridge regression.
Warning: RidgeCV with fit_intercept=False please center data before using this function. If you want to use fit_intercept=True, please set device=None or device='cpu'.

Predictor device: cuda:0
Target device: cuda:0
Alphas device: cpu
PC index 106 correlation: 0.2550
Running analysis for PC index 107
Centering data before using scikit-learn on GPU
NOTE: Using GPU for ridge regression.
Warning: RidgeCV with fit_intercept=False please center data before using this function. If you want to use fit_intercept=True, please set device=None or device='cpu'.

Predictor device: cuda:0
Target device: cuda:0
Alphas device: cpu
PC index 107 correlation: 0.2594
Running analysis for PC index 108
Centering data before using scikit-learn on GPU
NOTE: Using GPU for ridge regression.
Warning: RidgeCV with fit_intercept=False please center data before using this function. If you want to use fit_intercept=True, please set device=None or device='cpu'.

Predictor device: cuda:0
Target device: cuda:0
Alphas device: cpu
PC index 108 correlation: 0.1964
Running analysis for PC index 109
Centering data before using scikit-learn on GPU
NOTE: Using GPU for ridge regression.
Warning: RidgeCV with fit_intercept=False please center data before using this function. If you want to use fit_intercept=True, please set device=None or device='cpu'.

Predictor device: cuda:0
Target device: cuda:0
Alphas device: cpu
PC index 109 correlation: 0.1657
Running analysis for PC index 110
Centering data before using scikit-learn on GPU
NOTE: Using GPU for ridge regression.
Warning: RidgeCV with fit_intercept=False please center data before using this function. If you want to use fit_intercept=True, please set device=None or device='cpu'.

Predictor device: cuda:0
Target device: cuda:0
Alphas device: cpu
PC index 110 correlation: 0.1007
Running analysis for PC index 111
Centering data before using scikit-learn on GPU
NOTE: Using GPU for ridge regression.
Warning: RidgeCV with fit_intercept=False please center data before using this function. If you want to use fit_intercept=True, please set device=None or device='cpu'.

Predictor device: cuda:0
Target device: cuda:0
Alphas device: cpu
PC index 111 correlation: 0.1807
Running analysis for PC index 112
Centering data before using scikit-learn on GPU
NOTE: Using GPU for ridge regression.
Warning: RidgeCV with fit_intercept=False please center data before using this function. If you want to use fit_intercept=True, please set device=None or device='cpu'.

Predictor device: cuda:0
Target device: cuda:0
Alphas device: cpu
PC index 112 correlation: 0.1745
Running analysis for PC index 113
Centering data before using scikit-learn on GPU
NOTE: Using GPU for ridge regression.
Warning: RidgeCV with fit_intercept=False please center data before using this function. If you want to use fit_intercept=True, please set device=None or device='cpu'.

Predictor device: cuda:0
Target device: cuda:0
Alphas device: cpu
PC index 113 correlation: 0.1341
Running analysis for PC index 114
Centering data before using scikit-learn on GPU
NOTE: Using GPU for ridge regression.
Warning: RidgeCV with fit_intercept=False please center data before using this function. If you want to use fit_intercept=True, please set device=None or device='cpu'.

Predictor device: cuda:0
Target device: cuda:0
Alphas device: cpu
PC index 114 correlation: 0.2286
Running analysis for PC index 115
Centering data before using scikit-learn on GPU
NOTE: Using GPU for ridge regression.
Warning: RidgeCV with fit_intercept=False please center data before using this function. If you want to use fit_intercept=True, please set device=None or device='cpu'.

Predictor device: cuda:0
Target device: cuda:0
Alphas device: cpu
PC index 115 correlation: 0.1616
Running analysis for PC index 116
Centering data before using scikit-learn on GPU
NOTE: Using GPU for ridge regression.
Warning: RidgeCV with fit_intercept=False please center data before using this function. If you want to use fit_intercept=True, please set device=None or device='cpu'.

Predictor device: cuda:0
Target device: cuda:0
Alphas device: cpu
PC index 116 correlation: 0.1573
Running analysis for PC index 117
Centering data before using scikit-learn on GPU
NOTE: Using GPU for ridge regression.
Warning: RidgeCV with fit_intercept=False please center data before using this function. If you want to use fit_intercept=True, please set device=None or device='cpu'.

Predictor device: cuda:0
Target device: cuda:0
Alphas device: cpu
PC index 117 correlation: 0.1871
Running analysis for PC index 118
Centering data before using scikit-learn on GPU
NOTE: Using GPU for ridge regression.
Warning: RidgeCV with fit_intercept=False please center data before using this function. If you want to use fit_intercept=True, please set device=None or device='cpu'.

Predictor device: cuda:0
Target device: cuda:0
Alphas device: cpu
PC index 118 correlation: 0.1813
Running analysis for PC index 119
Centering data before using scikit-learn on GPU
NOTE: Using GPU for ridge regression.
Warning: RidgeCV with fit_intercept=False please center data before using this function. If you want to use fit_intercept=True, please set device=None or device='cpu'.

Predictor device: cuda:0
Target device: cuda:0
Alphas device: cpu
PC index 119 correlation: 0.2394
Running analysis for PC index 120
Centering data before using scikit-learn on GPU
NOTE: Using GPU for ridge regression.
Warning: RidgeCV with fit_intercept=False please center data before using this function. If you want to use fit_intercept=True, please set device=None or device='cpu'.

Predictor device: cuda:0
Target device: cuda:0
Alphas device: cpu
PC index 120 correlation: 0.1699
Running analysis for PC index 121
Centering data before using scikit-learn on GPU
NOTE: Using GPU for ridge regression.
Warning: RidgeCV with fit_intercept=False please center data before using this function. If you want to use fit_intercept=True, please set device=None or device='cpu'.

Predictor device: cuda:0
Target device: cuda:0
Alphas device: cpu
PC index 121 correlation: 0.1588
Running analysis for PC index 122
Centering data before using scikit-learn on GPU
NOTE: Using GPU for ridge regression.
Warning: RidgeCV with fit_intercept=False please center data before using this function. If you want to use fit_intercept=True, please set device=None or device='cpu'.

Predictor device: cuda:0
Target device: cuda:0
Alphas device: cpu
PC index 122 correlation: 0.2604
Running analysis for PC index 123
Centering data before using scikit-learn on GPU
NOTE: Using GPU for ridge regression.
Warning: RidgeCV with fit_intercept=False please center data before using this function. If you want to use fit_intercept=True, please set device=None or device='cpu'.

Predictor device: cuda:0
Target device: cuda:0
Alphas device: cpu
PC index 123 correlation: 0.1592
Running analysis for PC index 124
Centering data before using scikit-learn on GPU
NOTE: Using GPU for ridge regression.
Warning: RidgeCV with fit_intercept=False please center data before using this function. If you want to use fit_intercept=True, please set device=None or device='cpu'.

Predictor device: cuda:0
Target device: cuda:0
Alphas device: cpu
PC index 124 correlation: 0.1192
Running analysis for PC index 125
Centering data before using scikit-learn on GPU
NOTE: Using GPU for ridge regression.
Warning: RidgeCV with fit_intercept=False please center data before using this function. If you want to use fit_intercept=True, please set device=None or device='cpu'.

Predictor device: cuda:0
Target device: cuda:0
Alphas device: cpu
PC index 125 correlation: 0.2219
Running analysis for PC index 126
Centering data before using scikit-learn on GPU
NOTE: Using GPU for ridge regression.
Warning: RidgeCV with fit_intercept=False please center data before using this function. If you want to use fit_intercept=True, please set device=None or device='cpu'.

Predictor device: cuda:0
Target device: cuda:0
Alphas device: cpu
PC index 126 correlation: 0.1708
Running analysis for PC index 127
Centering data before using scikit-learn on GPU
NOTE: Using GPU for ridge regression.
Warning: RidgeCV with fit_intercept=False please center data before using this function. If you want to use fit_intercept=True, please set device=None or device='cpu'.

Predictor device: cuda:0
Target device: cuda:0
Alphas device: cpu
PC index 127 correlation: 0.1750
Running analysis for PC index 128
Centering data before using scikit-learn on GPU
NOTE: Using GPU for ridge regression.
Warning: RidgeCV with fit_intercept=False please center data before using this function. If you want to use fit_intercept=True, please set device=None or device='cpu'.

Predictor device: cuda:0
Target device: cuda:0
Alphas device: cpu
PC index 128 correlation: 0.2168
Running analysis for PC index 129
Centering data before using scikit-learn on GPU
NOTE: Using GPU for ridge regression.
Warning: RidgeCV with fit_intercept=False please center data before using this function. If you want to use fit_intercept=True, please set device=None or device='cpu'.

Predictor device: cuda:0
Target device: cuda:0
Alphas device: cpu
PC index 129 correlation: 0.2396
Running analysis for PC index 130
Centering data before using scikit-learn on GPU
NOTE: Using GPU for ridge regression.
Warning: RidgeCV with fit_intercept=False please center data before using this function. If you want to use fit_intercept=True, please set device=None or device='cpu'.

Predictor device: cuda:0
Target device: cuda:0
Alphas device: cpu
PC index 130 correlation: 0.2318
Running analysis for PC index 131
Centering data before using scikit-learn on GPU
NOTE: Using GPU for ridge regression.
Warning: RidgeCV with fit_intercept=False please center data before using this function. If you want to use fit_intercept=True, please set device=None or device='cpu'.

Predictor device: cuda:0
Target device: cuda:0
Alphas device: cpu
PC index 131 correlation: 0.1310
Running analysis for PC index 132
Centering data before using scikit-learn on GPU
NOTE: Using GPU for ridge regression.
Warning: RidgeCV with fit_intercept=False please center data before using this function. If you want to use fit_intercept=True, please set device=None or device='cpu'.

Predictor device: cuda:0
Target device: cuda:0
Alphas device: cpu
PC index 132 correlation: 0.2293
Running analysis for PC index 133
Centering data before using scikit-learn on GPU
NOTE: Using GPU for ridge regression.
Warning: RidgeCV with fit_intercept=False please center data before using this function. If you want to use fit_intercept=True, please set device=None or device='cpu'.

Predictor device: cuda:0
Target device: cuda:0
Alphas device: cpu
PC index 133 correlation: 0.1576
Running analysis for PC index 134
Centering data before using scikit-learn on GPU
NOTE: Using GPU for ridge regression.
Warning: RidgeCV with fit_intercept=False please center data before using this function. If you want to use fit_intercept=True, please set device=None or device='cpu'.

Predictor device: cuda:0
Target device: cuda:0
Alphas device: cpu
PC index 134 correlation: 0.1433
Running analysis for PC index 135
Centering data before using scikit-learn on GPU
NOTE: Using GPU for ridge regression.
Warning: RidgeCV with fit_intercept=False please center data before using this function. If you want to use fit_intercept=True, please set device=None or device='cpu'.

Predictor device: cuda:0
Target device: cuda:0
Alphas device: cpu
PC index 135 correlation: 0.2364
Running analysis for PC index 136
Centering data before using scikit-learn on GPU
NOTE: Using GPU for ridge regression.
Warning: RidgeCV with fit_intercept=False please center data before using this function. If you want to use fit_intercept=True, please set device=None or device='cpu'.

Predictor device: cuda:0
Target device: cuda:0
Alphas device: cpu
PC index 136 correlation: 0.1403
Running analysis for PC index 137
Centering data before using scikit-learn on GPU
NOTE: Using GPU for ridge regression.
Warning: RidgeCV with fit_intercept=False please center data before using this function. If you want to use fit_intercept=True, please set device=None or device='cpu'.

Predictor device: cuda:0
Target device: cuda:0
Alphas device: cpu
PC index 137 correlation: 0.1977
Running analysis for PC index 138
Centering data before using scikit-learn on GPU
NOTE: Using GPU for ridge regression.
Warning: RidgeCV with fit_intercept=False please center data before using this function. If you want to use fit_intercept=True, please set device=None or device='cpu'.

Predictor device: cuda:0
Target device: cuda:0
Alphas device: cpu
PC index 138 correlation: 0.1431
Running analysis for PC index 139
Centering data before using scikit-learn on GPU
NOTE: Using GPU for ridge regression.
Warning: RidgeCV with fit_intercept=False please center data before using this function. If you want to use fit_intercept=True, please set device=None or device='cpu'.

Predictor device: cuda:0
Target device: cuda:0
Alphas device: cpu
PC index 139 correlation: 0.2047
Running analysis for PC index 140
Centering data before using scikit-learn on GPU
NOTE: Using GPU for ridge regression.
Warning: RidgeCV with fit_intercept=False please center data before using this function. If you want to use fit_intercept=True, please set device=None or device='cpu'.

Predictor device: cuda:0
Target device: cuda:0
Alphas device: cpu
PC index 140 correlation: 0.1749
Running analysis for PC index 141
Centering data before using scikit-learn on GPU
NOTE: Using GPU for ridge regression.
Warning: RidgeCV with fit_intercept=False please center data before using this function. If you want to use fit_intercept=True, please set device=None or device='cpu'.

Predictor device: cuda:0
Target device: cuda:0
Alphas device: cpu
PC index 141 correlation: 0.1738
Running analysis for PC index 142
Centering data before using scikit-learn on GPU
NOTE: Using GPU for ridge regression.
Warning: RidgeCV with fit_intercept=False please center data before using this function. If you want to use fit_intercept=True, please set device=None or device='cpu'.

Predictor device: cuda:0
Target device: cuda:0
Alphas device: cpu
PC index 142 correlation: 0.1571
Running analysis for PC index 143
Centering data before using scikit-learn on GPU
NOTE: Using GPU for ridge regression.
Warning: RidgeCV with fit_intercept=False please center data before using this function. If you want to use fit_intercept=True, please set device=None or device='cpu'.

Predictor device: cuda:0
Target device: cuda:0
Alphas device: cpu
PC index 143 correlation: 0.1554
Running analysis for PC index 144
Centering data before using scikit-learn on GPU
NOTE: Using GPU for ridge regression.
Warning: RidgeCV with fit_intercept=False please center data before using this function. If you want to use fit_intercept=True, please set device=None or device='cpu'.

Predictor device: cuda:0
Target device: cuda:0
Alphas device: cpu
PC index 144 correlation: 0.1635
Running analysis for PC index 145
Centering data before using scikit-learn on GPU
NOTE: Using GPU for ridge regression.
Warning: RidgeCV with fit_intercept=False please center data before using this function. If you want to use fit_intercept=True, please set device=None or device='cpu'.

Predictor device: cuda:0
Target device: cuda:0
Alphas device: cpu
PC index 145 correlation: 0.2149
Running analysis for PC index 146
Centering data before using scikit-learn on GPU
NOTE: Using GPU for ridge regression.
Warning: RidgeCV with fit_intercept=False please center data before using this function. If you want to use fit_intercept=True, please set device=None or device='cpu'.

Predictor device: cuda:0
Target device: cuda:0
Alphas device: cpu
PC index 146 correlation: 0.1726
Running analysis for PC index 147
Centering data before using scikit-learn on GPU
NOTE: Using GPU for ridge regression.
Warning: RidgeCV with fit_intercept=False please center data before using this function. If you want to use fit_intercept=True, please set device=None or device='cpu'.

Predictor device: cuda:0
Target device: cuda:0
Alphas device: cpu
PC index 147 correlation: 0.1634
Running analysis for PC index 148
Centering data before using scikit-learn on GPU
NOTE: Using GPU for ridge regression.
Warning: RidgeCV with fit_intercept=False please center data before using this function. If you want to use fit_intercept=True, please set device=None or device='cpu'.

Predictor device: cuda:0
Target device: cuda:0
Alphas device: cpu
PC index 148 correlation: 0.1884
Running analysis for PC index 149
Centering data before using scikit-learn on GPU
NOTE: Using GPU for ridge regression.
Warning: RidgeCV with fit_intercept=False please center data before using this function. If you want to use fit_intercept=True, please set device=None or device='cpu'.

Predictor device: cuda:0
Target device: cuda:0
Alphas device: cpu
PC index 149 correlation: 0.2118
Running analysis for PC index 150
Centering data before using scikit-learn on GPU
NOTE: Using GPU for ridge regression.
Warning: RidgeCV with fit_intercept=False please center data before using this function. If you want to use fit_intercept=True, please set device=None or device='cpu'.

Predictor device: cuda:0
Target device: cuda:0
Alphas device: cpu
PC index 150 correlation: 0.2091
Running analysis for PC index 151
Centering data before using scikit-learn on GPU
NOTE: Using GPU for ridge regression.
Warning: RidgeCV with fit_intercept=False please center data before using this function. If you want to use fit_intercept=True, please set device=None or device='cpu'.

Predictor device: cuda:0
Target device: cuda:0
Alphas device: cpu
PC index 151 correlation: 0.1864
Running analysis for PC index 152
Centering data before using scikit-learn on GPU
NOTE: Using GPU for ridge regression.
Warning: RidgeCV with fit_intercept=False please center data before using this function. If you want to use fit_intercept=True, please set device=None or device='cpu'.

Predictor device: cuda:0
Target device: cuda:0
Alphas device: cpu
PC index 152 correlation: 0.1179
Running analysis for PC index 153
Centering data before using scikit-learn on GPU
NOTE: Using GPU for ridge regression.
Warning: RidgeCV with fit_intercept=False please center data before using this function. If you want to use fit_intercept=True, please set device=None or device='cpu'.

Predictor device: cuda:0
Target device: cuda:0
Alphas device: cpu
PC index 153 correlation: 0.1347
Running analysis for PC index 154
Centering data before using scikit-learn on GPU
NOTE: Using GPU for ridge regression.
Warning: RidgeCV with fit_intercept=False please center data before using this function. If you want to use fit_intercept=True, please set device=None or device='cpu'.

Predictor device: cuda:0
Target device: cuda:0
Alphas device: cpu
PC index 154 correlation: 0.0998
Running analysis for PC index 155
Centering data before using scikit-learn on GPU
NOTE: Using GPU for ridge regression.
Warning: RidgeCV with fit_intercept=False please center data before using this function. If you want to use fit_intercept=True, please set device=None or device='cpu'.

Predictor device: cuda:0
Target device: cuda:0
Alphas device: cpu
PC index 155 correlation: 0.0936
Running analysis for PC index 156
Centering data before using scikit-learn on GPU
NOTE: Using GPU for ridge regression.
Warning: RidgeCV with fit_intercept=False please center data before using this function. If you want to use fit_intercept=True, please set device=None or device='cpu'.

Predictor device: cuda:0
Target device: cuda:0
Alphas device: cpu
PC index 156 correlation: 0.1188
Running analysis for PC index 157
Centering data before using scikit-learn on GPU
NOTE: Using GPU for ridge regression.
Warning: RidgeCV with fit_intercept=False please center data before using this function. If you want to use fit_intercept=True, please set device=None or device='cpu'.

Predictor device: cuda:0
Target device: cuda:0
Alphas device: cpu
PC index 157 correlation: 0.1651
Running analysis for PC index 158
Centering data before using scikit-learn on GPU
NOTE: Using GPU for ridge regression.
Warning: RidgeCV with fit_intercept=False please center data before using this function. If you want to use fit_intercept=True, please set device=None or device='cpu'.

Predictor device: cuda:0
Target device: cuda:0
Alphas device: cpu
PC index 158 correlation: 0.1578
Running analysis for PC index 159
Centering data before using scikit-learn on GPU
NOTE: Using GPU for ridge regression.
Warning: RidgeCV with fit_intercept=False please center data before using this function. If you want to use fit_intercept=True, please set device=None or device='cpu'.

Predictor device: cuda:0
Target device: cuda:0
Alphas device: cpu
PC index 159 correlation: 0.1898
Running analysis for PC index 160
Centering data before using scikit-learn on GPU
NOTE: Using GPU for ridge regression.
Warning: RidgeCV with fit_intercept=False please center data before using this function. If you want to use fit_intercept=True, please set device=None or device='cpu'.

Predictor device: cuda:0
Target device: cuda:0
Alphas device: cpu
PC index 160 correlation: 0.0976
Running analysis for PC index 161
Centering data before using scikit-learn on GPU
NOTE: Using GPU for ridge regression.
Warning: RidgeCV with fit_intercept=False please center data before using this function. If you want to use fit_intercept=True, please set device=None or device='cpu'.

Predictor device: cuda:0
Target device: cuda:0
Alphas device: cpu
PC index 161 correlation: 0.1924
Running analysis for PC index 162
Centering data before using scikit-learn on GPU
NOTE: Using GPU for ridge regression.
Warning: RidgeCV with fit_intercept=False please center data before using this function. If you want to use fit_intercept=True, please set device=None or device='cpu'.

Predictor device: cuda:0
Target device: cuda:0
Alphas device: cpu
PC index 162 correlation: 0.2122
Running analysis for PC index 163
Centering data before using scikit-learn on GPU
NOTE: Using GPU for ridge regression.
Warning: RidgeCV with fit_intercept=False please center data before using this function. If you want to use fit_intercept=True, please set device=None or device='cpu'.

Predictor device: cuda:0
Target device: cuda:0
Alphas device: cpu
PC index 163 correlation: 0.2428
Running analysis for PC index 164
Centering data before using scikit-learn on GPU
NOTE: Using GPU for ridge regression.
Warning: RidgeCV with fit_intercept=False please center data before using this function. If you want to use fit_intercept=True, please set device=None or device='cpu'.

Predictor device: cuda:0
Target device: cuda:0
Alphas device: cpu
PC index 164 correlation: 0.1807
Running analysis for PC index 165
Centering data before using scikit-learn on GPU
NOTE: Using GPU for ridge regression.
Warning: RidgeCV with fit_intercept=False please center data before using this function. If you want to use fit_intercept=True, please set device=None or device='cpu'.

Predictor device: cuda:0
Target device: cuda:0
Alphas device: cpu
PC index 165 correlation: 0.1672
Running analysis for PC index 166
Centering data before using scikit-learn on GPU
NOTE: Using GPU for ridge regression.
Warning: RidgeCV with fit_intercept=False please center data before using this function. If you want to use fit_intercept=True, please set device=None or device='cpu'.

Predictor device: cuda:0
Target device: cuda:0
Alphas device: cpu
PC index 166 correlation: 0.1999
Running analysis for PC index 167
Centering data before using scikit-learn on GPU
NOTE: Using GPU for ridge regression.
Warning: RidgeCV with fit_intercept=False please center data before using this function. If you want to use fit_intercept=True, please set device=None or device='cpu'.

Predictor device: cuda:0
Target device: cuda:0
Alphas device: cpu
PC index 167 correlation: 0.1749
Running analysis for PC index 168
Centering data before using scikit-learn on GPU
NOTE: Using GPU for ridge regression.
Warning: RidgeCV with fit_intercept=False please center data before using this function. If you want to use fit_intercept=True, please set device=None or device='cpu'.

Predictor device: cuda:0
Target device: cuda:0
Alphas device: cpu
PC index 168 correlation: 0.1490
Running analysis for PC index 169
Centering data before using scikit-learn on GPU
NOTE: Using GPU for ridge regression.
Warning: RidgeCV with fit_intercept=False please center data before using this function. If you want to use fit_intercept=True, please set device=None or device='cpu'.

Predictor device: cuda:0
Target device: cuda:0
Alphas device: cpu
PC index 169 correlation: 0.1513
Running analysis for PC index 170
Centering data before using scikit-learn on GPU
NOTE: Using GPU for ridge regression.
Warning: RidgeCV with fit_intercept=False please center data before using this function. If you want to use fit_intercept=True, please set device=None or device='cpu'.

Predictor device: cuda:0
Target device: cuda:0
Alphas device: cpu
PC index 170 correlation: 0.2021
Running analysis for PC index 171
Centering data before using scikit-learn on GPU
NOTE: Using GPU for ridge regression.
Warning: RidgeCV with fit_intercept=False please center data before using this function. If you want to use fit_intercept=True, please set device=None or device='cpu'.

Predictor device: cuda:0
Target device: cuda:0
Alphas device: cpu
PC index 171 correlation: 0.1996
Running analysis for PC index 172
Centering data before using scikit-learn on GPU
NOTE: Using GPU for ridge regression.
Warning: RidgeCV with fit_intercept=False please center data before using this function. If you want to use fit_intercept=True, please set device=None or device='cpu'.

Predictor device: cuda:0
Target device: cuda:0
Alphas device: cpu
PC index 172 correlation: 0.2448
Running analysis for PC index 173
Centering data before using scikit-learn on GPU
NOTE: Using GPU for ridge regression.
Warning: RidgeCV with fit_intercept=False please center data before using this function. If you want to use fit_intercept=True, please set device=None or device='cpu'.

Predictor device: cuda:0
Target device: cuda:0
Alphas device: cpu
PC index 173 correlation: 0.1265
Running analysis for PC index 174
Centering data before using scikit-learn on GPU
NOTE: Using GPU for ridge regression.
Warning: RidgeCV with fit_intercept=False please center data before using this function. If you want to use fit_intercept=True, please set device=None or device='cpu'.

Predictor device: cuda:0
Target device: cuda:0
Alphas device: cpu
PC index 174 correlation: 0.2215
Running analysis for PC index 175
Centering data before using scikit-learn on GPU
NOTE: Using GPU for ridge regression.
Warning: RidgeCV with fit_intercept=False please center data before using this function. If you want to use fit_intercept=True, please set device=None or device='cpu'.

Predictor device: cuda:0
Target device: cuda:0
Alphas device: cpu
PC index 175 correlation: 0.1483
Running analysis for PC index 176
Centering data before using scikit-learn on GPU
NOTE: Using GPU for ridge regression.
Warning: RidgeCV with fit_intercept=False please center data before using this function. If you want to use fit_intercept=True, please set device=None or device='cpu'.

Predictor device: cuda:0
Target device: cuda:0
Alphas device: cpu
PC index 176 correlation: 0.0881
Running analysis for PC index 177
Centering data before using scikit-learn on GPU
NOTE: Using GPU for ridge regression.
Warning: RidgeCV with fit_intercept=False please center data before using this function. If you want to use fit_intercept=True, please set device=None or device='cpu'.

Predictor device: cuda:0
Target device: cuda:0
Alphas device: cpu
PC index 177 correlation: 0.1040
Running analysis for PC index 178
Centering data before using scikit-learn on GPU
NOTE: Using GPU for ridge regression.
Warning: RidgeCV with fit_intercept=False please center data before using this function. If you want to use fit_intercept=True, please set device=None or device='cpu'.

Predictor device: cuda:0
Target device: cuda:0
Alphas device: cpu
PC index 178 correlation: 0.0674
Running analysis for PC index 179
Centering data before using scikit-learn on GPU
NOTE: Using GPU for ridge regression.
Warning: RidgeCV with fit_intercept=False please center data before using this function. If you want to use fit_intercept=True, please set device=None or device='cpu'.

Predictor device: cuda:0
Target device: cuda:0
Alphas device: cpu
PC index 179 correlation: 0.2201
Running analysis for PC index 180
Centering data before using scikit-learn on GPU
NOTE: Using GPU for ridge regression.
Warning: RidgeCV with fit_intercept=False please center data before using this function. If you want to use fit_intercept=True, please set device=None or device='cpu'.

Predictor device: cuda:0
Target device: cuda:0
Alphas device: cpu
PC index 180 correlation: 0.1091
Running analysis for PC index 181
Centering data before using scikit-learn on GPU
NOTE: Using GPU for ridge regression.
Warning: RidgeCV with fit_intercept=False please center data before using this function. If you want to use fit_intercept=True, please set device=None or device='cpu'.

Predictor device: cuda:0
Target device: cuda:0
Alphas device: cpu
PC index 181 correlation: 0.1080
Running analysis for PC index 182
Centering data before using scikit-learn on GPU
NOTE: Using GPU for ridge regression.
Warning: RidgeCV with fit_intercept=False please center data before using this function. If you want to use fit_intercept=True, please set device=None or device='cpu'.

Predictor device: cuda:0
Target device: cuda:0
Alphas device: cpu
PC index 182 correlation: 0.1737
Running analysis for PC index 183
Centering data before using scikit-learn on GPU
NOTE: Using GPU for ridge regression.
Warning: RidgeCV with fit_intercept=False please center data before using this function. If you want to use fit_intercept=True, please set device=None or device='cpu'.

Predictor device: cuda:0
Target device: cuda:0
Alphas device: cpu
PC index 183 correlation: 0.1506
Running analysis for PC index 184
Centering data before using scikit-learn on GPU
NOTE: Using GPU for ridge regression.
Warning: RidgeCV with fit_intercept=False please center data before using this function. If you want to use fit_intercept=True, please set device=None or device='cpu'.

Predictor device: cuda:0
Target device: cuda:0
Alphas device: cpu
PC index 184 correlation: 0.1778
Running analysis for PC index 185
Centering data before using scikit-learn on GPU
NOTE: Using GPU for ridge regression.
Warning: RidgeCV with fit_intercept=False please center data before using this function. If you want to use fit_intercept=True, please set device=None or device='cpu'.

Predictor device: cuda:0
Target device: cuda:0
Alphas device: cpu
PC index 185 correlation: 0.1362
Running analysis for PC index 186
Centering data before using scikit-learn on GPU
NOTE: Using GPU for ridge regression.
Warning: RidgeCV with fit_intercept=False please center data before using this function. If you want to use fit_intercept=True, please set device=None or device='cpu'.

Predictor device: cuda:0
Target device: cuda:0
Alphas device: cpu
PC index 186 correlation: 0.1011
Running analysis for PC index 187
Centering data before using scikit-learn on GPU
NOTE: Using GPU for ridge regression.
Warning: RidgeCV with fit_intercept=False please center data before using this function. If you want to use fit_intercept=True, please set device=None or device='cpu'.

Predictor device: cuda:0
Target device: cuda:0
Alphas device: cpu
PC index 187 correlation: 0.1930
Running analysis for PC index 188
Centering data before using scikit-learn on GPU
NOTE: Using GPU for ridge regression.
Warning: RidgeCV with fit_intercept=False please center data before using this function. If you want to use fit_intercept=True, please set device=None or device='cpu'.

Predictor device: cuda:0
Target device: cuda:0
Alphas device: cpu
PC index 188 correlation: 0.1765
Running analysis for PC index 189
Centering data before using scikit-learn on GPU
NOTE: Using GPU for ridge regression.
Warning: RidgeCV with fit_intercept=False please center data before using this function. If you want to use fit_intercept=True, please set device=None or device='cpu'.

Predictor device: cuda:0
Target device: cuda:0
Alphas device: cpu
PC index 189 correlation: 0.1533
Running analysis for PC index 190
Centering data before using scikit-learn on GPU
NOTE: Using GPU for ridge regression.
Warning: RidgeCV with fit_intercept=False please center data before using this function. If you want to use fit_intercept=True, please set device=None or device='cpu'.

Predictor device: cuda:0
Target device: cuda:0
Alphas device: cpu
PC index 190 correlation: 0.1771
Running analysis for PC index 191
Centering data before using scikit-learn on GPU
NOTE: Using GPU for ridge regression.
Warning: RidgeCV with fit_intercept=False please center data before using this function. If you want to use fit_intercept=True, please set device=None or device='cpu'.

Predictor device: cuda:0
Target device: cuda:0
Alphas device: cpu
PC index 191 correlation: 0.1635
Running analysis for PC index 192
Centering data before using scikit-learn on GPU
NOTE: Using GPU for ridge regression.
Warning: RidgeCV with fit_intercept=False please center data before using this function. If you want to use fit_intercept=True, please set device=None or device='cpu'.

Predictor device: cuda:0
Target device: cuda:0
Alphas device: cpu
PC index 192 correlation: 0.1298
Running analysis for PC index 193
Centering data before using scikit-learn on GPU
NOTE: Using GPU for ridge regression.
Warning: RidgeCV with fit_intercept=False please center data before using this function. If you want to use fit_intercept=True, please set device=None or device='cpu'.

Predictor device: cuda:0
Target device: cuda:0
Alphas device: cpu
PC index 193 correlation: 0.0834
Running analysis for PC index 194
Centering data before using scikit-learn on GPU
NOTE: Using GPU for ridge regression.
Warning: RidgeCV with fit_intercept=False please center data before using this function. If you want to use fit_intercept=True, please set device=None or device='cpu'.

Predictor device: cuda:0
Target device: cuda:0
Alphas device: cpu
PC index 194 correlation: 0.1206
Running analysis for PC index 195
Centering data before using scikit-learn on GPU
NOTE: Using GPU for ridge regression.
Warning: RidgeCV with fit_intercept=False please center data before using this function. If you want to use fit_intercept=True, please set device=None or device='cpu'.

Predictor device: cuda:0
Target device: cuda:0
Alphas device: cpu
PC index 195 correlation: 0.1511
Running analysis for PC index 196
Centering data before using scikit-learn on GPU
NOTE: Using GPU for ridge regression.
Warning: RidgeCV with fit_intercept=False please center data before using this function. If you want to use fit_intercept=True, please set device=None or device='cpu'.

Predictor device: cuda:0
Target device: cuda:0
Alphas device: cpu
PC index 196 correlation: 0.1883
Running analysis for PC index 197
Centering data before using scikit-learn on GPU
NOTE: Using GPU for ridge regression.
Warning: RidgeCV with fit_intercept=False please center data before using this function. If you want to use fit_intercept=True, please set device=None or device='cpu'.

Predictor device: cuda:0
Target device: cuda:0
Alphas device: cpu
PC index 197 correlation: 0.1365
Running analysis for PC index 198
Centering data before using scikit-learn on GPU
NOTE: Using GPU for ridge regression.
Warning: RidgeCV with fit_intercept=False please center data before using this function. If you want to use fit_intercept=True, please set device=None or device='cpu'.

Predictor device: cuda:0
Target device: cuda:0
Alphas device: cpu
PC index 198 correlation: 0.1570
Running analysis for PC index 199
Centering data before using scikit-learn on GPU
NOTE: Using GPU for ridge regression.
Warning: RidgeCV with fit_intercept=False please center data before using this function. If you want to use fit_intercept=True, please set device=None or device='cpu'.

Predictor device: cuda:0
Target device: cuda:0
Alphas device: cpu
PC index 199 correlation: 0.2029
Saved resnet50_classification correlations to /home/ohadshee/Desktop/Partial-Information-Decomposition/pipeline/analysis/ridge_analysis/GPU_200_pcs_correlations_by_model.csv 😀
Starting model: semnasnet_100_classification
Number of images: 73000
Image shape: (425, 425, 3), dtype: uint8
nsdID shape: (73000,), Shared1000 shape: (73000,)
Neural data shape: (10000, 8088)
Image IDs shape: (10000,)
Number of voxels: 8088
Number of projections for SRP: 7894

Loaded target with shape (10000, 8088).
Model options for semnasnet_100_classification: {'model_name': 'semnasnet_100', 'train_type': 'classification', 'train_data': 'imagenet', 'model_source': 'timm', 'call': "get_timm_model('semnasnet_100', pretrained = True)"}
Image transforms for semnasnet_100_classification: Compose(
    Resize(size=(224, 224), interpolation=bicubic, max_size=None, antialias=True)
    MaybeToTensor()
    Normalize(mean=tensor([0.4850, 0.4560, 0.4060]), std=tensor([0.2290, 0.2240, 0.2250]))
)
Loaded model: semnasnet_100_classification
Ordered layers from model: ['Conv2d-1', 'Identity-1', 'ReLU-1', 'BatchNormAct2d-1', 'Conv2d-2', 'Identity-2', 'ReLU-2', 'BatchNormAct2d-2', 'Identity-3', 'Identity-4', 'Conv2d-3', 'Identity-5', 'Identity-6', 'BatchNormAct2d-3', 'DepthwiseSeparableConv-1', 'Conv2d-4', 'Identity-7', 'ReLU-3', 'BatchNormAct2d-4', 'Conv2d-5', 'Identity-8', 'ReLU-4', 'BatchNormAct2d-5', 'Identity-9', 'Identity-10', 'Conv2d-6', 'Identity-11', 'Identity-12', 'BatchNormAct2d-6', 'InvertedResidual-1', 'Conv2d-7', 'Identity-13', 'ReLU-5', 'BatchNormAct2d-7', 'Conv2d-8', 'Identity-14', 'ReLU-6', 'BatchNormAct2d-8', 'Identity-15', 'Identity-16', 'Conv2d-9', 'Identity-17', 'Identity-18', 'BatchNormAct2d-9', 'Identity-19', 'InvertedResidual-2', 'Conv2d-10', 'Identity-20', 'ReLU-7', 'BatchNormAct2d-10', 'Conv2d-11', 'Identity-21', 'ReLU-8', 'BatchNormAct2d-11', 'Identity-22', 'Conv2d-12', 'ReLU-9', 'Conv2d-13', 'Sigmoid-1', 'SqueezeExcite-1', 'Conv2d-14', 'Identity-23', 'Identity-24', 'BatchNormAct2d-12', 'InvertedResidual-3', 'Conv2d-15', 'Identity-25', 'ReLU-10', 'BatchNormAct2d-13', 'Conv2d-16', 'Identity-26', 'ReLU-11', 'BatchNormAct2d-14', 'Identity-27', 'Conv2d-17', 'ReLU-12', 'Conv2d-18', 'Sigmoid-2', 'SqueezeExcite-2', 'Conv2d-19', 'Identity-28', 'Identity-29', 'BatchNormAct2d-15', 'Identity-30', 'InvertedResidual-4', 'Conv2d-20', 'Identity-31', 'ReLU-13', 'BatchNormAct2d-16', 'Conv2d-21', 'Identity-32', 'ReLU-14', 'BatchNormAct2d-17', 'Identity-33', 'Conv2d-22', 'ReLU-15', 'Conv2d-23', 'Sigmoid-3', 'SqueezeExcite-3', 'Conv2d-24', 'Identity-34', 'Identity-35', 'BatchNormAct2d-18', 'Identity-36', 'InvertedResidual-5', 'Conv2d-25', 'Identity-37', 'ReLU-16', 'BatchNormAct2d-19', 'Conv2d-26', 'Identity-38', 'ReLU-17', 'BatchNormAct2d-20', 'Identity-39', 'Identity-40', 'Conv2d-27', 'Identity-41', 'Identity-42', 'BatchNormAct2d-21', 'InvertedResidual-6', 'Conv2d-28', 'Identity-43', 'ReLU-18', 'BatchNormAct2d-22', 'Conv2d-29', 'Identity-44', 'ReLU-19', 'BatchNormAct2d-23', 'Identity-45', 'Identity-46', 'Conv2d-30', 'Identity-47', 'Identity-48', 'BatchNormAct2d-24', 'Identity-49', 'InvertedResidual-7', 'Conv2d-31', 'Identity-50', 'ReLU-20', 'BatchNormAct2d-25', 'Conv2d-32', 'Identity-51', 'ReLU-21', 'BatchNormAct2d-26', 'Identity-52', 'Identity-53', 'Conv2d-33', 'Identity-54', 'Identity-55', 'BatchNormAct2d-27', 'Identity-56', 'InvertedResidual-8', 'Conv2d-34', 'Identity-57', 'ReLU-22', 'BatchNormAct2d-28', 'Conv2d-35', 'Identity-58', 'ReLU-23', 'BatchNormAct2d-29', 'Identity-59', 'Identity-60', 'Conv2d-36', 'Identity-61', 'Identity-62', 'BatchNormAct2d-30', 'Identity-63', 'InvertedResidual-9', 'Conv2d-37', 'Identity-64', 'ReLU-24', 'BatchNormAct2d-31', 'Conv2d-38', 'Identity-65', 'ReLU-25', 'BatchNormAct2d-32', 'Identity-66', 'Conv2d-39', 'ReLU-26', 'Conv2d-40', 'Sigmoid-4', 'SqueezeExcite-4', 'Conv2d-41', 'Identity-67', 'Identity-68', 'BatchNormAct2d-33', 'InvertedResidual-10', 'Conv2d-42', 'Identity-69', 'ReLU-27', 'BatchNormAct2d-34', 'Conv2d-43', 'Identity-70', 'ReLU-28', 'BatchNormAct2d-35', 'Identity-71', 'Conv2d-44', 'ReLU-29', 'Conv2d-45', 'Sigmoid-5', 'SqueezeExcite-5', 'Conv2d-46', 'Identity-72', 'Identity-73', 'BatchNormAct2d-36', 'Identity-74', 'InvertedResidual-11', 'Conv2d-47', 'Identity-75', 'ReLU-30', 'BatchNormAct2d-37', 'Conv2d-48', 'Identity-76', 'ReLU-31', 'BatchNormAct2d-38', 'Identity-77', 'Conv2d-49', 'ReLU-32', 'Conv2d-50', 'Sigmoid-6', 'SqueezeExcite-6', 'Conv2d-51', 'Identity-78', 'Identity-79', 'BatchNormAct2d-39', 'InvertedResidual-12', 'Conv2d-52', 'Identity-80', 'ReLU-33', 'BatchNormAct2d-40', 'Conv2d-53', 'Identity-81', 'ReLU-34', 'BatchNormAct2d-41', 'Identity-82', 'Conv2d-54', 'ReLU-35', 'Conv2d-55', 'Sigmoid-7', 'SqueezeExcite-7', 'Conv2d-56', 'Identity-83', 'Identity-84', 'BatchNormAct2d-42', 'Identity-85', 'InvertedResidual-13', 'Conv2d-57', 'Identity-86', 'ReLU-36', 'BatchNormAct2d-43', 'Conv2d-58', 'Identity-87', 'ReLU-37', 'BatchNormAct2d-44', 'Identity-88', 'Conv2d-59', 'ReLU-38', 'Conv2d-60', 'Sigmoid-8', 'SqueezeExcite-8', 'Conv2d-61', 'Identity-89', 'Identity-90', 'BatchNormAct2d-45', 'Identity-91', 'InvertedResidual-14', 'Conv2d-62', 'Identity-92', 'ReLU-39', 'BatchNormAct2d-46', 'Conv2d-63', 'Identity-93', 'ReLU-40', 'BatchNormAct2d-47', 'Identity-94', 'Identity-95', 'Conv2d-64', 'Identity-96', 'Identity-97', 'BatchNormAct2d-48', 'InvertedResidual-15', 'Conv2d-65', 'Identity-98', 'ReLU-41', 'BatchNormAct2d-49', 'AdaptiveAvgPool2d-1', 'Flatten-1', 'SelectAdaptivePool2d-1', 'Linear-1', 'EfficientNet-1']
Total number of layers: 290
Starting to extract features for semnasnet_100_classification at layer 270

==================================================
Processing layer: Conv2d-63 from model: semnasnet_100_classification

For model semnasnet_100_classification Layer Conv2d-63: Extracting features for 10000 images in batches of 128...
Feature extraction for model semnasnet_100_classification layer Conv2d-63 completed in 59.50 seconds.

Features shape: (10000, 47040), Train target shape: (9000, 200), Shared target shape: (1000, 200)
Running ridge regression for 200 PCs on model semnasnet_100_classification at layer 270
Running analysis for 200 PCs
Running analysis for PC index 0
Centering data before using scikit-learn on GPU
NOTE: Using GPU for ridge regression.
Warning: RidgeCV with fit_intercept=False please center data before using this function. If you want to use fit_intercept=True, please set device=None or device='cpu'.

Predictor device: cuda:0
Target device: cuda:0
Alphas device: cpu
PC index 0 correlation: 0.4590
Running analysis for PC index 1
Centering data before using scikit-learn on GPU
NOTE: Using GPU for ridge regression.
Warning: RidgeCV with fit_intercept=False please center data before using this function. If you want to use fit_intercept=True, please set device=None or device='cpu'.

Predictor device: cuda:0
Target device: cuda:0
Alphas device: cpu
PC index 1 correlation: 0.8184
Running analysis for PC index 2
Centering data before using scikit-learn on GPU
NOTE: Using GPU for ridge regression.
Warning: RidgeCV with fit_intercept=False please center data before using this function. If you want to use fit_intercept=True, please set device=None or device='cpu'.

Predictor device: cuda:0
Target device: cuda:0
Alphas device: cpu
PC index 2 correlation: 0.7095
Running analysis for PC index 3
Centering data before using scikit-learn on GPU
NOTE: Using GPU for ridge regression.
Warning: RidgeCV with fit_intercept=False please center data before using this function. If you want to use fit_intercept=True, please set device=None or device='cpu'.

Predictor device: cuda:0
Target device: cuda:0
Alphas device: cpu
PC index 3 correlation: 0.7061
Running analysis for PC index 4
Centering data before using scikit-learn on GPU
NOTE: Using GPU for ridge regression.
Warning: RidgeCV with fit_intercept=False please center data before using this function. If you want to use fit_intercept=True, please set device=None or device='cpu'.

Predictor device: cuda:0
Target device: cuda:0
Alphas device: cpu
PC index 4 correlation: 0.6875
Running analysis for PC index 5
Centering data before using scikit-learn on GPU
NOTE: Using GPU for ridge regression.
Warning: RidgeCV with fit_intercept=False please center data before using this function. If you want to use fit_intercept=True, please set device=None or device='cpu'.

Predictor device: cuda:0
Target device: cuda:0
Alphas device: cpu
PC index 5 correlation: 0.4886
Running analysis for PC index 6
Centering data before using scikit-learn on GPU
NOTE: Using GPU for ridge regression.
Warning: RidgeCV with fit_intercept=False please center data before using this function. If you want to use fit_intercept=True, please set device=None or device='cpu'.

Predictor device: cuda:0
Target device: cuda:0
Alphas device: cpu
PC index 6 correlation: 0.4596
Running analysis for PC index 7
Centering data before using scikit-learn on GPU
NOTE: Using GPU for ridge regression.
Warning: RidgeCV with fit_intercept=False please center data before using this function. If you want to use fit_intercept=True, please set device=None or device='cpu'.

Predictor device: cuda:0
Target device: cuda:0
Alphas device: cpu
PC index 7 correlation: 0.1917
Running analysis for PC index 8
Centering data before using scikit-learn on GPU
NOTE: Using GPU for ridge regression.
Warning: RidgeCV with fit_intercept=False please center data before using this function. If you want to use fit_intercept=True, please set device=None or device='cpu'.

Predictor device: cuda:0
Target device: cuda:0
Alphas device: cpu
PC index 8 correlation: 0.4891
Running analysis for PC index 9
Centering data before using scikit-learn on GPU
NOTE: Using GPU for ridge regression.
Warning: RidgeCV with fit_intercept=False please center data before using this function. If you want to use fit_intercept=True, please set device=None or device='cpu'.

Predictor device: cuda:0
Target device: cuda:0
Alphas device: cpu
PC index 9 correlation: 0.4913
Running analysis for PC index 10
Centering data before using scikit-learn on GPU
NOTE: Using GPU for ridge regression.
Warning: RidgeCV with fit_intercept=False please center data before using this function. If you want to use fit_intercept=True, please set device=None or device='cpu'.

Predictor device: cuda:0
Target device: cuda:0
Alphas device: cpu
PC index 10 correlation: 0.4380
Running analysis for PC index 11
Centering data before using scikit-learn on GPU
NOTE: Using GPU for ridge regression.
Warning: RidgeCV with fit_intercept=False please center data before using this function. If you want to use fit_intercept=True, please set device=None or device='cpu'.

Predictor device: cuda:0
Target device: cuda:0
Alphas device: cpu
PC index 11 correlation: 0.7175
Running analysis for PC index 12
Centering data before using scikit-learn on GPU
NOTE: Using GPU for ridge regression.
Warning: RidgeCV with fit_intercept=False please center data before using this function. If you want to use fit_intercept=True, please set device=None or device='cpu'.

Predictor device: cuda:0
Target device: cuda:0
Alphas device: cpu
PC index 12 correlation: 0.3269
Running analysis for PC index 13
Centering data before using scikit-learn on GPU
NOTE: Using GPU for ridge regression.
Warning: RidgeCV with fit_intercept=False please center data before using this function. If you want to use fit_intercept=True, please set device=None or device='cpu'.

Predictor device: cuda:0
Target device: cuda:0
Alphas device: cpu
PC index 13 correlation: 0.4307
Running analysis for PC index 14
Centering data before using scikit-learn on GPU
NOTE: Using GPU for ridge regression.
Warning: RidgeCV with fit_intercept=False please center data before using this function. If you want to use fit_intercept=True, please set device=None or device='cpu'.

Predictor device: cuda:0
Target device: cuda:0
Alphas device: cpu
PC index 14 correlation: 0.4754
Running analysis for PC index 15
Centering data before using scikit-learn on GPU
NOTE: Using GPU for ridge regression.
Warning: RidgeCV with fit_intercept=False please center data before using this function. If you want to use fit_intercept=True, please set device=None or device='cpu'.

Predictor device: cuda:0
Target device: cuda:0
Alphas device: cpu
PC index 15 correlation: 0.3475
Running analysis for PC index 16
Centering data before using scikit-learn on GPU
NOTE: Using GPU for ridge regression.
Warning: RidgeCV with fit_intercept=False please center data before using this function. If you want to use fit_intercept=True, please set device=None or device='cpu'.

Predictor device: cuda:0
Target device: cuda:0
Alphas device: cpu
PC index 16 correlation: 0.3749
Running analysis for PC index 17
Centering data before using scikit-learn on GPU
NOTE: Using GPU for ridge regression.
Warning: RidgeCV with fit_intercept=False please center data before using this function. If you want to use fit_intercept=True, please set device=None or device='cpu'.

Predictor device: cuda:0
Target device: cuda:0
Alphas device: cpu
PC index 17 correlation: 0.1737
Running analysis for PC index 18
Centering data before using scikit-learn on GPU
NOTE: Using GPU for ridge regression.
Warning: RidgeCV with fit_intercept=False please center data before using this function. If you want to use fit_intercept=True, please set device=None or device='cpu'.

Predictor device: cuda:0
Target device: cuda:0
Alphas device: cpu
PC index 18 correlation: 0.4190
Running analysis for PC index 19
Centering data before using scikit-learn on GPU
NOTE: Using GPU for ridge regression.
Warning: RidgeCV with fit_intercept=False please center data before using this function. If you want to use fit_intercept=True, please set device=None or device='cpu'.

Predictor device: cuda:0
Target device: cuda:0
Alphas device: cpu
PC index 19 correlation: 0.2884
Running analysis for PC index 20
Centering data before using scikit-learn on GPU
NOTE: Using GPU for ridge regression.
Warning: RidgeCV with fit_intercept=False please center data before using this function. If you want to use fit_intercept=True, please set device=None or device='cpu'.

Predictor device: cuda:0
Target device: cuda:0
Alphas device: cpu
PC index 20 correlation: 0.3681
Running analysis for PC index 21
Centering data before using scikit-learn on GPU
NOTE: Using GPU for ridge regression.
Warning: RidgeCV with fit_intercept=False please center data before using this function. If you want to use fit_intercept=True, please set device=None or device='cpu'.

Predictor device: cuda:0
Target device: cuda:0
Alphas device: cpu
PC index 21 correlation: 0.3550
Running analysis for PC index 22
Centering data before using scikit-learn on GPU
NOTE: Using GPU for ridge regression.
Warning: RidgeCV with fit_intercept=False please center data before using this function. If you want to use fit_intercept=True, please set device=None or device='cpu'.

Predictor device: cuda:0
Target device: cuda:0
Alphas device: cpu
PC index 22 correlation: 0.3243
Running analysis for PC index 23
Centering data before using scikit-learn on GPU
NOTE: Using GPU for ridge regression.
Warning: RidgeCV with fit_intercept=False please center data before using this function. If you want to use fit_intercept=True, please set device=None or device='cpu'.

Predictor device: cuda:0
Target device: cuda:0
Alphas device: cpu
PC index 23 correlation: 0.2542
Running analysis for PC index 24
Centering data before using scikit-learn on GPU
NOTE: Using GPU for ridge regression.
Warning: RidgeCV with fit_intercept=False please center data before using this function. If you want to use fit_intercept=True, please set device=None or device='cpu'.

Predictor device: cuda:0
Target device: cuda:0
Alphas device: cpu
PC index 24 correlation: 0.3739
Running analysis for PC index 25
Centering data before using scikit-learn on GPU
NOTE: Using GPU for ridge regression.
Warning: RidgeCV with fit_intercept=False please center data before using this function. If you want to use fit_intercept=True, please set device=None or device='cpu'.

Predictor device: cuda:0
Target device: cuda:0
Alphas device: cpu
PC index 25 correlation: 0.2372
Running analysis for PC index 26
Centering data before using scikit-learn on GPU
NOTE: Using GPU for ridge regression.
Warning: RidgeCV with fit_intercept=False please center data before using this function. If you want to use fit_intercept=True, please set device=None or device='cpu'.

Predictor device: cuda:0
Target device: cuda:0
Alphas device: cpu
PC index 26 correlation: 0.3528
Running analysis for PC index 27
Centering data before using scikit-learn on GPU
NOTE: Using GPU for ridge regression.
Warning: RidgeCV with fit_intercept=False please center data before using this function. If you want to use fit_intercept=True, please set device=None or device='cpu'.

Predictor device: cuda:0
Target device: cuda:0
Alphas device: cpu
PC index 27 correlation: 0.2437
Running analysis for PC index 28
Centering data before using scikit-learn on GPU
NOTE: Using GPU for ridge regression.
Warning: RidgeCV with fit_intercept=False please center data before using this function. If you want to use fit_intercept=True, please set device=None or device='cpu'.

Predictor device: cuda:0
Target device: cuda:0
Alphas device: cpu
PC index 28 correlation: 0.3053
Running analysis for PC index 29
Centering data before using scikit-learn on GPU
NOTE: Using GPU for ridge regression.
Warning: RidgeCV with fit_intercept=False please center data before using this function. If you want to use fit_intercept=True, please set device=None or device='cpu'.

Predictor device: cuda:0
Target device: cuda:0
Alphas device: cpu
PC index 29 correlation: 0.3428
Running analysis for PC index 30
Centering data before using scikit-learn on GPU
NOTE: Using GPU for ridge regression.
Warning: RidgeCV with fit_intercept=False please center data before using this function. If you want to use fit_intercept=True, please set device=None or device='cpu'.

Predictor device: cuda:0
Target device: cuda:0
Alphas device: cpu
PC index 30 correlation: 0.3694
Running analysis for PC index 31
Centering data before using scikit-learn on GPU
NOTE: Using GPU for ridge regression.
Warning: RidgeCV with fit_intercept=False please center data before using this function. If you want to use fit_intercept=True, please set device=None or device='cpu'.

Predictor device: cuda:0
Target device: cuda:0
Alphas device: cpu
PC index 31 correlation: 0.3025
Running analysis for PC index 32
Centering data before using scikit-learn on GPU
NOTE: Using GPU for ridge regression.
Warning: RidgeCV with fit_intercept=False please center data before using this function. If you want to use fit_intercept=True, please set device=None or device='cpu'.

Predictor device: cuda:0
Target device: cuda:0
Alphas device: cpu
PC index 32 correlation: 0.2665
Running analysis for PC index 33
Centering data before using scikit-learn on GPU
NOTE: Using GPU for ridge regression.
Warning: RidgeCV with fit_intercept=False please center data before using this function. If you want to use fit_intercept=True, please set device=None or device='cpu'.

Predictor device: cuda:0
Target device: cuda:0
Alphas device: cpu
PC index 33 correlation: 0.2140
Running analysis for PC index 34
Centering data before using scikit-learn on GPU
NOTE: Using GPU for ridge regression.
Warning: RidgeCV with fit_intercept=False please center data before using this function. If you want to use fit_intercept=True, please set device=None or device='cpu'.

Predictor device: cuda:0
Target device: cuda:0
Alphas device: cpu
PC index 34 correlation: 0.3177
Running analysis for PC index 35
Centering data before using scikit-learn on GPU
NOTE: Using GPU for ridge regression.
Warning: RidgeCV with fit_intercept=False please center data before using this function. If you want to use fit_intercept=True, please set device=None or device='cpu'.

Predictor device: cuda:0
Target device: cuda:0
Alphas device: cpu
PC index 35 correlation: 0.2005
Running analysis for PC index 36
Centering data before using scikit-learn on GPU
NOTE: Using GPU for ridge regression.
Warning: RidgeCV with fit_intercept=False please center data before using this function. If you want to use fit_intercept=True, please set device=None or device='cpu'.

Predictor device: cuda:0
Target device: cuda:0
Alphas device: cpu
PC index 36 correlation: 0.1678
Running analysis for PC index 37
Centering data before using scikit-learn on GPU
NOTE: Using GPU for ridge regression.
Warning: RidgeCV with fit_intercept=False please center data before using this function. If you want to use fit_intercept=True, please set device=None or device='cpu'.

Predictor device: cuda:0
Target device: cuda:0
Alphas device: cpu
PC index 37 correlation: 0.3145
Running analysis for PC index 38
Centering data before using scikit-learn on GPU
NOTE: Using GPU for ridge regression.
Warning: RidgeCV with fit_intercept=False please center data before using this function. If you want to use fit_intercept=True, please set device=None or device='cpu'.

Predictor device: cuda:0
Target device: cuda:0
Alphas device: cpu
PC index 38 correlation: 0.2148
Running analysis for PC index 39
Centering data before using scikit-learn on GPU
NOTE: Using GPU for ridge regression.
Warning: RidgeCV with fit_intercept=False please center data before using this function. If you want to use fit_intercept=True, please set device=None or device='cpu'.

Predictor device: cuda:0
Target device: cuda:0
Alphas device: cpu
PC index 39 correlation: 0.3464
Running analysis for PC index 40
Centering data before using scikit-learn on GPU
NOTE: Using GPU for ridge regression.
Warning: RidgeCV with fit_intercept=False please center data before using this function. If you want to use fit_intercept=True, please set device=None or device='cpu'.

Predictor device: cuda:0
Target device: cuda:0
Alphas device: cpu
PC index 40 correlation: 0.2541
Running analysis for PC index 41
Centering data before using scikit-learn on GPU
NOTE: Using GPU for ridge regression.
Warning: RidgeCV with fit_intercept=False please center data before using this function. If you want to use fit_intercept=True, please set device=None or device='cpu'.

Predictor device: cuda:0
Target device: cuda:0
Alphas device: cpu
PC index 41 correlation: 0.3276
Running analysis for PC index 42
Centering data before using scikit-learn on GPU
NOTE: Using GPU for ridge regression.
Warning: RidgeCV with fit_intercept=False please center data before using this function. If you want to use fit_intercept=True, please set device=None or device='cpu'.

Predictor device: cuda:0
Target device: cuda:0
Alphas device: cpu
PC index 42 correlation: 0.3147
Running analysis for PC index 43
Centering data before using scikit-learn on GPU
NOTE: Using GPU for ridge regression.
Warning: RidgeCV with fit_intercept=False please center data before using this function. If you want to use fit_intercept=True, please set device=None or device='cpu'.

Predictor device: cuda:0
Target device: cuda:0
Alphas device: cpu
PC index 43 correlation: 0.2413
Running analysis for PC index 44
Centering data before using scikit-learn on GPU
NOTE: Using GPU for ridge regression.
Warning: RidgeCV with fit_intercept=False please center data before using this function. If you want to use fit_intercept=True, please set device=None or device='cpu'.

Predictor device: cuda:0
Target device: cuda:0
Alphas device: cpu
PC index 44 correlation: 0.3706
Running analysis for PC index 45
Centering data before using scikit-learn on GPU
NOTE: Using GPU for ridge regression.
Warning: RidgeCV with fit_intercept=False please center data before using this function. If you want to use fit_intercept=True, please set device=None or device='cpu'.

Predictor device: cuda:0
Target device: cuda:0
Alphas device: cpu
PC index 45 correlation: 0.1901
Running analysis for PC index 46
Centering data before using scikit-learn on GPU
NOTE: Using GPU for ridge regression.
Warning: RidgeCV with fit_intercept=False please center data before using this function. If you want to use fit_intercept=True, please set device=None or device='cpu'.

Predictor device: cuda:0
Target device: cuda:0
Alphas device: cpu
PC index 46 correlation: 0.2866
Running analysis for PC index 47
Centering data before using scikit-learn on GPU
NOTE: Using GPU for ridge regression.
Warning: RidgeCV with fit_intercept=False please center data before using this function. If you want to use fit_intercept=True, please set device=None or device='cpu'.

Predictor device: cuda:0
Target device: cuda:0
Alphas device: cpu
PC index 47 correlation: 0.3608
Running analysis for PC index 48
Centering data before using scikit-learn on GPU
NOTE: Using GPU for ridge regression.
Warning: RidgeCV with fit_intercept=False please center data before using this function. If you want to use fit_intercept=True, please set device=None or device='cpu'.

Predictor device: cuda:0
Target device: cuda:0
Alphas device: cpu
PC index 48 correlation: 0.3180
Running analysis for PC index 49
Centering data before using scikit-learn on GPU
NOTE: Using GPU for ridge regression.
Warning: RidgeCV with fit_intercept=False please center data before using this function. If you want to use fit_intercept=True, please set device=None or device='cpu'.

Predictor device: cuda:0
Target device: cuda:0
Alphas device: cpu
PC index 49 correlation: 0.2199
Running analysis for PC index 50
Centering data before using scikit-learn on GPU
NOTE: Using GPU for ridge regression.
Warning: RidgeCV with fit_intercept=False please center data before using this function. If you want to use fit_intercept=True, please set device=None or device='cpu'.

Predictor device: cuda:0
Target device: cuda:0
Alphas device: cpu
PC index 50 correlation: 0.3449
Running analysis for PC index 51
Centering data before using scikit-learn on GPU
NOTE: Using GPU for ridge regression.
Warning: RidgeCV with fit_intercept=False please center data before using this function. If you want to use fit_intercept=True, please set device=None or device='cpu'.

Predictor device: cuda:0
Target device: cuda:0
Alphas device: cpu
PC index 51 correlation: 0.1506
Running analysis for PC index 52
Centering data before using scikit-learn on GPU
NOTE: Using GPU for ridge regression.
Warning: RidgeCV with fit_intercept=False please center data before using this function. If you want to use fit_intercept=True, please set device=None or device='cpu'.

Predictor device: cuda:0
Target device: cuda:0
Alphas device: cpu
PC index 52 correlation: 0.2669
Running analysis for PC index 53
Centering data before using scikit-learn on GPU
NOTE: Using GPU for ridge regression.
Warning: RidgeCV with fit_intercept=False please center data before using this function. If you want to use fit_intercept=True, please set device=None or device='cpu'.

Predictor device: cuda:0
Target device: cuda:0
Alphas device: cpu
PC index 53 correlation: 0.2112
Running analysis for PC index 54
Centering data before using scikit-learn on GPU
NOTE: Using GPU for ridge regression.
Warning: RidgeCV with fit_intercept=False please center data before using this function. If you want to use fit_intercept=True, please set device=None or device='cpu'.

Predictor device: cuda:0
Target device: cuda:0
Alphas device: cpu
PC index 54 correlation: 0.2644
Running analysis for PC index 55
Centering data before using scikit-learn on GPU
NOTE: Using GPU for ridge regression.
Warning: RidgeCV with fit_intercept=False please center data before using this function. If you want to use fit_intercept=True, please set device=None or device='cpu'.

Predictor device: cuda:0
Target device: cuda:0
Alphas device: cpu
PC index 55 correlation: 0.3245
Running analysis for PC index 56
Centering data before using scikit-learn on GPU
NOTE: Using GPU for ridge regression.
Warning: RidgeCV with fit_intercept=False please center data before using this function. If you want to use fit_intercept=True, please set device=None or device='cpu'.

Predictor device: cuda:0
Target device: cuda:0
Alphas device: cpu
PC index 56 correlation: 0.3206
Running analysis for PC index 57
Centering data before using scikit-learn on GPU
NOTE: Using GPU for ridge regression.
Warning: RidgeCV with fit_intercept=False please center data before using this function. If you want to use fit_intercept=True, please set device=None or device='cpu'.

Predictor device: cuda:0
Target device: cuda:0
Alphas device: cpu
PC index 57 correlation: 0.2943
Running analysis for PC index 58
Centering data before using scikit-learn on GPU
NOTE: Using GPU for ridge regression.
Warning: RidgeCV with fit_intercept=False please center data before using this function. If you want to use fit_intercept=True, please set device=None or device='cpu'.

Predictor device: cuda:0
Target device: cuda:0
Alphas device: cpu
PC index 58 correlation: 0.2126
Running analysis for PC index 59
Centering data before using scikit-learn on GPU
NOTE: Using GPU for ridge regression.
Warning: RidgeCV with fit_intercept=False please center data before using this function. If you want to use fit_intercept=True, please set device=None or device='cpu'.

Predictor device: cuda:0
Target device: cuda:0
Alphas device: cpu
PC index 59 correlation: 0.2404
Running analysis for PC index 60
Centering data before using scikit-learn on GPU
NOTE: Using GPU for ridge regression.
Warning: RidgeCV with fit_intercept=False please center data before using this function. If you want to use fit_intercept=True, please set device=None or device='cpu'.

Predictor device: cuda:0
Target device: cuda:0
Alphas device: cpu
PC index 60 correlation: 0.2291
Running analysis for PC index 61
Centering data before using scikit-learn on GPU
NOTE: Using GPU for ridge regression.
Warning: RidgeCV with fit_intercept=False please center data before using this function. If you want to use fit_intercept=True, please set device=None or device='cpu'.

Predictor device: cuda:0
Target device: cuda:0
Alphas device: cpu
PC index 61 correlation: 0.2939
Running analysis for PC index 62
Centering data before using scikit-learn on GPU
NOTE: Using GPU for ridge regression.
Warning: RidgeCV with fit_intercept=False please center data before using this function. If you want to use fit_intercept=True, please set device=None or device='cpu'.

Predictor device: cuda:0
Target device: cuda:0
Alphas device: cpu
PC index 62 correlation: 0.2560
Running analysis for PC index 63
Centering data before using scikit-learn on GPU
NOTE: Using GPU for ridge regression.
Warning: RidgeCV with fit_intercept=False please center data before using this function. If you want to use fit_intercept=True, please set device=None or device='cpu'.

Predictor device: cuda:0
Target device: cuda:0
Alphas device: cpu
PC index 63 correlation: 0.2007
Running analysis for PC index 64
Centering data before using scikit-learn on GPU
NOTE: Using GPU for ridge regression.
Warning: RidgeCV with fit_intercept=False please center data before using this function. If you want to use fit_intercept=True, please set device=None or device='cpu'.

Predictor device: cuda:0
Target device: cuda:0
Alphas device: cpu
PC index 64 correlation: 0.4663
Running analysis for PC index 65
Centering data before using scikit-learn on GPU
NOTE: Using GPU for ridge regression.
Warning: RidgeCV with fit_intercept=False please center data before using this function. If you want to use fit_intercept=True, please set device=None or device='cpu'.

Predictor device: cuda:0
Target device: cuda:0
Alphas device: cpu
PC index 65 correlation: 0.2343
Running analysis for PC index 66
Centering data before using scikit-learn on GPU
NOTE: Using GPU for ridge regression.
Warning: RidgeCV with fit_intercept=False please center data before using this function. If you want to use fit_intercept=True, please set device=None or device='cpu'.

Predictor device: cuda:0
Target device: cuda:0
Alphas device: cpu
PC index 66 correlation: 0.1446
Running analysis for PC index 67
Centering data before using scikit-learn on GPU
NOTE: Using GPU for ridge regression.
Warning: RidgeCV with fit_intercept=False please center data before using this function. If you want to use fit_intercept=True, please set device=None or device='cpu'.

Predictor device: cuda:0
Target device: cuda:0
Alphas device: cpu
PC index 67 correlation: 0.1393
Running analysis for PC index 68
Centering data before using scikit-learn on GPU
NOTE: Using GPU for ridge regression.
Warning: RidgeCV with fit_intercept=False please center data before using this function. If you want to use fit_intercept=True, please set device=None or device='cpu'.

Predictor device: cuda:0
Target device: cuda:0
Alphas device: cpu
PC index 68 correlation: 0.1497
Running analysis for PC index 69
Centering data before using scikit-learn on GPU
NOTE: Using GPU for ridge regression.
Warning: RidgeCV with fit_intercept=False please center data before using this function. If you want to use fit_intercept=True, please set device=None or device='cpu'.

Predictor device: cuda:0
Target device: cuda:0
Alphas device: cpu
PC index 69 correlation: 0.2720
Running analysis for PC index 70
Centering data before using scikit-learn on GPU
NOTE: Using GPU for ridge regression.
Warning: RidgeCV with fit_intercept=False please center data before using this function. If you want to use fit_intercept=True, please set device=None or device='cpu'.

Predictor device: cuda:0
Target device: cuda:0
Alphas device: cpu
PC index 70 correlation: 0.2832
Running analysis for PC index 71
Centering data before using scikit-learn on GPU
NOTE: Using GPU for ridge regression.
Warning: RidgeCV with fit_intercept=False please center data before using this function. If you want to use fit_intercept=True, please set device=None or device='cpu'.

Predictor device: cuda:0
Target device: cuda:0
Alphas device: cpu
PC index 71 correlation: 0.2291
Running analysis for PC index 72
Centering data before using scikit-learn on GPU
NOTE: Using GPU for ridge regression.
Warning: RidgeCV with fit_intercept=False please center data before using this function. If you want to use fit_intercept=True, please set device=None or device='cpu'.

Predictor device: cuda:0
Target device: cuda:0
Alphas device: cpu
PC index 72 correlation: 0.2389
Running analysis for PC index 73
Centering data before using scikit-learn on GPU
NOTE: Using GPU for ridge regression.
Warning: RidgeCV with fit_intercept=False please center data before using this function. If you want to use fit_intercept=True, please set device=None or device='cpu'.

Predictor device: cuda:0
Target device: cuda:0
Alphas device: cpu
PC index 73 correlation: 0.1618
Running analysis for PC index 74
Centering data before using scikit-learn on GPU
NOTE: Using GPU for ridge regression.
Warning: RidgeCV with fit_intercept=False please center data before using this function. If you want to use fit_intercept=True, please set device=None or device='cpu'.

Predictor device: cuda:0
Target device: cuda:0
Alphas device: cpu
PC index 74 correlation: 0.1907
Running analysis for PC index 75
Centering data before using scikit-learn on GPU
NOTE: Using GPU for ridge regression.
Warning: RidgeCV with fit_intercept=False please center data before using this function. If you want to use fit_intercept=True, please set device=None or device='cpu'.

Predictor device: cuda:0
Target device: cuda:0
Alphas device: cpu
PC index 75 correlation: 0.2607
Running analysis for PC index 76
Centering data before using scikit-learn on GPU
NOTE: Using GPU for ridge regression.
Warning: RidgeCV with fit_intercept=False please center data before using this function. If you want to use fit_intercept=True, please set device=None or device='cpu'.

Predictor device: cuda:0
Target device: cuda:0
Alphas device: cpu
PC index 76 correlation: 0.2332
Running analysis for PC index 77
Centering data before using scikit-learn on GPU
NOTE: Using GPU for ridge regression.
Warning: RidgeCV with fit_intercept=False please center data before using this function. If you want to use fit_intercept=True, please set device=None or device='cpu'.

Predictor device: cuda:0
Target device: cuda:0
Alphas device: cpu
PC index 77 correlation: 0.2249
Running analysis for PC index 78
Centering data before using scikit-learn on GPU
NOTE: Using GPU for ridge regression.
Warning: RidgeCV with fit_intercept=False please center data before using this function. If you want to use fit_intercept=True, please set device=None or device='cpu'.

Predictor device: cuda:0
Target device: cuda:0
Alphas device: cpu
PC index 78 correlation: 0.2186
Running analysis for PC index 79
Centering data before using scikit-learn on GPU
NOTE: Using GPU for ridge regression.
Warning: RidgeCV with fit_intercept=False please center data before using this function. If you want to use fit_intercept=True, please set device=None or device='cpu'.

Predictor device: cuda:0
Target device: cuda:0
Alphas device: cpu
PC index 79 correlation: 0.2153
Running analysis for PC index 80
Centering data before using scikit-learn on GPU
NOTE: Using GPU for ridge regression.
Warning: RidgeCV with fit_intercept=False please center data before using this function. If you want to use fit_intercept=True, please set device=None or device='cpu'.

Predictor device: cuda:0
Target device: cuda:0
Alphas device: cpu
PC index 80 correlation: 0.1646
Running analysis for PC index 81
Centering data before using scikit-learn on GPU
NOTE: Using GPU for ridge regression.
Warning: RidgeCV with fit_intercept=False please center data before using this function. If you want to use fit_intercept=True, please set device=None or device='cpu'.

Predictor device: cuda:0
Target device: cuda:0
Alphas device: cpu
PC index 81 correlation: 0.2347
Running analysis for PC index 82
Centering data before using scikit-learn on GPU
NOTE: Using GPU for ridge regression.
Warning: RidgeCV with fit_intercept=False please center data before using this function. If you want to use fit_intercept=True, please set device=None or device='cpu'.

Predictor device: cuda:0
Target device: cuda:0
Alphas device: cpu
PC index 82 correlation: 0.2307
Running analysis for PC index 83
Centering data before using scikit-learn on GPU
NOTE: Using GPU for ridge regression.
Warning: RidgeCV with fit_intercept=False please center data before using this function. If you want to use fit_intercept=True, please set device=None or device='cpu'.

Predictor device: cuda:0
Target device: cuda:0
Alphas device: cpu
PC index 83 correlation: 0.1937
Running analysis for PC index 84
Centering data before using scikit-learn on GPU
NOTE: Using GPU for ridge regression.
Warning: RidgeCV with fit_intercept=False please center data before using this function. If you want to use fit_intercept=True, please set device=None or device='cpu'.

Predictor device: cuda:0
Target device: cuda:0
Alphas device: cpu
PC index 84 correlation: 0.2485
Running analysis for PC index 85
Centering data before using scikit-learn on GPU
NOTE: Using GPU for ridge regression.
Warning: RidgeCV with fit_intercept=False please center data before using this function. If you want to use fit_intercept=True, please set device=None or device='cpu'.

Predictor device: cuda:0
Target device: cuda:0
Alphas device: cpu
PC index 85 correlation: 0.0975
Running analysis for PC index 86
Centering data before using scikit-learn on GPU
NOTE: Using GPU for ridge regression.
Warning: RidgeCV with fit_intercept=False please center data before using this function. If you want to use fit_intercept=True, please set device=None or device='cpu'.

Predictor device: cuda:0
Target device: cuda:0
Alphas device: cpu
PC index 86 correlation: 0.1960
Running analysis for PC index 87
Centering data before using scikit-learn on GPU
NOTE: Using GPU for ridge regression.
Warning: RidgeCV with fit_intercept=False please center data before using this function. If you want to use fit_intercept=True, please set device=None or device='cpu'.

Predictor device: cuda:0
Target device: cuda:0
Alphas device: cpu
PC index 87 correlation: 0.3130
Running analysis for PC index 88
Centering data before using scikit-learn on GPU
NOTE: Using GPU for ridge regression.
Warning: RidgeCV with fit_intercept=False please center data before using this function. If you want to use fit_intercept=True, please set device=None or device='cpu'.

Predictor device: cuda:0
Target device: cuda:0
Alphas device: cpu
PC index 88 correlation: 0.1992
Running analysis for PC index 89
Centering data before using scikit-learn on GPU
NOTE: Using GPU for ridge regression.
Warning: RidgeCV with fit_intercept=False please center data before using this function. If you want to use fit_intercept=True, please set device=None or device='cpu'.

Predictor device: cuda:0
Target device: cuda:0
Alphas device: cpu
PC index 89 correlation: 0.2095
Running analysis for PC index 90
Centering data before using scikit-learn on GPU
NOTE: Using GPU for ridge regression.
Warning: RidgeCV with fit_intercept=False please center data before using this function. If you want to use fit_intercept=True, please set device=None or device='cpu'.

Predictor device: cuda:0
Target device: cuda:0
Alphas device: cpu
PC index 90 correlation: 0.1378
Running analysis for PC index 91
Centering data before using scikit-learn on GPU
NOTE: Using GPU for ridge regression.
Warning: RidgeCV with fit_intercept=False please center data before using this function. If you want to use fit_intercept=True, please set device=None or device='cpu'.

Predictor device: cuda:0
Target device: cuda:0
Alphas device: cpu
PC index 91 correlation: 0.2503
Running analysis for PC index 92
Centering data before using scikit-learn on GPU
NOTE: Using GPU for ridge regression.
Warning: RidgeCV with fit_intercept=False please center data before using this function. If you want to use fit_intercept=True, please set device=None or device='cpu'.

Predictor device: cuda:0
Target device: cuda:0
Alphas device: cpu
PC index 92 correlation: 0.1477
Running analysis for PC index 93
Centering data before using scikit-learn on GPU
NOTE: Using GPU for ridge regression.
Warning: RidgeCV with fit_intercept=False please center data before using this function. If you want to use fit_intercept=True, please set device=None or device='cpu'.

Predictor device: cuda:0
Target device: cuda:0
Alphas device: cpu
PC index 93 correlation: 0.1558
Running analysis for PC index 94
Centering data before using scikit-learn on GPU
NOTE: Using GPU for ridge regression.
Warning: RidgeCV with fit_intercept=False please center data before using this function. If you want to use fit_intercept=True, please set device=None or device='cpu'.

Predictor device: cuda:0
Target device: cuda:0
Alphas device: cpu
PC index 94 correlation: 0.2154
Running analysis for PC index 95
Centering data before using scikit-learn on GPU
NOTE: Using GPU for ridge regression.
Warning: RidgeCV with fit_intercept=False please center data before using this function. If you want to use fit_intercept=True, please set device=None or device='cpu'.

Predictor device: cuda:0
Target device: cuda:0
Alphas device: cpu
PC index 95 correlation: 0.1899
Running analysis for PC index 96
Centering data before using scikit-learn on GPU
NOTE: Using GPU for ridge regression.
Warning: RidgeCV with fit_intercept=False please center data before using this function. If you want to use fit_intercept=True, please set device=None or device='cpu'.

Predictor device: cuda:0
Target device: cuda:0
Alphas device: cpu
PC index 96 correlation: 0.2363
Running analysis for PC index 97
Centering data before using scikit-learn on GPU
NOTE: Using GPU for ridge regression.
Warning: RidgeCV with fit_intercept=False please center data before using this function. If you want to use fit_intercept=True, please set device=None or device='cpu'.

Predictor device: cuda:0
Target device: cuda:0
Alphas device: cpu
PC index 97 correlation: 0.1783
Running analysis for PC index 98
Centering data before using scikit-learn on GPU
NOTE: Using GPU for ridge regression.
Warning: RidgeCV with fit_intercept=False please center data before using this function. If you want to use fit_intercept=True, please set device=None or device='cpu'.

Predictor device: cuda:0
Target device: cuda:0
Alphas device: cpu
PC index 98 correlation: 0.1259
Running analysis for PC index 99
Centering data before using scikit-learn on GPU
NOTE: Using GPU for ridge regression.
Warning: RidgeCV with fit_intercept=False please center data before using this function. If you want to use fit_intercept=True, please set device=None or device='cpu'.

Predictor device: cuda:0
Target device: cuda:0
Alphas device: cpu
PC index 99 correlation: 0.2031
Running analysis for PC index 100
Centering data before using scikit-learn on GPU
NOTE: Using GPU for ridge regression.
Warning: RidgeCV with fit_intercept=False please center data before using this function. If you want to use fit_intercept=True, please set device=None or device='cpu'.

Predictor device: cuda:0
Target device: cuda:0
Alphas device: cpu
PC index 100 correlation: 0.1801
Running analysis for PC index 101
Centering data before using scikit-learn on GPU
NOTE: Using GPU for ridge regression.
Warning: RidgeCV with fit_intercept=False please center data before using this function. If you want to use fit_intercept=True, please set device=None or device='cpu'.

Predictor device: cuda:0
Target device: cuda:0
Alphas device: cpu
PC index 101 correlation: 0.2698
Running analysis for PC index 102
Centering data before using scikit-learn on GPU
NOTE: Using GPU for ridge regression.
Warning: RidgeCV with fit_intercept=False please center data before using this function. If you want to use fit_intercept=True, please set device=None or device='cpu'.

Predictor device: cuda:0
Target device: cuda:0
Alphas device: cpu
PC index 102 correlation: 0.2442
Running analysis for PC index 103
Centering data before using scikit-learn on GPU
NOTE: Using GPU for ridge regression.
Warning: RidgeCV with fit_intercept=False please center data before using this function. If you want to use fit_intercept=True, please set device=None or device='cpu'.

Predictor device: cuda:0
Target device: cuda:0
Alphas device: cpu
PC index 103 correlation: 0.3247
Running analysis for PC index 104
Centering data before using scikit-learn on GPU
NOTE: Using GPU for ridge regression.
Warning: RidgeCV with fit_intercept=False please center data before using this function. If you want to use fit_intercept=True, please set device=None or device='cpu'.

Predictor device: cuda:0
Target device: cuda:0
Alphas device: cpu
PC index 104 correlation: 0.1789
Running analysis for PC index 105
Centering data before using scikit-learn on GPU
NOTE: Using GPU for ridge regression.
Warning: RidgeCV with fit_intercept=False please center data before using this function. If you want to use fit_intercept=True, please set device=None or device='cpu'.

Predictor device: cuda:0
Target device: cuda:0
Alphas device: cpu
PC index 105 correlation: 0.2346
Running analysis for PC index 106
Centering data before using scikit-learn on GPU
NOTE: Using GPU for ridge regression.
Warning: RidgeCV with fit_intercept=False please center data before using this function. If you want to use fit_intercept=True, please set device=None or device='cpu'.

Predictor device: cuda:0
Target device: cuda:0
Alphas device: cpu
PC index 106 correlation: 0.2237
Running analysis for PC index 107
Centering data before using scikit-learn on GPU
NOTE: Using GPU for ridge regression.
Warning: RidgeCV with fit_intercept=False please center data before using this function. If you want to use fit_intercept=True, please set device=None or device='cpu'.

Predictor device: cuda:0
Target device: cuda:0
Alphas device: cpu
PC index 107 correlation: 0.2340
Running analysis for PC index 108
Centering data before using scikit-learn on GPU
NOTE: Using GPU for ridge regression.
Warning: RidgeCV with fit_intercept=False please center data before using this function. If you want to use fit_intercept=True, please set device=None or device='cpu'.

Predictor device: cuda:0
Target device: cuda:0
Alphas device: cpu
PC index 108 correlation: 0.2226
Running analysis for PC index 109
Centering data before using scikit-learn on GPU
NOTE: Using GPU for ridge regression.
Warning: RidgeCV with fit_intercept=False please center data before using this function. If you want to use fit_intercept=True, please set device=None or device='cpu'.

Predictor device: cuda:0
Target device: cuda:0
Alphas device: cpu
PC index 109 correlation: 0.1732
Running analysis for PC index 110
Centering data before using scikit-learn on GPU
NOTE: Using GPU for ridge regression.
Warning: RidgeCV with fit_intercept=False please center data before using this function. If you want to use fit_intercept=True, please set device=None or device='cpu'.

Predictor device: cuda:0
Target device: cuda:0
Alphas device: cpu
PC index 110 correlation: 0.1221
Running analysis for PC index 111
Centering data before using scikit-learn on GPU
NOTE: Using GPU for ridge regression.
Warning: RidgeCV with fit_intercept=False please center data before using this function. If you want to use fit_intercept=True, please set device=None or device='cpu'.

Predictor device: cuda:0
Target device: cuda:0
Alphas device: cpu
PC index 111 correlation: 0.1973
Running analysis for PC index 112
Centering data before using scikit-learn on GPU
NOTE: Using GPU for ridge regression.
Warning: RidgeCV with fit_intercept=False please center data before using this function. If you want to use fit_intercept=True, please set device=None or device='cpu'.

Predictor device: cuda:0
Target device: cuda:0
Alphas device: cpu
PC index 112 correlation: 0.1377
Running analysis for PC index 113
Centering data before using scikit-learn on GPU
NOTE: Using GPU for ridge regression.
Warning: RidgeCV with fit_intercept=False please center data before using this function. If you want to use fit_intercept=True, please set device=None or device='cpu'.

Predictor device: cuda:0
Target device: cuda:0
Alphas device: cpu
PC index 113 correlation: 0.1726
Running analysis for PC index 114
Centering data before using scikit-learn on GPU
NOTE: Using GPU for ridge regression.
Warning: RidgeCV with fit_intercept=False please center data before using this function. If you want to use fit_intercept=True, please set device=None or device='cpu'.

Predictor device: cuda:0
Target device: cuda:0
Alphas device: cpu
PC index 114 correlation: 0.2359
Running analysis for PC index 115
Centering data before using scikit-learn on GPU
NOTE: Using GPU for ridge regression.
Warning: RidgeCV with fit_intercept=False please center data before using this function. If you want to use fit_intercept=True, please set device=None or device='cpu'.

Predictor device: cuda:0
Target device: cuda:0
Alphas device: cpu
PC index 115 correlation: 0.1154
Running analysis for PC index 116
Centering data before using scikit-learn on GPU
NOTE: Using GPU for ridge regression.
Warning: RidgeCV with fit_intercept=False please center data before using this function. If you want to use fit_intercept=True, please set device=None or device='cpu'.

Predictor device: cuda:0
Target device: cuda:0
Alphas device: cpu
PC index 116 correlation: 0.1747
Running analysis for PC index 117
Centering data before using scikit-learn on GPU
NOTE: Using GPU for ridge regression.
Warning: RidgeCV with fit_intercept=False please center data before using this function. If you want to use fit_intercept=True, please set device=None or device='cpu'.

Predictor device: cuda:0
Target device: cuda:0
Alphas device: cpu
PC index 117 correlation: 0.2113
Running analysis for PC index 118
Centering data before using scikit-learn on GPU
NOTE: Using GPU for ridge regression.
Warning: RidgeCV with fit_intercept=False please center data before using this function. If you want to use fit_intercept=True, please set device=None or device='cpu'.

Predictor device: cuda:0
Target device: cuda:0
Alphas device: cpu
PC index 118 correlation: 0.1954
Running analysis for PC index 119
Centering data before using scikit-learn on GPU
NOTE: Using GPU for ridge regression.
Warning: RidgeCV with fit_intercept=False please center data before using this function. If you want to use fit_intercept=True, please set device=None or device='cpu'.

Predictor device: cuda:0
Target device: cuda:0
Alphas device: cpu
PC index 119 correlation: 0.2288
Running analysis for PC index 120
Centering data before using scikit-learn on GPU
NOTE: Using GPU for ridge regression.
Warning: RidgeCV with fit_intercept=False please center data before using this function. If you want to use fit_intercept=True, please set device=None or device='cpu'.

Predictor device: cuda:0
Target device: cuda:0
Alphas device: cpu
PC index 120 correlation: 0.1423
Running analysis for PC index 121
Centering data before using scikit-learn on GPU
NOTE: Using GPU for ridge regression.
Warning: RidgeCV with fit_intercept=False please center data before using this function. If you want to use fit_intercept=True, please set device=None or device='cpu'.

Predictor device: cuda:0
Target device: cuda:0
Alphas device: cpu
PC index 121 correlation: 0.1696
Running analysis for PC index 122
Centering data before using scikit-learn on GPU
NOTE: Using GPU for ridge regression.
Warning: RidgeCV with fit_intercept=False please center data before using this function. If you want to use fit_intercept=True, please set device=None or device='cpu'.

Predictor device: cuda:0
Target device: cuda:0
Alphas device: cpu
PC index 122 correlation: 0.2587
Running analysis for PC index 123
Centering data before using scikit-learn on GPU
NOTE: Using GPU for ridge regression.
Warning: RidgeCV with fit_intercept=False please center data before using this function. If you want to use fit_intercept=True, please set device=None or device='cpu'.

Predictor device: cuda:0
Target device: cuda:0
Alphas device: cpu
PC index 123 correlation: 0.1678
Running analysis for PC index 124
Centering data before using scikit-learn on GPU
NOTE: Using GPU for ridge regression.
Warning: RidgeCV with fit_intercept=False please center data before using this function. If you want to use fit_intercept=True, please set device=None or device='cpu'.

Predictor device: cuda:0
Target device: cuda:0
Alphas device: cpu
PC index 124 correlation: 0.1152
Running analysis for PC index 125
Centering data before using scikit-learn on GPU
NOTE: Using GPU for ridge regression.
Warning: RidgeCV with fit_intercept=False please center data before using this function. If you want to use fit_intercept=True, please set device=None or device='cpu'.

Predictor device: cuda:0
Target device: cuda:0
Alphas device: cpu
PC index 125 correlation: 0.2311
Running analysis for PC index 126
Centering data before using scikit-learn on GPU
NOTE: Using GPU for ridge regression.
Warning: RidgeCV with fit_intercept=False please center data before using this function. If you want to use fit_intercept=True, please set device=None or device='cpu'.

Predictor device: cuda:0
Target device: cuda:0
Alphas device: cpu
PC index 126 correlation: 0.1768
Running analysis for PC index 127
Centering data before using scikit-learn on GPU
NOTE: Using GPU for ridge regression.
Warning: RidgeCV with fit_intercept=False please center data before using this function. If you want to use fit_intercept=True, please set device=None or device='cpu'.

Predictor device: cuda:0
Target device: cuda:0
Alphas device: cpu
PC index 127 correlation: 0.1895
Running analysis for PC index 128
Centering data before using scikit-learn on GPU
NOTE: Using GPU for ridge regression.
Warning: RidgeCV with fit_intercept=False please center data before using this function. If you want to use fit_intercept=True, please set device=None or device='cpu'.

Predictor device: cuda:0
Target device: cuda:0
Alphas device: cpu
PC index 128 correlation: 0.2095
Running analysis for PC index 129
Centering data before using scikit-learn on GPU
NOTE: Using GPU for ridge regression.
Warning: RidgeCV with fit_intercept=False please center data before using this function. If you want to use fit_intercept=True, please set device=None or device='cpu'.

Predictor device: cuda:0
Target device: cuda:0
Alphas device: cpu
PC index 129 correlation: 0.2143
Running analysis for PC index 130
Centering data before using scikit-learn on GPU
NOTE: Using GPU for ridge regression.
Warning: RidgeCV with fit_intercept=False please center data before using this function. If you want to use fit_intercept=True, please set device=None or device='cpu'.

Predictor device: cuda:0
Target device: cuda:0
Alphas device: cpu
PC index 130 correlation: 0.2540
Running analysis for PC index 131
Centering data before using scikit-learn on GPU
NOTE: Using GPU for ridge regression.
Warning: RidgeCV with fit_intercept=False please center data before using this function. If you want to use fit_intercept=True, please set device=None or device='cpu'.

Predictor device: cuda:0
Target device: cuda:0
Alphas device: cpu
PC index 131 correlation: 0.1391
Running analysis for PC index 132
Centering data before using scikit-learn on GPU
NOTE: Using GPU for ridge regression.
Warning: RidgeCV with fit_intercept=False please center data before using this function. If you want to use fit_intercept=True, please set device=None or device='cpu'.

Predictor device: cuda:0
Target device: cuda:0
Alphas device: cpu
PC index 132 correlation: 0.2181
Running analysis for PC index 133
Centering data before using scikit-learn on GPU
NOTE: Using GPU for ridge regression.
Warning: RidgeCV with fit_intercept=False please center data before using this function. If you want to use fit_intercept=True, please set device=None or device='cpu'.

Predictor device: cuda:0
Target device: cuda:0
Alphas device: cpu
PC index 133 correlation: 0.1855
Running analysis for PC index 134
Centering data before using scikit-learn on GPU
NOTE: Using GPU for ridge regression.
Warning: RidgeCV with fit_intercept=False please center data before using this function. If you want to use fit_intercept=True, please set device=None or device='cpu'.

Predictor device: cuda:0
Target device: cuda:0
Alphas device: cpu
PC index 134 correlation: 0.1644
Running analysis for PC index 135
Centering data before using scikit-learn on GPU
NOTE: Using GPU for ridge regression.
Warning: RidgeCV with fit_intercept=False please center data before using this function. If you want to use fit_intercept=True, please set device=None or device='cpu'.

Predictor device: cuda:0
Target device: cuda:0
Alphas device: cpu
PC index 135 correlation: 0.2369
Running analysis for PC index 136
Centering data before using scikit-learn on GPU
NOTE: Using GPU for ridge regression.
Warning: RidgeCV with fit_intercept=False please center data before using this function. If you want to use fit_intercept=True, please set device=None or device='cpu'.

Predictor device: cuda:0
Target device: cuda:0
Alphas device: cpu
PC index 136 correlation: 0.1236
Running analysis for PC index 137
Centering data before using scikit-learn on GPU
NOTE: Using GPU for ridge regression.
Warning: RidgeCV with fit_intercept=False please center data before using this function. If you want to use fit_intercept=True, please set device=None or device='cpu'.

Predictor device: cuda:0
Target device: cuda:0
Alphas device: cpu
PC index 137 correlation: 0.1608
Running analysis for PC index 138
Centering data before using scikit-learn on GPU
NOTE: Using GPU for ridge regression.
Warning: RidgeCV with fit_intercept=False please center data before using this function. If you want to use fit_intercept=True, please set device=None or device='cpu'.

Predictor device: cuda:0
Target device: cuda:0
Alphas device: cpu
PC index 138 correlation: 0.1396
Running analysis for PC index 139
Centering data before using scikit-learn on GPU
NOTE: Using GPU for ridge regression.
Warning: RidgeCV with fit_intercept=False please center data before using this function. If you want to use fit_intercept=True, please set device=None or device='cpu'.

Predictor device: cuda:0
Target device: cuda:0
Alphas device: cpu
PC index 139 correlation: 0.2150
Running analysis for PC index 140
Centering data before using scikit-learn on GPU
NOTE: Using GPU for ridge regression.
Warning: RidgeCV with fit_intercept=False please center data before using this function. If you want to use fit_intercept=True, please set device=None or device='cpu'.

Predictor device: cuda:0
Target device: cuda:0
Alphas device: cpu
PC index 140 correlation: 0.1794
Running analysis for PC index 141
Centering data before using scikit-learn on GPU
NOTE: Using GPU for ridge regression.
Warning: RidgeCV with fit_intercept=False please center data before using this function. If you want to use fit_intercept=True, please set device=None or device='cpu'.

Predictor device: cuda:0
Target device: cuda:0
Alphas device: cpu
PC index 141 correlation: 0.1767
Running analysis for PC index 142
Centering data before using scikit-learn on GPU
NOTE: Using GPU for ridge regression.
Warning: RidgeCV with fit_intercept=False please center data before using this function. If you want to use fit_intercept=True, please set device=None or device='cpu'.

Predictor device: cuda:0
Target device: cuda:0
Alphas device: cpu
PC index 142 correlation: 0.1347
Running analysis for PC index 143
Centering data before using scikit-learn on GPU
NOTE: Using GPU for ridge regression.
Warning: RidgeCV with fit_intercept=False please center data before using this function. If you want to use fit_intercept=True, please set device=None or device='cpu'.

Predictor device: cuda:0
Target device: cuda:0
Alphas device: cpu
PC index 143 correlation: 0.1702
Running analysis for PC index 144
Centering data before using scikit-learn on GPU
NOTE: Using GPU for ridge regression.
Warning: RidgeCV with fit_intercept=False please center data before using this function. If you want to use fit_intercept=True, please set device=None or device='cpu'.

Predictor device: cuda:0
Target device: cuda:0
Alphas device: cpu
PC index 144 correlation: 0.1652
Running analysis for PC index 145
Centering data before using scikit-learn on GPU
NOTE: Using GPU for ridge regression.
Warning: RidgeCV with fit_intercept=False please center data before using this function. If you want to use fit_intercept=True, please set device=None or device='cpu'.

Predictor device: cuda:0
Target device: cuda:0
Alphas device: cpu
PC index 145 correlation: 0.2311
Running analysis for PC index 146
Centering data before using scikit-learn on GPU
NOTE: Using GPU for ridge regression.
Warning: RidgeCV with fit_intercept=False please center data before using this function. If you want to use fit_intercept=True, please set device=None or device='cpu'.

Predictor device: cuda:0
Target device: cuda:0
Alphas device: cpu
PC index 146 correlation: 0.1765
Running analysis for PC index 147
Centering data before using scikit-learn on GPU
NOTE: Using GPU for ridge regression.
Warning: RidgeCV with fit_intercept=False please center data before using this function. If you want to use fit_intercept=True, please set device=None or device='cpu'.

Predictor device: cuda:0
Target device: cuda:0
Alphas device: cpu
PC index 147 correlation: 0.1546
Running analysis for PC index 148
Centering data before using scikit-learn on GPU
NOTE: Using GPU for ridge regression.
Warning: RidgeCV with fit_intercept=False please center data before using this function. If you want to use fit_intercept=True, please set device=None or device='cpu'.

Predictor device: cuda:0
Target device: cuda:0
Alphas device: cpu
PC index 148 correlation: 0.2001
Running analysis for PC index 149
Centering data before using scikit-learn on GPU
NOTE: Using GPU for ridge regression.
Warning: RidgeCV with fit_intercept=False please center data before using this function. If you want to use fit_intercept=True, please set device=None or device='cpu'.

Predictor device: cuda:0
Target device: cuda:0
Alphas device: cpu
PC index 149 correlation: 0.1745
Running analysis for PC index 150
Centering data before using scikit-learn on GPU
NOTE: Using GPU for ridge regression.
Warning: RidgeCV with fit_intercept=False please center data before using this function. If you want to use fit_intercept=True, please set device=None or device='cpu'.

Predictor device: cuda:0
Target device: cuda:0
Alphas device: cpu
PC index 150 correlation: 0.1797
Running analysis for PC index 151
Centering data before using scikit-learn on GPU
NOTE: Using GPU for ridge regression.
Warning: RidgeCV with fit_intercept=False please center data before using this function. If you want to use fit_intercept=True, please set device=None or device='cpu'.

Predictor device: cuda:0
Target device: cuda:0
Alphas device: cpu
PC index 151 correlation: 0.2075
Running analysis for PC index 152
Centering data before using scikit-learn on GPU
NOTE: Using GPU for ridge regression.
Warning: RidgeCV with fit_intercept=False please center data before using this function. If you want to use fit_intercept=True, please set device=None or device='cpu'.

Predictor device: cuda:0
Target device: cuda:0
Alphas device: cpu
PC index 152 correlation: 0.1488
Running analysis for PC index 153
Centering data before using scikit-learn on GPU
NOTE: Using GPU for ridge regression.
Warning: RidgeCV with fit_intercept=False please center data before using this function. If you want to use fit_intercept=True, please set device=None or device='cpu'.

Predictor device: cuda:0
Target device: cuda:0
Alphas device: cpu
PC index 153 correlation: 0.1485
Running analysis for PC index 154
Centering data before using scikit-learn on GPU
NOTE: Using GPU for ridge regression.
Warning: RidgeCV with fit_intercept=False please center data before using this function. If you want to use fit_intercept=True, please set device=None or device='cpu'.

Predictor device: cuda:0
Target device: cuda:0
Alphas device: cpu
PC index 154 correlation: 0.1243
Running analysis for PC index 155
Centering data before using scikit-learn on GPU
NOTE: Using GPU for ridge regression.
Warning: RidgeCV with fit_intercept=False please center data before using this function. If you want to use fit_intercept=True, please set device=None or device='cpu'.

Predictor device: cuda:0
Target device: cuda:0
Alphas device: cpu
PC index 155 correlation: 0.1073
Running analysis for PC index 156
Centering data before using scikit-learn on GPU
NOTE: Using GPU for ridge regression.
Warning: RidgeCV with fit_intercept=False please center data before using this function. If you want to use fit_intercept=True, please set device=None or device='cpu'.

Predictor device: cuda:0
Target device: cuda:0
Alphas device: cpu
PC index 156 correlation: 0.1351
Running analysis for PC index 157
Centering data before using scikit-learn on GPU
NOTE: Using GPU for ridge regression.
Warning: RidgeCV with fit_intercept=False please center data before using this function. If you want to use fit_intercept=True, please set device=None or device='cpu'.

Predictor device: cuda:0
Target device: cuda:0
Alphas device: cpu
PC index 157 correlation: 0.1651
Running analysis for PC index 158
Centering data before using scikit-learn on GPU
NOTE: Using GPU for ridge regression.
Warning: RidgeCV with fit_intercept=False please center data before using this function. If you want to use fit_intercept=True, please set device=None or device='cpu'.

Predictor device: cuda:0
Target device: cuda:0
Alphas device: cpu
PC index 158 correlation: 0.1791
Running analysis for PC index 159
Centering data before using scikit-learn on GPU
NOTE: Using GPU for ridge regression.
Warning: RidgeCV with fit_intercept=False please center data before using this function. If you want to use fit_intercept=True, please set device=None or device='cpu'.

Predictor device: cuda:0
Target device: cuda:0
Alphas device: cpu
PC index 159 correlation: 0.1943
Running analysis for PC index 160
Centering data before using scikit-learn on GPU
NOTE: Using GPU for ridge regression.
Warning: RidgeCV with fit_intercept=False please center data before using this function. If you want to use fit_intercept=True, please set device=None or device='cpu'.

Predictor device: cuda:0
Target device: cuda:0
Alphas device: cpu
PC index 160 correlation: 0.1125
Running analysis for PC index 161
Centering data before using scikit-learn on GPU
NOTE: Using GPU for ridge regression.
Warning: RidgeCV with fit_intercept=False please center data before using this function. If you want to use fit_intercept=True, please set device=None or device='cpu'.

Predictor device: cuda:0
Target device: cuda:0
Alphas device: cpu
PC index 161 correlation: 0.1674
Running analysis for PC index 162
Centering data before using scikit-learn on GPU
NOTE: Using GPU for ridge regression.
Warning: RidgeCV with fit_intercept=False please center data before using this function. If you want to use fit_intercept=True, please set device=None or device='cpu'.

Predictor device: cuda:0
Target device: cuda:0
Alphas device: cpu
PC index 162 correlation: 0.1743
Running analysis for PC index 163
Centering data before using scikit-learn on GPU
NOTE: Using GPU for ridge regression.
Warning: RidgeCV with fit_intercept=False please center data before using this function. If you want to use fit_intercept=True, please set device=None or device='cpu'.

Predictor device: cuda:0
Target device: cuda:0
Alphas device: cpu
PC index 163 correlation: 0.2414
Running analysis for PC index 164
Centering data before using scikit-learn on GPU
NOTE: Using GPU for ridge regression.
Warning: RidgeCV with fit_intercept=False please center data before using this function. If you want to use fit_intercept=True, please set device=None or device='cpu'.

Predictor device: cuda:0
Target device: cuda:0
Alphas device: cpu
PC index 164 correlation: 0.1915
Running analysis for PC index 165
Centering data before using scikit-learn on GPU
NOTE: Using GPU for ridge regression.
Warning: RidgeCV with fit_intercept=False please center data before using this function. If you want to use fit_intercept=True, please set device=None or device='cpu'.

Predictor device: cuda:0
Target device: cuda:0
Alphas device: cpu
PC index 165 correlation: 0.1569
Running analysis for PC index 166
Centering data before using scikit-learn on GPU
NOTE: Using GPU for ridge regression.
Warning: RidgeCV with fit_intercept=False please center data before using this function. If you want to use fit_intercept=True, please set device=None or device='cpu'.

Predictor device: cuda:0
Target device: cuda:0
Alphas device: cpu
PC index 166 correlation: 0.1757
Running analysis for PC index 167
Centering data before using scikit-learn on GPU
NOTE: Using GPU for ridge regression.
Warning: RidgeCV with fit_intercept=False please center data before using this function. If you want to use fit_intercept=True, please set device=None or device='cpu'.

Predictor device: cuda:0
Target device: cuda:0
Alphas device: cpu
PC index 167 correlation: 0.1362
Running analysis for PC index 168
Centering data before using scikit-learn on GPU
NOTE: Using GPU for ridge regression.
Warning: RidgeCV with fit_intercept=False please center data before using this function. If you want to use fit_intercept=True, please set device=None or device='cpu'.

Predictor device: cuda:0
Target device: cuda:0
Alphas device: cpu
PC index 168 correlation: 0.1592
Running analysis for PC index 169
Centering data before using scikit-learn on GPU
NOTE: Using GPU for ridge regression.
Warning: RidgeCV with fit_intercept=False please center data before using this function. If you want to use fit_intercept=True, please set device=None or device='cpu'.

Predictor device: cuda:0
Target device: cuda:0
Alphas device: cpu
PC index 169 correlation: 0.1538
Running analysis for PC index 170
Centering data before using scikit-learn on GPU
NOTE: Using GPU for ridge regression.
Warning: RidgeCV with fit_intercept=False please center data before using this function. If you want to use fit_intercept=True, please set device=None or device='cpu'.

Predictor device: cuda:0
Target device: cuda:0
Alphas device: cpu
PC index 170 correlation: 0.1906
Running analysis for PC index 171
Centering data before using scikit-learn on GPU
NOTE: Using GPU for ridge regression.
Warning: RidgeCV with fit_intercept=False please center data before using this function. If you want to use fit_intercept=True, please set device=None or device='cpu'.

Predictor device: cuda:0
Target device: cuda:0
Alphas device: cpu
PC index 171 correlation: 0.1920
Running analysis for PC index 172
Centering data before using scikit-learn on GPU
NOTE: Using GPU for ridge regression.
Warning: RidgeCV with fit_intercept=False please center data before using this function. If you want to use fit_intercept=True, please set device=None or device='cpu'.

Predictor device: cuda:0
Target device: cuda:0
Alphas device: cpu
PC index 172 correlation: 0.2165
Running analysis for PC index 173
Centering data before using scikit-learn on GPU
NOTE: Using GPU for ridge regression.
Warning: RidgeCV with fit_intercept=False please center data before using this function. If you want to use fit_intercept=True, please set device=None or device='cpu'.

Predictor device: cuda:0
Target device: cuda:0
Alphas device: cpu
PC index 173 correlation: 0.1217
Running analysis for PC index 174
Centering data before using scikit-learn on GPU
NOTE: Using GPU for ridge regression.
Warning: RidgeCV with fit_intercept=False please center data before using this function. If you want to use fit_intercept=True, please set device=None or device='cpu'.

Predictor device: cuda:0
Target device: cuda:0
Alphas device: cpu
PC index 174 correlation: 0.2049
Running analysis for PC index 175
Centering data before using scikit-learn on GPU
NOTE: Using GPU for ridge regression.
Warning: RidgeCV with fit_intercept=False please center data before using this function. If you want to use fit_intercept=True, please set device=None or device='cpu'.

Predictor device: cuda:0
Target device: cuda:0
Alphas device: cpu
PC index 175 correlation: 0.1765
Running analysis for PC index 176
Centering data before using scikit-learn on GPU
NOTE: Using GPU for ridge regression.
Warning: RidgeCV with fit_intercept=False please center data before using this function. If you want to use fit_intercept=True, please set device=None or device='cpu'.

Predictor device: cuda:0
Target device: cuda:0
Alphas device: cpu
PC index 176 correlation: 0.1120
Running analysis for PC index 177
Centering data before using scikit-learn on GPU
NOTE: Using GPU for ridge regression.
Warning: RidgeCV with fit_intercept=False please center data before using this function. If you want to use fit_intercept=True, please set device=None or device='cpu'.

Predictor device: cuda:0
Target device: cuda:0
Alphas device: cpu
PC index 177 correlation: 0.1414
Running analysis for PC index 178
Centering data before using scikit-learn on GPU
NOTE: Using GPU for ridge regression.
Warning: RidgeCV with fit_intercept=False please center data before using this function. If you want to use fit_intercept=True, please set device=None or device='cpu'.

Predictor device: cuda:0
Target device: cuda:0
Alphas device: cpu
PC index 178 correlation: 0.0699
Running analysis for PC index 179
Centering data before using scikit-learn on GPU
NOTE: Using GPU for ridge regression.
Warning: RidgeCV with fit_intercept=False please center data before using this function. If you want to use fit_intercept=True, please set device=None or device='cpu'.

Predictor device: cuda:0
Target device: cuda:0
Alphas device: cpu
PC index 179 correlation: 0.2354
Running analysis for PC index 180
Centering data before using scikit-learn on GPU
NOTE: Using GPU for ridge regression.
Warning: RidgeCV with fit_intercept=False please center data before using this function. If you want to use fit_intercept=True, please set device=None or device='cpu'.

Predictor device: cuda:0
Target device: cuda:0
Alphas device: cpu
PC index 180 correlation: 0.0823
Running analysis for PC index 181
Centering data before using scikit-learn on GPU
NOTE: Using GPU for ridge regression.
Warning: RidgeCV with fit_intercept=False please center data before using this function. If you want to use fit_intercept=True, please set device=None or device='cpu'.

Predictor device: cuda:0
Target device: cuda:0
Alphas device: cpu
PC index 181 correlation: 0.1283
Running analysis for PC index 182
Centering data before using scikit-learn on GPU
NOTE: Using GPU for ridge regression.
Warning: RidgeCV with fit_intercept=False please center data before using this function. If you want to use fit_intercept=True, please set device=None or device='cpu'.

Predictor device: cuda:0
Target device: cuda:0
Alphas device: cpu
PC index 182 correlation: 0.1871
Running analysis for PC index 183
Centering data before using scikit-learn on GPU
NOTE: Using GPU for ridge regression.
Warning: RidgeCV with fit_intercept=False please center data before using this function. If you want to use fit_intercept=True, please set device=None or device='cpu'.

Predictor device: cuda:0
Target device: cuda:0
Alphas device: cpu
PC index 183 correlation: 0.1477
Running analysis for PC index 184
Centering data before using scikit-learn on GPU
NOTE: Using GPU for ridge regression.
Warning: RidgeCV with fit_intercept=False please center data before using this function. If you want to use fit_intercept=True, please set device=None or device='cpu'.

Predictor device: cuda:0
Target device: cuda:0
Alphas device: cpu
PC index 184 correlation: 0.1525
Running analysis for PC index 185
Centering data before using scikit-learn on GPU
NOTE: Using GPU for ridge regression.
Warning: RidgeCV with fit_intercept=False please center data before using this function. If you want to use fit_intercept=True, please set device=None or device='cpu'.

Predictor device: cuda:0
Target device: cuda:0
Alphas device: cpu
PC index 185 correlation: 0.1212
Running analysis for PC index 186
Centering data before using scikit-learn on GPU
NOTE: Using GPU for ridge regression.
Warning: RidgeCV with fit_intercept=False please center data before using this function. If you want to use fit_intercept=True, please set device=None or device='cpu'.

Predictor device: cuda:0
Target device: cuda:0
Alphas device: cpu
PC index 186 correlation: 0.0961
Running analysis for PC index 187
Centering data before using scikit-learn on GPU
NOTE: Using GPU for ridge regression.
Warning: RidgeCV with fit_intercept=False please center data before using this function. If you want to use fit_intercept=True, please set device=None or device='cpu'.

Predictor device: cuda:0
Target device: cuda:0
Alphas device: cpu
PC index 187 correlation: 0.2200
Running analysis for PC index 188
Centering data before using scikit-learn on GPU
NOTE: Using GPU for ridge regression.
Warning: RidgeCV with fit_intercept=False please center data before using this function. If you want to use fit_intercept=True, please set device=None or device='cpu'.

Predictor device: cuda:0
Target device: cuda:0
Alphas device: cpu
PC index 188 correlation: 0.1878
Running analysis for PC index 189
Centering data before using scikit-learn on GPU
NOTE: Using GPU for ridge regression.
Warning: RidgeCV with fit_intercept=False please center data before using this function. If you want to use fit_intercept=True, please set device=None or device='cpu'.

Predictor device: cuda:0
Target device: cuda:0
Alphas device: cpu
PC index 189 correlation: 0.1366
Running analysis for PC index 190
Centering data before using scikit-learn on GPU
NOTE: Using GPU for ridge regression.
Warning: RidgeCV with fit_intercept=False please center data before using this function. If you want to use fit_intercept=True, please set device=None or device='cpu'.

Predictor device: cuda:0
Target device: cuda:0
Alphas device: cpu
PC index 190 correlation: 0.1772
Running analysis for PC index 191
Centering data before using scikit-learn on GPU
NOTE: Using GPU for ridge regression.
Warning: RidgeCV with fit_intercept=False please center data before using this function. If you want to use fit_intercept=True, please set device=None or device='cpu'.

Predictor device: cuda:0
Target device: cuda:0
Alphas device: cpu
PC index 191 correlation: 0.1685
Running analysis for PC index 192
Centering data before using scikit-learn on GPU
NOTE: Using GPU for ridge regression.
Warning: RidgeCV with fit_intercept=False please center data before using this function. If you want to use fit_intercept=True, please set device=None or device='cpu'.

Predictor device: cuda:0
Target device: cuda:0
Alphas device: cpu
PC index 192 correlation: 0.1300
Running analysis for PC index 193
Centering data before using scikit-learn on GPU
NOTE: Using GPU for ridge regression.
Warning: RidgeCV with fit_intercept=False please center data before using this function. If you want to use fit_intercept=True, please set device=None or device='cpu'.

Predictor device: cuda:0
Target device: cuda:0
Alphas device: cpu
PC index 193 correlation: 0.0916
Running analysis for PC index 194
Centering data before using scikit-learn on GPU
NOTE: Using GPU for ridge regression.
Warning: RidgeCV with fit_intercept=False please center data before using this function. If you want to use fit_intercept=True, please set device=None or device='cpu'.

Predictor device: cuda:0
Target device: cuda:0
Alphas device: cpu
PC index 194 correlation: 0.1367
Running analysis for PC index 195
Centering data before using scikit-learn on GPU
NOTE: Using GPU for ridge regression.
Warning: RidgeCV with fit_intercept=False please center data before using this function. If you want to use fit_intercept=True, please set device=None or device='cpu'.

Predictor device: cuda:0
Target device: cuda:0
Alphas device: cpu
PC index 195 correlation: 0.1587
Running analysis for PC index 196
Centering data before using scikit-learn on GPU
NOTE: Using GPU for ridge regression.
Warning: RidgeCV with fit_intercept=False please center data before using this function. If you want to use fit_intercept=True, please set device=None or device='cpu'.

Predictor device: cuda:0
Target device: cuda:0
Alphas device: cpu
PC index 196 correlation: 0.1986
Running analysis for PC index 197
Centering data before using scikit-learn on GPU
NOTE: Using GPU for ridge regression.
Warning: RidgeCV with fit_intercept=False please center data before using this function. If you want to use fit_intercept=True, please set device=None or device='cpu'.

Predictor device: cuda:0
Target device: cuda:0
Alphas device: cpu
PC index 197 correlation: 0.1118
Running analysis for PC index 198
Centering data before using scikit-learn on GPU
NOTE: Using GPU for ridge regression.
Warning: RidgeCV with fit_intercept=False please center data before using this function. If you want to use fit_intercept=True, please set device=None or device='cpu'.

Predictor device: cuda:0
Target device: cuda:0
Alphas device: cpu
PC index 198 correlation: 0.1259
Running analysis for PC index 199
Centering data before using scikit-learn on GPU
NOTE: Using GPU for ridge regression.
Warning: RidgeCV with fit_intercept=False please center data before using this function. If you want to use fit_intercept=True, please set device=None or device='cpu'.

Predictor device: cuda:0
Target device: cuda:0
Alphas device: cpu
PC index 199 correlation: 0.1935
Saved semnasnet_100_classification correlations to /home/ohadshee/Desktop/Partial-Information-Decomposition/pipeline/analysis/ridge_analysis/GPU_200_pcs_correlations_by_model.csv 😀
Starting model: cspresnet50_classification
Number of images: 73000
Image shape: (425, 425, 3), dtype: uint8
nsdID shape: (73000,), Shared1000 shape: (73000,)
Neural data shape: (10000, 8088)
Image IDs shape: (10000,)
Number of voxels: 8088
Number of projections for SRP: 7894

Loaded target with shape (10000, 8088).
Model options for cspresnet50_classification: {'model_name': 'cspresnet50', 'train_type': 'classification', 'train_data': 'imagenet', 'model_source': 'timm', 'call': "get_timm_model('cspresnet50', pretrained = True)"}
Image transforms for cspresnet50_classification: Compose(
    Resize(size=(224, 224), interpolation=bicubic, max_size=None, antialias=True)
    MaybeToTensor()
    Normalize(mean=tensor([0.4850, 0.4560, 0.4060]), std=tensor([0.2290, 0.2240, 0.2250]))
)
Loaded model: cspresnet50_classification
Ordered layers from model: ['Conv2d-1', 'Identity-1', 'LeakyReLU-1', 'BatchNormAct2d-1', 'ConvNormAct-1', 'MaxPool2d-1', 'Identity-2', 'Conv2d-2', 'Identity-3', 'Identity-4', 'BatchNormAct2d-2', 'ConvNormAct-2', 'Conv2d-3', 'Identity-5', 'LeakyReLU-2', 'BatchNormAct2d-3', 'ConvNormAct-3', 'Conv2d-4', 'Identity-6', 'LeakyReLU-3', 'BatchNormAct2d-4', 'ConvNormAct-4', 'Identity-7', 'Conv2d-5', 'Identity-8', 'Identity-9', 'BatchNormAct2d-5', 'ConvNormAct-5', 'Identity-10', 'Identity-11', 'LeakyReLU-4', 'BottleneckBlock-1', 'Conv2d-6', 'Identity-12', 'LeakyReLU-5', 'BatchNormAct2d-6', 'ConvNormAct-6', 'Conv2d-7', 'Identity-13', 'LeakyReLU-6', 'BatchNormAct2d-7', 'ConvNormAct-7', 'Identity-14', 'Conv2d-8', 'Identity-15', 'Identity-16', 'BatchNormAct2d-8', 'ConvNormAct-8', 'Identity-17', 'Identity-18', 'LeakyReLU-7', 'BottleneckBlock-2', 'Conv2d-9', 'Identity-19', 'LeakyReLU-8', 'BatchNormAct2d-9', 'ConvNormAct-9', 'Conv2d-10', 'Identity-20', 'LeakyReLU-9', 'BatchNormAct2d-10', 'ConvNormAct-10', 'Identity-21', 'Conv2d-11', 'Identity-22', 'Identity-23', 'BatchNormAct2d-11', 'ConvNormAct-11', 'Identity-24', 'Identity-25', 'LeakyReLU-10', 'BottleneckBlock-3', 'Conv2d-12', 'Identity-26', 'LeakyReLU-11', 'BatchNormAct2d-12', 'ConvNormAct-12', 'Conv2d-13', 'Identity-27', 'LeakyReLU-12', 'BatchNormAct2d-13', 'ConvNormAct-13', 'CrossStage-1', 'Conv2d-14', 'Identity-28', 'LeakyReLU-13', 'BatchNormAct2d-14', 'ConvNormAct-14', 'Conv2d-15', 'Identity-29', 'Identity-30', 'BatchNormAct2d-15', 'ConvNormAct-15', 'Conv2d-16', 'Identity-31', 'LeakyReLU-14', 'BatchNormAct2d-16', 'ConvNormAct-16', 'Conv2d-17', 'Identity-32', 'LeakyReLU-15', 'BatchNormAct2d-17', 'ConvNormAct-17', 'Identity-33', 'Conv2d-18', 'Identity-34', 'Identity-35', 'BatchNormAct2d-18', 'ConvNormAct-18', 'Identity-36', 'Identity-37', 'LeakyReLU-16', 'BottleneckBlock-4', 'Conv2d-19', 'Identity-38', 'LeakyReLU-17', 'BatchNormAct2d-19', 'ConvNormAct-19', 'Conv2d-20', 'Identity-39', 'LeakyReLU-18', 'BatchNormAct2d-20', 'ConvNormAct-20', 'Identity-40', 'Conv2d-21', 'Identity-41', 'Identity-42', 'BatchNormAct2d-21', 'ConvNormAct-21', 'Identity-43', 'Identity-44', 'LeakyReLU-19', 'BottleneckBlock-5', 'Conv2d-22', 'Identity-45', 'LeakyReLU-20', 'BatchNormAct2d-22', 'ConvNormAct-22', 'Conv2d-23', 'Identity-46', 'LeakyReLU-21', 'BatchNormAct2d-23', 'ConvNormAct-23', 'Identity-47', 'Conv2d-24', 'Identity-48', 'Identity-49', 'BatchNormAct2d-24', 'ConvNormAct-24', 'Identity-50', 'Identity-51', 'LeakyReLU-22', 'BottleneckBlock-6', 'Conv2d-25', 'Identity-52', 'LeakyReLU-23', 'BatchNormAct2d-25', 'ConvNormAct-25', 'Conv2d-26', 'Identity-53', 'LeakyReLU-24', 'BatchNormAct2d-26', 'ConvNormAct-26', 'CrossStage-2', 'Conv2d-27', 'Identity-54', 'LeakyReLU-25', 'BatchNormAct2d-27', 'ConvNormAct-27', 'Conv2d-28', 'Identity-55', 'Identity-56', 'BatchNormAct2d-28', 'ConvNormAct-28', 'Conv2d-29', 'Identity-57', 'LeakyReLU-26', 'BatchNormAct2d-29', 'ConvNormAct-29', 'Conv2d-30', 'Identity-58', 'LeakyReLU-27', 'BatchNormAct2d-30', 'ConvNormAct-30', 'Identity-59', 'Conv2d-31', 'Identity-60', 'Identity-61', 'BatchNormAct2d-31', 'ConvNormAct-31', 'Identity-62', 'Identity-63', 'LeakyReLU-28', 'BottleneckBlock-7', 'Conv2d-32', 'Identity-64', 'LeakyReLU-29', 'BatchNormAct2d-32', 'ConvNormAct-32', 'Conv2d-33', 'Identity-65', 'LeakyReLU-30', 'BatchNormAct2d-33', 'ConvNormAct-33', 'Identity-66', 'Conv2d-34', 'Identity-67', 'Identity-68', 'BatchNormAct2d-34', 'ConvNormAct-34', 'Identity-69', 'Identity-70', 'LeakyReLU-31', 'BottleneckBlock-8', 'Conv2d-35', 'Identity-71', 'LeakyReLU-32', 'BatchNormAct2d-35', 'ConvNormAct-35', 'Conv2d-36', 'Identity-72', 'LeakyReLU-33', 'BatchNormAct2d-36', 'ConvNormAct-36', 'Identity-73', 'Conv2d-37', 'Identity-74', 'Identity-75', 'BatchNormAct2d-37', 'ConvNormAct-37', 'Identity-76', 'Identity-77', 'LeakyReLU-34', 'BottleneckBlock-9', 'Conv2d-38', 'Identity-78', 'LeakyReLU-35', 'BatchNormAct2d-38', 'ConvNormAct-38', 'Conv2d-39', 'Identity-79', 'LeakyReLU-36', 'BatchNormAct2d-39', 'ConvNormAct-39', 'Identity-80', 'Conv2d-40', 'Identity-81', 'Identity-82', 'BatchNormAct2d-40', 'ConvNormAct-40', 'Identity-83', 'Identity-84', 'LeakyReLU-37', 'BottleneckBlock-10', 'Conv2d-41', 'Identity-85', 'LeakyReLU-38', 'BatchNormAct2d-41', 'ConvNormAct-41', 'Conv2d-42', 'Identity-86', 'LeakyReLU-39', 'BatchNormAct2d-42', 'ConvNormAct-42', 'Identity-87', 'Conv2d-43', 'Identity-88', 'Identity-89', 'BatchNormAct2d-43', 'ConvNormAct-43', 'Identity-90', 'Identity-91', 'LeakyReLU-40', 'BottleneckBlock-11', 'Conv2d-44', 'Identity-92', 'LeakyReLU-41', 'BatchNormAct2d-44', 'ConvNormAct-44', 'Conv2d-45', 'Identity-93', 'LeakyReLU-42', 'BatchNormAct2d-45', 'ConvNormAct-45', 'CrossStage-3', 'Conv2d-46', 'Identity-94', 'LeakyReLU-43', 'BatchNormAct2d-46', 'ConvNormAct-46', 'Conv2d-47', 'Identity-95', 'Identity-96', 'BatchNormAct2d-47', 'ConvNormAct-47', 'Conv2d-48', 'Identity-97', 'LeakyReLU-44', 'BatchNormAct2d-48', 'ConvNormAct-48', 'Conv2d-49', 'Identity-98', 'LeakyReLU-45', 'BatchNormAct2d-49', 'ConvNormAct-49', 'Identity-99', 'Conv2d-50', 'Identity-100', 'Identity-101', 'BatchNormAct2d-50', 'ConvNormAct-50', 'Identity-102', 'Identity-103', 'LeakyReLU-46', 'BottleneckBlock-12', 'Conv2d-51', 'Identity-104', 'LeakyReLU-47', 'BatchNormAct2d-51', 'ConvNormAct-51', 'Conv2d-52', 'Identity-105', 'LeakyReLU-48', 'BatchNormAct2d-52', 'ConvNormAct-52', 'Identity-106', 'Conv2d-53', 'Identity-107', 'Identity-108', 'BatchNormAct2d-53', 'ConvNormAct-53', 'Identity-109', 'Identity-110', 'LeakyReLU-49', 'BottleneckBlock-13', 'Conv2d-54', 'Identity-111', 'LeakyReLU-50', 'BatchNormAct2d-54', 'ConvNormAct-54', 'Conv2d-55', 'Identity-112', 'LeakyReLU-51', 'BatchNormAct2d-55', 'ConvNormAct-55', 'CrossStage-4', 'AdaptiveAvgPool2d-1', 'Flatten-1', 'SelectAdaptivePool2d-1', 'Dropout-1', 'Linear-1', 'Identity-113', 'ClassifierHead-1', 'CspNet-1']
Total number of layers: 354
Starting to extract features for cspresnet50_classification at layer 320

==================================================
Processing layer: Conv2d-52 from model: cspresnet50_classification

For model cspresnet50_classification Layer Conv2d-52: Extracting features for 10000 images in batches of 128...
Feature extraction for model cspresnet50_classification layer Conv2d-52 completed in 60.21 seconds.

Features shape: (10000, 25088), Train target shape: (9000, 200), Shared target shape: (1000, 200)
Running ridge regression for 200 PCs on model cspresnet50_classification at layer 320
Running analysis for 200 PCs
Running analysis for PC index 0
Centering data before using scikit-learn on GPU
NOTE: Using GPU for ridge regression.
Warning: RidgeCV with fit_intercept=False please center data before using this function. If you want to use fit_intercept=True, please set device=None or device='cpu'.

Predictor device: cuda:0
Target device: cuda:0
Alphas device: cpu
PC index 0 correlation: 0.4595
Running analysis for PC index 1
Centering data before using scikit-learn on GPU
NOTE: Using GPU for ridge regression.
Warning: RidgeCV with fit_intercept=False please center data before using this function. If you want to use fit_intercept=True, please set device=None or device='cpu'.

Predictor device: cuda:0
Target device: cuda:0
Alphas device: cpu
PC index 1 correlation: 0.8200
Running analysis for PC index 2
Centering data before using scikit-learn on GPU
NOTE: Using GPU for ridge regression.
Warning: RidgeCV with fit_intercept=False please center data before using this function. If you want to use fit_intercept=True, please set device=None or device='cpu'.

Predictor device: cuda:0
Target device: cuda:0
Alphas device: cpu
PC index 2 correlation: 0.7190
Running analysis for PC index 3
Centering data before using scikit-learn on GPU
NOTE: Using GPU for ridge regression.
Warning: RidgeCV with fit_intercept=False please center data before using this function. If you want to use fit_intercept=True, please set device=None or device='cpu'.

Predictor device: cuda:0
Target device: cuda:0
Alphas device: cpu
PC index 3 correlation: 0.7202
Running analysis for PC index 4
Centering data before using scikit-learn on GPU
NOTE: Using GPU for ridge regression.
Warning: RidgeCV with fit_intercept=False please center data before using this function. If you want to use fit_intercept=True, please set device=None or device='cpu'.

Predictor device: cuda:0
Target device: cuda:0
Alphas device: cpu
PC index 4 correlation: 0.6834
Running analysis for PC index 5
Centering data before using scikit-learn on GPU
NOTE: Using GPU for ridge regression.
Warning: RidgeCV with fit_intercept=False please center data before using this function. If you want to use fit_intercept=True, please set device=None or device='cpu'.

Predictor device: cuda:0
Target device: cuda:0
Alphas device: cpu
PC index 5 correlation: 0.5092
Running analysis for PC index 6
Centering data before using scikit-learn on GPU
NOTE: Using GPU for ridge regression.
Warning: RidgeCV with fit_intercept=False please center data before using this function. If you want to use fit_intercept=True, please set device=None or device='cpu'.

Predictor device: cuda:0
Target device: cuda:0
Alphas device: cpu
PC index 6 correlation: 0.4494
Running analysis for PC index 7
Centering data before using scikit-learn on GPU
NOTE: Using GPU for ridge regression.
Warning: RidgeCV with fit_intercept=False please center data before using this function. If you want to use fit_intercept=True, please set device=None or device='cpu'.

Predictor device: cuda:0
Target device: cuda:0
Alphas device: cpu
PC index 7 correlation: 0.2083
Running analysis for PC index 8
Centering data before using scikit-learn on GPU
NOTE: Using GPU for ridge regression.
Warning: RidgeCV with fit_intercept=False please center data before using this function. If you want to use fit_intercept=True, please set device=None or device='cpu'.

Predictor device: cuda:0
Target device: cuda:0
Alphas device: cpu
PC index 8 correlation: 0.4921
Running analysis for PC index 9
Centering data before using scikit-learn on GPU
NOTE: Using GPU for ridge regression.
Warning: RidgeCV with fit_intercept=False please center data before using this function. If you want to use fit_intercept=True, please set device=None or device='cpu'.

Predictor device: cuda:0
Target device: cuda:0
Alphas device: cpu
PC index 9 correlation: 0.4944
Running analysis for PC index 10
Centering data before using scikit-learn on GPU
NOTE: Using GPU for ridge regression.
Warning: RidgeCV with fit_intercept=False please center data before using this function. If you want to use fit_intercept=True, please set device=None or device='cpu'.

Predictor device: cuda:0
Target device: cuda:0
Alphas device: cpu
PC index 10 correlation: 0.4394
Running analysis for PC index 11
Centering data before using scikit-learn on GPU
NOTE: Using GPU for ridge regression.
Warning: RidgeCV with fit_intercept=False please center data before using this function. If you want to use fit_intercept=True, please set device=None or device='cpu'.

Predictor device: cuda:0
Target device: cuda:0
Alphas device: cpu
PC index 11 correlation: 0.7196
Running analysis for PC index 12
Centering data before using scikit-learn on GPU
NOTE: Using GPU for ridge regression.
Warning: RidgeCV with fit_intercept=False please center data before using this function. If you want to use fit_intercept=True, please set device=None or device='cpu'.

Predictor device: cuda:0
Target device: cuda:0
Alphas device: cpu
PC index 12 correlation: 0.3387
Running analysis for PC index 13
Centering data before using scikit-learn on GPU
NOTE: Using GPU for ridge regression.
Warning: RidgeCV with fit_intercept=False please center data before using this function. If you want to use fit_intercept=True, please set device=None or device='cpu'.

Predictor device: cuda:0
Target device: cuda:0
Alphas device: cpu
PC index 13 correlation: 0.4375
Running analysis for PC index 14
Centering data before using scikit-learn on GPU
NOTE: Using GPU for ridge regression.
Warning: RidgeCV with fit_intercept=False please center data before using this function. If you want to use fit_intercept=True, please set device=None or device='cpu'.

Predictor device: cuda:0
Target device: cuda:0
Alphas device: cpu
PC index 14 correlation: 0.4725
Running analysis for PC index 15
Centering data before using scikit-learn on GPU
NOTE: Using GPU for ridge regression.
Warning: RidgeCV with fit_intercept=False please center data before using this function. If you want to use fit_intercept=True, please set device=None or device='cpu'.

Predictor device: cuda:0
Target device: cuda:0
Alphas device: cpu
PC index 15 correlation: 0.3328
Running analysis for PC index 16
Centering data before using scikit-learn on GPU
NOTE: Using GPU for ridge regression.
Warning: RidgeCV with fit_intercept=False please center data before using this function. If you want to use fit_intercept=True, please set device=None or device='cpu'.

Predictor device: cuda:0
Target device: cuda:0
Alphas device: cpu
PC index 16 correlation: 0.3793
Running analysis for PC index 17
Centering data before using scikit-learn on GPU
NOTE: Using GPU for ridge regression.
Warning: RidgeCV with fit_intercept=False please center data before using this function. If you want to use fit_intercept=True, please set device=None or device='cpu'.

Predictor device: cuda:0
Target device: cuda:0
Alphas device: cpu
PC index 17 correlation: 0.1766
Running analysis for PC index 18
Centering data before using scikit-learn on GPU
NOTE: Using GPU for ridge regression.
Warning: RidgeCV with fit_intercept=False please center data before using this function. If you want to use fit_intercept=True, please set device=None or device='cpu'.

Predictor device: cuda:0
Target device: cuda:0
Alphas device: cpu
PC index 18 correlation: 0.4096
Running analysis for PC index 19
Centering data before using scikit-learn on GPU
NOTE: Using GPU for ridge regression.
Warning: RidgeCV with fit_intercept=False please center data before using this function. If you want to use fit_intercept=True, please set device=None or device='cpu'.

Predictor device: cuda:0
Target device: cuda:0
Alphas device: cpu
PC index 19 correlation: 0.2896
Running analysis for PC index 20
Centering data before using scikit-learn on GPU
NOTE: Using GPU for ridge regression.
Warning: RidgeCV with fit_intercept=False please center data before using this function. If you want to use fit_intercept=True, please set device=None or device='cpu'.

Predictor device: cuda:0
Target device: cuda:0
Alphas device: cpu
PC index 20 correlation: 0.3860
Running analysis for PC index 21
Centering data before using scikit-learn on GPU
NOTE: Using GPU for ridge regression.
Warning: RidgeCV with fit_intercept=False please center data before using this function. If you want to use fit_intercept=True, please set device=None or device='cpu'.

Predictor device: cuda:0
Target device: cuda:0
Alphas device: cpu
PC index 21 correlation: 0.3574
Running analysis for PC index 22
Centering data before using scikit-learn on GPU
NOTE: Using GPU for ridge regression.
Warning: RidgeCV with fit_intercept=False please center data before using this function. If you want to use fit_intercept=True, please set device=None or device='cpu'.

Predictor device: cuda:0
Target device: cuda:0
Alphas device: cpu
PC index 22 correlation: 0.3438
Running analysis for PC index 23
Centering data before using scikit-learn on GPU
NOTE: Using GPU for ridge regression.
Warning: RidgeCV with fit_intercept=False please center data before using this function. If you want to use fit_intercept=True, please set device=None or device='cpu'.

Predictor device: cuda:0
Target device: cuda:0
Alphas device: cpu
PC index 23 correlation: 0.2565
Running analysis for PC index 24
Centering data before using scikit-learn on GPU
NOTE: Using GPU for ridge regression.
Warning: RidgeCV with fit_intercept=False please center data before using this function. If you want to use fit_intercept=True, please set device=None or device='cpu'.

Predictor device: cuda:0
Target device: cuda:0
Alphas device: cpu
PC index 24 correlation: 0.3859
Running analysis for PC index 25
Centering data before using scikit-learn on GPU
NOTE: Using GPU for ridge regression.
Warning: RidgeCV with fit_intercept=False please center data before using this function. If you want to use fit_intercept=True, please set device=None or device='cpu'.

Predictor device: cuda:0
Target device: cuda:0
Alphas device: cpu
PC index 25 correlation: 0.2477
Running analysis for PC index 26
Centering data before using scikit-learn on GPU
NOTE: Using GPU for ridge regression.
Warning: RidgeCV with fit_intercept=False please center data before using this function. If you want to use fit_intercept=True, please set device=None or device='cpu'.

Predictor device: cuda:0
Target device: cuda:0
Alphas device: cpu
PC index 26 correlation: 0.3294
Running analysis for PC index 27
Centering data before using scikit-learn on GPU
NOTE: Using GPU for ridge regression.
Warning: RidgeCV with fit_intercept=False please center data before using this function. If you want to use fit_intercept=True, please set device=None or device='cpu'.

Predictor device: cuda:0
Target device: cuda:0
Alphas device: cpu
PC index 27 correlation: 0.2415
Running analysis for PC index 28
Centering data before using scikit-learn on GPU
NOTE: Using GPU for ridge regression.
Warning: RidgeCV with fit_intercept=False please center data before using this function. If you want to use fit_intercept=True, please set device=None or device='cpu'.

Predictor device: cuda:0
Target device: cuda:0
Alphas device: cpu
PC index 28 correlation: 0.3098
Running analysis for PC index 29
Centering data before using scikit-learn on GPU
NOTE: Using GPU for ridge regression.
Warning: RidgeCV with fit_intercept=False please center data before using this function. If you want to use fit_intercept=True, please set device=None or device='cpu'.

Predictor device: cuda:0
Target device: cuda:0
Alphas device: cpu
PC index 29 correlation: 0.3541
Running analysis for PC index 30
Centering data before using scikit-learn on GPU
NOTE: Using GPU for ridge regression.
Warning: RidgeCV with fit_intercept=False please center data before using this function. If you want to use fit_intercept=True, please set device=None or device='cpu'.

Predictor device: cuda:0
Target device: cuda:0
Alphas device: cpu
PC index 30 correlation: 0.3817
Running analysis for PC index 31
Centering data before using scikit-learn on GPU
NOTE: Using GPU for ridge regression.
Warning: RidgeCV with fit_intercept=False please center data before using this function. If you want to use fit_intercept=True, please set device=None or device='cpu'.

Predictor device: cuda:0
Target device: cuda:0
Alphas device: cpu
PC index 31 correlation: 0.3072
Running analysis for PC index 32
Centering data before using scikit-learn on GPU
NOTE: Using GPU for ridge regression.
Warning: RidgeCV with fit_intercept=False please center data before using this function. If you want to use fit_intercept=True, please set device=None or device='cpu'.

Predictor device: cuda:0
Target device: cuda:0
Alphas device: cpu
PC index 32 correlation: 0.2896
Running analysis for PC index 33
Centering data before using scikit-learn on GPU
NOTE: Using GPU for ridge regression.
Warning: RidgeCV with fit_intercept=False please center data before using this function. If you want to use fit_intercept=True, please set device=None or device='cpu'.

Predictor device: cuda:0
Target device: cuda:0
Alphas device: cpu
PC index 33 correlation: 0.2220
Running analysis for PC index 34
Centering data before using scikit-learn on GPU
NOTE: Using GPU for ridge regression.
Warning: RidgeCV with fit_intercept=False please center data before using this function. If you want to use fit_intercept=True, please set device=None or device='cpu'.

Predictor device: cuda:0
Target device: cuda:0
Alphas device: cpu
PC index 34 correlation: 0.3673
Running analysis for PC index 35
Centering data before using scikit-learn on GPU
NOTE: Using GPU for ridge regression.
Warning: RidgeCV with fit_intercept=False please center data before using this function. If you want to use fit_intercept=True, please set device=None or device='cpu'.

Predictor device: cuda:0
Target device: cuda:0
Alphas device: cpu
PC index 35 correlation: 0.1895
Running analysis for PC index 36
Centering data before using scikit-learn on GPU
NOTE: Using GPU for ridge regression.
Warning: RidgeCV with fit_intercept=False please center data before using this function. If you want to use fit_intercept=True, please set device=None or device='cpu'.

Predictor device: cuda:0
Target device: cuda:0
Alphas device: cpu
PC index 36 correlation: 0.2020
Running analysis for PC index 37
Centering data before using scikit-learn on GPU
NOTE: Using GPU for ridge regression.
Warning: RidgeCV with fit_intercept=False please center data before using this function. If you want to use fit_intercept=True, please set device=None or device='cpu'.

Predictor device: cuda:0
Target device: cuda:0
Alphas device: cpu
PC index 37 correlation: 0.3388
Running analysis for PC index 38
Centering data before using scikit-learn on GPU
NOTE: Using GPU for ridge regression.
Warning: RidgeCV with fit_intercept=False please center data before using this function. If you want to use fit_intercept=True, please set device=None or device='cpu'.

Predictor device: cuda:0
Target device: cuda:0
Alphas device: cpu
PC index 38 correlation: 0.2033
Running analysis for PC index 39
Centering data before using scikit-learn on GPU
NOTE: Using GPU for ridge regression.
Warning: RidgeCV with fit_intercept=False please center data before using this function. If you want to use fit_intercept=True, please set device=None or device='cpu'.

Predictor device: cuda:0
Target device: cuda:0
Alphas device: cpu
PC index 39 correlation: 0.2993
Running analysis for PC index 40
Centering data before using scikit-learn on GPU
NOTE: Using GPU for ridge regression.
Warning: RidgeCV with fit_intercept=False please center data before using this function. If you want to use fit_intercept=True, please set device=None or device='cpu'.

Predictor device: cuda:0
Target device: cuda:0
Alphas device: cpu
PC index 40 correlation: 0.2569
Running analysis for PC index 41
Centering data before using scikit-learn on GPU
NOTE: Using GPU for ridge regression.
Warning: RidgeCV with fit_intercept=False please center data before using this function. If you want to use fit_intercept=True, please set device=None or device='cpu'.

Predictor device: cuda:0
Target device: cuda:0
Alphas device: cpu
PC index 41 correlation: 0.3067
Running analysis for PC index 42
Centering data before using scikit-learn on GPU
NOTE: Using GPU for ridge regression.
Warning: RidgeCV with fit_intercept=False please center data before using this function. If you want to use fit_intercept=True, please set device=None or device='cpu'.

Predictor device: cuda:0
Target device: cuda:0
Alphas device: cpu
PC index 42 correlation: 0.3234
Running analysis for PC index 43
Centering data before using scikit-learn on GPU
NOTE: Using GPU for ridge regression.
Warning: RidgeCV with fit_intercept=False please center data before using this function. If you want to use fit_intercept=True, please set device=None or device='cpu'.

Predictor device: cuda:0
Target device: cuda:0
Alphas device: cpu
PC index 43 correlation: 0.2487
Running analysis for PC index 44
Centering data before using scikit-learn on GPU
NOTE: Using GPU for ridge regression.
Warning: RidgeCV with fit_intercept=False please center data before using this function. If you want to use fit_intercept=True, please set device=None or device='cpu'.

Predictor device: cuda:0
Target device: cuda:0
Alphas device: cpu
PC index 44 correlation: 0.3661
Running analysis for PC index 45
Centering data before using scikit-learn on GPU
NOTE: Using GPU for ridge regression.
Warning: RidgeCV with fit_intercept=False please center data before using this function. If you want to use fit_intercept=True, please set device=None or device='cpu'.

Predictor device: cuda:0
Target device: cuda:0
Alphas device: cpu
PC index 45 correlation: 0.2015
Running analysis for PC index 46
Centering data before using scikit-learn on GPU
NOTE: Using GPU for ridge regression.
Warning: RidgeCV with fit_intercept=False please center data before using this function. If you want to use fit_intercept=True, please set device=None or device='cpu'.

Predictor device: cuda:0
Target device: cuda:0
Alphas device: cpu
PC index 46 correlation: 0.3019
Running analysis for PC index 47
Centering data before using scikit-learn on GPU
NOTE: Using GPU for ridge regression.
Warning: RidgeCV with fit_intercept=False please center data before using this function. If you want to use fit_intercept=True, please set device=None or device='cpu'.

Predictor device: cuda:0
Target device: cuda:0
Alphas device: cpu
PC index 47 correlation: 0.3815
Running analysis for PC index 48
Centering data before using scikit-learn on GPU
NOTE: Using GPU for ridge regression.
Warning: RidgeCV with fit_intercept=False please center data before using this function. If you want to use fit_intercept=True, please set device=None or device='cpu'.

Predictor device: cuda:0
Target device: cuda:0
Alphas device: cpu
PC index 48 correlation: 0.3292
Running analysis for PC index 49
Centering data before using scikit-learn on GPU
NOTE: Using GPU for ridge regression.
Warning: RidgeCV with fit_intercept=False please center data before using this function. If you want to use fit_intercept=True, please set device=None or device='cpu'.

Predictor device: cuda:0
Target device: cuda:0
Alphas device: cpu
PC index 49 correlation: 0.2044
Running analysis for PC index 50
Centering data before using scikit-learn on GPU
NOTE: Using GPU for ridge regression.
Warning: RidgeCV with fit_intercept=False please center data before using this function. If you want to use fit_intercept=True, please set device=None or device='cpu'.

Predictor device: cuda:0
Target device: cuda:0
Alphas device: cpu
PC index 50 correlation: 0.3442
Running analysis for PC index 51
Centering data before using scikit-learn on GPU
NOTE: Using GPU for ridge regression.
Warning: RidgeCV with fit_intercept=False please center data before using this function. If you want to use fit_intercept=True, please set device=None or device='cpu'.

Predictor device: cuda:0
Target device: cuda:0
Alphas device: cpu
PC index 51 correlation: 0.1778
Running analysis for PC index 52
Centering data before using scikit-learn on GPU
NOTE: Using GPU for ridge regression.
Warning: RidgeCV with fit_intercept=False please center data before using this function. If you want to use fit_intercept=True, please set device=None or device='cpu'.

Predictor device: cuda:0
Target device: cuda:0
Alphas device: cpu
PC index 52 correlation: 0.2435
Running analysis for PC index 53
Centering data before using scikit-learn on GPU
NOTE: Using GPU for ridge regression.
Warning: RidgeCV with fit_intercept=False please center data before using this function. If you want to use fit_intercept=True, please set device=None or device='cpu'.

Predictor device: cuda:0
Target device: cuda:0
Alphas device: cpu
PC index 53 correlation: 0.1991
Running analysis for PC index 54
Centering data before using scikit-learn on GPU
NOTE: Using GPU for ridge regression.
Warning: RidgeCV with fit_intercept=False please center data before using this function. If you want to use fit_intercept=True, please set device=None or device='cpu'.

Predictor device: cuda:0
Target device: cuda:0
Alphas device: cpu
PC index 54 correlation: 0.2618
Running analysis for PC index 55
Centering data before using scikit-learn on GPU
NOTE: Using GPU for ridge regression.
Warning: RidgeCV with fit_intercept=False please center data before using this function. If you want to use fit_intercept=True, please set device=None or device='cpu'.

Predictor device: cuda:0
Target device: cuda:0
Alphas device: cpu
PC index 55 correlation: 0.3626
Running analysis for PC index 56
Centering data before using scikit-learn on GPU
NOTE: Using GPU for ridge regression.
Warning: RidgeCV with fit_intercept=False please center data before using this function. If you want to use fit_intercept=True, please set device=None or device='cpu'.

Predictor device: cuda:0
Target device: cuda:0
Alphas device: cpu
PC index 56 correlation: 0.3296
Running analysis for PC index 57
Centering data before using scikit-learn on GPU
NOTE: Using GPU for ridge regression.
Warning: RidgeCV with fit_intercept=False please center data before using this function. If you want to use fit_intercept=True, please set device=None or device='cpu'.

Predictor device: cuda:0
Target device: cuda:0
Alphas device: cpu
PC index 57 correlation: 0.2645
Running analysis for PC index 58
Centering data before using scikit-learn on GPU
NOTE: Using GPU for ridge regression.
Warning: RidgeCV with fit_intercept=False please center data before using this function. If you want to use fit_intercept=True, please set device=None or device='cpu'.

Predictor device: cuda:0
Target device: cuda:0
Alphas device: cpu
PC index 58 correlation: 0.2058
Running analysis for PC index 59
Centering data before using scikit-learn on GPU
NOTE: Using GPU for ridge regression.
Warning: RidgeCV with fit_intercept=False please center data before using this function. If you want to use fit_intercept=True, please set device=None or device='cpu'.

Predictor device: cuda:0
Target device: cuda:0
Alphas device: cpu
PC index 59 correlation: 0.2425
Running analysis for PC index 60
Centering data before using scikit-learn on GPU
NOTE: Using GPU for ridge regression.
Warning: RidgeCV with fit_intercept=False please center data before using this function. If you want to use fit_intercept=True, please set device=None or device='cpu'.

Predictor device: cuda:0
Target device: cuda:0
Alphas device: cpu
PC index 60 correlation: 0.2598
Running analysis for PC index 61
Centering data before using scikit-learn on GPU
NOTE: Using GPU for ridge regression.
Warning: RidgeCV with fit_intercept=False please center data before using this function. If you want to use fit_intercept=True, please set device=None or device='cpu'.

Predictor device: cuda:0
Target device: cuda:0
Alphas device: cpu
PC index 61 correlation: 0.3132
Running analysis for PC index 62
Centering data before using scikit-learn on GPU
NOTE: Using GPU for ridge regression.
Warning: RidgeCV with fit_intercept=False please center data before using this function. If you want to use fit_intercept=True, please set device=None or device='cpu'.

Predictor device: cuda:0
Target device: cuda:0
Alphas device: cpu
PC index 62 correlation: 0.2626
Running analysis for PC index 63
Centering data before using scikit-learn on GPU
NOTE: Using GPU for ridge regression.
Warning: RidgeCV with fit_intercept=False please center data before using this function. If you want to use fit_intercept=True, please set device=None or device='cpu'.

Predictor device: cuda:0
Target device: cuda:0
Alphas device: cpu
PC index 63 correlation: 0.2269
Running analysis for PC index 64
Centering data before using scikit-learn on GPU
NOTE: Using GPU for ridge regression.
Warning: RidgeCV with fit_intercept=False please center data before using this function. If you want to use fit_intercept=True, please set device=None or device='cpu'.

Predictor device: cuda:0
Target device: cuda:0
Alphas device: cpu
PC index 64 correlation: 0.4641
Running analysis for PC index 65
Centering data before using scikit-learn on GPU
NOTE: Using GPU for ridge regression.
Warning: RidgeCV with fit_intercept=False please center data before using this function. If you want to use fit_intercept=True, please set device=None or device='cpu'.

Predictor device: cuda:0
Target device: cuda:0
Alphas device: cpu
PC index 65 correlation: 0.2416
Running analysis for PC index 66
Centering data before using scikit-learn on GPU
NOTE: Using GPU for ridge regression.
Warning: RidgeCV with fit_intercept=False please center data before using this function. If you want to use fit_intercept=True, please set device=None or device='cpu'.

Predictor device: cuda:0
Target device: cuda:0
Alphas device: cpu
PC index 66 correlation: 0.1481
Running analysis for PC index 67
Centering data before using scikit-learn on GPU
NOTE: Using GPU for ridge regression.
Warning: RidgeCV with fit_intercept=False please center data before using this function. If you want to use fit_intercept=True, please set device=None or device='cpu'.

Predictor device: cuda:0
Target device: cuda:0
Alphas device: cpu
PC index 67 correlation: 0.1740
Running analysis for PC index 68
Centering data before using scikit-learn on GPU
NOTE: Using GPU for ridge regression.
Warning: RidgeCV with fit_intercept=False please center data before using this function. If you want to use fit_intercept=True, please set device=None or device='cpu'.

Predictor device: cuda:0
Target device: cuda:0
Alphas device: cpu
PC index 68 correlation: 0.1568
Running analysis for PC index 69
Centering data before using scikit-learn on GPU
NOTE: Using GPU for ridge regression.
Warning: RidgeCV with fit_intercept=False please center data before using this function. If you want to use fit_intercept=True, please set device=None or device='cpu'.

Predictor device: cuda:0
Target device: cuda:0
Alphas device: cpu
PC index 69 correlation: 0.2736
Running analysis for PC index 70
Centering data before using scikit-learn on GPU
NOTE: Using GPU for ridge regression.
Warning: RidgeCV with fit_intercept=False please center data before using this function. If you want to use fit_intercept=True, please set device=None or device='cpu'.

Predictor device: cuda:0
Target device: cuda:0
Alphas device: cpu
PC index 70 correlation: 0.2412
Running analysis for PC index 71
Centering data before using scikit-learn on GPU
NOTE: Using GPU for ridge regression.
Warning: RidgeCV with fit_intercept=False please center data before using this function. If you want to use fit_intercept=True, please set device=None or device='cpu'.

Predictor device: cuda:0
Target device: cuda:0
Alphas device: cpu
PC index 71 correlation: 0.2131
Running analysis for PC index 72
Centering data before using scikit-learn on GPU
NOTE: Using GPU for ridge regression.
Warning: RidgeCV with fit_intercept=False please center data before using this function. If you want to use fit_intercept=True, please set device=None or device='cpu'.

Predictor device: cuda:0
Target device: cuda:0
Alphas device: cpu
PC index 72 correlation: 0.2714
Running analysis for PC index 73
Centering data before using scikit-learn on GPU
NOTE: Using GPU for ridge regression.
Warning: RidgeCV with fit_intercept=False please center data before using this function. If you want to use fit_intercept=True, please set device=None or device='cpu'.

Predictor device: cuda:0
Target device: cuda:0
Alphas device: cpu
PC index 73 correlation: 0.1687
Running analysis for PC index 74
Centering data before using scikit-learn on GPU
NOTE: Using GPU for ridge regression.
Warning: RidgeCV with fit_intercept=False please center data before using this function. If you want to use fit_intercept=True, please set device=None or device='cpu'.

Predictor device: cuda:0
Target device: cuda:0
Alphas device: cpu
PC index 74 correlation: 0.2028
Running analysis for PC index 75
Centering data before using scikit-learn on GPU
NOTE: Using GPU for ridge regression.
Warning: RidgeCV with fit_intercept=False please center data before using this function. If you want to use fit_intercept=True, please set device=None or device='cpu'.

Predictor device: cuda:0
Target device: cuda:0
Alphas device: cpu
PC index 75 correlation: 0.2622
Running analysis for PC index 76
Centering data before using scikit-learn on GPU
NOTE: Using GPU for ridge regression.
Warning: RidgeCV with fit_intercept=False please center data before using this function. If you want to use fit_intercept=True, please set device=None or device='cpu'.

Predictor device: cuda:0
Target device: cuda:0
Alphas device: cpu
PC index 76 correlation: 0.2546
Running analysis for PC index 77
Centering data before using scikit-learn on GPU
NOTE: Using GPU for ridge regression.
Warning: RidgeCV with fit_intercept=False please center data before using this function. If you want to use fit_intercept=True, please set device=None or device='cpu'.

Predictor device: cuda:0
Target device: cuda:0
Alphas device: cpu
PC index 77 correlation: 0.2362
Running analysis for PC index 78
Centering data before using scikit-learn on GPU
NOTE: Using GPU for ridge regression.
Warning: RidgeCV with fit_intercept=False please center data before using this function. If you want to use fit_intercept=True, please set device=None or device='cpu'.

Predictor device: cuda:0
Target device: cuda:0
Alphas device: cpu
PC index 78 correlation: 0.2504
Running analysis for PC index 79
Centering data before using scikit-learn on GPU
NOTE: Using GPU for ridge regression.
Warning: RidgeCV with fit_intercept=False please center data before using this function. If you want to use fit_intercept=True, please set device=None or device='cpu'.

Predictor device: cuda:0
Target device: cuda:0
Alphas device: cpu
PC index 79 correlation: 0.2568
Running analysis for PC index 80
Centering data before using scikit-learn on GPU
NOTE: Using GPU for ridge regression.
Warning: RidgeCV with fit_intercept=False please center data before using this function. If you want to use fit_intercept=True, please set device=None or device='cpu'.

Predictor device: cuda:0
Target device: cuda:0
Alphas device: cpu
PC index 80 correlation: 0.1723
Running analysis for PC index 81
Centering data before using scikit-learn on GPU
NOTE: Using GPU for ridge regression.
Warning: RidgeCV with fit_intercept=False please center data before using this function. If you want to use fit_intercept=True, please set device=None or device='cpu'.

Predictor device: cuda:0
Target device: cuda:0
Alphas device: cpu
PC index 81 correlation: 0.2244
Running analysis for PC index 82
Centering data before using scikit-learn on GPU
NOTE: Using GPU for ridge regression.
Warning: RidgeCV with fit_intercept=False please center data before using this function. If you want to use fit_intercept=True, please set device=None or device='cpu'.

Predictor device: cuda:0
Target device: cuda:0
Alphas device: cpu
PC index 82 correlation: 0.2257
Running analysis for PC index 83
Centering data before using scikit-learn on GPU
NOTE: Using GPU for ridge regression.
Warning: RidgeCV with fit_intercept=False please center data before using this function. If you want to use fit_intercept=True, please set device=None or device='cpu'.

Predictor device: cuda:0
Target device: cuda:0
Alphas device: cpu
PC index 83 correlation: 0.2117
Running analysis for PC index 84
Centering data before using scikit-learn on GPU
NOTE: Using GPU for ridge regression.
Warning: RidgeCV with fit_intercept=False please center data before using this function. If you want to use fit_intercept=True, please set device=None or device='cpu'.

Predictor device: cuda:0
Target device: cuda:0
Alphas device: cpu
PC index 84 correlation: 0.2360
Running analysis for PC index 85
Centering data before using scikit-learn on GPU
NOTE: Using GPU for ridge regression.
Warning: RidgeCV with fit_intercept=False please center data before using this function. If you want to use fit_intercept=True, please set device=None or device='cpu'.

Predictor device: cuda:0
Target device: cuda:0
Alphas device: cpu
PC index 85 correlation: 0.1304
Running analysis for PC index 86
Centering data before using scikit-learn on GPU
NOTE: Using GPU for ridge regression.
Warning: RidgeCV with fit_intercept=False please center data before using this function. If you want to use fit_intercept=True, please set device=None or device='cpu'.

Predictor device: cuda:0
Target device: cuda:0
Alphas device: cpu
PC index 86 correlation: 0.2081
Running analysis for PC index 87
Centering data before using scikit-learn on GPU
NOTE: Using GPU for ridge regression.
Warning: RidgeCV with fit_intercept=False please center data before using this function. If you want to use fit_intercept=True, please set device=None or device='cpu'.

Predictor device: cuda:0
Target device: cuda:0
Alphas device: cpu
PC index 87 correlation: 0.2899
Running analysis for PC index 88
Centering data before using scikit-learn on GPU
NOTE: Using GPU for ridge regression.
Warning: RidgeCV with fit_intercept=False please center data before using this function. If you want to use fit_intercept=True, please set device=None or device='cpu'.

Predictor device: cuda:0
Target device: cuda:0
Alphas device: cpu
PC index 88 correlation: 0.2550
Running analysis for PC index 89
Centering data before using scikit-learn on GPU
NOTE: Using GPU for ridge regression.
Warning: RidgeCV with fit_intercept=False please center data before using this function. If you want to use fit_intercept=True, please set device=None or device='cpu'.

Predictor device: cuda:0
Target device: cuda:0
Alphas device: cpu
PC index 89 correlation: 0.2156
Running analysis for PC index 90
Centering data before using scikit-learn on GPU
NOTE: Using GPU for ridge regression.
Warning: RidgeCV with fit_intercept=False please center data before using this function. If you want to use fit_intercept=True, please set device=None or device='cpu'.

Predictor device: cuda:0
Target device: cuda:0
Alphas device: cpu
PC index 90 correlation: 0.1598
Running analysis for PC index 91
Centering data before using scikit-learn on GPU
NOTE: Using GPU for ridge regression.
Warning: RidgeCV with fit_intercept=False please center data before using this function. If you want to use fit_intercept=True, please set device=None or device='cpu'.

Predictor device: cuda:0
Target device: cuda:0
Alphas device: cpu
PC index 91 correlation: 0.2889
Running analysis for PC index 92
Centering data before using scikit-learn on GPU
NOTE: Using GPU for ridge regression.
Warning: RidgeCV with fit_intercept=False please center data before using this function. If you want to use fit_intercept=True, please set device=None or device='cpu'.

Predictor device: cuda:0
Target device: cuda:0
Alphas device: cpu
PC index 92 correlation: 0.1770
Running analysis for PC index 93
Centering data before using scikit-learn on GPU
NOTE: Using GPU for ridge regression.
Warning: RidgeCV with fit_intercept=False please center data before using this function. If you want to use fit_intercept=True, please set device=None or device='cpu'.

Predictor device: cuda:0
Target device: cuda:0
Alphas device: cpu
PC index 93 correlation: 0.1630
Running analysis for PC index 94
Centering data before using scikit-learn on GPU
NOTE: Using GPU for ridge regression.
Warning: RidgeCV with fit_intercept=False please center data before using this function. If you want to use fit_intercept=True, please set device=None or device='cpu'.

Predictor device: cuda:0
Target device: cuda:0
Alphas device: cpu
PC index 94 correlation: 0.2141
Running analysis for PC index 95
Centering data before using scikit-learn on GPU
NOTE: Using GPU for ridge regression.
Warning: RidgeCV with fit_intercept=False please center data before using this function. If you want to use fit_intercept=True, please set device=None or device='cpu'.

Predictor device: cuda:0
Target device: cuda:0
Alphas device: cpu
PC index 95 correlation: 0.2361
Running analysis for PC index 96
Centering data before using scikit-learn on GPU
NOTE: Using GPU for ridge regression.
Warning: RidgeCV with fit_intercept=False please center data before using this function. If you want to use fit_intercept=True, please set device=None or device='cpu'.

Predictor device: cuda:0
Target device: cuda:0
Alphas device: cpu
PC index 96 correlation: 0.2690
Running analysis for PC index 97
Centering data before using scikit-learn on GPU
NOTE: Using GPU for ridge regression.
Warning: RidgeCV with fit_intercept=False please center data before using this function. If you want to use fit_intercept=True, please set device=None or device='cpu'.

Predictor device: cuda:0
Target device: cuda:0
Alphas device: cpu
PC index 97 correlation: 0.1438
Running analysis for PC index 98
Centering data before using scikit-learn on GPU
NOTE: Using GPU for ridge regression.
Warning: RidgeCV with fit_intercept=False please center data before using this function. If you want to use fit_intercept=True, please set device=None or device='cpu'.

Predictor device: cuda:0
Target device: cuda:0
Alphas device: cpu
PC index 98 correlation: 0.1203
Running analysis for PC index 99
Centering data before using scikit-learn on GPU
NOTE: Using GPU for ridge regression.
Warning: RidgeCV with fit_intercept=False please center data before using this function. If you want to use fit_intercept=True, please set device=None or device='cpu'.

Predictor device: cuda:0
Target device: cuda:0
Alphas device: cpu
PC index 99 correlation: 0.2040
Running analysis for PC index 100
Centering data before using scikit-learn on GPU
NOTE: Using GPU for ridge regression.
Warning: RidgeCV with fit_intercept=False please center data before using this function. If you want to use fit_intercept=True, please set device=None or device='cpu'.

Predictor device: cuda:0
Target device: cuda:0
Alphas device: cpu
PC index 100 correlation: 0.1985
Running analysis for PC index 101
Centering data before using scikit-learn on GPU
NOTE: Using GPU for ridge regression.
Warning: RidgeCV with fit_intercept=False please center data before using this function. If you want to use fit_intercept=True, please set device=None or device='cpu'.

Predictor device: cuda:0
Target device: cuda:0
Alphas device: cpu
PC index 101 correlation: 0.2932
Running analysis for PC index 102
Centering data before using scikit-learn on GPU
NOTE: Using GPU for ridge regression.
Warning: RidgeCV with fit_intercept=False please center data before using this function. If you want to use fit_intercept=True, please set device=None or device='cpu'.

Predictor device: cuda:0
Target device: cuda:0
Alphas device: cpu
PC index 102 correlation: 0.2516
Running analysis for PC index 103
Centering data before using scikit-learn on GPU
NOTE: Using GPU for ridge regression.
Warning: RidgeCV with fit_intercept=False please center data before using this function. If you want to use fit_intercept=True, please set device=None or device='cpu'.

Predictor device: cuda:0
Target device: cuda:0
Alphas device: cpu
PC index 103 correlation: 0.3153
Running analysis for PC index 104
Centering data before using scikit-learn on GPU
NOTE: Using GPU for ridge regression.
Warning: RidgeCV with fit_intercept=False please center data before using this function. If you want to use fit_intercept=True, please set device=None or device='cpu'.

Predictor device: cuda:0
Target device: cuda:0
Alphas device: cpu
PC index 104 correlation: 0.1778
Running analysis for PC index 105
Centering data before using scikit-learn on GPU
NOTE: Using GPU for ridge regression.
Warning: RidgeCV with fit_intercept=False please center data before using this function. If you want to use fit_intercept=True, please set device=None or device='cpu'.

Predictor device: cuda:0
Target device: cuda:0
Alphas device: cpu
PC index 105 correlation: 0.2227
Running analysis for PC index 106
Centering data before using scikit-learn on GPU
NOTE: Using GPU for ridge regression.
Warning: RidgeCV with fit_intercept=False please center data before using this function. If you want to use fit_intercept=True, please set device=None or device='cpu'.

Predictor device: cuda:0
Target device: cuda:0
Alphas device: cpu
PC index 106 correlation: 0.2688
Running analysis for PC index 107
Centering data before using scikit-learn on GPU
NOTE: Using GPU for ridge regression.
Warning: RidgeCV with fit_intercept=False please center data before using this function. If you want to use fit_intercept=True, please set device=None or device='cpu'.

Predictor device: cuda:0
Target device: cuda:0
Alphas device: cpu
PC index 107 correlation: 0.2848
Running analysis for PC index 108
Centering data before using scikit-learn on GPU
NOTE: Using GPU for ridge regression.
Warning: RidgeCV with fit_intercept=False please center data before using this function. If you want to use fit_intercept=True, please set device=None or device='cpu'.

Predictor device: cuda:0
Target device: cuda:0
Alphas device: cpu
PC index 108 correlation: 0.1888
Running analysis for PC index 109
Centering data before using scikit-learn on GPU
NOTE: Using GPU for ridge regression.
Warning: RidgeCV with fit_intercept=False please center data before using this function. If you want to use fit_intercept=True, please set device=None or device='cpu'.

Predictor device: cuda:0
Target device: cuda:0
Alphas device: cpu
PC index 109 correlation: 0.1506
Running analysis for PC index 110
Centering data before using scikit-learn on GPU
NOTE: Using GPU for ridge regression.
Warning: RidgeCV with fit_intercept=False please center data before using this function. If you want to use fit_intercept=True, please set device=None or device='cpu'.

Predictor device: cuda:0
Target device: cuda:0
Alphas device: cpu
PC index 110 correlation: 0.0867
Running analysis for PC index 111
Centering data before using scikit-learn on GPU
NOTE: Using GPU for ridge regression.
Warning: RidgeCV with fit_intercept=False please center data before using this function. If you want to use fit_intercept=True, please set device=None or device='cpu'.

Predictor device: cuda:0
Target device: cuda:0
Alphas device: cpu
PC index 111 correlation: 0.2171
Running analysis for PC index 112
Centering data before using scikit-learn on GPU
NOTE: Using GPU for ridge regression.
Warning: RidgeCV with fit_intercept=False please center data before using this function. If you want to use fit_intercept=True, please set device=None or device='cpu'.

Predictor device: cuda:0
Target device: cuda:0
Alphas device: cpu
PC index 112 correlation: 0.1359
Running analysis for PC index 113
Centering data before using scikit-learn on GPU
NOTE: Using GPU for ridge regression.
Warning: RidgeCV with fit_intercept=False please center data before using this function. If you want to use fit_intercept=True, please set device=None or device='cpu'.

Predictor device: cuda:0
Target device: cuda:0
Alphas device: cpu
PC index 113 correlation: 0.1414
Running analysis for PC index 114
Centering data before using scikit-learn on GPU
NOTE: Using GPU for ridge regression.
Warning: RidgeCV with fit_intercept=False please center data before using this function. If you want to use fit_intercept=True, please set device=None or device='cpu'.

Predictor device: cuda:0
Target device: cuda:0
Alphas device: cpu
PC index 114 correlation: 0.2662
Running analysis for PC index 115
Centering data before using scikit-learn on GPU
NOTE: Using GPU for ridge regression.
Warning: RidgeCV with fit_intercept=False please center data before using this function. If you want to use fit_intercept=True, please set device=None or device='cpu'.

Predictor device: cuda:0
Target device: cuda:0
Alphas device: cpu
PC index 115 correlation: 0.1258
Running analysis for PC index 116
Centering data before using scikit-learn on GPU
NOTE: Using GPU for ridge regression.
Warning: RidgeCV with fit_intercept=False please center data before using this function. If you want to use fit_intercept=True, please set device=None or device='cpu'.

Predictor device: cuda:0
Target device: cuda:0
Alphas device: cpu
PC index 116 correlation: 0.1753
Running analysis for PC index 117
Centering data before using scikit-learn on GPU
NOTE: Using GPU for ridge regression.
Warning: RidgeCV with fit_intercept=False please center data before using this function. If you want to use fit_intercept=True, please set device=None or device='cpu'.

Predictor device: cuda:0
Target device: cuda:0
Alphas device: cpu
PC index 117 correlation: 0.2128
Running analysis for PC index 118
Centering data before using scikit-learn on GPU
NOTE: Using GPU for ridge regression.
Warning: RidgeCV with fit_intercept=False please center data before using this function. If you want to use fit_intercept=True, please set device=None or device='cpu'.

Predictor device: cuda:0
Target device: cuda:0
Alphas device: cpu
PC index 118 correlation: 0.2144
Running analysis for PC index 119
Centering data before using scikit-learn on GPU
NOTE: Using GPU for ridge regression.
Warning: RidgeCV with fit_intercept=False please center data before using this function. If you want to use fit_intercept=True, please set device=None or device='cpu'.

Predictor device: cuda:0
Target device: cuda:0
Alphas device: cpu
PC index 119 correlation: 0.1932
Running analysis for PC index 120
Centering data before using scikit-learn on GPU
NOTE: Using GPU for ridge regression.
Warning: RidgeCV with fit_intercept=False please center data before using this function. If you want to use fit_intercept=True, please set device=None or device='cpu'.

Predictor device: cuda:0
Target device: cuda:0
Alphas device: cpu
PC index 120 correlation: 0.1486
Running analysis for PC index 121
Centering data before using scikit-learn on GPU
NOTE: Using GPU for ridge regression.
Warning: RidgeCV with fit_intercept=False please center data before using this function. If you want to use fit_intercept=True, please set device=None or device='cpu'.

Predictor device: cuda:0
Target device: cuda:0
Alphas device: cpu
PC index 121 correlation: 0.1706
Running analysis for PC index 122
Centering data before using scikit-learn on GPU
NOTE: Using GPU for ridge regression.
Warning: RidgeCV with fit_intercept=False please center data before using this function. If you want to use fit_intercept=True, please set device=None or device='cpu'.

Predictor device: cuda:0
Target device: cuda:0
Alphas device: cpu
PC index 122 correlation: 0.2369
Running analysis for PC index 123
Centering data before using scikit-learn on GPU
NOTE: Using GPU for ridge regression.
Warning: RidgeCV with fit_intercept=False please center data before using this function. If you want to use fit_intercept=True, please set device=None or device='cpu'.

Predictor device: cuda:0
Target device: cuda:0
Alphas device: cpu
PC index 123 correlation: 0.1733
Running analysis for PC index 124
Centering data before using scikit-learn on GPU
NOTE: Using GPU for ridge regression.
Warning: RidgeCV with fit_intercept=False please center data before using this function. If you want to use fit_intercept=True, please set device=None or device='cpu'.

Predictor device: cuda:0
Target device: cuda:0
Alphas device: cpu
PC index 124 correlation: 0.1396
Running analysis for PC index 125
Centering data before using scikit-learn on GPU
NOTE: Using GPU for ridge regression.
Warning: RidgeCV with fit_intercept=False please center data before using this function. If you want to use fit_intercept=True, please set device=None or device='cpu'.

Predictor device: cuda:0
Target device: cuda:0
Alphas device: cpu
PC index 125 correlation: 0.2047
Running analysis for PC index 126
Centering data before using scikit-learn on GPU
NOTE: Using GPU for ridge regression.
Warning: RidgeCV with fit_intercept=False please center data before using this function. If you want to use fit_intercept=True, please set device=None or device='cpu'.

Predictor device: cuda:0
Target device: cuda:0
Alphas device: cpu
PC index 126 correlation: 0.1745
Running analysis for PC index 127
Centering data before using scikit-learn on GPU
NOTE: Using GPU for ridge regression.
Warning: RidgeCV with fit_intercept=False please center data before using this function. If you want to use fit_intercept=True, please set device=None or device='cpu'.

Predictor device: cuda:0
Target device: cuda:0
Alphas device: cpu
PC index 127 correlation: 0.1484
Running analysis for PC index 128
Centering data before using scikit-learn on GPU
NOTE: Using GPU for ridge regression.
Warning: RidgeCV with fit_intercept=False please center data before using this function. If you want to use fit_intercept=True, please set device=None or device='cpu'.

Predictor device: cuda:0
Target device: cuda:0
Alphas device: cpu
PC index 128 correlation: 0.2264
Running analysis for PC index 129
Centering data before using scikit-learn on GPU
NOTE: Using GPU for ridge regression.
Warning: RidgeCV with fit_intercept=False please center data before using this function. If you want to use fit_intercept=True, please set device=None or device='cpu'.

Predictor device: cuda:0
Target device: cuda:0
Alphas device: cpu
PC index 129 correlation: 0.2324
Running analysis for PC index 130
Centering data before using scikit-learn on GPU
NOTE: Using GPU for ridge regression.
Warning: RidgeCV with fit_intercept=False please center data before using this function. If you want to use fit_intercept=True, please set device=None or device='cpu'.

Predictor device: cuda:0
Target device: cuda:0
Alphas device: cpu
PC index 130 correlation: 0.2664
Running analysis for PC index 131
Centering data before using scikit-learn on GPU
NOTE: Using GPU for ridge regression.
Warning: RidgeCV with fit_intercept=False please center data before using this function. If you want to use fit_intercept=True, please set device=None or device='cpu'.

Predictor device: cuda:0
Target device: cuda:0
Alphas device: cpu
PC index 131 correlation: 0.1400
Running analysis for PC index 132
Centering data before using scikit-learn on GPU
NOTE: Using GPU for ridge regression.
Warning: RidgeCV with fit_intercept=False please center data before using this function. If you want to use fit_intercept=True, please set device=None or device='cpu'.

Predictor device: cuda:0
Target device: cuda:0
Alphas device: cpu
PC index 132 correlation: 0.2108
Running analysis for PC index 133
Centering data before using scikit-learn on GPU
NOTE: Using GPU for ridge regression.
Warning: RidgeCV with fit_intercept=False please center data before using this function. If you want to use fit_intercept=True, please set device=None or device='cpu'.

Predictor device: cuda:0
Target device: cuda:0
Alphas device: cpu
PC index 133 correlation: 0.1457
Running analysis for PC index 134
Centering data before using scikit-learn on GPU
NOTE: Using GPU for ridge regression.
Warning: RidgeCV with fit_intercept=False please center data before using this function. If you want to use fit_intercept=True, please set device=None or device='cpu'.

Predictor device: cuda:0
Target device: cuda:0
Alphas device: cpu
PC index 134 correlation: 0.1465
Running analysis for PC index 135
Centering data before using scikit-learn on GPU
NOTE: Using GPU for ridge regression.
Warning: RidgeCV with fit_intercept=False please center data before using this function. If you want to use fit_intercept=True, please set device=None or device='cpu'.

Predictor device: cuda:0
Target device: cuda:0
Alphas device: cpu
PC index 135 correlation: 0.2428
Running analysis for PC index 136
Centering data before using scikit-learn on GPU
NOTE: Using GPU for ridge regression.
Warning: RidgeCV with fit_intercept=False please center data before using this function. If you want to use fit_intercept=True, please set device=None or device='cpu'.

Predictor device: cuda:0
Target device: cuda:0
Alphas device: cpu
PC index 136 correlation: 0.1333
Running analysis for PC index 137
Centering data before using scikit-learn on GPU
NOTE: Using GPU for ridge regression.
Warning: RidgeCV with fit_intercept=False please center data before using this function. If you want to use fit_intercept=True, please set device=None or device='cpu'.

Predictor device: cuda:0
Target device: cuda:0
Alphas device: cpu
PC index 137 correlation: 0.1957
Running analysis for PC index 138
Centering data before using scikit-learn on GPU
NOTE: Using GPU for ridge regression.
Warning: RidgeCV with fit_intercept=False please center data before using this function. If you want to use fit_intercept=True, please set device=None or device='cpu'.

Predictor device: cuda:0
Target device: cuda:0
Alphas device: cpu
PC index 138 correlation: 0.1880
Running analysis for PC index 139
Centering data before using scikit-learn on GPU
NOTE: Using GPU for ridge regression.
Warning: RidgeCV with fit_intercept=False please center data before using this function. If you want to use fit_intercept=True, please set device=None or device='cpu'.

Predictor device: cuda:0
Target device: cuda:0
Alphas device: cpu
PC index 139 correlation: 0.2100
Running analysis for PC index 140
Centering data before using scikit-learn on GPU
NOTE: Using GPU for ridge regression.
Warning: RidgeCV with fit_intercept=False please center data before using this function. If you want to use fit_intercept=True, please set device=None or device='cpu'.

Predictor device: cuda:0
Target device: cuda:0
Alphas device: cpu
PC index 140 correlation: 0.1843
Running analysis for PC index 141
Centering data before using scikit-learn on GPU
NOTE: Using GPU for ridge regression.
Warning: RidgeCV with fit_intercept=False please center data before using this function. If you want to use fit_intercept=True, please set device=None or device='cpu'.

Predictor device: cuda:0
Target device: cuda:0
Alphas device: cpu
PC index 141 correlation: 0.1298
Running analysis for PC index 142
Centering data before using scikit-learn on GPU
NOTE: Using GPU for ridge regression.
Warning: RidgeCV with fit_intercept=False please center data before using this function. If you want to use fit_intercept=True, please set device=None or device='cpu'.

Predictor device: cuda:0
Target device: cuda:0
Alphas device: cpu
PC index 142 correlation: 0.1682
Running analysis for PC index 143
Centering data before using scikit-learn on GPU
NOTE: Using GPU for ridge regression.
Warning: RidgeCV with fit_intercept=False please center data before using this function. If you want to use fit_intercept=True, please set device=None or device='cpu'.

Predictor device: cuda:0
Target device: cuda:0
Alphas device: cpu
PC index 143 correlation: 0.1846
Running analysis for PC index 144
Centering data before using scikit-learn on GPU
NOTE: Using GPU for ridge regression.
Warning: RidgeCV with fit_intercept=False please center data before using this function. If you want to use fit_intercept=True, please set device=None or device='cpu'.

Predictor device: cuda:0
Target device: cuda:0
Alphas device: cpu
PC index 144 correlation: 0.1573
Running analysis for PC index 145
Centering data before using scikit-learn on GPU
NOTE: Using GPU for ridge regression.
Warning: RidgeCV with fit_intercept=False please center data before using this function. If you want to use fit_intercept=True, please set device=None or device='cpu'.

Predictor device: cuda:0
Target device: cuda:0
Alphas device: cpu
PC index 145 correlation: 0.2262
Running analysis for PC index 146
Centering data before using scikit-learn on GPU
NOTE: Using GPU for ridge regression.
Warning: RidgeCV with fit_intercept=False please center data before using this function. If you want to use fit_intercept=True, please set device=None or device='cpu'.

Predictor device: cuda:0
Target device: cuda:0
Alphas device: cpu
PC index 146 correlation: 0.1502
Running analysis for PC index 147
Centering data before using scikit-learn on GPU
NOTE: Using GPU for ridge regression.
Warning: RidgeCV with fit_intercept=False please center data before using this function. If you want to use fit_intercept=True, please set device=None or device='cpu'.

Predictor device: cuda:0
Target device: cuda:0
Alphas device: cpu
PC index 147 correlation: 0.0953
Running analysis for PC index 148
Centering data before using scikit-learn on GPU
NOTE: Using GPU for ridge regression.
Warning: RidgeCV with fit_intercept=False please center data before using this function. If you want to use fit_intercept=True, please set device=None or device='cpu'.

Predictor device: cuda:0
Target device: cuda:0
Alphas device: cpu
PC index 148 correlation: 0.1719
Running analysis for PC index 149
Centering data before using scikit-learn on GPU
NOTE: Using GPU for ridge regression.
Warning: RidgeCV with fit_intercept=False please center data before using this function. If you want to use fit_intercept=True, please set device=None or device='cpu'.

Predictor device: cuda:0
Target device: cuda:0
Alphas device: cpu
PC index 149 correlation: 0.1846
Running analysis for PC index 150
Centering data before using scikit-learn on GPU
NOTE: Using GPU for ridge regression.
Warning: RidgeCV with fit_intercept=False please center data before using this function. If you want to use fit_intercept=True, please set device=None or device='cpu'.

Predictor device: cuda:0
Target device: cuda:0
Alphas device: cpu
PC index 150 correlation: 0.2089
Running analysis for PC index 151
Centering data before using scikit-learn on GPU
NOTE: Using GPU for ridge regression.
Warning: RidgeCV with fit_intercept=False please center data before using this function. If you want to use fit_intercept=True, please set device=None or device='cpu'.

Predictor device: cuda:0
Target device: cuda:0
Alphas device: cpu
PC index 151 correlation: 0.1927
Running analysis for PC index 152
Centering data before using scikit-learn on GPU
NOTE: Using GPU for ridge regression.
Warning: RidgeCV with fit_intercept=False please center data before using this function. If you want to use fit_intercept=True, please set device=None or device='cpu'.

Predictor device: cuda:0
Target device: cuda:0
Alphas device: cpu
PC index 152 correlation: 0.1345
Running analysis for PC index 153
Centering data before using scikit-learn on GPU
NOTE: Using GPU for ridge regression.
Warning: RidgeCV with fit_intercept=False please center data before using this function. If you want to use fit_intercept=True, please set device=None or device='cpu'.

Predictor device: cuda:0
Target device: cuda:0
Alphas device: cpu
PC index 153 correlation: 0.1752
Running analysis for PC index 154
Centering data before using scikit-learn on GPU
NOTE: Using GPU for ridge regression.
Warning: RidgeCV with fit_intercept=False please center data before using this function. If you want to use fit_intercept=True, please set device=None or device='cpu'.

Predictor device: cuda:0
Target device: cuda:0
Alphas device: cpu
PC index 154 correlation: 0.1447
Running analysis for PC index 155
Centering data before using scikit-learn on GPU
NOTE: Using GPU for ridge regression.
Warning: RidgeCV with fit_intercept=False please center data before using this function. If you want to use fit_intercept=True, please set device=None or device='cpu'.

Predictor device: cuda:0
Target device: cuda:0
Alphas device: cpu
PC index 155 correlation: 0.1048
Running analysis for PC index 156
Centering data before using scikit-learn on GPU
NOTE: Using GPU for ridge regression.
Warning: RidgeCV with fit_intercept=False please center data before using this function. If you want to use fit_intercept=True, please set device=None or device='cpu'.

Predictor device: cuda:0
Target device: cuda:0
Alphas device: cpu
PC index 156 correlation: 0.1057
Running analysis for PC index 157
Centering data before using scikit-learn on GPU
NOTE: Using GPU for ridge regression.
Warning: RidgeCV with fit_intercept=False please center data before using this function. If you want to use fit_intercept=True, please set device=None or device='cpu'.

Predictor device: cuda:0
Target device: cuda:0
Alphas device: cpu
PC index 157 correlation: 0.1736
Running analysis for PC index 158
Centering data before using scikit-learn on GPU
NOTE: Using GPU for ridge regression.
Warning: RidgeCV with fit_intercept=False please center data before using this function. If you want to use fit_intercept=True, please set device=None or device='cpu'.

Predictor device: cuda:0
Target device: cuda:0
Alphas device: cpu
PC index 158 correlation: 0.1907
Running analysis for PC index 159
Centering data before using scikit-learn on GPU
NOTE: Using GPU for ridge regression.
Warning: RidgeCV with fit_intercept=False please center data before using this function. If you want to use fit_intercept=True, please set device=None or device='cpu'.

Predictor device: cuda:0
Target device: cuda:0
Alphas device: cpu
PC index 159 correlation: 0.1986
Running analysis for PC index 160
Centering data before using scikit-learn on GPU
NOTE: Using GPU for ridge regression.
Warning: RidgeCV with fit_intercept=False please center data before using this function. If you want to use fit_intercept=True, please set device=None or device='cpu'.

Predictor device: cuda:0
Target device: cuda:0
Alphas device: cpu
PC index 160 correlation: 0.1100
Running analysis for PC index 161
Centering data before using scikit-learn on GPU
NOTE: Using GPU for ridge regression.
Warning: RidgeCV with fit_intercept=False please center data before using this function. If you want to use fit_intercept=True, please set device=None or device='cpu'.

Predictor device: cuda:0
Target device: cuda:0
Alphas device: cpu
PC index 161 correlation: 0.1551
Running analysis for PC index 162
Centering data before using scikit-learn on GPU
NOTE: Using GPU for ridge regression.
Warning: RidgeCV with fit_intercept=False please center data before using this function. If you want to use fit_intercept=True, please set device=None or device='cpu'.

Predictor device: cuda:0
Target device: cuda:0
Alphas device: cpu
PC index 162 correlation: 0.1907
Running analysis for PC index 163
Centering data before using scikit-learn on GPU
NOTE: Using GPU for ridge regression.
Warning: RidgeCV with fit_intercept=False please center data before using this function. If you want to use fit_intercept=True, please set device=None or device='cpu'.

Predictor device: cuda:0
Target device: cuda:0
Alphas device: cpu
PC index 163 correlation: 0.2673
Running analysis for PC index 164
Centering data before using scikit-learn on GPU
NOTE: Using GPU for ridge regression.
Warning: RidgeCV with fit_intercept=False please center data before using this function. If you want to use fit_intercept=True, please set device=None or device='cpu'.

Predictor device: cuda:0
Target device: cuda:0
Alphas device: cpu
PC index 164 correlation: 0.1469
Running analysis for PC index 165
Centering data before using scikit-learn on GPU
NOTE: Using GPU for ridge regression.
Warning: RidgeCV with fit_intercept=False please center data before using this function. If you want to use fit_intercept=True, please set device=None or device='cpu'.

Predictor device: cuda:0
Target device: cuda:0
Alphas device: cpu
PC index 165 correlation: 0.1768
Running analysis for PC index 166
Centering data before using scikit-learn on GPU
NOTE: Using GPU for ridge regression.
Warning: RidgeCV with fit_intercept=False please center data before using this function. If you want to use fit_intercept=True, please set device=None or device='cpu'.

Predictor device: cuda:0
Target device: cuda:0
Alphas device: cpu
PC index 166 correlation: 0.1897
Running analysis for PC index 167
Centering data before using scikit-learn on GPU
NOTE: Using GPU for ridge regression.
Warning: RidgeCV with fit_intercept=False please center data before using this function. If you want to use fit_intercept=True, please set device=None or device='cpu'.

Predictor device: cuda:0
Target device: cuda:0
Alphas device: cpu
PC index 167 correlation: 0.1843
Running analysis for PC index 168
Centering data before using scikit-learn on GPU
NOTE: Using GPU for ridge regression.
Warning: RidgeCV with fit_intercept=False please center data before using this function. If you want to use fit_intercept=True, please set device=None or device='cpu'.

Predictor device: cuda:0
Target device: cuda:0
Alphas device: cpu
PC index 168 correlation: 0.1703
Running analysis for PC index 169
Centering data before using scikit-learn on GPU
NOTE: Using GPU for ridge regression.
Warning: RidgeCV with fit_intercept=False please center data before using this function. If you want to use fit_intercept=True, please set device=None or device='cpu'.

Predictor device: cuda:0
Target device: cuda:0
Alphas device: cpu
PC index 169 correlation: 0.1720
Running analysis for PC index 170
Centering data before using scikit-learn on GPU
NOTE: Using GPU for ridge regression.
Warning: RidgeCV with fit_intercept=False please center data before using this function. If you want to use fit_intercept=True, please set device=None or device='cpu'.

Predictor device: cuda:0
Target device: cuda:0
Alphas device: cpu
PC index 170 correlation: 0.1757
Running analysis for PC index 171
Centering data before using scikit-learn on GPU
NOTE: Using GPU for ridge regression.
Warning: RidgeCV with fit_intercept=False please center data before using this function. If you want to use fit_intercept=True, please set device=None or device='cpu'.

Predictor device: cuda:0
Target device: cuda:0
Alphas device: cpu
PC index 171 correlation: 0.1761
Running analysis for PC index 172
Centering data before using scikit-learn on GPU
NOTE: Using GPU for ridge regression.
Warning: RidgeCV with fit_intercept=False please center data before using this function. If you want to use fit_intercept=True, please set device=None or device='cpu'.

Predictor device: cuda:0
Target device: cuda:0
Alphas device: cpu
PC index 172 correlation: 0.2334
Running analysis for PC index 173
Centering data before using scikit-learn on GPU
NOTE: Using GPU for ridge regression.
Warning: RidgeCV with fit_intercept=False please center data before using this function. If you want to use fit_intercept=True, please set device=None or device='cpu'.

Predictor device: cuda:0
Target device: cuda:0
Alphas device: cpu
PC index 173 correlation: 0.1483
Running analysis for PC index 174
Centering data before using scikit-learn on GPU
NOTE: Using GPU for ridge regression.
Warning: RidgeCV with fit_intercept=False please center data before using this function. If you want to use fit_intercept=True, please set device=None or device='cpu'.

Predictor device: cuda:0
Target device: cuda:0
Alphas device: cpu
PC index 174 correlation: 0.1861
Running analysis for PC index 175
Centering data before using scikit-learn on GPU
NOTE: Using GPU for ridge regression.
Warning: RidgeCV with fit_intercept=False please center data before using this function. If you want to use fit_intercept=True, please set device=None or device='cpu'.

Predictor device: cuda:0
Target device: cuda:0
Alphas device: cpu
PC index 175 correlation: 0.1515
Running analysis for PC index 176
Centering data before using scikit-learn on GPU
NOTE: Using GPU for ridge regression.
Warning: RidgeCV with fit_intercept=False please center data before using this function. If you want to use fit_intercept=True, please set device=None or device='cpu'.

Predictor device: cuda:0
Target device: cuda:0
Alphas device: cpu
PC index 176 correlation: 0.1122
Running analysis for PC index 177
Centering data before using scikit-learn on GPU
NOTE: Using GPU for ridge regression.
Warning: RidgeCV with fit_intercept=False please center data before using this function. If you want to use fit_intercept=True, please set device=None or device='cpu'.

Predictor device: cuda:0
Target device: cuda:0
Alphas device: cpu
PC index 177 correlation: 0.1568
Running analysis for PC index 178
Centering data before using scikit-learn on GPU
NOTE: Using GPU for ridge regression.
Warning: RidgeCV with fit_intercept=False please center data before using this function. If you want to use fit_intercept=True, please set device=None or device='cpu'.

Predictor device: cuda:0
Target device: cuda:0
Alphas device: cpu
PC index 178 correlation: 0.0917
Running analysis for PC index 179
Centering data before using scikit-learn on GPU
NOTE: Using GPU for ridge regression.
Warning: RidgeCV with fit_intercept=False please center data before using this function. If you want to use fit_intercept=True, please set device=None or device='cpu'.

Predictor device: cuda:0
Target device: cuda:0
Alphas device: cpu
PC index 179 correlation: 0.1946
Running analysis for PC index 180
Centering data before using scikit-learn on GPU
NOTE: Using GPU for ridge regression.
Warning: RidgeCV with fit_intercept=False please center data before using this function. If you want to use fit_intercept=True, please set device=None or device='cpu'.

Predictor device: cuda:0
Target device: cuda:0
Alphas device: cpu
PC index 180 correlation: 0.0661
Running analysis for PC index 181
Centering data before using scikit-learn on GPU
NOTE: Using GPU for ridge regression.
Warning: RidgeCV with fit_intercept=False please center data before using this function. If you want to use fit_intercept=True, please set device=None or device='cpu'.

Predictor device: cuda:0
Target device: cuda:0
Alphas device: cpu
PC index 181 correlation: 0.1069
Running analysis for PC index 182
Centering data before using scikit-learn on GPU
NOTE: Using GPU for ridge regression.
Warning: RidgeCV with fit_intercept=False please center data before using this function. If you want to use fit_intercept=True, please set device=None or device='cpu'.

Predictor device: cuda:0
Target device: cuda:0
Alphas device: cpu
PC index 182 correlation: 0.1897
Running analysis for PC index 183
Centering data before using scikit-learn on GPU
NOTE: Using GPU for ridge regression.
Warning: RidgeCV with fit_intercept=False please center data before using this function. If you want to use fit_intercept=True, please set device=None or device='cpu'.

Predictor device: cuda:0
Target device: cuda:0
Alphas device: cpu
PC index 183 correlation: 0.1728
Running analysis for PC index 184
Centering data before using scikit-learn on GPU
NOTE: Using GPU for ridge regression.
Warning: RidgeCV with fit_intercept=False please center data before using this function. If you want to use fit_intercept=True, please set device=None or device='cpu'.

Predictor device: cuda:0
Target device: cuda:0
Alphas device: cpu
PC index 184 correlation: 0.1533
Running analysis for PC index 185
Centering data before using scikit-learn on GPU
NOTE: Using GPU for ridge regression.
Warning: RidgeCV with fit_intercept=False please center data before using this function. If you want to use fit_intercept=True, please set device=None or device='cpu'.

Predictor device: cuda:0
Target device: cuda:0
Alphas device: cpu
PC index 185 correlation: 0.1651
Running analysis for PC index 186
Centering data before using scikit-learn on GPU
NOTE: Using GPU for ridge regression.
Warning: RidgeCV with fit_intercept=False please center data before using this function. If you want to use fit_intercept=True, please set device=None or device='cpu'.

Predictor device: cuda:0
Target device: cuda:0
Alphas device: cpu
PC index 186 correlation: 0.0766
Running analysis for PC index 187
Centering data before using scikit-learn on GPU
NOTE: Using GPU for ridge regression.
Warning: RidgeCV with fit_intercept=False please center data before using this function. If you want to use fit_intercept=True, please set device=None or device='cpu'.

Predictor device: cuda:0
Target device: cuda:0
Alphas device: cpu
PC index 187 correlation: 0.1911
Running analysis for PC index 188
Centering data before using scikit-learn on GPU
NOTE: Using GPU for ridge regression.
Warning: RidgeCV with fit_intercept=False please center data before using this function. If you want to use fit_intercept=True, please set device=None or device='cpu'.

Predictor device: cuda:0
Target device: cuda:0
Alphas device: cpu
PC index 188 correlation: 0.1811
Running analysis for PC index 189
Centering data before using scikit-learn on GPU
NOTE: Using GPU for ridge regression.
Warning: RidgeCV with fit_intercept=False please center data before using this function. If you want to use fit_intercept=True, please set device=None or device='cpu'.

Predictor device: cuda:0
Target device: cuda:0
Alphas device: cpu
PC index 189 correlation: 0.1183
Running analysis for PC index 190
Centering data before using scikit-learn on GPU
NOTE: Using GPU for ridge regression.
Warning: RidgeCV with fit_intercept=False please center data before using this function. If you want to use fit_intercept=True, please set device=None or device='cpu'.

Predictor device: cuda:0
Target device: cuda:0
Alphas device: cpu
PC index 190 correlation: 0.1773
Running analysis for PC index 191
Centering data before using scikit-learn on GPU
NOTE: Using GPU for ridge regression.
Warning: RidgeCV with fit_intercept=False please center data before using this function. If you want to use fit_intercept=True, please set device=None or device='cpu'.

Predictor device: cuda:0
Target device: cuda:0
Alphas device: cpu
PC index 191 correlation: 0.1652
Running analysis for PC index 192
Centering data before using scikit-learn on GPU
NOTE: Using GPU for ridge regression.
Warning: RidgeCV with fit_intercept=False please center data before using this function. If you want to use fit_intercept=True, please set device=None or device='cpu'.

Predictor device: cuda:0
Target device: cuda:0
Alphas device: cpu
PC index 192 correlation: 0.1001
Running analysis for PC index 193
Centering data before using scikit-learn on GPU
NOTE: Using GPU for ridge regression.
Warning: RidgeCV with fit_intercept=False please center data before using this function. If you want to use fit_intercept=True, please set device=None or device='cpu'.

Predictor device: cuda:0
Target device: cuda:0
Alphas device: cpu
PC index 193 correlation: 0.1301
Running analysis for PC index 194
Centering data before using scikit-learn on GPU
NOTE: Using GPU for ridge regression.
Warning: RidgeCV with fit_intercept=False please center data before using this function. If you want to use fit_intercept=True, please set device=None or device='cpu'.

Predictor device: cuda:0
Target device: cuda:0
Alphas device: cpu
PC index 194 correlation: 0.1235
Running analysis for PC index 195
Centering data before using scikit-learn on GPU
NOTE: Using GPU for ridge regression.
Warning: RidgeCV with fit_intercept=False please center data before using this function. If you want to use fit_intercept=True, please set device=None or device='cpu'.

Predictor device: cuda:0
Target device: cuda:0
Alphas device: cpu
PC index 195 correlation: 0.1866
Running analysis for PC index 196
Centering data before using scikit-learn on GPU
NOTE: Using GPU for ridge regression.
Warning: RidgeCV with fit_intercept=False please center data before using this function. If you want to use fit_intercept=True, please set device=None or device='cpu'.

Predictor device: cuda:0
Target device: cuda:0
Alphas device: cpu
PC index 196 correlation: 0.2228
Running analysis for PC index 197
Centering data before using scikit-learn on GPU
NOTE: Using GPU for ridge regression.
Warning: RidgeCV with fit_intercept=False please center data before using this function. If you want to use fit_intercept=True, please set device=None or device='cpu'.

Predictor device: cuda:0
Target device: cuda:0
Alphas device: cpu
PC index 197 correlation: 0.1024
Running analysis for PC index 198
Centering data before using scikit-learn on GPU
NOTE: Using GPU for ridge regression.
Warning: RidgeCV with fit_intercept=False please center data before using this function. If you want to use fit_intercept=True, please set device=None or device='cpu'.

Predictor device: cuda:0
Target device: cuda:0
Alphas device: cpu
PC index 198 correlation: 0.1423
Running analysis for PC index 199
Centering data before using scikit-learn on GPU
NOTE: Using GPU for ridge regression.
Warning: RidgeCV with fit_intercept=False please center data before using this function. If you want to use fit_intercept=True, please set device=None or device='cpu'.

Predictor device: cuda:0
Target device: cuda:0
Alphas device: cpu
PC index 199 correlation: 0.2008
Saved cspresnet50_classification correlations to /home/ohadshee/Desktop/Partial-Information-Decomposition/pipeline/analysis/ridge_analysis/GPU_200_pcs_correlations_by_model.csv 😀
Starting model: mobilenetv3_large_100_classification
Number of images: 73000
Image shape: (425, 425, 3), dtype: uint8
nsdID shape: (73000,), Shared1000 shape: (73000,)
Neural data shape: (10000, 8088)
Image IDs shape: (10000,)
Number of voxels: 8088
Number of projections for SRP: 7894

Loaded target with shape (10000, 8088).
Model options for mobilenetv3_large_100_classification: {'model_name': 'mobilenetv3_large_100', 'train_type': 'classification', 'train_data': 'imagenet', 'model_source': 'timm', 'call': "get_timm_model('mobilenetv3_large_100', pretrained = True)"}
Image transforms for mobilenetv3_large_100_classification: Compose(
    Resize(size=(224, 224), interpolation=bicubic, max_size=None, antialias=True)
    MaybeToTensor()
    Normalize(mean=tensor([0.4850, 0.4560, 0.4060]), std=tensor([0.2290, 0.2240, 0.2250]))
)
Loaded model: mobilenetv3_large_100_classification
Ordered layers from model: ['Conv2d-1', 'Identity-1', 'Hardswish-1', 'BatchNormAct2d-1', 'Conv2d-2', 'Identity-2', 'ReLU-1', 'BatchNormAct2d-2', 'Identity-3', 'Identity-4', 'Conv2d-3', 'Identity-5', 'Identity-6', 'BatchNormAct2d-3', 'Identity-7', 'DepthwiseSeparableConv-1', 'Conv2d-4', 'Identity-8', 'ReLU-2', 'BatchNormAct2d-4', 'Conv2d-5', 'Identity-9', 'ReLU-3', 'BatchNormAct2d-5', 'Identity-10', 'Identity-11', 'Conv2d-6', 'Identity-12', 'Identity-13', 'BatchNormAct2d-6', 'InvertedResidual-1', 'Conv2d-7', 'Identity-14', 'ReLU-4', 'BatchNormAct2d-7', 'Conv2d-8', 'Identity-15', 'ReLU-5', 'BatchNormAct2d-8', 'Identity-16', 'Identity-17', 'Conv2d-9', 'Identity-18', 'Identity-19', 'BatchNormAct2d-9', 'Identity-20', 'InvertedResidual-2', 'Conv2d-10', 'Identity-21', 'ReLU-6', 'BatchNormAct2d-10', 'Conv2d-11', 'Identity-22', 'ReLU-7', 'BatchNormAct2d-11', 'Identity-23', 'Conv2d-12', 'ReLU-8', 'Conv2d-13', 'Hardsigmoid-1', 'SqueezeExcite-1', 'Conv2d-14', 'Identity-24', 'Identity-25', 'BatchNormAct2d-12', 'InvertedResidual-3', 'Conv2d-15', 'Identity-26', 'ReLU-9', 'BatchNormAct2d-13', 'Conv2d-16', 'Identity-27', 'ReLU-10', 'BatchNormAct2d-14', 'Identity-28', 'Conv2d-17', 'ReLU-11', 'Conv2d-18', 'Hardsigmoid-2', 'SqueezeExcite-2', 'Conv2d-19', 'Identity-29', 'Identity-30', 'BatchNormAct2d-15', 'Identity-31', 'InvertedResidual-4', 'Conv2d-20', 'Identity-32', 'ReLU-12', 'BatchNormAct2d-16', 'Conv2d-21', 'Identity-33', 'ReLU-13', 'BatchNormAct2d-17', 'Identity-34', 'Conv2d-22', 'ReLU-14', 'Conv2d-23', 'Hardsigmoid-3', 'SqueezeExcite-3', 'Conv2d-24', 'Identity-35', 'Identity-36', 'BatchNormAct2d-18', 'Identity-37', 'InvertedResidual-5', 'Conv2d-25', 'Identity-38', 'Hardswish-2', 'BatchNormAct2d-19', 'Conv2d-26', 'Identity-39', 'Hardswish-3', 'BatchNormAct2d-20', 'Identity-40', 'Identity-41', 'Conv2d-27', 'Identity-42', 'Identity-43', 'BatchNormAct2d-21', 'InvertedResidual-6', 'Conv2d-28', 'Identity-44', 'Hardswish-4', 'BatchNormAct2d-22', 'Conv2d-29', 'Identity-45', 'Hardswish-5', 'BatchNormAct2d-23', 'Identity-46', 'Identity-47', 'Conv2d-30', 'Identity-48', 'Identity-49', 'BatchNormAct2d-24', 'Identity-50', 'InvertedResidual-7', 'Conv2d-31', 'Identity-51', 'Hardswish-6', 'BatchNormAct2d-25', 'Conv2d-32', 'Identity-52', 'Hardswish-7', 'BatchNormAct2d-26', 'Identity-53', 'Identity-54', 'Conv2d-33', 'Identity-55', 'Identity-56', 'BatchNormAct2d-27', 'Identity-57', 'InvertedResidual-8', 'Conv2d-34', 'Identity-58', 'Hardswish-8', 'BatchNormAct2d-28', 'Conv2d-35', 'Identity-59', 'Hardswish-9', 'BatchNormAct2d-29', 'Identity-60', 'Identity-61', 'Conv2d-36', 'Identity-62', 'Identity-63', 'BatchNormAct2d-30', 'Identity-64', 'InvertedResidual-9', 'Conv2d-37', 'Identity-65', 'Hardswish-10', 'BatchNormAct2d-31', 'Conv2d-38', 'Identity-66', 'Hardswish-11', 'BatchNormAct2d-32', 'Identity-67', 'Conv2d-39', 'ReLU-15', 'Conv2d-40', 'Hardsigmoid-4', 'SqueezeExcite-4', 'Conv2d-41', 'Identity-68', 'Identity-69', 'BatchNormAct2d-33', 'InvertedResidual-10', 'Conv2d-42', 'Identity-70', 'Hardswish-12', 'BatchNormAct2d-34', 'Conv2d-43', 'Identity-71', 'Hardswish-13', 'BatchNormAct2d-35', 'Identity-72', 'Conv2d-44', 'ReLU-16', 'Conv2d-45', 'Hardsigmoid-5', 'SqueezeExcite-5', 'Conv2d-46', 'Identity-73', 'Identity-74', 'BatchNormAct2d-36', 'Identity-75', 'InvertedResidual-11', 'Conv2d-47', 'Identity-76', 'Hardswish-14', 'BatchNormAct2d-37', 'Conv2d-48', 'Identity-77', 'Hardswish-15', 'BatchNormAct2d-38', 'Identity-78', 'Conv2d-49', 'ReLU-17', 'Conv2d-50', 'Hardsigmoid-6', 'SqueezeExcite-6', 'Conv2d-51', 'Identity-79', 'Identity-80', 'BatchNormAct2d-39', 'InvertedResidual-12', 'Conv2d-52', 'Identity-81', 'Hardswish-16', 'BatchNormAct2d-40', 'Conv2d-53', 'Identity-82', 'Hardswish-17', 'BatchNormAct2d-41', 'Identity-83', 'Conv2d-54', 'ReLU-18', 'Conv2d-55', 'Hardsigmoid-7', 'SqueezeExcite-7', 'Conv2d-56', 'Identity-84', 'Identity-85', 'BatchNormAct2d-42', 'Identity-86', 'InvertedResidual-13', 'Conv2d-57', 'Identity-87', 'Hardswish-18', 'BatchNormAct2d-43', 'Conv2d-58', 'Identity-88', 'Hardswish-19', 'BatchNormAct2d-44', 'Identity-89', 'Conv2d-59', 'ReLU-19', 'Conv2d-60', 'Hardsigmoid-8', 'SqueezeExcite-8', 'Conv2d-61', 'Identity-90', 'Identity-91', 'BatchNormAct2d-45', 'Identity-92', 'InvertedResidual-14', 'Conv2d-62', 'Identity-93', 'Hardswish-20', 'BatchNormAct2d-46', 'Identity-94', 'ConvBnAct-1', 'AdaptiveAvgPool2d-1', 'Identity-95', 'SelectAdaptivePool2d-1', 'Conv2d-63', 'Identity-96', 'Hardswish-21', 'Flatten-1', 'Linear-1', 'MobileNetV3-1']
Total number of layers: 282
Starting to extract features for mobilenetv3_large_100_classification at layer 252

==================================================
Processing layer: Identity-88 from model: mobilenetv3_large_100_classification

For model mobilenetv3_large_100_classification Layer Identity-88: Extracting features for 10000 images in batches of 128...
Feature extraction for model mobilenetv3_large_100_classification layer Identity-88 completed in 58.16 seconds.

Features shape: (10000, 47040), Train target shape: (9000, 200), Shared target shape: (1000, 200)
Running ridge regression for 200 PCs on model mobilenetv3_large_100_classification at layer 252
Running analysis for 200 PCs
Running analysis for PC index 0
Centering data before using scikit-learn on GPU
NOTE: Using GPU for ridge regression.
Warning: RidgeCV with fit_intercept=False please center data before using this function. If you want to use fit_intercept=True, please set device=None or device='cpu'.

Predictor device: cuda:0
Target device: cuda:0
Alphas device: cpu
PC index 0 correlation: 0.4502
Running analysis for PC index 1
Centering data before using scikit-learn on GPU
NOTE: Using GPU for ridge regression.
Warning: RidgeCV with fit_intercept=False please center data before using this function. If you want to use fit_intercept=True, please set device=None or device='cpu'.

Predictor device: cuda:0
Target device: cuda:0
Alphas device: cpu
PC index 1 correlation: 0.8193
Running analysis for PC index 2
Centering data before using scikit-learn on GPU
NOTE: Using GPU for ridge regression.
Warning: RidgeCV with fit_intercept=False please center data before using this function. If you want to use fit_intercept=True, please set device=None or device='cpu'.

Predictor device: cuda:0
Target device: cuda:0
Alphas device: cpu
PC index 2 correlation: 0.7442
Running analysis for PC index 3
Centering data before using scikit-learn on GPU
NOTE: Using GPU for ridge regression.
Warning: RidgeCV with fit_intercept=False please center data before using this function. If you want to use fit_intercept=True, please set device=None or device='cpu'.

Predictor device: cuda:0
Target device: cuda:0
Alphas device: cpu
PC index 3 correlation: 0.7357
Running analysis for PC index 4
Centering data before using scikit-learn on GPU
NOTE: Using GPU for ridge regression.
Warning: RidgeCV with fit_intercept=False please center data before using this function. If you want to use fit_intercept=True, please set device=None or device='cpu'.

Predictor device: cuda:0
Target device: cuda:0
Alphas device: cpu
PC index 4 correlation: 0.6903
Running analysis for PC index 5
Centering data before using scikit-learn on GPU
NOTE: Using GPU for ridge regression.
Warning: RidgeCV with fit_intercept=False please center data before using this function. If you want to use fit_intercept=True, please set device=None or device='cpu'.

Predictor device: cuda:0
Target device: cuda:0
Alphas device: cpu
PC index 5 correlation: 0.4856
Running analysis for PC index 6
Centering data before using scikit-learn on GPU
NOTE: Using GPU for ridge regression.
Warning: RidgeCV with fit_intercept=False please center data before using this function. If you want to use fit_intercept=True, please set device=None or device='cpu'.

Predictor device: cuda:0
Target device: cuda:0
Alphas device: cpu
PC index 6 correlation: 0.4591
Running analysis for PC index 7
Centering data before using scikit-learn on GPU
NOTE: Using GPU for ridge regression.
Warning: RidgeCV with fit_intercept=False please center data before using this function. If you want to use fit_intercept=True, please set device=None or device='cpu'.

Predictor device: cuda:0
Target device: cuda:0
Alphas device: cpu
PC index 7 correlation: 0.2086
Running analysis for PC index 8
Centering data before using scikit-learn on GPU
NOTE: Using GPU for ridge regression.
Warning: RidgeCV with fit_intercept=False please center data before using this function. If you want to use fit_intercept=True, please set device=None or device='cpu'.

Predictor device: cuda:0
Target device: cuda:0
Alphas device: cpu
PC index 8 correlation: 0.4782
Running analysis for PC index 9
Centering data before using scikit-learn on GPU
NOTE: Using GPU for ridge regression.
Warning: RidgeCV with fit_intercept=False please center data before using this function. If you want to use fit_intercept=True, please set device=None or device='cpu'.

Predictor device: cuda:0
Target device: cuda:0
Alphas device: cpu
PC index 9 correlation: 0.4992
Running analysis for PC index 10
Centering data before using scikit-learn on GPU
NOTE: Using GPU for ridge regression.
Warning: RidgeCV with fit_intercept=False please center data before using this function. If you want to use fit_intercept=True, please set device=None or device='cpu'.

Predictor device: cuda:0
Target device: cuda:0
Alphas device: cpu
PC index 10 correlation: 0.4496
Running analysis for PC index 11
Centering data before using scikit-learn on GPU
NOTE: Using GPU for ridge regression.
Warning: RidgeCV with fit_intercept=False please center data before using this function. If you want to use fit_intercept=True, please set device=None or device='cpu'.

Predictor device: cuda:0
Target device: cuda:0
Alphas device: cpu
PC index 11 correlation: 0.7181
Running analysis for PC index 12
Centering data before using scikit-learn on GPU
NOTE: Using GPU for ridge regression.
Warning: RidgeCV with fit_intercept=False please center data before using this function. If you want to use fit_intercept=True, please set device=None or device='cpu'.

Predictor device: cuda:0
Target device: cuda:0
Alphas device: cpu
PC index 12 correlation: 0.3405
Running analysis for PC index 13
Centering data before using scikit-learn on GPU
NOTE: Using GPU for ridge regression.
Warning: RidgeCV with fit_intercept=False please center data before using this function. If you want to use fit_intercept=True, please set device=None or device='cpu'.

Predictor device: cuda:0
Target device: cuda:0
Alphas device: cpu
PC index 13 correlation: 0.4558
Running analysis for PC index 14
Centering data before using scikit-learn on GPU
NOTE: Using GPU for ridge regression.
Warning: RidgeCV with fit_intercept=False please center data before using this function. If you want to use fit_intercept=True, please set device=None or device='cpu'.

Predictor device: cuda:0
Target device: cuda:0
Alphas device: cpu
PC index 14 correlation: 0.4811
Running analysis for PC index 15
Centering data before using scikit-learn on GPU
NOTE: Using GPU for ridge regression.
Warning: RidgeCV with fit_intercept=False please center data before using this function. If you want to use fit_intercept=True, please set device=None or device='cpu'.

Predictor device: cuda:0
Target device: cuda:0
Alphas device: cpu
PC index 15 correlation: 0.3431
Running analysis for PC index 16
Centering data before using scikit-learn on GPU
NOTE: Using GPU for ridge regression.
Warning: RidgeCV with fit_intercept=False please center data before using this function. If you want to use fit_intercept=True, please set device=None or device='cpu'.

Predictor device: cuda:0
Target device: cuda:0
Alphas device: cpu
PC index 16 correlation: 0.3818
Running analysis for PC index 17
Centering data before using scikit-learn on GPU
NOTE: Using GPU for ridge regression.
Warning: RidgeCV with fit_intercept=False please center data before using this function. If you want to use fit_intercept=True, please set device=None or device='cpu'.

Predictor device: cuda:0
Target device: cuda:0
Alphas device: cpu
PC index 17 correlation: 0.2067
Running analysis for PC index 18
Centering data before using scikit-learn on GPU
NOTE: Using GPU for ridge regression.
Warning: RidgeCV with fit_intercept=False please center data before using this function. If you want to use fit_intercept=True, please set device=None or device='cpu'.

Predictor device: cuda:0
Target device: cuda:0
Alphas device: cpu
PC index 18 correlation: 0.4105
Running analysis for PC index 19
Centering data before using scikit-learn on GPU
NOTE: Using GPU for ridge regression.
Warning: RidgeCV with fit_intercept=False please center data before using this function. If you want to use fit_intercept=True, please set device=None or device='cpu'.

Predictor device: cuda:0
Target device: cuda:0
Alphas device: cpu
PC index 19 correlation: 0.3194
Running analysis for PC index 20
Centering data before using scikit-learn on GPU
NOTE: Using GPU for ridge regression.
Warning: RidgeCV with fit_intercept=False please center data before using this function. If you want to use fit_intercept=True, please set device=None or device='cpu'.

Predictor device: cuda:0
Target device: cuda:0
Alphas device: cpu
PC index 20 correlation: 0.3833
Running analysis for PC index 21
Centering data before using scikit-learn on GPU
NOTE: Using GPU for ridge regression.
Warning: RidgeCV with fit_intercept=False please center data before using this function. If you want to use fit_intercept=True, please set device=None or device='cpu'.

Predictor device: cuda:0
Target device: cuda:0
Alphas device: cpu
PC index 21 correlation: 0.3758
Running analysis for PC index 22
Centering data before using scikit-learn on GPU
NOTE: Using GPU for ridge regression.
Warning: RidgeCV with fit_intercept=False please center data before using this function. If you want to use fit_intercept=True, please set device=None or device='cpu'.

Predictor device: cuda:0
Target device: cuda:0
Alphas device: cpu
PC index 22 correlation: 0.3473
Running analysis for PC index 23
Centering data before using scikit-learn on GPU
NOTE: Using GPU for ridge regression.
Warning: RidgeCV with fit_intercept=False please center data before using this function. If you want to use fit_intercept=True, please set device=None or device='cpu'.

Predictor device: cuda:0
Target device: cuda:0
Alphas device: cpu
PC index 23 correlation: 0.2756
Running analysis for PC index 24
Centering data before using scikit-learn on GPU
NOTE: Using GPU for ridge regression.
Warning: RidgeCV with fit_intercept=False please center data before using this function. If you want to use fit_intercept=True, please set device=None or device='cpu'.

Predictor device: cuda:0
Target device: cuda:0
Alphas device: cpu
PC index 24 correlation: 0.3773
Running analysis for PC index 25
Centering data before using scikit-learn on GPU
NOTE: Using GPU for ridge regression.
Warning: RidgeCV with fit_intercept=False please center data before using this function. If you want to use fit_intercept=True, please set device=None or device='cpu'.

Predictor device: cuda:0
Target device: cuda:0
Alphas device: cpu
PC index 25 correlation: 0.2284
Running analysis for PC index 26
Centering data before using scikit-learn on GPU
NOTE: Using GPU for ridge regression.
Warning: RidgeCV with fit_intercept=False please center data before using this function. If you want to use fit_intercept=True, please set device=None or device='cpu'.

Predictor device: cuda:0
Target device: cuda:0
Alphas device: cpu
PC index 26 correlation: 0.3505
Running analysis for PC index 27
Centering data before using scikit-learn on GPU
NOTE: Using GPU for ridge regression.
Warning: RidgeCV with fit_intercept=False please center data before using this function. If you want to use fit_intercept=True, please set device=None or device='cpu'.

Predictor device: cuda:0
Target device: cuda:0
Alphas device: cpu
PC index 27 correlation: 0.2594
Running analysis for PC index 28
Centering data before using scikit-learn on GPU
NOTE: Using GPU for ridge regression.
Warning: RidgeCV with fit_intercept=False please center data before using this function. If you want to use fit_intercept=True, please set device=None or device='cpu'.

Predictor device: cuda:0
Target device: cuda:0
Alphas device: cpu
PC index 28 correlation: 0.3086
Running analysis for PC index 29
Centering data before using scikit-learn on GPU
NOTE: Using GPU for ridge regression.
Warning: RidgeCV with fit_intercept=False please center data before using this function. If you want to use fit_intercept=True, please set device=None or device='cpu'.

Predictor device: cuda:0
Target device: cuda:0
Alphas device: cpu
PC index 29 correlation: 0.3615
Running analysis for PC index 30
Centering data before using scikit-learn on GPU
NOTE: Using GPU for ridge regression.
Warning: RidgeCV with fit_intercept=False please center data before using this function. If you want to use fit_intercept=True, please set device=None or device='cpu'.

Predictor device: cuda:0
Target device: cuda:0
Alphas device: cpu
PC index 30 correlation: 0.3897
Running analysis for PC index 31
Centering data before using scikit-learn on GPU
NOTE: Using GPU for ridge regression.
Warning: RidgeCV with fit_intercept=False please center data before using this function. If you want to use fit_intercept=True, please set device=None or device='cpu'.

Predictor device: cuda:0
Target device: cuda:0
Alphas device: cpu
PC index 31 correlation: 0.3256
Running analysis for PC index 32
Centering data before using scikit-learn on GPU
NOTE: Using GPU for ridge regression.
Warning: RidgeCV with fit_intercept=False please center data before using this function. If you want to use fit_intercept=True, please set device=None or device='cpu'.

Predictor device: cuda:0
Target device: cuda:0
Alphas device: cpu
PC index 32 correlation: 0.3050
Running analysis for PC index 33
Centering data before using scikit-learn on GPU
NOTE: Using GPU for ridge regression.
Warning: RidgeCV with fit_intercept=False please center data before using this function. If you want to use fit_intercept=True, please set device=None or device='cpu'.

Predictor device: cuda:0
Target device: cuda:0
Alphas device: cpu
PC index 33 correlation: 0.2458
Running analysis for PC index 34
Centering data before using scikit-learn on GPU
NOTE: Using GPU for ridge regression.
Warning: RidgeCV with fit_intercept=False please center data before using this function. If you want to use fit_intercept=True, please set device=None or device='cpu'.

Predictor device: cuda:0
Target device: cuda:0
Alphas device: cpu
PC index 34 correlation: 0.3882
Running analysis for PC index 35
Centering data before using scikit-learn on GPU
NOTE: Using GPU for ridge regression.
Warning: RidgeCV with fit_intercept=False please center data before using this function. If you want to use fit_intercept=True, please set device=None or device='cpu'.

Predictor device: cuda:0
Target device: cuda:0
Alphas device: cpu
PC index 35 correlation: 0.1950
Running analysis for PC index 36
Centering data before using scikit-learn on GPU
NOTE: Using GPU for ridge regression.
Warning: RidgeCV with fit_intercept=False please center data before using this function. If you want to use fit_intercept=True, please set device=None or device='cpu'.

Predictor device: cuda:0
Target device: cuda:0
Alphas device: cpu
PC index 36 correlation: 0.1951
Running analysis for PC index 37
Centering data before using scikit-learn on GPU
NOTE: Using GPU for ridge regression.
Warning: RidgeCV with fit_intercept=False please center data before using this function. If you want to use fit_intercept=True, please set device=None or device='cpu'.

Predictor device: cuda:0
Target device: cuda:0
Alphas device: cpu
PC index 37 correlation: 0.3302
Running analysis for PC index 38
Centering data before using scikit-learn on GPU
NOTE: Using GPU for ridge regression.
Warning: RidgeCV with fit_intercept=False please center data before using this function. If you want to use fit_intercept=True, please set device=None or device='cpu'.

Predictor device: cuda:0
Target device: cuda:0
Alphas device: cpu
PC index 38 correlation: 0.2231
Running analysis for PC index 39
Centering data before using scikit-learn on GPU
NOTE: Using GPU for ridge regression.
Warning: RidgeCV with fit_intercept=False please center data before using this function. If you want to use fit_intercept=True, please set device=None or device='cpu'.

Predictor device: cuda:0
Target device: cuda:0
Alphas device: cpu
PC index 39 correlation: 0.3251
Running analysis for PC index 40
Centering data before using scikit-learn on GPU
NOTE: Using GPU for ridge regression.
Warning: RidgeCV with fit_intercept=False please center data before using this function. If you want to use fit_intercept=True, please set device=None or device='cpu'.

Predictor device: cuda:0
Target device: cuda:0
Alphas device: cpu
PC index 40 correlation: 0.2441
Running analysis for PC index 41
Centering data before using scikit-learn on GPU
NOTE: Using GPU for ridge regression.
Warning: RidgeCV with fit_intercept=False please center data before using this function. If you want to use fit_intercept=True, please set device=None or device='cpu'.

Predictor device: cuda:0
Target device: cuda:0
Alphas device: cpu
PC index 41 correlation: 0.3268
Running analysis for PC index 42
Centering data before using scikit-learn on GPU
NOTE: Using GPU for ridge regression.
Warning: RidgeCV with fit_intercept=False please center data before using this function. If you want to use fit_intercept=True, please set device=None or device='cpu'.

Predictor device: cuda:0
Target device: cuda:0
Alphas device: cpu
PC index 42 correlation: 0.3327
Running analysis for PC index 43
Centering data before using scikit-learn on GPU
NOTE: Using GPU for ridge regression.
Warning: RidgeCV with fit_intercept=False please center data before using this function. If you want to use fit_intercept=True, please set device=None or device='cpu'.

Predictor device: cuda:0
Target device: cuda:0
Alphas device: cpu
PC index 43 correlation: 0.2421
Running analysis for PC index 44
Centering data before using scikit-learn on GPU
NOTE: Using GPU for ridge regression.
Warning: RidgeCV with fit_intercept=False please center data before using this function. If you want to use fit_intercept=True, please set device=None or device='cpu'.

Predictor device: cuda:0
Target device: cuda:0
Alphas device: cpu
PC index 44 correlation: 0.3870
Running analysis for PC index 45
Centering data before using scikit-learn on GPU
NOTE: Using GPU for ridge regression.
Warning: RidgeCV with fit_intercept=False please center data before using this function. If you want to use fit_intercept=True, please set device=None or device='cpu'.

Predictor device: cuda:0
Target device: cuda:0
Alphas device: cpu
PC index 45 correlation: 0.1999
Running analysis for PC index 46
Centering data before using scikit-learn on GPU
NOTE: Using GPU for ridge regression.
Warning: RidgeCV with fit_intercept=False please center data before using this function. If you want to use fit_intercept=True, please set device=None or device='cpu'.

Predictor device: cuda:0
Target device: cuda:0
Alphas device: cpu
PC index 46 correlation: 0.3138
Running analysis for PC index 47
Centering data before using scikit-learn on GPU
NOTE: Using GPU for ridge regression.
Warning: RidgeCV with fit_intercept=False please center data before using this function. If you want to use fit_intercept=True, please set device=None or device='cpu'.

Predictor device: cuda:0
Target device: cuda:0
Alphas device: cpu
PC index 47 correlation: 0.3881
Running analysis for PC index 48
Centering data before using scikit-learn on GPU
NOTE: Using GPU for ridge regression.
Warning: RidgeCV with fit_intercept=False please center data before using this function. If you want to use fit_intercept=True, please set device=None or device='cpu'.

Predictor device: cuda:0
Target device: cuda:0
Alphas device: cpu
PC index 48 correlation: 0.3422
Running analysis for PC index 49
Centering data before using scikit-learn on GPU
NOTE: Using GPU for ridge regression.
Warning: RidgeCV with fit_intercept=False please center data before using this function. If you want to use fit_intercept=True, please set device=None or device='cpu'.

Predictor device: cuda:0
Target device: cuda:0
Alphas device: cpu
PC index 49 correlation: 0.2591
Running analysis for PC index 50
Centering data before using scikit-learn on GPU
NOTE: Using GPU for ridge regression.
Warning: RidgeCV with fit_intercept=False please center data before using this function. If you want to use fit_intercept=True, please set device=None or device='cpu'.

Predictor device: cuda:0
Target device: cuda:0
Alphas device: cpu
PC index 50 correlation: 0.3579
Running analysis for PC index 51
Centering data before using scikit-learn on GPU
NOTE: Using GPU for ridge regression.
Warning: RidgeCV with fit_intercept=False please center data before using this function. If you want to use fit_intercept=True, please set device=None or device='cpu'.

Predictor device: cuda:0
Target device: cuda:0
Alphas device: cpu
PC index 51 correlation: 0.1433
Running analysis for PC index 52
Centering data before using scikit-learn on GPU
NOTE: Using GPU for ridge regression.
Warning: RidgeCV with fit_intercept=False please center data before using this function. If you want to use fit_intercept=True, please set device=None or device='cpu'.

Predictor device: cuda:0
Target device: cuda:0
Alphas device: cpu
PC index 52 correlation: 0.2756
Running analysis for PC index 53
Centering data before using scikit-learn on GPU
NOTE: Using GPU for ridge regression.
Warning: RidgeCV with fit_intercept=False please center data before using this function. If you want to use fit_intercept=True, please set device=None or device='cpu'.

Predictor device: cuda:0
Target device: cuda:0
Alphas device: cpu
PC index 53 correlation: 0.2208
Running analysis for PC index 54
Centering data before using scikit-learn on GPU
NOTE: Using GPU for ridge regression.
Warning: RidgeCV with fit_intercept=False please center data before using this function. If you want to use fit_intercept=True, please set device=None or device='cpu'.

Predictor device: cuda:0
Target device: cuda:0
Alphas device: cpu
PC index 54 correlation: 0.2565
Running analysis for PC index 55
Centering data before using scikit-learn on GPU
NOTE: Using GPU for ridge regression.
Warning: RidgeCV with fit_intercept=False please center data before using this function. If you want to use fit_intercept=True, please set device=None or device='cpu'.

Predictor device: cuda:0
Target device: cuda:0
Alphas device: cpu
PC index 55 correlation: 0.3442
Running analysis for PC index 56
Centering data before using scikit-learn on GPU
NOTE: Using GPU for ridge regression.
Warning: RidgeCV with fit_intercept=False please center data before using this function. If you want to use fit_intercept=True, please set device=None or device='cpu'.

Predictor device: cuda:0
Target device: cuda:0
Alphas device: cpu
PC index 56 correlation: 0.3408
Running analysis for PC index 57
Centering data before using scikit-learn on GPU
NOTE: Using GPU for ridge regression.
Warning: RidgeCV with fit_intercept=False please center data before using this function. If you want to use fit_intercept=True, please set device=None or device='cpu'.

Predictor device: cuda:0
Target device: cuda:0
Alphas device: cpu
PC index 57 correlation: 0.2782
Running analysis for PC index 58
Centering data before using scikit-learn on GPU
NOTE: Using GPU for ridge regression.
Warning: RidgeCV with fit_intercept=False please center data before using this function. If you want to use fit_intercept=True, please set device=None or device='cpu'.

Predictor device: cuda:0
Target device: cuda:0
Alphas device: cpu
PC index 58 correlation: 0.1862
Running analysis for PC index 59
Centering data before using scikit-learn on GPU
NOTE: Using GPU for ridge regression.
Warning: RidgeCV with fit_intercept=False please center data before using this function. If you want to use fit_intercept=True, please set device=None or device='cpu'.

Predictor device: cuda:0
Target device: cuda:0
Alphas device: cpu
PC index 59 correlation: 0.2486
Running analysis for PC index 60
Centering data before using scikit-learn on GPU
NOTE: Using GPU for ridge regression.
Warning: RidgeCV with fit_intercept=False please center data before using this function. If you want to use fit_intercept=True, please set device=None or device='cpu'.

Predictor device: cuda:0
Target device: cuda:0
Alphas device: cpu
PC index 60 correlation: 0.2514
Running analysis for PC index 61
Centering data before using scikit-learn on GPU
NOTE: Using GPU for ridge regression.
Warning: RidgeCV with fit_intercept=False please center data before using this function. If you want to use fit_intercept=True, please set device=None or device='cpu'.

Predictor device: cuda:0
Target device: cuda:0
Alphas device: cpu
PC index 61 correlation: 0.2933
Running analysis for PC index 62
Centering data before using scikit-learn on GPU
NOTE: Using GPU for ridge regression.
Warning: RidgeCV with fit_intercept=False please center data before using this function. If you want to use fit_intercept=True, please set device=None or device='cpu'.

Predictor device: cuda:0
Target device: cuda:0
Alphas device: cpu
PC index 62 correlation: 0.2780
Running analysis for PC index 63
Centering data before using scikit-learn on GPU
NOTE: Using GPU for ridge regression.
Warning: RidgeCV with fit_intercept=False please center data before using this function. If you want to use fit_intercept=True, please set device=None or device='cpu'.

Predictor device: cuda:0
Target device: cuda:0
Alphas device: cpu
PC index 63 correlation: 0.2138
Running analysis for PC index 64
Centering data before using scikit-learn on GPU
NOTE: Using GPU for ridge regression.
Warning: RidgeCV with fit_intercept=False please center data before using this function. If you want to use fit_intercept=True, please set device=None or device='cpu'.

Predictor device: cuda:0
Target device: cuda:0
Alphas device: cpu
PC index 64 correlation: 0.4882
Running analysis for PC index 65
Centering data before using scikit-learn on GPU
NOTE: Using GPU for ridge regression.
Warning: RidgeCV with fit_intercept=False please center data before using this function. If you want to use fit_intercept=True, please set device=None or device='cpu'.

Predictor device: cuda:0
Target device: cuda:0
Alphas device: cpu
PC index 65 correlation: 0.2557
Running analysis for PC index 66
Centering data before using scikit-learn on GPU
NOTE: Using GPU for ridge regression.
Warning: RidgeCV with fit_intercept=False please center data before using this function. If you want to use fit_intercept=True, please set device=None or device='cpu'.

Predictor device: cuda:0
Target device: cuda:0
Alphas device: cpu
PC index 66 correlation: 0.1795
Running analysis for PC index 67
Centering data before using scikit-learn on GPU
NOTE: Using GPU for ridge regression.
Warning: RidgeCV with fit_intercept=False please center data before using this function. If you want to use fit_intercept=True, please set device=None or device='cpu'.

Predictor device: cuda:0
Target device: cuda:0
Alphas device: cpu
PC index 67 correlation: 0.1601
Running analysis for PC index 68
Centering data before using scikit-learn on GPU
NOTE: Using GPU for ridge regression.
Warning: RidgeCV with fit_intercept=False please center data before using this function. If you want to use fit_intercept=True, please set device=None or device='cpu'.

Predictor device: cuda:0
Target device: cuda:0
Alphas device: cpu
PC index 68 correlation: 0.1748
Running analysis for PC index 69
Centering data before using scikit-learn on GPU
NOTE: Using GPU for ridge regression.
Warning: RidgeCV with fit_intercept=False please center data before using this function. If you want to use fit_intercept=True, please set device=None or device='cpu'.

Predictor device: cuda:0
Target device: cuda:0
Alphas device: cpu
PC index 69 correlation: 0.2784
Running analysis for PC index 70
Centering data before using scikit-learn on GPU
NOTE: Using GPU for ridge regression.
Warning: RidgeCV with fit_intercept=False please center data before using this function. If you want to use fit_intercept=True, please set device=None or device='cpu'.

Predictor device: cuda:0
Target device: cuda:0
Alphas device: cpu
PC index 70 correlation: 0.2865
Running analysis for PC index 71
Centering data before using scikit-learn on GPU
NOTE: Using GPU for ridge regression.
Warning: RidgeCV with fit_intercept=False please center data before using this function. If you want to use fit_intercept=True, please set device=None or device='cpu'.

Predictor device: cuda:0
Target device: cuda:0
Alphas device: cpu
PC index 71 correlation: 0.2228
Running analysis for PC index 72
Centering data before using scikit-learn on GPU
NOTE: Using GPU for ridge regression.
Warning: RidgeCV with fit_intercept=False please center data before using this function. If you want to use fit_intercept=True, please set device=None or device='cpu'.

Predictor device: cuda:0
Target device: cuda:0
Alphas device: cpu
PC index 72 correlation: 0.2608
Running analysis for PC index 73
Centering data before using scikit-learn on GPU
NOTE: Using GPU for ridge regression.
Warning: RidgeCV with fit_intercept=False please center data before using this function. If you want to use fit_intercept=True, please set device=None or device='cpu'.

Predictor device: cuda:0
Target device: cuda:0
Alphas device: cpu
PC index 73 correlation: 0.1859
Running analysis for PC index 74
Centering data before using scikit-learn on GPU
NOTE: Using GPU for ridge regression.
Warning: RidgeCV with fit_intercept=False please center data before using this function. If you want to use fit_intercept=True, please set device=None or device='cpu'.

Predictor device: cuda:0
Target device: cuda:0
Alphas device: cpu
PC index 74 correlation: 0.1728
Running analysis for PC index 75
Centering data before using scikit-learn on GPU
NOTE: Using GPU for ridge regression.
Warning: RidgeCV with fit_intercept=False please center data before using this function. If you want to use fit_intercept=True, please set device=None or device='cpu'.

Predictor device: cuda:0
Target device: cuda:0
Alphas device: cpu
PC index 75 correlation: 0.2590
Running analysis for PC index 76
Centering data before using scikit-learn on GPU
NOTE: Using GPU for ridge regression.
Warning: RidgeCV with fit_intercept=False please center data before using this function. If you want to use fit_intercept=True, please set device=None or device='cpu'.

Predictor device: cuda:0
Target device: cuda:0
Alphas device: cpu
PC index 76 correlation: 0.2576
Running analysis for PC index 77
Centering data before using scikit-learn on GPU
NOTE: Using GPU for ridge regression.
Warning: RidgeCV with fit_intercept=False please center data before using this function. If you want to use fit_intercept=True, please set device=None or device='cpu'.

Predictor device: cuda:0
Target device: cuda:0
Alphas device: cpu
PC index 77 correlation: 0.2269
Running analysis for PC index 78
Centering data before using scikit-learn on GPU
NOTE: Using GPU for ridge regression.
Warning: RidgeCV with fit_intercept=False please center data before using this function. If you want to use fit_intercept=True, please set device=None or device='cpu'.

Predictor device: cuda:0
Target device: cuda:0
Alphas device: cpu
PC index 78 correlation: 0.2508
Running analysis for PC index 79
Centering data before using scikit-learn on GPU
NOTE: Using GPU for ridge regression.
Warning: RidgeCV with fit_intercept=False please center data before using this function. If you want to use fit_intercept=True, please set device=None or device='cpu'.

Predictor device: cuda:0
Target device: cuda:0
Alphas device: cpu
PC index 79 correlation: 0.2516
Running analysis for PC index 80
Centering data before using scikit-learn on GPU
NOTE: Using GPU for ridge regression.
Warning: RidgeCV with fit_intercept=False please center data before using this function. If you want to use fit_intercept=True, please set device=None or device='cpu'.

Predictor device: cuda:0
Target device: cuda:0
Alphas device: cpu
PC index 80 correlation: 0.1932
Running analysis for PC index 81
Centering data before using scikit-learn on GPU
NOTE: Using GPU for ridge regression.
Warning: RidgeCV with fit_intercept=False please center data before using this function. If you want to use fit_intercept=True, please set device=None or device='cpu'.

Predictor device: cuda:0
Target device: cuda:0
Alphas device: cpu
PC index 81 correlation: 0.2334
Running analysis for PC index 82
Centering data before using scikit-learn on GPU
NOTE: Using GPU for ridge regression.
Warning: RidgeCV with fit_intercept=False please center data before using this function. If you want to use fit_intercept=True, please set device=None or device='cpu'.

Predictor device: cuda:0
Target device: cuda:0
Alphas device: cpu
PC index 82 correlation: 0.2535
Running analysis for PC index 83
Centering data before using scikit-learn on GPU
NOTE: Using GPU for ridge regression.
Warning: RidgeCV with fit_intercept=False please center data before using this function. If you want to use fit_intercept=True, please set device=None or device='cpu'.

Predictor device: cuda:0
Target device: cuda:0
Alphas device: cpu
PC index 83 correlation: 0.2105
Running analysis for PC index 84
Centering data before using scikit-learn on GPU
NOTE: Using GPU for ridge regression.
Warning: RidgeCV with fit_intercept=False please center data before using this function. If you want to use fit_intercept=True, please set device=None or device='cpu'.

Predictor device: cuda:0
Target device: cuda:0
Alphas device: cpu
PC index 84 correlation: 0.2341
Running analysis for PC index 85
Centering data before using scikit-learn on GPU
NOTE: Using GPU for ridge regression.
Warning: RidgeCV with fit_intercept=False please center data before using this function. If you want to use fit_intercept=True, please set device=None or device='cpu'.

Predictor device: cuda:0
Target device: cuda:0
Alphas device: cpu
PC index 85 correlation: 0.1181
Running analysis for PC index 86
Centering data before using scikit-learn on GPU
NOTE: Using GPU for ridge regression.
Warning: RidgeCV with fit_intercept=False please center data before using this function. If you want to use fit_intercept=True, please set device=None or device='cpu'.

Predictor device: cuda:0
Target device: cuda:0
Alphas device: cpu
PC index 86 correlation: 0.2166
Running analysis for PC index 87
Centering data before using scikit-learn on GPU
NOTE: Using GPU for ridge regression.
Warning: RidgeCV with fit_intercept=False please center data before using this function. If you want to use fit_intercept=True, please set device=None or device='cpu'.

Predictor device: cuda:0
Target device: cuda:0
Alphas device: cpu
PC index 87 correlation: 0.3180
Running analysis for PC index 88
Centering data before using scikit-learn on GPU
NOTE: Using GPU for ridge regression.
Warning: RidgeCV with fit_intercept=False please center data before using this function. If you want to use fit_intercept=True, please set device=None or device='cpu'.

Predictor device: cuda:0
Target device: cuda:0
Alphas device: cpu
PC index 88 correlation: 0.2330
Running analysis for PC index 89
Centering data before using scikit-learn on GPU
NOTE: Using GPU for ridge regression.
Warning: RidgeCV with fit_intercept=False please center data before using this function. If you want to use fit_intercept=True, please set device=None or device='cpu'.

Predictor device: cuda:0
Target device: cuda:0
Alphas device: cpu
PC index 89 correlation: 0.2340
Running analysis for PC index 90
Centering data before using scikit-learn on GPU
NOTE: Using GPU for ridge regression.
Warning: RidgeCV with fit_intercept=False please center data before using this function. If you want to use fit_intercept=True, please set device=None or device='cpu'.

Predictor device: cuda:0
Target device: cuda:0
Alphas device: cpu
PC index 90 correlation: 0.1546
Running analysis for PC index 91
Centering data before using scikit-learn on GPU
NOTE: Using GPU for ridge regression.
Warning: RidgeCV with fit_intercept=False please center data before using this function. If you want to use fit_intercept=True, please set device=None or device='cpu'.

Predictor device: cuda:0
Target device: cuda:0
Alphas device: cpu
PC index 91 correlation: 0.2853
Running analysis for PC index 92
Centering data before using scikit-learn on GPU
NOTE: Using GPU for ridge regression.
Warning: RidgeCV with fit_intercept=False please center data before using this function. If you want to use fit_intercept=True, please set device=None or device='cpu'.

Predictor device: cuda:0
Target device: cuda:0
Alphas device: cpu
PC index 92 correlation: 0.1797
Running analysis for PC index 93
Centering data before using scikit-learn on GPU
NOTE: Using GPU for ridge regression.
Warning: RidgeCV with fit_intercept=False please center data before using this function. If you want to use fit_intercept=True, please set device=None or device='cpu'.

Predictor device: cuda:0
Target device: cuda:0
Alphas device: cpu
PC index 93 correlation: 0.1740
Running analysis for PC index 94
Centering data before using scikit-learn on GPU
NOTE: Using GPU for ridge regression.
Warning: RidgeCV with fit_intercept=False please center data before using this function. If you want to use fit_intercept=True, please set device=None or device='cpu'.

Predictor device: cuda:0
Target device: cuda:0
Alphas device: cpu
PC index 94 correlation: 0.2101
Running analysis for PC index 95
Centering data before using scikit-learn on GPU
NOTE: Using GPU for ridge regression.
Warning: RidgeCV with fit_intercept=False please center data before using this function. If you want to use fit_intercept=True, please set device=None or device='cpu'.

Predictor device: cuda:0
Target device: cuda:0
Alphas device: cpu
PC index 95 correlation: 0.2079
Running analysis for PC index 96
Centering data before using scikit-learn on GPU
NOTE: Using GPU for ridge regression.
Warning: RidgeCV with fit_intercept=False please center data before using this function. If you want to use fit_intercept=True, please set device=None or device='cpu'.

Predictor device: cuda:0
Target device: cuda:0
Alphas device: cpu
PC index 96 correlation: 0.2704
Running analysis for PC index 97
Centering data before using scikit-learn on GPU
NOTE: Using GPU for ridge regression.
Warning: RidgeCV with fit_intercept=False please center data before using this function. If you want to use fit_intercept=True, please set device=None or device='cpu'.

Predictor device: cuda:0
Target device: cuda:0
Alphas device: cpu
PC index 97 correlation: 0.1901
Running analysis for PC index 98
Centering data before using scikit-learn on GPU
NOTE: Using GPU for ridge regression.
Warning: RidgeCV with fit_intercept=False please center data before using this function. If you want to use fit_intercept=True, please set device=None or device='cpu'.

Predictor device: cuda:0
Target device: cuda:0
Alphas device: cpu
PC index 98 correlation: 0.1346
Running analysis for PC index 99
Centering data before using scikit-learn on GPU
NOTE: Using GPU for ridge regression.
Warning: RidgeCV with fit_intercept=False please center data before using this function. If you want to use fit_intercept=True, please set device=None or device='cpu'.

Predictor device: cuda:0
Target device: cuda:0
Alphas device: cpu
PC index 99 correlation: 0.2396
Running analysis for PC index 100
Centering data before using scikit-learn on GPU
NOTE: Using GPU for ridge regression.
Warning: RidgeCV with fit_intercept=False please center data before using this function. If you want to use fit_intercept=True, please set device=None or device='cpu'.

Predictor device: cuda:0
Target device: cuda:0
Alphas device: cpu
PC index 100 correlation: 0.2155
Running analysis for PC index 101
Centering data before using scikit-learn on GPU
NOTE: Using GPU for ridge regression.
Warning: RidgeCV with fit_intercept=False please center data before using this function. If you want to use fit_intercept=True, please set device=None or device='cpu'.

Predictor device: cuda:0
Target device: cuda:0
Alphas device: cpu
PC index 101 correlation: 0.3142
Running analysis for PC index 102
Centering data before using scikit-learn on GPU
NOTE: Using GPU for ridge regression.
Warning: RidgeCV with fit_intercept=False please center data before using this function. If you want to use fit_intercept=True, please set device=None or device='cpu'.

Predictor device: cuda:0
Target device: cuda:0
Alphas device: cpu
PC index 102 correlation: 0.2345
Running analysis for PC index 103
Centering data before using scikit-learn on GPU
NOTE: Using GPU for ridge regression.
Warning: RidgeCV with fit_intercept=False please center data before using this function. If you want to use fit_intercept=True, please set device=None or device='cpu'.

Predictor device: cuda:0
Target device: cuda:0
Alphas device: cpu
PC index 103 correlation: 0.3216
Running analysis for PC index 104
Centering data before using scikit-learn on GPU
NOTE: Using GPU for ridge regression.
Warning: RidgeCV with fit_intercept=False please center data before using this function. If you want to use fit_intercept=True, please set device=None or device='cpu'.

Predictor device: cuda:0
Target device: cuda:0
Alphas device: cpu
PC index 104 correlation: 0.1398
Running analysis for PC index 105
Centering data before using scikit-learn on GPU
NOTE: Using GPU for ridge regression.
Warning: RidgeCV with fit_intercept=False please center data before using this function. If you want to use fit_intercept=True, please set device=None or device='cpu'.

Predictor device: cuda:0
Target device: cuda:0
Alphas device: cpu
PC index 105 correlation: 0.2700
Running analysis for PC index 106
Centering data before using scikit-learn on GPU
NOTE: Using GPU for ridge regression.
Warning: RidgeCV with fit_intercept=False please center data before using this function. If you want to use fit_intercept=True, please set device=None or device='cpu'.

Predictor device: cuda:0
Target device: cuda:0
Alphas device: cpu
PC index 106 correlation: 0.2511
Running analysis for PC index 107
Centering data before using scikit-learn on GPU
NOTE: Using GPU for ridge regression.
Warning: RidgeCV with fit_intercept=False please center data before using this function. If you want to use fit_intercept=True, please set device=None or device='cpu'.

Predictor device: cuda:0
Target device: cuda:0
Alphas device: cpu
PC index 107 correlation: 0.2699
Running analysis for PC index 108
Centering data before using scikit-learn on GPU
NOTE: Using GPU for ridge regression.
Warning: RidgeCV with fit_intercept=False please center data before using this function. If you want to use fit_intercept=True, please set device=None or device='cpu'.

Predictor device: cuda:0
Target device: cuda:0
Alphas device: cpu
PC index 108 correlation: 0.2271
Running analysis for PC index 109
Centering data before using scikit-learn on GPU
NOTE: Using GPU for ridge regression.
Warning: RidgeCV with fit_intercept=False please center data before using this function. If you want to use fit_intercept=True, please set device=None or device='cpu'.

Predictor device: cuda:0
Target device: cuda:0
Alphas device: cpu
PC index 109 correlation: 0.1232
Running analysis for PC index 110
Centering data before using scikit-learn on GPU
NOTE: Using GPU for ridge regression.
Warning: RidgeCV with fit_intercept=False please center data before using this function. If you want to use fit_intercept=True, please set device=None or device='cpu'.

Predictor device: cuda:0
Target device: cuda:0
Alphas device: cpu
PC index 110 correlation: 0.0967
Running analysis for PC index 111
Centering data before using scikit-learn on GPU
NOTE: Using GPU for ridge regression.
Warning: RidgeCV with fit_intercept=False please center data before using this function. If you want to use fit_intercept=True, please set device=None or device='cpu'.

Predictor device: cuda:0
Target device: cuda:0
Alphas device: cpu
PC index 111 correlation: 0.2147
Running analysis for PC index 112
Centering data before using scikit-learn on GPU
NOTE: Using GPU for ridge regression.
Warning: RidgeCV with fit_intercept=False please center data before using this function. If you want to use fit_intercept=True, please set device=None or device='cpu'.

Predictor device: cuda:0
Target device: cuda:0
Alphas device: cpu
PC index 112 correlation: 0.1288
Running analysis for PC index 113
Centering data before using scikit-learn on GPU
NOTE: Using GPU for ridge regression.
Warning: RidgeCV with fit_intercept=False please center data before using this function. If you want to use fit_intercept=True, please set device=None or device='cpu'.

Predictor device: cuda:0
Target device: cuda:0
Alphas device: cpu
PC index 113 correlation: 0.1843
Running analysis for PC index 114
Centering data before using scikit-learn on GPU
NOTE: Using GPU for ridge regression.
Warning: RidgeCV with fit_intercept=False please center data before using this function. If you want to use fit_intercept=True, please set device=None or device='cpu'.

Predictor device: cuda:0
Target device: cuda:0
Alphas device: cpu
PC index 114 correlation: 0.2711
Running analysis for PC index 115
Centering data before using scikit-learn on GPU
NOTE: Using GPU for ridge regression.
Warning: RidgeCV with fit_intercept=False please center data before using this function. If you want to use fit_intercept=True, please set device=None or device='cpu'.

Predictor device: cuda:0
Target device: cuda:0
Alphas device: cpu
PC index 115 correlation: 0.1484
Running analysis for PC index 116
Centering data before using scikit-learn on GPU
NOTE: Using GPU for ridge regression.
Warning: RidgeCV with fit_intercept=False please center data before using this function. If you want to use fit_intercept=True, please set device=None or device='cpu'.

Predictor device: cuda:0
Target device: cuda:0
Alphas device: cpu
PC index 116 correlation: 0.1808
Running analysis for PC index 117
Centering data before using scikit-learn on GPU
NOTE: Using GPU for ridge regression.
Warning: RidgeCV with fit_intercept=False please center data before using this function. If you want to use fit_intercept=True, please set device=None or device='cpu'.

Predictor device: cuda:0
Target device: cuda:0
Alphas device: cpu
PC index 117 correlation: 0.2158
Running analysis for PC index 118
Centering data before using scikit-learn on GPU
NOTE: Using GPU for ridge regression.
Warning: RidgeCV with fit_intercept=False please center data before using this function. If you want to use fit_intercept=True, please set device=None or device='cpu'.

Predictor device: cuda:0
Target device: cuda:0
Alphas device: cpu
PC index 118 correlation: 0.2197
Running analysis for PC index 119
Centering data before using scikit-learn on GPU
NOTE: Using GPU for ridge regression.
Warning: RidgeCV with fit_intercept=False please center data before using this function. If you want to use fit_intercept=True, please set device=None or device='cpu'.

Predictor device: cuda:0
Target device: cuda:0
Alphas device: cpu
PC index 119 correlation: 0.2278
Running analysis for PC index 120
Centering data before using scikit-learn on GPU
NOTE: Using GPU for ridge regression.
Warning: RidgeCV with fit_intercept=False please center data before using this function. If you want to use fit_intercept=True, please set device=None or device='cpu'.

Predictor device: cuda:0
Target device: cuda:0
Alphas device: cpu
PC index 120 correlation: 0.1737
Running analysis for PC index 121
Centering data before using scikit-learn on GPU
NOTE: Using GPU for ridge regression.
Warning: RidgeCV with fit_intercept=False please center data before using this function. If you want to use fit_intercept=True, please set device=None or device='cpu'.

Predictor device: cuda:0
Target device: cuda:0
Alphas device: cpu
PC index 121 correlation: 0.1715
Running analysis for PC index 122
Centering data before using scikit-learn on GPU
NOTE: Using GPU for ridge regression.
Warning: RidgeCV with fit_intercept=False please center data before using this function. If you want to use fit_intercept=True, please set device=None or device='cpu'.

Predictor device: cuda:0
Target device: cuda:0
Alphas device: cpu
PC index 122 correlation: 0.2567
Running analysis for PC index 123
Centering data before using scikit-learn on GPU
NOTE: Using GPU for ridge regression.
Warning: RidgeCV with fit_intercept=False please center data before using this function. If you want to use fit_intercept=True, please set device=None or device='cpu'.

Predictor device: cuda:0
Target device: cuda:0
Alphas device: cpu
PC index 123 correlation: 0.1841
Running analysis for PC index 124
Centering data before using scikit-learn on GPU
NOTE: Using GPU for ridge regression.
Warning: RidgeCV with fit_intercept=False please center data before using this function. If you want to use fit_intercept=True, please set device=None or device='cpu'.

Predictor device: cuda:0
Target device: cuda:0
Alphas device: cpu
PC index 124 correlation: 0.1475
Running analysis for PC index 125
Centering data before using scikit-learn on GPU
NOTE: Using GPU for ridge regression.
Warning: RidgeCV with fit_intercept=False please center data before using this function. If you want to use fit_intercept=True, please set device=None or device='cpu'.

Predictor device: cuda:0
Target device: cuda:0
Alphas device: cpu
PC index 125 correlation: 0.2328
Running analysis for PC index 126
Centering data before using scikit-learn on GPU
NOTE: Using GPU for ridge regression.
Warning: RidgeCV with fit_intercept=False please center data before using this function. If you want to use fit_intercept=True, please set device=None or device='cpu'.

Predictor device: cuda:0
Target device: cuda:0
Alphas device: cpu
PC index 126 correlation: 0.2180
Running analysis for PC index 127
Centering data before using scikit-learn on GPU
NOTE: Using GPU for ridge regression.
Warning: RidgeCV with fit_intercept=False please center data before using this function. If you want to use fit_intercept=True, please set device=None or device='cpu'.

Predictor device: cuda:0
Target device: cuda:0
Alphas device: cpu
PC index 127 correlation: 0.1724
Running analysis for PC index 128
Centering data before using scikit-learn on GPU
NOTE: Using GPU for ridge regression.
Warning: RidgeCV with fit_intercept=False please center data before using this function. If you want to use fit_intercept=True, please set device=None or device='cpu'.

Predictor device: cuda:0
Target device: cuda:0
Alphas device: cpu
PC index 128 correlation: 0.2469
Running analysis for PC index 129
Centering data before using scikit-learn on GPU
NOTE: Using GPU for ridge regression.
Warning: RidgeCV with fit_intercept=False please center data before using this function. If you want to use fit_intercept=True, please set device=None or device='cpu'.

Predictor device: cuda:0
Target device: cuda:0
Alphas device: cpu
PC index 129 correlation: 0.2151
Running analysis for PC index 130
Centering data before using scikit-learn on GPU
NOTE: Using GPU for ridge regression.
Warning: RidgeCV with fit_intercept=False please center data before using this function. If you want to use fit_intercept=True, please set device=None or device='cpu'.

Predictor device: cuda:0
Target device: cuda:0
Alphas device: cpu
PC index 130 correlation: 0.2905
Running analysis for PC index 131
Centering data before using scikit-learn on GPU
NOTE: Using GPU for ridge regression.
Warning: RidgeCV with fit_intercept=False please center data before using this function. If you want to use fit_intercept=True, please set device=None or device='cpu'.

Predictor device: cuda:0
Target device: cuda:0
Alphas device: cpu
PC index 131 correlation: 0.1302
Running analysis for PC index 132
Centering data before using scikit-learn on GPU
NOTE: Using GPU for ridge regression.
Warning: RidgeCV with fit_intercept=False please center data before using this function. If you want to use fit_intercept=True, please set device=None or device='cpu'.

Predictor device: cuda:0
Target device: cuda:0
Alphas device: cpu
PC index 132 correlation: 0.2445
Running analysis for PC index 133
Centering data before using scikit-learn on GPU
NOTE: Using GPU for ridge regression.
Warning: RidgeCV with fit_intercept=False please center data before using this function. If you want to use fit_intercept=True, please set device=None or device='cpu'.

Predictor device: cuda:0
Target device: cuda:0
Alphas device: cpu
PC index 133 correlation: 0.1895
Running analysis for PC index 134
Centering data before using scikit-learn on GPU
NOTE: Using GPU for ridge regression.
Warning: RidgeCV with fit_intercept=False please center data before using this function. If you want to use fit_intercept=True, please set device=None or device='cpu'.

Predictor device: cuda:0
Target device: cuda:0
Alphas device: cpu
PC index 134 correlation: 0.1635
Running analysis for PC index 135
Centering data before using scikit-learn on GPU
NOTE: Using GPU for ridge regression.
Warning: RidgeCV with fit_intercept=False please center data before using this function. If you want to use fit_intercept=True, please set device=None or device='cpu'.

Predictor device: cuda:0
Target device: cuda:0
Alphas device: cpu
PC index 135 correlation: 0.2640
Running analysis for PC index 136
Centering data before using scikit-learn on GPU
NOTE: Using GPU for ridge regression.
Warning: RidgeCV with fit_intercept=False please center data before using this function. If you want to use fit_intercept=True, please set device=None or device='cpu'.

Predictor device: cuda:0
Target device: cuda:0
Alphas device: cpu
PC index 136 correlation: 0.1096
Running analysis for PC index 137
Centering data before using scikit-learn on GPU
NOTE: Using GPU for ridge regression.
Warning: RidgeCV with fit_intercept=False please center data before using this function. If you want to use fit_intercept=True, please set device=None or device='cpu'.

Predictor device: cuda:0
Target device: cuda:0
Alphas device: cpu
PC index 137 correlation: 0.2032
Running analysis for PC index 138
Centering data before using scikit-learn on GPU
NOTE: Using GPU for ridge regression.
Warning: RidgeCV with fit_intercept=False please center data before using this function. If you want to use fit_intercept=True, please set device=None or device='cpu'.

Predictor device: cuda:0
Target device: cuda:0
Alphas device: cpu
PC index 138 correlation: 0.1641
Running analysis for PC index 139
Centering data before using scikit-learn on GPU
NOTE: Using GPU for ridge regression.
Warning: RidgeCV with fit_intercept=False please center data before using this function. If you want to use fit_intercept=True, please set device=None or device='cpu'.

Predictor device: cuda:0
Target device: cuda:0
Alphas device: cpu
PC index 139 correlation: 0.2558
Running analysis for PC index 140
Centering data before using scikit-learn on GPU
NOTE: Using GPU for ridge regression.
Warning: RidgeCV with fit_intercept=False please center data before using this function. If you want to use fit_intercept=True, please set device=None or device='cpu'.

Predictor device: cuda:0
Target device: cuda:0
Alphas device: cpu
PC index 140 correlation: 0.1842
Running analysis for PC index 141
Centering data before using scikit-learn on GPU
NOTE: Using GPU for ridge regression.
Warning: RidgeCV with fit_intercept=False please center data before using this function. If you want to use fit_intercept=True, please set device=None or device='cpu'.

Predictor device: cuda:0
Target device: cuda:0
Alphas device: cpu
PC index 141 correlation: 0.1802
Running analysis for PC index 142
Centering data before using scikit-learn on GPU
NOTE: Using GPU for ridge regression.
Warning: RidgeCV with fit_intercept=False please center data before using this function. If you want to use fit_intercept=True, please set device=None or device='cpu'.

Predictor device: cuda:0
Target device: cuda:0
Alphas device: cpu
PC index 142 correlation: 0.1930
Running analysis for PC index 143
Centering data before using scikit-learn on GPU
NOTE: Using GPU for ridge regression.
Warning: RidgeCV with fit_intercept=False please center data before using this function. If you want to use fit_intercept=True, please set device=None or device='cpu'.

Predictor device: cuda:0
Target device: cuda:0
Alphas device: cpu
PC index 143 correlation: 0.2141
Running analysis for PC index 144
Centering data before using scikit-learn on GPU
NOTE: Using GPU for ridge regression.
Warning: RidgeCV with fit_intercept=False please center data before using this function. If you want to use fit_intercept=True, please set device=None or device='cpu'.

Predictor device: cuda:0
Target device: cuda:0
Alphas device: cpu
PC index 144 correlation: 0.1851
Running analysis for PC index 145
Centering data before using scikit-learn on GPU
NOTE: Using GPU for ridge regression.
Warning: RidgeCV with fit_intercept=False please center data before using this function. If you want to use fit_intercept=True, please set device=None or device='cpu'.

Predictor device: cuda:0
Target device: cuda:0
Alphas device: cpu
PC index 145 correlation: 0.2503
Running analysis for PC index 146
Centering data before using scikit-learn on GPU
NOTE: Using GPU for ridge regression.
Warning: RidgeCV with fit_intercept=False please center data before using this function. If you want to use fit_intercept=True, please set device=None or device='cpu'.

Predictor device: cuda:0
Target device: cuda:0
Alphas device: cpu
PC index 146 correlation: 0.1563
Running analysis for PC index 147
Centering data before using scikit-learn on GPU
NOTE: Using GPU for ridge regression.
Warning: RidgeCV with fit_intercept=False please center data before using this function. If you want to use fit_intercept=True, please set device=None or device='cpu'.

Predictor device: cuda:0
Target device: cuda:0
Alphas device: cpu
PC index 147 correlation: 0.1631
Running analysis for PC index 148
Centering data before using scikit-learn on GPU
NOTE: Using GPU for ridge regression.
Warning: RidgeCV with fit_intercept=False please center data before using this function. If you want to use fit_intercept=True, please set device=None or device='cpu'.

Predictor device: cuda:0
Target device: cuda:0
Alphas device: cpu
PC index 148 correlation: 0.2021
Running analysis for PC index 149
Centering data before using scikit-learn on GPU
NOTE: Using GPU for ridge regression.
Warning: RidgeCV with fit_intercept=False please center data before using this function. If you want to use fit_intercept=True, please set device=None or device='cpu'.

Predictor device: cuda:0
Target device: cuda:0
Alphas device: cpu
PC index 149 correlation: 0.2247
Running analysis for PC index 150
Centering data before using scikit-learn on GPU
NOTE: Using GPU for ridge regression.
Warning: RidgeCV with fit_intercept=False please center data before using this function. If you want to use fit_intercept=True, please set device=None or device='cpu'.

Predictor device: cuda:0
Target device: cuda:0
Alphas device: cpu
PC index 150 correlation: 0.2004
Running analysis for PC index 151
Centering data before using scikit-learn on GPU
NOTE: Using GPU for ridge regression.
Warning: RidgeCV with fit_intercept=False please center data before using this function. If you want to use fit_intercept=True, please set device=None or device='cpu'.

Predictor device: cuda:0
Target device: cuda:0
Alphas device: cpu
PC index 151 correlation: 0.1770
Running analysis for PC index 152
Centering data before using scikit-learn on GPU
NOTE: Using GPU for ridge regression.
Warning: RidgeCV with fit_intercept=False please center data before using this function. If you want to use fit_intercept=True, please set device=None or device='cpu'.

Predictor device: cuda:0
Target device: cuda:0
Alphas device: cpu
PC index 152 correlation: 0.1823
Running analysis for PC index 153
Centering data before using scikit-learn on GPU
NOTE: Using GPU for ridge regression.
Warning: RidgeCV with fit_intercept=False please center data before using this function. If you want to use fit_intercept=True, please set device=None or device='cpu'.

Predictor device: cuda:0
Target device: cuda:0
Alphas device: cpu
PC index 153 correlation: 0.1450
Running analysis for PC index 154
Centering data before using scikit-learn on GPU
NOTE: Using GPU for ridge regression.
Warning: RidgeCV with fit_intercept=False please center data before using this function. If you want to use fit_intercept=True, please set device=None or device='cpu'.

Predictor device: cuda:0
Target device: cuda:0
Alphas device: cpu
PC index 154 correlation: 0.1411
Running analysis for PC index 155
Centering data before using scikit-learn on GPU
NOTE: Using GPU for ridge regression.
Warning: RidgeCV with fit_intercept=False please center data before using this function. If you want to use fit_intercept=True, please set device=None or device='cpu'.

Predictor device: cuda:0
Target device: cuda:0
Alphas device: cpu
PC index 155 correlation: 0.0949
Running analysis for PC index 156
Centering data before using scikit-learn on GPU
NOTE: Using GPU for ridge regression.
Warning: RidgeCV with fit_intercept=False please center data before using this function. If you want to use fit_intercept=True, please set device=None or device='cpu'.

Predictor device: cuda:0
Target device: cuda:0
Alphas device: cpu
PC index 156 correlation: 0.1099
Running analysis for PC index 157
Centering data before using scikit-learn on GPU
NOTE: Using GPU for ridge regression.
Warning: RidgeCV with fit_intercept=False please center data before using this function. If you want to use fit_intercept=True, please set device=None or device='cpu'.

Predictor device: cuda:0
Target device: cuda:0
Alphas device: cpu
PC index 157 correlation: 0.1728
Running analysis for PC index 158
Centering data before using scikit-learn on GPU
NOTE: Using GPU for ridge regression.
Warning: RidgeCV with fit_intercept=False please center data before using this function. If you want to use fit_intercept=True, please set device=None or device='cpu'.

Predictor device: cuda:0
Target device: cuda:0
Alphas device: cpu
PC index 158 correlation: 0.1875
Running analysis for PC index 159
Centering data before using scikit-learn on GPU
NOTE: Using GPU for ridge regression.
Warning: RidgeCV with fit_intercept=False please center data before using this function. If you want to use fit_intercept=True, please set device=None or device='cpu'.

Predictor device: cuda:0
Target device: cuda:0
Alphas device: cpu
PC index 159 correlation: 0.2084
Running analysis for PC index 160
Centering data before using scikit-learn on GPU
NOTE: Using GPU for ridge regression.
Warning: RidgeCV with fit_intercept=False please center data before using this function. If you want to use fit_intercept=True, please set device=None or device='cpu'.

Predictor device: cuda:0
Target device: cuda:0
Alphas device: cpu
PC index 160 correlation: 0.0971
Running analysis for PC index 161
Centering data before using scikit-learn on GPU
NOTE: Using GPU for ridge regression.
Warning: RidgeCV with fit_intercept=False please center data before using this function. If you want to use fit_intercept=True, please set device=None or device='cpu'.

Predictor device: cuda:0
Target device: cuda:0
Alphas device: cpu
PC index 161 correlation: 0.1934
Running analysis for PC index 162
Centering data before using scikit-learn on GPU
NOTE: Using GPU for ridge regression.
Warning: RidgeCV with fit_intercept=False please center data before using this function. If you want to use fit_intercept=True, please set device=None or device='cpu'.

Predictor device: cuda:0
Target device: cuda:0
Alphas device: cpu
PC index 162 correlation: 0.2070
Running analysis for PC index 163
Centering data before using scikit-learn on GPU
NOTE: Using GPU for ridge regression.
Warning: RidgeCV with fit_intercept=False please center data before using this function. If you want to use fit_intercept=True, please set device=None or device='cpu'.

Predictor device: cuda:0
Target device: cuda:0
Alphas device: cpu
PC index 163 correlation: 0.2855
Running analysis for PC index 164
Centering data before using scikit-learn on GPU
NOTE: Using GPU for ridge regression.
Warning: RidgeCV with fit_intercept=False please center data before using this function. If you want to use fit_intercept=True, please set device=None or device='cpu'.

Predictor device: cuda:0
Target device: cuda:0
Alphas device: cpu
PC index 164 correlation: 0.1982
Running analysis for PC index 165
Centering data before using scikit-learn on GPU
NOTE: Using GPU for ridge regression.
Warning: RidgeCV with fit_intercept=False please center data before using this function. If you want to use fit_intercept=True, please set device=None or device='cpu'.

Predictor device: cuda:0
Target device: cuda:0
Alphas device: cpu
PC index 165 correlation: 0.1743
Running analysis for PC index 166
Centering data before using scikit-learn on GPU
NOTE: Using GPU for ridge regression.
Warning: RidgeCV with fit_intercept=False please center data before using this function. If you want to use fit_intercept=True, please set device=None or device='cpu'.

Predictor device: cuda:0
Target device: cuda:0
Alphas device: cpu
PC index 166 correlation: 0.1844
Running analysis for PC index 167
Centering data before using scikit-learn on GPU
NOTE: Using GPU for ridge regression.
Warning: RidgeCV with fit_intercept=False please center data before using this function. If you want to use fit_intercept=True, please set device=None or device='cpu'.

Predictor device: cuda:0
Target device: cuda:0
Alphas device: cpu
PC index 167 correlation: 0.1963
Running analysis for PC index 168
Centering data before using scikit-learn on GPU
NOTE: Using GPU for ridge regression.
Warning: RidgeCV with fit_intercept=False please center data before using this function. If you want to use fit_intercept=True, please set device=None or device='cpu'.

Predictor device: cuda:0
Target device: cuda:0
Alphas device: cpu
PC index 168 correlation: 0.1774
Running analysis for PC index 169
Centering data before using scikit-learn on GPU
NOTE: Using GPU for ridge regression.
Warning: RidgeCV with fit_intercept=False please center data before using this function. If you want to use fit_intercept=True, please set device=None or device='cpu'.

Predictor device: cuda:0
Target device: cuda:0
Alphas device: cpu
PC index 169 correlation: 0.1457
Running analysis for PC index 170
Centering data before using scikit-learn on GPU
NOTE: Using GPU for ridge regression.
Warning: RidgeCV with fit_intercept=False please center data before using this function. If you want to use fit_intercept=True, please set device=None or device='cpu'.

Predictor device: cuda:0
Target device: cuda:0
Alphas device: cpu
PC index 170 correlation: 0.2119
Running analysis for PC index 171
Centering data before using scikit-learn on GPU
NOTE: Using GPU for ridge regression.
Warning: RidgeCV with fit_intercept=False please center data before using this function. If you want to use fit_intercept=True, please set device=None or device='cpu'.

Predictor device: cuda:0
Target device: cuda:0
Alphas device: cpu
PC index 171 correlation: 0.1916
Running analysis for PC index 172
Centering data before using scikit-learn on GPU
NOTE: Using GPU for ridge regression.
Warning: RidgeCV with fit_intercept=False please center data before using this function. If you want to use fit_intercept=True, please set device=None or device='cpu'.

Predictor device: cuda:0
Target device: cuda:0
Alphas device: cpu
PC index 172 correlation: 0.2251
Running analysis for PC index 173
Centering data before using scikit-learn on GPU
NOTE: Using GPU for ridge regression.
Warning: RidgeCV with fit_intercept=False please center data before using this function. If you want to use fit_intercept=True, please set device=None or device='cpu'.

Predictor device: cuda:0
Target device: cuda:0
Alphas device: cpu
PC index 173 correlation: 0.1116
Running analysis for PC index 174
Centering data before using scikit-learn on GPU
NOTE: Using GPU for ridge regression.
Warning: RidgeCV with fit_intercept=False please center data before using this function. If you want to use fit_intercept=True, please set device=None or device='cpu'.

Predictor device: cuda:0
Target device: cuda:0
Alphas device: cpu
PC index 174 correlation: 0.2510
Running analysis for PC index 175
Centering data before using scikit-learn on GPU
NOTE: Using GPU for ridge regression.
Warning: RidgeCV with fit_intercept=False please center data before using this function. If you want to use fit_intercept=True, please set device=None or device='cpu'.

Predictor device: cuda:0
Target device: cuda:0
Alphas device: cpu
PC index 175 correlation: 0.1594
Running analysis for PC index 176
Centering data before using scikit-learn on GPU
NOTE: Using GPU for ridge regression.
Warning: RidgeCV with fit_intercept=False please center data before using this function. If you want to use fit_intercept=True, please set device=None or device='cpu'.

Predictor device: cuda:0
Target device: cuda:0
Alphas device: cpu
PC index 176 correlation: 0.1245
Running analysis for PC index 177
Centering data before using scikit-learn on GPU
NOTE: Using GPU for ridge regression.
Warning: RidgeCV with fit_intercept=False please center data before using this function. If you want to use fit_intercept=True, please set device=None or device='cpu'.

Predictor device: cuda:0
Target device: cuda:0
Alphas device: cpu
PC index 177 correlation: 0.1234
Running analysis for PC index 178
Centering data before using scikit-learn on GPU
NOTE: Using GPU for ridge regression.
Warning: RidgeCV with fit_intercept=False please center data before using this function. If you want to use fit_intercept=True, please set device=None or device='cpu'.

Predictor device: cuda:0
Target device: cuda:0
Alphas device: cpu
PC index 178 correlation: 0.0736
Running analysis for PC index 179
Centering data before using scikit-learn on GPU
NOTE: Using GPU for ridge regression.
Warning: RidgeCV with fit_intercept=False please center data before using this function. If you want to use fit_intercept=True, please set device=None or device='cpu'.

Predictor device: cuda:0
Target device: cuda:0
Alphas device: cpu
PC index 179 correlation: 0.2204
Running analysis for PC index 180
Centering data before using scikit-learn on GPU
NOTE: Using GPU for ridge regression.
Warning: RidgeCV with fit_intercept=False please center data before using this function. If you want to use fit_intercept=True, please set device=None or device='cpu'.

Predictor device: cuda:0
Target device: cuda:0
Alphas device: cpu
PC index 180 correlation: 0.1010
Running analysis for PC index 181
Centering data before using scikit-learn on GPU
NOTE: Using GPU for ridge regression.
Warning: RidgeCV with fit_intercept=False please center data before using this function. If you want to use fit_intercept=True, please set device=None or device='cpu'.

Predictor device: cuda:0
Target device: cuda:0
Alphas device: cpu
PC index 181 correlation: 0.1384
Running analysis for PC index 182
Centering data before using scikit-learn on GPU
NOTE: Using GPU for ridge regression.
Warning: RidgeCV with fit_intercept=False please center data before using this function. If you want to use fit_intercept=True, please set device=None or device='cpu'.

Predictor device: cuda:0
Target device: cuda:0
Alphas device: cpu
PC index 182 correlation: 0.2028
Running analysis for PC index 183
Centering data before using scikit-learn on GPU
NOTE: Using GPU for ridge regression.
Warning: RidgeCV with fit_intercept=False please center data before using this function. If you want to use fit_intercept=True, please set device=None or device='cpu'.

Predictor device: cuda:0
Target device: cuda:0
Alphas device: cpu
PC index 183 correlation: 0.1836
Running analysis for PC index 184
Centering data before using scikit-learn on GPU
NOTE: Using GPU for ridge regression.
Warning: RidgeCV with fit_intercept=False please center data before using this function. If you want to use fit_intercept=True, please set device=None or device='cpu'.

Predictor device: cuda:0
Target device: cuda:0
Alphas device: cpu
PC index 184 correlation: 0.1677
Running analysis for PC index 185
Centering data before using scikit-learn on GPU
NOTE: Using GPU for ridge regression.
Warning: RidgeCV with fit_intercept=False please center data before using this function. If you want to use fit_intercept=True, please set device=None or device='cpu'.

Predictor device: cuda:0
Target device: cuda:0
Alphas device: cpu
PC index 185 correlation: 0.1232
Running analysis for PC index 186
Centering data before using scikit-learn on GPU
NOTE: Using GPU for ridge regression.
Warning: RidgeCV with fit_intercept=False please center data before using this function. If you want to use fit_intercept=True, please set device=None or device='cpu'.

Predictor device: cuda:0
Target device: cuda:0
Alphas device: cpu
PC index 186 correlation: 0.1145
Running analysis for PC index 187
Centering data before using scikit-learn on GPU
NOTE: Using GPU for ridge regression.
Warning: RidgeCV with fit_intercept=False please center data before using this function. If you want to use fit_intercept=True, please set device=None or device='cpu'.

Predictor device: cuda:0
Target device: cuda:0
Alphas device: cpu
PC index 187 correlation: 0.2047
Running analysis for PC index 188
Centering data before using scikit-learn on GPU
NOTE: Using GPU for ridge regression.
Warning: RidgeCV with fit_intercept=False please center data before using this function. If you want to use fit_intercept=True, please set device=None or device='cpu'.

Predictor device: cuda:0
Target device: cuda:0
Alphas device: cpu
PC index 188 correlation: 0.1611
Running analysis for PC index 189
Centering data before using scikit-learn on GPU
NOTE: Using GPU for ridge regression.
Warning: RidgeCV with fit_intercept=False please center data before using this function. If you want to use fit_intercept=True, please set device=None or device='cpu'.

Predictor device: cuda:0
Target device: cuda:0
Alphas device: cpu
PC index 189 correlation: 0.1659
Running analysis for PC index 190
Centering data before using scikit-learn on GPU
NOTE: Using GPU for ridge regression.
Warning: RidgeCV with fit_intercept=False please center data before using this function. If you want to use fit_intercept=True, please set device=None or device='cpu'.

Predictor device: cuda:0
Target device: cuda:0
Alphas device: cpu
PC index 190 correlation: 0.1987
Running analysis for PC index 191
Centering data before using scikit-learn on GPU
NOTE: Using GPU for ridge regression.
Warning: RidgeCV with fit_intercept=False please center data before using this function. If you want to use fit_intercept=True, please set device=None or device='cpu'.

Predictor device: cuda:0
Target device: cuda:0
Alphas device: cpu
PC index 191 correlation: 0.1390
Running analysis for PC index 192
Centering data before using scikit-learn on GPU
NOTE: Using GPU for ridge regression.
Warning: RidgeCV with fit_intercept=False please center data before using this function. If you want to use fit_intercept=True, please set device=None or device='cpu'.

Predictor device: cuda:0
Target device: cuda:0
Alphas device: cpu
PC index 192 correlation: 0.1242
Running analysis for PC index 193
Centering data before using scikit-learn on GPU
NOTE: Using GPU for ridge regression.
Warning: RidgeCV with fit_intercept=False please center data before using this function. If you want to use fit_intercept=True, please set device=None or device='cpu'.

Predictor device: cuda:0
Target device: cuda:0
Alphas device: cpu
PC index 193 correlation: 0.1261
Running analysis for PC index 194
Centering data before using scikit-learn on GPU
NOTE: Using GPU for ridge regression.
Warning: RidgeCV with fit_intercept=False please center data before using this function. If you want to use fit_intercept=True, please set device=None or device='cpu'.

Predictor device: cuda:0
Target device: cuda:0
Alphas device: cpu
PC index 194 correlation: 0.1518
Running analysis for PC index 195
Centering data before using scikit-learn on GPU
NOTE: Using GPU for ridge regression.
Warning: RidgeCV with fit_intercept=False please center data before using this function. If you want to use fit_intercept=True, please set device=None or device='cpu'.

Predictor device: cuda:0
Target device: cuda:0
Alphas device: cpu
PC index 195 correlation: 0.1639
Running analysis for PC index 196
Centering data before using scikit-learn on GPU
NOTE: Using GPU for ridge regression.
Warning: RidgeCV with fit_intercept=False please center data before using this function. If you want to use fit_intercept=True, please set device=None or device='cpu'.

Predictor device: cuda:0
Target device: cuda:0
Alphas device: cpu
PC index 196 correlation: 0.2036
Running analysis for PC index 197
Centering data before using scikit-learn on GPU
NOTE: Using GPU for ridge regression.
Warning: RidgeCV with fit_intercept=False please center data before using this function. If you want to use fit_intercept=True, please set device=None or device='cpu'.

Predictor device: cuda:0
Target device: cuda:0
Alphas device: cpu
PC index 197 correlation: 0.1272
Running analysis for PC index 198
Centering data before using scikit-learn on GPU
NOTE: Using GPU for ridge regression.
Warning: RidgeCV with fit_intercept=False please center data before using this function. If you want to use fit_intercept=True, please set device=None or device='cpu'.

Predictor device: cuda:0
Target device: cuda:0
Alphas device: cpu
PC index 198 correlation: 0.1542
Running analysis for PC index 199
Centering data before using scikit-learn on GPU
NOTE: Using GPU for ridge regression.
Warning: RidgeCV with fit_intercept=False please center data before using this function. If you want to use fit_intercept=True, please set device=None or device='cpu'.

Predictor device: cuda:0
Target device: cuda:0
Alphas device: cpu
PC index 199 correlation: 0.2239
Saved mobilenetv3_large_100_classification correlations to /home/ohadshee/Desktop/Partial-Information-Decomposition/pipeline/analysis/ridge_analysis/GPU_200_pcs_correlations_by_model.csv 😀
Starting model: ghostnet_100_classification
Number of images: 73000
Image shape: (425, 425, 3), dtype: uint8
nsdID shape: (73000,), Shared1000 shape: (73000,)
Neural data shape: (10000, 8088)
Image IDs shape: (10000,)
Number of voxels: 8088
Number of projections for SRP: 7894

Loaded target with shape (10000, 8088).
Model options for ghostnet_100_classification: {'model_name': 'ghostnet_100', 'train_type': 'classification', 'train_data': 'imagenet', 'model_source': 'timm', 'call': "get_timm_model('ghostnet_100', pretrained = True)"}
Image transforms for ghostnet_100_classification: Compose(
    Resize(size=(224, 224), interpolation=bicubic, max_size=None, antialias=True)
    MaybeToTensor()
    Normalize(mean=tensor([0.4850, 0.4560, 0.4060]), std=tensor([0.2290, 0.2240, 0.2250]))
)
Loaded model: ghostnet_100_classification
Ordered layers from model: ['Conv2d-1', 'BatchNorm2d-1', 'ReLU-1', 'Conv2d-2', 'BatchNorm2d-2', 'ReLU-2', 'Conv2d-3', 'BatchNorm2d-3', 'ReLU-3', 'GhostModule-1', 'Conv2d-4', 'BatchNorm2d-4', 'Identity-1', 'Conv2d-5', 'BatchNorm2d-5', 'Identity-2', 'GhostModule-2', 'GhostBottleneck-1', 'Conv2d-6', 'BatchNorm2d-6', 'ReLU-4', 'Conv2d-7', 'BatchNorm2d-7', 'ReLU-5', 'GhostModule-3', 'Conv2d-8', 'BatchNorm2d-8', 'Conv2d-9', 'BatchNorm2d-9', 'Identity-3', 'Conv2d-10', 'BatchNorm2d-10', 'Identity-4', 'GhostModule-4', 'Conv2d-11', 'BatchNorm2d-11', 'Conv2d-12', 'BatchNorm2d-12', 'GhostBottleneck-2', 'Conv2d-13', 'BatchNorm2d-13', 'ReLU-6', 'Conv2d-14', 'BatchNorm2d-14', 'ReLU-7', 'GhostModule-5', 'Conv2d-15', 'BatchNorm2d-15', 'Identity-5', 'Conv2d-16', 'BatchNorm2d-16', 'Identity-6', 'GhostModule-6', 'GhostBottleneck-3', 'Conv2d-17', 'BatchNorm2d-17', 'ReLU-8', 'Conv2d-18', 'BatchNorm2d-18', 'ReLU-9', 'GhostModule-7', 'Conv2d-19', 'BatchNorm2d-19', 'Conv2d-20', 'ReLU-10', 'Conv2d-21', 'Hardsigmoid-1', 'SqueezeExcite-1', 'Conv2d-22', 'BatchNorm2d-20', 'Identity-7', 'Conv2d-23', 'BatchNorm2d-21', 'Identity-8', 'GhostModule-8', 'Conv2d-24', 'BatchNorm2d-22', 'Conv2d-25', 'BatchNorm2d-23', 'GhostBottleneck-4', 'Conv2d-26', 'BatchNorm2d-24', 'ReLU-11', 'Conv2d-27', 'BatchNorm2d-25', 'ReLU-12', 'GhostModule-9', 'Conv2d-28', 'ReLU-13', 'Conv2d-29', 'Hardsigmoid-2', 'SqueezeExcite-2', 'Conv2d-30', 'BatchNorm2d-26', 'Identity-9', 'Conv2d-31', 'BatchNorm2d-27', 'Identity-10', 'GhostModule-10', 'GhostBottleneck-5', 'Conv2d-32', 'BatchNorm2d-28', 'ReLU-14', 'Conv2d-33', 'BatchNorm2d-29', 'ReLU-15', 'GhostModule-11', 'Conv2d-34', 'BatchNorm2d-30', 'Conv2d-35', 'BatchNorm2d-31', 'Identity-11', 'Conv2d-36', 'BatchNorm2d-32', 'Identity-12', 'GhostModule-12', 'Conv2d-37', 'BatchNorm2d-33', 'Conv2d-38', 'BatchNorm2d-34', 'GhostBottleneck-6', 'Conv2d-39', 'BatchNorm2d-35', 'ReLU-16', 'Conv2d-40', 'BatchNorm2d-36', 'ReLU-17', 'GhostModule-13', 'Conv2d-41', 'BatchNorm2d-37', 'Identity-13', 'Conv2d-42', 'BatchNorm2d-38', 'Identity-14', 'GhostModule-14', 'GhostBottleneck-7', 'Conv2d-43', 'BatchNorm2d-39', 'ReLU-18', 'Conv2d-44', 'BatchNorm2d-40', 'ReLU-19', 'GhostModule-15', 'Conv2d-45', 'BatchNorm2d-41', 'Identity-15', 'Conv2d-46', 'BatchNorm2d-42', 'Identity-16', 'GhostModule-16', 'GhostBottleneck-8', 'Conv2d-47', 'BatchNorm2d-43', 'ReLU-20', 'Conv2d-48', 'BatchNorm2d-44', 'ReLU-21', 'GhostModule-17', 'Conv2d-49', 'BatchNorm2d-45', 'Identity-17', 'Conv2d-50', 'BatchNorm2d-46', 'Identity-18', 'GhostModule-18', 'GhostBottleneck-9', 'Conv2d-51', 'BatchNorm2d-47', 'ReLU-22', 'Conv2d-52', 'BatchNorm2d-48', 'ReLU-23', 'GhostModule-19', 'Conv2d-53', 'ReLU-24', 'Conv2d-54', 'Hardsigmoid-3', 'SqueezeExcite-3', 'Conv2d-55', 'BatchNorm2d-49', 'Identity-19', 'Conv2d-56', 'BatchNorm2d-50', 'Identity-20', 'GhostModule-20', 'Conv2d-57', 'BatchNorm2d-51', 'Conv2d-58', 'BatchNorm2d-52', 'GhostBottleneck-10', 'Conv2d-59', 'BatchNorm2d-53', 'ReLU-25', 'Conv2d-60', 'BatchNorm2d-54', 'ReLU-26', 'GhostModule-21', 'Conv2d-61', 'ReLU-27', 'Conv2d-62', 'Hardsigmoid-4', 'SqueezeExcite-4', 'Conv2d-63', 'BatchNorm2d-55', 'Identity-21', 'Conv2d-64', 'BatchNorm2d-56', 'Identity-22', 'GhostModule-22', 'GhostBottleneck-11', 'Conv2d-65', 'BatchNorm2d-57', 'ReLU-28', 'Conv2d-66', 'BatchNorm2d-58', 'ReLU-29', 'GhostModule-23', 'Conv2d-67', 'BatchNorm2d-59', 'Conv2d-68', 'ReLU-30', 'Conv2d-69', 'Hardsigmoid-5', 'SqueezeExcite-5', 'Conv2d-70', 'BatchNorm2d-60', 'Identity-23', 'Conv2d-71', 'BatchNorm2d-61', 'Identity-24', 'GhostModule-24', 'Conv2d-72', 'BatchNorm2d-62', 'Conv2d-73', 'BatchNorm2d-63', 'GhostBottleneck-12', 'Conv2d-74', 'BatchNorm2d-64', 'ReLU-31', 'Conv2d-75', 'BatchNorm2d-65', 'ReLU-32', 'GhostModule-25', 'Conv2d-76', 'BatchNorm2d-66', 'Identity-25', 'Conv2d-77', 'BatchNorm2d-67', 'Identity-26', 'GhostModule-26', 'GhostBottleneck-13', 'Conv2d-78', 'BatchNorm2d-68', 'ReLU-33', 'Conv2d-79', 'BatchNorm2d-69', 'ReLU-34', 'GhostModule-27', 'Conv2d-80', 'ReLU-35', 'Conv2d-81', 'Hardsigmoid-6', 'SqueezeExcite-6', 'Conv2d-82', 'BatchNorm2d-70', 'Identity-27', 'Conv2d-83', 'BatchNorm2d-71', 'Identity-28', 'GhostModule-28', 'GhostBottleneck-14', 'Conv2d-84', 'BatchNorm2d-72', 'ReLU-36', 'Conv2d-85', 'BatchNorm2d-73', 'ReLU-37', 'GhostModule-29', 'Conv2d-86', 'BatchNorm2d-74', 'Identity-29', 'Conv2d-87', 'BatchNorm2d-75', 'Identity-30', 'GhostModule-30', 'GhostBottleneck-15', 'Conv2d-88', 'BatchNorm2d-76', 'ReLU-38', 'Conv2d-89', 'BatchNorm2d-77', 'ReLU-39', 'GhostModule-31', 'Conv2d-90', 'ReLU-40', 'Conv2d-91', 'Hardsigmoid-7', 'SqueezeExcite-7', 'Conv2d-92', 'BatchNorm2d-78', 'Identity-31', 'Conv2d-93', 'BatchNorm2d-79', 'Identity-32', 'GhostModule-32', 'GhostBottleneck-16', 'Conv2d-94', 'Identity-33', 'ReLU-41', 'BatchNormAct2d-1', 'Identity-34', 'ConvBnAct-1', 'AdaptiveAvgPool2d-1', 'Identity-35', 'SelectAdaptivePool2d-1', 'Conv2d-95', 'ReLU-42', 'Flatten-1', 'Linear-1', 'GhostNet-1']
Total number of layers: 320
Starting to extract features for ghostnet_100_classification at layer 290

==================================================
Processing layer: BatchNorm2d-77 from model: ghostnet_100_classification

For model ghostnet_100_classification Layer BatchNorm2d-77: Extracting features for 10000 images in batches of 128...
Feature extraction for model ghostnet_100_classification layer BatchNorm2d-77 completed in 58.59 seconds.

Features shape: (10000, 23520), Train target shape: (9000, 200), Shared target shape: (1000, 200)
Running ridge regression for 200 PCs on model ghostnet_100_classification at layer 290
Running analysis for 200 PCs
Running analysis for PC index 0
Centering data before using scikit-learn on GPU
NOTE: Using GPU for ridge regression.
Warning: RidgeCV with fit_intercept=False please center data before using this function. If you want to use fit_intercept=True, please set device=None or device='cpu'.

Predictor device: cuda:0
Target device: cuda:0
Alphas device: cpu
PC index 0 correlation: 0.4422
Running analysis for PC index 1
Centering data before using scikit-learn on GPU
NOTE: Using GPU for ridge regression.
Warning: RidgeCV with fit_intercept=False please center data before using this function. If you want to use fit_intercept=True, please set device=None or device='cpu'.

Predictor device: cuda:0
Target device: cuda:0
Alphas device: cpu
PC index 1 correlation: 0.8057
Running analysis for PC index 2
Centering data before using scikit-learn on GPU
NOTE: Using GPU for ridge regression.
Warning: RidgeCV with fit_intercept=False please center data before using this function. If you want to use fit_intercept=True, please set device=None or device='cpu'.

Predictor device: cuda:0
Target device: cuda:0
Alphas device: cpu
PC index 2 correlation: 0.7229
Running analysis for PC index 3
Centering data before using scikit-learn on GPU
NOTE: Using GPU for ridge regression.
Warning: RidgeCV with fit_intercept=False please center data before using this function. If you want to use fit_intercept=True, please set device=None or device='cpu'.

Predictor device: cuda:0
Target device: cuda:0
Alphas device: cpu
PC index 3 correlation: 0.7040
Running analysis for PC index 4
Centering data before using scikit-learn on GPU
NOTE: Using GPU for ridge regression.
Warning: RidgeCV with fit_intercept=False please center data before using this function. If you want to use fit_intercept=True, please set device=None or device='cpu'.

Predictor device: cuda:0
Target device: cuda:0
Alphas device: cpu
PC index 4 correlation: 0.6808
Running analysis for PC index 5
Centering data before using scikit-learn on GPU
NOTE: Using GPU for ridge regression.
Warning: RidgeCV with fit_intercept=False please center data before using this function. If you want to use fit_intercept=True, please set device=None or device='cpu'.

Predictor device: cuda:0
Target device: cuda:0
Alphas device: cpu
PC index 5 correlation: 0.4750
Running analysis for PC index 6
Centering data before using scikit-learn on GPU
NOTE: Using GPU for ridge regression.
Warning: RidgeCV with fit_intercept=False please center data before using this function. If you want to use fit_intercept=True, please set device=None or device='cpu'.

Predictor device: cuda:0
Target device: cuda:0
Alphas device: cpu
PC index 6 correlation: 0.4363
Running analysis for PC index 7
Centering data before using scikit-learn on GPU
NOTE: Using GPU for ridge regression.
Warning: RidgeCV with fit_intercept=False please center data before using this function. If you want to use fit_intercept=True, please set device=None or device='cpu'.

Predictor device: cuda:0
Target device: cuda:0
Alphas device: cpu
PC index 7 correlation: 0.2309
Running analysis for PC index 8
Centering data before using scikit-learn on GPU
NOTE: Using GPU for ridge regression.
Warning: RidgeCV with fit_intercept=False please center data before using this function. If you want to use fit_intercept=True, please set device=None or device='cpu'.

Predictor device: cuda:0
Target device: cuda:0
Alphas device: cpu
PC index 8 correlation: 0.4966
Running analysis for PC index 9
Centering data before using scikit-learn on GPU
NOTE: Using GPU for ridge regression.
Warning: RidgeCV with fit_intercept=False please center data before using this function. If you want to use fit_intercept=True, please set device=None or device='cpu'.

Predictor device: cuda:0
Target device: cuda:0
Alphas device: cpu
PC index 9 correlation: 0.4935
Running analysis for PC index 10
Centering data before using scikit-learn on GPU
NOTE: Using GPU for ridge regression.
Warning: RidgeCV with fit_intercept=False please center data before using this function. If you want to use fit_intercept=True, please set device=None or device='cpu'.

Predictor device: cuda:0
Target device: cuda:0
Alphas device: cpu
PC index 10 correlation: 0.4275
Running analysis for PC index 11
Centering data before using scikit-learn on GPU
NOTE: Using GPU for ridge regression.
Warning: RidgeCV with fit_intercept=False please center data before using this function. If you want to use fit_intercept=True, please set device=None or device='cpu'.

Predictor device: cuda:0
Target device: cuda:0
Alphas device: cpu
PC index 11 correlation: 0.6882
Running analysis for PC index 12
Centering data before using scikit-learn on GPU
NOTE: Using GPU for ridge regression.
Warning: RidgeCV with fit_intercept=False please center data before using this function. If you want to use fit_intercept=True, please set device=None or device='cpu'.

Predictor device: cuda:0
Target device: cuda:0
Alphas device: cpu
PC index 12 correlation: 0.3333
Running analysis for PC index 13
Centering data before using scikit-learn on GPU
NOTE: Using GPU for ridge regression.
Warning: RidgeCV with fit_intercept=False please center data before using this function. If you want to use fit_intercept=True, please set device=None or device='cpu'.

Predictor device: cuda:0
Target device: cuda:0
Alphas device: cpu
PC index 13 correlation: 0.4338
Running analysis for PC index 14
Centering data before using scikit-learn on GPU
NOTE: Using GPU for ridge regression.
Warning: RidgeCV with fit_intercept=False please center data before using this function. If you want to use fit_intercept=True, please set device=None or device='cpu'.

Predictor device: cuda:0
Target device: cuda:0
Alphas device: cpu
PC index 14 correlation: 0.4596
Running analysis for PC index 15
Centering data before using scikit-learn on GPU
NOTE: Using GPU for ridge regression.
Warning: RidgeCV with fit_intercept=False please center data before using this function. If you want to use fit_intercept=True, please set device=None or device='cpu'.

Predictor device: cuda:0
Target device: cuda:0
Alphas device: cpu
PC index 15 correlation: 0.3325
Running analysis for PC index 16
Centering data before using scikit-learn on GPU
NOTE: Using GPU for ridge regression.
Warning: RidgeCV with fit_intercept=False please center data before using this function. If you want to use fit_intercept=True, please set device=None or device='cpu'.

Predictor device: cuda:0
Target device: cuda:0
Alphas device: cpu
PC index 16 correlation: 0.3378
Running analysis for PC index 17
Centering data before using scikit-learn on GPU
NOTE: Using GPU for ridge regression.
Warning: RidgeCV with fit_intercept=False please center data before using this function. If you want to use fit_intercept=True, please set device=None or device='cpu'.

Predictor device: cuda:0
Target device: cuda:0
Alphas device: cpu
PC index 17 correlation: 0.1985
Running analysis for PC index 18
Centering data before using scikit-learn on GPU
NOTE: Using GPU for ridge regression.
Warning: RidgeCV with fit_intercept=False please center data before using this function. If you want to use fit_intercept=True, please set device=None or device='cpu'.

Predictor device: cuda:0
Target device: cuda:0
Alphas device: cpu
PC index 18 correlation: 0.4165
Running analysis for PC index 19
Centering data before using scikit-learn on GPU
NOTE: Using GPU for ridge regression.
Warning: RidgeCV with fit_intercept=False please center data before using this function. If you want to use fit_intercept=True, please set device=None or device='cpu'.

Predictor device: cuda:0
Target device: cuda:0
Alphas device: cpu
PC index 19 correlation: 0.3166
Running analysis for PC index 20
Centering data before using scikit-learn on GPU
NOTE: Using GPU for ridge regression.
Warning: RidgeCV with fit_intercept=False please center data before using this function. If you want to use fit_intercept=True, please set device=None or device='cpu'.

Predictor device: cuda:0
Target device: cuda:0
Alphas device: cpu
PC index 20 correlation: 0.3625
Running analysis for PC index 21
Centering data before using scikit-learn on GPU
NOTE: Using GPU for ridge regression.
Warning: RidgeCV with fit_intercept=False please center data before using this function. If you want to use fit_intercept=True, please set device=None or device='cpu'.

Predictor device: cuda:0
Target device: cuda:0
Alphas device: cpu
PC index 21 correlation: 0.3515
Running analysis for PC index 22
Centering data before using scikit-learn on GPU
NOTE: Using GPU for ridge regression.
Warning: RidgeCV with fit_intercept=False please center data before using this function. If you want to use fit_intercept=True, please set device=None or device='cpu'.

Predictor device: cuda:0
Target device: cuda:0
Alphas device: cpu
PC index 22 correlation: 0.3556
Running analysis for PC index 23
Centering data before using scikit-learn on GPU
NOTE: Using GPU for ridge regression.
Warning: RidgeCV with fit_intercept=False please center data before using this function. If you want to use fit_intercept=True, please set device=None or device='cpu'.

Predictor device: cuda:0
Target device: cuda:0
Alphas device: cpu
PC index 23 correlation: 0.2663
Running analysis for PC index 24
Centering data before using scikit-learn on GPU
NOTE: Using GPU for ridge regression.
Warning: RidgeCV with fit_intercept=False please center data before using this function. If you want to use fit_intercept=True, please set device=None or device='cpu'.

Predictor device: cuda:0
Target device: cuda:0
Alphas device: cpu
PC index 24 correlation: 0.3888
Running analysis for PC index 25
Centering data before using scikit-learn on GPU
NOTE: Using GPU for ridge regression.
Warning: RidgeCV with fit_intercept=False please center data before using this function. If you want to use fit_intercept=True, please set device=None or device='cpu'.

Predictor device: cuda:0
Target device: cuda:0
Alphas device: cpu
PC index 25 correlation: 0.2342
Running analysis for PC index 26
Centering data before using scikit-learn on GPU
NOTE: Using GPU for ridge regression.
Warning: RidgeCV with fit_intercept=False please center data before using this function. If you want to use fit_intercept=True, please set device=None or device='cpu'.

Predictor device: cuda:0
Target device: cuda:0
Alphas device: cpu
PC index 26 correlation: 0.3416
Running analysis for PC index 27
Centering data before using scikit-learn on GPU
NOTE: Using GPU for ridge regression.
Warning: RidgeCV with fit_intercept=False please center data before using this function. If you want to use fit_intercept=True, please set device=None or device='cpu'.

Predictor device: cuda:0
Target device: cuda:0
Alphas device: cpu
PC index 27 correlation: 0.2610
Running analysis for PC index 28
Centering data before using scikit-learn on GPU
NOTE: Using GPU for ridge regression.
Warning: RidgeCV with fit_intercept=False please center data before using this function. If you want to use fit_intercept=True, please set device=None or device='cpu'.

Predictor device: cuda:0
Target device: cuda:0
Alphas device: cpu
PC index 28 correlation: 0.3040
Running analysis for PC index 29
Centering data before using scikit-learn on GPU
NOTE: Using GPU for ridge regression.
Warning: RidgeCV with fit_intercept=False please center data before using this function. If you want to use fit_intercept=True, please set device=None or device='cpu'.

Predictor device: cuda:0
Target device: cuda:0
Alphas device: cpu
PC index 29 correlation: 0.3386
Running analysis for PC index 30
Centering data before using scikit-learn on GPU
NOTE: Using GPU for ridge regression.
Warning: RidgeCV with fit_intercept=False please center data before using this function. If you want to use fit_intercept=True, please set device=None or device='cpu'.

Predictor device: cuda:0
Target device: cuda:0
Alphas device: cpu
PC index 30 correlation: 0.3741
Running analysis for PC index 31
Centering data before using scikit-learn on GPU
NOTE: Using GPU for ridge regression.
Warning: RidgeCV with fit_intercept=False please center data before using this function. If you want to use fit_intercept=True, please set device=None or device='cpu'.

Predictor device: cuda:0
Target device: cuda:0
Alphas device: cpu
PC index 31 correlation: 0.3167
Running analysis for PC index 32
Centering data before using scikit-learn on GPU
NOTE: Using GPU for ridge regression.
Warning: RidgeCV with fit_intercept=False please center data before using this function. If you want to use fit_intercept=True, please set device=None or device='cpu'.

Predictor device: cuda:0
Target device: cuda:0
Alphas device: cpu
PC index 32 correlation: 0.2744
Running analysis for PC index 33
Centering data before using scikit-learn on GPU
NOTE: Using GPU for ridge regression.
Warning: RidgeCV with fit_intercept=False please center data before using this function. If you want to use fit_intercept=True, please set device=None or device='cpu'.

Predictor device: cuda:0
Target device: cuda:0
Alphas device: cpu
PC index 33 correlation: 0.2118
Running analysis for PC index 34
Centering data before using scikit-learn on GPU
NOTE: Using GPU for ridge regression.
Warning: RidgeCV with fit_intercept=False please center data before using this function. If you want to use fit_intercept=True, please set device=None or device='cpu'.

Predictor device: cuda:0
Target device: cuda:0
Alphas device: cpu
PC index 34 correlation: 0.3398
Running analysis for PC index 35
Centering data before using scikit-learn on GPU
NOTE: Using GPU for ridge regression.
Warning: RidgeCV with fit_intercept=False please center data before using this function. If you want to use fit_intercept=True, please set device=None or device='cpu'.

Predictor device: cuda:0
Target device: cuda:0
Alphas device: cpu
PC index 35 correlation: 0.1799
Running analysis for PC index 36
Centering data before using scikit-learn on GPU
NOTE: Using GPU for ridge regression.
Warning: RidgeCV with fit_intercept=False please center data before using this function. If you want to use fit_intercept=True, please set device=None or device='cpu'.

Predictor device: cuda:0
Target device: cuda:0
Alphas device: cpu
PC index 36 correlation: 0.1873
Running analysis for PC index 37
Centering data before using scikit-learn on GPU
NOTE: Using GPU for ridge regression.
Warning: RidgeCV with fit_intercept=False please center data before using this function. If you want to use fit_intercept=True, please set device=None or device='cpu'.

Predictor device: cuda:0
Target device: cuda:0
Alphas device: cpu
PC index 37 correlation: 0.3217
Running analysis for PC index 38
Centering data before using scikit-learn on GPU
NOTE: Using GPU for ridge regression.
Warning: RidgeCV with fit_intercept=False please center data before using this function. If you want to use fit_intercept=True, please set device=None or device='cpu'.

Predictor device: cuda:0
Target device: cuda:0
Alphas device: cpu
PC index 38 correlation: 0.2092
Running analysis for PC index 39
Centering data before using scikit-learn on GPU
NOTE: Using GPU for ridge regression.
Warning: RidgeCV with fit_intercept=False please center data before using this function. If you want to use fit_intercept=True, please set device=None or device='cpu'.

Predictor device: cuda:0
Target device: cuda:0
Alphas device: cpu
PC index 39 correlation: 0.2810
Running analysis for PC index 40
Centering data before using scikit-learn on GPU
NOTE: Using GPU for ridge regression.
Warning: RidgeCV with fit_intercept=False please center data before using this function. If you want to use fit_intercept=True, please set device=None or device='cpu'.

Predictor device: cuda:0
Target device: cuda:0
Alphas device: cpu
PC index 40 correlation: 0.2465
Running analysis for PC index 41
Centering data before using scikit-learn on GPU
NOTE: Using GPU for ridge regression.
Warning: RidgeCV with fit_intercept=False please center data before using this function. If you want to use fit_intercept=True, please set device=None or device='cpu'.

Predictor device: cuda:0
Target device: cuda:0
Alphas device: cpu
PC index 41 correlation: 0.3225
Running analysis for PC index 42
Centering data before using scikit-learn on GPU
NOTE: Using GPU for ridge regression.
Warning: RidgeCV with fit_intercept=False please center data before using this function. If you want to use fit_intercept=True, please set device=None or device='cpu'.

Predictor device: cuda:0
Target device: cuda:0
Alphas device: cpu
PC index 42 correlation: 0.3251
Running analysis for PC index 43
Centering data before using scikit-learn on GPU
NOTE: Using GPU for ridge regression.
Warning: RidgeCV with fit_intercept=False please center data before using this function. If you want to use fit_intercept=True, please set device=None or device='cpu'.

Predictor device: cuda:0
Target device: cuda:0
Alphas device: cpu
PC index 43 correlation: 0.2452
Running analysis for PC index 44
Centering data before using scikit-learn on GPU
NOTE: Using GPU for ridge regression.
Warning: RidgeCV with fit_intercept=False please center data before using this function. If you want to use fit_intercept=True, please set device=None or device='cpu'.

Predictor device: cuda:0
Target device: cuda:0
Alphas device: cpu
PC index 44 correlation: 0.3657
Running analysis for PC index 45
Centering data before using scikit-learn on GPU
NOTE: Using GPU for ridge regression.
Warning: RidgeCV with fit_intercept=False please center data before using this function. If you want to use fit_intercept=True, please set device=None or device='cpu'.

Predictor device: cuda:0
Target device: cuda:0
Alphas device: cpu
PC index 45 correlation: 0.1910
Running analysis for PC index 46
Centering data before using scikit-learn on GPU
NOTE: Using GPU for ridge regression.
Warning: RidgeCV with fit_intercept=False please center data before using this function. If you want to use fit_intercept=True, please set device=None or device='cpu'.

Predictor device: cuda:0
Target device: cuda:0
Alphas device: cpu
PC index 46 correlation: 0.2624
Running analysis for PC index 47
Centering data before using scikit-learn on GPU
NOTE: Using GPU for ridge regression.
Warning: RidgeCV with fit_intercept=False please center data before using this function. If you want to use fit_intercept=True, please set device=None or device='cpu'.

Predictor device: cuda:0
Target device: cuda:0
Alphas device: cpu
PC index 47 correlation: 0.3819
Running analysis for PC index 48
Centering data before using scikit-learn on GPU
NOTE: Using GPU for ridge regression.
Warning: RidgeCV with fit_intercept=False please center data before using this function. If you want to use fit_intercept=True, please set device=None or device='cpu'.

Predictor device: cuda:0
Target device: cuda:0
Alphas device: cpu
PC index 48 correlation: 0.3369
Running analysis for PC index 49
Centering data before using scikit-learn on GPU
NOTE: Using GPU for ridge regression.
Warning: RidgeCV with fit_intercept=False please center data before using this function. If you want to use fit_intercept=True, please set device=None or device='cpu'.

Predictor device: cuda:0
Target device: cuda:0
Alphas device: cpu
PC index 49 correlation: 0.2502
Running analysis for PC index 50
Centering data before using scikit-learn on GPU
NOTE: Using GPU for ridge regression.
Warning: RidgeCV with fit_intercept=False please center data before using this function. If you want to use fit_intercept=True, please set device=None or device='cpu'.

Predictor device: cuda:0
Target device: cuda:0
Alphas device: cpu
PC index 50 correlation: 0.3673
Running analysis for PC index 51
Centering data before using scikit-learn on GPU
NOTE: Using GPU for ridge regression.
Warning: RidgeCV with fit_intercept=False please center data before using this function. If you want to use fit_intercept=True, please set device=None or device='cpu'.

Predictor device: cuda:0
Target device: cuda:0
Alphas device: cpu
PC index 51 correlation: 0.1416
Running analysis for PC index 52
Centering data before using scikit-learn on GPU
NOTE: Using GPU for ridge regression.
Warning: RidgeCV with fit_intercept=False please center data before using this function. If you want to use fit_intercept=True, please set device=None or device='cpu'.

Predictor device: cuda:0
Target device: cuda:0
Alphas device: cpu
PC index 52 correlation: 0.2686
Running analysis for PC index 53
Centering data before using scikit-learn on GPU
NOTE: Using GPU for ridge regression.
Warning: RidgeCV with fit_intercept=False please center data before using this function. If you want to use fit_intercept=True, please set device=None or device='cpu'.

Predictor device: cuda:0
Target device: cuda:0
Alphas device: cpu
PC index 53 correlation: 0.2409
Running analysis for PC index 54
Centering data before using scikit-learn on GPU
NOTE: Using GPU for ridge regression.
Warning: RidgeCV with fit_intercept=False please center data before using this function. If you want to use fit_intercept=True, please set device=None or device='cpu'.

Predictor device: cuda:0
Target device: cuda:0
Alphas device: cpu
PC index 54 correlation: 0.2458
Running analysis for PC index 55
Centering data before using scikit-learn on GPU
NOTE: Using GPU for ridge regression.
Warning: RidgeCV with fit_intercept=False please center data before using this function. If you want to use fit_intercept=True, please set device=None or device='cpu'.

Predictor device: cuda:0
Target device: cuda:0
Alphas device: cpu
PC index 55 correlation: 0.3180
Running analysis for PC index 56
Centering data before using scikit-learn on GPU
NOTE: Using GPU for ridge regression.
Warning: RidgeCV with fit_intercept=False please center data before using this function. If you want to use fit_intercept=True, please set device=None or device='cpu'.

Predictor device: cuda:0
Target device: cuda:0
Alphas device: cpu
PC index 56 correlation: 0.3208
Running analysis for PC index 57
Centering data before using scikit-learn on GPU
NOTE: Using GPU for ridge regression.
Warning: RidgeCV with fit_intercept=False please center data before using this function. If you want to use fit_intercept=True, please set device=None or device='cpu'.

Predictor device: cuda:0
Target device: cuda:0
Alphas device: cpu
PC index 57 correlation: 0.2420
Running analysis for PC index 58
Centering data before using scikit-learn on GPU
NOTE: Using GPU for ridge regression.
Warning: RidgeCV with fit_intercept=False please center data before using this function. If you want to use fit_intercept=True, please set device=None or device='cpu'.

Predictor device: cuda:0
Target device: cuda:0
Alphas device: cpu
PC index 58 correlation: 0.1648
Running analysis for PC index 59
Centering data before using scikit-learn on GPU
NOTE: Using GPU for ridge regression.
Warning: RidgeCV with fit_intercept=False please center data before using this function. If you want to use fit_intercept=True, please set device=None or device='cpu'.

Predictor device: cuda:0
Target device: cuda:0
Alphas device: cpu
PC index 59 correlation: 0.2456
Running analysis for PC index 60
Centering data before using scikit-learn on GPU
NOTE: Using GPU for ridge regression.
Warning: RidgeCV with fit_intercept=False please center data before using this function. If you want to use fit_intercept=True, please set device=None or device='cpu'.

Predictor device: cuda:0
Target device: cuda:0
Alphas device: cpu
PC index 60 correlation: 0.2595
Running analysis for PC index 61
Centering data before using scikit-learn on GPU
NOTE: Using GPU for ridge regression.
Warning: RidgeCV with fit_intercept=False please center data before using this function. If you want to use fit_intercept=True, please set device=None or device='cpu'.

Predictor device: cuda:0
Target device: cuda:0
Alphas device: cpu
PC index 61 correlation: 0.3043
Running analysis for PC index 62
Centering data before using scikit-learn on GPU
NOTE: Using GPU for ridge regression.
Warning: RidgeCV with fit_intercept=False please center data before using this function. If you want to use fit_intercept=True, please set device=None or device='cpu'.

Predictor device: cuda:0
Target device: cuda:0
Alphas device: cpu
PC index 62 correlation: 0.2374
Running analysis for PC index 63
Centering data before using scikit-learn on GPU
NOTE: Using GPU for ridge regression.
Warning: RidgeCV with fit_intercept=False please center data before using this function. If you want to use fit_intercept=True, please set device=None or device='cpu'.

Predictor device: cuda:0
Target device: cuda:0
Alphas device: cpu
PC index 63 correlation: 0.1868
Running analysis for PC index 64
Centering data before using scikit-learn on GPU
NOTE: Using GPU for ridge regression.
Warning: RidgeCV with fit_intercept=False please center data before using this function. If you want to use fit_intercept=True, please set device=None or device='cpu'.

Predictor device: cuda:0
Target device: cuda:0
Alphas device: cpu
PC index 64 correlation: 0.4574
Running analysis for PC index 65
Centering data before using scikit-learn on GPU
NOTE: Using GPU for ridge regression.
Warning: RidgeCV with fit_intercept=False please center data before using this function. If you want to use fit_intercept=True, please set device=None or device='cpu'.

Predictor device: cuda:0
Target device: cuda:0
Alphas device: cpu
PC index 65 correlation: 0.2466
Running analysis for PC index 66
Centering data before using scikit-learn on GPU
NOTE: Using GPU for ridge regression.
Warning: RidgeCV with fit_intercept=False please center data before using this function. If you want to use fit_intercept=True, please set device=None or device='cpu'.

Predictor device: cuda:0
Target device: cuda:0
Alphas device: cpu
PC index 66 correlation: 0.1820
Running analysis for PC index 67
Centering data before using scikit-learn on GPU
NOTE: Using GPU for ridge regression.
Warning: RidgeCV with fit_intercept=False please center data before using this function. If you want to use fit_intercept=True, please set device=None or device='cpu'.

Predictor device: cuda:0
Target device: cuda:0
Alphas device: cpu
PC index 67 correlation: 0.1654
Running analysis for PC index 68
Centering data before using scikit-learn on GPU
NOTE: Using GPU for ridge regression.
Warning: RidgeCV with fit_intercept=False please center data before using this function. If you want to use fit_intercept=True, please set device=None or device='cpu'.

Predictor device: cuda:0
Target device: cuda:0
Alphas device: cpu
PC index 68 correlation: 0.1831
Running analysis for PC index 69
Centering data before using scikit-learn on GPU
NOTE: Using GPU for ridge regression.
Warning: RidgeCV with fit_intercept=False please center data before using this function. If you want to use fit_intercept=True, please set device=None or device='cpu'.

Predictor device: cuda:0
Target device: cuda:0
Alphas device: cpu
PC index 69 correlation: 0.2771
Running analysis for PC index 70
Centering data before using scikit-learn on GPU
NOTE: Using GPU for ridge regression.
Warning: RidgeCV with fit_intercept=False please center data before using this function. If you want to use fit_intercept=True, please set device=None or device='cpu'.

Predictor device: cuda:0
Target device: cuda:0
Alphas device: cpu
PC index 70 correlation: 0.2768
Running analysis for PC index 71
Centering data before using scikit-learn on GPU
NOTE: Using GPU for ridge regression.
Warning: RidgeCV with fit_intercept=False please center data before using this function. If you want to use fit_intercept=True, please set device=None or device='cpu'.

Predictor device: cuda:0
Target device: cuda:0
Alphas device: cpu
PC index 71 correlation: 0.2449
Running analysis for PC index 72
Centering data before using scikit-learn on GPU
NOTE: Using GPU for ridge regression.
Warning: RidgeCV with fit_intercept=False please center data before using this function. If you want to use fit_intercept=True, please set device=None or device='cpu'.

Predictor device: cuda:0
Target device: cuda:0
Alphas device: cpu
PC index 72 correlation: 0.2465
Running analysis for PC index 73
Centering data before using scikit-learn on GPU
NOTE: Using GPU for ridge regression.
Warning: RidgeCV with fit_intercept=False please center data before using this function. If you want to use fit_intercept=True, please set device=None or device='cpu'.

Predictor device: cuda:0
Target device: cuda:0
Alphas device: cpu
PC index 73 correlation: 0.1993
Running analysis for PC index 74
Centering data before using scikit-learn on GPU
NOTE: Using GPU for ridge regression.
Warning: RidgeCV with fit_intercept=False please center data before using this function. If you want to use fit_intercept=True, please set device=None or device='cpu'.

Predictor device: cuda:0
Target device: cuda:0
Alphas device: cpu
PC index 74 correlation: 0.1478
Running analysis for PC index 75
Centering data before using scikit-learn on GPU
NOTE: Using GPU for ridge regression.
Warning: RidgeCV with fit_intercept=False please center data before using this function. If you want to use fit_intercept=True, please set device=None or device='cpu'.

Predictor device: cuda:0
Target device: cuda:0
Alphas device: cpu
PC index 75 correlation: 0.2352
Running analysis for PC index 76
Centering data before using scikit-learn on GPU
NOTE: Using GPU for ridge regression.
Warning: RidgeCV with fit_intercept=False please center data before using this function. If you want to use fit_intercept=True, please set device=None or device='cpu'.

Predictor device: cuda:0
Target device: cuda:0
Alphas device: cpu
PC index 76 correlation: 0.2323
Running analysis for PC index 77
Centering data before using scikit-learn on GPU
NOTE: Using GPU for ridge regression.
Warning: RidgeCV with fit_intercept=False please center data before using this function. If you want to use fit_intercept=True, please set device=None or device='cpu'.

Predictor device: cuda:0
Target device: cuda:0
Alphas device: cpu
PC index 77 correlation: 0.2155
Running analysis for PC index 78
Centering data before using scikit-learn on GPU
NOTE: Using GPU for ridge regression.
Warning: RidgeCV with fit_intercept=False please center data before using this function. If you want to use fit_intercept=True, please set device=None or device='cpu'.

Predictor device: cuda:0
Target device: cuda:0
Alphas device: cpu
PC index 78 correlation: 0.2473
Running analysis for PC index 79
Centering data before using scikit-learn on GPU
NOTE: Using GPU for ridge regression.
Warning: RidgeCV with fit_intercept=False please center data before using this function. If you want to use fit_intercept=True, please set device=None or device='cpu'.

Predictor device: cuda:0
Target device: cuda:0
Alphas device: cpu
PC index 79 correlation: 0.2545
Running analysis for PC index 80
Centering data before using scikit-learn on GPU
NOTE: Using GPU for ridge regression.
Warning: RidgeCV with fit_intercept=False please center data before using this function. If you want to use fit_intercept=True, please set device=None or device='cpu'.

Predictor device: cuda:0
Target device: cuda:0
Alphas device: cpu
PC index 80 correlation: 0.2072
Running analysis for PC index 81
Centering data before using scikit-learn on GPU
NOTE: Using GPU for ridge regression.
Warning: RidgeCV with fit_intercept=False please center data before using this function. If you want to use fit_intercept=True, please set device=None or device='cpu'.

Predictor device: cuda:0
Target device: cuda:0
Alphas device: cpu
PC index 81 correlation: 0.2286
Running analysis for PC index 82
Centering data before using scikit-learn on GPU
NOTE: Using GPU for ridge regression.
Warning: RidgeCV with fit_intercept=False please center data before using this function. If you want to use fit_intercept=True, please set device=None or device='cpu'.

Predictor device: cuda:0
Target device: cuda:0
Alphas device: cpu
PC index 82 correlation: 0.2142
Running analysis for PC index 83
Centering data before using scikit-learn on GPU
NOTE: Using GPU for ridge regression.
Warning: RidgeCV with fit_intercept=False please center data before using this function. If you want to use fit_intercept=True, please set device=None or device='cpu'.

Predictor device: cuda:0
Target device: cuda:0
Alphas device: cpu
PC index 83 correlation: 0.2016
Running analysis for PC index 84
Centering data before using scikit-learn on GPU
NOTE: Using GPU for ridge regression.
Warning: RidgeCV with fit_intercept=False please center data before using this function. If you want to use fit_intercept=True, please set device=None or device='cpu'.

Predictor device: cuda:0
Target device: cuda:0
Alphas device: cpu
PC index 84 correlation: 0.1963
Running analysis for PC index 85
Centering data before using scikit-learn on GPU
NOTE: Using GPU for ridge regression.
Warning: RidgeCV with fit_intercept=False please center data before using this function. If you want to use fit_intercept=True, please set device=None or device='cpu'.

Predictor device: cuda:0
Target device: cuda:0
Alphas device: cpu
PC index 85 correlation: 0.1113
Running analysis for PC index 86
Centering data before using scikit-learn on GPU
NOTE: Using GPU for ridge regression.
Warning: RidgeCV with fit_intercept=False please center data before using this function. If you want to use fit_intercept=True, please set device=None or device='cpu'.

Predictor device: cuda:0
Target device: cuda:0
Alphas device: cpu
PC index 86 correlation: 0.2078
Running analysis for PC index 87
Centering data before using scikit-learn on GPU
NOTE: Using GPU for ridge regression.
Warning: RidgeCV with fit_intercept=False please center data before using this function. If you want to use fit_intercept=True, please set device=None or device='cpu'.

Predictor device: cuda:0
Target device: cuda:0
Alphas device: cpu
PC index 87 correlation: 0.2841
Running analysis for PC index 88
Centering data before using scikit-learn on GPU
NOTE: Using GPU for ridge regression.
Warning: RidgeCV with fit_intercept=False please center data before using this function. If you want to use fit_intercept=True, please set device=None or device='cpu'.

Predictor device: cuda:0
Target device: cuda:0
Alphas device: cpu
PC index 88 correlation: 0.2168
Running analysis for PC index 89
Centering data before using scikit-learn on GPU
NOTE: Using GPU for ridge regression.
Warning: RidgeCV with fit_intercept=False please center data before using this function. If you want to use fit_intercept=True, please set device=None or device='cpu'.

Predictor device: cuda:0
Target device: cuda:0
Alphas device: cpu
PC index 89 correlation: 0.2331
Running analysis for PC index 90
Centering data before using scikit-learn on GPU
NOTE: Using GPU for ridge regression.
Warning: RidgeCV with fit_intercept=False please center data before using this function. If you want to use fit_intercept=True, please set device=None or device='cpu'.

Predictor device: cuda:0
Target device: cuda:0
Alphas device: cpu
PC index 90 correlation: 0.1709
Running analysis for PC index 91
Centering data before using scikit-learn on GPU
NOTE: Using GPU for ridge regression.
Warning: RidgeCV with fit_intercept=False please center data before using this function. If you want to use fit_intercept=True, please set device=None or device='cpu'.

Predictor device: cuda:0
Target device: cuda:0
Alphas device: cpu
PC index 91 correlation: 0.2777
Running analysis for PC index 92
Centering data before using scikit-learn on GPU
NOTE: Using GPU for ridge regression.
Warning: RidgeCV with fit_intercept=False please center data before using this function. If you want to use fit_intercept=True, please set device=None or device='cpu'.

Predictor device: cuda:0
Target device: cuda:0
Alphas device: cpu
PC index 92 correlation: 0.1898
Running analysis for PC index 93
Centering data before using scikit-learn on GPU
NOTE: Using GPU for ridge regression.
Warning: RidgeCV with fit_intercept=False please center data before using this function. If you want to use fit_intercept=True, please set device=None or device='cpu'.

Predictor device: cuda:0
Target device: cuda:0
Alphas device: cpu
PC index 93 correlation: 0.1453
Running analysis for PC index 94
Centering data before using scikit-learn on GPU
NOTE: Using GPU for ridge regression.
Warning: RidgeCV with fit_intercept=False please center data before using this function. If you want to use fit_intercept=True, please set device=None or device='cpu'.

Predictor device: cuda:0
Target device: cuda:0
Alphas device: cpu
PC index 94 correlation: 0.1961
Running analysis for PC index 95
Centering data before using scikit-learn on GPU
NOTE: Using GPU for ridge regression.
Warning: RidgeCV with fit_intercept=False please center data before using this function. If you want to use fit_intercept=True, please set device=None or device='cpu'.

Predictor device: cuda:0
Target device: cuda:0
Alphas device: cpu
PC index 95 correlation: 0.1929
Running analysis for PC index 96
Centering data before using scikit-learn on GPU
NOTE: Using GPU for ridge regression.
Warning: RidgeCV with fit_intercept=False please center data before using this function. If you want to use fit_intercept=True, please set device=None or device='cpu'.

Predictor device: cuda:0
Target device: cuda:0
Alphas device: cpu
PC index 96 correlation: 0.2387
Running analysis for PC index 97
Centering data before using scikit-learn on GPU
NOTE: Using GPU for ridge regression.
Warning: RidgeCV with fit_intercept=False please center data before using this function. If you want to use fit_intercept=True, please set device=None or device='cpu'.

Predictor device: cuda:0
Target device: cuda:0
Alphas device: cpu
PC index 97 correlation: 0.1711
Running analysis for PC index 98
Centering data before using scikit-learn on GPU
NOTE: Using GPU for ridge regression.
Warning: RidgeCV with fit_intercept=False please center data before using this function. If you want to use fit_intercept=True, please set device=None or device='cpu'.

Predictor device: cuda:0
Target device: cuda:0
Alphas device: cpu
PC index 98 correlation: 0.1252
Running analysis for PC index 99
Centering data before using scikit-learn on GPU
NOTE: Using GPU for ridge regression.
Warning: RidgeCV with fit_intercept=False please center data before using this function. If you want to use fit_intercept=True, please set device=None or device='cpu'.

Predictor device: cuda:0
Target device: cuda:0
Alphas device: cpu
PC index 99 correlation: 0.2156
Running analysis for PC index 100
Centering data before using scikit-learn on GPU
NOTE: Using GPU for ridge regression.
Warning: RidgeCV with fit_intercept=False please center data before using this function. If you want to use fit_intercept=True, please set device=None or device='cpu'.

Predictor device: cuda:0
Target device: cuda:0
Alphas device: cpu
PC index 100 correlation: 0.1982
Running analysis for PC index 101
Centering data before using scikit-learn on GPU
NOTE: Using GPU for ridge regression.
Warning: RidgeCV with fit_intercept=False please center data before using this function. If you want to use fit_intercept=True, please set device=None or device='cpu'.

Predictor device: cuda:0
Target device: cuda:0
Alphas device: cpu
PC index 101 correlation: 0.2617
Running analysis for PC index 102
Centering data before using scikit-learn on GPU
NOTE: Using GPU for ridge regression.
Warning: RidgeCV with fit_intercept=False please center data before using this function. If you want to use fit_intercept=True, please set device=None or device='cpu'.

Predictor device: cuda:0
Target device: cuda:0
Alphas device: cpu
PC index 102 correlation: 0.2451
Running analysis for PC index 103
Centering data before using scikit-learn on GPU
NOTE: Using GPU for ridge regression.
Warning: RidgeCV with fit_intercept=False please center data before using this function. If you want to use fit_intercept=True, please set device=None or device='cpu'.

Predictor device: cuda:0
Target device: cuda:0
Alphas device: cpu
PC index 103 correlation: 0.3245
Running analysis for PC index 104
Centering data before using scikit-learn on GPU
NOTE: Using GPU for ridge regression.
Warning: RidgeCV with fit_intercept=False please center data before using this function. If you want to use fit_intercept=True, please set device=None or device='cpu'.

Predictor device: cuda:0
Target device: cuda:0
Alphas device: cpu
PC index 104 correlation: 0.1440
Running analysis for PC index 105
Centering data before using scikit-learn on GPU
NOTE: Using GPU for ridge regression.
Warning: RidgeCV with fit_intercept=False please center data before using this function. If you want to use fit_intercept=True, please set device=None or device='cpu'.

Predictor device: cuda:0
Target device: cuda:0
Alphas device: cpu
PC index 105 correlation: 0.2429
Running analysis for PC index 106
Centering data before using scikit-learn on GPU
NOTE: Using GPU for ridge regression.
Warning: RidgeCV with fit_intercept=False please center data before using this function. If you want to use fit_intercept=True, please set device=None or device='cpu'.

Predictor device: cuda:0
Target device: cuda:0
Alphas device: cpu
PC index 106 correlation: 0.2570
Running analysis for PC index 107
Centering data before using scikit-learn on GPU
NOTE: Using GPU for ridge regression.
Warning: RidgeCV with fit_intercept=False please center data before using this function. If you want to use fit_intercept=True, please set device=None or device='cpu'.

Predictor device: cuda:0
Target device: cuda:0
Alphas device: cpu
PC index 107 correlation: 0.2533
Running analysis for PC index 108
Centering data before using scikit-learn on GPU
NOTE: Using GPU for ridge regression.
Warning: RidgeCV with fit_intercept=False please center data before using this function. If you want to use fit_intercept=True, please set device=None or device='cpu'.

Predictor device: cuda:0
Target device: cuda:0
Alphas device: cpu
PC index 108 correlation: 0.1588
Running analysis for PC index 109
Centering data before using scikit-learn on GPU
NOTE: Using GPU for ridge regression.
Warning: RidgeCV with fit_intercept=False please center data before using this function. If you want to use fit_intercept=True, please set device=None or device='cpu'.

Predictor device: cuda:0
Target device: cuda:0
Alphas device: cpu
PC index 109 correlation: 0.1238
Running analysis for PC index 110
Centering data before using scikit-learn on GPU
NOTE: Using GPU for ridge regression.
Warning: RidgeCV with fit_intercept=False please center data before using this function. If you want to use fit_intercept=True, please set device=None or device='cpu'.

Predictor device: cuda:0
Target device: cuda:0
Alphas device: cpu
PC index 110 correlation: 0.0904
Running analysis for PC index 111
Centering data before using scikit-learn on GPU
NOTE: Using GPU for ridge regression.
Warning: RidgeCV with fit_intercept=False please center data before using this function. If you want to use fit_intercept=True, please set device=None or device='cpu'.

Predictor device: cuda:0
Target device: cuda:0
Alphas device: cpu
PC index 111 correlation: 0.1666
Running analysis for PC index 112
Centering data before using scikit-learn on GPU
NOTE: Using GPU for ridge regression.
Warning: RidgeCV with fit_intercept=False please center data before using this function. If you want to use fit_intercept=True, please set device=None or device='cpu'.

Predictor device: cuda:0
Target device: cuda:0
Alphas device: cpu
PC index 112 correlation: 0.0899
Running analysis for PC index 113
Centering data before using scikit-learn on GPU
NOTE: Using GPU for ridge regression.
Warning: RidgeCV with fit_intercept=False please center data before using this function. If you want to use fit_intercept=True, please set device=None or device='cpu'.

Predictor device: cuda:0
Target device: cuda:0
Alphas device: cpu
PC index 113 correlation: 0.1741
Running analysis for PC index 114
Centering data before using scikit-learn on GPU
NOTE: Using GPU for ridge regression.
Warning: RidgeCV with fit_intercept=False please center data before using this function. If you want to use fit_intercept=True, please set device=None or device='cpu'.

Predictor device: cuda:0
Target device: cuda:0
Alphas device: cpu
PC index 114 correlation: 0.2588
Running analysis for PC index 115
Centering data before using scikit-learn on GPU
NOTE: Using GPU for ridge regression.
Warning: RidgeCV with fit_intercept=False please center data before using this function. If you want to use fit_intercept=True, please set device=None or device='cpu'.

Predictor device: cuda:0
Target device: cuda:0
Alphas device: cpu
PC index 115 correlation: 0.1528
Running analysis for PC index 116
Centering data before using scikit-learn on GPU
NOTE: Using GPU for ridge regression.
Warning: RidgeCV with fit_intercept=False please center data before using this function. If you want to use fit_intercept=True, please set device=None or device='cpu'.

Predictor device: cuda:0
Target device: cuda:0
Alphas device: cpu
PC index 116 correlation: 0.1641
Running analysis for PC index 117
Centering data before using scikit-learn on GPU
NOTE: Using GPU for ridge regression.
Warning: RidgeCV with fit_intercept=False please center data before using this function. If you want to use fit_intercept=True, please set device=None or device='cpu'.

Predictor device: cuda:0
Target device: cuda:0
Alphas device: cpu
PC index 117 correlation: 0.2207
Running analysis for PC index 118
Centering data before using scikit-learn on GPU
NOTE: Using GPU for ridge regression.
Warning: RidgeCV with fit_intercept=False please center data before using this function. If you want to use fit_intercept=True, please set device=None or device='cpu'.

Predictor device: cuda:0
Target device: cuda:0
Alphas device: cpu
PC index 118 correlation: 0.2139
Running analysis for PC index 119
Centering data before using scikit-learn on GPU
NOTE: Using GPU for ridge regression.
Warning: RidgeCV with fit_intercept=False please center data before using this function. If you want to use fit_intercept=True, please set device=None or device='cpu'.

Predictor device: cuda:0
Target device: cuda:0
Alphas device: cpu
PC index 119 correlation: 0.1978
Running analysis for PC index 120
Centering data before using scikit-learn on GPU
NOTE: Using GPU for ridge regression.
Warning: RidgeCV with fit_intercept=False please center data before using this function. If you want to use fit_intercept=True, please set device=None or device='cpu'.

Predictor device: cuda:0
Target device: cuda:0
Alphas device: cpu
PC index 120 correlation: 0.1503
Running analysis for PC index 121
Centering data before using scikit-learn on GPU
NOTE: Using GPU for ridge regression.
Warning: RidgeCV with fit_intercept=False please center data before using this function. If you want to use fit_intercept=True, please set device=None or device='cpu'.

Predictor device: cuda:0
Target device: cuda:0
Alphas device: cpu
PC index 121 correlation: 0.1399
Running analysis for PC index 122
Centering data before using scikit-learn on GPU
NOTE: Using GPU for ridge regression.
Warning: RidgeCV with fit_intercept=False please center data before using this function. If you want to use fit_intercept=True, please set device=None or device='cpu'.

Predictor device: cuda:0
Target device: cuda:0
Alphas device: cpu
PC index 122 correlation: 0.2740
Running analysis for PC index 123
Centering data before using scikit-learn on GPU
NOTE: Using GPU for ridge regression.
Warning: RidgeCV with fit_intercept=False please center data before using this function. If you want to use fit_intercept=True, please set device=None or device='cpu'.

Predictor device: cuda:0
Target device: cuda:0
Alphas device: cpu
PC index 123 correlation: 0.1537
Running analysis for PC index 124
Centering data before using scikit-learn on GPU
NOTE: Using GPU for ridge regression.
Warning: RidgeCV with fit_intercept=False please center data before using this function. If you want to use fit_intercept=True, please set device=None or device='cpu'.

Predictor device: cuda:0
Target device: cuda:0
Alphas device: cpu
PC index 124 correlation: 0.1093
Running analysis for PC index 125
Centering data before using scikit-learn on GPU
NOTE: Using GPU for ridge regression.
Warning: RidgeCV with fit_intercept=False please center data before using this function. If you want to use fit_intercept=True, please set device=None or device='cpu'.

Predictor device: cuda:0
Target device: cuda:0
Alphas device: cpu
PC index 125 correlation: 0.2085
Running analysis for PC index 126
Centering data before using scikit-learn on GPU
NOTE: Using GPU for ridge regression.
Warning: RidgeCV with fit_intercept=False please center data before using this function. If you want to use fit_intercept=True, please set device=None or device='cpu'.

Predictor device: cuda:0
Target device: cuda:0
Alphas device: cpu
PC index 126 correlation: 0.1997
Running analysis for PC index 127
Centering data before using scikit-learn on GPU
NOTE: Using GPU for ridge regression.
Warning: RidgeCV with fit_intercept=False please center data before using this function. If you want to use fit_intercept=True, please set device=None or device='cpu'.

Predictor device: cuda:0
Target device: cuda:0
Alphas device: cpu
PC index 127 correlation: 0.1753
Running analysis for PC index 128
Centering data before using scikit-learn on GPU
NOTE: Using GPU for ridge regression.
Warning: RidgeCV with fit_intercept=False please center data before using this function. If you want to use fit_intercept=True, please set device=None or device='cpu'.

Predictor device: cuda:0
Target device: cuda:0
Alphas device: cpu
PC index 128 correlation: 0.2105
Running analysis for PC index 129
Centering data before using scikit-learn on GPU
NOTE: Using GPU for ridge regression.
Warning: RidgeCV with fit_intercept=False please center data before using this function. If you want to use fit_intercept=True, please set device=None or device='cpu'.

Predictor device: cuda:0
Target device: cuda:0
Alphas device: cpu
PC index 129 correlation: 0.2171
Running analysis for PC index 130
Centering data before using scikit-learn on GPU
NOTE: Using GPU for ridge regression.
Warning: RidgeCV with fit_intercept=False please center data before using this function. If you want to use fit_intercept=True, please set device=None or device='cpu'.

Predictor device: cuda:0
Target device: cuda:0
Alphas device: cpu
PC index 130 correlation: 0.2372
Running analysis for PC index 131
Centering data before using scikit-learn on GPU
NOTE: Using GPU for ridge regression.
Warning: RidgeCV with fit_intercept=False please center data before using this function. If you want to use fit_intercept=True, please set device=None or device='cpu'.

Predictor device: cuda:0
Target device: cuda:0
Alphas device: cpu
PC index 131 correlation: 0.0980
Running analysis for PC index 132
Centering data before using scikit-learn on GPU
NOTE: Using GPU for ridge regression.
Warning: RidgeCV with fit_intercept=False please center data before using this function. If you want to use fit_intercept=True, please set device=None or device='cpu'.

Predictor device: cuda:0
Target device: cuda:0
Alphas device: cpu
PC index 132 correlation: 0.2432
Running analysis for PC index 133
Centering data before using scikit-learn on GPU
NOTE: Using GPU for ridge regression.
Warning: RidgeCV with fit_intercept=False please center data before using this function. If you want to use fit_intercept=True, please set device=None or device='cpu'.

Predictor device: cuda:0
Target device: cuda:0
Alphas device: cpu
PC index 133 correlation: 0.1933
Running analysis for PC index 134
Centering data before using scikit-learn on GPU
NOTE: Using GPU for ridge regression.
Warning: RidgeCV with fit_intercept=False please center data before using this function. If you want to use fit_intercept=True, please set device=None or device='cpu'.

Predictor device: cuda:0
Target device: cuda:0
Alphas device: cpu
PC index 134 correlation: 0.1266
Running analysis for PC index 135
Centering data before using scikit-learn on GPU
NOTE: Using GPU for ridge regression.
Warning: RidgeCV with fit_intercept=False please center data before using this function. If you want to use fit_intercept=True, please set device=None or device='cpu'.

Predictor device: cuda:0
Target device: cuda:0
Alphas device: cpu
PC index 135 correlation: 0.2506
Running analysis for PC index 136
Centering data before using scikit-learn on GPU
NOTE: Using GPU for ridge regression.
Warning: RidgeCV with fit_intercept=False please center data before using this function. If you want to use fit_intercept=True, please set device=None or device='cpu'.

Predictor device: cuda:0
Target device: cuda:0
Alphas device: cpu
PC index 136 correlation: 0.1370
Running analysis for PC index 137
Centering data before using scikit-learn on GPU
NOTE: Using GPU for ridge regression.
Warning: RidgeCV with fit_intercept=False please center data before using this function. If you want to use fit_intercept=True, please set device=None or device='cpu'.

Predictor device: cuda:0
Target device: cuda:0
Alphas device: cpu
PC index 137 correlation: 0.1895
Running analysis for PC index 138
Centering data before using scikit-learn on GPU
NOTE: Using GPU for ridge regression.
Warning: RidgeCV with fit_intercept=False please center data before using this function. If you want to use fit_intercept=True, please set device=None or device='cpu'.

Predictor device: cuda:0
Target device: cuda:0
Alphas device: cpu
PC index 138 correlation: 0.1252
Running analysis for PC index 139
Centering data before using scikit-learn on GPU
NOTE: Using GPU for ridge regression.
Warning: RidgeCV with fit_intercept=False please center data before using this function. If you want to use fit_intercept=True, please set device=None or device='cpu'.

Predictor device: cuda:0
Target device: cuda:0
Alphas device: cpu
PC index 139 correlation: 0.2126
Running analysis for PC index 140
Centering data before using scikit-learn on GPU
NOTE: Using GPU for ridge regression.
Warning: RidgeCV with fit_intercept=False please center data before using this function. If you want to use fit_intercept=True, please set device=None or device='cpu'.

Predictor device: cuda:0
Target device: cuda:0
Alphas device: cpu
PC index 140 correlation: 0.1825
Running analysis for PC index 141
Centering data before using scikit-learn on GPU
NOTE: Using GPU for ridge regression.
Warning: RidgeCV with fit_intercept=False please center data before using this function. If you want to use fit_intercept=True, please set device=None or device='cpu'.

Predictor device: cuda:0
Target device: cuda:0
Alphas device: cpu
PC index 141 correlation: 0.1544
Running analysis for PC index 142
Centering data before using scikit-learn on GPU
NOTE: Using GPU for ridge regression.
Warning: RidgeCV with fit_intercept=False please center data before using this function. If you want to use fit_intercept=True, please set device=None or device='cpu'.

Predictor device: cuda:0
Target device: cuda:0
Alphas device: cpu
PC index 142 correlation: 0.1346
Running analysis for PC index 143
Centering data before using scikit-learn on GPU
NOTE: Using GPU for ridge regression.
Warning: RidgeCV with fit_intercept=False please center data before using this function. If you want to use fit_intercept=True, please set device=None or device='cpu'.

Predictor device: cuda:0
Target device: cuda:0
Alphas device: cpu
PC index 143 correlation: 0.2005
Running analysis for PC index 144
Centering data before using scikit-learn on GPU
NOTE: Using GPU for ridge regression.
Warning: RidgeCV with fit_intercept=False please center data before using this function. If you want to use fit_intercept=True, please set device=None or device='cpu'.

Predictor device: cuda:0
Target device: cuda:0
Alphas device: cpu
PC index 144 correlation: 0.1960
Running analysis for PC index 145
Centering data before using scikit-learn on GPU
NOTE: Using GPU for ridge regression.
Warning: RidgeCV with fit_intercept=False please center data before using this function. If you want to use fit_intercept=True, please set device=None or device='cpu'.

Predictor device: cuda:0
Target device: cuda:0
Alphas device: cpu
PC index 145 correlation: 0.2385
Running analysis for PC index 146
Centering data before using scikit-learn on GPU
NOTE: Using GPU for ridge regression.
Warning: RidgeCV with fit_intercept=False please center data before using this function. If you want to use fit_intercept=True, please set device=None or device='cpu'.

Predictor device: cuda:0
Target device: cuda:0
Alphas device: cpu
PC index 146 correlation: 0.1324
Running analysis for PC index 147
Centering data before using scikit-learn on GPU
NOTE: Using GPU for ridge regression.
Warning: RidgeCV with fit_intercept=False please center data before using this function. If you want to use fit_intercept=True, please set device=None or device='cpu'.

Predictor device: cuda:0
Target device: cuda:0
Alphas device: cpu
PC index 147 correlation: 0.1599
Running analysis for PC index 148
Centering data before using scikit-learn on GPU
NOTE: Using GPU for ridge regression.
Warning: RidgeCV with fit_intercept=False please center data before using this function. If you want to use fit_intercept=True, please set device=None or device='cpu'.

Predictor device: cuda:0
Target device: cuda:0
Alphas device: cpu
PC index 148 correlation: 0.1956
Running analysis for PC index 149
Centering data before using scikit-learn on GPU
NOTE: Using GPU for ridge regression.
Warning: RidgeCV with fit_intercept=False please center data before using this function. If you want to use fit_intercept=True, please set device=None or device='cpu'.

Predictor device: cuda:0
Target device: cuda:0
Alphas device: cpu
PC index 149 correlation: 0.1733
Running analysis for PC index 150
Centering data before using scikit-learn on GPU
NOTE: Using GPU for ridge regression.
Warning: RidgeCV with fit_intercept=False please center data before using this function. If you want to use fit_intercept=True, please set device=None or device='cpu'.

Predictor device: cuda:0
Target device: cuda:0
Alphas device: cpu
PC index 150 correlation: 0.1882
Running analysis for PC index 151
Centering data before using scikit-learn on GPU
NOTE: Using GPU for ridge regression.
Warning: RidgeCV with fit_intercept=False please center data before using this function. If you want to use fit_intercept=True, please set device=None or device='cpu'.

Predictor device: cuda:0
Target device: cuda:0
Alphas device: cpu
PC index 151 correlation: 0.2062
Running analysis for PC index 152
Centering data before using scikit-learn on GPU
NOTE: Using GPU for ridge regression.
Warning: RidgeCV with fit_intercept=False please center data before using this function. If you want to use fit_intercept=True, please set device=None or device='cpu'.

Predictor device: cuda:0
Target device: cuda:0
Alphas device: cpu
PC index 152 correlation: 0.1392
Running analysis for PC index 153
Centering data before using scikit-learn on GPU
NOTE: Using GPU for ridge regression.
Warning: RidgeCV with fit_intercept=False please center data before using this function. If you want to use fit_intercept=True, please set device=None or device='cpu'.

Predictor device: cuda:0
Target device: cuda:0
Alphas device: cpu
PC index 153 correlation: 0.1274
Running analysis for PC index 154
Centering data before using scikit-learn on GPU
NOTE: Using GPU for ridge regression.
Warning: RidgeCV with fit_intercept=False please center data before using this function. If you want to use fit_intercept=True, please set device=None or device='cpu'.

Predictor device: cuda:0
Target device: cuda:0
Alphas device: cpu
PC index 154 correlation: 0.1484
Running analysis for PC index 155
Centering data before using scikit-learn on GPU
NOTE: Using GPU for ridge regression.
Warning: RidgeCV with fit_intercept=False please center data before using this function. If you want to use fit_intercept=True, please set device=None or device='cpu'.

Predictor device: cuda:0
Target device: cuda:0
Alphas device: cpu
PC index 155 correlation: 0.0858
Running analysis for PC index 156
Centering data before using scikit-learn on GPU
NOTE: Using GPU for ridge regression.
Warning: RidgeCV with fit_intercept=False please center data before using this function. If you want to use fit_intercept=True, please set device=None or device='cpu'.

Predictor device: cuda:0
Target device: cuda:0
Alphas device: cpu
PC index 156 correlation: 0.1038
Running analysis for PC index 157
Centering data before using scikit-learn on GPU
NOTE: Using GPU for ridge regression.
Warning: RidgeCV with fit_intercept=False please center data before using this function. If you want to use fit_intercept=True, please set device=None or device='cpu'.

Predictor device: cuda:0
Target device: cuda:0
Alphas device: cpu
PC index 157 correlation: 0.1796
Running analysis for PC index 158
Centering data before using scikit-learn on GPU
NOTE: Using GPU for ridge regression.
Warning: RidgeCV with fit_intercept=False please center data before using this function. If you want to use fit_intercept=True, please set device=None or device='cpu'.

Predictor device: cuda:0
Target device: cuda:0
Alphas device: cpu
PC index 158 correlation: 0.1996
Running analysis for PC index 159
Centering data before using scikit-learn on GPU
NOTE: Using GPU for ridge regression.
Warning: RidgeCV with fit_intercept=False please center data before using this function. If you want to use fit_intercept=True, please set device=None or device='cpu'.

Predictor device: cuda:0
Target device: cuda:0
Alphas device: cpu
PC index 159 correlation: 0.1922
Running analysis for PC index 160
Centering data before using scikit-learn on GPU
NOTE: Using GPU for ridge regression.
Warning: RidgeCV with fit_intercept=False please center data before using this function. If you want to use fit_intercept=True, please set device=None or device='cpu'.

Predictor device: cuda:0
Target device: cuda:0
Alphas device: cpu
PC index 160 correlation: 0.1190
Running analysis for PC index 161
Centering data before using scikit-learn on GPU
NOTE: Using GPU for ridge regression.
Warning: RidgeCV with fit_intercept=False please center data before using this function. If you want to use fit_intercept=True, please set device=None or device='cpu'.

Predictor device: cuda:0
Target device: cuda:0
Alphas device: cpu
PC index 161 correlation: 0.1709
Running analysis for PC index 162
Centering data before using scikit-learn on GPU
NOTE: Using GPU for ridge regression.
Warning: RidgeCV with fit_intercept=False please center data before using this function. If you want to use fit_intercept=True, please set device=None or device='cpu'.

Predictor device: cuda:0
Target device: cuda:0
Alphas device: cpu
PC index 162 correlation: 0.1797
Running analysis for PC index 163
Centering data before using scikit-learn on GPU
NOTE: Using GPU for ridge regression.
Warning: RidgeCV with fit_intercept=False please center data before using this function. If you want to use fit_intercept=True, please set device=None or device='cpu'.

Predictor device: cuda:0
Target device: cuda:0
Alphas device: cpu
PC index 163 correlation: 0.2671
Running analysis for PC index 164
Centering data before using scikit-learn on GPU
NOTE: Using GPU for ridge regression.
Warning: RidgeCV with fit_intercept=False please center data before using this function. If you want to use fit_intercept=True, please set device=None or device='cpu'.

Predictor device: cuda:0
Target device: cuda:0
Alphas device: cpu
PC index 164 correlation: 0.1942
Running analysis for PC index 165
Centering data before using scikit-learn on GPU
NOTE: Using GPU for ridge regression.
Warning: RidgeCV with fit_intercept=False please center data before using this function. If you want to use fit_intercept=True, please set device=None or device='cpu'.

Predictor device: cuda:0
Target device: cuda:0
Alphas device: cpu
PC index 165 correlation: 0.1605
Running analysis for PC index 166
Centering data before using scikit-learn on GPU
NOTE: Using GPU for ridge regression.
Warning: RidgeCV with fit_intercept=False please center data before using this function. If you want to use fit_intercept=True, please set device=None or device='cpu'.

Predictor device: cuda:0
Target device: cuda:0
Alphas device: cpu
PC index 166 correlation: 0.1835
Running analysis for PC index 167
Centering data before using scikit-learn on GPU
NOTE: Using GPU for ridge regression.
Warning: RidgeCV with fit_intercept=False please center data before using this function. If you want to use fit_intercept=True, please set device=None or device='cpu'.

Predictor device: cuda:0
Target device: cuda:0
Alphas device: cpu
PC index 167 correlation: 0.1744
Running analysis for PC index 168
Centering data before using scikit-learn on GPU
NOTE: Using GPU for ridge regression.
Warning: RidgeCV with fit_intercept=False please center data before using this function. If you want to use fit_intercept=True, please set device=None or device='cpu'.

Predictor device: cuda:0
Target device: cuda:0
Alphas device: cpu
PC index 168 correlation: 0.1680
Running analysis for PC index 169
Centering data before using scikit-learn on GPU
NOTE: Using GPU for ridge regression.
Warning: RidgeCV with fit_intercept=False please center data before using this function. If you want to use fit_intercept=True, please set device=None or device='cpu'.

Predictor device: cuda:0
Target device: cuda:0
Alphas device: cpu
PC index 169 correlation: 0.1514
Running analysis for PC index 170
Centering data before using scikit-learn on GPU
NOTE: Using GPU for ridge regression.
Warning: RidgeCV with fit_intercept=False please center data before using this function. If you want to use fit_intercept=True, please set device=None or device='cpu'.

Predictor device: cuda:0
Target device: cuda:0
Alphas device: cpu
PC index 170 correlation: 0.1691
Running analysis for PC index 171
Centering data before using scikit-learn on GPU
NOTE: Using GPU for ridge regression.
Warning: RidgeCV with fit_intercept=False please center data before using this function. If you want to use fit_intercept=True, please set device=None or device='cpu'.

Predictor device: cuda:0
Target device: cuda:0
Alphas device: cpu
PC index 171 correlation: 0.1816
Running analysis for PC index 172
Centering data before using scikit-learn on GPU
NOTE: Using GPU for ridge regression.
Warning: RidgeCV with fit_intercept=False please center data before using this function. If you want to use fit_intercept=True, please set device=None or device='cpu'.

Predictor device: cuda:0
Target device: cuda:0
Alphas device: cpu
PC index 172 correlation: 0.2023
Running analysis for PC index 173
Centering data before using scikit-learn on GPU
NOTE: Using GPU for ridge regression.
Warning: RidgeCV with fit_intercept=False please center data before using this function. If you want to use fit_intercept=True, please set device=None or device='cpu'.

Predictor device: cuda:0
Target device: cuda:0
Alphas device: cpu
PC index 173 correlation: 0.1382
Running analysis for PC index 174
Centering data before using scikit-learn on GPU
NOTE: Using GPU for ridge regression.
Warning: RidgeCV with fit_intercept=False please center data before using this function. If you want to use fit_intercept=True, please set device=None or device='cpu'.

Predictor device: cuda:0
Target device: cuda:0
Alphas device: cpu
PC index 174 correlation: 0.2081
Running analysis for PC index 175
Centering data before using scikit-learn on GPU
NOTE: Using GPU for ridge regression.
Warning: RidgeCV with fit_intercept=False please center data before using this function. If you want to use fit_intercept=True, please set device=None or device='cpu'.

Predictor device: cuda:0
Target device: cuda:0
Alphas device: cpu
PC index 175 correlation: 0.1362
Running analysis for PC index 176
Centering data before using scikit-learn on GPU
NOTE: Using GPU for ridge regression.
Warning: RidgeCV with fit_intercept=False please center data before using this function. If you want to use fit_intercept=True, please set device=None or device='cpu'.

Predictor device: cuda:0
Target device: cuda:0
Alphas device: cpu
PC index 176 correlation: 0.1126
Running analysis for PC index 177
Centering data before using scikit-learn on GPU
NOTE: Using GPU for ridge regression.
Warning: RidgeCV with fit_intercept=False please center data before using this function. If you want to use fit_intercept=True, please set device=None or device='cpu'.

Predictor device: cuda:0
Target device: cuda:0
Alphas device: cpu
PC index 177 correlation: 0.1273
Running analysis for PC index 178
Centering data before using scikit-learn on GPU
NOTE: Using GPU for ridge regression.
Warning: RidgeCV with fit_intercept=False please center data before using this function. If you want to use fit_intercept=True, please set device=None or device='cpu'.

Predictor device: cuda:0
Target device: cuda:0
Alphas device: cpu
PC index 178 correlation: 0.0632
Running analysis for PC index 179
Centering data before using scikit-learn on GPU
NOTE: Using GPU for ridge regression.
Warning: RidgeCV with fit_intercept=False please center data before using this function. If you want to use fit_intercept=True, please set device=None or device='cpu'.

Predictor device: cuda:0
Target device: cuda:0
Alphas device: cpu
PC index 179 correlation: 0.2238
Running analysis for PC index 180
Centering data before using scikit-learn on GPU
NOTE: Using GPU for ridge regression.
Warning: RidgeCV with fit_intercept=False please center data before using this function. If you want to use fit_intercept=True, please set device=None or device='cpu'.

Predictor device: cuda:0
Target device: cuda:0
Alphas device: cpu
PC index 180 correlation: 0.1100
Running analysis for PC index 181
Centering data before using scikit-learn on GPU
NOTE: Using GPU for ridge regression.
Warning: RidgeCV with fit_intercept=False please center data before using this function. If you want to use fit_intercept=True, please set device=None or device='cpu'.

Predictor device: cuda:0
Target device: cuda:0
Alphas device: cpu
PC index 181 correlation: 0.0943
Running analysis for PC index 182
Centering data before using scikit-learn on GPU
NOTE: Using GPU for ridge regression.
Warning: RidgeCV with fit_intercept=False please center data before using this function. If you want to use fit_intercept=True, please set device=None or device='cpu'.

Predictor device: cuda:0
Target device: cuda:0
Alphas device: cpu
PC index 182 correlation: 0.1844
Running analysis for PC index 183
Centering data before using scikit-learn on GPU
NOTE: Using GPU for ridge regression.
Warning: RidgeCV with fit_intercept=False please center data before using this function. If you want to use fit_intercept=True, please set device=None or device='cpu'.

Predictor device: cuda:0
Target device: cuda:0
Alphas device: cpu
PC index 183 correlation: 0.1757
Running analysis for PC index 184
Centering data before using scikit-learn on GPU
NOTE: Using GPU for ridge regression.
Warning: RidgeCV with fit_intercept=False please center data before using this function. If you want to use fit_intercept=True, please set device=None or device='cpu'.

Predictor device: cuda:0
Target device: cuda:0
Alphas device: cpu
PC index 184 correlation: 0.1311
Running analysis for PC index 185
Centering data before using scikit-learn on GPU
NOTE: Using GPU for ridge regression.
Warning: RidgeCV with fit_intercept=False please center data before using this function. If you want to use fit_intercept=True, please set device=None or device='cpu'.

Predictor device: cuda:0
Target device: cuda:0
Alphas device: cpu
PC index 185 correlation: 0.1286
Running analysis for PC index 186
Centering data before using scikit-learn on GPU
NOTE: Using GPU for ridge regression.
Warning: RidgeCV with fit_intercept=False please center data before using this function. If you want to use fit_intercept=True, please set device=None or device='cpu'.

Predictor device: cuda:0
Target device: cuda:0
Alphas device: cpu
PC index 186 correlation: 0.1117
Running analysis for PC index 187
Centering data before using scikit-learn on GPU
NOTE: Using GPU for ridge regression.
Warning: RidgeCV with fit_intercept=False please center data before using this function. If you want to use fit_intercept=True, please set device=None or device='cpu'.

Predictor device: cuda:0
Target device: cuda:0
Alphas device: cpu
PC index 187 correlation: 0.1797
Running analysis for PC index 188
Centering data before using scikit-learn on GPU
NOTE: Using GPU for ridge regression.
Warning: RidgeCV with fit_intercept=False please center data before using this function. If you want to use fit_intercept=True, please set device=None or device='cpu'.

Predictor device: cuda:0
Target device: cuda:0
Alphas device: cpu
PC index 188 correlation: 0.1628
Running analysis for PC index 189
Centering data before using scikit-learn on GPU
NOTE: Using GPU for ridge regression.
Warning: RidgeCV with fit_intercept=False please center data before using this function. If you want to use fit_intercept=True, please set device=None or device='cpu'.

Predictor device: cuda:0
Target device: cuda:0
Alphas device: cpu
PC index 189 correlation: 0.1361
Running analysis for PC index 190
Centering data before using scikit-learn on GPU
NOTE: Using GPU for ridge regression.
Warning: RidgeCV with fit_intercept=False please center data before using this function. If you want to use fit_intercept=True, please set device=None or device='cpu'.

Predictor device: cuda:0
Target device: cuda:0
Alphas device: cpu
PC index 190 correlation: 0.1587
Running analysis for PC index 191
Centering data before using scikit-learn on GPU
NOTE: Using GPU for ridge regression.
Warning: RidgeCV with fit_intercept=False please center data before using this function. If you want to use fit_intercept=True, please set device=None or device='cpu'.

Predictor device: cuda:0
Target device: cuda:0
Alphas device: cpu
PC index 191 correlation: 0.1399
Running analysis for PC index 192
Centering data before using scikit-learn on GPU
NOTE: Using GPU for ridge regression.
Warning: RidgeCV with fit_intercept=False please center data before using this function. If you want to use fit_intercept=True, please set device=None or device='cpu'.

Predictor device: cuda:0
Target device: cuda:0
Alphas device: cpu
PC index 192 correlation: 0.1045
Running analysis for PC index 193
Centering data before using scikit-learn on GPU
NOTE: Using GPU for ridge regression.
Warning: RidgeCV with fit_intercept=False please center data before using this function. If you want to use fit_intercept=True, please set device=None or device='cpu'.

Predictor device: cuda:0
Target device: cuda:0
Alphas device: cpu
PC index 193 correlation: 0.1099
Running analysis for PC index 194
Centering data before using scikit-learn on GPU
NOTE: Using GPU for ridge regression.
Warning: RidgeCV with fit_intercept=False please center data before using this function. If you want to use fit_intercept=True, please set device=None or device='cpu'.

Predictor device: cuda:0
Target device: cuda:0
Alphas device: cpu
PC index 194 correlation: 0.1724
Running analysis for PC index 195
Centering data before using scikit-learn on GPU
NOTE: Using GPU for ridge regression.
Warning: RidgeCV with fit_intercept=False please center data before using this function. If you want to use fit_intercept=True, please set device=None or device='cpu'.

Predictor device: cuda:0
Target device: cuda:0
Alphas device: cpu
PC index 195 correlation: 0.1723
Running analysis for PC index 196
Centering data before using scikit-learn on GPU
NOTE: Using GPU for ridge regression.
Warning: RidgeCV with fit_intercept=False please center data before using this function. If you want to use fit_intercept=True, please set device=None or device='cpu'.

Predictor device: cuda:0
Target device: cuda:0
Alphas device: cpu
PC index 196 correlation: 0.1784
Running analysis for PC index 197
Centering data before using scikit-learn on GPU
NOTE: Using GPU for ridge regression.
Warning: RidgeCV with fit_intercept=False please center data before using this function. If you want to use fit_intercept=True, please set device=None or device='cpu'.

Predictor device: cuda:0
Target device: cuda:0
Alphas device: cpu
PC index 197 correlation: 0.1165
Running analysis for PC index 198
Centering data before using scikit-learn on GPU
NOTE: Using GPU for ridge regression.
Warning: RidgeCV with fit_intercept=False please center data before using this function. If you want to use fit_intercept=True, please set device=None or device='cpu'.

Predictor device: cuda:0
Target device: cuda:0
Alphas device: cpu
PC index 198 correlation: 0.1374
Running analysis for PC index 199
Centering data before using scikit-learn on GPU
NOTE: Using GPU for ridge regression.
Warning: RidgeCV with fit_intercept=False please center data before using this function. If you want to use fit_intercept=True, please set device=None or device='cpu'.

Predictor device: cuda:0
Target device: cuda:0
Alphas device: cpu
PC index 199 correlation: 0.2381
Saved ghostnet_100_classification correlations to /home/ohadshee/Desktop/Partial-Information-Decomposition/pipeline/analysis/ridge_analysis/GPU_200_pcs_correlations_by_model.csv 😀
Starting model: convnext_base_classification
Number of images: 73000
Image shape: (425, 425, 3), dtype: uint8
nsdID shape: (73000,), Shared1000 shape: (73000,)
Neural data shape: (10000, 8088)
Image IDs shape: (10000,)
Number of voxels: 8088
Number of projections for SRP: 7894

Loaded target with shape (10000, 8088).
Model options for convnext_base_classification: {'model_name': 'convnext_base', 'train_type': 'classification', 'train_data': 'imagenet', 'model_source': 'timm', 'call': "get_timm_model('convnext_base', pretrained = True)"}
Image transforms for convnext_base_classification: Compose(
    Resize(size=(224, 224), interpolation=bicubic, max_size=None, antialias=True)
    MaybeToTensor()
    Normalize(mean=tensor([0.4850, 0.4560, 0.4060]), std=tensor([0.2290, 0.2240, 0.2250]))
)
Loaded model: convnext_base_classification
Ordered layers from model: ['Conv2d-1', 'LayerNorm2d-1', 'Identity-1', 'Conv2d-2', 'LayerNorm-2', 'Linear-1', 'GELU-1', 'Dropout-1', 'Identity-2', 'Linear-2', 'Dropout-2', 'Mlp-1', 'Identity-3', 'Identity-4', 'ConvNeXtBlock-1', 'Conv2d-3', 'LayerNorm-3', 'Linear-3', 'GELU-2', 'Dropout-3', 'Identity-5', 'Linear-4', 'Dropout-4', 'Mlp-2', 'Identity-6', 'Identity-7', 'ConvNeXtBlock-2', 'Conv2d-4', 'LayerNorm-4', 'Linear-5', 'GELU-3', 'Dropout-5', 'Identity-8', 'Linear-6', 'Dropout-6', 'Mlp-3', 'Identity-9', 'Identity-10', 'ConvNeXtBlock-3', 'ConvNeXtStage-1', 'LayerNorm2d-2', 'Conv2d-5', 'Conv2d-6', 'LayerNorm-6', 'Linear-7', 'GELU-4', 'Dropout-7', 'Identity-11', 'Linear-8', 'Dropout-8', 'Mlp-4', 'Identity-12', 'Identity-13', 'ConvNeXtBlock-4', 'Conv2d-7', 'LayerNorm-7', 'Linear-9', 'GELU-5', 'Dropout-9', 'Identity-14', 'Linear-10', 'Dropout-10', 'Mlp-5', 'Identity-15', 'Identity-16', 'ConvNeXtBlock-5', 'Conv2d-8', 'LayerNorm-8', 'Linear-11', 'GELU-6', 'Dropout-11', 'Identity-17', 'Linear-12', 'Dropout-12', 'Mlp-6', 'Identity-18', 'Identity-19', 'ConvNeXtBlock-6', 'ConvNeXtStage-2', 'LayerNorm2d-3', 'Conv2d-9', 'Conv2d-10', 'LayerNorm-10', 'Linear-13', 'GELU-7', 'Dropout-13', 'Identity-20', 'Linear-14', 'Dropout-14', 'Mlp-7', 'Identity-21', 'Identity-22', 'ConvNeXtBlock-7', 'Conv2d-11', 'LayerNorm-11', 'Linear-15', 'GELU-8', 'Dropout-15', 'Identity-23', 'Linear-16', 'Dropout-16', 'Mlp-8', 'Identity-24', 'Identity-25', 'ConvNeXtBlock-8', 'Conv2d-12', 'LayerNorm-12', 'Linear-17', 'GELU-9', 'Dropout-17', 'Identity-26', 'Linear-18', 'Dropout-18', 'Mlp-9', 'Identity-27', 'Identity-28', 'ConvNeXtBlock-9', 'Conv2d-13', 'LayerNorm-13', 'Linear-19', 'GELU-10', 'Dropout-19', 'Identity-29', 'Linear-20', 'Dropout-20', 'Mlp-10', 'Identity-30', 'Identity-31', 'ConvNeXtBlock-10', 'Conv2d-14', 'LayerNorm-14', 'Linear-21', 'GELU-11', 'Dropout-21', 'Identity-32', 'Linear-22', 'Dropout-22', 'Mlp-11', 'Identity-33', 'Identity-34', 'ConvNeXtBlock-11', 'Conv2d-15', 'LayerNorm-15', 'Linear-23', 'GELU-12', 'Dropout-23', 'Identity-35', 'Linear-24', 'Dropout-24', 'Mlp-12', 'Identity-36', 'Identity-37', 'ConvNeXtBlock-12', 'Conv2d-16', 'LayerNorm-16', 'Linear-25', 'GELU-13', 'Dropout-25', 'Identity-38', 'Linear-26', 'Dropout-26', 'Mlp-13', 'Identity-39', 'Identity-40', 'ConvNeXtBlock-13', 'Conv2d-17', 'LayerNorm-17', 'Linear-27', 'GELU-14', 'Dropout-27', 'Identity-41', 'Linear-28', 'Dropout-28', 'Mlp-14', 'Identity-42', 'Identity-43', 'ConvNeXtBlock-14', 'Conv2d-18', 'LayerNorm-18', 'Linear-29', 'GELU-15', 'Dropout-29', 'Identity-44', 'Linear-30', 'Dropout-30', 'Mlp-15', 'Identity-45', 'Identity-46', 'ConvNeXtBlock-15', 'Conv2d-19', 'LayerNorm-19', 'Linear-31', 'GELU-16', 'Dropout-31', 'Identity-47', 'Linear-32', 'Dropout-32', 'Mlp-16', 'Identity-48', 'Identity-49', 'ConvNeXtBlock-16', 'Conv2d-20', 'LayerNorm-20', 'Linear-33', 'GELU-17', 'Dropout-33', 'Identity-50', 'Linear-34', 'Dropout-34', 'Mlp-17', 'Identity-51', 'Identity-52', 'ConvNeXtBlock-17', 'Conv2d-21', 'LayerNorm-21', 'Linear-35', 'GELU-18', 'Dropout-35', 'Identity-53', 'Linear-36', 'Dropout-36', 'Mlp-18', 'Identity-54', 'Identity-55', 'ConvNeXtBlock-18', 'Conv2d-22', 'LayerNorm-22', 'Linear-37', 'GELU-19', 'Dropout-37', 'Identity-56', 'Linear-38', 'Dropout-38', 'Mlp-19', 'Identity-57', 'Identity-58', 'ConvNeXtBlock-19', 'Conv2d-23', 'LayerNorm-23', 'Linear-39', 'GELU-20', 'Dropout-39', 'Identity-59', 'Linear-40', 'Dropout-40', 'Mlp-20', 'Identity-60', 'Identity-61', 'ConvNeXtBlock-20', 'Conv2d-24', 'LayerNorm-24', 'Linear-41', 'GELU-21', 'Dropout-41', 'Identity-62', 'Linear-42', 'Dropout-42', 'Mlp-21', 'Identity-63', 'Identity-64', 'ConvNeXtBlock-21', 'Conv2d-25', 'LayerNorm-25', 'Linear-43', 'GELU-22', 'Dropout-43', 'Identity-65', 'Linear-44', 'Dropout-44', 'Mlp-22', 'Identity-66', 'Identity-67', 'ConvNeXtBlock-22', 'Conv2d-26', 'LayerNorm-26', 'Linear-45', 'GELU-23', 'Dropout-45', 'Identity-68', 'Linear-46', 'Dropout-46', 'Mlp-23', 'Identity-69', 'Identity-70', 'ConvNeXtBlock-23', 'Conv2d-27', 'LayerNorm-27', 'Linear-47', 'GELU-24', 'Dropout-47', 'Identity-71', 'Linear-48', 'Dropout-48', 'Mlp-24', 'Identity-72', 'Identity-73', 'ConvNeXtBlock-24', 'Conv2d-28', 'LayerNorm-28', 'Linear-49', 'GELU-25', 'Dropout-49', 'Identity-74', 'Linear-50', 'Dropout-50', 'Mlp-25', 'Identity-75', 'Identity-76', 'ConvNeXtBlock-25', 'Conv2d-29', 'LayerNorm-29', 'Linear-51', 'GELU-26', 'Dropout-51', 'Identity-77', 'Linear-52', 'Dropout-52', 'Mlp-26', 'Identity-78', 'Identity-79', 'ConvNeXtBlock-26', 'Conv2d-30', 'LayerNorm-30', 'Linear-53', 'GELU-27', 'Dropout-53', 'Identity-80', 'Linear-54', 'Dropout-54', 'Mlp-27', 'Identity-81', 'Identity-82', 'ConvNeXtBlock-27', 'Conv2d-31', 'LayerNorm-31', 'Linear-55', 'GELU-28', 'Dropout-55', 'Identity-83', 'Linear-56', 'Dropout-56', 'Mlp-28', 'Identity-84', 'Identity-85', 'ConvNeXtBlock-28', 'Conv2d-32', 'LayerNorm-32', 'Linear-57', 'GELU-29', 'Dropout-57', 'Identity-86', 'Linear-58', 'Dropout-58', 'Mlp-29', 'Identity-87', 'Identity-88', 'ConvNeXtBlock-29', 'Conv2d-33', 'LayerNorm-33', 'Linear-59', 'GELU-30', 'Dropout-59', 'Identity-89', 'Linear-60', 'Dropout-60', 'Mlp-30', 'Identity-90', 'Identity-91', 'ConvNeXtBlock-30', 'Conv2d-34', 'LayerNorm-34', 'Linear-61', 'GELU-31', 'Dropout-61', 'Identity-92', 'Linear-62', 'Dropout-62', 'Mlp-31', 'Identity-93', 'Identity-94', 'ConvNeXtBlock-31', 'Conv2d-35', 'LayerNorm-35', 'Linear-63', 'GELU-32', 'Dropout-63', 'Identity-95', 'Linear-64', 'Dropout-64', 'Mlp-32', 'Identity-96', 'Identity-97', 'ConvNeXtBlock-32', 'Conv2d-36', 'LayerNorm-36', 'Linear-65', 'GELU-33', 'Dropout-65', 'Identity-98', 'Linear-66', 'Dropout-66', 'Mlp-33', 'Identity-99', 'Identity-100', 'ConvNeXtBlock-33', 'ConvNeXtStage-3', 'LayerNorm2d-4', 'Conv2d-37', 'Conv2d-38', 'LayerNorm-38', 'Linear-67', 'GELU-34', 'Dropout-67', 'Identity-101', 'Linear-68', 'Dropout-68', 'Mlp-34', 'Identity-102', 'Identity-103', 'ConvNeXtBlock-34', 'Conv2d-39', 'LayerNorm-39', 'Linear-69', 'GELU-35', 'Dropout-69', 'Identity-104', 'Linear-70', 'Dropout-70', 'Mlp-35', 'Identity-105', 'Identity-106', 'ConvNeXtBlock-35', 'Conv2d-40', 'LayerNorm-40', 'Linear-71', 'GELU-36', 'Dropout-71', 'Identity-107', 'Linear-72', 'Dropout-72', 'Mlp-36', 'Identity-108', 'Identity-109', 'ConvNeXtBlock-36', 'ConvNeXtStage-4', 'Identity-110', 'AdaptiveAvgPool2d-1', 'Identity-111', 'SelectAdaptivePool2d-1', 'LayerNorm2d-5', 'Flatten-1', 'Identity-112', 'Dropout-73', 'Linear-73', 'NormMlpClassifierHead-1', 'ConvNeXt-41']
Total number of layers: 456
Starting to extract features for convnext_base_classification at layer 273

==================================================
Processing layer: Conv2d-26 from model: convnext_base_classification

For model convnext_base_classification Layer Conv2d-26: Extracting features for 10000 images in batches of 128...
Feature extraction for model convnext_base_classification layer Conv2d-26 completed in 75.71 seconds.

Features shape: (10000, 100352), Train target shape: (9000, 200), Shared target shape: (1000, 200)
Running ridge regression for 200 PCs on model convnext_base_classification at layer 273
Running analysis for 200 PCs
Running analysis for PC index 0
Centering data before using scikit-learn on GPU
NOTE: Using GPU for ridge regression.
Warning: RidgeCV with fit_intercept=False please center data before using this function. If you want to use fit_intercept=True, please set device=None or device='cpu'.

Predictor device: cuda:0
Target device: cuda:0
Alphas device: cpu
PC index 0 correlation: 0.2540
Running analysis for PC index 1
Centering data before using scikit-learn on GPU
NOTE: Using GPU for ridge regression.
Warning: RidgeCV with fit_intercept=False please center data before using this function. If you want to use fit_intercept=True, please set device=None or device='cpu'.

Predictor device: cuda:0
Target device: cuda:0
Alphas device: cpu
PC index 1 correlation: 0.7132
Running analysis for PC index 2
Centering data before using scikit-learn on GPU
NOTE: Using GPU for ridge regression.
Warning: RidgeCV with fit_intercept=False please center data before using this function. If you want to use fit_intercept=True, please set device=None or device='cpu'.

Predictor device: cuda:0
Target device: cuda:0
Alphas device: cpu
PC index 2 correlation: 0.6311
Running analysis for PC index 3
Centering data before using scikit-learn on GPU
NOTE: Using GPU for ridge regression.
Warning: RidgeCV with fit_intercept=False please center data before using this function. If you want to use fit_intercept=True, please set device=None or device='cpu'.

Predictor device: cuda:0
Target device: cuda:0
Alphas device: cpu
PC index 3 correlation: 0.6288
Running analysis for PC index 4
Centering data before using scikit-learn on GPU
NOTE: Using GPU for ridge regression.
Warning: RidgeCV with fit_intercept=False please center data before using this function. If you want to use fit_intercept=True, please set device=None or device='cpu'.

Predictor device: cuda:0
Target device: cuda:0
Alphas device: cpu
PC index 4 correlation: 0.5430
Running analysis for PC index 5
Centering data before using scikit-learn on GPU
NOTE: Using GPU for ridge regression.
Warning: RidgeCV with fit_intercept=False please center data before using this function. If you want to use fit_intercept=True, please set device=None or device='cpu'.

Predictor device: cuda:0
Target device: cuda:0
Alphas device: cpu
PC index 5 correlation: 0.2960
Running analysis for PC index 6
Centering data before using scikit-learn on GPU
NOTE: Using GPU for ridge regression.
Warning: RidgeCV with fit_intercept=False please center data before using this function. If you want to use fit_intercept=True, please set device=None or device='cpu'.

Predictor device: cuda:0
Target device: cuda:0
Alphas device: cpu
PC index 6 correlation: 0.3194
Running analysis for PC index 7
Centering data before using scikit-learn on GPU
NOTE: Using GPU for ridge regression.
Warning: RidgeCV with fit_intercept=False please center data before using this function. If you want to use fit_intercept=True, please set device=None or device='cpu'.

Predictor device: cuda:0
Target device: cuda:0
Alphas device: cpu
PC index 7 correlation: 0.0772
Running analysis for PC index 8
Centering data before using scikit-learn on GPU
NOTE: Using GPU for ridge regression.
Warning: RidgeCV with fit_intercept=False please center data before using this function. If you want to use fit_intercept=True, please set device=None or device='cpu'.

Predictor device: cuda:0
Target device: cuda:0
Alphas device: cpu
PC index 8 correlation: 0.3424
Running analysis for PC index 9
Centering data before using scikit-learn on GPU
NOTE: Using GPU for ridge regression.
Warning: RidgeCV with fit_intercept=False please center data before using this function. If you want to use fit_intercept=True, please set device=None or device='cpu'.

Predictor device: cuda:0
Target device: cuda:0
Alphas device: cpu
PC index 9 correlation: 0.2953
Running analysis for PC index 10
Centering data before using scikit-learn on GPU
NOTE: Using GPU for ridge regression.
Warning: RidgeCV with fit_intercept=False please center data before using this function. If you want to use fit_intercept=True, please set device=None or device='cpu'.

Predictor device: cuda:0
Target device: cuda:0
Alphas device: cpu
PC index 10 correlation: 0.3119
Running analysis for PC index 11
Centering data before using scikit-learn on GPU
NOTE: Using GPU for ridge regression.
Warning: RidgeCV with fit_intercept=False please center data before using this function. If you want to use fit_intercept=True, please set device=None or device='cpu'.

Predictor device: cuda:0
Target device: cuda:0
Alphas device: cpu
PC index 11 correlation: 0.5841
Running analysis for PC index 12
Centering data before using scikit-learn on GPU
NOTE: Using GPU for ridge regression.
Warning: RidgeCV with fit_intercept=False please center data before using this function. If you want to use fit_intercept=True, please set device=None or device='cpu'.

Predictor device: cuda:0
Target device: cuda:0
Alphas device: cpu
PC index 12 correlation: 0.2196
Running analysis for PC index 13
Centering data before using scikit-learn on GPU
NOTE: Using GPU for ridge regression.
Warning: RidgeCV with fit_intercept=False please center data before using this function. If you want to use fit_intercept=True, please set device=None or device='cpu'.

Predictor device: cuda:0
Target device: cuda:0
Alphas device: cpu
PC index 13 correlation: 0.2000
Running analysis for PC index 14
Centering data before using scikit-learn on GPU
NOTE: Using GPU for ridge regression.
Warning: RidgeCV with fit_intercept=False please center data before using this function. If you want to use fit_intercept=True, please set device=None or device='cpu'.

Predictor device: cuda:0
Target device: cuda:0
Alphas device: cpu
PC index 14 correlation: 0.3192
Running analysis for PC index 15
Centering data before using scikit-learn on GPU
NOTE: Using GPU for ridge regression.
Warning: RidgeCV with fit_intercept=False please center data before using this function. If you want to use fit_intercept=True, please set device=None or device='cpu'.

Predictor device: cuda:0
Target device: cuda:0
Alphas device: cpu
PC index 15 correlation: 0.1839
Running analysis for PC index 16
Centering data before using scikit-learn on GPU
NOTE: Using GPU for ridge regression.
Warning: RidgeCV with fit_intercept=False please center data before using this function. If you want to use fit_intercept=True, please set device=None or device='cpu'.

Predictor device: cuda:0
Target device: cuda:0
Alphas device: cpu
PC index 16 correlation: 0.2225
Running analysis for PC index 17
Centering data before using scikit-learn on GPU
NOTE: Using GPU for ridge regression.
Warning: RidgeCV with fit_intercept=False please center data before using this function. If you want to use fit_intercept=True, please set device=None or device='cpu'.

Predictor device: cuda:0
Target device: cuda:0
Alphas device: cpu
PC index 17 correlation: 0.1625
Running analysis for PC index 18
Centering data before using scikit-learn on GPU
NOTE: Using GPU for ridge regression.
Warning: RidgeCV with fit_intercept=False please center data before using this function. If you want to use fit_intercept=True, please set device=None or device='cpu'.

Predictor device: cuda:0
Target device: cuda:0
Alphas device: cpu
PC index 18 correlation: 0.2562
Running analysis for PC index 19
Centering data before using scikit-learn on GPU
NOTE: Using GPU for ridge regression.
Warning: RidgeCV with fit_intercept=False please center data before using this function. If you want to use fit_intercept=True, please set device=None or device='cpu'.

Predictor device: cuda:0
Target device: cuda:0
Alphas device: cpu
PC index 19 correlation: 0.1847
Running analysis for PC index 20
Centering data before using scikit-learn on GPU
NOTE: Using GPU for ridge regression.
Warning: RidgeCV with fit_intercept=False please center data before using this function. If you want to use fit_intercept=True, please set device=None or device='cpu'.

Predictor device: cuda:0
Target device: cuda:0
Alphas device: cpu
PC index 20 correlation: 0.2518
Running analysis for PC index 21
Centering data before using scikit-learn on GPU
NOTE: Using GPU for ridge regression.
Warning: RidgeCV with fit_intercept=False please center data before using this function. If you want to use fit_intercept=True, please set device=None or device='cpu'.

Predictor device: cuda:0
Target device: cuda:0
Alphas device: cpu
PC index 21 correlation: 0.2360
Running analysis for PC index 22
Centering data before using scikit-learn on GPU
NOTE: Using GPU for ridge regression.
Warning: RidgeCV with fit_intercept=False please center data before using this function. If you want to use fit_intercept=True, please set device=None or device='cpu'.

Predictor device: cuda:0
Target device: cuda:0
Alphas device: cpu
PC index 22 correlation: 0.1918
Running analysis for PC index 23
Centering data before using scikit-learn on GPU
NOTE: Using GPU for ridge regression.
Warning: RidgeCV with fit_intercept=False please center data before using this function. If you want to use fit_intercept=True, please set device=None or device='cpu'.

Predictor device: cuda:0
Target device: cuda:0
Alphas device: cpu
PC index 23 correlation: 0.1830
Running analysis for PC index 24
Centering data before using scikit-learn on GPU
NOTE: Using GPU for ridge regression.
Warning: RidgeCV with fit_intercept=False please center data before using this function. If you want to use fit_intercept=True, please set device=None or device='cpu'.

Predictor device: cuda:0
Target device: cuda:0
Alphas device: cpu
PC index 24 correlation: 0.2009
Running analysis for PC index 25
Centering data before using scikit-learn on GPU
NOTE: Using GPU for ridge regression.
Warning: RidgeCV with fit_intercept=False please center data before using this function. If you want to use fit_intercept=True, please set device=None or device='cpu'.

Predictor device: cuda:0
Target device: cuda:0
Alphas device: cpu
PC index 25 correlation: 0.0755
Running analysis for PC index 26
Centering data before using scikit-learn on GPU
NOTE: Using GPU for ridge regression.
Warning: RidgeCV with fit_intercept=False please center data before using this function. If you want to use fit_intercept=True, please set device=None or device='cpu'.

Predictor device: cuda:0
Target device: cuda:0
Alphas device: cpu
PC index 26 correlation: 0.1147
Running analysis for PC index 27
Centering data before using scikit-learn on GPU
NOTE: Using GPU for ridge regression.
Warning: RidgeCV with fit_intercept=False please center data before using this function. If you want to use fit_intercept=True, please set device=None or device='cpu'.

Predictor device: cuda:0
Target device: cuda:0
Alphas device: cpu
PC index 27 correlation: 0.1540
Running analysis for PC index 28
Centering data before using scikit-learn on GPU
NOTE: Using GPU for ridge regression.
Warning: RidgeCV with fit_intercept=False please center data before using this function. If you want to use fit_intercept=True, please set device=None or device='cpu'.

Predictor device: cuda:0
Target device: cuda:0
Alphas device: cpu
PC index 28 correlation: 0.1360
Running analysis for PC index 29
Centering data before using scikit-learn on GPU
NOTE: Using GPU for ridge regression.
Warning: RidgeCV with fit_intercept=False please center data before using this function. If you want to use fit_intercept=True, please set device=None or device='cpu'.

Predictor device: cuda:0
Target device: cuda:0
Alphas device: cpu
PC index 29 correlation: 0.1858
Running analysis for PC index 30
Centering data before using scikit-learn on GPU
NOTE: Using GPU for ridge regression.
Warning: RidgeCV with fit_intercept=False please center data before using this function. If you want to use fit_intercept=True, please set device=None or device='cpu'.

Predictor device: cuda:0
Target device: cuda:0
Alphas device: cpu
PC index 30 correlation: 0.2005
Running analysis for PC index 31
Centering data before using scikit-learn on GPU
NOTE: Using GPU for ridge regression.
Warning: RidgeCV with fit_intercept=False please center data before using this function. If you want to use fit_intercept=True, please set device=None or device='cpu'.

Predictor device: cuda:0
Target device: cuda:0
Alphas device: cpu
PC index 31 correlation: 0.1266
Running analysis for PC index 32
Centering data before using scikit-learn on GPU
NOTE: Using GPU for ridge regression.
Warning: RidgeCV with fit_intercept=False please center data before using this function. If you want to use fit_intercept=True, please set device=None or device='cpu'.

Predictor device: cuda:0
Target device: cuda:0
Alphas device: cpu
PC index 32 correlation: 0.1107
Running analysis for PC index 33
Centering data before using scikit-learn on GPU
NOTE: Using GPU for ridge regression.
Warning: RidgeCV with fit_intercept=False please center data before using this function. If you want to use fit_intercept=True, please set device=None or device='cpu'.

Predictor device: cuda:0
Target device: cuda:0
Alphas device: cpu
PC index 33 correlation: 0.0725
Running analysis for PC index 34
Centering data before using scikit-learn on GPU
NOTE: Using GPU for ridge regression.
Warning: RidgeCV with fit_intercept=False please center data before using this function. If you want to use fit_intercept=True, please set device=None or device='cpu'.

Predictor device: cuda:0
Target device: cuda:0
Alphas device: cpu
PC index 34 correlation: 0.2257
Running analysis for PC index 35
Centering data before using scikit-learn on GPU
NOTE: Using GPU for ridge regression.
Warning: RidgeCV with fit_intercept=False please center data before using this function. If you want to use fit_intercept=True, please set device=None or device='cpu'.

Predictor device: cuda:0
Target device: cuda:0
Alphas device: cpu
PC index 35 correlation: 0.0461
Running analysis for PC index 36
Centering data before using scikit-learn on GPU
NOTE: Using GPU for ridge regression.
Warning: RidgeCV with fit_intercept=False please center data before using this function. If you want to use fit_intercept=True, please set device=None or device='cpu'.

Predictor device: cuda:0
Target device: cuda:0
Alphas device: cpu
PC index 36 correlation: 0.0734
Running analysis for PC index 37
Centering data before using scikit-learn on GPU
NOTE: Using GPU for ridge regression.
Warning: RidgeCV with fit_intercept=False please center data before using this function. If you want to use fit_intercept=True, please set device=None or device='cpu'.

Predictor device: cuda:0
Target device: cuda:0
Alphas device: cpu
PC index 37 correlation: 0.1760
Running analysis for PC index 38
Centering data before using scikit-learn on GPU
NOTE: Using GPU for ridge regression.
Warning: RidgeCV with fit_intercept=False please center data before using this function. If you want to use fit_intercept=True, please set device=None or device='cpu'.

Predictor device: cuda:0
Target device: cuda:0
Alphas device: cpu
PC index 38 correlation: 0.1290
Running analysis for PC index 39
Centering data before using scikit-learn on GPU
NOTE: Using GPU for ridge regression.
Warning: RidgeCV with fit_intercept=False please center data before using this function. If you want to use fit_intercept=True, please set device=None or device='cpu'.

Predictor device: cuda:0
Target device: cuda:0
Alphas device: cpu
PC index 39 correlation: 0.1481
Running analysis for PC index 40
Centering data before using scikit-learn on GPU
NOTE: Using GPU for ridge regression.
Warning: RidgeCV with fit_intercept=False please center data before using this function. If you want to use fit_intercept=True, please set device=None or device='cpu'.

Predictor device: cuda:0
Target device: cuda:0
Alphas device: cpu
PC index 40 correlation: 0.1129
Running analysis for PC index 41
Centering data before using scikit-learn on GPU
NOTE: Using GPU for ridge regression.
Warning: RidgeCV with fit_intercept=False please center data before using this function. If you want to use fit_intercept=True, please set device=None or device='cpu'.

Predictor device: cuda:0
Target device: cuda:0
Alphas device: cpu
PC index 41 correlation: 0.1477
Running analysis for PC index 42
Centering data before using scikit-learn on GPU
NOTE: Using GPU for ridge regression.
Warning: RidgeCV with fit_intercept=False please center data before using this function. If you want to use fit_intercept=True, please set device=None or device='cpu'.

Predictor device: cuda:0
Target device: cuda:0
Alphas device: cpu
PC index 42 correlation: 0.1590
Running analysis for PC index 43
Centering data before using scikit-learn on GPU
NOTE: Using GPU for ridge regression.
Warning: RidgeCV with fit_intercept=False please center data before using this function. If you want to use fit_intercept=True, please set device=None or device='cpu'.

Predictor device: cuda:0
Target device: cuda:0
Alphas device: cpu
PC index 43 correlation: 0.1010
Running analysis for PC index 44
Centering data before using scikit-learn on GPU
NOTE: Using GPU for ridge regression.
Warning: RidgeCV with fit_intercept=False please center data before using this function. If you want to use fit_intercept=True, please set device=None or device='cpu'.

Predictor device: cuda:0
Target device: cuda:0
Alphas device: cpu
PC index 44 correlation: 0.1859
Running analysis for PC index 45
Centering data before using scikit-learn on GPU
NOTE: Using GPU for ridge regression.
Warning: RidgeCV with fit_intercept=False please center data before using this function. If you want to use fit_intercept=True, please set device=None or device='cpu'.

Predictor device: cuda:0
Target device: cuda:0
Alphas device: cpu
PC index 45 correlation: 0.0673
Running analysis for PC index 46
Centering data before using scikit-learn on GPU
NOTE: Using GPU for ridge regression.
Warning: RidgeCV with fit_intercept=False please center data before using this function. If you want to use fit_intercept=True, please set device=None or device='cpu'.

Predictor device: cuda:0
Target device: cuda:0
Alphas device: cpu
PC index 46 correlation: 0.1487
Running analysis for PC index 47
Centering data before using scikit-learn on GPU
NOTE: Using GPU for ridge regression.
Warning: RidgeCV with fit_intercept=False please center data before using this function. If you want to use fit_intercept=True, please set device=None or device='cpu'.

Predictor device: cuda:0
Target device: cuda:0
Alphas device: cpu
PC index 47 correlation: 0.3024
Running analysis for PC index 48
Centering data before using scikit-learn on GPU
NOTE: Using GPU for ridge regression.
Warning: RidgeCV with fit_intercept=False please center data before using this function. If you want to use fit_intercept=True, please set device=None or device='cpu'.

Predictor device: cuda:0
Target device: cuda:0
Alphas device: cpu
PC index 48 correlation: 0.1532
Running analysis for PC index 49
Centering data before using scikit-learn on GPU
NOTE: Using GPU for ridge regression.
Warning: RidgeCV with fit_intercept=False please center data before using this function. If you want to use fit_intercept=True, please set device=None or device='cpu'.

Predictor device: cuda:0
Target device: cuda:0
Alphas device: cpu
PC index 49 correlation: 0.1473
Running analysis for PC index 50
Centering data before using scikit-learn on GPU
NOTE: Using GPU for ridge regression.
Warning: RidgeCV with fit_intercept=False please center data before using this function. If you want to use fit_intercept=True, please set device=None or device='cpu'.

Predictor device: cuda:0
Target device: cuda:0
Alphas device: cpu
PC index 50 correlation: 0.1995
Running analysis for PC index 51
Centering data before using scikit-learn on GPU
NOTE: Using GPU for ridge regression.
Warning: RidgeCV with fit_intercept=False please center data before using this function. If you want to use fit_intercept=True, please set device=None or device='cpu'.

Predictor device: cuda:0
Target device: cuda:0
Alphas device: cpu
PC index 51 correlation: 0.0901
Running analysis for PC index 52
Centering data before using scikit-learn on GPU
NOTE: Using GPU for ridge regression.
Warning: RidgeCV with fit_intercept=False please center data before using this function. If you want to use fit_intercept=True, please set device=None or device='cpu'.

Predictor device: cuda:0
Target device: cuda:0
Alphas device: cpu
PC index 52 correlation: 0.1239
Running analysis for PC index 53
Centering data before using scikit-learn on GPU
NOTE: Using GPU for ridge regression.
Warning: RidgeCV with fit_intercept=False please center data before using this function. If you want to use fit_intercept=True, please set device=None or device='cpu'.

Predictor device: cuda:0
Target device: cuda:0
Alphas device: cpu
PC index 53 correlation: 0.1128
Running analysis for PC index 54
Centering data before using scikit-learn on GPU
NOTE: Using GPU for ridge regression.
Warning: RidgeCV with fit_intercept=False please center data before using this function. If you want to use fit_intercept=True, please set device=None or device='cpu'.

Predictor device: cuda:0
Target device: cuda:0
Alphas device: cpu
PC index 54 correlation: 0.0852
Running analysis for PC index 55
Centering data before using scikit-learn on GPU
NOTE: Using GPU for ridge regression.
Warning: RidgeCV with fit_intercept=False please center data before using this function. If you want to use fit_intercept=True, please set device=None or device='cpu'.

Predictor device: cuda:0
Target device: cuda:0
Alphas device: cpu
PC index 55 correlation: 0.1988
Running analysis for PC index 56
Centering data before using scikit-learn on GPU
NOTE: Using GPU for ridge regression.
Warning: RidgeCV with fit_intercept=False please center data before using this function. If you want to use fit_intercept=True, please set device=None or device='cpu'.

Predictor device: cuda:0
Target device: cuda:0
Alphas device: cpu
PC index 56 correlation: 0.1600
Running analysis for PC index 57
Centering data before using scikit-learn on GPU
NOTE: Using GPU for ridge regression.
Warning: RidgeCV with fit_intercept=False please center data before using this function. If you want to use fit_intercept=True, please set device=None or device='cpu'.

Predictor device: cuda:0
Target device: cuda:0
Alphas device: cpu
PC index 57 correlation: 0.1181
Running analysis for PC index 58
Centering data before using scikit-learn on GPU
NOTE: Using GPU for ridge regression.
Warning: RidgeCV with fit_intercept=False please center data before using this function. If you want to use fit_intercept=True, please set device=None or device='cpu'.

Predictor device: cuda:0
Target device: cuda:0
Alphas device: cpu
PC index 58 correlation: 0.1210
Running analysis for PC index 59
Centering data before using scikit-learn on GPU
NOTE: Using GPU for ridge regression.
Warning: RidgeCV with fit_intercept=False please center data before using this function. If you want to use fit_intercept=True, please set device=None or device='cpu'.

Predictor device: cuda:0
Target device: cuda:0
Alphas device: cpu
PC index 59 correlation: 0.1238
Running analysis for PC index 60
Centering data before using scikit-learn on GPU
NOTE: Using GPU for ridge regression.
Warning: RidgeCV with fit_intercept=False please center data before using this function. If you want to use fit_intercept=True, please set device=None or device='cpu'.

Predictor device: cuda:0
Target device: cuda:0
Alphas device: cpu
PC index 60 correlation: 0.0953
Running analysis for PC index 61
Centering data before using scikit-learn on GPU
NOTE: Using GPU for ridge regression.
Warning: RidgeCV with fit_intercept=False please center data before using this function. If you want to use fit_intercept=True, please set device=None or device='cpu'.

Predictor device: cuda:0
Target device: cuda:0
Alphas device: cpu
PC index 61 correlation: 0.1483
Running analysis for PC index 62
Centering data before using scikit-learn on GPU
NOTE: Using GPU for ridge regression.
Warning: RidgeCV with fit_intercept=False please center data before using this function. If you want to use fit_intercept=True, please set device=None or device='cpu'.

Predictor device: cuda:0
Target device: cuda:0
Alphas device: cpu
PC index 62 correlation: 0.1013
Running analysis for PC index 63
Centering data before using scikit-learn on GPU
NOTE: Using GPU for ridge regression.
Warning: RidgeCV with fit_intercept=False please center data before using this function. If you want to use fit_intercept=True, please set device=None or device='cpu'.

Predictor device: cuda:0
Target device: cuda:0
Alphas device: cpu
PC index 63 correlation: 0.1555
Running analysis for PC index 64
Centering data before using scikit-learn on GPU
NOTE: Using GPU for ridge regression.
Warning: RidgeCV with fit_intercept=False please center data before using this function. If you want to use fit_intercept=True, please set device=None or device='cpu'.

Predictor device: cuda:0
Target device: cuda:0
Alphas device: cpu
PC index 64 correlation: 0.2991
Running analysis for PC index 65
Centering data before using scikit-learn on GPU
NOTE: Using GPU for ridge regression.
Warning: RidgeCV with fit_intercept=False please center data before using this function. If you want to use fit_intercept=True, please set device=None or device='cpu'.

Predictor device: cuda:0
Target device: cuda:0
Alphas device: cpu
PC index 65 correlation: 0.1120
Running analysis for PC index 66
Centering data before using scikit-learn on GPU
NOTE: Using GPU for ridge regression.
Warning: RidgeCV with fit_intercept=False please center data before using this function. If you want to use fit_intercept=True, please set device=None or device='cpu'.

Predictor device: cuda:0
Target device: cuda:0
Alphas device: cpu
PC index 66 correlation: 0.0354
Running analysis for PC index 67
Centering data before using scikit-learn on GPU
NOTE: Using GPU for ridge regression.
Warning: RidgeCV with fit_intercept=False please center data before using this function. If you want to use fit_intercept=True, please set device=None or device='cpu'.

Predictor device: cuda:0
Target device: cuda:0
Alphas device: cpu
PC index 67 correlation: 0.0668
Running analysis for PC index 68
Centering data before using scikit-learn on GPU
NOTE: Using GPU for ridge regression.
Warning: RidgeCV with fit_intercept=False please center data before using this function. If you want to use fit_intercept=True, please set device=None or device='cpu'.

Predictor device: cuda:0
Target device: cuda:0
Alphas device: cpu
PC index 68 correlation: 0.0734
Running analysis for PC index 69
Centering data before using scikit-learn on GPU
NOTE: Using GPU for ridge regression.
Warning: RidgeCV with fit_intercept=False please center data before using this function. If you want to use fit_intercept=True, please set device=None or device='cpu'.

Predictor device: cuda:0
Target device: cuda:0
Alphas device: cpu
PC index 69 correlation: 0.1373
Running analysis for PC index 70
Centering data before using scikit-learn on GPU
NOTE: Using GPU for ridge regression.
Warning: RidgeCV with fit_intercept=False please center data before using this function. If you want to use fit_intercept=True, please set device=None or device='cpu'.

Predictor device: cuda:0
Target device: cuda:0
Alphas device: cpu
PC index 70 correlation: 0.1209
Running analysis for PC index 71
Centering data before using scikit-learn on GPU
NOTE: Using GPU for ridge regression.
Warning: RidgeCV with fit_intercept=False please center data before using this function. If you want to use fit_intercept=True, please set device=None or device='cpu'.

Predictor device: cuda:0
Target device: cuda:0
Alphas device: cpu
PC index 71 correlation: 0.0903
Running analysis for PC index 72
Centering data before using scikit-learn on GPU
NOTE: Using GPU for ridge regression.
Warning: RidgeCV with fit_intercept=False please center data before using this function. If you want to use fit_intercept=True, please set device=None or device='cpu'.

Predictor device: cuda:0
Target device: cuda:0
Alphas device: cpu
PC index 72 correlation: 0.1328
Running analysis for PC index 73
Centering data before using scikit-learn on GPU
NOTE: Using GPU for ridge regression.
Warning: RidgeCV with fit_intercept=False please center data before using this function. If you want to use fit_intercept=True, please set device=None or device='cpu'.

Predictor device: cuda:0
Target device: cuda:0
Alphas device: cpu
PC index 73 correlation: 0.1078
Running analysis for PC index 74
Centering data before using scikit-learn on GPU
NOTE: Using GPU for ridge regression.
Warning: RidgeCV with fit_intercept=False please center data before using this function. If you want to use fit_intercept=True, please set device=None or device='cpu'.

Predictor device: cuda:0
Target device: cuda:0
Alphas device: cpu
PC index 74 correlation: 0.0299
Running analysis for PC index 75
Centering data before using scikit-learn on GPU
NOTE: Using GPU for ridge regression.
Warning: RidgeCV with fit_intercept=False please center data before using this function. If you want to use fit_intercept=True, please set device=None or device='cpu'.

Predictor device: cuda:0
Target device: cuda:0
Alphas device: cpu
PC index 75 correlation: 0.1586
Running analysis for PC index 76
Centering data before using scikit-learn on GPU
NOTE: Using GPU for ridge regression.
Warning: RidgeCV with fit_intercept=False please center data before using this function. If you want to use fit_intercept=True, please set device=None or device='cpu'.

Predictor device: cuda:0
Target device: cuda:0
Alphas device: cpu
PC index 76 correlation: 0.1277
Running analysis for PC index 77
Centering data before using scikit-learn on GPU
NOTE: Using GPU for ridge regression.
Warning: RidgeCV with fit_intercept=False please center data before using this function. If you want to use fit_intercept=True, please set device=None or device='cpu'.

Predictor device: cuda:0
Target device: cuda:0
Alphas device: cpu
PC index 77 correlation: 0.0833
Running analysis for PC index 78
Centering data before using scikit-learn on GPU
NOTE: Using GPU for ridge regression.
Warning: RidgeCV with fit_intercept=False please center data before using this function. If you want to use fit_intercept=True, please set device=None or device='cpu'.

Predictor device: cuda:0
Target device: cuda:0
Alphas device: cpu
PC index 78 correlation: 0.0926
Running analysis for PC index 79
Centering data before using scikit-learn on GPU
NOTE: Using GPU for ridge regression.
Warning: RidgeCV with fit_intercept=False please center data before using this function. If you want to use fit_intercept=True, please set device=None or device='cpu'.

Predictor device: cuda:0
Target device: cuda:0
Alphas device: cpu
PC index 79 correlation: 0.1412
Running analysis for PC index 80
Centering data before using scikit-learn on GPU
NOTE: Using GPU for ridge regression.
Warning: RidgeCV with fit_intercept=False please center data before using this function. If you want to use fit_intercept=True, please set device=None or device='cpu'.

Predictor device: cuda:0
Target device: cuda:0
Alphas device: cpu
PC index 80 correlation: 0.0351
Running analysis for PC index 81
Centering data before using scikit-learn on GPU
NOTE: Using GPU for ridge regression.
Warning: RidgeCV with fit_intercept=False please center data before using this function. If you want to use fit_intercept=True, please set device=None or device='cpu'.

Predictor device: cuda:0
Target device: cuda:0
Alphas device: cpu
PC index 81 correlation: 0.1226
Running analysis for PC index 82
Centering data before using scikit-learn on GPU
NOTE: Using GPU for ridge regression.
Warning: RidgeCV with fit_intercept=False please center data before using this function. If you want to use fit_intercept=True, please set device=None or device='cpu'.

Predictor device: cuda:0
Target device: cuda:0
Alphas device: cpu
PC index 82 correlation: 0.1250
Running analysis for PC index 83
Centering data before using scikit-learn on GPU
NOTE: Using GPU for ridge regression.
Warning: RidgeCV with fit_intercept=False please center data before using this function. If you want to use fit_intercept=True, please set device=None or device='cpu'.

Predictor device: cuda:0
Target device: cuda:0
Alphas device: cpu
PC index 83 correlation: 0.1007
Running analysis for PC index 84
Centering data before using scikit-learn on GPU
NOTE: Using GPU for ridge regression.
Warning: RidgeCV with fit_intercept=False please center data before using this function. If you want to use fit_intercept=True, please set device=None or device='cpu'.

Predictor device: cuda:0
Target device: cuda:0
Alphas device: cpu
PC index 84 correlation: 0.0943
Running analysis for PC index 85
Centering data before using scikit-learn on GPU
NOTE: Using GPU for ridge regression.
Warning: RidgeCV with fit_intercept=False please center data before using this function. If you want to use fit_intercept=True, please set device=None or device='cpu'.

Predictor device: cuda:0
Target device: cuda:0
Alphas device: cpu
PC index 85 correlation: 0.0086
Running analysis for PC index 86
Centering data before using scikit-learn on GPU
NOTE: Using GPU for ridge regression.
Warning: RidgeCV with fit_intercept=False please center data before using this function. If you want to use fit_intercept=True, please set device=None or device='cpu'.

Predictor device: cuda:0
Target device: cuda:0
Alphas device: cpu
PC index 86 correlation: 0.0817
Running analysis for PC index 87
Centering data before using scikit-learn on GPU
NOTE: Using GPU for ridge regression.
Warning: RidgeCV with fit_intercept=False please center data before using this function. If you want to use fit_intercept=True, please set device=None or device='cpu'.

Predictor device: cuda:0
Target device: cuda:0
Alphas device: cpu
PC index 87 correlation: 0.1352
Running analysis for PC index 88
Centering data before using scikit-learn on GPU
NOTE: Using GPU for ridge regression.
Warning: RidgeCV with fit_intercept=False please center data before using this function. If you want to use fit_intercept=True, please set device=None or device='cpu'.

Predictor device: cuda:0
Target device: cuda:0
Alphas device: cpu
PC index 88 correlation: 0.0782
Running analysis for PC index 89
Centering data before using scikit-learn on GPU
NOTE: Using GPU for ridge regression.
Warning: RidgeCV with fit_intercept=False please center data before using this function. If you want to use fit_intercept=True, please set device=None or device='cpu'.

Predictor device: cuda:0
Target device: cuda:0
Alphas device: cpu
PC index 89 correlation: 0.1667
Running analysis for PC index 90
Centering data before using scikit-learn on GPU
NOTE: Using GPU for ridge regression.
Warning: RidgeCV with fit_intercept=False please center data before using this function. If you want to use fit_intercept=True, please set device=None or device='cpu'.

Predictor device: cuda:0
Target device: cuda:0
Alphas device: cpu
PC index 90 correlation: 0.0992
Running analysis for PC index 91
Centering data before using scikit-learn on GPU
NOTE: Using GPU for ridge regression.
Warning: RidgeCV with fit_intercept=False please center data before using this function. If you want to use fit_intercept=True, please set device=None or device='cpu'.

Predictor device: cuda:0
Target device: cuda:0
Alphas device: cpu
PC index 91 correlation: 0.1415
Running analysis for PC index 92
Centering data before using scikit-learn on GPU
NOTE: Using GPU for ridge regression.
Warning: RidgeCV with fit_intercept=False please center data before using this function. If you want to use fit_intercept=True, please set device=None or device='cpu'.

Predictor device: cuda:0
Target device: cuda:0
Alphas device: cpu
PC index 92 correlation: 0.0401
Running analysis for PC index 93
Centering data before using scikit-learn on GPU
NOTE: Using GPU for ridge regression.
Warning: RidgeCV with fit_intercept=False please center data before using this function. If you want to use fit_intercept=True, please set device=None or device='cpu'.

Predictor device: cuda:0
Target device: cuda:0
Alphas device: cpu
PC index 93 correlation: 0.0788
Running analysis for PC index 94
Centering data before using scikit-learn on GPU
NOTE: Using GPU for ridge regression.
Warning: RidgeCV with fit_intercept=False please center data before using this function. If you want to use fit_intercept=True, please set device=None or device='cpu'.

Predictor device: cuda:0
Target device: cuda:0
Alphas device: cpu
PC index 94 correlation: 0.0923
Running analysis for PC index 95
Centering data before using scikit-learn on GPU
NOTE: Using GPU for ridge regression.
Warning: RidgeCV with fit_intercept=False please center data before using this function. If you want to use fit_intercept=True, please set device=None or device='cpu'.

Predictor device: cuda:0
Target device: cuda:0
Alphas device: cpu
PC index 95 correlation: 0.0831
Running analysis for PC index 96
Centering data before using scikit-learn on GPU
NOTE: Using GPU for ridge regression.
Warning: RidgeCV with fit_intercept=False please center data before using this function. If you want to use fit_intercept=True, please set device=None or device='cpu'.

Predictor device: cuda:0
Target device: cuda:0
Alphas device: cpu
PC index 96 correlation: 0.1648
Running analysis for PC index 97
Centering data before using scikit-learn on GPU
NOTE: Using GPU for ridge regression.
Warning: RidgeCV with fit_intercept=False please center data before using this function. If you want to use fit_intercept=True, please set device=None or device='cpu'.

Predictor device: cuda:0
Target device: cuda:0
Alphas device: cpu
PC index 97 correlation: 0.0711
Running analysis for PC index 98
Centering data before using scikit-learn on GPU
NOTE: Using GPU for ridge regression.
Warning: RidgeCV with fit_intercept=False please center data before using this function. If you want to use fit_intercept=True, please set device=None or device='cpu'.

Predictor device: cuda:0
Target device: cuda:0
Alphas device: cpu
PC index 98 correlation: 0.0879
Running analysis for PC index 99
Centering data before using scikit-learn on GPU
NOTE: Using GPU for ridge regression.
Warning: RidgeCV with fit_intercept=False please center data before using this function. If you want to use fit_intercept=True, please set device=None or device='cpu'.

Predictor device: cuda:0
Target device: cuda:0
Alphas device: cpu
PC index 99 correlation: 0.1017
Running analysis for PC index 100
Centering data before using scikit-learn on GPU
NOTE: Using GPU for ridge regression.
Warning: RidgeCV with fit_intercept=False please center data before using this function. If you want to use fit_intercept=True, please set device=None or device='cpu'.

Predictor device: cuda:0
Target device: cuda:0
Alphas device: cpu
PC index 100 correlation: 0.1139
Running analysis for PC index 101
Centering data before using scikit-learn on GPU
NOTE: Using GPU for ridge regression.
Warning: RidgeCV with fit_intercept=False please center data before using this function. If you want to use fit_intercept=True, please set device=None or device='cpu'.

Predictor device: cuda:0
Target device: cuda:0
Alphas device: cpu
PC index 101 correlation: 0.1828
Running analysis for PC index 102
Centering data before using scikit-learn on GPU
NOTE: Using GPU for ridge regression.
Warning: RidgeCV with fit_intercept=False please center data before using this function. If you want to use fit_intercept=True, please set device=None or device='cpu'.

Predictor device: cuda:0
Target device: cuda:0
Alphas device: cpu
PC index 102 correlation: 0.1097
Running analysis for PC index 103
Centering data before using scikit-learn on GPU
NOTE: Using GPU for ridge regression.
Warning: RidgeCV with fit_intercept=False please center data before using this function. If you want to use fit_intercept=True, please set device=None or device='cpu'.

Predictor device: cuda:0
Target device: cuda:0
Alphas device: cpu
PC index 103 correlation: 0.1279
Running analysis for PC index 104
Centering data before using scikit-learn on GPU
NOTE: Using GPU for ridge regression.
Warning: RidgeCV with fit_intercept=False please center data before using this function. If you want to use fit_intercept=True, please set device=None or device='cpu'.

Predictor device: cuda:0
Target device: cuda:0
Alphas device: cpu
PC index 104 correlation: 0.0691
Running analysis for PC index 105
Centering data before using scikit-learn on GPU
NOTE: Using GPU for ridge regression.
Warning: RidgeCV with fit_intercept=False please center data before using this function. If you want to use fit_intercept=True, please set device=None or device='cpu'.

Predictor device: cuda:0
Target device: cuda:0
Alphas device: cpu
PC index 105 correlation: 0.1456
Running analysis for PC index 106
Centering data before using scikit-learn on GPU
NOTE: Using GPU for ridge regression.
Warning: RidgeCV with fit_intercept=False please center data before using this function. If you want to use fit_intercept=True, please set device=None or device='cpu'.

Predictor device: cuda:0
Target device: cuda:0
Alphas device: cpu
PC index 106 correlation: 0.1517
Running analysis for PC index 107
Centering data before using scikit-learn on GPU
NOTE: Using GPU for ridge regression.
Warning: RidgeCV with fit_intercept=False please center data before using this function. If you want to use fit_intercept=True, please set device=None or device='cpu'.

Predictor device: cuda:0
Target device: cuda:0
Alphas device: cpu
PC index 107 correlation: 0.1040
Running analysis for PC index 108
Centering data before using scikit-learn on GPU
NOTE: Using GPU for ridge regression.
Warning: RidgeCV with fit_intercept=False please center data before using this function. If you want to use fit_intercept=True, please set device=None or device='cpu'.

Predictor device: cuda:0
Target device: cuda:0
Alphas device: cpu
PC index 108 correlation: 0.0753
Running analysis for PC index 109
Centering data before using scikit-learn on GPU
NOTE: Using GPU for ridge regression.
Warning: RidgeCV with fit_intercept=False please center data before using this function. If you want to use fit_intercept=True, please set device=None or device='cpu'.

Predictor device: cuda:0
Target device: cuda:0
Alphas device: cpu
PC index 109 correlation: 0.0273
Running analysis for PC index 110
Centering data before using scikit-learn on GPU
NOTE: Using GPU for ridge regression.
Warning: RidgeCV with fit_intercept=False please center data before using this function. If you want to use fit_intercept=True, please set device=None or device='cpu'.

Predictor device: cuda:0
Target device: cuda:0
Alphas device: cpu
PC index 110 correlation: 0.0118
Running analysis for PC index 111
Centering data before using scikit-learn on GPU
NOTE: Using GPU for ridge regression.
Warning: RidgeCV with fit_intercept=False please center data before using this function. If you want to use fit_intercept=True, please set device=None or device='cpu'.

Predictor device: cuda:0
Target device: cuda:0
Alphas device: cpu
PC index 111 correlation: 0.0488
Running analysis for PC index 112
Centering data before using scikit-learn on GPU
NOTE: Using GPU for ridge regression.
Warning: RidgeCV with fit_intercept=False please center data before using this function. If you want to use fit_intercept=True, please set device=None or device='cpu'.

Predictor device: cuda:0
Target device: cuda:0
Alphas device: cpu
PC index 112 correlation: 0.0448
Running analysis for PC index 113
Centering data before using scikit-learn on GPU
NOTE: Using GPU for ridge regression.
Warning: RidgeCV with fit_intercept=False please center data before using this function. If you want to use fit_intercept=True, please set device=None or device='cpu'.

Predictor device: cuda:0
Target device: cuda:0
Alphas device: cpu
PC index 113 correlation: 0.0787
Running analysis for PC index 114
Centering data before using scikit-learn on GPU
NOTE: Using GPU for ridge regression.
Warning: RidgeCV with fit_intercept=False please center data before using this function. If you want to use fit_intercept=True, please set device=None or device='cpu'.

Predictor device: cuda:0
Target device: cuda:0
Alphas device: cpu
PC index 114 correlation: 0.1330
Running analysis for PC index 115
Centering data before using scikit-learn on GPU
NOTE: Using GPU for ridge regression.
Warning: RidgeCV with fit_intercept=False please center data before using this function. If you want to use fit_intercept=True, please set device=None or device='cpu'.

Predictor device: cuda:0
Target device: cuda:0
Alphas device: cpu
PC index 115 correlation: 0.1048
Running analysis for PC index 116
Centering data before using scikit-learn on GPU
NOTE: Using GPU for ridge regression.
Warning: RidgeCV with fit_intercept=False please center data before using this function. If you want to use fit_intercept=True, please set device=None or device='cpu'.

Predictor device: cuda:0
Target device: cuda:0
Alphas device: cpu
PC index 116 correlation: 0.0836
Running analysis for PC index 117
Centering data before using scikit-learn on GPU
NOTE: Using GPU for ridge regression.
Warning: RidgeCV with fit_intercept=False please center data before using this function. If you want to use fit_intercept=True, please set device=None or device='cpu'.

Predictor device: cuda:0
Target device: cuda:0
Alphas device: cpu
PC index 117 correlation: 0.0927
Running analysis for PC index 118
Centering data before using scikit-learn on GPU
NOTE: Using GPU for ridge regression.
Warning: RidgeCV with fit_intercept=False please center data before using this function. If you want to use fit_intercept=True, please set device=None or device='cpu'.

Predictor device: cuda:0
Target device: cuda:0
Alphas device: cpu
PC index 118 correlation: 0.0537
Running analysis for PC index 119
Centering data before using scikit-learn on GPU
NOTE: Using GPU for ridge regression.
Warning: RidgeCV with fit_intercept=False please center data before using this function. If you want to use fit_intercept=True, please set device=None or device='cpu'.

Predictor device: cuda:0
Target device: cuda:0
Alphas device: cpu
PC index 119 correlation: 0.1132
Running analysis for PC index 120
Centering data before using scikit-learn on GPU
NOTE: Using GPU for ridge regression.
Warning: RidgeCV with fit_intercept=False please center data before using this function. If you want to use fit_intercept=True, please set device=None or device='cpu'.

Predictor device: cuda:0
Target device: cuda:0
Alphas device: cpu
PC index 120 correlation: 0.0075
Running analysis for PC index 121
Centering data before using scikit-learn on GPU
NOTE: Using GPU for ridge regression.
Warning: RidgeCV with fit_intercept=False please center data before using this function. If you want to use fit_intercept=True, please set device=None or device='cpu'.

Predictor device: cuda:0
Target device: cuda:0
Alphas device: cpu
PC index 121 correlation: 0.0817
Running analysis for PC index 122
Centering data before using scikit-learn on GPU
NOTE: Using GPU for ridge regression.
Warning: RidgeCV with fit_intercept=False please center data before using this function. If you want to use fit_intercept=True, please set device=None or device='cpu'.

Predictor device: cuda:0
Target device: cuda:0
Alphas device: cpu
PC index 122 correlation: 0.1372
Running analysis for PC index 123
Centering data before using scikit-learn on GPU
NOTE: Using GPU for ridge regression.
Warning: RidgeCV with fit_intercept=False please center data before using this function. If you want to use fit_intercept=True, please set device=None or device='cpu'.

Predictor device: cuda:0
Target device: cuda:0
Alphas device: cpu
PC index 123 correlation: 0.0593
Running analysis for PC index 124
Centering data before using scikit-learn on GPU
NOTE: Using GPU for ridge regression.
Warning: RidgeCV with fit_intercept=False please center data before using this function. If you want to use fit_intercept=True, please set device=None or device='cpu'.

Predictor device: cuda:0
Target device: cuda:0
Alphas device: cpu
PC index 124 correlation: 0.0043
Running analysis for PC index 125
Centering data before using scikit-learn on GPU
NOTE: Using GPU for ridge regression.
Warning: RidgeCV with fit_intercept=False please center data before using this function. If you want to use fit_intercept=True, please set device=None or device='cpu'.

Predictor device: cuda:0
Target device: cuda:0
Alphas device: cpu
PC index 125 correlation: 0.0554
Running analysis for PC index 126
Centering data before using scikit-learn on GPU
NOTE: Using GPU for ridge regression.
Warning: RidgeCV with fit_intercept=False please center data before using this function. If you want to use fit_intercept=True, please set device=None or device='cpu'.

Predictor device: cuda:0
Target device: cuda:0
Alphas device: cpu
PC index 126 correlation: 0.0560
Running analysis for PC index 127
Centering data before using scikit-learn on GPU
NOTE: Using GPU for ridge regression.
Warning: RidgeCV with fit_intercept=False please center data before using this function. If you want to use fit_intercept=True, please set device=None or device='cpu'.

Predictor device: cuda:0
Target device: cuda:0
Alphas device: cpu
PC index 127 correlation: 0.0638
Running analysis for PC index 128
Centering data before using scikit-learn on GPU
NOTE: Using GPU for ridge regression.
Warning: RidgeCV with fit_intercept=False please center data before using this function. If you want to use fit_intercept=True, please set device=None or device='cpu'.

Predictor device: cuda:0
Target device: cuda:0
Alphas device: cpu
PC index 128 correlation: 0.1035
Running analysis for PC index 129
Centering data before using scikit-learn on GPU
NOTE: Using GPU for ridge regression.
Warning: RidgeCV with fit_intercept=False please center data before using this function. If you want to use fit_intercept=True, please set device=None or device='cpu'.

Predictor device: cuda:0
Target device: cuda:0
Alphas device: cpu
PC index 129 correlation: 0.1135
Running analysis for PC index 130
Centering data before using scikit-learn on GPU
NOTE: Using GPU for ridge regression.
Warning: RidgeCV with fit_intercept=False please center data before using this function. If you want to use fit_intercept=True, please set device=None or device='cpu'.

Predictor device: cuda:0
Target device: cuda:0
Alphas device: cpu
PC index 130 correlation: 0.1260
Running analysis for PC index 131
Centering data before using scikit-learn on GPU
NOTE: Using GPU for ridge regression.
Warning: RidgeCV with fit_intercept=False please center data before using this function. If you want to use fit_intercept=True, please set device=None or device='cpu'.

Predictor device: cuda:0
Target device: cuda:0
Alphas device: cpu
PC index 131 correlation: 0.0989
Running analysis for PC index 132
Centering data before using scikit-learn on GPU
NOTE: Using GPU for ridge regression.
Warning: RidgeCV with fit_intercept=False please center data before using this function. If you want to use fit_intercept=True, please set device=None or device='cpu'.

Predictor device: cuda:0
Target device: cuda:0
Alphas device: cpu
PC index 132 correlation: 0.0809
Running analysis for PC index 133
Centering data before using scikit-learn on GPU
NOTE: Using GPU for ridge regression.
Warning: RidgeCV with fit_intercept=False please center data before using this function. If you want to use fit_intercept=True, please set device=None or device='cpu'.

Predictor device: cuda:0
Target device: cuda:0
Alphas device: cpu
PC index 133 correlation: 0.1252
Running analysis for PC index 134
Centering data before using scikit-learn on GPU
NOTE: Using GPU for ridge regression.
Warning: RidgeCV with fit_intercept=False please center data before using this function. If you want to use fit_intercept=True, please set device=None or device='cpu'.

Predictor device: cuda:0
Target device: cuda:0
Alphas device: cpu
PC index 134 correlation: 0.0776
Running analysis for PC index 135
Centering data before using scikit-learn on GPU
NOTE: Using GPU for ridge regression.
Warning: RidgeCV with fit_intercept=False please center data before using this function. If you want to use fit_intercept=True, please set device=None or device='cpu'.

Predictor device: cuda:0
Target device: cuda:0
Alphas device: cpu
PC index 135 correlation: 0.1194
Running analysis for PC index 136
Centering data before using scikit-learn on GPU
NOTE: Using GPU for ridge regression.
Warning: RidgeCV with fit_intercept=False please center data before using this function. If you want to use fit_intercept=True, please set device=None or device='cpu'.

Predictor device: cuda:0
Target device: cuda:0
Alphas device: cpu
PC index 136 correlation: 0.0599
Running analysis for PC index 137
Centering data before using scikit-learn on GPU
NOTE: Using GPU for ridge regression.
Warning: RidgeCV with fit_intercept=False please center data before using this function. If you want to use fit_intercept=True, please set device=None or device='cpu'.

Predictor device: cuda:0
Target device: cuda:0
Alphas device: cpu
PC index 137 correlation: 0.0959
Running analysis for PC index 138
Centering data before using scikit-learn on GPU
NOTE: Using GPU for ridge regression.
Warning: RidgeCV with fit_intercept=False please center data before using this function. If you want to use fit_intercept=True, please set device=None or device='cpu'.

Predictor device: cuda:0
Target device: cuda:0
Alphas device: cpu
PC index 138 correlation: 0.1337
Running analysis for PC index 139
Centering data before using scikit-learn on GPU
NOTE: Using GPU for ridge regression.
Warning: RidgeCV with fit_intercept=False please center data before using this function. If you want to use fit_intercept=True, please set device=None or device='cpu'.

Predictor device: cuda:0
Target device: cuda:0
Alphas device: cpu
PC index 139 correlation: 0.1176
Running analysis for PC index 140
Centering data before using scikit-learn on GPU
NOTE: Using GPU for ridge regression.
Warning: RidgeCV with fit_intercept=False please center data before using this function. If you want to use fit_intercept=True, please set device=None or device='cpu'.

Predictor device: cuda:0
Target device: cuda:0
Alphas device: cpu
PC index 140 correlation: 0.1036
Running analysis for PC index 141
Centering data before using scikit-learn on GPU
NOTE: Using GPU for ridge regression.
Warning: RidgeCV with fit_intercept=False please center data before using this function. If you want to use fit_intercept=True, please set device=None or device='cpu'.

Predictor device: cuda:0
Target device: cuda:0
Alphas device: cpu
PC index 141 correlation: 0.0570
Running analysis for PC index 142
Centering data before using scikit-learn on GPU
NOTE: Using GPU for ridge regression.
Warning: RidgeCV with fit_intercept=False please center data before using this function. If you want to use fit_intercept=True, please set device=None or device='cpu'.

Predictor device: cuda:0
Target device: cuda:0
Alphas device: cpu
PC index 142 correlation: 0.1317
Running analysis for PC index 143
Centering data before using scikit-learn on GPU
NOTE: Using GPU for ridge regression.
Warning: RidgeCV with fit_intercept=False please center data before using this function. If you want to use fit_intercept=True, please set device=None or device='cpu'.

Predictor device: cuda:0
Target device: cuda:0
Alphas device: cpu
PC index 143 correlation: 0.0430
Running analysis for PC index 144
Centering data before using scikit-learn on GPU
NOTE: Using GPU for ridge regression.
Warning: RidgeCV with fit_intercept=False please center data before using this function. If you want to use fit_intercept=True, please set device=None or device='cpu'.

Predictor device: cuda:0
Target device: cuda:0
Alphas device: cpu
PC index 144 correlation: 0.0361
Running analysis for PC index 145
Centering data before using scikit-learn on GPU
NOTE: Using GPU for ridge regression.
Warning: RidgeCV with fit_intercept=False please center data before using this function. If you want to use fit_intercept=True, please set device=None or device='cpu'.

Predictor device: cuda:0
Target device: cuda:0
Alphas device: cpu
PC index 145 correlation: 0.0522
Running analysis for PC index 146
Centering data before using scikit-learn on GPU
NOTE: Using GPU for ridge regression.
Warning: RidgeCV with fit_intercept=False please center data before using this function. If you want to use fit_intercept=True, please set device=None or device='cpu'.

Predictor device: cuda:0
Target device: cuda:0
Alphas device: cpu
PC index 146 correlation: 0.0676
Running analysis for PC index 147
Centering data before using scikit-learn on GPU
NOTE: Using GPU for ridge regression.
Warning: RidgeCV with fit_intercept=False please center data before using this function. If you want to use fit_intercept=True, please set device=None or device='cpu'.

Predictor device: cuda:0
Target device: cuda:0
Alphas device: cpu
PC index 147 correlation: -0.0011
Running analysis for PC index 148
Centering data before using scikit-learn on GPU
NOTE: Using GPU for ridge regression.
Warning: RidgeCV with fit_intercept=False please center data before using this function. If you want to use fit_intercept=True, please set device=None or device='cpu'.

Predictor device: cuda:0
Target device: cuda:0
Alphas device: cpu
PC index 148 correlation: 0.0565
Running analysis for PC index 149
Centering data before using scikit-learn on GPU
NOTE: Using GPU for ridge regression.
Warning: RidgeCV with fit_intercept=False please center data before using this function. If you want to use fit_intercept=True, please set device=None or device='cpu'.

Predictor device: cuda:0
Target device: cuda:0
Alphas device: cpu
PC index 149 correlation: 0.0797
Running analysis for PC index 150
Centering data before using scikit-learn on GPU
NOTE: Using GPU for ridge regression.
Warning: RidgeCV with fit_intercept=False please center data before using this function. If you want to use fit_intercept=True, please set device=None or device='cpu'.

Predictor device: cuda:0
Target device: cuda:0
Alphas device: cpu
PC index 150 correlation: 0.0982
Running analysis for PC index 151
Centering data before using scikit-learn on GPU
NOTE: Using GPU for ridge regression.
Warning: RidgeCV with fit_intercept=False please center data before using this function. If you want to use fit_intercept=True, please set device=None or device='cpu'.

Predictor device: cuda:0
Target device: cuda:0
Alphas device: cpu
PC index 151 correlation: 0.1013
Running analysis for PC index 152
Centering data before using scikit-learn on GPU
NOTE: Using GPU for ridge regression.
Warning: RidgeCV with fit_intercept=False please center data before using this function. If you want to use fit_intercept=True, please set device=None or device='cpu'.

Predictor device: cuda:0
Target device: cuda:0
Alphas device: cpu
PC index 152 correlation: 0.0183
Running analysis for PC index 153
Centering data before using scikit-learn on GPU
NOTE: Using GPU for ridge regression.
Warning: RidgeCV with fit_intercept=False please center data before using this function. If you want to use fit_intercept=True, please set device=None or device='cpu'.

Predictor device: cuda:0
Target device: cuda:0
Alphas device: cpu
PC index 153 correlation: 0.1440
Running analysis for PC index 154
Centering data before using scikit-learn on GPU
NOTE: Using GPU for ridge regression.
Warning: RidgeCV with fit_intercept=False please center data before using this function. If you want to use fit_intercept=True, please set device=None or device='cpu'.

Predictor device: cuda:0
Target device: cuda:0
Alphas device: cpu
PC index 154 correlation: 0.0311
Running analysis for PC index 155
Centering data before using scikit-learn on GPU
NOTE: Using GPU for ridge regression.
Warning: RidgeCV with fit_intercept=False please center data before using this function. If you want to use fit_intercept=True, please set device=None or device='cpu'.

Predictor device: cuda:0
Target device: cuda:0
Alphas device: cpu
PC index 155 correlation: 0.0580
Running analysis for PC index 156
Centering data before using scikit-learn on GPU
NOTE: Using GPU for ridge regression.
Warning: RidgeCV with fit_intercept=False please center data before using this function. If you want to use fit_intercept=True, please set device=None or device='cpu'.

Predictor device: cuda:0
Target device: cuda:0
Alphas device: cpu
PC index 156 correlation: 0.0690
Running analysis for PC index 157
Centering data before using scikit-learn on GPU
NOTE: Using GPU for ridge regression.
Warning: RidgeCV with fit_intercept=False please center data before using this function. If you want to use fit_intercept=True, please set device=None or device='cpu'.

Predictor device: cuda:0
Target device: cuda:0
Alphas device: cpu
PC index 157 correlation: 0.0624
Running analysis for PC index 158
Centering data before using scikit-learn on GPU
NOTE: Using GPU for ridge regression.
Warning: RidgeCV with fit_intercept=False please center data before using this function. If you want to use fit_intercept=True, please set device=None or device='cpu'.

Predictor device: cuda:0
Target device: cuda:0
Alphas device: cpu
PC index 158 correlation: 0.0447
Running analysis for PC index 159
Centering data before using scikit-learn on GPU
NOTE: Using GPU for ridge regression.
Warning: RidgeCV with fit_intercept=False please center data before using this function. If you want to use fit_intercept=True, please set device=None or device='cpu'.

Predictor device: cuda:0
Target device: cuda:0
Alphas device: cpu
PC index 159 correlation: 0.0765
Running analysis for PC index 160
Centering data before using scikit-learn on GPU
NOTE: Using GPU for ridge regression.
Warning: RidgeCV with fit_intercept=False please center data before using this function. If you want to use fit_intercept=True, please set device=None or device='cpu'.

Predictor device: cuda:0
Target device: cuda:0
Alphas device: cpu
PC index 160 correlation: 0.0476
Running analysis for PC index 161
Centering data before using scikit-learn on GPU
NOTE: Using GPU for ridge regression.
Warning: RidgeCV with fit_intercept=False please center data before using this function. If you want to use fit_intercept=True, please set device=None or device='cpu'.

Predictor device: cuda:0
Target device: cuda:0
Alphas device: cpu
PC index 161 correlation: 0.0775
Running analysis for PC index 162
Centering data before using scikit-learn on GPU
NOTE: Using GPU for ridge regression.
Warning: RidgeCV with fit_intercept=False please center data before using this function. If you want to use fit_intercept=True, please set device=None or device='cpu'.

Predictor device: cuda:0
Target device: cuda:0
Alphas device: cpu
PC index 162 correlation: 0.0690
Running analysis for PC index 163
Centering data before using scikit-learn on GPU
NOTE: Using GPU for ridge regression.
Warning: RidgeCV with fit_intercept=False please center data before using this function. If you want to use fit_intercept=True, please set device=None or device='cpu'.

Predictor device: cuda:0
Target device: cuda:0
Alphas device: cpu
PC index 163 correlation: 0.1138
Running analysis for PC index 164
Centering data before using scikit-learn on GPU
NOTE: Using GPU for ridge regression.
Warning: RidgeCV with fit_intercept=False please center data before using this function. If you want to use fit_intercept=True, please set device=None or device='cpu'.

Predictor device: cuda:0
Target device: cuda:0
Alphas device: cpu
PC index 164 correlation: 0.0636
Running analysis for PC index 165
Centering data before using scikit-learn on GPU
NOTE: Using GPU for ridge regression.
Warning: RidgeCV with fit_intercept=False please center data before using this function. If you want to use fit_intercept=True, please set device=None or device='cpu'.

Predictor device: cuda:0
Target device: cuda:0
Alphas device: cpu
PC index 165 correlation: 0.0222
Running analysis for PC index 166
Centering data before using scikit-learn on GPU
NOTE: Using GPU for ridge regression.
Warning: RidgeCV with fit_intercept=False please center data before using this function. If you want to use fit_intercept=True, please set device=None or device='cpu'.

Predictor device: cuda:0
Target device: cuda:0
Alphas device: cpu
PC index 166 correlation: 0.0580
Running analysis for PC index 167
Centering data before using scikit-learn on GPU
NOTE: Using GPU for ridge regression.
Warning: RidgeCV with fit_intercept=False please center data before using this function. If you want to use fit_intercept=True, please set device=None or device='cpu'.

Predictor device: cuda:0
Target device: cuda:0
Alphas device: cpu
PC index 167 correlation: 0.0835
Running analysis for PC index 168
Centering data before using scikit-learn on GPU
NOTE: Using GPU for ridge regression.
Warning: RidgeCV with fit_intercept=False please center data before using this function. If you want to use fit_intercept=True, please set device=None or device='cpu'.

Predictor device: cuda:0
Target device: cuda:0
Alphas device: cpu
PC index 168 correlation: 0.0854
Running analysis for PC index 169
Centering data before using scikit-learn on GPU
NOTE: Using GPU for ridge regression.
Warning: RidgeCV with fit_intercept=False please center data before using this function. If you want to use fit_intercept=True, please set device=None or device='cpu'.

Predictor device: cuda:0
Target device: cuda:0
Alphas device: cpu
PC index 169 correlation: 0.0581
Running analysis for PC index 170
Centering data before using scikit-learn on GPU
NOTE: Using GPU for ridge regression.
Warning: RidgeCV with fit_intercept=False please center data before using this function. If you want to use fit_intercept=True, please set device=None or device='cpu'.

Predictor device: cuda:0
Target device: cuda:0
Alphas device: cpu
PC index 170 correlation: 0.0703
Running analysis for PC index 171
Centering data before using scikit-learn on GPU
NOTE: Using GPU for ridge regression.
Warning: RidgeCV with fit_intercept=False please center data before using this function. If you want to use fit_intercept=True, please set device=None or device='cpu'.

Predictor device: cuda:0
Target device: cuda:0
Alphas device: cpu
PC index 171 correlation: 0.0862
Running analysis for PC index 172
Centering data before using scikit-learn on GPU
NOTE: Using GPU for ridge regression.
Warning: RidgeCV with fit_intercept=False please center data before using this function. If you want to use fit_intercept=True, please set device=None or device='cpu'.

Predictor device: cuda:0
Target device: cuda:0
Alphas device: cpu
PC index 172 correlation: 0.0756
Running analysis for PC index 173
Centering data before using scikit-learn on GPU
NOTE: Using GPU for ridge regression.
Warning: RidgeCV with fit_intercept=False please center data before using this function. If you want to use fit_intercept=True, please set device=None or device='cpu'.

Predictor device: cuda:0
Target device: cuda:0
Alphas device: cpu
PC index 173 correlation: 0.0175
Running analysis for PC index 174
Centering data before using scikit-learn on GPU
NOTE: Using GPU for ridge regression.
Warning: RidgeCV with fit_intercept=False please center data before using this function. If you want to use fit_intercept=True, please set device=None or device='cpu'.

Predictor device: cuda:0
Target device: cuda:0
Alphas device: cpu
PC index 174 correlation: 0.1432
Running analysis for PC index 175
Centering data before using scikit-learn on GPU
NOTE: Using GPU for ridge regression.
Warning: RidgeCV with fit_intercept=False please center data before using this function. If you want to use fit_intercept=True, please set device=None or device='cpu'.

Predictor device: cuda:0
Target device: cuda:0
Alphas device: cpu
PC index 175 correlation: 0.1233
Running analysis for PC index 176
Centering data before using scikit-learn on GPU
NOTE: Using GPU for ridge regression.
Warning: RidgeCV with fit_intercept=False please center data before using this function. If you want to use fit_intercept=True, please set device=None or device='cpu'.

Predictor device: cuda:0
Target device: cuda:0
Alphas device: cpu
PC index 176 correlation: 0.0422
Running analysis for PC index 177
Centering data before using scikit-learn on GPU
NOTE: Using GPU for ridge regression.
Warning: RidgeCV with fit_intercept=False please center data before using this function. If you want to use fit_intercept=True, please set device=None or device='cpu'.

Predictor device: cuda:0
Target device: cuda:0
Alphas device: cpu
PC index 177 correlation: 0.0627
Running analysis for PC index 178
Centering data before using scikit-learn on GPU
NOTE: Using GPU for ridge regression.
Warning: RidgeCV with fit_intercept=False please center data before using this function. If you want to use fit_intercept=True, please set device=None or device='cpu'.

Predictor device: cuda:0
Target device: cuda:0
Alphas device: cpu
PC index 178 correlation: 0.0333
Running analysis for PC index 179
Centering data before using scikit-learn on GPU
NOTE: Using GPU for ridge regression.
Warning: RidgeCV with fit_intercept=False please center data before using this function. If you want to use fit_intercept=True, please set device=None or device='cpu'.

Predictor device: cuda:0
Target device: cuda:0
Alphas device: cpu
PC index 179 correlation: 0.0776
Running analysis for PC index 180
Centering data before using scikit-learn on GPU
NOTE: Using GPU for ridge regression.
Warning: RidgeCV with fit_intercept=False please center data before using this function. If you want to use fit_intercept=True, please set device=None or device='cpu'.

Predictor device: cuda:0
Target device: cuda:0
Alphas device: cpu
PC index 180 correlation: 0.0494
Running analysis for PC index 181
Centering data before using scikit-learn on GPU
NOTE: Using GPU for ridge regression.
Warning: RidgeCV with fit_intercept=False please center data before using this function. If you want to use fit_intercept=True, please set device=None or device='cpu'.

Predictor device: cuda:0
Target device: cuda:0
Alphas device: cpu
PC index 181 correlation: 0.0042
Running analysis for PC index 182
Centering data before using scikit-learn on GPU
NOTE: Using GPU for ridge regression.
Warning: RidgeCV with fit_intercept=False please center data before using this function. If you want to use fit_intercept=True, please set device=None or device='cpu'.

Predictor device: cuda:0
Target device: cuda:0
Alphas device: cpu
PC index 182 correlation: 0.0532
Running analysis for PC index 183
Centering data before using scikit-learn on GPU
NOTE: Using GPU for ridge regression.
Warning: RidgeCV with fit_intercept=False please center data before using this function. If you want to use fit_intercept=True, please set device=None or device='cpu'.

Predictor device: cuda:0
Target device: cuda:0
Alphas device: cpu
PC index 183 correlation: 0.0477
Running analysis for PC index 184
Centering data before using scikit-learn on GPU
NOTE: Using GPU for ridge regression.
Warning: RidgeCV with fit_intercept=False please center data before using this function. If you want to use fit_intercept=True, please set device=None or device='cpu'.

Predictor device: cuda:0
Target device: cuda:0
Alphas device: cpu
PC index 184 correlation: 0.0525
Running analysis for PC index 185
Centering data before using scikit-learn on GPU
NOTE: Using GPU for ridge regression.
Warning: RidgeCV with fit_intercept=False please center data before using this function. If you want to use fit_intercept=True, please set device=None or device='cpu'.

Predictor device: cuda:0
Target device: cuda:0
Alphas device: cpu
PC index 185 correlation: 0.0720
Running analysis for PC index 186
Centering data before using scikit-learn on GPU
NOTE: Using GPU for ridge regression.
Warning: RidgeCV with fit_intercept=False please center data before using this function. If you want to use fit_intercept=True, please set device=None or device='cpu'.

Predictor device: cuda:0
Target device: cuda:0
Alphas device: cpu
PC index 186 correlation: 0.0376
Running analysis for PC index 187
Centering data before using scikit-learn on GPU
NOTE: Using GPU for ridge regression.
Warning: RidgeCV with fit_intercept=False please center data before using this function. If you want to use fit_intercept=True, please set device=None or device='cpu'.

Predictor device: cuda:0
Target device: cuda:0
Alphas device: cpu
PC index 187 correlation: 0.0794
Running analysis for PC index 188
Centering data before using scikit-learn on GPU
NOTE: Using GPU for ridge regression.
Warning: RidgeCV with fit_intercept=False please center data before using this function. If you want to use fit_intercept=True, please set device=None or device='cpu'.

Predictor device: cuda:0
Target device: cuda:0
Alphas device: cpu
PC index 188 correlation: 0.0241
Running analysis for PC index 189
Centering data before using scikit-learn on GPU
NOTE: Using GPU for ridge regression.
Warning: RidgeCV with fit_intercept=False please center data before using this function. If you want to use fit_intercept=True, please set device=None or device='cpu'.

Predictor device: cuda:0
Target device: cuda:0
Alphas device: cpu
PC index 189 correlation: 0.1294
Running analysis for PC index 190
Centering data before using scikit-learn on GPU
NOTE: Using GPU for ridge regression.
Warning: RidgeCV with fit_intercept=False please center data before using this function. If you want to use fit_intercept=True, please set device=None or device='cpu'.

Predictor device: cuda:0
Target device: cuda:0
Alphas device: cpu
PC index 190 correlation: 0.0522
Running analysis for PC index 191
Centering data before using scikit-learn on GPU
NOTE: Using GPU for ridge regression.
Warning: RidgeCV with fit_intercept=False please center data before using this function. If you want to use fit_intercept=True, please set device=None or device='cpu'.

Predictor device: cuda:0
Target device: cuda:0
Alphas device: cpu
PC index 191 correlation: 0.0693
Running analysis for PC index 192
Centering data before using scikit-learn on GPU
NOTE: Using GPU for ridge regression.
Warning: RidgeCV with fit_intercept=False please center data before using this function. If you want to use fit_intercept=True, please set device=None or device='cpu'.

Predictor device: cuda:0
Target device: cuda:0
Alphas device: cpu
PC index 192 correlation: 0.0121
Running analysis for PC index 193
Centering data before using scikit-learn on GPU
NOTE: Using GPU for ridge regression.
Warning: RidgeCV with fit_intercept=False please center data before using this function. If you want to use fit_intercept=True, please set device=None or device='cpu'.

Predictor device: cuda:0
Target device: cuda:0
Alphas device: cpu
PC index 193 correlation: 0.0803
Running analysis for PC index 194
Centering data before using scikit-learn on GPU
NOTE: Using GPU for ridge regression.
Warning: RidgeCV with fit_intercept=False please center data before using this function. If you want to use fit_intercept=True, please set device=None or device='cpu'.

Predictor device: cuda:0
Target device: cuda:0
Alphas device: cpu
PC index 194 correlation: 0.0617
Running analysis for PC index 195
Centering data before using scikit-learn on GPU
NOTE: Using GPU for ridge regression.
Warning: RidgeCV with fit_intercept=False please center data before using this function. If you want to use fit_intercept=True, please set device=None or device='cpu'.

Predictor device: cuda:0
Target device: cuda:0
Alphas device: cpu
PC index 195 correlation: 0.1382
Running analysis for PC index 196
Centering data before using scikit-learn on GPU
NOTE: Using GPU for ridge regression.
Warning: RidgeCV with fit_intercept=False please center data before using this function. If you want to use fit_intercept=True, please set device=None or device='cpu'.

Predictor device: cuda:0
Target device: cuda:0
Alphas device: cpu
PC index 196 correlation: 0.0612
Running analysis for PC index 197
Centering data before using scikit-learn on GPU
NOTE: Using GPU for ridge regression.
Warning: RidgeCV with fit_intercept=False please center data before using this function. If you want to use fit_intercept=True, please set device=None or device='cpu'.

Predictor device: cuda:0
Target device: cuda:0
Alphas device: cpu
PC index 197 correlation: 0.0236
Running analysis for PC index 198
Centering data before using scikit-learn on GPU
NOTE: Using GPU for ridge regression.
Warning: RidgeCV with fit_intercept=False please center data before using this function. If you want to use fit_intercept=True, please set device=None or device='cpu'.

Predictor device: cuda:0
Target device: cuda:0
Alphas device: cpu
PC index 198 correlation: 0.0605
Running analysis for PC index 199
Centering data before using scikit-learn on GPU
NOTE: Using GPU for ridge regression.
Warning: RidgeCV with fit_intercept=False please center data before using this function. If you want to use fit_intercept=True, please set device=None or device='cpu'.

Predictor device: cuda:0
Target device: cuda:0
Alphas device: cpu
PC index 199 correlation: 0.1130
Saved convnext_base_classification correlations to /home/ohadshee/Desktop/Partial-Information-Decomposition/pipeline/analysis/ridge_analysis/GPU_200_pcs_correlations_by_model.csv 😀
Starting model: xcit_nano_12_p8_224_classification
Number of images: 73000
Image shape: (425, 425, 3), dtype: uint8
nsdID shape: (73000,), Shared1000 shape: (73000,)
Neural data shape: (10000, 8088)
Image IDs shape: (10000,)
Number of voxels: 8088
Number of projections for SRP: 7894

Loaded target with shape (10000, 8088).
Model options for xcit_nano_12_p8_224_classification: {'model_name': 'xcit_nano_12_p8_224', 'train_type': 'classification', 'train_data': 'imagenet', 'model_source': 'timm', 'call': "get_timm_model('xcit_nano_12_p8_224', pretrained = True)"}
Image transforms for xcit_nano_12_p8_224_classification: Compose(
    Resize(size=(224, 224), interpolation=bicubic, max_size=None, antialias=True)
    MaybeToTensor()
    Normalize(mean=tensor([0.4850, 0.4560, 0.4060]), std=tensor([0.2290, 0.2240, 0.2250]))
)
Loaded model: xcit_nano_12_p8_224_classification
Ordered layers from model: ['Conv2d-1', 'BatchNorm2d-1', 'GELU-1', 'Conv2d-2', 'BatchNorm2d-2', 'GELU-2', 'Conv2d-3', 'BatchNorm2d-3', 'ConvPatchEmbed-1-1', 'PositionalEncodingFourier-1', 'Dropout-1', 'LayerNorm-1', 'Linear-1', 'Dropout-2', 'Linear-2', 'Dropout-3', 'XCA-1', 'Identity-1', 'LayerNorm-2', 'Conv2d-5', 'GELU-3', 'BatchNorm2d-4', 'Conv2d-6', 'LPI-1', 'Identity-2', 'LayerNorm-3', 'Linear-3', 'GELU-4', 'Dropout-4', 'Identity-3', 'Linear-4', 'Dropout-5', 'Mlp-1', 'Identity-4', 'XCABlock-1', 'LayerNorm-4', 'Linear-5', 'Dropout-6', 'Linear-6', 'Dropout-7', 'XCA-3', 'Identity-5', 'LayerNorm-5', 'Conv2d-7', 'GELU-5', 'BatchNorm2d-5', 'Conv2d-8', 'LPI-2', 'Identity-6', 'LayerNorm-6', 'Linear-7', 'GELU-6', 'Dropout-8', 'Identity-7', 'Linear-8', 'Dropout-9', 'Mlp-2', 'Identity-8', 'XCABlock-2', 'LayerNorm-7', 'Linear-9', 'Dropout-10', 'Linear-10', 'Dropout-11', 'XCA-5', 'Identity-9', 'LayerNorm-8', 'Conv2d-9', 'GELU-7', 'BatchNorm2d-6', 'Conv2d-10', 'LPI-3', 'Identity-10', 'LayerNorm-9', 'Linear-11', 'GELU-8', 'Dropout-12', 'Identity-11', 'Linear-12', 'Dropout-13', 'Mlp-3', 'Identity-12', 'XCABlock-3', 'LayerNorm-10', 'Linear-13', 'Dropout-14', 'Linear-14', 'Dropout-15', 'XCA-7', 'Identity-13', 'LayerNorm-11', 'Conv2d-11', 'GELU-9', 'BatchNorm2d-7', 'Conv2d-12', 'LPI-4', 'Identity-14', 'LayerNorm-12', 'Linear-15', 'GELU-10', 'Dropout-16', 'Identity-15', 'Linear-16', 'Dropout-17', 'Mlp-4', 'Identity-16', 'XCABlock-4', 'LayerNorm-13', 'Linear-17', 'Dropout-18', 'Linear-18', 'Dropout-19', 'XCA-9', 'Identity-17', 'LayerNorm-14', 'Conv2d-13', 'GELU-11', 'BatchNorm2d-8', 'Conv2d-14', 'LPI-5', 'Identity-18', 'LayerNorm-15', 'Linear-19', 'GELU-12', 'Dropout-20', 'Identity-19', 'Linear-20', 'Dropout-21', 'Mlp-5', 'Identity-20', 'XCABlock-5', 'LayerNorm-16', 'Linear-21', 'Dropout-22', 'Linear-22', 'Dropout-23', 'XCA-11', 'Identity-21', 'LayerNorm-17', 'Conv2d-15', 'GELU-13', 'BatchNorm2d-9', 'Conv2d-16', 'LPI-6', 'Identity-22', 'LayerNorm-18', 'Linear-23', 'GELU-14', 'Dropout-24', 'Identity-23', 'Linear-24', 'Dropout-25', 'Mlp-6', 'Identity-24', 'XCABlock-6', 'LayerNorm-19', 'Linear-25', 'Dropout-26', 'Linear-26', 'Dropout-27', 'XCA-13', 'Identity-25', 'LayerNorm-20', 'Conv2d-17', 'GELU-15', 'BatchNorm2d-10', 'Conv2d-18', 'LPI-7', 'Identity-26', 'LayerNorm-21', 'Linear-27', 'GELU-16', 'Dropout-28', 'Identity-27', 'Linear-28', 'Dropout-29', 'Mlp-7', 'Identity-28', 'XCABlock-7', 'LayerNorm-22', 'Linear-29', 'Dropout-30', 'Linear-30', 'Dropout-31', 'XCA-15', 'Identity-29', 'LayerNorm-23', 'Conv2d-19', 'GELU-17', 'BatchNorm2d-11', 'Conv2d-20', 'LPI-8', 'Identity-30', 'LayerNorm-24', 'Linear-31', 'GELU-18', 'Dropout-32', 'Identity-31', 'Linear-32', 'Dropout-33', 'Mlp-8', 'Identity-32', 'XCABlock-8', 'LayerNorm-25', 'Linear-33', 'Dropout-34', 'Linear-34', 'Dropout-35', 'XCA-17', 'Identity-33', 'LayerNorm-26', 'Conv2d-21', 'GELU-19', 'BatchNorm2d-12', 'Conv2d-22', 'LPI-9', 'Identity-34', 'LayerNorm-27', 'Linear-35', 'GELU-20', 'Dropout-36', 'Identity-35', 'Linear-36', 'Dropout-37', 'Mlp-9', 'Identity-36', 'XCABlock-9', 'LayerNorm-28', 'Linear-37', 'Dropout-38', 'Linear-38', 'Dropout-39', 'XCA-19', 'Identity-37', 'LayerNorm-29', 'Conv2d-23', 'GELU-21', 'BatchNorm2d-13', 'Conv2d-24', 'LPI-10', 'Identity-38', 'LayerNorm-30', 'Linear-39', 'GELU-22', 'Dropout-40', 'Identity-39', 'Linear-40', 'Dropout-41', 'Mlp-10', 'Identity-40', 'XCABlock-10', 'LayerNorm-31', 'Linear-41', 'Dropout-42', 'Linear-42', 'Dropout-43', 'XCA-21', 'Identity-41', 'LayerNorm-32', 'Conv2d-25', 'GELU-23', 'BatchNorm2d-14', 'Conv2d-26', 'LPI-11', 'Identity-42', 'LayerNorm-33', 'Linear-43', 'GELU-24', 'Dropout-44', 'Identity-43', 'Linear-44', 'Dropout-45', 'Mlp-11', 'Identity-44', 'XCABlock-11', 'LayerNorm-34', 'Linear-45', 'Dropout-46', 'Linear-46', 'Dropout-47', 'XCA-23', 'Identity-45', 'LayerNorm-35', 'Conv2d-27', 'GELU-25', 'BatchNorm2d-15', 'Conv2d-28', 'LPI-12', 'Identity-46', 'LayerNorm-36', 'Linear-47', 'GELU-26', 'Dropout-48', 'Identity-47', 'Linear-48', 'Dropout-49', 'Mlp-12', 'Identity-48', 'XCABlock-12', 'LayerNorm-37', 'Linear-49', 'Linear-50', 'Linear-51', 'Linear-52', 'Dropout-50', 'ClassAttn-1', 'Identity-49', 'LayerNorm-38', 'Linear-53', 'GELU-27', 'Dropout-51', 'Identity-50', 'Linear-54', 'Dropout-52', 'Mlp-13', 'Identity-51', 'ClassAttentionBlock-1', 'LayerNorm-39', 'Linear-55', 'Linear-56', 'Linear-57', 'Linear-58', 'Dropout-53', 'ClassAttn-2', 'Identity-52', 'LayerNorm-40', 'Linear-59', 'GELU-28', 'Dropout-54', 'Identity-53', 'Linear-60', 'Dropout-55', 'Mlp-14', 'Identity-54', 'ClassAttentionBlock-2', 'LayerNorm-41', 'Dropout-56', 'Linear-61', 'Xcit-1']
Total number of layers: 339
Starting to extract features for xcit_nano_12_p8_224_classification at layer 266

==================================================
Processing layer: Linear-43 from model: xcit_nano_12_p8_224_classification

For model xcit_nano_12_p8_224_classification Layer Linear-43: Extracting features for 10000 images in batches of 128...
Feature extraction for model xcit_nano_12_p8_224_classification layer Linear-43 completed in 87.79 seconds.
