config_json,"{""all_runs_results_prefix"": ""seed_runs"", ""data_dir"": ""/mnt/data4tb/data_algonauts/"", ""fmri_dict_path"": ""/home/ohadshee/Desktop/Thesis_Ohad_Sheelo/encoding_model/fmri_dicts/subj1_fmri_dicts.joblib"", ""method"": ""ridge_cv"", ""mixing_dimension"": 50, ""n_f"": 500, ""n_s"": 7000, ""n_seeds"": 10000, ""parent_submission_dir"": ""/mnt/data4tb/data_algonauts/submissions"", ""path_to_load"": ""/home/ohadshee/Desktop/Thesis_Ohad_Sheelo/encoding_model/trained_models/roi_models/FBA-1_alexnet_features.8_subj01_1.pth/FBA-1_alexnet_features.8_subj01.pth_encoding_model.joblib"", ""progress_print_every"": 100, ""results_dir"": ""/home/ohadshee/Desktop/Thesis_Ohad_Sheelo/simulation_results/Suppresion_FBA_Encoding"", ""results_prefix"": ""seed_summary"", ""rng_seed"": ""np.random.Generator"", ""roi_name"": ""FBA-1"", ""seed_start"": 0, ""snr"": 10, ""subj"": 1, ""suppression_method"": ""permutate"", ""suppression_strength"": 0.5, ""test_name"": ""NoBiasCorrection-FBA-Encoding-suppresion_exp1""}"

seed,CA_R²_X1,CA_R²_X2,CA_R²_X12,CA_unique_X1,CA_unique_X2,CA_common,CA_unexplained,PID_red,PID_unq1,PID_unq2,PID_syn,I(M1;T),I(M2;T),"I(M1,M2;T)"
0,0.17148720303701656,-0.0040277702438963146,0.18345506198651618,0.18748283223041248,0.011967858949499616,-0.01599562919339592,0.8165449380134838,0.093126806613121,12.269092107035222,2.066415859872059,1.8711998292497842,12.362218913648343,2.1595426664851796,16.299834602770186
1,0.1657897370764942,-0.0050366961822477805,0.18119939119798567,0.18623608738023345,0.015409654121491478,-0.020446350303739258,0.8188006088020143,0.09048114853357525,12.0869560370976,2.0305988108267226,1.9882081083647307,12.177437185631176,2.121079959360297,16.19624410482263
2,0.1703863382237722,-0.003296268510510717,0.18274629623505598,0.18604256474556669,0.012359958011283784,-0.015656226521794492,0.817253703764944,0.09018809943231076,12.63633655303465,2.033803549854479,1.885770528921313,12.72652465246696,2.1239916492867894,16.646098731242752
3,0.18757445487317567,-0.00466724901896725,0.20178405444516892,0.20645130346413618,0.014209599571993248,-0.018876848590960504,0.7982159455548311,0.09564479849744956,12.170924402806964,2.0727893877930708,1.8858657890429011,12.266569201304414,2.168434186290521,16.225224378140386
4,0.19419417626815172,-0.0043985467154224744,0.20591036607455573,0.2103089127899782,0.011716189806404015,-0.01611473652182649,0.7940896339254443,0.09206764237529974,12.112581188435433,2.0608717730583663,1.8346567434322445,12.204648830810733,2.152939415433666,16.100177347301344
5,0.15426293075053316,-0.005249274687644388,0.16583974350630187,0.17108901819394626,0.011576812755768717,-0.0168260874434131,0.8341602564936981,0.08790129881620601,12.041034121584495,2.0835965586122818,1.9398315313199248,12.128935420400701,2.1714978574284878,16.152363510332908
6,0.1608478631170321,-0.0042237957360668765,0.16938918559254273,0.1736129813286096,0.008541322475510621,-0.012765118211577497,0.8306108144074573,0.08792172844015234,12.045998287477799,2.052019981860969,1.8062964995485302,12.133920015917951,2.139941710301121,15.99223649732745
7,0.17654105229635186,-0.004301729495759771,0.18525638315815404,0.1895581126539138,0.008715330861802179,-0.01301706035756195,0.8147436168418459,0.0951542950505413,12.175257270130297,2.066133370001957,1.8095821377702368,12.270411565180838,2.161287665052498,16.146127072953032
8,0.15770207653945767,-0.004076617941469346,0.16819370153429605,0.1722703194757654,0.010491624994838383,-0.014568242936307735,0.831806298465704,0.08808248576443134,12.273846969402136,2.0358693694727457,1.9005554745208677,12.361929455166567,2.1239518552371766,16.29835429916018
9,0.17584527562626864,-0.0037759489378843655,0.18622866759693718,0.19000461653482154,0.010383391970668537,-0.014159340908552892,0.8137713324030629,0.08656777126809168,12.037365630570264,2.088079136769249,1.9497924407863234,12.123933401838356,2.1746469080373414,16.161804979393928
10,0.1624901205349965,-0.0036180110755357595,0.1694701419486722,0.17308815302420794,0.00698002141367568,-0.010598032489211429,0.8305298580513278,0.0937288169101329,12.440900526472028,2.068611979490754,1.8031495175586905,12.53462934338216,2.1623407964008865,16.406390840431605
11,0.16289392111934858,-0.004439642925602036,0.1729935779186535,0.17743322084425553,0.010099656799304912,-0.014539299724906946,0.8270064220813464,0.09600141752937752,12.243077345217666,2.051748282999478,1.8630971527354863,12.339078762747043,2.1477497005288555,16.253924198482007
12,0.168036727957115,-0.0044343249306695405,0.18591939364208745,0.19035371857275699,0.01788266568497246,-0.02231699061564199,0.8140806063579126,0.09018687178995677,12.076410309230807,2.0629856391099626,1.9391095399588565,12.166597181020764,2.1531725108999193,16.168692360089583
13,0.16768828826956667,-0.0045790392740737585,0.1806494341812543,0.18522847345532806,0.012961145911687622,-0.017540185185761392,0.8193505658187457,0.08587279766501155,11.968458250999491,2.0626459397025716,1.8643115749126284,12.054331048664503,2.148518737367583,15.981288563279703
14,0.19650198247070289,-0.004376020553028827,0.20552858842611696,0.20990460897914578,0.009026605955414074,-0.0134026265084429,0.794471411573883,0.09403168864824885,12.228357645692373,2.0608082152261513,1.7665404610739444,12.322389334340622,2.1548399038744,16.149738010640718
15,0.16692272930980726,-0.004429594040124981,0.18033434222638828,0.18476393626651325,0.013411612916581023,-0.01784120695670599,0.8196656577736117,0.09338991190959689,11.921135327708178,2.045082594237332,1.7873520276550714,12.014525239617775,2.138472506146929,15.846959861510179
16,0.16881060050290259,-0.0033257139407500674,0.1832397864122306,0.18656550035298067,0.014429185909328013,-0.017754899850078082,0.8167602135877694,0.09398944811780652,12.307640363829815,2.0420387564867752,1.8637137440893916,12.401629811947622,2.1360282046045826,16.30738231252379
17,0.16164582651820253,-0.004554257589590268,0.1763749354169598,0.18092919300655008,0.014729108898757282,-0.019283366488347553,0.8236250645830402,0.09103826584548713,12.278570582542997,2.04621115688486,1.7857877282152526,12.369608848388484,2.1372494227303465,16.201607733488597
18,0.20729612634136502,-0.0045882198569970525,0.21440333555662788,0.21899155541362494,0.007107209215262866,-0.011695429072259927,0.7855966644433721,0.08933973570920983,12.475372331593508,2.036229548450695,1.839420030844348,12.564712067302718,2.125569284159905,16.44036164659776
19,0.17635825018934945,-0.004134303471407203,0.18488207431580947,0.18901637778721667,0.008523824126460022,-0.01265812759786722,0.8151179256841905,0.0951341253141873,12.312456840162378,2.0647544500388335,1.9837604421978092,12.407590965476565,2.159888575353021,16.456105857713208
20,0.18695384893999029,-0.005359363298377448,0.197174260546743,0.20253362384512044,0.010220411606752716,-0.015579774905130156,0.802825739453257,0.09264156250607591,12.222726383547387,2.042559333331182,1.8195597460778448,12.315367946053463,2.1352008958372584,16.17748702546249
21,0.18208968095335637,-0.003754540486988584,0.19464722248420624,0.19840176297119483,0.01255754153084987,-0.01631208201783846,0.8053527775157938,0.09446620090121982,12.264046456576402,2.060462822696662,1.845719405342182,12.358512657477622,2.154929023597881,16.264694885516466
22,0.2021863457479962,-0.00438541992957091,0.21326085026732577,0.2176462701968967,0.011074504519329564,-0.015459924448900486,0.7867391497326742,0.09213478303450984,12.309574682460394,2.030556721181119,1.8074393366260697,12.401709465494903,2.1226915042156294,16.239705523302092
23,0.17285181818998144,-0.0039035259739080698,0.18532464588201894,0.189228171855927,0.012472827692037503,-0.01637635366594556,0.8146753541179811,0.09643363396138938,12.20553700084455,2.0644078879772714,1.954713297722769,12.30197063480594,2.16084152193866,16.32109182050598
24,0.1995302998829622,-0.004689310532622723,0.21137194809121465,0.21606125862383738,0.011841648208252453,-0.01653095874087518,0.7886280519087854,0.09573997082079799,12.320051571515368,2.052126568858272,1.8331869168664578,12.415791542336166,2.14786653967907,16.301105028060896
25,0.188160102866843,-0.004101917956830901,0.19789226438862587,0.20199418234545677,0.009732161521782856,-0.013834079478613759,0.8021077356113742,0.09431160466100863,12.316447325068005,2.068161652544715,1.8201111940680352,12.410758929729013,2.162473257205724,16.299031776341764
26,0.16959412886293024,-0.0039348600602379605,0.17565532777830864,0.1795901878385466,0.006061198915378402,-0.009996058975616368,0.8243446722216914,0.09404732985629849,12.122959855275596,2.057297012353981,1.8359403803127456,12.217007185131894,2.1513443422102805,16.11024457779862
27,0.14707502724620977,-0.003261987659680959,0.15948290498194873,0.1627448926416297,0.012407877735738954,-0.015669865395419924,0.8405170950180513,0.09341654987245107,11.747282415542973,2.045561765318073,1.807330095025037,11.840698965415424,2.1389783151905233,15.693590825758534
28,0.18920644397912043,-0.00464276220626857,0.19511442818097258,0.19975719038724116,0.005907984201852151,-0.010550746408120731,0.8048855718190274,0.09141935716779592,12.45515038660621,2.0573352504438507,1.7889664095899391,12.546569743774006,2.1487546076116457,16.392871403807796
29,0.16879717068559855,-0.004245921088616134,0.1770456156873749,0.18129153677599102,0.00824844500177635,-0.012494366090392478,0.8229543843126251,0.09240513658831162,11.937881132649704,2.062381856691033,1.7646571333769288,12.030286269238015,2.154786993279344,15.857325259305977
30,0.1692867084715077,-0.0033616877764094523,0.17859486250522952,0.18195655028163896,0.009308154033721816,-0.012669841810131255,0.8214051374947705,0.09175479230140837,12.585370662203907,2.0868590295047103,1.904700963366098,12.677125454505315,2.178613821806118,16.668685447376124
31,0.1689960548007064,-0.005208480830562568,0.17788136787422376,0.18308984870478634,0.008885313073517365,-0.014093793904079943,0.8221186321257763,0.09128044073300678,12.2492839372941,2.0748692038447203,1.917537693276735,12.340564378027107,2.166149644577727,16.332971275148562
32,0.17806018747992328,-0.0037781629872534793,0.1874012967262498,0.19117945971350328,0.009341109246326529,-0.013119272233580004,0.8125987032737502,0.09612476811594739,12.49488897200027,2.0505163082285396,1.9172948654561832,12.591013740116217,2.146641076344487,16.55882491380094
33,0.16475768469870375,-0.004155453603032696,0.1733440036956919,0.17749945729872457,0.00858631899698814,-0.012741772600020823,0.8266559963043081,0.09136684081187063,12.050727034582481,2.069392893982185,1.8789099832335996,12.142093875394352,2.160759734794055,16.090396752610136
34,0.17805034358412086,-0.004175058458118318,0.18664474934562816,0.1908198078037465,0.008594405761507301,-0.012769464219625631,0.8133552506543719,0.08989976018151857,11.901904636111587,2.070671540062369,1.7647688978570013,11.991804396293105,2.160571300243887,15.827244834212475
35,0.19197094800839723,-0.003916091595664799,0.20506744103074798,0.20898353262641278,0.013096493022350747,-0.017012584618015553,0.794932558969252,0.09210443757647013,12.1921488271372,2.0573460376490686,1.9955145462819033,12.28425326471367,2.149450475225538,16.33711384864464
36,0.1902484545526257,-0.0039507512047068346,0.2031963221332736,0.20714707333798044,0.012947867580647893,-0.01689861878535473,0.7968036778667265,0.08944676368452775,12.188176567339774,2.0597422352141006,1.882080908403898,12.277623331024301,2.1491889988986292,16.2194464746423
37,0.16689367643528946,-0.003696302914025388,0.17627330036182565,0.17996960327585104,0.009379623926536185,-0.01307592684056158,0.8237266996381744,0.09391687873246468,12.00488163577419,2.071716364971792,1.8707076691910807,12.098798514506655,2.1656332437042565,16.041222548669527
38,0.17879087880086172,-0.0040100341549604915,0.1884028168383099,0.19241285099327038,0.00961193803744817,-0.013621972192408655,0.8115971831616902,0.08736395741288838,12.444851570390146,2.0325537292515214,1.8382350328602346,12.532215527803034,2.119917686664409,16.40300428991479
39,0.1862719166466177,-0.004160135558545356,0.1945400420040308,0.19870017756257616,0.008268125357413086,-0.012428260915958445,0.8054599579959691,0.08840846146469339,12.044995632078887,2.0449516524951488,1.8541539752089875,12.13340409354358,2.1333601139598417,16.032509721247717
40,0.1578575948769301,-0.0038073841701302385,0.16999547246310823,0.17380285663323847,0.012137877586178125,-0.015945261756308365,0.8300045275368918,0.09040693477925998,11.958913122595272,2.0554224609423564,1.8925468516222832,12.049320057374532,2.1458293957216164,15.997289369939171
41,0.17029870431789668,-0.003966223341729493,0.1776697741223104,0.18163599746403988,0.00737106980441371,-0.011337293146143207,0.8223302258776897,0.09053403909817703,12.526946445878128,2.0542280604358556,1.8460569109368894,12.617480484976305,2.1447620995340335,16.51776545634905
42,0.15839840509967176,-0.003923520723958836,0.16744691103281747,0.1713704317567763,0.009048505933145712,-0.012972026657104535,0.8325530889671825,0.08915867772904207,11.994583234902816,2.0648518662774435,2.0305286650346517,12.083741912631858,2.154010544006485,16.179122443943953
43,0.18151583187471582,-0.0042015443713542605,0.19388829813041392,0.19808984250176817,0.0123724662556981,-0.016574010627052355,0.806111701869586,0.09139487353242437,12.460915128860323,2.058013929336049,1.9984027574358016,12.552310002392748,2.1494088028684737,16.608726689164598
44,0.16730398260875928,-0.004449739270954702,0.1769475180309001,0.1813972573018548,0.009643535422140803,-0.014093274693095514,0.8230524819690999,0.092975551693387,12.071170902374112,2.0585703372392565,1.8122036607364116,12.164146454067499,2.1515458889326435,16.034920452043167
45,0.16082161866950548,-0.003952327760169674,0.1701308425643137,0.1740831703244834,0.009309223894808233,-0.013261551654977916,0.8298691574356862,0.08766273004437686,11.99001663628308,2.0282989523760175,1.832013532532816,12.077679366327457,2.1159616824203944,15.93799185123629
46,0.17750576330483037,-0.004520066100225583,0.18391206854142866,0.18843213464165426,0.0064063052365982975,-0.010926371336823892,0.8160879314585714,0.09072467313852428,12.146238650198207,2.046467079115816,1.8164865785188535,12.236963323336731,2.1371917522543393,16.0999169809714
47,0.17323860114899636,-0.004462114436750205,0.1795260865912159,0.18398820102796612,0.006287485442219548,-0.010749599878969757,0.8204739134087841,0.09557994914264079,12.340346935001866,2.055938647474761,1.7960237677690642,12.435926884144507,2.1515185966174024,16.287889299388333
48,0.17208758889338152,-0.004986863322521379,0.18309272192334455,0.18807958524586593,0.011005133029963032,-0.01599199635248441,0.8169072780766554,0.09370966223708521,12.373032047050131,2.0555066562479567,1.8371715704347373,12.466741709287216,2.149216318485043,16.35941993596991
49,0.1788327186821153,-0.0046146687921715624,0.18766210643537098,0.19227677522754255,0.008829387753255674,-0.013444056545427241,0.812337893564629,0.0870271620601546,12.601192367390045,2.0317250659712798,1.841524537187274,12.6882195294502,2.1187522280314335,16.561469132608753
50,0.1868572588067764,-0.0031366706567583337,0.19664309928132703,0.19977976993808536,0.009785840474550639,-0.012922511131308961,0.8033569007186729,0.09459660067170717,12.066976033669167,2.0707647587380364,1.9527529594618898,12.161572634340875,2.1653613594097445,16.1850903525408
51,0.17397792993887393,-0.004779056962408309,0.18337635076282346,0.18815540772523176,0.009398420823949538,-0.014177477786357834,0.8166236492371766,0.09203128297736285,12.440375680513956,2.014280829544907,1.8854919372843764,12.532406963491319,2.10631211252227,16.432179730320602
52,0.18579759614200894,-0.005256639254484973,0.1955480370905901,0.20080467634507507,0.009750440948581157,-0.015007080203066125,0.8044519629094099,0.09230006133851987,12.233452643498172,2.0643433722186177,1.9031618118592792,12.325752704836692,2.1566434335571376,16.29325788891459
53,0.1708036607616033,-0.004664638787430787,0.1797553839464134,0.1844200227338442,0.008951723184810106,-0.013616361972240892,0.8202446160535866,0.0969752802298558,11.914457039880105,2.041043959140543,1.9639323451011332,12.01143232010996,2.138019239370399,16.016408624351637
54,0.19377711155068228,-0.004645088185761368,0.20089417464956033,0.2055392628353217,0.0071170630988780514,-0.011762151284639422,0.7991058253504397,0.09642397078055254,12.41491897705805,2.028610790347079,1.785095824501676,12.511342947838603,2.125034761127632,16.325049562687358
55,0.18599676025470172,-0.003933229926729505,0.19421250688795003,0.19814573681467954,0.008215746633248311,-0.01214897655997782,0.80578749311205,0.09410460456198777,12.618476084023076,2.049807194886519,1.798671859027337,12.712580688585064,2.1439117994485057,16.56105974249892
56,0.17759350836169052,-0.004873892171223942,0.1880714700089596,0.19294536218018354,0.01047796164726908,-0.015351853818493022,0.8119285299910404,0.08851802161789735,12.107563320337222,2.037531235385062,1.9174643065839803,12.19608134195512,2.1260492570029594,16.151076883924162
57,0.16288843145923435,-0.00450043947949313,0.1723410791076762,0.17684151858716934,0.009452647648441864,-0.013953087127934999,0.8276589208923237,0.08981662788758271,12.371958688620706,2.0432771721856113,1.9296198904763084,12.46177531650829,2.133093800073194,16.43467237917021
58,0.1943117270908656,-0.004587616631470504,0.2072481312382401,0.2118357478697106,0.012936404147374486,-0.01752402077884499,0.7927518687617598,0.0882070809588349,12.654041720080986,2.0553473588603683,1.8284699057449405,12.742248801039821,2.1435544398192024,16.62606606564513
59,0.1796483207321868,-0.004626182758092016,0.18648160758201732,0.19110779034010933,0.0068332868498305055,-0.011459469607922518,0.8135183924179827,0.09418976829380021,11.777844658332857,2.0494766398245883,1.8816785810258967,11.872034426626657,2.1436664081183876,15.803189647477142
60,0.14671977531672944,-0.003727390374668597,0.1603147986130801,0.1640421889877487,0.01359502329635065,-0.01732241367101925,0.8396852013869199,0.0910401873981499,11.98489785739012,2.0775071483749787,1.8976015797509884,12.07593804478827,2.168547335773129,16.051046772914237
61,0.17688507468049428,-0.003961444092778392,0.1881690088874075,0.1921304529801859,0.011283934206913232,-0.015245378299691636,0.8118309911125925,0.09593803219875952,12.181214066251405,2.0458818298639514,1.9033868943576717,12.277152098450165,2.1418198620627114,16.226420822671788
62,0.17042520034182132,-0.002929912139409939,0.18490079182536223,0.18783070396477217,0.014475591483540912,-0.017405503622950846,0.8150992081746378,0.09573097615091264,12.05522377822949,2.0398624284067726,1.9398571757945184,12.150954754380402,2.135593404557685,16.130674358581693
63,0.17484406959192206,-0.0037541740572594674,0.18561049476170638,0.18936466881896585,0.010766425169784322,-0.014520599227043796,0.8143895052382937,0.09167111290656571,12.089288009645667,2.0766013714557694,1.818854761717942,12.180959122552233,2.168272484362335,16.076415255725944
64,0.16764478897458762,-0.004734442829134502,0.1818448574063777,0.1865793002355122,0.014200068431790086,-0.018934511260924575,0.8181551425936223,0.09101139970957206,12.275344162926306,2.073245433958297,1.8920636598678957,12.366355562635878,2.164256833667869,16.33166465646207
65,0.17865147132018958,-0.005115080160997268,0.18741557184903507,0.19253065201003233,0.008764100528845492,-0.013879180689842757,0.8125844281509649,0.0934612397107113,12.15320369116266,2.047176662919023,1.836164976539946,12.246664930873372,2.140637902629734,16.13000657033234
66,0.1696566798757564,-0.004450007150522239,0.18048273686902416,0.1849327440195464,0.010826056993267774,-0.015276064143790014,0.8195172631309758,0.08933942044653698,12.040216131554509,2.0508122724571898,1.9809581880797342,12.129555552001046,2.140151692903726,16.16132601253797
67,0.16131143388182648,-0.0037731325537314103,0.16787113255555589,0.1716442651092873,0.006559698673729408,-0.010332831227460815,0.8321288674444441,0.09560143106702768,12.310215057823115,2.031438332002443,1.8122123707806157,12.405816488890142,2.1270397630694715,16.2494671916732
68,0.17859084327729494,-0.00300384874030047,0.18948137934890955,0.19248522808921,0.01089053607161461,-0.013894384811915073,0.8105186206510905,0.09360110720149173,12.236824805083085,2.0669184555554505,1.8724433452942684,12.330425912284577,2.1605195627569422,16.269787713134296
69,0.17765018944709957,-0.0043216022403717745,0.1864845101156644,0.19080611235603617,0.008834320668564821,-0.013155922908936607,0.8135154898843356,0.08798857046115316,11.984804987776062,2.0218014879794417,1.8634544312288188,12.072793558237215,2.1097900584405958,15.958049477445476
70,0.15715413453730168,-0.0045767510292134325,0.1725977982078419,0.17717454923705533,0.01544366367054023,-0.020020414699753658,0.8274022017921581,0.0897285999375832,12.102514852617077,2.0598866625485943,1.8750218241891314,12.19224345255466,2.1496152624861766,16.127151939292386
71,0.1617751550610429,-0.005029534567174542,0.1704518716437808,0.17548140621095534,0.008676716582737914,-0.013706251149912446,0.8295481283562192,0.09070505181213129,12.004891879539937,2.0473262870670563,1.8912538551430345,12.095596931352068,2.138031338879187,16.03417707356216
72,0.18508562469223416,-0.003296283292463289,0.19251169807750798,0.19580798136997127,0.007426073385273818,-0.010722356677737105,0.807488301922492,0.09480249237550531,12.064575956466223,2.0650518202232977,1.8628410051960227,12.159378448841728,2.159854312598803,16.08727127426105
73,0.18177019147755963,-0.002649718364002697,0.19437041152178958,0.19702012988579226,0.012600220044229948,-0.015249938408232633,0.8056295884782104,0.08945524208242439,11.941436466389078,2.022086092579082,1.8844461608150063,12.030891708471502,2.111541334661507,15.93742396186559
74,0.17020083211735038,-0.0044396041492484346,0.18108574380679096,0.1855253479560394,0.010884911689440585,-0.015324515838689018,0.818914256193209,0.08933661057024089,12.213533891476446,2.0473709879504707,1.9928929197474776,12.302870502046687,2.1367075985207116,16.343134409744636
75,0.16563723744888778,-0.005112619457773595,0.17980302989032143,0.184915649348095,0.01416579244143365,-0.019278411899207232,0.8201969701096785,0.09453029567830917,12.321224436560222,2.0674151117218376,1.8152271476523687,12.41575473223853,2.1619454074001476,16.298396991612737
76,0.18540394975434046,-0.004316786369399294,0.19571415179687748,0.2000309381662768,0.01031020204253702,-0.014626988411936326,0.8042858482031225,0.09133594306081427,12.311189628293523,2.0653333517895973,1.8607788624070931,12.402525571354337,2.1566692948504107,16.328637785551027
77,0.1789007959474491,-0.004681927811928699,0.19030375950766037,0.19498568731958907,0.011402963560211282,-0.016084891372139976,0.8096962404923396,0.0918952715417074,12.18849171810462,2.093521389348597,1.9069335811477348,12.280386989646328,2.1854166608903043,16.28084196014266
78,0.1650675711199599,-0.0029999974108669085,0.17651812625982508,0.17951812367069198,0.011450555139865176,-0.014450552550732076,0.8234818737401749,0.08997949829730345,12.298103279903057,2.083356691377949,1.836117888154158,12.38808277820036,2.1733361896752514,16.307557357732467
79,0.17143077130090723,-0.004283412267618888,0.18546269789291003,0.18974611016052892,0.014031926592002808,-0.018315338859621694,0.81453730210709,0.08811413614533414,11.934636031036504,2.0509468894286726,1.8864593503213207,12.022750167181838,2.139061025574006,15.960156406931832
80,0.1838929083150306,-0.004590384463728151,0.19382698591751388,0.19841737038124202,0.009934077602483271,-0.014524462066211413,0.8061730140824861,0.09318134828900604,12.79404659411944,2.038476144415746,1.8300760437138859,12.887227942408446,2.131657492704753,16.755780130538078
81,0.16489619674025277,-0.0037348732321490284,0.1785750481340084,0.18230992136615742,0.013678851393755631,-0.017413724625904653,0.8214249518659916,0.09154716211385505,12.13505432118099,2.076251674897751,1.8452772725952489,12.226601483294845,2.167798837011606,16.148130430787845
82,0.17977896363783588,-0.0042905502221566,0.1906602486873085,0.1949507989094651,0.010881285049472611,-0.015171835271629214,0.8093397513126915,0.09044026173157071,12.156122799119771,2.055077413864689,1.9199869510794088,12.246563060851342,2.14551767559626,16.22162742579544
83,0.18232388506125585,-0.004759743299556495,0.19059680891835679,0.1953565522179133,0.008272923857100933,-0.013032667156657435,0.8094031910816433,0.09132342684247341,12.20155966059934,2.062367585198171,1.9658259829796894,12.292883087441814,2.153691012040645,16.321076655619674
84,0.17523589587547372,-0.004430598501987417,0.1848665463650534,0.1892971448670408,0.009630650489579673,-0.014061248991567077,0.8151334536349466,0.09045273268714915,12.211569699448514,2.0769402131558845,1.8412229285775759,12.302022432135663,2.1673929458430337,16.220185573869124
85,0.17024759002761422,-0.0035417946147296288,0.18053131384048218,0.1840731084552118,0.010283723812867962,-0.013825518427597577,0.8194686861595178,0.0921914656561853,12.10976493956105,2.063129176843386,1.8659976096470032,12.201956405217235,2.1553206424995723,16.131083191707624
86,0.18571643042866848,-0.004752055620859417,0.2037330480136272,0.20848510363448663,0.018016617584958733,-0.022768673205818157,0.7962669519863728,0.0913877977033799,12.12015947710498,2.030077200834283,1.951096427419925,12.21154727480836,2.1214649985376623,16.19272090306257
87,0.17349701141158944,-0.003973782637683869,0.18116958436685449,0.18514336700453835,0.00767257295526505,-0.01164635559294891,0.8188304156331455,0.0906847275942706,12.314572773210323,2.057903426242035,1.7375392325522778,12.405257500804593,2.1485881538363047,16.200700159598906
88,0.17743453265999667,-0.0037416981994944443,0.18443859553719955,0.18818029373669398,0.007004062877202871,-0.010745761076697308,0.8155614044628005,0.09539893082775741,12.282724009559786,2.0561170540163616,1.8096005565058153,12.378122940387543,2.1515159848441185,16.24384055090972
89,0.2073904804590989,-0.003893393682850378,0.21403860680924358,0.21793200049209396,0.0066481263501446675,-0.01054152003299505,0.7859613931907564,0.08826850413669618,12.493158843155335,2.054493149658674,1.8690045145601974,12.581427347292031,2.1427616537953695,16.504925011510903
90,0.17569713417055424,-0.003989922967990528,0.1876238854564441,0.19161380842443462,0.011926751285889853,-0.01591667425388038,0.812376114543556,0.09048103946378916,12.297707492464657,2.0716945044642348,1.9235068389146708,12.388188531928446,2.162175543928024,16.38338987530735
91,0.16075937620767097,-0.004345766297780983,0.17566575295065376,0.18001151924843475,0.014906376742982785,-0.01925214304076378,0.8243342470493462,0.09326247428323953,12.314338344203229,2.0248898707641114,1.9806145274859563,12.407600818486468,2.1181523450473514,16.413105216736536
92,0.1606240578324816,-0.004214437237077706,0.1682154966161349,0.17242993385321262,0.007591438783653315,-0.011805876020731021,0.8317845033838651,0.09428598963687129,12.170635566124522,2.0589802467518084,1.6962286260150634,12.264921555761394,2.1532662363886796,16.020130428528265
93,0.17749938585189473,-0.004281182455889508,0.18897918913090617,0.19326037158679568,0.011479803279011436,-0.01576098573490095,0.8110208108690938,0.0914624428697195,11.93067153244025,2.0508965606075744,1.9084406466237684,12.02213397530997,2.1423590034772944,15.981471182541313
94,0.20685625545082897,-0.004248856043885307,0.217749951601071,0.2219988076449563,0.010893696150242022,-0.015142552194127329,0.782250048398929,0.09506048074555196,12.426334508796936,2.06860701233353,1.901676592725261,12.521394989542488,2.163667493079082,16.49167859460128
95,0.2005500993276632,-0.004145090729014856,0.21020354518670398,0.21434863591571884,0.009653445859040766,-0.013798536588055632,0.7897964548132961,0.08955225033705005,12.753137722698463,2.049051655219584,1.7976386122421317,12.842689973035514,2.1386039055566344,16.68938024049723
96,0.13522631536337826,-0.0045683087869264945,0.14773768499189807,0.15230599377882456,0.012511369628519814,-0.017079678415446303,0.8522623150081019,0.09124275374086288,12.194188006173768,2.044252406289358,1.8064673203729456,12.28543075991463,2.1354951600302217,16.136150486576934
97,0.1637098881157406,-0.004547548880183826,0.17463007962733698,0.1791776285075208,0.010920191511596372,-0.0154677403917802,0.825369920372663,0.0936755151440245,11.924487437396385,2.0816697163691273,1.7435518032573238,12.01816295254041,2.175345231513152,15.84338447216686
98,0.1733377316813098,-0.003926288794580736,0.18461083968446682,0.18853712847904755,0.011273108003157006,-0.015199396797737741,0.8153891603155332,0.09234314196512727,12.121937281634894,2.0897829023028525,1.8873381910542157,12.214280423600021,2.1821260442679793,16.19140151695709
99,0.1578812163249004,-0.004816865747741611,0.16814680918682484,0.17296367493456646,0.010265592861924439,-0.01508245860966606,0.8318531908131752,0.0925512016416441,12.176314031400434,2.0629866823169074,1.8363217919516792,12.268865233042078,2.1555378839585524,16.168173707310665
100,0.1725001989870369,-0.0037123264106924433,0.18271265051007907,0.1864249769207715,0.010212451523042176,-0.013924777933734617,0.8172873494899209,0.09399046800159994,12.134210225051941,2.073007222896555,1.847964318102017,12.228200693053541,2.1669976908981545,16.149172234052113
101,0.16479368551735732,-0.004656555382266471,0.1765560169618489,0.18121257234411536,0.01176233144449157,-0.016418886826758045,0.8234439830381511,0.09044303680959231,12.158461840998847,2.0428340859699308,1.8791872771698106,12.248904877808439,2.133277122779524,16.17092624094818
102,0.1946376650526532,-0.004348915690341304,0.2062137864727432,0.21056270216308448,0.011576121420089985,-0.015925037110431278,0.7937862135272569,0.09514235528436821,12.00907685082661,2.0656689495475415,1.8735900752673587,12.104219206110978,2.160811304831909,16.043478230925878
103,0.183097121889256,-0.004454966750109225,0.19718822725276028,0.2016431940028695,0.014091105363504275,-0.018546072113613504,0.8028117727472397,0.08841943435945332,12.307270192250265,2.050050362841862,1.9338718373496473,12.395689626609718,2.1384697972013154,16.379611826801227
104,0.16486367552576175,-0.0047717066626144534,0.17290099519439883,0.17767270185701328,0.008037319668637077,-0.012809026331251527,0.8270990048056012,0.09071529319941085,11.869273110413799,2.056705215711771,1.8796408551640145,11.95998840361321,2.1474205089111824,15.896334474488995
105,0.1716681460777068,-0.004215457289959726,0.18535314670778624,0.18956860399774597,0.013685000630079436,-0.017900457920039164,0.8146468532922138,0.09301360504177225,12.18205617973975,2.0328974289275976,1.8029457820088481,12.275069784781522,2.12591103396937,16.110912995717968
106,0.16557195340973005,-0.004226464766583737,0.17378201578351646,0.17800848055010018,0.008210062373786409,-0.012436527140370135,0.8262179842164835,0.09293010908702293,12.284446872393914,2.075584511541976,1.8744648364576424,12.377376981480937,2.168514620628999,16.327426329480556
107,0.17040694414085483,-0.004044695699114699,0.17673107158145704,0.18077576728057174,0.006324127440602206,-0.010368823139716904,0.8232689284185429,0.09391514930630329,12.370396434285794,2.098315430188892,1.8224606832872219,12.464311583592098,2.1922305794951953,16.38508769706821
108,0.15815975779480368,-0.004278427002160927,0.1657605028486854,0.17003892985084634,0.0076007450538817245,-0.011879172056042664,0.8342394971513146,0.09444243246717221,12.039050627354737,2.054006091953264,1.7508545080272153,12.133493059821909,2.1484485244204365,15.938353659802388
109,0.16117975658273995,-0.004063834951364896,0.17110337577223286,0.17516721072359775,0.009923619189492916,-0.013987454140857808,0.8288966242277671,0.09127163612333433,12.223699119860562,2.036258915140193,1.8438480481036397,12.314970755983897,2.1275305512635274,16.19507771922773
110,0.18570283858029307,-0.002605777508830822,0.19553491265719478,0.1981406901660256,0.009832074076901703,-0.012437851585732518,0.8044650873428052,0.09443768233691507,12.572647362994662,2.034294633532909,1.9250672444127073,12.667085045331577,2.128732315869823,16.626446923277193
111,0.17531361630451783,-0.004841463547570201,0.18229839364965217,0.18713985719722237,0.006984777345134335,-0.011826240892704537,0.8177016063503478,0.08733352877810319,12.198697063417358,2.040499222372624,1.8027505819113738,12.286030592195461,2.127832751150727,16.12928039647946
112,0.16918178095054254,-0.003234478619494921,0.1811971000235364,0.1844315786430313,0.012015319072993857,-0.01524979769248877,0.8188028999764636,0.09461743668082434,12.003006097538734,2.067037775738079,1.7718940347505399,12.097623534219558,2.1616552124189026,15.936555344708177
113,0.1781151605316339,-0.0040564044045870405,0.18987912360582976,0.1939355280104168,0.01176396307419586,-0.015820367478782904,0.8101208763941703,0.09135674952365314,12.217069940662887,2.026209036480166,1.8911029903076386,12.30842669018654,2.1175657860038197,16.225738716974345
114,0.17999601722949074,-0.004908451336829555,0.18669998188017384,0.19160843321700338,0.0067039646506830974,-0.011612415987512642,0.8133000181198262,0.09200419642308333,11.951477729747783,2.047717970094995,1.863048652706377,12.043481926170866,2.1397221665180783,15.954248548972238
115,0.17467163467420574,-0.004825496504699712,0.18583237316815396,0.19065786967285367,0.011160738493948219,-0.01598623499864793,0.8141676268318461,0.09777621308530016,12.442445175740794,2.094098348508618,1.9176490023404344,12.540221388826094,2.191874561593918,16.551968739675146
116,0.19057297926599126,-0.004216166445691112,0.1995520082392534,0.20376817468494451,0.008979028973262138,-0.013195195418953254,0.8004479917607465,0.09589815436251037,12.419936401840044,2.0535696542367514,1.7580940987923306,12.515834556202554,2.1494678085992627,16.327498309231636
117,0.17400945572686213,-0.003988626423549718,0.18948537424513912,0.19347400066868883,0.015475918518276982,-0.0194645449418267,0.8105146257548609,0.09236377498956472,11.952702066450712,2.068202848610248,1.8381605660056,12.045065841440277,2.1605666235998124,15.951429256056125
118,0.16308078383181862,-0.003988042949405872,0.172542824200121,0.17653086714952687,0.009462040368302366,-0.01345008331770825,0.827457175799879,0.08665484783465693,12.458636095389817,2.048761077121025,1.8626640173738362,12.545290943224474,2.1354159249556828,16.456716037719335
119,0.17407069637133687,-0.004088920900654772,0.18269063384548953,0.1867795547461443,0.008619937474152656,-0.012708858374807425,0.8173093661545104,0.09330078079503501,12.148278566176387,2.05873588753847,1.7879757959556493,12.241579346971422,2.152036668333505,16.08829103046554
120,0.16433065522293344,-0.004689435686753948,0.1745015568758613,0.17919099256261525,0.01017090165292786,-0.014860337339681812,0.8254984431241387,0.09250288059070755,11.992187559516061,2.0729812310537703,1.9190883841752786,12.084690440106769,2.1654841116444774,16.076760055335818
121,0.16525276832462202,-0.004663444253573788,0.17416438867691186,0.17882783293048565,0.008911620352289845,-0.013575064605863635,0.8258356113230881,0.09051849801217848,12.04406467174621,2.0463400353589414,1.888152665717337,12.134583169758388,2.136858533371119,16.069075870834666
122,0.18257136993199438,-0.0033635267209871826,0.1967556887011174,0.2001192154221046,0.014184318769123017,-0.01754784549011021,0.8032443112988826,0.09506896939673481,12.262891114151136,2.0377202832114527,1.8511527970002302,12.357960083547871,2.1327892526081875,16.246833163759554
123,0.19694280833376507,-0.004288388037763234,0.205149112310429,0.20943750034819225,0.008206303976663942,-0.012494692014427183,0.794850887689571,0.0933647788502725,12.032376235198814,2.0507334633198404,1.8462136635731135,12.125741014049087,2.144098242170114,16.02268814094204
124,0.1592850666177137,-0.004151365454366038,0.1718099194065106,0.17596128486087664,0.01252485278879692,-0.016676218243162955,0.8281900805934894,0.09116518089574477,11.954159808229717,2.0668020837812033,1.9793019268372536,12.045324989125461,2.157967264676948,16.09142899974392
125,0.16821574944319967,-0.004476696264383931,0.17561624298459005,0.180092939248974,0.007400493541390385,-0.011877189805774319,0.82438375701541,0.089792887546988,11.762595675930907,2.064653985141703,1.9153817547198742,11.852388563477895,2.154446872688692,15.832424303339472
126,0.1741304595834982,-0.004525579628144844,0.18461190907934044,0.18913748870748529,0.010481449495842232,-0.015007029123987076,0.8153880909206596,0.08690975666887013,12.27343867749055,2.061037759046016,1.8027187313522184,12.36034843415942,2.1479475157148853,16.224104924557654
127,0.17614813993075162,-0.0050157410523672865,0.1885380022702993,0.1935537433226666,0.01238986233954767,-0.017405603391914964,0.8114619977297007,0.09067010881837057,12.555678521487012,2.029093222600709,1.842121801905007,12.646348630305383,2.1197633314190796,16.5175636548111
128,0.17957090930782732,-0.004003675411846304,0.1921143091189587,0.19611798453080498,0.012543399811131367,-0.01654707522297766,0.8078856908810413,0.0938706062121959,12.01175459905603,2.065254683984776,1.9240948013290051,12.105625205268225,2.159125290196971,16.094974690582006
129,0.16345691709991975,-0.0039159796281551884,0.17106624843427776,0.17498222806243294,0.0076093313343580105,-0.011525310962513191,0.8289337515657222,0.09533746208567528,12.335732930743319,2.03062052787765,1.835936622320144,12.431070392828994,2.125957989963325,16.29762754302679
130,0.19690096181141586,-0.003778262748700687,0.21210697419883057,0.21588523694753126,0.015206012387414702,-0.01898427513611539,0.7878930258011694,0.09340044861751373,12.356929486950218,2.036277901073401,1.865140618190745,12.450329935567732,2.1296783496909146,16.351748454831878
131,0.16233864915474885,-0.004273278277717759,0.176913848375071,0.18118712665278874,0.014575199220322133,-0.01884847749803989,0.823086151624929,0.09187564626234845,11.862606251097983,2.0606804152156535,1.969254423426234,11.954481897360331,2.152556061478001,15.984416736002219
132,0.16153290910783363,-0.004462202063932272,0.17349494676757604,0.17795714883150832,0.011962037659742408,-0.016424239723674683,0.826505053232424,0.09120360137588612,12.18968926873449,2.0338388286049796,1.9374638507371742,12.280892870110376,2.1250424299808657,16.25219554945253
133,0.1533366942898908,-0.004173770456538774,0.16581578641050226,0.16998955686704104,0.012479092120611462,-0.016652862577150235,0.8341842135894977,0.0934297073725876,12.203713903942168,2.085207593559325,1.8590534224973894,12.297143611314755,2.1786373009319124,16.24140462737147
134,0.17748048354216336,-0.004334001448697677,0.19302342398934455,0.19735742543804222,0.015542940447181186,-0.019876941895878852,0.8069765760106554,0.09308834020373702,12.315260041029164,2.0803090288883883,1.9267002050895545,12.408348381232901,2.1733973690921258,16.415357615210844
135,0.15458392824391792,-0.002651225466739981,0.17500074486374728,0.17765197033048727,0.02041681661982936,-0.023068042086569346,0.8249992551362527,0.09233243713590689,11.879812548941244,2.0371526645057116,2.008335195584113,11.97214498607715,2.129485101641618,16.017632846166975
136,0.1840492985153776,-0.004423089839277907,0.19323482416622412,0.19765791400550203,0.009185525650846516,-0.013608615490124432,0.8067651758337759,0.09090680455274658,12.499912407483787,2.0453991592154175,1.830908907770878,12.590819212036534,2.1363059637681645,16.46712727902283
137,0.17927762414535353,-0.003963104414534703,0.18629582963961136,0.19025893405414607,0.007018205494257829,-0.010981309908792536,0.8137041703603887,0.09239467924628642,12.34940711665573,2.0569165765092876,1.8405203109161192,12.441801795902016,2.1493112557555745,16.339238683327423
138,0.13643060075034016,-0.004435512462691397,0.14411789352445142,0.1485534059871428,0.0076872927741112596,-0.012122805236802647,0.8558821064755486,0.09211391685883186,11.915695134053419,2.0595243768882945,1.838129883678807,12.00780905091225,2.1516382937471263,15.905463311479352
139,0.18220694163802115,-0.0042455506742123,0.19215944815373615,0.19640499882794846,0.009952506515714998,-0.01419805718992731,0.8078405518462639,0.09113267798383085,11.938069500280049,2.032577208808954,1.8502665615221972,12.02920217826388,2.1237098867927853,15.912045948595031
140,0.1801858206045781,-0.004053309673794272,0.19005575124555177,0.19410906091934604,0.009869930640973662,-0.013923240314767937,0.8099442487544483,0.0916489721100362,12.20308965206355,2.037097561263776,1.8063956830796055,12.294738624173586,2.1287465333738114,16.138231868516968
141,0.1642097930395032,-0.005395529163318088,0.17105849482117605,0.17645402398449414,0.00684870178167285,-0.012244230944990941,0.8289415051788239,0.09104451599928076,11.984773239549684,2.0320775495366075,1.8939267989714157,12.075817755548965,2.123122065535888,16.001822104056988
142,0.1725732357558108,-0.00409175453265994,0.18191033669312315,0.1860020912257831,0.009337100937312354,-0.0134288554699723,0.8180896633068768,0.0949018106739441,12.445552930967786,2.060396699945361,1.8009203939428726,12.54045474164173,2.1552985106193043,16.401771835529964
143,0.1764646442776004,-0.004613558934241405,0.19038144454195688,0.19499500347619828,0.013916800264356488,-0.018530359198597884,0.8096185554580431,0.09142864886588775,12.241729020584149,2.04116914278217,1.9164556145954013,12.333157669450037,2.1325977916480587,16.290782426827608
144,0.18242645774133204,-0.0040295668393336495,0.1915138925528895,0.19554345939222315,0.009087434811557465,-0.013117001650891108,0.8084861074471105,0.0934159119131408,12.286417094228968,2.0663782799816595,1.849887756842696,12.379833006142109,2.1597941918948007,16.296099042966464
145,0.16522071904366803,-0.004714186205949955,0.18116907629132128,0.18588326249727125,0.015948357247653255,-0.020662543453603216,0.8188309237086787,0.08540608441997044,12.085316344972894,2.0574879383284834,1.912700794698699,12.170722429392864,2.1428940227484534,16.140911162420046
146,0.1798954474258893,-0.004632382375525191,0.1927027522795751,0.19733513465510027,0.01280730485368578,-0.017439687229210965,0.8072972477204249,0.09058735976506682,12.454402086159117,2.0515371762475567,1.873350303803253,12.544989445924184,2.1421245360126226,16.469876925974994
147,0.1851438477153972,-0.004617168932565509,0.19416088874746235,0.19877805768002785,0.00901704103206516,-0.013634209964630661,0.8058391112525376,0.09386628225726668,12.03691025369188,2.085165483710531,1.843721915780165,12.130776535949147,2.1790317659677982,16.059663935439843
148,0.19115003191674562,-0.004148666265036475,0.20131314144035045,0.20546180770538694,0.01016310952360483,-0.014311775788641318,0.7986868585596496,0.09111582936334806,12.430827862767416,2.0559976031881835,1.8988472689926361,12.521943692130764,2.147113432551532,16.476788564311583
149,0.15314697203284386,-0.004141063421780707,0.16497371121634083,0.16911477463812152,0.01182673918349697,-0.015967802605277664,0.8350262887836591,0.09741703052448791,12.205080008003181,2.0729763286998892,1.939221413443148,12.302497038527669,2.1703933592243776,16.314694780670706
150,0.13834193574086656,-0.004516760863474618,0.14751567467731289,0.1520324355407875,0.009173738936446324,-0.01369049979992093,0.8524843253226871,0.08708420531693584,11.853576356313521,2.0440182480714117,1.8600226799954154,11.940660561630457,2.1311024533883485,15.844701489697284
151,0.17840390744782642,-0.0036720403809019212,0.18586127719268317,0.18953331757358508,0.007457369744856751,-0.01112941012575866,0.8141387228073168,0.09997217593680574,12.445552943301735,2.0532383009635424,1.7698138422857994,12.54552511923854,2.153210476900348,16.368577262487882
152,0.17846040314722839,-0.0052235352475977674,0.18650009081585292,0.1917236260634507,0.008039687668624534,-0.013263222916222311,0.813499909184147,0.0923787825071063,12.149734430950337,2.0475474013548123,1.8502105792566788,12.242113213457444,2.139926183861918,16.139871194068935
153,0.16651033965712525,-0.005078373551694572,0.17667186222028775,0.18175023577198232,0.010161522563162495,-0.015239896114857071,0.8233281377797123,0.0935306452764042,12.052121497217545,2.0565336399816214,1.8379939577694415,12.14565214249395,2.1500642852580265,16.040179740245012
154,0.17415930818305964,-0.005228497940224885,0.18444883452604155,0.18967733246626645,0.010289526342981914,-0.01551802428320681,0.8155511654739585,0.09049929974396242,12.176956342002383,2.065753429567824,1.8732297790417896,12.267455641746345,2.156252729311786,16.20643885035596
155,0.17064189781953892,-0.0024352675211515348,0.17884468799903516,0.1812799555201867,0.008202790179496239,-0.010638057700647768,0.8211553120009648,0.09203785300258538,12.460336691668052,2.0750515486476395,1.7920198576307413,12.552374544670638,2.167089401650225,16.41944595094902
156,0.16123280488516592,-0.0032346311309006063,0.17454470030824293,0.17777933143914354,0.013311895423077008,-0.01654652655397762,0.825455299691757,0.09419991442001319,12.141584478543965,2.040081732625472,1.8546750033928898,12.235784392963978,2.1342816470454844,16.13054112898234
157,0.1820115268146384,-0.004637246844965071,0.19371707576674235,0.19835432261170743,0.011705548952103961,-0.016342795797069043,0.8062829242332576,0.09148979745210362,11.915277470264208,2.081900554133547,1.8889187374697727,12.006767267716311,2.17339035158565,15.977586559319631
158,0.16576478341328355,-0.00505650609059749,0.17541524842419656,0.18047175451479405,0.009650465010913017,-0.014706971101510508,0.8245847515758035,0.09156550182130552,12.596012397676178,2.0687105308824343,1.8969225838890402,12.687577899497484,2.1602760327037394,16.653211014268958
159,0.1716627430436186,-0.005205634558066584,0.17829895790207692,0.1835045924601435,0.006636214858458334,-0.011841849416524913,0.821701042097923,0.09758139598321947,12.334840295474084,2.0544659553943703,1.8861640007266196,12.432421691457304,2.152047351377589,16.373051647578293
160,0.15942697194575609,-0.004211852702282248,0.17143209190921427,0.17564394461149652,0.012005119963458183,-0.01621697266574043,0.8285679080907857,0.08799044397587075,12.141041511256201,2.0274936660600957,1.768410290766946,12.229031955232072,2.115484110035967,16.024935912059114
161,0.1972949594934713,-0.004556277586240662,0.20803470573308572,0.21259098331932638,0.010739746239614406,-0.01529602382585507,0.7919652942669143,0.09480585315304779,12.53154420329199,2.0485524303390363,2.0190974322698843,12.626350056445037,2.1433582834920832,16.693999919053958
162,0.17794600512707046,-0.0036132406315459104,0.1876459538265355,0.19125919445808143,0.009699948699465055,-0.013313189331010972,0.8123540461734645,0.09761494548708427,12.158348682997424,2.0968271403912357,1.8631297600486487,12.255963628484508,2.1944420858783196,16.215920528924393
163,0.1804395085904217,-0.004295957907671492,0.1928044798431115,0.19710043775078298,0.012364971252689788,-0.01666092916036127,0.8071955201568886,0.09361594220828984,12.13111817264888,2.052384088348271,1.927242418474366,12.22473411485717,2.1460000305565607,16.204360621679808
164,0.16343474238059974,-0.00456734241918768,0.1731945383096362,0.17776188072882387,0.009759795929036447,-0.014327138348224133,0.8268054616903638,0.09141229319276434,12.266141407360664,2.0503978338177884,1.7962274760452654,12.357553700553428,2.141810127010553,16.204179010416482
165,0.19970284747091643,-0.0027428491999389277,0.20738890224282266,0.21013175144276158,0.007686054771906231,-0.01042890397184515,0.7926110977571773,0.09199158422806875,12.466986156631968,2.0379544231708433,1.834298088968671,12.558977740860037,2.129946007398912,16.43123025299955
166,0.17031351542213807,-0.005091677540161355,0.1783733058376709,0.18346498337783224,0.008059790415532814,-0.013151467955694163,0.8216266941623291,0.09640787374910964,12.117218322664472,2.0901223969518767,1.7266241747365356,12.213626196413582,2.186530270700987,16.030372768101994
167,0.16485826031197526,-0.00401458474644623,0.17395357688510607,0.1779681616315523,0.009095316573130813,-0.013109901319577039,0.826046423114894,0.09345215381813432,12.185695335552872,2.0791828978674936,1.8823784209763552,12.279147489371006,2.172635051685627,16.240708808214855
168,0.1574370141133384,-0.004385835980244462,0.1643059791084882,0.16869181508873268,0.006868964995149801,-0.011254800975394275,0.8356940208915118,0.0919895010419367,12.242488504263058,2.0625382536104127,1.7858985064332344,12.334478005304994,2.1545277546523485,16.18291476534864
169,0.17947712073206587,-0.004165693913142312,0.19308008368911078,0.1972457776022531,0.013602962957044912,-0.01776865687018722,0.8069199163108892,0.09220730088473417,12.350027703441434,2.067783117320799,1.7911667496385153,12.442235004326168,2.159990418205532,16.301184871285482
170,0.1856537472340621,-0.004352736301746197,0.19604580424183762,0.20039854054358383,0.010392057007775513,-0.01474479330952172,0.8039541957581624,0.08779165723288074,12.164135634568394,2.0474664531375186,1.9454790781377547,12.251927291801275,2.1352581103704,16.24487282307655
171,0.1607826733477405,-0.003281816335876933,0.17273081658676123,0.17601263292263816,0.011948143239020742,-0.015229959574897672,0.8272691834132387,0.08885043732608189,12.265019422787988,2.0768246824600887,1.9201414886922663,12.35386986011407,2.1656751197861706,16.350836031266425
172,0.17071584780451635,-0.004096822500292948,0.17545757587512964,0.17955439837542259,0.004741728070613294,-0.00883855057090624,0.8245424241248703,0.09435636411878967,12.207728285179982,2.0511162796322076,1.8407018841198397,12.302084649298772,2.145472643750997,16.19390281305082
173,0.1836284007336836,-0.003995615970727738,0.20022315519788436,0.2042187711686121,0.01659475446420075,-0.02059037043492848,0.7997768448021156,0.09167508520744327,12.35273110712307,2.0360808601989024,1.893737029199567,12.444406192330513,2.127755945406345,16.374224081728983
174,0.16536755966094274,-0.0049112437302486645,0.17489011880960706,0.17980136253985574,0.009522559148664317,-0.014433802878912994,0.825109881190393,0.09379963631621635,12.134490106194848,2.0573679117211014,1.8432074181476938,12.228289742511064,2.1511675480373174,16.12886507237986
175,0.1631300127688369,-0.004454080457283547,0.1695039897364881,0.17395807019377163,0.006373976967651185,-0.010828057424934728,0.8304960102635119,0.0946524174176524,12.707600729133862,2.042306679846142,1.8319483103457372,12.802253146551514,2.1369590972637944,16.676508136743394
176,0.16097606225046057,-0.004099031655906183,0.1677457300426817,0.1718447616985879,0.006769667792221129,-0.010868699448127322,0.8322542699573183,0.09463362531557529,11.888023485760625,2.059264016539636,1.7757241368428698,11.9826571110762,2.153897641855212,15.817645264458706
177,0.1669733297835643,-0.0033208957024263496,0.17394850905850862,0.17726940476093497,0.006975179274944315,-0.010296074977370673,0.8260514909414913,0.0907076474542059,12.391684649511006,2.050944253315608,1.8755445369584915,12.482392296965212,2.1416519007698134,16.408881087239312
178,0.1801320967457271,-0.004057924727433486,0.19494456160146215,0.19900248632889564,0.014812464855735036,-0.01887038958316853,0.8050554383985379,0.0989479882340838,12.361536158251212,2.0850078461304165,1.7439856449239457,12.460484146485296,2.1839558343644994,16.289477637539658
179,0.19155050553389735,-0.004652115701134345,0.20296654011614287,0.20761865581727723,0.011416034582245521,-0.01606815028337988,0.7970334598838571,0.0919738192637336,12.321857476861274,2.067624954671107,1.8828238012153946,12.413831296125007,2.1595987739348406,16.36428005201151
180,0.20026374743099956,-0.003931518990286824,0.21058225522957538,0.2145137742198622,0.010318507798575821,-0.01425002678886264,0.7894177447704246,0.09500319569661286,12.208054087752636,2.058480854550977,1.8436419617021347,12.303057283449249,2.1534840502475903,16.20518009970236
181,0.1700371185743258,-0.00455414464297287,0.18183167054997834,0.18638581519295122,0.011794551975652545,-0.016348696618625425,0.8181683294500217,0.08976102561668142,11.985383231634591,2.0395523806068425,1.8747278419391051,12.075144257251273,2.129313406223524,15.98942447979722
182,0.1793283877609985,-0.003063730578929517,0.18859115081115502,0.19165488139008455,0.009262763050156525,-0.012326493629086055,0.8114088491888449,0.0925241093840814,12.53195588621624,2.086072307316485,1.8039377616651393,12.624479995600321,2.1785964167005663,16.514490064581945
183,0.16530171008472838,-0.004881987599278922,0.17361182022279456,0.17849380782207347,0.008310110138066179,-0.013192097737345088,0.8263881797772055,0.09282836422644714,12.602479357304002,2.086980232625434,1.7853804954979715,12.69530772153045,2.1798085968518808,16.567668449653855
184,0.1790398806258023,-0.005294660807851723,0.18861739053565618,0.19391205134350792,0.00957750990985387,-0.01487217071770558,0.8113826094643438,0.09408045831828993,12.139645585142459,2.0388954793507637,1.9057402312291671,12.233726043460749,2.132975937669053,16.17836175404068
185,0.15866001904531787,-0.0035510508746998287,0.1741700014277431,0.17772105230244295,0.015509982382425236,-0.019061033257125076,0.8258299985722569,0.09531939382015331,12.29761896105263,2.0644631685193104,1.877338527623369,12.392938354872783,2.159782562339464,16.334740051015462
186,0.17312060069460156,-0.00314022585414067,0.1797438268330852,0.18288405268722588,0.006623226138483651,-0.009763451992624322,0.8202561731669148,0.09378406239494375,12.27242042739241,2.0780096269719515,1.8660750988184596,12.366204489787354,2.1717936893668948,16.310289215577765
187,0.14841357010517328,-0.003541727397572534,0.161313416887892,0.16485514428546452,0.012899846782718716,-0.01644157418029124,0.838686583112108,0.09120766593090934,12.153372408836038,2.0499513679678447,1.8677768549283993,12.244580074766947,2.141159033898754,16.16230829766319
188,0.17102039666645422,-0.0045171004202228925,0.18196302361952663,0.1864801240397495,0.01094262695307241,-0.01545972737329529,0.8180369763804733,0.09223999698341245,12.408712998297943,2.043049406331095,1.927296301611916,12.500952995281356,2.1352894033145073,16.471298703224367
189,0.17120316912442143,-0.0035902671036053273,0.18117155284514247,0.1847618199487478,0.009968383720721036,-0.013558650824326363,0.8188284471548575,0.09398246332581017,12.054263545142916,2.0369117926483593,1.7314267976247546,12.148246008468726,2.1308942559741695,15.91658459874184
190,0.17047064506189483,-0.003916328122607311,0.1786076661631244,0.1825239942857317,0.008137021101229575,-0.012053349223836884,0.8213923338368756,0.09182572915521625,12.134444804864602,2.055170012778584,1.8821140190975125,12.226270534019818,2.1469957419338006,16.163554565895915
191,0.17768681795451824,-0.0028811104756210773,0.19268343054974887,0.19556454102536996,0.014996612595230635,-0.017877723070851725,0.8073165694502511,0.09304960777415339,12.35450523355135,2.0423869610582326,1.90300508304518,12.447554841325504,2.135436568832386,16.392946885428916
192,0.1974661571771539,-0.0041650682003618366,0.20691407744325646,0.2110791456436183,0.009447920266102555,-0.013612988466464387,0.7930859225567435,0.08872989425476696,12.263855271701969,2.0359875072685707,1.9207001092109355,12.352585165956736,2.1247174015233377,16.309272782436242
193,0.1798922855624175,-0.003740744948144372,0.1911189766631093,0.19485972161125367,0.011226691100691827,-0.014967436048836186,0.8088810233368907,0.09405025104252829,12.51176613453825,2.058712447326977,1.8589042614733984,12.605816385580779,2.1527626983695054,16.523433094381154
194,0.17301398332066514,-0.0036375314126304292,0.1826602677694387,0.18629779918206912,0.009646284448773551,-0.01328381586140398,0.8173397322305613,0.09129178377861358,12.017792870444106,2.062207990831311,1.7635085083070994,12.10908465422272,2.1534997746099243,15.93480115336113
195,0.18499598030791845,-0.0044580610948400925,0.19781708759244326,0.20227514868728336,0.012821107284524819,-0.017279168379364912,0.8021829124075568,0.08827642943522207,12.168387910145302,2.080462668226561,1.8577850549085522,12.256664339580524,2.168739097661783,16.194912062715638
196,0.1724530624935689,-0.0043779320817073685,0.18555442706237596,0.18993235914408332,0.013101364568807061,-0.017479296650514425,0.8144455729376241,0.08716843992207401,11.919921499242513,2.0495405191747658,1.9710263867567512,12.007089939164587,2.136708959096839,16.027656845096104
197,0.15681829095935332,-0.004696053291680839,0.17006378586730517,0.17475983915898602,0.01324549490795185,-0.0179415481996327,0.8299362141326948,0.0852169896818431,12.102505859287156,2.034009485805969,1.8247358726470093,12.187722848968999,2.1192264754878116,16.046468207421977
198,0.16964572763821162,-0.004146911473821966,0.18503802003428882,0.18918493150811078,0.0153922923960772,-0.019539203869899158,0.8149619799657112,0.09130914480070729,12.164874202764587,2.0385308407679297,1.8410811061311705,12.256183347565294,2.129839985568637,16.135795294464394
199,0.17888884246307882,-0.00422569273111887,0.19270568745680478,0.19693138018792364,0.013816844993725957,-0.01804253772484482,0.8072943125431953,0.09968060762852815,12.470062502462802,2.0548408777223095,1.9325585891361499,12.56974311009133,2.1545214853508368,16.55714257694979
200,0.1831571879587227,-0.003526686949615471,0.19053586518841578,0.19406255213803125,0.00737867722969307,-0.010905364179308541,0.8094641348115842,0.09214639136406078,12.281762943089818,2.03035705393032,1.9303280848071456,12.373909334453879,2.1225034452943814,16.334594473191345
201,0.158749062618069,-0.0034694665470522295,0.1702764650404841,0.17374593158753635,0.011527402422415095,-0.014996868969467336,0.8297235349595159,0.09494803164707832,11.927942271602145,2.0751157100888005,1.8769364670479316,12.022890303249223,2.1700637417358792,15.974942480385955
202,0.18556104840342225,-0.0042024937923505,0.19747442937943818,0.20167692317178867,0.011913380976015936,-0.01611587476836643,0.8025255706205618,0.09148850719948598,12.394946442608898,2.030301590724502,1.7554145575540439,12.486434949808384,2.121790097923987,16.27215109808693
203,0.16604120889697827,-0.004478788567400539,0.178710944110937,0.18318973267833752,0.012669735213958727,-0.017148523781359254,0.821289055889063,0.09683900810125934,12.423891600319154,2.056578016358907,1.8332090114481794,12.520730608420413,2.153417024460166,16.4105176362275
204,0.19085517558661808,-0.002874123922329997,0.19985189007257126,0.20272601399490126,0.008996714485953183,-0.01187083840828318,0.8001481099274288,0.09071506696106368,12.350537410337317,2.0399750742302896,1.8193055185305926,12.44125247729838,2.130690141191354,16.300533070059263
205,0.17628110233336555,-0.0039098182718978036,0.18603347131387177,0.18994328958576956,0.009752368980506215,-0.013662187252404007,0.8139665286861282,0.09059674327208356,12.069728159935064,2.0554443193945566,1.998311740861638,12.160324903207147,2.1460410626666397,16.214080963463342
206,0.1694137412862891,-0.00439675368150328,0.18554172376371514,0.1899384774452184,0.01612798247742603,-0.020524736158929302,0.8144582762362849,0.09272539353241172,12.26247548077572,2.0637155064552015,1.8704939243106704,12.355200874308132,2.156440899987614,16.289410305074004
207,0.17813770147401475,-0.00418070127612172,0.18869041655258356,0.19287111782870528,0.010552715078568808,-0.014733416354690526,0.8113095834474164,0.0925394438489171,12.464769388891927,2.0535836953615902,1.867234734989216,12.557308832740844,2.146123139210507,16.47812726309165
208,0.1794583618928244,-0.0038106453254579046,0.188903272417193,0.19271391774265093,0.009444910524368605,-0.013255555849826517,0.8110967275828069,0.0897988920479662,12.223389488671502,2.0734408170553067,1.7873749276417197,12.313188380719469,2.1632397091032733,16.174004125416495
209,0.17814328556848158,-0.004960060700044704,0.18853141617964556,0.19349147687969026,0.010388130611163976,-0.015348191311208681,0.8114685838203545,0.09342225969107432,12.161435354230836,2.0278075061644394,1.8528658541166187,12.25485761392191,2.121229765855513,16.13553097420297
210,0.16926983454110275,-0.004498224341016253,0.1823116856129786,0.18680990995399488,0.01304185107187586,-0.017540075412892125,0.8176883143870214,0.09131808181862944,12.082898255526498,2.0537207034955287,2.0122750964452347,12.174216337345127,2.1450387853141577,16.24021213728589
211,0.16680693117462053,-0.004423468276950253,0.17766486070279916,0.18208832897974941,0.010857929528178628,-0.015281397805128882,0.8223351392972008,0.090061305718514,12.202494479332227,2.045341918084336,1.9046809163752805,12.292555785050741,2.1354032238028497,16.242578619510358
212,0.16739405681389133,-0.004643037946867486,0.18028502077385608,0.18492805872072357,0.012890963959964752,-0.01753400190683224,0.8197149792261439,0.09018184282765063,12.325477708090641,2.068749414053304,1.7439614005683843,12.415659550918292,2.1589312568809547,16.22837036553998
213,0.2051788092520222,-0.0036397237062401316,0.22149713761406564,0.22513686132030578,0.016318328362043444,-0.019958052068283577,0.7785028623859344,0.09078495906773298,12.459106586853935,2.0549083374492607,1.8972772426115174,12.549891545921668,2.1456932965169933,16.502077125982446
214,0.156264486090281,-0.005376709059411738,0.1639844551915925,0.16936116425100423,0.00771996910131148,-0.013096678160723213,0.8360155448084075,0.0923065105254075,12.490351970725918,2.045549871506058,1.8553471588733146,12.582658481251325,2.1378563820314658,16.483555511630698
215,0.1574425249260207,-0.002433904145109036,0.169237445994517,0.17167135013962603,0.011794921068496306,-0.014228825213605328,0.830762554005483,0.09144009522397312,11.863796927728872,2.054395474509322,1.8719730498761145,11.955237022952845,2.1458355697332956,15.881605547338282
216,0.1617155065271611,-0.005210460001853834,0.1685890861205666,0.17379954612242043,0.00687357959340551,-0.012084039595259333,0.8314109138794334,0.09221261977326733,11.954176471346354,2.0514885868373405,1.9057254997100657,12.046389091119622,2.143701206610607,16.003603177667028
217,0.18916855024304446,-0.004518007970809072,0.1954712977245931,0.19998930569540216,0.006302747481548632,-0.010820755452357694,0.8045287022754068,0.09157772202344105,12.447093593105127,2.046890496265318,1.8329931052417994,12.538671315128568,2.138468218288759,16.418554916635685
218,0.15823501437456786,-0.004605838073827759,0.16675888526904883,0.17136472334287658,0.008523870894480978,-0.013129708968308729,0.8332411147309512,0.08728587904511009,12.192954680697849,2.081170442579582,1.9433111200156574,12.280240559742959,2.168456321624693,16.304722122338198
219,0.17657506582470886,-0.003699762806494244,0.18782765633227783,0.19152741913877208,0.011252590507568966,-0.014952353314063221,0.8121723436677222,0.09103455216153655,12.16049191070727,2.071730630034857,1.8229245599045392,12.251526462868807,2.162765182196394,16.146181652808203
220,0.17328299674245123,-0.003994351017843958,0.18490773072054417,0.18890208173838813,0.011624733978092938,-0.015619084995936894,0.8150922692794558,0.09006531424812891,12.333111374822513,2.0326417915362356,1.844199335783065,12.423176689070642,2.122707105784364,16.300017816389943
221,0.17421890108493357,-0.0031270244427487326,0.18488308590825703,0.18801011035100576,0.010664184823323458,-0.01379120926607219,0.8151169140917429,0.0954376980412377,12.401750836320064,2.059285559427762,1.999025072109685,12.497188534361301,2.154723257468999,16.55549916589875
222,0.17343186315608428,-0.004794777459720729,0.18294977891029543,0.18774455637001616,0.009517915754211154,-0.014312693213931887,0.8170502210897046,0.09468848658677054,12.440830558447145,2.0545403143619243,1.8340489599897136,12.535519045033915,2.1492288009486953,16.424108319385553
223,0.15184384484618696,-0.0037239300818785784,0.16183141228749895,0.16555534236937752,0.00998756744131199,-0.013711497523190563,0.838168587712501,0.08854676641351311,12.139671389628749,2.0457045653797117,1.9055140595831208,12.228218156042262,2.134251331793225,16.179436781005094
224,0.18430086293228,-0.003845350833243277,0.19390858015753362,0.1977539309907769,0.00960771722525361,-0.013453068058496886,0.8060914198424664,0.09204149871472644,12.175426402783373,2.075882019830038,1.9609677086751773,12.2674679014981,2.1679235185447654,16.304317630003315
225,0.18287785977140064,-0.0036229733099063686,0.19280095585230064,0.19642392916220702,0.009923096080900001,-0.013546069390806381,0.8071990441476994,0.0883972729017426,12.021121073315584,2.0440523345492903,1.7999562345122548,12.109518346217326,2.1324496074510337,15.953526915278871
226,0.19509461935906958,-0.003551581581460072,0.20646321013043403,0.2100147917118941,0.011368590771364456,-0.014920172352824529,0.793536789869566,0.09705036252298171,12.85236271791612,2.0745976298267195,1.943084812124523,12.949413080439102,2.1716479923497007,16.967095522390345
227,0.17217334288974392,-0.004145174266758426,0.18034491053935023,0.18449008480610865,0.008171567649606304,-0.012316741916364726,0.8196550894606498,0.09297441446654808,12.112039909982478,2.089164992505099,1.8541152903131355,12.205014324449026,2.1821394069716464,16.14829460726726
228,0.17291777545751422,-0.004535562348968546,0.1809516126661642,0.18548717501513273,0.008033837208649974,-0.012569399557618516,0.8190483873338358,0.09036958684353635,11.857430548364245,2.0680800115168108,1.9115853132942018,11.947800135207782,2.158449598360348,15.927465460018794
229,0.179511130886387,-0.004228472977505571,0.19037454067952236,0.19460301365702792,0.010863409793135353,-0.015091882770640913,0.8096254593204777,0.09325334313886913,12.331513222192743,2.0634816293581846,1.937707632372648,12.424766565331613,2.156734972497053,16.425955827062445
230,0.16278932293442963,-0.003189624981690326,0.1730775249937521,0.1762671499754424,0.01028820205932246,-0.013477827041012774,0.8269224750062479,0.0888887157512741,12.458914940384705,2.034469106266492,1.8228972959317922,12.54780365613598,2.123357822017767,16.405170058334264
231,0.18664781998783928,-0.004279984397230102,0.19829335031624812,0.20257333471347821,0.011645530328408843,-0.01592551472563894,0.8017066496837519,0.09126990167775162,12.314169493833905,2.0466193398455985,1.8740879442159937,12.405439395511657,2.1378892415233492,16.32614667957325
232,0.16791826073774674,-0.003465065582457445,0.17712596615372586,0.1805910317361833,0.009207705415979123,-0.012672770998436556,0.8228740338462741,0.09209064393430211,12.430430640077663,2.0558750252868396,1.8532054560355053,12.522521284011965,2.147965669221141,16.43160176533431
233,0.18224727562698176,-0.0040607624484631615,0.19033307285629925,0.1943938353047624,0.008085797229317487,-0.012146559677780638,0.8096669271437007,0.09554880135100419,12.521052357177403,2.0649230224098982,1.8649835135725485,12.616601158528407,2.1604718237609024,16.546507694510854
234,0.1635792414201518,-0.004480388462822516,0.17781073378312467,0.18229112224594718,0.014231492362972886,-0.01871188082579539,0.8221892662168753,0.08929037701235032,12.12328806977896,2.048675663053956,1.7884357488104765,12.21257844679131,2.1379660400663067,16.049689858655743
235,0.15175252317779914,-0.004378020352666642,0.16092181479252596,0.1652998351451926,0.009169291614726821,-0.013547311967393477,0.839078185207474,0.087864766345497,11.933342126971269,2.0324413565617157,1.789283653811383,12.021206893316766,2.1203061229072135,15.842931903689864
236,0.1561057324994374,-0.0049057569311791935,0.16514965671137205,0.17005541364255125,0.009043924211934645,-0.013949681143113846,0.834850343288628,0.0904688741473727,12.03953845220029,2.079735651538133,1.8234924219345956,12.130007326347663,2.170204525685506,16.03323539982039
237,0.18014059939141716,-0.003023854719983106,0.1931541373001807,0.19617799202016378,0.013013537908763528,-0.016037392628746622,0.8068458626998193,0.09583257023934522,12.4401817520013,2.0365874626958878,1.893404686861098,12.536014322240645,2.132420032935233,16.46600647179763
238,0.16513989668545087,-0.0052441787914189394,0.17178552025285934,0.1770296990442783,0.006645623567408471,-0.011889802358827417,0.8282144797471407,0.0901381464543416,11.95754011650706,2.04011261680726,1.7079755000150723,12.047678262961401,2.1302507632616017,15.795766379783734
239,0.16802967890116896,-0.004907681035451561,0.1815829581436032,0.18649063917905476,0.01355327924243424,-0.018460960277885796,0.8184170418563967,0.09303191109612996,12.098280294255378,2.0746391891239515,1.9457496737579678,12.191312205351508,2.1676711002200806,16.211701068233427
240,0.16872913466847775,-0.0037313311454928717,0.1789231785914446,0.18265450973693748,0.010194043922966856,-0.013925375068459728,0.8210768214085554,0.0886930302287805,12.212129492857068,2.047398488731327,1.831598105356795,12.300822523085849,2.1360915189601077,16.17981911717397
241,0.15532088148342418,-0.004926852555325534,0.17297590333809368,0.17790275589341922,0.017655021854669495,-0.02258187440999504,0.8270240966619063,0.08830689431904837,11.804797311140554,2.0769998643855363,1.9137549334984723,11.893104205459602,2.1653067587045856,15.883859003343611
242,0.1794806382697545,-0.005061109580333059,0.1913568213687047,0.19641793094903776,0.011876183098950194,-0.01693729267928326,0.8086431786312953,0.08707147585724151,12.051515647665523,2.0290624118522587,1.946802091432911,12.138587123522765,2.1161338877095006,16.114451626807934
243,0.1693264479930247,-0.004621249576743966,0.17680110887721964,0.1814223584539636,0.007474660884194934,-0.012095910460938913,0.8231988911227803,0.09248189455550637,12.089839108140088,2.05609904138624,1.7398294031988204,12.182321002695595,2.1485809359417463,15.978249447280655
244,0.17312957214299335,-0.0030079291172417796,0.18665780507476312,0.18966573419200491,0.013528232931769774,-0.016536162049011566,0.8133421949252368,0.09436064260345312,12.35802314159428,2.0658312577000437,1.8611324096465776,12.452383784197734,2.160191900303496,16.379347451544355
245,0.17540064147395884,-0.00443630536421128,0.18520811757930555,0.18964442294351683,0.009807476105346713,-0.014243781469557987,0.8147918824206944,0.0949250026890347,12.621256377104661,2.070150879131141,1.7608254513009882,12.716181379793696,2.165075881820176,16.547157710225825
246,0.1777526409177052,-0.005074357452362999,0.18494235431433922,0.19001671176670223,0.007189713396634018,-0.012264070848997027,0.8150576456856607,0.08738212602848705,12.240401183928707,2.039313894537086,1.9305856657458644,12.327783309957194,2.1266960205655727,16.297682870240145
247,0.17130151203646538,-0.003961680377615523,0.18332945515574806,0.18729113553336357,0.01202794311928268,-0.015989623496898198,0.8166705448442519,0.09387761057718258,12.32203973293647,2.060469830972142,2.021015648900219,12.415917343513653,2.1543474415493247,16.497402823386015
248,0.17265287791522302,-0.004199477949511728,0.182298639494517,0.18649811744402872,0.009645761579293977,-0.013845239528805703,0.817701360505483,0.09368251316886678,12.057149613491806,2.05158786366024,1.8412709970182597,12.150832126660672,2.145270376829107,16.043690987339172
249,0.15289675627547208,-0.0047052608384762365,0.16300850655344207,0.16771376739191832,0.010111750277969983,-0.014817011116446233,0.8369914934465579,0.09212915602276972,12.011663587416546,2.0549839411369053,1.8281116055891378,12.103792743439316,2.147113097159675,15.986888290165359
250,0.17392264567041138,-0.00452537675968573,0.18712486249444207,0.1916502392541278,0.013202216824030694,-0.017727593583716422,0.812875137505558,0.09262038992483035,11.897113226317583,2.0537278166169486,1.940140449275514,11.989733616242413,2.14634820654178,15.983601882134876
251,0.17243495743869247,-0.004010448227297718,0.1889578052895847,0.1929682535168824,0.016522847850892225,-0.020533296078189933,0.8110421947104153,0.08930417329147744,12.113104743288567,2.0593821900884333,1.944295802335768,12.202408916580044,2.1486863633799107,16.206086909004245
252,0.18182339485008048,-0.004416763142124343,0.19282375155660123,0.19724051469872556,0.011000356706520747,-0.015417119848645078,0.8071762484433987,0.0910333941614283,12.407957558404547,2.0379670044612617,1.8612148573843186,12.498990952565975,2.1290003986226895,16.398172814411556
253,0.16830504606443414,-0.004347503262499093,0.18059748924441535,0.18494499250691443,0.01229244317998121,-0.01663994644248029,0.8194025107555847,0.08949735380366519,12.248905270994767,2.094659841174538,1.9079747640780553,12.338402624798432,2.1841571949782037,16.341037230051025
254,0.16986957069995948,-0.004043047790621597,0.17738702905593734,0.18143007684655893,0.007517458355977863,-0.011560506146599453,0.8226129709440626,0.09407108225971683,12.014758498808924,2.0434578446721225,1.8628791261054651,12.10882958106864,2.1375289269318394,16.015166551846228
255,0.17716429017712126,-0.004749856146064112,0.18725547262039882,0.19200532876646292,0.010091182443277558,-0.01484103858934166,0.8127445273796012,0.0883172674260333,12.150210862972697,2.063216773638768,1.9242104916282798,12.23852813039873,2.151534041064801,16.22595539566578
256,0.16123760442591373,-0.00482957193141505,0.16975053913074972,0.17458011106216478,0.008512934704835995,-0.013342506636251056,0.8302494608692503,0.09128433931435964,12.42240568067861,2.0488435990691283,1.8718868224397518,12.51369001999297,2.140127938383488,16.43442044150185
257,0.160961454071591,-0.0038948204326295873,0.17336151089022114,0.17725633132285074,0.012400056818630156,-0.01629487725125975,0.8266384891097789,0.0880940707017146,11.99323034045661,2.0510030455812895,1.7673158292654865,12.081324411158324,2.1390971162830033,15.8996432860051
258,0.1797761139515886,-0.0053017074889698396,0.18862235505446578,0.19392406254343564,0.008846241102877184,-0.014147948591847037,0.8113776449455342,0.09430482563375975,12.041675211401854,2.0683232680711825,1.8033536978738116,12.135980037035614,2.1626280937049422,16.007657002980608
259,0.17873929221223572,-0.002861910870138724,0.185235263942885,0.18809717481302374,0.00649597173064928,-0.009357882600788014,0.814764736057115,0.09386335058515627,12.147960002317852,2.087158233636778,1.9239769534782099,12.241823352903008,2.1810215842219343,16.252958540017996
260,0.1737282876557728,-0.004065572424392489,0.18316166302824116,0.18722723545263364,0.009433375372468356,-0.013498947796860838,0.8168383369717589,0.09633153607797773,12.337399284962256,2.070181218527196,1.8708701472717717,12.433730821040234,2.166512754605173,16.3747821868392
261,0.16616639264848157,-0.004505286829124036,0.17899981685332933,0.18350510368245337,0.01283342420484776,-0.017338711033971804,0.8210001831466707,0.09196250016957208,11.734392977357114,2.071222031372953,1.8900658825465637,11.826355477526686,2.1631845315425244,15.787643391446203
262,0.18771230249049012,-0.003772486986560478,0.19594703392758794,0.19971952091414844,0.008234731437097825,-0.012007218423658317,0.8040529660724121,0.09185040264481792,11.95852534115873,2.0536798780694205,1.8567280659058518,12.050375743803547,2.1455302807142393,15.96078368777882
263,0.17398523665168134,-0.004790111381519046,0.17996065988717375,0.1847507712686928,0.005975423235492411,-0.010765534617011463,0.8200393401128263,0.09079809285892182,12.44159780416862,2.0313741249540858,1.867299609539936,12.532395897027541,2.1221722178130076,16.431069631521563
264,0.1764598507019045,-0.003954638822869712,0.18743051226040205,0.19138515108327175,0.010970661558497546,-0.014925300381367246,0.8125694877395979,0.08849463980180872,12.12492720715717,2.0514734741931466,1.9168522311777068,12.213421846958978,2.1399681139949553,16.18174755232983
265,0.1922066047892749,-0.005030928350765791,0.20377328053993465,0.20880420889070045,0.011566675750659755,-0.01659760410142555,0.7962267194600654,0.0917303693464433,12.36796189331287,2.0212439788790366,1.8604723776354088,12.459692262659313,2.1129743482254804,16.34140861917376
266,0.15803435772839156,-0.0037878597631952676,0.166206173257105,0.16999403302030025,0.008171815528713433,-0.011959675291908695,0.833793826742895,0.09629433359818762,12.379853016226452,2.0339744972373417,1.8512742647051148,12.47614734982464,2.13026883083553,16.361396111767096
267,0.1829071007841184,-0.0035531436997655865,0.18854103265442915,0.19209417635419473,0.005633931870310749,-0.009187075570076336,0.8114589673455709,0.09223451663963012,12.74986247858036,2.0697024170773233,1.791974374215492,12.84209699521999,2.161936933716953,16.703773786512805
268,0.17038953205101084,-0.004898141751436814,0.18059360674325664,0.18549174849469346,0.010204074692245796,-0.01510221644368262,0.8194063932567434,0.09108128911574198,12.350898178020383,2.046111064849768,1.857804265678837,12.441979467136125,2.1371923539655104,16.34589479766473
269,0.1809625610902021,-0.005150929164167933,0.19388975766362243,0.19904068682779036,0.012927196573420341,-0.01807812573758827,0.8061102423363775,0.08758949174893971,12.368217703982765,2.044357337651041,1.9359386967132242,12.455807195731705,2.1319468293999817,16.43610323009597
270,0.19641775053288135,-0.004343095230152272,0.20785455875870892,0.2121976539888612,0.011436808225827572,-0.01577990345597985,0.792145441241291,0.09114789951016178,12.353113944749644,2.055983031540972,1.8970291181292644,12.444261844259806,2.147130931051133,16.397273993930042
271,0.16952017487422766,-0.003703126772954177,0.18410252258285173,0.1878056493558059,0.014582347708624072,-0.018285474481578246,0.8158974774171482,0.09504059536454967,12.23337031398364,2.0398790177434876,1.9985094681682867,12.32841090934819,2.1349196131080372,16.366799395259964
272,0.18615543811459234,-0.005321667070967642,0.19354524229566247,0.19886690936663012,0.007389804181070131,-0.012711471252037781,0.8064547577043375,0.09633701861092803,12.458848799412017,2.038752122974376,1.7785568938426195,12.555185818022945,2.135089141585305,16.37249483483994
273,0.1677359592573549,-0.0045298184710361586,0.17930373972880592,0.18383355819984207,0.011567780471451017,-0.016097598942487162,0.820696260271194,0.09259925095915023,12.204551453136837,2.102388609950527,1.7723328909701301,12.297150704095987,2.1949878609096776,16.171872205016644
274,0.17573694318579708,-0.003988812967788263,0.182607166245829,0.18659597921361729,0.0068702230600319325,-0.010859036027820207,0.8173928337541709,0.0913302697988101,12.960748582187975,2.037251291813826,1.8683569165117238,13.052078851986785,2.128581561612637,16.957687060312335
275,0.16356376917708731,-0.004806749341454103,0.17242148196985227,0.17722823131130638,0.008857712792764955,-0.013664462134219069,0.8275785180301477,0.09264499317184516,12.010072141933296,2.067080288934479,1.9107206960153338,12.102717135105141,2.1597252821063235,16.080518120054954
276,0.17527319376931152,-0.0046826851371424795,0.18722829714705883,0.1919109822842013,0.0119551033777473,-0.016637788514889784,0.8127717028529412,0.0906286098892437,12.388291610518465,2.0641145857027148,1.8765672510383773,12.478920220407709,2.154743195591958,16.4196020571488
277,0.16497084152118502,-0.0030245754899991596,0.17722768674023912,0.18025226223023827,0.012256845219054097,-0.01528142070905325,0.8227723132597609,0.09667032837744216,12.26240256795975,2.068912473919216,1.8079232484630872,12.359072896337192,2.1655828022966572,16.235908618719495
278,0.17663383134908564,-0.0037935374313591338,0.1864038239114633,0.19019736134282242,0.00976999256237765,-0.013563529993736778,0.8135961760885367,0.09114414784945879,12.205136570307758,2.0559589233601088,1.825574910473744,12.296280718157217,2.1471030712095676,16.17781455199107
279,0.18174515386415072,-0.0050972587243655965,0.18858199652363883,0.19367925524800442,0.006836842659488113,-0.011934101383853701,0.8114180034763612,0.0927836603544705,12.346725911125667,2.0365689214539167,1.8348187993422371,12.439509571480137,2.1293525818083876,16.31089729227629
280,0.19710008821796987,-0.0042585077648658225,0.21104997205903203,0.21530847982389786,0.01394988384106216,-0.018208391605927993,0.788950027940968,0.08942404147070704,12.141600844354336,2.063682320707631,1.9367775116127959,12.231024885825043,2.1531063621783373,16.23148471814547
281,0.1753651059219561,-0.0046230507109262615,0.18292517843844236,0.1875482291493686,0.007560072516486271,-0.012183123227412523,0.8170748215615576,0.09281743718086943,12.437519106988134,2.0550557521484585,1.8474948005684375,12.530336544169003,2.147873189329329,16.4328870968859
282,0.1894865614650111,-0.003739685792302081,0.1957461500498826,0.19948583584218468,0.006259588584871495,-0.009999274377173573,0.8042538499501174,0.09567993355408433,12.341784356374369,2.057291310694559,1.8524700373867304,12.437464289928453,2.1529712442486426,16.347225638009743
283,0.1772535892369295,-0.004529122684081701,0.18529533092284378,0.1898244536069255,0.008041741685914289,-0.012570864369995993,0.8147046690771562,0.09501340922057366,12.072646370789133,2.075034436031711,1.861515157908233,12.167659780009707,2.1700478452522853,16.10420937394965
284,0.16224019825113659,-0.0032854499961082625,0.17784941406481516,0.18113486406092344,0.015609215813678579,-0.018894665809786854,0.8221505859351849,0.09310226744842787,11.730524626308608,2.067356038485821,1.9112894971535468,11.823626893757035,2.1604583059342484,15.802272429396403
285,0.15927822186643417,-0.0049813445415030164,0.17063601075318072,0.17561735529468372,0.011357788886746545,-0.016339133428249553,0.8293639892468193,0.08873243203687586,12.367250197531325,2.0115769161301884,1.8695965375099384,12.4559826295682,2.1003093481670643,16.337156083208328
286,0.16126015719805784,-0.0036398434542411658,0.17350459758467165,0.17714444103891283,0.01224444038661382,-0.015884283840854996,0.8264954024153284,0.09451004654934714,12.174689024054597,2.044048707284251,1.8433585606988903,12.269199070603944,2.138558753833599,16.156606338587086
287,0.17461822307159588,-0.004351556656534012,0.1865431820111196,0.1908947386676536,0.011924958939523722,-0.016276515596057722,0.8134568179888804,0.09366711099098879,12.252147851631019,2.037238927322239,1.812033887696451,12.345814962622008,2.130906038313227,16.195087777640698
288,0.1700198790719708,-0.00482197457879993,0.17707764864799772,0.18189962322679765,0.007057769576026912,-0.011879744154826843,0.8229223513520023,0.09060561026486624,12.24286654012229,2.0623531873313166,1.8209303267825394,12.333472150387156,2.152958797596182,16.21675566450101
289,0.18216047016141318,-0.0033708545231070203,0.19315256487760568,0.1965234194007127,0.010992094716192502,-0.01436294923929951,0.8068474351223943,0.09196087931232633,12.54165962526803,2.066477911438623,1.984745978211949,12.633620504580357,2.1584387907509495,16.68484439423093
290,0.16580934058130606,-0.0042420277479632,0.17933391280631578,0.18357594055427898,0.013524572225009718,-0.01776659997297292,0.8206660871936842,0.09036381651939251,12.389366647686208,2.0678793942607125,1.9764604211971104,12.4797304642056,2.158243210780105,16.524070279663423
291,0.17790987919099222,-0.0038039620565365564,0.19119017563747295,0.1949941376940095,0.013280296446480738,-0.017084258503017286,0.808809824362527,0.08799749693018732,12.119213309165433,2.0587594589482574,1.9248594647973025,12.20721080609562,2.146756955878445,16.19082972984118
292,0.17270692117313025,-0.004148586879518928,0.18319999668171894,0.18734858356123787,0.01049307550858869,-0.014641662388107629,0.8168000033182811,0.09226960827085762,12.156360255659024,2.0547371149012275,1.9002857010907928,12.248629863929882,2.147006723172085,16.203652679921902
293,0.1760137698799534,-0.0044571254704722715,0.19007776672495266,0.19453489219542494,0.01406399684499926,-0.01852112231547154,0.8099222332750473,0.09186941845313967,12.324879726086273,2.067748241038025,1.8801883161369908,12.416749144539413,2.159617659491165,16.36468570171443
294,0.18131279049213386,-0.004210421530254781,0.1904302734611799,0.1946406949914347,0.009117482969046048,-0.013327904499300824,0.8095697265388201,0.09203926833181342,12.152057472817809,2.0571990972862935,1.832914049540804,12.244096741149622,2.1492383656181078,16.13420988797672
295,0.1777230848236563,-0.004226625941462691,0.1877769835076584,0.1920036094491211,0.010053898684002083,-0.01428052462546478,0.8122230164923416,0.09247178448561755,12.357472930358055,2.0534206190590805,1.8032409354652188,12.449944714843673,2.1458924035446976,16.306606269367972
296,0.1580629445445129,-0.00494851252144922,0.16689317735388334,0.17184168987533258,0.008830232809370453,-0.013778745330819686,0.8331068226461167,0.09047600707877734,12.202858450203662,2.0542339419301996,1.8075659838162448,12.29333445728244,2.1447099490089774,16.155134383028884
297,0.18110044679369008,-0.004437367425462542,0.1909866048355924,0.19542397226105496,0.009886158041902321,-0.014323525467364873,0.8090133951644076,0.09040424096812849,11.933094160078213,2.060063853507822,1.8805582450474034,12.023498401046341,2.1504680944759516,15.964120499601567
298,0.1530469498789256,-0.00511381524330416,0.17162620389665503,0.17674001913995918,0.018579254017729446,-0.023693069261033595,0.8283737961033449,0.09160933677467753,12.31428450244212,2.0570625439364676,1.9793671759986893,12.405893839216798,2.1486718807111442,16.442323559151955
299,0.15678767636999213,-0.003824014812282292,0.17242432395119078,0.17624833876347307,0.01563664758119865,-0.019460662393480932,0.8275756760488092,0.0923937474379315,12.16128581306016,2.086996979962576,1.9285436205803652,12.253679560498092,2.179390727400507,16.269220161041034
300,0.16908807143104207,-0.00492159622719844,0.17663496686652935,0.18155656309372778,0.007546895435487283,-0.01246849166268571,0.8233650331334706,0.09001336370483415,12.049155988033068,2.065831281780092,1.8369063593987356,12.139169351737902,2.155844645484927,16.04190699291673
301,0.16780165574438316,-0.004669109130886857,0.17885022820375432,0.18351933733464118,0.011048572459371159,-0.01571768159025802,0.8211497717962457,0.09460284096704186,12.442847933878824,2.0714881446236912,1.7557700771507054,12.537450774845865,2.166090985590732,16.364708996620262
302,0.1602384596514479,-0.00422475104288627,0.16860959519169097,0.17283434623457725,0.008371135540243074,-0.012595886583129351,0.8313904048083091,0.09165315868544788,12.125543304017135,2.042187699455159,1.8620871001869599,12.217196462702583,2.1338408581406063,16.121471262344702
303,0.17054531044798307,-0.00401128220466266,0.18374420662126964,0.1877554888259323,0.013198896173286567,-0.01721017837794922,0.8162557933787303,0.09254281602215997,12.110449200407487,2.0824104265476073,1.8727253136281057,12.202992016429647,2.174953242569768,16.15812775660536
304,0.17397547045759357,-0.004241988715917516,0.18952527423968957,0.1937672629556071,0.015549803782096,-0.019791792498013522,0.8104747257603104,0.09289570954587667,12.132718467935092,2.069237454970237,1.7839996838683625,12.225614177480969,2.162133164516114,16.078851316319568
305,0.1729427077853464,-0.004739467631601829,0.18464616606628992,0.18938563369789174,0.011703458280943518,-0.016442925912545342,0.8153538339337101,0.09546739209752175,12.275396690305612,2.0804094586356463,1.8311542419653577,12.370864082403134,2.175876850733168,16.282427783004138
306,0.176970525791023,-0.005181871728150848,0.18308818833000712,0.18827006005815797,0.006117662538984131,-0.01129953426713498,0.8169118116699929,0.0927659563008767,12.10843833175544,2.0786227973630336,1.8852116912821781,12.201204288056317,2.1713887536639094,16.16503877670153
307,0.1793781092233867,-0.003489932713552774,0.18916960127112095,0.19265953398467373,0.009791492047734246,-0.01328142476128702,0.8108303987288791,0.09570093157596027,12.176684910368602,2.0997227663233264,1.8384668873284316,12.272385841944562,2.1954236978992867,16.21057549559632
308,0.16869621950297928,-0.0033689831886370156,0.17586542663313126,0.17923440982176828,0.007169207130151983,-0.010538190318788998,0.8241345733668688,0.09360210483184161,12.053874320867894,2.0574956525720918,1.8229108661020934,12.147476425699736,2.151097757403933,16.02788294437392
309,0.16771502275990713,-0.00432376517865404,0.17756161791956002,0.18188538309821406,0.009846595159652888,-0.014170360338306931,0.82243838208044,0.09765806752846551,12.575649908325447,2.080583423105603,1.8556261921261257,12.673307975853913,2.1782414906340684,16.60951759108564
310,0.17056668553278959,-0.0038590652985713795,0.18332798163449074,0.18718704693306212,0.012761296101701153,-0.016620361400272537,0.8166720183655093,0.09248435092587215,12.559392069935825,2.079063090027873,1.89524925806408,12.651876420861697,2.171547440953744,16.62618876895365
311,0.1832625361325256,-0.0034262792283164516,0.19217427748937757,0.19560055671769402,0.008911741356851965,-0.012338020585168419,0.8078257225106225,0.09667927335564741,12.144234123389793,2.049991221953359,1.8239606561631483,12.24091339674544,2.1466704953090066,16.11486527486195
312,0.15419583590197475,-0.0043659286536163935,0.1649467017364963,0.1693126303901127,0.010750865834521561,-0.015116794488137963,0.8350532982635037,0.09183176550487815,12.204580021921434,2.063159302670382,1.891743871157665,12.296411787426312,2.1549910681752595,16.25131496125436
313,0.1781894587995412,-0.0039050529886842924,0.19126201557731642,0.19516706856600072,0.013072556777775218,-0.01697760976645951,0.8087379844226836,0.09213906117099313,12.334203799776452,2.0621912704982535,1.7835204797918625,12.426342860947445,2.154330331669246,16.27205461123756
314,0.18767629469777974,-0.004364186110684704,0.19431356395442023,0.19867775006510494,0.006637269256640488,-0.011001455367325191,0.8056864360455798,0.09002436063497399,12.122934882243573,2.066029965798183,1.7664171099233066,12.212959242878547,2.156054326433157,16.045406318600037
315,0.16706809480317988,-0.0033556488797249055,0.18108643470987892,0.18444208358960382,0.01401833990669904,-0.017373988786423933,0.818913565290121,0.0904019589414915,12.260600345001297,2.052323875248531,1.9860536993541462,12.351002303942789,2.142725834190022,16.389379878545466
316,0.1740366987788627,-0.0052784604347412365,0.18555744649531355,0.19083590693005478,0.011520747716450869,-0.016799208151192097,0.8144425535046864,0.09055784749728168,11.982911082677935,2.0511148911080817,1.9137322173798488,12.073468930175217,2.1416727386053633,16.038316038663147
317,0.17179861981092107,-0.004719157003643108,0.17870476145348,0.1834239184571231,0.006906141642558927,-0.011625298646202042,0.82129523854652,0.09192225092973949,12.158374637953528,2.060423791056456,1.70801613140544,12.250296888883268,2.1523460419861955,16.018736811345164
318,0.17365435846446706,-0.0042055111804063135,0.18240508353407708,0.1866105947144834,0.008750725069610027,-0.01295623625001635,0.8175949164659229,0.09240082195446142,12.105390997287133,2.0632502951198255,1.855822271503726,12.197791819241594,2.155651117074287,16.116864385865146
319,0.17975054943409996,-0.004501596541908428,0.19451990258451493,0.19902149912642336,0.014769353150414971,-0.019270949692323402,0.8054800974154851,0.09371539830081055,12.058630654465397,2.088327912386454,1.8910097072922927,12.152346052766207,2.182043310687264,16.131683672444954
320,0.15451048842364268,-0.0033478647183981104,0.16449503701736146,0.16784290173575955,0.009984548593718778,-0.013332413312116875,0.8355049629826385,0.09666660075494171,12.018643360598935,2.047825567905976,1.807450382674606,12.115309961353876,2.144492168660918,15.970585911934458
321,0.18202427017524198,-0.003818013733548154,0.1900442252000745,0.19386223893362264,0.00801995502483252,-0.011837968758380668,0.8099557747999255,0.09167540664111584,12.102269634116325,2.09268115546155,1.7396914378933896,12.193945040757441,2.1843565621026655,16.02631763411238
322,0.16269679940369441,-0.004234164547043853,0.16962180419130607,0.1738559687383499,0.006925004787611655,-0.011159169334655494,0.830378195808694,0.094007429680806,12.152471440184515,2.060130406481914,1.8754808994738497,12.24647886986532,2.15413783616272,16.182090175821084
323,0.17945292619950362,-0.0042200675644599095,0.19582898308353197,0.2000490506479919,0.01637605688402835,-0.020596124448488268,0.804171016916468,0.09526589135774621,12.418702969361746,2.051435599589828,1.821779561865597,12.513968860719492,2.1467014909475735,16.387184022174917
324,0.17767927156342642,-0.004380869372147322,0.1899123393770674,0.1942932087492147,0.012233067813640974,-0.016613937185788297,0.8100876606229326,0.09118232925554004,12.400834036361658,2.0410066364713018,1.889470792623852,12.492016365617198,2.1321889657268422,16.422493794712352
325,0.1578586026892339,-0.004069622962569004,0.1690239453902148,0.1730935683527838,0.011165342700980907,-0.015234965663549899,0.8309760546097852,0.0909354929424886,11.839682285114002,2.0455202688264027,1.8327682509213368,11.93061777805649,2.136455761768891,15.80890629780423
326,0.15913670821811154,-0.004283891674550229,0.17094424568766073,0.17522813736221096,0.011807537469549184,-0.016091429144099417,0.8290557543123392,0.09384294903469481,12.145140221081691,2.045323907815334,1.7510117209899239,12.238983170116386,2.139166856850029,16.035318798921644
327,0.18835314498210734,-0.004118188717987247,0.1996288584243605,0.20374704714234776,0.011275713442253171,-0.015393902160240419,0.8003711415756395,0.08898323590039858,12.280854555098724,2.068828705364277,1.8725126918842427,12.369837790999123,2.157811941264676,16.311179188247642
328,0.15961624783534822,-0.0033119347598226383,0.16991619748479606,0.1732281322446187,0.010299949649447832,-0.01361188440927047,0.830083802515204,0.09259072256379497,12.149174561489954,2.1003436435630327,1.8483812303706877,12.241765284053749,2.192934366126827,16.19049015798747
329,0.15730791286411439,-0.0040262360741398235,0.16704622908099873,0.17107246515513855,0.00973831621688434,-0.013764552291024162,0.8329537709190012,0.09542722058241893,12.03313842625877,2.069076542263474,1.8585191748194845,12.128565646841189,2.164503762845894,16.056161363924147
330,0.18794020310143064,-0.0041527379202259,0.1986762290042873,0.20282896692451322,0.01073602590285666,-0.014888763823082574,0.8013237709957127,0.09274906425176077,12.041457938558791,2.0465464837163285,1.9409903559394035,12.134207002810552,2.1392955479680893,16.121743842466284
331,0.18539294387139107,-0.004569623267481753,0.1944950341230281,0.19906465739050985,0.009102090251637024,-0.013671713519118778,0.805504965876972,0.0909859608716097,12.242416862667461,2.048917955894707,1.9567453677061213,12.333402823539071,2.1399039167663156,16.3390661471399
332,0.17460629244765022,-0.004893003327145545,0.18106549496889732,0.18595849829604286,0.006459202521247098,-0.011352205848392638,0.8189345050311027,0.09055158721485057,12.489784717618361,2.05030893540488,1.8491215634487546,12.580336304833212,2.1408605226197306,16.479766803686847
333,0.188303036098041,-0.005381126280818273,0.19433457450545216,0.19971570078627043,0.006031538407411163,-0.011412664688229435,0.8056654254945479,0.08507556556239138,12.214989957945892,2.0276003810190737,1.8261876153519516,12.300065523508284,2.112675946581466,16.15385351987931
334,0.1742510429991601,-0.004190438683030462,0.18295905368194648,0.18714949236497694,0.008708010682786371,-0.012898449365816828,0.8170409463180535,0.09050639983825626,12.379081471857075,2.0556227482939047,1.922511767443348,12.469587871695332,2.1461291481321614,16.447722387432584
335,0.1723621840588326,-0.0040863312546989446,0.18267934214443243,0.1867656733991314,0.010317158085599826,-0.01440348934029878,0.8173206578555676,0.09175743095496713,11.999119376645812,2.0706015853629456,1.9404909829524168,12.090876807600779,2.1623590163179123,16.10196937591614
336,0.1672666285035677,-0.003984061592285607,0.17532447298235845,0.17930853457464407,0.008057844478790765,-0.012041906071076386,0.8246755270176416,0.09592574084333272,12.30040578827154,2.0390090388389304,1.8403217147899493,12.396331529114873,2.134934779682263,16.275662282743752
337,0.15004865144708732,-0.0038709525131592256,0.15738552784592275,0.16125648035908197,0.007336876398835429,-0.01120782891199465,0.8426144721540773,0.09425921760097289,11.902451898562719,2.0589912097533976,1.9343588387349406,11.996711116163691,2.1532504273543704,15.99006116465203
338,0.16597762867994137,-0.004454277154112885,0.176115754952425,0.1805700321065379,0.010138126272483644,-0.01459240342659654,0.823884245047575,0.09164246798790465,11.98716426349478,2.0587336387882402,1.7496552651462043,12.078806731482684,2.150376106776144,15.887195635417129
339,0.18121338343410212,-0.004301483720082858,0.1873012582843827,0.19160274200446556,0.006087874850280589,-0.010389358570363438,0.8126987417156173,0.09384450962771496,12.246840334607011,2.0538411033567208,1.778874550977985,12.340684844234726,2.147685612984436,16.173400498569432
340,0.17906420447007554,-0.0038126515684087487,0.1883707461234595,0.19218339769186824,0.00930654165338396,-0.013119193221792697,0.8116292538765405,0.09079058367987969,12.307893855502122,2.0521997957530473,1.8294851629368054,12.398684439182002,2.1429903794329266,16.280369397871855
341,0.17611687039780913,-0.0035013495810351015,0.185489552798266,0.1889909023793011,0.009372682400456883,-0.012874031981491979,0.8145104472017339,0.09515759506158261,12.28925811923449,2.0439853505443697,1.9262259400755912,12.384415714296072,2.1391429456059528,16.354627004916033
342,0.19172735039401903,-0.004448850139750447,0.20104930865740142,0.20549815879715186,0.00932195826338239,-0.013770808403132828,0.7989506913425986,0.09232971124785827,12.381447627662824,2.060378105462995,1.854857688982701,12.473777338910683,2.152707816710853,16.38901313335638
343,0.1795478132287057,-0.003614986485950469,0.1883575427336168,0.19197252921956726,0.008809729504911101,-0.012424715990861562,0.8116424572663832,0.09670066119992171,12.29720532268448,2.0693028444311086,1.820062681983904,12.393905983884402,2.1660035056310303,16.283271510299414
344,0.1796297687973814,-0.0036592326073143907,0.19234279814634664,0.19600203075366102,0.012713029348965232,-0.01637226195627961,0.8076572018536534,0.0966256567740924,12.537101945133593,2.0749073099086885,1.8305285152760984,12.633727601907685,2.171532966682782,16.539163427092472
345,0.16779553161584543,-0.004908120060577027,0.185309879172856,0.19021799923343302,0.017514347557010562,-0.022422467617587594,0.814690120827144,0.08698770130274092,11.967770279452685,2.049471472253579,1.8871952558342393,12.054757980755426,2.1364591735563194,15.991424708843244
346,0.18141885689264411,-0.004218095341939143,0.1887614888963524,0.19297958423829153,0.0073426320037082715,-0.01156072734564742,0.8112385111036476,0.0958506264990735,12.568775270577834,2.0558099704566413,1.9030715537420804,12.664625897076908,2.1516605969557148,16.62350742127563
347,0.16833565477267332,-0.004136544162111584,0.18258619380827876,0.18672273797039035,0.014250539035605442,-0.018387083197717036,0.8174138061917212,0.09336571948710315,12.219767768847493,2.06696971323659,1.90884368795456,12.313133488334596,2.160335432723694,16.288946889525747
348,0.18038676139533408,-0.004409207416356255,0.1906221561352581,0.19503136355161435,0.01023539473992402,-0.014644602156280273,0.8093778438647419,0.09110398948587495,12.18091756596996,2.029409139847008,1.9484039543593337,12.272021555455835,2.120513129332884,16.249834649662176
349,0.17530115946400232,-0.004218613698021364,0.19280413757413725,0.19702275127215862,0.01750297811013493,-0.021721591808156304,0.8071958624258627,0.0927541517861119,12.129468651896161,2.068186808848692,1.8764670484352592,12.222222803682273,2.1609409606348047,16.166876660966224
350,0.1893991303867332,-0.003697147964875875,0.200117872402418,0.20381502036729388,0.01071874201568479,-0.014415889980560675,0.799882127597582,0.08980367146342161,12.338150468121597,2.066246623955756,1.957702177433415,12.427954139585019,2.156050295419177,16.45190294097419
351,0.16152762207405796,-0.004434998024518999,0.175674616171627,0.180109614196146,0.014146994097569032,-0.018581992122088026,0.8243253838283731,0.09197083321464206,12.293717284346126,2.0592466173265045,1.9719695229114045,12.385688117560768,2.1512174505411465,16.416904257798677
352,0.1796050169414167,-0.0046406306276871884,0.19225521836639486,0.19689584899408205,0.012650201424978164,-0.01729083205266535,0.8077447816336052,0.09042216178937323,12.023131692748859,2.047187633700945,1.892239032600008,12.113553854538232,2.137609795490319,16.052980520839185
353,0.165280859547247,-0.005042963510489841,0.1715492516734107,0.17659221518390053,0.006268392126163702,-0.01131135563665353,0.8284507483265893,0.09402005063306262,12.158405466559145,2.0624214923328132,1.7469161751065378,12.252425517192208,2.1564415429658754,16.06176318463156
354,0.19334402014891636,-0.003920069004513043,0.2039991598138943,0.20791922881840735,0.010655139664977942,-0.014575208669490997,0.7960008401861057,0.09112596961431052,12.300531512110023,2.054875517073608,1.82778993938188,12.391657481724334,2.1460014866879176,16.27432293817982
355,0.16550761301423872,-0.004303631908138922,0.17986130194304661,0.18416493385118554,0.014353688928807895,-0.018657320836946822,0.8201386980569534,0.09055866707914006,12.267825019759954,2.0450620582063745,1.8431603021887621,12.358383686839094,2.1356207252855146,16.24660604723423
356,0.19589701657889666,-0.003813589224779698,0.2077045654570582,0.2115181546818379,0.011807548878161545,-0.015621138102941245,0.7922954345429418,0.09027839121342573,12.363327366242801,2.0493884388273074,1.8895957059018507,12.453605757456227,2.1396668300407335,16.392589902185385
357,0.17779475889527635,-0.004504353909926559,0.18627565562357565,0.19078000953350222,0.008480896728299298,-0.012985250638225865,0.8137243443764244,0.0887757335373589,11.985908030024481,2.0308308053812514,1.7998818290833025,12.07468376356184,2.1196065389186103,15.905396398026394
358,0.17022834715694102,-0.004141660233114791,0.17887043103105402,0.1830120912641688,0.008642083874112999,-0.012783744107227796,0.821129568968946,0.09102460198282358,12.045682848867408,2.057256050899401,1.8054109601961343,12.136707450850231,2.1482806528822254,15.999374461945767
359,0.17031268343773323,-0.004164672639102266,0.18027501401956522,0.1844396866586675,0.00996233058183199,-0.01412700322093427,0.8197249859804348,0.09338318693694347,12.27287088770753,2.090509780181886,1.7924583120156221,12.366254074644473,2.1838929671188305,16.24922216684198
360,0.17877952116007054,-0.004775832588456702,0.18826933269306112,0.19304516528151783,0.009489811532990583,-0.01426564412144729,0.8117306673069389,0.0925178840482026,12.3972018944335,2.046219710489696,1.8582158356390384,12.489719778481703,2.1387375945378984,16.394155324610438
361,0.17012804926437525,-0.005215501516010594,0.1811324986418018,0.18634800015781242,0.011004449377426562,-0.01621995089343717,0.8188675013581982,0.09959158557949443,12.450483261724084,2.046627968951393,1.8545522230709786,12.550074847303579,2.1462195545308873,16.45125503932595
362,0.17486475601089446,-0.0053000665116904894,0.18241655580037178,0.18771662231206226,0.007551799789477315,-0.012851866301167802,0.8175834441996283,0.08796476515379936,12.140779931165762,2.0356232532664738,1.7490302042909747,12.228744696319561,2.123588018420273,16.01339815387701
363,0.17738759383567188,-0.004738106518953532,0.184333160865264,0.18907126738421753,0.00694556702959212,-0.011683673548545659,0.815666839134736,0.09225662053712647,12.291536318508207,2.05060184172131,1.8721844227999274,12.383792939045334,2.1428584622584355,16.30657920356657
364,0.1689467848675032,-0.004500435961418908,0.1774319908316554,0.1819324267930743,0.008485205964152198,-0.012985641925571112,0.8225680091683446,0.09141424310063151,12.453157987469698,2.0686455242897566,1.7950394081580345,12.54457223057033,2.160059767390389,16.40825716301812
365,0.174409164891294,-0.0028606440125985696,0.18383091287623388,0.18669155688883243,0.009421747984939888,-0.012282391997538444,0.8161690871237661,0.09329007702974579,12.165788764584828,2.0525365691544994,1.7962131818578317,12.259078841614574,2.1458266461842443,16.107828592626905
366,0.18297391933953833,-0.003999330280851864,0.19067052352372788,0.19466985380457974,0.007696604184189548,-0.011695934465041413,0.8093294764762722,0.09281762257645454,12.329596606579688,2.0334108523405234,1.8694603417231015,12.422414229156143,2.1262284749169784,16.325285423219768
367,0.18869040300831794,-0.004713373722342917,0.19679077327472505,0.20150414699706798,0.008100370266407114,-0.012813743988750043,0.803209226725275,0.096838941251006,12.20827382498604,2.051589919116548,1.8593815260299014,12.305112766237047,2.148428860367553,16.216084211383496
368,0.16117397827588908,-0.003919373486455248,0.17038835128195282,0.17430772476840806,0.00921437300606373,-0.013133746492518972,0.8296116487180472,0.09227804654281258,11.946794745431603,2.0546019727752416,1.8490920708444936,12.039072791974416,2.1468800193180533,15.942766835594151
369,0.16712584725952306,-0.003818550242996529,0.1775494149913093,0.18136796523430582,0.010423567731786237,-0.014242117974782753,0.8224505850086907,0.09420376705693734,12.581799598021917,2.0748770344021015,1.857554507865867,12.676003365078854,2.169080801459039,16.608434907346822
370,0.1766777999873315,-0.0041800973828639565,0.18849011695152462,0.19267021433438858,0.011812316964193131,-0.015992414347057088,0.8115098830484754,0.09063291044462041,11.943919241799996,2.046217095621948,1.888188151838234,12.034552152244617,2.1368500060665694,15.968957399704799
371,0.1630488222629251,-0.004064426908225497,0.1768879745952902,0.18095240150351571,0.013839152332365101,-0.017903579240590606,0.8231120254047097,0.09418167509392816,12.315573660421263,2.0752595060784724,1.8009728186015685,12.409755335515191,2.1694411811724,16.285987660195232
372,0.17665839438474765,-0.004146766381153163,0.19119402614476477,0.19534079252591793,0.014535631760017126,-0.018682398141170287,0.8088059738552352,0.09241365835025839,12.221245632785928,2.0470268895720896,1.8093771583119942,12.313659291136187,2.139440547922348,16.17006333902027
373,0.17634884312886198,-0.004311374643251311,0.18643402466397102,0.19074539930722234,0.010085181535109039,-0.014396556178360359,0.8135659753360289,0.09007588064173078,12.69199956282786,2.0321735401299446,1.9063670458237585,12.78207544346959,2.1222494207716753,16.720616029423294
374,0.18173251528751524,-0.004664791315149181,0.18907928458743603,0.19374407590258522,0.007346769299920786,-0.012011560615069972,0.8109207154125639,0.09586402996658805,12.386300377728695,2.027735040534834,1.8074563932610044,12.482164407695283,2.1235990705014216,16.31735584149112
375,0.18949476213579206,-0.003627698879523112,0.20294921715943257,0.20657691603895567,0.01345445502364051,-0.017082153903163616,0.7970507828405674,0.0901432985077193,12.197019276229977,2.0626717438905082,2.0133066798854102,12.287162574737696,2.1528150423982284,16.363140998513614
376,0.15723348035372592,-0.0032983395335466855,0.16830686467068934,0.17160520420423603,0.01107338431696342,-0.01437172385051011,0.8316931353293107,0.0899236324512831,12.161676505990732,2.040179018719506,1.857056142116157,12.251600138442015,2.1301026511707897,16.14883529927768
377,0.1782348459940559,-0.004108594759821011,0.18934482657861357,0.19345342133843457,0.011109980584557672,-0.015218575344378676,0.8106551734213865,0.09456276481173376,12.460316841532432,2.087941912229839,1.7997731837034028,12.554879606344166,2.1825046770415732,16.442594702277407
378,0.19204498152691218,-0.004702852647243402,0.19941124639004412,0.20411409903728753,0.007366264863131938,-0.012069117510375343,0.8005887536099558,0.09029313446247578,12.33249988161302,2.059336018374397,1.793205891123522,12.422793016075495,2.149629152836873,16.275334925573414
379,0.19900346570919478,-0.004334270853044008,0.20540241057269504,0.20973668142573904,0.006398944863500261,-0.010733215716544259,0.794597589427305,0.08885539942421872,12.430970358343817,2.066808220765406,1.8229513538637612,12.519825757768036,2.1556636201896247,16.409585332397203
380,0.19119590123303043,-0.004355938343833685,0.2037897350244071,0.20814567336824077,0.012593833791376657,-0.016949772135210345,0.7962102649755929,0.09411980859757918,12.169683044197551,2.033615327683812,1.866597458668366,12.26380285279513,2.12773513628139,16.16401563914731
381,0.17951231065711465,-0.004365980033855825,0.19164793634569624,0.19601391637955207,0.012135625688581592,-0.016501605722437418,0.8083520636543038,0.09049168024698595,12.200463329155824,2.033680077450885,1.8856823688494924,12.29095500940281,2.124171757697871,16.210317455703187
382,0.15915245247233137,-0.0040404489254438625,0.17300449395737486,0.17704494288281872,0.013852041485043487,-0.01789249041048735,0.8269955060426252,0.09176624877556172,12.01726769519896,2.0805986060536963,1.936922067478232,12.109033943974522,2.172364854829257,16.12655461750645
383,0.15843607155015652,-0.0041765166534991,0.17024437454249325,0.17442089119599236,0.011808302992336733,-0.01598481964583584,0.8297556254575067,0.09171722675913863,12.160509681095226,2.0776192636195496,1.9219075672938928,12.252226907854364,2.1693364903786883,16.251753738767807
384,0.17572671118437788,-0.004237321792078815,0.1865117222680619,0.1907490440601407,0.010785011083684015,-0.015022332875762823,0.8134882777319381,0.09112218017217444,12.298073720593813,2.032178541818542,1.8941202068766039,12.389195900765987,2.1233007219907165,16.315494649461133
385,0.1696037144696911,-0.003762386417534662,0.17624535861128088,0.18000774502881553,0.00664164414158977,-0.010404030559124422,0.8237546413887191,0.09263542900789012,12.079202638913287,2.0803486732068333,1.9226737796025013,12.171838067921177,2.1729841022147225,16.174860520730512
386,0.182257288066045,-0.005094257704373439,0.18964552321183026,0.1947397809162037,0.007388235145785266,-0.012482492850158705,0.8103544767881697,0.09428863885787209,12.097971874028934,2.0837538604417443,1.8038853068724734,12.192260512886806,2.1780424992996164,16.079899680201024
387,0.1949972154274325,-0.004796062995256141,0.20407768762791678,0.20887375062317293,0.009080472200484274,-0.01387653519574042,0.7959223123720832,0.09045011959253202,12.240083526723687,2.050778132118822,1.8310952815886772,12.33053364631622,2.141228251711354,16.21240706002372
388,0.1665364491120863,-0.005188689445907342,0.17302652145732095,0.17821521090322828,0.00649007234523466,-0.011678761791141995,0.826973478542679,0.09114960825253249,12.109454147864906,2.043028244245761,1.8965818184212395,12.200603756117438,2.1341778524982944,16.14021381878444
389,0.17949233951126095,-0.003933042453602641,0.18836032200428346,0.1922933644578861,0.008867982493022508,-0.012801024946625161,0.8116396779957166,0.09182320037817604,12.038166526600225,2.0510139178918987,1.9364006500011026,12.129989726978401,2.142837118270075,16.117404294871402
390,0.1861011918960366,-0.003763429546405547,0.20059521423470097,0.20435864378110652,0.01449402233866437,-0.018257451885069914,0.799404785765299,0.09575405636415368,12.46981705149172,2.057191542805082,1.7880664527539807,12.565571107855874,2.152945599169236,16.410829103414937
391,0.1608509659745127,-0.004900737335903683,0.16982868818102112,0.1747294255169248,0.008977722206508415,-0.013878459542412097,0.8301713118189789,0.09026660480249937,12.06582458493809,2.0482028473201552,1.928141212214065,12.15609118974059,2.138469452122655,16.13243524927481
392,0.18073251999592405,-0.004140365276018723,0.19274369625446414,0.19688406153048285,0.01201117625854009,-0.016151541534558805,0.8072563037455358,0.08923745897955371,11.842206986893174,2.0604244475759756,1.976953497816039,11.931444445872728,2.149661906555529,15.968822391264743
393,0.17307184084344915,-0.004319767131795233,0.18359386511282036,0.1879136322446156,0.01052202426937121,-0.014841791401166454,0.8164061348871796,0.09170455055376259,12.404921774077566,2.039791411834644,1.8559576715802937,12.496626324631329,2.1314959623884064,16.392375408046266
394,0.17729241025739742,-0.004494442399909395,0.1921477688898865,0.1966422112897959,0.014855358632489074,-0.019349801032398473,0.8078522311101135,0.08939696905069106,12.235572235410633,2.0809962319833293,1.8271228303498468,12.324969204461324,2.170393201034021,16.2330882667945
395,0.16951967465662962,-0.003508567522601692,0.17842099295096064,0.18192956047356235,0.008901318294331023,-0.012409885816932725,0.8215790070490394,0.09608107532402066,12.361235147102292,2.0746136689466486,1.9043375041700301,12.457316222426313,2.1706947442706688,16.43626739554299
396,0.16729612611980207,-0.0037041548719772234,0.18005538473526822,0.18375953960724545,0.012759258615466146,-0.016463413487443374,0.8199446152647318,0.09391520528191322,12.460854997391944,2.076653237919553,1.872928954468465,12.554770202673858,2.1705684432014665,16.504352395061876
397,0.18355944977752517,-0.004280936326524817,0.19656272854924012,0.20084366487576494,0.013003278771714949,-0.01728421509823977,0.8034372714507598,0.08918392272977016,12.266292870523108,2.0760851146206463,1.9458001337227682,12.355476793252878,2.1652690373504164,16.377362041596292
398,0.16953359884382338,-0.004660945916577045,0.17636517401638382,0.18102611993296086,0.0068315751725604446,-0.01149252108913748,0.8236348259836161,0.09095569506519219,12.093230391072906,2.0145609023775,1.87294214596551,12.184186086138098,2.105516597442693,16.071689134481108
399,0.17011141744891134,-0.0029360944896510937,0.18042613995437748,0.18336223444402858,0.01031472250546614,-0.013250816995117237,0.8195738600456225,0.09562497464425057,12.065515666614694,2.039733454269033,1.827765961702264,12.161140641258944,2.135358428913283,16.02864005723024
400,0.18738773506790452,-0.003907680863170723,0.19471381850097083,0.19862149936414156,0.007326083433066316,-0.011233764296237042,0.8052861814990292,0.09827676567801724,12.594243575344633,2.055571603601088,1.7165132373374945,12.69252034102265,2.153848369279105,16.464605181961232
401,0.16584431401105382,-0.0048482279163578395,0.1756797350621222,0.18052796297848003,0.009835421051068383,-0.014683648967426216,0.8243202649378778,0.09148852554208453,12.22445830839234,2.055894384454838,1.9404797954412931,12.315946833934424,2.1473829099969226,16.312321013830555
402,0.1883949185193789,-0.0035523658439790586,0.1986149849707814,0.20216735081476045,0.010220066451402499,-0.013772432295381554,0.8013850150292186,0.0996683390871933,12.635799028402507,2.055255467175428,1.7874122738450886,12.7354673674897,2.1549238062626217,16.578135108510217
403,0.17865377576368155,-0.003988500160848997,0.18817913765357058,0.1921676378144196,0.009525361889889034,-0.01351386205073804,0.8118208623464294,0.09392511977948992,11.984599363492402,2.046626878097774,1.8974512909080214,12.078524483271892,2.140551997877264,16.022602652277687
404,0.19708162899875437,-0.00487777652887614,0.21308019720769514,0.21795797373657128,0.015998568208940772,-0.02087634473781691,0.7869198027923049,0.09331324037821176,12.397536303019741,2.0713534847808805,1.9150316419304279,12.490849543397953,2.164666725159093,16.47723467010926
405,0.17787434408175745,-0.004253401552549472,0.18616021595691276,0.19041361750946223,0.00828587187515531,-0.012539273427704778,0.8138397840430872,0.09267051246300362,11.997579472959895,2.064410378317479,1.8676658641623742,12.090249985422899,2.1570808907804837,16.022326227902752
406,0.1961994887841369,-0.004081994736209744,0.21036962441091817,0.2144516191471279,0.014170135626781266,-0.018252130362991004,0.7896303755890819,0.09178078557172675,12.510162441571369,2.074376979731033,1.8909952279343987,12.601943227143096,2.1661577653027604,16.567315434808528
407,0.1732698192454693,-0.003816354143850202,0.18214776460750132,0.18596411875135152,0.008877945362032014,-0.012694299505882217,0.8178522353924986,0.09108086563790252,11.936992545503397,2.0671140194945874,1.7951846095543722,12.0280734111413,2.1581948851324895,15.89037204019026
408,0.16565447693496713,-0.004302876393530032,0.1770960414905386,0.18139891788406862,0.011441564555571465,-0.01574444094910149,0.8229039585094614,0.08872737947461928,11.936432557196433,2.0569831755560006,1.769264060518985,12.025159936671052,2.145710555030621,15.851407172746038
409,0.15588413068319623,-0.004208498303032486,0.1619799400811438,0.1661884383841763,0.006095809397947571,-0.010304307700980064,0.8380200599188562,0.08809383969039786,12.320544918674155,2.0613233514858695,1.9034906086778438,12.408638758364553,2.1494171911762674,16.373452718528267
410,0.15327127661985762,-0.003800529713043442,0.16426987457257772,0.16807040428562117,0.010998597952720096,-0.01479912766576355,0.8357301254274223,0.09474818932060813,12.399994336047097,2.0640190768346773,1.9038666751790903,12.494742525367705,2.158767266155286,16.462628277381473
411,0.16005686666629867,-0.004268528930747413,0.1715855938287958,0.1758541227595432,0.011528727162497115,-0.015797256093244533,0.8284144061712042,0.0959047008680809,12.113464252653646,2.0752343966481916,1.893174370319434,12.209368953521727,2.1711390975162717,16.177777720489352
412,0.17470172546027413,-0.003458151694457942,0.18780289939166603,0.19126105108612396,0.013101173931391902,-0.016559325625849858,0.8121971006083339,0.09213743540492914,12.184900260889183,2.039000149051285,1.8948997290270047,12.277037696294112,2.1311375844562135,16.2109375743724
413,0.18894888870842055,-0.004581407536948996,0.20174048293900496,0.20632189047595395,0.012791594230584402,-0.017373001767533397,0.7982595170609951,0.09291191720767777,12.157827705409,2.0182001446751663,1.892451907518236,12.250739622616678,2.111112061882844,16.16139167481008
414,0.16889513023287434,-0.0035652428783524716,0.1776594586143985,0.18122470149275097,0.008764328381524161,-0.012329571259876632,0.8223405413856015,0.09108500884079618,12.27543060776567,2.072004469654317,1.9183269828475744,12.366515616606467,2.163089478495114,16.35684706910836
415,0.1740464179170573,-0.004768698380809712,0.1842641224501575,0.1890328208309672,0.010217704533100197,-0.014986402913909902,0.8157358775498424,0.0927211831124719,12.280059641609256,2.0603723868968338,1.845236248729334,12.372780824721728,2.153093570009306,16.278389460347896
416,0.171686451672522,-0.004472353133233396,0.18193797581129065,0.18641032894452406,0.010251524138768647,-0.014723877272002056,0.8180620241887093,0.09102831767207675,12.05937817553708,2.0561780519228297,1.9341511145926713,12.150406493209157,2.1472063695949064,16.14073565972466
417,0.17640231674577675,-0.004730311000352294,0.1889560201341376,0.19368633113448988,0.012553703388360843,-0.01728401438871313,0.8110439798658624,0.08746482890739671,12.11794337683936,2.0567883596087615,1.738866867205699,12.205408205746757,2.1442531885161586,16.001063432561217
418,0.15973004776094094,-0.004254090024126918,0.16961674489010037,0.17387083491422728,0.009886697129159433,-0.014140787153286344,0.8303832551098996,0.09163053614414629,12.29100659847128,2.0312491165272153,1.8581497174874322,12.382637134615427,2.1228796526713625,16.272035968630075
419,0.16303057022112857,-0.004530571173078773,0.17285614185887976,0.17738671303195855,0.00982557163775119,-0.014356142810829975,0.8271438581411202,0.09119905964674402,12.144233421833135,2.050512553580379,1.8052567029541748,12.23543248147988,2.1417116132271232,16.091201738014433
420,0.15863597502523274,-0.003923151838880627,0.17350010876503144,0.17742326060391206,0.014864133739798696,-0.018787285578679314,0.8264998912349686,0.0898682633208292,12.221644926213441,2.0529677635132533,1.825467810961639,12.31151318953427,2.142836026834082,16.189948764009163
421,0.17338947919555778,-0.004153467623420278,0.1814099553912535,0.1855634230146738,0.008020476195695736,-0.012173943819116018,0.8185900446087465,0.08406924497599455,11.79912398517878,2.064030536054265,1.994836517824636,11.883193230154774,2.1480997810302593,15.942060284033674
422,0.1874306411908065,-0.0038644707716332877,0.19634883330698497,0.20021330407861826,0.008918192116178475,-0.012782662887811769,0.8036511666930151,0.09405194076566836,12.112906413131533,2.050512590371527,1.9553827577388283,12.206958353897202,2.144564531137195,16.212853702007557
423,0.16422126473705478,-0.004643726007419602,0.1730327724891111,0.1776764984965307,0.008811507752056302,-0.01345523375947591,0.8269672275108889,0.09390594316793965,11.971075711895093,2.0519704321652608,1.8734679273611743,12.064981655063033,2.145876375333201,15.990420014589468
424,0.17071298327525658,-0.0045038759856621665,0.18021850567384728,0.18472238165950944,0.009505522398590704,-0.014009398384252858,0.8197814943261528,0.09091556598674266,12.4018126492335,2.046777648152897,1.9398998238244864,12.492728215220243,2.1376932141396394,16.479405687197627
425,0.18277904271267398,-0.0038383335709845203,0.19542620645952072,0.19926454003050523,0.01264716374684674,-0.01648549731783125,0.8045737935404793,0.09062389547889715,11.58409740326189,2.038381319867179,1.815939456063198,11.674721298740787,2.1290052153460755,15.529042074671164
426,0.1733288409546718,-0.0034959201879455953,0.17748044040719282,0.1809763605951384,0.0041515994525210265,-0.007647519640466616,0.8225195595928072,0.09037102228644933,12.490755255495966,2.0557713745798463,1.8985226738810965,12.581126277782415,2.1461423968662947,16.535420326243358
427,0.18442660109234682,-0.004275709693998039,0.19373192027106603,0.19800762996506407,0.009305319178719212,-0.013581028872717255,0.806268079728934,0.09031905654657457,12.414895862039678,2.039021015016841,1.901957252191682,12.505214918586253,2.1293400715634148,16.446193185794776
428,0.17013886391259167,-0.003520361906099379,0.18641296279910635,0.18993332470520574,0.016274098886514682,-0.01979446079261407,0.8135870372008936,0.08744617279414335,12.1921232407834,2.0776571594320306,1.833067394709916,12.279569413577544,2.165103332226174,16.19029396771949
429,0.17118254278919937,-0.005224462694751829,0.1819284055583625,0.18715286825311434,0.010745862769163145,-0.01597032546391497,0.8180715944416375,0.0916334971242172,12.0168275218583,2.0489588755533727,1.825777424886395,12.108461018982517,2.14059237267759,15.983197319422285
430,0.16581337070849242,-0.004796657545493767,0.1731387091974224,0.17793536674291618,0.007325338488929994,-0.012121996034423765,0.8268612908025776,0.08634070509362246,12.246036520651309,2.0675779234596217,1.780208352169213,12.332377225744931,2.1539186285532432,16.180163501373766
431,0.16560853339668447,-0.0045720911692560115,0.17241649471013398,0.17698858587938998,0.006807961313449518,-0.011380052482705516,0.827583505289866,0.08680067715937767,12.163963532252154,2.0241490063211014,1.8194302887518123,12.250764209411532,2.11094968348048,16.094343504484446
432,0.16836293937165678,-0.005282114232467937,0.18290442840813909,0.18818654264060702,0.014541489036482308,-0.019823603268950246,0.8170955715918609,0.09398111126163222,11.968728831832617,2.0700743810982534,1.9371126227547002,12.06270994309425,2.1640554923598847,16.069896946947203
433,0.1714200696817475,-0.004051773794255577,0.18247383937480932,0.1865256131690649,0.011053769693061821,-0.015105543487317408,0.8175261606251907,0.0936347272829483,12.382943995813358,2.029121649977043,1.9899561675344977,12.476578723096306,2.1227563772599907,16.495656540607847
434,0.16386342575888774,-0.004673113564883834,0.17406434322733635,0.1787374567922202,0.010200917468448617,-0.014874031033332458,0.8259356567726637,0.09086334473362179,12.69903679191872,2.058659466552726,1.8935229263439624,12.789900136652342,2.1495228112863476,16.74208252954903
435,0.1832764622516252,-0.004737521701862037,0.19011981227857902,0.19485733398044106,0.006843350026953826,-0.011580871728815861,0.809880187721421,0.09395176683500495,12.678931686595215,2.0401409191542985,1.8385418820226498,12.77288345343022,2.1340926859893035,16.651566254607168
436,0.14330524740279113,-0.004305386194247027,0.1502935601981031,0.15459894639235014,0.0069883127953119795,-0.011293698989559009,0.8497064398018969,0.09742160766155905,12.26663153060281,2.0403053771866,1.7841386645582489,12.364053138264369,2.1377269848481593,16.188497180009218
437,0.1874438852644337,-0.0038595503736148216,0.2010218231066774,0.20488137348029223,0.013577937842243704,-0.017437488215858526,0.7989781768933226,0.08748809385747158,12.577202547533401,2.031541928424282,1.902411529633234,12.664690641390873,2.119030022281754,16.59864409944839
438,0.166039953631084,-0.0049288140422206325,0.1740551173942307,0.17898393143645133,0.008015163763146704,-0.012943977805367324,0.8259448826057693,0.09173371707017175,12.359423146118479,2.029627596695791,1.8647979719279935,12.45115686318865,2.1213613137659633,16.345582431812435
439,0.18518886225138995,-0.0044094429913942,0.19708895191277012,0.20149839490416432,0.011900089661380175,-0.016309532652774378,0.8029110480872299,0.09032462070663172,12.363257884595647,2.0718601594417567,1.8983292821051467,12.453582505302279,2.162184780148388,16.423771946849183
440,0.18023975013002388,-0.004372851043044008,0.1901881065985242,0.1945609576415682,0.009948356468500313,-0.01432120751154431,0.8098118934014757,0.08887510616819227,12.165242931252031,2.0627479298181104,1.8963032523741727,12.254118037420223,2.1516230359863036,16.213169219612507
441,0.18080807670228746,-0.003962471352883557,0.20243594319471753,0.20639841454760108,0.021627866492430065,-0.025590337845313615,0.7975640568052824,0.09439942357814424,12.073672024323477,2.0538039908352737,1.8936214848133766,12.168071447901621,2.148203414413418,16.11549692355027
442,0.1657115636064213,-0.004095520971376677,0.1780574297205667,0.18215295069194337,0.012345866114145398,-0.016441387085522063,0.8219425702794333,0.0928888255353737,11.93623085456695,2.0461035172517192,1.872873905637821,12.029119680102324,2.138992342787092,15.948097102991865
443,0.171842457566989,-0.004209222250642795,0.18617137346415283,0.19038059571479563,0.01432891589716384,-0.018538138147806638,0.8138286265358472,0.08949164272788224,12.070333762290385,2.075756175111163,1.979318768252302,12.159825405018267,2.1652478178390457,16.214900348381732
444,0.1908551174501104,-0.004617440386809454,0.20253853343977538,0.20715597382658482,0.011683415989664964,-0.01630085637647441,0.7974614665602247,0.09300087741941532,12.366012535328379,2.0484482322211104,1.8401450117818587,12.459013412747794,2.1414491096405257,16.347606656750763
445,0.1788447512491333,-0.004562068741292323,0.19275227436265438,0.19731434310394672,0.013907523113521086,-0.018469591854813422,0.8072477256373456,0.08929441061133758,12.263121244581928,2.036472084395104,1.8984553687933499,12.352415655193266,2.1257664950064417,16.28734310838172
446,0.18084701006109538,-0.0044136710785434305,0.19224281542087673,0.19665648649942016,0.011395805359781352,-0.015809476438324782,0.8077571845791233,0.09431125985882716,12.301819507772517,2.0468407537218383,1.7535457749102292,12.396130767631345,2.1411520135806654,16.196517296263412
447,0.1779829767935502,-0.004256047539812786,0.18516869496018576,0.18942474249999855,0.007185718166635546,-0.011441765706448337,0.8148313050398143,0.09003416187122859,12.102869096158775,2.022285374721429,1.8072431791220769,12.192903258030004,2.1123195365926573,16.02243181187351
448,0.16302476765655255,-0.004424985336488984,0.18450908168077343,0.18893406701726242,0.02148431402422088,-0.025909299360709875,0.8154909183192266,0.08980196027616572,12.11276012137523,2.036810435492992,2.0451997874358714,12.202562081651395,2.126612395769158,16.28457230458026
449,0.18397505336473513,-0.004934491868383587,0.19357221898486296,0.19850671085324656,0.009597165620127829,-0.01453165748851143,0.806427781015137,0.09193930689404795,12.245867896772438,2.04982974299287,1.8829890570259735,12.337807203666486,2.141769049886917,16.27062600368533
450,0.17251866948861372,-0.00431841500794418,0.18233584686042612,0.1866542618683703,0.009817177371812397,-0.01413559237975659,0.8176641531395739,0.08894398117052127,12.118623370933976,2.0243646351759548,1.8431415167779317,12.207567352104498,2.113308616346476,16.075073504058384
451,0.16662168340073397,-0.004890318918061407,0.18008718614557298,0.1849775050636344,0.013465502744839014,-0.018355821662900423,0.819912813854427,0.09222183491904268,12.329869432326747,2.072664488738848,1.7660346315568844,12.42209126724579,2.1648863236578912,16.260790387541523
452,0.19262506970855145,-0.004062785826840898,0.20581526342832304,0.20987804925516393,0.013190193719771592,-0.01725297954661248,0.794184736571677,0.09213789188874877,12.778382959660782,2.0621971352743795,1.935888033359415,12.87052085154953,2.154335027163129,16.868606020183325
453,0.1814601417111459,-0.0047937916881339825,0.18985401330548368,0.19464780499361767,0.00839387159433777,-0.013187663282471757,0.8101459866945163,0.09302283862874461,12.262366025670897,2.052254985983078,1.8138390803764306,12.355388864299641,2.1452778246118234,16.22148293065915
454,0.16773689063351394,-0.004573052267022702,0.18273174497447112,0.18730479724149382,0.014994854340957181,-0.019567906607979885,0.8172682550255289,0.08838367300351635,12.110098007872669,2.063459248836562,1.774694641771898,12.198481680876185,2.1518429218400774,16.036635571484645
455,0.19363167947880228,-0.00434117565799304,0.20860844579049498,0.21294962144848803,0.014976766311692702,-0.019317941969685754,0.791391554209505,0.0921311691171649,11.939867424368508,2.087931086093267,1.8388374996953534,12.031998593485673,2.1800622552104327,15.958767179274293
456,0.1608914690572222,-0.004612411091730301,0.17447072346747802,0.17908313455920832,0.013579254410255814,-0.018191665501986115,0.825529276532522,0.09366339617971953,12.206184356409988,2.0571548410058327,1.7327143000248224,12.299847752589708,2.150818237185552,16.089716893620363
457,0.19000451263236479,-0.0035991724763942963,0.20084478740486544,0.20444395988125974,0.010840274772500658,-0.014439447248894954,0.7991552125951346,0.09498625263861094,12.2125185915751,2.0708709146782223,1.8738998244880012,12.30750484421371,2.165857167316833,16.252275583379934
458,0.1713900415828506,-0.0035763904464468877,0.18309113935646254,0.18666752980290943,0.011701097773611946,-0.015277488220058838,0.8169088606435375,0.09325892924399248,12.122029852459365,2.0724048454435184,1.913787456039394,12.215288781703357,2.1656637746875114,16.20148108318627
459,0.14134623719152628,-0.004738789274871837,0.15243092423192872,0.15716971350680056,0.011084687040402441,-0.015823476315274282,0.8475690757680713,0.09036989934963202,11.843334437562515,2.050987512596299,1.8975144444519003,11.933704336912147,2.14135741194593,15.882206293960346
460,0.17530485550775163,-0.004068827355067656,0.18370085686444326,0.18776968421951093,0.008396001356691635,-0.012464828711759302,0.8162991431355567,0.08883663648455276,12.394743958890654,2.0351601756571913,1.8997038155913515,12.483580595375207,2.1239968121417445,16.41844458662375
461,0.18634600279394697,-0.005739731321366393,0.19890660986085706,0.20464634118222347,0.01256060706691009,-0.018300338388276494,0.8010933901391429,0.08887545368666316,11.961539215220768,2.0320317547068445,1.946789988949348,12.05041466890743,2.1209072083935077,16.029236412563623
462,0.1459230074927943,-0.003353585519428964,0.15848405502060384,0.1618376405400328,0.012561047527809538,-0.015914633047238502,0.8415159449793962,0.08999442538803137,12.06117999676059,2.054043253889276,1.9236444776819717,12.151174422148621,2.1440376792773064,16.12886215371987
463,0.16251571351974647,-0.003833939314756612,0.1754048811252066,0.17923882043996323,0.012889167605460133,-0.01672310692021675,0.8245951188747934,0.09050756987553044,12.155204702385163,2.0800427753162634,1.7254214561440566,12.245712272260693,2.1705503451917947,16.051176503721013
464,0.18641900388331925,-0.0047461062030392225,0.19377562507723847,0.1985217312802777,0.007356621193919222,-0.012102727396958446,0.8062243749227616,0.09227266154066172,12.187807007966658,2.05518880723322,1.8856535536991803,12.28007966950732,2.147461468773881,16.22092203043972
465,0.17212418674670188,-0.00482584151562385,0.18028400141226475,0.1851098429278886,0.00815981466556287,-0.012985656181186717,0.8197159985877353,0.0880163525634341,12.230151538408789,2.055291476309524,1.7827454221653163,12.318167890972223,2.143307828872958,16.156204789447063
466,0.1608260038022693,-0.0046616066424409065,0.17144762004667308,0.176109226689114,0.010621616244403775,-0.015283222886844694,0.828552379953327,0.08893675643758847,12.068072139781375,2.0599820324591374,1.8984659916457893,12.157008896218963,2.148918788896726,16.11545692032389
467,0.1753459336921234,-0.004120693812302626,0.1840792637332983,0.18819995754560093,0.008733330041174908,-0.01285402385347753,0.8159207362667017,0.09393239101385298,12.142789335158737,2.064500843951123,1.8082870701264824,12.23672172617259,2.158433234964976,16.109509640250195
468,0.1767449654004928,-0.003946872173727975,0.1886723492937324,0.19261922146746036,0.01192738389323958,-0.015874256066967546,0.8113276507062677,0.0934663656473731,12.440958120944032,2.062623072605909,1.971917993630889,12.534424486591405,2.1560894382532823,16.568965552828203
469,0.1711595018612816,-0.004414566401315632,0.1877062562908158,0.19212082269213143,0.01654675442953421,-0.02096132083084984,0.8122937437091842,0.09069552938017011,12.052707506793627,2.0576810043873586,1.8902339362252683,12.143403036173797,2.148376533767529,16.091317976786424
470,0.18164299479934823,-0.004504292106151312,0.19438742847806056,0.19889172058421187,0.012744433678712336,-0.01724872578486364,0.8056125715219394,0.09056439978632369,12.36107390698563,2.0732385703097975,1.8711019197350929,12.451638306771954,2.1638029700961203,16.395978796816845
471,0.17495641963365252,-0.004343951731915041,0.18723411876292054,0.19157807049483558,0.012277699129268016,-0.016621650861183057,0.8127658812370795,0.090231701730497,11.80976541753724,2.040063352619894,1.8562898572770745,11.899997119267738,2.130295054350391,15.796350329164706
472,0.15060140696085644,-0.004347083882137317,0.15941528941940641,0.16376237330154372,0.008813882458549971,-0.01316096634068728,0.8405847105805936,0.09178840017800738,12.471569493212638,2.061857433930099,1.9330622299041789,12.563357893390645,2.153645834108107,16.558277557224923
473,0.19307744486652267,-0.0035354237502093562,0.20282659663316288,0.20636202038337223,0.009749151766640207,-0.013284575516849556,0.7971734033668372,0.0924718363685102,12.17898197208259,2.0821130939250665,1.933711731080324,12.271453808451101,2.1745849302935767,16.28727863345649
474,0.16606251474557907,-0.004650929434139003,0.17368714181623657,0.17833807125037557,0.0076246270706575026,-0.012275556504796503,0.8263128581837634,0.09172457366734754,11.743444897762686,2.050495767982291,1.8654989563777846,11.835169471430033,2.142220341649638,15.751164195790109
475,0.1799117448557649,-0.0029753386948109563,0.19349533041543876,0.1964706691102497,0.013583585559673872,-0.016558924254484825,0.8065046695845612,0.09231301109465306,12.414507457813244,2.044362505900928,1.8947115537397359,12.506820468907897,2.136675516995582,16.44589452854856
476,0.19139030289731726,-0.0043165400244649064,0.204493808052243,0.2088103480767079,0.013103505154925726,-0.017420045179390636,0.7955061919477571,0.09126860552482974,12.249659207583912,2.0533966624171693,1.8957412326062926,12.340927813108742,2.1446652679419986,16.290065708132204
477,0.17692490481352752,-0.004658616512273148,0.19125577422843973,0.19591439074071287,0.014330869414912212,-0.018989485927185357,0.8087442257715602,0.09296195060853663,12.146559820885152,2.0554371575317028,1.9736952140909914,12.239521771493688,2.14839910814024,16.268654143116382
478,0.1950594308750162,-0.004586208041830337,0.20379165097397786,0.2083778590158082,0.008732220098961657,-0.013318428140791982,0.7962083490260221,0.09674967831469594,12.50452567203278,2.0477848331861477,1.9554311033827787,12.601275350347477,2.1445345115008436,16.604491286916403
479,0.17114028752573832,-0.004207972132023115,0.18219455015396363,0.18640252228598675,0.011054262628225314,-0.015262234760248433,0.8178054498460363,0.09223998577681236,12.35661169279546,2.030253620120547,1.8996029708020181,12.448851678572272,2.122493605897359,16.378708269494837
480,0.16533150856189227,-0.0038566877117696702,0.17748516867854638,0.18134185639031605,0.012153660116654114,-0.016010347828423782,0.8225148313214536,0.0926709732569364,12.321326185845948,2.0316079691867763,2.0010318645753706,12.413997159102884,2.1242789424437136,16.44663699286503
481,0.17852211292221698,-0.004085413046792109,0.19035022625981013,0.19443563930660224,0.011828113337593149,-0.015913526384385257,0.8096497737401899,0.09156220583682106,12.129672657342445,2.0655097757231324,1.8114192568626457,12.221234863179266,2.1570719815599535,16.098163895765044
482,0.17247474066753068,-0.005214293074491265,0.18121955542762244,0.1864338485021137,0.008744814760091757,-0.013959107834583012,0.8187804445723775,0.08889249142068145,12.023616601394053,2.053335770518382,1.8159528019830535,12.112509092814735,2.1422282619390627,15.98179766531617
483,0.18061697009592237,-0.004775599016797416,0.19149915881301188,0.1962747578298093,0.010882188717089514,-0.01565778773388693,0.8085008411869881,0.08928612619094345,12.200748039874993,2.03856695000575,1.7356149861424495,12.290034166065936,2.1278530761966934,16.064216102214136
484,0.1762336372981629,-0.005159277582617949,0.18642647385658728,0.19158575143920523,0.010192836558424373,-0.015352114141042317,0.8135735261434127,0.08871055279941586,11.961653984147656,2.058508592157416,1.8634897734076326,12.050364536947072,2.147219144956832,15.97236290251212
485,0.19476310277150477,-0.004874017751045756,0.20636600703393354,0.2112400247849793,0.01160290426242877,-0.016476922013474532,0.7936339929660665,0.09241569751551992,12.66265445747949,2.053867782391423,1.9636670837659995,12.75507015499501,2.146283479906944,16.772605021152433
486,0.16413683325598794,-0.004632002930746804,0.17319518412025425,0.17782718705100106,0.009058350864266318,-0.013690353795013127,0.8268048158797457,0.09168927284569861,11.799542446022619,2.042415756726145,1.889491198640762,11.891231718868317,2.1341050295718436,15.823138674235224
487,0.19290227624557504,-0.004451279307694332,0.20500753065622765,0.209458809963922,0.012105254410652605,-0.01655653371834695,0.7949924693437723,0.09430785417394993,12.744358069191254,2.090687341039878,1.8772466213927235,12.838665923365204,2.184995195213828,16.806599885797805
488,0.176725711901856,-0.004247905263719924,0.18693982028262981,0.19118772554634975,0.010214108380773829,-0.01446201364449376,0.8130601797173702,0.08994814739953938,12.177761142536454,2.0679984784237107,1.8917845063393308,12.267709289935993,2.15794662582325,16.227492274699035
489,0.16992226636015667,-0.0047268690137375995,0.18176722156677225,0.18649409058050984,0.011844955206615576,-0.016571824220353165,0.8182327784332277,0.09340451983207387,12.416299918045178,2.073985755842468,1.8043370911324264,12.509704437877252,2.1673902756745425,16.388027284852146
490,0.18250233193358237,-0.004539273821298627,0.19248384831505627,0.1970231221363549,0.009981516381473904,-0.014520790202772527,0.8075161516849437,0.09320057851163988,11.883552302943299,2.060288277438735,1.8430536227813228,11.976752881454939,2.153488855950375,15.880094781674996
491,0.17116003318691722,-0.0034249925740659115,0.1796280169402395,0.18305300951430542,0.008467983753322278,-0.0118929763273882,0.8203719830597604,0.0935791447215415,12.036849192502356,2.06194228436593,1.8089206650557301,12.130428337223897,2.155521429087472,16.001291286645557
492,0.17878764896394847,-0.0033039440746930517,0.18921092413485843,0.1925148682095515,0.010423275170909962,-0.013727219245603023,0.8107890758651416,0.09263580452225639,12.122247005182906,2.0399502840440835,1.8117403337343898,12.214882809705163,2.132586088566339,16.066573427483636
493,0.1683338759253705,-0.004805345657677394,0.1765494463935698,0.1813547920512472,0.00821557046819929,-0.013020916125876691,0.8234505536064303,0.09215613531002376,12.043086835659155,2.06297734937748,1.8306246309739738,12.135242970969179,2.155133484687504,16.028844951320632
494,0.18633661575016733,-0.004755194766458426,0.19588726847263163,0.20064246323909005,0.009550652722464303,-0.014305847488922718,0.8041127315273684,0.08942867694490353,12.192343690648716,2.0505550740156995,1.7630396323679527,12.28177236759362,2.139983750960603,16.095367073977272
495,0.16480301947077652,-0.004741733523785913,0.17622101837184637,0.18096275189563227,0.011417998901069842,-0.016159732424855744,0.8237789816281537,0.08767944386177717,11.929002251430415,2.049681212422355,1.802524293348073,12.016681695292192,2.137360656284132,15.86888720106262
496,0.17944688842852258,-0.004562639616645681,0.1911484284891156,0.19571106810576128,0.011701540060593013,-0.0162641796772387,0.8088515715108844,0.08779423331236202,12.057537288140317,2.056170597400719,1.9888893668974816,12.145331521452679,2.143964830713081,16.19039148575088
497,0.16957932973866258,-0.005163380501659009,0.1779813786411964,0.1831447591428554,0.00840204890253382,-0.013565429404192836,0.8220186213588037,0.08936301691493043,12.26483942285839,2.0380369192009766,1.8417700840323938,12.35420243977332,2.127399936115908,16.23400944300669
498,0.16559438361468704,-0.004380947485880325,0.1821246812585832,0.18650562874446353,0.016530297643896158,-0.02091124512977649,0.8178753187414168,0.0938852343826646,12.151460280098936,2.06128928705121,1.8850001337549624,12.2453455144816,2.155174521433874,16.191634935287773
499,0.16019496687338347,-0.003994633148031575,0.16884882630360432,0.1728434594516359,0.008653859430220845,-0.01264849257825243,0.8311511736963957,0.08956443701899808,12.184486730738566,2.047809580811009,1.8331588009515958,12.274051167757564,2.1373740178300062,16.15501954952017
500,0.16019641294564976,-0.004606103172337167,0.1678745459976979,0.17248064917003508,0.007678133052048147,-0.01228423622438532,0.8321254540023021,0.09062379683907196,12.469141967094028,2.006995478231282,1.827057890402127,12.5597657639331,2.097619275070353,16.39381913256651
501,0.1804399156003263,-0.004299000218305375,0.19453657610959554,0.19883557632790091,0.014096660509269249,-0.01839566072757462,0.8054634238904045,0.09200893870224647,12.442811565776532,2.0528273860281576,1.8775282522815466,12.534820504478779,2.1448363247304036,16.465176142788483
502,0.15099768289181892,-0.004648821404164427,0.16158584610628995,0.16623466751045438,0.010588163214471036,-0.015236984618635457,0.83841415389371,0.0958241398695705,12.18031199971502,2.1032406213495225,1.8585205720826163,12.27613613958459,2.199064761219092,16.23789733301673
503,0.17336860129934098,-0.004628129514756591,0.17942225621820562,0.1840503857329622,0.006053654918864643,-0.010681784433621222,0.8205777437817944,0.08702957929905253,12.166772840526235,2.08761910438532,1.7911459267897794,12.253802419825288,2.174648683684373,16.132567451000387
504,0.1494081711918445,-0.003976073918139665,0.16139666581407067,0.16537273973221034,0.011988494622226176,-0.015964568540365848,0.8386033341859294,0.09077873061085029,12.030772344271664,2.060733143523535,1.908615592774776,12.121551074882515,2.151511874134385,16.090899811180826
505,0.16583509931398158,-0.004031595866474503,0.1776107280346289,0.1816423239011034,0.01177562872064733,-0.015807224587121832,0.8223892719653711,0.08943159312105031,12.015287676721039,2.063308968863547,1.8069479008024558,12.10471926984209,2.152740561984597,15.974976139508092
506,0.1949426596974425,-0.004731917958530449,0.20400862855099203,0.20874054650952248,0.009065968853549516,-0.013797886812079968,0.795991371449008,0.09341922171025452,12.730637621407876,2.041408839111117,1.9537089488963044,12.82405684311813,2.1348280608213726,16.819174631125552
507,0.17380027617428337,-0.002836940119113915,0.1843137786233602,0.18715071874247413,0.01051350244907684,-0.013350442568190762,0.8156862213766398,0.09689477794056778,12.003711558692064,2.0588990631938113,1.7954268631124144,12.100606336632632,2.155793841134379,15.954932262938858
508,0.17624741848584247,-0.0054017133077790035,0.18610711996131557,0.19150883326909457,0.009859701475473104,-0.015261414783252103,0.8138928800386844,0.08975050477988944,12.328247821223517,2.047953597291139,1.8307972638775905,12.417998326003406,2.1377041020710283,16.296749187172136
509,0.1742702186739676,-0.004621606960745041,0.18380586665887666,0.1884274736196217,0.009535647984909051,-0.01415725494565409,0.8161941333411233,0.09071136805789948,12.372865767668287,2.0462158197027556,1.8390102036966738,12.463577135726187,2.136927187760655,16.348803159125616
510,0.18200507359555287,-0.004902493497994836,0.18827557659681138,0.19317807009480623,0.006270503001258504,-0.011172996499253351,0.8117244234031886,0.09851496481973498,12.478306715411595,2.093295013193716,1.8724210249193423,12.57682168023133,2.1918099780134503,16.542537718344388
511,0.19315813609439017,-0.004530911892223738,0.20587500833258487,0.2104059202248086,0.012716872238194704,-0.017247784130418442,0.7941249916674151,0.09324167415632445,12.44185530283999,2.0457914815604283,1.8355722737164122,12.535096976996314,2.139033155716753,16.416460732273155
512,0.15446997876742685,-0.0048511334496452495,0.17837143525359306,0.1832225687032383,0.023901456486166206,-0.02875258993581145,0.821628564746407,0.0941255034314441,12.559679746633162,2.075850065158864,2.038138331670149,12.653805250064606,2.1699755685903073,16.76779364689362
513,0.17262748543484388,-0.0038298668962123295,0.18642913713742107,0.1902590040336334,0.013801651702577189,-0.01763151859878953,0.813570862862579,0.09377514888232774,12.137584392129176,2.0390674038063192,1.935809877338988,12.231359541011503,2.132842552688647,16.20623682215681
514,0.18893559812908406,-0.004467434088304108,0.19689881100400752,0.20136624509231163,0.007963212874923464,-0.01243064696322757,0.8031011889959925,0.09246970290891987,12.273480634776186,2.0384831300246606,1.8608362435544183,12.365950337685106,2.1309528329335805,16.265269711264185
515,0.19728296927985461,-0.004500109780572661,0.20712235154123285,0.2116224613218055,0.009839382261378232,-0.014339492041950896,0.7928776484587672,0.09414232292697555,12.368221762432547,2.0420736329492097,1.8524999350818767,12.462364085359523,2.1362159558761844,16.35693765339061
516,0.1620582883758192,-0.004295268528367357,0.171867605301531,0.17616287382989837,0.009809316925711797,-0.014104585454079166,0.828132394698469,0.09077855369191212,12.50548563059973,2.0846522780344046,1.7852564423339015,12.596264184291643,2.175430831726317,16.46617290465995
517,0.1856137573491805,-0.005028647583780512,0.1950226563922883,0.20005130397606882,0.009408899043107793,-0.014437546626888315,0.8049773436077117,0.09156199839477708,12.59111948508425,2.0452221834829967,1.7489612192803943,12.682681483479026,2.1367841818777733,16.476864886242417
518,0.19541271701642768,-0.004706830712924091,0.20593569181867363,0.21064252253159774,0.010522974802245955,-0.015229805515170058,0.7940643081813263,0.09035595299689803,12.293450681593196,2.035932218456514,1.8783121657587802,12.383806634590094,2.126288171453412,16.29805101880539
519,0.1901805084829448,-0.00424174878937268,0.19857738354053767,0.20281913232991033,0.008396875057592873,-0.012638623846965541,0.8014226164594623,0.08726219182819506,12.231319588917469,2.0366264315379503,1.8677089427526141,12.318581780745664,2.1238886233661463,16.222917155036228
520,0.19051168337650246,-0.004302984186879518,0.2007691289689112,0.20507211315579071,0.010257445592408737,-0.014560429779288259,0.7992308710310888,0.09281355166367078,12.4062463831154,2.0715605934990045,1.9029033163620799,12.499059934779071,2.1643741451626752,16.473523844640155
521,0.16360983931502926,-0.0034469693040744447,0.17444306028879883,0.17789002959287328,0.01083322097376957,-0.014280190277844024,0.8255569397112011,0.08738587455693647,11.836302030372618,2.0572781756461502,1.988900389206604,11.923687904929555,2.1446640502030863,15.969866469782309
522,0.16961601556745273,-0.004112093251397641,0.17920938435667214,0.18332147760806977,0.009593368789219403,-0.013705462040617039,0.8207906156433279,0.09169927935017874,12.472476315039088,2.06592828135755,1.872885028181889,12.564175594389267,2.157627560707728,16.502988903928706
523,0.15921324585842972,-0.004220880788659554,0.16780511562366854,0.1720259964123281,0.008591869765238819,-0.012812750553898383,0.8321948843763315,0.09105030842278161,12.068754139744817,2.0374483646975783,1.896237270107516,12.159804448167598,2.12849867312036,16.093490082972693
524,0.17600065938134485,-0.0041606741973687494,0.18578170272149047,0.18994237691885923,0.009781043340145623,-0.013941717537514386,0.8142182972785095,0.09506874851335567,12.123450660969944,2.050026031291779,1.8933639783678196,12.2185194094833,2.1450947798051354,16.161909419142898
525,0.1767882542990986,-0.002530938218557405,0.19277967317071903,0.19531061138927644,0.015991418871620422,-0.018522357090177827,0.807220326829281,0.09299001700756016,12.318149080934504,2.062761905951021,1.8524130516246284,12.411139097942064,2.15575192295858,16.326314055517713
526,0.16902810213459551,-0.004289620154215517,0.1779565972022312,0.18224621735644672,0.008928495067635683,-0.013218115221851207,0.8220434027977688,0.09197934560121013,12.09081060377226,2.054762786118106,1.8674521185264155,12.18278994937347,2.1467421317193156,16.10500485401799
527,0.1543653125023768,-0.003800959440985437,0.16572642675844834,0.16952738619943378,0.01136111425607153,-0.015162073697056966,0.8342735732415516,0.09082320071710548,11.944420483919732,2.06435455271804,1.973937006642812,12.035243684636837,2.1551777534351446,16.07353524399769
528,0.16747542635402277,-0.004534300449695551,0.17867617913870865,0.1832104795884042,0.01120075278468588,-0.01573505323438143,0.8213238208612914,0.08877701522889048,12.237903907131251,2.0411772793571092,1.9673493681458645,12.326680922360142,2.1299542945860006,16.335207569863115
529,0.17621005586487012,-0.004521777963646371,0.18657015520350814,0.1910919331671545,0.010360099338638018,-0.01488187730228438,0.8134298447964918,0.09673739896094347,12.139675197472474,2.067031482369096,1.864482490015444,12.236412596433418,2.1637688813300384,16.167926568817958
530,0.18532139461934946,-0.0040844904858402704,0.19409867029555924,0.19818316078139953,0.008777275676209784,-0.012861766162050065,0.8059013297044407,0.0915679689370883,11.80078349885859,2.047997963318547,1.7589807957399977,11.892351467795677,2.1395659322556346,15.699330226854222
531,0.1720295815149996,-0.004350966118654102,0.18020588369005913,0.18455684980871323,0.008176302175059519,-0.012527268293713617,0.8197941163099409,0.09479674543927175,12.591926195804708,2.0622040811319486,1.9632354227380748,12.68672294124398,2.157000826571221,16.712162445114004
532,0.17862823304252662,-0.004633457727151501,0.1881464756703752,0.19277993339752672,0.009518242627848589,-0.014151700355000102,0.8118535243296248,0.09134054642404443,12.384349322441203,2.0336626103262674,1.973932576915109,12.475689868865247,2.1250031567503123,16.483285056106624
533,0.17791352793351511,-0.004981444944570749,0.18552429692655442,0.19050574187112518,0.007610768993039307,-0.012592213937610064,0.8144757030734455,0.08974465991852831,12.21799744251003,2.053357697105847,1.9252342598480947,12.30774210242856,2.1431023570243752,16.2863340593825
534,0.17129622799169592,-0.004467263935838404,0.1879252462967057,0.1923925102325441,0.01662901830500979,-0.021096282240848196,0.8120747537032943,0.09058970297303048,12.358479024904558,2.0161489299756266,1.9138892226737791,12.449068727877588,2.106738632948657,16.379106880526994
535,0.18024003356924867,-0.00513291712774481,0.18854815068084285,0.19368106780858765,0.008308117111594182,-0.013441034239338984,0.8114518493191571,0.09179833149578798,12.328127851744611,2.0602444594402574,1.8682495809109856,12.419926183240399,2.1520427909360453,16.348420223591642
536,0.17140163694086294,-0.004998646388868157,0.18616351604841036,0.19116216243727852,0.014761879107547421,-0.019760525496415576,0.8138364839515897,0.09218123501302955,12.26383319813296,2.0502041802735764,1.8215009012946854,12.35601443314599,2.142385415286606,16.227719514714252
537,0.1569304100149116,-0.00425809688644834,0.16807261391550224,0.1723307108019506,0.011142203900590647,-0.015400300787038995,0.8319273860844978,0.09454666703097203,12.059148416653507,2.053675912680241,1.891537450056827,12.153695083684479,2.148222579711213,16.098908446421547
538,0.16477818999045313,-0.004249577504786421,0.17586995592640273,0.18011953343118914,0.011091765935949599,-0.01534134344073601,0.8241300440735972,0.0950779353383826,11.882208248862128,2.063514148293656,1.770429020378275,11.97728618420051,2.158592083632038,15.811229352872441
539,0.1866082746546489,-0.00391231281779782,0.19654872523151298,0.2004610380493108,0.009940450576864074,-0.013852763394661904,0.803451274768487,0.09397686932867266,12.42753691590007,2.0180911463736884,1.766087084876494,12.521513785228743,2.112068015702362,16.305692016478925
540,0.1569535144119226,-0.005078236213719985,0.1681281890079944,0.17320642522171437,0.011174674596071799,-0.01625291080979177,0.8318718109920056,0.0939596506670366,11.798447152010743,2.0683786264809783,1.8831362218785763,11.89240680267778,2.162338277148015,15.843921651037334
541,0.16989882978888451,-0.0036198814681181932,0.18066367489721424,0.18428355636533245,0.01076484510832973,-0.014384726576447932,0.8193363251027858,0.09602584120066737,11.980598283528536,2.0597300949726396,1.9051017468431688,12.076624124729204,2.155755936173307,16.041455966545012
542,0.1786677645614824,-0.004693192331767757,0.19036525647538305,0.1950584488071508,0.011697491913900654,-0.01639068424566842,0.809634743524617,0.08809283229650333,12.500610125769917,2.0585730308243324,1.8956728779111298,12.58870295806642,2.1466658631208366,16.542948866801883
543,0.1531882620059792,-0.004024052143856136,0.16509941704568232,0.16912346918953847,0.011911155039703109,-0.015935207183559258,0.8349005829543177,0.09018750762919403,11.67849986646143,2.0826980099551946,1.9001190670200376,11.768687374090623,2.1728855175843886,15.751504451065856
544,0.18901679386903514,-0.004132803052431527,0.19998658037613365,0.20411938342856517,0.010969786507098511,-0.015102589559530033,0.8000134196238664,0.0942439886510158,12.133961126528867,2.0370925491427077,1.9099483614089383,12.228205115179883,2.1313365377937243,16.17524602573153
545,0.16688406722829258,-0.004404405909998594,0.18058963849272508,0.18499404440272368,0.013705571264432503,-0.018109977174431108,0.819410361507275,0.0939562360783075,12.488198851073037,2.056633898884302,1.8426558735625171,12.582155087151344,2.1505901349626084,16.481444859598163
546,0.16411709147791528,-0.0044553337164917614,0.17874530388694887,0.18320063760344063,0.014628212409033586,-0.019083546125525347,0.8212546961130511,0.09065430315801137,12.110328858705572,2.0290081579966284,2.018519216964606,12.200983161863583,2.1196624611546397,16.248510536824817
547,0.17503790945144182,-0.0038621831701580057,0.1835846248293182,0.18744680799947622,0.00854671537787638,-0.012408898548034397,0.8164153751706817,0.09498675334752882,12.303014749626241,2.0611879703802636,1.8179624980061106,12.39800150297377,2.1561747237277924,16.277151971360144
548,0.14377042300098455,-0.0040801947856690295,0.15296397562870628,0.15704417041437532,0.00919355262772173,-0.013273747413390768,0.8470360243712938,0.09124224579938911,12.092162224407984,2.039590624904241,1.7731824661570972,12.183404470207373,2.13083287070363,15.996177561268711
549,0.1747828789532461,-0.003824146596277785,0.1836441720035215,0.1874683185997993,0.008861293050275415,-0.012685439646553193,0.8163558279964784,0.08767574231538333,12.01299646115352,2.0503847121282277,1.925459035093457,12.100672203468903,2.138060454443611,16.076515950690588
550,0.16979636334231074,-0.004458686322852125,0.19027412620197884,0.19473281252483096,0.020477762859668097,-0.02493644918252022,0.8097258737980212,0.0866190292591078,12.158267859988658,2.071447798979717,1.770918516373511,12.244886889247766,2.1580668282388253,16.087253204600994
551,0.1659990716546704,-0.0041946400219029685,0.1794954354177192,0.18369007543962218,0.013496363763048802,-0.01769100378495178,0.8205045645822808,0.0912281573864675,12.169579709091998,2.0371853848220987,1.7734674717979502,12.260807866478466,2.128413542208567,16.071460723098514
552,0.1620739473561613,-0.004606774257867829,0.17072446663309984,0.17533124089096766,0.00865051927693855,-0.01325729353480637,0.8292755333669002,0.0928514484287728,12.205739784512696,2.070760638164149,1.813728979494929,12.298591232941469,2.163612086592922,16.183080850600547
553,0.17741355118561014,-0.005450755616901662,0.194871971720882,0.20032272733778367,0.017458420535271857,-0.022909176152173527,0.805128028279118,0.09684549429806211,12.326446106581724,2.07034865592772,1.9191988816321448,12.423291600879786,2.167194150225783,16.41283913843965
554,0.17395631724706914,-0.0036929653881504184,0.18382739775999057,0.187520363148141,0.009871080512921432,-0.013564045901071853,0.8161726022400094,0.09422261743261195,12.506988190172585,2.071755844921867,1.8097890055217558,12.601210807605197,2.1659784623544787,16.48275565804882
555,0.19347333964231678,-0.0036422497246093835,0.20341037964727116,0.20705262937188054,0.009937040004954378,-0.013579289729563765,0.7965896203527288,0.09035531160328958,12.563136576147759,2.0391401755875656,1.8701760014131779,12.653491887751048,2.1294954871908542,16.562808064751792
556,0.1544865536339362,-0.004361209710992202,0.17037994274472237,0.1747411524557146,0.015893389110786166,-0.02025459882177838,0.8296200572552777,0.09244179192398683,12.327535509644948,2.0730326666885226,1.9150528910299194,12.419977301568935,2.1654744586125094,16.408062859287377
557,0.1743097309398417,-0.004533121858156149,0.18585303636106812,0.19038615821922428,0.011543305421226419,-0.016076427279382577,0.8141469636389319,0.09232263185875844,12.018985977997612,2.06141359006158,1.8673069235163933,12.111308609856371,2.1537362219203375,16.040029123434344
558,0.19382134796393602,-0.004361607930344208,0.20190122731254895,0.20626283524289316,0.008079879348612928,-0.012441487278957136,0.7980987726874511,0.09882414693443842,12.442519443750255,2.030900131529938,1.7743694489783675,12.541343590684694,2.129724278464377,16.346613171193
559,0.1828843841525621,-0.0043151687416131635,0.1913778539247826,0.19569302266639577,0.008493469772220485,-0.012808638513833653,0.8086221460752174,0.08663905950973039,12.323718772924646,2.0263359968696726,1.858520380170459,12.410357832434377,2.1129750563794025,16.29521420947451
560,0.16808810210941727,-0.00485812619023158,0.18217331001326736,0.18703143620349894,0.014085207903850094,-0.018943334094081665,0.8178266899867326,0.09049806368398272,12.325220089464311,2.070348137454454,1.897155664187471,12.415718153148294,2.1608462011384364,16.38322195479022
561,0.17262946069720897,-0.00460094998103738,0.18212586364284955,0.18672681362388693,0.00949640294564058,-0.014097352926677964,0.8178741363571504,0.09106396686359197,11.881839895788382,2.0452938980192368,1.825476107040899,11.972903862651973,2.1363578648828296,15.84367386771211
562,0.16139511088849637,-0.0038585318143621334,0.16944031049363867,0.1732988423080008,0.0080451996051423,-0.011903731419504432,0.8305596895063614,0.09581682818005532,11.957803537727404,2.074411929866173,1.8855871407975755,12.05362036590746,2.1702287580462283,16.013619436571208
563,0.18069378487796914,-0.002433665155857149,0.19149050110637442,0.19392416626223158,0.010796716228405279,-0.01323038138426244,0.8085094988936256,0.09308666860337311,12.41189932877296,2.058697416387451,1.9203721375447333,12.504985997376334,2.1517840849908243,16.48405555130852
564,0.1807868161428462,-0.00487311293839078,0.18695179889859656,0.19182491183698733,0.0061649827557503645,-0.011038095694141131,0.8130482011014034,0.09173672438262415,11.932123990192853,2.0474665163892567,1.84793633569703,12.023860714575477,2.13920324077188,15.919263566661764
565,0.16910606367334804,-0.004679274373518376,0.183472561098113,0.18815183547163136,0.014366497424764951,-0.019045771798283317,0.8165274389018871,0.0908444607016623,12.24677635914887,2.0836757204821073,1.871641034739893,12.337620819850532,2.1745201811837696,16.292937575072532
566,0.1631549153086326,-0.004665847848237323,0.17081076952937918,0.1754766173776165,0.007655854220746577,-0.012321702068983892,0.8291892304706208,0.09072420605599518,12.03370727370842,2.0640363394800083,1.9024882025378815,12.124431479764414,2.1547605455360035,16.090956021782304
567,0.16644580094535183,-0.003269814965550124,0.17966791920783995,0.18293773417339007,0.01322211826248812,-0.01649193322803824,0.82033208079216,0.09388160596903461,12.32534454840294,2.025402783253197,1.8514300729859663,12.419226154371975,2.1192843892222317,16.29605901061114
568,0.17509267999152658,-0.004720947537734563,0.18159439054366663,0.1863153380814012,0.00650171055214005,-0.011222658089874604,0.8184056094563333,0.08889994736165363,12.301946045711258,2.012501458864085,1.8316992649038415,12.390845993072912,2.1014014062257385,16.235046716840838
569,0.16890312633978474,-0.004639173209197615,0.17961755973560875,0.18425673294480638,0.010714433395824008,-0.015353606605021636,0.8203824402643912,0.09530996663664837,12.012692086855857,2.079118544691262,1.9185079956541529,12.108002053492505,2.1744285113279114,16.10562859383792
570,0.1549396640513932,-0.0048859428558294775,0.16404830029143816,0.16893424314726763,0.00910863624004496,-0.013994579095874426,0.8359516997085619,0.09053356639577359,12.173667649390666,2.048121699495322,1.9932407868818238,12.26420121578644,2.138655265891096,16.305563702163585
571,0.1735788793606888,-0.0049495937742869405,0.18567673251785424,0.19062632629214118,0.012097853157165439,-0.01704744693145238,0.8143232674821458,0.09040803531500607,12.42353127994644,2.037930089793095,1.9053665234134112,12.513939315261446,2.1283381251081015,16.457235928467952
572,0.18453037539851191,-0.004400763049301117,0.19207864007353836,0.19647940312283949,0.00754826467502645,-0.011949027724327571,0.8079213599264616,0.08880757915708237,12.359586591526602,2.0314966514268846,1.860461648169892,12.448394170683684,2.1203042305839666,16.34035247028046
573,0.16271286615782218,-0.004141444384762274,0.16941860417747845,0.17356004856224072,0.0067057380196562655,-0.010847182404418537,0.8305813958225216,0.08747366447007465,12.035141151689832,2.066257456565747,1.8265433634769224,12.122614816159906,2.153731121035821,16.015415636202576
574,0.18429942599732227,-0.005431970283336067,0.1922788414076426,0.19771081169097865,0.007979415410320323,-0.01341138569365638,0.8077211585923574,0.09303652180898325,12.386637889997072,2.0519318162153333,1.864942630398133,12.479674411806055,2.1449683380243156,16.39654885841952
575,0.16261181225967383,-0.004120601350800238,0.17436003598212685,0.17848063733292707,0.011748223722453016,-0.015868825073253268,0.8256399640178731,0.09086539375518576,12.002895439202304,2.05789842547002,1.9119750814417156,12.09376083295749,2.1487638192252057,16.063634339869225
576,0.18720404730869286,-0.004624200371040326,0.19719879162926648,0.20182299200030682,0.009994744320573623,-0.014618944691613955,0.8028012083707335,0.09403702985938445,12.100018123370516,2.0625839139675683,1.8793928009251388,12.1940551532299,2.156620943826953,16.136031868122608
577,0.1811807519779179,-0.004921866836510509,0.19248525108305606,0.19740711791956655,0.011304499105138172,-0.01622636594164867,0.807514748916944,0.08760069378464763,12.007219565638714,2.061969335338489,1.8746834539439057,12.094820259423361,2.1495700291231365,16.031473048705756
578,0.18167984367952328,-0.004550201725483214,0.1915366707414648,0.196086872466948,0.00985682706194152,-0.014407028787424725,0.8084633292585353,0.09473353346744062,12.195904971884335,2.0782798317409377,1.8117378520694682,12.290638505351776,2.1730133652083774,16.180656189162182
579,0.18263983359100544,-0.0033794722258691763,0.19292420301830346,0.19630367524417264,0.010284369427298018,-0.013663841653167197,0.8070757969816965,0.09160787833862649,12.392096420116472,2.0515308085139754,1.853302506614499,12.483704298455098,2.1431386868526014,16.388537613583573
580,0.16284108261483765,-0.004755119669378166,0.17390931702896117,0.17866443669833934,0.011068234414123523,-0.01582335408350169,0.8260906829710388,0.09050415392509237,12.105613618960579,2.0752968125282187,1.9140043639759234,12.196117772885671,2.16580096645331,16.185418949389813
581,0.16733313385938778,-0.004262336557327247,0.1837244432919006,0.18798677984922785,0.016391309432512824,-0.02065364598984007,0.8162755567080994,0.08686488159371564,12.205558476171728,2.0554773082267683,1.7953618598635028,12.292423357765443,2.142342189820483,16.143262525855715
582,0.15214057017166382,-0.0047806487417110825,0.1604351689058671,0.16521581764757817,0.008294598734203268,-0.013075247475914348,0.8395648310941329,0.09218124251762028,12.04129053917829,2.038561402559873,1.8178325944033809,12.13347178169591,2.130742645077494,15.989865778659164
583,0.1738852618043282,-0.004612934951572105,0.18253408036314195,0.18714701531471406,0.008648818558813748,-0.01326175351038586,0.8174659196368581,0.0894739856636857,12.086987055266535,2.028270824465805,1.8654690372297669,12.17646104093022,2.1177448101294907,16.070200902625793
584,0.1716646258288676,-0.005301834477959287,0.1826928893889811,0.18799472386694038,0.011028263560113494,-0.016330098038072782,0.8173071106110189,0.09520211551704705,12.15556875348042,2.045150777439094,1.9505229126702162,12.250770868997467,2.140352892956141,16.246444559106777
585,0.16117914936131242,-0.004719680654419512,0.17089686822984043,0.17561654888425995,0.009717718868528014,-0.014437399522947536,0.8291031317701596,0.09027690953643841,11.73812366182532,2.041853833014212,1.8741809589370302,11.828400571361758,2.13213074255065,15.744435363313
586,0.1568482011310665,-0.003441365661702436,0.17309689598980543,0.17653826165150788,0.01624869485873892,-0.019690060520441366,0.8269031040101946,0.09039564906454522,11.963438022819862,2.0669293541982707,2.028630111328777,12.053833671884407,2.157325003262816,16.149393137411455
587,0.17625600187211354,-0.0049705765791461624,0.18349507953564997,0.18846565611479613,0.007239077663536431,-0.012209654242682583,0.81650492046435,0.09180517377075503,12.092324663168284,2.055185813842238,1.8526523588530655,12.18412983693904,2.146990987612992,16.091968009634343
588,0.1812583255632389,-0.004109330723179109,0.1926073032933413,0.19671663401652043,0.011348977730102405,-0.015458308453281527,0.8073926967066587,0.0909283567250867,12.18514435705756,2.057884054969577,1.8534148037297982,12.276072713782646,2.1488124116946636,16.18737157248202
589,0.15899240144825955,-0.004139822198641518,0.16971426487561167,0.17385408707425318,0.010721863427352124,-0.014861685625993631,0.8302857351243883,0.09002967178921573,11.887236505833288,2.080795203344879,1.9365902671367472,11.977266177622504,2.1708248751340946,15.99465164810413
590,0.179964516668378,-0.004883384749281441,0.18851398387784227,0.1933973686271237,0.008549467209464257,-0.01343285195874569,0.8114860161221578,0.09370695828621223,12.31351934934401,2.063591372786698,1.9389645331670895,12.407226307630221,2.1572983310729095,16.40978221358401
591,0.1774527540449564,-0.003919647686729149,0.18607487396830047,0.1899945216550296,0.00862211992334408,-0.012541767610073223,0.8139251260316995,0.09338231279811282,11.984248262076296,2.050205460773519,1.8631848157198228,12.077630574874409,2.143587773571632,15.99102085136775
592,0.1822482484179499,-0.004407970573562773,0.1908613430917936,0.19526931366535635,0.008613094673843691,-0.013021065247406455,0.8091386569082064,0.094864532965655,11.984361379667906,2.0704812009332123,1.8660401646145388,12.07922591263356,2.165345733898868,16.015747278181312
593,0.18383153065813349,-0.004714790242190471,0.19420806896114465,0.1989228592033351,0.010376538303011162,-0.015091328545201621,0.8057919310388554,0.08772790749105575,12.02315903390727,2.032840150811216,1.8722199748829667,12.110886941398325,2.1205680583022724,16.015947067092508
594,0.1544911900578503,-0.004176767358585989,0.1618713842618791,0.1660481516204651,0.0073801942040288004,-0.011556961562614793,0.8381286157381209,0.09513286458558845,12.185653388597231,2.045214559253477,1.818617780322496,12.28078625318282,2.1403474238390645,16.144618592758793
595,0.1525562705980969,-0.0044438540352166175,0.15814616988235283,0.16259002391756944,0.005589899284255934,-0.010033753319472538,0.8418538301176471,0.0929785157438836,12.017305296310468,2.060164893457065,1.8090979280724007,12.110283812054352,2.153143409200948,15.979546633583817
596,0.17607422587686927,-0.004591426599164249,0.18707845625621392,0.19166988285537817,0.011004230379344643,-0.015595656978508898,0.8129215437437861,0.08812548651054009,12.002299626895661,2.0486345394387886,1.7754305275996831,12.090425113406202,2.1367600259493287,15.914490180444673
597,0.15869893688736378,-0.003885961386257341,0.16647013640073402,0.17035609778699137,0.007771199513370242,-0.011657160899627594,0.833529863599266,0.09198676440719566,11.961100653198514,2.0462914728266615,1.759128038161112,12.05308741760571,2.1382782372338562,15.858506928593483
598,0.17340733927989546,-0.004256436521263074,0.18049439286060084,0.1847508293818639,0.0070870535807053825,-0.011343490101968445,0.8195056071393991,0.09192050658923634,12.358253097509806,2.0577179054641324,1.692224188722756,12.450173604099042,2.149638412053368,16.20011569828593
599,0.17473657094915213,-0.0044786640916144585,0.18641893376505267,0.19089759785666713,0.011682362815900543,-0.016161026907515003,0.8135810662349473,0.08903582384671793,12.411639505953717,2.082300141261957,1.8837846096943007,12.500675329800435,2.1713359651086748,16.466760080756693
600,0.2040594014723125,-0.004425877034748015,0.2121120560661254,0.2165379331008734,0.008052654593812908,-0.012478531628560913,0.7878879439338746,0.09284665355611743,12.22685748046237,2.044625973546001,1.895803490211918,12.319704134018487,2.1374726271021185,16.260133597776406
601,0.1746991721508808,-0.0049608124787614725,0.18565594290870369,0.19061675538746517,0.010956770757822892,-0.015917583236584376,0.8143440570912963,0.08776773098244206,12.175955466929288,2.049812032372726,1.8117203189713127,12.26372319791173,2.137579763355167,16.12525554925577
602,0.17950053156064485,-0.004454071499469256,0.19290347032878316,0.1973575418282524,0.013402938768138306,-0.017857010267607554,0.8070965296712168,0.09242324449265737,12.311423505872316,2.054370048632844,1.8243558959205828,12.403846750364973,2.1467932931255023,16.2825726949184
603,0.17855228608649137,-0.005333449931408471,0.18851256443658965,0.19384601436799812,0.009960278350098273,-0.015293728281506741,0.8114874355634103,0.08881374869931058,12.242673607720882,2.0351088967435924,1.8492635782551474,12.331487356420192,2.123922645442903,16.215859831418932
604,0.1895611862681915,-0.0039001387125016844,0.2020388328564891,0.2059389715689908,0.012477646588297614,-0.016377785300799308,0.797961167143511,0.09312424004702358,12.354684058285434,2.045117427684529,1.7835245568364346,12.447808298332458,2.1382416677315526,16.27645028285342
605,0.18967955112841245,-0.003328837989682266,0.1995223450305875,0.20285118302026975,0.009842793902175045,-0.0131716318918573,0.8004776549694125,0.09414206547198845,12.242171418344485,2.0606410049818003,1.771929655273711,12.336313483816474,2.1547830704537887,16.168884144071985
606,0.17971216125631453,-0.004108135381392912,0.18915148195750534,0.19325961733889824,0.009439320701190801,-0.013547456082583703,0.8108485180424947,0.09358357738878453,12.345647678807664,2.054910421495931,1.9057417479866672,12.439231256196448,2.148493998884716,16.399883425679047
607,0.17664210675148054,-0.004130172826501471,0.1851750473367142,0.18930522016321566,0.008532940585233656,-0.012663113411735122,0.8148249526632858,0.09445707783471846,12.691355839427635,2.052900470648545,1.8535972432563756,12.785812917262353,2.1473575484832637,16.692310631167274
608,0.17778145224240471,-0.003795002975143672,0.18844453071904246,0.19223953369418614,0.01066307847663775,-0.01445808145178143,0.8115554692809576,0.08953365064349583,12.030006257859718,2.0470638203795843,1.918743882239113,12.119539908503214,2.136597471023081,16.08534761112191
609,0.18091660743917554,-0.004522723799743075,0.19112309282381093,0.19564581662355401,0.010206485384635394,-0.014729209184378478,0.8088769071761891,0.09153789927536415,11.991155179618172,2.0839784337604907,1.8627101601549008,12.082693078893536,2.175516333035854,16.029381672808928
610,0.17998172060317422,-0.003981793158939061,0.18753914204185784,0.1915209352007969,0.007557421438683626,-0.011539214597622693,0.8124608579581422,0.08761527902974642,12.452571477601557,2.0565899297267762,1.843212005894756,12.540186756631304,2.1442052087565227,16.439988692252836
611,0.1612820203815362,-0.00396407996573213,0.17123565640463134,0.17519973637036348,0.009953636023095153,-0.013917715988827295,0.8287643435953687,0.09192463403443263,12.534028248516636,2.0328992390174516,1.8809171250430037,12.625952882551069,2.124823873051884,16.539769246611524
612,0.18199572151670018,-0.004901729255537052,0.19273189988373143,0.1976336291392685,0.010736178367031252,-0.01563790762256831,0.8072681001162686,0.09178775020541785,12.379747834030006,2.0609774591416485,1.810172082394292,12.471535584235424,2.1527652093470673,16.342685125771364
613,0.16881180890603217,-0.00500562004742659,0.18147643824067788,0.18648205828810446,0.01266462933464571,-0.01767024938207229,0.8185235617593221,0.08718934123100652,12.130585539753994,2.0717667706415632,1.828648199600675,12.217774880985,2.1589561118725697,16.11818985122724
614,0.1855496668544523,-0.004238516595469477,0.19440696215588485,0.19864547875135433,0.00885729530143256,-0.013095811896902038,0.8055930378441152,0.09332536456968654,12.443853793236395,2.089934806287541,1.8090170063030708,12.537179157806081,2.1832601708572277,16.436130970396693
615,0.1728768863413797,-0.005048223060718703,0.18783488921502056,0.19288311227573926,0.014958002873640852,-0.02000622593435955,0.8121651107849794,0.09350321406401285,12.625743787724598,2.0496634167657675,1.9309323749645682,12.719247001788611,2.1431666308297794,16.699842793518947
616,0.17049474935804665,-0.004625347750713348,0.1824804669376741,0.18710581468838747,0.011985717579627464,-0.01661106533034082,0.8175195330623259,0.09216688198109146,11.921937027663004,2.0482902479627896,1.9718989739912693,12.014103909644096,2.140457129943881,16.034293131598155
617,0.1763457815707822,-0.0030738025705696094,0.18747827842650994,0.19055208099707954,0.01113249685572773,-0.014206299426297336,0.8125217215734901,0.08871405570717528,12.303816572028687,2.0719923847201667,1.8356936042942085,12.392530627735862,2.160706440427343,16.300216616750237
618,0.16136477581602549,-0.003694062686794598,0.1752708581760656,0.1789649208628602,0.013906082360040123,-0.017600145046834714,0.8247291418239344,0.0948152928366941,12.420942655754569,2.0615372886019028,1.8524120409657208,12.515757948591263,2.156352581438597,16.429707278158887
619,0.1780416533218356,-0.004121454155950692,0.18528758367157727,0.18940903782752797,0.007245930349741664,-0.011367384505692357,0.8147124163284227,0.09163395338125291,12.317905960603653,2.0357920654695043,1.890307448807084,12.409539913984906,2.127426018850758,16.335639428261494
620,0.17012150423688463,-0.004577128953925413,0.18135130636917102,0.18592843532309644,0.011229802132286387,-0.015806931086211812,0.818648693630829,0.09271257443694125,12.401278685495882,2.072163943078749,1.926602570029491,12.493991259932823,2.164876517515691,16.492757773041063
621,0.18795925675284447,-0.004513838555434859,0.19993615209005733,0.20444999064549219,0.011976895337212856,-0.016490733892647713,0.8000638479099427,0.09442259056262081,12.435869147055781,2.0891588761285735,1.902095458124693,12.530291737618402,2.1835814666911944,16.52154607187167
622,0.17464783203644418,-0.0029976367049504987,0.18236627971519823,0.1853639164201487,0.007718447678754042,-0.010716084383704555,0.8176337202848017,0.09158094311932885,12.2313332021706,2.054364215869203,1.8899562969433532,12.322914145289928,2.1459451589885323,16.267234658102485
623,0.17143583503138132,-0.0047239641828819385,0.18139356209124122,0.18611752627412315,0.009957727059859894,-0.014681691242741823,0.8186064379087588,0.09138910782143128,12.216692661941842,2.0136628337618525,1.9565369905534133,12.308081769763273,2.105051941583284,16.27828159407854
624,0.17511886954904074,-0.004777969533264947,0.1852108914314359,0.18998886096470086,0.010092021882395164,-0.014869991415660117,0.8147891085685641,0.09428100076231338,12.290867639179316,2.0465292605506296,1.8694142473746727,12.38514863994163,2.1408102613129434,16.30109214786693
625,0.17656198237113402,-0.003841572877754774,0.18885487895991585,0.19269645183767062,0.012292896588781826,-0.0161344694665366,0.8111451210400842,0.09362348472046556,12.183291221955814,2.0183752531724313,1.7886070217605425,12.27691470667628,2.111998737892897,16.083896981609254
626,0.17304681682758882,-0.00439727184238121,0.1822062636720769,0.1866035355144581,0.009159446844488078,-0.013556718686869279,0.8177937363279231,0.09171685107566496,12.282977020766827,2.0683558568927385,1.8022369232964355,12.374693871842492,2.1600727079684034,16.245286652031666
627,0.1796420991173074,-0.004173074737376371,0.18706974314427585,0.19124281788165223,0.0074276440269684385,-0.01160071876434482,0.8129302568557242,0.09412771766625916,12.312226631667837,2.049551642972345,1.8371723560887467,12.406354349334096,2.1436793606386035,16.293078348395188
628,0.17646221890141878,-0.004100640619774786,0.1874462117919613,0.19154685241173608,0.010983992890542527,-0.015084633510317302,0.8125537882080387,0.09191844333347277,12.099345322163144,2.0679833334935758,1.7497145186975214,12.191263765496617,2.1599017768270485,16.008961617687714
629,0.1814320316909619,-0.004533015710038972,0.19424908516709605,0.19878210087713502,0.012817053476134155,-0.017350069186173128,0.805750914832904,0.08959423826331481,12.381537725839886,2.0417768930741005,1.899301418161489,12.4711319641032,2.131371131337415,16.41221027533879
630,0.1691927636083619,-0.003689889778908014,0.18016666336333337,0.1838565531422414,0.010973899754971456,-0.014663789533879479,0.8198333366366666,0.09304771316435989,11.982445982761583,2.062441732241794,1.7977464513603003,12.075493695925942,2.155489445406154,15.935681879528037
631,0.16035736060016606,-0.004194802274350998,0.1714800747481823,0.17567487702253332,0.011122714148016244,-0.015317516422367256,0.8285199252518177,0.0948444241268458,12.185187855176759,2.0359943981926385,1.8765994935162844,12.280032279303605,2.130838822319484,16.192626171012527
632,0.17686444572371485,-0.004757381609034405,0.18308865927779627,0.18784604088683068,0.006224213554081426,-0.010981595163115837,0.8169113407222037,0.09211406329184868,12.23746989383869,2.077563104046458,1.8419909847168334,12.329583957130538,2.1696771673383064,16.24913804589383
633,0.19113195852522993,-0.004000717705172203,0.19752966376722508,0.2015303814723973,0.00639770524199515,-0.010398422947167363,0.802470336232775,0.09350000624119836,12.09213269204488,2.0577259873968288,1.7511480140989448,12.185632698286078,2.1512259936380276,15.994506699781851
634,0.18612520102931424,-0.0050216675209761325,0.200295588223262,0.20531725574423812,0.014170387193947753,-0.019192054714923884,0.799704411776738,0.09025048734894803,12.109815705149366,2.062877707565013,1.960808253298623,12.200066192498314,2.1531281949139602,16.22375215336195
635,0.18827147148617518,-0.0036270188309780998,0.20220691781553962,0.20583393664651772,0.013935446329364443,-0.017562465160342544,0.7977930821844603,0.09488547315999973,12.427949413612211,2.056576401978866,1.9227522039830465,12.52283488677221,2.1514618751388648,16.502163492734123
636,0.16569475367544434,-0.004986180347015635,0.17913253190426873,0.18411871225128437,0.013437778228824387,-0.018423958575840033,0.8208674680957313,0.09073954392233041,12.369932678183805,2.059041368337306,1.835829151380704,12.460672222106135,2.1497809122596365,16.355542741824145
637,0.2008918873625111,-0.004592659566995056,0.2093045735439201,0.21389723311091516,0.008412686181409001,-0.013005345748404062,0.7906954264560799,0.09243458554514916,12.35048067363681,2.028666648936081,1.915174202695983,12.442915259181959,2.1211012344812294,16.386756110814023
638,0.17779147302376885,-0.003998565625752505,0.18521706787550973,0.18921563350126225,0.00742559485174088,-0.011424160477493395,0.8147829321244903,0.0934712488841587,12.335385365112677,2.066419502638917,1.7406102193174942,12.428856613996835,2.159890751523076,16.235886335953246
639,0.17197462257213122,-0.003404975037280757,0.17978394215866203,0.1831889171959428,0.007809319586530805,-0.011214294623811571,0.820216057841338,0.08764686046182746,12.407005132838112,2.057130816213011,1.7876609664349097,12.49465199329994,2.144777676674839,16.33944377594786
640,0.1871332805449345,-0.004601014193558287,0.1965150285707855,0.2011160427643438,0.009381748025851011,-0.013982762219409306,0.8034849714292145,0.09893133295148004,12.721335621080621,2.053916011038597,1.8906058174023421,12.820266954032101,2.1528473439900773,16.76478878247304
641,0.1891651814952271,-0.004783516093806572,0.20012622224663468,0.20490973834044124,0.01096104075140758,-0.01574455684521414,0.7998737777533653,0.08968727706986712,12.442106550661956,2.0577415504276875,1.9024599286609742,12.531793827731823,2.147428827497555,16.491995306820485
642,0.16972173071927754,-0.0047240456552150156,0.1807904766204157,0.1855145222756307,0.011068745901138155,-0.01579279155635316,0.8192095233795843,0.08968713838709519,12.277007325749127,2.0759374033848577,1.8975218570190968,12.366694464136222,2.1656245417719533,16.340153724540176
643,0.17553848926612795,-0.0036110899491743204,0.18835838439550434,0.19196947434467865,0.012819895129376396,-0.01643098507855073,0.8116416156044957,0.0890362239255662,12.107905846634678,2.031401840242518,1.8886552478394005,12.196942070560244,2.1204380641680842,16.116999158642162
644,0.15034869905140222,-0.0037337642082214888,0.1624189403108282,0.1661527045190497,0.01207024125942599,-0.015804005467647486,0.8375810596891717,0.09160750527722428,12.307393021541293,2.0555252289055588,1.8157648101376385,12.399000526818517,2.1471327341827826,16.270290565861714
645,0.15041469867490978,-0.004922733050157017,0.16045812561717013,0.16538085866732716,0.010043426942260347,-0.014966159992417377,0.8395418743828299,0.08674277490719895,12.120676701055876,2.0382717108353674,1.894640796468746,12.207419475963075,2.125014485742567,16.14033198326719
646,0.18538111813551786,-0.004055502919108249,0.19494869084223398,0.19900419376134224,0.009567572706716126,-0.013623075625824377,0.805051309157766,0.09413881129605883,12.4297010802988,2.031096856460385,1.8784499335248555,12.523839891594859,2.125235667756444,16.4333866815801
647,0.16828823268821244,-0.003721845901098365,0.18799915697217978,0.19172100287327815,0.01971092428396734,-0.023432770185065704,0.8120008430278203,0.09285144764927544,12.21799817960556,2.0543346333597565,1.8806630753133415,12.310849627254836,2.147186081009032,16.245847335927934
648,0.16319889890905756,-0.0048177709365968754,0.17854529378296427,0.18336306471956115,0.01534639487390671,-0.020164165810503593,0.8214547062170358,0.09001531968832133,12.060156473945339,2.0619164719187175,1.82770958991674,12.15017179363366,2.151931791607039,16.039797855469118
649,0.18152913316549132,-0.004607284067478538,0.19006507658227473,0.19467236064975327,0.008535943416783404,-0.013143227484261943,0.8099349234177253,0.09195028622237444,12.456644372307785,2.0574798837832127,1.8988546700810645,12.54859465853016,2.149430170005587,16.504929212394437
650,0.17769124160229738,-0.004426376387133345,0.1863545313146847,0.19078090770181805,0.008663289712387334,-0.01308966609952067,0.8136454686853153,0.09253596778123097,12.175573510549075,2.061725438414488,1.8418750395003407,12.268109478330306,2.154261406195719,16.171709956245135
651,0.1605117369450899,-0.004061792256914067,0.17379825970275142,0.17786005195966548,0.013286522757661512,-0.017348315014575566,0.8262017402972486,0.09324723510828292,12.183096619776766,2.0636079778353675,1.8672489887191297,12.276343854885049,2.1568552129436505,16.207200821439546
652,0.1813650762055827,-0.004534893805981843,0.18839229892139822,0.19292719272738007,0.007027222715815518,-0.011562116521797366,0.8116077010786018,0.09368037613798208,12.128178497952018,2.0779931323739937,1.8176021307146648,12.22185887409,2.1716735085119767,16.117454137178658
653,0.1685655369262149,-0.004668939018791116,0.18206927803004166,0.18673821704883278,0.013503741103826766,-0.018172680122617885,0.8179307219699583,0.08783439267724091,12.233312271067163,2.0651519161144964,1.8712585636669434,12.321146663744404,2.152986308791737,16.257557143525844
654,0.18226460820828036,-0.004524741933650049,0.19043697922405986,0.1949617211577099,0.0081723710157795,-0.012697112949429545,0.8095630207759401,0.09756176926684468,12.36325027803557,2.0741293744020233,1.7202910579730073,12.460812047302415,2.171691143668868,16.255232479677446
655,0.18095570123829946,-0.0045927925869587855,0.18957317899370096,0.19416597158065974,0.008617477755401504,-0.013210270342360275,0.810426821006299,0.09717790127595549,12.178097816853775,2.0844737729641984,1.8623009030103788,12.27527571812973,2.1816516742401544,16.222050394104308
656,0.18905033481652145,-0.004650764494574747,0.19803453379630298,0.20268529829087772,0.008984198979781532,-0.013634963474356276,0.801965466203697,0.09166383080730434,12.19749618524689,2.057376547208019,1.8618256291544402,12.289160016054195,2.1490403780153233,16.208362192416654
657,0.17472332615655936,-0.0038558504390029825,0.18263579918950895,0.18649164962851195,0.00791247303294959,-0.011768323471952585,0.8173642008104911,0.091163319359989,11.912093502607668,2.0431517798565455,1.8951615359944611,12.003256821967657,2.1343150992165336,15.941570137818664
658,0.17879186548577225,-0.0047905100696406695,0.1895531149601947,0.19434362502983538,0.010761249474422446,-0.015551759544063126,0.8104468850398053,0.09452193630055739,12.238599436585988,2.0626273968135944,2.0072124852969235,12.333121372886545,2.157149333114152,16.402961254997063
659,0.16637289795183652,-0.0042833618528518025,0.1742280978654111,0.1785114597182629,0.007855199913574584,-0.012138561766426387,0.8257719021345888,0.09431273500111281,12.197955778645671,2.0940370434901823,1.773241827215534,12.292268513646784,2.188349778491296,16.1595473843525
660,0.16128890378147903,-0.0053706846401407405,0.1718918281759271,0.17726251281606784,0.010602924394448071,-0.015973609034588804,0.8281081718240729,0.09119043278620254,12.377322736277433,2.046658168481562,1.9181976883942973,12.468513169063636,2.137848601267764,16.433369025939495
661,0.16651706375221567,-0.0050639927028918764,0.1742397468242697,0.17930373952716158,0.007722683072054037,-0.01278667577494591,0.8257602531757303,0.09024198543352213,12.35525900199227,2.050904079698398,1.8972558196808151,12.445500987425792,2.1411460651319194,16.393660886805005
662,0.17623604073088112,-0.003991439448119288,0.18808236372497322,0.1920738031730925,0.011846322994092107,-0.015837762442211384,0.8119176362750268,0.09112018401427768,12.095282265665126,2.0657536240390595,1.8943646361172064,12.186402449679404,2.1568738080533363,16.14652070983567
663,0.15102316237952246,-0.003964960925479085,0.15920802959894806,0.16317299052442713,0.008184867219425601,-0.012149828144904673,0.8407919704010519,0.09114188263469636,12.04738183023806,2.0769010398861276,1.8645962267627016,12.138523712872756,2.168042922520825,16.080020979521585
664,0.1741701201709815,-0.004340203624207653,0.18921992639235075,0.1935601300165584,0.015049806221369255,-0.0193900098455769,0.8107800736076493,0.09418291829880587,12.237953409916656,2.0595941063480563,1.898324015439977,12.332136328215462,2.153777024646862,16.290054450003495
665,0.15334285942001977,-0.0037049049304575567,0.16740111588827555,0.1711060208187331,0.014058256468255786,-0.01776316139871334,0.8325988841117244,0.09084842861079068,12.041391064020015,2.0602327667482463,1.9291448525424393,12.132239492630806,2.151081195359036,16.12161711192149
666,0.18665887259016442,-0.0032178610453404153,0.1981197538439314,0.20133761488927182,0.011460881253766986,-0.0146787422991074,0.8018802461560686,0.0890590279289647,12.152047147888368,2.0558566178777724,1.9300643278860612,12.241106175817333,2.1449156458067375,16.227027121581166
667,0.17373222876104782,-0.004874669701720498,0.18913147339993555,0.19400614310165604,0.015399244638887727,-0.020273914340608212,0.8108685266000645,0.09174005183967715,12.18310884041225,2.0641005086331017,1.808228841220762,12.274848892251928,2.155840560472779,16.14717824210579
668,0.19037441574403147,-0.0037093205374922325,0.1985118458940386,0.20222116643153085,0.008137430150007147,-0.01184675068749938,0.8014881541059614,0.09092576584013479,12.232721720012027,2.0478197217890184,1.880080974973028,12.323647485852161,2.1387454876291536,16.251548182614208
669,0.17280140777311864,-0.0038978523069526827,0.18802407080866415,0.19192192311561684,0.015222663035545508,-0.0191205153424982,0.8119759291913359,0.09297705368759068,12.22576547467505,2.069945537485408,1.8302836380077832,12.318742528362641,2.1629225911729977,16.218971703855832
670,0.16676113659524472,-0.004679835737128654,0.17411595454745443,0.1787957902845831,0.0073548179522097135,-0.01203465368933837,0.8258840454525456,0.08951306494976663,12.107490957635918,1.9983023983388613,1.7429738275442208,12.197004022585684,2.087815463288627,15.938280248468766
671,0.1844264271404623,-0.004226918406031893,0.1908802829130808,0.1951072013191127,0.0064538557726184775,-0.010680774178650376,0.8091197170869192,0.09827948685848042,12.722061788444101,2.0713726053539627,1.9189649281987773,12.820341275302582,2.1696520922124436,16.81067880885532
672,0.17786002141446733,-0.004497644854666731,0.18712338714592464,0.19162103200059136,0.009263365731457307,-0.013761010586124028,0.8128766128540754,0.0952626054573571,12.489541355899693,2.05190241339546,1.8502479678275705,12.58480396135705,2.147165018852817,16.48695434258008
673,0.16724401560407992,-0.004864323311273924,0.17826686610389983,0.18313118941517376,0.011022850499819908,-0.015887173811093835,0.8217331338961001,0.0872883649372369,12.252293185047893,2.023550139862838,1.895509152148982,12.33958154998513,2.1108385048000757,16.25864084199695
674,0.18062539451976445,-0.004348034620536123,0.18792361608571378,0.1922716507062499,0.007298221565949337,-0.01164625618648546,0.8120763839142862,0.09405103291526196,12.226427340874237,2.0212376303079456,1.8865574371010485,12.320478373789499,2.1152886632232075,16.228273441198493
675,0.15766084566809993,-0.0036534317776258955,0.1697481125870928,0.1734015443647187,0.012087266918992867,-0.01574069869661876,0.8302518874129072,0.09140459325235994,11.813455002183456,2.0773014844459645,1.7690075006041468,11.904859595435816,2.168706077698325,15.751168580485928
676,0.1660041862267488,-0.004680556183816677,0.18034238656549736,0.18502294274931405,0.014338200338748552,-0.01901875652256524,0.8196576134345026,0.09071927446671957,12.16691875693291,2.071773322509621,1.962328695187793,12.25763803139963,2.1624925969763407,16.291740049097044
677,0.171348668477239,-0.004182198924722803,0.18405579420213727,0.18823799312686007,0.012707125724898266,-0.016889324649621063,0.8159442057978628,0.09129826104493866,12.095286391186836,2.048240669049786,1.8594132467963735,12.186584652231774,2.1395389300947256,16.094238568077934
678,0.1780441090976728,-0.004517956642055787,0.18967009304642932,0.1941880496884851,0.011625983948756524,-0.01614394059081231,0.8103299069535707,0.09030307057731868,12.670323055562774,2.036736607166059,1.9349482248120502,12.760626126140092,2.1270396777433773,16.7323109581182
679,0.17770043570013322,-0.003661785949473737,0.18665760443368729,0.19031939038316104,0.008957168733554066,-0.012618954683027817,0.8133423955663127,0.09144900701481973,12.04840450535217,2.0425796964925205,1.857376956328956,12.13985351236699,2.1340287035073406,16.039810165188467
680,0.1738223811095063,-0.004518965653959043,0.18559481217619334,0.19011377783015238,0.011772431066687045,-0.016291396720646084,0.8144051878238067,0.08950138659671225,12.275005624881455,2.0930953125408056,1.8220895267207435,12.364507011478167,2.182596699137518,16.279691850739717
681,0.18181364286284185,-0.004369509552848055,0.1909244014286057,0.19529391098145377,0.009110758565763849,-0.013480268118611916,0.8090755985713943,0.09004595677142468,12.298993493842461,2.073702530457693,1.746692234797555,12.389039450613886,2.163748487229118,16.209434215869134
682,0.16792067730218382,-0.003109492918495004,0.1773925114436097,0.1805020043621047,0.009471834141425883,-0.012581327059920877,0.8226074885563903,0.09504009944676106,12.193046519257113,2.069850721234719,1.824982754320592,12.288086618703874,2.16489082068148,16.182920094259185
683,0.1636493275096063,-0.004769789315950484,0.1723939962312211,0.17716378554717158,0.008744668721614779,-0.013514458037565263,0.8276060037687789,0.09220725095619109,12.338821874308044,2.0280136601580843,1.783082624323658,12.431029125264235,2.120220911114276,16.242125409745977
684,0.1781259721530358,-0.0033884049755758196,0.19273733940288,0.1961257443784558,0.014611367249844187,-0.017999772225420013,0.80726266059712,0.0952846063831867,12.20962901097872,2.078545267724957,1.81126795721757,12.304913617361906,2.1738298741081428,16.194726842304433
685,0.1927512719636353,-0.003921947752206993,0.2058038182738456,0.2097257660260526,0.0130525463102103,-0.0169744940624173,0.7941961817261544,0.09286205867252484,12.661761293013582,2.0623399163086376,1.8019141518752626,12.754623351686107,2.155201974981162,16.618877419870007
686,0.17910158165263704,-0.0038922986821256643,0.19074565588309106,0.19463795456521674,0.011644074230454021,-0.015536372912579699,0.8092543441169089,0.09037781673092304,11.828879276254694,2.0180329118957427,1.9165658454246692,11.919257092985617,2.108410728626666,15.85385585030603
687,0.16282793233974713,-0.004041498056547525,0.1765175717461907,0.18055906980273823,0.013689639406443577,-0.017731137462991098,0.8234824282538094,0.0927151710673293,12.221758292113767,2.079204501929935,1.8348870209482264,12.314473463181097,2.171919672997264,16.228564986059258
688,0.18298546567896873,-0.004167991367979435,0.19377022626127144,0.19793821762925087,0.01078476058230271,-0.014952751950282145,0.8062297737387285,0.09292043882003043,12.141689582987357,2.045822522486704,1.9050559102165199,12.234610021807388,2.1387429613067344,16.18548845451061
689,0.16668699282080549,-0.004644030676115328,0.18044166469457915,0.18508569537069447,0.01375467187377366,-0.018398702549888984,0.8195583353054209,0.09412300967237819,11.975489638507984,2.0563340873924485,1.8639057944921884,12.069612648180362,2.1504570970648276,15.989852530064999
690,0.17789961505623253,-0.004133117004445944,0.18619655209226083,0.19032966909670676,0.008296937036028296,-0.012430054040474231,0.8138034479077392,0.09482857417702562,12.36240394750508,2.063935921503507,1.860251311238013,12.457232521682105,2.158764495680532,16.381419754423625
691,0.18490330003343008,-0.0043656954792738855,0.19190930044722865,0.19627499592650252,0.007006000413798563,-0.011371695893072437,0.8080906995527714,0.0940351648567308,12.416434612992763,2.063934388998433,1.8318157756352669,12.510469777849494,2.157969553855164,16.406219942483194
692,0.17265891131530847,-0.003636795390210941,0.1860995231958541,0.18973631858606504,0.013440611880545628,-0.017077407270756573,0.8139004768041459,0.0896300278129889,11.72981388829013,2.0651536154228207,1.8386046836739176,11.819443916103118,2.1547836432358096,15.723202215199857
693,0.15784597009233214,-0.004132965453791244,0.16860348529770117,0.1727364507514924,0.010757515205369023,-0.014890480659160266,0.8313965147022988,0.08992259238637601,11.847560285112186,2.0719653559845117,1.9695479267481542,11.937482877498562,2.161887948370888,15.978996160231228
694,0.17727235752368936,-0.004132067252812763,0.1849250100078133,0.18905707726062607,0.007652652484123945,-0.011784719736936705,0.8150749899921867,0.08887664708113618,12.044083709420047,2.094404296816853,2.0007111601159,12.132960356501183,2.18328094389799,16.228075813433936
695,0.18408279444421446,-0.004694756863140259,0.19559387188826496,0.2002886287514052,0.0115110774440505,-0.016205834307190747,0.8044061281117351,0.08798046723467223,12.005578413986614,2.0500161338649487,1.9383231608625628,12.093558881221286,2.1379966010996214,16.081898175948798
696,0.18268913836596515,-0.003906966847021075,0.19557626422944047,0.19948323107646154,0.012887125863475318,-0.016794092710496394,0.8044237357705595,0.08786692306240518,12.145261339411825,2.0402199247565544,1.8556334161047197,12.23312826247423,2.1280868478189605,16.128981603335504
697,0.16136127277647183,-0.004175586787747096,0.17124286277850864,0.17541844956625574,0.00988159000203681,-0.01405717678978391,0.8287571372214914,0.08801814352167625,12.120464470458499,2.0318386297447706,1.9024220462652721,12.208482613980175,2.1198567732664464,16.142743289990218
698,0.16884732292730584,-0.005213954305529304,0.17827459990811306,0.18348855421364238,0.009427276980807225,-0.014641231286336542,0.821725400091887,0.09071835384502336,12.138401184062765,2.026827888262856,1.7748757094568237,12.229119537907788,2.1175462421078803,16.030823135627468
699,0.1631634546951193,-0.004821851002466209,0.1718131182942577,0.1766349692967239,0.00864966359913838,-0.01347151460160459,0.8281868817057423,0.09162585598694406,12.223483013638946,2.0369778314254887,1.8427371175050649,12.31510886962589,2.128603687412433,16.194823818556443
700,0.18665611680753488,-0.004575420944008375,0.1995376030648491,0.20411302400885747,0.012881486257314223,-0.01745690720132259,0.8004623969351509,0.08931788873005075,12.232876008734625,2.0464297402665075,1.8491429135619946,12.322193897464675,2.1357476289965573,16.217766551293177
701,0.15916232506634878,-0.004190365098650207,0.1715082036815545,0.1756985687802047,0.012345878615205724,-0.016536243713855925,0.8284917963184455,0.09081742723369146,11.648050854878989,2.0775634531106206,1.8512458393438838,11.73886828211268,2.1683808803443125,15.667677574567184
702,0.1585916036138567,-0.0038367230331238338,0.16819072194932136,0.17202744498244518,0.009599118335464646,-0.01343584136858847,0.8318092780506786,0.09376346437391092,12.590518838074203,2.0316604729928365,1.84428890262042,12.684282302448114,2.125423937366747,16.56023167806137
703,0.17503281645433055,-0.003695543000277318,0.18781924299486807,0.1915147859951454,0.012786426540537521,-0.01648196954081485,0.8121807570051319,0.09882543652504694,12.26964708172769,2.0738696276714066,1.925904791682651,12.368472518252737,2.1726950641964526,16.368246937606795
704,0.18780143628671142,-0.0039034561286483893,0.20009538494186682,0.20399884107051522,0.012293948655155401,-0.016197404783803798,0.7999046150581332,0.08879389094973966,12.0764716323458,2.057600488670378,1.8266225242613654,12.16526552329554,2.1463943796201175,16.049488536227283
705,0.1800654406141228,-0.004053248514251075,0.18914473600641152,0.19319798452066259,0.009079295392288717,-0.013132543906539784,0.8108552639935884,0.08996765564387843,12.116542864981653,2.07207625428037,1.8458496661658668,12.206510520625532,2.1620439099242477,16.12443644107177
706,0.17691532937838325,-0.004628009259900919,0.18864882915470324,0.19327683841460416,0.011733499776319989,-0.01636150903622091,0.8113511708452967,0.09736133917121137,12.287718967265025,2.0416657940489156,1.8390319015845211,12.385080306436237,2.1390271332201274,16.265778002069673
707,0.18444521296754207,-0.003529532131210875,0.19234442362878781,0.1958739557599987,0.007899210661245742,-0.01142874279245662,0.8076555763712122,0.09973429192593031,12.330424719878751,2.094983276961033,1.7172465169818487,12.430159011804681,2.1947175688869636,16.242388805747563
708,0.1668119344910789,-0.0042923695143835235,0.1792987921295853,0.18359116164396883,0.012486857638506405,-0.01677922715288993,0.8207012078704147,0.09429883829033159,12.153693033528404,2.061471278675244,1.8768065904792834,12.247991871818735,2.1557701169655754,16.186269740973263
709,0.1756937519054913,-0.0037461138694193856,0.18322585133093428,0.18697196520035367,0.007532099425442973,-0.011278213294862366,0.8167741486690657,0.09428364131828282,12.126637032078873,2.07139931903996,1.9557378220477926,12.220920673397156,2.165682960358243,16.24805781448491
710,0.17271116887252783,-0.004793404719876357,0.18824431704811243,0.19303772176798878,0.015533148175584599,-0.020326552895460953,0.8117556829518876,0.09429905906035074,12.318147341067105,2.069485142454351,1.9786527593743077,12.412446400127456,2.163784201514701,16.460584301956114
711,0.1937531483035085,-0.003439823044029974,0.20451090577054665,0.20795072881457663,0.010757757467038137,-0.01419758051106812,0.7954890942294534,0.08913766403358458,12.330641880723608,2.0339877596318168,1.8856086924599236,12.419779544757192,2.1231254236654022,16.339375996848933
712,0.15785692662727777,-0.0038896896876616203,0.16830624264835956,0.17219593233602118,0.01044931602108179,-0.014339005708743413,0.8316937573516404,0.0902996926530566,12.115478205959482,2.088438273816365,1.856161957481138,12.205777898612538,2.1787379664694217,16.15037812991004
713,0.15335795166756985,-0.003766735180920757,0.16358053331110387,0.1673472684920246,0.010222581643534012,-0.013989316824454756,0.8364194666888961,0.09477439045435432,12.04587332260208,2.070817842525722,1.813520398300854,12.140647713056435,2.165592232980077,16.02498595388301
714,0.19226711703461902,-0.004541769320433554,0.20569057991642734,0.21023234923686088,0.013423462881808318,-0.01796523220224186,0.7943094200835726,0.09190909257689839,12.262763173811955,2.072449251774014,1.872503847881525,12.354672266388853,2.1643583443509122,16.299625366044392
715,0.18571251947256265,-0.004075380227336256,0.19331772268045636,0.1973931029077926,0.007605203207893707,-0.011680583435229958,0.8066822773195437,0.09134908480802295,12.278717325759368,2.0480036487204405,1.8595999831846086,12.370066410567391,2.139352733528463,16.27767004247244
716,0.1515688572229913,-0.003554743225546535,0.16215769915195444,0.16571244237750096,0.010588841928963144,-0.01414358515450967,0.8378423008480456,0.09081899872600907,12.136976910100026,2.0589477520509405,1.9194254250905516,12.227795908826035,2.1497667507769496,16.206169085967527
717,0.1786672208001656,-0.0035217696953070473,0.18990314157622487,0.1934249112715319,0.011235920776059283,-0.014757690471366325,0.8100968584237751,0.09346292359494868,12.010512443515616,2.0759081595214752,1.9135108426314815,12.103975367110564,2.169371083116425,16.09339436926352
718,0.1805717373757488,-0.004478604602654099,0.18846435128382735,0.19294295588648144,0.00789261390807855,-0.01237121851073264,0.8115356487161727,0.08829276297523236,12.498621100105483,2.0283796070216287,1.95924160275203,12.586913863080715,2.1166723699968615,16.574535072854374
719,0.15112442394228082,-0.004685717166444265,0.15910942432997216,0.1637951414964164,0.007985000387691343,-0.012670717554135597,0.8408905756700278,0.08817896449106755,11.83770395327899,2.0622538431618054,1.8924295319388715,11.925882917770057,2.1504328076528734,15.880566292870734
720,0.16410213229372325,-0.00437194274093067,0.17851259281436715,0.18288453555529782,0.014410460520643903,-0.01878240326157457,0.8214874071856328,0.09093334246706775,12.15895725746186,2.0644983955789478,1.7980219573572107,12.249890599928928,2.1554317380460164,16.112410952865087
721,0.1562563954231492,-0.004172845204233086,0.1681101657379502,0.1722830109421833,0.011853770314801004,-0.016026615519034088,0.8318898342620498,0.09146822848454406,12.072622185893408,2.048365933797548,1.8546028021928755,12.164090414377952,2.1398341622820913,16.067059150368376
722,0.189960224661086,-0.004355278265942338,0.20446759819303045,0.2088228764589728,0.01450737353194445,-0.018862651797886792,0.7955324018069696,0.09353847866680098,12.210395299457844,2.0801574941006784,1.7671799193250095,12.303933778124645,2.1736959727674794,16.151271191550332
723,0.15445728378710802,-0.00433454366913118,0.16278973636626573,0.16712428003539692,0.008332452579157712,-0.012666996248288903,0.8372102636337343,0.09521459116074027,12.151915836069964,2.0737922757003897,1.88659340783982,12.247130427230704,2.169006866861131,16.207516110770914
724,0.17253698667416553,-0.004219467461367805,0.18517485018999263,0.18939431765136044,0.012637863515827102,-0.016857330977194912,0.8148251498100074,0.09830164018163678,12.247263820794855,2.060417395729841,1.8680254872634823,12.345565460976491,2.1587190359114783,16.274008343969815
725,0.18436944238698028,-0.0038826422744044505,0.19325388089450315,0.19713652316890762,0.00888443850752288,-0.012767080781927342,0.8067461191054969,0.08901894638435692,12.114514630321427,2.074214631653218,1.8441865816755385,12.203533576705784,2.1632335780375747,16.12193479003454
726,0.143909550679844,-0.005059874747679975,0.16029382819852453,0.1653537029462045,0.016384277518680518,-0.021444152266360483,0.8397061718014754,0.09181193421705558,12.351314767786729,2.0388364513814405,1.9370885354669003,12.443126702003784,2.1306483855984952,16.419051688852125
727,0.17161162349990988,-0.004526307556910945,0.18540631142182565,0.1899326189787366,0.013794687921915766,-0.018320995478826707,0.8145936885781744,0.09623193311675138,12.541360857215455,2.063550800349695,2.0209158698640017,12.637592790332207,2.1597827334664457,16.722059460545903
728,0.17761455436371737,-0.003990449034999693,0.18820959872384974,0.19220004775884944,0.010595044360132366,-0.014585493395132071,0.8117904012761503,0.09323002600289065,12.691151346524718,2.049578605897649,1.912083490954286,12.784381372527609,2.142808631900539,16.746043469379543
729,0.1763739429716881,-0.004140897846828597,0.18573281299431244,0.18987371084114102,0.009358870022624338,-0.013499767869452922,0.8142671870056876,0.09479579431773111,12.34160580307035,2.0592892399670717,1.8009359706483217,12.43640159738808,2.1540850342848032,16.296626808003474
730,0.17400396800782486,-0.004540986937931704,0.18355404848761162,0.18809503542554332,0.009550080479786754,-0.014091067417718456,0.8164459515123884,0.09022350651662236,11.911253379045545,2.0405253911430776,1.8596218779723497,12.001476885562168,2.1307488976597004,15.901624154677595
731,0.14769485624447573,-0.00364863784953552,0.16110418977255808,0.1647528276220936,0.013409333528082351,-0.01705797137761786,0.838895810227442,0.0881290088810438,12.206715174445414,2.040869182717781,1.8944705831833382,12.294844183326457,2.128998191598824,16.230183949227577
732,0.19172511016103222,-0.003909332361042838,0.20323142190586604,0.2071407542669089,0.011506311744833825,-0.015415644105876675,0.7967685780941339,0.09124121800570606,12.005533157877498,2.0667927257715686,1.8600148498032834,12.096774375883204,2.1580339437772738,16.023581951458056
733,0.17231444274930507,-0.004018955700068182,0.18635623191628226,0.19037518761635044,0.014041789166977181,-0.01806074486704537,0.8136437680837177,0.09493399526036583,12.578939100326405,2.077143616023525,1.9294939072416692,12.67387309558677,2.172077611283891,16.680510618851965
734,0.18173768035905652,-0.003955990464252613,0.19500037950006666,0.19895636996431926,0.013262699141010137,-0.017218689605262738,0.8049996204999333,0.0941114039542299,12.461829815534571,2.067714661327761,1.7383142993181924,12.555941219488801,2.161826065281992,16.361970180134755
735,0.15971004610991424,-0.003709927431330299,0.1752027187313362,0.1789126461626665,0.015492672621421955,-0.01920260005275226,0.8247972812686638,0.09793642531452029,12.153618261503,2.063082417925928,1.871101509753922,12.25155468681752,2.161018843240448,16.18573861449737
736,0.14951970418031912,-0.004180384642832006,0.16081378093938217,0.1649941655822142,0.011294076759063049,-0.015474461401895068,0.8391862190606179,0.08970520529633674,12.21113009720715,2.0614312677655704,1.7980466099357706,12.300835302503486,2.1511364730619067,16.160313180204827
737,0.15413916907702993,-0.004409600782066464,0.16412805392336768,0.16853765470543414,0.009988884846337753,-0.014398485628404206,0.8358719460766323,0.09226767066124708,12.02109060757923,2.0599183202028097,1.8786336060902116,12.113358278240478,2.152185990864057,16.0519102045335
738,0.20242094998306787,-0.004610324807376535,0.21024526742569358,0.2148555922330701,0.007824317442625711,-0.012434642250002237,0.7897547325743064,0.09189778701006723,12.640683189952384,2.0500203472952307,1.7996899997455618,12.732580976962451,2.141918134305297,16.582291324003243
739,0.1571100894546878,-0.0034675925601429414,0.164421336091646,0.16788892865178895,0.007311246636958202,-0.010778839197101153,0.835578663908354,0.08826889871499333,12.229221416367121,2.0677580300656597,1.7733447134431994,12.317490315082114,2.156026928780654,16.158593058590974
740,0.1639707785681625,-0.004321973806153367,0.17787589627340916,0.18219787007956253,0.013905117705246661,-0.018227091511400034,0.8221241037265908,0.09277142613448675,12.277924114332727,2.0519532571528494,1.8048168000547378,12.370695540467214,2.1447246832873366,16.2274655976748
741,0.15869321590614718,-0.004546451874022641,0.16804954262216415,0.1725959944961868,0.009356326716016966,-0.013902778590039605,0.8319504573778358,0.08803205548882609,12.01031266273878,2.0816687128926894,1.807559898675569,12.098344718227606,2.169700768381515,15.987573329795865
742,0.18012057583691576,-0.003709668315158629,0.1883475897972809,0.1920572581124395,0.008227013960365126,-0.011936682275523747,0.8116524102027192,0.09164352176853541,12.098479805923226,2.067367849120366,1.835779999611514,12.190123327691762,2.1590113708889023,16.09327117642364
743,0.17556938122152915,-0.0036881716998973875,0.186075410444146,0.18976358214404337,0.010506029222616842,-0.014194200922514222,0.813924589555854,0.09274031665587934,12.761463614054733,2.0411584163357457,1.8876878595014865,12.854203930710613,2.133898732991624,16.783050206547845
744,0.16016875511702977,-0.003979708617193291,0.1683248378602332,0.1723045464774265,0.008156082743203424,-0.01213579136039672,0.8316751621397668,0.086264742893702,12.120467358958127,2.072295295132724,1.8209664753529218,12.206732101851829,2.158560038026427,16.099993872337475
745,0.14362237725113872,-0.004845093181850278,0.15402657304409326,0.15887166622594354,0.01040419579295454,-0.01524928897480482,0.8459734269559067,0.09213965853813377,11.859690524788899,2.040394546040279,1.8718857803944662,11.951830183327033,2.132534204578413,15.864110509761778
746,0.15889438173036163,-0.0033334441516253296,0.16788108064211663,0.17121452479374197,0.008986698911754992,-0.012320143063380334,0.8321189193578834,0.097482943874871,12.30185048161202,2.072517277621216,1.8904336753369329,12.39933342548689,2.1700002214960867,16.36228437844504
747,0.18981444606516168,-0.0036341427234529663,0.19876739994179124,0.2024015426652442,0.00895295387662956,-0.012587096600082531,0.8012326000582087,0.09068673188406073,12.56194528192952,2.0652181921946315,1.8992393021165732,12.65263201381358,2.1559049240786923,16.617089508124785
748,0.18286656772720278,-0.004540616413756273,0.1917646252024495,0.19630524161620577,0.008898057475246718,-0.013438673889002994,0.8082353747975505,0.09261218361002754,12.402385593360911,2.0513943232659315,1.8329429282749228,12.494997776970939,2.1440065068759595,16.379335028511793
749,0.17798212977886174,-0.0037597204600720137,0.19088018334179058,0.19463990380186258,0.012898053562928835,-0.016657774023000838,0.8091198166582094,0.0926999187031452,12.170058937779245,2.0601977803277176,1.971529164009393,12.26275885648239,2.152897699030862,16.2944858008195
750,0.1923207395407626,-0.0037042050275048234,0.2015220416689171,0.20522624669642192,0.00920130212815451,-0.01290550715565933,0.7984779583310829,0.09252130662475722,12.571833380000328,2.0581410981113564,1.979162448968406,12.664354686625085,2.1506624047361127,16.701658233704848
751,0.15966647254962002,-0.004966406641775035,0.16736324203784228,0.1723296486796173,0.00769676948822226,-0.012663176129997289,0.8326367579621577,0.08946812325948983,12.080682972539805,2.0453922811514804,1.8840388262171022,12.170151095799294,2.134860404410971,16.099582203167877
752,0.15965610650129236,-0.004269703720232274,0.1750925067729059,0.17936221049313816,0.015436400271613526,-0.019706103991845803,0.8249074932270941,0.08863701922254386,12.228900629859,2.0496291706026533,1.9615956685379565,12.317537649081544,2.138266189825197,16.328762488222154
753,0.1693862986530901,-0.004536947995569728,0.18013494256328594,0.18467189055885566,0.010748643910195838,-0.015285591905765561,0.8198650574367141,0.08869517827652196,12.365252956669782,2.062470702024493,1.8335465187664788,12.453948134946303,2.1511658803010145,16.349965355737275
754,0.1574001324386582,-0.0036501862190200947,0.16381303841883482,0.16746322463785493,0.006412905980176631,-0.010063092199196738,0.8361869615811652,0.08963110777244232,12.010757221778325,2.096789475631571,1.9215159808855695,12.100388329550768,2.186420583404013,16.118693786067908
755,0.19441738541309322,-0.004500563265165377,0.20050626904424362,0.205006832309409,0.006088883631150399,-0.010589446896315774,0.7994937309557564,0.09171841590711871,12.151872122076108,2.065841170215334,1.7587768003396658,12.243590537983227,2.1575595861224524,16.068208508538227
756,0.1753737855614659,-0.0042069480753061045,0.18760454121866524,0.19181148929397135,0.012230755657199333,-0.016437703732505443,0.8123954587813348,0.09397478319272601,12.185123523742277,2.0448596334847213,1.7722821335585337,12.279098306935003,2.1388344166774464,16.096240073978258
757,0.17159265830442066,-0.004514523376632739,0.17893592735756306,0.1834504507341958,0.007343269053142393,-0.011857792429775138,0.821064072642437,0.0928214414432702,12.359242387682713,2.0610388426673296,1.8064546184471943,12.452063829125983,2.1538602841106007,16.319557290240507
758,0.1533921031709839,-0.004310716165195167,0.16947844613838264,0.1737891623035778,0.016086342967398748,-0.020397059132593903,0.8305215538616173,0.08999658781105957,12.116853193318372,2.069415388389043,1.863969126508099,12.206849781129431,2.159411976200102,16.140234296026573
759,0.18311747435832143,-0.004328067147345279,0.19551131888906595,0.19983938603641122,0.012393844530744519,-0.016721911678089785,0.8044886811109341,0.09077327391171686,11.87035078676951,2.0501418507496947,2.0018438324413026,11.961124060681227,2.1409151246614124,16.013109743872224
760,0.18743162695563603,-0.0038508251949259382,0.19439048494463726,0.1982413101395632,0.006958857989001227,-0.010809683183927166,0.8056095150553627,0.09514804191579884,12.580948521756468,2.0558161248944167,1.8356629040450798,12.676096563672267,2.1509641668102164,16.567575592611764
761,0.18105539087602357,-0.00443199466886706,0.1948028557570122,0.19923485042587927,0.01374746488098863,-0.018179459549855698,0.8051971442429878,0.09500017536126393,12.19477120877631,2.0467487692096906,1.9194442836169987,12.289771384137573,2.1417489445709545,16.255964436964263
762,0.185415690604791,-0.005114385377639279,0.1899826889213577,0.19509707429899698,0.004566998316566706,-0.009681383694205986,0.8100173110786423,0.09007002284832666,12.456389239419995,2.0413224242129804,1.8479927879615854,12.546459262268321,2.131392447061307,16.435774474442887
763,0.18797493519118827,-0.003788148282299278,0.1978528482909692,0.20164099657326848,0.009877913099780922,-0.013666061382080208,0.8021471517090308,0.0921438271911974,12.605537229462982,2.057272204816842,1.79586864234866,12.69768105665418,2.14941603200804,16.55082190381968
764,0.17104972269815902,-0.0037624361737476626,0.17794381489582686,0.18170625106957453,0.006894092197667845,-0.010656528371415508,0.8220561851041731,0.0950934849271956,12.360608348776282,2.053569376813389,1.7456169069906782,12.455701833703477,2.1486628617405854,16.254888117507544
765,0.16904085703783608,-0.005175611080972696,0.17852313675940945,0.18369874784038215,0.009482279721573367,-0.014657890802546064,0.8214768632405905,0.08722476884246433,11.951807829875126,2.0563558436043596,1.7618309614086147,12.03903259871759,2.1435806124468235,15.857219403730564
766,0.17536638620650258,-0.0038581972539595403,0.18645681519109958,0.1903150124450591,0.011090428984597,-0.014948626238556528,0.8135431848089004,0.09229020646790786,12.531979633111286,2.0392664085636056,1.8525820334870975,12.624269839579194,2.131556615031513,16.516118281629897
767,0.1557220154370522,-0.0038662823818052415,0.16717152787987938,0.17103781026168463,0.011449512442827187,-0.01531579482463244,0.8328284721201207,0.09284023564194754,12.303889909524962,2.037546090584055,1.7986332497696438,12.39673014516691,2.1303863262260014,16.232909485520608
768,0.16698126715310727,-0.003683449486043801,0.17701300563397102,0.1806964551200148,0.01003173848086375,-0.013715187966907544,0.822986994366029,0.09347143649347522,12.269811978478435,2.0591059125016837,1.782134443074229,12.36328341497191,2.1525773489951585,16.204523770547823
769,0.1908377590307377,-0.00396290699657262,0.1954106727044263,0.19937357970099892,0.004572913673688589,-0.008535820670261207,0.8045893272955738,0.09666030978772966,12.306856825322447,2.0471399673940702,1.893711895832487,12.403517135110176,2.1438002771818,16.344368998336734
770,0.1756626942117306,-0.003681810506274541,0.18385121648354671,0.18753302698982124,0.008188522271816101,-0.011870332778090631,0.8161487835164533,0.09475257500183254,12.238972362800718,2.0718944518670543,1.880713475559796,12.33372493780255,2.1666470268688864,16.2863328652294
771,0.1655717260202052,-0.004002346572888618,0.1804538918609795,0.1844562384338681,0.014882165840774286,-0.0188845124136629,0.8195461081390205,0.09317157633633855,12.372347220255335,2.051506518545308,1.8939783764190121,12.465518796591674,2.1446780948816464,16.411003691555994
772,0.1634960499382781,-0.003765049313591517,0.1709291168795395,0.174694166193131,0.00743306694126139,-0.011198116254852897,0.8290708831204605,0.08742254180327969,12.203162356205551,2.067539565202285,1.7745931148159428,12.29058489800883,2.1549621070055647,16.13271757802706
773,0.1773453259210906,-0.004578739295175042,0.18323287188462056,0.1878116111797956,0.005887545963529972,-0.010466285258705021,0.8167671281153794,0.0917653087064263,12.272673149232014,2.050313671308812,1.9088524830062337,12.36443845793844,2.1420789800152384,16.323604612253487
774,0.17604231806701243,-0.004905840841660414,0.1813381221614788,0.1862439630031392,0.0052958040944663665,-0.01020164493612677,0.8186618778385212,0.0908377890766019,12.39626601721967,2.0503141723398883,1.8725760185814195,12.487103806296272,2.141151961416491,16.40999399721758
775,0.17268472148288633,-0.004179059395459017,0.18323090092169086,0.18740996031714988,0.010546179438804537,-0.014725238834263549,0.8167690990783092,0.09150068046151283,12.343824460225527,2.0510151156915306,1.8291646060430704,12.43532514068704,2.142515796153043,16.31550486242164
776,0.18019765322963494,-0.005335299039574851,0.19894740648738385,0.2042827055269587,0.018749753257748913,-0.024085052297323772,0.8010525935126162,0.0933696630499945,12.132575592884958,2.0289168203183223,1.8746778965276079,12.225945255934953,2.122286483368316,16.129539972780883
777,0.1840735330857402,-0.004373788209256426,0.19982134660434706,0.2041951348136035,0.01574781351860685,-0.020121601727863286,0.800178653395653,0.09131299153267136,12.479575843237757,2.0603765971262646,1.9513686631374298,12.570888834770429,2.151689588658935,16.582634095034123
778,0.18752323699068743,-0.0052954817669873,0.1960554502799544,0.2013509320469417,0.008532213289266982,-0.01382769505625428,0.8039445497200456,0.09222293081377053,12.353921249534894,2.0042482397005816,1.9275852959003945,12.446144180348664,2.096471170514352,16.37797771594964
779,0.17147022450274343,-0.004591000385087898,0.17559933315328857,0.18019033353837646,0.004129108650545138,-0.008720109035633028,0.8244006668467114,0.08967132568894343,12.208331237986759,2.026589152813875,1.8367225492280799,12.298002563675702,2.1162604785028174,16.161314265717657
780,0.18362387684257916,-0.0031979620213649913,0.19226062555714898,0.19545858757851398,0.00863674871456982,-0.011834710735934811,0.807739374442851,0.08856124420926825,12.39940968570048,2.0768427993778698,1.786299328321057,12.487970929909748,2.165404043587137,16.351113057608675
781,0.1838563539001808,-0.0035136642499185872,0.19560225250334465,0.19911591675326323,0.011745898603163857,-0.015259562853082442,0.8043977474966554,0.08981581604876432,12.305702388804532,2.0517658455130654,1.9301761451972386,12.395518204853296,2.1415816615618293,16.3774601955636
782,0.17982304622274378,-0.003391383716056996,0.19169319845687735,0.19508458217293434,0.011870152234133569,-0.015261535950190558,0.8083068015431226,0.09415343418498523,12.388443819462257,2.0623542851984418,1.896270507993929,12.482597253647242,2.156507719383426,16.441222046839613
783,0.16947996066410428,-0.0034177803136176354,0.18295894667946416,0.1863767269930818,0.013478986015359878,-0.01689676632897752,0.8170410533205359,0.08669030760342089,11.881439387352826,2.051223942532223,1.832175181042759,11.968129694956247,2.137914250135644,15.851528818531229
784,0.17922955603413177,-0.004433219107471397,0.1876784264540303,0.1921116455615017,0.00844887041989853,-0.012882089527369939,0.8123215735459697,0.09256025599519901,12.056561182430553,2.0621708818972966,1.8689864472358604,12.149121438425752,2.1547311378924956,16.08027876755891
785,0.1750785912086917,-0.004478049775903181,0.18511932236330444,0.18959737213920763,0.010040731154612736,-0.014518780930515923,0.8148806776366956,0.0878551692580345,12.102939519209926,2.0422793885570787,1.9330170277621743,12.19079468846796,2.130134557815114,16.166091104787213
786,0.17885727018884243,-0.003580847347460518,0.18991444457895157,0.1934952919264121,0.011057174390109142,-0.014638021737569673,0.8100855554210484,0.09451337250197867,12.300640050099913,2.0911111345514986,1.8288778425116554,12.395153422601892,2.185624507053477,16.315142399665046
787,0.1722033097722684,-0.004847614462845414,0.19172296971263014,0.19657058417547554,0.019519659940361755,-0.024367274403207156,0.8082770302873699,0.09052515019079266,12.32372538875486,2.0564614188608434,1.857789986667452,12.414250538945653,2.1469865690516365,16.32850194447395
788,0.1619394363367908,-0.0042753355874323535,0.17341850613881024,0.17769384172624259,0.011479069802019432,-0.015754405389451775,0.8265814938611897,0.09055181378261956,12.137258620681374,2.0233437373381467,1.8645909934589628,12.227810434463994,2.1138955511207658,16.115745165261103
789,0.18623520731271653,-0.0038774371145479237,0.19784010143567163,0.20171753855021954,0.011604894122955095,-0.015482331237503005,0.8021598985643283,0.09313322087678166,12.307007803368368,2.0481114694037377,1.8689111016169448,12.40014102424515,2.1412446902805184,16.317163595265832
790,0.20189519461122807,-0.0040554294325446626,0.21129452274489868,0.21534995217744335,0.009399328133670615,-0.01345475756621528,0.7887054772551013,0.0916477410161729,12.27162402754246,2.0525489418241225,1.7654023890794992,12.363271768558633,2.144196682840295,16.181223099462255
791,0.16868007193557402,-0.004443973609738403,0.17705901596034096,0.18150298957007938,0.008378944024766938,-0.012822917634505354,0.8229409840396591,0.09595401594665098,12.107522829058958,2.060357400683504,1.8294993438308946,12.203476845005609,2.156311416630155,16.093333589520007
792,0.18529180696483588,-0.003844188942080584,0.19453976497813807,0.19838395392021865,0.009247958013302193,-0.013092146955382772,0.8054602350218619,0.0902555623530521,12.172173465443995,2.066371205766833,1.8569706627360585,12.262429027797047,2.156626768119885,16.18577089629994
793,0.1773948468226548,-0.003956256518045968,0.1849754054687486,0.18893166198679456,0.007580558646093805,-0.011536815164139763,0.8150245945312514,0.09150403904521731,12.186346211038774,2.0466025385611655,1.8275826834213866,12.277850250083992,2.138106577606383,16.152035472066544
794,0.17159077455485963,-0.0040122591272408175,0.17931867223982098,0.1833309313670618,0.007727897684961349,-0.011740156812202168,0.820681327760179,0.09434046306435562,12.121234906947294,2.0755489713922515,1.8659923350660783,12.21557537001165,2.169889434456608,16.15711667646998
795,0.16196930129070963,-0.005005929010588137,0.17560274203096946,0.1806086710415576,0.013633440740259822,-0.018639369750847956,0.8243972579690305,0.09193357907505906,12.436370029757654,2.0638745295528853,1.885868722835216,12.528303608832713,2.1558081086279444,16.478046861220815
796,0.15869149494987722,-0.004454082697672389,0.170366261022561,0.1748203437202334,0.011674766072683779,-0.01612884877035617,0.829633738977439,0.09238386585941782,12.004866352695789,2.04840033134062,1.9240595184471125,12.097250218555207,2.1407841972000368,16.06971006834294
797,0.16989556146073256,-0.00411433377724226,0.18060720595178192,0.1847215397290242,0.01071164449104936,-0.014825978268291629,0.8193927940482181,0.09030553610630321,12.264263054888861,2.0317429411715775,1.9099514284416035,12.354568590995164,2.12204847727788,16.296262960608345
798,0.16036566894366824,-0.0032099284151285595,0.1758920161165382,0.17910194453166678,0.015526347172869964,-0.018736275587998535,0.8241079838834617,0.09400120369921616,12.187839264660692,2.07985648370369,1.869203817188632,12.281840468359908,2.173857687402906,16.23090076925223
799,0.1664455721048134,-0.003935283732080867,0.17880206520855216,0.18273734894063304,0.012356493103738764,-0.016291776835819644,0.8211979347914479,0.08949153764173445,12.207025499955144,2.0307917540950164,1.8063555696071205,12.296517037596878,2.12028329173675,16.133664361299015
800,0.16320370157975939,-0.004643919511479683,0.17196969653360641,0.1766136160450861,0.008765994953847028,-0.013409914465326717,0.8280303034663936,0.09402206489894738,12.437827586363492,2.0709547629840284,1.8095388647652086,12.531849651262439,2.1649768278829753,16.412343279011676
801,0.18809143673545892,-0.004220984682218985,0.19725407815429563,0.20147506283651462,0.009162641418836714,-0.013383626101055701,0.8027459218457044,0.09228580068228354,12.294940435437486,2.0521855813950154,1.9355302825246277,12.38722623611977,2.144471382077298,16.374942100039412
802,0.17012532577989542,-0.003517894673179962,0.18206740371085856,0.1855852983840385,0.011942077930963135,-0.015459972604143085,0.8179325962891415,0.09485523142885555,11.845132201493271,2.0299923853598507,1.963595501772069,11.939987432922127,2.124847616788707,15.933575320054047
803,0.18698849494244293,-0.004581225415705811,0.1941632055154112,0.198744430931117,0.007174710572968257,-0.011755935988674054,0.8058367944845888,0.09298918450738469,12.330508438387216,2.06998945285439,1.8025384751346678,12.423497622894601,2.1629786373617756,16.29602555088366
804,0.18317806233388992,-0.004923758640044498,0.19222693312597489,0.19715069176601938,0.009048870792084968,-0.013972629432129458,0.8077730668740251,0.09178944172428771,12.13908802570639,2.0725748655557332,1.9306546378306848,12.230877467430677,2.1643643072800214,16.234106970817095
805,0.16471047698436736,-0.00461205648059995,0.17494994933426444,0.1795620058148644,0.010239472349897083,-0.014851528830497035,0.8250500506657356,0.09412660626299818,12.03381366679166,2.036108241629716,1.8751861705408785,12.127940273054659,2.1302348478927136,16.039234685225253
806,0.1773684269116012,-0.004676071391549117,0.1872660682947291,0.19194213968627824,0.009897641383127903,-0.014573712774677033,0.8127339317052709,0.0884268373231123,11.78748218258939,2.0572968919119123,2.0229785948543153,11.875909019912502,2.1457237292350255,15.95618450667873
807,0.18791824115227346,-0.0044946867941091624,0.19609952431490327,0.20059421110901243,0.00818128316262981,-0.012675969956738975,0.8039004756850967,0.09214125999331912,12.12811297517483,2.0379718695171682,1.8651748791235292,12.220254235168149,2.1301131295104865,16.123400983808846
808,0.18688838192631743,-0.003947255022262924,0.20033611566589482,0.20428337068815774,0.013447733739577389,-0.017394988761840313,0.7996638843341052,0.0939273714136295,11.978835700647284,2.0862487494396884,1.9960461725512424,12.072763072060914,2.180176120853319,16.155057994051845
809,0.17662267446188917,-0.004409235867031731,0.18661156845844423,0.19102080432547597,0.00998889399655506,-0.014398129863586795,0.8133884315415558,0.09126563375525265,12.103018932385787,2.055550271676715,1.8066123652363224,12.19428456614104,2.1468159054319687,16.056447203054077
810,0.1623640928744988,-0.003809412493021914,0.17144512836501502,0.17525454085803693,0.009081035490516226,-0.01289044798353814,0.828554871634985,0.0908812943755617,11.918864780384716,2.0533691782126784,1.8871462050614607,12.009746074760278,2.14425047258824,15.950261458034417
811,0.1896622807309031,-0.004749756482211116,0.20197827601567997,0.2067280324978911,0.012315995284776865,-0.01706575176698799,0.79802172398432,0.09448742690442558,12.298252377220546,2.0436159697912366,1.7741623550182126,12.392739804124972,2.138103396695663,16.21051812893442
812,0.16489193623788428,-0.004153696411202898,0.17491159645206028,0.17906529286326317,0.010019660214175996,-0.014173356625378886,0.8250884035479398,0.09216048105762731,12.217164924899633,2.0415700018638123,1.9100390636142297,12.30932540595726,2.1337304829214396,16.260934471435302
813,0.1685073086171872,-0.004334494376347946,0.1816720290602203,0.18600652343656826,0.013164720443033101,-0.017499214819381048,0.8183279709397797,0.09512674825282552,12.087003285543423,2.051899320294414,1.9178140122604823,12.182130033796248,2.147026068547239,16.151843366351144
814,0.15007156354193582,-0.0044744417145945355,0.1639308261155692,0.16840526783016374,0.013859262573633374,-0.01833370428822792,0.8360691738844308,0.09232800331198021,11.673264621969093,2.0567018206049728,1.8025153551409723,11.765592625281073,2.1490298239169534,15.624809801027018
815,0.18905172433459938,-0.00526032844958976,0.20140421584845944,0.2066645442980492,0.012352491513860059,-0.01761281996344982,0.7985957841515405,0.09303649285492632,12.056630116997608,2.070313751470053,1.9710377408540367,12.149666609852535,2.1633502443249792,16.191018102176624
816,0.17265106041908254,-0.004216199718848151,0.18404072211761052,0.18825692183645867,0.01138966169852798,-0.015605861417376132,0.8159592778823894,0.08785548593393955,12.529015881390624,2.035909624141061,1.7966290548496477,12.616871367324563,2.1237651100750012,16.449410046315272
817,0.17712818554849724,-0.004465795652971732,0.18785870071073685,0.19232449636370857,0.010730515162239607,-0.015196310815211334,0.8121412992892632,0.09216405145391526,12.154795959654228,2.05168445074211,1.8969305200775057,12.246960011108143,2.1438485021960254,16.19557498192776
818,0.1912885995375174,-0.004967675260022083,0.20268254888609027,0.20765022414611237,0.01139394934857288,-0.01636162460859497,0.7973174511139097,0.09146061317878917,12.399820249134915,2.047615664244738,1.9385775426409708,12.491280862313705,2.1390762774235266,16.477474069199413
819,0.17646774335280152,-0.0037208145619268725,0.18484399868885573,0.18856481325078261,0.008376255336054211,-0.012097069897981094,0.8151560013111443,0.08702788674242257,11.828232361529064,2.0344835214415706,1.9206787742271487,11.915260248271487,2.1215114081839923,15.870422543940206
820,0.1899079067290827,-0.004802053591950918,0.19595070662961897,0.20075276022156988,0.006042799900536272,-0.010844853492487178,0.804049293370381,0.09379812509872565,12.150732588512671,2.0785500920912305,1.7766909160402946,12.244530713611397,2.172348217189956,16.099771721742922
821,0.19649958965744221,-0.003557998412874254,0.20890567573717456,0.2124636741500488,0.012406086079732342,-0.015964084492606584,0.7910943242628254,0.09225103496168963,12.399123179227539,2.0750025421801492,1.9470284239923057,12.491374214189229,2.167253577141839,16.513405180361683
822,0.16719506741978055,-0.004442597500590109,0.18007725501883934,0.18451985251942946,0.012882187599058792,-0.01732478509964891,0.8199227449811607,0.09136774337997977,11.853745891318908,2.0934973115963817,1.828234353701939,11.945113634698888,2.1848650549763615,15.866845299997209
823,0.17868277314417927,-0.00427669525927016,0.1895974512999038,0.19387414655917395,0.010914678155724528,-0.015191373414994686,0.8104025487000962,0.09600447003238166,12.556745438741224,2.076077289996185,1.9332435455247516,12.652749908773606,2.172081760028566,16.662070744294542
824,0.17710404515501196,-0.0039306238178221575,0.18777058239121763,0.1917012062090398,0.01066653723620567,-0.014597161054027835,0.8122294176087823,0.0978571373485142,12.490562054165752,2.0456236367673206,1.8839695657936382,12.588419191514266,2.143480774115835,16.518012394075225
825,0.16598009492219387,-0.0044939621001319745,0.1781313298540188,0.18262529195415078,0.012151234931824934,-0.01664519703195691,0.8218686701459812,0.09358655934622995,12.328076041447574,2.064606525244251,1.856732527744045,12.421662600793804,2.158193084590482,16.3430016537821
826,0.17401222502704689,-0.004782975072344848,0.18320757565763945,0.1879905507299843,0.00919535063059257,-0.013978325702937416,0.8167924243423605,0.09104337016054309,11.678143843366248,2.0412494813002464,1.7009704586430061,11.769187213526791,2.1322928514607895,15.511407153470044
827,0.16810918512583076,-0.0045085087301233095,0.18140885126057288,0.1859173599906962,0.013299666134742122,-0.01780817486486544,0.8185911487394271,0.09098323069138381,12.19147611329839,2.051943498890873,1.7843238589828747,12.282459343989775,2.142926729582257,16.118726701863523
828,0.1704143564231154,-0.0036590398259086776,0.18245207493827167,0.18611111476418035,0.012037718515156282,-0.01569675834106496,0.8175479250617284,0.09135903649512578,12.184694931718727,2.037325387432439,1.915093308477088,12.276053968213853,2.1286844239275657,16.22847266412338
829,0.1579270839270307,-0.003541801968330349,0.16797808203863782,0.17151988400696816,0.010050998111607118,-0.013592800079937462,0.8320219179613622,0.09250589773089857,12.098707887080245,2.0426906348040585,1.9345244708091993,12.191213784811143,2.1351965325349576,16.1684288904244
830,0.1561648612062943,-0.003638709047031587,0.1682208355302591,0.1718595445772907,0.012055974323964797,-0.015694683370996387,0.8317791644697409,0.09525105013807789,11.914027641278341,2.0950811512473297,1.761904519946924,12.00927869141642,2.1903322013854085,15.866264362610673
831,0.17887835740847557,-0.004855627292298482,0.19114062111171562,0.1959962484040141,0.012262263703240045,-0.017117890995538537,0.8088593788882844,0.08952108662447777,12.443566966494402,2.0590018189999952,1.935203580014063,12.53308805311888,2.148522905624472,16.527293452132938
832,0.1645194489109582,-0.004498924646411693,0.17752210887449696,0.18202103352090865,0.013002659963538749,-0.017501584609950438,0.8224778911255031,0.09423273079926808,12.330130866916038,2.0370701642800366,1.8478363471025734,12.424363597715306,2.1313028950793047,16.309270109097916
833,0.16089265884286721,-0.004751199994113427,0.1698256922680739,0.1745768922621873,0.008933033425206682,-0.013684233419320097,0.8301743077319261,0.08705067797186317,12.072854473675417,2.053830224695954,1.8196550115455743,12.15990515164728,2.140880902667818,16.033390387888808
834,0.18255208884548915,-0.004192568649860038,0.19341253197418015,0.1976051006240402,0.010860443128691,-0.015053011778551034,0.8065874680258198,0.09296168712111097,12.46859802534498,2.0759617400724704,1.876687370051318,12.56155971246609,2.1689234271935818,16.51420882258988
835,0.15687116001765572,-0.004334355219156393,0.16912976948726824,0.17346412470642464,0.01225860946961252,-0.01659296468876892,0.8308702305127318,0.09308095843581299,12.387604449368585,2.0503628380317753,1.8225468506144171,12.480685407804398,2.143443796467589,16.35359509645059
836,0.1737912593560463,-0.004702090323324989,0.17886400234075361,0.1835660926640786,0.005072742984707307,-0.009774833308032305,0.8211359976592464,0.09261674596796254,12.166807724545816,2.0606375486438573,1.803680688369404,12.259424470513778,2.1532542946118194,16.12374270752704
837,0.16511055897889093,-0.004463474479076511,0.17059989798220004,0.17506337246127657,0.005489339003309113,-0.009952813482385636,0.8294001020177999,0.0932193429790491,12.00483598453241,2.036089969730547,1.827112098379489,12.098055327511458,2.129309312709596,15.961257395621494
838,0.17227569324416753,-0.004220108294255302,0.18037504137794422,0.18459514967219953,0.00809934813377669,-0.012319456428032005,0.8196249586220558,0.08924611232416702,12.099956759296411,2.062349810488433,1.8696142184787767,12.189202871620578,2.1515959228126,16.121166900587788
839,0.1579891904372653,-0.004566158768173579,0.16544454199610245,0.17001070076427602,0.007455351558837142,-0.01202151032701071,0.8345554580038975,0.09467771186092477,12.23779111977426,2.064581086431563,1.9332406080673525,12.332468831635184,2.159258798292487,16.3302905261341
840,0.16887854200633634,-0.0032257763991791906,0.18186706835496788,0.18509284475414708,0.01298852634863154,-0.016214302747810744,0.8181329316450321,0.09033416943417549,11.979471703524506,2.0719644446864773,1.8742168326352822,12.069805872958682,2.162298614120653,16.01598715028044
841,0.19396823174825897,-0.0038565763963114333,0.20400842429776742,0.20786500069407884,0.010040192549508442,-0.01389676894581987,0.7959915757022326,0.09112969626014511,12.01041891111042,2.068679367171743,1.8570380533928716,12.101548607370566,2.159809063431889,16.02726602793518
842,0.17865305489974673,-0.004988733454129902,0.1872242976007621,0.192213031054892,0.008571242701015364,-0.013559976155145259,0.8127757023992379,0.0925961228867429,12.358645125127119,2.078919073544693,1.8810146793590938,12.451241248013861,2.1715151964314363,16.41117500091765
843,0.17394948405609942,-0.0051772767027719446,0.18136364008635908,0.186540916789131,0.007414156030259661,-0.012591432733031593,0.8186363599136409,0.09245541872464891,12.127835485758682,2.034016833700429,1.87872279062349,12.220290904483331,2.1264722524250774,16.13303052880725
844,0.1841001607231686,-0.005350218950556416,0.20235629566291333,0.20770651461346976,0.018256134939744734,-0.023606353890301163,0.7976437043370866,0.09169727439410202,12.53378119422115,2.0754899788747636,1.8717855156896803,12.625478468615253,2.167187253268865,16.572753963179697
845,0.17365586949689746,-0.004376685691191502,0.18330465737776652,0.18768134306895803,0.009648787880869064,-0.014025473572060576,0.8166953426222334,0.09004187558123888,12.199857140056523,2.044844544555806,1.8400826251456106,12.289899015637761,2.134886420137045,16.174826185339178
846,0.16232557391242677,-0.004040125507551626,0.17331902656813714,0.17735915207568875,0.010993452655710362,-0.01503357816326198,0.8266809734318629,0.09110648018395828,12.305671862335316,2.051882786601901,1.9702725190691037,12.396778342519275,2.14298926678586,16.41893364819028
847,0.18109217867143043,-0.0036055521607680093,0.19003558423291772,0.19364113639368574,0.008943405561487289,-0.01254895772225531,0.8099644157670822,0.09153654208668449,12.64669364060365,2.0563232869490946,1.877242452479507,12.738230182690334,2.1478598290357795,16.671795922118935
848,0.1763295407755542,-0.002349638186837777,0.18716261571554701,0.1895122539023848,0.010833074939992804,-0.013182713126830586,0.812837384284453,0.09412867094827071,12.156029524864035,2.0618672754110214,1.8745444323002882,12.250158195812306,2.155995946359293,16.186569903523615
849,0.16977017331846328,-0.005589760642588712,0.18040477774322147,0.18599453838581018,0.010634604424758193,-0.016224365067346896,0.8195952222567785,0.08974202122248442,12.037967669663496,2.0364615696698714,1.871066560361383,12.12770969088598,2.1262035908923553,16.035237820917235
850,0.16896874063399317,-0.004695467819761993,0.17968708694446944,0.18438255476423143,0.010718346310476273,-0.015413814130238263,0.8203129130555306,0.09263856483515909,12.270951435575778,2.046759337242136,1.6984653805893508,12.363590000410937,2.1393979020772953,16.108814718242424
851,0.160306804031795,-0.0046208660656346014,0.17299535196799898,0.1776162180336336,0.01268854793620397,-0.01730941400183858,0.827004648032001,0.09533906083229127,11.871017854240545,2.0604964486270774,1.8342902763151105,11.966356915072836,2.155835509459368,15.861143640015024
852,0.17111113264645483,-0.004080633962657393,0.1837275532918331,0.1878081872544905,0.012616420645378268,-0.016697054608035666,0.8162724467081669,0.09384611367107354,12.075996603868631,2.047869820636775,1.8815294208567632,12.169842717539705,2.1417159343078493,16.099241959033243
853,0.18720306554378405,-0.003956198382521912,0.19754798436655374,0.20150418274907567,0.010344918822769694,-0.014301117205291619,0.8024520156334463,0.0951487790569967,12.241058432507556,2.051264901434065,1.927197060467316,12.336207211564552,2.1464136804910616,16.314669173465933
854,0.16671283242446772,-0.004342556195180052,0.17824718382542176,0.18258974002060183,0.011534351400954046,-0.01587690759613411,0.8217528161745782,0.09557073621926016,12.843818241372592,2.046672607706652,1.8768341448555859,12.939388977591852,2.1422433439259114,16.86289573015409
855,0.1879631050082092,-0.004443083218453712,0.2032724688481368,0.2077155520665905,0.015309363839927592,-0.019752447058381306,0.7967275311518632,0.09481659892122707,12.046077831460158,2.0517250982277346,1.9530257277950955,12.140894430381385,2.1465416971489613,16.145645256404215
856,0.18297975573217262,-0.003970774102887114,0.19101026189732367,0.1949810360002108,0.008030506165151052,-0.012001280268038178,0.8089897381026763,0.09177339735663992,12.058666734678756,2.0513408226274663,1.9176006906330478,12.150440132035396,2.1431142199841053,16.11938164529591
857,0.1820905000304001,-0.0045117667282163305,0.19134542879739058,0.1958571955256069,0.009254928766990494,-0.013766695495206815,0.8086545712026094,0.0915311068492386,12.434276066837484,2.0378382104883936,1.9275198416546093,12.525807173686722,2.1293693173376314,16.491165225829725
858,0.18684624040327144,-0.0034867018618398317,0.19651519410993912,0.20000189597177895,0.009668953706667677,-0.013155655568507507,0.8034848058900609,0.09152245729875474,12.548334083286166,2.071288856568609,1.8557506546968305,12.63985654058492,2.162811313867364,16.56689605185036
859,0.18571902606671672,-0.004366327055267338,0.19849504371295484,0.2028613707682222,0.01277601764623812,-0.01714234470150547,0.8015049562870451,0.09004630649604373,12.100512956098497,2.067774962132514,1.907019854124183,12.19055926259454,2.157821268628558,16.165354078851237
860,0.17706502885428294,-0.0038145139200695065,0.18495099595124684,0.18876550987131635,0.007885967096963903,-0.011700481017033415,0.8150490040487531,0.09113484941665106,12.14755770754376,2.075509891190734,1.8646104790069504,12.23869255696041,2.1666447406073854,16.178812927158095
861,0.15227283429242927,-0.003906811620753878,0.16396579419354873,0.1678726058143026,0.01169295990111946,-0.015599771521873335,0.8360342058064513,0.09046885565518537,11.788632186422271,2.029922756765906,1.976674841747105,11.879101042077457,2.1203916124210918,15.885698640590467
862,0.15954121922469297,-0.004797344590027053,0.1726761161818104,0.17747346077183745,0.01313489695711742,-0.017932241547144484,0.8273238838181896,0.08963883351508173,12.152003086337093,2.0774869186768985,1.9262857451245363,12.241641919852174,2.1671257521919807,16.24541458365361
863,0.17896799524462,-0.004143688124330311,0.18764607284889123,0.19178976097322153,0.008678077604271223,-0.012821765728601525,0.8123539271511088,0.09111281257644066,12.196023074006494,2.0668681266105136,1.8173776547351732,12.287135886582934,2.157980939186954,16.17138166792862
864,0.17188165462164728,-0.003455817182353651,0.17701319819216516,0.18046901537451882,0.005131543570517871,-0.008587360752871531,0.8229868018078348,0.08712070195204014,12.104231045177078,2.0409558380075996,1.820221703600291,12.191351747129119,2.1280765399596397,16.05252928873701
865,0.1782052701170094,-0.004754103981082408,0.18700724276573655,0.19176134674681897,0.008801972648727147,-0.013556076629809566,0.8129927572342635,0.0884680531157862,12.554659156708652,2.0374951720720063,1.9118293472647423,12.643127209824438,2.125963225187793,16.592451729161187
866,0.1812720703475441,-0.004414248305632849,0.18940855169991344,0.1938228000055463,0.008136481352369329,-0.012550729658002191,0.8105914483000866,0.09390500709451644,12.529594556562245,2.0756756597048867,1.8651024314835691,12.623499563656761,2.169580666799404,16.564277654845217
867,0.1750578310102824,-0.0047641875193391095,0.18269015956234766,0.18745434708168676,0.007632328552065248,-0.012396516071404351,0.8173098404376523,0.09079082895244106,12.601681677951886,2.0744903952181133,1.7893677505373802,12.692472506904327,2.165281224170554,16.55633065265982
868,0.17455684161309984,-0.003685654226924569,0.1837761581169771,0.18746181234390166,0.00921931650387725,-0.012904970730801824,0.8162238418830229,0.0934588878202316,12.17255957553067,2.046584828235682,1.8333982333190235,12.266018463350902,2.1400437160559136,16.146001524905607
869,0.19650131179430166,-0.004746310313368696,0.2043124090113862,0.2090587193247549,0.007811097217084534,-0.01255740753045323,0.7956875909886139,0.09111898525429574,12.61591012765798,2.0383377757572188,1.9820753204328518,12.707029112912275,2.129456761011514,16.727442209102346
870,0.17838855693431363,-0.005520974175890579,0.1846801770081206,0.19020115118401118,0.006291620073806958,-0.01181259424969755,0.8153198229918794,0.0875297461150808,12.212978325650688,2.0352146491243897,1.9562369274607772,12.300508071765769,2.1227443952394713,16.291959648350936
871,0.1774166712139229,-0.0039636664086113325,0.1888338481038193,0.19279751451243066,0.011417176889896408,-0.015380843298507751,0.8111661518961807,0.09211933704971642,12.183795124379882,2.0736366092693004,1.8608106407029634,12.275914461429599,2.1657559463190172,16.210361711401863
872,0.18385653656276962,-0.003300136768164813,0.19529613825328543,0.19859627502145025,0.011439601690515805,-0.014739738458680623,0.8047038617467146,0.0942027242777943,12.627624879345689,2.036973149873205,1.8717486276447506,12.721827603623483,2.1311758741509985,16.63054938114144
873,0.186761240090763,-0.004690219974591694,0.1972304039354765,0.20192062391006818,0.010469163844713497,-0.015159383819305178,0.8027695960645235,0.09279130099286093,12.217790006483533,2.0511832172017517,1.8526562769286148,12.310581307476394,2.1439745181946117,16.21442080160676
874,0.16554852835117193,-0.004262328539424561,0.17563598027531704,0.17989830881474161,0.010087451924145119,-0.014349780463569689,0.824364019724683,0.09019743721717788,12.219779497361618,2.0526191688390174,1.7744887405118117,12.309976934578795,2.1428166060561953,16.137084843929625
875,0.1665990449960744,-0.004768080039128418,0.1761419665177825,0.18091004655691093,0.009542921521708103,-0.014311001560836534,0.8238580334822175,0.09030978060921235,11.848448014977341,2.087150142678924,1.8544809205318273,11.938757795586554,2.177459923288136,15.880388858797305
876,0.16311392760413546,-0.005448082216768623,0.17389568604423056,0.17934376826099918,0.010781758440095102,-0.016229840656863725,0.8261043139557694,0.09028778500541712,12.089778112907545,2.0540154826169204,1.8312502459550792,12.180065897912963,2.144303267622337,16.065331626484962
877,0.17995707145131498,-0.0031561220734220106,0.19113850674189184,0.19429462881531384,0.011181435290576858,-0.01433755736399886,0.8088614932581082,0.0890290467653827,12.148376376067997,2.0466028245530126,1.7849323076655779,12.23740542283338,2.1356318713183944,16.06894055505197
878,0.16241073056756933,-0.004035945128506049,0.1753712547278791,0.17940719985638515,0.012960524160309767,-0.01699646928881582,0.8246287452721209,0.08951272660925369,12.260250725534735,2.053127864432094,1.9913033474731545,12.34976345214399,2.142640591041347,16.394194664049238
879,0.16919138937879896,-0.004559938527363542,0.18023104203710666,0.18479098056447021,0.011039652658307697,-0.015599591185671252,0.8197689579628933,0.08955193855746302,12.23474922218789,2.061670004164556,1.8158252093862384,12.324301160745353,2.151221942722019,16.201796374296148
880,0.1694045286948128,-0.004346663211181093,0.1849081311653163,0.1892547943764974,0.015503602470503502,-0.019850265681684603,0.8150918688346838,0.09480847650911528,11.955094822357147,2.0581210162814596,1.9081767624149801,12.049903298866262,2.1529294927905758,16.0162010775627
881,0.16502170789244738,-0.003993233113059214,0.1705113117167493,0.1745045448298085,0.005489603824301914,-0.009482836937361128,0.8294886882832507,0.09409060714767392,12.661536741017734,2.0521471789058463,1.8457326819158393,12.755627348165408,2.14623778605352,16.653507208987094
882,0.19735653517580964,-0.004223916037622694,0.20834843245156678,0.2125723484891895,0.01099189727575714,-0.015215813313379845,0.7916515675484332,0.0887382943362578,12.152099270255485,2.0296455173886088,1.7590319002398935,12.240837564591743,2.118383811724867,16.029514982220245
883,0.1894260340803749,-0.0044822453986195,0.1976645432808565,0.202146788679476,0.008238509200481609,-0.012720754599101103,0.8023354567191435,0.09244451471584902,12.261845803302284,2.0712803769134887,1.6897349440875686,12.354290318018133,2.1637248916293372,16.11530563901919
884,0.1798256314591984,-0.0037268619306200833,0.19490958501133127,0.19863644694195134,0.015083953552132878,-0.018810815482752957,0.8050904149886687,0.09053548909869669,12.053217366736499,2.061766729624063,1.919406409715128,12.143752855835196,2.1523022187227596,16.124925995174387
885,0.18403870450974902,-0.0043897560467066376,0.19477266836036763,0.19916242440707427,0.010733963850618616,-0.01512371989732525,0.8052273316396323,0.08789012994565404,12.140088801364113,2.0904163922129193,1.7292208285654027,12.227978931309767,2.1783065221585733,16.04761615208809
886,0.1630395116796007,-0.00472553695383384,0.17112357570526013,0.17584911265909398,0.008084064025659421,-0.012809600979493269,0.8288764242947398,0.09327918527940682,12.206753335157488,2.033512484536198,1.8553889025304038,12.300032520436895,2.126791669815605,16.188933907503497
887,0.18205072050799176,-0.004607090694875206,0.20028305860007817,0.20489014929495336,0.01823233809208641,-0.022839428786961602,0.7997169413999219,0.09349257197143679,12.335522030815506,2.0555092477940136,1.8514893260171164,12.429014602786943,2.1490018197654503,16.336013176598073
888,0.1734806128939176,-0.004173345550278729,0.18209524644488506,0.1862685919951638,0.008614633550967449,-0.012787979101246183,0.8179047535551149,0.09498521591428144,12.178046384284041,2.048998529144148,1.8412133255993606,12.273031600198323,2.143983745058429,16.16324345494183
889,0.15219632761922222,-0.004482633346333598,0.1684412973723675,0.17292393071870107,0.016244969753145266,-0.020727603099478853,0.8315587026276325,0.0924455983126169,12.282953157935736,2.0543422949486754,1.8459675712040404,12.375398756248353,2.146787893261293,16.27570862240107
890,0.16715794290236657,-0.004835856228049321,0.17448957968999945,0.17932543591804878,0.007331636787632878,-0.012167493015682207,0.8255104203100005,0.09553742588851222,12.400044012042692,2.057236301120609,1.8869347610853335,12.495581437931204,2.1527737270091216,16.439752500137146
891,0.1908694354752731,-0.004601757277859265,0.2012635226976047,0.20586527997546397,0.010394087222331594,-0.014995844500190869,0.7987364773023953,0.09099806301234104,12.459442601813851,2.0424784841667574,2.0025237906201934,12.550440664826192,2.1334765471790975,16.595442939613143
892,0.17940266562562207,-0.005330538128918387,0.1895675676492986,0.194898105778217,0.010164902023676536,-0.015495440152594936,0.8104324323507014,0.0936216170362627,12.297545222556689,2.0647221539004406,1.820960860715278,12.391166839592952,2.1583437709367024,16.27684985420867
893,0.19652257006632864,-0.004691233403727955,0.2052896253106547,0.20998085871438266,0.008767055244326055,-0.013458288648054012,0.7947103746893454,0.09324161054750668,12.76653055591671,2.0407957754803263,1.8769306894101963,12.859772166464216,2.1340373860278334,16.77749863135474
894,0.1920834754850882,-0.003698289544644612,0.20080122009930745,0.20449950964395205,0.008717744614219258,-0.012416034158863859,0.7991987799006925,0.09328660586634108,12.3801547912791,2.054385040403618,1.790312946503267,12.473441397145441,2.147671646269959,16.318139384052326
895,0.17402472221370172,-0.003655701359924829,0.18507144093771027,0.1887271422976351,0.011046718724008558,-0.014702420083933382,0.8149285590622897,0.08684047618758228,12.038585421109822,2.0346251463282954,1.9336877677193094,12.125425897297404,2.1214656225158772,16.09373881134501
896,0.17895611955182883,-0.004380509992096651,0.1914353054027552,0.19581581539485185,0.012479185850926361,-0.01685969584302302,0.8085646945972448,0.08891556659779454,12.019885034848812,2.068355406738098,1.9140941426213889,12.108800601446607,2.1572709733358924,16.091250150806093
897,0.18220759005021597,-0.004452958020437452,0.1935610824099879,0.19801404043042536,0.011353492359771927,-0.01580645038020939,0.8064389175900121,0.09255424810613633,12.242565906900122,2.081247226430394,1.8910120221467341,12.335120155006258,2.17380147453653,16.307379403583386
898,0.1835626266090426,-0.004709124280291592,0.1916085642730494,0.196317688553341,0.008045937664006797,-0.012755061944298401,0.8083914357269506,0.09660500159355045,12.611185183812815,2.056166871227795,1.9437937566680947,12.707790185406365,2.1527718728213463,16.707750813302255
899,0.15221436904387387,-0.004752365904037137,0.16448259120366143,0.16923495710769856,0.012268222159787567,-0.0170205880638247,0.8355174087963386,0.09103254146832107,12.466749307081649,2.0415630089137125,1.8821256952171215,12.55778184854997,2.1325955503820326,16.481470552680804
900,0.17795116221283883,-0.004184726953128486,0.188555875099807,0.1927406020529355,0.010604712886968182,-0.014789439840096674,0.811444124900193,0.0929600560580841,11.988539837042397,2.0556172627334384,1.8847084010608697,12.081499893100482,2.1485773187915225,16.02182555689479
901,0.16054457944134007,-0.003715435357988059,0.16924433098416325,0.17295976634215132,0.00869975154282318,-0.012415186900811226,0.8307556690158368,0.09450686611245018,12.392600658616244,2.0587852619346627,1.7660383558005766,12.487107524728694,2.153292128047113,16.311931142463933
902,0.17208368407879007,-0.004295116790141866,0.18588628836604768,0.19018140515618953,0.013802604287257603,-0.01809772107739946,0.8141137116339523,0.08873785959408309,12.350415548252073,2.0505772213541054,1.8570784420374746,12.439153407846156,2.1393150809481885,16.346809071237736
903,0.17432471459019183,-0.004803408430899055,0.18646676800051346,0.1912701764314125,0.012142053410321624,-0.01694546184122067,0.8135332319994866,0.0914448884452348,12.190048481172823,2.044689591154288,1.8545966196989703,12.281493369618058,2.136134479599524,16.180779580471317
904,0.16179505815928308,-0.004131623103971156,0.172321685884719,0.17645330898869016,0.010526627725435916,-0.014658250829407082,0.827678314115281,0.09215652240069261,11.960080004336739,2.067592630373438,1.761932662637987,12.052236526737431,2.1597491527741317,15.881761819748856
905,0.16625001233023762,-0.004185077405216106,0.17640231918435195,0.18058739658956807,0.010152306854114335,-0.014337384259330455,0.823597680815648,0.09086662180931526,12.227191540508628,2.041746761096743,1.8884768670728427,12.318058162317943,2.132613382906058,16.24828179048753
906,0.18875814728008564,-0.004560487432978423,0.19930629230843777,0.2038667797414162,0.010548145028352135,-0.015108632461330568,0.8006937076915622,0.09193122408748167,12.645837097631642,2.062579413756781,1.8370205831779085,12.737768321719123,2.1545106378442638,16.637368318653813
907,0.16482642608963274,-0.00437224718877755,0.175457867847778,0.17983011503655555,0.01063144175814526,-0.015003688946922805,0.8245421321522219,0.09148280309929646,12.349506194604306,2.0494742520548197,1.951702179396877,12.440988997703602,2.140957055154117,16.4421654291553
908,0.19342962971840663,-0.003910125804742521,0.20415128934860713,0.20806141515334964,0.010721659630200497,-0.014631785434943007,0.7958487106513928,0.08936522705195138,11.822312109838208,2.0610663991724465,1.9484841493132095,11.91167733689016,2.1504316262243988,15.921227885375815
909,0.16532873284034919,-0.004000868643429038,0.17912291874945202,0.18312378739288107,0.013794185909102835,-0.017795054552531886,0.8208770812505479,0.09384407047613763,11.921249418792302,2.0950243126484303,1.8425865050905053,12.01509348926844,2.188868383124568,15.952704307007375
910,0.16745919150548716,-0.004692965412925655,0.17377112211294174,0.1784640875258674,0.00631193060745458,-0.01100489602038024,0.8262288778870582,0.09395354718816762,12.0641355923539,2.039027915984187,1.830401209718362,12.158089139542067,2.1329814631723547,16.027518265244616
911,0.16618578063187395,-0.004684535424542434,0.173867227922854,0.17855176334739645,0.0076814472909800535,-0.0123659827155225,0.826132772077146,0.0928270685767636,12.254107197964645,2.0636555440456874,1.8389540291892796,12.346934266541409,2.1564826126224506,16.249543839776376
912,0.19928923768031936,-0.0044423384052682145,0.21140665182334822,0.21584899022861645,0.01211741414302886,-0.016559752548297085,0.7885933481766518,0.0957717774730451,12.373474961193326,2.074482964981698,1.8161834593885189,12.46924673866637,2.170254742454743,16.359913163036587
913,0.16826092664144773,-0.004320972269983785,0.17736093130934213,0.18168190357932593,0.009100004667894401,-0.013420976937878193,0.8226390686906578,0.09252111438508948,12.121868537857758,2.0424034198932066,1.881453668310515,12.214389652242847,2.134924534278295,16.13824674044657
914,0.19045789352249795,-0.0052143913641457115,0.20048674412168133,0.20570113548582702,0.010028850599183375,-0.015243241963329074,0.7995132558783187,0.09289025250094163,12.080285077395068,2.0392532958276384,1.9335920032078437,12.17317532989601,2.13214354832858,16.146020628931492
915,0.16047320681368035,-0.004794892606824848,0.17343958445528623,0.17823447706211107,0.01296637764160588,-0.017761270248430716,0.8265604155447137,0.090571304011684,12.264299337856244,2.0407667549456736,2.000316979703314,12.354870641867928,2.131338058957358,16.395954376516915
916,0.17273999704217305,-0.004021297304952085,0.18355837445860193,0.18757967176355403,0.010818377416428882,-0.01483967472138098,0.8164416255413981,0.09160759784964156,12.20885632129102,2.0302775948441543,1.935094848797835,12.300463919140661,2.121885192693796,16.26583636278265
917,0.19335145888378735,-0.004940894130070985,0.2000425464050191,0.20498344053509007,0.006691087521231737,-0.01163198165130272,0.7999574535949809,0.08917001548343606,12.41103714546542,2.0331297469982985,1.7601692907179451,12.500207160948856,2.1222997624817346,16.2935061986651
918,0.16368984473117304,-0.004655506252343846,0.17649236159512868,0.18114786784747253,0.012802516863955643,-0.017458023116299487,0.8235076384048713,0.08962053953403526,11.968355039856144,2.0322386805509502,1.8769929197256143,12.05797557939018,2.1218592200849855,15.967207179666744
919,0.18212947609505317,-0.003976640667358991,0.18900437461966835,0.19298101528702732,0.006874898524615175,-0.01085153919197418,0.8109956253803317,0.09789269838202408,12.499343086869313,2.063673831872821,1.7559914200275877,12.597235785251337,2.161566530254844,16.416901037151746
920,0.16096808137399185,-0.004774314365748411,0.17279645810861766,0.17757077247436606,0.011828376734625806,-0.01660269110037421,0.8272035418913823,0.09338017038161617,11.950734834618252,2.037764495651567,1.950231546007764,12.044115004999869,2.1311446660331823,16.0321110466592
921,0.14836066277915827,-0.0038417089346206917,0.15652655003630608,0.16036825897092677,0.008165887257147814,-0.0120075961917685,0.8434734499636939,0.09374464868694865,12.061145550188009,2.0239753784805483,1.8908050677267774,12.154890198874957,2.117720027167497,16.069670645082283
922,0.17092083383131554,-0.005124437815582537,0.1811549322823404,0.18627937009792292,0.010234098451024853,-0.015358536266607381,0.8188450677176596,0.09351261507794995,12.384440780033199,2.0455621754229973,1.8799016167982483,12.477953395111149,2.139074790500947,16.403417187332394
923,0.18393928674243482,-0.004255331557945502,0.19282184104529798,0.19707717260324348,0.008882554302863166,-0.013137885860808662,0.807178158954702,0.0929016250217014,12.27773105752987,2.0522188568620834,1.7648186756913287,12.370632682551571,2.1451204818837857,16.187670215104983
924,0.16673344767287498,-0.004963638914054183,0.18090994692262438,0.18587358583667857,0.014176499249749397,-0.019140138163803583,0.8190900530773756,0.0975274893987077,12.136286556375783,2.0336613531099896,1.9602398999780437,12.23381404577449,2.1311888425086964,16.227715298862524
925,0.17532525439600669,-0.0038294542597182447,0.19076551618924295,0.1945949704489612,0.015440261793236265,-0.019269716052954522,0.809234483810757,0.09034865919096369,12.41870890164361,2.0512932044004604,1.9306023913139878,12.509057560834574,2.141641863591424,16.490953156549022
926,0.1907433521670152,-0.004840753755050298,0.20202413120829607,0.20686488496334637,0.011280779041280858,-0.01612153279633116,0.7979758687917039,0.09244991520784218,12.420058531376526,2.055148793969755,1.9100401947564691,12.512508446584368,2.147598709177597,16.477697435310592
927,0.16613750510492778,-0.004313117296188172,0.17286466214588633,0.1771777794420745,0.0067271570409585535,-0.011040274337146716,0.8271353378541136,0.08951290088818631,11.966651007114681,2.041517270288603,1.8388255135828029,12.056163908002867,2.131030171176789,15.936506691874273
928,0.1771770835259685,-0.00380088780395526,0.18576239152511023,0.1895632793290655,0.008585307999141728,-0.012386195803096994,0.8142376084748898,0.09347035418250371,12.588921920896006,2.077963404075101,1.9118281029125992,12.68239227507851,2.1714337582576055,16.67218378206621
929,0.15823926212819875,-0.004029050699431994,0.1695041527644405,0.1735332034638725,0.011264890636241753,-0.015293941335673744,0.8304958472355595,0.0973539842861495,12.06207351241341,2.0527651513211147,1.8177531901260675,12.159427496699559,2.150119135607264,16.02994583814674
930,0.1828232462393501,-0.004348661923612373,0.19259594118540818,0.19694460310902057,0.009772694946058091,-0.014121356869670476,0.8074040588145919,0.090508438234977,12.3952305858231,2.071597857909909,1.8722085811831999,12.485739024058077,2.162106296144885,16.429545463151186
931,0.1580578970214362,-0.004322828281042991,0.16644415440683724,0.17076698268788024,0.008386257385401052,-0.012709085666444048,0.8335558455931628,0.08726402112295517,12.164821930003132,2.0606655551402966,1.7668370905059199,12.252085951126087,2.1479295762632518,16.079588596772304
932,0.18167942359977476,-0.004013902879728882,0.18847198965034384,0.19248589253007273,0.006792566050569077,-0.010806468930297963,0.8115280103496562,0.08547605347665943,12.008501634023085,2.073055155257048,1.6758686249730133,12.093977687499745,2.158531208733708,15.842901467729806
933,0.1842604651726688,-0.003901767873461151,0.19588977557049764,0.19979154344395877,0.01162931039782883,-0.015531078271289966,0.8041102244295024,0.09240659782143545,12.12176115127873,2.028844479685727,1.8175393422730277,12.214167749100165,2.1212510775071616,16.06055157105892
934,0.18502719503575651,-0.004187156145838311,0.20019952302339622,0.20438667916923453,0.015172327987639705,-0.019359484133478017,0.7998004769766038,0.09457303737760547,12.202724385487521,2.064649837278113,1.8618681976734521,12.297297422865126,2.1592228746557187,16.22381545781669
935,0.16795962705267423,-0.004714388657831014,0.18237334859643092,0.18708773725426195,0.014413721543756697,-0.019128110201587722,0.817626651403569,0.08706648712094989,12.04556242242975,2.0401940303491255,1.7711704772095036,12.1326289095507,2.1272605174700745,15.94399341710933
936,0.16498614676515413,-0.003896158679167298,0.1771248921940443,0.18102105087321158,0.012138745428890152,-0.01603490410805744,0.8228751078059557,0.08945036343931889,12.097399147478868,2.029762625304455,1.8575379256794857,12.186849510918186,2.119212988743773,16.074150061902127
937,0.15748718868424338,-0.00492038343965167,0.17091538721801228,0.17583577065766395,0.013428198533768892,-0.01834858197342057,0.8290846127819878,0.08871632747496427,12.034677133681488,2.016091431003419,1.9037139966558456,12.123393461156452,2.104807758478383,16.043198888815716
938,0.18705018450105185,-0.004921443131276225,0.1989076278542479,0.20382907098552414,0.011857443353196051,-0.01677888648447229,0.8010923721457521,0.0967140298271012,12.215881060693368,2.0379780558419736,1.8205996750492695,12.31259509052047,2.134692085669075,16.171172821411712
939,0.16976616027118863,-0.0041187992102221325,0.17756344925989562,0.18168224847011774,0.007797288988706991,-0.011916088198929115,0.8224365507401044,0.08964821487639263,12.048944155524026,2.054700285005719,1.8296044504827567,12.138592370400419,2.144348499882111,16.022897105888894
940,0.1704721592127882,-0.004995948953942624,0.18006811905846018,0.1850640680124028,0.009595959845671992,-0.014591908799614611,0.8199318809415398,0.08852292743191548,11.86683876577624,2.066665418775141,1.8698993442577905,11.955361693208156,2.155188346207056,15.891926456241087
941,0.17631702580425015,-0.00482263098560583,0.18839692283109294,0.19321955381669878,0.012079897026842784,-0.016902528012448625,0.8116030771689071,0.08949180512392907,11.763635940554988,2.028543913767983,1.9816427120718707,11.853127745678917,2.118035718891913,15.86331437151877
942,0.16448976069398022,-0.004520464481606764,0.17398782320633296,0.17850828768793972,0.009498062512352745,-0.014018526993959501,0.826012176793667,0.08923253330000058,11.73072879598248,2.0550077595642833,1.9621346601624907,11.819961329282481,2.144240292864284,15.837103749009255
943,0.1924690297565085,-0.003804244483760661,0.20019832551022307,0.20400256999398372,0.00772929575371456,-0.011533540237475215,0.7998016744897769,0.09094600295136424,12.819159693958193,2.070562477736038,1.879904944984288,12.910105696909557,2.1615084806874028,16.860573119629883
944,0.18093087144083927,-0.0044944180242887195,0.19106421249097702,0.19555863051526573,0.010133341050137745,-0.014627759074426455,0.808935787509023,0.0906637109848436,12.419925057557071,2.0499942291306805,1.8482014065446446,12.510588768541915,2.140657940115524,16.40878440421724
945,0.17221942829927211,-0.004390562342402405,0.18154757492550255,0.18593813726790495,0.009328146626230438,-0.013718708968632837,0.8184524250744974,0.092833062891307,12.250745863587657,2.04604332190754,1.7519720703126236,12.343578926478964,2.138876384798846,16.141594318699127
946,0.20222579400808754,-0.00417182206760554,0.21200167520546184,0.2161734972730674,0.009775881197374298,-0.01394770326497985,0.7879983247945381,0.10157003979616341,11.999449152303995,2.101624839600321,1.8524793964201116,12.101019192100159,2.203194879396485,16.05512342812059
947,0.17654580946355444,-0.004122053213990069,0.18458849333850638,0.18871054655249644,0.00804268387495194,-0.012164737088942001,0.8154115066614936,0.09349587101038281,12.094892214745094,2.0519024185177877,1.76144229715133,12.188388085755477,2.1453982895281705,16.001732801424595
948,0.17133809912498615,-0.003985382055975738,0.1810363153776582,0.18502169743363395,0.00969821625267206,-0.013683598308647793,0.8189636846223418,0.09180294297080138,12.036768281146404,2.081260081341746,1.8770246711137055,12.128571224117206,2.1730630243125475,16.086855976572657
949,0.19582044024808773,-0.0040990894367174445,0.2069074834800141,0.21100657291673153,0.011087043231926358,-0.015186132668643798,0.7930925165199859,0.09695833079980609,12.51717913418992,2.0693833342949493,1.9006044016587822,12.614137464989726,2.166341665094755,16.584125200943458
950,0.19705100022763794,-0.0050456190887364265,0.20815790317760696,0.2132035222663434,0.011106902949969022,-0.016152522038705458,0.791842096822393,0.09158891075428066,12.70217869108901,2.064413519158361,1.9118034496404004,12.79376760184329,2.1560024299126423,16.769984570642052
951,0.17429105605818168,-0.004132300402711113,0.18724674493212956,0.19137904533484068,0.01295568887394788,-0.017087989276659,0.8127532550678704,0.09028424681456748,12.160232985781239,2.0515558941575787,1.850883216475026,12.250517232595806,2.1418401409721453,16.15295634322841
952,0.17285906002659268,-0.004390129958994152,0.18094556253431782,0.18533569249331197,0.008086502507725135,-0.01247663246671929,0.8190544374656822,0.09262549103546647,12.101472346870397,2.069643935753417,1.811148686408444,12.194097837905863,2.1622694267888836,16.074890460067724
953,0.18002971144709717,-0.003791751412249262,0.193891251207958,0.19768300262020727,0.013861539760860825,-0.017653291173110097,0.806108748792042,0.09084190357188682,12.040631781477757,2.0601224052237512,1.8697290686370618,12.131473685049643,2.150964308795638,16.061325158910456
954,0.17365045598250078,-0.004064965230896474,0.18226974950296188,0.18633471473385835,0.008619293520461091,-0.012684258751357563,0.8177302504970381,0.09060620361218952,12.191458502199405,2.026720050003691,1.929266364869239,12.282064705811594,2.11732625361588,16.238051120684524
955,0.16429273791712212,-0.004854075861305815,0.17579650863305515,0.18065058449436097,0.011503770715933032,-0.01635784657723885,0.8242034913669448,0.09420226360671613,12.227944000690584,2.064881084336463,1.8265834294038168,12.3221462642973,2.15908334794318,16.21361077803758
956,0.15188078844457886,-0.0038872046282369065,0.16095312150827573,0.16484032613651264,0.009072333063696869,-0.012959537691933781,0.8390468784917242,0.0901840224562207,11.997980211590992,2.0870514956447224,1.8638605120423293,12.088164234047213,2.177235518100942,16.039076241734264
957,0.18326554354076158,-0.004153853741611946,0.19394565028551244,0.1980995040271244,0.010680106744750867,-0.014833960486362818,0.8060543497144875,0.09200346376755775,12.283593689020707,2.0344740816013296,1.8643901769928313,12.375597152788265,2.126477545368887,16.274461411382426
958,0.1724370964724947,-0.004229693804135089,0.18947798689654627,0.19370768070068137,0.017040890424051575,-0.021270584228186673,0.8105220131034537,0.09004399372077287,11.94608224833469,2.062402589282115,1.8610984601766347,12.036126242055463,2.152446583002888,15.959627291514213
959,0.17166734358337724,-0.004511656142722635,0.18050622230570518,0.18501787844842782,0.008838878722327942,-0.013350534865050584,0.8194937776942948,0.08903277539214116,12.010286352383543,2.0653110626318725,1.8874474917698159,12.099319127775685,2.1543438380240136,16.052077682177373
960,0.16573897082551864,-0.003599965123507307,0.1756103922762154,0.1792103573997227,0.009871421450696749,-0.013471386574204047,0.8243896077237847,0.09422324427200834,12.229441792106117,2.0368112531992058,1.7710447470882613,12.323665036378125,2.131034497471214,16.131521036665593
961,0.16679234332961512,-0.00442890217866259,0.18053410986237212,0.1849630120410347,0.013741766532756994,-0.01817066871141959,0.8194658901376279,0.09783354442065217,12.0756083450204,2.055343398038989,1.871530272922163,12.173441889441053,2.153176942459641,16.100315560402205
962,0.1736725716591409,-0.0041648749312695995,0.18735976729979448,0.19152464223106408,0.013687195640653571,-0.017852070571923173,0.8126402327002056,0.08685548939833332,12.056072073808291,2.0353581086671486,1.9790330227732227,12.142927563206625,2.1222135980654824,16.157318694646996
963,0.18533348379280723,-0.00424319181128609,0.19395618691726108,0.19819937872854718,0.008622703124453845,-0.012865894935739947,0.806043813082739,0.09163574172032796,12.157434948811348,2.042281743366976,1.9018882094649072,12.249070690531676,2.1339174850873044,16.19324064336356
964,0.1654679065316896,-0.003283347639237396,0.17493290891630567,0.17821625655554307,0.009465002384616061,-0.012748350023853466,0.8250670910836944,0.09354523440500806,12.370721529701967,2.02417413447335,1.935548381638256,12.464266764106975,2.117719368878358,16.42398928021858
965,0.15850214772979773,-0.00462920307709197,0.17037646333629103,0.175005666413383,0.011874315606493296,-0.016503518683585267,0.829623536663709,0.09006402739770891,11.945618511310792,2.069986044208111,1.8364562773848228,12.035682538708501,2.16005007160582,15.942124860301435
966,0.1839107454852544,-0.0050260114119421734,0.1945835853329462,0.19960959674488837,0.010672839847691795,-0.015698851259633967,0.8054164146670538,0.09294963188598615,12.262299743394902,2.07167092578141,1.8820541440059788,12.355249375280888,2.164620557667395,16.308974445068277
967,0.1753456919755016,-0.004499087347083394,0.18382556428221744,0.18832465162930084,0.008479872306715847,-0.012978959653799249,0.8161744357177826,0.09406010027098688,12.07656197246603,2.080409339816663,1.8633756695956833,12.170622072737016,2.1744694400876496,16.114407082149363
968,0.16035411106049655,-0.00472952848845467,0.1758985248548723,0.180628053343327,0.015544413794375767,-0.020273942282830443,0.8241014751451277,0.08641269832766696,12.19876682643088,2.1082301115970843,1.9325247252871307,12.285179524758547,2.194642809924751,16.325934361642762
969,0.19353402603064504,-0.0038316578973395378,0.2030818966936173,0.2069135545909568,0.009547870662972247,-0.01337952856031177,0.7969181033063827,0.09789648854083133,12.701180970961582,2.075200566234754,1.824914525092618,12.799077459502413,2.173097054775585,16.699192550829785
970,0.14872428011964067,-0.0038067195320515257,0.16034824387086422,0.16415496340291574,0.011623963751223543,-0.01543068328327507,0.8396517561291358,0.09502110002128994,12.363812485778942,2.0526106074763035,1.8485266233976496,12.458833585800232,2.1476317074975935,16.359970816674185
971,0.17273490419244486,-0.004977322144753732,0.1853475073235529,0.19032482946830664,0.012612603131108041,-0.017589925275861784,0.8146524926764471,0.0914682760049903,12.294796414723738,2.0521390449064096,1.8425925350177543,12.386264690728728,2.143607320911399,16.280996270652892
972,0.17766956197933162,-0.004264597172025894,0.18712717571455964,0.19139177288658554,0.009457613735228021,-0.013722210907253923,0.8128728242854404,0.09122794752570762,12.0258213241361,2.0396858605203647,1.8810374730200312,12.117049271661807,2.1309138080460714,16.037772605202203
973,0.1968185839965055,-0.0045080782194292695,0.204544782871503,0.20905286109093227,0.007726198874997481,-0.01223427709442676,0.795455217128497,0.09101983703745553,12.345338575943304,2.0439347638453746,1.7970427034694794,12.43635841298076,2.1349546008828306,16.277335880295613
974,0.15389137099816153,-0.002948794854466099,0.16768260778487612,0.1706314026393422,0.013791236786714595,-0.01674003164118068,0.8323173922151239,0.09284250469123201,12.354405418858926,2.0513543918928008,1.7953673890416901,12.447247923550158,2.144196896584033,16.29396970448465
975,0.17823744488727908,-0.004365673326290324,0.18664847072038887,0.19101414404667919,0.008411025833109792,-0.012776699159400107,0.8133515292796112,0.09207384391746842,12.07958736345413,2.040748217984433,1.8432242671632189,12.1716612073716,2.132822061901902,16.05563369251925
976,0.16982017610607797,-0.004302289700748156,0.17946832466338788,0.18377061436413605,0.009648148557309916,-0.013950438258058084,0.8205316753366121,0.09355164867854171,12.089527698542321,2.0896705262862643,1.860908598641256,12.183079347220863,2.1832221749648064,16.133658472148383
977,0.1608094239747808,-0.004219214146965742,0.17720272800425832,0.18142194215122406,0.01639330402947753,-0.020612518176443273,0.8227972719957417,0.09280230870157524,12.30124836132535,2.071170300246502,1.8966593866846733,12.394050670026925,2.163972608948078,16.3618803569581
978,0.17282927457364286,-0.0034426257443727192,0.18520671794606533,0.18864934369043804,0.01237744337242247,-0.015820069116795177,0.8147932820539346,0.0903676948062877,12.06659572594232,2.0303257571472724,1.8476985033831248,12.156963420748609,2.1206934519535605,16.034987681279006
979,0.18121535655644574,-0.003887998006533222,0.18946366635803427,0.1933516643645675,0.008248309801588527,-0.012136307808121749,0.8105363336419658,0.09062750058647495,12.00720834328009,2.0504256668821057,1.8215870815727033,12.097835843866564,2.1410531674685807,15.969848592321373
980,0.1671183432744799,-0.003355930235876719,0.17436477976592785,0.17772071000180456,0.007246436491447933,-0.010602366727324647,0.8256352202340722,0.09400399174915641,12.276908776888506,2.0386758677008956,1.8370795482732518,12.370912768637663,2.132679859450052,16.24666818461181
981,0.17075158967264872,-0.004991363674219555,0.18110524499497435,0.18609660866919392,0.010353655322325628,-0.015345018996545196,0.8188947550050256,0.08779876613161264,11.94795279028363,2.063281541283404,1.8762642663220177,12.035751556415242,2.1510803074150164,15.975297364020664
982,0.16288468229307582,-0.004012216986963898,0.1792798583787189,0.1832920753656828,0.016395176085643087,-0.020407393072606972,0.820720141621281,0.09707531335580555,12.455147885203655,2.07983465441586,1.9349073794712925,12.55222319855946,2.176909967771666,16.566965232446613
983,0.17909990176802051,-0.0042597967273775746,0.18844313599954574,0.19270293272692332,0.009343234231525221,-0.013603030958902806,0.8115568640004542,0.091499834618606,12.014590993725118,2.0336411887131423,1.86054065087602,12.106090828343724,2.1251410233317483,16.000272667932887
984,0.1761599569356058,-0.003322694886303775,0.18754454890214048,0.19086724378844425,0.011384591966534685,-0.014707286852838453,0.8124554510978595,0.09186111925250096,12.167026677566135,2.0668050834066882,1.8322215275891676,12.258887796818636,2.1586662026591896,16.15791440781449
985,0.1652618525063378,-0.0036784769900806056,0.17654194029616385,0.18022041728624447,0.01128008778982606,-0.014958564779906675,0.8234580597038361,0.09418852483547724,12.299544832435483,2.0493282300977462,1.8481170909890423,12.39373335727096,2.1435167549332235,16.29117867835775
986,0.1789685314531695,-0.0037262138014781975,0.18738701896815468,0.19111323276963288,0.008418487514985196,-0.012144701316463391,0.8126129810318453,0.08906048717984483,12.185332978598094,2.0495185998732612,1.925294242127503,12.274393465777939,2.1385790870531065,16.249206307778703
987,0.19136232582968218,-0.0049059796319869346,0.1976399165278858,0.20254589615987273,0.006277590698203606,-0.011183570330190545,0.8023600834721142,0.09488105861037432,12.441355140615217,2.046719679621102,1.8540459119842012,12.536236199225591,2.141600738231476,16.437001790830895
988,0.16103548610163165,-0.004978257674128786,0.17529814159465734,0.18027639926878614,0.014262655493025689,-0.019240913167154483,0.8247018584053427,0.08811959535860758,11.950201786624291,2.0464879904779814,1.9436006720408674,12.038321381982898,2.134607585836588,16.028410044501747
989,0.17477857500723126,-0.0048654144961495175,0.17963588480893256,0.18450129930508208,0.004857309801701293,-0.009722724297850815,0.8203641151910674,0.09540380564347473,12.412361929592457,2.0765721623881745,1.7433029105145401,12.507765735235932,2.17197596803165,16.327640808138646
990,0.18728903704887512,-0.0041362818439267006,0.196143490848447,0.2002797726923737,0.008854453799571893,-0.012990735643498591,0.803856509151553,0.09077136342089887,12.286537812062322,2.069324769599474,1.8787499714620957,12.377309175483221,2.1600961330203727,16.32538391654479
991,0.1886847807757314,-0.003416562457292633,0.1957334178184491,0.19914998027574174,0.007048637042717715,-0.010465199500010347,0.8042665821815509,0.09700716280641508,12.629569302697774,2.0766031899007498,1.870810075956193,12.72657646550419,2.1736103527071644,16.673989731361132
992,0.17503245234494483,-0.004734067614846204,0.1878627543550179,0.1925968219698641,0.01283030201007307,-0.01756436962491928,0.8121372456449821,0.09656422902625295,12.300241098600972,2.0698567396655054,1.8781094546314492,12.396805327627225,2.1664209686917584,16.34477152192418
993,0.1558128129466592,-0.0038297970622305734,0.16709045049669005,0.17092024755892063,0.011277637550030861,-0.015107434612261439,0.83290954950331,0.09334131217270425,11.978903519755168,2.038289813632421,1.797637113322935,12.072244831927872,2.1316311258051255,15.908171758883228
994,0.16988673936101054,-0.0035318394781139006,0.1802265066950314,0.1837583461731453,0.010339767334020866,-0.013871606812134757,0.8197734933049686,0.0941592866893437,11.849753217177927,2.0585083504046047,1.7486293072809147,11.94391250386727,2.1526676370939475,15.75105016155279
995,0.18574169240483457,-0.004422072733818157,0.19482373116546814,0.19924580389928628,0.00908203876063357,-0.013504111494451715,0.8051762688345319,0.093810682813249,12.29637797341885,2.043729250925729,1.9024260410746408,12.390188656232098,2.1375399337389775,16.336343948232468
996,0.16456794934229566,-0.004411702703948157,0.17684502868236285,0.18125673138631102,0.012277079340067193,-0.01668878204401536,0.8231549713176372,0.09530471709940969,12.266365334051294,2.0560761860161634,1.9071524731830962,12.361670051150703,2.151380903115574,16.324898710349963
997,0.15269815902015169,-0.004616664790403245,0.1627143191815058,0.16733098397190904,0.01001616016135412,-0.014632824951757356,0.8372856808184942,0.092870732870038,12.017074028130574,2.0421406926489567,1.8684424447852805,12.109944761000612,2.1350114255189943,16.02052789843485
998,0.18617829830516816,-0.004010567427962974,0.19749598380091457,0.20150655122887753,0.01131768549574641,-0.015328252923709373,0.8025040161990854,0.09145597140859962,12.05610636992456,2.0744182613319584,1.819266101034474,12.14756234133316,2.1658742327405576,16.041246703699592
999,0.1648922018631297,-0.003778265016416036,0.1761345445674448,0.17991280958386083,0.011242342704315095,-0.015020607720731133,0.8238654554325552,0.09937464471759938,12.316584915944954,2.0851635713910337,1.8172670485305762,12.415959560662554,2.184538216108632,16.318390180584164
1000,0.18179697251532867,-0.004349168193316395,0.18847286648293424,0.19282203467625064,0.006675893967605567,-0.011025062160921972,0.8115271335170657,0.09628675691635458,12.680263979578456,2.054402283744915,1.8549107676778505,12.77655073649481,2.150689040661269,16.685863787917576
1001,0.16263992883111875,-0.004423896981685499,0.17189023728960348,0.17631413427128897,0.009250308458484735,-0.013674205440170228,0.8281097627103965,0.09014483258036421,12.39417961415645,2.0324896793952014,1.7985107320072373,12.484324446736814,2.1226345119755647,16.315324858139252
1002,0.17279053409413817,-0.005132440879468524,0.18086314563601197,0.18599558651548048,0.008072611541873803,-0.013205052421342317,0.8191368543639881,0.0959552496722953,12.539851867849167,2.0670547613896773,1.8262497245169165,12.635807117521463,2.163010011061973,16.529111603428056
1003,0.17161883233465147,-0.005074146638211681,0.18330761366848491,0.1883817603066966,0.011688781333833442,-0.016762927972045122,0.8166923863315151,0.09034869133193091,11.991261802710396,2.046627588787606,1.7922383446744004,12.081610494042327,2.136976280119537,15.920476427504333
1004,0.19163969665355252,-0.004321370689442077,0.20245047923932852,0.2067718499287706,0.010810782585776002,-0.01513215327521808,0.7975495207606715,0.08845763732988665,12.262604028985018,2.0244739677113994,1.8278283969749989,12.351061666314905,2.1129316050412856,16.203364031001303
1005,0.1777019121986916,-0.0035423270924729512,0.187617928501797,0.19116025559426997,0.009916016303105402,-0.01345834339557836,0.812382071498203,0.09307758385182474,12.230109159260907,2.044992814647429,1.8328730370393913,12.323186743112732,2.1380703984992535,16.201052594799553
1006,0.1688450547832226,-0.004724982322762329,0.18143799524747792,0.18616297757024025,0.012592940464255326,-0.01731792278701766,0.818562004752522,0.08821388500768279,12.233183082001776,2.086644713361947,1.8431750490940804,12.32139696700946,2.174858598369629,16.251216729465487
1007,0.16501102561325925,-0.004162807642255235,0.1749912405391799,0.17915404818143513,0.009980214925920633,-0.014143022568175873,0.8250087594608201,0.08872638831583224,11.962201366105894,2.0468142430221175,1.8720914461691027,12.050927754421727,2.1355406313379492,15.969833443612947
1008,0.19005775799520014,-0.004905472978139233,0.1994526428914205,0.20435811586955974,0.009394884896220368,-0.014300357874359598,0.8005473571085795,0.09178330092649034,12.170828875996206,2.025705091228751,1.7906012176381285,12.262612176922696,2.1174883921552414,16.078918485789575
1009,0.1683232334476543,-0.004548703593421648,0.17956325321089772,0.18411195680431938,0.01124001976324343,-0.01578872335666509,0.8204367467891023,0.09360912279234235,12.212104753701409,2.081161512989482,1.8604925546751936,12.305713876493751,2.1747706357818246,16.247367944158427
1010,0.18459212353598747,-0.003780133160310801,0.19227477979872318,0.196054912959034,0.007682656262735704,-0.011462789423046515,0.8077252202012768,0.09225294751549029,12.31667707768024,2.066559584388852,1.9280480558201738,12.40893002519573,2.1588125319043416,16.403537665404755
1011,0.15713923419291645,-0.005043038337126219,0.16714810112314543,0.17219113946027165,0.010008866930228982,-0.015051905267355198,0.8328518988768545,0.09275522439116024,12.323587323227601,2.0483560602784863,1.7634922696366964,12.416342547618761,2.141111284669647,16.228190877533944
1012,0.1620529926761838,-0.005167507094090362,0.1715920805516284,0.17675958764571875,0.00953908787544458,-0.014706594969534942,0.8284079194483716,0.08817254764629645,11.758785786700274,2.0765498307875205,1.765035883770535,11.84695833434657,2.1647223784338174,15.688544048904626
1013,0.1533369685858285,-0.00384725487517078,0.16509139183331661,0.1689386467084874,0.011754423247488127,-0.015601678122658919,0.8349086081666834,0.09402452635558056,11.984609293768422,2.0828149320717824,1.7480054999796462,12.078633820124002,2.176839458427363,15.909454252175431
1014,0.16223230910933303,-0.004062677452642088,0.17336493186348464,0.17742760931612672,0.011132622754151611,-0.015195300206793688,0.8266350681365153,0.0921396830233423,12.006895413875489,2.0721835035044247,1.8985087037887975,12.099035096898831,2.1643231865277666,16.069727304192053
1015,0.17792596866380742,-0.0049784316970362995,0.1854705255645625,0.1904489572615988,0.0075445569007550894,-0.012522988597791385,0.8145294744354374,0.09095871839457281,12.381649280741332,2.0543275226237796,1.796316926285476,12.472607999135905,2.1452862410183533,16.32325244804516
1016,0.17799757658002296,-0.0044554308377372205,0.19081840545351428,0.1952738362912515,0.012820828873491313,-0.017276259711228537,0.8091815945464857,0.09166363970222058,12.029512580631886,2.071399816064151,1.811190929237128,12.121176220334107,2.163063455766372,16.003766965635386
1017,0.1886765717018419,-0.004554344380688526,0.1974554805949058,0.20200982497559433,0.008778908893063903,-0.013333253273752427,0.8025445194050942,0.09217069400726174,12.465706760028525,2.026159026013863,1.8072950821950027,12.557877454035786,2.118329720021124,16.391331562244652
1018,0.19332204950970594,-0.002860604474682494,0.19917756375164017,0.20203816822632267,0.005855514241934229,-0.008716118716616733,0.8008224362483598,0.09640609562993241,12.569276937768594,2.061424672894855,1.833293291065619,12.665683033398526,2.157830768524788,16.560400997359
1019,0.16821711246839516,-0.0050956936060478,0.17554534478327524,0.18064103838932305,0.007328232314880084,-0.012423925920927892,0.8244546552167248,0.0907106582044559,12.096921893480594,2.058267818757823,1.8084029361075427,12.18763255168505,2.1489784769622795,16.054303306550416
1020,0.19899234625735612,-0.0040496379308068075,0.20631228720388411,0.21036192513469093,0.007319940946527992,-0.011369578877334807,0.7936877127961159,0.10062383358538796,12.401211340037985,2.0811419382198704,1.804557039996281,12.501835173623373,2.1817657718052588,16.387534151839525
1021,0.18112061530472026,-0.003745641734175582,0.19762414914286688,0.20136979087704246,0.016503533838146622,-0.020249175572322198,0.8023758508571331,0.09587345706607309,12.776135819808733,2.0819570041749387,1.859080431994645,12.872009276874806,2.1778304612410118,16.81304671304439
1022,0.17181767639768702,-0.004599930398285451,0.1825475881335174,0.18714751853180286,0.010729911735830377,-0.01532984213411584,0.8174524118664825,0.09334250822908707,12.317115534820886,2.0642490784127165,1.862211024531657,12.410458043049973,2.1575915866418036,16.336918145994346
1023,0.18273950254553256,-0.00423666386933675,0.19380391245083195,0.1980405763201687,0.011064409905299388,-0.015301073774636131,0.806196087549168,0.09696554868226492,12.29307429901584,2.062191631270016,1.9311065554473164,12.390039847698105,2.159157179952281,16.383338034415438
1024,0.18300418924253317,-0.003863827311345485,0.19658291082251456,0.20044673813386005,0.013578721579981384,-0.017442548891326876,0.8034170891774854,0.08839308190211881,11.956490933663478,2.0384910432893903,1.858215063666746,12.044884015565597,2.1268841251915087,15.941590122521733
1025,0.18738732899332894,-0.004465490454072396,0.19312961788015487,0.19759510833422728,0.00574228888682593,-0.010207779340898337,0.8068703821198451,0.09463466923907227,12.308494293635276,2.058622667889482,1.8519320282472744,12.403128962874348,2.153257337128554,16.313683659011105
1026,0.18492857020064005,-0.002929005889783417,0.198040860148652,0.20096986603843542,0.013112289948011946,-0.016041295837795372,0.801959139851348,0.09206612565319006,12.364313911329724,2.046360014414912,1.816691062371035,12.456380036982914,2.138426140068103,16.31943111376886
1027,0.2060109951208159,-0.00455002408514987,0.21683778286930092,0.2213878069544508,0.010826787748485028,-0.015376811833634901,0.7831622171306991,0.09293008116488188,12.069740862051033,2.0427150383626227,1.9785722202199132,12.162670943215915,2.135645119527505,16.18395820179845
1028,0.1725032750347556,-0.005068555103671308,0.18151205627650524,0.18658061138017654,0.009008781241749642,-0.014077336345420938,0.8184879437234948,0.09211225486297003,12.235901840718087,2.0536637202651615,1.7780708492089037,12.328014095581057,2.145775975128132,16.159748665055123
1029,0.1601761168322952,-0.003949213424562927,0.16950190540876506,0.17345111883332798,0.009325788576469846,-0.013275002001032765,0.8304980945912349,0.09029827184017591,12.373803949212352,2.0500614138696456,1.7978561228288186,12.464102221052528,2.1403596857098206,16.312019757750992
1030,0.17730885243868366,-0.00437205406212494,0.18704056924093412,0.19141262330305905,0.009731716802250462,-0.014103770864375392,0.8129594307590658,0.09305327942228914,12.138280154334119,2.073847265053656,1.9647885537651408,12.231333433756408,2.166900544475946,16.269969252575205
1031,0.16689209573675326,-0.004089956254064271,0.17963140483169782,0.1837213610857621,0.012739309094944556,-0.016829265349008832,0.8203685951683022,0.09389699872771473,12.190237731281861,2.0725409331405036,1.85517047614176,12.284134730009576,2.166437931868219,16.21184613929184
1032,0.18805294229617892,-0.0029817107191374773,0.20277706289532393,0.2057587736144614,0.014724120599145019,-0.01770583131828249,0.7972229371046761,0.0941340143481817,12.653662960463159,2.0593684627581528,1.8439999293442195,12.74779697481134,2.1535024771063354,16.651165366913713
1033,0.15595018254896706,-0.003987526075761214,0.16630009867525775,0.17028762475101897,0.010349916126290687,-0.014337442202051909,0.8336999013247423,0.0912634072133578,11.9769969949812,2.0439361608145212,1.8123673012416681,12.068260402194557,2.135199568027878,15.924563864250747
1034,0.1590308473374371,-0.0042994686846620075,0.16733820834982888,0.17163767703449087,0.008307361012391767,-0.012606829697053762,0.8326617916501711,0.09556503770302527,12.136116833469735,2.0676132735499024,1.8129580019165026,12.23168187117276,2.1631783112529286,16.112253146639166
1035,0.17461532183378295,-0.004574255120416332,0.18453292808059543,0.18910718320101177,0.009917606246812483,-0.014491861367228825,0.8154670719194046,0.09301448552009184,12.015152603355391,2.0525594205735107,1.8337386228924792,12.108167088875483,2.1455739060936025,15.994465132341473
1036,0.16200375498680614,-0.004753124034883507,0.1765351228771977,0.1812882469120812,0.014531367890391556,-0.019284491925275066,0.8234648771228024,0.09254677524246091,12.402608675834587,2.0292736328039673,1.8583498284750402,12.495155451077048,2.1218204080464287,16.382778912356056
1037,0.18113711253621148,-0.004968568375483989,0.19326084800869806,0.19822941638418204,0.012123735472486574,-0.017092303847970558,0.806739151991302,0.088974681085638,12.18816580295954,2.0473248501135455,1.843276155381183,12.277140484045178,2.1362995311991835,16.167741489539907
1038,0.1766821241484487,-0.0044253381114291055,0.183554764616287,0.18798010272771612,0.006872640467838309,-0.011297978579267426,0.816445235383713,0.09426626660812332,12.430938839221582,2.0796650815815774,1.763452946561209,12.525205105829706,2.1739313481897016,16.368323133972492
1039,0.1989002692832719,-0.005291962934042898,0.20445717874801733,0.20974914168206024,0.005556909464745435,-0.010848872398788345,0.7955428212519826,0.09599689597315653,12.7425015170163,2.0492116965762754,1.7705317384238217,12.838498412989457,2.145208592549432,16.658241847989554
1040,0.1830673220356339,-0.004371828184430733,0.19239188771786503,0.19676371590229577,0.00932456568223114,-0.013696393866661882,0.807608112282135,0.09103713175610828,12.302523994757674,2.0548419436410885,1.9088070987754477,12.393561126513783,2.145879075397196,16.35721016893032
1041,0.18242742587671756,-0.0036581671598116938,0.19193258720793197,0.19559075436774365,0.009505161331214401,-0.013163328491026083,0.8080674127920681,0.09056426345715707,12.483005975353633,2.0804836638737285,1.9223671061002978,12.57357023881079,2.171047927330886,16.576421008784816
1042,0.18432877921534105,-0.0038190569248809877,0.19253516733237527,0.19635422425725627,0.008206388117034225,-0.012025445041915217,0.8074648326676247,0.09758887540348837,12.3544972867696,2.0628406996122006,1.8959914067693209,12.452086162173089,2.16042957501569,16.41091826855461
1043,0.17742088832695282,-0.004099576221438235,0.19444733253429766,0.19854690875573588,0.017026444207344837,-0.02112602042878306,0.8055526674657023,0.09415137068551438,12.305428460748878,2.032522244570931,1.9536186364814352,12.399579831434393,2.1266736152564456,16.38572071248676
1044,0.18206466203621133,-0.00484821465740852,0.1917637460761913,0.19661196073359982,0.00969908403997996,-0.014547298697388467,0.8082362539238087,0.09354606404171584,12.50969145949519,2.054844372043707,1.9391851236788984,12.603237523536906,2.148390436085422,16.59726701925951
1045,0.1592685811871073,-0.0038517329958455047,0.17587743486642246,0.17972916786226797,0.016608853679315166,-0.02046058667516068,0.8241225651335775,0.09129015733832802,11.999441982055687,2.050478871111334,1.866409144665985,12.090732139394015,2.141769028449662,16.007620155171335
1046,0.19389711313404798,-0.0050000122310760045,0.20121214615739855,0.20621215838847456,0.00731503302335057,-0.012315045254426588,0.7987878538426014,0.09268107251886626,12.361090774565971,2.0542800340818914,1.825570438917211,12.453771847084838,2.1469611066007577,16.33362232008394
1047,0.1936215302926187,-0.004084297682520873,0.20266746054375281,0.20675175822627367,0.009045930251134121,-0.013130227933654981,0.7973325394562472,0.09076042417290253,12.56519746308345,2.052724487886813,1.969508219187837,12.655957887256353,2.1434849120597157,16.678190594331003
1048,0.16608799206124464,-0.004298831864147199,0.17611746597147385,0.18041629783562105,0.010029473910229209,-0.01432830577437641,0.8238825340285262,0.09607481871831958,12.075130035397887,2.089341588237417,1.8229601090737777,12.171204854116207,2.185416406955736,16.0835065514274
1049,0.1881740156494382,-0.00425963115531712,0.1982380724981678,0.2024977036534849,0.010064056848729602,-0.014323688004046736,0.8017619275018322,0.09216992835950322,12.380131720989143,2.0636180983733396,1.7707099058816933,12.472301649348646,2.155788026732843,16.30662965360368
1050,0.1330316194835479,-0.0048347550974955815,0.14320206443604597,0.14803681953354156,0.010170444952498053,-0.015005200049993644,0.856797935563954,0.09471704065033926,11.994202221521391,2.056769523215184,1.8988839574544034,12.08891926217173,2.1514865638655234,16.044572742841318
1051,0.1708526809173897,-0.004222386611759548,0.1810168738930238,0.18523926050478334,0.01016419297563409,-0.014386579587393644,0.8189831261069762,0.08908972497668088,12.03252675399742,2.0524661894619065,1.884389835029996,12.1216164789741,2.141555914438587,16.058472503466003
1052,0.1745237043368615,-0.004546681715064871,0.18682854712541194,0.1913752288404768,0.01230484278855043,-0.016851524503615295,0.813171452874588,0.08935621029858076,12.3051458750639,2.0400684367279265,1.9323561019289954,12.39450208536248,2.1294246470265064,16.366926624019403
1053,0.18084935588759188,-0.003783018637221613,0.1872091114498816,0.1909921300871032,0.0063597555622897095,-0.010142774199511317,0.8127908885501184,0.09271103562808314,12.043930654164912,2.076818826073609,1.8490913258364081,12.136641689792995,2.169529861701692,16.062551841703012
1054,0.1674708571018226,-0.00323040548467185,0.17861110848888043,0.18184151397355228,0.01114025138705782,-0.01437065687172967,0.8213888915111196,0.08914734154361348,12.045307308509432,2.068701459796152,1.8252879647917997,12.134454650053046,2.157848801339765,16.028444074640998
1055,0.1731972422518503,-0.004989049507175338,0.18283738245494896,0.18782643196212429,0.009640140203098668,-0.014629189710273993,0.817162617545051,0.09221883774106843,12.32829966787606,2.048198994312253,1.7813149621516207,12.420518505617128,2.140417832053322,16.250032462081002
1056,0.17244265119649196,-0.004708145866797763,0.1804559885855254,0.18516413445232316,0.008013337389033426,-0.012721483255831195,0.8195440114144746,0.09665346934228047,12.099936057204257,2.0431324709083274,1.803014448414043,12.196589526546537,2.1397859402506083,16.042736445868908
1057,0.16255345622142903,-0.004692912951484547,0.17464722876716945,0.179340141718654,0.012093772545740428,-0.01678668549722498,0.8253527712328306,0.09290971509805601,12.175556217908484,2.06505804464895,1.8783027980822755,12.26846593300654,2.1579677597470055,16.211826775737766
1058,0.17806312448082803,-0.003850499230748986,0.18590279508244997,0.18975329431319896,0.00783967060162194,-0.011690169832370922,0.81409720491755,0.09177391397278889,12.327163703478982,2.036256801514595,1.8283833199065018,12.418937617451771,2.1280307154873834,16.283577738872868
1059,0.1613530138190837,-0.004399982781882272,0.17080376547642037,0.17520374825830265,0.009450751657336665,-0.013850734439218942,0.8291962345235796,0.0869273296979074,11.946770039827012,2.053490811159808,1.8418011954627502,12.03369736952492,2.1404181408577143,15.928989376147477
1060,0.1900206358778952,-0.004273775390408255,0.19936294527208867,0.20363672066249694,0.009342309394193477,-0.013616084784601717,0.8006370547279114,0.09431079704818224,12.194694798941747,2.0690341065036613,1.809371350116697,12.289005595989929,2.1633449035518435,16.167411052610287
1061,0.17079577884970035,-0.004824135634992693,0.17956425907299123,0.18438839470798393,0.008768480223290881,-0.013592615858283585,0.8204357409270088,0.09284162686870445,12.371523291199793,2.043388214868818,1.8277690561611077,12.464364918068497,2.1362298417375234,16.335522189098423
1062,0.17256642968826857,-0.003980113773494494,0.18384656723752205,0.18782668101101654,0.011280137549253472,-0.01526025132274797,0.816153432762478,0.08982142111783986,12.326845064308277,2.0637381815220994,1.919938906488353,12.416666485426116,2.1535596026399393,16.40034357343657
1063,0.1796386318611231,-0.003691931892347076,0.18892784503850116,0.19261977693084822,0.009289213177378047,-0.012981145069725114,0.8110721549614989,0.0904832724329161,12.060024895683878,2.0432733529954703,1.9340399031056066,12.150508168116794,2.1337566254283864,16.12782142421787
1064,0.16322114316228564,-0.004223907039645323,0.17228575436577237,0.17650966140541768,0.009064611203486728,-0.013288518243132041,0.8277142456342277,0.0908168305301551,12.041322716990674,2.0335573052044804,1.870717988854496,12.13213954752083,2.1243741357346346,16.036414841579806
1065,0.18040936064140933,-0.003453314456413946,0.19341190548277754,0.19686521993919148,0.013002544841368202,-0.01645585929778215,0.8065880945172225,0.0957209890571189,12.47372942724828,2.0820224582118296,1.777259890598888,12.569450416305399,2.1777434472689476,16.428732765116116
1066,0.15795417921087979,-0.005067768140694049,0.16575041585881833,0.17081818399951237,0.007796236647938548,-0.012864004788632588,0.8342495841411817,0.09214071443605931,12.01294240321248,2.0491239825541196,1.8635787445478442,12.105083117648539,2.141264696990179,16.017785844750502
1067,0.15388695818401685,-0.003256064399950389,0.1635114782701684,0.16676754267011878,0.009624520086151556,-0.012880584486101937,0.8364885217298316,0.09075660181475875,11.982634738308487,2.0639836961889753,1.8488607152869871,12.073391340123246,2.154740298003733,15.986235751599208
1068,0.17212888302209833,-0.004144148297102125,0.18100388954196675,0.18514803783906889,0.008875006519868417,-0.013019154816970552,0.8189961104580332,0.09014510753985405,12.069118192088112,2.0502477680639064,1.7433957652425676,12.159263299627966,2.1403928756037605,15.95290683293444
1069,0.14084244689238815,-0.0037152622230345786,0.1519719278814991,0.1556871901045337,0.011129480989110957,-0.014844743212145545,0.848028072118501,0.0890885885762902,11.852134485056045,2.034982485017091,1.8245656662529264,11.941223073632335,2.124071073593381,15.800771224902352
1070,0.1652095404047631,-0.005287472631071915,0.17498896634351271,0.18027643897458462,0.009779425938749614,-0.015066898569821519,0.8250110336564873,0.09049576213125832,12.518305006700269,2.042213964352296,1.879386318977927,12.608800768831527,2.1327097264835544,16.53040105216175
1071,0.17959325581193292,-0.0037106406944318365,0.1897492395738606,0.19345988026829244,0.010155983761927695,-0.013866624456359528,0.8102507604261394,0.09464034501202434,12.526463402121177,2.034430730182697,1.8246786799579073,12.621103747133201,2.1290710751947213,16.480213157273806
1072,0.170023524485169,-0.003219555294609971,0.1800198337759796,0.18323938907058956,0.009996309290810607,-0.013215864585420567,0.8199801662240204,0.09687176053729196,12.2669778744539,2.026715273776132,1.880590689508967,12.363849634991192,2.1235870343134247,16.27115559827629
1073,0.17439835871466391,-0.004454753225530417,0.1834038811834903,0.1878586344090207,0.009005522468826382,-0.013460275694356788,0.8165961188165097,0.09559555007412257,12.840669693482013,2.0628173646273638,1.7823641854587606,12.936265243556136,2.1584129147014854,16.78144679364226
1074,0.18792011109190512,-0.004206888168728455,0.19494508313611497,0.19915197130484344,0.0070249720442098484,-0.011231860212938316,0.805054916863885,0.09102088781569329,12.284051332360702,2.0571551053773476,1.781773782481359,12.375072220176396,2.148175993193041,16.214001108035102
1075,0.1823472622610203,-0.0035412077677931956,0.18928587324473886,0.19282708101253207,0.006938610983718563,-0.010479818751511771,0.8107141267552611,0.09248302123826946,12.110687466522418,2.028591771427285,1.812873208408467,12.203170487760687,2.1210747926655547,16.04463546759644
1076,0.16250500021804476,-0.0036902259322008292,0.17519620352669243,0.17888642945889327,0.012691203308647675,-0.01638142924084851,0.8248037964733076,0.09452838998659807,12.472775600619542,2.0760366317480354,1.931776086357436,12.56730399060614,2.1705650217346344,16.57511670871161
1077,0.1680395143626166,-0.003825058918149163,0.17677080102577408,0.18059585994392324,0.008731286663157478,-0.012556345581306638,0.823229198974226,0.09326544439727158,12.529227135126966,2.0741693880993424,1.9209544305812436,12.622492579524238,2.167434832496614,16.617616398204824
1078,0.189474997952816,-0.004453239704652382,0.1970087697174777,0.20146200942213008,0.00753377176466169,-0.01198701146931408,0.8029912302825223,0.09153000704819192,12.37153709014647,2.05835228169337,1.8195969882117335,12.463067097194662,2.1498822887415616,16.341016367099765
1079,0.1731684362041397,-0.00391115772929392,0.18412482402037428,0.1880359817496682,0.010956387816234592,-0.014867545545528521,0.8158751759796257,0.09262754344322488,12.294531601022673,2.0814114311996263,1.8118045418955901,12.387159144465897,2.1740389746428503,16.280375117561114
1080,0.18880195441148215,-0.004399480930647261,0.19812033422131586,0.20251981515196313,0.009318379809833716,-0.01371786074048098,0.8018796657786842,0.09480573942448345,11.981665327850514,2.0811836484210406,1.833368910223447,12.076471067274998,2.175989387845524,15.991023625919485
1081,0.18742420041867192,-0.004070583217444598,0.1964920732948649,0.2005626565123095,0.009067872876192984,-0.01313845609363759,0.803507926705135,0.09490287716986323,12.341825341371479,2.0826075239409167,1.844632628257365,12.436728218541342,2.1775104011107795,16.363968370739624
1082,0.17533528302945184,-0.004474913720927572,0.18878373014162206,0.19325864386254962,0.01344844711217022,-0.017923360833097784,0.8112162698583779,0.0885199830245913,12.310424841102042,2.0321736592880946,1.8359485272878509,12.398944824126634,2.1206936423126863,16.26706701070258
1083,0.15924388447605153,-0.004260401779887404,0.17109524390127212,0.17535564568115952,0.011851359425220587,-0.01611176120510799,0.8289047560987279,0.08609908238397423,12.032210517909295,2.0291206477473818,1.924958340605011,12.11830960029327,2.115219730131357,16.072388588645662
1084,0.19091790123578173,-0.00437823410174579,0.20107927019540422,0.20545750429715,0.010161368959622497,-0.014539603061368284,0.7989207298045957,0.09118374539200147,12.218874821360657,2.0423471374793287,1.938776395667169,12.310058566752659,2.133530882871331,16.291182099899157
1085,0.15035603296501773,-0.004891735739414108,0.16098450194126868,0.1658762376806828,0.010628468976250943,-0.015520204715665065,0.8390154980587313,0.08737317215820362,11.69394695283062,2.047375997920785,1.8241835688472694,11.781320124988824,2.134749170078989,15.652879691756878
1086,0.14918602174069834,-0.0037170502015194977,0.15859430141874165,0.16231135162026114,0.009408279678043308,-0.013125329879562803,0.8414056985812584,0.09387646987771348,12.390392676032285,2.067607352620021,1.8230803250181946,12.484269145909998,2.1614838224977344,16.374956823548214
1087,0.18014392319572764,-0.003975900511022341,0.1895881616488047,0.19356406215982705,0.00944423845307707,-0.01342013896409941,0.8104118383511953,0.09251159823792854,12.033773955577661,2.048592695756625,1.8185459724816297,12.12628555381559,2.141104293994554,15.993424222053845
1088,0.18837539683634735,-0.004368915625658303,0.19944205555763275,0.20381097118329106,0.0110666587212854,-0.015435574346943703,0.8005579444423673,0.09211200655909657,12.239427794056331,2.0433687151891746,1.8464784880133962,12.331539800615428,2.135480721748271,16.221387003818
1089,0.16694077401917257,-0.004084511533361134,0.18340238387952482,0.18748689541288596,0.01646160986035225,-0.020546121393713396,0.8165976161204752,0.09444206867681082,11.973099509956635,2.0607352360088917,1.858636371759479,12.067541578633445,2.155177304685702,15.986913186401816
1090,0.15056598046679706,-0.004697221548004937,0.16121027939201932,0.16590750094002427,0.010644298925222256,-0.015341520473227205,0.8387897206079806,0.09551424717790091,11.988313978183262,2.0371799483088395,1.7665114918733522,12.083828225361163,2.13269419548674,15.887519665543355
1091,0.18527717278810277,-0.003973249811991061,0.19660372018166727,0.20057696999365834,0.011326547393564507,-0.015299797205555576,0.8033962798183327,0.09223158036886403,12.250466825419583,2.0101543899722447,1.8263775842063925,12.342698405788447,2.1023859703411083,16.179230379967084
1092,0.18403475741525813,-0.004543980687452959,0.19169989277490906,0.19624387346236202,0.0076651353596509375,-0.012209116047103896,0.8083001072250909,0.09549375624966139,12.287966910791527,2.0741174806532623,1.8955057819469108,12.383460667041188,2.169611236902924,16.35308392964136
1093,0.16765067201490957,-0.004736503899607405,0.18069424492962272,0.1854307488292301,0.013043572914713142,-0.017780076814320533,0.8193057550703773,0.09425991455043814,12.077703095668973,2.0676028929723422,1.899827936469542,12.171963010219411,2.1618628075227795,16.139393839661295
1094,0.14217855288395334,-0.004826741664593595,0.15691124045099875,0.16173798211559234,0.014732687567045405,-0.019559429231639003,0.8430887595490013,0.09696255140022458,12.289440976301568,2.039245078297059,1.9305289265704992,12.386403527701793,2.1362076296972834,16.35617753256935
1095,0.15909675044703894,-0.004568652767766156,0.16792353638976942,0.17249218915753559,0.00882678594273048,-0.013395438710496643,0.8320764636102306,0.09311912103675546,12.091974171837983,2.044512769452872,1.7791682302210123,12.185093292874738,2.137631890489628,16.008774292548622
1096,0.19472637336005763,-0.004165595605671622,0.20440110034694556,0.20856669595261718,0.009674726986887927,-0.013840322592559545,0.7955988996530544,0.0939048224801553,12.56332159527038,2.0819013424885675,1.8350595105192227,12.657226417750536,2.1758061649687233,16.574187270758326
1097,0.17896506864399453,-0.0039190896498687644,0.18917185846826592,0.19309094811813468,0.010206789824271395,-0.014125879474140152,0.8108281415317341,0.09712027999318096,12.50656006504429,2.0667984151383063,1.9219775562003054,12.603680345037471,2.163918695131488,16.592456316376083
1098,0.17849817041921628,-0.004173426013160055,0.18752141865536448,0.19169484466852454,0.009023248236148196,-0.01319667424930826,0.8124785813446356,0.09460996558700252,12.166459272166692,2.051362661219329,1.9136365736297236,12.261069237753695,2.1459726268063313,16.226068472602748
1099,0.1856436842989772,-0.004705311166006715,0.19802466149569153,0.20272997266169826,0.012380977196714327,-0.017086288362721053,0.8019753385043085,0.09157212895101452,12.404220778925048,2.035058978076375,1.7819395126497248,12.495792907876062,2.1266311070273893,16.31279139860216
1100,0.16632256311066584,-0.0037936054246682457,0.17536952006528975,0.179163125489958,0.009046956954623903,-0.012840562379292153,0.8246304799347103,0.09642136889193509,12.123640265082468,2.0574074981964845,1.9284472716099348,12.220061633974403,2.1538288670884196,16.205916403780822
1101,0.1597365222903193,-0.004943041023784747,0.17324152870033882,0.17818456972412355,0.013505006410019532,-0.018448047433804293,0.8267584712996612,0.09423765739588141,12.070078688681198,2.056325402903191,1.8061674881597263,12.16431634607708,2.150563060299073,16.026809237139997
1102,0.16322307019821863,-0.0036985188391863264,0.17259962208501936,0.17629814092420568,0.009376551886800727,-0.013075070725987042,0.8274003779149807,0.08773904495160245,11.90558644219502,2.077407478907215,1.8497222961769744,11.993325487146622,2.1651465238588186,15.920455262230812
1103,0.18660770867947804,-0.0045653835564116564,0.19583461597445445,0.2003999995308661,0.00922690729497641,-0.013792290851388056,0.8041653840255456,0.09618207740684426,12.572584442043546,2.0673627102029624,1.8296976503046398,12.66876651945039,2.1635447876098057,16.565826879957992
1104,0.17273129673256352,-0.004115076919026689,0.1880562963718066,0.19217137329083328,0.015324999639243081,-0.019440076558269764,0.8119437036281933,0.09084094303904777,12.697696738707197,2.0562402703052634,1.9074186645468636,12.788537681746245,2.1470812133443102,16.752196616598372
1105,0.14257898783403877,-0.004714600561646689,0.15310082762920843,0.15781542819085512,0.010521839795169657,-0.015236440356816344,0.8468991723707916,0.09067456138449437,11.512244411005911,2.073837978946365,1.8233010678771642,11.602918972390405,2.1645125403308594,15.500058019213935
1106,0.1828305123576854,-0.005137648327383426,0.19451290755037393,0.19965055587775735,0.011682395192688516,-0.016820043520071937,0.805487092449626,0.09125449396224639,12.345597249422763,2.0505349551587937,1.9451378794602636,12.43685174338501,2.1417894491210405,16.432524578004067
1107,0.18268119342215916,-0.004701851932126749,0.19795408200956044,0.20265593394168718,0.015272888587401279,-0.019974740519528023,0.8020459179904396,0.08868358826308942,11.864351875961141,2.019809369095796,1.8340680081973986,11.95303546422423,2.1084929573588864,15.806912841517425
1108,0.16214740385291174,-0.0034841688576053606,0.17236506077207683,0.1758492296296822,0.010217656919165097,-0.013701825776770454,0.8276349392279232,0.09382987921750541,12.097237790339298,2.0659801182410007,1.81937170353247,12.191067669556803,2.1598099974585065,16.076419491330274
1109,0.18324138364394124,-0.004277440616286945,0.19304097778359525,0.19731841839988218,0.009799594139654005,-0.014077034755940937,0.8069590222164047,0.09211350002164131,12.49265591804937,2.0744718698105515,1.7357897936295785,12.584769418071012,2.166585369832193,16.395031081511142
1110,0.17754041156497394,-0.004538603564456687,0.18853412309523018,0.19307272665968686,0.010993711530256245,-0.015532315094712923,0.8114658769047698,0.08996246218814896,12.280893268669294,2.0577750993246298,1.8806061992716074,12.370855730857443,2.147737561512779,16.30923702945368
1111,0.18292263382103566,-0.004897942762280368,0.18833448919991208,0.19323243196219245,0.005411855378876423,-0.01030979814115679,0.8116655108000879,0.09465037841002655,12.43011669507915,2.056260551429924,1.7681662919858407,12.524767073489176,2.1509109298399514,16.34919391690494
1112,0.1693246198645509,-0.0045255264418945455,0.17665235599001827,0.18117788243191282,0.00732773612546736,-0.01185326256736191,0.8233476440099817,0.09313560154506106,12.639945071106563,2.0768575715604403,1.914896428038352,12.733080672651624,2.1699931731055004,16.724834672250417
1113,0.17431581811439673,-0.004033503529253861,0.18473226296270961,0.18876576649196347,0.010416444848312889,-0.014449948377566746,0.8152677370372904,0.09230047125864438,12.054769414901616,2.0571868765334163,1.9052704231484316,12.14706988616026,2.149487347792061,16.109527185842108
1114,0.16218259832512708,-0.004653199991510038,0.17434855497460483,0.17900175496611487,0.012165956649477755,-0.016819156640987792,0.8256514450253951,0.08730534618928765,12.057341773343952,2.0676499490409466,1.9301357397441574,12.14464711953324,2.1549552952302338,16.142432808318343
1115,0.17367924948447006,-0.004636019241639387,0.18618993179306642,0.19082595103470582,0.012510682308596366,-0.01714670155023576,0.8138100682069336,0.09456703263428956,12.454276479773808,2.0674259307215888,1.8393777833409555,12.548843512408098,2.1619929633558783,16.455647226470642
1116,0.16144412639790867,-0.004966473915759849,0.17476925389063885,0.1797357278063987,0.013325127492730182,-0.018291601408490038,0.8252307461093611,0.09125428600028762,11.826866296329698,2.067126500304612,1.8326092958598785,11.918120582329985,2.1583807863049,15.817856378494476
1117,0.1745808551783458,-0.004215077205663584,0.1856891269468086,0.1899042041524722,0.011108271768462824,-0.015323348974126405,0.8143108730531914,0.09239845805090496,12.266567713403742,2.074387006272973,1.9444915849495086,12.358966171454647,2.1667854643238775,16.377844762677128
1118,0.15791377123668457,-0.0041996956811147235,0.16999250444442018,0.1741922001255349,0.012078733207735615,-0.016278428888850338,0.8300074955555798,0.0891444103312029,12.305749349737848,2.0381784569331174,1.8339955183783747,12.394893760069051,2.12732286726432,16.267067735380543
1119,0.16918551344698318,-0.003809913067373462,0.18052933049733022,0.1843392435647037,0.011343817050347038,-0.015153730117720504,0.8194706695026698,0.09302846967728762,12.479759502331918,2.0809886790555723,1.8200177394231218,12.572787972009206,2.17401714873286,16.4737943904879
1120,0.17858522173305125,-0.004422040793828534,0.18441159421872716,0.1888336350125557,0.0058263724856759125,-0.010248413279504459,0.8155884057812728,0.09295285632924433,12.54722698298455,2.0375085424052024,1.8276895325858433,12.640179839313795,2.1304613987344463,16.50537791430484
1121,0.17414913205617705,-0.003989549632869776,0.19024823425469303,0.1942377838875628,0.016099102198515985,-0.02008865183138575,0.8097517657453069,0.09334633092948863,11.932218372040268,2.0845223840666876,1.8732573617820698,12.025564702969756,2.1778687149961753,15.983344448818514
1122,0.1626201867590384,-0.0041449030631806475,0.17394981191089307,0.17809471497407373,0.011329625151854678,-0.015474528215035338,0.8260501880891069,0.09360125333716773,12.080050292877857,2.0633715477511334,1.9399394897773234,12.173651546215025,2.156972801088301,16.17696258374348
1123,0.158072474876254,-0.003932870344915081,0.17173468716253656,0.17566755750745164,0.01366221228628256,-0.017595082631197634,0.8282653128374634,0.08957260919295251,12.067969651507955,2.057432335660504,1.965259502607509,12.157542260700907,2.1470049448534576,16.18023409896892
1124,0.1684124265368823,-0.003880114312763643,0.17776915728998022,0.18164927160274386,0.009356730753097925,-0.013236845065861563,0.8222308427100198,0.09007703443448634,12.542455334816974,2.0381638377272147,1.9423531077198035,12.63253236925146,2.128240872161701,16.61304931469848
1125,0.17453880289809307,-0.0046295744455411595,0.1831967672183058,0.18782634166384696,0.008657964320212735,-0.013287538765753892,0.8168032327816942,0.09307257659402524,11.853597794201352,2.056393335533267,1.7364513476391394,11.946670370795378,2.149465912127291,15.739515053967784
1126,0.19051204243058203,-0.004565370757696229,0.20438723443194165,0.20895260518963787,0.013875192001359615,-0.01844056275905584,0.7956127655680584,0.09510204790482746,12.309321297198592,2.0498007421194036,1.9920699959672419,12.40442334510342,2.1449027900242306,16.446294083190065
1127,0.16841796975895595,-0.004854723614702571,0.18299354073142252,0.1878482643461251,0.014575570972466562,-0.019430294587169133,0.8170064592685775,0.0930065790778567,12.558937847403374,2.0724200182528616,1.9859355236983518,12.651944426481231,2.165426597330718,16.710299968432444
1128,0.1733644589490057,-0.00462983611306792,0.18245371570931893,0.18708355182238684,0.009089256760313219,-0.013719092873381133,0.8175462842906811,0.08958786772237737,11.922764295055584,2.044129455848072,1.8370318246994017,12.012352162777962,2.1337173235704494,15.893513443325435
1129,0.17499847451334313,-0.0035896885477271446,0.1862876258249996,0.18987731437272676,0.011289151311656476,-0.014878839859383625,0.8137123741750004,0.08948434542278605,12.158643451836133,2.0566986818395705,1.9511553647869295,12.248127797258919,2.146183027262356,16.25598184388542
1130,0.16326541927067983,-0.0037859186060144995,0.17319486688784105,0.17698078549385554,0.009929447617161219,-0.013715366223175707,0.826805133112159,0.08692875972377223,12.181070678557422,1.9877971366846303,1.7856054212130203,12.267999438281194,2.0747258964084025,16.041401996178845
1131,0.19393423194001222,-0.004468798349802506,0.20370919104197635,0.20817798939177887,0.009774959101964131,-0.014243757451766648,0.7962908089580236,0.08996316305097629,12.252174997586565,2.0777645742713755,1.8590876248213952,12.34213816063754,2.1677277373223514,16.27899035973031
1132,0.18595447989359595,-0.00405438458925746,0.19399593553251923,0.1980503201217767,0.008041455638923278,-0.012095840228180749,0.8060040644674807,0.09092065922630965,12.456639289704878,2.0415161110799893,1.7971465580926704,12.547559948931188,2.132436770306299,16.386222618103847
1133,0.1677336582187541,-0.003546683355407619,0.17664646828723143,0.18019315164263905,0.008912810068477328,-0.012459493423884943,0.8233535317127686,0.09086351490010358,12.080306368831137,2.0172407942761907,1.846110309059915,12.17116988373124,2.108104309176294,16.034520987067346
1134,0.17395987446939654,-0.0038756706605978823,0.1891949050406757,0.1930705757012736,0.015235030571279173,-0.019110701231877053,0.8108050949593243,0.09170007770568134,12.487958055614019,2.0337676724606517,1.7664821399120392,12.5796581333197,2.125467750166334,16.37990794569239
1135,0.15579584619174694,-0.003181612677933953,0.16561321565227125,0.1687948283302052,0.009817369460524306,-0.012998982138458265,0.8343867843477287,0.0930684198245828,12.08048404562325,2.063219468184574,1.9767018803838905,12.173552465447832,2.1562878880091563,16.213473814016297
1136,0.15789431841280527,-0.004443018473933782,0.17760313327726115,0.18204615175119493,0.019708814864455887,-0.02415183333838966,0.8223968667227388,0.09721987350894779,12.294196866935685,2.0424135886817822,1.9505520026928487,12.391416740444633,2.139633462190731,16.384382331819264
1137,0.1728933125464316,-0.0048051327841960815,0.18120730090714174,0.18601243369133783,0.00831398836071015,-0.013119121144906237,0.8187926990928582,0.09247093137983775,12.574804240066191,2.0666914260104434,1.8569627862325575,12.667275171446029,2.159162357390281,16.59092938368903
1138,0.1787506211669529,-0.004690310252960334,0.1907689212097614,0.19545923146272173,0.012018300042808516,-0.01670861029576884,0.8092310787902386,0.09081920761623152,12.020163116729648,2.072656973660761,1.902272431047182,12.11098232434588,2.1634761812769927,16.085911729053823
1139,0.17558377606290085,-0.0029498334989483638,0.19122865847169923,0.1941784919706476,0.015644882408798383,-0.01859471590774675,0.8087713415283008,0.0922241079183781,11.93716897382826,2.054429259798736,1.8702826760440754,12.029393081746639,2.1466533677171147,15.95410501758945
1140,0.19091488170850454,-0.003786437085976818,0.20150456227871955,0.20529099936469636,0.010589680570215004,-0.014376117656191817,0.7984954377212805,0.08895157757868155,12.362506414316147,2.0661941511726507,1.8939986380733025,12.451457991894829,2.1551457287513314,16.411650781140782
1141,0.14261611768754248,-0.0042619471980424,0.1535649813238439,0.15782692852188632,0.010948863636301431,-0.015210810834343835,0.8464350186761561,0.09041001166174567,12.44130203706959,2.0175706015365478,1.9031355316012402,12.531712048731336,2.1079806131982934,16.452418181869124
1142,0.21073054505567573,-0.004001915885479657,0.21936820604249735,0.223370121927977,0.008637660986821616,-0.012639576872301272,0.7806317939575027,0.09209188927227352,12.082865099334795,2.0849714006202635,1.8805458274695237,12.174956988607068,2.177063289892537,16.140474216696855
1143,0.16649989988125746,-0.0048687100665928676,0.17876702162587121,0.18363573169246408,0.012267121744613751,-0.01713583181120662,0.8212329783741288,0.0878053902702387,12.073360980457572,2.0424573485061437,1.9208191566451926,12.16116637072781,2.130262738776382,16.124442875879147
1144,0.15629163878432029,-0.00418370565329501,0.1658147403828691,0.16999844603616412,0.009523101598548828,-0.013706807251843839,0.8341852596171309,0.09118606769503401,12.305686064735667,2.063673690025979,1.7834514301769353,12.396872132430701,2.154859757721014,16.243997252633616
1145,0.17190837126160172,-0.004369522872825203,0.18503188780513088,0.1894014106779561,0.013123516543529168,-0.017493039416354383,0.8149681121948691,0.0942677597617525,12.525122758329262,2.088522130373134,1.8677939823232705,12.619390518091015,2.1827898901348863,16.57570663078742
1146,0.20602779799030593,-0.005015884330667083,0.21463225403815603,0.2196481383688231,0.008604456047850095,-0.01362034037851717,0.785367745961844,0.09257480888307512,12.736933960314802,2.0564464821955237,1.8224848843099721,12.829508769197878,2.1490212910785993,16.708440135703373
1147,0.1671535836405156,-0.0041049824771776395,0.1855756341654027,0.18968061664258035,0.0184220505248871,-0.02252703300206474,0.8144243658345973,0.08827470017139305,11.858085715773958,2.0662151783974068,1.8374072403133574,11.946360415945351,2.1544898785687994,15.849982834656116
1148,0.1864309584761299,-0.003819936606322368,0.19717836515840576,0.20099830176472813,0.010747406682275862,-0.014567343288598239,0.8028216348415942,0.09500278656598482,12.210066729562998,2.0527305762531665,1.8235214846957923,12.305069516128983,2.147733362819151,16.18132157707794
1149,0.16319479662695763,-0.00494900999221734,0.17636021274716537,0.1813092227393827,0.013165416120207746,-0.018114426112425086,0.8236397872528346,0.09315453931586859,12.178397825765892,2.026459423532261,1.8873207527556506,12.27155236508176,2.1196139628481303,16.18533254136967
1150,0.17700886405615163,-0.0031994965345573272,0.18662865406994777,0.1898281506045051,0.009619790013796148,-0.012819286548353487,0.8133713459300522,0.0933964413459698,12.586182071568714,2.0503189213826776,1.7487540699177249,12.679578512914684,2.143715362728648,16.478651504215087
1151,0.17107958789865058,-0.004335772701506973,0.18400592694027967,0.18834169964178665,0.012926339041629098,-0.017262111743136077,0.8159940730597204,0.0913693363932353,12.095937784378478,2.0768175198062035,1.8569682527537648,12.187307120771713,2.1681868561994397,16.12109289333168
1152,0.1790574323716094,-0.004088831098751745,0.19329096848980448,0.19737979958855623,0.014233536118195084,-0.018322367216946828,0.8067090315101955,0.09280811321474758,12.041815990075598,2.030893770668767,1.9479362862738991,12.134624103290346,2.1237018838835136,16.11345416023301
1153,0.17043296486069578,-0.003316479971728132,0.1821833629874766,0.1854998429592047,0.011750398126780803,-0.015066878098508929,0.8178166370125234,0.08663133367374165,12.012756483603154,2.0210457490190077,2.057764954590686,12.099387817276895,2.1076770826927493,16.17819852088659
1154,0.16764163748606328,-0.004050508739027025,0.1738700614269208,0.1779205701659478,0.006228423940857514,-0.010278932679884528,0.8261299385730791,0.0892841040951744,12.14230571297318,2.064442475533463,1.8541150205625971,12.231589817068354,2.153726579628638,16.150147313164414
1155,0.16404668142795267,-0.0036798949372059586,0.17281529528293382,0.1764951902201398,0.00876861385498115,-0.012448508792187118,0.8271847047170662,0.09084697491524985,11.953303095165683,2.0553404318439945,1.7924413063149114,12.044150070080933,2.1461874067592444,15.891931808239839
1156,0.1566844885700712,-0.005107631704633674,0.16523127745843882,0.1703389091630725,0.008546788888367629,-0.013654420593001315,0.8347687225415612,0.09349499913803783,12.353734241116758,2.0492355278846777,1.8423559335793787,12.447229240254796,2.1427305270227164,16.338820701718852
1157,0.1833537285801836,-0.003851342559777397,0.19364551790921705,0.19749686046899445,0.010291789329033463,-0.014143131888810861,0.806354482090783,0.09268299623632359,12.31422964362957,2.039888484108209,1.8284900274481135,12.406912639865894,2.1325714803445326,16.275291151422216
1158,0.1827507500037483,-0.0048112126380083775,0.19377765015532702,0.1985888627933354,0.011026900151578728,-0.015838112789587105,0.806222349844673,0.08991367453455723,12.237934878787776,2.0361166800064314,1.8692156621849332,12.327848553322333,2.126030354540989,16.233180895513698
1159,0.16959914012603133,-0.004129424467168315,0.18330166829162317,0.1874310927587915,0.013702528165591837,-0.017831952632760162,0.8166983317083768,0.09532963293569097,12.02614652812365,2.054229309047896,1.8907921856095715,12.121476161059341,2.149558941983588,16.06649765571681
1160,0.20658709010621495,-0.004211211523079995,0.219997601506166,0.224208813029246,0.013410511399951058,-0.017621722923031047,0.780002398493834,0.094341106030571,12.2579512292852,2.0583963887261483,1.7882500631367453,12.352292335315772,2.1527374947567193,16.198938787178665
1161,0.18433605066443987,-0.004358767926113676,0.19549940411428599,0.19985817204039966,0.01116335344984612,-0.015522121375959791,0.804500595885714,0.08973764989956479,12.04986480745824,2.0495511194662264,1.8718693473102501,12.139602457357805,2.139288769365791,16.06102292413428
1162,0.17009507264814697,-0.0036898559018013364,0.18147711453526544,0.18516697043706679,0.011382041887118471,-0.015071897788919819,0.8185228854647346,0.09299263179705797,12.244205138483512,2.0470636100539785,1.8614808353578827,12.33719777028057,2.1400562418510374,16.24574221569243
1163,0.1803934627745417,-0.0038268428648986054,0.19467570886732977,0.19850255173222836,0.014282246092788053,-0.018109088957686648,0.8053242911326702,0.09536535253222311,12.733579326042786,2.050174265910149,1.7499547240923246,12.82894467857501,2.1455396184423723,16.629073668577483
1164,0.19321905564338507,-0.004476176367469985,0.20233092547084194,0.20680710183831194,0.009111869827456875,-0.013588046194926873,0.797669074529158,0.09204413356136243,12.319440070733535,2.066355287394508,1.7993132955630635,12.411484204294897,2.15839942095587,16.27715278725247
1165,0.17743679735990175,-0.0036711895046869793,0.18567108905421975,0.18934227855890673,0.008234291694317997,-0.011905481199004975,0.8143289109457803,0.09144814764117015,11.64133471386424,2.034479952991404,1.9610432595509568,11.73278286150541,2.1259281006325734,15.72830607404777
1166,0.16135078291136398,-0.004714274120180199,0.17594887764047526,0.18066315176065545,0.014598094729111277,-0.019312368849291467,0.8240511223595247,0.08916867181733856,12.13043330160557,2.037095229174616,1.9005221613321162,12.21960197342291,2.1262639009919537,16.15721936392964
1167,0.167360740897852,-0.003312788580188959,0.17986422642039535,0.1831770150005843,0.01250348552254335,-0.015816274102732314,0.8201357735796047,0.08748082703615978,12.222384149246825,2.0588798944131934,1.8226128548436744,12.309864976282984,2.146360721449353,16.191357725539852
1168,0.17744655158570377,-0.003521649914884481,0.18589073361614472,0.1894123835310292,0.00844418203044095,-0.01196583194532544,0.8141092663838553,0.09359831208744396,12.163692503185196,2.094297919815258,1.8457864628496594,12.25729081527264,2.1878962319027013,16.197375197937557
1169,0.17149409773086424,-0.004973178847077191,0.19011056856889494,0.19508374741597212,0.018616470838030696,-0.023589649685107877,0.809889431431105,0.08955417907757379,12.072965172897732,2.0377435117784017,2.013873724896378,12.162519351975305,2.1272976908559764,16.214136588650085
1170,0.18860345946583776,-0.004719218526182267,0.19982002326344184,0.2045392417896241,0.011216563797604079,-0.01593578232378634,0.8001799767365582,0.092963092108171,12.266508770723178,2.075916321140884,1.850823629444168,12.359471862831349,2.168879413249054,16.2862118134164
1171,0.18051591325266822,-0.005093614587305737,0.18658472089214254,0.19167833547944826,0.006068807639474316,-0.011162422226780044,0.8134152791078575,0.09178979655926689,12.651900772136775,2.0365664200488016,1.7217098415775833,12.743690568696042,2.1283562166080685,16.501966830322427
1172,0.17969484205763087,-0.004169257182100127,0.19122876263992944,0.19539801982202956,0.011533920582298574,-0.015703177764398696,0.8087712373600706,0.09281452010666413,12.248764493475079,2.066916182649164,1.9295290478826335,12.341579013581743,2.1597307027558292,16.33802424411354
1173,0.18614371129174592,-0.0034322610990785186,0.1956956847723531,0.19912794587143162,0.009551973480607184,-0.0129842345796857,0.8043043152276469,0.0975184723291953,12.594577490979525,2.06311715477362,1.8347634763314655,12.69209596330872,2.160635627102815,16.589976594413805
1174,0.1696101718627433,-0.0039785255299394345,0.1799278299895919,0.18390635551953133,0.010317658126848595,-0.01429618365678803,0.8200721700104081,0.0945480023882812,11.905991576235195,2.056735527185765,1.9535715564240075,12.000539578623476,2.1512835295740462,16.01084666223325
1175,0.17307911667538,-0.003552683486460274,0.17970147574277728,0.18325415922923755,0.0066223590673972765,-0.010175042553857538,0.8202985242572227,0.09304412703990828,11.992761594304094,2.0644800309433187,1.8536790480365752,12.085805721344002,2.157524157983227,16.003964800323896
1176,0.16995818793503312,-0.004361540365342899,0.18129077033574242,0.18565231070108532,0.011332582400709307,-0.0156941227660522,0.8187092296642575,0.08954555902393935,12.391491021149589,2.0302731074180986,1.8518403220635236,12.481036580173528,2.119818666442038,16.36315000965515
1177,0.16919117515523763,-0.005247411243883921,0.17592031451847032,0.18116772576235424,0.006729139363232689,-0.01197655060711661,0.8240796854815297,0.08960731589945681,12.159380324298683,2.074280650965912,1.8085297141483245,12.24898764019814,2.1638879668653686,16.131798005312376
1178,0.1702305163162905,-0.004030307296497949,0.1800128220800438,0.18404312937654174,0.009782305763753302,-0.01381261306025125,0.8199871779199562,0.09698798709790069,12.424498821602647,2.0793342529833154,1.9956636531389051,12.521486808700548,2.176322240081216,16.59648471482277
1179,0.17199897427772046,-0.003916490464375318,0.183334595913578,0.18725108637795332,0.011335621635857551,-0.015252112100232862,0.816665404086422,0.0927530253908948,12.25569330839447,2.0808118572284933,1.9127361461525396,12.348446333785365,2.1735648826193885,16.341994337166398
1180,0.1821076786374022,-0.00394950941524279,0.1922830851496777,0.1962325945649205,0.010175406512275498,-0.0141249159275183,0.8077169148503223,0.09083666673188695,12.14546565650445,2.065346450442256,1.8841767488417638,12.236302323236337,2.156183117174143,16.185825522520357
1181,0.16702702891403115,-0.0032587427040027244,0.17920186646279013,0.18246060916679285,0.012174837548758977,-0.015433580252761703,0.8207981335372099,0.09034513593158877,12.234254245640205,2.058893918715942,1.7974273479086804,12.324599381571794,2.149239054647531,16.180920648196416
1182,0.18298011408740106,-0.0033110079452853326,0.19140468242046918,0.1947156903657545,0.008424568333068122,-0.011735576278353449,0.8085953175795308,0.09066391309274557,12.004198615209674,2.048977451125717,1.8844537958051362,12.09486252830242,2.1396413642184635,16.028293775233273
1183,0.1929182295788297,-0.004639086429177747,0.20383549575979593,0.20847458218897366,0.010917266180966223,-0.015556352610143959,0.7961645042402041,0.09014362796359521,12.341535261170412,2.053066216562117,1.9557053712772543,12.431678889134007,2.143209844525712,16.44045047697338
1184,0.18867038238861314,-0.004432465419175564,0.19991299372780202,0.20434545914697758,0.011242611339188885,-0.015675076758364437,0.800087006272198,0.08820745158752707,12.233292791961238,2.061032348448702,1.848751806272432,12.321500243548765,2.1492398000362285,16.2312843982699
1185,0.17115360352761894,-0.004583041586395177,0.18051931706298704,0.1851023586493822,0.009365713535368109,-0.013948755121763273,0.8194806829370129,0.09150792780389594,12.100063681311244,2.057052367822097,1.9508531309313266,12.19157160911514,2.148560295625992,16.199477107868564
1186,0.17421277993757156,-0.004169028698955467,0.18837374176398758,0.19254277046294305,0.014160961826416019,-0.018329990525371487,0.8116262582360124,0.09229933153757841,12.08885074534165,2.0629736250350543,1.8837997629390024,12.181150076879229,2.1552729565726327,16.127923464853286
1187,0.18286801364573907,-0.004231187841033574,0.19707635783838687,0.20130754567942044,0.014208344192647798,-0.01843953203368137,0.8029236421616132,0.0898528887395802,12.400135435720223,2.0566864602462473,1.8633931504193395,12.489988324459803,2.1465393489858284,16.41006793512539
1188,0.17050786948865018,-0.004268727961719785,0.18275169978861688,0.18702042775033667,0.012243830299966701,-0.01651255826168649,0.8172483002113831,0.09494482108552837,12.229568755398947,2.060260338732377,1.8568013813615476,12.324513576484476,2.155205159817906,16.2415752965784
1189,0.1840222720825481,-0.004009466712997536,0.1973700348974777,0.20137950161047524,0.013347762814929609,-0.017357229527927148,0.8026299651025223,0.0919184846974499,12.454246904957392,2.0613067587786187,1.9426060736598227,12.546165389654842,2.1532252434760686,16.550078222093283
1190,0.14933248061201804,-0.004353839655930458,0.15933648433247694,0.16369032398840738,0.010004003720458898,-0.014357843376389345,0.8406635156675231,0.09310553879600647,11.980881907953737,2.0247181670930097,1.8674190535344817,12.073987446749744,2.117823705889016,15.966124667377235
1191,0.18271444250602004,-0.004008005623117599,0.1930551474206851,0.1970631530438027,0.010340704914665072,-0.014348710537782666,0.8069448525793149,0.09312413161219268,12.461527916302703,2.048663368031024,1.855587128730681,12.554652047914896,2.141787499643216,16.4589025446766
1192,0.17666559977465485,-0.004051008132961176,0.18795302863957702,0.1920040367725382,0.011287428864922178,-0.015338436997883342,0.812046971360423,0.0934373574686127,12.062908019832118,2.057811681553968,1.8424152475479296,12.156345377300731,2.1512490390225807,16.05657230640263
1193,0.15897196875416222,-0.005013856691330805,0.16935139089484444,0.17436524758617525,0.010379422140682215,-0.015393278832013024,0.8306486091051556,0.0917174477811411,12.164976810426712,2.036187703262547,1.868287231561439,12.256694258207853,2.127905151043689,16.16116919303184
1194,0.1585294059893307,-0.0026984878395874697,0.17140673697008407,0.17410522480967155,0.01287733098075336,-0.015575818820340842,0.828593263029916,0.09468422364919604,12.311174501362036,2.0345665158858495,1.9419275921894403,12.405858725011232,2.129250739535045,16.38235283308652
1195,0.19212031809846147,-0.004772411170675633,0.2036809971641767,0.20845340833485235,0.01156067906571523,-0.016333090236390874,0.7963190028358234,0.0939247610751277,12.537275832912242,2.047545833297871,1.9545691761199357,12.63120059398737,2.141470594372999,16.633315603405176
1196,0.1923333129720073,-0.003986727054717812,0.20346994252928643,0.20745666958400424,0.011136629557279148,-0.015123356611996958,0.7965300574707136,0.09375756600780605,12.418174100421883,2.1038238990293454,1.8847099868917905,12.511931666429689,2.1975814650371506,16.500465552350825
1197,0.18676046458806353,-0.0038095602002216496,0.2019132502704809,0.20572281047070257,0.015152785682417375,-0.018962345882639037,0.7980867497295191,0.09223199721047237,11.96804070136649,2.047533555271828,1.9310234528675512,12.060272698576963,2.1397655524823005,16.038829706716342
1198,0.16569180649677281,-0.003774562292749226,0.17633527192038898,0.1801098342131382,0.01064346542361616,-0.014418027716365384,0.823664728079611,0.08962222842718148,12.114872354233176,2.0589991930774634,1.84150652064789,12.204494582660358,2.1486214215046444,16.10500029638571
1199,0.1649121529943177,-0.0039407411609505795,0.17555728436503273,0.17949802552598332,0.010645131370715044,-0.014585872531665628,0.8244427156349673,0.08849599070428305,11.81534227534094,2.0476519961014645,1.8235136084256727,11.903838266045224,2.1361479868057476,15.77500387057236
1200,0.17165835807899857,-0.0044684578261642675,0.18143408149813786,0.18590253932430212,0.009775723419139293,-0.01424418124530355,0.8185659185018621,0.09239497727909018,12.418198662951204,2.069759314639663,1.8618093019498527,12.510593640230294,2.1621542919187533,16.44216225681981
1201,0.1659432588671683,-0.004491844696763879,0.17546430999186452,0.1799561546886284,0.009521051124696228,-0.01401289582146012,0.8245356900081355,0.08850761643358496,12.39086161253648,2.032845382324348,1.8321738565551176,12.479369228970064,2.1213529987579323,16.34438846784953
1202,0.16212730846476292,-0.0033061620749531865,0.17472810051666823,0.17803426259162142,0.012600792051905313,-0.015906954126858497,0.8252718994833318,0.09353097923923848,12.141107811784375,2.051423999947353,1.864040388497795,12.234638791023613,2.144954979186592,16.15010317946876
1203,0.14939478657970748,-0.005194439591391578,0.1596598038519788,0.16485424344337038,0.010265017272271332,-0.015459456863662902,0.8403401961480212,0.09460426626394991,11.916673487176698,2.0829455259944414,1.8377605464116407,12.011277753440648,2.177549792258392,15.93198382584673
