config_json,"{""all_runs_results_prefix"": ""seed_runs"", ""data_dir"": ""/mnt/data4tb/data_algonauts/"", ""fmri_dict_path"": ""/home/ohadshee/Desktop/Thesis_Ohad_Sheelo/encoding_model/fmri_dicts/subj1_fmri_dicts.joblib"", ""method"": ""ridge_cv"", ""mixing_dimension"": 50, ""n_f"": 500, ""n_s"": 7000, ""n_seeds"": 10000, ""parent_submission_dir"": ""/mnt/data4tb/data_algonauts/submissions"", ""path_to_load"": ""/home/ohadshee/Desktop/Thesis_Ohad_Sheelo/encoding_model/trained_models/roi_models/FBA-1_alexnet_features.8_subj01_1.pth/FBA-1_alexnet_features.8_subj01.pth_encoding_model.joblib"", ""progress_print_every"": 100, ""results_dir"": ""/home/ohadshee/Desktop/Thesis_Ohad_Sheelo/simulation_results/Suppresion_FBA_Encoding"", ""results_prefix"": ""seed_summary"", ""rng_seed"": ""Generator(PCG64)"", ""roi_name"": ""FBA-1"", ""seed_start"": 0, ""snr"": 10, ""subj"": 1, ""suppression_method"": ""permutate"", ""suppression_strength"": 0.5, ""test_name"": ""FBA-Encoding-suppresion_exp1""}"

seed,CA_R²_X1,CA_R²_X2,CA_R²_X12,CA_unique_X1,CA_unique_X2,CA_common,CA_unexplained,PID_red,PID_unq1,PID_unq2,PID_syn,I(M1;T),I(M2;T),"I(M1,M2;T)"
0,0.17148720303701656,-0.0040277702438963146,0.18345506198651618,0.18748283223041248,0.011967858949499616,-0.01599562919339592,0.8165449380134838,0.0,10.214774183791002,0.012097936627838646,6.072962482351345,10.214774183791002,0.012097936627838646,16.299834602770186
1,0.1657897370764942,-0.0050366961822477805,0.18119939119798567,0.18623608738023345,0.015409654121491478,-0.020446350303739258,0.8188006088020143,0.0,10.029992455773835,-0.026364770497044,6.192616419545838,10.029992455773835,-0.026364770497044,16.19624410482263
2,0.1703863382237722,-0.003296268510510717,0.18274629623505598,0.18604256474556669,0.012359958011283784,-0.015656226521794492,0.817253703764944,0.0,10.579079922609619,-0.02345308057055151,6.090471889203684,10.579079922609619,-0.02345308057055151,16.646098731242752
3,0.18757445487317567,-0.00466724901896725,0.20178405444516892,0.20645130346413618,0.014209599571993248,-0.018876848590960504,0.7982159455548311,0.0,10.119124471447073,0.020989456433180287,6.0851104502601325,10.119124471447073,0.020989456433180287,16.225224378140386
4,0.19419417626815172,-0.0043985467154224744,0.20591036607455573,0.2103089127899782,0.011716189806404015,-0.01611473652182649,0.7940896339254443,0.0,10.057204100953392,0.005494685576325153,6.037478560771627,10.057204100953392,0.005494685576325153,16.100177347301344
5,0.15426293075053316,-0.005249274687644388,0.16583974350630187,0.17108901819394626,0.011576812755768717,-0.0168260874434131,0.8341602564936981,0.0,9.98149069054336,0.02405312757114686,6.146819692218401,9.98149069054336,0.02405312757114686,16.152363510332908
6,0.1608478631170321,-0.0042237957360668765,0.16938918559254273,0.1736129813286096,0.008541322475510621,-0.012765118211577497,0.8306108144074573,0.0,9.98647528606061,-0.007503019556220014,6.01326423082306,9.98647528606061,-0.007503019556220014,15.99223649732745
7,0.17654105229635186,-0.004301729495759771,0.18525638315815404,0.1895581126539138,0.008715330861802179,-0.01301706035756195,0.8147436168418459,0.0,10.122966835323497,0.013842935195157224,6.009317302434377,10.122966835323497,0.013842935195157224,16.146127072953032
8,0.15770207653945767,-0.004076617941469346,0.16819370153429605,0.1722703194757654,0.010491624994838383,-0.014568242936307735,0.831806298465704,0.0,10.214484725309227,-0.02349287462016436,6.107362448471118,10.214484725309227,-0.02349287462016436,16.29835429916018
9,0.17584527562626864,-0.0037759489378843655,0.18622866759693718,0.19000461653482154,0.010383391970668537,-0.014159340908552892,0.8137713324030629,0.0,9.976488671981015,0.02720217818000048,6.158114129232913,9.976488671981015,0.02720217818000048,16.161804979393928
10,0.1624901205349965,-0.0036180110755357595,0.1694701419486722,0.17308815302420794,0.00698002141367568,-0.010598032489211429,0.8305298580513278,0.0,10.38718461352482,0.014896066543545583,6.004310160363239,10.38718461352482,0.014896066543545583,16.406390840431605
11,0.16289392111934858,-0.004439642925602036,0.1729935779186535,0.17743322084425553,0.010099656799304912,-0.014539299724906946,0.8270064220813464,0.0,10.191634032889702,0.0003049706715145817,6.061985194920791,10.191634032889702,0.0003049706715145817,16.253924198482007
12,0.168036727957115,-0.0044343249306695405,0.18591939364208745,0.19035371857275699,0.01788266568497246,-0.02231699061564199,0.8140806063579126,0.0,10.019152451163423,0.005727781042578428,6.1438121278835816,10.019152451163423,0.005727781042578428,16.168692360089583
13,0.16768828826956667,-0.0045790392740737585,0.1806494341812543,0.18522847345532806,0.012961145911687622,-0.017540185185761392,0.8193505658187457,0.0,9.906886318807162,0.0010740075102422253,6.073328236962299,9.906886318807162,0.0010740075102422253,15.981288563279703
14,0.19650198247070289,-0.004376020553028827,0.20552858842611696,0.20990460897914578,0.009026605955414074,-0.0134026265084429,0.794471411573883,0.0,10.174944604483281,0.007395174017059247,5.967398232140377,10.174944604483281,0.007395174017059247,16.149738010640718
15,0.16692272930980726,-0.004429594040124981,0.18033434222638828,0.18476393626651325,0.013411612916581023,-0.01784120695670599,0.8196656577736117,0.0,9.867080509760434,-0.008972223710411953,5.988851575460156,9.867080509760434,-0.008972223710411953,15.846959861510179
16,0.16881060050290259,-0.0033257139407500674,0.1832397864122306,0.18656550035298067,0.014429185909328013,-0.017754899850078082,0.8167602135877694,0.0,10.254185082090281,-0.01141652525275827,6.064613755686266,10.254185082090281,-0.01141652525275827,16.30738231252379
17,0.16164582651820253,-0.004554257589590268,0.1763749354169598,0.18092919300655008,0.014729108898757282,-0.019283366488347553,0.8236250645830402,0.0,10.222164118531143,-0.010195307126994457,5.989638922084448,10.222164118531143,-0.010195307126994457,16.201607733488597
18,0.20729612634136502,-0.0045882198569970525,0.21440333555662788,0.21899155541362494,0.007107209215262866,-0.011695429072259927,0.7855966644433721,0.0,10.417267337445377,-0.021875445697435936,6.04496975484982,10.417267337445377,-0.021875445697435936,16.44036164659776
19,0.17635825018934945,-0.004134303471407203,0.18488207431580947,0.18901637778721667,0.008523824126460022,-0.01265812759786722,0.8151179256841905,0.0,10.260146235619224,0.012443845495679895,6.183515776598304,10.260146235619224,0.012443845495679895,16.456105857713208
20,0.18695384893999029,-0.005359363298377448,0.197174260546743,0.20253362384512044,0.010220411606752716,-0.015579774905130156,0.802825739453257,0.0,10.167923216196122,-0.012243834020082556,6.021807643286451,10.167923216196122,-0.012243834020082556,16.17748702546249
21,0.18208968095335637,-0.003754540486988584,0.19464722248420624,0.19840176297119483,0.01255754153084987,-0.01631208201783846,0.8053527775157938,0.0,10.211067927620281,0.00748429374054016,6.046142664155645,10.211067927620281,0.00748429374054016,16.264694885516466
22,0.2021863457479962,-0.00438541992957091,0.21326085026732577,0.2176462701968967,0.011074504519329564,-0.015459924448900486,0.7867391497326742,0.0,10.254264735637562,-0.024753225641711563,6.010194013306242,10.254264735637562,-0.024753225641711563,16.239705523302092
23,0.17285181818998144,-0.0039035259739080698,0.18532464588201894,0.189228171855927,0.012472827692037503,-0.01637635366594556,0.8146753541179811,0.0,10.1545259049486,0.013396792081318942,6.153169123476062,10.1545259049486,0.013396792081318942,16.32109182050598
24,0.1995302998829622,-0.004689310532622723,0.21137194809121465,0.21606125862383738,0.011841648208252453,-0.01653095874087518,0.7886280519087854,0.0,10.268346812478825,0.0004218098217290134,6.032336405760342,10.268346812478825,0.0004218098217290134,16.301105028060896
25,0.188160102866843,-0.004101917956830901,0.19789226438862587,0.20199418234545677,0.009732161521782856,-0.013834079478613759,0.8021077356113742,0.0,10.263314199871672,0.015028527348383225,6.020689049121708,10.263314199871672,0.015028527348383225,16.299031776341764
26,0.16959412886293024,-0.0039348600602379605,0.17565532777830864,0.1795901878385466,0.006061198915378402,-0.009996058975616368,0.8243446722216914,0.0,10.069562455274554,0.003899612352939563,6.036782510171128,10.069562455274554,0.003899612352939563,16.11024457779862
27,0.14707502724620977,-0.003261987659680959,0.15948290498194873,0.1627448926416297,0.012407877735738954,-0.015669865395419924,0.8405170950180513,0.0,9.693254235558083,-0.008466414666817634,6.008803004867269,9.693254235558083,-0.008466414666817634,15.693590825758534
28,0.18920644397912043,-0.00464276220626857,0.19511442818097258,0.19975719038724116,0.005907984201852151,-0.010550746408120731,0.8048855718190274,0.0,10.399125013916665,0.0013098777543048001,5.992436512136826,10.399125013916665,0.0013098777543048001,16.392871403807796
29,0.16879717068559855,-0.004245921088616134,0.1770456156873749,0.18129153677599102,0.00824844500177635,-0.012494366090392478,0.8229543843126251,0.0,9.882841539380674,0.007342263422003281,5.967141456503299,9.882841539380674,0.007342263422003281,15.857325259305977
30,0.1692867084715077,-0.0033616877764094523,0.17859486250522952,0.18195655028163896,0.009308154033721816,-0.012669841810131255,0.8214051374947705,0.0,10.529680724647974,0.03116909194877726,6.1078356307793715,10.529680724647974,0.03116909194877726,16.668685447376124
31,0.1689960548007064,-0.005208480830562568,0.17788136787422376,0.18308984870478634,0.008885313073517365,-0.014093793904079943,0.8221186321257763,0.0,10.193119648169766,0.018704914720386157,6.12114671225841,10.193119648169766,0.018704914720386157,16.332971275148562
32,0.17806018747992328,-0.0037781629872534793,0.1874012967262498,0.19117945971350328,0.009341109246326529,-0.013119272233580004,0.8125987032737502,0.0,10.443569010258877,-0.0008036535128539413,6.116059557054918,10.443569010258877,-0.0008036535128539413,16.55882491380094
33,0.16475768469870375,-0.004155453603032696,0.1733440036956919,0.17749945729872457,0.00858631899698814,-0.012741772600020823,0.8266559963043081,0.0,9.99464914553701,0.013315004936714114,6.082432602136411,9.99464914553701,0.013315004936714114,16.090396752610136
34,0.17805034358412086,-0.004175058458118318,0.18664474934562816,0.1908198078037465,0.008594405761507301,-0.012769464219625631,0.8133552506543719,0.0,9.844359666435764,0.013126570386546188,5.969758597390165,9.844359666435764,0.013126570386546188,15.827244834212475
35,0.19197094800839723,-0.003916091595664799,0.20506744103074798,0.20898353262641278,0.013096493022350747,-0.017012584618015553,0.794932558969252,0.0,10.136808534856328,0.002005745368196976,6.198299568420116,10.136808534856328,0.002005745368196976,16.33711384864464
36,0.1902484545526257,-0.0039507512047068346,0.2031963221332736,0.20714707333798044,0.012947867580647893,-0.01689861878535473,0.7968036778667265,0.0,10.13017860116696,0.0017442690412883266,6.087523604434051,10.13017860116696,0.0017442690412883266,16.2194464746423
37,0.16689367643528946,-0.003696302914025388,0.17627330036182565,0.17996960327585104,0.009379623926536185,-0.01307592684056158,0.8237266996381744,0.0,9.951353784649314,0.018188513846915555,6.071680250173298,9.951353784649314,0.018188513846915555,16.041222548669527
38,0.17879087880086172,-0.0040100341549604915,0.1884028168383099,0.19241285099327038,0.00961193803744817,-0.013621972192408655,0.8115971831616902,0.0,10.384770797945693,-0.027527043192931977,6.045760535162029,10.384770797945693,-0.027527043192931977,16.40300428991479
39,0.1862719166466177,-0.004160135558545356,0.1945400420040308,0.19870017756257616,0.008268125357413086,-0.012428260915958445,0.8054599579959691,0.0,9.98595936368624,-0.014084615897499209,6.060634973458976,9.98595936368624,-0.014084615897499209,16.032509721247717
40,0.1578575948769301,-0.0038073841701302385,0.16999547246310823,0.17380285663323847,0.012137877586178125,-0.015945261756308365,0.8300045275368918,0.0,9.90187532751719,-0.0016153341357245665,6.097029376557705,9.90187532751719,-0.0016153341357245665,15.997289369939171
41,0.17029870431789668,-0.003966223341729493,0.1776697741223104,0.18163599746403988,0.00737106980441371,-0.011337293146143207,0.8223302258776897,0.0,10.470035755118964,-0.0026826303233074,6.050412331553393,10.470035755118964,-0.0026826303233074,16.51776545634905
42,0.15839840509967176,-0.003923520723958836,0.16744691103281747,0.1713704317567763,0.009048505933145712,-0.012972026657104535,0.8325530889671825,0.0,9.936297182774517,0.006565814149144256,6.2362594470202914,9.936297182774517,0.006565814149144256,16.179122443943953
43,0.18151583187471582,-0.0042015443713542605,0.19388829813041392,0.19808984250176817,0.0123724662556981,-0.016574010627052355,0.806111701869586,0.0,10.404865272535407,0.001964073011132772,6.201897343618059,10.404865272535407,0.001964073011132772,16.608726689164598
44,0.16730398260875928,-0.004449739270954702,0.1769475180309001,0.1813972573018548,0.009643535422140803,-0.014093274693095514,0.8230524819690999,0.0,10.016701724210158,0.004101159075302618,6.014117568757706,10.016701724210158,0.004101159075302618,16.034920452043167
45,0.16082161866950548,-0.003952327760169674,0.1701308425643137,0.1740831703244834,0.009309223894808233,-0.013261551654977916,0.8298691574356862,0.0,9.930234636470116,-0.03148304743694652,6.039240262203121,9.930234636470116,-0.03148304743694652,15.93799185123629
46,0.17750576330483037,-0.004520066100225583,0.18391206854142866,0.18843213464165426,0.0064063052365982975,-0.010926371336823892,0.8160879314585714,0.0,10.08951859347939,-0.01025297760300159,6.020651365095012,10.08951859347939,-0.01025297760300159,16.0999169809714
47,0.17323860114899636,-0.004462114436750205,0.1795260865912159,0.18398820102796612,0.006287485442219548,-0.010749599878969757,0.8204739134087841,0.0,10.288482154287166,0.004073866760061495,5.995333278341105,10.288482154287166,0.004073866760061495,16.287889299388333
48,0.17208758889338152,-0.004986863322521379,0.18309272192334455,0.18807958524586593,0.011005133029963032,-0.01599199635248441,0.8169072780766554,0.0,10.319296979429875,0.001771588627701881,6.038351367912333,10.319296979429875,0.001771588627701881,16.35941993596991
49,0.1788327186821153,-0.0046146687921715624,0.18766210643537098,0.19227677522754255,0.008829387753255674,-0.013444056545427241,0.812337893564629,0.0,10.540774799592858,-0.028692501825907435,6.049386834841802,10.540774799592858,-0.028692501825907435,16.561469132608753
50,0.1868572588067764,-0.0031366706567583337,0.19664309928132703,0.19977976993808536,0.009785840474550639,-0.012922511131308961,0.8033569007186729,0.0,10.014127904483534,0.017916629552403585,6.1530458185048635,10.014127904483534,0.017916629552403585,16.1850903525408
51,0.17397792993887393,-0.004779056962408309,0.18337635076282346,0.18815540772523176,0.009398420823949538,-0.014177477786357834,0.8166236492371766,0.0,10.384962233633978,-0.04113261733507079,6.088350114021695,10.384962233633978,-0.04113261733507079,16.432179730320602
52,0.18579759614200894,-0.005256639254484973,0.1955480370905901,0.20080467634507507,0.009750440948581157,-0.015007080203066125,0.8044519629094099,0.0,10.17830797497935,0.009198703699796695,6.105751210235441,10.17830797497935,0.009198703699796695,16.29325788891459
53,0.1708036607616033,-0.004664638787430787,0.1797553839464134,0.1844200227338442,0.008951723184810106,-0.013616361972240892,0.8202446160535866,0.0,9.86398759025262,-0.009425490486941968,6.161846524585959,9.86398759025262,-0.009425490486941968,16.016408624351637
54,0.19377711155068228,-0.004645088185761368,0.20089417464956033,0.2055392628353217,0.0071170630988780514,-0.011762151284639422,0.7991058253504397,0.0,10.363898217981262,-0.022409968729709018,5.983561313435805,10.363898217981262,-0.022409968729709018,16.325049562687358
55,0.18599676025470172,-0.003933229926729505,0.19421250688795003,0.19814573681467954,0.008215746633248311,-0.01214897655997782,0.80578749311205,0.0,10.565135958727723,-0.0035329304088351776,5.999456714180032,10.565135958727723,-0.0035329304088351776,16.56105974249892
56,0.17759350836169052,-0.004873892171223942,0.1880714700089596,0.19294536218018354,0.01047796164726908,-0.015351853818493022,0.8119285299910404,0.0,10.048636612097779,-0.02139547285438148,6.123835744680765,10.048636612097779,-0.02139547285438148,16.151076883924162
57,0.16288843145923435,-0.00450043947949313,0.1723410791076762,0.17684151858716934,0.009452647648441864,-0.013953087127934999,0.8276589208923237,0.0,10.314330586650948,-0.01435092978414687,6.134692722303408,10.314330586650948,-0.01435092978414687,16.43467237917021
58,0.1943117270908656,-0.004587616631470504,0.2072481312382401,0.2118357478697106,0.012936404147374486,-0.01752402077884499,0.7927518687617598,0.0,10.59480407118248,-0.0038902900381385663,6.035152284500788,10.59480407118248,-0.0038902900381385663,16.62606606564513
59,0.1796483207321868,-0.004626182758092016,0.18648160758201732,0.19110779034010933,0.0068332868498305055,-0.011459469607922518,0.8135183924179827,0.0,9.724589696769316,-0.0037783217389533164,6.082378272446779,9.724589696769316,-0.0037783217389533164,15.803189647477142
60,0.14671977531672944,-0.003727390374668597,0.1603147986130801,0.1640421889877487,0.01359502329635065,-0.01732241367101925,0.8396852013869199,0.0,9.928493314930929,0.021102605915788164,6.10145085206752,9.928493314930929,0.021102605915788164,16.051046772914237
61,0.17688507468049428,-0.003961444092778392,0.1881690088874075,0.1921304529801859,0.011283934206913232,-0.015245378299691636,0.8118309911125925,0.0,10.129707368592824,-0.005624867794629562,6.102338321873594,10.129707368592824,-0.005624867794629562,16.226420822671788
62,0.17042520034182132,-0.002929912139409939,0.18490079182536223,0.18783070396477217,0.014475591483540912,-0.017405503622950846,0.8150992081746378,0.0,10.003510024523061,-0.011851325299655713,6.139015659358288,10.003510024523061,-0.011851325299655713,16.130674358581693
63,0.17484406959192206,-0.0037541740572594674,0.18561049476170638,0.18936466881896585,0.010766425169784322,-0.014520599227043796,0.8143895052382937,0.0,10.033514392694892,0.02082775450499419,6.022073108526058,10.033514392694892,0.02082775450499419,16.076415255725944
64,0.16764478897458762,-0.004734442829134502,0.1818448574063777,0.1865793002355122,0.014200068431790086,-0.018934511260924575,0.8181551425936223,0.0,10.218910832778537,0.016812103810528,6.0959417198730055,10.218910832778537,0.016812103810528,16.33166465646207
65,0.17865147132018958,-0.005115080160997268,0.18741557184903507,0.19253065201003233,0.008764100528845492,-0.013879180689842757,0.8125844281509649,0.0,10.099220201016031,-0.006806827227606949,6.0375931965439165,10.099220201016031,-0.006806827227606949,16.13000657033234
66,0.1696566798757564,-0.004450007150522239,0.18048273686902416,0.1849327440195464,0.010826056993267774,-0.015276064143790014,0.8195172631309758,0.0,9.982110822143705,-0.007293036953615051,6.18650822734788,9.982110822143705,-0.007293036953615051,16.16132601253797
67,0.16131143388182648,-0.0037731325537314103,0.16787113255555589,0.1716442651092873,0.006559698673729408,-0.010332831227460815,0.8321288674444441,0.0,10.258371759032801,-0.020404966787869405,6.011500399428269,10.258371759032801,-0.020404966787869405,16.2494671916732
68,0.17859084327729494,-0.00300384874030047,0.18948137934890955,0.19248522808921,0.01089053607161461,-0.013894384811915073,0.8105186206510905,0.0,10.182981182427236,0.013074832899601319,6.0737316978074585,10.182981182427236,0.013074832899601319,16.269787713134296
69,0.17765018944709957,-0.0043216022403717745,0.1864845101156644,0.19080611235603617,0.008834320668564821,-0.013155922908936607,0.8135154898843356,0.0,9.925348828379875,-0.03765467141674517,6.070355320482347,9.925348828379875,-0.03765467141674517,15.958049477445476
70,0.15715413453730168,-0.0045767510292134325,0.1725977982078419,0.17717454923705533,0.01544366367054023,-0.020020414699753658,0.8274022017921581,0.0,10.044798722697319,0.0021705326288357085,6.080182683966231,10.044798722697319,0.0021705326288357085,16.127151939292386
71,0.1617751550610429,-0.005029534567174542,0.1704518716437808,0.17548140621095534,0.008676716582737914,-0.013706251149912446,0.8295481283562192,0.0,9.948152201494727,-0.009413390978153746,6.095438263045585,9.948152201494727,-0.009413390978153746,16.03417707356216
72,0.18508562469223416,-0.003296283292463289,0.19251169807750798,0.19580798136997127,0.007426073385273818,-0.010722356677737105,0.807488301922492,0.0,10.011933718984388,0.012409582741462089,6.062927972535199,10.011933718984388,0.012409582741462089,16.08727127426105
73,0.18177019147755963,-0.002649718364002697,0.19437041152178958,0.19702012988579226,0.012600220044229948,-0.015249938408232633,0.8056295884782104,0.0,9.883446978614161,-0.035903395195834076,6.089880378447264,9.883446978614161,-0.035903395195834076,15.93742396186559
74,0.17020083211735038,-0.0044396041492484346,0.18108574380679096,0.1855253479560394,0.010884911689440585,-0.015324515838689018,0.818914256193209,0.0,10.155425772189346,-0.010737131336629346,6.198445768891919,10.155425772189346,-0.010737131336629346,16.343134409744636
75,0.16563723744888778,-0.005112619457773595,0.17980302989032143,0.184915649348095,0.01416579244143365,-0.019278411899207232,0.8201969701096785,0.0,10.26831000238119,0.014500677542806706,6.0155863116887405,10.26831000238119,0.014500677542806706,16.298396991612737
76,0.18540394975434046,-0.004316786369399294,0.19571415179687748,0.2000309381662768,0.01031020204253702,-0.014626988411936326,0.8042858482031225,0.0,10.255080841496996,0.009224564993069784,6.064332379060962,10.255080841496996,0.009224564993069784,16.328637785551027
77,0.1789007959474491,-0.004681927811928699,0.19030375950766037,0.19498568731958907,0.011402963560211282,-0.016084891372139976,0.8096962404923396,0.0,10.132942259788987,0.03797193103296337,6.109927769320709,10.132942259788987,0.03797193103296337,16.28084196014266
78,0.1650675711199599,-0.0029999974108669085,0.17651812625982508,0.17951812367069198,0.011450555139865176,-0.014450552550732076,0.8234818737401749,0.0,10.240638048343019,0.025891459817910523,6.041027849571537,10.240638048343019,0.025891459817910523,16.307557357732467
79,0.17143077130090723,-0.004283412267618888,0.18546269789291003,0.18974611016052892,0.014031926592002808,-0.018315338859621694,0.81453730210709,0.0,9.875305437324498,-0.008383704283335014,6.093234673890669,9.875305437324498,-0.008383704283335014,15.960156406931832
80,0.1838929083150306,-0.004590384463728151,0.19382698591751388,0.19841737038124202,0.009934077602483271,-0.014524462066211413,0.8061730140824861,0.0,10.739783212551105,-0.015787237152587785,6.031784155139561,10.739783212551105,-0.015787237152587785,16.755780130538078
81,0.16489619674025277,-0.0037348732321490284,0.1785750481340084,0.18230992136615742,0.013678851393755631,-0.017413724625904653,0.8214249518659916,0.0,10.079156753437504,0.020354107154265222,6.048619570196076,10.079156753437504,0.020354107154265222,16.148130430787845
82,0.17977896363783588,-0.0042905502221566,0.1906602486873085,0.1949507989094651,0.010881285049472611,-0.015171835271629214,0.8093397513126915,0.0,10.099118330994001,-0.0019270542610807517,6.12443614906252,10.099118330994001,-0.0019270542610807517,16.22162742579544
83,0.18232388506125585,-0.004759743299556495,0.19059680891835679,0.1953565522179133,0.008272923857100933,-0.013032667156657435,0.8094031910816433,0.0,10.145438357584473,0.0062462821833042526,6.169392015851897,10.145438357584473,0.0062462821833042526,16.321076655619674
84,0.17523589587547372,-0.004430598501987417,0.1848665463650534,0.1892971448670408,0.009630650489579673,-0.014061248991567077,0.8151334536349466,0.0,10.154577702278322,0.01994821598569274,6.0456596556051085,10.154577702278322,0.01994821598569274,16.220185573869124
85,0.17024759002761422,-0.0035417946147296288,0.18053131384048218,0.1840731084552118,0.010283723812867962,-0.013825518427597577,0.8194686861595178,0.0,10.054511675359894,0.00787591264223142,6.068695603705499,10.054511675359894,0.00787591264223142,16.131083191707624
86,0.18571643042866848,-0.004752055620859417,0.2037330480136272,0.20848510363448663,0.018016617584958733,-0.022768673205818157,0.7962669519863728,0.0,10.06410254495102,-0.025979731319678567,6.154598089431227,10.06410254495102,-0.025979731319678567,16.19272090306257
87,0.17349701141158944,-0.003973782637683869,0.18116958436685449,0.18514336700453835,0.00767257295526505,-0.01164635559294891,0.8188304156331455,0.0,10.257812770947252,0.0011434239789638312,5.94174396467269,10.257812770947252,0.0011434239789638312,16.200700159598906
88,0.17743453265999667,-0.0037416981994944443,0.18443859553719955,0.18818029373669398,0.007004062877202871,-0.010745761076697308,0.8155614044628005,0.0,10.230678210530202,0.004071254986777628,6.00909108539274,10.230678210530202,0.004071254986777628,16.24384055090972
89,0.2073904804590989,-0.003893393682850378,0.21403860680924358,0.21793200049209396,0.0066481263501446675,-0.01054152003299505,0.7859613931907564,0.0,10.43398261743469,-0.004683076061971381,6.075625470138183,10.43398261743469,-0.004683076061971381,16.504925011510903
90,0.17569713417055424,-0.003989922967990528,0.1876238854564441,0.19161380842443462,0.011926751285889853,-0.01591667425388038,0.812376114543556,0.0,10.240743802071105,0.014730814070682996,6.1279152591655635,10.240743802071105,0.014730814070682996,16.38338987530735
91,0.16075937620767097,-0.004345766297780983,0.17566575295065376,0.18001151924843475,0.014906376742982785,-0.01925214304076378,0.8243342470493462,0.0,10.260156088629127,-0.029292384809989525,6.182241512917399,10.260156088629127,-0.029292384809989525,16.413105216736536
92,0.1606240578324816,-0.004214437237077706,0.1682154966161349,0.17242993385321262,0.007591438783653315,-0.011805876020731021,0.8317845033838651,0.0,10.117476825904053,0.005821506531338727,5.896832096092874,10.117476825904053,0.005821506531338727,16.020130428528265
93,0.17749938585189473,-0.004281182455889508,0.18897918913090617,0.19326037158679568,0.011479803279011436,-0.01576098573490095,0.8110208108690938,0.0,9.874689245452629,-0.005085726380046562,6.111867663468731,9.874689245452629,-0.005085726380046562,15.981471182541313
94,0.20685625545082897,-0.004248856043885307,0.217749951601071,0.2219988076449563,0.010893696150242022,-0.015142552194127329,0.782250048398929,0.0,10.373950259685147,0.016222763221740877,6.101505571694391,10.373950259685147,0.016222763221740877,16.49167859460128
95,0.2005500993276632,-0.004145090729014856,0.21020354518670398,0.21434863591571884,0.009653445859040766,-0.013798536588055632,0.7897964548132961,0.0,10.695245243178173,-0.00884082430070654,6.0029758216197635,10.695245243178173,-0.00884082430070654,16.68938024049723
96,0.13522631536337826,-0.0045683087869264945,0.14773768499189807,0.15230599377882456,0.012511369628519814,-0.017079678415446303,0.8522623150081019,0.0,10.13798603005729,-0.011949569827119255,6.010114026346764,10.13798603005729,-0.011949569827119255,16.136150486576934
97,0.1637098881157406,-0.004547548880183826,0.17463007962733698,0.1791776285075208,0.010920191511596372,-0.0154677403917802,0.825369920372663,0.0,9.870718222683069,0.027900501655810928,5.944765747827981,9.870718222683069,0.027900501655810928,15.84338447216686
98,0.1733377316813098,-0.003926288794580736,0.18461083968446682,0.18853712847904755,0.011273108003157006,-0.015199396797737741,0.8153891603155332,0.0,10.06683569374268,0.034681314410638375,6.08988450880377,10.06683569374268,0.034681314410638375,16.19140151695709
99,0.1578812163249004,-0.004816865747741611,0.16814680918682484,0.17296367493456646,0.010265592861924439,-0.01508245860966606,0.8318531908131752,0.0,10.121420503184737,0.008093154101211475,6.038660050024716,10.121420503184737,0.008093154101211475,16.168173707310665
100,0.1725001989870369,-0.0037123264106924433,0.18271265051007907,0.1864249769207715,0.010212451523042176,-0.013924777933734617,0.8172873494899209,0.0,10.0807559631962,0.01955296104081361,6.048863309815099,10.0807559631962,0.01955296104081361,16.149172234052113
101,0.16479368551735732,-0.004656555382266471,0.1765560169618489,0.18121257234411536,0.01176233144449157,-0.016418886826758045,0.8234439830381511,0.0,10.101460147951098,-0.014167607077816946,6.083633700074899,10.101460147951098,-0.014167607077816946,16.17092624094818
102,0.1946376650526532,-0.004348915690341304,0.2062137864727432,0.21056270216308448,0.011576121420089985,-0.015925037110431278,0.7937862135272569,0.0,9.956774476253637,0.013366574974567946,6.073337179697673,9.956774476253637,0.013366574974567946,16.043478230925878
103,0.183097121889256,-0.004454966750109225,0.19718822725276028,0.2016431940028695,0.014091105363504275,-0.018546072113613504,0.8028117727472397,0.0,10.248244896752377,-0.008974932656025558,6.140341862704876,10.248244896752377,-0.008974932656025558,16.379611826801227
104,0.16486367552576175,-0.0047717066626144534,0.17290099519439883,0.17767270185701328,0.008037319668637077,-0.012809026331251527,0.8270990048056012,0.0,9.812543673755869,-2.422094615850412e-05,6.0838150216792855,9.812543673755869,-2.422094615850412e-05,15.896334474488995
105,0.1716681460777068,-0.004215457289959726,0.18535314670778624,0.18956860399774597,0.013685000630079436,-0.017900457920039164,0.8146468532922138,0.0,10.12762505492418,-0.02153369588797105,6.004821636681758,10.12762505492418,-0.02153369588797105,16.110912995717968
106,0.16557195340973005,-0.004226464766583737,0.17378201578351646,0.17800848055010018,0.008210062373786409,-0.012436527140370135,0.8262179842164835,0.0,10.229932251623596,0.021069890771657995,6.076424187085301,10.229932251623596,0.021069890771657995,16.327426329480556
107,0.17040694414085483,-0.004044695699114699,0.17673107158145704,0.18077576728057174,0.006324127440602206,-0.010368823139716904,0.8232689284185429,0.0,10.316866853734757,0.04478584963785437,6.0234349936956,10.316866853734757,0.04478584963785437,16.38508769706821
108,0.15815975779480368,-0.004278427002160927,0.1657605028486854,0.17003892985084634,0.0076007450538817245,-0.011879172056042664,0.8342394971513146,0.0,9.986048329964568,0.001003794563095628,5.951301535274725,9.986048329964568,0.001003794563095628,15.938353659802388
109,0.16117975658273995,-0.004063834951364896,0.17110337577223286,0.17516721072359775,0.009923619189492916,-0.013987454140857808,0.8288966242277671,0.0,10.167526026126556,-0.019914178593813503,6.047465871694987,10.167526026126556,-0.019914178593813503,16.19507771922773
110,0.18570283858029307,-0.002605777508830822,0.19553491265719478,0.1981406901660256,0.009832074076901703,-0.012437851585732518,0.8044650873428052,0.0,10.519640315474236,-0.018712413987517884,6.125519021790475,10.519640315474236,-0.018712413987517884,16.626446923277193
111,0.17531361630451783,-0.004841463547570201,0.18229839364965217,0.18713985719722237,0.006984777345134335,-0.011826240892704537,0.8177016063503478,0.0,10.13858586233812,-0.019611978706613797,6.0103065128479525,10.13858586233812,-0.019611978706613797,16.12928039647946
112,0.16918178095054254,-0.003234478619494921,0.1811971000235364,0.1844315786430313,0.012015319072993857,-0.01524979769248877,0.8188028999764636,0.0,9.950178804362217,0.014210482561561655,5.972166057784398,9.950178804362217,0.014210482561561655,15.936555344708177
113,0.1781151605316339,-0.0040564044045870405,0.18987912360582976,0.1939355280104168,0.01176396307419586,-0.015820367478782904,0.8101208763941703,0.0,10.160981960329199,-0.02987894385352119,6.094635700498667,10.160981960329199,-0.02987894385352119,16.225738716974345
114,0.17999601722949074,-0.004908451336829555,0.18669998188017384,0.19160843321700338,0.0067039646506830974,-0.011612415987512642,0.8133000181198262,0.0,9.896037196313525,-0.007722563339262578,6.0659339159979755,9.896037196313525,-0.007722563339262578,15.954248548972238
115,0.17467163467420574,-0.004825496504699712,0.18583237316815396,0.19065786967285367,0.011160738493948219,-0.01598623499864793,0.8141676268318461,0.0,10.392776658968753,0.044429831736577,6.114762248969816,10.392776658968753,0.044429831736577,16.551968739675146
116,0.19057297926599126,-0.004216166445691112,0.1995520082392534,0.20376817468494451,0.008979028973262138,-0.013195195418953254,0.8004479917607465,0.0,10.368389826345213,0.0020230787419217577,5.957085404144501,10.368389826345213,0.0020230787419217577,16.327498309231636
117,0.17400945572686213,-0.003988626423549718,0.18948537424513912,0.19347400066868883,0.015475918518276982,-0.0194645449418267,0.8105146257548609,0.0,9.897621111582936,0.013121893742471524,6.040686250730717,9.897621111582936,0.013121893742471524,15.951429256056125
118,0.16308078383181862,-0.003988042949405872,0.172542824200121,0.17653086714952687,0.009462040368302366,-0.01345008331770825,0.827457175799879,0.0,10.397846213367133,-0.012028804901658141,6.07089862925386,10.397846213367133,-0.012028804901658141,16.456716037719335
119,0.17407069637133687,-0.004088920900654772,0.18269063384548953,0.1867795547461443,0.008619937474152656,-0.012708858374807425,0.8173093661545104,0.0,10.094134617114081,0.004591938476163904,5.989564474875296,10.094134617114081,0.004591938476163904,16.08829103046554
120,0.16433065522293344,-0.004689435686753948,0.1745015568758613,0.17919099256261525,0.01017090165292786,-0.014860337339681812,0.8254984431241387,0.0,9.937245710249428,0.018039381787136488,6.121474963299253,9.937245710249428,0.018039381787136488,16.076760055335818
121,0.16525276832462202,-0.004663444253573788,0.17416438867691186,0.17882783293048565,0.008911620352289845,-0.013575064605863635,0.8258356113230881,0.0,9.987138439901047,-0.010586196486221944,6.092523627419841,9.987138439901047,-0.010586196486221944,16.069075870834666
122,0.18257136993199438,-0.0033635267209871826,0.1967556887011174,0.2001192154221046,0.014184318769123017,-0.01754784549011021,0.8032443112988826,0.0,10.21051535369053,-0.014655477249153392,6.050973287318177,10.21051535369053,-0.014655477249153392,16.246833163759554
123,0.19694280833376507,-0.004288388037763234,0.205149112310429,0.20943750034819225,0.008206303976663942,-0.012494692014427183,0.794850887689571,0.0,9.978296284191746,-0.0033464876872271176,6.047738344437522,9.978296284191746,-0.0033464876872271176,16.02268814094204
124,0.1592850666177137,-0.004151365454366038,0.1718099194065106,0.17596128486087664,0.01252485278879692,-0.016676218243162955,0.8281900805934894,0.0,9.89788025926812,0.010522534819607188,6.183026205656191,9.89788025926812,0.010522534819607188,16.09142899974392
125,0.16821574944319967,-0.004476696264383931,0.17561624298459005,0.180092939248974,0.007400493541390385,-0.011877189805774319,0.82438375701541,0.0,9.704943833620554,0.007002142831351144,6.120478326887567,9.704943833620554,0.007002142831351144,15.832424303339472
126,0.1741304595834982,-0.004525579628144844,0.18461190907934044,0.18913748870748529,0.010481449495842232,-0.015007029123987076,0.8153880909206596,0.0,10.212903704302079,0.0005027858575443744,6.010698434398031,10.212903704302079,0.0005027858575443744,16.224104924557654
127,0.17614813993075162,-0.0050157410523672865,0.1885380022702993,0.1935537433226666,0.01238986233954767,-0.017405603391914964,0.8114619977297007,0.0,10.498903900448042,-0.02768139843826134,6.046341152801318,10.498903900448042,-0.02768139843826134,16.5175636548111
128,0.17957090930782732,-0.004003675411846304,0.1921143091189587,0.19611798453080498,0.012543399811131367,-0.01654707522297766,0.8078856908810413,0.0,9.958180475410884,0.011680560339629942,6.125113654831492,9.958180475410884,0.011680560339629942,16.094974690582006
129,0.16345691709991975,-0.0039159796281551884,0.17106624843427776,0.17498222806243294,0.0076093313343580105,-0.011525310962513191,0.8289337515657222,0.0,10.283625662971653,-0.021486739894015727,6.035488619949151,10.283625662971653,-0.021486739894015727,16.29762754302679
130,0.19690096181141586,-0.003778262748700687,0.21210697419883057,0.21588523694753126,0.015206012387414702,-0.01898427513611539,0.7878930258011694,0.0,10.30288520571039,-0.017766380166426288,6.066629629287913,10.30288520571039,-0.017766380166426288,16.351748454831878
131,0.16233864915474885,-0.004273278277717759,0.176913848375071,0.18118712665278874,0.014575199220322133,-0.01884847749803989,0.823086151624929,0.0,9.80703716750299,0.005111331620660131,6.172268236878568,9.80703716750299,0.005111331620660131,15.984416736002219
132,0.16153290910783363,-0.004462202063932272,0.17349494676757604,0.17795714883150832,0.011962037659742408,-0.016424239723674683,0.826505053232424,0.0,10.133448140253035,-0.02240229987647524,6.14114970907597,10.133448140253035,-0.02240229987647524,16.25219554945253
133,0.1533366942898908,-0.004173770456538774,0.16581578641050226,0.16998955686704104,0.012479092120611462,-0.016652862577150235,0.8341842135894977,0.0,10.149698881457415,0.031192571074571518,6.060513174839484,10.149698881457415,0.031192571074571518,16.24140462737147
134,0.17748048354216336,-0.004334001448697677,0.19302342398934455,0.19735742543804222,0.015542940447181186,-0.019876941895878852,0.8069765760106554,0.0,10.26090365137556,0.025952639234784858,6.128501324600499,10.26090365137556,0.025952639234784858,16.415357615210844
135,0.15458392824391792,-0.002651225466739981,0.17500074486374728,0.17765197033048727,0.02041681661982936,-0.023068042086569346,0.8249992551362527,0.0,9.82470025621981,-0.017959628215722834,6.210892218162888,9.82470025621981,-0.017959628215722834,16.017632846166975
136,0.1840492985153776,-0.004423089839277907,0.19323482416622412,0.19765791400550203,0.009185525650846516,-0.013608615490124432,0.8067651758337759,0.0,10.443374482179193,-0.01113876608917641,6.034891562932813,10.443374482179193,-0.01113876608917641,16.46712727902283
137,0.17927762414535353,-0.003963104414534703,0.18629582963961136,0.19025893405414607,0.007018205494257829,-0.010981309908792536,0.8137041703603887,0.0,10.294357066044675,0.0018665258982335509,6.043015091384515,10.294357066044675,0.0018665258982335509,16.339238683327423
138,0.13643060075034016,-0.004435512462691397,0.14411789352445142,0.1485534059871428,0.0076872927741112596,-0.012122805236802647,0.8558821064755486,0.0,9.86036432105491,0.004193563889785423,6.040905426534657,9.86036432105491,0.004193563889785423,15.905463311479352
139,0.18220694163802115,-0.0042455506742123,0.19215944815373615,0.19640499882794846,0.009952506515714998,-0.01419805718992731,0.8078405518462639,0.0,9.881757448406539,-0.023734843064555644,6.054023343253048,9.881757448406539,-0.023734843064555644,15.912045948595031
140,0.1801858206045781,-0.004053309673794272,0.19005575124555177,0.19410906091934604,0.009869930640973662,-0.013923240314767937,0.8099442487544483,0.0,10.147293894316245,-0.01869819648352955,6.009636170684252,10.147293894316245,-0.01869819648352955,16.138231868516968
141,0.1642097930395032,-0.005395529163318088,0.17105849482117605,0.17645402398449414,0.00684870178167285,-0.012244230944990941,0.8289415051788239,0.0,9.928373025691624,-0.024322664321453136,6.097771742686817,9.928373025691624,-0.024322664321453136,16.001822104056988
142,0.1725732357558108,-0.00409175453265994,0.18191033669312315,0.1860020912257831,0.009337100937312354,-0.0134288554699723,0.8180896633068768,0.0,10.393010011784389,0.007853780761963414,6.000908042983611,10.393010011784389,0.007853780761963414,16.401771835529964
143,0.1764646442776004,-0.004613558934241405,0.19038144454195688,0.19499500347619828,0.013916800264356488,-0.018530359198597884,0.8096185554580431,0.0,10.185712939592696,-0.014846938209282179,6.1199164254441945,10.185712939592696,-0.014846938209282179,16.290782426827608
144,0.18242645774133204,-0.0040295668393336495,0.1915138925528895,0.19554345939222315,0.009087434811557465,-0.013117001650891108,0.8084861074471105,0.0,10.232388276284768,0.01234946203745979,6.051361304644237,10.232388276284768,0.01234946203745979,16.296099042966464
145,0.16522071904366803,-0.004714186205949955,0.18116907629132128,0.18588326249727125,0.015948357247653255,-0.020662543453603216,0.8188309237086787,0.0,10.023277699535523,-0.004550707108887497,6.12218416999341,10.023277699535523,-0.004550707108887497,16.140911162420046
146,0.1798954474258893,-0.004632382375525191,0.1927027522795751,0.19733513465510027,0.01280730485368578,-0.017439687229210965,0.8072972477204249,0.0,10.397544716066843,-0.005320193844718268,6.077652403752869,10.397544716066843,-0.005320193844718268,16.469876925974994
147,0.1851438477153972,-0.004617168932565509,0.19416088874746235,0.19877805768002785,0.00901704103206516,-0.013634209964630661,0.8058391112525376,0.0,9.983331806091806,0.03158703611045732,6.04474509323758,9.983331806091806,0.03158703611045732,16.059663935439843
148,0.19115003191674562,-0.004148666265036475,0.20131314144035045,0.20546180770538694,0.01016310952360483,-0.014311775788641318,0.7986868585596496,0.0,10.374498962273423,-0.0003312973058089419,6.10262089934397,10.374498962273423,-0.0003312973058089419,16.476788564311583
149,0.15314697203284386,-0.004141063421780707,0.16497371121634083,0.16911477463812152,0.01182673918349697,-0.015967802605277664,0.8350262887836591,0.0,10.155052308670328,0.022948629367036677,6.136693842633342,10.155052308670328,0.022948629367036677,16.314694780670706
150,0.13834193574086656,-0.004516760863474618,0.14751567467731289,0.1520324355407875,0.009173738936446324,-0.01369049979992093,0.8524843253226871,0.0,9.793215831773116,-0.016342276468992445,6.0678279343931605,9.793215831773116,-0.016342276468992445,15.844701489697284
151,0.17840390744782642,-0.0036720403809019212,0.18586127719268317,0.18953331757358508,0.007457369744856751,-0.01112941012575866,0.8141387228073168,0.0,10.3980803893812,0.005765747043007252,5.9647311260636755,10.3980803893812,0.005765747043007252,16.368577262487882
152,0.17846040314722839,-0.0052235352475977674,0.18650009081585292,0.1917236260634507,0.008039687668624534,-0.013263222916222311,0.813499909184147,0.0,10.094668483600103,-0.007518545995422787,6.052721256464254,10.094668483600103,-0.007518545995422787,16.139871194068935
153,0.16651033965712525,-0.005078373551694572,0.17667186222028775,0.18175023577198232,0.010161522563162495,-0.015239896114857071,0.8233281377797123,0.0,9.998207412636608,0.0026195554006855915,6.039352772207718,9.998207412636608,0.0026195554006855915,16.040179740245012
154,0.17415930818305964,-0.005228497940224885,0.18444883452604155,0.18967733246626645,0.010289526342981914,-0.01551802428320681,0.8155511654739585,0.0,10.120010911889004,0.008807999454444992,6.077619939012509,10.120010911889004,0.008807999454444992,16.20643885035596
155,0.17064189781953892,-0.0024352675211515348,0.17884468799903516,0.1812799555201867,0.008202790179496239,-0.010638057700647768,0.8211553120009648,0.0,10.404929814813297,0.019644671792883983,5.994871464342838,10.404929814813297,0.019644671792883983,16.41944595094902
156,0.16123280488516592,-0.0032346311309006063,0.17454470030824293,0.17777933143914354,0.013311895423077008,-0.01654652655397762,0.825455299691757,0.0,10.088339663106638,-0.013163082811856519,6.055364548687559,10.088339663106638,-0.013163082811856519,16.13054112898234
157,0.1820115268146384,-0.004637246844965071,0.19371707576674235,0.19835432261170743,0.011705548952103961,-0.016342795797069043,0.8062829242332576,0.0,9.85932253785897,0.025945621728308943,6.092318399732352,9.85932253785897,0.025945621728308943,15.977586559319631
158,0.16576478341328355,-0.00505650609059749,0.17541524842419656,0.18047175451479405,0.009650465010913017,-0.014706971101510508,0.8245847515758035,0.0,10.540133169640143,0.01283130284639844,6.1002465417824165,10.540133169640143,0.01283130284639844,16.653211014268958
159,0.1716627430436186,-0.005205634558066584,0.17829895790207692,0.1835045924601435,0.006636214858458334,-0.011841849416524913,0.821701042097923,0.0,10.284976961599963,0.004602621520247929,6.083472064458083,10.284976961599963,0.004602621520247929,16.373051647578293
160,0.15942697194575609,-0.004211852702282248,0.17143209190921427,0.17564394461149652,0.012005119963458183,-0.01621697266574043,0.8285679080907857,0.0,10.081587225374731,-0.03196061982137399,5.975309306505757,10.081587225374731,-0.03196061982137399,16.024935912059114
161,0.1972949594934713,-0.004556277586240662,0.20803470573308572,0.21259098331932638,0.010739746239614406,-0.01529602382585507,0.7919652942669143,0.0,10.478905326587697,-0.004086446365257679,6.219181038831519,10.478905326587697,-0.004086446365257679,16.693999919053958
162,0.17794600512707046,-0.0036132406315459104,0.1876459538265355,0.19125919445808143,0.009699948699465055,-0.013313189331010972,0.8123540461734645,0.0,10.108518898627167,0.04699735602097865,6.060404274276246,10.108518898627167,0.04699735602097865,16.215920528924393
163,0.1804395085904217,-0.004295957907671492,0.1928044798431115,0.19710043775078298,0.012364971252689788,-0.01666092916036127,0.8071955201568886,0.0,10.07728938499983,-0.0014446993007801723,6.128515935980758,10.07728938499983,-0.0014446993007801723,16.204360621679808
164,0.16343474238059974,-0.00456734241918768,0.1731945383096362,0.17776188072882387,0.009759795929036447,-0.014327138348224133,0.8268054616903638,0.0,10.210108970696087,-0.00563460284678774,5.999704642567183,10.210108970696087,-0.00563460284678774,16.204179010416482
165,0.19970284747091643,-0.0027428491999389277,0.20738890224282266,0.21013175144276158,0.007686054771906231,-0.01042890397184515,0.7926110977571773,0.0,10.411533011002696,-0.017498722458428873,6.037195964455284,10.411533011002696,-0.017498722458428873,16.43123025299955
166,0.17031351542213807,-0.005091677540161355,0.1783733058376709,0.18346498337783224,0.008059790415532814,-0.013151467955694163,0.8216266941623291,0.0,10.066181466556241,0.039085540843645905,5.925105760702108,10.066181466556241,0.039085540843645905,16.030372768101994
167,0.16485826031197526,-0.00401458474644623,0.17395357688510607,0.1779681616315523,0.009095316573130813,-0.013109901319577039,0.826046423114894,0.0,10.131702759513665,0.025190321828286066,6.083815726872904,10.131702759513665,0.025190321828286066,16.240708808214855
168,0.1574370141133384,-0.004385835980244462,0.1643059791084882,0.16869181508873268,0.006868964995149801,-0.011254800975394275,0.8356940208915118,0.0,10.187033275447654,0.007083024795007553,5.9887984651059805,10.187033275447654,0.007083024795007553,16.18291476534864
169,0.17947712073206587,-0.004165693913142312,0.19308008368911078,0.1972457776022531,0.013602962957044912,-0.01776865687018722,0.8069199163108892,0.0,10.294790274468827,0.012545688348191142,5.993848908468464,10.294790274468827,0.012545688348191142,16.301184871285482
170,0.1856537472340621,-0.004352736301746197,0.19604580424183762,0.20039854054358383,0.010392057007775513,-0.01474479330952172,0.8039541957581624,0.0,10.104482561943934,-0.012186619486941108,6.152576880619556,10.104482561943934,-0.012186619486941108,16.24487282307655
171,0.1607826733477405,-0.003281816335876933,0.17273081658676123,0.17601263292263816,0.011948143239020742,-0.015229959574897672,0.8272691834132387,0.0,10.20642513025673,0.018230389928829638,6.126180511080866,10.20642513025673,0.018230389928829638,16.350836031266425
172,0.17071584780451635,-0.004096822500292948,0.17545757587512964,0.17955439837542259,0.004741728070613294,-0.00883855057090624,0.8245424241248703,0.0,10.154639919441431,-0.0019720861063436956,6.041234979715732,10.154639919441431,-0.0019720861063436956,16.19390281305082
173,0.1836284007336836,-0.003995615970727738,0.20022315519788436,0.2042187711686121,0.01659475446420075,-0.02059037043492848,0.7997768448021156,0.0,10.296961462473172,-0.01968878445099609,6.096951403706806,10.296961462473172,-0.01968878445099609,16.374224081728983
174,0.16536755966094274,-0.0049112437302486645,0.17489011880960706,0.17980136253985574,0.009522559148664317,-0.014433802878912994,0.825109881190393,0.0,10.080845012653723,0.0037228181799764393,6.044297241546159,10.080845012653723,0.0037228181799764393,16.12886507237986
175,0.1631300127688369,-0.004454080457283547,0.1695039897364881,0.17395807019377163,0.006373976967651185,-0.010828057424934728,0.8304960102635119,0.0,10.654808416694173,-0.010485632593546512,6.032185352642767,10.654808416694173,-0.010485632593546512,16.676508136743394
176,0.16097606225046057,-0.004099031655906183,0.1677457300426817,0.1718447616985879,0.006769667792221129,-0.010868699448127322,0.8322542699573183,0.0,9.83521238121886,0.006452911997870903,5.975979971241976,9.83521238121886,0.006452911997870903,15.817645264458706
177,0.1669733297835643,-0.0033208957024263496,0.17394850905850862,0.17726940476093497,0.006975179274944315,-0.010296074977370673,0.8260514909414913,0.0,10.334947567107871,-0.00579282908752754,6.0797263492189675,10.334947567107871,-0.00579282908752754,16.408881087239312
178,0.1801320967457271,-0.004057924727433486,0.19494456160146215,0.19900248632889564,0.014812464855735036,-0.01887038958316853,0.8050554383985379,0.0,10.313039416627955,0.03651110450715844,5.939927116404545,10.313039416627955,0.03651110450715844,16.289477637539658
179,0.19155050553389735,-0.004652115701134345,0.20296654011614287,0.20761865581727723,0.011416034582245521,-0.01606815028337988,0.7970334598838571,0.0,10.266386566267666,0.012154044077499648,6.085739441666343,10.266386566267666,0.012154044077499648,16.36428005201151
180,0.20026374743099956,-0.003931518990286824,0.21058225522957538,0.2145137742198622,0.010318507798575821,-0.01425002678886264,0.7894177447704246,0.0,10.155612553591908,0.0060393203902493475,6.043528225720204,10.155612553591908,0.0060393203902493475,16.20518009970236
181,0.1700371185743258,-0.00455414464297287,0.18183167054997834,0.18638581519295122,0.011794551975652545,-0.016348696618625425,0.8181683294500217,0.0,9.927699527393932,-0.018131323633816976,6.0798562760371055,9.927699527393932,-0.018131323633816976,15.98942447979722
182,0.1793283877609985,-0.003063730578929517,0.18859115081115502,0.19165488139008455,0.009262763050156525,-0.012326493629086055,0.8114088491888449,0.0,10.47703526574298,0.031151686843225335,6.00630311199574,10.47703526574298,0.031151686843225335,16.514490064581945
183,0.16530171008472838,-0.004881987599278922,0.17361182022279456,0.17849380782207347,0.008310110138066179,-0.013192097737345088,0.8263881797772055,0.0,10.547862991673108,0.03236386699453986,5.987441590986206,10.547862991673108,0.03236386699453986,16.567668449653855
184,0.1790398806258023,-0.005294660807851723,0.18861739053565618,0.19391205134350792,0.00957750990985387,-0.01487217071770558,0.8113826094643438,0.0,10.086281313603408,-0.014468792188287782,6.106549232625559,10.086281313603408,-0.014468792188287782,16.17836175404068
185,0.15866001904531787,-0.0035510508746998287,0.1741700014277431,0.17772105230244295,0.015509982382425236,-0.019061033257125076,0.8258299985722569,0.0,10.245493625015442,0.012337832482123279,6.0769085935178975,10.245493625015442,0.012337832482123279,16.334740051015462
186,0.17312060069460156,-0.00314022585414067,0.1797438268330852,0.18288405268722588,0.006623226138483651,-0.009763451992624322,0.8202561731669148,0.0,10.218759759930013,0.024348959509553847,6.067180496138198,10.218759759930013,0.024348959509553847,16.310289215577765
187,0.14841357010517328,-0.003541727397572534,0.161313416887892,0.16485514428546452,0.012899846782718716,-0.01644157418029124,0.838686583112108,0.0,10.097135344909606,-0.006285695958586857,6.071458648712172,10.097135344909606,-0.006285695958586857,16.16230829766319
188,0.17102039666645422,-0.0045171004202228925,0.18196302361952663,0.1864801240397495,0.01094262695307241,-0.01545972737329529,0.8180369763804733,0.0,10.353508265424015,-0.012155326542833578,6.129945764343185,10.353508265424015,-0.012155326542833578,16.471298703224367
189,0.17120316912442143,-0.0035902671036053273,0.18117155284514247,0.1847618199487478,0.009968383720721036,-0.013558650824326363,0.8188284471548575,0.0,10.000801278611386,-0.016550473883171435,5.932333794013626,10.000801278611386,-0.016550473883171435,15.91658459874184
190,0.17047064506189483,-0.003916328122607311,0.1786076661631244,0.1825239942857317,0.008137021101229575,-0.012053349223836884,0.8213923338368756,0.0,10.078825804162477,-0.0004489879235403116,6.085177749656978,10.078825804162477,-0.0004489879235403116,16.163554565895915
191,0.17768681795451824,-0.0028811104756210773,0.19268343054974887,0.19556454102536996,0.014996612595230635,-0.017877723070851725,0.8073165694502511,0.0,10.300110111468163,-0.012008161024954944,6.104844934985708,10.300110111468163,-0.012008161024954944,16.392946885428916
192,0.1974661571771539,-0.0041650682003618366,0.20691407744325646,0.2110791456436183,0.009447920266102555,-0.013612988466464387,0.7930859225567435,0.0,10.205140436099395,-0.02272732833400326,6.12685967467085,10.205140436099395,-0.02272732833400326,16.309272782436242
193,0.1798922855624175,-0.003740744948144372,0.1911189766631093,0.19485972161125367,0.011226691100691827,-0.014967436048836186,0.8088810233368907,0.0,10.458371655723438,0.005317968512164484,6.059743470145552,10.458371655723438,0.005317968512164484,16.523433094381154
194,0.17301398332066514,-0.0036375314126304292,0.1826602677694387,0.18629779918206912,0.009646284448773551,-0.01328381586140398,0.8173397322305613,0.0,9.961639924365379,0.006055044752583338,5.967106184243168,9.961639924365379,0.006055044752583338,15.93480115336113
195,0.18499598030791845,-0.0044580610948400925,0.19781708759244326,0.20227514868728336,0.012821107284524819,-0.017279168379364912,0.8021829124075568,0.0,10.109219609723183,0.02129436780444216,6.064398085188012,10.109219609723183,0.02129436780444216,16.194912062715638
196,0.1724530624935689,-0.0043779320817073685,0.18555442706237596,0.18993235914408332,0.013101364568807061,-0.017479296650514425,0.8144455729376241,0.0,9.859645209307246,-0.010735770760502028,6.17874740654936,9.859645209307246,-0.010735770760502028,16.027656845096104
197,0.15681829095935332,-0.004696053291680839,0.17006378586730517,0.17475983915898602,0.01324549490795185,-0.0179415481996327,0.8299362141326948,0.0,10.040278119111658,-0.028218254369529294,6.034408342679848,10.040278119111658,-0.028218254369529294,16.046468207421977
198,0.16964572763821162,-0.004146911473821966,0.18503802003428882,0.18918493150811078,0.0153922923960772,-0.019539203869899158,0.8149619799657112,0.0,10.108738617707953,-0.017604744288703955,6.044661421045145,10.108738617707953,-0.017604744288703955,16.135795294464394
199,0.17888884246307882,-0.00422569273111887,0.19270568745680478,0.19693138018792364,0.013816844993725957,-0.01804253772484482,0.8072943125431953,0.0,10.42229838023399,0.007076755493495845,6.127767441222304,10.42229838023399,0.007076755493495845,16.55714257694979
200,0.1831571879587227,-0.003526686949615471,0.19053586518841578,0.19406255213803125,0.00737867722969307,-0.010905364179308541,0.8094641348115842,0.0,10.226464604596538,-0.02494128456295952,6.133071153157767,10.226464604596538,-0.02494128456295952,16.334594473191345
201,0.158749062618069,-0.0034694665470522295,0.1702764650404841,0.17374593158753635,0.011527402422415095,-0.014996868969467336,0.8297235349595159,0.0,9.875445573391882,0.02261901187853832,6.076877895115535,9.875445573391882,0.02261901187853832,15.974942480385955
202,0.18556104840342225,-0.0042024937923505,0.19747442937943818,0.20167692317178867,0.011913380976015936,-0.01611587476836643,0.8025255706205618,0.0,10.338990219951043,-0.025654631933353933,5.958815510069241,10.338990219951043,-0.025654631933353933,16.27215109808693
203,0.16604120889697827,-0.004478788567400539,0.178710944110937,0.18318973267833752,0.012669735213958727,-0.017148523781359254,0.821289055889063,0.0,10.373285878563072,0.005972294602825112,6.031259463061602,10.373285878563072,0.005972294602825112,16.4105176362275
204,0.19085517558661808,-0.002874123922329997,0.19985189007257126,0.20272601399490126,0.008996714485953183,-0.01187083840828318,0.8001481099274288,0.0,10.29380774744104,-0.01675458866598678,6.02347991128421,10.29380774744104,-0.01675458866598678,16.300533070059263
205,0.17628110233336555,-0.0039098182718978036,0.18603347131387177,0.18994328958576956,0.009752368980506215,-0.013662187252404007,0.8139665286861282,0.0,10.012880173349807,-0.0014036671907011744,6.202604457304236,10.012880173349807,-0.0014036671907011744,16.214080963463342
206,0.1694137412862891,-0.00439675368150328,0.18554172376371514,0.1899384774452184,0.01612798247742603,-0.020524736158929302,0.8144582762362849,0.0,10.20775614445079,0.008996170130273207,6.07265799049294,10.20775614445079,0.008996170130273207,16.289410305074004
207,0.17813770147401475,-0.00418070127612172,0.18869041655258356,0.19287111782870528,0.010552715078568808,-0.014733416354690526,0.8113095834474164,0.0,10.409864102883503,-0.0013215906468340144,6.069584750854981,10.409864102883503,-0.0013215906468340144,16.47812726309165
208,0.1794583618928244,-0.0038106453254579046,0.188903272417193,0.19271391774265093,0.009444910524368605,-0.013255555849826517,0.8110967275828069,0.0,10.165743650862128,0.015794979245932428,5.992465495308435,10.165743650862128,0.015794979245932428,16.174004125416495
209,0.17814328556848158,-0.004960060700044704,0.18853141617964556,0.19349147687969026,0.010388130611163976,-0.015348191311208681,0.8114685838203545,0.0,10.10741288406457,-0.0262149640018281,6.054333054140227,10.10741288406457,-0.0262149640018281,16.13553097420297
210,0.16926983454110275,-0.004498224341016253,0.1823116856129786,0.18680990995399488,0.01304185107187586,-0.017540075412892125,0.8176883143870214,0.0,10.026771607487786,-0.002405944543183214,6.215846474341287,10.026771607487786,-0.002405944543183214,16.24021213728589
211,0.16680693117462053,-0.004423468276950253,0.17766486070279916,0.18208832897974941,0.010857929528178628,-0.015281397805128882,0.8223351392972008,0.0,10.1451110551934,-0.012041506054491169,6.109509070371448,10.1451110551934,-0.012041506054491169,16.242578619510358
212,0.16739405681389133,-0.004643037946867486,0.18028502077385608,0.18492805872072357,0.012890963959964752,-0.01753400190683224,0.8197149792261439,0.0,10.268214821060951,0.011486527023613746,5.9486690174554155,10.268214821060951,0.011486527023613746,16.22837036553998
213,0.2051788092520222,-0.0036397237062401316,0.22149713761406564,0.22513686132030578,0.016318328362043444,-0.019958052068283577,0.7785028623859344,0.0,10.402446816064327,-0.0017514333403476634,6.101381743258466,10.402446816064327,-0.0017514333403476634,16.502077125982446
214,0.156264486090281,-0.005376709059411738,0.1639844551915925,0.16936116425100423,0.00771996910131148,-0.013096678160723213,0.8360155448084075,0.0,10.435213751393984,-0.009588347825875143,6.057930108062589,10.435213751393984,-0.009588347825875143,16.483555511630698
215,0.1574425249260207,-0.002433904145109036,0.169237445994517,0.17167135013962603,0.011794921068496306,-0.014228825213605328,0.830762554005483,0.0,9.807792293095504,-0.001609160124045328,6.075422414366823,9.807792293095504,-0.001609160124045328,15.881605547338282
216,0.1617155065271611,-0.005210460001853834,0.1685890861205666,0.17379954612242043,0.00687357959340551,-0.012084039595259333,0.8314109138794334,0.0,9.89894436126228,-0.003743523246733993,6.108402339651481,9.89894436126228,-0.003743523246733993,16.003603177667028
217,0.18916855024304446,-0.004518007970809072,0.1954712977245931,0.19998930569540216,0.006302747481548632,-0.010820755452357694,0.8045287022754068,0.0,10.391226585271227,-0.008976511568581813,6.03630484293304,10.391226585271227,-0.008976511568581813,16.418554916635685
218,0.15823501437456786,-0.004605838073827759,0.16675888526904883,0.17136472334287658,0.008523870894480978,-0.013129708968308729,0.8332411147309512,0.0,10.132795829885618,0.021011591767352122,6.150914700685228,10.132795829885618,0.021011591767352122,16.304722122338198
219,0.17657506582470886,-0.003699762806494244,0.18782765633227783,0.19152741913877208,0.011252590507568966,-0.014952353314063221,0.8121723436677222,0.0,10.104081733011466,0.015320452339052881,6.0267794674576844,10.104081733011466,0.015320452339052881,16.146181652808203
220,0.17328299674245123,-0.003994351017843958,0.18490773072054417,0.18890208173838813,0.011624733978092938,-0.015619084995936894,0.8150922692794558,0.0,10.275731959213301,-0.02473762407297686,6.049023481249618,10.275731959213301,-0.02473762407297686,16.300017816389943
221,0.17421890108493357,-0.0031270244427487326,0.18488308590825703,0.18801011035100576,0.010664184823323458,-0.01379120926607219,0.8151169140917429,0.0,10.34974380450396,0.007278527611658259,6.198476833783129,10.34974380450396,0.007278527611658259,16.55549916589875
222,0.17343186315608428,-0.004794777459720729,0.18294977891029543,0.18774455637001616,0.009517915754211154,-0.014312693213931887,0.8170502210897046,0.0,10.388074315176574,0.0017840710913543667,6.034249933117625,10.388074315176574,0.0017840710913543667,16.424108319385553
223,0.15184384484618696,-0.0037239300818785784,0.16183141228749895,0.16555534236937752,0.00998756744131199,-0.013711497523190563,0.838168587712501,0.0,10.080773426184921,-0.013193398064116124,6.1118567528842895,10.080773426184921,-0.013193398064116124,16.179436781005094
224,0.18430086293228,-0.003845350833243277,0.19390858015753362,0.1977539309907769,0.00960771722525361,-0.013453068058496886,0.8060914198424664,0.0,10.120023171640758,0.020478788687424476,6.163815669675132,10.120023171640758,0.020478788687424476,16.304317630003315
225,0.18287785977140064,-0.0036229733099063686,0.19280095585230064,0.19642392916220702,0.009923096080900001,-0.013546069390806381,0.8071990441476994,0.0,9.962073616359985,-0.014995122406307182,6.006448421325193,9.962073616359985,-0.014995122406307182,15.953526915278871
226,0.19509461935906958,-0.003551581581460072,0.20646321013043403,0.2100147917118941,0.011368590771364456,-0.014920172352824529,0.793536789869566,0.0,10.801968350581761,0.024203262492359823,6.140923909316223,10.801968350581761,0.024203262492359823,16.967095522390345
227,0.17217334288974392,-0.004145174266758426,0.18034491053935023,0.18449008480610865,0.008171567649606304,-0.012316741916364726,0.8196550894606498,0.0,10.057569594591685,0.03469467711430552,6.056030335561269,10.057569594591685,0.03469467711430552,16.14829460726726
228,0.17291777545751422,-0.004535562348968546,0.1809516126661642,0.18548717501513273,0.008033837208649974,-0.012569399557618516,0.8190483873338358,0.0,9.800355405350441,0.011004868503007081,6.116105186165346,9.800355405350441,0.011004868503007081,15.927465460018794
229,0.179511130886387,-0.004228472977505571,0.19037454067952236,0.19460301365702792,0.010863409793135353,-0.015091882770640913,0.8096254593204777,0.0,10.277321835474272,0.009290242639711899,6.139343748948462,10.277321835474272,0.009290242639711899,16.425955827062445
230,0.16278932293442963,-0.003189624981690326,0.1730775249937521,0.1762671499754424,0.01028820205932246,-0.013477827041012774,0.8269224750062479,0.0,10.400358926278638,-0.02408690783957379,6.028898039895199,10.400358926278638,-0.02408690783957379,16.405170058334264
231,0.18664781998783928,-0.004279984397230102,0.19829335031624812,0.20257333471347821,0.011645530328408843,-0.01592551472563894,0.8017066496837519,0.0,10.257994665654316,-0.009555488333991669,6.077707502252925,10.257994665654316,-0.009555488333991669,16.32614667957325
232,0.16791826073774674,-0.003465065582457445,0.17712596615372586,0.1805910317361833,0.009207705415979123,-0.012672770998436556,0.8228740338462741,0.0,10.375076554154624,0.0005209393637999327,6.056004271815886,10.375076554154624,0.0005209393637999327,16.43160176533431
233,0.18224727562698176,-0.0040607624484631615,0.19033307285629925,0.1943938353047624,0.008085797229317487,-0.012146559677780638,0.8096669271437007,0.0,10.469156428671067,0.013027093903561493,6.064324171936226,10.469156428671067,0.013027093903561493,16.546507694510854
234,0.1635792414201518,-0.004480388462822516,0.17781073378312467,0.18229112224594718,0.014231492362972886,-0.01871188082579539,0.8221892662168753,0.0,10.06513371693397,-0.009478689791034167,5.994034831512808,10.06513371693397,-0.009478689791034167,16.049689858655743
235,0.15175252317779914,-0.004378020352666642,0.16092181479252596,0.1652998351451926,0.009169291614726821,-0.013547311967393477,0.839078185207474,0.0,9.873762163459425,-0.027138606950127375,5.996308347180567,9.873762163459425,-0.027138606950127375,15.842931903689864
236,0.1561057324994374,-0.0049057569311791935,0.16514965671137205,0.17005541364255125,0.009043924211934645,-0.013949681143113846,0.834850343288628,0.0,9.982562596490322,0.022759795828164897,6.027913007501905,9.982562596490322,0.022759795828164897,16.03323539982039
237,0.18014059939141716,-0.003023854719983106,0.1931541373001807,0.19617799202016378,0.013013537908763528,-0.016037392628746622,0.8068458626998193,0.0,10.388569592383304,-0.01502469692210795,6.092461576336435,10.388569592383304,-0.01502469692210795,16.46600647179763
238,0.16513989668545087,-0.0052441787914189394,0.17178552025285934,0.1770296990442783,0.006645623567408471,-0.011889802358827417,0.8282144797471407,0.0,9.90023353310406,-0.01719396659573924,5.9127268132754125,9.90023353310406,-0.01719396659573924,15.795766379783734
239,0.16802967890116896,-0.004907681035451561,0.1815829581436032,0.18649063917905476,0.01355327924243424,-0.018460960277885796,0.8184170418563967,0.0,10.043867475494167,0.020226370362739665,6.147607222376521,10.043867475494167,0.020226370362739665,16.211701068233427
240,0.16872913466847775,-0.0037313311454928717,0.1789231785914446,0.18265450973693748,0.010194043922966856,-0.013925375068459728,0.8210768214085554,0.0,10.153377793228508,-0.011353210897233179,6.037794534842696,10.153377793228508,-0.011353210897233179,16.17981911717397
241,0.15532088148342418,-0.004926852555325534,0.17297590333809368,0.17790275589341922,0.017655021854669495,-0.02258187440999504,0.8270240966619063,0.0,9.745659475602261,0.017862028847244638,6.120337498894105,9.745659475602261,0.017862028847244638,15.883859003343611
242,0.1794806382697545,-0.005061109580333059,0.1913568213687047,0.19641793094903776,0.011876183098950194,-0.01693729267928326,0.8086431786312953,0.0,9.991142393665424,-0.0313108421478403,6.154620075290351,9.991142393665424,-0.0313108421478403,16.114451626807934
243,0.1693264479930247,-0.004621249576743966,0.17680110887721964,0.1814223584539636,0.007474660884194934,-0.012095910460938913,0.8231988911227803,0.0,10.034876272838254,0.0011362060844053445,5.942236968357996,10.034876272838254,0.0011362060844053445,15.978249447280655
244,0.17312957214299335,-0.0030079291172417796,0.18665780507476312,0.18966573419200491,0.013528232931769774,-0.016536162049011566,0.8133421949252368,0.0,10.304939054340393,0.012747170446155032,6.061661226757807,10.304939054340393,0.012747170446155032,16.379347451544355
245,0.17540064147395884,-0.00443630536421128,0.18520811757930555,0.18964442294351683,0.009807476105346713,-0.014243781469557987,0.8147918824206944,0.0,10.568736649936355,0.017631151962834934,5.960789908326635,10.568736649936355,0.017631151962834934,16.547157710225825
246,0.1777526409177052,-0.005074357452362999,0.18494235431433922,0.19001671176670223,0.007189713396634018,-0.012264070848997027,0.8150576456856607,0.0,10.180338580099853,-0.020748709291768197,6.138092999432059,10.180338580099853,-0.020748709291768197,16.297682870240145
247,0.17130151203646538,-0.003961680377615523,0.18332945515574806,0.18729113553336357,0.01202794311928268,-0.015989623496898198,0.8166705448442519,0.0,10.268472613656312,0.006902711691983754,6.222027498037718,10.268472613656312,0.006902711691983754,16.497402823386015
248,0.17265287791522302,-0.004199477949511728,0.182298639494517,0.18649811744402872,0.009645761579293977,-0.013845239528805703,0.817701360505483,0.0,10.003387396803332,-0.0021743530282338774,6.042477943564075,10.003387396803332,-0.0021743530282338774,16.043690987339172
249,0.15289675627547208,-0.0047052608384762365,0.16300850655344207,0.16771376739191832,0.010111750277969983,-0.014817011116446233,0.8369914934465579,0.0,9.956348013581975,-0.00033163269766589565,6.03087190928105,9.956348013581975,-0.00033163269766589565,15.986888290165359
250,0.17392264567041138,-0.00452537675968573,0.18712486249444207,0.1916502392541278,0.013202216824030694,-0.017727593583716422,0.812875137505558,0.0,9.842288886385072,-0.0010965233155610932,6.142409519065365,9.842288886385072,-0.0010965233155610932,15.983601882134876
251,0.17243495743869247,-0.004010448227297718,0.1889578052895847,0.1929682535168824,0.016522847850892225,-0.020533296078189933,0.8110421947104153,0.0,10.054964186722703,0.001241633522569785,6.149881088758972,10.054964186722703,0.001241633522569785,16.206086909004245
252,0.18182339485008048,-0.004416763142124343,0.19282375155660123,0.19724051469872556,0.011000356706520747,-0.015417119848645078,0.8071762484433987,0.0,10.351546222708635,-0.01844433123465139,6.065070922937572,10.351546222708635,-0.01844433123465139,16.398172814411556
253,0.16830504606443414,-0.004347503262499093,0.18059748924441535,0.18494499250691443,0.01229244317998121,-0.01663994644248029,0.8194025107555847,0.0,10.190957894941091,0.03671246512086279,6.113366869989072,10.190957894941091,0.03671246512086279,16.341037230051025
254,0.16986957069995948,-0.004043047790621597,0.17738702905593734,0.18143007684655893,0.007517458355977863,-0.011560506146599453,0.8226129709440626,0.0,9.9613848512113,-0.009915802925501538,6.06369750356043,9.9613848512113,-0.009915802925501538,16.015166551846228
255,0.17716429017712126,-0.004749856146064112,0.18725547262039882,0.19200532876646292,0.010091182443277558,-0.01484103858934166,0.8127445273796012,0.0,10.09108340054139,0.0040893112074602556,6.130782683916928,10.09108340054139,0.0040893112074602556,16.22595539566578
256,0.16123760442591373,-0.00482957193141505,0.16975053913074972,0.17458011106216478,0.008512934704835995,-0.013342506636251056,0.8302494608692503,0.0,10.366245290135629,-0.0073167914738530015,6.075491942840074,10.366245290135629,-0.0073167914738530015,16.43442044150185
257,0.160961454071591,-0.0038948204326295873,0.17336151089022114,0.17725633132285074,0.012400056818630156,-0.01629487725125975,0.8266384891097789,0.0,9.933879681300983,-0.008347613574337664,5.974111218278455,9.933879681300983,-0.008347613574337664,15.8996432860051
258,0.1797761139515886,-0.0053017074889698396,0.18862235505446578,0.19392406254343564,0.008846241102877184,-0.014147948591847037,0.8113776449455342,0.0,9.988535307178273,0.015183363847601328,6.003938331954734,9.988535307178273,0.015183363847601328,16.007657002980608
259,0.17873929221223572,-0.002861910870138724,0.185235263942885,0.18809717481302374,0.00649597173064928,-0.009357882600788014,0.814764736057115,0.0,10.094378623045667,0.033576854364593345,6.125003062607735,10.094378623045667,0.033576854364593345,16.252958540017996
260,0.1737282876557728,-0.004065572424392489,0.18316166302824116,0.18722723545263364,0.009433375372468356,-0.013498947796860838,0.8168383369717589,0.0,10.286286091182893,0.01906802474783209,6.069428070908477,10.286286091182893,0.01906802474783209,16.3747821868392
261,0.16616639264848157,-0.004505286829124036,0.17899981685332933,0.18350510368245337,0.01283342420484776,-0.017338711033971804,0.8210001831466707,0.0,9.678910747669345,0.01573980168518352,6.0929928420916735,9.678910747669345,0.01573980168518352,15.787643391446203
262,0.18771230249049012,-0.003772486986560478,0.19594703392758794,0.19971952091414844,0.008234731437097825,-0.012007218423658317,0.8040529660724121,0.0,9.902931013946207,-0.0019144491431015709,6.059767122975715,9.902931013946207,-0.0019144491431015709,15.96078368777882
263,0.17398523665168134,-0.004790111381519046,0.17996065988717375,0.1847507712686928,0.005975423235492411,-0.010765534617011463,0.8200393401128263,0.0,10.3849511671702,-0.02527251204433334,6.071390976395696,10.3849511671702,-0.02527251204433334,16.431069631521563
264,0.1764598507019045,-0.003954638822869712,0.18743051226040205,0.19138515108327175,0.010970661558497546,-0.014925300381367246,0.8125694877395979,0.0,10.065977117101637,-0.007476615862385572,6.12324705109058,10.065977117101637,-0.007476615862385572,16.18174755232983
265,0.1922066047892749,-0.005030928350765791,0.20377328053993465,0.20880420889070045,0.011566675750659755,-0.01659760410142555,0.7962267194600654,0.0,10.312247532801972,-0.03447038163186056,6.063631468003647,10.312247532801972,-0.03447038163186056,16.34140861917376
266,0.15803435772839156,-0.0037878597631952676,0.166206173257105,0.16999403302030025,0.008171815528713433,-0.011959675291908695,0.833793826742895,0.0,10.328702619967299,-0.017175899021810714,6.049869390821608,10.328702619967299,-0.017175899021810714,16.361396111767096
267,0.1829071007841184,-0.0035531436997655865,0.18854103265442915,0.19209417635419473,0.005633931870310749,-0.009187075570076336,0.8114589673455709,0.0,10.694652265362649,0.01449220385961203,5.994629317290544,10.694652265362649,0.01449220385961203,16.703773786512805
268,0.17038953205101084,-0.004898141751436814,0.18059360674325664,0.18549174849469346,0.010204074692245796,-0.01510221644368262,0.8194063932567434,0.0,10.294534737278784,-0.010252375891830479,6.061612436277777,10.294534737278784,-0.010252375891830479,16.34589479766473
269,0.1809625610902021,-0.005150929164167933,0.19388975766362243,0.19904068682779036,0.012927196573420341,-0.01807812573758827,0.8061102423363775,0.0,10.308362465874364,-0.015497900457359215,6.143238664678965,10.308362465874364,-0.015497900457359215,16.43610323009597
270,0.19641775053288135,-0.004343095230152272,0.20785455875870892,0.2121976539888612,0.011436808225827572,-0.01577990345597985,0.792145441241291,0.0,10.296817114402465,-0.00031379880620807654,6.100770678333785,10.296817114402465,-0.00031379880620807654,16.397273993930042
271,0.16952017487422766,-0.003703126772954177,0.18410252258285173,0.1878056493558059,0.014582347708624072,-0.018285474481578246,0.8158974774171482,0.0,10.180966179490849,-0.012525116749303677,6.198358332518419,10.180966179490849,-0.012525116749303677,16.366799395259964
272,0.18615543811459234,-0.005321667070967642,0.19354524229566247,0.19886690936663012,0.007389804181070131,-0.012711471252037781,0.8064547577043375,0.0,10.407741088165604,-0.012355588272035867,5.977109334946372,10.407741088165604,-0.012355588272035867,16.37249483483994
273,0.1677359592573549,-0.0045298184710361586,0.17930373972880592,0.18383355819984207,0.011567780471451017,-0.016097598942487162,0.820696260271194,0.0,10.149705974238646,0.04754313105233665,5.974623099725662,10.149705974238646,0.04754313105233665,16.171872205016644
274,0.17573694318579708,-0.003988812967788263,0.182607166245829,0.18659597921361729,0.0068702230600319325,-0.010859036027820207,0.8173928337541709,0.0,10.904634122129444,-0.01886316824470402,6.071916106427595,10.904634122129444,-0.01886316824470402,16.957687060312335
275,0.16356376917708731,-0.004806749341454103,0.17242148196985227,0.17722823131130638,0.008857712792764955,-0.013664462134219069,0.8275785180301477,0.0,9.9552724052478,0.012280552248982612,6.1129651625581705,9.9552724052478,0.012280552248982612,16.080518120054954
276,0.17527319376931152,-0.0046826851371424795,0.18722829714705883,0.1919109822842013,0.0119551033777473,-0.016637788514889784,0.8127717028529412,0.0,10.331475490550368,0.007298465734617121,6.080828100863815,10.331475490550368,0.007298465734617121,16.4196020571488
277,0.16497084152118502,-0.0030245754899991596,0.17722768674023912,0.18025226223023827,0.012256845219054097,-0.01528142070905325,0.8227723132597609,0.0,10.211628166479851,0.01813807243931631,6.006142379800328,10.211628166479851,0.01813807243931631,16.235908618719495
278,0.17663383134908564,-0.0037935374313591338,0.1864038239114633,0.19019736134282242,0.00976999256237765,-0.013563529993736778,0.8135961760885367,0.0,10.148835988299876,-0.0003416586477733574,6.029320222338967,10.148835988299876,-0.0003416586477733574,16.17781455199107
279,0.18174515386415072,-0.0050972587243655965,0.18858199652363883,0.19367925524800442,0.006836842659488113,-0.011934101383853701,0.8114180034763612,0.0,10.292064841622796,-0.018092148048953316,6.0369245987024485,10.292064841622796,-0.018092148048953316,16.31089729227629
280,0.19710008821796987,-0.0042585077648658225,0.21104997205903203,0.21530847982389786,0.01394988384106216,-0.018208391605927993,0.788950027940968,0.0,10.083580155967702,0.005661632320996368,6.142242929856772,10.083580155967702,0.005661632320996368,16.23148471814547
281,0.1753651059219561,-0.0046230507109262615,0.18292517843844236,0.1875482291493686,0.007560072516486271,-0.012183123227412523,0.8170748215615576,0.0,10.382891814311662,0.00042845947198788537,6.049566823102249,10.382891814311662,0.00042845947198788537,16.4328870968859
282,0.1894865614650111,-0.003739685792302081,0.1957461500498826,0.19948583584218468,0.006259588584871495,-0.009999274377173573,0.8042538499501174,0.0,10.290019560071112,0.005526514391301696,6.051679563547329,10.290019560071112,0.005526514391301696,16.347225638009743
283,0.1772535892369295,-0.004529122684081701,0.18529533092284378,0.1898244536069255,0.008041741685914289,-0.012570864369995993,0.8147046690771562,0.0,10.020215050152366,0.022603115394944417,6.06139120840234,10.020215050152366,0.022603115394944417,16.10420937394965
284,0.16224019825113659,-0.0032854499961082625,0.17784941406481516,0.18113486406092344,0.015609215813678579,-0.018894665809786854,0.8221505859351849,0.0,9.676182163899695,0.013013576076907452,6.113076689419801,9.676182163899695,0.013013576076907452,15.802272429396403
285,0.15927822186643417,-0.0049813445415030164,0.17063601075318072,0.17561735529468372,0.011357788886746545,-0.016339133428249553,0.8293639892468193,0.0,10.30853789971086,-0.047135381690276645,6.075753565187744,10.30853789971086,-0.047135381690276645,16.337156083208328
286,0.16126015719805784,-0.0036398434542411658,0.17350459758467165,0.17714444103891283,0.01224444038661382,-0.015884283840854996,0.8264954024153284,0.0,10.121754340746604,-0.008885976023742082,6.043737973864224,10.121754340746604,-0.008885976023742082,16.156606338587086
287,0.17461822307159588,-0.004351556656534012,0.1865431820111196,0.1908947386676536,0.011924958939523722,-0.016276515596057722,0.8134568179888804,0.0,10.198370232764667,-0.016538691544114137,6.013256236420145,10.198370232764667,-0.016538691544114137,16.195087777640698
288,0.1700198790719708,-0.00482197457879993,0.17707764864799772,0.18189962322679765,0.007057769576026912,-0.011879744154826843,0.8229223513520023,0.0,10.186027420529815,0.005514067738841,6.025214176232356,10.186027420529815,0.005514067738841,16.21675566450101
289,0.18216047016141318,-0.0033708545231070203,0.19315256487760568,0.1965234194007127,0.010992094716192502,-0.01436294923929951,0.8068474351223943,0.0,10.486175774723016,0.010994060893608548,6.1876745586143045,10.486175774723016,0.010994060893608548,16.68484439423093
290,0.16580934058130606,-0.0042420277479632,0.17933391280631578,0.18357594055427898,0.013524572225009718,-0.01776659997297292,0.8206660871936842,0.0,10.33228573434826,0.010798480922764142,6.1809860643924,10.33228573434826,0.010798480922764142,16.524070279663423
291,0.17790987919099222,-0.0038039620565365564,0.19119017563747295,0.1949941376940095,0.013280296446480738,-0.017084258503017286,0.808809824362527,0.0,10.05976607623828,-0.0006877739788957449,6.131751427581797,10.05976607623828,-0.0006877739788957449,16.19082972984118
292,0.17270692117313025,-0.004148586879518928,0.18319999668171894,0.18734858356123787,0.01049307550858869,-0.014641662388107629,0.8168000033182811,0.0,10.10118513407254,-0.00043800668525584285,6.102905552534617,10.10118513407254,-0.00043800668525584285,16.203652679921902
293,0.1760137698799534,-0.0044571254704722715,0.19007776672495266,0.19453489219542494,0.01406399684499926,-0.01852112231547154,0.8099222332750473,0.0,10.269304414682072,0.012172929633824214,6.083208357398533,10.269304414682072,0.012172929633824214,16.36468570171443
294,0.18131279049213386,-0.004210421530254781,0.1904302734611799,0.1946406949914347,0.009117482969046048,-0.013327904499300824,0.8095697265388201,0.0,10.096652011292282,0.001793635760766854,6.035764240923672,10.096652011292282,0.001793635760766854,16.13420988797672
295,0.1777230848236563,-0.004226625941462691,0.1877769835076584,0.1920036094491211,0.010053898684002083,-0.01428052462546478,0.8122230164923416,0.0,10.302499984986332,-0.0015523263126433484,6.005658610694283,10.302499984986332,-0.0015523263126433484,16.306606269367972
296,0.1580629445445129,-0.00494851252144922,0.16689317735388334,0.17184168987533258,0.008830232809370453,-0.013778745330819686,0.8331068226461167,0.0,10.145889727425098,-0.0027347808483635383,6.011979436452149,10.145889727425098,-0.0027347808483635383,16.155134383028884
297,0.18110044679369008,-0.004437367425462542,0.1909866048355924,0.19542397226105496,0.009886158041902321,-0.014323525467364873,0.8090133951644076,0.0,9.876053671189,0.0030233646186106355,6.085043463793956,9.876053671189,0.0030233646186106355,15.964120499601567
298,0.1530469498789256,-0.00511381524330416,0.17162620389665503,0.17674001913995918,0.018579254017729446,-0.023693069261033595,0.8283737961033449,0.0,10.258449109359457,0.001227150853803316,6.1826472989386945,10.258449109359457,0.001227150853803316,16.442323559151955
299,0.15678767636999213,-0.003824014812282292,0.17242432395119078,0.17624833876347307,0.01563664758119865,-0.019460662393480932,0.8275756760488092,0.0,10.106234830640751,0.03194599754316618,6.1310393328571156,10.106234830640751,0.03194599754316618,16.269220161041034
300,0.16908807143104207,-0.00492159622719844,0.17663496686652935,0.18155656309372778,0.007546895435487283,-0.01246849166268571,0.8233650331334706,0.0,9.99172462188056,0.008399915627586019,6.041782455408582,9.99172462188056,0.008399915627586019,16.04190699291673
301,0.16780165574438316,-0.004669109130886857,0.17885022820375432,0.18351933733464118,0.011048572459371159,-0.01571768159025802,0.8211497717962457,0.0,10.390006044988525,0.018646255733391293,5.956056695898346,10.390006044988525,0.018646255733391293,16.364708996620262
302,0.1602384596514479,-0.00422475104288627,0.16860959519169097,0.17283434623457725,0.008371135540243074,-0.012595886583129351,0.8313904048083091,0.0,10.069751732845242,-0.013603871716734606,6.065323401216194,10.069751732845242,-0.013603871716734606,16.121471262344702
303,0.17054531044798307,-0.00401128220466266,0.18374420662126964,0.1877554888259323,0.013198896173286567,-0.01721017837794922,0.8162557933787303,0.0,10.055547286572306,0.02750851271242727,6.075071957320627,10.055547286572306,0.02750851271242727,16.15812775660536
304,0.17397547045759357,-0.004241988715917516,0.18952527423968957,0.1937672629556071,0.015549803782096,-0.019791792498013522,0.8104747257603104,0.0,10.078169447623628,0.014688434658773009,5.985993434037168,10.078169447623628,0.014688434658773009,16.078851316319568
305,0.1729427077853464,-0.004739467631601829,0.18464616606628992,0.18938563369789174,0.011703458280943518,-0.016442925912545342,0.8153538339337101,0.0,10.223419352545793,0.028432120875827138,6.030576309582518,10.223419352545793,0.028432120875827138,16.282427783004138
306,0.176970525791023,-0.005181871728150848,0.18308818833000712,0.18827006005815797,0.006117662538984131,-0.01129953426713498,0.8169118116699929,0.0,10.053759558198976,0.02394402380656846,6.087335194695984,10.053759558198976,0.02394402380656846,16.16503877670153
307,0.1793781092233867,-0.003489932713552774,0.18916960127112095,0.19265953398467373,0.009791492047734246,-0.01328142476128702,0.8108303987288791,0.0,10.124941112087221,0.04797896804194579,6.037655415467153,10.124941112087221,0.04797896804194579,16.21057549559632
308,0.16869621950297928,-0.0033689831886370156,0.17586542663313126,0.17923440982176828,0.007169207130151983,-0.010538190318788998,0.8241345733668688,0.0,10.000031695842395,0.0036530275465920248,6.024198220984934,10.000031695842395,0.0036530275465920248,16.02788294437392

309,0.16771502275990713,-0.00432376517865404,0.17756161791956002,0.18188538309821406,0.009846595159652888,-0.014170360338306931,0.82243838208044,0.0,10.525863245996572,0.03079676077672744,6.052857584312342,10.525863245996572,0.03079676077672744,16.60951759108564
310,0.17056668553278959,-0.0038590652985713795,0.18332798163449074,0.18718704693306212,0.012761296101701153,-0.016620361400272537,0.8166720183655093,0.0,10.504431691004356,0.024102711096403162,6.097654366852891,10.504431691004356,0.024102711096403162,16.62618876895365
311,0.1832625361325256,-0.0034262792283164516,0.19217427748937757,0.19560055671769402,0.008911741356851965,-0.012338020585168419,0.8078257225106225,0.0,10.0934686668881,-0.0007742345483343627,6.022170842522183,10.0934686668881,-0.0007742345483343627,16.11486527486195
312,0.15419583590197475,-0.0043659286536163935,0.1649467017364963,0.1693126303901127,0.010750865834521561,-0.015116794488137963,0.8350532982635037,0.0,10.14896705756897,0.007546338317918622,6.094801565367469,10.14896705756897,0.007546338317918622,16.25131496125436
313,0.1781894587995412,-0.0039050529886842924,0.19126201557731642,0.19516706856600072,0.013072556777775218,-0.01697760976645951,0.8087379844226836,0.0,10.278898131090104,0.006885601811905229,5.986270878335551,10.278898131090104,0.006885601811905229,16.27205461123756
314,0.18767629469777974,-0.004364186110684704,0.19431356395442023,0.19867775006510494,0.006637269256640488,-0.011001455367325191,0.8056864360455798,0.0,10.065514513021206,0.00860959657581617,5.971282209003014,10.065514513021206,0.00860959657581617,16.045406318600037
315,0.16706809480317988,-0.0033556488797249055,0.18108643470987892,0.18444208358960382,0.01401833990669904,-0.017373988786423933,0.818913565290121,0.0,10.203557574085448,-0.004718895667318979,6.1905412001273366,10.203557574085448,-0.004718895667318979,16.389379878545466
316,0.1740366987788627,-0.0052784604347412365,0.18555744649531355,0.19083590693005478,0.011520747716450869,-0.016799208151192097,0.8144425535046864,0.0,9.926024200317876,-0.005771991251977582,6.118063829597249,9.926024200317876,-0.005771991251977582,16.038316038663147
317,0.17179861981092107,-0.004719157003643108,0.17870476145348,0.1834239184571231,0.006906141642558927,-0.011625298646202042,0.82129523854652,0.0,10.102852159025927,0.004901312128854585,5.910983340190382,10.102852159025927,0.004901312128854585,16.018736811345164
318,0.17365435846446706,-0.0042055111804063135,0.18240508353407708,0.1866105947144834,0.008750725069610027,-0.01295623625001635,0.8175949164659229,0.0,10.050347089384253,0.008206387216945998,6.058310909263946,10.050347089384253,0.008206387216945998,16.116864385865146
319,0.17975054943409996,-0.004501596541908428,0.19451990258451493,0.19902149912642336,0.014769353150414971,-0.019270949692323402,0.8054800974154851,0.0,10.004901322908866,0.034598580829923176,6.092183768706164,10.004901322908866,0.034598580829923176,16.131683672444954
320,0.15451048842364268,-0.0033478647183981104,0.16449503701736146,0.16784290173575955,0.009984548593718778,-0.013332413312116875,0.8355049629826385,0.0,9.967865231496535,-0.0029525611964227316,6.005673241634346,9.967865231496535,-0.0029525611964227316,15.970585911934458
321,0.18202427017524198,-0.003818013733548154,0.1900442252000745,0.19386223893362264,0.00801995502483252,-0.011837968758380668,0.8099557747999255,0.0,10.0465003109001,0.03691183224532457,5.942905490966956,10.0465003109001,0.03691183224532457,16.02631763411238
322,0.16269679940369441,-0.004234164547043853,0.16962180419130607,0.1738559687383499,0.006925004787611655,-0.011159169334655494,0.830378195808694,0.0,10.09903414000798,0.006693106305379004,6.0763629295077255,10.09903414000798,0.006693106305379004,16.182090175821084
323,0.17945292619950362,-0.0042200675644599095,0.19582898308353197,0.2000490506479919,0.01637605688402835,-0.020596124448488268,0.804171016916468,0.0,10.366524130862151,-0.000743238909767463,6.0214031302225335,10.366524130862151,-0.000743238909767463,16.387184022174917
324,0.17767927156342642,-0.004380869372147322,0.1899123393770674,0.1942932087492147,0.012233067813640974,-0.016613937185788297,0.8100876606229326,0.0,10.344571635759857,-0.015255764130498672,6.093177923082994,10.344571635759857,-0.015255764130498672,16.422493794712352
325,0.1578586026892339,-0.004069622962569004,0.1690239453902148,0.1730935683527838,0.011165342700980907,-0.015234965663549899,0.8309760546097852,0.0,9.78317304819915,-0.010988968088450068,6.03672221769353,9.78317304819915,-0.010988968088450068,15.80890629780423
326,0.15913670821811154,-0.004283891674550229,0.17094424568766073,0.17522813736221096,0.011807537469549184,-0.016091429144099417,0.8290557543123392,0.0,10.091538440259045,-0.008277873007311864,5.952058231669911,10.091538440259045,-0.008277873007311864,16.035318798921644
327,0.18835314498210734,-0.004118188717987247,0.1996288584243605,0.20374704714234776,0.011275713442253171,-0.015393902160240419,0.8003711415756395,0.0,10.222393061141782,0.010367211407335208,6.078418915698526,10.222393061141782,0.010367211407335208,16.311179188247642
328,0.15961624783534822,-0.0033119347598226383,0.16991619748479606,0.1732281322446187,0.010299949649447832,-0.01361188440927047,0.830083802515204,0.0,10.094320554196408,0.04548963626948588,6.050679967521575,10.094320554196408,0.04548963626948588,16.19049015798747
329,0.15730791286411439,-0.0040262360741398235,0.16704622908099873,0.17107246515513855,0.00973831621688434,-0.013764552291024162,0.8329537709190012,0.0,9.981120916983848,0.017059032988552936,6.0579814139517465,9.981120916983848,0.017059032988552936,16.056161363924147
330,0.18794020310143064,-0.0041527379202259,0.1986762290042873,0.20282896692451322,0.01073602590285666,-0.014888763823082574,0.8013237709957127,0.0,9.98676227295321,-0.008149181889251622,6.143130751402325,9.98676227295321,-0.008149181889251622,16.121743842466284
331,0.18539294387139107,-0.004569623267481753,0.1944950341230281,0.19906465739050985,0.009102090251637024,-0.013671713519118778,0.805504965876972,0.0,10.18595809368173,-0.007540813091025278,6.160648866549194,10.18595809368173,-0.007540813091025278,16.3390661471399
332,0.17460629244765022,-0.004893003327145545,0.18106549496889732,0.18595849829604286,0.006459202521247098,-0.011352205848392638,0.8189345050311027,0.0,10.432891574975871,-0.006584207237610329,6.053459435948586,10.432891574975871,-0.006584207237610329,16.479766803686847
333,0.188303036098041,-0.005381126280818273,0.19433457450545216,0.19971570078627043,0.006031538407411163,-0.011412664688229435,0.8056654254945479,0.0,10.152620793650943,-0.03476878327587496,6.036001509504241,10.152620793650943,-0.03476878327587496,16.15385351987931
334,0.1742510429991601,-0.004190438683030462,0.18295905368194648,0.18714949236497694,0.008708010682786371,-0.012898449365816828,0.8170409463180535,0.0,10.32214314183799,-0.0013155817251795376,6.126894827319774,10.32214314183799,-0.0013155817251795376,16.447722387432584
335,0.1723621840588326,-0.0040863312546989446,0.18267934214443243,0.1867656733991314,0.010317158085599826,-0.01440348934029878,0.8173206578555676,0.0,9.943432077743438,0.014914286460571358,6.1436230117121315,9.943432077743438,0.014914286460571358,16.10196937591614
336,0.1672666285035677,-0.003984061592285607,0.17532447298235845,0.17930853457464407,0.008057844478790765,-0.012041906071076386,0.8246755270176416,0.0,10.248886799257532,-0.012509950175077833,6.039285433661298,10.248886799257532,-0.012509950175077833,16.275662282743752
337,0.15004865144708732,-0.0038709525131592256,0.15738552784592275,0.16125648035908197,0.007336876398835429,-0.01120782891199465,0.8426144721540773,0.0,9.84926638630635,0.005805697497029527,6.13498908084865,9.84926638630635,0.005805697497029527,15.99006116465203
338,0.16597762867994137,-0.004454277154112885,0.176115754952425,0.1805700321065379,0.010138126272483644,-0.01459240342659654,0.823884245047575,0.0,9.931362001625343,0.0029313769188030747,5.952902256872982,9.931362001625343,0.0029313769188030747,15.887195635417129
339,0.18121338343410212,-0.004301483720082858,0.1873012582843827,0.19160274200446556,0.006087874850280589,-0.010389358570363438,0.8126987417156173,0.0,10.193240114377385,0.00024088312709524828,5.979919501064952,10.193240114377385,0.00024088312709524828,16.173400498569432
340,0.17906420447007554,-0.0038126515684087487,0.1883707461234595,0.19218339769186824,0.00930654165338396,-0.013119193221792697,0.8116292538765405,0.0,10.251239709324661,-0.004454350424414333,6.0335840389716076,10.251239709324661,-0.004454350424414333,16.280369397871855
341,0.17611687039780913,-0.0035013495810351015,0.185489552798266,0.1889909023793011,0.009372682400456883,-0.012874031981491979,0.8145104472017339,0.0,10.23697098443873,-0.008301784251388167,6.1259578047286904,10.23697098443873,-0.008301784251388167,16.354627004916033
342,0.19172735039401903,-0.004448850139750447,0.20104930865740142,0.20549815879715186,0.00932195826338239,-0.013770808403132828,0.7989506913425986,0.0,10.326332609053342,0.005263086853512178,6.057417437449525,10.326332609053342,0.005263086853512178,16.38901313335638
343,0.1795478132287057,-0.003614986485950469,0.1883575427336168,0.19197252921956726,0.008809729504911101,-0.012424715990861562,0.8116424572663832,0.0,10.24646125402706,0.018558775773689362,6.018251480498664,10.24646125402706,0.018558775773689362,16.283271510299414
344,0.1796297687973814,-0.0036592326073143907,0.19234279814634664,0.19600203075366102,0.012713029348965232,-0.01637226195627961,0.8076572018536534,0.0,10.486282872050344,0.024088236825440923,6.028792318216687,10.486282872050344,0.024088236825440923,16.539163427092472
345,0.16779553161584543,-0.004908120060577027,0.185309879172856,0.19021799923343302,0.017514347557010562,-0.022422467617587594,0.814690120827144,0.0,9.907313250898085,-0.010985556301021493,6.09509701424618,9.907313250898085,-0.010985556301021493,15.991424708843244
346,0.18141885689264411,-0.004218095341939143,0.1887614888963524,0.19297958423829153,0.0073426320037082715,-0.01156072734564742,0.8112385111036476,0.0,10.517181167219567,0.004215867098373849,6.102110386957689,10.517181167219567,0.004215867098373849,16.62350742127563
347,0.16833565477267332,-0.004136544162111584,0.18258619380827876,0.18672273797039035,0.014250539035605442,-0.018387083197717036,0.8174138061917212,0.0,10.165688758477256,0.012890702866353188,6.110367428182138,10.165688758477256,0.012890702866353188,16.288946889525747
348,0.18038676139533408,-0.004409207416356255,0.1906221561352581,0.19503136355161435,0.01023539473992402,-0.014644602156280273,0.8093778438647419,0.0,10.124576825598494,-0.02693160052445709,6.15218942458814,10.124576825598494,-0.02693160052445709,16.249834649662176
349,0.17530115946400232,-0.004218613698021364,0.19280413757413725,0.19702275127215862,0.01750297811013493,-0.021721591808156304,0.8071958624258627,0.0,10.074778073824932,0.013496230777463758,6.078602356363828,10.074778073824932,0.013496230777463758,16.166876660966224
350,0.1893991303867332,-0.003697147964875875,0.200117872402418,0.20381502036729388,0.01071874201568479,-0.014415889980560675,0.799882127597582,0.0,10.280509409727678,0.008605565561836226,6.162787965684675,10.280509409727678,0.008605565561836226,16.45190294097419
351,0.16152762207405796,-0.004434998024518999,0.175674616171627,0.180109614196146,0.014146994097569032,-0.018581992122088026,0.8243253838283731,0.0,10.238243387703427,0.0037727206838056304,6.174888149411444,10.238243387703427,0.0037727206838056304,16.416904257798677
352,0.1796050169414167,-0.0046406306276871884,0.19225521836639486,0.19689584899408205,0.012650201424978164,-0.01729083205266535,0.8077447816336052,0.0,9.96610912468089,-0.009834934367022097,6.096706330525317,9.96610912468089,-0.009834934367022097,16.052980520839185
353,0.165280859547247,-0.005042963510489841,0.1715492516734107,0.17659221518390053,0.006268392126163702,-0.01131135563665353,0.8284507483265893,0.0,10.104980787334867,0.008996813108534507,5.947785584188157,10.104980787334867,0.008996813108534507,16.06176318463156
354,0.19334402014891636,-0.003920069004513043,0.2039991598138943,0.20791922881840735,0.010655139664977942,-0.014575208669490997,0.7960008401861057,0.0,10.244212751866993,-0.0014432431694233472,6.031553429482252,10.244212751866993,-0.0014432431694233472,16.27432293817982
355,0.16550761301423872,-0.004303631908138922,0.17986130194304661,0.18416493385118554,0.014353688928807895,-0.018657320836946822,0.8201386980569534,0.0,10.210938956981753,-0.011824004571826308,6.047491094824304,10.210938956981753,-0.011824004571826308,16.24660604723423
356,0.19589701657889666,-0.003813589224779698,0.2077045654570582,0.2115181546818379,0.011807548878161545,-0.015621138102941245,0.7922954345429418,0.0,10.306161027598886,-0.00777789981660737,6.094206774403107,10.306161027598886,-0.00777789981660737,16.392589902185385
357,0.17779475889527635,-0.004504353909926559,0.18627565562357565,0.19078000953350222,0.008480896728299298,-0.012985250638225865,0.8137243443764244,0.0,9.927239033704499,-0.027838190938730634,6.0059955552606255,9.927239033704499,-0.027838190938730634,15.905396398026394
358,0.17022834715694102,-0.004141660233114791,0.17887043103105402,0.1830120912641688,0.008642083874112999,-0.012783744107227796,0.821129568968946,0.0,9.98926272099289,0.000835923024884444,6.009275817927992,9.98926272099289,0.000835923024884444,15.999374461945767
359,0.17031268343773323,-0.004164672639102266,0.18027501401956522,0.1844396866586675,0.00996233058183199,-0.01412700322093427,0.8197249859804348,0.0,10.218809344787132,0.0364482372614896,5.99396458479336,10.218809344787132,0.0364482372614896,16.24922216684198
360,0.17877952116007054,-0.004775832588456702,0.18826933269306112,0.19304516528151783,0.009489811532990583,-0.01426564412144729,0.8117306673069389,0.0,10.342275048624362,-0.00870713531944256,6.060587411305518,10.342275048624362,-0.00870713531944256,16.394155324610438
361,0.17012804926437525,-0.005215501516010594,0.1811324986418018,0.18634800015781242,0.011004449377426562,-0.01621995089343717,0.8188675013581982,0.0,10.402630117446238,-0.0012251753264536092,6.049850097206166,10.402630117446238,-0.0012251753264536092,16.45125503932595
362,0.17486475601089446,-0.0053000665116904894,0.18241655580037178,0.18771662231206226,0.007551799789477315,-0.012851866301167802,0.8175834441996283,0.0,10.08129996646222,-0.0238567114370678,5.955954898851857,10.08129996646222,-0.0238567114370678,16.01339815387701
363,0.17738759383567188,-0.004738106518953532,0.184333160865264,0.18907126738421753,0.00694556702959212,-0.011683673548545659,0.815666839134736,0.0,10.236348209187993,-0.004586267598905458,6.074817261977484,10.236348209187993,-0.004586267598905458,16.30657920356657
364,0.1689467848675032,-0.004500435961418908,0.1774319908316554,0.1819324267930743,0.008485205964152198,-0.012985641925571112,0.8225680091683446,0.0,10.397127500712989,0.012615037533048046,5.998514624772084,10.397127500712989,0.012615037533048046,16.40825716301812
365,0.174409164891294,-0.0028606440125985696,0.18383091287623388,0.18669155688883243,0.009421747984939888,-0.012282391997538444,0.8161690871237661,0.0,10.111634111757233,-0.0016180836730965709,5.997812564542769,10.111634111757233,-0.0016180836730965709,16.107828592626905
366,0.18297391933953833,-0.003999330280851864,0.19067052352372788,0.19466985380457974,0.007696604184189548,-0.011695934465041413,0.8093294764762722,0.0,10.274969499298802,-0.0212162549403625,6.071532178861329,10.274969499298802,-0.0212162549403625,16.325285423219768
367,0.18869040300831794,-0.004713373722342917,0.19679077327472505,0.20150414699706798,0.008100370266407114,-0.012813743988750043,0.803209226725275,0.0,10.157668036379706,0.0009841305102122888,6.057432044493578,10.157668036379706,0.0009841305102122888,16.216084211383496
368,0.16117397827588908,-0.003919373486455248,0.17038835128195282,0.17430772476840806,0.00921437300606373,-0.013133746492518972,0.8296116487180472,0.0,9.891628062117075,-0.0005647105392876384,6.051703484016364,9.891628062117075,-0.0005647105392876384,15.942766835594151
369,0.16712584725952306,-0.003818550242996529,0.1775494149913093,0.18136796523430582,0.010423567731786237,-0.014242117974782753,0.8224505850086907,0.0,10.528558635221513,0.021636071601697893,6.058240200523612,10.528558635221513,0.021636071601697893,16.608434907346822
370,0.1766777999873315,-0.0041800973828639565,0.18849011695152462,0.19267021433438858,0.011812316964193131,-0.015992414347057088,0.8115098830484754,0.0,9.887107422387276,-0.010594723790771532,6.0924447011082945,9.887107422387276,-0.010594723790771532,15.968957399704799
371,0.1630488222629251,-0.004064426908225497,0.1768879745952902,0.18095240150351571,0.013839152332365101,-0.017903579240590606,0.8231120254047097,0.0,10.26231060565785,0.02199645131505923,6.001680603222322,10.26231060565785,0.02199645131505923,16.285987660195232
372,0.17665839438474765,-0.004146766381153163,0.19119402614476477,0.19534079252591793,0.014535631760017126,-0.018682398141170287,0.8088059738552352,0.0,10.166214561278846,-0.008004181934992971,6.011852959676418,10.166214561278846,-0.008004181934992971,16.17006333902027
373,0.17634884312886198,-0.004311374643251311,0.18643402466397102,0.19074539930722234,0.010085181535109039,-0.014396556178360359,0.8135659753360289,0.0,10.63463071361225,-0.025195309085665585,6.1111806248967095,10.63463071361225,-0.025195309085665585,16.720616029423294
374,0.18173251528751524,-0.004664791315149181,0.18907928458743603,0.19374407590258522,0.007346769299920786,-0.012011560615069972,0.8109207154125639,0.0,10.334719677837942,-0.023845659355919313,6.006481823009098,10.334719677837942,-0.023845659355919313,16.31735584149112
375,0.18949476213579206,-0.003627698879523112,0.20294921715943257,0.20657691603895567,0.01345445502364051,-0.017082153903163616,0.7970507828405674,0.0,10.139717844880355,0.00537031254088749,6.218052841092372,10.139717844880355,0.00537031254088749,16.363140998513614
376,0.15723348035372592,-0.0032983395335466855,0.16830686467068934,0.17160520420423603,0.01107338431696342,-0.01437172385051011,0.8316931353293107,0.0,10.104155408584674,-0.017342078686551243,6.062021969379556,10.104155408584674,-0.017342078686551243,16.14883529927768
377,0.1782348459940559,-0.004108594759821011,0.18934482657861357,0.19345342133843457,0.011109980584557672,-0.015218575344378676,0.8106551734213865,0.0,10.407434876486825,0.03505994718423233,6.000099878606351,10.407434876486825,0.03505994718423233,16.442594702277407
378,0.19204498152691218,-0.004702852647243402,0.19941124639004412,0.20411409903728753,0.007366264863131938,-0.012069117510375343,0.8005887536099558,0.0,10.275348286218154,0.0021844229795320302,5.997802216375728,10.275348286218154,0.0021844229795320302,16.275334925573414
379,0.19900346570919478,-0.004334270853044008,0.20540241057269504,0.20973668142573904,0.006398944863500261,-0.010733215716544259,0.794597589427305,0.0,10.372381027910695,0.008218890332283735,6.028985414154224,10.372381027910695,0.008218890332283735,16.409585332397203
380,0.19119590123303043,-0.004355938343833685,0.2037897350244071,0.20814567336824077,0.012593833791376657,-0.016949772135210345,0.7962102649755929,0.0,10.11635812293779,-0.019709593575950812,6.06736710978547,10.11635812293779,-0.019709593575950812,16.16401563914731
381,0.17951231065711465,-0.004365980033855825,0.19164793634569624,0.19601391637955207,0.012135625688581592,-0.016501605722437418,0.8083520636543038,0.0,10.143510279545469,-0.023272972159469774,6.090080148317188,10.143510279545469,-0.023272972159469774,16.210317455703187
382,0.15915245247233137,-0.0040404489254438625,0.17300449395737486,0.17704494288281872,0.013852041485043487,-0.01789249041048735,0.8269955060426252,0.0,9.961589214117181,0.024920124971916202,6.140045278417353,9.961589214117181,0.024920124971916202,16.12655461750645
383,0.15843607155015652,-0.0041765166534991,0.17024437454249325,0.17442089119599236,0.011808302992336733,-0.01598481964583584,0.8297556254575067,0.0,10.104782177997023,0.021891760521347337,6.125079800249436,10.104782177997023,0.021891760521347337,16.251753738767807
384,0.17572671118437788,-0.004237321792078815,0.1865117222680619,0.1907490440601407,0.010785011083684015,-0.015022332875762823,0.8134882777319381,0.0,10.241751170908646,-0.024144007866624406,6.097887486419111,10.241751170908646,-0.024144007866624406,16.315494649461133
385,0.1696037144696911,-0.003762386417534662,0.17624535861128088,0.18000774502881553,0.00664164414158977,-0.010404030559124422,0.8237546413887191,0.0,10.024393338063836,0.025539372357381573,6.124927810309294,10.024393338063836,0.025539372357381573,16.174860520730512
386,0.182257288066045,-0.005094257704373439,0.18964552321183026,0.1947397809162037,0.007388235145785266,-0.012482492850158705,0.8103544767881697,0.0,10.044815783029465,0.030597769442275435,6.004486127729283,10.044815783029465,0.030597769442275435,16.079899680201024
387,0.1949972154274325,-0.004796062995256141,0.20407768762791678,0.20887375062317293,0.009080472200484274,-0.01387653519574042,0.7959223123720832,0.0,10.183088916458878,-0.0062164781459870255,6.035534621710827,10.183088916458878,-0.0062164781459870255,16.21240706002372
388,0.1665364491120863,-0.005188689445907342,0.17302652145732095,0.17821521090322828,0.00649007234523466,-0.011678761791141995,0.826973478542679,0.0,10.053159026260097,-0.013266877359046525,6.100321669883388,10.053159026260097,-0.013266877359046525,16.14021381878444
389,0.17949233951126095,-0.003933042453602641,0.18836032200428346,0.1922933644578861,0.008867982493022508,-0.012801024946625161,0.8116396779957166,0.0,9.98254499712106,-0.0046076115872657475,6.139466909337608,9.98254499712106,-0.0046076115872657475,16.117404294871402
390,0.1861011918960366,-0.003763429546405547,0.20059521423470097,0.20435864378110652,0.01449402233866437,-0.018257451885069914,0.799404785765299,0.0,10.418126377998533,0.005500869311894974,5.987201856104509,10.418126377998533,0.005500869311894974,16.410829103414937
391,0.1608509659745127,-0.004900737335903683,0.16982868818102112,0.1747294255169248,0.008977722206508415,-0.013878459542412097,0.8301713118189789,0.0,10.008646459883249,-0.008975277734685871,6.1327640671262476,10.008646459883249,-0.008975277734685871,16.13243524927481
392,0.18073251999592405,-0.004140365276018723,0.19274369625446414,0.19688406153048285,0.01201117625854009,-0.016151541534558805,0.8072563037455358,0.0,9.783999716015387,0.002217176698187995,6.182605498551167,9.783999716015387,0.002217176698187995,15.968822391264743
393,0.17307184084344915,-0.004319767131795233,0.18359386511282036,0.1879136322446156,0.01052202426937121,-0.014841791401166454,0.8164061348871796,0.0,10.349181594773988,-0.015948767468934477,6.059142580741213,10.349181594773988,-0.015948767468934477,16.392375408046266
394,0.17729241025739742,-0.004494442399909395,0.1921477688898865,0.1966422112897959,0.014855358632489074,-0.019349801032398473,0.8078522311101135,0.0,10.177524474603983,0.022948471176679863,6.032615321013838,10.177524474603983,0.022948471176679863,16.2330882667945
395,0.16951967465662962,-0.003508567522601692,0.17842099295096064,0.18192956047356235,0.008901318294331023,-0.012409885816932725,0.8215790070490394,0.0,10.309871492568972,0.023250014413327857,6.103145888560691,10.309871492568972,0.023250014413327857,16.43626739554299
396,0.16729612611980207,-0.0037041548719772234,0.18005538473526822,0.18375953960724545,0.012759258615466146,-0.016463413487443374,0.8199446152647318,0.0,10.407325472816517,0.02312371334412555,6.073903208901234,10.407325472816517,0.02312371334412555,16.504352395061876
397,0.18355944977752517,-0.004280936326524817,0.19656272854924012,0.20084366487576494,0.013003278771714949,-0.01728421509823977,0.8034372714507598,0.0,10.208032063395537,0.01782430749307551,6.15150567070768,10.208032063395537,0.01782430749307551,16.377362041596292
398,0.16953359884382338,-0.004660945916577045,0.17636517401638382,0.18102611993296086,0.0068315751725604446,-0.01149252108913748,0.8236348259836161,0.0,10.036741356280757,-0.0419281324146481,6.076875910615,10.036741356280757,-0.0419281324146481,16.071689134481108
399,0.17011141744891134,-0.0029360944896510937,0.18042613995437748,0.18336223444402858,0.01031472250546614,-0.013250816995117237,0.8195738600456225,0.0,10.013695911401603,-0.012086300944057715,6.027030446772695,10.013695911401603,-0.012086300944057715,16.02864005723024
400,0.18738773506790452,-0.003907680863170723,0.19471381850097083,0.19862149936414156,0.007326083433066316,-0.011233764296237042,0.8052861814990292,0.0,10.54507561116531,0.00640363942176414,5.913125931374159,10.54507561116531,0.00640363942176414,16.464605181961232
401,0.16584431401105382,-0.0048482279163578395,0.1756797350621222,0.18052796297848003,0.009835421051068383,-0.014683648967426216,0.8243202649378778,0.0,10.168502104077083,-6.181986041831067e-05,6.14388072961389,10.168502104077083,-6.181986041831067e-05,16.312321013830555
402,0.1883949185193789,-0.0035523658439790586,0.1986149849707814,0.20216735081476045,0.010220066451402499,-0.013772432295381554,0.8013850150292186,0.0,10.58802263763236,0.007479076405280782,5.982633394472577,10.58802263763236,0.007479076405280782,16.578135108510217
403,0.17865377576368155,-0.003988500160848997,0.18817913765357058,0.1921676378144196,0.009525361889889034,-0.01351386205073804,0.8118208623464294,0.0,9.93107975341455,-0.006892731980077116,6.098415630843213,9.93107975341455,-0.006892731980077116,16.022602652277687
404,0.19708162899875437,-0.00487777652887614,0.21308019720769514,0.21795797373657128,0.015998568208940772,-0.02087634473781691,0.7869198027923049,0.0,10.343404813540612,0.01722199530175228,6.116607861266897,10.343404813540612,0.01722199530175228,16.47723467010926
405,0.17787434408175745,-0.004253401552549472,0.18616021595691276,0.19041361750946223,0.00828587187515531,-0.012539273427704778,0.8138397840430872,0.0,9.942805255565558,0.00963616092314279,6.069884811414052,9.942805255565558,0.00963616092314279,16.022326227902752
406,0.1961994887841369,-0.004081994736209744,0.21036962441091817,0.2144516191471279,0.014170135626781266,-0.018252130362991004,0.7896303755890819,0.0,10.454498497285755,0.018713035445419468,6.094103902077354,10.454498497285755,0.018713035445419468,16.567315434808528
407,0.1732698192454693,-0.003816354143850202,0.18214776460750132,0.18596411875135152,0.008877945362032014,-0.012694299505882217,0.8178522353924986,0.0,9.880628681283959,0.010750155275148554,5.9989932036311515,9.880628681283959,0.010750155275148554,15.89037204019026
408,0.16565447693496713,-0.004302876393530032,0.1770960414905386,0.18139891788406862,0.011441564555571465,-0.01574444094910149,0.8229039585094614,0.0,9.877715206813711,-0.001734174826720114,5.975426140759047,9.877715206813711,-0.001734174826720114,15.851407172746038
409,0.15588413068319623,-0.004208498303032486,0.1619799400811438,0.1661884383841763,0.006095809397947571,-0.010304307700980064,0.8380200599188562,0.0,10.261194028507212,0.0019724613189264772,6.110286228702128,10.261194028507212,0.0019724613189264772,16.373452718528267
410,0.15327127661985762,-0.003800529713043442,0.16426987457257772,0.16807040428562117,0.010998597952720096,-0.01479912766576355,0.8357301254274223,0.0,10.347297795510364,0.011322536297944996,6.104007945573164,10.347297795510364,0.011322536297944996,16.462628277381473
411,0.16005686666629867,-0.004268528930747413,0.1715855938287958,0.1758541227595432,0.011528727162497115,-0.015797256093244533,0.8284144061712042,0.0,10.061924223664386,0.023694367658930737,6.092159129166036,10.061924223664386,0.023694367658930737,16.177777720489352
412,0.17470172546027413,-0.003458151694457942,0.18780289939166603,0.19126105108612396,0.013101173931391902,-0.016559325625849858,0.8121971006083339,0.0,10.129592966436771,-0.016307145401127432,6.097651753336757,10.129592966436771,-0.016307145401127432,16.2109375743724
413,0.18894888870842055,-0.004581407536948996,0.20174048293900496,0.20632189047595395,0.012791594230584402,-0.017373001767533397,0.7982595170609951,0.0,10.103294892759337,-0.03633266797449686,6.09442945002524,10.103294892759337,-0.03633266797449686,16.16139167481008
414,0.16889513023287434,-0.0035652428783524716,0.1776594586143985,0.18122470149275097,0.008764328381524161,-0.012329571259876632,0.8223405413856015,0.0,10.219070886749126,0.015644748637773098,6.122131433721459,10.219070886749126,0.015644748637773098,16.35684706910836
415,0.1740464179170573,-0.004768698380809712,0.1842641224501575,0.1890328208309672,0.010217704533100197,-0.014986402913909902,0.8157358775498424,0.0,10.225336094864387,0.0056488401519652065,6.047404525331544,10.225336094864387,0.0056488401519652065,16.278389460347896
416,0.171686451672522,-0.004472353133233396,0.18193797581129065,0.18641032894452406,0.010251524138768647,-0.014723877272002056,0.8180620241887093,0.0,10.002961763351816,-0.00023836026243451158,6.138012256635276,10.002961763351816,-0.00023836026243451158,16.14073565972466
417,0.17640231674577675,-0.004730311000352294,0.1889560201341376,0.19368633113448988,0.012553703388360843,-0.01728401438871313,0.8110439798658624,0.0,10.057963475889416,-0.003191541341182269,5.946291498012984,10.057963475889416,-0.003191541341182269,16.001063432561217
418,0.15973004776094094,-0.004254090024126918,0.16961674489010037,0.17387083491422728,0.009886697129159433,-0.014140787153286344,0.8303832551098996,0.0,10.235192404758086,-0.024565077185978446,6.061408641057967,10.235192404758086,-0.024565077185978446,16.272035968630075
419,0.16303057022112857,-0.004530571173078773,0.17285614185887976,0.17738671303195855,0.00982557163775119,-0.014356142810829975,0.8271438581411202,0.0,10.087987751622538,-0.005733116630217694,6.008947103022113,10.087987751622538,-0.005733116630217694,16.091201738014433
420,0.15863597502523274,-0.003923151838880627,0.17350010876503144,0.17742326060391206,0.014864133739798696,-0.018787285578679314,0.8264998912349686,0.0,10.16406845967693,-0.004608703023258887,6.0304890073554915,10.16406845967693,-0.004608703023258887,16.189948764009163
421,0.17338947919555778,-0.004153467623420278,0.1814099553912535,0.1855634230146738,0.008020476195695736,-0.012173943819116018,0.8185900446087465,0.0,9.735748500297433,0.0006550511729184194,6.205656732563323,9.735748500297433,0.0006550511729184194,15.942060284033674
422,0.1874306411908065,-0.0038644707716332877,0.19634883330698497,0.20021330407861826,0.008918192116178475,-0.012782662887811769,0.8036511666930151,0.0,10.05951362403986,-0.002880198720145888,6.156220276687842,10.05951362403986,-0.002880198720145888,16.212853702007557
423,0.16422126473705478,-0.004643726007419602,0.1730327724891111,0.1776764984965307,0.008811507752056302,-0.01345523375947591,0.8269672275108889,0.0,9.917536925205692,-0.0015683545241400587,6.0744514439079165,9.917536925205692,-0.0015683545241400587,15.990420014589468
424,0.17071298327525658,-0.0045038759856621665,0.18021850567384728,0.18472238165950944,0.009505522398590704,-0.014009398384252858,0.8197814943261528,0.0,10.345283485362902,-0.009751515717701498,6.143873717552426,10.345283485362902,-0.009751515717701498,16.479405687197627
425,0.18277904271267398,-0.0038383335709845203,0.19542620645952072,0.19926454003050523,0.01264716374684674,-0.01648549731783125,0.8045737935404793,0.0,9.527276568883446,-0.018439514511265465,6.020205020298984,9.527276568883446,-0.018439514511265465,15.529042074671164
426,0.1733288409546718,-0.0034959201879455953,0.17748044040719282,0.1809763605951384,0.0041515994525210265,-0.007647519640466616,0.8225195595928072,0.0,10.433681547925074,-0.0013023329910462067,6.10304111130933,10.433681547925074,-0.0013023329910462067,16.535420326243358
427,0.18442660109234682,-0.004275709693998039,0.19373192027106603,0.19800762996506407,0.009305319178719212,-0.013581028872717255,0.806268079728934,0.0,10.357770188728912,-0.018104658293926157,6.10652765535979,10.357770188728912,-0.018104658293926157,16.446193185794776
428,0.17013886391259167,-0.003520361906099379,0.18641296279910635,0.18993332470520574,0.016274098886514682,-0.01979446079261407,0.8135870372008936,0.0,10.132124683720203,0.017658602368832987,6.040510681630455,10.132124683720203,0.017658602368832987,16.19029396771949
429,0.17118254278919937,-0.005224462694751829,0.1819284055583625,0.18715286825311434,0.010745862769163145,-0.01597032546391497,0.8180715944416375,0.0,9.961016289125176,-0.0068523571797509675,6.02903338747686,9.961016289125176,-0.0068523571797509675,15.983197319422285
430,0.16581337070849242,-0.004796657545493767,0.1731387091974224,0.17793536674291618,0.007325338488929994,-0.012121996034423765,0.8268612908025776,0.0,10.18493249588759,0.006473898695902314,5.988757106790273,10.18493249588759,0.006473898695902314,16.180163501373766
431,0.16560853339668447,-0.0045720911692560115,0.17241649471013398,0.17698858587938998,0.006807961313449518,-0.011380052482705516,0.827583505289866,0.0,10.103319479554191,-0.03649504637686096,6.027519071307116,10.103319479554191,-0.03649504637686096,16.094343504484446
432,0.16836293937165678,-0.005282114232467937,0.18290442840813909,0.18818654264060702,0.014541489036482308,-0.019823603268950246,0.8170955715918609,0.0,9.915265213236909,0.016610762502543786,6.138020971207751,9.915265213236909,0.016610762502543786,16.069896946947203
433,0.1714200696817475,-0.004051773794255577,0.18247383937480932,0.1865256131690649,0.011053769693061821,-0.015105543487317408,0.8175261606251907,0.0,10.329133993238965,-0.02468835259735025,6.191210899966231,10.329133993238965,-0.02468835259735025,16.495656540607847
434,0.16386342575888774,-0.004673113564883834,0.17406434322733635,0.1787374567922202,0.010200917468448617,-0.014874031033332458,0.8259356567726637,0.0,10.642455406795001,0.002078081429006673,6.097549041325022,10.642455406795001,0.002078081429006673,16.74208252954903
435,0.1832764622516252,-0.004737521701862037,0.19011981227857902,0.19485733398044106,0.006843350026953826,-0.011580871728815861,0.809880187721421,0.0,10.625438723572879,-0.013352043868037455,6.039479574902327,10.625438723572879,-0.013352043868037455,16.651566254607168
436,0.14330524740279113,-0.004305386194247027,0.1502935601981031,0.15459894639235014,0.0069883127953119795,-0.011293698989559009,0.8497064398018969,0.0,10.216608408407028,-0.009717745009181655,5.981606516611372,10.216608408407028,-0.009717745009181655,16.188497180009218
437,0.1874438852644337,-0.0038595503736148216,0.2010218231066774,0.20488137348029223,0.013577937842243704,-0.017437488215858526,0.7989781768933226,0.0,10.517245911533532,-0.02841470757558673,6.109812895490444,10.517245911533532,-0.02841470757558673,16.59864409944839
438,0.166039953631084,-0.0049288140422206325,0.1740551173942307,0.17898393143645133,0.008015163763146704,-0.012943977805367324,0.8259448826057693,0.0,10.30371213333131,-0.026083416091377654,6.0679537145725035,10.30371213333131,-0.026083416091377654,16.345582431812435
439,0.18518886225138995,-0.0044094429913942,0.19708895191277012,0.20149839490416432,0.011900089661380175,-0.016309532652774378,0.8029110480872299,0.0,10.306137775444938,0.01474005029104708,6.102894121113197,10.306137775444938,0.01474005029104708,16.423771946849183
440,0.18023975013002388,-0.004372851043044008,0.1901881065985242,0.1945609576415682,0.009948356468500313,-0.01432120751154431,0.8098118934014757,0.0,10.106673307562883,0.004178306128962639,6.102317605920661,10.106673307562883,0.004178306128962639,16.213169219612507
441,0.18080807670228746,-0.003962471352883557,0.20243594319471753,0.20639841454760108,0.021627866492430065,-0.025590337845313615,0.7975640568052824,0.0,10.02062671804428,0.0007586845560769717,6.094111520949914,10.02062671804428,0.0007586845560769717,16.11549692355027
442,0.1657115636064213,-0.004095520971376677,0.1780574297205667,0.18215295069194337,0.012345866114145398,-0.016441387085522063,0.8219425702794333,0.0,9.881674950244983,-0.008452387070248868,6.07487453981713,9.881674950244983,-0.008452387070248868,15.948097102991865
443,0.171842457566989,-0.004209222250642795,0.18617137346415283,0.19038059571479563,0.01432891589716384,-0.018538138147806638,0.8138286265358472,0.0,10.012380675160927,0.017803087981704824,6.1847165852391015,10.012380675160927,0.017803087981704824,16.214900348381732
444,0.1908551174501104,-0.004617440386809454,0.20253853343977538,0.20715597382658482,0.011683415989664964,-0.01630085637647441,0.7974614665602247,0.0,10.311568682890453,-0.005995620216815212,6.042033594077125,10.311568682890453,-0.005995620216815212,16.347606656750763
445,0.1788447512491333,-0.004562068741292323,0.19275227436265438,0.19731434310394672,0.013907523113521086,-0.018469591854813422,0.8072477256373456,0.0,10.204970925335925,-0.02167823485089926,6.104050417896694,10.204970925335925,-0.02167823485089926,16.28734310838172
446,0.18084701006109538,-0.0044136710785434305,0.19224281542087673,0.19665648649942016,0.011395805359781352,-0.015809476438324782,0.8077571845791233,0.0,10.248686037774004,-0.006292716276675492,5.954123974766084,10.248686037774004,-0.006292716276675492,16.196517296263412
447,0.1779829767935502,-0.004256047539812786,0.18516869496018576,0.18942474249999855,0.007185718166635546,-0.011441765706448337,0.8148313050398143,0.0,10.045458528172663,-0.03512519326468366,6.01209847696553,10.045458528172663,-0.03512519326468366,16.02243181187351
448,0.16302476765655255,-0.004424985336488984,0.18450908168077343,0.18893406701726242,0.02148431402422088,-0.025909299360709875,0.8154909183192266,0.0,10.055117351794054,-0.020832334088182858,6.2502872868743875,10.055117351794054,-0.020832334088182858,16.28457230458026
449,0.18397505336473513,-0.004934491868383587,0.19357221898486296,0.19850671085324656,0.009597165620127829,-0.01453165748851143,0.806427781015137,0.0,10.190362473809145,-0.0056756799704240635,6.085939209846608,10.190362473809145,-0.0056756799704240635,16.27062600368533
450,0.17251866948861372,-0.00431841500794418,0.18233584686042612,0.1866542618683703,0.009817177371812397,-0.01413559237975659,0.8176641531395739,0.0,10.060122622247157,-0.034136113510864874,6.049086995322092,10.060122622247157,-0.034136113510864874,16.075073504058384
451,0.16662168340073397,-0.004890318918061407,0.18008718614557298,0.1849775050636344,0.013465502744839014,-0.018355821662900423,0.819912813854427,0.0,10.274646537388449,0.017441593800550326,5.968702256352524,10.274646537388449,0.017441593800550326,16.260790387541523
