checkpoint_version,data_hash,n_samples,n_features,max_components,center,scale,include_zero_components,method_pca,eps,pca_fit_fn,sample_index,press_0,press_1,press_2,press_3,press_4,press_5,press_6,press_7,press_8,press_9,press_10,press_11,press_12,press_13,press_14,press_15,press_16,press_17,press_18,press_19,press_20,press_21,press_22,press_23,press_24,press_25,press_26,press_27,press_28,press_29,press_30,press_31,press_32,press_33,press_34,press_35,press_36,press_37,press_38,press_39,press_40,press_41,press_42,press_43,press_44,press_45,press_46,press_47,press_48,press_49,press_50,press_51,press_52,press_53,press_54,press_55,press_56,press_57,press_58,press_59,press_60,press_61,press_62,press_63,press_64,press_65,press_66,press_67,press_68,press_69,press_70,press_71,press_72,press_73,press_74,press_75,press_76,press_77,press_78,press_79,press_80,press_81,press_82,press_83,press_84,press_85,press_86,press_87,press_88,press_89,press_90,press_91,press_92,press_93,press_94,press_95,press_96,press_97,press_98,press_99,press_100,press_101,press_102,press_103,press_104,press_105,press_106,press_107,press_108,press_109,press_110,press_111,press_112,press_113,press_114,press_115,press_116,press_117,press_118,press_119,press_120,press_121,press_122,press_123,press_124,press_125,press_126,press_127,press_128,press_129,press_130,press_131,press_132,press_133,press_134,press_135,press_136,press_137,press_138,press_139,press_140,press_141,press_142,press_143,press_144,press_145,press_146,press_147,press_148,press_149,press_150
1,c456eb612fc2008dd496808b0d7f793eeacd51557eefc23200682f2d3b5f0e1b,9000,8088,150,true,false,true,"""SVD""",1e-12,Simulations.PCA_rank.eigenvector_pca.fit_pca_loadings_svd,0,12325.709995001682,10488.272921426227,8881.349663580508,8326.02055784313,7131.795654148725,7136.860315670548,7099.013302722076,7109.768799045796,6768.207130756035,6545.481819105637,6522.12174717243,6537.584517528471,6249.294705704162,5835.610684591917,5821.49652108214,5673.86902430426,5683.043575518692,5610.21031747049,5569.209547651706,5557.282402381036,5555.7132595480125,5385.316570077072,5391.922259577155,5277.059660488371,5159.266515036494,5164.751950670683,5098.131828806266,5008.586363711493,4895.146669260371,4769.4393564114835,4761.469453466592,4750.449948583584,4719.289423423529,4723.464530706008,4686.825928288635,4663.326885304866,4669.102960454909,4670.475829674652,4687.096299116075,4698.371351730533,4662.4559011737665,4665.7888183868145,4627.802296568791,4618.47935062172,4592.109697757141,4561.186153724505,4546.328806868916,4516.524231327966,4516.940555337413,4506.042959074657,4412.554401764775,4386.6975515220665,4210.4689502906795,4199.096922656371,4200.209192404736,4205.717337028388,4195.645181594225,4194.605471525924,4185.988513986833,4188.235000000029,4156.710139947385,4154.193181345772,4159.207544130682,4164.98205356916,4158.21139678363,4161.488610332026,4167.666204786871,4174.142101578518,4114.560442693253,4109.932023159873,4107.779656086064,4107.536299022831,4087.7105725470005,4057.232184730639,4052.2619821078206,4052.9314170517628,4041.70436105717,3955.8858908103957,3959.2841585936917,3961.71755661955,3967.1724265753874,3973.269574996758,3969.561614175108,3964.1694694316816,3961.617109202292,3958.3113094386426,3964.808596345495,3976.02506365458,3970.57571814546,3972.0170030424,3970.1472215958092,3941.6703399638736,3961.304755931863,3940.2632506363325,3956.1027912047853,3991.360679288571,4038.338695574114,4029.7283726181095,4140.911096375891,4214.771295635685,4220.069292913932,4241.085719698345,4251.460147315143,4267.80147852605,4279.901452089861,4229.907121602814,4149.044590619488,4094.915745456743,4111.259524359363,4082.050391105622,4096.999129534452,4088.907662223416,4097.032750777291,4135.974249312912,4154.437244710486,4173.529344424969,4121.756215315327,4044.9751234728633,4069.0050359985717,4060.007334720044,4052.549408205293,3958.6003666619954,3960.595496642328,3982.089084645777,3951.2349764980454,3883.232271557081,3933.7999634424395,3954.018633146086,3953.958091167486,3959.5200812019143,3973.1815495055675,3937.885728808406,3932.17170737975,3966.8886322602107,4010.0336050341743,3790.3785351951465,3797.7435228154427,3795.7043159384198,3749.8485081894155,3768.3762281199033,3665.5669386988498,3670.405647890532,3534.990229007671,3550.205340541048,3565.2034901951242,3685.675514074457,3674.839605982942,3660.581885949173,3660.5544337595456,3653.5287430997305,3693.695075405157
1,c456eb612fc2008dd496808b0d7f793eeacd51557eefc23200682f2d3b5f0e1b,9000,8088,150,true,false,true,"""SVD""",1e-12,Simulations.PCA_rank.eigenvector_pca.fit_pca_loadings_svd,1,14132.394805191769,8183.826057175738,8025.865573009628,7308.229558766475,6422.070987052217,6401.2881905568165,6179.742555275424,6024.694744173376,5852.940781046882,5832.093085109633,5824.447167725569,5739.139130994495,5744.321492730202,5768.179208301485,5747.73079978068,5719.465761080112,5745.510064839486,5694.211371458913,5714.0263281598545,5720.187842286736,5702.048864182789,5628.335219597765,5530.783501974234,5423.197974269321,5410.982258918785,5046.659874218138,5019.849711981133,4996.057077597922,5005.502826293643,5021.113257085771,4986.882335020705,4956.919897999908,4956.597673628994,4752.357392039526,4750.426786679135,4729.83619600956,4731.959291479679,4722.370688649246,4721.649152552392,4726.658229015348,4745.478370732971,4798.7732057839585,4782.239546290517,4791.537583010991,4577.126955730994,4838.625213578841,4658.57547768349,4683.804174612459,4481.706793146814,4473.817019783481,4452.15214340502,4449.121782794661,4424.322120275923,4351.849786413768,4323.942139128025,4293.515297256746,4346.253785162535,4568.521073271195,4541.417127359338,4432.558136690765,4437.235515004102,4435.913418087194,4447.895402219267,4508.895810423105,4582.151124610241,4566.286864206992,4571.883542309208,4647.775031465362,4446.49222574598,4433.54584119671,4429.1977036243325,4414.304291634016,4561.800379707947,4566.506409025617,4457.2943816418765,4474.002560156951,4339.405722446761,4346.302437348839,4362.507982641972,4319.762685408259,4347.3098053141575,4353.1569549613205,4309.090378365113,4316.116953484226,4129.245817966464,4122.621450525392,4108.8809196250695,4072.0221719517813,4118.404325365238,4138.122022370233,4187.331410971515,4163.479064987973,4116.169262056719,4163.985172863147,4136.349468624011,4173.346977888378,4215.581699452741,4226.883406194816,4290.260633640736,4186.683577368491,4172.9060646777825,4200.909999719464,4196.156754223438,4236.267310085658,4277.245856039565,4129.325485596132,4221.297449939055,4148.479579439466,4096.833129425142,4145.622653711844,4175.304474801363,4132.912632845226,4003.90517455517,3979.8026571064815,3890.690695452947,3824.5894853169048,3772.8615372960085,3736.3815056979633,3708.6452741831026,3719.578734408901,3701.7042547823053,3733.861061165604,3727.246835184353,3755.183772546798,3778.067489498972,3792.640498359774,3794.920482621273,3803.446750042485,3752.60183290964,3763.3906936822127,3694.518742706793,3697.1454332399035,3696.951373454804,3712.507848394658,3708.359724496253,3663.670000278046,3703.3650514585306,3715.3021282671893,3724.904594448413,3731.650263313494,3741.405786451453,3756.8829007939,3680.06283861885,3693.3194690818846,3725.266035453486,3692.8841228749416,3681.4292888007403,3699.358981179475,3713.3296803118546,3727.238688217263,3558.407628161828
1,c456eb612fc2008dd496808b0d7f793eeacd51557eefc23200682f2d3b5f0e1b,9000,8088,150,true,false,true,"""SVD""",1e-12,Simulations.PCA_rank.eigenvector_pca.fit_pca_loadings_svd,2,13173.111523144165,11958.012434971792,8052.229269512703,8033.334475332302,7819.348094668698,7192.4657377998265,7184.828465799116,6368.868826292109,6255.540289229547,6229.087685295355,6171.938902096332,6008.211267237981,5804.684193086678,5509.839427090748,5473.859773967266,5476.700147901043,5520.412571023857,5463.422852008986,5568.555611673502,5835.569313104675,5854.2828048240635,5866.096331863369,5864.025338248171,5692.9248750465695,5686.5248444213785,5744.771088662857,5443.865197785372,5185.944860055264,5190.841584690888,5036.551269678742,5005.706089226952,5050.249117920224,4852.354250022812,4845.379279679399,4695.573248750713,4631.165648418282,4639.567973255524,4593.886437657295,4554.712375271617,4596.016788038961,4555.592633068851,4502.739469738477,4513.908845536692,4413.882306534569,4432.632359361265,4527.540228222619,4217.483125589091,4258.358407910926,4285.468692895796,4174.273929485867,4186.086013727108,4195.807472575624,4193.058227197785,4079.3883068314703,4088.6964570540567,4115.174043896296,4080.308482600297,4138.55834117709,4149.246006697847,4083.2657929730954,4103.789434136868,4067.8331998036706,4065.933292054922,3721.2972924854043,3631.8988399717005,3619.2205717963393,3609.938380949171,3559.3010553490944,3572.8999902087044,3579.3508208211633,3582.299145229236,3518.61313401065,3528.804667214804,3544.1460814369157,3551.6196138176165,3552.1481902185105,3538.625244829743,3563.597484475898,3555.98941067814,3572.959227578382,3577.5992201408935,3609.5149778153736,3601.1807157018457,3592.296219277356,3629.6966328482663,3660.174867227024,3651.1071398090003,3647.0255801079743,3643.0689990672413,3628.6150459743844,3569.6862783857223,3565.1181673177243,3449.091676188561,3446.940223366826,3451.802664009042,3463.321296914583,3484.2953165028675,3399.497333772944,3405.7196545315833,3394.6446072458934,3394.7820343275253,3358.9409010263644,3361.7685207208856,3376.007531803573,3381.6831197305605,3385.126184245683,3382.0060805020885,3389.7783074112813,3391.011558469519,3389.770323494413,3393.4906276388188,3395.055628901063,3400.3436538662663,3389.3192721290907,3390.132035833106,3397.8363109940765,3420.921878146089,3423.5061260959255,3427.4127420888235,3399.158955589766,3392.4367837733225,3392.117701844788,3407.3312937846626,3412.129285279032,3444.1938981581698,3425.520149252516,3434.374471499269,3430.0870384610757,3438.6494711286514,3465.4879590159126,3468.843871454665,3475.1565113450706,3483.2921020326125,3496.3292843529225,3441.2259815254797,3422.0900057704007,3445.6127617957713,3440.007276495943,3436.1235935701116,3443.839475147843,3451.454663716288,3467.499298760274,3481.6995350445554,3492.227481312537,3503.0667069245605,3547.6393638995564,3564.4099629058346,3575.463613884395,3556.24290789286,3580.401828828775,3528.2535603491274
1,c456eb612fc2008dd496808b0d7f793eeacd51557eefc23200682f2d3b5f0e1b,9000,8088,150,true,false,true,"""SVD""",1e-12,Simulations.PCA_rank.eigenvector_pca.fit_pca_loadings_svd,3,9477.140074156134,9502.250389367078,9473.121658644552,9345.072616607458,9320.410526744858,8598.21775689934,8634.437467421256,8664.57290731091,7120.962305939131,6426.2392518849565,6270.235083865171,6256.522721109694,6214.589856838225,6198.401783348546,6116.334993755913,6121.550020984867,6146.856400669449,5580.246813511602,5507.2797000285655,5516.596903390067,5370.628104083877,5181.829118714168,5028.870131880359,4968.905310608042,4915.653618637069,4920.417431656283,4871.128695454393,4826.773653261794,4838.077542907458,4871.503567512756,4860.322258705837,4839.593668069442,4849.434171159503,4816.435659785533,4774.950657334038,4770.565340888194,4772.406150764219,4763.60849242317,4645.434657818623,4657.522530339907,4632.355765975184,4544.895580274847,4537.683205064,4513.975335238433,4508.7590436576265,4534.379514057868,4462.220937583997,4405.5237164099135,4419.676112934545,4428.18188422881,4437.077311463635,4420.426512615047,4407.102673940761,4395.808662152281,4378.681538764093,4294.068948804778,4294.600163949127,4309.624876608516,4315.549783312484,4315.718551350006,4328.39455481316,4331.994264491632,4340.185690062504,4363.67468092276,4361.997080201749,4364.4138434903325,4367.956768888187,4375.398560587904,4373.22660516843,4362.1367052656415,4374.68939531906,4387.710717429357,4399.014204652817,4399.628311691179,4400.206637269357,4282.804586593446,4224.256813289679,4208.505311807179,4193.2299673420075,4200.85070746277,4197.1733192498305,4140.668059467133,3978.0081755427236,3996.008766584792,3947.911164887496,3935.5666939897983,3941.5030221550783,3939.2381877022067,3923.893131598015,3920.093568451798,3881.9199422018046,3886.6370942161784,3877.895368385477,3878.9231096566523,3863.0712760316233,3864.205512351115,3861.954615591295,3875.839252646116,3835.693808761834,3830.1444403943087,3763.6119754515967,3771.3333320858505,3777.4698719828566,3766.8758396683365,3710.3146346753088,3686.7814525457206,3695.8794618754387,3705.2088190128934,3704.0907187780936,3690.4377072556313,3702.166810857233,3742.4400306054717,3726.2513206751437,3756.3841641247677,3766.109585421058,3764.4649260173733,3813.941009658057,3822.8676136088097,3750.4463511177214,3751.7597469184484,3748.550649399276,3768.219244140406,3770.257606214994,3780.051814301287,3752.488703066129,3731.0988074446755,3662.8525779525244,3678.4732154762773,3681.940864648994,3632.8743335080762,3613.369010288582,3593.469374000285,3603.5987533621865,3618.01166530515,3623.056202470521,3640.8884830817055,3649.8440569799177,3624.405715933474,3655.9943705222145,3662.4386046405666,3625.2998425726173,3647.744282407963,3668.041038775893,3687.4255187044027,3644.6537046554495,3650.1993737665316,3681.3262236915775,3714.298813974368,3711.586450339483,3721.747066061993,3757.46376791534
1,c456eb612fc2008dd496808b0d7f793eeacd51557eefc23200682f2d3b5f0e1b,9000,8088,150,true,false,true,"""SVD""",1e-12,Simulations.PCA_rank.eigenvector_pca.fit_pca_loadings_svd,4,8845.774508739505,7987.39883850917,7817.500592424875,7474.918286322955,7420.268745870176,7281.102290873468,7015.09091633126,6904.744225513617,6609.991002352638,6505.33223649231,6491.247981991858,6498.624807443279,6473.86015707635,6306.860786422069,6280.63623157186,6286.0340032890335,6216.412780566953,5864.772901974026,5632.79099041065,5652.345523566774,5659.538694668966,5604.627247003805,5609.046087288957,5597.630335147941,5591.713343423566,5502.654875008772,5385.629612362372,5387.490788445107,5318.940710749011,5337.242569462464,5390.6317065664825,5393.126133901454,5405.606519907452,5447.109437397048,5471.853195617979,5387.8183394358675,5391.251783361023,5392.655585877115,5073.669615619771,5043.889465456624,5068.024258742144,4986.872471608642,4946.122385183316,4911.974920143887,4919.313842426093,4668.767737858073,4696.473348419951,4703.315872260597,4763.967941930516,4704.001272663357,4689.019303485813,4692.673903022572,4669.587489589802,4628.152673645061,4639.644059740366,4681.562239818127,4540.517855168767,4563.796294557192,4571.787851337736,4512.405846189813,4476.124641125396,4481.685460829291,4477.159970221522,4488.573611565238,4499.48248451628,4505.8055102169355,4495.7579153608285,4553.170322031632,4572.83792820093,4608.571016692301,4594.401545271655,4575.879488569074,4638.802406930995,4630.187257565983,4484.030163666836,4472.113009100865,4452.2571586030235,4434.6029913103275,4453.804330425044,4486.834327174158,4491.508563282912,4513.347437308617,4514.413995894957,4510.38926166838,4504.052074049433,4491.674395776695,4473.498709683731,4503.968162513654,4514.715234157901,4527.877423788085,4573.006760613303,4587.34763913144,4610.067238840823,4484.429154568302,4420.9632886519,4459.591124269904,4264.341414358858,4261.211062563134,4229.535357355092,4271.533182079418,4217.692227443789,4227.782097083134,4234.839799939681,4169.424453606636,4185.257745222371,4213.682300029972,4286.671657417009,4449.169949745684,4445.256677636247,4445.357299460479,4456.050437906148,4569.467799943763,4523.478824033986,4531.443261935761,4496.654469338108,4552.774823008908,4609.1149915241085,4626.111498427197,4630.672423157786,4638.567613811115,4598.659723496257,4594.80524401275,4589.00426136751,4576.9208219155225,4659.634566411845,4701.498363060653,4540.113009608762,4361.9756541030265,4366.265361606452,4271.964671795139,4220.672121032784,4191.440359749681,4257.617681776751,4261.54421065822,4286.190740546658,4280.174745381577,4187.119258665614,4076.690877122354,4088.306053243483,4102.925984877771,4110.718449948802,4126.135021824646,4109.137215684269,4139.015563607026,4188.809353669528,4255.955819718115,4291.100928530236,4019.314830669086,3993.7959800061094,4006.184132215964,4052.6051877139266
1,c456eb612fc2008dd496808b0d7f793eeacd51557eefc23200682f2d3b5f0e1b,9000,8088,150,true,false,true,"""SVD""",1e-12,Simulations.PCA_rank.eigenvector_pca.fit_pca_loadings_svd,5,15744.40863849377,14126.435536070707,9646.552637427252,7731.313591178486,7544.8459101014205,7552.875985065907,7496.516423547917,7237.27733482538,7318.484137601331,6496.580565919722,5646.853425680835,5635.693096739826,5585.931198524083,5559.517267517987,5442.093654625596,5322.912520892473,5349.346742962852,5298.6311524319435,4960.327522548107,4860.726043681559,4865.118699809396,4875.118060364822,4861.855872335368,4816.755089519753,4816.1447534753,4778.495685067937,4828.713050817595,4813.966174816635,4858.830687555022,4885.585586377068,4873.012536874487,4874.869553779572,4754.9917073193365,4689.019345422966,4710.378017897538,4708.763139743866,4707.251020329531,4712.197338644029,4829.84535864798,4748.116509524494,4787.693313669286,4888.919869797003,4788.393006287096,4801.868190826282,4538.0859788490225,4273.125026549146,4154.03529027281,4172.36216047118,4115.131710925009,4123.887597432832,4095.3908126731044,4093.63559190677,4061.990904369817,4045.0842638446884,4053.1176015989286,4036.111525645352,4013.822806159666,4067.3232715011814,4065.426886087577,4082.6284205455922,4093.8315893972062,4069.7984936743583,4077.989824852118,4103.082135897855,4187.607718370778,4155.220153669039,4155.82320099409,4044.325705855461,4048.6353675014193,4030.8298287533353,4032.1304731706537,4021.724688770494,3940.8761899123083,3916.962292313977,3856.023328242565,3868.373419673687,3861.4964568714067,3873.991481093239,3835.3609891584283,3795.9199371456857,3804.2358704401563,3811.6370808716556,3828.4216530685326,3835.0246209786296,3844.581248045102,3853.3693723309693,3848.107061729561,3866.0801416902564,3880.4201678618933,3911.9920841405683,3911.409808408657,3898.4877862045782,3900.2942736492087,3832.334773425576,3848.750287170124,3822.808613909236,3748.2607105238253,3707.829039934999,3706.4294554999597,3721.9682261590524,3731.9799737203607,3747.8370350726336,3727.8122813041255,3718.9313324427108,3722.6777965240703,3733.712319657501,3743.3467878960028,3754.007395438106,3762.9049974775376,3775.2477805158132,3777.7634202056825,3696.2483211646368,3685.0063515550323,3696.7655599655614,3717.257962452112,3711.1599325920274,3725.022573978281,3673.547034295329,3679.2059046966615,3642.3943672099126,3644.050688175388,3605.3976755590056,3613.667175658952,3622.72401751968,3624.9814204081076,3618.307906094467,3633.66629525431,3631.748160652613,3620.950903744118,3629.3447352822513,3624.778468767687,3625.2905620287106,3631.7914222227128,3651.268040532382,3675.1542708603056,3646.7464787813387,3652.9843028544897,3665.7528394026144,3670.8364782085287,3676.4979363646157,3688.938039853351,3691.75673827587,3649.803126216973,3656.2212737145687,3653.460528732548,3684.8097638091094,3701.566844968745,3752.779824266931,3767.0406829045814,3790.3588369704,3745.2937275377467
1,c456eb612fc2008dd496808b0d7f793eeacd51557eefc23200682f2d3b5f0e1b,9000,8088,150,true,false,true,"""SVD""",1e-12,Simulations.PCA_rank.eigenvector_pca.fit_pca_loadings_svd,6,13475.626420496275,12064.898983176303,10809.259790368,10465.915849034833,9980.027282208961,9829.679899781731,8200.38340285882,7982.996968730789,8041.8727771546355,7779.555743976123,7640.043102770409,7559.862135012857,7559.856831403869,7492.580873588539,7435.614129948866,7040.318745827194,7037.701626808984,7066.453129875027,6929.796582502648,6894.313344951437,6872.301367461739,6659.980312118109,6660.034841177099,6533.701131617884,6444.720073091902,6379.147435524164,6401.270697504128,6536.037377342095,6187.209230566121,5961.416912956529,5881.732310374516,5813.4769358611375,5812.414212375507,5806.069296625978,5659.915275670783,5618.603074395459,5584.318702464893,5568.668530867327,5561.288746631703,5577.369916019211,5568.350514894574,5442.416858633264,5317.370046371488,5303.788036643187,5305.513794231829,5341.717872537173,5346.468333230762,5102.518141888584,5112.843617176027,5150.951167368566,5140.77085989852,5143.08528901674,5131.898113702164,5144.204676561811,5121.350140535863,5113.496226855444,5095.9490556038645,5140.045182006838,5147.096247380986,5154.75551987312,5152.683788196507,5160.594965713258,5091.177759367091,5139.417982891298,4926.254209948903,4879.5982162604005,4840.460386991292,4806.631089446674,4664.91856668365,4688.929188874201,4715.974343780968,4702.398838581236,4694.2176468980515,4707.867096357326,4718.769550796618,4759.987322608501,4753.308554279946,4761.510976400844,4777.850149748641,4764.046569621266,4684.504901296206,4586.276088842086,4573.489508296996,4405.800284004845,4415.154376499806,4415.7154404012035,4429.353917415099,4416.611270532905,4417.29065520938,4378.7126316695785,4377.592858947568,4371.299863907039,4399.008457889296,4411.15526671231,4423.137379619876,4415.953944469984,4418.365171555082,4392.944850871543,4403.629075763644,4353.802724278507,4361.421039463913,4323.320183278593,4325.766247714038,4311.900981131365,4318.958697700546,4279.062456805372,4286.495315120973,4287.743288865095,4283.055600366633,4290.220998352203,4295.022256933013,4326.542905661262,4302.694482346769,4310.838693293836,4313.344977393968,4310.153566367025,4360.282253973329,4366.180355549888,4298.59020275421,4309.22966436749,4254.677517911728,4269.525548872419,4266.621093158328,4280.674751524571,4336.3044433590285,4356.692654250917,4359.804547053321,4381.337064285525,4407.885138316391,4463.082038909127,4458.528959175585,4425.420501159511,4468.787372723538,4497.02903965352,4361.237045043951,4370.1435724750445,4416.499097513335,4436.823126094296,4491.885340353112,4495.878319080076,4521.903186447874,4578.068236324123,4707.083747385421,4757.858217641897,4795.918433641084,4774.448467095444,4750.934656946988,4768.357508649915,4777.8108053281785,4734.390332215185,4397.547730045094
1,c456eb612fc2008dd496808b0d7f793eeacd51557eefc23200682f2d3b5f0e1b,9000,8088,150,true,false,true,"""SVD""",1e-12,Simulations.PCA_rank.eigenvector_pca.fit_pca_loadings_svd,7,10097.972696441844,9824.759359629583,9826.767748846694,9816.686774298189,9541.963498032374,9012.314540467803,8734.38657979834,6945.980857915244,6806.508987159344,6818.78100859309,6827.547363192331,6813.020261956104,6176.542921330606,6259.758354738165,6104.265750376545,6007.637336525938,6080.103203462587,5933.463059833606,5619.740434267558,5521.910197028473,5496.586785019391,5458.434995221693,5451.3230584158255,5419.282593045126,5435.555058361063,5393.175018850606,5421.332499748761,5269.221698309141,5191.751520493364,5259.99663651557,5239.705726347468,5233.005152289724,5246.356922611056,5235.549932690369,5159.739606152899,5160.758767887356,5184.532244493804,5124.8242264557575,5093.14411988017,4942.311472891653,4972.468428552325,4817.813557105338,4792.8029637528325,4771.776718616674,4769.414584827326,4870.976263763218,4811.867232967539,4837.250486616945,4855.02016016126,4515.040373232396,4499.14779106327,4481.806235003432,4491.244731676903,4478.196934799521,4349.2972717695175,4333.260119876483,4355.975389082558,4287.314306615612,4303.480418139085,4289.869259920915,4293.522856126085,4298.640955691542,4305.9963734406365,4317.02948222986,4305.537314708955,4317.579023130601,4311.100139954102,4320.646305619088,4272.96573768984,4158.942169079771,4178.464717888352,4133.284102211655,4156.21011556875,4169.1784190335975,4139.794136009221,4158.381313930422,4128.893575662679,4051.1969362616883,4062.6716544815545,4069.873892909179,4061.943741381837,4082.4118520660677,4095.9728045747374,3982.840281447017,3995.5554355990394,3952.4468874088157,3959.939061178696,3937.7612571866525,3934.343160726693,3939.5609708323127,3909.362335727589,3885.1083456328997,3885.3447044172353,3889.9540005261533,3905.1844671070985,3961.6127257683434,3840.6164420185287,3847.5830050466893,3828.594236673194,3822.2344332222815,3794.1555099520665,3706.14824164757,3711.458591422464,3701.898545723258,3704.60193832498,3708.704433859426,3711.4581888390076,3693.6142191871213,3678.1330748014598,3680.312042461948,3679.695269354422,3688.2980266865056,3702.2547162852225,3706.233753503,3710.574577622179,3667.0217210603455,3667.536099561088,3674.332840540217,3641.5588128996956,3647.533611623401,3657.724483411052,3636.477025243954,3648.8118550193467,3658.838745383001,3689.6927181764986,3700.0168260915516,3709.007802843153,3721.971273197284,3731.234923680654,3703.985999756486,3711.30034285126,3714.827082192928,3640.025035671649,3648.7732583356283,3649.385904899788,3670.7375584829724,3656.621402491717,3671.9781788128953,3675.5700016450746,3684.115580452118,3674.5158204514646,3637.999983368849,3676.540175812917,3725.842281434614,3732.5357751159654,3736.0841629436395,3733.1701786852,3655.8319110867255,3708.2766398056056,3715.3379112369144,3621.3246184431105
1,c456eb612fc2008dd496808b0d7f793eeacd51557eefc23200682f2d3b5f0e1b,9000,8088,150,true,false,true,"""SVD""",1e-12,Simulations.PCA_rank.eigenvector_pca.fit_pca_loadings_svd,8,11871.76645282717,10506.176656049553,10426.102733163496,9292.309489509413,7669.947231844976,6792.552657164677,6665.865608981341,6652.269110633104,6574.84892163761,6559.479173571523,6551.910488935863,6196.9849920847255,6189.599967082235,5788.376444318662,5698.9684989790585,5688.115820306503,5701.130459221895,5594.895962110212,5504.31724713641,5510.880084745891,5517.009053750013,5459.624535033873,5362.7041917575225,5294.999128066411,5299.289784185868,5235.1080178896655,5258.432905227849,5328.612460644717,5288.497228602915,5111.277378877103,5107.225003716612,5068.57328707011,5026.487572154192,4940.1304012615665,4776.062110136279,4779.2094168979465,4782.04367834529,4788.275663972073,4791.372638967932,4798.605033334969,4791.157578358125,4806.804395702356,4793.7640119828075,4752.537071163372,4773.496741953897,4702.2444996675795,4676.835373210851,4634.6432346367565,4646.788359619953,4659.615464309217,4662.149667797272,4669.906506620303,4677.758058438337,4621.22120034983,4597.177842592466,4598.957148293781,4614.802176872048,4623.15116011612,4633.637647153139,4626.155996233136,4638.8507828400025,4643.911040972044,4446.196225709186,4431.143463490195,4422.746167582817,4420.883944933933,4418.792445859524,4426.7525049750575,4427.427582184512,4439.152351520913,4479.935425334623,4480.1392973997445,4424.124978574228,4438.204928578653,4449.257452725423,4265.122328772772,4272.82051074881,4334.463021813301,4350.454633450464,4390.869851155519,4362.354335412312,4315.312712918148,4302.412906173907,4423.631446714418,4420.63572795026,4493.322002717372,4512.998049990453,4526.343795165921,4554.748410840764,4524.296831335622,4525.102038300332,4464.739020677066,4456.71136999008,4412.1287977737975,4371.801640206559,4424.363130191914,4284.889691348737,4182.14420589007,4149.25480418662,4172.772644432772,4144.223342108173,4140.480251689403,4180.434575469336,4075.52568298582,4059.0322483220157,4065.761549173017,4076.295480858589,4155.619406831193,4162.5300786467205,4175.493225132505,4186.49775766729,4245.882012108365,4293.606666960783,4315.097296631498,4344.218242375343,4305.3698826721975,4133.798490717789,4152.269010011172,4085.169841125363,4107.461544397879,4110.419527170598,4078.8829857744054,4134.535514138946,4137.048706007932,4278.892797120903,4293.38869438194,4298.4129962775605,4246.682615507274,4262.358168947065,4111.8331973234,4117.974595032902,4123.20279157641,4172.570484734991,4201.721231577493,4103.902770605428,4083.9799203898524,4096.294925803755,4187.198914722351,4193.096892370016,4213.03320990124,4243.170770570288,4241.825578221474,4317.837029463736,4341.477408809281,4366.022844980971,4210.441015458143,4213.162593958808,4267.048104343938,4252.30182628749,4265.941051106896,4292.813318895618
1,c456eb612fc2008dd496808b0d7f793eeacd51557eefc23200682f2d3b5f0e1b,9000,8088,150,true,false,true,"""SVD""",1e-12,Simulations.PCA_rank.eigenvector_pca.fit_pca_loadings_svd,9,8140.28872324185,7437.79774146143,7420.24451887172,7232.17096576303,6744.7212364419975,6557.205727726554,6567.227386360047,6372.102030856851,6393.376454445018,6135.088561591269,6020.658594115404,6054.985861611538,5552.126616177323,5297.0351587348905,5240.722489514657,5223.091122532824,5074.908488243961,5082.061195284674,5022.085334163306,4877.517869309725,4657.462381854337,4650.126096720746,4632.198603972904,4540.9343936142395,4522.335697482784,4503.089031369785,4476.957827745856,4478.813721191781,4480.41563183358,4452.982546079337,4342.084974835264,4299.1740841464125,4226.186066586323,4233.061114965419,4241.0761604201325,4239.385319977371,4234.406810613953,4234.0513938448785,4179.439188562012,4187.27054001759,4182.73328257529,4176.424222141245,4179.455192804146,3996.2830331881332,3994.724168703481,4007.893093330852,3991.694903379077,3958.1708584901494,3991.4860312396586,4000.9253561183023,3995.1592195012963,3993.1348783170556,4003.2260319867205,3996.2560460981576,3998.3769462558453,4007.708049441187,3981.7977708359804,3983.822115706886,3989.5573944317043,3990.7719723277933,3998.387255780484,3998.1500789983597,4004.684679391979,4040.9357879230774,3905.9916518439018,3904.2861852981746,3889.2715803946744,3852.8572267494546,3873.562829769916,3898.460545613453,3919.375307054532,3845.771925694494,3866.1826589906127,3897.0809658528515,3959.381670786131,3709.575886440202,3715.4207009279803,3646.765286359862,3667.3205395663163,3652.4864173964415,3662.1803011695515,3677.5492823850304,3641.3999665374167,3660.0496313547465,3683.7388709983425,3691.6574040422056,3701.8038494478124,3697.732258543707,3700.649062134962,3695.77446559596,3688.9040105722393,3704.5395788020023,3702.4914707719386,3638.896538076393,3628.7464082688984,3714.3785742373443,3715.5175764020046,3710.239976078158,3755.968671633965,3780.3001602848817,3683.922133707999,3614.5168560254497,3609.3676149352723,3562.894295179868,3558.6593179973643,3543.8021447213087,3481.82905747491,3460.5437720777336,3486.99985453709,3497.5294730186165,3500.7583388501557,3511.9498343691916,3520.4968710721623,3541.3700375557405,3515.1702407973107,3516.7108009086032,3446.3517755980497,3418.9586010726975,3412.7401802791283,3413.00420981344,3425.094003959347,3435.383162454572,3448.6384474714223,3438.5714861544006,3448.568479679089,3460.268848433707,3475.089266332406,3505.9201823712656,3510.6579609750793,3518.6157956815196,3524.142989282286,3529.868365462266,3467.1846147465003,3465.5270066124913,3469.497865472048,3417.8795808431905,3442.9900209512916,3436.7335886448504,3455.69382198625,3463.6024745089776,3474.6667860714892,3493.6293014560333,3492.625774860457,3497.3964561546236,3457.0720730945327,3473.513144251216,3469.033627819059,3491.3982979585235,3513.434338275626,3496.9730722242907,3435.7900434131557
1,c456eb612fc2008dd496808b0d7f793eeacd51557eefc23200682f2d3b5f0e1b,9000,8088,150,true,false,true,"""SVD""",1e-12,Simulations.PCA_rank.eigenvector_pca.fit_pca_loadings_svd,10,12983.60278914096,9408.790015591454,9302.395637486907,8907.023378647144,8906.470194001531,8677.379032607638,8603.212456705733,8430.938366107945,7663.455634195739,7696.720525001091,7724.257804092991,7156.023544186289,7080.700588144894,6761.88131220913,6502.8180786453195,6441.573228071145,6461.718752148515,6438.889478342534,6456.071781051912,6400.85445287626,5826.474815225857,5837.424445588791,5824.048278467532,5826.748537365996,5719.391144874025,5680.945641924967,5614.43564846287,5726.234409725073,5833.996270080429,5286.637077495213,5217.333652663648,5166.48170518807,5171.9751917123485,5128.99361315148,5132.374333736039,4924.232466104275,4916.918846919427,4912.479997712036,4915.608248810063,4908.4957378563195,4913.450710671292,4919.326516120469,4906.02597948344,4907.665977732273,4913.196830760244,4877.0368562654885,4845.105959904056,4757.459040020612,4766.941605109705,4757.622372605086,4748.553409442065,4632.001421993316,4616.814149342559,4548.503743090647,4538.747887834139,4560.731607238851,4433.691053181938,4484.26234894919,4482.178276818061,4466.474401706455,4398.101745964139,4410.800245377057,4209.857126620961,4227.518071624593,4233.564379170313,4237.921692694573,4228.5629420358655,4245.750948227998,4271.7159813878625,4268.637335287171,4266.519103718324,4267.874247933132,4331.022555428881,4318.708329148857,4501.191632305128,4553.641076363505,4573.034833033695,4354.722199741107,4369.701270138418,4632.091851107949,4629.852183154948,4528.071251467441,4552.034327783183,4579.146012954992,4806.653779585425,4865.020754099413,4966.616654874549,4725.564747729018,4583.210667859628,4582.208557773925,4612.978954895056,4618.465376011754,4604.873954857197,4469.231463091854,4407.020708203463,4386.077010162506,4409.476554706425,4422.104215661516,4464.979370489795,4307.969141103266,4243.373153417672,4257.138778901339,4265.204549326539,4278.252279897862,4214.81136968662,4189.1873906319925,4158.508590848714,4180.960782978799,4175.461226424913,4202.250777257055,4214.716394115526,4287.121791919629,4311.421283220013,4235.85616485169,4175.499221240131,4174.0731782151015,4169.076824692407,4181.631468405093,4192.095359645707,4150.838403758357,4151.776423306544,4180.622782184834,4207.551635216124,4272.536296859757,4290.992308420599,4259.162866450164,4252.337669071886,4223.657539296468,4210.400006707823,4216.5121514102975,4212.495891541233,4236.973824396828,4200.97838274937,4115.970570992889,4126.546130813172,4209.581038761838,4182.162425963111,4200.378964271079,4251.251108640389,4265.824504148474,4274.163266894137,4306.4208012146155,4081.4067856501647,3971.2464829390356,3939.9634721150223,3995.81999858021,3940.2616259555734,4062.1994178242603,4106.319179913336,4119.627346978962,3990.13815750944
1,c456eb612fc2008dd496808b0d7f793eeacd51557eefc23200682f2d3b5f0e1b,9000,8088,150,true,false,true,"""SVD""",1e-12,Simulations.PCA_rank.eigenvector_pca.fit_pca_loadings_svd,11,11626.389283691824,11262.17440213966,9791.670914814906,8764.999304623225,8151.933310785632,8123.4369013489695,7997.7721954350945,7845.489608246708,7813.505941496785,7846.399904068767,7891.574071837646,7223.517521448562,6949.309737557047,6880.622617895724,6891.286858906301,6881.48268993619,6784.631250717076,6520.132648644672,6490.936803765999,6219.1791955617055,6212.118636834562,6217.968009914084,6167.573093643097,6181.873855919355,6177.654817729689,6186.572896161971,6108.040415142941,6229.357557084325,6251.354079976037,6265.942365830913,6222.8441352442915,6161.746503837298,6144.718180623196,6151.080382328257,6029.582828966056,6010.106023955282,6089.739086882433,6069.947546780491,5988.811998007659,6030.922166132097,5942.611252768547,5956.867618351337,5964.328717466063,5893.696652637178,5790.549037907729,5822.778267812213,5834.6314974961615,5758.976748107503,5568.001046594966,5202.120223842508,5141.859715134256,5167.062027871771,5176.172812378072,5203.792263394389,5212.989745825515,5278.487801741454,5318.253833150401,5239.2861180143345,5016.922075867703,5022.198580562937,5011.18526671927,4999.803127646302,5000.582092846616,4991.026858568915,4954.242511133424,4946.706700072746,4919.6300908111925,4964.9307900918875,4948.296110498273,4962.217802315797,4894.812815904634,4866.015140257957,4873.9344121155455,4844.521795653083,4928.205946468411,4987.162603804959,5032.8949499626315,5008.588009878886,4773.690488413307,4799.715011692942,4829.782817911801,4889.088568789234,4906.807092458406,4684.818578293328,4645.67448053554,4650.975368670575,4665.0685010389425,4628.074440138555,4641.00130101618,4590.9041588423115,4557.436344814495,4579.294028811641,4504.573639098323,4522.082412265338,4537.014364439799,4468.57717741588,4509.1791057223345,4581.0103154047365,4610.472804384057,4657.749425503406,4702.955175030854,4632.942985737804,4586.9842941619545,4491.8633105727295,4488.98596325074,4503.375882027707,4522.691488283428,4429.680753590407,4379.200218412298,4397.642138728402,4287.620157570873,4305.092973582568,4310.853956687859,4322.051033831911,4333.147727065171,4231.880016076675,4292.7635554435,4305.572797579116,4292.358364487188,4250.74868724979,4234.242291256729,4182.615903603333,4193.658198502647,4252.301065228778,4250.214790927381,4240.464698194554,4281.935501978642,4294.094226268854,4298.819786587204,4281.950655940936,4322.281850061849,4362.484621627444,4328.870078843281,4227.697199910587,4201.18251936794,4248.376175547142,4187.18060374834,4192.763009463454,4132.096149644515,4076.4032892459136,4092.328493777062,4079.238006598482,4100.893254993712,4047.567762086022,4078.843569785074,4081.3928116683655,4106.259336435526,4066.67644006467,4104.851783612793,4063.9386753122026,4078.0664907218543
1,c456eb612fc2008dd496808b0d7f793eeacd51557eefc23200682f2d3b5f0e1b,9000,8088,150,true,false,true,"""SVD""",1e-12,Simulations.PCA_rank.eigenvector_pca.fit_pca_loadings_svd,12,7609.256956535082,7135.560925093252,6893.685209741163,6900.138632366618,6901.515460952345,6813.133740127878,6798.5202772363855,6688.083616895432,6756.160792383359,6758.739925812476,6810.868361299115,6525.244082284792,6433.399986698268,6591.538095831969,6574.292290767272,6528.906529682338,6418.198877359727,6024.074978552745,5422.342146994184,4962.451902169701,4964.973433837873,4935.063791723681,4869.382178956167,4676.795138529061,4658.8309034398235,4659.979336436792,4686.245820579654,4549.051268553513,4544.191929154844,4480.329507874065,4434.182055890002,4322.82936719564,4297.222605639787,4273.262855362376,4283.078189004979,4246.815834649807,4252.481473523303,4226.507071243403,4312.8674221685,4238.043706617694,4201.9113589782355,3947.144275934248,3803.905309277523,3767.0447007153716,3747.610106783991,3753.831541229249,3766.495239148531,3763.044092655526,3827.1230867694085,3848.3471172777527,3875.8107194762856,3893.9312262104613,3889.7385566386583,3752.5851607061168,3723.3015329698146,3724.8442932667476,3667.74751104588,3613.0339103594447,3572.94794927795,3576.3372892997354,3457.792792741726,3463.3725670859617,3471.7296215952324,3477.687261211994,3481.3625978653245,3486.280247583557,3490.2013746683674,3496.111428479108,3447.302281201119,3448.4001969948563,3446.9299642389688,3424.295371290194,3390.0578703551955,3341.602576223451,3368.895132364813,3374.6658838197573,3334.054010250321,3276.7152519921524,3274.6138442677175,3291.1938213809703,3297.8541894895,3303.3100855583034,3282.4498097950786,3296.1062886389072,3322.097025764694,3323.785676881438,3330.699362551944,3303.3151340845457,3301.921346139902,3360.5579365077556,3376.0339403199555,3395.7638907584155,3308.495587713731,3285.749370633678,3251.1655834779795,3231.712915232636,3132.797196914694,3136.0987953246204,3171.905176307349,3182.531568811625,3173.6027839160765,3165.386845457787,3171.1463095815016,3206.8594068797656,3217.6457988180555,3222.3942368883695,3176.901983402006,3182.165772044631,3200.2493916825465,3238.010242100153,3208.7527697193764,3213.5715897075675,3194.8580973425564,3187.815216513848,3172.430791212973,3182.26964204046,3187.481410809537,3190.388402556947,3196.769451356766,3203.9278557417465,3217.0562318048155,3220.4400342205518,3226.847061427901,3158.99986495463,3157.0598347632344,3162.442853418108,3180.459939916795,3069.876870046052,3056.891734958792,3013.821643864698,3021.231275556955,2990.5662551591895,2994.434592705482,2995.869208587659,3006.1244170382593,3062.408748981011,3072.92715564135,3063.9774624866136,3137.720399060093,3148.9365813999043,3176.0398571072183,3214.1030421453256,3246.075172877646,3195.0750718652234,3254.3921816722127,3229.541486019359,3277.6104941141703,3244.551629669617,3272.1029549655555,3282.2882411023415,3409.1444575090595
1,c456eb612fc2008dd496808b0d7f793eeacd51557eefc23200682f2d3b5f0e1b,9000,8088,150,true,false,true,"""SVD""",1e-12,Simulations.PCA_rank.eigenvector_pca.fit_pca_loadings_svd,13,8733.158058965208,7904.495834468049,7416.489386915135,7355.610658738367,7184.929482128475,6944.553929803457,6656.271796433104,6594.219883211452,6588.494375678191,6615.415831548756,6510.284112390464,6459.741331329584,5781.091691246598,5695.795718205042,5662.354381020357,5661.739905960065,5644.021011876897,5649.524879929313,5644.907067976567,5658.1273388449945,5623.910561486546,5475.1830508729245,5373.305672246926,5312.095098370261,5206.887224972577,5133.574340560459,5156.302362976427,4946.266719803477,4956.083774555914,5018.862975770699,5034.733170460212,5008.6689896618955,4987.607727269537,4937.740044829544,4870.094388360044,4740.330563414937,4746.209138587007,4686.714278960564,4643.188825365349,4659.350649360674,4656.684368940331,4694.197019454294,4698.989020756341,4706.379240169754,4707.83716538555,4851.692426406857,4872.955212774056,4619.398422353667,4828.870876543874,4826.665056602557,4708.682284113554,4443.172255245905,4431.672834998431,4436.551603852638,4455.328599295718,4331.573433247742,4072.847537564748,3959.677515434776,3966.9118102952916,3967.0689051627937,3975.167225561577,3971.0375254644478,3966.0733417494107,3967.6645457426443,3973.219194062499,3958.7277836698618,3888.775960158146,3901.063480047382,3763.1539112299174,3774.282397864649,3760.2956491440427,3773.7142746335776,3771.3621359209706,3774.6234115852385,3768.239743780367,3774.365394101468,3774.0435902422496,3800.0647991386654,3811.903331220479,3793.0818237727744,3803.995364048241,3805.3330630969526,3810.714845701347,3815.622960911106,3817.3248192118413,3749.1544898778616,3744.630600722551,3752.6066540938637,3757.838117820132,3760.3965848987923,3766.887475756186,3750.9389041799805,3752.8364338037027,3753.5521940020276,3763.5241011403723,3782.9933206574174,3803.003661146772,3821.808290151082,3827.326727108528,3835.0548384542444,3819.181857889438,3845.957019516743,3852.67156359381,3762.3582632247435,3773.4493348849096,3807.4789317531295,3790.295422957194,3798.5699599077143,3801.014517779191,3723.1711170612903,3706.229818073592,3715.7751882193534,3716.2620660620705,3712.3484708524043,3717.8619727767486,3723.176346845835,3724.215909790363,3731.751351354751,3742.1942757657644,3754.0576334934262,3760.4666583318162,3671.2541500067086,3677.3537365533457,3681.6499796370763,3690.731944825502,3702.735675400813,3716.330482773235,3726.0174502575805,3749.349348383564,3741.7927716713125,3747.4777854710824,3703.968013409521,3712.7443776127525,3735.347680014986,3728.9537419755893,3743.9035112075476,3721.8074381845995,3723.715900616958,3732.1217020843314,3665.5456364973315,3675.8157971651567,3689.6477985991487,3686.810221360543,3691.6331921044916,3707.1216301933937,3729.0342970417114,3746.717073178384,3702.1455218117085,3679.6158845695977,3674.2325225419013,3686.4144476524634
1,c456eb612fc2008dd496808b0d7f793eeacd51557eefc23200682f2d3b5f0e1b,9000,8088,150,true,false,true,"""SVD""",1e-12,Simulations.PCA_rank.eigenvector_pca.fit_pca_loadings_svd,14,16935.181656018656,12585.472097573924,10991.959099096915,11003.801137000475,10712.560287931665,9807.725111251766,9774.100386724844,9789.222836103578,9360.301722658705,9348.03185125261,9322.520144267712,9400.792456538526,9426.513241132627,9432.374696683517,8617.995595977707,8592.669831758089,8815.336473630714,8732.920015109405,8827.246394216143,8874.813410463224,8703.888548539966,8237.784808811284,8243.382895035686,8203.67810157787,8242.020046852434,8272.756750120261,8248.584402248443,8336.52545182752,8042.17515236883,7321.455039241093,7349.6491476475385,7355.301814463576,7263.380845969533,7264.191327277632,7150.186832117492,7169.130959932464,6733.769431615512,6254.841272071943,6298.131581213653,6342.388862507271,6074.752328552261,6098.308132382417,6071.42636813964,6071.525422723377,6086.359928089725,5883.67702601689,5829.187400869225,5815.960288925605,5824.67382643698,5525.302838512644,5524.360189473108,5518.434066834452,5491.501413538645,5492.459850274308,5413.5296421829335,5390.961650807605,5399.919901611722,5099.3250983549,5106.470999037598,5096.934330771733,5091.571049781774,5076.533119358432,4988.188208401208,4935.921970677395,4887.602490982449,4877.643163021037,4878.098259912854,4888.967241195565,4892.8699940490715,4915.777558188329,4900.400716934567,4907.07388752092,4950.103569977678,4954.993064281287,4974.394251471443,4992.253805713403,4966.891354251117,4974.753665221549,4950.782746805606,4923.5120113721,4932.658487418616,4930.15350751936,4940.886131603045,4948.008863596333,4992.5311866290895,4993.8263660188495,5023.076667126638,5032.161755861487,5010.601181061756,5008.490834250853,4962.630481650526,4973.277374483308,5025.736512297426,5006.463582167545,4959.866049059562,4880.568557060408,4914.424536792901,4841.312113299654,4801.924903761526,4766.796780437076,4688.736245019979,4693.104379744583,4677.562743910865,4690.518282278812,4742.8231172474425,4904.123561693399,4940.971001019056,4934.241517630546,4967.614015703747,4990.729611637774,4986.476712208339,5002.368655739392,5047.412998223025,5070.358583002398,5083.508523738301,5085.956718164088,5102.4725594994325,5055.027541686739,5080.392598040462,5070.484823209531,5061.355160700442,5143.5005332591945,5110.587639885206,5053.8305590496175,4962.468519341533,5008.655236561338,4986.255066690439,5003.349836174689,5007.612246864222,5011.151480974311,5080.48760956329,5103.706569928824,5110.508975859314,5114.047504539684,5082.761613679316,5089.32871086157,5119.329260824563,5117.451804408132,5104.152123505147,5113.555616755002,5115.836869974369,5111.6796216028315,5176.481922062758,5182.801172676643,5313.691335196311,5368.29610910137,5374.00175623543,5389.048594544258,5515.9732034617955,5596.25411350565,5626.932877996186
1,c456eb612fc2008dd496808b0d7f793eeacd51557eefc23200682f2d3b5f0e1b,9000,8088,150,true,false,true,"""SVD""",1e-12,Simulations.PCA_rank.eigenvector_pca.fit_pca_loadings_svd,15,9953.526562947607,9736.993236995346,7476.5765534613865,7342.355698236461,7173.544308437445,7148.277186708663,7147.901308873448,7125.667520911758,7021.60476461601,7002.874594129115,7007.90936642721,7010.408059867997,6838.665601786226,6839.275946640964,6833.705321317068,6838.979884258752,6702.6822136854435,6556.0989397104195,6168.6265996620195,6050.411945900642,6056.239350938482,6061.918099447522,6034.2360938731745,5918.023203943595,5787.445717562189,5766.261059195647,5695.207173620356,5699.188024583512,5660.900468805525,5735.783544627345,5750.892804025404,5757.233342585148,5771.1858886232185,5717.343795288055,5467.125610551693,5451.936113093864,5313.114481600826,5322.710983303798,5251.946310011111,5258.941855842761,5218.997959464608,5209.969547052353,5184.84182852619,5147.643371162771,5150.92921334825,5259.038482142636,5409.459585183158,5239.9259246157,5159.841583494516,5173.206776725662,5095.523733584633,5111.365186489138,5108.6852968235,5109.592121698227,5136.87871766779,5185.718495040534,5122.004792317373,4564.118460259427,4573.576460402335,4552.6160450946445,4506.437329504094,4498.566717317197,4439.115980318102,4443.459006363189,4429.954580206483,4435.595427860302,4409.137860142845,4394.441719758767,4393.237004922636,4408.222835707161,4413.813111712266,4406.51001808809,4426.428539522424,4406.093402839544,4320.384632446958,4258.078837021298,4129.513550207395,4133.5378412477385,4092.627783982855,3988.8609952235975,3993.5223460551297,3997.491985161612,3994.270660272379,3997.14232164643,4022.9864220746376,3994.369368213787,3991.3364927810526,3998.902139453302,4006.041912280282,3996.305625970714,4006.36045962354,4013.567745914345,4035.78230140887,3993.8959637410067,3986.074565221595,4028.143338423143,4036.0719304720747,4000.4100977817116,3946.3772352204314,3925.00120523146,3927.171304197788,3932.5487146670457,3935.390764037442,3926.5113951993635,3938.351436316273,3943.009563744108,3937.4186705104576,3941.690572024368,3927.6574125544457,3988.2482736788684,3997.5065367450147,3994.9520734809166,3966.1510685942967,3947.9581598081786,3921.385784784485,3940.5939584654316,3943.9047828915054,3949.3824464035347,3884.7280241264866,3845.6454256732004,3822.2675668113184,3793.7522459198144,3845.558612456262,3864.062739321368,3852.0253096243086,3859.1730130565593,3869.859052225333,3865.2747529954263,3866.6039730167154,3873.570329036109,3894.643781572404,3918.5202071265653,3927.508714595764,3940.418238827136,3934.2615471444847,4007.042319320445,4027.3037283799645,4031.0351589673533,3994.7965068966023,4003.749006550642,4010.158433309706,3940.136594956647,3959.5402588312118,3969.450642445572,3962.6231445630888,3907.018923674286,3922.424192640794,4002.4346133624663,4011.3575113141,4017.3367431450442,3932.5474078349534
1,c456eb612fc2008dd496808b0d7f793eeacd51557eefc23200682f2d3b5f0e1b,9000,8088,150,true,false,true,"""SVD""",1e-12,Simulations.PCA_rank.eigenvector_pca.fit_pca_loadings_svd,16,10954.342851327337,10595.596325882861,9406.760796771885,8326.94054956859,8122.000226756847,7769.226391808531,6716.1587737442915,6645.6827756337925,6387.340613994267,6226.7750173355325,6240.730511016141,5627.416745095151,5441.1977851464335,5144.844017801459,5116.305328520925,5089.49697324225,5032.846385036814,5011.296230313456,4906.47369728266,4926.6285138351395,4877.703091260633,4863.6813970797375,4849.982896000251,4867.462827429668,4876.9903535087615,4748.774813747238,4734.171007897067,4706.910410023789,4718.195356530248,4769.886497085746,4699.717106700414,4711.817914725956,4707.554986029312,4716.176809736719,4736.677159764732,4666.806742998275,4597.968884790571,4601.06960035054,4597.307004580399,4591.348930959916,4596.233047587067,4609.040477307811,4591.920874945512,4595.485732228107,4584.3632686235715,4498.864716875784,4507.948666887803,4486.881863303364,4522.313738922813,4541.042656069825,4547.230010822062,4520.945810439208,4526.923811029297,4516.078823248126,4519.227297048882,4531.0411612332655,4534.856466838492,4569.736127692819,4540.839027116503,4517.985067366933,4531.00938436349,4520.426769040114,4549.542374561543,4373.773010219314,4295.006173474365,4211.981783979583,4219.271802020193,4275.862277710022,4204.401009708192,4203.922461648382,4218.73862156622,4204.62966684424,4217.2854816446115,4201.262173518937,4221.966398600359,4114.485068034738,4106.095065202848,4090.651409147765,4120.48442641382,4141.120044766765,4114.79413869817,4100.060910213892,4093.0205063261205,4196.314552001042,4216.782076586645,4164.482238192219,4187.331098266232,4167.325398782542,4159.896041416734,4223.251333740626,4253.926571845448,4181.785706816554,4136.867902162339,4122.648350341186,4148.380231580195,4079.6879984685525,4124.368935926575,4091.4042196855207,4098.309009839193,4173.387231593747,4174.22555535307,3985.3157646177087,3962.588810878395,3991.0812498235528,4027.3292742105755,4148.041294195903,4093.151458775032,4039.656250306402,4043.5810452457313,4071.8156296027764,4011.504978810418,3989.9750142292946,3884.4977985443834,3910.53364280405,3906.241968547581,3912.8839420349486,3720.1456291770783,3715.4450836859573,3708.638147581469,3655.6940567807396,3652.888614123438,3657.0362721139563,3668.730800578788,3644.1629337469312,3661.322316519896,3697.6097183841803,3581.263583113734,3615.6197773468502,3622.5481946031387,3618.37267101705,3612.5525759660945,3607.1732100153245,3656.6352519938987,3665.1016371537994,3671.14722661685,3656.316045855298,3514.170682774998,3550.759976352118,3557.737618387026,3564.1017732606388,3572.360032265952,3598.1164033588307,3660.087675503996,3654.1246093689456,3704.615559649796,3732.507435284433,3755.3261348300825,3642.660907878349,3603.978559236541,3554.6428041927434,3567.2138249177206
1,c456eb612fc2008dd496808b0d7f793eeacd51557eefc23200682f2d3b5f0e1b,9000,8088,150,true,false,true,"""SVD""",1e-12,Simulations.PCA_rank.eigenvector_pca.fit_pca_loadings_svd,17,10929.200489708825,10859.349034941331,8663.762704326917,8150.902619751236,7366.302803967545,7274.0273470900265,7157.262862307081,6897.148926827154,6910.80238307368,6923.18468032421,6616.885053639537,5893.006846128941,5749.111764369273,5710.9081795245265,5461.104677807988,5464.315506577133,5479.34682290299,5485.09233710029,5510.262880640298,5515.005395180076,5522.504595353964,5455.912215236517,5205.534657189446,5203.070183015341,5199.676794358448,5158.094230956412,5193.877922478126,5109.068848856999,4932.4943204866,4922.575840133712,4923.845752980405,4924.899240130765,4929.869620091985,4923.66378373557,4922.189276736263,4925.920934767813,4918.449345157533,4908.822114263068,4912.77301864999,4917.54559826452,4923.805462401121,4925.26368093437,4826.306848604218,4828.779787041389,4785.059768040778,4801.032266025635,4671.432425141162,4675.049909810301,4688.734664834187,4694.445874061598,4678.472558186051,4675.625883674263,4685.591678695269,4681.805477261414,4678.593147360268,4655.26876662962,4647.412038556607,4670.23103099316,4460.269604454785,4462.600698707073,4462.686529585961,4405.299634695491,4370.784699743236,4408.5018641822035,4444.902076206096,4453.918400863643,4458.104847223318,4576.124823874173,4368.610554121601,4423.428110079244,4426.570301643128,4444.234219380037,4339.504112593536,4354.54403479828,4291.855013492344,4303.124201950751,4314.568119509682,4239.726912649803,4263.360234305979,4191.189756490488,4180.345929656091,4157.464229531711,4097.308526912022,4098.926865888025,4127.196229758591,4120.951784487643,4086.9331122550984,4069.1145836075666,4088.1363525117395,4060.2177521708195,4069.187626875425,4069.79067874886,4036.1347340917446,4055.687467854021,4122.998678820507,4152.68204249265,4122.729767674426,4138.487180057922,4123.949404038089,4154.739254935065,4170.262373597291,4181.017748598917,4170.3562704279675,4149.842931663637,4177.793851220412,4087.427109032314,4167.1706371443315,4138.954645330425,4119.575218227907,4207.95508975343,4170.362412446063,4165.046210611029,4026.2966977254414,4037.397991993009,4060.629628531688,4055.8690881609787,4061.024881700485,4055.561675950992,4052.5737756089607,4064.788369362712,4062.0275178270417,4081.819204433292,3939.96775183884,3893.066519176574,3899.4016809492923,3909.0970206609663,3925.5260052320778,3941.297805166782,3931.1682558648386,3796.580414604801,3770.6315920441366,3804.0450482924357,3804.45300972958,3832.737906548224,3835.051791917088,3868.495575118089,3874.433262161482,3891.8127139553253,3904.7277588864317,3866.0929751736435,3878.8921586072256,3918.2761038436,3873.559267723117,3971.918060111059,4003.75063482712,3991.869572646368,4008.876596826826,3832.2004266070453,3843.833480290891,3844.006584964785,3880.216080388271
1,c456eb612fc2008dd496808b0d7f793eeacd51557eefc23200682f2d3b5f0e1b,9000,8088,150,true,false,true,"""SVD""",1e-12,Simulations.PCA_rank.eigenvector_pca.fit_pca_loadings_svd,18,10621.572163747234,10630.36913122902,8463.655114518982,8329.092397750204,7833.916713944674,7538.500969656161,7453.607556381598,7413.537108361673,7382.328740943019,7430.178387434102,7402.51284451405,7363.596372601793,7345.106294081554,7442.302792928398,7426.069569381324,7394.577999758643,6937.6790121316835,6955.215447131822,7039.288519274097,6775.889537376564,6722.505684058972,6749.985331303608,6695.192974606586,6718.035200820129,6610.327318739552,6201.160907636412,6185.524851342788,6277.33772507587,6423.668778788837,5951.365371746601,5938.262323220336,5855.826379449571,5779.076243044585,5664.875461645874,5611.641616364826,5371.588213212751,5394.145214201294,5413.421526975231,5429.400265580473,5105.333858069039,5105.185732402794,5143.807881386644,5138.283632750782,5114.816415958739,5143.511271898854,5061.407637307487,5093.406463342673,5069.364035456172,5121.52131459544,4895.0344728006785,4870.278302323169,4867.305632019236,4769.665802309745,4775.317006003328,4778.717732776672,4758.559456664165,4735.613217593455,4809.845847028232,4852.433931876924,4889.223326247952,4878.569212078578,4824.081117249774,4798.142766046899,4798.132572720308,4798.525915704269,4817.915568725171,4779.292487530344,4780.826143091453,4783.50095508595,4786.916979297549,4798.98169413236,4783.523648720385,4695.191828160116,4688.787866765047,4712.824998274155,4732.794944535585,4753.339473953765,4758.41810677999,4712.577157289067,4718.188857911376,4721.531691735912,4683.892796721791,4599.09445379161,4516.838492265327,4446.714482364837,4462.8004408525685,4391.310742730843,4319.979066469284,4296.338622725934,4313.46545757875,4320.800392921814,4313.605011303185,4110.904303596563,4074.8204794016083,4007.791147233077,4069.114324838446,4200.314580261899,4172.858153777439,4208.549114239102,4262.683539446614,4232.929423125685,4250.176697793707,4214.875836072642,4100.348702034523,4109.032284278704,4090.6663569476764,4055.3171080749803,4121.950931388989,4129.143331766103,3927.0670748646135,3945.0140161505733,3972.965511103741,3983.266083563932,4026.576083777994,4025.4021454654603,4035.3936698811544,3929.034229208846,3930.2011073207195,3939.312881980372,3941.2540140020833,4006.395400105185,3918.5881196227324,3887.3817844032205,3852.275770271383,3744.5215543930444,3700.1767751590996,3699.9613828317633,3712.458551891866,3623.669073345795,3622.115708648138,3622.021127525509,3599.0244531188923,3577.786311506168,3562.815362672783,3577.3228183897313,3590.7686136562143,3626.852940760669,3582.239940411949,3604.786807219105,3626.467402198818,3522.6811262330234,3483.95257015114,3468.030217198537,3483.67022861747,3509.6200917098863,3481.016246323978,3485.5381003401167,3497.292591262914,3526.229151008753,3529.7251522709653,3571.4295917470167
1,c456eb612fc2008dd496808b0d7f793eeacd51557eefc23200682f2d3b5f0e1b,9000,8088,150,true,false,true,"""SVD""",1e-12,Simulations.PCA_rank.eigenvector_pca.fit_pca_loadings_svd,19,15995.533371973828,11296.254746703842,10592.491669091674,9949.461162558398,9582.660206752898,9391.596493651556,9311.756930581034,9321.810765797303,8993.48577790337,8629.89959045312,8641.109720698058,8411.41776830851,7633.649488419853,7573.915711733587,7581.312708103648,7482.078895962398,7508.231188030619,7433.065586999529,7229.233504492956,7168.9526482395595,7162.059270966069,7033.323405701002,7039.894943136149,7069.953745978436,6994.630034766935,6944.5071218861995,7005.648880876044,6901.087696584836,6930.959230113557,6793.6923930917965,6815.290821767455,6828.51126173837,6614.071879593334,6579.729694847151,6592.362639839084,6551.520893553193,6558.292146148911,6567.339759103988,6485.011379898699,6493.140032311715,6488.949657362083,6491.714789630466,6470.6290557716375,6452.422284222825,6445.200273998314,6448.92198731199,6465.967529051178,6492.768105873262,6509.425478918431,6500.722160273707,6457.710772919599,6462.589551179108,6460.2893216718685,6411.306405143641,6395.485980060316,6405.728606387427,6405.83580923362,6414.722644544659,6421.184662438945,6397.003464933413,6405.227280734399,6340.015286526401,6322.166583511219,6301.63821461855,6312.507182714917,6306.802954415793,6262.55568530524,6278.649361341989,6292.589885486634,6203.542943093157,6169.2089918705415,6175.708891075954,6197.820912104034,6231.9239126628045,6214.020852202995,6214.016772018818,6212.750968512276,6216.011563290723,6229.424961455537,6211.909340745183,6166.602402704453,6177.299197646459,6088.391402860467,6098.419659973599,6099.326634449212,6056.514754549272,5990.691248747602,5994.799050100005,5956.8932783225,5969.672037861831,6021.466653004405,6016.499426277718,5981.131920299219,6024.190965010216,6099.589613070101,6067.516706057471,6081.604780105594,6095.75752247728,6019.7150119109765,6029.958633775407,6041.167685398927,6053.55812975612,6061.171800176203,6034.052182418721,6053.448623746093,5923.211728404352,5923.740969476193,5621.885112798411,5624.313825362245,5683.750073219112,5665.371927964743,5571.7558523169155,5474.557438183285,5488.650070648681,5503.992593379613,5513.205356738685,5600.811978365403,5609.61362541427,5674.06017043202,5695.227805336976,5703.51991400276,5522.660006467782,5546.230676872698,5532.012897164029,5410.482862296546,5378.368908541613,5408.302803098184,5430.192203420014,5406.208797070244,5404.962713777231,5419.153027363127,5438.780936722658,5437.518028105949,5465.127065558678,5360.13264076831,5471.026069947051,5484.348300154756,5487.643173182105,5550.092111856081,5568.305605672049,5592.28534664139,5621.849212923851,5646.783181180246,5641.876793443737,5623.031243666973,5619.572482313727,5678.429994965947,5696.166424800632,5748.996487994923,5774.5726584793165,5807.227096903713
1,c456eb612fc2008dd496808b0d7f793eeacd51557eefc23200682f2d3b5f0e1b,9000,8088,150,true,false,true,"""SVD""",1e-12,Simulations.PCA_rank.eigenvector_pca.fit_pca_loadings_svd,20,11831.660461964751,8992.63847903096,8988.370174103504,7620.494509094284,7589.3467556043115,7592.633207086537,7560.387562304406,7542.919994022542,7558.687933709493,6994.061849943218,6951.493468437097,6756.232951523746,6761.371579088281,6781.805587896151,6638.2216113088625,6628.938250896261,6640.209395250061,6653.479644083064,6501.493083750395,6511.254282382504,6262.417422276893,6155.877251200371,5987.024023017218,5846.085393387604,5797.5526676676545,5799.054121844643,5804.1810172308315,5762.10350739429,5873.576003471249,5354.977178407211,5343.079860870695,5345.081559349018,5293.304455133997,5301.7546030106805,5270.490498027718,5275.7042376565,5260.020704618356,5289.893144588528,5326.390063274175,5280.075855285907,5292.809949187771,5331.00235621762,5324.692410722202,5336.91896934785,4999.605593125731,5007.546030174056,5002.561887862472,5010.16215398229,5037.952816790297,4999.325496696239,4996.749743993023,4946.843484171812,4957.429322272621,4965.9502742476425,4968.209253542951,4957.7749294390505,4973.12910850691,5017.669417605759,4970.301048839165,4979.128243574678,4969.410217921417,4984.740421113684,4999.875215701969,5035.374297762539,4967.893445031899,4971.647216978533,4976.967045548654,5099.375008501329,4841.909900230579,4840.745064719533,4785.545884824868,4705.882717829861,4658.1357756929465,4629.227141985712,4637.368172562239,4666.243047023546,4667.632702798551,4659.74411595212,4671.991377222429,4695.579546184558,4704.755087192543,4720.066115988969,4748.270922273868,4759.277976666727,4791.916912435531,4812.479887912692,4848.298242601736,4856.165555941227,4860.712869523051,4723.3971564151625,4714.481096155436,4638.578306278773,4661.419695513124,4682.342575130381,4713.294585821884,4757.06700034074,4767.037278275836,4778.054998449561,4841.500740443944,4472.526886142714,4479.388294654903,4489.579999479267,4504.360284351019,4514.05701392681,4550.398345866983,4459.373225160425,4475.009590519256,4437.057647024027,4362.4598595093075,4361.036516310258,4344.1115270171385,4372.799395647403,4379.471498124451,4377.652227712255,4391.422363335566,4420.24197474336,4439.227553590571,4432.155631160934,4441.87868707209,4446.424994794597,4456.56469135348,4499.304212056845,4523.744051896507,4525.708278282255,4533.577335825961,4604.881182056512,4648.34852695922,4684.648029913902,4689.948378621709,4745.954878515592,4757.554113908595,4780.633092796424,4682.8947720175165,4680.519183082149,4714.265685822012,4734.047677423878,4715.908240087557,4666.770967322563,4729.752951614812,4599.340090665306,4622.894217955948,4665.4643418291125,4694.310883216348,4779.596983911688,4853.724888987329,4800.693067062917,4762.94495321695,4622.537499893536,4489.557478259173,4505.381775057574,4492.165448068644
1,c456eb612fc2008dd496808b0d7f793eeacd51557eefc23200682f2d3b5f0e1b,9000,8088,150,true,false,true,"""SVD""",1e-12,Simulations.PCA_rank.eigenvector_pca.fit_pca_loadings_svd,21,9951.796914548955,6534.447493358761,6421.925505733232,6351.621759286086,5941.134224730426,5661.156036086458,5578.360856090763,5589.9172639740855,5580.057928024503,5351.277885414596,5265.332616640084,5294.59701523914,5290.652309069419,5189.409504280028,5176.930017031899,5168.670915473341,5235.341005083582,5061.144856858581,5038.778183720588,4990.935982234631,4994.183303475194,4898.201182807929,4899.530335986736,4859.840685952837,4744.176491567575,4753.337832327294,4748.505860804999,4667.053619000583,4640.39103346199,5003.988363822026,4902.698196500688,4917.811958882716,4883.443443747159,4810.6155174025635,4878.934247356853,4874.935724577283,4888.696363423224,4896.421569747472,4996.762292694051,4522.610666086822,4492.248875905845,4637.416458007797,4667.214682456067,4684.896762811891,4658.873460107625,3953.1374564809817,3967.229579372921,3997.3224778754775,3981.7330136049613,3975.924060509775,3882.913045300222,3761.485875522317,3669.309115032412,3672.3618991506655,3685.02705182782,3697.480686069314,3622.6585010369186,3561.1130271772254,3491.8066051429064,3461.436705844052,3466.9383486706474,3471.1343657412644,3469.211869816398,3484.0070432017815,3475.583450189026,3462.1536253474424,3449.404221101938,3420.0825179686212,3422.752397390258,3409.4692497805527,3388.5972785769586,3378.0460984186984,3358.4827447959447,3364.1954521505722,3361.461880176218,3356.79090700666,3363.18952370369,3348.542976558714,3328.1116890967946,3254.387584272913,3232.912080562502,3236.871201262371,3240.006656030173,3246.9281895877903,3239.564825913542,3241.5736346406916,3240.4740571416205,3246.039914970948,3254.078997794297,3264.1745691413334,3266.2809462077403,3246.8671395320107,3252.919623188222,3262.0429507497793,3269.5169236222437,3285.2851088079187,3338.91812181521,3338.6570763759596,3334.5576282968527,3287.6961515424173,3217.661354604071,3174.176889382691,3181.5238317814924,3187.860221513981,3089.1037973771904,3081.414634505831,3085.388111185273,3090.8435255437134,3078.282140588757,3040.22471875859,3043.794004397731,3043.0506060340317,3045.7606763793674,3056.283375240051,3055.631248841842,3052.252623857983,3084.598524272065,3098.32945948496,3072.4114251909086,3071.338447949908,3089.748343370878,3094.295351217479,3111.186050472984,3110.753086464153,3090.358254918943,3052.359860862885,3072.6948130593137,3076.1595521336308,3080.8957048753364,3087.603017140433,3103.65423614421,3088.2360488495074,3095.3376340093623,3066.2881764059493,3075.1654222518346,3095.5526456431326,3101.824761968302,3080.643083789152,3068.071501393565,3073.69426901196,3088.599821706255,3022.5207142463364,2974.830006389441,2968.658632512573,2942.0867486292523,2920.1839916440367,2906.0444956523033,2908.4178315135787,2918.977592768791,2902.442954813551,2905.412287523805
1,c456eb612fc2008dd496808b0d7f793eeacd51557eefc23200682f2d3b5f0e1b,9000,8088,150,true,false,true,"""SVD""",1e-12,Simulations.PCA_rank.eigenvector_pca.fit_pca_loadings_svd,22,12958.001278247664,9142.484847938165,8245.567644431676,6486.74372363483,6291.947525907582,5871.47848719128,5798.071109915075,5707.17914861608,5752.6044051558865,5672.978638433116,5632.907585822229,5575.1617753714345,5518.0059262305995,5372.739211647433,5387.583415485338,5280.8985599138205,5304.830230983943,5318.035951174842,5378.099536821254,5125.988931109843,5117.116008513896,5015.935724331555,5007.127573423995,5014.61358427991,4936.335613620969,4854.917300541674,4860.468356304354,4756.561015703925,4649.721361879093,4370.791481667824,4358.999464015356,4317.0310350297095,4303.952185974607,4310.296697567936,4331.923275097298,4336.974990587707,4350.110260351849,4269.788989178936,4277.664289605385,4262.922056431542,4177.624356853554,4179.6910868212435,4185.645947614624,4182.564474167325,4182.0793675755585,4226.640003462237,4234.818077865707,4241.094398888412,4337.29471742778,4205.357717614283,4225.131606205805,4220.59029903149,4195.99339791844,4151.313707681281,4070.539438495846,4016.2088593914696,4018.5714001453366,4165.250410945583,4172.847429285308,4182.657346639353,4196.358332791156,4205.743019654527,4216.428840385798,4250.15341363822,4021.560056052188,4026.7097246303165,4031.0000521363713,4082.92183504658,4014.8206704529152,4025.0568811186627,3973.461102501578,3939.526651451762,3949.827062761419,3971.1037523110344,3791.9125173928182,3709.3445135367747,3702.463215431093,3692.6127430339857,3699.7013398872255,3700.290867034552,3687.4948928627828,3710.329428416827,3662.82723300045,3600.219723125495,3579.4375020564476,3572.7964015963807,3576.3677793511174,3572.0208851573025,3559.3076058186425,3554.6946342496562,3561.5101718599517,3517.111250889511,3516.5950576366254,3516.031315034957,3470.109404445095,3465.485649606185,3472.246779790756,3478.9916211258555,3481.3146514475225,3451.8087827546983,3463.070807133938,3473.760706706847,3480.7726671886944,3490.79897027336,3495.9345374437817,3518.1773185109464,3540.0686688523624,3550.6478261345947,3563.233308187777,3548.467178872704,3555.284742531439,3569.774968969692,3564.8870215746056,3569.9050655247943,3581.175483733662,3586.481071368643,3540.4125595743776,3547.1566970657213,3536.893892972189,3533.02159731923,3513.162968042225,3479.884723397179,3489.724156908695,3442.95698672193,3450.281541039876,3459.544375301196,3471.165563106034,3474.390188020772,3482.523056931138,3477.309337569647,3485.242174458873,3466.174245797825,3474.9133740089037,3487.5887584916304,3488.7018273883423,3494.814228805963,3491.4924697327406,3501.410593768994,3526.443404452317,3536.0608322595444,3546.454085450367,3416.7743029270646,3383.0063971904365,3403.9076362566398,3445.103035193021,3474.8384049426154,3333.204420263253,3364.8171256669325,3391.6904035547295,3398.989485693511,3296.1683249461016
1,c456eb612fc2008dd496808b0d7f793eeacd51557eefc23200682f2d3b5f0e1b,9000,8088,150,true,false,true,"""SVD""",1e-12,Simulations.PCA_rank.eigenvector_pca.fit_pca_loadings_svd,23,11477.060403494954,9145.232269324639,7932.096903348201,7940.5153533705,6877.963851479015,6643.5105785005535,6674.699955823345,6694.368413480053,6293.018027606556,6317.637743003895,6194.876817924135,6208.4799228665515,6039.74149361007,6032.945690391895,6002.821271252605,5854.8941087518415,5883.0868614989495,5553.823388142516,5535.1759578460915,5536.907898644762,5525.517489569632,5255.509799727917,5259.720401145879,5103.568092626676,5095.471650080135,5051.023531968001,5056.444092988531,5029.353531268364,4948.2599705397215,5029.637295462504,5040.20375289776,4986.303558326851,4961.673138823975,4951.525596787981,4905.6723567219415,4913.032671516866,4939.913538993896,4903.297924377565,4907.891709698787,4936.395381670745,4882.123457657104,4911.552644462624,4808.051566314565,4814.6978473704985,4803.43041818714,4571.7980111843,4582.268146394379,4589.780531205846,4521.866313985082,4508.637222062175,4522.8155531822895,4521.087039417116,4528.125923220071,4411.73336403272,4416.226884371003,4429.959718186709,4320.590747238913,4288.331915650811,4287.860168712717,4291.640204739262,4294.622371902386,4299.5229445951545,4289.97246500315,4235.230777702879,4235.765327854376,4234.885115409586,4240.696168304996,4201.573358046274,4203.236239528405,4207.278222742692,4218.406434818199,4224.305224623408,4245.294896976148,4254.925344256072,4173.078474895835,4154.1462243638025,4154.14246511854,4180.799123796931,4095.2968071099135,4033.534036984922,3987.616737400724,3924.6150476544417,3938.9299957142966,3942.328935655766,3921.1004234752245,3935.0774663276566,3940.573262978406,3926.038469141153,3905.529909127429,3888.0192719759198,3875.74843901819,3870.9015374662026,3798.221255379901,3809.1879404595875,3806.016564602825,3811.3443345796322,3826.666217482576,3827.6814001474318,3837.927490323379,3865.0539021174277,3901.8193494563698,3930.720435139423,3949.3727639486283,3956.2165437410495,3904.52046216334,3900.383656376935,3908.5629803492393,3881.4533038603945,3887.951264696702,3935.7449603797604,3954.8483710234373,4002.9536787218058,4022.2686401773562,4041.443361919207,3966.8945823016643,3965.8719745991725,3988.6949573080637,3996.6862469003336,4027.683926724408,4038.677125035617,4035.3666317181087,4024.127152176048,4075.6673613641997,4080.6248781156683,4128.939913909839,4106.314299275004,4119.046465598928,4144.392748343983,4134.191691551603,4084.1478824958913,4036.111115424309,3989.565628467401,3994.572911962695,4012.45560657861,4015.3234614772555,4034.2499861434185,4034.684453050735,3986.49423023046,3979.833834219692,3986.5472508597486,3938.2348987268056,3978.524566864515,4044.349920878847,4046.9274884177144,4001.6888307007816,4003.059759002589,3806.9209885523437,3786.446839790753,3809.778329447436,3799.9294303385404,3812.2213167971736
1,c456eb612fc2008dd496808b0d7f793eeacd51557eefc23200682f2d3b5f0e1b,9000,8088,150,true,false,true,"""SVD""",1e-12,Simulations.PCA_rank.eigenvector_pca.fit_pca_loadings_svd,24,7632.07578165729,7552.84378185724,7255.048476638595,6954.743240593987,6878.570881495578,6821.61150079158,6538.073180554763,6550.239035232458,6591.694533883135,6519.247969809496,6537.010569429124,6437.678895655171,6371.538687809615,6314.328638916538,6222.8383851777135,5920.56631064934,5904.367602135176,5911.017081597927,5847.98435108983,5859.502714865733,5863.528762811937,5867.896801977711,5757.382081146416,5755.8091130490375,5686.579217332709,5692.231999755321,5706.78601409052,5635.546624196671,5612.589742331459,5511.35592200692,5488.891648548798,5513.377715861726,5455.399266854716,5179.228991993062,5021.569283990651,5027.520352495821,5034.5501038780185,5017.888746458624,4966.188997789082,4923.176649074081,4928.261849784154,4942.9691550928865,4948.34341735291,4926.92270867625,4892.674637862079,4889.467878370195,4898.355715406486,4826.475285879735,4840.00310468995,4813.538182445218,4817.810001242209,4827.080682372401,4835.273573930442,4836.943182799266,4837.782194683592,4803.044509341904,4796.389727131282,4714.257834303651,4720.845224389505,4563.638438823909,4558.839126681339,4554.812956269289,4564.096322775364,4574.366695502727,4587.794779202185,4592.550167351256,4599.752454740329,4646.375528136435,4695.392301137331,4559.0480836387,4577.914638460539,4586.419376674867,4595.957105607621,4590.476326402896,4566.383236887137,4571.50810085612,4547.421110891122,4487.846414864575,4498.768979944033,4452.166076537878,4460.170998540497,4476.559783527219,4455.449241875408,4460.444504819004,4443.453183081943,4453.282163209423,4467.482316335007,4463.32326551907,4493.580364796044,4510.575248504307,4480.647405368794,4395.201316717209,4389.295303412999,4399.485512562071,4405.91353363657,4473.162158355094,4487.118387261754,4452.246730099223,4488.772249418048,4540.767644365357,4605.383347551132,4599.785541595354,4607.225938921067,4599.826459958259,4610.370649570173,4595.955067248424,4602.290497090258,4632.09749536527,4615.239734203985,4632.4104554724045,4597.678291591503,4606.945747046919,4626.640933455679,4618.004321588388,4599.18882250722,4482.351139942669,4502.179379828548,4452.1519240856105,4469.1050506798965,4469.48971426669,4489.308548267058,4552.677174878693,4609.790672027925,4612.1813272386335,4570.258303664782,4535.390076896448,4579.526029024511,4595.910167799416,4571.954312939988,4693.103590387968,4792.409290511527,4723.896053600349,4697.483240589015,4661.661160182677,4568.756446683296,4374.430106317468,4388.552926990322,4298.725725757875,4316.156946471633,4335.592822953234,4405.878134721496,4426.675724103171,4433.273119003083,4480.170550157102,4567.115219652901,4714.218243444845,4688.542186618057,4665.681292006379,4795.2317157795715,4760.844586638219,4742.423543562698
1,c456eb612fc2008dd496808b0d7f793eeacd51557eefc23200682f2d3b5f0e1b,9000,8088,150,true,false,true,"""SVD""",1e-12,Simulations.PCA_rank.eigenvector_pca.fit_pca_loadings_svd,25,24939.906923579983,21205.21851543118,12255.144436885248,11072.116131586126,9050.6827391181,9045.145124413466,9045.028199890376,8809.595051124852,8521.963215518239,8377.767968299095,8390.564898416525,8402.544887192713,8411.047117553799,8079.728975220318,8114.182649810525,7861.097338941473,7916.569618308511,7860.60423016061,7844.84060706714,8012.920429800954,7971.974690457325,8000.706893737244,7667.620390480627,7563.286542797068,6835.838252580299,6723.904168092658,6638.076592684248,6612.700254617297,6552.711829965725,6694.309566522336,6732.291456187051,6712.369938848065,6728.638628910197,6747.2453651579735,6589.070022708012,6367.2737415428055,6388.48816546186,6370.177813917526,6323.976523503967,5906.712300168608,5892.385291529058,5882.114252153863,5862.10550429595,5769.958763344715,5840.878820976312,5923.108544042876,5926.489121246602,5960.460485043891,5830.008110694581,5839.202440802949,5886.999362379301,5644.2829749831535,5606.758678686958,5610.588099654394,5606.282422188682,5378.823450025435,5364.20416889751,5335.818656813137,5345.354723384934,5282.860564425778,5249.200969084103,5215.044823568469,5212.955736632432,5226.980219437213,5233.35702264715,5247.120052165686,5107.042610668975,5003.461711407505,4933.307831360228,4901.458616639799,4900.577608141006,4619.10350615895,4610.585633125711,4605.81405453897,4612.922532752933,4618.7457117972945,4621.599007526909,4620.187300145598,4634.480216148251,4611.933822762557,4594.659038837088,4597.865208266721,4535.526546348366,4476.054629711742,4494.099611158795,4487.455438029539,4459.52775684132,4517.388533961635,4546.563550928251,4590.875630923755,4599.727374296777,4623.617144922121,4622.160027761647,4655.336399491788,4713.790766702475,4651.763985625905,4702.824254496461,4643.885669422461,4698.671212847726,4659.352124024721,4595.686382850605,4595.944583606002,4595.583441302874,4450.086938047983,4458.0057189693425,4501.843325467594,4489.163231072218,4533.900324657182,4530.152336593568,4406.131369229686,4366.0224885458765,4381.543511795185,4332.3138906251115,4263.2316313576175,4082.7880575914855,4089.595626451867,4102.351285175354,4109.283719921444,4120.158028934696,4122.667839200595,4113.320375212339,4023.1597570462814,4037.7559479927836,4009.5226124270575,4029.3202134469157,4069.223356025474,4044.3128235999793,4048.202980540471,4048.81720505609,4025.0074316354767,4030.260795610031,4040.6585619053844,4084.216658060357,4070.287988126926,4063.8381866547643,4040.3471289643085,4049.6034130204466,4004.9742317256164,4028.2364910399633,4017.840820168925,3991.766119087236,3940.925857158061,3888.721264638728,3927.564872138746,3934.9726405054957,3930.795786668455,3996.2249136792,3995.12070393863,4011.154856905597,4018.203500778821,4002.4735541021055
1,c456eb612fc2008dd496808b0d7f793eeacd51557eefc23200682f2d3b5f0e1b,9000,8088,150,true,false,true,"""SVD""",1e-12,Simulations.PCA_rank.eigenvector_pca.fit_pca_loadings_svd,26,9331.30240439062,9071.289905004556,8974.260430308908,7548.586564404441,7035.682009670541,6980.079695324914,6766.90066233281,6348.298078366365,6334.202471949099,6338.776011355463,6321.401498745629,6328.304330147112,6326.172123986134,6352.793169553221,6299.341320491343,6169.577852179236,6112.5889625053105,6106.240415399547,6004.194161865059,6014.530111415051,5890.947513574939,5757.029892901087,5754.934622189886,5757.641285357702,5732.157346519607,5738.547507034657,5760.84528328755,5838.636864029572,5496.763591283794,5448.325419278026,5448.780888047746,5301.255187390105,5293.285637346516,5273.447060202634,5273.353326834656,5211.49676079533,5202.425492204892,5105.873406581363,5066.624284578741,5077.186951959105,5054.937137374863,5049.350742872963,5055.582519915742,5073.3531020223845,5071.144932886825,5034.964816962035,5046.029399678459,5040.869660871013,5055.115330848584,5069.02224966754,5065.817199842594,5050.904684067488,5053.449823758708,4974.4857720479,4990.848358144099,4892.459280264824,4824.838771644082,4846.127935370417,4861.011534621138,4868.290738106138,4859.108130774713,4863.3690286658075,4853.743526397333,4853.693873711259,4853.645997974684,4848.813999289196,4639.361911021005,4623.927975495941,4636.12472663602,4670.905393845678,4677.099462499524,4680.6814778319185,4724.649569312601,4726.292454404899,4789.016915168909,4796.973259349335,4788.149808414432,4758.0992953087725,4774.301429289804,4835.053641384209,4816.831630430941,4859.968491782298,4884.466544338658,4780.723345038044,4721.143512973612,4652.965525938849,4665.356629759962,4731.130347559362,4752.319924216847,4784.821898576623,4769.824653538441,4597.904048147556,4655.317327071579,4455.914127928032,4341.238520451211,4345.550321251803,4354.081033229668,4355.594436882124,4333.5159438884075,4244.797863820703,4234.712142347923,4238.6877645416325,4245.670102973213,4238.834632290176,4228.088439082486,4234.730025367135,4254.18267582166,4259.7074306718805,4287.2585434371285,4174.644132294684,4178.947161614177,4178.613454930321,4186.375464867665,4180.587319935076,4093.1791742123587,4066.5478758614704,3950.5456701102366,3970.9527638411328,3973.187327085292,3974.088313421154,3977.8858990363856,3941.4472457338597,3879.588164939969,3887.4508521865964,3895.0590896726976,3899.5743715111007,3943.696205042639,3945.4611339024996,3929.116089798296,3945.666154404083,3956.536167695609,3952.0414986633496,3963.7530632318512,3984.43328529514,3998.8561720353146,4006.3328914752965,4040.763236807817,3918.9387368625307,3945.0592434170285,3953.824979045105,3949.943173682374,3961.47903666891,3846.7769264622248,3896.211862574531,3936.1307172315887,3957.275404728862,3965.3086115533483,3993.02663484435,3962.7388385130666,3981.7619402619666,3998.9088421574215
1,c456eb612fc2008dd496808b0d7f793eeacd51557eefc23200682f2d3b5f0e1b,9000,8088,150,true,false,true,"""SVD""",1e-12,Simulations.PCA_rank.eigenvector_pca.fit_pca_loadings_svd,27,12313.295088161822,12169.168291564962,10024.027022765864,9889.215071360391,9865.661409023938,7963.589987479397,7934.316343544025,7916.358024012848,7844.8574072040765,7810.167318722385,7731.63112013716,7735.26388943937,7525.8195266443645,7613.224944156393,7666.788579783598,7601.497789341184,7405.204037160339,7223.768100680623,7328.858614533712,7502.084339523668,7534.5549709406805,7620.415879343114,7571.811774193197,7291.992517061262,6878.597350708819,6674.123438377901,6763.017131404754,6067.080698925956,6121.9793230619325,6065.482010045017,6090.4331616767695,6078.43370198684,6020.099083608537,6017.712880150382,5908.202629999748,5841.2568504240735,5815.146980789713,5749.026567673275,5695.153486529356,5693.052787634487,5670.6753920136825,5681.178131339122,5689.801902208893,5583.290528123687,5607.476899877111,5682.45124923169,5334.0755844352425,5347.200813693294,5208.66298968747,5155.532054698994,5169.989501195265,5136.152727764788,5036.548441632209,5045.974649312383,5027.582389804424,4999.0737911745,5019.464091059521,5041.942006719377,5056.764733194474,5005.027242165028,4963.759554133439,4938.568763884977,4955.313968239506,4861.619717489468,4886.115455364174,4851.678698485934,4855.4785809572595,4858.999195685609,4869.115095093269,4832.604977532231,4841.203954942936,4791.05554653233,4800.071937946872,4811.226903230497,4831.200864575103,4811.495785047937,4849.081254150428,4728.225312413313,4767.471737091174,4797.702276680846,4761.624114092714,4765.631728858583,4769.7703255582255,4785.838439001231,4845.036506166306,4828.150630312514,4783.096034721378,4711.608466619872,4720.575964726603,4653.65591400446,4649.166292378082,4560.6699371262575,4572.429293307702,4575.073816175296,4521.28544756276,4531.601382600518,4419.783680350549,4427.684702182346,4439.313182593532,4350.424419455838,4370.928661222343,4312.969157907388,4314.0616859547345,4315.052060926139,4334.29539402288,4344.341739039579,4349.018103044092,4316.8616669714365,4323.3421298639405,4321.300849368465,4329.30622831317,4337.969674760088,4235.743814338204,4157.070188467467,4160.614027110034,4147.440463971934,4155.250403600608,4158.229318014387,4164.079561317252,4141.071335094905,4142.087656062192,4151.700651427701,4155.237340586797,4152.30773895914,4146.711672165308,4155.003679945488,4156.681791024475,4152.825978499236,4156.46595492939,4184.913318077497,4189.07287127675,4187.945737588582,4143.5000254505185,4141.231467901529,4148.709451535953,4170.611638687432,4176.73990545261,4181.574287503159,4184.941682711677,4185.7613316179295,4193.75193976275,4318.723492001733,4305.159029956911,4287.149282741556,4179.838387905297,4151.279372963836,4183.840407893173,4211.437161085552,4217.299062777931,4228.383346662721,4224.673588057814
1,c456eb612fc2008dd496808b0d7f793eeacd51557eefc23200682f2d3b5f0e1b,9000,8088,150,true,false,true,"""SVD""",1e-12,Simulations.PCA_rank.eigenvector_pca.fit_pca_loadings_svd,28,8579.819873392587,8183.982067707608,7940.390133038785,7673.110759561129,7474.952786425788,7479.173636908177,7491.828217744492,7142.2940807321265,7189.678820829868,7160.321590340215,7170.05272255258,7220.798502306359,7180.203880906847,6778.721094997077,6786.802619617992,6652.548378922816,6658.191893847332,6672.8875904637425,6636.190575133148,6605.807664794561,6072.953667328503,6072.958770175673,5788.690382766104,5379.9031793768545,5360.953010866908,5367.695116984283,5289.794644321017,5286.447589895334,5299.230069664299,5353.0907676852785,5239.790287629184,5275.749190515826,5226.049701267997,5070.450317871491,5075.238302879612,5086.484954220773,4957.624186502739,4934.047045737121,4976.618171942229,4945.497560780481,4938.98342526057,4941.986099582401,4868.965953130078,4873.5813817581375,4898.32341824171,4808.93673550731,4817.5526261025225,4753.744582185158,4777.067066462706,4782.774088312864,4803.192016558063,4746.791998899536,4729.740630538177,4731.294135263968,4725.778591247948,4673.381454183316,4701.671751445136,4702.092367024807,4703.491305215726,4695.631935538443,4705.385814107301,4646.764864025941,4551.780832897556,4514.293771464155,4533.678725745972,4539.195171469843,4527.531186883837,4496.551943817087,4522.288916747506,4503.819170458055,4428.211369237312,4399.114163844735,4416.424893620083,4444.109195649442,4463.085153783536,4459.349572603969,4483.880493188745,4527.881210647256,4379.2365222668905,4503.989925342092,4515.330953949947,4424.603703339654,4416.293496044883,4390.178158973835,4529.349604132515,4445.449752974002,4439.246495561349,4455.829369466247,4455.314093750525,4482.407197985708,4550.707642793088,4561.185229646752,4591.682597135441,4716.317005704137,4710.00558676353,4644.764260098683,4581.811521600867,4603.783875518908,4596.041385591152,4441.743147725099,4452.770654781062,4462.655079495078,4474.469003541282,4401.731725365844,4427.1503859690365,4661.161062633802,4644.273526867831,4542.307847649613,4546.50245911182,4599.601586372665,4630.815152773725,4611.207048301796,4572.856912523297,4609.777056840879,4655.013256300011,4699.6239243845375,4510.647182792914,4530.248820602385,4502.226913404266,4485.163281030951,4396.372504101791,4435.412495122005,4487.24455260448,4467.770659883903,4462.103907359624,4273.761782282671,4102.5056405704945,4055.22086243773,4062.8598370779696,4074.337246061591,4104.366529224905,4066.018372705351,4078.664774261726,4060.028827824914,4047.8421258905732,3983.8491377726614,3996.84039358416,3895.471303158063,3952.368112460276,3964.478667250276,3964.0004174988608,4008.1077279497867,3966.7396268844595,3964.2579903604487,4052.3628159805044,4068.243874698213,4035.6267819281484,4063.5229159426885,4078.891331692556,4088.064260233167,4088.0990818954997
1,c456eb612fc2008dd496808b0d7f793eeacd51557eefc23200682f2d3b5f0e1b,9000,8088,150,true,false,true,"""SVD""",1e-12,Simulations.PCA_rank.eigenvector_pca.fit_pca_loadings_svd,29,8230.656851735654,8127.232263411181,6779.395108860299,6755.591191754053,6198.821329554913,6010.564847446147,5110.640934888435,5099.879246770158,4898.564546122564,4894.360457515314,4882.117232353004,4860.434609160352,4793.103655029138,4799.881740755367,4805.8039810168675,4778.75166988622,4737.234862127879,4734.648875217157,4738.727705451064,4724.750940321447,4689.5629074689505,4676.943279348734,4543.6992346809675,4367.820876591002,4368.186466251678,4371.332411301196,4320.209021450951,4306.2232325285395,4322.031655946954,4491.021772093998,4507.021334645713,4530.170337274318,4432.147350235189,4456.361059308638,4462.751461157783,4435.808747516716,4477.7087087258915,4487.045668655759,4580.423074897899,4669.386853745345,4551.7796915659455,4540.009795592299,4473.362118492251,4480.729503403983,4485.149482566827,4597.766915933316,4710.919984044606,4513.154135982912,4165.061067920381,4200.3193017001895,4236.919305019843,4245.26340612156,4255.461403831413,4286.09284078882,4298.345970666365,4236.2887701600075,4288.28233065492,4522.914378703176,4471.04265000045,4477.983792723494,4478.703805657409,4485.4592792118265,4503.215356078882,4241.989556293153,3989.3742486460546,4004.3625183151566,4009.6812154499416,3937.411136881013,3985.0815518599243,3978.2698945029147,3956.0865825117244,3908.1317634716625,3925.215241465847,3942.2178734031345,3911.7335499379055,3928.4526752061643,3933.4800272137977,3859.830367688244,3846.2663640937058,3692.9494845362237,3697.013953985061,3691.079604462119,3627.153840589722,3635.4436760052786,3647.0224097743167,3665.00781846036,3667.3117605532916,3696.9555885023933,3722.3636866805564,3761.5804229973746,3734.803782743071,3724.1396903629743,3673.4499247665976,3680.986967245592,3672.427453499741,3625.555017328401,3630.1150305038886,3608.234043067393,3620.063359721104,3654.802973002905,3664.6677985824094,3656.0910275796427,3628.1970884722136,3553.465901992997,3551.2274159399567,3521.710536863884,3481.6464446793557,3339.2684551776447,3343.9074974972405,3351.962034849897,3349.6502763512126,3397.5916227648977,3413.384349919575,3434.023441323409,3383.0384251760056,3387.9759275615456,3404.3924955201323,3409.8471337449005,3447.210341131643,3460.5595827967163,3469.6161384221214,3485.679018306548,3488.2241572933463,3490.261005850614,3391.4412612372303,3371.82042751248,3381.009845853736,3396.0898986449324,3401.7941232388735,3289.8789046187094,3292.1163143249823,3254.3841328370486,3242.471129127181,3247.903301434963,3218.3559405318238,3222.2795461879277,3248.581442138012,3262.03250832188,3260.5900347407937,3249.0629434333387,3254.404238942652,3260.145447326522,3266.4583483554693,3270.5552973738077,3274.4645102852505,3252.3702551348883,3256.059343445724,3263.575848217498,3218.7104877113875,3225.7848616872907,3204.972692684987
1,c456eb612fc2008dd496808b0d7f793eeacd51557eefc23200682f2d3b5f0e1b,9000,8088,150,true,false,true,"""SVD""",1e-12,Simulations.PCA_rank.eigenvector_pca.fit_pca_loadings_svd,30,11633.832611837535,10243.074168526295,8168.431290195736,6181.732205003985,6187.227794044667,5632.035650815723,5391.551867950267,5383.512393831967,5389.665771362957,5391.849744489171,5368.2080460647285,5389.8036957827235,5310.248812056082,5202.304000118948,5211.159361364784,5175.491348621863,5210.133491156006,4965.533576844924,4842.0271620812855,4685.003578529219,4638.089424628694,4432.285356800048,4436.455950790242,4405.949274223904,4417.702601119575,4411.270947732606,4423.75135580405,4304.30017173518,4285.818252252511,4296.286850026793,4288.371856776793,4293.327022369066,4287.970793379556,4291.019606283363,4291.115169987044,4206.7743441735765,4207.998471107187,4225.19693577038,4219.165355701965,4227.341843908578,4209.426469496434,4200.891933194585,4188.295488560815,4189.465623614593,4206.973117975301,4223.6972975069475,4215.8841592952485,4130.507605523298,4175.1740849701955,4183.726660841708,4157.828956214824,4030.5880212074812,3976.5877668007365,3981.5277293461268,3988.146216289257,3880.534780017252,3866.6196160773075,3898.4471175228514,3888.80066363334,3860.654308650253,3877.3350584991986,3815.0704277847913,3816.8703547063906,3825.3007576046884,3796.704540303137,3761.6796573007487,3760.163946927977,3805.818194085103,3659.892249685341,3671.8941754596676,3672.3522945427117,3677.706582850568,3690.8130507618453,3699.764454818544,3687.1560201816555,3694.9383319461663,3704.766972862596,3706.197541216381,3718.759356237121,3696.011207026592,3665.347053642138,3652.04886027102,3671.6404873066467,3666.792204396936,3683.185326304132,3636.091717808773,3593.8305607431926,3601.2599075917824,3604.5594703848296,3632.8321643962227,3667.3632316210587,3620.8482712986524,3644.0761904607507,3648.6597212132033,3618.3992538685898,3578.455443378263,3590.173130931895,3601.63676826179,3629.7875104846776,3609.804663357857,3610.749040606846,3623.218250825838,3627.6927776621515,3622.767079434158,3623.349684682071,3628.3110707334745,3643.5849352417026,3663.9989114613245,3647.2120031394397,3670.564861592485,3680.8281581925776,3698.620141817804,3646.084664077431,3659.949451545455,3638.7620367767445,3607.4768541711887,3558.675841829641,3565.5304893270277,3541.0374989125758,3479.6662334767393,3476.1147715596926,3414.8069838957776,3419.963091506378,3426.744099053505,3393.3690145598807,3385.09113790226,3392.456193962531,3333.1025439533705,3325.451491284712,3322.797018174332,3339.6361846149684,3358.8364887558455,3333.6588696580543,3288.38778402087,3297.675627950564,3268.8826025317912,3279.061111060433,3285.2563001032986,3294.381634355244,3302.440902609596,3316.5926739832616,3326.3158936153272,3362.678661079543,3349.459899819672,3362.9893064659213,3307.267674321283,3312.3114163373743,3301.773191043738,3316.2392053022045,3301.9983459855475,3293.1385343073916
1,c456eb612fc2008dd496808b0d7f793eeacd51557eefc23200682f2d3b5f0e1b,9000,8088,150,true,false,true,"""SVD""",1e-12,Simulations.PCA_rank.eigenvector_pca.fit_pca_loadings_svd,31,8427.2305082732,6681.660769042733,6540.800415482952,6031.397544177205,5843.4166444353405,5584.414599303297,5591.679482733522,5375.917869360294,5376.158001105298,5383.050282166815,5244.762437112236,5234.5003610864005,5123.491101033307,4941.118142301064,4943.89759477614,4869.764139837203,4742.12921064385,4746.619637975095,4702.142546785237,4663.143798482146,4671.361273776679,4607.828812024128,4541.016888786335,4540.480051586182,4553.9177787489625,4549.72664326999,4463.736936321457,4495.623533917181,4549.306806522374,4514.320036101447,4510.66712379628,4508.857106986315,4447.793512377943,4439.767561534373,4227.573622889123,4232.730064084469,4250.223530119263,4172.256958599162,4158.8781308183825,4189.116044639017,4182.92452091643,4166.7363892277845,4172.029600889293,4188.110426935886,4195.056401759833,4109.971194966967,4146.05795841073,4139.007623320623,4168.527430874464,4186.856423021901,3915.3892653261064,3910.993873499267,3921.445600860344,3922.0463210989346,3934.058121192543,3878.8796104508306,3829.3599063918778,3868.782904627325,3830.110589167649,3821.982027119011,3829.658041851621,3833.4597245634395,3842.9459449831397,3914.8571767608523,3887.850763866686,3858.181163232771,3864.2725716744876,3884.5675702256226,3892.8713792521307,3936.6200485898603,3968.1074565340273,3967.4287316781456,4004.5793070682394,4041.777174655485,4040.456150580406,4048.667084416871,4054.367132977084,4117.220451996329,4040.2954230875116,4105.598450479052,4132.91353114348,4197.602591201648,4158.265038535329,4152.111737317217,3907.6053217719477,3984.1659990460726,3870.6081944439857,3879.078387271353,3862.7708952448365,3884.2825781798156,3916.116544365731,3820.0820524628925,3765.5477418651717,3777.3991041307377,3792.368856730113,3903.261191353337,3979.2564644097147,3879.3336543320893,3798.051021714571,3805.3398433833895,3781.3530578970817,3805.37163054102,3850.438613150751,3852.2209396842345,3680.6920069642993,3706.769099607004,3716.7492851383813,3743.616768267197,3721.8376891060557,3733.953473683429,3673.8187551862657,3759.315426008665,3770.8324423826834,3773.5726762767804,3782.3731621330303,3756.915979393096,3628.355187295434,3520.1847598441777,3589.102779600916,3591.017319960227,3606.659651841068,3658.4878849639463,3630.260104101564,3627.0475147933867,3595.5817801020958,3602.550225286227,3615.69013982586,3609.0931325975885,3609.165186346999,3753.0228153261587,3739.6541845996676,3713.1832398636834,3720.8947301829708,3733.927184783058,3623.8695942150366,3649.685813686024,3471.246907426576,3534.212251308766,3461.158936933038,3390.3996822815097,3380.722091067378,3362.6921438519016,3369.332945861742,3356.932568103344,3344.040699782743,3355.890042187902,3343.31796881042,3347.8310709335565,3357.2810560464222,3363.691458321224,3365.543232783073
1,c456eb612fc2008dd496808b0d7f793eeacd51557eefc23200682f2d3b5f0e1b,9000,8088,150,true,false,true,"""SVD""",1e-12,Simulations.PCA_rank.eigenvector_pca.fit_pca_loadings_svd,32,11812.739856375563,11686.162455722535,8580.04490588108,6874.679986230026,6882.891470724632,6733.170687555859,6623.251109805252,6592.746555110486,6526.451033904861,6017.781657961456,5802.191388120238,5657.161962919915,5535.572251276697,5519.354291652465,5514.189802390153,5482.208479281306,5267.352136052822,5203.785704542299,5231.20503737686,5302.685557565407,5307.430378346042,5273.94754973921,5240.206167164267,5149.761493059386,5169.176465378776,5180.366472140506,5139.933856192967,4968.810247596078,4783.604203822335,4768.32590415472,4770.630358655208,4692.139004302001,4682.550204705624,4673.522213133685,4653.462251453453,4600.162854631437,4597.6897888264575,4611.650754084814,4627.451719805315,4641.289727320136,4656.5784001723105,4701.363067629782,4569.529523732733,4465.6364973245645,4327.4349531296575,3912.3697646915557,3943.263085784032,3950.899957492297,3867.8410660524537,3873.190146745869,3848.4804315476326,3840.8399828204656,3831.6550685992365,3835.8015333273374,3834.122957631295,3848.2742973401023,3857.74465786222,3872.2616083255953,3881.3141538743157,3902.906782513011,3903.372449670883,3809.650395171949,3817.884794211604,3805.534194621065,3825.542573167626,3830.0349120976452,3833.4293601236095,3881.2031772985715,3934.7304033067317,3798.212499331492,3809.1075443239006,3695.838937054463,3673.0361026945607,3673.9369729859654,3741.1093831834623,3713.6556659326716,3713.774328173437,3666.3001452062517,3683.3752729876087,3615.138547443438,3575.430919900939,3585.8019043612057,3547.5248709217335,3603.9770724966424,3639.6482668347016,3651.70460851146,3665.2001517855797,3653.2528212745697,3667.0642715634626,3648.1265577169593,3659.9065781615163,3659.938708532133,3687.9076314189947,3698.0109224283983,3605.547802645928,3459.4319058396004,3465.0136537034437,3445.6627930073746,3429.6344917492574,3453.783382818428,3467.5174835399225,3493.0500998357547,3494.72482130212,3397.028858866082,3404.2141508151594,3414.1437485909246,3393.9042014702995,3381.4116738435046,3387.70340530838,3374.7673532423355,3375.449660207828,3391.9948860516465,3406.6149102215686,3414.098545301925,3411.931461939376,3410.5543120885313,3387.430653790322,3348.948337408885,3376.0858190327185,3353.5625915740156,3368.988858244738,3296.882137882441,3306.11093390954,3308.830273683241,3344.866711474592,3358.2162872942545,3379.6970810480134,3286.1573603294732,3286.1499899336864,3302.9755180307898,3309.907214924772,3313.701949323367,3325.6591514291663,3330.6718216276736,3361.062574708162,3360.209490153063,3366.08549863406,3287.39577057875,3289.770020298693,3296.6451984768246,3314.7114322205084,3333.5086064448938,3313.5520646330233,3329.314980444188,3365.110848896022,3360.8950501834615,3368.172194385473,3370.09344538693,3397.167735336874,3405.311254943889,3418.061433966868
1,c456eb612fc2008dd496808b0d7f793eeacd51557eefc23200682f2d3b5f0e1b,9000,8088,150,true,false,true,"""SVD""",1e-12,Simulations.PCA_rank.eigenvector_pca.fit_pca_loadings_svd,33,9902.910914773056,9537.421649246136,7551.105918132288,7119.687047214109,6731.4796192011645,6712.912810696735,6718.040735213601,6666.113157700473,6663.638508988586,6649.941079227727,6532.763923692378,6546.437255814522,6453.391898635958,6346.33609236647,6315.306171992925,6300.522263239669,6304.337627565643,6255.216482974447,6266.271827534058,6271.561334061693,6257.684414938054,6245.537112627548,6193.5185093808705,6200.7948274332275,5972.776960634388,5964.642299068243,5959.5210506487965,5964.956001777333,5820.241669659375,5923.721055802791,5939.903781883806,5887.65892421555,5902.598742597193,5847.105984209624,5822.446885989459,5739.207130069926,5737.04146616587,5752.537958844128,5532.509917769225,5493.663481378537,5457.615022309337,5451.152726446688,5457.49475305081,5447.605673658874,5354.065096673984,5262.183082486522,5228.812813378163,5203.397756339968,5199.471824402465,5215.832970973798,4997.520625129481,5022.643988473963,5021.048716843808,5030.625518027455,5041.744013520707,5012.299150577869,5101.77627212098,5145.290271282775,5188.095648574309,5145.396844056702,5178.379783875225,5092.176356172866,5101.321128418677,5024.025986386488,5025.841927835053,5020.993027049716,5018.912649166724,5024.561333594761,5077.20453646218,5185.997262174112,5248.7337179760825,5241.500508940012,5346.735903165594,5381.8661306518,5521.205140002179,5336.2964561909475,5251.251439768964,5207.513063379366,5267.996844281511,5393.727579440733,5086.795621865438,4844.206630925397,4870.317342997492,4748.960560204829,4803.02575133066,4767.816097936498,4789.924777428417,4712.509909886317,4728.386013844785,4740.276417255863,4697.23964911631,4695.8662884512605,4729.360265530362,4718.845780853391,4685.2157604120375,4466.831319277146,4391.818210186233,4393.198824251294,4385.930772636082,4430.5886981213725,4395.021657689661,4431.162531995965,4429.429290448455,4370.6033016648025,4380.383571865504,4350.680112381222,4338.274037169569,4348.031134510248,4344.9943136914935,4397.832997039479,4368.15621457255,4386.5522736484445,4440.403592519775,4495.604998837627,4508.118200509996,4517.330463278665,4476.660446218021,4497.8841730933045,4552.488320359549,4541.285340941706,4552.245810761388,4509.457447705065,4552.944860456091,4552.78512955575,4387.209641875324,4316.708915226214,4326.1372404934655,4304.13160441798,4309.740246702853,4381.4702346302265,4362.203464433091,4380.213161353308,4375.851574931657,4382.392302321597,4418.917731426141,4369.237162408219,4367.896004912254,4360.896692955754,4346.558043082868,4353.131945701335,4272.959584390416,4288.0534084734545,4327.339988706777,4269.434101445943,4281.280691008644,4273.287971255939,4265.060735277803,4281.493424229478,4252.336762213879,4275.341558457686,4272.66953476405
1,c456eb612fc2008dd496808b0d7f793eeacd51557eefc23200682f2d3b5f0e1b,9000,8088,150,true,false,true,"""SVD""",1e-12,Simulations.PCA_rank.eigenvector_pca.fit_pca_loadings_svd,34,8861.824537741111,7315.693379744813,7193.101275138498,6991.149720262065,6987.079982734783,6990.917355297144,6803.4004759326435,6504.435620867628,6150.013658120627,6162.232053792012,6165.663258269771,6085.466200636012,5959.97922341382,5975.019744238065,5318.123222823754,5195.007237293125,5026.547631763838,5041.64206781785,5084.339190255105,5179.4729192660425,5038.637175482973,4870.347584543663,4871.221754282774,4832.079979810782,4833.358586352914,4716.9124487769,4790.423197052602,4850.309716667455,4744.586174326776,4658.48237159742,4684.130315117487,4643.5151852035915,4646.6937562675585,4668.993033925055,4659.065334595532,4634.685551487016,4649.22879640254,4552.505171494944,4218.505523485745,4241.489265873529,4182.788851778929,4100.3923905479505,4100.5824705273735,4107.258436793928,4088.990829147866,4104.050075410016,4110.922110979841,3944.7486450743545,3964.1481502182446,3975.009266468141,3991.4598355288513,3911.079314726535,3901.251360012245,3891.081363638418,3893.341147400231,3921.315633109644,3813.6562179490043,3822.029644750189,3827.8193180153053,3773.166204031086,3770.913854320358,3777.1124419537923,3778.504105187131,3780.011368332389,3714.758593454912,3701.950010391175,3702.4954109844725,3728.76708905525,3743.6431241841096,3734.545820265106,3725.763067785202,3703.3420486266923,3707.0249537937593,3713.6604813313475,3760.1901558453346,3814.406418365182,3820.6021509255897,3842.675796863499,3724.102410605243,3714.0387601345255,3721.601093646829,3629.0209465135913,3639.513092726361,3649.926176437341,3675.7081896201544,3662.231095259853,3653.5678516768603,3613.119439633364,3564.7071361845537,3571.565855968162,3508.7857676482704,3503.739831976027,3500.2569076947216,3512.365642248062,3514.5091793792267,3523.079074578112,3535.8443555858753,3539.106546598946,3494.6756068329605,3514.9173242176985,3519.3971177429685,3506.023210041309,3514.393922160037,3510.0998742660545,3472.2496890651096,3478.1422062854526,3473.4440435973065,3487.545115335312,3448.630089986549,3459.9866725078705,3436.6067619848504,3422.220118797402,3416.609930068554,3343.121144586975,3332.3685927716506,3334.634325739684,3406.856955116867,3411.979133926604,3372.83490749122,3349.913057856471,3345.540652085916,3351.002609710069,3364.3682467125964,3374.6926559818526,3299.3927863256495,3293.3643658629476,3247.194131939978,3233.8861722381857,3215.7517813452096,3209.815552081909,3218.2815354793815,3221.560341958018,3235.5755605588415,3245.4332129490035,3234.920031434502,3240.763582347126,3249.590532117041,3262.082842630953,3213.6816994453516,3218.3447717529316,3225.054667995702,3229.9063018238294,3238.01157863546,3248.122660254066,3274.6115518236747,3222.17578929585,3215.013879564054,3216.895285378699,3270.1010004692944,3273.568852340487,3274.3971962279993
1,c456eb612fc2008dd496808b0d7f793eeacd51557eefc23200682f2d3b5f0e1b,9000,8088,150,true,false,true,"""SVD""",1e-12,Simulations.PCA_rank.eigenvector_pca.fit_pca_loadings_svd,35,10887.359635385896,10905.96310961295,10496.739626137505,9087.590567591838,9054.279919936567,8862.505722121918,8822.266471346607,6481.535370687875,6489.721240080898,6122.843502442846,6103.11697383939,6041.019365961906,5809.179885569648,5740.060232417785,5596.94507354686,5603.900893187136,5619.792275431859,5333.424341437295,5350.284826485354,5008.746829049175,4995.372043238186,4998.5149180037015,4995.856270446356,4991.796911182823,4998.332992128039,4929.665310204251,4794.901969283968,4751.409255273643,4734.9972648955245,4807.361409517683,4809.352758617688,4814.013800991216,4772.963606137925,4744.84756346065,4776.069784919399,4608.484337210617,4585.777618828076,4548.17084457334,4683.95579791535,4747.653493558124,4766.529103977789,4835.5030688891775,4750.151304128095,4712.393496260117,4738.330400424626,4673.88908742289,4602.757727599939,4674.74832515265,4836.13247263432,4882.015274141051,4744.609604812249,4668.781416905429,4679.403184042895,4670.633902558702,4630.093625125761,4618.503214348034,4436.715581039742,4279.692357638872,4102.511427830495,4101.319495659186,4074.967872082949,4084.1259697934724,4084.4982101606984,3953.022148837761,4019.636169065321,4032.6888244356355,4036.089549475638,4204.283303853205,4147.440464504685,4304.243044923066,4315.120030225775,4290.190372146492,4313.794730004964,4321.15544548222,3832.612049981672,3838.603818641971,3847.210381507754,3875.9438600487592,3878.8670760760424,3667.9294480470026,3664.1317957813158,3652.860647223363,3662.460115740427,3592.7469913699556,3611.162688097887,3612.3939055302803,3622.048730835947,3605.689605657912,3622.5338088422127,3639.2827435310514,3574.951945597455,3448.515987748448,3461.342283851177,3422.254029259333,3469.556895926235,3441.166790808911,3445.3809649468026,3456.932295449535,3339.572219693919,3363.6253186170075,3369.454426019311,3346.599123240536,3356.255970666566,3377.68880306299,3382.953194138012,3400.8059348684437,3365.4034321100994,3384.4274946872115,3419.9709540147874,3365.6362783467534,3368.742491469124,3355.25873865262,3339.045726518795,3315.8342460719264,3286.7558914535502,3276.6365168099774,3283.8548531274564,3290.787602791885,3248.4124594905343,3250.095263397473,3273.2142467742447,3285.5815460642275,3316.8366181640017,3299.6682926271137,3311.4889959022607,3230.962698196532,3195.8814559174543,3199.2516413220383,3203.330250138897,3214.232722097056,3216.74830879022,3224.510648462459,3232.129918188262,3240.877318365957,3229.283591599585,3251.2185225741873,3256.873902330222,3248.4268048098575,3237.561773569324,3222.3121494021993,3228.9718915695685,3249.0653849860605,3228.820557454747,3226.4876995025597,3167.6097817111263,3180.835396302647,3185.7481836909083,3187.7182819918457,3119.6035075676305,3122.479524532702,3111.5512344633016
1,c456eb612fc2008dd496808b0d7f793eeacd51557eefc23200682f2d3b5f0e1b,9000,8088,150,true,false,true,"""SVD""",1e-12,Simulations.PCA_rank.eigenvector_pca.fit_pca_loadings_svd,36,12137.4125919385,10748.065334416555,8349.846187596539,8373.744865813893,6207.430816059369,6175.312907753209,6221.775062230036,5838.815207002806,5447.291085236957,5147.737804941899,5155.3789094891545,5162.646673658144,5110.405067115701,5124.7740698523185,5135.363840653681,5136.847828514174,5101.959838781806,5005.470547045307,5033.862890868023,4906.876128926198,4844.951212478616,4836.272762866527,4713.385705417206,4680.1848791406555,4693.511468994246,4695.689993012729,4503.451778064075,4487.393438645859,4467.6826863731,4575.098530979478,4536.838407629924,4533.455764494634,4535.666315475755,4407.31046967833,4411.529128476671,4413.823170537384,4429.907596915536,4380.107029360394,4247.744570849353,4259.2232886072625,4224.619782189091,4249.362939449309,4253.258464244051,4260.171765283554,4269.112767672802,4127.2316262088025,4175.3336790379535,4193.232076919165,4047.780482603064,4023.6717139525804,3962.302402919354,3957.5628021775433,3962.5152776984078,3962.671477602636,3933.7715916094767,3930.161049125674,3958.7569196592603,3924.1857579019893,3911.2109457460483,3916.747634634345,3917.1151631382495,3915.78657727056,3920.889701321298,3942.879150551753,3941.2377056099876,3932.3485734586684,3937.1082650519124,3882.347088979707,3889.3220355432277,3858.358745421791,3799.749396999173,3781.65711065884,3779.3116351193003,3776.3822468279704,3773.926121612757,3789.5826199567077,3792.376096502191,3767.905184466423,3781.3430701241964,3793.4695801213725,3794.415695098126,3759.0118948990266,3767.203253838903,3769.296296306031,3767.3518537813425,3762.584408661217,3733.8418347014103,3719.9859101644097,3728.8957127485037,3660.0023846737126,3657.4941610988344,3658.6999686486556,3650.793750116725,3654.815726683001,3608.02921263247,3620.049446186408,3619.1287671866485,3611.438430332467,3623.2704810831387,3561.8712605864307,3537.8466747148095,3539.060711980247,3542.940508855832,3546.574527325878,3521.7870659833725,3532.428601335329,3537.4565736077134,3548.3848446986403,3565.5365414586236,3575.8293567301666,3583.566362469186,3598.487463159461,3596.4479268374284,3604.627119328095,3619.3678700560163,3632.9158248717445,3642.7261459766437,3647.130574835346,3664.9964497051196,3653.4918981282053,3647.297001570077,3504.891815911373,3495.841023367966,3500.3110451755806,3513.629953402369,3504.0930256836677,3487.2353773274745,3486.4922672502817,3427.523053715426,3457.004052051291,3459.6053138332127,3470.2222933559583,3474.774747154075,3474.3746381196734,3471.1771296156194,3491.9388366501057,3516.957590147405,3513.101451924703,3521.2113068573644,3544.092002644686,3553.50981864932,3548.748236409068,3580.8988528289096,3598.2136626361034,3593.883268798713,3616.233875452019,3647.4907717843485,3525.870081733323,3528.0436581803715,3512.2914405312117,3528.0049296192924
1,c456eb612fc2008dd496808b0d7f793eeacd51557eefc23200682f2d3b5f0e1b,9000,8088,150,true,false,true,"""SVD""",1e-12,Simulations.PCA_rank.eigenvector_pca.fit_pca_loadings_svd,37,15009.859193041739,13349.839707280546,12942.209682993936,12751.700079579901,11515.522233059206,9722.394854598335,8939.973722198745,7967.863685021918,7934.211067485971,7860.495280073,7805.475685370324,7710.586769824894,7704.116627869109,7733.864781969371,7753.178374057701,7748.71798418401,7768.1437227514325,7694.7069775785385,7703.492305133399,7609.602052504058,7238.525120112293,7249.053372207128,7253.992522343779,7100.650097220287,7072.628074068099,6842.774171203795,6863.294483726492,6585.977091574756,6357.530043154011,6356.960472170206,6343.904517974182,6311.147211312688,6269.399419035186,6270.938713658346,6260.644323315188,6247.205430711489,6238.830422865804,6246.698833488308,6249.522782086401,6278.648299685494,6182.0484514510945,6192.01841003037,6007.347533873351,6014.067326469911,5984.806130045731,6073.593300497814,6067.366179527413,6068.998899048179,5823.713979958859,5847.143659509137,5886.455793003557,5913.6066486767495,5907.263950113548,5838.01801632593,5867.600844892149,5836.824605941799,5868.336297549218,6184.305753863328,6199.499740593919,6160.333149928247,6128.088227805957,6131.182710657535,6152.513938769776,6174.945124602224,6230.830919425687,6227.006007932133,6225.955699128892,5526.978692283914,5509.672477607544,5402.453952230282,5292.011386345697,5259.064427725589,5424.485547694928,5434.137721354869,5244.556874830898,5273.514609147903,5291.818980261961,5420.918416546983,5413.725682058694,5362.448515024505,5403.80787141116,5360.5439264640945,5318.25877397473,5335.339001738745,5205.999384347548,5114.41546640621,5188.132634825843,5202.447459318793,5161.855862350412,5150.522972393289,5198.543079696822,5189.193826505982,4973.97967736435,4929.453579871514,4935.366982289374,4954.427110866973,4925.823753181889,4972.160049374654,4976.3307837977645,5095.741947444038,5099.973164080301,5120.4108263576345,5100.432218255268,5071.73065508512,5187.289723313548,5116.922152512803,5141.34729478926,5111.0043867755085,5101.904908731965,4998.137165107769,5041.926674150354,5101.892334908567,5121.285321695559,5142.971913480737,5163.049668064972,5097.786043644083,5027.567592083284,5040.568202168555,5058.208150483585,5021.420846715892,5059.115362582066,5094.991705910216,5280.463024868046,5211.192204962307,5151.499691411028,5013.808129238578,5067.526711542393,5084.137306959527,5086.049707055469,5109.8041855047895,5173.145956375881,5222.277379754714,5197.676533690944,5216.29978028418,5262.840560524087,5082.216085609928,5078.628530807799,5102.069147312865,5017.273727118069,5019.18923300449,5066.946209940987,5111.698385312385,5022.604170546344,5059.1588812167065,4998.187100803405,4994.785046843672,5052.898035028743,4973.606764243576,4984.889000107564,4936.395382085279,5021.0017510464795
1,c456eb612fc2008dd496808b0d7f793eeacd51557eefc23200682f2d3b5f0e1b,9000,8088,150,true,false,true,"""SVD""",1e-12,Simulations.PCA_rank.eigenvector_pca.fit_pca_loadings_svd,38,14259.450923153463,7378.9722435963295,6161.424573731954,5973.3203060291635,5965.836010784365,5878.078071870634,5885.677983675021,5707.803942221439,5719.7358462276,5574.09773312023,5577.803799234788,5388.86941929086,5172.8468011947925,5167.080464934814,5085.961528508816,5019.575804005714,5030.678162829017,5034.755712995394,5019.981980257631,4988.599438626729,4992.495515109712,4905.281034858675,4909.391141500445,4917.810358769356,4841.953418053145,4840.121133694727,4863.880291124364,4876.061268948004,4834.253300529525,4930.393385571929,4982.673830588156,4981.494971252903,4994.723725166405,5008.560400581842,5038.555572977792,5025.650141923111,5033.567279054611,5007.817611875644,4395.111234831985,4415.517602279174,4428.205090848501,4386.551748242152,4365.484422952408,4372.930212465289,4360.137714206169,4270.637017132268,4248.895341185057,4253.486059186777,4248.638112915819,4254.350669605015,4235.6424241112545,4219.428160509638,4214.272182257711,4143.454680222345,4145.823824876547,4152.268452041771,4165.002392134687,4118.8867208514985,4123.534739130313,4119.7637654310765,4122.895334966246,4100.2595282881875,4099.595845083012,4104.742468258098,4113.948616325131,4115.6447960533615,4120.710769564998,4129.208569644331,4128.670479827638,4107.926640394642,4105.184397523686,4052.4267756304976,4045.811665694824,4043.5870980009418,4049.000935628555,4056.7404413964337,4068.227619070912,4097.248182300456,4042.696372436239,4000.196742051061,4004.596798535823,3986.1714065515384,3895.9516440812295,3874.246437279569,3881.314922512873,3888.1816736868323,3874.3499787156684,3850.101392478702,3854.067477106968,3850.5427614575096,3860.647678519273,3860.4337054664265,3854.1873346014013,3862.0289033532963,3867.1573220669206,3874.279339481799,3864.706938288433,3844.2435194754457,3840.9919957608076,3850.2316954977655,3869.3270326536926,3837.045018975405,3845.4112905067414,3847.7723397762547,3845.9461267508723,3865.158701522258,3875.7606381714327,3877.6396858608673,3885.6361841752573,3894.3065342698283,3880.8295870071015,3921.7046318949647,3856.1048933334196,3839.416781257755,3810.697039623927,3808.8445215201546,3814.71655493134,3824.2422680913432,3851.166107217014,3872.47316669511,3877.5730964681165,3857.8977524648003,3881.642923334088,3889.480808936667,3916.7531542686343,3928.5206874600485,3946.496282308794,3915.280809108227,3925.446320489501,3937.953490642521,3948.6473900662063,3948.9000258444794,3974.070297795404,3941.48838363062,3916.990678506627,3944.088792861048,3960.480306183892,3937.548052878344,3966.7800638339017,3898.9658394965786,3896.3009076517096,3942.0165731548004,3938.7100659092116,3943.3643470939564,3920.102613983645,3937.886027755439,3960.140186689913,3986.335615539484,3889.630614095448,3912.0864430460056,3861.4921842626554
1,c456eb612fc2008dd496808b0d7f793eeacd51557eefc23200682f2d3b5f0e1b,9000,8088,150,true,false,true,"""SVD""",1e-12,Simulations.PCA_rank.eigenvector_pca.fit_pca_loadings_svd,39,8770.469899972612,8329.877320438027,8287.424697581057,8186.693298472265,8198.558541924192,6713.849024669783,6719.99073360859,6531.212878778415,6423.52917944731,6420.172305773032,6393.698278226172,6096.036730542997,5912.6429816020955,5922.290328956956,5792.968249585474,5647.510042967431,5671.733799173303,5462.159107411447,5469.429223758088,5477.302932260936,5485.518268919583,5333.541806316877,5303.808381212294,5317.536453484638,5320.654113008626,5336.832033630041,5359.216947303436,5303.357582668638,5333.758763999481,5406.0997305116325,5280.786198984253,5289.194856151821,5316.896826101176,5327.94471541972,5291.634290014045,5296.619751318799,5278.248786048554,5277.598981238217,5110.691843839028,5101.882511321628,5043.709838720708,5101.914875265311,5095.619097967981,5101.908635214604,5057.843758401118,4877.1800958116855,4971.769807026442,4909.802212363264,4911.14410064045,4946.6741927979665,4974.479177470743,5002.948780377631,5013.257433685275,5019.1416157908025,5047.305090442404,4932.324314568612,4718.324019992275,4657.958645010872,4661.1264713411065,4689.047462599715,4708.378966718289,4705.5375314054945,4711.433740015125,4637.70918304314,4670.6013544784455,4527.467209671366,4491.893173593896,4492.628276405449,4489.408117035151,4499.57409868305,4507.217569954504,4512.164563691221,4548.505558401246,4561.358443706113,4598.167389708682,4605.158123896127,4577.959173239976,4523.310875097837,4527.93741112486,4494.69682314379,4453.182182622644,4444.2906725811235,4395.053798722562,4258.247669549082,4276.377264823649,4304.001114283549,4164.121091216382,4175.131575941635,4149.270832536332,4191.427895042935,4168.582661760998,4130.364355059544,4126.195734502086,4125.346681863913,4042.8542564406575,4084.823631715728,4049.4211823996666,4065.6602332239986,4074.034321705972,4102.29241542021,4109.611242389458,4040.552348420817,3987.6380413202673,3988.355360954166,3993.7671080359837,4058.7719096653427,4081.795238802588,4099.694228854742,4088.452246408118,3998.162185745633,3964.871059482727,3913.171904397182,3892.72758183663,3899.139746583757,3903.7237676677296,3839.2006139212986,3852.629339208544,3867.625061474959,3860.189097277554,3867.708647062602,3935.355437218371,3922.9283727577836,3904.3312881173933,3915.5035547941447,3967.850673610584,4010.5563575969604,4030.6509823147708,4039.4209434090294,4049.585351778924,4133.086063618423,4118.628356105213,4126.976937508555,4174.495293683845,4185.18349924577,4236.336528457025,4264.610961800473,4220.737414557515,4240.684746213404,4223.271504298189,4296.584129215211,4334.483490616547,4213.479121815355,4156.6358358991965,4162.801325116038,4173.986601685068,4243.558504669979,4201.015237253892,4159.911088852589,4181.4552028815415,4177.878412076798,4176.796965752657
1,c456eb612fc2008dd496808b0d7f793eeacd51557eefc23200682f2d3b5f0e1b,9000,8088,150,true,false,true,"""SVD""",1e-12,Simulations.PCA_rank.eigenvector_pca.fit_pca_loadings_svd,40,9442.78958135051,9423.050655933775,6612.129108021772,6615.173490940305,5859.477723989823,5838.144870486523,5836.81475600483,5803.394579916981,5812.505718448877,5672.602628162599,5655.646210546185,5592.324350780197,5570.749444144511,5611.937576864592,5521.045650831423,5484.609995432646,5512.344143729226,5087.517837324468,5103.910110052717,5055.6781753172745,5043.801332597351,4994.7974737541535,4899.037281150089,4855.329951119625,4719.651838062291,4718.752520821649,4694.657604325012,4703.3961821101375,4717.80615473865,4762.8671592237515,4790.057281673803,4580.366807516374,4571.674377376857,4465.202063737366,4463.810769949243,4440.198304069505,4446.055335389647,4406.214239756252,4403.764751238315,4415.13742530187,4401.0590900484585,4338.022979512466,4338.635569817091,4295.920143790907,4297.293883724615,4299.958703260255,4221.835078838719,4257.6177389645045,4304.809051678283,4307.550247039871,4358.653961457034,4388.572443773181,4268.708399132281,4217.549978507597,4197.015833698572,3945.1589395068013,3883.226795866044,3933.2013344952743,3943.168518093267,3925.0195477071943,3933.367805932676,3911.225184870201,3887.2612809567877,3859.3500584382855,3848.994448912478,3829.27508208839,3832.661859521886,3864.1912587827323,3924.0147521965873,3975.905984490579,3982.347210259783,3982.6762808352905,3986.9339142942003,3991.1949956246563,4037.4804674002776,4086.198592247849,4088.893381904062,4152.440099032613,4169.6366943080175,4155.119063758378,4176.167220894794,4190.728803242195,4200.0942948388865,4230.512702680052,4186.942386847796,4252.212022317418,4258.430470791637,4313.275494477441,4362.022179134432,4363.113631525822,4336.486735780722,4344.094558179536,4354.700450428113,4355.3364035396235,4387.082322976334,4396.332115565381,4414.329586277772,4384.002982881736,4217.693655953383,4270.027452208805,4298.31335214258,4270.853229396995,4277.9141476774475,4309.820058398961,4327.327104645379,4287.646868413413,4297.356440714375,4249.2636899444215,4240.04177071297,4248.372260567532,4054.800365253593,4067.6990074479145,4083.6340254906495,4133.788720168493,4111.614843030797,4030.4584460092556,4046.8029352066737,4049.737155262944,4086.9102236590597,4080.7355546729527,4108.326181581556,4160.1914875834045,4198.431295468389,4142.171691867953,4191.4653818098695,4099.642755989196,4166.391555914121,4165.59040944752,4146.410687150081,4162.338456448139,4108.3840541806585,4116.3159788410285,4063.4064954993028,4094.1448773031334,4077.676440466218,4029.257556044602,4004.669641134486,4026.601125445439,4044.193845087862,4021.5076156567197,4039.046596059259,4087.0334757244696,4121.814110498911,4071.7412895090188,4133.684542515262,4120.544400312691,4118.55205670651,4178.76308058599,4203.191891398427,4241.472758780288,4070.8433451725355
1,c456eb612fc2008dd496808b0d7f793eeacd51557eefc23200682f2d3b5f0e1b,9000,8088,150,true,false,true,"""SVD""",1e-12,Simulations.PCA_rank.eigenvector_pca.fit_pca_loadings_svd,41,7696.7628729677745,7293.1957421430525,6653.567609834144,6482.166901619105,5463.004100456494,5412.885719846573,5324.135742649661,5331.25663206857,5236.5565476180645,5148.723540258514,5154.13193887682,5025.775892970259,4975.771772485352,4982.073699771958,4958.9252813869225,4846.541861766945,4841.603576401514,4741.201680658095,4750.528115092079,4759.369073488785,4706.045746004258,4701.486549790905,4698.787956912897,4478.396204983882,4433.20045210864,4436.595630375407,4332.293659859042,4351.718296341769,4194.757663060162,4206.576589236594,4164.777806913804,4169.4454024055585,4175.555391447268,4151.6426593258675,4130.980408058103,4111.806453441054,4086.242056462218,4059.4094933794445,4053.8068453536557,4064.1622482929733,4077.32041365095,4061.747913069904,4056.2237688428218,3979.1511687687957,3847.511729729257,3849.471986446988,3860.189731927571,3838.2273344994137,3819.882098986655,3824.1917625187775,3834.0717781900526,3844.5999596866513,3809.1890082754694,3809.6542867738563,3817.1994611411483,3794.0482410987065,3799.4420361509765,3972.7028839211566,3870.626186106482,3858.978198475975,3828.824552782739,3801.4350608450577,3787.366208644693,3737.3705725994528,3669.1686490696097,3666.194457221688,3665.920282247247,3649.6244818593486,3645.334103945023,3676.4941496710935,3681.0024515192736,3621.3510836677956,3541.4482814283247,3539.560332155533,3547.6407844317873,3533.736584233331,3492.0586486295997,3498.3794336870205,3498.438869677838,3465.49896908382,3469.2348819217655,3477.479847017938,3458.215890749608,3462.2567148214407,3452.601760702992,3460.8050632959275,3461.8411910177633,3460.9173698394616,3459.4615649147468,3461.4760354823884,3439.487765356614,3442.261663052699,3432.3401734647427,3408.744106321023,3416.064187003382,3424.961550493626,3433.0285113961977,3438.1878518166804,3433.149500600148,3371.200004872753,3374.4982280094728,3382.2819043938403,3384.927706970199,3412.6832275196994,3408.98417028674,3407.1099126212134,3451.2729884982346,3457.1830506487545,3464.43220582823,3400.0191752652913,3406.1241853170436,3412.2208527561797,3357.6639932092294,3352.388187256878,3355.2152320182713,3360.05865248847,3389.7549943555027,3408.013351349716,3407.697505727729,3427.0182112992206,3433.2250465964357,3450.8306217885147,3461.880481656357,3470.857383133666,3494.2442826561282,3479.803608845781,3470.2083672406293,3475.250140266063,3444.403244426537,3442.5819879737446,3411.3257545113815,3440.9611969415496,3399.4058229789744,3415.450634186007,3421.7592384716468,3446.6482611759634,3434.6901400430384,3441.517583328931,3467.326339244638,3482.791676747517,3463.154943101419,3472.573618839937,3511.4445727998973,3530.0534333368123,3548.0712045239984,3505.2371934487337,3573.6748239117037,3662.422635664797,3660.172898132957,3669.3140589917543,3677.9376271404344
1,c456eb612fc2008dd496808b0d7f793eeacd51557eefc23200682f2d3b5f0e1b,9000,8088,150,true,false,true,"""SVD""",1e-12,Simulations.PCA_rank.eigenvector_pca.fit_pca_loadings_svd,42,8585.07589425969,7917.471223126037,7008.8511690177065,6909.5744150351275,6890.692584610161,6571.179918991285,6580.501853435655,6522.195241570193,6546.325899065083,6470.888677207719,6403.929022621106,6422.628426125434,6139.3320431547945,6193.44251553263,6176.789995514158,6178.3297885103575,6217.689401034047,6254.035956125261,6305.4232652691335,6177.499649039148,6085.636307824122,6038.687636013604,5893.963157038616,5388.41365219189,5210.572662540888,5203.251498120948,5073.642947112514,5066.397513890389,5069.650745975905,5243.3716088686915,5314.884981998647,5126.650811212516,5121.171038683777,5055.023092100401,5056.893908694383,4913.671513237585,4889.67453885116,4899.274830559713,5037.1554996155955,4814.521294686168,4773.778539864381,4634.390138505057,4631.140928284357,4636.389122977071,4644.822703081387,4838.508919208673,4930.611003402907,5011.714171455403,4865.951260644272,4905.47065552285,4836.241472124829,4795.301548199516,4798.4308167368135,4519.51259399195,4392.598825518999,4407.851644624172,4331.728627503329,4176.22846487648,4179.946247882953,4186.803644892087,4148.529276440652,4141.574377132549,4141.098523650127,4150.615437215105,4188.267005875453,4194.872533340207,4176.728639879447,4262.089729274307,4145.613306046839,4147.428389546207,4128.462315539552,4118.649342203198,4149.885370293862,4111.960252559845,4217.017368157217,4101.501213475063,3961.968288765497,3916.334332829731,3913.6541168707445,3997.1195690752497,3997.710759079712,4013.718283240915,3886.945850627965,3901.3587537579533,3901.972470850372,3909.5840564833525,3914.8222033568773,3818.813329412041,3805.378719914627,3838.8079048971126,3827.8864735112506,3823.269694633778,3810.9315396665856,3680.325729454702,3579.191272575197,3581.0435518978156,3572.4606012773934,3576.111394147829,3571.210480310465,3564.443134821235,3497.1328137351256,3509.0019827355445,3515.0163454229137,3513.170129953637,3516.3741435660663,3545.5313834127496,3416.086260241184,3391.0499287962703,3396.9831166254535,3392.743205833233,3385.2013278335726,3385.0354004670644,3364.4534083158255,3313.6231125261643,3324.372194532646,3332.6431984569817,3359.6375264313615,3334.892260933073,3282.3403277732245,3283.3998639431966,3283.991365790338,3249.476303370981,3255.805829283047,3263.6829550700772,3263.7318785761695,3285.2555765142115,3260.770735460595,3268.842173024114,3264.770883846088,3271.64486335606,3270.2981592509745,3271.711023597912,3278.8154321786674,3285.5025791790363,3288.8856927901857,3293.715680830781,3237.0202674067427,3249.7052262177667,3258.0209149029606,3259.271692620475,3264.627779690946,3289.681230999345,3371.5377834707997,3512.337275298095,3542.769076800579,3526.8778544320803,3492.2004931177403,3420.212470740175,3330.880786419739,3338.3606859301804,3345.65218862946
1,c456eb612fc2008dd496808b0d7f793eeacd51557eefc23200682f2d3b5f0e1b,9000,8088,150,true,false,true,"""SVD""",1e-12,Simulations.PCA_rank.eigenvector_pca.fit_pca_loadings_svd,43,9978.500205737237,9767.815497269712,9733.036194563736,7849.486975031843,6722.783483708409,6640.013442157839,6615.0880933377375,6338.1979547870615,5559.892423793953,5591.3248759258895,5520.815850952866,5524.52729231896,5534.867253876056,5376.449168993817,5356.824945298613,5356.273080535105,5415.881218140479,5104.131863443252,5122.142679126248,5016.77450914981,5013.0403882289975,5013.252280524341,4722.936405433795,4765.89583643084,4643.612541370551,4659.282390123104,4622.294928422226,4649.01110836713,4634.763623454201,4790.3362132815155,4795.627344607311,4808.373767677301,4613.489616401421,4488.843529490484,4458.8323154571035,4455.481823969844,4450.597342946755,4372.814463338251,4411.085858718987,4242.4974915383555,4261.296609674188,4198.936115416921,4164.122507871663,4114.00514306885,4045.284845713573,4048.7261708603055,4119.088794343028,4079.6695672844276,4118.067142717191,4119.845179096284,4151.478646564587,4142.152975058611,4137.749767933973,4139.346846716833,4098.920488685168,4057.6879424215786,4099.189445324032,3961.902794601366,3963.6743586210205,3923.132262085529,3926.0297686289764,3941.2070425701327,3936.980657697208,3932.701220714162,3919.6066022013783,3881.216644226808,3884.5234962097693,3867.4139086720406,3880.9478801931955,3913.8257718950285,3924.7294394041432,3933.877122949044,3889.5958812631693,3871.4484069166174,3823.738773433554,3832.705538079554,3855.11357793284,3807.9568203288663,3719.0248115914683,3727.0070057528155,3725.42138598945,3695.0175812093694,3668.31246160421,3673.556121050694,3684.401200804425,3690.118592844004,3697.150850939903,3708.261841028746,3678.327162137763,3571.767439874589,3578.550638385165,3579.059454129063,3584.377246368583,3568.388286942372,3567.090289119697,3536.279461501132,3530.030871843838,3538.754542092493,3540.085084190714,3529.3677215962784,3527.417338365246,3541.395859083605,3519.79552967237,3538.9551516485917,3529.077324207046,3549.2638220594627,3584.0537581983085,3584.1169953036574,3589.0607496516636,3598.558246803362,3505.270368095675,3502.5242832366766,3522.8113720839788,3507.866797283294,3519.66501390674,3480.2558845911276,3398.377401495685,3411.516212469075,3357.314320822054,3363.352424527412,3310.2640932751056,3303.269075896163,3333.4607898659515,3356.500095195297,3371.51607666572,3379.541127543143,3384.1283659215183,3387.5267322279246,3392.713883832039,3394.266624572795,3415.114068043299,3429.138656837452,3374.114830192604,3394.5675130120667,3410.574855648203,3502.9163508195866,3509.5551594250833,3478.984727670792,3511.4938965198344,3528.8573428099567,3538.105831843822,3567.4509330338406,3552.9194381266993,3565.9245174829675,3563.228835168996,3574.9904045009575,3584.351478267893,3608.324944199701,3648.0723660866197,3646.940331233047,3651.345560435257
1,c456eb612fc2008dd496808b0d7f793eeacd51557eefc23200682f2d3b5f0e1b,9000,8088,150,true,false,true,"""SVD""",1e-12,Simulations.PCA_rank.eigenvector_pca.fit_pca_loadings_svd,44,15697.059664403949,15544.277868530806,8785.911545081726,6445.374093203876,6417.730569713356,6421.156938269541,6421.8924481415,6390.962571705698,6355.949927350613,6417.687166595841,6475.913812590357,6636.9046284056685,6296.725069673354,6294.271876419782,6350.439674538818,6314.205418959664,6351.52490103202,6324.512308364792,6183.721709481659,5872.470979399624,5885.630261169529,5901.681445317157,5904.653216158194,5891.410339148652,5608.616419070853,5586.599180037595,5438.665454264364,5438.607023266266,5250.072573607136,5292.6228044911395,5309.800206703234,5295.416671036696,5285.232220846571,5308.002093866346,5103.722557978377,5127.501734896668,5118.934377719816,5071.4682880564715,5050.650292523034,5052.834783993532,5024.84048141381,5020.132704696725,4949.710257961573,4955.351026217817,4926.553068226152,4998.546269850364,5030.394923635991,4882.392628704086,4839.820031224164,4852.526662982817,4886.404399623841,4848.047583803991,4851.856412972353,4765.318387042296,4762.000150081109,4729.560302880063,4745.354622248687,4676.474460617455,4684.820905342706,4548.477844490484,4543.819307528828,4550.330567033059,4558.907883999394,4535.698740308404,4460.388070446784,4301.425688649878,4294.574128093706,4290.064322768652,4253.504463976523,4237.002180009021,4199.276274878595,4204.920504205279,4198.818841639082,4210.199627186629,4198.693572094997,4216.23738720277,4230.554141110721,4218.7892602964885,4075.921521209618,4093.804721645859,4099.442722502605,4112.308561490533,4127.353944623938,4129.7755323255715,4178.9637675766535,4230.120579639193,4201.197759380457,4168.521186643039,4178.063632938969,4158.947610135422,4126.666383677924,4100.348856415966,4065.425142317546,4054.414396073323,4051.547023546694,4034.4318471004235,4056.4856155839193,4039.0226128906857,4046.907356548986,4129.550061528679,4112.610611662195,4128.340205407967,4125.689766025913,4135.61546948813,4104.9387681800345,4096.93460011852,4116.237773451169,4109.459580672659,4119.06946536028,4162.539864480138,4264.995902203795,4248.324801725611,4251.652332933451,4257.525798635539,4296.440508169244,4301.802211535516,4329.627768168018,4140.658916604973,4144.036920784287,4174.8952638953415,4223.008453820319,4235.6856947666265,4151.082199417606,4141.354633452654,4129.185947291011,4102.489903280413,4125.753878497883,4140.790965383266,4147.282650147358,4170.620241704306,4041.1959714463683,4068.3175897435126,4066.2023191829353,4055.147594413077,4084.2769357768257,4111.681515564169,4121.480532139827,4173.440395856189,4196.290920132941,4186.720087719716,4027.399980757504,4107.400530577433,4051.0405373730987,4148.677092592302,4210.374050536285,4113.913020349778,4134.0566811261415,4047.4684909316393,3932.6577196832977,3958.1124094357847,3928.914705480833
1,c456eb612fc2008dd496808b0d7f793eeacd51557eefc23200682f2d3b5f0e1b,9000,8088,150,true,false,true,"""SVD""",1e-12,Simulations.PCA_rank.eigenvector_pca.fit_pca_loadings_svd,45,8628.631720378864,8502.258933555602,7636.6566271059755,6869.743753361997,6462.669195440572,6372.71836980091,6347.4502677641385,6363.581365338909,6415.276851476192,6090.59852143986,6052.930544306302,6041.065376386139,6050.036386188968,6119.0025671547855,6121.803133551229,6114.948029884859,6181.626227026123,6228.100240752906,5841.131744040899,5824.443588363734,5837.789115036176,5850.801401282773,5783.0350957530045,5808.091395738786,5789.621170325667,5782.750483144792,5810.820272879224,5584.523937675464,5587.8532660286555,5591.33799845874,5579.318327151828,5581.924331812882,5495.937590199047,5510.841868223217,5506.720552599734,5508.805817530764,5513.072622027559,5517.375732153278,5572.565509248219,5456.625048828036,5401.622305514378,5217.443741799556,5219.780316948335,5214.189501473643,5145.089463364286,5159.215771424345,5186.808973298708,5146.029562319534,5191.001795275451,5144.73344013179,5135.7569410987235,5076.74951993775,5008.134018959358,4943.345418409234,4947.645436093433,4965.586353291812,5007.747207847557,5075.581243472065,5079.023389005437,5090.666677484574,5085.037580131344,5078.513694405569,4997.845198227305,5047.574255247054,5039.988305638409,5054.051872565885,5064.1089600447995,5042.421641516445,5048.175869041568,5067.966694774667,5113.72793177321,5077.830273051347,4878.045826233193,4842.053322891159,4829.569248547181,4852.707436050199,4844.630610879047,4799.5871020542945,4746.913647022136,4770.2387762137405,4744.462094302779,4744.846486834223,4782.29385910013,4797.250988373659,4771.2688222969755,4808.119181954847,4779.215127465963,4784.845846270742,4770.497412917549,4725.321990451366,4745.819468979654,4741.731782710813,4764.084962905889,4781.034703198472,4819.23565664086,4885.032424397201,4905.19806452637,4937.9238575471845,4971.209104510163,4831.651919269548,4769.672125461271,4793.400400993108,4784.6263002626365,4766.001245408831,4832.486942539196,4849.97681206914,4859.891245297414,4814.784256995619,4825.14656613416,4590.876277052026,4524.575210801487,4526.606671179667,4532.7780744944885,4546.9751932004,4529.515789106833,4519.172352201433,4533.845808555593,4522.1466505422795,4506.344837406154,4517.9698924996665,4542.167581820354,4543.343819246467,4616.858547734128,4636.049669538876,4635.491540516947,4675.704107665713,4671.885253976682,4650.840262647549,4647.0411310527725,4653.600229897512,4634.600946067164,4643.377486147716,4519.5114041191955,4538.087500985654,4511.121566746408,4528.981527586501,4563.805330428457,4608.267140406593,4654.1617287457275,4653.141061638127,4631.619218542174,4680.614904321594,4576.213997366603,4577.321720375862,4545.141545156153,4264.790068915839,4300.729740051291,4288.338180878339,4301.104190667647,4315.613282401283,4331.992381027166
1,c456eb612fc2008dd496808b0d7f793eeacd51557eefc23200682f2d3b5f0e1b,9000,8088,150,true,false,true,"""SVD""",1e-12,Simulations.PCA_rank.eigenvector_pca.fit_pca_loadings_svd,46,20342.543972979318,18302.899973774052,12791.593232730524,10615.064120344063,9624.532925335592,8145.066068968058,7711.180954681494,7719.343908006289,7601.818447717144,7207.653315619954,6837.356436005789,6871.358591618278,6340.779737409346,6105.021836753364,6093.134433622156,6099.309915414419,6105.66677706004,6078.418157864135,5985.142663500758,5990.405083303611,5511.737553207033,5496.736450476555,5499.8759807937995,5599.321612239261,5403.717113058494,5433.683095305401,5498.0937214248115,5543.923739238454,5533.722906240723,5683.861142405207,5504.4935565763235,5512.034902818184,5482.417550560584,5474.976937882652,5538.95151623239,5500.219130721983,5443.174669404361,5406.809173532393,5516.049304176357,5526.910796709227,5528.01577935831,5387.696027635206,5396.355721693386,5370.690866754159,5449.405444191202,5667.175023356313,5348.714078785221,5284.084722273438,5244.400502767955,5050.266926556839,5128.203452285015,4657.458137472093,4636.772687415846,4641.187614920247,4664.587656511168,4590.290482105987,4438.26332945079,4543.916060748111,4576.672603683994,4598.914706988512,4603.199517574269,4601.719237574077,4588.530639917711,4580.748167613937,4584.491373874206,4564.573447713737,4574.5604174806385,4606.062093940524,4616.699908730676,4701.636460580656,4646.758812524814,4673.357382273478,4559.22831767517,4574.4552577574195,4639.221295577408,4663.666169347874,4643.2335229017835,4605.233950710494,4642.36431501358,4497.478328534538,4462.998790834959,4456.062524289361,4499.6693028200525,4483.32621256783,4294.976956429201,4306.180932576469,4284.557977250392,4299.865953292335,4284.290404582109,4286.311634713806,4294.958882578714,4301.8836896047405,4257.095976414201,4250.670774564737,4271.945671065309,4284.798818204279,4292.755139292623,4287.686264289819,4295.946281109563,4234.734501542917,4223.586779751511,4209.110277523932,4211.802892392869,4229.386018194243,4252.525907257732,4182.902125602238,4200.082668493484,4183.259241038745,4168.467130085986,4104.909372235234,4115.267180414977,4109.534820280145,4067.763043002277,4076.2553609361626,4086.029612386325,4090.557832332457,4103.675314735248,4127.014025133389,4151.406229615973,4155.232254648545,4167.39514146013,4168.035753502909,4193.191625537022,4178.51509033314,4134.673556234846,4037.2387936608243,4053.264639034556,4056.980636391364,4068.581549547312,4100.183877372658,4107.965132216534,4111.712071130231,4099.972282765951,4114.790689477211,4165.988707504121,4162.113109897132,4114.351436550395,4085.700338129028,4100.537211843235,4125.560905705827,4178.588183834472,4096.045497287027,4076.401222079194,4105.428861438088,4028.593159300793,4002.820296022858,3996.0642566978577,4001.5139807400824,3995.6247004354022,3978.3759262718836,3997.1655035545587
1,c456eb612fc2008dd496808b0d7f793eeacd51557eefc23200682f2d3b5f0e1b,9000,8088,150,true,false,true,"""SVD""",1e-12,Simulations.PCA_rank.eigenvector_pca.fit_pca_loadings_svd,47,10966.307648859194,10854.674596092853,6022.00091888995,5922.708923634011,5927.556043313351,5323.323954851571,5301.789413190052,5166.45944429093,5079.649208178705,4936.563324272878,4846.621480705162,4817.935911790177,4821.00669992193,4799.845921356795,4611.285121880262,4594.752364489148,4304.770100768108,4276.960280233945,4262.238799061042,4304.927742382653,4304.440555712054,4246.54404293828,4248.5828697800325,4236.524616350095,4276.219839557193,4158.44271166833,4034.993589163318,4011.2924990862753,4035.5216530922166,4034.874330056678,3985.1855154565587,3983.9576160899305,3970.8466964118415,3975.5358905615826,3989.6632668483876,3973.8175857218616,3956.9440924071478,3943.2457428072635,3975.9625154368864,3848.727352844472,3817.952862696792,3779.8219288096498,3757.989250862897,3761.97638606625,3772.399965667772,3757.015913332508,3724.356173481575,3731.4522532670303,3744.062903066172,3754.0255192540403,3760.704383963602,3770.2733079693016,3780.1615888330603,3786.572009500544,3791.4362646083473,3773.7329089355035,3769.630388768661,3793.523304451364,3797.0415126085404,3794.283634759714,3803.9375038331236,3808.273652207427,3768.8658647851644,3726.556655548135,3736.7914660984197,3737.0509353193856,3701.362642559498,3710.661866066017,3710.2281485325575,3699.1411096719544,3703.109189302594,3675.13227584245,3710.1682960210996,3697.6455066936287,3456.7516060608964,3468.4551449530313,3467.8972596239587,3471.5062490723344,3479.4402785948832,3490.256326908513,3490.675223763779,3476.5019760806213,3478.782387393178,3494.431948282073,3524.710746434577,3543.3120343814503,3554.296308157686,3508.480871362055,3517.2807134938075,3522.372363908757,3505.9786532283806,3509.304562126302,3500.423520825467,3493.259587272224,3472.973506507127,3455.3950255090404,3473.8948048212887,3441.661402459989,3472.6604273464063,3500.5811181884933,3513.075345240867,3503.2171589847608,3484.2951522223475,3522.5757361360884,3542.5387947820127,3598.1401915014567,3626.375370915542,3632.9228593280945,3637.6599166695564,3598.2569487843957,3583.1527317596506,3592.4719808014875,3559.0375798082014,3579.494971825738,3587.8167542506844,3555.5531852074105,3551.4586288734686,3565.403953378522,3550.4809789706833,3511.026198047963,3547.9783911809736,3588.4316892902852,3594.9087602458003,3605.1262262401106,3652.446769563093,3604.7668542173415,3661.586162044872,3713.9303326946606,3729.5656224428362,3717.478463784273,3600.687864514985,3552.9239282239328,3564.4033278383044,3560.3939042483057,3573.1646436760807,3465.9050393530365,3463.131347336665,3316.312875698755,3294.7383335850263,3301.1327476602864,3302.0537134525257,3328.7580649593147,3342.8742644919325,3337.9269094593396,3256.7671110926326,3206.3149386117484,3185.7146819055406,3202.519123671062,3208.885051447649,3214.908387058761,3225.2368264105758
1,c456eb612fc2008dd496808b0d7f793eeacd51557eefc23200682f2d3b5f0e1b,9000,8088,150,true,false,true,"""SVD""",1e-12,Simulations.PCA_rank.eigenvector_pca.fit_pca_loadings_svd,48,8572.630167797093,7633.158920280503,6037.41841056013,6039.1544885694075,5891.348951221453,5896.816380629061,5786.388384660741,5768.669869076915,5648.991194953589,5615.370104969107,5572.504504973982,5568.26781826398,5433.533435624239,5353.564674223912,5303.3684729921815,5300.331222511286,5295.513116062367,5293.863786141581,5277.386621768788,5318.252822577499,5324.203535744234,5342.482938603708,5343.738829415479,5284.737462982204,5326.769554525515,5292.055807482605,4614.688117645218,4625.131587042242,4632.019891987116,4718.843947542489,4766.192731105597,4794.8060757974645,4798.360575900415,4839.39991521451,4800.831731921109,4823.927299772884,4688.543286221024,4636.40674838009,4625.333968687128,4622.652807366841,4629.91293559464,4562.7334323725145,4550.207581003227,4560.786465517527,4487.414935746906,4371.702036337156,4440.906189173706,4495.1454306076685,4353.610341051904,4244.524049514213,4137.782828688709,4147.810267512516,4151.2000727757595,4152.931692236899,4149.828625180151,4045.2102308454278,4079.227560322388,4048.412685364086,4058.07620021111,4064.6955021915587,4042.929208094965,4048.0398526306635,4057.379539316775,4080.4912576619618,4049.4620148125696,4055.7168724636626,4043.8115003456037,3947.305146362598,3960.9825177314497,3980.5175424853805,3956.955425757206,3950.820632619917,3929.7674751977233,3935.8472642850725,3901.476400604844,3838.631259984802,3825.7793010387095,3837.705958541679,3853.377723721165,3850.0885389415694,3854.7965564346405,3839.7558063039105,3831.44423186729,3833.5951603968974,3845.5785938798417,3852.6389504331482,3874.620451332937,3788.342232745374,3770.1142320983254,3772.832591623079,3788.385250322575,3757.761389645533,3717.3377260797542,3736.4062946730655,3759.3812791998766,3779.215636267851,3746.790441419156,3733.193324856864,3732.5451344654625,3840.483438267876,3860.281408391902,3846.6104117234217,3836.3886513463676,3836.137304482252,3859.3961196567247,3959.792349624486,3974.52560220052,3952.759274070634,3927.4341270193013,3948.355764076143,3888.7427000484745,3978.1839072808666,4020.296948829256,4032.327943781832,4076.4389926985,4068.055702000995,3966.1447741560055,3987.6416663784667,3983.8135086421075,3959.266146559385,4053.7453236274264,4031.910158001954,3999.300643483342,4024.6622937765574,4107.735086745577,4189.57440140465,4078.107849545102,4051.5208567190693,4045.1565674862795,3874.6763210693166,3786.637956839631,3805.0898926323084,3756.273960198267,3781.7707455904497,3786.972184276187,3729.7194856981646,3751.878828964352,3738.541196931549,3455.2540463825385,3481.7487779389303,3531.294980179898,3536.2287107356287,3580.8096975997933,3594.2086744550784,3613.887573868689,3604.192677306079,3522.0147687419285,3352.951871292659,3366.0783880464146,3375.597392781557,3390.261121090389
1,c456eb612fc2008dd496808b0d7f793eeacd51557eefc23200682f2d3b5f0e1b,9000,8088,150,true,false,true,"""SVD""",1e-12,Simulations.PCA_rank.eigenvector_pca.fit_pca_loadings_svd,49,12640.225671470835,10980.028084198713,10655.496939582627,10564.812476091225,9956.993319103634,9919.668563058856,9147.752422815818,8758.292504818623,8446.855987322111,8499.71912656566,7538.433726758551,7500.892631009716,7425.992288550391,7155.986133835522,7166.033919111632,7171.648196119996,7119.392293281717,7136.154503530597,7049.4873607046875,7069.884307179078,7078.346311520444,7091.955022525025,6695.124850303352,6571.749343167592,6603.647910476039,6632.068513099952,6882.517182278553,7087.582731259748,6866.834457397579,6549.453138302716,6270.130840495906,6248.139624962015,6097.510744990929,5743.526948404744,5737.995125692846,5742.553389509656,5754.7711046835375,5752.001989525097,5625.102009939695,5686.4864213460205,5699.08906267916,5748.506490694463,5635.064221084287,5644.353841624732,5584.540714115208,5430.421310242748,5293.818324720948,5288.739522819253,5219.322748469745,5183.506736820519,5173.360603379494,5101.887223024368,5099.2484478380475,5063.87718824738,5064.175641044192,4980.543054754757,4984.712479932872,5044.006922890057,5049.260453019958,5022.286974740276,4989.237298473769,4995.7989966174855,5012.0460525706885,5053.237099224455,5115.9996287996555,5106.08338647115,5109.578217614786,5074.467542095946,4942.354197603091,4888.966260367275,4872.31908698175,4891.461116091315,4870.362830366415,4829.692075403088,4734.0174510281595,4760.520981240055,4708.0308506348765,4719.434426776813,4714.20333656175,4735.012620814024,4710.595628011568,4704.830865688503,4699.202098914341,4703.971783910625,4724.88581428191,4672.091843333572,4638.562713599296,4653.003623144079,4649.539173992083,4626.159483439123,4638.446488749992,4660.82472584043,4668.566395179304,4706.446546198806,4720.964295163381,4801.679156356844,4764.398695144106,4728.698378602142,4764.060566964234,4770.320658903524,4807.354014204529,4660.6982319908875,4649.123028448821,4571.260346850423,4585.363415944889,4602.662018029853,4599.42180292306,4568.3287542827,4558.957534370584,4597.597521536372,4616.45026610562,4631.253664527312,4592.749439136094,4624.344740468279,4608.906226541735,4517.0717953466,4422.603715870024,4428.193612693626,4265.599271599196,4280.399301051795,4282.4422734951,4289.7137818190995,4313.838749243673,4324.598415999618,4324.027287848384,4369.932224813962,4407.874654375998,4412.993134016436,4384.34064021964,4434.860653719822,4447.04467227283,4456.955310464844,4515.826158686183,4531.480361904239,4464.47426554981,4354.026987044296,4378.833812548825,4386.627428622978,4377.526370759639,4401.2167191364,4399.03522835901,4454.253962467783,4371.599054609176,4392.5991226498045,4421.247161204884,4470.437193503151,4453.702192326791,4459.7499152995515,4457.638080246211,4473.838167410105,4635.927825287883
1,c456eb612fc2008dd496808b0d7f793eeacd51557eefc23200682f2d3b5f0e1b,9000,8088,150,true,false,true,"""SVD""",1e-12,Simulations.PCA_rank.eigenvector_pca.fit_pca_loadings_svd,50,11812.528578655247,11101.749545325754,10052.67115406566,8998.597661851169,8857.242768917982,8758.68652588864,8737.22996770234,8017.892349948682,8052.604231570101,7965.623151888055,8029.93817090055,7455.348367561719,7381.652752188212,7465.8408363462695,7374.383964991093,7350.826766803267,7445.2347529548615,6915.743416603475,6932.89073785571,7045.128638995632,6952.689625402845,6574.6158477911,6576.492290237586,6382.512051145558,6426.132397374185,6341.937490036343,6310.957423799458,6300.102800301802,6364.807253446672,6559.302202110846,6570.068426660892,6383.9071329216185,6403.980933603077,6244.6930429106,6230.548342254198,6185.715310177763,6206.3653478624865,6219.614714900655,5471.205769431653,5480.643170871741,5238.614624330956,5222.82073930583,5203.674424888309,5208.513329443258,5213.268185812564,5226.888821905488,5254.101325606203,5266.766467996988,5319.730836268559,4819.67452591777,4821.828173845273,4763.867738758119,4761.406924195932,4768.943717790486,4725.950972268244,4722.10604160312,4706.950655482012,4923.712089494001,4932.712649558909,4920.868193110606,4913.268282172622,4925.781561750931,4935.808469671441,4978.653767552646,4996.1035644573385,4980.673754420846,4985.024035635241,4895.218684407244,4912.646850615974,4699.922722313496,4665.618831906328,4672.434912048578,4420.0881328377955,4428.5115205479015,4287.637231929945,4246.434561096144,4256.181992067088,4265.345582571847,4187.388588335164,4180.007702938255,4181.157938314094,4171.270596996408,4167.27609519245,4158.70398192611,4168.785504178099,4179.5185193573225,4192.980295034584,4204.389484014196,4210.668120308216,4214.050784753975,4224.780225282279,4237.241353173793,4187.491031473107,4183.430328005276,4100.584652664317,4142.895457286873,4089.6698584383075,4052.8971399675625,4018.7308361746154,4031.667948990766,4044.545960908876,4049.983041537069,4059.2397412009896,4013.1400989424224,3999.5764859011006,4055.820349144856,4077.4223282105345,4092.208706712451,4100.33633459026,3981.343448772842,3969.2917974119623,3955.317698084489,3930.0959158893984,3890.7089385205786,3897.052213098539,3906.4466426691256,3926.0417958518747,3928.2334116819143,3928.897427114297,3853.8031285408697,3878.148654135084,3908.987144017661,3937.283102632437,3946.696614794623,3906.83333613412,3963.3189571609278,3910.0368548574465,3892.797140931123,3899.07936883571,3919.9617304145318,3902.777781219615,3917.513082093304,3931.7803915448553,3877.3675626679924,3942.863295990343,3830.6958946986992,3839.8276060494427,3910.7571879134803,3890.5447795197847,3890.932867890091,3885.4493064482976,3895.3183059875364,3933.5891727836292,3957.5520385387335,3895.3984160155983,4038.636811691574,4034.0694642862713,3867.859250322201,3883.7473270611367,3862.6521977819166,3841.0801900305555
1,c456eb612fc2008dd496808b0d7f793eeacd51557eefc23200682f2d3b5f0e1b,9000,8088,150,true,false,true,"""SVD""",1e-12,Simulations.PCA_rank.eigenvector_pca.fit_pca_loadings_svd,51,14464.444363984781,14007.674324013145,6288.37834518356,6291.97572414313,6200.136891626851,6196.074875332832,5964.996197397615,5952.220985010164,5896.711983975686,5869.893975628289,5720.060822153763,5727.236691399655,5661.476335519323,5533.972954317377,5455.214044188329,5464.051863908213,5465.069801703141,5495.316040005719,5356.01269942111,5386.774256674014,5393.159294752502,5381.509914666014,5378.379954263636,5266.809444020669,5294.130786546902,5238.622497343998,5209.287519581913,5212.730356055256,5205.665355732622,5196.533073370219,5072.432200965438,5078.217305739863,5053.446620105225,4974.708948924472,4562.993127172633,4556.673198841895,4507.971097757474,4522.452384735229,4518.015939735557,4173.257175526663,4164.070139236462,4131.099788215106,4076.4456074526584,3999.1290017107085,4004.2626293038124,4071.210343600277,4139.18076267054,4139.873786387469,4174.801027922175,4186.82684877424,4193.322268139454,4233.594893776031,4208.854101874348,4183.343921803898,4143.1900589374045,4111.716494141806,3995.1904455148156,4038.858495954299,4022.901650282008,4014.9829683685566,4022.365397843133,4015.7782986891984,3898.461686679342,3943.5714732467063,3885.519712246421,3886.5389248155607,3842.26148680425,3838.520577453207,3859.5117526323834,3881.6574779903763,3863.462243220595,3720.195469685658,3711.681537193159,3721.306884615725,3664.0267254121927,3671.8724648218563,3643.129206239614,3582.487289022889,3580.072800819858,3585.0909150365296,3583.4967924991383,3590.8797315946867,3589.8762351799996,3578.7403672261476,3579.432781881034,3585.7188674707722,3581.9008463407404,3586.2762856768813,3590.4381817103304,3596.0694997389833,3626.621824886191,3624.5825502096104,3658.364713415745,3661.8481468030727,3685.18421950257,3713.0152977090574,3738.7884024086843,3727.8987211881176,3758.3940876797647,3829.904814222579,3832.4074810587217,3824.079759876121,3798.029288537704,3775.3076184830097,3809.4547999076067,3858.6273352331073,3932.1695769590806,3932.310438186015,3960.6823024910505,3989.4037496606707,3982.6382005768655,3918.9721224969107,3909.3440230102906,3857.011559886276,3864.8886084829505,3891.043559891141,3881.4344439547226,3892.1900104972065,3874.379815762287,3901.4910181512714,3875.7392909389737,3814.7471125872803,3837.327244347709,3851.119394764439,3844.601733116505,3869.3908862997027,3960.9867797358725,3963.3724154937486,3975.1918951754046,4003.760952833488,4003.3627656531285,4069.5268060419594,4070.935292749177,4087.8024924754677,4046.320285077143,3626.4389085681764,3634.161854980441,3640.0956220515604,3663.5916724073722,3680.345383040311,3675.14682633312,3727.0204768868357,3779.426990303964,3797.2703290185564,3793.919498783936,3792.7174026949956,3810.8314784408126,3760.7457952648333,3789.957781316956,3803.376776761311,3868.002804629987
1,c456eb612fc2008dd496808b0d7f793eeacd51557eefc23200682f2d3b5f0e1b,9000,8088,150,true,false,true,"""SVD""",1e-12,Simulations.PCA_rank.eigenvector_pca.fit_pca_loadings_svd,52,7241.806867760677,7125.738643401834,6433.656407765288,5631.530888413817,5569.060186718059,5295.401506806208,5079.799349193196,5049.961506635316,4847.479600570738,4841.729871572538,4743.932838835152,4738.24492173834,4682.392656359263,4714.0203882409505,4728.981949265732,4703.642923533608,4712.360698507647,4741.747113034846,4627.136232262153,4364.333928031599,4330.0923242977,4342.573138986231,4196.439789776279,4211.583799716028,4104.893880994185,4117.7238368128865,4175.410359983371,4166.725095575489,4165.937852986573,3953.5156295984334,3966.785048293825,3975.2360434754214,3979.0491009568254,3971.6310073186705,3942.8734711105053,3949.0165622052,3919.8210495491335,3919.0685783808067,3922.0209248411234,3885.480754727124,3859.675774673017,3863.9597981113957,3846.411126763098,3776.4892601754573,3792.805724000353,3724.2957210901127,3733.3363404332767,3736.608814250812,3653.9700629028184,3622.253006045596,3623.8519981440613,3630.279932354884,3632.934057552276,3637.904948423917,3615.6235032424765,3635.0164790752483,3570.077978423309,3570.7313395911347,3540.5662791352192,3543.9406229665406,3525.164561478045,3528.9379054805845,3531.9252530773006,3542.199189919091,3550.3969583413887,3551.9095466597664,3545.124427485582,3520.90447419696,3500.4617917375817,3499.2031448832618,3512.6789115858555,3521.3262256691287,3542.2144771327867,3535.349504348251,3529.0482932193913,3553.179643176114,3557.42717568744,3563.401950220194,3580.911057557674,3567.689625912783,3570.750071593165,3606.161438530422,3572.2623976007535,3514.3152166898262,3483.6847905004347,3477.328136595999,3481.779443126472,3496.352353587883,3511.3026800652824,3400.8747990032166,3413.7446824008707,3392.1223141456708,3409.2127601964125,3424.4907802247294,3400.6715674516595,3427.378659266414,3420.509915909422,3316.8339542303424,3328.8383934747967,3254.49576725568,3206.1296795213443,3213.5354813684885,3222.681800837016,3194.9687207434513,3195.910326562849,3191.098759983935,3202.2566325216503,3101.9347788874147,3096.423618660134,3108.4489881518507,3123.801393427853,3128.1244084558084,3132.7036305554298,3140.653687571834,3143.2695936806476,3135.767514511065,3147.7958688363924,3146.476242745515,3146.5967275099997,3153.4919968219133,3147.7629778957516,3158.916990000886,3173.497906705716,3171.1220830507496,3171.306900182536,3170.4557506513875,3176.5360092993124,3178.801781026993,3183.8190513629993,3199.5398907553017,3193.180422979318,3188.4619622382365,3142.027838953191,3153.2981715208684,3153.7520652344997,3174.4816851828973,3176.815111300071,3155.170025192097,3169.4425524456906,3178.6755552774584,3174.4095821990836,3207.106018155464,3205.4912417722344,3214.8767990156357,3288.6495143934,3242.3776399033013,3277.6700481317516,3288.6721118924374,3178.423576163226,3228.5987260408965,3247.032895610774
1,c456eb612fc2008dd496808b0d7f793eeacd51557eefc23200682f2d3b5f0e1b,9000,8088,150,true,false,true,"""SVD""",1e-12,Simulations.PCA_rank.eigenvector_pca.fit_pca_loadings_svd,53,10983.262788899825,6797.0256774848,5741.705259223103,5706.529961318229,5036.612709185406,4793.150030672144,4776.138984969487,4766.673144260185,4758.760717048526,4673.696250755772,4654.736644153948,4395.5394445106,4089.5602528486866,4019.5421559416545,3986.7725547298373,3969.4925126022504,3974.720825113601,3976.978297634578,3983.1386438660597,3909.095403617241,3883.1665435191244,3856.6520182019103,3859.4953145370864,3864.6513564964425,3856.429805793908,3853.476786380216,3844.3770644077563,3840.9604649662115,3846.889380508219,3888.6760053522225,3884.0886955562014,3896.735718460612,3902.866255621298,3910.3886195248106,3931.2449609338823,3952.6582492180555,3882.5122662368585,3872.6767028850722,3906.589603639205,3921.8592066563297,3813.3354283226868,3820.0910968743988,3826.106147929385,3822.7942356292174,3752.953653734847,3760.6980118726538,3762.8446646375605,3738.9873377691633,3738.83246529966,3623.0599188295296,3628.0691455165247,3631.5425654358532,3592.7332020575436,3581.220970999902,3582.7320518273045,3577.681302405855,3549.6784716589364,3586.795366514131,3576.2155140942223,3562.249470112335,3555.661542825157,3517.6124479160244,3551.2663537736403,3556.4725564737673,3595.182345232847,3594.594521194564,3591.661719024687,3640.297774600962,3582.6965388665385,3555.104093867859,3513.435269530461,3521.197432412881,3532.087503049205,3548.0547357049163,3679.957885071852,3763.2803091379947,3728.4768778190123,3750.516678575771,3740.3997209369536,3603.8218918003054,3604.5186993779416,3602.6046771556476,3656.2334324098733,3569.460225031554,3505.3096089423498,3387.8040253016234,3326.348775873272,3337.3372537512564,3343.3666503186014,3279.4752575853036,3284.804162666122,3252.274737709139,3257.2300344537293,3301.4376301555676,3322.7820253392215,3274.5769867725776,3286.697526031705,3207.9925890914797,3207.666427171061,3240.0072668114244,3165.4974748697955,3159.207694806557,3162.344279188076,3163.8785128190734,3175.324117608559,3150.183493081622,3136.8517268421074,3146.419316405307,3173.56848801091,3189.7972150076166,3210.3067407765056,3223.015782880273,3223.5165531442162,3243.5089095219723,3266.256935312073,3295.4310600835133,3360.2188258707115,3379.8182090073765,3285.1903188171527,3289.5527263125728,3299.209720614257,3295.6849280766055,3314.749066792566,3333.127119696432,3290.8962486514038,3319.8057080528215,3271.9020585194435,3282.833852027101,3288.8359308449976,3299.7195467309516,3304.9382892672447,3240.3952767008386,3234.5909736431913,3231.7545413643884,3197.417215153147,3181.063994669947,3169.7243423292316,3177.350834819843,3158.867544665118,3090.6203206216087,3109.0881052000045,3124.543257827635,3122.943703794952,3173.6831702041754,3192.6578385772755,3082.8674951690573,3078.26872610081,3050.574792638142,3063.413672518565,3073.1644718399784,3054.1241661205527
1,c456eb612fc2008dd496808b0d7f793eeacd51557eefc23200682f2d3b5f0e1b,9000,8088,150,true,false,true,"""SVD""",1e-12,Simulations.PCA_rank.eigenvector_pca.fit_pca_loadings_svd,54,8159.036818910023,8139.847187097073,7524.021212934359,7091.981670545275,6518.307978501312,6525.991458493031,6515.985824390644,6486.200622399998,6149.480249507353,6099.09208689358,6120.177647812195,5679.622304566007,5649.960375925375,5766.692588385106,5781.34901108725,5639.195413521684,5371.995674870339,5250.37734314122,5270.530393587229,5337.084063693193,5336.275429026914,5341.418962649886,5244.749944983326,5206.430014787789,5247.819723782,4983.196840550108,4926.472983184545,4724.59193024259,4734.5707298248335,4256.136558751895,4260.289186903829,4102.869496891723,4088.437377392048,4091.150902433672,4067.2322018476475,4068.312017067845,4040.101163152862,4042.1098360714573,4003.8390709694863,4040.8538543316495,4044.716119003546,4082.661812034776,4091.590110547564,4094.507784546497,4096.860605102128,4281.405589398015,4168.953150723916,4257.834858099991,4275.446996256598,4297.072304144433,4084.6932872655043,4111.210776467474,4118.429951553017,4108.939175081149,4131.645473530028,4154.881590089191,4114.24759638169,4118.757063676057,4117.095602518857,4116.895066783766,4130.564960217323,4132.125245318433,4132.617907405204,3914.128151572996,3893.470126834942,3872.834750900065,3833.0503605780577,3856.8557066678272,3894.3562005223675,3850.6891141585525,3849.508094161674,3814.592765429241,3864.9198521558674,3871.6004329469224,3712.8417251544533,3711.7963532032118,3712.7272476796475,3724.978911849472,3732.5176087503146,3699.148285870353,3698.203549904502,3694.614869006892,3706.190263091681,3677.715629437097,3668.362831516173,3670.964756143202,3679.310011477456,3686.0571282163714,3691.5583892728205,3688.5870526038243,3677.846962185453,3649.38885887162,3656.612457152216,3641.557003920012,3647.2620357188325,3709.023716575094,3468.9707247301235,3486.776780022102,3447.517644367494,3464.9691569999527,3473.4934709438385,3448.7888525652047,3410.1795745648596,3419.240026913615,3414.3190549526776,3428.9677087698105,3424.088836599437,3429.581556691855,3446.232414538711,3436.0736568360867,3391.1629459494748,3401.0519730630276,3406.931467304378,3405.7842739844,3421.636867703839,3419.8210551355924,3436.80779992164,3405.653927920864,3419.9202152845696,3411.861868314374,3418.9262599151048,3439.939002136784,3432.6673254407056,3441.238327075737,3432.0264007118285,3419.551211903064,3417.680542165456,3419.7962560164497,3335.5500332471147,3378.6242709663775,3377.324362904062,3370.209896358952,3352.231895475759,3329.2898868337293,3369.1421693071457,3387.3202649733134,3393.640924619756,3412.210111212242,3430.3186839026425,3439.2151804887485,3413.8458443546815,3459.4846605076136,3320.072730740233,3332.588954914583,3382.2856075034606,3407.0343574768,3404.877470521963,3421.201349188702,3325.497411791475,3261.5767721282696,3273.1063999909893
1,c456eb612fc2008dd496808b0d7f793eeacd51557eefc23200682f2d3b5f0e1b,9000,8088,150,true,false,true,"""SVD""",1e-12,Simulations.PCA_rank.eigenvector_pca.fit_pca_loadings_svd,55,11242.200518575362,10970.674682446703,9179.947345788869,8932.013325036627,7561.492221325267,6721.050876518932,6669.11124413004,6672.338289863977,6322.833155312486,6302.10789151921,6339.724043630137,6304.7965398627775,6286.720010192957,6215.915079088581,6106.57235545438,6024.060413426553,5688.275538739491,5636.0369033942,5613.322407031037,5580.511497727964,5587.6362954663955,5161.586820586199,5110.363786254822,5117.614629213472,5137.755954404631,5144.504549050438,5145.769796751013,5187.670643879881,5184.790768799452,5034.67432094382,5027.971934186628,5044.002310195239,5046.552517529751,4976.884046027184,4953.672443253165,4958.114124231202,4992.156577501501,4989.950880647408,4925.447228882684,4872.1879979965415,4778.2759200768305,4676.516274335951,4681.768880561911,4687.561226034202,4456.966146902949,4497.915019714499,4477.428039766851,4492.05195422507,4485.953197726982,4481.751237859789,4473.900112757187,4481.541352824894,4367.708650750282,4376.729712514533,4347.013966609998,4377.152751805009,4385.911412242512,4348.52846684326,4358.27593999438,4369.543812377458,4332.547396897873,4330.895562595737,4348.509062394108,4200.488767715831,4203.397710438904,4204.957862417672,4180.580371498471,4195.881876113091,4209.632446737292,4215.429004168568,4250.476718201253,4231.956084074367,4245.136065074858,4243.1816497977825,4261.2088159255445,4293.054737877055,4340.7353809520955,4181.294149371937,4202.732306729045,4245.933544125188,4292.95449537308,4266.732854227434,4291.918482896006,4083.823149270187,4121.623242635121,4139.087140800814,4148.19192306517,4148.948692921312,4146.4714258572885,4158.197736685314,4127.366869170248,4136.058865212974,4151.111733933851,4149.842171132848,4157.103663247694,4217.602335841351,4164.086727408855,4178.777115308128,4060.1328596927647,4088.074187647086,4100.351016143817,4138.971873241313,4150.299083249575,4162.1376598368815,4171.972557167762,4171.9147066437945,4108.275271607656,4031.958095805361,3968.4741390013255,3997.7815913662103,4003.0364827640615,3981.6681958386225,3992.027777199594,3903.297407649117,3856.3409472573644,3864.7643220749683,3873.521744276278,3858.7500571463497,3865.375596991083,3871.549511316173,3880.004075581628,3852.259030151935,3885.4435329572816,3895.071045106562,3740.0752673178517,3758.1038275780334,3767.7327954953507,3787.089511243762,3777.559965303436,3845.4461943829147,3895.7165673278087,3819.5681799400068,3830.9997268955294,3838.255741402116,3817.835778559141,3939.955564159954,3924.430967312401,3928.7018640855863,3890.99464357689,3908.2110402530775,3889.587300053175,3802.7490481918862,3808.3031488632478,3794.747037088411,3720.136951863569,3738.328940509126,3713.6859067074597,3733.8987671269833,3774.418243215548,3791.0089100832947,3804.6304029953303
1,c456eb612fc2008dd496808b0d7f793eeacd51557eefc23200682f2d3b5f0e1b,9000,8088,150,true,false,true,"""SVD""",1e-12,Simulations.PCA_rank.eigenvector_pca.fit_pca_loadings_svd,56,9775.287847016187,9737.279327686228,9027.900340681188,8077.128028838988,8088.17072728526,7435.503936486187,7448.010459249084,7414.59885149573,7456.074137313021,7466.722092751728,7464.608103112806,7530.238309814024,7256.254704341644,7188.20140045395,7092.871484362089,7084.021387344058,7091.66760461719,7092.376543314864,6989.170252843898,6861.829767522328,6839.675812014446,6872.142017104072,6880.591731538149,6879.085910899062,6876.294938569041,6780.990206049971,6867.128280215575,6085.548707339944,6097.621317184453,6167.548634583026,6164.547058676233,6160.584936250378,5887.279810107693,5811.565093180653,5826.201225206967,5821.8323491555475,5792.483187195215,5739.263100098641,5531.277898231778,5542.5190447884415,5512.46742317391,5480.672607721507,5481.998759932595,5493.444840528798,5473.586745539319,5470.659188638724,5485.157199175871,5506.559627635909,5536.930213134155,5572.0268051552775,5563.70229997807,5586.53946855764,5607.866554041254,5621.650287287211,5583.668045153469,5618.443702003884,5625.939247686708,5703.060461805964,5610.44695103697,5610.517320569368,5564.555959315621,5610.824706328042,5642.656287683257,5730.376057894118,5739.569219525953,5731.922886143565,5719.067574838263,5870.472813180285,5844.613490817229,5882.330070759614,5625.625179744055,5597.983461224364,5628.658351526663,5571.359560782879,5511.243661169312,5474.14061765321,5528.6706900122035,5564.236506886257,5510.694827854912,5434.9885120456265,5424.675146426808,5457.760581169572,5512.781791371016,5317.502545008806,5355.8295357416355,5312.471637342508,5285.661780712206,5375.3707196655605,5343.916561717261,5277.485538045655,5243.94699132563,5269.257166973575,5207.204866701938,5205.929082092266,5288.669638583059,5368.950442290805,5489.923835283659,5365.28383647544,5433.671752985677,5525.624393480415,5593.536116649784,5348.47679352425,5378.254351367247,5260.460869695235,5282.274206548592,5304.651792329718,5321.6052895431185,5373.7261305630445,5427.901690095247,5278.000658847184,5286.913480540497,5317.069869680581,5254.4545423259915,5276.866018493329,5211.952420570395,5249.766111630488,5383.5597341771545,5422.5179600041865,5357.593992911249,5294.75030366525,5244.1218043317585,5233.4984959432495,5325.690390605826,5340.609077942095,5282.353249968835,5306.590682114271,5332.063391449857,5319.081932905162,5335.625144946715,5270.18401650096,5138.533281808355,5144.842807631718,4957.761924722552,4841.478833861961,4451.289352227685,4531.045243559779,4528.706467173483,4507.001549632489,4509.383083454718,4526.826223514916,4552.715621325658,4522.430329387106,4527.784871706634,4406.630415722472,4324.176020544393,4272.3897218487455,4256.230518788766,4280.76411580058,4319.313948635514,4336.2940121344145,4362.828331065654
1,c456eb612fc2008dd496808b0d7f793eeacd51557eefc23200682f2d3b5f0e1b,9000,8088,150,true,false,true,"""SVD""",1e-12,Simulations.PCA_rank.eigenvector_pca.fit_pca_loadings_svd,57,14159.496937548018,14173.304155184205,12115.87339636152,11906.756214645164,10141.258601973846,9975.400120773096,9991.853972469955,9915.287581943172,9541.768364531696,9539.215942918758,9308.910564353066,9329.944026207653,8781.38637738663,8456.159397550275,8377.37120974079,8376.269490846542,8040.629191824542,8050.698347989031,7923.7154265174295,7576.904725497012,7587.67680013308,7606.321584131396,7524.372555452472,7427.405688790189,7225.248404203221,7250.329095881552,7552.458924144239,7377.364641554807,7476.347062395164,7582.411189553198,7749.529687700394,7679.580942639837,7562.241896360506,7676.2554973650995,7642.823063553969,7748.317570397443,7466.56822777284,7460.518120678615,7700.2553297772665,7111.576101053458,7072.50080812745,7186.782664724146,6993.621495456487,6973.435392875279,7053.027104136885,6905.539866421722,7167.16008454568,7253.653150764819,7366.883288040685,7423.625617942732,7239.5900265758555,7301.921933973198,7315.481449847215,7229.587257119595,6898.071223410481,6779.28049527684,6451.392416227896,6638.640242957864,6659.4997828548185,6627.401918852941,6586.054288613181,6618.266526368001,6590.396397995139,6292.658124545092,6354.117548943192,6377.693645402757,6381.298898004884,6367.9718189552,6411.221038175302,6742.213103367363,6710.932078343165,6647.345199231727,6508.033427895934,6451.79235964026,6213.290417029279,6001.826541495823,5912.552373794921,5885.544365238236,5921.310067444757,5942.562879922177,5985.783460786946,5874.885223664762,5931.870198714706,6081.1987816584815,5836.727159557194,5817.551597952551,5859.319742396278,5783.8263971028,5807.883423206527,5811.030093261986,5812.276190423656,5772.656728096204,5889.1221233904935,5917.210942444449,5876.977549889552,5793.587616500023,5764.201353750161,5863.2447344476395,5868.192252171576,5948.169966374911,5947.8875418378675,5977.277762252646,5988.841351446215,5944.333085767836,5911.657797504596,5436.281678785989,5484.366627759315,5488.632165104762,5512.154631959224,5519.195983988243,5559.593590964212,5537.753375209522,5446.0700269023755,5440.164100886831,5449.203540564438,5425.8157470443875,5423.494971831454,5475.066256097711,5465.602592185003,5500.710149933367,5498.080029646574,5540.036265903624,5613.828010042048,5599.127845573135,5519.700611345526,5678.608573851799,5586.66303427299,5598.053930721842,5597.8314124460485,5628.725537003502,5484.221274146045,5468.720289328688,5526.143318926059,5489.284965502394,5482.889118560541,5527.152859342858,5555.525311361999,5442.650611997051,5436.808834909369,5452.02404822294,5451.207125376722,5490.876485892609,5522.84424772539,5564.770756267522,5599.562882191293,5550.14819326713,5575.335916836551,5582.142278664429,5636.212516815538,5502.046733955414,5529.171741252856
1,c456eb612fc2008dd496808b0d7f793eeacd51557eefc23200682f2d3b5f0e1b,9000,8088,150,true,false,true,"""SVD""",1e-12,Simulations.PCA_rank.eigenvector_pca.fit_pca_loadings_svd,58,6168.104169960581,6050.157222491473,6023.3729340307455,5471.571967239734,5431.75972884643,5065.909514158743,5073.511284826107,5064.317297262878,5088.629183638719,5037.560596643267,5066.4334812754005,5138.002984523787,5149.4250635430235,5150.995540364877,4600.560094524189,4595.708092279746,4309.965985523737,4314.47660759733,4327.409513618658,4112.536725961805,4099.037751848078,4091.63841709718,4078.5597678001814,4079.694461775494,4083.3836524258136,4084.498697832247,4096.8974490138635,4137.892606181296,4114.598868989368,4035.3499299693444,4035.6103020950454,4034.0669003252356,4031.9779888239714,4031.610781593219,4010.5776080250903,4006.0089754334504,4009.68298272318,3994.1021394261707,4005.9128392131024,3986.2853157963978,3977.775315584897,3984.1436798257973,3987.9124667031933,3964.9709865775626,3969.909314806792,3965.9363276157237,3970.7835349606034,3946.433479263571,3961.2149112882776,3970.5228152398886,3972.7479208365794,3978.9933923727863,3988.996702946635,3953.898695567949,3958.1367023358694,3953.0196579799594,3924.154109889606,3920.5166810337387,3916.167967354355,3905.8072179677533,3818.7160186927913,3830.851187988884,3786.1221938953204,3792.8480928352146,3768.5047454209976,3768.5989140892407,3773.100258481146,3792.807581884552,3696.285743735892,3680.833707486922,3685.679715651949,3681.6439518676452,3667.7659828805845,3665.678650004736,3687.3127885602203,3710.1610917916373,3693.421197045448,3700.3676875441774,3730.4138146346336,3776.51470523176,3780.410773045811,3783.80741045402,3727.6491105502855,3713.327393908024,3721.5028407277537,3638.877956052909,3625.8552365172704,3598.940576978065,3610.9022999273902,3643.6905143879876,3626.2937436517486,3615.998289115207,3613.745442317676,3621.880274433218,3554.680964363013,3487.5114813696246,3508.2543967000943,3524.385903428239,3541.883240408976,3554.926927132162,3556.1349657241462,3576.4222076610104,3597.0486778600907,3530.7151283013386,3541.033208662957,3546.211320234187,3556.7326844966046,3565.8171846532573,3584.263172132287,3558.5993673707676,3591.1671363400474,3619.9537842353925,3622.2888664248885,3635.187621450103,3657.3972533012084,3614.5944845515223,3636.5246030367284,3643.445139020457,3636.305604981456,3627.125671552488,3624.5937344313716,3648.76964738963,3683.0836262797175,3679.86830931187,3715.930481090808,3755.2041747369844,3754.243700248466,3757.879305628024,3762.795192565344,3816.675349748773,3829.9340931743463,3771.8771682137253,3819.758205832951,3851.079031494003,3920.777990057832,3915.328743196278,3943.8541085223014,3989.6404373084656,4027.3280888987615,4027.7456104002217,4103.149145348343,4123.351067211137,4167.901191972863,3951.673734079539,3978.6780266890237,3506.462733145769,3433.472303023059,3325.8910304940805,3323.154796721758,3288.2161898556706,3281.3968623610504
1,c456eb612fc2008dd496808b0d7f793eeacd51557eefc23200682f2d3b5f0e1b,9000,8088,150,true,false,true,"""SVD""",1e-12,Simulations.PCA_rank.eigenvector_pca.fit_pca_loadings_svd,59,19613.59824503022,7971.687340729317,7975.817889939476,7962.19902493539,7921.309529277875,7328.799245986304,7098.797490018113,7076.846095822682,7078.2219647339425,7104.376774285919,7100.624339383492,7145.574526985388,6999.506682672176,7188.218151018343,7238.131068348741,7184.512061617096,6800.370165030453,6853.007125778402,6657.779703894856,6689.094669177219,6649.707674562651,6624.252488998217,6594.99329997269,6652.777887483295,6594.009918209085,6683.778320168462,6965.275260166059,7131.181576198876,7018.366464669849,6071.643434535094,6109.892935850145,5958.136565939138,5971.673790108465,5942.249344469882,5935.3995934070745,5983.609063463497,6022.295514338329,5773.9525219317275,5823.406330563372,5793.4836596010155,5814.927240999218,5699.527128153961,5659.277400115065,5600.616426265656,5621.584176710807,5253.31283012893,5271.154346898127,5032.739200272365,5075.836516716768,4940.668347428487,4939.546203182181,4869.72153695575,4869.595401568427,4845.087695798692,4861.796712267081,4852.256448192091,4803.164926419814,4810.5406884370805,4643.934923472863,4649.641987948564,4583.1420974061675,4580.41293672889,4589.966884414027,4579.0311978310765,4548.541529286257,4548.276629715165,4548.930086556793,4560.022745983231,4561.788908876041,4600.7557676392935,4608.018635258148,4573.84685922688,4521.744992044075,4583.727433236804,4594.396929931578,4497.325979602244,4495.616391412657,4495.599228592192,4538.389582649344,4546.552845883289,4562.365570203818,4596.352234048116,4595.357975865058,4568.085927201188,4318.546425346204,4335.906732654279,4300.80424168997,4325.568451855434,4337.335214770663,4333.3113075467445,4362.950396312579,4364.54566507025,4375.212708282365,4391.84577325405,4214.780052451756,4218.585524263054,4225.704254745503,4168.987426513346,4178.085661706314,4321.165305018703,4369.889508362078,4348.920298282724,4333.773454351044,4361.153697837023,4371.942403882119,4332.100727047629,4392.214953533316,4338.404676632043,4330.711054637147,4310.001364824198,4355.022371465512,4238.983458433709,4194.906174490233,4119.627499363169,4135.519313486268,4142.827569750234,4233.734943107755,4242.1951782081305,4178.428695038609,4199.584309259084,4117.956959486733,4123.9361468959005,4099.780874515566,4117.368400157343,4081.9242720035295,4099.436252944935,4069.854173264901,4036.216476452878,4038.1520624980158,4054.39786021082,4072.665053908106,4110.98482018023,4134.018865055791,4142.014249215864,4165.937487999316,4169.76410012178,4156.006492013861,4201.386411997086,4219.3327042659075,4235.27541712045,4200.894385581943,4179.834506538066,4260.280239093334,4178.928027998088,4183.386765381495,4036.5116386921895,4028.4817819528007,3983.225022370826,3941.7743533401417,3939.5193292919053,3866.318063698821
1,c456eb612fc2008dd496808b0d7f793eeacd51557eefc23200682f2d3b5f0e1b,9000,8088,150,true,false,true,"""SVD""",1e-12,Simulations.PCA_rank.eigenvector_pca.fit_pca_loadings_svd,60,15171.800713877992,11250.856264960325,7722.504467186383,7720.697979351712,7727.896502369566,6537.6137266774485,6537.507735125515,6102.00013260119,6072.064339899142,5831.68518534595,5768.316799364287,5748.553465794624,5733.331750452342,5757.485045973234,5725.813872799143,5731.464863060037,5735.265048741906,5695.140582255991,5720.292316787691,5464.106281388477,5335.307025092476,5326.071569945479,5332.053658823055,5223.153734004884,5218.797716505754,5204.638124842525,5170.610427490589,5197.976361616603,5263.71855942582,4914.518721944133,4902.185668879286,4883.465732084133,4843.174444636551,4837.649741049086,4696.209257289683,4693.800438868322,4700.231663433489,4670.266263963947,4544.6960943067315,4543.493208017541,4546.682840737429,4498.477865526406,4502.738228067294,4503.821766509481,4502.290952493671,4527.800826678695,4574.341492221059,4558.837009089826,4523.700744688998,4388.31036725491,4394.328164815472,4401.204129090834,4409.452488079966,4413.365336401372,4419.849781101036,4427.714414337689,4422.222100247732,4522.917881923228,4504.812880580535,4573.507791473758,4557.686254032808,4316.101167724932,4234.339885224176,4201.48672135834,4199.858515036838,4205.4679028160845,4122.122418607368,4092.701262608557,4119.06732056278,4123.60104016006,4135.162237118748,4144.003101546242,4155.400265690007,4162.775761978313,4206.781763056145,4205.562446555322,4214.85035499992,4227.655436777255,4198.281580260632,4236.8682983651415,4246.877960145837,4282.933817050692,4284.505625269112,4158.919427303446,4177.5913513596415,4248.096719148353,4245.977644767033,4253.530604621746,4267.479956753344,4080.9828586007875,4068.934263890371,4002.6193972500937,4012.996578496533,4032.347888541165,4071.924326142591,4078.9838822313613,4128.325466703643,4188.05559078163,4227.195199045663,4252.5470817435,4275.2795691363945,4204.979629128845,4208.422304900795,4230.780661671362,4242.673341928849,4257.062822362615,4257.080431812304,4268.955084670518,4308.758741957945,4332.226101603764,4449.426838974296,4450.498207662625,4442.278667884414,4435.311355413013,4426.222561674862,4444.6425552543815,4407.078050121949,4367.5558736676285,4364.778417237415,4366.835889565206,4378.110089928392,4291.6429561977575,4307.737889550628,4322.445809872789,4337.292243574307,4375.9572278295445,4390.399664871946,4423.101057027572,4431.496066856893,4422.036483308643,4430.370412471212,4331.552595216695,4344.6802553177795,4321.647118861038,4285.889904872087,4309.771762470947,4361.485985221381,4374.242519885767,4393.558168041346,4330.86498569713,4319.843727657635,4338.761923917049,4223.919338461478,4135.925312315233,4156.682471641804,4317.3815789520295,4411.628780803239,4199.714732533869,4225.809407477199,4272.119780805967,4119.798031170766
1,c456eb612fc2008dd496808b0d7f793eeacd51557eefc23200682f2d3b5f0e1b,9000,8088,150,true,false,true,"""SVD""",1e-12,Simulations.PCA_rank.eigenvector_pca.fit_pca_loadings_svd,61,7595.8140104403155,7338.192530508338,7094.251122862048,6362.596419302138,5373.101160951513,5325.967163426573,5325.961217978104,4952.588524737274,4963.586762814517,4963.265518245312,4924.028997849746,4692.171302501794,4621.894496783317,4587.253304889379,4593.694185975003,4562.537181014778,4518.0995227054655,4455.728683545019,4479.291956896545,4395.412170641007,4340.09202502723,4349.979595260015,4350.760825380238,4354.335278272261,4367.5046115178275,4231.80993177138,4270.598723473978,4105.350256481389,4107.357705477833,4107.779106848566,4090.75458297725,4084.738918079902,4086.7476537868956,4001.007093542726,4004.307924108833,4008.58849133597,4013.0108938698986,4006.3266906989415,3952.8500378319945,3950.337379999337,3954.5303506799737,3958.6182813029404,3958.417432193471,3949.3953176797504,3950.216513874928,3994.693577722027,3981.694447654536,3997.8258786139904,4003.806245813922,3983.647207986587,3960.061446950329,3938.9119323450864,3950.714359994872,3951.0638612639577,3947.1884650362294,3991.4211306674933,4011.850973868061,3893.6681935937936,3892.9948324262737,3911.2949479866866,3924.9419077350176,3928.806172051122,3843.5504889225067,3832.6849898697137,3843.250339832661,3845.011474094864,3727.8510169858296,3721.3020173034047,3708.69132721861,3703.294296652934,3685.5583625246713,3690.5075234747533,3686.380483292104,3645.2925669343826,3640.117339958661,3742.640827094839,3759.7343603902636,3657.474394711219,3690.1904094310435,3649.8749701806373,3631.8595514825256,3675.679277972374,3637.419500024099,3655.3173895934383,3715.520725695126,3786.521645794483,3809.0398127145263,3807.722635141461,3824.8517725348847,3846.459943804425,3850.4358609663946,3740.448321267757,3699.7925464355285,3753.105107270927,3780.658880675539,3537.2584855002883,3320.4969857818096,3305.191016893975,3231.8148506759603,3243.4047657995916,3261.8388225181848,3274.6333448812143,3271.4048366767734,3295.198613089771,3277.7561668836925,3261.76979566707,3260.2897025576344,3267.9047118259896,3316.4364352865136,3338.3292860858346,3317.8430258700614,3328.464021433146,3343.793387450099,3358.1008444640693,3342.2661274735224,3357.3549753384737,3348.638461246322,3352.8272909558673,3324.9061006804714,3323.7681793042484,3319.5732793910443,3384.4976676359584,3407.4758132771703,3403.04144583711,3348.462373441349,3361.884643431208,3368.8468416994497,3374.687077421416,3374.2738253611337,3389.0068002141215,3395.1026027354924,3386.382058110651,3399.500114368827,3415.1214481256893,3404.060467216931,3386.912255090244,3370.547734189425,3375.252367582318,3372.7234923284955,3380.3423364996906,3382.8706231240258,3358.148596772846,3368.219886356687,3399.871491987592,3412.356193986986,3399.882004542998,3409.2492805511115,3407.4972900791627,3386.822636995743,3397.2880106705106,3348.809380393632
1,c456eb612fc2008dd496808b0d7f793eeacd51557eefc23200682f2d3b5f0e1b,9000,8088,150,true,false,true,"""SVD""",1e-12,Simulations.PCA_rank.eigenvector_pca.fit_pca_loadings_svd,62,16709.610606926894,12479.13404029459,8888.439084414173,8382.290496718248,8370.565278228873,7827.322542740976,7840.180993223223,7822.545683480416,7778.97815888632,7769.6518794998165,7337.171647819415,7355.352038889017,7363.332101277106,7043.023922269501,6913.889049766596,6893.604590452426,6758.749664622827,6749.2912341738365,6770.157111471843,6793.3966684426705,6527.094291143169,6534.264098520597,6538.133169676193,6577.78327192193,6517.448719441168,6517.353874885632,6524.416448968183,6633.639911850625,6848.701862743954,6061.216475762441,5992.68281271602,6003.654366580438,5519.3643842893825,5526.938702184358,5534.573208081467,5400.16372280063,5335.290155698296,5329.931176171623,5306.942107433745,5131.045809228237,5140.811440795367,5136.81993192224,5130.599585136945,4983.18177383904,4993.165927728177,4996.896147710312,5001.326810607191,5008.178690951801,5037.353964413362,4963.502202243554,4978.368431767796,4939.4068770951235,4922.713125796425,4928.74362842762,4895.3815445615155,4906.252438254152,4920.281223703947,4984.524575480292,4962.113215160973,4978.538683874201,4976.6189296537095,4997.541610845118,5011.098378731732,4892.6203914358375,4855.978985136341,4838.898480712868,4816.816453758209,4789.674656460551,4746.3649972644025,4697.390195913006,4703.861401225486,4630.583100210597,4665.019060840533,4630.377819413177,4514.38189263192,4526.179006426509,4531.808528818032,4460.625451642821,4469.560627335953,4483.917708505622,4490.099385255231,4497.754623092373,4512.707379001256,4518.557406506725,4496.449187667025,4498.213845415406,4484.768289357209,4498.126550456163,4511.834085953493,4523.527169321774,4513.5449358353935,4527.855962169989,4543.231766166633,4547.631136793851,4594.1447649915835,4601.034748608315,4606.247565240033,4561.860447843643,4513.879340831295,4417.829481681202,4412.65795245196,4425.896649475145,4435.254496492032,4427.552198020388,4409.856802523252,4419.26224599851,4426.616151107562,4420.70276512833,4414.30474288896,4413.605376536141,4400.786653238192,4409.361694845439,4400.908355620891,4265.053085595996,4254.096414505882,4256.660238060681,4271.154649999224,4265.444395505988,4279.623725493162,4264.480201949645,4278.595759574808,4300.720761136729,4278.720514363335,4292.139102122868,4276.911751250511,4290.924707903359,4306.768586205358,4321.423940635326,4324.1481914875285,4311.206113522003,4302.399593164259,4284.141263903609,4288.110308796467,4294.248006367411,4295.317060101527,4284.4304600017795,4291.752528077297,4243.6984002850795,4281.2197264018405,4289.1505232713125,4290.546264152559,4287.2896907864515,4323.592369538705,4284.563467320631,4322.2825603871015,4382.234768655017,4249.001970091828,4248.337608583244,4240.172179845575,4255.563124310835,4274.080866703395
1,c456eb612fc2008dd496808b0d7f793eeacd51557eefc23200682f2d3b5f0e1b,9000,8088,150,true,false,true,"""SVD""",1e-12,Simulations.PCA_rank.eigenvector_pca.fit_pca_loadings_svd,63,18447.694779896745,7789.486909143701,7704.160749830845,7643.236583861181,7540.91743720706,7546.320481803554,7095.99006003082,7109.51880813763,7157.500153328107,7189.087043678604,7136.300468773604,7025.612114670763,7004.740565887357,7250.362824129259,7277.8489837043,7291.900838792699,7497.038467697773,7620.917668875832,7794.858803672075,7714.034950446906,7771.556716592894,7879.850941403489,7717.518509021662,7912.755477263554,7476.389020336887,7639.329157788499,7113.342795209905,6181.982345601796,6094.713941723738,7392.543974206721,7254.728092614647,7363.494883080362,7369.708633262334,7295.758031275708,7351.671123904446,7502.3198723180585,7168.640896931712,7051.503377603078,7088.779253434191,7000.992495424269,6976.735038144705,7138.891643427197,7134.049046563204,7159.582687087667,7197.246404876858,5681.190962718621,5401.0692293779875,5326.082882588487,4610.730946698282,4650.276280430426,4518.510413041103,4496.862350725008,4456.386529844277,4472.150042246775,4478.168693837093,4403.112139797618,4393.426600060974,4406.0618222989515,4357.285465510899,4374.479583055172,4387.9028561811365,4409.014127821778,4380.726593174725,4339.918898651826,4365.402608789737,4289.532353567155,4268.272107942568,4209.299480514678,4216.091605233791,4235.738094748635,4239.76668568787,4254.337615241531,4128.03571310946,4132.675422532458,4129.323416504804,4120.355095952167,4120.302075171739,4130.231471425009,4112.657506468231,4139.310151558521,4135.811512762964,4152.928209703765,4172.910429205741,4122.918418787046,4132.949284674694,4126.140422462705,4146.1665346397585,4164.325532993386,4164.649586709859,4173.364981052373,4194.810562438668,4214.962492576938,4265.430384865658,4258.316625984587,4314.907129409731,4295.570205407908,4304.509221945973,4230.0373979506285,4242.660888751524,4077.0948926885476,4100.434159045652,4034.9243501615374,4036.438666816707,4043.2231100103445,4089.451653043855,4057.2956146658717,4071.6881517219467,4092.4554755964928,4112.975882871587,4134.66409665492,4140.913077303609,4251.270638235652,4260.09768520752,4279.314278433157,4327.442131268118,4288.562280371325,4281.727393052689,4252.61702986719,4269.978709275266,4225.182010749644,4140.5130510163335,3966.994404164004,4001.3009297804674,4012.5227333764897,4094.1947146540842,4107.811651565943,4090.309694227881,4084.9037911039686,4056.273429188349,3955.067828602135,3964.116336574931,3964.547322485728,3977.288185844748,3997.654853452692,3951.2629317220535,3967.954215242779,3946.322642595101,3977.0984338532066,3950.380490100129,3973.2772441881843,3881.027989220301,3889.3735030238818,3913.4564972024027,3872.3073597662133,3932.5329378362744,3978.3311795513655,3968.674318791762,3977.072080570811,4017.800625501698,4046.1369525397313,4071.1894007821547
1,c456eb612fc2008dd496808b0d7f793eeacd51557eefc23200682f2d3b5f0e1b,9000,8088,150,true,false,true,"""SVD""",1e-12,Simulations.PCA_rank.eigenvector_pca.fit_pca_loadings_svd,64,9548.421740426094,9461.872228714556,9396.245455790244,8615.922517109157,8549.36456246563,8451.60379706715,8472.837635821852,8493.27349259708,8576.016746873061,8531.45701614324,8477.714111982763,8208.977628058128,8153.861671165427,8080.663015037189,8038.692825091632,7188.54479033478,7226.010237151874,7269.47797168713,7362.046708138029,7324.746447353739,7227.339769839509,7228.45134900166,7160.140814679872,6718.670951146737,6690.71950925371,6742.7151651333625,6834.226489715748,6691.125493523242,6619.189577288038,6271.367396196765,6134.747276183676,6101.935111899583,6045.036601133663,6055.340135983349,6062.537946308742,6044.454072624957,6050.538887437134,5968.476866490713,6060.726774628368,6063.800718191864,6056.9468552877925,6000.573139688569,5930.504543599701,5847.5833624727275,5823.099928340337,5725.036897291153,5774.252352389914,5758.46930076079,5779.500471691459,5714.846934678418,5745.743364920233,5770.953621303722,5784.683673680319,5777.547646130189,5761.600334923644,5798.618577206253,5894.757343764456,5780.4924633867795,5803.583718128864,5695.974273177252,5712.944099575923,5764.62713269941,5753.863929739154,5767.37568736797,5782.426679989369,5782.820667766069,5702.992241378534,5658.531082960005,5608.023459759095,5705.514837263391,5717.156407546805,5722.906222459397,5517.907822164961,5518.947804575092,5565.723836621708,5560.158353877962,5607.067354794423,5730.420785565986,5784.510479801779,5833.095855667512,5659.166428354353,5611.0196649746895,5627.463627291656,5630.710283863922,5588.3428842895,5753.601852716833,5765.423381541921,5770.547859779969,5726.068326914044,5655.355248085725,5327.041360748639,5342.307149448604,5414.881989872156,5395.353936826062,5409.5036556852965,5541.765598167565,5452.525301255578,5503.130521367151,5553.342065181954,5691.050193024937,5610.508073418239,5615.641585760868,5626.994950861409,5603.136594103743,5511.981403728365,5277.980315851957,5305.6170410214845,5026.160701070085,5049.471451374298,5082.4315340960675,5153.1963755048255,5244.383765871849,5194.89570649578,5219.512966180793,5232.812624158247,5240.646857069005,5317.070127724359,5275.120509260869,5306.905824135623,5182.251834740647,5102.229232841543,4999.288622474081,5013.463954702739,5016.067003812285,4733.023256381317,4738.29113534814,4717.049155680546,4731.06594904398,4730.8439230021695,4746.526892148676,4752.033332830677,4720.973321177321,4739.148398064478,4793.054578093737,4804.382820956442,4823.321232236729,4835.992339996395,4845.782293806821,4875.184238636212,4901.4517104235,4922.528388034042,4947.8578508214605,5000.5590420365525,5023.98719262578,5011.361945171555,4943.425285124802,4824.266138692698,4829.547844824017,4877.145735471759,4873.052317537297,4948.626570283802
1,c456eb612fc2008dd496808b0d7f793eeacd51557eefc23200682f2d3b5f0e1b,9000,8088,150,true,false,true,"""SVD""",1e-12,Simulations.PCA_rank.eigenvector_pca.fit_pca_loadings_svd,65,12611.514801762007,9734.723443589959,9155.688386767133,9124.66669428041,7350.422896143056,6960.523937486562,6838.698931567921,6750.232711710369,6794.702291293105,6825.190724815334,6884.672918415679,6872.628389828851,6796.976594251328,6845.929323056378,6584.634893520032,6439.651965057146,6164.7521240622245,6183.4377031132335,6215.991301868827,6176.847184678741,6170.750249008592,5903.537808720602,5904.117313980954,5891.9332788533575,5915.4165160610355,5864.755952287006,5738.998077475836,5790.100578537401,5818.435198904793,5391.549089116447,5395.070500376745,5397.214030274693,5329.6409335144845,5337.065620098377,5305.319468516327,5276.35403391598,5247.157528241061,5128.790469198386,5159.774042827107,5249.960752939499,5212.9493261553125,5220.077664403273,5074.39070969648,5075.196062133408,5075.150392931912,5009.527047453187,4833.096192127836,4826.730110207111,4762.244292293308,4743.246774419023,4650.372812202486,4638.4951609631025,4645.419883894014,4635.160123669686,4617.67549651912,4652.020180184476,4665.301620731788,4477.7152447818635,4488.075158139889,4390.449057461483,4382.853483688028,4387.55241837384,4401.624686603652,4404.614334293326,4386.904352041968,4381.068281435746,4366.813743869015,4374.767536581073,4382.284444147322,4448.39342990292,4454.250533133369,4464.944026870742,4499.769730051638,4527.5747531757515,4530.9182912433935,4528.823057335172,4543.022324137624,4405.835192082284,4276.242209751769,4319.400090871926,4332.2070725294425,4293.128890479187,4293.769079751718,4287.618609143201,4272.514325829025,4219.314932205442,4225.89137263916,4219.290754704356,4194.116808836865,4135.662925569019,4135.70929748251,4134.916631293151,4131.173242642177,4157.510742700243,4091.888952871686,4096.7475075719385,4069.7489577689066,4060.6393836701045,4041.218523336798,4033.65780150441,4100.2380956084135,4064.8049686242325,4077.7984233248894,4088.9296726717075,4053.2149492623876,4076.9178136971323,4021.4187216510963,4025.4252724126677,4038.841575702942,4047.0830885026803,4053.2498024256997,4047.327267153174,4055.274478629939,4102.004688863777,4118.763819632118,4129.09751412199,4125.250885409607,4131.214175587354,4141.250934564176,4111.620571310444,4123.776064313779,4155.697610872033,4168.787237600769,4180.706776779338,4143.400447650115,4060.219367620337,4066.0792827916925,4071.4894618587914,4032.464497099626,4064.9545644042123,4031.7837758627393,4034.9008997657284,4054.8926593544943,4069.4905837381943,4058.9296186329016,4181.124342764747,4200.34638391706,4224.855537833639,4147.765495673834,4154.256098503424,4157.877139223336,4214.3183097534275,4124.711319902796,4130.245872273073,4107.173008150272,4092.150466017999,4019.8586773493807,4045.7532804480434,4033.3919789888655,4041.45083447314,4044.0681191409153
1,c456eb612fc2008dd496808b0d7f793eeacd51557eefc23200682f2d3b5f0e1b,9000,8088,150,true,false,true,"""SVD""",1e-12,Simulations.PCA_rank.eigenvector_pca.fit_pca_loadings_svd,66,13219.968616490474,12364.462198524307,9691.357441549271,8602.758408512593,8604.076416021602,8585.127962406514,7852.489904824824,7815.287102396196,8007.374985963042,8061.961511413172,8128.3594678904665,7714.362801382365,7742.196359564425,7765.752502286712,7836.604367462569,7629.534851174638,7383.872651506507,6781.941962329032,6913.241746945192,6952.3337371822145,6726.129769617318,6648.12407784443,6630.504653630573,6561.298460091565,5882.5647996363805,5828.879908803413,5705.435391989623,5671.5009179261715,5780.0568417866625,5117.493407566487,5122.330177804343,5059.971110304272,5049.648625746672,4967.026316433364,4968.367043527941,4917.256123756282,4921.787035359641,4731.780529094792,4735.208095802905,4733.200963345298,4719.136153243126,4677.861108615725,4671.13136639599,4675.992961394284,4673.017470897476,4685.931258149031,4690.474480822698,4693.6633092609845,4637.560836450499,4638.082289756287,4644.584072536866,4648.593880183028,4502.342850663141,4421.673663966418,4428.834629677998,4428.540718645326,4379.7961453358685,4363.033019512397,4321.393266618467,4205.403170363404,4210.7142814888575,4212.455064550085,4211.051407991966,4219.159534514071,4224.397512137514,4192.18004703863,4196.393205360947,4210.352868178366,4222.034037239,4223.489443293765,4212.164786182252,4218.0704781943,4190.932126203506,4185.196324825635,4143.034036557008,4161.414854372893,4110.2945123203535,4148.327537112553,4158.64779350886,4096.0599071409315,4068.1235736095964,3992.9210248470663,4005.0350634438305,4014.7367131953915,4019.920749355866,4032.801325849167,4040.76906550572,4054.4426498984117,4063.1996211659202,4039.8108089542125,4047.529020373881,4043.85585994502,4044.72423503407,4058.0003960346703,4069.9738006297275,4014.8520164053843,4114.2782746990315,4122.847293131411,3998.2817589163783,4053.99053377567,4092.2909904572884,4007.986935028776,4024.359936307223,4015.5733794633734,4039.2955637289224,4029.605725007761,4040.8172737326913,4056.8169951794125,4063.427186391661,4000.1373575991565,3930.7542033647096,3914.6069451034095,3920.0439567682743,3881.3935324287513,3890.4921398979704,3891.715891111682,3900.092308681734,3836.7468511244083,3833.886144107301,3831.9904679309097,3830.046430046075,3861.919461107391,3874.9709282925605,3892.136812058232,3994.161287672648,4022.218618480217,3982.5502654969428,3993.6900910137215,4001.0459487480257,4030.9013427766495,4062.510910894626,4074.820033837913,3878.2870869338017,3803.5560858054764,3825.037911690431,3865.587519418885,3846.1403474289723,3828.5537080459503,3645.35191160655,3631.852715117354,3643.4466649659084,3681.7807553226326,3665.806834936662,3676.536111111339,3718.5049626613877,3697.871991686104,3712.426864681111,3715.9954651130597,3625.6891251544257,3592.9776115298982,3601.1037475889634
1,c456eb612fc2008dd496808b0d7f793eeacd51557eefc23200682f2d3b5f0e1b,9000,8088,150,true,false,true,"""SVD""",1e-12,Simulations.PCA_rank.eigenvector_pca.fit_pca_loadings_svd,67,13891.54454817573,12767.713960162644,9339.561035647655,6657.0812966687545,6370.20439422893,6321.522126201887,6301.0590035944415,6285.05153028051,6253.038502568977,6254.569430028919,6265.431579477095,6241.339995405586,6248.368498492351,6290.351319313154,6279.363048441839,6204.4561743367385,5941.5916861002,5651.870266588151,5643.370412489708,5574.272803842655,5297.910018486436,5302.879633346379,5246.637990079435,5252.666864251052,5259.205367950459,5251.997565581972,5322.88468584334,5316.264745139096,5294.597733588154,5290.176464607813,5273.81768500683,5300.339605417129,5289.396476978699,4966.364051417722,4894.883855977447,4876.006625915545,4869.685758431835,4858.316077625731,4836.838761317402,4535.887371345085,4437.471784885613,4375.390292206971,4379.592737083326,4388.16207184003,4383.832020529734,4368.904459468401,4356.828481041303,4342.885555092989,4326.126332174145,4221.6327325645125,4221.993992312167,4235.7081537014255,4066.8009657622742,4069.0631118503334,4022.611581637627,4036.2763961887877,4056.1581725985607,4043.066805283574,4047.2500894125924,4048.7773202018443,4052.374933421979,4050.2054633515236,4003.751667743005,4032.732527522482,4026.9445847433817,4011.29879785674,3996.7647137621257,3935.193712199143,3896.7632301407475,3933.6572968582273,3933.243863196095,3946.117090687352,3906.347964176066,3896.2000119966633,3823.7657226080623,3795.043600472843,3772.01219197798,3782.4613735549874,3783.5299974281415,3792.748640918067,3774.048007073551,3771.6286059916397,3772.4367985219515,3774.262526751455,3785.4128551727567,3804.2369675418704,3783.914892153808,3799.9244728176936,3809.4717100824837,3825.50276774195,3773.4980312556445,3754.768509668563,3760.44942288503,3758.8717538140386,3788.0350725785474,3808.7476987578543,3803.7675699374004,3832.573967629832,3864.720151620433,3801.7264054539264,3805.416422159807,3799.1041594966337,3800.6173762932704,3823.2231818656264,3781.418233008928,3790.086579319772,3742.400897292067,3721.907553391503,3720.8354297068927,3718.9313472850044,3637.577659638326,3646.7487599261135,3609.736952279567,3625.6480313475176,3665.499475223083,3647.1156429441335,3625.705276051913,3632.2462622097582,3640.008492660892,3645.900859322105,3644.22523070064,3658.3598884990665,3672.6489072676472,3600.540829954221,3594.5246476876014,3635.8428749173995,3657.8814542561545,3666.002827315308,3679.5967741818345,3691.2381084460117,3695.746714148296,3688.8158620796535,3689.682586966472,3624.7434999903257,3618.5059645751394,3598.3369580638755,3572.2720083737563,3593.7862003994574,3616.1051771617344,3605.2520967010114,3598.4752365762274,3594.26462854767,3639.643713235338,3625.5903344804697,3647.6114220547256,3683.4898523144448,3698.6146166426624,3743.3922401363066,3595.503483972508,3601.318397148976,3615.485282375176
1,c456eb612fc2008dd496808b0d7f793eeacd51557eefc23200682f2d3b5f0e1b,9000,8088,150,true,false,true,"""SVD""",1e-12,Simulations.PCA_rank.eigenvector_pca.fit_pca_loadings_svd,68,12085.111762971379,11539.151347522165,8387.778706231233,8344.593850888987,8077.878012492343,7497.560445230952,7489.540946907545,7363.632129069064,7396.259293320939,7338.553595891705,7336.061539011538,7349.668536514298,7306.527347233455,7244.952755017173,6798.664429664829,6687.7514569640725,6712.072878135493,6526.367429258739,6522.965506615778,6549.799631611717,6547.854139211235,6329.9024222774915,6292.714648376235,6404.208294856166,6144.203181882863,6204.434016434431,6156.681452965853,6197.8318634366215,6238.444983725,7066.9208475778805,7063.222986793188,6877.583510635047,6885.422058591936,6748.8231942907905,6862.078756563652,6694.849879259093,6650.931858484362,6663.103602930709,6816.862672047598,6846.83877848549,6372.637905844965,6275.375526934988,6216.098700708366,6236.324851877671,6269.804957552191,5879.3315361577315,6018.595621107387,6122.601862580296,5751.791551489656,5800.15367156807,5591.915911490968,5566.802958570195,5602.493290727073,5588.449749739358,5573.916145195435,5352.17899921467,5431.9032014356535,5318.291717906517,5334.796654281312,5238.696603092761,5252.286220479701,5198.276653012064,5143.952126252904,5076.3549929547435,5075.0545631243895,5082.961184871242,5053.590507428234,5027.447650793481,5017.214237848173,5053.551108272978,5062.582497466102,5058.197248346249,5169.386327788285,5192.273136068276,5101.72695341548,5109.862537274067,5139.400228012237,5223.440372630601,4867.8892583678835,4912.782855416021,4942.950418226458,4996.29938849932,5075.569064917143,5179.518174050812,4797.135223184833,4909.190452646302,4872.338189182038,4855.792209916609,4896.585534253923,4895.7911641867595,4949.4529428773785,4904.528213724079,4912.759438921997,4900.763715929083,4918.677979278429,5066.735623401435,5170.407888285347,5205.817419035505,5276.05738560868,5241.686362624807,5137.192168177042,5205.552001459987,5260.598080618992,5245.12850460142,5177.380486640208,5115.594397459715,5194.727241689004,5168.794799595892,5162.962509049896,5189.750363917141,5093.312301665887,4984.52873610915,4924.02819481541,4951.653318702858,4953.981501127794,4992.707285791372,4719.818842434788,4716.365687074704,4640.157663203241,4552.890356488484,4694.896663031129,4722.767005716772,4899.579654045267,4912.427452127549,4817.41895997,4565.954904106624,4557.285086753723,4572.504403787349,4528.95741246681,4587.571533792718,4611.577237683148,4608.828357773077,4649.2661376329015,4653.872859332182,4702.354634855548,4820.087269097634,4793.9147520911365,4905.443023387989,4884.000115017499,4678.50609795698,4640.716012333748,4562.209571013485,4618.583654972543,4688.040676315439,4549.251891412346,4441.445298365016,4338.450028812701,4252.015905944773,4214.050094778557,4238.162343237867,4261.51949457434
1,c456eb612fc2008dd496808b0d7f793eeacd51557eefc23200682f2d3b5f0e1b,9000,8088,150,true,false,true,"""SVD""",1e-12,Simulations.PCA_rank.eigenvector_pca.fit_pca_loadings_svd,69,11403.309018846478,9895.736779031991,9370.960727422578,8730.798957112684,8565.686979782826,7854.658546318166,7628.66823100335,7626.032822693416,7478.546673608971,7471.365142128965,7391.004305940899,7203.831429582034,6989.397603889931,6682.046857421756,6697.198480457992,6442.344630649393,6484.083618957047,6489.542735746334,6475.270515506274,6495.089058825029,6299.955087500207,6306.018833192439,5579.93485615025,5525.114910108412,5478.553249370513,5473.463570346645,5484.7732679344235,5206.865151056379,5220.093846459287,5339.567314094052,5359.760566412936,5377.419423230561,5272.813044154728,5275.406461844377,5292.752690203763,5323.447869243237,5157.061827965879,5128.095538943687,5157.019302412143,4869.584587327895,4834.5476121077145,4795.277959561576,4693.513649758336,4668.565031576199,4647.1612399574,4303.417703008892,4230.95739387089,4221.041475884289,4311.576090410176,4240.948136642014,4209.186151253516,4231.3101618663295,4243.301116744113,4260.562726558445,4228.065648289899,4227.46650353575,4232.950022559752,4276.00104495659,4277.49435940731,4283.936860973282,4297.750376384475,4321.82240689308,4342.594790276862,4171.0105319795375,4269.058068696111,4299.652123759212,4281.011048749408,4291.353400565387,4304.634376574197,4310.873366893668,4251.323843131501,4226.363191287851,4241.785342111091,4253.673245810388,4236.904868431929,4256.704717529855,4132.559035836556,4167.72778369866,4209.76685557676,4169.313069465322,4131.805176172363,4139.670419876455,4154.792617837705,4200.634647293213,4195.816110758729,4098.896531310645,4091.1513800424486,3976.8372381338722,3990.119846089529,3957.2986893534503,3964.7174838429173,3927.110233720554,3935.859614163177,3814.4769533994754,3852.022523738748,3870.0951778548338,3870.8888737330635,3790.622730239665,3814.9890171691945,3762.7903645589295,3764.4004715186047,3775.8384374398333,3773.234518524817,3806.1394270319274,3819.6759102348433,3824.3969904181563,3830.939688185317,3830.636410351304,3713.78032338221,3678.158749393866,3613.2412300233514,3621.7015269760036,3611.0379907125925,3577.36699369639,3534.920593060622,3543.675941579224,3546.2750506555976,3533.457689632459,3530.327856830334,3540.0154666269236,3546.0491783663197,3509.2485146434224,3528.4841692528644,3457.4908889859507,3457.0540681993357,3426.6588453861746,3432.116316160751,3438.6628179034365,3433.7637032590937,3465.9154583485024,3454.3619850146874,3454.2620133421474,3415.532434549354,3427.3018752613816,3414.20115403079,3418.801500338397,3430.6746787559664,3436.308639386345,3465.9064367513624,3470.6057834503067,3440.9455916151264,3470.5385967214634,3486.2271201356284,3490.468703908394,3551.24996995433,3480.031842221628,3460.7988162094753,3453.925938701029,3486.5240832313066,3497.653456119832,3524.7741239586953
1,c456eb612fc2008dd496808b0d7f793eeacd51557eefc23200682f2d3b5f0e1b,9000,8088,150,true,false,true,"""SVD""",1e-12,Simulations.PCA_rank.eigenvector_pca.fit_pca_loadings_svd,70,7656.498351101656,7602.7961602176165,5960.581120871795,5771.928929334518,5778.615293146672,5611.218748166806,5480.195716287399,5489.502002036758,5285.014133720256,4778.880207897793,4747.860257977989,4725.508980517709,4706.153996650072,4561.352673361647,4309.827051637592,4307.011175823476,4276.810636443785,4181.07366270923,4190.660560642062,4182.885882045419,4186.402308741258,4042.9702618648494,4039.5374507588567,3950.686661987634,3958.882460039734,3922.17611781454,3931.7613276930883,3894.525776525812,3894.555795979779,3913.2743750418435,3805.593805024776,3742.887816746883,3746.164074109889,3714.4103143892294,3709.506552119886,3713.938269181334,3707.2393700575103,3649.083399485101,3636.4503787205135,3620.050578951656,3614.1113152921507,3610.245901751037,3589.629441975495,3589.1364945115106,3488.578619620713,3387.3074029813333,3386.8151416370183,3388.2576234380986,3400.768484511882,3405.4052189566974,3400.1623285558367,3402.7893912704944,3377.131370651778,3378.6914013472433,3364.3888617836665,3371.965087621176,3355.6307742539034,3325.270675402863,3320.668862358951,3299.435212449423,3266.331938331521,3272.310138420869,3255.282163955831,3259.493010037771,3261.966067950628,3262.5282440465867,3195.9000220287967,3220.5984811526473,3215.6717262524267,3221.9782999642484,3225.0937698796192,3234.1982899755876,3252.249535067751,3243.5901039103837,3236.642237730676,3252.4462643300744,3185.5394479567067,3159.0279193109714,3170.881451371359,3205.851406988858,3208.607641609914,3196.3448471713955,3184.9962999982154,3201.7918726954554,3159.9791377473366,3156.6696756642236,3158.490522172915,3030.9767401482295,3051.858153264265,3045.0684471005147,3024.396841671743,3031.0079775889617,3040.4905761829923,3042.020124307276,3054.1941112853215,3084.1600317621046,3126.996310570459,3120.769609919185,3099.981019003679,3086.947493145929,3055.264644710817,3061.4266954039563,3064.2090827680836,3069.735169676369,3084.334119258997,3065.945959791584,3072.6571556539566,3101.0505576714663,3098.2715099008087,3102.9547497552335,3106.6209910767216,3073.9207996165787,3073.91856534382,3101.166668522935,3114.4207873575315,3110.9350555473957,3132.4573177970956,3114.4470238525273,3119.3108659489812,3120.252545489639,3137.1400343660825,3157.273051092801,3069.64814333113,3075.7776157112867,3102.0545032113737,3110.0149487192143,3085.9433498891253,3068.1988867148284,3072.542814628646,3092.899859199277,3063.2303602398233,3066.8430830065104,3083.9859394458836,3089.858780361962,3029.511920864256,2953.591804595615,2953.9408987011125,2957.6926991286687,2970.269977324787,2967.8218382465393,2982.9927005913164,2992.855750745521,2994.5229368175496,2999.947880943008,3007.3796333043592,3021.7096525360002,3086.2960716069324,3065.302183333649,3076.4728089404016,3053.9676532812978,3125.001154128857
1,c456eb612fc2008dd496808b0d7f793eeacd51557eefc23200682f2d3b5f0e1b,9000,8088,150,true,false,true,"""SVD""",1e-12,Simulations.PCA_rank.eigenvector_pca.fit_pca_loadings_svd,71,9529.959704005894,8376.62256097599,7448.821564589498,7273.902303855575,7277.9703699262045,7283.940138204811,7253.036160022843,6430.002843699905,6160.221374283365,5958.939268557159,5970.797499650936,5743.039002382713,5748.215609313359,5679.811940531274,5666.13019965054,5654.9965270093235,5710.372151035835,5627.84943513727,5675.230677480196,5607.2348248420285,5504.032557632397,5304.671075738461,5249.318167359238,5183.640526152622,5217.867436506885,5058.355298995144,4849.847512805438,4798.151685523998,4550.194228949217,4564.363366213306,4561.270145348673,4496.631879428693,4496.266072479393,4491.893006890192,4503.167766829054,4491.8404989381315,4425.772485709754,4403.435317410595,4346.609923820037,4326.77764644401,4285.920490530666,4274.648336009894,4275.453010489814,4232.756746880001,4238.787933432432,4235.174593179526,4239.032228720602,4238.955555279006,4243.737916368642,4250.899075673385,4242.5658936805885,4213.934357801411,4187.723211379519,4192.699523828677,4115.4761704353,4127.23679203315,4132.836063231413,4135.436116850527,4129.839124127031,4140.118988642269,4152.958228373847,4152.819958170686,4100.763345439763,4063.845918654466,4044.736320808107,4051.4207381394513,4031.7273622988228,4054.7498957520343,4048.7922710296184,4054.1780984791244,4018.7626231930008,4004.2349997691094,4022.2676754150148,4033.871151230077,3993.884577981032,4011.552256485693,4010.3515909172747,4038.6402473386024,4034.875900726731,3987.056173317295,3976.40968426177,3931.507687963286,3891.351809189727,3901.6698818238638,3933.163810260459,3944.4201456391547,3989.4191553285427,3998.1919292774364,3779.1721557945552,3746.0015441371806,3748.6024298718144,3737.9578730572507,3748.6529511573376,3752.0860210601054,3767.6519153605745,3749.8749422380065,3754.9782325827728,3757.6532666864864,3772.841576892541,3741.4633103642636,3689.6798254760256,3665.1452479690415,3672.354049375822,3670.8205515488517,3661.9272518072835,3660.569591835493,3655.481138920469,3662.6828245256,3651.5588687114287,3657.60006900472,3643.336569095354,3641.303228745801,3642.3456576870626,3650.9723747211815,3655.1836315442783,3604.9470243684814,3590.0653383672543,3513.022049599413,3518.3719426036782,3524.9413635872506,3461.1526912795975,3466.3124760304904,3478.662129859423,3494.200380817422,3500.6305103878876,3519.4602428152043,3528.83261770815,3564.0674008711353,3531.082681702067,3455.5924763034536,3460.029026338768,3430.7023384711406,3435.2056411963576,3442.2145394871973,3444.705479726407,3468.844377038083,3474.8761627112044,3476.6758557033827,3483.3703760922326,3457.515195172195,3473.1846964343144,3471.74917867031,3510.8147997859933,3461.2300326406094,3466.4230278929053,3485.925385634805,3547.5987475555166,3512.243276613463,3534.0007314612153,3530.3846428231186,3566.8498243664453
1,c456eb612fc2008dd496808b0d7f793eeacd51557eefc23200682f2d3b5f0e1b,9000,8088,150,true,false,true,"""SVD""",1e-12,Simulations.PCA_rank.eigenvector_pca.fit_pca_loadings_svd,72,11235.577303089965,11174.697546482419,9973.16641940839,9767.679697348043,8684.985451181326,7194.005443405048,7098.179383760788,7030.3512476888955,6882.2402759307,6834.962408225401,6375.9898496979,6171.965184231837,5793.644451722011,5717.485952598356,5703.971589829985,5499.186800196721,5503.374047218841,5506.0290478819625,5462.6538866560195,5471.758743662616,5477.358849897644,5441.924639955642,5444.598867165306,5206.151172723202,5159.109211991344,5151.088683504556,5126.632357304891,5135.8515883243845,5083.671097602258,5129.030142139288,5141.134042592646,5160.393225602017,5163.840355727176,5098.860494595082,5080.781074665752,5097.555628559969,5026.6497163398,5021.635597339656,5019.547056506088,4958.181340924041,4948.758582390689,4927.8732620922365,4934.4802350147675,4900.8238501838805,4900.397899207338,4811.776787158608,4791.980010604173,4636.181872052697,4617.893158806962,4619.5146342181915,4587.029081679553,4570.637516895703,4574.126993993879,4575.863000422397,4563.135330522856,4559.484326268971,4576.458853014276,4457.142224150104,4464.324850410749,4471.958142427991,4418.289487115003,4418.688019757804,4422.127572972006,4439.179403626519,4463.573155274438,4463.606477250272,4473.013262149182,4434.571723358021,4432.652541297709,4438.1022595970635,4452.4217458625735,4457.507528405003,4488.873578217371,4451.197969958937,4398.67303462499,4290.625322285574,4187.731463640438,4194.311724364948,4155.2820168577455,4137.767990100477,4140.262337046611,4149.918912513928,4169.474114179184,4155.660753146274,4157.891475763595,4198.161688435917,4179.75900792257,4186.121213122566,4212.185510402792,4223.519404203357,4216.5256988944175,4225.345287654432,4189.765781020151,4138.795709029999,4137.245406481401,4148.096390473544,4199.5229636287995,4206.259045464672,4226.741975550581,4253.346118701556,4374.238554040714,4371.680545646621,4337.338255384584,4301.250348988094,4321.2487487015,4312.528241161489,4332.472190968007,4361.113418221179,4350.554530061236,4367.046648465084,4371.420796688959,4370.475801821791,4378.86199019619,4269.342512756169,4272.378633525367,4270.548343799301,4287.31510980224,4300.343885916003,4313.87544317813,4321.87995820231,4358.213038287491,4397.829743861277,4392.867452292808,4407.99095450715,4440.936258599965,4456.642376004015,4536.322463430607,4558.532650111085,4512.758887279349,4471.624488026664,4429.727940077985,4446.444444067681,4452.142848248504,4460.837918362213,4559.463374944037,4586.271576074245,4567.11241278659,4641.0461164238295,4665.0782654353625,4510.891898136558,4542.205757383148,4552.314895080196,4571.62591319738,4594.627733220915,4571.1347578217465,4544.788639233032,4539.388354208655,4568.038275214236,4581.396581446525,4584.689392542175,4596.460443862894
1,c456eb612fc2008dd496808b0d7f793eeacd51557eefc23200682f2d3b5f0e1b,9000,8088,150,true,false,true,"""SVD""",1e-12,Simulations.PCA_rank.eigenvector_pca.fit_pca_loadings_svd,73,19856.376520256083,18768.633864345094,18706.27193789059,16570.274167910105,16581.217875154653,12363.092550602081,11544.703216479045,11314.737270112279,11320.717584901648,11048.988933895285,10645.242667808614,9379.319639392756,9220.564231065742,9102.58319214694,8694.533654684321,7990.899054710405,8011.351837778252,8012.483763805357,8004.87473403046,8009.555810195908,7907.123103841106,7859.049964493486,7705.669931219336,7387.637536765706,7236.6712512856575,7242.230216315396,7330.903877600673,7445.619007995099,7395.309881512944,6828.086908038915,6812.380048710647,6758.92834736243,6768.462135120357,6775.011816732945,6798.034815264854,6729.866792863759,6698.679318184279,6711.089414760051,6664.458049257586,6684.903310344938,6531.933877999728,6405.857103148335,6295.64906862971,6223.839300576524,6233.4343916042235,6344.263469379594,6357.317014990324,6057.893964260939,6146.183880022748,6113.963233335947,6042.435376546552,6060.524158956971,6064.441688595113,5985.941747828496,5912.045475594704,5924.847778717128,5986.967353565362,5828.48806406282,5785.204451792775,5787.134595023132,5736.375436876683,5638.4976910521145,5555.374197794724,5597.296461356268,5560.233854435227,5483.504814394645,5492.326070823624,5426.173678470706,5423.574221275929,5334.037884020923,5330.673326266463,5286.162255206204,5277.109782250927,5287.580744431206,5266.499269590773,5219.788277290952,5245.408263300266,5289.923066830018,5228.099021399496,5181.846095387841,5194.03345579421,5216.955573194675,5232.964292635196,5272.676098481634,5337.40432908086,5342.287474101348,5341.525738309661,5331.524148861355,5337.566388600506,5081.162906640664,5072.0537387173645,5084.134931546103,5078.984278071964,5144.819911507913,5108.10000294926,5128.442292083172,4981.985054640364,4907.622165084032,4865.618744123091,4733.41259091344,4666.148938725848,4670.872992003893,4672.7655392711795,4682.764680630506,4671.515816895146,4682.318668770636,4672.505486169012,4662.693658254842,4659.63819391297,4630.75930454422,4615.2576647142105,4620.619797896419,4601.14805944497,4624.8677307835305,4641.577274873165,4619.043758133948,4654.073689269342,4666.705031607883,4678.934351185903,4670.250090331996,4686.028927576687,4637.128614523865,4580.114860582078,4567.035035119053,4566.92792193428,4571.518883576087,4550.067252293599,4530.914206098101,4534.449428087035,4532.466527420385,4519.14607393748,4507.116554671818,4481.950191473351,4438.736482991121,4430.003593312188,4446.697180105465,4449.006506836578,4455.304226951936,4459.123792184172,4416.360890412568,4404.3218716993215,4374.879419538576,4392.534380798192,4389.723874973186,4400.130326875473,4371.877844191126,4391.955551853375,4407.317357538797,4438.216540602051,4453.853038311445,4465.830235416451
1,c456eb612fc2008dd496808b0d7f793eeacd51557eefc23200682f2d3b5f0e1b,9000,8088,150,true,false,true,"""SVD""",1e-12,Simulations.PCA_rank.eigenvector_pca.fit_pca_loadings_svd,74,12470.573644557888,11763.584419403454,11127.225948542824,11005.157027200781,9860.461619483156,9735.111708034528,9725.02373746326,9007.985460346852,7615.616533804748,7286.6875327209955,7295.70467347463,7308.031464861615,7241.158307304566,7254.690235952391,7105.565824955717,6894.938984422475,6898.586588873197,6904.425055111924,6761.013738031172,6767.423009182024,6737.288839379647,6575.221981442114,6517.330379270024,6287.604484181621,6181.425763765919,5841.227294682222,5859.688702125566,5813.843716825995,5730.7080210143595,5749.483064204418,5761.806316957369,5640.163775777883,5580.437792473829,5587.49720518113,5426.741004587102,5431.826502660114,5427.578156092992,5416.919744661588,5413.177129474251,5422.638756138519,5426.653696225743,5349.575346453252,5355.703554171729,5356.735070563182,5364.024369753221,5400.340029083432,5276.508092749399,5283.632814076654,5284.683235977513,5290.788335966147,5263.792986737539,5238.188484705961,5096.9300897690655,5052.552633351264,5055.672449788501,5071.021399238,5059.282996617257,5068.404702987875,5087.603225149587,5098.057674892331,5060.571788646216,5055.037187137832,5035.002210649547,5043.517023959989,5035.631782720879,5044.959607756642,5042.881286237895,5037.903627747497,5042.706804750099,4970.519297812621,4960.861913045597,4967.780776129909,4961.5613130149095,4970.482099009876,4982.068257661531,4976.612182912937,4909.668595754952,4926.911949604863,4923.581888104313,4934.2163816686725,4818.851767990565,4843.08413373669,4848.087802180858,4905.203568153984,4975.304282440463,4850.03550627377,4868.906393801118,4877.071573148643,4842.20297523608,4773.227339002626,4811.335422302063,4815.843691720286,4739.603285890903,4756.127323468368,4753.330611781378,4668.1881476575445,4624.688477560612,4632.216847401164,4622.918343780679,4493.971872058592,4488.158532978562,4449.789183934066,4447.499011187068,4434.519488854091,4409.599127333259,4431.6096736161835,4403.870453093593,4410.442247084542,4403.5823374446345,4325.0214955110005,4346.807676020037,4357.083024997217,4369.6620411735,4343.301556203496,4336.455461172217,4369.487832265878,4382.616295337084,4346.061225083265,4357.202133028651,4362.135945518122,4339.216485837787,4359.485692847935,4373.124730626419,4367.868773798672,4369.2306773061055,4350.8588637408275,4360.584149203688,4360.507887633664,4310.166685631004,4313.087427466684,4314.276568990556,4319.546601934041,4274.581265239482,4267.2595992747965,4247.770899008834,4254.528466612995,4263.719690328672,4264.7667155271065,4271.0606374441895,4269.9719352142165,4279.131914931703,4275.869736919493,4311.2906750314305,4356.2222341515,4326.1349447566745,4333.20182063719,4340.9111240499615,4357.15929984953,4375.111210403424,4387.279184948594,4607.801584896765
1,c456eb612fc2008dd496808b0d7f793eeacd51557eefc23200682f2d3b5f0e1b,9000,8088,150,true,false,true,"""SVD""",1e-12,Simulations.PCA_rank.eigenvector_pca.fit_pca_loadings_svd,75,8225.938496358482,8032.34433674882,7904.155340839286,7539.871194318007,7534.992551884536,7274.110072669624,6830.255916082196,6827.273346999438,6659.979057995347,6555.577696545886,6464.895021246659,6248.35446871721,5871.769379621631,5918.419832853211,5715.386207936948,5675.993413473874,5531.627042230169,5172.286193794628,5133.513480544416,4988.861200723626,4962.987585647703,4886.887661005407,4855.518738224607,4798.150235771142,4788.158864169323,4728.418161709939,4637.671787683179,4551.329904413415,4559.8828039916825,4510.575139316281,4518.896736611882,4361.5262948188665,4363.271344530532,4309.654007134994,4303.694216748476,4305.532433849661,4310.188100514464,4310.103138274629,4322.685084453718,4321.929900907541,4284.990952396071,4288.016291811724,4232.827065432037,4236.883441919499,4175.599797097114,4133.7156854164205,4121.067333129051,4050.8974400071606,4026.1631676123925,3835.7975731060883,3832.307264121268,3841.585681771437,3847.5586093504153,3834.226630304005,3792.4906299734394,3798.5282790594642,3758.588948027313,3811.036837113095,3819.751669618936,3777.5367819935755,3783.3111024108016,3783.337551685975,3781.8753702311033,3803.17222574651,3803.751748357364,3801.663801711559,3728.2543595830584,3636.4365255126318,3637.684062491901,3593.1183535744744,3582.038904496189,3584.616791454767,3584.7258317855826,3593.2010129938653,3575.2047963260397,3583.9892980901836,3583.5354835127614,3589.24258085652,3564.402671088823,3567.262356771182,3567.96447283464,3508.8402676381606,3508.6110778500924,3515.5703134759488,3477.64028779775,3481.7261048934824,3484.094894884847,3496.9322512561234,3500.155113749015,3500.521795583524,3506.990140918712,3507.922756350886,3501.234916877281,3516.580749983438,3564.9493759261463,3580.103031018858,3543.2188770182197,3465.5529712495095,3487.9741911627375,3512.2620917985296,3502.6840378814722,3505.6198006929876,3503.6415253327787,3368.7962162898616,3373.7979791363928,3437.3128884217476,3320.885348545245,3310.1701345839897,3323.5771431907415,3324.639497677745,3330.9262895023817,3301.2234763763827,3304.9837806686946,3297.3420258955325,3320.8133597077303,3337.9187574067937,3341.514867779289,3342.702187868841,3373.4911766986534,3381.1664169077117,3407.2189438346195,3323.197818949412,3251.518015623094,3233.5077087361183,3231.6496089859556,3204.26214171675,3213.534130521102,3213.6155659100214,3174.9639732409983,3164.475500518795,3158.448233734694,3162.3772335159842,3167.203483651042,3157.5727162804533,3166.751280511666,3228.5367810204634,3231.452199913622,3229.0284705069444,3263.7750482586825,3249.1452462766447,3258.5516168107188,3295.9826262237902,3367.321321034343,3404.2766758258454,3327.864468317197,3177.868925814303,3208.206212997073,3127.846400244919,3166.9044591493684,3178.465606771798,3204.118010246048
1,c456eb612fc2008dd496808b0d7f793eeacd51557eefc23200682f2d3b5f0e1b,9000,8088,150,true,false,true,"""SVD""",1e-12,Simulations.PCA_rank.eigenvector_pca.fit_pca_loadings_svd,76,8605.823468248025,8214.793813309476,7714.4448835923995,7698.699302157604,7391.128115322836,7378.263844669677,7232.324644298633,7239.972345384094,6899.465550927644,6926.390172325344,6912.802186827426,6887.294015590947,6893.313861379464,6905.271214359009,6938.8715288979,6852.767473089912,6645.736676164963,6406.941009013409,6228.358675837326,6255.403530321009,5894.674223944133,5642.330993260625,5648.658436735088,5566.401298698319,5563.875077327688,5572.735635833111,5493.300139648357,5565.653704148538,5487.496260999499,5332.689637374248,5340.3187542262995,5220.813577599336,5139.078532947683,5137.25743053339,5150.230486355485,5158.573565974263,5161.619471056214,5162.01737309716,5071.984561849441,5027.479715075286,4983.00106839092,4834.116081538366,4820.567036125572,4676.2093846409225,4685.038778797028,4707.3581168249475,4652.710813913495,4503.347353680708,4482.789834113838,4494.765390306495,4463.497787044225,4467.458257633004,4469.638189374854,4341.8311631442075,4333.425317005346,4339.130525092323,4357.870585366427,4379.004356147858,4373.615056685196,4363.458859624404,4371.461066171187,4317.61883386614,4294.505834833411,4242.706072260112,4182.973093418453,4187.220273028231,4192.15608066897,4139.315815340247,4114.262673514993,4121.61645305557,4119.331830575815,4121.362324122016,4132.978450852238,4145.690301540899,4046.552449536004,3889.932992386001,3893.780193680372,3875.812776186396,3877.511435723395,3883.2011711858763,3882.7597025473865,3877.680004439747,3889.0938653827784,3894.359325186488,3882.7956587005856,3881.691092441283,3786.8320139891307,3753.3239525594886,3773.5340403964506,3699.5545941663404,3727.290233623314,3694.604515769124,3702.652440242251,3647.430323042458,3599.9943123635667,3636.5025587026953,3637.0945914062263,3640.0197897865755,3625.2080487242683,3621.2058218192215,3596.104848726054,3604.4133305448368,3611.5198400398185,3632.5659018273004,3634.347859000204,3639.595004406545,3586.9021973472145,3582.5615997141726,3584.5800686166367,3638.7525502799904,3656.538657203339,3667.719862241858,3589.924180197996,3591.4473436793664,3598.2709792108053,3593.7511581573904,3596.2424432594935,3580.83897935478,3581.7932901399085,3589.211654535694,3595.9806542554097,3564.093914799511,3567.4161812421976,3535.427214991382,3528.0772805593583,3508.3221547035973,3518.096604035615,3525.998172969643,3529.199398188743,3547.8036107921616,3547.270079941467,3531.60978957314,3565.1343043795023,3543.761555145251,3498.309377092224,3512.2386349705885,3513.9894973646637,3452.637994264094,3415.2866784915514,3413.776157373926,3331.4468616543973,3287.207121931947,3286.1013347535213,3287.0089903809135,3294.060739964889,3308.074538785857,3322.893754025526,3324.735032272755,3326.1886783879954,3317.5654285309943,3324.458665768722
1,c456eb612fc2008dd496808b0d7f793eeacd51557eefc23200682f2d3b5f0e1b,9000,8088,150,true,false,true,"""SVD""",1e-12,Simulations.PCA_rank.eigenvector_pca.fit_pca_loadings_svd,77,7265.100016733507,6948.863225795612,6150.136103385527,6156.716789934638,6118.265642006614,5831.979761687012,5799.4757569403055,5805.035552823738,5534.203017724625,5492.159778768712,5519.204661779178,4850.539037980499,4831.480433338156,4809.590806467638,4687.890550321729,4591.954472016792,4587.213400394812,4574.681839460939,4532.2690982162485,4486.141967956782,4484.948145917524,4485.316516688631,4479.482452978107,4480.371897903568,4481.6558240102895,4448.112186197634,4455.419334691446,4417.349880232073,4477.093067880287,4336.281064657352,4316.06876144367,4324.22773639399,4335.103450730966,4329.170766382574,4345.695653104728,4320.411791290193,4153.158725224137,4151.988865696533,4121.8310275536305,4140.463671014534,4144.656174985567,4131.103328436852,4137.892459903564,4097.679348560394,4066.5233684946134,4217.400561187564,4284.696794276246,4109.491318943442,4036.9154000936655,4020.201225339674,3937.424149062268,3967.999573845065,3982.3898090962243,3969.491179524364,3932.8309123685713,3984.7802179847367,3954.2092206121183,3913.5647548878865,3892.004994630977,3869.5781755710027,3849.1550443021074,3857.4178544413016,3864.837931054246,3750.732092094096,3784.519182169915,3793.4465772590383,3763.7409975048895,3744.584493114452,3796.757424290506,3797.7783399951904,3699.5057894671213,3679.4021202518225,3703.1151412493455,3712.5294086612794,3686.8677014205214,3698.3347292913745,3700.07416546215,3714.958994855164,3747.882327207476,3744.81828356118,3752.393978669279,3759.5319904208195,3808.8545806787524,3761.7315252923727,3830.542316488394,3849.2217219843747,3814.4438160567834,3811.341058829336,3725.5996448988467,3759.7275922484564,3736.2290590164935,3737.919287625094,3743.26376331743,3785.8155626841917,3727.475106023099,3753.966807987511,3761.207632052476,3767.3987766961654,3832.2286369647845,3781.6764110343047,3734.6526454808877,3716.0938718907364,3716.940717509445,3661.00036992051,3719.5089044509477,3662.4791190487736,3690.853270790611,3698.542683981429,3640.171794301066,3648.8296411323736,3653.052098875817,3667.2935673296847,3682.337266728288,3679.0890341698528,3676.590334532808,3670.0836162439546,3662.106505002598,3662.9636357175264,3670.8928836749515,3688.098448998513,3503.7660355241496,3513.923089637597,3530.6246753611094,3406.889819001694,3361.2137559473917,3377.8446268183243,3382.330718509268,3302.3092084240466,3308.4445054961316,3308.8183858506522,3316.5589827358162,3315.295265197902,3321.251616918647,3289.4020826210476,3262.4513455457122,3256.6321378429548,3248.836793661312,3261.3248323423545,3273.058689266251,3184.38378779541,3193.5362662546067,3198.1150331544927,3219.092154873768,3203.163907656778,3224.595144488426,3236.3211223940293,3249.217586267942,3254.7905286755995,3267.960284502277,3295.795017479712,3309.720597098744
1,c456eb612fc2008dd496808b0d7f793eeacd51557eefc23200682f2d3b5f0e1b,9000,8088,150,true,false,true,"""SVD""",1e-12,Simulations.PCA_rank.eigenvector_pca.fit_pca_loadings_svd,78,14003.419456172973,12445.453438362172,11469.962582857306,9537.098997084453,9547.471747324847,9514.997772786557,8918.845693920006,8509.724704651733,8262.387496678866,8274.355522500015,7161.06136459524,7144.698159872221,7058.798369475357,7115.551136403553,6957.83310001214,6968.668638953292,6395.963056194563,6251.498916006282,6200.647452377529,6287.945803286561,5939.9210617923345,5791.741723803718,5790.789442743671,5766.355222973568,5816.818526290251,5674.204410871834,5736.333023819726,5534.1833938721675,5551.955388159441,5627.2413058488055,5612.2481628639825,5616.637006954368,5619.211934594707,5575.200719671198,5566.718052299182,5404.2134783872525,5371.833466667511,5302.4305598573455,5192.653470222156,5192.294315059128,5205.824499695677,5222.302332502735,5209.05381370623,5212.656421700046,5140.148572976249,5491.880276139457,5411.005928338005,5309.958182907016,5276.012837193385,5253.9856168161095,4873.511643657123,4877.28285616905,4775.1577724976605,4755.727698262899,4719.510765281283,4744.2927239845485,4783.817238132201,4703.973020658187,4723.326643025928,4705.820471965512,4713.536819172785,4721.896749480147,4731.552448355408,4779.097140023748,4717.2998562384255,4725.573075150963,4734.320690488394,4717.858798264256,4719.128033486796,4641.529435101223,4631.456106501045,4588.706173278101,4611.114284427205,4470.6203991089615,4211.79532748858,4201.975644827761,4195.3930882598615,4090.260384460441,4103.808995341221,4139.907640024532,4079.618906759674,4084.7739937500733,4101.456574794414,4110.87935228115,4119.285305154746,4144.97686933042,4155.4936012452645,4162.1448926141575,4194.791834275821,4210.942441683285,4218.34258607096,4128.909259288411,4069.402652913363,4103.843280126671,4193.368013212024,4219.78736929145,4156.847679077922,4052.386637722058,4031.4930970937417,4078.532894056027,4066.8346335183255,4069.4393202750125,4071.168946423272,4075.3242603864082,4089.7305246479405,4124.624794117305,4044.451180293676,4004.0711722762953,3984.009821048575,4011.34330752666,4028.6633138427574,4037.5700483738156,4056.8555260752505,4070.001259349536,4111.6303752090025,4133.278604629259,4154.609984013997,4149.534431357655,4158.5109351578785,4167.074511082183,4196.648414634553,4219.927868259902,4258.137508185407,4316.16045537248,4327.597689021767,4327.520055147037,4450.389204726217,4460.198871406756,4424.077518583633,4393.947069790407,4405.999272256778,4430.251064193283,4395.203516258069,4337.799411314067,4362.261922728559,4337.266307243552,4340.962808211048,4355.958756221946,4360.646783630848,4378.5030503569305,4352.7504866434165,4162.594136805478,4171.89643831218,4128.55756419864,3964.390646020049,3967.4794610396357,3936.6498238775353,3936.1049705277956,4018.182890481671,3979.597932449565,3957.892655694647
1,c456eb612fc2008dd496808b0d7f793eeacd51557eefc23200682f2d3b5f0e1b,9000,8088,150,true,false,true,"""SVD""",1e-12,Simulations.PCA_rank.eigenvector_pca.fit_pca_loadings_svd,79,8021.594462338899,7914.396822501923,7867.810695775201,7409.205453061596,6710.096617403149,6719.378995869664,6453.26265444001,6344.6789671949955,6246.683772303504,6152.611895234226,6062.834820804861,5842.639770283827,5741.60972230921,5534.649666543986,5516.813023336721,5502.523596155154,5461.890571264,5436.7232684186165,5448.337851866858,5459.441392256926,5342.425644222243,5360.883806544969,5353.923794978812,5363.5921453078145,5383.64757576165,5345.706486479011,5450.719456995375,5279.151596482392,5283.265861479631,5042.846282998817,5025.36147692457,4985.4955947395365,4942.885232537849,4947.191953493347,4931.959699022483,4797.712189083418,4780.303631265762,4777.19224821949,4787.00070562925,4734.576996464444,4753.781775628638,4401.024546015807,4303.5784304538765,4310.7893881229775,4305.677914325012,4312.9374954341465,4308.257199449406,4258.042178604706,4242.072440828301,4180.235211629479,4180.573278769565,4183.406133533497,4096.799495943729,4098.612761549807,4078.487372237898,4089.227100870157,4105.905785382567,4072.246359471655,4077.062061045596,4081.7985505374154,4087.2056451836365,4096.709181306264,4083.823825517733,4061.533870594423,3958.86538432648,3965.4659017720974,3968.511885382469,3968.199773209062,3974.8700728398803,3990.20296087589,3970.667869991303,3977.733580051512,3989.4097224508855,4018.5661782683383,4026.280798465825,3990.7225324654214,3904.063813691008,3911.995373700016,3923.189538176352,3929.0579334971826,3863.9865007568,3866.7533052773574,3848.7750190191714,3856.117129981556,3801.9654019558525,3803.5717423893525,3804.779128188465,3812.3251787015733,3820.2366376738287,3800.0684157799988,3813.7684675550154,3823.7813251517605,3829.0984430452954,3853.9514702989322,3867.406307208892,3874.6447318561627,3858.7590645949495,3822.3788293030616,3805.41937080916,3813.948408132667,3819.831384118474,3824.785318423724,3836.79518970707,3809.894532780567,3755.7487339571303,3751.0103991976307,3755.305124704543,3752.1579850370695,3745.813414508589,3702.4522205906837,3736.901493351982,3740.767687868132,3751.226480451404,3764.2391913239953,3783.26928092106,3775.791544432514,3760.976396936283,3771.5462086185457,3777.5466544890137,3768.6722742122984,3792.4704453851136,3776.8665129351957,3830.3849054787597,3802.093475862345,3799.0097458661257,3816.7404706062102,3788.9842170291954,3798.204790194703,3778.7363857028363,3795.8416272635845,3781.8881531803922,3793.176169533832,3774.394481118521,3793.79635723564,3779.854992257689,3708.167434816191,3723.1582992444023,3648.5638162348446,3660.9319390570645,3669.065141691983,3677.7466753412214,3711.53361702127,3652.24575382311,3653.7376586844266,3651.8242545428348,3667.5011512588353,3683.9890822960397,3713.831405581995,3650.0088169993987,3665.6644301399465,3670.981043612356
1,c456eb612fc2008dd496808b0d7f793eeacd51557eefc23200682f2d3b5f0e1b,9000,8088,150,true,false,true,"""SVD""",1e-12,Simulations.PCA_rank.eigenvector_pca.fit_pca_loadings_svd,80,12506.377923162694,12486.137099113083,8874.59815471137,7341.576057872444,7178.776249220935,5487.523892473898,5507.932057717911,5479.983358219796,5490.695944567443,5544.40147612924,5565.284319801344,5514.689558983323,5409.814188273455,5612.200625832576,5583.34933082321,5599.142061532474,5418.3047112448185,5081.0098947993965,5230.266193749251,5337.618069761236,5347.155538227503,5386.01469437035,5374.28809598979,5412.375763483928,5376.767401462685,4973.340916337906,4605.32217952444,4769.82060178487,4772.916068965837,4546.273550316113,4638.203725247273,4690.536322492588,4599.655033526235,4638.2354524467655,4666.07489573898,4674.107419131894,4649.810800345108,4626.98764663256,4374.966004254868,4304.051863534231,4335.308574032058,4287.978916830951,4215.1095435407915,4107.440621280637,4102.627245827736,3978.726599145707,4014.918537257124,3968.6276056767642,3922.416181807502,3923.7270742224523,3945.1248977855234,3945.9252268770865,3945.753839107623,3942.2340583807945,3922.4196660796993,3780.556892439034,3801.322544707754,3695.6511275992175,3699.439632592555,3703.661982018583,3698.95477368879,3667.641463564661,3665.2237710561767,3698.3186138590418,3699.900895221882,3681.4308230522734,3677.5788121554147,3653.645726869543,3671.469965868122,3635.84102904114,3631.38203402414,3636.2058486556475,3618.976013385204,3630.4786710269414,3647.8787890112585,3553.9579662920614,3544.699591779579,3565.1435960271347,3559.5068384109672,3622.133645522322,3581.5615506334384,3582.917842436287,3596.920091540821,3596.145107330186,3632.034726781036,3582.202525667775,3535.09506331308,3542.6528925836346,3550.431337421916,3555.5950088534214,3553.0391516551535,3494.389290721413,3537.6892958726926,3474.488594781925,3481.8468630370003,3424.3625791022732,3375.788467770547,3381.5276433769272,3390.7741958570527,3445.0708804264664,3448.1325893262397,3436.0529011432873,3421.5738440893533,3429.624796291697,3414.595312527149,3289.6066405508864,3307.176884380642,3324.53963542362,3288.2228074024433,3270.4185874271084,3250.0398365948645,3258.586569424868,3223.0119806926323,3240.6823132504796,3233.2577871449307,3204.79102531643,3214.8399024459154,3216.0192801147323,3215.1332468339565,3202.1610462103326,3168.9832026296403,3162.536395065028,3180.671265540044,3199.9706130328555,3200.7389056727293,3221.797390033197,3234.9718310378744,3253.1355562647022,3252.9089919985017,3251.435131643031,3258.472975412221,3244.2031781691517,3329.246327949794,3329.1430110064907,3341.4391494881725,3351.512003915327,3389.030314686243,3400.1367370929993,3414.083798990388,3390.252459538479,3396.847609650248,3354.688485488315,3382.1224637095,3398.7218641781797,3406.6810977721934,3396.5107349983855,3430.440444594907,3413.96033140824,3427.5075075459845,3428.8435121085727,3427.7447510411093
1,c456eb612fc2008dd496808b0d7f793eeacd51557eefc23200682f2d3b5f0e1b,9000,8088,150,true,false,true,"""SVD""",1e-12,Simulations.PCA_rank.eigenvector_pca.fit_pca_loadings_svd,81,10783.941185644446,10571.009654693937,7535.891737766982,7463.846804817121,6219.84798117605,5954.776479613248,5836.5631097320975,5840.789721031505,5845.463556060337,5583.094925472805,5529.985970732269,5489.679389896958,5474.955065361361,5454.922211384732,5469.677775367794,5454.706146364216,5469.259575614688,5456.034874620112,4813.565129718532,4822.923028290698,4471.531682875776,4474.726850668075,4472.624747441425,4459.904232168251,4412.911509476265,4305.147422219347,4286.185639433081,4091.9460414454566,4071.3621879679467,4021.2105783970296,4022.8362927724907,3886.0319478817146,3882.887085771207,3879.7715075843853,3847.446019113007,3844.5455590000292,3844.5993482772938,3845.9289306296214,3841.945814703246,3818.548574839022,3819.3570486556055,3742.6930075653127,3739.656037028073,3733.426325891527,3727.9209513131777,3715.9883688412397,3705.891633763049,3713.636071577191,3719.4962014368843,3704.2995358749645,3702.3563439914715,3709.615968199069,3709.76500708479,3708.4057059982706,3714.82066409557,3726.5436706025675,3724.6302606726485,3749.5991950878374,3760.7319167706746,3772.7608669455926,3731.3080305918706,3716.881178181052,3712.112829632945,3727.304211976925,3711.6386879368615,3712.250336733331,3702.0166041569573,3653.8035159000965,3664.111356279611,3674.3063678116437,3652.8333208116346,3637.91112024894,3608.4718071836564,3570.382287579898,3575.2841677972483,3539.212173586911,3547.636119511892,3530.899313296953,3538.390206505549,3571.862190219087,3554.0280397893725,3559.6141446110933,3568.056478926652,3531.5001329422553,3550.0416826542823,3552.3879105901965,3559.552151496375,3605.30530060203,3623.2781986426967,3624.0628584827723,3560.109978809692,3564.4773079791466,3593.929675063681,3599.7754094846186,3552.2213939545636,3557.7313774598365,3572.0911233396105,3572.647205150326,3583.2743531918745,3444.713130043704,3434.9377177878105,3419.6339934243388,3414.0282407568934,3363.058372887805,3370.390429760278,3377.9875240854453,3416.81044962298,3416.5520967695816,3446.243830496064,3400.623450577753,3292.5995762301454,3300.5619831311164,3209.753720414314,3171.4614775203477,3175.567623611401,3183.3789584851665,3188.858899002031,3191.5510023807624,3200.6070139480653,3196.5585003022466,3189.613213351192,3194.661549159818,3204.2182613321766,3162.886484848455,3164.17273632878,3156.029815256837,3160.630622411273,3163.4609734507308,3170.339723633824,3184.1967815698135,3186.795535156367,3192.013365116278,3194.2121932560094,3204.7116699421736,3181.4145159387585,3256.166966325508,3242.5935421425897,3259.9598765117375,3261.4038147278156,3260.525329461427,3266.022811610354,3251.1313134337024,3258.4351467189354,3249.461362125923,3279.52738777622,3291.159716697951,3265.167446552935,3269.4345059724137,3292.8471422205243,3284.3861292205997,3285.84299188033
1,c456eb612fc2008dd496808b0d7f793eeacd51557eefc23200682f2d3b5f0e1b,9000,8088,150,true,false,true,"""SVD""",1e-12,Simulations.PCA_rank.eigenvector_pca.fit_pca_loadings_svd,82,11784.997164452532,10692.246504173008,10558.696135614719,9590.447221423525,8964.576418325101,8619.228626869011,8362.286160867447,8168.191004778621,7872.888576558314,7790.211013259353,7652.183943148742,7291.81161037435,7237.045469889031,7263.802483820293,7275.632691318507,7224.04044496765,7025.127793720707,6907.925917192301,6888.6060306269765,6894.5906354821145,6793.019114289759,6154.058056963776,6159.058207780013,6151.397832940944,6043.839610405437,5863.613582485171,5694.644127377609,5573.92495801846,5590.297456280672,5533.651978529409,5582.26532980441,5402.831499209003,5352.44347300988,5358.479076333196,5375.657323030185,5223.5852095967275,5130.276730345116,5065.822770544019,4864.446086377191,4677.331240935712,4658.298782408852,4682.458711344998,4546.59354685025,4534.201687923041,4530.716192456639,4391.966741931262,4404.248917239519,4330.970667713021,4334.394104672407,4338.627462728423,4346.34212109475,4344.964823749182,4354.563064430139,4346.461383120788,4298.724649354898,4259.329318502328,4270.996310038232,4323.491561079854,4329.761149887398,4332.9162328297325,4231.915239435101,4236.667114644315,4250.408683487054,4329.843923801539,4319.683218395048,4324.8301616196295,4262.130915918059,4363.372862600886,4345.878493001222,4334.334562291509,4330.593163014739,4359.034762675456,4125.234392120737,4119.607216402102,4065.8846048425225,4084.3638736272296,4072.8827190606717,4087.5782549774863,3961.6583960524886,3922.816929583505,3925.6850676144577,3886.6985237016174,3862.5318131766253,3880.542442016699,3875.862252124467,3837.5201851328634,3841.8796208038257,3889.4984687692795,3900.333162532328,3848.974608595763,3871.738905048978,3865.017115464428,3855.500143417894,3888.5135388249987,3791.6372209848123,3767.010002379977,3782.0367758343796,3781.8711874748196,3849.8198158990285,3839.215005041386,3808.750404602684,3832.265111656734,3831.829915305495,3820.416167057769,3831.674853391925,3837.721698713075,3771.338642653062,3786.5103923200263,3811.6157798776844,3756.986754608026,3749.6512169602147,3765.518114835816,3776.1333818757366,3815.274562367139,3775.6957780512116,3769.167667327932,3811.195314862767,3842.9930462395155,3742.3956486100406,3772.4602238407783,3807.6784417464382,3754.7613543811103,3781.8285316847314,3789.588266723441,3744.6835678403077,3727.5833054374675,3778.0835883307636,3778.5188713220687,3766.5264325730805,3831.9274647150764,3883.901700985371,3825.620617864421,3832.5110695147464,3844.2834441496266,3769.68015150768,3809.488437141767,3800.949587497117,3790.4996959678324,3689.776358766119,3639.8938860454277,3644.233034554416,3666.4638987457183,3635.7152014686462,3645.641112407647,3655.3258630573296,3672.167422383113,3639.5472469350257,3671.8735918536263,3687.353450938742,3676.710894444258,3738.0487662469563
1,c456eb612fc2008dd496808b0d7f793eeacd51557eefc23200682f2d3b5f0e1b,9000,8088,150,true,false,true,"""SVD""",1e-12,Simulations.PCA_rank.eigenvector_pca.fit_pca_loadings_svd,83,18978.97840718408,9406.824377156696,9410.783035927116,8965.537604814706,7549.180246604146,6020.531938317523,5923.062280139801,5467.4901654903,5257.033675239971,5232.821139902172,5143.321557998463,5077.726752120661,5080.6513791762145,5099.169875266035,5034.399747971701,4968.0743262296755,4825.167416999286,4814.889959430652,4810.494325470807,4765.128747578224,4726.482341743051,4686.655266492055,4465.195037358419,4439.208876644471,4398.946834198613,4403.202584764472,4383.086438202356,4392.6245552926985,4355.033836028019,4395.242963895823,4382.754758470136,4352.854191718356,4356.154614149341,4291.257738819242,4290.81890758966,4287.235837111663,4225.462514662823,4223.281889216022,4225.873031582213,4243.917127583667,4248.85051451648,4227.139000126023,4193.291138240471,4179.756467942904,4186.405700028367,4088.5237502133755,3955.351326551418,3953.67759723438,3965.0071253837655,3974.783674715006,3949.9415761075447,3941.2502925022636,3948.996021095533,3939.8001884346404,3939.6365154749765,3931.746387659868,3923.6891867617396,3921.6630234391355,3865.140853216355,3818.2829741431465,3824.227586850395,3828.6297305194144,3838.567670320222,3844.194721949315,3854.2882089097743,3835.2699450776777,3788.7050893931323,3802.1591551871893,3810.67804154752,3803.183244245902,3805.4839332745105,3802.400235959958,3802.076066321572,3825.9068522588977,3830.640030632665,3827.197524976534,3813.857230018557,3824.900609837961,3838.3294781023005,3795.6914003880215,3785.6440331320055,3791.5831826713784,3773.2213391691926,3774.8179184073238,3796.7933011695623,3664.4374872573953,3673.7882035924863,3638.6845011144865,3622.0682146495656,3641.3139522554543,3631.866666518182,3644.1323956268775,3640.5193560950775,3661.4590557092697,3669.5718979509943,3664.260629363736,3558.775399377432,3567.3973423920097,3540.7354332659106,3552.6998835327963,3541.889009392426,3505.306682216335,3512.6719079794857,3512.4010622287383,3534.7434309519977,3586.8904769972532,3609.3810102022135,3653.967240203675,3660.782364753689,3697.0134681350305,3702.0899559683926,3740.291814443371,3726.0556979715398,3743.356663521213,3751.302931389746,3776.947149889074,3681.568019953954,3651.2809054059285,3622.500592271981,3624.2325998717424,3423.9394976481017,3408.9901715496435,3423.915382155643,3432.5756790693094,3439.8700755049526,3421.8767697391904,3433.6196780086484,3433.696935681022,3438.873217662257,3447.7924250513192,3448.3781703197424,3406.674543315552,3434.4678110941763,3449.168624340116,3447.4648886364716,3441.856405311578,3380.289661404781,3415.9442076490404,3424.015518877661,3429.7711426140067,3368.790375185871,3367.479879015131,3407.589062857658,3414.3912682363184,3419.5226487577356,3425.674989257336,3430.4833286133407,3440.7595866448505,3448.418567416126,3430.2711512338014,3437.193678174865
1,c456eb612fc2008dd496808b0d7f793eeacd51557eefc23200682f2d3b5f0e1b,9000,8088,150,true,false,true,"""SVD""",1e-12,Simulations.PCA_rank.eigenvector_pca.fit_pca_loadings_svd,84,9253.50560123025,8974.039235231929,8829.742096997621,7763.805944911252,7224.87056099062,6407.270012039254,6283.485538780253,6095.045458573325,6099.339661491747,5796.938892239419,5802.443867940847,5785.770603382374,5609.228310705634,5620.474496024468,5602.7372249115,5605.088294029952,5538.32966956566,5429.494975637127,5269.508251983579,5216.460250598403,5016.133094928223,4890.707134413568,4773.414280937994,4729.023330138157,4734.903618463244,4704.119374714654,4680.581834438431,4689.188741970164,4528.078238526109,4549.400684533323,4562.95467081142,4333.745141966396,4325.264236388695,4311.907620487135,4172.612452454522,4176.289863489681,4185.781771832082,4141.546844265725,4211.021866812896,4175.141430943598,4181.9675344992565,4255.236658604169,4270.590102576589,4276.082272998685,4268.482706410502,4323.861045608809,4437.826807702708,4450.264838747311,4483.28142006337,4480.312116158511,4287.363491922671,4307.402631243796,4316.258807577307,4314.333016999938,4274.153807028369,4352.68042778584,4237.858737038554,4007.026958263193,3841.9214705166705,3846.7849216260615,3859.8488106633936,3869.855228560208,3882.347570082675,3860.0203819822614,3845.2501204918913,3816.0888670127124,3819.154123010033,3820.3222661222967,3825.389682266589,3800.2040853913,3795.684167561743,3769.197578481986,3775.153107645977,3780.2918461828094,3826.1964479795374,3845.133804512666,3869.91679554022,3767.9918320578618,3708.826965409622,3742.182940730233,3575.686656335454,3588.987548585661,3588.744624544555,3588.940190761118,3637.2013756647398,3645.303769067083,3641.1009886215234,3599.0342423839556,3595.1576167075655,3587.848163331676,3602.943996885829,3625.936793607263,3582.586080879314,3628.939010066089,3584.3463544486,3574.817299054297,3553.2294131210833,3558.5702293819672,3497.9485833228473,3478.4401969011433,3465.807362395837,3486.7290214119644,3488.8321325391125,3448.0985767250113,3391.165987503352,3402.7328297059967,3416.1972479295096,3440.994274888646,3447.690274224031,3447.329662187439,3450.4815984658703,3429.939451502734,3423.6053947158475,3393.746389929024,3416.2017022769965,3435.4888880231897,3456.842016623162,3432.204214005405,3435.1400512117298,3432.9939789935393,3481.2330585100394,3495.7540072887928,3430.9918578123775,3435.9398460706607,3352.505845478951,3333.1493668400167,3354.9619899768313,3346.9918102314423,3353.0896097105397,3341.0102713276724,3350.7377523384835,3358.966688574111,3354.577743554524,3334.391483096559,3371.02870045132,3408.6492400707752,3409.0846763178183,3414.89933462729,3290.1478120974275,3298.0375031930967,3261.281579427709,3222.730889900999,3208.6667782419186,3220.3062742566085,3241.5772074501515,3267.3532764552433,3203.113013047706,3296.8759051862653,3310.857217014086,3303.3990999477473,3249.005139665365
1,c456eb612fc2008dd496808b0d7f793eeacd51557eefc23200682f2d3b5f0e1b,9000,8088,150,true,false,true,"""SVD""",1e-12,Simulations.PCA_rank.eigenvector_pca.fit_pca_loadings_svd,85,13339.896753759258,11974.912486761654,9489.000465887417,9211.686318720398,8053.320962866647,7822.9645969522935,7809.556903184487,7621.358697328929,7504.178813636531,7506.218657917788,6829.078743003241,6788.839827599157,6795.2071964690895,6813.0385123406495,6797.256864234666,6714.545518522311,6734.184596503187,6642.6278005429585,6652.165061103455,6591.251989042573,6591.880871348912,6580.507402378409,6579.402016373911,6563.049272547236,6464.222386723607,6421.531382937819,6496.497761624588,6610.6619408691595,6244.693358214777,6166.775858822162,6241.860217071298,6273.884216868669,6245.595579249864,6230.680417773017,6302.636831051099,6306.817094090062,6325.465723609423,6349.589336622091,5937.56196732476,5875.937932405103,5705.423092169856,5750.216876745236,5473.709086923753,5459.7942427812695,5101.394612144315,5038.4819147832995,5039.041258675793,5029.2300793528575,5062.5659908369125,5061.05304961555,5085.939737717441,5099.80422113246,5103.690564495579,5060.120893909984,5077.816299729923,5131.235969080729,5042.138471006061,5138.283630215448,5153.774520508752,5169.578869360434,5167.066758983899,5179.93875825098,5168.138396033109,5061.9485108325935,5133.185929254381,5100.6833127458995,5086.103408261964,5038.534948215045,5098.249835705006,4965.9333597575005,4990.049694967405,4997.814445114536,5055.321339823254,4976.198264707741,4720.435642380381,4653.044677068123,4647.254155562189,4611.664816213025,4606.567160068944,4586.552828052444,4471.991307492564,4493.641413024891,4465.971940245371,4411.371957729493,4422.0354813607955,4447.589025634253,4465.768004138304,4474.223937812692,4460.23282641501,4472.715654110014,4487.984596232722,4491.650970546955,4482.732011441388,4490.671377346744,4500.949703072656,4445.974656547983,4469.124830336349,4477.792619817356,4493.9871295266785,4407.850489302318,4455.998678273264,4458.192669295784,4306.281771407957,4315.019893415619,4330.374643159543,4339.294226915244,4349.760747693717,4232.098707992265,4231.186610288255,4212.788568485202,4212.329333649666,4212.8494382337785,4243.926952299746,4177.7741111325495,4183.575556152611,4194.487429095268,4205.167605480184,4176.604143808702,4182.924128473434,4191.2526204974065,4220.168212412675,4208.046034539857,4212.718344141318,4218.953817457193,4227.062864095371,4230.7379825306425,4228.160866364392,4209.124065717507,4200.759167605474,4222.158949446336,4259.738382734003,4246.044574023995,4205.6579241747195,4194.296414137121,4114.944546561412,4112.3299106291015,4120.251210655453,4138.706099363046,3998.0123720460288,4012.3207133700325,4020.2069262442815,4064.2377181981797,4087.8932522192085,4082.6431049625057,4073.7267897719953,4084.108958354845,4088.0620868043816,4094.123817293799,4121.8713113296935,4080.892753872899,4085.6570985517974
1,c456eb612fc2008dd496808b0d7f793eeacd51557eefc23200682f2d3b5f0e1b,9000,8088,150,true,false,true,"""SVD""",1e-12,Simulations.PCA_rank.eigenvector_pca.fit_pca_loadings_svd,86,10551.741631836338,9659.896922600732,8055.868696730443,7548.013135759409,6354.5148846869815,6346.954768705952,6220.907546132024,6141.112699164723,6049.386338708336,6051.50190492622,6031.447202654777,5973.102241236375,5581.233873065424,5524.782956213625,5532.3853867652515,5389.465708815263,5354.622094628307,5362.6475367379135,5378.988253533239,5394.943157458723,5293.879521445734,5250.027170255533,5117.172990349002,5085.221299247075,5053.398393135528,5069.573585088451,5180.136825610374,4902.836585141434,4930.780211345577,4973.258664027296,5001.879257555956,4995.343437882816,4923.515010329204,4940.40514300651,4950.750701969696,4751.206353166155,4645.268291824575,4649.808874356898,4547.514914526651,4577.955939052438,4556.189850448912,4557.167012239088,4546.242243206994,4552.2392935543985,4530.2986781322315,4617.083366612634,4500.440921594028,4520.428726482482,4382.370968188905,4333.301108990489,4307.809478818635,4261.088687445231,4264.429546284051,4258.5369589513,4275.565788534253,4306.451960093304,4291.958429469373,4226.468194664198,4247.085130725466,4229.948968018706,4163.065575440279,4096.98837762479,4085.0958480583413,4094.8073997889865,4110.991547486105,4123.30881665499,4128.668490239035,4103.988816517252,4125.015447227141,4118.726397952142,4115.811853650688,4059.3687326957197,4069.8758122382487,4019.5891838196226,4034.337993032462,4040.179734568729,4007.8435430830696,3929.022780576849,3857.0507796742327,3851.35830776269,3855.787240752061,3854.4800399762157,3833.8490356601865,3847.913017384136,3868.9802594151743,3843.2934492927398,3840.5631204975107,3861.9060605842424,3879.5120850499666,3921.3798417002554,3936.7206931903384,3954.7279958375107,3955.181533707168,3970.0851217510044,3873.3855144316763,3820.3984070089523,3843.7943495911586,3812.1661019401677,3796.8234650459826,3792.787249317644,3832.283661645558,3841.4711687152812,3823.7614587897538,3827.357110432227,3728.575602072954,3743.712827019875,3735.3340288685663,3636.0623641123657,3641.6215713315323,3648.755234917402,3663.5651507468165,3661.4219471103174,3676.5393899426645,3604.653431235108,3615.7482347189066,3616.6820810527474,3659.8697721488056,3665.7347013156236,3675.6599326175765,3663.706831077126,3726.66957500579,3748.1402717103547,3679.0228423414706,3687.801494699515,3718.332397287958,3730.816404399334,3758.285902509201,3704.732516683526,3679.982978018411,3629.9903848075587,3633.449360047228,3630.0000958925025,3549.3985799277293,3526.8116952559194,3583.938074357445,3572.193049315713,3583.1234877775446,3605.5141976018253,3615.509733986094,3624.251750025826,3557.5514081891447,3586.7019903823184,3573.200948410632,3578.9892161647863,3590.174127684368,3592.141781428938,3602.987497743298,3618.9081650185735,3647.4932787336106,3660.1097143232055,3680.9102693992186
1,c456eb612fc2008dd496808b0d7f793eeacd51557eefc23200682f2d3b5f0e1b,9000,8088,150,true,false,true,"""SVD""",1e-12,Simulations.PCA_rank.eigenvector_pca.fit_pca_loadings_svd,87,12762.906428051574,8873.900358043691,8046.511736534002,7720.954410324225,7280.688708014731,7159.743593063408,7148.5827366899,6716.373507275715,6715.440215075955,6647.944286301386,5930.089706598813,5939.045964529871,5920.650037462575,5859.142131391631,5854.255653223772,5857.822544162867,5812.357175917061,5687.960501007615,5672.016264965614,5709.686154646695,5165.356263065567,5170.049168001889,5133.672163851788,5023.928513778231,5035.400770674392,4886.587541893486,4871.095367283895,4872.752591829997,4892.616579543618,5076.301039054917,5088.412434589459,5139.7154624618315,5024.619277504915,5054.50141304948,5064.816711890943,4879.2540699611745,4795.580430269767,4799.207172574776,4809.876050391575,4679.805075548865,4569.319518430825,4417.72776525959,4245.538393631405,4248.838257413381,4246.243516829307,4311.832072570563,4325.609980973432,4265.297137712279,4267.964727912661,4219.066677224963,4202.1367935974,4170.361335759013,4165.29869783214,4171.296266673921,4161.720062996602,4172.151977617924,4241.4626267128015,4204.088505638238,4208.498363635325,4200.901730105577,4175.505250162972,4118.504539506467,4099.202060583217,4116.522944840435,4068.2633791484977,3982.0421564364297,3881.5445313900004,3822.5614329420737,3817.711169410781,3886.7843401480036,3886.8551027671665,3899.865878737321,3926.37518570276,3926.7926091053237,4085.8194183969313,4109.296784846198,4115.3096427238415,4073.472672483193,4097.361600020921,4049.8518163718827,4083.4054368318025,3959.491236939559,3942.8549184068156,3899.899254135766,3835.9056799904683,3852.286370021156,3870.0955386697883,3883.2868964355566,3616.4565876500114,3622.7338109567636,3630.7334201445606,3640.0334591174037,3668.947176698628,3642.7689587236046,3653.3526277166516,3679.354470902739,3688.655482218592,3682.3686142718857,3686.3271428986727,3664.3046760701727,3672.959333347252,3691.2627701809847,3700.9665409097092,3698.791230201826,3720.3027144665,3770.012482550506,3837.0521560346106,3839.4625088931166,3848.9818430691757,3867.100540920725,3875.125347212306,3846.8991178686388,3715.405846776283,3720.774637193018,3700.56295146448,3663.6840244540026,3722.4769559468027,3707.3332070005704,3724.6250024562387,3737.9042365813684,3685.791739469791,3714.268142892913,3560.374422111636,3568.967819189979,3511.383053083513,3516.7880239487467,3516.682089075857,3436.9008125586747,3377.3034072139412,3353.086671471116,3353.804797306973,3362.061705106494,3373.7093514526055,3369.816853306144,3377.7591109627897,3389.4234403508326,3397.5546355046235,3397.35019831114,3404.956167744452,3406.8404425524013,3413.064482392318,3385.680893197469,3406.074441769096,3427.305719898229,3419.720683620051,3489.861766308711,3498.4586017542056,3495.0677397451977,3508.837399640417,3470.4430724843187,3385.8894737153723
1,c456eb612fc2008dd496808b0d7f793eeacd51557eefc23200682f2d3b5f0e1b,9000,8088,150,true,false,true,"""SVD""",1e-12,Simulations.PCA_rank.eigenvector_pca.fit_pca_loadings_svd,88,14881.159129414105,9861.940422121897,9726.386888996625,7910.04553483315,6105.7914462050285,6019.75449740891,5994.56969214443,5984.850763503435,5915.144324767007,5927.510408325344,5897.409294228043,5715.774022446653,5724.356830721687,5736.859452923726,5724.974960482115,5719.404533904784,5710.236309069461,5714.7919223765375,5671.505345989254,5669.650635454054,5565.37336792895,5589.610379293078,5504.208252682303,5518.347000347551,5283.599517477154,5294.377937631094,5142.708581929114,5175.9743787982725,5213.612089793596,5328.285846976435,5335.792369692488,5343.671569965264,5348.197413858461,5356.07318456306,5367.976699194527,5394.157263750376,5368.48453316371,5078.663839074146,5088.9838746637415,5147.742409726848,5120.875115109352,5133.606276884541,5128.224698407545,5128.771404420596,5166.958937168894,5218.656517398888,5251.5253328444705,5262.193595146442,5179.530062900051,4972.186454124003,5002.9964692355115,5021.857713776505,5024.657157939505,5027.996206126246,5040.840544048707,4866.516353864991,4880.826801736489,4894.313016240768,4656.376174338044,4667.774463117012,4667.452383536798,4673.804127961859,4676.05235337624,4637.306097451074,4646.803376409522,4646.590715094834,4640.242663589677,4601.010076796512,4608.015996527369,4628.949637800682,4532.775836349155,4503.026328561245,4509.6651449335495,4430.620782518513,4450.67628882914,4458.930601505031,4452.530577561514,4476.062202760966,4508.578498614318,4574.40797525562,4576.432905776402,4421.410181885263,4424.73278639165,4436.179247758144,4456.845642248346,4394.9031227800715,4388.351316898049,4463.545770023017,4454.647202979523,4486.490593311041,4516.345618397348,4529.978131742209,4521.846329365493,4452.709888861613,4606.7589766421615,4676.000501384454,4664.385011174848,4614.867263181636,4688.066885326627,4684.531289416239,4685.264665543519,4676.20083925077,4704.215172899763,4531.510609013878,4559.990905890311,4576.656495879839,4568.007180757667,4579.6410196834495,4695.602902060512,4549.009600190144,4478.520260220072,4507.144996254131,4405.052343886328,4325.193602736729,4308.270035601415,4293.743768581162,4338.1124068564595,4362.142895754232,4293.602325330596,4304.7541858500845,4292.548950579373,4309.217206605872,4329.576382962808,4347.745568942532,4362.216753848041,4334.462222806486,4350.659374669979,4319.380568895219,4270.863064834886,4251.037064605848,4169.138932444751,4207.816601860692,4219.292028172508,4213.059477795657,4231.698967247164,4269.104659962955,4268.621109500295,4287.139916718481,4253.52883201956,4207.250295882076,4116.422889009597,4083.738032876262,4247.90845192968,4277.965437336809,4286.663740019983,4329.944859922081,4326.773766942799,4223.765361276156,4237.664161690213,4254.008563655477,4127.371860224896
1,c456eb612fc2008dd496808b0d7f793eeacd51557eefc23200682f2d3b5f0e1b,9000,8088,150,true,false,true,"""SVD""",1e-12,Simulations.PCA_rank.eigenvector_pca.fit_pca_loadings_svd,89,7740.5534553113575,6910.039383791203,6460.353886015735,6305.451528160818,6082.292756963451,6086.869254247879,6065.542222861131,6013.412968593124,6011.69514771999,6015.672555908539,5982.049358501926,5990.412191183553,5551.055628715556,5665.078205804194,5655.715263348037,5666.390020758402,5752.392891917798,5548.3390412079025,5457.866819809632,5628.278882732299,5636.346641769843,5676.915536049075,5569.581670765171,5625.970652732006,5451.285898842541,5402.943511059302,5304.704513360774,5043.821577208747,5090.728320551527,5430.617619146167,5536.487971078994,5694.218462973497,5689.223171387992,5575.7384837520185,5614.688213498675,5531.199319701446,5608.49007560001,5511.82652519025,5212.935355590076,5317.720957508508,5323.891957237435,5471.6808920895355,5479.751304690504,5461.817182592445,5479.324837390103,5263.1522035013895,5333.526709167411,5364.638969123536,4856.523564269611,4886.073390702236,4781.472679766877,4793.014709741987,4800.5539377313935,4755.378334891126,4447.495659704766,4397.631745928198,4539.273164325958,4338.67609736147,4337.205784847653,4348.876499971466,4354.081003064946,4366.2979421895325,4248.063058763896,4191.68538844767,4077.294639129235,4079.472469206017,4042.3273719329,4076.607019389556,4128.8158432741375,4034.4889730767336,4034.919124247637,3969.563517990696,4021.003254486264,4025.991817851452,3976.3718593361355,3952.4630320986844,3958.3639314287657,4001.45072403948,4033.6159667874936,3849.5393662624774,3855.910503523092,3859.6502902637244,3900.9871841489494,3906.7904309178907,3912.6044063813406,3764.543489441472,3635.736272697009,3646.723394222138,3600.8580067145094,3621.3980617509283,3614.743342560007,3532.1707879572573,3541.5718018936313,3528.7915329905627,3539.217299902504,3552.752241879795,3553.5871642484603,3556.100654278334,3597.749896904685,3579.2988582110197,3581.366741718806,3589.116491041829,3593.284858497822,3610.4995785702013,3644.626823933872,3688.3541588799235,3711.0742054740404,3711.4481568641413,3731.9017615362313,3732.2594190385507,3746.6511743647534,3752.613605914518,3749.2476369174055,3758.1123396214775,3779.7735067936514,3785.9401504054654,3809.460443626616,3819.7943613600496,3796.257515413569,3783.9104076243234,3818.096213052807,3844.801400905672,3861.4426731888984,3875.7047192697373,3879.340613340089,3869.7881576846125,3890.630599201074,3935.5131033781454,3933.138585445719,3927.5180424952337,3930.8635298474173,3941.4157445386277,3960.4071260047126,3975.6720478826674,4027.8240759153086,3841.2841908510977,3760.2346738941283,3729.0608600462383,3726.250469358686,3765.1754538704686,3758.356026738722,3742.5183873768615,3704.2688692719544,3796.0553435516936,3822.717243037293,3852.867205574325,3919.685286736176,3965.5820354475345,4036.296144630727,4082.7662360135,3694.3786319827977
1,c456eb612fc2008dd496808b0d7f793eeacd51557eefc23200682f2d3b5f0e1b,9000,8088,150,true,false,true,"""SVD""",1e-12,Simulations.PCA_rank.eigenvector_pca.fit_pca_loadings_svd,90,11195.0614793696,11179.570158832432,11091.586024577078,11111.145389611162,9435.364629755057,8091.401801042344,8096.988587022564,8097.0871524982485,7830.840304111133,6742.3415953261765,6739.367752107906,6569.294426937751,6015.8773546591265,6026.963351703049,6021.317352985607,6020.2128259156225,6023.131987378038,6001.0180585398,5749.920174857002,5691.7607816274285,5570.354061240235,5512.020745658364,5291.713519991385,5203.217615907829,5169.5399302403675,5173.6804920510085,5183.137447154485,4968.2106071401895,4971.784212480468,5025.716797534662,4855.533631602714,4859.501328065794,4579.2265624303245,4485.952420206311,4404.453558410304,4392.196965934645,4400.905595389578,4412.052651794407,4427.016538151278,4434.251326214986,4442.78421330482,4407.082260832473,4406.52899280902,4412.352619569311,4366.5699724451215,4385.504822717072,4414.766493598855,4417.783258188231,4383.180806495637,4369.594937103208,4360.388340811434,4354.088876900287,4343.460075855791,4332.2052541217,4320.087653237456,4318.187825221663,4322.021931910421,4336.519779526304,4351.6717952956205,4361.020254584349,4348.297526472154,4353.8386339666495,4287.979018451242,4297.037341983571,4303.229471161818,4307.254132886734,4310.3994912507005,4321.616924132322,4351.347910590989,4384.534815735215,4393.1879789450995,4402.5185654938705,4462.817692821268,4461.175462203926,4428.419766233128,4232.876878319788,4244.505885345168,4301.280903647981,4330.654527897512,4311.795769824944,4259.548259746579,4250.514226736569,4269.2126021942195,4318.376042183431,4197.486904655959,4210.599707303586,4207.513474502811,4221.330696722275,4205.189473062455,4134.253239894277,4154.818790938202,4121.513805251729,4176.090312410517,4150.561334751958,4141.707199866914,4198.007634745123,4222.163450621412,4255.687292812718,4183.2132578482215,4198.332451725088,4224.2221140811835,4237.037579917431,4233.926438282726,4156.270732851317,4193.9596230574325,4138.670244952656,4156.821393707509,4156.712511176892,4149.220043675566,4166.496751949194,4178.048945832143,4233.582072269957,4242.641943843826,4249.186695735875,4260.655722630986,4217.298667912225,4197.002496319923,4150.475471810544,4102.486718460023,4098.880701450835,3982.009782859285,3947.4076421322548,3896.235248173184,3898.5113436589227,3929.316003460856,3919.289550204208,3914.157513117744,3939.9340176808146,3928.5953223456554,3911.970577496131,3916.5443171602014,3914.3305371957827,3935.528786064867,3937.195796757499,3957.0292846231673,3943.7415176881686,3920.892384956745,3773.483158077948,3791.4839456208097,3789.3188890869865,3790.3074626627476,3835.141412497822,3817.524411865029,3814.985902955905,3645.8389610251097,3707.5254112185817,3675.4700235932924,3671.714269943602,3683.902946493832,3697.124396495811,3717.1211715382387
1,c456eb612fc2008dd496808b0d7f793eeacd51557eefc23200682f2d3b5f0e1b,9000,8088,150,true,false,true,"""SVD""",1e-12,Simulations.PCA_rank.eigenvector_pca.fit_pca_loadings_svd,91,17275.408618068617,15081.646385173859,13664.100394406796,12354.3459134566,12151.432480476386,11443.351691159269,11466.204857603208,11184.705157051872,11249.212208940346,11166.885021259868,10134.25075458131,9457.420918892862,9380.877657671563,9120.332403129561,8768.084272396003,8278.01713315347,7897.407930674766,7585.025724444538,7663.325170341039,7345.232380509055,7351.125262798205,7258.278608583013,7233.678097615437,7049.948575697321,7038.4000533811,6666.293977133309,6510.098347503487,6420.525940400641,6419.513196747277,6357.4597110324685,6349.084971000503,6355.453474750127,6349.311648175101,6242.512107842357,6191.588159800925,6135.6465686808515,6142.76666020057,6150.793264345552,6211.894373796535,6217.538632003948,6224.17115278186,6293.015810372445,6308.795594144233,6309.186837539808,6273.502332763136,6260.525674935515,6315.970225407333,6220.069991538452,6256.017822570499,6273.251437063165,6268.646515807328,6251.611006869265,6281.003246121703,6228.235792727123,6246.057591395448,6279.315739799167,6053.77998064294,6024.390448752606,5907.386555014599,5702.383272052092,5722.520054142875,5740.553356869017,5714.735688690367,5808.10268619629,5392.804841300102,5367.224905039814,5365.787707466297,5329.1346905996015,5348.294757898122,5372.5775812601105,5360.133825472269,5322.629915904316,5327.302023530143,5271.330921956349,5264.153234849873,5308.949171265199,5315.449446175367,5333.294899815889,5311.02756763818,5235.35254497519,5231.729878576455,5216.696337635097,5250.658871752561,5272.034784859689,5181.813656372694,5095.888305831941,5104.591526946419,4882.674491061132,4893.375221387717,4913.35652402053,4949.410581986046,4959.928969233294,4985.613965080032,5006.9087143928255,5018.533310355484,5092.588906521727,4866.920200436483,4878.118366042764,4793.673828114253,4791.202609643822,4813.285230258087,4733.774297826322,4740.000709779223,4774.016648665464,4658.443023920554,4651.910327728985,4596.043004799069,4594.665025746064,4581.0455934248275,4599.496696001898,4589.621525925428,4567.238612686752,4545.748154811757,4582.22913476533,4585.444026918851,4603.068792793195,4639.172968606747,4615.204589424981,4633.679145927722,4633.675148032305,4644.698256042061,4631.093394864934,4650.921335742703,4568.889065915819,4572.239421734865,4578.1446438749435,4596.3542052609755,4581.416201898046,4594.292604719942,4610.613560778373,4604.632282179357,4612.444898720521,4695.743967846614,4714.4255247824985,4732.619717894275,4773.188125367656,4746.901897280709,4655.055622497384,4601.87611343677,4568.666649855859,4513.135643229295,4518.8682597039415,4541.1095232234375,4431.126533368759,4466.1997534336015,4496.578419697453,4427.998815368656,4423.018424166662,4428.726123204964,4430.903352828076,4435.928652850157
1,c456eb612fc2008dd496808b0d7f793eeacd51557eefc23200682f2d3b5f0e1b,9000,8088,150,true,false,true,"""SVD""",1e-12,Simulations.PCA_rank.eigenvector_pca.fit_pca_loadings_svd,92,8729.887328110046,7621.915955595598,5678.357151868409,5559.798332243287,4942.904158932394,4908.094454931971,4911.592794187367,4853.112543245834,4810.634628391069,4811.09406708481,4669.375011452366,4654.995173738657,4616.794077895939,4618.373291578135,4607.553522948767,4611.247580048498,4606.911722573692,4620.317631295563,4675.005098841895,4711.029267009843,4591.387976631523,4457.081200082419,4388.195956958881,4349.151926020878,4215.416964985887,4090.1913043100276,4078.783929798057,4070.6760293905,3891.3370465337794,3913.053243047511,3909.694523000674,3832.247166081253,3773.174280518189,3761.063789533947,3671.0717325877677,3671.46850549479,3673.144475479159,3680.654951603361,3692.2597985195393,3685.534454351649,3657.4039362555895,3631.4164163885453,3614.346735773964,3560.6783179544595,3483.8610743980144,3524.4168519902705,3575.742115359843,3566.630153600589,3581.075003371247,3580.559207888558,3608.0645926108873,3533.7225470032727,3537.8438483413393,3526.659990954534,3540.1693462492135,3541.9343974476615,3370.5694578783605,3283.4165258984112,3269.7289978572603,3275.4296769384755,3275.7700255739555,3265.6170735616543,3253.959575764149,3259.04939334061,3240.3247660030547,3242.343581165331,3186.358496532152,3188.1405404454667,3187.789237243143,3216.9657160592305,3208.008071148256,3182.8957513592864,3180.766374376475,3190.299982527332,3122.202696005504,3083.4854750917657,3084.023868352374,3062.3109325838104,3054.568434508512,3058.0409273538694,3060.727207528419,3056.439945512851,3060.481450371147,3068.106738370778,3068.5939027391973,3061.2513138096106,3066.5143335876555,3040.5583583621783,3029.407465227786,3030.619251612068,3035.8813986726873,3040.3959420466194,3023.94388320768,3029.4219502103992,3020.077127928359,3033.8911486507377,3019.8347990282246,3026.772175397436,3032.7721618600126,3060.731132706713,3058.269003296695,3071.860925349173,3062.351170608929,3041.2657049855784,3055.2044697468637,3080.356359683729,3074.7243285184986,3111.9478403642033,3108.3064749008986,3149.698282435173,3158.6709646199233,3179.4224835288383,3186.11433279718,3206.830190449769,3188.7335343990576,3185.230560753515,2955.0930997130504,2914.1569293202306,2908.030346043022,2904.5680750344313,2903.188304519104,2899.4268874492086,2901.276498123859,2903.004909749932,2950.289186563034,2960.815396243142,2972.087923184708,2953.0392130516543,2927.631118662057,2936.3388050860067,2929.4118351864136,2931.473913569042,2841.8298269163047,2849.8982797229096,2828.086454559327,2833.843059922535,2819.165071920383,2798.9778454711063,2801.638813481593,2817.562818918178,2744.9658245363275,2757.5820830753532,2679.461962966179,2685.294854531251,2667.1779773381954,2671.01637178048,2675.9044521845235,2698.228778922996,2719.885871040435,2727.9433264984145,2791.335686813597
1,c456eb612fc2008dd496808b0d7f793eeacd51557eefc23200682f2d3b5f0e1b,9000,8088,150,true,false,true,"""SVD""",1e-12,Simulations.PCA_rank.eigenvector_pca.fit_pca_loadings_svd,93,18362.94085516027,10872.037177556664,9924.987831872402,9191.384652719544,9104.004788263652,6010.752056178252,5889.472067213251,5878.372535448703,5839.108114778444,5795.176153622147,5623.4393351007575,5612.292555530946,5575.78281831005,5547.398411681113,5468.649453370785,5449.930547396442,5199.26324480095,4915.006618351998,4875.886754784217,4874.6239651804535,4878.288831879342,4887.138500102031,4870.376968908653,4919.797679641839,4822.365464164515,4858.812210739284,4704.697429829168,4613.994134231627,4607.184128107604,4650.925471289016,4662.410816768237,4616.486260618987,4473.362079101457,4482.2019561582465,4365.35525136259,4232.306941661059,4244.893634811575,4242.041304022853,4249.682278999923,4271.890857182093,4182.821683223976,4192.583073179206,4197.842178863849,4202.049508966164,4207.849864804271,4282.329740155747,4269.323327236413,4183.340519323268,4278.093670656879,4173.573774115852,4185.615638799582,4203.430840768232,4207.079378440552,4238.428410622596,4232.686719482273,4009.164665391259,4017.6034448875453,4131.353101741885,4135.545585746634,4140.987000272496,4109.304051666333,4103.003945124205,4137.066752304274,4207.385513712804,4087.07914034904,3993.250261581741,3976.542051674339,4035.0325155627634,4099.221351788483,4147.043689617867,4162.569001475102,4191.980162877575,4146.753346949674,4118.918555666126,4151.496737920734,4158.382918037263,4113.957662026719,4060.5391010810677,4133.436529749548,4203.697900210727,4209.120313797526,4207.664623389711,4249.810783810242,4231.884856830339,4224.990978013583,4168.737213166431,4204.422973061832,4297.985400774306,4329.67837419546,4337.923142650747,4354.320640269229,4299.109275546204,4292.337806726327,4171.13131353041,3967.452616565105,3980.5220485143086,3979.3404824009617,3944.2938872224777,4048.406927891179,4079.2287818946556,4076.9993837459297,4067.3564110534207,4040.6383238417448,4086.9606880707834,4095.973867614856,4113.801356116489,4144.759684228517,4159.706495220922,4182.34041617632,4173.795292793316,4066.858406036042,4112.773191148911,4117.188578014167,4137.312796046818,4199.739946827043,4219.648240859092,4240.79183571019,4254.2050125226315,4282.756579038288,4305.923832311991,4340.86208123783,4289.966276946349,4306.9777504760705,4368.507616157123,4381.386736071493,4380.819091772633,4397.878512791539,4368.837952571013,4365.281174534791,4366.045274471762,4352.316288450157,4330.180398154854,4369.353288088246,4406.856825442202,4473.742650924912,4339.813360185564,4393.005502413629,4458.583984270902,4507.10650529341,4475.49928759509,4356.697255720926,4447.372985068916,4574.760194342683,4740.155184692005,4739.5999579933,4447.052744705151,4219.428072179171,4012.5266648444763,4054.8530656191147,4034.2549568025825,3943.9250505302252
1,c456eb612fc2008dd496808b0d7f793eeacd51557eefc23200682f2d3b5f0e1b,9000,8088,150,true,false,true,"""SVD""",1e-12,Simulations.PCA_rank.eigenvector_pca.fit_pca_loadings_svd,94,17053.004634404075,8808.51248232829,6654.647853560437,6602.550905636392,6421.052186116286,6298.90064280182,6157.108440930882,6123.796530386521,6149.587724015822,5521.4606237989055,5525.230616393018,5324.255661012947,5184.088427105712,5201.908712216929,5148.421273047074,4955.472548037566,4982.153681103114,4980.030875083186,4974.912666013619,5006.334462114389,5008.593904670728,4877.905563049715,4841.613940536954,4847.996842638613,4862.262381454183,4860.192645822979,4637.9398039226035,4656.224500674216,4693.890129263787,4545.649873534608,4462.87665673082,4467.941135009701,4473.249247392162,4466.152719921269,4361.522456267184,4366.42470316731,4317.858911897792,4253.356064801419,4222.80792561384,4215.003253252861,4180.785197354026,4196.954634505601,4195.496927241067,4202.291394885643,4090.5505993299994,4098.283918533951,4150.095374593494,4168.034208850826,4139.78425567469,4063.7205913251237,4044.1936191502946,4033.508878447627,4008.18742380867,4012.430707949411,3999.506633501411,4012.7851998913034,3951.4791694316436,4001.279082845006,3996.8822653428865,3840.2093720062203,3838.4799954000955,3853.2839241077877,3858.734280799142,3811.880949926877,3847.839301324594,3831.7662330041608,3827.6654383670375,3888.921249677434,3837.4188462064494,3776.5929931707597,3684.1053534178263,3687.2434559787594,3694.5614805008418,3685.7809870192573,3764.273607876518,3780.9946819924967,3773.7562985021527,3613.8410546509162,3627.337808378231,3584.363043307364,3585.90416765561,3582.8087166093374,3591.959649587119,3606.2883511512323,3621.3914631699054,3635.818344585975,3588.2691199737615,3600.2996143487335,3596.1150887708113,3553.444323402118,3529.5773981715174,3543.8642996259405,3547.596902293764,3582.3560985614868,3605.8748184639594,3609.352559721129,3619.778889978918,3626.071173069337,3644.792189470087,3660.029187250788,3656.5187886920526,3657.6909033455804,3666.145918903411,3659.5099142698814,3675.0504043481446,3671.0047141526943,3655.1963505279305,3669.684079291098,3692.589096476581,3662.773821345245,3676.5977551337496,3702.0789915749215,3678.6762107484,3637.6491843463373,3650.3098190736296,3642.3570640926177,3554.971160994023,3557.1125611930147,3563.646792884808,3581.0815720832416,3597.7825010290894,3645.4296728087584,3640.10892335815,3645.324490676626,3728.950842686284,3745.140874591076,3754.256704980775,3768.616730176735,3760.0412845391475,3693.4128031487357,3631.410122415437,3562.8190802139466,3570.441312216239,3580.179836766824,3567.809969309115,3579.3078000141286,3584.5634872186347,3473.8611038929357,3475.0568288463473,3491.243394679558,3506.5497303613465,3514.2475911190813,3431.257200510013,3433.2157481282,3443.9979799515936,3477.4661401707317,3490.1251285697326,3514.0325658364977,3492.708962040149,3496.4255718464847,3534.3773639257083
1,c456eb612fc2008dd496808b0d7f793eeacd51557eefc23200682f2d3b5f0e1b,9000,8088,150,true,false,true,"""SVD""",1e-12,Simulations.PCA_rank.eigenvector_pca.fit_pca_loadings_svd,95,7011.4525141084405,6721.395942581906,6651.90935121689,5668.709351483528,5141.625135209182,4940.511263261505,4909.481858725122,4854.502675141872,4857.88510117287,4866.252625657483,4687.767881969,4699.401117795384,4702.50256028548,4702.2306503758955,4663.647720335144,4668.810802277962,4677.985618346099,4702.8647597887275,4737.898497365187,4636.902601858814,4642.857476799478,4636.4468009512675,4642.7397253335,4663.016120126789,4590.678235323811,4587.35261366264,4679.756095964766,4708.458138523507,4554.498777055401,4512.9219209717585,4491.497386169247,4446.578354859505,4368.876482083303,4384.37100509,4386.195487699051,4330.128376343907,4261.813982704784,4266.484474253879,4337.5277739055755,4316.350535777172,4237.668240077432,4290.103996043618,4301.098670464213,4307.170389864454,4265.7615852764575,4143.153504189624,4097.189276870443,4095.7141069579916,4112.113616332173,4114.8119727361145,4041.3031557800564,4039.8554552087853,4003.759316055836,3994.0955148725775,3990.3344204383257,3955.5158522554775,3971.6739774493026,3929.8976096432916,3933.656029595527,3909.0777018992794,3916.41812805265,3911.4324849631275,3916.8929592077943,3897.9447448948863,3892.4881808152695,3794.313634981837,3773.069326240599,3780.812562783203,3787.282604884109,3764.611554185778,3723.478814347704,3698.8023018843005,3705.789753833991,3707.0819738521836,3712.107533706974,3718.4561281606047,3719.308865675228,3720.5853087085948,3727.4680204435294,3734.7130126990346,3714.970266978679,3733.164065663862,3736.554486194088,3737.415453148414,3743.7613503986686,3754.1410761858087,3735.74959890207,3767.454431720366,3761.1746009752633,3687.217314678189,3718.385814353547,3726.2998352689046,3730.948817754646,3738.8479651666216,3647.2020029525643,3502.4115510591582,3514.5349186751114,3520.4821041170944,3524.8816413238196,3510.158859505195,3504.5550838333606,3508.8212386145774,3461.025212517695,3458.720739971129,3460.205079696987,3464.6681212368476,3454.505753990679,3323.103951582542,3296.3190348405324,3289.241851086048,3297.3613069139647,3181.0416626555098,3185.298051788362,3180.1708151606363,3186.6253773767867,3191.6804444248223,3199.9615768231765,3216.665066069666,3216.5835387164266,3223.664284433757,3234.5640400042,3249.289557750845,3262.9977578597304,3251.4478015942695,3272.185195682346,3257.2893422746693,3260.7530389645785,3236.253329031888,3239.8415709496535,3224.9708075740537,3155.0436107584296,3161.978800102814,3116.4926317926115,3102.0899660018345,3107.32399981899,3120.020664180699,3126.441492993261,3131.9128508839217,3141.3563503696028,3137.177579028892,3156.8370888900263,3124.93999436744,3131.8347659944675,3143.365194112163,3155.365157821077,3175.558675323328,3084.1610147492647,3109.1436493327324,3130.675818109642,3138.1685649853925,3112.9017566905977
1,c456eb612fc2008dd496808b0d7f793eeacd51557eefc23200682f2d3b5f0e1b,9000,8088,150,true,false,true,"""SVD""",1e-12,Simulations.PCA_rank.eigenvector_pca.fit_pca_loadings_svd,96,12281.06754249168,11662.419718359262,7293.253593285248,6565.635807667879,6527.994974874115,6222.167706601326,6211.109231372661,6184.045130948486,6241.15109905249,6282.175399866484,6301.080542934297,6245.329977830472,6184.859247992549,6230.151832770065,6245.964627530288,6150.144025011621,5964.261698772589,5932.189688054096,5895.754762721138,5978.411171111469,5929.082788816648,5149.633536513756,5154.643175355238,5193.555152719095,5166.596933286659,5036.374441387041,4815.818917543461,4799.323424403709,4795.2423218250615,4977.526443612906,4888.609991832249,4915.073375567626,4897.078817412626,4847.6370343356,4836.882442339162,4847.962347300541,4849.49896508798,4858.46998380433,4768.210088089498,4750.543393319684,4735.492814127646,4554.472582499266,4534.618867033381,4509.4516209195845,4509.368845851043,4423.658979730241,4442.159234086937,4411.921090324569,4497.7051970844195,4489.957662854199,4286.572040949047,4295.009819186154,4299.1939023230825,4277.5225850702245,4285.110241133169,4353.811353909674,4319.543733570532,4225.75885686019,4232.531709973155,4252.582774325705,4262.439206885236,4245.048549254154,4229.470208744196,4298.45992408707,4043.7445970122526,4043.3728110310867,4051.3168445346473,4045.0241121151,4052.6514538295573,4133.561311961887,4151.7725169505375,4162.783804111708,4097.288550689914,4102.2295887582595,4133.989445945818,4125.859248388816,4136.719457968965,4188.847584196628,4152.14769456962,4095.002151592974,4083.7382343664876,4136.165611260825,4154.0695204318,4177.502238207477,4056.5168538071894,4077.3290483436463,4055.642025100646,4059.0248897224733,4003.3306388825577,4028.97401986288,4045.123865824462,4042.012898154492,4108.143241137615,4124.674863565711,4114.791405997408,4151.625909738618,4185.814598573496,4216.587896223654,4223.005292267097,4110.027868874296,4078.7752384403207,4103.320822227594,4108.487675826171,4046.4913274855476,4105.171412613137,4172.234915490561,4086.924180556564,4017.2950255244737,4023.744832019379,4045.8725753683057,4085.5558846001877,4117.039689430177,4089.1741491233884,4107.913539131819,4106.45331283326,4085.764704336071,4078.514438184325,3997.2067430650686,3996.1862605620818,4026.825894371663,3888.8652816518015,3880.0224658878165,3904.0544958260916,3919.7733577199874,3941.0287037084295,3975.4287553509666,3960.3122549160767,3951.500050953581,3924.183272366819,3935.6349991473753,3939.827635722202,3845.4587585335908,3859.4719686082626,3833.308229127624,3846.9496396139198,3856.121923240481,3790.8772839477087,3834.218364392651,3913.0289191050997,3901.5119612764684,3911.550889508941,3887.533712563222,3887.439289638954,3903.456892385694,3865.009340225176,3875.551433091514,3913.304724812111,3880.4855833628835,3917.1434880771535,3905.2940977616545,3883.0002007264047
1,c456eb612fc2008dd496808b0d7f793eeacd51557eefc23200682f2d3b5f0e1b,9000,8088,150,true,false,true,"""SVD""",1e-12,Simulations.PCA_rank.eigenvector_pca.fit_pca_loadings_svd,97,9909.888841062308,9769.811191605295,9527.312456135878,9153.348607969176,7116.565340415299,6292.218918254824,6246.684608735137,6228.851310206809,6222.080637059597,6242.820707535401,6267.746655041608,5980.631961484158,5992.09492999761,5768.277159205976,5714.6705504940155,5717.67604743655,5804.837779598952,5689.266261420599,5037.532249734202,4993.040850688747,4969.232781285579,4967.111820277504,4956.701994212075,4990.657506442577,5008.92449848934,5011.847664720965,5069.9375697233545,5129.6080130283035,5121.766290521916,4970.327494723224,4568.01224488661,4523.865583257134,4397.70767224719,4370.489938142462,4353.761230771001,4318.071975875397,4263.379198747736,4269.244387741181,4295.621930993111,4384.956553556325,4252.751239836582,4201.226359464952,4176.669144755722,4087.813003848607,4079.4638765336376,4255.394496468659,4217.718036017322,4125.261966134389,4062.626011313437,4046.445718399488,3964.3702894951452,3966.463459534635,3938.043619216387,3958.865551681645,3947.564321005683,3853.0825355249494,3761.953453408463,3807.870408186667,3798.165124543869,3802.6300637054915,3810.761621818078,3803.418772290945,3777.4682302180504,3861.759795042135,3898.7922587304565,3906.268210817364,3847.6485103168407,3813.6695603591825,3878.870704640411,3907.534083320111,3909.138965737841,3926.856029259233,3940.276761618589,3943.7628783889204,3767.313316221672,3768.6316174392396,3731.9818882197887,3650.9205032906625,3624.9251488044297,3504.859432368141,3499.9411249204186,3520.865091555645,3529.34788407428,3497.245031984921,3513.3984589509564,3505.7281320553166,3490.940997898291,3501.4291180087553,3507.0687082367353,3496.102898901612,3521.6534220184712,3497.875884850803,3506.311531862,3415.405053174461,3431.116737816667,3472.540283460005,3541.7695903432486,3553.7544333708793,3574.8585105655025,3615.999080563002,3535.0634761054803,3547.4562210440577,3469.488594611094,3484.509524382755,3499.95342205064,3484.1712666888593,3494.1444333732125,3499.5171125461175,3507.03676455615,3525.9256718333518,3508.969428160109,3551.0785159156408,3524.3700341132726,3547.0417314341453,3533.6568218813914,3479.3132593047353,3395.395649546205,3397.668456280909,3404.2439984051093,3412.2816544327275,3367.116586401313,3337.5694461481694,3338.893566315656,3329.0346736028864,3357.1290433440995,3321.894985391875,3330.477159811471,3323.9486818480145,3322.5316977397874,3325.282783259431,3335.6347208723,3345.177032328202,3306.869150095936,3314.345914151361,3329.171192405063,3226.638372513701,3233.5293796390056,3253.7742225883144,3252.3377675325437,3227.482683029152,3193.512657825635,3200.45138144367,3212.8784317804,3229.7033639099272,3236.236117928549,3267.4629898811427,3282.570850354784,3343.8109867609883,3315.3331394686697,3325.043732953935,3235.2527112979874
1,c456eb612fc2008dd496808b0d7f793eeacd51557eefc23200682f2d3b5f0e1b,9000,8088,150,true,false,true,"""SVD""",1e-12,Simulations.PCA_rank.eigenvector_pca.fit_pca_loadings_svd,98,11455.664061579575,11476.121418420069,10091.726530095122,9901.77817118631,7773.763060230729,7772.887375504113,7705.455752285582,7720.035972757503,7690.3041032259825,7597.670000053449,7110.91848256315,7113.632826947533,6900.638748529762,6693.622056975317,6574.945857064792,6572.861479474622,6584.498371768241,6250.164726615282,6139.08140642471,6163.380562310089,6124.210326785569,5623.9932103209985,5619.220985251958,5542.183678015522,5508.37787960504,5500.821205219598,5475.229376069835,5425.797583118506,5434.839554146829,5396.524390526087,5415.3038078876225,5393.950462736876,5391.035394548731,5408.310978785147,5424.625640584548,5416.628939929152,5427.394676812705,5432.419173675927,5538.85861762713,5475.973227282585,5470.001643342933,5469.7050205605565,5476.126144403518,5434.975053134227,5421.168302824065,5049.694761121805,5028.749116240105,5038.295467557069,5076.851681174474,5084.230822822425,4822.550093121691,4817.519769608561,4715.604385174373,4701.323292756307,4672.135852858359,4668.021668158372,4688.664774538929,4615.313224550299,4619.644996039528,4558.133329272608,4562.031376128086,4476.12971794774,4466.410043905443,4480.871612373071,4457.906295440408,4453.212328753355,4437.104538052586,4452.804636052646,4396.168742413533,4366.09803345412,4371.288970016637,4364.747506581719,4368.590944013598,4353.888742779297,4363.24778194825,4359.610118467474,4364.906419528776,4294.285348731517,4276.604289284995,4282.709391217919,4284.251001471716,4289.6760753263825,4282.240769400179,4206.750209866137,4213.971765621621,4217.403680512249,4204.326784297296,4198.4376051880945,4199.211580895275,4151.473228211983,4153.799608607944,4150.723544621932,4179.29386735707,4131.987929910013,4080.406575439324,4103.506525191967,4119.763942715533,4166.304749952612,4159.474625623239,4056.8908646972386,4086.382477809324,4099.537497820966,4011.0526412696204,3989.1830765071036,3998.0481959176236,4013.9702563153874,4022.4046381636285,4003.6531209497653,4006.345982970568,3975.2810038692087,3955.9131356001176,3962.5575584526646,3955.757222994638,3983.264448483119,3992.733712650458,3997.4204185708827,4014.6504776554825,4036.5437913900328,4042.770455499394,4042.096253971881,4059.735868673837,4093.892597224148,4108.664444717649,4110.402331966937,4151.188563523583,4036.2668081762295,3966.3334269164034,3985.547036080557,3995.74800811044,3902.797666382194,3889.353145648217,3887.305539998817,3898.6321209337916,3910.6089552053013,3907.162631492292,3917.9237646620913,3917.037602354674,3927.3187899825666,3944.4353315249855,3928.5871787202123,3875.024886022262,3934.168260448269,3957.057526982876,3925.0385240133546,3899.972805896098,3865.260557641739,3879.9221437761366,3833.7124650802866,3784.332462580175,3785.161046630859,3873.8328840341096
1,c456eb612fc2008dd496808b0d7f793eeacd51557eefc23200682f2d3b5f0e1b,9000,8088,150,true,false,true,"""SVD""",1e-12,Simulations.PCA_rank.eigenvector_pca.fit_pca_loadings_svd,99,7594.645990997253,7266.963184054875,5925.349300547026,5852.66091402679,5851.267922819264,5842.817512370351,5779.6661860342465,5788.491611630504,5800.100090700839,5810.828805683542,5800.307290441004,5817.181325375256,5780.569840725295,5592.589711742705,5590.931609106083,5569.57196421732,5443.857789907747,5319.607374687995,5291.897993535939,5212.047919298589,5161.070750937167,5137.000127449268,5116.406901916334,5118.2265456415835,5119.492031185095,5125.977536354642,5142.2468607037035,4942.0227771252685,4896.900941941333,4865.382246803613,4828.9142237111255,4793.692226056437,4746.15489718952,4678.005610551198,4629.553956192403,4620.100073427344,4617.327642490554,4513.163733222199,4513.917378086037,4527.5406141076855,4495.192592304362,4500.341927912312,4497.312979237631,4415.842285763117,4420.579608173836,4434.637941313751,4447.885475582505,4447.897856971716,4464.28983166529,4471.775703432102,4484.879791417685,4472.164252183287,4479.421910832076,4355.120251852132,4263.260262098937,4249.915261859826,4253.2541359578545,4278.568027962251,4267.635371725354,4267.3287895364865,4264.481037932552,4277.432115170899,4179.849398105305,4168.06135009844,4176.286036307859,4177.895864956929,4155.8809561307535,4092.0882380171556,4056.850973313883,4024.03293251883,4023.0210806162713,4017.044473912712,3996.418158266817,4004.2059194151443,3993.8387966397095,4042.353074327935,4049.2917350931766,4110.60440969787,4134.980823407554,4065.169411358055,4032.108415227038,3955.899621293755,3964.74590480844,3934.991013820166,3948.676199977253,3938.918552794318,3943.324050267394,3933.077548079438,3933.119880873195,3929.0568448408635,3940.066181927315,3935.0377227796216,3920.892328628836,3879.211674181484,3887.3720521870728,3804.0203413797108,3808.453938738801,3810.5907831312047,3841.544021646134,3853.09779770659,3883.1311538519712,3851.776641018629,3853.7777365486395,3861.5180898323815,3867.617013172555,3879.6585484382463,3902.915102744924,3908.754716286799,3926.299322642879,3939.2656565406014,3939.629917787529,3942.720609866515,3948.0874065216285,3964.63599490952,3929.2526906871462,3847.297268339923,3723.720731568222,3730.2588840686385,3736.8234902892846,3719.0654846022553,3720.203965437206,3744.012985867154,3755.071783679386,3724.8443513095667,3791.734240953752,3768.458918164721,3748.085334390149,3781.7003555140304,3786.299812100427,3737.9342774305496,3738.5816934681566,3746.2295776459982,3739.3623141606167,3751.612722162602,3764.018528979643,3793.7895610423857,3793.6099030609075,3797.19351365606,3779.0668215235814,3794.6302105325003,3727.8414557216965,3740.2654428339024,3721.9492890623396,3717.6891546938614,3724.066015455977,3745.425700573413,3744.007553148371,3763.020651019935,3766.4847775727076,3767.7051568322177,3755.413411641803
1,c456eb612fc2008dd496808b0d7f793eeacd51557eefc23200682f2d3b5f0e1b,9000,8088,150,true,false,true,"""SVD""",1e-12,Simulations.PCA_rank.eigenvector_pca.fit_pca_loadings_svd,100,10246.424624895659,9962.226678470053,9449.950540385995,9444.622954638166,8745.78173167047,8331.822495188884,8310.20947578284,8277.043139654821,7884.292155963361,7854.98451150115,7910.924671107354,7954.318046116179,7871.042729231969,8009.049385268644,8050.962582804407,8064.988664049572,7814.924149425325,7894.178091691784,8101.073761026879,7462.776541984759,7480.120577760129,7432.662832434757,7442.775118030576,7027.750794990336,7093.697856556999,7156.240867367098,7172.184332194568,6783.284083882939,6836.123172874275,7043.3101108335195,7091.111907108784,6955.976756599249,6852.2112684165395,6892.98222867932,6994.893312966144,7014.443162537575,7022.753787306951,7030.738612788849,6352.2657677758925,6374.2549806721145,6278.16554648005,6402.224969726175,6436.112979804527,6435.472002609856,6127.270067739313,5827.261808142514,5461.502888276606,5476.023713391236,5182.017020864691,5190.870241119845,5140.778288892949,5125.77589257998,5128.725591944063,5108.358906493776,5097.424978899414,5015.964925366253,4873.587060629189,4882.846366520308,4813.17952803198,4811.515277954026,4818.878415173047,4813.170060321286,4780.499173950705,4764.806418846802,4753.153807643786,4752.284588734674,4597.987604106058,4600.0239213225095,4601.430580178174,4596.187368848238,4593.705270502897,4595.818152389039,4600.533441535689,4626.014378381832,4650.258975553138,4659.562845082679,4657.814560072796,4600.363166025592,4602.775814610012,4672.999034010896,4693.295312032559,4699.052771457157,4709.339704175127,4736.978085437807,4705.033136849289,4755.177266623189,4718.980437252548,4673.105922025382,4670.167894923284,4711.056770367207,4363.161305515029,4254.9947678000535,4267.392719788965,4281.131480385442,4251.906537380593,4255.830744104828,4235.2927986281575,4248.410625225607,4254.727683606573,4246.8995466630295,4274.808948559198,4291.88658053907,4287.0162120995865,4280.005144244856,4274.916906208019,4214.1101375083545,4226.599198633667,4251.525518271645,4286.716639812876,4331.677187120534,4348.8360895080605,4347.055989037456,4344.728975974873,4352.133821563559,4329.743767534588,4337.82602912722,4377.3391929825675,4387.50999640606,4257.1950152255195,4227.293856453368,4235.011821725033,4204.096668007048,4225.668737583429,4199.647010730104,4193.040783749253,4181.788638457233,4193.994109398932,4239.465963979531,4232.275315134992,4225.415257051782,4229.321750536105,4224.320783442586,4280.158435083573,4281.756020932387,4300.641907147295,4173.215936420585,4268.809659181032,4361.622796963704,4377.706940487371,4396.648499509502,4416.233777036064,4273.449611933549,4298.744141127029,4306.319710187059,4315.218511063005,4310.593250310985,4231.27117276614,4257.489827631284,4282.624300367026,4294.077114034429,4192.339844404369
1,c456eb612fc2008dd496808b0d7f793eeacd51557eefc23200682f2d3b5f0e1b,9000,8088,150,true,false,true,"""SVD""",1e-12,Simulations.PCA_rank.eigenvector_pca.fit_pca_loadings_svd,101,13956.014423057704,10460.759506913315,9906.739941594238,7854.912528198968,7539.186496287024,7505.966512337759,6322.628046960516,6231.024031823647,6266.228389820807,6254.127780500179,6045.902134099841,6059.486504798079,6063.090833091405,6052.47116629671,5988.77251792343,5935.286997803701,6016.6770834922545,6012.208421493632,6010.424295759283,6038.97712877808,6044.313899268127,5885.064764259201,5859.377808725477,5612.223705969142,5536.399582009414,5428.238780157741,5338.0613235804385,5362.5703727683895,5250.537281112384,5297.941901718738,5314.759073046824,5292.4719343743445,5006.583067642968,5012.133237724825,4840.410164719271,4796.271127212376,4795.357248842503,4799.773043332218,4891.213910561765,4902.744296855431,4938.267013807758,4878.832580213247,4858.761287307409,4823.650008580747,4769.476138327301,4777.061687269773,4893.592226843758,4830.45272323916,4864.9729080566185,4779.377443188616,4819.090974615049,4831.466686616951,4827.76322877762,4692.429127710195,4717.335228047859,4723.973434904863,4688.043869901624,4775.315237340672,4779.808802295322,4656.479800304376,4658.919300963925,4641.393246450832,4604.298718963524,4620.737894742283,4619.3148986092665,4603.875707117408,4619.023064110373,4562.096305430689,4549.139250928369,4547.196827076046,4563.692676121206,4560.641883688331,4594.317161231143,4597.876220265017,4585.601304671793,4617.914614286888,4708.779140230417,4539.531071512782,4524.30537881629,4567.965683409927,4590.705746389296,4678.434455947999,4660.344851193737,4526.538779285258,4524.183965411424,4554.98104811862,4577.855838980895,4657.31301345018,4720.391640682942,4508.177997591296,4472.132595969208,4487.397132098143,4474.78547266798,4495.018328902441,4435.151612027384,4087.3725068048307,4050.1504343824367,4022.6623730832885,4044.9177625890193,3943.683715306313,3944.1169946814425,3953.2886889171655,3943.6380064659375,3862.5584801662067,3846.1002551861757,3850.335153453636,3827.7356142617055,3837.1771035295264,3768.1708203320773,3780.5656314950093,3766.2802227796365,3767.0352507978364,3771.9831362592045,3782.6395762578263,3760.2858841488746,3763.58269493803,3750.2848307499676,3760.0304523288164,3752.747936873903,3731.8397275930693,3730.147297650041,3759.3073908150895,3773.297958069912,3769.2728550547627,3756.6101172233643,3719.2329276322885,3715.3285093863356,3702.2924495020266,3711.2887359133842,3715.981852887001,3725.012981090142,3724.539539988277,3682.5361492737225,3693.243702537645,3714.664240320151,3649.1478291301073,3650.4637098413023,3652.1335444541546,3596.7908496962527,3603.8398514819833,3604.3083409881087,3643.552845882663,3576.2786003295673,3584.0772739003414,3563.337986894122,3583.062682871411,3580.9138026420346,3565.3606153855453,3598.255355160687,3621.684993874477,3667.9624024546783
1,c456eb612fc2008dd496808b0d7f793eeacd51557eefc23200682f2d3b5f0e1b,9000,8088,150,true,false,true,"""SVD""",1e-12,Simulations.PCA_rank.eigenvector_pca.fit_pca_loadings_svd,102,11543.201221842277,11480.49759333739,9318.350581946557,8205.629256200406,8092.77006739353,8077.970742334556,8044.931984037611,8002.114406537722,7618.652801785135,7397.386668044478,7091.722303807022,6457.509998703857,6429.266818327096,6567.104197472094,6615.149025643321,6528.297408487556,6454.646404363631,6500.089513932822,6222.438066729775,6118.346735641459,5962.254289274256,5944.312752834495,5948.979942597648,5842.831523641731,5695.4943957070855,5657.57606920855,5271.923633507584,5244.762448107577,5254.671574104633,5278.969497559959,5176.469774661628,5124.330668959287,5087.258641945925,5095.368902567331,5103.015627451353,5050.242154970648,5049.202262897633,5010.015483114601,4986.563307832887,4991.193926698547,4993.133475442346,4981.10997116299,4949.025624649314,4892.635409395137,4899.892182475285,4669.802157096595,4677.879406416055,4684.704108402283,4728.413637302139,4742.823424021925,4724.228567006164,4622.707430316038,4615.252262594934,4618.981054293391,4628.287852523403,4611.685889582373,4637.693451371222,4783.534807176655,4718.836852957735,4722.441021135984,4728.829678652988,4687.540565074841,4630.695176476378,4467.748130827465,4514.5017486095,4495.760634581516,4498.720748255248,4167.411673549038,4181.193873884704,4216.290996396389,4178.637398698668,4185.45115453763,4171.370294887903,4163.534922832369,4124.669232734945,4158.758724201881,4163.036398218397,4094.584509710796,4104.670063292545,4025.8552787961717,4027.931300226437,4030.6305450988225,4038.7147101781184,4073.6349152672337,4088.9506474411583,4045.3741351764447,4051.13833488059,4051.0173925608383,4058.113661399178,3994.562048762157,3990.3362225879027,3999.168795089237,3969.7676171375047,3979.5563813769636,4007.8314694342384,3990.2489825810358,4006.136728857819,3920.483695584941,3842.54301438807,3882.962685228833,3883.584367336417,3891.9766281641887,3893.501825539075,3891.6778035568996,3890.2977412179134,3882.4763116642353,3866.0812697845795,3878.0733308136914,3878.1470570882893,3865.40568695576,3829.4224818858343,3776.2463464081416,3806.8461125614967,3815.9845213208528,3796.890830162898,3795.7494760434383,3822.8385405740914,3826.315629517618,3843.629231634289,3845.437743932312,3822.3391505083923,3786.3382936434273,3797.719496043295,3790.4135729032114,3796.2332474812365,3807.7603577361665,3843.3756867959046,3795.048881274189,3710.8521987527197,3696.7612173767657,3698.3908963958474,3646.4227352972653,3651.814373025158,3638.5069031025037,3648.9373293976328,3556.0102409386686,3551.9739304576306,3545.9795271875832,3536.933076512523,3536.3258482457495,3530.6118933421712,3532.7770894340074,3544.461768805426,3518.386664389381,3525.983273235148,3487.1721359266344,3434.710580081338,3469.0669664380925,3476.3071496267858,3491.2440601334247,3502.7171378846974
1,c456eb612fc2008dd496808b0d7f793eeacd51557eefc23200682f2d3b5f0e1b,9000,8088,150,true,false,true,"""SVD""",1e-12,Simulations.PCA_rank.eigenvector_pca.fit_pca_loadings_svd,103,12375.558420985373,10805.451849224968,10146.131451128998,8873.989846825167,8659.714639160753,8267.93970541766,8140.606708858359,7751.956680024965,7662.337935055709,7220.937253389497,7223.577937233086,6900.000250624603,6916.998610314676,6958.252114681894,6992.009091365519,6915.615741840129,6313.181699872517,6338.717438146725,6326.678420471162,5913.3833525046375,5868.030167891016,5855.089401795998,5837.900113463584,5721.408655582346,5729.91344232586,5634.540945632367,5642.063417044457,5625.288058213946,5583.488977687569,5589.615767915795,5592.6601277712,5585.526520672744,5581.866871426446,5598.323635425538,5504.830447940179,5489.533905006257,5489.230833297669,5235.860115205038,5367.564680975895,5414.901941931561,5445.892974259183,5286.307124612733,5290.848271711981,5287.762209981514,5190.230881122872,5085.330537226485,5126.876427915189,5132.556168229629,5224.731317238968,5220.763910567874,5228.961728329318,5200.580463725744,5169.5639273362,5187.561168259175,5176.091679370721,5064.009713007451,5024.016497175704,4929.548694349653,4731.23653546451,4735.9416334198,4740.5233078283345,4747.254973413414,4468.965054250695,4477.484664387558,4470.8754821114035,4474.713660960358,4480.5816737340465,4446.652953359633,4413.046613651329,4403.095411878208,4406.535659165615,4418.886563158325,4432.397692763086,4397.298477408595,4403.833563385247,4357.895783400474,4346.02849207246,4359.474454470868,4370.144250562038,4346.147888161379,4353.622342368581,4362.34154780865,4302.652883336865,4312.394700994167,4310.574140784409,4305.324919238662,4287.368819723018,4295.205774690681,4296.407232921748,4289.426880074575,4298.307368457105,4307.986235892942,4314.690862073554,4327.932446908215,4320.553838568473,4293.857555275197,4288.742236202762,4270.4225509399375,4281.934733679644,4327.1920593927025,4271.3954592504115,4280.5438747930075,4292.145339581311,4289.547978828233,4291.57267358245,4309.65703314953,4319.155790870772,4306.838879225412,4246.352682398816,4255.919232058326,4236.729384932305,4219.794285704765,4214.996938692226,4224.456781065538,4220.730236233154,4205.99598115095,4220.51378482759,4243.459073393728,4244.878703013848,4223.195005998265,4219.122303621946,4211.275116221179,4211.398986819433,4232.224005491071,4256.590550811808,4272.614291221405,4284.162633525581,4308.66115858276,4232.221280989052,4175.509319872219,4193.571657010458,4224.16870336418,4235.18743943246,4245.456950650645,4262.622794292478,4288.223319524137,4315.72562569597,4367.076640426767,4326.38816947534,4338.7069866637885,4347.535679821415,4337.57528451067,4399.035016417145,4446.485998253401,4469.852704447114,4320.741639858583,4346.304769964059,4357.168074505727,4237.557188849398,4177.0464337069025,4250.682953143494
1,c456eb612fc2008dd496808b0d7f793eeacd51557eefc23200682f2d3b5f0e1b,9000,8088,150,true,false,true,"""SVD""",1e-12,Simulations.PCA_rank.eigenvector_pca.fit_pca_loadings_svd,104,14339.413473444403,13701.631244136373,8342.550719437148,8268.537293737796,8068.142387767483,7284.642179787979,7264.414736741723,6675.697272148764,6642.670109009816,6615.250124960663,6671.856284339663,5774.865620083528,5736.010386819413,5816.170021723492,5821.70281874927,5823.40124236954,5851.273373737187,5458.919861789997,5355.562212288385,5271.455886252768,5187.548373445032,5197.945008661094,5102.450395055426,4985.38551760723,4950.898186884336,4959.29071013279,5006.755861633399,5120.51918957033,5130.751830083025,5187.287189587941,5186.153545877076,5176.63818462891,5077.260892085867,5031.424402327524,5045.356330257324,4979.897450701882,4929.619295934309,4940.3662318195575,4739.24283114247,4737.483401121716,4735.338782264318,4661.25012246501,4655.276538855904,4664.742823277369,4661.597057668036,4573.812725125025,4595.807189071916,4600.539880007853,4621.476834689941,4627.888654044756,4596.751109505712,4613.8182220785675,4553.852652353703,4527.354653425961,4505.320980780364,4379.349387907904,4403.119763223174,4416.204453925618,4415.820839166553,4315.676812409497,4325.841705897513,4346.157456640802,4313.15777207709,4340.003647095476,4378.119187729913,4381.951395548104,4360.3745928973085,4455.465254906644,4199.287286033672,4183.420864301446,4185.483683393906,4188.084660891669,4171.84491798333,4192.832604821259,4197.034752721315,4213.837631331168,4187.823724204693,4199.368950418928,4193.086489615446,4207.0540354392515,4230.252902269547,4204.181568698786,4212.9238432530265,3988.896081748864,3962.2182204393994,3905.4807828365892,3918.431156876279,3845.283842519183,3859.6513704650306,3886.2850512897867,3783.1482474079385,3797.0489611749877,3825.0960360361946,3832.7023948982123,3841.2798799813663,3896.819342002889,3937.393907951951,3927.6498528494226,3936.5505496092596,3901.2351770204064,3841.9642426634096,3836.3389090266637,3843.324064345114,3820.8148243649266,3817.6980506943564,3820.046589194958,3825.044656306273,3855.0909079850994,3888.4427537727142,3922.971011780605,4009.4252766711306,4035.2918304205477,4045.1427236706145,4046.3419553481876,4049.163043190777,4057.544054135422,4069.088321193116,4109.767229610381,4078.285139667804,4098.914111984542,4060.4283799879104,4045.3509360859643,4063.670012864661,4007.629687825588,4013.3415904401054,3998.558348057887,4016.4679207217814,4014.552803991323,4007.0113865469043,4019.207591487305,4082.434660945197,4159.731936164635,4203.666489232002,4210.359352838735,4212.629604404731,4182.728189078746,4180.5101793140275,4177.406972779201,4187.980546183582,4189.12662204307,4228.2605371995605,4294.761199272844,4275.191342881454,4424.452252858463,4321.695768011286,4322.73070487263,4364.486455639914,4417.986698308328,4412.713536168461,4398.998340853767,4100.367794480606
1,c456eb612fc2008dd496808b0d7f793eeacd51557eefc23200682f2d3b5f0e1b,9000,8088,150,true,false,true,"""SVD""",1e-12,Simulations.PCA_rank.eigenvector_pca.fit_pca_loadings_svd,105,10841.709259456238,7619.623116256903,7619.872677469216,7616.084097097714,6764.777968385056,6570.450381887811,6511.244705377716,6249.6859974347835,6131.875596864848,5883.629570503674,5874.719948942531,5883.2879159038675,5888.573800101708,5807.9994679641495,5464.003839992674,5352.449167831998,5296.3628744125745,5069.579375400297,4663.304780846852,4636.736418991901,4625.114681538894,4552.877060494007,4497.165751605389,4522.164178275214,4515.754520431815,4526.91233267453,4465.097982716703,4508.085921620838,4357.940636712868,4435.540174171096,4416.576648954751,4393.951781628017,4130.5013589287155,4111.079405331806,3975.1010233162833,3914.2874239253683,3927.251164320946,3923.481490377307,3942.441222822878,3906.9690029232524,3834.816151913646,3788.9786095515806,3769.226901789824,3744.2327776998245,3642.057092788626,3598.5554589700255,3591.3243080753628,3583.1961100830704,3608.0214192615913,3613.215461605936,3622.7545365775386,3629.2068240944363,3629.1087621931,3627.8486926768296,3630.341344198343,3572.7528130615337,3592.267114767558,3592.782243164368,3602.496113706961,3627.292469646546,3628.7220511209102,3587.4275599215025,3570.8907976514424,3597.4110613369166,3596.4074769587896,3597.5302958565194,3603.825738023324,3602.5714196253084,3584.407251247344,3622.3418275398535,3627.8701076392326,3617.8588714114117,3549.561898396179,3570.0052744815425,3527.4975666798405,3452.0138963824897,3438.3115772949855,3364.049182535624,3369.7915749949916,3371.637934127348,3353.9787839389132,3328.943460939089,3261.7693726157013,3278.564603518675,3322.1405139447315,3318.317848092557,3325.689462268988,3320.020938520083,3327.4640332294966,3216.8080056188214,3218.408730970907,3223.976880955208,3243.3696197413587,3261.7375221951106,3266.1133657092582,3205.0750804803915,3212.575035454157,3219.7017333343492,3255.78511626826,3313.106722061762,3320.354201773173,3291.9495240718056,3277.3094654803235,3285.004276049673,3302.0851842061015,3287.9091526406983,3307.1870545579154,3338.3421147180816,3342.0409835964247,3360.2458390087163,3367.8262960452385,3416.8995965966105,3345.953939083743,3356.2745952578684,3350.3626168328797,3376.530156841202,3364.3474409024134,3361.5802381960143,3364.316439099755,3363.7253048658567,3296.278881479051,3258.0301339919074,3200.9481984132585,3205.8716543964397,3212.9098953716843,3213.8780684711624,3239.8677350541507,3169.828062211782,3173.5191863861323,3157.733196973893,3157.086073273467,3158.651948933191,3161.804649517567,3175.057287356953,3183.0992563763643,3241.5259161595977,3226.644285629533,3233.3085932051513,3237.43683937604,3246.6429779140803,3270.836312688513,3260.6232973881843,3267.043660395237,3250.2597129408764,3186.875687633087,3247.4678444298074,3240.989324284645,3299.395435786112,3312.6910473034854,3323.6848141772584,3235.6148213939186
1,c456eb612fc2008dd496808b0d7f793eeacd51557eefc23200682f2d3b5f0e1b,9000,8088,150,true,false,true,"""SVD""",1e-12,Simulations.PCA_rank.eigenvector_pca.fit_pca_loadings_svd,106,12632.02112364419,10969.45651622835,10134.730374692037,10055.945586517711,8418.773019905668,8389.714823895953,7963.892162406052,7967.928231621707,7972.036896130591,7837.916146943904,7687.214938998132,7610.601406769584,7022.248179956833,7016.3751398407585,7023.898086831498,6786.773922847201,6788.769369574944,6799.073816003244,6772.924548086635,6793.91991007842,6799.45243831043,6808.7891856970045,6817.182779221835,6789.304998681506,6787.1603150461815,6623.725069329821,6650.481417287807,6731.886045740429,6781.792199811442,6796.115511640486,6815.417784447483,6751.299339293799,6503.0747882685055,6484.894522859264,6385.901702908006,6408.8002625620675,6444.470711061344,6447.671162359892,6531.945261084421,6290.923645296886,6299.7792811997815,6237.793646517611,6061.401286647551,5897.550571763826,5909.804380207226,5825.957004564926,5839.6656402840945,5693.8088367735845,5722.554588991748,5702.703906388525,5603.765315896116,5588.112904837351,5598.686744938298,5610.31611704254,5587.042241080616,5612.898142428467,5581.52942313704,5636.725787483557,5580.461232540733,5583.300473607666,5593.124880074375,5596.639889919259,5577.92580594723,5489.36844922112,5466.140040046016,5375.869978924879,5381.2030043427585,5393.285424447701,5404.56865282501,5445.378775283853,5394.91433461788,5417.009998757715,5465.784904281405,5450.735892540455,5441.457774125958,5465.008663065345,5497.230237334698,5741.919008800327,5811.1200832808245,6002.654168361464,6024.083960084734,6034.4680109253495,5986.338874221739,5807.871737662103,5559.324867244281,5569.667606688491,5585.558380390914,5540.425212349968,5502.577830153289,5548.460693114456,5536.15562119277,5551.561383521388,5576.638661603307,5423.204986676034,5424.332242394277,5029.975279591121,4754.865721539129,4713.617042952355,4727.695673073963,4737.188763566043,4747.338927394321,4778.482619230863,4786.952803008579,4780.263873482974,4749.943276135048,4727.902399261117,4739.75463658219,4731.332451525998,4738.536295661771,4742.556145813189,4743.451559958147,4809.313708893532,4833.8840895299145,4877.711928735636,4892.676709581301,4907.820130848183,4996.793466129758,4979.545211378837,4608.97786882155,4559.62136746972,4331.996644378678,4334.362918658909,4316.732533791202,4322.462611431878,4388.3880516308855,4301.966392998735,4270.719271321133,4260.693867233823,4265.876193085185,4195.165473328488,4114.4886518532,4112.388987348082,4101.002637114881,4088.893220369618,4114.164062069187,4130.706660015427,4065.039719044709,4055.08250590959,4043.755546538766,4032.9752117098906,4033.9031101442374,4000.967774075861,4006.6223949803057,4016.764954010101,4032.1158062888344,4044.072761758691,4061.5158878833136,4100.103732805663,4109.854770347687,4113.352483588112,4112.235636952764
1,c456eb612fc2008dd496808b0d7f793eeacd51557eefc23200682f2d3b5f0e1b,9000,8088,150,true,false,true,"""SVD""",1e-12,Simulations.PCA_rank.eigenvector_pca.fit_pca_loadings_svd,107,10398.450130066987,10386.152545609215,7887.498591629226,7824.4781397127745,7676.420812589379,7559.176875280174,7546.7892881467415,7519.597719469713,7465.635890716583,7322.4808414409135,7330.311015365335,7160.195188741707,7167.412959714749,7070.384915647369,7058.669249943723,6927.235441358702,6858.129572247417,6861.919772779699,6838.8537248489565,6804.216553724459,6775.485400862998,6795.260880415809,6766.951921357019,6768.82302602727,6783.86838727276,6784.411358356896,6545.1298235128625,6295.733108167175,6166.2734646635945,6105.170064028588,6104.974817747925,6109.908487333404,5970.707342767346,5891.418508251163,5875.826215237499,5857.786862735415,5860.650600641564,5657.5592765017545,5601.367506304016,5599.153377696368,5592.646891306636,5619.782714770778,5376.188100066281,5305.576391820648,5283.028255699286,5309.380343914496,5352.120845210184,5366.376819731559,5315.598950089303,5300.121655131065,5312.990066988839,5285.598622773721,5275.517990984995,5281.1072454152045,5297.551377741353,5331.951000952335,5353.174795812957,5230.661514653076,5243.436501329773,5204.481551223543,5185.5423159874035,5181.079606915759,5146.297580660407,5072.751392528728,5101.895554081356,5082.861695013601,5023.319310039864,5167.995493143792,5267.654955171336,5171.6570281247,5182.201438326582,5126.346434011196,5088.158236653957,5102.5391188129,5048.60164379618,4959.339279832547,4944.0031565382,4892.805893655512,4888.943653145253,4671.072352935014,4677.365379194171,4678.984826823517,4690.755157284814,4645.569533319838,4649.0756800789795,4637.993650402765,4650.436427913636,4513.215120271523,4498.184438736932,4515.551699007101,4495.058757432509,4511.212647269956,4518.98139938925,4543.178489652944,4395.937388482792,4423.693122602191,4416.004500765064,4428.763722937133,4368.426728626276,4402.75077230736,4397.2230457438445,4409.000284755707,4361.2491486527615,4298.321326468124,4309.3338931803555,4236.627242846191,4220.252719662312,4214.064360894792,4162.710188823766,4181.368227250016,4172.7607651832595,4198.222883692401,4215.413174356716,4186.272272544708,4194.1693902507595,4206.496732654181,4224.989741677934,4241.410132175081,4262.849261219744,4260.543932733881,4258.705074700319,4242.753646653928,4251.304859873052,4263.4894081767225,4237.111090216594,4194.018769756049,4191.704804337526,4197.942796230313,4205.107430386314,4196.124835172233,4201.7160239010145,4226.51644692445,4166.4273994951245,4158.839053856411,4170.504880572627,4277.488793511318,4297.8158611494655,4309.961343764827,4317.2636186555565,4331.033116830715,4342.053389656057,4365.546783779678,4392.883334611201,4425.7662983760165,4478.526411755185,4455.61425501153,4480.048026883776,4496.349373049266,4548.439556621011,4564.602984680993,4566.6138541933415
1,c456eb612fc2008dd496808b0d7f793eeacd51557eefc23200682f2d3b5f0e1b,9000,8088,150,true,false,true,"""SVD""",1e-12,Simulations.PCA_rank.eigenvector_pca.fit_pca_loadings_svd,108,8786.52023270089,7799.498751633858,7746.748327064455,7389.294542374215,7155.44484509191,6554.10841791131,6451.419434419782,6438.217070107622,6149.488044729595,5696.6805500063865,5312.8697324372915,5216.2093368970845,5031.755865332722,5017.054988384318,4942.298513233073,4862.273976211966,4864.012698778758,4682.048307459968,4686.56689514146,4689.267121428261,4500.294653670347,4503.606633468805,4502.186549820769,4377.518940295137,4357.9283944680365,4223.594049960538,4228.370331743426,4226.824906635727,4234.866963829499,4282.118180320022,4278.0478797584055,4091.418121214715,4095.3255780853656,4064.53910185007,4065.1843399186046,4069.5570384294538,4075.3917330531353,4077.4455504170014,3970.4365300823397,3966.1004975791084,3965.3792411419195,3934.9636249971163,3790.5483727708756,3787.075211407841,3769.499012455932,3730.6516889131626,3739.103278322322,3697.2878681828697,3643.8692328499264,3619.7222411421403,3634.3342010025667,3624.59656997031,3611.9864868668506,3622.279363303307,3580.1832753717117,3556.768118780995,3561.6313892471885,3543.1478962176293,3547.8943303015026,3477.5069528321833,3443.8138318043952,3434.526691111808,3434.500197004164,3453.829232708949,3474.898240799374,3478.297894000365,3477.728005886639,3466.179358046133,3447.7302868229935,3457.221456316132,3438.0056773682013,3433.0376581290366,3418.836191800897,3390.1473880703143,3356.5402320368958,3372.830776148474,3354.930342101275,3360.168959159626,3362.946699294092,3392.3221428272213,3398.78213737731,3399.0376906528722,3359.310152556704,3360.6350920246146,3287.88788978975,3296.9323390347026,3299.8775813727366,3315.5564031843724,3322.039081365418,3270.7208882952277,3270.57308870876,3250.885130553672,3256.703001359406,3221.470865157376,3180.9495045066565,3143.076497662676,3150.5480796277575,3126.9198475023536,3124.7911103129995,3123.5483525697314,3138.924654377129,3147.419209511064,3067.8474203745927,3069.9846414719646,3074.0079456146386,3074.8186224391934,3083.203171068644,3084.4914597143857,3039.678903066075,3071.972132492629,3065.7076554659993,3103.7009088363448,3108.351719810401,3114.0762065865415,3064.2188561704984,3076.744788856831,3098.4281394773684,3109.422731978116,3104.420589578553,3113.2400845091306,3059.398691277591,3070.017629999731,3083.0718139309347,3088.587971881615,3072.676472520821,3042.463552863018,3046.958511483722,3040.9743770811356,3053.170166762904,3065.9575828642814,3068.871921970671,3075.7146232540968,3082.222835064855,3034.0407603263675,2992.5529712933944,3004.945480524876,3016.5686319745246,3020.4540347202496,3031.8593846408467,3036.1458815970404,3018.092768745934,3019.6814543925175,3007.6276874991186,2974.4128998397878,2986.712754078887,3010.088685764982,3003.534420642816,3004.8726376569402,3012.7380883153055,3002.7417913255963,3004.3324727251397
1,c456eb612fc2008dd496808b0d7f793eeacd51557eefc23200682f2d3b5f0e1b,9000,8088,150,true,false,true,"""SVD""",1e-12,Simulations.PCA_rank.eigenvector_pca.fit_pca_loadings_svd,109,13216.30379531586,9894.06644123164,8833.24299626326,7824.919513506292,7833.869941650272,7507.113009098386,7043.03815427818,7048.295667419131,7060.821578831351,7081.387204425321,6836.055303873896,6863.643020781603,6633.3832820602975,6639.556440223214,6662.45869562257,6637.378399941145,6478.569471889502,6460.598370007642,6566.083660218342,5859.984061076844,5793.514901692612,5797.090134335824,5713.353932877557,5450.0935964592,5458.263094060484,5398.470217332614,5354.961974500964,5404.347179075569,4979.232625403744,5016.254035038001,5031.355389554774,4967.503065554321,4917.049612264698,4880.579292726627,4885.266962411396,4882.11393816364,4865.56258896129,4852.20522519198,4793.722123762464,4810.716916946163,4839.523981767916,4825.735050302312,4831.294865174769,4768.89687666052,4686.825476258305,4653.921628608723,4684.875811915731,4696.119088928137,4755.483183033149,4742.29443136912,4727.498803067848,4662.197611463801,4525.2230818900025,4531.438324428956,4528.458247973649,4426.714601159542,4467.563185647833,4603.941625550869,4421.5843764003575,4358.871090457582,4346.168635999919,4336.8270709682165,4287.5837763867785,4364.630165893865,4388.644607342306,4374.353809210279,4381.482659197337,4364.155927685503,4292.295512877163,4308.840029550032,4318.479794278749,4334.818539377515,4379.216803835317,4344.306944927367,4319.296474152045,4301.392671229957,4280.017819402501,4241.441163980529,4262.042098737338,4269.6682495642235,4244.579711668029,4272.691472037443,4258.751722955289,4176.247961275404,4184.459276355204,4199.421611096163,4187.05675739038,4046.7437981782864,4082.5173088792626,4059.906429557449,4070.4725566526067,4034.6100863537467,3905.101807323141,3882.2247755177095,3837.0336028794145,3861.071736763631,3882.4498281948368,3888.8292514538152,3916.651116853102,3854.205604953289,3847.231079688969,3832.7508031202015,3839.543514466637,3856.4859907757846,3892.5876987278425,3697.896874865795,3723.3000480702426,3764.557204304075,3774.9148604565826,3797.8348093431614,3792.315588980522,3857.063296893233,3879.2865385496193,3894.744044775218,3950.9712019087815,3914.1789866524964,3836.331660877092,3839.4684488728008,3850.2404971685332,3843.906826522029,3843.7374744253593,3848.687591500734,3888.039755433533,3908.698552228619,3931.724104078393,3968.1672078840243,4010.8077691020435,3921.3976674922333,3891.0049577594755,3833.6609572655266,3834.8687063352736,3849.4215354565836,3853.569737932516,3865.5515448460656,3917.4923560404914,3882.995212217674,3894.5894163987095,3899.554626915264,3893.4363799024813,3859.1126316990158,3812.101100846102,3843.302932715473,3853.75785105122,3872.763793884681,3884.6413868431314,3911.585872612612,3955.3018275586487,3853.187205982811,3875.158903588048,3920.0278559546696,3959.6667994948575
1,c456eb612fc2008dd496808b0d7f793eeacd51557eefc23200682f2d3b5f0e1b,9000,8088,150,true,false,true,"""SVD""",1e-12,Simulations.PCA_rank.eigenvector_pca.fit_pca_loadings_svd,110,12044.073032735141,10094.31874957103,9187.579404133014,8033.297432579911,7618.978100428807,6432.270375427285,6412.732913964193,6384.21527182746,6364.451794505355,6385.259306758017,5790.084131798641,5796.361668645164,5714.185918791006,5737.699251742246,5642.331876638032,5633.342782176117,5637.314119715917,5641.508355154653,5705.242761717189,5466.947600428919,5330.455491886901,5280.61939648873,5264.837944158092,5259.946048569708,5055.435643499839,4891.229936835327,4909.211460502018,4921.736956746947,4850.286047643794,4883.85469821338,4873.236775411563,4862.089594790471,4869.505654864003,4872.281545438159,4875.195494709235,4835.274415106648,4850.639823014156,4853.765396837961,4866.853837206647,4843.498979564953,4804.237735133963,4740.168940772709,4742.026963328612,4751.611882625128,4675.4604205722935,4632.583393461936,4654.824985876338,4645.885396909311,4332.980503841,4298.652635425608,4301.801412997801,4307.876751472828,4308.310508273751,4313.4284105430725,4313.039459382532,4282.206218388927,4334.118100731923,4168.326783272067,4173.740471497815,4142.950411680675,4142.539136521917,4087.098556299772,4026.1649598148706,4030.9321153721507,4028.400909225766,4031.5897493784655,4029.1891309873863,3978.5132579345936,3971.341342495914,3953.8720363893117,3937.0563027117983,3878.969548581862,3877.0870209891887,3846.994396223632,3868.1104139837594,3876.9985495659153,3880.947952134687,3833.856029772456,3842.2508926689225,3848.388807196828,3844.7935506033755,3788.2874837379263,3790.3380295576035,3794.343083107973,3792.558272861696,3798.733165746335,3803.6820834841874,3810.410946832549,3814.7775346531853,3824.5533077998457,3830.819782361284,3843.4004735169083,3845.693247321862,3820.913285055291,3814.447058731958,3847.74867008944,3812.063137242293,3816.814648913506,3822.835893072876,3879.0418893299525,3878.779395655077,3860.3683744946843,3866.4747408737144,3880.453574329627,3882.9334082539112,3865.084741221917,3873.3701882085857,3867.1904767126325,3868.5410955819602,3832.7176507582863,3833.5946597202824,3846.8818317287723,3862.481614550077,3864.7127120512223,3863.2261361849137,3871.107541775811,3870.881874741615,3879.773572223955,3898.5682717026893,3860.552070986838,3781.8666463311297,3788.878612987681,3782.236568002585,3788.3413754751523,3766.4457738394317,3773.417928960358,3783.041231782241,3789.122000299622,3731.170130034081,3737.7906182048782,3751.8498873896524,3767.219841855206,3737.8608959744765,3735.9730687917777,3706.097208464813,3761.0744973083815,3790.646847364522,3771.531319839923,3783.267746376157,3777.7400241564674,3797.5915688683726,3791.6138723338627,3794.0738275537974,3810.080599855489,3799.066748346119,3805.7895476598483,3779.210400685141,3791.631389777995,3818.773564344219,3832.787014771648,3863.9490646016684
1,c456eb612fc2008dd496808b0d7f793eeacd51557eefc23200682f2d3b5f0e1b,9000,8088,150,true,false,true,"""SVD""",1e-12,Simulations.PCA_rank.eigenvector_pca.fit_pca_loadings_svd,111,10497.766537621586,10480.24519424689,8887.938844039878,8669.19585127883,8664.385406128455,8657.421556248037,8626.695154693474,8484.146753748055,8497.364822897787,8484.484666136783,8462.09876769538,8422.597288463616,8427.489563993726,8095.459407815471,7918.285917523647,7765.297558771782,7763.132617416278,7366.023894808252,7374.316052770481,7345.884789873159,7314.061538044249,7263.929859585936,7216.2333460909695,6899.595575106409,6820.625256992456,6711.333034618453,6567.928570463914,6550.135382778504,6524.340487811639,6507.601699603185,6382.574558164253,6177.442638879887,6178.1577486426095,6088.238380954982,5965.059878372498,5940.615828606242,5780.198004981889,5777.962442703128,5846.4948454080495,5816.904209760364,5693.26791396074,5749.234765188195,5763.40590815536,5756.18852378741,5728.217006055017,5537.448683922775,5534.512128868746,5313.688396471627,5337.476041207199,5267.586859242028,5237.372887310374,5240.895112611882,5184.362737662228,5188.433417805005,5202.268094015583,5222.66116238081,5291.674082094132,5421.135247798099,5406.690837643031,5426.08983681738,5414.2959192352755,5395.577010393315,5384.689256301848,5454.10845101017,5503.215627559994,5497.259597572271,5504.314977662771,5363.960817849963,5072.645364467217,5258.570144842631,5269.471912246372,5291.702280972265,5280.8572327735155,5284.537164047329,5233.835800917455,5227.529668089648,5171.158983400542,5188.207259944492,5175.861564517015,5314.04267626417,5360.882407423714,5271.1347356982815,5265.104732272208,5311.894203859655,5368.730008380518,5409.871121520238,5409.550269818827,5414.736330881786,5352.680868927279,5335.413432057741,5312.014557306345,5191.083772984507,5194.868185558202,5215.788404325323,5297.843129023574,5308.815085652217,5116.683915022551,5120.803850938683,4950.562624328334,4920.968950711307,4837.193394464231,4748.568540022124,4763.5185006535785,4766.310844426435,4774.015972206491,4712.067397500329,4733.725942325448,4690.897414331676,4690.688275021233,4657.311904468205,4604.403369780745,4632.130477635207,4648.334229171243,4557.576516371789,4606.533147552316,4668.667628503632,4684.072217024896,4700.424983151442,4713.893000388767,4710.678102124232,4777.662479227104,4797.991171334159,4756.483156218874,4739.205053620183,4662.512245647792,4576.292601508863,4461.047571282006,4492.896141067803,4507.487195891994,4566.5189797712355,4532.3686001975575,4530.081858334633,4544.237786662187,4536.489089589683,4410.664699617141,4487.379717882102,4492.290234817872,4494.4798916690115,4473.475915511519,4480.069246695378,4532.259627106916,4488.971112866281,4625.6191616052265,4717.335732386992,4701.624286931125,4567.394652900535,4511.947672128161,4569.091407888651,4590.929349354922,4630.1038285878185,4427.04135371891
1,c456eb612fc2008dd496808b0d7f793eeacd51557eefc23200682f2d3b5f0e1b,9000,8088,150,true,false,true,"""SVD""",1e-12,Simulations.PCA_rank.eigenvector_pca.fit_pca_loadings_svd,112,12789.047428155245,10115.88479511635,6693.814689345029,6689.525294708611,6621.420768971089,6590.58204752693,6570.76729718056,6554.911410707555,6282.204235486378,6251.35802561,6228.681036076694,5893.610373840041,5791.771302953354,5775.163593925967,5720.299362541237,5666.712520771498,5633.385047656552,5574.386284676146,5518.093688412055,5514.3088781904335,5463.5193578225935,5455.524166617411,5426.16612711235,5433.2380613794685,5386.139832265248,5379.891220978443,5366.980887258343,5408.18475208195,5211.359632693911,5320.033771914241,5373.095454614523,5386.377428906112,5405.256278354123,5425.597651356808,5455.933204547979,5436.079308530779,5446.452857646906,5383.159540688067,5262.432845456752,5171.795640514476,4998.4217836986645,5021.207083253673,4838.274169307265,4827.157562040841,4753.789004022497,4838.114528852431,4777.005276814073,4605.957034682896,4615.062462035854,4561.871250895227,4571.204037579925,4586.329892173647,4573.979829692133,4585.329931194692,4587.659740840736,4603.48134839308,4611.730175407204,4622.628657520982,4627.053486626589,4588.787411582168,4560.830062063035,4524.788667465312,4509.710090244293,4524.8845748905405,4436.61137670531,4445.2112501914835,4424.859553978685,4431.207095547443,4414.154662809067,4475.051638799976,4487.7543309746,4486.2859344457265,4569.002653370153,4629.785697019176,4605.799974645665,4577.402769927898,4571.666426162213,4487.203685740718,4509.153926463309,4280.108043903066,4303.0718504255565,4340.297185078146,4349.74257118071,4369.853416551241,4244.461288177358,4261.21212915457,4291.564410396916,4217.3850268730275,4240.750903404745,4176.11883227632,4202.880265194834,4086.7359724004496,4117.963671695266,4105.201798037792,4133.548451257473,4056.884026400772,4053.1438583400345,4057.119585963916,4002.831418318235,4011.9091932114975,3938.4117336803647,3951.0948257015093,3949.654335685629,3903.8423310682383,3936.130062570119,3873.565518122326,3933.0277225841355,3958.074876483352,3958.470613972055,3786.9966904643748,3799.955120778987,3804.1572663775723,3738.266496714946,3720.606514472837,3688.292558882816,3684.791969610216,3639.5762400942535,3645.2836160378306,3689.6019750242262,3697.30274370087,3702.6571634042066,3704.1428224251295,3682.0288458556406,3690.8649072416492,3746.84516239264,3795.102369050371,3728.4896866279514,3662.5279009902456,3664.5040756280832,3769.8929623440345,3753.163019361412,3738.6736089281803,3742.7190665810476,3750.1979102094297,3684.997357583568,3776.7131950509147,3635.592330319779,3650.4505774530876,3665.5865681026708,3676.2744713253696,3663.17416231735,3670.087578275898,3635.914927596892,3663.9101257396446,3700.1730064150765,3547.414915065426,3559.406091155476,3580.9100046292488,3568.8688289247143,3576.9268090631535,3594.691970791831
1,c456eb612fc2008dd496808b0d7f793eeacd51557eefc23200682f2d3b5f0e1b,9000,8088,150,true,false,true,"""SVD""",1e-12,Simulations.PCA_rank.eigenvector_pca.fit_pca_loadings_svd,113,25141.94229722792,7905.182614787934,7082.078677111658,5356.951820958988,5346.802674585878,5336.202820260132,5104.8164595737035,5106.312323210839,4891.217878060858,4884.980024168709,4817.486801673523,4668.882016279734,4256.885526502193,4178.489620306587,4169.26163235542,4133.034909214345,3999.3033110134193,3969.951749902957,3911.0249654800673,3903.189479495016,3906.4359896331807,3899.648504090184,3891.8256927979887,3855.426114499935,3851.9129056683596,3819.1627961688887,3789.577436408449,3784.327517958036,3797.26496033619,3787.6131849783606,3793.0189777912033,3795.632248339077,3800.2752992446417,3804.917484768444,3787.6243196743526,3766.2618744159317,3776.5774254808375,3779.853274300854,3801.4815921399186,3847.568406143667,3853.0480879010274,3835.3458734478127,3841.0846597790055,3840.044929889442,3853.1197882120655,3863.522648218848,3857.771206561697,3859.849540822739,3747.2476789351012,3733.087865568836,3721.330329648546,3726.982735120994,3731.4419811684593,3736.73973881665,3735.0591450045067,3651.5867678768714,3662.095972019705,3672.565393940714,3676.031825741957,3685.80625628685,3697.2224330309186,3680.954401844613,3688.118785140031,3702.266317418676,3682.2978694761186,3684.1215469467234,3686.3920982499776,3701.334556709648,3716.527456325184,3732.3985119380986,3738.8866764377194,3694.048193244195,3702.624639361452,3721.7711016412172,3683.7835298939162,3704.2039351194326,3709.635417134714,3720.342092888136,3660.6013036591376,3720.474314501598,3729.7201874901134,3752.3939033351962,3800.7108704004554,3812.6401208184816,3915.892082212446,3923.692005465204,3801.4321995816686,3809.2854582310006,3735.980896838529,3747.8710274177442,3757.682528499307,3756.6365373744893,3828.768043234047,3800.136240020156,3831.818159768415,3731.5507341686234,3750.6020340073287,3755.4376147620915,3789.5928094836545,3860.657737111787,3839.8111030446344,3851.9516512952337,3856.835400789989,3871.208631568964,3885.4619529093407,3771.1696323072324,3807.95075488634,3774.821378167099,3727.255071705688,3596.6222282883327,3604.070685952719,3545.6770846926247,3564.683257131459,3595.4800314792233,3574.688362352741,3589.781642754997,3539.7670897361522,3542.206085759865,3549.499118518355,3545.9242216715797,3576.204422065274,3541.5582359613436,3546.38372012783,3549.254449724769,3563.0221242770995,3604.5634361156262,3643.6382090134393,3646.519488559234,3651.403203238372,3674.0502807177936,3671.8031823243964,3686.8606022036715,3685.896520368676,3697.7760596254375,3708.0673053666096,3496.6238623931895,3508.1989577176532,3512.7808462465305,3515.7313860295253,3525.617199718811,3541.9919550376158,3493.371146688944,3603.3636311867676,3617.032100686735,3640.3457161562533,3679.1194289589675,3711.9516079781115,3652.375952309625,3621.877640552031,3643.6476821074584,3630.5474921204395
