model_1,model_2,layer_1,layer_2,subj_id,n_samples,n_components_source_1,n_components_source_2,n_components_target,pid_method,rng_seed,bias_correction,red,unq1,unq2,syn,bi_mi_1,bi_mi_2,tri_mi
levit_128_classification,coat_lite_tiny_classification,181,219,,1000,30,30,30,thin,56,True,5.311613546230035,0.0313754823322423,0.43861186229878335,0.5138572240038188,5.342989028562277,5.750225408528818,6.295458114864879
levit_128_classification,visformer_small_classification,181,163,,1000,30,30,30,thin,56,True,5.260041857041578,0.08294717152069797,0.3618946117679247,0.5249143155384566,5.342989028562277,5.621936468809504,6.2297979558686585
levit_128_classification,convit_base_classification,181,201,,1000,30,30,30,thin,56,True,5.128679174226507,0.2143098543357711,0.32565628600094243,0.5581162452706838,5.342989028562277,5.4543354602274485,6.2267615598339034
levit_128_classification,RN50_clip,181,179,,1000,30,30,30,thin,56,True,5.227584053212501,0.11540497534977501,0.506074809425634,0.5839317650832498,5.342989028562277,5.733658862638136,6.432995603071161
levit_128_classification,RN101_clip,181,366,,1000,30,30,30,thin,56,True,5.159067875164887,0.18392115339739057,0.49480858186676,0.6686749512634078,5.342989028562277,5.653876457031647,6.506472561692445
levit_128_classification,ResNet50-SimCLR_selfsupervised,181,162,,1000,30,30,30,thin,56,True,5.0872253111683685,0.2557637173939078,0.2257040328299036,0.5228973957111087,5.342989028562277,5.312929343998273,6.0915904571032895
levit_128_classification,ResNet50-DeepClusterV2-2x224_selfsupervised,181,162,,1000,30,30,30,thin,56,True,5.239703871961019,0.10328515660125781,0.27566972636110165,0.5609403957819206,5.342989028562277,5.515373598322121,6.179599150705299
levit_128_classification,ResNet50-SwAV-BS4096-2x224_selfsupervised,181,165,,1000,30,30,30,thin,56,True,5.142189465961898,0.20079956260037957,0.13145784927524762,0.5503406742016406,5.342989028562277,5.273647315237145,6.024787552039165
levit_128_classification,ResNet50-PIRL_selfsupervised,181,165,,1000,30,30,30,thin,56,True,4.81486623672992,0.5281227918323568,0.07436632251340658,0.5865209421218927,5.342989028562277,4.889232559243327,6.003876293197576
levit_128_classification,ResNet50-ClusterFit-16K-RotNet_selfsupervised,181,160,,1000,30,30,30,thin,56,True,4.3574024561410365,0.9855865724212407,0.0,0.4961383918148021,5.342989028562277,4.3574024561410365,5.839127420377079
levit_128_classification,ResNet50-MoCoV2-BS256_selfsupervised,181,155,,1000,30,30,30,thin,56,True,4.890060291060413,0.452928737501864,0.1961571876908348,0.5436273223096046,5.342989028562277,5.086217478751248,6.082773538562717
levit_128_classification,nf_resnet50_classification,181,141,,1000,30,30,30,thin,56,True,4.450623086417586,0.8923659421446901,0.09604250241014434,0.6174124489244628,5.342989028562277,4.546665588827731,6.056443979896884
levit_128_classification,hardcorenas_f_classification,181,294,,1000,30,30,30,thin,56,True,4.7268606028368,0.6161284257254778,0.26798669243288753,0.6026553327325566,5.342989028562277,4.994847295269687,6.213631053727721
levit_128_classification,eca_nfnet_l0_classification,181,134,,1000,30,30,30,thin,56,True,5.342989028562277,0.0,0.8707635530991809,0.5251518335629513,5.342989028562277,6.213752581661458,6.738904415224409
levit_128_classification,resnet50_classification,181,156,,1000,30,30,30,thin,56,True,5.019609676952368,0.32337935160991016,0.09411003854114686,0.6056027082426603,5.342989028562277,5.113719715493514,6.042701775346084
levit_128_classification,semnasnet_100_classification,181,270,,1000,30,30,30,thin,56,True,4.905754204950075,0.43723482361220345,0.09558669095823014,0.5962417995577889,5.342989028562277,5.001340895908304,6.034817519078296
levit_128_classification,cspresnet50_classification,181,320,,1000,30,30,30,thin,56,True,5.062892696140065,0.2800963324222119,0.19981356333696088,0.6441334681311757,5.342989028562277,5.262706259477026,6.186936060030414
levit_128_classification,mobilenetv3_large_100_classification,181,252,,1000,30,30,30,thin,56,True,4.961092368996926,0.3818966595653501,0.36399968650142434,0.5927374255492026,5.342989028562277,5.325092055498351,6.299726140612904
levit_128_classification,ghostnet_100_classification,181,290,,1000,30,30,30,thin,56,True,4.931036545269072,0.4119524832932058,0.3320393518471496,0.616107239298219,5.342989028562277,5.263075897116221,6.291135619707646
levit_128_classification,convnext_base_classification,181,273,,1000,30,30,30,thin,56,True,5.342989028562277,0.0,0.5751658193327405,0.505445872597635,5.342989028562277,5.918154847895018,6.423600720492653
levit_128_classification,xcit_nano_12_p8_224_classification,181,266,,1000,30,30,30,thin,56,True,4.861512615681904,0.48147641288037324,0.2814731268961319,0.6477193330884674,5.342989028562277,5.142985742578036,6.2721814885468765
levit_128_classification,xcit_nano_12_p16_224_classification,181,242,,1000,30,30,30,thin,56,True,4.78542145918294,0.5575675693793372,0.2024891250165357,0.6565171027845453,5.342989028562277,4.987910584199476,6.201995256363358
levit_128_classification,swin_large_patch4_window7_224_classification,181,281,,1000,30,30,30,thin,56,True,4.880452160139462,0.4625368684228146,0.5136160013771507,0.6463867828765784,5.342989028562277,5.394068161516613,6.502991812816006
levit_128_classification,jx_nest_tiny_classification,181,148,,1000,30,30,30,thin,56,True,5.342989028562278,0.0,0.4036382931623761,0.48887665615857756,5.342989028562277,5.746627321724653,6.235503977883231
levit_128_classification,pit_ti_224_classification,181,207,,1000,30,30,30,thin,56,True,5.163494455623782,0.1794945729384958,0.22509630697324567,0.515741039374455,5.342989028562277,5.388590762597027,6.083826374909978
levit_128_classification,vit_base_patch32_224_classification,181,218,,1000,30,30,30,thin,56,True,4.940991742131036,0.401997286431242,0.1186234287056731,0.5626607502940253,5.342989028562277,5.059615170836708,6.024273207561976
levit_128_classification,vit_base_patch16_224_classification,181,197,,1000,30,30,30,thin,56,True,4.973678721676636,0.36931030688564004,0.1494114775818538,0.5579428460553215,5.342989028562277,5.123090199258491,6.0503433521994525
levit_128_classification,tnt_s_patch16_224_classification,181,198,,1000,30,30,30,thin,56,True,4.927598015783786,0.4153910127784908,0.1870472711360378,0.5314948198014671,5.342989028562277,5.114645286919824,6.061531119499782
levit_128_classification,crossvit_base_240_classification,181,336,,1000,30,30,30,thin,56,True,5.219868095629156,0.12312093293312198,0.23724172767834695,0.5326109642797308,5.342989028562277,5.457109823307502,6.112841720520355
levit_128_classification,deit_base_patch16_224_classification,181,205,,1000,30,30,30,thin,56,True,5.238464575372853,0.10452445318942338,0.17724901639217894,0.5291940501836834,5.342989028562277,5.415713591765033,6.0494320951381395
levit_128_classification,dino_vitb16_selfsupervised,181,208,,1000,30,30,30,thin,56,True,4.413495064021944,0.9294939645403337,0.16585059251092993,0.6104638644254026,5.342989028562277,4.579345656532873,6.11930348549861
coat_lite_tiny_classification,visformer_small_classification,219,163,,1000,30,30,30,thin,56,True,5.552369237886845,0.19785617064197591,0.06956723092265804,0.5244649443914975,5.750225408528822,5.621936468809504,6.344257583842977
coat_lite_tiny_classification,convit_base_classification,219,201,,1000,30,30,30,thin,56,True,5.436202164206901,0.3140232443219215,0.01813329602054825,0.5245084154367694,5.750225408528822,5.4543354602274485,6.2928671199861395
coat_lite_tiny_classification,RN50_clip,219,179,,1000,30,30,30,thin,56,True,5.435276308863474,0.31494909966534657,0.29838255377466094,0.5985883144238171,5.750225408528822,5.733658862638136,6.6471962767273
coat_lite_tiny_classification,RN101_clip,219,366,,1000,30,30,30,thin,56,True,5.336928441183957,0.41329696734486454,0.3169480158476894,0.6543012134174404,5.750225408528822,5.653876457031647,6.721474637793952
coat_lite_tiny_classification,ResNet50-SimCLR_selfsupervised,219,162,,1000,30,30,30,thin,56,True,5.258443669121501,0.49178173940731984,0.05448567487677103,0.5322200438352747,5.750225408528822,5.312929343998273,6.3369311272408675
coat_lite_tiny_classification,ResNet50-DeepClusterV2-2x224_selfsupervised,219,162,,1000,30,30,30,thin,56,True,5.505370438351448,0.24485497017737412,0.010003159970673359,0.5338522934191055,5.750225408528822,5.515373598322121,6.294080861918601
coat_lite_tiny_classification,ResNet50-SwAV-BS4096-2x224_selfsupervised,219,165,,1000,30,30,30,thin,56,True,5.270061689212349,0.48016371931647317,0.0035856260247966176,0.5394145027560109,5.750225408528822,5.273647315237145,6.293225537309629
coat_lite_tiny_classification,ResNet50-PIRL_selfsupervised,219,165,,1000,30,30,30,thin,56,True,4.889232559243327,0.8609928492854948,0.0,0.48361052136568006,5.750225408528822,4.889232559243327,6.233835929894502
coat_lite_tiny_classification,ResNet50-ClusterFit-16K-RotNet_selfsupervised,219,160,,1000,30,30,30,thin,56,True,4.3574024561410365,1.3928229523877853,0.0,0.39108062085152095,5.750225408528822,4.3574024561410365,6.141306029380343
coat_lite_tiny_classification,ResNet50-MoCoV2-BS256_selfsupervised,219,155,,1000,30,30,30,thin,56,True,5.086217478751248,0.6640079297775738,0.0,0.40108700683176046,5.750225408528822,5.086217478751248,6.151312415360582
coat_lite_tiny_classification,nf_resnet50_classification,219,141,,1000,30,30,30,thin,56,True,4.5466655888277305,1.2035598197010904,0.0,0.5091489007912235,5.750225408528822,4.546665588827731,6.259374309320045
coat_lite_tiny_classification,hardcorenas_f_classification,219,294,,1000,30,30,30,thin,56,True,4.994847295269688,0.7553781132591348,0.0,0.4694791216424834,5.750225408528822,4.994847295269687,6.219704530171305
coat_lite_tiny_classification,eca_nfnet_l0_classification,219,134,,1000,30,30,30,thin,56,True,5.750225408528822,0.0,0.46352717313263625,0.4879350132079576,5.750225408528822,6.213752581661458,6.701687594869416
coat_lite_tiny_classification,resnet50_classification,219,156,,1000,30,30,30,thin,56,True,5.113719715493515,0.6365056930353079,0.0,0.4293481106520929,5.750225408528822,5.113719715493514,6.179573519180915
coat_lite_tiny_classification,semnasnet_100_classification,219,270,,1000,30,30,30,thin,56,True,5.001340895908305,0.7488845126205179,0.0,0.5543885012387371,5.750225408528822,5.001340895908304,6.304613909767559
coat_lite_tiny_classification,cspresnet50_classification,219,320,,1000,30,30,30,thin,56,True,5.18952487797206,0.5607005305567618,0.07318138150496623,0.6099885027047254,5.750225408528822,5.262706259477026,6.433395292738513
coat_lite_tiny_classification,mobilenetv3_large_100_classification,219,252,,1000,30,30,30,thin,56,True,5.221340014563341,0.5288853939654796,0.10375204093500923,0.628660613830613,5.750225408528822,5.325092055498351,6.482638063294444
coat_lite_tiny_classification,ghostnet_100_classification,219,290,,1000,30,30,30,thin,56,True,5.209361784318387,0.5408636242104361,0.053714112797835334,0.591345608948509,5.750225408528822,5.263075897116221,6.395285130275166
coat_lite_tiny_classification,convnext_base_classification,219,273,,1000,30,30,30,thin,56,True,5.605782743118361,0.1444426654104607,0.31237210477665656,0.5682119268186208,5.750225408528822,5.918154847895018,6.630809440124099
coat_lite_tiny_classification,xcit_nano_12_p8_224_classification,219,266,,1000,30,30,30,thin,56,True,5.142985742578036,0.6072396659507859,0.0,0.5296633258231935,5.750225408528822,5.142985742578036,6.279888734352015
coat_lite_tiny_classification,xcit_nano_12_p16_224_classification,219,242,,1000,30,30,30,thin,56,True,4.987910584199476,0.762314824329346,0.0,0.4275585345351214,5.750225408528822,4.987910584199476,6.177783943063943
coat_lite_tiny_classification,swin_large_patch4_window7_224_classification,219,281,,1000,30,30,30,thin,56,True,5.172640243629867,0.5775851648989541,0.22142791788674554,0.6562233152575034,5.750225408528822,5.394068161516613,6.627876641673071
coat_lite_tiny_classification,jx_nest_tiny_classification,219,148,,1000,30,30,30,thin,56,True,5.598961735887812,0.1512636726410106,0.14766558583684208,0.5499062247959898,5.750225408528822,5.746627321724653,6.447797219161654
coat_lite_tiny_classification,pit_ti_224_classification,219,207,,1000,30,30,30,thin,56,True,5.388590762597028,0.36163464593179473,0.0,0.37794283866784184,5.750225408528822,5.388590762597027,6.128168247196664
coat_lite_tiny_classification,vit_base_patch32_224_classification,219,218,,1000,30,30,30,thin,56,True,5.059615170836709,0.6906102376921135,0.0,0.5555260140684943,5.750225408528822,5.059615170836708,6.305751422597316
coat_lite_tiny_classification,vit_base_patch16_224_classification,219,197,,1000,30,30,30,thin,56,True,5.12309019925849,0.6271352092703308,0.0,0.4901345130461161,5.750225408528822,5.123090199258491,6.240359921574938
coat_lite_tiny_classification,tnt_s_patch16_224_classification,219,198,,1000,30,30,30,thin,56,True,5.114645286919824,0.6355801216089976,0.0,0.44679771871126395,5.750225408528822,5.114645286919824,6.197023127240086
coat_lite_tiny_classification,crossvit_base_240_classification,219,336,,1000,30,30,30,thin,56,True,5.383784677881429,0.366440730647394,0.07332514542607438,0.5620964390910279,5.750225408528822,5.457109823307502,6.385646993045924
coat_lite_tiny_classification,deit_base_patch16_224_classification,219,205,,1000,30,30,30,thin,56,True,5.391861010235757,0.3583643982930642,0.023852581529275163,0.5297628146252702,5.750225408528822,5.415713591765033,6.303840804683367
coat_lite_tiny_classification,dino_vitb16_selfsupervised,219,208,,1000,30,30,30,thin,56,True,4.2957463207863835,1.4544790877424392,0.28359933574649077,0.6884336800966722,5.750225408528822,4.579345656532873,6.722258424371985
visformer_small_classification,convit_base_classification,163,201,,1000,30,30,30,thin,56,True,5.441238272660914,0.18069819614858496,0.013097187566534885,0.5100484167346346,5.621936468809499,5.4543354602274485,6.145082073110668
visformer_small_classification,RN50_clip,163,179,,1000,30,30,30,thin,56,True,5.329425480387291,0.29251098842220724,0.4042333822508448,0.5580976052025006,5.621936468809499,5.733658862638136,6.584267456262844
visformer_small_classification,RN101_clip,163,366,,1000,30,30,30,thin,56,True,5.242043756417051,0.37989271239244715,0.4118327006145952,0.6480797522369119,5.621936468809499,5.653876457031647,6.681848921661006
visformer_small_classification,ResNet50-SimCLR_selfsupervised,163,162,,1000,30,30,30,thin,56,True,5.162833748289793,0.4591027205197058,0.1500955957084802,0.5149850876597455,5.621936468809499,5.312929343998273,6.287017152177724
visformer_small_classification,ResNet50-DeepClusterV2-2x224_selfsupervised,163,162,,1000,30,30,30,thin,56,True,5.420707810387023,0.20122865842247428,0.09466578793509672,0.5541456165976655,5.621936468809499,5.515373598322121,6.270747873342261
visformer_small_classification,ResNet50-SwAV-BS4096-2x224_selfsupervised,163,165,,1000,30,30,30,thin,56,True,5.1773125272474365,0.4446239415620612,0.09633478798970785,0.542410348632937,5.621936468809499,5.273647315237145,6.2606816054321435
visformer_small_classification,ResNet50-PIRL_selfsupervised,163,165,,1000,30,30,30,thin,56,True,4.889232559243328,0.7327039095661716,0.0,0.46111308975886356,5.621936468809499,4.889232559243327,6.083049558568362
visformer_small_classification,ResNet50-ClusterFit-16K-RotNet_selfsupervised,163,160,,1000,30,30,30,thin,56,True,4.357402456141037,1.264534012668462,0.0,0.34803672377188644,5.621936468809499,4.3574024561410365,5.969973192581385
visformer_small_classification,ResNet50-MoCoV2-BS256_selfsupervised,163,155,,1000,30,30,30,thin,56,True,5.086217478751247,0.5357189900582506,0.0,0.4969547690724845,5.621936468809499,5.086217478751248,6.118891237881983
visformer_small_classification,nf_resnet50_classification,163,141,,1000,30,30,30,thin,56,True,4.530318106957416,1.091618361852083,0.01634748187031576,0.5969887755861079,5.621936468809499,4.546665588827731,6.235272726265922
visformer_small_classification,hardcorenas_f_classification,163,294,,1000,30,30,30,thin,56,True,4.985674787830711,0.6362616809787873,0.009172507438975686,0.6383646014221043,5.621936468809499,4.994847295269687,6.269473577670579
visformer_small_classification,eca_nfnet_l0_classification,163,134,,1000,30,30,30,thin,56,True,5.59023730070913,0.03169916810036977,0.6235152809523292,0.5660662777440271,5.621936468809499,6.213752581661458,6.811518027505855
visformer_small_classification,resnet50_classification,163,156,,1000,30,30,30,thin,56,True,5.113719715493514,0.5082167533159847,0.0,0.5555167905514322,5.621936468809499,5.113719715493514,6.177453259360931
visformer_small_classification,semnasnet_100_classification,163,270,,1000,30,30,30,thin,56,True,5.001340895908304,0.6205955729011947,0.0,0.6233247705329674,5.621936468809499,5.001340895908304,6.245261239342466
visformer_small_classification,cspresnet50_classification,163,320,,1000,30,30,30,thin,56,True,5.079941882032218,0.5419945867772817,0.18276437744480933,0.6116773634489734,5.621936468809499,5.262706259477026,6.416378209703281
visformer_small_classification,mobilenetv3_large_100_classification,163,252,,1000,30,30,30,thin,56,True,5.090248122847772,0.5316883459617268,0.23484393265057957,0.6525660441891459,5.621936468809499,5.325092055498351,6.509346445649224
visformer_small_classification,ghostnet_100_classification,163,290,,1000,30,30,30,thin,56,True,5.048525305503701,0.5734111633057974,0.21455059161251988,0.6858643217838347,5.621936468809499,5.263075897116221,6.522351382205853
visformer_small_classification,convnext_base_classification,163,273,,1000,30,30,30,thin,56,True,5.509688693474982,0.11224777533451569,0.40846615442003475,0.5323632541920835,5.621936468809499,5.918154847895018,6.562765877421617
visformer_small_classification,xcit_nano_12_p8_224_classification,163,266,,1000,30,30,30,thin,56,True,5.139606916974873,0.4823295518346269,0.0033788256031641595,0.5940140948879948,5.621936468809499,5.142985742578036,6.219329389300658
visformer_small_classification,xcit_nano_12_p16_224_classification,163,242,,1000,30,30,30,thin,56,True,4.987910584199475,0.6340258846100228,0.0,0.5569836605227048,5.621936468809499,4.987910584199476,6.178920129332203
visformer_small_classification,swin_large_patch4_window7_224_classification,163,281,,1000,30,30,30,thin,56,True,5.1187917983309,0.5031446704785987,0.27527636318571336,0.6593766442430775,5.621936468809499,5.394068161516613,6.5565894762382895
visformer_small_classification,jx_nest_tiny_classification,163,148,,1000,30,30,30,thin,56,True,5.621936468809499,0.0,0.12469085291515469,0.5192498349811041,5.621936468809499,5.746627321724653,6.265877156705757
visformer_small_classification,pit_ti_224_classification,163,207,,1000,30,30,30,thin,56,True,5.388590762597027,0.23334570621247153,0.0,0.4665533766521799,5.621936468809499,5.388590762597027,6.0884898454616785
visformer_small_classification,vit_base_patch32_224_classification,163,218,,1000,30,30,30,thin,56,True,5.039343371787834,0.5825930970216646,0.020271799048874328,0.5669481385444417,5.621936468809499,5.059615170836708,6.209156406402815
visformer_small_classification,vit_base_patch16_224_classification,163,197,,1000,30,30,30,thin,56,True,5.123090199258491,0.49884626955100764,0.0,0.5160546171224114,5.621936468809499,5.123090199258491,6.13799108593191
visformer_small_classification,tnt_s_patch16_224_classification,163,198,,1000,30,30,30,thin,56,True,5.114645286919823,0.5072911818896744,0.0,0.4993090960992985,5.621936468809499,5.114645286919824,6.121245564908797
visformer_small_classification,crossvit_base_240_classification,163,336,,1000,30,30,30,thin,56,True,5.39721832578697,0.22471814302252824,0.0598914975205318,0.5295104891098203,5.621936468809499,5.457109823307502,6.211338455439851
visformer_small_classification,deit_base_patch16_224_classification,163,205,,1000,30,30,30,thin,56,True,5.415713591765033,0.20622287704446585,0.0,0.49873999611365605,5.621936468809499,5.415713591765033,6.120676464923155
visformer_small_classification,dino_vitb16_selfsupervised,163,208,,1000,30,30,30,thin,56,True,4.3204696670575515,1.301466801751947,0.25887598947532187,0.6448380051004179,5.621936468809499,4.579345656532873,6.525650463385238
convit_base_classification,RN50_clip,201,179,,1000,30,30,30,thin,56,True,5.22988174918335,0.22445371104410938,0.5037771134547855,0.578699131795136,5.45433546022746,5.733658862638136,6.5368117054773816
convit_base_classification,RN101_clip,201,366,,1000,30,30,30,thin,56,True,5.1542491248785645,0.3000863353488956,0.4996273321530822,0.6409598062546014,5.45433546022746,5.653876457031647,6.594922598635144
convit_base_classification,ResNet50-SimCLR_selfsupervised,201,162,,1000,30,30,30,thin,56,True,5.17941442221754,0.2749210380099196,0.13351492178073254,0.5260802537546896,5.45433546022746,5.312929343998273,6.113930635762882
convit_base_classification,ResNet50-DeepClusterV2-2x224_selfsupervised,201,162,,1000,30,30,30,thin,56,True,5.342845547179039,0.11148991304842149,0.17252805114308245,0.603932263679062,5.45433546022746,5.515373598322121,6.230795775049605
convit_base_classification,ResNet50-SwAV-BS4096-2x224_selfsupervised,201,165,,1000,30,30,30,thin,56,True,5.1451910282665985,0.3091444319608616,0.12845628697054678,0.5344178455002906,5.45433546022746,5.273647315237145,6.1172095926982974
convit_base_classification,ResNet50-PIRL_selfsupervised,201,165,,1000,30,30,30,thin,56,True,4.889232559243327,0.5651029009841331,0.0,0.5047268740549082,5.45433546022746,4.889232559243327,5.959062334282368
convit_base_classification,ResNet50-ClusterFit-16K-RotNet_selfsupervised,201,160,,1000,30,30,30,thin,56,True,4.3574024561410365,1.0969330040864236,0.0,0.4271582969158043,5.45433546022746,4.3574024561410365,5.881493757143264
convit_base_classification,ResNet50-MoCoV2-BS256_selfsupervised,201,155,,1000,30,30,30,thin,56,True,5.031776779762282,0.42255868046517797,0.05444069898896586,0.548123743706892,5.45433546022746,5.086217478751248,6.056899902923318
convit_base_classification,nf_resnet50_classification,201,141,,1000,30,30,30,thin,56,True,4.496798491363328,0.9575369688641313,0.049867097464402654,0.5492313723248765,5.45433546022746,4.546665588827731,6.053433930016739
convit_base_classification,hardcorenas_f_classification,201,294,,1000,30,30,30,thin,56,True,4.844600484267336,0.6097349759601247,0.1502468110023516,0.6102588790855412,5.45433546022746,4.994847295269687,6.214841150315353
convit_base_classification,eca_nfnet_l0_classification,201,134,,1000,30,30,30,thin,56,True,5.45433546022746,0.0,0.759417121433998,0.5697081184546118,5.45433546022746,6.213752581661458,6.78346070011607
convit_base_classification,resnet50_classification,201,156,,1000,30,30,30,thin,56,True,5.018413258422252,0.4359222018052087,0.09530645707126251,0.5452198830451991,5.45433546022746,5.113719715493514,6.094861800343922
convit_base_classification,semnasnet_100_classification,201,270,,1000,30,30,30,thin,56,True,4.9683667895434995,0.48596867068396143,0.032974106364805245,0.5869540982429564,5.45433546022746,5.001340895908304,6.074263664835222
convit_base_classification,cspresnet50_classification,201,320,,1000,30,30,30,thin,56,True,5.037030736904804,0.41730472332265567,0.2256755225722218,0.5415770559148854,5.45433546022746,5.262706259477026,6.221588038714567
convit_base_classification,mobilenetv3_large_100_classification,201,252,,1000,30,30,30,thin,56,True,5.031037436264759,0.4232980239627002,0.29405461923359155,0.6268153735988058,5.45433546022746,5.325092055498351,6.375205453059857
convit_base_classification,ghostnet_100_classification,201,290,,1000,30,30,30,thin,56,True,4.956151817697213,0.4981836425302477,0.3069240794190087,0.6454132193228661,5.45433546022746,5.263075897116221,6.406672758969335
convit_base_classification,convnext_base_classification,201,273,,1000,30,30,30,thin,56,True,5.410738047149015,0.043597413078445335,0.5074168007460029,0.575821901888693,5.45433546022746,5.918154847895018,6.537574162862156
convit_base_classification,xcit_nano_12_p8_224_classification,201,266,,1000,30,30,30,thin,56,True,5.112132367646272,0.34220309258118764,0.030853374931763433,0.5259371756233282,5.45433546022746,5.142985742578036,6.011126010782552
convit_base_classification,xcit_nano_12_p16_224_classification,201,242,,1000,30,30,30,thin,56,True,4.984659696786434,0.46967576344102646,0.003250887413042136,0.6145293189268308,5.45433546022746,4.987910584199476,6.072115666567333
convit_base_classification,swin_large_patch4_window7_224_classification,201,281,,1000,30,30,30,thin,56,True,5.029483557637186,0.42485190259027306,0.36458460387942626,0.6148557386541151,5.45433546022746,5.394068161516613,6.4337758027610015
convit_base_classification,jx_nest_tiny_classification,201,148,,1000,30,30,30,thin,56,True,5.454335460227461,0.0,0.2922918614971932,0.40131361908658825,5.45433546022746,5.746627321724653,6.1479409408112415
convit_base_classification,pit_ti_224_classification,201,207,,1000,30,30,30,thin,56,True,5.339154249600461,0.11518121062700004,0.04943651299656704,0.5285191331766548,5.45433546022746,5.388590762597027,6.032291106400682
convit_base_classification,vit_base_patch32_224_classification,201,218,,1000,30,30,30,thin,56,True,5.0175019221622925,0.43683353806516845,0.04211324867441668,0.5889633600154012,5.45433546022746,5.059615170836708,6.085412068917278
convit_base_classification,vit_base_patch16_224_classification,201,197,,1000,30,30,30,thin,56,True,5.12309019925849,0.3312452609689691,0.0,0.45905578299785077,5.45433546022746,5.123090199258491,5.913391243225311
convit_base_classification,tnt_s_patch16_224_classification,201,198,,1000,30,30,30,thin,56,True,5.114645286919824,0.33969017330763585,0.0,0.39502699896394944,5.45433546022746,5.114645286919824,5.8493624591914095
convit_base_classification,crossvit_base_240_classification,201,336,,1000,30,30,30,thin,56,True,5.435536462122148,0.01879899810531338,0.021573361185355466,0.513696731990918,5.45433546022746,5.457109823307502,5.989605553403734
convit_base_classification,deit_base_patch16_224_classification,201,205,,1000,30,30,30,thin,56,True,5.415713591765032,0.03862186846242732,0.0,0.47559724499978273,5.45433546022746,5.415713591765033,5.929932705227243
convit_base_classification,dino_vitb16_selfsupervised,201,208,,1000,30,30,30,thin,56,True,4.25995028124841,1.1943851789790507,0.31939537528446404,0.6279792287626282,5.45433546022746,4.579345656532873,6.401710064274552
RN50_clip,RN101_clip,179,366,,1000,30,30,30,thin,56,True,5.6538764570316475,0.07978240560649308,0.0,0.49618590026197484,5.73365886263814,5.653876457031647,6.229844762900115
RN50_clip,ResNet50-SimCLR_selfsupervised,179,162,,1000,30,30,30,thin,56,True,5.311707512636001,0.42195135000213835,0.0012218313622716082,0.5453136710173565,5.73365886263814,5.312929343998273,6.280194365017768
RN50_clip,ResNet50-DeepClusterV2-2x224_selfsupervised,179,162,,1000,30,30,30,thin,56,True,5.39521236510845,0.3384464975296906,0.12016123321367189,0.61420574728663,5.73365886263814,5.515373598322121,6.468025843138442
RN50_clip,ResNet50-SwAV-BS4096-2x224_selfsupervised,179,165,,1000,30,30,30,thin,56,True,5.273647315237146,0.4600115474009945,0.0,0.570936935190792,5.73365886263814,5.273647315237145,6.304595797828932
RN50_clip,ResNet50-PIRL_selfsupervised,179,165,,1000,30,30,30,thin,56,True,4.8708559476675415,0.8628029149705974,0.01837661157578463,0.584784823351427,5.73365886263814,4.889232559243327,6.336820297565351
RN50_clip,ResNet50-ClusterFit-16K-RotNet_selfsupervised,179,160,,1000,30,30,30,thin,56,True,4.347227883957626,1.3864309786805125,0.010174572183409225,0.6009559139226326,5.73365886263814,4.3574024561410365,6.3447893487441815
RN50_clip,ResNet50-MoCoV2-BS256_selfsupervised,179,155,,1000,30,30,30,thin,56,True,5.086217478751249,0.6474413838868918,0.0,0.5125145097930783,5.73365886263814,5.086217478751248,6.246173372431218
RN50_clip,nf_resnet50_classification,179,141,,1000,30,30,30,thin,56,True,4.546665588827731,1.1869932738104083,0.0,0.36466381201030895,5.73365886263814,4.546665588827731,6.098322674648449
RN50_clip,hardcorenas_f_classification,179,294,,1000,30,30,30,thin,56,True,4.847355917205179,0.886302945432961,0.14749137806450818,0.5452927470996869,5.73365886263814,4.994847295269687,6.426442987802335
RN50_clip,eca_nfnet_l0_classification,179,134,,1000,30,30,30,thin,56,True,5.564882973570583,0.1687758890675557,0.648869608090874,0.5635273535751519,5.73365886263814,6.213752581661458,6.946055824304166
RN50_clip,resnet50_classification,179,156,,1000,30,30,30,thin,56,True,5.113719715493514,0.6199391471446258,0.0,0.43856424982386155,5.73365886263814,5.113719715493514,6.172223112462001
RN50_clip,semnasnet_100_classification,179,270,,1000,30,30,30,thin,56,True,5.001340895908304,0.7323179667298358,0.0,0.5579325620127094,5.73365886263814,5.001340895908304,6.291591424650849
RN50_clip,cspresnet50_classification,179,320,,1000,30,30,30,thin,56,True,5.262706259477025,0.47095260316111354,0.0,0.4540993239114277,5.73365886263814,5.262706259477026,6.187758186549567
RN50_clip,mobilenetv3_large_100_classification,179,252,,1000,30,30,30,thin,56,True,5.161749948916648,0.5719089137214919,0.16334210658170356,0.5569510525421304,5.73365886263814,5.325092055498351,6.453952021761974
RN50_clip,ghostnet_100_classification,179,290,,1000,30,30,30,thin,56,True,5.083055270919855,0.6506035917182844,0.18002062619636572,0.6223098842393631,5.73365886263814,5.263075897116221,6.5359893730738685
RN50_clip,convnext_base_classification,179,273,,1000,30,30,30,thin,56,True,5.723650429505484,0.010008433132656869,0.1945044183895348,0.575874332803636,5.73365886263814,5.918154847895018,6.5040376138313105
RN50_clip,xcit_nano_12_p8_224_classification,179,266,,1000,30,30,30,thin,56,True,4.997268218453323,0.7363906441848158,0.14571752412471195,0.5662168562114127,5.73365886263814,5.142985742578036,6.445593242974264
RN50_clip,xcit_nano_12_p16_224_classification,179,242,,1000,30,30,30,thin,56,True,4.865291109432786,0.8683677532053542,0.12261947476669022,0.6221169874608687,5.73365886263814,4.987910584199476,6.478395324865699
RN50_clip,swin_large_patch4_window7_224_classification,179,281,,1000,30,30,30,thin,56,True,5.0456002791177434,0.6880585835203963,0.34846788239886983,0.5694819996947684,5.73365886263814,5.394068161516613,6.651608744731778
RN50_clip,jx_nest_tiny_classification,179,148,,1000,30,30,30,thin,56,True,5.457203036405751,0.2764558262323886,0.2894242853189022,0.5603697550192432,5.73365886263814,5.746627321724653,6.583452902976285
RN50_clip,pit_ti_224_classification,179,207,,1000,30,30,30,thin,56,True,5.228313245236937,0.5053456174012023,0.16027751736008966,0.5571165631915296,5.73365886263814,5.388590762597027,6.451052943189759
RN50_clip,vit_base_patch32_224_classification,179,218,,1000,30,30,30,thin,56,True,5.059615170836708,0.6740436918014314,0.0,0.5053997701041633,5.73365886263814,5.059615170836708,6.239058632742303
RN50_clip,vit_base_patch16_224_classification,179,197,,1000,30,30,30,thin,56,True,5.123090199258491,0.6105686633796488,0.0,0.5433286086778342,5.73365886263814,5.123090199258491,6.276987471315974
RN50_clip,tnt_s_patch16_224_classification,179,198,,1000,30,30,30,thin,56,True,5.0512233015090455,0.6824355611290951,0.06342198541077959,0.5578587374629072,5.73365886263814,5.114645286919824,6.3549395855118265
RN50_clip,crossvit_base_240_classification,179,336,,1000,30,30,30,thin,56,True,5.302638528794026,0.4310203338441134,0.15447129451347585,0.5906585625841991,5.73365886263814,5.457109823307502,6.478788719735815
RN50_clip,deit_base_patch16_224_classification,179,205,,1000,30,30,30,thin,56,True,5.2612516798449445,0.47240718279319527,0.1544619119200883,0.5665621272204291,5.73365886263814,5.415713591765033,6.454682901778657
RN50_clip,dino_vitb16_selfsupervised,179,208,,1000,30,30,30,thin,56,True,4.474826346652009,1.258832515986131,0.10451930988086477,0.5914866824443497,5.73365886263814,4.579345656532873,6.429664854963354
RN101_clip,ResNet50-SimCLR_selfsupervised,366,162,,1000,30,30,30,thin,56,True,5.210721040525403,0.443155416506241,0.10220830347286913,0.6222682149272423,5.653876457031645,5.312929343998273,6.378352975431756
RN101_clip,ResNet50-DeepClusterV2-2x224_selfsupervised,366,162,,1000,30,30,30,thin,56,True,5.291980519546514,0.36189593748513094,0.2233930787756071,0.6755212158246469,5.653876457031645,5.515373598322121,6.552790751631899
RN101_clip,ResNet50-SwAV-BS4096-2x224_selfsupervised,366,165,,1000,30,30,30,thin,56,True,5.166446687817298,0.487429769214347,0.10720062741984737,0.6010959336819148,5.653876457031645,5.273647315237145,6.362173018133407
RN101_clip,ResNet50-PIRL_selfsupervised,366,165,,1000,30,30,30,thin,56,True,4.802737851432885,0.8511386055987602,0.08649470781044233,0.6592247963464866,5.653876457031645,4.889232559243327,6.399595961188574
RN101_clip,ResNet50-ClusterFit-16K-RotNet_selfsupervised,366,160,,1000,30,30,30,thin,56,True,4.262012592278963,1.3918638647526818,0.09538986386207338,0.6707793449673227,5.653876457031645,4.3574024561410365,6.420045665861041
RN101_clip,ResNet50-MoCoV2-BS256_selfsupervised,366,155,,1000,30,30,30,thin,56,True,4.998964844030118,0.6549116130015271,0.0872526347211302,0.597564936138947,5.653876457031645,5.086217478751248,6.338694027891722
RN101_clip,nf_resnet50_classification,366,141,,1000,30,30,30,thin,56,True,4.5466655888277305,1.1072108682039135,0.0,0.39504148577010856,5.653876457031645,4.546665588827731,6.048917942801753
RN101_clip,hardcorenas_f_classification,366,294,,1000,30,30,30,thin,56,True,4.831099828575291,0.8227766284563547,0.16374746669439677,0.602522415864267,5.653876457031645,4.994847295269687,6.420146339590309
RN101_clip,eca_nfnet_l0_classification,366,134,,1000,30,30,30,thin,56,True,5.496804303488204,0.1570721535434405,0.7169482781732537,0.6013444863125681,5.653876457031645,6.213752581661458,6.972169221517467
RN101_clip,resnet50_classification,366,156,,1000,30,30,30,thin,56,True,5.113719715493515,0.540156741538131,0.0,0.6049385887688485,5.653876457031645,5.113719715493514,6.258815045800493
RN101_clip,semnasnet_100_classification,366,270,,1000,30,30,30,thin,56,True,5.001340895908305,0.652535561123341,0.0,0.5246004327549079,5.653876457031645,5.001340895908304,6.178476889786553
RN101_clip,cspresnet50_classification,366,320,,1000,30,30,30,thin,56,True,5.242013737295124,0.4118627197365212,0.02069252218190254,0.5606981681033334,5.653876457031645,5.262706259477026,6.235267147316881
RN101_clip,mobilenetv3_large_100_classification,366,252,,1000,30,30,30,thin,56,True,5.14955549603389,0.5043209609977541,0.17553655946446067,0.5807088077797804,5.653876457031645,5.325092055498351,6.410121824275886
RN101_clip,ghostnet_100_classification,366,290,,1000,30,30,30,thin,56,True,5.03944443532332,0.6144320217083257,0.22363146179290183,0.6517796390084198,5.653876457031645,5.263075897116221,6.5292875578329665
RN101_clip,convnext_base_classification,366,273,,1000,30,30,30,thin,56,True,5.548760236113737,0.10511622091790773,0.3693946117812805,0.6037953625793273,5.653876457031645,5.918154847895018,6.627066431392253
RN101_clip,xcit_nano_12_p8_224_classification,366,266,,1000,30,30,30,thin,56,True,4.948447201715497,0.7054292553161483,0.1945385408625393,0.6536211227815096,5.653876457031645,5.142985742578036,6.502036120675694
RN101_clip,xcit_nano_12_p16_224_classification,366,242,,1000,30,30,30,thin,56,True,4.841395348851798,0.8124811081798473,0.14651523534767819,0.7035580052156956,5.653876457031645,4.987910584199476,6.503949697595019
RN101_clip,swin_large_patch4_window7_224_classification,366,281,,1000,30,30,30,thin,56,True,5.077917817329392,0.575958639702252,0.31615034418722043,0.5977355753589322,5.653876457031645,5.394068161516613,6.5677623765777975
RN101_clip,jx_nest_tiny_classification,366,148,,1000,30,30,30,thin,56,True,5.347529757419066,0.3063466996125799,0.3990975643055883,0.6349610144303899,5.653876457031645,5.746627321724653,6.687935035767623
RN101_clip,pit_ti_224_classification,366,207,,1000,30,30,30,thin,56,True,5.135003125390808,0.5188733316408376,0.2535876372062198,0.5913497859079717,5.653876457031645,5.388590762597027,6.498813880145836
RN101_clip,vit_base_patch32_224_classification,366,218,,1000,30,30,30,thin,56,True,5.050796845516003,0.6030796115156427,0.008818325320706144,0.5925841434184145,5.653876457031645,5.059615170836708,6.2552789257707655
RN101_clip,vit_base_patch16_224_classification,366,197,,1000,30,30,30,thin,56,True,5.034161442977029,0.6197150140546146,0.08892875628146069,0.6453661482739541,5.653876457031645,5.123090199258491,6.38817136158706
RN101_clip,tnt_s_patch16_224_classification,366,198,,1000,30,30,30,thin,56,True,5.000961342966417,0.6529151140652276,0.11368394395340697,0.5938393976874652,5.653876457031645,5.114645286919824,6.361399798672517
RN101_clip,crossvit_base_240_classification,366,336,,1000,30,30,30,thin,56,True,5.24587953931366,0.40799691771798585,0.21123028399384314,0.6040566875140447,5.653876457031645,5.457109823307502,6.469163428539533
RN101_clip,deit_base_patch16_224_classification,366,205,,1000,30,30,30,thin,56,True,5.1999624855845665,0.45391397144707746,0.21575110618046534,0.6312337217389494,5.653876457031645,5.415713591765033,6.50086128495106
RN101_clip,dino_vitb16_selfsupervised,366,208,,1000,30,30,30,thin,56,True,4.453158656323092,1.2007178007085537,0.12618700020978224,0.6405356220284917,5.653876457031645,4.579345656532873,6.420599079269919
ResNet50-SimCLR_selfsupervised,ResNet50-DeepClusterV2-2x224_selfsupervised,162,162,,1000,30,30,30,thin,56,True,5.31292934399827,0.0,0.20244425432385071,0.4742691378228425,5.31292934399827,5.515373598322121,5.989642736144964
ResNet50-SimCLR_selfsupervised,ResNet50-SwAV-BS4096-2x224_selfsupervised,162,165,,1000,30,30,30,thin,56,True,5.2379336145270585,0.0749957294712118,0.03571370071008673,0.5170028018812118,5.31292934399827,5.273647315237145,5.865645846589569
ResNet50-SimCLR_selfsupervised,ResNet50-PIRL_selfsupervised,162,165,,1000,30,30,30,thin,56,True,4.889232559243327,0.4236967847549433,0.0,0.42052626691107786,5.31292934399827,4.889232559243327,5.733455610909348
ResNet50-SimCLR_selfsupervised,ResNet50-ClusterFit-16K-RotNet_selfsupervised,162,160,,1000,30,30,30,thin,56,True,4.3574024561410365,0.9555268878572338,0.0,0.5490405411146719,5.31292934399827,4.3574024561410365,5.861969885112942
ResNet50-SimCLR_selfsupervised,ResNet50-MoCoV2-BS256_selfsupervised,162,155,,1000,30,30,30,thin,56,True,5.041315295247409,0.2716140487508616,0.04490218350383923,0.5542165039434579,5.31292934399827,5.086217478751248,5.9120480314455675
ResNet50-SimCLR_selfsupervised,nf_resnet50_classification,162,141,,1000,30,30,30,thin,56,True,4.546665588827732,0.7662637551705389,0.0,0.48117454542545346,5.31292934399827,4.546665588827731,5.794103889423724
ResNet50-SimCLR_selfsupervised,hardcorenas_f_classification,162,294,,1000,30,30,30,thin,56,True,4.691578392754719,0.6213509512435502,0.30326890251496685,0.5664789484992889,5.31292934399827,4.994847295269687,6.182677195012526
ResNet50-SimCLR_selfsupervised,eca_nfnet_l0_classification,162,134,,1000,30,30,30,thin,56,True,5.31292934399827,0.0,0.9008232376631877,0.5291878797740228,5.31292934399827,6.213752581661458,6.742940461435481
ResNet50-SimCLR_selfsupervised,resnet50_classification,162,156,,1000,30,30,30,thin,56,True,5.010957950825902,0.30197139317236754,0.10276176466761111,0.5012227810773693,5.31292934399827,5.113719715493514,5.916913889743251
ResNet50-SimCLR_selfsupervised,semnasnet_100_classification,162,270,,1000,30,30,30,thin,56,True,4.882054180248311,0.4308751637499588,0.11928671565999238,0.592903926974536,5.31292934399827,5.001340895908304,6.025119986632799
ResNet50-SimCLR_selfsupervised,cspresnet50_classification,162,320,,1000,30,30,30,thin,56,True,5.096190305375092,0.216739038623178,0.16651595410193387,0.5526779058797135,5.31292934399827,5.262706259477026,6.032123203979918
ResNet50-SimCLR_selfsupervised,mobilenetv3_large_100_classification,162,252,,1000,30,30,30,thin,56,True,4.968533855315901,0.3443954886823706,0.35655820018245166,0.5860619900728166,5.31292934399827,5.325092055498351,6.2555495342535385
ResNet50-SimCLR_selfsupervised,ghostnet_100_classification,162,290,,1000,30,30,30,thin,56,True,4.901174708186668,0.41175463581160177,0.3619011889295525,0.670262950303778,5.31292934399827,5.263075897116221,6.345093483231601
ResNet50-SimCLR_selfsupervised,convnext_base_classification,162,273,,1000,30,30,30,thin,56,True,5.31292934399827,0.0,0.6052255038967473,0.47653965487782024,5.31292934399827,5.918154847895018,6.394694502772838
ResNet50-SimCLR_selfsupervised,xcit_nano_12_p8_224_classification,162,266,,1000,30,30,30,thin,56,True,4.961292619969405,0.35163672402886537,0.1816931226086309,0.516007470429158,5.31292934399827,5.142985742578036,6.010629937036059
ResNet50-SimCLR_selfsupervised,xcit_nano_12_p16_224_classification,162,242,,1000,30,30,30,thin,56,True,4.855691071068994,0.45723827292927677,0.1322195131304822,0.617344064379509,5.31292934399827,4.987910584199476,6.0624929215082615
ResNet50-SimCLR_selfsupervised,swin_large_patch4_window7_224_classification,162,281,,1000,30,30,30,thin,56,True,4.880583527935286,0.43234581606298494,0.5134846335813279,0.6050818987980673,5.31292934399827,5.394068161516613,6.4314958763776655
ResNet50-SimCLR_selfsupervised,jx_nest_tiny_classification,162,148,,1000,30,30,30,thin,56,True,5.312929343998269,0.0,0.43369797772638297,0.4582764506806445,5.31292934399827,5.746627321724653,6.204903772405298
ResNet50-SimCLR_selfsupervised,pit_ti_224_classification,162,207,,1000,30,30,30,thin,56,True,5.124703842769929,0.1882255012283407,0.26388691982709744,0.5309013016306965,5.31292934399827,5.388590762597027,6.107717565456064
ResNet50-SimCLR_selfsupervised,vit_base_patch32_224_classification,162,218,,1000,30,30,30,thin,56,True,4.955171984482353,0.35775735951591603,0.10444318635435401,0.592166621170712,5.31292934399827,5.059615170836708,6.009539151523336
ResNet50-SimCLR_selfsupervised,vit_base_patch16_224_classification,162,197,,1000,30,30,30,thin,56,True,5.032839089316547,0.2800902546817241,0.09025110994194474,0.5410995178393883,5.31292934399827,5.123090199258491,5.944279971779603
ResNet50-SimCLR_selfsupervised,tnt_s_patch16_224_classification,162,198,,1000,30,30,30,thin,56,True,5.009655444489913,0.3032738995083575,0.10498984242991138,0.5139668247381577,5.31292934399827,5.114645286919824,5.931886011166339
ResNet50-SimCLR_selfsupervised,crossvit_base_240_classification,162,336,,1000,30,30,30,thin,56,True,5.235983138696666,0.07694620530160368,0.2211266846108355,0.5249784940339959,5.31292934399827,5.457109823307502,6.059034522643102
ResNet50-SimCLR_selfsupervised,deit_base_patch16_224_classification,162,205,,1000,30,30,30,thin,56,True,5.211348624318936,0.10158071967933502,0.20436496744609745,0.4800576185798411,5.31292934399827,5.415713591765033,5.997351930024209
ResNet50-SimCLR_selfsupervised,dino_vitb16_selfsupervised,162,208,,1000,30,30,30,thin,56,True,4.325629399189741,0.9872999448085285,0.2537162573431315,0.6165000239640914,5.31292934399827,4.579345656532873,6.183145625305493
ResNet50-DeepClusterV2-2x224_selfsupervised,ResNet50-SwAV-BS4096-2x224_selfsupervised,162,165,,1000,30,30,30,thin,56,True,5.273647315237145,0.24172628308498467,0.0,0.49579039556874616,5.51537359832213,5.273647315237145,6.011163993890876
ResNet50-DeepClusterV2-2x224_selfsupervised,ResNet50-PIRL_selfsupervised,162,165,,1000,30,30,30,thin,56,True,4.889232559243327,0.6261410390788029,0.0,0.40438178381536716,5.51537359832213,4.889232559243327,5.919755382137497
ResNet50-DeepClusterV2-2x224_selfsupervised,ResNet50-ClusterFit-16K-RotNet_selfsupervised,162,160,,1000,30,30,30,thin,56,True,4.3574024561410365,1.1579711421810934,0.0,0.3868071107210964,5.51537359832213,4.3574024561410365,5.902180709043226
ResNet50-DeepClusterV2-2x224_selfsupervised,ResNet50-MoCoV2-BS256_selfsupervised,162,155,,1000,30,30,30,thin,56,True,5.086217478751248,0.42915611957088196,0.0,0.43507884425156806,5.51537359832213,5.086217478751248,5.950452442573698
ResNet50-DeepClusterV2-2x224_selfsupervised,nf_resnet50_classification,162,141,,1000,30,30,30,thin,56,True,4.5466655888277305,0.9687080094943985,0.0,0.45188723030844,5.51537359832213,4.546665588827731,5.96726082863057
ResNet50-DeepClusterV2-2x224_selfsupervised,hardcorenas_f_classification,162,294,,1000,30,30,30,thin,56,True,4.9160980809794825,0.5992755173426483,0.07874921429020532,0.6277777914622638,5.51537359832213,4.994847295269687,6.221900604074599
ResNet50-DeepClusterV2-2x224_selfsupervised,eca_nfnet_l0_classification,162,134,,1000,30,30,30,thin,56,True,5.51537359832213,0.0,0.6983789833393281,0.5576047204596186,5.51537359832213,6.213752581661458,6.771357302121077
ResNet50-DeepClusterV2-2x224_selfsupervised,resnet50_classification,162,156,,1000,30,30,30,thin,56,True,5.113719715493515,0.401653882828616,0.0,0.4570721039352197,5.51537359832213,5.113719715493514,5.97244570225735
ResNet50-DeepClusterV2-2x224_selfsupervised,semnasnet_100_classification,162,270,,1000,30,30,30,thin,56,True,5.001340895908305,0.514032702413826,0.0,0.6098514663452725,5.51537359832213,5.001340895908304,6.1252250646674025
ResNet50-DeepClusterV2-2x224_selfsupervised,cspresnet50_classification,162,320,,1000,30,30,30,thin,56,True,5.1961972011759725,0.3191763971461574,0.06650905830105369,0.566270091178187,5.51537359832213,5.262706259477026,6.148152747801371
ResNet50-DeepClusterV2-2x224_selfsupervised,mobilenetv3_large_100_classification,162,252,,1000,30,30,30,thin,56,True,5.179252773904873,0.33612082441725644,0.14583928159347792,0.6453436780210815,5.51537359832213,5.325092055498351,6.306556557936689
ResNet50-DeepClusterV2-2x224_selfsupervised,ghostnet_100_classification,162,290,,1000,30,30,30,thin,56,True,5.091088464570367,0.4242851337517637,0.1719874325458548,0.6676876091716553,5.51537359832213,5.263075897116221,6.35504864003964
ResNet50-DeepClusterV2-2x224_selfsupervised,convnext_base_classification,162,273,,1000,30,30,30,thin,56,True,5.51537359832213,0.0,0.40278124957288775,0.5112857992178119,5.51537359832213,5.918154847895018,6.42944064711283
ResNet50-DeepClusterV2-2x224_selfsupervised,xcit_nano_12_p8_224_classification,162,266,,1000,30,30,30,thin,56,True,5.09653141044743,0.4188421878746995,0.04645433213060546,0.5756271935934167,5.51537359832213,5.142985742578036,6.137455124046152
ResNet50-DeepClusterV2-2x224_selfsupervised,xcit_nano_12_p16_224_classification,162,242,,1000,30,30,30,thin,56,True,4.987910584199476,0.5274630141226542,0.0,0.5981596257913893,5.51537359832213,4.987910584199476,6.113533224113519
ResNet50-DeepClusterV2-2x224_selfsupervised,swin_large_patch4_window7_224_classification,162,281,,1000,30,30,30,thin,56,True,5.005268309487681,0.5101052888344482,0.3887998520289315,0.6935881524045149,5.51537359832213,5.394068161516613,6.597761602755576
ResNet50-DeepClusterV2-2x224_selfsupervised,jx_nest_tiny_classification,162,148,,1000,30,30,30,thin,56,True,5.489139862204761,0.02623373611737012,0.2574874595198935,0.5874662705416576,5.51537359832213,5.746627321724653,6.360327328383681
ResNet50-DeepClusterV2-2x224_selfsupervised,pit_ti_224_classification,162,207,,1000,30,30,30,thin,56,True,5.359496926810028,0.15587667151210294,0.02909383578700009,0.5549600861663171,5.51537359832213,5.388590762597027,6.099427520275447
ResNet50-DeepClusterV2-2x224_selfsupervised,vit_base_patch32_224_classification,162,218,,1000,30,30,30,thin,56,True,5.059615170836709,0.4557584274854216,0.0,0.5941108259994632,5.51537359832213,5.059615170836708,6.109484424321593
ResNet50-DeepClusterV2-2x224_selfsupervised,vit_base_patch16_224_classification,162,197,,1000,30,30,30,thin,56,True,5.12309019925849,0.39228339906363896,0.0,0.4773286452908456,5.51537359832213,5.123090199258491,5.9927022436129755
ResNet50-DeepClusterV2-2x224_selfsupervised,tnt_s_patch16_224_classification,162,198,,1000,30,30,30,thin,56,True,5.097660532587946,0.4177130657341843,0.016984754331878626,0.5719187051402219,5.51537359832213,5.114645286919824,6.1042770577942305
ResNet50-DeepClusterV2-2x224_selfsupervised,crossvit_base_240_classification,162,336,,1000,30,30,30,thin,56,True,5.365570643550853,0.14980295477127825,0.09153917975665049,0.5590041377985138,5.51537359832213,5.457109823307502,6.165916915877294
ResNet50-DeepClusterV2-2x224_selfsupervised,deit_base_patch16_224_classification,162,205,,1000,30,30,30,thin,56,True,5.375835837587158,0.13953776073497082,0.03987775417787365,0.5267405918685997,5.51537359832213,5.415713591765033,6.081991944368603
ResNet50-DeepClusterV2-2x224_selfsupervised,dino_vitb16_selfsupervised,162,208,,1000,30,30,30,thin,56,True,4.355033698358717,1.1603398999634136,0.22431195817415706,0.6733299867424964,5.51537359832213,4.579345656532873,6.413015543238783
ResNet50-SwAV-BS4096-2x224_selfsupervised,ResNet50-PIRL_selfsupervised,165,165,,1000,30,30,30,thin,56,True,4.889232559243328,0.3844147559938156,0.0,0.49058243874655627,5.273647315237143,4.889232559243327,5.764229753983699
ResNet50-SwAV-BS4096-2x224_selfsupervised,ResNet50-ClusterFit-16K-RotNet_selfsupervised,165,160,,1000,30,30,30,thin,56,True,4.357402456141037,0.9162448590961061,0.0,0.5536099530615868,5.273647315237143,4.3574024561410365,5.827257268298729
ResNet50-SwAV-BS4096-2x224_selfsupervised,ResNet50-MoCoV2-BS256_selfsupervised,165,155,,1000,30,30,30,thin,56,True,4.967680832137787,0.3059664830993549,0.1185366466134603,0.5480314414192593,5.273647315237143,5.086217478751248,5.940215403269862
ResNet50-SwAV-BS4096-2x224_selfsupervised,nf_resnet50_classification,165,141,,1000,30,30,30,thin,56,True,4.522680713850021,0.7509666013871215,0.02398487497771029,0.5406826909435134,5.273647315237143,4.546665588827731,5.838314881158366
ResNet50-SwAV-BS4096-2x224_selfsupervised,hardcorenas_f_classification,165,294,,1000,30,30,30,thin,56,True,4.644771952350438,0.6288753628867045,0.3500753429192489,0.6406585120412736,5.273647315237143,4.994847295269687,6.264381170197665
ResNet50-SwAV-BS4096-2x224_selfsupervised,eca_nfnet_l0_classification,165,134,,1000,30,30,30,thin,56,True,5.254216675971694,0.0194306392654493,0.9595359056897648,0.6457755958736513,5.273647315237143,6.213752581661458,6.878958816800559
ResNet50-SwAV-BS4096-2x224_selfsupervised,resnet50_classification,165,156,,1000,30,30,30,thin,56,True,5.005989149983722,0.2676581652534207,0.10773056550979199,0.5600271070564506,5.273647315237143,5.113719715493514,5.941404987803385
ResNet50-SwAV-BS4096-2x224_selfsupervised,semnasnet_100_classification,165,270,,1000,30,30,30,thin,56,True,4.889010559364676,0.3846367558724664,0.11233033654362767,0.6116064222488031,5.273647315237143,5.001340895908304,5.997584074029573
ResNet50-SwAV-BS4096-2x224_selfsupervised,cspresnet50_classification,165,320,,1000,30,30,30,thin,56,True,5.123359827084599,0.15028748815254467,0.13934643239242828,0.5476552929008225,5.273647315237143,5.262706259477026,5.960649040530393
ResNet50-SwAV-BS4096-2x224_selfsupervised,mobilenetv3_large_100_classification,165,252,,1000,30,30,30,thin,56,True,4.879452280502416,0.39419503473472695,0.44563977499593577,0.6785653412910451,5.273647315237143,5.325092055498351,6.397852431524123
ResNet50-SwAV-BS4096-2x224_selfsupervised,ghostnet_100_classification,165,290,,1000,30,30,30,thin,56,True,4.823242927534734,0.45040438770240865,0.4398329695814871,0.679511126204333,5.273647315237143,5.263075897116221,6.392991411022963
ResNet50-SwAV-BS4096-2x224_selfsupervised,convnext_base_classification,165,273,,1000,30,30,30,thin,56,True,5.273647315237142,0.0,0.6445075326578751,0.37733459072163633,5.273647315237143,5.918154847895018,6.295489438616654
ResNet50-SwAV-BS4096-2x224_selfsupervised,xcit_nano_12_p8_224_classification,165,266,,1000,30,30,30,thin,56,True,4.9414463205681844,0.332200994668959,0.2015394220098523,0.5146532444934255,5.273647315237143,5.142985742578036,5.98983998174042
ResNet50-SwAV-BS4096-2x224_selfsupervised,xcit_nano_12_p16_224_classification,165,242,,1000,30,30,30,thin,56,True,4.838654552553664,0.43499276268347753,0.1492560316458107,0.595719432631042,5.273647315237143,4.987910584199476,6.018622779513995
ResNet50-SwAV-BS4096-2x224_selfsupervised,swin_large_patch4_window7_224_classification,165,281,,1000,30,30,30,thin,56,True,4.8325882077995,0.44105910743764287,0.5614799537171136,0.6371044193552855,5.273647315237143,5.394068161516613,6.472231688309542
ResNet50-SwAV-BS4096-2x224_selfsupervised,jx_nest_tiny_classification,165,148,,1000,30,30,30,thin,56,True,5.273647315237143,0.0,0.4729800064875107,0.4579210176960755,5.273647315237143,5.746627321724653,6.204548339420729
ResNet50-SwAV-BS4096-2x224_selfsupervised,pit_ti_224_classification,165,207,,1000,30,30,30,thin,56,True,5.142082495174166,0.13156482006297665,0.24650826742286114,0.4795665055956029,5.273647315237143,5.388590762597027,5.999722088255607
ResNet50-SwAV-BS4096-2x224_selfsupervised,vit_base_patch32_224_classification,165,218,,1000,30,30,30,thin,56,True,4.979235082914946,0.2944122323221965,0.08038008792176221,0.5511957819104047,5.273647315237143,5.059615170836708,5.9052231850693095
ResNet50-SwAV-BS4096-2x224_selfsupervised,vit_base_patch16_224_classification,165,197,,1000,30,30,30,thin,56,True,5.082241884147825,0.19140543108931762,0.040848315110666,0.5370214538401008,5.273647315237143,5.123090199258491,5.851517084187909
ResNet50-SwAV-BS4096-2x224_selfsupervised,tnt_s_patch16_224_classification,165,198,,1000,30,30,30,thin,56,True,5.0182636929658395,0.2553836222713022,0.09638159395398382,0.5162468276270058,5.273647315237143,5.114645286919824,5.886275736818132
ResNet50-SwAV-BS4096-2x224_selfsupervised,crossvit_base_240_classification,165,336,,1000,30,30,30,thin,56,True,5.223046939784416,0.05060037545272689,0.23406288352308646,0.5356316321479637,5.273647315237143,5.457109823307502,6.043341830908193
ResNet50-SwAV-BS4096-2x224_selfsupervised,deit_base_patch16_224_classification,165,205,,1000,30,30,30,thin,56,True,5.242886633639637,0.030760681597505446,0.1728269581253956,0.48975959729073093,5.273647315237143,5.415713591765033,5.936233870653269
ResNet50-SwAV-BS4096-2x224_selfsupervised,dino_vitb16_selfsupervised,165,208,,1000,30,30,30,thin,56,True,4.403131874114901,0.870515441122242,0.1762137824179728,0.6430486466147096,5.273647315237143,4.579345656532873,6.092909744269825
ResNet50-PIRL_selfsupervised,ResNet50-ClusterFit-16K-RotNet_selfsupervised,165,160,,1000,30,30,30,thin,56,True,4.328668435453151,0.5605641237901793,0.028734020687886108,0.5595812306258585,4.88923255924333,4.3574024561410365,5.477547810557074
ResNet50-PIRL_selfsupervised,ResNet50-MoCoV2-BS256_selfsupervised,165,155,,1000,30,30,30,thin,56,True,4.763081952324634,0.12615060691869484,0.32313552642661314,0.5188190317497741,4.88923255924333,5.086217478751248,5.731187117419717
ResNet50-PIRL_selfsupervised,nf_resnet50_classification,165,141,,1000,30,30,30,thin,56,True,4.346900792977961,0.5423317662653684,0.19976479584977014,0.5914843487456674,4.88923255924333,4.546665588827731,5.680481703838767
ResNet50-PIRL_selfsupervised,hardcorenas_f_classification,165,294,,1000,30,30,30,thin,56,True,4.518687307865945,0.3705452513773846,0.4761599874037419,0.6318552559698549,4.88923255924333,4.994847295269687,5.9972478026169265
ResNet50-PIRL_selfsupervised,eca_nfnet_l0_classification,165,134,,1000,30,30,30,thin,56,True,4.8892325592433306,0.0,1.3245200224181284,0.45159559179129793,4.88923255924333,6.213752581661458,6.665348173452756
ResNet50-PIRL_selfsupervised,resnet50_classification,165,156,,1000,30,30,30,thin,56,True,4.7045631118784375,0.18466944736489221,0.40915660361507644,0.5281365444026269,4.88923255924333,5.113719715493514,5.826525707261033
ResNet50-PIRL_selfsupervised,semnasnet_100_classification,165,270,,1000,30,30,30,thin,56,True,4.60356356891382,0.2856689903295093,0.39777732699448354,0.6465527858673186,4.88923255924333,5.001340895908304,5.933562672105132
ResNet50-PIRL_selfsupervised,cspresnet50_classification,165,320,,1000,30,30,30,thin,56,True,4.755747490472485,0.13348506877084532,0.5069587690045418,0.5821319113391166,4.88923255924333,5.262706259477026,5.978323239586988
ResNet50-PIRL_selfsupervised,mobilenetv3_large_100_classification,165,252,,1000,30,30,30,thin,56,True,4.654939875156471,0.2342926840868591,0.6701521803418808,0.6377358254063781,4.88923255924333,5.325092055498351,6.197120564991589
ResNet50-PIRL_selfsupervised,ghostnet_100_classification,165,290,,1000,30,30,30,thin,56,True,4.6232471388140715,0.2659854204292582,0.6398287583021496,0.6911024868305295,4.88923255924333,5.263075897116221,6.220163804376009
ResNet50-PIRL_selfsupervised,convnext_base_classification,165,273,,1000,30,30,30,thin,56,True,4.889232559243329,0.0,1.028922288651688,0.47425132574839957,4.88923255924333,5.918154847895018,6.392406173643417
ResNet50-PIRL_selfsupervised,xcit_nano_12_p8_224_classification,165,266,,1000,30,30,30,thin,56,True,4.730783331290578,0.15844922795275274,0.41220241128745894,0.5326141886255646,4.88923255924333,5.142985742578036,5.834049159156353
ResNet50-PIRL_selfsupervised,xcit_nano_12_p16_224_classification,165,242,,1000,30,30,30,thin,56,True,4.660527397351504,0.228705161891825,0.3273831868479711,0.5905761167434367,4.88923255924333,4.987910584199476,5.807191862834737
ResNet50-PIRL_selfsupervised,swin_large_patch4_window7_224_classification,165,281,,1000,30,30,30,thin,56,True,4.586043077751875,0.3031894814914544,0.808025083764738,0.6720548782180868,4.88923255924333,5.394068161516613,6.3693125212261545
ResNet50-PIRL_selfsupervised,jx_nest_tiny_classification,165,148,,1000,30,30,30,thin,56,True,4.88923255924333,0.0,0.8573947624813236,0.4017986374966318,4.88923255924333,5.746627321724653,6.148425959221285
ResNet50-PIRL_selfsupervised,pit_ti_224_classification,165,207,,1000,30,30,30,thin,56,True,4.88923255924333,0.0,0.4993582033536974,0.5219268512583346,4.88923255924333,5.388590762597027,5.910517613855362
ResNet50-PIRL_selfsupervised,vit_base_patch32_224_classification,165,218,,1000,30,30,30,thin,56,True,4.673003975500056,0.21622858374327336,0.386611195336652,0.5953048422968141,4.88923255924333,5.059615170836708,5.871148596876796
ResNet50-PIRL_selfsupervised,vit_base_patch16_224_classification,165,197,,1000,30,30,30,thin,56,True,4.764731332919639,0.12450122632369087,0.35835886633885217,0.5382245894932911,4.88923255924333,5.123090199258491,5.785816015075473
ResNet50-PIRL_selfsupervised,tnt_s_patch16_224_classification,165,198,,1000,30,30,30,thin,56,True,4.787909611886979,0.1013229473563495,0.32673567503284406,0.6000239689880589,4.88923255924333,5.114645286919824,5.815992203264233
ResNet50-PIRL_selfsupervised,crossvit_base_240_classification,165,336,,1000,30,30,30,thin,56,True,4.88923255924333,0.0,0.5678772640641725,0.4875329537503754,4.88923255924333,5.457109823307502,5.944642777057878
ResNet50-PIRL_selfsupervised,deit_base_patch16_224_classification,165,205,,1000,30,30,30,thin,56,True,4.88923255924333,0.0,0.5264810325217031,0.45521944864833763,4.88923255924333,5.415713591765033,5.87093304041337
ResNet50-PIRL_selfsupervised,dino_vitb16_selfsupervised,165,208,,1000,30,30,30,thin,56,True,4.059389052941201,0.8298435063021286,0.5199566035916723,0.6456315672058306,4.88923255924333,4.579345656532873,6.0548207300408325
ResNet50-ClusterFit-16K-RotNet_selfsupervised,ResNet50-MoCoV2-BS256_selfsupervised,160,155,,1000,30,30,30,thin,56,True,4.230286225191684,0.12711623094935742,0.8559312535595645,0.5236209181697671,4.357402456141041,5.086217478751248,5.7369546278703725
ResNet50-ClusterFit-16K-RotNet_selfsupervised,nf_resnet50_classification,160,141,,1000,30,30,30,thin,56,True,3.887019242878827,0.4703832132622141,0.6596463459489046,0.586961366384287,4.357402456141041,4.546665588827731,5.6040101684742325
ResNet50-ClusterFit-16K-RotNet_selfsupervised,hardcorenas_f_classification,160,294,,1000,30,30,30,thin,56,True,4.038375715491377,0.3190267406496643,0.9564715797783103,0.6075504600703674,4.357402456141041,4.994847295269687,5.921424495989719
ResNet50-ClusterFit-16K-RotNet_selfsupervised,eca_nfnet_l0_classification,160,134,,1000,30,30,30,thin,56,True,4.35740245614104,0.0,1.8563501255204171,0.45983394900943964,4.357402456141041,6.213752581661458,6.673586530670898
ResNet50-ClusterFit-16K-RotNet_selfsupervised,resnet50_classification,160,156,,1000,30,30,30,thin,56,True,4.198472848696113,0.1589296074449278,0.9152468667974007,0.5454026803960801,4.357402456141041,5.113719715493514,5.818052003334522
ResNet50-ClusterFit-16K-RotNet_selfsupervised,semnasnet_100_classification,160,270,,1000,30,30,30,thin,56,True,4.140914532882672,0.21648792325836919,0.8604263630256321,0.6395051582594746,4.357402456141041,5.001340895908304,5.857333977426148
ResNet50-ClusterFit-16K-RotNet_selfsupervised,cspresnet50_classification,160,320,,1000,30,30,30,thin,56,True,4.200409137038308,0.15699331910273173,1.062297122438717,0.5925504919510782,4.357402456141041,5.262706259477026,6.012250070530836
ResNet50-ClusterFit-16K-RotNet_selfsupervised,mobilenetv3_large_100_classification,160,252,,1000,30,30,30,thin,56,True,4.152817902076739,0.20458455406430165,1.1722741534216121,0.6204099673781824,4.357402456141041,5.325092055498351,6.1500865769408355
ResNet50-ClusterFit-16K-RotNet_selfsupervised,ghostnet_100_classification,160,290,,1000,30,30,30,thin,56,True,4.111497774770035,0.24590468137100618,1.1515781223461863,0.6639141054532871,4.357402456141041,5.263075897116221,6.172894683940514
ResNet50-ClusterFit-16K-RotNet_selfsupervised,convnext_base_classification,160,273,,1000,30,30,30,thin,56,True,4.357402456141042,0.0,1.5607523917539767,0.4592836364732227,4.357402456141041,5.918154847895018,6.37743848436824
ResNet50-ClusterFit-16K-RotNet_selfsupervised,xcit_nano_12_p8_224_classification,160,266,,1000,30,30,30,thin,56,True,4.207234238977393,0.15016821716364692,0.9357515036006419,0.5102546893405666,4.357402456141041,5.142985742578036,5.803408649082249
ResNet50-ClusterFit-16K-RotNet_selfsupervised,xcit_nano_12_p16_224_classification,160,242,,1000,30,30,30,thin,56,True,4.177082309126104,0.18032014701493804,0.8108282750733729,0.5546290608735873,4.357402456141041,4.987910584199476,5.722859792088001
ResNet50-ClusterFit-16K-RotNet_selfsupervised,swin_large_patch4_window7_224_classification,160,281,,1000,30,30,30,thin,56,True,4.062457435662946,0.294945020478095,1.3316107258536674,0.6942123877304613,4.357402456141041,5.394068161516613,6.38322556972517
ResNet50-ClusterFit-16K-RotNet_selfsupervised,jx_nest_tiny_classification,160,148,,1000,30,30,30,thin,56,True,4.357402456141041,0.0,1.3892248655836124,0.3488783209560884,4.357402456141041,5.746627321724653,6.095505642680742
ResNet50-ClusterFit-16K-RotNet_selfsupervised,pit_ti_224_classification,160,207,,1000,30,30,30,thin,56,True,4.357402456141041,0.0,1.0311883064559861,0.4375506600458703,4.357402456141041,5.388590762597027,5.826141422642897
ResNet50-ClusterFit-16K-RotNet_selfsupervised,vit_base_patch32_224_classification,160,218,,1000,30,30,30,thin,56,True,4.215885692116216,0.14151676402482494,0.8437294787204923,0.623893468869058,4.357402456141041,5.059615170836708,5.825025403730591
ResNet50-ClusterFit-16K-RotNet_selfsupervised,vit_base_patch16_224_classification,160,197,,1000,30,30,30,thin,56,True,4.323141984984627,0.03426047115641406,0.7999482142738641,0.5297362404567858,4.357402456141041,5.123090199258491,5.687086910871691
ResNet50-ClusterFit-16K-RotNet_selfsupervised,tnt_s_patch16_224_classification,160,198,,1000,30,30,30,thin,56,True,4.249914958542093,0.1074874975989486,0.8647303283777319,0.5734790153089877,4.357402456141041,5.114645286919824,5.7956117998277605
ResNet50-ClusterFit-16K-RotNet_selfsupervised,crossvit_base_240_classification,160,336,,1000,30,30,30,thin,56,True,4.357402456141041,0.0,1.0997073671664612,0.42973612805816064,4.357402456141041,5.457109823307502,5.886845951365663
ResNet50-ClusterFit-16K-RotNet_selfsupervised,deit_base_patch16_224_classification,160,205,,1000,30,30,30,thin,56,True,4.357402456141041,0.0,1.0583111356239918,0.42050321662260437,4.357402456141041,5.415713591765033,5.836216808387637
ResNet50-ClusterFit-16K-RotNet_selfsupervised,dino_vitb16_selfsupervised,160,208,,1000,30,30,30,thin,56,True,3.8651021952047726,0.49230026093626833,0.7142434613281008,0.5942087827504077,4.357402456141041,4.579345656532873,5.665854700219549
ResNet50-MoCoV2-BS256_selfsupervised,nf_resnet50_classification,155,141,,1000,30,30,30,thin,56,True,4.3748604958760895,0.7113569828751487,0.17180509295164104,0.47675580340295465,5.086217478751239,4.546665588827731,5.734778375105835
ResNet50-MoCoV2-BS256_selfsupervised,hardcorenas_f_classification,155,294,,1000,30,30,30,thin,56,True,4.644689148673521,0.44152833007771886,0.35015814659616673,0.5752256794038697,5.086217478751239,4.994847295269687,6.0116013047512755
ResNet50-MoCoV2-BS256_selfsupervised,eca_nfnet_l0_classification,155,134,,1000,30,30,30,thin,56,True,5.086217478751239,0.0,1.127535102910219,0.40853787785464935,5.086217478751239,6.213752581661458,6.622290459516107
ResNet50-MoCoV2-BS256_selfsupervised,resnet50_classification,155,156,,1000,30,30,30,thin,56,True,4.895743637578497,0.1904738411727429,0.21797607791501772,0.5412317813873644,5.086217478751239,5.113719715493514,5.845425338053621
ResNet50-MoCoV2-BS256_selfsupervised,semnasnet_100_classification,155,270,,1000,30,30,30,thin,56,True,4.742731570025446,0.34348590872579354,0.25860932588285834,0.691729281924669,5.086217478751239,5.001340895908304,6.036556086558766
ResNet50-MoCoV2-BS256_selfsupervised,cspresnet50_classification,155,320,,1000,30,30,30,thin,56,True,4.887383627291391,0.198833851459848,0.3753226321856351,0.5666628145216785,5.086217478751239,5.262706259477026,6.028202925458553
ResNet50-MoCoV2-BS256_selfsupervised,mobilenetv3_large_100_classification,155,252,,1000,30,30,30,thin,56,True,4.823805087515843,0.2624123912353955,0.5012869679825078,0.6002617123834106,5.086217478751239,5.325092055498351,6.1877661591171575
ResNet50-MoCoV2-BS256_selfsupervised,ghostnet_100_classification,155,290,,1000,30,30,30,thin,56,True,4.791593048617224,0.2946244301340162,0.47148284849899813,0.6758803819177706,5.086217478751239,5.263075897116221,6.233580709168008
ResNet50-MoCoV2-BS256_selfsupervised,convnext_base_classification,155,273,,1000,30,30,30,thin,56,True,5.086217478751239,0.0,0.8319373691437786,0.3745682129895682,5.086217478751239,5.918154847895018,6.292723060884586
ResNet50-MoCoV2-BS256_selfsupervised,xcit_nano_12_p8_224_classification,155,266,,1000,30,30,30,thin,56,True,4.836313832772603,0.24990364597863568,0.30667190980543246,0.5707977370668207,5.086217478751239,5.142985742578036,5.963687125623492
ResNet50-MoCoV2-BS256_selfsupervised,xcit_nano_12_p16_224_classification,155,242,,1000,30,30,30,thin,56,True,4.7787724035137265,0.30744507523751263,0.2091381806857493,0.5631194434404962,5.086217478751239,4.987910584199476,5.858475102877485
ResNet50-MoCoV2-BS256_selfsupervised,swin_large_patch4_window7_224_classification,155,281,,1000,30,30,30,thin,56,True,4.7293892072612485,0.35682827148998975,0.6646789542553639,0.6287585422250075,5.086217478751239,5.394068161516613,6.3796549752316105
ResNet50-MoCoV2-BS256_selfsupervised,jx_nest_tiny_classification,155,148,,1000,30,30,30,thin,56,True,5.08621747875124,0.0,0.6604098429734142,0.5039717782397393,5.086217478751239,5.746627321724653,6.250599099964393
ResNet50-MoCoV2-BS256_selfsupervised,pit_ti_224_classification,155,207,,1000,30,30,30,thin,56,True,5.08621747875124,0.0,0.302373283845788,0.5003841858247577,5.086217478751239,5.388590762597027,5.888974948421785
ResNet50-MoCoV2-BS256_selfsupervised,vit_base_patch32_224_classification,155,218,,1000,30,30,30,thin,56,True,4.806793382532412,0.27942409621882813,0.25282178830429736,0.5783306381643181,5.086217478751239,5.059615170836708,5.9173699052198545
ResNet50-MoCoV2-BS256_selfsupervised,vit_base_patch16_224_classification,155,197,,1000,30,30,30,thin,56,True,4.874833624399132,0.21138385435210605,0.24825657485935793,0.5015524271813065,5.086217478751239,5.123090199258491,5.836026480791904
ResNet50-MoCoV2-BS256_selfsupervised,tnt_s_patch16_224_classification,155,198,,1000,30,30,30,thin,56,True,4.852717124566646,0.23350035418459303,0.2619281623531782,0.5604169648946691,5.086217478751239,5.114645286919824,5.908562605999086
ResNet50-MoCoV2-BS256_selfsupervised,crossvit_base_240_classification,155,336,,1000,30,30,30,thin,56,True,5.0289117965934444,0.05730568215779552,0.4281980267140586,0.5765579383806747,5.086217478751239,5.457109823307502,6.090973443845972
ResNet50-MoCoV2-BS256_selfsupervised,deit_base_patch16_224_classification,155,205,,1000,30,30,30,thin,56,True,5.014459634222947,0.07175784452829159,0.40125395754208526,0.545377206020853,5.086217478751239,5.415713591765033,6.032848642314177
ResNet50-MoCoV2-BS256_selfsupervised,dino_vitb16_selfsupervised,155,208,,1000,30,30,30,thin,56,True,3.9735504116462126,1.1126670671050274,0.6057952448866617,0.6508663673306172,5.086217478751239,4.579345656532873,6.342879090968518
nf_resnet50_classification,hardcorenas_f_classification,141,294,,1000,30,30,30,thin,56,True,4.287894761879204,0.25877082694853293,0.7069525333904831,0.5462922155432262,4.546665588827737,4.994847295269687,5.799910337761446
nf_resnet50_classification,eca_nfnet_l0_classification,141,134,,1000,30,30,30,thin,56,True,4.546665588827738,0.0,1.6670869928337213,0.3439367274088747,4.546665588827737,6.213752581661458,6.557689309070333
nf_resnet50_classification,resnet50_classification,141,156,,1000,30,30,30,thin,56,True,4.543455663973923,0.0032099248538139946,0.5702640515195911,0.5282222191187067,4.546665588827737,5.113719715493514,5.645151859466035
nf_resnet50_classification,semnasnet_100_classification,141,270,,1000,30,30,30,thin,56,True,4.465780986912046,0.0808846019156908,0.5355599089962579,0.6170642824119383,4.546665588827737,5.001340895908304,5.699289780235933
nf_resnet50_classification,cspresnet50_classification,141,320,,1000,30,30,30,thin,56,True,4.546665588827738,0.0,0.7160406706492894,0.4982223531766863,4.546665588827737,5.262706259477026,5.7609286126537125
nf_resnet50_classification,mobilenetv3_large_100_classification,141,252,,1000,30,30,30,thin,56,True,4.546665588827737,0.0,0.7784264666706147,0.5608467136243496,4.546665588827737,5.325092055498351,5.885938769122701
nf_resnet50_classification,ghostnet_100_classification,141,290,,1000,30,30,30,thin,56,True,4.462253665681836,0.0844119231459004,0.8008222314343847,0.6222479363055937,4.546665588827737,5.263075897116221,5.969735756567715
nf_resnet50_classification,convnext_base_classification,141,273,,1000,30,30,30,thin,56,True,4.546665588827736,0.0,1.371489259067281,0.41448435943993367,4.546665588827737,5.918154847895018,6.332639207334951
nf_resnet50_classification,xcit_nano_12_p8_224_classification,141,266,,1000,30,30,30,thin,56,True,4.419867935150622,0.12679765367711582,0.7231178074274149,0.6065260606116825,4.546665588827737,5.142985742578036,5.876309456866834
nf_resnet50_classification,xcit_nano_12_p16_224_classification,141,242,,1000,30,30,30,thin,56,True,4.2897915283958685,0.25687406043186733,0.6981190558036063,0.6189356918163789,4.546665588827737,4.987910584199476,5.863720336447722
nf_resnet50_classification,swin_large_patch4_window7_224_classification,141,281,,1000,30,30,30,thin,56,True,4.466893377954205,0.07977221087353215,0.9271747835624087,0.548493582069117,4.546665588827737,5.394068161516613,6.0223339544592625
nf_resnet50_classification,jx_nest_tiny_classification,141,148,,1000,30,30,30,thin,56,True,4.546665588827737,0.0,1.1999617328969165,0.5462417601511662,4.546665588827737,5.746627321724653,6.2928690818758195
nf_resnet50_classification,pit_ti_224_classification,141,207,,1000,30,30,30,thin,56,True,4.452870215091298,0.09379537373643831,0.9357205475057286,0.5475756455376084,4.546665588827737,5.388590762597027,6.029961781871074
nf_resnet50_classification,vit_base_patch32_224_classification,141,218,,1000,30,30,30,thin,56,True,4.447052561076693,0.09961302775104386,0.6125626097600154,0.5828761453544242,4.546665588827737,5.059615170836708,5.742104343942176
nf_resnet50_classification,vit_base_patch16_224_classification,141,197,,1000,30,30,30,thin,56,True,4.433394776968576,0.11327081185916033,0.6896954222899145,0.5949952401736631,4.546665588827737,5.123090199258491,5.831356251291314
nf_resnet50_classification,tnt_s_patch16_224_classification,141,198,,1000,30,30,30,thin,56,True,4.4397478768825245,0.10691771194521138,0.6748974100372989,0.5747759726416533,4.546665588827737,5.114645286919824,5.796338971506689
nf_resnet50_classification,crossvit_base_240_classification,141,336,,1000,30,30,30,thin,56,True,4.546665588827737,0.0,0.9104442344797654,0.5362949221947586,4.546665588827737,5.457109823307502,5.993404745502261
nf_resnet50_classification,deit_base_patch16_224_classification,141,205,,1000,30,30,30,thin,56,True,4.511911699854125,0.034753888973611424,0.9038018919109074,0.5574384977049975,4.546665588827737,5.415713591765033,6.007905978443642
nf_resnet50_classification,dino_vitb16_selfsupervised,141,208,,1000,30,30,30,thin,56,True,3.9564752353412436,0.5901903534864932,0.6228704211916298,0.6552988043384547,4.546665588827737,4.579345656532873,5.824834814357821
hardcorenas_f_classification,eca_nfnet_l0_classification,294,134,,1000,30,30,30,thin,56,True,4.994847295269677,0.0,1.21890528639178,0.2910309363827208,4.994847295269678,6.213752581661458,6.504783518044179
hardcorenas_f_classification,resnet50_classification,294,156,,1000,30,30,30,thin,56,True,4.740296779431453,0.2545505158382255,0.37342293606206134,0.5891467651506783,4.994847295269678,5.113719715493514,5.957416996482418
hardcorenas_f_classification,semnasnet_100_classification,294,270,,1000,30,30,30,thin,56,True,4.791635210987985,0.20321208428169335,0.20970568492031916,0.553630795132606,4.994847295269678,5.001340895908304,5.758183775322603
hardcorenas_f_classification,cspresnet50_classification,294,320,,1000,30,30,30,thin,56,True,4.709059247751017,0.28578804751866027,0.5536470117260084,0.6146566920333596,4.994847295269678,5.262706259477026,6.163150999029046
hardcorenas_f_classification,mobilenetv3_large_100_classification,294,252,,1000,30,30,30,thin,56,True,4.954184310648342,0.040662984621335774,0.3709077448500091,0.5528050426409097,4.994847295269678,5.325092055498351,5.918560082760597
hardcorenas_f_classification,ghostnet_100_classification,294,290,,1000,30,30,30,thin,56,True,4.928299876112505,0.06654741915717288,0.33477602100371584,0.6182913059550117,4.994847295269678,5.263075897116221,5.947914622228406
hardcorenas_f_classification,convnext_base_classification,294,273,,1000,30,30,30,thin,56,True,4.991871897371913,0.002975397897765575,0.9262829505231052,0.5763021586413171,4.994847295269678,5.918154847895018,6.4974324044341
hardcorenas_f_classification,xcit_nano_12_p8_224_classification,294,266,,1000,30,30,30,thin,56,True,4.67092947425616,0.3239178210135174,0.4720562683218752,0.6146180512350963,4.994847295269678,5.142985742578036,6.0815216148266495
hardcorenas_f_classification,xcit_nano_12_p16_224_classification,294,242,,1000,30,30,30,thin,56,True,4.643950836456395,0.3508964588132839,0.3439597477430816,0.6505941084428182,4.994847295269678,4.987910584199476,5.989401151455578
hardcorenas_f_classification,swin_large_patch4_window7_224_classification,294,281,,1000,30,30,30,thin,56,True,4.776214658659078,0.21863263661060017,0.6178535028575354,0.597048964004733,4.994847295269678,5.394068161516613,6.209749762131946
hardcorenas_f_classification,jx_nest_tiny_classification,294,148,,1000,30,30,30,thin,56,True,4.902874734700086,0.0919725605695918,0.843752587024567,0.5533352174561461,4.994847295269678,5.746627321724653,6.391935099750391
hardcorenas_f_classification,pit_ti_224_classification,294,207,,1000,30,30,30,thin,56,True,4.870997894809571,0.12384940046010673,0.5175928677874557,0.5751587780536784,4.994847295269678,5.388590762597027,6.087598941110812
hardcorenas_f_classification,vit_base_patch32_224_classification,294,218,,1000,30,30,30,thin,56,True,4.64663196763204,0.3482153276376385,0.41298320320466875,0.56167214545576,4.994847295269678,5.059615170836708,5.969502643930107
hardcorenas_f_classification,vit_base_patch16_224_classification,294,197,,1000,30,30,30,thin,56,True,4.660907123769902,0.3339401714997763,0.46218307548858917,0.5836892199167041,4.994847295269678,5.123090199258491,6.040719590674971
hardcorenas_f_classification,tnt_s_patch16_224_classification,294,198,,1000,30,30,30,thin,56,True,4.7332744139669956,0.2615728813026834,0.38137087295282956,0.5706378984461171,4.994847295269678,5.114645286919824,5.946856066668625
hardcorenas_f_classification,crossvit_base_240_classification,294,336,,1000,30,30,30,thin,56,True,4.836809565231538,0.15803773003814037,0.6203002580759645,0.5818518604428684,4.994847295269678,5.457109823307502,6.196999413788511
hardcorenas_f_classification,deit_base_patch16_224_classification,294,205,,1000,30,30,30,thin,56,True,4.800626568192879,0.19422072707679927,0.615087023572154,0.5636846097713883,4.994847295269678,5.415713591765033,6.17361892861322
hardcorenas_f_classification,dino_vitb16_selfsupervised,294,208,,1000,30,30,30,thin,56,True,3.850399263767419,1.1444480315022592,0.7289463927654545,0.6979521162950331,4.994847295269678,4.579345656532873,6.421745804330166
eca_nfnet_l0_classification,resnet50_classification,134,156,,1000,30,30,30,thin,56,True,5.113719715493514,1.1000328661679433,0.0,0.39588368701179455,6.213752581661457,5.113719715493514,6.609636268673252
eca_nfnet_l0_classification,semnasnet_100_classification,134,270,,1000,30,30,30,thin,56,True,5.001340895908304,1.2124116857531533,0.0,0.3577275881294275,6.213752581661457,5.001340895908304,6.571480169790885
eca_nfnet_l0_classification,cspresnet50_classification,134,320,,1000,30,30,30,thin,56,True,5.262706259477027,0.951046322184431,0.0,0.5874782832874361,6.213752581661457,5.262706259477026,6.801230864948893
eca_nfnet_l0_classification,mobilenetv3_large_100_classification,134,252,,1000,30,30,30,thin,56,True,5.325092055498351,0.8886605261631058,0.0,0.3834263465299941,6.213752581661457,5.325092055498351,6.597178928191451
eca_nfnet_l0_classification,ghostnet_100_classification,134,290,,1000,30,30,30,thin,56,True,5.263075897116221,0.9506766845452361,0.0,0.5151646939616965,6.213752581661457,5.263075897116221,6.728917275623154
eca_nfnet_l0_classification,convnext_base_classification,134,273,,1000,30,30,30,thin,56,True,5.70184672956502,0.5119058520964366,0.21630811832999708,0.5868670044709656,6.213752581661457,5.918154847895018,7.01692770446242
eca_nfnet_l0_classification,xcit_nano_12_p8_224_classification,134,266,,1000,30,30,30,thin,56,True,5.142985742578037,1.0707668390834213,0.0,0.5767189384649418,6.213752581661457,5.142985742578036,6.790471520126399
eca_nfnet_l0_classification,xcit_nano_12_p16_224_classification,134,242,,1000,30,30,30,thin,56,True,4.987910584199475,1.2258419974619814,0.0,0.5583067475677455,6.213752581661457,4.987910584199476,6.772059329229203
eca_nfnet_l0_classification,swin_large_patch4_window7_224_classification,134,281,,1000,30,30,30,thin,56,True,5.3711707303922624,0.8425818512691947,0.02289743112435083,0.6133764055944413,6.213752581661457,5.394068161516613,6.850026418380249
eca_nfnet_l0_classification,jx_nest_tiny_classification,134,148,,1000,30,30,30,thin,56,True,5.607377627149018,0.6063749545124395,0.13924969457563563,0.5723997511835366,6.213752581661457,5.746627321724653,6.925402027420629
eca_nfnet_l0_classification,pit_ti_224_classification,134,207,,1000,30,30,30,thin,56,True,5.388590762597027,0.8251618190644301,0.0,0.48594813951352567,6.213752581661457,5.388590762597027,6.699700721174983
eca_nfnet_l0_classification,vit_base_patch32_224_classification,134,218,,1000,30,30,30,thin,56,True,5.059615170836708,1.1541374108247489,0.0,0.49569646124794975,6.213752581661457,5.059615170836708,6.709449042909407
eca_nfnet_l0_classification,vit_base_patch16_224_classification,134,197,,1000,30,30,30,thin,56,True,5.123090199258491,1.0906623824029662,0.0,0.5435508802529503,6.213752581661457,5.123090199258491,6.7573034619144074
eca_nfnet_l0_classification,tnt_s_patch16_224_classification,134,198,,1000,30,30,30,thin,56,True,5.114645286919823,1.099107294741633,0.0,0.46229806944545704,6.213752581661457,5.114645286919824,6.676050651106914
eca_nfnet_l0_classification,crossvit_base_240_classification,134,336,,1000,30,30,30,thin,56,True,5.417896023395099,0.7958565582663581,0.03921379991240315,0.6090749543341021,6.213752581661457,5.457109823307502,6.862041335907962
eca_nfnet_l0_classification,deit_base_patch16_224_classification,134,205,,1000,30,30,30,thin,56,True,5.415713591765033,0.7980389898964244,0.0,0.5816754489460658,6.213752581661457,5.415713591765033,6.795428030607523
eca_nfnet_l0_classification,dino_vitb16_selfsupervised,134,208,,1000,30,30,30,thin,56,True,4.420773094726481,1.7929794869349758,0.158572561806392,0.6519573886866183,6.213752581661457,4.579345656532873,7.0242825321544675
resnet50_classification,semnasnet_100_classification,156,270,,1000,30,30,30,thin,56,True,4.914583135333338,0.19913658016017788,0.08675776057496609,0.6130559363247983,5.113719715493516,5.001340895908304,5.81353341239328
resnet50_classification,cspresnet50_classification,156,320,,1000,30,30,30,thin,56,True,5.107083159598758,0.006636555894757201,0.15562309987826772,0.5589179180095343,5.113719715493516,5.262706259477026,5.828260733381318
resnet50_classification,mobilenetv3_large_100_classification,156,252,,1000,30,30,30,thin,56,True,4.994813877662574,0.11890583783094133,0.33027817783577706,0.6086907295124684,5.113719715493516,5.325092055498351,6.052688622841761
resnet50_classification,ghostnet_100_classification,156,290,,1000,30,30,30,thin,56,True,4.938980119485391,0.1747395960081244,0.32409577763082975,0.6175672651111075,5.113719715493516,5.263075897116221,6.055382758235453
resnet50_classification,convnext_base_classification,156,273,,1000,30,30,30,thin,56,True,5.113719715493517,0.0,0.804435132401502,0.44769615665982787,5.113719715493516,5.918154847895018,6.3658510045548455
resnet50_classification,xcit_nano_12_p8_224_classification,156,266,,1000,30,30,30,thin,56,True,4.839793223755509,0.2739264917380062,0.3031925188225264,0.5880575656518623,5.113719715493516,5.142985742578036,6.004969799967904
resnet50_classification,xcit_nano_12_p16_224_classification,156,242,,1000,30,30,30,thin,56,True,4.7832880180816275,0.33043169741188905,0.20462256611784913,0.63400443169696,5.113719715493516,4.987910584199476,5.952346713308325
resnet50_classification,swin_large_patch4_window7_224_classification,156,281,,1000,30,30,30,thin,56,True,4.821147217970697,0.29257249752281833,0.5729209435459159,0.6634025877253782,5.113719715493516,5.394068161516613,6.35004324676481
resnet50_classification,jx_nest_tiny_classification,156,148,,1000,30,30,30,thin,56,True,5.113719715493516,0.0,0.6329076062311376,0.5131114558858538,5.113719715493516,5.746627321724653,6.259738777610507
resnet50_classification,pit_ti_224_classification,156,207,,1000,30,30,30,thin,56,True,5.030663074533741,0.08305664095977505,0.35792768806328645,0.5100245539509478,5.113719715493516,5.388590762597027,5.98167195750775
resnet50_classification,vit_base_patch32_224_classification,156,218,,1000,30,30,30,thin,56,True,4.88691392212557,0.22680579336794526,0.1727012487111379,0.5754540195707802,5.113719715493516,5.059615170836708,5.861874983775434
resnet50_classification,vit_base_patch16_224_classification,156,197,,1000,30,30,30,thin,56,True,4.887382262319148,0.22633745317436738,0.23570793693934267,0.5709372841492586,5.113719715493516,5.123090199258491,5.920364936582117
resnet50_classification,tnt_s_patch16_224_classification,156,198,,1000,30,30,30,thin,56,True,4.850928053856584,0.2627916616369328,0.26371723306324135,0.5637441798360356,5.113719715493516,5.114645286919824,5.941181128392793
resnet50_classification,crossvit_base_240_classification,156,336,,1000,30,30,30,thin,56,True,5.031626564978506,0.08209315051500976,0.42548325832899625,0.5870154430958756,5.113719715493516,5.457109823307502,6.1262184169183875
resnet50_classification,deit_base_patch16_224_classification,156,205,,1000,30,30,30,thin,56,True,5.0232376427314085,0.09048207276210718,0.39247594903362426,0.556636791948053,5.113719715493516,5.415713591765033,6.062832456475193
resnet50_classification,dino_vitb16_selfsupervised,156,208,,1000,30,30,30,thin,56,True,4.1766704592811195,0.9370492562123962,0.40267519725175394,0.7319363425943903,5.113719715493516,4.579345656532873,6.24833125533966
semnasnet_100_classification,cspresnet50_classification,270,320,,1000,30,30,30,thin,56,True,4.964841956114229,0.03649893979407537,0.2978643033627977,0.6537751619864718,5.001340895908304,5.262706259477026,5.952980361257573
semnasnet_100_classification,mobilenetv3_large_100_classification,270,252,,1000,30,30,30,thin,56,True,5.001340895908304,0.0,0.3237511595900475,0.5210578457327353,5.001340895908304,5.325092055498351,5.846149901231087
semnasnet_100_classification,ghostnet_100_classification,270,290,,1000,30,30,30,thin,56,True,4.904200835035428,0.09714006087287608,0.35887506208079323,0.6160309593345206,5.001340895908304,5.263075897116221,5.976246917323618
semnasnet_100_classification,convnext_base_classification,270,273,,1000,30,30,30,thin,56,True,5.001340895908303,0.0,0.9168139519867138,0.464556800722443,5.001340895908304,5.918154847895018,6.382711648617461
semnasnet_100_classification,xcit_nano_12_p8_224_classification,270,266,,1000,30,30,30,thin,56,True,4.750407457020916,0.2509334388873885,0.3925782855571205,0.6430470193610338,5.001340895908304,5.142985742578036,6.036966200826458
semnasnet_100_classification,xcit_nano_12_p16_224_classification,270,242,,1000,30,30,30,thin,56,True,4.662376990692553,0.33896390521575004,0.3255335935069219,0.703927461891281,5.001340895908304,4.987910584199476,6.030801951306507
semnasnet_100_classification,swin_large_patch4_window7_224_classification,270,281,,1000,30,30,30,thin,56,True,4.898301278285956,0.10303961762234781,0.4957668832306572,0.5541447308068257,5.001340895908304,5.394068161516613,6.051252509945787
semnasnet_100_classification,jx_nest_tiny_classification,270,148,,1000,30,30,30,thin,56,True,5.001340895908304,0.0,0.7452864258163494,0.560943921978776,5.001340895908304,5.746627321724653,6.307571243703429
semnasnet_100_classification,pit_ti_224_classification,270,207,,1000,30,30,30,thin,56,True,4.941688529169667,0.05965236673863661,0.4469022334273598,0.642537197547103,5.001340895908304,5.388590762597027,6.090780326882767
semnasnet_100_classification,vit_base_patch32_224_classification,270,218,,1000,30,30,30,thin,56,True,4.828015094949544,0.17332580095875993,0.23160007588716436,0.6118060801941247,5.001340895908304,5.059615170836708,5.844747051989593
semnasnet_100_classification,vit_base_patch16_224_classification,270,197,,1000,30,30,30,thin,56,True,4.803253170465255,0.19808772544304887,0.31983702879323594,0.6018063896419372,5.001340895908304,5.123090199258491,5.922984314343477
semnasnet_100_classification,tnt_s_patch16_224_classification,270,198,,1000,30,30,30,thin,56,True,4.847939207292335,0.15340168861596837,0.2667060796274887,0.5796223412381174,5.001340895908304,5.114645286919824,5.84766931677391
semnasnet_100_classification,crossvit_base_240_classification,270,336,,1000,30,30,30,thin,56,True,5.001340895908304,0.0,0.4557689273991983,0.5157934176684726,5.001340895908304,5.457109823307502,5.972903240975975
semnasnet_100_classification,deit_base_patch16_224_classification,270,205,,1000,30,30,30,thin,56,True,4.9772785794565815,0.02406231645172241,0.4384350123084513,0.5781208363582104,5.001340895908304,5.415713591765033,6.017896744574966
semnasnet_100_classification,dino_vitb16_selfsupervised,270,208,,1000,30,30,30,thin,56,True,4.193765324793728,0.807575571114576,0.3855803317391455,0.6240065761330991,5.001340895908304,4.579345656532873,6.0109278037805485
cspresnet50_classification,mobilenetv3_large_100_classification,320,252,,1000,30,30,30,thin,56,True,5.0379322724805835,0.22477398699644535,0.287159783017767,0.6084407948235615,5.26270625947703,5.325092055498351,6.158306837318358
cspresnet50_classification,ghostnet_100_classification,320,290,,1000,30,30,30,thin,56,True,4.925903310748554,0.3368029487284767,0.337172586367668,0.6484498844059328,5.26270625947703,5.263075897116221,6.2483287302506305
cspresnet50_classification,convnext_base_classification,320,273,,1000,30,30,30,thin,56,True,5.26270625947703,0.0,0.6554485884179879,0.4425647359530709,5.26270625947703,5.918154847895018,6.3607195838480886
cspresnet50_classification,xcit_nano_12_p8_224_classification,320,266,,1000,30,30,30,thin,56,True,4.835576770967709,0.42712948850932086,0.307408971610327,0.5704714958422334,5.26270625947703,5.142985742578036,6.14058672692959
cspresnet50_classification,xcit_nano_12_p16_224_classification,320,242,,1000,30,30,30,thin,56,True,4.731137286651591,0.5315689728254389,0.2567732975478849,0.6504678844483509,5.26270625947703,4.987910584199476,6.169947441473266
cspresnet50_classification,swin_large_patch4_window7_224_classification,320,281,,1000,30,30,30,thin,56,True,4.899724788363805,0.36298147111322354,0.4943433731528071,0.5972406614750758,5.26270625947703,5.394068161516613,6.354290294104913
cspresnet50_classification,jx_nest_tiny_classification,320,148,,1000,30,30,30,thin,56,True,5.188467367066715,0.07423889241031567,0.5581599546579392,0.5835695570382464,5.26270625947703,5.746627321724653,6.404435771173215
cspresnet50_classification,pit_ti_224_classification,320,207,,1000,30,30,30,thin,56,True,5.007432784720751,0.2552734747562795,0.3811579778762768,0.5562218279410853,5.26270625947703,5.388590762597027,6.200086065294392
cspresnet50_classification,vit_base_patch32_224_classification,320,218,,1000,30,30,30,thin,56,True,4.950245100434013,0.31246115904301774,0.1093700704026963,0.5747127103771605,5.26270625947703,5.059615170836708,5.946789040256887
cspresnet50_classification,vit_base_patch16_224_classification,320,197,,1000,30,30,30,thin,56,True,4.952152977759578,0.3105532817174508,0.170937221498912,0.5733971024445195,5.26270625947703,5.123090199258491,6.007040583420461
cspresnet50_classification,tnt_s_patch16_224_classification,320,198,,1000,30,30,30,thin,56,True,4.907339652033617,0.355366607443413,0.20730563488620746,0.5450270962067263,5.26270625947703,5.114645286919824,6.0150389905699635
cspresnet50_classification,crossvit_base_240_classification,320,336,,1000,30,30,30,thin,56,True,5.082950353474042,0.1797559060029883,0.3741594698334607,0.5524912462733091,5.26270625947703,5.457109823307502,6.1893569755838
cspresnet50_classification,deit_base_patch16_224_classification,320,205,,1000,30,30,30,thin,56,True,5.063509174880514,0.19919708459651453,0.35220441688451753,0.5671557027382166,5.26270625947703,5.415713591765033,6.182066379099764
cspresnet50_classification,dino_vitb16_selfsupervised,320,208,,1000,30,30,30,thin,56,True,4.345942970590534,0.9167632888864965,0.23340268594234015,0.6413658534253406,5.26270625947703,4.579345656532873,6.1374747988447105
mobilenetv3_large_100_classification,ghostnet_100_classification,252,290,,1000,30,30,30,thin,56,True,5.246120001732453,0.07897205376589511,0.016955895383767405,0.5311429937033987,5.325092055498349,5.263075897116221,5.873190944585515
mobilenetv3_large_100_classification,convnext_base_classification,252,273,,1000,30,30,30,thin,56,True,5.271686395304361,0.05340566019398807,0.646468452590657,0.6315509941704152,5.325092055498349,5.918154847895018,6.603111502259421
mobilenetv3_large_100_classification,xcit_nano_12_p8_224_classification,252,266,,1000,30,30,30,thin,56,True,4.811784604110042,0.5133074513883065,0.3312011384679936,0.6382381233003533,5.325092055498349,5.142985742578036,6.294531317266696
mobilenetv3_large_100_classification,xcit_nano_12_p16_224_classification,252,242,,1000,30,30,30,thin,56,True,4.710579220185218,0.6145128353131311,0.27733136401425806,0.6537319764815015,5.325092055498349,4.987910584199476,6.256155395994108
mobilenetv3_large_100_classification,swin_large_patch4_window7_224_classification,252,281,,1000,30,30,30,thin,56,True,4.977670332448477,0.34742172304987307,0.4163978290681376,0.606728073761758,5.325092055498349,5.394068161516613,6.348217958328244
mobilenetv3_large_100_classification,jx_nest_tiny_classification,252,148,,1000,30,30,30,thin,56,True,5.13552954333055,0.18956251216779751,0.6110977783941021,0.5988688413318153,5.325092055498349,5.746627321724653,6.535058675224266
mobilenetv3_large_100_classification,pit_ti_224_classification,252,207,,1000,30,30,30,thin,56,True,5.000079045390523,0.325013010107825,0.38851171720650335,0.5930224177452388,5.325092055498349,5.388590762597027,6.306626190450091
mobilenetv3_large_100_classification,vit_base_patch32_224_classification,252,218,,1000,30,30,30,thin,56,True,4.867440670301458,0.45765138519688975,0.19217450053524932,0.5952640354561893,5.325092055498349,5.059615170836708,6.112530591489787
mobilenetv3_large_100_classification,vit_base_patch16_224_classification,252,197,,1000,30,30,30,thin,56,True,4.826487658085096,0.4986043974132537,0.2966025411733959,0.6489245412759637,5.325092055498349,5.123090199258491,6.270619137947708
mobilenetv3_large_100_classification,tnt_s_patch16_224_classification,252,198,,1000,30,30,30,thin,56,True,4.8751237013201125,0.4499683541782362,0.2395215855997117,0.5855259281733325,5.325092055498349,5.114645286919824,6.150139569271393
mobilenetv3_large_100_classification,crossvit_base_240_classification,252,336,,1000,30,30,30,thin,56,True,5.032298853465256,0.2927932020330921,0.42481096984224553,0.6016630578599278,5.325092055498349,5.457109823307502,6.351566083200522
mobilenetv3_large_100_classification,deit_base_patch16_224_classification,252,205,,1000,30,30,30,thin,56,True,5.003025045881837,0.3220670096165126,0.4126885458831966,0.6294165081319774,5.325092055498349,5.415713591765033,6.367197109513523
mobilenetv3_large_100_classification,dino_vitb16_selfsupervised,252,208,,1000,30,30,30,thin,56,True,4.203548736999965,1.1215433184983832,0.37579691953290784,0.6240810710622906,5.325092055498349,4.579345656532873,6.324970046093547
ghostnet_100_classification,convnext_base_classification,290,273,,1000,30,30,30,thin,56,True,5.16492907313731,0.09814682397891161,0.7532257747577074,0.6545260858757977,5.263075897116222,5.918154847895018,6.670827757749727
ghostnet_100_classification,xcit_nano_12_p8_224_classification,290,266,,1000,30,30,30,thin,56,True,4.785662311671685,0.4774135854445367,0.35732343090635066,0.6811255358119341,5.263075897116222,5.142985742578036,6.301524863834507
ghostnet_100_classification,xcit_nano_12_p16_224_classification,290,242,,1000,30,30,30,thin,56,True,4.722686938695651,0.5403889584205706,0.2652236455038244,0.6582819323865658,5.263075897116222,4.987910584199476,6.186581475006612
ghostnet_100_classification,swin_large_patch4_window7_224_classification,290,281,,1000,30,30,30,thin,56,True,4.884150818636705,0.37892507847951595,0.5099173428799073,0.6017047173377161,5.263075897116222,5.394068161516613,6.374697957333845
ghostnet_100_classification,jx_nest_tiny_classification,290,148,,1000,30,30,30,thin,56,True,5.076940598963904,0.186135298152319,0.6696867227607504,0.6068626129392536,5.263075897116222,5.746627321724653,6.539625232816226
ghostnet_100_classification,pit_ti_224_classification,290,207,,1000,30,30,30,thin,56,True,4.960722357229243,0.30235353988697966,0.4278684053677848,0.6256438765375512,5.263075897116222,5.388590762597027,6.316588179021558
ghostnet_100_classification,vit_base_patch32_224_classification,290,218,,1000,30,30,30,thin,56,True,4.7982920955445065,0.4647838015717163,0.26132307529220267,0.603933092764537,5.263075897116222,5.059615170836708,6.128332065172962
ghostnet_100_classification,vit_base_patch16_224_classification,290,197,,1000,30,30,30,thin,56,True,4.793090561267409,0.4699853358488122,0.32999963799108123,0.6482869428022928,5.263075897116222,5.123090199258491,6.241362477909596
ghostnet_100_classification,tnt_s_patch16_224_classification,290,198,,1000,30,30,30,thin,56,True,4.806501281208707,0.456574615907515,0.30814400571111733,0.6274285126029966,5.263075897116222,5.114645286919824,6.198648415430336
ghostnet_100_classification,crossvit_base_240_classification,290,336,,1000,30,30,30,thin,56,True,4.957689746451654,0.3053861506645692,0.49942007685584944,0.6457603527899485,5.263075897116222,5.457109823307502,6.40825632676202
ghostnet_100_classification,deit_base_patch16_224_classification,290,205,,1000,30,30,30,thin,56,True,4.956217307226983,0.306858589889238,0.4594962845380488,0.6670663957703962,5.263075897116222,5.415713591765033,6.389638577424667
ghostnet_100_classification,dino_vitb16_selfsupervised,290,208,,1000,30,30,30,thin,56,True,4.127522571596819,1.1355533255194041,0.4518230849360556,0.6930019109379453,5.263075897116222,4.579345656532873,6.407900892990223
convnext_base_classification,xcit_nano_12_p8_224_classification,273,266,,1000,30,30,30,thin,56,True,5.139485325539456,0.7786695223555613,0.0035004170385795064,0.587598760943834,5.918154847895018,5.142985742578036,6.509254025877431
convnext_base_classification,xcit_nano_12_p16_224_classification,273,242,,1000,30,30,30,thin,56,True,4.987910584199476,0.9302442636955419,0.0,0.5474557954007757,5.918154847895018,4.987910584199476,6.465610643295793
convnext_base_classification,swin_large_patch4_window7_224_classification,273,281,,1000,30,30,30,thin,56,True,5.1531439178450125,0.7650109300500061,0.2409242436716017,0.6152368784628575,5.918154847895018,5.394068161516613,6.774315970029477
convnext_base_classification,jx_nest_tiny_classification,273,148,,1000,30,30,30,thin,56,True,5.663672392283814,0.2544824556112024,0.08295492944083804,0.5259143325207836,5.918154847895018,5.746627321724653,6.527024109856639
convnext_base_classification,pit_ti_224_classification,273,207,,1000,30,30,30,thin,56,True,5.388590762597026,0.5295640852979906,0.0,0.4973291330887992,5.918154847895018,5.388590762597027,6.415483980983817
convnext_base_classification,vit_base_patch32_224_classification,273,218,,1000,30,30,30,thin,56,True,5.059615170836707,0.8585396770583094,0.0,0.41093708450449995,5.918154847895018,5.059615170836708,6.329091932399518
convnext_base_classification,vit_base_patch16_224_classification,273,197,,1000,30,30,30,thin,56,True,5.123090199258492,0.7950646486365267,0.0,0.4035252118417887,5.918154847895018,5.123090199258491,6.321680059736806
convnext_base_classification,tnt_s_patch16_224_classification,273,198,,1000,30,30,30,thin,56,True,5.114645286919824,0.8035095609751934,0.0,0.4451518431450143,5.918154847895018,5.114645286919824,6.363306691040032
convnext_base_classification,crossvit_base_240_classification,273,336,,1000,30,30,30,thin,56,True,5.457109823307501,0.4610450245875155,0.0,0.49965015669114,5.918154847895018,5.457109823307502,6.417805004586158
convnext_base_classification,deit_base_patch16_224_classification,273,205,,1000,30,30,30,thin,56,True,5.415713591765034,0.5024412561299849,0.0,0.43176149353189963,5.918154847895018,5.415713591765033,6.349916341426917
convnext_base_classification,dino_vitb16_selfsupervised,273,208,,1000,30,30,30,thin,56,True,4.515446608470544,1.4027082394244728,0.06389904806232849,0.616205506108952,5.918154847895018,4.579345656532873,6.598259402066298
xcit_nano_12_p8_224_classification,xcit_nano_12_p16_224_classification,266,242,,1000,30,30,30,thin,56,True,4.926668713960973,0.21631702861706614,0.06124187023850247,0.5925348127911363,5.142985742578039,4.987910584199476,5.796762425607678
xcit_nano_12_p8_224_classification,swin_large_patch4_window7_224_classification,266,281,,1000,30,30,30,thin,56,True,4.796218061698925,0.3467676808791138,0.5978500998176877,0.6262759786961087,5.142985742578039,5.394068161516613,6.367111821091836
xcit_nano_12_p8_224_classification,jx_nest_tiny_classification,266,148,,1000,30,30,30,thin,56,True,5.14298574257804,0.0,0.6036415791466139,0.47504534570253654,5.142985742578039,5.746627321724653,6.22167266742719
xcit_nano_12_p8_224_classification,pit_ti_224_classification,266,207,,1000,30,30,30,thin,56,True,5.071016706425121,0.07196903615291905,0.3175740561719067,0.5764703964523594,5.142985742578039,5.388590762597027,6.0370301952023055
xcit_nano_12_p8_224_classification,vit_base_patch32_224_classification,266,218,,1000,30,30,30,thin,56,True,4.81195556125111,0.3310301813269305,0.2476596095855994,0.6763148482901773,5.142985742578039,5.059615170836708,6.066960200453816
xcit_nano_12_p8_224_classification,vit_base_patch16_224_classification,266,197,,1000,30,30,30,thin,56,True,4.875138977206965,0.26784676537107366,0.2479512220515252,0.5420666605353128,5.142985742578039,5.123090199258491,5.9330036251648774
xcit_nano_12_p8_224_classification,tnt_s_patch16_224_classification,266,198,,1000,30,30,30,thin,56,True,4.956913917002771,0.1860718255752687,0.1577313699170535,0.5188834244144411,5.142985742578039,5.114645286919824,5.819600536909534
xcit_nano_12_p8_224_classification,crossvit_base_240_classification,266,336,,1000,30,30,30,thin,56,True,5.055834613761428,0.08715112881661202,0.40127520954607476,0.5395122070604756,5.142985742578039,5.457109823307502,6.08377315918459
xcit_nano_12_p8_224_classification,deit_base_patch16_224_classification,266,205,,1000,30,30,30,thin,56,True,5.077641457834911,0.06534428474312737,0.3380721339301207,0.5409371022487184,5.142985742578039,5.415713591765033,6.0219949787568785
xcit_nano_12_p8_224_classification,dino_vitb16_selfsupervised,266,208,,1000,30,30,30,thin,56,True,4.110458358176771,1.032527384401269,0.468887298356103,0.6179768158427699,5.142985742578039,4.579345656532873,6.229849856776912
xcit_nano_12_p16_224_classification,swin_large_patch4_window7_224_classification,242,281,,1000,30,30,30,thin,56,True,4.716179709311311,0.2717308748881617,0.6778884522053019,0.7028259771181871,4.987910584199473,5.394068161516613,6.368625013522962
xcit_nano_12_p16_224_classification,jx_nest_tiny_classification,242,148,,1000,30,30,30,thin,56,True,4.987910584199473,0.0,0.7587167375251802,0.46408695899585695,4.987910584199473,5.746627321724653,6.21071428072051
xcit_nano_12_p16_224_classification,pit_ti_224_classification,242,207,,1000,30,30,30,thin,56,True,4.987331593787292,0.0005789904121806799,0.40125916880973467,0.5723364617413802,4.987910584199473,5.388590762597027,5.961506214750588
xcit_nano_12_p16_224_classification,vit_base_patch32_224_classification,242,218,,1000,30,30,30,thin,56,True,4.705085892444654,0.2828246917548194,0.3545292783920546,0.6257019042505432,4.987910584199473,5.059615170836708,5.968141766842071
xcit_nano_12_p16_224_classification,vit_base_patch16_224_classification,242,197,,1000,30,30,30,thin,56,True,4.752320450875645,0.23559013332382772,0.3707697483828456,0.5922103717494185,4.987910584199473,5.123090199258491,5.950890704331737
xcit_nano_12_p16_224_classification,tnt_s_patch16_224_classification,242,198,,1000,30,30,30,thin,56,True,4.879800247102358,0.1081103370971146,0.23484503981746574,0.6180823367479009,4.987910584199473,5.114645286919824,5.84083796076484
xcit_nano_12_p16_224_classification,crossvit_base_240_classification,242,336,,1000,30,30,30,thin,56,True,4.936322274067733,0.05158831013174048,0.5207875492397696,0.5889310052786287,4.987910584199473,5.457109823307502,6.097629138717871
xcit_nano_12_p16_224_classification,deit_base_patch16_224_classification,242,205,,1000,30,30,30,thin,56,True,4.960496461738121,0.02741412246135244,0.4552171300269121,0.5937406692002876,4.987910584199473,5.415713591765033,6.036868383426673
xcit_nano_12_p16_224_classification,dino_vitb16_selfsupervised,242,208,,1000,30,30,30,thin,56,True,3.9989211463732612,0.9889894378262118,0.5804245101596122,0.6999261940117645,4.987910584199473,4.579345656532873,6.26826128837085
swin_large_patch4_window7_224_classification,jx_nest_tiny_classification,281,148,,1000,30,30,30,thin,56,True,5.146877041958725,0.24719111955789508,0.5997502797659271,0.6457222599770764,5.394068161516621,5.746627321724653,6.639540701259625
swin_large_patch4_window7_224_classification,pit_ti_224_classification,281,207,,1000,30,30,30,thin,56,True,4.948147502427468,0.44592065908915224,0.44044326016955804,0.6171490910055644,5.394068161516621,5.388590762597027,6.451660512691744
swin_large_patch4_window7_224_classification,vit_base_patch32_224_classification,281,218,,1000,30,30,30,thin,56,True,4.804859390417833,0.5892087710987877,0.2547557804188747,0.5712229147054231,5.394068161516621,5.059615170836708,6.220046856640919
swin_large_patch4_window7_224_classification,vit_base_patch16_224_classification,281,197,,1000,30,30,30,thin,56,True,4.798725429285435,0.5953427322311873,0.32436476997305697,0.6389682711059779,5.394068161516621,5.123090199258491,6.357401202595656
swin_large_patch4_window7_224_classification,tnt_s_patch16_224_classification,281,198,,1000,30,30,30,thin,56,True,4.899371418828438,0.4946967426881832,0.21527386809138616,0.584856289564132,5.394068161516621,5.114645286919824,6.1941983191721395
swin_large_patch4_window7_224_classification,crossvit_base_240_classification,281,336,,1000,30,30,30,thin,56,True,5.0287314963273095,0.36533666518931085,0.42837832698019174,0.5886414643664573,5.394068161516621,5.457109823307502,6.41108795286327
swin_large_patch4_window7_224_classification,deit_base_patch16_224_classification,281,205,,1000,30,30,30,thin,56,True,5.022681833419786,0.37138632809683614,0.3930317583452476,0.6197047771084261,5.394068161516621,5.415713591765033,6.406804696970295
swin_large_patch4_window7_224_classification,dino_vitb16_selfsupervised,281,208,,1000,30,30,30,thin,56,True,4.12751191202046,1.2665562494961602,0.4518337445124123,0.6469337303021687,5.394068161516621,4.579345656532873,6.492835636331202
jx_nest_tiny_classification,pit_ti_224_classification,148,207,,1000,30,30,30,thin,56,True,5.388590762597027,0.35803655912762977,0.0,0.4606149751398192,5.746627321724657,5.388590762597027,6.207242296864476
jx_nest_tiny_classification,vit_base_patch32_224_classification,148,218,,1000,30,30,30,thin,56,True,5.059615170836708,0.6870121508879485,0.0,0.5434705751686,5.746627321724657,5.059615170836708,6.290097896893257
jx_nest_tiny_classification,vit_base_patch16_224_classification,148,197,,1000,30,30,30,thin,56,True,5.123090199258491,0.6235371224661659,0.0,0.40319497312190045,5.746627321724657,5.123090199258491,6.149822294846557
jx_nest_tiny_classification,tnt_s_patch16_224_classification,148,198,,1000,30,30,30,thin,56,True,5.114645286919823,0.6319820348048326,0.0,0.37807038906030765,5.746627321724657,5.114645286919824,6.1246977107849645
jx_nest_tiny_classification,crossvit_base_240_classification,148,336,,1000,30,30,30,thin,56,True,5.457109823307502,0.2895174984171547,0.0,0.45340025599632927,5.746627321724657,5.457109823307502,6.200027577720986
jx_nest_tiny_classification,deit_base_patch16_224_classification,148,205,,1000,30,30,30,thin,56,True,5.415713591765033,0.3309137299596241,0.0,0.3034649530699651,5.746627321724657,5.415713591765033,6.050092274794622
jx_nest_tiny_classification,dino_vitb16_selfsupervised,148,208,,1000,30,30,30,thin,56,True,4.501808399413067,1.2448189223115902,0.07753725711980675,0.613473189860251,5.746627321724657,4.579345656532873,6.437637768704715
pit_ti_224_classification,vit_base_patch32_224_classification,207,218,,1000,30,30,30,thin,56,True,5.021020810260416,0.3675699523366198,0.038594360576292175,0.5690336038245425,5.388590762597036,5.059615170836708,5.996218726997871
pit_ti_224_classification,vit_base_patch16_224_classification,207,197,,1000,30,30,30,thin,56,True,5.109428586998877,0.2791621755981586,0.013661612259613598,0.5224989661046164,5.388590762597036,5.123090199258491,5.924751340961266
pit_ti_224_classification,tnt_s_patch16_224_classification,207,198,,1000,30,30,30,thin,56,True,5.114645286919825,0.2739454756772117,0.0,0.5329252131436801,5.388590762597036,5.114645286919824,5.921515975740716
pit_ti_224_classification,crossvit_base_240_classification,207,336,,1000,30,30,30,thin,56,True,5.3362374661723235,0.052353296424712426,0.12087235713517863,0.5660908500673809,5.388590762597036,5.457109823307502,6.0755539697995955
pit_ti_224_classification,deit_base_patch16_224_classification,207,205,,1000,30,30,30,thin,56,True,5.325757185177379,0.06283357741965734,0.08995640658765414,0.5297494880473979,5.388590762597036,5.415713591765033,6.008296657232088
pit_ti_224_classification,dino_vitb16_selfsupervised,207,208,,1000,30,30,30,thin,56,True,4.141940137478439,1.2466506251185967,0.43740551905443414,0.6209443780298942,5.388590762597036,4.579345656532873,6.446940659681364
vit_base_patch32_224_classification,vit_base_patch16_224_classification,218,197,,1000,30,30,30,thin,56,True,5.0300286526999285,0.029586518136776263,0.09306154655856336,0.5685951658014128,5.059615170836704,5.123090199258491,5.72127188319668
vit_base_patch32_224_classification,tnt_s_patch16_224_classification,218,198,,1000,30,30,30,thin,56,True,4.929638082472261,0.1299770883644431,0.18500720444756347,0.5539488251082885,5.059615170836704,5.114645286919824,5.798571200392556
vit_base_patch32_224_classification,crossvit_base_240_classification,218,336,,1000,30,30,30,thin,56,True,5.059615170836703,0.0,0.3974946524707983,0.5189776436698299,5.059615170836704,5.457109823307502,5.976087466977332
vit_base_patch32_224_classification,deit_base_patch16_224_classification,218,205,,1000,30,30,30,thin,56,True,5.059615170836705,0.0,0.3560984209283289,0.5113056655524923,5.059615170836704,5.415713591765033,5.927019257317525
vit_base_patch32_224_classification,dino_vitb16_selfsupervised,218,208,,1000,30,30,30,thin,56,True,4.196247848903422,0.8633673219332811,0.38309780762945067,0.5721885962960744,5.059615170836704,4.579345656532873,6.014901574762229
vit_base_patch16_224_classification,tnt_s_patch16_224_classification,197,198,,1000,30,30,30,thin,56,True,4.972750325725865,0.1503398735326229,0.14189496119395795,0.5193556241002071,5.123090199258489,5.114645286919824,5.784340784552654
vit_base_patch16_224_classification,crossvit_base_240_classification,197,336,,1000,30,30,30,thin,56,True,5.123090199258489,0.0,0.334019624049013,0.40290379447250046,5.123090199258489,5.457109823307502,5.860013617780003
vit_base_patch16_224_classification,deit_base_patch16_224_classification,197,205,,1000,30,30,30,thin,56,True,5.123090199258489,0.0,0.29262339250654357,0.435109894116942,5.123090199258489,5.415713591765033,5.850823485881975
vit_base_patch16_224_classification,dino_vitb16_selfsupervised,197,208,,1000,30,30,30,thin,56,True,4.219937832672904,0.9031523665855854,0.3594078238599696,0.6339964492016357,5.123090199258489,4.579345656532873,6.1164944723200945
tnt_s_patch16_224_classification,crossvit_base_240_classification,198,336,,1000,30,30,30,thin,56,True,5.114645286919829,0.0,0.3424645363876735,0.4133330308465615,5.114645286919829,5.457109823307502,5.870442854154064
tnt_s_patch16_224_classification,deit_base_patch16_224_classification,198,205,,1000,30,30,30,thin,56,True,5.114645286919829,0.0,0.3010683048452041,0.35838102424884877,5.114645286919829,5.415713591765033,5.7740946160138815
tnt_s_patch16_224_classification,dino_vitb16_selfsupervised,198,208,,1000,30,30,30,thin,56,True,4.140867827912107,0.9737774590077217,0.43847782862076645,0.5861756709939536,5.114645286919829,4.579345656532873,6.139298786534549
crossvit_base_240_classification,deit_base_patch16_224_classification,336,205,,1000,30,30,30,thin,56,True,5.415713591765034,0.04139623154248273,0.0,0.4185036298506537,5.4571098233075155,5.415713591765033,5.875613453158169
crossvit_base_240_classification,dino_vitb16_selfsupervised,336,208,,1000,30,30,30,thin,56,True,4.348114337286075,1.1089954860214393,0.23123131924679718,0.5773031587624038,5.4571098233075155,4.579345656532873,6.2656443013167165
deit_base_patch16_224_classification,dino_vitb16_selfsupervised,205,208,,1000,30,30,30,thin,56,True,4.396776907324839,1.0189366844401828,0.18256874920803412,0.607226996202975,5.415713591765022,4.579345656532873,6.205509337176031
