model_1,model_2,layer_1,layer_2,subj_id,n_samples,n_components_source_1,n_components_source_2,n_components_target,pid_method,rng_seed,bias_correction,red,unq1,unq2,syn,bi_mi_1,bi_mi_2,tri_mi
levit_128_classification,coat_lite_tiny_classification,181,219,,1000,50,50,50,thin,56,True,7.198728162589863,0.0,0.5732927468893134,0.9142478664051348,7.198728162589863,7.772020909479177,8.686268775884312
levit_128_classification,visformer_small_classification,181,163,,1000,50,50,50,thin,56,True,7.198728162589863,0.0,0.34162118557851606,1.0245162719712537,7.198728162589863,7.540349348168379,8.564865620139633
levit_128_classification,convit_base_classification,181,201,,1000,50,50,50,thin,56,True,7.030203064897655,0.1685250976922088,0.2595630786407348,1.0857374615391722,7.198728162589863,7.289766143538389,8.54402870276977
levit_128_classification,RN50_clip,181,179,,1000,50,50,50,thin,56,True,7.198728162589864,0.0,0.8704218405235986,0.9159340872557085,7.198728162589863,8.069150003113462,8.98508409036917
levit_128_classification,RN101_clip,181,366,,1000,50,50,50,thin,56,True,7.1689719198953465,0.02975624269451682,0.6836294353995944,1.1300844465497413,7.198728162589863,7.852601355294941,9.012442044539199
levit_128_classification,ResNet50-SimCLR_selfsupervised,181,162,,1000,50,50,50,thin,56,True,7.138162699887187,0.0605654627026766,0.2494612002049763,1.1056821100479288,7.198728162589863,7.387623900092163,8.553871472842768
levit_128_classification,ResNet50-DeepClusterV2-2x224_selfsupervised,181,162,,1000,50,50,50,thin,56,True,7.198728162589863,0.0,0.16527062592257735,1.0964636129438814,7.198728162589863,7.363998788512441,8.460462401456322
levit_128_classification,ResNet50-SwAV-BS4096-2x224_selfsupervised,181,165,,1000,50,50,50,thin,56,True,7.155310517754858,0.04341764483500565,0.0023035289032842243,1.011953970194627,7.198728162589863,7.157614046658142,8.212985661687775
levit_128_classification,ResNet50-PIRL_selfsupervised,181,165,,1000,50,50,50,thin,56,True,6.64453831598786,0.5541898466020037,0.0,0.9842888951552462,7.198728162589863,6.64453831598786,8.18301705774511
levit_128_classification,ResNet50-ClusterFit-16K-RotNet_selfsupervised,181,160,,1000,50,50,50,thin,56,True,6.277369985593611,0.921358176996252,0.0,0.7753341768446669,7.198728162589863,6.277369985593611,7.97406233943453
levit_128_classification,ResNet50-MoCoV2-BS256_selfsupervised,181,155,,1000,50,50,50,thin,56,True,6.818424815254016,0.3803033473358477,0.25792903527603084,1.0069285141463507,7.198728162589863,7.0763538505300465,8.463585712012245
levit_128_classification,nf_resnet50_classification,181,141,,1000,50,50,50,thin,56,True,6.5535301946561955,0.6451979679336679,0.07909010116310444,1.1215996752572899,7.198728162589863,6.6326202958193,8.399417939010258
levit_128_classification,hardcorenas_f_classification,181,294,,1000,50,50,50,thin,56,True,6.751510954636771,0.4472172079530923,0.18808514396620968,1.0779336789771445,7.198728162589863,6.939596098602981,8.464746985533218
levit_128_classification,eca_nfnet_l0_classification,181,134,,1000,50,50,50,thin,56,True,7.1987281625898625,0.0,1.158729652428213,0.8195758198191321,7.198728162589863,8.357457815018076,9.177033634837208
levit_128_classification,resnet50_classification,181,156,,1000,50,50,50,thin,56,True,6.966657149925722,0.2320710126641412,0.0,1.0893749611841033,7.198728162589863,6.966657149925722,8.288103123773967
levit_128_classification,semnasnet_100_classification,181,270,,1000,50,50,50,thin,56,True,6.929130871351364,0.2695972912384992,0.0,0.996346079800186,7.198728162589863,6.929130871351364,8.19507424239005
levit_128_classification,cspresnet50_classification,181,320,,1000,50,50,50,thin,56,True,7.157307161216782,0.0414210013730818,0.14851360617448517,1.1145132005744163,7.198728162589863,7.305820767391267,8.461754969338765
levit_128_classification,mobilenetv3_large_100_classification,181,252,,1000,50,50,50,thin,56,True,6.969521231525423,0.22920693106444023,0.3070078004775878,1.1214231222705333,7.198728162589863,7.276529032003011,8.627159085337984
levit_128_classification,ghostnet_100_classification,181,290,,1000,50,50,50,thin,56,True,6.972590908267868,0.22613725432199505,0.23367643482867084,1.1131312469013235,7.198728162589863,7.206267343096539,8.545535844319858
levit_128_classification,convnext_base_classification,181,273,,1000,50,50,50,thin,56,True,7.1987281625898625,0.0,1.1055101149192614,0.7038129366883172,7.198728162589863,8.304238277509125,9.008051214197442
levit_128_classification,xcit_nano_12_p8_224_classification,181,266,,1000,50,50,50,thin,56,True,6.630108426501807,0.5686197360880563,0.23393866346454395,1.1608323582193494,7.198728162589863,6.864047089966351,8.593499184273757
levit_128_classification,xcit_nano_12_p16_224_classification,181,242,,1000,50,50,50,thin,56,True,6.636336307365977,0.5623918552238862,0.20048081297678166,1.071031041770877,7.198728162589863,6.836817120342759,8.470240017337522
levit_128_classification,swin_large_patch4_window7_224_classification,181,281,,1000,50,50,50,thin,56,True,6.9005774786790885,0.2981506839107748,0.6147578706013004,1.1799697178923791,7.198728162589863,7.515335349280389,8.993455751083543
levit_128_classification,jx_nest_tiny_classification,181,148,,1000,50,50,50,thin,56,True,7.198728162589863,0.0,0.5730407785898155,0.8169182716926597,7.198728162589863,7.771768941179679,8.588687212872339
levit_128_classification,pit_ti_224_classification,181,207,,1000,50,50,50,thin,56,True,7.198728162589863,0.0,0.2685996015597798,1.005352319054329,7.198728162589863,7.467327764149643,8.472680083203972
levit_128_classification,vit_base_patch32_224_classification,181,218,,1000,50,50,50,thin,56,True,6.840991168610421,0.3577369939794428,0.1020497965707543,1.0608348499088969,7.198728162589863,6.943040965181175,8.361612809069515
levit_128_classification,vit_base_patch16_224_classification,181,197,,1000,50,50,50,thin,56,True,6.866050310797914,0.3326778517919493,0.0945287802006689,1.0402342933151472,7.198728162589863,6.960579090998583,8.33349123610568
levit_128_classification,tnt_s_patch16_224_classification,181,198,,1000,50,50,50,thin,56,True,6.72807258634466,0.4706555762452034,0.12105666732798781,1.0851040004879033,7.198728162589863,6.849129253672648,8.404888830405755
levit_128_classification,crossvit_base_240_classification,181,336,,1000,50,50,50,thin,56,True,7.1539043499909445,0.04482381259891888,0.05393813185450824,1.1149853520238766,7.198728162589863,7.207842481845453,8.367651646468248
levit_128_classification,deit_base_patch16_224_classification,181,205,,1000,50,50,50,thin,56,True,7.193207088392758,0.005521074197105236,0.0,1.0223647952101578,7.198728162589863,7.193207088392758,8.221092957800021
levit_128_classification,dino_vitb16_selfsupervised,181,208,,1000,50,50,50,thin,56,True,6.140000679736054,1.0587274828538096,0.0,1.0821150196447133,7.198728162589863,6.140000679736054,8.280843182234577
coat_lite_tiny_classification,visformer_small_classification,219,163,,1000,50,50,50,thin,56,True,7.540349348168379,0.23167156131079025,0.0,0.7567504238865714,7.77202090947917,7.540349348168379,8.528771333365741
coat_lite_tiny_classification,convit_base_classification,219,201,,1000,50,50,50,thin,56,True,7.289766143538389,0.4822547659407803,0.0,0.751561821015911,7.77202090947917,7.289766143538389,8.52358273049508
coat_lite_tiny_classification,RN50_clip,219,179,,1000,50,50,50,thin,56,True,7.772020909479169,0.0,0.2971290936342923,1.0826698141048041,7.77202090947917,8.069150003113462,9.151819817218266
coat_lite_tiny_classification,RN101_clip,219,366,,1000,50,50,50,thin,56,True,7.414101019446017,0.35791989003315283,0.4385003358489241,1.1278924432609774,7.77202090947917,7.852601355294941,9.338413688589071
coat_lite_tiny_classification,ResNet50-SimCLR_selfsupervised,219,162,,1000,50,50,50,thin,56,True,7.387623900092163,0.3843970093870066,0.0,0.9733212906712536,7.77202090947917,7.387623900092163,8.745342200150423
coat_lite_tiny_classification,ResNet50-DeepClusterV2-2x224_selfsupervised,219,162,,1000,50,50,50,thin,56,True,7.363998788512441,0.40802212096672896,0.0,0.8025305004868537,7.77202090947917,7.363998788512441,8.574551409966023
coat_lite_tiny_classification,ResNet50-SwAV-BS4096-2x224_selfsupervised,219,165,,1000,50,50,50,thin,56,True,7.157614046658142,0.6144068628210277,0.0,0.8940761930839907,7.77202090947917,7.157614046658142,8.66609710256316
coat_lite_tiny_classification,ResNet50-PIRL_selfsupervised,219,165,,1000,50,50,50,thin,56,True,6.64453831598786,1.12748259349131,0.0,0.7359891192822952,7.77202090947917,6.64453831598786,8.508010028761465
coat_lite_tiny_classification,ResNet50-ClusterFit-16K-RotNet_selfsupervised,219,160,,1000,50,50,50,thin,56,True,6.277369985593611,1.4946509238855583,0.0,0.5546603837956612,7.77202090947917,6.277369985593611,8.32668129327483
coat_lite_tiny_classification,ResNet50-MoCoV2-BS256_selfsupervised,219,155,,1000,50,50,50,thin,56,True,7.0763538505300465,0.6956670589491232,0.0,0.7148397661162642,7.77202090947917,7.0763538505300465,8.486860675595434
coat_lite_tiny_classification,nf_resnet50_classification,219,141,,1000,50,50,50,thin,56,True,6.6326202958193,1.1394006136598698,0.0,0.8606497671104476,7.77202090947917,6.6326202958193,8.632670676589617
coat_lite_tiny_classification,hardcorenas_f_classification,219,294,,1000,50,50,50,thin,56,True,6.939596098602981,0.8324248108761889,0.0,0.7199486619330822,7.77202090947917,6.939596098602981,8.491969571412252
coat_lite_tiny_classification,eca_nfnet_l0_classification,219,134,,1000,50,50,50,thin,56,True,7.772020909479171,0.0,0.5854369055389066,0.723457594807865,7.77202090947917,8.357457815018076,9.080915409825941
coat_lite_tiny_classification,resnet50_classification,219,156,,1000,50,50,50,thin,56,True,6.966657149925722,0.8053637595534475,0.0,0.7135816188008546,7.77202090947917,6.966657149925722,8.485602528280024
coat_lite_tiny_classification,semnasnet_100_classification,219,270,,1000,50,50,50,thin,56,True,6.929130871351364,0.8428900381278055,0.0,0.780690245606519,7.77202090947917,6.929130871351364,8.552711155085689
coat_lite_tiny_classification,cspresnet50_classification,219,320,,1000,50,50,50,thin,56,True,7.305820767391267,0.46620014208790295,0.0,0.9703637467284354,7.77202090947917,7.305820767391267,8.742384656207605
coat_lite_tiny_classification,mobilenetv3_large_100_classification,219,252,,1000,50,50,50,thin,56,True,7.276529032003011,0.49549187747615875,0.0,1.0536275216609168,7.77202090947917,7.276529032003011,8.825648431140086
coat_lite_tiny_classification,ghostnet_100_classification,219,290,,1000,50,50,50,thin,56,True,7.206267343096539,0.5657535663826305,0.0,0.9721368985872347,7.77202090947917,7.206267343096539,8.744157808066404
coat_lite_tiny_classification,convnext_base_classification,219,273,,1000,50,50,50,thin,56,True,7.772020909479171,0.0,0.5322173680299551,0.8593255399187338,7.77202090947917,8.304238277509125,9.163563817427859
coat_lite_tiny_classification,xcit_nano_12_p8_224_classification,219,266,,1000,50,50,50,thin,56,True,6.864047089966351,0.9079738195128186,0.0,0.7564743412450605,7.77202090947917,6.864047089966351,8.52849525072423
coat_lite_tiny_classification,xcit_nano_12_p16_224_classification,219,242,,1000,50,50,50,thin,56,True,6.836817120342759,0.9352037891364109,0.0,0.580129246418271,7.77202090947917,6.836817120342759,8.35215015589744
coat_lite_tiny_classification,swin_large_patch4_window7_224_classification,219,281,,1000,50,50,50,thin,56,True,7.239129478131826,0.5328914313473438,0.2762058711485631,1.17434967674318,7.77202090947917,7.515335349280389,9.222576457370913
coat_lite_tiny_classification,jx_nest_tiny_classification,219,148,,1000,50,50,50,thin,56,True,7.771768941179679,0.00025196829949081234,0.0,0.8736802757709539,7.77202090947917,7.771768941179679,8.645701185250124
coat_lite_tiny_classification,pit_ti_224_classification,219,207,,1000,50,50,50,thin,56,True,7.467327764149643,0.3046931453295265,0.0,0.680261088350913,7.77202090947917,7.467327764149643,8.452281997830083
coat_lite_tiny_classification,vit_base_patch32_224_classification,219,218,,1000,50,50,50,thin,56,True,6.943040965181175,0.8289799442979948,0.0,0.8702548758137452,7.77202090947917,6.943040965181175,8.642275785292915
coat_lite_tiny_classification,vit_base_patch16_224_classification,219,197,,1000,50,50,50,thin,56,True,6.960579090998583,0.8114418184805867,0.0,0.5849425027742443,7.77202090947917,6.960579090998583,8.356963412253414
coat_lite_tiny_classification,tnt_s_patch16_224_classification,219,198,,1000,50,50,50,thin,56,True,6.849129253672648,0.9228916558065219,0.0,0.7010189241443383,7.77202090947917,6.849129253672648,8.473039833623508
coat_lite_tiny_classification,crossvit_base_240_classification,219,336,,1000,50,50,50,thin,56,True,7.207842481845453,0.564178427633717,0.0,0.8840397606133168,7.77202090947917,7.207842481845453,8.656060670092486
coat_lite_tiny_classification,deit_base_patch16_224_classification,219,205,,1000,50,50,50,thin,56,True,7.193207088392758,0.5788138210864116,0.0,0.812377994068533,7.77202090947917,7.193207088392758,8.584398903547703
coat_lite_tiny_classification,dino_vitb16_selfsupervised,219,208,,1000,50,50,50,thin,56,True,5.872669104661837,1.899351804817333,0.2673315750742171,1.1484078583242745,7.77202090947917,6.140000679736054,9.187760342877661
visformer_small_classification,convit_base_classification,163,201,,1000,50,50,50,thin,56,True,7.289766143538389,0.2505832046300025,0.0,0.8422798917057834,7.540349348168392,7.289766143538389,8.382629239874175
visformer_small_classification,RN50_clip,163,179,,1000,50,50,50,thin,56,True,7.540349348168393,0.0,0.5288006549450701,1.0314750103092258,7.540349348168392,8.069150003113462,9.100625013422688
visformer_small_classification,RN101_clip,163,366,,1000,50,50,50,thin,56,True,7.270671516834524,0.26967783133386813,0.5819298384604172,1.1397380177549667,7.540349348168392,7.852601355294941,9.262017204383776
visformer_small_classification,ResNet50-SimCLR_selfsupervised,163,162,,1000,50,50,50,thin,56,True,7.3670337357273175,0.1733156124410744,0.02059016436484562,1.1985097595942422,7.540349348168392,7.387623900092163,8.75944927212748
visformer_small_classification,ResNet50-DeepClusterV2-2x224_selfsupervised,163,162,,1000,50,50,50,thin,56,True,7.363998788512441,0.17635055965595114,0.0,0.9491592082996254,7.540349348168392,7.363998788512441,8.489508556468017
visformer_small_classification,ResNet50-SwAV-BS4096-2x224_selfsupervised,163,165,,1000,50,50,50,thin,56,True,7.157614046658142,0.3827353015102499,0.0,0.9737486774238961,7.540349348168392,7.157614046658142,8.514098025592288
visformer_small_classification,ResNet50-PIRL_selfsupervised,163,165,,1000,50,50,50,thin,56,True,6.64453831598786,0.8958110321805322,0.0,0.6899875281465215,7.540349348168392,6.64453831598786,8.230336876314913
visformer_small_classification,ResNet50-ClusterFit-16K-RotNet_selfsupervised,163,160,,1000,50,50,50,thin,56,True,6.277369985593611,1.2629793625747805,0.0,0.48821886711681817,7.540349348168392,6.277369985593611,8.02856821528521
visformer_small_classification,ResNet50-MoCoV2-BS256_selfsupervised,163,155,,1000,50,50,50,thin,56,True,7.0763538505300465,0.46399549763834536,0.0,0.8281255236254212,7.540349348168392,7.0763538505300465,8.368474871793813
visformer_small_classification,nf_resnet50_classification,163,141,,1000,50,50,50,thin,56,True,6.6326202958193,0.907729052349092,0.0,0.9723003909994032,7.540349348168392,6.6326202958193,8.512649739167795
visformer_small_classification,hardcorenas_f_classification,163,294,,1000,50,50,50,thin,56,True,6.939596098602981,0.6007532495654111,0.0,0.9695957498804821,7.540349348168392,6.939596098602981,8.509945098048874
visformer_small_classification,eca_nfnet_l0_classification,163,134,,1000,50,50,50,thin,56,True,7.540349348168391,0.0,0.8171084668496844,0.7900213133933249,7.540349348168392,8.357457815018076,9.147479128411401
visformer_small_classification,resnet50_classification,163,156,,1000,50,50,50,thin,56,True,6.966657149925722,0.5736921982426697,0.0,0.7920379035027834,7.540349348168392,6.966657149925722,8.332387251671175
visformer_small_classification,semnasnet_100_classification,163,270,,1000,50,50,50,thin,56,True,6.929130871351364,0.6112184768170277,0.0,0.9357898916340792,7.540349348168392,6.929130871351364,8.476139239802471
visformer_small_classification,cspresnet50_classification,163,320,,1000,50,50,50,thin,56,True,7.205330129263515,0.3350192189048773,0.10049063812775216,1.0698881786539554,7.540349348168392,7.305820767391267,8.7107281649501
visformer_small_classification,mobilenetv3_large_100_classification,163,252,,1000,50,50,50,thin,56,True,7.139595586210236,0.40075376195815604,0.1369334457927751,1.1280849457398752,7.540349348168392,7.276529032003011,8.805367739701042
visformer_small_classification,ghostnet_100_classification,163,290,,1000,50,50,50,thin,56,True,7.112372982731172,0.4279763654372202,0.09389436036536747,1.1570024689187317,7.540349348168392,7.206267343096539,8.791246177452491
visformer_small_classification,convnext_base_classification,163,273,,1000,50,50,50,thin,56,True,7.540349348168391,0.0,0.7638889293407329,0.8552925515094891,7.540349348168392,8.304238277509125,9.159530829018614
visformer_small_classification,xcit_nano_12_p8_224_classification,163,266,,1000,50,50,50,thin,56,True,6.864047089966351,0.6763022582020408,0.0,0.8388911417594676,7.540349348168392,6.864047089966351,8.37924048992786
visformer_small_classification,xcit_nano_12_p16_224_classification,163,242,,1000,50,50,50,thin,56,True,6.836817120342759,0.7035322278256331,0.0,0.7664157670268628,7.540349348168392,6.836817120342759,8.306765115195255
visformer_small_classification,swin_large_patch4_window7_224_classification,163,281,,1000,50,50,50,thin,56,True,7.159191854697911,0.38115749347048045,0.3561434945824775,1.1181680824702918,7.540349348168392,7.515335349280389,9.014660925221161
visformer_small_classification,jx_nest_tiny_classification,163,148,,1000,50,50,50,thin,56,True,7.540349348168392,0.0,0.231419593011287,0.6863084153338468,7.540349348168392,7.771768941179679,8.458077356513526
visformer_small_classification,pit_ti_224_classification,163,207,,1000,50,50,50,thin,56,True,7.467327764149643,0.0730215840187487,0.0,0.8236768172563034,7.540349348168392,7.467327764149643,8.364026165424695
visformer_small_classification,vit_base_patch32_224_classification,163,218,,1000,50,50,50,thin,56,True,6.943040965181175,0.597308382987217,0.0,1.0190167302068511,7.540349348168392,6.943040965181175,8.559366078375243
visformer_small_classification,vit_base_patch16_224_classification,163,197,,1000,50,50,50,thin,56,True,6.960579090998583,0.5797702571698089,0.0,0.7843850737591547,7.540349348168392,6.960579090998583,8.324734421927547
visformer_small_classification,tnt_s_patch16_224_classification,163,198,,1000,50,50,50,thin,56,True,6.849129253672648,0.6912200944957441,0.0,0.7932225717572488,7.540349348168392,6.849129253672648,8.33357191992564
visformer_small_classification,crossvit_base_240_classification,163,336,,1000,50,50,50,thin,56,True,7.207842481845453,0.33250686632293913,0.0,0.8548691002678508,7.540349348168392,7.207842481845453,8.395218448436243
visformer_small_classification,deit_base_patch16_224_classification,163,205,,1000,50,50,50,thin,56,True,7.193207088392758,0.34714225977563373,0.0,0.7612274729797504,7.540349348168392,7.193207088392758,8.301576821148142
visformer_small_classification,dino_vitb16_selfsupervised,163,208,,1000,50,50,50,thin,56,True,5.93682530049518,1.6035240476732122,0.20317537924087414,1.1164621983249727,7.540349348168392,6.140000679736054,8.859986925734239
convit_base_classification,RN50_clip,201,179,,1000,50,50,50,thin,56,True,7.289766143538392,0.0,0.7793838595750708,0.9554990860897234,7.289766143538391,8.069150003113462,9.024649089203185
convit_base_classification,RN101_clip,201,366,,1000,50,50,50,thin,56,True,7.180566644234251,0.10919949930414052,0.6720347110606903,1.104633226735281,7.289766143538391,7.852601355294941,9.066434081334362
convit_base_classification,ResNet50-SimCLR_selfsupervised,201,162,,1000,50,50,50,thin,56,True,7.289766143538391,0.0,0.09785775655377194,1.1435236974018066,7.289766143538391,7.387623900092163,8.53114759749397
convit_base_classification,ResNet50-DeepClusterV2-2x224_selfsupervised,201,162,,1000,50,50,50,thin,56,True,7.289766143538391,0.0,0.07423264497404958,0.9180549214332361,7.289766143538391,7.363998788512441,8.282053709945677
convit_base_classification,ResNet50-SwAV-BS4096-2x224_selfsupervised,201,165,,1000,50,50,50,thin,56,True,7.157614046658142,0.1321520968802492,0.0,0.9816837476901936,7.289766143538391,7.157614046658142,8.271449891228585
convit_base_classification,ResNet50-PIRL_selfsupervised,201,165,,1000,50,50,50,thin,56,True,6.64453831598786,0.6452278275505314,0.0,0.8409003243854558,7.289766143538391,6.64453831598786,8.130666467923847
convit_base_classification,ResNet50-ClusterFit-16K-RotNet_selfsupervised,201,160,,1000,50,50,50,thin,56,True,6.277369985593611,1.0123961579447798,0.0,0.6738451687790592,7.289766143538391,6.277369985593611,7.96361131231745
convit_base_classification,ResNet50-MoCoV2-BS256_selfsupervised,201,155,,1000,50,50,50,thin,56,True,7.0763538505300465,0.21341229300834463,0.0,0.9973381392093001,7.289766143538391,7.0763538505300465,8.287104282747691
convit_base_classification,nf_resnet50_classification,201,141,,1000,50,50,50,thin,56,True,6.6326202958193,0.6571458477190912,0.0,1.0378694979991083,7.289766143538391,6.6326202958193,8.3276356415375
convit_base_classification,hardcorenas_f_classification,201,294,,1000,50,50,50,thin,56,True,6.912428800784982,0.37733734275340947,0.027167297817999092,1.1363500963201236,7.289766143538391,6.939596098602981,8.453283537676514
convit_base_classification,eca_nfnet_l0_classification,201,134,,1000,50,50,50,thin,56,True,7.28976614353839,0.0,1.0676916714796851,0.7502373748641258,7.289766143538391,8.357457815018076,9.107695189882202
convit_base_classification,resnet50_classification,201,156,,1000,50,50,50,thin,56,True,6.966657149925722,0.323108993612669,0.0,1.0058742797558589,7.289766143538391,6.966657149925722,8.29564042329425
convit_base_classification,semnasnet_100_classification,201,270,,1000,50,50,50,thin,56,True,6.929130871351364,0.36063527218702696,0.0,1.025919199783707,7.289766143538391,6.929130871351364,8.315685343322098
convit_base_classification,cspresnet50_classification,201,320,,1000,50,50,50,thin,56,True,7.134884672637515,0.15488147090087612,0.1709360947537517,1.0837264109598266,7.289766143538391,7.305820767391267,8.54442864925197
convit_base_classification,mobilenetv3_large_100_classification,201,252,,1000,50,50,50,thin,56,True,6.976673257478144,0.31309288606024754,0.29985577452486734,1.1186415538563637,7.289766143538391,7.276529032003011,8.708263471919622
convit_base_classification,ghostnet_100_classification,201,290,,1000,50,50,50,thin,56,True,6.9651965091028405,0.32456963443555065,0.24107083399369866,1.1507909733328763,7.289766143538391,7.206267343096539,8.681627950864966
convit_base_classification,convnext_base_classification,201,273,,1000,50,50,50,thin,56,True,7.28976614353839,0.0,1.0144721339707337,0.7503684001554518,7.289766143538391,8.304238277509125,9.054606677664577
convit_base_classification,xcit_nano_12_p8_224_classification,201,266,,1000,50,50,50,thin,56,True,6.864047089966351,0.4257190535720401,0.0,0.6863440674938603,7.289766143538391,6.864047089966351,7.9761102110322515
convit_base_classification,xcit_nano_12_p16_224_classification,201,242,,1000,50,50,50,thin,56,True,6.836817120342759,0.45294902319563235,0.0,0.8048175500645103,7.289766143538391,6.836817120342759,8.094583693602901
convit_base_classification,swin_large_patch4_window7_224_classification,201,281,,1000,50,50,50,thin,56,True,7.135203671181398,0.15456247235699294,0.38013167809899073,1.1705204855414353,7.289766143538391,7.515335349280389,8.840418307178817
convit_base_classification,jx_nest_tiny_classification,201,148,,1000,50,50,50,thin,56,True,7.289766143538391,0.0,0.48200279764128773,0.6208111354287356,7.289766143538391,7.771768941179679,8.392580076608414
convit_base_classification,pit_ti_224_classification,201,207,,1000,50,50,50,thin,56,True,7.289766143538391,0.0,0.17756162061125202,0.6630480230269873,7.289766143538391,7.467327764149643,8.13037578717663
convit_base_classification,vit_base_patch32_224_classification,201,218,,1000,50,50,50,thin,56,True,6.943040965181175,0.3467251783572163,0.0,0.9743563491097023,7.289766143538391,6.943040965181175,8.264122492648093
convit_base_classification,vit_base_patch16_224_classification,201,197,,1000,50,50,50,thin,56,True,6.960579090998583,0.3291870525398082,0.0,0.645166300081077,7.289766143538391,6.960579090998583,7.934932443619468
convit_base_classification,tnt_s_patch16_224_classification,201,198,,1000,50,50,50,thin,56,True,6.849129253672648,0.44063688986574334,0.0,0.5321214893285804,7.289766143538391,6.849129253672648,7.8218876328669715
convit_base_classification,crossvit_base_240_classification,201,336,,1000,50,50,50,thin,56,True,7.207842481845453,0.08192366169293841,0.0,0.8666290160856756,7.289766143538391,7.207842481845453,8.156395159624067
convit_base_classification,deit_base_patch16_224_classification,201,205,,1000,50,50,50,thin,56,True,7.193207088392758,0.09655905514563301,0.0,0.8165857883105732,7.289766143538391,7.193207088392758,8.106351931848964
convit_base_classification,dino_vitb16_selfsupervised,201,208,,1000,50,50,50,thin,56,True,5.790151427701212,1.499614715837179,0.34984925203484174,1.1694453465760466,7.289766143538391,6.140000679736054,8.80906074214928
RN50_clip,RN101_clip,179,366,,1000,50,50,50,thin,56,True,7.85260135529494,0.21654864781854055,0.0,0.756607352089139,8.069150003113482,7.852601355294941,8.82575735520262
RN50_clip,ResNet50-SimCLR_selfsupervised,179,162,,1000,50,50,50,thin,56,True,7.387623900092162,0.6815261030213184,0.0,0.9902790487369568,8.069150003113482,7.387623900092163,9.059429051850438
RN50_clip,ResNet50-DeepClusterV2-2x224_selfsupervised,179,162,,1000,50,50,50,thin,56,True,7.36399878851244,0.7051512146010408,0.0,0.7994244586969206,8.069150003113482,7.363998788512441,8.868574461810402
RN50_clip,ResNet50-SwAV-BS4096-2x224_selfsupervised,179,165,,1000,50,50,50,thin,56,True,7.157614046658143,0.9115359564553396,0.0,0.7163940140374763,8.069150003113482,7.157614046658142,8.785544017150958
RN50_clip,ResNet50-PIRL_selfsupervised,179,165,,1000,50,50,50,thin,56,True,6.644538315987859,1.4246116871256218,0.0,0.7957813871597512,8.069150003113482,6.64453831598786,8.864931390273233
RN50_clip,ResNet50-ClusterFit-16K-RotNet_selfsupervised,179,160,,1000,50,50,50,thin,56,True,6.277369985593612,1.7917800175198701,0.0,0.7751140764387614,8.069150003113482,6.277369985593611,8.844264079552243
RN50_clip,ResNet50-MoCoV2-BS256_selfsupervised,179,155,,1000,50,50,50,thin,56,True,7.076353850530047,0.992796152583435,0.0,0.878024119679198,8.069150003113482,7.0763538505300465,8.94717412279268
RN50_clip,nf_resnet50_classification,179,141,,1000,50,50,50,thin,56,True,6.632620295819301,1.4365297072941816,0.0,0.6098901204902596,8.069150003113482,6.6326202958193,8.679040123603741
RN50_clip,hardcorenas_f_classification,179,294,,1000,50,50,50,thin,56,True,6.93959609860298,1.1295539045105008,0.0,0.7759492938815864,8.069150003113482,6.939596098602981,8.845099296995068
RN50_clip,eca_nfnet_l0_classification,179,134,,1000,50,50,50,thin,56,True,8.069150003113482,0.0,0.28830781190459476,1.0684780732847443,8.069150003113482,8.357457815018076,9.42593588830282
RN50_clip,resnet50_classification,179,156,,1000,50,50,50,thin,56,True,6.966657149925723,1.1024928531877594,0.0,0.5823986112091806,8.069150003113482,6.966657149925722,8.651548614322662
RN50_clip,semnasnet_100_classification,179,270,,1000,50,50,50,thin,56,True,6.929130871351365,1.1400191317621173,0.0,0.7160940266668216,8.069150003113482,6.929130871351364,8.785244029780303
RN50_clip,cspresnet50_classification,179,320,,1000,50,50,50,thin,56,True,7.305820767391268,0.7633292357222148,0.0,0.6304035174300608,8.069150003113482,7.305820767391267,8.699553520543542
RN50_clip,mobilenetv3_large_100_classification,179,252,,1000,50,50,50,thin,56,True,7.276529032003012,0.7926209711104706,0.0,0.8459709380942275,8.069150003113482,7.276529032003011,8.915120941207709
RN50_clip,ghostnet_100_classification,179,290,,1000,50,50,50,thin,56,True,7.206267343096538,0.8628826600169424,0.0,0.904749022979594,8.069150003113482,7.206267343096539,8.973899026093076
RN50_clip,convnext_base_classification,179,273,,1000,50,50,50,thin,56,True,8.069150003113482,0.0,0.23508827439564328,0.9565494532999139,8.069150003113482,8.304238277509125,9.260787730809039
RN50_clip,xcit_nano_12_p8_224_classification,179,266,,1000,50,50,50,thin,56,True,6.864047089966352,1.2051029131471305,0.0,0.8462360300310081,8.069150003113482,6.864047089966351,8.91538603314449
RN50_clip,xcit_nano_12_p16_224_classification,179,242,,1000,50,50,50,thin,56,True,6.836817120342758,1.2323328827707227,0.0,0.8867969231365223,8.069150003113482,6.836817120342759,8.955946926250004
RN50_clip,swin_large_patch4_window7_224_classification,179,281,,1000,50,50,50,thin,56,True,7.472559590247469,0.5965904128660116,0.04277575903291897,1.1192678427775355,8.069150003113482,7.515335349280389,9.231193604923936
RN50_clip,jx_nest_tiny_classification,179,148,,1000,50,50,50,thin,56,True,7.77176894117968,0.29738106193380265,0.0,1.09740467378478,8.069150003113482,7.771768941179679,9.166554676898262
RN50_clip,pit_ti_224_classification,179,207,,1000,50,50,50,thin,56,True,7.467327764149644,0.6018222389638384,0.0,0.9577860757999606,8.069150003113482,7.467327764149643,9.026936078913442
RN50_clip,vit_base_patch32_224_classification,179,218,,1000,50,50,50,thin,56,True,6.943040965181176,1.1261090379323067,0.0,0.6869704733133855,8.069150003113482,6.943040965181175,8.756120476426867
RN50_clip,vit_base_patch16_224_classification,179,197,,1000,50,50,50,thin,56,True,6.960579090998582,1.1085709121148986,0.0,0.5737283183451662,8.069150003113482,6.960579090998583,8.642878321458648
RN50_clip,tnt_s_patch16_224_classification,179,198,,1000,50,50,50,thin,56,True,6.849129253672647,1.2200207494408337,0.0,0.7032581445640247,8.069150003113482,6.849129253672648,8.772408147677506
RN50_clip,crossvit_base_240_classification,179,336,,1000,50,50,50,thin,56,True,7.207842481845454,0.8613075212680288,0.0,0.9473112842611151,8.069150003113482,7.207842481845453,9.016461287374597
RN50_clip,deit_base_patch16_224_classification,179,205,,1000,50,50,50,thin,56,True,7.193207088392757,0.8759429147207234,0.0,0.9055663856527669,8.069150003113482,7.193207088392758,8.974716388766248
RN50_clip,dino_vitb16_selfsupervised,179,208,,1000,50,50,50,thin,56,True,6.140000679736055,1.9291493233774277,0.0,1.0859095895776036,8.069150003113482,6.140000679736054,9.155059592691085
RN101_clip,ResNet50-SimCLR_selfsupervised,366,162,,1000,50,50,50,thin,56,True,7.327867212705613,0.524734142589339,0.05975668738655049,1.1565785880199346,7.852601355294952,7.387623900092163,9.068936630701437
RN101_clip,ResNet50-DeepClusterV2-2x224_selfsupervised,366,162,,1000,50,50,50,thin,56,True,7.321277603417648,0.531323751877304,0.04272118509479306,1.1255372295884092,7.852601355294952,7.363998788512441,9.020859769978154
RN101_clip,ResNet50-SwAV-BS4096-2x224_selfsupervised,366,165,,1000,50,50,50,thin,56,True,7.157614046658142,0.6949873086368097,0.0,0.9316762714298781,7.852601355294952,7.157614046658142,8.78427762672483
RN101_clip,ResNet50-PIRL_selfsupervised,366,165,,1000,50,50,50,thin,56,True,6.64453831598786,1.208063039307092,0.0,0.998834470715452,7.852601355294952,6.64453831598786,8.851435826010404
RN101_clip,ResNet50-ClusterFit-16K-RotNet_selfsupervised,366,160,,1000,50,50,50,thin,56,True,6.277369985593611,1.5752313697013403,0.0,0.9870521159217196,7.852601355294952,6.277369985593611,8.839653471216671
RN101_clip,ResNet50-MoCoV2-BS256_selfsupervised,366,155,,1000,50,50,50,thin,56,True,7.012260852850403,0.8403405024445485,0.06409299767964338,1.135866592339319,7.852601355294952,7.0763538505300465,9.052560945313914
RN101_clip,nf_resnet50_classification,366,141,,1000,50,50,50,thin,56,True,6.6326202958193,1.2199810594756517,0.0,0.729156363250179,7.852601355294952,6.6326202958193,8.58175771854513
RN101_clip,hardcorenas_f_classification,366,294,,1000,50,50,50,thin,56,True,6.939596098602981,0.9130052566919709,0.0,1.0414027264475,7.852601355294952,6.939596098602981,8.894004081742452
RN101_clip,eca_nfnet_l0_classification,366,134,,1000,50,50,50,thin,56,True,7.71649040508934,0.1361109502056106,0.6409674099287352,1.1013073757572442,7.852601355294952,8.357457815018076,9.594876140980931
RN101_clip,resnet50_classification,366,156,,1000,50,50,50,thin,56,True,6.966657149925722,0.8859442053692295,0.0,0.9223974822702194,7.852601355294952,6.966657149925722,8.774998837565171
RN101_clip,semnasnet_100_classification,366,270,,1000,50,50,50,thin,56,True,6.929130871351364,0.9234704839435874,0.0,0.8356329223723789,7.852601355294952,6.929130871351364,8.68823427766733
RN101_clip,cspresnet50_classification,366,320,,1000,50,50,50,thin,56,True,7.305820767391267,0.5467805879036849,0.0,0.8531725582540206,7.852601355294952,7.305820767391267,8.705773913548972
RN101_clip,mobilenetv3_large_100_classification,366,252,,1000,50,50,50,thin,56,True,7.276529032003011,0.5760723232919407,0.0,1.0269925157231823,7.852601355294952,7.276529032003011,8.879593871018134
RN101_clip,ghostnet_100_classification,366,290,,1000,50,50,50,thin,56,True,7.206267343096539,0.6463340121984125,0.0,1.0973471902209697,7.852601355294952,7.206267343096539,8.949948545515921
RN101_clip,convnext_base_classification,366,273,,1000,50,50,50,thin,56,True,7.852601355294951,0.0,0.4516369222141732,1.0971581405456217,7.852601355294952,8.304238277509125,9.401396418054746
RN101_clip,xcit_nano_12_p8_224_classification,366,266,,1000,50,50,50,thin,56,True,6.864047089966351,0.9885542653286006,0.0,1.1751507970142017,7.852601355294952,6.864047089966351,9.027752152309153
RN101_clip,xcit_nano_12_p16_224_classification,366,242,,1000,50,50,50,thin,56,True,6.80801288457148,1.0445884707234718,0.028804235771278996,1.1427410569488545,7.852601355294952,6.836817120342759,9.024146648015085
RN101_clip,swin_large_patch4_window7_224_classification,366,281,,1000,50,50,50,thin,56,True,7.292184043249376,0.5604173120455753,0.22315130603101263,1.1237764077257886,7.852601355294952,7.515335349280389,9.199529069051753
RN101_clip,jx_nest_tiny_classification,366,148,,1000,50,50,50,thin,56,True,7.457708676881451,0.39489267841350095,0.3140602642982282,1.1806131847145807,7.852601355294952,7.771768941179679,9.34727480430776
RN101_clip,pit_ti_224_classification,366,207,,1000,50,50,50,thin,56,True,7.238185187900443,0.6144161673945083,0.22914257624919987,1.091725780287275,7.852601355294952,7.467327764149643,9.173469711831427
RN101_clip,vit_base_patch32_224_classification,366,218,,1000,50,50,50,thin,56,True,6.943040965181175,0.9095603901137768,0.0,0.8671052706305931,7.852601355294952,6.943040965181175,8.719706625925545
RN101_clip,vit_base_patch16_224_classification,366,197,,1000,50,50,50,thin,56,True,6.960579090998583,0.8920222642963687,0.0,0.9000316575027538,7.852601355294952,6.960579090998583,8.752633012797705
RN101_clip,tnt_s_patch16_224_classification,366,198,,1000,50,50,50,thin,56,True,6.849129253672648,1.0034721016223038,0.0,0.9725915384325967,7.852601355294952,6.849129253672648,8.825192893727548
RN101_clip,crossvit_base_240_classification,366,336,,1000,50,50,50,thin,56,True,7.178140021782508,0.6744613335124434,0.029702460062944525,1.1151621348501424,7.852601355294952,7.207842481845453,8.997465950208039
RN101_clip,deit_base_patch16_224_classification,366,205,,1000,50,50,50,thin,56,True,7.148961071819987,0.7036402834749644,0.04424601657277094,1.1395746754597225,7.852601355294952,7.193207088392758,9.036422047327445
RN101_clip,dino_vitb16_selfsupervised,366,208,,1000,50,50,50,thin,56,True,6.140000679736054,1.7126006755588978,0.0,1.037624231630601,7.852601355294952,6.140000679736054,8.890225586925553
ResNet50-SimCLR_selfsupervised,ResNet50-DeepClusterV2-2x224_selfsupervised,162,162,,1000,50,50,50,thin,56,True,7.363998788512441,0.02362511157973124,0.0,0.8363978772251608,7.387623900092172,7.363998788512441,8.224021777317333
ResNet50-SimCLR_selfsupervised,ResNet50-SwAV-BS4096-2x224_selfsupervised,162,165,,1000,50,50,50,thin,56,True,7.157614046658142,0.23000985343403002,0.0,0.9119701192823646,7.387623900092172,7.157614046658142,8.299594019374537
ResNet50-SimCLR_selfsupervised,ResNet50-PIRL_selfsupervised,162,165,,1000,50,50,50,thin,56,True,6.64453831598786,0.7430855841043122,0.0,0.6634518951313302,7.387623900092172,6.64453831598786,8.051075795223502
ResNet50-SimCLR_selfsupervised,ResNet50-ClusterFit-16K-RotNet_selfsupervised,162,160,,1000,50,50,50,thin,56,True,6.277369985593611,1.1102539144985606,0.0,0.7235589879909936,7.387623900092172,6.277369985593611,8.111182888083166
ResNet50-SimCLR_selfsupervised,ResNet50-MoCoV2-BS256_selfsupervised,162,155,,1000,50,50,50,thin,56,True,7.0763538505300465,0.31127004956212545,0.0,0.9893113488617482,7.387623900092172,7.0763538505300465,8.37693524895392
ResNet50-SimCLR_selfsupervised,nf_resnet50_classification,162,141,,1000,50,50,50,thin,56,True,6.6326202958193,0.755003604272872,0.0,0.8628124721597397,7.387623900092172,6.6326202958193,8.250436372251912
ResNet50-SimCLR_selfsupervised,hardcorenas_f_classification,162,294,,1000,50,50,50,thin,56,True,6.919339363217803,0.46828453687436866,0.02025673538517747,1.1257946868372883,7.387623900092172,6.939596098602981,8.533675322314638
ResNet50-SimCLR_selfsupervised,eca_nfnet_l0_classification,162,134,,1000,50,50,50,thin,56,True,7.387623900092173,0.0,0.9698339149259043,0.853272126544093,7.387623900092172,8.357457815018076,9.21072994156217
ResNet50-SimCLR_selfsupervised,resnet50_classification,162,156,,1000,50,50,50,thin,56,True,6.966657149925722,0.4209667501664498,0.0,0.8663305897662239,7.387623900092172,6.966657149925722,8.253954489858396
ResNet50-SimCLR_selfsupervised,semnasnet_100_classification,162,270,,1000,50,50,50,thin,56,True,6.929130871351364,0.4584930287408078,0.0,1.1046963343826546,7.387623900092172,6.929130871351364,8.492320234474827
ResNet50-SimCLR_selfsupervised,cspresnet50_classification,162,320,,1000,50,50,50,thin,56,True,7.305820767391267,0.08180313270090522,0.0,1.1164056816344479,7.387623900092172,7.305820767391267,8.50402958172662
ResNet50-SimCLR_selfsupervised,mobilenetv3_large_100_classification,162,252,,1000,50,50,50,thin,56,True,7.133588355774183,0.2540355443179889,0.1429406762288279,1.1382869489836125,7.387623900092172,7.276529032003011,8.668851525304612
ResNet50-SimCLR_selfsupervised,ghostnet_100_classification,162,290,,1000,50,50,50,thin,56,True,7.049746221539887,0.33787767855228523,0.15652112155665243,1.1386745259516067,7.387623900092172,7.206267343096539,8.682819547600431
ResNet50-SimCLR_selfsupervised,convnext_base_classification,162,273,,1000,50,50,50,thin,56,True,7.387623900092173,0.0,0.9166143774169528,0.8415866219087604,7.387623900092172,8.304238277509125,9.145824899417885
ResNet50-SimCLR_selfsupervised,xcit_nano_12_p8_224_classification,162,266,,1000,50,50,50,thin,56,True,6.864047089966351,0.5235768101258209,0.0,0.9786954569285156,7.387623900092172,6.864047089966351,8.366319357020688
ResNet50-SimCLR_selfsupervised,xcit_nano_12_p16_224_classification,162,242,,1000,50,50,50,thin,56,True,6.836817120342759,0.5508067797494132,0.0,1.0579891085375897,7.387623900092172,6.836817120342759,8.445613008629762
ResNet50-SimCLR_selfsupervised,swin_large_patch4_window7_224_classification,162,281,,1000,50,50,50,thin,56,True,6.943124642423704,0.4444992576684683,0.5722107068566853,1.191608932946628,7.387623900092172,7.515335349280389,9.151443539895485
ResNet50-SimCLR_selfsupervised,jx_nest_tiny_classification,162,148,,1000,50,50,50,thin,56,True,7.387623900092172,0.0,0.3841450410875069,0.9483683717543192,7.387623900092172,7.771768941179679,8.720137312933998
ResNet50-SimCLR_selfsupervised,pit_ti_224_classification,162,207,,1000,50,50,50,thin,56,True,7.387623900092172,0.0,0.07970386405747121,1.0995498571547673,7.387623900092172,7.467327764149643,8.56687762130441
ResNet50-SimCLR_selfsupervised,vit_base_patch32_224_classification,162,218,,1000,50,50,50,thin,56,True,6.943040965181175,0.4445829349109971,0.0,1.0418504041672447,7.387623900092172,6.943040965181175,8.429474304259417
ResNet50-SimCLR_selfsupervised,vit_base_patch16_224_classification,162,197,,1000,50,50,50,thin,56,True,6.960579090998583,0.427044809093589,0.0,0.797018523680868,7.387623900092172,6.960579090998583,8.18464242377304
ResNet50-SimCLR_selfsupervised,tnt_s_patch16_224_classification,162,198,,1000,50,50,50,thin,56,True,6.849129253672648,0.5384946464195242,0.0,0.8496580230054613,7.387623900092172,6.849129253672648,8.237281923097633
ResNet50-SimCLR_selfsupervised,crossvit_base_240_classification,162,336,,1000,50,50,50,thin,56,True,7.207842481845453,0.17978141824671923,0.0,1.0440905340078226,7.387623900092172,7.207842481845453,8.431714434099995
ResNet50-SimCLR_selfsupervised,deit_base_patch16_224_classification,162,205,,1000,50,50,50,thin,56,True,7.193207088392758,0.19441681169941383,0.0,1.0394058866877627,7.387623900092172,7.193207088392758,8.427029786779935
ResNet50-SimCLR_selfsupervised,dino_vitb16_selfsupervised,162,208,,1000,50,50,50,thin,56,True,6.014220985555312,1.37340291453686,0.12577969418074186,1.1794203881754601,7.387623900092172,6.140000679736054,8.692823982448374
ResNet50-DeepClusterV2-2x224_selfsupervised,ResNet50-SwAV-BS4096-2x224_selfsupervised,162,165,,1000,50,50,50,thin,56,True,7.157614046658142,0.2063847418542828,0.0,0.8187791719851605,7.363998788512425,7.157614046658142,8.182777960497585
ResNet50-DeepClusterV2-2x224_selfsupervised,ResNet50-PIRL_selfsupervised,162,165,,1000,50,50,50,thin,56,True,6.64453831598786,0.719460472524565,0.0,0.6621110694239549,7.363998788512425,6.64453831598786,8.02610985793638
ResNet50-DeepClusterV2-2x224_selfsupervised,ResNet50-ClusterFit-16K-RotNet_selfsupervised,162,160,,1000,50,50,50,thin,56,True,6.277369985593611,1.0866288029188134,0.0,0.6231098647311155,7.363998788512425,6.277369985593611,7.98710865324354
ResNet50-DeepClusterV2-2x224_selfsupervised,ResNet50-MoCoV2-BS256_selfsupervised,162,155,,1000,50,50,50,thin,56,True,7.0763538505300465,0.2876449379823782,0.0,0.817915246678889,7.363998788512425,7.0763538505300465,8.181914035191314
ResNet50-DeepClusterV2-2x224_selfsupervised,nf_resnet50_classification,162,141,,1000,50,50,50,thin,56,True,6.6326202958193,0.7313784926931248,0.0,0.8186867912073827,7.363998788512425,6.6326202958193,8.182685579719807
ResNet50-DeepClusterV2-2x224_selfsupervised,hardcorenas_f_classification,162,294,,1000,50,50,50,thin,56,True,6.939596098602981,0.42440268990944396,0.0,1.0436852509427164,7.363998788512425,6.939596098602981,8.407684039455141
ResNet50-DeepClusterV2-2x224_selfsupervised,eca_nfnet_l0_classification,162,134,,1000,50,50,50,thin,56,True,7.363998788512426,0.0,0.9934590265056515,0.7102424289915383,7.363998788512425,8.357457815018076,9.067700244009615
ResNet50-DeepClusterV2-2x224_selfsupervised,resnet50_classification,162,156,,1000,50,50,50,thin,56,True,6.966657149925722,0.3973416385867026,0.0,0.6797593448772661,7.363998788512425,6.966657149925722,8.04375813338969
ResNet50-DeepClusterV2-2x224_selfsupervised,semnasnet_100_classification,162,270,,1000,50,50,50,thin,56,True,6.929130871351364,0.43486791716106055,0.0,0.9771424449387771,7.363998788512425,6.929130871351364,8.341141233451202
ResNet50-DeepClusterV2-2x224_selfsupervised,cspresnet50_classification,162,320,,1000,50,50,50,thin,56,True,7.305820767391267,0.058178021121158,0.0,0.9697197834326792,7.363998788512425,7.305820767391267,8.333718571945104
ResNet50-DeepClusterV2-2x224_selfsupervised,mobilenetv3_large_100_classification,162,252,,1000,50,50,50,thin,56,True,7.223470750896508,0.14052803761591637,0.05305828110650257,1.1053440440913587,7.363998788512425,7.276529032003011,8.522401113710286
ResNet50-DeepClusterV2-2x224_selfsupervised,ghostnet_100_classification,162,290,,1000,50,50,50,thin,56,True,7.198107518514858,0.16589126999756676,0.008159824581681185,1.1446373652913397,7.363998788512425,7.206267343096539,8.516795978385446
ResNet50-DeepClusterV2-2x224_selfsupervised,convnext_base_classification,162,273,,1000,50,50,50,thin,56,True,7.363998788512426,0.0,0.9402394889967001,0.7287987174701804,7.363998788512425,8.304238277509125,9.033036994979305
ResNet50-DeepClusterV2-2x224_selfsupervised,xcit_nano_12_p8_224_classification,162,266,,1000,50,50,50,thin,56,True,6.864047089966351,0.4999516985460737,0.0,0.8928785508401207,7.363998788512425,6.864047089966351,8.256877339352545
ResNet50-DeepClusterV2-2x224_selfsupervised,xcit_nano_12_p16_224_classification,162,242,,1000,50,50,50,thin,56,True,6.836817120342759,0.5271816681696659,0.0,0.8480022554932409,7.363998788512425,6.836817120342759,8.212001044005666
ResNet50-DeepClusterV2-2x224_selfsupervised,swin_large_patch4_window7_224_classification,162,281,,1000,50,50,50,thin,56,True,7.03837329349044,0.3256254950219848,0.476962055789949,1.217399606559927,7.363998788512425,7.515335349280389,9.0583604508623
ResNet50-DeepClusterV2-2x224_selfsupervised,jx_nest_tiny_classification,162,148,,1000,50,50,50,thin,56,True,7.363998788512425,0.0,0.40777015266725414,0.8897529201215617,7.363998788512425,7.771768941179679,8.66152186130124
ResNet50-DeepClusterV2-2x224_selfsupervised,pit_ti_224_classification,162,207,,1000,50,50,50,thin,56,True,7.363998788512425,0.0,0.10332897563721843,0.8829148502482687,7.363998788512425,7.467327764149643,8.350242614397912
ResNet50-DeepClusterV2-2x224_selfsupervised,vit_base_patch32_224_classification,162,218,,1000,50,50,50,thin,56,True,6.943040965181175,0.42095782333124987,0.0,0.946541807416664,7.363998788512425,6.943040965181175,8.310540595929089
ResNet50-DeepClusterV2-2x224_selfsupervised,vit_base_patch16_224_classification,162,197,,1000,50,50,50,thin,56,True,6.960579090998583,0.40341969751384177,0.0,0.6747499071804528,7.363998788512425,6.960579090998583,8.038748695692878
ResNet50-DeepClusterV2-2x224_selfsupervised,tnt_s_patch16_224_classification,162,198,,1000,50,50,50,thin,56,True,6.849129253672648,0.5148695348397769,0.0,0.8206041996872058,7.363998788512425,6.849129253672648,8.18460298819963
ResNet50-DeepClusterV2-2x224_selfsupervised,crossvit_base_240_classification,162,336,,1000,50,50,50,thin,56,True,7.207842481845453,0.156156306666972,0.0,0.9700502782942371,7.363998788512425,7.207842481845453,8.334049066806662
ResNet50-DeepClusterV2-2x224_selfsupervised,deit_base_patch16_224_classification,162,205,,1000,50,50,50,thin,56,True,7.193207088392758,0.1707917001196666,0.0,0.9296809303940732,7.363998788512425,7.193207088392758,8.293679718906498
ResNet50-DeepClusterV2-2x224_selfsupervised,dino_vitb16_selfsupervised,162,208,,1000,50,50,50,thin,56,True,5.8905265343637545,1.4734722541486702,0.24947414537229928,1.2029826290149295,7.363998788512425,6.140000679736054,8.816455562899653
ResNet50-SwAV-BS4096-2x224_selfsupervised,ResNet50-PIRL_selfsupervised,165,165,,1000,50,50,50,thin,56,True,6.64453831598786,0.5130757306702858,0.0,0.7972638671444239,7.1576140466581455,6.64453831598786,7.954877913802569
ResNet50-SwAV-BS4096-2x224_selfsupervised,ResNet50-ClusterFit-16K-RotNet_selfsupervised,165,160,,1000,50,50,50,thin,56,True,6.277369985593611,0.8802440610645341,0.0,0.8082175082876271,7.1576140466581455,6.277369985593611,7.9658315549457726
ResNet50-SwAV-BS4096-2x224_selfsupervised,ResNet50-MoCoV2-BS256_selfsupervised,165,155,,1000,50,50,50,thin,56,True,7.022693478098046,0.1349205685600996,0.053660372432000614,1.0712976332778377,7.1576140466581455,7.0763538505300465,8.282572052367984
ResNet50-SwAV-BS4096-2x224_selfsupervised,nf_resnet50_classification,165,141,,1000,50,50,50,thin,56,True,6.6326202958193,0.5249937508388456,0.0,0.9762253904816971,7.1576140466581455,6.6326202958193,8.133839437139843
ResNet50-SwAV-BS4096-2x224_selfsupervised,hardcorenas_f_classification,165,294,,1000,50,50,50,thin,56,True,6.715005043336884,0.4426090033212615,0.2245910552660968,1.0953207328411665,7.1576140466581455,6.939596098602981,8.477525834765409
ResNet50-SwAV-BS4096-2x224_selfsupervised,eca_nfnet_l0_classification,165,134,,1000,50,50,50,thin,56,True,7.157614046658146,0.0,1.1998437683599308,0.8184557277807176,7.1576140466581455,8.357457815018076,9.175913542798794
ResNet50-SwAV-BS4096-2x224_selfsupervised,resnet50_classification,165,156,,1000,50,50,50,thin,56,True,6.966657149925722,0.19095689673242333,0.0,0.8656227445703566,7.1576140466581455,6.966657149925722,8.023236791228502
ResNet50-SwAV-BS4096-2x224_selfsupervised,semnasnet_100_classification,165,270,,1000,50,50,50,thin,56,True,6.929130871351364,0.2284831753067813,0.0,0.9843501659683147,7.1576140466581455,6.929130871351364,8.14196421262646
ResNet50-SwAV-BS4096-2x224_selfsupervised,cspresnet50_classification,165,320,,1000,50,50,50,thin,56,True,7.1576140466581455,0.0,0.14820672073312124,0.9575903469563416,7.1576140466581455,7.305820767391267,8.263411114347608
ResNet50-SwAV-BS4096-2x224_selfsupervised,mobilenetv3_large_100_classification,165,252,,1000,50,50,50,thin,56,True,6.888154118168855,0.26945992848929023,0.3883749138341557,1.137531539154108,7.1576140466581455,7.276529032003011,8.68352049964641
ResNet50-SwAV-BS4096-2x224_selfsupervised,ghostnet_100_classification,165,290,,1000,50,50,50,thin,56,True,6.894705048204021,0.2629089984541242,0.31156229489251785,1.1040659313826735,7.1576140466581455,7.206267343096539,8.573242272933337
ResNet50-SwAV-BS4096-2x224_selfsupervised,convnext_base_classification,165,273,,1000,50,50,50,thin,56,True,7.157614046658146,0.0,1.1466242308509793,0.6204587429582755,7.1576140466581455,8.304238277509125,8.9246970204674
ResNet50-SwAV-BS4096-2x224_selfsupervised,xcit_nano_12_p8_224_classification,165,266,,1000,50,50,50,thin,56,True,6.834752590403806,0.3228614562543397,0.029294499562545262,1.0729646942564735,7.1576140466581455,6.864047089966351,8.259873240477164
ResNet50-SwAV-BS4096-2x224_selfsupervised,xcit_nano_12_p16_224_classification,165,242,,1000,50,50,50,thin,56,True,6.772247518245691,0.38536652841245456,0.06456960209706786,1.0731173500735922,7.1576140466581455,6.836817120342759,8.295300998828806
ResNet50-SwAV-BS4096-2x224_selfsupervised,swin_large_patch4_window7_224_classification,165,281,,1000,50,50,50,thin,56,True,6.9653833302688675,0.19223071638927802,0.5499520190115215,1.1621728198427803,7.1576140466581455,7.515335349280389,8.869738885512447
ResNet50-SwAV-BS4096-2x224_selfsupervised,jx_nest_tiny_classification,165,148,,1000,50,50,50,thin,56,True,7.1576140466581455,0.0,0.6141548945215334,0.7541483474226398,7.1576140466581455,7.771768941179679,8.525917288602319
ResNet50-SwAV-BS4096-2x224_selfsupervised,pit_ti_224_classification,165,207,,1000,50,50,50,thin,56,True,7.1576140466581455,0.0,0.3097137174914977,0.8550308667147357,7.1576140466581455,7.467327764149643,8.322358630864379
ResNet50-SwAV-BS4096-2x224_selfsupervised,vit_base_patch32_224_classification,165,218,,1000,50,50,50,thin,56,True,6.943040965181175,0.21457308147697063,0.0,1.0720446604963945,7.1576140466581455,6.943040965181175,8.22965870715454
ResNet50-SwAV-BS4096-2x224_selfsupervised,vit_base_patch16_224_classification,165,197,,1000,50,50,50,thin,56,True,6.960579090998583,0.19703495565956253,0.0,0.8952483358170786,7.1576140466581455,6.960579090998583,8.052862382475224
ResNet50-SwAV-BS4096-2x224_selfsupervised,tnt_s_patch16_224_classification,165,198,,1000,50,50,50,thin,56,True,6.849129253672648,0.3084847929854977,0.0,0.8813902631677424,7.1576140466581455,6.849129253672648,8.039004309825888
ResNet50-SwAV-BS4096-2x224_selfsupervised,crossvit_base_240_classification,165,336,,1000,50,50,50,thin,56,True,7.1576140466581455,0.0,0.05022843518730724,0.9991862453153919,7.1576140466581455,7.207842481845453,8.207028727160845
ResNet50-SwAV-BS4096-2x224_selfsupervised,deit_base_patch16_224_classification,165,205,,1000,50,50,50,thin,56,True,7.1576140466581455,0.0,0.03559304173461264,0.9644566481503238,7.1576140466581455,7.193207088392758,8.157663736543082
ResNet50-SwAV-BS4096-2x224_selfsupervised,dino_vitb16_selfsupervised,165,208,,1000,50,50,50,thin,56,True,6.054259946026004,1.1033541006321412,0.08574073371004953,1.1403046051557144,7.1576140466581455,6.140000679736054,8.38365938552391
ResNet50-PIRL_selfsupervised,ResNet50-ClusterFit-16K-RotNet_selfsupervised,165,160,,1000,50,50,50,thin,56,True,6.277369985593611,0.36716833039424657,0.0,0.9310128335140488,6.644538315987858,6.277369985593611,7.575551149501907
ResNet50-PIRL_selfsupervised,ResNet50-MoCoV2-BS256_selfsupervised,165,155,,1000,50,50,50,thin,56,True,6.644538315987858,0.0,0.4318155345421886,0.9039720902452162,6.644538315987858,7.0763538505300465,7.980325940775263
ResNet50-PIRL_selfsupervised,nf_resnet50_classification,165,141,,1000,50,50,50,thin,56,True,6.361000208172106,0.28353810781575195,0.2716200876471939,1.076301056221057,6.644538315987858,6.6326202958193,7.992459459856109
ResNet50-PIRL_selfsupervised,hardcorenas_f_classification,165,294,,1000,50,50,50,thin,56,True,6.423639100160142,0.22089921582771588,0.5159569984428387,1.156759287780674,6.644538315987858,6.939596098602981,8.31725460221137
ResNet50-PIRL_selfsupervised,eca_nfnet_l0_classification,165,134,,1000,50,50,50,thin,56,True,6.644538315987859,0.0,1.7129194990302183,0.7035983113788706,6.644538315987858,8.357457815018076,9.061056126396947
ResNet50-PIRL_selfsupervised,resnet50_classification,165,156,,1000,50,50,50,thin,56,True,6.644538315987858,0.0,0.3221188339378642,1.0087686385852725,6.644538315987858,6.966657149925722,7.975425788510995
ResNet50-PIRL_selfsupervised,semnasnet_100_classification,165,270,,1000,50,50,50,thin,56,True,6.529280279443231,0.11525803654462674,0.399850591908133,1.1041570938854477,6.644538315987858,6.929130871351364,8.148546001781439
ResNet50-PIRL_selfsupervised,cspresnet50_classification,165,320,,1000,50,50,50,thin,56,True,6.644538315987858,0.0,0.6612824514034088,0.9201016755386418,6.644538315987858,7.305820767391267,8.225922442929908
ResNet50-PIRL_selfsupervised,mobilenetv3_large_100_classification,165,252,,1000,50,50,50,thin,56,True,6.5826487142256935,0.0618896017621644,0.6938803177773174,1.1341533109053321,6.644538315987858,7.276529032003011,8.472571944670507
ResNet50-PIRL_selfsupervised,ghostnet_100_classification,165,290,,1000,50,50,50,thin,56,True,6.539023953700974,0.10551436228688438,0.6672433893955656,1.1633408711967244,6.644538315987858,7.206267343096539,8.475122576580148
ResNet50-PIRL_selfsupervised,convnext_base_classification,165,273,,1000,50,50,50,thin,56,True,6.644538315987859,0.0,1.6596999615212669,0.6337443830967064,6.644538315987858,8.304238277509125,8.937982660605831
ResNet50-PIRL_selfsupervised,xcit_nano_12_p8_224_classification,165,266,,1000,50,50,50,thin,56,True,6.563129645174658,0.08140867081320025,0.30091744479169336,1.0438607084444262,6.644538315987858,6.864047089966351,7.9893164692239775
ResNet50-PIRL_selfsupervised,xcit_nano_12_p16_224_classification,165,242,,1000,50,50,50,thin,56,True,6.505562942903342,0.13897537308451557,0.33125417743941643,1.0682867493649564,6.644538315987858,6.836817120342759,8.04407924279223
ResNet50-PIRL_selfsupervised,swin_large_patch4_window7_224_classification,165,281,,1000,50,50,50,thin,56,True,6.508432273489342,0.13610604249851566,1.0069030757910467,1.1632909693958933,6.644538315987858,7.515335349280389,8.814732361174798
ResNet50-PIRL_selfsupervised,jx_nest_tiny_classification,165,148,,1000,50,50,50,thin,56,True,6.644538315987858,0.0,1.127230625191821,0.6282318416594395,6.644538315987858,7.771768941179679,8.400000782839118
ResNet50-PIRL_selfsupervised,pit_ti_224_classification,165,207,,1000,50,50,50,thin,56,True,6.644538315987858,0.0,0.8227894481617852,0.732339344885296,6.644538315987858,7.467327764149643,8.19966710903494
ResNet50-PIRL_selfsupervised,vit_base_patch32_224_classification,165,218,,1000,50,50,50,thin,56,True,6.595332396755433,0.04920591923242501,0.34770856842574194,1.0830809039931086,6.644538315987858,6.943040965181175,8.075327788406709
ResNet50-PIRL_selfsupervised,vit_base_patch16_224_classification,165,197,,1000,50,50,50,thin,56,True,6.644538315987858,0.0,0.31604077501072503,0.9659631106585662,6.644538315987858,6.960579090998583,7.926542201657149
ResNet50-PIRL_selfsupervised,tnt_s_patch16_224_classification,165,198,,1000,50,50,50,thin,56,True,6.6038087103721175,0.04072960561574046,0.24532054330053032,1.0151741375114334,6.644538315987858,6.849129253672648,7.905032996799822
ResNet50-PIRL_selfsupervised,crossvit_base_240_classification,165,336,,1000,50,50,50,thin,56,True,6.644538315987858,0.0,0.5633041658575948,0.7953029167529264,6.644538315987858,7.207842481845453,8.00314539859838
ResNet50-PIRL_selfsupervised,deit_base_patch16_224_classification,165,205,,1000,50,50,50,thin,56,True,6.644538315987858,0.0,0.5486687724049002,0.8010891521263703,6.644538315987858,7.193207088392758,7.9942962405191285
ResNet50-PIRL_selfsupervised,dino_vitb16_selfsupervised,165,208,,1000,50,50,50,thin,56,True,5.606083723135625,1.0384545928522328,0.5339169566004287,1.0747309649992713,6.644538315987858,6.140000679736054,8.253186237587558
ResNet50-ClusterFit-16K-RotNet_selfsupervised,ResNet50-MoCoV2-BS256_selfsupervised,160,155,,1000,50,50,50,thin,56,True,6.277369985593597,0.0,0.7989838649364494,0.7895105996135348,6.277369985593597,7.0763538505300465,7.865864450143581
ResNet50-ClusterFit-16K-RotNet_selfsupervised,nf_resnet50_classification,160,141,,1000,50,50,50,thin,56,True,5.980517883109973,0.2968521024836246,0.6521024127093273,1.0356005507937427,6.277369985593597,6.6326202958193,7.965072949096667
ResNet50-ClusterFit-16K-RotNet_selfsupervised,hardcorenas_f_classification,160,294,,1000,50,50,50,thin,56,True,6.21200824114173,0.06536174445186749,0.7275878574612511,1.0925075666359874,6.277369985593597,6.939596098602981,8.097465409690836
ResNet50-ClusterFit-16K-RotNet_selfsupervised,eca_nfnet_l0_classification,160,134,,1000,50,50,50,thin,56,True,6.277369985593598,0.0,2.080087829424479,0.6442553266084321,6.277369985593597,8.357457815018076,9.001713141626508
ResNet50-ClusterFit-16K-RotNet_selfsupervised,resnet50_classification,160,156,,1000,50,50,50,thin,56,True,6.277369985593597,0.0,0.689287164332125,0.9297190613459998,6.277369985593597,6.966657149925722,7.896376211271722
ResNet50-ClusterFit-16K-RotNet_selfsupervised,semnasnet_100_classification,160,270,,1000,50,50,50,thin,56,True,6.277369985593597,0.0,0.651760885757767,1.0892111880028006,6.277369985593597,6.929130871351364,8.018342059354165
ResNet50-ClusterFit-16K-RotNet_selfsupervised,cspresnet50_classification,160,320,,1000,50,50,50,thin,56,True,6.277369985593597,0.0,1.0284507817976696,1.024326317770016,6.277369985593597,7.305820767391267,8.330147085161283
ResNet50-ClusterFit-16K-RotNet_selfsupervised,mobilenetv3_large_100_classification,160,252,,1000,50,50,50,thin,56,True,6.253984492672427,0.02338549292116987,1.0225445393305836,1.0956779965017125,6.277369985593597,7.276529032003011,8.395592521425893
ResNet50-ClusterFit-16K-RotNet_selfsupervised,ghostnet_100_classification,160,290,,1000,50,50,50,thin,56,True,6.271660152133081,0.005709833460516123,0.9346071909634581,1.1105190768130724,6.277369985593597,7.206267343096539,8.322496253370128
ResNet50-ClusterFit-16K-RotNet_selfsupervised,convnext_base_classification,160,273,,1000,50,50,50,thin,56,True,6.277369985593598,0.0,2.0268682919155276,0.6011361471490808,6.277369985593597,8.304238277509125,8.905374424658206
ResNet50-ClusterFit-16K-RotNet_selfsupervised,xcit_nano_12_p8_224_classification,160,266,,1000,50,50,50,thin,56,True,6.268182491721204,0.009187493872393482,0.5958645982451474,1.068169304980021,6.277369985593597,6.864047089966351,7.9414038888187655
ResNet50-ClusterFit-16K-RotNet_selfsupervised,xcit_nano_12_p16_224_classification,160,242,,1000,50,50,50,thin,56,True,6.252588397301548,0.024781588292048795,0.5842287230412104,1.0964899447137801,6.277369985593597,6.836817120342759,7.958088653348588
ResNet50-ClusterFit-16K-RotNet_selfsupervised,swin_large_patch4_window7_224_classification,160,281,,1000,50,50,50,thin,56,True,6.206724541136779,0.07064544445681786,1.3086108081436096,1.2055239787707812,6.277369985593597,7.515335349280389,8.791504772507988
ResNet50-ClusterFit-16K-RotNet_selfsupervised,jx_nest_tiny_classification,160,148,,1000,50,50,50,thin,56,True,6.277369985593597,0.0,1.4943989555860817,0.5027783857296191,6.277369985593597,7.771768941179679,8.274547326909298
ResNet50-ClusterFit-16K-RotNet_selfsupervised,pit_ti_224_classification,160,207,,1000,50,50,50,thin,56,True,6.277369985593597,0.0,1.189957778556046,0.48523986825230825,6.277369985593597,7.467327764149643,7.952567632401951
ResNet50-ClusterFit-16K-RotNet_selfsupervised,vit_base_patch32_224_classification,160,218,,1000,50,50,50,thin,56,True,6.277369985593597,0.0,0.6656709795875777,1.036286866694053,6.277369985593597,6.943040965181175,7.979327831875228
ResNet50-ClusterFit-16K-RotNet_selfsupervised,vit_base_patch16_224_classification,160,197,,1000,50,50,50,thin,56,True,6.277369985593597,0.0,0.6832091054049858,0.8059824382385772,6.277369985593597,6.960579090998583,7.76656152923716
ResNet50-ClusterFit-16K-RotNet_selfsupervised,tnt_s_patch16_224_classification,160,198,,1000,50,50,50,thin,56,True,6.277369985593597,0.0,0.5717592680790506,1.011723007562776,6.277369985593597,6.849129253672648,7.860852261235424
ResNet50-ClusterFit-16K-RotNet_selfsupervised,crossvit_base_240_classification,160,336,,1000,50,50,50,thin,56,True,6.277369985593597,0.0,0.9304724962518556,0.6564061884795338,6.277369985593597,7.207842481845453,7.8642486703249865
ResNet50-ClusterFit-16K-RotNet_selfsupervised,deit_base_patch16_224_classification,160,205,,1000,50,50,50,thin,56,True,6.277369985593597,0.0,0.915837102799161,0.6174800240711251,6.277369985593597,7.193207088392758,7.810687112463883
ResNet50-ClusterFit-16K-RotNet_selfsupervised,dino_vitb16_selfsupervised,160,208,,1000,50,50,50,thin,56,True,5.36690389255828,0.9104660930353168,0.7730967871777734,1.0593913590453994,6.277369985593597,6.140000679736054,8.10985813181677
ResNet50-MoCoV2-BS256_selfsupervised,nf_resnet50_classification,155,141,,1000,50,50,50,thin,56,True,6.451415964599887,0.624937885930172,0.18120433121941293,1.0481498754352518,7.076353850530059,6.6326202958193,8.305708057184724
ResNet50-MoCoV2-BS256_selfsupervised,hardcorenas_f_classification,155,294,,1000,50,50,50,thin,56,True,6.803083352498716,0.2732704980313425,0.13651274610426434,1.1342649867047347,7.076353850530059,6.939596098602981,8.347131583339058
ResNet50-MoCoV2-BS256_selfsupervised,eca_nfnet_l0_classification,155,134,,1000,50,50,50,thin,56,True,7.076353850530058,0.0,1.2811039644880173,0.6890592092503098,7.076353850530059,8.357457815018076,9.046517024268386
ResNet50-MoCoV2-BS256_selfsupervised,resnet50_classification,155,156,,1000,50,50,50,thin,56,True,6.9152847587564334,0.1610690917736255,0.05137239116928871,1.1055932075928894,7.076353850530059,6.966657149925722,8.233319449292237
ResNet50-MoCoV2-BS256_selfsupervised,semnasnet_100_classification,155,270,,1000,50,50,50,thin,56,True,6.751545116316306,0.3248087342137529,0.17758575503505813,1.1371297411200008,7.076353850530059,6.929130871351364,8.391069346685118
ResNet50-MoCoV2-BS256_selfsupervised,cspresnet50_classification,155,320,,1000,50,50,50,thin,56,True,6.997511053624182,0.07884279690587714,0.30830971376708494,1.1075368701618409,7.076353850530059,7.305820767391267,8.492200434458985
ResNet50-MoCoV2-BS256_selfsupervised,mobilenetv3_large_100_classification,155,252,,1000,50,50,50,thin,56,True,6.9047089636582255,0.17164488687183344,0.3718200683447854,1.1807628992171102,7.076353850530059,7.276529032003011,8.628936818091955
ResNet50-MoCoV2-BS256_selfsupervised,ghostnet_100_classification,155,290,,1000,50,50,50,thin,56,True,6.8683799871019335,0.2079738634281254,0.3378873559946056,1.1734673501919701,7.076353850530059,7.206267343096539,8.587708556716635
ResNet50-MoCoV2-BS256_selfsupervised,convnext_base_classification,155,273,,1000,50,50,50,thin,56,True,7.076353850530058,0.0,1.2278844269790659,0.632882793042624,7.076353850530059,8.304238277509125,8.937121070551749
ResNet50-MoCoV2-BS256_selfsupervised,xcit_nano_12_p8_224_classification,155,266,,1000,50,50,50,thin,56,True,6.844275903617648,0.23207794691241102,0.019771186348703118,1.1148923589817894,7.076353850530059,6.864047089966351,8.211017395860551
ResNet50-MoCoV2-BS256_selfsupervised,xcit_nano_12_p16_224_classification,155,242,,1000,50,50,50,thin,56,True,6.836239709230453,0.24011414129960595,0.0005774111123058034,1.0611913061625344,7.076353850530059,6.836817120342759,8.1381225678049
ResNet50-MoCoV2-BS256_selfsupervised,swin_large_patch4_window7_224_classification,155,281,,1000,50,50,50,thin,56,True,6.761038287116296,0.31531556341376277,0.7542970621640928,1.223397310053965,7.076353850530059,7.515335349280389,9.054048222748117
ResNet50-MoCoV2-BS256_selfsupervised,jx_nest_tiny_classification,155,148,,1000,50,50,50,thin,56,True,7.076353850530059,0.0,0.6954150906496199,0.8527516060582494,7.076353850530059,7.771768941179679,8.624520547237928
ResNet50-MoCoV2-BS256_selfsupervised,pit_ti_224_classification,155,207,,1000,50,50,50,thin,56,True,7.076353850530059,0.0,0.3909739136195842,0.6368853967686805,7.076353850530059,7.467327764149643,8.104213160918324
ResNet50-MoCoV2-BS256_selfsupervised,vit_base_patch32_224_classification,155,218,,1000,50,50,50,thin,56,True,6.86290703869823,0.21344681183182868,0.0801339264829446,1.0761964503301993,7.076353850530059,6.943040965181175,8.232684227343203
ResNet50-MoCoV2-BS256_selfsupervised,vit_base_patch16_224_classification,155,197,,1000,50,50,50,thin,56,True,6.960579090998583,0.11577475953147598,0.0,0.8785998484239697,7.076353850530059,6.960579090998583,7.954953698954029
ResNet50-MoCoV2-BS256_selfsupervised,tnt_s_patch16_224_classification,155,198,,1000,50,50,50,thin,56,True,6.849129253672648,0.22722459685741114,0.0,1.0018839509976631,7.076353850530059,6.849129253672648,8.078237801527722
ResNet50-MoCoV2-BS256_selfsupervised,crossvit_base_240_classification,155,336,,1000,50,50,50,thin,56,True,6.97148840684245,0.10486544368760864,0.23635407500300243,1.0687084651453578,7.076353850530059,7.207842481845453,8.38141639067842
ResNet50-MoCoV2-BS256_selfsupervised,deit_base_patch16_224_classification,155,205,,1000,50,50,50,thin,56,True,7.008705734277686,0.06764811625237321,0.1845013541150724,1.0706733327312792,7.076353850530059,7.193207088392758,8.33152853737641
ResNet50-MoCoV2-BS256_selfsupervised,dino_vitb16_selfsupervised,155,208,,1000,50,50,50,thin,56,True,5.456825297243752,1.6195285532863073,0.6831753824923021,1.179622648618503,7.076353850530059,6.140000679736054,8.939151881640864
nf_resnet50_classification,hardcorenas_f_classification,141,294,,1000,50,50,50,thin,56,True,6.412332023403356,0.22028827241595117,0.5272640751996249,1.1123007962177462,6.632620295819307,6.939596098602981,8.272185167236678
nf_resnet50_classification,eca_nfnet_l0_classification,141,134,,1000,50,50,50,thin,56,True,6.632620295819308,0.0,1.7248375191987693,0.6811015187472815,6.632620295819307,8.357457815018076,9.038559333765358
nf_resnet50_classification,resnet50_classification,141,156,,1000,50,50,50,thin,56,True,6.632620295819307,0.0,0.33403685410641515,1.0202323598097225,6.632620295819307,6.966657149925722,7.986889509735445
nf_resnet50_classification,semnasnet_100_classification,141,270,,1000,50,50,50,thin,56,True,6.527232643156631,0.10538765266267625,0.4018982281947334,1.1251236987635673,6.632620295819307,6.929130871351364,8.159642222777608
nf_resnet50_classification,cspresnet50_classification,141,320,,1000,50,50,50,thin,56,True,6.632620295819307,0.0,0.6732004715719597,0.8411873180264022,6.632620295819307,7.305820767391267,8.147008085417669
nf_resnet50_classification,mobilenetv3_large_100_classification,141,252,,1000,50,50,50,thin,56,True,6.632620295819307,0.0,0.6439087361837039,0.9799228699366802,6.632620295819307,7.276529032003011,8.256451901939691
nf_resnet50_classification,ghostnet_100_classification,141,290,,1000,50,50,50,thin,56,True,6.632620295819307,0.0,0.5736470472772321,1.0870190755833962,6.632620295819307,7.206267343096539,8.293286418679935
nf_resnet50_classification,convnext_base_classification,141,273,,1000,50,50,50,thin,56,True,6.632620295819308,0.0,1.6716179816898178,0.6687561418807348,6.632620295819307,8.304238277509125,8.97299441938986
nf_resnet50_classification,xcit_nano_12_p8_224_classification,141,266,,1000,50,50,50,thin,56,True,6.505131008330257,0.12748928748905008,0.3589160816360941,1.1230007167401164,6.632620295819307,6.864047089966351,8.114537094195517
nf_resnet50_classification,xcit_nano_12_p16_224_classification,141,242,,1000,50,50,50,thin,56,True,6.347898126462322,0.2847221693569848,0.4889189938804366,1.0452405841387513,6.632620295819307,6.836817120342759,8.166779873838495
nf_resnet50_classification,swin_large_patch4_window7_224_classification,141,281,,1000,50,50,50,thin,56,True,6.628311637462302,0.004308658357005335,0.8870237118180873,1.0863358287766154,6.632620295819307,7.515335349280389,8.60597983641401
nf_resnet50_classification,jx_nest_tiny_classification,141,148,,1000,50,50,50,thin,56,True,6.632620295819307,0.0,1.1391486453603719,0.9446854607515371,6.632620295819307,7.771768941179679,8.716454401931216
nf_resnet50_classification,pit_ti_224_classification,141,207,,1000,50,50,50,thin,56,True,6.632620295819307,0.0,0.8347074683303362,1.034689438295728,6.632620295819307,7.467327764149643,8.502017202445371
nf_resnet50_classification,vit_base_patch32_224_classification,141,218,,1000,50,50,50,thin,56,True,6.460273760238054,0.17234653558125324,0.4827672049431211,1.0301247424301758,6.632620295819307,6.943040965181175,8.145512243192604
nf_resnet50_classification,vit_base_patch16_224_classification,141,197,,1000,50,50,50,thin,56,True,6.572727545282935,0.05989275053637222,0.38785154571564817,1.0178099398583145,6.632620295819307,6.960579090998583,8.03828178139327
nf_resnet50_classification,tnt_s_patch16_224_classification,141,198,,1000,50,50,50,thin,56,True,6.452449077049418,0.18017121876988895,0.39668017662322974,0.9878718381042608,6.632620295819307,6.849129253672648,8.017172310546798
nf_resnet50_classification,crossvit_base_240_classification,141,336,,1000,50,50,50,thin,56,True,6.632620295819307,0.0,0.5752221860261457,1.0377809549449042,6.632620295819307,7.207842481845453,8.245623436790357
nf_resnet50_classification,deit_base_patch16_224_classification,141,205,,1000,50,50,50,thin,56,True,6.628250410047021,0.004369885772286253,0.5649566783457374,1.077970774983343,6.632620295819307,7.193207088392758,8.275547749148387
nf_resnet50_classification,dino_vitb16_selfsupervised,141,208,,1000,50,50,50,thin,56,True,5.67171535125382,0.9609049445654874,0.46828532848223414,1.1763373588874213,6.632620295819307,6.140000679736054,8.277242983188962
hardcorenas_f_classification,eca_nfnet_l0_classification,294,134,,1000,50,50,50,thin,56,True,6.93959609860298,0.0,1.4178617164150955,0.5199493139635596,6.939596098602981,8.357457815018076,8.877407128981636
hardcorenas_f_classification,resnet50_classification,294,156,,1000,50,50,50,thin,56,True,6.810435289327648,0.1291608092753327,0.15622186059807408,1.1544132431247345,6.939596098602981,6.966657149925722,8.25023120232579
hardcorenas_f_classification,semnasnet_100_classification,294,270,,1000,50,50,50,thin,56,True,6.929130871351364,0.010465227251616582,0.0,1.0463491818097,6.939596098602981,6.929130871351364,7.985945280412681
hardcorenas_f_classification,cspresnet50_classification,294,320,,1000,50,50,50,thin,56,True,6.936616848866817,0.0029792497361640358,0.36920391852445,1.1168787189327078,6.939596098602981,7.305820767391267,8.425678736060139
hardcorenas_f_classification,mobilenetv3_large_100_classification,294,252,,1000,50,50,50,thin,56,True,6.939596098602981,0.0,0.33693293340003017,0.8363846830618735,6.939596098602981,7.276529032003011,8.112913715064884
hardcorenas_f_classification,ghostnet_100_classification,294,290,,1000,50,50,50,thin,56,True,6.939596098602981,0.0,0.2666712444935584,0.8863966116500146,6.939596098602981,7.206267343096539,8.092663954746554
hardcorenas_f_classification,convnext_base_classification,294,273,,1000,50,50,50,thin,56,True,6.93959609860298,0.0,1.364642178906144,0.6998967545465256,6.939596098602981,8.304238277509125,9.00413503205565
hardcorenas_f_classification,xcit_nano_12_p8_224_classification,294,266,,1000,50,50,50,thin,56,True,6.625629501108518,0.31396659749446254,0.23841758885783282,1.1544090359559451,6.939596098602981,6.864047089966351,8.332422723416759
hardcorenas_f_classification,xcit_nano_12_p16_224_classification,294,242,,1000,50,50,50,thin,56,True,6.624990598782201,0.3146054998207797,0.2118265215605577,1.1200148010050537,6.939596098602981,6.836817120342759,8.271437421168592
hardcorenas_f_classification,swin_large_patch4_window7_224_classification,294,281,,1000,50,50,50,thin,56,True,6.831209303112039,0.10838679549094188,0.68412604616835,1.0940213200905324,6.939596098602981,7.515335349280389,8.717743464861863
hardcorenas_f_classification,jx_nest_tiny_classification,294,148,,1000,50,50,50,thin,56,True,6.939596098602981,0.0,0.8321728425766981,0.924163184103981,6.939596098602981,7.771768941179679,8.69593212528366
hardcorenas_f_classification,pit_ti_224_classification,294,207,,1000,50,50,50,thin,56,True,6.939596098602981,0.0,0.5277316655466624,0.8879008437384437,6.939596098602981,7.467327764149643,8.355228607888087
hardcorenas_f_classification,vit_base_patch32_224_classification,294,218,,1000,50,50,50,thin,56,True,6.685782710741731,0.25381338786124985,0.25725825443944395,1.111723913693102,6.939596098602981,6.943040965181175,8.308578266735527
hardcorenas_f_classification,vit_base_patch16_224_classification,294,197,,1000,50,50,50,thin,56,True,6.795704848082211,0.14389125052076945,0.16487424291637165,1.1082705131305328,6.939596098602981,6.960579090998583,8.212740854649885
hardcorenas_f_classification,tnt_s_patch16_224_classification,294,198,,1000,50,50,50,thin,56,True,6.732123433829275,0.20747266477370552,0.11700581984337255,1.1247258480346725,6.939596098602981,6.849129253672648,8.181327766481026
hardcorenas_f_classification,crossvit_base_240_classification,294,336,,1000,50,50,50,thin,56,True,6.780812095207658,0.15878400339532295,0.4270303866377949,1.0782377942363723,6.939596098602981,7.207842481845453,8.444864279477148
hardcorenas_f_classification,deit_base_patch16_224_classification,294,205,,1000,50,50,50,thin,56,True,6.811315493557171,0.12828060504581007,0.38189159483558743,1.1168731916327292,6.939596098602981,7.193207088392758,8.438360885071297
hardcorenas_f_classification,dino_vitb16_selfsupervised,294,208,,1000,50,50,50,thin,56,True,5.415014663964057,1.5245814346389235,0.7249860157719965,1.1882019586744859,6.939596098602981,6.140000679736054,8.852784073049463
eca_nfnet_l0_classification,resnet50_classification,134,156,,1000,50,50,50,thin,56,True,6.966657149925721,1.390800665092356,0.0,0.6461268140774212,8.357457815018078,6.966657149925722,9.0035846290955
eca_nfnet_l0_classification,semnasnet_100_classification,134,270,,1000,50,50,50,thin,56,True,6.929130871351363,1.4283269436667139,0.0,0.5934914441348553,8.357457815018078,6.929130871351364,8.950949259152933
eca_nfnet_l0_classification,cspresnet50_classification,134,320,,1000,50,50,50,thin,56,True,7.305820767391266,1.0516370476268113,0.0,0.8418658856668255,8.357457815018078,7.305820767391267,9.199323700684904
eca_nfnet_l0_classification,mobilenetv3_large_100_classification,134,252,,1000,50,50,50,thin,56,True,7.27652903200301,1.0809287830150671,0.0,0.6822753444020613,8.357457815018078,7.276529032003011,9.03973315942014
eca_nfnet_l0_classification,ghostnet_100_classification,134,290,,1000,50,50,50,thin,56,True,7.20626734309654,1.151190471921539,0.0,0.7798828048419946,8.357457815018078,7.206267343096539,9.137340619860073
eca_nfnet_l0_classification,convnext_base_classification,134,273,,1000,50,50,50,thin,56,True,8.246579750969907,0.11087806404816902,0.05765852653921577,1.1428276865544298,8.357457815018078,8.304238277509125,9.557944028111724
eca_nfnet_l0_classification,xcit_nano_12_p8_224_classification,134,266,,1000,50,50,50,thin,56,True,6.86404708996635,1.493410725051727,0.0,0.7060072575098353,8.357457815018078,6.864047089966351,9.063465072527913
eca_nfnet_l0_classification,xcit_nano_12_p16_224_classification,134,242,,1000,50,50,50,thin,56,True,6.83681712034276,1.5206406946753193,0.0,0.746919224946593,8.357457815018078,6.836817120342759,9.104377039964671
eca_nfnet_l0_classification,swin_large_patch4_window7_224_classification,134,281,,1000,50,50,50,thin,56,True,7.51533534928039,0.8421224657376891,0.0,1.1175716421987225,8.357457815018078,7.515335349280389,9.4750294572168
eca_nfnet_l0_classification,jx_nest_tiny_classification,134,148,,1000,50,50,50,thin,56,True,7.771768941179678,0.5856888738383992,0.0,1.0032270193322539,8.357457815018078,7.771768941179679,9.360684834350332
eca_nfnet_l0_classification,pit_ti_224_classification,134,207,,1000,50,50,50,thin,56,True,7.467327764149642,0.8901300508684349,0.0,0.7249267755573694,8.357457815018078,7.467327764149643,9.082384590575447
eca_nfnet_l0_classification,vit_base_patch32_224_classification,134,218,,1000,50,50,50,thin,56,True,6.943040965181174,1.4144168498369032,0.0,0.8079243680835901,8.357457815018078,6.943040965181175,9.165382183101668
eca_nfnet_l0_classification,vit_base_patch16_224_classification,134,197,,1000,50,50,50,thin,56,True,6.960579090998584,1.396878724019495,0.0,0.6498250549453459,8.357457815018078,6.960579090998583,9.007282869963424
eca_nfnet_l0_classification,tnt_s_patch16_224_classification,134,198,,1000,50,50,50,thin,56,True,6.849129253672649,1.5083285613454303,0.0,0.6618150083560792,8.357457815018078,6.849129253672648,9.019272823374157
eca_nfnet_l0_classification,crossvit_base_240_classification,134,336,,1000,50,50,50,thin,56,True,7.207842481845452,1.1496153331726253,0.0,0.8282700109616918,8.357457815018078,7.207842481845453,9.18572782597977
eca_nfnet_l0_classification,deit_base_patch16_224_classification,134,205,,1000,50,50,50,thin,56,True,7.193207088392759,1.16425072662532,0.0,0.7961824540429028,8.357457815018078,7.193207088392758,9.15364026906098
eca_nfnet_l0_classification,dino_vitb16_selfsupervised,134,208,,1000,50,50,50,thin,56,True,6.096629664341034,2.2608281506770433,0.043371015395019086,1.2238271874832947,8.357457815018078,6.140000679736054,9.624656017896392
resnet50_classification,semnasnet_100_classification,156,270,,1000,50,50,50,thin,56,True,6.929130871351364,0.037526278574357974,0.0,1.0388759443842348,6.966657149925722,6.929130871351364,8.005533094309957
resnet50_classification,cspresnet50_classification,156,320,,1000,50,50,50,thin,56,True,6.966657149925722,0.0,0.3391636174655446,0.8053935797963261,6.966657149925722,7.305820767391267,8.111214347187593
resnet50_classification,mobilenetv3_large_100_classification,156,252,,1000,50,50,50,thin,56,True,6.966657149925722,0.0,0.3098718820772888,0.9654109803495681,6.966657149925722,7.276529032003011,8.241940012352579
resnet50_classification,ghostnet_100_classification,156,290,,1000,50,50,50,thin,56,True,6.966657149925722,0.0,0.239610193170817,0.9913056119145098,6.966657149925722,7.206267343096539,8.197572955011049
resnet50_classification,convnext_base_classification,156,273,,1000,50,50,50,thin,56,True,6.966657149925723,0.0,1.3375811275834026,0.6464152281820077,6.966657149925722,8.304238277509125,8.950653505691132
resnet50_classification,xcit_nano_12_p8_224_classification,156,266,,1000,50,50,50,thin,56,True,6.724969958702516,0.24168719122320592,0.1390771312638348,1.1276108890758572,6.966657149925722,6.864047089966351,8.233345170265414
resnet50_classification,xcit_nano_12_p16_224_classification,156,242,,1000,50,50,50,thin,56,True,6.724092623202693,0.24256452672302942,0.11272449714006605,1.038612914687854,6.966657149925722,6.836817120342759,8.117994561753642
resnet50_classification,swin_large_patch4_window7_224_classification,156,281,,1000,50,50,50,thin,56,True,6.813906305544225,0.15275084438149733,0.7014290437361641,1.2017590792716204,6.966657149925722,7.515335349280389,8.869845272933507
resnet50_classification,jx_nest_tiny_classification,156,148,,1000,50,50,50,thin,56,True,6.966657149925722,0.0,0.8051117912539567,0.84836741465993,6.966657149925722,7.771768941179679,8.620136355839609
resnet50_classification,pit_ti_224_classification,156,207,,1000,50,50,50,thin,56,True,6.966657149925722,0.0,0.500670614223921,0.8380219953785426,6.966657149925722,7.467327764149643,8.305349759528186
resnet50_classification,vit_base_patch32_224_classification,156,218,,1000,50,50,50,thin,56,True,6.824931127555545,0.14172602237017706,0.11810983762562977,1.077675639482476,6.966657149925722,6.943040965181175,8.162442627033828
resnet50_classification,vit_base_patch16_224_classification,156,197,,1000,50,50,50,thin,56,True,6.935577329001284,0.03107982092443784,0.025001761997298644,1.0513273393909524,6.966657149925722,6.960579090998583,8.042986251313973
resnet50_classification,tnt_s_patch16_224_classification,156,198,,1000,50,50,50,thin,56,True,6.7820639595939705,0.1845931903317517,0.06706529407867734,1.026719924177157,6.966657149925722,6.849129253672648,8.060442368181556
resnet50_classification,crossvit_base_240_classification,156,336,,1000,50,50,50,thin,56,True,6.966657149925722,0.0,0.24118533191973057,1.039100826485714,6.966657149925722,7.207842481845453,8.246943308331167
resnet50_classification,deit_base_patch16_224_classification,156,205,,1000,50,50,50,thin,56,True,6.966657149925722,0.0,0.22654993846703597,1.0284541373149585,6.966657149925722,7.193207088392758,8.221661225707717
resnet50_classification,dino_vitb16_selfsupervised,156,208,,1000,50,50,50,thin,56,True,5.780197651401415,1.1864594985243073,0.35980302833463895,1.2009868368494425,6.966657149925722,6.140000679736054,8.527447015109804
semnasnet_100_classification,cspresnet50_classification,270,320,,1000,50,50,50,thin,56,True,6.929130871351359,0.0,0.3766898960399079,0.8038613798705709,6.929130871351359,7.305820767391267,8.109682147261838
semnasnet_100_classification,mobilenetv3_large_100_classification,270,252,,1000,50,50,50,thin,56,True,6.929130871351359,0.0,0.3473981606516521,0.7294701781369932,6.929130871351359,7.276529032003011,8.005999210140004
semnasnet_100_classification,ghostnet_100_classification,270,290,,1000,50,50,50,thin,56,True,6.929130871351359,0.0,0.2771364717451803,0.9507607095951895,6.929130871351359,7.206267343096539,8.157028052691729
semnasnet_100_classification,convnext_base_classification,270,273,,1000,50,50,50,thin,56,True,6.929130871351358,0.0,1.375107406157766,0.6790694906900434,6.929130871351359,8.304238277509125,8.983307768199168
semnasnet_100_classification,xcit_nano_12_p8_224_classification,270,266,,1000,50,50,50,thin,56,True,6.662715380483137,0.2664154908682219,0.2013317094832141,1.1395951338510457,6.929130871351359,6.864047089966351,8.270057714685619
semnasnet_100_classification,xcit_nano_12_p16_224_classification,270,242,,1000,50,50,50,thin,56,True,6.640884879903693,0.28824599144766605,0.19593224043906599,1.068796502147114,6.929130871351359,6.836817120342759,8.193859613937539
semnasnet_100_classification,swin_large_patch4_window7_224_classification,270,281,,1000,50,50,50,thin,56,True,6.929130871351359,0.0,0.5862044779290301,0.9499689656156525,6.929130871351359,7.515335349280389,8.465304314896041
semnasnet_100_classification,jx_nest_tiny_classification,270,148,,1000,50,50,50,thin,56,True,6.929130871351359,0.0,0.84263806982832,0.8475406158875254,6.929130871351359,7.771768941179679,8.619309557067204
semnasnet_100_classification,pit_ti_224_classification,270,207,,1000,50,50,50,thin,56,True,6.929130871351359,0.0,0.5381968927982843,0.9409228373743277,6.929130871351359,7.467327764149643,8.40825060152397
semnasnet_100_classification,vit_base_patch32_224_classification,270,218,,1000,50,50,50,thin,56,True,6.820237607311342,0.10889326404001665,0.12280335786983265,1.0870465101310929,6.929130871351359,6.943040965181175,8.138980739352284
semnasnet_100_classification,vit_base_patch16_224_classification,270,197,,1000,50,50,50,thin,56,True,6.876233345195972,0.052897526155386565,0.08434574580261067,1.0457408052935069,6.929130871351359,6.960579090998583,8.059217422447476
semnasnet_100_classification,tnt_s_patch16_224_classification,270,198,,1000,50,50,50,thin,56,True,6.844481940636063,0.08464893071529556,0.0046473130365844995,1.0689524719188643,6.929130871351359,6.849129253672648,8.002730656306808
semnasnet_100_classification,crossvit_base_240_classification,270,336,,1000,50,50,50,thin,56,True,6.929130871351359,0.0,0.2787116104940939,0.9915793645230364,6.929130871351359,7.207842481845453,8.19942184636849
semnasnet_100_classification,deit_base_patch16_224_classification,270,205,,1000,50,50,50,thin,56,True,6.929130871351359,0.0,0.2640762170413993,0.9618059856690815,6.929130871351359,7.193207088392758,8.15501307406184
semnasnet_100_classification,dino_vitb16_selfsupervised,270,208,,1000,50,50,50,thin,56,True,5.861111780008823,1.0680190913425358,0.27888889972723074,1.079745504106068,6.929130871351359,6.140000679736054,8.287765275184658
cspresnet50_classification,mobilenetv3_large_100_classification,320,252,,1000,50,50,50,thin,56,True,7.276529032003011,0.029291735388229156,0.0,0.9923306103642622,7.30582076739124,7.276529032003011,8.298151377755502
cspresnet50_classification,ghostnet_100_classification,320,290,,1000,50,50,50,thin,56,True,7.177238481832114,0.12858228555912632,0.029028861264425387,1.0814834555681196,7.30582076739124,7.206267343096539,8.416333084223785
cspresnet50_classification,convnext_base_classification,320,273,,1000,50,50,50,thin,56,True,7.305820767391239,0.0,0.9984175101178847,0.6398763878977558,7.30582076739124,8.304238277509125,8.94411466540688
cspresnet50_classification,xcit_nano_12_p8_224_classification,320,266,,1000,50,50,50,thin,56,True,6.854695594691164,0.4511251727000758,0.00935149527518675,1.1236029800937652,7.30582076739124,6.864047089966351,8.438775242760192
cspresnet50_classification,xcit_nano_12_p16_224_classification,320,242,,1000,50,50,50,thin,56,True,6.75519109679381,0.5506296705974298,0.08162602354894855,1.0440774993811086,7.30582076739124,6.836817120342759,8.431524290321297
cspresnet50_classification,swin_large_patch4_window7_224_classification,320,281,,1000,50,50,50,thin,56,True,7.150854147509582,0.15496661988165794,0.3644812017708068,1.1168943107511513,7.30582076739124,7.515335349280389,8.787196279913198
cspresnet50_classification,jx_nest_tiny_classification,320,148,,1000,50,50,50,thin,56,True,7.30582076739124,0.0,0.4659481737884388,1.0253961605039512,7.30582076739124,7.771768941179679,8.79716510168363
cspresnet50_classification,pit_ti_224_classification,320,207,,1000,50,50,50,thin,56,True,7.185566596372027,0.1202541710192131,0.2817611677776162,1.089370743805702,7.30582076739124,7.467327764149643,8.676952678974558
cspresnet50_classification,vit_base_patch32_224_classification,320,218,,1000,50,50,50,thin,56,True,6.943040965181175,0.3627798022100652,0.0,0.9938107712923587,7.30582076739124,6.943040965181175,8.299631538683599
cspresnet50_classification,vit_base_patch16_224_classification,320,197,,1000,50,50,50,thin,56,True,6.960579090998583,0.3452416763926571,0.0,0.9751010780440454,7.30582076739124,6.960579090998583,8.280921845435286
cspresnet50_classification,tnt_s_patch16_224_classification,320,198,,1000,50,50,50,thin,56,True,6.849129253672648,0.4566915137185923,0.0,0.960875074878186,7.30582076739124,6.849129253672648,8.266695842269426
cspresnet50_classification,crossvit_base_240_classification,320,336,,1000,50,50,50,thin,56,True,7.09003709791909,0.21578366947214978,0.11780538392636242,1.0752259918498392,7.30582076739124,7.207842481845453,8.498852143167442
cspresnet50_classification,deit_base_patch16_224_classification,320,205,,1000,50,50,50,thin,56,True,7.0974935911879475,0.20832717620329255,0.0957134972048106,1.0647281617891933,7.30582076739124,7.193207088392758,8.466262426385244
cspresnet50_classification,dino_vitb16_selfsupervised,320,208,,1000,50,50,50,thin,56,True,6.0561881210811,1.2496326463101397,0.0838125586549534,1.1651337186197255,7.30582076739124,6.140000679736054,8.554767044665919
mobilenetv3_large_100_classification,ghostnet_100_classification,252,290,,1000,50,50,50,thin,56,True,7.206267343096539,0.07026168890647178,0.0,0.6938599643987109,7.276529032003011,7.206267343096539,7.970388996401722
mobilenetv3_large_100_classification,convnext_base_classification,252,273,,1000,50,50,50,thin,56,True,7.276529032003012,0.0,1.0277092455061139,0.8725556180786835,7.276529032003011,8.304238277509125,9.176793895587808
mobilenetv3_large_100_classification,xcit_nano_12_p8_224_classification,252,266,,1000,50,50,50,thin,56,True,6.709213643720663,0.5673153882823483,0.1548334462456884,1.1734021700296893,7.276529032003011,6.864047089966351,8.604764648278389
mobilenetv3_large_100_classification,xcit_nano_12_p16_224_classification,252,242,,1000,50,50,50,thin,56,True,6.672034298480678,0.6044947335223325,0.16478282186208038,1.0771509788991978,7.276529032003011,6.836817120342759,8.518462832764289
mobilenetv3_large_100_classification,swin_large_patch4_window7_224_classification,252,281,,1000,50,50,50,thin,56,True,7.059387390612771,0.21714164139024028,0.4559479586676183,1.0905092585383427,7.276529032003011,7.515335349280389,8.822986249208972
mobilenetv3_large_100_classification,jx_nest_tiny_classification,252,148,,1000,50,50,50,thin,56,True,7.1992467118407095,0.07728232016230141,0.5725222293389693,1.1394946209809849,7.276529032003011,7.771768941179679,8.988545882322965
mobilenetv3_large_100_classification,pit_ti_224_classification,252,207,,1000,50,50,50,thin,56,True,7.086568317674715,0.1899607143282962,0.38075944647492843,1.1188132587950026,7.276529032003011,7.467327764149643,8.776101737272942
mobilenetv3_large_100_classification,vit_base_patch32_224_classification,252,218,,1000,50,50,50,thin,56,True,6.830771138475904,0.44575789352710693,0.11226982670527086,1.0624770297880053,7.276529032003011,6.943040965181175,8.451275888496287
mobilenetv3_large_100_classification,vit_base_patch16_224_classification,252,197,,1000,50,50,50,thin,56,True,6.8497974493530664,0.4267315826499445,0.11078164164551652,1.0597760040645339,7.276529032003011,6.960579090998583,8.447086677713061
mobilenetv3_large_100_classification,tnt_s_patch16_224_classification,252,198,,1000,50,50,50,thin,56,True,6.762966157302442,0.5135628747005692,0.08616309637020603,1.0369186426061585,7.276529032003011,6.849129253672648,8.399610770979375
mobilenetv3_large_100_classification,crossvit_base_240_classification,252,336,,1000,50,50,50,thin,56,True,6.867019499880373,0.4095095321226383,0.3408229819650801,1.1345479318607374,7.276529032003011,7.207842481845453,8.751899945828828
mobilenetv3_large_100_classification,deit_base_patch16_224_classification,252,205,,1000,50,50,50,thin,56,True,6.906452200249935,0.37007683175307626,0.28675488814282346,1.1379109400464786,7.276529032003011,7.193207088392758,8.701194860192313
mobilenetv3_large_100_classification,dino_vitb16_selfsupervised,252,208,,1000,50,50,50,thin,56,True,5.8161227637003305,1.4604062683026804,0.32387791603572325,1.1334737775158326,7.276529032003011,6.140000679736054,8.733880725554567
ghostnet_100_classification,convnext_base_classification,290,273,,1000,50,50,50,thin,56,True,7.206267343096542,0.0,1.097970934412582,0.8591537803638651,7.206267343096543,8.304238277509125,9.16339205787299
ghostnet_100_classification,xcit_nano_12_p8_224_classification,290,266,,1000,50,50,50,thin,56,True,6.686499629289297,0.5197677138072461,0.1775474606770544,1.2134730424978324,7.206267343096543,6.864047089966351,8.59728784627143
ghostnet_100_classification,xcit_nano_12_p16_224_classification,290,242,,1000,50,50,50,thin,56,True,6.715624892279921,0.4906424508166216,0.12119222806283769,1.1226862715877566,7.206267343096543,6.836817120342759,8.450145842747137
ghostnet_100_classification,swin_large_patch4_window7_224_classification,290,281,,1000,50,50,50,thin,56,True,6.97284567947402,0.23342166362252303,0.5424896698063693,1.1052082322903392,7.206267343096543,7.515335349280389,8.853965245193251
ghostnet_100_classification,jx_nest_tiny_classification,290,148,,1000,50,50,50,thin,56,True,7.196235481551852,0.01003186154469038,0.5755334596278265,1.1136090007040576,7.206267343096543,7.771768941179679,8.895409803428427
ghostnet_100_classification,pit_ti_224_classification,290,207,,1000,50,50,50,thin,56,True,7.081252404065565,0.1250149390309776,0.38607536008407806,1.1291922835995285,7.206267343096543,7.467327764149643,8.72153498678015
ghostnet_100_classification,vit_base_patch32_224_classification,290,218,,1000,50,50,50,thin,56,True,6.826541536781152,0.379725806315391,0.11649942840002314,1.1214102547829317,7.206267343096543,6.943040965181175,8.444177026279498
ghostnet_100_classification,vit_base_patch16_224_classification,290,197,,1000,50,50,50,thin,56,True,6.841972769933268,0.3642945731632743,0.11860632106531455,1.101193068925224,7.206267343096543,6.960579090998583,8.426066733087081
ghostnet_100_classification,tnt_s_patch16_224_classification,290,198,,1000,50,50,50,thin,56,True,6.7432403066918445,0.4630270364046982,0.10588894698080331,1.0855094726359633,7.206267343096543,6.849129253672648,8.39766576271331
ghostnet_100_classification,crossvit_base_240_classification,290,336,,1000,50,50,50,thin,56,True,6.831827506011496,0.37443983708504636,0.3760149758339564,1.1195937005388057,7.206267343096543,7.207842481845453,8.701876019469305
ghostnet_100_classification,deit_base_patch16_224_classification,290,205,,1000,50,50,50,thin,56,True,6.8705328035392474,0.33573453955729526,0.3226742848535107,1.1170232923973549,7.206267343096543,7.193207088392758,8.645964920347408
ghostnet_100_classification,dino_vitb16_selfsupervised,290,208,,1000,50,50,50,thin,56,True,5.692124766061586,1.5141425770349564,0.44787591367446744,1.190007837953046,7.206267343096543,6.140000679736054,8.844151094724056
convnext_base_classification,xcit_nano_12_p8_224_classification,273,266,,1000,50,50,50,thin,56,True,6.864047089966352,1.4401911875427844,0.0,0.8326498330995733,8.304238277509135,6.864047089966351,9.136888110608709
convnext_base_classification,xcit_nano_12_p16_224_classification,273,242,,1000,50,50,50,thin,56,True,6.836817120342758,1.4674211571663767,0.0,0.7831124543685899,8.304238277509135,6.836817120342759,9.087350731877725
convnext_base_classification,swin_large_patch4_window7_224_classification,273,281,,1000,50,50,50,thin,56,True,7.515335349280388,0.7889029282287465,0.0,1.1815504911010084,8.304238277509135,7.515335349280389,9.485788768610144
convnext_base_classification,jx_nest_tiny_classification,273,148,,1000,50,50,50,thin,56,True,7.77176894117968,0.5324693363294566,0.0,0.8034711345363679,8.304238277509135,7.771768941179679,9.107709412045503
convnext_base_classification,pit_ti_224_classification,273,207,,1000,50,50,50,thin,56,True,7.467327764149644,0.8369105133594923,0.0,0.6841267107747235,8.304238277509135,7.467327764149643,8.988364988283859
convnext_base_classification,vit_base_patch32_224_classification,273,218,,1000,50,50,50,thin,56,True,6.943040965181176,1.3611973123279606,0.0,0.6383577420562982,8.304238277509135,6.943040965181175,8.942596019565434
convnext_base_classification,vit_base_patch16_224_classification,273,197,,1000,50,50,50,thin,56,True,6.960579090998582,1.3436591865105525,0.0,0.513853385847991,8.304238277509135,6.960579090998583,8.818091663357126
convnext_base_classification,tnt_s_patch16_224_classification,273,198,,1000,50,50,50,thin,56,True,6.849129253672647,1.4551090238364877,0.0,0.5909083480769475,8.304238277509135,6.849129253672648,8.895146625586083
convnext_base_classification,crossvit_base_240_classification,273,336,,1000,50,50,50,thin,56,True,7.207842481845454,1.0963957956636827,0.0,0.6660953025312093,8.304238277509135,7.207842481845453,8.970333580040345
convnext_base_classification,deit_base_patch16_224_classification,273,205,,1000,50,50,50,thin,56,True,7.193207088392757,1.1110311891163773,0.0,0.7079387019534362,8.304238277509135,7.193207088392758,9.012176979462572
convnext_base_classification,dino_vitb16_selfsupervised,273,208,,1000,50,50,50,thin,56,True,6.140000679736055,2.1642375977730817,0.0,1.0495243812384913,8.304238277509135,6.140000679736054,9.353762658747627
xcit_nano_12_p8_224_classification,xcit_nano_12_p16_224_classification,266,242,,1000,50,50,50,thin,56,True,6.836817120342759,0.02722996962359936,0.0,0.9651396251130473,6.864047089966358,6.836817120342759,7.8291867150794054
xcit_nano_12_p8_224_classification,swin_large_patch4_window7_224_classification,266,281,,1000,50,50,50,thin,56,True,6.778664131157095,0.08538295880926317,0.736671218123294,1.2047935169994926,6.864047089966358,7.515335349280389,8.805511825089145
xcit_nano_12_p8_224_classification,jx_nest_tiny_classification,266,148,,1000,50,50,50,thin,56,True,6.864047089966358,0.0,0.9077218512133207,0.6218001549143972,6.864047089966358,7.771768941179679,8.393569096094076
xcit_nano_12_p8_224_classification,pit_ti_224_classification,266,207,,1000,50,50,50,thin,56,True,6.864047089966358,0.0,0.603280674183285,0.7639126822918518,6.864047089966358,7.467327764149643,8.231240446441495
xcit_nano_12_p8_224_classification,vit_base_patch32_224_classification,266,218,,1000,50,50,50,thin,56,True,6.711821798503611,0.15222529146274688,0.2312191666775636,1.1415602701649865,6.864047089966358,6.943040965181175,8.236826526808908
xcit_nano_12_p8_224_classification,vit_base_patch16_224_classification,266,197,,1000,50,50,50,thin,56,True,6.864047089966358,0.0,0.09653200103222481,1.038918939797413,6.864047089966358,6.960579090998583,7.999498030795996
xcit_nano_12_p8_224_classification,tnt_s_patch16_224_classification,266,198,,1000,50,50,50,thin,56,True,6.849129253672648,0.014917836293710351,0.0,0.9197239352353082,6.864047089966358,6.849129253672648,7.783771025201666
xcit_nano_12_p8_224_classification,crossvit_base_240_classification,266,336,,1000,50,50,50,thin,56,True,6.864047089966358,0.0,0.3437953918790946,1.003290452965584,6.864047089966358,7.207842481845453,8.211132934811037
xcit_nano_12_p8_224_classification,deit_base_patch16_224_classification,266,205,,1000,50,50,50,thin,56,True,6.864047089966358,0.0,0.3291599984264,0.938859944083176,6.864047089966358,7.193207088392758,8.132067032475934
xcit_nano_12_p8_224_classification,dino_vitb16_selfsupervised,266,208,,1000,50,50,50,thin,56,True,5.613080211341529,1.250966878624829,0.5269204683945246,1.21960522653659,6.864047089966358,6.140000679736054,8.610572784897473
xcit_nano_12_p16_224_classification,swin_large_patch4_window7_224_classification,242,281,,1000,50,50,50,thin,56,True,6.69991877404509,0.13689834629766917,0.8154165752352993,1.1881964837165206,6.836817120342759,7.515335349280389,8.840430179294579
xcit_nano_12_p16_224_classification,jx_nest_tiny_classification,242,148,,1000,50,50,50,thin,56,True,6.836817120342759,0.0,0.9349518208369201,0.6387590687979552,6.836817120342759,7.771768941179679,8.410528009977634
xcit_nano_12_p16_224_classification,pit_ti_224_classification,242,207,,1000,50,50,50,thin,56,True,6.836817120342759,0.0,0.6305106438068844,0.7051967481231012,6.836817120342759,7.467327764149643,8.172524512272744
xcit_nano_12_p16_224_classification,vit_base_patch32_224_classification,242,218,,1000,50,50,50,thin,56,True,6.700902543060674,0.1359145772820849,0.24213842212050096,1.098428383645758,6.836817120342759,6.943040965181175,8.177383926109018
xcit_nano_12_p16_224_classification,vit_base_patch16_224_classification,242,197,,1000,50,50,50,thin,56,True,6.8048305837948035,0.03198653654795525,0.15574850720377942,0.9486352433887042,6.836817120342759,6.960579090998583,7.941200870935242
xcit_nano_12_p16_224_classification,tnt_s_patch16_224_classification,242,198,,1000,50,50,50,thin,56,True,6.836817120342759,0.0,0.012312133329889008,0.9669518573985885,6.836817120342759,6.849129253672648,7.816081111071236
xcit_nano_12_p16_224_classification,crossvit_base_240_classification,242,336,,1000,50,50,50,thin,56,True,6.836817120342759,0.0,0.37102536150269394,0.9594203726448649,6.836817120342759,7.207842481845453,8.167262854490318
xcit_nano_12_p16_224_classification,deit_base_patch16_224_classification,242,205,,1000,50,50,50,thin,56,True,6.836817120342759,0.0,0.35638996804999934,0.8960956319834077,6.836817120342759,7.193207088392758,8.089302720376166
xcit_nano_12_p16_224_classification,dino_vitb16_selfsupervised,242,208,,1000,50,50,50,thin,56,True,5.465758129258087,1.3710589910846718,0.6742425504779668,1.1100536549259852,6.836817120342759,6.140000679736054,8.62111332574671
swin_large_patch4_window7_224_classification,jx_nest_tiny_classification,281,148,,1000,50,50,50,thin,56,True,7.338255603045268,0.17707974623511546,0.43351333813441073,1.187854987947607,7.515335349280384,7.771768941179679,9.136703675362401
swin_large_patch4_window7_224_classification,pit_ti_224_classification,281,207,,1000,50,50,50,thin,56,True,7.097515569410529,0.41781977986985464,0.3698121947391142,1.1532242175933334,7.515335349280384,7.467327764149643,9.038371761612831
swin_large_patch4_window7_224_classification,vit_base_patch32_224_classification,281,218,,1000,50,50,50,thin,56,True,6.837939619165086,0.6773957301152977,0.105101346016089,1.0571119305921588,7.515335349280384,6.943040965181175,8.677548625888631
swin_large_patch4_window7_224_classification,vit_base_patch16_224_classification,281,197,,1000,50,50,50,thin,56,True,6.859556374052297,0.6557789752280865,0.10102271694628584,1.1155279961611848,7.515335349280384,6.960579090998583,8.731886062387854
swin_large_patch4_window7_224_classification,tnt_s_patch16_224_classification,281,198,,1000,50,50,50,thin,56,True,6.849129253672648,0.6662060956077358,0.0,1.0671651919614566,7.515335349280384,6.849129253672648,8.58250054124184
swin_large_patch4_window7_224_classification,crossvit_base_240_classification,281,336,,1000,50,50,50,thin,56,True,7.046419016662704,0.4689163326176793,0.16142346518274842,1.0773725128155016,7.515335349280384,7.207842481845453,8.754131327278634
swin_large_patch4_window7_224_classification,deit_base_patch16_224_classification,281,205,,1000,50,50,50,thin,56,True,7.0713098656747215,0.4440254836056621,0.1218972227180366,1.087565912233658,7.515335349280384,7.193207088392758,8.724798484232078
swin_large_patch4_window7_224_classification,dino_vitb16_selfsupervised,281,208,,1000,50,50,50,thin,56,True,5.941268605305074,1.57406674397531,0.19873207443098018,1.1290712577291453,7.515335349280384,6.140000679736054,8.843138681440509
jx_nest_tiny_classification,pit_ti_224_classification,148,207,,1000,50,50,50,thin,56,True,7.467327764149643,0.3044411770300375,0.0,0.7411579476303158,7.771768941179681,7.467327764149643,8.512926888809996
jx_nest_tiny_classification,vit_base_patch32_224_classification,148,218,,1000,50,50,50,thin,56,True,6.943040965181175,0.8287279759985058,0.0,0.8978668677909782,7.771768941179681,6.943040965181175,8.669635808970659
jx_nest_tiny_classification,vit_base_patch16_224_classification,148,197,,1000,50,50,50,thin,56,True,6.960579090998583,0.8111898501810977,0.0,0.5690318985847513,7.771768941179681,6.960579090998583,8.340800839764432
jx_nest_tiny_classification,tnt_s_patch16_224_classification,148,198,,1000,50,50,50,thin,56,True,6.849129253672648,0.9226396875070328,0.0,0.5322823959428051,7.771768941179681,6.849129253672648,8.304051337122486
jx_nest_tiny_classification,crossvit_base_240_classification,148,336,,1000,50,50,50,thin,56,True,7.207842481845453,0.5639264593342279,0.0,0.6944843025875622,7.771768941179681,7.207842481845453,8.466253243767243
jx_nest_tiny_classification,deit_base_patch16_224_classification,148,205,,1000,50,50,50,thin,56,True,7.193207088392758,0.5785618527869225,0.0,0.5501814453093905,7.771768941179681,7.193207088392758,8.321950386489071
jx_nest_tiny_classification,dino_vitb16_selfsupervised,148,208,,1000,50,50,50,thin,56,True,6.140000679736054,1.6317682614436269,0.0,1.099077552485027,7.771768941179681,6.140000679736054,8.870846493664708
pit_ti_224_classification,vit_base_patch32_224_classification,207,218,,1000,50,50,50,thin,56,True,6.943040965181175,0.5242867989684523,0.0,0.8610357395641595,7.467327764149627,6.943040965181175,8.328363503713787
pit_ti_224_classification,vit_base_patch16_224_classification,207,197,,1000,50,50,50,thin,56,True,6.960579090998583,0.5067486731510442,0.0,0.5701768018946121,7.467327764149627,6.960579090998583,8.03750456604424
pit_ti_224_classification,tnt_s_patch16_224_classification,207,198,,1000,50,50,50,thin,56,True,6.849129253672648,0.6181985104769794,0.0,0.6841753181782027,7.467327764149627,6.849129253672648,8.15150308232783
pit_ti_224_classification,crossvit_base_240_classification,207,336,,1000,50,50,50,thin,56,True,7.207842481845453,0.25948528230417445,0.0,0.8818308639385313,7.467327764149627,7.207842481845453,8.349158628088158
pit_ti_224_classification,deit_base_patch16_224_classification,207,205,,1000,50,50,50,thin,56,True,7.193207088392758,0.27412067575686905,0.0,0.7324056382956092,7.467327764149627,7.193207088392758,8.199733402445236
pit_ti_224_classification,dino_vitb16_selfsupervised,207,208,,1000,50,50,50,thin,56,True,5.736950632096849,1.7303771320527783,0.40305004763920493,1.1508977728787935,7.467327764149627,6.140000679736054,9.021275584667626
vit_base_patch32_224_classification,vit_base_patch16_224_classification,218,197,,1000,50,50,50,thin,56,True,6.94304096518118,0.0,0.017538125817402772,0.8992621424353358,6.94304096518118,6.960579090998583,7.859841233433919
vit_base_patch32_224_classification,tnt_s_patch16_224_classification,218,198,,1000,50,50,50,thin,56,True,6.849129253672648,0.09391171150853239,0.0,0.9306322269984415,6.94304096518118,6.849129253672648,7.873673192179622
vit_base_patch32_224_classification,crossvit_base_240_classification,218,336,,1000,50,50,50,thin,56,True,6.94304096518118,0.0,0.26480151666427254,1.035432155724716,6.94304096518118,7.207842481845453,8.243274637570169
vit_base_patch32_224_classification,deit_base_patch16_224_classification,218,205,,1000,50,50,50,thin,56,True,6.94304096518118,0.0,0.25016612321157794,1.0077314070883885,6.94304096518118,7.193207088392758,8.200938495481147
vit_base_patch32_224_classification,dino_vitb16_selfsupervised,218,208,,1000,50,50,50,thin,56,True,5.719542040928832,1.2234989242523486,0.42045863880722223,1.1107198718025026,6.94304096518118,6.140000679736054,8.474219475790905
vit_base_patch16_224_classification,tnt_s_patch16_224_classification,197,198,,1000,50,50,50,thin,56,True,6.849129253672648,0.11144983732593872,0.0,0.8695684264299883,6.9605790909985865,6.849129253672648,7.830147517428575
vit_base_patch16_224_classification,crossvit_base_240_classification,197,336,,1000,50,50,50,thin,56,True,6.9605790909985865,0.0,0.24726339084686622,0.867061625707243,6.9605790909985865,7.207842481845453,8.074904107552696
vit_base_patch16_224_classification,deit_base_patch16_224_classification,197,205,,1000,50,50,50,thin,56,True,6.9605790909985865,0.0,0.23262799739417162,0.8225403333238299,6.9605790909985865,7.193207088392758,8.015747421716588
vit_base_patch16_224_classification,dino_vitb16_selfsupervised,197,208,,1000,50,50,50,thin,56,True,5.685188099012647,1.2753909919859394,0.4548125807234067,1.13190903011429,6.9605790909985865,6.140000679736054,8.547300701836283
tnt_s_patch16_224_classification,crossvit_base_240_classification,198,336,,1000,50,50,50,thin,56,True,6.8491292536726425,0.0,0.35871322817281026,0.8270499636994026,6.8491292536726425,7.207842481845453,8.034892445544855
tnt_s_patch16_224_classification,deit_base_patch16_224_classification,198,205,,1000,50,50,50,thin,56,True,6.8491292536726425,0.0,0.34407783472011566,0.7586371587052794,6.8491292536726425,7.193207088392758,7.9518442470980375
tnt_s_patch16_224_classification,dino_vitb16_selfsupervised,198,208,,1000,50,50,50,thin,56,True,5.584113131628639,1.2650161220440035,0.5558875481074148,1.0661987506305781,6.8491292536726425,6.140000679736054,8.471215552410635
crossvit_base_240_classification,deit_base_patch16_224_classification,336,205,,1000,50,50,50,thin,56,True,7.193207088392758,0.014635393452691048,0.0,0.7180597141636005,7.207842481845449,7.193207088392758,7.92590219600905
crossvit_base_240_classification,dino_vitb16_selfsupervised,336,208,,1000,50,50,50,thin,56,True,5.983434467556724,1.2244080142887253,0.15656621217932987,1.1098022725368795,7.207842481845449,6.140000679736054,8.474210966561659
deit_base_patch16_224_classification,dino_vitb16_selfsupervised,205,208,,1000,50,50,50,thin,56,True,6.048071058133305,1.1451360302594624,0.0919296216027492,1.0804509642417859,7.193207088392767,6.140000679736054,8.365587674237302
