------------------------------------
Fri 17 Jul 2026 12:06:18 IDT
SLURM_JOBID:		19420098
SLURM_JOB_NODELIST:	ise-cpu256-08
SLURM_SCRATCH_DIR:	/scratch/ohadshee/19420098
Allocated Resouces:	cpu - 4 / mem - 131072 MB / gpu - 
SLURM_GPU_INDEX:	
Running as ohadshee from golan.neuro account with normal QOS
------------------------------------
Running on host: ise-cpu256-08.auth.ad.bgu.ac.il
Job ID: 19420098
CPUs per task: 4
Python path: /home/ohadshee/.conda/envs/pid_env/bin/python
Conda environment: pid_env
Project root directory: /home/ohadshee/Desktop/Partial-Information-Decomposition/external/mayas_project
Using device: cpu

Chosen model: nf_resnet50_classification
Number of images: 73000
Image shape: (425, 425, 3), dtype: uint8
nsdID shape: (73000,), Shared1000 shape: (73000,)
Neural data shape: (10000, 8088)
Image IDs shape: (10000,)
Number of voxels: 8088
Number of projections for SRP: 7894

Loaded target with shape (10000, 8088).
Transformed data shape: (9000, 200)
Transformed data shape after truncion: (9000, 90)
Model options for nf_resnet50_classification: {'model_name': 'nf_resnet50', 'train_type': 'classification', 'train_data': 'imagenet', 'model_source': 'timm', 'call': "get_timm_model('nf_resnet50', pretrained = True)"}
Image transforms for nf_resnet50_classification: Compose(
    Resize(size=(224, 224), interpolation=bicubic, max_size=None, antialias=True)
    MaybeToTensor()
    Normalize(mean=tensor([0.4850, 0.4560, 0.4060]), std=tensor([0.2290, 0.2240, 0.2250]))
)
Loaded model: nf_resnet50_classification
Ordered layers from model: ['ScaledStdConv2d-1', 'MaxPool2d-1', 'ReLU-1', 'Identity-1', 'ScaledStdConv2d-2', 'DownsampleAvg-1', 'ScaledStdConv2d-3', 'ReLU-2', 'ScaledStdConv2d-4', 'ReLU-3', 'ScaledStdConv2d-5', 'Identity-2', 'NormFreeBlock-1', 'ReLU-4', 'ScaledStdConv2d-6', 'ReLU-5', 'ScaledStdConv2d-7', 'ReLU-6', 'ScaledStdConv2d-8', 'Identity-3', 'NormFreeBlock-2', 'ReLU-7', 'ScaledStdConv2d-9', 'ReLU-8', 'ScaledStdConv2d-10', 'ReLU-9', 'ScaledStdConv2d-11', 'Identity-4', 'NormFreeBlock-3', 'ReLU-10', 'AvgPool2d-1', 'ScaledStdConv2d-12', 'DownsampleAvg-2', 'ScaledStdConv2d-13', 'ReLU-11', 'ScaledStdConv2d-14', 'ReLU-12', 'ScaledStdConv2d-15', 'Identity-5', 'NormFreeBlock-4', 'ReLU-13', 'ScaledStdConv2d-16', 'ReLU-14', 'ScaledStdConv2d-17', 'ReLU-15', 'ScaledStdConv2d-18', 'Identity-6', 'NormFreeBlock-5', 'ReLU-16', 'ScaledStdConv2d-19', 'ReLU-17', 'ScaledStdConv2d-20', 'ReLU-18', 'ScaledStdConv2d-21', 'Identity-7', 'NormFreeBlock-6', 'ReLU-19', 'ScaledStdConv2d-22', 'ReLU-20', 'ScaledStdConv2d-23', 'ReLU-21', 'ScaledStdConv2d-24', 'Identity-8', 'NormFreeBlock-7', 'ReLU-22', 'AvgPool2d-2', 'ScaledStdConv2d-25', 'DownsampleAvg-3', 'ScaledStdConv2d-26', 'ReLU-23', 'ScaledStdConv2d-27', 'ReLU-24', 'ScaledStdConv2d-28', 'Identity-9', 'NormFreeBlock-8', 'ReLU-25', 'ScaledStdConv2d-29', 'ReLU-26', 'ScaledStdConv2d-30', 'ReLU-27', 'ScaledStdConv2d-31', 'Identity-10', 'NormFreeBlock-9', 'ReLU-28', 'ScaledStdConv2d-32', 'ReLU-29', 'ScaledStdConv2d-33', 'ReLU-30', 'ScaledStdConv2d-34', 'Identity-11', 'NormFreeBlock-10', 'ReLU-31', 'ScaledStdConv2d-35', 'ReLU-32', 'ScaledStdConv2d-36', 'ReLU-33', 'ScaledStdConv2d-37', 'Identity-12', 'NormFreeBlock-11', 'ReLU-34', 'ScaledStdConv2d-38', 'ReLU-35', 'ScaledStdConv2d-39', 'ReLU-36', 'ScaledStdConv2d-40', 'Identity-13', 'NormFreeBlock-12', 'ReLU-37', 'ScaledStdConv2d-41', 'ReLU-38', 'ScaledStdConv2d-42', 'ReLU-39', 'ScaledStdConv2d-43', 'Identity-14', 'NormFreeBlock-13', 'ReLU-40', 'AvgPool2d-3', 'ScaledStdConv2d-44', 'DownsampleAvg-4', 'ScaledStdConv2d-45', 'ReLU-41', 'ScaledStdConv2d-46', 'ReLU-42', 'ScaledStdConv2d-47', 'Identity-15', 'NormFreeBlock-14', 'ReLU-43', 'ScaledStdConv2d-48', 'ReLU-44', 'ScaledStdConv2d-49', 'ReLU-45', 'ScaledStdConv2d-50', 'Identity-16', 'NormFreeBlock-15', 'ReLU-46', 'ScaledStdConv2d-51', 'ReLU-47', 'ScaledStdConv2d-52', 'ReLU-48', 'ScaledStdConv2d-53', 'Identity-17', 'NormFreeBlock-16', 'Identity-18', 'ReLU-49', 'AdaptiveAvgPool2d-1', 'Flatten-1', 'SelectAdaptivePool2d-1', 'Dropout-1', 'Linear-1', 'Identity-19', 'ClassifierHead-1', 'NormFreeNet-1']
Total number of layers: 152

==================================================
Processing layer: NormFreeBlock-16 from model: nf_resnet50_classification

For model nf_resnet50_classification Layer NormFreeBlock-16: Extracting features for 9000 images in batches of 28...
Feature extraction for model nf_resnet50_classification layer NormFreeBlock-16 completed in 859.29 seconds.
Finding best ridge alphas for 90 target PCs using 100352 features and 9000 samples.
Using alphas: 10^1 to 10^20, 100 values spaced logarithmically.
[Pipeline] ........... (step 1 of 1) Processing ridgecv, total= 7.8min

Selected alpha and cross-validation score for each PC:
Finished finding best ridge alphas for each target PC.✅

PC   1: alpha = 5.21401e+07, CV score = -1551.586823

PC   2: alpha = 2.15443e+07, CV score = -510.981515

PC   3: alpha = 1.38489e+07, CV score = -353.479933

PC   4: alpha = 2.15443e+07, CV score = -209.247959

PC   5: alpha = 2.15443e+07, CV score = -174.752813

PC   6: alpha = 3.3516e+07, CV score = -163.165809

PC   7: alpha = 3.3516e+07, CV score = -144.411901

PC   8: alpha = 1.26186e+08, CV score = -148.492310

PC   9: alpha = 3.3516e+07, CV score = -106.450708

PC  10: alpha = 2.15443e+07, CV score = -88.153812

PC  11: alpha = 5.21401e+07, CV score = -86.094672

PC  12: alpha = 2.15443e+07, CV score = -58.570846

PC  13: alpha = 8.11131e+07, CV score = -93.347856

PC  14: alpha = 5.21401e+07, CV score = -78.326938

PC  15: alpha = 3.3516e+07, CV score = -68.066216

PC  16: alpha = 5.21401e+07, CV score = -73.912126

PC  17: alpha = 5.21401e+07, CV score = -69.274277

PC  18: alpha = 8.11131e+07, CV score = -73.425169

PC  19: alpha = 5.21401e+07, CV score = -62.106157

PC  20: alpha = 8.11131e+07, CV score = -64.054135

PC  21: alpha = 5.21401e+07, CV score = -57.407407

PC  22: alpha = 8.11131e+07, CV score = -57.603619

PC  23: alpha = 5.21401e+07, CV score = -54.136142

PC  24: alpha = 8.11131e+07, CV score = -54.800242

PC  25: alpha = 5.21401e+07, CV score = -51.488219

PC  26: alpha = 8.11131e+07, CV score = -51.778552

PC  27: alpha = 5.21401e+07, CV score = -47.177297

PC  28: alpha = 1.26186e+08, CV score = -47.640532

PC  29: alpha = 8.11131e+07, CV score = -45.951109

PC  30: alpha = 5.21401e+07, CV score = -41.191794

PC  31: alpha = 5.21401e+07, CV score = -39.695617

PC  32: alpha = 5.21401e+07, CV score = -38.149604

PC  33: alpha = 5.21401e+07, CV score = -38.303450

PC  34: alpha = 1.26186e+08, CV score = -38.535762

PC  35: alpha = 5.21401e+07, CV score = -34.841334

PC  36: alpha = 8.11131e+07, CV score = -34.249538

PC  37: alpha = 8.11131e+07, CV score = -34.995525

PC  38: alpha = 5.21401e+07, CV score = -31.639159

PC  39: alpha = 8.11131e+07, CV score = -33.172545

PC  40: alpha = 8.11131e+07, CV score = -30.705926

PC  41: alpha = 1.26186e+08, CV score = -30.510902

PC  42: alpha = 8.11131e+07, CV score = -28.576171

PC  43: alpha = 8.11131e+07, CV score = -28.473723

PC  44: alpha = 1.26186e+08, CV score = -28.627361

PC  45: alpha = 5.21401e+07, CV score = -26.071070

PC  46: alpha = 1.26186e+08, CV score = -28.063234

PC  47: alpha = 5.21401e+07, CV score = -25.637168

PC  48: alpha = 2.15443e+07, CV score = -22.992148

PC  49: alpha = 5.21401e+07, CV score = -24.615111

PC  50: alpha = 8.11131e+07, CV score = -24.139511

PC  51: alpha = 5.21401e+07, CV score = -22.024529

PC  52: alpha = 8.11131e+07, CV score = -23.370912

PC  53: alpha = 5.21401e+07, CV score = -22.242407

PC  54: alpha = 8.11131e+07, CV score = -22.574379

PC  55: alpha = 8.11131e+07, CV score = -21.515992

PC  56: alpha = 5.21401e+07, CV score = -20.335700

PC  57: alpha = 5.21401e+07, CV score = -20.506030

PC  58: alpha = 5.21401e+07, CV score = -19.730362

PC  59: alpha = 1.26186e+08, CV score = -20.370689

PC  60: alpha = 8.11131e+07, CV score = -19.494716

PC  61: alpha = 8.11131e+07, CV score = -19.044075

PC  62: alpha = 5.21401e+07, CV score = -18.239564

PC  63: alpha = 5.21401e+07, CV score = -18.139196

PC  64: alpha = 8.11131e+07, CV score = -17.781511

PC  65: alpha = 3.3516e+07, CV score = -15.417315

PC  66: alpha = 5.21401e+07, CV score = -17.355457

PC  67: alpha = 8.11131e+07, CV score = -17.538742

PC  68: alpha = 1.96304e+08, CV score = -17.426154

PC  69: alpha = 8.11131e+07, CV score = -16.877011

PC  70: alpha = 8.11131e+07, CV score = -16.109494

PC  71: alpha = 8.11131e+07, CV score = -15.916807

PC  72: alpha = 8.11131e+07, CV score = -15.648450

PC  73: alpha = 1.26186e+08, CV score = -15.318113

PC  74: alpha = 8.11131e+07, CV score = -15.316485

PC  75: alpha = 1.26186e+08, CV score = -15.159985

PC  76: alpha = 5.21401e+07, CV score = -14.261342

PC  77: alpha = 5.21401e+07, CV score = -14.066039

PC  78: alpha = 8.11131e+07, CV score = -14.360731

PC  79: alpha = 5.21401e+07, CV score = -13.905836

PC  80: alpha = 8.11131e+07, CV score = -13.740668

PC  81: alpha = 8.11131e+07, CV score = -13.916653

PC  82: alpha = 8.11131e+07, CV score = -13.430477

PC  83: alpha = 8.11131e+07, CV score = -13.243596

PC  84: alpha = 8.11131e+07, CV score = -12.921274

PC  85: alpha = 5.21401e+07, CV score = -12.529412

PC  86: alpha = 1.26186e+08, CV score = -12.738887

PC  87: alpha = 8.11131e+07, CV score = -12.573717

PC  88: alpha = 5.21401e+07, CV score = -12.072668

PC  89: alpha = 5.21401e+07, CV score = -12.139965

PC  90: alpha = 8.11131e+07, CV score = -12.035602

Mean cross-validation score across PCs: -66.338474

======================================================================================

Chosen model: hardcorenas_f_classification
Number of images: 73000
Image shape: (425, 425, 3), dtype: uint8
nsdID shape: (73000,), Shared1000 shape: (73000,)
Neural data shape: (10000, 8088)
Image IDs shape: (10000,)
Number of voxels: 8088
Number of projections for SRP: 7894

Loaded target with shape (10000, 8088).
Transformed data shape: (9000, 200)
Transformed data shape after truncion: (9000, 90)
Model options for hardcorenas_f_classification: {'model_name': 'hardcorenas_f', 'train_type': 'classification', 'train_data': 'imagenet', 'model_source': 'timm', 'call': "get_timm_model('hardcorenas_f', pretrained = True)"}
Image transforms for hardcorenas_f_classification: Compose(
    Resize(size=(224, 224), interpolation=bicubic, max_size=None, antialias=True)
    MaybeToTensor()
    Normalize(mean=tensor([0.4850, 0.4560, 0.4060]), std=tensor([0.2290, 0.2240, 0.2250]))
)
Loaded model: hardcorenas_f_classification
Ordered layers from model: ['Conv2d-1', 'Identity-1', 'Hardswish-1', 'BatchNormAct2d-1', 'Conv2d-2', 'Identity-2', 'ReLU-1', 'BatchNormAct2d-2', 'Identity-3', 'Identity-4', 'Conv2d-3', 'Identity-5', 'Identity-6', 'BatchNormAct2d-3', 'DepthwiseSeparableConv-1', 'Conv2d-4', 'Identity-7', 'ReLU-2', 'BatchNormAct2d-4', 'Conv2d-5', 'Identity-8', 'ReLU-3', 'BatchNormAct2d-5', 'Identity-9', 'Conv2d-6', 'ReLU-4', 'Conv2d-7', 'Hardsigmoid-1', 'SqueezeExcite-1', 'Conv2d-8', 'Identity-10', 'Identity-11', 'BatchNormAct2d-6', 'InvertedResidual-1', 'Conv2d-9', 'Identity-12', 'ReLU-5', 'BatchNormAct2d-7', 'Conv2d-10', 'Identity-13', 'ReLU-6', 'BatchNormAct2d-8', 'Identity-14', 'Conv2d-11', 'ReLU-7', 'Conv2d-12', 'Hardsigmoid-2', 'SqueezeExcite-2', 'Conv2d-13', 'Identity-15', 'Identity-16', 'BatchNormAct2d-9', 'Identity-17', 'InvertedResidual-2', 'Conv2d-14', 'Identity-18', 'ReLU-8', 'BatchNormAct2d-10', 'Conv2d-15', 'Identity-19', 'ReLU-9', 'BatchNormAct2d-11', 'Identity-20', 'Conv2d-16', 'ReLU-10', 'Conv2d-17', 'Hardsigmoid-3', 'SqueezeExcite-3', 'Conv2d-18', 'Identity-21', 'Identity-22', 'BatchNormAct2d-12', 'InvertedResidual-3', 'Conv2d-19', 'Identity-23', 'ReLU-11', 'BatchNormAct2d-13', 'Conv2d-20', 'Identity-24', 'ReLU-12', 'BatchNormAct2d-14', 'Identity-25', 'Conv2d-21', 'ReLU-13', 'Conv2d-22', 'Hardsigmoid-4', 'SqueezeExcite-4', 'Conv2d-23', 'Identity-26', 'Identity-27', 'BatchNormAct2d-15', 'Identity-28', 'InvertedResidual-4', 'Conv2d-24', 'Identity-29', 'Hardswish-2', 'BatchNormAct2d-16', 'Conv2d-25', 'Identity-30', 'Hardswish-3', 'BatchNormAct2d-17', 'Identity-31', 'Conv2d-26', 'ReLU-14', 'Conv2d-27', 'Hardsigmoid-5', 'SqueezeExcite-5', 'Conv2d-28', 'Identity-32', 'Identity-33', 'BatchNormAct2d-18', 'InvertedResidual-5', 'Conv2d-29', 'Identity-34', 'Hardswish-4', 'BatchNormAct2d-19', 'Conv2d-30', 'Identity-35', 'Hardswish-5', 'BatchNormAct2d-20', 'Identity-36', 'Conv2d-31', 'ReLU-15', 'Conv2d-32', 'Hardsigmoid-6', 'SqueezeExcite-6', 'Conv2d-33', 'Identity-37', 'Identity-38', 'BatchNormAct2d-21', 'Identity-39', 'InvertedResidual-6', 'Conv2d-34', 'Identity-40', 'Hardswish-6', 'BatchNormAct2d-22', 'Conv2d-35', 'Identity-41', 'Hardswish-7', 'BatchNormAct2d-23', 'Identity-42', 'Conv2d-36', 'ReLU-16', 'Conv2d-37', 'Hardsigmoid-7', 'SqueezeExcite-7', 'Conv2d-38', 'Identity-43', 'Identity-44', 'BatchNormAct2d-24', 'Identity-45', 'InvertedResidual-7', 'Conv2d-39', 'Identity-46', 'Hardswish-8', 'BatchNormAct2d-25', 'Conv2d-40', 'Identity-47', 'Hardswish-9', 'BatchNormAct2d-26', 'Identity-48', 'Conv2d-41', 'ReLU-17', 'Conv2d-42', 'Hardsigmoid-8', 'SqueezeExcite-8', 'Conv2d-43', 'Identity-49', 'Identity-50', 'BatchNormAct2d-27', 'Identity-51', 'InvertedResidual-8', 'Conv2d-44', 'Identity-52', 'Hardswish-10', 'BatchNormAct2d-28', 'Conv2d-45', 'Identity-53', 'Hardswish-11', 'BatchNormAct2d-29', 'Identity-54', 'Conv2d-46', 'ReLU-18', 'Conv2d-47', 'Hardsigmoid-9', 'SqueezeExcite-9', 'Conv2d-48', 'Identity-55', 'Identity-56', 'BatchNormAct2d-30', 'InvertedResidual-9', 'Conv2d-49', 'Identity-57', 'Hardswish-12', 'BatchNormAct2d-31', 'Conv2d-50', 'Identity-58', 'Hardswish-13', 'BatchNormAct2d-32', 'Identity-59', 'Conv2d-51', 'ReLU-19', 'Conv2d-52', 'Hardsigmoid-10', 'SqueezeExcite-10', 'Conv2d-53', 'Identity-60', 'Identity-61', 'BatchNormAct2d-33', 'Identity-62', 'InvertedResidual-10', 'Conv2d-54', 'Identity-63', 'Hardswish-14', 'BatchNormAct2d-34', 'Conv2d-55', 'Identity-64', 'Hardswish-15', 'BatchNormAct2d-35', 'Identity-65', 'Conv2d-56', 'ReLU-20', 'Conv2d-57', 'Hardsigmoid-11', 'SqueezeExcite-11', 'Conv2d-58', 'Identity-66', 'Identity-67', 'BatchNormAct2d-36', 'Identity-68', 'InvertedResidual-11', 'Conv2d-59', 'Identity-69', 'Hardswish-16', 'BatchNormAct2d-37', 'Conv2d-60', 'Identity-70', 'Hardswish-17', 'BatchNormAct2d-38', 'Identity-71', 'Conv2d-61', 'ReLU-21', 'Conv2d-62', 'Hardsigmoid-12', 'SqueezeExcite-12', 'Conv2d-63', 'Identity-72', 'Identity-73', 'BatchNormAct2d-39', 'Identity-74', 'InvertedResidual-12', 'Conv2d-64', 'Identity-75', 'Hardswish-18', 'BatchNormAct2d-40', 'Conv2d-65', 'Identity-76', 'Hardswish-19', 'BatchNormAct2d-41', 'Identity-77', 'Conv2d-66', 'ReLU-22', 'Conv2d-67', 'Hardsigmoid-13', 'SqueezeExcite-13', 'Conv2d-68', 'Identity-78', 'Identity-79', 'BatchNormAct2d-42', 'InvertedResidual-13', 'Conv2d-69', 'Identity-80', 'Hardswish-20', 'BatchNormAct2d-43', 'Conv2d-70', 'Identity-81', 'Hardswish-21', 'BatchNormAct2d-44', 'Identity-82', 'Conv2d-71', 'ReLU-23', 'Conv2d-72', 'Hardsigmoid-14', 'SqueezeExcite-14', 'Conv2d-73', 'Identity-83', 'Identity-84', 'BatchNormAct2d-45', 'Identity-85', 'InvertedResidual-14', 'Conv2d-74', 'Identity-86', 'Hardswish-22', 'BatchNormAct2d-46', 'Conv2d-75', 'Identity-87', 'Hardswish-23', 'BatchNormAct2d-47', 'Identity-88', 'Conv2d-76', 'ReLU-24', 'Conv2d-77', 'Hardsigmoid-15', 'SqueezeExcite-15', 'Conv2d-78', 'Identity-89', 'Identity-90', 'BatchNormAct2d-48', 'Identity-91', 'InvertedResidual-15', 'Conv2d-79', 'Identity-92', 'Hardswish-24', 'BatchNormAct2d-49', 'Conv2d-80', 'Identity-93', 'Hardswish-25', 'BatchNormAct2d-50', 'Identity-94', 'Conv2d-81', 'ReLU-25', 'Conv2d-82', 'Hardsigmoid-16', 'SqueezeExcite-16', 'Conv2d-83', 'Identity-95', 'Identity-96', 'BatchNormAct2d-51', 'Identity-97', 'InvertedResidual-16', 'Conv2d-84', 'Identity-98', 'Hardswish-26', 'BatchNormAct2d-52', 'Identity-99', 'ConvBnAct-1', 'AdaptiveAvgPool2d-1', 'Identity-100', 'SelectAdaptivePool2d-1', 'Conv2d-85', 'Identity-101', 'Hardswish-27', 'Flatten-1', 'Linear-1', 'MobileNetV3-1']
Total number of layers: 345

==================================================
Processing layer: Conv2d-75 from model: hardcorenas_f_classification

For model hardcorenas_f_classification Layer Conv2d-75: Extracting features for 9000 images in batches of 28...
Feature extraction for model hardcorenas_f_classification layer Conv2d-75 completed in 252.11 seconds.
Finding best ridge alphas for 90 target PCs using 56448 features and 9000 samples.
Using alphas: 10^1 to 10^20, 100 values spaced logarithmically.
[Pipeline] ........... (step 1 of 1) Processing ridgecv, total= 6.4min

Selected alpha and cross-validation score for each PC:
Finished finding best ridge alphas for each target PC.✅

PC   1: alpha = 7564.63, CV score = -1544.651349

PC   2: alpha = 2009.23, CV score = -529.319880

PC   3: alpha = 2009.23, CV score = -360.104123

PC   4: alpha = 1291.55, CV score = -211.285367

PC   5: alpha = 3125.72, CV score = -177.866891

PC   6: alpha = 4862.6, CV score = -164.981222

PC   7: alpha = 3125.72, CV score = -143.724938

PC   8: alpha = 11768.1, CV score = -148.482985

PC   9: alpha = 3125.72, CV score = -105.763551

PC  10: alpha = 3125.72, CV score = -88.977739

PC  11: alpha = 4862.6, CV score = -86.156498

PC  12: alpha = 2009.23, CV score = -58.547066

PC  13: alpha = 11768.1, CV score = -93.830985

PC  14: alpha = 7564.63, CV score = -78.492332

PC  15: alpha = 3125.72, CV score = -67.775625

PC  16: alpha = 7564.63, CV score = -74.303755

PC  17: alpha = 7564.63, CV score = -68.526066

PC  18: alpha = 11768.1, CV score = -73.125423

PC  19: alpha = 4862.6, CV score = -62.028904

PC  20: alpha = 7564.63, CV score = -64.223169

PC  21: alpha = 4862.6, CV score = -57.114057

PC  22: alpha = 7564.63, CV score = -57.695414

PC  23: alpha = 4862.6, CV score = -54.402541

PC  24: alpha = 11768.1, CV score = -54.539575

PC  25: alpha = 4862.6, CV score = -51.793880

PC  26: alpha = 11768.1, CV score = -51.948035

PC  27: alpha = 7564.63, CV score = -47.378052

PC  28: alpha = 11768.1, CV score = -47.637968

PC  29: alpha = 7564.63, CV score = -46.008494

PC  30: alpha = 7564.63, CV score = -40.999201

PC  31: alpha = 4862.6, CV score = -40.095614

PC  32: alpha = 4862.6, CV score = -38.323285

PC  33: alpha = 7564.63, CV score = -38.005226

PC  34: alpha = 11768.1, CV score = -38.597133

PC  35: alpha = 7564.63, CV score = -35.130580

PC  36: alpha = 7564.63, CV score = -34.521613

PC  37: alpha = 11768.1, CV score = -35.023726

PC  38: alpha = 4862.6, CV score = -31.475390

PC  39: alpha = 11768.1, CV score = -33.195474

PC  40: alpha = 7564.63, CV score = -30.669891

PC  41: alpha = 11768.1, CV score = -30.321175

PC  42: alpha = 7564.63, CV score = -28.671952

PC  43: alpha = 7564.63, CV score = -28.556648

PC  44: alpha = 11768.1, CV score = -28.759613

PC  45: alpha = 4862.6, CV score = -26.166958

PC  46: alpha = 18307.4, CV score = -28.037961

PC  47: alpha = 7564.63, CV score = -25.561440

PC  48: alpha = 3125.72, CV score = -22.888488

PC  49: alpha = 7564.63, CV score = -24.441335

PC  50: alpha = 7564.63, CV score = -23.974711

PC  51: alpha = 4862.6, CV score = -21.804858

PC  52: alpha = 7564.63, CV score = -23.432824

PC  53: alpha = 4862.6, CV score = -22.230540

PC  54: alpha = 11768.1, CV score = -22.417808

PC  55: alpha = 7564.63, CV score = -21.637809

PC  56: alpha = 4862.6, CV score = -20.507067

PC  57: alpha = 7564.63, CV score = -20.557627

PC  58: alpha = 7564.63, CV score = -19.862871

PC  59: alpha = 18307.4, CV score = -20.389552

PC  60: alpha = 7564.63, CV score = -19.595092

PC  61: alpha = 7564.63, CV score = -19.042424

PC  62: alpha = 7564.63, CV score = -18.116300

PC  63: alpha = 7564.63, CV score = -18.209794

PC  64: alpha = 7564.63, CV score = -17.939486

PC  65: alpha = 4862.6, CV score = -15.241242

PC  66: alpha = 7564.63, CV score = -17.361394

PC  67: alpha = 11768.1, CV score = -17.513810

PC  68: alpha = 28480.4, CV score = -17.479455

PC  69: alpha = 7564.63, CV score = -16.784972

PC  70: alpha = 7564.63, CV score = -16.171270

PC  71: alpha = 4862.6, CV score = -15.910815

PC  72: alpha = 7564.63, CV score = -15.555618

PC  73: alpha = 11768.1, CV score = -15.383607

PC  74: alpha = 7564.63, CV score = -15.205671

PC  75: alpha = 11768.1, CV score = -15.092337

PC  76: alpha = 7564.63, CV score = -14.367401

PC  77: alpha = 4862.6, CV score = -13.998417

PC  78: alpha = 11768.1, CV score = -14.427140

PC  79: alpha = 7564.63, CV score = -13.992831

PC  80: alpha = 7564.63, CV score = -13.820666

PC  81: alpha = 11768.1, CV score = -14.006807

PC  82: alpha = 7564.63, CV score = -13.457661

PC  83: alpha = 7564.63, CV score = -13.223309

PC  84: alpha = 11768.1, CV score = -12.893302

PC  85: alpha = 7564.63, CV score = -12.479140

PC  86: alpha = 11768.1, CV score = -12.790967

PC  87: alpha = 11768.1, CV score = -12.621031

PC  88: alpha = 7564.63, CV score = -12.137099

PC  89: alpha = 7564.63, CV score = -12.219040

PC  90: alpha = 7564.63, CV score = -12.080207

Mean cross-validation score across PCs: -66.622917

======================================================================================

Chosen model: eca_nfnet_l0_classification
Number of images: 73000
Image shape: (425, 425, 3), dtype: uint8
nsdID shape: (73000,), Shared1000 shape: (73000,)
Neural data shape: (10000, 8088)
Image IDs shape: (10000,)
Number of voxels: 8088
Number of projections for SRP: 7894

Loaded target with shape (10000, 8088).
Transformed data shape: (9000, 200)
Transformed data shape after truncion: (9000, 90)
Model options for eca_nfnet_l0_classification: {'model_name': 'eca_nfnet_l0', 'train_type': 'classification', 'train_data': 'imagenet', 'model_source': 'timm', 'call': "get_timm_model('eca_nfnet_l0', pretrained = True)"}
Image transforms for eca_nfnet_l0_classification: Compose(
    Resize(size=(224, 224), interpolation=bicubic, max_size=None, antialias=True)
    MaybeToTensor()
    Normalize(mean=tensor([0.4850, 0.4560, 0.4060]), std=tensor([0.2290, 0.2240, 0.2250]))
)
Loaded model: eca_nfnet_l0_classification
Ordered layers from model: ['ScaledStdConv2d-1', 'SiLU-1', 'ScaledStdConv2d-2', 'SiLU-2', 'ScaledStdConv2d-3', 'SiLU-3', 'ScaledStdConv2d-4', 'SiLU-4', 'Identity-1', 'ScaledStdConv2d-5', 'DownsampleAvg-1', 'ScaledStdConv2d-6', 'SiLU-5', 'ScaledStdConv2d-7', 'SiLU-6', 'ScaledStdConv2d-8', 'SiLU-7', 'ScaledStdConv2d-9', 'Conv1d-1', 'Sigmoid-1', 'EcaModule-1', 'Identity-2', 'NormFreeBlock-1', 'SiLU-8', 'AvgPool2d-1', 'ScaledStdConv2d-10', 'DownsampleAvg-2', 'ScaledStdConv2d-11', 'SiLU-9', 'ScaledStdConv2d-12', 'SiLU-10', 'ScaledStdConv2d-13', 'SiLU-11', 'ScaledStdConv2d-14', 'Conv1d-2', 'Sigmoid-2', 'EcaModule-2', 'Identity-3', 'NormFreeBlock-2', 'SiLU-12', 'ScaledStdConv2d-15', 'SiLU-13', 'ScaledStdConv2d-16', 'SiLU-14', 'ScaledStdConv2d-17', 'SiLU-15', 'ScaledStdConv2d-18', 'Conv1d-3', 'Sigmoid-3', 'EcaModule-3', 'Identity-4', 'NormFreeBlock-3', 'SiLU-16', 'AvgPool2d-2', 'ScaledStdConv2d-19', 'DownsampleAvg-3', 'ScaledStdConv2d-20', 'SiLU-17', 'ScaledStdConv2d-21', 'SiLU-18', 'ScaledStdConv2d-22', 'SiLU-19', 'ScaledStdConv2d-23', 'Conv1d-4', 'Sigmoid-4', 'EcaModule-4', 'Identity-5', 'NormFreeBlock-4', 'SiLU-20', 'ScaledStdConv2d-24', 'SiLU-21', 'ScaledStdConv2d-25', 'SiLU-22', 'ScaledStdConv2d-26', 'SiLU-23', 'ScaledStdConv2d-27', 'Conv1d-5', 'Sigmoid-5', 'EcaModule-5', 'Identity-6', 'NormFreeBlock-5', 'SiLU-24', 'ScaledStdConv2d-28', 'SiLU-25', 'ScaledStdConv2d-29', 'SiLU-26', 'ScaledStdConv2d-30', 'SiLU-27', 'ScaledStdConv2d-31', 'Conv1d-6', 'Sigmoid-6', 'EcaModule-6', 'Identity-7', 'NormFreeBlock-6', 'SiLU-28', 'ScaledStdConv2d-32', 'SiLU-29', 'ScaledStdConv2d-33', 'SiLU-30', 'ScaledStdConv2d-34', 'SiLU-31', 'ScaledStdConv2d-35', 'Conv1d-7', 'Sigmoid-7', 'EcaModule-7', 'Identity-8', 'NormFreeBlock-7', 'SiLU-32', 'ScaledStdConv2d-36', 'SiLU-33', 'ScaledStdConv2d-37', 'SiLU-34', 'ScaledStdConv2d-38', 'SiLU-35', 'ScaledStdConv2d-39', 'Conv1d-8', 'Sigmoid-8', 'EcaModule-8', 'Identity-9', 'NormFreeBlock-8', 'SiLU-36', 'ScaledStdConv2d-40', 'SiLU-37', 'ScaledStdConv2d-41', 'SiLU-38', 'ScaledStdConv2d-42', 'SiLU-39', 'ScaledStdConv2d-43', 'Conv1d-9', 'Sigmoid-9', 'EcaModule-9', 'Identity-10', 'NormFreeBlock-9', 'SiLU-40', 'AvgPool2d-3', 'ScaledStdConv2d-44', 'DownsampleAvg-4', 'ScaledStdConv2d-45', 'SiLU-41', 'ScaledStdConv2d-46', 'SiLU-42', 'ScaledStdConv2d-47', 'SiLU-43', 'ScaledStdConv2d-48', 'Conv1d-10', 'Sigmoid-10', 'EcaModule-10', 'Identity-11', 'NormFreeBlock-10', 'SiLU-44', 'ScaledStdConv2d-49', 'SiLU-45', 'ScaledStdConv2d-50', 'SiLU-46', 'ScaledStdConv2d-51', 'SiLU-47', 'ScaledStdConv2d-52', 'Conv1d-11', 'Sigmoid-11', 'EcaModule-11', 'Identity-12', 'NormFreeBlock-11', 'SiLU-48', 'ScaledStdConv2d-53', 'SiLU-49', 'ScaledStdConv2d-54', 'SiLU-50', 'ScaledStdConv2d-55', 'SiLU-51', 'ScaledStdConv2d-56', 'Conv1d-12', 'Sigmoid-12', 'EcaModule-12', 'Identity-13', 'NormFreeBlock-12', 'ScaledStdConv2d-57', 'SiLU-52', 'AdaptiveAvgPool2d-1', 'Flatten-1', 'SelectAdaptivePool2d-1', 'Dropout-1', 'Linear-1', 'Identity-14', 'ClassifierHead-1', 'NormFreeNet-1']
Total number of layers: 185

==================================================
Processing layer: AvgPool2d-3 from model: eca_nfnet_l0_classification

For model eca_nfnet_l0_classification Layer AvgPool2d-3: Extracting features for 9000 images in batches of 28...
Feature extraction for model eca_nfnet_l0_classification layer AvgPool2d-3 completed in 786.65 seconds.
Finding best ridge alphas for 90 target PCs using 75264 features and 9000 samples.
Using alphas: 10^1 to 10^20, 100 values spaced logarithmically.
[Pipeline] ........... (step 1 of 1) Processing ridgecv, total= 6.2min

Selected alpha and cross-validation score for each PC:
Finished finding best ridge alphas for each target PC.✅

PC   1: alpha = 259502, CV score = -1539.564866

PC   2: alpha = 68926.1, CV score = -498.968376

PC   3: alpha = 68926.1, CV score = -337.654879

PC   4: alpha = 68926.1, CV score = -199.723810

PC   5: alpha = 107227, CV score = -171.031610

PC   6: alpha = 107227, CV score = -161.210706

PC   7: alpha = 166810, CV score = -141.486966

PC   8: alpha = 403702, CV score = -148.162913

PC   9: alpha = 166810, CV score = -103.183399

PC  10: alpha = 107227, CV score = -86.348196

PC  11: alpha = 107227, CV score = -84.675800

PC  12: alpha = 68926.1, CV score = -56.742157

PC  13: alpha = 259502, CV score = -92.809529

PC  14: alpha = 166810, CV score = -77.184968

PC  15: alpha = 107227, CV score = -66.671994

PC  16: alpha = 166810, CV score = -73.148354

PC  17: alpha = 166810, CV score = -67.595806

PC  18: alpha = 259502, CV score = -72.681290

PC  19: alpha = 166810, CV score = -60.708485

PC  20: alpha = 259502, CV score = -63.862102

PC  21: alpha = 166810, CV score = -57.035630

PC  22: alpha = 166810, CV score = -56.868248

PC  23: alpha = 166810, CV score = -53.845646

PC  24: alpha = 259502, CV score = -54.126604

PC  25: alpha = 166810, CV score = -50.497307

PC  26: alpha = 403702, CV score = -51.721115

PC  27: alpha = 166810, CV score = -46.604982

PC  28: alpha = 403702, CV score = -47.600477

PC  29: alpha = 259502, CV score = -45.322249

PC  30: alpha = 166810, CV score = -40.722459

PC  31: alpha = 166810, CV score = -39.481578

PC  32: alpha = 166810, CV score = -37.715446

PC  33: alpha = 166810, CV score = -37.926294

PC  34: alpha = 403702, CV score = -38.455407

PC  35: alpha = 259502, CV score = -34.750124

PC  36: alpha = 259502, CV score = -34.444402

PC  37: alpha = 259502, CV score = -34.792720

PC  38: alpha = 166810, CV score = -31.121222

PC  39: alpha = 259502, CV score = -32.774868

PC  40: alpha = 166810, CV score = -30.437666

PC  41: alpha = 259502, CV score = -30.105045

PC  42: alpha = 259502, CV score = -28.350843

PC  43: alpha = 259502, CV score = -28.563375

PC  44: alpha = 403702, CV score = -28.620595

PC  45: alpha = 166810, CV score = -25.980678

PC  46: alpha = 403702, CV score = -27.926399

PC  47: alpha = 259502, CV score = -25.546561

PC  48: alpha = 107227, CV score = -22.453229

PC  49: alpha = 166810, CV score = -24.268505

PC  50: alpha = 259502, CV score = -23.870848

PC  51: alpha = 259502, CV score = -21.926726

PC  52: alpha = 259502, CV score = -23.394245

PC  53: alpha = 166810, CV score = -21.803999

PC  54: alpha = 259502, CV score = -22.295056

PC  55: alpha = 259502, CV score = -21.408339

PC  56: alpha = 166810, CV score = -20.193109

PC  57: alpha = 259502, CV score = -20.202627

PC  58: alpha = 166810, CV score = -19.675367

PC  59: alpha = 403702, CV score = -20.283815

PC  60: alpha = 259502, CV score = -19.507411

PC  61: alpha = 259502, CV score = -18.920405

PC  62: alpha = 166810, CV score = -17.981525

PC  63: alpha = 259502, CV score = -17.944184

PC  64: alpha = 259502, CV score = -17.719481

PC  65: alpha = 166810, CV score = -14.815685

PC  66: alpha = 259502, CV score = -17.264873

PC  67: alpha = 259502, CV score = -17.415068

PC  68: alpha = 628029, CV score = -17.403409

PC  69: alpha = 259502, CV score = -16.737604

PC  70: alpha = 259502, CV score = -16.047468

PC  71: alpha = 259502, CV score = -15.642049

PC  72: alpha = 259502, CV score = -15.528649

PC  73: alpha = 403702, CV score = -15.280201

PC  74: alpha = 259502, CV score = -15.121248

PC  75: alpha = 403702, CV score = -15.029208

PC  76: alpha = 166810, CV score = -14.062172

PC  77: alpha = 259502, CV score = -13.947165

PC  78: alpha = 403702, CV score = -14.278432

PC  79: alpha = 166810, CV score = -13.821048

PC  80: alpha = 259502, CV score = -13.668426

PC  81: alpha = 403702, CV score = -13.939304

PC  82: alpha = 259502, CV score = -13.392044

PC  83: alpha = 259502, CV score = -13.178812

PC  84: alpha = 259502, CV score = -12.879000

PC  85: alpha = 259502, CV score = -12.448279

PC  86: alpha = 403702, CV score = -12.714964

PC  87: alpha = 259502, CV score = -12.475596

PC  88: alpha = 259502, CV score = -11.992622

PC  89: alpha = 166810, CV score = -12.082835

PC  90: alpha = 259502, CV score = -12.027378

Mean cross-validation score across PCs: -65.353295

======================================================================================

Chosen model: resnet50_classification
Number of images: 73000
Image shape: (425, 425, 3), dtype: uint8
nsdID shape: (73000,), Shared1000 shape: (73000,)
Neural data shape: (10000, 8088)
Image IDs shape: (10000,)
Number of voxels: 8088
Number of projections for SRP: 7894

Loaded target with shape (10000, 8088).
Transformed data shape: (9000, 200)
Transformed data shape after truncion: (9000, 90)
Model options for resnet50_classification: {'model_name': 'resnet50', 'train_type': 'classification', 'train_data': 'imagenet', 'model_source': 'torchvision', 'call': "get_torchvision_model('models.resnet50', True)"}
Image transforms for resnet50_classification: Compose(
    Resize(size=(224, 224), interpolation=bilinear, max_size=None, antialias=True)
    ToTensor()
    Normalize(mean=[0.485, 0.456, 0.406], std=[0.229, 0.224, 0.225])
)
Loaded model: resnet50_classification
Ordered layers from model: ['Conv2d-1', 'BatchNorm2d-1', 'ReLU-1', 'MaxPool2d-1', 'Conv2d-2', 'BatchNorm2d-2', 'ReLU-2', 'Conv2d-3', 'BatchNorm2d-3', 'ReLU-3', 'Conv2d-4', 'BatchNorm2d-4', 'Conv2d-5', 'BatchNorm2d-5', 'ReLU-4', 'Bottleneck-1', 'Conv2d-6', 'BatchNorm2d-6', 'ReLU-5', 'Conv2d-7', 'BatchNorm2d-7', 'ReLU-6', 'Conv2d-8', 'BatchNorm2d-8', 'ReLU-7', 'Bottleneck-2', 'Conv2d-9', 'BatchNorm2d-9', 'ReLU-8', 'Conv2d-10', 'BatchNorm2d-10', 'ReLU-9', 'Conv2d-11', 'BatchNorm2d-11', 'ReLU-10', 'Bottleneck-3', 'Conv2d-12', 'BatchNorm2d-12', 'ReLU-11', 'Conv2d-13', 'BatchNorm2d-13', 'ReLU-12', 'Conv2d-14', 'BatchNorm2d-14', 'Conv2d-15', 'BatchNorm2d-15', 'ReLU-13', 'Bottleneck-4', 'Conv2d-16', 'BatchNorm2d-16', 'ReLU-14', 'Conv2d-17', 'BatchNorm2d-17', 'ReLU-15', 'Conv2d-18', 'BatchNorm2d-18', 'ReLU-16', 'Bottleneck-5', 'Conv2d-19', 'BatchNorm2d-19', 'ReLU-17', 'Conv2d-20', 'BatchNorm2d-20', 'ReLU-18', 'Conv2d-21', 'BatchNorm2d-21', 'ReLU-19', 'Bottleneck-6', 'Conv2d-22', 'BatchNorm2d-22', 'ReLU-20', 'Conv2d-23', 'BatchNorm2d-23', 'ReLU-21', 'Conv2d-24', 'BatchNorm2d-24', 'ReLU-22', 'Bottleneck-7', 'Conv2d-25', 'BatchNorm2d-25', 'ReLU-23', 'Conv2d-26', 'BatchNorm2d-26', 'ReLU-24', 'Conv2d-27', 'BatchNorm2d-27', 'Conv2d-28', 'BatchNorm2d-28', 'ReLU-25', 'Bottleneck-8', 'Conv2d-29', 'BatchNorm2d-29', 'ReLU-26', 'Conv2d-30', 'BatchNorm2d-30', 'ReLU-27', 'Conv2d-31', 'BatchNorm2d-31', 'ReLU-28', 'Bottleneck-9', 'Conv2d-32', 'BatchNorm2d-32', 'ReLU-29', 'Conv2d-33', 'BatchNorm2d-33', 'ReLU-30', 'Conv2d-34', 'BatchNorm2d-34', 'ReLU-31', 'Bottleneck-10', 'Conv2d-35', 'BatchNorm2d-35', 'ReLU-32', 'Conv2d-36', 'BatchNorm2d-36', 'ReLU-33', 'Conv2d-37', 'BatchNorm2d-37', 'ReLU-34', 'Bottleneck-11', 'Conv2d-38', 'BatchNorm2d-38', 'ReLU-35', 'Conv2d-39', 'BatchNorm2d-39', 'ReLU-36', 'Conv2d-40', 'BatchNorm2d-40', 'ReLU-37', 'Bottleneck-12', 'Conv2d-41', 'BatchNorm2d-41', 'ReLU-38', 'Conv2d-42', 'BatchNorm2d-42', 'ReLU-39', 'Conv2d-43', 'BatchNorm2d-43', 'ReLU-40', 'Bottleneck-13', 'Conv2d-44', 'BatchNorm2d-44', 'ReLU-41', 'Conv2d-45', 'BatchNorm2d-45', 'ReLU-42', 'Conv2d-46', 'BatchNorm2d-46', 'Conv2d-47', 'BatchNorm2d-47', 'ReLU-43', 'Bottleneck-14', 'Conv2d-48', 'BatchNorm2d-48', 'ReLU-44', 'Conv2d-49', 'BatchNorm2d-49', 'ReLU-45', 'Conv2d-50', 'BatchNorm2d-50', 'ReLU-46', 'Bottleneck-15', 'Conv2d-51', 'BatchNorm2d-51', 'ReLU-47', 'Conv2d-52', 'BatchNorm2d-52', 'ReLU-48', 'Conv2d-53', 'BatchNorm2d-53', 'ReLU-49', 'Bottleneck-16', 'AdaptiveAvgPool2d-1', 'Linear-1', 'ResNet-1']
Total number of layers: 175

==================================================
Processing layer: BatchNorm2d-49 from model: resnet50_classification

For model resnet50_classification Layer BatchNorm2d-49: Extracting features for 9000 images in batches of 28...
Feature extraction for model resnet50_classification layer BatchNorm2d-49 completed in 662.28 seconds.
Finding best ridge alphas for 90 target PCs using 25088 features and 9000 samples.
Using alphas: 10^1 to 10^20, 100 values spaced logarithmically.
[Pipeline] ........... (step 1 of 1) Processing ridgecv, total= 2.8min

Selected alpha and cross-validation score for each PC:
Finished finding best ridge alphas for each target PC.✅

PC   1: alpha = 11768.1, CV score = -1562.687031

PC   2: alpha = 4862.6, CV score = -555.759701

PC   3: alpha = 3125.72, CV score = -384.305807

PC   4: alpha = 3125.72, CV score = -222.020992

PC   5: alpha = 4862.6, CV score = -181.560632

PC   6: alpha = 7564.63, CV score = -164.416893

PC   7: alpha = 4862.6, CV score = -147.418224

PC   8: alpha = 18307.4, CV score = -148.737240

PC   9: alpha = 4862.6, CV score = -108.130785

PC  10: alpha = 4862.6, CV score = -89.613767

PC  11: alpha = 7564.63, CV score = -87.306460

PC  12: alpha = 3125.72, CV score = -60.916163

PC  13: alpha = 18307.4, CV score = -93.596019

PC  14: alpha = 7564.63, CV score = -78.894458

PC  15: alpha = 7564.63, CV score = -68.418287

PC  16: alpha = 7564.63, CV score = -74.423882

PC  17: alpha = 11768.1, CV score = -69.678237

PC  18: alpha = 18307.4, CV score = -73.408283

PC  19: alpha = 7564.63, CV score = -62.748714

PC  20: alpha = 11768.1, CV score = -64.682161

PC  21: alpha = 7564.63, CV score = -58.028078

PC  22: alpha = 11768.1, CV score = -57.644633

PC  23: alpha = 7564.63, CV score = -54.695150

PC  24: alpha = 11768.1, CV score = -54.825790

PC  25: alpha = 7564.63, CV score = -52.076760

PC  26: alpha = 18307.4, CV score = -51.688703

PC  27: alpha = 11768.1, CV score = -47.334104

PC  28: alpha = 18307.4, CV score = -47.694841

PC  29: alpha = 11768.1, CV score = -46.132248

PC  30: alpha = 7564.63, CV score = -41.358960

PC  31: alpha = 7564.63, CV score = -40.277032

PC  32: alpha = 7564.63, CV score = -38.412592

PC  33: alpha = 11768.1, CV score = -38.335026

PC  34: alpha = 11768.1, CV score = -38.682706

PC  35: alpha = 11768.1, CV score = -35.353471

PC  36: alpha = 18307.4, CV score = -34.646347

PC  37: alpha = 18307.4, CV score = -35.125912

PC  38: alpha = 7564.63, CV score = -31.901528

PC  39: alpha = 11768.1, CV score = -33.232681

PC  40: alpha = 7564.63, CV score = -30.763065

PC  41: alpha = 18307.4, CV score = -30.571593

PC  42: alpha = 7564.63, CV score = -28.618860

PC  43: alpha = 11768.1, CV score = -28.727078

PC  44: alpha = 18307.4, CV score = -28.690013

PC  45: alpha = 7564.63, CV score = -26.491824

PC  46: alpha = 18307.4, CV score = -27.962661

PC  47: alpha = 11768.1, CV score = -25.677396

PC  48: alpha = 4862.6, CV score = -23.354073

PC  49: alpha = 11768.1, CV score = -24.708403

PC  50: alpha = 11768.1, CV score = -24.281326

PC  51: alpha = 7564.63, CV score = -22.223264

PC  52: alpha = 18307.4, CV score = -23.502160

PC  53: alpha = 7564.63, CV score = -22.343922

PC  54: alpha = 11768.1, CV score = -22.555331

PC  55: alpha = 18307.4, CV score = -21.596145

PC  56: alpha = 7564.63, CV score = -20.474915

PC  57: alpha = 11768.1, CV score = -20.690305

PC  58: alpha = 11768.1, CV score = -19.986389

PC  59: alpha = 28480.4, CV score = -20.436523

PC  60: alpha = 11768.1, CV score = -19.573564

PC  61: alpha = 11768.1, CV score = -19.172346

PC  62: alpha = 11768.1, CV score = -18.316483

PC  63: alpha = 11768.1, CV score = -18.228260

PC  64: alpha = 11768.1, CV score = -18.011404

PC  65: alpha = 4862.6, CV score = -15.490602

PC  66: alpha = 11768.1, CV score = -17.422592

PC  67: alpha = 18307.4, CV score = -17.551326

PC  68: alpha = 28480.4, CV score = -17.459508

PC  69: alpha = 11768.1, CV score = -16.868024

PC  70: alpha = 18307.4, CV score = -16.233867

PC  71: alpha = 7564.63, CV score = -15.939525

PC  72: alpha = 11768.1, CV score = -15.599547

PC  73: alpha = 11768.1, CV score = -15.411425

PC  74: alpha = 18307.4, CV score = -15.406822

PC  75: alpha = 18307.4, CV score = -15.198062

PC  76: alpha = 11768.1, CV score = -14.335102

PC  77: alpha = 7564.63, CV score = -14.070225

PC  78: alpha = 18307.4, CV score = -14.390216

PC  79: alpha = 11768.1, CV score = -14.043951

PC  80: alpha = 11768.1, CV score = -13.896942

PC  81: alpha = 18307.4, CV score = -13.963949

PC  82: alpha = 18307.4, CV score = -13.436511

PC  83: alpha = 18307.4, CV score = -13.344512

PC  84: alpha = 11768.1, CV score = -12.906793

PC  85: alpha = 11768.1, CV score = -12.585391

PC  86: alpha = 18307.4, CV score = -12.776995

PC  87: alpha = 18307.4, CV score = -12.641676

PC  88: alpha = 11768.1, CV score = -12.079289

PC  89: alpha = 18307.4, CV score = -12.267306

PC  90: alpha = 11768.1, CV score = -12.037721

Mean cross-validation score across PCs: -67.783172

======================================================================================

Chosen model: semnasnet_100_classification
Number of images: 73000
Image shape: (425, 425, 3), dtype: uint8
nsdID shape: (73000,), Shared1000 shape: (73000,)
Neural data shape: (10000, 8088)
Image IDs shape: (10000,)
Number of voxels: 8088
Number of projections for SRP: 7894

Loaded target with shape (10000, 8088).
Transformed data shape: (9000, 200)
Transformed data shape after truncion: (9000, 90)
Model options for semnasnet_100_classification: {'model_name': 'semnasnet_100', 'train_type': 'classification', 'train_data': 'imagenet', 'model_source': 'timm', 'call': "get_timm_model('semnasnet_100', pretrained = True)"}
Image transforms for semnasnet_100_classification: Compose(
    Resize(size=(224, 224), interpolation=bicubic, max_size=None, antialias=True)
    MaybeToTensor()
    Normalize(mean=tensor([0.4850, 0.4560, 0.4060]), std=tensor([0.2290, 0.2240, 0.2250]))
)
Loaded model: semnasnet_100_classification
Ordered layers from model: ['Conv2d-1', 'Identity-1', 'ReLU-1', 'BatchNormAct2d-1', 'Conv2d-2', 'Identity-2', 'ReLU-2', 'BatchNormAct2d-2', 'Identity-3', 'Identity-4', 'Conv2d-3', 'Identity-5', 'Identity-6', 'BatchNormAct2d-3', 'DepthwiseSeparableConv-1', 'Conv2d-4', 'Identity-7', 'ReLU-3', 'BatchNormAct2d-4', 'Conv2d-5', 'Identity-8', 'ReLU-4', 'BatchNormAct2d-5', 'Identity-9', 'Identity-10', 'Conv2d-6', 'Identity-11', 'Identity-12', 'BatchNormAct2d-6', 'InvertedResidual-1', 'Conv2d-7', 'Identity-13', 'ReLU-5', 'BatchNormAct2d-7', 'Conv2d-8', 'Identity-14', 'ReLU-6', 'BatchNormAct2d-8', 'Identity-15', 'Identity-16', 'Conv2d-9', 'Identity-17', 'Identity-18', 'BatchNormAct2d-9', 'Identity-19', 'InvertedResidual-2', 'Conv2d-10', 'Identity-20', 'ReLU-7', 'BatchNormAct2d-10', 'Conv2d-11', 'Identity-21', 'ReLU-8', 'BatchNormAct2d-11', 'Identity-22', 'Conv2d-12', 'ReLU-9', 'Conv2d-13', 'Sigmoid-1', 'SqueezeExcite-1', 'Conv2d-14', 'Identity-23', 'Identity-24', 'BatchNormAct2d-12', 'InvertedResidual-3', 'Conv2d-15', 'Identity-25', 'ReLU-10', 'BatchNormAct2d-13', 'Conv2d-16', 'Identity-26', 'ReLU-11', 'BatchNormAct2d-14', 'Identity-27', 'Conv2d-17', 'ReLU-12', 'Conv2d-18', 'Sigmoid-2', 'SqueezeExcite-2', 'Conv2d-19', 'Identity-28', 'Identity-29', 'BatchNormAct2d-15', 'Identity-30', 'InvertedResidual-4', 'Conv2d-20', 'Identity-31', 'ReLU-13', 'BatchNormAct2d-16', 'Conv2d-21', 'Identity-32', 'ReLU-14', 'BatchNormAct2d-17', 'Identity-33', 'Conv2d-22', 'ReLU-15', 'Conv2d-23', 'Sigmoid-3', 'SqueezeExcite-3', 'Conv2d-24', 'Identity-34', 'Identity-35', 'BatchNormAct2d-18', 'Identity-36', 'InvertedResidual-5', 'Conv2d-25', 'Identity-37', 'ReLU-16', 'BatchNormAct2d-19', 'Conv2d-26', 'Identity-38', 'ReLU-17', 'BatchNormAct2d-20', 'Identity-39', 'Identity-40', 'Conv2d-27', 'Identity-41', 'Identity-42', 'BatchNormAct2d-21', 'InvertedResidual-6', 'Conv2d-28', 'Identity-43', 'ReLU-18', 'BatchNormAct2d-22', 'Conv2d-29', 'Identity-44', 'ReLU-19', 'BatchNormAct2d-23', 'Identity-45', 'Identity-46', 'Conv2d-30', 'Identity-47', 'Identity-48', 'BatchNormAct2d-24', 'Identity-49', 'InvertedResidual-7', 'Conv2d-31', 'Identity-50', 'ReLU-20', 'BatchNormAct2d-25', 'Conv2d-32', 'Identity-51', 'ReLU-21', 'BatchNormAct2d-26', 'Identity-52', 'Identity-53', 'Conv2d-33', 'Identity-54', 'Identity-55', 'BatchNormAct2d-27', 'Identity-56', 'InvertedResidual-8', 'Conv2d-34', 'Identity-57', 'ReLU-22', 'BatchNormAct2d-28', 'Conv2d-35', 'Identity-58', 'ReLU-23', 'BatchNormAct2d-29', 'Identity-59', 'Identity-60', 'Conv2d-36', 'Identity-61', 'Identity-62', 'BatchNormAct2d-30', 'Identity-63', 'InvertedResidual-9', 'Conv2d-37', 'Identity-64', 'ReLU-24', 'BatchNormAct2d-31', 'Conv2d-38', 'Identity-65', 'ReLU-25', 'BatchNormAct2d-32', 'Identity-66', 'Conv2d-39', 'ReLU-26', 'Conv2d-40', 'Sigmoid-4', 'SqueezeExcite-4', 'Conv2d-41', 'Identity-67', 'Identity-68', 'BatchNormAct2d-33', 'InvertedResidual-10', 'Conv2d-42', 'Identity-69', 'ReLU-27', 'BatchNormAct2d-34', 'Conv2d-43', 'Identity-70', 'ReLU-28', 'BatchNormAct2d-35', 'Identity-71', 'Conv2d-44', 'ReLU-29', 'Conv2d-45', 'Sigmoid-5', 'SqueezeExcite-5', 'Conv2d-46', 'Identity-72', 'Identity-73', 'BatchNormAct2d-36', 'Identity-74', 'InvertedResidual-11', 'Conv2d-47', 'Identity-75', 'ReLU-30', 'BatchNormAct2d-37', 'Conv2d-48', 'Identity-76', 'ReLU-31', 'BatchNormAct2d-38', 'Identity-77', 'Conv2d-49', 'ReLU-32', 'Conv2d-50', 'Sigmoid-6', 'SqueezeExcite-6', 'Conv2d-51', 'Identity-78', 'Identity-79', 'BatchNormAct2d-39', 'InvertedResidual-12', 'Conv2d-52', 'Identity-80', 'ReLU-33', 'BatchNormAct2d-40', 'Conv2d-53', 'Identity-81', 'ReLU-34', 'BatchNormAct2d-41', 'Identity-82', 'Conv2d-54', 'ReLU-35', 'Conv2d-55', 'Sigmoid-7', 'SqueezeExcite-7', 'Conv2d-56', 'Identity-83', 'Identity-84', 'BatchNormAct2d-42', 'Identity-85', 'InvertedResidual-13', 'Conv2d-57', 'Identity-86', 'ReLU-36', 'BatchNormAct2d-43', 'Conv2d-58', 'Identity-87', 'ReLU-37', 'BatchNormAct2d-44', 'Identity-88', 'Conv2d-59', 'ReLU-38', 'Conv2d-60', 'Sigmoid-8', 'SqueezeExcite-8', 'Conv2d-61', 'Identity-89', 'Identity-90', 'BatchNormAct2d-45', 'Identity-91', 'InvertedResidual-14', 'Conv2d-62', 'Identity-92', 'ReLU-39', 'BatchNormAct2d-46', 'Conv2d-63', 'Identity-93', 'ReLU-40', 'BatchNormAct2d-47', 'Identity-94', 'Identity-95', 'Conv2d-64', 'Identity-96', 'Identity-97', 'BatchNormAct2d-48', 'InvertedResidual-15', 'Conv2d-65', 'Identity-98', 'ReLU-41', 'BatchNormAct2d-49', 'AdaptiveAvgPool2d-1', 'Flatten-1', 'SelectAdaptivePool2d-1', 'Linear-1', 'EfficientNet-1']
Total number of layers: 290

==================================================
Processing layer: Conv2d-63 from model: semnasnet_100_classification

For model semnasnet_100_classification Layer Conv2d-63: Extracting features for 9000 images in batches of 28...
Feature extraction for model semnasnet_100_classification layer Conv2d-63 completed in 209.54 seconds.
Finding best ridge alphas for 90 target PCs using 47040 features and 9000 samples.
Using alphas: 10^1 to 10^20, 100 values spaced logarithmically.
[Pipeline] ........... (step 1 of 1) Processing ridgecv, total= 3.7min

Selected alpha and cross-validation score for each PC:
Finished finding best ridge alphas for each target PC.✅

PC   1: alpha = 44306.2, CV score = -1546.074295

PC   2: alpha = 11768.1, CV score = -533.687898

PC   3: alpha = 7564.63, CV score = -369.249613

PC   4: alpha = 11768.1, CV score = -216.637140

PC   5: alpha = 18307.4, CV score = -181.691098

PC   6: alpha = 28480.4, CV score = -164.229157

PC   7: alpha = 18307.4, CV score = -144.808109

PC   8: alpha = 68926.1, CV score = -148.342048

PC   9: alpha = 18307.4, CV score = -105.754055

PC  10: alpha = 18307.4, CV score = -88.976841

PC  11: alpha = 28480.4, CV score = -86.588371

PC  12: alpha = 11768.1, CV score = -60.057195

PC  13: alpha = 44306.2, CV score = -93.617355

PC  14: alpha = 28480.4, CV score = -79.165704

PC  15: alpha = 28480.4, CV score = -67.864115

PC  16: alpha = 44306.2, CV score = -74.408605

PC  17: alpha = 28480.4, CV score = -68.895335

PC  18: alpha = 68926.1, CV score = -73.509189

PC  19: alpha = 28480.4, CV score = -61.852107

PC  20: alpha = 44306.2, CV score = -64.597251

PC  21: alpha = 28480.4, CV score = -57.550748

PC  22: alpha = 44306.2, CV score = -57.771677

PC  23: alpha = 28480.4, CV score = -55.290849

PC  24: alpha = 68926.1, CV score = -54.711748

PC  25: alpha = 28480.4, CV score = -52.087719

PC  26: alpha = 68926.1, CV score = -51.765334

PC  27: alpha = 44306.2, CV score = -47.418886

PC  28: alpha = 68926.1, CV score = -47.626196

PC  29: alpha = 44306.2, CV score = -46.280843

PC  30: alpha = 44306.2, CV score = -41.363622

PC  31: alpha = 28480.4, CV score = -40.019469

PC  32: alpha = 28480.4, CV score = -38.169460

PC  33: alpha = 44306.2, CV score = -38.458517

PC  34: alpha = 44306.2, CV score = -38.732502

PC  35: alpha = 28480.4, CV score = -35.226986

PC  36: alpha = 68926.1, CV score = -34.575651

PC  37: alpha = 68926.1, CV score = -35.018448

PC  38: alpha = 44306.2, CV score = -31.823545

PC  39: alpha = 44306.2, CV score = -33.236773

PC  40: alpha = 28480.4, CV score = -30.612090

PC  41: alpha = 44306.2, CV score = -30.459078

PC  42: alpha = 44306.2, CV score = -28.731980

PC  43: alpha = 44306.2, CV score = -28.635774

PC  44: alpha = 68926.1, CV score = -28.706990

PC  45: alpha = 28480.4, CV score = -26.238563

PC  46: alpha = 68926.1, CV score = -28.037434

PC  47: alpha = 44306.2, CV score = -25.677497

PC  48: alpha = 18307.4, CV score = -23.424764

PC  49: alpha = 28480.4, CV score = -24.553698

PC  50: alpha = 44306.2, CV score = -24.370221

PC  51: alpha = 28480.4, CV score = -22.094635

PC  52: alpha = 44306.2, CV score = -23.459395

PC  53: alpha = 28480.4, CV score = -22.426680

PC  54: alpha = 44306.2, CV score = -22.649988

PC  55: alpha = 44306.2, CV score = -21.564191

PC  56: alpha = 28480.4, CV score = -20.462219

PC  57: alpha = 44306.2, CV score = -20.596031

PC  58: alpha = 28480.4, CV score = -19.863825

PC  59: alpha = 107227, CV score = -20.448200

PC  60: alpha = 44306.2, CV score = -19.644372

PC  61: alpha = 44306.2, CV score = -19.117559

PC  62: alpha = 44306.2, CV score = -18.250499

PC  63: alpha = 44306.2, CV score = -18.288488

PC  64: alpha = 44306.2, CV score = -17.884565

PC  65: alpha = 18307.4, CV score = -15.476856

PC  66: alpha = 28480.4, CV score = -17.416316

PC  67: alpha = 68926.1, CV score = -17.554651

PC  68: alpha = 107227, CV score = -17.414178

PC  69: alpha = 44306.2, CV score = -16.859096

PC  70: alpha = 44306.2, CV score = -16.170682

PC  71: alpha = 28480.4, CV score = -15.937240

PC  72: alpha = 44306.2, CV score = -15.582358

PC  73: alpha = 68926.1, CV score = -15.412095

PC  74: alpha = 44306.2, CV score = -15.329576

PC  75: alpha = 68926.1, CV score = -15.165993

PC  76: alpha = 44306.2, CV score = -14.422321

PC  77: alpha = 28480.4, CV score = -14.031542

PC  78: alpha = 68926.1, CV score = -14.403407

PC  79: alpha = 44306.2, CV score = -13.959671

PC  80: alpha = 44306.2, CV score = -13.842283

PC  81: alpha = 68926.1, CV score = -14.021947

PC  82: alpha = 44306.2, CV score = -13.460567

PC  83: alpha = 44306.2, CV score = -13.241500

PC  84: alpha = 44306.2, CV score = -12.948895

PC  85: alpha = 44306.2, CV score = -12.558774

PC  86: alpha = 68926.1, CV score = -12.803401

PC  87: alpha = 44306.2, CV score = -12.557284

PC  88: alpha = 44306.2, CV score = -12.149304

PC  89: alpha = 28480.4, CV score = -12.185755

PC  90: alpha = 44306.2, CV score = -12.049003

Mean cross-validation score across PCs: -67.003199

======================================================================================

Chosen model: cspresnet50_classification
Number of images: 73000
Image shape: (425, 425, 3), dtype: uint8
nsdID shape: (73000,), Shared1000 shape: (73000,)
Neural data shape: (10000, 8088)
Image IDs shape: (10000,)
Number of voxels: 8088
Number of projections for SRP: 7894

Loaded target with shape (10000, 8088).
Transformed data shape: (9000, 200)
Transformed data shape after truncion: (9000, 90)
Model options for cspresnet50_classification: {'model_name': 'cspresnet50', 'train_type': 'classification', 'train_data': 'imagenet', 'model_source': 'timm', 'call': "get_timm_model('cspresnet50', pretrained = True)"}
Image transforms for cspresnet50_classification: Compose(
    Resize(size=(224, 224), interpolation=bicubic, max_size=None, antialias=True)
    MaybeToTensor()
    Normalize(mean=tensor([0.4850, 0.4560, 0.4060]), std=tensor([0.2290, 0.2240, 0.2250]))
)
Loaded model: cspresnet50_classification
Ordered layers from model: ['Conv2d-1', 'Identity-1', 'LeakyReLU-1', 'BatchNormAct2d-1', 'ConvNormAct-1', 'MaxPool2d-1', 'Identity-2', 'Conv2d-2', 'Identity-3', 'Identity-4', 'BatchNormAct2d-2', 'ConvNormAct-2', 'Conv2d-3', 'Identity-5', 'LeakyReLU-2', 'BatchNormAct2d-3', 'ConvNormAct-3', 'Conv2d-4', 'Identity-6', 'LeakyReLU-3', 'BatchNormAct2d-4', 'ConvNormAct-4', 'Identity-7', 'Conv2d-5', 'Identity-8', 'Identity-9', 'BatchNormAct2d-5', 'ConvNormAct-5', 'Identity-10', 'Identity-11', 'LeakyReLU-4', 'BottleneckBlock-1', 'Conv2d-6', 'Identity-12', 'LeakyReLU-5', 'BatchNormAct2d-6', 'ConvNormAct-6', 'Conv2d-7', 'Identity-13', 'LeakyReLU-6', 'BatchNormAct2d-7', 'ConvNormAct-7', 'Identity-14', 'Conv2d-8', 'Identity-15', 'Identity-16', 'BatchNormAct2d-8', 'ConvNormAct-8', 'Identity-17', 'Identity-18', 'LeakyReLU-7', 'BottleneckBlock-2', 'Conv2d-9', 'Identity-19', 'LeakyReLU-8', 'BatchNormAct2d-9', 'ConvNormAct-9', 'Conv2d-10', 'Identity-20', 'LeakyReLU-9', 'BatchNormAct2d-10', 'ConvNormAct-10', 'Identity-21', 'Conv2d-11', 'Identity-22', 'Identity-23', 'BatchNormAct2d-11', 'ConvNormAct-11', 'Identity-24', 'Identity-25', 'LeakyReLU-10', 'BottleneckBlock-3', 'Conv2d-12', 'Identity-26', 'LeakyReLU-11', 'BatchNormAct2d-12', 'ConvNormAct-12', 'Conv2d-13', 'Identity-27', 'LeakyReLU-12', 'BatchNormAct2d-13', 'ConvNormAct-13', 'CrossStage-1', 'Conv2d-14', 'Identity-28', 'LeakyReLU-13', 'BatchNormAct2d-14', 'ConvNormAct-14', 'Conv2d-15', 'Identity-29', 'Identity-30', 'BatchNormAct2d-15', 'ConvNormAct-15', 'Conv2d-16', 'Identity-31', 'LeakyReLU-14', 'BatchNormAct2d-16', 'ConvNormAct-16', 'Conv2d-17', 'Identity-32', 'LeakyReLU-15', 'BatchNormAct2d-17', 'ConvNormAct-17', 'Identity-33', 'Conv2d-18', 'Identity-34', 'Identity-35', 'BatchNormAct2d-18', 'ConvNormAct-18', 'Identity-36', 'Identity-37', 'LeakyReLU-16', 'BottleneckBlock-4', 'Conv2d-19', 'Identity-38', 'LeakyReLU-17', 'BatchNormAct2d-19', 'ConvNormAct-19', 'Conv2d-20', 'Identity-39', 'LeakyReLU-18', 'BatchNormAct2d-20', 'ConvNormAct-20', 'Identity-40', 'Conv2d-21', 'Identity-41', 'Identity-42', 'BatchNormAct2d-21', 'ConvNormAct-21', 'Identity-43', 'Identity-44', 'LeakyReLU-19', 'BottleneckBlock-5', 'Conv2d-22', 'Identity-45', 'LeakyReLU-20', 'BatchNormAct2d-22', 'ConvNormAct-22', 'Conv2d-23', 'Identity-46', 'LeakyReLU-21', 'BatchNormAct2d-23', 'ConvNormAct-23', 'Identity-47', 'Conv2d-24', 'Identity-48', 'Identity-49', 'BatchNormAct2d-24', 'ConvNormAct-24', 'Identity-50', 'Identity-51', 'LeakyReLU-22', 'BottleneckBlock-6', 'Conv2d-25', 'Identity-52', 'LeakyReLU-23', 'BatchNormAct2d-25', 'ConvNormAct-25', 'Conv2d-26', 'Identity-53', 'LeakyReLU-24', 'BatchNormAct2d-26', 'ConvNormAct-26', 'CrossStage-2', 'Conv2d-27', 'Identity-54', 'LeakyReLU-25', 'BatchNormAct2d-27', 'ConvNormAct-27', 'Conv2d-28', 'Identity-55', 'Identity-56', 'BatchNormAct2d-28', 'ConvNormAct-28', 'Conv2d-29', 'Identity-57', 'LeakyReLU-26', 'BatchNormAct2d-29', 'ConvNormAct-29', 'Conv2d-30', 'Identity-58', 'LeakyReLU-27', 'BatchNormAct2d-30', 'ConvNormAct-30', 'Identity-59', 'Conv2d-31', 'Identity-60', 'Identity-61', 'BatchNormAct2d-31', 'ConvNormAct-31', 'Identity-62', 'Identity-63', 'LeakyReLU-28', 'BottleneckBlock-7', 'Conv2d-32', 'Identity-64', 'LeakyReLU-29', 'BatchNormAct2d-32', 'ConvNormAct-32', 'Conv2d-33', 'Identity-65', 'LeakyReLU-30', 'BatchNormAct2d-33', 'ConvNormAct-33', 'Identity-66', 'Conv2d-34', 'Identity-67', 'Identity-68', 'BatchNormAct2d-34', 'ConvNormAct-34', 'Identity-69', 'Identity-70', 'LeakyReLU-31', 'BottleneckBlock-8', 'Conv2d-35', 'Identity-71', 'LeakyReLU-32', 'BatchNormAct2d-35', 'ConvNormAct-35', 'Conv2d-36', 'Identity-72', 'LeakyReLU-33', 'BatchNormAct2d-36', 'ConvNormAct-36', 'Identity-73', 'Conv2d-37', 'Identity-74', 'Identity-75', 'BatchNormAct2d-37', 'ConvNormAct-37', 'Identity-76', 'Identity-77', 'LeakyReLU-34', 'BottleneckBlock-9', 'Conv2d-38', 'Identity-78', 'LeakyReLU-35', 'BatchNormAct2d-38', 'ConvNormAct-38', 'Conv2d-39', 'Identity-79', 'LeakyReLU-36', 'BatchNormAct2d-39', 'ConvNormAct-39', 'Identity-80', 'Conv2d-40', 'Identity-81', 'Identity-82', 'BatchNormAct2d-40', 'ConvNormAct-40', 'Identity-83', 'Identity-84', 'LeakyReLU-37', 'BottleneckBlock-10', 'Conv2d-41', 'Identity-85', 'LeakyReLU-38', 'BatchNormAct2d-41', 'ConvNormAct-41', 'Conv2d-42', 'Identity-86', 'LeakyReLU-39', 'BatchNormAct2d-42', 'ConvNormAct-42', 'Identity-87', 'Conv2d-43', 'Identity-88', 'Identity-89', 'BatchNormAct2d-43', 'ConvNormAct-43', 'Identity-90', 'Identity-91', 'LeakyReLU-40', 'BottleneckBlock-11', 'Conv2d-44', 'Identity-92', 'LeakyReLU-41', 'BatchNormAct2d-44', 'ConvNormAct-44', 'Conv2d-45', 'Identity-93', 'LeakyReLU-42', 'BatchNormAct2d-45', 'ConvNormAct-45', 'CrossStage-3', 'Conv2d-46', 'Identity-94', 'LeakyReLU-43', 'BatchNormAct2d-46', 'ConvNormAct-46', 'Conv2d-47', 'Identity-95', 'Identity-96', 'BatchNormAct2d-47', 'ConvNormAct-47', 'Conv2d-48', 'Identity-97', 'LeakyReLU-44', 'BatchNormAct2d-48', 'ConvNormAct-48', 'Conv2d-49', 'Identity-98', 'LeakyReLU-45', 'BatchNormAct2d-49', 'ConvNormAct-49', 'Identity-99', 'Conv2d-50', 'Identity-100', 'Identity-101', 'BatchNormAct2d-50', 'ConvNormAct-50', 'Identity-102', 'Identity-103', 'LeakyReLU-46', 'BottleneckBlock-12', 'Conv2d-51', 'Identity-104', 'LeakyReLU-47', 'BatchNormAct2d-51', 'ConvNormAct-51', 'Conv2d-52', 'Identity-105', 'LeakyReLU-48', 'BatchNormAct2d-52', 'ConvNormAct-52', 'Identity-106', 'Conv2d-53', 'Identity-107', 'Identity-108', 'BatchNormAct2d-53', 'ConvNormAct-53', 'Identity-109', 'Identity-110', 'LeakyReLU-49', 'BottleneckBlock-13', 'Conv2d-54', 'Identity-111', 'LeakyReLU-50', 'BatchNormAct2d-54', 'ConvNormAct-54', 'Conv2d-55', 'Identity-112', 'LeakyReLU-51', 'BatchNormAct2d-55', 'ConvNormAct-55', 'CrossStage-4', 'AdaptiveAvgPool2d-1', 'Flatten-1', 'SelectAdaptivePool2d-1', 'Dropout-1', 'Linear-1', 'Identity-113', 'ClassifierHead-1', 'CspNet-1']
Total number of layers: 354

==================================================
Processing layer: Conv2d-52 from model: cspresnet50_classification

For model cspresnet50_classification Layer Conv2d-52: Extracting features for 9000 images in batches of 28...
Feature extraction for model cspresnet50_classification layer Conv2d-52 completed in 563.03 seconds.
Finding best ridge alphas for 90 target PCs using 25088 features and 9000 samples.
Using alphas: 10^1 to 10^20, 100 values spaced logarithmically.
[Pipeline] ........... (step 1 of 1) Processing ridgecv, total= 2.7min

Selected alpha and cross-validation score for each PC:
Finished finding best ridge alphas for each target PC.✅

PC   1: alpha = 977010, CV score = -1559.577352

PC   2: alpha = 403702, CV score = -519.744337

PC   3: alpha = 259502, CV score = -371.642737

PC   4: alpha = 259502, CV score = -218.265618

PC   5: alpha = 403702, CV score = -177.310661

PC   6: alpha = 628029, CV score = -165.157175

PC   7: alpha = 403702, CV score = -144.889516

PC   8: alpha = 1.51991e+06, CV score = -148.764217

PC   9: alpha = 403702, CV score = -105.851891

PC  10: alpha = 403702, CV score = -88.942362

PC  11: alpha = 628029, CV score = -86.405762

PC  12: alpha = 259502, CV score = -59.679718

PC  13: alpha = 977010, CV score = -92.449173

PC  14: alpha = 628029, CV score = -78.386927

PC  15: alpha = 628029, CV score = -68.052911

PC  16: alpha = 977010, CV score = -74.218432

PC  17: alpha = 628029, CV score = -68.892893

PC  18: alpha = 1.51991e+06, CV score = -73.433752

PC  19: alpha = 628029, CV score = -61.962634

PC  20: alpha = 977010, CV score = -64.272589

PC  21: alpha = 628029, CV score = -57.346172

PC  22: alpha = 977010, CV score = -57.272705

PC  23: alpha = 977010, CV score = -54.583784

PC  24: alpha = 1.51991e+06, CV score = -54.670061

PC  25: alpha = 628029, CV score = -51.933501

PC  26: alpha = 977010, CV score = -51.526093

PC  27: alpha = 628029, CV score = -47.257563

PC  28: alpha = 1.51991e+06, CV score = -47.343784

PC  29: alpha = 977010, CV score = -46.059055

PC  30: alpha = 977010, CV score = -41.051295

PC  31: alpha = 628029, CV score = -40.293157

PC  32: alpha = 628029, CV score = -37.845754

PC  33: alpha = 977010, CV score = -38.136847

PC  34: alpha = 977010, CV score = -38.510413

PC  35: alpha = 977010, CV score = -35.223088

PC  36: alpha = 977010, CV score = -34.401890

PC  37: alpha = 1.51991e+06, CV score = -34.857640

PC  38: alpha = 628029, CV score = -31.535029

PC  39: alpha = 977010, CV score = -33.196299

PC  40: alpha = 628029, CV score = -30.329764

PC  41: alpha = 1.51991e+06, CV score = -30.528565

PC  42: alpha = 628029, CV score = -28.518870

PC  43: alpha = 977010, CV score = -28.515459

PC  44: alpha = 1.51991e+06, CV score = -28.586670

PC  45: alpha = 628029, CV score = -26.244119

PC  46: alpha = 1.51991e+06, CV score = -27.956274

PC  47: alpha = 628029, CV score = -25.604677

PC  48: alpha = 403702, CV score = -23.341893

PC  49: alpha = 628029, CV score = -24.344216

PC  50: alpha = 977010, CV score = -24.167693

PC  51: alpha = 628029, CV score = -21.868206

PC  52: alpha = 977010, CV score = -23.355858

PC  53: alpha = 628029, CV score = -22.387986

PC  54: alpha = 977010, CV score = -22.508146

PC  55: alpha = 977010, CV score = -21.492535

PC  56: alpha = 977010, CV score = -20.456955

PC  57: alpha = 628029, CV score = -20.598636

PC  58: alpha = 628029, CV score = -19.896520

PC  59: alpha = 2.36449e+06, CV score = -20.410051

PC  60: alpha = 977010, CV score = -19.537097

PC  61: alpha = 977010, CV score = -19.057934

PC  62: alpha = 628029, CV score = -18.189154

PC  63: alpha = 628029, CV score = -18.138590

PC  64: alpha = 977010, CV score = -17.919932

PC  65: alpha = 403702, CV score = -15.440235

PC  66: alpha = 977010, CV score = -17.348188

PC  67: alpha = 977010, CV score = -17.463376

PC  68: alpha = 2.36449e+06, CV score = -17.442415

PC  69: alpha = 977010, CV score = -16.810039

PC  70: alpha = 977010, CV score = -16.157581

PC  71: alpha = 628029, CV score = -15.957356

PC  72: alpha = 1.51991e+06, CV score = -15.624732

PC  73: alpha = 977010, CV score = -15.338240

PC  74: alpha = 977010, CV score = -15.295675

PC  75: alpha = 1.51991e+06, CV score = -15.177041

PC  76: alpha = 977010, CV score = -14.338735

PC  77: alpha = 628029, CV score = -14.015513

PC  78: alpha = 1.51991e+06, CV score = -14.348876

PC  79: alpha = 977010, CV score = -13.909589

PC  80: alpha = 977010, CV score = -13.886136

PC  81: alpha = 1.51991e+06, CV score = -14.005248

PC  82: alpha = 977010, CV score = -13.431943

PC  83: alpha = 977010, CV score = -13.268868

PC  84: alpha = 977010, CV score = -12.952587

PC  85: alpha = 977010, CV score = -12.555347

PC  86: alpha = 1.51991e+06, CV score = -12.734173

PC  87: alpha = 1.51991e+06, CV score = -12.567564

PC  88: alpha = 977010, CV score = -12.124286

PC  89: alpha = 628029, CV score = -12.044609

PC  90: alpha = 977010, CV score = -12.017164

Mean cross-validation score across PCs: -66.901734

======================================================================================

Chosen model: mobilenetv3_large_100_classification
Number of images: 73000
Image shape: (425, 425, 3), dtype: uint8
nsdID shape: (73000,), Shared1000 shape: (73000,)
Neural data shape: (10000, 8088)
Image IDs shape: (10000,)
Number of voxels: 8088
Number of projections for SRP: 7894

Loaded target with shape (10000, 8088).
Transformed data shape: (9000, 200)
Transformed data shape after truncion: (9000, 90)
Model options for mobilenetv3_large_100_classification: {'model_name': 'mobilenetv3_large_100', 'train_type': 'classification', 'train_data': 'imagenet', 'model_source': 'timm', 'call': "get_timm_model('mobilenetv3_large_100', pretrained = True)"}
Image transforms for mobilenetv3_large_100_classification: Compose(
    Resize(size=(224, 224), interpolation=bicubic, max_size=None, antialias=True)
    MaybeToTensor()
    Normalize(mean=tensor([0.4850, 0.4560, 0.4060]), std=tensor([0.2290, 0.2240, 0.2250]))
)
Loaded model: mobilenetv3_large_100_classification
Ordered layers from model: ['Conv2d-1', 'Identity-1', 'Hardswish-1', 'BatchNormAct2d-1', 'Conv2d-2', 'Identity-2', 'ReLU-1', 'BatchNormAct2d-2', 'Identity-3', 'Identity-4', 'Conv2d-3', 'Identity-5', 'Identity-6', 'BatchNormAct2d-3', 'Identity-7', 'DepthwiseSeparableConv-1', 'Conv2d-4', 'Identity-8', 'ReLU-2', 'BatchNormAct2d-4', 'Conv2d-5', 'Identity-9', 'ReLU-3', 'BatchNormAct2d-5', 'Identity-10', 'Identity-11', 'Conv2d-6', 'Identity-12', 'Identity-13', 'BatchNormAct2d-6', 'InvertedResidual-1', 'Conv2d-7', 'Identity-14', 'ReLU-4', 'BatchNormAct2d-7', 'Conv2d-8', 'Identity-15', 'ReLU-5', 'BatchNormAct2d-8', 'Identity-16', 'Identity-17', 'Conv2d-9', 'Identity-18', 'Identity-19', 'BatchNormAct2d-9', 'Identity-20', 'InvertedResidual-2', 'Conv2d-10', 'Identity-21', 'ReLU-6', 'BatchNormAct2d-10', 'Conv2d-11', 'Identity-22', 'ReLU-7', 'BatchNormAct2d-11', 'Identity-23', 'Conv2d-12', 'ReLU-8', 'Conv2d-13', 'Hardsigmoid-1', 'SqueezeExcite-1', 'Conv2d-14', 'Identity-24', 'Identity-25', 'BatchNormAct2d-12', 'InvertedResidual-3', 'Conv2d-15', 'Identity-26', 'ReLU-9', 'BatchNormAct2d-13', 'Conv2d-16', 'Identity-27', 'ReLU-10', 'BatchNormAct2d-14', 'Identity-28', 'Conv2d-17', 'ReLU-11', 'Conv2d-18', 'Hardsigmoid-2', 'SqueezeExcite-2', 'Conv2d-19', 'Identity-29', 'Identity-30', 'BatchNormAct2d-15', 'Identity-31', 'InvertedResidual-4', 'Conv2d-20', 'Identity-32', 'ReLU-12', 'BatchNormAct2d-16', 'Conv2d-21', 'Identity-33', 'ReLU-13', 'BatchNormAct2d-17', 'Identity-34', 'Conv2d-22', 'ReLU-14', 'Conv2d-23', 'Hardsigmoid-3', 'SqueezeExcite-3', 'Conv2d-24', 'Identity-35', 'Identity-36', 'BatchNormAct2d-18', 'Identity-37', 'InvertedResidual-5', 'Conv2d-25', 'Identity-38', 'Hardswish-2', 'BatchNormAct2d-19', 'Conv2d-26', 'Identity-39', 'Hardswish-3', 'BatchNormAct2d-20', 'Identity-40', 'Identity-41', 'Conv2d-27', 'Identity-42', 'Identity-43', 'BatchNormAct2d-21', 'InvertedResidual-6', 'Conv2d-28', 'Identity-44', 'Hardswish-4', 'BatchNormAct2d-22', 'Conv2d-29', 'Identity-45', 'Hardswish-5', 'BatchNormAct2d-23', 'Identity-46', 'Identity-47', 'Conv2d-30', 'Identity-48', 'Identity-49', 'BatchNormAct2d-24', 'Identity-50', 'InvertedResidual-7', 'Conv2d-31', 'Identity-51', 'Hardswish-6', 'BatchNormAct2d-25', 'Conv2d-32', 'Identity-52', 'Hardswish-7', 'BatchNormAct2d-26', 'Identity-53', 'Identity-54', 'Conv2d-33', 'Identity-55', 'Identity-56', 'BatchNormAct2d-27', 'Identity-57', 'InvertedResidual-8', 'Conv2d-34', 'Identity-58', 'Hardswish-8', 'BatchNormAct2d-28', 'Conv2d-35', 'Identity-59', 'Hardswish-9', 'BatchNormAct2d-29', 'Identity-60', 'Identity-61', 'Conv2d-36', 'Identity-62', 'Identity-63', 'BatchNormAct2d-30', 'Identity-64', 'InvertedResidual-9', 'Conv2d-37', 'Identity-65', 'Hardswish-10', 'BatchNormAct2d-31', 'Conv2d-38', 'Identity-66', 'Hardswish-11', 'BatchNormAct2d-32', 'Identity-67', 'Conv2d-39', 'ReLU-15', 'Conv2d-40', 'Hardsigmoid-4', 'SqueezeExcite-4', 'Conv2d-41', 'Identity-68', 'Identity-69', 'BatchNormAct2d-33', 'InvertedResidual-10', 'Conv2d-42', 'Identity-70', 'Hardswish-12', 'BatchNormAct2d-34', 'Conv2d-43', 'Identity-71', 'Hardswish-13', 'BatchNormAct2d-35', 'Identity-72', 'Conv2d-44', 'ReLU-16', 'Conv2d-45', 'Hardsigmoid-5', 'SqueezeExcite-5', 'Conv2d-46', 'Identity-73', 'Identity-74', 'BatchNormAct2d-36', 'Identity-75', 'InvertedResidual-11', 'Conv2d-47', 'Identity-76', 'Hardswish-14', 'BatchNormAct2d-37', 'Conv2d-48', 'Identity-77', 'Hardswish-15', 'BatchNormAct2d-38', 'Identity-78', 'Conv2d-49', 'ReLU-17', 'Conv2d-50', 'Hardsigmoid-6', 'SqueezeExcite-6', 'Conv2d-51', 'Identity-79', 'Identity-80', 'BatchNormAct2d-39', 'InvertedResidual-12', 'Conv2d-52', 'Identity-81', 'Hardswish-16', 'BatchNormAct2d-40', 'Conv2d-53', 'Identity-82', 'Hardswish-17', 'BatchNormAct2d-41', 'Identity-83', 'Conv2d-54', 'ReLU-18', 'Conv2d-55', 'Hardsigmoid-7', 'SqueezeExcite-7', 'Conv2d-56', 'Identity-84', 'Identity-85', 'BatchNormAct2d-42', 'Identity-86', 'InvertedResidual-13', 'Conv2d-57', 'Identity-87', 'Hardswish-18', 'BatchNormAct2d-43', 'Conv2d-58', 'Identity-88', 'Hardswish-19', 'BatchNormAct2d-44', 'Identity-89', 'Conv2d-59', 'ReLU-19', 'Conv2d-60', 'Hardsigmoid-8', 'SqueezeExcite-8', 'Conv2d-61', 'Identity-90', 'Identity-91', 'BatchNormAct2d-45', 'Identity-92', 'InvertedResidual-14', 'Conv2d-62', 'Identity-93', 'Hardswish-20', 'BatchNormAct2d-46', 'Identity-94', 'ConvBnAct-1', 'AdaptiveAvgPool2d-1', 'Identity-95', 'SelectAdaptivePool2d-1', 'Conv2d-63', 'Identity-96', 'Hardswish-21', 'Flatten-1', 'Linear-1', 'MobileNetV3-1']
Total number of layers: 282

==================================================
Processing layer: Identity-88 from model: mobilenetv3_large_100_classification

For model mobilenetv3_large_100_classification Layer Identity-88: Extracting features for 9000 images in batches of 28...
Feature extraction for model mobilenetv3_large_100_classification layer Identity-88 completed in 152.57 seconds.
Finding best ridge alphas for 90 target PCs using 47040 features and 9000 samples.
Using alphas: 10^1 to 10^20, 100 values spaced logarithmically.
[Pipeline] ........... (step 1 of 1) Processing ridgecv, total= 3.8min

Selected alpha and cross-validation score for each PC:
Finished finding best ridge alphas for each target PC.✅

PC   1: alpha = 403702, CV score = -1559.346023

PC   2: alpha = 166810, CV score = -534.955134

PC   3: alpha = 166810, CV score = -373.748506

PC   4: alpha = 166810, CV score = -218.088759

PC   5: alpha = 166810, CV score = -182.960310

PC   6: alpha = 403702, CV score = -166.652842

PC   7: alpha = 403702, CV score = -145.823153

PC   8: alpha = 628029, CV score = -148.107408

PC   9: alpha = 259502, CV score = -106.462713

PC  10: alpha = 259502, CV score = -89.481123

PC  11: alpha = 403702, CV score = -87.081064

PC  12: alpha = 166810, CV score = -60.161959

PC  13: alpha = 628029, CV score = -93.800508

PC  14: alpha = 403702, CV score = -79.296908

PC  15: alpha = 259502, CV score = -68.064235

PC  16: alpha = 403702, CV score = -74.900969

PC  17: alpha = 403702, CV score = -69.244678

PC  18: alpha = 977010, CV score = -73.794021

PC  19: alpha = 403702, CV score = -61.985447

PC  20: alpha = 628029, CV score = -64.401292

PC  21: alpha = 403702, CV score = -57.180025

PC  22: alpha = 403702, CV score = -57.648318

PC  23: alpha = 403702, CV score = -54.908484

PC  24: alpha = 628029, CV score = -54.524595

PC  25: alpha = 403702, CV score = -51.910276

PC  26: alpha = 628029, CV score = -51.841045

PC  27: alpha = 403702, CV score = -47.151027

PC  28: alpha = 977010, CV score = -47.773958

PC  29: alpha = 628029, CV score = -46.439526

PC  30: alpha = 403702, CV score = -41.243731

PC  31: alpha = 403702, CV score = -40.260347

PC  32: alpha = 403702, CV score = -38.120182

PC  33: alpha = 403702, CV score = -38.194647

PC  34: alpha = 628029, CV score = -38.522332

PC  35: alpha = 403702, CV score = -35.222313

PC  36: alpha = 628029, CV score = -34.512317

PC  37: alpha = 977010, CV score = -35.252011

PC  38: alpha = 403702, CV score = -31.803489

PC  39: alpha = 628029, CV score = -33.205098

PC  40: alpha = 403702, CV score = -30.693952

PC  41: alpha = 628029, CV score = -30.462797

PC  42: alpha = 628029, CV score = -28.680001

PC  43: alpha = 628029, CV score = -28.613963

PC  44: alpha = 628029, CV score = -28.712171

PC  45: alpha = 403702, CV score = -26.186791

PC  46: alpha = 977010, CV score = -28.050258

PC  47: alpha = 403702, CV score = -25.573568

PC  48: alpha = 259502, CV score = -23.508627

PC  49: alpha = 403702, CV score = -24.563440

PC  50: alpha = 628029, CV score = -24.134696

PC  51: alpha = 403702, CV score = -22.016677

PC  52: alpha = 628029, CV score = -23.482419

PC  53: alpha = 403702, CV score = -22.285938

PC  54: alpha = 628029, CV score = -22.575876

PC  55: alpha = 628029, CV score = -21.597563

PC  56: alpha = 403702, CV score = -20.445313

PC  57: alpha = 403702, CV score = -20.606099

PC  58: alpha = 403702, CV score = -19.829562

PC  59: alpha = 977010, CV score = -20.440233

PC  60: alpha = 628029, CV score = -19.629297

PC  61: alpha = 628029, CV score = -19.201043

PC  62: alpha = 403702, CV score = -18.213011

PC  63: alpha = 403702, CV score = -18.179530

PC  64: alpha = 403702, CV score = -17.914259

PC  65: alpha = 259502, CV score = -15.432324

PC  66: alpha = 403702, CV score = -17.355513

PC  67: alpha = 628029, CV score = -17.546591

PC  68: alpha = 977010, CV score = -17.412607

PC  69: alpha = 628029, CV score = -16.785321

PC  70: alpha = 628029, CV score = -16.262269

PC  71: alpha = 403702, CV score = -15.980830

PC  72: alpha = 628029, CV score = -15.650341

PC  73: alpha = 628029, CV score = -15.376457

PC  74: alpha = 628029, CV score = -15.214303

PC  75: alpha = 977010, CV score = -15.153286

PC  76: alpha = 403702, CV score = -14.317104

PC  77: alpha = 403702, CV score = -13.960402

PC  78: alpha = 628029, CV score = -14.330663

PC  79: alpha = 628029, CV score = -14.009010

PC  80: alpha = 628029, CV score = -13.811130

PC  81: alpha = 628029, CV score = -14.002468

PC  82: alpha = 628029, CV score = -13.507688

PC  83: alpha = 628029, CV score = -13.308479

PC  84: alpha = 628029, CV score = -12.929598

PC  85: alpha = 628029, CV score = -12.568555

PC  86: alpha = 977010, CV score = -12.784807

PC  87: alpha = 628029, CV score = -12.511946

PC  88: alpha = 628029, CV score = -12.122470

PC  89: alpha = 628029, CV score = -12.199059

PC  90: alpha = 628029, CV score = -12.102414

Mean cross-validation score across PCs: -67.292261

======================================================================================

Chosen model: ghostnet_100_classification
Number of images: 73000
Image shape: (425, 425, 3), dtype: uint8
nsdID shape: (73000,), Shared1000 shape: (73000,)
Neural data shape: (10000, 8088)
Image IDs shape: (10000,)
Number of voxels: 8088
Number of projections for SRP: 7894

Loaded target with shape (10000, 8088).
Transformed data shape: (9000, 200)
Transformed data shape after truncion: (9000, 90)
Model options for ghostnet_100_classification: {'model_name': 'ghostnet_100', 'train_type': 'classification', 'train_data': 'imagenet', 'model_source': 'timm', 'call': "get_timm_model('ghostnet_100', pretrained = True)"}
Image transforms for ghostnet_100_classification: Compose(
    Resize(size=(224, 224), interpolation=bicubic, max_size=None, antialias=True)
    MaybeToTensor()
    Normalize(mean=tensor([0.4850, 0.4560, 0.4060]), std=tensor([0.2290, 0.2240, 0.2250]))
)
Loaded model: ghostnet_100_classification
Ordered layers from model: ['Conv2d-1', 'BatchNorm2d-1', 'ReLU-1', 'Conv2d-2', 'BatchNorm2d-2', 'ReLU-2', 'Conv2d-3', 'BatchNorm2d-3', 'ReLU-3', 'GhostModule-1', 'Conv2d-4', 'BatchNorm2d-4', 'Identity-1', 'Conv2d-5', 'BatchNorm2d-5', 'Identity-2', 'GhostModule-2', 'GhostBottleneck-1', 'Conv2d-6', 'BatchNorm2d-6', 'ReLU-4', 'Conv2d-7', 'BatchNorm2d-7', 'ReLU-5', 'GhostModule-3', 'Conv2d-8', 'BatchNorm2d-8', 'Conv2d-9', 'BatchNorm2d-9', 'Identity-3', 'Conv2d-10', 'BatchNorm2d-10', 'Identity-4', 'GhostModule-4', 'Conv2d-11', 'BatchNorm2d-11', 'Conv2d-12', 'BatchNorm2d-12', 'GhostBottleneck-2', 'Conv2d-13', 'BatchNorm2d-13', 'ReLU-6', 'Conv2d-14', 'BatchNorm2d-14', 'ReLU-7', 'GhostModule-5', 'Conv2d-15', 'BatchNorm2d-15', 'Identity-5', 'Conv2d-16', 'BatchNorm2d-16', 'Identity-6', 'GhostModule-6', 'GhostBottleneck-3', 'Conv2d-17', 'BatchNorm2d-17', 'ReLU-8', 'Conv2d-18', 'BatchNorm2d-18', 'ReLU-9', 'GhostModule-7', 'Conv2d-19', 'BatchNorm2d-19', 'Conv2d-20', 'ReLU-10', 'Conv2d-21', 'Hardsigmoid-1', 'SqueezeExcite-1', 'Conv2d-22', 'BatchNorm2d-20', 'Identity-7', 'Conv2d-23', 'BatchNorm2d-21', 'Identity-8', 'GhostModule-8', 'Conv2d-24', 'BatchNorm2d-22', 'Conv2d-25', 'BatchNorm2d-23', 'GhostBottleneck-4', 'Conv2d-26', 'BatchNorm2d-24', 'ReLU-11', 'Conv2d-27', 'BatchNorm2d-25', 'ReLU-12', 'GhostModule-9', 'Conv2d-28', 'ReLU-13', 'Conv2d-29', 'Hardsigmoid-2', 'SqueezeExcite-2', 'Conv2d-30', 'BatchNorm2d-26', 'Identity-9', 'Conv2d-31', 'BatchNorm2d-27', 'Identity-10', 'GhostModule-10', 'GhostBottleneck-5', 'Conv2d-32', 'BatchNorm2d-28', 'ReLU-14', 'Conv2d-33', 'BatchNorm2d-29', 'ReLU-15', 'GhostModule-11', 'Conv2d-34', 'BatchNorm2d-30', 'Conv2d-35', 'BatchNorm2d-31', 'Identity-11', 'Conv2d-36', 'BatchNorm2d-32', 'Identity-12', 'GhostModule-12', 'Conv2d-37', 'BatchNorm2d-33', 'Conv2d-38', 'BatchNorm2d-34', 'GhostBottleneck-6', 'Conv2d-39', 'BatchNorm2d-35', 'ReLU-16', 'Conv2d-40', 'BatchNorm2d-36', 'ReLU-17', 'GhostModule-13', 'Conv2d-41', 'BatchNorm2d-37', 'Identity-13', 'Conv2d-42', 'BatchNorm2d-38', 'Identity-14', 'GhostModule-14', 'GhostBottleneck-7', 'Conv2d-43', 'BatchNorm2d-39', 'ReLU-18', 'Conv2d-44', 'BatchNorm2d-40', 'ReLU-19', 'GhostModule-15', 'Conv2d-45', 'BatchNorm2d-41', 'Identity-15', 'Conv2d-46', 'BatchNorm2d-42', 'Identity-16', 'GhostModule-16', 'GhostBottleneck-8', 'Conv2d-47', 'BatchNorm2d-43', 'ReLU-20', 'Conv2d-48', 'BatchNorm2d-44', 'ReLU-21', 'GhostModule-17', 'Conv2d-49', 'BatchNorm2d-45', 'Identity-17', 'Conv2d-50', 'BatchNorm2d-46', 'Identity-18', 'GhostModule-18', 'GhostBottleneck-9', 'Conv2d-51', 'BatchNorm2d-47', 'ReLU-22', 'Conv2d-52', 'BatchNorm2d-48', 'ReLU-23', 'GhostModule-19', 'Conv2d-53', 'ReLU-24', 'Conv2d-54', 'Hardsigmoid-3', 'SqueezeExcite-3', 'Conv2d-55', 'BatchNorm2d-49', 'Identity-19', 'Conv2d-56', 'BatchNorm2d-50', 'Identity-20', 'GhostModule-20', 'Conv2d-57', 'BatchNorm2d-51', 'Conv2d-58', 'BatchNorm2d-52', 'GhostBottleneck-10', 'Conv2d-59', 'BatchNorm2d-53', 'ReLU-25', 'Conv2d-60', 'BatchNorm2d-54', 'ReLU-26', 'GhostModule-21', 'Conv2d-61', 'ReLU-27', 'Conv2d-62', 'Hardsigmoid-4', 'SqueezeExcite-4', 'Conv2d-63', 'BatchNorm2d-55', 'Identity-21', 'Conv2d-64', 'BatchNorm2d-56', 'Identity-22', 'GhostModule-22', 'GhostBottleneck-11', 'Conv2d-65', 'BatchNorm2d-57', 'ReLU-28', 'Conv2d-66', 'BatchNorm2d-58', 'ReLU-29', 'GhostModule-23', 'Conv2d-67', 'BatchNorm2d-59', 'Conv2d-68', 'ReLU-30', 'Conv2d-69', 'Hardsigmoid-5', 'SqueezeExcite-5', 'Conv2d-70', 'BatchNorm2d-60', 'Identity-23', 'Conv2d-71', 'BatchNorm2d-61', 'Identity-24', 'GhostModule-24', 'Conv2d-72', 'BatchNorm2d-62', 'Conv2d-73', 'BatchNorm2d-63', 'GhostBottleneck-12', 'Conv2d-74', 'BatchNorm2d-64', 'ReLU-31', 'Conv2d-75', 'BatchNorm2d-65', 'ReLU-32', 'GhostModule-25', 'Conv2d-76', 'BatchNorm2d-66', 'Identity-25', 'Conv2d-77', 'BatchNorm2d-67', 'Identity-26', 'GhostModule-26', 'GhostBottleneck-13', 'Conv2d-78', 'BatchNorm2d-68', 'ReLU-33', 'Conv2d-79', 'BatchNorm2d-69', 'ReLU-34', 'GhostModule-27', 'Conv2d-80', 'ReLU-35', 'Conv2d-81', 'Hardsigmoid-6', 'SqueezeExcite-6', 'Conv2d-82', 'BatchNorm2d-70', 'Identity-27', 'Conv2d-83', 'BatchNorm2d-71', 'Identity-28', 'GhostModule-28', 'GhostBottleneck-14', 'Conv2d-84', 'BatchNorm2d-72', 'ReLU-36', 'Conv2d-85', 'BatchNorm2d-73', 'ReLU-37', 'GhostModule-29', 'Conv2d-86', 'BatchNorm2d-74', 'Identity-29', 'Conv2d-87', 'BatchNorm2d-75', 'Identity-30', 'GhostModule-30', 'GhostBottleneck-15', 'Conv2d-88', 'BatchNorm2d-76', 'ReLU-38', 'Conv2d-89', 'BatchNorm2d-77', 'ReLU-39', 'GhostModule-31', 'Conv2d-90', 'ReLU-40', 'Conv2d-91', 'Hardsigmoid-7', 'SqueezeExcite-7', 'Conv2d-92', 'BatchNorm2d-78', 'Identity-31', 'Conv2d-93', 'BatchNorm2d-79', 'Identity-32', 'GhostModule-32', 'GhostBottleneck-16', 'Conv2d-94', 'Identity-33', 'ReLU-41', 'BatchNormAct2d-1', 'Identity-34', 'ConvBnAct-1', 'AdaptiveAvgPool2d-1', 'Identity-35', 'SelectAdaptivePool2d-1', 'Conv2d-95', 'ReLU-42', 'Flatten-1', 'Linear-1', 'GhostNet-1']
Total number of layers: 320

==================================================
Processing layer: BatchNorm2d-77 from model: ghostnet_100_classification

For model ghostnet_100_classification Layer BatchNorm2d-77: Extracting features for 9000 images in batches of 28...
Feature extraction for model ghostnet_100_classification layer BatchNorm2d-77 completed in 148.33 seconds.
Finding best ridge alphas for 90 target PCs using 23520 features and 9000 samples.
Using alphas: 10^1 to 10^20, 100 values spaced logarithmically.
[Pipeline] ........... (step 1 of 1) Processing ridgecv, total= 2.7min

Selected alpha and cross-validation score for each PC:
Finished finding best ridge alphas for each target PC.✅

PC   1: alpha = 628029, CV score = -1566.073372

PC   2: alpha = 259502, CV score = -546.119152

PC   3: alpha = 259502, CV score = -371.173111

PC   4: alpha = 259502, CV score = -221.045037

PC   5: alpha = 403702, CV score = -184.378531

PC   6: alpha = 628029, CV score = -165.584088

PC   7: alpha = 628029, CV score = -147.567372

PC   8: alpha = 977010, CV score = -148.645385

PC   9: alpha = 628029, CV score = -107.860375

PC  10: alpha = 628029, CV score = -90.827100

PC  11: alpha = 628029, CV score = -87.532491

PC  12: alpha = 403702, CV score = -62.618912

PC  13: alpha = 977010, CV score = -94.110611

PC  14: alpha = 628029, CV score = -79.561132

PC  15: alpha = 628029, CV score = -69.221126

PC  16: alpha = 628029, CV score = -75.182607

PC  17: alpha = 628029, CV score = -68.935936

PC  18: alpha = 1.51991e+06, CV score = -73.616314

PC  19: alpha = 628029, CV score = -62.215602

PC  20: alpha = 977010, CV score = -64.524840

PC  21: alpha = 628029, CV score = -57.693217

PC  22: alpha = 977010, CV score = -57.615518

PC  23: alpha = 628029, CV score = -54.945974

PC  24: alpha = 1.51991e+06, CV score = -54.793340

PC  25: alpha = 628029, CV score = -52.214266

PC  26: alpha = 1.51991e+06, CV score = -52.064667

PC  27: alpha = 977010, CV score = -47.628410

PC  28: alpha = 1.51991e+06, CV score = -48.029230

PC  29: alpha = 977010, CV score = -46.430731

PC  30: alpha = 977010, CV score = -41.653569

PC  31: alpha = 628029, CV score = -40.685631

PC  32: alpha = 628029, CV score = -38.511405

PC  33: alpha = 977010, CV score = -38.531528

PC  34: alpha = 1.51991e+06, CV score = -38.795457

PC  35: alpha = 977010, CV score = -35.469860

PC  36: alpha = 977010, CV score = -34.721352

PC  37: alpha = 1.51991e+06, CV score = -35.158577

PC  38: alpha = 628029, CV score = -31.838265

PC  39: alpha = 977010, CV score = -33.384242

PC  40: alpha = 977010, CV score = -31.040424

PC  41: alpha = 977010, CV score = -30.487609

PC  42: alpha = 977010, CV score = -28.866614

PC  43: alpha = 977010, CV score = -28.629734

PC  44: alpha = 1.51991e+06, CV score = -28.869453

PC  45: alpha = 628029, CV score = -26.479621

PC  46: alpha = 1.51991e+06, CV score = -28.004772

PC  47: alpha = 977010, CV score = -25.763122

PC  48: alpha = 403702, CV score = -23.401770

PC  49: alpha = 977010, CV score = -24.711976

PC  50: alpha = 977010, CV score = -24.308666

PC  51: alpha = 628029, CV score = -22.038920

PC  52: alpha = 1.51991e+06, CV score = -23.559161

PC  53: alpha = 628029, CV score = -22.355594

PC  54: alpha = 977010, CV score = -22.490503

PC  55: alpha = 977010, CV score = -21.675701

PC  56: alpha = 628029, CV score = -20.550585

PC  57: alpha = 628029, CV score = -20.660698

PC  58: alpha = 628029, CV score = -20.034106

PC  59: alpha = 1.51991e+06, CV score = -20.459323

PC  60: alpha = 977010, CV score = -19.612939

PC  61: alpha = 977010, CV score = -19.114301

PC  62: alpha = 977010, CV score = -18.329968

PC  63: alpha = 628029, CV score = -18.269798

PC  64: alpha = 977010, CV score = -17.952660

PC  65: alpha = 628029, CV score = -15.528286

PC  66: alpha = 977010, CV score = -17.462523

PC  67: alpha = 1.51991e+06, CV score = -17.568479

PC  68: alpha = 2.36449e+06, CV score = -17.485690

PC  69: alpha = 977010, CV score = -16.834186

PC  70: alpha = 977010, CV score = -16.275204

PC  71: alpha = 977010, CV score = -16.081756

PC  72: alpha = 977010, CV score = -15.614139

PC  73: alpha = 1.51991e+06, CV score = -15.437252

PC  74: alpha = 977010, CV score = -15.314535

PC  75: alpha = 1.51991e+06, CV score = -15.073600

PC  76: alpha = 628029, CV score = -14.365868

PC  77: alpha = 628029, CV score = -14.075942

PC  78: alpha = 1.51991e+06, CV score = -14.449848

PC  79: alpha = 977010, CV score = -14.026068

PC  80: alpha = 977010, CV score = -13.846110

PC  81: alpha = 1.51991e+06, CV score = -14.027892

PC  82: alpha = 977010, CV score = -13.504409

PC  83: alpha = 977010, CV score = -13.298125

PC  84: alpha = 977010, CV score = -12.989780

PC  85: alpha = 977010, CV score = -12.594481

PC  86: alpha = 1.51991e+06, CV score = -12.791954

PC  87: alpha = 977010, CV score = -12.597284

PC  88: alpha = 977010, CV score = -12.151317

PC  89: alpha = 977010, CV score = -12.298331

PC  90: alpha = 977010, CV score = -12.085714

Mean cross-validation score across PCs: -67.693390

======================================================================================

Chosen model: convnext_base_classification
Number of images: 73000
Image shape: (425, 425, 3), dtype: uint8
nsdID shape: (73000,), Shared1000 shape: (73000,)
Neural data shape: (10000, 8088)
Image IDs shape: (10000,)
Number of voxels: 8088
Number of projections for SRP: 7894

Loaded target with shape (10000, 8088).
Transformed data shape: (9000, 200)
Transformed data shape after truncion: (9000, 90)
Model options for convnext_base_classification: {'model_name': 'convnext_base', 'train_type': 'classification', 'train_data': 'imagenet', 'model_source': 'timm', 'call': "get_timm_model('convnext_base', pretrained = True)"}
Image transforms for convnext_base_classification: Compose(
    Resize(size=(224, 224), interpolation=bicubic, max_size=None, antialias=True)
    MaybeToTensor()
    Normalize(mean=tensor([0.4850, 0.4560, 0.4060]), std=tensor([0.2290, 0.2240, 0.2250]))
)
Loaded model: convnext_base_classification
Ordered layers from model: ['Conv2d-1', 'LayerNorm2d-1', 'Identity-1', 'Conv2d-2', 'LayerNorm-2', 'Linear-1', 'GELU-1', 'Dropout-1', 'Identity-2', 'Linear-2', 'Dropout-2', 'Mlp-1', 'Identity-3', 'Identity-4', 'ConvNeXtBlock-1', 'Conv2d-3', 'LayerNorm-3', 'Linear-3', 'GELU-2', 'Dropout-3', 'Identity-5', 'Linear-4', 'Dropout-4', 'Mlp-2', 'Identity-6', 'Identity-7', 'ConvNeXtBlock-2', 'Conv2d-4', 'LayerNorm-4', 'Linear-5', 'GELU-3', 'Dropout-5', 'Identity-8', 'Linear-6', 'Dropout-6', 'Mlp-3', 'Identity-9', 'Identity-10', 'ConvNeXtBlock-3', 'ConvNeXtStage-1', 'LayerNorm2d-2', 'Conv2d-5', 'Conv2d-6', 'LayerNorm-6', 'Linear-7', 'GELU-4', 'Dropout-7', 'Identity-11', 'Linear-8', 'Dropout-8', 'Mlp-4', 'Identity-12', 'Identity-13', 'ConvNeXtBlock-4', 'Conv2d-7', 'LayerNorm-7', 'Linear-9', 'GELU-5', 'Dropout-9', 'Identity-14', 'Linear-10', 'Dropout-10', 'Mlp-5', 'Identity-15', 'Identity-16', 'ConvNeXtBlock-5', 'Conv2d-8', 'LayerNorm-8', 'Linear-11', 'GELU-6', 'Dropout-11', 'Identity-17', 'Linear-12', 'Dropout-12', 'Mlp-6', 'Identity-18', 'Identity-19', 'ConvNeXtBlock-6', 'ConvNeXtStage-2', 'LayerNorm2d-3', 'Conv2d-9', 'Conv2d-10', 'LayerNorm-10', 'Linear-13', 'GELU-7', 'Dropout-13', 'Identity-20', 'Linear-14', 'Dropout-14', 'Mlp-7', 'Identity-21', 'Identity-22', 'ConvNeXtBlock-7', 'Conv2d-11', 'LayerNorm-11', 'Linear-15', 'GELU-8', 'Dropout-15', 'Identity-23', 'Linear-16', 'Dropout-16', 'Mlp-8', 'Identity-24', 'Identity-25', 'ConvNeXtBlock-8', 'Conv2d-12', 'LayerNorm-12', 'Linear-17', 'GELU-9', 'Dropout-17', 'Identity-26', 'Linear-18', 'Dropout-18', 'Mlp-9', 'Identity-27', 'Identity-28', 'ConvNeXtBlock-9', 'Conv2d-13', 'LayerNorm-13', 'Linear-19', 'GELU-10', 'Dropout-19', 'Identity-29', 'Linear-20', 'Dropout-20', 'Mlp-10', 'Identity-30', 'Identity-31', 'ConvNeXtBlock-10', 'Conv2d-14', 'LayerNorm-14', 'Linear-21', 'GELU-11', 'Dropout-21', 'Identity-32', 'Linear-22', 'Dropout-22', 'Mlp-11', 'Identity-33', 'Identity-34', 'ConvNeXtBlock-11', 'Conv2d-15', 'LayerNorm-15', 'Linear-23', 'GELU-12', 'Dropout-23', 'Identity-35', 'Linear-24', 'Dropout-24', 'Mlp-12', 'Identity-36', 'Identity-37', 'ConvNeXtBlock-12', 'Conv2d-16', 'LayerNorm-16', 'Linear-25', 'GELU-13', 'Dropout-25', 'Identity-38', 'Linear-26', 'Dropout-26', 'Mlp-13', 'Identity-39', 'Identity-40', 'ConvNeXtBlock-13', 'Conv2d-17', 'LayerNorm-17', 'Linear-27', 'GELU-14', 'Dropout-27', 'Identity-41', 'Linear-28', 'Dropout-28', 'Mlp-14', 'Identity-42', 'Identity-43', 'ConvNeXtBlock-14', 'Conv2d-18', 'LayerNorm-18', 'Linear-29', 'GELU-15', 'Dropout-29', 'Identity-44', 'Linear-30', 'Dropout-30', 'Mlp-15', 'Identity-45', 'Identity-46', 'ConvNeXtBlock-15', 'Conv2d-19', 'LayerNorm-19', 'Linear-31', 'GELU-16', 'Dropout-31', 'Identity-47', 'Linear-32', 'Dropout-32', 'Mlp-16', 'Identity-48', 'Identity-49', 'ConvNeXtBlock-16', 'Conv2d-20', 'LayerNorm-20', 'Linear-33', 'GELU-17', 'Dropout-33', 'Identity-50', 'Linear-34', 'Dropout-34', 'Mlp-17', 'Identity-51', 'Identity-52', 'ConvNeXtBlock-17', 'Conv2d-21', 'LayerNorm-21', 'Linear-35', 'GELU-18', 'Dropout-35', 'Identity-53', 'Linear-36', 'Dropout-36', 'Mlp-18', 'Identity-54', 'Identity-55', 'ConvNeXtBlock-18', 'Conv2d-22', 'LayerNorm-22', 'Linear-37', 'GELU-19', 'Dropout-37', 'Identity-56', 'Linear-38', 'Dropout-38', 'Mlp-19', 'Identity-57', 'Identity-58', 'ConvNeXtBlock-19', 'Conv2d-23', 'LayerNorm-23', 'Linear-39', 'GELU-20', 'Dropout-39', 'Identity-59', 'Linear-40', 'Dropout-40', 'Mlp-20', 'Identity-60', 'Identity-61', 'ConvNeXtBlock-20', 'Conv2d-24', 'LayerNorm-24', 'Linear-41', 'GELU-21', 'Dropout-41', 'Identity-62', 'Linear-42', 'Dropout-42', 'Mlp-21', 'Identity-63', 'Identity-64', 'ConvNeXtBlock-21', 'Conv2d-25', 'LayerNorm-25', 'Linear-43', 'GELU-22', 'Dropout-43', 'Identity-65', 'Linear-44', 'Dropout-44', 'Mlp-22', 'Identity-66', 'Identity-67', 'ConvNeXtBlock-22', 'Conv2d-26', 'LayerNorm-26', 'Linear-45', 'GELU-23', 'Dropout-45', 'Identity-68', 'Linear-46', 'Dropout-46', 'Mlp-23', 'Identity-69', 'Identity-70', 'ConvNeXtBlock-23', 'Conv2d-27', 'LayerNorm-27', 'Linear-47', 'GELU-24', 'Dropout-47', 'Identity-71', 'Linear-48', 'Dropout-48', 'Mlp-24', 'Identity-72', 'Identity-73', 'ConvNeXtBlock-24', 'Conv2d-28', 'LayerNorm-28', 'Linear-49', 'GELU-25', 'Dropout-49', 'Identity-74', 'Linear-50', 'Dropout-50', 'Mlp-25', 'Identity-75', 'Identity-76', 'ConvNeXtBlock-25', 'Conv2d-29', 'LayerNorm-29', 'Linear-51', 'GELU-26', 'Dropout-51', 'Identity-77', 'Linear-52', 'Dropout-52', 'Mlp-26', 'Identity-78', 'Identity-79', 'ConvNeXtBlock-26', 'Conv2d-30', 'LayerNorm-30', 'Linear-53', 'GELU-27', 'Dropout-53', 'Identity-80', 'Linear-54', 'Dropout-54', 'Mlp-27', 'Identity-81', 'Identity-82', 'ConvNeXtBlock-27', 'Conv2d-31', 'LayerNorm-31', 'Linear-55', 'GELU-28', 'Dropout-55', 'Identity-83', 'Linear-56', 'Dropout-56', 'Mlp-28', 'Identity-84', 'Identity-85', 'ConvNeXtBlock-28', 'Conv2d-32', 'LayerNorm-32', 'Linear-57', 'GELU-29', 'Dropout-57', 'Identity-86', 'Linear-58', 'Dropout-58', 'Mlp-29', 'Identity-87', 'Identity-88', 'ConvNeXtBlock-29', 'Conv2d-33', 'LayerNorm-33', 'Linear-59', 'GELU-30', 'Dropout-59', 'Identity-89', 'Linear-60', 'Dropout-60', 'Mlp-30', 'Identity-90', 'Identity-91', 'ConvNeXtBlock-30', 'Conv2d-34', 'LayerNorm-34', 'Linear-61', 'GELU-31', 'Dropout-61', 'Identity-92', 'Linear-62', 'Dropout-62', 'Mlp-31', 'Identity-93', 'Identity-94', 'ConvNeXtBlock-31', 'Conv2d-35', 'LayerNorm-35', 'Linear-63', 'GELU-32', 'Dropout-63', 'Identity-95', 'Linear-64', 'Dropout-64', 'Mlp-32', 'Identity-96', 'Identity-97', 'ConvNeXtBlock-32', 'Conv2d-36', 'LayerNorm-36', 'Linear-65', 'GELU-33', 'Dropout-65', 'Identity-98', 'Linear-66', 'Dropout-66', 'Mlp-33', 'Identity-99', 'Identity-100', 'ConvNeXtBlock-33', 'ConvNeXtStage-3', 'LayerNorm2d-4', 'Conv2d-37', 'Conv2d-38', 'LayerNorm-38', 'Linear-67', 'GELU-34', 'Dropout-67', 'Identity-101', 'Linear-68', 'Dropout-68', 'Mlp-34', 'Identity-102', 'Identity-103', 'ConvNeXtBlock-34', 'Conv2d-39', 'LayerNorm-39', 'Linear-69', 'GELU-35', 'Dropout-69', 'Identity-104', 'Linear-70', 'Dropout-70', 'Mlp-35', 'Identity-105', 'Identity-106', 'ConvNeXtBlock-35', 'Conv2d-40', 'LayerNorm-40', 'Linear-71', 'GELU-36', 'Dropout-71', 'Identity-107', 'Linear-72', 'Dropout-72', 'Mlp-36', 'Identity-108', 'Identity-109', 'ConvNeXtBlock-36', 'ConvNeXtStage-4', 'Identity-110', 'AdaptiveAvgPool2d-1', 'Identity-111', 'SelectAdaptivePool2d-1', 'LayerNorm2d-5', 'Flatten-1', 'Identity-112', 'Dropout-73', 'Linear-73', 'NormMlpClassifierHead-1', 'ConvNeXt-41']
Total number of layers: 456

==================================================
Processing layer: Conv2d-26 from model: convnext_base_classification

For model convnext_base_classification Layer Conv2d-26: Extracting features for 9000 images in batches of 28...
Feature extraction for model convnext_base_classification layer Conv2d-26 completed in 2569.20 seconds.
Finding best ridge alphas for 90 target PCs using 100352 features and 9000 samples.
Using alphas: 10^1 to 10^20, 100 values spaced logarithmically.
[Pipeline] ........... (step 1 of 1) Processing ridgecv, total= 6.6min

Selected alpha and cross-validation score for each PC:
Finished finding best ridge alphas for each target PC.✅

PC   1: alpha = 5.72237e+06, CV score = -1511.593779

PC   2: alpha = 3.67838e+06, CV score = -490.841701

PC   3: alpha = 1.51991e+06, CV score = -337.318282

PC   4: alpha = 2.36449e+06, CV score = -203.794503

PC   5: alpha = 3.67838e+06, CV score = -170.718728

PC   6: alpha = 5.72237e+06, CV score = -159.449980

PC   7: alpha = 3.67838e+06, CV score = -142.327388

PC   8: alpha = 8.90215e+06, CV score = -147.534735

PC   9: alpha = 3.67838e+06, CV score = -103.196101

PC  10: alpha = 3.67838e+06, CV score = -86.379580

PC  11: alpha = 3.67838e+06, CV score = -83.510024

PC  12: alpha = 2.36449e+06, CV score = -55.283418

PC  13: alpha = 8.90215e+06, CV score = -91.775125

PC  14: alpha = 3.67838e+06, CV score = -76.471587

PC  15: alpha = 3.67838e+06, CV score = -66.117061

PC  16: alpha = 5.72237e+06, CV score = -72.625595

PC  17: alpha = 5.72237e+06, CV score = -67.596640

PC  18: alpha = 8.90215e+06, CV score = -72.911162

PC  19: alpha = 5.72237e+06, CV score = -60.722307

PC  20: alpha = 5.72237e+06, CV score = -63.564548

PC  21: alpha = 5.72237e+06, CV score = -56.193500

PC  22: alpha = 5.72237e+06, CV score = -56.752053

PC  23: alpha = 5.72237e+06, CV score = -53.900798

PC  24: alpha = 8.90215e+06, CV score = -54.114035

PC  25: alpha = 3.67838e+06, CV score = -50.483572

PC  26: alpha = 8.90215e+06, CV score = -51.555301

PC  27: alpha = 5.72237e+06, CV score = -46.673013

PC  28: alpha = 8.90215e+06, CV score = -47.189386

PC  29: alpha = 5.72237e+06, CV score = -45.405576

PC  30: alpha = 5.72237e+06, CV score = -40.744353

PC  31: alpha = 5.72237e+06, CV score = -39.219331

PC  32: alpha = 5.72237e+06, CV score = -37.616038

PC  33: alpha = 5.72237e+06, CV score = -37.870683

PC  34: alpha = 8.90215e+06, CV score = -38.447467

PC  35: alpha = 5.72237e+06, CV score = -34.510442

PC  36: alpha = 8.90215e+06, CV score = -34.085639

PC  37: alpha = 8.90215e+06, CV score = -34.716688

PC  38: alpha = 3.67838e+06, CV score = -30.881574

PC  39: alpha = 5.72237e+06, CV score = -32.734556

PC  40: alpha = 5.72237e+06, CV score = -30.184551

PC  41: alpha = 5.72237e+06, CV score = -29.932651

PC  42: alpha = 5.72237e+06, CV score = -28.216272

PC  43: alpha = 8.90215e+06, CV score = -28.494078

PC  44: alpha = 8.90215e+06, CV score = -28.365323

PC  45: alpha = 5.72237e+06, CV score = -25.853579

PC  46: alpha = 8.90215e+06, CV score = -27.860187

PC  47: alpha = 8.90215e+06, CV score = -25.446620

PC  48: alpha = 2.36449e+06, CV score = -22.380617

PC  49: alpha = 5.72237e+06, CV score = -24.303338

PC  50: alpha = 5.72237e+06, CV score = -23.822798

PC  51: alpha = 5.72237e+06, CV score = -21.666028

PC  52: alpha = 8.90215e+06, CV score = -23.398739

PC  53: alpha = 3.67838e+06, CV score = -21.792758

PC  54: alpha = 8.90215e+06, CV score = -22.306631

PC  55: alpha = 8.90215e+06, CV score = -21.393676

PC  56: alpha = 5.72237e+06, CV score = -20.056159

PC  57: alpha = 5.72237e+06, CV score = -20.187534

PC  58: alpha = 5.72237e+06, CV score = -19.652263

PC  59: alpha = 8.90215e+06, CV score = -20.240320

PC  60: alpha = 8.90215e+06, CV score = -19.387100

PC  61: alpha = 5.72237e+06, CV score = -18.789888

PC  62: alpha = 5.72237e+06, CV score = -18.039789

PC  63: alpha = 5.72237e+06, CV score = -17.957359

PC  64: alpha = 8.90215e+06, CV score = -17.738842

PC  65: alpha = 3.67838e+06, CV score = -15.038542

PC  66: alpha = 5.72237e+06, CV score = -17.162667

PC  67: alpha = 8.90215e+06, CV score = -17.417849

PC  68: alpha = 2.15443e+07, CV score = -17.496256

PC  69: alpha = 8.90215e+06, CV score = -16.787497

PC  70: alpha = 5.72237e+06, CV score = -16.029887

PC  71: alpha = 5.72237e+06, CV score = -15.639424

PC  72: alpha = 8.90215e+06, CV score = -15.442351

PC  73: alpha = 8.90215e+06, CV score = -15.263184

PC  74: alpha = 8.90215e+06, CV score = -15.200278

PC  75: alpha = 8.90215e+06, CV score = -15.014249

PC  76: alpha = 5.72237e+06, CV score = -14.076499

PC  77: alpha = 5.72237e+06, CV score = -13.914355

PC  78: alpha = 8.90215e+06, CV score = -14.366373

PC  79: alpha = 5.72237e+06, CV score = -13.879812

PC  80: alpha = 5.72237e+06, CV score = -13.702162

PC  81: alpha = 8.90215e+06, CV score = -13.870150

PC  82: alpha = 5.72237e+06, CV score = -13.300720

PC  83: alpha = 8.90215e+06, CV score = -13.099417

PC  84: alpha = 5.72237e+06, CV score = -12.717913

PC  85: alpha = 5.72237e+06, CV score = -12.409023

PC  86: alpha = 1.38489e+07, CV score = -12.697497

PC  87: alpha = 8.90215e+06, CV score = -12.511791

PC  88: alpha = 8.90215e+06, CV score = -11.955514

PC  89: alpha = 5.72237e+06, CV score = -12.085372

PC  90: alpha = 8.90215e+06, CV score = -11.977060

Mean cross-validation score across PCs: -64.859435

======================================================================================

Chosen model: xcit_nano_12_p8_224_classification
Number of images: 73000
Image shape: (425, 425, 3), dtype: uint8
nsdID shape: (73000,), Shared1000 shape: (73000,)
Neural data shape: (10000, 8088)
Image IDs shape: (10000,)
Number of voxels: 8088
Number of projections for SRP: 7894

Loaded target with shape (10000, 8088).
Transformed data shape: (9000, 200)
Transformed data shape after truncion: (9000, 90)
Model options for xcit_nano_12_p8_224_classification: {'model_name': 'xcit_nano_12_p8_224', 'train_type': 'classification', 'train_data': 'imagenet', 'model_source': 'timm', 'call': "get_timm_model('xcit_nano_12_p8_224', pretrained = True)"}
Image transforms for xcit_nano_12_p8_224_classification: Compose(
    Resize(size=(224, 224), interpolation=bicubic, max_size=None, antialias=True)
    MaybeToTensor()
    Normalize(mean=tensor([0.4850, 0.4560, 0.4060]), std=tensor([0.2290, 0.2240, 0.2250]))
)
Loaded model: xcit_nano_12_p8_224_classification
Ordered layers from model: ['Conv2d-1', 'BatchNorm2d-1', 'GELU-1', 'Conv2d-2', 'BatchNorm2d-2', 'GELU-2', 'Conv2d-3', 'BatchNorm2d-3', 'ConvPatchEmbed-1-1', 'PositionalEncodingFourier-1', 'Dropout-1', 'LayerNorm-1', 'Linear-1', 'Dropout-2', 'Linear-2', 'Dropout-3', 'XCA-1', 'Identity-1', 'LayerNorm-2', 'Conv2d-5', 'GELU-3', 'BatchNorm2d-4', 'Conv2d-6', 'LPI-1', 'Identity-2', 'LayerNorm-3', 'Linear-3', 'GELU-4', 'Dropout-4', 'Identity-3', 'Linear-4', 'Dropout-5', 'Mlp-1', 'Identity-4', 'XCABlock-1', 'LayerNorm-4', 'Linear-5', 'Dropout-6', 'Linear-6', 'Dropout-7', 'XCA-3', 'Identity-5', 'LayerNorm-5', 'Conv2d-7', 'GELU-5', 'BatchNorm2d-5', 'Conv2d-8', 'LPI-2', 'Identity-6', 'LayerNorm-6', 'Linear-7', 'GELU-6', 'Dropout-8', 'Identity-7', 'Linear-8', 'Dropout-9', 'Mlp-2', 'Identity-8', 'XCABlock-2', 'LayerNorm-7', 'Linear-9', 'Dropout-10', 'Linear-10', 'Dropout-11', 'XCA-5', 'Identity-9', 'LayerNorm-8', 'Conv2d-9', 'GELU-7', 'BatchNorm2d-6', 'Conv2d-10', 'LPI-3', 'Identity-10', 'LayerNorm-9', 'Linear-11', 'GELU-8', 'Dropout-12', 'Identity-11', 'Linear-12', 'Dropout-13', 'Mlp-3', 'Identity-12', 'XCABlock-3', 'LayerNorm-10', 'Linear-13', 'Dropout-14', 'Linear-14', 'Dropout-15', 'XCA-7', 'Identity-13', 'LayerNorm-11', 'Conv2d-11', 'GELU-9', 'BatchNorm2d-7', 'Conv2d-12', 'LPI-4', 'Identity-14', 'LayerNorm-12', 'Linear-15', 'GELU-10', 'Dropout-16', 'Identity-15', 'Linear-16', 'Dropout-17', 'Mlp-4', 'Identity-16', 'XCABlock-4', 'LayerNorm-13', 'Linear-17', 'Dropout-18', 'Linear-18', 'Dropout-19', 'XCA-9', 'Identity-17', 'LayerNorm-14', 'Conv2d-13', 'GELU-11', 'BatchNorm2d-8', 'Conv2d-14', 'LPI-5', 'Identity-18', 'LayerNorm-15', 'Linear-19', 'GELU-12', 'Dropout-20', 'Identity-19', 'Linear-20', 'Dropout-21', 'Mlp-5', 'Identity-20', 'XCABlock-5', 'LayerNorm-16', 'Linear-21', 'Dropout-22', 'Linear-22', 'Dropout-23', 'XCA-11', 'Identity-21', 'LayerNorm-17', 'Conv2d-15', 'GELU-13', 'BatchNorm2d-9', 'Conv2d-16', 'LPI-6', 'Identity-22', 'LayerNorm-18', 'Linear-23', 'GELU-14', 'Dropout-24', 'Identity-23', 'Linear-24', 'Dropout-25', 'Mlp-6', 'Identity-24', 'XCABlock-6', 'LayerNorm-19', 'Linear-25', 'Dropout-26', 'Linear-26', 'Dropout-27', 'XCA-13', 'Identity-25', 'LayerNorm-20', 'Conv2d-17', 'GELU-15', 'BatchNorm2d-10', 'Conv2d-18', 'LPI-7', 'Identity-26', 'LayerNorm-21', 'Linear-27', 'GELU-16', 'Dropout-28', 'Identity-27', 'Linear-28', 'Dropout-29', 'Mlp-7', 'Identity-28', 'XCABlock-7', 'LayerNorm-22', 'Linear-29', 'Dropout-30', 'Linear-30', 'Dropout-31', 'XCA-15', 'Identity-29', 'LayerNorm-23', 'Conv2d-19', 'GELU-17', 'BatchNorm2d-11', 'Conv2d-20', 'LPI-8', 'Identity-30', 'LayerNorm-24', 'Linear-31', 'GELU-18', 'Dropout-32', 'Identity-31', 'Linear-32', 'Dropout-33', 'Mlp-8', 'Identity-32', 'XCABlock-8', 'LayerNorm-25', 'Linear-33', 'Dropout-34', 'Linear-34', 'Dropout-35', 'XCA-17', 'Identity-33', 'LayerNorm-26', 'Conv2d-21', 'GELU-19', 'BatchNorm2d-12', 'Conv2d-22', 'LPI-9', 'Identity-34', 'LayerNorm-27', 'Linear-35', 'GELU-20', 'Dropout-36', 'Identity-35', 'Linear-36', 'Dropout-37', 'Mlp-9', 'Identity-36', 'XCABlock-9', 'LayerNorm-28', 'Linear-37', 'Dropout-38', 'Linear-38', 'Dropout-39', 'XCA-19', 'Identity-37', 'LayerNorm-29', 'Conv2d-23', 'GELU-21', 'BatchNorm2d-13', 'Conv2d-24', 'LPI-10', 'Identity-38', 'LayerNorm-30', 'Linear-39', 'GELU-22', 'Dropout-40', 'Identity-39', 'Linear-40', 'Dropout-41', 'Mlp-10', 'Identity-40', 'XCABlock-10', 'LayerNorm-31', 'Linear-41', 'Dropout-42', 'Linear-42', 'Dropout-43', 'XCA-21', 'Identity-41', 'LayerNorm-32', 'Conv2d-25', 'GELU-23', 'BatchNorm2d-14', 'Conv2d-26', 'LPI-11', 'Identity-42', 'LayerNorm-33', 'Linear-43', 'GELU-24', 'Dropout-44', 'Identity-43', 'Linear-44', 'Dropout-45', 'Mlp-11', 'Identity-44', 'XCABlock-11', 'LayerNorm-34', 'Linear-45', 'Dropout-46', 'Linear-46', 'Dropout-47', 'XCA-23', 'Identity-45', 'LayerNorm-35', 'Conv2d-27', 'GELU-25', 'BatchNorm2d-15', 'Conv2d-28', 'LPI-12', 'Identity-46', 'LayerNorm-36', 'Linear-47', 'GELU-26', 'Dropout-48', 'Identity-47', 'Linear-48', 'Dropout-49', 'Mlp-12', 'Identity-48', 'XCABlock-12', 'LayerNorm-37', 'Linear-49', 'Linear-50', 'Linear-51', 'Linear-52', 'Dropout-50', 'ClassAttn-1', 'Identity-49', 'LayerNorm-38', 'Linear-53', 'GELU-27', 'Dropout-51', 'Identity-50', 'Linear-54', 'Dropout-52', 'Mlp-13', 'Identity-51', 'ClassAttentionBlock-1', 'LayerNorm-39', 'Linear-55', 'Linear-56', 'Linear-57', 'Linear-58', 'Dropout-53', 'ClassAttn-2', 'Identity-52', 'LayerNorm-40', 'Linear-59', 'GELU-28', 'Dropout-54', 'Identity-53', 'Linear-60', 'Dropout-55', 'Mlp-14', 'Identity-54', 'ClassAttentionBlock-2', 'LayerNorm-41', 'Dropout-56', 'Linear-61', 'Xcit-1']
Total number of layers: 339

==================================================
Processing layer: Linear-43 from model: xcit_nano_12_p8_224_classification

For model xcit_nano_12_p8_224_classification Layer Linear-43: Extracting features for 9000 images in batches of 28...
Feature extraction for model xcit_nano_12_p8_224_classification layer Linear-43 completed in 624.85 seconds.
Finding best ridge alphas for 90 target PCs using 401408 features and 9000 samples.
Using alphas: 10^1 to 10^20, 100 values spaced logarithmically.
[Pipeline] ........... (step 1 of 1) Processing ridgecv, total=22.6min

Selected alpha and cross-validation score for each PC:
Finished finding best ridge alphas for each target PC.✅

PC   1: alpha = 628029, CV score = -1563.127547

PC   2: alpha = 259502, CV score = -561.891049

PC   3: alpha = 166810, CV score = -368.242688

PC   4: alpha = 166810, CV score = -222.789784

PC   5: alpha = 259502, CV score = -185.186751

PC   6: alpha = 403702, CV score = -171.197832

PC   7: alpha = 403702, CV score = -147.477388

PC   8: alpha = 977010, CV score = -149.514294

PC   9: alpha = 259502, CV score = -109.575810

PC  10: alpha = 403702, CV score = -92.196807

PC  11: alpha = 403702, CV score = -86.394555

PC  12: alpha = 259502, CV score = -63.724801

PC  13: alpha = 977010, CV score = -94.903100

PC  14: alpha = 403702, CV score = -78.950996

PC  15: alpha = 403702, CV score = -68.870672

PC  16: alpha = 628029, CV score = -75.181009

PC  17: alpha = 403702, CV score = -69.574687

PC  18: alpha = 628029, CV score = -73.408738

PC  19: alpha = 403702, CV score = -63.454851

PC  20: alpha = 403702, CV score = -64.421673

PC  21: alpha = 403702, CV score = -58.527251

PC  22: alpha = 628029, CV score = -57.715073

PC  23: alpha = 628029, CV score = -55.218034

PC  24: alpha = 628029, CV score = -54.701360

PC  25: alpha = 403702, CV score = -52.317821

PC  26: alpha = 977010, CV score = -52.110940

PC  27: alpha = 403702, CV score = -47.457576

PC  28: alpha = 977010, CV score = -47.838718

PC  29: alpha = 628029, CV score = -46.530058

PC  30: alpha = 628029, CV score = -41.734649

PC  31: alpha = 403702, CV score = -40.481918

PC  32: alpha = 403702, CV score = -38.619792

PC  33: alpha = 628029, CV score = -38.673686

PC  34: alpha = 628029, CV score = -38.548603

PC  35: alpha = 628029, CV score = -35.377219

PC  36: alpha = 977010, CV score = -34.801589

PC  37: alpha = 977010, CV score = -35.051794

PC  38: alpha = 628029, CV score = -32.034980

PC  39: alpha = 628029, CV score = -33.165672

PC  40: alpha = 628029, CV score = -30.968238

PC  41: alpha = 628029, CV score = -30.563985

PC  42: alpha = 628029, CV score = -28.902453

PC  43: alpha = 628029, CV score = -28.805218

PC  44: alpha = 977010, CV score = -28.837884

PC  45: alpha = 628029, CV score = -26.527465

PC  46: alpha = 977010, CV score = -28.171683

PC  47: alpha = 628029, CV score = -25.832461

PC  48: alpha = 259502, CV score = -23.540433

PC  49: alpha = 403702, CV score = -24.769541

PC  50: alpha = 628029, CV score = -24.195914

PC  51: alpha = 403702, CV score = -22.223323

PC  52: alpha = 977010, CV score = -23.536951

PC  53: alpha = 403702, CV score = -22.154561

PC  54: alpha = 628029, CV score = -22.631642

PC  55: alpha = 977010, CV score = -21.737645

PC  56: alpha = 403702, CV score = -20.586659

PC  57: alpha = 628029, CV score = -20.775201

PC  58: alpha = 628029, CV score = -20.084960

PC  59: alpha = 977010, CV score = -20.406793

PC  60: alpha = 628029, CV score = -19.696294

PC  61: alpha = 628029, CV score = -19.084341

PC  62: alpha = 403702, CV score = -18.341585

PC  63: alpha = 628029, CV score = -18.210164

PC  64: alpha = 628029, CV score = -17.976810

PC  65: alpha = 259502, CV score = -15.533934

PC  66: alpha = 628029, CV score = -17.411076

PC  67: alpha = 977010, CV score = -17.515772

PC  68: alpha = 1.51991e+06, CV score = -17.532081

PC  69: alpha = 977010, CV score = -17.040508

PC  70: alpha = 628029, CV score = -16.337226

PC  71: alpha = 403702, CV score = -16.034390

PC  72: alpha = 628029, CV score = -15.794849

PC  73: alpha = 628029, CV score = -15.428961

PC  74: alpha = 977010, CV score = -15.370984

PC  75: alpha = 977010, CV score = -15.127990

PC  76: alpha = 628029, CV score = -14.522884

PC  77: alpha = 403702, CV score = -14.089559

PC  78: alpha = 977010, CV score = -14.432838

PC  79: alpha = 628029, CV score = -14.171551

PC  80: alpha = 628029, CV score = -13.871139

PC  81: alpha = 977010, CV score = -14.081871

PC  82: alpha = 628029, CV score = -13.479836

PC  83: alpha = 628029, CV score = -13.249572

PC  84: alpha = 628029, CV score = -12.969096

PC  85: alpha = 628029, CV score = -12.675522

PC  86: alpha = 977010, CV score = -12.803118

PC  87: alpha = 628029, CV score = -12.570895

PC  88: alpha = 628029, CV score = -12.157458

PC  89: alpha = 628029, CV score = -12.275610

PC  90: alpha = 628029, CV score = -12.134782

Mean cross-validation score across PCs: -67.979639

======================================================================================

Chosen model: xcit_nano_12_p16_224_classification
Number of images: 73000
Image shape: (425, 425, 3), dtype: uint8
nsdID shape: (73000,), Shared1000 shape: (73000,)
Neural data shape: (10000, 8088)
Image IDs shape: (10000,)
Number of voxels: 8088
Number of projections for SRP: 7894

Loaded target with shape (10000, 8088).
Transformed data shape: (9000, 200)
Transformed data shape after truncion: (9000, 90)
Model options for xcit_nano_12_p16_224_classification: {'model_name': 'xcit_nano_12_p16_224', 'train_type': 'classification', 'train_data': 'imagenet', 'model_source': 'timm', 'call': "get_timm_model('xcit_nano_12_p16_224', pretrained = True)"}
Image transforms for xcit_nano_12_p16_224_classification: Compose(
    Resize(size=(224, 224), interpolation=bicubic, max_size=None, antialias=True)
    MaybeToTensor()
    Normalize(mean=tensor([0.4850, 0.4560, 0.4060]), std=tensor([0.2290, 0.2240, 0.2250]))
)
Loaded model: xcit_nano_12_p16_224_classification
Ordered layers from model: ['Conv2d-1', 'BatchNorm2d-1', 'GELU-1', 'Conv2d-2', 'BatchNorm2d-2', 'GELU-2', 'Conv2d-3', 'BatchNorm2d-3', 'GELU-3', 'Conv2d-4', 'BatchNorm2d-4', 'ConvPatchEmbed-1-1', 'PositionalEncodingFourier-1', 'Dropout-1', 'LayerNorm-1', 'Linear-1', 'Dropout-2', 'Linear-2', 'Dropout-3', 'XCA-1', 'Identity-1', 'LayerNorm-2', 'Conv2d-6', 'GELU-4', 'BatchNorm2d-5', 'Conv2d-7', 'LPI-1', 'Identity-2', 'LayerNorm-3', 'Linear-3', 'GELU-5', 'Dropout-4', 'Identity-3', 'Linear-4', 'Dropout-5', 'Mlp-1', 'Identity-4', 'XCABlock-1', 'LayerNorm-4', 'Linear-5', 'Dropout-6', 'Linear-6', 'Dropout-7', 'XCA-3', 'Identity-5', 'LayerNorm-5', 'Conv2d-8', 'GELU-6', 'BatchNorm2d-6', 'Conv2d-9', 'LPI-2', 'Identity-6', 'LayerNorm-6', 'Linear-7', 'GELU-7', 'Dropout-8', 'Identity-7', 'Linear-8', 'Dropout-9', 'Mlp-2', 'Identity-8', 'XCABlock-2', 'LayerNorm-7', 'Linear-9', 'Dropout-10', 'Linear-10', 'Dropout-11', 'XCA-5', 'Identity-9', 'LayerNorm-8', 'Conv2d-10', 'GELU-8', 'BatchNorm2d-7', 'Conv2d-11', 'LPI-3', 'Identity-10', 'LayerNorm-9', 'Linear-11', 'GELU-9', 'Dropout-12', 'Identity-11', 'Linear-12', 'Dropout-13', 'Mlp-3', 'Identity-12', 'XCABlock-3', 'LayerNorm-10', 'Linear-13', 'Dropout-14', 'Linear-14', 'Dropout-15', 'XCA-7', 'Identity-13', 'LayerNorm-11', 'Conv2d-12', 'GELU-10', 'BatchNorm2d-8', 'Conv2d-13', 'LPI-4', 'Identity-14', 'LayerNorm-12', 'Linear-15', 'GELU-11', 'Dropout-16', 'Identity-15', 'Linear-16', 'Dropout-17', 'Mlp-4', 'Identity-16', 'XCABlock-4', 'LayerNorm-13', 'Linear-17', 'Dropout-18', 'Linear-18', 'Dropout-19', 'XCA-9', 'Identity-17', 'LayerNorm-14', 'Conv2d-14', 'GELU-12', 'BatchNorm2d-9', 'Conv2d-15', 'LPI-5', 'Identity-18', 'LayerNorm-15', 'Linear-19', 'GELU-13', 'Dropout-20', 'Identity-19', 'Linear-20', 'Dropout-21', 'Mlp-5', 'Identity-20', 'XCABlock-5', 'LayerNorm-16', 'Linear-21', 'Dropout-22', 'Linear-22', 'Dropout-23', 'XCA-11', 'Identity-21', 'LayerNorm-17', 'Conv2d-16', 'GELU-14', 'BatchNorm2d-10', 'Conv2d-17', 'LPI-6', 'Identity-22', 'LayerNorm-18', 'Linear-23', 'GELU-15', 'Dropout-24', 'Identity-23', 'Linear-24', 'Dropout-25', 'Mlp-6', 'Identity-24', 'XCABlock-6', 'LayerNorm-19', 'Linear-25', 'Dropout-26', 'Linear-26', 'Dropout-27', 'XCA-13', 'Identity-25', 'LayerNorm-20', 'Conv2d-18', 'GELU-16', 'BatchNorm2d-11', 'Conv2d-19', 'LPI-7', 'Identity-26', 'LayerNorm-21', 'Linear-27', 'GELU-17', 'Dropout-28', 'Identity-27', 'Linear-28', 'Dropout-29', 'Mlp-7', 'Identity-28', 'XCABlock-7', 'LayerNorm-22', 'Linear-29', 'Dropout-30', 'Linear-30', 'Dropout-31', 'XCA-15', 'Identity-29', 'LayerNorm-23', 'Conv2d-20', 'GELU-18', 'BatchNorm2d-12', 'Conv2d-21', 'LPI-8', 'Identity-30', 'LayerNorm-24', 'Linear-31', 'GELU-19', 'Dropout-32', 'Identity-31', 'Linear-32', 'Dropout-33', 'Mlp-8', 'Identity-32', 'XCABlock-8', 'LayerNorm-25', 'Linear-33', 'Dropout-34', 'Linear-34', 'Dropout-35', 'XCA-17', 'Identity-33', 'LayerNorm-26', 'Conv2d-22', 'GELU-20', 'BatchNorm2d-13', 'Conv2d-23', 'LPI-9', 'Identity-34', 'LayerNorm-27', 'Linear-35', 'GELU-21', 'Dropout-36', 'Identity-35', 'Linear-36', 'Dropout-37', 'Mlp-9', 'Identity-36', 'XCABlock-9', 'LayerNorm-28', 'Linear-37', 'Dropout-38', 'Linear-38', 'Dropout-39', 'XCA-19', 'Identity-37', 'LayerNorm-29', 'Conv2d-24', 'GELU-22', 'BatchNorm2d-14', 'Conv2d-25', 'LPI-10', 'Identity-38', 'LayerNorm-30', 'Linear-39', 'GELU-23', 'Dropout-40', 'Identity-39', 'Linear-40', 'Dropout-41', 'Mlp-10', 'Identity-40', 'XCABlock-10', 'LayerNorm-31', 'Linear-41', 'Dropout-42', 'Linear-42', 'Dropout-43', 'XCA-21', 'Identity-41', 'LayerNorm-32', 'Conv2d-26', 'GELU-24', 'BatchNorm2d-15', 'Conv2d-27', 'LPI-11', 'Identity-42', 'LayerNorm-33', 'Linear-43', 'GELU-25', 'Dropout-44', 'Identity-43', 'Linear-44', 'Dropout-45', 'Mlp-11', 'Identity-44', 'XCABlock-11', 'LayerNorm-34', 'Linear-45', 'Dropout-46', 'Linear-46', 'Dropout-47', 'XCA-23', 'Identity-45', 'LayerNorm-35', 'Conv2d-28', 'GELU-26', 'BatchNorm2d-16', 'Conv2d-29', 'LPI-12', 'Identity-46', 'LayerNorm-36', 'Linear-47', 'GELU-27', 'Dropout-48', 'Identity-47', 'Linear-48', 'Dropout-49', 'Mlp-12', 'Identity-48', 'XCABlock-12', 'LayerNorm-37', 'Linear-49', 'Linear-50', 'Linear-51', 'Linear-52', 'Dropout-50', 'ClassAttn-1', 'Identity-49', 'LayerNorm-38', 'Linear-53', 'GELU-28', 'Dropout-51', 'Identity-50', 'Linear-54', 'Dropout-52', 'Mlp-13', 'Identity-51', 'ClassAttentionBlock-1', 'LayerNorm-39', 'Linear-55', 'Linear-56', 'Linear-57', 'Linear-58', 'Dropout-53', 'ClassAttn-2', 'Identity-52', 'LayerNorm-40', 'Linear-59', 'GELU-29', 'Dropout-54', 'Identity-53', 'Linear-60', 'Dropout-55', 'Mlp-14', 'Identity-54', 'ClassAttentionBlock-2', 'LayerNorm-41', 'Dropout-56', 'Linear-61', 'Xcit-1']
Total number of layers: 342

==================================================
Processing layer: LPI-10 from model: xcit_nano_12_p16_224_classification

For model xcit_nano_12_p16_224_classification Layer LPI-10: Extracting features for 9000 images in batches of 28...
Feature extraction for model xcit_nano_12_p16_224_classification layer LPI-10 completed in 228.63 seconds.
Finding best ridge alphas for 90 target PCs using 25088 features and 9000 samples.
Using alphas: 10^1 to 10^20, 100 values spaced logarithmically.
[Pipeline] ........... (step 1 of 1) Processing ridgecv, total= 2.7min

Selected alpha and cross-validation score for each PC:
Finished finding best ridge alphas for each target PC.✅

PC   1: alpha = 4862.6, CV score = -1562.313111

PC   2: alpha = 2009.23, CV score = -574.669501

PC   3: alpha = 1291.55, CV score = -387.772244

PC   4: alpha = 1291.55, CV score = -223.328196

PC   5: alpha = 3125.72, CV score = -186.796026

PC   6: alpha = 3125.72, CV score = -170.883210

PC   7: alpha = 3125.72, CV score = -147.655995

PC   8: alpha = 7564.63, CV score = -148.906129

PC   9: alpha = 3125.72, CV score = -108.932351

PC  10: alpha = 3125.72, CV score = -90.790125

PC  11: alpha = 4862.6, CV score = -86.706616

PC  12: alpha = 2009.23, CV score = -62.342635

PC  13: alpha = 7564.63, CV score = -94.071658

PC  14: alpha = 3125.72, CV score = -79.005213

PC  15: alpha = 3125.72, CV score = -68.951608

PC  16: alpha = 4862.6, CV score = -75.085894

PC  17: alpha = 4862.6, CV score = -69.507750

PC  18: alpha = 7564.63, CV score = -73.122281

PC  19: alpha = 4862.6, CV score = -63.117315

PC  20: alpha = 4862.6, CV score = -64.947474

PC  21: alpha = 4862.6, CV score = -58.698953

PC  22: alpha = 4862.6, CV score = -57.653294

PC  23: alpha = 4862.6, CV score = -55.400180

PC  24: alpha = 7564.63, CV score = -54.975802

PC  25: alpha = 3125.72, CV score = -52.475651

PC  26: alpha = 7564.63, CV score = -52.230367

PC  27: alpha = 4862.6, CV score = -47.707576

PC  28: alpha = 7564.63, CV score = -47.779267

PC  29: alpha = 7564.63, CV score = -46.631881

PC  30: alpha = 4862.6, CV score = -41.628289

PC  31: alpha = 3125.72, CV score = -40.751656

PC  32: alpha = 4862.6, CV score = -38.948402

PC  33: alpha = 4862.6, CV score = -38.611448

PC  34: alpha = 4862.6, CV score = -38.682478

PC  35: alpha = 4862.6, CV score = -35.588070

PC  36: alpha = 7564.63, CV score = -34.720731

PC  37: alpha = 7564.63, CV score = -35.133130

PC  38: alpha = 4862.6, CV score = -31.918712

PC  39: alpha = 4862.6, CV score = -33.124731

PC  40: alpha = 4862.6, CV score = -31.015635

PC  41: alpha = 7564.63, CV score = -30.492563

PC  42: alpha = 4862.6, CV score = -28.931835

PC  43: alpha = 7564.63, CV score = -28.833208

PC  44: alpha = 11768.1, CV score = -28.974851

PC  45: alpha = 4862.6, CV score = -26.615788

PC  46: alpha = 11768.1, CV score = -28.174609

PC  47: alpha = 4862.6, CV score = -25.895610

PC  48: alpha = 2009.23, CV score = -23.390206

PC  49: alpha = 4862.6, CV score = -24.875769

PC  50: alpha = 4862.6, CV score = -24.112549

PC  51: alpha = 4862.6, CV score = -22.275828

PC  52: alpha = 7564.63, CV score = -23.533984

PC  53: alpha = 3125.72, CV score = -22.194002

PC  54: alpha = 4862.6, CV score = -22.491370

PC  55: alpha = 7564.63, CV score = -21.712827

PC  56: alpha = 3125.72, CV score = -20.687853

PC  57: alpha = 4862.6, CV score = -20.689941

PC  58: alpha = 4862.6, CV score = -20.193891

PC  59: alpha = 11768.1, CV score = -20.437509

PC  60: alpha = 7564.63, CV score = -19.699217

PC  61: alpha = 4862.6, CV score = -19.065829

PC  62: alpha = 4862.6, CV score = -18.356612

PC  63: alpha = 4862.6, CV score = -18.363026

PC  64: alpha = 4862.6, CV score = -18.057504

PC  65: alpha = 3125.72, CV score = -15.549375

PC  66: alpha = 4862.6, CV score = -17.446901

PC  67: alpha = 7564.63, CV score = -17.497979

PC  68: alpha = 7564.63, CV score = -17.479542

PC  69: alpha = 7564.63, CV score = -16.965439

PC  70: alpha = 7564.63, CV score = -16.422013

PC  71: alpha = 4862.6, CV score = -15.982549

PC  72: alpha = 4862.6, CV score = -15.717987

PC  73: alpha = 7564.63, CV score = -15.441368

PC  74: alpha = 7564.63, CV score = -15.387886

PC  75: alpha = 7564.63, CV score = -15.161874

PC  76: alpha = 7564.63, CV score = -14.559559

PC  77: alpha = 4862.6, CV score = -14.215381

PC  78: alpha = 7564.63, CV score = -14.412107

PC  79: alpha = 4862.6, CV score = -14.113297

PC  80: alpha = 4862.6, CV score = -13.874684

PC  81: alpha = 7564.63, CV score = -14.032080

PC  82: alpha = 7564.63, CV score = -13.497991

PC  83: alpha = 7564.63, CV score = -13.366944

PC  84: alpha = 7564.63, CV score = -12.997751

PC  85: alpha = 4862.6, CV score = -12.678030

PC  86: alpha = 11768.1, CV score = -12.819578

PC  87: alpha = 7564.63, CV score = -12.580287

PC  88: alpha = 4862.6, CV score = -12.188547

PC  89: alpha = 7564.63, CV score = -12.276649

PC  90: alpha = 4862.6, CV score = -12.123186

Mean cross-validation score across PCs: -68.326966

======================================================================================

Chosen model: swin_large_patch4_window7_224_classification
Number of images: 73000
Image shape: (425, 425, 3), dtype: uint8
nsdID shape: (73000,), Shared1000 shape: (73000,)
Neural data shape: (10000, 8088)
Image IDs shape: (10000,)
Number of voxels: 8088
Number of projections for SRP: 7894

Loaded target with shape (10000, 8088).
Transformed data shape: (9000, 200)
Transformed data shape after truncion: (9000, 90)
Model options for swin_large_patch4_window7_224_classification: {'model_name': 'swin_large_patch4_window7_224', 'train_type': 'classification', 'train_data': 'imagenet', 'model_source': 'timm', 'call': "get_timm_model('swin_large_patch4_window7_224', pretrained = True)"}
Image transforms for swin_large_patch4_window7_224_classification: Compose(
    Resize(size=(224, 224), interpolation=bicubic, max_size=None, antialias=True)
    MaybeToTensor()
    Normalize(mean=tensor([0.4850, 0.4560, 0.4060]), std=tensor([0.2290, 0.2240, 0.2250]))
)
Loaded model: swin_large_patch4_window7_224_classification
Ordered layers from model: ['Conv2d-1', 'LayerNorm-1', 'PatchEmbed-1', 'Identity-1', 'LayerNorm-2', 'Identity-2', 'LayerNorm-3', 'Linear-3', 'GELU-1', 'Dropout-3', 'Identity-3', 'Linear-4', 'Dropout-4', 'Mlp-1', 'Identity-4', 'SwinTransformerBlock-1', 'LayerNorm-4', 'DropPath-1', 'LayerNorm-5', 'Linear-7', 'GELU-2', 'Dropout-7', 'Identity-5', 'Linear-8', 'Dropout-8', 'Mlp-2', 'DropPath-2', 'SwinTransformerBlock-2', 'SwinTransformerStage-1', 'LayerNorm-6', 'Linear-9', 'PatchMerging-1', 'LayerNorm-7', 'DropPath-3', 'LayerNorm-8', 'Linear-12', 'GELU-3', 'Dropout-11', 'Identity-6', 'Linear-13', 'Dropout-12', 'Mlp-3', 'DropPath-4', 'SwinTransformerBlock-3', 'LayerNorm-9', 'DropPath-5', 'LayerNorm-10', 'Linear-16', 'GELU-4', 'Dropout-15', 'Identity-7', 'Linear-17', 'Dropout-16', 'Mlp-4', 'DropPath-6', 'SwinTransformerBlock-4', 'SwinTransformerStage-2', 'LayerNorm-11', 'Linear-18', 'PatchMerging-2', 'LayerNorm-12', 'DropPath-7', 'LayerNorm-13', 'Linear-21', 'GELU-5', 'Dropout-19', 'Identity-8', 'Linear-22', 'Dropout-20', 'Mlp-5', 'DropPath-8', 'SwinTransformerBlock-5', 'LayerNorm-14', 'DropPath-9', 'LayerNorm-15', 'Linear-25', 'GELU-6', 'Dropout-23', 'Identity-9', 'Linear-26', 'Dropout-24', 'Mlp-6', 'DropPath-10', 'SwinTransformerBlock-6', 'LayerNorm-16', 'DropPath-11', 'LayerNorm-17', 'Linear-29', 'GELU-7', 'Dropout-27', 'Identity-10', 'Linear-30', 'Dropout-28', 'Mlp-7', 'DropPath-12', 'SwinTransformerBlock-7', 'LayerNorm-18', 'DropPath-13', 'LayerNorm-19', 'Linear-33', 'GELU-8', 'Dropout-31', 'Identity-11', 'Linear-34', 'Dropout-32', 'Mlp-8', 'DropPath-14', 'SwinTransformerBlock-8', 'LayerNorm-20', 'DropPath-15', 'LayerNorm-21', 'Linear-37', 'GELU-9', 'Dropout-35', 'Identity-12', 'Linear-38', 'Dropout-36', 'Mlp-9', 'DropPath-16', 'SwinTransformerBlock-9', 'LayerNorm-22', 'DropPath-17', 'LayerNorm-23', 'Linear-41', 'GELU-10', 'Dropout-39', 'Identity-13', 'Linear-42', 'Dropout-40', 'Mlp-10', 'DropPath-18', 'SwinTransformerBlock-10', 'LayerNorm-24', 'DropPath-19', 'LayerNorm-25', 'Linear-45', 'GELU-11', 'Dropout-43', 'Identity-14', 'Linear-46', 'Dropout-44', 'Mlp-11', 'DropPath-20', 'SwinTransformerBlock-11', 'LayerNorm-26', 'DropPath-21', 'LayerNorm-27', 'Linear-49', 'GELU-12', 'Dropout-47', 'Identity-15', 'Linear-50', 'Dropout-48', 'Mlp-12', 'DropPath-22', 'SwinTransformerBlock-12', 'LayerNorm-28', 'DropPath-23', 'LayerNorm-29', 'Linear-53', 'GELU-13', 'Dropout-51', 'Identity-16', 'Linear-54', 'Dropout-52', 'Mlp-13', 'DropPath-24', 'SwinTransformerBlock-13', 'LayerNorm-30', 'DropPath-25', 'LayerNorm-31', 'Linear-57', 'GELU-14', 'Dropout-55', 'Identity-17', 'Linear-58', 'Dropout-56', 'Mlp-14', 'DropPath-26', 'SwinTransformerBlock-14', 'LayerNorm-32', 'DropPath-27', 'LayerNorm-33', 'Linear-61', 'GELU-15', 'Dropout-59', 'Identity-18', 'Linear-62', 'Dropout-60', 'Mlp-15', 'DropPath-28', 'SwinTransformerBlock-15', 'LayerNorm-34', 'DropPath-29', 'LayerNorm-35', 'Linear-65', 'GELU-16', 'Dropout-63', 'Identity-19', 'Linear-66', 'Dropout-64', 'Mlp-16', 'DropPath-30', 'SwinTransformerBlock-16', 'LayerNorm-36', 'DropPath-31', 'LayerNorm-37', 'Linear-69', 'GELU-17', 'Dropout-67', 'Identity-20', 'Linear-70', 'Dropout-68', 'Mlp-17', 'DropPath-32', 'SwinTransformerBlock-17', 'LayerNorm-38', 'DropPath-33', 'LayerNorm-39', 'Linear-73', 'GELU-18', 'Dropout-71', 'Identity-21', 'Linear-74', 'Dropout-72', 'Mlp-18', 'DropPath-34', 'SwinTransformerBlock-18', 'LayerNorm-40', 'DropPath-35', 'LayerNorm-41', 'Linear-77', 'GELU-19', 'Dropout-75', 'Identity-22', 'Linear-78', 'Dropout-76', 'Mlp-19', 'DropPath-36', 'SwinTransformerBlock-19', 'LayerNorm-42', 'DropPath-37', 'LayerNorm-43', 'Linear-81', 'GELU-20', 'Dropout-79', 'Identity-23', 'Linear-82', 'Dropout-80', 'Mlp-20', 'DropPath-38', 'SwinTransformerBlock-20', 'LayerNorm-44', 'DropPath-39', 'LayerNorm-45', 'Linear-85', 'GELU-21', 'Dropout-83', 'Identity-24', 'Linear-86', 'Dropout-84', 'Mlp-21', 'DropPath-40', 'SwinTransformerBlock-21', 'LayerNorm-46', 'DropPath-41', 'LayerNorm-47', 'Linear-89', 'GELU-22', 'Dropout-87', 'Identity-25', 'Linear-90', 'Dropout-88', 'Mlp-22', 'DropPath-42', 'SwinTransformerBlock-22', 'SwinTransformerStage-3', 'LayerNorm-48', 'Linear-91', 'PatchMerging-3', 'LayerNorm-49', 'Linear-92', 'Softmax-23', 'Dropout-89', 'Linear-93', 'Dropout-90', 'WindowAttention-23', 'DropPath-43', 'LayerNorm-50', 'Linear-94', 'GELU-23', 'Dropout-91', 'Identity-26', 'Linear-95', 'Dropout-92', 'Mlp-23', 'DropPath-44', 'SwinTransformerBlock-23', 'LayerNorm-51', 'Linear-96', 'Softmax-24', 'Dropout-93', 'Linear-97', 'Dropout-94', 'WindowAttention-24', 'DropPath-45', 'LayerNorm-52', 'Linear-98', 'GELU-24', 'Dropout-95', 'Identity-27', 'Linear-99', 'Dropout-96', 'Mlp-24', 'DropPath-46', 'SwinTransformerBlock-24', 'SwinTransformerStage-4', 'LayerNorm-53', 'FastAdaptiveAvgPool-1', 'Identity-28', 'SelectAdaptivePool2d-1', 'Dropout-97', 'Linear-100', 'Identity-29', 'ClassifierHead-1', 'SwinTransformer-29']
Total number of layers: 326

==================================================
Processing layer: Linear-92 from model: swin_large_patch4_window7_224_classification

For model swin_large_patch4_window7_224_classification Layer Linear-92: Extracting features for 9000 images in batches of 28...
Feature extraction for model swin_large_patch4_window7_224_classification layer Linear-92 completed in 5548.63 seconds.
Finding best ridge alphas for 90 target PCs using 225792 features and 9000 samples.
Using alphas: 10^1 to 10^20, 100 values spaced logarithmically.
[Pipeline] ........... (step 1 of 1) Processing ridgecv, total=13.4min

Selected alpha and cross-validation score for each PC:
Finished finding best ridge alphas for each target PC.✅

PC   1: alpha = 977010, CV score = -1522.322174

PC   2: alpha = 403702, CV score = -468.420636

PC   3: alpha = 259502, CV score = -341.086508

PC   4: alpha = 259502, CV score = -199.924370

PC   5: alpha = 403702, CV score = -171.704248

PC   6: alpha = 628029, CV score = -159.818817

PC   7: alpha = 628029, CV score = -141.333140

PC   8: alpha = 1.51991e+06, CV score = -147.841847

PC   9: alpha = 628029, CV score = -101.825200

PC  10: alpha = 628029, CV score = -86.843404

PC  11: alpha = 628029, CV score = -85.418439

PC  12: alpha = 403702, CV score = -56.133634

PC  13: alpha = 977010, CV score = -91.607930

PC  14: alpha = 977010, CV score = -77.313627

PC  15: alpha = 628029, CV score = -66.676689

PC  16: alpha = 977010, CV score = -72.923197

PC  17: alpha = 977010, CV score = -68.033688

PC  18: alpha = 1.51991e+06, CV score = -73.167990

PC  19: alpha = 628029, CV score = -61.734779

PC  20: alpha = 977010, CV score = -63.366851

PC  21: alpha = 628029, CV score = -56.618304

PC  22: alpha = 977010, CV score = -57.216873

PC  23: alpha = 977010, CV score = -53.866938

PC  24: alpha = 1.51991e+06, CV score = -54.310158

PC  25: alpha = 977010, CV score = -51.332101

PC  26: alpha = 1.51991e+06, CV score = -51.292418

PC  27: alpha = 977010, CV score = -46.711624

PC  28: alpha = 1.51991e+06, CV score = -47.041928

PC  29: alpha = 977010, CV score = -45.527565

PC  30: alpha = 977010, CV score = -40.872667

PC  31: alpha = 628029, CV score = -39.359084

PC  32: alpha = 628029, CV score = -37.513618

PC  33: alpha = 977010, CV score = -38.087594

PC  34: alpha = 1.51991e+06, CV score = -38.355351

PC  35: alpha = 977010, CV score = -34.681090

PC  36: alpha = 1.51991e+06, CV score = -34.371558

PC  37: alpha = 1.51991e+06, CV score = -34.668210

PC  38: alpha = 628029, CV score = -31.047497

PC  39: alpha = 977010, CV score = -33.027631

PC  40: alpha = 628029, CV score = -30.009552

PC  41: alpha = 1.51991e+06, CV score = -30.340719

PC  42: alpha = 977010, CV score = -28.438894

PC  43: alpha = 977010, CV score = -28.307484

PC  44: alpha = 1.51991e+06, CV score = -28.449895

PC  45: alpha = 977010, CV score = -25.916111

PC  46: alpha = 2.36449e+06, CV score = -27.971626

PC  47: alpha = 977010, CV score = -25.437082

PC  48: alpha = 628029, CV score = -22.679726

PC  49: alpha = 977010, CV score = -24.319764

PC  50: alpha = 977010, CV score = -23.979206

PC  51: alpha = 977010, CV score = -21.799906

PC  52: alpha = 1.51991e+06, CV score = -23.218644

PC  53: alpha = 628029, CV score = -21.999412

PC  54: alpha = 1.51991e+06, CV score = -22.496224

PC  55: alpha = 977010, CV score = -21.404762

PC  56: alpha = 977010, CV score = -20.128789

PC  57: alpha = 977010, CV score = -20.215615

PC  58: alpha = 977010, CV score = -19.747030

PC  59: alpha = 2.36449e+06, CV score = -20.297741

PC  60: alpha = 1.51991e+06, CV score = -19.464096

PC  61: alpha = 1.51991e+06, CV score = -18.971935

PC  62: alpha = 977010, CV score = -18.100063

PC  63: alpha = 977010, CV score = -18.029529

PC  64: alpha = 977010, CV score = -17.722484

PC  65: alpha = 628029, CV score = -15.070246

PC  66: alpha = 977010, CV score = -17.211832

PC  67: alpha = 1.51991e+06, CV score = -17.492980

PC  68: alpha = 2.36449e+06, CV score = -17.319954

PC  69: alpha = 1.51991e+06, CV score = -16.812194

PC  70: alpha = 977010, CV score = -16.088845

PC  71: alpha = 977010, CV score = -15.716680

PC  72: alpha = 1.51991e+06, CV score = -15.629214

PC  73: alpha = 1.51991e+06, CV score = -15.308872

PC  74: alpha = 1.51991e+06, CV score = -15.172938

PC  75: alpha = 1.51991e+06, CV score = -15.010197

PC  76: alpha = 977010, CV score = -14.167158

PC  77: alpha = 977010, CV score = -14.066643

PC  78: alpha = 1.51991e+06, CV score = -14.401197

PC  79: alpha = 977010, CV score = -13.717877

PC  80: alpha = 977010, CV score = -13.653836

PC  81: alpha = 1.51991e+06, CV score = -13.955326

PC  82: alpha = 1.51991e+06, CV score = -13.386593

PC  83: alpha = 1.51991e+06, CV score = -13.177577

PC  84: alpha = 1.51991e+06, CV score = -12.890625

PC  85: alpha = 977010, CV score = -12.485322

PC  86: alpha = 1.51991e+06, CV score = -12.723298

PC  87: alpha = 1.51991e+06, CV score = -12.550499

PC  88: alpha = 977010, CV score = -12.016530

PC  89: alpha = 977010, CV score = -12.100905

PC  90: alpha = 1.51991e+06, CV score = -12.063708

Mean cross-validation score across PCs: -64.855963

======================================================================================

Chosen model: jx_nest_tiny_classification
Number of images: 73000
Image shape: (425, 425, 3), dtype: uint8
nsdID shape: (73000,), Shared1000 shape: (73000,)
Neural data shape: (10000, 8088)
Image IDs shape: (10000,)
Number of voxels: 8088
Number of projections for SRP: 7894

Loaded target with shape (10000, 8088).
Transformed data shape: (9000, 200)
Transformed data shape after truncion: (9000, 90)
Model options for jx_nest_tiny_classification: {'model_name': 'jx_nest_tiny', 'train_type': 'classification', 'train_data': 'imagenet', 'model_source': 'timm', 'call': "get_timm_model('jx_nest_tiny', pretrained = True)"}
Image transforms for jx_nest_tiny_classification: Compose(
    Resize(size=(224, 224), interpolation=bicubic, max_size=None, antialias=True)
    MaybeToTensor()
    Normalize(mean=tensor([0.4850, 0.4560, 0.4060]), std=tensor([0.2290, 0.2240, 0.2250]))
)
Loaded model: jx_nest_tiny_classification
Ordered layers from model: ['Conv2d-1', 'Identity-1', 'PatchEmbed-1', 'Identity-2', 'LayerNorm-1', 'Linear-1', 'Linear-2', 'Dropout-1', 'Attention-1', 'Identity-3', 'LayerNorm-2', 'Linear-3', 'GELU-1', 'Dropout-2', 'Identity-4', 'Linear-4', 'Dropout-3', 'Mlp-1', 'Identity-5', 'TransformerLayer-1', 'LayerNorm-3', 'Linear-5', 'Linear-6', 'Dropout-4', 'Attention-2', 'DropPath-1', 'LayerNorm-4', 'Linear-7', 'GELU-2', 'Dropout-5', 'Identity-6', 'Linear-8', 'Dropout-6', 'Mlp-2', 'DropPath-2', 'TransformerLayer-2', 'NestLevel-1', 'Conv2d-2', 'LayerNorm-5', 'MaxPool2dSame-1', 'ConvPool-1', 'LayerNorm-6', 'Linear-9', 'Linear-10', 'Dropout-7', 'Attention-3', 'DropPath-3', 'LayerNorm-7', 'Linear-11', 'GELU-3', 'Dropout-8', 'Identity-7', 'Linear-12', 'Dropout-9', 'Mlp-3', 'DropPath-4', 'TransformerLayer-3', 'LayerNorm-8', 'Linear-13', 'Linear-14', 'Dropout-10', 'Attention-4', 'DropPath-5', 'LayerNorm-9', 'Linear-15', 'GELU-4', 'Dropout-11', 'Identity-8', 'Linear-16', 'Dropout-12', 'Mlp-4', 'DropPath-6', 'TransformerLayer-4', 'NestLevel-2', 'Conv2d-3', 'LayerNorm-10', 'MaxPool2dSame-2', 'ConvPool-2', 'LayerNorm-11', 'Linear-17', 'Linear-18', 'Dropout-13', 'Attention-5', 'DropPath-7', 'LayerNorm-12', 'Linear-19', 'GELU-5', 'Dropout-14', 'Identity-9', 'Linear-20', 'Dropout-15', 'Mlp-5', 'DropPath-8', 'TransformerLayer-5', 'LayerNorm-13', 'Linear-21', 'Linear-22', 'Dropout-16', 'Attention-6', 'DropPath-9', 'LayerNorm-14', 'Linear-23', 'GELU-6', 'Dropout-17', 'Identity-10', 'Linear-24', 'Dropout-18', 'Mlp-6', 'DropPath-10', 'TransformerLayer-6', 'LayerNorm-15', 'Linear-25', 'Linear-26', 'Dropout-19', 'Attention-7', 'DropPath-11', 'LayerNorm-16', 'Linear-27', 'GELU-7', 'Dropout-20', 'Identity-11', 'Linear-28', 'Dropout-21', 'Mlp-7', 'DropPath-12', 'TransformerLayer-7', 'LayerNorm-17', 'Linear-29', 'Linear-30', 'Dropout-22', 'Attention-8', 'DropPath-13', 'LayerNorm-18', 'Linear-31', 'GELU-8', 'Dropout-23', 'Identity-12', 'Linear-32', 'Dropout-24', 'Mlp-8', 'DropPath-14', 'TransformerLayer-8', 'LayerNorm-19', 'Linear-33', 'Linear-34', 'Dropout-25', 'Attention-9', 'DropPath-15', 'LayerNorm-20', 'Linear-35', 'GELU-9', 'Dropout-26', 'Identity-13', 'Linear-36', 'Dropout-27', 'Mlp-9', 'DropPath-16', 'TransformerLayer-9', 'LayerNorm-21', 'Linear-37', 'Linear-38', 'Dropout-28', 'Attention-10', 'DropPath-17', 'LayerNorm-22', 'Linear-39', 'GELU-10', 'Dropout-29', 'Identity-14', 'Linear-40', 'Dropout-30', 'Mlp-10', 'DropPath-18', 'TransformerLayer-10', 'LayerNorm-23', 'Linear-41', 'Linear-42', 'Dropout-31', 'Attention-11', 'DropPath-19', 'LayerNorm-24', 'Linear-43', 'GELU-11', 'Dropout-32', 'Identity-15', 'Linear-44', 'Dropout-33', 'Mlp-11', 'DropPath-20', 'TransformerLayer-11', 'LayerNorm-25', 'Linear-45', 'Linear-46', 'Dropout-34', 'Attention-12', 'DropPath-21', 'LayerNorm-26', 'Linear-47', 'GELU-12', 'Dropout-35', 'Identity-16', 'Linear-48', 'Dropout-36', 'Mlp-12', 'DropPath-22', 'TransformerLayer-12', 'NestLevel-3', 'LayerNorm-27', 'AdaptiveAvgPool2d-1', 'Flatten-1', 'SelectAdaptivePool2d-1', 'Dropout-37', 'Linear-49', 'Nest-4']
Total number of layers: 214

==================================================
Processing layer: LayerNorm-20 from model: jx_nest_tiny_classification

For model jx_nest_tiny_classification Layer LayerNorm-20: Extracting features for 9000 images in batches of 28...
Feature extraction for model jx_nest_tiny_classification layer LayerNorm-20 completed in 1284.34 seconds.
Finding best ridge alphas for 90 target PCs using 75264 features and 9000 samples.
Using alphas: 10^1 to 10^20, 100 values spaced logarithmically.
[Pipeline] ........... (step 1 of 1) Processing ridgecv, total= 5.6min

Selected alpha and cross-validation score for each PC:
Finished finding best ridge alphas for each target PC.✅

PC   1: alpha = 68926.1, CV score = -1530.748262

PC   2: alpha = 28480.4, CV score = -518.443954

PC   3: alpha = 18307.4, CV score = -344.569808

PC   4: alpha = 28480.4, CV score = -202.398082

PC   5: alpha = 28480.4, CV score = -174.380321

PC   6: alpha = 44306.2, CV score = -162.340000

PC   7: alpha = 44306.2, CV score = -143.237712

PC   8: alpha = 166810, CV score = -148.476807

PC   9: alpha = 44306.2, CV score = -105.843613

PC  10: alpha = 44306.2, CV score = -87.998916

PC  11: alpha = 44306.2, CV score = -85.118226

PC  12: alpha = 28480.4, CV score = -58.678635

PC  13: alpha = 107227, CV score = -93.283607

PC  14: alpha = 44306.2, CV score = -77.569532

PC  15: alpha = 44306.2, CV score = -66.827035

PC  16: alpha = 68926.1, CV score = -73.311914

PC  17: alpha = 68926.1, CV score = -67.959070

PC  18: alpha = 107227, CV score = -72.930558

PC  19: alpha = 68926.1, CV score = -62.094109

PC  20: alpha = 68926.1, CV score = -63.559001

PC  21: alpha = 68926.1, CV score = -57.390543

PC  22: alpha = 68926.1, CV score = -56.900828

PC  23: alpha = 68926.1, CV score = -53.757350

PC  24: alpha = 68926.1, CV score = -54.254673

PC  25: alpha = 44306.2, CV score = -51.184757

PC  26: alpha = 107227, CV score = -51.579386

PC  27: alpha = 68926.1, CV score = -47.228358

PC  28: alpha = 107227, CV score = -47.645873

PC  29: alpha = 68926.1, CV score = -45.844076

PC  30: alpha = 68926.1, CV score = -40.850660

PC  31: alpha = 44306.2, CV score = -39.907395

PC  32: alpha = 44306.2, CV score = -37.969526

PC  33: alpha = 68926.1, CV score = -38.091603

PC  34: alpha = 107227, CV score = -38.591701

PC  35: alpha = 68926.1, CV score = -34.944076

PC  36: alpha = 107227, CV score = -34.251578

PC  37: alpha = 107227, CV score = -34.693847

PC  38: alpha = 68926.1, CV score = -31.596616

PC  39: alpha = 68926.1, CV score = -32.799725

PC  40: alpha = 68926.1, CV score = -30.431093

PC  41: alpha = 107227, CV score = -30.174228

PC  42: alpha = 68926.1, CV score = -28.553863

PC  43: alpha = 68926.1, CV score = -28.506930

PC  44: alpha = 166810, CV score = -28.723681

PC  45: alpha = 68926.1, CV score = -26.066788

PC  46: alpha = 107227, CV score = -28.058327

PC  47: alpha = 68926.1, CV score = -25.663013

PC  48: alpha = 28480.4, CV score = -22.584244

PC  49: alpha = 68926.1, CV score = -24.407621

PC  50: alpha = 68926.1, CV score = -24.038296

PC  51: alpha = 68926.1, CV score = -21.862322

PC  52: alpha = 107227, CV score = -23.344173

PC  53: alpha = 44306.2, CV score = -21.953025

PC  54: alpha = 68926.1, CV score = -22.324403

PC  55: alpha = 107227, CV score = -21.609959

PC  56: alpha = 68926.1, CV score = -20.143128

PC  57: alpha = 68926.1, CV score = -20.326395

PC  58: alpha = 68926.1, CV score = -19.716042

PC  59: alpha = 166810, CV score = -20.312186

PC  60: alpha = 107227, CV score = -19.444924

PC  61: alpha = 68926.1, CV score = -18.794365

PC  62: alpha = 68926.1, CV score = -18.011083

PC  63: alpha = 68926.1, CV score = -18.044044

PC  64: alpha = 107227, CV score = -17.871624

PC  65: alpha = 44306.2, CV score = -15.076348

PC  66: alpha = 68926.1, CV score = -17.312401

PC  67: alpha = 166810, CV score = -17.484825

PC  68: alpha = 107227, CV score = -17.374913

PC  69: alpha = 107227, CV score = -16.854756

PC  70: alpha = 107227, CV score = -16.124089

PC  71: alpha = 44306.2, CV score = -15.734917

PC  72: alpha = 107227, CV score = -15.631461

PC  73: alpha = 68926.1, CV score = -15.276141

PC  74: alpha = 107227, CV score = -15.214869

PC  75: alpha = 107227, CV score = -15.102261

PC  76: alpha = 68926.1, CV score = -14.281822

PC  77: alpha = 68926.1, CV score = -13.957080

PC  78: alpha = 107227, CV score = -14.339185

PC  79: alpha = 68926.1, CV score = -13.981433

PC  80: alpha = 68926.1, CV score = -13.717279

PC  81: alpha = 166810, CV score = -14.001983

PC  82: alpha = 68926.1, CV score = -13.391549

PC  83: alpha = 68926.1, CV score = -13.131972

PC  84: alpha = 107227, CV score = -12.901849

PC  85: alpha = 68926.1, CV score = -12.497310

PC  86: alpha = 107227, CV score = -12.710353

PC  87: alpha = 107227, CV score = -12.544970

PC  88: alpha = 107227, CV score = -12.042506

PC  89: alpha = 68926.1, CV score = -12.227643

PC  90: alpha = 68926.1, CV score = -11.996486

Mean cross-validation score across PCs: -65.834754

======================================================================================

Chosen model: pit_ti_224_classification
Number of images: 73000
Image shape: (425, 425, 3), dtype: uint8
nsdID shape: (73000,), Shared1000 shape: (73000,)
Neural data shape: (10000, 8088)
Image IDs shape: (10000,)
Number of voxels: 8088
Number of projections for SRP: 7894

Loaded target with shape (10000, 8088).
Transformed data shape: (9000, 200)
Transformed data shape after truncion: (9000, 90)
Model options for pit_ti_224_classification: {'model_name': 'pit_ti_224', 'train_type': 'classification', 'train_data': 'imagenet', 'model_source': 'timm', 'call': "get_timm_model('pit_ti_224', pretrained = True)"}
Image transforms for pit_ti_224_classification: Compose(
    Resize(size=(224, 224), interpolation=bicubic, max_size=None, antialias=True)
    MaybeToTensor()
    Normalize(mean=tensor([0.4850, 0.4560, 0.4060]), std=tensor([0.2290, 0.2240, 0.2250]))
)
Loaded model: pit_ti_224_classification
Ordered layers from model: ['Conv2d-1', 'ConvEmbedding-1', 'Dropout-1', 'Identity-1', 'LayerNorm-1', 'Linear-1', 'Identity-2', 'Identity-3', 'Identity-4', 'Linear-2', 'Dropout-2', 'Attention-1', 'Identity-5', 'Identity-6', 'LayerNorm-2', 'Linear-3', 'GELU-1', 'Dropout-3', 'Identity-7', 'Linear-4', 'Dropout-4', 'Mlp-1', 'Identity-8', 'Identity-9', 'Block-1', 'LayerNorm-3', 'Linear-5', 'Identity-10', 'Identity-11', 'Identity-12', 'Linear-6', 'Dropout-5', 'Attention-2', 'Identity-13', 'Identity-14', 'LayerNorm-4', 'Linear-7', 'GELU-2', 'Dropout-6', 'Identity-15', 'Linear-8', 'Dropout-7', 'Mlp-2', 'Identity-16', 'Identity-17', 'Block-2', 'Transformer-1-1', 'Transformer-1-2', 'Conv2d-2', 'Linear-9', 'Pooling-1-1', 'Pooling-1-2', 'Identity-18', 'LayerNorm-5', 'Linear-10', 'Identity-19', 'Identity-20', 'Identity-21', 'Linear-11', 'Dropout-8', 'Attention-3', 'Identity-22', 'Identity-23', 'LayerNorm-6', 'Linear-12', 'GELU-3', 'Dropout-9', 'Identity-24', 'Linear-13', 'Dropout-10', 'Mlp-3', 'Identity-25', 'Identity-26', 'Block-3', 'LayerNorm-7', 'Linear-14', 'Identity-27', 'Identity-28', 'Identity-29', 'Linear-15', 'Dropout-11', 'Attention-4', 'Identity-30', 'Identity-31', 'LayerNorm-8', 'Linear-16', 'GELU-4', 'Dropout-12', 'Identity-32', 'Linear-17', 'Dropout-13', 'Mlp-4', 'Identity-33', 'Identity-34', 'Block-4', 'LayerNorm-9', 'Linear-18', 'Identity-35', 'Identity-36', 'Identity-37', 'Linear-19', 'Dropout-14', 'Attention-5', 'Identity-38', 'Identity-39', 'LayerNorm-10', 'Linear-20', 'GELU-5', 'Dropout-15', 'Identity-40', 'Linear-21', 'Dropout-16', 'Mlp-5', 'Identity-41', 'Identity-42', 'Block-5', 'LayerNorm-11', 'Linear-22', 'Identity-43', 'Identity-44', 'Identity-45', 'Linear-23', 'Dropout-17', 'Attention-6', 'Identity-46', 'Identity-47', 'LayerNorm-12', 'Linear-24', 'GELU-6', 'Dropout-18', 'Identity-48', 'Linear-25', 'Dropout-19', 'Mlp-6', 'Identity-49', 'Identity-50', 'Block-6', 'LayerNorm-13', 'Linear-26', 'Identity-51', 'Identity-52', 'Identity-53', 'Linear-27', 'Dropout-20', 'Attention-7', 'Identity-54', 'Identity-55', 'LayerNorm-14', 'Linear-28', 'GELU-7', 'Dropout-21', 'Identity-56', 'Linear-29', 'Dropout-22', 'Mlp-7', 'Identity-57', 'Identity-58', 'Block-7', 'LayerNorm-15', 'Linear-30', 'Identity-59', 'Identity-60', 'Identity-61', 'Linear-31', 'Dropout-23', 'Attention-8', 'Identity-62', 'Identity-63', 'LayerNorm-16', 'Linear-32', 'GELU-8', 'Dropout-24', 'Identity-64', 'Linear-33', 'Dropout-25', 'Mlp-8', 'Identity-65', 'Identity-66', 'Block-8', 'Transformer-3-1', 'Transformer-3-2', 'Conv2d-3', 'Linear-34', 'Pooling-3-1', 'Pooling-3-2', 'Identity-67', 'LayerNorm-17', 'Linear-35', 'Identity-68', 'Identity-69', 'Identity-70', 'Linear-36', 'Dropout-26', 'Attention-9', 'Identity-71', 'Identity-72', 'LayerNorm-18', 'Linear-37', 'GELU-9', 'Dropout-27', 'Identity-73', 'Linear-38', 'Dropout-28', 'Mlp-9', 'Identity-74', 'Identity-75', 'Block-9', 'LayerNorm-19', 'Linear-39', 'Identity-76', 'Identity-77', 'Identity-78', 'Linear-40', 'Dropout-29', 'Attention-10', 'Identity-79', 'Identity-80', 'LayerNorm-20', 'Linear-41', 'GELU-10', 'Dropout-30', 'Identity-81', 'Linear-42', 'Dropout-31', 'Mlp-10', 'Identity-82', 'Identity-83', 'Block-10', 'LayerNorm-21', 'Linear-43', 'Identity-84', 'Identity-85', 'Identity-86', 'Linear-44', 'Dropout-32', 'Attention-11', 'Identity-87', 'Identity-88', 'LayerNorm-22', 'Linear-45', 'GELU-11', 'Dropout-33', 'Identity-89', 'Linear-46', 'Dropout-34', 'Mlp-11', 'Identity-90', 'Identity-91', 'Block-11', 'LayerNorm-23', 'Linear-47', 'Identity-92', 'Identity-93', 'Identity-94', 'Linear-48', 'Dropout-35', 'Attention-12', 'Identity-95', 'Identity-96', 'LayerNorm-24', 'Linear-49', 'GELU-12', 'Dropout-36', 'Identity-97', 'Linear-50', 'Dropout-37', 'Mlp-12', 'Identity-98', 'Identity-99', 'Block-12', 'Transformer-5-1', 'Transformer-5-2', 'LayerNorm-25', 'Dropout-38', 'Linear-51', 'PoolingVisionTransformer-1']
Total number of layers: 276

==================================================
Processing layer: LayerNorm-19 from model: pit_ti_224_classification

For model pit_ti_224_classification Layer LayerNorm-19: Extracting features for 9000 images in batches of 28...
Feature extraction for model pit_ti_224_classification layer LayerNorm-19 completed in 243.32 seconds.
Finding best ridge alphas for 90 target PCs using 12800 features and 9000 samples.
Using alphas: 10^1 to 10^20, 100 values spaced logarithmically.
[Pipeline] ........... (step 1 of 1) Processing ridgecv, total= 2.3min

Selected alpha and cross-validation score for each PC:
Finished finding best ridge alphas for each target PC.✅

PC   1: alpha = 44306.2, CV score = -1542.669823

PC   2: alpha = 28480.4, CV score = -577.651342

PC   3: alpha = 18307.4, CV score = -363.878668

PC   4: alpha = 18307.4, CV score = -215.382432

PC   5: alpha = 28480.4, CV score = -179.091024

PC   6: alpha = 44306.2, CV score = -169.127911

PC   7: alpha = 44306.2, CV score = -146.072864

PC   8: alpha = 68926.1, CV score = -148.944448

PC   9: alpha = 28480.4, CV score = -107.424576

PC  10: alpha = 28480.4, CV score = -90.474388

PC  11: alpha = 44306.2, CV score = -87.350789

PC  12: alpha = 28480.4, CV score = -60.429536

PC  13: alpha = 68926.1, CV score = -94.104047

PC  14: alpha = 44306.2, CV score = -78.142104

PC  15: alpha = 44306.2, CV score = -68.150206

PC  16: alpha = 44306.2, CV score = -74.253538

PC  17: alpha = 44306.2, CV score = -68.598678

PC  18: alpha = 68926.1, CV score = -73.001417

PC  19: alpha = 44306.2, CV score = -62.194264

PC  20: alpha = 44306.2, CV score = -64.284183

PC  21: alpha = 44306.2, CV score = -57.980414

PC  22: alpha = 44306.2, CV score = -57.584574

PC  23: alpha = 44306.2, CV score = -54.867504

PC  24: alpha = 68926.1, CV score = -54.568862

PC  25: alpha = 44306.2, CV score = -52.138083

PC  26: alpha = 107227, CV score = -51.864112

PC  27: alpha = 44306.2, CV score = -47.497708

PC  28: alpha = 68926.1, CV score = -47.841501

PC  29: alpha = 68926.1, CV score = -46.225275

PC  30: alpha = 44306.2, CV score = -41.178765

PC  31: alpha = 44306.2, CV score = -40.393058

PC  32: alpha = 44306.2, CV score = -38.686539

PC  33: alpha = 44306.2, CV score = -38.202530

PC  34: alpha = 68926.1, CV score = -38.639807

PC  35: alpha = 68926.1, CV score = -35.227362

PC  36: alpha = 68926.1, CV score = -34.596903

PC  37: alpha = 68926.1, CV score = -34.994402

PC  38: alpha = 44306.2, CV score = -31.950502

PC  39: alpha = 44306.2, CV score = -33.160590

PC  40: alpha = 68926.1, CV score = -30.937909

PC  41: alpha = 68926.1, CV score = -30.488677

PC  42: alpha = 44306.2, CV score = -28.662808

PC  43: alpha = 68926.1, CV score = -28.782770

PC  44: alpha = 107227, CV score = -28.860865

PC  45: alpha = 44306.2, CV score = -26.350629

PC  46: alpha = 107227, CV score = -28.128378

PC  47: alpha = 68926.1, CV score = -25.757215

PC  48: alpha = 28480.4, CV score = -22.866907

PC  49: alpha = 44306.2, CV score = -24.533403

PC  50: alpha = 68926.1, CV score = -24.162737

PC  51: alpha = 44306.2, CV score = -22.057323

PC  52: alpha = 107227, CV score = -23.605865

PC  53: alpha = 44306.2, CV score = -22.156569

PC  54: alpha = 68926.1, CV score = -22.467808

PC  55: alpha = 68926.1, CV score = -21.715385

PC  56: alpha = 44306.2, CV score = -20.439479

PC  57: alpha = 44306.2, CV score = -20.631216

PC  58: alpha = 44306.2, CV score = -19.975926

PC  59: alpha = 107227, CV score = -20.319057

PC  60: alpha = 68926.1, CV score = -19.580883

PC  61: alpha = 44306.2, CV score = -19.050608

PC  62: alpha = 44306.2, CV score = -18.213843

PC  63: alpha = 44306.2, CV score = -18.218043

PC  64: alpha = 68926.1, CV score = -17.910603

PC  65: alpha = 28480.4, CV score = -15.361343

PC  66: alpha = 44306.2, CV score = -17.368540

PC  67: alpha = 107227, CV score = -17.522453

PC  68: alpha = 107227, CV score = -17.449289

PC  69: alpha = 68926.1, CV score = -16.856449

PC  70: alpha = 68926.1, CV score = -16.268952

PC  71: alpha = 44306.2, CV score = -15.873576

PC  72: alpha = 68926.1, CV score = -15.710843

PC  73: alpha = 68926.1, CV score = -15.317932

PC  74: alpha = 68926.1, CV score = -15.242607

PC  75: alpha = 68926.1, CV score = -15.122582

PC  76: alpha = 44306.2, CV score = -14.367997

PC  77: alpha = 44306.2, CV score = -14.178864

PC  78: alpha = 68926.1, CV score = -14.339371

PC  79: alpha = 44306.2, CV score = -14.121247

PC  80: alpha = 68926.1, CV score = -13.885306

PC  81: alpha = 68926.1, CV score = -13.965406

PC  82: alpha = 68926.1, CV score = -13.469074

PC  83: alpha = 68926.1, CV score = -13.291857

PC  84: alpha = 68926.1, CV score = -12.906320

PC  85: alpha = 68926.1, CV score = -12.561812

PC  86: alpha = 68926.1, CV score = -12.749945

PC  87: alpha = 68926.1, CV score = -12.594207

PC  88: alpha = 68926.1, CV score = -12.049431

PC  89: alpha = 68926.1, CV score = -12.309845

PC  90: alpha = 68926.1, CV score = -12.007864

Mean cross-validation score across PCs: -67.462142

======================================================================================

Chosen model: vit_base_patch32_224_classification
Number of images: 73000
Image shape: (425, 425, 3), dtype: uint8
nsdID shape: (73000,), Shared1000 shape: (73000,)
Neural data shape: (10000, 8088)
Image IDs shape: (10000,)
Number of voxels: 8088
Number of projections for SRP: 7894

Loaded target with shape (10000, 8088).
Transformed data shape: (9000, 200)
Transformed data shape after truncion: (9000, 90)
Model options for vit_base_patch32_224_classification: {'model_name': 'vit_base_patch32_224', 'train_type': 'classification', 'train_data': 'imagenet', 'model_source': 'timm', 'call': "get_timm_model('vit_base_patch32_224', pretrained = True)"}
Image transforms for vit_base_patch32_224_classification: Compose(
    Resize(size=(224, 224), interpolation=bicubic, max_size=None, antialias=True)
    MaybeToTensor()
    Normalize(mean=tensor([0.4850, 0.4560, 0.4060]), std=tensor([0.2290, 0.2240, 0.2250]))
)
Loaded model: vit_base_patch32_224_classification
Ordered layers from model: ['Conv2d-1', 'Identity-1', 'PatchEmbed-1', 'Dropout-1', 'Identity-2', 'Identity-3', 'LayerNorm-1', 'Linear-1', 'Identity-4', 'Identity-5', 'Identity-6', 'Linear-2', 'Dropout-2', 'Attention-1', 'Identity-7', 'Identity-8', 'LayerNorm-2', 'Linear-3', 'GELU-1', 'Dropout-3', 'Identity-9', 'Linear-4', 'Dropout-4', 'Mlp-1', 'Identity-10', 'Identity-11', 'Block-1', 'LayerNorm-3', 'Linear-5', 'Identity-12', 'Identity-13', 'Identity-14', 'Linear-6', 'Dropout-5', 'Attention-2', 'Identity-15', 'Identity-16', 'LayerNorm-4', 'Linear-7', 'GELU-2', 'Dropout-6', 'Identity-17', 'Linear-8', 'Dropout-7', 'Mlp-2', 'Identity-18', 'Identity-19', 'Block-2', 'LayerNorm-5', 'Linear-9', 'Identity-20', 'Identity-21', 'Identity-22', 'Linear-10', 'Dropout-8', 'Attention-3', 'Identity-23', 'Identity-24', 'LayerNorm-6', 'Linear-11', 'GELU-3', 'Dropout-9', 'Identity-25', 'Linear-12', 'Dropout-10', 'Mlp-3', 'Identity-26', 'Identity-27', 'Block-3', 'LayerNorm-7', 'Linear-13', 'Identity-28', 'Identity-29', 'Identity-30', 'Linear-14', 'Dropout-11', 'Attention-4', 'Identity-31', 'Identity-32', 'LayerNorm-8', 'Linear-15', 'GELU-4', 'Dropout-12', 'Identity-33', 'Linear-16', 'Dropout-13', 'Mlp-4', 'Identity-34', 'Identity-35', 'Block-4', 'LayerNorm-9', 'Linear-17', 'Identity-36', 'Identity-37', 'Identity-38', 'Linear-18', 'Dropout-14', 'Attention-5', 'Identity-39', 'Identity-40', 'LayerNorm-10', 'Linear-19', 'GELU-5', 'Dropout-15', 'Identity-41', 'Linear-20', 'Dropout-16', 'Mlp-5', 'Identity-42', 'Identity-43', 'Block-5', 'LayerNorm-11', 'Linear-21', 'Identity-44', 'Identity-45', 'Identity-46', 'Linear-22', 'Dropout-17', 'Attention-6', 'Identity-47', 'Identity-48', 'LayerNorm-12', 'Linear-23', 'GELU-6', 'Dropout-18', 'Identity-49', 'Linear-24', 'Dropout-19', 'Mlp-6', 'Identity-50', 'Identity-51', 'Block-6', 'LayerNorm-13', 'Linear-25', 'Identity-52', 'Identity-53', 'Identity-54', 'Linear-26', 'Dropout-20', 'Attention-7', 'Identity-55', 'Identity-56', 'LayerNorm-14', 'Linear-27', 'GELU-7', 'Dropout-21', 'Identity-57', 'Linear-28', 'Dropout-22', 'Mlp-7', 'Identity-58', 'Identity-59', 'Block-7', 'LayerNorm-15', 'Linear-29', 'Identity-60', 'Identity-61', 'Identity-62', 'Linear-30', 'Dropout-23', 'Attention-8', 'Identity-63', 'Identity-64', 'LayerNorm-16', 'Linear-31', 'GELU-8', 'Dropout-24', 'Identity-65', 'Linear-32', 'Dropout-25', 'Mlp-8', 'Identity-66', 'Identity-67', 'Block-8', 'LayerNorm-17', 'Linear-33', 'Identity-68', 'Identity-69', 'Identity-70', 'Linear-34', 'Dropout-26', 'Attention-9', 'Identity-71', 'Identity-72', 'LayerNorm-18', 'Linear-35', 'GELU-9', 'Dropout-27', 'Identity-73', 'Linear-36', 'Dropout-28', 'Mlp-9', 'Identity-74', 'Identity-75', 'Block-9', 'LayerNorm-19', 'Linear-37', 'Identity-76', 'Identity-77', 'Identity-78', 'Linear-38', 'Dropout-29', 'Attention-10', 'Identity-79', 'Identity-80', 'LayerNorm-20', 'Linear-39', 'GELU-10', 'Dropout-30', 'Identity-81', 'Linear-40', 'Dropout-31', 'Mlp-10', 'Identity-82', 'Identity-83', 'Block-10', 'LayerNorm-21', 'Linear-41', 'Identity-84', 'Identity-85', 'Identity-86', 'Linear-42', 'Dropout-32', 'Attention-11', 'Identity-87', 'Identity-88', 'LayerNorm-22', 'Linear-43', 'GELU-11', 'Dropout-33', 'Identity-89', 'Linear-44', 'Dropout-34', 'Mlp-11', 'Identity-90', 'Identity-91', 'Block-11', 'LayerNorm-23', 'Linear-45', 'Identity-92', 'Identity-93', 'Identity-94', 'Linear-46', 'Dropout-35', 'Attention-12', 'Identity-95', 'Identity-96', 'LayerNorm-24', 'Linear-47', 'GELU-12', 'Dropout-36', 'Identity-97', 'Linear-48', 'Dropout-37', 'Mlp-12', 'Identity-98', 'Identity-99', 'Block-12', 'LayerNorm-25', 'Identity-100', 'Dropout-38', 'Linear-49', 'VisionTransformer-1']
Total number of layers: 263

==================================================
Processing layer: Identity-84 from model: vit_base_patch32_224_classification

For model vit_base_patch32_224_classification Layer Identity-84: Extracting features for 9000 images in batches of 28...
Feature extraction for model vit_base_patch32_224_classification layer Identity-84 completed in 781.87 seconds.
Finding best ridge alphas for 90 target PCs using 38400 features and 9000 samples.
Using alphas: 10^1 to 10^20, 100 values spaced logarithmically.
[Pipeline] ........... (step 1 of 1) Processing ridgecv, total= 3.6min

Selected alpha and cross-validation score for each PC:
Finished finding best ridge alphas for each target PC.✅

PC   1: alpha = 259502, CV score = -1560.097391

PC   2: alpha = 107227, CV score = -570.813823

PC   3: alpha = 107227, CV score = -376.128533

PC   4: alpha = 107227, CV score = -222.647393

PC   5: alpha = 107227, CV score = -182.726576

PC   6: alpha = 166810, CV score = -169.264152

PC   7: alpha = 166810, CV score = -147.098605

PC   8: alpha = 403702, CV score = -149.025243

PC   9: alpha = 166810, CV score = -107.832494

PC  10: alpha = 166810, CV score = -91.754537

PC  11: alpha = 259502, CV score = -88.046368

PC  12: alpha = 107227, CV score = -61.968913

PC  13: alpha = 403702, CV score = -93.569265

PC  14: alpha = 259502, CV score = -78.770241

PC  15: alpha = 259502, CV score = -70.275330

PC  16: alpha = 259502, CV score = -74.912199

PC  17: alpha = 259502, CV score = -70.077199

PC  18: alpha = 403702, CV score = -73.418606

PC  19: alpha = 259502, CV score = -63.704788

PC  20: alpha = 403702, CV score = -64.892172

PC  21: alpha = 259502, CV score = -58.378377

PC  22: alpha = 259502, CV score = -57.829450

PC  23: alpha = 259502, CV score = -55.237049

PC  24: alpha = 403702, CV score = -54.899972

PC  25: alpha = 259502, CV score = -52.529739

PC  26: alpha = 403702, CV score = -51.885147

PC  27: alpha = 259502, CV score = -47.686533

PC  28: alpha = 403702, CV score = -47.709624

PC  29: alpha = 403702, CV score = -46.175190

PC  30: alpha = 259502, CV score = -41.272012

PC  31: alpha = 259502, CV score = -40.806823

PC  32: alpha = 259502, CV score = -38.861938

PC  33: alpha = 259502, CV score = -38.608889

PC  34: alpha = 403702, CV score = -38.826582

PC  35: alpha = 259502, CV score = -35.494836

PC  36: alpha = 403702, CV score = -34.580933

PC  37: alpha = 403702, CV score = -35.062252

PC  38: alpha = 259502, CV score = -32.216469

PC  39: alpha = 403702, CV score = -33.270929

PC  40: alpha = 259502, CV score = -31.003571

PC  41: alpha = 403702, CV score = -30.549260

PC  42: alpha = 403702, CV score = -28.835999

PC  43: alpha = 403702, CV score = -28.528288

PC  44: alpha = 628029, CV score = -28.892323

PC  45: alpha = 259502, CV score = -26.527786

PC  46: alpha = 403702, CV score = -28.093867

PC  47: alpha = 259502, CV score = -25.810123

PC  48: alpha = 166810, CV score = -23.782784

PC  49: alpha = 259502, CV score = -24.762467

PC  50: alpha = 403702, CV score = -24.243748

PC  51: alpha = 259502, CV score = -22.328901

PC  52: alpha = 403702, CV score = -23.604665

PC  53: alpha = 259502, CV score = -22.569342

PC  54: alpha = 403702, CV score = -22.631999

PC  55: alpha = 403702, CV score = -21.705204

PC  56: alpha = 259502, CV score = -20.578135

PC  57: alpha = 259502, CV score = -20.818997

PC  58: alpha = 259502, CV score = -20.139882

PC  59: alpha = 628029, CV score = -20.423145

PC  60: alpha = 403702, CV score = -19.708909

PC  61: alpha = 259502, CV score = -19.132659

PC  62: alpha = 259502, CV score = -18.381871

PC  63: alpha = 403702, CV score = -18.343398

PC  64: alpha = 403702, CV score = -17.956626

PC  65: alpha = 166810, CV score = -15.756454

PC  66: alpha = 403702, CV score = -17.416479

PC  67: alpha = 628029, CV score = -17.596933

PC  68: alpha = 977010, CV score = -17.534215

PC  69: alpha = 403702, CV score = -16.994057

PC  70: alpha = 403702, CV score = -16.309966

PC  71: alpha = 259502, CV score = -15.914305

PC  72: alpha = 403702, CV score = -15.746376

PC  73: alpha = 403702, CV score = -15.466573

PC  74: alpha = 403702, CV score = -15.258551

PC  75: alpha = 403702, CV score = -15.153925

PC  76: alpha = 259502, CV score = -14.457967

PC  77: alpha = 259502, CV score = -14.197315

PC  78: alpha = 403702, CV score = -14.453286

PC  79: alpha = 259502, CV score = -14.017789

PC  80: alpha = 403702, CV score = -13.910709

PC  81: alpha = 403702, CV score = -14.007481

PC  82: alpha = 403702, CV score = -13.564800

PC  83: alpha = 403702, CV score = -13.265106

PC  84: alpha = 403702, CV score = -12.978259

PC  85: alpha = 403702, CV score = -12.683077

PC  86: alpha = 403702, CV score = -12.774399

PC  87: alpha = 403702, CV score = -12.619733

PC  88: alpha = 403702, CV score = -12.159268

PC  89: alpha = 403702, CV score = -12.314145

PC  90: alpha = 403702, CV score = -12.034785

Mean cross-validation score across PCs: -68.069961

======================================================================================

Chosen model: vit_base_patch16_224_classification
Number of images: 73000
Image shape: (425, 425, 3), dtype: uint8
nsdID shape: (73000,), Shared1000 shape: (73000,)
Neural data shape: (10000, 8088)
Image IDs shape: (10000,)
Number of voxels: 8088
Number of projections for SRP: 7894

Loaded target with shape (10000, 8088).
Transformed data shape: (9000, 200)
Transformed data shape after truncion: (9000, 90)
Model options for vit_base_patch16_224_classification: {'model_name': 'vit_base_patch16_224', 'train_type': 'classification', 'train_data': 'imagenet', 'model_source': 'timm', 'call': "get_timm_model('vit_base_patch16_224', pretrained = True)"}
Image transforms for vit_base_patch16_224_classification: Compose(
    Resize(size=(224, 224), interpolation=bicubic, max_size=None, antialias=True)
    MaybeToTensor()
    Normalize(mean=tensor([0.4850, 0.4560, 0.4060]), std=tensor([0.2290, 0.2240, 0.2250]))
)
Loaded model: vit_base_patch16_224_classification
Ordered layers from model: ['Conv2d-1', 'Identity-1', 'PatchEmbed-1', 'Dropout-1', 'Identity-2', 'Identity-3', 'LayerNorm-1', 'Linear-1', 'Identity-4', 'Identity-5', 'Identity-6', 'Linear-2', 'Dropout-2', 'Attention-1', 'Identity-7', 'Identity-8', 'LayerNorm-2', 'Linear-3', 'GELU-1', 'Dropout-3', 'Identity-9', 'Linear-4', 'Dropout-4', 'Mlp-1', 'Identity-10', 'Identity-11', 'Block-1', 'LayerNorm-3', 'Linear-5', 'Identity-12', 'Identity-13', 'Identity-14', 'Linear-6', 'Dropout-5', 'Attention-2', 'Identity-15', 'Identity-16', 'LayerNorm-4', 'Linear-7', 'GELU-2', 'Dropout-6', 'Identity-17', 'Linear-8', 'Dropout-7', 'Mlp-2', 'Identity-18', 'Identity-19', 'Block-2', 'LayerNorm-5', 'Linear-9', 'Identity-20', 'Identity-21', 'Identity-22', 'Linear-10', 'Dropout-8', 'Attention-3', 'Identity-23', 'Identity-24', 'LayerNorm-6', 'Linear-11', 'GELU-3', 'Dropout-9', 'Identity-25', 'Linear-12', 'Dropout-10', 'Mlp-3', 'Identity-26', 'Identity-27', 'Block-3', 'LayerNorm-7', 'Linear-13', 'Identity-28', 'Identity-29', 'Identity-30', 'Linear-14', 'Dropout-11', 'Attention-4', 'Identity-31', 'Identity-32', 'LayerNorm-8', 'Linear-15', 'GELU-4', 'Dropout-12', 'Identity-33', 'Linear-16', 'Dropout-13', 'Mlp-4', 'Identity-34', 'Identity-35', 'Block-4', 'LayerNorm-9', 'Linear-17', 'Identity-36', 'Identity-37', 'Identity-38', 'Linear-18', 'Dropout-14', 'Attention-5', 'Identity-39', 'Identity-40', 'LayerNorm-10', 'Linear-19', 'GELU-5', 'Dropout-15', 'Identity-41', 'Linear-20', 'Dropout-16', 'Mlp-5', 'Identity-42', 'Identity-43', 'Block-5', 'LayerNorm-11', 'Linear-21', 'Identity-44', 'Identity-45', 'Identity-46', 'Linear-22', 'Dropout-17', 'Attention-6', 'Identity-47', 'Identity-48', 'LayerNorm-12', 'Linear-23', 'GELU-6', 'Dropout-18', 'Identity-49', 'Linear-24', 'Dropout-19', 'Mlp-6', 'Identity-50', 'Identity-51', 'Block-6', 'LayerNorm-13', 'Linear-25', 'Identity-52', 'Identity-53', 'Identity-54', 'Linear-26', 'Dropout-20', 'Attention-7', 'Identity-55', 'Identity-56', 'LayerNorm-14', 'Linear-27', 'GELU-7', 'Dropout-21', 'Identity-57', 'Linear-28', 'Dropout-22', 'Mlp-7', 'Identity-58', 'Identity-59', 'Block-7', 'LayerNorm-15', 'Linear-29', 'Identity-60', 'Identity-61', 'Identity-62', 'Linear-30', 'Dropout-23', 'Attention-8', 'Identity-63', 'Identity-64', 'LayerNorm-16', 'Linear-31', 'GELU-8', 'Dropout-24', 'Identity-65', 'Linear-32', 'Dropout-25', 'Mlp-8', 'Identity-66', 'Identity-67', 'Block-8', 'LayerNorm-17', 'Linear-33', 'Identity-68', 'Identity-69', 'Identity-70', 'Linear-34', 'Dropout-26', 'Attention-9', 'Identity-71', 'Identity-72', 'LayerNorm-18', 'Linear-35', 'GELU-9', 'Dropout-27', 'Identity-73', 'Linear-36', 'Dropout-28', 'Mlp-9', 'Identity-74', 'Identity-75', 'Block-9', 'LayerNorm-19', 'Linear-37', 'Identity-76', 'Identity-77', 'Identity-78', 'Linear-38', 'Dropout-29', 'Attention-10', 'Identity-79', 'Identity-80', 'LayerNorm-20', 'Linear-39', 'GELU-10', 'Dropout-30', 'Identity-81', 'Linear-40', 'Dropout-31', 'Mlp-10', 'Identity-82', 'Identity-83', 'Block-10', 'LayerNorm-21', 'Linear-41', 'Identity-84', 'Identity-85', 'Identity-86', 'Linear-42', 'Dropout-32', 'Attention-11', 'Identity-87', 'Identity-88', 'LayerNorm-22', 'Linear-43', 'GELU-11', 'Dropout-33', 'Identity-89', 'Linear-44', 'Dropout-34', 'Mlp-11', 'Identity-90', 'Identity-91', 'Block-11', 'LayerNorm-23', 'Linear-45', 'Identity-92', 'Identity-93', 'Identity-94', 'Linear-46', 'Dropout-35', 'Attention-12', 'Identity-95', 'Identity-96', 'LayerNorm-24', 'Linear-47', 'GELU-12', 'Dropout-36', 'Identity-97', 'Linear-48', 'Dropout-37', 'Mlp-12', 'Identity-98', 'Identity-99', 'Block-12', 'LayerNorm-25', 'Identity-100', 'Dropout-38', 'Linear-49', 'VisionTransformer-1']
Total number of layers: 263

==================================================
Processing layer: Identity-76 from model: vit_base_patch16_224_classification

For model vit_base_patch16_224_classification Layer Identity-76: Extracting features for 9000 images in batches of 28...
Feature extraction for model vit_base_patch16_224_classification layer Identity-76 completed in 2827.03 seconds.
Finding best ridge alphas for 90 target PCs using 151296 features and 9000 samples.
Using alphas: 10^1 to 10^20, 100 values spaced logarithmically.
[Pipeline] ........... (step 1 of 1) Processing ridgecv, total= 9.6min

Selected alpha and cross-validation score for each PC:
Finished finding best ridge alphas for each target PC.✅

PC   1: alpha = 628029, CV score = -1544.120996

PC   2: alpha = 259502, CV score = -556.597320

PC   3: alpha = 259502, CV score = -356.963189

PC   4: alpha = 259502, CV score = -211.028682

PC   5: alpha = 403702, CV score = -177.755530

PC   6: alpha = 403702, CV score = -167.204196

PC   7: alpha = 403702, CV score = -145.714426

PC   8: alpha = 977010, CV score = -148.153239

PC   9: alpha = 403702, CV score = -106.670871

PC  10: alpha = 403702, CV score = -89.742960

PC  11: alpha = 403702, CV score = -85.737692

PC  12: alpha = 259502, CV score = -60.442574

PC  13: alpha = 977010, CV score = -93.333882

PC  14: alpha = 628029, CV score = -78.254457

PC  15: alpha = 403702, CV score = -68.656608

PC  16: alpha = 628029, CV score = -74.196845

PC  17: alpha = 628029, CV score = -68.762585

PC  18: alpha = 977010, CV score = -73.428605

PC  19: alpha = 628029, CV score = -62.610038

PC  20: alpha = 628029, CV score = -63.842677

PC  21: alpha = 628029, CV score = -57.636789

PC  22: alpha = 628029, CV score = -57.174527

PC  23: alpha = 628029, CV score = -54.290348

PC  24: alpha = 628029, CV score = -54.226439

PC  25: alpha = 628029, CV score = -51.471642

PC  26: alpha = 977010, CV score = -51.727194

PC  27: alpha = 628029, CV score = -47.221366

PC  28: alpha = 977010, CV score = -47.725878

PC  29: alpha = 977010, CV score = -45.943122

PC  30: alpha = 977010, CV score = -41.229455

PC  31: alpha = 628029, CV score = -40.273482

PC  32: alpha = 628029, CV score = -38.222495

PC  33: alpha = 977010, CV score = -38.511039

PC  34: alpha = 977010, CV score = -38.502139

PC  35: alpha = 977010, CV score = -35.469543

PC  36: alpha = 977010, CV score = -34.621049

PC  37: alpha = 977010, CV score = -34.802630

PC  38: alpha = 628029, CV score = -31.619990

PC  39: alpha = 628029, CV score = -32.996808

PC  40: alpha = 628029, CV score = -30.674481

PC  41: alpha = 977010, CV score = -30.366822

PC  42: alpha = 977010, CV score = -28.706183

PC  43: alpha = 977010, CV score = -28.632211

PC  44: alpha = 1.51991e+06, CV score = -28.742488

PC  45: alpha = 628029, CV score = -26.288748

PC  46: alpha = 1.51991e+06, CV score = -28.055469

PC  47: alpha = 977010, CV score = -25.816584

PC  48: alpha = 403702, CV score = -22.800837

PC  49: alpha = 628029, CV score = -24.655337

PC  50: alpha = 628029, CV score = -24.048834

PC  51: alpha = 628029, CV score = -22.008385

PC  52: alpha = 977010, CV score = -23.372134

PC  53: alpha = 628029, CV score = -22.057048

PC  54: alpha = 977010, CV score = -22.408235

PC  55: alpha = 977010, CV score = -21.657757

PC  56: alpha = 628029, CV score = -20.320760

PC  57: alpha = 628029, CV score = -20.519763

PC  58: alpha = 628029, CV score = -19.939408

PC  59: alpha = 1.51991e+06, CV score = -20.409037

PC  60: alpha = 977010, CV score = -19.519350

PC  61: alpha = 977010, CV score = -18.991077

PC  62: alpha = 628029, CV score = -18.184024

PC  63: alpha = 628029, CV score = -18.099015

PC  64: alpha = 628029, CV score = -17.851078

PC  65: alpha = 403702, CV score = -15.206346

PC  66: alpha = 977010, CV score = -17.384647

PC  67: alpha = 1.51991e+06, CV score = -17.481688

PC  68: alpha = 1.51991e+06, CV score = -17.445996

PC  69: alpha = 977010, CV score = -16.890540

PC  70: alpha = 977010, CV score = -16.246772

PC  71: alpha = 628029, CV score = -15.877285

PC  72: alpha = 977010, CV score = -15.620816

PC  73: alpha = 977010, CV score = -15.404368

PC  74: alpha = 977010, CV score = -15.265718

PC  75: alpha = 1.51991e+06, CV score = -15.165559

PC  76: alpha = 628029, CV score = -14.370698

PC  77: alpha = 628029, CV score = -14.107755

PC  78: alpha = 1.51991e+06, CV score = -14.459181

PC  79: alpha = 977010, CV score = -14.075294

PC  80: alpha = 977010, CV score = -13.790647

PC  81: alpha = 1.51991e+06, CV score = -14.003509

PC  82: alpha = 977010, CV score = -13.479431

PC  83: alpha = 977010, CV score = -13.254815

PC  84: alpha = 977010, CV score = -12.861774

PC  85: alpha = 977010, CV score = -12.600172

PC  86: alpha = 1.51991e+06, CV score = -12.714644

PC  87: alpha = 977010, CV score = -12.559656

PC  88: alpha = 977010, CV score = -12.134278

PC  89: alpha = 977010, CV score = -12.311269

PC  90: alpha = 977010, CV score = -12.046773

Mean cross-validation score across PCs: -66.975200

======================================================================================

Chosen model: tnt_s_patch16_224_classification
Number of images: 73000
Image shape: (425, 425, 3), dtype: uint8
nsdID shape: (73000,), Shared1000 shape: (73000,)
Neural data shape: (10000, 8088)
Image IDs shape: (10000,)
Number of voxels: 8088
Number of projections for SRP: 7894

Loaded target with shape (10000, 8088).
Transformed data shape: (9000, 200)
Transformed data shape after truncion: (9000, 90)
Model options for tnt_s_patch16_224_classification: {'model_name': 'tnt_s_patch16_224', 'train_type': 'classification', 'train_data': 'imagenet', 'model_source': 'timm', 'call': "get_timm_model('tnt_s_patch16_224', pretrained = True)"}
Image transforms for tnt_s_patch16_224_classification: Compose(
    Resize(size=(224, 224), interpolation=bicubic, max_size=None, antialias=True)
    MaybeToTensor()
    Normalize(mean=tensor([0.4850, 0.4560, 0.4060]), std=tensor([0.2290, 0.2240, 0.2250]))
)
Loaded model: tnt_s_patch16_224_classification
Ordered layers from model: ['Unfold-1', 'LayerNorm-1', 'Linear-1', 'LayerNorm-2', 'Dropout-1', 'LayerNorm-5', 'Linear-7', 'LayerNorm-6', 'LayerNorm-7', 'Linear-8', 'Linear-9', 'Dropout-6', 'Linear-10', 'Dropout-7', 'Attention-2', 'Identity-4', 'LayerNorm-8', 'Linear-11', 'GELU-2', 'Dropout-8', 'Identity-5', 'Linear-12', 'Dropout-9', 'Mlp-2', 'Identity-6', 'Block-1-2', 'LayerNorm-11', 'Linear-18', 'LayerNorm-12', 'LayerNorm-13', 'Linear-19', 'Linear-20', 'Dropout-14', 'Linear-21', 'Dropout-15', 'Attention-4', 'Identity-10', 'LayerNorm-14', 'Linear-22', 'GELU-4', 'Dropout-16', 'Identity-11', 'Linear-23', 'Dropout-17', 'Mlp-4', 'Identity-12', 'Block-3-2', 'LayerNorm-17', 'Linear-29', 'LayerNorm-18', 'LayerNorm-19', 'Linear-30', 'Linear-31', 'Dropout-22', 'Linear-32', 'Dropout-23', 'Attention-6', 'Identity-16', 'LayerNorm-20', 'Linear-33', 'GELU-6', 'Dropout-24', 'Identity-17', 'Linear-34', 'Dropout-25', 'Mlp-6', 'Identity-18', 'Block-5-2', 'LayerNorm-23', 'Linear-40', 'LayerNorm-24', 'LayerNorm-25', 'Linear-41', 'Linear-42', 'Dropout-30', 'Linear-43', 'Dropout-31', 'Attention-8', 'Identity-22', 'LayerNorm-26', 'Linear-44', 'GELU-8', 'Dropout-32', 'Identity-23', 'Linear-45', 'Dropout-33', 'Mlp-8', 'Identity-24', 'Block-7-2', 'LayerNorm-29', 'Linear-51', 'LayerNorm-30', 'LayerNorm-31', 'Linear-52', 'Linear-53', 'Dropout-38', 'Linear-54', 'Dropout-39', 'Attention-10', 'Identity-28', 'LayerNorm-32', 'Linear-55', 'GELU-10', 'Dropout-40', 'Identity-29', 'Linear-56', 'Dropout-41', 'Mlp-10', 'Identity-30', 'Block-9-2', 'LayerNorm-35', 'Linear-62', 'LayerNorm-36', 'LayerNorm-37', 'Linear-63', 'Linear-64', 'Dropout-46', 'Linear-65', 'Dropout-47', 'Attention-12', 'Identity-34', 'LayerNorm-38', 'Linear-66', 'GELU-12', 'Dropout-48', 'Identity-35', 'Linear-67', 'Dropout-49', 'Mlp-12', 'Identity-36', 'Block-11-2', 'LayerNorm-41', 'Linear-73', 'LayerNorm-42', 'LayerNorm-43', 'Linear-74', 'Linear-75', 'Dropout-54', 'Linear-76', 'Dropout-55', 'Attention-14', 'Identity-40', 'LayerNorm-44', 'Linear-77', 'GELU-14', 'Dropout-56', 'Identity-41', 'Linear-78', 'Dropout-57', 'Mlp-14', 'Identity-42', 'Block-13-2', 'LayerNorm-47', 'Linear-84', 'LayerNorm-48', 'LayerNorm-49', 'Linear-85', 'Linear-86', 'Dropout-62', 'Linear-87', 'Dropout-63', 'Attention-16', 'Identity-46', 'LayerNorm-50', 'Linear-88', 'GELU-16', 'Dropout-64', 'Identity-47', 'Linear-89', 'Dropout-65', 'Mlp-16', 'Identity-48', 'Block-15-2', 'LayerNorm-53', 'Linear-95', 'LayerNorm-54', 'LayerNorm-55', 'Linear-96', 'Linear-97', 'Dropout-70', 'Linear-98', 'Dropout-71', 'Attention-18', 'Identity-52', 'LayerNorm-56', 'Linear-99', 'GELU-18', 'Dropout-72', 'Identity-53', 'Linear-100', 'Dropout-73', 'Mlp-18', 'Identity-54', 'Block-17-2', 'LayerNorm-59', 'Linear-106', 'LayerNorm-60', 'LayerNorm-61', 'Linear-107', 'Linear-108', 'Dropout-78', 'Linear-109', 'Dropout-79', 'Attention-20', 'Identity-58', 'LayerNorm-62', 'Linear-110', 'GELU-20', 'Dropout-80', 'Identity-59', 'Linear-111', 'Dropout-81', 'Mlp-20', 'Identity-60', 'Block-19-2', 'LayerNorm-65', 'Linear-117', 'LayerNorm-66', 'LayerNorm-67', 'Linear-118', 'Linear-119', 'Dropout-86', 'Linear-120', 'Dropout-87', 'Attention-22', 'Identity-64', 'LayerNorm-68', 'Linear-121', 'GELU-22', 'Dropout-88', 'Identity-65', 'Linear-122', 'Dropout-89', 'Mlp-22', 'Identity-66', 'Block-21-2', 'LayerNorm-71', 'Linear-128', 'LayerNorm-72', 'LayerNorm-73', 'Linear-129', 'Linear-130', 'Dropout-94', 'Linear-131', 'Dropout-95', 'Attention-24', 'Identity-70', 'LayerNorm-74', 'Linear-132', 'GELU-24', 'Dropout-96', 'Identity-71', 'Linear-133', 'Dropout-97', 'Mlp-24', 'Identity-72', 'Block-23-2', 'LayerNorm-75', 'Dropout-98', 'Linear-134', 'TNT-1']
Total number of layers: 261

==================================================
Processing layer: Linear-107 from model: tnt_s_patch16_224_classification

For model tnt_s_patch16_224_classification Layer Linear-107: Extracting features for 9000 images in batches of 28...
Feature extraction for model tnt_s_patch16_224_classification layer Linear-107 completed in 1207.92 seconds.
Finding best ridge alphas for 90 target PCs using 151296 features and 9000 samples.
Using alphas: 10^1 to 10^20, 100 values spaced logarithmically.
[Pipeline] ........... (step 1 of 1) Processing ridgecv, total= 9.6min

Selected alpha and cross-validation score for each PC:
Finished finding best ridge alphas for each target PC.✅

PC   1: alpha = 628029, CV score = -1545.763520

PC   2: alpha = 259502, CV score = -560.101100

PC   3: alpha = 166810, CV score = -365.195757

PC   4: alpha = 166810, CV score = -218.760001

PC   5: alpha = 259502, CV score = -180.930181

PC   6: alpha = 403702, CV score = -169.293987

PC   7: alpha = 403702, CV score = -145.896400

PC   8: alpha = 977010, CV score = -149.125186

PC   9: alpha = 259502, CV score = -108.834909

PC  10: alpha = 259502, CV score = -90.581438

PC  11: alpha = 403702, CV score = -87.016249

PC  12: alpha = 259502, CV score = -61.950001

PC  13: alpha = 628029, CV score = -94.151362

PC  14: alpha = 403702, CV score = -78.400356

PC  15: alpha = 403702, CV score = -68.877532

PC  16: alpha = 403702, CV score = -74.544689

PC  17: alpha = 403702, CV score = -68.769857

PC  18: alpha = 628029, CV score = -72.985068

PC  19: alpha = 403702, CV score = -63.186750

PC  20: alpha = 403702, CV score = -64.434758

PC  21: alpha = 628029, CV score = -58.978717

PC  22: alpha = 628029, CV score = -57.671857

PC  23: alpha = 403702, CV score = -54.742920

PC  24: alpha = 628029, CV score = -54.517341

PC  25: alpha = 403702, CV score = -51.971058

PC  26: alpha = 628029, CV score = -51.806098

PC  27: alpha = 628029, CV score = -47.965184

PC  28: alpha = 977010, CV score = -47.843792

PC  29: alpha = 628029, CV score = -46.266450

PC  30: alpha = 628029, CV score = -41.327949

PC  31: alpha = 403702, CV score = -40.464114

PC  32: alpha = 403702, CV score = -38.720543

PC  33: alpha = 628029, CV score = -38.811964

PC  34: alpha = 628029, CV score = -38.678411

PC  35: alpha = 628029, CV score = -35.551985

PC  36: alpha = 977010, CV score = -34.800105

PC  37: alpha = 977010, CV score = -35.126501

PC  38: alpha = 403702, CV score = -32.012301

PC  39: alpha = 628029, CV score = -33.058064

PC  40: alpha = 628029, CV score = -30.951033

PC  41: alpha = 628029, CV score = -30.516637

PC  42: alpha = 628029, CV score = -28.753138

PC  43: alpha = 628029, CV score = -28.754119

PC  44: alpha = 977010, CV score = -28.678748

PC  45: alpha = 403702, CV score = -26.619883

PC  46: alpha = 977010, CV score = -28.067000

PC  47: alpha = 628029, CV score = -26.004199

PC  48: alpha = 259502, CV score = -23.183695

PC  49: alpha = 628029, CV score = -24.729180

PC  50: alpha = 628029, CV score = -24.327429

PC  51: alpha = 403702, CV score = -22.229682

PC  52: alpha = 977010, CV score = -23.690519

PC  53: alpha = 403702, CV score = -22.215144

PC  54: alpha = 628029, CV score = -22.547002

PC  55: alpha = 977010, CV score = -21.786286

PC  56: alpha = 403702, CV score = -20.526539

PC  57: alpha = 628029, CV score = -20.763173

PC  58: alpha = 628029, CV score = -20.140459

PC  59: alpha = 1.51991e+06, CV score = -20.482774

PC  60: alpha = 977010, CV score = -19.677161

PC  61: alpha = 628029, CV score = -19.090698

PC  62: alpha = 628029, CV score = -18.283469

PC  63: alpha = 403702, CV score = -18.132496

PC  64: alpha = 628029, CV score = -18.119419

PC  65: alpha = 259502, CV score = -15.360771

PC  66: alpha = 628029, CV score = -17.389379

PC  67: alpha = 977010, CV score = -17.549029

PC  68: alpha = 977010, CV score = -17.475218

PC  69: alpha = 628029, CV score = -16.931408

PC  70: alpha = 977010, CV score = -16.352445

PC  71: alpha = 403702, CV score = -16.022065

PC  72: alpha = 977010, CV score = -15.782440

PC  73: alpha = 977010, CV score = -15.462836

PC  74: alpha = 977010, CV score = -15.326339

PC  75: alpha = 977010, CV score = -15.168967

PC  76: alpha = 628029, CV score = -14.508109

PC  77: alpha = 628029, CV score = -14.107633

PC  78: alpha = 977010, CV score = -14.496500

PC  79: alpha = 628029, CV score = -14.081128

PC  80: alpha = 977010, CV score = -13.867617

PC  81: alpha = 977010, CV score = -14.029370

PC  82: alpha = 628029, CV score = -13.542157

PC  83: alpha = 628029, CV score = -13.266847

PC  84: alpha = 628029, CV score = -12.990488

PC  85: alpha = 628029, CV score = -12.657464

PC  86: alpha = 977010, CV score = -12.804486

PC  87: alpha = 628029, CV score = -12.570584

PC  88: alpha = 628029, CV score = -12.148184

PC  89: alpha = 628029, CV score = -12.287760

PC  90: alpha = 628029, CV score = -12.077010

Mean cross-validation score across PCs: -67.507117

======================================================================================

Chosen model: crossvit_base_240_classification
Number of images: 73000
Image shape: (425, 425, 3), dtype: uint8
nsdID shape: (73000,), Shared1000 shape: (73000,)
Neural data shape: (10000, 8088)
Image IDs shape: (10000,)
Number of voxels: 8088
Number of projections for SRP: 7894

Loaded target with shape (10000, 8088).
Transformed data shape: (9000, 200)
Transformed data shape after truncion: (9000, 90)
Model options for crossvit_base_240_classification: {'model_name': 'crossvit_base_240', 'train_type': 'classification', 'train_data': 'imagenet', 'model_source': 'timm', 'call': "get_timm_model('crossvit_base_240', pretrained = True)"}
Image transforms for crossvit_base_240_classification: Compose(
    Resize(size=(224, 224), interpolation=bicubic, max_size=None, antialias=True)
    MaybeToTensor()
    Normalize(mean=tensor([0.4850, 0.4560, 0.4060]), std=tensor([0.2290, 0.2240, 0.2250]))
)
Loaded model: crossvit_base_240_classification
Ordered layers from model: ['Conv2d-1', 'PatchEmbed-1', 'Dropout-1', 'Conv2d-2', 'PatchEmbed-2', 'Dropout-2', 'LayerNorm-1', 'Linear-1', 'Identity-1', 'Identity-2', 'Identity-3', 'Linear-2', 'Dropout-3', 'Attention-1', 'Identity-4', 'Identity-5', 'LayerNorm-2', 'Linear-3', 'GELU-1', 'Dropout-4', 'Identity-6', 'Linear-4', 'Dropout-5', 'Mlp-1', 'Identity-7', 'Identity-8', 'Block-1', 'LayerNorm-3', 'Linear-5', 'Identity-9', 'Identity-10', 'Identity-11', 'Linear-6', 'Dropout-6', 'Attention-2', 'Identity-12', 'Identity-13', 'LayerNorm-4', 'Linear-7', 'GELU-2', 'Dropout-7', 'Identity-14', 'Linear-8', 'Dropout-8', 'Mlp-2', 'Identity-15', 'Identity-16', 'Block-2', 'LayerNorm-5', 'Linear-9', 'Identity-17', 'Identity-18', 'Identity-19', 'Linear-10', 'Dropout-9', 'Attention-3', 'Identity-20', 'Identity-21', 'LayerNorm-6', 'Linear-11', 'GELU-3', 'Dropout-10', 'Identity-22', 'Linear-12', 'Dropout-11', 'Mlp-3', 'Identity-23', 'Identity-24', 'Block-3', 'LayerNorm-7', 'Linear-13', 'Identity-25', 'Identity-26', 'Identity-27', 'Linear-14', 'Dropout-12', 'Attention-4', 'Identity-28', 'Identity-29', 'LayerNorm-8', 'Linear-15', 'GELU-4', 'Dropout-13', 'Identity-30', 'Linear-16', 'Dropout-14', 'Mlp-4', 'Identity-31', 'Identity-32', 'Block-4', 'LayerNorm-9', 'Linear-17', 'Identity-33', 'Identity-34', 'Identity-35', 'Linear-18', 'Dropout-15', 'Attention-5', 'Identity-36', 'Identity-37', 'LayerNorm-10', 'Linear-19', 'GELU-5', 'Dropout-16', 'Identity-38', 'Linear-20', 'Dropout-17', 'Mlp-5', 'Identity-39', 'Identity-40', 'Block-5', 'LayerNorm-11', 'GELU-6', 'Linear-21', 'LayerNorm-12', 'GELU-7', 'Linear-22', 'LayerNorm-13', 'Linear-23', 'Linear-24', 'Linear-25', 'Dropout-18', 'Linear-26', 'Dropout-19', 'CrossAttention-1', 'Identity-41', 'CrossAttentionBlock-1', 'LayerNorm-14', 'GELU-8', 'Linear-27', 'LayerNorm-15', 'Linear-28', 'Linear-29', 'Linear-30', 'Dropout-20', 'Linear-31', 'Dropout-21', 'CrossAttention-3', 'Identity-42', 'CrossAttentionBlock-2', 'LayerNorm-16', 'GELU-9', 'Linear-32', 'MultiScaleBlock-1-1', 'MultiScaleBlock-1-2', 'LayerNorm-17', 'Linear-33', 'Identity-43', 'Identity-44', 'Identity-45', 'Linear-34', 'Dropout-22', 'Attention-10', 'Identity-46', 'Identity-47', 'LayerNorm-18', 'Linear-35', 'GELU-10', 'Dropout-23', 'Identity-48', 'Linear-36', 'Dropout-24', 'Mlp-6', 'Identity-49', 'Identity-50', 'Block-10', 'LayerNorm-19', 'Linear-37', 'Identity-51', 'Identity-52', 'Identity-53', 'Linear-38', 'Dropout-25', 'Attention-11', 'Identity-54', 'Identity-55', 'LayerNorm-20', 'Linear-39', 'GELU-11', 'Dropout-26', 'Identity-56', 'Linear-40', 'Dropout-27', 'Mlp-7', 'Identity-57', 'Identity-58', 'Block-11', 'LayerNorm-21', 'Linear-41', 'Identity-59', 'Identity-60', 'Identity-61', 'Linear-42', 'Dropout-28', 'Attention-12', 'Identity-62', 'Identity-63', 'LayerNorm-22', 'Linear-43', 'GELU-12', 'Dropout-29', 'Identity-64', 'Linear-44', 'Dropout-30', 'Mlp-8', 'Identity-65', 'Identity-66', 'Block-12', 'LayerNorm-23', 'Linear-45', 'Identity-67', 'Identity-68', 'Identity-69', 'Linear-46', 'Dropout-31', 'Attention-13', 'Identity-70', 'Identity-71', 'LayerNorm-24', 'Linear-47', 'GELU-13', 'Dropout-32', 'Identity-72', 'Linear-48', 'Dropout-33', 'Mlp-9', 'Identity-73', 'Identity-74', 'Block-13', 'LayerNorm-25', 'Linear-49', 'Identity-75', 'Identity-76', 'Identity-77', 'Linear-50', 'Dropout-34', 'Attention-14', 'Identity-78', 'Identity-79', 'LayerNorm-26', 'Linear-51', 'GELU-14', 'Dropout-35', 'Identity-80', 'Linear-52', 'Dropout-36', 'Mlp-10', 'Identity-81', 'Identity-82', 'Block-14', 'LayerNorm-27', 'GELU-15', 'Linear-53', 'LayerNorm-28', 'GELU-16', 'Linear-54', 'LayerNorm-29', 'Linear-55', 'Linear-56', 'Linear-57', 'Dropout-37', 'Linear-58', 'Dropout-38', 'CrossAttention-5', 'Identity-83', 'CrossAttentionBlock-3', 'LayerNorm-30', 'GELU-17', 'Linear-59', 'LayerNorm-31', 'Linear-60', 'Linear-61', 'Linear-62', 'Dropout-39', 'Linear-63', 'Dropout-40', 'CrossAttention-7', 'Identity-84', 'CrossAttentionBlock-4', 'LayerNorm-32', 'GELU-18', 'Linear-64', 'MultiScaleBlock-3-1', 'MultiScaleBlock-3-2', 'LayerNorm-33', 'Linear-65', 'Identity-85', 'Identity-86', 'Identity-87', 'Linear-66', 'Dropout-41', 'Attention-19', 'Identity-88', 'Identity-89', 'LayerNorm-34', 'Linear-67', 'GELU-19', 'Dropout-42', 'Identity-90', 'Linear-68', 'Dropout-43', 'Mlp-11', 'Identity-91', 'Identity-92', 'Block-19', 'LayerNorm-35', 'Linear-69', 'Identity-93', 'Identity-94', 'Identity-95', 'Linear-70', 'Dropout-44', 'Attention-20', 'Identity-96', 'Identity-97', 'LayerNorm-36', 'Linear-71', 'GELU-20', 'Dropout-45', 'Identity-98', 'Linear-72', 'Dropout-46', 'Mlp-12', 'Identity-99', 'Identity-100', 'Block-20', 'LayerNorm-37', 'Linear-73', 'Identity-101', 'Identity-102', 'Identity-103', 'Linear-74', 'Dropout-47', 'Attention-21', 'Identity-104', 'Identity-105', 'LayerNorm-38', 'Linear-75', 'GELU-21', 'Dropout-48', 'Identity-106', 'Linear-76', 'Dropout-49', 'Mlp-13', 'Identity-107', 'Identity-108', 'Block-21', 'LayerNorm-39', 'Linear-77', 'Identity-109', 'Identity-110', 'Identity-111', 'Linear-78', 'Dropout-50', 'Attention-22', 'Identity-112', 'Identity-113', 'LayerNorm-40', 'Linear-79', 'GELU-22', 'Dropout-51', 'Identity-114', 'Linear-80', 'Dropout-52', 'Mlp-14', 'Identity-115', 'Identity-116', 'Block-22', 'LayerNorm-41', 'Linear-81', 'Identity-117', 'Identity-118', 'Identity-119', 'Linear-82', 'Dropout-53', 'Attention-23', 'Identity-120', 'Identity-121', 'LayerNorm-42', 'Linear-83', 'GELU-23', 'Dropout-54', 'Identity-122', 'Linear-84', 'Dropout-55', 'Mlp-15', 'Identity-123', 'Identity-124', 'Block-23', 'LayerNorm-43', 'GELU-24', 'Linear-85', 'LayerNorm-44', 'GELU-25', 'Linear-86', 'LayerNorm-45', 'Linear-87', 'Linear-88', 'Linear-89', 'Dropout-56', 'Linear-90', 'Dropout-57', 'CrossAttention-9', 'Identity-125', 'CrossAttentionBlock-5', 'LayerNorm-46', 'GELU-26', 'Linear-91', 'LayerNorm-47', 'Linear-92', 'Linear-93', 'Linear-94', 'Dropout-58', 'Linear-95', 'Dropout-59', 'CrossAttention-11', 'Identity-126', 'CrossAttentionBlock-6', 'LayerNorm-48', 'GELU-27', 'Linear-96', 'MultiScaleBlock-5-1', 'MultiScaleBlock-5-2', 'LayerNorm-49', 'LayerNorm-50', 'Dropout-60', 'Dropout-61', 'Linear-97', 'Linear-98', 'CrossVit-1']
Total number of layers: 430

==================================================
Processing layer: LayerNorm-38 from model: crossvit_base_240_classification

For model crossvit_base_240_classification Layer LayerNorm-38: Extracting features for 9000 images in batches of 28...
Feature extraction for model crossvit_base_240_classification layer LayerNorm-38 completed in 3499.11 seconds.
Finding best ridge alphas for 90 target PCs using 151296 features and 9000 samples.
Using alphas: 10^1 to 10^20, 100 values spaced logarithmically.
[Pipeline] ........... (step 1 of 1) Processing ridgecv, total= 9.6min

Selected alpha and cross-validation score for each PC:
Finished finding best ridge alphas for each target PC.✅

PC   1: alpha = 5.72237e+06, CV score = -1536.555122

PC   2: alpha = 1.51991e+06, CV score = -525.987656

PC   3: alpha = 977010, CV score = -348.471523

PC   4: alpha = 1.51991e+06, CV score = -202.891443

PC   5: alpha = 2.36449e+06, CV score = -175.343208

PC   6: alpha = 2.36449e+06, CV score = -163.840580

PC   7: alpha = 2.36449e+06, CV score = -144.070512

PC   8: alpha = 5.72237e+06, CV score = -148.738061

PC   9: alpha = 2.36449e+06, CV score = -105.134790

PC  10: alpha = 2.36449e+06, CV score = -88.220054

PC  11: alpha = 3.67838e+06, CV score = -85.714244

PC  12: alpha = 1.51991e+06, CV score = -58.330346

PC  13: alpha = 5.72237e+06, CV score = -93.824927

PC  14: alpha = 3.67838e+06, CV score = -77.665494

PC  15: alpha = 2.36449e+06, CV score = -66.952004

PC  16: alpha = 3.67838e+06, CV score = -73.463550

PC  17: alpha = 3.67838e+06, CV score = -68.245868

PC  18: alpha = 5.72237e+06, CV score = -73.275544

PC  19: alpha = 3.67838e+06, CV score = -62.258789

PC  20: alpha = 3.67838e+06, CV score = -63.537844

PC  21: alpha = 3.67838e+06, CV score = -57.679543

PC  22: alpha = 3.67838e+06, CV score = -57.152721

PC  23: alpha = 3.67838e+06, CV score = -53.819167

PC  24: alpha = 3.67838e+06, CV score = -54.337497

PC  25: alpha = 3.67838e+06, CV score = -51.239819

PC  26: alpha = 5.72237e+06, CV score = -51.569683

PC  27: alpha = 3.67838e+06, CV score = -47.015485

PC  28: alpha = 5.72237e+06, CV score = -47.498841

PC  29: alpha = 3.67838e+06, CV score = -46.039177

PC  30: alpha = 3.67838e+06, CV score = -40.866608

PC  31: alpha = 3.67838e+06, CV score = -39.935119

PC  32: alpha = 3.67838e+06, CV score = -37.998347

PC  33: alpha = 3.67838e+06, CV score = -38.309132

PC  34: alpha = 5.72237e+06, CV score = -38.723330

PC  35: alpha = 3.67838e+06, CV score = -34.944378

PC  36: alpha = 5.72237e+06, CV score = -34.207523

PC  37: alpha = 5.72237e+06, CV score = -34.918417

PC  38: alpha = 3.67838e+06, CV score = -31.729048

PC  39: alpha = 3.67838e+06, CV score = -32.971119

PC  40: alpha = 3.67838e+06, CV score = -30.428660

PC  41: alpha = 5.72237e+06, CV score = -30.380289

PC  42: alpha = 3.67838e+06, CV score = -28.575204

PC  43: alpha = 5.72237e+06, CV score = -28.505109

PC  44: alpha = 5.72237e+06, CV score = -28.736380

PC  45: alpha = 3.67838e+06, CV score = -26.226427

PC  46: alpha = 8.90215e+06, CV score = -28.096803

PC  47: alpha = 3.67838e+06, CV score = -25.745026

PC  48: alpha = 1.51991e+06, CV score = -22.546199

PC  49: alpha = 3.67838e+06, CV score = -24.500100

PC  50: alpha = 3.67838e+06, CV score = -23.926790

PC  51: alpha = 3.67838e+06, CV score = -21.893309

PC  52: alpha = 8.90215e+06, CV score = -23.522652

PC  53: alpha = 3.67838e+06, CV score = -22.059200

PC  54: alpha = 5.72237e+06, CV score = -22.455537

PC  55: alpha = 5.72237e+06, CV score = -21.708449

PC  56: alpha = 3.67838e+06, CV score = -20.137390

PC  57: alpha = 3.67838e+06, CV score = -20.494074

PC  58: alpha = 3.67838e+06, CV score = -19.768759

PC  59: alpha = 8.90215e+06, CV score = -20.361063

PC  60: alpha = 5.72237e+06, CV score = -19.472260

PC  61: alpha = 3.67838e+06, CV score = -18.974734

PC  62: alpha = 3.67838e+06, CV score = -18.185106

PC  63: alpha = 3.67838e+06, CV score = -18.088658

PC  64: alpha = 5.72237e+06, CV score = -17.895963

PC  65: alpha = 2.36449e+06, CV score = -15.089967

PC  66: alpha = 5.72237e+06, CV score = -17.311033

PC  67: alpha = 8.90215e+06, CV score = -17.520840

PC  68: alpha = 8.90215e+06, CV score = -17.457170

PC  69: alpha = 5.72237e+06, CV score = -16.828877

PC  70: alpha = 5.72237e+06, CV score = -16.112715

PC  71: alpha = 3.67838e+06, CV score = -15.680751

PC  72: alpha = 5.72237e+06, CV score = -15.590588

PC  73: alpha = 5.72237e+06, CV score = -15.342535

PC  74: alpha = 5.72237e+06, CV score = -15.230345

PC  75: alpha = 8.90215e+06, CV score = -15.140114

PC  76: alpha = 3.67838e+06, CV score = -14.248824

PC  77: alpha = 3.67838e+06, CV score = -13.994155

PC  78: alpha = 8.90215e+06, CV score = -14.392231

PC  79: alpha = 3.67838e+06, CV score = -13.967072

PC  80: alpha = 5.72237e+06, CV score = -13.756957

PC  81: alpha = 5.72237e+06, CV score = -13.941581

PC  82: alpha = 5.72237e+06, CV score = -13.435174

PC  83: alpha = 5.72237e+06, CV score = -13.185804

PC  84: alpha = 5.72237e+06, CV score = -12.887938

PC  85: alpha = 3.67838e+06, CV score = -12.549236

PC  86: alpha = 8.90215e+06, CV score = -12.750833

PC  87: alpha = 5.72237e+06, CV score = -12.530664

PC  88: alpha = 5.72237e+06, CV score = -12.083258

PC  89: alpha = 5.72237e+06, CV score = -12.287940

PC  90: alpha = 5.72237e+06, CV score = -12.003351

Mean cross-validation score across PCs: -66.127562

======================================================================================

Chosen model: deit_base_patch16_224_classification
Number of images: 73000
Image shape: (425, 425, 3), dtype: uint8
nsdID shape: (73000,), Shared1000 shape: (73000,)
Neural data shape: (10000, 8088)
Image IDs shape: (10000,)
Number of voxels: 8088
Number of projections for SRP: 7894

Loaded target with shape (10000, 8088).
Transformed data shape: (9000, 200)
Transformed data shape after truncion: (9000, 90)
Model options for deit_base_patch16_224_classification: {'model_name': 'deit_base_patch16_224', 'train_type': 'classification', 'train_data': 'imagenet', 'model_source': 'timm', 'call': "get_timm_model('deit_base_patch16_224', pretrained = True)"}
Image transforms for deit_base_patch16_224_classification: Compose(
    Resize(size=(224, 224), interpolation=bicubic, max_size=None, antialias=True)
    MaybeToTensor()
    Normalize(mean=tensor([0.4850, 0.4560, 0.4060]), std=tensor([0.2290, 0.2240, 0.2250]))
)
Loaded model: deit_base_patch16_224_classification
Ordered layers from model: ['Conv2d-1', 'Identity-1', 'PatchEmbed-1', 'Dropout-1', 'Identity-2', 'Identity-3', 'LayerNorm-1', 'Linear-1', 'Identity-4', 'Identity-5', 'Identity-6', 'Linear-2', 'Dropout-2', 'Attention-1', 'Identity-7', 'Identity-8', 'LayerNorm-2', 'Linear-3', 'GELU-1', 'Dropout-3', 'Identity-9', 'Linear-4', 'Dropout-4', 'Mlp-1', 'Identity-10', 'Identity-11', 'Block-1', 'LayerNorm-3', 'Linear-5', 'Identity-12', 'Identity-13', 'Identity-14', 'Linear-6', 'Dropout-5', 'Attention-2', 'Identity-15', 'Identity-16', 'LayerNorm-4', 'Linear-7', 'GELU-2', 'Dropout-6', 'Identity-17', 'Linear-8', 'Dropout-7', 'Mlp-2', 'Identity-18', 'Identity-19', 'Block-2', 'LayerNorm-5', 'Linear-9', 'Identity-20', 'Identity-21', 'Identity-22', 'Linear-10', 'Dropout-8', 'Attention-3', 'Identity-23', 'Identity-24', 'LayerNorm-6', 'Linear-11', 'GELU-3', 'Dropout-9', 'Identity-25', 'Linear-12', 'Dropout-10', 'Mlp-3', 'Identity-26', 'Identity-27', 'Block-3', 'LayerNorm-7', 'Linear-13', 'Identity-28', 'Identity-29', 'Identity-30', 'Linear-14', 'Dropout-11', 'Attention-4', 'Identity-31', 'Identity-32', 'LayerNorm-8', 'Linear-15', 'GELU-4', 'Dropout-12', 'Identity-33', 'Linear-16', 'Dropout-13', 'Mlp-4', 'Identity-34', 'Identity-35', 'Block-4', 'LayerNorm-9', 'Linear-17', 'Identity-36', 'Identity-37', 'Identity-38', 'Linear-18', 'Dropout-14', 'Attention-5', 'Identity-39', 'Identity-40', 'LayerNorm-10', 'Linear-19', 'GELU-5', 'Dropout-15', 'Identity-41', 'Linear-20', 'Dropout-16', 'Mlp-5', 'Identity-42', 'Identity-43', 'Block-5', 'LayerNorm-11', 'Linear-21', 'Identity-44', 'Identity-45', 'Identity-46', 'Linear-22', 'Dropout-17', 'Attention-6', 'Identity-47', 'Identity-48', 'LayerNorm-12', 'Linear-23', 'GELU-6', 'Dropout-18', 'Identity-49', 'Linear-24', 'Dropout-19', 'Mlp-6', 'Identity-50', 'Identity-51', 'Block-6', 'LayerNorm-13', 'Linear-25', 'Identity-52', 'Identity-53', 'Identity-54', 'Linear-26', 'Dropout-20', 'Attention-7', 'Identity-55', 'Identity-56', 'LayerNorm-14', 'Linear-27', 'GELU-7', 'Dropout-21', 'Identity-57', 'Linear-28', 'Dropout-22', 'Mlp-7', 'Identity-58', 'Identity-59', 'Block-7', 'LayerNorm-15', 'Linear-29', 'Identity-60', 'Identity-61', 'Identity-62', 'Linear-30', 'Dropout-23', 'Attention-8', 'Identity-63', 'Identity-64', 'LayerNorm-16', 'Linear-31', 'GELU-8', 'Dropout-24', 'Identity-65', 'Linear-32', 'Dropout-25', 'Mlp-8', 'Identity-66', 'Identity-67', 'Block-8', 'LayerNorm-17', 'Linear-33', 'Identity-68', 'Identity-69', 'Identity-70', 'Linear-34', 'Dropout-26', 'Attention-9', 'Identity-71', 'Identity-72', 'LayerNorm-18', 'Linear-35', 'GELU-9', 'Dropout-27', 'Identity-73', 'Linear-36', 'Dropout-28', 'Mlp-9', 'Identity-74', 'Identity-75', 'Block-9', 'LayerNorm-19', 'Linear-37', 'Identity-76', 'Identity-77', 'Identity-78', 'Linear-38', 'Dropout-29', 'Attention-10', 'Identity-79', 'Identity-80', 'LayerNorm-20', 'Linear-39', 'GELU-10', 'Dropout-30', 'Identity-81', 'Linear-40', 'Dropout-31', 'Mlp-10', 'Identity-82', 'Identity-83', 'Block-10', 'LayerNorm-21', 'Linear-41', 'Identity-84', 'Identity-85', 'Identity-86', 'Linear-42', 'Dropout-32', 'Attention-11', 'Identity-87', 'Identity-88', 'LayerNorm-22', 'Linear-43', 'GELU-11', 'Dropout-33', 'Identity-89', 'Linear-44', 'Dropout-34', 'Mlp-11', 'Identity-90', 'Identity-91', 'Block-11', 'LayerNorm-23', 'Linear-45', 'Identity-92', 'Identity-93', 'Identity-94', 'Linear-46', 'Dropout-35', 'Attention-12', 'Identity-95', 'Identity-96', 'LayerNorm-24', 'Linear-47', 'GELU-12', 'Dropout-36', 'Identity-97', 'Linear-48', 'Dropout-37', 'Mlp-12', 'Identity-98', 'Identity-99', 'Block-12', 'LayerNorm-25', 'Identity-100', 'Dropout-38', 'Linear-49', 'VisionTransformer-1']
Total number of layers: 263

==================================================
Processing layer: LayerNorm-20 from model: deit_base_patch16_224_classification

For model deit_base_patch16_224_classification Layer LayerNorm-20: Extracting features for 9000 images in batches of 28...
Feature extraction for model deit_base_patch16_224_classification layer LayerNorm-20 completed in 2887.82 seconds.
Finding best ridge alphas for 90 target PCs using 151296 features and 9000 samples.
Using alphas: 10^1 to 10^20, 100 values spaced logarithmically.
[Pipeline] ........... (step 1 of 1) Processing ridgecv, total= 9.7min

Selected alpha and cross-validation score for each PC:
Finished finding best ridge alphas for each target PC.✅

PC   1: alpha = 3.67838e+06, CV score = -1537.095631

PC   2: alpha = 1.51991e+06, CV score = -525.329732

PC   3: alpha = 977010, CV score = -351.223905

PC   4: alpha = 977010, CV score = -201.779656

PC   5: alpha = 1.51991e+06, CV score = -176.027395

PC   6: alpha = 2.36449e+06, CV score = -163.827844

PC   7: alpha = 2.36449e+06, CV score = -143.604533

PC   8: alpha = 5.72237e+06, CV score = -148.676438

PC   9: alpha = 1.51991e+06, CV score = -104.632195

PC  10: alpha = 1.51991e+06, CV score = -87.779133

PC  11: alpha = 2.36449e+06, CV score = -85.711161

PC  12: alpha = 1.51991e+06, CV score = -58.112847

PC  13: alpha = 5.72237e+06, CV score = -93.369093

PC  14: alpha = 2.36449e+06, CV score = -77.555260

PC  15: alpha = 1.51991e+06, CV score = -66.528191

PC  16: alpha = 3.67838e+06, CV score = -73.725346

PC  17: alpha = 2.36449e+06, CV score = -67.869153

PC  18: alpha = 3.67838e+06, CV score = -72.803309

PC  19: alpha = 2.36449e+06, CV score = -61.979599

PC  20: alpha = 3.67838e+06, CV score = -63.592478

PC  21: alpha = 3.67838e+06, CV score = -57.584198

PC  22: alpha = 2.36449e+06, CV score = -56.887598

PC  23: alpha = 3.67838e+06, CV score = -54.159263

PC  24: alpha = 3.67838e+06, CV score = -54.330249

PC  25: alpha = 2.36449e+06, CV score = -51.158737

PC  26: alpha = 5.72237e+06, CV score = -51.579027

PC  27: alpha = 3.67838e+06, CV score = -47.036074

PC  28: alpha = 5.72237e+06, CV score = -47.544917

PC  29: alpha = 3.67838e+06, CV score = -45.926377

PC  30: alpha = 3.67838e+06, CV score = -40.885982

PC  31: alpha = 2.36449e+06, CV score = -39.990593

PC  32: alpha = 2.36449e+06, CV score = -38.163307

PC  33: alpha = 3.67838e+06, CV score = -38.176507

PC  34: alpha = 5.72237e+06, CV score = -38.705506

PC  35: alpha = 3.67838e+06, CV score = -34.928774

PC  36: alpha = 5.72237e+06, CV score = -34.441995

PC  37: alpha = 5.72237e+06, CV score = -34.904384

PC  38: alpha = 2.36449e+06, CV score = -31.772025

PC  39: alpha = 3.67838e+06, CV score = -32.953749

PC  40: alpha = 3.67838e+06, CV score = -30.481428

PC  41: alpha = 3.67838e+06, CV score = -30.318759

PC  42: alpha = 3.67838e+06, CV score = -28.433561

PC  43: alpha = 3.67838e+06, CV score = -28.462778

PC  44: alpha = 5.72237e+06, CV score = -28.723207

PC  45: alpha = 2.36449e+06, CV score = -26.153470

PC  46: alpha = 5.72237e+06, CV score = -28.030764

PC  47: alpha = 3.67838e+06, CV score = -25.665131

PC  48: alpha = 1.51991e+06, CV score = -22.828235

PC  49: alpha = 3.67838e+06, CV score = -24.374234

PC  50: alpha = 3.67838e+06, CV score = -24.007991

PC  51: alpha = 2.36449e+06, CV score = -21.917528

PC  52: alpha = 5.72237e+06, CV score = -23.458510

PC  53: alpha = 2.36449e+06, CV score = -22.032572

PC  54: alpha = 3.67838e+06, CV score = -22.466454

PC  55: alpha = 5.72237e+06, CV score = -21.677558

PC  56: alpha = 2.36449e+06, CV score = -20.232741

PC  57: alpha = 3.67838e+06, CV score = -20.580960

PC  58: alpha = 3.67838e+06, CV score = -19.843548

PC  59: alpha = 5.72237e+06, CV score = -20.340978

PC  60: alpha = 5.72237e+06, CV score = -19.520272

PC  61: alpha = 3.67838e+06, CV score = -19.036113

PC  62: alpha = 3.67838e+06, CV score = -18.175466

PC  63: alpha = 3.67838e+06, CV score = -18.091000

PC  64: alpha = 3.67838e+06, CV score = -17.850008

PC  65: alpha = 1.51991e+06, CV score = -15.142442

PC  66: alpha = 3.67838e+06, CV score = -17.192008

PC  67: alpha = 8.90215e+06, CV score = -17.514883

PC  68: alpha = 8.90215e+06, CV score = -17.445397

PC  69: alpha = 5.72237e+06, CV score = -16.895963

PC  70: alpha = 3.67838e+06, CV score = -16.090242

PC  71: alpha = 2.36449e+06, CV score = -15.705298

PC  72: alpha = 5.72237e+06, CV score = -15.652312

PC  73: alpha = 3.67838e+06, CV score = -15.330794

PC  74: alpha = 3.67838e+06, CV score = -15.241509

PC  75: alpha = 5.72237e+06, CV score = -15.167436

PC  76: alpha = 2.36449e+06, CV score = -14.278903

PC  77: alpha = 3.67838e+06, CV score = -14.025253

PC  78: alpha = 5.72237e+06, CV score = -14.322607

PC  79: alpha = 3.67838e+06, CV score = -13.906254

PC  80: alpha = 3.67838e+06, CV score = -13.775193

PC  81: alpha = 5.72237e+06, CV score = -13.885918

PC  82: alpha = 3.67838e+06, CV score = -13.431679

PC  83: alpha = 3.67838e+06, CV score = -13.130524

PC  84: alpha = 3.67838e+06, CV score = -12.818905

PC  85: alpha = 3.67838e+06, CV score = -12.505599

PC  86: alpha = 5.72237e+06, CV score = -12.701946

PC  87: alpha = 5.72237e+06, CV score = -12.511441

PC  88: alpha = 5.72237e+06, CV score = -12.080048

PC  89: alpha = 3.67838e+06, CV score = -12.180234

PC  90: alpha = 3.67838e+06, CV score = -11.980546

Mean cross-validation score across PCs: -66.110764

======================================================================================

Chosen model: levit_128_classification
Number of images: 73000
Image shape: (425, 425, 3), dtype: uint8
nsdID shape: (73000,), Shared1000 shape: (73000,)
Neural data shape: (10000, 8088)
Image IDs shape: (10000,)
Number of voxels: 8088
Number of projections for SRP: 7894

Loaded target with shape (10000, 8088).
Transformed data shape: (9000, 200)
Transformed data shape after truncion: (9000, 90)
Model options for levit_128_classification: {'model_name': 'levit_128', 'train_type': 'classification', 'train_data': 'imagenet', 'model_source': 'timm', 'call': "get_timm_model('levit_128', pretrained = True)"}
Image transforms for levit_128_classification: Compose(
    Resize(size=(224, 224), interpolation=bicubic, max_size=None, antialias=True)
    MaybeToTensor()
    Normalize(mean=tensor([0.4850, 0.4560, 0.4060]), std=tensor([0.2290, 0.2240, 0.2250]))
)
Loaded model: levit_128_classification
Ordered layers from model: ['Conv2d-1', 'BatchNorm2d-1', 'ConvNorm-1', 'Hardswish-1', 'Conv2d-2', 'BatchNorm2d-2', 'ConvNorm-2', 'Hardswish-2', 'Conv2d-3', 'BatchNorm2d-3', 'ConvNorm-3', 'Hardswish-3', 'Conv2d-4', 'BatchNorm2d-4', 'ConvNorm-4', 'Identity-1', 'Linear-1', 'LinearNorm-1', 'Hardswish-4', 'Linear-3', 'LinearNorm-2', 'Attention-1', 'Identity-2', 'Linear-5', 'LinearNorm-3', 'Hardswish-5', 'Dropout-1', 'Linear-7', 'LinearNorm-4', 'LevitMlp-1', 'Identity-3', 'LevitBlock-1', 'Linear-9', 'LinearNorm-5', 'Hardswish-6', 'Linear-11', 'LinearNorm-6', 'Attention-2', 'Identity-4', 'Linear-13', 'LinearNorm-7', 'Hardswish-7', 'Dropout-2', 'Linear-15', 'LinearNorm-8', 'LevitMlp-2', 'Identity-5', 'LevitBlock-2', 'Linear-17', 'LinearNorm-9', 'Hardswish-8', 'Linear-19', 'LinearNorm-10', 'Attention-3', 'Identity-6', 'Linear-21', 'LinearNorm-11', 'Hardswish-9', 'Dropout-3', 'Linear-23', 'LinearNorm-12', 'LevitMlp-3', 'Identity-7', 'LevitBlock-3', 'Linear-25', 'LinearNorm-13', 'Hardswish-10', 'Linear-27', 'LinearNorm-14', 'Attention-4', 'Identity-8', 'Linear-29', 'LinearNorm-15', 'Hardswish-11', 'Dropout-4', 'Linear-31', 'LinearNorm-16', 'LevitMlp-4', 'Identity-9', 'LevitBlock-4', 'LevitStage-1', 'Linear-33', 'LinearNorm-17', 'Downsample-1', 'Linear-35', 'LinearNorm-18', 'Hardswish-12', 'Linear-37', 'LinearNorm-19', 'AttentionDownsample-1', 'Linear-39', 'LinearNorm-20', 'Hardswish-13', 'Dropout-5', 'Linear-41', 'LinearNorm-21', 'LevitMlp-5', 'Identity-10', 'LevitDownsample-1', 'Linear-43', 'LinearNorm-22', 'Hardswish-14', 'Linear-45', 'LinearNorm-23', 'Attention-6', 'Identity-11', 'Linear-47', 'LinearNorm-24', 'Hardswish-15', 'Dropout-6', 'Linear-49', 'LinearNorm-25', 'LevitMlp-6', 'Identity-12', 'LevitBlock-5', 'Linear-51', 'LinearNorm-26', 'Hardswish-16', 'Linear-53', 'LinearNorm-27', 'Attention-7', 'Identity-13', 'Linear-55', 'LinearNorm-28', 'Hardswish-17', 'Dropout-7', 'Linear-57', 'LinearNorm-29', 'LevitMlp-7', 'Identity-14', 'LevitBlock-6', 'Linear-59', 'LinearNorm-30', 'Hardswish-18', 'Linear-61', 'LinearNorm-31', 'Attention-8', 'Identity-15', 'Linear-63', 'LinearNorm-32', 'Hardswish-19', 'Dropout-8', 'Linear-65', 'LinearNorm-33', 'LevitMlp-8', 'Identity-16', 'LevitBlock-7', 'Linear-67', 'LinearNorm-34', 'Hardswish-20', 'Linear-69', 'LinearNorm-35', 'Attention-9', 'Identity-17', 'Linear-71', 'LinearNorm-36', 'Hardswish-21', 'Dropout-9', 'Linear-73', 'LinearNorm-37', 'LevitMlp-9', 'Identity-18', 'LevitBlock-8', 'LevitStage-2', 'Linear-75', 'LinearNorm-38', 'Downsample-4', 'Linear-77', 'LinearNorm-39', 'Hardswish-22', 'Linear-79', 'LinearNorm-40', 'AttentionDownsample-2', 'Linear-81', 'LinearNorm-41', 'Hardswish-23', 'Dropout-10', 'Linear-83', 'LinearNorm-42', 'LevitMlp-10', 'Identity-19', 'LevitDownsample-2', 'Linear-85', 'LinearNorm-43', 'Hardswish-24', 'Linear-87', 'LinearNorm-44', 'Attention-11', 'Identity-20', 'Linear-89', 'LinearNorm-45', 'Hardswish-25', 'Dropout-11', 'Linear-91', 'LinearNorm-46', 'LevitMlp-11', 'Identity-21', 'LevitBlock-9', 'Linear-93', 'LinearNorm-47', 'Hardswish-26', 'Linear-95', 'LinearNorm-48', 'Attention-12', 'Identity-22', 'Linear-97', 'LinearNorm-49', 'Hardswish-27', 'Dropout-12', 'Linear-99', 'LinearNorm-50', 'LevitMlp-12', 'Identity-23', 'LevitBlock-10', 'Linear-101', 'LinearNorm-51', 'Hardswish-28', 'Linear-103', 'LinearNorm-52', 'Attention-13', 'Identity-24', 'Linear-105', 'LinearNorm-53', 'Hardswish-29', 'Dropout-13', 'Linear-107', 'LinearNorm-54', 'LevitMlp-13', 'Identity-25', 'LevitBlock-11', 'Linear-109', 'LinearNorm-55', 'Hardswish-30', 'Linear-111', 'LinearNorm-56', 'Attention-14', 'Identity-26', 'Linear-113', 'LinearNorm-57', 'Hardswish-31', 'Dropout-14', 'Linear-115', 'LinearNorm-58', 'LevitMlp-14', 'Identity-27', 'LevitBlock-12', 'LevitStage-3', 'BatchNorm1d-59', 'Dropout-15', 'Linear-117', 'NormLinear-1', 'BatchNorm1d-60', 'Dropout-16', 'Linear-119', 'NormLinear-2', 'LevitDistilled-1']
Total number of layers: 256

==================================================
Processing layer: LevitDownsample-2 from model: levit_128_classification

For model levit_128_classification Layer LevitDownsample-2: Extracting features for 9000 images in batches of 28...
Feature extraction for model levit_128_classification layer LevitDownsample-2 completed in 186.24 seconds.
Finding best ridge alphas for 90 target PCs using 6144 features and 9000 samples.
Using alphas: 10^1 to 10^20, 100 values spaced logarithmically.
[Pipeline] ........... (step 1 of 1) Processing ridgecv, total=23.3min

Selected alpha and cross-validation score for each PC:
Finished finding best ridge alphas for each target PC.✅

PC   1: alpha = 628029, CV score = -1559.212343

PC   2: alpha = 259502, CV score = -526.985604

PC   3: alpha = 166810, CV score = -387.979279

PC   4: alpha = 259502, CV score = -217.508756

PC   5: alpha = 259502, CV score = -183.143797

PC   6: alpha = 403702, CV score = -165.378564

PC   7: alpha = 403702, CV score = -148.892525

PC   8: alpha = 977010, CV score = -149.493204

PC   9: alpha = 403702, CV score = -108.193853

PC  10: alpha = 403702, CV score = -91.104734

PC  11: alpha = 628029, CV score = -87.072416

PC  12: alpha = 259502, CV score = -61.190805

PC  13: alpha = 977010, CV score = -93.134319

PC  14: alpha = 403702, CV score = -79.632488

PC  15: alpha = 403702, CV score = -69.345300

PC  16: alpha = 628029, CV score = -74.598639

PC  17: alpha = 628029, CV score = -69.862734

PC  18: alpha = 977010, CV score = -73.717989

PC  19: alpha = 628029, CV score = -62.446845

PC  20: alpha = 628029, CV score = -64.434484

PC  21: alpha = 628029, CV score = -57.931604

PC  22: alpha = 628029, CV score = -58.096553

PC  23: alpha = 628029, CV score = -55.453939

PC  24: alpha = 977010, CV score = -55.227562

PC  25: alpha = 628029, CV score = -52.498169

PC  26: alpha = 977010, CV score = -51.793182

PC  27: alpha = 628029, CV score = -47.866835

PC  28: alpha = 628029, CV score = -47.316608

PC  29: alpha = 977010, CV score = -46.411182

PC  30: alpha = 628029, CV score = -41.339004

PC  31: alpha = 403702, CV score = -40.181074

PC  32: alpha = 403702, CV score = -38.418539

PC  33: alpha = 628029, CV score = -38.426190

PC  34: alpha = 977010, CV score = -38.796891

PC  35: alpha = 628029, CV score = -35.275531

PC  36: alpha = 977010, CV score = -34.440714

PC  37: alpha = 977010, CV score = -35.218611

PC  38: alpha = 628029, CV score = -32.004721

PC  39: alpha = 628029, CV score = -33.355561

PC  40: alpha = 628029, CV score = -30.648775

PC  41: alpha = 977010, CV score = -30.665138

PC  42: alpha = 628029, CV score = -28.748533

PC  43: alpha = 628029, CV score = -28.771253

PC  44: alpha = 977010, CV score = -28.716384

PC  45: alpha = 628029, CV score = -26.555921

PC  46: alpha = 1.51991e+06, CV score = -28.178434

PC  47: alpha = 628029, CV score = -25.714028

PC  48: alpha = 403702, CV score = -24.055257

PC  49: alpha = 628029, CV score = -24.667497

PC  50: alpha = 977010, CV score = -24.438557

PC  51: alpha = 628029, CV score = -22.265942

PC  52: alpha = 977010, CV score = -23.613038

PC  53: alpha = 403702, CV score = -22.461209

PC  54: alpha = 977010, CV score = -22.736763

PC  55: alpha = 628029, CV score = -21.523780

PC  56: alpha = 628029, CV score = -20.531222

PC  57: alpha = 628029, CV score = -20.629771

PC  58: alpha = 628029, CV score = -19.945062

PC  59: alpha = 1.51991e+06, CV score = -20.421735

PC  60: alpha = 977010, CV score = -19.586963

PC  61: alpha = 628029, CV score = -19.253622

PC  62: alpha = 628029, CV score = -18.499670

PC  63: alpha = 977010, CV score = -18.399260

PC  64: alpha = 977010, CV score = -18.066163

PC  65: alpha = 403702, CV score = -15.953664

PC  66: alpha = 628029, CV score = -17.400771

PC  67: alpha = 977010, CV score = -17.555178

PC  68: alpha = 977010, CV score = -17.460806

PC  69: alpha = 977010, CV score = -16.907686

PC  70: alpha = 628029, CV score = -16.081407

PC  71: alpha = 628029, CV score = -15.961382

PC  72: alpha = 628029, CV score = -15.569549

PC  73: alpha = 977010, CV score = -15.546635

PC  74: alpha = 977010, CV score = -15.312159

PC  75: alpha = 977010, CV score = -15.232909

PC  76: alpha = 403702, CV score = -14.337744

PC  77: alpha = 628029, CV score = -14.240988

PC  78: alpha = 977010, CV score = -14.399301

PC  79: alpha = 628029, CV score = -14.053979

PC  80: alpha = 977010, CV score = -13.793012

PC  81: alpha = 977010, CV score = -13.973206

PC  82: alpha = 628029, CV score = -13.435009

PC  83: alpha = 628029, CV score = -13.287408

PC  84: alpha = 628029, CV score = -13.000782

PC  85: alpha = 628029, CV score = -12.659547

PC  86: alpha = 977010, CV score = -12.795892

PC  87: alpha = 977010, CV score = -12.636479

PC  88: alpha = 628029, CV score = -12.109501

PC  89: alpha = 977010, CV score = -12.331487

PC  90: alpha = 977010, CV score = -12.107319

Mean cross-validation score across PCs: -67.562433

======================================================================================

Chosen model: coat_lite_tiny_classification
Number of images: 73000
Image shape: (425, 425, 3), dtype: uint8
nsdID shape: (73000,), Shared1000 shape: (73000,)
Neural data shape: (10000, 8088)
Image IDs shape: (10000,)
Number of voxels: 8088
Number of projections for SRP: 7894

Loaded target with shape (10000, 8088).
Transformed data shape: (9000, 200)
Transformed data shape after truncion: (9000, 90)
Model options for coat_lite_tiny_classification: {'model_name': 'coat_lite_tiny', 'train_type': 'classification', 'train_data': 'imagenet', 'model_source': 'timm', 'call': "get_timm_model('coat_lite_tiny', pretrained = True)"}
Image transforms for coat_lite_tiny_classification: Compose(
    Resize(size=(224, 224), interpolation=bicubic, max_size=None, antialias=True)
    MaybeToTensor()
    Normalize(mean=tensor([0.4850, 0.4560, 0.4060]), std=tensor([0.2290, 0.2240, 0.2250]))
)
Loaded model: coat_lite_tiny_classification
Ordered layers from model: ['Conv2d-1', 'LayerNorm-1', 'PatchEmbed-1', 'Conv2d-2', 'Conv2d-3', 'Conv2d-4', 'ConvPosEnc-1', 'ConvPosEnc-2', 'ConvPosEnc-3', 'LayerNorm-2', 'Linear-1', 'Conv2d-5', 'Conv2d-6', 'Conv2d-7', 'Conv2d-8', 'Conv2d-9', 'Conv2d-10', 'Conv2d-11', 'Conv2d-12', 'Conv2d-13', 'ConvRelPosEnc-1', 'ConvRelPosEnc-2', 'ConvRelPosEnc-3', 'Linear-2', 'Dropout-1', 'FactorAttnConvRelPosEnc-1', 'Identity-1', 'LayerNorm-3', 'Linear-3', 'GELU-1', 'Dropout-2', 'Identity-2', 'Linear-4', 'Dropout-3', 'Mlp-1', 'Identity-3', 'SerialBlock-1', 'Conv2d-14', 'Conv2d-15', 'Conv2d-16', 'ConvPosEnc-4', 'ConvPosEnc-5', 'ConvPosEnc-6', 'LayerNorm-4', 'Linear-5', 'Conv2d-17', 'Conv2d-18', 'Conv2d-19', 'Conv2d-20', 'Conv2d-21', 'Conv2d-22', 'Conv2d-23', 'Conv2d-24', 'Conv2d-25', 'ConvRelPosEnc-5', 'ConvRelPosEnc-6', 'ConvRelPosEnc-7', 'Linear-6', 'Dropout-4', 'FactorAttnConvRelPosEnc-2', 'Identity-4', 'LayerNorm-5', 'Linear-7', 'GELU-2', 'Dropout-5', 'Identity-5', 'Linear-8', 'Dropout-6', 'Mlp-2', 'Identity-6', 'SerialBlock-2', 'Conv2d-26', 'LayerNorm-6', 'PatchEmbed-2', 'Conv2d-27', 'Conv2d-28', 'Conv2d-29', 'ConvPosEnc-7', 'ConvPosEnc-8', 'ConvPosEnc-9', 'LayerNorm-7', 'Linear-9', 'Conv2d-30', 'Conv2d-31', 'Conv2d-32', 'Conv2d-33', 'Conv2d-34', 'Conv2d-35', 'Conv2d-36', 'Conv2d-37', 'Conv2d-38', 'ConvRelPosEnc-9', 'ConvRelPosEnc-10', 'ConvRelPosEnc-11', 'Linear-10', 'Dropout-7', 'FactorAttnConvRelPosEnc-3', 'Identity-7', 'LayerNorm-8', 'Linear-11', 'GELU-3', 'Dropout-8', 'Identity-8', 'Linear-12', 'Dropout-9', 'Mlp-3', 'Identity-9', 'SerialBlock-3', 'Conv2d-39', 'Conv2d-40', 'Conv2d-41', 'ConvPosEnc-10', 'ConvPosEnc-11', 'ConvPosEnc-12', 'LayerNorm-9', 'Linear-13', 'Conv2d-42', 'Conv2d-43', 'Conv2d-44', 'Conv2d-45', 'Conv2d-46', 'Conv2d-47', 'Conv2d-48', 'Conv2d-49', 'Conv2d-50', 'ConvRelPosEnc-13', 'ConvRelPosEnc-14', 'ConvRelPosEnc-15', 'Linear-14', 'Dropout-10', 'FactorAttnConvRelPosEnc-4', 'Identity-10', 'LayerNorm-10', 'Linear-15', 'GELU-4', 'Dropout-11', 'Identity-11', 'Linear-16', 'Dropout-12', 'Mlp-4', 'Identity-12', 'SerialBlock-4', 'Conv2d-51', 'LayerNorm-11', 'PatchEmbed-3', 'Conv2d-52', 'Conv2d-53', 'Conv2d-54', 'ConvPosEnc-13', 'ConvPosEnc-14', 'ConvPosEnc-15', 'LayerNorm-12', 'Linear-17', 'Conv2d-55', 'Conv2d-56', 'Conv2d-57', 'Conv2d-58', 'Conv2d-59', 'Conv2d-60', 'Conv2d-61', 'Conv2d-62', 'Conv2d-63', 'ConvRelPosEnc-17', 'ConvRelPosEnc-18', 'ConvRelPosEnc-19', 'Linear-18', 'Dropout-13', 'FactorAttnConvRelPosEnc-5', 'Identity-13', 'LayerNorm-13', 'Linear-19', 'GELU-5', 'Dropout-14', 'Identity-14', 'Linear-20', 'Dropout-15', 'Mlp-5', 'Identity-15', 'SerialBlock-5', 'Conv2d-64', 'Conv2d-65', 'Conv2d-66', 'ConvPosEnc-16', 'ConvPosEnc-17', 'ConvPosEnc-18', 'LayerNorm-14', 'Linear-21', 'Conv2d-67', 'Conv2d-68', 'Conv2d-69', 'Conv2d-70', 'Conv2d-71', 'Conv2d-72', 'Conv2d-73', 'Conv2d-74', 'Conv2d-75', 'ConvRelPosEnc-21', 'ConvRelPosEnc-22', 'ConvRelPosEnc-23', 'Linear-22', 'Dropout-16', 'FactorAttnConvRelPosEnc-6', 'Identity-16', 'LayerNorm-15', 'Linear-23', 'GELU-6', 'Dropout-17', 'Identity-17', 'Linear-24', 'Dropout-18', 'Mlp-6', 'Identity-18', 'SerialBlock-6', 'Conv2d-76', 'LayerNorm-16', 'PatchEmbed-4', 'Conv2d-77', 'Conv2d-78', 'Conv2d-79', 'ConvPosEnc-19', 'ConvPosEnc-20', 'ConvPosEnc-21', 'LayerNorm-17', 'Linear-25', 'Conv2d-80', 'Conv2d-81', 'Conv2d-82', 'Conv2d-83', 'Conv2d-84', 'Conv2d-85', 'Conv2d-86', 'Conv2d-87', 'Conv2d-88', 'ConvRelPosEnc-25', 'ConvRelPosEnc-26', 'ConvRelPosEnc-27', 'Linear-26', 'Dropout-19', 'FactorAttnConvRelPosEnc-7', 'Identity-19', 'LayerNorm-18', 'Linear-27', 'GELU-7', 'Dropout-20', 'Identity-20', 'Linear-28', 'Dropout-21', 'Mlp-7', 'Identity-21', 'SerialBlock-7', 'Conv2d-89', 'Conv2d-90', 'Conv2d-91', 'ConvPosEnc-22', 'ConvPosEnc-23', 'ConvPosEnc-24', 'LayerNorm-19', 'Linear-29', 'Conv2d-92', 'Conv2d-93', 'Conv2d-94', 'Conv2d-95', 'Conv2d-96', 'Conv2d-97', 'Conv2d-98', 'Conv2d-99', 'Conv2d-100', 'ConvRelPosEnc-29', 'ConvRelPosEnc-30', 'ConvRelPosEnc-31', 'Linear-30', 'Dropout-22', 'FactorAttnConvRelPosEnc-8', 'Identity-22', 'LayerNorm-20', 'Linear-31', 'GELU-8', 'Dropout-23', 'Identity-23', 'Linear-32', 'Dropout-24', 'Mlp-8', 'Identity-24', 'SerialBlock-8', 'LayerNorm-21', 'Dropout-25', 'Linear-33', 'CoaT-1']
Total number of layers: 288

==================================================
Processing layer: ConvPosEnc-19 from model: coat_lite_tiny_classification

For model coat_lite_tiny_classification Layer ConvPosEnc-19: Extracting features for 9000 images in batches of 28...
Feature extraction for model coat_lite_tiny_classification layer ConvPosEnc-19 completed in 481.16 seconds.
Finding best ridge alphas for 90 target PCs using 16000 features and 9000 samples.
Using alphas: 10^1 to 10^20, 100 values spaced logarithmically.
[Pipeline] ........... (step 1 of 1) Processing ridgecv, total= 2.5min

Selected alpha and cross-validation score for each PC:
Finished finding best ridge alphas for each target PC.✅

PC   1: alpha = 4862.6, CV score = -1556.895009

PC   2: alpha = 2009.23, CV score = -565.357815

PC   3: alpha = 1291.55, CV score = -361.510123

PC   4: alpha = 1291.55, CV score = -212.475756

PC   5: alpha = 2009.23, CV score = -177.081879

PC   6: alpha = 3125.72, CV score = -165.948978

PC   7: alpha = 3125.72, CV score = -144.962444

PC   8: alpha = 7564.63, CV score = -148.558286

PC   9: alpha = 3125.72, CV score = -106.974471

PC  10: alpha = 3125.72, CV score = -89.388283

PC  11: alpha = 3125.72, CV score = -86.215186

PC  12: alpha = 2009.23, CV score = -59.572722

PC  13: alpha = 7564.63, CV score = -93.944233

PC  14: alpha = 3125.72, CV score = -77.993247

PC  15: alpha = 3125.72, CV score = -67.704439

PC  16: alpha = 4862.6, CV score = -74.150976

PC  17: alpha = 3125.72, CV score = -68.587772

PC  18: alpha = 7564.63, CV score = -73.109963

PC  19: alpha = 3125.72, CV score = -61.490084

PC  20: alpha = 4862.6, CV score = -64.263419

PC  21: alpha = 4862.6, CV score = -57.763486

PC  22: alpha = 4862.6, CV score = -58.007731

PC  23: alpha = 4862.6, CV score = -54.862650

PC  24: alpha = 4862.6, CV score = -54.244721

PC  25: alpha = 3125.72, CV score = -51.439154

PC  26: alpha = 7564.63, CV score = -51.641541

PC  27: alpha = 4862.6, CV score = -47.407410

PC  28: alpha = 7564.63, CV score = -47.891876

PC  29: alpha = 4862.6, CV score = -46.158827

PC  30: alpha = 4862.6, CV score = -41.449537

PC  31: alpha = 3125.72, CV score = -40.508972

PC  32: alpha = 4862.6, CV score = -38.510665

PC  33: alpha = 4862.6, CV score = -38.160040

PC  34: alpha = 7564.63, CV score = -38.582840

PC  35: alpha = 4862.6, CV score = -35.065038

PC  36: alpha = 4862.6, CV score = -34.467629

PC  37: alpha = 4862.6, CV score = -34.899925

PC  38: alpha = 3125.72, CV score = -31.650454

PC  39: alpha = 4862.6, CV score = -33.073523

PC  40: alpha = 4862.6, CV score = -30.831428

PC  41: alpha = 4862.6, CV score = -30.280281

PC  42: alpha = 4862.6, CV score = -28.570049

PC  43: alpha = 4862.6, CV score = -28.804090

PC  44: alpha = 7564.63, CV score = -28.596552

PC  45: alpha = 3125.72, CV score = -26.131771

PC  46: alpha = 7564.63, CV score = -28.006904

PC  47: alpha = 4862.6, CV score = -25.715889

PC  48: alpha = 2009.23, CV score = -22.806883

PC  49: alpha = 4862.6, CV score = -24.622913

PC  50: alpha = 4862.6, CV score = -24.068855

PC  51: alpha = 4862.6, CV score = -22.106512

PC  52: alpha = 7564.63, CV score = -23.549484

PC  53: alpha = 3125.72, CV score = -22.220482

PC  54: alpha = 4862.6, CV score = -22.500095

PC  55: alpha = 7564.63, CV score = -21.629223

PC  56: alpha = 4862.6, CV score = -20.562159

PC  57: alpha = 4862.6, CV score = -20.406160

PC  58: alpha = 4862.6, CV score = -19.958644

PC  59: alpha = 11768.1, CV score = -20.387561

PC  60: alpha = 7564.63, CV score = -19.580186

PC  61: alpha = 4862.6, CV score = -19.104929

PC  62: alpha = 3125.72, CV score = -18.168864

PC  63: alpha = 4862.6, CV score = -18.158942

PC  64: alpha = 4862.6, CV score = -17.932886

PC  65: alpha = 3125.72, CV score = -15.192266

PC  66: alpha = 4862.6, CV score = -17.415962

PC  67: alpha = 7564.63, CV score = -17.443961

PC  68: alpha = 7564.63, CV score = -17.417479

PC  69: alpha = 4862.6, CV score = -16.848568

PC  70: alpha = 4862.6, CV score = -16.212643

PC  71: alpha = 4862.6, CV score = -15.834340

PC  72: alpha = 4862.6, CV score = -15.638751

PC  73: alpha = 7564.63, CV score = -15.331053

PC  74: alpha = 4862.6, CV score = -15.271592

PC  75: alpha = 4862.6, CV score = -15.009353

PC  76: alpha = 3125.72, CV score = -14.278829

PC  77: alpha = 4862.6, CV score = -14.100908

PC  78: alpha = 4862.6, CV score = -14.293058

PC  79: alpha = 4862.6, CV score = -14.127556

PC  80: alpha = 4862.6, CV score = -13.800391

PC  81: alpha = 4862.6, CV score = -13.922517

PC  82: alpha = 4862.6, CV score = -13.471645

PC  83: alpha = 4862.6, CV score = -13.225474

PC  84: alpha = 4862.6, CV score = -12.933056

PC  85: alpha = 4862.6, CV score = -12.506722

PC  86: alpha = 7564.63, CV score = -12.754468

PC  87: alpha = 7564.63, CV score = -12.619473

PC  88: alpha = 4862.6, CV score = -12.103052

PC  89: alpha = 4862.6, CV score = -12.227056

PC  90: alpha = 4862.6, CV score = -12.061432

Mean cross-validation score across PCs: -67.252383

======================================================================================

Chosen model: visformer_small_classification
Number of images: 73000
Image shape: (425, 425, 3), dtype: uint8
nsdID shape: (73000,), Shared1000 shape: (73000,)
Neural data shape: (10000, 8088)
Image IDs shape: (10000,)
Number of voxels: 8088
Number of projections for SRP: 7894

Loaded target with shape (10000, 8088).
Transformed data shape: (9000, 200)
Transformed data shape after truncion: (9000, 90)
Model options for visformer_small_classification: {'model_name': 'visformer_small', 'train_type': 'classification', 'train_data': 'imagenet', 'model_source': 'timm', 'call': "get_timm_model('visformer_small', pretrained = True)"}
Image transforms for visformer_small_classification: Compose(
    Resize(size=(224, 224), interpolation=bicubic, max_size=None, antialias=True)
    MaybeToTensor()
    Normalize(mean=tensor([0.4850, 0.4560, 0.4060]), std=tensor([0.2290, 0.2240, 0.2250]))
)
Loaded model: visformer_small_classification
Ordered layers from model: ['Conv2d-1', 'BatchNorm2d-1', 'ReLU-1', 'Conv2d-2', 'BatchNorm2d-2', 'PatchEmbed-1', 'Dropout-1', 'BatchNorm2d-3', 'Conv2d-3', 'GELU-1', 'Dropout-2', 'Conv2d-4', 'GELU-2', 'Conv2d-5', 'Dropout-3', 'SpatialMlp-1', 'Identity-1', 'Block-1', 'BatchNorm2d-4', 'Conv2d-6', 'GELU-3', 'Dropout-4', 'Conv2d-7', 'GELU-4', 'Conv2d-8', 'Dropout-5', 'SpatialMlp-2', 'Identity-2', 'Block-2', 'BatchNorm2d-5', 'Conv2d-9', 'GELU-5', 'Dropout-6', 'Conv2d-10', 'GELU-6', 'Conv2d-11', 'Dropout-7', 'SpatialMlp-3', 'Identity-3', 'Block-3', 'BatchNorm2d-6', 'Conv2d-12', 'GELU-7', 'Dropout-8', 'Conv2d-13', 'GELU-8', 'Conv2d-14', 'Dropout-9', 'SpatialMlp-4', 'Identity-4', 'Block-4', 'BatchNorm2d-7', 'Conv2d-15', 'GELU-9', 'Dropout-10', 'Conv2d-16', 'GELU-10', 'Conv2d-17', 'Dropout-11', 'SpatialMlp-5', 'Identity-5', 'Block-5', 'BatchNorm2d-8', 'Conv2d-18', 'GELU-11', 'Dropout-12', 'Conv2d-19', 'GELU-12', 'Conv2d-20', 'Dropout-13', 'SpatialMlp-6', 'Identity-6', 'Block-6', 'BatchNorm2d-9', 'Conv2d-21', 'GELU-13', 'Dropout-14', 'Conv2d-22', 'GELU-14', 'Conv2d-23', 'Dropout-15', 'SpatialMlp-7', 'Identity-7', 'Block-7', 'Conv2d-24', 'BatchNorm2d-10', 'PatchEmbed-2', 'Dropout-16', 'BatchNorm2d-11', 'Conv2d-25', 'Dropout-17', 'Conv2d-26', 'Dropout-18', 'Attention-1', 'Identity-8', 'BatchNorm2d-12', 'Conv2d-27', 'GELU-15', 'Dropout-19', 'Conv2d-28', 'Dropout-20', 'SpatialMlp-8', 'Identity-9', 'Block-8', 'BatchNorm2d-13', 'Conv2d-29', 'Dropout-21', 'Conv2d-30', 'Dropout-22', 'Attention-2', 'Identity-10', 'BatchNorm2d-14', 'Conv2d-31', 'GELU-16', 'Dropout-23', 'Conv2d-32', 'Dropout-24', 'SpatialMlp-9', 'Identity-11', 'Block-9', 'BatchNorm2d-15', 'Conv2d-33', 'Dropout-25', 'Conv2d-34', 'Dropout-26', 'Attention-3', 'Identity-12', 'BatchNorm2d-16', 'Conv2d-35', 'GELU-17', 'Dropout-27', 'Conv2d-36', 'Dropout-28', 'SpatialMlp-10', 'Identity-13', 'Block-10', 'BatchNorm2d-17', 'Conv2d-37', 'Dropout-29', 'Conv2d-38', 'Dropout-30', 'Attention-4', 'Identity-14', 'BatchNorm2d-18', 'Conv2d-39', 'GELU-18', 'Dropout-31', 'Conv2d-40', 'Dropout-32', 'SpatialMlp-11', 'Identity-15', 'Block-11', 'Conv2d-41', 'BatchNorm2d-19', 'PatchEmbed-3', 'Dropout-33', 'BatchNorm2d-20', 'Conv2d-42', 'Dropout-34', 'Conv2d-43', 'Dropout-35', 'Attention-5', 'Identity-16', 'BatchNorm2d-21', 'Conv2d-44', 'GELU-19', 'Dropout-36', 'Conv2d-45', 'Dropout-37', 'SpatialMlp-12', 'Identity-17', 'Block-12', 'BatchNorm2d-22', 'Conv2d-46', 'Dropout-38', 'Conv2d-47', 'Dropout-39', 'Attention-6', 'Identity-18', 'BatchNorm2d-23', 'Conv2d-48', 'GELU-20', 'Dropout-40', 'Conv2d-49', 'Dropout-41', 'SpatialMlp-13', 'Identity-19', 'Block-13', 'BatchNorm2d-24', 'Conv2d-50', 'Dropout-42', 'Conv2d-51', 'Dropout-43', 'Attention-7', 'Identity-20', 'BatchNorm2d-25', 'Conv2d-52', 'GELU-21', 'Dropout-44', 'Conv2d-53', 'Dropout-45', 'SpatialMlp-14', 'Identity-21', 'Block-14', 'BatchNorm2d-26', 'Conv2d-54', 'Dropout-46', 'Conv2d-55', 'Dropout-47', 'Attention-8', 'Identity-22', 'BatchNorm2d-27', 'Conv2d-56', 'GELU-22', 'Dropout-48', 'Conv2d-57', 'Dropout-49', 'SpatialMlp-15', 'Identity-23', 'Block-15', 'BatchNorm2d-28', 'AdaptiveAvgPool2d-1', 'Flatten-1', 'SelectAdaptivePool2d-1', 'Dropout-50', 'Linear-1', 'Visformer-1']
Total number of layers: 227

==================================================
Processing layer: BatchNorm2d-21 from model: visformer_small_classification

For model visformer_small_classification Layer BatchNorm2d-21: Extracting features for 9000 images in batches of 28...
Feature extraction for model visformer_small_classification layer BatchNorm2d-21 completed in 757.67 seconds.
Finding best ridge alphas for 90 target PCs using 37632 features and 9000 samples.
Using alphas: 10^1 to 10^20, 100 values spaced logarithmically.
[Pipeline] ........... (step 1 of 1) Processing ridgecv, total= 3.6min

Selected alpha and cross-validation score for each PC:
Finished finding best ridge alphas for each target PC.✅

PC   1: alpha = 68926.1, CV score = -1541.922035

PC   2: alpha = 28480.4, CV score = -525.771961

PC   3: alpha = 18307.4, CV score = -343.646006

PC   4: alpha = 28480.4, CV score = -204.824565

PC   5: alpha = 28480.4, CV score = -174.772027

PC   6: alpha = 44306.2, CV score = -163.659431

PC   7: alpha = 44306.2, CV score = -143.674624

PC   8: alpha = 107227, CV score = -148.269303

PC   9: alpha = 44306.2, CV score = -104.695292

PC  10: alpha = 28480.4, CV score = -88.013880

PC  11: alpha = 44306.2, CV score = -85.366472

PC  12: alpha = 28480.4, CV score = -58.003778

PC  13: alpha = 107227, CV score = -93.492881

PC  14: alpha = 68926.1, CV score = -77.404020

PC  15: alpha = 44306.2, CV score = -67.021023

PC  16: alpha = 68926.1, CV score = -73.209558

PC  17: alpha = 68926.1, CV score = -67.834239

PC  18: alpha = 107227, CV score = -72.867548

PC  19: alpha = 68926.1, CV score = -61.705105

PC  20: alpha = 68926.1, CV score = -64.048565

PC  21: alpha = 68926.1, CV score = -58.013255

PC  22: alpha = 68926.1, CV score = -57.461994

PC  23: alpha = 68926.1, CV score = -54.498261

PC  24: alpha = 68926.1, CV score = -54.188779

PC  25: alpha = 44306.2, CV score = -51.352042

PC  26: alpha = 107227, CV score = -51.842134

PC  27: alpha = 68926.1, CV score = -47.034493

PC  28: alpha = 107227, CV score = -47.738768

PC  29: alpha = 68926.1, CV score = -45.837512

PC  30: alpha = 68926.1, CV score = -41.082726

PC  31: alpha = 44306.2, CV score = -39.867304

PC  32: alpha = 68926.1, CV score = -38.334075

PC  33: alpha = 68926.1, CV score = -38.147841

PC  34: alpha = 107227, CV score = -38.593117

PC  35: alpha = 68926.1, CV score = -34.846335

PC  36: alpha = 107227, CV score = -34.442734

PC  37: alpha = 107227, CV score = -34.968791

PC  38: alpha = 44306.2, CV score = -31.602895

PC  39: alpha = 68926.1, CV score = -32.883601

PC  40: alpha = 68926.1, CV score = -30.738861

PC  41: alpha = 68926.1, CV score = -30.203254

PC  42: alpha = 68926.1, CV score = -28.457524

PC  43: alpha = 68926.1, CV score = -28.589327

PC  44: alpha = 107227, CV score = -28.692111

PC  45: alpha = 68926.1, CV score = -26.176306

PC  46: alpha = 166810, CV score = -28.039434

PC  47: alpha = 68926.1, CV score = -25.595229

PC  48: alpha = 28480.4, CV score = -22.773647

PC  49: alpha = 68926.1, CV score = -24.373456

PC  50: alpha = 68926.1, CV score = -24.107522

PC  51: alpha = 44306.2, CV score = -21.849264

PC  52: alpha = 107227, CV score = -23.435001

PC  53: alpha = 44306.2, CV score = -21.941791

PC  54: alpha = 107227, CV score = -22.460935

PC  55: alpha = 107227, CV score = -21.584102

PC  56: alpha = 68926.1, CV score = -20.239045

PC  57: alpha = 68926.1, CV score = -20.455986

PC  58: alpha = 68926.1, CV score = -19.847910

PC  59: alpha = 166810, CV score = -20.312812

PC  60: alpha = 107227, CV score = -19.545350

PC  61: alpha = 68926.1, CV score = -19.010742

PC  62: alpha = 68926.1, CV score = -18.186149

PC  63: alpha = 68926.1, CV score = -18.040588

PC  64: alpha = 68926.1, CV score = -17.827485

PC  65: alpha = 44306.2, CV score = -15.122929

PC  66: alpha = 68926.1, CV score = -17.314569

PC  67: alpha = 107227, CV score = -17.512113

PC  68: alpha = 166810, CV score = -17.432531

PC  69: alpha = 68926.1, CV score = -16.793419

PC  70: alpha = 68926.1, CV score = -16.115141

PC  71: alpha = 68926.1, CV score = -15.661226

PC  72: alpha = 107227, CV score = -15.688431

PC  73: alpha = 107227, CV score = -15.313838

PC  74: alpha = 107227, CV score = -15.250584

PC  75: alpha = 107227, CV score = -15.115511

PC  76: alpha = 68926.1, CV score = -14.251937

PC  77: alpha = 68926.1, CV score = -14.063855

PC  78: alpha = 107227, CV score = -14.275212

PC  79: alpha = 68926.1, CV score = -14.051188

PC  80: alpha = 68926.1, CV score = -13.726662

PC  81: alpha = 107227, CV score = -13.875924

PC  82: alpha = 68926.1, CV score = -13.330100

PC  83: alpha = 107227, CV score = -13.238745

PC  84: alpha = 68926.1, CV score = -12.905155

PC  85: alpha = 68926.1, CV score = -12.443468

PC  86: alpha = 107227, CV score = -12.714738

PC  87: alpha = 107227, CV score = -12.548737

PC  88: alpha = 68926.1, CV score = -11.981934

PC  89: alpha = 107227, CV score = -12.262826

PC  90: alpha = 68926.1, CV score = -12.008043

Mean cross-validation score across PCs: -66.115796

======================================================================================

Chosen model: convit_base_classification
Number of images: 73000
Image shape: (425, 425, 3), dtype: uint8
nsdID shape: (73000,), Shared1000 shape: (73000,)
Neural data shape: (10000, 8088)
Image IDs shape: (10000,)
Number of voxels: 8088
Number of projections for SRP: 7894

Loaded target with shape (10000, 8088).
Transformed data shape: (9000, 200)
Transformed data shape after truncion: (9000, 90)
Model options for convit_base_classification: {'model_name': 'convit_base', 'train_type': 'classification', 'train_data': 'imagenet', 'model_source': 'timm', 'call': "get_timm_model('convit_base', pretrained = True)"}
Image transforms for convit_base_classification: Compose(
    Resize(size=(224, 224), interpolation=bicubic, max_size=None, antialias=True)
    MaybeToTensor()
    Normalize(mean=tensor([0.4850, 0.4560, 0.4060]), std=tensor([0.2290, 0.2240, 0.2250]))
)
Loaded model: convit_base_classification
Ordered layers from model: ['Conv2d-1', 'Identity-1', 'PatchEmbed-1', 'Dropout-1', 'LayerNorm-1', 'Linear-1', 'Linear-2', 'Dropout-2', 'Linear-3', 'Linear-4', 'Dropout-3', 'GPSA-1', 'Identity-2', 'LayerNorm-2', 'Linear-5', 'GELU-1', 'Dropout-4', 'Identity-3', 'Linear-6', 'Dropout-5', 'Mlp-1', 'Identity-4', 'Block-1', 'LayerNorm-3', 'Linear-7', 'Linear-8', 'Dropout-6', 'Linear-9', 'Linear-10', 'Dropout-7', 'GPSA-2', 'Identity-5', 'LayerNorm-4', 'Linear-11', 'GELU-2', 'Dropout-8', 'Identity-6', 'Linear-12', 'Dropout-9', 'Mlp-2', 'Identity-7', 'Block-2', 'LayerNorm-5', 'Linear-13', 'Linear-14', 'Dropout-10', 'Linear-15', 'Linear-16', 'Dropout-11', 'GPSA-3', 'Identity-8', 'LayerNorm-6', 'Linear-17', 'GELU-3', 'Dropout-12', 'Identity-9', 'Linear-18', 'Dropout-13', 'Mlp-3', 'Identity-10', 'Block-3', 'LayerNorm-7', 'Linear-19', 'Linear-20', 'Dropout-14', 'Linear-21', 'Linear-22', 'Dropout-15', 'GPSA-4', 'Identity-11', 'LayerNorm-8', 'Linear-23', 'GELU-4', 'Dropout-16', 'Identity-12', 'Linear-24', 'Dropout-17', 'Mlp-4', 'Identity-13', 'Block-4', 'LayerNorm-9', 'Linear-25', 'Linear-26', 'Dropout-18', 'Linear-27', 'Linear-28', 'Dropout-19', 'GPSA-5', 'Identity-14', 'LayerNorm-10', 'Linear-29', 'GELU-5', 'Dropout-20', 'Identity-15', 'Linear-30', 'Dropout-21', 'Mlp-5', 'Identity-16', 'Block-5', 'LayerNorm-11', 'Linear-31', 'Linear-32', 'Dropout-22', 'Linear-33', 'Linear-34', 'Dropout-23', 'GPSA-6', 'Identity-17', 'LayerNorm-12', 'Linear-35', 'GELU-6', 'Dropout-24', 'Identity-18', 'Linear-36', 'Dropout-25', 'Mlp-6', 'Identity-19', 'Block-6', 'LayerNorm-13', 'Linear-37', 'Linear-38', 'Dropout-26', 'Linear-39', 'Linear-40', 'Dropout-27', 'GPSA-7', 'Identity-20', 'LayerNorm-14', 'Linear-41', 'GELU-7', 'Dropout-28', 'Identity-21', 'Linear-42', 'Dropout-29', 'Mlp-7', 'Identity-22', 'Block-7', 'LayerNorm-15', 'Linear-43', 'Linear-44', 'Dropout-30', 'Linear-45', 'Linear-46', 'Dropout-31', 'GPSA-8', 'Identity-23', 'LayerNorm-16', 'Linear-47', 'GELU-8', 'Dropout-32', 'Identity-24', 'Linear-48', 'Dropout-33', 'Mlp-8', 'Identity-25', 'Block-8', 'LayerNorm-17', 'Linear-49', 'Linear-50', 'Dropout-34', 'Linear-51', 'Linear-52', 'Dropout-35', 'GPSA-9', 'Identity-26', 'LayerNorm-18', 'Linear-53', 'GELU-9', 'Dropout-36', 'Identity-27', 'Linear-54', 'Dropout-37', 'Mlp-9', 'Identity-28', 'Block-9', 'LayerNorm-19', 'Linear-55', 'Linear-56', 'Dropout-38', 'Linear-57', 'Linear-58', 'Dropout-39', 'GPSA-10', 'Identity-29', 'LayerNorm-20', 'Linear-59', 'GELU-10', 'Dropout-40', 'Identity-30', 'Linear-60', 'Dropout-41', 'Mlp-10', 'Identity-31', 'Block-10', 'LayerNorm-21', 'Linear-61', 'Dropout-42', 'Linear-62', 'Dropout-43', 'MHSA-1', 'Identity-32', 'LayerNorm-22', 'Linear-63', 'GELU-11', 'Dropout-44', 'Identity-33', 'Linear-64', 'Dropout-45', 'Mlp-11', 'Identity-34', 'Block-11', 'LayerNorm-23', 'Linear-65', 'Dropout-46', 'Linear-66', 'Dropout-47', 'MHSA-2', 'Identity-35', 'LayerNorm-24', 'Linear-67', 'GELU-12', 'Dropout-48', 'Identity-36', 'Linear-68', 'Dropout-49', 'Mlp-12', 'Identity-37', 'Block-12', 'LayerNorm-25', 'Dropout-50', 'Linear-69', 'ConVit-1']
Total number of layers: 232

==================================================
Processing layer: LayerNorm-22 from model: convit_base_classification

For model convit_base_classification Layer LayerNorm-22: Extracting features for 9000 images in batches of 28...
Feature extraction for model convit_base_classification layer LayerNorm-22 completed in 3157.64 seconds.
Finding best ridge alphas for 90 target PCs using 151296 features and 9000 samples.
Using alphas: 10^1 to 10^20, 100 values spaced logarithmically.
[Pipeline] ........... (step 1 of 1) Processing ridgecv, total= 9.7min

Selected alpha and cross-validation score for each PC:
Finished finding best ridge alphas for each target PC.✅

PC   1: alpha = 403702, CV score = -1530.305169

PC   2: alpha = 107227, CV score = -534.993061

PC   3: alpha = 107227, CV score = -345.591244

PC   4: alpha = 107227, CV score = -204.675857

PC   5: alpha = 166810, CV score = -176.335174

PC   6: alpha = 166810, CV score = -164.727798

PC   7: alpha = 259502, CV score = -144.679019

PC   8: alpha = 628029, CV score = -148.811181

PC   9: alpha = 166810, CV score = -105.056375

PC  10: alpha = 166810, CV score = -87.802259

PC  11: alpha = 259502, CV score = -85.818278

PC  12: alpha = 107227, CV score = -58.368325

PC  13: alpha = 403702, CV score = -93.955265

PC  14: alpha = 259502, CV score = -77.577121

PC  15: alpha = 166810, CV score = -67.204228

PC  16: alpha = 403702, CV score = -73.659332

PC  17: alpha = 259502, CV score = -68.155399

PC  18: alpha = 403702, CV score = -73.026400

PC  19: alpha = 259502, CV score = -62.256409

PC  20: alpha = 259502, CV score = -63.550112

PC  21: alpha = 259502, CV score = -57.732844

PC  22: alpha = 259502, CV score = -56.764078

PC  23: alpha = 259502, CV score = -54.105023

PC  24: alpha = 403702, CV score = -54.547651

PC  25: alpha = 259502, CV score = -51.045346

PC  26: alpha = 403702, CV score = -51.420736

PC  27: alpha = 259502, CV score = -46.881982

PC  28: alpha = 628029, CV score = -47.512218

PC  29: alpha = 403702, CV score = -46.077440

PC  30: alpha = 403702, CV score = -40.903355

PC  31: alpha = 259502, CV score = -39.943393

PC  32: alpha = 259502, CV score = -38.145221

PC  33: alpha = 403702, CV score = -38.237853

PC  34: alpha = 403702, CV score = -38.501947

PC  35: alpha = 403702, CV score = -35.135164

PC  36: alpha = 403702, CV score = -34.385969

PC  37: alpha = 628029, CV score = -35.013882

PC  38: alpha = 259502, CV score = -31.595067

PC  39: alpha = 403702, CV score = -32.957408

PC  40: alpha = 403702, CV score = -30.569094

PC  41: alpha = 403702, CV score = -30.335742

PC  42: alpha = 403702, CV score = -28.598856

PC  43: alpha = 403702, CV score = -28.669367

PC  44: alpha = 628029, CV score = -28.726834

PC  45: alpha = 259502, CV score = -26.248455

PC  46: alpha = 628029, CV score = -28.033333

PC  47: alpha = 403702, CV score = -25.759302

PC  48: alpha = 107227, CV score = -22.586762

PC  49: alpha = 259502, CV score = -24.407189

PC  50: alpha = 403702, CV score = -24.039502

PC  51: alpha = 259502, CV score = -22.014493

PC  52: alpha = 628029, CV score = -23.427523

PC  53: alpha = 259502, CV score = -21.972754

PC  54: alpha = 403702, CV score = -22.545035

PC  55: alpha = 403702, CV score = -21.685765

PC  56: alpha = 259502, CV score = -20.275593

PC  57: alpha = 403702, CV score = -20.462276

PC  58: alpha = 259502, CV score = -19.791763

PC  59: alpha = 628029, CV score = -20.360621

PC  60: alpha = 403702, CV score = -19.469218

PC  61: alpha = 403702, CV score = -18.959477

PC  62: alpha = 403702, CV score = -18.223673

PC  63: alpha = 259502, CV score = -18.071405

PC  64: alpha = 403702, CV score = -17.931329

PC  65: alpha = 166810, CV score = -15.102435

PC  66: alpha = 403702, CV score = -17.336231

PC  67: alpha = 628029, CV score = -17.492763

PC  68: alpha = 977010, CV score = -17.474847

PC  69: alpha = 403702, CV score = -16.788697

PC  70: alpha = 403702, CV score = -16.172442

PC  71: alpha = 259502, CV score = -15.729421

PC  72: alpha = 403702, CV score = -15.570104

PC  73: alpha = 403702, CV score = -15.313471

PC  74: alpha = 403702, CV score = -15.292210

PC  75: alpha = 628029, CV score = -15.130609

PC  76: alpha = 259502, CV score = -14.299553

PC  77: alpha = 403702, CV score = -14.036379

PC  78: alpha = 403702, CV score = -14.344266

PC  79: alpha = 403702, CV score = -14.016499

PC  80: alpha = 403702, CV score = -13.783493

PC  81: alpha = 628029, CV score = -13.985321

PC  82: alpha = 403702, CV score = -13.425624

PC  83: alpha = 403702, CV score = -13.235179

PC  84: alpha = 403702, CV score = -12.882038

PC  85: alpha = 403702, CV score = -12.578321

PC  86: alpha = 628029, CV score = -12.760726

PC  87: alpha = 403702, CV score = -12.503864

PC  88: alpha = 403702, CV score = -12.087830

PC  89: alpha = 403702, CV score = -12.249230

PC  90: alpha = 403702, CV score = -11.986307

Mean cross-validation score across PCs: -66.179976

======================================================================================

Chosen model: RN50_clip
Number of images: 73000
Image shape: (425, 425, 3), dtype: uint8
nsdID shape: (73000,), Shared1000 shape: (73000,)
Neural data shape: (10000, 8088)
Image IDs shape: (10000,)
Number of voxels: 8088
Number of projections for SRP: 7894

Loaded target with shape (10000, 8088).
Transformed data shape: (9000, 200)
Transformed data shape after truncion: (9000, 90)
Model options for RN50_clip: {'model_name': 'RN50', 'train_type': 'clip', 'train_data': 'openai400M', 'model_source': 'clip', 'call': "get_clip_model('RN50')"}
Image transforms for RN50_clip: Compose(
    Resize(size=224, interpolation=bicubic, max_size=None, antialias=True)
    CenterCrop(size=(224, 224))
    <function _convert_image_to_rgb at 0x7f25b6822020>
    ToTensor()
    Normalize(mean=(0.48145466, 0.4578275, 0.40821073), std=(0.26862954, 0.26130258, 0.27577711))
)
Loaded model: RN50_clip
Ordered layers from model: ['Conv2d-1', 'BatchNorm2d-1', 'ReLU-1', 'Conv2d-2', 'BatchNorm2d-2', 'ReLU-2', 'Conv2d-3', 'BatchNorm2d-3', 'ReLU-3', 'AvgPool2d-1', 'Conv2d-4', 'BatchNorm2d-4', 'ReLU-4', 'Conv2d-5', 'BatchNorm2d-5', 'ReLU-5', 'Identity-1', 'Conv2d-6', 'BatchNorm2d-6', 'AvgPool2d-2', 'Conv2d-7', 'BatchNorm2d-7', 'ReLU-6', 'Bottleneck-1', 'Conv2d-8', 'BatchNorm2d-8', 'ReLU-7', 'Conv2d-9', 'BatchNorm2d-9', 'ReLU-8', 'Identity-2', 'Conv2d-10', 'BatchNorm2d-10', 'ReLU-9', 'Bottleneck-2', 'Conv2d-11', 'BatchNorm2d-11', 'ReLU-10', 'Conv2d-12', 'BatchNorm2d-12', 'ReLU-11', 'Identity-3', 'Conv2d-13', 'BatchNorm2d-13', 'ReLU-12', 'Bottleneck-3', 'Conv2d-14', 'BatchNorm2d-14', 'ReLU-13', 'Conv2d-15', 'BatchNorm2d-15', 'ReLU-14', 'AvgPool2d-3', 'Conv2d-16', 'BatchNorm2d-16', 'AvgPool2d-4', 'Conv2d-17', 'BatchNorm2d-17', 'ReLU-15', 'Bottleneck-4', 'Conv2d-18', 'BatchNorm2d-18', 'ReLU-16', 'Conv2d-19', 'BatchNorm2d-19', 'ReLU-17', 'Identity-4', 'Conv2d-20', 'BatchNorm2d-20', 'ReLU-18', 'Bottleneck-5', 'Conv2d-21', 'BatchNorm2d-21', 'ReLU-19', 'Conv2d-22', 'BatchNorm2d-22', 'ReLU-20', 'Identity-5', 'Conv2d-23', 'BatchNorm2d-23', 'ReLU-21', 'Bottleneck-6', 'Conv2d-24', 'BatchNorm2d-24', 'ReLU-22', 'Conv2d-25', 'BatchNorm2d-25', 'ReLU-23', 'Identity-6', 'Conv2d-26', 'BatchNorm2d-26', 'ReLU-24', 'Bottleneck-7', 'Conv2d-27', 'BatchNorm2d-27', 'ReLU-25', 'Conv2d-28', 'BatchNorm2d-28', 'ReLU-26', 'AvgPool2d-5', 'Conv2d-29', 'BatchNorm2d-29', 'AvgPool2d-6', 'Conv2d-30', 'BatchNorm2d-30', 'ReLU-27', 'Bottleneck-8', 'Conv2d-31', 'BatchNorm2d-31', 'ReLU-28', 'Conv2d-32', 'BatchNorm2d-32', 'ReLU-29', 'Identity-7', 'Conv2d-33', 'BatchNorm2d-33', 'ReLU-30', 'Bottleneck-9', 'Conv2d-34', 'BatchNorm2d-34', 'ReLU-31', 'Conv2d-35', 'BatchNorm2d-35', 'ReLU-32', 'Identity-8', 'Conv2d-36', 'BatchNorm2d-36', 'ReLU-33', 'Bottleneck-10', 'Conv2d-37', 'BatchNorm2d-37', 'ReLU-34', 'Conv2d-38', 'BatchNorm2d-38', 'ReLU-35', 'Identity-9', 'Conv2d-39', 'BatchNorm2d-39', 'ReLU-36', 'Bottleneck-11', 'Conv2d-40', 'BatchNorm2d-40', 'ReLU-37', 'Conv2d-41', 'BatchNorm2d-41', 'ReLU-38', 'Identity-10', 'Conv2d-42', 'BatchNorm2d-42', 'ReLU-39', 'Bottleneck-12', 'Conv2d-43', 'BatchNorm2d-43', 'ReLU-40', 'Conv2d-44', 'BatchNorm2d-44', 'ReLU-41', 'Identity-11', 'Conv2d-45', 'BatchNorm2d-45', 'ReLU-42', 'Bottleneck-13', 'Conv2d-46', 'BatchNorm2d-46', 'ReLU-43', 'Conv2d-47', 'BatchNorm2d-47', 'ReLU-44', 'AvgPool2d-7', 'Conv2d-48', 'BatchNorm2d-48', 'AvgPool2d-8', 'Conv2d-49', 'BatchNorm2d-49', 'ReLU-45', 'Bottleneck-14', 'Conv2d-50', 'BatchNorm2d-50', 'ReLU-46', 'Conv2d-51', 'BatchNorm2d-51', 'ReLU-47', 'Identity-12', 'Conv2d-52', 'BatchNorm2d-52', 'ReLU-48', 'Bottleneck-15', 'Conv2d-53', 'BatchNorm2d-53', 'ReLU-49', 'Conv2d-54', 'BatchNorm2d-54', 'ReLU-50', 'Identity-13', 'Conv2d-55', 'BatchNorm2d-55', 'ReLU-51', 'Bottleneck-16', 'AttentionPool2d-1', 'ModifiedResNet-1']
Total number of layers: 200

==================================================
Processing layer: Conv2d-51 from model: RN50_clip

For model RN50_clip Layer Conv2d-51: Extracting features for 9000 images in batches of 28...
Feature extraction for model RN50_clip layer Conv2d-51 completed in 943.56 seconds.
Finding best ridge alphas for 90 target PCs using 25088 features and 9000 samples.
Using alphas: 10^1 to 10^20, 100 values spaced logarithmically.
[Pipeline] ........... (step 1 of 1) Processing ridgecv, total= 3.0min

Selected alpha and cross-validation score for each PC:
Finished finding best ridge alphas for each target PC.✅

PC   1: alpha = 28480.4, CV score = -1527.118349

PC   2: alpha = 18307.4, CV score = -483.041821

PC   3: alpha = 11768.1, CV score = -349.540530

PC   4: alpha = 11768.1, CV score = -205.585915

PC   5: alpha = 18307.4, CV score = -170.630850

PC   6: alpha = 18307.4, CV score = -158.335748

PC   7: alpha = 18307.4, CV score = -143.306220

PC   8: alpha = 68926.1, CV score = -147.158680

PC   9: alpha = 18307.4, CV score = -102.901884

PC  10: alpha = 18307.4, CV score = -85.883760

PC  11: alpha = 28480.4, CV score = -84.176663

PC  12: alpha = 11768.1, CV score = -56.924149

PC  13: alpha = 44306.2, CV score = -91.422768

PC  14: alpha = 28480.4, CV score = -76.959514

PC  15: alpha = 18307.4, CV score = -66.201388

PC  16: alpha = 28480.4, CV score = -73.544429

PC  17: alpha = 28480.4, CV score = -67.453999

PC  18: alpha = 68926.1, CV score = -73.287966

PC  19: alpha = 28480.4, CV score = -60.556156

PC  20: alpha = 44306.2, CV score = -63.781466

PC  21: alpha = 28480.4, CV score = -56.530963

PC  22: alpha = 28480.4, CV score = -57.093029

PC  23: alpha = 28480.4, CV score = -53.810196

PC  24: alpha = 44306.2, CV score = -54.250045

PC  25: alpha = 28480.4, CV score = -51.409923

PC  26: alpha = 44306.2, CV score = -51.508339

PC  27: alpha = 44306.2, CV score = -46.591457

PC  28: alpha = 68926.1, CV score = -47.202588

PC  29: alpha = 28480.4, CV score = -45.355949

PC  30: alpha = 28480.4, CV score = -40.803581

PC  31: alpha = 18307.4, CV score = -39.742430

PC  32: alpha = 28480.4, CV score = -37.466154

PC  33: alpha = 44306.2, CV score = -37.946728

PC  34: alpha = 44306.2, CV score = -38.342175

PC  35: alpha = 28480.4, CV score = -34.503745

PC  36: alpha = 44306.2, CV score = -34.394618

PC  37: alpha = 44306.2, CV score = -34.663911

PC  38: alpha = 28480.4, CV score = -30.975037

PC  39: alpha = 44306.2, CV score = -33.111933

PC  40: alpha = 28480.4, CV score = -30.311207

PC  41: alpha = 44306.2, CV score = -29.912672

PC  42: alpha = 28480.4, CV score = -28.155179

PC  43: alpha = 44306.2, CV score = -28.466939

PC  44: alpha = 44306.2, CV score = -28.497599

PC  45: alpha = 28480.4, CV score = -25.991616

PC  46: alpha = 68926.1, CV score = -27.856392

PC  47: alpha = 44306.2, CV score = -25.488907

PC  48: alpha = 18307.4, CV score = -22.804880

PC  49: alpha = 28480.4, CV score = -24.252610

PC  50: alpha = 28480.4, CV score = -23.958444

PC  51: alpha = 28480.4, CV score = -21.719139

PC  52: alpha = 44306.2, CV score = -23.346066

PC  53: alpha = 18307.4, CV score = -21.983108

PC  54: alpha = 44306.2, CV score = -22.314936

PC  55: alpha = 44306.2, CV score = -21.343879

PC  56: alpha = 28480.4, CV score = -20.095887

PC  57: alpha = 44306.2, CV score = -20.522656

PC  58: alpha = 28480.4, CV score = -19.638352

PC  59: alpha = 44306.2, CV score = -20.286963

PC  60: alpha = 28480.4, CV score = -19.290354

PC  61: alpha = 28480.4, CV score = -18.948697

PC  62: alpha = 28480.4, CV score = -18.119933

PC  63: alpha = 28480.4, CV score = -18.000438

PC  64: alpha = 28480.4, CV score = -17.741424

PC  65: alpha = 18307.4, CV score = -14.960009

PC  66: alpha = 28480.4, CV score = -17.161815

PC  67: alpha = 44306.2, CV score = -17.416187

PC  68: alpha = 68926.1, CV score = -17.405274

PC  69: alpha = 44306.2, CV score = -16.759735

PC  70: alpha = 28480.4, CV score = -15.987319

PC  71: alpha = 28480.4, CV score = -15.833646

PC  72: alpha = 44306.2, CV score = -15.498885

PC  73: alpha = 44306.2, CV score = -15.363086

PC  74: alpha = 44306.2, CV score = -15.199823

PC  75: alpha = 44306.2, CV score = -15.037320

PC  76: alpha = 28480.4, CV score = -14.083466

PC  77: alpha = 28480.4, CV score = -13.972088

PC  78: alpha = 44306.2, CV score = -14.268485

PC  79: alpha = 28480.4, CV score = -13.760833

PC  80: alpha = 28480.4, CV score = -13.670959

PC  81: alpha = 44306.2, CV score = -13.907868

PC  82: alpha = 44306.2, CV score = -13.409987

PC  83: alpha = 28480.4, CV score = -13.177489

PC  84: alpha = 44306.2, CV score = -12.888891

PC  85: alpha = 44306.2, CV score = -12.512644

PC  86: alpha = 44306.2, CV score = -12.735633

PC  87: alpha = 44306.2, CV score = -12.548728

PC  88: alpha = 28480.4, CV score = -12.040123

PC  89: alpha = 28480.4, CV score = -11.974843

PC  90: alpha = 44306.2, CV score = -12.033543

Mean cross-validation score across PCs: -65.179689

======================================================================================

Chosen model: RN101_clip
Number of images: 73000
Image shape: (425, 425, 3), dtype: uint8
nsdID shape: (73000,), Shared1000 shape: (73000,)
Neural data shape: (10000, 8088)
Image IDs shape: (10000,)
Number of voxels: 8088
Number of projections for SRP: 7894

Loaded target with shape (10000, 8088).
Transformed data shape: (9000, 200)
Transformed data shape after truncion: (9000, 90)
Model options for RN101_clip: {'model_name': 'RN101', 'train_type': 'clip', 'train_data': 'openai400M', 'model_source': 'clip', 'call': "get_clip_model('RN101')"}
Image transforms for RN101_clip: Compose(
    Resize(size=224, interpolation=bicubic, max_size=None, antialias=True)
    CenterCrop(size=(224, 224))
    <function _convert_image_to_rgb at 0x7f25b6822020>
    ToTensor()
    Normalize(mean=(0.48145466, 0.4578275, 0.40821073), std=(0.26862954, 0.26130258, 0.27577711))
)
Loaded model: RN101_clip
Ordered layers from model: ['Conv2d-1', 'BatchNorm2d-1', 'ReLU-1', 'Conv2d-2', 'BatchNorm2d-2', 'ReLU-2', 'Conv2d-3', 'BatchNorm2d-3', 'ReLU-3', 'AvgPool2d-1', 'Conv2d-4', 'BatchNorm2d-4', 'ReLU-4', 'Conv2d-5', 'BatchNorm2d-5', 'ReLU-5', 'Identity-1', 'Conv2d-6', 'BatchNorm2d-6', 'AvgPool2d-2', 'Conv2d-7', 'BatchNorm2d-7', 'ReLU-6', 'Bottleneck-1', 'Conv2d-8', 'BatchNorm2d-8', 'ReLU-7', 'Conv2d-9', 'BatchNorm2d-9', 'ReLU-8', 'Identity-2', 'Conv2d-10', 'BatchNorm2d-10', 'ReLU-9', 'Bottleneck-2', 'Conv2d-11', 'BatchNorm2d-11', 'ReLU-10', 'Conv2d-12', 'BatchNorm2d-12', 'ReLU-11', 'Identity-3', 'Conv2d-13', 'BatchNorm2d-13', 'ReLU-12', 'Bottleneck-3', 'Conv2d-14', 'BatchNorm2d-14', 'ReLU-13', 'Conv2d-15', 'BatchNorm2d-15', 'ReLU-14', 'AvgPool2d-3', 'Conv2d-16', 'BatchNorm2d-16', 'AvgPool2d-4', 'Conv2d-17', 'BatchNorm2d-17', 'ReLU-15', 'Bottleneck-4', 'Conv2d-18', 'BatchNorm2d-18', 'ReLU-16', 'Conv2d-19', 'BatchNorm2d-19', 'ReLU-17', 'Identity-4', 'Conv2d-20', 'BatchNorm2d-20', 'ReLU-18', 'Bottleneck-5', 'Conv2d-21', 'BatchNorm2d-21', 'ReLU-19', 'Conv2d-22', 'BatchNorm2d-22', 'ReLU-20', 'Identity-5', 'Conv2d-23', 'BatchNorm2d-23', 'ReLU-21', 'Bottleneck-6', 'Conv2d-24', 'BatchNorm2d-24', 'ReLU-22', 'Conv2d-25', 'BatchNorm2d-25', 'ReLU-23', 'Identity-6', 'Conv2d-26', 'BatchNorm2d-26', 'ReLU-24', 'Bottleneck-7', 'Conv2d-27', 'BatchNorm2d-27', 'ReLU-25', 'Conv2d-28', 'BatchNorm2d-28', 'ReLU-26', 'AvgPool2d-5', 'Conv2d-29', 'BatchNorm2d-29', 'AvgPool2d-6', 'Conv2d-30', 'BatchNorm2d-30', 'ReLU-27', 'Bottleneck-8', 'Conv2d-31', 'BatchNorm2d-31', 'ReLU-28', 'Conv2d-32', 'BatchNorm2d-32', 'ReLU-29', 'Identity-7', 'Conv2d-33', 'BatchNorm2d-33', 'ReLU-30', 'Bottleneck-9', 'Conv2d-34', 'BatchNorm2d-34', 'ReLU-31', 'Conv2d-35', 'BatchNorm2d-35', 'ReLU-32', 'Identity-8', 'Conv2d-36', 'BatchNorm2d-36', 'ReLU-33', 'Bottleneck-10', 'Conv2d-37', 'BatchNorm2d-37', 'ReLU-34', 'Conv2d-38', 'BatchNorm2d-38', 'ReLU-35', 'Identity-9', 'Conv2d-39', 'BatchNorm2d-39', 'ReLU-36', 'Bottleneck-11', 'Conv2d-40', 'BatchNorm2d-40', 'ReLU-37', 'Conv2d-41', 'BatchNorm2d-41', 'ReLU-38', 'Identity-10', 'Conv2d-42', 'BatchNorm2d-42', 'ReLU-39', 'Bottleneck-12', 'Conv2d-43', 'BatchNorm2d-43', 'ReLU-40', 'Conv2d-44', 'BatchNorm2d-44', 'ReLU-41', 'Identity-11', 'Conv2d-45', 'BatchNorm2d-45', 'ReLU-42', 'Bottleneck-13', 'Conv2d-46', 'BatchNorm2d-46', 'ReLU-43', 'Conv2d-47', 'BatchNorm2d-47', 'ReLU-44', 'Identity-12', 'Conv2d-48', 'BatchNorm2d-48', 'ReLU-45', 'Bottleneck-14', 'Conv2d-49', 'BatchNorm2d-49', 'ReLU-46', 'Conv2d-50', 'BatchNorm2d-50', 'ReLU-47', 'Identity-13', 'Conv2d-51', 'BatchNorm2d-51', 'ReLU-48', 'Bottleneck-15', 'Conv2d-52', 'BatchNorm2d-52', 'ReLU-49', 'Conv2d-53', 'BatchNorm2d-53', 'ReLU-50', 'Identity-14', 'Conv2d-54', 'BatchNorm2d-54', 'ReLU-51', 'Bottleneck-16', 'Conv2d-55', 'BatchNorm2d-55', 'ReLU-52', 'Conv2d-56', 'BatchNorm2d-56', 'ReLU-53', 'Identity-15', 'Conv2d-57', 'BatchNorm2d-57', 'ReLU-54', 'Bottleneck-17', 'Conv2d-58', 'BatchNorm2d-58', 'ReLU-55', 'Conv2d-59', 'BatchNorm2d-59', 'ReLU-56', 'Identity-16', 'Conv2d-60', 'BatchNorm2d-60', 'ReLU-57', 'Bottleneck-18', 'Conv2d-61', 'BatchNorm2d-61', 'ReLU-58', 'Conv2d-62', 'BatchNorm2d-62', 'ReLU-59', 'Identity-17', 'Conv2d-63', 'BatchNorm2d-63', 'ReLU-60', 'Bottleneck-19', 'Conv2d-64', 'BatchNorm2d-64', 'ReLU-61', 'Conv2d-65', 'BatchNorm2d-65', 'ReLU-62', 'Identity-18', 'Conv2d-66', 'BatchNorm2d-66', 'ReLU-63', 'Bottleneck-20', 'Conv2d-67', 'BatchNorm2d-67', 'ReLU-64', 'Conv2d-68', 'BatchNorm2d-68', 'ReLU-65', 'Identity-19', 'Conv2d-69', 'BatchNorm2d-69', 'ReLU-66', 'Bottleneck-21', 'Conv2d-70', 'BatchNorm2d-70', 'ReLU-67', 'Conv2d-71', 'BatchNorm2d-71', 'ReLU-68', 'Identity-20', 'Conv2d-72', 'BatchNorm2d-72', 'ReLU-69', 'Bottleneck-22', 'Conv2d-73', 'BatchNorm2d-73', 'ReLU-70', 'Conv2d-74', 'BatchNorm2d-74', 'ReLU-71', 'Identity-21', 'Conv2d-75', 'BatchNorm2d-75', 'ReLU-72', 'Bottleneck-23', 'Conv2d-76', 'BatchNorm2d-76', 'ReLU-73', 'Conv2d-77', 'BatchNorm2d-77', 'ReLU-74', 'Identity-22', 'Conv2d-78', 'BatchNorm2d-78', 'ReLU-75', 'Bottleneck-24', 'Conv2d-79', 'BatchNorm2d-79', 'ReLU-76', 'Conv2d-80', 'BatchNorm2d-80', 'ReLU-77', 'Identity-23', 'Conv2d-81', 'BatchNorm2d-81', 'ReLU-78', 'Bottleneck-25', 'Conv2d-82', 'BatchNorm2d-82', 'ReLU-79', 'Conv2d-83', 'BatchNorm2d-83', 'ReLU-80', 'Identity-24', 'Conv2d-84', 'BatchNorm2d-84', 'ReLU-81', 'Bottleneck-26', 'Conv2d-85', 'BatchNorm2d-85', 'ReLU-82', 'Conv2d-86', 'BatchNorm2d-86', 'ReLU-83', 'Identity-25', 'Conv2d-87', 'BatchNorm2d-87', 'ReLU-84', 'Bottleneck-27', 'Conv2d-88', 'BatchNorm2d-88', 'ReLU-85', 'Conv2d-89', 'BatchNorm2d-89', 'ReLU-86', 'Identity-26', 'Conv2d-90', 'BatchNorm2d-90', 'ReLU-87', 'Bottleneck-28', 'Conv2d-91', 'BatchNorm2d-91', 'ReLU-88', 'Conv2d-92', 'BatchNorm2d-92', 'ReLU-89', 'Identity-27', 'Conv2d-93', 'BatchNorm2d-93', 'ReLU-90', 'Bottleneck-29', 'Conv2d-94', 'BatchNorm2d-94', 'ReLU-91', 'Conv2d-95', 'BatchNorm2d-95', 'ReLU-92', 'Identity-28', 'Conv2d-96', 'BatchNorm2d-96', 'ReLU-93', 'Bottleneck-30', 'Conv2d-97', 'BatchNorm2d-97', 'ReLU-94', 'Conv2d-98', 'BatchNorm2d-98', 'ReLU-95', 'AvgPool2d-7', 'Conv2d-99', 'BatchNorm2d-99', 'AvgPool2d-8', 'Conv2d-100', 'BatchNorm2d-100', 'ReLU-96', 'Bottleneck-31', 'Conv2d-101', 'BatchNorm2d-101', 'ReLU-97', 'Conv2d-102', 'BatchNorm2d-102', 'ReLU-98', 'Identity-29', 'Conv2d-103', 'BatchNorm2d-103', 'ReLU-99', 'Bottleneck-32', 'Conv2d-104', 'BatchNorm2d-104', 'ReLU-100', 'Conv2d-105', 'BatchNorm2d-105', 'ReLU-101', 'Identity-30', 'Conv2d-106', 'BatchNorm2d-106', 'ReLU-102', 'Bottleneck-33', 'AttentionPool2d-1', 'ModifiedResNet-1']
Total number of layers: 387

==================================================
Processing layer: Conv2d-102 from model: RN101_clip

For model RN101_clip Layer Conv2d-102: Extracting features for 9000 images in batches of 28...
Feature extraction for model RN101_clip layer Conv2d-102 completed in 1413.13 seconds.
Finding best ridge alphas for 90 target PCs using 25088 features and 9000 samples.
Using alphas: 10^1 to 10^20, 100 values spaced logarithmically.
[Pipeline] ........... (step 1 of 1) Processing ridgecv, total= 2.9min

Selected alpha and cross-validation score for each PC:
Finished finding best ridge alphas for each target PC.✅

PC   1: alpha = 28480.4, CV score = -1520.060646

PC   2: alpha = 18307.4, CV score = -461.143938

PC   3: alpha = 11768.1, CV score = -349.622153

PC   4: alpha = 11768.1, CV score = -209.329460

PC   5: alpha = 18307.4, CV score = -173.819046

PC   6: alpha = 28480.4, CV score = -159.023183

PC   7: alpha = 28480.4, CV score = -143.221710

PC   8: alpha = 44306.2, CV score = -146.556721

PC   9: alpha = 18307.4, CV score = -104.568256

PC  10: alpha = 18307.4, CV score = -87.020464

PC  11: alpha = 28480.4, CV score = -85.085220

PC  12: alpha = 11768.1, CV score = -57.174337

PC  13: alpha = 44306.2, CV score = -90.904418

PC  14: alpha = 28480.4, CV score = -76.972011

PC  15: alpha = 28480.4, CV score = -67.448898

PC  16: alpha = 28480.4, CV score = -73.382313

PC  17: alpha = 28480.4, CV score = -68.361958

PC  18: alpha = 68926.1, CV score = -73.260602

PC  19: alpha = 28480.4, CV score = -61.689305

PC  20: alpha = 44306.2, CV score = -63.940572

PC  21: alpha = 28480.4, CV score = -56.363705

PC  22: alpha = 44306.2, CV score = -57.288159

PC  23: alpha = 28480.4, CV score = -53.950266

PC  24: alpha = 68926.1, CV score = -54.265580

PC  25: alpha = 28480.4, CV score = -51.691136

PC  26: alpha = 44306.2, CV score = -51.421981

PC  27: alpha = 44306.2, CV score = -46.637364

PC  28: alpha = 44306.2, CV score = -47.040700

PC  29: alpha = 28480.4, CV score = -45.563907

PC  30: alpha = 44306.2, CV score = -40.897982

PC  31: alpha = 18307.4, CV score = -39.871732

PC  32: alpha = 28480.4, CV score = -37.762096

PC  33: alpha = 44306.2, CV score = -38.194498

PC  34: alpha = 68926.1, CV score = -38.612524

PC  35: alpha = 28480.4, CV score = -34.592505

PC  36: alpha = 44306.2, CV score = -34.259752

PC  37: alpha = 68926.1, CV score = -34.890463

PC  38: alpha = 28480.4, CV score = -31.161748

PC  39: alpha = 68926.1, CV score = -33.464971

PC  40: alpha = 44306.2, CV score = -30.411508

PC  41: alpha = 44306.2, CV score = -30.104527

PC  42: alpha = 28480.4, CV score = -28.323213

PC  43: alpha = 44306.2, CV score = -28.504264

PC  44: alpha = 68926.1, CV score = -28.518397

PC  45: alpha = 28480.4, CV score = -26.126541

PC  46: alpha = 68926.1, CV score = -27.903931

PC  47: alpha = 44306.2, CV score = -25.586177

PC  48: alpha = 18307.4, CV score = -23.107409

PC  49: alpha = 28480.4, CV score = -24.407267

PC  50: alpha = 28480.4, CV score = -24.116757

PC  51: alpha = 28480.4, CV score = -21.940748

PC  52: alpha = 44306.2, CV score = -23.302321

PC  53: alpha = 28480.4, CV score = -22.162418

PC  54: alpha = 44306.2, CV score = -22.429928

PC  55: alpha = 68926.1, CV score = -21.490535

PC  56: alpha = 28480.4, CV score = -20.031952

PC  57: alpha = 28480.4, CV score = -20.475295

PC  58: alpha = 28480.4, CV score = -19.779880

PC  59: alpha = 68926.1, CV score = -20.371096

PC  60: alpha = 44306.2, CV score = -19.385857

PC  61: alpha = 44306.2, CV score = -19.050538

PC  62: alpha = 44306.2, CV score = -18.225982

PC  63: alpha = 44306.2, CV score = -18.162674

PC  64: alpha = 44306.2, CV score = -17.844049

PC  65: alpha = 18307.4, CV score = -15.190981

PC  66: alpha = 44306.2, CV score = -17.210877

PC  67: alpha = 68926.1, CV score = -17.563363

PC  68: alpha = 107227, CV score = -17.399058

PC  69: alpha = 44306.2, CV score = -16.756406

PC  70: alpha = 44306.2, CV score = -15.991744

PC  71: alpha = 28480.4, CV score = -15.854821

PC  72: alpha = 44306.2, CV score = -15.622502

PC  73: alpha = 68926.1, CV score = -15.439355

PC  74: alpha = 68926.1, CV score = -15.236582

PC  75: alpha = 68926.1, CV score = -15.066103

PC  76: alpha = 28480.4, CV score = -14.228094

PC  77: alpha = 28480.4, CV score = -13.996194

PC  78: alpha = 68926.1, CV score = -14.367467

PC  79: alpha = 28480.4, CV score = -13.731193

PC  80: alpha = 44306.2, CV score = -13.681703

PC  81: alpha = 68926.1, CV score = -13.971275

PC  82: alpha = 44306.2, CV score = -13.406737

PC  83: alpha = 44306.2, CV score = -13.251093

PC  84: alpha = 68926.1, CV score = -12.973062

PC  85: alpha = 44306.2, CV score = -12.514498

PC  86: alpha = 44306.2, CV score = -12.719667

PC  87: alpha = 44306.2, CV score = -12.549594

PC  88: alpha = 44306.2, CV score = -12.077634

PC  89: alpha = 44306.2, CV score = -11.997194

PC  90: alpha = 44306.2, CV score = -12.109113

Mean cross-validation score across PCs: -65.079843

======================================================================================

Chosen model: ResNet50-SimCLR_selfsupervised
Number of images: 73000
Image shape: (425, 425, 3), dtype: uint8
nsdID shape: (73000,), Shared1000 shape: (73000,)
Neural data shape: (10000, 8088)
Image IDs shape: (10000,)
Number of voxels: 8088
Number of projections for SRP: 7894

Loaded target with shape (10000, 8088).
Transformed data shape: (9000, 200)
Transformed data shape after truncion: (9000, 90)
Model options for ResNet50-SimCLR_selfsupervised: {'model_name': 'ResNet50-SimCLR', 'train_type': 'selfsupervised', 'train_data': 'imagenet', 'model_source': 'vissl', 'call': "get_vissl_model('ResNet50-SimCLR')"}
Image transforms for ResNet50-SimCLR_selfsupervised: Compose(
    Resize(size=(224, 224), interpolation=bilinear, max_size=None, antialias=True)
    ToTensor()
    Normalize(mean=[0.485, 0.456, 0.406], std=[0.229, 0.224, 0.225])
)
Loaded model: ResNet50-SimCLR_selfsupervised
Ordered layers from model: ['Conv2d-1', 'BatchNorm2d-1', 'ReLU-1', 'MaxPool2d-1', 'Conv2d-2', 'BatchNorm2d-2', 'ReLU-2', 'Conv2d-3', 'BatchNorm2d-3', 'ReLU-3', 'Conv2d-4', 'BatchNorm2d-4', 'Conv2d-5', 'BatchNorm2d-5', 'ReLU-4', 'Bottleneck-1', 'Conv2d-6', 'BatchNorm2d-6', 'ReLU-5', 'Conv2d-7', 'BatchNorm2d-7', 'ReLU-6', 'Conv2d-8', 'BatchNorm2d-8', 'ReLU-7', 'Bottleneck-2', 'Conv2d-9', 'BatchNorm2d-9', 'ReLU-8', 'Conv2d-10', 'BatchNorm2d-10', 'ReLU-9', 'Conv2d-11', 'BatchNorm2d-11', 'ReLU-10', 'Bottleneck-3', 'Conv2d-12', 'BatchNorm2d-12', 'ReLU-11', 'Conv2d-13', 'BatchNorm2d-13', 'ReLU-12', 'Conv2d-14', 'BatchNorm2d-14', 'Conv2d-15', 'BatchNorm2d-15', 'ReLU-13', 'Bottleneck-4', 'Conv2d-16', 'BatchNorm2d-16', 'ReLU-14', 'Conv2d-17', 'BatchNorm2d-17', 'ReLU-15', 'Conv2d-18', 'BatchNorm2d-18', 'ReLU-16', 'Bottleneck-5', 'Conv2d-19', 'BatchNorm2d-19', 'ReLU-17', 'Conv2d-20', 'BatchNorm2d-20', 'ReLU-18', 'Conv2d-21', 'BatchNorm2d-21', 'ReLU-19', 'Bottleneck-6', 'Conv2d-22', 'BatchNorm2d-22', 'ReLU-20', 'Conv2d-23', 'BatchNorm2d-23', 'ReLU-21', 'Conv2d-24', 'BatchNorm2d-24', 'ReLU-22', 'Bottleneck-7', 'Conv2d-25', 'BatchNorm2d-25', 'ReLU-23', 'Conv2d-26', 'BatchNorm2d-26', 'ReLU-24', 'Conv2d-27', 'BatchNorm2d-27', 'Conv2d-28', 'BatchNorm2d-28', 'ReLU-25', 'Bottleneck-8', 'Conv2d-29', 'BatchNorm2d-29', 'ReLU-26', 'Conv2d-30', 'BatchNorm2d-30', 'ReLU-27', 'Conv2d-31', 'BatchNorm2d-31', 'ReLU-28', 'Bottleneck-9', 'Conv2d-32', 'BatchNorm2d-32', 'ReLU-29', 'Conv2d-33', 'BatchNorm2d-33', 'ReLU-30', 'Conv2d-34', 'BatchNorm2d-34', 'ReLU-31', 'Bottleneck-10', 'Conv2d-35', 'BatchNorm2d-35', 'ReLU-32', 'Conv2d-36', 'BatchNorm2d-36', 'ReLU-33', 'Conv2d-37', 'BatchNorm2d-37', 'ReLU-34', 'Bottleneck-11', 'Conv2d-38', 'BatchNorm2d-38', 'ReLU-35', 'Conv2d-39', 'BatchNorm2d-39', 'ReLU-36', 'Conv2d-40', 'BatchNorm2d-40', 'ReLU-37', 'Bottleneck-12', 'Conv2d-41', 'BatchNorm2d-41', 'ReLU-38', 'Conv2d-42', 'BatchNorm2d-42', 'ReLU-39', 'Conv2d-43', 'BatchNorm2d-43', 'ReLU-40', 'Bottleneck-13', 'Conv2d-44', 'BatchNorm2d-44', 'ReLU-41', 'Conv2d-45', 'BatchNorm2d-45', 'ReLU-42', 'Conv2d-46', 'BatchNorm2d-46', 'Conv2d-47', 'BatchNorm2d-47', 'ReLU-43', 'Bottleneck-14', 'Conv2d-48', 'BatchNorm2d-48', 'ReLU-44', 'Conv2d-49', 'BatchNorm2d-49', 'ReLU-45', 'Conv2d-50', 'BatchNorm2d-50', 'ReLU-46', 'Bottleneck-15', 'Conv2d-51', 'BatchNorm2d-51', 'ReLU-47', 'Conv2d-52', 'BatchNorm2d-52', 'ReLU-48', 'Conv2d-53', 'BatchNorm2d-53', 'ReLU-49', 'Bottleneck-16', 'AdaptiveAvgPool2d-1', 'Identity-1', 'ResNet-1']
Total number of layers: 175

==================================================
Processing layer: Conv2d-51 from model: ResNet50-SimCLR_selfsupervised

For model ResNet50-SimCLR_selfsupervised Layer Conv2d-51: Extracting features for 9000 images in batches of 28...
Feature extraction for model ResNet50-SimCLR_selfsupervised layer Conv2d-51 completed in 682.97 seconds.
Finding best ridge alphas for 90 target PCs using 25088 features and 9000 samples.
Using alphas: 10^1 to 10^20, 100 values spaced logarithmically.
[Pipeline] ........... (step 1 of 1) Processing ridgecv, total= 2.9min

Selected alpha and cross-validation score for each PC:
Finished finding best ridge alphas for each target PC.✅

PC   1: alpha = 44306.2, CV score = -1526.923480

PC   2: alpha = 18307.4, CV score = -528.217568

PC   3: alpha = 11768.1, CV score = -346.576182

PC   4: alpha = 11768.1, CV score = -202.246383

PC   5: alpha = 18307.4, CV score = -177.140603

PC   6: alpha = 28480.4, CV score = -163.674979

PC   7: alpha = 28480.4, CV score = -144.217122

PC   8: alpha = 68926.1, CV score = -148.243606

PC   9: alpha = 18307.4, CV score = -106.126269

PC  10: alpha = 18307.4, CV score = -88.099801

PC  11: alpha = 28480.4, CV score = -85.496265

PC  12: alpha = 11768.1, CV score = -59.518985

PC  13: alpha = 44306.2, CV score = -92.477663

PC  14: alpha = 28480.4, CV score = -78.227227

PC  15: alpha = 18307.4, CV score = -67.527937

PC  16: alpha = 44306.2, CV score = -73.581732

PC  17: alpha = 44306.2, CV score = -69.125908

PC  18: alpha = 44306.2, CV score = -72.897359

PC  19: alpha = 28480.4, CV score = -61.408721

PC  20: alpha = 44306.2, CV score = -63.639352

PC  21: alpha = 28480.4, CV score = -57.083755

PC  22: alpha = 44306.2, CV score = -57.041927

PC  23: alpha = 28480.4, CV score = -53.780596

PC  24: alpha = 44306.2, CV score = -54.337964

PC  25: alpha = 28480.4, CV score = -50.911604

PC  26: alpha = 44306.2, CV score = -51.654313

PC  27: alpha = 28480.4, CV score = -47.182502

PC  28: alpha = 68926.1, CV score = -47.599801

PC  29: alpha = 44306.2, CV score = -45.920715

PC  30: alpha = 44306.2, CV score = -40.902443

PC  31: alpha = 28480.4, CV score = -39.657762

PC  32: alpha = 28480.4, CV score = -38.074777

PC  33: alpha = 44306.2, CV score = -37.996493

PC  34: alpha = 44306.2, CV score = -38.580318

PC  35: alpha = 44306.2, CV score = -35.165237

PC  36: alpha = 44306.2, CV score = -34.413494

PC  37: alpha = 68926.1, CV score = -34.864330

PC  38: alpha = 28480.4, CV score = -31.412008

PC  39: alpha = 44306.2, CV score = -32.987406

PC  40: alpha = 44306.2, CV score = -30.716673

PC  41: alpha = 44306.2, CV score = -30.163349

PC  42: alpha = 28480.4, CV score = -28.288029

PC  43: alpha = 44306.2, CV score = -28.520775

PC  44: alpha = 68926.1, CV score = -28.707081

PC  45: alpha = 28480.4, CV score = -25.981318

PC  46: alpha = 68926.1, CV score = -28.071270

PC  47: alpha = 44306.2, CV score = -25.642071

PC  48: alpha = 18307.4, CV score = -22.882422

PC  49: alpha = 44306.2, CV score = -24.371373

PC  50: alpha = 44306.2, CV score = -24.099119

PC  51: alpha = 28480.4, CV score = -21.871693

PC  52: alpha = 68926.1, CV score = -23.514845

PC  53: alpha = 28480.4, CV score = -21.948478

PC  54: alpha = 44306.2, CV score = -22.310752

PC  55: alpha = 68926.1, CV score = -21.614535

PC  56: alpha = 28480.4, CV score = -20.274796

PC  57: alpha = 44306.2, CV score = -20.550030

PC  58: alpha = 28480.4, CV score = -19.743890

PC  59: alpha = 68926.1, CV score = -20.316604

PC  60: alpha = 44306.2, CV score = -19.415680

PC  61: alpha = 44306.2, CV score = -19.073887

PC  62: alpha = 28480.4, CV score = -18.042036

PC  63: alpha = 28480.4, CV score = -18.011750

PC  64: alpha = 44306.2, CV score = -17.822518

PC  65: alpha = 28480.4, CV score = -15.308416

PC  66: alpha = 28480.4, CV score = -17.178514

PC  67: alpha = 68926.1, CV score = -17.462384

PC  68: alpha = 68926.1, CV score = -17.434320

PC  69: alpha = 44306.2, CV score = -16.743992

PC  70: alpha = 44306.2, CV score = -16.167965

PC  71: alpha = 28480.4, CV score = -15.835267

PC  72: alpha = 44306.2, CV score = -15.602154

PC  73: alpha = 44306.2, CV score = -15.327086

PC  74: alpha = 44306.2, CV score = -15.240035

PC  75: alpha = 68926.1, CV score = -15.118397

PC  76: alpha = 28480.4, CV score = -14.247580

PC  77: alpha = 44306.2, CV score = -13.985224

PC  78: alpha = 68926.1, CV score = -14.370145

PC  79: alpha = 44306.2, CV score = -13.827008

PC  80: alpha = 44306.2, CV score = -13.717388

PC  81: alpha = 68926.1, CV score = -13.963986

PC  82: alpha = 44306.2, CV score = -13.353880

PC  83: alpha = 44306.2, CV score = -13.156649

PC  84: alpha = 68926.1, CV score = -12.925747

PC  85: alpha = 44306.2, CV score = -12.544908

PC  86: alpha = 68926.1, CV score = -12.665985

PC  87: alpha = 68926.1, CV score = -12.593531

PC  88: alpha = 44306.2, CV score = -12.065911

PC  89: alpha = 44306.2, CV score = -12.081731

PC  90: alpha = 44306.2, CV score = -11.979746

Mean cross-validation score across PCs: -66.019861

======================================================================================

Chosen model: ResNet50-DeepClusterV2-2x224_selfsupervised
Number of images: 73000
Image shape: (425, 425, 3), dtype: uint8
nsdID shape: (73000,), Shared1000 shape: (73000,)
Neural data shape: (10000, 8088)
Image IDs shape: (10000,)
Number of voxels: 8088
Number of projections for SRP: 7894

Loaded target with shape (10000, 8088).
Transformed data shape: (9000, 200)
Transformed data shape after truncion: (9000, 90)
Model options for ResNet50-DeepClusterV2-2x224_selfsupervised: {'model_name': 'ResNet50-DeepClusterV2-2x224', 'train_type': 'selfsupervised', 'train_data': 'imagenet', 'model_source': 'vissl', 'call': "get_vissl_model('ResNet50-DeepClusterV2-2x224')"}
Image transforms for ResNet50-DeepClusterV2-2x224_selfsupervised: Compose(
    Resize(size=(224, 224), interpolation=bilinear, max_size=None, antialias=True)
    ToTensor()
    Normalize(mean=[0.485, 0.456, 0.406], std=[0.229, 0.224, 0.225])
)
Loaded model: ResNet50-DeepClusterV2-2x224_selfsupervised
Ordered layers from model: ['Conv2d-1', 'BatchNorm2d-1', 'ReLU-1', 'MaxPool2d-1', 'Conv2d-2', 'BatchNorm2d-2', 'ReLU-2', 'Conv2d-3', 'BatchNorm2d-3', 'ReLU-3', 'Conv2d-4', 'BatchNorm2d-4', 'Conv2d-5', 'BatchNorm2d-5', 'ReLU-4', 'Bottleneck-1', 'Conv2d-6', 'BatchNorm2d-6', 'ReLU-5', 'Conv2d-7', 'BatchNorm2d-7', 'ReLU-6', 'Conv2d-8', 'BatchNorm2d-8', 'ReLU-7', 'Bottleneck-2', 'Conv2d-9', 'BatchNorm2d-9', 'ReLU-8', 'Conv2d-10', 'BatchNorm2d-10', 'ReLU-9', 'Conv2d-11', 'BatchNorm2d-11', 'ReLU-10', 'Bottleneck-3', 'Conv2d-12', 'BatchNorm2d-12', 'ReLU-11', 'Conv2d-13', 'BatchNorm2d-13', 'ReLU-12', 'Conv2d-14', 'BatchNorm2d-14', 'Conv2d-15', 'BatchNorm2d-15', 'ReLU-13', 'Bottleneck-4', 'Conv2d-16', 'BatchNorm2d-16', 'ReLU-14', 'Conv2d-17', 'BatchNorm2d-17', 'ReLU-15', 'Conv2d-18', 'BatchNorm2d-18', 'ReLU-16', 'Bottleneck-5', 'Conv2d-19', 'BatchNorm2d-19', 'ReLU-17', 'Conv2d-20', 'BatchNorm2d-20', 'ReLU-18', 'Conv2d-21', 'BatchNorm2d-21', 'ReLU-19', 'Bottleneck-6', 'Conv2d-22', 'BatchNorm2d-22', 'ReLU-20', 'Conv2d-23', 'BatchNorm2d-23', 'ReLU-21', 'Conv2d-24', 'BatchNorm2d-24', 'ReLU-22', 'Bottleneck-7', 'Conv2d-25', 'BatchNorm2d-25', 'ReLU-23', 'Conv2d-26', 'BatchNorm2d-26', 'ReLU-24', 'Conv2d-27', 'BatchNorm2d-27', 'Conv2d-28', 'BatchNorm2d-28', 'ReLU-25', 'Bottleneck-8', 'Conv2d-29', 'BatchNorm2d-29', 'ReLU-26', 'Conv2d-30', 'BatchNorm2d-30', 'ReLU-27', 'Conv2d-31', 'BatchNorm2d-31', 'ReLU-28', 'Bottleneck-9', 'Conv2d-32', 'BatchNorm2d-32', 'ReLU-29', 'Conv2d-33', 'BatchNorm2d-33', 'ReLU-30', 'Conv2d-34', 'BatchNorm2d-34', 'ReLU-31', 'Bottleneck-10', 'Conv2d-35', 'BatchNorm2d-35', 'ReLU-32', 'Conv2d-36', 'BatchNorm2d-36', 'ReLU-33', 'Conv2d-37', 'BatchNorm2d-37', 'ReLU-34', 'Bottleneck-11', 'Conv2d-38', 'BatchNorm2d-38', 'ReLU-35', 'Conv2d-39', 'BatchNorm2d-39', 'ReLU-36', 'Conv2d-40', 'BatchNorm2d-40', 'ReLU-37', 'Bottleneck-12', 'Conv2d-41', 'BatchNorm2d-41', 'ReLU-38', 'Conv2d-42', 'BatchNorm2d-42', 'ReLU-39', 'Conv2d-43', 'BatchNorm2d-43', 'ReLU-40', 'Bottleneck-13', 'Conv2d-44', 'BatchNorm2d-44', 'ReLU-41', 'Conv2d-45', 'BatchNorm2d-45', 'ReLU-42', 'Conv2d-46', 'BatchNorm2d-46', 'Conv2d-47', 'BatchNorm2d-47', 'ReLU-43', 'Bottleneck-14', 'Conv2d-48', 'BatchNorm2d-48', 'ReLU-44', 'Conv2d-49', 'BatchNorm2d-49', 'ReLU-45', 'Conv2d-50', 'BatchNorm2d-50', 'ReLU-46', 'Bottleneck-15', 'Conv2d-51', 'BatchNorm2d-51', 'ReLU-47', 'Conv2d-52', 'BatchNorm2d-52', 'ReLU-48', 'Conv2d-53', 'BatchNorm2d-53', 'ReLU-49', 'Bottleneck-16', 'AdaptiveAvgPool2d-1', 'Identity-1', 'ResNet-1']
Total number of layers: 175

==================================================
Processing layer: Conv2d-51 from model: ResNet50-DeepClusterV2-2x224_selfsupervised

For model ResNet50-DeepClusterV2-2x224_selfsupervised Layer Conv2d-51: Extracting features for 9000 images in batches of 28...
Feature extraction for model ResNet50-DeepClusterV2-2x224_selfsupervised layer Conv2d-51 completed in 685.12 seconds.
Finding best ridge alphas for 90 target PCs using 25088 features and 9000 samples.
Using alphas: 10^1 to 10^20, 100 values spaced logarithmically.
[Pipeline] ........... (step 1 of 1) Processing ridgecv, total= 2.9min

Selected alpha and cross-validation score for each PC:
Finished finding best ridge alphas for each target PC.✅

PC   1: alpha = 628029, CV score = -1552.546660

PC   2: alpha = 259502, CV score = -543.772391

PC   3: alpha = 259502, CV score = -357.359833

PC   4: alpha = 259502, CV score = -209.018923

PC   5: alpha = 259502, CV score = -180.017965

PC   6: alpha = 403702, CV score = -164.382220

PC   7: alpha = 403702, CV score = -145.020696

PC   8: alpha = 977010, CV score = -148.430565

PC   9: alpha = 403702, CV score = -106.665675

PC  10: alpha = 403702, CV score = -89.094474

PC  11: alpha = 403702, CV score = -86.119026

PC  12: alpha = 259502, CV score = -60.551066

PC  13: alpha = 977010, CV score = -93.307474

PC  14: alpha = 628029, CV score = -78.162718

PC  15: alpha = 403702, CV score = -68.068994

PC  16: alpha = 628029, CV score = -73.437113

PC  17: alpha = 628029, CV score = -69.174970

PC  18: alpha = 977010, CV score = -73.060174

PC  19: alpha = 628029, CV score = -61.758268

PC  20: alpha = 628029, CV score = -64.321939

PC  21: alpha = 628029, CV score = -57.402848

PC  22: alpha = 628029, CV score = -57.586804

PC  23: alpha = 403702, CV score = -54.159804

PC  24: alpha = 977010, CV score = -54.534590

PC  25: alpha = 403702, CV score = -51.329678

PC  26: alpha = 977010, CV score = -51.638159

PC  27: alpha = 628029, CV score = -47.226014

PC  28: alpha = 977010, CV score = -47.608912

PC  29: alpha = 977010, CV score = -46.008337

PC  30: alpha = 628029, CV score = -41.136911

PC  31: alpha = 403702, CV score = -40.198458

PC  32: alpha = 403702, CV score = -38.342758

PC  33: alpha = 628029, CV score = -38.272096

PC  34: alpha = 977010, CV score = -38.655613

PC  35: alpha = 628029, CV score = -35.209502

PC  36: alpha = 977010, CV score = -34.534449

PC  37: alpha = 977010, CV score = -34.825416

PC  38: alpha = 628029, CV score = -31.713598

PC  39: alpha = 628029, CV score = -33.116327

PC  40: alpha = 628029, CV score = -30.613182

PC  41: alpha = 977010, CV score = -30.286818

PC  42: alpha = 628029, CV score = -28.556798

PC  43: alpha = 628029, CV score = -28.533150

PC  44: alpha = 977010, CV score = -28.700349

PC  45: alpha = 628029, CV score = -26.120745

PC  46: alpha = 977010, CV score = -28.106968

PC  47: alpha = 628029, CV score = -25.666131

PC  48: alpha = 403702, CV score = -22.923079

PC  49: alpha = 628029, CV score = -24.481169

PC  50: alpha = 977010, CV score = -24.247128

PC  51: alpha = 628029, CV score = -22.139893

PC  52: alpha = 977010, CV score = -23.533100

PC  53: alpha = 628029, CV score = -22.109448

PC  54: alpha = 977010, CV score = -22.465663

PC  55: alpha = 977010, CV score = -21.632682

PC  56: alpha = 628029, CV score = -20.349882

PC  57: alpha = 628029, CV score = -20.459152

PC  58: alpha = 628029, CV score = -19.777665

PC  59: alpha = 1.51991e+06, CV score = -20.376468

PC  60: alpha = 977010, CV score = -19.454368

PC  61: alpha = 977010, CV score = -19.109760

PC  62: alpha = 628029, CV score = -18.147474

PC  63: alpha = 628029, CV score = -18.152155

PC  64: alpha = 628029, CV score = -17.835662

PC  65: alpha = 403702, CV score = -15.400319

PC  66: alpha = 628029, CV score = -17.359062

PC  67: alpha = 977010, CV score = -17.484800

PC  68: alpha = 1.51991e+06, CV score = -17.489110

PC  69: alpha = 977010, CV score = -16.866864

PC  70: alpha = 977010, CV score = -16.204918

PC  71: alpha = 628029, CV score = -15.927011

PC  72: alpha = 977010, CV score = -15.612775

PC  73: alpha = 977010, CV score = -15.372064

PC  74: alpha = 977010, CV score = -15.298449

PC  75: alpha = 1.51991e+06, CV score = -15.152591

PC  76: alpha = 628029, CV score = -14.288403

PC  77: alpha = 628029, CV score = -14.101088

PC  78: alpha = 977010, CV score = -14.387112

PC  79: alpha = 628029, CV score = -13.982633

PC  80: alpha = 977010, CV score = -13.799672

PC  81: alpha = 977010, CV score = -13.996086

PC  82: alpha = 977010, CV score = -13.430260

PC  83: alpha = 977010, CV score = -13.276507

PC  84: alpha = 977010, CV score = -12.932460

PC  85: alpha = 977010, CV score = -12.608985

PC  86: alpha = 977010, CV score = -12.751058

PC  87: alpha = 977010, CV score = -12.612762

PC  88: alpha = 977010, CV score = -12.120087

PC  89: alpha = 977010, CV score = -12.215108

PC  90: alpha = 977010, CV score = -12.021404

Mean cross-validation score across PCs: -66.869354

======================================================================================

Chosen model: ResNet50-SwAV-BS4096-2x224_selfsupervised
Number of images: 73000
Image shape: (425, 425, 3), dtype: uint8
nsdID shape: (73000,), Shared1000 shape: (73000,)
Neural data shape: (10000, 8088)
Image IDs shape: (10000,)
Number of voxels: 8088
Number of projections for SRP: 7894

Loaded target with shape (10000, 8088).
Transformed data shape: (9000, 200)
Transformed data shape after truncion: (9000, 90)
Model options for ResNet50-SwAV-BS4096-2x224_selfsupervised: {'model_name': 'ResNet50-SwAV-BS4096-2x224', 'train_type': 'selfsupervised', 'train_data': 'imagenet', 'model_source': 'vissl', 'call': "get_vissl_model('ResNet50-SwAV-BS4096-2x224')"}
Image transforms for ResNet50-SwAV-BS4096-2x224_selfsupervised: Compose(
    Resize(size=(224, 224), interpolation=bilinear, max_size=None, antialias=True)
    ToTensor()
    Normalize(mean=[0.485, 0.456, 0.406], std=[0.229, 0.224, 0.225])
)
Loaded model: ResNet50-SwAV-BS4096-2x224_selfsupervised
Ordered layers from model: ['Conv2d-1', 'BatchNorm2d-1', 'ReLU-1', 'MaxPool2d-1', 'Conv2d-2', 'BatchNorm2d-2', 'ReLU-2', 'Conv2d-3', 'BatchNorm2d-3', 'ReLU-3', 'Conv2d-4', 'BatchNorm2d-4', 'Conv2d-5', 'BatchNorm2d-5', 'ReLU-4', 'Bottleneck-1', 'Conv2d-6', 'BatchNorm2d-6', 'ReLU-5', 'Conv2d-7', 'BatchNorm2d-7', 'ReLU-6', 'Conv2d-8', 'BatchNorm2d-8', 'ReLU-7', 'Bottleneck-2', 'Conv2d-9', 'BatchNorm2d-9', 'ReLU-8', 'Conv2d-10', 'BatchNorm2d-10', 'ReLU-9', 'Conv2d-11', 'BatchNorm2d-11', 'ReLU-10', 'Bottleneck-3', 'Conv2d-12', 'BatchNorm2d-12', 'ReLU-11', 'Conv2d-13', 'BatchNorm2d-13', 'ReLU-12', 'Conv2d-14', 'BatchNorm2d-14', 'Conv2d-15', 'BatchNorm2d-15', 'ReLU-13', 'Bottleneck-4', 'Conv2d-16', 'BatchNorm2d-16', 'ReLU-14', 'Conv2d-17', 'BatchNorm2d-17', 'ReLU-15', 'Conv2d-18', 'BatchNorm2d-18', 'ReLU-16', 'Bottleneck-5', 'Conv2d-19', 'BatchNorm2d-19', 'ReLU-17', 'Conv2d-20', 'BatchNorm2d-20', 'ReLU-18', 'Conv2d-21', 'BatchNorm2d-21', 'ReLU-19', 'Bottleneck-6', 'Conv2d-22', 'BatchNorm2d-22', 'ReLU-20', 'Conv2d-23', 'BatchNorm2d-23', 'ReLU-21', 'Conv2d-24', 'BatchNorm2d-24', 'ReLU-22', 'Bottleneck-7', 'Conv2d-25', 'BatchNorm2d-25', 'ReLU-23', 'Conv2d-26', 'BatchNorm2d-26', 'ReLU-24', 'Conv2d-27', 'BatchNorm2d-27', 'Conv2d-28', 'BatchNorm2d-28', 'ReLU-25', 'Bottleneck-8', 'Conv2d-29', 'BatchNorm2d-29', 'ReLU-26', 'Conv2d-30', 'BatchNorm2d-30', 'ReLU-27', 'Conv2d-31', 'BatchNorm2d-31', 'ReLU-28', 'Bottleneck-9', 'Conv2d-32', 'BatchNorm2d-32', 'ReLU-29', 'Conv2d-33', 'BatchNorm2d-33', 'ReLU-30', 'Conv2d-34', 'BatchNorm2d-34', 'ReLU-31', 'Bottleneck-10', 'Conv2d-35', 'BatchNorm2d-35', 'ReLU-32', 'Conv2d-36', 'BatchNorm2d-36', 'ReLU-33', 'Conv2d-37', 'BatchNorm2d-37', 'ReLU-34', 'Bottleneck-11', 'Conv2d-38', 'BatchNorm2d-38', 'ReLU-35', 'Conv2d-39', 'BatchNorm2d-39', 'ReLU-36', 'Conv2d-40', 'BatchNorm2d-40', 'ReLU-37', 'Bottleneck-12', 'Conv2d-41', 'BatchNorm2d-41', 'ReLU-38', 'Conv2d-42', 'BatchNorm2d-42', 'ReLU-39', 'Conv2d-43', 'BatchNorm2d-43', 'ReLU-40', 'Bottleneck-13', 'Conv2d-44', 'BatchNorm2d-44', 'ReLU-41', 'Conv2d-45', 'BatchNorm2d-45', 'ReLU-42', 'Conv2d-46', 'BatchNorm2d-46', 'Conv2d-47', 'BatchNorm2d-47', 'ReLU-43', 'Bottleneck-14', 'Conv2d-48', 'BatchNorm2d-48', 'ReLU-44', 'Conv2d-49', 'BatchNorm2d-49', 'ReLU-45', 'Conv2d-50', 'BatchNorm2d-50', 'ReLU-46', 'Bottleneck-15', 'Conv2d-51', 'BatchNorm2d-51', 'ReLU-47', 'Conv2d-52', 'BatchNorm2d-52', 'ReLU-48', 'Conv2d-53', 'BatchNorm2d-53', 'ReLU-49', 'Bottleneck-16', 'AdaptiveAvgPool2d-1', 'Identity-1', 'ResNet-1']
Total number of layers: 175

==================================================
Processing layer: Conv2d-52 from model: ResNet50-SwAV-BS4096-2x224_selfsupervised

For model ResNet50-SwAV-BS4096-2x224_selfsupervised Layer Conv2d-52: Extracting features for 9000 images in batches of 28...
Feature extraction for model ResNet50-SwAV-BS4096-2x224_selfsupervised layer Conv2d-52 completed in 686.83 seconds.
Finding best ridge alphas for 90 target PCs using 25088 features and 9000 samples.
Using alphas: 10^1 to 10^20, 100 values spaced logarithmically.
[Pipeline] ........... (step 1 of 1) Processing ridgecv, total= 2.9min

Selected alpha and cross-validation score for each PC:
Finished finding best ridge alphas for each target PC.✅

PC   1: alpha = 977010, CV score = -1542.685073

PC   2: alpha = 403702, CV score = -529.293902

PC   3: alpha = 259502, CV score = -364.587214

PC   4: alpha = 259502, CV score = -210.899076

PC   5: alpha = 403702, CV score = -176.456235

PC   6: alpha = 628029, CV score = -163.567545

PC   7: alpha = 628029, CV score = -145.192053

PC   8: alpha = 1.51991e+06, CV score = -149.089285

PC   9: alpha = 628029, CV score = -107.248262

PC  10: alpha = 628029, CV score = -88.641272

PC  11: alpha = 977010, CV score = -86.723523

PC  12: alpha = 259502, CV score = -59.520541

PC  13: alpha = 1.51991e+06, CV score = -92.974467

PC  14: alpha = 628029, CV score = -78.519959

PC  15: alpha = 628029, CV score = -68.049146

PC  16: alpha = 977010, CV score = -73.758052

PC  17: alpha = 977010, CV score = -69.405109

PC  18: alpha = 2.36449e+06, CV score = -73.583436

PC  19: alpha = 628029, CV score = -62.054527

PC  20: alpha = 1.51991e+06, CV score = -64.564731

PC  21: alpha = 977010, CV score = -57.501579

PC  22: alpha = 977010, CV score = -57.770744

PC  23: alpha = 977010, CV score = -54.756120

PC  24: alpha = 1.51991e+06, CV score = -54.895101

PC  25: alpha = 628029, CV score = -51.878092

PC  26: alpha = 1.51991e+06, CV score = -51.608290

PC  27: alpha = 977010, CV score = -47.486988

PC  28: alpha = 2.36449e+06, CV score = -47.587071

PC  29: alpha = 1.51991e+06, CV score = -45.968061

PC  30: alpha = 977010, CV score = -41.265485

PC  31: alpha = 628029, CV score = -39.986974

PC  32: alpha = 628029, CV score = -38.261576

PC  33: alpha = 977010, CV score = -38.183318

PC  34: alpha = 1.51991e+06, CV score = -38.758506

PC  35: alpha = 977010, CV score = -34.994328

PC  36: alpha = 1.51991e+06, CV score = -34.527068

PC  37: alpha = 1.51991e+06, CV score = -34.894018

PC  38: alpha = 628029, CV score = -31.597788

PC  39: alpha = 977010, CV score = -33.175207

PC  40: alpha = 977010, CV score = -30.645650

PC  41: alpha = 977010, CV score = -30.405347

PC  42: alpha = 977010, CV score = -28.515334

PC  43: alpha = 1.51991e+06, CV score = -28.695400

PC  44: alpha = 2.36449e+06, CV score = -28.681834

PC  45: alpha = 977010, CV score = -26.270645

PC  46: alpha = 2.36449e+06, CV score = -28.102054

PC  47: alpha = 977010, CV score = -25.866762

PC  48: alpha = 403702, CV score = -23.312559

PC  49: alpha = 977010, CV score = -24.426165

PC  50: alpha = 1.51991e+06, CV score = -24.341134

PC  51: alpha = 628029, CV score = -22.021913

PC  52: alpha = 1.51991e+06, CV score = -23.492511

PC  53: alpha = 628029, CV score = -22.288322

PC  54: alpha = 1.51991e+06, CV score = -22.621115

PC  55: alpha = 1.51991e+06, CV score = -21.648260

PC  56: alpha = 977010, CV score = -20.359028

PC  57: alpha = 977010, CV score = -20.567363

PC  58: alpha = 977010, CV score = -19.782544

PC  59: alpha = 2.36449e+06, CV score = -20.421173

PC  60: alpha = 1.51991e+06, CV score = -19.539199

PC  61: alpha = 1.51991e+06, CV score = -19.223872

PC  62: alpha = 628029, CV score = -18.195328

PC  63: alpha = 977010, CV score = -18.199719

PC  64: alpha = 1.51991e+06, CV score = -17.929953

PC  65: alpha = 403702, CV score = -15.391361

PC  66: alpha = 977010, CV score = -17.355099

PC  67: alpha = 2.36449e+06, CV score = -17.572539

PC  68: alpha = 2.36449e+06, CV score = -17.486397

PC  69: alpha = 977010, CV score = -16.813632

PC  70: alpha = 1.51991e+06, CV score = -16.189178

PC  71: alpha = 977010, CV score = -15.895565

PC  72: alpha = 1.51991e+06, CV score = -15.608510

PC  73: alpha = 1.51991e+06, CV score = -15.442541

PC  74: alpha = 977010, CV score = -15.276525

PC  75: alpha = 1.51991e+06, CV score = -15.144712

PC  76: alpha = 628029, CV score = -14.243667

PC  77: alpha = 977010, CV score = -14.124525

PC  78: alpha = 1.51991e+06, CV score = -14.347613

PC  79: alpha = 977010, CV score = -13.883507

PC  80: alpha = 1.51991e+06, CV score = -13.810289

PC  81: alpha = 2.36449e+06, CV score = -13.978140

PC  82: alpha = 1.51991e+06, CV score = -13.476583

PC  83: alpha = 977010, CV score = -13.246155

PC  84: alpha = 1.51991e+06, CV score = -13.040786

PC  85: alpha = 977010, CV score = -12.623515

PC  86: alpha = 1.51991e+06, CV score = -12.765141

PC  87: alpha = 1.51991e+06, CV score = -12.548234

PC  88: alpha = 1.51991e+06, CV score = -12.115682

PC  89: alpha = 977010, CV score = -12.190063

PC  90: alpha = 1.51991e+06, CV score = -12.032024

Mean cross-validation score across PCs: -66.711832

======================================================================================

Chosen model: ResNet50-PIRL_selfsupervised
Number of images: 73000
Image shape: (425, 425, 3), dtype: uint8
nsdID shape: (73000,), Shared1000 shape: (73000,)
Neural data shape: (10000, 8088)
Image IDs shape: (10000,)
Number of voxels: 8088
Number of projections for SRP: 7894

Loaded target with shape (10000, 8088).
Transformed data shape: (9000, 200)
Transformed data shape after truncion: (9000, 90)
Model options for ResNet50-PIRL_selfsupervised: {'model_name': 'ResNet50-PIRL', 'train_type': 'selfsupervised', 'train_data': 'imagenet', 'model_source': 'vissl', 'call': "get_vissl_model('ResNet50-PIRL')"}
Image transforms for ResNet50-PIRL_selfsupervised: Compose(
    Resize(size=(224, 224), interpolation=bilinear, max_size=None, antialias=True)
    ToTensor()
    Normalize(mean=[0.485, 0.456, 0.406], std=[0.229, 0.224, 0.225])
)
Loaded model: ResNet50-PIRL_selfsupervised
Ordered layers from model: ['Conv2d-1', 'BatchNorm2d-1', 'ReLU-1', 'MaxPool2d-1', 'Conv2d-2', 'BatchNorm2d-2', 'ReLU-2', 'Conv2d-3', 'BatchNorm2d-3', 'ReLU-3', 'Conv2d-4', 'BatchNorm2d-4', 'Conv2d-5', 'BatchNorm2d-5', 'ReLU-4', 'Bottleneck-1', 'Conv2d-6', 'BatchNorm2d-6', 'ReLU-5', 'Conv2d-7', 'BatchNorm2d-7', 'ReLU-6', 'Conv2d-8', 'BatchNorm2d-8', 'ReLU-7', 'Bottleneck-2', 'Conv2d-9', 'BatchNorm2d-9', 'ReLU-8', 'Conv2d-10', 'BatchNorm2d-10', 'ReLU-9', 'Conv2d-11', 'BatchNorm2d-11', 'ReLU-10', 'Bottleneck-3', 'Conv2d-12', 'BatchNorm2d-12', 'ReLU-11', 'Conv2d-13', 'BatchNorm2d-13', 'ReLU-12', 'Conv2d-14', 'BatchNorm2d-14', 'Conv2d-15', 'BatchNorm2d-15', 'ReLU-13', 'Bottleneck-4', 'Conv2d-16', 'BatchNorm2d-16', 'ReLU-14', 'Conv2d-17', 'BatchNorm2d-17', 'ReLU-15', 'Conv2d-18', 'BatchNorm2d-18', 'ReLU-16', 'Bottleneck-5', 'Conv2d-19', 'BatchNorm2d-19', 'ReLU-17', 'Conv2d-20', 'BatchNorm2d-20', 'ReLU-18', 'Conv2d-21', 'BatchNorm2d-21', 'ReLU-19', 'Bottleneck-6', 'Conv2d-22', 'BatchNorm2d-22', 'ReLU-20', 'Conv2d-23', 'BatchNorm2d-23', 'ReLU-21', 'Conv2d-24', 'BatchNorm2d-24', 'ReLU-22', 'Bottleneck-7', 'Conv2d-25', 'BatchNorm2d-25', 'ReLU-23', 'Conv2d-26', 'BatchNorm2d-26', 'ReLU-24', 'Conv2d-27', 'BatchNorm2d-27', 'Conv2d-28', 'BatchNorm2d-28', 'ReLU-25', 'Bottleneck-8', 'Conv2d-29', 'BatchNorm2d-29', 'ReLU-26', 'Conv2d-30', 'BatchNorm2d-30', 'ReLU-27', 'Conv2d-31', 'BatchNorm2d-31', 'ReLU-28', 'Bottleneck-9', 'Conv2d-32', 'BatchNorm2d-32', 'ReLU-29', 'Conv2d-33', 'BatchNorm2d-33', 'ReLU-30', 'Conv2d-34', 'BatchNorm2d-34', 'ReLU-31', 'Bottleneck-10', 'Conv2d-35', 'BatchNorm2d-35', 'ReLU-32', 'Conv2d-36', 'BatchNorm2d-36', 'ReLU-33', 'Conv2d-37', 'BatchNorm2d-37', 'ReLU-34', 'Bottleneck-11', 'Conv2d-38', 'BatchNorm2d-38', 'ReLU-35', 'Conv2d-39', 'BatchNorm2d-39', 'ReLU-36', 'Conv2d-40', 'BatchNorm2d-40', 'ReLU-37', 'Bottleneck-12', 'Conv2d-41', 'BatchNorm2d-41', 'ReLU-38', 'Conv2d-42', 'BatchNorm2d-42', 'ReLU-39', 'Conv2d-43', 'BatchNorm2d-43', 'ReLU-40', 'Bottleneck-13', 'Conv2d-44', 'BatchNorm2d-44', 'ReLU-41', 'Conv2d-45', 'BatchNorm2d-45', 'ReLU-42', 'Conv2d-46', 'BatchNorm2d-46', 'Conv2d-47', 'BatchNorm2d-47', 'ReLU-43', 'Bottleneck-14', 'Conv2d-48', 'BatchNorm2d-48', 'ReLU-44', 'Conv2d-49', 'BatchNorm2d-49', 'ReLU-45', 'Conv2d-50', 'BatchNorm2d-50', 'ReLU-46', 'Bottleneck-15', 'Conv2d-51', 'BatchNorm2d-51', 'ReLU-47', 'Conv2d-52', 'BatchNorm2d-52', 'ReLU-48', 'Conv2d-53', 'BatchNorm2d-53', 'ReLU-49', 'Bottleneck-16', 'AdaptiveAvgPool2d-1', 'Identity-1', 'ResNet-1']
Total number of layers: 175

==================================================
Processing layer: Conv2d-52 from model: ResNet50-PIRL_selfsupervised

For model ResNet50-PIRL_selfsupervised Layer Conv2d-52: Extracting features for 9000 images in batches of 28...
Feature extraction for model ResNet50-PIRL_selfsupervised layer Conv2d-52 completed in 685.89 seconds.
Finding best ridge alphas for 90 target PCs using 25088 features and 9000 samples.
Using alphas: 10^1 to 10^20, 100 values spaced logarithmically.
[Pipeline] ........... (step 1 of 1) Processing ridgecv, total= 2.9min

Selected alpha and cross-validation score for each PC:
Finished finding best ridge alphas for each target PC.✅

PC   1: alpha = 1291.55, CV score = -1549.204109

PC   2: alpha = 343.047, CV score = -554.779783

PC   3: alpha = 343.047, CV score = -352.468459

PC   4: alpha = 343.047, CV score = -207.840747

PC   5: alpha = 533.67, CV score = -180.807123

PC   6: alpha = 533.67, CV score = -166.671894

PC   7: alpha = 533.67, CV score = -146.237201

PC   8: alpha = 2009.23, CV score = -148.790186

PC   9: alpha = 533.67, CV score = -107.914910

PC  10: alpha = 533.67, CV score = -89.014018

PC  11: alpha = 533.67, CV score = -85.955929

PC  12: alpha = 343.047, CV score = -61.361195

PC  13: alpha = 1291.55, CV score = -92.972551

PC  14: alpha = 830.218, CV score = -78.309531

PC  15: alpha = 533.67, CV score = -68.940667

PC  16: alpha = 1291.55, CV score = -73.917770

PC  17: alpha = 1291.55, CV score = -69.475957

PC  18: alpha = 2009.23, CV score = -73.086450

PC  19: alpha = 830.218, CV score = -61.933914

PC  20: alpha = 1291.55, CV score = -64.154481

PC  21: alpha = 830.218, CV score = -57.941664

PC  22: alpha = 1291.55, CV score = -57.548068

PC  23: alpha = 830.218, CV score = -54.559107

PC  24: alpha = 1291.55, CV score = -54.444439

PC  25: alpha = 830.218, CV score = -51.552317

PC  26: alpha = 2009.23, CV score = -51.868268

PC  27: alpha = 830.218, CV score = -47.376339

PC  28: alpha = 2009.23, CV score = -47.921476

PC  29: alpha = 1291.55, CV score = -45.942884

PC  30: alpha = 1291.55, CV score = -40.925052

PC  31: alpha = 830.218, CV score = -40.022690

PC  32: alpha = 830.218, CV score = -38.213984

PC  33: alpha = 830.218, CV score = -38.340317

PC  34: alpha = 1291.55, CV score = -38.587768

PC  35: alpha = 1291.55, CV score = -35.353350

PC  36: alpha = 1291.55, CV score = -34.610251

PC  37: alpha = 2009.23, CV score = -34.799061

PC  38: alpha = 830.218, CV score = -31.816662

PC  39: alpha = 1291.55, CV score = -33.148957

PC  40: alpha = 1291.55, CV score = -30.870070

PC  41: alpha = 1291.55, CV score = -30.316663

PC  42: alpha = 1291.55, CV score = -28.643663

PC  43: alpha = 1291.55, CV score = -28.763640

PC  44: alpha = 2009.23, CV score = -28.819624

PC  45: alpha = 830.218, CV score = -26.102588

PC  46: alpha = 2009.23, CV score = -28.124001

PC  47: alpha = 1291.55, CV score = -25.619016

PC  48: alpha = 533.67, CV score = -23.338695

PC  49: alpha = 1291.55, CV score = -24.508206

PC  50: alpha = 1291.55, CV score = -24.253541

PC  51: alpha = 830.218, CV score = -22.098987

PC  52: alpha = 2009.23, CV score = -23.603545

PC  53: alpha = 830.218, CV score = -22.113933

PC  54: alpha = 1291.55, CV score = -22.370069

PC  55: alpha = 2009.23, CV score = -21.682827

PC  56: alpha = 830.218, CV score = -20.435491

PC  57: alpha = 830.218, CV score = -20.540709

PC  58: alpha = 830.218, CV score = -20.021928

PC  59: alpha = 2009.23, CV score = -20.381186

PC  60: alpha = 1291.55, CV score = -19.469573

PC  61: alpha = 1291.55, CV score = -19.123137

PC  62: alpha = 830.218, CV score = -18.217814

PC  63: alpha = 830.218, CV score = -18.192048

PC  64: alpha = 1291.55, CV score = -17.934125

PC  65: alpha = 533.67, CV score = -15.345786

PC  66: alpha = 1291.55, CV score = -17.364420

PC  67: alpha = 3125.72, CV score = -17.548425

PC  68: alpha = 3125.72, CV score = -17.485437

PC  69: alpha = 1291.55, CV score = -16.841884

PC  70: alpha = 1291.55, CV score = -16.265915

PC  71: alpha = 830.218, CV score = -15.937202

PC  72: alpha = 2009.23, CV score = -15.693082

PC  73: alpha = 2009.23, CV score = -15.398759

PC  74: alpha = 1291.55, CV score = -15.216474

PC  75: alpha = 2009.23, CV score = -15.141076

PC  76: alpha = 830.218, CV score = -14.304886

PC  77: alpha = 830.218, CV score = -14.089316

PC  78: alpha = 2009.23, CV score = -14.354397

PC  79: alpha = 830.218, CV score = -13.956357

PC  80: alpha = 1291.55, CV score = -13.794240

PC  81: alpha = 2009.23, CV score = -14.054081

PC  82: alpha = 1291.55, CV score = -13.480839

PC  83: alpha = 1291.55, CV score = -13.188603

PC  84: alpha = 1291.55, CV score = -12.967710

PC  85: alpha = 830.218, CV score = -12.576057

PC  86: alpha = 2009.23, CV score = -12.738804

PC  87: alpha = 2009.23, CV score = -12.587237

PC  88: alpha = 2009.23, CV score = -12.171365

PC  89: alpha = 1291.55, CV score = -12.200534

PC  90: alpha = 1291.55, CV score = -12.044363

Mean cross-validation score across PCs: -67.012243

======================================================================================

Chosen model: ResNet50-ClusterFit-16K-RotNet_selfsupervised
Number of images: 73000
Image shape: (425, 425, 3), dtype: uint8
nsdID shape: (73000,), Shared1000 shape: (73000,)
Neural data shape: (10000, 8088)
Image IDs shape: (10000,)
Number of voxels: 8088
Number of projections for SRP: 7894

Loaded target with shape (10000, 8088).
Transformed data shape: (9000, 200)
Transformed data shape after truncion: (9000, 90)
Model options for ResNet50-ClusterFit-16K-RotNet_selfsupervised: {'model_name': 'ResNet50-ClusterFit-16K-RotNet', 'train_type': 'selfsupervised', 'train_data': 'imagenet', 'model_source': 'vissl', 'call': "get_vissl_model('ResNet50-ClusterFit-16K-RotNet')"}
Image transforms for ResNet50-ClusterFit-16K-RotNet_selfsupervised: Compose(
    Resize(size=(224, 224), interpolation=bilinear, max_size=None, antialias=True)
    ToTensor()
    Normalize(mean=[0.485, 0.456, 0.406], std=[0.229, 0.224, 0.225])
)
Loaded model: ResNet50-ClusterFit-16K-RotNet_selfsupervised
Ordered layers from model: ['Conv2d-1', 'BatchNorm2d-1', 'ReLU-1', 'MaxPool2d-1', 'Conv2d-2', 'BatchNorm2d-2', 'ReLU-2', 'Conv2d-3', 'BatchNorm2d-3', 'ReLU-3', 'Conv2d-4', 'BatchNorm2d-4', 'Conv2d-5', 'BatchNorm2d-5', 'ReLU-4', 'Bottleneck-1', 'Conv2d-6', 'BatchNorm2d-6', 'ReLU-5', 'Conv2d-7', 'BatchNorm2d-7', 'ReLU-6', 'Conv2d-8', 'BatchNorm2d-8', 'ReLU-7', 'Bottleneck-2', 'Conv2d-9', 'BatchNorm2d-9', 'ReLU-8', 'Conv2d-10', 'BatchNorm2d-10', 'ReLU-9', 'Conv2d-11', 'BatchNorm2d-11', 'ReLU-10', 'Bottleneck-3', 'Conv2d-12', 'BatchNorm2d-12', 'ReLU-11', 'Conv2d-13', 'BatchNorm2d-13', 'ReLU-12', 'Conv2d-14', 'BatchNorm2d-14', 'Conv2d-15', 'BatchNorm2d-15', 'ReLU-13', 'Bottleneck-4', 'Conv2d-16', 'BatchNorm2d-16', 'ReLU-14', 'Conv2d-17', 'BatchNorm2d-17', 'ReLU-15', 'Conv2d-18', 'BatchNorm2d-18', 'ReLU-16', 'Bottleneck-5', 'Conv2d-19', 'BatchNorm2d-19', 'ReLU-17', 'Conv2d-20', 'BatchNorm2d-20', 'ReLU-18', 'Conv2d-21', 'BatchNorm2d-21', 'ReLU-19', 'Bottleneck-6', 'Conv2d-22', 'BatchNorm2d-22', 'ReLU-20', 'Conv2d-23', 'BatchNorm2d-23', 'ReLU-21', 'Conv2d-24', 'BatchNorm2d-24', 'ReLU-22', 'Bottleneck-7', 'Conv2d-25', 'BatchNorm2d-25', 'ReLU-23', 'Conv2d-26', 'BatchNorm2d-26', 'ReLU-24', 'Conv2d-27', 'BatchNorm2d-27', 'Conv2d-28', 'BatchNorm2d-28', 'ReLU-25', 'Bottleneck-8', 'Conv2d-29', 'BatchNorm2d-29', 'ReLU-26', 'Conv2d-30', 'BatchNorm2d-30', 'ReLU-27', 'Conv2d-31', 'BatchNorm2d-31', 'ReLU-28', 'Bottleneck-9', 'Conv2d-32', 'BatchNorm2d-32', 'ReLU-29', 'Conv2d-33', 'BatchNorm2d-33', 'ReLU-30', 'Conv2d-34', 'BatchNorm2d-34', 'ReLU-31', 'Bottleneck-10', 'Conv2d-35', 'BatchNorm2d-35', 'ReLU-32', 'Conv2d-36', 'BatchNorm2d-36', 'ReLU-33', 'Conv2d-37', 'BatchNorm2d-37', 'ReLU-34', 'Bottleneck-11', 'Conv2d-38', 'BatchNorm2d-38', 'ReLU-35', 'Conv2d-39', 'BatchNorm2d-39', 'ReLU-36', 'Conv2d-40', 'BatchNorm2d-40', 'ReLU-37', 'Bottleneck-12', 'Conv2d-41', 'BatchNorm2d-41', 'ReLU-38', 'Conv2d-42', 'BatchNorm2d-42', 'ReLU-39', 'Conv2d-43', 'BatchNorm2d-43', 'ReLU-40', 'Bottleneck-13', 'Conv2d-44', 'BatchNorm2d-44', 'ReLU-41', 'Conv2d-45', 'BatchNorm2d-45', 'ReLU-42', 'Conv2d-46', 'BatchNorm2d-46', 'Conv2d-47', 'BatchNorm2d-47', 'ReLU-43', 'Bottleneck-14', 'Conv2d-48', 'BatchNorm2d-48', 'ReLU-44', 'Conv2d-49', 'BatchNorm2d-49', 'ReLU-45', 'Conv2d-50', 'BatchNorm2d-50', 'ReLU-46', 'Bottleneck-15', 'Conv2d-51', 'BatchNorm2d-51', 'ReLU-47', 'Conv2d-52', 'BatchNorm2d-52', 'ReLU-48', 'Conv2d-53', 'BatchNorm2d-53', 'ReLU-49', 'Bottleneck-16', 'AdaptiveAvgPool2d-1', 'Identity-1', 'ResNet-1']
Total number of layers: 175

==================================================
Processing layer: ReLU-46 from model: ResNet50-ClusterFit-16K-RotNet_selfsupervised

For model ResNet50-ClusterFit-16K-RotNet_selfsupervised Layer ReLU-46: Extracting features for 9000 images in batches of 28...
Feature extraction for model ResNet50-ClusterFit-16K-RotNet_selfsupervised layer ReLU-46 completed in 682.24 seconds.
Finding best ridge alphas for 90 target PCs using 100352 features and 9000 samples.
Using alphas: 10^1 to 10^20, 100 values spaced logarithmically.
[Pipeline] ........... (step 1 of 1) Processing ridgecv, total= 6.8min

Selected alpha and cross-validation score for each PC:
Finished finding best ridge alphas for each target PC.✅

PC   1: alpha = 5.72237e+06, CV score = -1551.837590

PC   2: alpha = 1.51991e+06, CV score = -600.427602

PC   3: alpha = 977010, CV score = -379.818662

PC   4: alpha = 1.51991e+06, CV score = -223.392195

PC   5: alpha = 2.36449e+06, CV score = -182.688088

PC   6: alpha = 3.67838e+06, CV score = -167.911025

PC   7: alpha = 2.36449e+06, CV score = -149.572579

PC   8: alpha = 8.90215e+06, CV score = -148.643000

PC   9: alpha = 2.36449e+06, CV score = -109.264145

PC  10: alpha = 2.36449e+06, CV score = -90.924754

PC  11: alpha = 3.67838e+06, CV score = -88.184687

PC  12: alpha = 1.51991e+06, CV score = -61.427678

PC  13: alpha = 5.72237e+06, CV score = -94.069187

PC  14: alpha = 3.67838e+06, CV score = -79.865733

PC  15: alpha = 2.36449e+06, CV score = -69.743189

PC  16: alpha = 3.67838e+06, CV score = -74.123386

PC  17: alpha = 3.67838e+06, CV score = -69.346393

PC  18: alpha = 5.72237e+06, CV score = -73.343883

PC  19: alpha = 3.67838e+06, CV score = -62.100263

PC  20: alpha = 5.72237e+06, CV score = -65.112528

PC  21: alpha = 3.67838e+06, CV score = -58.682334

PC  22: alpha = 5.72237e+06, CV score = -58.246909

PC  23: alpha = 5.72237e+06, CV score = -55.851425

PC  24: alpha = 5.72237e+06, CV score = -55.311482

PC  25: alpha = 3.67838e+06, CV score = -52.309058

PC  26: alpha = 5.72237e+06, CV score = -51.995732

PC  27: alpha = 5.72237e+06, CV score = -47.950968

PC  28: alpha = 8.90215e+06, CV score = -48.275228

PC  29: alpha = 5.72237e+06, CV score = -46.678656

PC  30: alpha = 5.72237e+06, CV score = -41.304647

PC  31: alpha = 3.67838e+06, CV score = -40.799913

PC  32: alpha = 3.67838e+06, CV score = -39.034292

PC  33: alpha = 3.67838e+06, CV score = -38.368995

PC  34: alpha = 8.90215e+06, CV score = -38.989906

PC  35: alpha = 3.67838e+06, CV score = -35.326143

PC  36: alpha = 8.90215e+06, CV score = -34.746271

PC  37: alpha = 8.90215e+06, CV score = -35.335743

PC  38: alpha = 3.67838e+06, CV score = -32.162441

PC  39: alpha = 3.67838e+06, CV score = -33.426000

PC  40: alpha = 5.72237e+06, CV score = -31.046545

PC  41: alpha = 5.72237e+06, CV score = -30.745122

PC  42: alpha = 3.67838e+06, CV score = -28.639736

PC  43: alpha = 5.72237e+06, CV score = -28.823160

PC  44: alpha = 8.90215e+06, CV score = -28.973776

PC  45: alpha = 3.67838e+06, CV score = -26.457265

PC  46: alpha = 8.90215e+06, CV score = -28.209056

PC  47: alpha = 5.72237e+06, CV score = -25.920133

PC  48: alpha = 1.51991e+06, CV score = -23.646145

PC  49: alpha = 5.72237e+06, CV score = -24.770428

PC  50: alpha = 5.72237e+06, CV score = -24.380604

PC  51: alpha = 3.67838e+06, CV score = -22.383721

PC  52: alpha = 8.90215e+06, CV score = -23.726941

PC  53: alpha = 3.67838e+06, CV score = -22.491665

PC  54: alpha = 5.72237e+06, CV score = -22.712972

PC  55: alpha = 5.72237e+06, CV score = -21.754330

PC  56: alpha = 3.67838e+06, CV score = -20.552596

PC  57: alpha = 3.67838e+06, CV score = -20.674761

PC  58: alpha = 5.72237e+06, CV score = -20.176142

PC  59: alpha = 8.90215e+06, CV score = -20.418315

PC  60: alpha = 5.72237e+06, CV score = -19.596513

PC  61: alpha = 5.72237e+06, CV score = -19.368909

PC  62: alpha = 5.72237e+06, CV score = -18.470746

PC  63: alpha = 5.72237e+06, CV score = -18.356204

PC  64: alpha = 5.72237e+06, CV score = -18.038293

PC  65: alpha = 2.36449e+06, CV score = -15.595318

PC  66: alpha = 5.72237e+06, CV score = -17.505590

PC  67: alpha = 8.90215e+06, CV score = -17.591140

PC  68: alpha = 8.90215e+06, CV score = -17.527870

PC  69: alpha = 5.72237e+06, CV score = -16.965657

PC  70: alpha = 5.72237e+06, CV score = -16.204159

PC  71: alpha = 5.72237e+06, CV score = -16.029597

PC  72: alpha = 5.72237e+06, CV score = -15.659483

PC  73: alpha = 8.90215e+06, CV score = -15.508597

PC  74: alpha = 5.72237e+06, CV score = -15.369631

PC  75: alpha = 8.90215e+06, CV score = -15.315508

PC  76: alpha = 5.72237e+06, CV score = -14.417205

PC  77: alpha = 3.67838e+06, CV score = -14.227769

PC  78: alpha = 8.90215e+06, CV score = -14.437321

PC  79: alpha = 5.72237e+06, CV score = -14.200479

PC  80: alpha = 5.72237e+06, CV score = -13.838784

PC  81: alpha = 8.90215e+06, CV score = -13.967157

PC  82: alpha = 5.72237e+06, CV score = -13.498049

PC  83: alpha = 5.72237e+06, CV score = -13.365618

PC  84: alpha = 5.72237e+06, CV score = -13.034787

PC  85: alpha = 5.72237e+06, CV score = -12.775028

PC  86: alpha = 8.90215e+06, CV score = -12.767336

PC  87: alpha = 8.90215e+06, CV score = -12.744723

PC  88: alpha = 5.72237e+06, CV score = -12.192562

PC  89: alpha = 5.72237e+06, CV score = -12.333834

PC  90: alpha = 5.72237e+06, CV score = -12.189343

Mean cross-validation score across PCs: -68.402104

======================================================================================

Chosen model: ResNet50-MoCoV2-BS256_selfsupervised
Number of images: 73000
Image shape: (425, 425, 3), dtype: uint8
nsdID shape: (73000,), Shared1000 shape: (73000,)
Neural data shape: (10000, 8088)
Image IDs shape: (10000,)
Number of voxels: 8088
Number of projections for SRP: 7894

Loaded target with shape (10000, 8088).
Transformed data shape: (9000, 200)
Transformed data shape after truncion: (9000, 90)
Model options for ResNet50-MoCoV2-BS256_selfsupervised: {'model_name': 'ResNet50-MoCoV2-BS256', 'train_type': 'selfsupervised', 'train_data': 'imagenet', 'model_source': 'vissl', 'call': "get_vissl_model('ResNet50-MoCoV2-BS256')"}
Image transforms for ResNet50-MoCoV2-BS256_selfsupervised: Compose(
    Resize(size=(224, 224), interpolation=bilinear, max_size=None, antialias=True)
    ToTensor()
    Normalize(mean=[0.485, 0.456, 0.406], std=[0.229, 0.224, 0.225])
)
Loaded model: ResNet50-MoCoV2-BS256_selfsupervised
Ordered layers from model: ['Conv2d-1', 'BatchNorm2d-1', 'ReLU-1', 'MaxPool2d-1', 'Conv2d-2', 'BatchNorm2d-2', 'ReLU-2', 'Conv2d-3', 'BatchNorm2d-3', 'ReLU-3', 'Conv2d-4', 'BatchNorm2d-4', 'Conv2d-5', 'BatchNorm2d-5', 'ReLU-4', 'Bottleneck-1', 'Conv2d-6', 'BatchNorm2d-6', 'ReLU-5', 'Conv2d-7', 'BatchNorm2d-7', 'ReLU-6', 'Conv2d-8', 'BatchNorm2d-8', 'ReLU-7', 'Bottleneck-2', 'Conv2d-9', 'BatchNorm2d-9', 'ReLU-8', 'Conv2d-10', 'BatchNorm2d-10', 'ReLU-9', 'Conv2d-11', 'BatchNorm2d-11', 'ReLU-10', 'Bottleneck-3', 'Conv2d-12', 'BatchNorm2d-12', 'ReLU-11', 'Conv2d-13', 'BatchNorm2d-13', 'ReLU-12', 'Conv2d-14', 'BatchNorm2d-14', 'Conv2d-15', 'BatchNorm2d-15', 'ReLU-13', 'Bottleneck-4', 'Conv2d-16', 'BatchNorm2d-16', 'ReLU-14', 'Conv2d-17', 'BatchNorm2d-17', 'ReLU-15', 'Conv2d-18', 'BatchNorm2d-18', 'ReLU-16', 'Bottleneck-5', 'Conv2d-19', 'BatchNorm2d-19', 'ReLU-17', 'Conv2d-20', 'BatchNorm2d-20', 'ReLU-18', 'Conv2d-21', 'BatchNorm2d-21', 'ReLU-19', 'Bottleneck-6', 'Conv2d-22', 'BatchNorm2d-22', 'ReLU-20', 'Conv2d-23', 'BatchNorm2d-23', 'ReLU-21', 'Conv2d-24', 'BatchNorm2d-24', 'ReLU-22', 'Bottleneck-7', 'Conv2d-25', 'BatchNorm2d-25', 'ReLU-23', 'Conv2d-26', 'BatchNorm2d-26', 'ReLU-24', 'Conv2d-27', 'BatchNorm2d-27', 'Conv2d-28', 'BatchNorm2d-28', 'ReLU-25', 'Bottleneck-8', 'Conv2d-29', 'BatchNorm2d-29', 'ReLU-26', 'Conv2d-30', 'BatchNorm2d-30', 'ReLU-27', 'Conv2d-31', 'BatchNorm2d-31', 'ReLU-28', 'Bottleneck-9', 'Conv2d-32', 'BatchNorm2d-32', 'ReLU-29', 'Conv2d-33', 'BatchNorm2d-33', 'ReLU-30', 'Conv2d-34', 'BatchNorm2d-34', 'ReLU-31', 'Bottleneck-10', 'Conv2d-35', 'BatchNorm2d-35', 'ReLU-32', 'Conv2d-36', 'BatchNorm2d-36', 'ReLU-33', 'Conv2d-37', 'BatchNorm2d-37', 'ReLU-34', 'Bottleneck-11', 'Conv2d-38', 'BatchNorm2d-38', 'ReLU-35', 'Conv2d-39', 'BatchNorm2d-39', 'ReLU-36', 'Conv2d-40', 'BatchNorm2d-40', 'ReLU-37', 'Bottleneck-12', 'Conv2d-41', 'BatchNorm2d-41', 'ReLU-38', 'Conv2d-42', 'BatchNorm2d-42', 'ReLU-39', 'Conv2d-43', 'BatchNorm2d-43', 'ReLU-40', 'Bottleneck-13', 'Conv2d-44', 'BatchNorm2d-44', 'ReLU-41', 'Conv2d-45', 'BatchNorm2d-45', 'ReLU-42', 'Conv2d-46', 'BatchNorm2d-46', 'Conv2d-47', 'BatchNorm2d-47', 'ReLU-43', 'Bottleneck-14', 'Conv2d-48', 'BatchNorm2d-48', 'ReLU-44', 'Conv2d-49', 'BatchNorm2d-49', 'ReLU-45', 'Conv2d-50', 'BatchNorm2d-50', 'ReLU-46', 'Bottleneck-15', 'Conv2d-51', 'BatchNorm2d-51', 'ReLU-47', 'Conv2d-52', 'BatchNorm2d-52', 'ReLU-48', 'Conv2d-53', 'BatchNorm2d-53', 'ReLU-49', 'Bottleneck-16', 'AdaptiveAvgPool2d-1', 'Identity-1', 'ResNet-1']
Total number of layers: 175

==================================================
Processing layer: Conv2d-49 from model: ResNet50-MoCoV2-BS256_selfsupervised

For model ResNet50-MoCoV2-BS256_selfsupervised Layer Conv2d-49: Extracting features for 9000 images in batches of 28...
Feature extraction for model ResNet50-MoCoV2-BS256_selfsupervised layer Conv2d-49 completed in 680.64 seconds.
Finding best ridge alphas for 90 target PCs using 25088 features and 9000 samples.
Using alphas: 10^1 to 10^20, 100 values spaced logarithmically.
[Pipeline] ........... (step 1 of 1) Processing ridgecv, total= 2.9min

Selected alpha and cross-validation score for each PC:
Finished finding best ridge alphas for each target PC.✅

PC   1: alpha = 91.1163, CV score = -1558.582338

PC   2: alpha = 24.2013, CV score = -578.161338

PC   3: alpha = 24.2013, CV score = -366.683259

PC   4: alpha = 24.2013, CV score = -215.233974

PC   5: alpha = 24.2013, CV score = -180.154142

PC   6: alpha = 37.6494, CV score = -166.444389

PC   7: alpha = 37.6494, CV score = -146.920466

PC   8: alpha = 141.747, CV score = -148.640986

PC   9: alpha = 58.5702, CV score = -108.919964

PC  10: alpha = 37.6494, CV score = -90.134631

PC  11: alpha = 37.6494, CV score = -87.542548

PC  12: alpha = 24.2013, CV score = -61.502512

PC  13: alpha = 91.1163, CV score = -93.313305

PC  14: alpha = 58.5702, CV score = -77.843659

PC  15: alpha = 37.6494, CV score = -68.209890

PC  16: alpha = 91.1163, CV score = -74.561545

PC  17: alpha = 58.5702, CV score = -68.752332

PC  18: alpha = 141.747, CV score = -73.280562

PC  19: alpha = 37.6494, CV score = -62.286877

PC  20: alpha = 91.1163, CV score = -64.550990

PC  21: alpha = 58.5702, CV score = -57.728755

PC  22: alpha = 91.1163, CV score = -57.828793

PC  23: alpha = 58.5702, CV score = -55.095719

PC  24: alpha = 91.1163, CV score = -54.577762

PC  25: alpha = 37.6494, CV score = -52.003099

PC  26: alpha = 141.747, CV score = -51.643174

PC  27: alpha = 91.1163, CV score = -47.610626

PC  28: alpha = 141.747, CV score = -47.814965

PC  29: alpha = 91.1163, CV score = -46.356051

PC  30: alpha = 91.1163, CV score = -41.214816

PC  31: alpha = 58.5702, CV score = -40.660217

PC  32: alpha = 58.5702, CV score = -38.545963

PC  33: alpha = 91.1163, CV score = -38.246328

PC  34: alpha = 91.1163, CV score = -38.662827

PC  35: alpha = 91.1163, CV score = -35.186910

PC  36: alpha = 91.1163, CV score = -34.736461

PC  37: alpha = 141.747, CV score = -34.981592

PC  38: alpha = 91.1163, CV score = -31.937580

PC  39: alpha = 91.1163, CV score = -33.122190

PC  40: alpha = 91.1163, CV score = -30.861710

PC  41: alpha = 91.1163, CV score = -30.467085

PC  42: alpha = 91.1163, CV score = -28.692179

PC  43: alpha = 91.1163, CV score = -28.881130

PC  44: alpha = 141.747, CV score = -28.753019

PC  45: alpha = 58.5702, CV score = -26.428868

PC  46: alpha = 220.513, CV score = -28.100113

PC  47: alpha = 91.1163, CV score = -25.684621

PC  48: alpha = 24.2013, CV score = -22.832489

PC  49: alpha = 58.5702, CV score = -24.443872

PC  50: alpha = 91.1163, CV score = -24.305919

PC  51: alpha = 58.5702, CV score = -22.180185

PC  52: alpha = 141.747, CV score = -23.630514

PC  53: alpha = 58.5702, CV score = -22.129437

PC  54: alpha = 91.1163, CV score = -22.433817

PC  55: alpha = 141.747, CV score = -21.735729

PC  56: alpha = 58.5702, CV score = -20.550375

PC  57: alpha = 58.5702, CV score = -20.630348

PC  58: alpha = 58.5702, CV score = -20.013582

PC  59: alpha = 220.513, CV score = -20.423338

PC  60: alpha = 91.1163, CV score = -19.535605

PC  61: alpha = 91.1163, CV score = -19.073977

PC  62: alpha = 91.1163, CV score = -18.317737

PC  63: alpha = 58.5702, CV score = -18.149450

PC  64: alpha = 91.1163, CV score = -17.876741

PC  65: alpha = 37.6494, CV score = -15.293571

PC  66: alpha = 91.1163, CV score = -17.491673

PC  67: alpha = 141.747, CV score = -17.465981

PC  68: alpha = 220.513, CV score = -17.444778

PC  69: alpha = 91.1163, CV score = -16.892302

PC  70: alpha = 141.747, CV score = -16.419089

PC  71: alpha = 58.5702, CV score = -16.048082

PC  72: alpha = 141.747, CV score = -15.720729

PC  73: alpha = 141.747, CV score = -15.363964

PC  74: alpha = 91.1163, CV score = -15.253712

PC  75: alpha = 141.747, CV score = -15.117727

PC  76: alpha = 58.5702, CV score = -14.194852

PC  77: alpha = 91.1163, CV score = -14.084624

PC  78: alpha = 141.747, CV score = -14.381693

PC  79: alpha = 91.1163, CV score = -14.178134

PC  80: alpha = 91.1163, CV score = -13.888013

PC  81: alpha = 141.747, CV score = -14.041755

PC  82: alpha = 141.747, CV score = -13.529968

PC  83: alpha = 91.1163, CV score = -13.289356

PC  84: alpha = 141.747, CV score = -12.885687

PC  85: alpha = 91.1163, CV score = -12.571940

PC  86: alpha = 141.747, CV score = -12.733796

PC  87: alpha = 141.747, CV score = -12.625644

PC  88: alpha = 91.1163, CV score = -12.119971

PC  89: alpha = 91.1163, CV score = -12.233735

PC  90: alpha = 141.747, CV score = -12.096673

Mean cross-validation score across PCs: -67.701920

======================================================================================
Changed model name: ViT-B_32_clip -> ViT-B/32_clip

Chosen model: ViT-B/32_clip
Number of images: 73000
Image shape: (425, 425, 3), dtype: uint8
nsdID shape: (73000,), Shared1000 shape: (73000,)
Neural data shape: (10000, 8088)
Image IDs shape: (10000,)
Number of voxels: 8088
Number of projections for SRP: 7894

Loaded target with shape (10000, 8088).
Transformed data shape: (9000, 200)
Transformed data shape after truncion: (9000, 90)
Model options for ViT-B/32_clip: {'model_name': 'ViT-B/32', 'train_type': 'clip', 'train_data': 'openai400M', 'model_source': 'clip', 'call': "get_clip_model('ViT-B/32')"}
Image transforms for ViT-B/32_clip: Compose(
    Resize(size=224, interpolation=bicubic, max_size=None, antialias=True)
    CenterCrop(size=(224, 224))
    <function _convert_image_to_rgb at 0x7f25b6822020>
    ToTensor()
    Normalize(mean=(0.48145466, 0.4578275, 0.40821073), std=(0.26862954, 0.26130258, 0.27577711))
)
Loaded model: ViT-B/32_clip
Ordered layers from model: ['Conv2d-1', 'LayerNorm-1', 'LayerNorm-2', 'MultiheadAttention-1-1', 'LayerNorm-3', 'Linear-1', 'QuickGELU-1', 'Linear-2', 'ResidualAttentionBlock-1', 'LayerNorm-4', 'MultiheadAttention-2-1', 'LayerNorm-5', 'Linear-3', 'QuickGELU-2', 'Linear-4', 'ResidualAttentionBlock-2', 'LayerNorm-6', 'MultiheadAttention-3-1', 'LayerNorm-7', 'Linear-5', 'QuickGELU-3', 'Linear-6', 'ResidualAttentionBlock-3', 'LayerNorm-8', 'MultiheadAttention-4-1', 'LayerNorm-9', 'Linear-7', 'QuickGELU-4', 'Linear-8', 'ResidualAttentionBlock-4', 'LayerNorm-10', 'MultiheadAttention-5-1', 'LayerNorm-11', 'Linear-9', 'QuickGELU-5', 'Linear-10', 'ResidualAttentionBlock-5', 'LayerNorm-12', 'MultiheadAttention-6-1', 'LayerNorm-13', 'Linear-11', 'QuickGELU-6', 'Linear-12', 'ResidualAttentionBlock-6', 'LayerNorm-14', 'MultiheadAttention-7-1', 'LayerNorm-15', 'Linear-13', 'QuickGELU-7', 'Linear-14', 'ResidualAttentionBlock-7', 'LayerNorm-16', 'MultiheadAttention-8-1', 'LayerNorm-17', 'Linear-15', 'QuickGELU-8', 'Linear-16', 'ResidualAttentionBlock-8', 'LayerNorm-18', 'MultiheadAttention-9-1', 'LayerNorm-19', 'Linear-17', 'QuickGELU-9', 'Linear-18', 'ResidualAttentionBlock-9', 'LayerNorm-20', 'MultiheadAttention-10-1', 'LayerNorm-21', 'Linear-19', 'QuickGELU-10', 'Linear-20', 'ResidualAttentionBlock-10', 'LayerNorm-22', 'MultiheadAttention-11-1', 'LayerNorm-23', 'Linear-21', 'QuickGELU-11', 'Linear-22', 'ResidualAttentionBlock-11', 'LayerNorm-24', 'MultiheadAttention-12-1', 'LayerNorm-25', 'Linear-23', 'QuickGELU-12', 'Linear-24', 'ResidualAttentionBlock-12', 'Transformer-1', 'LayerNorm-26', 'VisionTransformer-1']
Total number of layers: 89
No overall best layer found for model ViT-B/32_clip
