------------------------------------
Fri 17 Jul 2026 11:33:30 IDT
SLURM_JOBID:		19420045
SLURM_JOB_NODELIST:	ise-cpu256-04
SLURM_SCRATCH_DIR:	/scratch/ohadshee/19420045
Allocated Resouces:	cpu - 4 / mem - 131072 MB / gpu - 
SLURM_GPU_INDEX:	
Running as ohadshee from golan.neuro account with normal QOS
------------------------------------
Running on host: ise-cpu256-04.auth.ad.bgu.ac.il
Job ID: 19420045
CPUs per task: 4
Python path: /home/ohadshee/.conda/envs/pid_env/bin/python
Conda environment: pid_env
Project root directory: /home/ohadshee/Desktop/Partial-Information-Decomposition/external/mayas_project
Using device: cpu

Chosen model: nf_resnet50_classification
Number of images: 73000
Image shape: (425, 425, 3), dtype: uint8
nsdID shape: (73000,), Shared1000 shape: (73000,)
Neural data shape: (10000, 8088)
Image IDs shape: (10000,)
Number of voxels: 8088
Number of projections for SRP: 7894

Loaded target with shape (10000, 8088).
Transformed data shape: (9000, 200)
Transformed data shape after truncion: (9000, 50)
Model options for nf_resnet50_classification: {'model_name': 'nf_resnet50', 'train_type': 'classification', 'train_data': 'imagenet', 'model_source': 'timm', 'call': "get_timm_model('nf_resnet50', pretrained = True)"}
Image transforms for nf_resnet50_classification: Compose(
    Resize(size=(224, 224), interpolation=bicubic, max_size=None, antialias=True)
    MaybeToTensor()
    Normalize(mean=tensor([0.4850, 0.4560, 0.4060]), std=tensor([0.2290, 0.2240, 0.2250]))
)
Loaded model: nf_resnet50_classification
Ordered layers from model: ['ScaledStdConv2d-1', 'MaxPool2d-1', 'ReLU-1', 'Identity-1', 'ScaledStdConv2d-2', 'DownsampleAvg-1', 'ScaledStdConv2d-3', 'ReLU-2', 'ScaledStdConv2d-4', 'ReLU-3', 'ScaledStdConv2d-5', 'Identity-2', 'NormFreeBlock-1', 'ReLU-4', 'ScaledStdConv2d-6', 'ReLU-5', 'ScaledStdConv2d-7', 'ReLU-6', 'ScaledStdConv2d-8', 'Identity-3', 'NormFreeBlock-2', 'ReLU-7', 'ScaledStdConv2d-9', 'ReLU-8', 'ScaledStdConv2d-10', 'ReLU-9', 'ScaledStdConv2d-11', 'Identity-4', 'NormFreeBlock-3', 'ReLU-10', 'AvgPool2d-1', 'ScaledStdConv2d-12', 'DownsampleAvg-2', 'ScaledStdConv2d-13', 'ReLU-11', 'ScaledStdConv2d-14', 'ReLU-12', 'ScaledStdConv2d-15', 'Identity-5', 'NormFreeBlock-4', 'ReLU-13', 'ScaledStdConv2d-16', 'ReLU-14', 'ScaledStdConv2d-17', 'ReLU-15', 'ScaledStdConv2d-18', 'Identity-6', 'NormFreeBlock-5', 'ReLU-16', 'ScaledStdConv2d-19', 'ReLU-17', 'ScaledStdConv2d-20', 'ReLU-18', 'ScaledStdConv2d-21', 'Identity-7', 'NormFreeBlock-6', 'ReLU-19', 'ScaledStdConv2d-22', 'ReLU-20', 'ScaledStdConv2d-23', 'ReLU-21', 'ScaledStdConv2d-24', 'Identity-8', 'NormFreeBlock-7', 'ReLU-22', 'AvgPool2d-2', 'ScaledStdConv2d-25', 'DownsampleAvg-3', 'ScaledStdConv2d-26', 'ReLU-23', 'ScaledStdConv2d-27', 'ReLU-24', 'ScaledStdConv2d-28', 'Identity-9', 'NormFreeBlock-8', 'ReLU-25', 'ScaledStdConv2d-29', 'ReLU-26', 'ScaledStdConv2d-30', 'ReLU-27', 'ScaledStdConv2d-31', 'Identity-10', 'NormFreeBlock-9', 'ReLU-28', 'ScaledStdConv2d-32', 'ReLU-29', 'ScaledStdConv2d-33', 'ReLU-30', 'ScaledStdConv2d-34', 'Identity-11', 'NormFreeBlock-10', 'ReLU-31', 'ScaledStdConv2d-35', 'ReLU-32', 'ScaledStdConv2d-36', 'ReLU-33', 'ScaledStdConv2d-37', 'Identity-12', 'NormFreeBlock-11', 'ReLU-34', 'ScaledStdConv2d-38', 'ReLU-35', 'ScaledStdConv2d-39', 'ReLU-36', 'ScaledStdConv2d-40', 'Identity-13', 'NormFreeBlock-12', 'ReLU-37', 'ScaledStdConv2d-41', 'ReLU-38', 'ScaledStdConv2d-42', 'ReLU-39', 'ScaledStdConv2d-43', 'Identity-14', 'NormFreeBlock-13', 'ReLU-40', 'AvgPool2d-3', 'ScaledStdConv2d-44', 'DownsampleAvg-4', 'ScaledStdConv2d-45', 'ReLU-41', 'ScaledStdConv2d-46', 'ReLU-42', 'ScaledStdConv2d-47', 'Identity-15', 'NormFreeBlock-14', 'ReLU-43', 'ScaledStdConv2d-48', 'ReLU-44', 'ScaledStdConv2d-49', 'ReLU-45', 'ScaledStdConv2d-50', 'Identity-16', 'NormFreeBlock-15', 'ReLU-46', 'ScaledStdConv2d-51', 'ReLU-47', 'ScaledStdConv2d-52', 'ReLU-48', 'ScaledStdConv2d-53', 'Identity-17', 'NormFreeBlock-16', 'Identity-18', 'ReLU-49', 'AdaptiveAvgPool2d-1', 'Flatten-1', 'SelectAdaptivePool2d-1', 'Dropout-1', 'Linear-1', 'Identity-19', 'ClassifierHead-1', 'NormFreeNet-1']
Total number of layers: 152

==================================================
Processing layer: NormFreeBlock-16 from model: nf_resnet50_classification

For model nf_resnet50_classification Layer NormFreeBlock-16: Extracting features for 9000 images in batches of 28...
Feature extraction for model nf_resnet50_classification layer NormFreeBlock-16 completed in 744.69 seconds.
Finding best ridge alphas for 50 target PCs using 100352 features and 9000 samples.
Using alphas: 10^4 to 10^20, 50 values spaced logarithmically.
[Pipeline] ........... (step 1 of 1) Processing ridgecv, total= 4.0min

Selected alpha and cross-validation score for each PC:
Finished finding best ridge alphas for each target PC.✅

PC   1: alpha = 8.28643e+07, CV score = -1553.527676

PC   2: alpha = 1.84207e+07, CV score = -511.397731

PC   3: alpha = 1.84207e+07, CV score = -353.690254

PC   4: alpha = 1.84207e+07, CV score = -209.121232

PC   5: alpha = 1.84207e+07, CV score = -175.027667

PC   6: alpha = 3.90694e+07, CV score = -163.242397

PC   7: alpha = 3.90694e+07, CV score = -144.435612

PC   8: alpha = 8.28643e+07, CV score = -148.550825

PC   9: alpha = 3.90694e+07, CV score = -106.475635

PC  10: alpha = 1.84207e+07, CV score = -88.244112

PC  11: alpha = 3.90694e+07, CV score = -86.091054

PC  12: alpha = 1.84207e+07, CV score = -58.520964

PC  13: alpha = 8.28643e+07, CV score = -93.342437

PC  14: alpha = 3.90694e+07, CV score = -78.305775

PC  15: alpha = 3.90694e+07, CV score = -68.056873

PC  16: alpha = 3.90694e+07, CV score = -73.984366

PC  17: alpha = 3.90694e+07, CV score = -69.298760

PC  18: alpha = 8.28643e+07, CV score = -73.422851

PC  19: alpha = 3.90694e+07, CV score = -62.110197

PC  20: alpha = 8.28643e+07, CV score = -64.057571

PC  21: alpha = 8.28643e+07, CV score = -57.467998

PC  22: alpha = 8.28643e+07, CV score = -57.603939

PC  23: alpha = 3.90694e+07, CV score = -54.193252

PC  24: alpha = 8.28643e+07, CV score = -54.800032

PC  25: alpha = 3.90694e+07, CV score = -51.470442

PC  26: alpha = 8.28643e+07, CV score = -51.776128

PC  27: alpha = 3.90694e+07, CV score = -47.235576

PC  28: alpha = 1.75751e+08, CV score = -47.682300

PC  29: alpha = 8.28643e+07, CV score = -45.953100

PC  30: alpha = 8.28643e+07, CV score = -41.211295

PC  31: alpha = 3.90694e+07, CV score = -39.708667

PC  32: alpha = 3.90694e+07, CV score = -38.168984

PC  33: alpha = 8.28643e+07, CV score = -38.309924

PC  34: alpha = 8.28643e+07, CV score = -38.538338

PC  35: alpha = 3.90694e+07, CV score = -34.875853

PC  36: alpha = 8.28643e+07, CV score = -34.250110

PC  37: alpha = 8.28643e+07, CV score = -34.993865

PC  38: alpha = 3.90694e+07, CV score = -31.677858

PC  39: alpha = 8.28643e+07, CV score = -33.174252

PC  40: alpha = 8.28643e+07, CV score = -30.707709

PC  41: alpha = 8.28643e+07, CV score = -30.511096

PC  42: alpha = 8.28643e+07, CV score = -28.578361

PC  43: alpha = 8.28643e+07, CV score = -28.475725

PC  44: alpha = 8.28643e+07, CV score = -28.642136

PC  45: alpha = 3.90694e+07, CV score = -26.082276

PC  46: alpha = 8.28643e+07, CV score = -28.075850

PC  47: alpha = 8.28643e+07, CV score = -25.641152

PC  48: alpha = 1.84207e+07, CV score = -23.014874

PC  49: alpha = 8.28643e+07, CV score = -24.644860

PC  50: alpha = 8.28643e+07, CV score = -24.140385

Mean cross-validation score across PCs: -106.250207

======================================================================================

Chosen model: hardcorenas_f_classification
Number of images: 73000
Image shape: (425, 425, 3), dtype: uint8
nsdID shape: (73000,), Shared1000 shape: (73000,)
Neural data shape: (10000, 8088)
Image IDs shape: (10000,)
Number of voxels: 8088
Number of projections for SRP: 7894

Loaded target with shape (10000, 8088).
Transformed data shape: (9000, 200)
Transformed data shape after truncion: (9000, 50)
Model options for hardcorenas_f_classification: {'model_name': 'hardcorenas_f', 'train_type': 'classification', 'train_data': 'imagenet', 'model_source': 'timm', 'call': "get_timm_model('hardcorenas_f', pretrained = True)"}
Image transforms for hardcorenas_f_classification: Compose(
    Resize(size=(224, 224), interpolation=bicubic, max_size=None, antialias=True)
    MaybeToTensor()
    Normalize(mean=tensor([0.4850, 0.4560, 0.4060]), std=tensor([0.2290, 0.2240, 0.2250]))
)
Loaded model: hardcorenas_f_classification
Ordered layers from model: ['Conv2d-1', 'Identity-1', 'Hardswish-1', 'BatchNormAct2d-1', 'Conv2d-2', 'Identity-2', 'ReLU-1', 'BatchNormAct2d-2', 'Identity-3', 'Identity-4', 'Conv2d-3', 'Identity-5', 'Identity-6', 'BatchNormAct2d-3', 'DepthwiseSeparableConv-1', 'Conv2d-4', 'Identity-7', 'ReLU-2', 'BatchNormAct2d-4', 'Conv2d-5', 'Identity-8', 'ReLU-3', 'BatchNormAct2d-5', 'Identity-9', 'Conv2d-6', 'ReLU-4', 'Conv2d-7', 'Hardsigmoid-1', 'SqueezeExcite-1', 'Conv2d-8', 'Identity-10', 'Identity-11', 'BatchNormAct2d-6', 'InvertedResidual-1', 'Conv2d-9', 'Identity-12', 'ReLU-5', 'BatchNormAct2d-7', 'Conv2d-10', 'Identity-13', 'ReLU-6', 'BatchNormAct2d-8', 'Identity-14', 'Conv2d-11', 'ReLU-7', 'Conv2d-12', 'Hardsigmoid-2', 'SqueezeExcite-2', 'Conv2d-13', 'Identity-15', 'Identity-16', 'BatchNormAct2d-9', 'Identity-17', 'InvertedResidual-2', 'Conv2d-14', 'Identity-18', 'ReLU-8', 'BatchNormAct2d-10', 'Conv2d-15', 'Identity-19', 'ReLU-9', 'BatchNormAct2d-11', 'Identity-20', 'Conv2d-16', 'ReLU-10', 'Conv2d-17', 'Hardsigmoid-3', 'SqueezeExcite-3', 'Conv2d-18', 'Identity-21', 'Identity-22', 'BatchNormAct2d-12', 'InvertedResidual-3', 'Conv2d-19', 'Identity-23', 'ReLU-11', 'BatchNormAct2d-13', 'Conv2d-20', 'Identity-24', 'ReLU-12', 'BatchNormAct2d-14', 'Identity-25', 'Conv2d-21', 'ReLU-13', 'Conv2d-22', 'Hardsigmoid-4', 'SqueezeExcite-4', 'Conv2d-23', 'Identity-26', 'Identity-27', 'BatchNormAct2d-15', 'Identity-28', 'InvertedResidual-4', 'Conv2d-24', 'Identity-29', 'Hardswish-2', 'BatchNormAct2d-16', 'Conv2d-25', 'Identity-30', 'Hardswish-3', 'BatchNormAct2d-17', 'Identity-31', 'Conv2d-26', 'ReLU-14', 'Conv2d-27', 'Hardsigmoid-5', 'SqueezeExcite-5', 'Conv2d-28', 'Identity-32', 'Identity-33', 'BatchNormAct2d-18', 'InvertedResidual-5', 'Conv2d-29', 'Identity-34', 'Hardswish-4', 'BatchNormAct2d-19', 'Conv2d-30', 'Identity-35', 'Hardswish-5', 'BatchNormAct2d-20', 'Identity-36', 'Conv2d-31', 'ReLU-15', 'Conv2d-32', 'Hardsigmoid-6', 'SqueezeExcite-6', 'Conv2d-33', 'Identity-37', 'Identity-38', 'BatchNormAct2d-21', 'Identity-39', 'InvertedResidual-6', 'Conv2d-34', 'Identity-40', 'Hardswish-6', 'BatchNormAct2d-22', 'Conv2d-35', 'Identity-41', 'Hardswish-7', 'BatchNormAct2d-23', 'Identity-42', 'Conv2d-36', 'ReLU-16', 'Conv2d-37', 'Hardsigmoid-7', 'SqueezeExcite-7', 'Conv2d-38', 'Identity-43', 'Identity-44', 'BatchNormAct2d-24', 'Identity-45', 'InvertedResidual-7', 'Conv2d-39', 'Identity-46', 'Hardswish-8', 'BatchNormAct2d-25', 'Conv2d-40', 'Identity-47', 'Hardswish-9', 'BatchNormAct2d-26', 'Identity-48', 'Conv2d-41', 'ReLU-17', 'Conv2d-42', 'Hardsigmoid-8', 'SqueezeExcite-8', 'Conv2d-43', 'Identity-49', 'Identity-50', 'BatchNormAct2d-27', 'Identity-51', 'InvertedResidual-8', 'Conv2d-44', 'Identity-52', 'Hardswish-10', 'BatchNormAct2d-28', 'Conv2d-45', 'Identity-53', 'Hardswish-11', 'BatchNormAct2d-29', 'Identity-54', 'Conv2d-46', 'ReLU-18', 'Conv2d-47', 'Hardsigmoid-9', 'SqueezeExcite-9', 'Conv2d-48', 'Identity-55', 'Identity-56', 'BatchNormAct2d-30', 'InvertedResidual-9', 'Conv2d-49', 'Identity-57', 'Hardswish-12', 'BatchNormAct2d-31', 'Conv2d-50', 'Identity-58', 'Hardswish-13', 'BatchNormAct2d-32', 'Identity-59', 'Conv2d-51', 'ReLU-19', 'Conv2d-52', 'Hardsigmoid-10', 'SqueezeExcite-10', 'Conv2d-53', 'Identity-60', 'Identity-61', 'BatchNormAct2d-33', 'Identity-62', 'InvertedResidual-10', 'Conv2d-54', 'Identity-63', 'Hardswish-14', 'BatchNormAct2d-34', 'Conv2d-55', 'Identity-64', 'Hardswish-15', 'BatchNormAct2d-35', 'Identity-65', 'Conv2d-56', 'ReLU-20', 'Conv2d-57', 'Hardsigmoid-11', 'SqueezeExcite-11', 'Conv2d-58', 'Identity-66', 'Identity-67', 'BatchNormAct2d-36', 'Identity-68', 'InvertedResidual-11', 'Conv2d-59', 'Identity-69', 'Hardswish-16', 'BatchNormAct2d-37', 'Conv2d-60', 'Identity-70', 'Hardswish-17', 'BatchNormAct2d-38', 'Identity-71', 'Conv2d-61', 'ReLU-21', 'Conv2d-62', 'Hardsigmoid-12', 'SqueezeExcite-12', 'Conv2d-63', 'Identity-72', 'Identity-73', 'BatchNormAct2d-39', 'Identity-74', 'InvertedResidual-12', 'Conv2d-64', 'Identity-75', 'Hardswish-18', 'BatchNormAct2d-40', 'Conv2d-65', 'Identity-76', 'Hardswish-19', 'BatchNormAct2d-41', 'Identity-77', 'Conv2d-66', 'ReLU-22', 'Conv2d-67', 'Hardsigmoid-13', 'SqueezeExcite-13', 'Conv2d-68', 'Identity-78', 'Identity-79', 'BatchNormAct2d-42', 'InvertedResidual-13', 'Conv2d-69', 'Identity-80', 'Hardswish-20', 'BatchNormAct2d-43', 'Conv2d-70', 'Identity-81', 'Hardswish-21', 'BatchNormAct2d-44', 'Identity-82', 'Conv2d-71', 'ReLU-23', 'Conv2d-72', 'Hardsigmoid-14', 'SqueezeExcite-14', 'Conv2d-73', 'Identity-83', 'Identity-84', 'BatchNormAct2d-45', 'Identity-85', 'InvertedResidual-14', 'Conv2d-74', 'Identity-86', 'Hardswish-22', 'BatchNormAct2d-46', 'Conv2d-75', 'Identity-87', 'Hardswish-23', 'BatchNormAct2d-47', 'Identity-88', 'Conv2d-76', 'ReLU-24', 'Conv2d-77', 'Hardsigmoid-15', 'SqueezeExcite-15', 'Conv2d-78', 'Identity-89', 'Identity-90', 'BatchNormAct2d-48', 'Identity-91', 'InvertedResidual-15', 'Conv2d-79', 'Identity-92', 'Hardswish-24', 'BatchNormAct2d-49', 'Conv2d-80', 'Identity-93', 'Hardswish-25', 'BatchNormAct2d-50', 'Identity-94', 'Conv2d-81', 'ReLU-25', 'Conv2d-82', 'Hardsigmoid-16', 'SqueezeExcite-16', 'Conv2d-83', 'Identity-95', 'Identity-96', 'BatchNormAct2d-51', 'Identity-97', 'InvertedResidual-16', 'Conv2d-84', 'Identity-98', 'Hardswish-26', 'BatchNormAct2d-52', 'Identity-99', 'ConvBnAct-1', 'AdaptiveAvgPool2d-1', 'Identity-100', 'SelectAdaptivePool2d-1', 'Conv2d-85', 'Identity-101', 'Hardswish-27', 'Flatten-1', 'Linear-1', 'MobileNetV3-1']
Total number of layers: 345

==================================================
Processing layer: Conv2d-75 from model: hardcorenas_f_classification

For model hardcorenas_f_classification Layer Conv2d-75: Extracting features for 9000 images in batches of 28...
Feature extraction for model hardcorenas_f_classification layer Conv2d-75 completed in 197.18 seconds.
Finding best ridge alphas for 50 target PCs using 56448 features and 9000 samples.
Using alphas: 10^4 to 10^20, 50 values spaced logarithmically.
[Pipeline] ........... (step 1 of 1) Processing ridgecv, total= 2.8min

Selected alpha and cross-validation score for each PC:
Finished finding best ridge alphas for each target PC.✅

PC   1: alpha = 10000, CV score = -1547.409507

PC   2: alpha = 10000, CV score = -558.657848

PC   3: alpha = 10000, CV score = -384.000924

PC   4: alpha = 10000, CV score = -225.595219

PC   5: alpha = 10000, CV score = -182.565547

PC   6: alpha = 10000, CV score = -166.387014

PC   7: alpha = 10000, CV score = -145.391757

PC   8: alpha = 10000, CV score = -148.468842

PC   9: alpha = 10000, CV score = -107.147944

PC  10: alpha = 10000, CV score = -90.290132

PC  11: alpha = 10000, CV score = -86.621521

PC  12: alpha = 10000, CV score = -61.129415

PC  13: alpha = 10000, CV score = -93.818659

PC  14: alpha = 10000, CV score = -78.615405

PC  15: alpha = 10000, CV score = -68.638431

PC  16: alpha = 10000, CV score = -74.388903

PC  17: alpha = 10000, CV score = -68.573024

PC  18: alpha = 10000, CV score = -73.123743

PC  19: alpha = 10000, CV score = -62.412049

PC  20: alpha = 10000, CV score = -64.259839

PC  21: alpha = 10000, CV score = -57.490290

PC  22: alpha = 10000, CV score = -57.737024

PC  23: alpha = 10000, CV score = -54.702811

PC  24: alpha = 10000, CV score = -54.535300

PC  25: alpha = 10000, CV score = -51.936129

PC  26: alpha = 10000, CV score = -51.954613

PC  27: alpha = 10000, CV score = -47.421389

PC  28: alpha = 10000, CV score = -47.642661

PC  29: alpha = 10000, CV score = -46.015260

PC  30: alpha = 10000, CV score = -41.046796

PC  31: alpha = 10000, CV score = -40.437656

PC  32: alpha = 10000, CV score = -38.433271

PC  33: alpha = 10000, CV score = -38.052015

PC  34: alpha = 10000, CV score = -38.606283

PC  35: alpha = 10000, CV score = -35.179162

PC  36: alpha = 10000, CV score = -34.517020

PC  37: alpha = 10000, CV score = -35.022839

PC  38: alpha = 10000, CV score = -31.542080

PC  39: alpha = 10000, CV score = -33.187833

PC  40: alpha = 10000, CV score = -30.702156

PC  41: alpha = 10000, CV score = -30.314530

PC  42: alpha = 10000, CV score = -28.689043

PC  43: alpha = 10000, CV score = -28.575993

PC  44: alpha = 10000, CV score = -28.773007

PC  45: alpha = 10000, CV score = -26.286667

PC  46: alpha = 21209.5, CV score = -28.046853

PC  47: alpha = 10000, CV score = -25.577900

PC  48: alpha = 10000, CV score = -23.134559

PC  49: alpha = 10000, CV score = -24.468609

PC  50: alpha = 10000, CV score = -24.002008

Mean cross-validation score across PCs: -108.430550

======================================================================================

Chosen model: eca_nfnet_l0_classification
Number of images: 73000
Image shape: (425, 425, 3), dtype: uint8
nsdID shape: (73000,), Shared1000 shape: (73000,)
Neural data shape: (10000, 8088)
Image IDs shape: (10000,)
Number of voxels: 8088
Number of projections for SRP: 7894

Loaded target with shape (10000, 8088).
Transformed data shape: (9000, 200)
Transformed data shape after truncion: (9000, 50)
Model options for eca_nfnet_l0_classification: {'model_name': 'eca_nfnet_l0', 'train_type': 'classification', 'train_data': 'imagenet', 'model_source': 'timm', 'call': "get_timm_model('eca_nfnet_l0', pretrained = True)"}
Image transforms for eca_nfnet_l0_classification: Compose(
    Resize(size=(224, 224), interpolation=bicubic, max_size=None, antialias=True)
    MaybeToTensor()
    Normalize(mean=tensor([0.4850, 0.4560, 0.4060]), std=tensor([0.2290, 0.2240, 0.2250]))
)
Loaded model: eca_nfnet_l0_classification
Ordered layers from model: ['ScaledStdConv2d-1', 'SiLU-1', 'ScaledStdConv2d-2', 'SiLU-2', 'ScaledStdConv2d-3', 'SiLU-3', 'ScaledStdConv2d-4', 'SiLU-4', 'Identity-1', 'ScaledStdConv2d-5', 'DownsampleAvg-1', 'ScaledStdConv2d-6', 'SiLU-5', 'ScaledStdConv2d-7', 'SiLU-6', 'ScaledStdConv2d-8', 'SiLU-7', 'ScaledStdConv2d-9', 'Conv1d-1', 'Sigmoid-1', 'EcaModule-1', 'Identity-2', 'NormFreeBlock-1', 'SiLU-8', 'AvgPool2d-1', 'ScaledStdConv2d-10', 'DownsampleAvg-2', 'ScaledStdConv2d-11', 'SiLU-9', 'ScaledStdConv2d-12', 'SiLU-10', 'ScaledStdConv2d-13', 'SiLU-11', 'ScaledStdConv2d-14', 'Conv1d-2', 'Sigmoid-2', 'EcaModule-2', 'Identity-3', 'NormFreeBlock-2', 'SiLU-12', 'ScaledStdConv2d-15', 'SiLU-13', 'ScaledStdConv2d-16', 'SiLU-14', 'ScaledStdConv2d-17', 'SiLU-15', 'ScaledStdConv2d-18', 'Conv1d-3', 'Sigmoid-3', 'EcaModule-3', 'Identity-4', 'NormFreeBlock-3', 'SiLU-16', 'AvgPool2d-2', 'ScaledStdConv2d-19', 'DownsampleAvg-3', 'ScaledStdConv2d-20', 'SiLU-17', 'ScaledStdConv2d-21', 'SiLU-18', 'ScaledStdConv2d-22', 'SiLU-19', 'ScaledStdConv2d-23', 'Conv1d-4', 'Sigmoid-4', 'EcaModule-4', 'Identity-5', 'NormFreeBlock-4', 'SiLU-20', 'ScaledStdConv2d-24', 'SiLU-21', 'ScaledStdConv2d-25', 'SiLU-22', 'ScaledStdConv2d-26', 'SiLU-23', 'ScaledStdConv2d-27', 'Conv1d-5', 'Sigmoid-5', 'EcaModule-5', 'Identity-6', 'NormFreeBlock-5', 'SiLU-24', 'ScaledStdConv2d-28', 'SiLU-25', 'ScaledStdConv2d-29', 'SiLU-26', 'ScaledStdConv2d-30', 'SiLU-27', 'ScaledStdConv2d-31', 'Conv1d-6', 'Sigmoid-6', 'EcaModule-6', 'Identity-7', 'NormFreeBlock-6', 'SiLU-28', 'ScaledStdConv2d-32', 'SiLU-29', 'ScaledStdConv2d-33', 'SiLU-30', 'ScaledStdConv2d-34', 'SiLU-31', 'ScaledStdConv2d-35', 'Conv1d-7', 'Sigmoid-7', 'EcaModule-7', 'Identity-8', 'NormFreeBlock-7', 'SiLU-32', 'ScaledStdConv2d-36', 'SiLU-33', 'ScaledStdConv2d-37', 'SiLU-34', 'ScaledStdConv2d-38', 'SiLU-35', 'ScaledStdConv2d-39', 'Conv1d-8', 'Sigmoid-8', 'EcaModule-8', 'Identity-9', 'NormFreeBlock-8', 'SiLU-36', 'ScaledStdConv2d-40', 'SiLU-37', 'ScaledStdConv2d-41', 'SiLU-38', 'ScaledStdConv2d-42', 'SiLU-39', 'ScaledStdConv2d-43', 'Conv1d-9', 'Sigmoid-9', 'EcaModule-9', 'Identity-10', 'NormFreeBlock-9', 'SiLU-40', 'AvgPool2d-3', 'ScaledStdConv2d-44', 'DownsampleAvg-4', 'ScaledStdConv2d-45', 'SiLU-41', 'ScaledStdConv2d-46', 'SiLU-42', 'ScaledStdConv2d-47', 'SiLU-43', 'ScaledStdConv2d-48', 'Conv1d-10', 'Sigmoid-10', 'EcaModule-10', 'Identity-11', 'NormFreeBlock-10', 'SiLU-44', 'ScaledStdConv2d-49', 'SiLU-45', 'ScaledStdConv2d-50', 'SiLU-46', 'ScaledStdConv2d-51', 'SiLU-47', 'ScaledStdConv2d-52', 'Conv1d-11', 'Sigmoid-11', 'EcaModule-11', 'Identity-12', 'NormFreeBlock-11', 'SiLU-48', 'ScaledStdConv2d-53', 'SiLU-49', 'ScaledStdConv2d-54', 'SiLU-50', 'ScaledStdConv2d-55', 'SiLU-51', 'ScaledStdConv2d-56', 'Conv1d-12', 'Sigmoid-12', 'EcaModule-12', 'Identity-13', 'NormFreeBlock-12', 'ScaledStdConv2d-57', 'SiLU-52', 'AdaptiveAvgPool2d-1', 'Flatten-1', 'SelectAdaptivePool2d-1', 'Dropout-1', 'Linear-1', 'Identity-14', 'ClassifierHead-1', 'NormFreeNet-1']
Total number of layers: 185

==================================================
Processing layer: AvgPool2d-3 from model: eca_nfnet_l0_classification

For model eca_nfnet_l0_classification Layer AvgPool2d-3: Extracting features for 9000 images in batches of 28...
Feature extraction for model eca_nfnet_l0_classification layer AvgPool2d-3 completed in 729.88 seconds.
Finding best ridge alphas for 50 target PCs using 75264 features and 9000 samples.
Using alphas: 10^4 to 10^20, 50 values spaced logarithmically.
[Pipeline] ........... (step 1 of 1) Processing ridgecv, total= 3.3min

Selected alpha and cross-validation score for each PC:
Finished finding best ridge alphas for each target PC.✅

PC   1: alpha = 202359, CV score = -1539.150972

PC   2: alpha = 95409.5, CV score = -499.531115

PC   3: alpha = 95409.5, CV score = -338.413711

PC   4: alpha = 95409.5, CV score = -199.920088

PC   5: alpha = 95409.5, CV score = -171.019273

PC   6: alpha = 95409.5, CV score = -161.344873

PC   7: alpha = 202359, CV score = -141.684357

PC   8: alpha = 429193, CV score = -148.170533

PC   9: alpha = 95409.5, CV score = -103.331536

PC  10: alpha = 95409.5, CV score = -86.358154

PC  11: alpha = 95409.5, CV score = -84.768760

PC  12: alpha = 95409.5, CV score = -56.711997

PC  13: alpha = 202359, CV score = -92.879536

PC  14: alpha = 202359, CV score = -77.187118

PC  15: alpha = 95409.5, CV score = -66.739951

PC  16: alpha = 202359, CV score = -73.108356

PC  17: alpha = 202359, CV score = -67.572802

PC  18: alpha = 429193, CV score = -72.729679

PC  19: alpha = 202359, CV score = -60.738057

PC  20: alpha = 202359, CV score = -63.903405

PC  21: alpha = 202359, CV score = -57.049226

PC  22: alpha = 202359, CV score = -56.877961

PC  23: alpha = 202359, CV score = -53.872080

PC  24: alpha = 202359, CV score = -54.183995

PC  25: alpha = 202359, CV score = -50.553714

PC  26: alpha = 429193, CV score = -51.728557

PC  27: alpha = 202359, CV score = -46.594996

PC  28: alpha = 429193, CV score = -47.613179

PC  29: alpha = 202359, CV score = -45.328315

PC  30: alpha = 202359, CV score = -40.712624

PC  31: alpha = 202359, CV score = -39.532150

PC  32: alpha = 202359, CV score = -37.761077

PC  33: alpha = 202359, CV score = -37.913394

PC  34: alpha = 429193, CV score = -38.462629

PC  35: alpha = 202359, CV score = -34.754496

PC  36: alpha = 202359, CV score = -34.475218

PC  37: alpha = 202359, CV score = -34.824277

PC  38: alpha = 202359, CV score = -31.139396

PC  39: alpha = 202359, CV score = -32.769787

PC  40: alpha = 202359, CV score = -30.423451

PC  41: alpha = 429193, CV score = -30.125516

PC  42: alpha = 202359, CV score = -28.342399

PC  43: alpha = 202359, CV score = -28.574650

PC  44: alpha = 429193, CV score = -28.626099

PC  45: alpha = 202359, CV score = -25.972676

PC  46: alpha = 429193, CV score = -27.928113

PC  47: alpha = 202359, CV score = -25.564383

PC  48: alpha = 95409.5, CV score = -22.470026

PC  49: alpha = 202359, CV score = -24.264571

PC  50: alpha = 202359, CV score = -23.882253

Mean cross-validation score across PCs: -104.551710

======================================================================================

Chosen model: resnet50_classification
Number of images: 73000
Image shape: (425, 425, 3), dtype: uint8
nsdID shape: (73000,), Shared1000 shape: (73000,)
Neural data shape: (10000, 8088)
Image IDs shape: (10000,)
Number of voxels: 8088
Number of projections for SRP: 7894

Loaded target with shape (10000, 8088).
Transformed data shape: (9000, 200)
Transformed data shape after truncion: (9000, 50)
Model options for resnet50_classification: {'model_name': 'resnet50', 'train_type': 'classification', 'train_data': 'imagenet', 'model_source': 'torchvision', 'call': "get_torchvision_model('models.resnet50', True)"}
Image transforms for resnet50_classification: Compose(
    Resize(size=(224, 224), interpolation=bilinear, max_size=None, antialias=True)
    ToTensor()
    Normalize(mean=[0.485, 0.456, 0.406], std=[0.229, 0.224, 0.225])
)
Loaded model: resnet50_classification
Ordered layers from model: ['Conv2d-1', 'BatchNorm2d-1', 'ReLU-1', 'MaxPool2d-1', 'Conv2d-2', 'BatchNorm2d-2', 'ReLU-2', 'Conv2d-3', 'BatchNorm2d-3', 'ReLU-3', 'Conv2d-4', 'BatchNorm2d-4', 'Conv2d-5', 'BatchNorm2d-5', 'ReLU-4', 'Bottleneck-1', 'Conv2d-6', 'BatchNorm2d-6', 'ReLU-5', 'Conv2d-7', 'BatchNorm2d-7', 'ReLU-6', 'Conv2d-8', 'BatchNorm2d-8', 'ReLU-7', 'Bottleneck-2', 'Conv2d-9', 'BatchNorm2d-9', 'ReLU-8', 'Conv2d-10', 'BatchNorm2d-10', 'ReLU-9', 'Conv2d-11', 'BatchNorm2d-11', 'ReLU-10', 'Bottleneck-3', 'Conv2d-12', 'BatchNorm2d-12', 'ReLU-11', 'Conv2d-13', 'BatchNorm2d-13', 'ReLU-12', 'Conv2d-14', 'BatchNorm2d-14', 'Conv2d-15', 'BatchNorm2d-15', 'ReLU-13', 'Bottleneck-4', 'Conv2d-16', 'BatchNorm2d-16', 'ReLU-14', 'Conv2d-17', 'BatchNorm2d-17', 'ReLU-15', 'Conv2d-18', 'BatchNorm2d-18', 'ReLU-16', 'Bottleneck-5', 'Conv2d-19', 'BatchNorm2d-19', 'ReLU-17', 'Conv2d-20', 'BatchNorm2d-20', 'ReLU-18', 'Conv2d-21', 'BatchNorm2d-21', 'ReLU-19', 'Bottleneck-6', 'Conv2d-22', 'BatchNorm2d-22', 'ReLU-20', 'Conv2d-23', 'BatchNorm2d-23', 'ReLU-21', 'Conv2d-24', 'BatchNorm2d-24', 'ReLU-22', 'Bottleneck-7', 'Conv2d-25', 'BatchNorm2d-25', 'ReLU-23', 'Conv2d-26', 'BatchNorm2d-26', 'ReLU-24', 'Conv2d-27', 'BatchNorm2d-27', 'Conv2d-28', 'BatchNorm2d-28', 'ReLU-25', 'Bottleneck-8', 'Conv2d-29', 'BatchNorm2d-29', 'ReLU-26', 'Conv2d-30', 'BatchNorm2d-30', 'ReLU-27', 'Conv2d-31', 'BatchNorm2d-31', 'ReLU-28', 'Bottleneck-9', 'Conv2d-32', 'BatchNorm2d-32', 'ReLU-29', 'Conv2d-33', 'BatchNorm2d-33', 'ReLU-30', 'Conv2d-34', 'BatchNorm2d-34', 'ReLU-31', 'Bottleneck-10', 'Conv2d-35', 'BatchNorm2d-35', 'ReLU-32', 'Conv2d-36', 'BatchNorm2d-36', 'ReLU-33', 'Conv2d-37', 'BatchNorm2d-37', 'ReLU-34', 'Bottleneck-11', 'Conv2d-38', 'BatchNorm2d-38', 'ReLU-35', 'Conv2d-39', 'BatchNorm2d-39', 'ReLU-36', 'Conv2d-40', 'BatchNorm2d-40', 'ReLU-37', 'Bottleneck-12', 'Conv2d-41', 'BatchNorm2d-41', 'ReLU-38', 'Conv2d-42', 'BatchNorm2d-42', 'ReLU-39', 'Conv2d-43', 'BatchNorm2d-43', 'ReLU-40', 'Bottleneck-13', 'Conv2d-44', 'BatchNorm2d-44', 'ReLU-41', 'Conv2d-45', 'BatchNorm2d-45', 'ReLU-42', 'Conv2d-46', 'BatchNorm2d-46', 'Conv2d-47', 'BatchNorm2d-47', 'ReLU-43', 'Bottleneck-14', 'Conv2d-48', 'BatchNorm2d-48', 'ReLU-44', 'Conv2d-49', 'BatchNorm2d-49', 'ReLU-45', 'Conv2d-50', 'BatchNorm2d-50', 'ReLU-46', 'Bottleneck-15', 'Conv2d-51', 'BatchNorm2d-51', 'ReLU-47', 'Conv2d-52', 'BatchNorm2d-52', 'ReLU-48', 'Conv2d-53', 'BatchNorm2d-53', 'ReLU-49', 'Bottleneck-16', 'AdaptiveAvgPool2d-1', 'Linear-1', 'ResNet-1']
Total number of layers: 175

==================================================
Processing layer: BatchNorm2d-49 from model: resnet50_classification

For model resnet50_classification Layer BatchNorm2d-49: Extracting features for 9000 images in batches of 28...
Feature extraction for model resnet50_classification layer BatchNorm2d-49 completed in 672.90 seconds.
Finding best ridge alphas for 50 target PCs using 25088 features and 9000 samples.
Using alphas: 10^4 to 10^20, 50 values spaced logarithmically.
[Pipeline] ........... (step 1 of 1) Processing ridgecv, total= 2.0min

Selected alpha and cross-validation score for each PC:
Finished finding best ridge alphas for each target PC.✅

PC   1: alpha = 10000, CV score = -1562.403102

PC   2: alpha = 10000, CV score = -561.758707

PC   3: alpha = 10000, CV score = -393.358125

PC   4: alpha = 10000, CV score = -225.360009

PC   5: alpha = 10000, CV score = -182.830095

PC   6: alpha = 10000, CV score = -164.714392

PC   7: alpha = 10000, CV score = -147.909484

PC   8: alpha = 21209.5, CV score = -148.732581

PC   9: alpha = 10000, CV score = -108.552277

PC  10: alpha = 10000, CV score = -90.106243

PC  11: alpha = 10000, CV score = -87.296335

PC  12: alpha = 10000, CV score = -62.035927

PC  13: alpha = 21209.5, CV score = -93.639462

PC  14: alpha = 10000, CV score = -78.948010

PC  15: alpha = 10000, CV score = -68.500727

PC  16: alpha = 10000, CV score = -74.430787

PC  17: alpha = 10000, CV score = -69.684049

PC  18: alpha = 21209.5, CV score = -73.421299

PC  19: alpha = 10000, CV score = -62.744901

PC  20: alpha = 10000, CV score = -64.694523

PC  21: alpha = 10000, CV score = -58.003574

PC  22: alpha = 10000, CV score = -57.634037

PC  23: alpha = 10000, CV score = -54.717828

PC  24: alpha = 10000, CV score = -54.848494

PC  25: alpha = 10000, CV score = -52.094122

PC  26: alpha = 21209.5, CV score = -51.714217

PC  27: alpha = 10000, CV score = -47.326176

PC  28: alpha = 21209.5, CV score = -47.699480

PC  29: alpha = 10000, CV score = -46.148027

PC  30: alpha = 10000, CV score = -41.345069

PC  31: alpha = 10000, CV score = -40.337655

PC  32: alpha = 10000, CV score = -38.433605

PC  33: alpha = 10000, CV score = -38.334290

PC  34: alpha = 10000, CV score = -38.696784

PC  35: alpha = 10000, CV score = -35.346681

PC  36: alpha = 21209.5, CV score = -34.657816

PC  37: alpha = 21209.5, CV score = -35.130465

PC  38: alpha = 10000, CV score = -31.899955

PC  39: alpha = 10000, CV score = -33.237105

PC  40: alpha = 10000, CV score = -30.757303

PC  41: alpha = 21209.5, CV score = -30.584732

PC  42: alpha = 10000, CV score = -28.609853

PC  43: alpha = 10000, CV score = -28.742053

PC  44: alpha = 21209.5, CV score = -28.692297

PC  45: alpha = 10000, CV score = -26.493383

PC  46: alpha = 21209.5, CV score = -27.961032

PC  47: alpha = 10000, CV score = -25.690438

PC  48: alpha = 10000, CV score = -23.553917

PC  49: alpha = 10000, CV score = -24.709181

PC  50: alpha = 10000, CV score = -24.292042

Mean cross-validation score across PCs: -109.176253

======================================================================================

Chosen model: semnasnet_100_classification
Number of images: 73000
Image shape: (425, 425, 3), dtype: uint8
nsdID shape: (73000,), Shared1000 shape: (73000,)
Neural data shape: (10000, 8088)
Image IDs shape: (10000,)
Number of voxels: 8088
Number of projections for SRP: 7894

Loaded target with shape (10000, 8088).
Transformed data shape: (9000, 200)
Transformed data shape after truncion: (9000, 50)
Model options for semnasnet_100_classification: {'model_name': 'semnasnet_100', 'train_type': 'classification', 'train_data': 'imagenet', 'model_source': 'timm', 'call': "get_timm_model('semnasnet_100', pretrained = True)"}
Image transforms for semnasnet_100_classification: Compose(
    Resize(size=(224, 224), interpolation=bicubic, max_size=None, antialias=True)
    MaybeToTensor()
    Normalize(mean=tensor([0.4850, 0.4560, 0.4060]), std=tensor([0.2290, 0.2240, 0.2250]))
)
Loaded model: semnasnet_100_classification
Ordered layers from model: ['Conv2d-1', 'Identity-1', 'ReLU-1', 'BatchNormAct2d-1', 'Conv2d-2', 'Identity-2', 'ReLU-2', 'BatchNormAct2d-2', 'Identity-3', 'Identity-4', 'Conv2d-3', 'Identity-5', 'Identity-6', 'BatchNormAct2d-3', 'DepthwiseSeparableConv-1', 'Conv2d-4', 'Identity-7', 'ReLU-3', 'BatchNormAct2d-4', 'Conv2d-5', 'Identity-8', 'ReLU-4', 'BatchNormAct2d-5', 'Identity-9', 'Identity-10', 'Conv2d-6', 'Identity-11', 'Identity-12', 'BatchNormAct2d-6', 'InvertedResidual-1', 'Conv2d-7', 'Identity-13', 'ReLU-5', 'BatchNormAct2d-7', 'Conv2d-8', 'Identity-14', 'ReLU-6', 'BatchNormAct2d-8', 'Identity-15', 'Identity-16', 'Conv2d-9', 'Identity-17', 'Identity-18', 'BatchNormAct2d-9', 'Identity-19', 'InvertedResidual-2', 'Conv2d-10', 'Identity-20', 'ReLU-7', 'BatchNormAct2d-10', 'Conv2d-11', 'Identity-21', 'ReLU-8', 'BatchNormAct2d-11', 'Identity-22', 'Conv2d-12', 'ReLU-9', 'Conv2d-13', 'Sigmoid-1', 'SqueezeExcite-1', 'Conv2d-14', 'Identity-23', 'Identity-24', 'BatchNormAct2d-12', 'InvertedResidual-3', 'Conv2d-15', 'Identity-25', 'ReLU-10', 'BatchNormAct2d-13', 'Conv2d-16', 'Identity-26', 'ReLU-11', 'BatchNormAct2d-14', 'Identity-27', 'Conv2d-17', 'ReLU-12', 'Conv2d-18', 'Sigmoid-2', 'SqueezeExcite-2', 'Conv2d-19', 'Identity-28', 'Identity-29', 'BatchNormAct2d-15', 'Identity-30', 'InvertedResidual-4', 'Conv2d-20', 'Identity-31', 'ReLU-13', 'BatchNormAct2d-16', 'Conv2d-21', 'Identity-32', 'ReLU-14', 'BatchNormAct2d-17', 'Identity-33', 'Conv2d-22', 'ReLU-15', 'Conv2d-23', 'Sigmoid-3', 'SqueezeExcite-3', 'Conv2d-24', 'Identity-34', 'Identity-35', 'BatchNormAct2d-18', 'Identity-36', 'InvertedResidual-5', 'Conv2d-25', 'Identity-37', 'ReLU-16', 'BatchNormAct2d-19', 'Conv2d-26', 'Identity-38', 'ReLU-17', 'BatchNormAct2d-20', 'Identity-39', 'Identity-40', 'Conv2d-27', 'Identity-41', 'Identity-42', 'BatchNormAct2d-21', 'InvertedResidual-6', 'Conv2d-28', 'Identity-43', 'ReLU-18', 'BatchNormAct2d-22', 'Conv2d-29', 'Identity-44', 'ReLU-19', 'BatchNormAct2d-23', 'Identity-45', 'Identity-46', 'Conv2d-30', 'Identity-47', 'Identity-48', 'BatchNormAct2d-24', 'Identity-49', 'InvertedResidual-7', 'Conv2d-31', 'Identity-50', 'ReLU-20', 'BatchNormAct2d-25', 'Conv2d-32', 'Identity-51', 'ReLU-21', 'BatchNormAct2d-26', 'Identity-52', 'Identity-53', 'Conv2d-33', 'Identity-54', 'Identity-55', 'BatchNormAct2d-27', 'Identity-56', 'InvertedResidual-8', 'Conv2d-34', 'Identity-57', 'ReLU-22', 'BatchNormAct2d-28', 'Conv2d-35', 'Identity-58', 'ReLU-23', 'BatchNormAct2d-29', 'Identity-59', 'Identity-60', 'Conv2d-36', 'Identity-61', 'Identity-62', 'BatchNormAct2d-30', 'Identity-63', 'InvertedResidual-9', 'Conv2d-37', 'Identity-64', 'ReLU-24', 'BatchNormAct2d-31', 'Conv2d-38', 'Identity-65', 'ReLU-25', 'BatchNormAct2d-32', 'Identity-66', 'Conv2d-39', 'ReLU-26', 'Conv2d-40', 'Sigmoid-4', 'SqueezeExcite-4', 'Conv2d-41', 'Identity-67', 'Identity-68', 'BatchNormAct2d-33', 'InvertedResidual-10', 'Conv2d-42', 'Identity-69', 'ReLU-27', 'BatchNormAct2d-34', 'Conv2d-43', 'Identity-70', 'ReLU-28', 'BatchNormAct2d-35', 'Identity-71', 'Conv2d-44', 'ReLU-29', 'Conv2d-45', 'Sigmoid-5', 'SqueezeExcite-5', 'Conv2d-46', 'Identity-72', 'Identity-73', 'BatchNormAct2d-36', 'Identity-74', 'InvertedResidual-11', 'Conv2d-47', 'Identity-75', 'ReLU-30', 'BatchNormAct2d-37', 'Conv2d-48', 'Identity-76', 'ReLU-31', 'BatchNormAct2d-38', 'Identity-77', 'Conv2d-49', 'ReLU-32', 'Conv2d-50', 'Sigmoid-6', 'SqueezeExcite-6', 'Conv2d-51', 'Identity-78', 'Identity-79', 'BatchNormAct2d-39', 'InvertedResidual-12', 'Conv2d-52', 'Identity-80', 'ReLU-33', 'BatchNormAct2d-40', 'Conv2d-53', 'Identity-81', 'ReLU-34', 'BatchNormAct2d-41', 'Identity-82', 'Conv2d-54', 'ReLU-35', 'Conv2d-55', 'Sigmoid-7', 'SqueezeExcite-7', 'Conv2d-56', 'Identity-83', 'Identity-84', 'BatchNormAct2d-42', 'Identity-85', 'InvertedResidual-13', 'Conv2d-57', 'Identity-86', 'ReLU-36', 'BatchNormAct2d-43', 'Conv2d-58', 'Identity-87', 'ReLU-37', 'BatchNormAct2d-44', 'Identity-88', 'Conv2d-59', 'ReLU-38', 'Conv2d-60', 'Sigmoid-8', 'SqueezeExcite-8', 'Conv2d-61', 'Identity-89', 'Identity-90', 'BatchNormAct2d-45', 'Identity-91', 'InvertedResidual-14', 'Conv2d-62', 'Identity-92', 'ReLU-39', 'BatchNormAct2d-46', 'Conv2d-63', 'Identity-93', 'ReLU-40', 'BatchNormAct2d-47', 'Identity-94', 'Identity-95', 'Conv2d-64', 'Identity-96', 'Identity-97', 'BatchNormAct2d-48', 'InvertedResidual-15', 'Conv2d-65', 'Identity-98', 'ReLU-41', 'BatchNormAct2d-49', 'AdaptiveAvgPool2d-1', 'Flatten-1', 'SelectAdaptivePool2d-1', 'Linear-1', 'EfficientNet-1']
Total number of layers: 290

==================================================
Processing layer: Conv2d-63 from model: semnasnet_100_classification

For model semnasnet_100_classification Layer Conv2d-63: Extracting features for 9000 images in batches of 28...
Feature extraction for model semnasnet_100_classification layer Conv2d-63 completed in 200.78 seconds.
Finding best ridge alphas for 50 target PCs using 47040 features and 9000 samples.
Using alphas: 10^4 to 10^20, 50 values spaced logarithmically.
[Pipeline] ........... (step 1 of 1) Processing ridgecv, total= 2.5min

Selected alpha and cross-validation score for each PC:
Finished finding best ridge alphas for each target PC.✅

PC   1: alpha = 44984.3, CV score = -1546.135597

PC   2: alpha = 10000, CV score = -533.944706

PC   3: alpha = 10000, CV score = -369.188702

PC   4: alpha = 10000, CV score = -216.472496

PC   5: alpha = 21209.5, CV score = -181.880463

PC   6: alpha = 21209.5, CV score = -164.435449

PC   7: alpha = 21209.5, CV score = -144.861110

PC   8: alpha = 44984.3, CV score = -148.394181

PC   9: alpha = 21209.5, CV score = -105.696088

PC  10: alpha = 21209.5, CV score = -88.943894

PC  11: alpha = 44984.3, CV score = -86.699516

PC  12: alpha = 10000, CV score = -60.129438

PC  13: alpha = 44984.3, CV score = -93.614871

PC  14: alpha = 21209.5, CV score = -79.240296

PC  15: alpha = 21209.5, CV score = -67.836507

PC  16: alpha = 44984.3, CV score = -74.411206

PC  17: alpha = 44984.3, CV score = -68.955655

PC  18: alpha = 95409.5, CV score = -73.536824

PC  19: alpha = 21209.5, CV score = -61.872691

PC  20: alpha = 44984.3, CV score = -64.598012

PC  21: alpha = 21209.5, CV score = -57.570552

PC  22: alpha = 44984.3, CV score = -57.772829

PC  23: alpha = 44984.3, CV score = -55.313375

PC  24: alpha = 44984.3, CV score = -54.722018

PC  25: alpha = 44984.3, CV score = -52.139126

PC  26: alpha = 44984.3, CV score = -51.765925

PC  27: alpha = 44984.3, CV score = -47.420784

PC  28: alpha = 95409.5, CV score = -47.635792

PC  29: alpha = 44984.3, CV score = -46.280481

PC  30: alpha = 44984.3, CV score = -41.365951

PC  31: alpha = 21209.5, CV score = -40.013405

PC  32: alpha = 44984.3, CV score = -38.202466

PC  33: alpha = 44984.3, CV score = -38.459909

PC  34: alpha = 44984.3, CV score = -38.731344

PC  35: alpha = 44984.3, CV score = -35.243197

PC  36: alpha = 44984.3, CV score = -34.580819

PC  37: alpha = 44984.3, CV score = -35.018508

PC  38: alpha = 44984.3, CV score = -31.825474

PC  39: alpha = 44984.3, CV score = -33.236137

PC  40: alpha = 44984.3, CV score = -30.615397

PC  41: alpha = 44984.3, CV score = -30.458671

PC  42: alpha = 44984.3, CV score = -28.732722

PC  43: alpha = 44984.3, CV score = -28.635039

PC  44: alpha = 44984.3, CV score = -28.726134

PC  45: alpha = 21209.5, CV score = -26.251629

PC  46: alpha = 95409.5, CV score = -28.042771

PC  47: alpha = 44984.3, CV score = -25.678072

PC  48: alpha = 21209.5, CV score = -23.447453

PC  49: alpha = 44984.3, CV score = -24.579940

PC  50: alpha = 44984.3, CV score = -24.369658

Mean cross-validation score across PCs: -107.353666

======================================================================================

Chosen model: cspresnet50_classification
Number of images: 73000
Image shape: (425, 425, 3), dtype: uint8
nsdID shape: (73000,), Shared1000 shape: (73000,)
Neural data shape: (10000, 8088)
Image IDs shape: (10000,)
Number of voxels: 8088
Number of projections for SRP: 7894

Loaded target with shape (10000, 8088).
Transformed data shape: (9000, 200)
Transformed data shape after truncion: (9000, 50)
Model options for cspresnet50_classification: {'model_name': 'cspresnet50', 'train_type': 'classification', 'train_data': 'imagenet', 'model_source': 'timm', 'call': "get_timm_model('cspresnet50', pretrained = True)"}
Image transforms for cspresnet50_classification: Compose(
    Resize(size=(224, 224), interpolation=bicubic, max_size=None, antialias=True)
    MaybeToTensor()
    Normalize(mean=tensor([0.4850, 0.4560, 0.4060]), std=tensor([0.2290, 0.2240, 0.2250]))
)
Loaded model: cspresnet50_classification
Ordered layers from model: ['Conv2d-1', 'Identity-1', 'LeakyReLU-1', 'BatchNormAct2d-1', 'ConvNormAct-1', 'MaxPool2d-1', 'Identity-2', 'Conv2d-2', 'Identity-3', 'Identity-4', 'BatchNormAct2d-2', 'ConvNormAct-2', 'Conv2d-3', 'Identity-5', 'LeakyReLU-2', 'BatchNormAct2d-3', 'ConvNormAct-3', 'Conv2d-4', 'Identity-6', 'LeakyReLU-3', 'BatchNormAct2d-4', 'ConvNormAct-4', 'Identity-7', 'Conv2d-5', 'Identity-8', 'Identity-9', 'BatchNormAct2d-5', 'ConvNormAct-5', 'Identity-10', 'Identity-11', 'LeakyReLU-4', 'BottleneckBlock-1', 'Conv2d-6', 'Identity-12', 'LeakyReLU-5', 'BatchNormAct2d-6', 'ConvNormAct-6', 'Conv2d-7', 'Identity-13', 'LeakyReLU-6', 'BatchNormAct2d-7', 'ConvNormAct-7', 'Identity-14', 'Conv2d-8', 'Identity-15', 'Identity-16', 'BatchNormAct2d-8', 'ConvNormAct-8', 'Identity-17', 'Identity-18', 'LeakyReLU-7', 'BottleneckBlock-2', 'Conv2d-9', 'Identity-19', 'LeakyReLU-8', 'BatchNormAct2d-9', 'ConvNormAct-9', 'Conv2d-10', 'Identity-20', 'LeakyReLU-9', 'BatchNormAct2d-10', 'ConvNormAct-10', 'Identity-21', 'Conv2d-11', 'Identity-22', 'Identity-23', 'BatchNormAct2d-11', 'ConvNormAct-11', 'Identity-24', 'Identity-25', 'LeakyReLU-10', 'BottleneckBlock-3', 'Conv2d-12', 'Identity-26', 'LeakyReLU-11', 'BatchNormAct2d-12', 'ConvNormAct-12', 'Conv2d-13', 'Identity-27', 'LeakyReLU-12', 'BatchNormAct2d-13', 'ConvNormAct-13', 'CrossStage-1', 'Conv2d-14', 'Identity-28', 'LeakyReLU-13', 'BatchNormAct2d-14', 'ConvNormAct-14', 'Conv2d-15', 'Identity-29', 'Identity-30', 'BatchNormAct2d-15', 'ConvNormAct-15', 'Conv2d-16', 'Identity-31', 'LeakyReLU-14', 'BatchNormAct2d-16', 'ConvNormAct-16', 'Conv2d-17', 'Identity-32', 'LeakyReLU-15', 'BatchNormAct2d-17', 'ConvNormAct-17', 'Identity-33', 'Conv2d-18', 'Identity-34', 'Identity-35', 'BatchNormAct2d-18', 'ConvNormAct-18', 'Identity-36', 'Identity-37', 'LeakyReLU-16', 'BottleneckBlock-4', 'Conv2d-19', 'Identity-38', 'LeakyReLU-17', 'BatchNormAct2d-19', 'ConvNormAct-19', 'Conv2d-20', 'Identity-39', 'LeakyReLU-18', 'BatchNormAct2d-20', 'ConvNormAct-20', 'Identity-40', 'Conv2d-21', 'Identity-41', 'Identity-42', 'BatchNormAct2d-21', 'ConvNormAct-21', 'Identity-43', 'Identity-44', 'LeakyReLU-19', 'BottleneckBlock-5', 'Conv2d-22', 'Identity-45', 'LeakyReLU-20', 'BatchNormAct2d-22', 'ConvNormAct-22', 'Conv2d-23', 'Identity-46', 'LeakyReLU-21', 'BatchNormAct2d-23', 'ConvNormAct-23', 'Identity-47', 'Conv2d-24', 'Identity-48', 'Identity-49', 'BatchNormAct2d-24', 'ConvNormAct-24', 'Identity-50', 'Identity-51', 'LeakyReLU-22', 'BottleneckBlock-6', 'Conv2d-25', 'Identity-52', 'LeakyReLU-23', 'BatchNormAct2d-25', 'ConvNormAct-25', 'Conv2d-26', 'Identity-53', 'LeakyReLU-24', 'BatchNormAct2d-26', 'ConvNormAct-26', 'CrossStage-2', 'Conv2d-27', 'Identity-54', 'LeakyReLU-25', 'BatchNormAct2d-27', 'ConvNormAct-27', 'Conv2d-28', 'Identity-55', 'Identity-56', 'BatchNormAct2d-28', 'ConvNormAct-28', 'Conv2d-29', 'Identity-57', 'LeakyReLU-26', 'BatchNormAct2d-29', 'ConvNormAct-29', 'Conv2d-30', 'Identity-58', 'LeakyReLU-27', 'BatchNormAct2d-30', 'ConvNormAct-30', 'Identity-59', 'Conv2d-31', 'Identity-60', 'Identity-61', 'BatchNormAct2d-31', 'ConvNormAct-31', 'Identity-62', 'Identity-63', 'LeakyReLU-28', 'BottleneckBlock-7', 'Conv2d-32', 'Identity-64', 'LeakyReLU-29', 'BatchNormAct2d-32', 'ConvNormAct-32', 'Conv2d-33', 'Identity-65', 'LeakyReLU-30', 'BatchNormAct2d-33', 'ConvNormAct-33', 'Identity-66', 'Conv2d-34', 'Identity-67', 'Identity-68', 'BatchNormAct2d-34', 'ConvNormAct-34', 'Identity-69', 'Identity-70', 'LeakyReLU-31', 'BottleneckBlock-8', 'Conv2d-35', 'Identity-71', 'LeakyReLU-32', 'BatchNormAct2d-35', 'ConvNormAct-35', 'Conv2d-36', 'Identity-72', 'LeakyReLU-33', 'BatchNormAct2d-36', 'ConvNormAct-36', 'Identity-73', 'Conv2d-37', 'Identity-74', 'Identity-75', 'BatchNormAct2d-37', 'ConvNormAct-37', 'Identity-76', 'Identity-77', 'LeakyReLU-34', 'BottleneckBlock-9', 'Conv2d-38', 'Identity-78', 'LeakyReLU-35', 'BatchNormAct2d-38', 'ConvNormAct-38', 'Conv2d-39', 'Identity-79', 'LeakyReLU-36', 'BatchNormAct2d-39', 'ConvNormAct-39', 'Identity-80', 'Conv2d-40', 'Identity-81', 'Identity-82', 'BatchNormAct2d-40', 'ConvNormAct-40', 'Identity-83', 'Identity-84', 'LeakyReLU-37', 'BottleneckBlock-10', 'Conv2d-41', 'Identity-85', 'LeakyReLU-38', 'BatchNormAct2d-41', 'ConvNormAct-41', 'Conv2d-42', 'Identity-86', 'LeakyReLU-39', 'BatchNormAct2d-42', 'ConvNormAct-42', 'Identity-87', 'Conv2d-43', 'Identity-88', 'Identity-89', 'BatchNormAct2d-43', 'ConvNormAct-43', 'Identity-90', 'Identity-91', 'LeakyReLU-40', 'BottleneckBlock-11', 'Conv2d-44', 'Identity-92', 'LeakyReLU-41', 'BatchNormAct2d-44', 'ConvNormAct-44', 'Conv2d-45', 'Identity-93', 'LeakyReLU-42', 'BatchNormAct2d-45', 'ConvNormAct-45', 'CrossStage-3', 'Conv2d-46', 'Identity-94', 'LeakyReLU-43', 'BatchNormAct2d-46', 'ConvNormAct-46', 'Conv2d-47', 'Identity-95', 'Identity-96', 'BatchNormAct2d-47', 'ConvNormAct-47', 'Conv2d-48', 'Identity-97', 'LeakyReLU-44', 'BatchNormAct2d-48', 'ConvNormAct-48', 'Conv2d-49', 'Identity-98', 'LeakyReLU-45', 'BatchNormAct2d-49', 'ConvNormAct-49', 'Identity-99', 'Conv2d-50', 'Identity-100', 'Identity-101', 'BatchNormAct2d-50', 'ConvNormAct-50', 'Identity-102', 'Identity-103', 'LeakyReLU-46', 'BottleneckBlock-12', 'Conv2d-51', 'Identity-104', 'LeakyReLU-47', 'BatchNormAct2d-51', 'ConvNormAct-51', 'Conv2d-52', 'Identity-105', 'LeakyReLU-48', 'BatchNormAct2d-52', 'ConvNormAct-52', 'Identity-106', 'Conv2d-53', 'Identity-107', 'Identity-108', 'BatchNormAct2d-53', 'ConvNormAct-53', 'Identity-109', 'Identity-110', 'LeakyReLU-49', 'BottleneckBlock-13', 'Conv2d-54', 'Identity-111', 'LeakyReLU-50', 'BatchNormAct2d-54', 'ConvNormAct-54', 'Conv2d-55', 'Identity-112', 'LeakyReLU-51', 'BatchNormAct2d-55', 'ConvNormAct-55', 'CrossStage-4', 'AdaptiveAvgPool2d-1', 'Flatten-1', 'SelectAdaptivePool2d-1', 'Dropout-1', 'Linear-1', 'Identity-113', 'ClassifierHead-1', 'CspNet-1']
Total number of layers: 354

==================================================
Processing layer: Conv2d-52 from model: cspresnet50_classification

For model cspresnet50_classification Layer Conv2d-52: Extracting features for 9000 images in batches of 28...
Feature extraction for model cspresnet50_classification layer Conv2d-52 completed in 581.93 seconds.
Finding best ridge alphas for 50 target PCs using 25088 features and 9000 samples.
Using alphas: 10^4 to 10^20, 50 values spaced logarithmically.
[Pipeline] ........... (step 1 of 1) Processing ridgecv, total= 2.0min

Selected alpha and cross-validation score for each PC:
Finished finding best ridge alphas for each target PC.✅

PC   1: alpha = 910298, CV score = -1559.463912

PC   2: alpha = 429193, CV score = -519.801548

PC   3: alpha = 202359, CV score = -371.671073

PC   4: alpha = 202359, CV score = -218.451217

PC   5: alpha = 429193, CV score = -177.357291

PC   6: alpha = 429193, CV score = -165.223734

PC   7: alpha = 429193, CV score = -144.872018

PC   8: alpha = 1.9307e+06, CV score = -148.821801

PC   9: alpha = 429193, CV score = -105.844878

PC  10: alpha = 429193, CV score = -88.927842

PC  11: alpha = 910298, CV score = -86.471725

PC  12: alpha = 202359, CV score = -59.794893

PC  13: alpha = 910298, CV score = -92.454038

PC  14: alpha = 429193, CV score = -78.480371

PC  15: alpha = 429193, CV score = -68.112864

PC  16: alpha = 910298, CV score = -74.204252

PC  17: alpha = 910298, CV score = -68.898414

PC  18: alpha = 910298, CV score = -73.459308

PC  19: alpha = 429193, CV score = -62.023115

PC  20: alpha = 910298, CV score = -64.268873

PC  21: alpha = 910298, CV score = -57.346904

PC  22: alpha = 910298, CV score = -57.264848

PC  23: alpha = 910298, CV score = -54.573856

PC  24: alpha = 1.9307e+06, CV score = -54.701801

PC  25: alpha = 429193, CV score = -51.970739

PC  26: alpha = 910298, CV score = -51.534290

PC  27: alpha = 910298, CV score = -47.257012

PC  28: alpha = 1.9307e+06, CV score = -47.360975

PC  29: alpha = 910298, CV score = -46.059642

PC  30: alpha = 910298, CV score = -41.046941

PC  31: alpha = 910298, CV score = -40.322397

PC  32: alpha = 910298, CV score = -37.881837

PC  33: alpha = 910298, CV score = -38.129988

PC  34: alpha = 910298, CV score = -38.514250

PC  35: alpha = 910298, CV score = -35.216714

PC  36: alpha = 910298, CV score = -34.407353

PC  37: alpha = 1.9307e+06, CV score = -34.867802

PC  38: alpha = 910298, CV score = -31.546700

PC  39: alpha = 910298, CV score = -33.198359

PC  40: alpha = 910298, CV score = -30.357787

PC  41: alpha = 910298, CV score = -30.537363

PC  42: alpha = 910298, CV score = -28.513837

PC  43: alpha = 910298, CV score = -28.521443

PC  44: alpha = 1.9307e+06, CV score = -28.595238

PC  45: alpha = 910298, CV score = -26.256075

PC  46: alpha = 1.9307e+06, CV score = -27.966476

PC  47: alpha = 910298, CV score = -25.617340

PC  48: alpha = 429193, CV score = -23.349612

PC  49: alpha = 910298, CV score = -24.372280

PC  50: alpha = 910298, CV score = -24.165959

Mean cross-validation score across PCs: -107.201180

======================================================================================

Chosen model: mobilenetv3_large_100_classification
Number of images: 73000
Image shape: (425, 425, 3), dtype: uint8
nsdID shape: (73000,), Shared1000 shape: (73000,)
Neural data shape: (10000, 8088)
Image IDs shape: (10000,)
Number of voxels: 8088
Number of projections for SRP: 7894

Loaded target with shape (10000, 8088).
Transformed data shape: (9000, 200)
Transformed data shape after truncion: (9000, 50)
Model options for mobilenetv3_large_100_classification: {'model_name': 'mobilenetv3_large_100', 'train_type': 'classification', 'train_data': 'imagenet', 'model_source': 'timm', 'call': "get_timm_model('mobilenetv3_large_100', pretrained = True)"}
Image transforms for mobilenetv3_large_100_classification: Compose(
    Resize(size=(224, 224), interpolation=bicubic, max_size=None, antialias=True)
    MaybeToTensor()
    Normalize(mean=tensor([0.4850, 0.4560, 0.4060]), std=tensor([0.2290, 0.2240, 0.2250]))
)
Loaded model: mobilenetv3_large_100_classification
Ordered layers from model: ['Conv2d-1', 'Identity-1', 'Hardswish-1', 'BatchNormAct2d-1', 'Conv2d-2', 'Identity-2', 'ReLU-1', 'BatchNormAct2d-2', 'Identity-3', 'Identity-4', 'Conv2d-3', 'Identity-5', 'Identity-6', 'BatchNormAct2d-3', 'Identity-7', 'DepthwiseSeparableConv-1', 'Conv2d-4', 'Identity-8', 'ReLU-2', 'BatchNormAct2d-4', 'Conv2d-5', 'Identity-9', 'ReLU-3', 'BatchNormAct2d-5', 'Identity-10', 'Identity-11', 'Conv2d-6', 'Identity-12', 'Identity-13', 'BatchNormAct2d-6', 'InvertedResidual-1', 'Conv2d-7', 'Identity-14', 'ReLU-4', 'BatchNormAct2d-7', 'Conv2d-8', 'Identity-15', 'ReLU-5', 'BatchNormAct2d-8', 'Identity-16', 'Identity-17', 'Conv2d-9', 'Identity-18', 'Identity-19', 'BatchNormAct2d-9', 'Identity-20', 'InvertedResidual-2', 'Conv2d-10', 'Identity-21', 'ReLU-6', 'BatchNormAct2d-10', 'Conv2d-11', 'Identity-22', 'ReLU-7', 'BatchNormAct2d-11', 'Identity-23', 'Conv2d-12', 'ReLU-8', 'Conv2d-13', 'Hardsigmoid-1', 'SqueezeExcite-1', 'Conv2d-14', 'Identity-24', 'Identity-25', 'BatchNormAct2d-12', 'InvertedResidual-3', 'Conv2d-15', 'Identity-26', 'ReLU-9', 'BatchNormAct2d-13', 'Conv2d-16', 'Identity-27', 'ReLU-10', 'BatchNormAct2d-14', 'Identity-28', 'Conv2d-17', 'ReLU-11', 'Conv2d-18', 'Hardsigmoid-2', 'SqueezeExcite-2', 'Conv2d-19', 'Identity-29', 'Identity-30', 'BatchNormAct2d-15', 'Identity-31', 'InvertedResidual-4', 'Conv2d-20', 'Identity-32', 'ReLU-12', 'BatchNormAct2d-16', 'Conv2d-21', 'Identity-33', 'ReLU-13', 'BatchNormAct2d-17', 'Identity-34', 'Conv2d-22', 'ReLU-14', 'Conv2d-23', 'Hardsigmoid-3', 'SqueezeExcite-3', 'Conv2d-24', 'Identity-35', 'Identity-36', 'BatchNormAct2d-18', 'Identity-37', 'InvertedResidual-5', 'Conv2d-25', 'Identity-38', 'Hardswish-2', 'BatchNormAct2d-19', 'Conv2d-26', 'Identity-39', 'Hardswish-3', 'BatchNormAct2d-20', 'Identity-40', 'Identity-41', 'Conv2d-27', 'Identity-42', 'Identity-43', 'BatchNormAct2d-21', 'InvertedResidual-6', 'Conv2d-28', 'Identity-44', 'Hardswish-4', 'BatchNormAct2d-22', 'Conv2d-29', 'Identity-45', 'Hardswish-5', 'BatchNormAct2d-23', 'Identity-46', 'Identity-47', 'Conv2d-30', 'Identity-48', 'Identity-49', 'BatchNormAct2d-24', 'Identity-50', 'InvertedResidual-7', 'Conv2d-31', 'Identity-51', 'Hardswish-6', 'BatchNormAct2d-25', 'Conv2d-32', 'Identity-52', 'Hardswish-7', 'BatchNormAct2d-26', 'Identity-53', 'Identity-54', 'Conv2d-33', 'Identity-55', 'Identity-56', 'BatchNormAct2d-27', 'Identity-57', 'InvertedResidual-8', 'Conv2d-34', 'Identity-58', 'Hardswish-8', 'BatchNormAct2d-28', 'Conv2d-35', 'Identity-59', 'Hardswish-9', 'BatchNormAct2d-29', 'Identity-60', 'Identity-61', 'Conv2d-36', 'Identity-62', 'Identity-63', 'BatchNormAct2d-30', 'Identity-64', 'InvertedResidual-9', 'Conv2d-37', 'Identity-65', 'Hardswish-10', 'BatchNormAct2d-31', 'Conv2d-38', 'Identity-66', 'Hardswish-11', 'BatchNormAct2d-32', 'Identity-67', 'Conv2d-39', 'ReLU-15', 'Conv2d-40', 'Hardsigmoid-4', 'SqueezeExcite-4', 'Conv2d-41', 'Identity-68', 'Identity-69', 'BatchNormAct2d-33', 'InvertedResidual-10', 'Conv2d-42', 'Identity-70', 'Hardswish-12', 'BatchNormAct2d-34', 'Conv2d-43', 'Identity-71', 'Hardswish-13', 'BatchNormAct2d-35', 'Identity-72', 'Conv2d-44', 'ReLU-16', 'Conv2d-45', 'Hardsigmoid-5', 'SqueezeExcite-5', 'Conv2d-46', 'Identity-73', 'Identity-74', 'BatchNormAct2d-36', 'Identity-75', 'InvertedResidual-11', 'Conv2d-47', 'Identity-76', 'Hardswish-14', 'BatchNormAct2d-37', 'Conv2d-48', 'Identity-77', 'Hardswish-15', 'BatchNormAct2d-38', 'Identity-78', 'Conv2d-49', 'ReLU-17', 'Conv2d-50', 'Hardsigmoid-6', 'SqueezeExcite-6', 'Conv2d-51', 'Identity-79', 'Identity-80', 'BatchNormAct2d-39', 'InvertedResidual-12', 'Conv2d-52', 'Identity-81', 'Hardswish-16', 'BatchNormAct2d-40', 'Conv2d-53', 'Identity-82', 'Hardswish-17', 'BatchNormAct2d-41', 'Identity-83', 'Conv2d-54', 'ReLU-18', 'Conv2d-55', 'Hardsigmoid-7', 'SqueezeExcite-7', 'Conv2d-56', 'Identity-84', 'Identity-85', 'BatchNormAct2d-42', 'Identity-86', 'InvertedResidual-13', 'Conv2d-57', 'Identity-87', 'Hardswish-18', 'BatchNormAct2d-43', 'Conv2d-58', 'Identity-88', 'Hardswish-19', 'BatchNormAct2d-44', 'Identity-89', 'Conv2d-59', 'ReLU-19', 'Conv2d-60', 'Hardsigmoid-8', 'SqueezeExcite-8', 'Conv2d-61', 'Identity-90', 'Identity-91', 'BatchNormAct2d-45', 'Identity-92', 'InvertedResidual-14', 'Conv2d-62', 'Identity-93', 'Hardswish-20', 'BatchNormAct2d-46', 'Identity-94', 'ConvBnAct-1', 'AdaptiveAvgPool2d-1', 'Identity-95', 'SelectAdaptivePool2d-1', 'Conv2d-63', 'Identity-96', 'Hardswish-21', 'Flatten-1', 'Linear-1', 'MobileNetV3-1']
Total number of layers: 282

==================================================
Processing layer: Identity-88 from model: mobilenetv3_large_100_classification

For model mobilenetv3_large_100_classification Layer Identity-88: Extracting features for 9000 images in batches of 28...
Feature extraction for model mobilenetv3_large_100_classification layer Identity-88 completed in 168.05 seconds.
Finding best ridge alphas for 50 target PCs using 47040 features and 9000 samples.
Using alphas: 10^4 to 10^20, 50 values spaced logarithmically.
[Pipeline] ........... (step 1 of 1) Processing ridgecv, total= 2.6min

Selected alpha and cross-validation score for each PC:
Finished finding best ridge alphas for each target PC.✅

PC   1: alpha = 429193, CV score = -1559.036260

PC   2: alpha = 202359, CV score = -535.116706

PC   3: alpha = 202359, CV score = -374.083278

PC   4: alpha = 202359, CV score = -218.578436

PC   5: alpha = 202359, CV score = -182.900046

PC   6: alpha = 429193, CV score = -166.717588

PC   7: alpha = 429193, CV score = -145.885452

PC   8: alpha = 910298, CV score = -148.090263

PC   9: alpha = 202359, CV score = -106.634316

PC  10: alpha = 202359, CV score = -89.583042

PC  11: alpha = 429193, CV score = -87.102800

PC  12: alpha = 202359, CV score = -60.226349

PC  13: alpha = 910298, CV score = -93.903772

PC  14: alpha = 429193, CV score = -79.294933

PC  15: alpha = 202359, CV score = -68.158781

PC  16: alpha = 429193, CV score = -74.884423

PC  17: alpha = 429193, CV score = -69.241503

PC  18: alpha = 910298, CV score = -73.785875

PC  19: alpha = 429193, CV score = -62.009959

PC  20: alpha = 429193, CV score = -64.421067

PC  21: alpha = 429193, CV score = -57.193224

PC  22: alpha = 429193, CV score = -57.635514

PC  23: alpha = 429193, CV score = -54.896337

PC  24: alpha = 910298, CV score = -54.547663

PC  25: alpha = 429193, CV score = -51.914302

PC  26: alpha = 910298, CV score = -51.869026

PC  27: alpha = 429193, CV score = -47.150395

PC  28: alpha = 910298, CV score = -47.765167

PC  29: alpha = 910298, CV score = -46.495936

PC  30: alpha = 429193, CV score = -41.236460

PC  31: alpha = 429193, CV score = -40.270689

PC  32: alpha = 429193, CV score = -38.128254

PC  33: alpha = 429193, CV score = -38.192944

PC  34: alpha = 910298, CV score = -38.558192

PC  35: alpha = 429193, CV score = -35.222509

PC  36: alpha = 910298, CV score = -34.553432

PC  37: alpha = 910298, CV score = -35.247823

PC  38: alpha = 429193, CV score = -31.802005

PC  39: alpha = 429193, CV score = -33.214034

PC  40: alpha = 429193, CV score = -30.694722

PC  41: alpha = 910298, CV score = -30.475344

PC  42: alpha = 429193, CV score = -28.689523

PC  43: alpha = 429193, CV score = -28.620036

PC  44: alpha = 910298, CV score = -28.713824

PC  45: alpha = 429193, CV score = -26.190901

PC  46: alpha = 910298, CV score = -28.048895

PC  47: alpha = 429193, CV score = -25.569808

PC  48: alpha = 202359, CV score = -23.552639

PC  49: alpha = 429193, CV score = -24.562883

PC  50: alpha = 429193, CV score = -24.146627

Mean cross-validation score across PCs: -107.896279

======================================================================================

Chosen model: ghostnet_100_classification
Number of images: 73000
Image shape: (425, 425, 3), dtype: uint8
nsdID shape: (73000,), Shared1000 shape: (73000,)
Neural data shape: (10000, 8088)
Image IDs shape: (10000,)
Number of voxels: 8088
Number of projections for SRP: 7894

Loaded target with shape (10000, 8088).
Transformed data shape: (9000, 200)
Transformed data shape after truncion: (9000, 50)
Model options for ghostnet_100_classification: {'model_name': 'ghostnet_100', 'train_type': 'classification', 'train_data': 'imagenet', 'model_source': 'timm', 'call': "get_timm_model('ghostnet_100', pretrained = True)"}
Image transforms for ghostnet_100_classification: Compose(
    Resize(size=(224, 224), interpolation=bicubic, max_size=None, antialias=True)
    MaybeToTensor()
    Normalize(mean=tensor([0.4850, 0.4560, 0.4060]), std=tensor([0.2290, 0.2240, 0.2250]))
)
Loaded model: ghostnet_100_classification
Ordered layers from model: ['Conv2d-1', 'BatchNorm2d-1', 'ReLU-1', 'Conv2d-2', 'BatchNorm2d-2', 'ReLU-2', 'Conv2d-3', 'BatchNorm2d-3', 'ReLU-3', 'GhostModule-1', 'Conv2d-4', 'BatchNorm2d-4', 'Identity-1', 'Conv2d-5', 'BatchNorm2d-5', 'Identity-2', 'GhostModule-2', 'GhostBottleneck-1', 'Conv2d-6', 'BatchNorm2d-6', 'ReLU-4', 'Conv2d-7', 'BatchNorm2d-7', 'ReLU-5', 'GhostModule-3', 'Conv2d-8', 'BatchNorm2d-8', 'Conv2d-9', 'BatchNorm2d-9', 'Identity-3', 'Conv2d-10', 'BatchNorm2d-10', 'Identity-4', 'GhostModule-4', 'Conv2d-11', 'BatchNorm2d-11', 'Conv2d-12', 'BatchNorm2d-12', 'GhostBottleneck-2', 'Conv2d-13', 'BatchNorm2d-13', 'ReLU-6', 'Conv2d-14', 'BatchNorm2d-14', 'ReLU-7', 'GhostModule-5', 'Conv2d-15', 'BatchNorm2d-15', 'Identity-5', 'Conv2d-16', 'BatchNorm2d-16', 'Identity-6', 'GhostModule-6', 'GhostBottleneck-3', 'Conv2d-17', 'BatchNorm2d-17', 'ReLU-8', 'Conv2d-18', 'BatchNorm2d-18', 'ReLU-9', 'GhostModule-7', 'Conv2d-19', 'BatchNorm2d-19', 'Conv2d-20', 'ReLU-10', 'Conv2d-21', 'Hardsigmoid-1', 'SqueezeExcite-1', 'Conv2d-22', 'BatchNorm2d-20', 'Identity-7', 'Conv2d-23', 'BatchNorm2d-21', 'Identity-8', 'GhostModule-8', 'Conv2d-24', 'BatchNorm2d-22', 'Conv2d-25', 'BatchNorm2d-23', 'GhostBottleneck-4', 'Conv2d-26', 'BatchNorm2d-24', 'ReLU-11', 'Conv2d-27', 'BatchNorm2d-25', 'ReLU-12', 'GhostModule-9', 'Conv2d-28', 'ReLU-13', 'Conv2d-29', 'Hardsigmoid-2', 'SqueezeExcite-2', 'Conv2d-30', 'BatchNorm2d-26', 'Identity-9', 'Conv2d-31', 'BatchNorm2d-27', 'Identity-10', 'GhostModule-10', 'GhostBottleneck-5', 'Conv2d-32', 'BatchNorm2d-28', 'ReLU-14', 'Conv2d-33', 'BatchNorm2d-29', 'ReLU-15', 'GhostModule-11', 'Conv2d-34', 'BatchNorm2d-30', 'Conv2d-35', 'BatchNorm2d-31', 'Identity-11', 'Conv2d-36', 'BatchNorm2d-32', 'Identity-12', 'GhostModule-12', 'Conv2d-37', 'BatchNorm2d-33', 'Conv2d-38', 'BatchNorm2d-34', 'GhostBottleneck-6', 'Conv2d-39', 'BatchNorm2d-35', 'ReLU-16', 'Conv2d-40', 'BatchNorm2d-36', 'ReLU-17', 'GhostModule-13', 'Conv2d-41', 'BatchNorm2d-37', 'Identity-13', 'Conv2d-42', 'BatchNorm2d-38', 'Identity-14', 'GhostModule-14', 'GhostBottleneck-7', 'Conv2d-43', 'BatchNorm2d-39', 'ReLU-18', 'Conv2d-44', 'BatchNorm2d-40', 'ReLU-19', 'GhostModule-15', 'Conv2d-45', 'BatchNorm2d-41', 'Identity-15', 'Conv2d-46', 'BatchNorm2d-42', 'Identity-16', 'GhostModule-16', 'GhostBottleneck-8', 'Conv2d-47', 'BatchNorm2d-43', 'ReLU-20', 'Conv2d-48', 'BatchNorm2d-44', 'ReLU-21', 'GhostModule-17', 'Conv2d-49', 'BatchNorm2d-45', 'Identity-17', 'Conv2d-50', 'BatchNorm2d-46', 'Identity-18', 'GhostModule-18', 'GhostBottleneck-9', 'Conv2d-51', 'BatchNorm2d-47', 'ReLU-22', 'Conv2d-52', 'BatchNorm2d-48', 'ReLU-23', 'GhostModule-19', 'Conv2d-53', 'ReLU-24', 'Conv2d-54', 'Hardsigmoid-3', 'SqueezeExcite-3', 'Conv2d-55', 'BatchNorm2d-49', 'Identity-19', 'Conv2d-56', 'BatchNorm2d-50', 'Identity-20', 'GhostModule-20', 'Conv2d-57', 'BatchNorm2d-51', 'Conv2d-58', 'BatchNorm2d-52', 'GhostBottleneck-10', 'Conv2d-59', 'BatchNorm2d-53', 'ReLU-25', 'Conv2d-60', 'BatchNorm2d-54', 'ReLU-26', 'GhostModule-21', 'Conv2d-61', 'ReLU-27', 'Conv2d-62', 'Hardsigmoid-4', 'SqueezeExcite-4', 'Conv2d-63', 'BatchNorm2d-55', 'Identity-21', 'Conv2d-64', 'BatchNorm2d-56', 'Identity-22', 'GhostModule-22', 'GhostBottleneck-11', 'Conv2d-65', 'BatchNorm2d-57', 'ReLU-28', 'Conv2d-66', 'BatchNorm2d-58', 'ReLU-29', 'GhostModule-23', 'Conv2d-67', 'BatchNorm2d-59', 'Conv2d-68', 'ReLU-30', 'Conv2d-69', 'Hardsigmoid-5', 'SqueezeExcite-5', 'Conv2d-70', 'BatchNorm2d-60', 'Identity-23', 'Conv2d-71', 'BatchNorm2d-61', 'Identity-24', 'GhostModule-24', 'Conv2d-72', 'BatchNorm2d-62', 'Conv2d-73', 'BatchNorm2d-63', 'GhostBottleneck-12', 'Conv2d-74', 'BatchNorm2d-64', 'ReLU-31', 'Conv2d-75', 'BatchNorm2d-65', 'ReLU-32', 'GhostModule-25', 'Conv2d-76', 'BatchNorm2d-66', 'Identity-25', 'Conv2d-77', 'BatchNorm2d-67', 'Identity-26', 'GhostModule-26', 'GhostBottleneck-13', 'Conv2d-78', 'BatchNorm2d-68', 'ReLU-33', 'Conv2d-79', 'BatchNorm2d-69', 'ReLU-34', 'GhostModule-27', 'Conv2d-80', 'ReLU-35', 'Conv2d-81', 'Hardsigmoid-6', 'SqueezeExcite-6', 'Conv2d-82', 'BatchNorm2d-70', 'Identity-27', 'Conv2d-83', 'BatchNorm2d-71', 'Identity-28', 'GhostModule-28', 'GhostBottleneck-14', 'Conv2d-84', 'BatchNorm2d-72', 'ReLU-36', 'Conv2d-85', 'BatchNorm2d-73', 'ReLU-37', 'GhostModule-29', 'Conv2d-86', 'BatchNorm2d-74', 'Identity-29', 'Conv2d-87', 'BatchNorm2d-75', 'Identity-30', 'GhostModule-30', 'GhostBottleneck-15', 'Conv2d-88', 'BatchNorm2d-76', 'ReLU-38', 'Conv2d-89', 'BatchNorm2d-77', 'ReLU-39', 'GhostModule-31', 'Conv2d-90', 'ReLU-40', 'Conv2d-91', 'Hardsigmoid-7', 'SqueezeExcite-7', 'Conv2d-92', 'BatchNorm2d-78', 'Identity-31', 'Conv2d-93', 'BatchNorm2d-79', 'Identity-32', 'GhostModule-32', 'GhostBottleneck-16', 'Conv2d-94', 'Identity-33', 'ReLU-41', 'BatchNormAct2d-1', 'Identity-34', 'ConvBnAct-1', 'AdaptiveAvgPool2d-1', 'Identity-35', 'SelectAdaptivePool2d-1', 'Conv2d-95', 'ReLU-42', 'Flatten-1', 'Linear-1', 'GhostNet-1']
Total number of layers: 320

==================================================
Processing layer: BatchNorm2d-77 from model: ghostnet_100_classification

For model ghostnet_100_classification Layer BatchNorm2d-77: Extracting features for 9000 images in batches of 28...
Feature extraction for model ghostnet_100_classification layer BatchNorm2d-77 completed in 164.11 seconds.
Finding best ridge alphas for 50 target PCs using 23520 features and 9000 samples.
Using alphas: 10^4 to 10^20, 50 values spaced logarithmically.
[Pipeline] ........... (step 1 of 1) Processing ridgecv, total= 2.0min

Selected alpha and cross-validation score for each PC:
Finished finding best ridge alphas for each target PC.✅

PC   1: alpha = 910298, CV score = -1566.348819

PC   2: alpha = 202359, CV score = -547.546496

PC   3: alpha = 202359, CV score = -371.291630

PC   4: alpha = 202359, CV score = -220.966493

PC   5: alpha = 429193, CV score = -184.448470

PC   6: alpha = 429193, CV score = -165.683349

PC   7: alpha = 429193, CV score = -147.556702

PC   8: alpha = 910298, CV score = -148.676386

PC   9: alpha = 429193, CV score = -107.853765

PC  10: alpha = 429193, CV score = -90.829495

PC  11: alpha = 910298, CV score = -87.650784

PC  12: alpha = 429193, CV score = -62.656827

PC  13: alpha = 910298, CV score = -94.124876

PC  14: alpha = 910298, CV score = -79.586279

PC  15: alpha = 429193, CV score = -69.203956

PC  16: alpha = 910298, CV score = -75.173203

PC  17: alpha = 910298, CV score = -68.960396

PC  18: alpha = 1.9307e+06, CV score = -73.648550

PC  19: alpha = 910298, CV score = -62.273951

PC  20: alpha = 910298, CV score = -64.532456

PC  21: alpha = 910298, CV score = -57.677541

PC  22: alpha = 910298, CV score = -57.603088

PC  23: alpha = 910298, CV score = -54.931911

PC  24: alpha = 1.9307e+06, CV score = -54.841647

PC  25: alpha = 910298, CV score = -52.255448

PC  26: alpha = 910298, CV score = -52.099509

PC  27: alpha = 910298, CV score = -47.621826

PC  28: alpha = 1.9307e+06, CV score = -48.046514

PC  29: alpha = 910298, CV score = -46.432148

PC  30: alpha = 910298, CV score = -41.647423

PC  31: alpha = 429193, CV score = -40.750460

PC  32: alpha = 910298, CV score = -38.535421

PC  33: alpha = 910298, CV score = -38.533730

PC  34: alpha = 1.9307e+06, CV score = -38.815126

PC  35: alpha = 910298, CV score = -35.461656

PC  36: alpha = 910298, CV score = -34.729653

PC  37: alpha = 1.9307e+06, CV score = -35.183309

PC  38: alpha = 910298, CV score = -31.847031

PC  39: alpha = 910298, CV score = -33.390571

PC  40: alpha = 910298, CV score = -31.034387

PC  41: alpha = 910298, CV score = -30.494478

PC  42: alpha = 910298, CV score = -28.866469

PC  43: alpha = 910298, CV score = -28.630069

PC  44: alpha = 1.9307e+06, CV score = -28.872792

PC  45: alpha = 910298, CV score = -26.502401

PC  46: alpha = 1.9307e+06, CV score = -28.010699

PC  47: alpha = 910298, CV score = -25.761729

PC  48: alpha = 429193, CV score = -23.396284

PC  49: alpha = 910298, CV score = -24.706356

PC  50: alpha = 910298, CV score = -24.310497

Mean cross-validation score across PCs: -108.600061

======================================================================================

Chosen model: convnext_base_classification
Number of images: 73000
Image shape: (425, 425, 3), dtype: uint8
nsdID shape: (73000,), Shared1000 shape: (73000,)
Neural data shape: (10000, 8088)
Image IDs shape: (10000,)
Number of voxels: 8088
Number of projections for SRP: 7894

Loaded target with shape (10000, 8088).
Transformed data shape: (9000, 200)
Transformed data shape after truncion: (9000, 50)
Model options for convnext_base_classification: {'model_name': 'convnext_base', 'train_type': 'classification', 'train_data': 'imagenet', 'model_source': 'timm', 'call': "get_timm_model('convnext_base', pretrained = True)"}
Image transforms for convnext_base_classification: Compose(
    Resize(size=(224, 224), interpolation=bicubic, max_size=None, antialias=True)
    MaybeToTensor()
    Normalize(mean=tensor([0.4850, 0.4560, 0.4060]), std=tensor([0.2290, 0.2240, 0.2250]))
)
Loaded model: convnext_base_classification
Ordered layers from model: ['Conv2d-1', 'LayerNorm2d-1', 'Identity-1', 'Conv2d-2', 'LayerNorm-2', 'Linear-1', 'GELU-1', 'Dropout-1', 'Identity-2', 'Linear-2', 'Dropout-2', 'Mlp-1', 'Identity-3', 'Identity-4', 'ConvNeXtBlock-1', 'Conv2d-3', 'LayerNorm-3', 'Linear-3', 'GELU-2', 'Dropout-3', 'Identity-5', 'Linear-4', 'Dropout-4', 'Mlp-2', 'Identity-6', 'Identity-7', 'ConvNeXtBlock-2', 'Conv2d-4', 'LayerNorm-4', 'Linear-5', 'GELU-3', 'Dropout-5', 'Identity-8', 'Linear-6', 'Dropout-6', 'Mlp-3', 'Identity-9', 'Identity-10', 'ConvNeXtBlock-3', 'ConvNeXtStage-1', 'LayerNorm2d-2', 'Conv2d-5', 'Conv2d-6', 'LayerNorm-6', 'Linear-7', 'GELU-4', 'Dropout-7', 'Identity-11', 'Linear-8', 'Dropout-8', 'Mlp-4', 'Identity-12', 'Identity-13', 'ConvNeXtBlock-4', 'Conv2d-7', 'LayerNorm-7', 'Linear-9', 'GELU-5', 'Dropout-9', 'Identity-14', 'Linear-10', 'Dropout-10', 'Mlp-5', 'Identity-15', 'Identity-16', 'ConvNeXtBlock-5', 'Conv2d-8', 'LayerNorm-8', 'Linear-11', 'GELU-6', 'Dropout-11', 'Identity-17', 'Linear-12', 'Dropout-12', 'Mlp-6', 'Identity-18', 'Identity-19', 'ConvNeXtBlock-6', 'ConvNeXtStage-2', 'LayerNorm2d-3', 'Conv2d-9', 'Conv2d-10', 'LayerNorm-10', 'Linear-13', 'GELU-7', 'Dropout-13', 'Identity-20', 'Linear-14', 'Dropout-14', 'Mlp-7', 'Identity-21', 'Identity-22', 'ConvNeXtBlock-7', 'Conv2d-11', 'LayerNorm-11', 'Linear-15', 'GELU-8', 'Dropout-15', 'Identity-23', 'Linear-16', 'Dropout-16', 'Mlp-8', 'Identity-24', 'Identity-25', 'ConvNeXtBlock-8', 'Conv2d-12', 'LayerNorm-12', 'Linear-17', 'GELU-9', 'Dropout-17', 'Identity-26', 'Linear-18', 'Dropout-18', 'Mlp-9', 'Identity-27', 'Identity-28', 'ConvNeXtBlock-9', 'Conv2d-13', 'LayerNorm-13', 'Linear-19', 'GELU-10', 'Dropout-19', 'Identity-29', 'Linear-20', 'Dropout-20', 'Mlp-10', 'Identity-30', 'Identity-31', 'ConvNeXtBlock-10', 'Conv2d-14', 'LayerNorm-14', 'Linear-21', 'GELU-11', 'Dropout-21', 'Identity-32', 'Linear-22', 'Dropout-22', 'Mlp-11', 'Identity-33', 'Identity-34', 'ConvNeXtBlock-11', 'Conv2d-15', 'LayerNorm-15', 'Linear-23', 'GELU-12', 'Dropout-23', 'Identity-35', 'Linear-24', 'Dropout-24', 'Mlp-12', 'Identity-36', 'Identity-37', 'ConvNeXtBlock-12', 'Conv2d-16', 'LayerNorm-16', 'Linear-25', 'GELU-13', 'Dropout-25', 'Identity-38', 'Linear-26', 'Dropout-26', 'Mlp-13', 'Identity-39', 'Identity-40', 'ConvNeXtBlock-13', 'Conv2d-17', 'LayerNorm-17', 'Linear-27', 'GELU-14', 'Dropout-27', 'Identity-41', 'Linear-28', 'Dropout-28', 'Mlp-14', 'Identity-42', 'Identity-43', 'ConvNeXtBlock-14', 'Conv2d-18', 'LayerNorm-18', 'Linear-29', 'GELU-15', 'Dropout-29', 'Identity-44', 'Linear-30', 'Dropout-30', 'Mlp-15', 'Identity-45', 'Identity-46', 'ConvNeXtBlock-15', 'Conv2d-19', 'LayerNorm-19', 'Linear-31', 'GELU-16', 'Dropout-31', 'Identity-47', 'Linear-32', 'Dropout-32', 'Mlp-16', 'Identity-48', 'Identity-49', 'ConvNeXtBlock-16', 'Conv2d-20', 'LayerNorm-20', 'Linear-33', 'GELU-17', 'Dropout-33', 'Identity-50', 'Linear-34', 'Dropout-34', 'Mlp-17', 'Identity-51', 'Identity-52', 'ConvNeXtBlock-17', 'Conv2d-21', 'LayerNorm-21', 'Linear-35', 'GELU-18', 'Dropout-35', 'Identity-53', 'Linear-36', 'Dropout-36', 'Mlp-18', 'Identity-54', 'Identity-55', 'ConvNeXtBlock-18', 'Conv2d-22', 'LayerNorm-22', 'Linear-37', 'GELU-19', 'Dropout-37', 'Identity-56', 'Linear-38', 'Dropout-38', 'Mlp-19', 'Identity-57', 'Identity-58', 'ConvNeXtBlock-19', 'Conv2d-23', 'LayerNorm-23', 'Linear-39', 'GELU-20', 'Dropout-39', 'Identity-59', 'Linear-40', 'Dropout-40', 'Mlp-20', 'Identity-60', 'Identity-61', 'ConvNeXtBlock-20', 'Conv2d-24', 'LayerNorm-24', 'Linear-41', 'GELU-21', 'Dropout-41', 'Identity-62', 'Linear-42', 'Dropout-42', 'Mlp-21', 'Identity-63', 'Identity-64', 'ConvNeXtBlock-21', 'Conv2d-25', 'LayerNorm-25', 'Linear-43', 'GELU-22', 'Dropout-43', 'Identity-65', 'Linear-44', 'Dropout-44', 'Mlp-22', 'Identity-66', 'Identity-67', 'ConvNeXtBlock-22', 'Conv2d-26', 'LayerNorm-26', 'Linear-45', 'GELU-23', 'Dropout-45', 'Identity-68', 'Linear-46', 'Dropout-46', 'Mlp-23', 'Identity-69', 'Identity-70', 'ConvNeXtBlock-23', 'Conv2d-27', 'LayerNorm-27', 'Linear-47', 'GELU-24', 'Dropout-47', 'Identity-71', 'Linear-48', 'Dropout-48', 'Mlp-24', 'Identity-72', 'Identity-73', 'ConvNeXtBlock-24', 'Conv2d-28', 'LayerNorm-28', 'Linear-49', 'GELU-25', 'Dropout-49', 'Identity-74', 'Linear-50', 'Dropout-50', 'Mlp-25', 'Identity-75', 'Identity-76', 'ConvNeXtBlock-25', 'Conv2d-29', 'LayerNorm-29', 'Linear-51', 'GELU-26', 'Dropout-51', 'Identity-77', 'Linear-52', 'Dropout-52', 'Mlp-26', 'Identity-78', 'Identity-79', 'ConvNeXtBlock-26', 'Conv2d-30', 'LayerNorm-30', 'Linear-53', 'GELU-27', 'Dropout-53', 'Identity-80', 'Linear-54', 'Dropout-54', 'Mlp-27', 'Identity-81', 'Identity-82', 'ConvNeXtBlock-27', 'Conv2d-31', 'LayerNorm-31', 'Linear-55', 'GELU-28', 'Dropout-55', 'Identity-83', 'Linear-56', 'Dropout-56', 'Mlp-28', 'Identity-84', 'Identity-85', 'ConvNeXtBlock-28', 'Conv2d-32', 'LayerNorm-32', 'Linear-57', 'GELU-29', 'Dropout-57', 'Identity-86', 'Linear-58', 'Dropout-58', 'Mlp-29', 'Identity-87', 'Identity-88', 'ConvNeXtBlock-29', 'Conv2d-33', 'LayerNorm-33', 'Linear-59', 'GELU-30', 'Dropout-59', 'Identity-89', 'Linear-60', 'Dropout-60', 'Mlp-30', 'Identity-90', 'Identity-91', 'ConvNeXtBlock-30', 'Conv2d-34', 'LayerNorm-34', 'Linear-61', 'GELU-31', 'Dropout-61', 'Identity-92', 'Linear-62', 'Dropout-62', 'Mlp-31', 'Identity-93', 'Identity-94', 'ConvNeXtBlock-31', 'Conv2d-35', 'LayerNorm-35', 'Linear-63', 'GELU-32', 'Dropout-63', 'Identity-95', 'Linear-64', 'Dropout-64', 'Mlp-32', 'Identity-96', 'Identity-97', 'ConvNeXtBlock-32', 'Conv2d-36', 'LayerNorm-36', 'Linear-65', 'GELU-33', 'Dropout-65', 'Identity-98', 'Linear-66', 'Dropout-66', 'Mlp-33', 'Identity-99', 'Identity-100', 'ConvNeXtBlock-33', 'ConvNeXtStage-3', 'LayerNorm2d-4', 'Conv2d-37', 'Conv2d-38', 'LayerNorm-38', 'Linear-67', 'GELU-34', 'Dropout-67', 'Identity-101', 'Linear-68', 'Dropout-68', 'Mlp-34', 'Identity-102', 'Identity-103', 'ConvNeXtBlock-34', 'Conv2d-39', 'LayerNorm-39', 'Linear-69', 'GELU-35', 'Dropout-69', 'Identity-104', 'Linear-70', 'Dropout-70', 'Mlp-35', 'Identity-105', 'Identity-106', 'ConvNeXtBlock-35', 'Conv2d-40', 'LayerNorm-40', 'Linear-71', 'GELU-36', 'Dropout-71', 'Identity-107', 'Linear-72', 'Dropout-72', 'Mlp-36', 'Identity-108', 'Identity-109', 'ConvNeXtBlock-36', 'ConvNeXtStage-4', 'Identity-110', 'AdaptiveAvgPool2d-1', 'Identity-111', 'SelectAdaptivePool2d-1', 'LayerNorm2d-5', 'Flatten-1', 'Identity-112', 'Dropout-73', 'Linear-73', 'NormMlpClassifierHead-1', 'ConvNeXt-41']
Total number of layers: 456

==================================================
Processing layer: Conv2d-26 from model: convnext_base_classification

For model convnext_base_classification Layer Conv2d-26: Extracting features for 9000 images in batches of 28...
Feature extraction for model convnext_base_classification layer Conv2d-26 completed in 2483.95 seconds.
Finding best ridge alphas for 50 target PCs using 100352 features and 9000 samples.
Using alphas: 10^4 to 10^20, 50 values spaced logarithmically.
[Pipeline] ........... (step 1 of 1) Processing ridgecv, total= 4.0min

Selected alpha and cross-validation score for each PC:
Finished finding best ridge alphas for each target PC.✅

PC   1: alpha = 8.68511e+06, CV score = -1511.709493

PC   2: alpha = 4.09492e+06, CV score = -491.158729

PC   3: alpha = 1.9307e+06, CV score = -337.185164

PC   4: alpha = 1.9307e+06, CV score = -203.620583

PC   5: alpha = 4.09492e+06, CV score = -170.854349

PC   6: alpha = 4.09492e+06, CV score = -159.428770

PC   7: alpha = 4.09492e+06, CV score = -142.307620

PC   8: alpha = 8.68511e+06, CV score = -147.541611

PC   9: alpha = 4.09492e+06, CV score = -103.246845

PC  10: alpha = 4.09492e+06, CV score = -86.429544

PC  11: alpha = 4.09492e+06, CV score = -83.540485

PC  12: alpha = 1.9307e+06, CV score = -55.274452

PC  13: alpha = 8.68511e+06, CV score = -91.774509

PC  14: alpha = 4.09492e+06, CV score = -76.444403

PC  15: alpha = 4.09492e+06, CV score = -66.131918

PC  16: alpha = 4.09492e+06, CV score = -72.688690

PC  17: alpha = 4.09492e+06, CV score = -67.622172

PC  18: alpha = 8.68511e+06, CV score = -72.906371

PC  19: alpha = 4.09492e+06, CV score = -60.711817

PC  20: alpha = 8.68511e+06, CV score = -63.593472

PC  21: alpha = 4.09492e+06, CV score = -56.216883

PC  22: alpha = 8.68511e+06, CV score = -56.820586

PC  23: alpha = 4.09492e+06, CV score = -53.942257

PC  24: alpha = 8.68511e+06, CV score = -54.109731

PC  25: alpha = 4.09492e+06, CV score = -50.479430

PC  26: alpha = 8.68511e+06, CV score = -51.556979

PC  27: alpha = 4.09492e+06, CV score = -46.726420

PC  28: alpha = 8.68511e+06, CV score = -47.190944

PC  29: alpha = 8.68511e+06, CV score = -45.442517

PC  30: alpha = 8.68511e+06, CV score = -40.755239

PC  31: alpha = 4.09492e+06, CV score = -39.208485

PC  32: alpha = 4.09492e+06, CV score = -37.675826

PC  33: alpha = 8.68511e+06, CV score = -37.899094

PC  34: alpha = 8.68511e+06, CV score = -38.446255

PC  35: alpha = 4.09492e+06, CV score = -34.570307

PC  36: alpha = 8.68511e+06, CV score = -34.085174

PC  37: alpha = 8.68511e+06, CV score = -34.718705

PC  38: alpha = 4.09492e+06, CV score = -30.867567

PC  39: alpha = 4.09492e+06, CV score = -32.774927

PC  40: alpha = 8.68511e+06, CV score = -30.216493

PC  41: alpha = 8.68511e+06, CV score = -29.955220

PC  42: alpha = 4.09492e+06, CV score = -28.250653

PC  43: alpha = 8.68511e+06, CV score = -28.492158

PC  44: alpha = 8.68511e+06, CV score = -28.364733

PC  45: alpha = 4.09492e+06, CV score = -25.878958

PC  46: alpha = 8.68511e+06, CV score = -27.861812

PC  47: alpha = 8.68511e+06, CV score = -25.444661

PC  48: alpha = 1.9307e+06, CV score = -22.423920

PC  49: alpha = 8.68511e+06, CV score = -24.335897

PC  50: alpha = 8.68511e+06, CV score = -23.847170

Mean cross-validation score across PCs: -103.654600

======================================================================================

Chosen model: xcit_nano_12_p8_224_classification
Number of images: 73000
Image shape: (425, 425, 3), dtype: uint8
nsdID shape: (73000,), Shared1000 shape: (73000,)
Neural data shape: (10000, 8088)
Image IDs shape: (10000,)
Number of voxels: 8088
Number of projections for SRP: 7894

Loaded target with shape (10000, 8088).
Transformed data shape: (9000, 200)
Transformed data shape after truncion: (9000, 50)
Model options for xcit_nano_12_p8_224_classification: {'model_name': 'xcit_nano_12_p8_224', 'train_type': 'classification', 'train_data': 'imagenet', 'model_source': 'timm', 'call': "get_timm_model('xcit_nano_12_p8_224', pretrained = True)"}
Image transforms for xcit_nano_12_p8_224_classification: Compose(
    Resize(size=(224, 224), interpolation=bicubic, max_size=None, antialias=True)
    MaybeToTensor()
    Normalize(mean=tensor([0.4850, 0.4560, 0.4060]), std=tensor([0.2290, 0.2240, 0.2250]))
)
Loaded model: xcit_nano_12_p8_224_classification
Ordered layers from model: ['Conv2d-1', 'BatchNorm2d-1', 'GELU-1', 'Conv2d-2', 'BatchNorm2d-2', 'GELU-2', 'Conv2d-3', 'BatchNorm2d-3', 'ConvPatchEmbed-1-1', 'PositionalEncodingFourier-1', 'Dropout-1', 'LayerNorm-1', 'Linear-1', 'Dropout-2', 'Linear-2', 'Dropout-3', 'XCA-1', 'Identity-1', 'LayerNorm-2', 'Conv2d-5', 'GELU-3', 'BatchNorm2d-4', 'Conv2d-6', 'LPI-1', 'Identity-2', 'LayerNorm-3', 'Linear-3', 'GELU-4', 'Dropout-4', 'Identity-3', 'Linear-4', 'Dropout-5', 'Mlp-1', 'Identity-4', 'XCABlock-1', 'LayerNorm-4', 'Linear-5', 'Dropout-6', 'Linear-6', 'Dropout-7', 'XCA-3', 'Identity-5', 'LayerNorm-5', 'Conv2d-7', 'GELU-5', 'BatchNorm2d-5', 'Conv2d-8', 'LPI-2', 'Identity-6', 'LayerNorm-6', 'Linear-7', 'GELU-6', 'Dropout-8', 'Identity-7', 'Linear-8', 'Dropout-9', 'Mlp-2', 'Identity-8', 'XCABlock-2', 'LayerNorm-7', 'Linear-9', 'Dropout-10', 'Linear-10', 'Dropout-11', 'XCA-5', 'Identity-9', 'LayerNorm-8', 'Conv2d-9', 'GELU-7', 'BatchNorm2d-6', 'Conv2d-10', 'LPI-3', 'Identity-10', 'LayerNorm-9', 'Linear-11', 'GELU-8', 'Dropout-12', 'Identity-11', 'Linear-12', 'Dropout-13', 'Mlp-3', 'Identity-12', 'XCABlock-3', 'LayerNorm-10', 'Linear-13', 'Dropout-14', 'Linear-14', 'Dropout-15', 'XCA-7', 'Identity-13', 'LayerNorm-11', 'Conv2d-11', 'GELU-9', 'BatchNorm2d-7', 'Conv2d-12', 'LPI-4', 'Identity-14', 'LayerNorm-12', 'Linear-15', 'GELU-10', 'Dropout-16', 'Identity-15', 'Linear-16', 'Dropout-17', 'Mlp-4', 'Identity-16', 'XCABlock-4', 'LayerNorm-13', 'Linear-17', 'Dropout-18', 'Linear-18', 'Dropout-19', 'XCA-9', 'Identity-17', 'LayerNorm-14', 'Conv2d-13', 'GELU-11', 'BatchNorm2d-8', 'Conv2d-14', 'LPI-5', 'Identity-18', 'LayerNorm-15', 'Linear-19', 'GELU-12', 'Dropout-20', 'Identity-19', 'Linear-20', 'Dropout-21', 'Mlp-5', 'Identity-20', 'XCABlock-5', 'LayerNorm-16', 'Linear-21', 'Dropout-22', 'Linear-22', 'Dropout-23', 'XCA-11', 'Identity-21', 'LayerNorm-17', 'Conv2d-15', 'GELU-13', 'BatchNorm2d-9', 'Conv2d-16', 'LPI-6', 'Identity-22', 'LayerNorm-18', 'Linear-23', 'GELU-14', 'Dropout-24', 'Identity-23', 'Linear-24', 'Dropout-25', 'Mlp-6', 'Identity-24', 'XCABlock-6', 'LayerNorm-19', 'Linear-25', 'Dropout-26', 'Linear-26', 'Dropout-27', 'XCA-13', 'Identity-25', 'LayerNorm-20', 'Conv2d-17', 'GELU-15', 'BatchNorm2d-10', 'Conv2d-18', 'LPI-7', 'Identity-26', 'LayerNorm-21', 'Linear-27', 'GELU-16', 'Dropout-28', 'Identity-27', 'Linear-28', 'Dropout-29', 'Mlp-7', 'Identity-28', 'XCABlock-7', 'LayerNorm-22', 'Linear-29', 'Dropout-30', 'Linear-30', 'Dropout-31', 'XCA-15', 'Identity-29', 'LayerNorm-23', 'Conv2d-19', 'GELU-17', 'BatchNorm2d-11', 'Conv2d-20', 'LPI-8', 'Identity-30', 'LayerNorm-24', 'Linear-31', 'GELU-18', 'Dropout-32', 'Identity-31', 'Linear-32', 'Dropout-33', 'Mlp-8', 'Identity-32', 'XCABlock-8', 'LayerNorm-25', 'Linear-33', 'Dropout-34', 'Linear-34', 'Dropout-35', 'XCA-17', 'Identity-33', 'LayerNorm-26', 'Conv2d-21', 'GELU-19', 'BatchNorm2d-12', 'Conv2d-22', 'LPI-9', 'Identity-34', 'LayerNorm-27', 'Linear-35', 'GELU-20', 'Dropout-36', 'Identity-35', 'Linear-36', 'Dropout-37', 'Mlp-9', 'Identity-36', 'XCABlock-9', 'LayerNorm-28', 'Linear-37', 'Dropout-38', 'Linear-38', 'Dropout-39', 'XCA-19', 'Identity-37', 'LayerNorm-29', 'Conv2d-23', 'GELU-21', 'BatchNorm2d-13', 'Conv2d-24', 'LPI-10', 'Identity-38', 'LayerNorm-30', 'Linear-39', 'GELU-22', 'Dropout-40', 'Identity-39', 'Linear-40', 'Dropout-41', 'Mlp-10', 'Identity-40', 'XCABlock-10', 'LayerNorm-31', 'Linear-41', 'Dropout-42', 'Linear-42', 'Dropout-43', 'XCA-21', 'Identity-41', 'LayerNorm-32', 'Conv2d-25', 'GELU-23', 'BatchNorm2d-14', 'Conv2d-26', 'LPI-11', 'Identity-42', 'LayerNorm-33', 'Linear-43', 'GELU-24', 'Dropout-44', 'Identity-43', 'Linear-44', 'Dropout-45', 'Mlp-11', 'Identity-44', 'XCABlock-11', 'LayerNorm-34', 'Linear-45', 'Dropout-46', 'Linear-46', 'Dropout-47', 'XCA-23', 'Identity-45', 'LayerNorm-35', 'Conv2d-27', 'GELU-25', 'BatchNorm2d-15', 'Conv2d-28', 'LPI-12', 'Identity-46', 'LayerNorm-36', 'Linear-47', 'GELU-26', 'Dropout-48', 'Identity-47', 'Linear-48', 'Dropout-49', 'Mlp-12', 'Identity-48', 'XCABlock-12', 'LayerNorm-37', 'Linear-49', 'Linear-50', 'Linear-51', 'Linear-52', 'Dropout-50', 'ClassAttn-1', 'Identity-49', 'LayerNorm-38', 'Linear-53', 'GELU-27', 'Dropout-51', 'Identity-50', 'Linear-54', 'Dropout-52', 'Mlp-13', 'Identity-51', 'ClassAttentionBlock-1', 'LayerNorm-39', 'Linear-55', 'Linear-56', 'Linear-57', 'Linear-58', 'Dropout-53', 'ClassAttn-2', 'Identity-52', 'LayerNorm-40', 'Linear-59', 'GELU-28', 'Dropout-54', 'Identity-53', 'Linear-60', 'Dropout-55', 'Mlp-14', 'Identity-54', 'ClassAttentionBlock-2', 'LayerNorm-41', 'Dropout-56', 'Linear-61', 'Xcit-1']
Total number of layers: 339

==================================================
Processing layer: Linear-43 from model: xcit_nano_12_p8_224_classification

For model xcit_nano_12_p8_224_classification Layer Linear-43: Extracting features for 9000 images in batches of 28...
Feature extraction for model xcit_nano_12_p8_224_classification layer Linear-43 completed in 630.41 seconds.
Finding best ridge alphas for 50 target PCs using 401408 features and 9000 samples.
Using alphas: 10^4 to 10^20, 50 values spaced logarithmically.
[Pipeline] ........... (step 1 of 1) Processing ridgecv, total=12.0min

Selected alpha and cross-validation score for each PC:
Finished finding best ridge alphas for each target PC.✅

PC   1: alpha = 429193, CV score = -1565.063361

PC   2: alpha = 202359, CV score = -561.856628

PC   3: alpha = 202359, CV score = -368.337259

PC   4: alpha = 202359, CV score = -223.030053

PC   5: alpha = 202359, CV score = -185.353182

PC   6: alpha = 429193, CV score = -171.260654

PC   7: alpha = 429193, CV score = -147.532047

PC   8: alpha = 910298, CV score = -149.521680

PC   9: alpha = 429193, CV score = -109.746474

PC  10: alpha = 429193, CV score = -92.229791

PC  11: alpha = 429193, CV score = -86.402002

PC  12: alpha = 202359, CV score = -63.690836

PC  13: alpha = 910298, CV score = -94.888440

PC  14: alpha = 429193, CV score = -78.958045

PC  15: alpha = 429193, CV score = -68.894620

PC  16: alpha = 429193, CV score = -75.253645

PC  17: alpha = 429193, CV score = -69.556638

PC  18: alpha = 910298, CV score = -73.432514

PC  19: alpha = 429193, CV score = -63.455279

PC  20: alpha = 429193, CV score = -64.415976

PC  21: alpha = 429193, CV score = -58.522192

PC  22: alpha = 429193, CV score = -57.737307

PC  23: alpha = 429193, CV score = -55.236867

PC  24: alpha = 429193, CV score = -54.749170

PC  25: alpha = 429193, CV score = -52.320773

PC  26: alpha = 910298, CV score = -52.104714

PC  27: alpha = 429193, CV score = -47.453714

PC  28: alpha = 910298, CV score = -47.842709

PC  29: alpha = 910298, CV score = -46.569947

PC  30: alpha = 429193, CV score = -41.785110

PC  31: alpha = 429193, CV score = -40.489703

PC  32: alpha = 429193, CV score = -38.615874

PC  33: alpha = 429193, CV score = -38.702924

PC  34: alpha = 910298, CV score = -38.578688

PC  35: alpha = 429193, CV score = -35.397374

PC  36: alpha = 910298, CV score = -34.798295

PC  37: alpha = 910298, CV score = -35.049709

PC  38: alpha = 429193, CV score = -32.030833

PC  39: alpha = 910298, CV score = -33.198876

PC  40: alpha = 429193, CV score = -30.963217

PC  41: alpha = 910298, CV score = -30.569911

PC  42: alpha = 429193, CV score = -28.938367

PC  43: alpha = 910298, CV score = -28.829006

PC  44: alpha = 910298, CV score = -28.838960

PC  45: alpha = 429193, CV score = -26.524568

PC  46: alpha = 910298, CV score = -28.175692

PC  47: alpha = 910298, CV score = -25.862507

PC  48: alpha = 202359, CV score = -23.583892

PC  49: alpha = 429193, CV score = -24.764116

PC  50: alpha = 429193, CV score = -24.194508

Mean cross-validation score across PCs: -109.106173

======================================================================================

Chosen model: xcit_nano_12_p16_224_classification
Number of images: 73000
Image shape: (425, 425, 3), dtype: uint8
nsdID shape: (73000,), Shared1000 shape: (73000,)
Neural data shape: (10000, 8088)
Image IDs shape: (10000,)
Number of voxels: 8088
Number of projections for SRP: 7894

Loaded target with shape (10000, 8088).
Transformed data shape: (9000, 200)
Transformed data shape after truncion: (9000, 50)
Model options for xcit_nano_12_p16_224_classification: {'model_name': 'xcit_nano_12_p16_224', 'train_type': 'classification', 'train_data': 'imagenet', 'model_source': 'timm', 'call': "get_timm_model('xcit_nano_12_p16_224', pretrained = True)"}
Image transforms for xcit_nano_12_p16_224_classification: Compose(
    Resize(size=(224, 224), interpolation=bicubic, max_size=None, antialias=True)
    MaybeToTensor()
    Normalize(mean=tensor([0.4850, 0.4560, 0.4060]), std=tensor([0.2290, 0.2240, 0.2250]))
)
Loaded model: xcit_nano_12_p16_224_classification
Ordered layers from model: ['Conv2d-1', 'BatchNorm2d-1', 'GELU-1', 'Conv2d-2', 'BatchNorm2d-2', 'GELU-2', 'Conv2d-3', 'BatchNorm2d-3', 'GELU-3', 'Conv2d-4', 'BatchNorm2d-4', 'ConvPatchEmbed-1-1', 'PositionalEncodingFourier-1', 'Dropout-1', 'LayerNorm-1', 'Linear-1', 'Dropout-2', 'Linear-2', 'Dropout-3', 'XCA-1', 'Identity-1', 'LayerNorm-2', 'Conv2d-6', 'GELU-4', 'BatchNorm2d-5', 'Conv2d-7', 'LPI-1', 'Identity-2', 'LayerNorm-3', 'Linear-3', 'GELU-5', 'Dropout-4', 'Identity-3', 'Linear-4', 'Dropout-5', 'Mlp-1', 'Identity-4', 'XCABlock-1', 'LayerNorm-4', 'Linear-5', 'Dropout-6', 'Linear-6', 'Dropout-7', 'XCA-3', 'Identity-5', 'LayerNorm-5', 'Conv2d-8', 'GELU-6', 'BatchNorm2d-6', 'Conv2d-9', 'LPI-2', 'Identity-6', 'LayerNorm-6', 'Linear-7', 'GELU-7', 'Dropout-8', 'Identity-7', 'Linear-8', 'Dropout-9', 'Mlp-2', 'Identity-8', 'XCABlock-2', 'LayerNorm-7', 'Linear-9', 'Dropout-10', 'Linear-10', 'Dropout-11', 'XCA-5', 'Identity-9', 'LayerNorm-8', 'Conv2d-10', 'GELU-8', 'BatchNorm2d-7', 'Conv2d-11', 'LPI-3', 'Identity-10', 'LayerNorm-9', 'Linear-11', 'GELU-9', 'Dropout-12', 'Identity-11', 'Linear-12', 'Dropout-13', 'Mlp-3', 'Identity-12', 'XCABlock-3', 'LayerNorm-10', 'Linear-13', 'Dropout-14', 'Linear-14', 'Dropout-15', 'XCA-7', 'Identity-13', 'LayerNorm-11', 'Conv2d-12', 'GELU-10', 'BatchNorm2d-8', 'Conv2d-13', 'LPI-4', 'Identity-14', 'LayerNorm-12', 'Linear-15', 'GELU-11', 'Dropout-16', 'Identity-15', 'Linear-16', 'Dropout-17', 'Mlp-4', 'Identity-16', 'XCABlock-4', 'LayerNorm-13', 'Linear-17', 'Dropout-18', 'Linear-18', 'Dropout-19', 'XCA-9', 'Identity-17', 'LayerNorm-14', 'Conv2d-14', 'GELU-12', 'BatchNorm2d-9', 'Conv2d-15', 'LPI-5', 'Identity-18', 'LayerNorm-15', 'Linear-19', 'GELU-13', 'Dropout-20', 'Identity-19', 'Linear-20', 'Dropout-21', 'Mlp-5', 'Identity-20', 'XCABlock-5', 'LayerNorm-16', 'Linear-21', 'Dropout-22', 'Linear-22', 'Dropout-23', 'XCA-11', 'Identity-21', 'LayerNorm-17', 'Conv2d-16', 'GELU-14', 'BatchNorm2d-10', 'Conv2d-17', 'LPI-6', 'Identity-22', 'LayerNorm-18', 'Linear-23', 'GELU-15', 'Dropout-24', 'Identity-23', 'Linear-24', 'Dropout-25', 'Mlp-6', 'Identity-24', 'XCABlock-6', 'LayerNorm-19', 'Linear-25', 'Dropout-26', 'Linear-26', 'Dropout-27', 'XCA-13', 'Identity-25', 'LayerNorm-20', 'Conv2d-18', 'GELU-16', 'BatchNorm2d-11', 'Conv2d-19', 'LPI-7', 'Identity-26', 'LayerNorm-21', 'Linear-27', 'GELU-17', 'Dropout-28', 'Identity-27', 'Linear-28', 'Dropout-29', 'Mlp-7', 'Identity-28', 'XCABlock-7', 'LayerNorm-22', 'Linear-29', 'Dropout-30', 'Linear-30', 'Dropout-31', 'XCA-15', 'Identity-29', 'LayerNorm-23', 'Conv2d-20', 'GELU-18', 'BatchNorm2d-12', 'Conv2d-21', 'LPI-8', 'Identity-30', 'LayerNorm-24', 'Linear-31', 'GELU-19', 'Dropout-32', 'Identity-31', 'Linear-32', 'Dropout-33', 'Mlp-8', 'Identity-32', 'XCABlock-8', 'LayerNorm-25', 'Linear-33', 'Dropout-34', 'Linear-34', 'Dropout-35', 'XCA-17', 'Identity-33', 'LayerNorm-26', 'Conv2d-22', 'GELU-20', 'BatchNorm2d-13', 'Conv2d-23', 'LPI-9', 'Identity-34', 'LayerNorm-27', 'Linear-35', 'GELU-21', 'Dropout-36', 'Identity-35', 'Linear-36', 'Dropout-37', 'Mlp-9', 'Identity-36', 'XCABlock-9', 'LayerNorm-28', 'Linear-37', 'Dropout-38', 'Linear-38', 'Dropout-39', 'XCA-19', 'Identity-37', 'LayerNorm-29', 'Conv2d-24', 'GELU-22', 'BatchNorm2d-14', 'Conv2d-25', 'LPI-10', 'Identity-38', 'LayerNorm-30', 'Linear-39', 'GELU-23', 'Dropout-40', 'Identity-39', 'Linear-40', 'Dropout-41', 'Mlp-10', 'Identity-40', 'XCABlock-10', 'LayerNorm-31', 'Linear-41', 'Dropout-42', 'Linear-42', 'Dropout-43', 'XCA-21', 'Identity-41', 'LayerNorm-32', 'Conv2d-26', 'GELU-24', 'BatchNorm2d-15', 'Conv2d-27', 'LPI-11', 'Identity-42', 'LayerNorm-33', 'Linear-43', 'GELU-25', 'Dropout-44', 'Identity-43', 'Linear-44', 'Dropout-45', 'Mlp-11', 'Identity-44', 'XCABlock-11', 'LayerNorm-34', 'Linear-45', 'Dropout-46', 'Linear-46', 'Dropout-47', 'XCA-23', 'Identity-45', 'LayerNorm-35', 'Conv2d-28', 'GELU-26', 'BatchNorm2d-16', 'Conv2d-29', 'LPI-12', 'Identity-46', 'LayerNorm-36', 'Linear-47', 'GELU-27', 'Dropout-48', 'Identity-47', 'Linear-48', 'Dropout-49', 'Mlp-12', 'Identity-48', 'XCABlock-12', 'LayerNorm-37', 'Linear-49', 'Linear-50', 'Linear-51', 'Linear-52', 'Dropout-50', 'ClassAttn-1', 'Identity-49', 'LayerNorm-38', 'Linear-53', 'GELU-28', 'Dropout-51', 'Identity-50', 'Linear-54', 'Dropout-52', 'Mlp-13', 'Identity-51', 'ClassAttentionBlock-1', 'LayerNorm-39', 'Linear-55', 'Linear-56', 'Linear-57', 'Linear-58', 'Dropout-53', 'ClassAttn-2', 'Identity-52', 'LayerNorm-40', 'Linear-59', 'GELU-29', 'Dropout-54', 'Identity-53', 'Linear-60', 'Dropout-55', 'Mlp-14', 'Identity-54', 'ClassAttentionBlock-2', 'LayerNorm-41', 'Dropout-56', 'Linear-61', 'Xcit-1']
Total number of layers: 342

==================================================
Processing layer: LPI-10 from model: xcit_nano_12_p16_224_classification

For model xcit_nano_12_p16_224_classification Layer LPI-10: Extracting features for 9000 images in batches of 28...
Feature extraction for model xcit_nano_12_p16_224_classification layer LPI-10 completed in 213.26 seconds.
Finding best ridge alphas for 50 target PCs using 25088 features and 9000 samples.
Using alphas: 10^4 to 10^20, 50 values spaced logarithmically.
[Pipeline] ........... (step 1 of 1) Processing ridgecv, total= 2.0min

Selected alpha and cross-validation score for each PC:
Finished finding best ridge alphas for each target PC.✅

PC   1: alpha = 10000, CV score = -1564.795333

PC   2: alpha = 10000, CV score = -600.181420

PC   3: alpha = 10000, CV score = -417.024179

PC   4: alpha = 10000, CV score = -243.441872

PC   5: alpha = 10000, CV score = -191.918665

PC   6: alpha = 10000, CV score = -173.149109

PC   7: alpha = 10000, CV score = -150.272355

PC   8: alpha = 10000, CV score = -148.878896

PC   9: alpha = 10000, CV score = -110.993360

PC  10: alpha = 10000, CV score = -92.238678

PC  11: alpha = 10000, CV score = -87.327325

PC  12: alpha = 10000, CV score = -65.515808

PC  13: alpha = 10000, CV score = -94.159269

PC  14: alpha = 10000, CV score = -79.805299

PC  15: alpha = 10000, CV score = -69.864058

PC  16: alpha = 10000, CV score = -75.243729

PC  17: alpha = 10000, CV score = -69.799475

PC  18: alpha = 10000, CV score = -73.190051

PC  19: alpha = 10000, CV score = -63.499730

PC  20: alpha = 10000, CV score = -65.209122

PC  21: alpha = 10000, CV score = -59.041623

PC  22: alpha = 10000, CV score = -57.828086

PC  23: alpha = 10000, CV score = -55.629436

PC  24: alpha = 10000, CV score = -55.026935

PC  25: alpha = 10000, CV score = -52.827153

PC  26: alpha = 10000, CV score = -52.249739

PC  27: alpha = 10000, CV score = -47.911125

PC  28: alpha = 10000, CV score = -47.799589

PC  29: alpha = 10000, CV score = -46.686565

PC  30: alpha = 10000, CV score = -41.718153

PC  31: alpha = 10000, CV score = -41.232192

PC  32: alpha = 10000, CV score = -39.267692

PC  33: alpha = 10000, CV score = -38.685012

PC  34: alpha = 10000, CV score = -38.726239

PC  35: alpha = 10000, CV score = -35.697531

PC  36: alpha = 10000, CV score = -34.741593

PC  37: alpha = 10000, CV score = -35.128147

PC  38: alpha = 10000, CV score = -32.116310

PC  39: alpha = 10000, CV score = -33.288276

PC  40: alpha = 10000, CV score = -31.184420

PC  41: alpha = 10000, CV score = -30.528225

PC  42: alpha = 10000, CV score = -28.995710

PC  43: alpha = 10000, CV score = -28.866742

PC  44: alpha = 10000, CV score = -28.974245

PC  45: alpha = 10000, CV score = -26.804770

PC  46: alpha = 10000, CV score = -28.174982

PC  47: alpha = 10000, CV score = -25.949217

PC  48: alpha = 10000, CV score = -24.014506

PC  49: alpha = 10000, CV score = -24.962425

PC  50: alpha = 10000, CV score = -24.238514

Mean cross-validation score across PCs: -111.696058

======================================================================================

Chosen model: swin_large_patch4_window7_224_classification
Number of images: 73000
Image shape: (425, 425, 3), dtype: uint8
nsdID shape: (73000,), Shared1000 shape: (73000,)
Neural data shape: (10000, 8088)
Image IDs shape: (10000,)
Number of voxels: 8088
Number of projections for SRP: 7894

Loaded target with shape (10000, 8088).
Transformed data shape: (9000, 200)
Transformed data shape after truncion: (9000, 50)
Model options for swin_large_patch4_window7_224_classification: {'model_name': 'swin_large_patch4_window7_224', 'train_type': 'classification', 'train_data': 'imagenet', 'model_source': 'timm', 'call': "get_timm_model('swin_large_patch4_window7_224', pretrained = True)"}
Image transforms for swin_large_patch4_window7_224_classification: Compose(
    Resize(size=(224, 224), interpolation=bicubic, max_size=None, antialias=True)
    MaybeToTensor()
    Normalize(mean=tensor([0.4850, 0.4560, 0.4060]), std=tensor([0.2290, 0.2240, 0.2250]))
)
Loaded model: swin_large_patch4_window7_224_classification
Ordered layers from model: ['Conv2d-1', 'LayerNorm-1', 'PatchEmbed-1', 'Identity-1', 'LayerNorm-2', 'Identity-2', 'LayerNorm-3', 'Linear-3', 'GELU-1', 'Dropout-3', 'Identity-3', 'Linear-4', 'Dropout-4', 'Mlp-1', 'Identity-4', 'SwinTransformerBlock-1', 'LayerNorm-4', 'DropPath-1', 'LayerNorm-5', 'Linear-7', 'GELU-2', 'Dropout-7', 'Identity-5', 'Linear-8', 'Dropout-8', 'Mlp-2', 'DropPath-2', 'SwinTransformerBlock-2', 'SwinTransformerStage-1', 'LayerNorm-6', 'Linear-9', 'PatchMerging-1', 'LayerNorm-7', 'DropPath-3', 'LayerNorm-8', 'Linear-12', 'GELU-3', 'Dropout-11', 'Identity-6', 'Linear-13', 'Dropout-12', 'Mlp-3', 'DropPath-4', 'SwinTransformerBlock-3', 'LayerNorm-9', 'DropPath-5', 'LayerNorm-10', 'Linear-16', 'GELU-4', 'Dropout-15', 'Identity-7', 'Linear-17', 'Dropout-16', 'Mlp-4', 'DropPath-6', 'SwinTransformerBlock-4', 'SwinTransformerStage-2', 'LayerNorm-11', 'Linear-18', 'PatchMerging-2', 'LayerNorm-12', 'DropPath-7', 'LayerNorm-13', 'Linear-21', 'GELU-5', 'Dropout-19', 'Identity-8', 'Linear-22', 'Dropout-20', 'Mlp-5', 'DropPath-8', 'SwinTransformerBlock-5', 'LayerNorm-14', 'DropPath-9', 'LayerNorm-15', 'Linear-25', 'GELU-6', 'Dropout-23', 'Identity-9', 'Linear-26', 'Dropout-24', 'Mlp-6', 'DropPath-10', 'SwinTransformerBlock-6', 'LayerNorm-16', 'DropPath-11', 'LayerNorm-17', 'Linear-29', 'GELU-7', 'Dropout-27', 'Identity-10', 'Linear-30', 'Dropout-28', 'Mlp-7', 'DropPath-12', 'SwinTransformerBlock-7', 'LayerNorm-18', 'DropPath-13', 'LayerNorm-19', 'Linear-33', 'GELU-8', 'Dropout-31', 'Identity-11', 'Linear-34', 'Dropout-32', 'Mlp-8', 'DropPath-14', 'SwinTransformerBlock-8', 'LayerNorm-20', 'DropPath-15', 'LayerNorm-21', 'Linear-37', 'GELU-9', 'Dropout-35', 'Identity-12', 'Linear-38', 'Dropout-36', 'Mlp-9', 'DropPath-16', 'SwinTransformerBlock-9', 'LayerNorm-22', 'DropPath-17', 'LayerNorm-23', 'Linear-41', 'GELU-10', 'Dropout-39', 'Identity-13', 'Linear-42', 'Dropout-40', 'Mlp-10', 'DropPath-18', 'SwinTransformerBlock-10', 'LayerNorm-24', 'DropPath-19', 'LayerNorm-25', 'Linear-45', 'GELU-11', 'Dropout-43', 'Identity-14', 'Linear-46', 'Dropout-44', 'Mlp-11', 'DropPath-20', 'SwinTransformerBlock-11', 'LayerNorm-26', 'DropPath-21', 'LayerNorm-27', 'Linear-49', 'GELU-12', 'Dropout-47', 'Identity-15', 'Linear-50', 'Dropout-48', 'Mlp-12', 'DropPath-22', 'SwinTransformerBlock-12', 'LayerNorm-28', 'DropPath-23', 'LayerNorm-29', 'Linear-53', 'GELU-13', 'Dropout-51', 'Identity-16', 'Linear-54', 'Dropout-52', 'Mlp-13', 'DropPath-24', 'SwinTransformerBlock-13', 'LayerNorm-30', 'DropPath-25', 'LayerNorm-31', 'Linear-57', 'GELU-14', 'Dropout-55', 'Identity-17', 'Linear-58', 'Dropout-56', 'Mlp-14', 'DropPath-26', 'SwinTransformerBlock-14', 'LayerNorm-32', 'DropPath-27', 'LayerNorm-33', 'Linear-61', 'GELU-15', 'Dropout-59', 'Identity-18', 'Linear-62', 'Dropout-60', 'Mlp-15', 'DropPath-28', 'SwinTransformerBlock-15', 'LayerNorm-34', 'DropPath-29', 'LayerNorm-35', 'Linear-65', 'GELU-16', 'Dropout-63', 'Identity-19', 'Linear-66', 'Dropout-64', 'Mlp-16', 'DropPath-30', 'SwinTransformerBlock-16', 'LayerNorm-36', 'DropPath-31', 'LayerNorm-37', 'Linear-69', 'GELU-17', 'Dropout-67', 'Identity-20', 'Linear-70', 'Dropout-68', 'Mlp-17', 'DropPath-32', 'SwinTransformerBlock-17', 'LayerNorm-38', 'DropPath-33', 'LayerNorm-39', 'Linear-73', 'GELU-18', 'Dropout-71', 'Identity-21', 'Linear-74', 'Dropout-72', 'Mlp-18', 'DropPath-34', 'SwinTransformerBlock-18', 'LayerNorm-40', 'DropPath-35', 'LayerNorm-41', 'Linear-77', 'GELU-19', 'Dropout-75', 'Identity-22', 'Linear-78', 'Dropout-76', 'Mlp-19', 'DropPath-36', 'SwinTransformerBlock-19', 'LayerNorm-42', 'DropPath-37', 'LayerNorm-43', 'Linear-81', 'GELU-20', 'Dropout-79', 'Identity-23', 'Linear-82', 'Dropout-80', 'Mlp-20', 'DropPath-38', 'SwinTransformerBlock-20', 'LayerNorm-44', 'DropPath-39', 'LayerNorm-45', 'Linear-85', 'GELU-21', 'Dropout-83', 'Identity-24', 'Linear-86', 'Dropout-84', 'Mlp-21', 'DropPath-40', 'SwinTransformerBlock-21', 'LayerNorm-46', 'DropPath-41', 'LayerNorm-47', 'Linear-89', 'GELU-22', 'Dropout-87', 'Identity-25', 'Linear-90', 'Dropout-88', 'Mlp-22', 'DropPath-42', 'SwinTransformerBlock-22', 'SwinTransformerStage-3', 'LayerNorm-48', 'Linear-91', 'PatchMerging-3', 'LayerNorm-49', 'Linear-92', 'Softmax-23', 'Dropout-89', 'Linear-93', 'Dropout-90', 'WindowAttention-23', 'DropPath-43', 'LayerNorm-50', 'Linear-94', 'GELU-23', 'Dropout-91', 'Identity-26', 'Linear-95', 'Dropout-92', 'Mlp-23', 'DropPath-44', 'SwinTransformerBlock-23', 'LayerNorm-51', 'Linear-96', 'Softmax-24', 'Dropout-93', 'Linear-97', 'Dropout-94', 'WindowAttention-24', 'DropPath-45', 'LayerNorm-52', 'Linear-98', 'GELU-24', 'Dropout-95', 'Identity-27', 'Linear-99', 'Dropout-96', 'Mlp-24', 'DropPath-46', 'SwinTransformerBlock-24', 'SwinTransformerStage-4', 'LayerNorm-53', 'FastAdaptiveAvgPool-1', 'Identity-28', 'SelectAdaptivePool2d-1', 'Dropout-97', 'Linear-100', 'Identity-29', 'ClassifierHead-1', 'SwinTransformer-29']
Total number of layers: 326

==================================================
Processing layer: Linear-92 from model: swin_large_patch4_window7_224_classification

For model swin_large_patch4_window7_224_classification Layer Linear-92: Extracting features for 9000 images in batches of 28...
Feature extraction for model swin_large_patch4_window7_224_classification layer Linear-92 completed in 5194.87 seconds.
Finding best ridge alphas for 50 target PCs using 225792 features and 9000 samples.
Using alphas: 10^4 to 10^20, 50 values spaced logarithmically.
[Pipeline] ........... (step 1 of 1) Processing ridgecv, total= 7.3min

Selected alpha and cross-validation score for each PC:
Finished finding best ridge alphas for each target PC.✅

PC   1: alpha = 910298, CV score = -1522.098322

PC   2: alpha = 429193, CV score = -468.693553

PC   3: alpha = 202359, CV score = -341.699734

PC   4: alpha = 429193, CV score = -200.309116

PC   5: alpha = 429193, CV score = -171.671335

PC   6: alpha = 429193, CV score = -159.887416

PC   7: alpha = 910298, CV score = -141.612097

PC   8: alpha = 1.9307e+06, CV score = -147.912080

PC   9: alpha = 910298, CV score = -102.000639

PC  10: alpha = 429193, CV score = -86.875773

PC  11: alpha = 910298, CV score = -85.550129

PC  12: alpha = 429193, CV score = -56.156680

PC  13: alpha = 910298, CV score = -91.633902

PC  14: alpha = 910298, CV score = -77.296141

PC  15: alpha = 910298, CV score = -66.770983

PC  16: alpha = 910298, CV score = -72.920700

PC  17: alpha = 910298, CV score = -68.030524

PC  18: alpha = 1.9307e+06, CV score = -73.158987

PC  19: alpha = 910298, CV score = -61.729380

PC  20: alpha = 910298, CV score = -63.374531

PC  21: alpha = 910298, CV score = -56.633475

PC  22: alpha = 910298, CV score = -57.225530

PC  23: alpha = 910298, CV score = -53.867811

PC  24: alpha = 1.9307e+06, CV score = -54.333059

PC  25: alpha = 910298, CV score = -51.329146

PC  26: alpha = 1.9307e+06, CV score = -51.327377

PC  27: alpha = 910298, CV score = -46.722034

PC  28: alpha = 1.9307e+06, CV score = -47.063280

PC  29: alpha = 910298, CV score = -45.534253

PC  30: alpha = 910298, CV score = -40.873804

PC  31: alpha = 910298, CV score = -39.434271

PC  32: alpha = 910298, CV score = -37.555839

PC  33: alpha = 910298, CV score = -38.090702

PC  34: alpha = 1.9307e+06, CV score = -38.366963

PC  35: alpha = 910298, CV score = -34.676541

PC  36: alpha = 1.9307e+06, CV score = -34.385618

PC  37: alpha = 1.9307e+06, CV score = -34.678317

PC  38: alpha = 910298, CV score = -31.038972

PC  39: alpha = 910298, CV score = -33.036173

PC  40: alpha = 910298, CV score = -30.009275

PC  41: alpha = 1.9307e+06, CV score = -30.362591

PC  42: alpha = 910298, CV score = -28.446700

PC  43: alpha = 910298, CV score = -28.311728

PC  44: alpha = 1.9307e+06, CV score = -28.463791

PC  45: alpha = 910298, CV score = -25.909116

PC  46: alpha = 1.9307e+06, CV score = -27.966150

PC  47: alpha = 910298, CV score = -25.443683

PC  48: alpha = 910298, CV score = -22.715434

PC  49: alpha = 910298, CV score = -24.313452

PC  50: alpha = 910298, CV score = -23.981010

Mean cross-validation score across PCs: -103.629562

======================================================================================

Chosen model: jx_nest_tiny_classification
Number of images: 73000
Image shape: (425, 425, 3), dtype: uint8
nsdID shape: (73000,), Shared1000 shape: (73000,)
Neural data shape: (10000, 8088)
Image IDs shape: (10000,)
Number of voxels: 8088
Number of projections for SRP: 7894

Loaded target with shape (10000, 8088).
Transformed data shape: (9000, 200)
Transformed data shape after truncion: (9000, 50)
Model options for jx_nest_tiny_classification: {'model_name': 'jx_nest_tiny', 'train_type': 'classification', 'train_data': 'imagenet', 'model_source': 'timm', 'call': "get_timm_model('jx_nest_tiny', pretrained = True)"}
Image transforms for jx_nest_tiny_classification: Compose(
    Resize(size=(224, 224), interpolation=bicubic, max_size=None, antialias=True)
    MaybeToTensor()
    Normalize(mean=tensor([0.4850, 0.4560, 0.4060]), std=tensor([0.2290, 0.2240, 0.2250]))
)
Loaded model: jx_nest_tiny_classification
Ordered layers from model: ['Conv2d-1', 'Identity-1', 'PatchEmbed-1', 'Identity-2', 'LayerNorm-1', 'Linear-1', 'Linear-2', 'Dropout-1', 'Attention-1', 'Identity-3', 'LayerNorm-2', 'Linear-3', 'GELU-1', 'Dropout-2', 'Identity-4', 'Linear-4', 'Dropout-3', 'Mlp-1', 'Identity-5', 'TransformerLayer-1', 'LayerNorm-3', 'Linear-5', 'Linear-6', 'Dropout-4', 'Attention-2', 'DropPath-1', 'LayerNorm-4', 'Linear-7', 'GELU-2', 'Dropout-5', 'Identity-6', 'Linear-8', 'Dropout-6', 'Mlp-2', 'DropPath-2', 'TransformerLayer-2', 'NestLevel-1', 'Conv2d-2', 'LayerNorm-5', 'MaxPool2dSame-1', 'ConvPool-1', 'LayerNorm-6', 'Linear-9', 'Linear-10', 'Dropout-7', 'Attention-3', 'DropPath-3', 'LayerNorm-7', 'Linear-11', 'GELU-3', 'Dropout-8', 'Identity-7', 'Linear-12', 'Dropout-9', 'Mlp-3', 'DropPath-4', 'TransformerLayer-3', 'LayerNorm-8', 'Linear-13', 'Linear-14', 'Dropout-10', 'Attention-4', 'DropPath-5', 'LayerNorm-9', 'Linear-15', 'GELU-4', 'Dropout-11', 'Identity-8', 'Linear-16', 'Dropout-12', 'Mlp-4', 'DropPath-6', 'TransformerLayer-4', 'NestLevel-2', 'Conv2d-3', 'LayerNorm-10', 'MaxPool2dSame-2', 'ConvPool-2', 'LayerNorm-11', 'Linear-17', 'Linear-18', 'Dropout-13', 'Attention-5', 'DropPath-7', 'LayerNorm-12', 'Linear-19', 'GELU-5', 'Dropout-14', 'Identity-9', 'Linear-20', 'Dropout-15', 'Mlp-5', 'DropPath-8', 'TransformerLayer-5', 'LayerNorm-13', 'Linear-21', 'Linear-22', 'Dropout-16', 'Attention-6', 'DropPath-9', 'LayerNorm-14', 'Linear-23', 'GELU-6', 'Dropout-17', 'Identity-10', 'Linear-24', 'Dropout-18', 'Mlp-6', 'DropPath-10', 'TransformerLayer-6', 'LayerNorm-15', 'Linear-25', 'Linear-26', 'Dropout-19', 'Attention-7', 'DropPath-11', 'LayerNorm-16', 'Linear-27', 'GELU-7', 'Dropout-20', 'Identity-11', 'Linear-28', 'Dropout-21', 'Mlp-7', 'DropPath-12', 'TransformerLayer-7', 'LayerNorm-17', 'Linear-29', 'Linear-30', 'Dropout-22', 'Attention-8', 'DropPath-13', 'LayerNorm-18', 'Linear-31', 'GELU-8', 'Dropout-23', 'Identity-12', 'Linear-32', 'Dropout-24', 'Mlp-8', 'DropPath-14', 'TransformerLayer-8', 'LayerNorm-19', 'Linear-33', 'Linear-34', 'Dropout-25', 'Attention-9', 'DropPath-15', 'LayerNorm-20', 'Linear-35', 'GELU-9', 'Dropout-26', 'Identity-13', 'Linear-36', 'Dropout-27', 'Mlp-9', 'DropPath-16', 'TransformerLayer-9', 'LayerNorm-21', 'Linear-37', 'Linear-38', 'Dropout-28', 'Attention-10', 'DropPath-17', 'LayerNorm-22', 'Linear-39', 'GELU-10', 'Dropout-29', 'Identity-14', 'Linear-40', 'Dropout-30', 'Mlp-10', 'DropPath-18', 'TransformerLayer-10', 'LayerNorm-23', 'Linear-41', 'Linear-42', 'Dropout-31', 'Attention-11', 'DropPath-19', 'LayerNorm-24', 'Linear-43', 'GELU-11', 'Dropout-32', 'Identity-15', 'Linear-44', 'Dropout-33', 'Mlp-11', 'DropPath-20', 'TransformerLayer-11', 'LayerNorm-25', 'Linear-45', 'Linear-46', 'Dropout-34', 'Attention-12', 'DropPath-21', 'LayerNorm-26', 'Linear-47', 'GELU-12', 'Dropout-35', 'Identity-16', 'Linear-48', 'Dropout-36', 'Mlp-12', 'DropPath-22', 'TransformerLayer-12', 'NestLevel-3', 'LayerNorm-27', 'AdaptiveAvgPool2d-1', 'Flatten-1', 'SelectAdaptivePool2d-1', 'Dropout-37', 'Linear-49', 'Nest-4']
Total number of layers: 214

==================================================
Processing layer: LayerNorm-20 from model: jx_nest_tiny_classification

For model jx_nest_tiny_classification Layer LayerNorm-20: Extracting features for 9000 images in batches of 28...
Feature extraction for model jx_nest_tiny_classification layer LayerNorm-20 completed in 1196.24 seconds.
Finding best ridge alphas for 50 target PCs using 75264 features and 9000 samples.
Using alphas: 10^4 to 10^20, 50 values spaced logarithmically.
[Pipeline] ........... (step 1 of 1) Processing ridgecv, total= 3.3min

Selected alpha and cross-validation score for each PC:
Finished finding best ridge alphas for each target PC.✅

PC   1: alpha = 95409.5, CV score = -1530.776687

PC   2: alpha = 21209.5, CV score = -519.389998

PC   3: alpha = 21209.5, CV score = -344.597654

PC   4: alpha = 21209.5, CV score = -202.285328

PC   5: alpha = 44984.3, CV score = -174.707581

PC   6: alpha = 44984.3, CV score = -162.340039

PC   7: alpha = 44984.3, CV score = -143.236417

PC   8: alpha = 95409.5, CV score = -148.565259

PC   9: alpha = 44984.3, CV score = -105.847324

PC  10: alpha = 44984.3, CV score = -88.007136

PC  11: alpha = 44984.3, CV score = -85.114536

PC  12: alpha = 44984.3, CV score = -58.812818

PC  13: alpha = 95409.5, CV score = -93.300640

PC  14: alpha = 44984.3, CV score = -77.563196

PC  15: alpha = 44984.3, CV score = -66.826341

PC  16: alpha = 44984.3, CV score = -73.406407

PC  17: alpha = 44984.3, CV score = -68.013886

PC  18: alpha = 95409.5, CV score = -72.930041

PC  19: alpha = 44984.3, CV score = -62.153204

PC  20: alpha = 95409.5, CV score = -63.642561

PC  21: alpha = 44984.3, CV score = -57.421372

PC  22: alpha = 95409.5, CV score = -56.937541

PC  23: alpha = 44984.3, CV score = -53.753182

PC  24: alpha = 95409.5, CV score = -54.276824

PC  25: alpha = 44984.3, CV score = -51.182341

PC  26: alpha = 95409.5, CV score = -51.587427

PC  27: alpha = 95409.5, CV score = -47.275311

PC  28: alpha = 95409.5, CV score = -47.660767

PC  29: alpha = 95409.5, CV score = -45.862140

PC  30: alpha = 95409.5, CV score = -40.862640

PC  31: alpha = 44984.3, CV score = -39.906060

PC  32: alpha = 44984.3, CV score = -37.967676

PC  33: alpha = 44984.3, CV score = -38.139972

PC  34: alpha = 95409.5, CV score = -38.592483

PC  35: alpha = 95409.5, CV score = -34.954273

PC  36: alpha = 95409.5, CV score = -34.243867

PC  37: alpha = 95409.5, CV score = -34.691565

PC  38: alpha = 44984.3, CV score = -31.594429

PC  39: alpha = 95409.5, CV score = -32.840589

PC  40: alpha = 95409.5, CV score = -30.468939

PC  41: alpha = 95409.5, CV score = -30.164873

PC  42: alpha = 95409.5, CV score = -28.560789

PC  43: alpha = 95409.5, CV score = -28.521687

PC  44: alpha = 95409.5, CV score = -28.739046

PC  45: alpha = 44984.3, CV score = -26.068746

PC  46: alpha = 95409.5, CV score = -28.068953

PC  47: alpha = 95409.5, CV score = -25.655199

PC  48: alpha = 21209.5, CV score = -22.630639

PC  49: alpha = 95409.5, CV score = -24.432150

PC  50: alpha = 95409.5, CV score = -24.052979

Mean cross-validation score across PCs: -105.372630

======================================================================================

Chosen model: pit_ti_224_classification
Number of images: 73000
Image shape: (425, 425, 3), dtype: uint8
nsdID shape: (73000,), Shared1000 shape: (73000,)
Neural data shape: (10000, 8088)
Image IDs shape: (10000,)
Number of voxels: 8088
Number of projections for SRP: 7894

Loaded target with shape (10000, 8088).
Transformed data shape: (9000, 200)
Transformed data shape after truncion: (9000, 50)
Model options for pit_ti_224_classification: {'model_name': 'pit_ti_224', 'train_type': 'classification', 'train_data': 'imagenet', 'model_source': 'timm', 'call': "get_timm_model('pit_ti_224', pretrained = True)"}
Image transforms for pit_ti_224_classification: Compose(
    Resize(size=(224, 224), interpolation=bicubic, max_size=None, antialias=True)
    MaybeToTensor()
    Normalize(mean=tensor([0.4850, 0.4560, 0.4060]), std=tensor([0.2290, 0.2240, 0.2250]))
)
Loaded model: pit_ti_224_classification
Ordered layers from model: ['Conv2d-1', 'ConvEmbedding-1', 'Dropout-1', 'Identity-1', 'LayerNorm-1', 'Linear-1', 'Identity-2', 'Identity-3', 'Identity-4', 'Linear-2', 'Dropout-2', 'Attention-1', 'Identity-5', 'Identity-6', 'LayerNorm-2', 'Linear-3', 'GELU-1', 'Dropout-3', 'Identity-7', 'Linear-4', 'Dropout-4', 'Mlp-1', 'Identity-8', 'Identity-9', 'Block-1', 'LayerNorm-3', 'Linear-5', 'Identity-10', 'Identity-11', 'Identity-12', 'Linear-6', 'Dropout-5', 'Attention-2', 'Identity-13', 'Identity-14', 'LayerNorm-4', 'Linear-7', 'GELU-2', 'Dropout-6', 'Identity-15', 'Linear-8', 'Dropout-7', 'Mlp-2', 'Identity-16', 'Identity-17', 'Block-2', 'Transformer-1-1', 'Transformer-1-2', 'Conv2d-2', 'Linear-9', 'Pooling-1-1', 'Pooling-1-2', 'Identity-18', 'LayerNorm-5', 'Linear-10', 'Identity-19', 'Identity-20', 'Identity-21', 'Linear-11', 'Dropout-8', 'Attention-3', 'Identity-22', 'Identity-23', 'LayerNorm-6', 'Linear-12', 'GELU-3', 'Dropout-9', 'Identity-24', 'Linear-13', 'Dropout-10', 'Mlp-3', 'Identity-25', 'Identity-26', 'Block-3', 'LayerNorm-7', 'Linear-14', 'Identity-27', 'Identity-28', 'Identity-29', 'Linear-15', 'Dropout-11', 'Attention-4', 'Identity-30', 'Identity-31', 'LayerNorm-8', 'Linear-16', 'GELU-4', 'Dropout-12', 'Identity-32', 'Linear-17', 'Dropout-13', 'Mlp-4', 'Identity-33', 'Identity-34', 'Block-4', 'LayerNorm-9', 'Linear-18', 'Identity-35', 'Identity-36', 'Identity-37', 'Linear-19', 'Dropout-14', 'Attention-5', 'Identity-38', 'Identity-39', 'LayerNorm-10', 'Linear-20', 'GELU-5', 'Dropout-15', 'Identity-40', 'Linear-21', 'Dropout-16', 'Mlp-5', 'Identity-41', 'Identity-42', 'Block-5', 'LayerNorm-11', 'Linear-22', 'Identity-43', 'Identity-44', 'Identity-45', 'Linear-23', 'Dropout-17', 'Attention-6', 'Identity-46', 'Identity-47', 'LayerNorm-12', 'Linear-24', 'GELU-6', 'Dropout-18', 'Identity-48', 'Linear-25', 'Dropout-19', 'Mlp-6', 'Identity-49', 'Identity-50', 'Block-6', 'LayerNorm-13', 'Linear-26', 'Identity-51', 'Identity-52', 'Identity-53', 'Linear-27', 'Dropout-20', 'Attention-7', 'Identity-54', 'Identity-55', 'LayerNorm-14', 'Linear-28', 'GELU-7', 'Dropout-21', 'Identity-56', 'Linear-29', 'Dropout-22', 'Mlp-7', 'Identity-57', 'Identity-58', 'Block-7', 'LayerNorm-15', 'Linear-30', 'Identity-59', 'Identity-60', 'Identity-61', 'Linear-31', 'Dropout-23', 'Attention-8', 'Identity-62', 'Identity-63', 'LayerNorm-16', 'Linear-32', 'GELU-8', 'Dropout-24', 'Identity-64', 'Linear-33', 'Dropout-25', 'Mlp-8', 'Identity-65', 'Identity-66', 'Block-8', 'Transformer-3-1', 'Transformer-3-2', 'Conv2d-3', 'Linear-34', 'Pooling-3-1', 'Pooling-3-2', 'Identity-67', 'LayerNorm-17', 'Linear-35', 'Identity-68', 'Identity-69', 'Identity-70', 'Linear-36', 'Dropout-26', 'Attention-9', 'Identity-71', 'Identity-72', 'LayerNorm-18', 'Linear-37', 'GELU-9', 'Dropout-27', 'Identity-73', 'Linear-38', 'Dropout-28', 'Mlp-9', 'Identity-74', 'Identity-75', 'Block-9', 'LayerNorm-19', 'Linear-39', 'Identity-76', 'Identity-77', 'Identity-78', 'Linear-40', 'Dropout-29', 'Attention-10', 'Identity-79', 'Identity-80', 'LayerNorm-20', 'Linear-41', 'GELU-10', 'Dropout-30', 'Identity-81', 'Linear-42', 'Dropout-31', 'Mlp-10', 'Identity-82', 'Identity-83', 'Block-10', 'LayerNorm-21', 'Linear-43', 'Identity-84', 'Identity-85', 'Identity-86', 'Linear-44', 'Dropout-32', 'Attention-11', 'Identity-87', 'Identity-88', 'LayerNorm-22', 'Linear-45', 'GELU-11', 'Dropout-33', 'Identity-89', 'Linear-46', 'Dropout-34', 'Mlp-11', 'Identity-90', 'Identity-91', 'Block-11', 'LayerNorm-23', 'Linear-47', 'Identity-92', 'Identity-93', 'Identity-94', 'Linear-48', 'Dropout-35', 'Attention-12', 'Identity-95', 'Identity-96', 'LayerNorm-24', 'Linear-49', 'GELU-12', 'Dropout-36', 'Identity-97', 'Linear-50', 'Dropout-37', 'Mlp-12', 'Identity-98', 'Identity-99', 'Block-12', 'Transformer-5-1', 'Transformer-5-2', 'LayerNorm-25', 'Dropout-38', 'Linear-51', 'PoolingVisionTransformer-1']
Total number of layers: 276

==================================================
Processing layer: LayerNorm-19 from model: pit_ti_224_classification

For model pit_ti_224_classification Layer LayerNorm-19: Extracting features for 9000 images in batches of 28...
Feature extraction for model pit_ti_224_classification layer LayerNorm-19 completed in 211.94 seconds.
Finding best ridge alphas for 50 target PCs using 12800 features and 9000 samples.
Using alphas: 10^4 to 10^20, 50 values spaced logarithmically.
[Pipeline] ........... (step 1 of 1) Processing ridgecv, total= 1.6min

Selected alpha and cross-validation score for each PC:
Finished finding best ridge alphas for each target PC.✅

PC   1: alpha = 44984.3, CV score = -1542.609767

PC   2: alpha = 21209.5, CV score = -577.359296

PC   3: alpha = 21209.5, CV score = -364.151075

PC   4: alpha = 21209.5, CV score = -215.574850

PC   5: alpha = 21209.5, CV score = -179.252805

PC   6: alpha = 44984.3, CV score = -169.141489

PC   7: alpha = 44984.3, CV score = -146.089777

PC   8: alpha = 95409.5, CV score = -148.992359

PC   9: alpha = 44984.3, CV score = -107.483160

PC  10: alpha = 44984.3, CV score = -90.693449

PC  11: alpha = 44984.3, CV score = -87.356241

PC  12: alpha = 21209.5, CV score = -60.430400

PC  13: alpha = 95409.5, CV score = -94.109049

PC  14: alpha = 44984.3, CV score = -78.139109

PC  15: alpha = 44984.3, CV score = -68.156370

PC  16: alpha = 44984.3, CV score = -74.248390

PC  17: alpha = 44984.3, CV score = -68.595598

PC  18: alpha = 95409.5, CV score = -73.030507

PC  19: alpha = 44984.3, CV score = -62.196930

PC  20: alpha = 44984.3, CV score = -64.282140

PC  21: alpha = 44984.3, CV score = -57.982120

PC  22: alpha = 44984.3, CV score = -57.581028

PC  23: alpha = 44984.3, CV score = -54.869054

PC  24: alpha = 44984.3, CV score = -54.600532

PC  25: alpha = 44984.3, CV score = -52.136038

PC  26: alpha = 95409.5, CV score = -51.851443

PC  27: alpha = 44984.3, CV score = -47.495188

PC  28: alpha = 95409.5, CV score = -47.839224

PC  29: alpha = 44984.3, CV score = -46.230059

PC  30: alpha = 44984.3, CV score = -41.175657

PC  31: alpha = 44984.3, CV score = -40.396588

PC  32: alpha = 44984.3, CV score = -38.686101

PC  33: alpha = 44984.3, CV score = -38.202377

PC  34: alpha = 95409.5, CV score = -38.663792

PC  35: alpha = 44984.3, CV score = -35.270585

PC  36: alpha = 95409.5, CV score = -34.623448

PC  37: alpha = 95409.5, CV score = -35.017615

PC  38: alpha = 44984.3, CV score = -31.950304

PC  39: alpha = 44984.3, CV score = -33.158578

PC  40: alpha = 95409.5, CV score = -30.976158

PC  41: alpha = 95409.5, CV score = -30.499898

PC  42: alpha = 44984.3, CV score = -28.661038

PC  43: alpha = 44984.3, CV score = -28.786901

PC  44: alpha = 95409.5, CV score = -28.856036

PC  45: alpha = 44984.3, CV score = -26.351239

PC  46: alpha = 95409.5, CV score = -28.132282

PC  47: alpha = 44984.3, CV score = -25.771360

PC  48: alpha = 21209.5, CV score = -22.885842

PC  49: alpha = 44984.3, CV score = -24.532798

PC  50: alpha = 44984.3, CV score = -24.163740

Mean cross-validation score across PCs: -108.184796

======================================================================================

Chosen model: vit_base_patch32_224_classification
Number of images: 73000
Image shape: (425, 425, 3), dtype: uint8
nsdID shape: (73000,), Shared1000 shape: (73000,)
Neural data shape: (10000, 8088)
Image IDs shape: (10000,)
Number of voxels: 8088
Number of projections for SRP: 7894

Loaded target with shape (10000, 8088).
Transformed data shape: (9000, 200)
Transformed data shape after truncion: (9000, 50)
Model options for vit_base_patch32_224_classification: {'model_name': 'vit_base_patch32_224', 'train_type': 'classification', 'train_data': 'imagenet', 'model_source': 'timm', 'call': "get_timm_model('vit_base_patch32_224', pretrained = True)"}
Image transforms for vit_base_patch32_224_classification: Compose(
    Resize(size=(224, 224), interpolation=bicubic, max_size=None, antialias=True)
    MaybeToTensor()
    Normalize(mean=tensor([0.4850, 0.4560, 0.4060]), std=tensor([0.2290, 0.2240, 0.2250]))
)
Loaded model: vit_base_patch32_224_classification
Ordered layers from model: ['Conv2d-1', 'Identity-1', 'PatchEmbed-1', 'Dropout-1', 'Identity-2', 'Identity-3', 'LayerNorm-1', 'Linear-1', 'Identity-4', 'Identity-5', 'Identity-6', 'Linear-2', 'Dropout-2', 'Attention-1', 'Identity-7', 'Identity-8', 'LayerNorm-2', 'Linear-3', 'GELU-1', 'Dropout-3', 'Identity-9', 'Linear-4', 'Dropout-4', 'Mlp-1', 'Identity-10', 'Identity-11', 'Block-1', 'LayerNorm-3', 'Linear-5', 'Identity-12', 'Identity-13', 'Identity-14', 'Linear-6', 'Dropout-5', 'Attention-2', 'Identity-15', 'Identity-16', 'LayerNorm-4', 'Linear-7', 'GELU-2', 'Dropout-6', 'Identity-17', 'Linear-8', 'Dropout-7', 'Mlp-2', 'Identity-18', 'Identity-19', 'Block-2', 'LayerNorm-5', 'Linear-9', 'Identity-20', 'Identity-21', 'Identity-22', 'Linear-10', 'Dropout-8', 'Attention-3', 'Identity-23', 'Identity-24', 'LayerNorm-6', 'Linear-11', 'GELU-3', 'Dropout-9', 'Identity-25', 'Linear-12', 'Dropout-10', 'Mlp-3', 'Identity-26', 'Identity-27', 'Block-3', 'LayerNorm-7', 'Linear-13', 'Identity-28', 'Identity-29', 'Identity-30', 'Linear-14', 'Dropout-11', 'Attention-4', 'Identity-31', 'Identity-32', 'LayerNorm-8', 'Linear-15', 'GELU-4', 'Dropout-12', 'Identity-33', 'Linear-16', 'Dropout-13', 'Mlp-4', 'Identity-34', 'Identity-35', 'Block-4', 'LayerNorm-9', 'Linear-17', 'Identity-36', 'Identity-37', 'Identity-38', 'Linear-18', 'Dropout-14', 'Attention-5', 'Identity-39', 'Identity-40', 'LayerNorm-10', 'Linear-19', 'GELU-5', 'Dropout-15', 'Identity-41', 'Linear-20', 'Dropout-16', 'Mlp-5', 'Identity-42', 'Identity-43', 'Block-5', 'LayerNorm-11', 'Linear-21', 'Identity-44', 'Identity-45', 'Identity-46', 'Linear-22', 'Dropout-17', 'Attention-6', 'Identity-47', 'Identity-48', 'LayerNorm-12', 'Linear-23', 'GELU-6', 'Dropout-18', 'Identity-49', 'Linear-24', 'Dropout-19', 'Mlp-6', 'Identity-50', 'Identity-51', 'Block-6', 'LayerNorm-13', 'Linear-25', 'Identity-52', 'Identity-53', 'Identity-54', 'Linear-26', 'Dropout-20', 'Attention-7', 'Identity-55', 'Identity-56', 'LayerNorm-14', 'Linear-27', 'GELU-7', 'Dropout-21', 'Identity-57', 'Linear-28', 'Dropout-22', 'Mlp-7', 'Identity-58', 'Identity-59', 'Block-7', 'LayerNorm-15', 'Linear-29', 'Identity-60', 'Identity-61', 'Identity-62', 'Linear-30', 'Dropout-23', 'Attention-8', 'Identity-63', 'Identity-64', 'LayerNorm-16', 'Linear-31', 'GELU-8', 'Dropout-24', 'Identity-65', 'Linear-32', 'Dropout-25', 'Mlp-8', 'Identity-66', 'Identity-67', 'Block-8', 'LayerNorm-17', 'Linear-33', 'Identity-68', 'Identity-69', 'Identity-70', 'Linear-34', 'Dropout-26', 'Attention-9', 'Identity-71', 'Identity-72', 'LayerNorm-18', 'Linear-35', 'GELU-9', 'Dropout-27', 'Identity-73', 'Linear-36', 'Dropout-28', 'Mlp-9', 'Identity-74', 'Identity-75', 'Block-9', 'LayerNorm-19', 'Linear-37', 'Identity-76', 'Identity-77', 'Identity-78', 'Linear-38', 'Dropout-29', 'Attention-10', 'Identity-79', 'Identity-80', 'LayerNorm-20', 'Linear-39', 'GELU-10', 'Dropout-30', 'Identity-81', 'Linear-40', 'Dropout-31', 'Mlp-10', 'Identity-82', 'Identity-83', 'Block-10', 'LayerNorm-21', 'Linear-41', 'Identity-84', 'Identity-85', 'Identity-86', 'Linear-42', 'Dropout-32', 'Attention-11', 'Identity-87', 'Identity-88', 'LayerNorm-22', 'Linear-43', 'GELU-11', 'Dropout-33', 'Identity-89', 'Linear-44', 'Dropout-34', 'Mlp-11', 'Identity-90', 'Identity-91', 'Block-11', 'LayerNorm-23', 'Linear-45', 'Identity-92', 'Identity-93', 'Identity-94', 'Linear-46', 'Dropout-35', 'Attention-12', 'Identity-95', 'Identity-96', 'LayerNorm-24', 'Linear-47', 'GELU-12', 'Dropout-36', 'Identity-97', 'Linear-48', 'Dropout-37', 'Mlp-12', 'Identity-98', 'Identity-99', 'Block-12', 'LayerNorm-25', 'Identity-100', 'Dropout-38', 'Linear-49', 'VisionTransformer-1']
Total number of layers: 263

==================================================
Processing layer: Identity-84 from model: vit_base_patch32_224_classification

For model vit_base_patch32_224_classification Layer Identity-84: Extracting features for 9000 images in batches of 28...
Feature extraction for model vit_base_patch32_224_classification layer Identity-84 completed in 718.04 seconds.
Finding best ridge alphas for 50 target PCs using 38400 features and 9000 samples.
Using alphas: 10^4 to 10^20, 50 values spaced logarithmically.
[Pipeline] ........... (step 1 of 1) Processing ridgecv, total= 2.3min

Selected alpha and cross-validation score for each PC:
Finished finding best ridge alphas for each target PC.✅

PC   1: alpha = 429193, CV score = -1561.819625

PC   2: alpha = 95409.5, CV score = -571.426328

PC   3: alpha = 95409.5, CV score = -376.158642

PC   4: alpha = 95409.5, CV score = -222.601111

PC   5: alpha = 95409.5, CV score = -182.967929

PC   6: alpha = 202359, CV score = -169.186257

PC   7: alpha = 202359, CV score = -147.061701

PC   8: alpha = 429193, CV score = -149.018875

PC   9: alpha = 202359, CV score = -107.876634

PC  10: alpha = 202359, CV score = -91.851895

PC  11: alpha = 202359, CV score = -88.000655

PC  12: alpha = 95409.5, CV score = -62.058458

PC  13: alpha = 429193, CV score = -93.567675

PC  14: alpha = 202359, CV score = -78.732287

PC  15: alpha = 202359, CV score = -70.220970

PC  16: alpha = 202359, CV score = -74.959697

PC  17: alpha = 202359, CV score = -70.146516

PC  18: alpha = 429193, CV score = -73.417147

PC  19: alpha = 202359, CV score = -63.736258

PC  20: alpha = 429193, CV score = -64.907094

PC  21: alpha = 202359, CV score = -58.440977

PC  22: alpha = 202359, CV score = -57.889375

PC  23: alpha = 429193, CV score = -55.289283

PC  24: alpha = 429193, CV score = -54.910440

PC  25: alpha = 429193, CV score = -52.600245

PC  26: alpha = 429193, CV score = -51.884832

PC  27: alpha = 202359, CV score = -47.751010

PC  28: alpha = 429193, CV score = -47.704479

PC  29: alpha = 429193, CV score = -46.189349

PC  30: alpha = 202359, CV score = -41.320238

PC  31: alpha = 202359, CV score = -40.793790

PC  32: alpha = 202359, CV score = -38.890699

PC  33: alpha = 429193, CV score = -38.634691

PC  34: alpha = 429193, CV score = -38.824634

PC  35: alpha = 202359, CV score = -35.537110

PC  36: alpha = 429193, CV score = -34.585468

PC  37: alpha = 429193, CV score = -35.056943

PC  38: alpha = 202359, CV score = -32.243941

PC  39: alpha = 429193, CV score = -33.279272

PC  40: alpha = 429193, CV score = -31.038554

PC  41: alpha = 429193, CV score = -30.549293

PC  42: alpha = 429193, CV score = -28.844605

PC  43: alpha = 429193, CV score = -28.536364

PC  44: alpha = 429193, CV score = -28.898108

PC  45: alpha = 202359, CV score = -26.548282

PC  46: alpha = 429193, CV score = -28.089923

PC  47: alpha = 429193, CV score = -25.832998

PC  48: alpha = 202359, CV score = -23.801789

PC  49: alpha = 202359, CV score = -24.795399

PC  50: alpha = 429193, CV score = -24.249969

Mean cross-validation score across PCs: -109.254556

======================================================================================

Chosen model: vit_base_patch16_224_classification
Number of images: 73000
Image shape: (425, 425, 3), dtype: uint8
nsdID shape: (73000,), Shared1000 shape: (73000,)
Neural data shape: (10000, 8088)
Image IDs shape: (10000,)
Number of voxels: 8088
Number of projections for SRP: 7894

Loaded target with shape (10000, 8088).
Transformed data shape: (9000, 200)
Transformed data shape after truncion: (9000, 50)
Model options for vit_base_patch16_224_classification: {'model_name': 'vit_base_patch16_224', 'train_type': 'classification', 'train_data': 'imagenet', 'model_source': 'timm', 'call': "get_timm_model('vit_base_patch16_224', pretrained = True)"}
Image transforms for vit_base_patch16_224_classification: Compose(
    Resize(size=(224, 224), interpolation=bicubic, max_size=None, antialias=True)
    MaybeToTensor()
    Normalize(mean=tensor([0.4850, 0.4560, 0.4060]), std=tensor([0.2290, 0.2240, 0.2250]))
)
Loaded model: vit_base_patch16_224_classification
Ordered layers from model: ['Conv2d-1', 'Identity-1', 'PatchEmbed-1', 'Dropout-1', 'Identity-2', 'Identity-3', 'LayerNorm-1', 'Linear-1', 'Identity-4', 'Identity-5', 'Identity-6', 'Linear-2', 'Dropout-2', 'Attention-1', 'Identity-7', 'Identity-8', 'LayerNorm-2', 'Linear-3', 'GELU-1', 'Dropout-3', 'Identity-9', 'Linear-4', 'Dropout-4', 'Mlp-1', 'Identity-10', 'Identity-11', 'Block-1', 'LayerNorm-3', 'Linear-5', 'Identity-12', 'Identity-13', 'Identity-14', 'Linear-6', 'Dropout-5', 'Attention-2', 'Identity-15', 'Identity-16', 'LayerNorm-4', 'Linear-7', 'GELU-2', 'Dropout-6', 'Identity-17', 'Linear-8', 'Dropout-7', 'Mlp-2', 'Identity-18', 'Identity-19', 'Block-2', 'LayerNorm-5', 'Linear-9', 'Identity-20', 'Identity-21', 'Identity-22', 'Linear-10', 'Dropout-8', 'Attention-3', 'Identity-23', 'Identity-24', 'LayerNorm-6', 'Linear-11', 'GELU-3', 'Dropout-9', 'Identity-25', 'Linear-12', 'Dropout-10', 'Mlp-3', 'Identity-26', 'Identity-27', 'Block-3', 'LayerNorm-7', 'Linear-13', 'Identity-28', 'Identity-29', 'Identity-30', 'Linear-14', 'Dropout-11', 'Attention-4', 'Identity-31', 'Identity-32', 'LayerNorm-8', 'Linear-15', 'GELU-4', 'Dropout-12', 'Identity-33', 'Linear-16', 'Dropout-13', 'Mlp-4', 'Identity-34', 'Identity-35', 'Block-4', 'LayerNorm-9', 'Linear-17', 'Identity-36', 'Identity-37', 'Identity-38', 'Linear-18', 'Dropout-14', 'Attention-5', 'Identity-39', 'Identity-40', 'LayerNorm-10', 'Linear-19', 'GELU-5', 'Dropout-15', 'Identity-41', 'Linear-20', 'Dropout-16', 'Mlp-5', 'Identity-42', 'Identity-43', 'Block-5', 'LayerNorm-11', 'Linear-21', 'Identity-44', 'Identity-45', 'Identity-46', 'Linear-22', 'Dropout-17', 'Attention-6', 'Identity-47', 'Identity-48', 'LayerNorm-12', 'Linear-23', 'GELU-6', 'Dropout-18', 'Identity-49', 'Linear-24', 'Dropout-19', 'Mlp-6', 'Identity-50', 'Identity-51', 'Block-6', 'LayerNorm-13', 'Linear-25', 'Identity-52', 'Identity-53', 'Identity-54', 'Linear-26', 'Dropout-20', 'Attention-7', 'Identity-55', 'Identity-56', 'LayerNorm-14', 'Linear-27', 'GELU-7', 'Dropout-21', 'Identity-57', 'Linear-28', 'Dropout-22', 'Mlp-7', 'Identity-58', 'Identity-59', 'Block-7', 'LayerNorm-15', 'Linear-29', 'Identity-60', 'Identity-61', 'Identity-62', 'Linear-30', 'Dropout-23', 'Attention-8', 'Identity-63', 'Identity-64', 'LayerNorm-16', 'Linear-31', 'GELU-8', 'Dropout-24', 'Identity-65', 'Linear-32', 'Dropout-25', 'Mlp-8', 'Identity-66', 'Identity-67', 'Block-8', 'LayerNorm-17', 'Linear-33', 'Identity-68', 'Identity-69', 'Identity-70', 'Linear-34', 'Dropout-26', 'Attention-9', 'Identity-71', 'Identity-72', 'LayerNorm-18', 'Linear-35', 'GELU-9', 'Dropout-27', 'Identity-73', 'Linear-36', 'Dropout-28', 'Mlp-9', 'Identity-74', 'Identity-75', 'Block-9', 'LayerNorm-19', 'Linear-37', 'Identity-76', 'Identity-77', 'Identity-78', 'Linear-38', 'Dropout-29', 'Attention-10', 'Identity-79', 'Identity-80', 'LayerNorm-20', 'Linear-39', 'GELU-10', 'Dropout-30', 'Identity-81', 'Linear-40', 'Dropout-31', 'Mlp-10', 'Identity-82', 'Identity-83', 'Block-10', 'LayerNorm-21', 'Linear-41', 'Identity-84', 'Identity-85', 'Identity-86', 'Linear-42', 'Dropout-32', 'Attention-11', 'Identity-87', 'Identity-88', 'LayerNorm-22', 'Linear-43', 'GELU-11', 'Dropout-33', 'Identity-89', 'Linear-44', 'Dropout-34', 'Mlp-11', 'Identity-90', 'Identity-91', 'Block-11', 'LayerNorm-23', 'Linear-45', 'Identity-92', 'Identity-93', 'Identity-94', 'Linear-46', 'Dropout-35', 'Attention-12', 'Identity-95', 'Identity-96', 'LayerNorm-24', 'Linear-47', 'GELU-12', 'Dropout-36', 'Identity-97', 'Linear-48', 'Dropout-37', 'Mlp-12', 'Identity-98', 'Identity-99', 'Block-12', 'LayerNorm-25', 'Identity-100', 'Dropout-38', 'Linear-49', 'VisionTransformer-1']
Total number of layers: 263

==================================================
Processing layer: Identity-76 from model: vit_base_patch16_224_classification

For model vit_base_patch16_224_classification Layer Identity-76: Extracting features for 9000 images in batches of 28...
Feature extraction for model vit_base_patch16_224_classification layer Identity-76 completed in 2698.74 seconds.
Finding best ridge alphas for 50 target PCs using 151296 features and 9000 samples.
Using alphas: 10^4 to 10^20, 50 values spaced logarithmically.
[Pipeline] ........... (step 1 of 1) Processing ridgecv, total= 5.4min

Selected alpha and cross-validation score for each PC:
Finished finding best ridge alphas for each target PC.✅

PC   1: alpha = 910298, CV score = -1543.952025

PC   2: alpha = 429193, CV score = -557.641329

PC   3: alpha = 202359, CV score = -356.858441

PC   4: alpha = 202359, CV score = -211.084748

PC   5: alpha = 429193, CV score = -177.835714

PC   6: alpha = 429193, CV score = -167.146293

PC   7: alpha = 429193, CV score = -145.657016

PC   8: alpha = 910298, CV score = -148.180257

PC   9: alpha = 429193, CV score = -106.665617

PC  10: alpha = 429193, CV score = -89.753084

PC  11: alpha = 429193, CV score = -85.709862

PC  12: alpha = 202359, CV score = -60.595913

PC  13: alpha = 910298, CV score = -93.348646

PC  14: alpha = 429193, CV score = -78.370767

PC  15: alpha = 429193, CV score = -68.646031

PC  16: alpha = 910298, CV score = -74.277495

PC  17: alpha = 910298, CV score = -68.855187

PC  18: alpha = 910298, CV score = -73.444719

PC  19: alpha = 910298, CV score = -62.712768

PC  20: alpha = 910298, CV score = -63.889853

PC  21: alpha = 429193, CV score = -57.710065

PC  22: alpha = 910298, CV score = -57.205848

PC  23: alpha = 910298, CV score = -54.375458

PC  24: alpha = 910298, CV score = -54.235791

PC  25: alpha = 429193, CV score = -51.484533

PC  26: alpha = 910298, CV score = -51.735170

PC  27: alpha = 910298, CV score = -47.253579

PC  28: alpha = 910298, CV score = -47.736365

PC  29: alpha = 910298, CV score = -45.932392

PC  30: alpha = 910298, CV score = -41.221482

PC  31: alpha = 429193, CV score = -40.300279

PC  32: alpha = 910298, CV score = -38.294192

PC  33: alpha = 910298, CV score = -38.510652

PC  34: alpha = 910298, CV score = -38.504923

PC  35: alpha = 910298, CV score = -35.461092

PC  36: alpha = 910298, CV score = -34.624732

PC  37: alpha = 910298, CV score = -34.806886

PC  38: alpha = 429193, CV score = -31.663986

PC  39: alpha = 910298, CV score = -32.998000

PC  40: alpha = 910298, CV score = -30.683834

PC  41: alpha = 910298, CV score = -30.369156

PC  42: alpha = 910298, CV score = -28.698722

PC  43: alpha = 910298, CV score = -28.631408

PC  44: alpha = 1.9307e+06, CV score = -28.760174

PC  45: alpha = 429193, CV score = -26.320593

PC  46: alpha = 1.9307e+06, CV score = -28.065480

PC  47: alpha = 910298, CV score = -25.815221

PC  48: alpha = 429193, CV score = -22.813049

PC  49: alpha = 910298, CV score = -24.652392

PC  50: alpha = 910298, CV score = -24.045652

Mean cross-validation score across PCs: -107.350737

======================================================================================

Chosen model: tnt_s_patch16_224_classification
Number of images: 73000
Image shape: (425, 425, 3), dtype: uint8
nsdID shape: (73000,), Shared1000 shape: (73000,)
Neural data shape: (10000, 8088)
Image IDs shape: (10000,)
Number of voxels: 8088
Number of projections for SRP: 7894

Loaded target with shape (10000, 8088).
Transformed data shape: (9000, 200)
Transformed data shape after truncion: (9000, 50)
Model options for tnt_s_patch16_224_classification: {'model_name': 'tnt_s_patch16_224', 'train_type': 'classification', 'train_data': 'imagenet', 'model_source': 'timm', 'call': "get_timm_model('tnt_s_patch16_224', pretrained = True)"}
Image transforms for tnt_s_patch16_224_classification: Compose(
    Resize(size=(224, 224), interpolation=bicubic, max_size=None, antialias=True)
    MaybeToTensor()
    Normalize(mean=tensor([0.4850, 0.4560, 0.4060]), std=tensor([0.2290, 0.2240, 0.2250]))
)
Loaded model: tnt_s_patch16_224_classification
Ordered layers from model: ['Unfold-1', 'LayerNorm-1', 'Linear-1', 'LayerNorm-2', 'Dropout-1', 'LayerNorm-5', 'Linear-7', 'LayerNorm-6', 'LayerNorm-7', 'Linear-8', 'Linear-9', 'Dropout-6', 'Linear-10', 'Dropout-7', 'Attention-2', 'Identity-4', 'LayerNorm-8', 'Linear-11', 'GELU-2', 'Dropout-8', 'Identity-5', 'Linear-12', 'Dropout-9', 'Mlp-2', 'Identity-6', 'Block-1-2', 'LayerNorm-11', 'Linear-18', 'LayerNorm-12', 'LayerNorm-13', 'Linear-19', 'Linear-20', 'Dropout-14', 'Linear-21', 'Dropout-15', 'Attention-4', 'Identity-10', 'LayerNorm-14', 'Linear-22', 'GELU-4', 'Dropout-16', 'Identity-11', 'Linear-23', 'Dropout-17', 'Mlp-4', 'Identity-12', 'Block-3-2', 'LayerNorm-17', 'Linear-29', 'LayerNorm-18', 'LayerNorm-19', 'Linear-30', 'Linear-31', 'Dropout-22', 'Linear-32', 'Dropout-23', 'Attention-6', 'Identity-16', 'LayerNorm-20', 'Linear-33', 'GELU-6', 'Dropout-24', 'Identity-17', 'Linear-34', 'Dropout-25', 'Mlp-6', 'Identity-18', 'Block-5-2', 'LayerNorm-23', 'Linear-40', 'LayerNorm-24', 'LayerNorm-25', 'Linear-41', 'Linear-42', 'Dropout-30', 'Linear-43', 'Dropout-31', 'Attention-8', 'Identity-22', 'LayerNorm-26', 'Linear-44', 'GELU-8', 'Dropout-32', 'Identity-23', 'Linear-45', 'Dropout-33', 'Mlp-8', 'Identity-24', 'Block-7-2', 'LayerNorm-29', 'Linear-51', 'LayerNorm-30', 'LayerNorm-31', 'Linear-52', 'Linear-53', 'Dropout-38', 'Linear-54', 'Dropout-39', 'Attention-10', 'Identity-28', 'LayerNorm-32', 'Linear-55', 'GELU-10', 'Dropout-40', 'Identity-29', 'Linear-56', 'Dropout-41', 'Mlp-10', 'Identity-30', 'Block-9-2', 'LayerNorm-35', 'Linear-62', 'LayerNorm-36', 'LayerNorm-37', 'Linear-63', 'Linear-64', 'Dropout-46', 'Linear-65', 'Dropout-47', 'Attention-12', 'Identity-34', 'LayerNorm-38', 'Linear-66', 'GELU-12', 'Dropout-48', 'Identity-35', 'Linear-67', 'Dropout-49', 'Mlp-12', 'Identity-36', 'Block-11-2', 'LayerNorm-41', 'Linear-73', 'LayerNorm-42', 'LayerNorm-43', 'Linear-74', 'Linear-75', 'Dropout-54', 'Linear-76', 'Dropout-55', 'Attention-14', 'Identity-40', 'LayerNorm-44', 'Linear-77', 'GELU-14', 'Dropout-56', 'Identity-41', 'Linear-78', 'Dropout-57', 'Mlp-14', 'Identity-42', 'Block-13-2', 'LayerNorm-47', 'Linear-84', 'LayerNorm-48', 'LayerNorm-49', 'Linear-85', 'Linear-86', 'Dropout-62', 'Linear-87', 'Dropout-63', 'Attention-16', 'Identity-46', 'LayerNorm-50', 'Linear-88', 'GELU-16', 'Dropout-64', 'Identity-47', 'Linear-89', 'Dropout-65', 'Mlp-16', 'Identity-48', 'Block-15-2', 'LayerNorm-53', 'Linear-95', 'LayerNorm-54', 'LayerNorm-55', 'Linear-96', 'Linear-97', 'Dropout-70', 'Linear-98', 'Dropout-71', 'Attention-18', 'Identity-52', 'LayerNorm-56', 'Linear-99', 'GELU-18', 'Dropout-72', 'Identity-53', 'Linear-100', 'Dropout-73', 'Mlp-18', 'Identity-54', 'Block-17-2', 'LayerNorm-59', 'Linear-106', 'LayerNorm-60', 'LayerNorm-61', 'Linear-107', 'Linear-108', 'Dropout-78', 'Linear-109', 'Dropout-79', 'Attention-20', 'Identity-58', 'LayerNorm-62', 'Linear-110', 'GELU-20', 'Dropout-80', 'Identity-59', 'Linear-111', 'Dropout-81', 'Mlp-20', 'Identity-60', 'Block-19-2', 'LayerNorm-65', 'Linear-117', 'LayerNorm-66', 'LayerNorm-67', 'Linear-118', 'Linear-119', 'Dropout-86', 'Linear-120', 'Dropout-87', 'Attention-22', 'Identity-64', 'LayerNorm-68', 'Linear-121', 'GELU-22', 'Dropout-88', 'Identity-65', 'Linear-122', 'Dropout-89', 'Mlp-22', 'Identity-66', 'Block-21-2', 'LayerNorm-71', 'Linear-128', 'LayerNorm-72', 'LayerNorm-73', 'Linear-129', 'Linear-130', 'Dropout-94', 'Linear-131', 'Dropout-95', 'Attention-24', 'Identity-70', 'LayerNorm-74', 'Linear-132', 'GELU-24', 'Dropout-96', 'Identity-71', 'Linear-133', 'Dropout-97', 'Mlp-24', 'Identity-72', 'Block-23-2', 'LayerNorm-75', 'Dropout-98', 'Linear-134', 'TNT-1']
Total number of layers: 261

==================================================
Processing layer: Linear-107 from model: tnt_s_patch16_224_classification

For model tnt_s_patch16_224_classification Layer Linear-107: Extracting features for 9000 images in batches of 28...
Feature extraction for model tnt_s_patch16_224_classification layer Linear-107 completed in 1131.55 seconds.
Finding best ridge alphas for 50 target PCs using 151296 features and 9000 samples.
Using alphas: 10^4 to 10^20, 50 values spaced logarithmically.
[Pipeline] ........... (step 1 of 1) Processing ridgecv, total= 5.4min

Selected alpha and cross-validation score for each PC:
Finished finding best ridge alphas for each target PC.✅

PC   1: alpha = 429193, CV score = -1546.858576

PC   2: alpha = 202359, CV score = -559.980036

PC   3: alpha = 202359, CV score = -365.682529

PC   4: alpha = 202359, CV score = -218.870465

PC   5: alpha = 202359, CV score = -181.011155

PC   6: alpha = 429193, CV score = -169.348172

PC   7: alpha = 429193, CV score = -145.955771

PC   8: alpha = 910298, CV score = -149.119267

PC   9: alpha = 429193, CV score = -108.966671

PC  10: alpha = 202359, CV score = -90.777007

PC  11: alpha = 429193, CV score = -87.044012

PC  12: alpha = 202359, CV score = -61.892215

PC  13: alpha = 910298, CV score = -94.142244

PC  14: alpha = 429193, CV score = -78.396837

PC  15: alpha = 429193, CV score = -68.900593

PC  16: alpha = 429193, CV score = -74.531750

PC  17: alpha = 429193, CV score = -68.754886

PC  18: alpha = 910298, CV score = -73.023977

PC  19: alpha = 429193, CV score = -63.184675

PC  20: alpha = 429193, CV score = -64.422669

PC  21: alpha = 429193, CV score = -58.976145

PC  22: alpha = 429193, CV score = -57.709493

PC  23: alpha = 429193, CV score = -54.734146

PC  24: alpha = 910298, CV score = -54.590180

PC  25: alpha = 429193, CV score = -51.972108

PC  26: alpha = 910298, CV score = -51.797532

PC  27: alpha = 910298, CV score = -48.022854

PC  28: alpha = 910298, CV score = -47.843957

PC  29: alpha = 429193, CV score = -46.297509

PC  30: alpha = 429193, CV score = -41.368399

PC  31: alpha = 429193, CV score = -40.474209

PC  32: alpha = 429193, CV score = -38.716400

PC  33: alpha = 910298, CV score = -38.852257

PC  34: alpha = 910298, CV score = -38.676232

PC  35: alpha = 429193, CV score = -35.557202

PC  36: alpha = 910298, CV score = -34.795423

PC  37: alpha = 910298, CV score = -35.123055

PC  38: alpha = 429193, CV score = -32.011960

PC  39: alpha = 429193, CV score = -33.064603

PC  40: alpha = 429193, CV score = -30.976250

PC  41: alpha = 910298, CV score = -30.526249

PC  42: alpha = 429193, CV score = -28.770806

PC  43: alpha = 910298, CV score = -28.779578

PC  44: alpha = 910298, CV score = -28.677749

PC  45: alpha = 429193, CV score = -26.617629

PC  46: alpha = 910298, CV score = -28.068555

PC  47: alpha = 910298, CV score = -26.018048

PC  48: alpha = 202359, CV score = -23.204130

PC  49: alpha = 429193, CV score = -24.725485

PC  50: alpha = 429193, CV score = -24.353084

Mean cross-validation score across PCs: -108.243295

======================================================================================

Chosen model: crossvit_base_240_classification
Number of images: 73000
Image shape: (425, 425, 3), dtype: uint8
nsdID shape: (73000,), Shared1000 shape: (73000,)
Neural data shape: (10000, 8088)
Image IDs shape: (10000,)
Number of voxels: 8088
Number of projections for SRP: 7894

Loaded target with shape (10000, 8088).
Transformed data shape: (9000, 200)
Transformed data shape after truncion: (9000, 50)
Model options for crossvit_base_240_classification: {'model_name': 'crossvit_base_240', 'train_type': 'classification', 'train_data': 'imagenet', 'model_source': 'timm', 'call': "get_timm_model('crossvit_base_240', pretrained = True)"}
Image transforms for crossvit_base_240_classification: Compose(
    Resize(size=(224, 224), interpolation=bicubic, max_size=None, antialias=True)
    MaybeToTensor()
    Normalize(mean=tensor([0.4850, 0.4560, 0.4060]), std=tensor([0.2290, 0.2240, 0.2250]))
)
Loaded model: crossvit_base_240_classification
Ordered layers from model: ['Conv2d-1', 'PatchEmbed-1', 'Dropout-1', 'Conv2d-2', 'PatchEmbed-2', 'Dropout-2', 'LayerNorm-1', 'Linear-1', 'Identity-1', 'Identity-2', 'Identity-3', 'Linear-2', 'Dropout-3', 'Attention-1', 'Identity-4', 'Identity-5', 'LayerNorm-2', 'Linear-3', 'GELU-1', 'Dropout-4', 'Identity-6', 'Linear-4', 'Dropout-5', 'Mlp-1', 'Identity-7', 'Identity-8', 'Block-1', 'LayerNorm-3', 'Linear-5', 'Identity-9', 'Identity-10', 'Identity-11', 'Linear-6', 'Dropout-6', 'Attention-2', 'Identity-12', 'Identity-13', 'LayerNorm-4', 'Linear-7', 'GELU-2', 'Dropout-7', 'Identity-14', 'Linear-8', 'Dropout-8', 'Mlp-2', 'Identity-15', 'Identity-16', 'Block-2', 'LayerNorm-5', 'Linear-9', 'Identity-17', 'Identity-18', 'Identity-19', 'Linear-10', 'Dropout-9', 'Attention-3', 'Identity-20', 'Identity-21', 'LayerNorm-6', 'Linear-11', 'GELU-3', 'Dropout-10', 'Identity-22', 'Linear-12', 'Dropout-11', 'Mlp-3', 'Identity-23', 'Identity-24', 'Block-3', 'LayerNorm-7', 'Linear-13', 'Identity-25', 'Identity-26', 'Identity-27', 'Linear-14', 'Dropout-12', 'Attention-4', 'Identity-28', 'Identity-29', 'LayerNorm-8', 'Linear-15', 'GELU-4', 'Dropout-13', 'Identity-30', 'Linear-16', 'Dropout-14', 'Mlp-4', 'Identity-31', 'Identity-32', 'Block-4', 'LayerNorm-9', 'Linear-17', 'Identity-33', 'Identity-34', 'Identity-35', 'Linear-18', 'Dropout-15', 'Attention-5', 'Identity-36', 'Identity-37', 'LayerNorm-10', 'Linear-19', 'GELU-5', 'Dropout-16', 'Identity-38', 'Linear-20', 'Dropout-17', 'Mlp-5', 'Identity-39', 'Identity-40', 'Block-5', 'LayerNorm-11', 'GELU-6', 'Linear-21', 'LayerNorm-12', 'GELU-7', 'Linear-22', 'LayerNorm-13', 'Linear-23', 'Linear-24', 'Linear-25', 'Dropout-18', 'Linear-26', 'Dropout-19', 'CrossAttention-1', 'Identity-41', 'CrossAttentionBlock-1', 'LayerNorm-14', 'GELU-8', 'Linear-27', 'LayerNorm-15', 'Linear-28', 'Linear-29', 'Linear-30', 'Dropout-20', 'Linear-31', 'Dropout-21', 'CrossAttention-3', 'Identity-42', 'CrossAttentionBlock-2', 'LayerNorm-16', 'GELU-9', 'Linear-32', 'MultiScaleBlock-1-1', 'MultiScaleBlock-1-2', 'LayerNorm-17', 'Linear-33', 'Identity-43', 'Identity-44', 'Identity-45', 'Linear-34', 'Dropout-22', 'Attention-10', 'Identity-46', 'Identity-47', 'LayerNorm-18', 'Linear-35', 'GELU-10', 'Dropout-23', 'Identity-48', 'Linear-36', 'Dropout-24', 'Mlp-6', 'Identity-49', 'Identity-50', 'Block-10', 'LayerNorm-19', 'Linear-37', 'Identity-51', 'Identity-52', 'Identity-53', 'Linear-38', 'Dropout-25', 'Attention-11', 'Identity-54', 'Identity-55', 'LayerNorm-20', 'Linear-39', 'GELU-11', 'Dropout-26', 'Identity-56', 'Linear-40', 'Dropout-27', 'Mlp-7', 'Identity-57', 'Identity-58', 'Block-11', 'LayerNorm-21', 'Linear-41', 'Identity-59', 'Identity-60', 'Identity-61', 'Linear-42', 'Dropout-28', 'Attention-12', 'Identity-62', 'Identity-63', 'LayerNorm-22', 'Linear-43', 'GELU-12', 'Dropout-29', 'Identity-64', 'Linear-44', 'Dropout-30', 'Mlp-8', 'Identity-65', 'Identity-66', 'Block-12', 'LayerNorm-23', 'Linear-45', 'Identity-67', 'Identity-68', 'Identity-69', 'Linear-46', 'Dropout-31', 'Attention-13', 'Identity-70', 'Identity-71', 'LayerNorm-24', 'Linear-47', 'GELU-13', 'Dropout-32', 'Identity-72', 'Linear-48', 'Dropout-33', 'Mlp-9', 'Identity-73', 'Identity-74', 'Block-13', 'LayerNorm-25', 'Linear-49', 'Identity-75', 'Identity-76', 'Identity-77', 'Linear-50', 'Dropout-34', 'Attention-14', 'Identity-78', 'Identity-79', 'LayerNorm-26', 'Linear-51', 'GELU-14', 'Dropout-35', 'Identity-80', 'Linear-52', 'Dropout-36', 'Mlp-10', 'Identity-81', 'Identity-82', 'Block-14', 'LayerNorm-27', 'GELU-15', 'Linear-53', 'LayerNorm-28', 'GELU-16', 'Linear-54', 'LayerNorm-29', 'Linear-55', 'Linear-56', 'Linear-57', 'Dropout-37', 'Linear-58', 'Dropout-38', 'CrossAttention-5', 'Identity-83', 'CrossAttentionBlock-3', 'LayerNorm-30', 'GELU-17', 'Linear-59', 'LayerNorm-31', 'Linear-60', 'Linear-61', 'Linear-62', 'Dropout-39', 'Linear-63', 'Dropout-40', 'CrossAttention-7', 'Identity-84', 'CrossAttentionBlock-4', 'LayerNorm-32', 'GELU-18', 'Linear-64', 'MultiScaleBlock-3-1', 'MultiScaleBlock-3-2', 'LayerNorm-33', 'Linear-65', 'Identity-85', 'Identity-86', 'Identity-87', 'Linear-66', 'Dropout-41', 'Attention-19', 'Identity-88', 'Identity-89', 'LayerNorm-34', 'Linear-67', 'GELU-19', 'Dropout-42', 'Identity-90', 'Linear-68', 'Dropout-43', 'Mlp-11', 'Identity-91', 'Identity-92', 'Block-19', 'LayerNorm-35', 'Linear-69', 'Identity-93', 'Identity-94', 'Identity-95', 'Linear-70', 'Dropout-44', 'Attention-20', 'Identity-96', 'Identity-97', 'LayerNorm-36', 'Linear-71', 'GELU-20', 'Dropout-45', 'Identity-98', 'Linear-72', 'Dropout-46', 'Mlp-12', 'Identity-99', 'Identity-100', 'Block-20', 'LayerNorm-37', 'Linear-73', 'Identity-101', 'Identity-102', 'Identity-103', 'Linear-74', 'Dropout-47', 'Attention-21', 'Identity-104', 'Identity-105', 'LayerNorm-38', 'Linear-75', 'GELU-21', 'Dropout-48', 'Identity-106', 'Linear-76', 'Dropout-49', 'Mlp-13', 'Identity-107', 'Identity-108', 'Block-21', 'LayerNorm-39', 'Linear-77', 'Identity-109', 'Identity-110', 'Identity-111', 'Linear-78', 'Dropout-50', 'Attention-22', 'Identity-112', 'Identity-113', 'LayerNorm-40', 'Linear-79', 'GELU-22', 'Dropout-51', 'Identity-114', 'Linear-80', 'Dropout-52', 'Mlp-14', 'Identity-115', 'Identity-116', 'Block-22', 'LayerNorm-41', 'Linear-81', 'Identity-117', 'Identity-118', 'Identity-119', 'Linear-82', 'Dropout-53', 'Attention-23', 'Identity-120', 'Identity-121', 'LayerNorm-42', 'Linear-83', 'GELU-23', 'Dropout-54', 'Identity-122', 'Linear-84', 'Dropout-55', 'Mlp-15', 'Identity-123', 'Identity-124', 'Block-23', 'LayerNorm-43', 'GELU-24', 'Linear-85', 'LayerNorm-44', 'GELU-25', 'Linear-86', 'LayerNorm-45', 'Linear-87', 'Linear-88', 'Linear-89', 'Dropout-56', 'Linear-90', 'Dropout-57', 'CrossAttention-9', 'Identity-125', 'CrossAttentionBlock-5', 'LayerNorm-46', 'GELU-26', 'Linear-91', 'LayerNorm-47', 'Linear-92', 'Linear-93', 'Linear-94', 'Dropout-58', 'Linear-95', 'Dropout-59', 'CrossAttention-11', 'Identity-126', 'CrossAttentionBlock-6', 'LayerNorm-48', 'GELU-27', 'Linear-96', 'MultiScaleBlock-5-1', 'MultiScaleBlock-5-2', 'LayerNorm-49', 'LayerNorm-50', 'Dropout-60', 'Dropout-61', 'Linear-97', 'Linear-98', 'CrossVit-1']
Total number of layers: 430

==================================================
Processing layer: LayerNorm-38 from model: crossvit_base_240_classification

For model crossvit_base_240_classification Layer LayerNorm-38: Extracting features for 9000 images in batches of 28...
Feature extraction for model crossvit_base_240_classification layer LayerNorm-38 completed in 3338.76 seconds.
Finding best ridge alphas for 50 target PCs using 151296 features and 9000 samples.
Using alphas: 10^4 to 10^20, 50 values spaced logarithmically.
[Pipeline] ........... (step 1 of 1) Processing ridgecv, total= 5.4min

Selected alpha and cross-validation score for each PC:
Finished finding best ridge alphas for each target PC.✅

PC   1: alpha = 4.09492e+06, CV score = -1536.282931

PC   2: alpha = 1.9307e+06, CV score = -526.359490

PC   3: alpha = 910298, CV score = -348.750913

PC   4: alpha = 910298, CV score = -203.426228

PC   5: alpha = 1.9307e+06, CV score = -175.230762

PC   6: alpha = 1.9307e+06, CV score = -164.074795

PC   7: alpha = 1.9307e+06, CV score = -144.279146

PC   8: alpha = 8.68511e+06, CV score = -148.797804

PC   9: alpha = 1.9307e+06, CV score = -105.107385

PC  10: alpha = 1.9307e+06, CV score = -88.185015

PC  11: alpha = 4.09492e+06, CV score = -85.771564

PC  12: alpha = 1.9307e+06, CV score = -58.379683

PC  13: alpha = 8.68511e+06, CV score = -93.822964

PC  14: alpha = 4.09492e+06, CV score = -77.712737

PC  15: alpha = 1.9307e+06, CV score = -66.980666

PC  16: alpha = 4.09492e+06, CV score = -73.481560

PC  17: alpha = 4.09492e+06, CV score = -68.259742

PC  18: alpha = 8.68511e+06, CV score = -73.336353

PC  19: alpha = 4.09492e+06, CV score = -62.301131

PC  20: alpha = 4.09492e+06, CV score = -63.548073

PC  21: alpha = 4.09492e+06, CV score = -57.686188

PC  22: alpha = 4.09492e+06, CV score = -57.164059

PC  23: alpha = 4.09492e+06, CV score = -53.847218

PC  24: alpha = 4.09492e+06, CV score = -54.324778

PC  25: alpha = 4.09492e+06, CV score = -51.275552

PC  26: alpha = 8.68511e+06, CV score = -51.599002

PC  27: alpha = 4.09492e+06, CV score = -47.020431

PC  28: alpha = 8.68511e+06, CV score = -47.527150

PC  29: alpha = 4.09492e+06, CV score = -46.022898

PC  30: alpha = 4.09492e+06, CV score = -40.852073

PC  31: alpha = 4.09492e+06, CV score = -39.960204

PC  32: alpha = 4.09492e+06, CV score = -38.009419

PC  33: alpha = 4.09492e+06, CV score = -38.297501

PC  34: alpha = 8.68511e+06, CV score = -38.741491

PC  35: alpha = 4.09492e+06, CV score = -34.949370

PC  36: alpha = 4.09492e+06, CV score = -34.227331

PC  37: alpha = 8.68511e+06, CV score = -34.919070

PC  38: alpha = 4.09492e+06, CV score = -31.749119

PC  39: alpha = 4.09492e+06, CV score = -32.969385

PC  40: alpha = 4.09492e+06, CV score = -30.427144

PC  41: alpha = 4.09492e+06, CV score = -30.396494

PC  42: alpha = 4.09492e+06, CV score = -28.567673

PC  43: alpha = 4.09492e+06, CV score = -28.513368

PC  44: alpha = 8.68511e+06, CV score = -28.735868

PC  45: alpha = 4.09492e+06, CV score = -26.233425

PC  46: alpha = 8.68511e+06, CV score = -28.096562

PC  47: alpha = 4.09492e+06, CV score = -25.736322

PC  48: alpha = 1.9307e+06, CV score = -22.593730

PC  49: alpha = 4.09492e+06, CV score = -24.495241

PC  50: alpha = 4.09492e+06, CV score = -23.931678

Mean cross-validation score across PCs: -105.859174

======================================================================================

Chosen model: deit_base_patch16_224_classification
Number of images: 73000
Image shape: (425, 425, 3), dtype: uint8
nsdID shape: (73000,), Shared1000 shape: (73000,)
Neural data shape: (10000, 8088)
Image IDs shape: (10000,)
Number of voxels: 8088
Number of projections for SRP: 7894

Loaded target with shape (10000, 8088).
Transformed data shape: (9000, 200)
Transformed data shape after truncion: (9000, 50)
Model options for deit_base_patch16_224_classification: {'model_name': 'deit_base_patch16_224', 'train_type': 'classification', 'train_data': 'imagenet', 'model_source': 'timm', 'call': "get_timm_model('deit_base_patch16_224', pretrained = True)"}
Image transforms for deit_base_patch16_224_classification: Compose(
    Resize(size=(224, 224), interpolation=bicubic, max_size=None, antialias=True)
    MaybeToTensor()
    Normalize(mean=tensor([0.4850, 0.4560, 0.4060]), std=tensor([0.2290, 0.2240, 0.2250]))
)
Loaded model: deit_base_patch16_224_classification
Ordered layers from model: ['Conv2d-1', 'Identity-1', 'PatchEmbed-1', 'Dropout-1', 'Identity-2', 'Identity-3', 'LayerNorm-1', 'Linear-1', 'Identity-4', 'Identity-5', 'Identity-6', 'Linear-2', 'Dropout-2', 'Attention-1', 'Identity-7', 'Identity-8', 'LayerNorm-2', 'Linear-3', 'GELU-1', 'Dropout-3', 'Identity-9', 'Linear-4', 'Dropout-4', 'Mlp-1', 'Identity-10', 'Identity-11', 'Block-1', 'LayerNorm-3', 'Linear-5', 'Identity-12', 'Identity-13', 'Identity-14', 'Linear-6', 'Dropout-5', 'Attention-2', 'Identity-15', 'Identity-16', 'LayerNorm-4', 'Linear-7', 'GELU-2', 'Dropout-6', 'Identity-17', 'Linear-8', 'Dropout-7', 'Mlp-2', 'Identity-18', 'Identity-19', 'Block-2', 'LayerNorm-5', 'Linear-9', 'Identity-20', 'Identity-21', 'Identity-22', 'Linear-10', 'Dropout-8', 'Attention-3', 'Identity-23', 'Identity-24', 'LayerNorm-6', 'Linear-11', 'GELU-3', 'Dropout-9', 'Identity-25', 'Linear-12', 'Dropout-10', 'Mlp-3', 'Identity-26', 'Identity-27', 'Block-3', 'LayerNorm-7', 'Linear-13', 'Identity-28', 'Identity-29', 'Identity-30', 'Linear-14', 'Dropout-11', 'Attention-4', 'Identity-31', 'Identity-32', 'LayerNorm-8', 'Linear-15', 'GELU-4', 'Dropout-12', 'Identity-33', 'Linear-16', 'Dropout-13', 'Mlp-4', 'Identity-34', 'Identity-35', 'Block-4', 'LayerNorm-9', 'Linear-17', 'Identity-36', 'Identity-37', 'Identity-38', 'Linear-18', 'Dropout-14', 'Attention-5', 'Identity-39', 'Identity-40', 'LayerNorm-10', 'Linear-19', 'GELU-5', 'Dropout-15', 'Identity-41', 'Linear-20', 'Dropout-16', 'Mlp-5', 'Identity-42', 'Identity-43', 'Block-5', 'LayerNorm-11', 'Linear-21', 'Identity-44', 'Identity-45', 'Identity-46', 'Linear-22', 'Dropout-17', 'Attention-6', 'Identity-47', 'Identity-48', 'LayerNorm-12', 'Linear-23', 'GELU-6', 'Dropout-18', 'Identity-49', 'Linear-24', 'Dropout-19', 'Mlp-6', 'Identity-50', 'Identity-51', 'Block-6', 'LayerNorm-13', 'Linear-25', 'Identity-52', 'Identity-53', 'Identity-54', 'Linear-26', 'Dropout-20', 'Attention-7', 'Identity-55', 'Identity-56', 'LayerNorm-14', 'Linear-27', 'GELU-7', 'Dropout-21', 'Identity-57', 'Linear-28', 'Dropout-22', 'Mlp-7', 'Identity-58', 'Identity-59', 'Block-7', 'LayerNorm-15', 'Linear-29', 'Identity-60', 'Identity-61', 'Identity-62', 'Linear-30', 'Dropout-23', 'Attention-8', 'Identity-63', 'Identity-64', 'LayerNorm-16', 'Linear-31', 'GELU-8', 'Dropout-24', 'Identity-65', 'Linear-32', 'Dropout-25', 'Mlp-8', 'Identity-66', 'Identity-67', 'Block-8', 'LayerNorm-17', 'Linear-33', 'Identity-68', 'Identity-69', 'Identity-70', 'Linear-34', 'Dropout-26', 'Attention-9', 'Identity-71', 'Identity-72', 'LayerNorm-18', 'Linear-35', 'GELU-9', 'Dropout-27', 'Identity-73', 'Linear-36', 'Dropout-28', 'Mlp-9', 'Identity-74', 'Identity-75', 'Block-9', 'LayerNorm-19', 'Linear-37', 'Identity-76', 'Identity-77', 'Identity-78', 'Linear-38', 'Dropout-29', 'Attention-10', 'Identity-79', 'Identity-80', 'LayerNorm-20', 'Linear-39', 'GELU-10', 'Dropout-30', 'Identity-81', 'Linear-40', 'Dropout-31', 'Mlp-10', 'Identity-82', 'Identity-83', 'Block-10', 'LayerNorm-21', 'Linear-41', 'Identity-84', 'Identity-85', 'Identity-86', 'Linear-42', 'Dropout-32', 'Attention-11', 'Identity-87', 'Identity-88', 'LayerNorm-22', 'Linear-43', 'GELU-11', 'Dropout-33', 'Identity-89', 'Linear-44', 'Dropout-34', 'Mlp-11', 'Identity-90', 'Identity-91', 'Block-11', 'LayerNorm-23', 'Linear-45', 'Identity-92', 'Identity-93', 'Identity-94', 'Linear-46', 'Dropout-35', 'Attention-12', 'Identity-95', 'Identity-96', 'LayerNorm-24', 'Linear-47', 'GELU-12', 'Dropout-36', 'Identity-97', 'Linear-48', 'Dropout-37', 'Mlp-12', 'Identity-98', 'Identity-99', 'Block-12', 'LayerNorm-25', 'Identity-100', 'Dropout-38', 'Linear-49', 'VisionTransformer-1']
Total number of layers: 263

==================================================
Processing layer: LayerNorm-20 from model: deit_base_patch16_224_classification

For model deit_base_patch16_224_classification Layer LayerNorm-20: Extracting features for 9000 images in batches of 28...
Feature extraction for model deit_base_patch16_224_classification layer LayerNorm-20 completed in 2696.15 seconds.
Finding best ridge alphas for 50 target PCs using 151296 features and 9000 samples.
Using alphas: 10^4 to 10^20, 50 values spaced logarithmically.
[Pipeline] ........... (step 1 of 1) Processing ridgecv, total= 5.3min

Selected alpha and cross-validation score for each PC:
Finished finding best ridge alphas for each target PC.✅

PC   1: alpha = 4.09492e+06, CV score = -1536.983031

PC   2: alpha = 1.9307e+06, CV score = -526.601671

PC   3: alpha = 910298, CV score = -351.297324

PC   4: alpha = 910298, CV score = -201.883555

PC   5: alpha = 1.9307e+06, CV score = -176.108532

PC   6: alpha = 1.9307e+06, CV score = -163.870947

PC   7: alpha = 1.9307e+06, CV score = -143.572115

PC   8: alpha = 8.68511e+06, CV score = -148.766793

PC   9: alpha = 1.9307e+06, CV score = -104.623347

PC  10: alpha = 1.9307e+06, CV score = -87.774206

PC  11: alpha = 1.9307e+06, CV score = -85.847528

PC  12: alpha = 910298, CV score = -58.247808

PC  13: alpha = 4.09492e+06, CV score = -93.392035

PC  14: alpha = 1.9307e+06, CV score = -77.674131

PC  15: alpha = 1.9307e+06, CV score = -66.486088

PC  16: alpha = 4.09492e+06, CV score = -73.745868

PC  17: alpha = 4.09492e+06, CV score = -67.971619

PC  18: alpha = 4.09492e+06, CV score = -72.803244

PC  19: alpha = 1.9307e+06, CV score = -62.058596

PC  20: alpha = 4.09492e+06, CV score = -63.616789

PC  21: alpha = 4.09492e+06, CV score = -57.624859

PC  22: alpha = 4.09492e+06, CV score = -56.922584

PC  23: alpha = 4.09492e+06, CV score = -54.193794

PC  24: alpha = 4.09492e+06, CV score = -54.340388

PC  25: alpha = 1.9307e+06, CV score = -51.194922

PC  26: alpha = 4.09492e+06, CV score = -51.623450

PC  27: alpha = 4.09492e+06, CV score = -47.052399

PC  28: alpha = 4.09492e+06, CV score = -47.596716

PC  29: alpha = 4.09492e+06, CV score = -45.924536

PC  30: alpha = 4.09492e+06, CV score = -40.895996

PC  31: alpha = 1.9307e+06, CV score = -40.049660

PC  32: alpha = 4.09492e+06, CV score = -38.213145

PC  33: alpha = 4.09492e+06, CV score = -38.191741

PC  34: alpha = 4.09492e+06, CV score = -38.715101

PC  35: alpha = 4.09492e+06, CV score = -34.946263

PC  36: alpha = 4.09492e+06, CV score = -34.458941

PC  37: alpha = 4.09492e+06, CV score = -34.922209

PC  38: alpha = 1.9307e+06, CV score = -31.812545

PC  39: alpha = 4.09492e+06, CV score = -32.963191

PC  40: alpha = 4.09492e+06, CV score = -30.490863

PC  41: alpha = 4.09492e+06, CV score = -30.313408

PC  42: alpha = 4.09492e+06, CV score = -28.445680

PC  43: alpha = 4.09492e+06, CV score = -28.457841

PC  44: alpha = 8.68511e+06, CV score = -28.740549

PC  45: alpha = 4.09492e+06, CV score = -26.186525

PC  46: alpha = 8.68511e+06, CV score = -28.032179

PC  47: alpha = 4.09492e+06, CV score = -25.667664

PC  48: alpha = 1.9307e+06, CV score = -22.876247

PC  49: alpha = 4.09492e+06, CV score = -24.386339

PC  50: alpha = 4.09492e+06, CV score = -24.018125

Mean cross-validation score across PCs: -105.851662

======================================================================================

Chosen model: levit_128_classification
Number of images: 73000
Image shape: (425, 425, 3), dtype: uint8
nsdID shape: (73000,), Shared1000 shape: (73000,)
Neural data shape: (10000, 8088)
Image IDs shape: (10000,)
Number of voxels: 8088
Number of projections for SRP: 7894

Loaded target with shape (10000, 8088).
Transformed data shape: (9000, 200)
Transformed data shape after truncion: (9000, 50)
Model options for levit_128_classification: {'model_name': 'levit_128', 'train_type': 'classification', 'train_data': 'imagenet', 'model_source': 'timm', 'call': "get_timm_model('levit_128', pretrained = True)"}
Image transforms for levit_128_classification: Compose(
    Resize(size=(224, 224), interpolation=bicubic, max_size=None, antialias=True)
    MaybeToTensor()
    Normalize(mean=tensor([0.4850, 0.4560, 0.4060]), std=tensor([0.2290, 0.2240, 0.2250]))
)
Loaded model: levit_128_classification
Ordered layers from model: ['Conv2d-1', 'BatchNorm2d-1', 'ConvNorm-1', 'Hardswish-1', 'Conv2d-2', 'BatchNorm2d-2', 'ConvNorm-2', 'Hardswish-2', 'Conv2d-3', 'BatchNorm2d-3', 'ConvNorm-3', 'Hardswish-3', 'Conv2d-4', 'BatchNorm2d-4', 'ConvNorm-4', 'Identity-1', 'Linear-1', 'LinearNorm-1', 'Hardswish-4', 'Linear-3', 'LinearNorm-2', 'Attention-1', 'Identity-2', 'Linear-5', 'LinearNorm-3', 'Hardswish-5', 'Dropout-1', 'Linear-7', 'LinearNorm-4', 'LevitMlp-1', 'Identity-3', 'LevitBlock-1', 'Linear-9', 'LinearNorm-5', 'Hardswish-6', 'Linear-11', 'LinearNorm-6', 'Attention-2', 'Identity-4', 'Linear-13', 'LinearNorm-7', 'Hardswish-7', 'Dropout-2', 'Linear-15', 'LinearNorm-8', 'LevitMlp-2', 'Identity-5', 'LevitBlock-2', 'Linear-17', 'LinearNorm-9', 'Hardswish-8', 'Linear-19', 'LinearNorm-10', 'Attention-3', 'Identity-6', 'Linear-21', 'LinearNorm-11', 'Hardswish-9', 'Dropout-3', 'Linear-23', 'LinearNorm-12', 'LevitMlp-3', 'Identity-7', 'LevitBlock-3', 'Linear-25', 'LinearNorm-13', 'Hardswish-10', 'Linear-27', 'LinearNorm-14', 'Attention-4', 'Identity-8', 'Linear-29', 'LinearNorm-15', 'Hardswish-11', 'Dropout-4', 'Linear-31', 'LinearNorm-16', 'LevitMlp-4', 'Identity-9', 'LevitBlock-4', 'LevitStage-1', 'Linear-33', 'LinearNorm-17', 'Downsample-1', 'Linear-35', 'LinearNorm-18', 'Hardswish-12', 'Linear-37', 'LinearNorm-19', 'AttentionDownsample-1', 'Linear-39', 'LinearNorm-20', 'Hardswish-13', 'Dropout-5', 'Linear-41', 'LinearNorm-21', 'LevitMlp-5', 'Identity-10', 'LevitDownsample-1', 'Linear-43', 'LinearNorm-22', 'Hardswish-14', 'Linear-45', 'LinearNorm-23', 'Attention-6', 'Identity-11', 'Linear-47', 'LinearNorm-24', 'Hardswish-15', 'Dropout-6', 'Linear-49', 'LinearNorm-25', 'LevitMlp-6', 'Identity-12', 'LevitBlock-5', 'Linear-51', 'LinearNorm-26', 'Hardswish-16', 'Linear-53', 'LinearNorm-27', 'Attention-7', 'Identity-13', 'Linear-55', 'LinearNorm-28', 'Hardswish-17', 'Dropout-7', 'Linear-57', 'LinearNorm-29', 'LevitMlp-7', 'Identity-14', 'LevitBlock-6', 'Linear-59', 'LinearNorm-30', 'Hardswish-18', 'Linear-61', 'LinearNorm-31', 'Attention-8', 'Identity-15', 'Linear-63', 'LinearNorm-32', 'Hardswish-19', 'Dropout-8', 'Linear-65', 'LinearNorm-33', 'LevitMlp-8', 'Identity-16', 'LevitBlock-7', 'Linear-67', 'LinearNorm-34', 'Hardswish-20', 'Linear-69', 'LinearNorm-35', 'Attention-9', 'Identity-17', 'Linear-71', 'LinearNorm-36', 'Hardswish-21', 'Dropout-9', 'Linear-73', 'LinearNorm-37', 'LevitMlp-9', 'Identity-18', 'LevitBlock-8', 'LevitStage-2', 'Linear-75', 'LinearNorm-38', 'Downsample-4', 'Linear-77', 'LinearNorm-39', 'Hardswish-22', 'Linear-79', 'LinearNorm-40', 'AttentionDownsample-2', 'Linear-81', 'LinearNorm-41', 'Hardswish-23', 'Dropout-10', 'Linear-83', 'LinearNorm-42', 'LevitMlp-10', 'Identity-19', 'LevitDownsample-2', 'Linear-85', 'LinearNorm-43', 'Hardswish-24', 'Linear-87', 'LinearNorm-44', 'Attention-11', 'Identity-20', 'Linear-89', 'LinearNorm-45', 'Hardswish-25', 'Dropout-11', 'Linear-91', 'LinearNorm-46', 'LevitMlp-11', 'Identity-21', 'LevitBlock-9', 'Linear-93', 'LinearNorm-47', 'Hardswish-26', 'Linear-95', 'LinearNorm-48', 'Attention-12', 'Identity-22', 'Linear-97', 'LinearNorm-49', 'Hardswish-27', 'Dropout-12', 'Linear-99', 'LinearNorm-50', 'LevitMlp-12', 'Identity-23', 'LevitBlock-10', 'Linear-101', 'LinearNorm-51', 'Hardswish-28', 'Linear-103', 'LinearNorm-52', 'Attention-13', 'Identity-24', 'Linear-105', 'LinearNorm-53', 'Hardswish-29', 'Dropout-13', 'Linear-107', 'LinearNorm-54', 'LevitMlp-13', 'Identity-25', 'LevitBlock-11', 'Linear-109', 'LinearNorm-55', 'Hardswish-30', 'Linear-111', 'LinearNorm-56', 'Attention-14', 'Identity-26', 'Linear-113', 'LinearNorm-57', 'Hardswish-31', 'Dropout-14', 'Linear-115', 'LinearNorm-58', 'LevitMlp-14', 'Identity-27', 'LevitBlock-12', 'LevitStage-3', 'BatchNorm1d-59', 'Dropout-15', 'Linear-117', 'NormLinear-1', 'BatchNorm1d-60', 'Dropout-16', 'Linear-119', 'NormLinear-2', 'LevitDistilled-1']
Total number of layers: 256

==================================================
Processing layer: LevitDownsample-2 from model: levit_128_classification

For model levit_128_classification Layer LevitDownsample-2: Extracting features for 9000 images in batches of 28...
Feature extraction for model levit_128_classification layer LevitDownsample-2 completed in 167.46 seconds.
Finding best ridge alphas for 50 target PCs using 6144 features and 9000 samples.
Using alphas: 10^4 to 10^20, 50 values spaced logarithmically.
[Pipeline] ........... (step 1 of 1) Processing ridgecv, total=11.3min

Selected alpha and cross-validation score for each PC:
Finished finding best ridge alphas for each target PC.✅

PC   1: alpha = 910298, CV score = -1559.656044

PC   2: alpha = 202359, CV score = -527.751068

PC   3: alpha = 202359, CV score = -388.224015

PC   4: alpha = 202359, CV score = -217.579995

PC   5: alpha = 429193, CV score = -183.280359

PC   6: alpha = 429193, CV score = -165.371559

PC   7: alpha = 429193, CV score = -148.955359

PC   8: alpha = 910298, CV score = -149.502639

PC   9: alpha = 429193, CV score = -108.213268

PC  10: alpha = 429193, CV score = -91.138408

PC  11: alpha = 429193, CV score = -87.061544

PC  12: alpha = 202359, CV score = -61.165009

PC  13: alpha = 910298, CV score = -93.118147

PC  14: alpha = 429193, CV score = -79.617727

PC  15: alpha = 429193, CV score = -69.352607

PC  16: alpha = 910298, CV score = -74.665203

PC  17: alpha = 429193, CV score = -69.910248

PC  18: alpha = 910298, CV score = -73.715876

PC  19: alpha = 429193, CV score = -62.464182

PC  20: alpha = 910298, CV score = -64.470356

PC  21: alpha = 429193, CV score = -57.956534

PC  22: alpha = 910298, CV score = -58.102459

PC  23: alpha = 429193, CV score = -55.513856

PC  24: alpha = 910298, CV score = -55.216177

PC  25: alpha = 429193, CV score = -52.488491

PC  26: alpha = 910298, CV score = -51.789033

PC  27: alpha = 429193, CV score = -47.882073

PC  28: alpha = 910298, CV score = -47.323793

PC  29: alpha = 910298, CV score = -46.408515

PC  30: alpha = 429193, CV score = -41.380937

PC  31: alpha = 429193, CV score = -40.173227

PC  32: alpha = 429193, CV score = -38.407433

PC  33: alpha = 429193, CV score = -38.461940

PC  34: alpha = 910298, CV score = -38.800415

PC  35: alpha = 429193, CV score = -35.286192

PC  36: alpha = 910298, CV score = -34.436999

PC  37: alpha = 910298, CV score = -35.224372

PC  38: alpha = 429193, CV score = -32.013328

PC  39: alpha = 910298, CV score = -33.373775

PC  40: alpha = 910298, CV score = -30.684421

PC  41: alpha = 910298, CV score = -30.662684

PC  42: alpha = 910298, CV score = -28.776410

PC  43: alpha = 910298, CV score = -28.772320

PC  44: alpha = 910298, CV score = -28.716400

PC  45: alpha = 429193, CV score = -26.564632

PC  46: alpha = 1.9307e+06, CV score = -28.192689

PC  47: alpha = 910298, CV score = -25.746981

PC  48: alpha = 429193, CV score = -24.063843

PC  49: alpha = 429193, CV score = -24.686756

PC  50: alpha = 910298, CV score = -24.433384

Mean cross-validation score across PCs: -108.335074

======================================================================================

Chosen model: coat_lite_tiny_classification
Number of images: 73000
Image shape: (425, 425, 3), dtype: uint8
nsdID shape: (73000,), Shared1000 shape: (73000,)
Neural data shape: (10000, 8088)
Image IDs shape: (10000,)
Number of voxels: 8088
Number of projections for SRP: 7894

Loaded target with shape (10000, 8088).
Transformed data shape: (9000, 200)
Transformed data shape after truncion: (9000, 50)
Model options for coat_lite_tiny_classification: {'model_name': 'coat_lite_tiny', 'train_type': 'classification', 'train_data': 'imagenet', 'model_source': 'timm', 'call': "get_timm_model('coat_lite_tiny', pretrained = True)"}
Image transforms for coat_lite_tiny_classification: Compose(
    Resize(size=(224, 224), interpolation=bicubic, max_size=None, antialias=True)
    MaybeToTensor()
    Normalize(mean=tensor([0.4850, 0.4560, 0.4060]), std=tensor([0.2290, 0.2240, 0.2250]))
)
Loaded model: coat_lite_tiny_classification
Ordered layers from model: ['Conv2d-1', 'LayerNorm-1', 'PatchEmbed-1', 'Conv2d-2', 'Conv2d-3', 'Conv2d-4', 'ConvPosEnc-1', 'ConvPosEnc-2', 'ConvPosEnc-3', 'LayerNorm-2', 'Linear-1', 'Conv2d-5', 'Conv2d-6', 'Conv2d-7', 'Conv2d-8', 'Conv2d-9', 'Conv2d-10', 'Conv2d-11', 'Conv2d-12', 'Conv2d-13', 'ConvRelPosEnc-1', 'ConvRelPosEnc-2', 'ConvRelPosEnc-3', 'Linear-2', 'Dropout-1', 'FactorAttnConvRelPosEnc-1', 'Identity-1', 'LayerNorm-3', 'Linear-3', 'GELU-1', 'Dropout-2', 'Identity-2', 'Linear-4', 'Dropout-3', 'Mlp-1', 'Identity-3', 'SerialBlock-1', 'Conv2d-14', 'Conv2d-15', 'Conv2d-16', 'ConvPosEnc-4', 'ConvPosEnc-5', 'ConvPosEnc-6', 'LayerNorm-4', 'Linear-5', 'Conv2d-17', 'Conv2d-18', 'Conv2d-19', 'Conv2d-20', 'Conv2d-21', 'Conv2d-22', 'Conv2d-23', 'Conv2d-24', 'Conv2d-25', 'ConvRelPosEnc-5', 'ConvRelPosEnc-6', 'ConvRelPosEnc-7', 'Linear-6', 'Dropout-4', 'FactorAttnConvRelPosEnc-2', 'Identity-4', 'LayerNorm-5', 'Linear-7', 'GELU-2', 'Dropout-5', 'Identity-5', 'Linear-8', 'Dropout-6', 'Mlp-2', 'Identity-6', 'SerialBlock-2', 'Conv2d-26', 'LayerNorm-6', 'PatchEmbed-2', 'Conv2d-27', 'Conv2d-28', 'Conv2d-29', 'ConvPosEnc-7', 'ConvPosEnc-8', 'ConvPosEnc-9', 'LayerNorm-7', 'Linear-9', 'Conv2d-30', 'Conv2d-31', 'Conv2d-32', 'Conv2d-33', 'Conv2d-34', 'Conv2d-35', 'Conv2d-36', 'Conv2d-37', 'Conv2d-38', 'ConvRelPosEnc-9', 'ConvRelPosEnc-10', 'ConvRelPosEnc-11', 'Linear-10', 'Dropout-7', 'FactorAttnConvRelPosEnc-3', 'Identity-7', 'LayerNorm-8', 'Linear-11', 'GELU-3', 'Dropout-8', 'Identity-8', 'Linear-12', 'Dropout-9', 'Mlp-3', 'Identity-9', 'SerialBlock-3', 'Conv2d-39', 'Conv2d-40', 'Conv2d-41', 'ConvPosEnc-10', 'ConvPosEnc-11', 'ConvPosEnc-12', 'LayerNorm-9', 'Linear-13', 'Conv2d-42', 'Conv2d-43', 'Conv2d-44', 'Conv2d-45', 'Conv2d-46', 'Conv2d-47', 'Conv2d-48', 'Conv2d-49', 'Conv2d-50', 'ConvRelPosEnc-13', 'ConvRelPosEnc-14', 'ConvRelPosEnc-15', 'Linear-14', 'Dropout-10', 'FactorAttnConvRelPosEnc-4', 'Identity-10', 'LayerNorm-10', 'Linear-15', 'GELU-4', 'Dropout-11', 'Identity-11', 'Linear-16', 'Dropout-12', 'Mlp-4', 'Identity-12', 'SerialBlock-4', 'Conv2d-51', 'LayerNorm-11', 'PatchEmbed-3', 'Conv2d-52', 'Conv2d-53', 'Conv2d-54', 'ConvPosEnc-13', 'ConvPosEnc-14', 'ConvPosEnc-15', 'LayerNorm-12', 'Linear-17', 'Conv2d-55', 'Conv2d-56', 'Conv2d-57', 'Conv2d-58', 'Conv2d-59', 'Conv2d-60', 'Conv2d-61', 'Conv2d-62', 'Conv2d-63', 'ConvRelPosEnc-17', 'ConvRelPosEnc-18', 'ConvRelPosEnc-19', 'Linear-18', 'Dropout-13', 'FactorAttnConvRelPosEnc-5', 'Identity-13', 'LayerNorm-13', 'Linear-19', 'GELU-5', 'Dropout-14', 'Identity-14', 'Linear-20', 'Dropout-15', 'Mlp-5', 'Identity-15', 'SerialBlock-5', 'Conv2d-64', 'Conv2d-65', 'Conv2d-66', 'ConvPosEnc-16', 'ConvPosEnc-17', 'ConvPosEnc-18', 'LayerNorm-14', 'Linear-21', 'Conv2d-67', 'Conv2d-68', 'Conv2d-69', 'Conv2d-70', 'Conv2d-71', 'Conv2d-72', 'Conv2d-73', 'Conv2d-74', 'Conv2d-75', 'ConvRelPosEnc-21', 'ConvRelPosEnc-22', 'ConvRelPosEnc-23', 'Linear-22', 'Dropout-16', 'FactorAttnConvRelPosEnc-6', 'Identity-16', 'LayerNorm-15', 'Linear-23', 'GELU-6', 'Dropout-17', 'Identity-17', 'Linear-24', 'Dropout-18', 'Mlp-6', 'Identity-18', 'SerialBlock-6', 'Conv2d-76', 'LayerNorm-16', 'PatchEmbed-4', 'Conv2d-77', 'Conv2d-78', 'Conv2d-79', 'ConvPosEnc-19', 'ConvPosEnc-20', 'ConvPosEnc-21', 'LayerNorm-17', 'Linear-25', 'Conv2d-80', 'Conv2d-81', 'Conv2d-82', 'Conv2d-83', 'Conv2d-84', 'Conv2d-85', 'Conv2d-86', 'Conv2d-87', 'Conv2d-88', 'ConvRelPosEnc-25', 'ConvRelPosEnc-26', 'ConvRelPosEnc-27', 'Linear-26', 'Dropout-19', 'FactorAttnConvRelPosEnc-7', 'Identity-19', 'LayerNorm-18', 'Linear-27', 'GELU-7', 'Dropout-20', 'Identity-20', 'Linear-28', 'Dropout-21', 'Mlp-7', 'Identity-21', 'SerialBlock-7', 'Conv2d-89', 'Conv2d-90', 'Conv2d-91', 'ConvPosEnc-22', 'ConvPosEnc-23', 'ConvPosEnc-24', 'LayerNorm-19', 'Linear-29', 'Conv2d-92', 'Conv2d-93', 'Conv2d-94', 'Conv2d-95', 'Conv2d-96', 'Conv2d-97', 'Conv2d-98', 'Conv2d-99', 'Conv2d-100', 'ConvRelPosEnc-29', 'ConvRelPosEnc-30', 'ConvRelPosEnc-31', 'Linear-30', 'Dropout-22', 'FactorAttnConvRelPosEnc-8', 'Identity-22', 'LayerNorm-20', 'Linear-31', 'GELU-8', 'Dropout-23', 'Identity-23', 'Linear-32', 'Dropout-24', 'Mlp-8', 'Identity-24', 'SerialBlock-8', 'LayerNorm-21', 'Dropout-25', 'Linear-33', 'CoaT-1']
Total number of layers: 288

==================================================
Processing layer: ConvPosEnc-19 from model: coat_lite_tiny_classification

For model coat_lite_tiny_classification Layer ConvPosEnc-19: Extracting features for 9000 images in batches of 28...
Feature extraction for model coat_lite_tiny_classification layer ConvPosEnc-19 completed in 473.68 seconds.
Finding best ridge alphas for 50 target PCs using 16000 features and 9000 samples.
Using alphas: 10^4 to 10^20, 50 values spaced logarithmically.
[Pipeline] ........... (step 1 of 1) Processing ridgecv, total= 1.7min

Selected alpha and cross-validation score for each PC:
Finished finding best ridge alphas for each target PC.✅

PC   1: alpha = 10000, CV score = -1564.699231

PC   2: alpha = 10000, CV score = -589.068997

PC   3: alpha = 10000, CV score = -399.020945

PC   4: alpha = 10000, CV score = -229.253557

PC   5: alpha = 10000, CV score = -183.738704

PC   6: alpha = 10000, CV score = -169.239821

PC   7: alpha = 10000, CV score = -148.662635

PC   8: alpha = 10000, CV score = -148.698418

PC   9: alpha = 10000, CV score = -109.495018

PC  10: alpha = 10000, CV score = -92.017870

PC  11: alpha = 10000, CV score = -88.027140

PC  12: alpha = 10000, CV score = -63.478848

PC  13: alpha = 10000, CV score = -94.042369

PC  14: alpha = 10000, CV score = -78.923046

PC  15: alpha = 10000, CV score = -69.207267

PC  16: alpha = 10000, CV score = -74.574472

PC  17: alpha = 10000, CV score = -69.257897

PC  18: alpha = 10000, CV score = -73.174374

PC  19: alpha = 10000, CV score = -62.312574

PC  20: alpha = 10000, CV score = -64.524156

PC  21: alpha = 10000, CV score = -58.307591

PC  22: alpha = 10000, CV score = -58.127258

PC  23: alpha = 10000, CV score = -55.319526

PC  24: alpha = 10000, CV score = -54.477859

PC  25: alpha = 10000, CV score = -52.194965

PC  26: alpha = 10000, CV score = -51.685845

PC  27: alpha = 10000, CV score = -47.719731

PC  28: alpha = 10000, CV score = -47.890965

PC  29: alpha = 10000, CV score = -46.337222

PC  30: alpha = 10000, CV score = -41.657108

PC  31: alpha = 10000, CV score = -41.204087

PC  32: alpha = 10000, CV score = -38.889780

PC  33: alpha = 10000, CV score = -38.391885

PC  34: alpha = 10000, CV score = -38.629305

PC  35: alpha = 10000, CV score = -35.303422

PC  36: alpha = 10000, CV score = -34.567704

PC  37: alpha = 10000, CV score = -34.951498

PC  38: alpha = 10000, CV score = -31.952224

PC  39: alpha = 10000, CV score = -33.212941

PC  40: alpha = 10000, CV score = -30.996573

PC  41: alpha = 10000, CV score = -30.348406

PC  42: alpha = 10000, CV score = -28.720459

PC  43: alpha = 10000, CV score = -28.909130

PC  44: alpha = 10000, CV score = -28.622508

PC  45: alpha = 10000, CV score = -26.534576

PC  46: alpha = 10000, CV score = -28.020425

PC  47: alpha = 10000, CV score = -25.815934

PC  48: alpha = 10000, CV score = -23.589178

PC  49: alpha = 10000, CV score = -24.722082

PC  50: alpha = 10000, CV score = -24.194110

Mean cross-validation score across PCs: -110.254233

======================================================================================

Chosen model: visformer_small_classification
Number of images: 73000
Image shape: (425, 425, 3), dtype: uint8
nsdID shape: (73000,), Shared1000 shape: (73000,)
Neural data shape: (10000, 8088)
Image IDs shape: (10000,)
Number of voxels: 8088
Number of projections for SRP: 7894

Loaded target with shape (10000, 8088).
Transformed data shape: (9000, 200)
Transformed data shape after truncion: (9000, 50)
Model options for visformer_small_classification: {'model_name': 'visformer_small', 'train_type': 'classification', 'train_data': 'imagenet', 'model_source': 'timm', 'call': "get_timm_model('visformer_small', pretrained = True)"}
Image transforms for visformer_small_classification: Compose(
    Resize(size=(224, 224), interpolation=bicubic, max_size=None, antialias=True)
    MaybeToTensor()
    Normalize(mean=tensor([0.4850, 0.4560, 0.4060]), std=tensor([0.2290, 0.2240, 0.2250]))
)
Loaded model: visformer_small_classification
Ordered layers from model: ['Conv2d-1', 'BatchNorm2d-1', 'ReLU-1', 'Conv2d-2', 'BatchNorm2d-2', 'PatchEmbed-1', 'Dropout-1', 'BatchNorm2d-3', 'Conv2d-3', 'GELU-1', 'Dropout-2', 'Conv2d-4', 'GELU-2', 'Conv2d-5', 'Dropout-3', 'SpatialMlp-1', 'Identity-1', 'Block-1', 'BatchNorm2d-4', 'Conv2d-6', 'GELU-3', 'Dropout-4', 'Conv2d-7', 'GELU-4', 'Conv2d-8', 'Dropout-5', 'SpatialMlp-2', 'Identity-2', 'Block-2', 'BatchNorm2d-5', 'Conv2d-9', 'GELU-5', 'Dropout-6', 'Conv2d-10', 'GELU-6', 'Conv2d-11', 'Dropout-7', 'SpatialMlp-3', 'Identity-3', 'Block-3', 'BatchNorm2d-6', 'Conv2d-12', 'GELU-7', 'Dropout-8', 'Conv2d-13', 'GELU-8', 'Conv2d-14', 'Dropout-9', 'SpatialMlp-4', 'Identity-4', 'Block-4', 'BatchNorm2d-7', 'Conv2d-15', 'GELU-9', 'Dropout-10', 'Conv2d-16', 'GELU-10', 'Conv2d-17', 'Dropout-11', 'SpatialMlp-5', 'Identity-5', 'Block-5', 'BatchNorm2d-8', 'Conv2d-18', 'GELU-11', 'Dropout-12', 'Conv2d-19', 'GELU-12', 'Conv2d-20', 'Dropout-13', 'SpatialMlp-6', 'Identity-6', 'Block-6', 'BatchNorm2d-9', 'Conv2d-21', 'GELU-13', 'Dropout-14', 'Conv2d-22', 'GELU-14', 'Conv2d-23', 'Dropout-15', 'SpatialMlp-7', 'Identity-7', 'Block-7', 'Conv2d-24', 'BatchNorm2d-10', 'PatchEmbed-2', 'Dropout-16', 'BatchNorm2d-11', 'Conv2d-25', 'Dropout-17', 'Conv2d-26', 'Dropout-18', 'Attention-1', 'Identity-8', 'BatchNorm2d-12', 'Conv2d-27', 'GELU-15', 'Dropout-19', 'Conv2d-28', 'Dropout-20', 'SpatialMlp-8', 'Identity-9', 'Block-8', 'BatchNorm2d-13', 'Conv2d-29', 'Dropout-21', 'Conv2d-30', 'Dropout-22', 'Attention-2', 'Identity-10', 'BatchNorm2d-14', 'Conv2d-31', 'GELU-16', 'Dropout-23', 'Conv2d-32', 'Dropout-24', 'SpatialMlp-9', 'Identity-11', 'Block-9', 'BatchNorm2d-15', 'Conv2d-33', 'Dropout-25', 'Conv2d-34', 'Dropout-26', 'Attention-3', 'Identity-12', 'BatchNorm2d-16', 'Conv2d-35', 'GELU-17', 'Dropout-27', 'Conv2d-36', 'Dropout-28', 'SpatialMlp-10', 'Identity-13', 'Block-10', 'BatchNorm2d-17', 'Conv2d-37', 'Dropout-29', 'Conv2d-38', 'Dropout-30', 'Attention-4', 'Identity-14', 'BatchNorm2d-18', 'Conv2d-39', 'GELU-18', 'Dropout-31', 'Conv2d-40', 'Dropout-32', 'SpatialMlp-11', 'Identity-15', 'Block-11', 'Conv2d-41', 'BatchNorm2d-19', 'PatchEmbed-3', 'Dropout-33', 'BatchNorm2d-20', 'Conv2d-42', 'Dropout-34', 'Conv2d-43', 'Dropout-35', 'Attention-5', 'Identity-16', 'BatchNorm2d-21', 'Conv2d-44', 'GELU-19', 'Dropout-36', 'Conv2d-45', 'Dropout-37', 'SpatialMlp-12', 'Identity-17', 'Block-12', 'BatchNorm2d-22', 'Conv2d-46', 'Dropout-38', 'Conv2d-47', 'Dropout-39', 'Attention-6', 'Identity-18', 'BatchNorm2d-23', 'Conv2d-48', 'GELU-20', 'Dropout-40', 'Conv2d-49', 'Dropout-41', 'SpatialMlp-13', 'Identity-19', 'Block-13', 'BatchNorm2d-24', 'Conv2d-50', 'Dropout-42', 'Conv2d-51', 'Dropout-43', 'Attention-7', 'Identity-20', 'BatchNorm2d-25', 'Conv2d-52', 'GELU-21', 'Dropout-44', 'Conv2d-53', 'Dropout-45', 'SpatialMlp-14', 'Identity-21', 'Block-14', 'BatchNorm2d-26', 'Conv2d-54', 'Dropout-46', 'Conv2d-55', 'Dropout-47', 'Attention-8', 'Identity-22', 'BatchNorm2d-27', 'Conv2d-56', 'GELU-22', 'Dropout-48', 'Conv2d-57', 'Dropout-49', 'SpatialMlp-15', 'Identity-23', 'Block-15', 'BatchNorm2d-28', 'AdaptiveAvgPool2d-1', 'Flatten-1', 'SelectAdaptivePool2d-1', 'Dropout-50', 'Linear-1', 'Visformer-1']
Total number of layers: 227

==================================================
Processing layer: BatchNorm2d-21 from model: visformer_small_classification

For model visformer_small_classification Layer BatchNorm2d-21: Extracting features for 9000 images in batches of 28...
Feature extraction for model visformer_small_classification layer BatchNorm2d-21 completed in 736.30 seconds.
Finding best ridge alphas for 50 target PCs using 37632 features and 9000 samples.
Using alphas: 10^4 to 10^20, 50 values spaced logarithmically.
[Pipeline] ........... (step 1 of 1) Processing ridgecv, total= 2.3min

Selected alpha and cross-validation score for each PC:
Finished finding best ridge alphas for each target PC.✅

PC   1: alpha = 44984.3, CV score = -1544.201842

PC   2: alpha = 21209.5, CV score = -527.320050

PC   3: alpha = 21209.5, CV score = -343.696171

PC   4: alpha = 21209.5, CV score = -204.782869

PC   5: alpha = 44984.3, CV score = -175.167718

PC   6: alpha = 44984.3, CV score = -163.665116

PC   7: alpha = 44984.3, CV score = -143.677719

PC   8: alpha = 95409.5, CV score = -148.303681

PC   9: alpha = 44984.3, CV score = -104.706284

PC  10: alpha = 44984.3, CV score = -88.090468

PC  11: alpha = 44984.3, CV score = -85.363848

PC  12: alpha = 21209.5, CV score = -58.125848

PC  13: alpha = 95409.5, CV score = -93.493832

PC  14: alpha = 44984.3, CV score = -77.520965

PC  15: alpha = 44984.3, CV score = -67.020508

PC  16: alpha = 44984.3, CV score = -73.312858

PC  17: alpha = 44984.3, CV score = -67.906624

PC  18: alpha = 95409.5, CV score = -72.858833

PC  19: alpha = 44984.3, CV score = -61.704140

PC  20: alpha = 95409.5, CV score = -64.070144

PC  21: alpha = 95409.5, CV score = -58.105904

PC  22: alpha = 95409.5, CV score = -57.480900

PC  23: alpha = 44984.3, CV score = -54.532663

PC  24: alpha = 95409.5, CV score = -54.234278

PC  25: alpha = 44984.3, CV score = -51.349958

PC  26: alpha = 95409.5, CV score = -51.857297

PC  27: alpha = 44984.3, CV score = -47.101906

PC  28: alpha = 95409.5, CV score = -47.750295

PC  29: alpha = 95409.5, CV score = -45.822895

PC  30: alpha = 95409.5, CV score = -41.094911

PC  31: alpha = 44984.3, CV score = -39.866336

PC  32: alpha = 44984.3, CV score = -38.389325

PC  33: alpha = 95409.5, CV score = -38.187652

PC  34: alpha = 95409.5, CV score = -38.591015

PC  35: alpha = 95409.5, CV score = -34.880670

PC  36: alpha = 95409.5, CV score = -34.437338

PC  37: alpha = 95409.5, CV score = -34.970218

PC  38: alpha = 44984.3, CV score = -31.600843

PC  39: alpha = 44984.3, CV score = -32.925898

PC  40: alpha = 95409.5, CV score = -30.735870

PC  41: alpha = 95409.5, CV score = -30.216733

PC  42: alpha = 95409.5, CV score = -28.471755

PC  43: alpha = 95409.5, CV score = -28.607380

PC  44: alpha = 95409.5, CV score = -28.693298

PC  45: alpha = 44984.3, CV score = -26.179773

PC  46: alpha = 95409.5, CV score = -28.050999

PC  47: alpha = 95409.5, CV score = -25.609934

PC  48: alpha = 44984.3, CV score = -22.782481

PC  49: alpha = 95409.5, CV score = -24.407338

PC  50: alpha = 95409.5, CV score = -24.098382

Mean cross-validation score across PCs: -105.920475

======================================================================================

Chosen model: convit_base_classification
Number of images: 73000
Image shape: (425, 425, 3), dtype: uint8
nsdID shape: (73000,), Shared1000 shape: (73000,)
Neural data shape: (10000, 8088)
Image IDs shape: (10000,)
Number of voxels: 8088
Number of projections for SRP: 7894

Loaded target with shape (10000, 8088).
Transformed data shape: (9000, 200)
Transformed data shape after truncion: (9000, 50)
Model options for convit_base_classification: {'model_name': 'convit_base', 'train_type': 'classification', 'train_data': 'imagenet', 'model_source': 'timm', 'call': "get_timm_model('convit_base', pretrained = True)"}
Image transforms for convit_base_classification: Compose(
    Resize(size=(224, 224), interpolation=bicubic, max_size=None, antialias=True)
    MaybeToTensor()
    Normalize(mean=tensor([0.4850, 0.4560, 0.4060]), std=tensor([0.2290, 0.2240, 0.2250]))
)
Loaded model: convit_base_classification
Ordered layers from model: ['Conv2d-1', 'Identity-1', 'PatchEmbed-1', 'Dropout-1', 'LayerNorm-1', 'Linear-1', 'Linear-2', 'Dropout-2', 'Linear-3', 'Linear-4', 'Dropout-3', 'GPSA-1', 'Identity-2', 'LayerNorm-2', 'Linear-5', 'GELU-1', 'Dropout-4', 'Identity-3', 'Linear-6', 'Dropout-5', 'Mlp-1', 'Identity-4', 'Block-1', 'LayerNorm-3', 'Linear-7', 'Linear-8', 'Dropout-6', 'Linear-9', 'Linear-10', 'Dropout-7', 'GPSA-2', 'Identity-5', 'LayerNorm-4', 'Linear-11', 'GELU-2', 'Dropout-8', 'Identity-6', 'Linear-12', 'Dropout-9', 'Mlp-2', 'Identity-7', 'Block-2', 'LayerNorm-5', 'Linear-13', 'Linear-14', 'Dropout-10', 'Linear-15', 'Linear-16', 'Dropout-11', 'GPSA-3', 'Identity-8', 'LayerNorm-6', 'Linear-17', 'GELU-3', 'Dropout-12', 'Identity-9', 'Linear-18', 'Dropout-13', 'Mlp-3', 'Identity-10', 'Block-3', 'LayerNorm-7', 'Linear-19', 'Linear-20', 'Dropout-14', 'Linear-21', 'Linear-22', 'Dropout-15', 'GPSA-4', 'Identity-11', 'LayerNorm-8', 'Linear-23', 'GELU-4', 'Dropout-16', 'Identity-12', 'Linear-24', 'Dropout-17', 'Mlp-4', 'Identity-13', 'Block-4', 'LayerNorm-9', 'Linear-25', 'Linear-26', 'Dropout-18', 'Linear-27', 'Linear-28', 'Dropout-19', 'GPSA-5', 'Identity-14', 'LayerNorm-10', 'Linear-29', 'GELU-5', 'Dropout-20', 'Identity-15', 'Linear-30', 'Dropout-21', 'Mlp-5', 'Identity-16', 'Block-5', 'LayerNorm-11', 'Linear-31', 'Linear-32', 'Dropout-22', 'Linear-33', 'Linear-34', 'Dropout-23', 'GPSA-6', 'Identity-17', 'LayerNorm-12', 'Linear-35', 'GELU-6', 'Dropout-24', 'Identity-18', 'Linear-36', 'Dropout-25', 'Mlp-6', 'Identity-19', 'Block-6', 'LayerNorm-13', 'Linear-37', 'Linear-38', 'Dropout-26', 'Linear-39', 'Linear-40', 'Dropout-27', 'GPSA-7', 'Identity-20', 'LayerNorm-14', 'Linear-41', 'GELU-7', 'Dropout-28', 'Identity-21', 'Linear-42', 'Dropout-29', 'Mlp-7', 'Identity-22', 'Block-7', 'LayerNorm-15', 'Linear-43', 'Linear-44', 'Dropout-30', 'Linear-45', 'Linear-46', 'Dropout-31', 'GPSA-8', 'Identity-23', 'LayerNorm-16', 'Linear-47', 'GELU-8', 'Dropout-32', 'Identity-24', 'Linear-48', 'Dropout-33', 'Mlp-8', 'Identity-25', 'Block-8', 'LayerNorm-17', 'Linear-49', 'Linear-50', 'Dropout-34', 'Linear-51', 'Linear-52', 'Dropout-35', 'GPSA-9', 'Identity-26', 'LayerNorm-18', 'Linear-53', 'GELU-9', 'Dropout-36', 'Identity-27', 'Linear-54', 'Dropout-37', 'Mlp-9', 'Identity-28', 'Block-9', 'LayerNorm-19', 'Linear-55', 'Linear-56', 'Dropout-38', 'Linear-57', 'Linear-58', 'Dropout-39', 'GPSA-10', 'Identity-29', 'LayerNorm-20', 'Linear-59', 'GELU-10', 'Dropout-40', 'Identity-30', 'Linear-60', 'Dropout-41', 'Mlp-10', 'Identity-31', 'Block-10', 'LayerNorm-21', 'Linear-61', 'Dropout-42', 'Linear-62', 'Dropout-43', 'MHSA-1', 'Identity-32', 'LayerNorm-22', 'Linear-63', 'GELU-11', 'Dropout-44', 'Identity-33', 'Linear-64', 'Dropout-45', 'Mlp-11', 'Identity-34', 'Block-11', 'LayerNorm-23', 'Linear-65', 'Dropout-46', 'Linear-66', 'Dropout-47', 'MHSA-2', 'Identity-35', 'LayerNorm-24', 'Linear-67', 'GELU-12', 'Dropout-48', 'Identity-36', 'Linear-68', 'Dropout-49', 'Mlp-12', 'Identity-37', 'Block-12', 'LayerNorm-25', 'Dropout-50', 'Linear-69', 'ConVit-1']
Total number of layers: 232

==================================================
Processing layer: LayerNorm-22 from model: convit_base_classification

For model convit_base_classification Layer LayerNorm-22: Extracting features for 9000 images in batches of 28...
Feature extraction for model convit_base_classification layer LayerNorm-22 completed in 2965.91 seconds.
Finding best ridge alphas for 50 target PCs using 151296 features and 9000 samples.
Using alphas: 10^4 to 10^20, 50 values spaced logarithmically.
[Pipeline] ........... (step 1 of 1) Processing ridgecv, total= 5.3min

Selected alpha and cross-validation score for each PC:
Finished finding best ridge alphas for each target PC.✅

PC   1: alpha = 429193, CV score = -1530.549884

PC   2: alpha = 95409.5, CV score = -535.018585

PC   3: alpha = 95409.5, CV score = -345.523834

PC   4: alpha = 95409.5, CV score = -204.805541

PC   5: alpha = 202359, CV score = -176.608541

PC   6: alpha = 202359, CV score = -164.672171

PC   7: alpha = 202359, CV score = -144.658368

PC   8: alpha = 429193, CV score = -148.900525

PC   9: alpha = 202359, CV score = -105.092291

PC  10: alpha = 202359, CV score = -87.815792

PC  11: alpha = 202359, CV score = -85.839619

PC  12: alpha = 95409.5, CV score = -58.417925

PC  13: alpha = 429193, CV score = -93.937247

PC  14: alpha = 202359, CV score = -77.691014

PC  15: alpha = 202359, CV score = -67.192882

PC  16: alpha = 429193, CV score = -73.682949

PC  17: alpha = 202359, CV score = -68.223768

PC  18: alpha = 429193, CV score = -73.016369

PC  19: alpha = 202359, CV score = -62.334462

PC  20: alpha = 429193, CV score = -63.611876

PC  21: alpha = 202359, CV score = -57.794430

PC  22: alpha = 429193, CV score = -56.808895

PC  23: alpha = 429193, CV score = -54.188475

PC  24: alpha = 429193, CV score = -54.549418

PC  25: alpha = 202359, CV score = -51.056757

PC  26: alpha = 429193, CV score = -51.416673

PC  27: alpha = 429193, CV score = -46.949637

PC  28: alpha = 429193, CV score = -47.511737

PC  29: alpha = 429193, CV score = -46.083338

PC  30: alpha = 429193, CV score = -40.915648

PC  31: alpha = 202359, CV score = -39.957897

PC  32: alpha = 202359, CV score = -38.185181

PC  33: alpha = 429193, CV score = -38.248635

PC  34: alpha = 429193, CV score = -38.500362

PC  35: alpha = 429193, CV score = -35.144052

PC  36: alpha = 429193, CV score = -34.386917

PC  37: alpha = 429193, CV score = -35.010545

PC  38: alpha = 202359, CV score = -31.602123

PC  39: alpha = 429193, CV score = -32.965274

PC  40: alpha = 429193, CV score = -30.579818

PC  41: alpha = 429193, CV score = -30.336035

PC  42: alpha = 429193, CV score = -28.606394

PC  43: alpha = 429193, CV score = -28.666357

PC  44: alpha = 429193, CV score = -28.741517

PC  45: alpha = 202359, CV score = -26.282715

PC  46: alpha = 910298, CV score = -28.050391

PC  47: alpha = 429193, CV score = -25.762224

PC  48: alpha = 95409.5, CV score = -22.601933

PC  49: alpha = 429193, CV score = -24.431034

PC  50: alpha = 429193, CV score = -24.045440

Mean cross-validation score across PCs: -105.939470

======================================================================================

Chosen model: RN50_clip
Number of images: 73000
Image shape: (425, 425, 3), dtype: uint8
nsdID shape: (73000,), Shared1000 shape: (73000,)
Neural data shape: (10000, 8088)
Image IDs shape: (10000,)
Number of voxels: 8088
Number of projections for SRP: 7894

Loaded target with shape (10000, 8088).
Transformed data shape: (9000, 200)
Transformed data shape after truncion: (9000, 50)
Model options for RN50_clip: {'model_name': 'RN50', 'train_type': 'clip', 'train_data': 'openai400M', 'model_source': 'clip', 'call': "get_clip_model('RN50')"}
Image transforms for RN50_clip: Compose(
    Resize(size=224, interpolation=bicubic, max_size=None, antialias=True)
    CenterCrop(size=(224, 224))
    <function _convert_image_to_rgb at 0x7f8c833da020>
    ToTensor()
    Normalize(mean=(0.48145466, 0.4578275, 0.40821073), std=(0.26862954, 0.26130258, 0.27577711))
)
Loaded model: RN50_clip
Ordered layers from model: ['Conv2d-1', 'BatchNorm2d-1', 'ReLU-1', 'Conv2d-2', 'BatchNorm2d-2', 'ReLU-2', 'Conv2d-3', 'BatchNorm2d-3', 'ReLU-3', 'AvgPool2d-1', 'Conv2d-4', 'BatchNorm2d-4', 'ReLU-4', 'Conv2d-5', 'BatchNorm2d-5', 'ReLU-5', 'Identity-1', 'Conv2d-6', 'BatchNorm2d-6', 'AvgPool2d-2', 'Conv2d-7', 'BatchNorm2d-7', 'ReLU-6', 'Bottleneck-1', 'Conv2d-8', 'BatchNorm2d-8', 'ReLU-7', 'Conv2d-9', 'BatchNorm2d-9', 'ReLU-8', 'Identity-2', 'Conv2d-10', 'BatchNorm2d-10', 'ReLU-9', 'Bottleneck-2', 'Conv2d-11', 'BatchNorm2d-11', 'ReLU-10', 'Conv2d-12', 'BatchNorm2d-12', 'ReLU-11', 'Identity-3', 'Conv2d-13', 'BatchNorm2d-13', 'ReLU-12', 'Bottleneck-3', 'Conv2d-14', 'BatchNorm2d-14', 'ReLU-13', 'Conv2d-15', 'BatchNorm2d-15', 'ReLU-14', 'AvgPool2d-3', 'Conv2d-16', 'BatchNorm2d-16', 'AvgPool2d-4', 'Conv2d-17', 'BatchNorm2d-17', 'ReLU-15', 'Bottleneck-4', 'Conv2d-18', 'BatchNorm2d-18', 'ReLU-16', 'Conv2d-19', 'BatchNorm2d-19', 'ReLU-17', 'Identity-4', 'Conv2d-20', 'BatchNorm2d-20', 'ReLU-18', 'Bottleneck-5', 'Conv2d-21', 'BatchNorm2d-21', 'ReLU-19', 'Conv2d-22', 'BatchNorm2d-22', 'ReLU-20', 'Identity-5', 'Conv2d-23', 'BatchNorm2d-23', 'ReLU-21', 'Bottleneck-6', 'Conv2d-24', 'BatchNorm2d-24', 'ReLU-22', 'Conv2d-25', 'BatchNorm2d-25', 'ReLU-23', 'Identity-6', 'Conv2d-26', 'BatchNorm2d-26', 'ReLU-24', 'Bottleneck-7', 'Conv2d-27', 'BatchNorm2d-27', 'ReLU-25', 'Conv2d-28', 'BatchNorm2d-28', 'ReLU-26', 'AvgPool2d-5', 'Conv2d-29', 'BatchNorm2d-29', 'AvgPool2d-6', 'Conv2d-30', 'BatchNorm2d-30', 'ReLU-27', 'Bottleneck-8', 'Conv2d-31', 'BatchNorm2d-31', 'ReLU-28', 'Conv2d-32', 'BatchNorm2d-32', 'ReLU-29', 'Identity-7', 'Conv2d-33', 'BatchNorm2d-33', 'ReLU-30', 'Bottleneck-9', 'Conv2d-34', 'BatchNorm2d-34', 'ReLU-31', 'Conv2d-35', 'BatchNorm2d-35', 'ReLU-32', 'Identity-8', 'Conv2d-36', 'BatchNorm2d-36', 'ReLU-33', 'Bottleneck-10', 'Conv2d-37', 'BatchNorm2d-37', 'ReLU-34', 'Conv2d-38', 'BatchNorm2d-38', 'ReLU-35', 'Identity-9', 'Conv2d-39', 'BatchNorm2d-39', 'ReLU-36', 'Bottleneck-11', 'Conv2d-40', 'BatchNorm2d-40', 'ReLU-37', 'Conv2d-41', 'BatchNorm2d-41', 'ReLU-38', 'Identity-10', 'Conv2d-42', 'BatchNorm2d-42', 'ReLU-39', 'Bottleneck-12', 'Conv2d-43', 'BatchNorm2d-43', 'ReLU-40', 'Conv2d-44', 'BatchNorm2d-44', 'ReLU-41', 'Identity-11', 'Conv2d-45', 'BatchNorm2d-45', 'ReLU-42', 'Bottleneck-13', 'Conv2d-46', 'BatchNorm2d-46', 'ReLU-43', 'Conv2d-47', 'BatchNorm2d-47', 'ReLU-44', 'AvgPool2d-7', 'Conv2d-48', 'BatchNorm2d-48', 'AvgPool2d-8', 'Conv2d-49', 'BatchNorm2d-49', 'ReLU-45', 'Bottleneck-14', 'Conv2d-50', 'BatchNorm2d-50', 'ReLU-46', 'Conv2d-51', 'BatchNorm2d-51', 'ReLU-47', 'Identity-12', 'Conv2d-52', 'BatchNorm2d-52', 'ReLU-48', 'Bottleneck-15', 'Conv2d-53', 'BatchNorm2d-53', 'ReLU-49', 'Conv2d-54', 'BatchNorm2d-54', 'ReLU-50', 'Identity-13', 'Conv2d-55', 'BatchNorm2d-55', 'ReLU-51', 'Bottleneck-16', 'AttentionPool2d-1', 'ModifiedResNet-1']
Total number of layers: 200

==================================================
Processing layer: Conv2d-51 from model: RN50_clip

For model RN50_clip Layer Conv2d-51: Extracting features for 9000 images in batches of 28...
Feature extraction for model RN50_clip layer Conv2d-51 completed in 901.82 seconds.
Finding best ridge alphas for 50 target PCs using 25088 features and 9000 samples.
Using alphas: 10^4 to 10^20, 50 values spaced logarithmically.
[Pipeline] ........... (step 1 of 1) Processing ridgecv, total= 1.9min

Selected alpha and cross-validation score for each PC:
Finished finding best ridge alphas for each target PC.✅

PC   1: alpha = 44984.3, CV score = -1528.731213

PC   2: alpha = 21209.5, CV score = -483.564432

PC   3: alpha = 10000, CV score = -349.371558

PC   4: alpha = 10000, CV score = -205.549876

PC   5: alpha = 21209.5, CV score = -170.842975

PC   6: alpha = 21209.5, CV score = -158.361704

PC   7: alpha = 21209.5, CV score = -143.272480

PC   8: alpha = 44984.3, CV score = -147.196933

PC   9: alpha = 21209.5, CV score = -102.999838

PC  10: alpha = 21209.5, CV score = -85.972488

PC  11: alpha = 21209.5, CV score = -84.164445

PC  12: alpha = 10000, CV score = -56.964228

PC  13: alpha = 44984.3, CV score = -91.421198

PC  14: alpha = 21209.5, CV score = -76.949182

PC  15: alpha = 21209.5, CV score = -66.217357

PC  16: alpha = 44984.3, CV score = -73.553732

PC  17: alpha = 21209.5, CV score = -67.511085

PC  18: alpha = 44984.3, CV score = -73.287302

PC  19: alpha = 21209.5, CV score = -60.551912

PC  20: alpha = 44984.3, CV score = -63.784514

PC  21: alpha = 21209.5, CV score = -56.593161

PC  22: alpha = 44984.3, CV score = -57.097816

PC  23: alpha = 21209.5, CV score = -53.854590

PC  24: alpha = 44984.3, CV score = -54.249446

PC  25: alpha = 21209.5, CV score = -51.417482

PC  26: alpha = 44984.3, CV score = -51.507121

PC  27: alpha = 44984.3, CV score = -46.593720

PC  28: alpha = 44984.3, CV score = -47.202635

PC  29: alpha = 21209.5, CV score = -45.410530

PC  30: alpha = 44984.3, CV score = -40.812137

PC  31: alpha = 21209.5, CV score = -39.720986

PC  32: alpha = 21209.5, CV score = -37.453005

PC  33: alpha = 44984.3, CV score = -37.946946

PC  34: alpha = 44984.3, CV score = -38.342335

PC  35: alpha = 21209.5, CV score = -34.515010

PC  36: alpha = 44984.3, CV score = -34.394785

PC  37: alpha = 44984.3, CV score = -34.663102

PC  38: alpha = 21209.5, CV score = -31.001670

PC  39: alpha = 44984.3, CV score = -33.112142

PC  40: alpha = 44984.3, CV score = -30.337518

PC  41: alpha = 44984.3, CV score = -29.913915

PC  42: alpha = 21209.5, CV score = -28.189834

PC  43: alpha = 44984.3, CV score = -28.467715

PC  44: alpha = 44984.3, CV score = -28.496796

PC  45: alpha = 21209.5, CV score = -26.013937

PC  46: alpha = 44984.3, CV score = -27.859939

PC  47: alpha = 44984.3, CV score = -25.489872

PC  48: alpha = 21209.5, CV score = -22.821988

PC  49: alpha = 21209.5, CV score = -24.273091

PC  50: alpha = 21209.5, CV score = -23.981391

Mean cross-validation score across PCs: -104.240061

======================================================================================

Chosen model: RN101_clip
Number of images: 73000
Image shape: (425, 425, 3), dtype: uint8
nsdID shape: (73000,), Shared1000 shape: (73000,)
Neural data shape: (10000, 8088)
Image IDs shape: (10000,)
Number of voxels: 8088
Number of projections for SRP: 7894

Loaded target with shape (10000, 8088).
Transformed data shape: (9000, 200)
Transformed data shape after truncion: (9000, 50)
Model options for RN101_clip: {'model_name': 'RN101', 'train_type': 'clip', 'train_data': 'openai400M', 'model_source': 'clip', 'call': "get_clip_model('RN101')"}
Image transforms for RN101_clip: Compose(
    Resize(size=224, interpolation=bicubic, max_size=None, antialias=True)
    CenterCrop(size=(224, 224))
    <function _convert_image_to_rgb at 0x7f8c833da020>
    ToTensor()
    Normalize(mean=(0.48145466, 0.4578275, 0.40821073), std=(0.26862954, 0.26130258, 0.27577711))
)
Loaded model: RN101_clip
Ordered layers from model: ['Conv2d-1', 'BatchNorm2d-1', 'ReLU-1', 'Conv2d-2', 'BatchNorm2d-2', 'ReLU-2', 'Conv2d-3', 'BatchNorm2d-3', 'ReLU-3', 'AvgPool2d-1', 'Conv2d-4', 'BatchNorm2d-4', 'ReLU-4', 'Conv2d-5', 'BatchNorm2d-5', 'ReLU-5', 'Identity-1', 'Conv2d-6', 'BatchNorm2d-6', 'AvgPool2d-2', 'Conv2d-7', 'BatchNorm2d-7', 'ReLU-6', 'Bottleneck-1', 'Conv2d-8', 'BatchNorm2d-8', 'ReLU-7', 'Conv2d-9', 'BatchNorm2d-9', 'ReLU-8', 'Identity-2', 'Conv2d-10', 'BatchNorm2d-10', 'ReLU-9', 'Bottleneck-2', 'Conv2d-11', 'BatchNorm2d-11', 'ReLU-10', 'Conv2d-12', 'BatchNorm2d-12', 'ReLU-11', 'Identity-3', 'Conv2d-13', 'BatchNorm2d-13', 'ReLU-12', 'Bottleneck-3', 'Conv2d-14', 'BatchNorm2d-14', 'ReLU-13', 'Conv2d-15', 'BatchNorm2d-15', 'ReLU-14', 'AvgPool2d-3', 'Conv2d-16', 'BatchNorm2d-16', 'AvgPool2d-4', 'Conv2d-17', 'BatchNorm2d-17', 'ReLU-15', 'Bottleneck-4', 'Conv2d-18', 'BatchNorm2d-18', 'ReLU-16', 'Conv2d-19', 'BatchNorm2d-19', 'ReLU-17', 'Identity-4', 'Conv2d-20', 'BatchNorm2d-20', 'ReLU-18', 'Bottleneck-5', 'Conv2d-21', 'BatchNorm2d-21', 'ReLU-19', 'Conv2d-22', 'BatchNorm2d-22', 'ReLU-20', 'Identity-5', 'Conv2d-23', 'BatchNorm2d-23', 'ReLU-21', 'Bottleneck-6', 'Conv2d-24', 'BatchNorm2d-24', 'ReLU-22', 'Conv2d-25', 'BatchNorm2d-25', 'ReLU-23', 'Identity-6', 'Conv2d-26', 'BatchNorm2d-26', 'ReLU-24', 'Bottleneck-7', 'Conv2d-27', 'BatchNorm2d-27', 'ReLU-25', 'Conv2d-28', 'BatchNorm2d-28', 'ReLU-26', 'AvgPool2d-5', 'Conv2d-29', 'BatchNorm2d-29', 'AvgPool2d-6', 'Conv2d-30', 'BatchNorm2d-30', 'ReLU-27', 'Bottleneck-8', 'Conv2d-31', 'BatchNorm2d-31', 'ReLU-28', 'Conv2d-32', 'BatchNorm2d-32', 'ReLU-29', 'Identity-7', 'Conv2d-33', 'BatchNorm2d-33', 'ReLU-30', 'Bottleneck-9', 'Conv2d-34', 'BatchNorm2d-34', 'ReLU-31', 'Conv2d-35', 'BatchNorm2d-35', 'ReLU-32', 'Identity-8', 'Conv2d-36', 'BatchNorm2d-36', 'ReLU-33', 'Bottleneck-10', 'Conv2d-37', 'BatchNorm2d-37', 'ReLU-34', 'Conv2d-38', 'BatchNorm2d-38', 'ReLU-35', 'Identity-9', 'Conv2d-39', 'BatchNorm2d-39', 'ReLU-36', 'Bottleneck-11', 'Conv2d-40', 'BatchNorm2d-40', 'ReLU-37', 'Conv2d-41', 'BatchNorm2d-41', 'ReLU-38', 'Identity-10', 'Conv2d-42', 'BatchNorm2d-42', 'ReLU-39', 'Bottleneck-12', 'Conv2d-43', 'BatchNorm2d-43', 'ReLU-40', 'Conv2d-44', 'BatchNorm2d-44', 'ReLU-41', 'Identity-11', 'Conv2d-45', 'BatchNorm2d-45', 'ReLU-42', 'Bottleneck-13', 'Conv2d-46', 'BatchNorm2d-46', 'ReLU-43', 'Conv2d-47', 'BatchNorm2d-47', 'ReLU-44', 'Identity-12', 'Conv2d-48', 'BatchNorm2d-48', 'ReLU-45', 'Bottleneck-14', 'Conv2d-49', 'BatchNorm2d-49', 'ReLU-46', 'Conv2d-50', 'BatchNorm2d-50', 'ReLU-47', 'Identity-13', 'Conv2d-51', 'BatchNorm2d-51', 'ReLU-48', 'Bottleneck-15', 'Conv2d-52', 'BatchNorm2d-52', 'ReLU-49', 'Conv2d-53', 'BatchNorm2d-53', 'ReLU-50', 'Identity-14', 'Conv2d-54', 'BatchNorm2d-54', 'ReLU-51', 'Bottleneck-16', 'Conv2d-55', 'BatchNorm2d-55', 'ReLU-52', 'Conv2d-56', 'BatchNorm2d-56', 'ReLU-53', 'Identity-15', 'Conv2d-57', 'BatchNorm2d-57', 'ReLU-54', 'Bottleneck-17', 'Conv2d-58', 'BatchNorm2d-58', 'ReLU-55', 'Conv2d-59', 'BatchNorm2d-59', 'ReLU-56', 'Identity-16', 'Conv2d-60', 'BatchNorm2d-60', 'ReLU-57', 'Bottleneck-18', 'Conv2d-61', 'BatchNorm2d-61', 'ReLU-58', 'Conv2d-62', 'BatchNorm2d-62', 'ReLU-59', 'Identity-17', 'Conv2d-63', 'BatchNorm2d-63', 'ReLU-60', 'Bottleneck-19', 'Conv2d-64', 'BatchNorm2d-64', 'ReLU-61', 'Conv2d-65', 'BatchNorm2d-65', 'ReLU-62', 'Identity-18', 'Conv2d-66', 'BatchNorm2d-66', 'ReLU-63', 'Bottleneck-20', 'Conv2d-67', 'BatchNorm2d-67', 'ReLU-64', 'Conv2d-68', 'BatchNorm2d-68', 'ReLU-65', 'Identity-19', 'Conv2d-69', 'BatchNorm2d-69', 'ReLU-66', 'Bottleneck-21', 'Conv2d-70', 'BatchNorm2d-70', 'ReLU-67', 'Conv2d-71', 'BatchNorm2d-71', 'ReLU-68', 'Identity-20', 'Conv2d-72', 'BatchNorm2d-72', 'ReLU-69', 'Bottleneck-22', 'Conv2d-73', 'BatchNorm2d-73', 'ReLU-70', 'Conv2d-74', 'BatchNorm2d-74', 'ReLU-71', 'Identity-21', 'Conv2d-75', 'BatchNorm2d-75', 'ReLU-72', 'Bottleneck-23', 'Conv2d-76', 'BatchNorm2d-76', 'ReLU-73', 'Conv2d-77', 'BatchNorm2d-77', 'ReLU-74', 'Identity-22', 'Conv2d-78', 'BatchNorm2d-78', 'ReLU-75', 'Bottleneck-24', 'Conv2d-79', 'BatchNorm2d-79', 'ReLU-76', 'Conv2d-80', 'BatchNorm2d-80', 'ReLU-77', 'Identity-23', 'Conv2d-81', 'BatchNorm2d-81', 'ReLU-78', 'Bottleneck-25', 'Conv2d-82', 'BatchNorm2d-82', 'ReLU-79', 'Conv2d-83', 'BatchNorm2d-83', 'ReLU-80', 'Identity-24', 'Conv2d-84', 'BatchNorm2d-84', 'ReLU-81', 'Bottleneck-26', 'Conv2d-85', 'BatchNorm2d-85', 'ReLU-82', 'Conv2d-86', 'BatchNorm2d-86', 'ReLU-83', 'Identity-25', 'Conv2d-87', 'BatchNorm2d-87', 'ReLU-84', 'Bottleneck-27', 'Conv2d-88', 'BatchNorm2d-88', 'ReLU-85', 'Conv2d-89', 'BatchNorm2d-89', 'ReLU-86', 'Identity-26', 'Conv2d-90', 'BatchNorm2d-90', 'ReLU-87', 'Bottleneck-28', 'Conv2d-91', 'BatchNorm2d-91', 'ReLU-88', 'Conv2d-92', 'BatchNorm2d-92', 'ReLU-89', 'Identity-27', 'Conv2d-93', 'BatchNorm2d-93', 'ReLU-90', 'Bottleneck-29', 'Conv2d-94', 'BatchNorm2d-94', 'ReLU-91', 'Conv2d-95', 'BatchNorm2d-95', 'ReLU-92', 'Identity-28', 'Conv2d-96', 'BatchNorm2d-96', 'ReLU-93', 'Bottleneck-30', 'Conv2d-97', 'BatchNorm2d-97', 'ReLU-94', 'Conv2d-98', 'BatchNorm2d-98', 'ReLU-95', 'AvgPool2d-7', 'Conv2d-99', 'BatchNorm2d-99', 'AvgPool2d-8', 'Conv2d-100', 'BatchNorm2d-100', 'ReLU-96', 'Bottleneck-31', 'Conv2d-101', 'BatchNorm2d-101', 'ReLU-97', 'Conv2d-102', 'BatchNorm2d-102', 'ReLU-98', 'Identity-29', 'Conv2d-103', 'BatchNorm2d-103', 'ReLU-99', 'Bottleneck-32', 'Conv2d-104', 'BatchNorm2d-104', 'ReLU-100', 'Conv2d-105', 'BatchNorm2d-105', 'ReLU-101', 'Identity-30', 'Conv2d-106', 'BatchNorm2d-106', 'ReLU-102', 'Bottleneck-33', 'AttentionPool2d-1', 'ModifiedResNet-1']
Total number of layers: 387

==================================================
Processing layer: Conv2d-102 from model: RN101_clip

For model RN101_clip Layer Conv2d-102: Extracting features for 9000 images in batches of 28...
Feature extraction for model RN101_clip layer Conv2d-102 completed in 1350.11 seconds.
Finding best ridge alphas for 50 target PCs using 25088 features and 9000 samples.
Using alphas: 10^4 to 10^20, 50 values spaced logarithmically.
[Pipeline] ........... (step 1 of 1) Processing ridgecv, total= 1.9min

Selected alpha and cross-validation score for each PC:
Finished finding best ridge alphas for each target PC.✅

PC   1: alpha = 44984.3, CV score = -1521.005277

PC   2: alpha = 21209.5, CV score = -461.624641

PC   3: alpha = 10000, CV score = -349.438299

PC   4: alpha = 10000, CV score = -209.551084

PC   5: alpha = 21209.5, CV score = -173.932548

PC   6: alpha = 21209.5, CV score = -159.015243

PC   7: alpha = 21209.5, CV score = -143.282081

PC   8: alpha = 44984.3, CV score = -146.553081

PC   9: alpha = 21209.5, CV score = -104.525798

PC  10: alpha = 21209.5, CV score = -86.983925

PC  11: alpha = 21209.5, CV score = -85.178899

PC  12: alpha = 10000, CV score = -57.275649

PC  13: alpha = 44984.3, CV score = -90.902365

PC  14: alpha = 21209.5, CV score = -77.014606

PC  15: alpha = 21209.5, CV score = -67.425991

PC  16: alpha = 44984.3, CV score = -73.451709

PC  17: alpha = 44984.3, CV score = -68.427227

PC  18: alpha = 44984.3, CV score = -73.315700

PC  19: alpha = 21209.5, CV score = -61.759002

PC  20: alpha = 44984.3, CV score = -63.941620

PC  21: alpha = 21209.5, CV score = -56.405509

PC  22: alpha = 44984.3, CV score = -57.289394

PC  23: alpha = 44984.3, CV score = -53.974271

PC  24: alpha = 44984.3, CV score = -54.285884

PC  25: alpha = 44984.3, CV score = -51.752036

PC  26: alpha = 44984.3, CV score = -51.420534

PC  27: alpha = 44984.3, CV score = -46.639813

PC  28: alpha = 44984.3, CV score = -47.039031

PC  29: alpha = 44984.3, CV score = -45.570391

PC  30: alpha = 44984.3, CV score = -40.898733

PC  31: alpha = 21209.5, CV score = -39.852767

PC  32: alpha = 21209.5, CV score = -37.793950

PC  33: alpha = 44984.3, CV score = -38.193967

PC  34: alpha = 95409.5, CV score = -38.627106

PC  35: alpha = 21209.5, CV score = -34.632729

PC  36: alpha = 44984.3, CV score = -34.259113

PC  37: alpha = 95409.5, CV score = -34.914636

PC  38: alpha = 21209.5, CV score = -31.191845

PC  39: alpha = 44984.3, CV score = -33.481229

PC  40: alpha = 44984.3, CV score = -30.412883

PC  41: alpha = 44984.3, CV score = -30.103891

PC  42: alpha = 44984.3, CV score = -28.339326

PC  43: alpha = 44984.3, CV score = -28.505129

PC  44: alpha = 95409.5, CV score = -28.536572

PC  45: alpha = 21209.5, CV score = -26.151454

PC  46: alpha = 95409.5, CV score = -27.913360

PC  47: alpha = 44984.3, CV score = -25.587065

PC  48: alpha = 21209.5, CV score = -23.101504

PC  49: alpha = 21209.5, CV score = -24.438214

PC  50: alpha = 44984.3, CV score = -24.118361

Mean cross-validation score across PCs: -104.000709

======================================================================================

Chosen model: ResNet50-SimCLR_selfsupervised
Number of images: 73000
Image shape: (425, 425, 3), dtype: uint8
nsdID shape: (73000,), Shared1000 shape: (73000,)
Neural data shape: (10000, 8088)
Image IDs shape: (10000,)
Number of voxels: 8088
Number of projections for SRP: 7894

Loaded target with shape (10000, 8088).
Transformed data shape: (9000, 200)
Transformed data shape after truncion: (9000, 50)
Model options for ResNet50-SimCLR_selfsupervised: {'model_name': 'ResNet50-SimCLR', 'train_type': 'selfsupervised', 'train_data': 'imagenet', 'model_source': 'vissl', 'call': "get_vissl_model('ResNet50-SimCLR')"}
Image transforms for ResNet50-SimCLR_selfsupervised: Compose(
    Resize(size=(224, 224), interpolation=bilinear, max_size=None, antialias=True)
    ToTensor()
    Normalize(mean=[0.485, 0.456, 0.406], std=[0.229, 0.224, 0.225])
)
Loaded model: ResNet50-SimCLR_selfsupervised
Ordered layers from model: ['Conv2d-1', 'BatchNorm2d-1', 'ReLU-1', 'MaxPool2d-1', 'Conv2d-2', 'BatchNorm2d-2', 'ReLU-2', 'Conv2d-3', 'BatchNorm2d-3', 'ReLU-3', 'Conv2d-4', 'BatchNorm2d-4', 'Conv2d-5', 'BatchNorm2d-5', 'ReLU-4', 'Bottleneck-1', 'Conv2d-6', 'BatchNorm2d-6', 'ReLU-5', 'Conv2d-7', 'BatchNorm2d-7', 'ReLU-6', 'Conv2d-8', 'BatchNorm2d-8', 'ReLU-7', 'Bottleneck-2', 'Conv2d-9', 'BatchNorm2d-9', 'ReLU-8', 'Conv2d-10', 'BatchNorm2d-10', 'ReLU-9', 'Conv2d-11', 'BatchNorm2d-11', 'ReLU-10', 'Bottleneck-3', 'Conv2d-12', 'BatchNorm2d-12', 'ReLU-11', 'Conv2d-13', 'BatchNorm2d-13', 'ReLU-12', 'Conv2d-14', 'BatchNorm2d-14', 'Conv2d-15', 'BatchNorm2d-15', 'ReLU-13', 'Bottleneck-4', 'Conv2d-16', 'BatchNorm2d-16', 'ReLU-14', 'Conv2d-17', 'BatchNorm2d-17', 'ReLU-15', 'Conv2d-18', 'BatchNorm2d-18', 'ReLU-16', 'Bottleneck-5', 'Conv2d-19', 'BatchNorm2d-19', 'ReLU-17', 'Conv2d-20', 'BatchNorm2d-20', 'ReLU-18', 'Conv2d-21', 'BatchNorm2d-21', 'ReLU-19', 'Bottleneck-6', 'Conv2d-22', 'BatchNorm2d-22', 'ReLU-20', 'Conv2d-23', 'BatchNorm2d-23', 'ReLU-21', 'Conv2d-24', 'BatchNorm2d-24', 'ReLU-22', 'Bottleneck-7', 'Conv2d-25', 'BatchNorm2d-25', 'ReLU-23', 'Conv2d-26', 'BatchNorm2d-26', 'ReLU-24', 'Conv2d-27', 'BatchNorm2d-27', 'Conv2d-28', 'BatchNorm2d-28', 'ReLU-25', 'Bottleneck-8', 'Conv2d-29', 'BatchNorm2d-29', 'ReLU-26', 'Conv2d-30', 'BatchNorm2d-30', 'ReLU-27', 'Conv2d-31', 'BatchNorm2d-31', 'ReLU-28', 'Bottleneck-9', 'Conv2d-32', 'BatchNorm2d-32', 'ReLU-29', 'Conv2d-33', 'BatchNorm2d-33', 'ReLU-30', 'Conv2d-34', 'BatchNorm2d-34', 'ReLU-31', 'Bottleneck-10', 'Conv2d-35', 'BatchNorm2d-35', 'ReLU-32', 'Conv2d-36', 'BatchNorm2d-36', 'ReLU-33', 'Conv2d-37', 'BatchNorm2d-37', 'ReLU-34', 'Bottleneck-11', 'Conv2d-38', 'BatchNorm2d-38', 'ReLU-35', 'Conv2d-39', 'BatchNorm2d-39', 'ReLU-36', 'Conv2d-40', 'BatchNorm2d-40', 'ReLU-37', 'Bottleneck-12', 'Conv2d-41', 'BatchNorm2d-41', 'ReLU-38', 'Conv2d-42', 'BatchNorm2d-42', 'ReLU-39', 'Conv2d-43', 'BatchNorm2d-43', 'ReLU-40', 'Bottleneck-13', 'Conv2d-44', 'BatchNorm2d-44', 'ReLU-41', 'Conv2d-45', 'BatchNorm2d-45', 'ReLU-42', 'Conv2d-46', 'BatchNorm2d-46', 'Conv2d-47', 'BatchNorm2d-47', 'ReLU-43', 'Bottleneck-14', 'Conv2d-48', 'BatchNorm2d-48', 'ReLU-44', 'Conv2d-49', 'BatchNorm2d-49', 'ReLU-45', 'Conv2d-50', 'BatchNorm2d-50', 'ReLU-46', 'Bottleneck-15', 'Conv2d-51', 'BatchNorm2d-51', 'ReLU-47', 'Conv2d-52', 'BatchNorm2d-52', 'ReLU-48', 'Conv2d-53', 'BatchNorm2d-53', 'ReLU-49', 'Bottleneck-16', 'AdaptiveAvgPool2d-1', 'Identity-1', 'ResNet-1']
Total number of layers: 175

==================================================
Processing layer: Conv2d-51 from model: ResNet50-SimCLR_selfsupervised

For model ResNet50-SimCLR_selfsupervised Layer Conv2d-51: Extracting features for 9000 images in batches of 28...
Feature extraction for model ResNet50-SimCLR_selfsupervised layer Conv2d-51 completed in 663.11 seconds.
Finding best ridge alphas for 50 target PCs using 25088 features and 9000 samples.
Using alphas: 10^4 to 10^20, 50 values spaced logarithmically.
[Pipeline] ........... (step 1 of 1) Processing ridgecv, total= 1.9min

Selected alpha and cross-validation score for each PC:
Finished finding best ridge alphas for each target PC.✅

PC   1: alpha = 44984.3, CV score = -1527.009782

PC   2: alpha = 21209.5, CV score = -528.552526

PC   3: alpha = 21209.5, CV score = -347.368179

PC   4: alpha = 10000, CV score = -202.644837

PC   5: alpha = 21209.5, CV score = -177.174792

PC   6: alpha = 21209.5, CV score = -163.678387

PC   7: alpha = 21209.5, CV score = -144.134963

PC   8: alpha = 95409.5, CV score = -148.317156

PC   9: alpha = 21209.5, CV score = -106.077613

PC  10: alpha = 21209.5, CV score = -88.073359

PC  11: alpha = 21209.5, CV score = -85.537895

PC  12: alpha = 21209.5, CV score = -59.658969

PC  13: alpha = 44984.3, CV score = -92.473377

PC  14: alpha = 44984.3, CV score = -78.300379

PC  15: alpha = 21209.5, CV score = -67.509198

PC  16: alpha = 44984.3, CV score = -73.585516

PC  17: alpha = 44984.3, CV score = -69.130916

PC  18: alpha = 44984.3, CV score = -72.894074

PC  19: alpha = 44984.3, CV score = -61.498632

PC  20: alpha = 44984.3, CV score = -63.641354

PC  21: alpha = 44984.3, CV score = -57.096761

PC  22: alpha = 44984.3, CV score = -57.045313

PC  23: alpha = 44984.3, CV score = -53.858597

PC  24: alpha = 44984.3, CV score = -54.338470

PC  25: alpha = 21209.5, CV score = -50.907143

PC  26: alpha = 44984.3, CV score = -51.651908

PC  27: alpha = 44984.3, CV score = -47.197918

PC  28: alpha = 95409.5, CV score = -47.634018

PC  29: alpha = 44984.3, CV score = -45.920499

PC  30: alpha = 44984.3, CV score = -40.904943

PC  31: alpha = 21209.5, CV score = -39.707490

PC  32: alpha = 21209.5, CV score = -38.142956

PC  33: alpha = 44984.3, CV score = -37.998403

PC  34: alpha = 44984.3, CV score = -38.578991

PC  35: alpha = 44984.3, CV score = -35.166598

PC  36: alpha = 44984.3, CV score = -34.412358

PC  37: alpha = 44984.3, CV score = -34.874693

PC  38: alpha = 21209.5, CV score = -31.431291

PC  39: alpha = 44984.3, CV score = -32.989225

PC  40: alpha = 44984.3, CV score = -30.717039

PC  41: alpha = 44984.3, CV score = -30.163824

PC  42: alpha = 44984.3, CV score = -28.324047

PC  43: alpha = 44984.3, CV score = -28.520811

PC  44: alpha = 95409.5, CV score = -28.717211

PC  45: alpha = 44984.3, CV score = -25.993137

PC  46: alpha = 95409.5, CV score = -28.072983

PC  47: alpha = 44984.3, CV score = -25.642805

PC  48: alpha = 21209.5, CV score = -22.900364

PC  49: alpha = 44984.3, CV score = -24.372840

PC  50: alpha = 44984.3, CV score = -24.099629

Mean cross-validation score across PCs: -105.692883

======================================================================================

Chosen model: ResNet50-DeepClusterV2-2x224_selfsupervised
Number of images: 73000
Image shape: (425, 425, 3), dtype: uint8
nsdID shape: (73000,), Shared1000 shape: (73000,)
Neural data shape: (10000, 8088)
Image IDs shape: (10000,)
Number of voxels: 8088
Number of projections for SRP: 7894

Loaded target with shape (10000, 8088).
Transformed data shape: (9000, 200)
Transformed data shape after truncion: (9000, 50)
Model options for ResNet50-DeepClusterV2-2x224_selfsupervised: {'model_name': 'ResNet50-DeepClusterV2-2x224', 'train_type': 'selfsupervised', 'train_data': 'imagenet', 'model_source': 'vissl', 'call': "get_vissl_model('ResNet50-DeepClusterV2-2x224')"}
Image transforms for ResNet50-DeepClusterV2-2x224_selfsupervised: Compose(
    Resize(size=(224, 224), interpolation=bilinear, max_size=None, antialias=True)
    ToTensor()
    Normalize(mean=[0.485, 0.456, 0.406], std=[0.229, 0.224, 0.225])
)
Loaded model: ResNet50-DeepClusterV2-2x224_selfsupervised
Ordered layers from model: ['Conv2d-1', 'BatchNorm2d-1', 'ReLU-1', 'MaxPool2d-1', 'Conv2d-2', 'BatchNorm2d-2', 'ReLU-2', 'Conv2d-3', 'BatchNorm2d-3', 'ReLU-3', 'Conv2d-4', 'BatchNorm2d-4', 'Conv2d-5', 'BatchNorm2d-5', 'ReLU-4', 'Bottleneck-1', 'Conv2d-6', 'BatchNorm2d-6', 'ReLU-5', 'Conv2d-7', 'BatchNorm2d-7', 'ReLU-6', 'Conv2d-8', 'BatchNorm2d-8', 'ReLU-7', 'Bottleneck-2', 'Conv2d-9', 'BatchNorm2d-9', 'ReLU-8', 'Conv2d-10', 'BatchNorm2d-10', 'ReLU-9', 'Conv2d-11', 'BatchNorm2d-11', 'ReLU-10', 'Bottleneck-3', 'Conv2d-12', 'BatchNorm2d-12', 'ReLU-11', 'Conv2d-13', 'BatchNorm2d-13', 'ReLU-12', 'Conv2d-14', 'BatchNorm2d-14', 'Conv2d-15', 'BatchNorm2d-15', 'ReLU-13', 'Bottleneck-4', 'Conv2d-16', 'BatchNorm2d-16', 'ReLU-14', 'Conv2d-17', 'BatchNorm2d-17', 'ReLU-15', 'Conv2d-18', 'BatchNorm2d-18', 'ReLU-16', 'Bottleneck-5', 'Conv2d-19', 'BatchNorm2d-19', 'ReLU-17', 'Conv2d-20', 'BatchNorm2d-20', 'ReLU-18', 'Conv2d-21', 'BatchNorm2d-21', 'ReLU-19', 'Bottleneck-6', 'Conv2d-22', 'BatchNorm2d-22', 'ReLU-20', 'Conv2d-23', 'BatchNorm2d-23', 'ReLU-21', 'Conv2d-24', 'BatchNorm2d-24', 'ReLU-22', 'Bottleneck-7', 'Conv2d-25', 'BatchNorm2d-25', 'ReLU-23', 'Conv2d-26', 'BatchNorm2d-26', 'ReLU-24', 'Conv2d-27', 'BatchNorm2d-27', 'Conv2d-28', 'BatchNorm2d-28', 'ReLU-25', 'Bottleneck-8', 'Conv2d-29', 'BatchNorm2d-29', 'ReLU-26', 'Conv2d-30', 'BatchNorm2d-30', 'ReLU-27', 'Conv2d-31', 'BatchNorm2d-31', 'ReLU-28', 'Bottleneck-9', 'Conv2d-32', 'BatchNorm2d-32', 'ReLU-29', 'Conv2d-33', 'BatchNorm2d-33', 'ReLU-30', 'Conv2d-34', 'BatchNorm2d-34', 'ReLU-31', 'Bottleneck-10', 'Conv2d-35', 'BatchNorm2d-35', 'ReLU-32', 'Conv2d-36', 'BatchNorm2d-36', 'ReLU-33', 'Conv2d-37', 'BatchNorm2d-37', 'ReLU-34', 'Bottleneck-11', 'Conv2d-38', 'BatchNorm2d-38', 'ReLU-35', 'Conv2d-39', 'BatchNorm2d-39', 'ReLU-36', 'Conv2d-40', 'BatchNorm2d-40', 'ReLU-37', 'Bottleneck-12', 'Conv2d-41', 'BatchNorm2d-41', 'ReLU-38', 'Conv2d-42', 'BatchNorm2d-42', 'ReLU-39', 'Conv2d-43', 'BatchNorm2d-43', 'ReLU-40', 'Bottleneck-13', 'Conv2d-44', 'BatchNorm2d-44', 'ReLU-41', 'Conv2d-45', 'BatchNorm2d-45', 'ReLU-42', 'Conv2d-46', 'BatchNorm2d-46', 'Conv2d-47', 'BatchNorm2d-47', 'ReLU-43', 'Bottleneck-14', 'Conv2d-48', 'BatchNorm2d-48', 'ReLU-44', 'Conv2d-49', 'BatchNorm2d-49', 'ReLU-45', 'Conv2d-50', 'BatchNorm2d-50', 'ReLU-46', 'Bottleneck-15', 'Conv2d-51', 'BatchNorm2d-51', 'ReLU-47', 'Conv2d-52', 'BatchNorm2d-52', 'ReLU-48', 'Conv2d-53', 'BatchNorm2d-53', 'ReLU-49', 'Bottleneck-16', 'AdaptiveAvgPool2d-1', 'Identity-1', 'ResNet-1']
Total number of layers: 175

==================================================
Processing layer: Conv2d-51 from model: ResNet50-DeepClusterV2-2x224_selfsupervised

For model ResNet50-DeepClusterV2-2x224_selfsupervised Layer Conv2d-51: Extracting features for 9000 images in batches of 28...
Feature extraction for model ResNet50-DeepClusterV2-2x224_selfsupervised layer Conv2d-51 completed in 665.79 seconds.
Finding best ridge alphas for 50 target PCs using 25088 features and 9000 samples.
Using alphas: 10^4 to 10^20, 50 values spaced logarithmically.
[Pipeline] ........... (step 1 of 1) Processing ridgecv, total= 1.9min

Selected alpha and cross-validation score for each PC:
Finished finding best ridge alphas for each target PC.✅

PC   1: alpha = 910298, CV score = -1553.311493

PC   2: alpha = 429193, CV score = -545.028502

PC   3: alpha = 202359, CV score = -357.746981

PC   4: alpha = 202359, CV score = -209.147810

PC   5: alpha = 429193, CV score = -180.178888

PC   6: alpha = 429193, CV score = -164.376946

PC   7: alpha = 429193, CV score = -145.012843

PC   8: alpha = 910298, CV score = -148.458076

PC   9: alpha = 429193, CV score = -106.658894

PC  10: alpha = 429193, CV score = -89.111200

PC  11: alpha = 429193, CV score = -86.091406

PC  12: alpha = 202359, CV score = -60.713747

PC  13: alpha = 910298, CV score = -93.311972

PC  14: alpha = 429193, CV score = -78.163717

PC  15: alpha = 429193, CV score = -68.053123

PC  16: alpha = 429193, CV score = -73.539615

PC  17: alpha = 910298, CV score = -69.274160

PC  18: alpha = 910298, CV score = -73.060490

PC  19: alpha = 429193, CV score = -61.792102

PC  20: alpha = 910298, CV score = -64.321127

PC  21: alpha = 429193, CV score = -57.470086

PC  22: alpha = 910298, CV score = -57.587053

PC  23: alpha = 429193, CV score = -54.142847

PC  24: alpha = 910298, CV score = -54.533166

PC  25: alpha = 429193, CV score = -51.322420

PC  26: alpha = 910298, CV score = -51.639783

PC  27: alpha = 429193, CV score = -47.287118

PC  28: alpha = 910298, CV score = -47.618669

PC  29: alpha = 910298, CV score = -45.999457

PC  30: alpha = 910298, CV score = -41.163758

PC  31: alpha = 429193, CV score = -40.185232

PC  32: alpha = 429193, CV score = -38.333360

PC  33: alpha = 910298, CV score = -38.285415

PC  34: alpha = 910298, CV score = -38.658110

PC  35: alpha = 910298, CV score = -35.250483

PC  36: alpha = 910298, CV score = -34.532224

PC  37: alpha = 910298, CV score = -34.824875

PC  38: alpha = 429193, CV score = -31.743862

PC  39: alpha = 910298, CV score = -33.122889

PC  40: alpha = 910298, CV score = -30.650784

PC  41: alpha = 910298, CV score = -30.284204

PC  42: alpha = 429193, CV score = -28.589836

PC  43: alpha = 910298, CV score = -28.547697

PC  44: alpha = 910298, CV score = -28.706869

PC  45: alpha = 429193, CV score = -26.151990

PC  46: alpha = 910298, CV score = -28.111790

PC  47: alpha = 910298, CV score = -25.676462

PC  48: alpha = 429193, CV score = -22.935718

PC  49: alpha = 910298, CV score = -24.504322

PC  50: alpha = 910298, CV score = -24.241507

Mean cross-validation score across PCs: -107.189102

======================================================================================

Chosen model: ResNet50-SwAV-BS4096-2x224_selfsupervised
Number of images: 73000
Image shape: (425, 425, 3), dtype: uint8
nsdID shape: (73000,), Shared1000 shape: (73000,)
Neural data shape: (10000, 8088)
Image IDs shape: (10000,)
Number of voxels: 8088
Number of projections for SRP: 7894

Loaded target with shape (10000, 8088).
Transformed data shape: (9000, 200)
Transformed data shape after truncion: (9000, 50)
Model options for ResNet50-SwAV-BS4096-2x224_selfsupervised: {'model_name': 'ResNet50-SwAV-BS4096-2x224', 'train_type': 'selfsupervised', 'train_data': 'imagenet', 'model_source': 'vissl', 'call': "get_vissl_model('ResNet50-SwAV-BS4096-2x224')"}
Image transforms for ResNet50-SwAV-BS4096-2x224_selfsupervised: Compose(
    Resize(size=(224, 224), interpolation=bilinear, max_size=None, antialias=True)
    ToTensor()
    Normalize(mean=[0.485, 0.456, 0.406], std=[0.229, 0.224, 0.225])
)
Loaded model: ResNet50-SwAV-BS4096-2x224_selfsupervised
Ordered layers from model: ['Conv2d-1', 'BatchNorm2d-1', 'ReLU-1', 'MaxPool2d-1', 'Conv2d-2', 'BatchNorm2d-2', 'ReLU-2', 'Conv2d-3', 'BatchNorm2d-3', 'ReLU-3', 'Conv2d-4', 'BatchNorm2d-4', 'Conv2d-5', 'BatchNorm2d-5', 'ReLU-4', 'Bottleneck-1', 'Conv2d-6', 'BatchNorm2d-6', 'ReLU-5', 'Conv2d-7', 'BatchNorm2d-7', 'ReLU-6', 'Conv2d-8', 'BatchNorm2d-8', 'ReLU-7', 'Bottleneck-2', 'Conv2d-9', 'BatchNorm2d-9', 'ReLU-8', 'Conv2d-10', 'BatchNorm2d-10', 'ReLU-9', 'Conv2d-11', 'BatchNorm2d-11', 'ReLU-10', 'Bottleneck-3', 'Conv2d-12', 'BatchNorm2d-12', 'ReLU-11', 'Conv2d-13', 'BatchNorm2d-13', 'ReLU-12', 'Conv2d-14', 'BatchNorm2d-14', 'Conv2d-15', 'BatchNorm2d-15', 'ReLU-13', 'Bottleneck-4', 'Conv2d-16', 'BatchNorm2d-16', 'ReLU-14', 'Conv2d-17', 'BatchNorm2d-17', 'ReLU-15', 'Conv2d-18', 'BatchNorm2d-18', 'ReLU-16', 'Bottleneck-5', 'Conv2d-19', 'BatchNorm2d-19', 'ReLU-17', 'Conv2d-20', 'BatchNorm2d-20', 'ReLU-18', 'Conv2d-21', 'BatchNorm2d-21', 'ReLU-19', 'Bottleneck-6', 'Conv2d-22', 'BatchNorm2d-22', 'ReLU-20', 'Conv2d-23', 'BatchNorm2d-23', 'ReLU-21', 'Conv2d-24', 'BatchNorm2d-24', 'ReLU-22', 'Bottleneck-7', 'Conv2d-25', 'BatchNorm2d-25', 'ReLU-23', 'Conv2d-26', 'BatchNorm2d-26', 'ReLU-24', 'Conv2d-27', 'BatchNorm2d-27', 'Conv2d-28', 'BatchNorm2d-28', 'ReLU-25', 'Bottleneck-8', 'Conv2d-29', 'BatchNorm2d-29', 'ReLU-26', 'Conv2d-30', 'BatchNorm2d-30', 'ReLU-27', 'Conv2d-31', 'BatchNorm2d-31', 'ReLU-28', 'Bottleneck-9', 'Conv2d-32', 'BatchNorm2d-32', 'ReLU-29', 'Conv2d-33', 'BatchNorm2d-33', 'ReLU-30', 'Conv2d-34', 'BatchNorm2d-34', 'ReLU-31', 'Bottleneck-10', 'Conv2d-35', 'BatchNorm2d-35', 'ReLU-32', 'Conv2d-36', 'BatchNorm2d-36', 'ReLU-33', 'Conv2d-37', 'BatchNorm2d-37', 'ReLU-34', 'Bottleneck-11', 'Conv2d-38', 'BatchNorm2d-38', 'ReLU-35', 'Conv2d-39', 'BatchNorm2d-39', 'ReLU-36', 'Conv2d-40', 'BatchNorm2d-40', 'ReLU-37', 'Bottleneck-12', 'Conv2d-41', 'BatchNorm2d-41', 'ReLU-38', 'Conv2d-42', 'BatchNorm2d-42', 'ReLU-39', 'Conv2d-43', 'BatchNorm2d-43', 'ReLU-40', 'Bottleneck-13', 'Conv2d-44', 'BatchNorm2d-44', 'ReLU-41', 'Conv2d-45', 'BatchNorm2d-45', 'ReLU-42', 'Conv2d-46', 'BatchNorm2d-46', 'Conv2d-47', 'BatchNorm2d-47', 'ReLU-43', 'Bottleneck-14', 'Conv2d-48', 'BatchNorm2d-48', 'ReLU-44', 'Conv2d-49', 'BatchNorm2d-49', 'ReLU-45', 'Conv2d-50', 'BatchNorm2d-50', 'ReLU-46', 'Bottleneck-15', 'Conv2d-51', 'BatchNorm2d-51', 'ReLU-47', 'Conv2d-52', 'BatchNorm2d-52', 'ReLU-48', 'Conv2d-53', 'BatchNorm2d-53', 'ReLU-49', 'Bottleneck-16', 'AdaptiveAvgPool2d-1', 'Identity-1', 'ResNet-1']
Total number of layers: 175

==================================================
Processing layer: Conv2d-52 from model: ResNet50-SwAV-BS4096-2x224_selfsupervised

For model ResNet50-SwAV-BS4096-2x224_selfsupervised Layer Conv2d-52: Extracting features for 9000 images in batches of 28...
Feature extraction for model ResNet50-SwAV-BS4096-2x224_selfsupervised layer Conv2d-52 completed in 665.59 seconds.
Finding best ridge alphas for 50 target PCs using 25088 features and 9000 samples.
Using alphas: 10^4 to 10^20, 50 values spaced logarithmically.
[Pipeline] ........... (step 1 of 1) Processing ridgecv, total= 1.9min

Selected alpha and cross-validation score for each PC:
Finished finding best ridge alphas for each target PC.✅

PC   1: alpha = 910298, CV score = -1542.920868

PC   2: alpha = 429193, CV score = -529.274558

PC   3: alpha = 202359, CV score = -365.226227

PC   4: alpha = 202359, CV score = -211.167701

PC   5: alpha = 429193, CV score = -176.445160

PC   6: alpha = 429193, CV score = -163.544331

PC   7: alpha = 429193, CV score = -145.174105

PC   8: alpha = 1.9307e+06, CV score = -149.061484

PC   9: alpha = 429193, CV score = -107.307694

PC  10: alpha = 429193, CV score = -88.633185

PC  11: alpha = 910298, CV score = -86.703788

PC  12: alpha = 429193, CV score = -59.615919

PC  13: alpha = 1.9307e+06, CV score = -92.975191

PC  14: alpha = 910298, CV score = -78.521041

PC  15: alpha = 429193, CV score = -68.111717

PC  16: alpha = 910298, CV score = -73.762640

PC  17: alpha = 910298, CV score = -69.402984

PC  18: alpha = 1.9307e+06, CV score = -73.578927

PC  19: alpha = 910298, CV score = -62.050203

PC  20: alpha = 910298, CV score = -64.596909

PC  21: alpha = 910298, CV score = -57.491654

PC  22: alpha = 910298, CV score = -57.781115

PC  23: alpha = 910298, CV score = -54.752016

PC  24: alpha = 1.9307e+06, CV score = -54.920210

PC  25: alpha = 910298, CV score = -51.888754

PC  26: alpha = 1.9307e+06, CV score = -51.618578

PC  27: alpha = 910298, CV score = -47.486563

PC  28: alpha = 1.9307e+06, CV score = -47.589406

PC  29: alpha = 910298, CV score = -45.988590

PC  30: alpha = 910298, CV score = -41.271711

PC  31: alpha = 910298, CV score = -40.041649

PC  32: alpha = 910298, CV score = -38.266915

PC  33: alpha = 910298, CV score = -38.184943

PC  34: alpha = 1.9307e+06, CV score = -38.764545

PC  35: alpha = 910298, CV score = -34.986946

PC  36: alpha = 1.9307e+06, CV score = -34.532496

PC  37: alpha = 1.9307e+06, CV score = -34.895992

PC  38: alpha = 910298, CV score = -31.609567

PC  39: alpha = 910298, CV score = -33.181893

PC  40: alpha = 910298, CV score = -30.648339

PC  41: alpha = 910298, CV score = -30.411545

PC  42: alpha = 910298, CV score = -28.515705

PC  43: alpha = 1.9307e+06, CV score = -28.711644

PC  44: alpha = 1.9307e+06, CV score = -28.675777

PC  45: alpha = 910298, CV score = -26.264582

PC  46: alpha = 1.9307e+06, CV score = -28.098137

PC  47: alpha = 910298, CV score = -25.870755

PC  48: alpha = 429193, CV score = -23.317846

PC  49: alpha = 910298, CV score = -24.421592

PC  50: alpha = 910298, CV score = -24.358313

Mean cross-validation score across PCs: -106.852448

======================================================================================

Chosen model: ResNet50-PIRL_selfsupervised
Number of images: 73000
Image shape: (425, 425, 3), dtype: uint8
nsdID shape: (73000,), Shared1000 shape: (73000,)
Neural data shape: (10000, 8088)
Image IDs shape: (10000,)
Number of voxels: 8088
Number of projections for SRP: 7894

Loaded target with shape (10000, 8088).
Transformed data shape: (9000, 200)
Transformed data shape after truncion: (9000, 50)
Model options for ResNet50-PIRL_selfsupervised: {'model_name': 'ResNet50-PIRL', 'train_type': 'selfsupervised', 'train_data': 'imagenet', 'model_source': 'vissl', 'call': "get_vissl_model('ResNet50-PIRL')"}
Image transforms for ResNet50-PIRL_selfsupervised: Compose(
    Resize(size=(224, 224), interpolation=bilinear, max_size=None, antialias=True)
    ToTensor()
    Normalize(mean=[0.485, 0.456, 0.406], std=[0.229, 0.224, 0.225])
)
Loaded model: ResNet50-PIRL_selfsupervised
Ordered layers from model: ['Conv2d-1', 'BatchNorm2d-1', 'ReLU-1', 'MaxPool2d-1', 'Conv2d-2', 'BatchNorm2d-2', 'ReLU-2', 'Conv2d-3', 'BatchNorm2d-3', 'ReLU-3', 'Conv2d-4', 'BatchNorm2d-4', 'Conv2d-5', 'BatchNorm2d-5', 'ReLU-4', 'Bottleneck-1', 'Conv2d-6', 'BatchNorm2d-6', 'ReLU-5', 'Conv2d-7', 'BatchNorm2d-7', 'ReLU-6', 'Conv2d-8', 'BatchNorm2d-8', 'ReLU-7', 'Bottleneck-2', 'Conv2d-9', 'BatchNorm2d-9', 'ReLU-8', 'Conv2d-10', 'BatchNorm2d-10', 'ReLU-9', 'Conv2d-11', 'BatchNorm2d-11', 'ReLU-10', 'Bottleneck-3', 'Conv2d-12', 'BatchNorm2d-12', 'ReLU-11', 'Conv2d-13', 'BatchNorm2d-13', 'ReLU-12', 'Conv2d-14', 'BatchNorm2d-14', 'Conv2d-15', 'BatchNorm2d-15', 'ReLU-13', 'Bottleneck-4', 'Conv2d-16', 'BatchNorm2d-16', 'ReLU-14', 'Conv2d-17', 'BatchNorm2d-17', 'ReLU-15', 'Conv2d-18', 'BatchNorm2d-18', 'ReLU-16', 'Bottleneck-5', 'Conv2d-19', 'BatchNorm2d-19', 'ReLU-17', 'Conv2d-20', 'BatchNorm2d-20', 'ReLU-18', 'Conv2d-21', 'BatchNorm2d-21', 'ReLU-19', 'Bottleneck-6', 'Conv2d-22', 'BatchNorm2d-22', 'ReLU-20', 'Conv2d-23', 'BatchNorm2d-23', 'ReLU-21', 'Conv2d-24', 'BatchNorm2d-24', 'ReLU-22', 'Bottleneck-7', 'Conv2d-25', 'BatchNorm2d-25', 'ReLU-23', 'Conv2d-26', 'BatchNorm2d-26', 'ReLU-24', 'Conv2d-27', 'BatchNorm2d-27', 'Conv2d-28', 'BatchNorm2d-28', 'ReLU-25', 'Bottleneck-8', 'Conv2d-29', 'BatchNorm2d-29', 'ReLU-26', 'Conv2d-30', 'BatchNorm2d-30', 'ReLU-27', 'Conv2d-31', 'BatchNorm2d-31', 'ReLU-28', 'Bottleneck-9', 'Conv2d-32', 'BatchNorm2d-32', 'ReLU-29', 'Conv2d-33', 'BatchNorm2d-33', 'ReLU-30', 'Conv2d-34', 'BatchNorm2d-34', 'ReLU-31', 'Bottleneck-10', 'Conv2d-35', 'BatchNorm2d-35', 'ReLU-32', 'Conv2d-36', 'BatchNorm2d-36', 'ReLU-33', 'Conv2d-37', 'BatchNorm2d-37', 'ReLU-34', 'Bottleneck-11', 'Conv2d-38', 'BatchNorm2d-38', 'ReLU-35', 'Conv2d-39', 'BatchNorm2d-39', 'ReLU-36', 'Conv2d-40', 'BatchNorm2d-40', 'ReLU-37', 'Bottleneck-12', 'Conv2d-41', 'BatchNorm2d-41', 'ReLU-38', 'Conv2d-42', 'BatchNorm2d-42', 'ReLU-39', 'Conv2d-43', 'BatchNorm2d-43', 'ReLU-40', 'Bottleneck-13', 'Conv2d-44', 'BatchNorm2d-44', 'ReLU-41', 'Conv2d-45', 'BatchNorm2d-45', 'ReLU-42', 'Conv2d-46', 'BatchNorm2d-46', 'Conv2d-47', 'BatchNorm2d-47', 'ReLU-43', 'Bottleneck-14', 'Conv2d-48', 'BatchNorm2d-48', 'ReLU-44', 'Conv2d-49', 'BatchNorm2d-49', 'ReLU-45', 'Conv2d-50', 'BatchNorm2d-50', 'ReLU-46', 'Bottleneck-15', 'Conv2d-51', 'BatchNorm2d-51', 'ReLU-47', 'Conv2d-52', 'BatchNorm2d-52', 'ReLU-48', 'Conv2d-53', 'BatchNorm2d-53', 'ReLU-49', 'Bottleneck-16', 'AdaptiveAvgPool2d-1', 'Identity-1', 'ResNet-1']
Total number of layers: 175

==================================================
Processing layer: Conv2d-52 from model: ResNet50-PIRL_selfsupervised

For model ResNet50-PIRL_selfsupervised Layer Conv2d-52: Extracting features for 9000 images in batches of 28...
Feature extraction for model ResNet50-PIRL_selfsupervised layer Conv2d-52 completed in 663.64 seconds.
Finding best ridge alphas for 50 target PCs using 25088 features and 9000 samples.
Using alphas: 10^4 to 10^20, 50 values spaced logarithmically.
[Pipeline] ........... (step 1 of 1) Processing ridgecv, total= 1.9min

Selected alpha and cross-validation score for each PC:
Finished finding best ridge alphas for each target PC.✅

PC   1: alpha = 10000, CV score = -1595.934769

PC   2: alpha = 10000, CV score = -664.309318

PC   3: alpha = 10000, CV score = -436.781244

PC   4: alpha = 10000, CV score = -248.989857

PC   5: alpha = 10000, CV score = -201.587222

PC   6: alpha = 10000, CV score = -177.629725

PC   7: alpha = 10000, CV score = -158.328920

PC   8: alpha = 10000, CV score = -149.932777

PC   9: alpha = 10000, CV score = -116.776805

PC  10: alpha = 10000, CV score = -97.593953

PC  11: alpha = 10000, CV score = -90.926001

PC  12: alpha = 10000, CV score = -72.961020

PC  13: alpha = 10000, CV score = -94.642471

PC  14: alpha = 10000, CV score = -81.998994

PC  15: alpha = 10000, CV score = -73.593248

PC  16: alpha = 10000, CV score = -76.036726

PC  17: alpha = 10000, CV score = -72.056919

PC  18: alpha = 10000, CV score = -73.854089

PC  19: alpha = 10000, CV score = -64.979473

PC  20: alpha = 10000, CV score = -65.713088

PC  21: alpha = 10000, CV score = -60.499733

PC  22: alpha = 10000, CV score = -59.031216

PC  23: alpha = 10000, CV score = -56.480803

PC  24: alpha = 10000, CV score = -55.493160

PC  25: alpha = 10000, CV score = -53.715915

PC  26: alpha = 10000, CV score = -52.476080

PC  27: alpha = 10000, CV score = -48.817678

PC  28: alpha = 10000, CV score = -48.389163

PC  29: alpha = 10000, CV score = -46.874793

PC  30: alpha = 10000, CV score = -42.082172

PC  31: alpha = 10000, CV score = -42.025240

PC  32: alpha = 10000, CV score = -40.027833

PC  33: alpha = 10000, CV score = -39.379539

PC  34: alpha = 10000, CV score = -39.070307

PC  35: alpha = 10000, CV score = -36.366210

PC  36: alpha = 10000, CV score = -35.102349

PC  37: alpha = 10000, CV score = -35.245555

PC  38: alpha = 10000, CV score = -33.319835

PC  39: alpha = 10000, CV score = -33.803479

PC  40: alpha = 10000, CV score = -31.586224

PC  41: alpha = 10000, CV score = -30.779494

PC  42: alpha = 10000, CV score = -29.367658

PC  43: alpha = 10000, CV score = -29.265478

PC  44: alpha = 10000, CV score = -29.046452

PC  45: alpha = 10000, CV score = -27.159166

PC  46: alpha = 10000, CV score = -28.278662

PC  47: alpha = 10000, CV score = -26.271492

PC  48: alpha = 10000, CV score = -25.054533

PC  49: alpha = 10000, CV score = -25.273277

PC  50: alpha = 10000, CV score = -24.782612

Mean cross-validation score across PCs: -115.593855

======================================================================================

Chosen model: ResNet50-ClusterFit-16K-RotNet_selfsupervised
Number of images: 73000
Image shape: (425, 425, 3), dtype: uint8
nsdID shape: (73000,), Shared1000 shape: (73000,)
Neural data shape: (10000, 8088)
Image IDs shape: (10000,)
Number of voxels: 8088
Number of projections for SRP: 7894

Loaded target with shape (10000, 8088).
Transformed data shape: (9000, 200)
Transformed data shape after truncion: (9000, 50)
Model options for ResNet50-ClusterFit-16K-RotNet_selfsupervised: {'model_name': 'ResNet50-ClusterFit-16K-RotNet', 'train_type': 'selfsupervised', 'train_data': 'imagenet', 'model_source': 'vissl', 'call': "get_vissl_model('ResNet50-ClusterFit-16K-RotNet')"}
Image transforms for ResNet50-ClusterFit-16K-RotNet_selfsupervised: Compose(
    Resize(size=(224, 224), interpolation=bilinear, max_size=None, antialias=True)
    ToTensor()
    Normalize(mean=[0.485, 0.456, 0.406], std=[0.229, 0.224, 0.225])
)
Loaded model: ResNet50-ClusterFit-16K-RotNet_selfsupervised
Ordered layers from model: ['Conv2d-1', 'BatchNorm2d-1', 'ReLU-1', 'MaxPool2d-1', 'Conv2d-2', 'BatchNorm2d-2', 'ReLU-2', 'Conv2d-3', 'BatchNorm2d-3', 'ReLU-3', 'Conv2d-4', 'BatchNorm2d-4', 'Conv2d-5', 'BatchNorm2d-5', 'ReLU-4', 'Bottleneck-1', 'Conv2d-6', 'BatchNorm2d-6', 'ReLU-5', 'Conv2d-7', 'BatchNorm2d-7', 'ReLU-6', 'Conv2d-8', 'BatchNorm2d-8', 'ReLU-7', 'Bottleneck-2', 'Conv2d-9', 'BatchNorm2d-9', 'ReLU-8', 'Conv2d-10', 'BatchNorm2d-10', 'ReLU-9', 'Conv2d-11', 'BatchNorm2d-11', 'ReLU-10', 'Bottleneck-3', 'Conv2d-12', 'BatchNorm2d-12', 'ReLU-11', 'Conv2d-13', 'BatchNorm2d-13', 'ReLU-12', 'Conv2d-14', 'BatchNorm2d-14', 'Conv2d-15', 'BatchNorm2d-15', 'ReLU-13', 'Bottleneck-4', 'Conv2d-16', 'BatchNorm2d-16', 'ReLU-14', 'Conv2d-17', 'BatchNorm2d-17', 'ReLU-15', 'Conv2d-18', 'BatchNorm2d-18', 'ReLU-16', 'Bottleneck-5', 'Conv2d-19', 'BatchNorm2d-19', 'ReLU-17', 'Conv2d-20', 'BatchNorm2d-20', 'ReLU-18', 'Conv2d-21', 'BatchNorm2d-21', 'ReLU-19', 'Bottleneck-6', 'Conv2d-22', 'BatchNorm2d-22', 'ReLU-20', 'Conv2d-23', 'BatchNorm2d-23', 'ReLU-21', 'Conv2d-24', 'BatchNorm2d-24', 'ReLU-22', 'Bottleneck-7', 'Conv2d-25', 'BatchNorm2d-25', 'ReLU-23', 'Conv2d-26', 'BatchNorm2d-26', 'ReLU-24', 'Conv2d-27', 'BatchNorm2d-27', 'Conv2d-28', 'BatchNorm2d-28', 'ReLU-25', 'Bottleneck-8', 'Conv2d-29', 'BatchNorm2d-29', 'ReLU-26', 'Conv2d-30', 'BatchNorm2d-30', 'ReLU-27', 'Conv2d-31', 'BatchNorm2d-31', 'ReLU-28', 'Bottleneck-9', 'Conv2d-32', 'BatchNorm2d-32', 'ReLU-29', 'Conv2d-33', 'BatchNorm2d-33', 'ReLU-30', 'Conv2d-34', 'BatchNorm2d-34', 'ReLU-31', 'Bottleneck-10', 'Conv2d-35', 'BatchNorm2d-35', 'ReLU-32', 'Conv2d-36', 'BatchNorm2d-36', 'ReLU-33', 'Conv2d-37', 'BatchNorm2d-37', 'ReLU-34', 'Bottleneck-11', 'Conv2d-38', 'BatchNorm2d-38', 'ReLU-35', 'Conv2d-39', 'BatchNorm2d-39', 'ReLU-36', 'Conv2d-40', 'BatchNorm2d-40', 'ReLU-37', 'Bottleneck-12', 'Conv2d-41', 'BatchNorm2d-41', 'ReLU-38', 'Conv2d-42', 'BatchNorm2d-42', 'ReLU-39', 'Conv2d-43', 'BatchNorm2d-43', 'ReLU-40', 'Bottleneck-13', 'Conv2d-44', 'BatchNorm2d-44', 'ReLU-41', 'Conv2d-45', 'BatchNorm2d-45', 'ReLU-42', 'Conv2d-46', 'BatchNorm2d-46', 'Conv2d-47', 'BatchNorm2d-47', 'ReLU-43', 'Bottleneck-14', 'Conv2d-48', 'BatchNorm2d-48', 'ReLU-44', 'Conv2d-49', 'BatchNorm2d-49', 'ReLU-45', 'Conv2d-50', 'BatchNorm2d-50', 'ReLU-46', 'Bottleneck-15', 'Conv2d-51', 'BatchNorm2d-51', 'ReLU-47', 'Conv2d-52', 'BatchNorm2d-52', 'ReLU-48', 'Conv2d-53', 'BatchNorm2d-53', 'ReLU-49', 'Bottleneck-16', 'AdaptiveAvgPool2d-1', 'Identity-1', 'ResNet-1']
Total number of layers: 175

==================================================
Processing layer: ReLU-46 from model: ResNet50-ClusterFit-16K-RotNet_selfsupervised

For model ResNet50-ClusterFit-16K-RotNet_selfsupervised Layer ReLU-46: Extracting features for 9000 images in batches of 28...
Feature extraction for model ResNet50-ClusterFit-16K-RotNet_selfsupervised layer ReLU-46 completed in 662.36 seconds.
Finding best ridge alphas for 50 target PCs using 100352 features and 9000 samples.
Using alphas: 10^4 to 10^20, 50 values spaced logarithmically.
[Pipeline] ........... (step 1 of 1) Processing ridgecv, total= 3.9min

Selected alpha and cross-validation score for each PC:
Finished finding best ridge alphas for each target PC.✅

PC   1: alpha = 4.09492e+06, CV score = -1552.160931

PC   2: alpha = 1.9307e+06, CV score = -600.817876

PC   3: alpha = 910298, CV score = -380.095944

PC   4: alpha = 1.9307e+06, CV score = -223.736589

PC   5: alpha = 1.9307e+06, CV score = -182.650221

PC   6: alpha = 4.09492e+06, CV score = -167.993753

PC   7: alpha = 1.9307e+06, CV score = -149.743429

PC   8: alpha = 8.68511e+06, CV score = -148.641684

PC   9: alpha = 1.9307e+06, CV score = -109.409210

PC  10: alpha = 1.9307e+06, CV score = -90.941516

PC  11: alpha = 4.09492e+06, CV score = -88.230687

PC  12: alpha = 1.9307e+06, CV score = -61.504250

PC  13: alpha = 8.68511e+06, CV score = -94.119153

PC  14: alpha = 4.09492e+06, CV score = -79.869469

PC  15: alpha = 4.09492e+06, CV score = -69.797119

PC  16: alpha = 4.09492e+06, CV score = -74.098939

PC  17: alpha = 4.09492e+06, CV score = -69.340012

PC  18: alpha = 8.68511e+06, CV score = -73.343466

PC  19: alpha = 4.09492e+06, CV score = -62.127594

PC  20: alpha = 8.68511e+06, CV score = -65.130804

PC  21: alpha = 4.09492e+06, CV score = -58.680394

PC  22: alpha = 4.09492e+06, CV score = -58.276799

PC  23: alpha = 4.09492e+06, CV score = -55.886947

PC  24: alpha = 4.09492e+06, CV score = -55.369939

PC  25: alpha = 4.09492e+06, CV score = -52.316246

PC  26: alpha = 8.68511e+06, CV score = -52.012017

PC  27: alpha = 4.09492e+06, CV score = -47.936671

PC  28: alpha = 8.68511e+06, CV score = -48.275804

PC  29: alpha = 8.68511e+06, CV score = -46.686380

PC  30: alpha = 4.09492e+06, CV score = -41.302605

PC  31: alpha = 4.09492e+06, CV score = -40.803293

PC  32: alpha = 4.09492e+06, CV score = -39.037065

PC  33: alpha = 4.09492e+06, CV score = -38.363262

PC  34: alpha = 8.68511e+06, CV score = -38.988442

PC  35: alpha = 4.09492e+06, CV score = -35.321095

PC  36: alpha = 8.68511e+06, CV score = -34.744437

PC  37: alpha = 8.68511e+06, CV score = -35.334372

PC  38: alpha = 4.09492e+06, CV score = -32.178776

PC  39: alpha = 4.09492e+06, CV score = -33.417320

PC  40: alpha = 4.09492e+06, CV score = -31.056994

PC  41: alpha = 4.09492e+06, CV score = -30.768316

PC  42: alpha = 4.09492e+06, CV score = -28.642041

PC  43: alpha = 4.09492e+06, CV score = -28.835284

PC  44: alpha = 8.68511e+06, CV score = -28.973396

PC  45: alpha = 4.09492e+06, CV score = -26.459992

PC  46: alpha = 8.68511e+06, CV score = -28.209252

PC  47: alpha = 4.09492e+06, CV score = -25.942531

PC  48: alpha = 1.9307e+06, CV score = -23.639554

PC  49: alpha = 4.09492e+06, CV score = -24.773893

PC  50: alpha = 4.09492e+06, CV score = -24.383331

Mean cross-validation score across PCs: -109.807382

======================================================================================

Chosen model: ResNet50-MoCoV2-BS256_selfsupervised
Number of images: 73000
Image shape: (425, 425, 3), dtype: uint8
nsdID shape: (73000,), Shared1000 shape: (73000,)
Neural data shape: (10000, 8088)
Image IDs shape: (10000,)
Number of voxels: 8088
Number of projections for SRP: 7894

Loaded target with shape (10000, 8088).
Transformed data shape: (9000, 200)
Transformed data shape after truncion: (9000, 50)
Model options for ResNet50-MoCoV2-BS256_selfsupervised: {'model_name': 'ResNet50-MoCoV2-BS256', 'train_type': 'selfsupervised', 'train_data': 'imagenet', 'model_source': 'vissl', 'call': "get_vissl_model('ResNet50-MoCoV2-BS256')"}
Image transforms for ResNet50-MoCoV2-BS256_selfsupervised: Compose(
    Resize(size=(224, 224), interpolation=bilinear, max_size=None, antialias=True)
    ToTensor()
    Normalize(mean=[0.485, 0.456, 0.406], std=[0.229, 0.224, 0.225])
)
Loaded model: ResNet50-MoCoV2-BS256_selfsupervised
Ordered layers from model: ['Conv2d-1', 'BatchNorm2d-1', 'ReLU-1', 'MaxPool2d-1', 'Conv2d-2', 'BatchNorm2d-2', 'ReLU-2', 'Conv2d-3', 'BatchNorm2d-3', 'ReLU-3', 'Conv2d-4', 'BatchNorm2d-4', 'Conv2d-5', 'BatchNorm2d-5', 'ReLU-4', 'Bottleneck-1', 'Conv2d-6', 'BatchNorm2d-6', 'ReLU-5', 'Conv2d-7', 'BatchNorm2d-7', 'ReLU-6', 'Conv2d-8', 'BatchNorm2d-8', 'ReLU-7', 'Bottleneck-2', 'Conv2d-9', 'BatchNorm2d-9', 'ReLU-8', 'Conv2d-10', 'BatchNorm2d-10', 'ReLU-9', 'Conv2d-11', 'BatchNorm2d-11', 'ReLU-10', 'Bottleneck-3', 'Conv2d-12', 'BatchNorm2d-12', 'ReLU-11', 'Conv2d-13', 'BatchNorm2d-13', 'ReLU-12', 'Conv2d-14', 'BatchNorm2d-14', 'Conv2d-15', 'BatchNorm2d-15', 'ReLU-13', 'Bottleneck-4', 'Conv2d-16', 'BatchNorm2d-16', 'ReLU-14', 'Conv2d-17', 'BatchNorm2d-17', 'ReLU-15', 'Conv2d-18', 'BatchNorm2d-18', 'ReLU-16', 'Bottleneck-5', 'Conv2d-19', 'BatchNorm2d-19', 'ReLU-17', 'Conv2d-20', 'BatchNorm2d-20', 'ReLU-18', 'Conv2d-21', 'BatchNorm2d-21', 'ReLU-19', 'Bottleneck-6', 'Conv2d-22', 'BatchNorm2d-22', 'ReLU-20', 'Conv2d-23', 'BatchNorm2d-23', 'ReLU-21', 'Conv2d-24', 'BatchNorm2d-24', 'ReLU-22', 'Bottleneck-7', 'Conv2d-25', 'BatchNorm2d-25', 'ReLU-23', 'Conv2d-26', 'BatchNorm2d-26', 'ReLU-24', 'Conv2d-27', 'BatchNorm2d-27', 'Conv2d-28', 'BatchNorm2d-28', 'ReLU-25', 'Bottleneck-8', 'Conv2d-29', 'BatchNorm2d-29', 'ReLU-26', 'Conv2d-30', 'BatchNorm2d-30', 'ReLU-27', 'Conv2d-31', 'BatchNorm2d-31', 'ReLU-28', 'Bottleneck-9', 'Conv2d-32', 'BatchNorm2d-32', 'ReLU-29', 'Conv2d-33', 'BatchNorm2d-33', 'ReLU-30', 'Conv2d-34', 'BatchNorm2d-34', 'ReLU-31', 'Bottleneck-10', 'Conv2d-35', 'BatchNorm2d-35', 'ReLU-32', 'Conv2d-36', 'BatchNorm2d-36', 'ReLU-33', 'Conv2d-37', 'BatchNorm2d-37', 'ReLU-34', 'Bottleneck-11', 'Conv2d-38', 'BatchNorm2d-38', 'ReLU-35', 'Conv2d-39', 'BatchNorm2d-39', 'ReLU-36', 'Conv2d-40', 'BatchNorm2d-40', 'ReLU-37', 'Bottleneck-12', 'Conv2d-41', 'BatchNorm2d-41', 'ReLU-38', 'Conv2d-42', 'BatchNorm2d-42', 'ReLU-39', 'Conv2d-43', 'BatchNorm2d-43', 'ReLU-40', 'Bottleneck-13', 'Conv2d-44', 'BatchNorm2d-44', 'ReLU-41', 'Conv2d-45', 'BatchNorm2d-45', 'ReLU-42', 'Conv2d-46', 'BatchNorm2d-46', 'Conv2d-47', 'BatchNorm2d-47', 'ReLU-43', 'Bottleneck-14', 'Conv2d-48', 'BatchNorm2d-48', 'ReLU-44', 'Conv2d-49', 'BatchNorm2d-49', 'ReLU-45', 'Conv2d-50', 'BatchNorm2d-50', 'ReLU-46', 'Bottleneck-15', 'Conv2d-51', 'BatchNorm2d-51', 'ReLU-47', 'Conv2d-52', 'BatchNorm2d-52', 'ReLU-48', 'Conv2d-53', 'BatchNorm2d-53', 'ReLU-49', 'Bottleneck-16', 'AdaptiveAvgPool2d-1', 'Identity-1', 'ResNet-1']
Total number of layers: 175

==================================================
Processing layer: Conv2d-49 from model: ResNet50-MoCoV2-BS256_selfsupervised

For model ResNet50-MoCoV2-BS256_selfsupervised Layer Conv2d-49: Extracting features for 9000 images in batches of 28...
Feature extraction for model ResNet50-MoCoV2-BS256_selfsupervised layer Conv2d-49 completed in 663.34 seconds.
Finding best ridge alphas for 50 target PCs using 25088 features and 9000 samples.
Using alphas: 10^4 to 10^20, 50 values spaced logarithmically.
[Pipeline] ........... (step 1 of 1) Processing ridgecv, total= 1.9min

Selected alpha and cross-validation score for each PC:
Finished finding best ridge alphas for each target PC.✅

PC   1: alpha = 10000, CV score = -1799.455396

PC   2: alpha = 10000, CV score = -1139.133445

PC   3: alpha = 10000, CV score = -607.470633

PC   4: alpha = 10000, CV score = -376.102847

PC   5: alpha = 10000, CV score = -265.917124

PC   6: alpha = 10000, CV score = -202.925966

PC   7: alpha = 10000, CV score = -183.056136

PC   8: alpha = 10000, CV score = -153.847692

PC   9: alpha = 10000, CV score = -133.295081

PC  10: alpha = 10000, CV score = -110.427775

PC  11: alpha = 10000, CV score = -102.892182

PC  12: alpha = 10000, CV score = -96.394709

PC  13: alpha = 10000, CV score = -98.908039

PC  14: alpha = 10000, CV score = -89.801761

PC  15: alpha = 10000, CV score = -81.857743

PC  16: alpha = 10000, CV score = -82.136111

PC  17: alpha = 10000, CV score = -78.034248

PC  18: alpha = 10000, CV score = -75.836357

PC  19: alpha = 10000, CV score = -71.905014

PC  20: alpha = 10000, CV score = -68.994485

PC  21: alpha = 10000, CV score = -65.312391

PC  22: alpha = 10000, CV score = -62.112966

PC  23: alpha = 10000, CV score = -60.351537

PC  24: alpha = 10000, CV score = -57.733247

PC  25: alpha = 10000, CV score = -56.697066

PC  26: alpha = 10000, CV score = -54.022477

PC  27: alpha = 10000, CV score = -51.747737

PC  28: alpha = 10000, CV score = -49.981074

PC  29: alpha = 10000, CV score = -48.715215

PC  30: alpha = 10000, CV score = -45.087709

PC  31: alpha = 10000, CV score = -45.156174

PC  32: alpha = 10000, CV score = -42.727081

PC  33: alpha = 10000, CV score = -40.965090

PC  34: alpha = 10000, CV score = -39.817741

PC  35: alpha = 10000, CV score = -38.041406

PC  36: alpha = 10000, CV score = -36.132282

PC  37: alpha = 10000, CV score = -36.222521

PC  38: alpha = 10000, CV score = -34.842703

PC  39: alpha = 10000, CV score = -34.722526

PC  40: alpha = 10000, CV score = -33.099466

PC  41: alpha = 10000, CV score = -31.945027

PC  42: alpha = 10000, CV score = -30.790621

PC  43: alpha = 10000, CV score = -30.396546

PC  44: alpha = 10000, CV score = -29.850150

PC  45: alpha = 10000, CV score = -28.867673

PC  46: alpha = 10000, CV score = -28.758522

PC  47: alpha = 10000, CV score = -27.291133

PC  48: alpha = 10000, CV score = -26.663631

PC  49: alpha = 10000, CV score = -26.543867

PC  50: alpha = 10000, CV score = -25.592179

Mean cross-validation score across PCs: -140.771610

======================================================================================
Changed model name: ViT-B_32_clip -> ViT-B/32_clip

Chosen model: ViT-B/32_clip
Number of images: 73000
Image shape: (425, 425, 3), dtype: uint8
nsdID shape: (73000,), Shared1000 shape: (73000,)
Neural data shape: (10000, 8088)
Image IDs shape: (10000,)
Number of voxels: 8088
Number of projections for SRP: 7894

Loaded target with shape (10000, 8088).
Transformed data shape: (9000, 200)
Transformed data shape after truncion: (9000, 50)
Model options for ViT-B/32_clip: {'model_name': 'ViT-B/32', 'train_type': 'clip', 'train_data': 'openai400M', 'model_source': 'clip', 'call': "get_clip_model('ViT-B/32')"}
Image transforms for ViT-B/32_clip: Compose(
    Resize(size=224, interpolation=bicubic, max_size=None, antialias=True)
    CenterCrop(size=(224, 224))
    <function _convert_image_to_rgb at 0x7f8c833da020>
    ToTensor()
    Normalize(mean=(0.48145466, 0.4578275, 0.40821073), std=(0.26862954, 0.26130258, 0.27577711))
)
Loaded model: ViT-B/32_clip
Ordered layers from model: ['Conv2d-1', 'LayerNorm-1', 'LayerNorm-2', 'MultiheadAttention-1-1', 'LayerNorm-3', 'Linear-1', 'QuickGELU-1', 'Linear-2', 'ResidualAttentionBlock-1', 'LayerNorm-4', 'MultiheadAttention-2-1', 'LayerNorm-5', 'Linear-3', 'QuickGELU-2', 'Linear-4', 'ResidualAttentionBlock-2', 'LayerNorm-6', 'MultiheadAttention-3-1', 'LayerNorm-7', 'Linear-5', 'QuickGELU-3', 'Linear-6', 'ResidualAttentionBlock-3', 'LayerNorm-8', 'MultiheadAttention-4-1', 'LayerNorm-9', 'Linear-7', 'QuickGELU-4', 'Linear-8', 'ResidualAttentionBlock-4', 'LayerNorm-10', 'MultiheadAttention-5-1', 'LayerNorm-11', 'Linear-9', 'QuickGELU-5', 'Linear-10', 'ResidualAttentionBlock-5', 'LayerNorm-12', 'MultiheadAttention-6-1', 'LayerNorm-13', 'Linear-11', 'QuickGELU-6', 'Linear-12', 'ResidualAttentionBlock-6', 'LayerNorm-14', 'MultiheadAttention-7-1', 'LayerNorm-15', 'Linear-13', 'QuickGELU-7', 'Linear-14', 'ResidualAttentionBlock-7', 'LayerNorm-16', 'MultiheadAttention-8-1', 'LayerNorm-17', 'Linear-15', 'QuickGELU-8', 'Linear-16', 'ResidualAttentionBlock-8', 'LayerNorm-18', 'MultiheadAttention-9-1', 'LayerNorm-19', 'Linear-17', 'QuickGELU-9', 'Linear-18', 'ResidualAttentionBlock-9', 'LayerNorm-20', 'MultiheadAttention-10-1', 'LayerNorm-21', 'Linear-19', 'QuickGELU-10', 'Linear-20', 'ResidualAttentionBlock-10', 'LayerNorm-22', 'MultiheadAttention-11-1', 'LayerNorm-23', 'Linear-21', 'QuickGELU-11', 'Linear-22', 'ResidualAttentionBlock-11', 'LayerNorm-24', 'MultiheadAttention-12-1', 'LayerNorm-25', 'Linear-23', 'QuickGELU-12', 'Linear-24', 'ResidualAttentionBlock-12', 'Transformer-1', 'LayerNorm-26', 'VisionTransformer-1']
Total number of layers: 89
No overall best layer found for model ViT-B/32_clip
