------------------------------------
Fri 17 Jul 2026 10:55:03 IDT
SLURM_JOBID:		19419952
SLURM_JOB_NODELIST:	ise-cpu-intl-03
SLURM_SCRATCH_DIR:	/scratch/ohadshee/19419952
Allocated Resouces:	cpu - 4 / mem - 131072 MB / gpu - 
SLURM_GPU_INDEX:	
Running as ohadshee from golan.neuro account with normal QOS
------------------------------------
Running on host: ise-cpu-intl-03.auth.ad.bgu.ac.il
Job ID: 19419952
CPUs per task: 4
Python path: /home/ohadshee/.conda/envs/pid_env/bin/python
Conda environment: pid_env
Project root directory: /home/ohadshee/Desktop/Partial-Information-Decomposition/external/mayas_project
Using device: cpu

Chosen model: nf_resnet50_classification
Number of images: 73000
Image shape: (425, 425, 3), dtype: uint8
nsdID shape: (73000,), Shared1000 shape: (73000,)
Neural data shape: (10000, 8088)
Image IDs shape: (10000,)
Number of voxels: 8088
Number of projections for SRP: 7894

Loaded target with shape (10000, 8088).
Transformed data shape: (9000, 200)
Model options for nf_resnet50_classification: {'model_name': 'nf_resnet50', 'train_type': 'classification', 'train_data': 'imagenet', 'model_source': 'timm', 'call': "get_timm_model('nf_resnet50', pretrained = True)"}
Image transforms for nf_resnet50_classification: Compose(
    Resize(size=(224, 224), interpolation=bicubic, max_size=None, antialias=True)
    MaybeToTensor()
    Normalize(mean=tensor([0.4850, 0.4560, 0.4060]), std=tensor([0.2290, 0.2240, 0.2250]))
)
Loaded model: nf_resnet50_classification
Ordered layers from model: ['ScaledStdConv2d-1', 'MaxPool2d-1', 'ReLU-1', 'Identity-1', 'ScaledStdConv2d-2', 'DownsampleAvg-1', 'ScaledStdConv2d-3', 'ReLU-2', 'ScaledStdConv2d-4', 'ReLU-3', 'ScaledStdConv2d-5', 'Identity-2', 'NormFreeBlock-1', 'ReLU-4', 'ScaledStdConv2d-6', 'ReLU-5', 'ScaledStdConv2d-7', 'ReLU-6', 'ScaledStdConv2d-8', 'Identity-3', 'NormFreeBlock-2', 'ReLU-7', 'ScaledStdConv2d-9', 'ReLU-8', 'ScaledStdConv2d-10', 'ReLU-9', 'ScaledStdConv2d-11', 'Identity-4', 'NormFreeBlock-3', 'ReLU-10', 'AvgPool2d-1', 'ScaledStdConv2d-12', 'DownsampleAvg-2', 'ScaledStdConv2d-13', 'ReLU-11', 'ScaledStdConv2d-14', 'ReLU-12', 'ScaledStdConv2d-15', 'Identity-5', 'NormFreeBlock-4', 'ReLU-13', 'ScaledStdConv2d-16', 'ReLU-14', 'ScaledStdConv2d-17', 'ReLU-15', 'ScaledStdConv2d-18', 'Identity-6', 'NormFreeBlock-5', 'ReLU-16', 'ScaledStdConv2d-19', 'ReLU-17', 'ScaledStdConv2d-20', 'ReLU-18', 'ScaledStdConv2d-21', 'Identity-7', 'NormFreeBlock-6', 'ReLU-19', 'ScaledStdConv2d-22', 'ReLU-20', 'ScaledStdConv2d-23', 'ReLU-21', 'ScaledStdConv2d-24', 'Identity-8', 'NormFreeBlock-7', 'ReLU-22', 'AvgPool2d-2', 'ScaledStdConv2d-25', 'DownsampleAvg-3', 'ScaledStdConv2d-26', 'ReLU-23', 'ScaledStdConv2d-27', 'ReLU-24', 'ScaledStdConv2d-28', 'Identity-9', 'NormFreeBlock-8', 'ReLU-25', 'ScaledStdConv2d-29', 'ReLU-26', 'ScaledStdConv2d-30', 'ReLU-27', 'ScaledStdConv2d-31', 'Identity-10', 'NormFreeBlock-9', 'ReLU-28', 'ScaledStdConv2d-32', 'ReLU-29', 'ScaledStdConv2d-33', 'ReLU-30', 'ScaledStdConv2d-34', 'Identity-11', 'NormFreeBlock-10', 'ReLU-31', 'ScaledStdConv2d-35', 'ReLU-32', 'ScaledStdConv2d-36', 'ReLU-33', 'ScaledStdConv2d-37', 'Identity-12', 'NormFreeBlock-11', 'ReLU-34', 'ScaledStdConv2d-38', 'ReLU-35', 'ScaledStdConv2d-39', 'ReLU-36', 'ScaledStdConv2d-40', 'Identity-13', 'NormFreeBlock-12', 'ReLU-37', 'ScaledStdConv2d-41', 'ReLU-38', 'ScaledStdConv2d-42', 'ReLU-39', 'ScaledStdConv2d-43', 'Identity-14', 'NormFreeBlock-13', 'ReLU-40', 'AvgPool2d-3', 'ScaledStdConv2d-44', 'DownsampleAvg-4', 'ScaledStdConv2d-45', 'ReLU-41', 'ScaledStdConv2d-46', 'ReLU-42', 'ScaledStdConv2d-47', 'Identity-15', 'NormFreeBlock-14', 'ReLU-43', 'ScaledStdConv2d-48', 'ReLU-44', 'ScaledStdConv2d-49', 'ReLU-45', 'ScaledStdConv2d-50', 'Identity-16', 'NormFreeBlock-15', 'ReLU-46', 'ScaledStdConv2d-51', 'ReLU-47', 'ScaledStdConv2d-52', 'ReLU-48', 'ScaledStdConv2d-53', 'Identity-17', 'NormFreeBlock-16', 'Identity-18', 'ReLU-49', 'AdaptiveAvgPool2d-1', 'Flatten-1', 'SelectAdaptivePool2d-1', 'Dropout-1', 'Linear-1', 'Identity-19', 'ClassifierHead-1', 'NormFreeNet-1']
Total number of layers: 152

==================================================
Processing layer: NormFreeBlock-16 from model: nf_resnet50_classification

For model nf_resnet50_classification Layer NormFreeBlock-16: Extracting features for 9000 images in batches of 28...
Feature extraction for model nf_resnet50_classification layer NormFreeBlock-16 completed in 923.81 seconds.
Finding best ridge alphas for 200 target PCs using 100352 features and 9000 samples.
Using alphas: 10^4 to 10^20, 50 values spaced logarithmically.
[Pipeline] ........... (step 1 of 1) Processing ridgecv, total= 7.2min

Selected alpha and cross-validation score for each PC:
Finished finding best ridge alphas for each target PC.✅

PC   1: alpha = 8.28643e+07, CV score = -1553.527673

PC   2: alpha = 1.84207e+07, CV score = -511.397739

PC   3: alpha = 1.84207e+07, CV score = -353.690257

PC   4: alpha = 1.84207e+07, CV score = -209.121233

PC   5: alpha = 1.84207e+07, CV score = -175.027671

PC   6: alpha = 3.90694e+07, CV score = -163.242396

PC   7: alpha = 3.90694e+07, CV score = -144.435612

PC   8: alpha = 8.28643e+07, CV score = -148.550822

PC   9: alpha = 3.90694e+07, CV score = -106.475639

PC  10: alpha = 1.84207e+07, CV score = -88.244116

PC  11: alpha = 3.90694e+07, CV score = -86.091055

PC  12: alpha = 1.84207e+07, CV score = -58.520962

PC  13: alpha = 8.28643e+07, CV score = -93.342435

PC  14: alpha = 3.90694e+07, CV score = -78.305773

PC  15: alpha = 3.90694e+07, CV score = -68.056871

PC  16: alpha = 3.90694e+07, CV score = -73.984368

PC  17: alpha = 3.90694e+07, CV score = -69.298758

PC  18: alpha = 8.28643e+07, CV score = -73.422851

PC  19: alpha = 3.90694e+07, CV score = -62.110196

PC  20: alpha = 8.28643e+07, CV score = -64.057570

PC  21: alpha = 8.28643e+07, CV score = -57.467998

PC  22: alpha = 8.28643e+07, CV score = -57.603937

PC  23: alpha = 3.90694e+07, CV score = -54.193251

PC  24: alpha = 8.28643e+07, CV score = -54.800033

PC  25: alpha = 3.90694e+07, CV score = -51.470443

PC  26: alpha = 8.28643e+07, CV score = -51.776126

PC  27: alpha = 3.90694e+07, CV score = -47.235576

PC  28: alpha = 1.75751e+08, CV score = -47.682301

PC  29: alpha = 8.28643e+07, CV score = -45.953101

PC  30: alpha = 8.28643e+07, CV score = -41.211295

PC  31: alpha = 3.90694e+07, CV score = -39.708666

PC  32: alpha = 3.90694e+07, CV score = -38.168983

PC  33: alpha = 8.28643e+07, CV score = -38.309924

PC  34: alpha = 8.28643e+07, CV score = -38.538339

PC  35: alpha = 3.90694e+07, CV score = -34.875852

PC  36: alpha = 8.28643e+07, CV score = -34.250111

PC  37: alpha = 8.28643e+07, CV score = -34.993866

PC  38: alpha = 3.90694e+07, CV score = -31.677857

PC  39: alpha = 8.28643e+07, CV score = -33.174252

PC  40: alpha = 8.28643e+07, CV score = -30.707709

PC  41: alpha = 8.28643e+07, CV score = -30.511095

PC  42: alpha = 8.28643e+07, CV score = -28.578361

PC  43: alpha = 8.28643e+07, CV score = -28.475726

PC  44: alpha = 8.28643e+07, CV score = -28.642136

PC  45: alpha = 3.90694e+07, CV score = -26.082276

PC  46: alpha = 8.28643e+07, CV score = -28.075850

PC  47: alpha = 8.28643e+07, CV score = -25.641152

PC  48: alpha = 1.84207e+07, CV score = -23.014874

PC  49: alpha = 8.28643e+07, CV score = -24.644861

PC  50: alpha = 8.28643e+07, CV score = -24.140385

PC  51: alpha = 3.90694e+07, CV score = -22.044698

PC  52: alpha = 8.28643e+07, CV score = -23.371379

PC  53: alpha = 3.90694e+07, CV score = -22.260655

PC  54: alpha = 8.28643e+07, CV score = -22.574584

PC  55: alpha = 8.28643e+07, CV score = -21.515486

PC  56: alpha = 3.90694e+07, CV score = -20.359587

PC  57: alpha = 8.28643e+07, CV score = -20.526283

PC  58: alpha = 3.90694e+07, CV score = -19.745251

PC  59: alpha = 1.75751e+08, CV score = -20.381533

PC  60: alpha = 8.28643e+07, CV score = -19.494556

PC  61: alpha = 8.28643e+07, CV score = -19.045162

PC  62: alpha = 8.28643e+07, CV score = -18.244967

PC  63: alpha = 8.28643e+07, CV score = -18.150674

PC  64: alpha = 8.28643e+07, CV score = -17.782111

PC  65: alpha = 3.90694e+07, CV score = -15.420460

PC  66: alpha = 8.28643e+07, CV score = -17.364698

PC  67: alpha = 8.28643e+07, CV score = -17.538185

PC  68: alpha = 1.75751e+08, CV score = -17.424108

PC  69: alpha = 8.28643e+07, CV score = -16.876225

PC  70: alpha = 8.28643e+07, CV score = -16.109156

PC  71: alpha = 8.28643e+07, CV score = -15.917951

PC  72: alpha = 8.28643e+07, CV score = -15.648133

PC  73: alpha = 8.28643e+07, CV score = -15.320307

PC  74: alpha = 8.28643e+07, CV score = -15.316596

PC  75: alpha = 1.75751e+08, CV score = -15.165738

PC  76: alpha = 3.90694e+07, CV score = -14.272842

PC  77: alpha = 8.28643e+07, CV score = -14.079739

PC  78: alpha = 8.28643e+07, CV score = -14.360180

PC  79: alpha = 8.28643e+07, CV score = -13.911036

PC  80: alpha = 8.28643e+07, CV score = -13.741029

PC  81: alpha = 8.28643e+07, CV score = -13.915980

PC  82: alpha = 8.28643e+07, CV score = -13.429809

PC  83: alpha = 8.28643e+07, CV score = -13.243975

PC  84: alpha = 8.28643e+07, CV score = -12.921181

PC  85: alpha = 8.28643e+07, CV score = -12.531826

PC  86: alpha = 1.75751e+08, CV score = -12.745120

PC  87: alpha = 8.28643e+07, CV score = -12.573180

PC  88: alpha = 8.28643e+07, CV score = -12.079525

PC  89: alpha = 8.28643e+07, CV score = -12.140971

PC  90: alpha = 8.28643e+07, CV score = -12.035683

PC  91: alpha = 8.28643e+07, CV score = -12.070243

PC  92: alpha = 3.90694e+07, CV score = -11.394798

PC  93: alpha = 1.75751e+08, CV score = -11.870205

PC  94: alpha = 8.28643e+07, CV score = -11.413397

PC  95: alpha = 8.28643e+07, CV score = -11.321780

PC  96: alpha = 8.28643e+07, CV score = -11.263870

PC  97: alpha = 8.28643e+07, CV score = -11.064470

PC  98: alpha = 8.28643e+07, CV score = -11.068074

PC  99: alpha = 3.72759e+08, CV score = -11.000103

PC 100: alpha = 8.28643e+07, CV score = -10.674209

PC 101: alpha = 8.28643e+07, CV score = -10.450707

PC 102: alpha = 3.90694e+07, CV score = -9.866604

PC 103: alpha = 8.28643e+07, CV score = -10.162559

PC 104: alpha = 8.28643e+07, CV score = -9.782918

PC 105: alpha = 8.28643e+07, CV score = -10.045299

PC 106: alpha = 8.28643e+07, CV score = -9.671380

PC 107: alpha = 8.28643e+07, CV score = -9.869438

PC 108: alpha = 8.28643e+07, CV score = -9.646742

PC 109: alpha = 8.28643e+07, CV score = -9.633154

PC 110: alpha = 1.75751e+08, CV score = -9.699078

PC 111: alpha = 1.75751e+08, CV score = -9.631611

PC 112: alpha = 8.28643e+07, CV score = -9.292013

PC 113: alpha = 8.28643e+07, CV score = -9.468175

PC 114: alpha = 8.28643e+07, CV score = -9.203777

PC 115: alpha = 8.28643e+07, CV score = -8.969888

PC 116: alpha = 1.75751e+08, CV score = -9.173197

PC 117: alpha = 8.28643e+07, CV score = -8.908394

PC 118: alpha = 8.28643e+07, CV score = -8.795345

PC 119: alpha = 8.28643e+07, CV score = -8.705562

PC 120: alpha = 8.28643e+07, CV score = -8.507078

PC 121: alpha = 1.75751e+08, CV score = -8.802554

PC 122: alpha = 8.28643e+07, CV score = -8.478294

PC 123: alpha = 8.28643e+07, CV score = -8.266967

PC 124: alpha = 1.75751e+08, CV score = -8.407664

PC 125: alpha = 8.28643e+07, CV score = -8.326204

PC 126: alpha = 8.28643e+07, CV score = -8.022532

PC 127: alpha = 8.28643e+07, CV score = -8.066370

PC 128: alpha = 8.28643e+07, CV score = -8.156734

PC 129: alpha = 8.28643e+07, CV score = -7.951808

PC 130: alpha = 8.28643e+07, CV score = -7.824061

PC 131: alpha = 8.28643e+07, CV score = -7.707353

PC 132: alpha = 1.75751e+08, CV score = -7.910949

PC 133: alpha = 8.28643e+07, CV score = -7.703284

PC 134: alpha = 1.75751e+08, CV score = -7.770454

PC 135: alpha = 1.75751e+08, CV score = -7.598146

PC 136: alpha = 8.28643e+07, CV score = -7.399535

PC 137: alpha = 1.75751e+08, CV score = -7.466816

PC 138: alpha = 1.75751e+08, CV score = -7.357214

PC 139: alpha = 8.28643e+07, CV score = -7.306952

PC 140: alpha = 8.28643e+07, CV score = -7.110090

PC 141: alpha = 8.28643e+07, CV score = -7.159645

PC 142: alpha = 1.75751e+08, CV score = -7.169569

PC 143: alpha = 8.28643e+07, CV score = -7.031453

PC 144: alpha = 8.28643e+07, CV score = -7.065505

PC 145: alpha = 1.75751e+08, CV score = -6.988686

PC 146: alpha = 1.75751e+08, CV score = -6.890220

PC 147: alpha = 1.75751e+08, CV score = -6.972406

PC 148: alpha = 1.75751e+08, CV score = -6.865569

PC 149: alpha = 1.75751e+08, CV score = -6.783371

PC 150: alpha = 8.28643e+07, CV score = -6.609927

PC 151: alpha = 8.28643e+07, CV score = -6.487082

PC 152: alpha = 8.28643e+07, CV score = -6.562589

PC 153: alpha = 1.75751e+08, CV score = -6.570431

PC 154: alpha = 8.28643e+07, CV score = -6.470638

PC 155: alpha = 1.75751e+08, CV score = -6.467937

PC 156: alpha = 1.75751e+08, CV score = -6.428176

PC 157: alpha = 1.75751e+08, CV score = -6.383287

PC 158: alpha = 1.75751e+08, CV score = -6.303045

PC 159: alpha = 8.28643e+07, CV score = -6.212251

PC 160: alpha = 8.28643e+07, CV score = -6.197900

PC 161: alpha = 1.75751e+08, CV score = -6.209991

PC 162: alpha = 8.28643e+07, CV score = -6.055708

PC 163: alpha = 8.28643e+07, CV score = -6.073815

PC 164: alpha = 8.28643e+07, CV score = -5.829693

PC 165: alpha = 8.28643e+07, CV score = -5.947698

PC 166: alpha = 8.28643e+07, CV score = -5.904676

PC 167: alpha = 8.28643e+07, CV score = -5.855981

PC 168: alpha = 1.75751e+08, CV score = -5.841598

PC 169: alpha = 8.28643e+07, CV score = -5.743022

PC 170: alpha = 8.28643e+07, CV score = -5.749031

PC 171: alpha = 1.75751e+08, CV score = -5.731081

PC 172: alpha = 8.28643e+07, CV score = -5.687307

PC 173: alpha = 8.28643e+07, CV score = -5.570285

PC 174: alpha = 1.75751e+08, CV score = -5.651618

PC 175: alpha = 8.28643e+07, CV score = -5.558445

PC 176: alpha = 8.28643e+07, CV score = -5.395541

PC 177: alpha = 3.72759e+08, CV score = -5.528994

PC 178: alpha = 1.75751e+08, CV score = -5.465055

PC 179: alpha = 8.28643e+07, CV score = -5.409052

PC 180: alpha = 8.28643e+07, CV score = -5.277888

PC 181: alpha = 1.75751e+08, CV score = -5.389633

PC 182: alpha = 1.75751e+08, CV score = -5.368343

PC 183: alpha = 1.75751e+08, CV score = -5.291500

PC 184: alpha = 1.75751e+08, CV score = -5.277571

PC 185: alpha = 1.75751e+08, CV score = -5.229784

PC 186: alpha = 8.28643e+07, CV score = -5.204077

PC 187: alpha = 1.75751e+08, CV score = -5.147401

PC 188: alpha = 1.75751e+08, CV score = -5.113521

PC 189: alpha = 1.75751e+08, CV score = -5.064312

PC 190: alpha = 8.28643e+07, CV score = -4.993699

PC 191: alpha = 1.75751e+08, CV score = -4.977471

PC 192: alpha = 1.75751e+08, CV score = -4.983119

PC 193: alpha = 1.75751e+08, CV score = -4.973912

PC 194: alpha = 1.75751e+08, CV score = -4.955865

PC 195: alpha = 8.28643e+07, CV score = -4.853446

PC 196: alpha = 1.75751e+08, CV score = -4.899966

PC 197: alpha = 1.75751e+08, CV score = -4.812099

PC 198: alpha = 1.75751e+08, CV score = -4.832577

PC 199: alpha = 8.28643e+07, CV score = -4.776135

PC 200: alpha = 1.75751e+08, CV score = -4.721049

Mean cross-validation score across PCs: -33.916603

======================================================================================

Chosen model: hardcorenas_f_classification
Number of images: 73000
Image shape: (425, 425, 3), dtype: uint8
nsdID shape: (73000,), Shared1000 shape: (73000,)
Neural data shape: (10000, 8088)
Image IDs shape: (10000,)
Number of voxels: 8088
Number of projections for SRP: 7894

Loaded target with shape (10000, 8088).
Transformed data shape: (9000, 200)
Model options for hardcorenas_f_classification: {'model_name': 'hardcorenas_f', 'train_type': 'classification', 'train_data': 'imagenet', 'model_source': 'timm', 'call': "get_timm_model('hardcorenas_f', pretrained = True)"}
Image transforms for hardcorenas_f_classification: Compose(
    Resize(size=(224, 224), interpolation=bicubic, max_size=None, antialias=True)
    MaybeToTensor()
    Normalize(mean=tensor([0.4850, 0.4560, 0.4060]), std=tensor([0.2290, 0.2240, 0.2250]))
)
Loaded model: hardcorenas_f_classification
Ordered layers from model: ['Conv2d-1', 'Identity-1', 'Hardswish-1', 'BatchNormAct2d-1', 'Conv2d-2', 'Identity-2', 'ReLU-1', 'BatchNormAct2d-2', 'Identity-3', 'Identity-4', 'Conv2d-3', 'Identity-5', 'Identity-6', 'BatchNormAct2d-3', 'DepthwiseSeparableConv-1', 'Conv2d-4', 'Identity-7', 'ReLU-2', 'BatchNormAct2d-4', 'Conv2d-5', 'Identity-8', 'ReLU-3', 'BatchNormAct2d-5', 'Identity-9', 'Conv2d-6', 'ReLU-4', 'Conv2d-7', 'Hardsigmoid-1', 'SqueezeExcite-1', 'Conv2d-8', 'Identity-10', 'Identity-11', 'BatchNormAct2d-6', 'InvertedResidual-1', 'Conv2d-9', 'Identity-12', 'ReLU-5', 'BatchNormAct2d-7', 'Conv2d-10', 'Identity-13', 'ReLU-6', 'BatchNormAct2d-8', 'Identity-14', 'Conv2d-11', 'ReLU-7', 'Conv2d-12', 'Hardsigmoid-2', 'SqueezeExcite-2', 'Conv2d-13', 'Identity-15', 'Identity-16', 'BatchNormAct2d-9', 'Identity-17', 'InvertedResidual-2', 'Conv2d-14', 'Identity-18', 'ReLU-8', 'BatchNormAct2d-10', 'Conv2d-15', 'Identity-19', 'ReLU-9', 'BatchNormAct2d-11', 'Identity-20', 'Conv2d-16', 'ReLU-10', 'Conv2d-17', 'Hardsigmoid-3', 'SqueezeExcite-3', 'Conv2d-18', 'Identity-21', 'Identity-22', 'BatchNormAct2d-12', 'InvertedResidual-3', 'Conv2d-19', 'Identity-23', 'ReLU-11', 'BatchNormAct2d-13', 'Conv2d-20', 'Identity-24', 'ReLU-12', 'BatchNormAct2d-14', 'Identity-25', 'Conv2d-21', 'ReLU-13', 'Conv2d-22', 'Hardsigmoid-4', 'SqueezeExcite-4', 'Conv2d-23', 'Identity-26', 'Identity-27', 'BatchNormAct2d-15', 'Identity-28', 'InvertedResidual-4', 'Conv2d-24', 'Identity-29', 'Hardswish-2', 'BatchNormAct2d-16', 'Conv2d-25', 'Identity-30', 'Hardswish-3', 'BatchNormAct2d-17', 'Identity-31', 'Conv2d-26', 'ReLU-14', 'Conv2d-27', 'Hardsigmoid-5', 'SqueezeExcite-5', 'Conv2d-28', 'Identity-32', 'Identity-33', 'BatchNormAct2d-18', 'InvertedResidual-5', 'Conv2d-29', 'Identity-34', 'Hardswish-4', 'BatchNormAct2d-19', 'Conv2d-30', 'Identity-35', 'Hardswish-5', 'BatchNormAct2d-20', 'Identity-36', 'Conv2d-31', 'ReLU-15', 'Conv2d-32', 'Hardsigmoid-6', 'SqueezeExcite-6', 'Conv2d-33', 'Identity-37', 'Identity-38', 'BatchNormAct2d-21', 'Identity-39', 'InvertedResidual-6', 'Conv2d-34', 'Identity-40', 'Hardswish-6', 'BatchNormAct2d-22', 'Conv2d-35', 'Identity-41', 'Hardswish-7', 'BatchNormAct2d-23', 'Identity-42', 'Conv2d-36', 'ReLU-16', 'Conv2d-37', 'Hardsigmoid-7', 'SqueezeExcite-7', 'Conv2d-38', 'Identity-43', 'Identity-44', 'BatchNormAct2d-24', 'Identity-45', 'InvertedResidual-7', 'Conv2d-39', 'Identity-46', 'Hardswish-8', 'BatchNormAct2d-25', 'Conv2d-40', 'Identity-47', 'Hardswish-9', 'BatchNormAct2d-26', 'Identity-48', 'Conv2d-41', 'ReLU-17', 'Conv2d-42', 'Hardsigmoid-8', 'SqueezeExcite-8', 'Conv2d-43', 'Identity-49', 'Identity-50', 'BatchNormAct2d-27', 'Identity-51', 'InvertedResidual-8', 'Conv2d-44', 'Identity-52', 'Hardswish-10', 'BatchNormAct2d-28', 'Conv2d-45', 'Identity-53', 'Hardswish-11', 'BatchNormAct2d-29', 'Identity-54', 'Conv2d-46', 'ReLU-18', 'Conv2d-47', 'Hardsigmoid-9', 'SqueezeExcite-9', 'Conv2d-48', 'Identity-55', 'Identity-56', 'BatchNormAct2d-30', 'InvertedResidual-9', 'Conv2d-49', 'Identity-57', 'Hardswish-12', 'BatchNormAct2d-31', 'Conv2d-50', 'Identity-58', 'Hardswish-13', 'BatchNormAct2d-32', 'Identity-59', 'Conv2d-51', 'ReLU-19', 'Conv2d-52', 'Hardsigmoid-10', 'SqueezeExcite-10', 'Conv2d-53', 'Identity-60', 'Identity-61', 'BatchNormAct2d-33', 'Identity-62', 'InvertedResidual-10', 'Conv2d-54', 'Identity-63', 'Hardswish-14', 'BatchNormAct2d-34', 'Conv2d-55', 'Identity-64', 'Hardswish-15', 'BatchNormAct2d-35', 'Identity-65', 'Conv2d-56', 'ReLU-20', 'Conv2d-57', 'Hardsigmoid-11', 'SqueezeExcite-11', 'Conv2d-58', 'Identity-66', 'Identity-67', 'BatchNormAct2d-36', 'Identity-68', 'InvertedResidual-11', 'Conv2d-59', 'Identity-69', 'Hardswish-16', 'BatchNormAct2d-37', 'Conv2d-60', 'Identity-70', 'Hardswish-17', 'BatchNormAct2d-38', 'Identity-71', 'Conv2d-61', 'ReLU-21', 'Conv2d-62', 'Hardsigmoid-12', 'SqueezeExcite-12', 'Conv2d-63', 'Identity-72', 'Identity-73', 'BatchNormAct2d-39', 'Identity-74', 'InvertedResidual-12', 'Conv2d-64', 'Identity-75', 'Hardswish-18', 'BatchNormAct2d-40', 'Conv2d-65', 'Identity-76', 'Hardswish-19', 'BatchNormAct2d-41', 'Identity-77', 'Conv2d-66', 'ReLU-22', 'Conv2d-67', 'Hardsigmoid-13', 'SqueezeExcite-13', 'Conv2d-68', 'Identity-78', 'Identity-79', 'BatchNormAct2d-42', 'InvertedResidual-13', 'Conv2d-69', 'Identity-80', 'Hardswish-20', 'BatchNormAct2d-43', 'Conv2d-70', 'Identity-81', 'Hardswish-21', 'BatchNormAct2d-44', 'Identity-82', 'Conv2d-71', 'ReLU-23', 'Conv2d-72', 'Hardsigmoid-14', 'SqueezeExcite-14', 'Conv2d-73', 'Identity-83', 'Identity-84', 'BatchNormAct2d-45', 'Identity-85', 'InvertedResidual-14', 'Conv2d-74', 'Identity-86', 'Hardswish-22', 'BatchNormAct2d-46', 'Conv2d-75', 'Identity-87', 'Hardswish-23', 'BatchNormAct2d-47', 'Identity-88', 'Conv2d-76', 'ReLU-24', 'Conv2d-77', 'Hardsigmoid-15', 'SqueezeExcite-15', 'Conv2d-78', 'Identity-89', 'Identity-90', 'BatchNormAct2d-48', 'Identity-91', 'InvertedResidual-15', 'Conv2d-79', 'Identity-92', 'Hardswish-24', 'BatchNormAct2d-49', 'Conv2d-80', 'Identity-93', 'Hardswish-25', 'BatchNormAct2d-50', 'Identity-94', 'Conv2d-81', 'ReLU-25', 'Conv2d-82', 'Hardsigmoid-16', 'SqueezeExcite-16', 'Conv2d-83', 'Identity-95', 'Identity-96', 'BatchNormAct2d-51', 'Identity-97', 'InvertedResidual-16', 'Conv2d-84', 'Identity-98', 'Hardswish-26', 'BatchNormAct2d-52', 'Identity-99', 'ConvBnAct-1', 'AdaptiveAvgPool2d-1', 'Identity-100', 'SelectAdaptivePool2d-1', 'Conv2d-85', 'Identity-101', 'Hardswish-27', 'Flatten-1', 'Linear-1', 'MobileNetV3-1']
Total number of layers: 345

==================================================
Processing layer: Conv2d-75 from model: hardcorenas_f_classification

For model hardcorenas_f_classification Layer Conv2d-75: Extracting features for 9000 images in batches of 28...
Feature extraction for model hardcorenas_f_classification layer Conv2d-75 completed in 276.91 seconds.
Finding best ridge alphas for 200 target PCs using 56448 features and 9000 samples.
Using alphas: 10^4 to 10^20, 50 values spaced logarithmically.
[Pipeline] ........... (step 1 of 1) Processing ridgecv, total= 4.8min

Selected alpha and cross-validation score for each PC:
Finished finding best ridge alphas for each target PC.✅

PC   1: alpha = 10000, CV score = -1547.409497

PC   2: alpha = 10000, CV score = -558.657844

PC   3: alpha = 10000, CV score = -384.000922

PC   4: alpha = 10000, CV score = -225.595218

PC   5: alpha = 10000, CV score = -182.565550

PC   6: alpha = 10000, CV score = -166.387012

PC   7: alpha = 10000, CV score = -145.391757

PC   8: alpha = 10000, CV score = -148.468839

PC   9: alpha = 10000, CV score = -107.147949

PC  10: alpha = 10000, CV score = -90.290136

PC  11: alpha = 10000, CV score = -86.621521

PC  12: alpha = 10000, CV score = -61.129413

PC  13: alpha = 10000, CV score = -93.818657

PC  14: alpha = 10000, CV score = -78.615404

PC  15: alpha = 10000, CV score = -68.638430

PC  16: alpha = 10000, CV score = -74.388904

PC  17: alpha = 10000, CV score = -68.573022

PC  18: alpha = 10000, CV score = -73.123742

PC  19: alpha = 10000, CV score = -62.412048

PC  20: alpha = 10000, CV score = -64.259838

PC  21: alpha = 10000, CV score = -57.490290

PC  22: alpha = 10000, CV score = -57.737023

PC  23: alpha = 10000, CV score = -54.702810

PC  24: alpha = 10000, CV score = -54.535300

PC  25: alpha = 10000, CV score = -51.936130

PC  26: alpha = 10000, CV score = -51.954612

PC  27: alpha = 10000, CV score = -47.421388

PC  28: alpha = 10000, CV score = -47.642663

PC  29: alpha = 10000, CV score = -46.015261

PC  30: alpha = 10000, CV score = -41.046796

PC  31: alpha = 10000, CV score = -40.437656

PC  32: alpha = 10000, CV score = -38.433270

PC  33: alpha = 10000, CV score = -38.052015

PC  34: alpha = 10000, CV score = -38.606284

PC  35: alpha = 10000, CV score = -35.179161

PC  36: alpha = 10000, CV score = -34.517020

PC  37: alpha = 10000, CV score = -35.022840

PC  38: alpha = 10000, CV score = -31.542079

PC  39: alpha = 10000, CV score = -33.187833

PC  40: alpha = 10000, CV score = -30.702155

PC  41: alpha = 10000, CV score = -30.314529

PC  42: alpha = 10000, CV score = -28.689042

PC  43: alpha = 10000, CV score = -28.575993

PC  44: alpha = 10000, CV score = -28.773007

PC  45: alpha = 10000, CV score = -26.286667

PC  46: alpha = 21209.5, CV score = -28.046853

PC  47: alpha = 10000, CV score = -25.577900

PC  48: alpha = 10000, CV score = -23.134558

PC  49: alpha = 10000, CV score = -24.468610

PC  50: alpha = 10000, CV score = -24.002009

PC  51: alpha = 10000, CV score = -21.875220

PC  52: alpha = 10000, CV score = -23.430481

PC  53: alpha = 10000, CV score = -22.292992

PC  54: alpha = 10000, CV score = -22.414406

PC  55: alpha = 10000, CV score = -21.636781

PC  56: alpha = 10000, CV score = -20.552110

PC  57: alpha = 10000, CV score = -20.580412

PC  58: alpha = 10000, CV score = -19.891206

PC  59: alpha = 21209.5, CV score = -20.392105

PC  60: alpha = 10000, CV score = -19.594867

PC  61: alpha = 10000, CV score = -19.042715

PC  62: alpha = 10000, CV score = -18.132798

PC  63: alpha = 10000, CV score = -18.224534

PC  64: alpha = 10000, CV score = -17.937947

PC  65: alpha = 10000, CV score = -15.348902

PC  66: alpha = 10000, CV score = -17.385714

PC  67: alpha = 10000, CV score = -17.515204

PC  68: alpha = 21209.5, CV score = -17.480316

PC  69: alpha = 10000, CV score = -16.786785

PC  70: alpha = 10000, CV score = -16.187446

PC  71: alpha = 10000, CV score = -15.938698

PC  72: alpha = 10000, CV score = -15.556838

PC  73: alpha = 10000, CV score = -15.391417

PC  74: alpha = 10000, CV score = -15.207486

PC  75: alpha = 10000, CV score = -15.096536

PC  76: alpha = 10000, CV score = -14.376217

PC  77: alpha = 10000, CV score = -14.028232

PC  78: alpha = 10000, CV score = -14.430191

PC  79: alpha = 10000, CV score = -14.007282

PC  80: alpha = 10000, CV score = -13.826032

PC  81: alpha = 10000, CV score = -14.005777

PC  82: alpha = 10000, CV score = -13.459369

PC  83: alpha = 10000, CV score = -13.229818

PC  84: alpha = 10000, CV score = -12.892293

PC  85: alpha = 10000, CV score = -12.489931

PC  86: alpha = 10000, CV score = -12.795916

PC  87: alpha = 10000, CV score = -12.619783

PC  88: alpha = 10000, CV score = -12.140401

PC  89: alpha = 10000, CV score = -12.228337

PC  90: alpha = 10000, CV score = -12.079663

PC  91: alpha = 10000, CV score = -12.080519

PC  92: alpha = 10000, CV score = -11.406463

PC  93: alpha = 21209.5, CV score = -11.884496

PC  94: alpha = 10000, CV score = -11.421275

PC  95: alpha = 10000, CV score = -11.371917

PC  96: alpha = 10000, CV score = -11.257023

PC  97: alpha = 10000, CV score = -11.056689

PC  98: alpha = 10000, CV score = -11.089798

PC  99: alpha = 21209.5, CV score = -11.015533

PC 100: alpha = 10000, CV score = -10.668820

PC 101: alpha = 10000, CV score = -10.460814

PC 102: alpha = 10000, CV score = -9.871776

PC 103: alpha = 10000, CV score = -10.107970

PC 104: alpha = 10000, CV score = -9.825260

PC 105: alpha = 10000, CV score = -10.111533

PC 106: alpha = 10000, CV score = -9.686626

PC 107: alpha = 10000, CV score = -9.874001

PC 108: alpha = 10000, CV score = -9.637023

PC 109: alpha = 10000, CV score = -9.654489

PC 110: alpha = 21209.5, CV score = -9.728530

PC 111: alpha = 21209.5, CV score = -9.688913

PC 112: alpha = 10000, CV score = -9.248418

PC 113: alpha = 10000, CV score = -9.487818

PC 114: alpha = 10000, CV score = -9.183368

PC 115: alpha = 10000, CV score = -8.898788

PC 116: alpha = 21209.5, CV score = -9.151637

PC 117: alpha = 10000, CV score = -8.892265

PC 118: alpha = 10000, CV score = -8.836598

PC 119: alpha = 10000, CV score = -8.712263

PC 120: alpha = 10000, CV score = -8.497572

PC 121: alpha = 21209.5, CV score = -8.834796

PC 122: alpha = 10000, CV score = -8.398506

PC 123: alpha = 10000, CV score = -8.262446

PC 124: alpha = 10000, CV score = -8.419848

PC 125: alpha = 10000, CV score = -8.324959

PC 126: alpha = 10000, CV score = -8.007628

PC 127: alpha = 10000, CV score = -8.021454

PC 128: alpha = 10000, CV score = -8.144349

PC 129: alpha = 10000, CV score = -7.914740

PC 130: alpha = 10000, CV score = -7.773343

PC 131: alpha = 10000, CV score = -7.763512

PC 132: alpha = 21209.5, CV score = -7.945530

PC 133: alpha = 10000, CV score = -7.694982

PC 134: alpha = 21209.5, CV score = -7.766878

PC 135: alpha = 21209.5, CV score = -7.625172

PC 136: alpha = 10000, CV score = -7.357619

PC 137: alpha = 21209.5, CV score = -7.462446

PC 138: alpha = 21209.5, CV score = -7.387099

PC 139: alpha = 10000, CV score = -7.246323

PC 140: alpha = 10000, CV score = -7.107290

PC 141: alpha = 10000, CV score = -7.147524

PC 142: alpha = 10000, CV score = -7.192107

PC 143: alpha = 21209.5, CV score = -7.088251

PC 144: alpha = 21209.5, CV score = -7.075745

PC 145: alpha = 10000, CV score = -6.984733

PC 146: alpha = 10000, CV score = -6.868827

PC 147: alpha = 21209.5, CV score = -6.991987

PC 148: alpha = 10000, CV score = -6.886279

PC 149: alpha = 10000, CV score = -6.745573

PC 150: alpha = 10000, CV score = -6.619010

PC 151: alpha = 10000, CV score = -6.469294

PC 152: alpha = 10000, CV score = -6.563676

PC 153: alpha = 21209.5, CV score = -6.577936

PC 154: alpha = 10000, CV score = -6.491867

PC 155: alpha = 21209.5, CV score = -6.476719

PC 156: alpha = 10000, CV score = -6.432440

PC 157: alpha = 21209.5, CV score = -6.388400

PC 158: alpha = 10000, CV score = -6.299505

PC 159: alpha = 10000, CV score = -6.207587

PC 160: alpha = 10000, CV score = -6.168792

PC 161: alpha = 21209.5, CV score = -6.216980

PC 162: alpha = 10000, CV score = -6.044678

PC 163: alpha = 10000, CV score = -6.066608

PC 164: alpha = 10000, CV score = -5.836402

PC 165: alpha = 10000, CV score = -5.955153

PC 166: alpha = 10000, CV score = -5.856589

PC 167: alpha = 10000, CV score = -5.844533

PC 168: alpha = 21209.5, CV score = -5.864819

PC 169: alpha = 10000, CV score = -5.750565

PC 170: alpha = 10000, CV score = -5.738051

PC 171: alpha = 10000, CV score = -5.741482

PC 172: alpha = 10000, CV score = -5.699909

PC 173: alpha = 10000, CV score = -5.535881

PC 174: alpha = 21209.5, CV score = -5.642506

PC 175: alpha = 10000, CV score = -5.563348

PC 176: alpha = 10000, CV score = -5.445762

PC 177: alpha = 21209.5, CV score = -5.515438

PC 178: alpha = 21209.5, CV score = -5.486683

PC 179: alpha = 10000, CV score = -5.419614

PC 180: alpha = 10000, CV score = -5.266154

PC 181: alpha = 21209.5, CV score = -5.390389

PC 182: alpha = 21209.5, CV score = -5.391372

PC 183: alpha = 10000, CV score = -5.253020

PC 184: alpha = 10000, CV score = -5.262907

PC 185: alpha = 10000, CV score = -5.243746

PC 186: alpha = 10000, CV score = -5.174868

PC 187: alpha = 21209.5, CV score = -5.154840

PC 188: alpha = 10000, CV score = -5.093249

PC 189: alpha = 21209.5, CV score = -5.063235

PC 190: alpha = 21209.5, CV score = -5.022255

PC 191: alpha = 10000, CV score = -4.974181

PC 192: alpha = 21209.5, CV score = -4.973980

PC 193: alpha = 21209.5, CV score = -4.989891

PC 194: alpha = 21209.5, CV score = -4.962127

PC 195: alpha = 10000, CV score = -4.866741

PC 196: alpha = 10000, CV score = -4.892445

PC 197: alpha = 10000, CV score = -4.807635

PC 198: alpha = 10000, CV score = -4.806367

PC 199: alpha = 10000, CV score = -4.761994

PC 200: alpha = 10000, CV score = -4.722783

Mean cross-validation score across PCs: -34.466366

======================================================================================

Chosen model: eca_nfnet_l0_classification
Number of images: 73000
Image shape: (425, 425, 3), dtype: uint8
nsdID shape: (73000,), Shared1000 shape: (73000,)
Neural data shape: (10000, 8088)
Image IDs shape: (10000,)
Number of voxels: 8088
Number of projections for SRP: 7894

Loaded target with shape (10000, 8088).
Transformed data shape: (9000, 200)
Model options for eca_nfnet_l0_classification: {'model_name': 'eca_nfnet_l0', 'train_type': 'classification', 'train_data': 'imagenet', 'model_source': 'timm', 'call': "get_timm_model('eca_nfnet_l0', pretrained = True)"}
Image transforms for eca_nfnet_l0_classification: Compose(
    Resize(size=(224, 224), interpolation=bicubic, max_size=None, antialias=True)
    MaybeToTensor()
    Normalize(mean=tensor([0.4850, 0.4560, 0.4060]), std=tensor([0.2290, 0.2240, 0.2250]))
)
Loaded model: eca_nfnet_l0_classification
Ordered layers from model: ['ScaledStdConv2d-1', 'SiLU-1', 'ScaledStdConv2d-2', 'SiLU-2', 'ScaledStdConv2d-3', 'SiLU-3', 'ScaledStdConv2d-4', 'SiLU-4', 'Identity-1', 'ScaledStdConv2d-5', 'DownsampleAvg-1', 'ScaledStdConv2d-6', 'SiLU-5', 'ScaledStdConv2d-7', 'SiLU-6', 'ScaledStdConv2d-8', 'SiLU-7', 'ScaledStdConv2d-9', 'Conv1d-1', 'Sigmoid-1', 'EcaModule-1', 'Identity-2', 'NormFreeBlock-1', 'SiLU-8', 'AvgPool2d-1', 'ScaledStdConv2d-10', 'DownsampleAvg-2', 'ScaledStdConv2d-11', 'SiLU-9', 'ScaledStdConv2d-12', 'SiLU-10', 'ScaledStdConv2d-13', 'SiLU-11', 'ScaledStdConv2d-14', 'Conv1d-2', 'Sigmoid-2', 'EcaModule-2', 'Identity-3', 'NormFreeBlock-2', 'SiLU-12', 'ScaledStdConv2d-15', 'SiLU-13', 'ScaledStdConv2d-16', 'SiLU-14', 'ScaledStdConv2d-17', 'SiLU-15', 'ScaledStdConv2d-18', 'Conv1d-3', 'Sigmoid-3', 'EcaModule-3', 'Identity-4', 'NormFreeBlock-3', 'SiLU-16', 'AvgPool2d-2', 'ScaledStdConv2d-19', 'DownsampleAvg-3', 'ScaledStdConv2d-20', 'SiLU-17', 'ScaledStdConv2d-21', 'SiLU-18', 'ScaledStdConv2d-22', 'SiLU-19', 'ScaledStdConv2d-23', 'Conv1d-4', 'Sigmoid-4', 'EcaModule-4', 'Identity-5', 'NormFreeBlock-4', 'SiLU-20', 'ScaledStdConv2d-24', 'SiLU-21', 'ScaledStdConv2d-25', 'SiLU-22', 'ScaledStdConv2d-26', 'SiLU-23', 'ScaledStdConv2d-27', 'Conv1d-5', 'Sigmoid-5', 'EcaModule-5', 'Identity-6', 'NormFreeBlock-5', 'SiLU-24', 'ScaledStdConv2d-28', 'SiLU-25', 'ScaledStdConv2d-29', 'SiLU-26', 'ScaledStdConv2d-30', 'SiLU-27', 'ScaledStdConv2d-31', 'Conv1d-6', 'Sigmoid-6', 'EcaModule-6', 'Identity-7', 'NormFreeBlock-6', 'SiLU-28', 'ScaledStdConv2d-32', 'SiLU-29', 'ScaledStdConv2d-33', 'SiLU-30', 'ScaledStdConv2d-34', 'SiLU-31', 'ScaledStdConv2d-35', 'Conv1d-7', 'Sigmoid-7', 'EcaModule-7', 'Identity-8', 'NormFreeBlock-7', 'SiLU-32', 'ScaledStdConv2d-36', 'SiLU-33', 'ScaledStdConv2d-37', 'SiLU-34', 'ScaledStdConv2d-38', 'SiLU-35', 'ScaledStdConv2d-39', 'Conv1d-8', 'Sigmoid-8', 'EcaModule-8', 'Identity-9', 'NormFreeBlock-8', 'SiLU-36', 'ScaledStdConv2d-40', 'SiLU-37', 'ScaledStdConv2d-41', 'SiLU-38', 'ScaledStdConv2d-42', 'SiLU-39', 'ScaledStdConv2d-43', 'Conv1d-9', 'Sigmoid-9', 'EcaModule-9', 'Identity-10', 'NormFreeBlock-9', 'SiLU-40', 'AvgPool2d-3', 'ScaledStdConv2d-44', 'DownsampleAvg-4', 'ScaledStdConv2d-45', 'SiLU-41', 'ScaledStdConv2d-46', 'SiLU-42', 'ScaledStdConv2d-47', 'SiLU-43', 'ScaledStdConv2d-48', 'Conv1d-10', 'Sigmoid-10', 'EcaModule-10', 'Identity-11', 'NormFreeBlock-10', 'SiLU-44', 'ScaledStdConv2d-49', 'SiLU-45', 'ScaledStdConv2d-50', 'SiLU-46', 'ScaledStdConv2d-51', 'SiLU-47', 'ScaledStdConv2d-52', 'Conv1d-11', 'Sigmoid-11', 'EcaModule-11', 'Identity-12', 'NormFreeBlock-11', 'SiLU-48', 'ScaledStdConv2d-53', 'SiLU-49', 'ScaledStdConv2d-54', 'SiLU-50', 'ScaledStdConv2d-55', 'SiLU-51', 'ScaledStdConv2d-56', 'Conv1d-12', 'Sigmoid-12', 'EcaModule-12', 'Identity-13', 'NormFreeBlock-12', 'ScaledStdConv2d-57', 'SiLU-52', 'AdaptiveAvgPool2d-1', 'Flatten-1', 'SelectAdaptivePool2d-1', 'Dropout-1', 'Linear-1', 'Identity-14', 'ClassifierHead-1', 'NormFreeNet-1']
Total number of layers: 185

==================================================
Processing layer: AvgPool2d-3 from model: eca_nfnet_l0_classification

For model eca_nfnet_l0_classification Layer AvgPool2d-3: Extracting features for 9000 images in batches of 28...
Feature extraction for model eca_nfnet_l0_classification layer AvgPool2d-3 completed in 847.33 seconds.
Finding best ridge alphas for 200 target PCs using 75264 features and 9000 samples.
Using alphas: 10^4 to 10^20, 50 values spaced logarithmically.
[Pipeline] ........... (step 1 of 1) Processing ridgecv, total= 6.3min

Selected alpha and cross-validation score for each PC:
Finished finding best ridge alphas for each target PC.✅

PC   1: alpha = 202359, CV score = -1539.150975

PC   2: alpha = 95409.5, CV score = -499.531121

PC   3: alpha = 95409.5, CV score = -338.413709

PC   4: alpha = 95409.5, CV score = -199.920088

PC   5: alpha = 95409.5, CV score = -171.019274

PC   6: alpha = 95409.5, CV score = -161.344872

PC   7: alpha = 202359, CV score = -141.684358

PC   8: alpha = 429193, CV score = -148.170531

PC   9: alpha = 95409.5, CV score = -103.331542

PC  10: alpha = 95409.5, CV score = -86.358158

PC  11: alpha = 95409.5, CV score = -84.768761

PC  12: alpha = 95409.5, CV score = -56.711994

PC  13: alpha = 202359, CV score = -92.879535

PC  14: alpha = 202359, CV score = -77.187117

PC  15: alpha = 95409.5, CV score = -66.739948

PC  16: alpha = 202359, CV score = -73.108357

PC  17: alpha = 202359, CV score = -67.572800

PC  18: alpha = 429193, CV score = -72.729679

PC  19: alpha = 202359, CV score = -60.738056

PC  20: alpha = 202359, CV score = -63.903405

PC  21: alpha = 202359, CV score = -57.049226

PC  22: alpha = 202359, CV score = -56.877960

PC  23: alpha = 202359, CV score = -53.872080

PC  24: alpha = 202359, CV score = -54.183996

PC  25: alpha = 202359, CV score = -50.553715

PC  26: alpha = 429193, CV score = -51.728556

PC  27: alpha = 202359, CV score = -46.594995

PC  28: alpha = 429193, CV score = -47.613181

PC  29: alpha = 202359, CV score = -45.328315

PC  30: alpha = 202359, CV score = -40.712624

PC  31: alpha = 202359, CV score = -39.532148

PC  32: alpha = 202359, CV score = -37.761077

PC  33: alpha = 202359, CV score = -37.913394

PC  34: alpha = 429193, CV score = -38.462629

PC  35: alpha = 202359, CV score = -34.754495

PC  36: alpha = 202359, CV score = -34.475219

PC  37: alpha = 202359, CV score = -34.824278

PC  38: alpha = 202359, CV score = -31.139394

PC  39: alpha = 202359, CV score = -32.769787

PC  40: alpha = 202359, CV score = -30.423450

PC  41: alpha = 429193, CV score = -30.125516

PC  42: alpha = 202359, CV score = -28.342398

PC  43: alpha = 202359, CV score = -28.574650

PC  44: alpha = 429193, CV score = -28.626100

PC  45: alpha = 202359, CV score = -25.972676

PC  46: alpha = 429193, CV score = -27.928113

PC  47: alpha = 202359, CV score = -25.564383

PC  48: alpha = 95409.5, CV score = -22.470026

PC  49: alpha = 202359, CV score = -24.264571

PC  50: alpha = 202359, CV score = -23.882253

PC  51: alpha = 202359, CV score = -21.913896

PC  52: alpha = 429193, CV score = -23.416043

PC  53: alpha = 202359, CV score = -21.822331

PC  54: alpha = 202359, CV score = -22.310172

PC  55: alpha = 202359, CV score = -21.421190

PC  56: alpha = 202359, CV score = -20.202352

PC  57: alpha = 202359, CV score = -20.193205

PC  58: alpha = 202359, CV score = -19.669832

PC  59: alpha = 429193, CV score = -20.283635

PC  60: alpha = 429193, CV score = -19.523431

PC  61: alpha = 202359, CV score = -18.925309

PC  62: alpha = 202359, CV score = -17.972910

PC  63: alpha = 202359, CV score = -17.934320

PC  64: alpha = 202359, CV score = -17.722880

PC  65: alpha = 202359, CV score = -14.839721

PC  66: alpha = 202359, CV score = -17.256436

PC  67: alpha = 429193, CV score = -17.430903

PC  68: alpha = 429193, CV score = -17.401785

PC  69: alpha = 202359, CV score = -16.739766

PC  70: alpha = 202359, CV score = -16.046358

PC  71: alpha = 202359, CV score = -15.639971

PC  72: alpha = 202359, CV score = -15.531525

PC  73: alpha = 429193, CV score = -15.283988

PC  74: alpha = 202359, CV score = -15.130617

PC  75: alpha = 429193, CV score = -15.031843

PC  76: alpha = 202359, CV score = -14.063173

PC  77: alpha = 202359, CV score = -13.941468

PC  78: alpha = 429193, CV score = -14.281561

PC  79: alpha = 202359, CV score = -13.820555

PC  80: alpha = 202359, CV score = -13.670368

PC  81: alpha = 429193, CV score = -13.941509

PC  82: alpha = 202359, CV score = -13.403453

PC  83: alpha = 202359, CV score = -13.192116

PC  84: alpha = 429193, CV score = -12.893521

PC  85: alpha = 202359, CV score = -12.457318

PC  86: alpha = 429193, CV score = -12.716762

PC  87: alpha = 202359, CV score = -12.485052

PC  88: alpha = 202359, CV score = -11.995156

PC  89: alpha = 202359, CV score = -12.078051

PC  90: alpha = 202359, CV score = -12.040618

PC  91: alpha = 202359, CV score = -11.974274

PC  92: alpha = 202359, CV score = -11.247029

PC  93: alpha = 429193, CV score = -11.785074

PC  94: alpha = 202359, CV score = -11.354430

PC  95: alpha = 202359, CV score = -11.341753

PC  96: alpha = 429193, CV score = -11.234593

PC  97: alpha = 429193, CV score = -11.052333

PC  98: alpha = 429193, CV score = -10.995102

PC  99: alpha = 429193, CV score = -10.984354

PC 100: alpha = 429193, CV score = -10.636352

PC 101: alpha = 202359, CV score = -10.435480

PC 102: alpha = 202359, CV score = -9.761972

PC 103: alpha = 429193, CV score = -10.103890

PC 104: alpha = 202359, CV score = -9.738791

PC 105: alpha = 202359, CV score = -9.950799

PC 106: alpha = 202359, CV score = -9.665080

PC 107: alpha = 429193, CV score = -9.840869

PC 108: alpha = 202359, CV score = -9.618105

PC 109: alpha = 202359, CV score = -9.650544

PC 110: alpha = 429193, CV score = -9.691458

PC 111: alpha = 429193, CV score = -9.659371

PC 112: alpha = 202359, CV score = -9.205506

PC 113: alpha = 429193, CV score = -9.426027

PC 114: alpha = 429193, CV score = -9.175432

PC 115: alpha = 202359, CV score = -8.888359

PC 116: alpha = 429193, CV score = -9.117810

PC 117: alpha = 202359, CV score = -8.860294

PC 118: alpha = 202359, CV score = -8.781378

PC 119: alpha = 202359, CV score = -8.695920

PC 120: alpha = 202359, CV score = -8.461011

PC 121: alpha = 429193, CV score = -8.775955

PC 122: alpha = 429193, CV score = -8.413970

PC 123: alpha = 202359, CV score = -8.247469

PC 124: alpha = 429193, CV score = -8.412134

PC 125: alpha = 429193, CV score = -8.274571

PC 126: alpha = 202359, CV score = -7.957664

PC 127: alpha = 429193, CV score = -8.024151

PC 128: alpha = 429193, CV score = -8.109161

PC 129: alpha = 202359, CV score = -7.897485

PC 130: alpha = 202359, CV score = -7.726648

PC 131: alpha = 202359, CV score = -7.689503

PC 132: alpha = 202359, CV score = -7.876954

PC 133: alpha = 202359, CV score = -7.644384

PC 134: alpha = 429193, CV score = -7.759296

PC 135: alpha = 429193, CV score = -7.605548

PC 136: alpha = 429193, CV score = -7.392477

PC 137: alpha = 429193, CV score = -7.418010

PC 138: alpha = 429193, CV score = -7.366528

PC 139: alpha = 202359, CV score = -7.270517

PC 140: alpha = 202359, CV score = -7.015832

PC 141: alpha = 429193, CV score = -7.129662

PC 142: alpha = 429193, CV score = -7.169803

PC 143: alpha = 429193, CV score = -7.029730

PC 144: alpha = 429193, CV score = -7.019388

PC 145: alpha = 429193, CV score = -6.966335

PC 146: alpha = 429193, CV score = -6.866102

PC 147: alpha = 429193, CV score = -6.968683

PC 148: alpha = 429193, CV score = -6.855575

PC 149: alpha = 429193, CV score = -6.734667

PC 150: alpha = 202359, CV score = -6.580528

PC 151: alpha = 202359, CV score = -6.402430

PC 152: alpha = 429193, CV score = -6.540485

PC 153: alpha = 429193, CV score = -6.564095

PC 154: alpha = 429193, CV score = -6.477393

PC 155: alpha = 429193, CV score = -6.440434

PC 156: alpha = 429193, CV score = -6.415064

PC 157: alpha = 429193, CV score = -6.382580

PC 158: alpha = 429193, CV score = -6.312601

PC 159: alpha = 202359, CV score = -6.164351

PC 160: alpha = 429193, CV score = -6.161630

PC 161: alpha = 429193, CV score = -6.202734

PC 162: alpha = 202359, CV score = -6.010267

PC 163: alpha = 429193, CV score = -6.055766

PC 164: alpha = 202359, CV score = -5.818376

PC 165: alpha = 429193, CV score = -5.931286

PC 166: alpha = 429193, CV score = -5.856167

PC 167: alpha = 429193, CV score = -5.828833

PC 168: alpha = 429193, CV score = -5.829587

PC 169: alpha = 429193, CV score = -5.721361

PC 170: alpha = 429193, CV score = -5.734057

PC 171: alpha = 429193, CV score = -5.722558

PC 172: alpha = 429193, CV score = -5.676578

PC 173: alpha = 202359, CV score = -5.518652

PC 174: alpha = 429193, CV score = -5.638384

PC 175: alpha = 429193, CV score = -5.546035

PC 176: alpha = 202359, CV score = -5.394406

PC 177: alpha = 429193, CV score = -5.501619

PC 178: alpha = 429193, CV score = -5.464911

PC 179: alpha = 429193, CV score = -5.400654

PC 180: alpha = 202359, CV score = -5.264865

PC 181: alpha = 429193, CV score = -5.371390

PC 182: alpha = 429193, CV score = -5.377157

PC 183: alpha = 429193, CV score = -5.257485

PC 184: alpha = 429193, CV score = -5.251882

PC 185: alpha = 429193, CV score = -5.184264

PC 186: alpha = 202359, CV score = -5.160723

PC 187: alpha = 429193, CV score = -5.124404

PC 188: alpha = 429193, CV score = -5.088731

PC 189: alpha = 429193, CV score = -5.047238

PC 190: alpha = 429193, CV score = -4.997878

PC 191: alpha = 429193, CV score = -4.964867

PC 192: alpha = 429193, CV score = -4.956180

PC 193: alpha = 429193, CV score = -4.942874

PC 194: alpha = 429193, CV score = -4.940708

PC 195: alpha = 202359, CV score = -4.832587

PC 196: alpha = 429193, CV score = -4.862959

PC 197: alpha = 429193, CV score = -4.796819

PC 198: alpha = 429193, CV score = -4.810607

PC 199: alpha = 429193, CV score = -4.748341

PC 200: alpha = 429193, CV score = -4.677831

Mean cross-validation score across PCs: -33.450579

======================================================================================

Chosen model: resnet50_classification
Number of images: 73000
Image shape: (425, 425, 3), dtype: uint8
nsdID shape: (73000,), Shared1000 shape: (73000,)
Neural data shape: (10000, 8088)
Image IDs shape: (10000,)
Number of voxels: 8088
Number of projections for SRP: 7894

Loaded target with shape (10000, 8088).
Transformed data shape: (9000, 200)
Model options for resnet50_classification: {'model_name': 'resnet50', 'train_type': 'classification', 'train_data': 'imagenet', 'model_source': 'torchvision', 'call': "get_torchvision_model('models.resnet50', True)"}
Image transforms for resnet50_classification: Compose(
    Resize(size=(224, 224), interpolation=bilinear, max_size=None, antialias=True)
    ToTensor()
    Normalize(mean=[0.485, 0.456, 0.406], std=[0.229, 0.224, 0.225])
)
Loaded model: resnet50_classification
Ordered layers from model: ['Conv2d-1', 'BatchNorm2d-1', 'ReLU-1', 'MaxPool2d-1', 'Conv2d-2', 'BatchNorm2d-2', 'ReLU-2', 'Conv2d-3', 'BatchNorm2d-3', 'ReLU-3', 'Conv2d-4', 'BatchNorm2d-4', 'Conv2d-5', 'BatchNorm2d-5', 'ReLU-4', 'Bottleneck-1', 'Conv2d-6', 'BatchNorm2d-6', 'ReLU-5', 'Conv2d-7', 'BatchNorm2d-7', 'ReLU-6', 'Conv2d-8', 'BatchNorm2d-8', 'ReLU-7', 'Bottleneck-2', 'Conv2d-9', 'BatchNorm2d-9', 'ReLU-8', 'Conv2d-10', 'BatchNorm2d-10', 'ReLU-9', 'Conv2d-11', 'BatchNorm2d-11', 'ReLU-10', 'Bottleneck-3', 'Conv2d-12', 'BatchNorm2d-12', 'ReLU-11', 'Conv2d-13', 'BatchNorm2d-13', 'ReLU-12', 'Conv2d-14', 'BatchNorm2d-14', 'Conv2d-15', 'BatchNorm2d-15', 'ReLU-13', 'Bottleneck-4', 'Conv2d-16', 'BatchNorm2d-16', 'ReLU-14', 'Conv2d-17', 'BatchNorm2d-17', 'ReLU-15', 'Conv2d-18', 'BatchNorm2d-18', 'ReLU-16', 'Bottleneck-5', 'Conv2d-19', 'BatchNorm2d-19', 'ReLU-17', 'Conv2d-20', 'BatchNorm2d-20', 'ReLU-18', 'Conv2d-21', 'BatchNorm2d-21', 'ReLU-19', 'Bottleneck-6', 'Conv2d-22', 'BatchNorm2d-22', 'ReLU-20', 'Conv2d-23', 'BatchNorm2d-23', 'ReLU-21', 'Conv2d-24', 'BatchNorm2d-24', 'ReLU-22', 'Bottleneck-7', 'Conv2d-25', 'BatchNorm2d-25', 'ReLU-23', 'Conv2d-26', 'BatchNorm2d-26', 'ReLU-24', 'Conv2d-27', 'BatchNorm2d-27', 'Conv2d-28', 'BatchNorm2d-28', 'ReLU-25', 'Bottleneck-8', 'Conv2d-29', 'BatchNorm2d-29', 'ReLU-26', 'Conv2d-30', 'BatchNorm2d-30', 'ReLU-27', 'Conv2d-31', 'BatchNorm2d-31', 'ReLU-28', 'Bottleneck-9', 'Conv2d-32', 'BatchNorm2d-32', 'ReLU-29', 'Conv2d-33', 'BatchNorm2d-33', 'ReLU-30', 'Conv2d-34', 'BatchNorm2d-34', 'ReLU-31', 'Bottleneck-10', 'Conv2d-35', 'BatchNorm2d-35', 'ReLU-32', 'Conv2d-36', 'BatchNorm2d-36', 'ReLU-33', 'Conv2d-37', 'BatchNorm2d-37', 'ReLU-34', 'Bottleneck-11', 'Conv2d-38', 'BatchNorm2d-38', 'ReLU-35', 'Conv2d-39', 'BatchNorm2d-39', 'ReLU-36', 'Conv2d-40', 'BatchNorm2d-40', 'ReLU-37', 'Bottleneck-12', 'Conv2d-41', 'BatchNorm2d-41', 'ReLU-38', 'Conv2d-42', 'BatchNorm2d-42', 'ReLU-39', 'Conv2d-43', 'BatchNorm2d-43', 'ReLU-40', 'Bottleneck-13', 'Conv2d-44', 'BatchNorm2d-44', 'ReLU-41', 'Conv2d-45', 'BatchNorm2d-45', 'ReLU-42', 'Conv2d-46', 'BatchNorm2d-46', 'Conv2d-47', 'BatchNorm2d-47', 'ReLU-43', 'Bottleneck-14', 'Conv2d-48', 'BatchNorm2d-48', 'ReLU-44', 'Conv2d-49', 'BatchNorm2d-49', 'ReLU-45', 'Conv2d-50', 'BatchNorm2d-50', 'ReLU-46', 'Bottleneck-15', 'Conv2d-51', 'BatchNorm2d-51', 'ReLU-47', 'Conv2d-52', 'BatchNorm2d-52', 'ReLU-48', 'Conv2d-53', 'BatchNorm2d-53', 'ReLU-49', 'Bottleneck-16', 'AdaptiveAvgPool2d-1', 'Linear-1', 'ResNet-1']
Total number of layers: 175

==================================================
Processing layer: BatchNorm2d-49 from model: resnet50_classification

For model resnet50_classification Layer BatchNorm2d-49: Extracting features for 9000 images in batches of 28...
Feature extraction for model resnet50_classification layer BatchNorm2d-49 completed in 772.76 seconds.
Finding best ridge alphas for 200 target PCs using 25088 features and 9000 samples.
Using alphas: 10^4 to 10^20, 50 values spaced logarithmically.
[Pipeline] ........... (step 1 of 1) Processing ridgecv, total= 3.5min

Selected alpha and cross-validation score for each PC:
Finished finding best ridge alphas for each target PC.✅

PC   1: alpha = 10000, CV score = -1562.403094

PC   2: alpha = 10000, CV score = -561.758707

PC   3: alpha = 10000, CV score = -393.358122

PC   4: alpha = 10000, CV score = -225.360007

PC   5: alpha = 10000, CV score = -182.830096

PC   6: alpha = 10000, CV score = -164.714391

PC   7: alpha = 10000, CV score = -147.909484

PC   8: alpha = 21209.5, CV score = -148.732579

PC   9: alpha = 10000, CV score = -108.552281

PC  10: alpha = 10000, CV score = -90.106248

PC  11: alpha = 10000, CV score = -87.296336

PC  12: alpha = 10000, CV score = -62.035925

PC  13: alpha = 21209.5, CV score = -93.639460

PC  14: alpha = 10000, CV score = -78.948009

PC  15: alpha = 10000, CV score = -68.500726

PC  16: alpha = 10000, CV score = -74.430788

PC  17: alpha = 10000, CV score = -69.684047

PC  18: alpha = 21209.5, CV score = -73.421299

PC  19: alpha = 10000, CV score = -62.744901

PC  20: alpha = 10000, CV score = -64.694523

PC  21: alpha = 10000, CV score = -58.003574

PC  22: alpha = 10000, CV score = -57.634035

PC  23: alpha = 10000, CV score = -54.717827

PC  24: alpha = 10000, CV score = -54.848494

PC  25: alpha = 10000, CV score = -52.094123

PC  26: alpha = 21209.5, CV score = -51.714216

PC  27: alpha = 10000, CV score = -47.326176

PC  28: alpha = 21209.5, CV score = -47.699481

PC  29: alpha = 10000, CV score = -46.148027

PC  30: alpha = 10000, CV score = -41.345069

PC  31: alpha = 10000, CV score = -40.337655

PC  32: alpha = 10000, CV score = -38.433605

PC  33: alpha = 10000, CV score = -38.334290

PC  34: alpha = 10000, CV score = -38.696784

PC  35: alpha = 10000, CV score = -35.346681

PC  36: alpha = 21209.5, CV score = -34.657816

PC  37: alpha = 21209.5, CV score = -35.130466

PC  38: alpha = 10000, CV score = -31.899954

PC  39: alpha = 10000, CV score = -33.237105

PC  40: alpha = 10000, CV score = -30.757302

PC  41: alpha = 21209.5, CV score = -30.584732

PC  42: alpha = 10000, CV score = -28.609853

PC  43: alpha = 10000, CV score = -28.742053

PC  44: alpha = 21209.5, CV score = -28.692297

PC  45: alpha = 10000, CV score = -26.493383

PC  46: alpha = 21209.5, CV score = -27.961032

PC  47: alpha = 10000, CV score = -25.690438

PC  48: alpha = 10000, CV score = -23.553916

PC  49: alpha = 10000, CV score = -24.709182

PC  50: alpha = 10000, CV score = -24.292042

PC  51: alpha = 10000, CV score = -22.220409

PC  52: alpha = 21209.5, CV score = -23.506014

PC  53: alpha = 10000, CV score = -22.359496

PC  54: alpha = 10000, CV score = -22.568422

PC  55: alpha = 21209.5, CV score = -21.606061

PC  56: alpha = 10000, CV score = -20.492245

PC  57: alpha = 10000, CV score = -20.683407

PC  58: alpha = 10000, CV score = -19.985077

PC  59: alpha = 21209.5, CV score = -20.435639

PC  60: alpha = 10000, CV score = -19.582961

PC  61: alpha = 10000, CV score = -19.172800

PC  62: alpha = 10000, CV score = -18.310357

PC  63: alpha = 10000, CV score = -18.228490

PC  64: alpha = 10000, CV score = -18.016950

PC  65: alpha = 10000, CV score = -15.532029

PC  66: alpha = 10000, CV score = -17.419764

PC  67: alpha = 21209.5, CV score = -17.552847

PC  68: alpha = 21209.5, CV score = -17.457680

PC  69: alpha = 10000, CV score = -16.875961

PC  70: alpha = 21209.5, CV score = -16.240677

PC  71: alpha = 10000, CV score = -15.935689

PC  72: alpha = 10000, CV score = -15.603498

PC  73: alpha = 10000, CV score = -15.415494

PC  74: alpha = 21209.5, CV score = -15.412877

PC  75: alpha = 21209.5, CV score = -15.198748

PC  76: alpha = 10000, CV score = -14.332554

PC  77: alpha = 10000, CV score = -14.073744

PC  78: alpha = 21209.5, CV score = -14.392542

PC  79: alpha = 10000, CV score = -14.040971

PC  80: alpha = 21209.5, CV score = -13.903584

PC  81: alpha = 21209.5, CV score = -13.965036

PC  82: alpha = 21209.5, CV score = -13.444440

PC  83: alpha = 21209.5, CV score = -13.351786

PC  84: alpha = 10000, CV score = -12.911718

PC  85: alpha = 10000, CV score = -12.587531

PC  86: alpha = 21209.5, CV score = -12.778235

PC  87: alpha = 21209.5, CV score = -12.644859

PC  88: alpha = 10000, CV score = -12.079932

PC  89: alpha = 21209.5, CV score = -12.273147

PC  90: alpha = 10000, CV score = -12.039999

PC  91: alpha = 21209.5, CV score = -12.128876

PC  92: alpha = 10000, CV score = -11.519130

PC  93: alpha = 21209.5, CV score = -11.832160

PC  94: alpha = 21209.5, CV score = -11.489281

PC  95: alpha = 21209.5, CV score = -11.397358

PC  96: alpha = 21209.5, CV score = -11.251188

PC  97: alpha = 10000, CV score = -11.060454

PC  98: alpha = 21209.5, CV score = -11.066484

PC  99: alpha = 21209.5, CV score = -10.993042

PC 100: alpha = 21209.5, CV score = -10.743332

PC 101: alpha = 21209.5, CV score = -10.515995

PC 102: alpha = 10000, CV score = -9.920320

PC 103: alpha = 21209.5, CV score = -10.144871

PC 104: alpha = 10000, CV score = -9.912360

PC 105: alpha = 21209.5, CV score = -10.094352

PC 106: alpha = 10000, CV score = -9.683226

PC 107: alpha = 21209.5, CV score = -9.898414

PC 108: alpha = 10000, CV score = -9.649910

PC 109: alpha = 21209.5, CV score = -9.656541

PC 110: alpha = 21209.5, CV score = -9.743838

PC 111: alpha = 21209.5, CV score = -9.645374

PC 112: alpha = 10000, CV score = -9.309316

PC 113: alpha = 21209.5, CV score = -9.521768

PC 114: alpha = 21209.5, CV score = -9.186323

PC 115: alpha = 21209.5, CV score = -8.976228

PC 116: alpha = 21209.5, CV score = -9.196325

PC 117: alpha = 21209.5, CV score = -8.920361

PC 118: alpha = 21209.5, CV score = -8.844693

PC 119: alpha = 21209.5, CV score = -8.758231

PC 120: alpha = 10000, CV score = -8.573950

PC 121: alpha = 21209.5, CV score = -8.794731

PC 122: alpha = 21209.5, CV score = -8.504400

PC 123: alpha = 10000, CV score = -8.293661

PC 124: alpha = 21209.5, CV score = -8.431023

PC 125: alpha = 21209.5, CV score = -8.333254

PC 126: alpha = 10000, CV score = -8.025507

PC 127: alpha = 21209.5, CV score = -8.092432

PC 128: alpha = 21209.5, CV score = -8.158804

PC 129: alpha = 10000, CV score = -7.941018

PC 130: alpha = 10000, CV score = -7.843219

PC 131: alpha = 10000, CV score = -7.735446

PC 132: alpha = 21209.5, CV score = -7.933981

PC 133: alpha = 21209.5, CV score = -7.721365

PC 134: alpha = 21209.5, CV score = -7.776008

PC 135: alpha = 21209.5, CV score = -7.633988

PC 136: alpha = 10000, CV score = -7.410394

PC 137: alpha = 21209.5, CV score = -7.454309

PC 138: alpha = 21209.5, CV score = -7.357792

PC 139: alpha = 21209.5, CV score = -7.305710

PC 140: alpha = 21209.5, CV score = -7.113405

PC 141: alpha = 21209.5, CV score = -7.184280

PC 142: alpha = 21209.5, CV score = -7.157032

PC 143: alpha = 21209.5, CV score = -7.048694

PC 144: alpha = 21209.5, CV score = -7.065352

PC 145: alpha = 10000, CV score = -6.989134

PC 146: alpha = 21209.5, CV score = -6.892965

PC 147: alpha = 21209.5, CV score = -6.982371

PC 148: alpha = 21209.5, CV score = -6.868645

PC 149: alpha = 21209.5, CV score = -6.779990

PC 150: alpha = 21209.5, CV score = -6.633350

PC 151: alpha = 10000, CV score = -6.496318

PC 152: alpha = 21209.5, CV score = -6.589779

PC 153: alpha = 21209.5, CV score = -6.578085

PC 154: alpha = 21209.5, CV score = -6.469510

PC 155: alpha = 21209.5, CV score = -6.469914

PC 156: alpha = 44984.3, CV score = -6.442476

PC 157: alpha = 21209.5, CV score = -6.376048

PC 158: alpha = 21209.5, CV score = -6.313387

PC 159: alpha = 21209.5, CV score = -6.232197

PC 160: alpha = 21209.5, CV score = -6.185877

PC 161: alpha = 21209.5, CV score = -6.207491

PC 162: alpha = 21209.5, CV score = -6.024628

PC 163: alpha = 21209.5, CV score = -6.073759

PC 164: alpha = 10000, CV score = -5.823294

PC 165: alpha = 21209.5, CV score = -5.947967

PC 166: alpha = 21209.5, CV score = -5.903251

PC 167: alpha = 21209.5, CV score = -5.860051

PC 168: alpha = 21209.5, CV score = -5.863884

PC 169: alpha = 21209.5, CV score = -5.769760

PC 170: alpha = 21209.5, CV score = -5.730293

PC 171: alpha = 21209.5, CV score = -5.746760

PC 172: alpha = 21209.5, CV score = -5.680981

PC 173: alpha = 10000, CV score = -5.562159

PC 174: alpha = 21209.5, CV score = -5.652845

PC 175: alpha = 10000, CV score = -5.577320

PC 176: alpha = 10000, CV score = -5.424056

PC 177: alpha = 21209.5, CV score = -5.510674

PC 178: alpha = 21209.5, CV score = -5.470612

PC 179: alpha = 21209.5, CV score = -5.435313

PC 180: alpha = 21209.5, CV score = -5.300577

PC 181: alpha = 21209.5, CV score = -5.393993

PC 182: alpha = 21209.5, CV score = -5.390236

PC 183: alpha = 21209.5, CV score = -5.284979

PC 184: alpha = 21209.5, CV score = -5.290645

PC 185: alpha = 21209.5, CV score = -5.240387

PC 186: alpha = 21209.5, CV score = -5.179908

PC 187: alpha = 21209.5, CV score = -5.140457

PC 188: alpha = 21209.5, CV score = -5.111349

PC 189: alpha = 21209.5, CV score = -5.063498

PC 190: alpha = 21209.5, CV score = -5.011570

PC 191: alpha = 21209.5, CV score = -4.995449

PC 192: alpha = 21209.5, CV score = -4.974346

PC 193: alpha = 21209.5, CV score = -4.982050

PC 194: alpha = 44984.3, CV score = -4.960160

PC 195: alpha = 21209.5, CV score = -4.870697

PC 196: alpha = 21209.5, CV score = -4.881322

PC 197: alpha = 21209.5, CV score = -4.833390

PC 198: alpha = 21209.5, CV score = -4.817719

PC 199: alpha = 21209.5, CV score = -4.775004

PC 200: alpha = 21209.5, CV score = -4.720722

Mean cross-validation score across PCs: -34.670897

======================================================================================

Chosen model: semnasnet_100_classification
Number of images: 73000
Image shape: (425, 425, 3), dtype: uint8
nsdID shape: (73000,), Shared1000 shape: (73000,)
Neural data shape: (10000, 8088)
Image IDs shape: (10000,)
Number of voxels: 8088
Number of projections for SRP: 7894

Loaded target with shape (10000, 8088).
Transformed data shape: (9000, 200)
Model options for semnasnet_100_classification: {'model_name': 'semnasnet_100', 'train_type': 'classification', 'train_data': 'imagenet', 'model_source': 'timm', 'call': "get_timm_model('semnasnet_100', pretrained = True)"}
Image transforms for semnasnet_100_classification: Compose(
    Resize(size=(224, 224), interpolation=bicubic, max_size=None, antialias=True)
    MaybeToTensor()
    Normalize(mean=tensor([0.4850, 0.4560, 0.4060]), std=tensor([0.2290, 0.2240, 0.2250]))
)
Loaded model: semnasnet_100_classification
Ordered layers from model: ['Conv2d-1', 'Identity-1', 'ReLU-1', 'BatchNormAct2d-1', 'Conv2d-2', 'Identity-2', 'ReLU-2', 'BatchNormAct2d-2', 'Identity-3', 'Identity-4', 'Conv2d-3', 'Identity-5', 'Identity-6', 'BatchNormAct2d-3', 'DepthwiseSeparableConv-1', 'Conv2d-4', 'Identity-7', 'ReLU-3', 'BatchNormAct2d-4', 'Conv2d-5', 'Identity-8', 'ReLU-4', 'BatchNormAct2d-5', 'Identity-9', 'Identity-10', 'Conv2d-6', 'Identity-11', 'Identity-12', 'BatchNormAct2d-6', 'InvertedResidual-1', 'Conv2d-7', 'Identity-13', 'ReLU-5', 'BatchNormAct2d-7', 'Conv2d-8', 'Identity-14', 'ReLU-6', 'BatchNormAct2d-8', 'Identity-15', 'Identity-16', 'Conv2d-9', 'Identity-17', 'Identity-18', 'BatchNormAct2d-9', 'Identity-19', 'InvertedResidual-2', 'Conv2d-10', 'Identity-20', 'ReLU-7', 'BatchNormAct2d-10', 'Conv2d-11', 'Identity-21', 'ReLU-8', 'BatchNormAct2d-11', 'Identity-22', 'Conv2d-12', 'ReLU-9', 'Conv2d-13', 'Sigmoid-1', 'SqueezeExcite-1', 'Conv2d-14', 'Identity-23', 'Identity-24', 'BatchNormAct2d-12', 'InvertedResidual-3', 'Conv2d-15', 'Identity-25', 'ReLU-10', 'BatchNormAct2d-13', 'Conv2d-16', 'Identity-26', 'ReLU-11', 'BatchNormAct2d-14', 'Identity-27', 'Conv2d-17', 'ReLU-12', 'Conv2d-18', 'Sigmoid-2', 'SqueezeExcite-2', 'Conv2d-19', 'Identity-28', 'Identity-29', 'BatchNormAct2d-15', 'Identity-30', 'InvertedResidual-4', 'Conv2d-20', 'Identity-31', 'ReLU-13', 'BatchNormAct2d-16', 'Conv2d-21', 'Identity-32', 'ReLU-14', 'BatchNormAct2d-17', 'Identity-33', 'Conv2d-22', 'ReLU-15', 'Conv2d-23', 'Sigmoid-3', 'SqueezeExcite-3', 'Conv2d-24', 'Identity-34', 'Identity-35', 'BatchNormAct2d-18', 'Identity-36', 'InvertedResidual-5', 'Conv2d-25', 'Identity-37', 'ReLU-16', 'BatchNormAct2d-19', 'Conv2d-26', 'Identity-38', 'ReLU-17', 'BatchNormAct2d-20', 'Identity-39', 'Identity-40', 'Conv2d-27', 'Identity-41', 'Identity-42', 'BatchNormAct2d-21', 'InvertedResidual-6', 'Conv2d-28', 'Identity-43', 'ReLU-18', 'BatchNormAct2d-22', 'Conv2d-29', 'Identity-44', 'ReLU-19', 'BatchNormAct2d-23', 'Identity-45', 'Identity-46', 'Conv2d-30', 'Identity-47', 'Identity-48', 'BatchNormAct2d-24', 'Identity-49', 'InvertedResidual-7', 'Conv2d-31', 'Identity-50', 'ReLU-20', 'BatchNormAct2d-25', 'Conv2d-32', 'Identity-51', 'ReLU-21', 'BatchNormAct2d-26', 'Identity-52', 'Identity-53', 'Conv2d-33', 'Identity-54', 'Identity-55', 'BatchNormAct2d-27', 'Identity-56', 'InvertedResidual-8', 'Conv2d-34', 'Identity-57', 'ReLU-22', 'BatchNormAct2d-28', 'Conv2d-35', 'Identity-58', 'ReLU-23', 'BatchNormAct2d-29', 'Identity-59', 'Identity-60', 'Conv2d-36', 'Identity-61', 'Identity-62', 'BatchNormAct2d-30', 'Identity-63', 'InvertedResidual-9', 'Conv2d-37', 'Identity-64', 'ReLU-24', 'BatchNormAct2d-31', 'Conv2d-38', 'Identity-65', 'ReLU-25', 'BatchNormAct2d-32', 'Identity-66', 'Conv2d-39', 'ReLU-26', 'Conv2d-40', 'Sigmoid-4', 'SqueezeExcite-4', 'Conv2d-41', 'Identity-67', 'Identity-68', 'BatchNormAct2d-33', 'InvertedResidual-10', 'Conv2d-42', 'Identity-69', 'ReLU-27', 'BatchNormAct2d-34', 'Conv2d-43', 'Identity-70', 'ReLU-28', 'BatchNormAct2d-35', 'Identity-71', 'Conv2d-44', 'ReLU-29', 'Conv2d-45', 'Sigmoid-5', 'SqueezeExcite-5', 'Conv2d-46', 'Identity-72', 'Identity-73', 'BatchNormAct2d-36', 'Identity-74', 'InvertedResidual-11', 'Conv2d-47', 'Identity-75', 'ReLU-30', 'BatchNormAct2d-37', 'Conv2d-48', 'Identity-76', 'ReLU-31', 'BatchNormAct2d-38', 'Identity-77', 'Conv2d-49', 'ReLU-32', 'Conv2d-50', 'Sigmoid-6', 'SqueezeExcite-6', 'Conv2d-51', 'Identity-78', 'Identity-79', 'BatchNormAct2d-39', 'InvertedResidual-12', 'Conv2d-52', 'Identity-80', 'ReLU-33', 'BatchNormAct2d-40', 'Conv2d-53', 'Identity-81', 'ReLU-34', 'BatchNormAct2d-41', 'Identity-82', 'Conv2d-54', 'ReLU-35', 'Conv2d-55', 'Sigmoid-7', 'SqueezeExcite-7', 'Conv2d-56', 'Identity-83', 'Identity-84', 'BatchNormAct2d-42', 'Identity-85', 'InvertedResidual-13', 'Conv2d-57', 'Identity-86', 'ReLU-36', 'BatchNormAct2d-43', 'Conv2d-58', 'Identity-87', 'ReLU-37', 'BatchNormAct2d-44', 'Identity-88', 'Conv2d-59', 'ReLU-38', 'Conv2d-60', 'Sigmoid-8', 'SqueezeExcite-8', 'Conv2d-61', 'Identity-89', 'Identity-90', 'BatchNormAct2d-45', 'Identity-91', 'InvertedResidual-14', 'Conv2d-62', 'Identity-92', 'ReLU-39', 'BatchNormAct2d-46', 'Conv2d-63', 'Identity-93', 'ReLU-40', 'BatchNormAct2d-47', 'Identity-94', 'Identity-95', 'Conv2d-64', 'Identity-96', 'Identity-97', 'BatchNormAct2d-48', 'InvertedResidual-15', 'Conv2d-65', 'Identity-98', 'ReLU-41', 'BatchNormAct2d-49', 'AdaptiveAvgPool2d-1', 'Flatten-1', 'SelectAdaptivePool2d-1', 'Linear-1', 'EfficientNet-1']
Total number of layers: 290

==================================================
Processing layer: Conv2d-63 from model: semnasnet_100_classification

For model semnasnet_100_classification Layer Conv2d-63: Extracting features for 9000 images in batches of 28...
Feature extraction for model semnasnet_100_classification layer Conv2d-63 completed in 304.09 seconds.
Finding best ridge alphas for 200 target PCs using 47040 features and 9000 samples.
Using alphas: 10^4 to 10^20, 50 values spaced logarithmically.
[Pipeline] ........... (step 1 of 1) Processing ridgecv, total= 4.4min

Selected alpha and cross-validation score for each PC:
Finished finding best ridge alphas for each target PC.✅

PC   1: alpha = 44984.3, CV score = -1546.135589

PC   2: alpha = 10000, CV score = -533.944708

PC   3: alpha = 10000, CV score = -369.188701

PC   4: alpha = 10000, CV score = -216.472492

PC   5: alpha = 21209.5, CV score = -181.880466

PC   6: alpha = 21209.5, CV score = -164.435447

PC   7: alpha = 21209.5, CV score = -144.861109

PC   8: alpha = 44984.3, CV score = -148.394179

PC   9: alpha = 21209.5, CV score = -105.696091

PC  10: alpha = 21209.5, CV score = -88.943899

PC  11: alpha = 44984.3, CV score = -86.699517

PC  12: alpha = 10000, CV score = -60.129436

PC  13: alpha = 44984.3, CV score = -93.614870

PC  14: alpha = 21209.5, CV score = -79.240295

PC  15: alpha = 21209.5, CV score = -67.836505

PC  16: alpha = 44984.3, CV score = -74.411207

PC  17: alpha = 44984.3, CV score = -68.955653

PC  18: alpha = 95409.5, CV score = -73.536823

PC  19: alpha = 21209.5, CV score = -61.872690

PC  20: alpha = 44984.3, CV score = -64.598012

PC  21: alpha = 21209.5, CV score = -57.570552

PC  22: alpha = 44984.3, CV score = -57.772828

PC  23: alpha = 44984.3, CV score = -55.313374

PC  24: alpha = 44984.3, CV score = -54.722019

PC  25: alpha = 44984.3, CV score = -52.139127

PC  26: alpha = 44984.3, CV score = -51.765923

PC  27: alpha = 44984.3, CV score = -47.420783

PC  28: alpha = 95409.5, CV score = -47.635793

PC  29: alpha = 44984.3, CV score = -46.280481

PC  30: alpha = 44984.3, CV score = -41.365951

PC  31: alpha = 21209.5, CV score = -40.013404

PC  32: alpha = 44984.3, CV score = -38.202465

PC  33: alpha = 44984.3, CV score = -38.459909

PC  34: alpha = 44984.3, CV score = -38.731345

PC  35: alpha = 44984.3, CV score = -35.243196

PC  36: alpha = 44984.3, CV score = -34.580819

PC  37: alpha = 44984.3, CV score = -35.018509

PC  38: alpha = 44984.3, CV score = -31.825473

PC  39: alpha = 44984.3, CV score = -33.236138

PC  40: alpha = 44984.3, CV score = -30.615396

PC  41: alpha = 44984.3, CV score = -30.458670

PC  42: alpha = 44984.3, CV score = -28.732722

PC  43: alpha = 44984.3, CV score = -28.635040

PC  44: alpha = 44984.3, CV score = -28.726134

PC  45: alpha = 21209.5, CV score = -26.251629

PC  46: alpha = 95409.5, CV score = -28.042771

PC  47: alpha = 44984.3, CV score = -25.678071

PC  48: alpha = 21209.5, CV score = -23.447452

PC  49: alpha = 44984.3, CV score = -24.579940

PC  50: alpha = 44984.3, CV score = -24.369659

PC  51: alpha = 44984.3, CV score = -22.116442

PC  52: alpha = 44984.3, CV score = -23.458642

PC  53: alpha = 21209.5, CV score = -22.451074

PC  54: alpha = 44984.3, CV score = -22.649185

PC  55: alpha = 44984.3, CV score = -21.563788

PC  56: alpha = 44984.3, CV score = -20.476581

PC  57: alpha = 44984.3, CV score = -20.597063

PC  58: alpha = 21209.5, CV score = -19.877060

PC  59: alpha = 95409.5, CV score = -20.448360

PC  60: alpha = 44984.3, CV score = -19.643768

PC  61: alpha = 44984.3, CV score = -19.117262

PC  62: alpha = 44984.3, CV score = -18.251348

PC  63: alpha = 44984.3, CV score = -18.289028

PC  64: alpha = 44984.3, CV score = -17.885190

PC  65: alpha = 21209.5, CV score = -15.483635

PC  66: alpha = 44984.3, CV score = -17.424812

PC  67: alpha = 95409.5, CV score = -17.562061

PC  68: alpha = 95409.5, CV score = -17.412556

PC  69: alpha = 44984.3, CV score = -16.858690

PC  70: alpha = 44984.3, CV score = -16.170493

PC  71: alpha = 44984.3, CV score = -15.938699

PC  72: alpha = 44984.3, CV score = -15.581791

PC  73: alpha = 44984.3, CV score = -15.418712

PC  74: alpha = 44984.3, CV score = -15.329433

PC  75: alpha = 95409.5, CV score = -15.171093

PC  76: alpha = 44984.3, CV score = -14.422965

PC  77: alpha = 44984.3, CV score = -14.034478

PC  78: alpha = 44984.3, CV score = -14.408256

PC  79: alpha = 44984.3, CV score = -13.960249

PC  80: alpha = 44984.3, CV score = -13.841963

PC  81: alpha = 95409.5, CV score = -14.028241

PC  82: alpha = 44984.3, CV score = -13.460217

PC  83: alpha = 44984.3, CV score = -13.241704

PC  84: alpha = 44984.3, CV score = -12.948576

PC  85: alpha = 44984.3, CV score = -12.559146

PC  86: alpha = 95409.5, CV score = -12.804779

PC  87: alpha = 44984.3, CV score = -12.556943

PC  88: alpha = 44984.3, CV score = -12.149460

PC  89: alpha = 44984.3, CV score = -12.188388

PC  90: alpha = 44984.3, CV score = -12.048787

PC  91: alpha = 95409.5, CV score = -12.097260

PC  92: alpha = 21209.5, CV score = -11.390894

PC  93: alpha = 95409.5, CV score = -11.893560

PC  94: alpha = 44984.3, CV score = -11.465815

PC  95: alpha = 44984.3, CV score = -11.409348

PC  96: alpha = 95409.5, CV score = -11.312940

PC  97: alpha = 44984.3, CV score = -11.134009

PC  98: alpha = 95409.5, CV score = -11.097030

PC  99: alpha = 95409.5, CV score = -10.982482

PC 100: alpha = 44984.3, CV score = -10.645739

PC 101: alpha = 44984.3, CV score = -10.492420

PC 102: alpha = 44984.3, CV score = -9.845852

PC 103: alpha = 44984.3, CV score = -10.135988

PC 104: alpha = 44984.3, CV score = -9.823115

PC 105: alpha = 44984.3, CV score = -9.975535

PC 106: alpha = 44984.3, CV score = -9.682012

PC 107: alpha = 44984.3, CV score = -9.874576

PC 108: alpha = 44984.3, CV score = -9.663682

PC 109: alpha = 44984.3, CV score = -9.621098

PC 110: alpha = 95409.5, CV score = -9.715521

PC 111: alpha = 95409.5, CV score = -9.652972

PC 112: alpha = 44984.3, CV score = -9.269068

PC 113: alpha = 95409.5, CV score = -9.495229

PC 114: alpha = 44984.3, CV score = -9.169678

PC 115: alpha = 44984.3, CV score = -8.945987

PC 116: alpha = 95409.5, CV score = -9.152879

PC 117: alpha = 44984.3, CV score = -8.914782

PC 118: alpha = 44984.3, CV score = -8.827044

PC 119: alpha = 95409.5, CV score = -8.744152

PC 120: alpha = 44984.3, CV score = -8.573156

PC 121: alpha = 95409.5, CV score = -8.845515

PC 122: alpha = 44984.3, CV score = -8.455675

PC 123: alpha = 44984.3, CV score = -8.270749

PC 124: alpha = 95409.5, CV score = -8.434383

PC 125: alpha = 44984.3, CV score = -8.328771

PC 126: alpha = 44984.3, CV score = -7.976011

PC 127: alpha = 44984.3, CV score = -8.073472

PC 128: alpha = 95409.5, CV score = -8.169776

PC 129: alpha = 44984.3, CV score = -7.958622

PC 130: alpha = 44984.3, CV score = -7.834829

PC 131: alpha = 44984.3, CV score = -7.739522

PC 132: alpha = 95409.5, CV score = -7.913866

PC 133: alpha = 95409.5, CV score = -7.735564

PC 134: alpha = 95409.5, CV score = -7.785935

PC 135: alpha = 44984.3, CV score = -7.581519

PC 136: alpha = 44984.3, CV score = -7.419677

PC 137: alpha = 95409.5, CV score = -7.475892

PC 138: alpha = 95409.5, CV score = -7.356488

PC 139: alpha = 44984.3, CV score = -7.295268

PC 140: alpha = 95409.5, CV score = -7.105170

PC 141: alpha = 95409.5, CV score = -7.188573

PC 142: alpha = 95409.5, CV score = -7.181481

PC 143: alpha = 95409.5, CV score = -7.074108

PC 144: alpha = 95409.5, CV score = -7.081947

PC 145: alpha = 95409.5, CV score = -7.000320

PC 146: alpha = 95409.5, CV score = -6.893860

PC 147: alpha = 95409.5, CV score = -6.962238

PC 148: alpha = 95409.5, CV score = -6.893221

PC 149: alpha = 95409.5, CV score = -6.777839

PC 150: alpha = 44984.3, CV score = -6.599742

PC 151: alpha = 44984.3, CV score = -6.467513

PC 152: alpha = 95409.5, CV score = -6.592954

PC 153: alpha = 95409.5, CV score = -6.575202

PC 154: alpha = 44984.3, CV score = -6.480663

PC 155: alpha = 95409.5, CV score = -6.466954

PC 156: alpha = 95409.5, CV score = -6.464477

PC 157: alpha = 202359, CV score = -6.401951

PC 158: alpha = 95409.5, CV score = -6.321068

PC 159: alpha = 95409.5, CV score = -6.221775

PC 160: alpha = 95409.5, CV score = -6.200969

PC 161: alpha = 95409.5, CV score = -6.241854

PC 162: alpha = 44984.3, CV score = -6.053237

PC 163: alpha = 95409.5, CV score = -6.085402

PC 164: alpha = 44984.3, CV score = -5.849209

PC 165: alpha = 95409.5, CV score = -5.945802

PC 166: alpha = 95409.5, CV score = -5.892334

PC 167: alpha = 95409.5, CV score = -5.866970

PC 168: alpha = 95409.5, CV score = -5.845373

PC 169: alpha = 44984.3, CV score = -5.755586

PC 170: alpha = 44984.3, CV score = -5.740824

PC 171: alpha = 95409.5, CV score = -5.757942

PC 172: alpha = 44984.3, CV score = -5.698142

PC 173: alpha = 44984.3, CV score = -5.551656

PC 174: alpha = 95409.5, CV score = -5.653065

PC 175: alpha = 44984.3, CV score = -5.576265

PC 176: alpha = 44984.3, CV score = -5.395989

PC 177: alpha = 202359, CV score = -5.516063

PC 178: alpha = 95409.5, CV score = -5.473120

PC 179: alpha = 95409.5, CV score = -5.427016

PC 180: alpha = 44984.3, CV score = -5.241575

PC 181: alpha = 95409.5, CV score = -5.405948

PC 182: alpha = 95409.5, CV score = -5.365507

PC 183: alpha = 95409.5, CV score = -5.276553

PC 184: alpha = 202359, CV score = -5.308758

PC 185: alpha = 44984.3, CV score = -5.232012

PC 186: alpha = 44984.3, CV score = -5.166355

PC 187: alpha = 95409.5, CV score = -5.136064

PC 188: alpha = 95409.5, CV score = -5.098688

PC 189: alpha = 95409.5, CV score = -5.082219

PC 190: alpha = 44984.3, CV score = -4.995442

PC 191: alpha = 95409.5, CV score = -4.970959

PC 192: alpha = 95409.5, CV score = -4.985563

PC 193: alpha = 95409.5, CV score = -4.979768

PC 194: alpha = 95409.5, CV score = -4.959811

PC 195: alpha = 44984.3, CV score = -4.862288

PC 196: alpha = 95409.5, CV score = -4.903146

PC 197: alpha = 44984.3, CV score = -4.823148

PC 198: alpha = 95409.5, CV score = -4.810241

PC 199: alpha = 44984.3, CV score = -4.757990

PC 200: alpha = 44984.3, CV score = -4.697813

Mean cross-validation score across PCs: -34.207536

======================================================================================

Chosen model: cspresnet50_classification
Number of images: 73000
Image shape: (425, 425, 3), dtype: uint8
nsdID shape: (73000,), Shared1000 shape: (73000,)
Neural data shape: (10000, 8088)
Image IDs shape: (10000,)
Number of voxels: 8088
Number of projections for SRP: 7894

Loaded target with shape (10000, 8088).
Transformed data shape: (9000, 200)
Model options for cspresnet50_classification: {'model_name': 'cspresnet50', 'train_type': 'classification', 'train_data': 'imagenet', 'model_source': 'timm', 'call': "get_timm_model('cspresnet50', pretrained = True)"}
Image transforms for cspresnet50_classification: Compose(
    Resize(size=(224, 224), interpolation=bicubic, max_size=None, antialias=True)
    MaybeToTensor()
    Normalize(mean=tensor([0.4850, 0.4560, 0.4060]), std=tensor([0.2290, 0.2240, 0.2250]))
)
Loaded model: cspresnet50_classification
Ordered layers from model: ['Conv2d-1', 'Identity-1', 'LeakyReLU-1', 'BatchNormAct2d-1', 'ConvNormAct-1', 'MaxPool2d-1', 'Identity-2', 'Conv2d-2', 'Identity-3', 'Identity-4', 'BatchNormAct2d-2', 'ConvNormAct-2', 'Conv2d-3', 'Identity-5', 'LeakyReLU-2', 'BatchNormAct2d-3', 'ConvNormAct-3', 'Conv2d-4', 'Identity-6', 'LeakyReLU-3', 'BatchNormAct2d-4', 'ConvNormAct-4', 'Identity-7', 'Conv2d-5', 'Identity-8', 'Identity-9', 'BatchNormAct2d-5', 'ConvNormAct-5', 'Identity-10', 'Identity-11', 'LeakyReLU-4', 'BottleneckBlock-1', 'Conv2d-6', 'Identity-12', 'LeakyReLU-5', 'BatchNormAct2d-6', 'ConvNormAct-6', 'Conv2d-7', 'Identity-13', 'LeakyReLU-6', 'BatchNormAct2d-7', 'ConvNormAct-7', 'Identity-14', 'Conv2d-8', 'Identity-15', 'Identity-16', 'BatchNormAct2d-8', 'ConvNormAct-8', 'Identity-17', 'Identity-18', 'LeakyReLU-7', 'BottleneckBlock-2', 'Conv2d-9', 'Identity-19', 'LeakyReLU-8', 'BatchNormAct2d-9', 'ConvNormAct-9', 'Conv2d-10', 'Identity-20', 'LeakyReLU-9', 'BatchNormAct2d-10', 'ConvNormAct-10', 'Identity-21', 'Conv2d-11', 'Identity-22', 'Identity-23', 'BatchNormAct2d-11', 'ConvNormAct-11', 'Identity-24', 'Identity-25', 'LeakyReLU-10', 'BottleneckBlock-3', 'Conv2d-12', 'Identity-26', 'LeakyReLU-11', 'BatchNormAct2d-12', 'ConvNormAct-12', 'Conv2d-13', 'Identity-27', 'LeakyReLU-12', 'BatchNormAct2d-13', 'ConvNormAct-13', 'CrossStage-1', 'Conv2d-14', 'Identity-28', 'LeakyReLU-13', 'BatchNormAct2d-14', 'ConvNormAct-14', 'Conv2d-15', 'Identity-29', 'Identity-30', 'BatchNormAct2d-15', 'ConvNormAct-15', 'Conv2d-16', 'Identity-31', 'LeakyReLU-14', 'BatchNormAct2d-16', 'ConvNormAct-16', 'Conv2d-17', 'Identity-32', 'LeakyReLU-15', 'BatchNormAct2d-17', 'ConvNormAct-17', 'Identity-33', 'Conv2d-18', 'Identity-34', 'Identity-35', 'BatchNormAct2d-18', 'ConvNormAct-18', 'Identity-36', 'Identity-37', 'LeakyReLU-16', 'BottleneckBlock-4', 'Conv2d-19', 'Identity-38', 'LeakyReLU-17', 'BatchNormAct2d-19', 'ConvNormAct-19', 'Conv2d-20', 'Identity-39', 'LeakyReLU-18', 'BatchNormAct2d-20', 'ConvNormAct-20', 'Identity-40', 'Conv2d-21', 'Identity-41', 'Identity-42', 'BatchNormAct2d-21', 'ConvNormAct-21', 'Identity-43', 'Identity-44', 'LeakyReLU-19', 'BottleneckBlock-5', 'Conv2d-22', 'Identity-45', 'LeakyReLU-20', 'BatchNormAct2d-22', 'ConvNormAct-22', 'Conv2d-23', 'Identity-46', 'LeakyReLU-21', 'BatchNormAct2d-23', 'ConvNormAct-23', 'Identity-47', 'Conv2d-24', 'Identity-48', 'Identity-49', 'BatchNormAct2d-24', 'ConvNormAct-24', 'Identity-50', 'Identity-51', 'LeakyReLU-22', 'BottleneckBlock-6', 'Conv2d-25', 'Identity-52', 'LeakyReLU-23', 'BatchNormAct2d-25', 'ConvNormAct-25', 'Conv2d-26', 'Identity-53', 'LeakyReLU-24', 'BatchNormAct2d-26', 'ConvNormAct-26', 'CrossStage-2', 'Conv2d-27', 'Identity-54', 'LeakyReLU-25', 'BatchNormAct2d-27', 'ConvNormAct-27', 'Conv2d-28', 'Identity-55', 'Identity-56', 'BatchNormAct2d-28', 'ConvNormAct-28', 'Conv2d-29', 'Identity-57', 'LeakyReLU-26', 'BatchNormAct2d-29', 'ConvNormAct-29', 'Conv2d-30', 'Identity-58', 'LeakyReLU-27', 'BatchNormAct2d-30', 'ConvNormAct-30', 'Identity-59', 'Conv2d-31', 'Identity-60', 'Identity-61', 'BatchNormAct2d-31', 'ConvNormAct-31', 'Identity-62', 'Identity-63', 'LeakyReLU-28', 'BottleneckBlock-7', 'Conv2d-32', 'Identity-64', 'LeakyReLU-29', 'BatchNormAct2d-32', 'ConvNormAct-32', 'Conv2d-33', 'Identity-65', 'LeakyReLU-30', 'BatchNormAct2d-33', 'ConvNormAct-33', 'Identity-66', 'Conv2d-34', 'Identity-67', 'Identity-68', 'BatchNormAct2d-34', 'ConvNormAct-34', 'Identity-69', 'Identity-70', 'LeakyReLU-31', 'BottleneckBlock-8', 'Conv2d-35', 'Identity-71', 'LeakyReLU-32', 'BatchNormAct2d-35', 'ConvNormAct-35', 'Conv2d-36', 'Identity-72', 'LeakyReLU-33', 'BatchNormAct2d-36', 'ConvNormAct-36', 'Identity-73', 'Conv2d-37', 'Identity-74', 'Identity-75', 'BatchNormAct2d-37', 'ConvNormAct-37', 'Identity-76', 'Identity-77', 'LeakyReLU-34', 'BottleneckBlock-9', 'Conv2d-38', 'Identity-78', 'LeakyReLU-35', 'BatchNormAct2d-38', 'ConvNormAct-38', 'Conv2d-39', 'Identity-79', 'LeakyReLU-36', 'BatchNormAct2d-39', 'ConvNormAct-39', 'Identity-80', 'Conv2d-40', 'Identity-81', 'Identity-82', 'BatchNormAct2d-40', 'ConvNormAct-40', 'Identity-83', 'Identity-84', 'LeakyReLU-37', 'BottleneckBlock-10', 'Conv2d-41', 'Identity-85', 'LeakyReLU-38', 'BatchNormAct2d-41', 'ConvNormAct-41', 'Conv2d-42', 'Identity-86', 'LeakyReLU-39', 'BatchNormAct2d-42', 'ConvNormAct-42', 'Identity-87', 'Conv2d-43', 'Identity-88', 'Identity-89', 'BatchNormAct2d-43', 'ConvNormAct-43', 'Identity-90', 'Identity-91', 'LeakyReLU-40', 'BottleneckBlock-11', 'Conv2d-44', 'Identity-92', 'LeakyReLU-41', 'BatchNormAct2d-44', 'ConvNormAct-44', 'Conv2d-45', 'Identity-93', 'LeakyReLU-42', 'BatchNormAct2d-45', 'ConvNormAct-45', 'CrossStage-3', 'Conv2d-46', 'Identity-94', 'LeakyReLU-43', 'BatchNormAct2d-46', 'ConvNormAct-46', 'Conv2d-47', 'Identity-95', 'Identity-96', 'BatchNormAct2d-47', 'ConvNormAct-47', 'Conv2d-48', 'Identity-97', 'LeakyReLU-44', 'BatchNormAct2d-48', 'ConvNormAct-48', 'Conv2d-49', 'Identity-98', 'LeakyReLU-45', 'BatchNormAct2d-49', 'ConvNormAct-49', 'Identity-99', 'Conv2d-50', 'Identity-100', 'Identity-101', 'BatchNormAct2d-50', 'ConvNormAct-50', 'Identity-102', 'Identity-103', 'LeakyReLU-46', 'BottleneckBlock-12', 'Conv2d-51', 'Identity-104', 'LeakyReLU-47', 'BatchNormAct2d-51', 'ConvNormAct-51', 'Conv2d-52', 'Identity-105', 'LeakyReLU-48', 'BatchNormAct2d-52', 'ConvNormAct-52', 'Identity-106', 'Conv2d-53', 'Identity-107', 'Identity-108', 'BatchNormAct2d-53', 'ConvNormAct-53', 'Identity-109', 'Identity-110', 'LeakyReLU-49', 'BottleneckBlock-13', 'Conv2d-54', 'Identity-111', 'LeakyReLU-50', 'BatchNormAct2d-54', 'ConvNormAct-54', 'Conv2d-55', 'Identity-112', 'LeakyReLU-51', 'BatchNormAct2d-55', 'ConvNormAct-55', 'CrossStage-4', 'AdaptiveAvgPool2d-1', 'Flatten-1', 'SelectAdaptivePool2d-1', 'Dropout-1', 'Linear-1', 'Identity-113', 'ClassifierHead-1', 'CspNet-1']
Total number of layers: 354

==================================================
Processing layer: Conv2d-52 from model: cspresnet50_classification

For model cspresnet50_classification Layer Conv2d-52: Extracting features for 9000 images in batches of 28...
Feature extraction for model cspresnet50_classification layer Conv2d-52 completed in 664.88 seconds.
Finding best ridge alphas for 200 target PCs using 25088 features and 9000 samples.
Using alphas: 10^4 to 10^20, 50 values spaced logarithmically.
[Pipeline] ........... (step 1 of 1) Processing ridgecv, total= 3.5min

Selected alpha and cross-validation score for each PC:
Finished finding best ridge alphas for each target PC.✅

PC   1: alpha = 910298, CV score = -1559.463917

PC   2: alpha = 429193, CV score = -519.801550

PC   3: alpha = 202359, CV score = -371.671084

PC   4: alpha = 202359, CV score = -218.451215

PC   5: alpha = 429193, CV score = -177.357298

PC   6: alpha = 429193, CV score = -165.223731

PC   7: alpha = 429193, CV score = -144.872019

PC   8: alpha = 1.9307e+06, CV score = -148.821797

PC   9: alpha = 429193, CV score = -105.844882

PC  10: alpha = 429193, CV score = -88.927845

PC  11: alpha = 910298, CV score = -86.471725

PC  12: alpha = 202359, CV score = -59.794890

PC  13: alpha = 910298, CV score = -92.454035

PC  14: alpha = 429193, CV score = -78.480370

PC  15: alpha = 429193, CV score = -68.112862

PC  16: alpha = 910298, CV score = -74.204253

PC  17: alpha = 910298, CV score = -68.898412

PC  18: alpha = 910298, CV score = -73.459308

PC  19: alpha = 429193, CV score = -62.023115

PC  20: alpha = 910298, CV score = -64.268873

PC  21: alpha = 910298, CV score = -57.346904

PC  22: alpha = 910298, CV score = -57.264847

PC  23: alpha = 910298, CV score = -54.573856

PC  24: alpha = 1.9307e+06, CV score = -54.701802

PC  25: alpha = 429193, CV score = -51.970739

PC  26: alpha = 910298, CV score = -51.534289

PC  27: alpha = 910298, CV score = -47.257011

PC  28: alpha = 1.9307e+06, CV score = -47.360976

PC  29: alpha = 910298, CV score = -46.059642

PC  30: alpha = 910298, CV score = -41.046940

PC  31: alpha = 910298, CV score = -40.322396

PC  32: alpha = 910298, CV score = -37.881837

PC  33: alpha = 910298, CV score = -38.129988

PC  34: alpha = 910298, CV score = -38.514251

PC  35: alpha = 910298, CV score = -35.216713

PC  36: alpha = 910298, CV score = -34.407354

PC  37: alpha = 1.9307e+06, CV score = -34.867804

PC  38: alpha = 910298, CV score = -31.546699

PC  39: alpha = 910298, CV score = -33.198359

PC  40: alpha = 910298, CV score = -30.357787

PC  41: alpha = 910298, CV score = -30.537363

PC  42: alpha = 910298, CV score = -28.513837

PC  43: alpha = 910298, CV score = -28.521443

PC  44: alpha = 1.9307e+06, CV score = -28.595239

PC  45: alpha = 910298, CV score = -26.256075

PC  46: alpha = 1.9307e+06, CV score = -27.966475

PC  47: alpha = 910298, CV score = -25.617340

PC  48: alpha = 429193, CV score = -23.349611

PC  49: alpha = 910298, CV score = -24.372280

PC  50: alpha = 910298, CV score = -24.165960

PC  51: alpha = 429193, CV score = -21.890392

PC  52: alpha = 910298, CV score = -23.360202

PC  53: alpha = 910298, CV score = -22.410944

PC  54: alpha = 910298, CV score = -22.510210

PC  55: alpha = 910298, CV score = -21.495830

PC  56: alpha = 910298, CV score = -20.452721

PC  57: alpha = 910298, CV score = -20.603840

PC  58: alpha = 910298, CV score = -19.901297

PC  59: alpha = 1.9307e+06, CV score = -20.408421

PC  60: alpha = 910298, CV score = -19.538894

PC  61: alpha = 910298, CV score = -19.058573

PC  62: alpha = 910298, CV score = -18.199635

PC  63: alpha = 910298, CV score = -18.137981

PC  64: alpha = 910298, CV score = -17.919246

PC  65: alpha = 429193, CV score = -15.441553

PC  66: alpha = 910298, CV score = -17.345448

PC  67: alpha = 910298, CV score = -17.465676

PC  68: alpha = 1.9307e+06, CV score = -17.444258

PC  69: alpha = 910298, CV score = -16.811426

PC  70: alpha = 910298, CV score = -16.158332

PC  71: alpha = 910298, CV score = -15.959263

PC  72: alpha = 1.9307e+06, CV score = -15.630249

PC  73: alpha = 910298, CV score = -15.339768

PC  74: alpha = 910298, CV score = -15.297288

PC  75: alpha = 1.9307e+06, CV score = -15.178037

PC  76: alpha = 910298, CV score = -14.338036

PC  77: alpha = 910298, CV score = -14.019358

PC  78: alpha = 910298, CV score = -14.357181

PC  79: alpha = 910298, CV score = -13.907169

PC  80: alpha = 910298, CV score = -13.888407

PC  81: alpha = 1.9307e+06, CV score = -14.006370

PC  82: alpha = 910298, CV score = -13.434258

PC  83: alpha = 910298, CV score = -13.270727

PC  84: alpha = 910298, CV score = -12.954432

PC  85: alpha = 910298, CV score = -12.553629

PC  86: alpha = 1.9307e+06, CV score = -12.738566

PC  87: alpha = 1.9307e+06, CV score = -12.574321

PC  88: alpha = 910298, CV score = -12.123580

PC  89: alpha = 910298, CV score = -12.044777

PC  90: alpha = 910298, CV score = -12.017283

PC  91: alpha = 910298, CV score = -12.074456

PC  92: alpha = 910298, CV score = -11.392446

PC  93: alpha = 1.9307e+06, CV score = -11.810451

PC  94: alpha = 910298, CV score = -11.383132

PC  95: alpha = 910298, CV score = -11.342209

PC  96: alpha = 910298, CV score = -11.262955

PC  97: alpha = 1.9307e+06, CV score = -11.110712

PC  98: alpha = 1.9307e+06, CV score = -11.080449

PC  99: alpha = 1.9307e+06, CV score = -10.974530

PC 100: alpha = 910298, CV score = -10.730245

PC 101: alpha = 910298, CV score = -10.484395

PC 102: alpha = 910298, CV score = -9.839504

PC 103: alpha = 1.9307e+06, CV score = -10.178385

PC 104: alpha = 910298, CV score = -9.842202

PC 105: alpha = 910298, CV score = -10.042116

PC 106: alpha = 910298, CV score = -9.662945

PC 107: alpha = 910298, CV score = -9.867098

PC 108: alpha = 910298, CV score = -9.682183

PC 109: alpha = 910298, CV score = -9.613258

PC 110: alpha = 1.9307e+06, CV score = -9.715373

PC 111: alpha = 1.9307e+06, CV score = -9.639158

PC 112: alpha = 910298, CV score = -9.256882

PC 113: alpha = 1.9307e+06, CV score = -9.503794

PC 114: alpha = 1.9307e+06, CV score = -9.203813

PC 115: alpha = 910298, CV score = -8.953204

PC 116: alpha = 1.9307e+06, CV score = -9.159209

PC 117: alpha = 910298, CV score = -8.894737

PC 118: alpha = 1.9307e+06, CV score = -8.860416

PC 119: alpha = 910298, CV score = -8.728219

PC 120: alpha = 910298, CV score = -8.532205

PC 121: alpha = 1.9307e+06, CV score = -8.817290

PC 122: alpha = 910298, CV score = -8.453966

PC 123: alpha = 910298, CV score = -8.272940

PC 124: alpha = 1.9307e+06, CV score = -8.423560

PC 125: alpha = 1.9307e+06, CV score = -8.322840

PC 126: alpha = 910298, CV score = -7.994772

PC 127: alpha = 1.9307e+06, CV score = -8.082791

PC 128: alpha = 1.9307e+06, CV score = -8.154323

PC 129: alpha = 910298, CV score = -7.907854

PC 130: alpha = 910298, CV score = -7.809623

PC 131: alpha = 910298, CV score = -7.689755

PC 132: alpha = 1.9307e+06, CV score = -7.909070

PC 133: alpha = 910298, CV score = -7.697464

PC 134: alpha = 1.9307e+06, CV score = -7.785525

PC 135: alpha = 1.9307e+06, CV score = -7.622841

PC 136: alpha = 910298, CV score = -7.362857

PC 137: alpha = 1.9307e+06, CV score = -7.461535

PC 138: alpha = 1.9307e+06, CV score = -7.348246

PC 139: alpha = 910298, CV score = -7.303327

PC 140: alpha = 910298, CV score = -7.073249

PC 141: alpha = 910298, CV score = -7.156599

PC 142: alpha = 1.9307e+06, CV score = -7.182455

PC 143: alpha = 1.9307e+06, CV score = -7.046860

PC 144: alpha = 1.9307e+06, CV score = -7.045577

PC 145: alpha = 1.9307e+06, CV score = -7.003698

PC 146: alpha = 1.9307e+06, CV score = -6.887068

PC 147: alpha = 1.9307e+06, CV score = -6.962254

PC 148: alpha = 1.9307e+06, CV score = -6.906207

PC 149: alpha = 910298, CV score = -6.760660

PC 150: alpha = 910298, CV score = -6.630439

PC 151: alpha = 910298, CV score = -6.489120

PC 152: alpha = 910298, CV score = -6.572623

PC 153: alpha = 1.9307e+06, CV score = -6.552932

PC 154: alpha = 1.9307e+06, CV score = -6.460469

PC 155: alpha = 1.9307e+06, CV score = -6.473831

PC 156: alpha = 1.9307e+06, CV score = -6.420419

PC 157: alpha = 1.9307e+06, CV score = -6.376896

PC 158: alpha = 1.9307e+06, CV score = -6.283138

PC 159: alpha = 1.9307e+06, CV score = -6.188462

PC 160: alpha = 1.9307e+06, CV score = -6.180544

PC 161: alpha = 1.9307e+06, CV score = -6.199950

PC 162: alpha = 1.9307e+06, CV score = -6.048203

PC 163: alpha = 1.9307e+06, CV score = -6.067596

PC 164: alpha = 910298, CV score = -5.810349

PC 165: alpha = 1.9307e+06, CV score = -5.959507

PC 166: alpha = 1.9307e+06, CV score = -5.917441

PC 167: alpha = 1.9307e+06, CV score = -5.870355

PC 168: alpha = 1.9307e+06, CV score = -5.842476

PC 169: alpha = 1.9307e+06, CV score = -5.767055

PC 170: alpha = 1.9307e+06, CV score = -5.737960

PC 171: alpha = 1.9307e+06, CV score = -5.741097

PC 172: alpha = 1.9307e+06, CV score = -5.705556

PC 173: alpha = 910298, CV score = -5.580891

PC 174: alpha = 1.9307e+06, CV score = -5.636348

PC 175: alpha = 910298, CV score = -5.550986

PC 176: alpha = 910298, CV score = -5.393791

PC 177: alpha = 4.09492e+06, CV score = -5.506147

PC 178: alpha = 1.9307e+06, CV score = -5.467948

PC 179: alpha = 1.9307e+06, CV score = -5.430005

PC 180: alpha = 910298, CV score = -5.268706

PC 181: alpha = 1.9307e+06, CV score = -5.393525

PC 182: alpha = 1.9307e+06, CV score = -5.373523

PC 183: alpha = 1.9307e+06, CV score = -5.275052

PC 184: alpha = 1.9307e+06, CV score = -5.270958

PC 185: alpha = 1.9307e+06, CV score = -5.235381

PC 186: alpha = 1.9307e+06, CV score = -5.190865

PC 187: alpha = 1.9307e+06, CV score = -5.151670

PC 188: alpha = 1.9307e+06, CV score = -5.094896

PC 189: alpha = 1.9307e+06, CV score = -5.052894

PC 190: alpha = 1.9307e+06, CV score = -5.006858

PC 191: alpha = 1.9307e+06, CV score = -4.998430

PC 192: alpha = 1.9307e+06, CV score = -4.974308

PC 193: alpha = 1.9307e+06, CV score = -4.979042

PC 194: alpha = 1.9307e+06, CV score = -4.947560

PC 195: alpha = 910298, CV score = -4.837830

PC 196: alpha = 1.9307e+06, CV score = -4.888135

PC 197: alpha = 910298, CV score = -4.812426

PC 198: alpha = 1.9307e+06, CV score = -4.818819

PC 199: alpha = 1.9307e+06, CV score = -4.766350

PC 200: alpha = 1.9307e+06, CV score = -4.735483

Mean cross-validation score across PCs: -34.157239

======================================================================================

Chosen model: mobilenetv3_large_100_classification
Number of images: 73000
Image shape: (425, 425, 3), dtype: uint8
nsdID shape: (73000,), Shared1000 shape: (73000,)
Neural data shape: (10000, 8088)
Image IDs shape: (10000,)
Number of voxels: 8088
Number of projections for SRP: 7894

Loaded target with shape (10000, 8088).
Transformed data shape: (9000, 200)
Model options for mobilenetv3_large_100_classification: {'model_name': 'mobilenetv3_large_100', 'train_type': 'classification', 'train_data': 'imagenet', 'model_source': 'timm', 'call': "get_timm_model('mobilenetv3_large_100', pretrained = True)"}
Image transforms for mobilenetv3_large_100_classification: Compose(
    Resize(size=(224, 224), interpolation=bicubic, max_size=None, antialias=True)
    MaybeToTensor()
    Normalize(mean=tensor([0.4850, 0.4560, 0.4060]), std=tensor([0.2290, 0.2240, 0.2250]))
)
Loaded model: mobilenetv3_large_100_classification
Ordered layers from model: ['Conv2d-1', 'Identity-1', 'Hardswish-1', 'BatchNormAct2d-1', 'Conv2d-2', 'Identity-2', 'ReLU-1', 'BatchNormAct2d-2', 'Identity-3', 'Identity-4', 'Conv2d-3', 'Identity-5', 'Identity-6', 'BatchNormAct2d-3', 'Identity-7', 'DepthwiseSeparableConv-1', 'Conv2d-4', 'Identity-8', 'ReLU-2', 'BatchNormAct2d-4', 'Conv2d-5', 'Identity-9', 'ReLU-3', 'BatchNormAct2d-5', 'Identity-10', 'Identity-11', 'Conv2d-6', 'Identity-12', 'Identity-13', 'BatchNormAct2d-6', 'InvertedResidual-1', 'Conv2d-7', 'Identity-14', 'ReLU-4', 'BatchNormAct2d-7', 'Conv2d-8', 'Identity-15', 'ReLU-5', 'BatchNormAct2d-8', 'Identity-16', 'Identity-17', 'Conv2d-9', 'Identity-18', 'Identity-19', 'BatchNormAct2d-9', 'Identity-20', 'InvertedResidual-2', 'Conv2d-10', 'Identity-21', 'ReLU-6', 'BatchNormAct2d-10', 'Conv2d-11', 'Identity-22', 'ReLU-7', 'BatchNormAct2d-11', 'Identity-23', 'Conv2d-12', 'ReLU-8', 'Conv2d-13', 'Hardsigmoid-1', 'SqueezeExcite-1', 'Conv2d-14', 'Identity-24', 'Identity-25', 'BatchNormAct2d-12', 'InvertedResidual-3', 'Conv2d-15', 'Identity-26', 'ReLU-9', 'BatchNormAct2d-13', 'Conv2d-16', 'Identity-27', 'ReLU-10', 'BatchNormAct2d-14', 'Identity-28', 'Conv2d-17', 'ReLU-11', 'Conv2d-18', 'Hardsigmoid-2', 'SqueezeExcite-2', 'Conv2d-19', 'Identity-29', 'Identity-30', 'BatchNormAct2d-15', 'Identity-31', 'InvertedResidual-4', 'Conv2d-20', 'Identity-32', 'ReLU-12', 'BatchNormAct2d-16', 'Conv2d-21', 'Identity-33', 'ReLU-13', 'BatchNormAct2d-17', 'Identity-34', 'Conv2d-22', 'ReLU-14', 'Conv2d-23', 'Hardsigmoid-3', 'SqueezeExcite-3', 'Conv2d-24', 'Identity-35', 'Identity-36', 'BatchNormAct2d-18', 'Identity-37', 'InvertedResidual-5', 'Conv2d-25', 'Identity-38', 'Hardswish-2', 'BatchNormAct2d-19', 'Conv2d-26', 'Identity-39', 'Hardswish-3', 'BatchNormAct2d-20', 'Identity-40', 'Identity-41', 'Conv2d-27', 'Identity-42', 'Identity-43', 'BatchNormAct2d-21', 'InvertedResidual-6', 'Conv2d-28', 'Identity-44', 'Hardswish-4', 'BatchNormAct2d-22', 'Conv2d-29', 'Identity-45', 'Hardswish-5', 'BatchNormAct2d-23', 'Identity-46', 'Identity-47', 'Conv2d-30', 'Identity-48', 'Identity-49', 'BatchNormAct2d-24', 'Identity-50', 'InvertedResidual-7', 'Conv2d-31', 'Identity-51', 'Hardswish-6', 'BatchNormAct2d-25', 'Conv2d-32', 'Identity-52', 'Hardswish-7', 'BatchNormAct2d-26', 'Identity-53', 'Identity-54', 'Conv2d-33', 'Identity-55', 'Identity-56', 'BatchNormAct2d-27', 'Identity-57', 'InvertedResidual-8', 'Conv2d-34', 'Identity-58', 'Hardswish-8', 'BatchNormAct2d-28', 'Conv2d-35', 'Identity-59', 'Hardswish-9', 'BatchNormAct2d-29', 'Identity-60', 'Identity-61', 'Conv2d-36', 'Identity-62', 'Identity-63', 'BatchNormAct2d-30', 'Identity-64', 'InvertedResidual-9', 'Conv2d-37', 'Identity-65', 'Hardswish-10', 'BatchNormAct2d-31', 'Conv2d-38', 'Identity-66', 'Hardswish-11', 'BatchNormAct2d-32', 'Identity-67', 'Conv2d-39', 'ReLU-15', 'Conv2d-40', 'Hardsigmoid-4', 'SqueezeExcite-4', 'Conv2d-41', 'Identity-68', 'Identity-69', 'BatchNormAct2d-33', 'InvertedResidual-10', 'Conv2d-42', 'Identity-70', 'Hardswish-12', 'BatchNormAct2d-34', 'Conv2d-43', 'Identity-71', 'Hardswish-13', 'BatchNormAct2d-35', 'Identity-72', 'Conv2d-44', 'ReLU-16', 'Conv2d-45', 'Hardsigmoid-5', 'SqueezeExcite-5', 'Conv2d-46', 'Identity-73', 'Identity-74', 'BatchNormAct2d-36', 'Identity-75', 'InvertedResidual-11', 'Conv2d-47', 'Identity-76', 'Hardswish-14', 'BatchNormAct2d-37', 'Conv2d-48', 'Identity-77', 'Hardswish-15', 'BatchNormAct2d-38', 'Identity-78', 'Conv2d-49', 'ReLU-17', 'Conv2d-50', 'Hardsigmoid-6', 'SqueezeExcite-6', 'Conv2d-51', 'Identity-79', 'Identity-80', 'BatchNormAct2d-39', 'InvertedResidual-12', 'Conv2d-52', 'Identity-81', 'Hardswish-16', 'BatchNormAct2d-40', 'Conv2d-53', 'Identity-82', 'Hardswish-17', 'BatchNormAct2d-41', 'Identity-83', 'Conv2d-54', 'ReLU-18', 'Conv2d-55', 'Hardsigmoid-7', 'SqueezeExcite-7', 'Conv2d-56', 'Identity-84', 'Identity-85', 'BatchNormAct2d-42', 'Identity-86', 'InvertedResidual-13', 'Conv2d-57', 'Identity-87', 'Hardswish-18', 'BatchNormAct2d-43', 'Conv2d-58', 'Identity-88', 'Hardswish-19', 'BatchNormAct2d-44', 'Identity-89', 'Conv2d-59', 'ReLU-19', 'Conv2d-60', 'Hardsigmoid-8', 'SqueezeExcite-8', 'Conv2d-61', 'Identity-90', 'Identity-91', 'BatchNormAct2d-45', 'Identity-92', 'InvertedResidual-14', 'Conv2d-62', 'Identity-93', 'Hardswish-20', 'BatchNormAct2d-46', 'Identity-94', 'ConvBnAct-1', 'AdaptiveAvgPool2d-1', 'Identity-95', 'SelectAdaptivePool2d-1', 'Conv2d-63', 'Identity-96', 'Hardswish-21', 'Flatten-1', 'Linear-1', 'MobileNetV3-1']
Total number of layers: 282

==================================================
Processing layer: Identity-88 from model: mobilenetv3_large_100_classification

For model mobilenetv3_large_100_classification Layer Identity-88: Extracting features for 9000 images in batches of 28...
Feature extraction for model mobilenetv3_large_100_classification layer Identity-88 completed in 241.54 seconds.
Finding best ridge alphas for 200 target PCs using 47040 features and 9000 samples.
Using alphas: 10^4 to 10^20, 50 values spaced logarithmically.
[Pipeline] ........... (step 1 of 1) Processing ridgecv, total= 4.5min

Selected alpha and cross-validation score for each PC:
Finished finding best ridge alphas for each target PC.✅

PC   1: alpha = 429193, CV score = -1559.036252

PC   2: alpha = 202359, CV score = -535.116709

PC   3: alpha = 202359, CV score = -374.083281

PC   4: alpha = 202359, CV score = -218.578436

PC   5: alpha = 202359, CV score = -182.900053

PC   6: alpha = 429193, CV score = -166.717587

PC   7: alpha = 429193, CV score = -145.885452

PC   8: alpha = 910298, CV score = -148.090260

PC   9: alpha = 202359, CV score = -106.634321

PC  10: alpha = 202359, CV score = -89.583046

PC  11: alpha = 429193, CV score = -87.102801

PC  12: alpha = 202359, CV score = -60.226347

PC  13: alpha = 910298, CV score = -93.903770

PC  14: alpha = 429193, CV score = -79.294932

PC  15: alpha = 202359, CV score = -68.158780

PC  16: alpha = 429193, CV score = -74.884425

PC  17: alpha = 429193, CV score = -69.241501

PC  18: alpha = 910298, CV score = -73.785874

PC  19: alpha = 429193, CV score = -62.009958

PC  20: alpha = 429193, CV score = -64.421067

PC  21: alpha = 429193, CV score = -57.193225

PC  22: alpha = 429193, CV score = -57.635513

PC  23: alpha = 429193, CV score = -54.896336

PC  24: alpha = 910298, CV score = -54.547664

PC  25: alpha = 429193, CV score = -51.914303

PC  26: alpha = 910298, CV score = -51.869024

PC  27: alpha = 429193, CV score = -47.150394

PC  28: alpha = 910298, CV score = -47.765168

PC  29: alpha = 910298, CV score = -46.495936

PC  30: alpha = 429193, CV score = -41.236460

PC  31: alpha = 429193, CV score = -40.270688

PC  32: alpha = 429193, CV score = -38.128253

PC  33: alpha = 429193, CV score = -38.192944

PC  34: alpha = 910298, CV score = -38.558192

PC  35: alpha = 429193, CV score = -35.222508

PC  36: alpha = 910298, CV score = -34.553432

PC  37: alpha = 910298, CV score = -35.247824

PC  38: alpha = 429193, CV score = -31.802004

PC  39: alpha = 429193, CV score = -33.214034

PC  40: alpha = 429193, CV score = -30.694722

PC  41: alpha = 910298, CV score = -30.475343

PC  42: alpha = 429193, CV score = -28.689523

PC  43: alpha = 429193, CV score = -28.620036

PC  44: alpha = 910298, CV score = -28.713824

PC  45: alpha = 429193, CV score = -26.190901

PC  46: alpha = 910298, CV score = -28.048895

PC  47: alpha = 429193, CV score = -25.569808

PC  48: alpha = 202359, CV score = -23.552638

PC  49: alpha = 429193, CV score = -24.562883

PC  50: alpha = 429193, CV score = -24.146628

PC  51: alpha = 429193, CV score = -22.020252

PC  52: alpha = 910298, CV score = -23.496826

PC  53: alpha = 429193, CV score = -22.289802

PC  54: alpha = 910298, CV score = -22.572993

PC  55: alpha = 429193, CV score = -21.610272

PC  56: alpha = 429193, CV score = -20.448173

PC  57: alpha = 429193, CV score = -20.601948

PC  58: alpha = 429193, CV score = -19.831750

PC  59: alpha = 910298, CV score = -20.441082

PC  60: alpha = 429193, CV score = -19.647095

PC  61: alpha = 910298, CV score = -19.216354

PC  62: alpha = 429193, CV score = -18.211733

PC  63: alpha = 429193, CV score = -18.177928

PC  64: alpha = 429193, CV score = -17.912176

PC  65: alpha = 202359, CV score = -15.459516

PC  66: alpha = 429193, CV score = -17.355350

PC  67: alpha = 910298, CV score = -17.552623

PC  68: alpha = 910298, CV score = -17.413950

PC  69: alpha = 429193, CV score = -16.793154

PC  70: alpha = 910298, CV score = -16.280420

PC  71: alpha = 429193, CV score = -15.979452

PC  72: alpha = 910298, CV score = -15.664702

PC  73: alpha = 910298, CV score = -15.381365

PC  74: alpha = 429193, CV score = -15.216308

PC  75: alpha = 910298, CV score = -15.152699

PC  76: alpha = 429193, CV score = -14.315822

PC  77: alpha = 429193, CV score = -13.960293

PC  78: alpha = 429193, CV score = -14.341686

PC  79: alpha = 429193, CV score = -14.015134

PC  80: alpha = 429193, CV score = -13.820830

PC  81: alpha = 910298, CV score = -14.006008

PC  82: alpha = 910298, CV score = -13.513815

PC  83: alpha = 910298, CV score = -13.323377

PC  84: alpha = 910298, CV score = -12.938900

PC  85: alpha = 429193, CV score = -12.569659

PC  86: alpha = 910298, CV score = -12.783823

PC  87: alpha = 910298, CV score = -12.523909

PC  88: alpha = 429193, CV score = -12.121970

PC  89: alpha = 429193, CV score = -12.199409

PC  90: alpha = 910298, CV score = -12.113992

PC  91: alpha = 429193, CV score = -12.063500

PC  92: alpha = 429193, CV score = -11.447302

PC  93: alpha = 910298, CV score = -11.833198

PC  94: alpha = 910298, CV score = -11.482250

PC  95: alpha = 910298, CV score = -11.407536

PC  96: alpha = 429193, CV score = -11.240506

PC  97: alpha = 429193, CV score = -11.079652

PC  98: alpha = 910298, CV score = -11.128146

PC  99: alpha = 1.9307e+06, CV score = -10.994884

PC 100: alpha = 910298, CV score = -10.725203

PC 101: alpha = 429193, CV score = -10.448363

PC 102: alpha = 429193, CV score = -9.829559

PC 103: alpha = 910298, CV score = -10.153043

PC 104: alpha = 429193, CV score = -9.860881

PC 105: alpha = 910298, CV score = -10.104130

PC 106: alpha = 429193, CV score = -9.682801

PC 107: alpha = 910298, CV score = -9.878955

PC 108: alpha = 429193, CV score = -9.615795

PC 109: alpha = 910298, CV score = -9.668712

PC 110: alpha = 910298, CV score = -9.717478

PC 111: alpha = 910298, CV score = -9.658107

PC 112: alpha = 429193, CV score = -9.274687

PC 113: alpha = 910298, CV score = -9.469280

PC 114: alpha = 910298, CV score = -9.206567

PC 115: alpha = 429193, CV score = -8.935989

PC 116: alpha = 910298, CV score = -9.180268

PC 117: alpha = 910298, CV score = -8.930655

PC 118: alpha = 910298, CV score = -8.849933

PC 119: alpha = 910298, CV score = -8.715843

PC 120: alpha = 429193, CV score = -8.545513

PC 121: alpha = 910298, CV score = -8.843662

PC 122: alpha = 910298, CV score = -8.498582

PC 123: alpha = 910298, CV score = -8.314556

PC 124: alpha = 910298, CV score = -8.422324

PC 125: alpha = 910298, CV score = -8.330199

PC 126: alpha = 429193, CV score = -8.017053

PC 127: alpha = 910298, CV score = -8.061557

PC 128: alpha = 910298, CV score = -8.174042

PC 129: alpha = 910298, CV score = -7.937960

PC 130: alpha = 429193, CV score = -7.772332

PC 131: alpha = 429193, CV score = -7.768491

PC 132: alpha = 910298, CV score = -7.929799

PC 133: alpha = 910298, CV score = -7.700267

PC 134: alpha = 910298, CV score = -7.775502

PC 135: alpha = 910298, CV score = -7.612038

PC 136: alpha = 910298, CV score = -7.409345

PC 137: alpha = 910298, CV score = -7.463492

PC 138: alpha = 910298, CV score = -7.376400

PC 139: alpha = 429193, CV score = -7.262977

PC 140: alpha = 910298, CV score = -7.079155

PC 141: alpha = 910298, CV score = -7.175540

PC 142: alpha = 910298, CV score = -7.212858

PC 143: alpha = 910298, CV score = -7.064933

PC 144: alpha = 910298, CV score = -7.065795

PC 145: alpha = 910298, CV score = -6.992451

PC 146: alpha = 910298, CV score = -6.885229

PC 147: alpha = 910298, CV score = -6.975857

PC 148: alpha = 910298, CV score = -6.884411

PC 149: alpha = 910298, CV score = -6.751900

PC 150: alpha = 910298, CV score = -6.636077

PC 151: alpha = 429193, CV score = -6.493160

PC 152: alpha = 910298, CV score = -6.570622

PC 153: alpha = 910298, CV score = -6.550038

PC 154: alpha = 910298, CV score = -6.484195

PC 155: alpha = 910298, CV score = -6.475993

PC 156: alpha = 910298, CV score = -6.445360

PC 157: alpha = 1.9307e+06, CV score = -6.400605

PC 158: alpha = 910298, CV score = -6.327306

PC 159: alpha = 910298, CV score = -6.224274

PC 160: alpha = 910298, CV score = -6.183049

PC 161: alpha = 910298, CV score = -6.218554

PC 162: alpha = 910298, CV score = -6.048893

PC 163: alpha = 910298, CV score = -6.065466

PC 164: alpha = 429193, CV score = -5.837096

PC 165: alpha = 910298, CV score = -5.960379

PC 166: alpha = 910298, CV score = -5.902575

PC 167: alpha = 910298, CV score = -5.857763

PC 168: alpha = 1.9307e+06, CV score = -5.870578

PC 169: alpha = 910298, CV score = -5.750359

PC 170: alpha = 910298, CV score = -5.742227

PC 171: alpha = 910298, CV score = -5.744585

PC 172: alpha = 910298, CV score = -5.692578

PC 173: alpha = 910298, CV score = -5.563592

PC 174: alpha = 910298, CV score = -5.646062

PC 175: alpha = 910298, CV score = -5.586961

PC 176: alpha = 429193, CV score = -5.422118

PC 177: alpha = 910298, CV score = -5.501062

PC 178: alpha = 910298, CV score = -5.457802

PC 179: alpha = 910298, CV score = -5.441609

PC 180: alpha = 910298, CV score = -5.295652

PC 181: alpha = 910298, CV score = -5.396431

PC 182: alpha = 910298, CV score = -5.384393

PC 183: alpha = 910298, CV score = -5.266499

PC 184: alpha = 910298, CV score = -5.261102

PC 185: alpha = 910298, CV score = -5.216812

PC 186: alpha = 910298, CV score = -5.169580

PC 187: alpha = 910298, CV score = -5.158456

PC 188: alpha = 910298, CV score = -5.086582

PC 189: alpha = 910298, CV score = -5.074654

PC 190: alpha = 910298, CV score = -4.999332

PC 191: alpha = 910298, CV score = -4.975950

PC 192: alpha = 910298, CV score = -4.972943

PC 193: alpha = 910298, CV score = -4.977336

PC 194: alpha = 910298, CV score = -4.933943

PC 195: alpha = 910298, CV score = -4.864829

PC 196: alpha = 910298, CV score = -4.890925

PC 197: alpha = 910298, CV score = -4.822382

PC 198: alpha = 910298, CV score = -4.828931

PC 199: alpha = 910298, CV score = -4.764157

PC 200: alpha = 910298, CV score = -4.712847

Mean cross-validation score across PCs: -34.340663

======================================================================================

Chosen model: ghostnet_100_classification
Number of images: 73000
Image shape: (425, 425, 3), dtype: uint8
nsdID shape: (73000,), Shared1000 shape: (73000,)
Neural data shape: (10000, 8088)
Image IDs shape: (10000,)
Number of voxels: 8088
Number of projections for SRP: 7894

Loaded target with shape (10000, 8088).
Transformed data shape: (9000, 200)
Model options for ghostnet_100_classification: {'model_name': 'ghostnet_100', 'train_type': 'classification', 'train_data': 'imagenet', 'model_source': 'timm', 'call': "get_timm_model('ghostnet_100', pretrained = True)"}
Image transforms for ghostnet_100_classification: Compose(
    Resize(size=(224, 224), interpolation=bicubic, max_size=None, antialias=True)
    MaybeToTensor()
    Normalize(mean=tensor([0.4850, 0.4560, 0.4060]), std=tensor([0.2290, 0.2240, 0.2250]))
)
Loaded model: ghostnet_100_classification
Ordered layers from model: ['Conv2d-1', 'BatchNorm2d-1', 'ReLU-1', 'Conv2d-2', 'BatchNorm2d-2', 'ReLU-2', 'Conv2d-3', 'BatchNorm2d-3', 'ReLU-3', 'GhostModule-1', 'Conv2d-4', 'BatchNorm2d-4', 'Identity-1', 'Conv2d-5', 'BatchNorm2d-5', 'Identity-2', 'GhostModule-2', 'GhostBottleneck-1', 'Conv2d-6', 'BatchNorm2d-6', 'ReLU-4', 'Conv2d-7', 'BatchNorm2d-7', 'ReLU-5', 'GhostModule-3', 'Conv2d-8', 'BatchNorm2d-8', 'Conv2d-9', 'BatchNorm2d-9', 'Identity-3', 'Conv2d-10', 'BatchNorm2d-10', 'Identity-4', 'GhostModule-4', 'Conv2d-11', 'BatchNorm2d-11', 'Conv2d-12', 'BatchNorm2d-12', 'GhostBottleneck-2', 'Conv2d-13', 'BatchNorm2d-13', 'ReLU-6', 'Conv2d-14', 'BatchNorm2d-14', 'ReLU-7', 'GhostModule-5', 'Conv2d-15', 'BatchNorm2d-15', 'Identity-5', 'Conv2d-16', 'BatchNorm2d-16', 'Identity-6', 'GhostModule-6', 'GhostBottleneck-3', 'Conv2d-17', 'BatchNorm2d-17', 'ReLU-8', 'Conv2d-18', 'BatchNorm2d-18', 'ReLU-9', 'GhostModule-7', 'Conv2d-19', 'BatchNorm2d-19', 'Conv2d-20', 'ReLU-10', 'Conv2d-21', 'Hardsigmoid-1', 'SqueezeExcite-1', 'Conv2d-22', 'BatchNorm2d-20', 'Identity-7', 'Conv2d-23', 'BatchNorm2d-21', 'Identity-8', 'GhostModule-8', 'Conv2d-24', 'BatchNorm2d-22', 'Conv2d-25', 'BatchNorm2d-23', 'GhostBottleneck-4', 'Conv2d-26', 'BatchNorm2d-24', 'ReLU-11', 'Conv2d-27', 'BatchNorm2d-25', 'ReLU-12', 'GhostModule-9', 'Conv2d-28', 'ReLU-13', 'Conv2d-29', 'Hardsigmoid-2', 'SqueezeExcite-2', 'Conv2d-30', 'BatchNorm2d-26', 'Identity-9', 'Conv2d-31', 'BatchNorm2d-27', 'Identity-10', 'GhostModule-10', 'GhostBottleneck-5', 'Conv2d-32', 'BatchNorm2d-28', 'ReLU-14', 'Conv2d-33', 'BatchNorm2d-29', 'ReLU-15', 'GhostModule-11', 'Conv2d-34', 'BatchNorm2d-30', 'Conv2d-35', 'BatchNorm2d-31', 'Identity-11', 'Conv2d-36', 'BatchNorm2d-32', 'Identity-12', 'GhostModule-12', 'Conv2d-37', 'BatchNorm2d-33', 'Conv2d-38', 'BatchNorm2d-34', 'GhostBottleneck-6', 'Conv2d-39', 'BatchNorm2d-35', 'ReLU-16', 'Conv2d-40', 'BatchNorm2d-36', 'ReLU-17', 'GhostModule-13', 'Conv2d-41', 'BatchNorm2d-37', 'Identity-13', 'Conv2d-42', 'BatchNorm2d-38', 'Identity-14', 'GhostModule-14', 'GhostBottleneck-7', 'Conv2d-43', 'BatchNorm2d-39', 'ReLU-18', 'Conv2d-44', 'BatchNorm2d-40', 'ReLU-19', 'GhostModule-15', 'Conv2d-45', 'BatchNorm2d-41', 'Identity-15', 'Conv2d-46', 'BatchNorm2d-42', 'Identity-16', 'GhostModule-16', 'GhostBottleneck-8', 'Conv2d-47', 'BatchNorm2d-43', 'ReLU-20', 'Conv2d-48', 'BatchNorm2d-44', 'ReLU-21', 'GhostModule-17', 'Conv2d-49', 'BatchNorm2d-45', 'Identity-17', 'Conv2d-50', 'BatchNorm2d-46', 'Identity-18', 'GhostModule-18', 'GhostBottleneck-9', 'Conv2d-51', 'BatchNorm2d-47', 'ReLU-22', 'Conv2d-52', 'BatchNorm2d-48', 'ReLU-23', 'GhostModule-19', 'Conv2d-53', 'ReLU-24', 'Conv2d-54', 'Hardsigmoid-3', 'SqueezeExcite-3', 'Conv2d-55', 'BatchNorm2d-49', 'Identity-19', 'Conv2d-56', 'BatchNorm2d-50', 'Identity-20', 'GhostModule-20', 'Conv2d-57', 'BatchNorm2d-51', 'Conv2d-58', 'BatchNorm2d-52', 'GhostBottleneck-10', 'Conv2d-59', 'BatchNorm2d-53', 'ReLU-25', 'Conv2d-60', 'BatchNorm2d-54', 'ReLU-26', 'GhostModule-21', 'Conv2d-61', 'ReLU-27', 'Conv2d-62', 'Hardsigmoid-4', 'SqueezeExcite-4', 'Conv2d-63', 'BatchNorm2d-55', 'Identity-21', 'Conv2d-64', 'BatchNorm2d-56', 'Identity-22', 'GhostModule-22', 'GhostBottleneck-11', 'Conv2d-65', 'BatchNorm2d-57', 'ReLU-28', 'Conv2d-66', 'BatchNorm2d-58', 'ReLU-29', 'GhostModule-23', 'Conv2d-67', 'BatchNorm2d-59', 'Conv2d-68', 'ReLU-30', 'Conv2d-69', 'Hardsigmoid-5', 'SqueezeExcite-5', 'Conv2d-70', 'BatchNorm2d-60', 'Identity-23', 'Conv2d-71', 'BatchNorm2d-61', 'Identity-24', 'GhostModule-24', 'Conv2d-72', 'BatchNorm2d-62', 'Conv2d-73', 'BatchNorm2d-63', 'GhostBottleneck-12', 'Conv2d-74', 'BatchNorm2d-64', 'ReLU-31', 'Conv2d-75', 'BatchNorm2d-65', 'ReLU-32', 'GhostModule-25', 'Conv2d-76', 'BatchNorm2d-66', 'Identity-25', 'Conv2d-77', 'BatchNorm2d-67', 'Identity-26', 'GhostModule-26', 'GhostBottleneck-13', 'Conv2d-78', 'BatchNorm2d-68', 'ReLU-33', 'Conv2d-79', 'BatchNorm2d-69', 'ReLU-34', 'GhostModule-27', 'Conv2d-80', 'ReLU-35', 'Conv2d-81', 'Hardsigmoid-6', 'SqueezeExcite-6', 'Conv2d-82', 'BatchNorm2d-70', 'Identity-27', 'Conv2d-83', 'BatchNorm2d-71', 'Identity-28', 'GhostModule-28', 'GhostBottleneck-14', 'Conv2d-84', 'BatchNorm2d-72', 'ReLU-36', 'Conv2d-85', 'BatchNorm2d-73', 'ReLU-37', 'GhostModule-29', 'Conv2d-86', 'BatchNorm2d-74', 'Identity-29', 'Conv2d-87', 'BatchNorm2d-75', 'Identity-30', 'GhostModule-30', 'GhostBottleneck-15', 'Conv2d-88', 'BatchNorm2d-76', 'ReLU-38', 'Conv2d-89', 'BatchNorm2d-77', 'ReLU-39', 'GhostModule-31', 'Conv2d-90', 'ReLU-40', 'Conv2d-91', 'Hardsigmoid-7', 'SqueezeExcite-7', 'Conv2d-92', 'BatchNorm2d-78', 'Identity-31', 'Conv2d-93', 'BatchNorm2d-79', 'Identity-32', 'GhostModule-32', 'GhostBottleneck-16', 'Conv2d-94', 'Identity-33', 'ReLU-41', 'BatchNormAct2d-1', 'Identity-34', 'ConvBnAct-1', 'AdaptiveAvgPool2d-1', 'Identity-35', 'SelectAdaptivePool2d-1', 'Conv2d-95', 'ReLU-42', 'Flatten-1', 'Linear-1', 'GhostNet-1']
Total number of layers: 320

==================================================
Processing layer: BatchNorm2d-77 from model: ghostnet_100_classification

For model ghostnet_100_classification Layer BatchNorm2d-77: Extracting features for 9000 images in batches of 28...
Feature extraction for model ghostnet_100_classification layer BatchNorm2d-77 completed in 256.67 seconds.
Finding best ridge alphas for 200 target PCs using 23520 features and 9000 samples.
Using alphas: 10^4 to 10^20, 50 values spaced logarithmically.
[Pipeline] ........... (step 1 of 1) Processing ridgecv, total= 3.3min

Selected alpha and cross-validation score for each PC:
Finished finding best ridge alphas for each target PC.✅

PC   1: alpha = 910298, CV score = -1566.348807

PC   2: alpha = 202359, CV score = -547.546497

PC   3: alpha = 202359, CV score = -371.291631

PC   4: alpha = 202359, CV score = -220.966488

PC   5: alpha = 429193, CV score = -184.448474

PC   6: alpha = 429193, CV score = -165.683347

PC   7: alpha = 429193, CV score = -147.556705

PC   8: alpha = 910298, CV score = -148.676383

PC   9: alpha = 429193, CV score = -107.853768

PC  10: alpha = 429193, CV score = -90.829498

PC  11: alpha = 910298, CV score = -87.650784

PC  12: alpha = 429193, CV score = -62.656825

PC  13: alpha = 910298, CV score = -94.124874

PC  14: alpha = 910298, CV score = -79.586278

PC  15: alpha = 429193, CV score = -69.203954

PC  16: alpha = 910298, CV score = -75.173204

PC  17: alpha = 910298, CV score = -68.960393

PC  18: alpha = 1.9307e+06, CV score = -73.648550

PC  19: alpha = 910298, CV score = -62.273950

PC  20: alpha = 910298, CV score = -64.532456

PC  21: alpha = 910298, CV score = -57.677541

PC  22: alpha = 910298, CV score = -57.603087

PC  23: alpha = 910298, CV score = -54.931910

PC  24: alpha = 1.9307e+06, CV score = -54.841648

PC  25: alpha = 910298, CV score = -52.255449

PC  26: alpha = 910298, CV score = -52.099508

PC  27: alpha = 910298, CV score = -47.621826

PC  28: alpha = 1.9307e+06, CV score = -48.046515

PC  29: alpha = 910298, CV score = -46.432148

PC  30: alpha = 910298, CV score = -41.647422

PC  31: alpha = 429193, CV score = -40.750459

PC  32: alpha = 910298, CV score = -38.535420

PC  33: alpha = 910298, CV score = -38.533730

PC  34: alpha = 1.9307e+06, CV score = -38.815127

PC  35: alpha = 910298, CV score = -35.461655

PC  36: alpha = 910298, CV score = -34.729653

PC  37: alpha = 1.9307e+06, CV score = -35.183310

PC  38: alpha = 910298, CV score = -31.847030

PC  39: alpha = 910298, CV score = -33.390571

PC  40: alpha = 910298, CV score = -31.034386

PC  41: alpha = 910298, CV score = -30.494478

PC  42: alpha = 910298, CV score = -28.866468

PC  43: alpha = 910298, CV score = -28.630069

PC  44: alpha = 1.9307e+06, CV score = -28.872792

PC  45: alpha = 910298, CV score = -26.502400

PC  46: alpha = 1.9307e+06, CV score = -28.010698

PC  47: alpha = 910298, CV score = -25.761729

PC  48: alpha = 429193, CV score = -23.396283

PC  49: alpha = 910298, CV score = -24.706356

PC  50: alpha = 910298, CV score = -24.310497

PC  51: alpha = 910298, CV score = -22.065361

PC  52: alpha = 910298, CV score = -23.573071

PC  53: alpha = 429193, CV score = -22.379309

PC  54: alpha = 910298, CV score = -22.496791

PC  55: alpha = 910298, CV score = -21.677838

PC  56: alpha = 910298, CV score = -20.571675

PC  57: alpha = 910298, CV score = -20.661329

PC  58: alpha = 910298, CV score = -20.050329

PC  59: alpha = 1.9307e+06, CV score = -20.458176

PC  60: alpha = 910298, CV score = -19.612742

PC  61: alpha = 910298, CV score = -19.115783

PC  62: alpha = 910298, CV score = -18.325759

PC  63: alpha = 910298, CV score = -18.272043

PC  64: alpha = 910298, CV score = -17.952263

PC  65: alpha = 429193, CV score = -15.536512

PC  66: alpha = 910298, CV score = -17.460362

PC  67: alpha = 1.9307e+06, CV score = -17.575713

PC  68: alpha = 1.9307e+06, CV score = -17.486922

PC  69: alpha = 910298, CV score = -16.834979

PC  70: alpha = 910298, CV score = -16.277561

PC  71: alpha = 910298, CV score = -16.081368

PC  72: alpha = 910298, CV score = -15.617408

PC  73: alpha = 910298, CV score = -15.450135

PC  74: alpha = 910298, CV score = -15.315563

PC  75: alpha = 910298, CV score = -15.082794

PC  76: alpha = 910298, CV score = -14.363551

PC  77: alpha = 910298, CV score = -14.079108

PC  78: alpha = 1.9307e+06, CV score = -14.458095

PC  79: alpha = 910298, CV score = -14.027093

PC  80: alpha = 910298, CV score = -13.847544

PC  81: alpha = 910298, CV score = -14.035074

PC  82: alpha = 910298, CV score = -13.507308

PC  83: alpha = 910298, CV score = -13.297659

PC  84: alpha = 910298, CV score = -12.992878

PC  85: alpha = 910298, CV score = -12.595627

PC  86: alpha = 1.9307e+06, CV score = -12.799313

PC  87: alpha = 910298, CV score = -12.599729

PC  88: alpha = 910298, CV score = -12.149568

PC  89: alpha = 910298, CV score = -12.299993

PC  90: alpha = 910298, CV score = -12.086791

PC  91: alpha = 910298, CV score = -12.129109

PC  92: alpha = 910298, CV score = -11.499823

PC  93: alpha = 1.9307e+06, CV score = -11.868770

PC  94: alpha = 910298, CV score = -11.514592

PC  95: alpha = 910298, CV score = -11.434570

PC  96: alpha = 910298, CV score = -11.262466

PC  97: alpha = 910298, CV score = -11.194622

PC  98: alpha = 910298, CV score = -11.102951

PC  99: alpha = 4.09492e+06, CV score = -11.033941

PC 100: alpha = 910298, CV score = -10.664847

PC 101: alpha = 910298, CV score = -10.483268

PC 102: alpha = 910298, CV score = -9.867049

PC 103: alpha = 910298, CV score = -10.200586

PC 104: alpha = 910298, CV score = -9.861119

PC 105: alpha = 910298, CV score = -10.093675

PC 106: alpha = 910298, CV score = -9.693191

PC 107: alpha = 910298, CV score = -9.935468

PC 108: alpha = 910298, CV score = -9.643853

PC 109: alpha = 910298, CV score = -9.684589

PC 110: alpha = 910298, CV score = -9.690469

PC 111: alpha = 1.9307e+06, CV score = -9.697565

PC 112: alpha = 910298, CV score = -9.284803

PC 113: alpha = 910298, CV score = -9.479498

PC 114: alpha = 910298, CV score = -9.208642

PC 115: alpha = 910298, CV score = -8.940854

PC 116: alpha = 1.9307e+06, CV score = -9.169588

PC 117: alpha = 910298, CV score = -8.916337

PC 118: alpha = 910298, CV score = -8.875947

PC 119: alpha = 1.9307e+06, CV score = -8.764738

PC 120: alpha = 910298, CV score = -8.617757

PC 121: alpha = 1.9307e+06, CV score = -8.862973

PC 122: alpha = 910298, CV score = -8.466872

PC 123: alpha = 910298, CV score = -8.313771

PC 124: alpha = 1.9307e+06, CV score = -8.420484

PC 125: alpha = 1.9307e+06, CV score = -8.344708

PC 126: alpha = 910298, CV score = -8.052783

PC 127: alpha = 910298, CV score = -8.071409

PC 128: alpha = 1.9307e+06, CV score = -8.172988

PC 129: alpha = 1.9307e+06, CV score = -7.986619

PC 130: alpha = 910298, CV score = -7.807392

PC 131: alpha = 910298, CV score = -7.749258

PC 132: alpha = 1.9307e+06, CV score = -7.929169

PC 133: alpha = 1.9307e+06, CV score = -7.730874

PC 134: alpha = 1.9307e+06, CV score = -7.761771

PC 135: alpha = 1.9307e+06, CV score = -7.627850

PC 136: alpha = 910298, CV score = -7.418787

PC 137: alpha = 1.9307e+06, CV score = -7.475918

PC 138: alpha = 910298, CV score = -7.374885

PC 139: alpha = 910298, CV score = -7.297815

PC 140: alpha = 910298, CV score = -7.072775

PC 141: alpha = 1.9307e+06, CV score = -7.197148

PC 142: alpha = 1.9307e+06, CV score = -7.216564

PC 143: alpha = 1.9307e+06, CV score = -7.087729

PC 144: alpha = 910298, CV score = -7.052604

PC 145: alpha = 1.9307e+06, CV score = -7.012696

PC 146: alpha = 1.9307e+06, CV score = -6.919905

PC 147: alpha = 1.9307e+06, CV score = -6.984893

PC 148: alpha = 1.9307e+06, CV score = -6.894877

PC 149: alpha = 1.9307e+06, CV score = -6.769327

PC 150: alpha = 910298, CV score = -6.631268

PC 151: alpha = 910298, CV score = -6.529290

PC 152: alpha = 1.9307e+06, CV score = -6.598252

PC 153: alpha = 1.9307e+06, CV score = -6.589009

PC 154: alpha = 1.9307e+06, CV score = -6.493280

PC 155: alpha = 1.9307e+06, CV score = -6.469204

PC 156: alpha = 1.9307e+06, CV score = -6.455790

PC 157: alpha = 4.09492e+06, CV score = -6.405636

PC 158: alpha = 1.9307e+06, CV score = -6.335536

PC 159: alpha = 1.9307e+06, CV score = -6.202308

PC 160: alpha = 910298, CV score = -6.183018

PC 161: alpha = 1.9307e+06, CV score = -6.228264

PC 162: alpha = 910298, CV score = -6.060967

PC 163: alpha = 1.9307e+06, CV score = -6.080848

PC 164: alpha = 910298, CV score = -5.861511

PC 165: alpha = 1.9307e+06, CV score = -5.953913

PC 166: alpha = 910298, CV score = -5.880664

PC 167: alpha = 1.9307e+06, CV score = -5.864283

PC 168: alpha = 1.9307e+06, CV score = -5.866864

PC 169: alpha = 910298, CV score = -5.760485

PC 170: alpha = 910298, CV score = -5.738532

PC 171: alpha = 1.9307e+06, CV score = -5.747836

PC 172: alpha = 1.9307e+06, CV score = -5.707393

PC 173: alpha = 910298, CV score = -5.571655

PC 174: alpha = 1.9307e+06, CV score = -5.655313

PC 175: alpha = 1.9307e+06, CV score = -5.605325

PC 176: alpha = 910298, CV score = -5.437648

PC 177: alpha = 1.9307e+06, CV score = -5.522594

PC 178: alpha = 1.9307e+06, CV score = -5.471624

PC 179: alpha = 1.9307e+06, CV score = -5.436790

PC 180: alpha = 910298, CV score = -5.294214

PC 181: alpha = 1.9307e+06, CV score = -5.388557

PC 182: alpha = 1.9307e+06, CV score = -5.386560

PC 183: alpha = 1.9307e+06, CV score = -5.271422

PC 184: alpha = 1.9307e+06, CV score = -5.287135

PC 185: alpha = 1.9307e+06, CV score = -5.254159

PC 186: alpha = 910298, CV score = -5.186650

PC 187: alpha = 1.9307e+06, CV score = -5.167991

PC 188: alpha = 1.9307e+06, CV score = -5.105649

PC 189: alpha = 1.9307e+06, CV score = -5.073638

PC 190: alpha = 1.9307e+06, CV score = -5.006117

PC 191: alpha = 1.9307e+06, CV score = -4.982753

PC 192: alpha = 1.9307e+06, CV score = -4.974142

PC 193: alpha = 1.9307e+06, CV score = -4.986608

PC 194: alpha = 4.09492e+06, CV score = -4.968518

PC 195: alpha = 910298, CV score = -4.888751

PC 196: alpha = 1.9307e+06, CV score = -4.893219

PC 197: alpha = 1.9307e+06, CV score = -4.852201

PC 198: alpha = 1.9307e+06, CV score = -4.824588

PC 199: alpha = 910298, CV score = -4.747041

PC 200: alpha = 910298, CV score = -4.717427

Mean cross-validation score across PCs: -34.532831

======================================================================================

Chosen model: convnext_base_classification
Number of images: 73000
Image shape: (425, 425, 3), dtype: uint8
nsdID shape: (73000,), Shared1000 shape: (73000,)
Neural data shape: (10000, 8088)
Image IDs shape: (10000,)
Number of voxels: 8088
Number of projections for SRP: 7894

Loaded target with shape (10000, 8088).
Transformed data shape: (9000, 200)
Model options for convnext_base_classification: {'model_name': 'convnext_base', 'train_type': 'classification', 'train_data': 'imagenet', 'model_source': 'timm', 'call': "get_timm_model('convnext_base', pretrained = True)"}
Image transforms for convnext_base_classification: Compose(
    Resize(size=(224, 224), interpolation=bicubic, max_size=None, antialias=True)
    MaybeToTensor()
    Normalize(mean=tensor([0.4850, 0.4560, 0.4060]), std=tensor([0.2290, 0.2240, 0.2250]))
)
Loaded model: convnext_base_classification
Ordered layers from model: ['Conv2d-1', 'LayerNorm2d-1', 'Identity-1', 'Conv2d-2', 'LayerNorm-2', 'Linear-1', 'GELU-1', 'Dropout-1', 'Identity-2', 'Linear-2', 'Dropout-2', 'Mlp-1', 'Identity-3', 'Identity-4', 'ConvNeXtBlock-1', 'Conv2d-3', 'LayerNorm-3', 'Linear-3', 'GELU-2', 'Dropout-3', 'Identity-5', 'Linear-4', 'Dropout-4', 'Mlp-2', 'Identity-6', 'Identity-7', 'ConvNeXtBlock-2', 'Conv2d-4', 'LayerNorm-4', 'Linear-5', 'GELU-3', 'Dropout-5', 'Identity-8', 'Linear-6', 'Dropout-6', 'Mlp-3', 'Identity-9', 'Identity-10', 'ConvNeXtBlock-3', 'ConvNeXtStage-1', 'LayerNorm2d-2', 'Conv2d-5', 'Conv2d-6', 'LayerNorm-6', 'Linear-7', 'GELU-4', 'Dropout-7', 'Identity-11', 'Linear-8', 'Dropout-8', 'Mlp-4', 'Identity-12', 'Identity-13', 'ConvNeXtBlock-4', 'Conv2d-7', 'LayerNorm-7', 'Linear-9', 'GELU-5', 'Dropout-9', 'Identity-14', 'Linear-10', 'Dropout-10', 'Mlp-5', 'Identity-15', 'Identity-16', 'ConvNeXtBlock-5', 'Conv2d-8', 'LayerNorm-8', 'Linear-11', 'GELU-6', 'Dropout-11', 'Identity-17', 'Linear-12', 'Dropout-12', 'Mlp-6', 'Identity-18', 'Identity-19', 'ConvNeXtBlock-6', 'ConvNeXtStage-2', 'LayerNorm2d-3', 'Conv2d-9', 'Conv2d-10', 'LayerNorm-10', 'Linear-13', 'GELU-7', 'Dropout-13', 'Identity-20', 'Linear-14', 'Dropout-14', 'Mlp-7', 'Identity-21', 'Identity-22', 'ConvNeXtBlock-7', 'Conv2d-11', 'LayerNorm-11', 'Linear-15', 'GELU-8', 'Dropout-15', 'Identity-23', 'Linear-16', 'Dropout-16', 'Mlp-8', 'Identity-24', 'Identity-25', 'ConvNeXtBlock-8', 'Conv2d-12', 'LayerNorm-12', 'Linear-17', 'GELU-9', 'Dropout-17', 'Identity-26', 'Linear-18', 'Dropout-18', 'Mlp-9', 'Identity-27', 'Identity-28', 'ConvNeXtBlock-9', 'Conv2d-13', 'LayerNorm-13', 'Linear-19', 'GELU-10', 'Dropout-19', 'Identity-29', 'Linear-20', 'Dropout-20', 'Mlp-10', 'Identity-30', 'Identity-31', 'ConvNeXtBlock-10', 'Conv2d-14', 'LayerNorm-14', 'Linear-21', 'GELU-11', 'Dropout-21', 'Identity-32', 'Linear-22', 'Dropout-22', 'Mlp-11', 'Identity-33', 'Identity-34', 'ConvNeXtBlock-11', 'Conv2d-15', 'LayerNorm-15', 'Linear-23', 'GELU-12', 'Dropout-23', 'Identity-35', 'Linear-24', 'Dropout-24', 'Mlp-12', 'Identity-36', 'Identity-37', 'ConvNeXtBlock-12', 'Conv2d-16', 'LayerNorm-16', 'Linear-25', 'GELU-13', 'Dropout-25', 'Identity-38', 'Linear-26', 'Dropout-26', 'Mlp-13', 'Identity-39', 'Identity-40', 'ConvNeXtBlock-13', 'Conv2d-17', 'LayerNorm-17', 'Linear-27', 'GELU-14', 'Dropout-27', 'Identity-41', 'Linear-28', 'Dropout-28', 'Mlp-14', 'Identity-42', 'Identity-43', 'ConvNeXtBlock-14', 'Conv2d-18', 'LayerNorm-18', 'Linear-29', 'GELU-15', 'Dropout-29', 'Identity-44', 'Linear-30', 'Dropout-30', 'Mlp-15', 'Identity-45', 'Identity-46', 'ConvNeXtBlock-15', 'Conv2d-19', 'LayerNorm-19', 'Linear-31', 'GELU-16', 'Dropout-31', 'Identity-47', 'Linear-32', 'Dropout-32', 'Mlp-16', 'Identity-48', 'Identity-49', 'ConvNeXtBlock-16', 'Conv2d-20', 'LayerNorm-20', 'Linear-33', 'GELU-17', 'Dropout-33', 'Identity-50', 'Linear-34', 'Dropout-34', 'Mlp-17', 'Identity-51', 'Identity-52', 'ConvNeXtBlock-17', 'Conv2d-21', 'LayerNorm-21', 'Linear-35', 'GELU-18', 'Dropout-35', 'Identity-53', 'Linear-36', 'Dropout-36', 'Mlp-18', 'Identity-54', 'Identity-55', 'ConvNeXtBlock-18', 'Conv2d-22', 'LayerNorm-22', 'Linear-37', 'GELU-19', 'Dropout-37', 'Identity-56', 'Linear-38', 'Dropout-38', 'Mlp-19', 'Identity-57', 'Identity-58', 'ConvNeXtBlock-19', 'Conv2d-23', 'LayerNorm-23', 'Linear-39', 'GELU-20', 'Dropout-39', 'Identity-59', 'Linear-40', 'Dropout-40', 'Mlp-20', 'Identity-60', 'Identity-61', 'ConvNeXtBlock-20', 'Conv2d-24', 'LayerNorm-24', 'Linear-41', 'GELU-21', 'Dropout-41', 'Identity-62', 'Linear-42', 'Dropout-42', 'Mlp-21', 'Identity-63', 'Identity-64', 'ConvNeXtBlock-21', 'Conv2d-25', 'LayerNorm-25', 'Linear-43', 'GELU-22', 'Dropout-43', 'Identity-65', 'Linear-44', 'Dropout-44', 'Mlp-22', 'Identity-66', 'Identity-67', 'ConvNeXtBlock-22', 'Conv2d-26', 'LayerNorm-26', 'Linear-45', 'GELU-23', 'Dropout-45', 'Identity-68', 'Linear-46', 'Dropout-46', 'Mlp-23', 'Identity-69', 'Identity-70', 'ConvNeXtBlock-23', 'Conv2d-27', 'LayerNorm-27', 'Linear-47', 'GELU-24', 'Dropout-47', 'Identity-71', 'Linear-48', 'Dropout-48', 'Mlp-24', 'Identity-72', 'Identity-73', 'ConvNeXtBlock-24', 'Conv2d-28', 'LayerNorm-28', 'Linear-49', 'GELU-25', 'Dropout-49', 'Identity-74', 'Linear-50', 'Dropout-50', 'Mlp-25', 'Identity-75', 'Identity-76', 'ConvNeXtBlock-25', 'Conv2d-29', 'LayerNorm-29', 'Linear-51', 'GELU-26', 'Dropout-51', 'Identity-77', 'Linear-52', 'Dropout-52', 'Mlp-26', 'Identity-78', 'Identity-79', 'ConvNeXtBlock-26', 'Conv2d-30', 'LayerNorm-30', 'Linear-53', 'GELU-27', 'Dropout-53', 'Identity-80', 'Linear-54', 'Dropout-54', 'Mlp-27', 'Identity-81', 'Identity-82', 'ConvNeXtBlock-27', 'Conv2d-31', 'LayerNorm-31', 'Linear-55', 'GELU-28', 'Dropout-55', 'Identity-83', 'Linear-56', 'Dropout-56', 'Mlp-28', 'Identity-84', 'Identity-85', 'ConvNeXtBlock-28', 'Conv2d-32', 'LayerNorm-32', 'Linear-57', 'GELU-29', 'Dropout-57', 'Identity-86', 'Linear-58', 'Dropout-58', 'Mlp-29', 'Identity-87', 'Identity-88', 'ConvNeXtBlock-29', 'Conv2d-33', 'LayerNorm-33', 'Linear-59', 'GELU-30', 'Dropout-59', 'Identity-89', 'Linear-60', 'Dropout-60', 'Mlp-30', 'Identity-90', 'Identity-91', 'ConvNeXtBlock-30', 'Conv2d-34', 'LayerNorm-34', 'Linear-61', 'GELU-31', 'Dropout-61', 'Identity-92', 'Linear-62', 'Dropout-62', 'Mlp-31', 'Identity-93', 'Identity-94', 'ConvNeXtBlock-31', 'Conv2d-35', 'LayerNorm-35', 'Linear-63', 'GELU-32', 'Dropout-63', 'Identity-95', 'Linear-64', 'Dropout-64', 'Mlp-32', 'Identity-96', 'Identity-97', 'ConvNeXtBlock-32', 'Conv2d-36', 'LayerNorm-36', 'Linear-65', 'GELU-33', 'Dropout-65', 'Identity-98', 'Linear-66', 'Dropout-66', 'Mlp-33', 'Identity-99', 'Identity-100', 'ConvNeXtBlock-33', 'ConvNeXtStage-3', 'LayerNorm2d-4', 'Conv2d-37', 'Conv2d-38', 'LayerNorm-38', 'Linear-67', 'GELU-34', 'Dropout-67', 'Identity-101', 'Linear-68', 'Dropout-68', 'Mlp-34', 'Identity-102', 'Identity-103', 'ConvNeXtBlock-34', 'Conv2d-39', 'LayerNorm-39', 'Linear-69', 'GELU-35', 'Dropout-69', 'Identity-104', 'Linear-70', 'Dropout-70', 'Mlp-35', 'Identity-105', 'Identity-106', 'ConvNeXtBlock-35', 'Conv2d-40', 'LayerNorm-40', 'Linear-71', 'GELU-36', 'Dropout-71', 'Identity-107', 'Linear-72', 'Dropout-72', 'Mlp-36', 'Identity-108', 'Identity-109', 'ConvNeXtBlock-36', 'ConvNeXtStage-4', 'Identity-110', 'AdaptiveAvgPool2d-1', 'Identity-111', 'SelectAdaptivePool2d-1', 'LayerNorm2d-5', 'Flatten-1', 'Identity-112', 'Dropout-73', 'Linear-73', 'NormMlpClassifierHead-1', 'ConvNeXt-41']
Total number of layers: 456

==================================================
Processing layer: Conv2d-26 from model: convnext_base_classification

For model convnext_base_classification Layer Conv2d-26: Extracting features for 9000 images in batches of 28...
Feature extraction for model convnext_base_classification layer Conv2d-26 completed in 1826.77 seconds.
Finding best ridge alphas for 200 target PCs using 100352 features and 9000 samples.
Using alphas: 10^4 to 10^20, 50 values spaced logarithmically.
[Pipeline] ........... (step 1 of 1) Processing ridgecv, total= 7.5min

Selected alpha and cross-validation score for each PC:
Finished finding best ridge alphas for each target PC.✅

PC   1: alpha = 8.68511e+06, CV score = -1511.709457

PC   2: alpha = 4.09492e+06, CV score = -491.158742

PC   3: alpha = 1.9307e+06, CV score = -337.185162

PC   4: alpha = 1.9307e+06, CV score = -203.620588

PC   5: alpha = 4.09492e+06, CV score = -170.854351

PC   6: alpha = 4.09492e+06, CV score = -159.428770

PC   7: alpha = 4.09492e+06, CV score = -142.307622

PC   8: alpha = 8.68511e+06, CV score = -147.541610

PC   9: alpha = 4.09492e+06, CV score = -103.246850

PC  10: alpha = 4.09492e+06, CV score = -86.429548

PC  11: alpha = 4.09492e+06, CV score = -83.540487

PC  12: alpha = 1.9307e+06, CV score = -55.274451

PC  13: alpha = 8.68511e+06, CV score = -91.774508

PC  14: alpha = 4.09492e+06, CV score = -76.444404

PC  15: alpha = 4.09492e+06, CV score = -66.131918

PC  16: alpha = 4.09492e+06, CV score = -72.688691

PC  17: alpha = 4.09492e+06, CV score = -67.622170

PC  18: alpha = 8.68511e+06, CV score = -72.906371

PC  19: alpha = 4.09492e+06, CV score = -60.711816

PC  20: alpha = 8.68511e+06, CV score = -63.593471

PC  21: alpha = 4.09492e+06, CV score = -56.216884

PC  22: alpha = 8.68511e+06, CV score = -56.820585

PC  23: alpha = 4.09492e+06, CV score = -53.942257

PC  24: alpha = 8.68511e+06, CV score = -54.109732

PC  25: alpha = 4.09492e+06, CV score = -50.479430

PC  26: alpha = 8.68511e+06, CV score = -51.556977

PC  27: alpha = 4.09492e+06, CV score = -46.726420

PC  28: alpha = 8.68511e+06, CV score = -47.190946

PC  29: alpha = 8.68511e+06, CV score = -45.442517

PC  30: alpha = 8.68511e+06, CV score = -40.755238

PC  31: alpha = 4.09492e+06, CV score = -39.208484

PC  32: alpha = 4.09492e+06, CV score = -37.675825

PC  33: alpha = 8.68511e+06, CV score = -37.899094

PC  34: alpha = 8.68511e+06, CV score = -38.446256

PC  35: alpha = 4.09492e+06, CV score = -34.570307

PC  36: alpha = 8.68511e+06, CV score = -34.085175

PC  37: alpha = 8.68511e+06, CV score = -34.718707

PC  38: alpha = 4.09492e+06, CV score = -30.867566

PC  39: alpha = 4.09492e+06, CV score = -32.774927

PC  40: alpha = 8.68511e+06, CV score = -30.216493

PC  41: alpha = 8.68511e+06, CV score = -29.955220

PC  42: alpha = 4.09492e+06, CV score = -28.250653

PC  43: alpha = 8.68511e+06, CV score = -28.492159

PC  44: alpha = 8.68511e+06, CV score = -28.364733

PC  45: alpha = 4.09492e+06, CV score = -25.878958

PC  46: alpha = 8.68511e+06, CV score = -27.861812

PC  47: alpha = 8.68511e+06, CV score = -25.444661

PC  48: alpha = 1.9307e+06, CV score = -22.423919

PC  49: alpha = 8.68511e+06, CV score = -24.335897

PC  50: alpha = 8.68511e+06, CV score = -23.847171

PC  51: alpha = 4.09492e+06, CV score = -21.672989

PC  52: alpha = 8.68511e+06, CV score = -23.399039

PC  53: alpha = 4.09492e+06, CV score = -21.789331

PC  54: alpha = 8.68511e+06, CV score = -22.305163

PC  55: alpha = 8.68511e+06, CV score = -21.394050

PC  56: alpha = 4.09492e+06, CV score = -20.066255

PC  57: alpha = 4.09492e+06, CV score = -20.202517

PC  58: alpha = 4.09492e+06, CV score = -19.667620

PC  59: alpha = 8.68511e+06, CV score = -20.241528

PC  60: alpha = 8.68511e+06, CV score = -19.386420

PC  61: alpha = 8.68511e+06, CV score = -18.812423

PC  62: alpha = 4.09492e+06, CV score = -18.059714

PC  63: alpha = 8.68511e+06, CV score = -17.974322

PC  64: alpha = 8.68511e+06, CV score = -17.737519

PC  65: alpha = 4.09492e+06, CV score = -15.046816

PC  66: alpha = 4.09492e+06, CV score = -17.186137

PC  67: alpha = 8.68511e+06, CV score = -17.418744

PC  68: alpha = 1.84207e+07, CV score = -17.493205

PC  69: alpha = 8.68511e+06, CV score = -16.786791

PC  70: alpha = 8.68511e+06, CV score = -16.036904

PC  71: alpha = 4.09492e+06, CV score = -15.636622

PC  72: alpha = 8.68511e+06, CV score = -15.441807

PC  73: alpha = 8.68511e+06, CV score = -15.263360

PC  74: alpha = 8.68511e+06, CV score = -15.199365

PC  75: alpha = 8.68511e+06, CV score = -15.014036

PC  76: alpha = 4.09492e+06, CV score = -14.080845

PC  77: alpha = 4.09492e+06, CV score = -13.923225

PC  78: alpha = 8.68511e+06, CV score = -14.367440

PC  79: alpha = 8.68511e+06, CV score = -13.891796

PC  80: alpha = 8.68511e+06, CV score = -13.705892

PC  81: alpha = 8.68511e+06, CV score = -13.870669

PC  82: alpha = 8.68511e+06, CV score = -13.307241

PC  83: alpha = 8.68511e+06, CV score = -13.098502

PC  84: alpha = 8.68511e+06, CV score = -12.720123

PC  85: alpha = 8.68511e+06, CV score = -12.422021

PC  86: alpha = 8.68511e+06, CV score = -12.700197

PC  87: alpha = 8.68511e+06, CV score = -12.512031

PC  88: alpha = 8.68511e+06, CV score = -11.955030

PC  89: alpha = 8.68511e+06, CV score = -12.093082

PC  90: alpha = 8.68511e+06, CV score = -11.977273

PC  91: alpha = 8.68511e+06, CV score = -11.955856

PC  92: alpha = 4.09492e+06, CV score = -11.246169

PC  93: alpha = 8.68511e+06, CV score = -11.777858

PC  94: alpha = 8.68511e+06, CV score = -11.237034

PC  95: alpha = 8.68511e+06, CV score = -11.281439

PC  96: alpha = 8.68511e+06, CV score = -11.209712

PC  97: alpha = 8.68511e+06, CV score = -10.991529

PC  98: alpha = 8.68511e+06, CV score = -10.956916

PC  99: alpha = 1.84207e+07, CV score = -10.957729

PC 100: alpha = 8.68511e+06, CV score = -10.665729

PC 101: alpha = 8.68511e+06, CV score = -10.372153

PC 102: alpha = 8.68511e+06, CV score = -9.752995

PC 103: alpha = 8.68511e+06, CV score = -10.052773

PC 104: alpha = 8.68511e+06, CV score = -9.719227

PC 105: alpha = 8.68511e+06, CV score = -9.955599

PC 106: alpha = 8.68511e+06, CV score = -9.602998

PC 107: alpha = 8.68511e+06, CV score = -9.817088

PC 108: alpha = 8.68511e+06, CV score = -9.514502

PC 109: alpha = 8.68511e+06, CV score = -9.615796

PC 110: alpha = 8.68511e+06, CV score = -9.681323

PC 111: alpha = 1.84207e+07, CV score = -9.607301

PC 112: alpha = 8.68511e+06, CV score = -9.175981

PC 113: alpha = 8.68511e+06, CV score = -9.428502

PC 114: alpha = 8.68511e+06, CV score = -9.124454

PC 115: alpha = 8.68511e+06, CV score = -8.813220

PC 116: alpha = 1.84207e+07, CV score = -9.145763

PC 117: alpha = 8.68511e+06, CV score = -8.810615

PC 118: alpha = 8.68511e+06, CV score = -8.763290

PC 119: alpha = 8.68511e+06, CV score = -8.659717

PC 120: alpha = 4.09492e+06, CV score = -8.451701

PC 121: alpha = 8.68511e+06, CV score = -8.779435

PC 122: alpha = 8.68511e+06, CV score = -8.400256

PC 123: alpha = 8.68511e+06, CV score = -8.147223

PC 124: alpha = 1.84207e+07, CV score = -8.410319

PC 125: alpha = 8.68511e+06, CV score = -8.272276

PC 126: alpha = 8.68511e+06, CV score = -7.904594

PC 127: alpha = 8.68511e+06, CV score = -7.958906

PC 128: alpha = 8.68511e+06, CV score = -8.127656

PC 129: alpha = 8.68511e+06, CV score = -7.855287

PC 130: alpha = 8.68511e+06, CV score = -7.721034

PC 131: alpha = 8.68511e+06, CV score = -7.618042

PC 132: alpha = 8.68511e+06, CV score = -7.890752

PC 133: alpha = 8.68511e+06, CV score = -7.638437

PC 134: alpha = 8.68511e+06, CV score = -7.738528

PC 135: alpha = 1.84207e+07, CV score = -7.593138

PC 136: alpha = 8.68511e+06, CV score = -7.330258

PC 137: alpha = 8.68511e+06, CV score = -7.415437

PC 138: alpha = 8.68511e+06, CV score = -7.311801

PC 139: alpha = 8.68511e+06, CV score = -7.246728

PC 140: alpha = 8.68511e+06, CV score = -6.984883

PC 141: alpha = 8.68511e+06, CV score = -7.132130

PC 142: alpha = 8.68511e+06, CV score = -7.128954

PC 143: alpha = 8.68511e+06, CV score = -7.019291

PC 144: alpha = 8.68511e+06, CV score = -6.983791

PC 145: alpha = 8.68511e+06, CV score = -6.989768

PC 146: alpha = 8.68511e+06, CV score = -6.849329

PC 147: alpha = 8.68511e+06, CV score = -6.935422

PC 148: alpha = 8.68511e+06, CV score = -6.846936

PC 149: alpha = 8.68511e+06, CV score = -6.724369

PC 150: alpha = 8.68511e+06, CV score = -6.584882

PC 151: alpha = 8.68511e+06, CV score = -6.425073

PC 152: alpha = 8.68511e+06, CV score = -6.526515

PC 153: alpha = 8.68511e+06, CV score = -6.528888

PC 154: alpha = 8.68511e+06, CV score = -6.446276

PC 155: alpha = 1.84207e+07, CV score = -6.450854

PC 156: alpha = 1.84207e+07, CV score = -6.416687

PC 157: alpha = 1.84207e+07, CV score = -6.367129

PC 158: alpha = 8.68511e+06, CV score = -6.267150

PC 159: alpha = 8.68511e+06, CV score = -6.163273

PC 160: alpha = 8.68511e+06, CV score = -6.151270

PC 161: alpha = 8.68511e+06, CV score = -6.188144

PC 162: alpha = 8.68511e+06, CV score = -5.992566

PC 163: alpha = 8.68511e+06, CV score = -6.024204

PC 164: alpha = 8.68511e+06, CV score = -5.806307

PC 165: alpha = 8.68511e+06, CV score = -5.884979

PC 166: alpha = 8.68511e+06, CV score = -5.898499

PC 167: alpha = 8.68511e+06, CV score = -5.835993

PC 168: alpha = 8.68511e+06, CV score = -5.800130

PC 169: alpha = 8.68511e+06, CV score = -5.696852

PC 170: alpha = 8.68511e+06, CV score = -5.687358

PC 171: alpha = 8.68511e+06, CV score = -5.716374

PC 172: alpha = 8.68511e+06, CV score = -5.658759

PC 173: alpha = 8.68511e+06, CV score = -5.487652

PC 174: alpha = 1.84207e+07, CV score = -5.642614

PC 175: alpha = 8.68511e+06, CV score = -5.511453

PC 176: alpha = 8.68511e+06, CV score = -5.353329

PC 177: alpha = 1.84207e+07, CV score = -5.496510

PC 178: alpha = 8.68511e+06, CV score = -5.455978

PC 179: alpha = 8.68511e+06, CV score = -5.392772

PC 180: alpha = 8.68511e+06, CV score = -5.230233

PC 181: alpha = 8.68511e+06, CV score = -5.347578

PC 182: alpha = 1.84207e+07, CV score = -5.358528

PC 183: alpha = 1.84207e+07, CV score = -5.267474

PC 184: alpha = 1.84207e+07, CV score = -5.262112

PC 185: alpha = 8.68511e+06, CV score = -5.177890

PC 186: alpha = 8.68511e+06, CV score = -5.146406

PC 187: alpha = 1.84207e+07, CV score = -5.140393

PC 188: alpha = 8.68511e+06, CV score = -5.089417

PC 189: alpha = 1.84207e+07, CV score = -5.061189

PC 190: alpha = 8.68511e+06, CV score = -4.976199

PC 191: alpha = 8.68511e+06, CV score = -4.963530

PC 192: alpha = 8.68511e+06, CV score = -4.931357

PC 193: alpha = 8.68511e+06, CV score = -4.955041

PC 194: alpha = 1.84207e+07, CV score = -4.941182

PC 195: alpha = 8.68511e+06, CV score = -4.822187

PC 196: alpha = 8.68511e+06, CV score = -4.866853

PC 197: alpha = 8.68511e+06, CV score = -4.787426

PC 198: alpha = 8.68511e+06, CV score = -4.798628

PC 199: alpha = 8.68511e+06, CV score = -4.717970

PC 200: alpha = 8.68511e+06, CV score = -4.695403

Mean cross-validation score across PCs: -33.211417

======================================================================================

Chosen model: xcit_nano_12_p8_224_classification
Number of images: 73000
Image shape: (425, 425, 3), dtype: uint8
nsdID shape: (73000,), Shared1000 shape: (73000,)
Neural data shape: (10000, 8088)
Image IDs shape: (10000,)
Number of voxels: 8088
Number of projections for SRP: 7894

Loaded target with shape (10000, 8088).
Transformed data shape: (9000, 200)
Model options for xcit_nano_12_p8_224_classification: {'model_name': 'xcit_nano_12_p8_224', 'train_type': 'classification', 'train_data': 'imagenet', 'model_source': 'timm', 'call': "get_timm_model('xcit_nano_12_p8_224', pretrained = True)"}
Image transforms for xcit_nano_12_p8_224_classification: Compose(
    Resize(size=(224, 224), interpolation=bicubic, max_size=None, antialias=True)
    MaybeToTensor()
    Normalize(mean=tensor([0.4850, 0.4560, 0.4060]), std=tensor([0.2290, 0.2240, 0.2250]))
)
Loaded model: xcit_nano_12_p8_224_classification
Ordered layers from model: ['Conv2d-1', 'BatchNorm2d-1', 'GELU-1', 'Conv2d-2', 'BatchNorm2d-2', 'GELU-2', 'Conv2d-3', 'BatchNorm2d-3', 'ConvPatchEmbed-1-1', 'PositionalEncodingFourier-1', 'Dropout-1', 'LayerNorm-1', 'Linear-1', 'Dropout-2', 'Linear-2', 'Dropout-3', 'XCA-1', 'Identity-1', 'LayerNorm-2', 'Conv2d-5', 'GELU-3', 'BatchNorm2d-4', 'Conv2d-6', 'LPI-1', 'Identity-2', 'LayerNorm-3', 'Linear-3', 'GELU-4', 'Dropout-4', 'Identity-3', 'Linear-4', 'Dropout-5', 'Mlp-1', 'Identity-4', 'XCABlock-1', 'LayerNorm-4', 'Linear-5', 'Dropout-6', 'Linear-6', 'Dropout-7', 'XCA-3', 'Identity-5', 'LayerNorm-5', 'Conv2d-7', 'GELU-5', 'BatchNorm2d-5', 'Conv2d-8', 'LPI-2', 'Identity-6', 'LayerNorm-6', 'Linear-7', 'GELU-6', 'Dropout-8', 'Identity-7', 'Linear-8', 'Dropout-9', 'Mlp-2', 'Identity-8', 'XCABlock-2', 'LayerNorm-7', 'Linear-9', 'Dropout-10', 'Linear-10', 'Dropout-11', 'XCA-5', 'Identity-9', 'LayerNorm-8', 'Conv2d-9', 'GELU-7', 'BatchNorm2d-6', 'Conv2d-10', 'LPI-3', 'Identity-10', 'LayerNorm-9', 'Linear-11', 'GELU-8', 'Dropout-12', 'Identity-11', 'Linear-12', 'Dropout-13', 'Mlp-3', 'Identity-12', 'XCABlock-3', 'LayerNorm-10', 'Linear-13', 'Dropout-14', 'Linear-14', 'Dropout-15', 'XCA-7', 'Identity-13', 'LayerNorm-11', 'Conv2d-11', 'GELU-9', 'BatchNorm2d-7', 'Conv2d-12', 'LPI-4', 'Identity-14', 'LayerNorm-12', 'Linear-15', 'GELU-10', 'Dropout-16', 'Identity-15', 'Linear-16', 'Dropout-17', 'Mlp-4', 'Identity-16', 'XCABlock-4', 'LayerNorm-13', 'Linear-17', 'Dropout-18', 'Linear-18', 'Dropout-19', 'XCA-9', 'Identity-17', 'LayerNorm-14', 'Conv2d-13', 'GELU-11', 'BatchNorm2d-8', 'Conv2d-14', 'LPI-5', 'Identity-18', 'LayerNorm-15', 'Linear-19', 'GELU-12', 'Dropout-20', 'Identity-19', 'Linear-20', 'Dropout-21', 'Mlp-5', 'Identity-20', 'XCABlock-5', 'LayerNorm-16', 'Linear-21', 'Dropout-22', 'Linear-22', 'Dropout-23', 'XCA-11', 'Identity-21', 'LayerNorm-17', 'Conv2d-15', 'GELU-13', 'BatchNorm2d-9', 'Conv2d-16', 'LPI-6', 'Identity-22', 'LayerNorm-18', 'Linear-23', 'GELU-14', 'Dropout-24', 'Identity-23', 'Linear-24', 'Dropout-25', 'Mlp-6', 'Identity-24', 'XCABlock-6', 'LayerNorm-19', 'Linear-25', 'Dropout-26', 'Linear-26', 'Dropout-27', 'XCA-13', 'Identity-25', 'LayerNorm-20', 'Conv2d-17', 'GELU-15', 'BatchNorm2d-10', 'Conv2d-18', 'LPI-7', 'Identity-26', 'LayerNorm-21', 'Linear-27', 'GELU-16', 'Dropout-28', 'Identity-27', 'Linear-28', 'Dropout-29', 'Mlp-7', 'Identity-28', 'XCABlock-7', 'LayerNorm-22', 'Linear-29', 'Dropout-30', 'Linear-30', 'Dropout-31', 'XCA-15', 'Identity-29', 'LayerNorm-23', 'Conv2d-19', 'GELU-17', 'BatchNorm2d-11', 'Conv2d-20', 'LPI-8', 'Identity-30', 'LayerNorm-24', 'Linear-31', 'GELU-18', 'Dropout-32', 'Identity-31', 'Linear-32', 'Dropout-33', 'Mlp-8', 'Identity-32', 'XCABlock-8', 'LayerNorm-25', 'Linear-33', 'Dropout-34', 'Linear-34', 'Dropout-35', 'XCA-17', 'Identity-33', 'LayerNorm-26', 'Conv2d-21', 'GELU-19', 'BatchNorm2d-12', 'Conv2d-22', 'LPI-9', 'Identity-34', 'LayerNorm-27', 'Linear-35', 'GELU-20', 'Dropout-36', 'Identity-35', 'Linear-36', 'Dropout-37', 'Mlp-9', 'Identity-36', 'XCABlock-9', 'LayerNorm-28', 'Linear-37', 'Dropout-38', 'Linear-38', 'Dropout-39', 'XCA-19', 'Identity-37', 'LayerNorm-29', 'Conv2d-23', 'GELU-21', 'BatchNorm2d-13', 'Conv2d-24', 'LPI-10', 'Identity-38', 'LayerNorm-30', 'Linear-39', 'GELU-22', 'Dropout-40', 'Identity-39', 'Linear-40', 'Dropout-41', 'Mlp-10', 'Identity-40', 'XCABlock-10', 'LayerNorm-31', 'Linear-41', 'Dropout-42', 'Linear-42', 'Dropout-43', 'XCA-21', 'Identity-41', 'LayerNorm-32', 'Conv2d-25', 'GELU-23', 'BatchNorm2d-14', 'Conv2d-26', 'LPI-11', 'Identity-42', 'LayerNorm-33', 'Linear-43', 'GELU-24', 'Dropout-44', 'Identity-43', 'Linear-44', 'Dropout-45', 'Mlp-11', 'Identity-44', 'XCABlock-11', 'LayerNorm-34', 'Linear-45', 'Dropout-46', 'Linear-46', 'Dropout-47', 'XCA-23', 'Identity-45', 'LayerNorm-35', 'Conv2d-27', 'GELU-25', 'BatchNorm2d-15', 'Conv2d-28', 'LPI-12', 'Identity-46', 'LayerNorm-36', 'Linear-47', 'GELU-26', 'Dropout-48', 'Identity-47', 'Linear-48', 'Dropout-49', 'Mlp-12', 'Identity-48', 'XCABlock-12', 'LayerNorm-37', 'Linear-49', 'Linear-50', 'Linear-51', 'Linear-52', 'Dropout-50', 'ClassAttn-1', 'Identity-49', 'LayerNorm-38', 'Linear-53', 'GELU-27', 'Dropout-51', 'Identity-50', 'Linear-54', 'Dropout-52', 'Mlp-13', 'Identity-51', 'ClassAttentionBlock-1', 'LayerNorm-39', 'Linear-55', 'Linear-56', 'Linear-57', 'Linear-58', 'Dropout-53', 'ClassAttn-2', 'Identity-52', 'LayerNorm-40', 'Linear-59', 'GELU-28', 'Dropout-54', 'Identity-53', 'Linear-60', 'Dropout-55', 'Mlp-14', 'Identity-54', 'ClassAttentionBlock-2', 'LayerNorm-41', 'Dropout-56', 'Linear-61', 'Xcit-1']
Total number of layers: 339

==================================================
Processing layer: Linear-43 from model: xcit_nano_12_p8_224_classification

For model xcit_nano_12_p8_224_classification Layer Linear-43: Extracting features for 9000 images in batches of 28...
Feature extraction for model xcit_nano_12_p8_224_classification layer Linear-43 completed in 590.84 seconds.
Finding best ridge alphas for 200 target PCs using 401408 features and 9000 samples.
Using alphas: 10^4 to 10^20, 50 values spaced logarithmically.
[Pipeline] ........... (step 1 of 1) Processing ridgecv, total=23.7min

Selected alpha and cross-validation score for each PC:
Finished finding best ridge alphas for each target PC.✅

PC   1: alpha = 429193, CV score = -1565.063352

PC   2: alpha = 202359, CV score = -561.856639

PC   3: alpha = 202359, CV score = -368.337269

PC   4: alpha = 202359, CV score = -223.030062

PC   5: alpha = 202359, CV score = -185.353190

PC   6: alpha = 429193, CV score = -171.260653

PC   7: alpha = 429193, CV score = -147.532051

PC   8: alpha = 910298, CV score = -149.521677

PC   9: alpha = 429193, CV score = -109.746481

PC  10: alpha = 429193, CV score = -92.229798

PC  11: alpha = 429193, CV score = -86.402003

PC  12: alpha = 202359, CV score = -63.690835

PC  13: alpha = 910298, CV score = -94.888439

PC  14: alpha = 429193, CV score = -78.958043

PC  15: alpha = 429193, CV score = -68.894619

PC  16: alpha = 429193, CV score = -75.253646

PC  17: alpha = 429193, CV score = -69.556635

PC  18: alpha = 910298, CV score = -73.432513

PC  19: alpha = 429193, CV score = -63.455278

PC  20: alpha = 429193, CV score = -64.415976

PC  21: alpha = 429193, CV score = -58.522193

PC  22: alpha = 429193, CV score = -57.737306

PC  23: alpha = 429193, CV score = -55.236866

PC  24: alpha = 429193, CV score = -54.749171

PC  25: alpha = 429193, CV score = -52.320774

PC  26: alpha = 910298, CV score = -52.104714

PC  27: alpha = 429193, CV score = -47.453714

PC  28: alpha = 910298, CV score = -47.842711

PC  29: alpha = 910298, CV score = -46.569947

PC  30: alpha = 429193, CV score = -41.785109

PC  31: alpha = 429193, CV score = -40.489702

PC  32: alpha = 429193, CV score = -38.615872

PC  33: alpha = 429193, CV score = -38.702924

PC  34: alpha = 910298, CV score = -38.578689

PC  35: alpha = 429193, CV score = -35.397373

PC  36: alpha = 910298, CV score = -34.798296

PC  37: alpha = 910298, CV score = -35.049711

PC  38: alpha = 429193, CV score = -32.030833

PC  39: alpha = 910298, CV score = -33.198876

PC  40: alpha = 429193, CV score = -30.963217

PC  41: alpha = 910298, CV score = -30.569911

PC  42: alpha = 429193, CV score = -28.938367

PC  43: alpha = 910298, CV score = -28.829007

PC  44: alpha = 910298, CV score = -28.838960

PC  45: alpha = 429193, CV score = -26.524567

PC  46: alpha = 910298, CV score = -28.175693

PC  47: alpha = 910298, CV score = -25.862508

PC  48: alpha = 202359, CV score = -23.583892

PC  49: alpha = 429193, CV score = -24.764116

PC  50: alpha = 429193, CV score = -24.194509

PC  51: alpha = 429193, CV score = -22.218310

PC  52: alpha = 910298, CV score = -23.535895

PC  53: alpha = 429193, CV score = -22.155812

PC  54: alpha = 910298, CV score = -22.642606

PC  55: alpha = 910298, CV score = -21.735336

PC  56: alpha = 429193, CV score = -20.585132

PC  57: alpha = 429193, CV score = -20.789782

PC  58: alpha = 429193, CV score = -20.104063

PC  59: alpha = 910298, CV score = -20.408147

PC  60: alpha = 910298, CV score = -19.694543

PC  61: alpha = 429193, CV score = -19.095530

PC  62: alpha = 429193, CV score = -18.337551

PC  63: alpha = 429193, CV score = -18.206453

PC  64: alpha = 429193, CV score = -17.995540

PC  65: alpha = 429193, CV score = -15.543621

PC  66: alpha = 429193, CV score = -17.414924

PC  67: alpha = 910298, CV score = -17.516769

PC  68: alpha = 1.9307e+06, CV score = -17.537960

PC  69: alpha = 910298, CV score = -17.041931

PC  70: alpha = 910298, CV score = -16.345252

PC  71: alpha = 429193, CV score = -16.030863

PC  72: alpha = 910298, CV score = -15.799922

PC  73: alpha = 910298, CV score = -15.439452

PC  74: alpha = 910298, CV score = -15.370424

PC  75: alpha = 910298, CV score = -15.126072

PC  76: alpha = 429193, CV score = -14.527610

PC  77: alpha = 429193, CV score = -14.088912

PC  78: alpha = 910298, CV score = -14.433006

PC  79: alpha = 429193, CV score = -14.183485

PC  80: alpha = 429193, CV score = -13.881029

PC  81: alpha = 910298, CV score = -14.080544

PC  82: alpha = 910298, CV score = -13.487623

PC  83: alpha = 429193, CV score = -13.262608

PC  84: alpha = 910298, CV score = -12.975462

PC  85: alpha = 910298, CV score = -12.689125

PC  86: alpha = 910298, CV score = -12.803609

PC  87: alpha = 910298, CV score = -12.579687

PC  88: alpha = 910298, CV score = -12.168313

PC  89: alpha = 910298, CV score = -12.285835

PC  90: alpha = 910298, CV score = -12.138196

PC  91: alpha = 910298, CV score = -12.107341

PC  92: alpha = 910298, CV score = -11.586076

PC  93: alpha = 910298, CV score = -11.884362

PC  94: alpha = 910298, CV score = -11.535042

PC  95: alpha = 910298, CV score = -11.450523

PC  96: alpha = 910298, CV score = -11.342756

PC  97: alpha = 910298, CV score = -11.123769

PC  98: alpha = 910298, CV score = -11.099878

PC  99: alpha = 910298, CV score = -11.002261

PC 100: alpha = 910298, CV score = -10.764837

PC 101: alpha = 910298, CV score = -10.557609

PC 102: alpha = 429193, CV score = -9.983011

PC 103: alpha = 910298, CV score = -10.175778

PC 104: alpha = 910298, CV score = -9.936069

PC 105: alpha = 910298, CV score = -10.158741

PC 106: alpha = 429193, CV score = -9.802301

PC 107: alpha = 910298, CV score = -9.913755

PC 108: alpha = 910298, CV score = -9.742021

PC 109: alpha = 910298, CV score = -9.734507

PC 110: alpha = 1.9307e+06, CV score = -9.711582

PC 111: alpha = 910298, CV score = -9.625195

PC 112: alpha = 910298, CV score = -9.321555

PC 113: alpha = 910298, CV score = -9.488992

PC 114: alpha = 910298, CV score = -9.284735

PC 115: alpha = 910298, CV score = -8.987811

PC 116: alpha = 910298, CV score = -9.142416

PC 117: alpha = 910298, CV score = -8.953935

PC 118: alpha = 910298, CV score = -8.823439

PC 119: alpha = 910298, CV score = -8.797927

PC 120: alpha = 429193, CV score = -8.545780

PC 121: alpha = 1.9307e+06, CV score = -8.852008

PC 122: alpha = 910298, CV score = -8.503172

PC 123: alpha = 910298, CV score = -8.318954

PC 124: alpha = 910298, CV score = -8.440326

PC 125: alpha = 910298, CV score = -8.303091

PC 126: alpha = 910298, CV score = -8.119819

PC 127: alpha = 910298, CV score = -8.062967

PC 128: alpha = 910298, CV score = -8.187795

PC 129: alpha = 910298, CV score = -7.970692

PC 130: alpha = 429193, CV score = -7.841818

PC 131: alpha = 910298, CV score = -7.797065

PC 132: alpha = 910298, CV score = -7.920387

PC 133: alpha = 910298, CV score = -7.720324

PC 134: alpha = 910298, CV score = -7.780096

PC 135: alpha = 1.9307e+06, CV score = -7.651785

PC 136: alpha = 910298, CV score = -7.472106

PC 137: alpha = 910298, CV score = -7.494220

PC 138: alpha = 1.9307e+06, CV score = -7.431258

PC 139: alpha = 910298, CV score = -7.343344

PC 140: alpha = 910298, CV score = -7.074923

PC 141: alpha = 910298, CV score = -7.175023

PC 142: alpha = 1.9307e+06, CV score = -7.232436

PC 143: alpha = 910298, CV score = -7.063795

PC 144: alpha = 910298, CV score = -7.052343

PC 145: alpha = 910298, CV score = -7.020709

PC 146: alpha = 910298, CV score = -6.906069

PC 147: alpha = 1.9307e+06, CV score = -7.021924

PC 148: alpha = 910298, CV score = -6.871833

PC 149: alpha = 910298, CV score = -6.771737

PC 150: alpha = 910298, CV score = -6.666402

PC 151: alpha = 910298, CV score = -6.546584

PC 152: alpha = 910298, CV score = -6.602904

PC 153: alpha = 910298, CV score = -6.577636

PC 154: alpha = 910298, CV score = -6.492329

PC 155: alpha = 1.9307e+06, CV score = -6.479966

PC 156: alpha = 910298, CV score = -6.460343

PC 157: alpha = 1.9307e+06, CV score = -6.381494

PC 158: alpha = 1.9307e+06, CV score = -6.345546

PC 159: alpha = 910298, CV score = -6.212665

PC 160: alpha = 910298, CV score = -6.190852

PC 161: alpha = 1.9307e+06, CV score = -6.222547

PC 162: alpha = 910298, CV score = -6.080448

PC 163: alpha = 910298, CV score = -6.086060

PC 164: alpha = 910298, CV score = -5.861099

PC 165: alpha = 910298, CV score = -5.972038

PC 166: alpha = 910298, CV score = -5.929966

PC 167: alpha = 910298, CV score = -5.858835

PC 168: alpha = 910298, CV score = -5.846623

PC 169: alpha = 910298, CV score = -5.764324

PC 170: alpha = 1.9307e+06, CV score = -5.780816

PC 171: alpha = 910298, CV score = -5.762978

PC 172: alpha = 910298, CV score = -5.712881

PC 173: alpha = 910298, CV score = -5.579210

PC 174: alpha = 910298, CV score = -5.648156

PC 175: alpha = 910298, CV score = -5.580772

PC 176: alpha = 910298, CV score = -5.438753

PC 177: alpha = 1.9307e+06, CV score = -5.524945

PC 178: alpha = 910298, CV score = -5.454880

PC 179: alpha = 1.9307e+06, CV score = -5.440132

PC 180: alpha = 910298, CV score = -5.281993

PC 181: alpha = 1.9307e+06, CV score = -5.401847

PC 182: alpha = 1.9307e+06, CV score = -5.397300

PC 183: alpha = 910298, CV score = -5.272485

PC 184: alpha = 1.9307e+06, CV score = -5.291191

PC 185: alpha = 910298, CV score = -5.231126

PC 186: alpha = 910298, CV score = -5.216840

PC 187: alpha = 1.9307e+06, CV score = -5.170010

PC 188: alpha = 910298, CV score = -5.103985

PC 189: alpha = 910298, CV score = -5.082669

PC 190: alpha = 910298, CV score = -5.017612

PC 191: alpha = 910298, CV score = -4.994565

PC 192: alpha = 910298, CV score = -4.992478

PC 193: alpha = 910298, CV score = -4.968819

PC 194: alpha = 1.9307e+06, CV score = -4.956848

PC 195: alpha = 910298, CV score = -4.896142

PC 196: alpha = 910298, CV score = -4.908068

PC 197: alpha = 910298, CV score = -4.825239

PC 198: alpha = 910298, CV score = -4.829001

PC 199: alpha = 910298, CV score = -4.760172

PC 200: alpha = 910298, CV score = -4.696065

Mean cross-validation score across PCs: -34.671741

======================================================================================

Chosen model: xcit_nano_12_p16_224_classification
Number of images: 73000
Image shape: (425, 425, 3), dtype: uint8
nsdID shape: (73000,), Shared1000 shape: (73000,)
Neural data shape: (10000, 8088)
Image IDs shape: (10000,)
Number of voxels: 8088
Number of projections for SRP: 7894

Loaded target with shape (10000, 8088).
Transformed data shape: (9000, 200)
Model options for xcit_nano_12_p16_224_classification: {'model_name': 'xcit_nano_12_p16_224', 'train_type': 'classification', 'train_data': 'imagenet', 'model_source': 'timm', 'call': "get_timm_model('xcit_nano_12_p16_224', pretrained = True)"}
Image transforms for xcit_nano_12_p16_224_classification: Compose(
    Resize(size=(224, 224), interpolation=bicubic, max_size=None, antialias=True)
    MaybeToTensor()
    Normalize(mean=tensor([0.4850, 0.4560, 0.4060]), std=tensor([0.2290, 0.2240, 0.2250]))
)
Loaded model: xcit_nano_12_p16_224_classification
Ordered layers from model: ['Conv2d-1', 'BatchNorm2d-1', 'GELU-1', 'Conv2d-2', 'BatchNorm2d-2', 'GELU-2', 'Conv2d-3', 'BatchNorm2d-3', 'GELU-3', 'Conv2d-4', 'BatchNorm2d-4', 'ConvPatchEmbed-1-1', 'PositionalEncodingFourier-1', 'Dropout-1', 'LayerNorm-1', 'Linear-1', 'Dropout-2', 'Linear-2', 'Dropout-3', 'XCA-1', 'Identity-1', 'LayerNorm-2', 'Conv2d-6', 'GELU-4', 'BatchNorm2d-5', 'Conv2d-7', 'LPI-1', 'Identity-2', 'LayerNorm-3', 'Linear-3', 'GELU-5', 'Dropout-4', 'Identity-3', 'Linear-4', 'Dropout-5', 'Mlp-1', 'Identity-4', 'XCABlock-1', 'LayerNorm-4', 'Linear-5', 'Dropout-6', 'Linear-6', 'Dropout-7', 'XCA-3', 'Identity-5', 'LayerNorm-5', 'Conv2d-8', 'GELU-6', 'BatchNorm2d-6', 'Conv2d-9', 'LPI-2', 'Identity-6', 'LayerNorm-6', 'Linear-7', 'GELU-7', 'Dropout-8', 'Identity-7', 'Linear-8', 'Dropout-9', 'Mlp-2', 'Identity-8', 'XCABlock-2', 'LayerNorm-7', 'Linear-9', 'Dropout-10', 'Linear-10', 'Dropout-11', 'XCA-5', 'Identity-9', 'LayerNorm-8', 'Conv2d-10', 'GELU-8', 'BatchNorm2d-7', 'Conv2d-11', 'LPI-3', 'Identity-10', 'LayerNorm-9', 'Linear-11', 'GELU-9', 'Dropout-12', 'Identity-11', 'Linear-12', 'Dropout-13', 'Mlp-3', 'Identity-12', 'XCABlock-3', 'LayerNorm-10', 'Linear-13', 'Dropout-14', 'Linear-14', 'Dropout-15', 'XCA-7', 'Identity-13', 'LayerNorm-11', 'Conv2d-12', 'GELU-10', 'BatchNorm2d-8', 'Conv2d-13', 'LPI-4', 'Identity-14', 'LayerNorm-12', 'Linear-15', 'GELU-11', 'Dropout-16', 'Identity-15', 'Linear-16', 'Dropout-17', 'Mlp-4', 'Identity-16', 'XCABlock-4', 'LayerNorm-13', 'Linear-17', 'Dropout-18', 'Linear-18', 'Dropout-19', 'XCA-9', 'Identity-17', 'LayerNorm-14', 'Conv2d-14', 'GELU-12', 'BatchNorm2d-9', 'Conv2d-15', 'LPI-5', 'Identity-18', 'LayerNorm-15', 'Linear-19', 'GELU-13', 'Dropout-20', 'Identity-19', 'Linear-20', 'Dropout-21', 'Mlp-5', 'Identity-20', 'XCABlock-5', 'LayerNorm-16', 'Linear-21', 'Dropout-22', 'Linear-22', 'Dropout-23', 'XCA-11', 'Identity-21', 'LayerNorm-17', 'Conv2d-16', 'GELU-14', 'BatchNorm2d-10', 'Conv2d-17', 'LPI-6', 'Identity-22', 'LayerNorm-18', 'Linear-23', 'GELU-15', 'Dropout-24', 'Identity-23', 'Linear-24', 'Dropout-25', 'Mlp-6', 'Identity-24', 'XCABlock-6', 'LayerNorm-19', 'Linear-25', 'Dropout-26', 'Linear-26', 'Dropout-27', 'XCA-13', 'Identity-25', 'LayerNorm-20', 'Conv2d-18', 'GELU-16', 'BatchNorm2d-11', 'Conv2d-19', 'LPI-7', 'Identity-26', 'LayerNorm-21', 'Linear-27', 'GELU-17', 'Dropout-28', 'Identity-27', 'Linear-28', 'Dropout-29', 'Mlp-7', 'Identity-28', 'XCABlock-7', 'LayerNorm-22', 'Linear-29', 'Dropout-30', 'Linear-30', 'Dropout-31', 'XCA-15', 'Identity-29', 'LayerNorm-23', 'Conv2d-20', 'GELU-18', 'BatchNorm2d-12', 'Conv2d-21', 'LPI-8', 'Identity-30', 'LayerNorm-24', 'Linear-31', 'GELU-19', 'Dropout-32', 'Identity-31', 'Linear-32', 'Dropout-33', 'Mlp-8', 'Identity-32', 'XCABlock-8', 'LayerNorm-25', 'Linear-33', 'Dropout-34', 'Linear-34', 'Dropout-35', 'XCA-17', 'Identity-33', 'LayerNorm-26', 'Conv2d-22', 'GELU-20', 'BatchNorm2d-13', 'Conv2d-23', 'LPI-9', 'Identity-34', 'LayerNorm-27', 'Linear-35', 'GELU-21', 'Dropout-36', 'Identity-35', 'Linear-36', 'Dropout-37', 'Mlp-9', 'Identity-36', 'XCABlock-9', 'LayerNorm-28', 'Linear-37', 'Dropout-38', 'Linear-38', 'Dropout-39', 'XCA-19', 'Identity-37', 'LayerNorm-29', 'Conv2d-24', 'GELU-22', 'BatchNorm2d-14', 'Conv2d-25', 'LPI-10', 'Identity-38', 'LayerNorm-30', 'Linear-39', 'GELU-23', 'Dropout-40', 'Identity-39', 'Linear-40', 'Dropout-41', 'Mlp-10', 'Identity-40', 'XCABlock-10', 'LayerNorm-31', 'Linear-41', 'Dropout-42', 'Linear-42', 'Dropout-43', 'XCA-21', 'Identity-41', 'LayerNorm-32', 'Conv2d-26', 'GELU-24', 'BatchNorm2d-15', 'Conv2d-27', 'LPI-11', 'Identity-42', 'LayerNorm-33', 'Linear-43', 'GELU-25', 'Dropout-44', 'Identity-43', 'Linear-44', 'Dropout-45', 'Mlp-11', 'Identity-44', 'XCABlock-11', 'LayerNorm-34', 'Linear-45', 'Dropout-46', 'Linear-46', 'Dropout-47', 'XCA-23', 'Identity-45', 'LayerNorm-35', 'Conv2d-28', 'GELU-26', 'BatchNorm2d-16', 'Conv2d-29', 'LPI-12', 'Identity-46', 'LayerNorm-36', 'Linear-47', 'GELU-27', 'Dropout-48', 'Identity-47', 'Linear-48', 'Dropout-49', 'Mlp-12', 'Identity-48', 'XCABlock-12', 'LayerNorm-37', 'Linear-49', 'Linear-50', 'Linear-51', 'Linear-52', 'Dropout-50', 'ClassAttn-1', 'Identity-49', 'LayerNorm-38', 'Linear-53', 'GELU-28', 'Dropout-51', 'Identity-50', 'Linear-54', 'Dropout-52', 'Mlp-13', 'Identity-51', 'ClassAttentionBlock-1', 'LayerNorm-39', 'Linear-55', 'Linear-56', 'Linear-57', 'Linear-58', 'Dropout-53', 'ClassAttn-2', 'Identity-52', 'LayerNorm-40', 'Linear-59', 'GELU-29', 'Dropout-54', 'Identity-53', 'Linear-60', 'Dropout-55', 'Mlp-14', 'Identity-54', 'ClassAttentionBlock-2', 'LayerNorm-41', 'Dropout-56', 'Linear-61', 'Xcit-1']
Total number of layers: 342

==================================================
Processing layer: LPI-10 from model: xcit_nano_12_p16_224_classification

For model xcit_nano_12_p16_224_classification Layer LPI-10: Extracting features for 9000 images in batches of 28...
Feature extraction for model xcit_nano_12_p16_224_classification layer LPI-10 completed in 225.87 seconds.
Finding best ridge alphas for 200 target PCs using 25088 features and 9000 samples.
Using alphas: 10^4 to 10^20, 50 values spaced logarithmically.
[Pipeline] ........... (step 1 of 1) Processing ridgecv, total= 3.3min

Selected alpha and cross-validation score for each PC:
Finished finding best ridge alphas for each target PC.✅

PC   1: alpha = 10000, CV score = -1564.795351

PC   2: alpha = 10000, CV score = -600.181455

PC   3: alpha = 10000, CV score = -417.024188

PC   4: alpha = 10000, CV score = -243.441866

PC   5: alpha = 10000, CV score = -191.918670

PC   6: alpha = 10000, CV score = -173.149105

PC   7: alpha = 10000, CV score = -150.272355

PC   8: alpha = 10000, CV score = -148.878890

PC   9: alpha = 10000, CV score = -110.993364

PC  10: alpha = 10000, CV score = -92.238681

PC  11: alpha = 10000, CV score = -87.327328

PC  12: alpha = 10000, CV score = -65.515807

PC  13: alpha = 10000, CV score = -94.159269

PC  14: alpha = 10000, CV score = -79.805297

PC  15: alpha = 10000, CV score = -69.864059

PC  16: alpha = 10000, CV score = -75.243729

PC  17: alpha = 10000, CV score = -69.799472

PC  18: alpha = 10000, CV score = -73.190051

PC  19: alpha = 10000, CV score = -63.499729

PC  20: alpha = 10000, CV score = -65.209121

PC  21: alpha = 10000, CV score = -59.041624

PC  22: alpha = 10000, CV score = -57.828086

PC  23: alpha = 10000, CV score = -55.629435

PC  24: alpha = 10000, CV score = -55.026935

PC  25: alpha = 10000, CV score = -52.827154

PC  26: alpha = 10000, CV score = -52.249738

PC  27: alpha = 10000, CV score = -47.911124

PC  28: alpha = 10000, CV score = -47.799589

PC  29: alpha = 10000, CV score = -46.686565

PC  30: alpha = 10000, CV score = -41.718154

PC  31: alpha = 10000, CV score = -41.232191

PC  32: alpha = 10000, CV score = -39.267692

PC  33: alpha = 10000, CV score = -38.685012

PC  34: alpha = 10000, CV score = -38.726239

PC  35: alpha = 10000, CV score = -35.697530

PC  36: alpha = 10000, CV score = -34.741593

PC  37: alpha = 10000, CV score = -35.128148

PC  38: alpha = 10000, CV score = -32.116309

PC  39: alpha = 10000, CV score = -33.288276

PC  40: alpha = 10000, CV score = -31.184420

PC  41: alpha = 10000, CV score = -30.528225

PC  42: alpha = 10000, CV score = -28.995710

PC  43: alpha = 10000, CV score = -28.866742

PC  44: alpha = 10000, CV score = -28.974245

PC  45: alpha = 10000, CV score = -26.804770

PC  46: alpha = 10000, CV score = -28.174982

PC  47: alpha = 10000, CV score = -25.949218

PC  48: alpha = 10000, CV score = -24.014506

PC  49: alpha = 10000, CV score = -24.962425

PC  50: alpha = 10000, CV score = -24.238515

PC  51: alpha = 10000, CV score = -22.396279

PC  52: alpha = 10000, CV score = -23.551398

PC  53: alpha = 10000, CV score = -22.434381

PC  54: alpha = 10000, CV score = -22.543376

PC  55: alpha = 10000, CV score = -21.734590

PC  56: alpha = 10000, CV score = -20.833409

PC  57: alpha = 10000, CV score = -20.793119

PC  58: alpha = 10000, CV score = -20.267473

PC  59: alpha = 10000, CV score = -20.435682

PC  60: alpha = 10000, CV score = -19.720579

PC  61: alpha = 10000, CV score = -19.119329

PC  62: alpha = 10000, CV score = -18.444360

PC  63: alpha = 10000, CV score = -18.401840

PC  64: alpha = 10000, CV score = -18.093487

PC  65: alpha = 10000, CV score = -15.813722

PC  66: alpha = 10000, CV score = -17.516715

PC  67: alpha = 10000, CV score = -17.501259

PC  68: alpha = 10000, CV score = -17.477057

PC  69: alpha = 10000, CV score = -16.974467

PC  70: alpha = 10000, CV score = -16.427057

PC  71: alpha = 10000, CV score = -16.077429

PC  72: alpha = 10000, CV score = -15.755505

PC  73: alpha = 10000, CV score = -15.452866

PC  74: alpha = 10000, CV score = -15.400443

PC  75: alpha = 10000, CV score = -15.166999

PC  76: alpha = 10000, CV score = -14.578285

PC  77: alpha = 10000, CV score = -14.249317

PC  78: alpha = 10000, CV score = -14.418628

PC  79: alpha = 10000, CV score = -14.145122

PC  80: alpha = 10000, CV score = -13.903083

PC  81: alpha = 10000, CV score = -14.034849

PC  82: alpha = 10000, CV score = -13.513954

PC  83: alpha = 10000, CV score = -13.381185

PC  84: alpha = 10000, CV score = -13.011470

PC  85: alpha = 10000, CV score = -12.712440

PC  86: alpha = 10000, CV score = -12.817701

PC  87: alpha = 10000, CV score = -12.585578

PC  88: alpha = 10000, CV score = -12.217235

PC  89: alpha = 10000, CV score = -12.280959

PC  90: alpha = 10000, CV score = -12.140799

PC  91: alpha = 10000, CV score = -12.082320

PC  92: alpha = 10000, CV score = -11.594146

PC  93: alpha = 10000, CV score = -11.890514

PC  94: alpha = 10000, CV score = -11.514694

PC  95: alpha = 10000, CV score = -11.423324

PC  96: alpha = 10000, CV score = -11.304458

PC  97: alpha = 10000, CV score = -11.162674

PC  98: alpha = 10000, CV score = -11.129508

PC  99: alpha = 21209.5, CV score = -11.034510

PC 100: alpha = 10000, CV score = -10.764624

PC 101: alpha = 10000, CV score = -10.573104

PC 102: alpha = 10000, CV score = -9.991451

PC 103: alpha = 10000, CV score = -10.170409

PC 104: alpha = 10000, CV score = -9.949692

PC 105: alpha = 10000, CV score = -10.130328

PC 106: alpha = 10000, CV score = -9.850084

PC 107: alpha = 10000, CV score = -9.947595

PC 108: alpha = 10000, CV score = -9.707037

PC 109: alpha = 10000, CV score = -9.693083

PC 110: alpha = 21209.5, CV score = -9.760880

PC 111: alpha = 21209.5, CV score = -9.677741

PC 112: alpha = 10000, CV score = -9.341378

PC 113: alpha = 10000, CV score = -9.483383

PC 114: alpha = 10000, CV score = -9.259169

PC 115: alpha = 10000, CV score = -9.003076

PC 116: alpha = 10000, CV score = -9.160908

PC 117: alpha = 10000, CV score = -8.899396

PC 118: alpha = 10000, CV score = -8.844268

PC 119: alpha = 10000, CV score = -8.774876

PC 120: alpha = 10000, CV score = -8.616587

PC 121: alpha = 10000, CV score = -8.859903

PC 122: alpha = 10000, CV score = -8.498607

PC 123: alpha = 10000, CV score = -8.334586

PC 124: alpha = 10000, CV score = -8.457767

PC 125: alpha = 10000, CV score = -8.326950

PC 126: alpha = 10000, CV score = -8.012198

PC 127: alpha = 10000, CV score = -8.055350

PC 128: alpha = 10000, CV score = -8.167184

PC 129: alpha = 10000, CV score = -7.993550

PC 130: alpha = 10000, CV score = -7.859453

PC 131: alpha = 10000, CV score = -7.775066

PC 132: alpha = 10000, CV score = -7.927689

PC 133: alpha = 10000, CV score = -7.739814

PC 134: alpha = 10000, CV score = -7.785421

PC 135: alpha = 10000, CV score = -7.667516

PC 136: alpha = 10000, CV score = -7.460199

PC 137: alpha = 10000, CV score = -7.491296

PC 138: alpha = 10000, CV score = -7.415234

PC 139: alpha = 10000, CV score = -7.330799

PC 140: alpha = 10000, CV score = -7.134081

PC 141: alpha = 10000, CV score = -7.223548

PC 142: alpha = 10000, CV score = -7.214295

PC 143: alpha = 10000, CV score = -7.066706

PC 144: alpha = 10000, CV score = -7.069551

PC 145: alpha = 10000, CV score = -7.028084

PC 146: alpha = 10000, CV score = -6.940865

PC 147: alpha = 10000, CV score = -7.006017

PC 148: alpha = 10000, CV score = -6.893790

PC 149: alpha = 10000, CV score = -6.766542

PC 150: alpha = 10000, CV score = -6.687418

PC 151: alpha = 10000, CV score = -6.574636

PC 152: alpha = 10000, CV score = -6.604415

PC 153: alpha = 10000, CV score = -6.585382

PC 154: alpha = 10000, CV score = -6.508268

PC 155: alpha = 21209.5, CV score = -6.486759

PC 156: alpha = 10000, CV score = -6.439875

PC 157: alpha = 21209.5, CV score = -6.400337

PC 158: alpha = 21209.5, CV score = -6.339879

PC 159: alpha = 10000, CV score = -6.242521

PC 160: alpha = 10000, CV score = -6.219853

PC 161: alpha = 10000, CV score = -6.207552

PC 162: alpha = 10000, CV score = -6.095478

PC 163: alpha = 10000, CV score = -6.091265

PC 164: alpha = 10000, CV score = -5.882022

PC 165: alpha = 10000, CV score = -5.933763

PC 166: alpha = 10000, CV score = -5.928575

PC 167: alpha = 10000, CV score = -5.857085

PC 168: alpha = 10000, CV score = -5.838937

PC 169: alpha = 10000, CV score = -5.775256

PC 170: alpha = 10000, CV score = -5.739593

PC 171: alpha = 10000, CV score = -5.756171

PC 172: alpha = 10000, CV score = -5.728099

PC 173: alpha = 10000, CV score = -5.582256

PC 174: alpha = 10000, CV score = -5.658185

PC 175: alpha = 10000, CV score = -5.592957

PC 176: alpha = 10000, CV score = -5.433524

PC 177: alpha = 21209.5, CV score = -5.515503

PC 178: alpha = 10000, CV score = -5.488506

PC 179: alpha = 10000, CV score = -5.443162

PC 180: alpha = 10000, CV score = -5.315985

PC 181: alpha = 10000, CV score = -5.393125

PC 182: alpha = 10000, CV score = -5.400317

PC 183: alpha = 10000, CV score = -5.286090

PC 184: alpha = 10000, CV score = -5.285747

PC 185: alpha = 10000, CV score = -5.227628

PC 186: alpha = 10000, CV score = -5.232773

PC 187: alpha = 10000, CV score = -5.178928

PC 188: alpha = 10000, CV score = -5.123635

PC 189: alpha = 10000, CV score = -5.098989

PC 190: alpha = 10000, CV score = -5.005764

PC 191: alpha = 10000, CV score = -4.978763

PC 192: alpha = 10000, CV score = -4.987771

PC 193: alpha = 10000, CV score = -4.979937

PC 194: alpha = 21209.5, CV score = -4.967455

PC 195: alpha = 10000, CV score = -4.907610

PC 196: alpha = 10000, CV score = -4.895271

PC 197: alpha = 10000, CV score = -4.822490

PC 198: alpha = 10000, CV score = -4.817508

PC 199: alpha = 10000, CV score = -4.803314

PC 200: alpha = 10000, CV score = -4.728154

Mean cross-validation score across PCs: -35.332191

======================================================================================

Chosen model: swin_large_patch4_window7_224_classification
Number of images: 73000
Image shape: (425, 425, 3), dtype: uint8
nsdID shape: (73000,), Shared1000 shape: (73000,)
Neural data shape: (10000, 8088)
Image IDs shape: (10000,)
Number of voxels: 8088
Number of projections for SRP: 7894

Loaded target with shape (10000, 8088).
Transformed data shape: (9000, 200)
Model options for swin_large_patch4_window7_224_classification: {'model_name': 'swin_large_patch4_window7_224', 'train_type': 'classification', 'train_data': 'imagenet', 'model_source': 'timm', 'call': "get_timm_model('swin_large_patch4_window7_224', pretrained = True)"}
Image transforms for swin_large_patch4_window7_224_classification: Compose(
    Resize(size=(224, 224), interpolation=bicubic, max_size=None, antialias=True)
    MaybeToTensor()
    Normalize(mean=tensor([0.4850, 0.4560, 0.4060]), std=tensor([0.2290, 0.2240, 0.2250]))
)
Loaded model: swin_large_patch4_window7_224_classification
Ordered layers from model: ['Conv2d-1', 'LayerNorm-1', 'PatchEmbed-1', 'Identity-1', 'LayerNorm-2', 'Identity-2', 'LayerNorm-3', 'Linear-3', 'GELU-1', 'Dropout-3', 'Identity-3', 'Linear-4', 'Dropout-4', 'Mlp-1', 'Identity-4', 'SwinTransformerBlock-1', 'LayerNorm-4', 'DropPath-1', 'LayerNorm-5', 'Linear-7', 'GELU-2', 'Dropout-7', 'Identity-5', 'Linear-8', 'Dropout-8', 'Mlp-2', 'DropPath-2', 'SwinTransformerBlock-2', 'SwinTransformerStage-1', 'LayerNorm-6', 'Linear-9', 'PatchMerging-1', 'LayerNorm-7', 'DropPath-3', 'LayerNorm-8', 'Linear-12', 'GELU-3', 'Dropout-11', 'Identity-6', 'Linear-13', 'Dropout-12', 'Mlp-3', 'DropPath-4', 'SwinTransformerBlock-3', 'LayerNorm-9', 'DropPath-5', 'LayerNorm-10', 'Linear-16', 'GELU-4', 'Dropout-15', 'Identity-7', 'Linear-17', 'Dropout-16', 'Mlp-4', 'DropPath-6', 'SwinTransformerBlock-4', 'SwinTransformerStage-2', 'LayerNorm-11', 'Linear-18', 'PatchMerging-2', 'LayerNorm-12', 'DropPath-7', 'LayerNorm-13', 'Linear-21', 'GELU-5', 'Dropout-19', 'Identity-8', 'Linear-22', 'Dropout-20', 'Mlp-5', 'DropPath-8', 'SwinTransformerBlock-5', 'LayerNorm-14', 'DropPath-9', 'LayerNorm-15', 'Linear-25', 'GELU-6', 'Dropout-23', 'Identity-9', 'Linear-26', 'Dropout-24', 'Mlp-6', 'DropPath-10', 'SwinTransformerBlock-6', 'LayerNorm-16', 'DropPath-11', 'LayerNorm-17', 'Linear-29', 'GELU-7', 'Dropout-27', 'Identity-10', 'Linear-30', 'Dropout-28', 'Mlp-7', 'DropPath-12', 'SwinTransformerBlock-7', 'LayerNorm-18', 'DropPath-13', 'LayerNorm-19', 'Linear-33', 'GELU-8', 'Dropout-31', 'Identity-11', 'Linear-34', 'Dropout-32', 'Mlp-8', 'DropPath-14', 'SwinTransformerBlock-8', 'LayerNorm-20', 'DropPath-15', 'LayerNorm-21', 'Linear-37', 'GELU-9', 'Dropout-35', 'Identity-12', 'Linear-38', 'Dropout-36', 'Mlp-9', 'DropPath-16', 'SwinTransformerBlock-9', 'LayerNorm-22', 'DropPath-17', 'LayerNorm-23', 'Linear-41', 'GELU-10', 'Dropout-39', 'Identity-13', 'Linear-42', 'Dropout-40', 'Mlp-10', 'DropPath-18', 'SwinTransformerBlock-10', 'LayerNorm-24', 'DropPath-19', 'LayerNorm-25', 'Linear-45', 'GELU-11', 'Dropout-43', 'Identity-14', 'Linear-46', 'Dropout-44', 'Mlp-11', 'DropPath-20', 'SwinTransformerBlock-11', 'LayerNorm-26', 'DropPath-21', 'LayerNorm-27', 'Linear-49', 'GELU-12', 'Dropout-47', 'Identity-15', 'Linear-50', 'Dropout-48', 'Mlp-12', 'DropPath-22', 'SwinTransformerBlock-12', 'LayerNorm-28', 'DropPath-23', 'LayerNorm-29', 'Linear-53', 'GELU-13', 'Dropout-51', 'Identity-16', 'Linear-54', 'Dropout-52', 'Mlp-13', 'DropPath-24', 'SwinTransformerBlock-13', 'LayerNorm-30', 'DropPath-25', 'LayerNorm-31', 'Linear-57', 'GELU-14', 'Dropout-55', 'Identity-17', 'Linear-58', 'Dropout-56', 'Mlp-14', 'DropPath-26', 'SwinTransformerBlock-14', 'LayerNorm-32', 'DropPath-27', 'LayerNorm-33', 'Linear-61', 'GELU-15', 'Dropout-59', 'Identity-18', 'Linear-62', 'Dropout-60', 'Mlp-15', 'DropPath-28', 'SwinTransformerBlock-15', 'LayerNorm-34', 'DropPath-29', 'LayerNorm-35', 'Linear-65', 'GELU-16', 'Dropout-63', 'Identity-19', 'Linear-66', 'Dropout-64', 'Mlp-16', 'DropPath-30', 'SwinTransformerBlock-16', 'LayerNorm-36', 'DropPath-31', 'LayerNorm-37', 'Linear-69', 'GELU-17', 'Dropout-67', 'Identity-20', 'Linear-70', 'Dropout-68', 'Mlp-17', 'DropPath-32', 'SwinTransformerBlock-17', 'LayerNorm-38', 'DropPath-33', 'LayerNorm-39', 'Linear-73', 'GELU-18', 'Dropout-71', 'Identity-21', 'Linear-74', 'Dropout-72', 'Mlp-18', 'DropPath-34', 'SwinTransformerBlock-18', 'LayerNorm-40', 'DropPath-35', 'LayerNorm-41', 'Linear-77', 'GELU-19', 'Dropout-75', 'Identity-22', 'Linear-78', 'Dropout-76', 'Mlp-19', 'DropPath-36', 'SwinTransformerBlock-19', 'LayerNorm-42', 'DropPath-37', 'LayerNorm-43', 'Linear-81', 'GELU-20', 'Dropout-79', 'Identity-23', 'Linear-82', 'Dropout-80', 'Mlp-20', 'DropPath-38', 'SwinTransformerBlock-20', 'LayerNorm-44', 'DropPath-39', 'LayerNorm-45', 'Linear-85', 'GELU-21', 'Dropout-83', 'Identity-24', 'Linear-86', 'Dropout-84', 'Mlp-21', 'DropPath-40', 'SwinTransformerBlock-21', 'LayerNorm-46', 'DropPath-41', 'LayerNorm-47', 'Linear-89', 'GELU-22', 'Dropout-87', 'Identity-25', 'Linear-90', 'Dropout-88', 'Mlp-22', 'DropPath-42', 'SwinTransformerBlock-22', 'SwinTransformerStage-3', 'LayerNorm-48', 'Linear-91', 'PatchMerging-3', 'LayerNorm-49', 'Linear-92', 'Softmax-23', 'Dropout-89', 'Linear-93', 'Dropout-90', 'WindowAttention-23', 'DropPath-43', 'LayerNorm-50', 'Linear-94', 'GELU-23', 'Dropout-91', 'Identity-26', 'Linear-95', 'Dropout-92', 'Mlp-23', 'DropPath-44', 'SwinTransformerBlock-23', 'LayerNorm-51', 'Linear-96', 'Softmax-24', 'Dropout-93', 'Linear-97', 'Dropout-94', 'WindowAttention-24', 'DropPath-45', 'LayerNorm-52', 'Linear-98', 'GELU-24', 'Dropout-95', 'Identity-27', 'Linear-99', 'Dropout-96', 'Mlp-24', 'DropPath-46', 'SwinTransformerBlock-24', 'SwinTransformerStage-4', 'LayerNorm-53', 'FastAdaptiveAvgPool-1', 'Identity-28', 'SelectAdaptivePool2d-1', 'Dropout-97', 'Linear-100', 'Identity-29', 'ClassifierHead-1', 'SwinTransformer-29']
Total number of layers: 326

==================================================
Processing layer: Linear-92 from model: swin_large_patch4_window7_224_classification

For model swin_large_patch4_window7_224_classification Layer Linear-92: Extracting features for 9000 images in batches of 28...
Feature extraction for model swin_large_patch4_window7_224_classification layer Linear-92 completed in 3871.02 seconds.
Finding best ridge alphas for 200 target PCs using 225792 features and 9000 samples.
Using alphas: 10^4 to 10^20, 50 values spaced logarithmically.
[Pipeline] ........... (step 1 of 1) Processing ridgecv, total=14.6min

Selected alpha and cross-validation score for each PC:
Finished finding best ridge alphas for each target PC.✅

PC   1: alpha = 910298, CV score = -1522.097892

PC   2: alpha = 429193, CV score = -468.693546

PC   3: alpha = 202359, CV score = -341.699722

PC   4: alpha = 429193, CV score = -200.309145

PC   5: alpha = 429193, CV score = -171.671314

PC   6: alpha = 429193, CV score = -159.887388

PC   7: alpha = 910298, CV score = -141.612091

PC   8: alpha = 1.9307e+06, CV score = -147.912084

PC   9: alpha = 910298, CV score = -102.000633

PC  10: alpha = 429193, CV score = -86.875780

PC  11: alpha = 910298, CV score = -85.550122

PC  12: alpha = 429193, CV score = -56.156679

PC  13: alpha = 910298, CV score = -91.633906

PC  14: alpha = 910298, CV score = -77.296136

PC  15: alpha = 910298, CV score = -66.770994

PC  16: alpha = 910298, CV score = -72.920707

PC  17: alpha = 910298, CV score = -68.030517

PC  18: alpha = 1.9307e+06, CV score = -73.158978

PC  19: alpha = 910298, CV score = -61.729384

PC  20: alpha = 910298, CV score = -63.374533

PC  21: alpha = 910298, CV score = -56.633485

PC  22: alpha = 910298, CV score = -57.225531

PC  23: alpha = 910298, CV score = -53.867816

PC  24: alpha = 1.9307e+06, CV score = -54.333058

PC  25: alpha = 910298, CV score = -51.329141

PC  26: alpha = 1.9307e+06, CV score = -51.327381

PC  27: alpha = 910298, CV score = -46.722031

PC  28: alpha = 1.9307e+06, CV score = -47.063280

PC  29: alpha = 910298, CV score = -45.534259

PC  30: alpha = 910298, CV score = -40.873810

PC  31: alpha = 910298, CV score = -39.434268

PC  32: alpha = 910298, CV score = -37.555842

PC  33: alpha = 910298, CV score = -38.090703

PC  34: alpha = 1.9307e+06, CV score = -38.366961

PC  35: alpha = 910298, CV score = -34.676541

PC  36: alpha = 1.9307e+06, CV score = -34.385618

PC  37: alpha = 1.9307e+06, CV score = -34.678316

PC  38: alpha = 910298, CV score = -31.038972

PC  39: alpha = 910298, CV score = -33.036174

PC  40: alpha = 910298, CV score = -30.009275

PC  41: alpha = 1.9307e+06, CV score = -30.362592

PC  42: alpha = 910298, CV score = -28.446701

PC  43: alpha = 910298, CV score = -28.311728

PC  44: alpha = 1.9307e+06, CV score = -28.463795

PC  45: alpha = 910298, CV score = -25.909119

PC  46: alpha = 1.9307e+06, CV score = -27.966148

PC  47: alpha = 910298, CV score = -25.443683

PC  48: alpha = 910298, CV score = -22.715431

PC  49: alpha = 910298, CV score = -24.313455

PC  50: alpha = 910298, CV score = -23.981011

PC  51: alpha = 910298, CV score = -21.799359

PC  52: alpha = 910298, CV score = -23.226958

PC  53: alpha = 910298, CV score = -21.993750

PC  54: alpha = 1.9307e+06, CV score = -22.506123

PC  55: alpha = 910298, CV score = -21.410989

PC  56: alpha = 910298, CV score = -20.124361

PC  57: alpha = 910298, CV score = -20.217459

PC  58: alpha = 910298, CV score = -19.747673

PC  59: alpha = 1.9307e+06, CV score = -20.298832

PC  60: alpha = 1.9307e+06, CV score = -19.480426

PC  61: alpha = 910298, CV score = -18.979320

PC  62: alpha = 910298, CV score = -18.102334

PC  63: alpha = 910298, CV score = -18.028681

PC  64: alpha = 910298, CV score = -17.725090

PC  65: alpha = 910298, CV score = -15.090483

PC  66: alpha = 910298, CV score = -17.213608

PC  67: alpha = 1.9307e+06, CV score = -17.493270

PC  68: alpha = 1.9307e+06, CV score = -17.325076

PC  69: alpha = 910298, CV score = -16.817597

PC  70: alpha = 910298, CV score = -16.093798

PC  71: alpha = 910298, CV score = -15.714666

PC  72: alpha = 1.9307e+06, CV score = -15.642577

PC  73: alpha = 1.9307e+06, CV score = -15.315388

PC  74: alpha = 1.9307e+06, CV score = -15.181122

PC  75: alpha = 1.9307e+06, CV score = -15.013755

PC  76: alpha = 910298, CV score = -14.164111

PC  77: alpha = 910298, CV score = -14.066688

PC  78: alpha = 1.9307e+06, CV score = -14.401444

PC  79: alpha = 910298, CV score = -13.716260

PC  80: alpha = 910298, CV score = -13.657521

PC  81: alpha = 1.9307e+06, CV score = -13.956336

PC  82: alpha = 910298, CV score = -13.390600

PC  83: alpha = 910298, CV score = -13.182202

PC  84: alpha = 1.9307e+06, CV score = -12.897480

PC  85: alpha = 910298, CV score = -12.487265

PC  86: alpha = 1.9307e+06, CV score = -12.722852

PC  87: alpha = 1.9307e+06, CV score = -12.553313

PC  88: alpha = 910298, CV score = -12.016933

PC  89: alpha = 910298, CV score = -12.101995

PC  90: alpha = 1.9307e+06, CV score = -12.067093

PC  91: alpha = 1.9307e+06, CV score = -12.055315

PC  92: alpha = 910298, CV score = -11.327969

PC  93: alpha = 1.9307e+06, CV score = -11.825760

PC  94: alpha = 1.9307e+06, CV score = -11.409550

PC  95: alpha = 910298, CV score = -11.285920

PC  96: alpha = 1.9307e+06, CV score = -11.253980

PC  97: alpha = 1.9307e+06, CV score = -11.039344

PC  98: alpha = 1.9307e+06, CV score = -11.030045

PC  99: alpha = 1.9307e+06, CV score = -10.932218

PC 100: alpha = 1.9307e+06, CV score = -10.683813

PC 101: alpha = 910298, CV score = -10.403458

PC 102: alpha = 910298, CV score = -9.798888

PC 103: alpha = 1.9307e+06, CV score = -10.153936

PC 104: alpha = 910298, CV score = -9.781901

PC 105: alpha = 910298, CV score = -10.009758

PC 106: alpha = 910298, CV score = -9.616249

PC 107: alpha = 1.9307e+06, CV score = -9.808673

PC 108: alpha = 910298, CV score = -9.698940

PC 109: alpha = 1.9307e+06, CV score = -9.611872

PC 110: alpha = 1.9307e+06, CV score = -9.705189

PC 111: alpha = 4.09492e+06, CV score = -9.642501

PC 112: alpha = 910298, CV score = -9.250685

PC 113: alpha = 1.9307e+06, CV score = -9.446902

PC 114: alpha = 1.9307e+06, CV score = -9.193134

PC 115: alpha = 1.9307e+06, CV score = -8.924450

PC 116: alpha = 1.9307e+06, CV score = -9.166668

PC 117: alpha = 1.9307e+06, CV score = -8.915773

PC 118: alpha = 1.9307e+06, CV score = -8.766359

PC 119: alpha = 1.9307e+06, CV score = -8.710532

PC 120: alpha = 1.9307e+06, CV score = -8.562638

PC 121: alpha = 1.9307e+06, CV score = -8.837276

PC 122: alpha = 1.9307e+06, CV score = -8.428758

PC 123: alpha = 910298, CV score = -8.250437

PC 124: alpha = 1.9307e+06, CV score = -8.396294

PC 125: alpha = 1.9307e+06, CV score = -8.304692

PC 126: alpha = 910298, CV score = -7.928202

PC 127: alpha = 1.9307e+06, CV score = -8.042273

PC 128: alpha = 1.9307e+06, CV score = -8.123567

PC 129: alpha = 1.9307e+06, CV score = -7.905600

PC 130: alpha = 910298, CV score = -7.755953

PC 131: alpha = 910298, CV score = -7.709109

PC 132: alpha = 1.9307e+06, CV score = -7.869958

PC 133: alpha = 1.9307e+06, CV score = -7.710066

PC 134: alpha = 1.9307e+06, CV score = -7.761929

PC 135: alpha = 1.9307e+06, CV score = -7.572611

PC 136: alpha = 1.9307e+06, CV score = -7.354497

PC 137: alpha = 1.9307e+06, CV score = -7.455738

PC 138: alpha = 1.9307e+06, CV score = -7.313700

PC 139: alpha = 1.9307e+06, CV score = -7.287873

PC 140: alpha = 910298, CV score = -7.085655

PC 141: alpha = 1.9307e+06, CV score = -7.170693

PC 142: alpha = 1.9307e+06, CV score = -7.152703

PC 143: alpha = 1.9307e+06, CV score = -7.024058

PC 144: alpha = 1.9307e+06, CV score = -7.012856

PC 145: alpha = 1.9307e+06, CV score = -7.003086

PC 146: alpha = 1.9307e+06, CV score = -6.848345

PC 147: alpha = 1.9307e+06, CV score = -6.940672

PC 148: alpha = 1.9307e+06, CV score = -6.871468

PC 149: alpha = 1.9307e+06, CV score = -6.758259

PC 150: alpha = 1.9307e+06, CV score = -6.614330

PC 151: alpha = 910298, CV score = -6.442890

PC 152: alpha = 1.9307e+06, CV score = -6.551720

PC 153: alpha = 4.09492e+06, CV score = -6.567545

PC 154: alpha = 1.9307e+06, CV score = -6.452577

PC 155: alpha = 4.09492e+06, CV score = -6.467607

PC 156: alpha = 1.9307e+06, CV score = -6.442512

PC 157: alpha = 4.09492e+06, CV score = -6.397113

PC 158: alpha = 1.9307e+06, CV score = -6.279597

PC 159: alpha = 1.9307e+06, CV score = -6.171745

PC 160: alpha = 1.9307e+06, CV score = -6.160109

PC 161: alpha = 1.9307e+06, CV score = -6.186344

PC 162: alpha = 1.9307e+06, CV score = -6.075072

PC 163: alpha = 1.9307e+06, CV score = -6.046508

PC 164: alpha = 910298, CV score = -5.846092

PC 165: alpha = 1.9307e+06, CV score = -5.941782

PC 166: alpha = 1.9307e+06, CV score = -5.862650

PC 167: alpha = 1.9307e+06, CV score = -5.824912

PC 168: alpha = 1.9307e+06, CV score = -5.846935

PC 169: alpha = 1.9307e+06, CV score = -5.739502

PC 170: alpha = 1.9307e+06, CV score = -5.736883

PC 171: alpha = 1.9307e+06, CV score = -5.720308

PC 172: alpha = 1.9307e+06, CV score = -5.682868

PC 173: alpha = 910298, CV score = -5.520270

PC 174: alpha = 1.9307e+06, CV score = -5.662109

PC 175: alpha = 1.9307e+06, CV score = -5.567798

PC 176: alpha = 910298, CV score = -5.410219

PC 177: alpha = 4.09492e+06, CV score = -5.501113

PC 178: alpha = 1.9307e+06, CV score = -5.474149

PC 179: alpha = 1.9307e+06, CV score = -5.424342

PC 180: alpha = 910298, CV score = -5.253598

PC 181: alpha = 1.9307e+06, CV score = -5.394947

PC 182: alpha = 1.9307e+06, CV score = -5.356574

PC 183: alpha = 1.9307e+06, CV score = -5.264886

PC 184: alpha = 4.09492e+06, CV score = -5.285568

PC 185: alpha = 1.9307e+06, CV score = -5.192920

PC 186: alpha = 1.9307e+06, CV score = -5.172897

PC 187: alpha = 1.9307e+06, CV score = -5.150760

PC 188: alpha = 1.9307e+06, CV score = -5.079731

PC 189: alpha = 1.9307e+06, CV score = -5.068828

PC 190: alpha = 1.9307e+06, CV score = -5.010594

PC 191: alpha = 1.9307e+06, CV score = -4.998104

PC 192: alpha = 1.9307e+06, CV score = -4.940109

PC 193: alpha = 1.9307e+06, CV score = -4.976460

PC 194: alpha = 4.09492e+06, CV score = -4.940504

PC 195: alpha = 1.9307e+06, CV score = -4.844615

PC 196: alpha = 1.9307e+06, CV score = -4.870259

PC 197: alpha = 1.9307e+06, CV score = -4.774143

PC 198: alpha = 1.9307e+06, CV score = -4.835533

PC 199: alpha = 1.9307e+06, CV score = -4.748437

PC 200: alpha = 1.9307e+06, CV score = -4.707348

Mean cross-validation score across PCs: -33.233878

======================================================================================

Chosen model: jx_nest_tiny_classification
Number of images: 73000
Image shape: (425, 425, 3), dtype: uint8
nsdID shape: (73000,), Shared1000 shape: (73000,)
Neural data shape: (10000, 8088)
Image IDs shape: (10000,)
Number of voxels: 8088
Number of projections for SRP: 7894

Loaded target with shape (10000, 8088).
Transformed data shape: (9000, 200)
Model options for jx_nest_tiny_classification: {'model_name': 'jx_nest_tiny', 'train_type': 'classification', 'train_data': 'imagenet', 'model_source': 'timm', 'call': "get_timm_model('jx_nest_tiny', pretrained = True)"}
Image transforms for jx_nest_tiny_classification: Compose(
    Resize(size=(224, 224), interpolation=bicubic, max_size=None, antialias=True)
    MaybeToTensor()
    Normalize(mean=tensor([0.4850, 0.4560, 0.4060]), std=tensor([0.2290, 0.2240, 0.2250]))
)
Loaded model: jx_nest_tiny_classification
Ordered layers from model: ['Conv2d-1', 'Identity-1', 'PatchEmbed-1', 'Identity-2', 'LayerNorm-1', 'Linear-1', 'Linear-2', 'Dropout-1', 'Attention-1', 'Identity-3', 'LayerNorm-2', 'Linear-3', 'GELU-1', 'Dropout-2', 'Identity-4', 'Linear-4', 'Dropout-3', 'Mlp-1', 'Identity-5', 'TransformerLayer-1', 'LayerNorm-3', 'Linear-5', 'Linear-6', 'Dropout-4', 'Attention-2', 'DropPath-1', 'LayerNorm-4', 'Linear-7', 'GELU-2', 'Dropout-5', 'Identity-6', 'Linear-8', 'Dropout-6', 'Mlp-2', 'DropPath-2', 'TransformerLayer-2', 'NestLevel-1', 'Conv2d-2', 'LayerNorm-5', 'MaxPool2dSame-1', 'ConvPool-1', 'LayerNorm-6', 'Linear-9', 'Linear-10', 'Dropout-7', 'Attention-3', 'DropPath-3', 'LayerNorm-7', 'Linear-11', 'GELU-3', 'Dropout-8', 'Identity-7', 'Linear-12', 'Dropout-9', 'Mlp-3', 'DropPath-4', 'TransformerLayer-3', 'LayerNorm-8', 'Linear-13', 'Linear-14', 'Dropout-10', 'Attention-4', 'DropPath-5', 'LayerNorm-9', 'Linear-15', 'GELU-4', 'Dropout-11', 'Identity-8', 'Linear-16', 'Dropout-12', 'Mlp-4', 'DropPath-6', 'TransformerLayer-4', 'NestLevel-2', 'Conv2d-3', 'LayerNorm-10', 'MaxPool2dSame-2', 'ConvPool-2', 'LayerNorm-11', 'Linear-17', 'Linear-18', 'Dropout-13', 'Attention-5', 'DropPath-7', 'LayerNorm-12', 'Linear-19', 'GELU-5', 'Dropout-14', 'Identity-9', 'Linear-20', 'Dropout-15', 'Mlp-5', 'DropPath-8', 'TransformerLayer-5', 'LayerNorm-13', 'Linear-21', 'Linear-22', 'Dropout-16', 'Attention-6', 'DropPath-9', 'LayerNorm-14', 'Linear-23', 'GELU-6', 'Dropout-17', 'Identity-10', 'Linear-24', 'Dropout-18', 'Mlp-6', 'DropPath-10', 'TransformerLayer-6', 'LayerNorm-15', 'Linear-25', 'Linear-26', 'Dropout-19', 'Attention-7', 'DropPath-11', 'LayerNorm-16', 'Linear-27', 'GELU-7', 'Dropout-20', 'Identity-11', 'Linear-28', 'Dropout-21', 'Mlp-7', 'DropPath-12', 'TransformerLayer-7', 'LayerNorm-17', 'Linear-29', 'Linear-30', 'Dropout-22', 'Attention-8', 'DropPath-13', 'LayerNorm-18', 'Linear-31', 'GELU-8', 'Dropout-23', 'Identity-12', 'Linear-32', 'Dropout-24', 'Mlp-8', 'DropPath-14', 'TransformerLayer-8', 'LayerNorm-19', 'Linear-33', 'Linear-34', 'Dropout-25', 'Attention-9', 'DropPath-15', 'LayerNorm-20', 'Linear-35', 'GELU-9', 'Dropout-26', 'Identity-13', 'Linear-36', 'Dropout-27', 'Mlp-9', 'DropPath-16', 'TransformerLayer-9', 'LayerNorm-21', 'Linear-37', 'Linear-38', 'Dropout-28', 'Attention-10', 'DropPath-17', 'LayerNorm-22', 'Linear-39', 'GELU-10', 'Dropout-29', 'Identity-14', 'Linear-40', 'Dropout-30', 'Mlp-10', 'DropPath-18', 'TransformerLayer-10', 'LayerNorm-23', 'Linear-41', 'Linear-42', 'Dropout-31', 'Attention-11', 'DropPath-19', 'LayerNorm-24', 'Linear-43', 'GELU-11', 'Dropout-32', 'Identity-15', 'Linear-44', 'Dropout-33', 'Mlp-11', 'DropPath-20', 'TransformerLayer-11', 'LayerNorm-25', 'Linear-45', 'Linear-46', 'Dropout-34', 'Attention-12', 'DropPath-21', 'LayerNorm-26', 'Linear-47', 'GELU-12', 'Dropout-35', 'Identity-16', 'Linear-48', 'Dropout-36', 'Mlp-12', 'DropPath-22', 'TransformerLayer-12', 'NestLevel-3', 'LayerNorm-27', 'AdaptiveAvgPool2d-1', 'Flatten-1', 'SelectAdaptivePool2d-1', 'Dropout-37', 'Linear-49', 'Nest-4']
Total number of layers: 214

==================================================
Processing layer: LayerNorm-20 from model: jx_nest_tiny_classification

For model jx_nest_tiny_classification Layer LayerNorm-20: Extracting features for 9000 images in batches of 28...
Feature extraction for model jx_nest_tiny_classification layer LayerNorm-20 completed in 963.53 seconds.
Finding best ridge alphas for 200 target PCs using 75264 features and 9000 samples.
Using alphas: 10^4 to 10^20, 50 values spaced logarithmically.
[Pipeline] ........... (step 1 of 1) Processing ridgecv, total= 6.2min

Selected alpha and cross-validation score for each PC:
Finished finding best ridge alphas for each target PC.✅

PC   1: alpha = 95409.5, CV score = -1530.776697

PC   2: alpha = 21209.5, CV score = -519.390012

PC   3: alpha = 21209.5, CV score = -344.597665

PC   4: alpha = 21209.5, CV score = -202.285317

PC   5: alpha = 44984.3, CV score = -174.707590

PC   6: alpha = 44984.3, CV score = -162.340039

PC   7: alpha = 44984.3, CV score = -143.236418

PC   8: alpha = 95409.5, CV score = -148.565256

PC   9: alpha = 44984.3, CV score = -105.847329

PC  10: alpha = 44984.3, CV score = -88.007142

PC  11: alpha = 44984.3, CV score = -85.114537

PC  12: alpha = 44984.3, CV score = -58.812817

PC  13: alpha = 95409.5, CV score = -93.300638

PC  14: alpha = 44984.3, CV score = -77.563194

PC  15: alpha = 44984.3, CV score = -66.826340

PC  16: alpha = 44984.3, CV score = -73.406408

PC  17: alpha = 44984.3, CV score = -68.013883

PC  18: alpha = 95409.5, CV score = -72.930040

PC  19: alpha = 44984.3, CV score = -62.153203

PC  20: alpha = 95409.5, CV score = -63.642560

PC  21: alpha = 44984.3, CV score = -57.421373

PC  22: alpha = 95409.5, CV score = -56.937540

PC  23: alpha = 44984.3, CV score = -53.753181

PC  24: alpha = 95409.5, CV score = -54.276825

PC  25: alpha = 44984.3, CV score = -51.182341

PC  26: alpha = 95409.5, CV score = -51.587425

PC  27: alpha = 95409.5, CV score = -47.275312

PC  28: alpha = 95409.5, CV score = -47.660768

PC  29: alpha = 95409.5, CV score = -45.862140

PC  30: alpha = 95409.5, CV score = -40.862639

PC  31: alpha = 44984.3, CV score = -39.906059

PC  32: alpha = 44984.3, CV score = -37.967677

PC  33: alpha = 44984.3, CV score = -38.139972

PC  34: alpha = 95409.5, CV score = -38.592483

PC  35: alpha = 95409.5, CV score = -34.954272

PC  36: alpha = 95409.5, CV score = -34.243868

PC  37: alpha = 95409.5, CV score = -34.691567

PC  38: alpha = 44984.3, CV score = -31.594429

PC  39: alpha = 95409.5, CV score = -32.840590

PC  40: alpha = 95409.5, CV score = -30.468938

PC  41: alpha = 95409.5, CV score = -30.164873

PC  42: alpha = 95409.5, CV score = -28.560789

PC  43: alpha = 95409.5, CV score = -28.521688

PC  44: alpha = 95409.5, CV score = -28.739046

PC  45: alpha = 44984.3, CV score = -26.068746

PC  46: alpha = 95409.5, CV score = -28.068953

PC  47: alpha = 95409.5, CV score = -25.655200

PC  48: alpha = 21209.5, CV score = -22.630639

PC  49: alpha = 95409.5, CV score = -24.432150

PC  50: alpha = 95409.5, CV score = -24.052980

PC  51: alpha = 44984.3, CV score = -21.882194

PC  52: alpha = 95409.5, CV score = -23.348183

PC  53: alpha = 44984.3, CV score = -21.953028

PC  54: alpha = 95409.5, CV score = -22.329884

PC  55: alpha = 95409.5, CV score = -21.616840

PC  56: alpha = 44984.3, CV score = -20.154189

PC  57: alpha = 44984.3, CV score = -20.335547

PC  58: alpha = 44984.3, CV score = -19.729080

PC  59: alpha = 95409.5, CV score = -20.320127

PC  60: alpha = 95409.5, CV score = -19.442858

PC  61: alpha = 44984.3, CV score = -18.808380

PC  62: alpha = 44984.3, CV score = -18.016472

PC  63: alpha = 95409.5, CV score = -18.065583

PC  64: alpha = 95409.5, CV score = -17.868884

PC  65: alpha = 44984.3, CV score = -15.076825

PC  66: alpha = 95409.5, CV score = -17.316414

PC  67: alpha = 95409.5, CV score = -17.493341

PC  68: alpha = 95409.5, CV score = -17.380935

PC  69: alpha = 95409.5, CV score = -16.852972

PC  70: alpha = 95409.5, CV score = -16.119444

PC  71: alpha = 44984.3, CV score = -15.733871

PC  72: alpha = 95409.5, CV score = -15.632296

PC  73: alpha = 95409.5, CV score = -15.271328

PC  74: alpha = 95409.5, CV score = -15.214822

PC  75: alpha = 95409.5, CV score = -15.104310

PC  76: alpha = 44984.3, CV score = -14.289615

PC  77: alpha = 95409.5, CV score = -13.978967

PC  78: alpha = 95409.5, CV score = -14.340291

PC  79: alpha = 95409.5, CV score = -13.994181

PC  80: alpha = 95409.5, CV score = -13.719517

PC  81: alpha = 95409.5, CV score = -14.008126

PC  82: alpha = 95409.5, CV score = -13.392624

PC  83: alpha = 95409.5, CV score = -13.134068

PC  84: alpha = 95409.5, CV score = -12.900283

PC  85: alpha = 95409.5, CV score = -12.508974

PC  86: alpha = 95409.5, CV score = -12.712794

PC  87: alpha = 95409.5, CV score = -12.548136

PC  88: alpha = 95409.5, CV score = -12.039543

PC  89: alpha = 95409.5, CV score = -12.228395

PC  90: alpha = 95409.5, CV score = -11.992372

PC  91: alpha = 95409.5, CV score = -11.988950

PC  92: alpha = 44984.3, CV score = -11.425151

PC  93: alpha = 95409.5, CV score = -11.818939

PC  94: alpha = 95409.5, CV score = -11.353223

PC  95: alpha = 95409.5, CV score = -11.352117

PC  96: alpha = 95409.5, CV score = -11.238409

PC  97: alpha = 95409.5, CV score = -10.980183

PC  98: alpha = 95409.5, CV score = -11.025952

PC  99: alpha = 202359, CV score = -10.982197

PC 100: alpha = 95409.5, CV score = -10.676346

PC 101: alpha = 95409.5, CV score = -10.450027

PC 102: alpha = 44984.3, CV score = -9.767656

PC 103: alpha = 95409.5, CV score = -10.067209

PC 104: alpha = 95409.5, CV score = -9.780828

PC 105: alpha = 95409.5, CV score = -10.005561

PC 106: alpha = 95409.5, CV score = -9.657616

PC 107: alpha = 95409.5, CV score = -9.835645

PC 108: alpha = 95409.5, CV score = -9.576400

PC 109: alpha = 95409.5, CV score = -9.658736

PC 110: alpha = 202359, CV score = -9.707942

PC 111: alpha = 202359, CV score = -9.625610

PC 112: alpha = 95409.5, CV score = -9.228955

PC 113: alpha = 95409.5, CV score = -9.407387

PC 114: alpha = 95409.5, CV score = -9.193668

PC 115: alpha = 95409.5, CV score = -8.828759

PC 116: alpha = 202359, CV score = -9.139700

PC 117: alpha = 95409.5, CV score = -8.863069

PC 118: alpha = 95409.5, CV score = -8.789424

PC 119: alpha = 95409.5, CV score = -8.742104

PC 120: alpha = 95409.5, CV score = -8.447844

PC 121: alpha = 202359, CV score = -8.805561

PC 122: alpha = 95409.5, CV score = -8.427105

PC 123: alpha = 95409.5, CV score = -8.215849

PC 124: alpha = 95409.5, CV score = -8.412906

PC 125: alpha = 95409.5, CV score = -8.277695

PC 126: alpha = 95409.5, CV score = -7.998618

PC 127: alpha = 95409.5, CV score = -7.988084

PC 128: alpha = 95409.5, CV score = -8.140035

PC 129: alpha = 95409.5, CV score = -7.864459

PC 130: alpha = 44984.3, CV score = -7.679089

PC 131: alpha = 95409.5, CV score = -7.699013

PC 132: alpha = 95409.5, CV score = -7.911712

PC 133: alpha = 95409.5, CV score = -7.656690

PC 134: alpha = 202359, CV score = -7.771618

PC 135: alpha = 202359, CV score = -7.624738

PC 136: alpha = 95409.5, CV score = -7.418877

PC 137: alpha = 95409.5, CV score = -7.448669

PC 138: alpha = 95409.5, CV score = -7.353254

PC 139: alpha = 95409.5, CV score = -7.261321

PC 140: alpha = 95409.5, CV score = -7.064116

PC 141: alpha = 95409.5, CV score = -7.135984

PC 142: alpha = 202359, CV score = -7.167608

PC 143: alpha = 95409.5, CV score = -7.004295

PC 144: alpha = 95409.5, CV score = -7.034918

PC 145: alpha = 95409.5, CV score = -6.999126

PC 146: alpha = 95409.5, CV score = -6.887368

PC 147: alpha = 202359, CV score = -6.987946

PC 148: alpha = 202359, CV score = -6.876280

PC 149: alpha = 95409.5, CV score = -6.738744

PC 150: alpha = 95409.5, CV score = -6.612456

PC 151: alpha = 95409.5, CV score = -6.455847

PC 152: alpha = 95409.5, CV score = -6.579371

PC 153: alpha = 202359, CV score = -6.550221

PC 154: alpha = 95409.5, CV score = -6.465071

PC 155: alpha = 202359, CV score = -6.442098

PC 156: alpha = 202359, CV score = -6.438894

PC 157: alpha = 202359, CV score = -6.377880

PC 158: alpha = 202359, CV score = -6.314296

PC 159: alpha = 95409.5, CV score = -6.190750

PC 160: alpha = 95409.5, CV score = -6.141025

PC 161: alpha = 202359, CV score = -6.198682

PC 162: alpha = 95409.5, CV score = -6.009130

PC 163: alpha = 95409.5, CV score = -6.041377

PC 164: alpha = 95409.5, CV score = -5.812213

PC 165: alpha = 95409.5, CV score = -5.907121

PC 166: alpha = 95409.5, CV score = -5.900957

PC 167: alpha = 202359, CV score = -5.841935

PC 168: alpha = 202359, CV score = -5.825053

PC 169: alpha = 95409.5, CV score = -5.734428

PC 170: alpha = 95409.5, CV score = -5.708433

PC 171: alpha = 95409.5, CV score = -5.707538

PC 172: alpha = 95409.5, CV score = -5.646666

PC 173: alpha = 95409.5, CV score = -5.507341

PC 174: alpha = 202359, CV score = -5.636357

PC 175: alpha = 95409.5, CV score = -5.543547

PC 176: alpha = 95409.5, CV score = -5.382542

PC 177: alpha = 202359, CV score = -5.503520

PC 178: alpha = 202359, CV score = -5.464682

PC 179: alpha = 95409.5, CV score = -5.399425

PC 180: alpha = 95409.5, CV score = -5.249145

PC 181: alpha = 202359, CV score = -5.382949

PC 182: alpha = 202359, CV score = -5.367529

PC 183: alpha = 95409.5, CV score = -5.263187

PC 184: alpha = 95409.5, CV score = -5.264242

PC 185: alpha = 202359, CV score = -5.223330

PC 186: alpha = 95409.5, CV score = -5.175487

PC 187: alpha = 202359, CV score = -5.146158

PC 188: alpha = 202359, CV score = -5.108351

PC 189: alpha = 202359, CV score = -5.089628

PC 190: alpha = 95409.5, CV score = -4.987257

PC 191: alpha = 95409.5, CV score = -4.966646

PC 192: alpha = 202359, CV score = -4.950212

PC 193: alpha = 202359, CV score = -4.960840

PC 194: alpha = 95409.5, CV score = -4.932725

PC 195: alpha = 95409.5, CV score = -4.857616

PC 196: alpha = 95409.5, CV score = -4.870789

PC 197: alpha = 95409.5, CV score = -4.781034

PC 198: alpha = 202359, CV score = -4.817061

PC 199: alpha = 95409.5, CV score = -4.739396

PC 200: alpha = 95409.5, CV score = -4.695445

Mean cross-validation score across PCs: -33.670612

======================================================================================

Chosen model: pit_ti_224_classification
Number of images: 73000
Image shape: (425, 425, 3), dtype: uint8
nsdID shape: (73000,), Shared1000 shape: (73000,)
Neural data shape: (10000, 8088)
Image IDs shape: (10000,)
Number of voxels: 8088
Number of projections for SRP: 7894

Loaded target with shape (10000, 8088).
Transformed data shape: (9000, 200)
Model options for pit_ti_224_classification: {'model_name': 'pit_ti_224', 'train_type': 'classification', 'train_data': 'imagenet', 'model_source': 'timm', 'call': "get_timm_model('pit_ti_224', pretrained = True)"}
Image transforms for pit_ti_224_classification: Compose(
    Resize(size=(224, 224), interpolation=bicubic, max_size=None, antialias=True)
    MaybeToTensor()
    Normalize(mean=tensor([0.4850, 0.4560, 0.4060]), std=tensor([0.2290, 0.2240, 0.2250]))
)
Loaded model: pit_ti_224_classification
Ordered layers from model: ['Conv2d-1', 'ConvEmbedding-1', 'Dropout-1', 'Identity-1', 'LayerNorm-1', 'Linear-1', 'Identity-2', 'Identity-3', 'Identity-4', 'Linear-2', 'Dropout-2', 'Attention-1', 'Identity-5', 'Identity-6', 'LayerNorm-2', 'Linear-3', 'GELU-1', 'Dropout-3', 'Identity-7', 'Linear-4', 'Dropout-4', 'Mlp-1', 'Identity-8', 'Identity-9', 'Block-1', 'LayerNorm-3', 'Linear-5', 'Identity-10', 'Identity-11', 'Identity-12', 'Linear-6', 'Dropout-5', 'Attention-2', 'Identity-13', 'Identity-14', 'LayerNorm-4', 'Linear-7', 'GELU-2', 'Dropout-6', 'Identity-15', 'Linear-8', 'Dropout-7', 'Mlp-2', 'Identity-16', 'Identity-17', 'Block-2', 'Transformer-1-1', 'Transformer-1-2', 'Conv2d-2', 'Linear-9', 'Pooling-1-1', 'Pooling-1-2', 'Identity-18', 'LayerNorm-5', 'Linear-10', 'Identity-19', 'Identity-20', 'Identity-21', 'Linear-11', 'Dropout-8', 'Attention-3', 'Identity-22', 'Identity-23', 'LayerNorm-6', 'Linear-12', 'GELU-3', 'Dropout-9', 'Identity-24', 'Linear-13', 'Dropout-10', 'Mlp-3', 'Identity-25', 'Identity-26', 'Block-3', 'LayerNorm-7', 'Linear-14', 'Identity-27', 'Identity-28', 'Identity-29', 'Linear-15', 'Dropout-11', 'Attention-4', 'Identity-30', 'Identity-31', 'LayerNorm-8', 'Linear-16', 'GELU-4', 'Dropout-12', 'Identity-32', 'Linear-17', 'Dropout-13', 'Mlp-4', 'Identity-33', 'Identity-34', 'Block-4', 'LayerNorm-9', 'Linear-18', 'Identity-35', 'Identity-36', 'Identity-37', 'Linear-19', 'Dropout-14', 'Attention-5', 'Identity-38', 'Identity-39', 'LayerNorm-10', 'Linear-20', 'GELU-5', 'Dropout-15', 'Identity-40', 'Linear-21', 'Dropout-16', 'Mlp-5', 'Identity-41', 'Identity-42', 'Block-5', 'LayerNorm-11', 'Linear-22', 'Identity-43', 'Identity-44', 'Identity-45', 'Linear-23', 'Dropout-17', 'Attention-6', 'Identity-46', 'Identity-47', 'LayerNorm-12', 'Linear-24', 'GELU-6', 'Dropout-18', 'Identity-48', 'Linear-25', 'Dropout-19', 'Mlp-6', 'Identity-49', 'Identity-50', 'Block-6', 'LayerNorm-13', 'Linear-26', 'Identity-51', 'Identity-52', 'Identity-53', 'Linear-27', 'Dropout-20', 'Attention-7', 'Identity-54', 'Identity-55', 'LayerNorm-14', 'Linear-28', 'GELU-7', 'Dropout-21', 'Identity-56', 'Linear-29', 'Dropout-22', 'Mlp-7', 'Identity-57', 'Identity-58', 'Block-7', 'LayerNorm-15', 'Linear-30', 'Identity-59', 'Identity-60', 'Identity-61', 'Linear-31', 'Dropout-23', 'Attention-8', 'Identity-62', 'Identity-63', 'LayerNorm-16', 'Linear-32', 'GELU-8', 'Dropout-24', 'Identity-64', 'Linear-33', 'Dropout-25', 'Mlp-8', 'Identity-65', 'Identity-66', 'Block-8', 'Transformer-3-1', 'Transformer-3-2', 'Conv2d-3', 'Linear-34', 'Pooling-3-1', 'Pooling-3-2', 'Identity-67', 'LayerNorm-17', 'Linear-35', 'Identity-68', 'Identity-69', 'Identity-70', 'Linear-36', 'Dropout-26', 'Attention-9', 'Identity-71', 'Identity-72', 'LayerNorm-18', 'Linear-37', 'GELU-9', 'Dropout-27', 'Identity-73', 'Linear-38', 'Dropout-28', 'Mlp-9', 'Identity-74', 'Identity-75', 'Block-9', 'LayerNorm-19', 'Linear-39', 'Identity-76', 'Identity-77', 'Identity-78', 'Linear-40', 'Dropout-29', 'Attention-10', 'Identity-79', 'Identity-80', 'LayerNorm-20', 'Linear-41', 'GELU-10', 'Dropout-30', 'Identity-81', 'Linear-42', 'Dropout-31', 'Mlp-10', 'Identity-82', 'Identity-83', 'Block-10', 'LayerNorm-21', 'Linear-43', 'Identity-84', 'Identity-85', 'Identity-86', 'Linear-44', 'Dropout-32', 'Attention-11', 'Identity-87', 'Identity-88', 'LayerNorm-22', 'Linear-45', 'GELU-11', 'Dropout-33', 'Identity-89', 'Linear-46', 'Dropout-34', 'Mlp-11', 'Identity-90', 'Identity-91', 'Block-11', 'LayerNorm-23', 'Linear-47', 'Identity-92', 'Identity-93', 'Identity-94', 'Linear-48', 'Dropout-35', 'Attention-12', 'Identity-95', 'Identity-96', 'LayerNorm-24', 'Linear-49', 'GELU-12', 'Dropout-36', 'Identity-97', 'Linear-50', 'Dropout-37', 'Mlp-12', 'Identity-98', 'Identity-99', 'Block-12', 'Transformer-5-1', 'Transformer-5-2', 'LayerNorm-25', 'Dropout-38', 'Linear-51', 'PoolingVisionTransformer-1']
Total number of layers: 276

==================================================
Processing layer: LayerNorm-19 from model: pit_ti_224_classification

For model pit_ti_224_classification Layer LayerNorm-19: Extracting features for 9000 images in batches of 28...
Feature extraction for model pit_ti_224_classification layer LayerNorm-19 completed in 226.23 seconds.
Finding best ridge alphas for 200 target PCs using 12800 features and 9000 samples.
Using alphas: 10^4 to 10^20, 50 values spaced logarithmically.
[Pipeline] ........... (step 1 of 1) Processing ridgecv, total= 2.8min

Selected alpha and cross-validation score for each PC:
Finished finding best ridge alphas for each target PC.✅

PC   1: alpha = 44984.3, CV score = -1542.609766

PC   2: alpha = 21209.5, CV score = -577.359289

PC   3: alpha = 21209.5, CV score = -364.151078

PC   4: alpha = 21209.5, CV score = -215.574845

PC   5: alpha = 21209.5, CV score = -179.252803

PC   6: alpha = 44984.3, CV score = -169.141485

PC   7: alpha = 44984.3, CV score = -146.089777

PC   8: alpha = 95409.5, CV score = -148.992357

PC   9: alpha = 44984.3, CV score = -107.483163

PC  10: alpha = 44984.3, CV score = -90.693455

PC  11: alpha = 44984.3, CV score = -87.356241

PC  12: alpha = 21209.5, CV score = -60.430398

PC  13: alpha = 95409.5, CV score = -94.109048

PC  14: alpha = 44984.3, CV score = -78.139106

PC  15: alpha = 44984.3, CV score = -68.156369

PC  16: alpha = 44984.3, CV score = -74.248393

PC  17: alpha = 44984.3, CV score = -68.595595

PC  18: alpha = 95409.5, CV score = -73.030506

PC  19: alpha = 44984.3, CV score = -62.196927

PC  20: alpha = 44984.3, CV score = -64.282140

PC  21: alpha = 44984.3, CV score = -57.982121

PC  22: alpha = 44984.3, CV score = -57.581025

PC  23: alpha = 44984.3, CV score = -54.869053

PC  24: alpha = 44984.3, CV score = -54.600532

PC  25: alpha = 44984.3, CV score = -52.136039

PC  26: alpha = 95409.5, CV score = -51.851443

PC  27: alpha = 44984.3, CV score = -47.495187

PC  28: alpha = 95409.5, CV score = -47.839226

PC  29: alpha = 44984.3, CV score = -46.230060

PC  30: alpha = 44984.3, CV score = -41.175657

PC  31: alpha = 44984.3, CV score = -40.396587

PC  32: alpha = 44984.3, CV score = -38.686101

PC  33: alpha = 44984.3, CV score = -38.202377

PC  34: alpha = 95409.5, CV score = -38.663792

PC  35: alpha = 44984.3, CV score = -35.270584

PC  36: alpha = 95409.5, CV score = -34.623448

PC  37: alpha = 95409.5, CV score = -35.017616

PC  38: alpha = 44984.3, CV score = -31.950302

PC  39: alpha = 44984.3, CV score = -33.158577

PC  40: alpha = 95409.5, CV score = -30.976158

PC  41: alpha = 95409.5, CV score = -30.499897

PC  42: alpha = 44984.3, CV score = -28.661038

PC  43: alpha = 44984.3, CV score = -28.786901

PC  44: alpha = 95409.5, CV score = -28.856037

PC  45: alpha = 44984.3, CV score = -26.351238

PC  46: alpha = 95409.5, CV score = -28.132282

PC  47: alpha = 44984.3, CV score = -25.771360

PC  48: alpha = 21209.5, CV score = -22.885841

PC  49: alpha = 44984.3, CV score = -24.532798

PC  50: alpha = 44984.3, CV score = -24.163741

PC  51: alpha = 44984.3, CV score = -22.056904

PC  52: alpha = 95409.5, CV score = -23.601065

PC  53: alpha = 44984.3, CV score = -22.158243

PC  54: alpha = 44984.3, CV score = -22.490616

PC  55: alpha = 95409.5, CV score = -21.729904

PC  56: alpha = 44984.3, CV score = -20.440439

PC  57: alpha = 44984.3, CV score = -20.629647

PC  58: alpha = 44984.3, CV score = -19.975314

PC  59: alpha = 95409.5, CV score = -20.317034

PC  60: alpha = 95409.5, CV score = -19.587304

PC  61: alpha = 44984.3, CV score = -19.049369

PC  62: alpha = 44984.3, CV score = -18.213321

PC  63: alpha = 44984.3, CV score = -18.217001

PC  64: alpha = 44984.3, CV score = -17.912322

PC  65: alpha = 44984.3, CV score = -15.366556

PC  66: alpha = 44984.3, CV score = -17.367711

PC  67: alpha = 95409.5, CV score = -17.521646

PC  68: alpha = 95409.5, CV score = -17.453729

PC  69: alpha = 44984.3, CV score = -16.870671

PC  70: alpha = 95409.5, CV score = -16.283838

PC  71: alpha = 44984.3, CV score = -15.873219

PC  72: alpha = 95409.5, CV score = -15.719455

PC  73: alpha = 95409.5, CV score = -15.325188

PC  74: alpha = 44984.3, CV score = -15.255539

PC  75: alpha = 95409.5, CV score = -15.122231

PC  76: alpha = 44984.3, CV score = -14.367795

PC  77: alpha = 44984.3, CV score = -14.178114

PC  78: alpha = 95409.5, CV score = -14.347721

PC  79: alpha = 44984.3, CV score = -14.120534

PC  80: alpha = 95409.5, CV score = -13.885715

PC  81: alpha = 95409.5, CV score = -13.968651

PC  82: alpha = 95409.5, CV score = -13.480054

PC  83: alpha = 44984.3, CV score = -13.306573

PC  84: alpha = 44984.3, CV score = -12.919490

PC  85: alpha = 44984.3, CV score = -12.563437

PC  86: alpha = 95409.5, CV score = -12.749646

PC  87: alpha = 95409.5, CV score = -12.600560

PC  88: alpha = 44984.3, CV score = -12.061414

PC  89: alpha = 44984.3, CV score = -12.322385

PC  90: alpha = 44984.3, CV score = -12.018721

PC  91: alpha = 95409.5, CV score = -12.081905

PC  92: alpha = 44984.3, CV score = -11.427180

PC  93: alpha = 95409.5, CV score = -11.867537

PC  94: alpha = 95409.5, CV score = -11.400132

PC  95: alpha = 95409.5, CV score = -11.437287

PC  96: alpha = 95409.5, CV score = -11.309882

PC  97: alpha = 95409.5, CV score = -11.070692

PC  98: alpha = 95409.5, CV score = -11.029694

PC  99: alpha = 95409.5, CV score = -11.013622

PC 100: alpha = 95409.5, CV score = -10.684200

PC 101: alpha = 95409.5, CV score = -10.485590

PC 102: alpha = 44984.3, CV score = -9.896064

PC 103: alpha = 95409.5, CV score = -10.128821

PC 104: alpha = 44984.3, CV score = -9.830091

PC 105: alpha = 95409.5, CV score = -10.096538

PC 106: alpha = 44984.3, CV score = -9.741449

PC 107: alpha = 95409.5, CV score = -9.909336

PC 108: alpha = 44984.3, CV score = -9.681932

PC 109: alpha = 95409.5, CV score = -9.689099

PC 110: alpha = 202359, CV score = -9.745242

PC 111: alpha = 202359, CV score = -9.669327

PC 112: alpha = 95409.5, CV score = -9.283999

PC 113: alpha = 95409.5, CV score = -9.474278

PC 114: alpha = 95409.5, CV score = -9.194643

PC 115: alpha = 95409.5, CV score = -8.929918

PC 116: alpha = 95409.5, CV score = -9.143218

PC 117: alpha = 95409.5, CV score = -8.915233

PC 118: alpha = 44984.3, CV score = -8.797499

PC 119: alpha = 95409.5, CV score = -8.761591

PC 120: alpha = 44984.3, CV score = -8.563536

PC 121: alpha = 95409.5, CV score = -8.799725

PC 122: alpha = 95409.5, CV score = -8.481719

PC 123: alpha = 95409.5, CV score = -8.281052

PC 124: alpha = 95409.5, CV score = -8.387094

PC 125: alpha = 95409.5, CV score = -8.310934

PC 126: alpha = 95409.5, CV score = -8.050405

PC 127: alpha = 95409.5, CV score = -8.071765

PC 128: alpha = 95409.5, CV score = -8.174806

PC 129: alpha = 95409.5, CV score = -7.979614

PC 130: alpha = 44984.3, CV score = -7.780591

PC 131: alpha = 44984.3, CV score = -7.718606

PC 132: alpha = 202359, CV score = -7.961640

PC 133: alpha = 95409.5, CV score = -7.696124

PC 134: alpha = 95409.5, CV score = -7.750110

PC 135: alpha = 95409.5, CV score = -7.621146

PC 136: alpha = 95409.5, CV score = -7.449301

PC 137: alpha = 95409.5, CV score = -7.468004

PC 138: alpha = 95409.5, CV score = -7.391933

PC 139: alpha = 95409.5, CV score = -7.273176

PC 140: alpha = 95409.5, CV score = -7.078062

PC 141: alpha = 95409.5, CV score = -7.158175

PC 142: alpha = 95409.5, CV score = -7.174007

PC 143: alpha = 95409.5, CV score = -7.048502

PC 144: alpha = 95409.5, CV score = -7.037125

PC 145: alpha = 95409.5, CV score = -6.984563

PC 146: alpha = 95409.5, CV score = -6.894955

PC 147: alpha = 95409.5, CV score = -6.984075

PC 148: alpha = 95409.5, CV score = -6.868765

PC 149: alpha = 95409.5, CV score = -6.749087

PC 150: alpha = 95409.5, CV score = -6.646052

PC 151: alpha = 44984.3, CV score = -6.454073

PC 152: alpha = 95409.5, CV score = -6.578767

PC 153: alpha = 95409.5, CV score = -6.569468

PC 154: alpha = 95409.5, CV score = -6.484294

PC 155: alpha = 95409.5, CV score = -6.464247

PC 156: alpha = 95409.5, CV score = -6.446764

PC 157: alpha = 95409.5, CV score = -6.371293

PC 158: alpha = 95409.5, CV score = -6.324434

PC 159: alpha = 95409.5, CV score = -6.192488

PC 160: alpha = 95409.5, CV score = -6.179513

PC 161: alpha = 95409.5, CV score = -6.199084

PC 162: alpha = 95409.5, CV score = -6.038750

PC 163: alpha = 95409.5, CV score = -6.079555

PC 164: alpha = 95409.5, CV score = -5.864930

PC 165: alpha = 95409.5, CV score = -5.954988

PC 166: alpha = 95409.5, CV score = -5.893688

PC 167: alpha = 95409.5, CV score = -5.828829

PC 168: alpha = 95409.5, CV score = -5.852659

PC 169: alpha = 95409.5, CV score = -5.765413

PC 170: alpha = 95409.5, CV score = -5.730922

PC 171: alpha = 95409.5, CV score = -5.748207

PC 172: alpha = 95409.5, CV score = -5.689351

PC 173: alpha = 95409.5, CV score = -5.536212

PC 174: alpha = 95409.5, CV score = -5.645110

PC 175: alpha = 95409.5, CV score = -5.547121

PC 176: alpha = 95409.5, CV score = -5.432062

PC 177: alpha = 202359, CV score = -5.508277

PC 178: alpha = 95409.5, CV score = -5.483280

PC 179: alpha = 95409.5, CV score = -5.418324

PC 180: alpha = 95409.5, CV score = -5.274061

PC 181: alpha = 95409.5, CV score = -5.393417

PC 182: alpha = 95409.5, CV score = -5.395232

PC 183: alpha = 95409.5, CV score = -5.268838

PC 184: alpha = 95409.5, CV score = -5.272193

PC 185: alpha = 95409.5, CV score = -5.236201

PC 186: alpha = 95409.5, CV score = -5.213308

PC 187: alpha = 95409.5, CV score = -5.158662

PC 188: alpha = 95409.5, CV score = -5.104294

PC 189: alpha = 95409.5, CV score = -5.071222

PC 190: alpha = 95409.5, CV score = -5.009647

PC 191: alpha = 95409.5, CV score = -4.981953

PC 192: alpha = 95409.5, CV score = -4.958534

PC 193: alpha = 95409.5, CV score = -4.969475

PC 194: alpha = 95409.5, CV score = -4.954781

PC 195: alpha = 95409.5, CV score = -4.864311

PC 196: alpha = 95409.5, CV score = -4.883703

PC 197: alpha = 95409.5, CV score = -4.803042

PC 198: alpha = 95409.5, CV score = -4.823641

PC 199: alpha = 95409.5, CV score = -4.760109

PC 200: alpha = 95409.5, CV score = -4.692486

Mean cross-validation score across PCs: -34.412853

======================================================================================

Chosen model: vit_base_patch32_224_classification
Number of images: 73000
Image shape: (425, 425, 3), dtype: uint8
nsdID shape: (73000,), Shared1000 shape: (73000,)
Neural data shape: (10000, 8088)
Image IDs shape: (10000,)
Number of voxels: 8088
Number of projections for SRP: 7894

Loaded target with shape (10000, 8088).
Transformed data shape: (9000, 200)
Model options for vit_base_patch32_224_classification: {'model_name': 'vit_base_patch32_224', 'train_type': 'classification', 'train_data': 'imagenet', 'model_source': 'timm', 'call': "get_timm_model('vit_base_patch32_224', pretrained = True)"}
Image transforms for vit_base_patch32_224_classification: Compose(
    Resize(size=(224, 224), interpolation=bicubic, max_size=None, antialias=True)
    MaybeToTensor()
    Normalize(mean=tensor([0.4850, 0.4560, 0.4060]), std=tensor([0.2290, 0.2240, 0.2250]))
)
Loaded model: vit_base_patch32_224_classification
Ordered layers from model: ['Conv2d-1', 'Identity-1', 'PatchEmbed-1', 'Dropout-1', 'Identity-2', 'Identity-3', 'LayerNorm-1', 'Linear-1', 'Identity-4', 'Identity-5', 'Identity-6', 'Linear-2', 'Dropout-2', 'Attention-1', 'Identity-7', 'Identity-8', 'LayerNorm-2', 'Linear-3', 'GELU-1', 'Dropout-3', 'Identity-9', 'Linear-4', 'Dropout-4', 'Mlp-1', 'Identity-10', 'Identity-11', 'Block-1', 'LayerNorm-3', 'Linear-5', 'Identity-12', 'Identity-13', 'Identity-14', 'Linear-6', 'Dropout-5', 'Attention-2', 'Identity-15', 'Identity-16', 'LayerNorm-4', 'Linear-7', 'GELU-2', 'Dropout-6', 'Identity-17', 'Linear-8', 'Dropout-7', 'Mlp-2', 'Identity-18', 'Identity-19', 'Block-2', 'LayerNorm-5', 'Linear-9', 'Identity-20', 'Identity-21', 'Identity-22', 'Linear-10', 'Dropout-8', 'Attention-3', 'Identity-23', 'Identity-24', 'LayerNorm-6', 'Linear-11', 'GELU-3', 'Dropout-9', 'Identity-25', 'Linear-12', 'Dropout-10', 'Mlp-3', 'Identity-26', 'Identity-27', 'Block-3', 'LayerNorm-7', 'Linear-13', 'Identity-28', 'Identity-29', 'Identity-30', 'Linear-14', 'Dropout-11', 'Attention-4', 'Identity-31', 'Identity-32', 'LayerNorm-8', 'Linear-15', 'GELU-4', 'Dropout-12', 'Identity-33', 'Linear-16', 'Dropout-13', 'Mlp-4', 'Identity-34', 'Identity-35', 'Block-4', 'LayerNorm-9', 'Linear-17', 'Identity-36', 'Identity-37', 'Identity-38', 'Linear-18', 'Dropout-14', 'Attention-5', 'Identity-39', 'Identity-40', 'LayerNorm-10', 'Linear-19', 'GELU-5', 'Dropout-15', 'Identity-41', 'Linear-20', 'Dropout-16', 'Mlp-5', 'Identity-42', 'Identity-43', 'Block-5', 'LayerNorm-11', 'Linear-21', 'Identity-44', 'Identity-45', 'Identity-46', 'Linear-22', 'Dropout-17', 'Attention-6', 'Identity-47', 'Identity-48', 'LayerNorm-12', 'Linear-23', 'GELU-6', 'Dropout-18', 'Identity-49', 'Linear-24', 'Dropout-19', 'Mlp-6', 'Identity-50', 'Identity-51', 'Block-6', 'LayerNorm-13', 'Linear-25', 'Identity-52', 'Identity-53', 'Identity-54', 'Linear-26', 'Dropout-20', 'Attention-7', 'Identity-55', 'Identity-56', 'LayerNorm-14', 'Linear-27', 'GELU-7', 'Dropout-21', 'Identity-57', 'Linear-28', 'Dropout-22', 'Mlp-7', 'Identity-58', 'Identity-59', 'Block-7', 'LayerNorm-15', 'Linear-29', 'Identity-60', 'Identity-61', 'Identity-62', 'Linear-30', 'Dropout-23', 'Attention-8', 'Identity-63', 'Identity-64', 'LayerNorm-16', 'Linear-31', 'GELU-8', 'Dropout-24', 'Identity-65', 'Linear-32', 'Dropout-25', 'Mlp-8', 'Identity-66', 'Identity-67', 'Block-8', 'LayerNorm-17', 'Linear-33', 'Identity-68', 'Identity-69', 'Identity-70', 'Linear-34', 'Dropout-26', 'Attention-9', 'Identity-71', 'Identity-72', 'LayerNorm-18', 'Linear-35', 'GELU-9', 'Dropout-27', 'Identity-73', 'Linear-36', 'Dropout-28', 'Mlp-9', 'Identity-74', 'Identity-75', 'Block-9', 'LayerNorm-19', 'Linear-37', 'Identity-76', 'Identity-77', 'Identity-78', 'Linear-38', 'Dropout-29', 'Attention-10', 'Identity-79', 'Identity-80', 'LayerNorm-20', 'Linear-39', 'GELU-10', 'Dropout-30', 'Identity-81', 'Linear-40', 'Dropout-31', 'Mlp-10', 'Identity-82', 'Identity-83', 'Block-10', 'LayerNorm-21', 'Linear-41', 'Identity-84', 'Identity-85', 'Identity-86', 'Linear-42', 'Dropout-32', 'Attention-11', 'Identity-87', 'Identity-88', 'LayerNorm-22', 'Linear-43', 'GELU-11', 'Dropout-33', 'Identity-89', 'Linear-44', 'Dropout-34', 'Mlp-11', 'Identity-90', 'Identity-91', 'Block-11', 'LayerNorm-23', 'Linear-45', 'Identity-92', 'Identity-93', 'Identity-94', 'Linear-46', 'Dropout-35', 'Attention-12', 'Identity-95', 'Identity-96', 'LayerNorm-24', 'Linear-47', 'GELU-12', 'Dropout-36', 'Identity-97', 'Linear-48', 'Dropout-37', 'Mlp-12', 'Identity-98', 'Identity-99', 'Block-12', 'LayerNorm-25', 'Identity-100', 'Dropout-38', 'Linear-49', 'VisionTransformer-1']
Total number of layers: 263

==================================================
Processing layer: Identity-84 from model: vit_base_patch32_224_classification

For model vit_base_patch32_224_classification Layer Identity-84: Extracting features for 9000 images in batches of 28...
Feature extraction for model vit_base_patch32_224_classification layer Identity-84 completed in 570.33 seconds.
Finding best ridge alphas for 200 target PCs using 38400 features and 9000 samples.
Using alphas: 10^4 to 10^20, 50 values spaced logarithmically.
[Pipeline] ........... (step 1 of 1) Processing ridgecv, total= 4.2min

Selected alpha and cross-validation score for each PC:
Finished finding best ridge alphas for each target PC.✅

PC   1: alpha = 429193, CV score = -1561.819620

PC   2: alpha = 95409.5, CV score = -571.426393

PC   3: alpha = 95409.5, CV score = -376.158634

PC   4: alpha = 95409.5, CV score = -222.601093

PC   5: alpha = 95409.5, CV score = -182.967921

PC   6: alpha = 202359, CV score = -169.186260

PC   7: alpha = 202359, CV score = -147.061705

PC   8: alpha = 429193, CV score = -149.018871

PC   9: alpha = 202359, CV score = -107.876635

PC  10: alpha = 202359, CV score = -91.851897

PC  11: alpha = 202359, CV score = -88.000656

PC  12: alpha = 95409.5, CV score = -62.058455

PC  13: alpha = 429193, CV score = -93.567672

PC  14: alpha = 202359, CV score = -78.732283

PC  15: alpha = 202359, CV score = -70.220970

PC  16: alpha = 202359, CV score = -74.959700

PC  17: alpha = 202359, CV score = -70.146509

PC  18: alpha = 429193, CV score = -73.417144

PC  19: alpha = 202359, CV score = -63.736258

PC  20: alpha = 429193, CV score = -64.907093

PC  21: alpha = 202359, CV score = -58.440976

PC  22: alpha = 202359, CV score = -57.889371

PC  23: alpha = 429193, CV score = -55.289284

PC  24: alpha = 429193, CV score = -54.910439

PC  25: alpha = 429193, CV score = -52.600243

PC  26: alpha = 429193, CV score = -51.884830

PC  27: alpha = 202359, CV score = -47.751009

PC  28: alpha = 429193, CV score = -47.704481

PC  29: alpha = 429193, CV score = -46.189350

PC  30: alpha = 202359, CV score = -41.320237

PC  31: alpha = 202359, CV score = -40.793788

PC  32: alpha = 202359, CV score = -38.890698

PC  33: alpha = 429193, CV score = -38.634690

PC  34: alpha = 429193, CV score = -38.824635

PC  35: alpha = 202359, CV score = -35.537108

PC  36: alpha = 429193, CV score = -34.585469

PC  37: alpha = 429193, CV score = -35.056945

PC  38: alpha = 202359, CV score = -32.243938

PC  39: alpha = 429193, CV score = -33.279272

PC  40: alpha = 429193, CV score = -31.038553

PC  41: alpha = 429193, CV score = -30.549292

PC  42: alpha = 429193, CV score = -28.844604

PC  43: alpha = 429193, CV score = -28.536365

PC  44: alpha = 429193, CV score = -28.898107

PC  45: alpha = 202359, CV score = -26.548281

PC  46: alpha = 429193, CV score = -28.089923

PC  47: alpha = 429193, CV score = -25.832997

PC  48: alpha = 202359, CV score = -23.801787

PC  49: alpha = 202359, CV score = -24.795400

PC  50: alpha = 429193, CV score = -24.249970

PC  51: alpha = 202359, CV score = -22.340107

PC  52: alpha = 429193, CV score = -23.603573

PC  53: alpha = 202359, CV score = -22.587966

PC  54: alpha = 429193, CV score = -22.635796

PC  55: alpha = 429193, CV score = -21.704890

PC  56: alpha = 202359, CV score = -20.586138

PC  57: alpha = 429193, CV score = -20.836895

PC  58: alpha = 429193, CV score = -20.164247

PC  59: alpha = 429193, CV score = -20.431984

PC  60: alpha = 429193, CV score = -19.707719

PC  61: alpha = 429193, CV score = -19.140348

PC  62: alpha = 429193, CV score = -18.406486

PC  63: alpha = 429193, CV score = -18.348032

PC  64: alpha = 429193, CV score = -17.961120

PC  65: alpha = 202359, CV score = -15.758413

PC  66: alpha = 429193, CV score = -17.420984

PC  67: alpha = 429193, CV score = -17.607444

PC  68: alpha = 910298, CV score = -17.533139

PC  69: alpha = 429193, CV score = -16.995055

PC  70: alpha = 429193, CV score = -16.311709

PC  71: alpha = 202359, CV score = -15.927769

PC  72: alpha = 429193, CV score = -15.746323

PC  73: alpha = 429193, CV score = -15.465740

PC  74: alpha = 429193, CV score = -15.261021

PC  75: alpha = 429193, CV score = -15.151978

PC  76: alpha = 202359, CV score = -14.473654

PC  77: alpha = 429193, CV score = -14.209935

PC  78: alpha = 429193, CV score = -14.452228

PC  79: alpha = 202359, CV score = -14.033021

PC  80: alpha = 429193, CV score = -13.909077

PC  81: alpha = 429193, CV score = -14.005745

PC  82: alpha = 429193, CV score = -13.565476

PC  83: alpha = 429193, CV score = -13.267100

PC  84: alpha = 429193, CV score = -12.978322

PC  85: alpha = 429193, CV score = -12.686144

PC  86: alpha = 429193, CV score = -12.772775

PC  87: alpha = 429193, CV score = -12.619440

PC  88: alpha = 429193, CV score = -12.161096

PC  89: alpha = 429193, CV score = -12.316418

PC  90: alpha = 429193, CV score = -12.035773

PC  91: alpha = 429193, CV score = -12.094873

PC  92: alpha = 429193, CV score = -11.574768

PC  93: alpha = 910298, CV score = -11.880479

PC  94: alpha = 429193, CV score = -11.466774

PC  95: alpha = 429193, CV score = -11.391773

PC  96: alpha = 429193, CV score = -11.341998

PC  97: alpha = 429193, CV score = -11.124656

PC  98: alpha = 429193, CV score = -11.062019

PC  99: alpha = 429193, CV score = -10.973407

PC 100: alpha = 429193, CV score = -10.737431

PC 101: alpha = 429193, CV score = -10.533722

PC 102: alpha = 429193, CV score = -9.985853

PC 103: alpha = 429193, CV score = -10.165918

PC 104: alpha = 429193, CV score = -9.841100

PC 105: alpha = 429193, CV score = -10.121706

PC 106: alpha = 429193, CV score = -9.739208

PC 107: alpha = 910298, CV score = -9.999595

PC 108: alpha = 429193, CV score = -9.760305

PC 109: alpha = 429193, CV score = -9.681026

PC 110: alpha = 429193, CV score = -9.746627

PC 111: alpha = 429193, CV score = -9.642327

PC 112: alpha = 429193, CV score = -9.281093

PC 113: alpha = 910298, CV score = -9.525986

PC 114: alpha = 429193, CV score = -9.252163

PC 115: alpha = 429193, CV score = -8.956195

PC 116: alpha = 429193, CV score = -9.180634

PC 117: alpha = 429193, CV score = -8.954641

PC 118: alpha = 429193, CV score = -8.842615

PC 119: alpha = 429193, CV score = -8.765837

PC 120: alpha = 429193, CV score = -8.634955

PC 121: alpha = 429193, CV score = -8.838339

PC 122: alpha = 429193, CV score = -8.484545

PC 123: alpha = 429193, CV score = -8.332586

PC 124: alpha = 910298, CV score = -8.464234

PC 125: alpha = 429193, CV score = -8.317851

PC 126: alpha = 429193, CV score = -8.059924

PC 127: alpha = 429193, CV score = -8.118342

PC 128: alpha = 429193, CV score = -8.167308

PC 129: alpha = 429193, CV score = -7.978909

PC 130: alpha = 429193, CV score = -7.849323

PC 131: alpha = 429193, CV score = -7.726560

PC 132: alpha = 429193, CV score = -7.936616

PC 133: alpha = 429193, CV score = -7.755620

PC 134: alpha = 910298, CV score = -7.795122

PC 135: alpha = 429193, CV score = -7.629940

PC 136: alpha = 429193, CV score = -7.419443

PC 137: alpha = 429193, CV score = -7.474108

PC 138: alpha = 429193, CV score = -7.378013

PC 139: alpha = 429193, CV score = -7.324759

PC 140: alpha = 429193, CV score = -7.102899

PC 141: alpha = 429193, CV score = -7.183582

PC 142: alpha = 429193, CV score = -7.224206

PC 143: alpha = 429193, CV score = -7.059905

PC 144: alpha = 429193, CV score = -7.057007

PC 145: alpha = 429193, CV score = -7.028169

PC 146: alpha = 429193, CV score = -6.893798

PC 147: alpha = 910298, CV score = -6.971602

PC 148: alpha = 429193, CV score = -6.898743

PC 149: alpha = 910298, CV score = -6.794426

PC 150: alpha = 429193, CV score = -6.662193

PC 151: alpha = 429193, CV score = -6.516173

PC 152: alpha = 429193, CV score = -6.575276

PC 153: alpha = 910298, CV score = -6.577244

PC 154: alpha = 429193, CV score = -6.491553

PC 155: alpha = 910298, CV score = -6.484485

PC 156: alpha = 910298, CV score = -6.481945

PC 157: alpha = 910298, CV score = -6.387459

PC 158: alpha = 910298, CV score = -6.334335

PC 159: alpha = 429193, CV score = -6.178448

PC 160: alpha = 429193, CV score = -6.203721

PC 161: alpha = 910298, CV score = -6.227342

PC 162: alpha = 429193, CV score = -6.061465

PC 163: alpha = 429193, CV score = -6.050783

PC 164: alpha = 429193, CV score = -5.885475

PC 165: alpha = 429193, CV score = -5.948126

PC 166: alpha = 429193, CV score = -5.911908

PC 167: alpha = 429193, CV score = -5.843190

PC 168: alpha = 910298, CV score = -5.855461

PC 169: alpha = 429193, CV score = -5.791591

PC 170: alpha = 910298, CV score = -5.765336

PC 171: alpha = 429193, CV score = -5.747528

PC 172: alpha = 910298, CV score = -5.731803

PC 173: alpha = 429193, CV score = -5.585638

PC 174: alpha = 910298, CV score = -5.662070

PC 175: alpha = 429193, CV score = -5.593689

PC 176: alpha = 429193, CV score = -5.429733

PC 177: alpha = 910298, CV score = -5.513209

PC 178: alpha = 910298, CV score = -5.502025

PC 179: alpha = 910298, CV score = -5.425808

PC 180: alpha = 429193, CV score = -5.300981

PC 181: alpha = 910298, CV score = -5.387027

PC 182: alpha = 910298, CV score = -5.395248

PC 183: alpha = 910298, CV score = -5.291090

PC 184: alpha = 429193, CV score = -5.279953

PC 185: alpha = 429193, CV score = -5.236415

PC 186: alpha = 429193, CV score = -5.208686

PC 187: alpha = 429193, CV score = -5.153923

PC 188: alpha = 910298, CV score = -5.129616

PC 189: alpha = 910298, CV score = -5.092115

PC 190: alpha = 429193, CV score = -5.025058

PC 191: alpha = 910298, CV score = -5.011079

PC 192: alpha = 910298, CV score = -4.979211

PC 193: alpha = 910298, CV score = -4.980170

PC 194: alpha = 910298, CV score = -4.964922

PC 195: alpha = 429193, CV score = -4.873846

PC 196: alpha = 910298, CV score = -4.921104

PC 197: alpha = 429193, CV score = -4.785684

PC 198: alpha = 910298, CV score = -4.848638

PC 199: alpha = 429193, CV score = -4.761174

PC 200: alpha = 429193, CV score = -4.722415

Mean cross-validation score across PCs: -34.710739

======================================================================================

Chosen model: vit_base_patch16_224_classification
Number of images: 73000
Image shape: (425, 425, 3), dtype: uint8
nsdID shape: (73000,), Shared1000 shape: (73000,)
Neural data shape: (10000, 8088)
Image IDs shape: (10000,)
Number of voxels: 8088
Number of projections for SRP: 7894

Loaded target with shape (10000, 8088).
Transformed data shape: (9000, 200)
Model options for vit_base_patch16_224_classification: {'model_name': 'vit_base_patch16_224', 'train_type': 'classification', 'train_data': 'imagenet', 'model_source': 'timm', 'call': "get_timm_model('vit_base_patch16_224', pretrained = True)"}
Image transforms for vit_base_patch16_224_classification: Compose(
    Resize(size=(224, 224), interpolation=bicubic, max_size=None, antialias=True)
    MaybeToTensor()
    Normalize(mean=tensor([0.4850, 0.4560, 0.4060]), std=tensor([0.2290, 0.2240, 0.2250]))
)
Loaded model: vit_base_patch16_224_classification
Ordered layers from model: ['Conv2d-1', 'Identity-1', 'PatchEmbed-1', 'Dropout-1', 'Identity-2', 'Identity-3', 'LayerNorm-1', 'Linear-1', 'Identity-4', 'Identity-5', 'Identity-6', 'Linear-2', 'Dropout-2', 'Attention-1', 'Identity-7', 'Identity-8', 'LayerNorm-2', 'Linear-3', 'GELU-1', 'Dropout-3', 'Identity-9', 'Linear-4', 'Dropout-4', 'Mlp-1', 'Identity-10', 'Identity-11', 'Block-1', 'LayerNorm-3', 'Linear-5', 'Identity-12', 'Identity-13', 'Identity-14', 'Linear-6', 'Dropout-5', 'Attention-2', 'Identity-15', 'Identity-16', 'LayerNorm-4', 'Linear-7', 'GELU-2', 'Dropout-6', 'Identity-17', 'Linear-8', 'Dropout-7', 'Mlp-2', 'Identity-18', 'Identity-19', 'Block-2', 'LayerNorm-5', 'Linear-9', 'Identity-20', 'Identity-21', 'Identity-22', 'Linear-10', 'Dropout-8', 'Attention-3', 'Identity-23', 'Identity-24', 'LayerNorm-6', 'Linear-11', 'GELU-3', 'Dropout-9', 'Identity-25', 'Linear-12', 'Dropout-10', 'Mlp-3', 'Identity-26', 'Identity-27', 'Block-3', 'LayerNorm-7', 'Linear-13', 'Identity-28', 'Identity-29', 'Identity-30', 'Linear-14', 'Dropout-11', 'Attention-4', 'Identity-31', 'Identity-32', 'LayerNorm-8', 'Linear-15', 'GELU-4', 'Dropout-12', 'Identity-33', 'Linear-16', 'Dropout-13', 'Mlp-4', 'Identity-34', 'Identity-35', 'Block-4', 'LayerNorm-9', 'Linear-17', 'Identity-36', 'Identity-37', 'Identity-38', 'Linear-18', 'Dropout-14', 'Attention-5', 'Identity-39', 'Identity-40', 'LayerNorm-10', 'Linear-19', 'GELU-5', 'Dropout-15', 'Identity-41', 'Linear-20', 'Dropout-16', 'Mlp-5', 'Identity-42', 'Identity-43', 'Block-5', 'LayerNorm-11', 'Linear-21', 'Identity-44', 'Identity-45', 'Identity-46', 'Linear-22', 'Dropout-17', 'Attention-6', 'Identity-47', 'Identity-48', 'LayerNorm-12', 'Linear-23', 'GELU-6', 'Dropout-18', 'Identity-49', 'Linear-24', 'Dropout-19', 'Mlp-6', 'Identity-50', 'Identity-51', 'Block-6', 'LayerNorm-13', 'Linear-25', 'Identity-52', 'Identity-53', 'Identity-54', 'Linear-26', 'Dropout-20', 'Attention-7', 'Identity-55', 'Identity-56', 'LayerNorm-14', 'Linear-27', 'GELU-7', 'Dropout-21', 'Identity-57', 'Linear-28', 'Dropout-22', 'Mlp-7', 'Identity-58', 'Identity-59', 'Block-7', 'LayerNorm-15', 'Linear-29', 'Identity-60', 'Identity-61', 'Identity-62', 'Linear-30', 'Dropout-23', 'Attention-8', 'Identity-63', 'Identity-64', 'LayerNorm-16', 'Linear-31', 'GELU-8', 'Dropout-24', 'Identity-65', 'Linear-32', 'Dropout-25', 'Mlp-8', 'Identity-66', 'Identity-67', 'Block-8', 'LayerNorm-17', 'Linear-33', 'Identity-68', 'Identity-69', 'Identity-70', 'Linear-34', 'Dropout-26', 'Attention-9', 'Identity-71', 'Identity-72', 'LayerNorm-18', 'Linear-35', 'GELU-9', 'Dropout-27', 'Identity-73', 'Linear-36', 'Dropout-28', 'Mlp-9', 'Identity-74', 'Identity-75', 'Block-9', 'LayerNorm-19', 'Linear-37', 'Identity-76', 'Identity-77', 'Identity-78', 'Linear-38', 'Dropout-29', 'Attention-10', 'Identity-79', 'Identity-80', 'LayerNorm-20', 'Linear-39', 'GELU-10', 'Dropout-30', 'Identity-81', 'Linear-40', 'Dropout-31', 'Mlp-10', 'Identity-82', 'Identity-83', 'Block-10', 'LayerNorm-21', 'Linear-41', 'Identity-84', 'Identity-85', 'Identity-86', 'Linear-42', 'Dropout-32', 'Attention-11', 'Identity-87', 'Identity-88', 'LayerNorm-22', 'Linear-43', 'GELU-11', 'Dropout-33', 'Identity-89', 'Linear-44', 'Dropout-34', 'Mlp-11', 'Identity-90', 'Identity-91', 'Block-11', 'LayerNorm-23', 'Linear-45', 'Identity-92', 'Identity-93', 'Identity-94', 'Linear-46', 'Dropout-35', 'Attention-12', 'Identity-95', 'Identity-96', 'LayerNorm-24', 'Linear-47', 'GELU-12', 'Dropout-36', 'Identity-97', 'Linear-48', 'Dropout-37', 'Mlp-12', 'Identity-98', 'Identity-99', 'Block-12', 'LayerNorm-25', 'Identity-100', 'Dropout-38', 'Linear-49', 'VisionTransformer-1']
Total number of layers: 263

==================================================
Processing layer: Identity-76 from model: vit_base_patch16_224_classification

For model vit_base_patch16_224_classification Layer Identity-76: Extracting features for 9000 images in batches of 28...
Feature extraction for model vit_base_patch16_224_classification layer Identity-76 completed in 1774.31 seconds.
Finding best ridge alphas for 200 target PCs using 151296 features and 9000 samples.
Using alphas: 10^4 to 10^20, 50 values spaced logarithmically.
[Pipeline] ........... (step 1 of 1) Processing ridgecv, total=10.6min

Selected alpha and cross-validation score for each PC:
Finished finding best ridge alphas for each target PC.✅

PC   1: alpha = 910298, CV score = -1543.951986

PC   2: alpha = 429193, CV score = -557.641315

PC   3: alpha = 202359, CV score = -356.858436

PC   4: alpha = 202359, CV score = -211.084745

PC   5: alpha = 429193, CV score = -177.835713

PC   6: alpha = 429193, CV score = -167.146289

PC   7: alpha = 429193, CV score = -145.657023

PC   8: alpha = 910298, CV score = -148.180256

PC   9: alpha = 429193, CV score = -106.665618

PC  10: alpha = 429193, CV score = -89.753079

PC  11: alpha = 429193, CV score = -85.709869

PC  12: alpha = 202359, CV score = -60.595909

PC  13: alpha = 910298, CV score = -93.348645

PC  14: alpha = 429193, CV score = -78.370762

PC  15: alpha = 429193, CV score = -68.646026

PC  16: alpha = 910298, CV score = -74.277496

PC  17: alpha = 910298, CV score = -68.855184

PC  18: alpha = 910298, CV score = -73.444716

PC  19: alpha = 910298, CV score = -62.712766

PC  20: alpha = 910298, CV score = -63.889852

PC  21: alpha = 429193, CV score = -57.710062

PC  22: alpha = 910298, CV score = -57.205848

PC  23: alpha = 910298, CV score = -54.375457

PC  24: alpha = 910298, CV score = -54.235792

PC  25: alpha = 429193, CV score = -51.484530

PC  26: alpha = 910298, CV score = -51.735169

PC  27: alpha = 910298, CV score = -47.253579

PC  28: alpha = 910298, CV score = -47.736366

PC  29: alpha = 910298, CV score = -45.932394

PC  30: alpha = 910298, CV score = -41.221480

PC  31: alpha = 429193, CV score = -40.300278

PC  32: alpha = 910298, CV score = -38.294191

PC  33: alpha = 910298, CV score = -38.510651

PC  34: alpha = 910298, CV score = -38.504924

PC  35: alpha = 910298, CV score = -35.461091

PC  36: alpha = 910298, CV score = -34.624733

PC  37: alpha = 910298, CV score = -34.806887

PC  38: alpha = 429193, CV score = -31.663985

PC  39: alpha = 910298, CV score = -32.998000

PC  40: alpha = 910298, CV score = -30.683833

PC  41: alpha = 910298, CV score = -30.369155

PC  42: alpha = 910298, CV score = -28.698722

PC  43: alpha = 910298, CV score = -28.631409

PC  44: alpha = 1.9307e+06, CV score = -28.760174

PC  45: alpha = 429193, CV score = -26.320592

PC  46: alpha = 1.9307e+06, CV score = -28.065480

PC  47: alpha = 910298, CV score = -25.815221

PC  48: alpha = 429193, CV score = -22.813047

PC  49: alpha = 910298, CV score = -24.652393

PC  50: alpha = 910298, CV score = -24.045653

PC  51: alpha = 910298, CV score = -22.044235

PC  52: alpha = 910298, CV score = -23.371263

PC  53: alpha = 429193, CV score = -22.054621

PC  54: alpha = 910298, CV score = -22.405945

PC  55: alpha = 910298, CV score = -21.663344

PC  56: alpha = 429193, CV score = -20.337522

PC  57: alpha = 910298, CV score = -20.544190

PC  58: alpha = 910298, CV score = -19.946670

PC  59: alpha = 1.9307e+06, CV score = -20.407523

PC  60: alpha = 910298, CV score = -19.521477

PC  61: alpha = 910298, CV score = -18.987382

PC  62: alpha = 910298, CV score = -18.197573

PC  63: alpha = 910298, CV score = -18.112208

PC  64: alpha = 910298, CV score = -17.848992

PC  65: alpha = 429193, CV score = -15.210009

PC  66: alpha = 910298, CV score = -17.382513

PC  67: alpha = 910298, CV score = -17.492547

PC  68: alpha = 1.9307e+06, CV score = -17.447191

PC  69: alpha = 910298, CV score = -16.891861

PC  70: alpha = 910298, CV score = -16.246075

PC  71: alpha = 910298, CV score = -15.897922

PC  72: alpha = 910298, CV score = -15.620589

PC  73: alpha = 910298, CV score = -15.408710

PC  74: alpha = 910298, CV score = -15.267951

PC  75: alpha = 1.9307e+06, CV score = -15.174508

PC  76: alpha = 910298, CV score = -14.379083

PC  77: alpha = 910298, CV score = -14.107208

PC  78: alpha = 1.9307e+06, CV score = -14.468020

PC  79: alpha = 910298, CV score = -14.073206

PC  80: alpha = 910298, CV score = -13.789241

PC  81: alpha = 910298, CV score = -14.009671

PC  82: alpha = 910298, CV score = -13.481183

PC  83: alpha = 910298, CV score = -13.256117

PC  84: alpha = 910298, CV score = -12.860833

PC  85: alpha = 910298, CV score = -12.597863

PC  86: alpha = 910298, CV score = -12.721416

PC  87: alpha = 910298, CV score = -12.560791

PC  88: alpha = 910298, CV score = -12.136266

PC  89: alpha = 910298, CV score = -12.314072

PC  90: alpha = 910298, CV score = -12.049657

PC  91: alpha = 910298, CV score = -12.025382

PC  92: alpha = 910298, CV score = -11.439732

PC  93: alpha = 1.9307e+06, CV score = -11.844898

PC  94: alpha = 910298, CV score = -11.422827

PC  95: alpha = 910298, CV score = -11.443313

PC  96: alpha = 1.9307e+06, CV score = -11.267554

PC  97: alpha = 910298, CV score = -11.092491

PC  98: alpha = 910298, CV score = -11.004457

PC  99: alpha = 1.9307e+06, CV score = -10.987596

PC 100: alpha = 910298, CV score = -10.700651

PC 101: alpha = 910298, CV score = -10.467563

PC 102: alpha = 910298, CV score = -9.833321

PC 103: alpha = 910298, CV score = -10.143392

PC 104: alpha = 910298, CV score = -9.827844

PC 105: alpha = 910298, CV score = -10.091161

PC 106: alpha = 910298, CV score = -9.662150

PC 107: alpha = 1.9307e+06, CV score = -9.928058

PC 108: alpha = 910298, CV score = -9.714011

PC 109: alpha = 910298, CV score = -9.678720

PC 110: alpha = 1.9307e+06, CV score = -9.707428

PC 111: alpha = 1.9307e+06, CV score = -9.652966

PC 112: alpha = 910298, CV score = -9.256508

PC 113: alpha = 1.9307e+06, CV score = -9.480429

PC 114: alpha = 910298, CV score = -9.205316

PC 115: alpha = 910298, CV score = -8.898836

PC 116: alpha = 1.9307e+06, CV score = -9.201693

PC 117: alpha = 910298, CV score = -8.923053

PC 118: alpha = 910298, CV score = -8.786256

PC 119: alpha = 910298, CV score = -8.764215

PC 120: alpha = 910298, CV score = -8.550298

PC 121: alpha = 910298, CV score = -8.792828

PC 122: alpha = 910298, CV score = -8.460452

PC 123: alpha = 910298, CV score = -8.270535

PC 124: alpha = 1.9307e+06, CV score = -8.434506

PC 125: alpha = 910298, CV score = -8.323305

PC 126: alpha = 910298, CV score = -7.984407

PC 127: alpha = 910298, CV score = -8.037859

PC 128: alpha = 1.9307e+06, CV score = -8.166694

PC 129: alpha = 910298, CV score = -7.937640

PC 130: alpha = 910298, CV score = -7.795308

PC 131: alpha = 910298, CV score = -7.713838

PC 132: alpha = 1.9307e+06, CV score = -7.940988

PC 133: alpha = 910298, CV score = -7.692165

PC 134: alpha = 1.9307e+06, CV score = -7.770940

PC 135: alpha = 1.9307e+06, CV score = -7.625635

PC 136: alpha = 910298, CV score = -7.419247

PC 137: alpha = 1.9307e+06, CV score = -7.472132

PC 138: alpha = 1.9307e+06, CV score = -7.396748

PC 139: alpha = 1.9307e+06, CV score = -7.306537

PC 140: alpha = 910298, CV score = -7.044392

PC 141: alpha = 910298, CV score = -7.146075

PC 142: alpha = 910298, CV score = -7.169439

PC 143: alpha = 1.9307e+06, CV score = -7.049808

PC 144: alpha = 910298, CV score = -7.004603

PC 145: alpha = 910298, CV score = -7.023619

PC 146: alpha = 910298, CV score = -6.868834

PC 147: alpha = 1.9307e+06, CV score = -6.998670

PC 148: alpha = 1.9307e+06, CV score = -6.891123

PC 149: alpha = 1.9307e+06, CV score = -6.791511

PC 150: alpha = 910298, CV score = -6.644763

PC 151: alpha = 910298, CV score = -6.475389

PC 152: alpha = 910298, CV score = -6.575804

PC 153: alpha = 1.9307e+06, CV score = -6.562757

PC 154: alpha = 1.9307e+06, CV score = -6.466871

PC 155: alpha = 1.9307e+06, CV score = -6.454825

PC 156: alpha = 1.9307e+06, CV score = -6.424813

PC 157: alpha = 1.9307e+06, CV score = -6.377765

PC 158: alpha = 1.9307e+06, CV score = -6.329952

PC 159: alpha = 910298, CV score = -6.195635

PC 160: alpha = 910298, CV score = -6.180214

PC 161: alpha = 1.9307e+06, CV score = -6.185603

PC 162: alpha = 910298, CV score = -6.049658

PC 163: alpha = 1.9307e+06, CV score = -6.057370

PC 164: alpha = 910298, CV score = -5.841987

PC 165: alpha = 1.9307e+06, CV score = -5.944513

PC 166: alpha = 910298, CV score = -5.891635

PC 167: alpha = 910298, CV score = -5.840890

PC 168: alpha = 1.9307e+06, CV score = -5.846869

PC 169: alpha = 910298, CV score = -5.743368

PC 170: alpha = 910298, CV score = -5.743740

PC 171: alpha = 1.9307e+06, CV score = -5.750123

PC 172: alpha = 1.9307e+06, CV score = -5.698366

PC 173: alpha = 910298, CV score = -5.532996

PC 174: alpha = 1.9307e+06, CV score = -5.633817

PC 175: alpha = 1.9307e+06, CV score = -5.556815

PC 176: alpha = 910298, CV score = -5.397359

PC 177: alpha = 4.09492e+06, CV score = -5.512040

PC 178: alpha = 1.9307e+06, CV score = -5.474360

PC 179: alpha = 1.9307e+06, CV score = -5.418685

PC 180: alpha = 910298, CV score = -5.285196

PC 181: alpha = 1.9307e+06, CV score = -5.392805

PC 182: alpha = 1.9307e+06, CV score = -5.367703

PC 183: alpha = 1.9307e+06, CV score = -5.277134

PC 184: alpha = 1.9307e+06, CV score = -5.261150

PC 185: alpha = 910298, CV score = -5.204723

PC 186: alpha = 1.9307e+06, CV score = -5.203126

PC 187: alpha = 1.9307e+06, CV score = -5.143781

PC 188: alpha = 1.9307e+06, CV score = -5.091600

PC 189: alpha = 1.9307e+06, CV score = -5.095052

PC 190: alpha = 1.9307e+06, CV score = -5.011099

PC 191: alpha = 1.9307e+06, CV score = -4.991347

PC 192: alpha = 1.9307e+06, CV score = -4.970758

PC 193: alpha = 1.9307e+06, CV score = -4.966312

PC 194: alpha = 1.9307e+06, CV score = -4.951463

PC 195: alpha = 910298, CV score = -4.872582

PC 196: alpha = 1.9307e+06, CV score = -4.884601

PC 197: alpha = 910298, CV score = -4.794878

PC 198: alpha = 1.9307e+06, CV score = -4.828573

PC 199: alpha = 910298, CV score = -4.743298

PC 200: alpha = 910298, CV score = -4.687939

Mean cross-validation score across PCs: -34.195951

======================================================================================

Chosen model: tnt_s_patch16_224_classification
Number of images: 73000
Image shape: (425, 425, 3), dtype: uint8
nsdID shape: (73000,), Shared1000 shape: (73000,)
Neural data shape: (10000, 8088)
Image IDs shape: (10000,)
Number of voxels: 8088
Number of projections for SRP: 7894

Loaded target with shape (10000, 8088).
Transformed data shape: (9000, 200)
Model options for tnt_s_patch16_224_classification: {'model_name': 'tnt_s_patch16_224', 'train_type': 'classification', 'train_data': 'imagenet', 'model_source': 'timm', 'call': "get_timm_model('tnt_s_patch16_224', pretrained = True)"}
Image transforms for tnt_s_patch16_224_classification: Compose(
    Resize(size=(224, 224), interpolation=bicubic, max_size=None, antialias=True)
    MaybeToTensor()
    Normalize(mean=tensor([0.4850, 0.4560, 0.4060]), std=tensor([0.2290, 0.2240, 0.2250]))
)
Loaded model: tnt_s_patch16_224_classification
Ordered layers from model: ['Unfold-1', 'LayerNorm-1', 'Linear-1', 'LayerNorm-2', 'Dropout-1', 'LayerNorm-5', 'Linear-7', 'LayerNorm-6', 'LayerNorm-7', 'Linear-8', 'Linear-9', 'Dropout-6', 'Linear-10', 'Dropout-7', 'Attention-2', 'Identity-4', 'LayerNorm-8', 'Linear-11', 'GELU-2', 'Dropout-8', 'Identity-5', 'Linear-12', 'Dropout-9', 'Mlp-2', 'Identity-6', 'Block-1-2', 'LayerNorm-11', 'Linear-18', 'LayerNorm-12', 'LayerNorm-13', 'Linear-19', 'Linear-20', 'Dropout-14', 'Linear-21', 'Dropout-15', 'Attention-4', 'Identity-10', 'LayerNorm-14', 'Linear-22', 'GELU-4', 'Dropout-16', 'Identity-11', 'Linear-23', 'Dropout-17', 'Mlp-4', 'Identity-12', 'Block-3-2', 'LayerNorm-17', 'Linear-29', 'LayerNorm-18', 'LayerNorm-19', 'Linear-30', 'Linear-31', 'Dropout-22', 'Linear-32', 'Dropout-23', 'Attention-6', 'Identity-16', 'LayerNorm-20', 'Linear-33', 'GELU-6', 'Dropout-24', 'Identity-17', 'Linear-34', 'Dropout-25', 'Mlp-6', 'Identity-18', 'Block-5-2', 'LayerNorm-23', 'Linear-40', 'LayerNorm-24', 'LayerNorm-25', 'Linear-41', 'Linear-42', 'Dropout-30', 'Linear-43', 'Dropout-31', 'Attention-8', 'Identity-22', 'LayerNorm-26', 'Linear-44', 'GELU-8', 'Dropout-32', 'Identity-23', 'Linear-45', 'Dropout-33', 'Mlp-8', 'Identity-24', 'Block-7-2', 'LayerNorm-29', 'Linear-51', 'LayerNorm-30', 'LayerNorm-31', 'Linear-52', 'Linear-53', 'Dropout-38', 'Linear-54', 'Dropout-39', 'Attention-10', 'Identity-28', 'LayerNorm-32', 'Linear-55', 'GELU-10', 'Dropout-40', 'Identity-29', 'Linear-56', 'Dropout-41', 'Mlp-10', 'Identity-30', 'Block-9-2', 'LayerNorm-35', 'Linear-62', 'LayerNorm-36', 'LayerNorm-37', 'Linear-63', 'Linear-64', 'Dropout-46', 'Linear-65', 'Dropout-47', 'Attention-12', 'Identity-34', 'LayerNorm-38', 'Linear-66', 'GELU-12', 'Dropout-48', 'Identity-35', 'Linear-67', 'Dropout-49', 'Mlp-12', 'Identity-36', 'Block-11-2', 'LayerNorm-41', 'Linear-73', 'LayerNorm-42', 'LayerNorm-43', 'Linear-74', 'Linear-75', 'Dropout-54', 'Linear-76', 'Dropout-55', 'Attention-14', 'Identity-40', 'LayerNorm-44', 'Linear-77', 'GELU-14', 'Dropout-56', 'Identity-41', 'Linear-78', 'Dropout-57', 'Mlp-14', 'Identity-42', 'Block-13-2', 'LayerNorm-47', 'Linear-84', 'LayerNorm-48', 'LayerNorm-49', 'Linear-85', 'Linear-86', 'Dropout-62', 'Linear-87', 'Dropout-63', 'Attention-16', 'Identity-46', 'LayerNorm-50', 'Linear-88', 'GELU-16', 'Dropout-64', 'Identity-47', 'Linear-89', 'Dropout-65', 'Mlp-16', 'Identity-48', 'Block-15-2', 'LayerNorm-53', 'Linear-95', 'LayerNorm-54', 'LayerNorm-55', 'Linear-96', 'Linear-97', 'Dropout-70', 'Linear-98', 'Dropout-71', 'Attention-18', 'Identity-52', 'LayerNorm-56', 'Linear-99', 'GELU-18', 'Dropout-72', 'Identity-53', 'Linear-100', 'Dropout-73', 'Mlp-18', 'Identity-54', 'Block-17-2', 'LayerNorm-59', 'Linear-106', 'LayerNorm-60', 'LayerNorm-61', 'Linear-107', 'Linear-108', 'Dropout-78', 'Linear-109', 'Dropout-79', 'Attention-20', 'Identity-58', 'LayerNorm-62', 'Linear-110', 'GELU-20', 'Dropout-80', 'Identity-59', 'Linear-111', 'Dropout-81', 'Mlp-20', 'Identity-60', 'Block-19-2', 'LayerNorm-65', 'Linear-117', 'LayerNorm-66', 'LayerNorm-67', 'Linear-118', 'Linear-119', 'Dropout-86', 'Linear-120', 'Dropout-87', 'Attention-22', 'Identity-64', 'LayerNorm-68', 'Linear-121', 'GELU-22', 'Dropout-88', 'Identity-65', 'Linear-122', 'Dropout-89', 'Mlp-22', 'Identity-66', 'Block-21-2', 'LayerNorm-71', 'Linear-128', 'LayerNorm-72', 'LayerNorm-73', 'Linear-129', 'Linear-130', 'Dropout-94', 'Linear-131', 'Dropout-95', 'Attention-24', 'Identity-70', 'LayerNorm-74', 'Linear-132', 'GELU-24', 'Dropout-96', 'Identity-71', 'Linear-133', 'Dropout-97', 'Mlp-24', 'Identity-72', 'Block-23-2', 'LayerNorm-75', 'Dropout-98', 'Linear-134', 'TNT-1']
Total number of layers: 261

==================================================
Processing layer: Linear-107 from model: tnt_s_patch16_224_classification

For model tnt_s_patch16_224_classification Layer Linear-107: Extracting features for 9000 images in batches of 28...
Feature extraction for model tnt_s_patch16_224_classification layer Linear-107 completed in 897.95 seconds.
Finding best ridge alphas for 200 target PCs using 151296 features and 9000 samples.
Using alphas: 10^4 to 10^20, 50 values spaced logarithmically.
[Pipeline] ........... (step 1 of 1) Processing ridgecv, total=10.6min

Selected alpha and cross-validation score for each PC:
Finished finding best ridge alphas for each target PC.✅

PC   1: alpha = 429193, CV score = -1546.858551

PC   2: alpha = 202359, CV score = -559.980051

PC   3: alpha = 202359, CV score = -365.682533

PC   4: alpha = 202359, CV score = -218.870458

PC   5: alpha = 202359, CV score = -181.011154

PC   6: alpha = 429193, CV score = -169.348173

PC   7: alpha = 429193, CV score = -145.955775

PC   8: alpha = 910298, CV score = -149.119264

PC   9: alpha = 429193, CV score = -108.966672

PC  10: alpha = 202359, CV score = -90.777006

PC  11: alpha = 429193, CV score = -87.044013

PC  12: alpha = 202359, CV score = -61.892213

PC  13: alpha = 910298, CV score = -94.142239

PC  14: alpha = 429193, CV score = -78.396834

PC  15: alpha = 429193, CV score = -68.900591

PC  16: alpha = 429193, CV score = -74.531750

PC  17: alpha = 429193, CV score = -68.754884

PC  18: alpha = 910298, CV score = -73.023976

PC  19: alpha = 429193, CV score = -63.184675

PC  20: alpha = 429193, CV score = -64.422668

PC  21: alpha = 429193, CV score = -58.976146

PC  22: alpha = 429193, CV score = -57.709491

PC  23: alpha = 429193, CV score = -54.734146

PC  24: alpha = 910298, CV score = -54.590179

PC  25: alpha = 429193, CV score = -51.972108

PC  26: alpha = 910298, CV score = -51.797531

PC  27: alpha = 910298, CV score = -48.022854

PC  28: alpha = 910298, CV score = -47.843959

PC  29: alpha = 429193, CV score = -46.297510

PC  30: alpha = 429193, CV score = -41.368398

PC  31: alpha = 429193, CV score = -40.474207

PC  32: alpha = 429193, CV score = -38.716399

PC  33: alpha = 910298, CV score = -38.852256

PC  34: alpha = 910298, CV score = -38.676233

PC  35: alpha = 429193, CV score = -35.557202

PC  36: alpha = 910298, CV score = -34.795424

PC  37: alpha = 910298, CV score = -35.123056

PC  38: alpha = 429193, CV score = -32.011959

PC  39: alpha = 429193, CV score = -33.064601

PC  40: alpha = 429193, CV score = -30.976250

PC  41: alpha = 910298, CV score = -30.526248

PC  42: alpha = 429193, CV score = -28.770806

PC  43: alpha = 910298, CV score = -28.779578

PC  44: alpha = 910298, CV score = -28.677749

PC  45: alpha = 429193, CV score = -26.617630

PC  46: alpha = 910298, CV score = -28.068554

PC  47: alpha = 910298, CV score = -26.018047

PC  48: alpha = 202359, CV score = -23.204130

PC  49: alpha = 429193, CV score = -24.725485

PC  50: alpha = 429193, CV score = -24.353085

PC  51: alpha = 429193, CV score = -22.226072

PC  52: alpha = 910298, CV score = -23.691984

PC  53: alpha = 429193, CV score = -22.215612

PC  54: alpha = 910298, CV score = -22.561796

PC  55: alpha = 910298, CV score = -21.785304

PC  56: alpha = 429193, CV score = -20.525278

PC  57: alpha = 429193, CV score = -20.766757

PC  58: alpha = 429193, CV score = -20.152170

PC  59: alpha = 1.9307e+06, CV score = -20.491787

PC  60: alpha = 910298, CV score = -19.674178

PC  61: alpha = 910298, CV score = -19.115941

PC  62: alpha = 429193, CV score = -18.288809

PC  63: alpha = 429193, CV score = -18.131269

PC  64: alpha = 910298, CV score = -18.127362

PC  65: alpha = 429193, CV score = -15.384630

PC  66: alpha = 429193, CV score = -17.404533

PC  67: alpha = 910298, CV score = -17.548615

PC  68: alpha = 910298, CV score = -17.478643

PC  69: alpha = 910298, CV score = -16.946963

PC  70: alpha = 910298, CV score = -16.349678

PC  71: alpha = 429193, CV score = -16.018946

PC  72: alpha = 910298, CV score = -15.780171

PC  73: alpha = 910298, CV score = -15.460044

PC  74: alpha = 910298, CV score = -15.324015

PC  75: alpha = 910298, CV score = -15.169535

PC  76: alpha = 429193, CV score = -14.514990

PC  77: alpha = 429193, CV score = -14.105287

PC  78: alpha = 910298, CV score = -14.497198

PC  79: alpha = 429193, CV score = -14.083813

PC  80: alpha = 910298, CV score = -13.866284

PC  81: alpha = 910298, CV score = -14.027988

PC  82: alpha = 910298, CV score = -13.552160

PC  83: alpha = 910298, CV score = -13.277620

PC  84: alpha = 910298, CV score = -12.998115

PC  85: alpha = 910298, CV score = -12.670510

PC  86: alpha = 910298, CV score = -12.805322

PC  87: alpha = 910298, CV score = -12.569487

PC  88: alpha = 910298, CV score = -12.161604

PC  89: alpha = 429193, CV score = -12.299801

PC  90: alpha = 910298, CV score = -12.081479

PC  91: alpha = 910298, CV score = -12.071936

PC  92: alpha = 429193, CV score = -11.509382

PC  93: alpha = 910298, CV score = -11.879762

PC  94: alpha = 910298, CV score = -11.446484

PC  95: alpha = 910298, CV score = -11.446969

PC  96: alpha = 910298, CV score = -11.335110

PC  97: alpha = 910298, CV score = -11.093046

PC  98: alpha = 910298, CV score = -11.071347

PC  99: alpha = 1.9307e+06, CV score = -11.003361

PC 100: alpha = 910298, CV score = -10.762591

PC 101: alpha = 910298, CV score = -10.523603

PC 102: alpha = 429193, CV score = -9.953713

PC 103: alpha = 910298, CV score = -10.180091

PC 104: alpha = 910298, CV score = -9.854681

PC 105: alpha = 910298, CV score = -10.120779

PC 106: alpha = 429193, CV score = -9.793537

PC 107: alpha = 910298, CV score = -9.957619

PC 108: alpha = 429193, CV score = -9.722569

PC 109: alpha = 910298, CV score = -9.672852

PC 110: alpha = 910298, CV score = -9.725635

PC 111: alpha = 1.9307e+06, CV score = -9.656347

PC 112: alpha = 910298, CV score = -9.267946

PC 113: alpha = 910298, CV score = -9.488913

PC 114: alpha = 910298, CV score = -9.245457

PC 115: alpha = 910298, CV score = -8.955940

PC 116: alpha = 910298, CV score = -9.180903

PC 117: alpha = 910298, CV score = -8.987245

PC 118: alpha = 910298, CV score = -8.820241

PC 119: alpha = 910298, CV score = -8.775408

PC 120: alpha = 910298, CV score = -8.638999

PC 121: alpha = 910298, CV score = -8.821121

PC 122: alpha = 910298, CV score = -8.469882

PC 123: alpha = 910298, CV score = -8.287364

PC 124: alpha = 910298, CV score = -8.471260

PC 125: alpha = 910298, CV score = -8.306586

PC 126: alpha = 910298, CV score = -8.053487

PC 127: alpha = 910298, CV score = -8.056150

PC 128: alpha = 910298, CV score = -8.161909

PC 129: alpha = 910298, CV score = -7.978531

PC 130: alpha = 910298, CV score = -7.869353

PC 131: alpha = 910298, CV score = -7.727464

PC 132: alpha = 1.9307e+06, CV score = -7.945291

PC 133: alpha = 910298, CV score = -7.726417

PC 134: alpha = 910298, CV score = -7.763146

PC 135: alpha = 1.9307e+06, CV score = -7.646981

PC 136: alpha = 910298, CV score = -7.451519

PC 137: alpha = 910298, CV score = -7.485956

PC 138: alpha = 1.9307e+06, CV score = -7.421874

PC 139: alpha = 910298, CV score = -7.321850

PC 140: alpha = 910298, CV score = -7.106669

PC 141: alpha = 910298, CV score = -7.177230

PC 142: alpha = 910298, CV score = -7.170629

PC 143: alpha = 910298, CV score = -7.037718

PC 144: alpha = 910298, CV score = -7.053456

PC 145: alpha = 910298, CV score = -7.030183

PC 146: alpha = 910298, CV score = -6.919553

PC 147: alpha = 1.9307e+06, CV score = -6.993396

PC 148: alpha = 1.9307e+06, CV score = -6.921262

PC 149: alpha = 910298, CV score = -6.781895

PC 150: alpha = 910298, CV score = -6.641485

PC 151: alpha = 910298, CV score = -6.513656

PC 152: alpha = 910298, CV score = -6.609136

PC 153: alpha = 910298, CV score = -6.566467

PC 154: alpha = 910298, CV score = -6.466755

PC 155: alpha = 1.9307e+06, CV score = -6.459235

PC 156: alpha = 910298, CV score = -6.449722

PC 157: alpha = 1.9307e+06, CV score = -6.383110

PC 158: alpha = 1.9307e+06, CV score = -6.332299

PC 159: alpha = 910298, CV score = -6.204862

PC 160: alpha = 910298, CV score = -6.190849

PC 161: alpha = 1.9307e+06, CV score = -6.232729

PC 162: alpha = 910298, CV score = -6.079051

PC 163: alpha = 910298, CV score = -6.074058

PC 164: alpha = 429193, CV score = -5.866747

PC 165: alpha = 910298, CV score = -5.948844

PC 166: alpha = 910298, CV score = -5.934083

PC 167: alpha = 910298, CV score = -5.841137

PC 168: alpha = 1.9307e+06, CV score = -5.846544

PC 169: alpha = 910298, CV score = -5.766906

PC 170: alpha = 910298, CV score = -5.767172

PC 171: alpha = 910298, CV score = -5.765588

PC 172: alpha = 910298, CV score = -5.712479

PC 173: alpha = 910298, CV score = -5.594721

PC 174: alpha = 910298, CV score = -5.655903

PC 175: alpha = 910298, CV score = -5.578854

PC 176: alpha = 910298, CV score = -5.412546

PC 177: alpha = 1.9307e+06, CV score = -5.510622

PC 178: alpha = 1.9307e+06, CV score = -5.494004

PC 179: alpha = 1.9307e+06, CV score = -5.446597

PC 180: alpha = 910298, CV score = -5.300356

PC 181: alpha = 1.9307e+06, CV score = -5.404457

PC 182: alpha = 1.9307e+06, CV score = -5.396803

PC 183: alpha = 1.9307e+06, CV score = -5.287752

PC 184: alpha = 910298, CV score = -5.276608

PC 185: alpha = 910298, CV score = -5.213307

PC 186: alpha = 910298, CV score = -5.230606

PC 187: alpha = 1.9307e+06, CV score = -5.158447

PC 188: alpha = 910298, CV score = -5.125779

PC 189: alpha = 910298, CV score = -5.093616

PC 190: alpha = 910298, CV score = -5.031175

PC 191: alpha = 910298, CV score = -4.990101

PC 192: alpha = 910298, CV score = -4.976600

PC 193: alpha = 910298, CV score = -4.974060

PC 194: alpha = 1.9307e+06, CV score = -4.956532

PC 195: alpha = 910298, CV score = -4.880806

PC 196: alpha = 910298, CV score = -4.899243

PC 197: alpha = 910298, CV score = -4.805079

PC 198: alpha = 910298, CV score = -4.837867

PC 199: alpha = 910298, CV score = -4.773982

PC 200: alpha = 910298, CV score = -4.716818

Mean cross-validation score across PCs: -34.451366

======================================================================================

Chosen model: crossvit_base_240_classification
Number of images: 73000
Image shape: (425, 425, 3), dtype: uint8
nsdID shape: (73000,), Shared1000 shape: (73000,)
Neural data shape: (10000, 8088)
Image IDs shape: (10000,)
Number of voxels: 8088
Number of projections for SRP: 7894

Loaded target with shape (10000, 8088).
Transformed data shape: (9000, 200)
Model options for crossvit_base_240_classification: {'model_name': 'crossvit_base_240', 'train_type': 'classification', 'train_data': 'imagenet', 'model_source': 'timm', 'call': "get_timm_model('crossvit_base_240', pretrained = True)"}
Image transforms for crossvit_base_240_classification: Compose(
    Resize(size=(224, 224), interpolation=bicubic, max_size=None, antialias=True)
    MaybeToTensor()
    Normalize(mean=tensor([0.4850, 0.4560, 0.4060]), std=tensor([0.2290, 0.2240, 0.2250]))
)
Loaded model: crossvit_base_240_classification
Ordered layers from model: ['Conv2d-1', 'PatchEmbed-1', 'Dropout-1', 'Conv2d-2', 'PatchEmbed-2', 'Dropout-2', 'LayerNorm-1', 'Linear-1', 'Identity-1', 'Identity-2', 'Identity-3', 'Linear-2', 'Dropout-3', 'Attention-1', 'Identity-4', 'Identity-5', 'LayerNorm-2', 'Linear-3', 'GELU-1', 'Dropout-4', 'Identity-6', 'Linear-4', 'Dropout-5', 'Mlp-1', 'Identity-7', 'Identity-8', 'Block-1', 'LayerNorm-3', 'Linear-5', 'Identity-9', 'Identity-10', 'Identity-11', 'Linear-6', 'Dropout-6', 'Attention-2', 'Identity-12', 'Identity-13', 'LayerNorm-4', 'Linear-7', 'GELU-2', 'Dropout-7', 'Identity-14', 'Linear-8', 'Dropout-8', 'Mlp-2', 'Identity-15', 'Identity-16', 'Block-2', 'LayerNorm-5', 'Linear-9', 'Identity-17', 'Identity-18', 'Identity-19', 'Linear-10', 'Dropout-9', 'Attention-3', 'Identity-20', 'Identity-21', 'LayerNorm-6', 'Linear-11', 'GELU-3', 'Dropout-10', 'Identity-22', 'Linear-12', 'Dropout-11', 'Mlp-3', 'Identity-23', 'Identity-24', 'Block-3', 'LayerNorm-7', 'Linear-13', 'Identity-25', 'Identity-26', 'Identity-27', 'Linear-14', 'Dropout-12', 'Attention-4', 'Identity-28', 'Identity-29', 'LayerNorm-8', 'Linear-15', 'GELU-4', 'Dropout-13', 'Identity-30', 'Linear-16', 'Dropout-14', 'Mlp-4', 'Identity-31', 'Identity-32', 'Block-4', 'LayerNorm-9', 'Linear-17', 'Identity-33', 'Identity-34', 'Identity-35', 'Linear-18', 'Dropout-15', 'Attention-5', 'Identity-36', 'Identity-37', 'LayerNorm-10', 'Linear-19', 'GELU-5', 'Dropout-16', 'Identity-38', 'Linear-20', 'Dropout-17', 'Mlp-5', 'Identity-39', 'Identity-40', 'Block-5', 'LayerNorm-11', 'GELU-6', 'Linear-21', 'LayerNorm-12', 'GELU-7', 'Linear-22', 'LayerNorm-13', 'Linear-23', 'Linear-24', 'Linear-25', 'Dropout-18', 'Linear-26', 'Dropout-19', 'CrossAttention-1', 'Identity-41', 'CrossAttentionBlock-1', 'LayerNorm-14', 'GELU-8', 'Linear-27', 'LayerNorm-15', 'Linear-28', 'Linear-29', 'Linear-30', 'Dropout-20', 'Linear-31', 'Dropout-21', 'CrossAttention-3', 'Identity-42', 'CrossAttentionBlock-2', 'LayerNorm-16', 'GELU-9', 'Linear-32', 'MultiScaleBlock-1-1', 'MultiScaleBlock-1-2', 'LayerNorm-17', 'Linear-33', 'Identity-43', 'Identity-44', 'Identity-45', 'Linear-34', 'Dropout-22', 'Attention-10', 'Identity-46', 'Identity-47', 'LayerNorm-18', 'Linear-35', 'GELU-10', 'Dropout-23', 'Identity-48', 'Linear-36', 'Dropout-24', 'Mlp-6', 'Identity-49', 'Identity-50', 'Block-10', 'LayerNorm-19', 'Linear-37', 'Identity-51', 'Identity-52', 'Identity-53', 'Linear-38', 'Dropout-25', 'Attention-11', 'Identity-54', 'Identity-55', 'LayerNorm-20', 'Linear-39', 'GELU-11', 'Dropout-26', 'Identity-56', 'Linear-40', 'Dropout-27', 'Mlp-7', 'Identity-57', 'Identity-58', 'Block-11', 'LayerNorm-21', 'Linear-41', 'Identity-59', 'Identity-60', 'Identity-61', 'Linear-42', 'Dropout-28', 'Attention-12', 'Identity-62', 'Identity-63', 'LayerNorm-22', 'Linear-43', 'GELU-12', 'Dropout-29', 'Identity-64', 'Linear-44', 'Dropout-30', 'Mlp-8', 'Identity-65', 'Identity-66', 'Block-12', 'LayerNorm-23', 'Linear-45', 'Identity-67', 'Identity-68', 'Identity-69', 'Linear-46', 'Dropout-31', 'Attention-13', 'Identity-70', 'Identity-71', 'LayerNorm-24', 'Linear-47', 'GELU-13', 'Dropout-32', 'Identity-72', 'Linear-48', 'Dropout-33', 'Mlp-9', 'Identity-73', 'Identity-74', 'Block-13', 'LayerNorm-25', 'Linear-49', 'Identity-75', 'Identity-76', 'Identity-77', 'Linear-50', 'Dropout-34', 'Attention-14', 'Identity-78', 'Identity-79', 'LayerNorm-26', 'Linear-51', 'GELU-14', 'Dropout-35', 'Identity-80', 'Linear-52', 'Dropout-36', 'Mlp-10', 'Identity-81', 'Identity-82', 'Block-14', 'LayerNorm-27', 'GELU-15', 'Linear-53', 'LayerNorm-28', 'GELU-16', 'Linear-54', 'LayerNorm-29', 'Linear-55', 'Linear-56', 'Linear-57', 'Dropout-37', 'Linear-58', 'Dropout-38', 'CrossAttention-5', 'Identity-83', 'CrossAttentionBlock-3', 'LayerNorm-30', 'GELU-17', 'Linear-59', 'LayerNorm-31', 'Linear-60', 'Linear-61', 'Linear-62', 'Dropout-39', 'Linear-63', 'Dropout-40', 'CrossAttention-7', 'Identity-84', 'CrossAttentionBlock-4', 'LayerNorm-32', 'GELU-18', 'Linear-64', 'MultiScaleBlock-3-1', 'MultiScaleBlock-3-2', 'LayerNorm-33', 'Linear-65', 'Identity-85', 'Identity-86', 'Identity-87', 'Linear-66', 'Dropout-41', 'Attention-19', 'Identity-88', 'Identity-89', 'LayerNorm-34', 'Linear-67', 'GELU-19', 'Dropout-42', 'Identity-90', 'Linear-68', 'Dropout-43', 'Mlp-11', 'Identity-91', 'Identity-92', 'Block-19', 'LayerNorm-35', 'Linear-69', 'Identity-93', 'Identity-94', 'Identity-95', 'Linear-70', 'Dropout-44', 'Attention-20', 'Identity-96', 'Identity-97', 'LayerNorm-36', 'Linear-71', 'GELU-20', 'Dropout-45', 'Identity-98', 'Linear-72', 'Dropout-46', 'Mlp-12', 'Identity-99', 'Identity-100', 'Block-20', 'LayerNorm-37', 'Linear-73', 'Identity-101', 'Identity-102', 'Identity-103', 'Linear-74', 'Dropout-47', 'Attention-21', 'Identity-104', 'Identity-105', 'LayerNorm-38', 'Linear-75', 'GELU-21', 'Dropout-48', 'Identity-106', 'Linear-76', 'Dropout-49', 'Mlp-13', 'Identity-107', 'Identity-108', 'Block-21', 'LayerNorm-39', 'Linear-77', 'Identity-109', 'Identity-110', 'Identity-111', 'Linear-78', 'Dropout-50', 'Attention-22', 'Identity-112', 'Identity-113', 'LayerNorm-40', 'Linear-79', 'GELU-22', 'Dropout-51', 'Identity-114', 'Linear-80', 'Dropout-52', 'Mlp-14', 'Identity-115', 'Identity-116', 'Block-22', 'LayerNorm-41', 'Linear-81', 'Identity-117', 'Identity-118', 'Identity-119', 'Linear-82', 'Dropout-53', 'Attention-23', 'Identity-120', 'Identity-121', 'LayerNorm-42', 'Linear-83', 'GELU-23', 'Dropout-54', 'Identity-122', 'Linear-84', 'Dropout-55', 'Mlp-15', 'Identity-123', 'Identity-124', 'Block-23', 'LayerNorm-43', 'GELU-24', 'Linear-85', 'LayerNorm-44', 'GELU-25', 'Linear-86', 'LayerNorm-45', 'Linear-87', 'Linear-88', 'Linear-89', 'Dropout-56', 'Linear-90', 'Dropout-57', 'CrossAttention-9', 'Identity-125', 'CrossAttentionBlock-5', 'LayerNorm-46', 'GELU-26', 'Linear-91', 'LayerNorm-47', 'Linear-92', 'Linear-93', 'Linear-94', 'Dropout-58', 'Linear-95', 'Dropout-59', 'CrossAttention-11', 'Identity-126', 'CrossAttentionBlock-6', 'LayerNorm-48', 'GELU-27', 'Linear-96', 'MultiScaleBlock-5-1', 'MultiScaleBlock-5-2', 'LayerNorm-49', 'LayerNorm-50', 'Dropout-60', 'Dropout-61', 'Linear-97', 'Linear-98', 'CrossVit-1']
Total number of layers: 430

==================================================
Processing layer: LayerNorm-38 from model: crossvit_base_240_classification

For model crossvit_base_240_classification Layer LayerNorm-38: Extracting features for 9000 images in batches of 28...
Feature extraction for model crossvit_base_240_classification layer LayerNorm-38 completed in 2243.13 seconds.
Finding best ridge alphas for 200 target PCs using 151296 features and 9000 samples.
Using alphas: 10^4 to 10^20, 50 values spaced logarithmically.
[Pipeline] ........... (step 1 of 1) Processing ridgecv, total=10.6min

Selected alpha and cross-validation score for each PC:
Finished finding best ridge alphas for each target PC.✅

PC   1: alpha = 4.09492e+06, CV score = -1536.282933

PC   2: alpha = 1.9307e+06, CV score = -526.359543

PC   3: alpha = 910298, CV score = -348.750916

PC   4: alpha = 910298, CV score = -203.426228

PC   5: alpha = 1.9307e+06, CV score = -175.230768

PC   6: alpha = 1.9307e+06, CV score = -164.074803

PC   7: alpha = 1.9307e+06, CV score = -144.279154

PC   8: alpha = 8.68511e+06, CV score = -148.797801

PC   9: alpha = 1.9307e+06, CV score = -105.107384

PC  10: alpha = 1.9307e+06, CV score = -88.185021

PC  11: alpha = 4.09492e+06, CV score = -85.771567

PC  12: alpha = 1.9307e+06, CV score = -58.379679

PC  13: alpha = 8.68511e+06, CV score = -93.822965

PC  14: alpha = 4.09492e+06, CV score = -77.712733

PC  15: alpha = 1.9307e+06, CV score = -66.980665

PC  16: alpha = 4.09492e+06, CV score = -73.481562

PC  17: alpha = 4.09492e+06, CV score = -68.259738

PC  18: alpha = 8.68511e+06, CV score = -73.336352

PC  19: alpha = 4.09492e+06, CV score = -62.301130

PC  20: alpha = 4.09492e+06, CV score = -63.548075

PC  21: alpha = 4.09492e+06, CV score = -57.686188

PC  22: alpha = 4.09492e+06, CV score = -57.164058

PC  23: alpha = 4.09492e+06, CV score = -53.847217

PC  24: alpha = 4.09492e+06, CV score = -54.324779

PC  25: alpha = 4.09492e+06, CV score = -51.275554

PC  26: alpha = 8.68511e+06, CV score = -51.599003

PC  27: alpha = 4.09492e+06, CV score = -47.020431

PC  28: alpha = 8.68511e+06, CV score = -47.527151

PC  29: alpha = 4.09492e+06, CV score = -46.022898

PC  30: alpha = 4.09492e+06, CV score = -40.852075

PC  31: alpha = 4.09492e+06, CV score = -39.960202

PC  32: alpha = 4.09492e+06, CV score = -38.009419

PC  33: alpha = 4.09492e+06, CV score = -38.297500

PC  34: alpha = 8.68511e+06, CV score = -38.741492

PC  35: alpha = 4.09492e+06, CV score = -34.949370

PC  36: alpha = 4.09492e+06, CV score = -34.227331

PC  37: alpha = 8.68511e+06, CV score = -34.919072

PC  38: alpha = 4.09492e+06, CV score = -31.749117

PC  39: alpha = 4.09492e+06, CV score = -32.969386

PC  40: alpha = 4.09492e+06, CV score = -30.427146

PC  41: alpha = 4.09492e+06, CV score = -30.396495

PC  42: alpha = 4.09492e+06, CV score = -28.567673

PC  43: alpha = 4.09492e+06, CV score = -28.513368

PC  44: alpha = 8.68511e+06, CV score = -28.735868

PC  45: alpha = 4.09492e+06, CV score = -26.233425

PC  46: alpha = 8.68511e+06, CV score = -28.096562

PC  47: alpha = 4.09492e+06, CV score = -25.736322

PC  48: alpha = 1.9307e+06, CV score = -22.593727

PC  49: alpha = 4.09492e+06, CV score = -24.495241

PC  50: alpha = 4.09492e+06, CV score = -23.931678

PC  51: alpha = 4.09492e+06, CV score = -21.904853

PC  52: alpha = 8.68511e+06, CV score = -23.521713

PC  53: alpha = 4.09492e+06, CV score = -22.075584

PC  54: alpha = 4.09492e+06, CV score = -22.447746

PC  55: alpha = 8.68511e+06, CV score = -21.722682

PC  56: alpha = 4.09492e+06, CV score = -20.144383

PC  57: alpha = 4.09492e+06, CV score = -20.494616

PC  58: alpha = 4.09492e+06, CV score = -19.773689

PC  59: alpha = 8.68511e+06, CV score = -20.360955

PC  60: alpha = 4.09492e+06, CV score = -19.484011

PC  61: alpha = 4.09492e+06, CV score = -18.971007

PC  62: alpha = 4.09492e+06, CV score = -18.184607

PC  63: alpha = 4.09492e+06, CV score = -18.091110

PC  64: alpha = 4.09492e+06, CV score = -17.903193

PC  65: alpha = 1.9307e+06, CV score = -15.087826

PC  66: alpha = 4.09492e+06, CV score = -17.305287

PC  67: alpha = 8.68511e+06, CV score = -17.520739

PC  68: alpha = 8.68511e+06, CV score = -17.457550

PC  69: alpha = 4.09492e+06, CV score = -16.834673

PC  70: alpha = 4.09492e+06, CV score = -16.112938

PC  71: alpha = 4.09492e+06, CV score = -15.686988

PC  72: alpha = 4.09492e+06, CV score = -15.589252

PC  73: alpha = 4.09492e+06, CV score = -15.361608

PC  74: alpha = 4.09492e+06, CV score = -15.232368

PC  75: alpha = 8.68511e+06, CV score = -15.139461

PC  76: alpha = 4.09492e+06, CV score = -14.254156

PC  77: alpha = 4.09492e+06, CV score = -13.992989

PC  78: alpha = 8.68511e+06, CV score = -14.391459

PC  79: alpha = 4.09492e+06, CV score = -13.961949

PC  80: alpha = 4.09492e+06, CV score = -13.763267

PC  81: alpha = 8.68511e+06, CV score = -13.942142

PC  82: alpha = 4.09492e+06, CV score = -13.443202

PC  83: alpha = 4.09492e+06, CV score = -13.193475

PC  84: alpha = 4.09492e+06, CV score = -12.897438

PC  85: alpha = 4.09492e+06, CV score = -12.546442

PC  86: alpha = 8.68511e+06, CV score = -12.750295

PC  87: alpha = 8.68511e+06, CV score = -12.539997

PC  88: alpha = 4.09492e+06, CV score = -12.098658

PC  89: alpha = 4.09492e+06, CV score = -12.291108

PC  90: alpha = 4.09492e+06, CV score = -12.009210

PC  91: alpha = 4.09492e+06, CV score = -12.027089

PC  92: alpha = 4.09492e+06, CV score = -11.359110

PC  93: alpha = 8.68511e+06, CV score = -11.840611

PC  94: alpha = 4.09492e+06, CV score = -11.381651

PC  95: alpha = 8.68511e+06, CV score = -11.408216

PC  96: alpha = 8.68511e+06, CV score = -11.271865

PC  97: alpha = 8.68511e+06, CV score = -11.084363

PC  98: alpha = 8.68511e+06, CV score = -11.005067

PC  99: alpha = 8.68511e+06, CV score = -11.000224

PC 100: alpha = 8.68511e+06, CV score = -10.652817

PC 101: alpha = 8.68511e+06, CV score = -10.471851

PC 102: alpha = 4.09492e+06, CV score = -9.803354

PC 103: alpha = 8.68511e+06, CV score = -10.122959

PC 104: alpha = 4.09492e+06, CV score = -9.785433

PC 105: alpha = 8.68511e+06, CV score = -10.028121

PC 106: alpha = 4.09492e+06, CV score = -9.618696

PC 107: alpha = 8.68511e+06, CV score = -9.898754

PC 108: alpha = 4.09492e+06, CV score = -9.597969

PC 109: alpha = 8.68511e+06, CV score = -9.626275

PC 110: alpha = 8.68511e+06, CV score = -9.713831

PC 111: alpha = 8.68511e+06, CV score = -9.614318

PC 112: alpha = 8.68511e+06, CV score = -9.240665

PC 113: alpha = 8.68511e+06, CV score = -9.440358

PC 114: alpha = 8.68511e+06, CV score = -9.212653

PC 115: alpha = 4.09492e+06, CV score = -8.878033

PC 116: alpha = 8.68511e+06, CV score = -9.165103

PC 117: alpha = 8.68511e+06, CV score = -8.920549

PC 118: alpha = 4.09492e+06, CV score = -8.780056

PC 119: alpha = 4.09492e+06, CV score = -8.721203

PC 120: alpha = 4.09492e+06, CV score = -8.541038

PC 121: alpha = 8.68511e+06, CV score = -8.785363

PC 122: alpha = 4.09492e+06, CV score = -8.442037

PC 123: alpha = 4.09492e+06, CV score = -8.214812

PC 124: alpha = 8.68511e+06, CV score = -8.434669

PC 125: alpha = 8.68511e+06, CV score = -8.289753

PC 126: alpha = 4.09492e+06, CV score = -7.983866

PC 127: alpha = 4.09492e+06, CV score = -8.014886

PC 128: alpha = 8.68511e+06, CV score = -8.156181

PC 129: alpha = 4.09492e+06, CV score = -7.884624

PC 130: alpha = 4.09492e+06, CV score = -7.745531

PC 131: alpha = 4.09492e+06, CV score = -7.701368

PC 132: alpha = 8.68511e+06, CV score = -7.903143

PC 133: alpha = 8.68511e+06, CV score = -7.695200

PC 134: alpha = 8.68511e+06, CV score = -7.759317

PC 135: alpha = 8.68511e+06, CV score = -7.622066

PC 136: alpha = 8.68511e+06, CV score = -7.409217

PC 137: alpha = 8.68511e+06, CV score = -7.436757

PC 138: alpha = 8.68511e+06, CV score = -7.386431

PC 139: alpha = 8.68511e+06, CV score = -7.313162

PC 140: alpha = 4.09492e+06, CV score = -7.050706

PC 141: alpha = 8.68511e+06, CV score = -7.151409

PC 142: alpha = 8.68511e+06, CV score = -7.158434

PC 143: alpha = 8.68511e+06, CV score = -6.998752

PC 144: alpha = 8.68511e+06, CV score = -7.035202

PC 145: alpha = 8.68511e+06, CV score = -7.016706

PC 146: alpha = 8.68511e+06, CV score = -6.871607

PC 147: alpha = 1.84207e+07, CV score = -6.982582

PC 148: alpha = 8.68511e+06, CV score = -6.893195

PC 149: alpha = 8.68511e+06, CV score = -6.762029

PC 150: alpha = 4.09492e+06, CV score = -6.612844

PC 151: alpha = 8.68511e+06, CV score = -6.502799

PC 152: alpha = 8.68511e+06, CV score = -6.572270

PC 153: alpha = 8.68511e+06, CV score = -6.553093

PC 154: alpha = 8.68511e+06, CV score = -6.461632

PC 155: alpha = 8.68511e+06, CV score = -6.451178

PC 156: alpha = 8.68511e+06, CV score = -6.432823

PC 157: alpha = 1.84207e+07, CV score = -6.383732

PC 158: alpha = 8.68511e+06, CV score = -6.308547

PC 159: alpha = 8.68511e+06, CV score = -6.193131

PC 160: alpha = 8.68511e+06, CV score = -6.161463

PC 161: alpha = 8.68511e+06, CV score = -6.211369

PC 162: alpha = 8.68511e+06, CV score = -6.043366

PC 163: alpha = 8.68511e+06, CV score = -6.065828

PC 164: alpha = 4.09492e+06, CV score = -5.827617

PC 165: alpha = 4.09492e+06, CV score = -5.911765

PC 166: alpha = 8.68511e+06, CV score = -5.901796

PC 167: alpha = 8.68511e+06, CV score = -5.836079

PC 168: alpha = 8.68511e+06, CV score = -5.835717

PC 169: alpha = 8.68511e+06, CV score = -5.759212

PC 170: alpha = 8.68511e+06, CV score = -5.731528

PC 171: alpha = 8.68511e+06, CV score = -5.716364

PC 172: alpha = 8.68511e+06, CV score = -5.688009

PC 173: alpha = 8.68511e+06, CV score = -5.542787

PC 174: alpha = 8.68511e+06, CV score = -5.639263

PC 175: alpha = 8.68511e+06, CV score = -5.530684

PC 176: alpha = 4.09492e+06, CV score = -5.374718

PC 177: alpha = 1.84207e+07, CV score = -5.514082

PC 178: alpha = 8.68511e+06, CV score = -5.456679

PC 179: alpha = 8.68511e+06, CV score = -5.409716

PC 180: alpha = 4.09492e+06, CV score = -5.249626

PC 181: alpha = 8.68511e+06, CV score = -5.378913

PC 182: alpha = 8.68511e+06, CV score = -5.370300

PC 183: alpha = 8.68511e+06, CV score = -5.277394

PC 184: alpha = 8.68511e+06, CV score = -5.259766

PC 185: alpha = 8.68511e+06, CV score = -5.203652

PC 186: alpha = 8.68511e+06, CV score = -5.180128

PC 187: alpha = 8.68511e+06, CV score = -5.133724

PC 188: alpha = 8.68511e+06, CV score = -5.108107

PC 189: alpha = 8.68511e+06, CV score = -5.085145

PC 190: alpha = 8.68511e+06, CV score = -4.997061

PC 191: alpha = 8.68511e+06, CV score = -4.961036

PC 192: alpha = 8.68511e+06, CV score = -4.953985

PC 193: alpha = 8.68511e+06, CV score = -4.955275

PC 194: alpha = 1.84207e+07, CV score = -4.964469

PC 195: alpha = 4.09492e+06, CV score = -4.828582

PC 196: alpha = 8.68511e+06, CV score = -4.880390

PC 197: alpha = 8.68511e+06, CV score = -4.796310

PC 198: alpha = 8.68511e+06, CV score = -4.805381

PC 199: alpha = 8.68511e+06, CV score = -4.746314

PC 200: alpha = 8.68511e+06, CV score = -4.702713

Mean cross-validation score across PCs: -33.806115

======================================================================================

Chosen model: deit_base_patch16_224_classification
Number of images: 73000
Image shape: (425, 425, 3), dtype: uint8
nsdID shape: (73000,), Shared1000 shape: (73000,)
Neural data shape: (10000, 8088)
Image IDs shape: (10000,)
Number of voxels: 8088
Number of projections for SRP: 7894

Loaded target with shape (10000, 8088).
Transformed data shape: (9000, 200)
Model options for deit_base_patch16_224_classification: {'model_name': 'deit_base_patch16_224', 'train_type': 'classification', 'train_data': 'imagenet', 'model_source': 'timm', 'call': "get_timm_model('deit_base_patch16_224', pretrained = True)"}
Image transforms for deit_base_patch16_224_classification: Compose(
    Resize(size=(224, 224), interpolation=bicubic, max_size=None, antialias=True)
    MaybeToTensor()
    Normalize(mean=tensor([0.4850, 0.4560, 0.4060]), std=tensor([0.2290, 0.2240, 0.2250]))
)
Loaded model: deit_base_patch16_224_classification
Ordered layers from model: ['Conv2d-1', 'Identity-1', 'PatchEmbed-1', 'Dropout-1', 'Identity-2', 'Identity-3', 'LayerNorm-1', 'Linear-1', 'Identity-4', 'Identity-5', 'Identity-6', 'Linear-2', 'Dropout-2', 'Attention-1', 'Identity-7', 'Identity-8', 'LayerNorm-2', 'Linear-3', 'GELU-1', 'Dropout-3', 'Identity-9', 'Linear-4', 'Dropout-4', 'Mlp-1', 'Identity-10', 'Identity-11', 'Block-1', 'LayerNorm-3', 'Linear-5', 'Identity-12', 'Identity-13', 'Identity-14', 'Linear-6', 'Dropout-5', 'Attention-2', 'Identity-15', 'Identity-16', 'LayerNorm-4', 'Linear-7', 'GELU-2', 'Dropout-6', 'Identity-17', 'Linear-8', 'Dropout-7', 'Mlp-2', 'Identity-18', 'Identity-19', 'Block-2', 'LayerNorm-5', 'Linear-9', 'Identity-20', 'Identity-21', 'Identity-22', 'Linear-10', 'Dropout-8', 'Attention-3', 'Identity-23', 'Identity-24', 'LayerNorm-6', 'Linear-11', 'GELU-3', 'Dropout-9', 'Identity-25', 'Linear-12', 'Dropout-10', 'Mlp-3', 'Identity-26', 'Identity-27', 'Block-3', 'LayerNorm-7', 'Linear-13', 'Identity-28', 'Identity-29', 'Identity-30', 'Linear-14', 'Dropout-11', 'Attention-4', 'Identity-31', 'Identity-32', 'LayerNorm-8', 'Linear-15', 'GELU-4', 'Dropout-12', 'Identity-33', 'Linear-16', 'Dropout-13', 'Mlp-4', 'Identity-34', 'Identity-35', 'Block-4', 'LayerNorm-9', 'Linear-17', 'Identity-36', 'Identity-37', 'Identity-38', 'Linear-18', 'Dropout-14', 'Attention-5', 'Identity-39', 'Identity-40', 'LayerNorm-10', 'Linear-19', 'GELU-5', 'Dropout-15', 'Identity-41', 'Linear-20', 'Dropout-16', 'Mlp-5', 'Identity-42', 'Identity-43', 'Block-5', 'LayerNorm-11', 'Linear-21', 'Identity-44', 'Identity-45', 'Identity-46', 'Linear-22', 'Dropout-17', 'Attention-6', 'Identity-47', 'Identity-48', 'LayerNorm-12', 'Linear-23', 'GELU-6', 'Dropout-18', 'Identity-49', 'Linear-24', 'Dropout-19', 'Mlp-6', 'Identity-50', 'Identity-51', 'Block-6', 'LayerNorm-13', 'Linear-25', 'Identity-52', 'Identity-53', 'Identity-54', 'Linear-26', 'Dropout-20', 'Attention-7', 'Identity-55', 'Identity-56', 'LayerNorm-14', 'Linear-27', 'GELU-7', 'Dropout-21', 'Identity-57', 'Linear-28', 'Dropout-22', 'Mlp-7', 'Identity-58', 'Identity-59', 'Block-7', 'LayerNorm-15', 'Linear-29', 'Identity-60', 'Identity-61', 'Identity-62', 'Linear-30', 'Dropout-23', 'Attention-8', 'Identity-63', 'Identity-64', 'LayerNorm-16', 'Linear-31', 'GELU-8', 'Dropout-24', 'Identity-65', 'Linear-32', 'Dropout-25', 'Mlp-8', 'Identity-66', 'Identity-67', 'Block-8', 'LayerNorm-17', 'Linear-33', 'Identity-68', 'Identity-69', 'Identity-70', 'Linear-34', 'Dropout-26', 'Attention-9', 'Identity-71', 'Identity-72', 'LayerNorm-18', 'Linear-35', 'GELU-9', 'Dropout-27', 'Identity-73', 'Linear-36', 'Dropout-28', 'Mlp-9', 'Identity-74', 'Identity-75', 'Block-9', 'LayerNorm-19', 'Linear-37', 'Identity-76', 'Identity-77', 'Identity-78', 'Linear-38', 'Dropout-29', 'Attention-10', 'Identity-79', 'Identity-80', 'LayerNorm-20', 'Linear-39', 'GELU-10', 'Dropout-30', 'Identity-81', 'Linear-40', 'Dropout-31', 'Mlp-10', 'Identity-82', 'Identity-83', 'Block-10', 'LayerNorm-21', 'Linear-41', 'Identity-84', 'Identity-85', 'Identity-86', 'Linear-42', 'Dropout-32', 'Attention-11', 'Identity-87', 'Identity-88', 'LayerNorm-22', 'Linear-43', 'GELU-11', 'Dropout-33', 'Identity-89', 'Linear-44', 'Dropout-34', 'Mlp-11', 'Identity-90', 'Identity-91', 'Block-11', 'LayerNorm-23', 'Linear-45', 'Identity-92', 'Identity-93', 'Identity-94', 'Linear-46', 'Dropout-35', 'Attention-12', 'Identity-95', 'Identity-96', 'LayerNorm-24', 'Linear-47', 'GELU-12', 'Dropout-36', 'Identity-97', 'Linear-48', 'Dropout-37', 'Mlp-12', 'Identity-98', 'Identity-99', 'Block-12', 'LayerNorm-25', 'Identity-100', 'Dropout-38', 'Linear-49', 'VisionTransformer-1']
Total number of layers: 263

==================================================
Processing layer: LayerNorm-20 from model: deit_base_patch16_224_classification

For model deit_base_patch16_224_classification Layer LayerNorm-20: Extracting features for 9000 images in batches of 28...
Feature extraction for model deit_base_patch16_224_classification layer LayerNorm-20 completed in 1776.20 seconds.
Finding best ridge alphas for 200 target PCs using 151296 features and 9000 samples.
Using alphas: 10^4 to 10^20, 50 values spaced logarithmically.
[Pipeline] ........... (step 1 of 1) Processing ridgecv, total=10.3min

Selected alpha and cross-validation score for each PC:
Finished finding best ridge alphas for each target PC.✅

PC   1: alpha = 4.09492e+06, CV score = -1536.982876

PC   2: alpha = 1.9307e+06, CV score = -526.601644

PC   3: alpha = 910298, CV score = -351.297337

PC   4: alpha = 910298, CV score = -201.883560

PC   5: alpha = 1.9307e+06, CV score = -176.108522

PC   6: alpha = 1.9307e+06, CV score = -163.870950

PC   7: alpha = 1.9307e+06, CV score = -143.572118

PC   8: alpha = 8.68511e+06, CV score = -148.766790

PC   9: alpha = 1.9307e+06, CV score = -104.623350

PC  10: alpha = 1.9307e+06, CV score = -87.774207

PC  11: alpha = 1.9307e+06, CV score = -85.847530

PC  12: alpha = 910298, CV score = -58.247804

PC  13: alpha = 4.09492e+06, CV score = -93.392033

PC  14: alpha = 1.9307e+06, CV score = -77.674132

PC  15: alpha = 1.9307e+06, CV score = -66.486091

PC  16: alpha = 4.09492e+06, CV score = -73.745868

PC  17: alpha = 4.09492e+06, CV score = -67.971610

PC  18: alpha = 4.09492e+06, CV score = -72.803243

PC  19: alpha = 1.9307e+06, CV score = -62.058598

PC  20: alpha = 4.09492e+06, CV score = -63.616788

PC  21: alpha = 4.09492e+06, CV score = -57.624858

PC  22: alpha = 4.09492e+06, CV score = -56.922581

PC  23: alpha = 4.09492e+06, CV score = -54.193793

PC  24: alpha = 4.09492e+06, CV score = -54.340388

PC  25: alpha = 1.9307e+06, CV score = -51.194921

PC  26: alpha = 4.09492e+06, CV score = -51.623447

PC  27: alpha = 4.09492e+06, CV score = -47.052398

PC  28: alpha = 4.09492e+06, CV score = -47.596717

PC  29: alpha = 4.09492e+06, CV score = -45.924534

PC  30: alpha = 4.09492e+06, CV score = -40.895994

PC  31: alpha = 1.9307e+06, CV score = -40.049658

PC  32: alpha = 4.09492e+06, CV score = -38.213143

PC  33: alpha = 4.09492e+06, CV score = -38.191741

PC  34: alpha = 4.09492e+06, CV score = -38.715104

PC  35: alpha = 4.09492e+06, CV score = -34.946262

PC  36: alpha = 4.09492e+06, CV score = -34.458943

PC  37: alpha = 4.09492e+06, CV score = -34.922210

PC  38: alpha = 1.9307e+06, CV score = -31.812546

PC  39: alpha = 4.09492e+06, CV score = -32.963190

PC  40: alpha = 4.09492e+06, CV score = -30.490862

PC  41: alpha = 4.09492e+06, CV score = -30.313407

PC  42: alpha = 4.09492e+06, CV score = -28.445679

PC  43: alpha = 4.09492e+06, CV score = -28.457840

PC  44: alpha = 8.68511e+06, CV score = -28.740550

PC  45: alpha = 4.09492e+06, CV score = -26.186524

PC  46: alpha = 8.68511e+06, CV score = -28.032178

PC  47: alpha = 4.09492e+06, CV score = -25.667664

PC  48: alpha = 1.9307e+06, CV score = -22.876244

PC  49: alpha = 4.09492e+06, CV score = -24.386339

PC  50: alpha = 4.09492e+06, CV score = -24.018125

PC  51: alpha = 1.9307e+06, CV score = -21.945953

PC  52: alpha = 4.09492e+06, CV score = -23.479505

PC  53: alpha = 1.9307e+06, CV score = -22.048657

PC  54: alpha = 4.09492e+06, CV score = -22.464549

PC  55: alpha = 4.09492e+06, CV score = -21.687845

PC  56: alpha = 4.09492e+06, CV score = -20.255190

PC  57: alpha = 4.09492e+06, CV score = -20.584646

PC  58: alpha = 4.09492e+06, CV score = -19.850183

PC  59: alpha = 8.68511e+06, CV score = -20.343958

PC  60: alpha = 4.09492e+06, CV score = -19.532374

PC  61: alpha = 4.09492e+06, CV score = -19.036729

PC  62: alpha = 4.09492e+06, CV score = -18.185382

PC  63: alpha = 4.09492e+06, CV score = -18.094701

PC  64: alpha = 4.09492e+06, CV score = -17.847825

PC  65: alpha = 1.9307e+06, CV score = -15.136536

PC  66: alpha = 4.09492e+06, CV score = -17.195809

PC  67: alpha = 8.68511e+06, CV score = -17.514012

PC  68: alpha = 8.68511e+06, CV score = -17.444733

PC  69: alpha = 4.09492e+06, CV score = -16.901461

PC  70: alpha = 4.09492e+06, CV score = -16.087614

PC  71: alpha = 4.09492e+06, CV score = -15.718271

PC  72: alpha = 4.09492e+06, CV score = -15.654960

PC  73: alpha = 4.09492e+06, CV score = -15.327572

PC  74: alpha = 4.09492e+06, CV score = -15.236788

PC  75: alpha = 8.68511e+06, CV score = -15.170467

PC  76: alpha = 1.9307e+06, CV score = -14.296438

PC  77: alpha = 4.09492e+06, CV score = -14.026125

PC  78: alpha = 4.09492e+06, CV score = -14.323054

PC  79: alpha = 4.09492e+06, CV score = -13.908821

PC  80: alpha = 4.09492e+06, CV score = -13.771500

PC  81: alpha = 4.09492e+06, CV score = -13.891910

PC  82: alpha = 4.09492e+06, CV score = -13.429484

PC  83: alpha = 4.09492e+06, CV score = -13.133339

PC  84: alpha = 4.09492e+06, CV score = -12.821019

PC  85: alpha = 4.09492e+06, CV score = -12.510815

PC  86: alpha = 4.09492e+06, CV score = -12.709823

PC  87: alpha = 4.09492e+06, CV score = -12.515670

PC  88: alpha = 4.09492e+06, CV score = -12.078605

PC  89: alpha = 4.09492e+06, CV score = -12.182203

PC  90: alpha = 4.09492e+06, CV score = -11.980600

PC  91: alpha = 4.09492e+06, CV score = -11.956732

PC  92: alpha = 4.09492e+06, CV score = -11.399344

PC  93: alpha = 8.68511e+06, CV score = -11.822696

PC  94: alpha = 4.09492e+06, CV score = -11.411016

PC  95: alpha = 4.09492e+06, CV score = -11.365080

PC  96: alpha = 8.68511e+06, CV score = -11.277249

PC  97: alpha = 4.09492e+06, CV score = -11.075854

PC  98: alpha = 8.68511e+06, CV score = -11.023435

PC  99: alpha = 8.68511e+06, CV score = -10.962829

PC 100: alpha = 4.09492e+06, CV score = -10.653185

PC 101: alpha = 4.09492e+06, CV score = -10.462546

PC 102: alpha = 4.09492e+06, CV score = -9.859038

PC 103: alpha = 4.09492e+06, CV score = -10.102501

PC 104: alpha = 4.09492e+06, CV score = -9.793604

PC 105: alpha = 4.09492e+06, CV score = -10.030915

PC 106: alpha = 4.09492e+06, CV score = -9.631853

PC 107: alpha = 4.09492e+06, CV score = -9.888069

PC 108: alpha = 4.09492e+06, CV score = -9.650267

PC 109: alpha = 4.09492e+06, CV score = -9.627284

PC 110: alpha = 8.68511e+06, CV score = -9.699954

PC 111: alpha = 8.68511e+06, CV score = -9.616933

PC 112: alpha = 4.09492e+06, CV score = -9.188487

PC 113: alpha = 4.09492e+06, CV score = -9.446846

PC 114: alpha = 4.09492e+06, CV score = -9.187045

PC 115: alpha = 4.09492e+06, CV score = -8.891827

PC 116: alpha = 8.68511e+06, CV score = -9.171203

PC 117: alpha = 4.09492e+06, CV score = -8.908887

PC 118: alpha = 4.09492e+06, CV score = -8.793890

PC 119: alpha = 4.09492e+06, CV score = -8.689539

PC 120: alpha = 4.09492e+06, CV score = -8.521662

PC 121: alpha = 4.09492e+06, CV score = -8.772747

PC 122: alpha = 4.09492e+06, CV score = -8.439051

PC 123: alpha = 4.09492e+06, CV score = -8.231722

PC 124: alpha = 8.68511e+06, CV score = -8.411269

PC 125: alpha = 8.68511e+06, CV score = -8.310293

PC 126: alpha = 4.09492e+06, CV score = -7.964021

PC 127: alpha = 4.09492e+06, CV score = -7.999006

PC 128: alpha = 8.68511e+06, CV score = -8.153449

PC 129: alpha = 4.09492e+06, CV score = -7.893173

PC 130: alpha = 4.09492e+06, CV score = -7.710308

PC 131: alpha = 4.09492e+06, CV score = -7.689531

PC 132: alpha = 8.68511e+06, CV score = -7.913161

PC 133: alpha = 4.09492e+06, CV score = -7.693903

PC 134: alpha = 8.68511e+06, CV score = -7.760678

PC 135: alpha = 8.68511e+06, CV score = -7.618474

PC 136: alpha = 4.09492e+06, CV score = -7.413976

PC 137: alpha = 4.09492e+06, CV score = -7.416609

PC 138: alpha = 8.68511e+06, CV score = -7.364507

PC 139: alpha = 8.68511e+06, CV score = -7.310489

PC 140: alpha = 4.09492e+06, CV score = -7.047572

PC 141: alpha = 4.09492e+06, CV score = -7.135288

PC 142: alpha = 8.68511e+06, CV score = -7.149306

PC 143: alpha = 8.68511e+06, CV score = -7.003527

PC 144: alpha = 4.09492e+06, CV score = -7.024723

PC 145: alpha = 4.09492e+06, CV score = -6.983032

PC 146: alpha = 8.68511e+06, CV score = -6.899427

PC 147: alpha = 8.68511e+06, CV score = -6.974648

PC 148: alpha = 8.68511e+06, CV score = -6.880582

PC 149: alpha = 8.68511e+06, CV score = -6.761244

PC 150: alpha = 4.09492e+06, CV score = -6.618679

PC 151: alpha = 4.09492e+06, CV score = -6.456141

PC 152: alpha = 8.68511e+06, CV score = -6.566128

PC 153: alpha = 8.68511e+06, CV score = -6.545919

PC 154: alpha = 8.68511e+06, CV score = -6.461469

PC 155: alpha = 8.68511e+06, CV score = -6.461674

PC 156: alpha = 8.68511e+06, CV score = -6.431220

PC 157: alpha = 8.68511e+06, CV score = -6.369592

PC 158: alpha = 8.68511e+06, CV score = -6.288836

PC 159: alpha = 8.68511e+06, CV score = -6.197646

PC 160: alpha = 8.68511e+06, CV score = -6.175754

PC 161: alpha = 8.68511e+06, CV score = -6.210990

PC 162: alpha = 8.68511e+06, CV score = -6.043331

PC 163: alpha = 8.68511e+06, CV score = -6.067309

PC 164: alpha = 4.09492e+06, CV score = -5.823538

PC 165: alpha = 8.68511e+06, CV score = -5.933892

PC 166: alpha = 8.68511e+06, CV score = -5.880040

PC 167: alpha = 8.68511e+06, CV score = -5.843664

PC 168: alpha = 8.68511e+06, CV score = -5.843811

PC 169: alpha = 4.09492e+06, CV score = -5.751816

PC 170: alpha = 8.68511e+06, CV score = -5.732498

PC 171: alpha = 4.09492e+06, CV score = -5.697516

PC 172: alpha = 4.09492e+06, CV score = -5.668775

PC 173: alpha = 4.09492e+06, CV score = -5.537472

PC 174: alpha = 8.68511e+06, CV score = -5.649075

PC 175: alpha = 4.09492e+06, CV score = -5.534964

PC 176: alpha = 4.09492e+06, CV score = -5.368942

PC 177: alpha = 8.68511e+06, CV score = -5.505934

PC 178: alpha = 8.68511e+06, CV score = -5.469951

PC 179: alpha = 8.68511e+06, CV score = -5.412309

PC 180: alpha = 4.09492e+06, CV score = -5.243305

PC 181: alpha = 8.68511e+06, CV score = -5.378962

PC 182: alpha = 8.68511e+06, CV score = -5.369042

PC 183: alpha = 8.68511e+06, CV score = -5.268821

PC 184: alpha = 8.68511e+06, CV score = -5.264522

PC 185: alpha = 4.09492e+06, CV score = -5.197454

PC 186: alpha = 8.68511e+06, CV score = -5.195088

PC 187: alpha = 8.68511e+06, CV score = -5.141703

PC 188: alpha = 8.68511e+06, CV score = -5.095667

PC 189: alpha = 8.68511e+06, CV score = -5.071341

PC 190: alpha = 8.68511e+06, CV score = -4.996927

PC 191: alpha = 8.68511e+06, CV score = -4.964107

PC 192: alpha = 8.68511e+06, CV score = -4.944923

PC 193: alpha = 8.68511e+06, CV score = -4.966475

PC 194: alpha = 8.68511e+06, CV score = -4.945468

PC 195: alpha = 4.09492e+06, CV score = -4.846313

PC 196: alpha = 4.09492e+06, CV score = -4.874710

PC 197: alpha = 4.09492e+06, CV score = -4.763308

PC 198: alpha = 8.68511e+06, CV score = -4.812959

PC 199: alpha = 8.68511e+06, CV score = -4.752537

PC 200: alpha = 8.68511e+06, CV score = -4.701736

Mean cross-validation score across PCs: -33.801439

======================================================================================

Chosen model: levit_128_classification
Number of images: 73000
Image shape: (425, 425, 3), dtype: uint8
nsdID shape: (73000,), Shared1000 shape: (73000,)
Neural data shape: (10000, 8088)
Image IDs shape: (10000,)
Number of voxels: 8088
Number of projections for SRP: 7894

Loaded target with shape (10000, 8088).
Transformed data shape: (9000, 200)
Model options for levit_128_classification: {'model_name': 'levit_128', 'train_type': 'classification', 'train_data': 'imagenet', 'model_source': 'timm', 'call': "get_timm_model('levit_128', pretrained = True)"}
Image transforms for levit_128_classification: Compose(
    Resize(size=(224, 224), interpolation=bicubic, max_size=None, antialias=True)
    MaybeToTensor()
    Normalize(mean=tensor([0.4850, 0.4560, 0.4060]), std=tensor([0.2290, 0.2240, 0.2250]))
)
Loaded model: levit_128_classification
Ordered layers from model: ['Conv2d-1', 'BatchNorm2d-1', 'ConvNorm-1', 'Hardswish-1', 'Conv2d-2', 'BatchNorm2d-2', 'ConvNorm-2', 'Hardswish-2', 'Conv2d-3', 'BatchNorm2d-3', 'ConvNorm-3', 'Hardswish-3', 'Conv2d-4', 'BatchNorm2d-4', 'ConvNorm-4', 'Identity-1', 'Linear-1', 'LinearNorm-1', 'Hardswish-4', 'Linear-3', 'LinearNorm-2', 'Attention-1', 'Identity-2', 'Linear-5', 'LinearNorm-3', 'Hardswish-5', 'Dropout-1', 'Linear-7', 'LinearNorm-4', 'LevitMlp-1', 'Identity-3', 'LevitBlock-1', 'Linear-9', 'LinearNorm-5', 'Hardswish-6', 'Linear-11', 'LinearNorm-6', 'Attention-2', 'Identity-4', 'Linear-13', 'LinearNorm-7', 'Hardswish-7', 'Dropout-2', 'Linear-15', 'LinearNorm-8', 'LevitMlp-2', 'Identity-5', 'LevitBlock-2', 'Linear-17', 'LinearNorm-9', 'Hardswish-8', 'Linear-19', 'LinearNorm-10', 'Attention-3', 'Identity-6', 'Linear-21', 'LinearNorm-11', 'Hardswish-9', 'Dropout-3', 'Linear-23', 'LinearNorm-12', 'LevitMlp-3', 'Identity-7', 'LevitBlock-3', 'Linear-25', 'LinearNorm-13', 'Hardswish-10', 'Linear-27', 'LinearNorm-14', 'Attention-4', 'Identity-8', 'Linear-29', 'LinearNorm-15', 'Hardswish-11', 'Dropout-4', 'Linear-31', 'LinearNorm-16', 'LevitMlp-4', 'Identity-9', 'LevitBlock-4', 'LevitStage-1', 'Linear-33', 'LinearNorm-17', 'Downsample-1', 'Linear-35', 'LinearNorm-18', 'Hardswish-12', 'Linear-37', 'LinearNorm-19', 'AttentionDownsample-1', 'Linear-39', 'LinearNorm-20', 'Hardswish-13', 'Dropout-5', 'Linear-41', 'LinearNorm-21', 'LevitMlp-5', 'Identity-10', 'LevitDownsample-1', 'Linear-43', 'LinearNorm-22', 'Hardswish-14', 'Linear-45', 'LinearNorm-23', 'Attention-6', 'Identity-11', 'Linear-47', 'LinearNorm-24', 'Hardswish-15', 'Dropout-6', 'Linear-49', 'LinearNorm-25', 'LevitMlp-6', 'Identity-12', 'LevitBlock-5', 'Linear-51', 'LinearNorm-26', 'Hardswish-16', 'Linear-53', 'LinearNorm-27', 'Attention-7', 'Identity-13', 'Linear-55', 'LinearNorm-28', 'Hardswish-17', 'Dropout-7', 'Linear-57', 'LinearNorm-29', 'LevitMlp-7', 'Identity-14', 'LevitBlock-6', 'Linear-59', 'LinearNorm-30', 'Hardswish-18', 'Linear-61', 'LinearNorm-31', 'Attention-8', 'Identity-15', 'Linear-63', 'LinearNorm-32', 'Hardswish-19', 'Dropout-8', 'Linear-65', 'LinearNorm-33', 'LevitMlp-8', 'Identity-16', 'LevitBlock-7', 'Linear-67', 'LinearNorm-34', 'Hardswish-20', 'Linear-69', 'LinearNorm-35', 'Attention-9', 'Identity-17', 'Linear-71', 'LinearNorm-36', 'Hardswish-21', 'Dropout-9', 'Linear-73', 'LinearNorm-37', 'LevitMlp-9', 'Identity-18', 'LevitBlock-8', 'LevitStage-2', 'Linear-75', 'LinearNorm-38', 'Downsample-4', 'Linear-77', 'LinearNorm-39', 'Hardswish-22', 'Linear-79', 'LinearNorm-40', 'AttentionDownsample-2', 'Linear-81', 'LinearNorm-41', 'Hardswish-23', 'Dropout-10', 'Linear-83', 'LinearNorm-42', 'LevitMlp-10', 'Identity-19', 'LevitDownsample-2', 'Linear-85', 'LinearNorm-43', 'Hardswish-24', 'Linear-87', 'LinearNorm-44', 'Attention-11', 'Identity-20', 'Linear-89', 'LinearNorm-45', 'Hardswish-25', 'Dropout-11', 'Linear-91', 'LinearNorm-46', 'LevitMlp-11', 'Identity-21', 'LevitBlock-9', 'Linear-93', 'LinearNorm-47', 'Hardswish-26', 'Linear-95', 'LinearNorm-48', 'Attention-12', 'Identity-22', 'Linear-97', 'LinearNorm-49', 'Hardswish-27', 'Dropout-12', 'Linear-99', 'LinearNorm-50', 'LevitMlp-12', 'Identity-23', 'LevitBlock-10', 'Linear-101', 'LinearNorm-51', 'Hardswish-28', 'Linear-103', 'LinearNorm-52', 'Attention-13', 'Identity-24', 'Linear-105', 'LinearNorm-53', 'Hardswish-29', 'Dropout-13', 'Linear-107', 'LinearNorm-54', 'LevitMlp-13', 'Identity-25', 'LevitBlock-11', 'Linear-109', 'LinearNorm-55', 'Hardswish-30', 'Linear-111', 'LinearNorm-56', 'Attention-14', 'Identity-26', 'Linear-113', 'LinearNorm-57', 'Hardswish-31', 'Dropout-14', 'Linear-115', 'LinearNorm-58', 'LevitMlp-14', 'Identity-27', 'LevitBlock-12', 'LevitStage-3', 'BatchNorm1d-59', 'Dropout-15', 'Linear-117', 'NormLinear-1', 'BatchNorm1d-60', 'Dropout-16', 'Linear-119', 'NormLinear-2', 'LevitDistilled-1']
Total number of layers: 256

==================================================
Processing layer: LevitDownsample-2 from model: levit_128_classification

For model levit_128_classification Layer LevitDownsample-2: Extracting features for 9000 images in batches of 28...
Feature extraction for model levit_128_classification layer LevitDownsample-2 completed in 202.52 seconds.
Finding best ridge alphas for 200 target PCs using 6144 features and 9000 samples.
Using alphas: 10^4 to 10^20, 50 values spaced logarithmically.
[Pipeline] ........... (step 1 of 1) Processing ridgecv, total=10.7min

Selected alpha and cross-validation score for each PC:
Finished finding best ridge alphas for each target PC.✅

PC   1: alpha = 910298, CV score = -1559.656051

PC   2: alpha = 202359, CV score = -527.751038

PC   3: alpha = 202359, CV score = -388.224023

PC   4: alpha = 202359, CV score = -217.579984

PC   5: alpha = 429193, CV score = -183.280363

PC   6: alpha = 429193, CV score = -165.371561

PC   7: alpha = 429193, CV score = -148.955360

PC   8: alpha = 910298, CV score = -149.502638

PC   9: alpha = 429193, CV score = -108.213273

PC  10: alpha = 429193, CV score = -91.138411

PC  11: alpha = 429193, CV score = -87.061548

PC  12: alpha = 202359, CV score = -61.165009

PC  13: alpha = 910298, CV score = -93.118144

PC  14: alpha = 429193, CV score = -79.617724

PC  15: alpha = 429193, CV score = -69.352605

PC  16: alpha = 910298, CV score = -74.665205

PC  17: alpha = 429193, CV score = -69.910249

PC  18: alpha = 910298, CV score = -73.715874

PC  19: alpha = 429193, CV score = -62.464179

PC  20: alpha = 910298, CV score = -64.470355

PC  21: alpha = 429193, CV score = -57.956536

PC  22: alpha = 910298, CV score = -58.102458

PC  23: alpha = 429193, CV score = -55.513854

PC  24: alpha = 910298, CV score = -55.216177

PC  25: alpha = 429193, CV score = -52.488492

PC  26: alpha = 910298, CV score = -51.789031

PC  27: alpha = 429193, CV score = -47.882073

PC  28: alpha = 910298, CV score = -47.323794

PC  29: alpha = 910298, CV score = -46.408515

PC  30: alpha = 429193, CV score = -41.380936

PC  31: alpha = 429193, CV score = -40.173226

PC  32: alpha = 429193, CV score = -38.407433

PC  33: alpha = 429193, CV score = -38.461941

PC  34: alpha = 910298, CV score = -38.800415

PC  35: alpha = 429193, CV score = -35.286192

PC  36: alpha = 910298, CV score = -34.436999

PC  37: alpha = 910298, CV score = -35.224373

PC  38: alpha = 429193, CV score = -32.013327

PC  39: alpha = 910298, CV score = -33.373775

PC  40: alpha = 910298, CV score = -30.684420

PC  41: alpha = 910298, CV score = -30.662683

PC  42: alpha = 910298, CV score = -28.776410

PC  43: alpha = 910298, CV score = -28.772321

PC  44: alpha = 910298, CV score = -28.716400

PC  45: alpha = 429193, CV score = -26.564632

PC  46: alpha = 1.9307e+06, CV score = -28.192689

PC  47: alpha = 910298, CV score = -25.746981

PC  48: alpha = 429193, CV score = -24.063842

PC  49: alpha = 429193, CV score = -24.686756

PC  50: alpha = 910298, CV score = -24.433385

PC  51: alpha = 429193, CV score = -22.265715

PC  52: alpha = 910298, CV score = -23.612912

PC  53: alpha = 429193, CV score = -22.457929

PC  54: alpha = 910298, CV score = -22.733332

PC  55: alpha = 910298, CV score = -21.523509

PC  56: alpha = 429193, CV score = -20.530326

PC  57: alpha = 429193, CV score = -20.629445

PC  58: alpha = 429193, CV score = -19.961274

PC  59: alpha = 910298, CV score = -20.431225

PC  60: alpha = 910298, CV score = -19.584433

PC  61: alpha = 910298, CV score = -19.258823

PC  62: alpha = 429193, CV score = -18.522319

PC  63: alpha = 910298, CV score = -18.396779

PC  64: alpha = 910298, CV score = -18.062849

PC  65: alpha = 429193, CV score = -15.956102

PC  66: alpha = 429193, CV score = -17.411820

PC  67: alpha = 910298, CV score = -17.558065

PC  68: alpha = 910298, CV score = -17.463501

PC  69: alpha = 910298, CV score = -16.905996

PC  70: alpha = 910298, CV score = -16.097860

PC  71: alpha = 429193, CV score = -15.969806

PC  72: alpha = 910298, CV score = -15.571678

PC  73: alpha = 910298, CV score = -15.548892

PC  74: alpha = 910298, CV score = -15.311069

PC  75: alpha = 910298, CV score = -15.234795

PC  76: alpha = 429193, CV score = -14.335863

PC  77: alpha = 910298, CV score = -14.248202

PC  78: alpha = 910298, CV score = -14.398637

PC  79: alpha = 429193, CV score = -14.070318

PC  80: alpha = 910298, CV score = -13.792573

PC  81: alpha = 910298, CV score = -13.975103

PC  82: alpha = 910298, CV score = -13.446154

PC  83: alpha = 910298, CV score = -13.294247

PC  84: alpha = 910298, CV score = -12.998744

PC  85: alpha = 910298, CV score = -12.661034

PC  86: alpha = 910298, CV score = -12.797216

PC  87: alpha = 910298, CV score = -12.637762

PC  88: alpha = 910298, CV score = -12.119429

PC  89: alpha = 910298, CV score = -12.329897

PC  90: alpha = 910298, CV score = -12.106128

PC  91: alpha = 910298, CV score = -12.117082

PC  92: alpha = 429193, CV score = -11.448719

PC  93: alpha = 910298, CV score = -11.865053

PC  94: alpha = 910298, CV score = -11.370261

PC  95: alpha = 910298, CV score = -11.432166

PC  96: alpha = 910298, CV score = -11.275507

PC  97: alpha = 910298, CV score = -11.181024

PC  98: alpha = 910298, CV score = -11.072691

PC  99: alpha = 1.9307e+06, CV score = -11.014567

PC 100: alpha = 910298, CV score = -10.654783

PC 101: alpha = 910298, CV score = -10.429695

PC 102: alpha = 429193, CV score = -9.961888

PC 103: alpha = 910298, CV score = -10.168010

PC 104: alpha = 910298, CV score = -9.856112

PC 105: alpha = 910298, CV score = -10.035791

PC 106: alpha = 910298, CV score = -9.716465

PC 107: alpha = 910298, CV score = -9.870570

PC 108: alpha = 910298, CV score = -9.670531

PC 109: alpha = 910298, CV score = -9.683991

PC 110: alpha = 910298, CV score = -9.731029

PC 111: alpha = 1.9307e+06, CV score = -9.644936

PC 112: alpha = 910298, CV score = -9.281518

PC 113: alpha = 910298, CV score = -9.470639

PC 114: alpha = 910298, CV score = -9.193921

PC 115: alpha = 910298, CV score = -8.945211

PC 116: alpha = 1.9307e+06, CV score = -9.183641

PC 117: alpha = 910298, CV score = -8.907898

PC 118: alpha = 910298, CV score = -8.845249

PC 119: alpha = 910298, CV score = -8.769372

PC 120: alpha = 910298, CV score = -8.597593

PC 121: alpha = 910298, CV score = -8.826004

PC 122: alpha = 910298, CV score = -8.522225

PC 123: alpha = 910298, CV score = -8.319450

PC 124: alpha = 1.9307e+06, CV score = -8.450429

PC 125: alpha = 910298, CV score = -8.302190

PC 126: alpha = 910298, CV score = -8.017789

PC 127: alpha = 910298, CV score = -8.084794

PC 128: alpha = 910298, CV score = -8.161389

PC 129: alpha = 910298, CV score = -7.958780

PC 130: alpha = 429193, CV score = -7.798614

PC 131: alpha = 910298, CV score = -7.722744

PC 132: alpha = 1.9307e+06, CV score = -7.934880

PC 133: alpha = 910298, CV score = -7.744046

PC 134: alpha = 910298, CV score = -7.783248

PC 135: alpha = 910298, CV score = -7.596164

PC 136: alpha = 910298, CV score = -7.424485

PC 137: alpha = 910298, CV score = -7.458893

PC 138: alpha = 910298, CV score = -7.361456

PC 139: alpha = 910298, CV score = -7.287064

PC 140: alpha = 910298, CV score = -7.080380

PC 141: alpha = 910298, CV score = -7.168571

PC 142: alpha = 910298, CV score = -7.141616

PC 143: alpha = 910298, CV score = -7.021908

PC 144: alpha = 910298, CV score = -7.056275

PC 145: alpha = 910298, CV score = -7.037814

PC 146: alpha = 910298, CV score = -6.882406

PC 147: alpha = 1.9307e+06, CV score = -6.977415

PC 148: alpha = 1.9307e+06, CV score = -6.901676

PC 149: alpha = 910298, CV score = -6.787642

PC 150: alpha = 910298, CV score = -6.643689

PC 151: alpha = 910298, CV score = -6.508956

PC 152: alpha = 910298, CV score = -6.587009

PC 153: alpha = 1.9307e+06, CV score = -6.588693

PC 154: alpha = 910298, CV score = -6.475308

PC 155: alpha = 1.9307e+06, CV score = -6.451460

PC 156: alpha = 1.9307e+06, CV score = -6.447675

PC 157: alpha = 1.9307e+06, CV score = -6.400945

PC 158: alpha = 910298, CV score = -6.294512

PC 159: alpha = 910298, CV score = -6.205495

PC 160: alpha = 910298, CV score = -6.192665

PC 161: alpha = 1.9307e+06, CV score = -6.234638

PC 162: alpha = 910298, CV score = -6.054442

PC 163: alpha = 910298, CV score = -6.075586

PC 164: alpha = 910298, CV score = -5.873164

PC 165: alpha = 910298, CV score = -5.942142

PC 166: alpha = 910298, CV score = -5.884598

PC 167: alpha = 910298, CV score = -5.845163

PC 168: alpha = 1.9307e+06, CV score = -5.855529

PC 169: alpha = 910298, CV score = -5.755973

PC 170: alpha = 910298, CV score = -5.698638

PC 171: alpha = 910298, CV score = -5.754424

PC 172: alpha = 1.9307e+06, CV score = -5.732853

PC 173: alpha = 910298, CV score = -5.537353

PC 174: alpha = 1.9307e+06, CV score = -5.646778

PC 175: alpha = 910298, CV score = -5.546883

PC 176: alpha = 910298, CV score = -5.412791

PC 177: alpha = 1.9307e+06, CV score = -5.499377

PC 178: alpha = 1.9307e+06, CV score = -5.483408

PC 179: alpha = 910298, CV score = -5.432013

PC 180: alpha = 910298, CV score = -5.274653

PC 181: alpha = 1.9307e+06, CV score = -5.406881

PC 182: alpha = 1.9307e+06, CV score = -5.388596

PC 183: alpha = 910298, CV score = -5.270955

PC 184: alpha = 1.9307e+06, CV score = -5.299219

PC 185: alpha = 910298, CV score = -5.259642

PC 186: alpha = 910298, CV score = -5.173853

PC 187: alpha = 910298, CV score = -5.143181

PC 188: alpha = 910298, CV score = -5.109659

PC 189: alpha = 910298, CV score = -5.073559

PC 190: alpha = 1.9307e+06, CV score = -5.006935

PC 191: alpha = 910298, CV score = -4.990994

PC 192: alpha = 910298, CV score = -4.954096

PC 193: alpha = 1.9307e+06, CV score = -4.978269

PC 194: alpha = 1.9307e+06, CV score = -4.959925

PC 195: alpha = 910298, CV score = -4.862742

PC 196: alpha = 1.9307e+06, CV score = -4.900800

PC 197: alpha = 910298, CV score = -4.827632

PC 198: alpha = 910298, CV score = -4.828685

PC 199: alpha = 910298, CV score = -4.746479

PC 200: alpha = 910298, CV score = -4.705678

Mean cross-validation score across PCs: -34.466981

======================================================================================

Chosen model: coat_lite_tiny_classification
Number of images: 73000
Image shape: (425, 425, 3), dtype: uint8
nsdID shape: (73000,), Shared1000 shape: (73000,)
Neural data shape: (10000, 8088)
Image IDs shape: (10000,)
Number of voxels: 8088
Number of projections for SRP: 7894

Loaded target with shape (10000, 8088).
Transformed data shape: (9000, 200)
Model options for coat_lite_tiny_classification: {'model_name': 'coat_lite_tiny', 'train_type': 'classification', 'train_data': 'imagenet', 'model_source': 'timm', 'call': "get_timm_model('coat_lite_tiny', pretrained = True)"}
Image transforms for coat_lite_tiny_classification: Compose(
    Resize(size=(224, 224), interpolation=bicubic, max_size=None, antialias=True)
    MaybeToTensor()
    Normalize(mean=tensor([0.4850, 0.4560, 0.4060]), std=tensor([0.2290, 0.2240, 0.2250]))
)
Loaded model: coat_lite_tiny_classification
Ordered layers from model: ['Conv2d-1', 'LayerNorm-1', 'PatchEmbed-1', 'Conv2d-2', 'Conv2d-3', 'Conv2d-4', 'ConvPosEnc-1', 'ConvPosEnc-2', 'ConvPosEnc-3', 'LayerNorm-2', 'Linear-1', 'Conv2d-5', 'Conv2d-6', 'Conv2d-7', 'Conv2d-8', 'Conv2d-9', 'Conv2d-10', 'Conv2d-11', 'Conv2d-12', 'Conv2d-13', 'ConvRelPosEnc-1', 'ConvRelPosEnc-2', 'ConvRelPosEnc-3', 'Linear-2', 'Dropout-1', 'FactorAttnConvRelPosEnc-1', 'Identity-1', 'LayerNorm-3', 'Linear-3', 'GELU-1', 'Dropout-2', 'Identity-2', 'Linear-4', 'Dropout-3', 'Mlp-1', 'Identity-3', 'SerialBlock-1', 'Conv2d-14', 'Conv2d-15', 'Conv2d-16', 'ConvPosEnc-4', 'ConvPosEnc-5', 'ConvPosEnc-6', 'LayerNorm-4', 'Linear-5', 'Conv2d-17', 'Conv2d-18', 'Conv2d-19', 'Conv2d-20', 'Conv2d-21', 'Conv2d-22', 'Conv2d-23', 'Conv2d-24', 'Conv2d-25', 'ConvRelPosEnc-5', 'ConvRelPosEnc-6', 'ConvRelPosEnc-7', 'Linear-6', 'Dropout-4', 'FactorAttnConvRelPosEnc-2', 'Identity-4', 'LayerNorm-5', 'Linear-7', 'GELU-2', 'Dropout-5', 'Identity-5', 'Linear-8', 'Dropout-6', 'Mlp-2', 'Identity-6', 'SerialBlock-2', 'Conv2d-26', 'LayerNorm-6', 'PatchEmbed-2', 'Conv2d-27', 'Conv2d-28', 'Conv2d-29', 'ConvPosEnc-7', 'ConvPosEnc-8', 'ConvPosEnc-9', 'LayerNorm-7', 'Linear-9', 'Conv2d-30', 'Conv2d-31', 'Conv2d-32', 'Conv2d-33', 'Conv2d-34', 'Conv2d-35', 'Conv2d-36', 'Conv2d-37', 'Conv2d-38', 'ConvRelPosEnc-9', 'ConvRelPosEnc-10', 'ConvRelPosEnc-11', 'Linear-10', 'Dropout-7', 'FactorAttnConvRelPosEnc-3', 'Identity-7', 'LayerNorm-8', 'Linear-11', 'GELU-3', 'Dropout-8', 'Identity-8', 'Linear-12', 'Dropout-9', 'Mlp-3', 'Identity-9', 'SerialBlock-3', 'Conv2d-39', 'Conv2d-40', 'Conv2d-41', 'ConvPosEnc-10', 'ConvPosEnc-11', 'ConvPosEnc-12', 'LayerNorm-9', 'Linear-13', 'Conv2d-42', 'Conv2d-43', 'Conv2d-44', 'Conv2d-45', 'Conv2d-46', 'Conv2d-47', 'Conv2d-48', 'Conv2d-49', 'Conv2d-50', 'ConvRelPosEnc-13', 'ConvRelPosEnc-14', 'ConvRelPosEnc-15', 'Linear-14', 'Dropout-10', 'FactorAttnConvRelPosEnc-4', 'Identity-10', 'LayerNorm-10', 'Linear-15', 'GELU-4', 'Dropout-11', 'Identity-11', 'Linear-16', 'Dropout-12', 'Mlp-4', 'Identity-12', 'SerialBlock-4', 'Conv2d-51', 'LayerNorm-11', 'PatchEmbed-3', 'Conv2d-52', 'Conv2d-53', 'Conv2d-54', 'ConvPosEnc-13', 'ConvPosEnc-14', 'ConvPosEnc-15', 'LayerNorm-12', 'Linear-17', 'Conv2d-55', 'Conv2d-56', 'Conv2d-57', 'Conv2d-58', 'Conv2d-59', 'Conv2d-60', 'Conv2d-61', 'Conv2d-62', 'Conv2d-63', 'ConvRelPosEnc-17', 'ConvRelPosEnc-18', 'ConvRelPosEnc-19', 'Linear-18', 'Dropout-13', 'FactorAttnConvRelPosEnc-5', 'Identity-13', 'LayerNorm-13', 'Linear-19', 'GELU-5', 'Dropout-14', 'Identity-14', 'Linear-20', 'Dropout-15', 'Mlp-5', 'Identity-15', 'SerialBlock-5', 'Conv2d-64', 'Conv2d-65', 'Conv2d-66', 'ConvPosEnc-16', 'ConvPosEnc-17', 'ConvPosEnc-18', 'LayerNorm-14', 'Linear-21', 'Conv2d-67', 'Conv2d-68', 'Conv2d-69', 'Conv2d-70', 'Conv2d-71', 'Conv2d-72', 'Conv2d-73', 'Conv2d-74', 'Conv2d-75', 'ConvRelPosEnc-21', 'ConvRelPosEnc-22', 'ConvRelPosEnc-23', 'Linear-22', 'Dropout-16', 'FactorAttnConvRelPosEnc-6', 'Identity-16', 'LayerNorm-15', 'Linear-23', 'GELU-6', 'Dropout-17', 'Identity-17', 'Linear-24', 'Dropout-18', 'Mlp-6', 'Identity-18', 'SerialBlock-6', 'Conv2d-76', 'LayerNorm-16', 'PatchEmbed-4', 'Conv2d-77', 'Conv2d-78', 'Conv2d-79', 'ConvPosEnc-19', 'ConvPosEnc-20', 'ConvPosEnc-21', 'LayerNorm-17', 'Linear-25', 'Conv2d-80', 'Conv2d-81', 'Conv2d-82', 'Conv2d-83', 'Conv2d-84', 'Conv2d-85', 'Conv2d-86', 'Conv2d-87', 'Conv2d-88', 'ConvRelPosEnc-25', 'ConvRelPosEnc-26', 'ConvRelPosEnc-27', 'Linear-26', 'Dropout-19', 'FactorAttnConvRelPosEnc-7', 'Identity-19', 'LayerNorm-18', 'Linear-27', 'GELU-7', 'Dropout-20', 'Identity-20', 'Linear-28', 'Dropout-21', 'Mlp-7', 'Identity-21', 'SerialBlock-7', 'Conv2d-89', 'Conv2d-90', 'Conv2d-91', 'ConvPosEnc-22', 'ConvPosEnc-23', 'ConvPosEnc-24', 'LayerNorm-19', 'Linear-29', 'Conv2d-92', 'Conv2d-93', 'Conv2d-94', 'Conv2d-95', 'Conv2d-96', 'Conv2d-97', 'Conv2d-98', 'Conv2d-99', 'Conv2d-100', 'ConvRelPosEnc-29', 'ConvRelPosEnc-30', 'ConvRelPosEnc-31', 'Linear-30', 'Dropout-22', 'FactorAttnConvRelPosEnc-8', 'Identity-22', 'LayerNorm-20', 'Linear-31', 'GELU-8', 'Dropout-23', 'Identity-23', 'Linear-32', 'Dropout-24', 'Mlp-8', 'Identity-24', 'SerialBlock-8', 'LayerNorm-21', 'Dropout-25', 'Linear-33', 'CoaT-1']
Total number of layers: 288

==================================================
Processing layer: ConvPosEnc-19 from model: coat_lite_tiny_classification

For model coat_lite_tiny_classification Layer ConvPosEnc-19: Extracting features for 9000 images in batches of 28...
Feature extraction for model coat_lite_tiny_classification layer ConvPosEnc-19 completed in 453.47 seconds.
Finding best ridge alphas for 200 target PCs using 16000 features and 9000 samples.
Using alphas: 10^4 to 10^20, 50 values spaced logarithmically.
[Pipeline] ........... (step 1 of 1) Processing ridgecv, total= 3.0min

Selected alpha and cross-validation score for each PC:
Finished finding best ridge alphas for each target PC.✅

PC   1: alpha = 10000, CV score = -1564.699217

PC   2: alpha = 10000, CV score = -589.069011

PC   3: alpha = 10000, CV score = -399.020952

PC   4: alpha = 10000, CV score = -229.253558

PC   5: alpha = 10000, CV score = -183.738699

PC   6: alpha = 10000, CV score = -169.239818

PC   7: alpha = 10000, CV score = -148.662643

PC   8: alpha = 10000, CV score = -148.698417

PC   9: alpha = 10000, CV score = -109.495025

PC  10: alpha = 10000, CV score = -92.017876

PC  11: alpha = 10000, CV score = -88.027142

PC  12: alpha = 10000, CV score = -63.478846

PC  13: alpha = 10000, CV score = -94.042368

PC  14: alpha = 10000, CV score = -78.923045

PC  15: alpha = 10000, CV score = -69.207267

PC  16: alpha = 10000, CV score = -74.574474

PC  17: alpha = 10000, CV score = -69.257894

PC  18: alpha = 10000, CV score = -73.174374

PC  19: alpha = 10000, CV score = -62.312573

PC  20: alpha = 10000, CV score = -64.524155

PC  21: alpha = 10000, CV score = -58.307592

PC  22: alpha = 10000, CV score = -58.127257

PC  23: alpha = 10000, CV score = -55.319526

PC  24: alpha = 10000, CV score = -54.477860

PC  25: alpha = 10000, CV score = -52.194966

PC  26: alpha = 10000, CV score = -51.685844

PC  27: alpha = 10000, CV score = -47.719730

PC  28: alpha = 10000, CV score = -47.890967

PC  29: alpha = 10000, CV score = -46.337221

PC  30: alpha = 10000, CV score = -41.657106

PC  31: alpha = 10000, CV score = -41.204087

PC  32: alpha = 10000, CV score = -38.889780

PC  33: alpha = 10000, CV score = -38.391885

PC  34: alpha = 10000, CV score = -38.629306

PC  35: alpha = 10000, CV score = -35.303420

PC  36: alpha = 10000, CV score = -34.567705

PC  37: alpha = 10000, CV score = -34.951499

PC  38: alpha = 10000, CV score = -31.952224

PC  39: alpha = 10000, CV score = -33.212941

PC  40: alpha = 10000, CV score = -30.996572

PC  41: alpha = 10000, CV score = -30.348406

PC  42: alpha = 10000, CV score = -28.720459

PC  43: alpha = 10000, CV score = -28.909130

PC  44: alpha = 10000, CV score = -28.622509

PC  45: alpha = 10000, CV score = -26.534576

PC  46: alpha = 10000, CV score = -28.020425

PC  47: alpha = 10000, CV score = -25.815934

PC  48: alpha = 10000, CV score = -23.589177

PC  49: alpha = 10000, CV score = -24.722083

PC  50: alpha = 10000, CV score = -24.194111

PC  51: alpha = 10000, CV score = -22.279262

PC  52: alpha = 10000, CV score = -23.561497

PC  53: alpha = 10000, CV score = -22.500940

PC  54: alpha = 10000, CV score = -22.548557

PC  55: alpha = 10000, CV score = -21.657122

PC  56: alpha = 10000, CV score = -20.724861

PC  57: alpha = 10000, CV score = -20.596080

PC  58: alpha = 10000, CV score = -20.083988

PC  59: alpha = 10000, CV score = -20.383187

PC  60: alpha = 10000, CV score = -19.607747

PC  61: alpha = 10000, CV score = -19.151764

PC  62: alpha = 10000, CV score = -18.346100

PC  63: alpha = 10000, CV score = -18.268142

PC  64: alpha = 10000, CV score = -17.983215

PC  65: alpha = 10000, CV score = -15.568001

PC  66: alpha = 10000, CV score = -17.522635

PC  67: alpha = 10000, CV score = -17.456337

PC  68: alpha = 10000, CV score = -17.417088

PC  69: alpha = 10000, CV score = -16.898498

PC  70: alpha = 10000, CV score = -16.264415

PC  71: alpha = 10000, CV score = -15.950413

PC  72: alpha = 10000, CV score = -15.670199

PC  73: alpha = 10000, CV score = -15.351291

PC  74: alpha = 10000, CV score = -15.297946

PC  75: alpha = 10000, CV score = -15.035467

PC  76: alpha = 10000, CV score = -14.394774

PC  77: alpha = 10000, CV score = -14.193173

PC  78: alpha = 10000, CV score = -14.323977

PC  79: alpha = 10000, CV score = -14.182991

PC  80: alpha = 10000, CV score = -13.831157

PC  81: alpha = 10000, CV score = -13.950416

PC  82: alpha = 10000, CV score = -13.499101

PC  83: alpha = 10000, CV score = -13.268187

PC  84: alpha = 10000, CV score = -12.963805

PC  85: alpha = 10000, CV score = -12.572955

PC  86: alpha = 10000, CV score = -12.762347

PC  87: alpha = 10000, CV score = -12.627457

PC  88: alpha = 10000, CV score = -12.144491

PC  89: alpha = 10000, CV score = -12.278118

PC  90: alpha = 10000, CV score = -12.092834

PC  91: alpha = 10000, CV score = -12.035168

PC  92: alpha = 10000, CV score = -11.458278

PC  93: alpha = 10000, CV score = -11.843912

PC  94: alpha = 10000, CV score = -11.419360

PC  95: alpha = 10000, CV score = -11.432262

PC  96: alpha = 10000, CV score = -11.287421

PC  97: alpha = 10000, CV score = -11.098132

PC  98: alpha = 10000, CV score = -11.049349

PC  99: alpha = 10000, CV score = -10.993500

PC 100: alpha = 10000, CV score = -10.678735

PC 101: alpha = 10000, CV score = -10.466905

PC 102: alpha = 10000, CV score = -9.927224

PC 103: alpha = 10000, CV score = -10.136598

PC 104: alpha = 10000, CV score = -9.871657

PC 105: alpha = 10000, CV score = -10.067498

PC 106: alpha = 10000, CV score = -9.761989

PC 107: alpha = 10000, CV score = -9.870896

PC 108: alpha = 10000, CV score = -9.675090

PC 109: alpha = 10000, CV score = -9.712415

PC 110: alpha = 10000, CV score = -9.738231

PC 111: alpha = 10000, CV score = -9.672137

PC 112: alpha = 10000, CV score = -9.331323

PC 113: alpha = 10000, CV score = -9.461740

PC 114: alpha = 10000, CV score = -9.180771

PC 115: alpha = 10000, CV score = -8.939025

PC 116: alpha = 10000, CV score = -9.143240

PC 117: alpha = 10000, CV score = -8.916132

PC 118: alpha = 10000, CV score = -8.842515

PC 119: alpha = 10000, CV score = -8.776729

PC 120: alpha = 10000, CV score = -8.560223

PC 121: alpha = 10000, CV score = -8.836297

PC 122: alpha = 10000, CV score = -8.450101

PC 123: alpha = 10000, CV score = -8.307363

PC 124: alpha = 10000, CV score = -8.437987

PC 125: alpha = 10000, CV score = -8.342082

PC 126: alpha = 10000, CV score = -8.031692

PC 127: alpha = 10000, CV score = -8.067136

PC 128: alpha = 10000, CV score = -8.151741

PC 129: alpha = 10000, CV score = -7.969896

PC 130: alpha = 10000, CV score = -7.806942

PC 131: alpha = 10000, CV score = -7.746034

PC 132: alpha = 10000, CV score = -7.919389

PC 133: alpha = 10000, CV score = -7.689013

PC 134: alpha = 10000, CV score = -7.788487

PC 135: alpha = 10000, CV score = -7.625026

PC 136: alpha = 10000, CV score = -7.425068

PC 137: alpha = 10000, CV score = -7.482558

PC 138: alpha = 10000, CV score = -7.369285

PC 139: alpha = 10000, CV score = -7.285881

PC 140: alpha = 10000, CV score = -7.085765

PC 141: alpha = 10000, CV score = -7.134424

PC 142: alpha = 10000, CV score = -7.176477

PC 143: alpha = 10000, CV score = -7.039157

PC 144: alpha = 10000, CV score = -7.039849

PC 145: alpha = 10000, CV score = -7.010382

PC 146: alpha = 10000, CV score = -6.918610

PC 147: alpha = 10000, CV score = -6.998636

PC 148: alpha = 10000, CV score = -6.866340

PC 149: alpha = 10000, CV score = -6.769881

PC 150: alpha = 10000, CV score = -6.646786

PC 151: alpha = 10000, CV score = -6.489863

PC 152: alpha = 10000, CV score = -6.584707

PC 153: alpha = 10000, CV score = -6.565930

PC 154: alpha = 10000, CV score = -6.472450

PC 155: alpha = 10000, CV score = -6.459319

PC 156: alpha = 10000, CV score = -6.419585

PC 157: alpha = 10000, CV score = -6.375297

PC 158: alpha = 10000, CV score = -6.320324

PC 159: alpha = 10000, CV score = -6.186553

PC 160: alpha = 10000, CV score = -6.193862

PC 161: alpha = 10000, CV score = -6.203140

PC 162: alpha = 10000, CV score = -6.032205

PC 163: alpha = 10000, CV score = -6.055405

PC 164: alpha = 10000, CV score = -5.853815

PC 165: alpha = 10000, CV score = -5.949606

PC 166: alpha = 10000, CV score = -5.889263

PC 167: alpha = 10000, CV score = -5.842515

PC 168: alpha = 10000, CV score = -5.840968

PC 169: alpha = 10000, CV score = -5.759420

PC 170: alpha = 10000, CV score = -5.731844

PC 171: alpha = 10000, CV score = -5.738876

PC 172: alpha = 10000, CV score = -5.690700

PC 173: alpha = 10000, CV score = -5.539504

PC 174: alpha = 10000, CV score = -5.646416

PC 175: alpha = 10000, CV score = -5.574172

PC 176: alpha = 10000, CV score = -5.431569

PC 177: alpha = 10000, CV score = -5.507467

PC 178: alpha = 10000, CV score = -5.482017

PC 179: alpha = 10000, CV score = -5.408372

PC 180: alpha = 10000, CV score = -5.308124

PC 181: alpha = 10000, CV score = -5.381988

PC 182: alpha = 10000, CV score = -5.378259

PC 183: alpha = 10000, CV score = -5.289075

PC 184: alpha = 10000, CV score = -5.268901

PC 185: alpha = 10000, CV score = -5.209176

PC 186: alpha = 10000, CV score = -5.196134

PC 187: alpha = 10000, CV score = -5.152204

PC 188: alpha = 10000, CV score = -5.123406

PC 189: alpha = 10000, CV score = -5.060261

PC 190: alpha = 10000, CV score = -5.001127

PC 191: alpha = 10000, CV score = -4.969700

PC 192: alpha = 10000, CV score = -4.964324

PC 193: alpha = 10000, CV score = -4.966567

PC 194: alpha = 10000, CV score = -4.949059

PC 195: alpha = 10000, CV score = -4.878437

PC 196: alpha = 10000, CV score = -4.883355

PC 197: alpha = 10000, CV score = -4.808298

PC 198: alpha = 10000, CV score = -4.834126

PC 199: alpha = 10000, CV score = -4.759454

PC 200: alpha = 10000, CV score = -4.705908

Mean cross-validation score across PCs: -34.940110

======================================================================================

Chosen model: visformer_small_classification
Number of images: 73000
Image shape: (425, 425, 3), dtype: uint8
nsdID shape: (73000,), Shared1000 shape: (73000,)
Neural data shape: (10000, 8088)
Image IDs shape: (10000,)
Number of voxels: 8088
Number of projections for SRP: 7894

Loaded target with shape (10000, 8088).
Transformed data shape: (9000, 200)
Model options for visformer_small_classification: {'model_name': 'visformer_small', 'train_type': 'classification', 'train_data': 'imagenet', 'model_source': 'timm', 'call': "get_timm_model('visformer_small', pretrained = True)"}
Image transforms for visformer_small_classification: Compose(
    Resize(size=(224, 224), interpolation=bicubic, max_size=None, antialias=True)
    MaybeToTensor()
    Normalize(mean=tensor([0.4850, 0.4560, 0.4060]), std=tensor([0.2290, 0.2240, 0.2250]))
)
Loaded model: visformer_small_classification
Ordered layers from model: ['Conv2d-1', 'BatchNorm2d-1', 'ReLU-1', 'Conv2d-2', 'BatchNorm2d-2', 'PatchEmbed-1', 'Dropout-1', 'BatchNorm2d-3', 'Conv2d-3', 'GELU-1', 'Dropout-2', 'Conv2d-4', 'GELU-2', 'Conv2d-5', 'Dropout-3', 'SpatialMlp-1', 'Identity-1', 'Block-1', 'BatchNorm2d-4', 'Conv2d-6', 'GELU-3', 'Dropout-4', 'Conv2d-7', 'GELU-4', 'Conv2d-8', 'Dropout-5', 'SpatialMlp-2', 'Identity-2', 'Block-2', 'BatchNorm2d-5', 'Conv2d-9', 'GELU-5', 'Dropout-6', 'Conv2d-10', 'GELU-6', 'Conv2d-11', 'Dropout-7', 'SpatialMlp-3', 'Identity-3', 'Block-3', 'BatchNorm2d-6', 'Conv2d-12', 'GELU-7', 'Dropout-8', 'Conv2d-13', 'GELU-8', 'Conv2d-14', 'Dropout-9', 'SpatialMlp-4', 'Identity-4', 'Block-4', 'BatchNorm2d-7', 'Conv2d-15', 'GELU-9', 'Dropout-10', 'Conv2d-16', 'GELU-10', 'Conv2d-17', 'Dropout-11', 'SpatialMlp-5', 'Identity-5', 'Block-5', 'BatchNorm2d-8', 'Conv2d-18', 'GELU-11', 'Dropout-12', 'Conv2d-19', 'GELU-12', 'Conv2d-20', 'Dropout-13', 'SpatialMlp-6', 'Identity-6', 'Block-6', 'BatchNorm2d-9', 'Conv2d-21', 'GELU-13', 'Dropout-14', 'Conv2d-22', 'GELU-14', 'Conv2d-23', 'Dropout-15', 'SpatialMlp-7', 'Identity-7', 'Block-7', 'Conv2d-24', 'BatchNorm2d-10', 'PatchEmbed-2', 'Dropout-16', 'BatchNorm2d-11', 'Conv2d-25', 'Dropout-17', 'Conv2d-26', 'Dropout-18', 'Attention-1', 'Identity-8', 'BatchNorm2d-12', 'Conv2d-27', 'GELU-15', 'Dropout-19', 'Conv2d-28', 'Dropout-20', 'SpatialMlp-8', 'Identity-9', 'Block-8', 'BatchNorm2d-13', 'Conv2d-29', 'Dropout-21', 'Conv2d-30', 'Dropout-22', 'Attention-2', 'Identity-10', 'BatchNorm2d-14', 'Conv2d-31', 'GELU-16', 'Dropout-23', 'Conv2d-32', 'Dropout-24', 'SpatialMlp-9', 'Identity-11', 'Block-9', 'BatchNorm2d-15', 'Conv2d-33', 'Dropout-25', 'Conv2d-34', 'Dropout-26', 'Attention-3', 'Identity-12', 'BatchNorm2d-16', 'Conv2d-35', 'GELU-17', 'Dropout-27', 'Conv2d-36', 'Dropout-28', 'SpatialMlp-10', 'Identity-13', 'Block-10', 'BatchNorm2d-17', 'Conv2d-37', 'Dropout-29', 'Conv2d-38', 'Dropout-30', 'Attention-4', 'Identity-14', 'BatchNorm2d-18', 'Conv2d-39', 'GELU-18', 'Dropout-31', 'Conv2d-40', 'Dropout-32', 'SpatialMlp-11', 'Identity-15', 'Block-11', 'Conv2d-41', 'BatchNorm2d-19', 'PatchEmbed-3', 'Dropout-33', 'BatchNorm2d-20', 'Conv2d-42', 'Dropout-34', 'Conv2d-43', 'Dropout-35', 'Attention-5', 'Identity-16', 'BatchNorm2d-21', 'Conv2d-44', 'GELU-19', 'Dropout-36', 'Conv2d-45', 'Dropout-37', 'SpatialMlp-12', 'Identity-17', 'Block-12', 'BatchNorm2d-22', 'Conv2d-46', 'Dropout-38', 'Conv2d-47', 'Dropout-39', 'Attention-6', 'Identity-18', 'BatchNorm2d-23', 'Conv2d-48', 'GELU-20', 'Dropout-40', 'Conv2d-49', 'Dropout-41', 'SpatialMlp-13', 'Identity-19', 'Block-13', 'BatchNorm2d-24', 'Conv2d-50', 'Dropout-42', 'Conv2d-51', 'Dropout-43', 'Attention-7', 'Identity-20', 'BatchNorm2d-25', 'Conv2d-52', 'GELU-21', 'Dropout-44', 'Conv2d-53', 'Dropout-45', 'SpatialMlp-14', 'Identity-21', 'Block-14', 'BatchNorm2d-26', 'Conv2d-54', 'Dropout-46', 'Conv2d-55', 'Dropout-47', 'Attention-8', 'Identity-22', 'BatchNorm2d-27', 'Conv2d-56', 'GELU-22', 'Dropout-48', 'Conv2d-57', 'Dropout-49', 'SpatialMlp-15', 'Identity-23', 'Block-15', 'BatchNorm2d-28', 'AdaptiveAvgPool2d-1', 'Flatten-1', 'SelectAdaptivePool2d-1', 'Dropout-50', 'Linear-1', 'Visformer-1']
Total number of layers: 227

==================================================
Processing layer: BatchNorm2d-21 from model: visformer_small_classification

For model visformer_small_classification Layer BatchNorm2d-21: Extracting features for 9000 images in batches of 28...
Feature extraction for model visformer_small_classification layer BatchNorm2d-21 completed in 747.93 seconds.
Finding best ridge alphas for 200 target PCs using 37632 features and 9000 samples.
Using alphas: 10^4 to 10^20, 50 values spaced logarithmically.
[Pipeline] ........... (step 1 of 1) Processing ridgecv, total= 4.2min

Selected alpha and cross-validation score for each PC:
Finished finding best ridge alphas for each target PC.✅

PC   1: alpha = 44984.3, CV score = -1544.201821

PC   2: alpha = 21209.5, CV score = -527.320069

PC   3: alpha = 21209.5, CV score = -343.696179

PC   4: alpha = 21209.5, CV score = -204.782867

PC   5: alpha = 44984.3, CV score = -175.167721

PC   6: alpha = 44984.3, CV score = -163.665116

PC   7: alpha = 44984.3, CV score = -143.677720

PC   8: alpha = 95409.5, CV score = -148.303679

PC   9: alpha = 44984.3, CV score = -104.706286

PC  10: alpha = 44984.3, CV score = -88.090473

PC  11: alpha = 44984.3, CV score = -85.363850

PC  12: alpha = 21209.5, CV score = -58.125847

PC  13: alpha = 95409.5, CV score = -93.493831

PC  14: alpha = 44984.3, CV score = -77.520964

PC  15: alpha = 44984.3, CV score = -67.020506

PC  16: alpha = 44984.3, CV score = -73.312860

PC  17: alpha = 44984.3, CV score = -67.906621

PC  18: alpha = 95409.5, CV score = -72.858832

PC  19: alpha = 44984.3, CV score = -61.704139

PC  20: alpha = 95409.5, CV score = -64.070144

PC  21: alpha = 95409.5, CV score = -58.105904

PC  22: alpha = 95409.5, CV score = -57.480899

PC  23: alpha = 44984.3, CV score = -54.532662

PC  24: alpha = 95409.5, CV score = -54.234278

PC  25: alpha = 44984.3, CV score = -51.349958

PC  26: alpha = 95409.5, CV score = -51.857296

PC  27: alpha = 44984.3, CV score = -47.101906

PC  28: alpha = 95409.5, CV score = -47.750296

PC  29: alpha = 95409.5, CV score = -45.822896

PC  30: alpha = 95409.5, CV score = -41.094910

PC  31: alpha = 44984.3, CV score = -39.866335

PC  32: alpha = 44984.3, CV score = -38.389325

PC  33: alpha = 95409.5, CV score = -38.187652

PC  34: alpha = 95409.5, CV score = -38.591016

PC  35: alpha = 95409.5, CV score = -34.880670

PC  36: alpha = 95409.5, CV score = -34.437339

PC  37: alpha = 95409.5, CV score = -34.970219

PC  38: alpha = 44984.3, CV score = -31.600842

PC  39: alpha = 44984.3, CV score = -32.925898

PC  40: alpha = 95409.5, CV score = -30.735869

PC  41: alpha = 95409.5, CV score = -30.216732

PC  42: alpha = 95409.5, CV score = -28.471754

PC  43: alpha = 95409.5, CV score = -28.607380

PC  44: alpha = 95409.5, CV score = -28.693298

PC  45: alpha = 44984.3, CV score = -26.179773

PC  46: alpha = 95409.5, CV score = -28.050999

PC  47: alpha = 95409.5, CV score = -25.609934

PC  48: alpha = 44984.3, CV score = -22.782480

PC  49: alpha = 95409.5, CV score = -24.407339

PC  50: alpha = 95409.5, CV score = -24.098383

PC  51: alpha = 44984.3, CV score = -21.847685

PC  52: alpha = 95409.5, CV score = -23.436535

PC  53: alpha = 44984.3, CV score = -21.940988

PC  54: alpha = 95409.5, CV score = -22.453928

PC  55: alpha = 95409.5, CV score = -21.581123

PC  56: alpha = 44984.3, CV score = -20.250736

PC  57: alpha = 44984.3, CV score = -20.486595

PC  58: alpha = 95409.5, CV score = -19.870638

PC  59: alpha = 95409.5, CV score = -20.323494

PC  60: alpha = 95409.5, CV score = -19.542016

PC  61: alpha = 95409.5, CV score = -19.025434

PC  62: alpha = 95409.5, CV score = -18.208497

PC  63: alpha = 95409.5, CV score = -18.062250

PC  64: alpha = 95409.5, CV score = -17.831899

PC  65: alpha = 44984.3, CV score = -15.122953

PC  66: alpha = 95409.5, CV score = -17.326708

PC  67: alpha = 95409.5, CV score = -17.517190

PC  68: alpha = 202359, CV score = -17.440061

PC  69: alpha = 95409.5, CV score = -16.793510

PC  70: alpha = 95409.5, CV score = -16.112220

PC  71: alpha = 44984.3, CV score = -15.665456

PC  72: alpha = 95409.5, CV score = -15.688730

PC  73: alpha = 95409.5, CV score = -15.312115

PC  74: alpha = 95409.5, CV score = -15.248322

PC  75: alpha = 95409.5, CV score = -15.116650

PC  76: alpha = 44984.3, CV score = -14.265022

PC  77: alpha = 95409.5, CV score = -14.082974

PC  78: alpha = 95409.5, CV score = -14.275046

PC  79: alpha = 95409.5, CV score = -14.051337

PC  80: alpha = 95409.5, CV score = -13.727837

PC  81: alpha = 95409.5, CV score = -13.875204

PC  82: alpha = 95409.5, CV score = -13.336841

PC  83: alpha = 95409.5, CV score = -13.236856

PC  84: alpha = 95409.5, CV score = -12.902725

PC  85: alpha = 95409.5, CV score = -12.449445

PC  86: alpha = 95409.5, CV score = -12.718297

PC  87: alpha = 95409.5, CV score = -12.550913

PC  88: alpha = 95409.5, CV score = -11.992211

PC  89: alpha = 95409.5, CV score = -12.260096

PC  90: alpha = 95409.5, CV score = -12.003937

PC  91: alpha = 95409.5, CV score = -11.991219

PC  92: alpha = 44984.3, CV score = -11.352342

PC  93: alpha = 95409.5, CV score = -11.814625

PC  94: alpha = 95409.5, CV score = -11.359176

PC  95: alpha = 95409.5, CV score = -11.347734

PC  96: alpha = 95409.5, CV score = -11.238698

PC  97: alpha = 95409.5, CV score = -11.056917

PC  98: alpha = 95409.5, CV score = -11.035109

PC  99: alpha = 202359, CV score = -10.991007

PC 100: alpha = 95409.5, CV score = -10.603550

PC 101: alpha = 95409.5, CV score = -10.401104

PC 102: alpha = 95409.5, CV score = -9.860697

PC 103: alpha = 95409.5, CV score = -10.076606

PC 104: alpha = 95409.5, CV score = -9.796644

PC 105: alpha = 95409.5, CV score = -9.944181

PC 106: alpha = 95409.5, CV score = -9.682082

PC 107: alpha = 95409.5, CV score = -9.890077

PC 108: alpha = 95409.5, CV score = -9.574868

PC 109: alpha = 95409.5, CV score = -9.646282

PC 110: alpha = 202359, CV score = -9.695972

PC 111: alpha = 202359, CV score = -9.646183

PC 112: alpha = 95409.5, CV score = -9.255993

PC 113: alpha = 95409.5, CV score = -9.433953

PC 114: alpha = 95409.5, CV score = -9.184305

PC 115: alpha = 95409.5, CV score = -8.898598

PC 116: alpha = 202359, CV score = -9.169592

PC 117: alpha = 95409.5, CV score = -8.891471

PC 118: alpha = 95409.5, CV score = -8.776777

PC 119: alpha = 95409.5, CV score = -8.750777

PC 120: alpha = 95409.5, CV score = -8.494813

PC 121: alpha = 202359, CV score = -8.771603

PC 122: alpha = 95409.5, CV score = -8.431621

PC 123: alpha = 95409.5, CV score = -8.190572

PC 124: alpha = 95409.5, CV score = -8.428227

PC 125: alpha = 202359, CV score = -8.336806

PC 126: alpha = 95409.5, CV score = -7.979684

PC 127: alpha = 95409.5, CV score = -8.006842

PC 128: alpha = 95409.5, CV score = -8.135270

PC 129: alpha = 95409.5, CV score = -7.909214

PC 130: alpha = 44984.3, CV score = -7.714294

PC 131: alpha = 95409.5, CV score = -7.681584

PC 132: alpha = 95409.5, CV score = -7.905277

PC 133: alpha = 95409.5, CV score = -7.666169

PC 134: alpha = 202359, CV score = -7.776408

PC 135: alpha = 202359, CV score = -7.620678

PC 136: alpha = 95409.5, CV score = -7.400288

PC 137: alpha = 95409.5, CV score = -7.414918

PC 138: alpha = 95409.5, CV score = -7.360355

PC 139: alpha = 95409.5, CV score = -7.263116

PC 140: alpha = 95409.5, CV score = -7.057377

PC 141: alpha = 95409.5, CV score = -7.135366

PC 142: alpha = 202359, CV score = -7.178528

PC 143: alpha = 202359, CV score = -7.036480

PC 144: alpha = 95409.5, CV score = -6.971066

PC 145: alpha = 95409.5, CV score = -7.014165

PC 146: alpha = 95409.5, CV score = -6.880014

PC 147: alpha = 202359, CV score = -6.969520

PC 148: alpha = 95409.5, CV score = -6.872195

PC 149: alpha = 95409.5, CV score = -6.739031

PC 150: alpha = 95409.5, CV score = -6.622176

PC 151: alpha = 95409.5, CV score = -6.430972

PC 152: alpha = 95409.5, CV score = -6.581645

PC 153: alpha = 202359, CV score = -6.561201

PC 154: alpha = 95409.5, CV score = -6.452568

PC 155: alpha = 202359, CV score = -6.452540

PC 156: alpha = 95409.5, CV score = -6.418370

PC 157: alpha = 202359, CV score = -6.376520

PC 158: alpha = 202359, CV score = -6.304893

PC 159: alpha = 95409.5, CV score = -6.167402

PC 160: alpha = 95409.5, CV score = -6.181785

PC 161: alpha = 202359, CV score = -6.202436

PC 162: alpha = 95409.5, CV score = -6.002276

PC 163: alpha = 95409.5, CV score = -6.043000

PC 164: alpha = 95409.5, CV score = -5.828782

PC 165: alpha = 95409.5, CV score = -5.927367

PC 166: alpha = 95409.5, CV score = -5.875194

PC 167: alpha = 95409.5, CV score = -5.842164

PC 168: alpha = 202359, CV score = -5.827175

PC 169: alpha = 95409.5, CV score = -5.724374

PC 170: alpha = 95409.5, CV score = -5.729095

PC 171: alpha = 95409.5, CV score = -5.714229

PC 172: alpha = 95409.5, CV score = -5.683383

PC 173: alpha = 95409.5, CV score = -5.502072

PC 174: alpha = 202359, CV score = -5.635646

PC 175: alpha = 95409.5, CV score = -5.544266

PC 176: alpha = 95409.5, CV score = -5.388743

PC 177: alpha = 202359, CV score = -5.505985

PC 178: alpha = 202359, CV score = -5.473040

PC 179: alpha = 95409.5, CV score = -5.404424

PC 180: alpha = 95409.5, CV score = -5.249983

PC 181: alpha = 202359, CV score = -5.372797

PC 182: alpha = 202359, CV score = -5.370522

PC 183: alpha = 202359, CV score = -5.274246

PC 184: alpha = 202359, CV score = -5.280558

PC 185: alpha = 95409.5, CV score = -5.210095

PC 186: alpha = 95409.5, CV score = -5.157698

PC 187: alpha = 202359, CV score = -5.141494

PC 188: alpha = 202359, CV score = -5.106340

PC 189: alpha = 202359, CV score = -5.065937

PC 190: alpha = 95409.5, CV score = -4.992524

PC 191: alpha = 95409.5, CV score = -4.959604

PC 192: alpha = 95409.5, CV score = -4.942079

PC 193: alpha = 202359, CV score = -4.963385

PC 194: alpha = 202359, CV score = -4.950907

PC 195: alpha = 95409.5, CV score = -4.847378

PC 196: alpha = 202359, CV score = -4.878506

PC 197: alpha = 95409.5, CV score = -4.796643

PC 198: alpha = 202359, CV score = -4.817828

PC 199: alpha = 95409.5, CV score = -4.753590

PC 200: alpha = 95409.5, CV score = -4.684483

Mean cross-validation score across PCs: -33.814433

======================================================================================

Chosen model: convit_base_classification
Number of images: 73000
Image shape: (425, 425, 3), dtype: uint8
nsdID shape: (73000,), Shared1000 shape: (73000,)
Neural data shape: (10000, 8088)
Image IDs shape: (10000,)
Number of voxels: 8088
Number of projections for SRP: 7894

Loaded target with shape (10000, 8088).
Transformed data shape: (9000, 200)
Model options for convit_base_classification: {'model_name': 'convit_base', 'train_type': 'classification', 'train_data': 'imagenet', 'model_source': 'timm', 'call': "get_timm_model('convit_base', pretrained = True)"}
Image transforms for convit_base_classification: Compose(
    Resize(size=(224, 224), interpolation=bicubic, max_size=None, antialias=True)
    MaybeToTensor()
    Normalize(mean=tensor([0.4850, 0.4560, 0.4060]), std=tensor([0.2290, 0.2240, 0.2250]))
)
Loaded model: convit_base_classification
Ordered layers from model: ['Conv2d-1', 'Identity-1', 'PatchEmbed-1', 'Dropout-1', 'LayerNorm-1', 'Linear-1', 'Linear-2', 'Dropout-2', 'Linear-3', 'Linear-4', 'Dropout-3', 'GPSA-1', 'Identity-2', 'LayerNorm-2', 'Linear-5', 'GELU-1', 'Dropout-4', 'Identity-3', 'Linear-6', 'Dropout-5', 'Mlp-1', 'Identity-4', 'Block-1', 'LayerNorm-3', 'Linear-7', 'Linear-8', 'Dropout-6', 'Linear-9', 'Linear-10', 'Dropout-7', 'GPSA-2', 'Identity-5', 'LayerNorm-4', 'Linear-11', 'GELU-2', 'Dropout-8', 'Identity-6', 'Linear-12', 'Dropout-9', 'Mlp-2', 'Identity-7', 'Block-2', 'LayerNorm-5', 'Linear-13', 'Linear-14', 'Dropout-10', 'Linear-15', 'Linear-16', 'Dropout-11', 'GPSA-3', 'Identity-8', 'LayerNorm-6', 'Linear-17', 'GELU-3', 'Dropout-12', 'Identity-9', 'Linear-18', 'Dropout-13', 'Mlp-3', 'Identity-10', 'Block-3', 'LayerNorm-7', 'Linear-19', 'Linear-20', 'Dropout-14', 'Linear-21', 'Linear-22', 'Dropout-15', 'GPSA-4', 'Identity-11', 'LayerNorm-8', 'Linear-23', 'GELU-4', 'Dropout-16', 'Identity-12', 'Linear-24', 'Dropout-17', 'Mlp-4', 'Identity-13', 'Block-4', 'LayerNorm-9', 'Linear-25', 'Linear-26', 'Dropout-18', 'Linear-27', 'Linear-28', 'Dropout-19', 'GPSA-5', 'Identity-14', 'LayerNorm-10', 'Linear-29', 'GELU-5', 'Dropout-20', 'Identity-15', 'Linear-30', 'Dropout-21', 'Mlp-5', 'Identity-16', 'Block-5', 'LayerNorm-11', 'Linear-31', 'Linear-32', 'Dropout-22', 'Linear-33', 'Linear-34', 'Dropout-23', 'GPSA-6', 'Identity-17', 'LayerNorm-12', 'Linear-35', 'GELU-6', 'Dropout-24', 'Identity-18', 'Linear-36', 'Dropout-25', 'Mlp-6', 'Identity-19', 'Block-6', 'LayerNorm-13', 'Linear-37', 'Linear-38', 'Dropout-26', 'Linear-39', 'Linear-40', 'Dropout-27', 'GPSA-7', 'Identity-20', 'LayerNorm-14', 'Linear-41', 'GELU-7', 'Dropout-28', 'Identity-21', 'Linear-42', 'Dropout-29', 'Mlp-7', 'Identity-22', 'Block-7', 'LayerNorm-15', 'Linear-43', 'Linear-44', 'Dropout-30', 'Linear-45', 'Linear-46', 'Dropout-31', 'GPSA-8', 'Identity-23', 'LayerNorm-16', 'Linear-47', 'GELU-8', 'Dropout-32', 'Identity-24', 'Linear-48', 'Dropout-33', 'Mlp-8', 'Identity-25', 'Block-8', 'LayerNorm-17', 'Linear-49', 'Linear-50', 'Dropout-34', 'Linear-51', 'Linear-52', 'Dropout-35', 'GPSA-9', 'Identity-26', 'LayerNorm-18', 'Linear-53', 'GELU-9', 'Dropout-36', 'Identity-27', 'Linear-54', 'Dropout-37', 'Mlp-9', 'Identity-28', 'Block-9', 'LayerNorm-19', 'Linear-55', 'Linear-56', 'Dropout-38', 'Linear-57', 'Linear-58', 'Dropout-39', 'GPSA-10', 'Identity-29', 'LayerNorm-20', 'Linear-59', 'GELU-10', 'Dropout-40', 'Identity-30', 'Linear-60', 'Dropout-41', 'Mlp-10', 'Identity-31', 'Block-10', 'LayerNorm-21', 'Linear-61', 'Dropout-42', 'Linear-62', 'Dropout-43', 'MHSA-1', 'Identity-32', 'LayerNorm-22', 'Linear-63', 'GELU-11', 'Dropout-44', 'Identity-33', 'Linear-64', 'Dropout-45', 'Mlp-11', 'Identity-34', 'Block-11', 'LayerNorm-23', 'Linear-65', 'Dropout-46', 'Linear-66', 'Dropout-47', 'MHSA-2', 'Identity-35', 'LayerNorm-24', 'Linear-67', 'GELU-12', 'Dropout-48', 'Identity-36', 'Linear-68', 'Dropout-49', 'Mlp-12', 'Identity-37', 'Block-12', 'LayerNorm-25', 'Dropout-50', 'Linear-69', 'ConVit-1']
Total number of layers: 232

==================================================
Processing layer: LayerNorm-22 from model: convit_base_classification

For model convit_base_classification Layer LayerNorm-22: Extracting features for 9000 images in batches of 28...
Feature extraction for model convit_base_classification layer LayerNorm-22 completed in 2277.77 seconds.
Finding best ridge alphas for 200 target PCs using 151296 features and 9000 samples.
Using alphas: 10^4 to 10^20, 50 values spaced logarithmically.
[Pipeline] ........... (step 1 of 1) Processing ridgecv, total=10.5min

Selected alpha and cross-validation score for each PC:
Finished finding best ridge alphas for each target PC.✅

PC   1: alpha = 429193, CV score = -1530.549874

PC   2: alpha = 95409.5, CV score = -535.018531

PC   3: alpha = 95409.5, CV score = -345.523839

PC   4: alpha = 95409.5, CV score = -204.805528

PC   5: alpha = 202359, CV score = -176.608537

PC   6: alpha = 202359, CV score = -164.672165

PC   7: alpha = 202359, CV score = -144.658360

PC   8: alpha = 429193, CV score = -148.900531

PC   9: alpha = 202359, CV score = -105.092283

PC  10: alpha = 202359, CV score = -87.815791

PC  11: alpha = 202359, CV score = -85.839615

PC  12: alpha = 95409.5, CV score = -58.417926

PC  13: alpha = 429193, CV score = -93.937240

PC  14: alpha = 202359, CV score = -77.691015

PC  15: alpha = 202359, CV score = -67.192886

PC  16: alpha = 429193, CV score = -73.682948

PC  17: alpha = 202359, CV score = -68.223766

PC  18: alpha = 429193, CV score = -73.016366

PC  19: alpha = 202359, CV score = -62.334461

PC  20: alpha = 429193, CV score = -63.611873

PC  21: alpha = 202359, CV score = -57.794435

PC  22: alpha = 429193, CV score = -56.808890

PC  23: alpha = 429193, CV score = -54.188478

PC  24: alpha = 429193, CV score = -54.549420

PC  25: alpha = 202359, CV score = -51.056755

PC  26: alpha = 429193, CV score = -51.416665

PC  27: alpha = 429193, CV score = -46.949635

PC  28: alpha = 429193, CV score = -47.511740

PC  29: alpha = 429193, CV score = -46.083335

PC  30: alpha = 429193, CV score = -40.915647

PC  31: alpha = 202359, CV score = -39.957893

PC  32: alpha = 202359, CV score = -38.185181

PC  33: alpha = 429193, CV score = -38.248634

PC  34: alpha = 429193, CV score = -38.500361

PC  35: alpha = 429193, CV score = -35.144053

PC  36: alpha = 429193, CV score = -34.386917

PC  37: alpha = 429193, CV score = -35.010547

PC  38: alpha = 202359, CV score = -31.602126

PC  39: alpha = 429193, CV score = -32.965273

PC  40: alpha = 429193, CV score = -30.579817

PC  41: alpha = 429193, CV score = -30.336034

PC  42: alpha = 429193, CV score = -28.606395

PC  43: alpha = 429193, CV score = -28.666358

PC  44: alpha = 429193, CV score = -28.741517

PC  45: alpha = 202359, CV score = -26.282714

PC  46: alpha = 910298, CV score = -28.050391

PC  47: alpha = 429193, CV score = -25.762224

PC  48: alpha = 95409.5, CV score = -22.601929

PC  49: alpha = 429193, CV score = -24.431033

PC  50: alpha = 429193, CV score = -24.045442

PC  51: alpha = 202359, CV score = -22.047517

PC  52: alpha = 429193, CV score = -23.423832

PC  53: alpha = 202359, CV score = -21.979278

PC  54: alpha = 429193, CV score = -22.544675

PC  55: alpha = 429193, CV score = -21.681560

PC  56: alpha = 202359, CV score = -20.298606

PC  57: alpha = 429193, CV score = -20.469873

PC  58: alpha = 429193, CV score = -19.801847

PC  59: alpha = 910298, CV score = -20.362433

PC  60: alpha = 429193, CV score = -19.469637

PC  61: alpha = 429193, CV score = -18.962802

PC  62: alpha = 429193, CV score = -18.229779

PC  63: alpha = 202359, CV score = -18.095293

PC  64: alpha = 429193, CV score = -17.931673

PC  65: alpha = 202359, CV score = -15.106193

PC  66: alpha = 429193, CV score = -17.337971

PC  67: alpha = 429193, CV score = -17.505202

PC  68: alpha = 910298, CV score = -17.473287

PC  69: alpha = 429193, CV score = -16.789811

PC  70: alpha = 429193, CV score = -16.172258

PC  71: alpha = 429193, CV score = -15.751353

PC  72: alpha = 429193, CV score = -15.571209

PC  73: alpha = 429193, CV score = -15.313348

PC  74: alpha = 429193, CV score = -15.290374

PC  75: alpha = 429193, CV score = -15.135486

PC  76: alpha = 202359, CV score = -14.314887

PC  77: alpha = 429193, CV score = -14.039804

PC  78: alpha = 429193, CV score = -14.342752

PC  79: alpha = 429193, CV score = -14.018936

PC  80: alpha = 429193, CV score = -13.784740

PC  81: alpha = 429193, CV score = -13.992697

PC  82: alpha = 429193, CV score = -13.425286

PC  83: alpha = 429193, CV score = -13.233536

PC  84: alpha = 429193, CV score = -12.881340

PC  85: alpha = 429193, CV score = -12.581291

PC  86: alpha = 910298, CV score = -12.768766

PC  87: alpha = 429193, CV score = -12.502146

PC  88: alpha = 429193, CV score = -12.086754

PC  89: alpha = 429193, CV score = -12.251375

PC  90: alpha = 429193, CV score = -11.986464

PC  91: alpha = 429193, CV score = -12.018393

PC  92: alpha = 429193, CV score = -11.448088

PC  93: alpha = 910298, CV score = -11.851677

PC  94: alpha = 429193, CV score = -11.407863

PC  95: alpha = 429193, CV score = -11.382705

PC  96: alpha = 429193, CV score = -11.258093

PC  97: alpha = 429193, CV score = -11.059811

PC  98: alpha = 910298, CV score = -11.048375

PC  99: alpha = 910298, CV score = -10.981383

PC 100: alpha = 429193, CV score = -10.627985

PC 101: alpha = 429193, CV score = -10.458719

PC 102: alpha = 202359, CV score = -9.806011

PC 103: alpha = 429193, CV score = -10.149071

PC 104: alpha = 429193, CV score = -9.804377

PC 105: alpha = 429193, CV score = -10.056331

PC 106: alpha = 429193, CV score = -9.649967

PC 107: alpha = 429193, CV score = -9.888811

PC 108: alpha = 429193, CV score = -9.669753

PC 109: alpha = 429193, CV score = -9.633236

PC 110: alpha = 910298, CV score = -9.729954

PC 111: alpha = 910298, CV score = -9.645119

PC 112: alpha = 429193, CV score = -9.229347

PC 113: alpha = 429193, CV score = -9.448560

PC 114: alpha = 429193, CV score = -9.197543

PC 115: alpha = 429193, CV score = -8.919850

PC 116: alpha = 910298, CV score = -9.169136

PC 117: alpha = 429193, CV score = -8.914890

PC 118: alpha = 429193, CV score = -8.803902

PC 119: alpha = 429193, CV score = -8.690627

PC 120: alpha = 429193, CV score = -8.531977

PC 121: alpha = 429193, CV score = -8.795059

PC 122: alpha = 429193, CV score = -8.456492

PC 123: alpha = 429193, CV score = -8.241809

PC 124: alpha = 910298, CV score = -8.427719

PC 125: alpha = 910298, CV score = -8.312957

PC 126: alpha = 429193, CV score = -7.980183

PC 127: alpha = 429193, CV score = -8.005727

PC 128: alpha = 910298, CV score = -8.170509

PC 129: alpha = 429193, CV score = -7.935067

PC 130: alpha = 202359, CV score = -7.722385

PC 131: alpha = 429193, CV score = -7.702489

PC 132: alpha = 910298, CV score = -7.909396

PC 133: alpha = 429193, CV score = -7.658981

PC 134: alpha = 910298, CV score = -7.763855

PC 135: alpha = 910298, CV score = -7.626223

PC 136: alpha = 429193, CV score = -7.412323

PC 137: alpha = 429193, CV score = -7.451173

PC 138: alpha = 429193, CV score = -7.347482

PC 139: alpha = 429193, CV score = -7.304616

PC 140: alpha = 429193, CV score = -7.074447

PC 141: alpha = 429193, CV score = -7.156979

PC 142: alpha = 910298, CV score = -7.186023

PC 143: alpha = 429193, CV score = -7.029499

PC 144: alpha = 429193, CV score = -7.047381

PC 145: alpha = 429193, CV score = -7.001347

PC 146: alpha = 429193, CV score = -6.880036

PC 147: alpha = 910298, CV score = -6.981860

PC 148: alpha = 910298, CV score = -6.888169

PC 149: alpha = 429193, CV score = -6.746070

PC 150: alpha = 429193, CV score = -6.647282

PC 151: alpha = 429193, CV score = -6.458898

PC 152: alpha = 429193, CV score = -6.577590

PC 153: alpha = 910298, CV score = -6.544355

PC 154: alpha = 429193, CV score = -6.453968

PC 155: alpha = 910298, CV score = -6.445042

PC 156: alpha = 910298, CV score = -6.439988

PC 157: alpha = 910298, CV score = -6.366033

PC 158: alpha = 910298, CV score = -6.326650

PC 159: alpha = 429193, CV score = -6.153333

PC 160: alpha = 429193, CV score = -6.186264

PC 161: alpha = 910298, CV score = -6.206418

PC 162: alpha = 910298, CV score = -6.064871

PC 163: alpha = 429193, CV score = -6.062217

PC 164: alpha = 429193, CV score = -5.870281

PC 165: alpha = 429193, CV score = -5.903847

PC 166: alpha = 910298, CV score = -5.906972

PC 167: alpha = 910298, CV score = -5.847809

PC 168: alpha = 910298, CV score = -5.840599

PC 169: alpha = 429193, CV score = -5.730088

PC 170: alpha = 910298, CV score = -5.741115

PC 171: alpha = 429193, CV score = -5.706492

PC 172: alpha = 429193, CV score = -5.690350

PC 173: alpha = 429193, CV score = -5.538002

PC 174: alpha = 910298, CV score = -5.644603

PC 175: alpha = 429193, CV score = -5.542076

PC 176: alpha = 429193, CV score = -5.391494

PC 177: alpha = 910298, CV score = -5.513348

PC 178: alpha = 910298, CV score = -5.471300

PC 179: alpha = 910298, CV score = -5.422561

PC 180: alpha = 429193, CV score = -5.270652

PC 181: alpha = 910298, CV score = -5.381843

PC 182: alpha = 910298, CV score = -5.370723

PC 183: alpha = 910298, CV score = -5.280977

PC 184: alpha = 910298, CV score = -5.258983

PC 185: alpha = 429193, CV score = -5.209869

PC 186: alpha = 910298, CV score = -5.200713

PC 187: alpha = 910298, CV score = -5.138835

PC 188: alpha = 429193, CV score = -5.099773

PC 189: alpha = 910298, CV score = -5.079374

PC 190: alpha = 910298, CV score = -5.005537

PC 191: alpha = 910298, CV score = -4.980130

PC 192: alpha = 910298, CV score = -4.970523

PC 193: alpha = 910298, CV score = -4.975246

PC 194: alpha = 910298, CV score = -4.949283

PC 195: alpha = 429193, CV score = -4.852015

PC 196: alpha = 429193, CV score = -4.885613

PC 197: alpha = 429193, CV score = -4.789910

PC 198: alpha = 910298, CV score = -4.818529

PC 199: alpha = 429193, CV score = -4.753360

PC 200: alpha = 429193, CV score = -4.688696

Mean cross-validation score across PCs: -33.831408

======================================================================================

Chosen model: RN50_clip
Number of images: 73000
Image shape: (425, 425, 3), dtype: uint8
nsdID shape: (73000,), Shared1000 shape: (73000,)
Neural data shape: (10000, 8088)
Image IDs shape: (10000,)
Number of voxels: 8088
Number of projections for SRP: 7894

Loaded target with shape (10000, 8088).
Transformed data shape: (9000, 200)
Model options for RN50_clip: {'model_name': 'RN50', 'train_type': 'clip', 'train_data': 'openai400M', 'model_source': 'clip', 'call': "get_clip_model('RN50')"}
Image transforms for RN50_clip: Compose(
    Resize(size=224, interpolation=bicubic, max_size=None, antialias=True)
    CenterCrop(size=(224, 224))
    <function _convert_image_to_rgb at 0x7f371eb420c0>
    ToTensor()
    Normalize(mean=(0.48145466, 0.4578275, 0.40821073), std=(0.26862954, 0.26130258, 0.27577711))
)
Loaded model: RN50_clip
Ordered layers from model: ['Conv2d-1', 'BatchNorm2d-1', 'ReLU-1', 'Conv2d-2', 'BatchNorm2d-2', 'ReLU-2', 'Conv2d-3', 'BatchNorm2d-3', 'ReLU-3', 'AvgPool2d-1', 'Conv2d-4', 'BatchNorm2d-4', 'ReLU-4', 'Conv2d-5', 'BatchNorm2d-5', 'ReLU-5', 'Identity-1', 'Conv2d-6', 'BatchNorm2d-6', 'AvgPool2d-2', 'Conv2d-7', 'BatchNorm2d-7', 'ReLU-6', 'Bottleneck-1', 'Conv2d-8', 'BatchNorm2d-8', 'ReLU-7', 'Conv2d-9', 'BatchNorm2d-9', 'ReLU-8', 'Identity-2', 'Conv2d-10', 'BatchNorm2d-10', 'ReLU-9', 'Bottleneck-2', 'Conv2d-11', 'BatchNorm2d-11', 'ReLU-10', 'Conv2d-12', 'BatchNorm2d-12', 'ReLU-11', 'Identity-3', 'Conv2d-13', 'BatchNorm2d-13', 'ReLU-12', 'Bottleneck-3', 'Conv2d-14', 'BatchNorm2d-14', 'ReLU-13', 'Conv2d-15', 'BatchNorm2d-15', 'ReLU-14', 'AvgPool2d-3', 'Conv2d-16', 'BatchNorm2d-16', 'AvgPool2d-4', 'Conv2d-17', 'BatchNorm2d-17', 'ReLU-15', 'Bottleneck-4', 'Conv2d-18', 'BatchNorm2d-18', 'ReLU-16', 'Conv2d-19', 'BatchNorm2d-19', 'ReLU-17', 'Identity-4', 'Conv2d-20', 'BatchNorm2d-20', 'ReLU-18', 'Bottleneck-5', 'Conv2d-21', 'BatchNorm2d-21', 'ReLU-19', 'Conv2d-22', 'BatchNorm2d-22', 'ReLU-20', 'Identity-5', 'Conv2d-23', 'BatchNorm2d-23', 'ReLU-21', 'Bottleneck-6', 'Conv2d-24', 'BatchNorm2d-24', 'ReLU-22', 'Conv2d-25', 'BatchNorm2d-25', 'ReLU-23', 'Identity-6', 'Conv2d-26', 'BatchNorm2d-26', 'ReLU-24', 'Bottleneck-7', 'Conv2d-27', 'BatchNorm2d-27', 'ReLU-25', 'Conv2d-28', 'BatchNorm2d-28', 'ReLU-26', 'AvgPool2d-5', 'Conv2d-29', 'BatchNorm2d-29', 'AvgPool2d-6', 'Conv2d-30', 'BatchNorm2d-30', 'ReLU-27', 'Bottleneck-8', 'Conv2d-31', 'BatchNorm2d-31', 'ReLU-28', 'Conv2d-32', 'BatchNorm2d-32', 'ReLU-29', 'Identity-7', 'Conv2d-33', 'BatchNorm2d-33', 'ReLU-30', 'Bottleneck-9', 'Conv2d-34', 'BatchNorm2d-34', 'ReLU-31', 'Conv2d-35', 'BatchNorm2d-35', 'ReLU-32', 'Identity-8', 'Conv2d-36', 'BatchNorm2d-36', 'ReLU-33', 'Bottleneck-10', 'Conv2d-37', 'BatchNorm2d-37', 'ReLU-34', 'Conv2d-38', 'BatchNorm2d-38', 'ReLU-35', 'Identity-9', 'Conv2d-39', 'BatchNorm2d-39', 'ReLU-36', 'Bottleneck-11', 'Conv2d-40', 'BatchNorm2d-40', 'ReLU-37', 'Conv2d-41', 'BatchNorm2d-41', 'ReLU-38', 'Identity-10', 'Conv2d-42', 'BatchNorm2d-42', 'ReLU-39', 'Bottleneck-12', 'Conv2d-43', 'BatchNorm2d-43', 'ReLU-40', 'Conv2d-44', 'BatchNorm2d-44', 'ReLU-41', 'Identity-11', 'Conv2d-45', 'BatchNorm2d-45', 'ReLU-42', 'Bottleneck-13', 'Conv2d-46', 'BatchNorm2d-46', 'ReLU-43', 'Conv2d-47', 'BatchNorm2d-47', 'ReLU-44', 'AvgPool2d-7', 'Conv2d-48', 'BatchNorm2d-48', 'AvgPool2d-8', 'Conv2d-49', 'BatchNorm2d-49', 'ReLU-45', 'Bottleneck-14', 'Conv2d-50', 'BatchNorm2d-50', 'ReLU-46', 'Conv2d-51', 'BatchNorm2d-51', 'ReLU-47', 'Identity-12', 'Conv2d-52', 'BatchNorm2d-52', 'ReLU-48', 'Bottleneck-15', 'Conv2d-53', 'BatchNorm2d-53', 'ReLU-49', 'Conv2d-54', 'BatchNorm2d-54', 'ReLU-50', 'Identity-13', 'Conv2d-55', 'BatchNorm2d-55', 'ReLU-51', 'Bottleneck-16', 'AttentionPool2d-1', 'ModifiedResNet-1']
Total number of layers: 200

==================================================
Processing layer: Conv2d-51 from model: RN50_clip

For model RN50_clip Layer Conv2d-51: Extracting features for 9000 images in batches of 28...
Feature extraction for model RN50_clip layer Conv2d-51 completed in 929.15 seconds.
Finding best ridge alphas for 200 target PCs using 25088 features and 9000 samples.
Using alphas: 10^4 to 10^20, 50 values spaced logarithmically.
[Pipeline] ........... (step 1 of 1) Processing ridgecv, total= 3.4min

Selected alpha and cross-validation score for each PC:
Finished finding best ridge alphas for each target PC.✅

PC   1: alpha = 44984.3, CV score = -1528.731229

PC   2: alpha = 21209.5, CV score = -483.564439

PC   3: alpha = 10000, CV score = -349.371538

PC   4: alpha = 10000, CV score = -205.549875

PC   5: alpha = 21209.5, CV score = -170.842977

PC   6: alpha = 21209.5, CV score = -158.361701

PC   7: alpha = 21209.5, CV score = -143.272482

PC   8: alpha = 44984.3, CV score = -147.196929

PC   9: alpha = 21209.5, CV score = -102.999846

PC  10: alpha = 21209.5, CV score = -85.972490

PC  11: alpha = 21209.5, CV score = -84.164447

PC  12: alpha = 10000, CV score = -56.964227

PC  13: alpha = 44984.3, CV score = -91.421198

PC  14: alpha = 21209.5, CV score = -76.949182

PC  15: alpha = 21209.5, CV score = -66.217358

PC  16: alpha = 44984.3, CV score = -73.553733

PC  17: alpha = 21209.5, CV score = -67.511084

PC  18: alpha = 44984.3, CV score = -73.287301

PC  19: alpha = 21209.5, CV score = -60.551910

PC  20: alpha = 44984.3, CV score = -63.784513

PC  21: alpha = 21209.5, CV score = -56.593163

PC  22: alpha = 44984.3, CV score = -57.097815

PC  23: alpha = 21209.5, CV score = -53.854590

PC  24: alpha = 44984.3, CV score = -54.249447

PC  25: alpha = 21209.5, CV score = -51.417482

PC  26: alpha = 44984.3, CV score = -51.507120

PC  27: alpha = 44984.3, CV score = -46.593719

PC  28: alpha = 44984.3, CV score = -47.202637

PC  29: alpha = 21209.5, CV score = -45.410531

PC  30: alpha = 44984.3, CV score = -40.812137

PC  31: alpha = 21209.5, CV score = -39.720986

PC  32: alpha = 21209.5, CV score = -37.453004

PC  33: alpha = 44984.3, CV score = -37.946946

PC  34: alpha = 44984.3, CV score = -38.342336

PC  35: alpha = 21209.5, CV score = -34.515009

PC  36: alpha = 44984.3, CV score = -34.394786

PC  37: alpha = 44984.3, CV score = -34.663104

PC  38: alpha = 21209.5, CV score = -31.001669

PC  39: alpha = 44984.3, CV score = -33.112142

PC  40: alpha = 44984.3, CV score = -30.337517

PC  41: alpha = 44984.3, CV score = -29.913915

PC  42: alpha = 21209.5, CV score = -28.189832

PC  43: alpha = 44984.3, CV score = -28.467715

PC  44: alpha = 44984.3, CV score = -28.496796

PC  45: alpha = 21209.5, CV score = -26.013937

PC  46: alpha = 44984.3, CV score = -27.859939

PC  47: alpha = 44984.3, CV score = -25.489872

PC  48: alpha = 21209.5, CV score = -22.821987

PC  49: alpha = 21209.5, CV score = -24.273092

PC  50: alpha = 21209.5, CV score = -23.981392

PC  51: alpha = 21209.5, CV score = -21.715166

PC  52: alpha = 44984.3, CV score = -23.345831

PC  53: alpha = 21209.5, CV score = -21.973404

PC  54: alpha = 44984.3, CV score = -22.315413

PC  55: alpha = 44984.3, CV score = -21.343946

PC  56: alpha = 21209.5, CV score = -20.112368

PC  57: alpha = 44984.3, CV score = -20.523911

PC  58: alpha = 21209.5, CV score = -19.659070

PC  59: alpha = 44984.3, CV score = -20.286402

PC  60: alpha = 44984.3, CV score = -19.301014

PC  61: alpha = 44984.3, CV score = -18.950074

PC  62: alpha = 44984.3, CV score = -18.138926

PC  63: alpha = 21209.5, CV score = -18.010909

PC  64: alpha = 44984.3, CV score = -17.748426

PC  65: alpha = 21209.5, CV score = -14.968490

PC  66: alpha = 44984.3, CV score = -17.177169

PC  67: alpha = 44984.3, CV score = -17.415859

PC  68: alpha = 95409.5, CV score = -17.405761

PC  69: alpha = 44984.3, CV score = -16.760287

PC  70: alpha = 44984.3, CV score = -15.992438

PC  71: alpha = 21209.5, CV score = -15.847533

PC  72: alpha = 44984.3, CV score = -15.499089

PC  73: alpha = 44984.3, CV score = -15.362821

PC  74: alpha = 44984.3, CV score = -15.199924

PC  75: alpha = 44984.3, CV score = -15.037136

PC  76: alpha = 21209.5, CV score = -14.091956

PC  77: alpha = 44984.3, CV score = -13.987067

PC  78: alpha = 44984.3, CV score = -14.268926

PC  79: alpha = 21209.5, CV score = -13.777027

PC  80: alpha = 44984.3, CV score = -13.678525

PC  81: alpha = 44984.3, CV score = -13.907561

PC  82: alpha = 44984.3, CV score = -13.410009

PC  83: alpha = 44984.3, CV score = -13.182486

PC  84: alpha = 44984.3, CV score = -12.888782

PC  85: alpha = 44984.3, CV score = -12.513273

PC  86: alpha = 44984.3, CV score = -12.735310

PC  87: alpha = 44984.3, CV score = -12.548737

PC  88: alpha = 44984.3, CV score = -12.045021

PC  89: alpha = 44984.3, CV score = -11.986742

PC  90: alpha = 44984.3, CV score = -12.033270

PC  91: alpha = 44984.3, CV score = -11.961882

PC  92: alpha = 21209.5, CV score = -11.337599

PC  93: alpha = 44984.3, CV score = -11.790504

PC  94: alpha = 44984.3, CV score = -11.365166

PC  95: alpha = 44984.3, CV score = -11.241166

PC  96: alpha = 44984.3, CV score = -11.168259

PC  97: alpha = 44984.3, CV score = -11.003563

PC  98: alpha = 44984.3, CV score = -11.046184

PC  99: alpha = 95409.5, CV score = -10.974484

PC 100: alpha = 44984.3, CV score = -10.678185

PC 101: alpha = 44984.3, CV score = -10.377827

PC 102: alpha = 21209.5, CV score = -9.809191

PC 103: alpha = 44984.3, CV score = -10.102949

PC 104: alpha = 44984.3, CV score = -9.769345

PC 105: alpha = 44984.3, CV score = -9.944836

PC 106: alpha = 44984.3, CV score = -9.614736

PC 107: alpha = 44984.3, CV score = -9.832082

PC 108: alpha = 44984.3, CV score = -9.551766

PC 109: alpha = 44984.3, CV score = -9.560876

PC 110: alpha = 44984.3, CV score = -9.645938

PC 111: alpha = 95409.5, CV score = -9.588475

PC 112: alpha = 44984.3, CV score = -9.241423

PC 113: alpha = 44984.3, CV score = -9.467556

PC 114: alpha = 44984.3, CV score = -9.161990

PC 115: alpha = 44984.3, CV score = -8.814205

PC 116: alpha = 95409.5, CV score = -9.148456

PC 117: alpha = 44984.3, CV score = -8.825172

PC 118: alpha = 44984.3, CV score = -8.775782

PC 119: alpha = 44984.3, CV score = -8.656700

PC 120: alpha = 44984.3, CV score = -8.525914

PC 121: alpha = 44984.3, CV score = -8.800567

PC 122: alpha = 44984.3, CV score = -8.410108

PC 123: alpha = 44984.3, CV score = -8.209142

PC 124: alpha = 44984.3, CV score = -8.368292

PC 125: alpha = 44984.3, CV score = -8.296867

PC 126: alpha = 44984.3, CV score = -7.897439

PC 127: alpha = 44984.3, CV score = -8.035654

PC 128: alpha = 95409.5, CV score = -8.138410

PC 129: alpha = 44984.3, CV score = -7.887446

PC 130: alpha = 21209.5, CV score = -7.801938

PC 131: alpha = 44984.3, CV score = -7.691796

PC 132: alpha = 95409.5, CV score = -7.910863

PC 133: alpha = 44984.3, CV score = -7.672165

PC 134: alpha = 95409.5, CV score = -7.748292

PC 135: alpha = 44984.3, CV score = -7.602685

PC 136: alpha = 44984.3, CV score = -7.374378

PC 137: alpha = 44984.3, CV score = -7.438834

PC 138: alpha = 44984.3, CV score = -7.296143

PC 139: alpha = 44984.3, CV score = -7.267130

PC 140: alpha = 44984.3, CV score = -7.020290

PC 141: alpha = 44984.3, CV score = -7.118400

PC 142: alpha = 44984.3, CV score = -7.178584

PC 143: alpha = 44984.3, CV score = -7.008394

PC 144: alpha = 44984.3, CV score = -7.009817

PC 145: alpha = 44984.3, CV score = -6.976982

PC 146: alpha = 44984.3, CV score = -6.872463

PC 147: alpha = 95409.5, CV score = -6.971360

PC 148: alpha = 44984.3, CV score = -6.846033

PC 149: alpha = 44984.3, CV score = -6.760513

PC 150: alpha = 44984.3, CV score = -6.573884

PC 151: alpha = 44984.3, CV score = -6.437536

PC 152: alpha = 44984.3, CV score = -6.537774

PC 153: alpha = 95409.5, CV score = -6.556684

PC 154: alpha = 44984.3, CV score = -6.452124

PC 155: alpha = 95409.5, CV score = -6.460495

PC 156: alpha = 95409.5, CV score = -6.440563

PC 157: alpha = 95409.5, CV score = -6.380378

PC 158: alpha = 44984.3, CV score = -6.269268

PC 159: alpha = 44984.3, CV score = -6.187257

PC 160: alpha = 44984.3, CV score = -6.179311

PC 161: alpha = 95409.5, CV score = -6.190971

PC 162: alpha = 44984.3, CV score = -6.011522

PC 163: alpha = 44984.3, CV score = -6.053213

PC 164: alpha = 44984.3, CV score = -5.819034

PC 165: alpha = 44984.3, CV score = -5.921109

PC 166: alpha = 44984.3, CV score = -5.871746

PC 167: alpha = 44984.3, CV score = -5.848989

PC 168: alpha = 44984.3, CV score = -5.835649

PC 169: alpha = 44984.3, CV score = -5.741580

PC 170: alpha = 44984.3, CV score = -5.731074

PC 171: alpha = 95409.5, CV score = -5.739218

PC 172: alpha = 44984.3, CV score = -5.692432

PC 173: alpha = 44984.3, CV score = -5.505783

PC 174: alpha = 95409.5, CV score = -5.646425

PC 175: alpha = 44984.3, CV score = -5.497941

PC 176: alpha = 44984.3, CV score = -5.381799

PC 177: alpha = 95409.5, CV score = -5.495035

PC 178: alpha = 44984.3, CV score = -5.452255

PC 179: alpha = 44984.3, CV score = -5.409278

PC 180: alpha = 44984.3, CV score = -5.266631

PC 181: alpha = 95409.5, CV score = -5.382368

PC 182: alpha = 95409.5, CV score = -5.373690

PC 183: alpha = 44984.3, CV score = -5.266983

PC 184: alpha = 95409.5, CV score = -5.270843

PC 185: alpha = 44984.3, CV score = -5.193772

PC 186: alpha = 44984.3, CV score = -5.173005

PC 187: alpha = 44984.3, CV score = -5.131440

PC 188: alpha = 44984.3, CV score = -5.071541

PC 189: alpha = 44984.3, CV score = -5.042648

PC 190: alpha = 44984.3, CV score = -5.007603

PC 191: alpha = 44984.3, CV score = -4.966483

PC 192: alpha = 44984.3, CV score = -4.933663

PC 193: alpha = 95409.5, CV score = -4.982291

PC 194: alpha = 95409.5, CV score = -4.940225

PC 195: alpha = 44984.3, CV score = -4.843839

PC 196: alpha = 44984.3, CV score = -4.837426

PC 197: alpha = 44984.3, CV score = -4.785982

PC 198: alpha = 95409.5, CV score = -4.838656

PC 199: alpha = 44984.3, CV score = -4.724184

PC 200: alpha = 44984.3, CV score = -4.684045

Mean cross-validation score across PCs: -33.373900

======================================================================================

Chosen model: RN101_clip
Number of images: 73000
Image shape: (425, 425, 3), dtype: uint8
nsdID shape: (73000,), Shared1000 shape: (73000,)
Neural data shape: (10000, 8088)
Image IDs shape: (10000,)
Number of voxels: 8088
Number of projections for SRP: 7894

Loaded target with shape (10000, 8088).
Transformed data shape: (9000, 200)
Model options for RN101_clip: {'model_name': 'RN101', 'train_type': 'clip', 'train_data': 'openai400M', 'model_source': 'clip', 'call': "get_clip_model('RN101')"}
Image transforms for RN101_clip: Compose(
    Resize(size=224, interpolation=bicubic, max_size=None, antialias=True)
    CenterCrop(size=(224, 224))
    <function _convert_image_to_rgb at 0x7f371eb420c0>
    ToTensor()
    Normalize(mean=(0.48145466, 0.4578275, 0.40821073), std=(0.26862954, 0.26130258, 0.27577711))
)
Loaded model: RN101_clip
Ordered layers from model: ['Conv2d-1', 'BatchNorm2d-1', 'ReLU-1', 'Conv2d-2', 'BatchNorm2d-2', 'ReLU-2', 'Conv2d-3', 'BatchNorm2d-3', 'ReLU-3', 'AvgPool2d-1', 'Conv2d-4', 'BatchNorm2d-4', 'ReLU-4', 'Conv2d-5', 'BatchNorm2d-5', 'ReLU-5', 'Identity-1', 'Conv2d-6', 'BatchNorm2d-6', 'AvgPool2d-2', 'Conv2d-7', 'BatchNorm2d-7', 'ReLU-6', 'Bottleneck-1', 'Conv2d-8', 'BatchNorm2d-8', 'ReLU-7', 'Conv2d-9', 'BatchNorm2d-9', 'ReLU-8', 'Identity-2', 'Conv2d-10', 'BatchNorm2d-10', 'ReLU-9', 'Bottleneck-2', 'Conv2d-11', 'BatchNorm2d-11', 'ReLU-10', 'Conv2d-12', 'BatchNorm2d-12', 'ReLU-11', 'Identity-3', 'Conv2d-13', 'BatchNorm2d-13', 'ReLU-12', 'Bottleneck-3', 'Conv2d-14', 'BatchNorm2d-14', 'ReLU-13', 'Conv2d-15', 'BatchNorm2d-15', 'ReLU-14', 'AvgPool2d-3', 'Conv2d-16', 'BatchNorm2d-16', 'AvgPool2d-4', 'Conv2d-17', 'BatchNorm2d-17', 'ReLU-15', 'Bottleneck-4', 'Conv2d-18', 'BatchNorm2d-18', 'ReLU-16', 'Conv2d-19', 'BatchNorm2d-19', 'ReLU-17', 'Identity-4', 'Conv2d-20', 'BatchNorm2d-20', 'ReLU-18', 'Bottleneck-5', 'Conv2d-21', 'BatchNorm2d-21', 'ReLU-19', 'Conv2d-22', 'BatchNorm2d-22', 'ReLU-20', 'Identity-5', 'Conv2d-23', 'BatchNorm2d-23', 'ReLU-21', 'Bottleneck-6', 'Conv2d-24', 'BatchNorm2d-24', 'ReLU-22', 'Conv2d-25', 'BatchNorm2d-25', 'ReLU-23', 'Identity-6', 'Conv2d-26', 'BatchNorm2d-26', 'ReLU-24', 'Bottleneck-7', 'Conv2d-27', 'BatchNorm2d-27', 'ReLU-25', 'Conv2d-28', 'BatchNorm2d-28', 'ReLU-26', 'AvgPool2d-5', 'Conv2d-29', 'BatchNorm2d-29', 'AvgPool2d-6', 'Conv2d-30', 'BatchNorm2d-30', 'ReLU-27', 'Bottleneck-8', 'Conv2d-31', 'BatchNorm2d-31', 'ReLU-28', 'Conv2d-32', 'BatchNorm2d-32', 'ReLU-29', 'Identity-7', 'Conv2d-33', 'BatchNorm2d-33', 'ReLU-30', 'Bottleneck-9', 'Conv2d-34', 'BatchNorm2d-34', 'ReLU-31', 'Conv2d-35', 'BatchNorm2d-35', 'ReLU-32', 'Identity-8', 'Conv2d-36', 'BatchNorm2d-36', 'ReLU-33', 'Bottleneck-10', 'Conv2d-37', 'BatchNorm2d-37', 'ReLU-34', 'Conv2d-38', 'BatchNorm2d-38', 'ReLU-35', 'Identity-9', 'Conv2d-39', 'BatchNorm2d-39', 'ReLU-36', 'Bottleneck-11', 'Conv2d-40', 'BatchNorm2d-40', 'ReLU-37', 'Conv2d-41', 'BatchNorm2d-41', 'ReLU-38', 'Identity-10', 'Conv2d-42', 'BatchNorm2d-42', 'ReLU-39', 'Bottleneck-12', 'Conv2d-43', 'BatchNorm2d-43', 'ReLU-40', 'Conv2d-44', 'BatchNorm2d-44', 'ReLU-41', 'Identity-11', 'Conv2d-45', 'BatchNorm2d-45', 'ReLU-42', 'Bottleneck-13', 'Conv2d-46', 'BatchNorm2d-46', 'ReLU-43', 'Conv2d-47', 'BatchNorm2d-47', 'ReLU-44', 'Identity-12', 'Conv2d-48', 'BatchNorm2d-48', 'ReLU-45', 'Bottleneck-14', 'Conv2d-49', 'BatchNorm2d-49', 'ReLU-46', 'Conv2d-50', 'BatchNorm2d-50', 'ReLU-47', 'Identity-13', 'Conv2d-51', 'BatchNorm2d-51', 'ReLU-48', 'Bottleneck-15', 'Conv2d-52', 'BatchNorm2d-52', 'ReLU-49', 'Conv2d-53', 'BatchNorm2d-53', 'ReLU-50', 'Identity-14', 'Conv2d-54', 'BatchNorm2d-54', 'ReLU-51', 'Bottleneck-16', 'Conv2d-55', 'BatchNorm2d-55', 'ReLU-52', 'Conv2d-56', 'BatchNorm2d-56', 'ReLU-53', 'Identity-15', 'Conv2d-57', 'BatchNorm2d-57', 'ReLU-54', 'Bottleneck-17', 'Conv2d-58', 'BatchNorm2d-58', 'ReLU-55', 'Conv2d-59', 'BatchNorm2d-59', 'ReLU-56', 'Identity-16', 'Conv2d-60', 'BatchNorm2d-60', 'ReLU-57', 'Bottleneck-18', 'Conv2d-61', 'BatchNorm2d-61', 'ReLU-58', 'Conv2d-62', 'BatchNorm2d-62', 'ReLU-59', 'Identity-17', 'Conv2d-63', 'BatchNorm2d-63', 'ReLU-60', 'Bottleneck-19', 'Conv2d-64', 'BatchNorm2d-64', 'ReLU-61', 'Conv2d-65', 'BatchNorm2d-65', 'ReLU-62', 'Identity-18', 'Conv2d-66', 'BatchNorm2d-66', 'ReLU-63', 'Bottleneck-20', 'Conv2d-67', 'BatchNorm2d-67', 'ReLU-64', 'Conv2d-68', 'BatchNorm2d-68', 'ReLU-65', 'Identity-19', 'Conv2d-69', 'BatchNorm2d-69', 'ReLU-66', 'Bottleneck-21', 'Conv2d-70', 'BatchNorm2d-70', 'ReLU-67', 'Conv2d-71', 'BatchNorm2d-71', 'ReLU-68', 'Identity-20', 'Conv2d-72', 'BatchNorm2d-72', 'ReLU-69', 'Bottleneck-22', 'Conv2d-73', 'BatchNorm2d-73', 'ReLU-70', 'Conv2d-74', 'BatchNorm2d-74', 'ReLU-71', 'Identity-21', 'Conv2d-75', 'BatchNorm2d-75', 'ReLU-72', 'Bottleneck-23', 'Conv2d-76', 'BatchNorm2d-76', 'ReLU-73', 'Conv2d-77', 'BatchNorm2d-77', 'ReLU-74', 'Identity-22', 'Conv2d-78', 'BatchNorm2d-78', 'ReLU-75', 'Bottleneck-24', 'Conv2d-79', 'BatchNorm2d-79', 'ReLU-76', 'Conv2d-80', 'BatchNorm2d-80', 'ReLU-77', 'Identity-23', 'Conv2d-81', 'BatchNorm2d-81', 'ReLU-78', 'Bottleneck-25', 'Conv2d-82', 'BatchNorm2d-82', 'ReLU-79', 'Conv2d-83', 'BatchNorm2d-83', 'ReLU-80', 'Identity-24', 'Conv2d-84', 'BatchNorm2d-84', 'ReLU-81', 'Bottleneck-26', 'Conv2d-85', 'BatchNorm2d-85', 'ReLU-82', 'Conv2d-86', 'BatchNorm2d-86', 'ReLU-83', 'Identity-25', 'Conv2d-87', 'BatchNorm2d-87', 'ReLU-84', 'Bottleneck-27', 'Conv2d-88', 'BatchNorm2d-88', 'ReLU-85', 'Conv2d-89', 'BatchNorm2d-89', 'ReLU-86', 'Identity-26', 'Conv2d-90', 'BatchNorm2d-90', 'ReLU-87', 'Bottleneck-28', 'Conv2d-91', 'BatchNorm2d-91', 'ReLU-88', 'Conv2d-92', 'BatchNorm2d-92', 'ReLU-89', 'Identity-27', 'Conv2d-93', 'BatchNorm2d-93', 'ReLU-90', 'Bottleneck-29', 'Conv2d-94', 'BatchNorm2d-94', 'ReLU-91', 'Conv2d-95', 'BatchNorm2d-95', 'ReLU-92', 'Identity-28', 'Conv2d-96', 'BatchNorm2d-96', 'ReLU-93', 'Bottleneck-30', 'Conv2d-97', 'BatchNorm2d-97', 'ReLU-94', 'Conv2d-98', 'BatchNorm2d-98', 'ReLU-95', 'AvgPool2d-7', 'Conv2d-99', 'BatchNorm2d-99', 'AvgPool2d-8', 'Conv2d-100', 'BatchNorm2d-100', 'ReLU-96', 'Bottleneck-31', 'Conv2d-101', 'BatchNorm2d-101', 'ReLU-97', 'Conv2d-102', 'BatchNorm2d-102', 'ReLU-98', 'Identity-29', 'Conv2d-103', 'BatchNorm2d-103', 'ReLU-99', 'Bottleneck-32', 'Conv2d-104', 'BatchNorm2d-104', 'ReLU-100', 'Conv2d-105', 'BatchNorm2d-105', 'ReLU-101', 'Identity-30', 'Conv2d-106', 'BatchNorm2d-106', 'ReLU-102', 'Bottleneck-33', 'AttentionPool2d-1', 'ModifiedResNet-1']
Total number of layers: 387

==================================================
Processing layer: Conv2d-102 from model: RN101_clip

For model RN101_clip Layer Conv2d-102: Extracting features for 9000 images in batches of 28...
Feature extraction for model RN101_clip layer Conv2d-102 completed in 1367.37 seconds.
Finding best ridge alphas for 200 target PCs using 25088 features and 9000 samples.
Using alphas: 10^4 to 10^20, 50 values spaced logarithmically.
[Pipeline] ........... (step 1 of 1) Processing ridgecv, total= 3.5min

Selected alpha and cross-validation score for each PC:
Finished finding best ridge alphas for each target PC.✅

PC   1: alpha = 44984.3, CV score = -1521.005243

PC   2: alpha = 21209.5, CV score = -461.624638

PC   3: alpha = 10000, CV score = -349.438317

PC   4: alpha = 10000, CV score = -209.551078

PC   5: alpha = 21209.5, CV score = -173.932546

PC   6: alpha = 21209.5, CV score = -159.015243

PC   7: alpha = 21209.5, CV score = -143.282083

PC   8: alpha = 44984.3, CV score = -146.553080

PC   9: alpha = 21209.5, CV score = -104.525801

PC  10: alpha = 21209.5, CV score = -86.983927

PC  11: alpha = 21209.5, CV score = -85.178901

PC  12: alpha = 10000, CV score = -57.275648

PC  13: alpha = 44984.3, CV score = -90.902364

PC  14: alpha = 21209.5, CV score = -77.014603

PC  15: alpha = 21209.5, CV score = -67.425991

PC  16: alpha = 44984.3, CV score = -73.451711

PC  17: alpha = 44984.3, CV score = -68.427225

PC  18: alpha = 44984.3, CV score = -73.315700

PC  19: alpha = 21209.5, CV score = -61.759002

PC  20: alpha = 44984.3, CV score = -63.941620

PC  21: alpha = 21209.5, CV score = -56.405509

PC  22: alpha = 44984.3, CV score = -57.289392

PC  23: alpha = 44984.3, CV score = -53.974270

PC  24: alpha = 44984.3, CV score = -54.285884

PC  25: alpha = 44984.3, CV score = -51.752037

PC  26: alpha = 44984.3, CV score = -51.420532

PC  27: alpha = 44984.3, CV score = -46.639813

PC  28: alpha = 44984.3, CV score = -47.039033

PC  29: alpha = 44984.3, CV score = -45.570392

PC  30: alpha = 44984.3, CV score = -40.898731

PC  31: alpha = 21209.5, CV score = -39.852765

PC  32: alpha = 21209.5, CV score = -37.793948

PC  33: alpha = 44984.3, CV score = -38.193967

PC  34: alpha = 95409.5, CV score = -38.627107

PC  35: alpha = 21209.5, CV score = -34.632728

PC  36: alpha = 44984.3, CV score = -34.259113

PC  37: alpha = 95409.5, CV score = -34.914638

PC  38: alpha = 21209.5, CV score = -31.191844

PC  39: alpha = 44984.3, CV score = -33.481229

PC  40: alpha = 44984.3, CV score = -30.412881

PC  41: alpha = 44984.3, CV score = -30.103891

PC  42: alpha = 44984.3, CV score = -28.339326

PC  43: alpha = 44984.3, CV score = -28.505129

PC  44: alpha = 95409.5, CV score = -28.536571

PC  45: alpha = 21209.5, CV score = -26.151454

PC  46: alpha = 95409.5, CV score = -27.913359

PC  47: alpha = 44984.3, CV score = -25.587065

PC  48: alpha = 21209.5, CV score = -23.101503

PC  49: alpha = 21209.5, CV score = -24.438215

PC  50: alpha = 44984.3, CV score = -24.118362

PC  51: alpha = 44984.3, CV score = -21.956073

PC  52: alpha = 44984.3, CV score = -23.302454

PC  53: alpha = 44984.3, CV score = -22.164992

PC  54: alpha = 44984.3, CV score = -22.429151

PC  55: alpha = 44984.3, CV score = -21.497762

PC  56: alpha = 44984.3, CV score = -20.050659

PC  57: alpha = 44984.3, CV score = -20.498367

PC  58: alpha = 44984.3, CV score = -19.804488

PC  59: alpha = 95409.5, CV score = -20.377938

PC  60: alpha = 44984.3, CV score = -19.385679

PC  61: alpha = 44984.3, CV score = -19.050667

PC  62: alpha = 44984.3, CV score = -18.226979

PC  63: alpha = 44984.3, CV score = -18.163567

PC  64: alpha = 44984.3, CV score = -17.844289

PC  65: alpha = 21209.5, CV score = -15.192814

PC  66: alpha = 44984.3, CV score = -17.211429

PC  67: alpha = 95409.5, CV score = -17.568598

PC  68: alpha = 95409.5, CV score = -17.398520

PC  69: alpha = 44984.3, CV score = -16.756858

PC  70: alpha = 44984.3, CV score = -15.992387

PC  71: alpha = 21209.5, CV score = -15.871442

PC  72: alpha = 44984.3, CV score = -15.622258

PC  73: alpha = 95409.5, CV score = -15.449321

PC  74: alpha = 44984.3, CV score = -15.236251

PC  75: alpha = 95409.5, CV score = -15.076151

PC  76: alpha = 44984.3, CV score = -14.243383

PC  77: alpha = 44984.3, CV score = -14.006896

PC  78: alpha = 95409.5, CV score = -14.377193

PC  79: alpha = 44984.3, CV score = -13.747994

PC  80: alpha = 44984.3, CV score = -13.682186

PC  81: alpha = 44984.3, CV score = -13.973622

PC  82: alpha = 44984.3, CV score = -13.407014

PC  83: alpha = 44984.3, CV score = -13.250890

PC  84: alpha = 44984.3, CV score = -12.982068

PC  85: alpha = 44984.3, CV score = -12.515046

PC  86: alpha = 44984.3, CV score = -12.719292

PC  87: alpha = 44984.3, CV score = -12.549522

PC  88: alpha = 44984.3, CV score = -12.077654

PC  89: alpha = 44984.3, CV score = -11.997804

PC  90: alpha = 44984.3, CV score = -12.108726

PC  91: alpha = 44984.3, CV score = -12.019425

PC  92: alpha = 21209.5, CV score = -11.308424

PC  93: alpha = 44984.3, CV score = -11.825037

PC  94: alpha = 44984.3, CV score = -11.397737

PC  95: alpha = 44984.3, CV score = -11.318941

PC  96: alpha = 44984.3, CV score = -11.211430

PC  97: alpha = 44984.3, CV score = -10.977114

PC  98: alpha = 95409.5, CV score = -11.032276

PC  99: alpha = 95409.5, CV score = -10.964340

PC 100: alpha = 44984.3, CV score = -10.685713

PC 101: alpha = 44984.3, CV score = -10.434709

PC 102: alpha = 21209.5, CV score = -9.832771

PC 103: alpha = 95409.5, CV score = -10.186004

PC 104: alpha = 44984.3, CV score = -9.783569

PC 105: alpha = 44984.3, CV score = -10.045761

PC 106: alpha = 44984.3, CV score = -9.625323

PC 107: alpha = 44984.3, CV score = -9.842273

PC 108: alpha = 44984.3, CV score = -9.589404

PC 109: alpha = 44984.3, CV score = -9.595108

PC 110: alpha = 95409.5, CV score = -9.681766

PC 111: alpha = 95409.5, CV score = -9.560010

PC 112: alpha = 44984.3, CV score = -9.255374

PC 113: alpha = 44984.3, CV score = -9.460160

PC 114: alpha = 44984.3, CV score = -9.199369

PC 115: alpha = 44984.3, CV score = -8.889512

PC 116: alpha = 95409.5, CV score = -9.191134

PC 117: alpha = 44984.3, CV score = -8.913981

PC 118: alpha = 44984.3, CV score = -8.838999

PC 119: alpha = 44984.3, CV score = -8.710164

PC 120: alpha = 44984.3, CV score = -8.573206

PC 121: alpha = 44984.3, CV score = -8.789635

PC 122: alpha = 44984.3, CV score = -8.450162

PC 123: alpha = 44984.3, CV score = -8.272068

PC 124: alpha = 95409.5, CV score = -8.404078

PC 125: alpha = 95409.5, CV score = -8.324332

PC 126: alpha = 44984.3, CV score = -7.902626

PC 127: alpha = 44984.3, CV score = -8.016739

PC 128: alpha = 95409.5, CV score = -8.128524

PC 129: alpha = 44984.3, CV score = -7.926252

PC 130: alpha = 44984.3, CV score = -7.863745

PC 131: alpha = 44984.3, CV score = -7.715886

PC 132: alpha = 95409.5, CV score = -7.915149

PC 133: alpha = 44984.3, CV score = -7.720307

PC 134: alpha = 95409.5, CV score = -7.795921

PC 135: alpha = 95409.5, CV score = -7.610388

PC 136: alpha = 44984.3, CV score = -7.365615

PC 137: alpha = 95409.5, CV score = -7.459638

PC 138: alpha = 44984.3, CV score = -7.304548

PC 139: alpha = 44984.3, CV score = -7.298529

PC 140: alpha = 44984.3, CV score = -7.056917

PC 141: alpha = 95409.5, CV score = -7.167356

PC 142: alpha = 95409.5, CV score = -7.184811

PC 143: alpha = 95409.5, CV score = -7.036928

PC 144: alpha = 44984.3, CV score = -7.074176

PC 145: alpha = 95409.5, CV score = -7.008199

PC 146: alpha = 95409.5, CV score = -6.885804

PC 147: alpha = 95409.5, CV score = -6.965103

PC 148: alpha = 44984.3, CV score = -6.855139

PC 149: alpha = 95409.5, CV score = -6.796192

PC 150: alpha = 44984.3, CV score = -6.595745

PC 151: alpha = 44984.3, CV score = -6.489554

PC 152: alpha = 44984.3, CV score = -6.535955

PC 153: alpha = 95409.5, CV score = -6.575541

PC 154: alpha = 95409.5, CV score = -6.470438

PC 155: alpha = 95409.5, CV score = -6.462690

PC 156: alpha = 95409.5, CV score = -6.464204

PC 157: alpha = 95409.5, CV score = -6.396698

PC 158: alpha = 44984.3, CV score = -6.264895

PC 159: alpha = 95409.5, CV score = -6.185998

PC 160: alpha = 44984.3, CV score = -6.186934

PC 161: alpha = 95409.5, CV score = -6.205774

PC 162: alpha = 44984.3, CV score = -6.048174

PC 163: alpha = 95409.5, CV score = -6.065419

PC 164: alpha = 44984.3, CV score = -5.872048

PC 165: alpha = 44984.3, CV score = -5.938378

PC 166: alpha = 44984.3, CV score = -5.888265

PC 167: alpha = 95409.5, CV score = -5.870262

PC 168: alpha = 95409.5, CV score = -5.826972

PC 169: alpha = 95409.5, CV score = -5.778410

PC 170: alpha = 95409.5, CV score = -5.765794

PC 171: alpha = 95409.5, CV score = -5.728415

PC 172: alpha = 95409.5, CV score = -5.707871

PC 173: alpha = 44984.3, CV score = -5.570341

PC 174: alpha = 95409.5, CV score = -5.652050

PC 175: alpha = 44984.3, CV score = -5.554369

PC 176: alpha = 44984.3, CV score = -5.379796

PC 177: alpha = 202359, CV score = -5.507438

PC 178: alpha = 95409.5, CV score = -5.471330

PC 179: alpha = 95409.5, CV score = -5.426538

PC 180: alpha = 44984.3, CV score = -5.256291

PC 181: alpha = 95409.5, CV score = -5.390866

PC 182: alpha = 95409.5, CV score = -5.369358

PC 183: alpha = 95409.5, CV score = -5.280871

PC 184: alpha = 95409.5, CV score = -5.265348

PC 185: alpha = 95409.5, CV score = -5.225561

PC 186: alpha = 44984.3, CV score = -5.151556

PC 187: alpha = 95409.5, CV score = -5.157459

PC 188: alpha = 44984.3, CV score = -5.082821

PC 189: alpha = 95409.5, CV score = -5.068300

PC 190: alpha = 95409.5, CV score = -5.030337

PC 191: alpha = 95409.5, CV score = -4.978304

PC 192: alpha = 95409.5, CV score = -4.975990

PC 193: alpha = 95409.5, CV score = -4.989335

PC 194: alpha = 95409.5, CV score = -4.956657

PC 195: alpha = 44984.3, CV score = -4.843611

PC 196: alpha = 44984.3, CV score = -4.880369

PC 197: alpha = 95409.5, CV score = -4.797238

PC 198: alpha = 95409.5, CV score = -4.840250

PC 199: alpha = 44984.3, CV score = -4.772345

PC 200: alpha = 44984.3, CV score = -4.711864

Mean cross-validation score across PCs: -33.339793

======================================================================================

Chosen model: ResNet50-SimCLR_selfsupervised
Number of images: 73000
Image shape: (425, 425, 3), dtype: uint8
nsdID shape: (73000,), Shared1000 shape: (73000,)
Neural data shape: (10000, 8088)
Image IDs shape: (10000,)
Number of voxels: 8088
Number of projections for SRP: 7894

Loaded target with shape (10000, 8088).
Transformed data shape: (9000, 200)
Model options for ResNet50-SimCLR_selfsupervised: {'model_name': 'ResNet50-SimCLR', 'train_type': 'selfsupervised', 'train_data': 'imagenet', 'model_source': 'vissl', 'call': "get_vissl_model('ResNet50-SimCLR')"}
Image transforms for ResNet50-SimCLR_selfsupervised: Compose(
    Resize(size=(224, 224), interpolation=bilinear, max_size=None, antialias=True)
    ToTensor()
    Normalize(mean=[0.485, 0.456, 0.406], std=[0.229, 0.224, 0.225])
)
Loaded model: ResNet50-SimCLR_selfsupervised
Ordered layers from model: ['Conv2d-1', 'BatchNorm2d-1', 'ReLU-1', 'MaxPool2d-1', 'Conv2d-2', 'BatchNorm2d-2', 'ReLU-2', 'Conv2d-3', 'BatchNorm2d-3', 'ReLU-3', 'Conv2d-4', 'BatchNorm2d-4', 'Conv2d-5', 'BatchNorm2d-5', 'ReLU-4', 'Bottleneck-1', 'Conv2d-6', 'BatchNorm2d-6', 'ReLU-5', 'Conv2d-7', 'BatchNorm2d-7', 'ReLU-6', 'Conv2d-8', 'BatchNorm2d-8', 'ReLU-7', 'Bottleneck-2', 'Conv2d-9', 'BatchNorm2d-9', 'ReLU-8', 'Conv2d-10', 'BatchNorm2d-10', 'ReLU-9', 'Conv2d-11', 'BatchNorm2d-11', 'ReLU-10', 'Bottleneck-3', 'Conv2d-12', 'BatchNorm2d-12', 'ReLU-11', 'Conv2d-13', 'BatchNorm2d-13', 'ReLU-12', 'Conv2d-14', 'BatchNorm2d-14', 'Conv2d-15', 'BatchNorm2d-15', 'ReLU-13', 'Bottleneck-4', 'Conv2d-16', 'BatchNorm2d-16', 'ReLU-14', 'Conv2d-17', 'BatchNorm2d-17', 'ReLU-15', 'Conv2d-18', 'BatchNorm2d-18', 'ReLU-16', 'Bottleneck-5', 'Conv2d-19', 'BatchNorm2d-19', 'ReLU-17', 'Conv2d-20', 'BatchNorm2d-20', 'ReLU-18', 'Conv2d-21', 'BatchNorm2d-21', 'ReLU-19', 'Bottleneck-6', 'Conv2d-22', 'BatchNorm2d-22', 'ReLU-20', 'Conv2d-23', 'BatchNorm2d-23', 'ReLU-21', 'Conv2d-24', 'BatchNorm2d-24', 'ReLU-22', 'Bottleneck-7', 'Conv2d-25', 'BatchNorm2d-25', 'ReLU-23', 'Conv2d-26', 'BatchNorm2d-26', 'ReLU-24', 'Conv2d-27', 'BatchNorm2d-27', 'Conv2d-28', 'BatchNorm2d-28', 'ReLU-25', 'Bottleneck-8', 'Conv2d-29', 'BatchNorm2d-29', 'ReLU-26', 'Conv2d-30', 'BatchNorm2d-30', 'ReLU-27', 'Conv2d-31', 'BatchNorm2d-31', 'ReLU-28', 'Bottleneck-9', 'Conv2d-32', 'BatchNorm2d-32', 'ReLU-29', 'Conv2d-33', 'BatchNorm2d-33', 'ReLU-30', 'Conv2d-34', 'BatchNorm2d-34', 'ReLU-31', 'Bottleneck-10', 'Conv2d-35', 'BatchNorm2d-35', 'ReLU-32', 'Conv2d-36', 'BatchNorm2d-36', 'ReLU-33', 'Conv2d-37', 'BatchNorm2d-37', 'ReLU-34', 'Bottleneck-11', 'Conv2d-38', 'BatchNorm2d-38', 'ReLU-35', 'Conv2d-39', 'BatchNorm2d-39', 'ReLU-36', 'Conv2d-40', 'BatchNorm2d-40', 'ReLU-37', 'Bottleneck-12', 'Conv2d-41', 'BatchNorm2d-41', 'ReLU-38', 'Conv2d-42', 'BatchNorm2d-42', 'ReLU-39', 'Conv2d-43', 'BatchNorm2d-43', 'ReLU-40', 'Bottleneck-13', 'Conv2d-44', 'BatchNorm2d-44', 'ReLU-41', 'Conv2d-45', 'BatchNorm2d-45', 'ReLU-42', 'Conv2d-46', 'BatchNorm2d-46', 'Conv2d-47', 'BatchNorm2d-47', 'ReLU-43', 'Bottleneck-14', 'Conv2d-48', 'BatchNorm2d-48', 'ReLU-44', 'Conv2d-49', 'BatchNorm2d-49', 'ReLU-45', 'Conv2d-50', 'BatchNorm2d-50', 'ReLU-46', 'Bottleneck-15', 'Conv2d-51', 'BatchNorm2d-51', 'ReLU-47', 'Conv2d-52', 'BatchNorm2d-52', 'ReLU-48', 'Conv2d-53', 'BatchNorm2d-53', 'ReLU-49', 'Bottleneck-16', 'AdaptiveAvgPool2d-1', 'Identity-1', 'ResNet-1']
Total number of layers: 175

==================================================
Processing layer: Conv2d-51 from model: ResNet50-SimCLR_selfsupervised

For model ResNet50-SimCLR_selfsupervised Layer Conv2d-51: Extracting features for 9000 images in batches of 28...
Feature extraction for model ResNet50-SimCLR_selfsupervised layer Conv2d-51 completed in 1353.65 seconds.
Finding best ridge alphas for 200 target PCs using 25088 features and 9000 samples.
Using alphas: 10^4 to 10^20, 50 values spaced logarithmically.
[Pipeline] ........... (step 1 of 1) Processing ridgecv, total= 3.5min

Selected alpha and cross-validation score for each PC:
Finished finding best ridge alphas for each target PC.✅

PC   1: alpha = 44984.3, CV score = -1527.009781

PC   2: alpha = 21209.5, CV score = -528.552522

PC   3: alpha = 21209.5, CV score = -347.368179

PC   4: alpha = 10000, CV score = -202.644836

PC   5: alpha = 21209.5, CV score = -177.174795

PC   6: alpha = 21209.5, CV score = -163.678383

PC   7: alpha = 21209.5, CV score = -144.134964

PC   8: alpha = 95409.5, CV score = -148.317153

PC   9: alpha = 21209.5, CV score = -106.077619

PC  10: alpha = 21209.5, CV score = -88.073363

PC  11: alpha = 21209.5, CV score = -85.537896

PC  12: alpha = 21209.5, CV score = -59.658969

PC  13: alpha = 44984.3, CV score = -92.473375

PC  14: alpha = 44984.3, CV score = -78.300378

PC  15: alpha = 21209.5, CV score = -67.509196

PC  16: alpha = 44984.3, CV score = -73.585517

PC  17: alpha = 44984.3, CV score = -69.130913

PC  18: alpha = 44984.3, CV score = -72.894073

PC  19: alpha = 44984.3, CV score = -61.498631

PC  20: alpha = 44984.3, CV score = -63.641353

PC  21: alpha = 44984.3, CV score = -57.096761

PC  22: alpha = 44984.3, CV score = -57.045312

PC  23: alpha = 44984.3, CV score = -53.858596

PC  24: alpha = 44984.3, CV score = -54.338471

PC  25: alpha = 21209.5, CV score = -50.907143

PC  26: alpha = 44984.3, CV score = -51.651907

PC  27: alpha = 44984.3, CV score = -47.197917

PC  28: alpha = 95409.5, CV score = -47.634019

PC  29: alpha = 44984.3, CV score = -45.920500

PC  30: alpha = 44984.3, CV score = -40.904943

PC  31: alpha = 21209.5, CV score = -39.707490

PC  32: alpha = 21209.5, CV score = -38.142956

PC  33: alpha = 44984.3, CV score = -37.998403

PC  34: alpha = 44984.3, CV score = -38.578991

PC  35: alpha = 44984.3, CV score = -35.166597

PC  36: alpha = 44984.3, CV score = -34.412359

PC  37: alpha = 44984.3, CV score = -34.874694

PC  38: alpha = 21209.5, CV score = -31.431291

PC  39: alpha = 44984.3, CV score = -32.989225

PC  40: alpha = 44984.3, CV score = -30.717038

PC  41: alpha = 44984.3, CV score = -30.163824

PC  42: alpha = 44984.3, CV score = -28.324047

PC  43: alpha = 44984.3, CV score = -28.520812

PC  44: alpha = 95409.5, CV score = -28.717211

PC  45: alpha = 44984.3, CV score = -25.993137

PC  46: alpha = 95409.5, CV score = -28.072983

PC  47: alpha = 44984.3, CV score = -25.642805

PC  48: alpha = 21209.5, CV score = -22.900363

PC  49: alpha = 44984.3, CV score = -24.372841

PC  50: alpha = 44984.3, CV score = -24.099630

PC  51: alpha = 21209.5, CV score = -21.896972

PC  52: alpha = 95409.5, CV score = -23.522382

PC  53: alpha = 21209.5, CV score = -21.977350

PC  54: alpha = 44984.3, CV score = -22.310911

PC  55: alpha = 44984.3, CV score = -21.624181

PC  56: alpha = 44984.3, CV score = -20.283780

PC  57: alpha = 44984.3, CV score = -20.551154

PC  58: alpha = 44984.3, CV score = -19.771066

PC  59: alpha = 95409.5, CV score = -20.326172

PC  60: alpha = 44984.3, CV score = -19.414600

PC  61: alpha = 44984.3, CV score = -19.074361

PC  62: alpha = 44984.3, CV score = -18.045731

PC  63: alpha = 44984.3, CV score = -18.026428

PC  64: alpha = 44984.3, CV score = -17.822284

PC  65: alpha = 21209.5, CV score = -15.303363

PC  66: alpha = 44984.3, CV score = -17.192704

PC  67: alpha = 44984.3, CV score = -17.464089

PC  68: alpha = 95409.5, CV score = -17.437694

PC  69: alpha = 44984.3, CV score = -16.743916

PC  70: alpha = 44984.3, CV score = -16.167574

PC  71: alpha = 44984.3, CV score = -15.846537

PC  72: alpha = 44984.3, CV score = -15.601692

PC  73: alpha = 44984.3, CV score = -15.326307

PC  74: alpha = 44984.3, CV score = -15.239909

PC  75: alpha = 95409.5, CV score = -15.127783

PC  76: alpha = 44984.3, CV score = -14.256095

PC  77: alpha = 44984.3, CV score = -13.985965

PC  78: alpha = 95409.5, CV score = -14.376505

PC  79: alpha = 44984.3, CV score = -13.827916

PC  80: alpha = 44984.3, CV score = -13.717273

PC  81: alpha = 95409.5, CV score = -13.969963

PC  82: alpha = 44984.3, CV score = -13.353975

PC  83: alpha = 44984.3, CV score = -13.157041

PC  84: alpha = 44984.3, CV score = -12.930592

PC  85: alpha = 44984.3, CV score = -12.545077

PC  86: alpha = 44984.3, CV score = -12.667524

PC  87: alpha = 95409.5, CV score = -12.601943

PC  88: alpha = 44984.3, CV score = -12.065483

PC  89: alpha = 44984.3, CV score = -12.082468

PC  90: alpha = 44984.3, CV score = -11.979505

PC  91: alpha = 44984.3, CV score = -11.973913

PC  92: alpha = 44984.3, CV score = -11.378443

PC  93: alpha = 95409.5, CV score = -11.835699

PC  94: alpha = 44984.3, CV score = -11.371375

PC  95: alpha = 44984.3, CV score = -11.360819

PC  96: alpha = 44984.3, CV score = -11.219577

PC  97: alpha = 44984.3, CV score = -11.064862

PC  98: alpha = 95409.5, CV score = -11.041795

PC  99: alpha = 95409.5, CV score = -10.963300

PC 100: alpha = 95409.5, CV score = -10.672678

PC 101: alpha = 44984.3, CV score = -10.439700

PC 102: alpha = 44984.3, CV score = -9.788498

PC 103: alpha = 44984.3, CV score = -10.111852

PC 104: alpha = 44984.3, CV score = -9.808040

PC 105: alpha = 44984.3, CV score = -9.999007

PC 106: alpha = 44984.3, CV score = -9.656401

PC 107: alpha = 44984.3, CV score = -9.873213

PC 108: alpha = 44984.3, CV score = -9.634886

PC 109: alpha = 44984.3, CV score = -9.599432

PC 110: alpha = 95409.5, CV score = -9.693704

PC 111: alpha = 95409.5, CV score = -9.632925

PC 112: alpha = 44984.3, CV score = -9.212624

PC 113: alpha = 44984.3, CV score = -9.431739

PC 114: alpha = 44984.3, CV score = -9.178344

PC 115: alpha = 44984.3, CV score = -8.892296

PC 116: alpha = 95409.5, CV score = -9.119351

PC 117: alpha = 44984.3, CV score = -8.908669

PC 118: alpha = 44984.3, CV score = -8.799982

PC 119: alpha = 44984.3, CV score = -8.718354

PC 120: alpha = 44984.3, CV score = -8.506359

PC 121: alpha = 44984.3, CV score = -8.801504

PC 122: alpha = 44984.3, CV score = -8.439072

PC 123: alpha = 44984.3, CV score = -8.254593

PC 124: alpha = 95409.5, CV score = -8.401434

PC 125: alpha = 44984.3, CV score = -8.283510

PC 126: alpha = 44984.3, CV score = -7.987259

PC 127: alpha = 44984.3, CV score = -8.011093

PC 128: alpha = 95409.5, CV score = -8.165541

PC 129: alpha = 44984.3, CV score = -7.900060

PC 130: alpha = 44984.3, CV score = -7.764413

PC 131: alpha = 44984.3, CV score = -7.699764

PC 132: alpha = 44984.3, CV score = -7.880740

PC 133: alpha = 44984.3, CV score = -7.691016

PC 134: alpha = 95409.5, CV score = -7.774179

PC 135: alpha = 95409.5, CV score = -7.631989

PC 136: alpha = 44984.3, CV score = -7.387832

PC 137: alpha = 44984.3, CV score = -7.411318

PC 138: alpha = 44984.3, CV score = -7.337408

PC 139: alpha = 44984.3, CV score = -7.261913

PC 140: alpha = 44984.3, CV score = -7.052160

PC 141: alpha = 44984.3, CV score = -7.168794

PC 142: alpha = 95409.5, CV score = -7.176024

PC 143: alpha = 44984.3, CV score = -7.020454

PC 144: alpha = 95409.5, CV score = -7.021790

PC 145: alpha = 44984.3, CV score = -6.987646

PC 146: alpha = 44984.3, CV score = -6.874874

PC 147: alpha = 95409.5, CV score = -6.959304

PC 148: alpha = 95409.5, CV score = -6.864984

PC 149: alpha = 44984.3, CV score = -6.742774

PC 150: alpha = 44984.3, CV score = -6.616916

PC 151: alpha = 44984.3, CV score = -6.476486

PC 152: alpha = 44984.3, CV score = -6.565975

PC 153: alpha = 95409.5, CV score = -6.544795

PC 154: alpha = 95409.5, CV score = -6.449304

PC 155: alpha = 95409.5, CV score = -6.454093

PC 156: alpha = 95409.5, CV score = -6.420458

PC 157: alpha = 95409.5, CV score = -6.365388

PC 158: alpha = 95409.5, CV score = -6.309292

PC 159: alpha = 95409.5, CV score = -6.171827

PC 160: alpha = 95409.5, CV score = -6.176858

PC 161: alpha = 95409.5, CV score = -6.212132

PC 162: alpha = 44984.3, CV score = -6.022762

PC 163: alpha = 95409.5, CV score = -6.061392

PC 164: alpha = 44984.3, CV score = -5.839248

PC 165: alpha = 44984.3, CV score = -5.898386

PC 166: alpha = 95409.5, CV score = -5.905278

PC 167: alpha = 95409.5, CV score = -5.844131

PC 168: alpha = 95409.5, CV score = -5.824930

PC 169: alpha = 44984.3, CV score = -5.731750

PC 170: alpha = 95409.5, CV score = -5.742903

PC 171: alpha = 95409.5, CV score = -5.723275

PC 172: alpha = 44984.3, CV score = -5.677773

PC 173: alpha = 44984.3, CV score = -5.553973

PC 174: alpha = 95409.5, CV score = -5.645089

PC 175: alpha = 44984.3, CV score = -5.534129

PC 176: alpha = 44984.3, CV score = -5.374920

PC 177: alpha = 95409.5, CV score = -5.511457

PC 178: alpha = 95409.5, CV score = -5.469456

PC 179: alpha = 95409.5, CV score = -5.403834

PC 180: alpha = 44984.3, CV score = -5.271335

PC 181: alpha = 95409.5, CV score = -5.362448

PC 182: alpha = 95409.5, CV score = -5.360549

PC 183: alpha = 95409.5, CV score = -5.251690

PC 184: alpha = 95409.5, CV score = -5.269141

PC 185: alpha = 44984.3, CV score = -5.192946

PC 186: alpha = 44984.3, CV score = -5.187764

PC 187: alpha = 95409.5, CV score = -5.150145

PC 188: alpha = 95409.5, CV score = -5.088939

PC 189: alpha = 95409.5, CV score = -5.082588

PC 190: alpha = 44984.3, CV score = -4.995174

PC 191: alpha = 95409.5, CV score = -4.964498

PC 192: alpha = 95409.5, CV score = -4.963439

PC 193: alpha = 95409.5, CV score = -4.978506

PC 194: alpha = 95409.5, CV score = -4.949848

PC 195: alpha = 44984.3, CV score = -4.837993

PC 196: alpha = 44984.3, CV score = -4.859375

PC 197: alpha = 44984.3, CV score = -4.780449

PC 198: alpha = 95409.5, CV score = -4.804879

PC 199: alpha = 44984.3, CV score = -4.729914

PC 200: alpha = 44984.3, CV score = -4.688743

Mean cross-validation score across PCs: -33.757001

======================================================================================

Chosen model: ResNet50-DeepClusterV2-2x224_selfsupervised
Number of images: 73000
Image shape: (425, 425, 3), dtype: uint8
nsdID shape: (73000,), Shared1000 shape: (73000,)
Neural data shape: (10000, 8088)
Image IDs shape: (10000,)
Number of voxels: 8088
Number of projections for SRP: 7894

Loaded target with shape (10000, 8088).
Transformed data shape: (9000, 200)
Model options for ResNet50-DeepClusterV2-2x224_selfsupervised: {'model_name': 'ResNet50-DeepClusterV2-2x224', 'train_type': 'selfsupervised', 'train_data': 'imagenet', 'model_source': 'vissl', 'call': "get_vissl_model('ResNet50-DeepClusterV2-2x224')"}
Image transforms for ResNet50-DeepClusterV2-2x224_selfsupervised: Compose(
    Resize(size=(224, 224), interpolation=bilinear, max_size=None, antialias=True)
    ToTensor()
    Normalize(mean=[0.485, 0.456, 0.406], std=[0.229, 0.224, 0.225])
)
Downloading: "https://dl.fbaipublicfiles.com/vissl/model_zoo/deepclusterv2_400ep_2x224_pretrain.pth.tar" to /home/ohadshee/.cache/torch/hub/checkpoints/deepclusterv2_400ep_2x224_pretrain.pth.tar
Loaded model: ResNet50-DeepClusterV2-2x224_selfsupervised
Ordered layers from model: ['Conv2d-1', 'BatchNorm2d-1', 'ReLU-1', 'MaxPool2d-1', 'Conv2d-2', 'BatchNorm2d-2', 'ReLU-2', 'Conv2d-3', 'BatchNorm2d-3', 'ReLU-3', 'Conv2d-4', 'BatchNorm2d-4', 'Conv2d-5', 'BatchNorm2d-5', 'ReLU-4', 'Bottleneck-1', 'Conv2d-6', 'BatchNorm2d-6', 'ReLU-5', 'Conv2d-7', 'BatchNorm2d-7', 'ReLU-6', 'Conv2d-8', 'BatchNorm2d-8', 'ReLU-7', 'Bottleneck-2', 'Conv2d-9', 'BatchNorm2d-9', 'ReLU-8', 'Conv2d-10', 'BatchNorm2d-10', 'ReLU-9', 'Conv2d-11', 'BatchNorm2d-11', 'ReLU-10', 'Bottleneck-3', 'Conv2d-12', 'BatchNorm2d-12', 'ReLU-11', 'Conv2d-13', 'BatchNorm2d-13', 'ReLU-12', 'Conv2d-14', 'BatchNorm2d-14', 'Conv2d-15', 'BatchNorm2d-15', 'ReLU-13', 'Bottleneck-4', 'Conv2d-16', 'BatchNorm2d-16', 'ReLU-14', 'Conv2d-17', 'BatchNorm2d-17', 'ReLU-15', 'Conv2d-18', 'BatchNorm2d-18', 'ReLU-16', 'Bottleneck-5', 'Conv2d-19', 'BatchNorm2d-19', 'ReLU-17', 'Conv2d-20', 'BatchNorm2d-20', 'ReLU-18', 'Conv2d-21', 'BatchNorm2d-21', 'ReLU-19', 'Bottleneck-6', 'Conv2d-22', 'BatchNorm2d-22', 'ReLU-20', 'Conv2d-23', 'BatchNorm2d-23', 'ReLU-21', 'Conv2d-24', 'BatchNorm2d-24', 'ReLU-22', 'Bottleneck-7', 'Conv2d-25', 'BatchNorm2d-25', 'ReLU-23', 'Conv2d-26', 'BatchNorm2d-26', 'ReLU-24', 'Conv2d-27', 'BatchNorm2d-27', 'Conv2d-28', 'BatchNorm2d-28', 'ReLU-25', 'Bottleneck-8', 'Conv2d-29', 'BatchNorm2d-29', 'ReLU-26', 'Conv2d-30', 'BatchNorm2d-30', 'ReLU-27', 'Conv2d-31', 'BatchNorm2d-31', 'ReLU-28', 'Bottleneck-9', 'Conv2d-32', 'BatchNorm2d-32', 'ReLU-29', 'Conv2d-33', 'BatchNorm2d-33', 'ReLU-30', 'Conv2d-34', 'BatchNorm2d-34', 'ReLU-31', 'Bottleneck-10', 'Conv2d-35', 'BatchNorm2d-35', 'ReLU-32', 'Conv2d-36', 'BatchNorm2d-36', 'ReLU-33', 'Conv2d-37', 'BatchNorm2d-37', 'ReLU-34', 'Bottleneck-11', 'Conv2d-38', 'BatchNorm2d-38', 'ReLU-35', 'Conv2d-39', 'BatchNorm2d-39', 'ReLU-36', 'Conv2d-40', 'BatchNorm2d-40', 'ReLU-37', 'Bottleneck-12', 'Conv2d-41', 'BatchNorm2d-41', 'ReLU-38', 'Conv2d-42', 'BatchNorm2d-42', 'ReLU-39', 'Conv2d-43', 'BatchNorm2d-43', 'ReLU-40', 'Bottleneck-13', 'Conv2d-44', 'BatchNorm2d-44', 'ReLU-41', 'Conv2d-45', 'BatchNorm2d-45', 'ReLU-42', 'Conv2d-46', 'BatchNorm2d-46', 'Conv2d-47', 'BatchNorm2d-47', 'ReLU-43', 'Bottleneck-14', 'Conv2d-48', 'BatchNorm2d-48', 'ReLU-44', 'Conv2d-49', 'BatchNorm2d-49', 'ReLU-45', 'Conv2d-50', 'BatchNorm2d-50', 'ReLU-46', 'Bottleneck-15', 'Conv2d-51', 'BatchNorm2d-51', 'ReLU-47', 'Conv2d-52', 'BatchNorm2d-52', 'ReLU-48', 'Conv2d-53', 'BatchNorm2d-53', 'ReLU-49', 'Bottleneck-16', 'AdaptiveAvgPool2d-1', 'Identity-1', 'ResNet-1']
Total number of layers: 175

==================================================
Processing layer: Conv2d-51 from model: ResNet50-DeepClusterV2-2x224_selfsupervised

For model ResNet50-DeepClusterV2-2x224_selfsupervised Layer Conv2d-51: Extracting features for 9000 images in batches of 28...
Feature extraction for model ResNet50-DeepClusterV2-2x224_selfsupervised layer Conv2d-51 completed in 683.65 seconds.
Finding best ridge alphas for 200 target PCs using 25088 features and 9000 samples.
Using alphas: 10^4 to 10^20, 50 values spaced logarithmically.
[Pipeline] ........... (step 1 of 1) Processing ridgecv, total= 3.3min

Selected alpha and cross-validation score for each PC:
Finished finding best ridge alphas for each target PC.✅

PC   1: alpha = 910298, CV score = -1553.311495

PC   2: alpha = 429193, CV score = -545.028504

PC   3: alpha = 202359, CV score = -357.746980

PC   4: alpha = 202359, CV score = -209.147807

PC   5: alpha = 429193, CV score = -180.178890

PC   6: alpha = 429193, CV score = -164.376944

PC   7: alpha = 429193, CV score = -145.012843

PC   8: alpha = 910298, CV score = -148.458073

PC   9: alpha = 429193, CV score = -106.658901

PC  10: alpha = 429193, CV score = -89.111203

PC  11: alpha = 429193, CV score = -86.091407

PC  12: alpha = 202359, CV score = -60.713747

PC  13: alpha = 910298, CV score = -93.311970

PC  14: alpha = 429193, CV score = -78.163715

PC  15: alpha = 429193, CV score = -68.053121

PC  16: alpha = 429193, CV score = -73.539616

PC  17: alpha = 910298, CV score = -69.274157

PC  18: alpha = 910298, CV score = -73.060489

PC  19: alpha = 429193, CV score = -61.792102

PC  20: alpha = 910298, CV score = -64.321126

PC  21: alpha = 429193, CV score = -57.470086

PC  22: alpha = 910298, CV score = -57.587052

PC  23: alpha = 429193, CV score = -54.142845

PC  24: alpha = 910298, CV score = -54.533167

PC  25: alpha = 429193, CV score = -51.322420

PC  26: alpha = 910298, CV score = -51.639782

PC  27: alpha = 429193, CV score = -47.287117

PC  28: alpha = 910298, CV score = -47.618671

PC  29: alpha = 910298, CV score = -45.999457

PC  30: alpha = 910298, CV score = -41.163758

PC  31: alpha = 429193, CV score = -40.185231

PC  32: alpha = 429193, CV score = -38.333359

PC  33: alpha = 910298, CV score = -38.285415

PC  34: alpha = 910298, CV score = -38.658110

PC  35: alpha = 910298, CV score = -35.250483

PC  36: alpha = 910298, CV score = -34.532225

PC  37: alpha = 910298, CV score = -34.824876

PC  38: alpha = 429193, CV score = -31.743861

PC  39: alpha = 910298, CV score = -33.122888

PC  40: alpha = 910298, CV score = -30.650784

PC  41: alpha = 910298, CV score = -30.284204

PC  42: alpha = 429193, CV score = -28.589836

PC  43: alpha = 910298, CV score = -28.547697

PC  44: alpha = 910298, CV score = -28.706869

PC  45: alpha = 429193, CV score = -26.151990

PC  46: alpha = 910298, CV score = -28.111789

PC  47: alpha = 910298, CV score = -25.676462

PC  48: alpha = 429193, CV score = -22.935717

PC  49: alpha = 910298, CV score = -24.504322

PC  50: alpha = 910298, CV score = -24.241508

PC  51: alpha = 429193, CV score = -22.174790

PC  52: alpha = 910298, CV score = -23.534567

PC  53: alpha = 429193, CV score = -22.111095

PC  54: alpha = 910298, CV score = -22.462101

PC  55: alpha = 910298, CV score = -21.633938

PC  56: alpha = 429193, CV score = -20.360078

PC  57: alpha = 429193, CV score = -20.471877

PC  58: alpha = 429193, CV score = -19.785852

PC  59: alpha = 910298, CV score = -20.382917

PC  60: alpha = 910298, CV score = -19.451102

PC  61: alpha = 910298, CV score = -19.106184

PC  62: alpha = 429193, CV score = -18.169695

PC  63: alpha = 910298, CV score = -18.157178

PC  64: alpha = 910298, CV score = -17.840531

PC  65: alpha = 429193, CV score = -15.399726

PC  66: alpha = 910298, CV score = -17.368808

PC  67: alpha = 910298, CV score = -17.486748

PC  68: alpha = 1.9307e+06, CV score = -17.489184

PC  69: alpha = 910298, CV score = -16.866893

PC  70: alpha = 910298, CV score = -16.203029

PC  71: alpha = 429193, CV score = -15.951887

PC  72: alpha = 910298, CV score = -15.614585

PC  73: alpha = 910298, CV score = -15.373464

PC  74: alpha = 910298, CV score = -15.298707

PC  75: alpha = 910298, CV score = -15.156209

PC  76: alpha = 910298, CV score = -14.309820

PC  77: alpha = 910298, CV score = -14.101994

PC  78: alpha = 910298, CV score = -14.389955

PC  79: alpha = 910298, CV score = -13.989960

PC  80: alpha = 910298, CV score = -13.798571

PC  81: alpha = 910298, CV score = -13.998675

PC  82: alpha = 910298, CV score = -13.428511

PC  83: alpha = 910298, CV score = -13.273856

PC  84: alpha = 910298, CV score = -12.933394

PC  85: alpha = 910298, CV score = -12.606506

PC  86: alpha = 910298, CV score = -12.753699

PC  87: alpha = 910298, CV score = -12.614673

PC  88: alpha = 910298, CV score = -12.118720

PC  89: alpha = 910298, CV score = -12.213210

PC  90: alpha = 910298, CV score = -12.019821

PC  91: alpha = 910298, CV score = -12.004409

PC  92: alpha = 910298, CV score = -11.390207

PC  93: alpha = 910298, CV score = -11.827871

PC  94: alpha = 910298, CV score = -11.395391

PC  95: alpha = 910298, CV score = -11.385819

PC  96: alpha = 910298, CV score = -11.225205

PC  97: alpha = 910298, CV score = -11.039178

PC  98: alpha = 910298, CV score = -11.047929

PC  99: alpha = 1.9307e+06, CV score = -10.986702

PC 100: alpha = 910298, CV score = -10.696284

PC 101: alpha = 910298, CV score = -10.497776

PC 102: alpha = 429193, CV score = -9.783933

PC 103: alpha = 910298, CV score = -10.155027

PC 104: alpha = 910298, CV score = -9.804749

PC 105: alpha = 910298, CV score = -10.026294

PC 106: alpha = 910298, CV score = -9.684448

PC 107: alpha = 910298, CV score = -9.870288

PC 108: alpha = 910298, CV score = -9.657336

PC 109: alpha = 910298, CV score = -9.669765

PC 110: alpha = 1.9307e+06, CV score = -9.698687

PC 111: alpha = 1.9307e+06, CV score = -9.673222

PC 112: alpha = 910298, CV score = -9.222405

PC 113: alpha = 910298, CV score = -9.426481

PC 114: alpha = 910298, CV score = -9.167141

PC 115: alpha = 910298, CV score = -8.891145

PC 116: alpha = 910298, CV score = -9.147877

PC 117: alpha = 910298, CV score = -8.909255

PC 118: alpha = 910298, CV score = -8.804578

PC 119: alpha = 910298, CV score = -8.755017

PC 120: alpha = 910298, CV score = -8.525083

PC 121: alpha = 1.9307e+06, CV score = -8.804587

PC 122: alpha = 910298, CV score = -8.468308

PC 123: alpha = 910298, CV score = -8.258317

PC 124: alpha = 1.9307e+06, CV score = -8.423349

PC 125: alpha = 910298, CV score = -8.303116

PC 126: alpha = 910298, CV score = -8.065222

PC 127: alpha = 910298, CV score = -8.033553

PC 128: alpha = 1.9307e+06, CV score = -8.194692

PC 129: alpha = 910298, CV score = -7.933345

PC 130: alpha = 910298, CV score = -7.793884

PC 131: alpha = 910298, CV score = -7.702378

PC 132: alpha = 1.9307e+06, CV score = -7.931502

PC 133: alpha = 910298, CV score = -7.707818

PC 134: alpha = 1.9307e+06, CV score = -7.774239

PC 135: alpha = 910298, CV score = -7.629809

PC 136: alpha = 910298, CV score = -7.404945

PC 137: alpha = 1.9307e+06, CV score = -7.455539

PC 138: alpha = 910298, CV score = -7.365114

PC 139: alpha = 910298, CV score = -7.303075

PC 140: alpha = 910298, CV score = -7.069979

PC 141: alpha = 910298, CV score = -7.178967

PC 142: alpha = 1.9307e+06, CV score = -7.206238

PC 143: alpha = 910298, CV score = -7.058754

PC 144: alpha = 910298, CV score = -7.015922

PC 145: alpha = 910298, CV score = -6.987723

PC 146: alpha = 910298, CV score = -6.869934

PC 147: alpha = 1.9307e+06, CV score = -6.978434

PC 148: alpha = 1.9307e+06, CV score = -6.875633

PC 149: alpha = 910298, CV score = -6.779699

PC 150: alpha = 910298, CV score = -6.616769

PC 151: alpha = 910298, CV score = -6.497960

PC 152: alpha = 910298, CV score = -6.581747

PC 153: alpha = 1.9307e+06, CV score = -6.551693

PC 154: alpha = 910298, CV score = -6.449334

PC 155: alpha = 1.9307e+06, CV score = -6.468205

PC 156: alpha = 1.9307e+06, CV score = -6.436326

PC 157: alpha = 1.9307e+06, CV score = -6.376127

PC 158: alpha = 1.9307e+06, CV score = -6.329905

PC 159: alpha = 1.9307e+06, CV score = -6.200148

PC 160: alpha = 910298, CV score = -6.156836

PC 161: alpha = 1.9307e+06, CV score = -6.221058

PC 162: alpha = 910298, CV score = -6.031051

PC 163: alpha = 910298, CV score = -6.048997

PC 164: alpha = 910298, CV score = -5.807776

PC 165: alpha = 910298, CV score = -5.912951

PC 166: alpha = 1.9307e+06, CV score = -5.921965

PC 167: alpha = 1.9307e+06, CV score = -5.859935

PC 168: alpha = 1.9307e+06, CV score = -5.823768

PC 169: alpha = 910298, CV score = -5.757513

PC 170: alpha = 1.9307e+06, CV score = -5.741422

PC 171: alpha = 910298, CV score = -5.712933

PC 172: alpha = 910298, CV score = -5.669760

PC 173: alpha = 910298, CV score = -5.561353

PC 174: alpha = 1.9307e+06, CV score = -5.639619

PC 175: alpha = 910298, CV score = -5.552403

PC 176: alpha = 910298, CV score = -5.407802

PC 177: alpha = 1.9307e+06, CV score = -5.520010

PC 178: alpha = 1.9307e+06, CV score = -5.481894

PC 179: alpha = 1.9307e+06, CV score = -5.414950

PC 180: alpha = 910298, CV score = -5.274219

PC 181: alpha = 1.9307e+06, CV score = -5.382313

PC 182: alpha = 1.9307e+06, CV score = -5.371377

PC 183: alpha = 1.9307e+06, CV score = -5.268712

PC 184: alpha = 1.9307e+06, CV score = -5.275454

PC 185: alpha = 910298, CV score = -5.223460

PC 186: alpha = 1.9307e+06, CV score = -5.205842

PC 187: alpha = 1.9307e+06, CV score = -5.152036

PC 188: alpha = 1.9307e+06, CV score = -5.111007

PC 189: alpha = 1.9307e+06, CV score = -5.075637

PC 190: alpha = 910298, CV score = -4.999543

PC 191: alpha = 910298, CV score = -4.968322

PC 192: alpha = 1.9307e+06, CV score = -4.963438

PC 193: alpha = 1.9307e+06, CV score = -4.979892

PC 194: alpha = 1.9307e+06, CV score = -4.949965

PC 195: alpha = 910298, CV score = -4.850614

PC 196: alpha = 1.9307e+06, CV score = -4.892531

PC 197: alpha = 910298, CV score = -4.808116

PC 198: alpha = 1.9307e+06, CV score = -4.822334

PC 199: alpha = 910298, CV score = -4.741358

PC 200: alpha = 910298, CV score = -4.703843

Mean cross-validation score across PCs: -34.152867

======================================================================================

Chosen model: ResNet50-SwAV-BS4096-2x224_selfsupervised
Number of images: 73000
Image shape: (425, 425, 3), dtype: uint8
nsdID shape: (73000,), Shared1000 shape: (73000,)
Neural data shape: (10000, 8088)
Image IDs shape: (10000,)
Number of voxels: 8088
Number of projections for SRP: 7894

Loaded target with shape (10000, 8088).
Transformed data shape: (9000, 200)
Model options for ResNet50-SwAV-BS4096-2x224_selfsupervised: {'model_name': 'ResNet50-SwAV-BS4096-2x224', 'train_type': 'selfsupervised', 'train_data': 'imagenet', 'model_source': 'vissl', 'call': "get_vissl_model('ResNet50-SwAV-BS4096-2x224')"}
Image transforms for ResNet50-SwAV-BS4096-2x224_selfsupervised: Compose(
    Resize(size=(224, 224), interpolation=bilinear, max_size=None, antialias=True)
    ToTensor()
    Normalize(mean=[0.485, 0.456, 0.406], std=[0.229, 0.224, 0.225])
)
Downloading: "https://dl.fbaipublicfiles.com/vissl/model_zoo/swav_in1k_rn50_400ep_swav_8node_resnet_27_07_20.a5990fc9/model_final_checkpoint_phase399.torch" to /home/ohadshee/.cache/torch/hub/checkpoints/model_final_checkpoint_phase399.torch
Loaded model: ResNet50-SwAV-BS4096-2x224_selfsupervised
Ordered layers from model: ['Conv2d-1', 'BatchNorm2d-1', 'ReLU-1', 'MaxPool2d-1', 'Conv2d-2', 'BatchNorm2d-2', 'ReLU-2', 'Conv2d-3', 'BatchNorm2d-3', 'ReLU-3', 'Conv2d-4', 'BatchNorm2d-4', 'Conv2d-5', 'BatchNorm2d-5', 'ReLU-4', 'Bottleneck-1', 'Conv2d-6', 'BatchNorm2d-6', 'ReLU-5', 'Conv2d-7', 'BatchNorm2d-7', 'ReLU-6', 'Conv2d-8', 'BatchNorm2d-8', 'ReLU-7', 'Bottleneck-2', 'Conv2d-9', 'BatchNorm2d-9', 'ReLU-8', 'Conv2d-10', 'BatchNorm2d-10', 'ReLU-9', 'Conv2d-11', 'BatchNorm2d-11', 'ReLU-10', 'Bottleneck-3', 'Conv2d-12', 'BatchNorm2d-12', 'ReLU-11', 'Conv2d-13', 'BatchNorm2d-13', 'ReLU-12', 'Conv2d-14', 'BatchNorm2d-14', 'Conv2d-15', 'BatchNorm2d-15', 'ReLU-13', 'Bottleneck-4', 'Conv2d-16', 'BatchNorm2d-16', 'ReLU-14', 'Conv2d-17', 'BatchNorm2d-17', 'ReLU-15', 'Conv2d-18', 'BatchNorm2d-18', 'ReLU-16', 'Bottleneck-5', 'Conv2d-19', 'BatchNorm2d-19', 'ReLU-17', 'Conv2d-20', 'BatchNorm2d-20', 'ReLU-18', 'Conv2d-21', 'BatchNorm2d-21', 'ReLU-19', 'Bottleneck-6', 'Conv2d-22', 'BatchNorm2d-22', 'ReLU-20', 'Conv2d-23', 'BatchNorm2d-23', 'ReLU-21', 'Conv2d-24', 'BatchNorm2d-24', 'ReLU-22', 'Bottleneck-7', 'Conv2d-25', 'BatchNorm2d-25', 'ReLU-23', 'Conv2d-26', 'BatchNorm2d-26', 'ReLU-24', 'Conv2d-27', 'BatchNorm2d-27', 'Conv2d-28', 'BatchNorm2d-28', 'ReLU-25', 'Bottleneck-8', 'Conv2d-29', 'BatchNorm2d-29', 'ReLU-26', 'Conv2d-30', 'BatchNorm2d-30', 'ReLU-27', 'Conv2d-31', 'BatchNorm2d-31', 'ReLU-28', 'Bottleneck-9', 'Conv2d-32', 'BatchNorm2d-32', 'ReLU-29', 'Conv2d-33', 'BatchNorm2d-33', 'ReLU-30', 'Conv2d-34', 'BatchNorm2d-34', 'ReLU-31', 'Bottleneck-10', 'Conv2d-35', 'BatchNorm2d-35', 'ReLU-32', 'Conv2d-36', 'BatchNorm2d-36', 'ReLU-33', 'Conv2d-37', 'BatchNorm2d-37', 'ReLU-34', 'Bottleneck-11', 'Conv2d-38', 'BatchNorm2d-38', 'ReLU-35', 'Conv2d-39', 'BatchNorm2d-39', 'ReLU-36', 'Conv2d-40', 'BatchNorm2d-40', 'ReLU-37', 'Bottleneck-12', 'Conv2d-41', 'BatchNorm2d-41', 'ReLU-38', 'Conv2d-42', 'BatchNorm2d-42', 'ReLU-39', 'Conv2d-43', 'BatchNorm2d-43', 'ReLU-40', 'Bottleneck-13', 'Conv2d-44', 'BatchNorm2d-44', 'ReLU-41', 'Conv2d-45', 'BatchNorm2d-45', 'ReLU-42', 'Conv2d-46', 'BatchNorm2d-46', 'Conv2d-47', 'BatchNorm2d-47', 'ReLU-43', 'Bottleneck-14', 'Conv2d-48', 'BatchNorm2d-48', 'ReLU-44', 'Conv2d-49', 'BatchNorm2d-49', 'ReLU-45', 'Conv2d-50', 'BatchNorm2d-50', 'ReLU-46', 'Bottleneck-15', 'Conv2d-51', 'BatchNorm2d-51', 'ReLU-47', 'Conv2d-52', 'BatchNorm2d-52', 'ReLU-48', 'Conv2d-53', 'BatchNorm2d-53', 'ReLU-49', 'Bottleneck-16', 'AdaptiveAvgPool2d-1', 'Identity-1', 'ResNet-1']
Total number of layers: 175

==================================================
Processing layer: Conv2d-52 from model: ResNet50-SwAV-BS4096-2x224_selfsupervised

For model ResNet50-SwAV-BS4096-2x224_selfsupervised Layer Conv2d-52: Extracting features for 9000 images in batches of 28...
Feature extraction for model ResNet50-SwAV-BS4096-2x224_selfsupervised layer Conv2d-52 completed in 696.62 seconds.
Finding best ridge alphas for 200 target PCs using 25088 features and 9000 samples.
Using alphas: 10^4 to 10^20, 50 values spaced logarithmically.
[Pipeline] ........... (step 1 of 1) Processing ridgecv, total= 3.4min

Selected alpha and cross-validation score for each PC:
Finished finding best ridge alphas for each target PC.✅

PC   1: alpha = 910298, CV score = -1542.920874

PC   2: alpha = 429193, CV score = -529.274562

PC   3: alpha = 202359, CV score = -365.226226

PC   4: alpha = 202359, CV score = -211.167696

PC   5: alpha = 429193, CV score = -176.445162

PC   6: alpha = 429193, CV score = -163.544329

PC   7: alpha = 429193, CV score = -145.174105

PC   8: alpha = 1.9307e+06, CV score = -149.061481

PC   9: alpha = 429193, CV score = -107.307700

PC  10: alpha = 429193, CV score = -88.633189

PC  11: alpha = 910298, CV score = -86.703790

PC  12: alpha = 429193, CV score = -59.615918

PC  13: alpha = 1.9307e+06, CV score = -92.975188

PC  14: alpha = 910298, CV score = -78.521039

PC  15: alpha = 429193, CV score = -68.111716

PC  16: alpha = 910298, CV score = -73.762641

PC  17: alpha = 910298, CV score = -69.402981

PC  18: alpha = 1.9307e+06, CV score = -73.578926

PC  19: alpha = 910298, CV score = -62.050202

PC  20: alpha = 910298, CV score = -64.596908

PC  21: alpha = 910298, CV score = -57.491655

PC  22: alpha = 910298, CV score = -57.781114

PC  23: alpha = 910298, CV score = -54.752015

PC  24: alpha = 1.9307e+06, CV score = -54.920210

PC  25: alpha = 910298, CV score = -51.888755

PC  26: alpha = 1.9307e+06, CV score = -51.618578

PC  27: alpha = 910298, CV score = -47.486563

PC  28: alpha = 1.9307e+06, CV score = -47.589407

PC  29: alpha = 910298, CV score = -45.988591

PC  30: alpha = 910298, CV score = -41.271710

PC  31: alpha = 910298, CV score = -40.041649

PC  32: alpha = 910298, CV score = -38.266915

PC  33: alpha = 910298, CV score = -38.184942

PC  34: alpha = 1.9307e+06, CV score = -38.764546

PC  35: alpha = 910298, CV score = -34.986946

PC  36: alpha = 1.9307e+06, CV score = -34.532497

PC  37: alpha = 1.9307e+06, CV score = -34.895993

PC  38: alpha = 910298, CV score = -31.609566

PC  39: alpha = 910298, CV score = -33.181893

PC  40: alpha = 910298, CV score = -30.648338

PC  41: alpha = 910298, CV score = -30.411545

PC  42: alpha = 910298, CV score = -28.515705

PC  43: alpha = 1.9307e+06, CV score = -28.711644

PC  44: alpha = 1.9307e+06, CV score = -28.675777

PC  45: alpha = 910298, CV score = -26.264581

PC  46: alpha = 1.9307e+06, CV score = -28.098137

PC  47: alpha = 910298, CV score = -25.870754

PC  48: alpha = 429193, CV score = -23.317844

PC  49: alpha = 910298, CV score = -24.421592

PC  50: alpha = 910298, CV score = -24.358314

PC  51: alpha = 910298, CV score = -22.029451

PC  52: alpha = 1.9307e+06, CV score = -23.503416

PC  53: alpha = 910298, CV score = -22.297985

PC  54: alpha = 1.9307e+06, CV score = -22.633106

PC  55: alpha = 1.9307e+06, CV score = -21.651940

PC  56: alpha = 910298, CV score = -20.356760

PC  57: alpha = 910298, CV score = -20.565354

PC  58: alpha = 910298, CV score = -19.780094

PC  59: alpha = 1.9307e+06, CV score = -20.420815

PC  60: alpha = 910298, CV score = -19.551814

PC  61: alpha = 910298, CV score = -19.232472

PC  62: alpha = 910298, CV score = -18.193092

PC  63: alpha = 910298, CV score = -18.199794

PC  64: alpha = 910298, CV score = -17.940974

PC  65: alpha = 429193, CV score = -15.390683

PC  66: alpha = 910298, CV score = -17.357564

PC  67: alpha = 1.9307e+06, CV score = -17.572741

PC  68: alpha = 1.9307e+06, CV score = -17.487143

PC  69: alpha = 910298, CV score = -16.814649

PC  70: alpha = 1.9307e+06, CV score = -16.199525

PC  71: alpha = 910298, CV score = -15.893616

PC  72: alpha = 1.9307e+06, CV score = -15.614200

PC  73: alpha = 1.9307e+06, CV score = -15.446966

PC  74: alpha = 910298, CV score = -15.280394

PC  75: alpha = 1.9307e+06, CV score = -15.147748

PC  76: alpha = 910298, CV score = -14.249564

PC  77: alpha = 910298, CV score = -14.125870

PC  78: alpha = 1.9307e+06, CV score = -14.352349

PC  79: alpha = 910298, CV score = -13.882908

PC  80: alpha = 1.9307e+06, CV score = -13.818805

PC  81: alpha = 1.9307e+06, CV score = -13.975224

PC  82: alpha = 910298, CV score = -13.481717

PC  83: alpha = 910298, CV score = -13.249443

PC  84: alpha = 1.9307e+06, CV score = -13.040870

PC  85: alpha = 910298, CV score = -12.625460

PC  86: alpha = 1.9307e+06, CV score = -12.764275

PC  87: alpha = 1.9307e+06, CV score = -12.553571

PC  88: alpha = 910298, CV score = -12.122846

PC  89: alpha = 910298, CV score = -12.192815

PC  90: alpha = 910298, CV score = -12.036951

PC  91: alpha = 1.9307e+06, CV score = -12.014728

PC  92: alpha = 910298, CV score = -11.406324

PC  93: alpha = 1.9307e+06, CV score = -11.828413

PC  94: alpha = 1.9307e+06, CV score = -11.404205

PC  95: alpha = 1.9307e+06, CV score = -11.372476

PC  96: alpha = 1.9307e+06, CV score = -11.228451

PC  97: alpha = 1.9307e+06, CV score = -11.094254

PC  98: alpha = 1.9307e+06, CV score = -11.050502

PC  99: alpha = 1.9307e+06, CV score = -10.966847

PC 100: alpha = 1.9307e+06, CV score = -10.697269

PC 101: alpha = 1.9307e+06, CV score = -10.442164

PC 102: alpha = 910298, CV score = -9.831534

PC 103: alpha = 1.9307e+06, CV score = -10.196676

PC 104: alpha = 910298, CV score = -9.810928

PC 105: alpha = 1.9307e+06, CV score = -10.088534

PC 106: alpha = 910298, CV score = -9.677554

PC 107: alpha = 1.9307e+06, CV score = -9.866692

PC 108: alpha = 910298, CV score = -9.667687

PC 109: alpha = 1.9307e+06, CV score = -9.673935

PC 110: alpha = 1.9307e+06, CV score = -9.683141

PC 111: alpha = 4.09492e+06, CV score = -9.631519

PC 112: alpha = 1.9307e+06, CV score = -9.270161

PC 113: alpha = 1.9307e+06, CV score = -9.470274

PC 114: alpha = 910298, CV score = -9.172776

PC 115: alpha = 1.9307e+06, CV score = -8.897499

PC 116: alpha = 1.9307e+06, CV score = -9.146946

PC 117: alpha = 1.9307e+06, CV score = -8.921373

PC 118: alpha = 1.9307e+06, CV score = -8.840244

PC 119: alpha = 1.9307e+06, CV score = -8.731642

PC 120: alpha = 910298, CV score = -8.545764

PC 121: alpha = 1.9307e+06, CV score = -8.842909

PC 122: alpha = 1.9307e+06, CV score = -8.462190

PC 123: alpha = 910298, CV score = -8.279420

PC 124: alpha = 1.9307e+06, CV score = -8.435482

PC 125: alpha = 1.9307e+06, CV score = -8.317203

PC 126: alpha = 910298, CV score = -7.994476

PC 127: alpha = 1.9307e+06, CV score = -8.059537

PC 128: alpha = 4.09492e+06, CV score = -8.192584

PC 129: alpha = 1.9307e+06, CV score = -7.916235

PC 130: alpha = 910298, CV score = -7.808617

PC 131: alpha = 1.9307e+06, CV score = -7.715726

PC 132: alpha = 1.9307e+06, CV score = -7.916999

PC 133: alpha = 1.9307e+06, CV score = -7.733090

PC 134: alpha = 1.9307e+06, CV score = -7.772119

PC 135: alpha = 1.9307e+06, CV score = -7.636204

PC 136: alpha = 910298, CV score = -7.400341

PC 137: alpha = 1.9307e+06, CV score = -7.468330

PC 138: alpha = 1.9307e+06, CV score = -7.334907

PC 139: alpha = 910298, CV score = -7.302408

PC 140: alpha = 1.9307e+06, CV score = -7.090124

PC 141: alpha = 1.9307e+06, CV score = -7.152692

PC 142: alpha = 1.9307e+06, CV score = -7.163996

PC 143: alpha = 1.9307e+06, CV score = -7.014221

PC 144: alpha = 1.9307e+06, CV score = -7.059376

PC 145: alpha = 910298, CV score = -6.964217

PC 146: alpha = 1.9307e+06, CV score = -6.871711

PC 147: alpha = 4.09492e+06, CV score = -6.985176

PC 148: alpha = 1.9307e+06, CV score = -6.895286

PC 149: alpha = 1.9307e+06, CV score = -6.771106

PC 150: alpha = 1.9307e+06, CV score = -6.600927

PC 151: alpha = 1.9307e+06, CV score = -6.510262

PC 152: alpha = 1.9307e+06, CV score = -6.581861

PC 153: alpha = 1.9307e+06, CV score = -6.569628

PC 154: alpha = 1.9307e+06, CV score = -6.482400

PC 155: alpha = 4.09492e+06, CV score = -6.462285

PC 156: alpha = 1.9307e+06, CV score = -6.423793

PC 157: alpha = 4.09492e+06, CV score = -6.385883

PC 158: alpha = 1.9307e+06, CV score = -6.305640

PC 159: alpha = 1.9307e+06, CV score = -6.199807

PC 160: alpha = 1.9307e+06, CV score = -6.184781

PC 161: alpha = 1.9307e+06, CV score = -6.194952

PC 162: alpha = 1.9307e+06, CV score = -6.042643

PC 163: alpha = 1.9307e+06, CV score = -6.056811

PC 164: alpha = 910298, CV score = -5.847475

PC 165: alpha = 1.9307e+06, CV score = -5.950478

PC 166: alpha = 1.9307e+06, CV score = -5.925547

PC 167: alpha = 1.9307e+06, CV score = -5.844594

PC 168: alpha = 1.9307e+06, CV score = -5.837642

PC 169: alpha = 1.9307e+06, CV score = -5.757836

PC 170: alpha = 1.9307e+06, CV score = -5.718137

PC 171: alpha = 1.9307e+06, CV score = -5.741740

PC 172: alpha = 1.9307e+06, CV score = -5.682206

PC 173: alpha = 1.9307e+06, CV score = -5.564228

PC 174: alpha = 1.9307e+06, CV score = -5.638114

PC 175: alpha = 1.9307e+06, CV score = -5.557438

PC 176: alpha = 910298, CV score = -5.373652

PC 177: alpha = 4.09492e+06, CV score = -5.498469

PC 178: alpha = 1.9307e+06, CV score = -5.473479

PC 179: alpha = 1.9307e+06, CV score = -5.421363

PC 180: alpha = 1.9307e+06, CV score = -5.282701

PC 181: alpha = 1.9307e+06, CV score = -5.393770

PC 182: alpha = 4.09492e+06, CV score = -5.376800

PC 183: alpha = 1.9307e+06, CV score = -5.284015

PC 184: alpha = 1.9307e+06, CV score = -5.285940

PC 185: alpha = 1.9307e+06, CV score = -5.208489

PC 186: alpha = 1.9307e+06, CV score = -5.189382

PC 187: alpha = 4.09492e+06, CV score = -5.153067

PC 188: alpha = 1.9307e+06, CV score = -5.102688

PC 189: alpha = 1.9307e+06, CV score = -5.095153

PC 190: alpha = 1.9307e+06, CV score = -5.005905

PC 191: alpha = 1.9307e+06, CV score = -4.991689

PC 192: alpha = 1.9307e+06, CV score = -4.977691

PC 193: alpha = 4.09492e+06, CV score = -4.992306

PC 194: alpha = 1.9307e+06, CV score = -4.959081

PC 195: alpha = 1.9307e+06, CV score = -4.843008

PC 196: alpha = 1.9307e+06, CV score = -4.877203

PC 197: alpha = 1.9307e+06, CV score = -4.791109

PC 198: alpha = 1.9307e+06, CV score = -4.831122

PC 199: alpha = 1.9307e+06, CV score = -4.737599

PC 200: alpha = 1.9307e+06, CV score = -4.727146

Mean cross-validation score across PCs: -34.073923

======================================================================================

Chosen model: ResNet50-PIRL_selfsupervised
Number of images: 73000
Image shape: (425, 425, 3), dtype: uint8
nsdID shape: (73000,), Shared1000 shape: (73000,)
Neural data shape: (10000, 8088)
Image IDs shape: (10000,)
Number of voxels: 8088
Number of projections for SRP: 7894

Loaded target with shape (10000, 8088).
Transformed data shape: (9000, 200)
Model options for ResNet50-PIRL_selfsupervised: {'model_name': 'ResNet50-PIRL', 'train_type': 'selfsupervised', 'train_data': 'imagenet', 'model_source': 'vissl', 'call': "get_vissl_model('ResNet50-PIRL')"}
Image transforms for ResNet50-PIRL_selfsupervised: Compose(
    Resize(size=(224, 224), interpolation=bilinear, max_size=None, antialias=True)
    ToTensor()
    Normalize(mean=[0.485, 0.456, 0.406], std=[0.229, 0.224, 0.225])
)
Downloading: "https://dl.fbaipublicfiles.com/vissl/model_zoo/pirl_jigsaw_4node_pirl_jigsaw_4node_resnet_22_07_20.34377f59/model_final_checkpoint_phase799.torch" to /home/ohadshee/.cache/torch/hub/checkpoints/model_final_checkpoint_phase799.torch
Loaded model: ResNet50-PIRL_selfsupervised
Ordered layers from model: ['Conv2d-1', 'BatchNorm2d-1', 'ReLU-1', 'MaxPool2d-1', 'Conv2d-2', 'BatchNorm2d-2', 'ReLU-2', 'Conv2d-3', 'BatchNorm2d-3', 'ReLU-3', 'Conv2d-4', 'BatchNorm2d-4', 'Conv2d-5', 'BatchNorm2d-5', 'ReLU-4', 'Bottleneck-1', 'Conv2d-6', 'BatchNorm2d-6', 'ReLU-5', 'Conv2d-7', 'BatchNorm2d-7', 'ReLU-6', 'Conv2d-8', 'BatchNorm2d-8', 'ReLU-7', 'Bottleneck-2', 'Conv2d-9', 'BatchNorm2d-9', 'ReLU-8', 'Conv2d-10', 'BatchNorm2d-10', 'ReLU-9', 'Conv2d-11', 'BatchNorm2d-11', 'ReLU-10', 'Bottleneck-3', 'Conv2d-12', 'BatchNorm2d-12', 'ReLU-11', 'Conv2d-13', 'BatchNorm2d-13', 'ReLU-12', 'Conv2d-14', 'BatchNorm2d-14', 'Conv2d-15', 'BatchNorm2d-15', 'ReLU-13', 'Bottleneck-4', 'Conv2d-16', 'BatchNorm2d-16', 'ReLU-14', 'Conv2d-17', 'BatchNorm2d-17', 'ReLU-15', 'Conv2d-18', 'BatchNorm2d-18', 'ReLU-16', 'Bottleneck-5', 'Conv2d-19', 'BatchNorm2d-19', 'ReLU-17', 'Conv2d-20', 'BatchNorm2d-20', 'ReLU-18', 'Conv2d-21', 'BatchNorm2d-21', 'ReLU-19', 'Bottleneck-6', 'Conv2d-22', 'BatchNorm2d-22', 'ReLU-20', 'Conv2d-23', 'BatchNorm2d-23', 'ReLU-21', 'Conv2d-24', 'BatchNorm2d-24', 'ReLU-22', 'Bottleneck-7', 'Conv2d-25', 'BatchNorm2d-25', 'ReLU-23', 'Conv2d-26', 'BatchNorm2d-26', 'ReLU-24', 'Conv2d-27', 'BatchNorm2d-27', 'Conv2d-28', 'BatchNorm2d-28', 'ReLU-25', 'Bottleneck-8', 'Conv2d-29', 'BatchNorm2d-29', 'ReLU-26', 'Conv2d-30', 'BatchNorm2d-30', 'ReLU-27', 'Conv2d-31', 'BatchNorm2d-31', 'ReLU-28', 'Bottleneck-9', 'Conv2d-32', 'BatchNorm2d-32', 'ReLU-29', 'Conv2d-33', 'BatchNorm2d-33', 'ReLU-30', 'Conv2d-34', 'BatchNorm2d-34', 'ReLU-31', 'Bottleneck-10', 'Conv2d-35', 'BatchNorm2d-35', 'ReLU-32', 'Conv2d-36', 'BatchNorm2d-36', 'ReLU-33', 'Conv2d-37', 'BatchNorm2d-37', 'ReLU-34', 'Bottleneck-11', 'Conv2d-38', 'BatchNorm2d-38', 'ReLU-35', 'Conv2d-39', 'BatchNorm2d-39', 'ReLU-36', 'Conv2d-40', 'BatchNorm2d-40', 'ReLU-37', 'Bottleneck-12', 'Conv2d-41', 'BatchNorm2d-41', 'ReLU-38', 'Conv2d-42', 'BatchNorm2d-42', 'ReLU-39', 'Conv2d-43', 'BatchNorm2d-43', 'ReLU-40', 'Bottleneck-13', 'Conv2d-44', 'BatchNorm2d-44', 'ReLU-41', 'Conv2d-45', 'BatchNorm2d-45', 'ReLU-42', 'Conv2d-46', 'BatchNorm2d-46', 'Conv2d-47', 'BatchNorm2d-47', 'ReLU-43', 'Bottleneck-14', 'Conv2d-48', 'BatchNorm2d-48', 'ReLU-44', 'Conv2d-49', 'BatchNorm2d-49', 'ReLU-45', 'Conv2d-50', 'BatchNorm2d-50', 'ReLU-46', 'Bottleneck-15', 'Conv2d-51', 'BatchNorm2d-51', 'ReLU-47', 'Conv2d-52', 'BatchNorm2d-52', 'ReLU-48', 'Conv2d-53', 'BatchNorm2d-53', 'ReLU-49', 'Bottleneck-16', 'AdaptiveAvgPool2d-1', 'Identity-1', 'ResNet-1']
Total number of layers: 175

==================================================
Processing layer: Conv2d-52 from model: ResNet50-PIRL_selfsupervised

For model ResNet50-PIRL_selfsupervised Layer Conv2d-52: Extracting features for 9000 images in batches of 28...
Feature extraction for model ResNet50-PIRL_selfsupervised layer Conv2d-52 completed in 722.97 seconds.
Finding best ridge alphas for 200 target PCs using 25088 features and 9000 samples.
Using alphas: 10^4 to 10^20, 50 values spaced logarithmically.
[Pipeline] ........... (step 1 of 1) Processing ridgecv, total= 3.5min

Selected alpha and cross-validation score for each PC:
Finished finding best ridge alphas for each target PC.✅

PC   1: alpha = 10000, CV score = -1595.934760

PC   2: alpha = 10000, CV score = -664.309335

PC   3: alpha = 10000, CV score = -436.781240

PC   4: alpha = 10000, CV score = -248.989853

PC   5: alpha = 10000, CV score = -201.587228

PC   6: alpha = 10000, CV score = -177.629724

PC   7: alpha = 10000, CV score = -158.328921

PC   8: alpha = 10000, CV score = -149.932773

PC   9: alpha = 10000, CV score = -116.776809

PC  10: alpha = 10000, CV score = -97.593957

PC  11: alpha = 10000, CV score = -90.925999

PC  12: alpha = 10000, CV score = -72.961017

PC  13: alpha = 10000, CV score = -94.642470

PC  14: alpha = 10000, CV score = -81.998994

PC  15: alpha = 10000, CV score = -73.593246

PC  16: alpha = 10000, CV score = -76.036727

PC  17: alpha = 10000, CV score = -72.056916

PC  18: alpha = 10000, CV score = -73.854088

PC  19: alpha = 10000, CV score = -64.979472

PC  20: alpha = 10000, CV score = -65.713087

PC  21: alpha = 10000, CV score = -60.499733

PC  22: alpha = 10000, CV score = -59.031215

PC  23: alpha = 10000, CV score = -56.480802

PC  24: alpha = 10000, CV score = -55.493161

PC  25: alpha = 10000, CV score = -53.715916

PC  26: alpha = 10000, CV score = -52.476079

PC  27: alpha = 10000, CV score = -48.817677

PC  28: alpha = 10000, CV score = -48.389163

PC  29: alpha = 10000, CV score = -46.874793

PC  30: alpha = 10000, CV score = -42.082172

PC  31: alpha = 10000, CV score = -42.025239

PC  32: alpha = 10000, CV score = -40.027833

PC  33: alpha = 10000, CV score = -39.379539

PC  34: alpha = 10000, CV score = -39.070308

PC  35: alpha = 10000, CV score = -36.366209

PC  36: alpha = 10000, CV score = -35.102350

PC  37: alpha = 10000, CV score = -35.245556

PC  38: alpha = 10000, CV score = -33.319834

PC  39: alpha = 10000, CV score = -33.803479

PC  40: alpha = 10000, CV score = -31.586223

PC  41: alpha = 10000, CV score = -30.779494

PC  42: alpha = 10000, CV score = -29.367658

PC  43: alpha = 10000, CV score = -29.265479

PC  44: alpha = 10000, CV score = -29.046452

PC  45: alpha = 10000, CV score = -27.159165

PC  46: alpha = 10000, CV score = -28.278661

PC  47: alpha = 10000, CV score = -26.271492

PC  48: alpha = 10000, CV score = -25.054531

PC  49: alpha = 10000, CV score = -25.273277

PC  50: alpha = 10000, CV score = -24.782612

PC  51: alpha = 10000, CV score = -22.897312

PC  52: alpha = 10000, CV score = -23.749966

PC  53: alpha = 10000, CV score = -23.051305

PC  54: alpha = 10000, CV score = -22.813616

PC  55: alpha = 10000, CV score = -21.970210

PC  56: alpha = 10000, CV score = -21.141165

PC  57: alpha = 10000, CV score = -21.259076

PC  58: alpha = 10000, CV score = -20.570389

PC  59: alpha = 10000, CV score = -20.506729

PC  60: alpha = 10000, CV score = -19.783508

PC  61: alpha = 10000, CV score = -19.458430

PC  62: alpha = 10000, CV score = -18.803864

PC  63: alpha = 10000, CV score = -18.586193

PC  64: alpha = 10000, CV score = -18.263224

PC  65: alpha = 10000, CV score = -16.413592

PC  66: alpha = 10000, CV score = -17.769662

PC  67: alpha = 10000, CV score = -17.640842

PC  68: alpha = 10000, CV score = -17.540980

PC  69: alpha = 10000, CV score = -17.072513

PC  70: alpha = 10000, CV score = -16.489987

PC  71: alpha = 10000, CV score = -16.373248

PC  72: alpha = 10000, CV score = -15.872899

PC  73: alpha = 10000, CV score = -15.608759

PC  74: alpha = 10000, CV score = -15.471266

PC  75: alpha = 10000, CV score = -15.258144

PC  76: alpha = 10000, CV score = -14.673641

PC  77: alpha = 10000, CV score = -14.468232

PC  78: alpha = 10000, CV score = -14.452401

PC  79: alpha = 10000, CV score = -14.309418

PC  80: alpha = 10000, CV score = -13.985604

PC  81: alpha = 10000, CV score = -14.134297

PC  82: alpha = 10000, CV score = -13.700829

PC  83: alpha = 10000, CV score = -13.474627

PC  84: alpha = 10000, CV score = -13.118573

PC  85: alpha = 10000, CV score = -12.874543

PC  86: alpha = 10000, CV score = -12.825455

PC  87: alpha = 10000, CV score = -12.712405

PC  88: alpha = 10000, CV score = -12.342354

PC  89: alpha = 10000, CV score = -12.398389

PC  90: alpha = 10000, CV score = -12.228202

PC  91: alpha = 10000, CV score = -12.169819

PC  92: alpha = 10000, CV score = -11.741211

PC  93: alpha = 10000, CV score = -11.916936

PC  94: alpha = 10000, CV score = -11.563794

PC  95: alpha = 10000, CV score = -11.525793

PC  96: alpha = 10000, CV score = -11.379396

PC  97: alpha = 10000, CV score = -11.213376

PC  98: alpha = 10000, CV score = -11.115537

PC  99: alpha = 10000, CV score = -11.026962

PC 100: alpha = 10000, CV score = -10.772560

PC 101: alpha = 10000, CV score = -10.588230

PC 102: alpha = 10000, CV score = -10.082999

PC 103: alpha = 10000, CV score = -10.255715

PC 104: alpha = 10000, CV score = -10.014460

PC 105: alpha = 10000, CV score = -10.165279

PC 106: alpha = 10000, CV score = -9.883249

PC 107: alpha = 10000, CV score = -9.957317

PC 108: alpha = 10000, CV score = -9.803691

PC 109: alpha = 10000, CV score = -9.813455

PC 110: alpha = 10000, CV score = -9.730251

PC 111: alpha = 10000, CV score = -9.688535

PC 112: alpha = 10000, CV score = -9.380050

PC 113: alpha = 10000, CV score = -9.526305

PC 114: alpha = 10000, CV score = -9.301601

PC 115: alpha = 10000, CV score = -9.053040

PC 116: alpha = 10000, CV score = -9.189903

PC 117: alpha = 10000, CV score = -9.044744

PC 118: alpha = 10000, CV score = -8.916648

PC 119: alpha = 10000, CV score = -8.831125

PC 120: alpha = 10000, CV score = -8.683343

PC 121: alpha = 10000, CV score = -8.843629

PC 122: alpha = 10000, CV score = -8.565933

PC 123: alpha = 10000, CV score = -8.399326

PC 124: alpha = 10000, CV score = -8.443500

PC 125: alpha = 10000, CV score = -8.360223

PC 126: alpha = 10000, CV score = -8.148870

PC 127: alpha = 10000, CV score = -8.131150

PC 128: alpha = 10000, CV score = -8.222709

PC 129: alpha = 10000, CV score = -7.996895

PC 130: alpha = 10000, CV score = -7.939839

PC 131: alpha = 10000, CV score = -7.820384

PC 132: alpha = 10000, CV score = -7.938350

PC 133: alpha = 10000, CV score = -7.791867

PC 134: alpha = 10000, CV score = -7.826274

PC 135: alpha = 10000, CV score = -7.645575

PC 136: alpha = 10000, CV score = -7.498213

PC 137: alpha = 10000, CV score = -7.471468

PC 138: alpha = 10000, CV score = -7.411862

PC 139: alpha = 10000, CV score = -7.372153

PC 140: alpha = 10000, CV score = -7.175942

PC 141: alpha = 10000, CV score = -7.225704

PC 142: alpha = 10000, CV score = -7.228858

PC 143: alpha = 10000, CV score = -7.068721

PC 144: alpha = 10000, CV score = -7.070679

PC 145: alpha = 10000, CV score = -7.073821

PC 146: alpha = 10000, CV score = -6.937465

PC 147: alpha = 10000, CV score = -6.983648

PC 148: alpha = 10000, CV score = -6.917999

PC 149: alpha = 10000, CV score = -6.819470

PC 150: alpha = 10000, CV score = -6.686569

PC 151: alpha = 10000, CV score = -6.598245

PC 152: alpha = 10000, CV score = -6.635451

PC 153: alpha = 10000, CV score = -6.583079

PC 154: alpha = 10000, CV score = -6.518256

PC 155: alpha = 10000, CV score = -6.470503

PC 156: alpha = 10000, CV score = -6.478012

PC 157: alpha = 10000, CV score = -6.401826

PC 158: alpha = 10000, CV score = -6.328830

PC 159: alpha = 10000, CV score = -6.218209

PC 160: alpha = 10000, CV score = -6.231626

PC 161: alpha = 10000, CV score = -6.234241

PC 162: alpha = 10000, CV score = -6.100537

PC 163: alpha = 10000, CV score = -6.113323

PC 164: alpha = 10000, CV score = -5.937661

PC 165: alpha = 10000, CV score = -5.970127

PC 166: alpha = 10000, CV score = -5.950135

PC 167: alpha = 10000, CV score = -5.881358

PC 168: alpha = 10000, CV score = -5.868909

PC 169: alpha = 10000, CV score = -5.807987

PC 170: alpha = 10000, CV score = -5.772098

PC 171: alpha = 10000, CV score = -5.758409

PC 172: alpha = 10000, CV score = -5.728149

PC 173: alpha = 10000, CV score = -5.599441

PC 174: alpha = 10000, CV score = -5.669050

PC 175: alpha = 10000, CV score = -5.607404

PC 176: alpha = 10000, CV score = -5.463781

PC 177: alpha = 10000, CV score = -5.521240

PC 178: alpha = 10000, CV score = -5.502279

PC 179: alpha = 10000, CV score = -5.447975

PC 180: alpha = 10000, CV score = -5.348877

PC 181: alpha = 10000, CV score = -5.403124

PC 182: alpha = 10000, CV score = -5.382802

PC 183: alpha = 10000, CV score = -5.296542

PC 184: alpha = 10000, CV score = -5.304445

PC 185: alpha = 10000, CV score = -5.261645

PC 186: alpha = 10000, CV score = -5.237910

PC 187: alpha = 10000, CV score = -5.162871

PC 188: alpha = 10000, CV score = -5.128639

PC 189: alpha = 10000, CV score = -5.098438

PC 190: alpha = 10000, CV score = -5.032605

PC 191: alpha = 10000, CV score = -5.000241

PC 192: alpha = 10000, CV score = -4.989294

PC 193: alpha = 10000, CV score = -4.993434

PC 194: alpha = 10000, CV score = -4.967856

PC 195: alpha = 10000, CV score = -4.905166

PC 196: alpha = 10000, CV score = -4.896923

PC 197: alpha = 10000, CV score = -4.846503

PC 198: alpha = 10000, CV score = -4.828381

PC 199: alpha = 10000, CV score = -4.788777

PC 200: alpha = 10000, CV score = -4.743246

Mean cross-validation score across PCs: -36.360634

======================================================================================

Chosen model: ResNet50-ClusterFit-16K-RotNet_selfsupervised
Number of images: 73000
Image shape: (425, 425, 3), dtype: uint8
nsdID shape: (73000,), Shared1000 shape: (73000,)
Neural data shape: (10000, 8088)
Image IDs shape: (10000,)
Number of voxels: 8088
Number of projections for SRP: 7894

Loaded target with shape (10000, 8088).
Transformed data shape: (9000, 200)
Model options for ResNet50-ClusterFit-16K-RotNet_selfsupervised: {'model_name': 'ResNet50-ClusterFit-16K-RotNet', 'train_type': 'selfsupervised', 'train_data': 'imagenet', 'model_source': 'vissl', 'call': "get_vissl_model('ResNet50-ClusterFit-16K-RotNet')"}
Image transforms for ResNet50-ClusterFit-16K-RotNet_selfsupervised: Compose(
    Resize(size=(224, 224), interpolation=bilinear, max_size=None, antialias=True)
    ToTensor()
    Normalize(mean=[0.485, 0.456, 0.406], std=[0.229, 0.224, 0.225])
)
Downloading: "https://dl.fbaipublicfiles.com/vissl/model_zoo/converted_vissl_rn50_rotnet_16kclusters_in1k_ep105.torch" to /home/ohadshee/.cache/torch/hub/checkpoints/converted_vissl_rn50_rotnet_16kclusters_in1k_ep105.torch
Loaded model: ResNet50-ClusterFit-16K-RotNet_selfsupervised
Ordered layers from model: ['Conv2d-1', 'BatchNorm2d-1', 'ReLU-1', 'MaxPool2d-1', 'Conv2d-2', 'BatchNorm2d-2', 'ReLU-2', 'Conv2d-3', 'BatchNorm2d-3', 'ReLU-3', 'Conv2d-4', 'BatchNorm2d-4', 'Conv2d-5', 'BatchNorm2d-5', 'ReLU-4', 'Bottleneck-1', 'Conv2d-6', 'BatchNorm2d-6', 'ReLU-5', 'Conv2d-7', 'BatchNorm2d-7', 'ReLU-6', 'Conv2d-8', 'BatchNorm2d-8', 'ReLU-7', 'Bottleneck-2', 'Conv2d-9', 'BatchNorm2d-9', 'ReLU-8', 'Conv2d-10', 'BatchNorm2d-10', 'ReLU-9', 'Conv2d-11', 'BatchNorm2d-11', 'ReLU-10', 'Bottleneck-3', 'Conv2d-12', 'BatchNorm2d-12', 'ReLU-11', 'Conv2d-13', 'BatchNorm2d-13', 'ReLU-12', 'Conv2d-14', 'BatchNorm2d-14', 'Conv2d-15', 'BatchNorm2d-15', 'ReLU-13', 'Bottleneck-4', 'Conv2d-16', 'BatchNorm2d-16', 'ReLU-14', 'Conv2d-17', 'BatchNorm2d-17', 'ReLU-15', 'Conv2d-18', 'BatchNorm2d-18', 'ReLU-16', 'Bottleneck-5', 'Conv2d-19', 'BatchNorm2d-19', 'ReLU-17', 'Conv2d-20', 'BatchNorm2d-20', 'ReLU-18', 'Conv2d-21', 'BatchNorm2d-21', 'ReLU-19', 'Bottleneck-6', 'Conv2d-22', 'BatchNorm2d-22', 'ReLU-20', 'Conv2d-23', 'BatchNorm2d-23', 'ReLU-21', 'Conv2d-24', 'BatchNorm2d-24', 'ReLU-22', 'Bottleneck-7', 'Conv2d-25', 'BatchNorm2d-25', 'ReLU-23', 'Conv2d-26', 'BatchNorm2d-26', 'ReLU-24', 'Conv2d-27', 'BatchNorm2d-27', 'Conv2d-28', 'BatchNorm2d-28', 'ReLU-25', 'Bottleneck-8', 'Conv2d-29', 'BatchNorm2d-29', 'ReLU-26', 'Conv2d-30', 'BatchNorm2d-30', 'ReLU-27', 'Conv2d-31', 'BatchNorm2d-31', 'ReLU-28', 'Bottleneck-9', 'Conv2d-32', 'BatchNorm2d-32', 'ReLU-29', 'Conv2d-33', 'BatchNorm2d-33', 'ReLU-30', 'Conv2d-34', 'BatchNorm2d-34', 'ReLU-31', 'Bottleneck-10', 'Conv2d-35', 'BatchNorm2d-35', 'ReLU-32', 'Conv2d-36', 'BatchNorm2d-36', 'ReLU-33', 'Conv2d-37', 'BatchNorm2d-37', 'ReLU-34', 'Bottleneck-11', 'Conv2d-38', 'BatchNorm2d-38', 'ReLU-35', 'Conv2d-39', 'BatchNorm2d-39', 'ReLU-36', 'Conv2d-40', 'BatchNorm2d-40', 'ReLU-37', 'Bottleneck-12', 'Conv2d-41', 'BatchNorm2d-41', 'ReLU-38', 'Conv2d-42', 'BatchNorm2d-42', 'ReLU-39', 'Conv2d-43', 'BatchNorm2d-43', 'ReLU-40', 'Bottleneck-13', 'Conv2d-44', 'BatchNorm2d-44', 'ReLU-41', 'Conv2d-45', 'BatchNorm2d-45', 'ReLU-42', 'Conv2d-46', 'BatchNorm2d-46', 'Conv2d-47', 'BatchNorm2d-47', 'ReLU-43', 'Bottleneck-14', 'Conv2d-48', 'BatchNorm2d-48', 'ReLU-44', 'Conv2d-49', 'BatchNorm2d-49', 'ReLU-45', 'Conv2d-50', 'BatchNorm2d-50', 'ReLU-46', 'Bottleneck-15', 'Conv2d-51', 'BatchNorm2d-51', 'ReLU-47', 'Conv2d-52', 'BatchNorm2d-52', 'ReLU-48', 'Conv2d-53', 'BatchNorm2d-53', 'ReLU-49', 'Bottleneck-16', 'AdaptiveAvgPool2d-1', 'Identity-1', 'ResNet-1']
Total number of layers: 175

==================================================
Processing layer: ReLU-46 from model: ResNet50-ClusterFit-16K-RotNet_selfsupervised

For model ResNet50-ClusterFit-16K-RotNet_selfsupervised Layer ReLU-46: Extracting features for 9000 images in batches of 28...
Feature extraction for model ResNet50-ClusterFit-16K-RotNet_selfsupervised layer ReLU-46 completed in 722.57 seconds.
Finding best ridge alphas for 200 target PCs using 100352 features and 9000 samples.
Using alphas: 10^4 to 10^20, 50 values spaced logarithmically.
[Pipeline] ........... (step 1 of 1) Processing ridgecv, total= 7.7min

Selected alpha and cross-validation score for each PC:
Finished finding best ridge alphas for each target PC.✅

PC   1: alpha = 4.09492e+06, CV score = -1552.160927

PC   2: alpha = 1.9307e+06, CV score = -600.817880

PC   3: alpha = 910298, CV score = -380.095944

PC   4: alpha = 1.9307e+06, CV score = -223.736587

PC   5: alpha = 1.9307e+06, CV score = -182.650224

PC   6: alpha = 4.09492e+06, CV score = -167.993751

PC   7: alpha = 1.9307e+06, CV score = -149.743426

PC   8: alpha = 8.68511e+06, CV score = -148.641682

PC   9: alpha = 1.9307e+06, CV score = -109.409212

PC  10: alpha = 1.9307e+06, CV score = -90.941521

PC  11: alpha = 4.09492e+06, CV score = -88.230688

PC  12: alpha = 1.9307e+06, CV score = -61.504248

PC  13: alpha = 8.68511e+06, CV score = -94.119151

PC  14: alpha = 4.09492e+06, CV score = -79.869468

PC  15: alpha = 4.09492e+06, CV score = -69.797118

PC  16: alpha = 4.09492e+06, CV score = -74.098941

PC  17: alpha = 4.09492e+06, CV score = -69.340010

PC  18: alpha = 8.68511e+06, CV score = -73.343465

PC  19: alpha = 4.09492e+06, CV score = -62.127594

PC  20: alpha = 8.68511e+06, CV score = -65.130804

PC  21: alpha = 4.09492e+06, CV score = -58.680394

PC  22: alpha = 4.09492e+06, CV score = -58.276798

PC  23: alpha = 4.09492e+06, CV score = -55.886947

PC  24: alpha = 4.09492e+06, CV score = -55.369939

PC  25: alpha = 4.09492e+06, CV score = -52.316247

PC  26: alpha = 8.68511e+06, CV score = -52.012016

PC  27: alpha = 4.09492e+06, CV score = -47.936670

PC  28: alpha = 8.68511e+06, CV score = -48.275805

PC  29: alpha = 8.68511e+06, CV score = -46.686380

PC  30: alpha = 4.09492e+06, CV score = -41.302604

PC  31: alpha = 4.09492e+06, CV score = -40.803291

PC  32: alpha = 4.09492e+06, CV score = -39.037065

PC  33: alpha = 4.09492e+06, CV score = -38.363262

PC  34: alpha = 8.68511e+06, CV score = -38.988443

PC  35: alpha = 4.09492e+06, CV score = -35.321095

PC  36: alpha = 8.68511e+06, CV score = -34.744437

PC  37: alpha = 8.68511e+06, CV score = -35.334374

PC  38: alpha = 4.09492e+06, CV score = -32.178775

PC  39: alpha = 4.09492e+06, CV score = -33.417320

PC  40: alpha = 4.09492e+06, CV score = -31.056993

PC  41: alpha = 4.09492e+06, CV score = -30.768316

PC  42: alpha = 4.09492e+06, CV score = -28.642041

PC  43: alpha = 4.09492e+06, CV score = -28.835284

PC  44: alpha = 8.68511e+06, CV score = -28.973396

PC  45: alpha = 4.09492e+06, CV score = -26.459991

PC  46: alpha = 8.68511e+06, CV score = -28.209252

PC  47: alpha = 4.09492e+06, CV score = -25.942530

PC  48: alpha = 1.9307e+06, CV score = -23.639554

PC  49: alpha = 4.09492e+06, CV score = -24.773893

PC  50: alpha = 4.09492e+06, CV score = -24.383332

PC  51: alpha = 4.09492e+06, CV score = -22.389070

PC  52: alpha = 8.68511e+06, CV score = -23.727097

PC  53: alpha = 4.09492e+06, CV score = -22.499724

PC  54: alpha = 4.09492e+06, CV score = -22.731352

PC  55: alpha = 8.68511e+06, CV score = -21.770524

PC  56: alpha = 4.09492e+06, CV score = -20.553918

PC  57: alpha = 4.09492e+06, CV score = -20.678561

PC  58: alpha = 4.09492e+06, CV score = -20.175452

PC  59: alpha = 8.68511e+06, CV score = -20.417898

PC  60: alpha = 8.68511e+06, CV score = -19.611641

PC  61: alpha = 4.09492e+06, CV score = -19.376048

PC  62: alpha = 4.09492e+06, CV score = -18.467360

PC  63: alpha = 4.09492e+06, CV score = -18.374531

PC  64: alpha = 4.09492e+06, CV score = -18.044440

PC  65: alpha = 1.9307e+06, CV score = -15.609233

PC  66: alpha = 4.09492e+06, CV score = -17.511724

PC  67: alpha = 8.68511e+06, CV score = -17.591271

PC  68: alpha = 8.68511e+06, CV score = -17.528489

PC  69: alpha = 8.68511e+06, CV score = -16.979714

PC  70: alpha = 8.68511e+06, CV score = -16.213322

PC  71: alpha = 4.09492e+06, CV score = -16.037177

PC  72: alpha = 4.09492e+06, CV score = -15.668145

PC  73: alpha = 8.68511e+06, CV score = -15.507797

PC  74: alpha = 4.09492e+06, CV score = -15.379845

PC  75: alpha = 8.68511e+06, CV score = -15.316072

PC  76: alpha = 4.09492e+06, CV score = -14.417592

PC  77: alpha = 4.09492e+06, CV score = -14.225414

PC  78: alpha = 8.68511e+06, CV score = -14.437026

PC  79: alpha = 4.09492e+06, CV score = -14.211382

PC  80: alpha = 4.09492e+06, CV score = -13.850331

PC  81: alpha = 8.68511e+06, CV score = -13.967348

PC  82: alpha = 4.09492e+06, CV score = -13.503239

PC  83: alpha = 4.09492e+06, CV score = -13.378062

PC  84: alpha = 8.68511e+06, CV score = -13.035186

PC  85: alpha = 8.68511e+06, CV score = -12.785329

PC  86: alpha = 8.68511e+06, CV score = -12.766931

PC  87: alpha = 8.68511e+06, CV score = -12.744994

PC  88: alpha = 8.68511e+06, CV score = -12.203449

PC  89: alpha = 4.09492e+06, CV score = -12.339569

PC  90: alpha = 8.68511e+06, CV score = -12.189923

PC  91: alpha = 8.68511e+06, CV score = -12.085594

PC  92: alpha = 4.09492e+06, CV score = -11.425618

PC  93: alpha = 8.68511e+06, CV score = -11.923934

PC  94: alpha = 8.68511e+06, CV score = -11.447991

PC  95: alpha = 8.68511e+06, CV score = -11.457204

PC  96: alpha = 8.68511e+06, CV score = -11.353114

PC  97: alpha = 8.68511e+06, CV score = -11.176500

PC  98: alpha = 8.68511e+06, CV score = -11.099016

PC  99: alpha = 8.68511e+06, CV score = -11.018017

PC 100: alpha = 8.68511e+06, CV score = -10.675349

PC 101: alpha = 8.68511e+06, CV score = -10.494291

PC 102: alpha = 4.09492e+06, CV score = -9.999966

PC 103: alpha = 8.68511e+06, CV score = -10.210318

PC 104: alpha = 8.68511e+06, CV score = -9.955605

PC 105: alpha = 8.68511e+06, CV score = -10.078646

PC 106: alpha = 4.09492e+06, CV score = -9.808021

PC 107: alpha = 8.68511e+06, CV score = -9.946796

PC 108: alpha = 4.09492e+06, CV score = -9.615169

PC 109: alpha = 8.68511e+06, CV score = -9.707696

PC 110: alpha = 8.68511e+06, CV score = -9.730102

PC 111: alpha = 1.84207e+07, CV score = -9.663182

PC 112: alpha = 8.68511e+06, CV score = -9.350542

PC 113: alpha = 8.68511e+06, CV score = -9.462499

PC 114: alpha = 8.68511e+06, CV score = -9.203251

PC 115: alpha = 8.68511e+06, CV score = -8.990317

PC 116: alpha = 8.68511e+06, CV score = -9.190675

PC 117: alpha = 8.68511e+06, CV score = -8.931066

PC 118: alpha = 8.68511e+06, CV score = -8.916152

PC 119: alpha = 8.68511e+06, CV score = -8.827819

PC 120: alpha = 8.68511e+06, CV score = -8.666135

PC 121: alpha = 8.68511e+06, CV score = -8.812970

PC 122: alpha = 8.68511e+06, CV score = -8.529908

PC 123: alpha = 8.68511e+06, CV score = -8.321246

PC 124: alpha = 8.68511e+06, CV score = -8.430604

PC 125: alpha = 8.68511e+06, CV score = -8.320843

PC 126: alpha = 8.68511e+06, CV score = -8.044949

PC 127: alpha = 8.68511e+06, CV score = -8.095994

PC 128: alpha = 8.68511e+06, CV score = -8.203098

PC 129: alpha = 8.68511e+06, CV score = -7.954337

PC 130: alpha = 4.09492e+06, CV score = -7.832633

PC 131: alpha = 8.68511e+06, CV score = -7.724730

PC 132: alpha = 1.84207e+07, CV score = -7.978356

PC 133: alpha = 8.68511e+06, CV score = -7.777464

PC 134: alpha = 1.84207e+07, CV score = -7.792532

PC 135: alpha = 8.68511e+06, CV score = -7.649534

PC 136: alpha = 8.68511e+06, CV score = -7.451079

PC 137: alpha = 8.68511e+06, CV score = -7.458694

PC 138: alpha = 8.68511e+06, CV score = -7.419846

PC 139: alpha = 8.68511e+06, CV score = -7.337275

PC 140: alpha = 4.09492e+06, CV score = -7.116313

PC 141: alpha = 8.68511e+06, CV score = -7.206040

PC 142: alpha = 8.68511e+06, CV score = -7.202045

PC 143: alpha = 8.68511e+06, CV score = -7.049258

PC 144: alpha = 8.68511e+06, CV score = -7.048681

PC 145: alpha = 8.68511e+06, CV score = -7.048898

PC 146: alpha = 8.68511e+06, CV score = -6.895092

PC 147: alpha = 1.84207e+07, CV score = -7.004688

PC 148: alpha = 1.84207e+07, CV score = -6.933057

PC 149: alpha = 8.68511e+06, CV score = -6.777191

PC 150: alpha = 8.68511e+06, CV score = -6.636028

PC 151: alpha = 8.68511e+06, CV score = -6.516079

PC 152: alpha = 8.68511e+06, CV score = -6.610701

PC 153: alpha = 8.68511e+06, CV score = -6.585090

PC 154: alpha = 8.68511e+06, CV score = -6.493941

PC 155: alpha = 1.84207e+07, CV score = -6.460775

PC 156: alpha = 1.84207e+07, CV score = -6.464833

PC 157: alpha = 1.84207e+07, CV score = -6.383355

PC 158: alpha = 8.68511e+06, CV score = -6.322111

PC 159: alpha = 8.68511e+06, CV score = -6.212143

PC 160: alpha = 8.68511e+06, CV score = -6.213526

PC 161: alpha = 8.68511e+06, CV score = -6.230097

PC 162: alpha = 8.68511e+06, CV score = -6.050163

PC 163: alpha = 8.68511e+06, CV score = -6.094491

PC 164: alpha = 8.68511e+06, CV score = -5.913456

PC 165: alpha = 8.68511e+06, CV score = -5.943237

PC 166: alpha = 8.68511e+06, CV score = -5.905720

PC 167: alpha = 8.68511e+06, CV score = -5.866739

PC 168: alpha = 1.84207e+07, CV score = -5.853658

PC 169: alpha = 8.68511e+06, CV score = -5.772122

PC 170: alpha = 8.68511e+06, CV score = -5.753306

PC 171: alpha = 8.68511e+06, CV score = -5.753037

PC 172: alpha = 8.68511e+06, CV score = -5.700574

PC 173: alpha = 8.68511e+06, CV score = -5.544158

PC 174: alpha = 1.84207e+07, CV score = -5.652309

PC 175: alpha = 8.68511e+06, CV score = -5.586629

PC 176: alpha = 4.09492e+06, CV score = -5.391541

PC 177: alpha = 1.84207e+07, CV score = -5.507330

PC 178: alpha = 1.84207e+07, CV score = -5.491720

PC 179: alpha = 1.84207e+07, CV score = -5.449226

PC 180: alpha = 8.68511e+06, CV score = -5.329414

PC 181: alpha = 1.84207e+07, CV score = -5.389839

PC 182: alpha = 1.84207e+07, CV score = -5.390651

PC 183: alpha = 8.68511e+06, CV score = -5.272952

PC 184: alpha = 8.68511e+06, CV score = -5.281949

PC 185: alpha = 8.68511e+06, CV score = -5.250516

PC 186: alpha = 8.68511e+06, CV score = -5.218408

PC 187: alpha = 8.68511e+06, CV score = -5.146800

PC 188: alpha = 8.68511e+06, CV score = -5.130673

PC 189: alpha = 8.68511e+06, CV score = -5.063179

PC 190: alpha = 8.68511e+06, CV score = -5.003182

PC 191: alpha = 8.68511e+06, CV score = -5.008502

PC 192: alpha = 1.84207e+07, CV score = -4.981983

PC 193: alpha = 8.68511e+06, CV score = -4.982240

PC 194: alpha = 1.84207e+07, CV score = -4.968231

PC 195: alpha = 8.68511e+06, CV score = -4.870010

PC 196: alpha = 8.68511e+06, CV score = -4.899197

PC 197: alpha = 8.68511e+06, CV score = -4.822056

PC 198: alpha = 8.68511e+06, CV score = -4.827296

PC 199: alpha = 8.68511e+06, CV score = -4.746718

PC 200: alpha = 8.68511e+06, CV score = -4.736613

Mean cross-validation score across PCs: -34.855459

======================================================================================

Chosen model: ResNet50-MoCoV2-BS256_selfsupervised
Number of images: 73000
Image shape: (425, 425, 3), dtype: uint8
nsdID shape: (73000,), Shared1000 shape: (73000,)
Neural data shape: (10000, 8088)
Image IDs shape: (10000,)
Number of voxels: 8088
Number of projections for SRP: 7894

Loaded target with shape (10000, 8088).
Transformed data shape: (9000, 200)
Model options for ResNet50-MoCoV2-BS256_selfsupervised: {'model_name': 'ResNet50-MoCoV2-BS256', 'train_type': 'selfsupervised', 'train_data': 'imagenet', 'model_source': 'vissl', 'call': "get_vissl_model('ResNet50-MoCoV2-BS256')"}
Image transforms for ResNet50-MoCoV2-BS256_selfsupervised: Compose(
    Resize(size=(224, 224), interpolation=bilinear, max_size=None, antialias=True)
    ToTensor()
    Normalize(mean=[0.485, 0.456, 0.406], std=[0.229, 0.224, 0.225])
)
Downloading: "https://dl.fbaipublicfiles.com/vissl/model_zoo/moco_v2_1node_lr.03_step_b32_zero_init/model_final_checkpoint_phase199.torch" to /home/ohadshee/.cache/torch/hub/checkpoints/model_final_checkpoint_phase199.torch
Loaded model: ResNet50-MoCoV2-BS256_selfsupervised
Ordered layers from model: ['Conv2d-1', 'BatchNorm2d-1', 'ReLU-1', 'MaxPool2d-1', 'Conv2d-2', 'BatchNorm2d-2', 'ReLU-2', 'Conv2d-3', 'BatchNorm2d-3', 'ReLU-3', 'Conv2d-4', 'BatchNorm2d-4', 'Conv2d-5', 'BatchNorm2d-5', 'ReLU-4', 'Bottleneck-1', 'Conv2d-6', 'BatchNorm2d-6', 'ReLU-5', 'Conv2d-7', 'BatchNorm2d-7', 'ReLU-6', 'Conv2d-8', 'BatchNorm2d-8', 'ReLU-7', 'Bottleneck-2', 'Conv2d-9', 'BatchNorm2d-9', 'ReLU-8', 'Conv2d-10', 'BatchNorm2d-10', 'ReLU-9', 'Conv2d-11', 'BatchNorm2d-11', 'ReLU-10', 'Bottleneck-3', 'Conv2d-12', 'BatchNorm2d-12', 'ReLU-11', 'Conv2d-13', 'BatchNorm2d-13', 'ReLU-12', 'Conv2d-14', 'BatchNorm2d-14', 'Conv2d-15', 'BatchNorm2d-15', 'ReLU-13', 'Bottleneck-4', 'Conv2d-16', 'BatchNorm2d-16', 'ReLU-14', 'Conv2d-17', 'BatchNorm2d-17', 'ReLU-15', 'Conv2d-18', 'BatchNorm2d-18', 'ReLU-16', 'Bottleneck-5', 'Conv2d-19', 'BatchNorm2d-19', 'ReLU-17', 'Conv2d-20', 'BatchNorm2d-20', 'ReLU-18', 'Conv2d-21', 'BatchNorm2d-21', 'ReLU-19', 'Bottleneck-6', 'Conv2d-22', 'BatchNorm2d-22', 'ReLU-20', 'Conv2d-23', 'BatchNorm2d-23', 'ReLU-21', 'Conv2d-24', 'BatchNorm2d-24', 'ReLU-22', 'Bottleneck-7', 'Conv2d-25', 'BatchNorm2d-25', 'ReLU-23', 'Conv2d-26', 'BatchNorm2d-26', 'ReLU-24', 'Conv2d-27', 'BatchNorm2d-27', 'Conv2d-28', 'BatchNorm2d-28', 'ReLU-25', 'Bottleneck-8', 'Conv2d-29', 'BatchNorm2d-29', 'ReLU-26', 'Conv2d-30', 'BatchNorm2d-30', 'ReLU-27', 'Conv2d-31', 'BatchNorm2d-31', 'ReLU-28', 'Bottleneck-9', 'Conv2d-32', 'BatchNorm2d-32', 'ReLU-29', 'Conv2d-33', 'BatchNorm2d-33', 'ReLU-30', 'Conv2d-34', 'BatchNorm2d-34', 'ReLU-31', 'Bottleneck-10', 'Conv2d-35', 'BatchNorm2d-35', 'ReLU-32', 'Conv2d-36', 'BatchNorm2d-36', 'ReLU-33', 'Conv2d-37', 'BatchNorm2d-37', 'ReLU-34', 'Bottleneck-11', 'Conv2d-38', 'BatchNorm2d-38', 'ReLU-35', 'Conv2d-39', 'BatchNorm2d-39', 'ReLU-36', 'Conv2d-40', 'BatchNorm2d-40', 'ReLU-37', 'Bottleneck-12', 'Conv2d-41', 'BatchNorm2d-41', 'ReLU-38', 'Conv2d-42', 'BatchNorm2d-42', 'ReLU-39', 'Conv2d-43', 'BatchNorm2d-43', 'ReLU-40', 'Bottleneck-13', 'Conv2d-44', 'BatchNorm2d-44', 'ReLU-41', 'Conv2d-45', 'BatchNorm2d-45', 'ReLU-42', 'Conv2d-46', 'BatchNorm2d-46', 'Conv2d-47', 'BatchNorm2d-47', 'ReLU-43', 'Bottleneck-14', 'Conv2d-48', 'BatchNorm2d-48', 'ReLU-44', 'Conv2d-49', 'BatchNorm2d-49', 'ReLU-45', 'Conv2d-50', 'BatchNorm2d-50', 'ReLU-46', 'Bottleneck-15', 'Conv2d-51', 'BatchNorm2d-51', 'ReLU-47', 'Conv2d-52', 'BatchNorm2d-52', 'ReLU-48', 'Conv2d-53', 'BatchNorm2d-53', 'ReLU-49', 'Bottleneck-16', 'AdaptiveAvgPool2d-1', 'Identity-1', 'ResNet-1']
Total number of layers: 175

==================================================
Processing layer: Conv2d-49 from model: ResNet50-MoCoV2-BS256_selfsupervised

For model ResNet50-MoCoV2-BS256_selfsupervised Layer Conv2d-49: Extracting features for 9000 images in batches of 28...
Feature extraction for model ResNet50-MoCoV2-BS256_selfsupervised layer Conv2d-49 completed in 722.02 seconds.
Finding best ridge alphas for 200 target PCs using 25088 features and 9000 samples.
Using alphas: 10^4 to 10^20, 50 values spaced logarithmically.
[Pipeline] ........... (step 1 of 1) Processing ridgecv, total= 3.5min

Selected alpha and cross-validation score for each PC:
Finished finding best ridge alphas for each target PC.✅

PC   1: alpha = 10000, CV score = -1799.455385

PC   2: alpha = 10000, CV score = -1139.133449

PC   3: alpha = 10000, CV score = -607.470631

PC   4: alpha = 10000, CV score = -376.102844

PC   5: alpha = 10000, CV score = -265.917128

PC   6: alpha = 10000, CV score = -202.925966

PC   7: alpha = 10000, CV score = -183.056136

PC   8: alpha = 10000, CV score = -153.847689

PC   9: alpha = 10000, CV score = -133.295084

PC  10: alpha = 10000, CV score = -110.427778

PC  11: alpha = 10000, CV score = -102.892183

PC  12: alpha = 10000, CV score = -96.394705

PC  13: alpha = 10000, CV score = -98.908037

PC  14: alpha = 10000, CV score = -89.801759

PC  15: alpha = 10000, CV score = -81.857742

PC  16: alpha = 10000, CV score = -82.136113

PC  17: alpha = 10000, CV score = -78.034245

PC  18: alpha = 10000, CV score = -75.836356

PC  19: alpha = 10000, CV score = -71.905013

PC  20: alpha = 10000, CV score = -68.994484

PC  21: alpha = 10000, CV score = -65.312391

PC  22: alpha = 10000, CV score = -62.112965

PC  23: alpha = 10000, CV score = -60.351536

PC  24: alpha = 10000, CV score = -57.733248

PC  25: alpha = 10000, CV score = -56.697066

PC  26: alpha = 10000, CV score = -54.022476

PC  27: alpha = 10000, CV score = -51.747737

PC  28: alpha = 10000, CV score = -49.981075

PC  29: alpha = 10000, CV score = -48.715215

PC  30: alpha = 10000, CV score = -45.087709

PC  31: alpha = 10000, CV score = -45.156173

PC  32: alpha = 10000, CV score = -42.727080

PC  33: alpha = 10000, CV score = -40.965090

PC  34: alpha = 10000, CV score = -39.817741

PC  35: alpha = 10000, CV score = -38.041405

PC  36: alpha = 10000, CV score = -36.132283

PC  37: alpha = 10000, CV score = -36.222522

PC  38: alpha = 10000, CV score = -34.842703

PC  39: alpha = 10000, CV score = -34.722526

PC  40: alpha = 10000, CV score = -33.099466

PC  41: alpha = 10000, CV score = -31.945027

PC  42: alpha = 10000, CV score = -30.790620

PC  43: alpha = 10000, CV score = -30.396547

PC  44: alpha = 10000, CV score = -29.850150

PC  45: alpha = 10000, CV score = -28.867673

PC  46: alpha = 10000, CV score = -28.758522

PC  47: alpha = 10000, CV score = -27.291133

PC  48: alpha = 10000, CV score = -26.663630

PC  49: alpha = 10000, CV score = -26.543867

PC  50: alpha = 10000, CV score = -25.592180

PC  51: alpha = 10000, CV score = -24.322378

PC  52: alpha = 10000, CV score = -24.319345

PC  53: alpha = 10000, CV score = -24.092025

PC  54: alpha = 10000, CV score = -23.511684

PC  55: alpha = 10000, CV score = -22.847352

PC  56: alpha = 10000, CV score = -22.206522

PC  57: alpha = 10000, CV score = -22.202241

PC  58: alpha = 10000, CV score = -21.592761

PC  59: alpha = 10000, CV score = -20.814268

PC  60: alpha = 10000, CV score = -20.410633

PC  61: alpha = 10000, CV score = -19.990409

PC  62: alpha = 10000, CV score = -19.628039

PC  63: alpha = 10000, CV score = -19.206082

PC  64: alpha = 10000, CV score = -18.799977

PC  65: alpha = 10000, CV score = -18.287504

PC  66: alpha = 10000, CV score = -18.314786

PC  67: alpha = 10000, CV score = -17.947514

PC  68: alpha = 10000, CV score = -17.774067

PC  69: alpha = 10000, CV score = -17.426981

PC  70: alpha = 10000, CV score = -16.977467

PC  71: alpha = 10000, CV score = -16.938387

PC  72: alpha = 10000, CV score = -16.332714

PC  73: alpha = 10000, CV score = -16.015772

PC  74: alpha = 10000, CV score = -15.803223

PC  75: alpha = 10000, CV score = -15.514316

PC  76: alpha = 10000, CV score = -15.153728

PC  77: alpha = 10000, CV score = -14.921208

PC  78: alpha = 10000, CV score = -14.793805

PC  79: alpha = 10000, CV score = -14.725950

PC  80: alpha = 10000, CV score = -14.352762

PC  81: alpha = 10000, CV score = -14.329743

PC  82: alpha = 10000, CV score = -14.025158

PC  83: alpha = 10000, CV score = -13.853449

PC  84: alpha = 10000, CV score = -13.387508

PC  85: alpha = 10000, CV score = -13.273924

PC  86: alpha = 10000, CV score = -13.069111

PC  87: alpha = 10000, CV score = -12.995194

PC  88: alpha = 10000, CV score = -12.784406

PC  89: alpha = 10000, CV score = -12.728892

PC  90: alpha = 10000, CV score = -12.542335

PC  91: alpha = 10000, CV score = -12.495202

PC  92: alpha = 10000, CV score = -12.163989

PC  93: alpha = 10000, CV score = -12.074082

PC  94: alpha = 10000, CV score = -11.825069

PC  95: alpha = 10000, CV score = -11.765754

PC  96: alpha = 10000, CV score = -11.635980

PC  97: alpha = 10000, CV score = -11.506431

PC  98: alpha = 10000, CV score = -11.289244

PC  99: alpha = 10000, CV score = -11.111479

PC 100: alpha = 10000, CV score = -11.010203

PC 101: alpha = 10000, CV score = -10.874248

PC 102: alpha = 10000, CV score = -10.546389

PC 103: alpha = 10000, CV score = -10.544679

PC 104: alpha = 10000, CV score = -10.424651

PC 105: alpha = 10000, CV score = -10.390469

PC 106: alpha = 10000, CV score = -10.192339

PC 107: alpha = 10000, CV score = -10.177699

PC 108: alpha = 10000, CV score = -10.019544

PC 109: alpha = 10000, CV score = -10.036189

PC 110: alpha = 10000, CV score = -9.853663

PC 111: alpha = 10000, CV score = -9.785822

PC 112: alpha = 10000, CV score = -9.697789

PC 113: alpha = 10000, CV score = -9.653739

PC 114: alpha = 10000, CV score = -9.438450

PC 115: alpha = 10000, CV score = -9.336097

PC 116: alpha = 10000, CV score = -9.295362

PC 117: alpha = 10000, CV score = -9.215368

PC 118: alpha = 10000, CV score = -9.143466

PC 119: alpha = 10000, CV score = -9.044266

PC 120: alpha = 10000, CV score = -8.915092

PC 121: alpha = 10000, CV score = -8.946065

PC 122: alpha = 10000, CV score = -8.748153

PC 123: alpha = 10000, CV score = -8.602090

PC 124: alpha = 10000, CV score = -8.574864

PC 125: alpha = 10000, CV score = -8.512482

PC 126: alpha = 10000, CV score = -8.388076

PC 127: alpha = 10000, CV score = -8.282554

PC 128: alpha = 10000, CV score = -8.295227

PC 129: alpha = 10000, CV score = -8.207811

PC 130: alpha = 10000, CV score = -8.152610

PC 131: alpha = 10000, CV score = -8.055382

PC 132: alpha = 10000, CV score = -8.049722

PC 133: alpha = 10000, CV score = -7.955931

PC 134: alpha = 10000, CV score = -7.890632

PC 135: alpha = 10000, CV score = -7.735618

PC 136: alpha = 10000, CV score = -7.651716

PC 137: alpha = 10000, CV score = -7.558447

PC 138: alpha = 10000, CV score = -7.526045

PC 139: alpha = 10000, CV score = -7.488322

PC 140: alpha = 10000, CV score = -7.356916

PC 141: alpha = 10000, CV score = -7.354738

PC 142: alpha = 10000, CV score = -7.317760

PC 143: alpha = 10000, CV score = -7.196694

PC 144: alpha = 10000, CV score = -7.174452

PC 145: alpha = 10000, CV score = -7.143849

PC 146: alpha = 10000, CV score = -7.085131

PC 147: alpha = 10000, CV score = -7.074329

PC 148: alpha = 10000, CV score = -6.987789

PC 149: alpha = 10000, CV score = -6.892820

PC 150: alpha = 10000, CV score = -6.829030

PC 151: alpha = 10000, CV score = -6.779119

PC 152: alpha = 10000, CV score = -6.735170

PC 153: alpha = 10000, CV score = -6.643298

PC 154: alpha = 10000, CV score = -6.595504

PC 155: alpha = 10000, CV score = -6.532957

PC 156: alpha = 10000, CV score = -6.522989

PC 157: alpha = 10000, CV score = -6.447040

PC 158: alpha = 10000, CV score = -6.399778

PC 159: alpha = 10000, CV score = -6.361173

PC 160: alpha = 10000, CV score = -6.324732

PC 161: alpha = 10000, CV score = -6.285384

PC 162: alpha = 10000, CV score = -6.213601

PC 163: alpha = 10000, CV score = -6.185581

PC 164: alpha = 10000, CV score = -6.075079

PC 165: alpha = 10000, CV score = -6.056688

PC 166: alpha = 10000, CV score = -6.024944

PC 167: alpha = 10000, CV score = -5.971639

PC 168: alpha = 10000, CV score = -5.912199

PC 169: alpha = 10000, CV score = -5.890134

PC 170: alpha = 10000, CV score = -5.854125

PC 171: alpha = 10000, CV score = -5.839825

PC 172: alpha = 10000, CV score = -5.794467

PC 173: alpha = 10000, CV score = -5.716208

PC 174: alpha = 10000, CV score = -5.704805

PC 175: alpha = 10000, CV score = -5.688583

PC 176: alpha = 10000, CV score = -5.605698

PC 177: alpha = 10000, CV score = -5.560174

PC 178: alpha = 10000, CV score = -5.552034

PC 179: alpha = 10000, CV score = -5.512683

PC 180: alpha = 10000, CV score = -5.471480

PC 181: alpha = 10000, CV score = -5.449819

PC 182: alpha = 10000, CV score = -5.433198

PC 183: alpha = 10000, CV score = -5.355016

PC 184: alpha = 10000, CV score = -5.336158

PC 185: alpha = 10000, CV score = -5.323451

PC 186: alpha = 10000, CV score = -5.288037

PC 187: alpha = 10000, CV score = -5.213204

PC 188: alpha = 10000, CV score = -5.187604

PC 189: alpha = 10000, CV score = -5.140576

PC 190: alpha = 10000, CV score = -5.090756

PC 191: alpha = 10000, CV score = -5.068449

PC 192: alpha = 10000, CV score = -5.047341

PC 193: alpha = 10000, CV score = -5.035235

PC 194: alpha = 10000, CV score = -5.001621

PC 195: alpha = 10000, CV score = -4.974774

PC 196: alpha = 10000, CV score = -4.960046

PC 197: alpha = 10000, CV score = -4.923418

PC 198: alpha = 10000, CV score = -4.885120

PC 199: alpha = 10000, CV score = -4.865712

PC 200: alpha = 10000, CV score = -4.825417

Mean cross-validation score across PCs: -42.839771

======================================================================================
Changed model name: ViT-B_32_clip -> ViT-B/32_clip

Chosen model: ViT-B/32_clip
Number of images: 73000
Image shape: (425, 425, 3), dtype: uint8
nsdID shape: (73000,), Shared1000 shape: (73000,)
Neural data shape: (10000, 8088)
Image IDs shape: (10000,)
Number of voxels: 8088
Number of projections for SRP: 7894

Loaded target with shape (10000, 8088).
Transformed data shape: (9000, 200)
Model options for ViT-B/32_clip: {'model_name': 'ViT-B/32', 'train_type': 'clip', 'train_data': 'openai400M', 'model_source': 'clip', 'call': "get_clip_model('ViT-B/32')"}
Image transforms for ViT-B/32_clip: Compose(
    Resize(size=224, interpolation=bicubic, max_size=None, antialias=True)
    CenterCrop(size=(224, 224))
    <function _convert_image_to_rgb at 0x7f371eb420c0>
    ToTensor()
    Normalize(mean=(0.48145466, 0.4578275, 0.40821073), std=(0.26862954, 0.26130258, 0.27577711))
)
Loaded model: ViT-B/32_clip
Ordered layers from model: ['Conv2d-1', 'LayerNorm-1', 'LayerNorm-2', 'MultiheadAttention-1-1', 'LayerNorm-3', 'Linear-1', 'QuickGELU-1', 'Linear-2', 'ResidualAttentionBlock-1', 'LayerNorm-4', 'MultiheadAttention-2-1', 'LayerNorm-5', 'Linear-3', 'QuickGELU-2', 'Linear-4', 'ResidualAttentionBlock-2', 'LayerNorm-6', 'MultiheadAttention-3-1', 'LayerNorm-7', 'Linear-5', 'QuickGELU-3', 'Linear-6', 'ResidualAttentionBlock-3', 'LayerNorm-8', 'MultiheadAttention-4-1', 'LayerNorm-9', 'Linear-7', 'QuickGELU-4', 'Linear-8', 'ResidualAttentionBlock-4', 'LayerNorm-10', 'MultiheadAttention-5-1', 'LayerNorm-11', 'Linear-9', 'QuickGELU-5', 'Linear-10', 'ResidualAttentionBlock-5', 'LayerNorm-12', 'MultiheadAttention-6-1', 'LayerNorm-13', 'Linear-11', 'QuickGELU-6', 'Linear-12', 'ResidualAttentionBlock-6', 'LayerNorm-14', 'MultiheadAttention-7-1', 'LayerNorm-15', 'Linear-13', 'QuickGELU-7', 'Linear-14', 'ResidualAttentionBlock-7', 'LayerNorm-16', 'MultiheadAttention-8-1', 'LayerNorm-17', 'Linear-15', 'QuickGELU-8', 'Linear-16', 'ResidualAttentionBlock-8', 'LayerNorm-18', 'MultiheadAttention-9-1', 'LayerNorm-19', 'Linear-17', 'QuickGELU-9', 'Linear-18', 'ResidualAttentionBlock-9', 'LayerNorm-20', 'MultiheadAttention-10-1', 'LayerNorm-21', 'Linear-19', 'QuickGELU-10', 'Linear-20', 'ResidualAttentionBlock-10', 'LayerNorm-22', 'MultiheadAttention-11-1', 'LayerNorm-23', 'Linear-21', 'QuickGELU-11', 'Linear-22', 'ResidualAttentionBlock-11', 'LayerNorm-24', 'MultiheadAttention-12-1', 'LayerNorm-25', 'Linear-23', 'QuickGELU-12', 'Linear-24', 'ResidualAttentionBlock-12', 'Transformer-1', 'LayerNorm-26', 'VisionTransformer-1']
Total number of layers: 89
No overall best layer found for model ViT-B/32_clip
