model_name,layer_index,pc_index,alpha
nf_resnet50_classification,141,1,52140082.87999684
nf_resnet50_classification,141,2,21544346.900318824
nf_resnet50_classification,141,3,13848863.713938717
nf_resnet50_classification,141,4,21544346.900318824
nf_resnet50_classification,141,5,21544346.900318824
nf_resnet50_classification,141,6,33516026.50938841
nf_resnet50_classification,141,7,33516026.50938841
nf_resnet50_classification,141,8,126185688.30660184
nf_resnet50_classification,141,9,33516026.50938841
nf_resnet50_classification,141,10,21544346.900318824
nf_resnet50_classification,141,11,52140082.87999684
nf_resnet50_classification,141,12,21544346.900318824
nf_resnet50_classification,141,13,81113083.07896855
nf_resnet50_classification,141,14,52140082.87999684
nf_resnet50_classification,141,15,33516026.50938841
nf_resnet50_classification,141,16,52140082.87999684
nf_resnet50_classification,141,17,52140082.87999684
nf_resnet50_classification,141,18,81113083.07896855
nf_resnet50_classification,141,19,52140082.87999684
nf_resnet50_classification,141,20,81113083.07896855
nf_resnet50_classification,141,21,52140082.87999684
nf_resnet50_classification,141,22,81113083.07896855
nf_resnet50_classification,141,23,52140082.87999684
nf_resnet50_classification,141,24,81113083.07896855
nf_resnet50_classification,141,25,52140082.87999684
nf_resnet50_classification,141,26,81113083.07896855
nf_resnet50_classification,141,27,52140082.87999684
nf_resnet50_classification,141,28,126185688.30660184
nf_resnet50_classification,141,29,81113083.07896855
nf_resnet50_classification,141,30,52140082.87999684
nf_resnet50_classification,141,31,52140082.87999684
nf_resnet50_classification,141,32,52140082.87999684
nf_resnet50_classification,141,33,52140082.87999684
nf_resnet50_classification,141,34,126185688.30660184
nf_resnet50_classification,141,35,52140082.87999684
nf_resnet50_classification,141,36,81113083.07896855
nf_resnet50_classification,141,37,81113083.07896855
nf_resnet50_classification,141,38,52140082.87999684
nf_resnet50_classification,141,39,81113083.07896855
nf_resnet50_classification,141,40,81113083.07896855
nf_resnet50_classification,141,41,126185688.30660184
nf_resnet50_classification,141,42,81113083.07896855
nf_resnet50_classification,141,43,81113083.07896855
nf_resnet50_classification,141,44,126185688.30660184
nf_resnet50_classification,141,45,52140082.87999684
nf_resnet50_classification,141,46,126185688.30660184
nf_resnet50_classification,141,47,52140082.87999684
nf_resnet50_classification,141,48,21544346.900318824
nf_resnet50_classification,141,49,52140082.87999684
nf_resnet50_classification,141,50,81113083.07896855
nf_resnet50_classification,141,51,52140082.87999684
nf_resnet50_classification,141,52,81113083.07896855
nf_resnet50_classification,141,53,52140082.87999684
nf_resnet50_classification,141,54,81113083.07896855
nf_resnet50_classification,141,55,81113083.07896855
nf_resnet50_classification,141,56,52140082.87999684
nf_resnet50_classification,141,57,52140082.87999684
nf_resnet50_classification,141,58,52140082.87999684
nf_resnet50_classification,141,59,126185688.30660184
nf_resnet50_classification,141,60,81113083.07896855
nf_resnet50_classification,141,61,81113083.07896855
nf_resnet50_classification,141,62,52140082.87999684
nf_resnet50_classification,141,63,52140082.87999684
nf_resnet50_classification,141,64,81113083.07896855
nf_resnet50_classification,141,65,33516026.50938841
nf_resnet50_classification,141,66,52140082.87999684
nf_resnet50_classification,141,67,81113083.07896855
nf_resnet50_classification,141,68,196304065.00402683
nf_resnet50_classification,141,69,81113083.07896855
nf_resnet50_classification,141,70,81113083.07896855
nf_resnet50_classification,141,71,81113083.07896855
nf_resnet50_classification,141,72,81113083.07896855
nf_resnet50_classification,141,73,126185688.30660184
nf_resnet50_classification,141,74,81113083.07896855
nf_resnet50_classification,141,75,126185688.30660184
nf_resnet50_classification,141,76,52140082.87999684
nf_resnet50_classification,141,77,52140082.87999684
nf_resnet50_classification,141,78,81113083.07896855
nf_resnet50_classification,141,79,52140082.87999684
nf_resnet50_classification,141,80,81113083.07896855
nf_resnet50_classification,141,81,81113083.07896855
nf_resnet50_classification,141,82,81113083.07896855
nf_resnet50_classification,141,83,81113083.07896855
nf_resnet50_classification,141,84,81113083.07896855
nf_resnet50_classification,141,85,52140082.87999684
nf_resnet50_classification,141,86,126185688.30660184
nf_resnet50_classification,141,87,81113083.07896855
nf_resnet50_classification,141,88,52140082.87999684
nf_resnet50_classification,141,89,52140082.87999684
nf_resnet50_classification,141,90,81113083.07896855
nf_resnet50_classification,141,91,81113083.07896855
nf_resnet50_classification,141,92,52140082.87999684
nf_resnet50_classification,141,93,126185688.30660184
nf_resnet50_classification,141,94,81113083.07896855
nf_resnet50_classification,141,95,81113083.07896855
nf_resnet50_classification,141,96,126185688.30660184
nf_resnet50_classification,141,97,81113083.07896855
nf_resnet50_classification,141,98,126185688.30660184
nf_resnet50_classification,141,99,305385550.88334125
nf_resnet50_classification,141,100,81113083.07896855
nf_resnet50_classification,141,101,81113083.07896855
nf_resnet50_classification,141,102,52140082.87999684
nf_resnet50_classification,141,103,81113083.07896855
nf_resnet50_classification,141,104,81113083.07896855
nf_resnet50_classification,141,105,81113083.07896855
nf_resnet50_classification,141,106,81113083.07896855
nf_resnet50_classification,141,107,81113083.07896855
nf_resnet50_classification,141,108,81113083.07896855
nf_resnet50_classification,141,109,81113083.07896855
nf_resnet50_classification,141,110,126185688.30660184
nf_resnet50_classification,141,111,196304065.00402683
nf_resnet50_classification,141,112,81113083.07896855
nf_resnet50_classification,141,113,126185688.30660184
nf_resnet50_classification,141,114,81113083.07896855
nf_resnet50_classification,141,115,126185688.30660184
nf_resnet50_classification,141,116,126185688.30660184
nf_resnet50_classification,141,117,81113083.07896855
nf_resnet50_classification,141,118,81113083.07896855
nf_resnet50_classification,141,119,81113083.07896855
nf_resnet50_classification,141,120,52140082.87999684
nf_resnet50_classification,141,121,126185688.30660184
nf_resnet50_classification,141,122,126185688.30660184
nf_resnet50_classification,141,123,81113083.07896855
nf_resnet50_classification,141,124,126185688.30660184
nf_resnet50_classification,141,125,126185688.30660184
nf_resnet50_classification,141,126,81113083.07896855
nf_resnet50_classification,141,127,81113083.07896855
nf_resnet50_classification,141,128,126185688.30660184
nf_resnet50_classification,141,129,81113083.07896855
nf_resnet50_classification,141,130,81113083.07896855
nf_resnet50_classification,141,131,81113083.07896855
nf_resnet50_classification,141,132,126185688.30660184
nf_resnet50_classification,141,133,126185688.30660184
nf_resnet50_classification,141,134,126185688.30660184
nf_resnet50_classification,141,135,126185688.30660184
nf_resnet50_classification,141,136,81113083.07896855
nf_resnet50_classification,141,137,126185688.30660184
nf_resnet50_classification,141,138,126185688.30660184
nf_resnet50_classification,141,139,81113083.07896855
nf_resnet50_classification,141,140,126185688.30660184
nf_resnet50_classification,141,141,126185688.30660184
nf_resnet50_classification,141,142,126185688.30660184
nf_resnet50_classification,141,143,126185688.30660184
nf_resnet50_classification,141,144,126185688.30660184
nf_resnet50_classification,141,145,126185688.30660184
nf_resnet50_classification,141,146,126185688.30660184
nf_resnet50_classification,141,147,126185688.30660184
nf_resnet50_classification,141,148,126185688.30660184
nf_resnet50_classification,141,149,126185688.30660184
nf_resnet50_classification,141,150,81113083.07896855
hardcorenas_f_classification,294,1,7564.633275546283
hardcorenas_f_classification,294,2,2009.2330025650458
hardcorenas_f_classification,294,3,2009.2330025650458
hardcorenas_f_classification,294,4,1291.549665014884
hardcorenas_f_classification,294,5,3125.7158496882353
hardcorenas_f_classification,294,6,4862.601580065353
hardcorenas_f_classification,294,7,3125.7158496882353
hardcorenas_f_classification,294,8,11768.119524349991
hardcorenas_f_classification,294,9,3125.7158496882353
hardcorenas_f_classification,294,10,3125.7158496882353
hardcorenas_f_classification,294,11,4862.601580065353
hardcorenas_f_classification,294,12,2009.2330025650458
hardcorenas_f_classification,294,13,11768.119524349991
hardcorenas_f_classification,294,14,7564.633275546283
hardcorenas_f_classification,294,15,3125.7158496882353
hardcorenas_f_classification,294,16,7564.633275546283
hardcorenas_f_classification,294,17,7564.633275546283
hardcorenas_f_classification,294,18,11768.119524349991
hardcorenas_f_classification,294,19,4862.601580065353
hardcorenas_f_classification,294,20,7564.633275546283
hardcorenas_f_classification,294,21,4862.601580065353
hardcorenas_f_classification,294,22,7564.633275546283
hardcorenas_f_classification,294,23,4862.601580065353
hardcorenas_f_classification,294,24,11768.119524349991
hardcorenas_f_classification,294,25,4862.601580065353
hardcorenas_f_classification,294,26,11768.119524349991
hardcorenas_f_classification,294,27,7564.633275546283
hardcorenas_f_classification,294,28,11768.119524349991
hardcorenas_f_classification,294,29,7564.633275546283
hardcorenas_f_classification,294,30,7564.633275546283
hardcorenas_f_classification,294,31,4862.601580065353
hardcorenas_f_classification,294,32,4862.601580065353
hardcorenas_f_classification,294,33,7564.633275546283
hardcorenas_f_classification,294,34,11768.119524349991
hardcorenas_f_classification,294,35,7564.633275546283
hardcorenas_f_classification,294,36,7564.633275546283
hardcorenas_f_classification,294,37,11768.119524349991
hardcorenas_f_classification,294,38,4862.601580065353
hardcorenas_f_classification,294,39,11768.119524349991
hardcorenas_f_classification,294,40,7564.633275546283
hardcorenas_f_classification,294,41,11768.119524349991
hardcorenas_f_classification,294,42,7564.633275546283
hardcorenas_f_classification,294,43,7564.633275546283
hardcorenas_f_classification,294,44,11768.119524349991
hardcorenas_f_classification,294,45,4862.601580065353
hardcorenas_f_classification,294,46,18307.382802953696
hardcorenas_f_classification,294,47,7564.633275546283
hardcorenas_f_classification,294,48,3125.7158496882353
hardcorenas_f_classification,294,49,7564.633275546283
hardcorenas_f_classification,294,50,7564.633275546283
hardcorenas_f_classification,294,51,4862.601580065353
hardcorenas_f_classification,294,52,7564.633275546283
hardcorenas_f_classification,294,53,4862.601580065353
hardcorenas_f_classification,294,54,11768.119524349991
hardcorenas_f_classification,294,55,7564.633275546283
hardcorenas_f_classification,294,56,4862.601580065353
hardcorenas_f_classification,294,57,7564.633275546283
hardcorenas_f_classification,294,58,7564.633275546283
hardcorenas_f_classification,294,59,18307.382802953696
hardcorenas_f_classification,294,60,7564.633275546283
hardcorenas_f_classification,294,61,7564.633275546283
hardcorenas_f_classification,294,62,7564.633275546283
hardcorenas_f_classification,294,63,7564.633275546283
hardcorenas_f_classification,294,64,7564.633275546283
hardcorenas_f_classification,294,65,4862.601580065353
hardcorenas_f_classification,294,66,7564.633275546283
hardcorenas_f_classification,294,67,11768.119524349991
hardcorenas_f_classification,294,68,28480.35868435799
hardcorenas_f_classification,294,69,7564.633275546283
hardcorenas_f_classification,294,70,7564.633275546283
hardcorenas_f_classification,294,71,4862.601580065353
hardcorenas_f_classification,294,72,7564.633275546283
hardcorenas_f_classification,294,73,11768.119524349991
hardcorenas_f_classification,294,74,7564.633275546283
hardcorenas_f_classification,294,75,11768.119524349991
hardcorenas_f_classification,294,76,7564.633275546283
hardcorenas_f_classification,294,77,4862.601580065353
hardcorenas_f_classification,294,78,11768.119524349991
hardcorenas_f_classification,294,79,7564.633275546283
hardcorenas_f_classification,294,80,7564.633275546283
hardcorenas_f_classification,294,81,11768.119524349991
hardcorenas_f_classification,294,82,7564.633275546283
hardcorenas_f_classification,294,83,7564.633275546283
hardcorenas_f_classification,294,84,11768.119524349991
hardcorenas_f_classification,294,85,7564.633275546283
hardcorenas_f_classification,294,86,11768.119524349991
hardcorenas_f_classification,294,87,11768.119524349991
hardcorenas_f_classification,294,88,7564.633275546283
hardcorenas_f_classification,294,89,7564.633275546283
hardcorenas_f_classification,294,90,7564.633275546283
hardcorenas_f_classification,294,91,11768.119524349991
hardcorenas_f_classification,294,92,7564.633275546283
hardcorenas_f_classification,294,93,18307.382802953696
hardcorenas_f_classification,294,94,7564.633275546283
hardcorenas_f_classification,294,95,7564.633275546283
hardcorenas_f_classification,294,96,11768.119524349991
hardcorenas_f_classification,294,97,11768.119524349991
hardcorenas_f_classification,294,98,11768.119524349991
hardcorenas_f_classification,294,99,28480.35868435799
hardcorenas_f_classification,294,100,7564.633275546283
hardcorenas_f_classification,294,101,7564.633275546283
hardcorenas_f_classification,294,102,7564.633275546283
hardcorenas_f_classification,294,103,11768.119524349991
hardcorenas_f_classification,294,104,7564.633275546283
hardcorenas_f_classification,294,105,7564.633275546283
hardcorenas_f_classification,294,106,7564.633275546283
hardcorenas_f_classification,294,107,11768.119524349991
hardcorenas_f_classification,294,108,7564.633275546283
hardcorenas_f_classification,294,109,11768.119524349991
hardcorenas_f_classification,294,110,18307.382802953696
hardcorenas_f_classification,294,111,28480.35868435799
hardcorenas_f_classification,294,112,7564.633275546283
hardcorenas_f_classification,294,113,11768.119524349991
hardcorenas_f_classification,294,114,11768.119524349991
hardcorenas_f_classification,294,115,7564.633275546283
hardcorenas_f_classification,294,116,18307.382802953696
hardcorenas_f_classification,294,117,7564.633275546283
hardcorenas_f_classification,294,118,11768.119524349991
hardcorenas_f_classification,294,119,11768.119524349991
hardcorenas_f_classification,294,120,7564.633275546283
hardcorenas_f_classification,294,121,18307.382802953696
hardcorenas_f_classification,294,122,7564.633275546283
hardcorenas_f_classification,294,123,7564.633275546283
hardcorenas_f_classification,294,124,11768.119524349991
hardcorenas_f_classification,294,125,11768.119524349991
hardcorenas_f_classification,294,126,7564.633275546283
hardcorenas_f_classification,294,127,7564.633275546283
hardcorenas_f_classification,294,128,11768.119524349991
hardcorenas_f_classification,294,129,7564.633275546283
hardcorenas_f_classification,294,130,7564.633275546283
hardcorenas_f_classification,294,131,7564.633275546283
hardcorenas_f_classification,294,132,18307.382802953696
hardcorenas_f_classification,294,133,11768.119524349991
hardcorenas_f_classification,294,134,18307.382802953696
hardcorenas_f_classification,294,135,18307.382802953696
hardcorenas_f_classification,294,136,7564.633275546283
hardcorenas_f_classification,294,137,11768.119524349991
hardcorenas_f_classification,294,138,18307.382802953696
hardcorenas_f_classification,294,139,7564.633275546283
hardcorenas_f_classification,294,140,11768.119524349991
hardcorenas_f_classification,294,141,11768.119524349991
hardcorenas_f_classification,294,142,11768.119524349991
hardcorenas_f_classification,294,143,18307.382802953696
hardcorenas_f_classification,294,144,18307.382802953696
hardcorenas_f_classification,294,145,11768.119524349991
hardcorenas_f_classification,294,146,11768.119524349991
hardcorenas_f_classification,294,147,18307.382802953696
hardcorenas_f_classification,294,148,11768.119524349991
hardcorenas_f_classification,294,149,11768.119524349991
hardcorenas_f_classification,294,150,11768.119524349991
eca_nfnet_l0_classification,134,1,259502.4211399732
eca_nfnet_l0_classification,134,2,68926.12104349695
eca_nfnet_l0_classification,134,3,68926.12104349695
eca_nfnet_l0_classification,134,4,68926.12104349695
eca_nfnet_l0_classification,134,5,107226.72220103232
eca_nfnet_l0_classification,134,6,107226.72220103232
eca_nfnet_l0_classification,134,7,166810.0537200059
eca_nfnet_l0_classification,134,8,403701.72585965495
eca_nfnet_l0_classification,134,9,166810.0537200059
eca_nfnet_l0_classification,134,10,107226.72220103232
eca_nfnet_l0_classification,134,11,107226.72220103232
eca_nfnet_l0_classification,134,12,68926.12104349695
eca_nfnet_l0_classification,134,13,259502.4211399732
eca_nfnet_l0_classification,134,14,166810.0537200059
eca_nfnet_l0_classification,134,15,107226.72220103232
eca_nfnet_l0_classification,134,16,166810.0537200059
eca_nfnet_l0_classification,134,17,166810.0537200059
eca_nfnet_l0_classification,134,18,259502.4211399732
eca_nfnet_l0_classification,134,19,166810.0537200059
eca_nfnet_l0_classification,134,20,259502.4211399732
eca_nfnet_l0_classification,134,21,166810.0537200059
eca_nfnet_l0_classification,134,22,166810.0537200059
eca_nfnet_l0_classification,134,23,166810.0537200059
eca_nfnet_l0_classification,134,24,259502.4211399732
eca_nfnet_l0_classification,134,25,166810.0537200059
eca_nfnet_l0_classification,134,26,403701.72585965495
eca_nfnet_l0_classification,134,27,166810.0537200059
eca_nfnet_l0_classification,134,28,403701.72585965495
eca_nfnet_l0_classification,134,29,259502.4211399732
eca_nfnet_l0_classification,134,30,166810.0537200059
eca_nfnet_l0_classification,134,31,166810.0537200059
eca_nfnet_l0_classification,134,32,166810.0537200059
eca_nfnet_l0_classification,134,33,166810.0537200059
eca_nfnet_l0_classification,134,34,403701.72585965495
eca_nfnet_l0_classification,134,35,259502.4211399732
eca_nfnet_l0_classification,134,36,259502.4211399732
eca_nfnet_l0_classification,134,37,259502.4211399732
eca_nfnet_l0_classification,134,38,166810.0537200059
eca_nfnet_l0_classification,134,39,259502.4211399732
eca_nfnet_l0_classification,134,40,166810.0537200059
eca_nfnet_l0_classification,134,41,259502.4211399732
eca_nfnet_l0_classification,134,42,259502.4211399732
eca_nfnet_l0_classification,134,43,259502.4211399732
eca_nfnet_l0_classification,134,44,403701.72585965495
eca_nfnet_l0_classification,134,45,166810.0537200059
eca_nfnet_l0_classification,134,46,403701.72585965495
eca_nfnet_l0_classification,134,47,259502.4211399732
eca_nfnet_l0_classification,134,48,107226.72220103232
eca_nfnet_l0_classification,134,49,166810.0537200059
eca_nfnet_l0_classification,134,50,259502.4211399732
eca_nfnet_l0_classification,134,51,259502.4211399732
eca_nfnet_l0_classification,134,52,259502.4211399732
eca_nfnet_l0_classification,134,53,166810.0537200059
eca_nfnet_l0_classification,134,54,259502.4211399732
eca_nfnet_l0_classification,134,55,259502.4211399732
eca_nfnet_l0_classification,134,56,166810.0537200059
eca_nfnet_l0_classification,134,57,259502.4211399732
eca_nfnet_l0_classification,134,58,166810.0537200059
eca_nfnet_l0_classification,134,59,403701.72585965495
eca_nfnet_l0_classification,134,60,259502.4211399732
eca_nfnet_l0_classification,134,61,259502.4211399732
eca_nfnet_l0_classification,134,62,166810.0537200059
eca_nfnet_l0_classification,134,63,259502.4211399732
eca_nfnet_l0_classification,134,64,259502.4211399732
eca_nfnet_l0_classification,134,65,166810.0537200059
eca_nfnet_l0_classification,134,66,259502.4211399732
eca_nfnet_l0_classification,134,67,259502.4211399732
eca_nfnet_l0_classification,134,68,628029.1441834247
eca_nfnet_l0_classification,134,69,259502.4211399732
eca_nfnet_l0_classification,134,70,259502.4211399732
eca_nfnet_l0_classification,134,71,259502.4211399732
eca_nfnet_l0_classification,134,72,259502.4211399732
eca_nfnet_l0_classification,134,73,403701.72585965495
eca_nfnet_l0_classification,134,74,259502.4211399732
eca_nfnet_l0_classification,134,75,403701.72585965495
eca_nfnet_l0_classification,134,76,166810.0537200059
eca_nfnet_l0_classification,134,77,259502.4211399732
eca_nfnet_l0_classification,134,78,403701.72585965495
eca_nfnet_l0_classification,134,79,166810.0537200059
eca_nfnet_l0_classification,134,80,259502.4211399732
eca_nfnet_l0_classification,134,81,403701.72585965495
eca_nfnet_l0_classification,134,82,259502.4211399732
eca_nfnet_l0_classification,134,83,259502.4211399732
eca_nfnet_l0_classification,134,84,259502.4211399732
eca_nfnet_l0_classification,134,85,259502.4211399732
eca_nfnet_l0_classification,134,86,403701.72585965495
eca_nfnet_l0_classification,134,87,259502.4211399732
eca_nfnet_l0_classification,134,88,259502.4211399732
eca_nfnet_l0_classification,134,89,166810.0537200059
eca_nfnet_l0_classification,134,90,259502.4211399732
eca_nfnet_l0_classification,134,91,259502.4211399732
eca_nfnet_l0_classification,134,92,166810.0537200059
eca_nfnet_l0_classification,134,93,403701.72585965495
eca_nfnet_l0_classification,134,94,259502.4211399732
eca_nfnet_l0_classification,134,95,259502.4211399732
eca_nfnet_l0_classification,134,96,403701.72585965495
eca_nfnet_l0_classification,134,97,259502.4211399732
eca_nfnet_l0_classification,134,98,403701.72585965495
eca_nfnet_l0_classification,134,99,628029.1441834247
eca_nfnet_l0_classification,134,100,259502.4211399732
eca_nfnet_l0_classification,134,101,259502.4211399732
eca_nfnet_l0_classification,134,102,166810.0537200059
eca_nfnet_l0_classification,134,103,259502.4211399732
eca_nfnet_l0_classification,134,104,259502.4211399732
eca_nfnet_l0_classification,134,105,259502.4211399732
eca_nfnet_l0_classification,134,106,259502.4211399732
eca_nfnet_l0_classification,134,107,259502.4211399732
eca_nfnet_l0_classification,134,108,259502.4211399732
eca_nfnet_l0_classification,134,109,259502.4211399732
eca_nfnet_l0_classification,134,110,403701.72585965495
eca_nfnet_l0_classification,134,111,628029.1441834247
eca_nfnet_l0_classification,134,112,259502.4211399732
eca_nfnet_l0_classification,134,113,259502.4211399732
eca_nfnet_l0_classification,134,114,259502.4211399732
eca_nfnet_l0_classification,134,115,259502.4211399732
eca_nfnet_l0_classification,134,116,403701.72585965495
eca_nfnet_l0_classification,134,117,259502.4211399732
eca_nfnet_l0_classification,134,118,259502.4211399732
eca_nfnet_l0_classification,134,119,259502.4211399732
eca_nfnet_l0_classification,134,120,259502.4211399732
eca_nfnet_l0_classification,134,121,403701.72585965495
eca_nfnet_l0_classification,134,122,259502.4211399732
eca_nfnet_l0_classification,134,123,259502.4211399732
eca_nfnet_l0_classification,134,124,403701.72585965495
eca_nfnet_l0_classification,134,125,259502.4211399732
eca_nfnet_l0_classification,134,126,259502.4211399732
eca_nfnet_l0_classification,134,127,259502.4211399732
eca_nfnet_l0_classification,134,128,259502.4211399732
eca_nfnet_l0_classification,134,129,259502.4211399732
eca_nfnet_l0_classification,134,130,259502.4211399732
eca_nfnet_l0_classification,134,131,259502.4211399732
eca_nfnet_l0_classification,134,132,259502.4211399732
eca_nfnet_l0_classification,134,133,259502.4211399732
eca_nfnet_l0_classification,134,134,403701.72585965495
eca_nfnet_l0_classification,134,135,403701.72585965495
eca_nfnet_l0_classification,134,136,259502.4211399732
eca_nfnet_l0_classification,134,137,259502.4211399732
eca_nfnet_l0_classification,134,138,403701.72585965495
eca_nfnet_l0_classification,134,139,259502.4211399732
eca_nfnet_l0_classification,134,140,259502.4211399732
eca_nfnet_l0_classification,134,141,403701.72585965495
eca_nfnet_l0_classification,134,142,403701.72585965495
eca_nfnet_l0_classification,134,143,403701.72585965495
eca_nfnet_l0_classification,134,144,403701.72585965495
eca_nfnet_l0_classification,134,145,403701.72585965495
eca_nfnet_l0_classification,134,146,259502.4211399732
eca_nfnet_l0_classification,134,147,403701.72585965495
eca_nfnet_l0_classification,134,148,403701.72585965495
eca_nfnet_l0_classification,134,149,403701.72585965495
eca_nfnet_l0_classification,134,150,259502.4211399732
resnet50_classification,156,1,11768.119524349991
resnet50_classification,156,2,4862.601580065353
resnet50_classification,156,3,3125.7158496882353
resnet50_classification,156,4,3125.7158496882353
resnet50_classification,156,5,4862.601580065353
resnet50_classification,156,6,7564.633275546283
resnet50_classification,156,7,4862.601580065353
resnet50_classification,156,8,18307.382802953696
resnet50_classification,156,9,4862.601580065353
resnet50_classification,156,10,4862.601580065353
resnet50_classification,156,11,7564.633275546283
resnet50_classification,156,12,3125.7158496882353
resnet50_classification,156,13,18307.382802953696
resnet50_classification,156,14,7564.633275546283
resnet50_classification,156,15,7564.633275546283
resnet50_classification,156,16,7564.633275546283
resnet50_classification,156,17,11768.119524349991
resnet50_classification,156,18,18307.382802953696
resnet50_classification,156,19,7564.633275546283
resnet50_classification,156,20,11768.119524349991
resnet50_classification,156,21,7564.633275546283
resnet50_classification,156,22,11768.119524349991
resnet50_classification,156,23,7564.633275546283
resnet50_classification,156,24,11768.119524349991
resnet50_classification,156,25,7564.633275546283
resnet50_classification,156,26,18307.382802953696
resnet50_classification,156,27,11768.119524349991
resnet50_classification,156,28,18307.382802953696
resnet50_classification,156,29,11768.119524349991
resnet50_classification,156,30,7564.633275546283
resnet50_classification,156,31,7564.633275546283
resnet50_classification,156,32,7564.633275546283
resnet50_classification,156,33,11768.119524349991
resnet50_classification,156,34,11768.119524349991
resnet50_classification,156,35,11768.119524349991
resnet50_classification,156,36,18307.382802953696
resnet50_classification,156,37,18307.382802953696
resnet50_classification,156,38,7564.633275546283
resnet50_classification,156,39,11768.119524349991
resnet50_classification,156,40,7564.633275546283
resnet50_classification,156,41,18307.382802953696
resnet50_classification,156,42,7564.633275546283
resnet50_classification,156,43,11768.119524349991
resnet50_classification,156,44,18307.382802953696
resnet50_classification,156,45,7564.633275546283
resnet50_classification,156,46,18307.382802953696
resnet50_classification,156,47,11768.119524349991
resnet50_classification,156,48,4862.601580065353
resnet50_classification,156,49,11768.119524349991
resnet50_classification,156,50,11768.119524349991
resnet50_classification,156,51,7564.633275546283
resnet50_classification,156,52,18307.382802953696
resnet50_classification,156,53,7564.633275546283
resnet50_classification,156,54,11768.119524349991
resnet50_classification,156,55,18307.382802953696
resnet50_classification,156,56,7564.633275546283
resnet50_classification,156,57,11768.119524349991
resnet50_classification,156,58,11768.119524349991
resnet50_classification,156,59,28480.35868435799
resnet50_classification,156,60,11768.119524349991
resnet50_classification,156,61,11768.119524349991
resnet50_classification,156,62,11768.119524349991
resnet50_classification,156,63,11768.119524349991
resnet50_classification,156,64,11768.119524349991
resnet50_classification,156,65,4862.601580065353
resnet50_classification,156,66,11768.119524349991
resnet50_classification,156,67,18307.382802953696
resnet50_classification,156,68,28480.35868435799
resnet50_classification,156,69,11768.119524349991
resnet50_classification,156,70,18307.382802953696
resnet50_classification,156,71,7564.633275546283
resnet50_classification,156,72,11768.119524349991
resnet50_classification,156,73,11768.119524349991
resnet50_classification,156,74,18307.382802953696
resnet50_classification,156,75,18307.382802953696
resnet50_classification,156,76,11768.119524349991
resnet50_classification,156,77,7564.633275546283
resnet50_classification,156,78,18307.382802953696
resnet50_classification,156,79,11768.119524349991
resnet50_classification,156,80,11768.119524349991
resnet50_classification,156,81,18307.382802953696
resnet50_classification,156,82,18307.382802953696
resnet50_classification,156,83,18307.382802953696
resnet50_classification,156,84,11768.119524349991
resnet50_classification,156,85,11768.119524349991
resnet50_classification,156,86,18307.382802953696
resnet50_classification,156,87,18307.382802953696
resnet50_classification,156,88,11768.119524349991
resnet50_classification,156,89,18307.382802953696
resnet50_classification,156,90,11768.119524349991
resnet50_classification,156,91,18307.382802953696
resnet50_classification,156,92,11768.119524349991
resnet50_classification,156,93,18307.382802953696
resnet50_classification,156,94,18307.382802953696
resnet50_classification,156,95,18307.382802953696
resnet50_classification,156,96,18307.382802953696
resnet50_classification,156,97,11768.119524349991
resnet50_classification,156,98,18307.382802953696
resnet50_classification,156,99,28480.35868435799
resnet50_classification,156,100,18307.382802953696
resnet50_classification,156,101,18307.382802953696
resnet50_classification,156,102,11768.119524349991
resnet50_classification,156,103,18307.382802953696
resnet50_classification,156,104,11768.119524349991
resnet50_classification,156,105,18307.382802953696
resnet50_classification,156,106,11768.119524349991
resnet50_classification,156,107,18307.382802953696
resnet50_classification,156,108,11768.119524349991
resnet50_classification,156,109,18307.382802953696
resnet50_classification,156,110,28480.35868435799
resnet50_classification,156,111,28480.35868435799
resnet50_classification,156,112,11768.119524349991
resnet50_classification,156,113,18307.382802953696
resnet50_classification,156,114,18307.382802953696
resnet50_classification,156,115,18307.382802953696
resnet50_classification,156,116,28480.35868435799
resnet50_classification,156,117,18307.382802953696
resnet50_classification,156,118,18307.382802953696
resnet50_classification,156,119,18307.382802953696
resnet50_classification,156,120,11768.119524349991
resnet50_classification,156,121,28480.35868435799
resnet50_classification,156,122,18307.382802953696
resnet50_classification,156,123,11768.119524349991
resnet50_classification,156,124,18307.382802953696
resnet50_classification,156,125,18307.382802953696
resnet50_classification,156,126,11768.119524349991
resnet50_classification,156,127,18307.382802953696
resnet50_classification,156,128,18307.382802953696
resnet50_classification,156,129,11768.119524349991
resnet50_classification,156,130,11768.119524349991
resnet50_classification,156,131,11768.119524349991
resnet50_classification,156,132,28480.35868435799
resnet50_classification,156,133,18307.382802953696
resnet50_classification,156,134,18307.382802953696
resnet50_classification,156,135,28480.35868435799
resnet50_classification,156,136,11768.119524349991
resnet50_classification,156,137,18307.382802953696
resnet50_classification,156,138,18307.382802953696
resnet50_classification,156,139,18307.382802953696
resnet50_classification,156,140,18307.382802953696
resnet50_classification,156,141,18307.382802953696
resnet50_classification,156,142,18307.382802953696
resnet50_classification,156,143,18307.382802953696
resnet50_classification,156,144,18307.382802953696
resnet50_classification,156,145,11768.119524349991
resnet50_classification,156,146,18307.382802953696
resnet50_classification,156,147,28480.35868435799
resnet50_classification,156,148,18307.382802953696
resnet50_classification,156,149,18307.382802953696
resnet50_classification,156,150,18307.382802953696
semnasnet_100_classification,270,1,44306.21457583878
semnasnet_100_classification,270,2,11768.119524349991
semnasnet_100_classification,270,3,7564.633275546283
semnasnet_100_classification,270,4,11768.119524349991
semnasnet_100_classification,270,5,18307.382802953696
semnasnet_100_classification,270,6,28480.35868435799
semnasnet_100_classification,270,7,18307.382802953696
semnasnet_100_classification,270,8,68926.12104349695
semnasnet_100_classification,270,9,18307.382802953696
semnasnet_100_classification,270,10,18307.382802953696
semnasnet_100_classification,270,11,28480.35868435799
semnasnet_100_classification,270,12,11768.119524349991
semnasnet_100_classification,270,13,44306.21457583878
semnasnet_100_classification,270,14,28480.35868435799
semnasnet_100_classification,270,15,28480.35868435799
semnasnet_100_classification,270,16,44306.21457583878
semnasnet_100_classification,270,17,28480.35868435799
semnasnet_100_classification,270,18,68926.12104349695
semnasnet_100_classification,270,19,28480.35868435799
semnasnet_100_classification,270,20,44306.21457583878
semnasnet_100_classification,270,21,28480.35868435799
semnasnet_100_classification,270,22,44306.21457583878
semnasnet_100_classification,270,23,28480.35868435799
semnasnet_100_classification,270,24,68926.12104349695
semnasnet_100_classification,270,25,28480.35868435799
semnasnet_100_classification,270,26,68926.12104349695
semnasnet_100_classification,270,27,44306.21457583878
semnasnet_100_classification,270,28,68926.12104349695
semnasnet_100_classification,270,29,44306.21457583878
semnasnet_100_classification,270,30,44306.21457583878
semnasnet_100_classification,270,31,28480.35868435799
semnasnet_100_classification,270,32,28480.35868435799
semnasnet_100_classification,270,33,44306.21457583878
semnasnet_100_classification,270,34,44306.21457583878
semnasnet_100_classification,270,35,28480.35868435799
semnasnet_100_classification,270,36,68926.12104349695
semnasnet_100_classification,270,37,68926.12104349695
semnasnet_100_classification,270,38,44306.21457583878
semnasnet_100_classification,270,39,44306.21457583878
semnasnet_100_classification,270,40,28480.35868435799
semnasnet_100_classification,270,41,44306.21457583878
semnasnet_100_classification,270,42,44306.21457583878
semnasnet_100_classification,270,43,44306.21457583878
semnasnet_100_classification,270,44,68926.12104349695
semnasnet_100_classification,270,45,28480.35868435799
semnasnet_100_classification,270,46,68926.12104349695
semnasnet_100_classification,270,47,44306.21457583878
semnasnet_100_classification,270,48,18307.382802953696
semnasnet_100_classification,270,49,28480.35868435799
semnasnet_100_classification,270,50,44306.21457583878
semnasnet_100_classification,270,51,28480.35868435799
semnasnet_100_classification,270,52,44306.21457583878
semnasnet_100_classification,270,53,28480.35868435799
semnasnet_100_classification,270,54,44306.21457583878
semnasnet_100_classification,270,55,44306.21457583878
semnasnet_100_classification,270,56,28480.35868435799
semnasnet_100_classification,270,57,44306.21457583878
semnasnet_100_classification,270,58,28480.35868435799
semnasnet_100_classification,270,59,107226.72220103232
semnasnet_100_classification,270,60,44306.21457583878
semnasnet_100_classification,270,61,44306.21457583878
semnasnet_100_classification,270,62,44306.21457583878
semnasnet_100_classification,270,63,44306.21457583878
semnasnet_100_classification,270,64,44306.21457583878
semnasnet_100_classification,270,65,18307.382802953696
semnasnet_100_classification,270,66,28480.35868435799
semnasnet_100_classification,270,67,68926.12104349695
semnasnet_100_classification,270,68,107226.72220103232
semnasnet_100_classification,270,69,44306.21457583878
semnasnet_100_classification,270,70,44306.21457583878
semnasnet_100_classification,270,71,28480.35868435799
semnasnet_100_classification,270,72,44306.21457583878
semnasnet_100_classification,270,73,68926.12104349695
semnasnet_100_classification,270,74,44306.21457583878
semnasnet_100_classification,270,75,68926.12104349695
semnasnet_100_classification,270,76,44306.21457583878
semnasnet_100_classification,270,77,28480.35868435799
semnasnet_100_classification,270,78,68926.12104349695
semnasnet_100_classification,270,79,44306.21457583878
semnasnet_100_classification,270,80,44306.21457583878
semnasnet_100_classification,270,81,68926.12104349695
semnasnet_100_classification,270,82,44306.21457583878
semnasnet_100_classification,270,83,44306.21457583878
semnasnet_100_classification,270,84,44306.21457583878
semnasnet_100_classification,270,85,44306.21457583878
semnasnet_100_classification,270,86,68926.12104349695
semnasnet_100_classification,270,87,44306.21457583878
semnasnet_100_classification,270,88,44306.21457583878
semnasnet_100_classification,270,89,28480.35868435799
semnasnet_100_classification,270,90,44306.21457583878
semnasnet_100_classification,270,91,68926.12104349695
semnasnet_100_classification,270,92,28480.35868435799
semnasnet_100_classification,270,93,107226.72220103232
semnasnet_100_classification,270,94,68926.12104349695
semnasnet_100_classification,270,95,68926.12104349695
semnasnet_100_classification,270,96,68926.12104349695
semnasnet_100_classification,270,97,68926.12104349695
semnasnet_100_classification,270,98,68926.12104349695
semnasnet_100_classification,270,99,107226.72220103232
semnasnet_100_classification,270,100,44306.21457583878
semnasnet_100_classification,270,101,68926.12104349695
semnasnet_100_classification,270,102,44306.21457583878
semnasnet_100_classification,270,103,68926.12104349695
semnasnet_100_classification,270,104,44306.21457583878
semnasnet_100_classification,270,105,44306.21457583878
semnasnet_100_classification,270,106,44306.21457583878
semnasnet_100_classification,270,107,44306.21457583878
semnasnet_100_classification,270,108,44306.21457583878
semnasnet_100_classification,270,109,44306.21457583878
semnasnet_100_classification,270,110,68926.12104349695
semnasnet_100_classification,270,111,107226.72220103232
semnasnet_100_classification,270,112,44306.21457583878
semnasnet_100_classification,270,113,68926.12104349695
semnasnet_100_classification,270,114,44306.21457583878
semnasnet_100_classification,270,115,44306.21457583878
semnasnet_100_classification,270,116,107226.72220103232
semnasnet_100_classification,270,117,44306.21457583878
semnasnet_100_classification,270,118,68926.12104349695
semnasnet_100_classification,270,119,68926.12104349695
semnasnet_100_classification,270,120,44306.21457583878
semnasnet_100_classification,270,121,107226.72220103232
semnasnet_100_classification,270,122,44306.21457583878
semnasnet_100_classification,270,123,44306.21457583878
semnasnet_100_classification,270,124,68926.12104349695
semnasnet_100_classification,270,125,68926.12104349695
semnasnet_100_classification,270,126,44306.21457583878
semnasnet_100_classification,270,127,68926.12104349695
semnasnet_100_classification,270,128,107226.72220103232
semnasnet_100_classification,270,129,44306.21457583878
semnasnet_100_classification,270,130,44306.21457583878
semnasnet_100_classification,270,131,44306.21457583878
semnasnet_100_classification,270,132,107226.72220103232
semnasnet_100_classification,270,133,68926.12104349695
semnasnet_100_classification,270,134,68926.12104349695
semnasnet_100_classification,270,135,68926.12104349695
semnasnet_100_classification,270,136,44306.21457583878
semnasnet_100_classification,270,137,68926.12104349695
semnasnet_100_classification,270,138,68926.12104349695
semnasnet_100_classification,270,139,68926.12104349695
semnasnet_100_classification,270,140,68926.12104349695
semnasnet_100_classification,270,141,68926.12104349695
semnasnet_100_classification,270,142,68926.12104349695
semnasnet_100_classification,270,143,68926.12104349695
semnasnet_100_classification,270,144,68926.12104349695
semnasnet_100_classification,270,145,68926.12104349695
semnasnet_100_classification,270,146,68926.12104349695
semnasnet_100_classification,270,147,107226.72220103232
semnasnet_100_classification,270,148,107226.72220103232
semnasnet_100_classification,270,149,68926.12104349695
semnasnet_100_classification,270,150,44306.21457583878
cspresnet50_classification,320,1,977009.9572992247
cspresnet50_classification,320,2,403701.72585965495
cspresnet50_classification,320,3,259502.4211399732
cspresnet50_classification,320,4,259502.4211399732
cspresnet50_classification,320,5,403701.72585965495
cspresnet50_classification,320,6,628029.1441834247
cspresnet50_classification,320,7,403701.72585965495
cspresnet50_classification,320,8,1519911.0829529332
cspresnet50_classification,320,9,403701.72585965495
cspresnet50_classification,320,10,403701.72585965495
cspresnet50_classification,320,11,628029.1441834247
cspresnet50_classification,320,12,259502.4211399732
cspresnet50_classification,320,13,977009.9572992247
cspresnet50_classification,320,14,628029.1441834247
cspresnet50_classification,320,15,628029.1441834247
cspresnet50_classification,320,16,977009.9572992247
cspresnet50_classification,320,17,628029.1441834247
cspresnet50_classification,320,18,1519911.0829529332
cspresnet50_classification,320,19,628029.1441834247
cspresnet50_classification,320,20,977009.9572992247
cspresnet50_classification,320,21,628029.1441834247
cspresnet50_classification,320,22,977009.9572992247
cspresnet50_classification,320,23,977009.9572992247
cspresnet50_classification,320,24,1519911.0829529332
cspresnet50_classification,320,25,628029.1441834247
cspresnet50_classification,320,26,977009.9572992247
cspresnet50_classification,320,27,628029.1441834247
cspresnet50_classification,320,28,1519911.0829529332
cspresnet50_classification,320,29,977009.9572992247
cspresnet50_classification,320,30,977009.9572992247
cspresnet50_classification,320,31,628029.1441834247
cspresnet50_classification,320,32,628029.1441834247
cspresnet50_classification,320,33,977009.9572992247
cspresnet50_classification,320,34,977009.9572992247
cspresnet50_classification,320,35,977009.9572992247
cspresnet50_classification,320,36,977009.9572992247
cspresnet50_classification,320,37,1519911.0829529332
cspresnet50_classification,320,38,628029.1441834247
cspresnet50_classification,320,39,977009.9572992247
cspresnet50_classification,320,40,628029.1441834247
cspresnet50_classification,320,41,1519911.0829529332
cspresnet50_classification,320,42,628029.1441834247
cspresnet50_classification,320,43,977009.9572992247
cspresnet50_classification,320,44,1519911.0829529332
cspresnet50_classification,320,45,628029.1441834247
cspresnet50_classification,320,46,1519911.0829529332
cspresnet50_classification,320,47,628029.1441834247
cspresnet50_classification,320,48,403701.72585965495
cspresnet50_classification,320,49,628029.1441834247
cspresnet50_classification,320,50,977009.9572992247
cspresnet50_classification,320,51,628029.1441834247
cspresnet50_classification,320,52,977009.9572992247
cspresnet50_classification,320,53,628029.1441834247
cspresnet50_classification,320,54,977009.9572992247
cspresnet50_classification,320,55,977009.9572992247
cspresnet50_classification,320,56,977009.9572992247
cspresnet50_classification,320,57,628029.1441834247
cspresnet50_classification,320,58,628029.1441834247
cspresnet50_classification,320,59,2364489.412645407
cspresnet50_classification,320,60,977009.9572992247
cspresnet50_classification,320,61,977009.9572992247
cspresnet50_classification,320,62,628029.1441834247
cspresnet50_classification,320,63,628029.1441834247
cspresnet50_classification,320,64,977009.9572992247
cspresnet50_classification,320,65,403701.72585965495
cspresnet50_classification,320,66,977009.9572992247
cspresnet50_classification,320,67,977009.9572992247
cspresnet50_classification,320,68,2364489.412645407
cspresnet50_classification,320,69,977009.9572992247
cspresnet50_classification,320,70,977009.9572992247
cspresnet50_classification,320,71,628029.1441834247
cspresnet50_classification,320,72,1519911.0829529332
cspresnet50_classification,320,73,977009.9572992247
cspresnet50_classification,320,74,977009.9572992247
cspresnet50_classification,320,75,1519911.0829529332
cspresnet50_classification,320,76,977009.9572992247
cspresnet50_classification,320,77,628029.1441834247
cspresnet50_classification,320,78,1519911.0829529332
cspresnet50_classification,320,79,977009.9572992247
cspresnet50_classification,320,80,977009.9572992247
cspresnet50_classification,320,81,1519911.0829529332
cspresnet50_classification,320,82,977009.9572992247
cspresnet50_classification,320,83,977009.9572992247
cspresnet50_classification,320,84,977009.9572992247
cspresnet50_classification,320,85,977009.9572992247
cspresnet50_classification,320,86,1519911.0829529332
cspresnet50_classification,320,87,1519911.0829529332
cspresnet50_classification,320,88,977009.9572992247
cspresnet50_classification,320,89,628029.1441834247
cspresnet50_classification,320,90,977009.9572992247
cspresnet50_classification,320,91,977009.9572992247
cspresnet50_classification,320,92,628029.1441834247
cspresnet50_classification,320,93,1519911.0829529332
cspresnet50_classification,320,94,977009.9572992247
cspresnet50_classification,320,95,977009.9572992247
cspresnet50_classification,320,96,1519911.0829529332
cspresnet50_classification,320,97,1519911.0829529332
cspresnet50_classification,320,98,1519911.0829529332
cspresnet50_classification,320,99,2364489.412645407
cspresnet50_classification,320,100,1519911.0829529332
cspresnet50_classification,320,101,977009.9572992247
cspresnet50_classification,320,102,977009.9572992247
cspresnet50_classification,320,103,1519911.0829529332
cspresnet50_classification,320,104,977009.9572992247
cspresnet50_classification,320,105,977009.9572992247
cspresnet50_classification,320,106,977009.9572992247
cspresnet50_classification,320,107,977009.9572992247
cspresnet50_classification,320,108,977009.9572992247
cspresnet50_classification,320,109,1519911.0829529332
cspresnet50_classification,320,110,2364489.412645407
cspresnet50_classification,320,111,2364489.412645407
cspresnet50_classification,320,112,977009.9572992247
cspresnet50_classification,320,113,1519911.0829529332
cspresnet50_classification,320,114,1519911.0829529332
cspresnet50_classification,320,115,1519911.0829529332
cspresnet50_classification,320,116,2364489.412645407
cspresnet50_classification,320,117,977009.9572992247
cspresnet50_classification,320,118,1519911.0829529332
cspresnet50_classification,320,119,1519911.0829529332
cspresnet50_classification,320,120,977009.9572992247
cspresnet50_classification,320,121,1519911.0829529332
cspresnet50_classification,320,122,977009.9572992247
cspresnet50_classification,320,123,977009.9572992247
cspresnet50_classification,320,124,1519911.0829529332
cspresnet50_classification,320,125,1519911.0829529332
cspresnet50_classification,320,126,977009.9572992247
cspresnet50_classification,320,127,1519911.0829529332
cspresnet50_classification,320,128,1519911.0829529332
cspresnet50_classification,320,129,977009.9572992247
cspresnet50_classification,320,130,628029.1441834247
cspresnet50_classification,320,131,977009.9572992247
cspresnet50_classification,320,132,1519911.0829529332
cspresnet50_classification,320,133,977009.9572992247
cspresnet50_classification,320,134,2364489.412645407
cspresnet50_classification,320,135,2364489.412645407
cspresnet50_classification,320,136,977009.9572992247
cspresnet50_classification,320,137,1519911.0829529332
cspresnet50_classification,320,138,1519911.0829529332
cspresnet50_classification,320,139,1519911.0829529332
cspresnet50_classification,320,140,1519911.0829529332
cspresnet50_classification,320,141,1519911.0829529332
cspresnet50_classification,320,142,1519911.0829529332
cspresnet50_classification,320,143,1519911.0829529332
cspresnet50_classification,320,144,1519911.0829529332
cspresnet50_classification,320,145,1519911.0829529332
cspresnet50_classification,320,146,1519911.0829529332
cspresnet50_classification,320,147,2364489.412645407
cspresnet50_classification,320,148,1519911.0829529332
cspresnet50_classification,320,149,977009.9572992247
cspresnet50_classification,320,150,977009.9572992247
mobilenetv3_large_100_classification,252,1,403701.72585965495
mobilenetv3_large_100_classification,252,2,166810.0537200059
mobilenetv3_large_100_classification,252,3,166810.0537200059
mobilenetv3_large_100_classification,252,4,166810.0537200059
mobilenetv3_large_100_classification,252,5,166810.0537200059
mobilenetv3_large_100_classification,252,6,403701.72585965495
mobilenetv3_large_100_classification,252,7,403701.72585965495
mobilenetv3_large_100_classification,252,8,628029.1441834247
mobilenetv3_large_100_classification,252,9,259502.4211399732
mobilenetv3_large_100_classification,252,10,259502.4211399732
mobilenetv3_large_100_classification,252,11,403701.72585965495
mobilenetv3_large_100_classification,252,12,166810.0537200059
mobilenetv3_large_100_classification,252,13,628029.1441834247
mobilenetv3_large_100_classification,252,14,403701.72585965495
mobilenetv3_large_100_classification,252,15,259502.4211399732
mobilenetv3_large_100_classification,252,16,403701.72585965495
mobilenetv3_large_100_classification,252,17,403701.72585965495
mobilenetv3_large_100_classification,252,18,977009.9572992247
mobilenetv3_large_100_classification,252,19,403701.72585965495
mobilenetv3_large_100_classification,252,20,628029.1441834247
mobilenetv3_large_100_classification,252,21,403701.72585965495
mobilenetv3_large_100_classification,252,22,403701.72585965495
mobilenetv3_large_100_classification,252,23,403701.72585965495
mobilenetv3_large_100_classification,252,24,628029.1441834247
mobilenetv3_large_100_classification,252,25,403701.72585965495
mobilenetv3_large_100_classification,252,26,628029.1441834247
mobilenetv3_large_100_classification,252,27,403701.72585965495
mobilenetv3_large_100_classification,252,28,977009.9572992247
mobilenetv3_large_100_classification,252,29,628029.1441834247
mobilenetv3_large_100_classification,252,30,403701.72585965495
mobilenetv3_large_100_classification,252,31,403701.72585965495
mobilenetv3_large_100_classification,252,32,403701.72585965495
mobilenetv3_large_100_classification,252,33,403701.72585965495
mobilenetv3_large_100_classification,252,34,628029.1441834247
mobilenetv3_large_100_classification,252,35,403701.72585965495
mobilenetv3_large_100_classification,252,36,628029.1441834247
mobilenetv3_large_100_classification,252,37,977009.9572992247
mobilenetv3_large_100_classification,252,38,403701.72585965495
mobilenetv3_large_100_classification,252,39,628029.1441834247
mobilenetv3_large_100_classification,252,40,403701.72585965495
mobilenetv3_large_100_classification,252,41,628029.1441834247
mobilenetv3_large_100_classification,252,42,628029.1441834247
mobilenetv3_large_100_classification,252,43,628029.1441834247
mobilenetv3_large_100_classification,252,44,628029.1441834247
mobilenetv3_large_100_classification,252,45,403701.72585965495
mobilenetv3_large_100_classification,252,46,977009.9572992247
mobilenetv3_large_100_classification,252,47,403701.72585965495
mobilenetv3_large_100_classification,252,48,259502.4211399732
mobilenetv3_large_100_classification,252,49,403701.72585965495
mobilenetv3_large_100_classification,252,50,628029.1441834247
mobilenetv3_large_100_classification,252,51,403701.72585965495
mobilenetv3_large_100_classification,252,52,628029.1441834247
mobilenetv3_large_100_classification,252,53,403701.72585965495
mobilenetv3_large_100_classification,252,54,628029.1441834247
mobilenetv3_large_100_classification,252,55,628029.1441834247
mobilenetv3_large_100_classification,252,56,403701.72585965495
mobilenetv3_large_100_classification,252,57,403701.72585965495
mobilenetv3_large_100_classification,252,58,403701.72585965495
mobilenetv3_large_100_classification,252,59,977009.9572992247
mobilenetv3_large_100_classification,252,60,628029.1441834247
mobilenetv3_large_100_classification,252,61,628029.1441834247
mobilenetv3_large_100_classification,252,62,403701.72585965495
mobilenetv3_large_100_classification,252,63,403701.72585965495
mobilenetv3_large_100_classification,252,64,403701.72585965495
mobilenetv3_large_100_classification,252,65,259502.4211399732
mobilenetv3_large_100_classification,252,66,403701.72585965495
mobilenetv3_large_100_classification,252,67,628029.1441834247
mobilenetv3_large_100_classification,252,68,977009.9572992247
mobilenetv3_large_100_classification,252,69,628029.1441834247
mobilenetv3_large_100_classification,252,70,628029.1441834247
mobilenetv3_large_100_classification,252,71,403701.72585965495
mobilenetv3_large_100_classification,252,72,628029.1441834247
mobilenetv3_large_100_classification,252,73,628029.1441834247
mobilenetv3_large_100_classification,252,74,628029.1441834247
mobilenetv3_large_100_classification,252,75,977009.9572992247
mobilenetv3_large_100_classification,252,76,403701.72585965495
mobilenetv3_large_100_classification,252,77,403701.72585965495
mobilenetv3_large_100_classification,252,78,628029.1441834247
mobilenetv3_large_100_classification,252,79,628029.1441834247
mobilenetv3_large_100_classification,252,80,628029.1441834247
mobilenetv3_large_100_classification,252,81,628029.1441834247
mobilenetv3_large_100_classification,252,82,628029.1441834247
mobilenetv3_large_100_classification,252,83,628029.1441834247
mobilenetv3_large_100_classification,252,84,628029.1441834247
mobilenetv3_large_100_classification,252,85,628029.1441834247
mobilenetv3_large_100_classification,252,86,977009.9572992247
mobilenetv3_large_100_classification,252,87,628029.1441834247
mobilenetv3_large_100_classification,252,88,628029.1441834247
mobilenetv3_large_100_classification,252,89,628029.1441834247
mobilenetv3_large_100_classification,252,90,628029.1441834247
mobilenetv3_large_100_classification,252,91,628029.1441834247
mobilenetv3_large_100_classification,252,92,403701.72585965495
mobilenetv3_large_100_classification,252,93,977009.9572992247
mobilenetv3_large_100_classification,252,94,628029.1441834247
mobilenetv3_large_100_classification,252,95,628029.1441834247
mobilenetv3_large_100_classification,252,96,628029.1441834247
mobilenetv3_large_100_classification,252,97,628029.1441834247
mobilenetv3_large_100_classification,252,98,977009.9572992247
mobilenetv3_large_100_classification,252,99,1519911.0829529332
mobilenetv3_large_100_classification,252,100,628029.1441834247
mobilenetv3_large_100_classification,252,101,403701.72585965495
mobilenetv3_large_100_classification,252,102,403701.72585965495
mobilenetv3_large_100_classification,252,103,628029.1441834247
mobilenetv3_large_100_classification,252,104,628029.1441834247
mobilenetv3_large_100_classification,252,105,628029.1441834247
mobilenetv3_large_100_classification,252,106,628029.1441834247
mobilenetv3_large_100_classification,252,107,628029.1441834247
mobilenetv3_large_100_classification,252,108,403701.72585965495
mobilenetv3_large_100_classification,252,109,628029.1441834247
mobilenetv3_large_100_classification,252,110,977009.9572992247
mobilenetv3_large_100_classification,252,111,977009.9572992247
mobilenetv3_large_100_classification,252,112,628029.1441834247
mobilenetv3_large_100_classification,252,113,977009.9572992247
mobilenetv3_large_100_classification,252,114,977009.9572992247
mobilenetv3_large_100_classification,252,115,628029.1441834247
mobilenetv3_large_100_classification,252,116,977009.9572992247
mobilenetv3_large_100_classification,252,117,628029.1441834247
mobilenetv3_large_100_classification,252,118,628029.1441834247
mobilenetv3_large_100_classification,252,119,628029.1441834247
mobilenetv3_large_100_classification,252,120,403701.72585965495
mobilenetv3_large_100_classification,252,121,977009.9572992247
mobilenetv3_large_100_classification,252,122,628029.1441834247
mobilenetv3_large_100_classification,252,123,628029.1441834247
mobilenetv3_large_100_classification,252,124,977009.9572992247
mobilenetv3_large_100_classification,252,125,628029.1441834247
mobilenetv3_large_100_classification,252,126,628029.1441834247
mobilenetv3_large_100_classification,252,127,628029.1441834247
mobilenetv3_large_100_classification,252,128,977009.9572992247
mobilenetv3_large_100_classification,252,129,628029.1441834247
mobilenetv3_large_100_classification,252,130,403701.72585965495
mobilenetv3_large_100_classification,252,131,628029.1441834247
mobilenetv3_large_100_classification,252,132,977009.9572992247
mobilenetv3_large_100_classification,252,133,977009.9572992247
mobilenetv3_large_100_classification,252,134,977009.9572992247
mobilenetv3_large_100_classification,252,135,977009.9572992247
mobilenetv3_large_100_classification,252,136,628029.1441834247
mobilenetv3_large_100_classification,252,137,977009.9572992247
mobilenetv3_large_100_classification,252,138,977009.9572992247
mobilenetv3_large_100_classification,252,139,628029.1441834247
mobilenetv3_large_100_classification,252,140,628029.1441834247
mobilenetv3_large_100_classification,252,141,628029.1441834247
mobilenetv3_large_100_classification,252,142,977009.9572992247
mobilenetv3_large_100_classification,252,143,977009.9572992247
mobilenetv3_large_100_classification,252,144,977009.9572992247
mobilenetv3_large_100_classification,252,145,628029.1441834247
mobilenetv3_large_100_classification,252,146,628029.1441834247
mobilenetv3_large_100_classification,252,147,977009.9572992247
mobilenetv3_large_100_classification,252,148,977009.9572992247
mobilenetv3_large_100_classification,252,149,628029.1441834247
mobilenetv3_large_100_classification,252,150,628029.1441834247
ghostnet_100_classification,290,1,628029.1441834247
ghostnet_100_classification,290,2,259502.4211399732
ghostnet_100_classification,290,3,259502.4211399732
ghostnet_100_classification,290,4,259502.4211399732
ghostnet_100_classification,290,5,403701.72585965495
ghostnet_100_classification,290,6,628029.1441834247
ghostnet_100_classification,290,7,628029.1441834247
ghostnet_100_classification,290,8,977009.9572992247
ghostnet_100_classification,290,9,628029.1441834247
ghostnet_100_classification,290,10,628029.1441834247
ghostnet_100_classification,290,11,628029.1441834247
ghostnet_100_classification,290,12,403701.72585965495
ghostnet_100_classification,290,13,977009.9572992247
ghostnet_100_classification,290,14,628029.1441834247
ghostnet_100_classification,290,15,628029.1441834247
ghostnet_100_classification,290,16,628029.1441834247
ghostnet_100_classification,290,17,628029.1441834247
ghostnet_100_classification,290,18,1519911.0829529332
ghostnet_100_classification,290,19,628029.1441834247
ghostnet_100_classification,290,20,977009.9572992247
ghostnet_100_classification,290,21,628029.1441834247
ghostnet_100_classification,290,22,977009.9572992247
ghostnet_100_classification,290,23,628029.1441834247
ghostnet_100_classification,290,24,1519911.0829529332
ghostnet_100_classification,290,25,628029.1441834247
ghostnet_100_classification,290,26,1519911.0829529332
ghostnet_100_classification,290,27,977009.9572992247
ghostnet_100_classification,290,28,1519911.0829529332
ghostnet_100_classification,290,29,977009.9572992247
ghostnet_100_classification,290,30,977009.9572992247
ghostnet_100_classification,290,31,628029.1441834247
ghostnet_100_classification,290,32,628029.1441834247
ghostnet_100_classification,290,33,977009.9572992247
ghostnet_100_classification,290,34,1519911.0829529332
ghostnet_100_classification,290,35,977009.9572992247
ghostnet_100_classification,290,36,977009.9572992247
ghostnet_100_classification,290,37,1519911.0829529332
ghostnet_100_classification,290,38,628029.1441834247
ghostnet_100_classification,290,39,977009.9572992247
ghostnet_100_classification,290,40,977009.9572992247
ghostnet_100_classification,290,41,977009.9572992247
ghostnet_100_classification,290,42,977009.9572992247
ghostnet_100_classification,290,43,977009.9572992247
ghostnet_100_classification,290,44,1519911.0829529332
ghostnet_100_classification,290,45,628029.1441834247
ghostnet_100_classification,290,46,1519911.0829529332
ghostnet_100_classification,290,47,977009.9572992247
ghostnet_100_classification,290,48,403701.72585965495
ghostnet_100_classification,290,49,977009.9572992247
ghostnet_100_classification,290,50,977009.9572992247
ghostnet_100_classification,290,51,628029.1441834247
ghostnet_100_classification,290,52,1519911.0829529332
ghostnet_100_classification,290,53,628029.1441834247
ghostnet_100_classification,290,54,977009.9572992247
ghostnet_100_classification,290,55,977009.9572992247
ghostnet_100_classification,290,56,628029.1441834247
ghostnet_100_classification,290,57,628029.1441834247
ghostnet_100_classification,290,58,628029.1441834247
ghostnet_100_classification,290,59,1519911.0829529332
ghostnet_100_classification,290,60,977009.9572992247
ghostnet_100_classification,290,61,977009.9572992247
ghostnet_100_classification,290,62,977009.9572992247
ghostnet_100_classification,290,63,628029.1441834247
ghostnet_100_classification,290,64,977009.9572992247
ghostnet_100_classification,290,65,628029.1441834247
ghostnet_100_classification,290,66,977009.9572992247
ghostnet_100_classification,290,67,1519911.0829529332
ghostnet_100_classification,290,68,2364489.412645407
ghostnet_100_classification,290,69,977009.9572992247
ghostnet_100_classification,290,70,977009.9572992247
ghostnet_100_classification,290,71,977009.9572992247
ghostnet_100_classification,290,72,977009.9572992247
ghostnet_100_classification,290,73,1519911.0829529332
ghostnet_100_classification,290,74,977009.9572992247
ghostnet_100_classification,290,75,1519911.0829529332
ghostnet_100_classification,290,76,628029.1441834247
ghostnet_100_classification,290,77,628029.1441834247
ghostnet_100_classification,290,78,1519911.0829529332
ghostnet_100_classification,290,79,977009.9572992247
ghostnet_100_classification,290,80,977009.9572992247
ghostnet_100_classification,290,81,1519911.0829529332
ghostnet_100_classification,290,82,977009.9572992247
ghostnet_100_classification,290,83,977009.9572992247
ghostnet_100_classification,290,84,977009.9572992247
ghostnet_100_classification,290,85,977009.9572992247
ghostnet_100_classification,290,86,1519911.0829529332
ghostnet_100_classification,290,87,977009.9572992247
ghostnet_100_classification,290,88,977009.9572992247
ghostnet_100_classification,290,89,977009.9572992247
ghostnet_100_classification,290,90,977009.9572992247
ghostnet_100_classification,290,91,977009.9572992247
ghostnet_100_classification,290,92,977009.9572992247
ghostnet_100_classification,290,93,1519911.0829529332
ghostnet_100_classification,290,94,977009.9572992247
ghostnet_100_classification,290,95,977009.9572992247
ghostnet_100_classification,290,96,977009.9572992247
ghostnet_100_classification,290,97,1519911.0829529332
ghostnet_100_classification,290,98,977009.9572992247
ghostnet_100_classification,290,99,2364489.412645407
ghostnet_100_classification,290,100,977009.9572992247
ghostnet_100_classification,290,101,977009.9572992247
ghostnet_100_classification,290,102,628029.1441834247
ghostnet_100_classification,290,103,1519911.0829529332
ghostnet_100_classification,290,104,977009.9572992247
ghostnet_100_classification,290,105,977009.9572992247
ghostnet_100_classification,290,106,628029.1441834247
ghostnet_100_classification,290,107,1519911.0829529332
ghostnet_100_classification,290,108,977009.9572992247
ghostnet_100_classification,290,109,977009.9572992247
ghostnet_100_classification,290,110,1519911.0829529332
ghostnet_100_classification,290,111,2364489.412645407
ghostnet_100_classification,290,112,977009.9572992247
ghostnet_100_classification,290,113,1519911.0829529332
ghostnet_100_classification,290,114,1519911.0829529332
ghostnet_100_classification,290,115,977009.9572992247
ghostnet_100_classification,290,116,2364489.412645407
ghostnet_100_classification,290,117,977009.9572992247
ghostnet_100_classification,290,118,977009.9572992247
ghostnet_100_classification,290,119,1519911.0829529332
ghostnet_100_classification,290,120,977009.9572992247
ghostnet_100_classification,290,121,2364489.412645407
ghostnet_100_classification,290,122,977009.9572992247
ghostnet_100_classification,290,123,977009.9572992247
ghostnet_100_classification,290,124,1519911.0829529332
ghostnet_100_classification,290,125,1519911.0829529332
ghostnet_100_classification,290,126,977009.9572992247
ghostnet_100_classification,290,127,977009.9572992247
ghostnet_100_classification,290,128,1519911.0829529332
ghostnet_100_classification,290,129,1519911.0829529332
ghostnet_100_classification,290,130,977009.9572992247
ghostnet_100_classification,290,131,977009.9572992247
ghostnet_100_classification,290,132,1519911.0829529332
ghostnet_100_classification,290,133,1519911.0829529332
ghostnet_100_classification,290,134,1519911.0829529332
ghostnet_100_classification,290,135,2364489.412645407
ghostnet_100_classification,290,136,977009.9572992247
ghostnet_100_classification,290,137,1519911.0829529332
ghostnet_100_classification,290,138,1519911.0829529332
ghostnet_100_classification,290,139,977009.9572992247
ghostnet_100_classification,290,140,977009.9572992247
ghostnet_100_classification,290,141,1519911.0829529332
ghostnet_100_classification,290,142,1519911.0829529332
ghostnet_100_classification,290,143,1519911.0829529332
ghostnet_100_classification,290,144,977009.9572992247
ghostnet_100_classification,290,145,1519911.0829529332
ghostnet_100_classification,290,146,1519911.0829529332
ghostnet_100_classification,290,147,1519911.0829529332
ghostnet_100_classification,290,148,1519911.0829529332
ghostnet_100_classification,290,149,1519911.0829529332
ghostnet_100_classification,290,150,977009.9572992247
convnext_base_classification,273,1,5722367.659350208
convnext_base_classification,273,2,3678379.7718286267
convnext_base_classification,273,3,1519911.0829529332
convnext_base_classification,273,4,2364489.412645407
convnext_base_classification,273,5,3678379.7718286267
convnext_base_classification,273,6,5722367.659350208
convnext_base_classification,273,7,3678379.7718286267
convnext_base_classification,273,8,8902150.854450375
convnext_base_classification,273,9,3678379.7718286267
convnext_base_classification,273,10,3678379.7718286267
convnext_base_classification,273,11,3678379.7718286267
convnext_base_classification,273,12,2364489.412645407
convnext_base_classification,273,13,8902150.854450375
convnext_base_classification,273,14,3678379.7718286267
convnext_base_classification,273,15,3678379.7718286267
convnext_base_classification,273,16,5722367.659350208
convnext_base_classification,273,17,5722367.659350208
convnext_base_classification,273,18,8902150.854450375
convnext_base_classification,273,19,5722367.659350208
convnext_base_classification,273,20,5722367.659350208
convnext_base_classification,273,21,5722367.659350208
convnext_base_classification,273,22,5722367.659350208
convnext_base_classification,273,23,5722367.659350208
convnext_base_classification,273,24,8902150.854450375
convnext_base_classification,273,25,3678379.7718286267
convnext_base_classification,273,26,8902150.854450375
convnext_base_classification,273,27,5722367.659350208
convnext_base_classification,273,28,8902150.854450375
convnext_base_classification,273,29,5722367.659350208
convnext_base_classification,273,30,5722367.659350208
convnext_base_classification,273,31,5722367.659350208
convnext_base_classification,273,32,5722367.659350208
convnext_base_classification,273,33,5722367.659350208
convnext_base_classification,273,34,8902150.854450375
convnext_base_classification,273,35,5722367.659350208
convnext_base_classification,273,36,8902150.854450375
convnext_base_classification,273,37,8902150.854450375
convnext_base_classification,273,38,3678379.7718286267
convnext_base_classification,273,39,5722367.659350208
convnext_base_classification,273,40,5722367.659350208
convnext_base_classification,273,41,5722367.659350208
convnext_base_classification,273,42,5722367.659350208
convnext_base_classification,273,43,8902150.854450375
convnext_base_classification,273,44,8902150.854450375
convnext_base_classification,273,45,5722367.659350208
convnext_base_classification,273,46,8902150.854450375
convnext_base_classification,273,47,8902150.854450375
convnext_base_classification,273,48,2364489.412645407
convnext_base_classification,273,49,5722367.659350208
convnext_base_classification,273,50,5722367.659350208
convnext_base_classification,273,51,5722367.659350208
convnext_base_classification,273,52,8902150.854450375
convnext_base_classification,273,53,3678379.7718286267
convnext_base_classification,273,54,8902150.854450375
convnext_base_classification,273,55,8902150.854450375
convnext_base_classification,273,56,5722367.659350208
convnext_base_classification,273,57,5722367.659350208
convnext_base_classification,273,58,5722367.659350208
convnext_base_classification,273,59,8902150.854450375
convnext_base_classification,273,60,8902150.854450375
convnext_base_classification,273,61,5722367.659350208
convnext_base_classification,273,62,5722367.659350208
convnext_base_classification,273,63,5722367.659350208
convnext_base_classification,273,64,8902150.854450375
convnext_base_classification,273,65,3678379.7718286267
convnext_base_classification,273,66,5722367.659350208
convnext_base_classification,273,67,8902150.854450375
convnext_base_classification,273,68,21544346.900318824
convnext_base_classification,273,69,8902150.854450375
convnext_base_classification,273,70,5722367.659350208
convnext_base_classification,273,71,5722367.659350208
convnext_base_classification,273,72,8902150.854450375
convnext_base_classification,273,73,8902150.854450375
convnext_base_classification,273,74,8902150.854450375
convnext_base_classification,273,75,8902150.854450375
convnext_base_classification,273,76,5722367.659350208
convnext_base_classification,273,77,5722367.659350208
convnext_base_classification,273,78,8902150.854450375
convnext_base_classification,273,79,5722367.659350208
convnext_base_classification,273,80,5722367.659350208
convnext_base_classification,273,81,8902150.854450375
convnext_base_classification,273,82,5722367.659350208
convnext_base_classification,273,83,8902150.854450375
convnext_base_classification,273,84,5722367.659350208
convnext_base_classification,273,85,5722367.659350208
convnext_base_classification,273,86,13848863.713938717
convnext_base_classification,273,87,8902150.854450375
convnext_base_classification,273,88,8902150.854450375
convnext_base_classification,273,89,5722367.659350208
convnext_base_classification,273,90,8902150.854450375
convnext_base_classification,273,91,8902150.854450375
convnext_base_classification,273,92,5722367.659350208
convnext_base_classification,273,93,13848863.713938717
convnext_base_classification,273,94,8902150.854450375
convnext_base_classification,273,95,8902150.854450375
convnext_base_classification,273,96,8902150.854450375
convnext_base_classification,273,97,8902150.854450375
convnext_base_classification,273,98,8902150.854450375
convnext_base_classification,273,99,13848863.713938717
convnext_base_classification,273,100,8902150.854450375
convnext_base_classification,273,101,8902150.854450375
convnext_base_classification,273,102,5722367.659350208
convnext_base_classification,273,103,8902150.854450375
convnext_base_classification,273,104,8902150.854450375
convnext_base_classification,273,105,8902150.854450375
convnext_base_classification,273,106,5722367.659350208
convnext_base_classification,273,107,8902150.854450375
convnext_base_classification,273,108,5722367.659350208
convnext_base_classification,273,109,8902150.854450375
convnext_base_classification,273,110,13848863.713938717
convnext_base_classification,273,111,13848863.713938717
convnext_base_classification,273,112,8902150.854450375
convnext_base_classification,273,113,13848863.713938717
convnext_base_classification,273,114,8902150.854450375
convnext_base_classification,273,115,8902150.854450375
convnext_base_classification,273,116,13848863.713938717
convnext_base_classification,273,117,8902150.854450375
convnext_base_classification,273,118,8902150.854450375
convnext_base_classification,273,119,8902150.854450375
convnext_base_classification,273,120,5722367.659350208
convnext_base_classification,273,121,13848863.713938717
convnext_base_classification,273,122,8902150.854450375
convnext_base_classification,273,123,5722367.659350208
convnext_base_classification,273,124,13848863.713938717
convnext_base_classification,273,125,8902150.854450375
convnext_base_classification,273,126,8902150.854450375
convnext_base_classification,273,127,8902150.854450375
convnext_base_classification,273,128,13848863.713938717
convnext_base_classification,273,129,8902150.854450375
convnext_base_classification,273,130,5722367.659350208
convnext_base_classification,273,131,5722367.659350208
convnext_base_classification,273,132,13848863.713938717
convnext_base_classification,273,133,8902150.854450375
convnext_base_classification,273,134,13848863.713938717
convnext_base_classification,273,135,13848863.713938717
convnext_base_classification,273,136,8902150.854450375
convnext_base_classification,273,137,8902150.854450375
convnext_base_classification,273,138,13848863.713938717
convnext_base_classification,273,139,8902150.854450375
convnext_base_classification,273,140,5722367.659350208
convnext_base_classification,273,141,8902150.854450375
convnext_base_classification,273,142,8902150.854450375
convnext_base_classification,273,143,13848863.713938717
convnext_base_classification,273,144,8902150.854450375
convnext_base_classification,273,145,8902150.854450375
convnext_base_classification,273,146,8902150.854450375
convnext_base_classification,273,147,13848863.713938717
convnext_base_classification,273,148,8902150.854450375
convnext_base_classification,273,149,8902150.854450375
convnext_base_classification,273,150,8902150.854450375
xcit_nano_12_p8_224_classification,266,1,628029.1441834247
xcit_nano_12_p8_224_classification,266,2,259502.4211399732
xcit_nano_12_p8_224_classification,266,3,166810.0537200059
xcit_nano_12_p8_224_classification,266,4,166810.0537200059
xcit_nano_12_p8_224_classification,266,5,259502.4211399732
xcit_nano_12_p8_224_classification,266,6,403701.72585965495
xcit_nano_12_p8_224_classification,266,7,403701.72585965495
xcit_nano_12_p8_224_classification,266,8,977009.9572992247
xcit_nano_12_p8_224_classification,266,9,259502.4211399732
xcit_nano_12_p8_224_classification,266,10,403701.72585965495
xcit_nano_12_p8_224_classification,266,11,403701.72585965495
xcit_nano_12_p8_224_classification,266,12,259502.4211399732
xcit_nano_12_p8_224_classification,266,13,977009.9572992247
xcit_nano_12_p8_224_classification,266,14,403701.72585965495
xcit_nano_12_p8_224_classification,266,15,403701.72585965495
xcit_nano_12_p8_224_classification,266,16,628029.1441834247
xcit_nano_12_p8_224_classification,266,17,403701.72585965495
xcit_nano_12_p8_224_classification,266,18,628029.1441834247
xcit_nano_12_p8_224_classification,266,19,403701.72585965495
xcit_nano_12_p8_224_classification,266,20,403701.72585965495
xcit_nano_12_p8_224_classification,266,21,403701.72585965495
xcit_nano_12_p8_224_classification,266,22,628029.1441834247
xcit_nano_12_p8_224_classification,266,23,628029.1441834247
xcit_nano_12_p8_224_classification,266,24,628029.1441834247
xcit_nano_12_p8_224_classification,266,25,403701.72585965495
xcit_nano_12_p8_224_classification,266,26,977009.9572992247
xcit_nano_12_p8_224_classification,266,27,403701.72585965495
xcit_nano_12_p8_224_classification,266,28,977009.9572992247
xcit_nano_12_p8_224_classification,266,29,628029.1441834247
xcit_nano_12_p8_224_classification,266,30,628029.1441834247
xcit_nano_12_p8_224_classification,266,31,403701.72585965495
xcit_nano_12_p8_224_classification,266,32,403701.72585965495
xcit_nano_12_p8_224_classification,266,33,628029.1441834247
xcit_nano_12_p8_224_classification,266,34,628029.1441834247
xcit_nano_12_p8_224_classification,266,35,628029.1441834247
xcit_nano_12_p8_224_classification,266,36,977009.9572992247
xcit_nano_12_p8_224_classification,266,37,977009.9572992247
xcit_nano_12_p8_224_classification,266,38,628029.1441834247
xcit_nano_12_p8_224_classification,266,39,628029.1441834247
xcit_nano_12_p8_224_classification,266,40,628029.1441834247
xcit_nano_12_p8_224_classification,266,41,628029.1441834247
xcit_nano_12_p8_224_classification,266,42,628029.1441834247
xcit_nano_12_p8_224_classification,266,43,628029.1441834247
xcit_nano_12_p8_224_classification,266,44,977009.9572992247
xcit_nano_12_p8_224_classification,266,45,628029.1441834247
xcit_nano_12_p8_224_classification,266,46,977009.9572992247
xcit_nano_12_p8_224_classification,266,47,628029.1441834247
xcit_nano_12_p8_224_classification,266,48,259502.4211399732
xcit_nano_12_p8_224_classification,266,49,403701.72585965495
xcit_nano_12_p8_224_classification,266,50,628029.1441834247
xcit_nano_12_p8_224_classification,266,51,403701.72585965495
xcit_nano_12_p8_224_classification,266,52,977009.9572992247
xcit_nano_12_p8_224_classification,266,53,403701.72585965495
xcit_nano_12_p8_224_classification,266,54,628029.1441834247
xcit_nano_12_p8_224_classification,266,55,977009.9572992247
xcit_nano_12_p8_224_classification,266,56,403701.72585965495
xcit_nano_12_p8_224_classification,266,57,628029.1441834247
xcit_nano_12_p8_224_classification,266,58,628029.1441834247
xcit_nano_12_p8_224_classification,266,59,977009.9572992247
xcit_nano_12_p8_224_classification,266,60,628029.1441834247
xcit_nano_12_p8_224_classification,266,61,628029.1441834247
xcit_nano_12_p8_224_classification,266,62,403701.72585965495
xcit_nano_12_p8_224_classification,266,63,628029.1441834247
xcit_nano_12_p8_224_classification,266,64,628029.1441834247
xcit_nano_12_p8_224_classification,266,65,259502.4211399732
xcit_nano_12_p8_224_classification,266,66,628029.1441834247
xcit_nano_12_p8_224_classification,266,67,977009.9572992247
xcit_nano_12_p8_224_classification,266,68,1519911.0829529332
xcit_nano_12_p8_224_classification,266,69,977009.9572992247
xcit_nano_12_p8_224_classification,266,70,628029.1441834247
xcit_nano_12_p8_224_classification,266,71,403701.72585965495
xcit_nano_12_p8_224_classification,266,72,628029.1441834247
xcit_nano_12_p8_224_classification,266,73,628029.1441834247
xcit_nano_12_p8_224_classification,266,74,977009.9572992247
xcit_nano_12_p8_224_classification,266,75,977009.9572992247
xcit_nano_12_p8_224_classification,266,76,628029.1441834247
xcit_nano_12_p8_224_classification,266,77,403701.72585965495
xcit_nano_12_p8_224_classification,266,78,977009.9572992247
xcit_nano_12_p8_224_classification,266,79,628029.1441834247
xcit_nano_12_p8_224_classification,266,80,628029.1441834247
xcit_nano_12_p8_224_classification,266,81,977009.9572992247
xcit_nano_12_p8_224_classification,266,82,628029.1441834247
xcit_nano_12_p8_224_classification,266,83,628029.1441834247
xcit_nano_12_p8_224_classification,266,84,628029.1441834247
xcit_nano_12_p8_224_classification,266,85,628029.1441834247
xcit_nano_12_p8_224_classification,266,86,977009.9572992247
xcit_nano_12_p8_224_classification,266,87,628029.1441834247
xcit_nano_12_p8_224_classification,266,88,628029.1441834247
xcit_nano_12_p8_224_classification,266,89,628029.1441834247
xcit_nano_12_p8_224_classification,266,90,628029.1441834247
xcit_nano_12_p8_224_classification,266,91,628029.1441834247
xcit_nano_12_p8_224_classification,266,92,628029.1441834247
xcit_nano_12_p8_224_classification,266,93,977009.9572992247
xcit_nano_12_p8_224_classification,266,94,628029.1441834247
xcit_nano_12_p8_224_classification,266,95,977009.9572992247
xcit_nano_12_p8_224_classification,266,96,977009.9572992247
xcit_nano_12_p8_224_classification,266,97,977009.9572992247
xcit_nano_12_p8_224_classification,266,98,977009.9572992247
xcit_nano_12_p8_224_classification,266,99,977009.9572992247
xcit_nano_12_p8_224_classification,266,100,977009.9572992247
xcit_nano_12_p8_224_classification,266,101,977009.9572992247
xcit_nano_12_p8_224_classification,266,102,628029.1441834247
xcit_nano_12_p8_224_classification,266,103,628029.1441834247
xcit_nano_12_p8_224_classification,266,104,628029.1441834247
xcit_nano_12_p8_224_classification,266,105,977009.9572992247
xcit_nano_12_p8_224_classification,266,106,628029.1441834247
xcit_nano_12_p8_224_classification,266,107,977009.9572992247
xcit_nano_12_p8_224_classification,266,108,628029.1441834247
xcit_nano_12_p8_224_classification,266,109,977009.9572992247
xcit_nano_12_p8_224_classification,266,110,1519911.0829529332
xcit_nano_12_p8_224_classification,266,111,977009.9572992247
xcit_nano_12_p8_224_classification,266,112,628029.1441834247
xcit_nano_12_p8_224_classification,266,113,977009.9572992247
xcit_nano_12_p8_224_classification,266,114,977009.9572992247
xcit_nano_12_p8_224_classification,266,115,628029.1441834247
xcit_nano_12_p8_224_classification,266,116,977009.9572992247
xcit_nano_12_p8_224_classification,266,117,628029.1441834247
xcit_nano_12_p8_224_classification,266,118,628029.1441834247
xcit_nano_12_p8_224_classification,266,119,977009.9572992247
xcit_nano_12_p8_224_classification,266,120,628029.1441834247
xcit_nano_12_p8_224_classification,266,121,1519911.0829529332
xcit_nano_12_p8_224_classification,266,122,628029.1441834247
xcit_nano_12_p8_224_classification,266,123,628029.1441834247
xcit_nano_12_p8_224_classification,266,124,977009.9572992247
xcit_nano_12_p8_224_classification,266,125,628029.1441834247
xcit_nano_12_p8_224_classification,266,126,977009.9572992247
xcit_nano_12_p8_224_classification,266,127,628029.1441834247
xcit_nano_12_p8_224_classification,266,128,977009.9572992247
xcit_nano_12_p8_224_classification,266,129,628029.1441834247
xcit_nano_12_p8_224_classification,266,130,628029.1441834247
xcit_nano_12_p8_224_classification,266,131,977009.9572992247
xcit_nano_12_p8_224_classification,266,132,977009.9572992247
xcit_nano_12_p8_224_classification,266,133,977009.9572992247
xcit_nano_12_p8_224_classification,266,134,977009.9572992247
xcit_nano_12_p8_224_classification,266,135,1519911.0829529332
xcit_nano_12_p8_224_classification,266,136,977009.9572992247
xcit_nano_12_p8_224_classification,266,137,1519911.0829529332
xcit_nano_12_p8_224_classification,266,138,1519911.0829529332
xcit_nano_12_p8_224_classification,266,139,977009.9572992247
xcit_nano_12_p8_224_classification,266,140,628029.1441834247
xcit_nano_12_p8_224_classification,266,141,628029.1441834247
xcit_nano_12_p8_224_classification,266,142,1519911.0829529332
xcit_nano_12_p8_224_classification,266,143,977009.9572992247
xcit_nano_12_p8_224_classification,266,144,977009.9572992247
xcit_nano_12_p8_224_classification,266,145,977009.9572992247
xcit_nano_12_p8_224_classification,266,146,977009.9572992247
xcit_nano_12_p8_224_classification,266,147,2364489.412645407
xcit_nano_12_p8_224_classification,266,148,977009.9572992247
xcit_nano_12_p8_224_classification,266,149,977009.9572992247
xcit_nano_12_p8_224_classification,266,150,977009.9572992247
xcit_nano_12_p16_224_classification,242,1,4862.601580065353
xcit_nano_12_p16_224_classification,242,2,2009.2330025650458
xcit_nano_12_p16_224_classification,242,3,1291.549665014884
xcit_nano_12_p16_224_classification,242,4,1291.549665014884
xcit_nano_12_p16_224_classification,242,5,3125.7158496882353
xcit_nano_12_p16_224_classification,242,6,3125.7158496882353
xcit_nano_12_p16_224_classification,242,7,3125.7158496882353
xcit_nano_12_p16_224_classification,242,8,7564.633275546283
xcit_nano_12_p16_224_classification,242,9,3125.7158496882353
xcit_nano_12_p16_224_classification,242,10,3125.7158496882353
xcit_nano_12_p16_224_classification,242,11,4862.601580065353
xcit_nano_12_p16_224_classification,242,12,2009.2330025650458
xcit_nano_12_p16_224_classification,242,13,7564.633275546283
xcit_nano_12_p16_224_classification,242,14,3125.7158496882353
xcit_nano_12_p16_224_classification,242,15,3125.7158496882353
xcit_nano_12_p16_224_classification,242,16,4862.601580065353
xcit_nano_12_p16_224_classification,242,17,4862.601580065353
xcit_nano_12_p16_224_classification,242,18,7564.633275546283
xcit_nano_12_p16_224_classification,242,19,4862.601580065353
xcit_nano_12_p16_224_classification,242,20,4862.601580065353
xcit_nano_12_p16_224_classification,242,21,4862.601580065353
xcit_nano_12_p16_224_classification,242,22,4862.601580065353
xcit_nano_12_p16_224_classification,242,23,4862.601580065353
xcit_nano_12_p16_224_classification,242,24,7564.633275546283
xcit_nano_12_p16_224_classification,242,25,3125.7158496882353
xcit_nano_12_p16_224_classification,242,26,7564.633275546283
xcit_nano_12_p16_224_classification,242,27,4862.601580065353
xcit_nano_12_p16_224_classification,242,28,7564.633275546283
xcit_nano_12_p16_224_classification,242,29,7564.633275546283
xcit_nano_12_p16_224_classification,242,30,4862.601580065353
xcit_nano_12_p16_224_classification,242,31,3125.7158496882353
xcit_nano_12_p16_224_classification,242,32,4862.601580065353
xcit_nano_12_p16_224_classification,242,33,4862.601580065353
xcit_nano_12_p16_224_classification,242,34,4862.601580065353
xcit_nano_12_p16_224_classification,242,35,4862.601580065353
xcit_nano_12_p16_224_classification,242,36,7564.633275546283
xcit_nano_12_p16_224_classification,242,37,7564.633275546283
xcit_nano_12_p16_224_classification,242,38,4862.601580065353
xcit_nano_12_p16_224_classification,242,39,4862.601580065353
xcit_nano_12_p16_224_classification,242,40,4862.601580065353
xcit_nano_12_p16_224_classification,242,41,7564.633275546283
xcit_nano_12_p16_224_classification,242,42,4862.601580065353
xcit_nano_12_p16_224_classification,242,43,7564.633275546283
xcit_nano_12_p16_224_classification,242,44,11768.119524349991
xcit_nano_12_p16_224_classification,242,45,4862.601580065353
xcit_nano_12_p16_224_classification,242,46,11768.119524349991
xcit_nano_12_p16_224_classification,242,47,4862.601580065353
xcit_nano_12_p16_224_classification,242,48,2009.2330025650458
xcit_nano_12_p16_224_classification,242,49,4862.601580065353
xcit_nano_12_p16_224_classification,242,50,4862.601580065353
xcit_nano_12_p16_224_classification,242,51,4862.601580065353
xcit_nano_12_p16_224_classification,242,52,7564.633275546283
xcit_nano_12_p16_224_classification,242,53,3125.7158496882353
xcit_nano_12_p16_224_classification,242,54,4862.601580065353
xcit_nano_12_p16_224_classification,242,55,7564.633275546283
xcit_nano_12_p16_224_classification,242,56,3125.7158496882353
xcit_nano_12_p16_224_classification,242,57,4862.601580065353
xcit_nano_12_p16_224_classification,242,58,4862.601580065353
xcit_nano_12_p16_224_classification,242,59,11768.119524349991
xcit_nano_12_p16_224_classification,242,60,7564.633275546283
xcit_nano_12_p16_224_classification,242,61,4862.601580065353
xcit_nano_12_p16_224_classification,242,62,4862.601580065353
xcit_nano_12_p16_224_classification,242,63,4862.601580065353
xcit_nano_12_p16_224_classification,242,64,4862.601580065353
xcit_nano_12_p16_224_classification,242,65,3125.7158496882353
xcit_nano_12_p16_224_classification,242,66,4862.601580065353
xcit_nano_12_p16_224_classification,242,67,7564.633275546283
xcit_nano_12_p16_224_classification,242,68,7564.633275546283
xcit_nano_12_p16_224_classification,242,69,7564.633275546283
xcit_nano_12_p16_224_classification,242,70,7564.633275546283
xcit_nano_12_p16_224_classification,242,71,4862.601580065353
xcit_nano_12_p16_224_classification,242,72,4862.601580065353
xcit_nano_12_p16_224_classification,242,73,7564.633275546283
xcit_nano_12_p16_224_classification,242,74,7564.633275546283
xcit_nano_12_p16_224_classification,242,75,7564.633275546283
xcit_nano_12_p16_224_classification,242,76,7564.633275546283
xcit_nano_12_p16_224_classification,242,77,4862.601580065353
xcit_nano_12_p16_224_classification,242,78,7564.633275546283
xcit_nano_12_p16_224_classification,242,79,4862.601580065353
xcit_nano_12_p16_224_classification,242,80,4862.601580065353
xcit_nano_12_p16_224_classification,242,81,7564.633275546283
xcit_nano_12_p16_224_classification,242,82,7564.633275546283
xcit_nano_12_p16_224_classification,242,83,7564.633275546283
xcit_nano_12_p16_224_classification,242,84,7564.633275546283
xcit_nano_12_p16_224_classification,242,85,4862.601580065353
xcit_nano_12_p16_224_classification,242,86,11768.119524349991
xcit_nano_12_p16_224_classification,242,87,7564.633275546283
xcit_nano_12_p16_224_classification,242,88,4862.601580065353
xcit_nano_12_p16_224_classification,242,89,7564.633275546283
xcit_nano_12_p16_224_classification,242,90,4862.601580065353
xcit_nano_12_p16_224_classification,242,91,7564.633275546283
xcit_nano_12_p16_224_classification,242,92,4862.601580065353
xcit_nano_12_p16_224_classification,242,93,11768.119524349991
xcit_nano_12_p16_224_classification,242,94,7564.633275546283
xcit_nano_12_p16_224_classification,242,95,7564.633275546283
xcit_nano_12_p16_224_classification,242,96,7564.633275546283
xcit_nano_12_p16_224_classification,242,97,7564.633275546283
xcit_nano_12_p16_224_classification,242,98,11768.119524349991
xcit_nano_12_p16_224_classification,242,99,18307.382802953696
xcit_nano_12_p16_224_classification,242,100,7564.633275546283
xcit_nano_12_p16_224_classification,242,101,7564.633275546283
xcit_nano_12_p16_224_classification,242,102,4862.601580065353
xcit_nano_12_p16_224_classification,242,103,7564.633275546283
xcit_nano_12_p16_224_classification,242,104,7564.633275546283
xcit_nano_12_p16_224_classification,242,105,7564.633275546283
xcit_nano_12_p16_224_classification,242,106,4862.601580065353
xcit_nano_12_p16_224_classification,242,107,7564.633275546283
xcit_nano_12_p16_224_classification,242,108,7564.633275546283
xcit_nano_12_p16_224_classification,242,109,7564.633275546283
xcit_nano_12_p16_224_classification,242,110,18307.382802953696
xcit_nano_12_p16_224_classification,242,111,18307.382802953696
xcit_nano_12_p16_224_classification,242,112,7564.633275546283
xcit_nano_12_p16_224_classification,242,113,7564.633275546283
xcit_nano_12_p16_224_classification,242,114,7564.633275546283
xcit_nano_12_p16_224_classification,242,115,7564.633275546283
xcit_nano_12_p16_224_classification,242,116,7564.633275546283
xcit_nano_12_p16_224_classification,242,117,7564.633275546283
xcit_nano_12_p16_224_classification,242,118,4862.601580065353
xcit_nano_12_p16_224_classification,242,119,7564.633275546283
xcit_nano_12_p16_224_classification,242,120,4862.601580065353
xcit_nano_12_p16_224_classification,242,121,11768.119524349991
xcit_nano_12_p16_224_classification,242,122,7564.633275546283
xcit_nano_12_p16_224_classification,242,123,7564.633275546283
xcit_nano_12_p16_224_classification,242,124,11768.119524349991
xcit_nano_12_p16_224_classification,242,125,7564.633275546283
xcit_nano_12_p16_224_classification,242,126,4862.601580065353
xcit_nano_12_p16_224_classification,242,127,4862.601580065353
xcit_nano_12_p16_224_classification,242,128,7564.633275546283
xcit_nano_12_p16_224_classification,242,129,7564.633275546283
xcit_nano_12_p16_224_classification,242,130,4862.601580065353
xcit_nano_12_p16_224_classification,242,131,4862.601580065353
xcit_nano_12_p16_224_classification,242,132,7564.633275546283
xcit_nano_12_p16_224_classification,242,133,7564.633275546283
xcit_nano_12_p16_224_classification,242,134,11768.119524349991
xcit_nano_12_p16_224_classification,242,135,11768.119524349991
xcit_nano_12_p16_224_classification,242,136,7564.633275546283
xcit_nano_12_p16_224_classification,242,137,11768.119524349991
xcit_nano_12_p16_224_classification,242,138,11768.119524349991
xcit_nano_12_p16_224_classification,242,139,7564.633275546283
xcit_nano_12_p16_224_classification,242,140,7564.633275546283
xcit_nano_12_p16_224_classification,242,141,7564.633275546283
xcit_nano_12_p16_224_classification,242,142,11768.119524349991
xcit_nano_12_p16_224_classification,242,143,7564.633275546283
xcit_nano_12_p16_224_classification,242,144,11768.119524349991
xcit_nano_12_p16_224_classification,242,145,7564.633275546283
xcit_nano_12_p16_224_classification,242,146,11768.119524349991
xcit_nano_12_p16_224_classification,242,147,11768.119524349991
xcit_nano_12_p16_224_classification,242,148,7564.633275546283
xcit_nano_12_p16_224_classification,242,149,7564.633275546283
xcit_nano_12_p16_224_classification,242,150,7564.633275546283
swin_large_patch4_window7_224_classification,281,1,977009.9572992247
swin_large_patch4_window7_224_classification,281,2,403701.72585965495
swin_large_patch4_window7_224_classification,281,3,259502.4211399732
swin_large_patch4_window7_224_classification,281,4,259502.4211399732
swin_large_patch4_window7_224_classification,281,5,403701.72585965495
swin_large_patch4_window7_224_classification,281,6,628029.1441834247
swin_large_patch4_window7_224_classification,281,7,628029.1441834247
swin_large_patch4_window7_224_classification,281,8,1519911.0829529332
swin_large_patch4_window7_224_classification,281,9,628029.1441834247
swin_large_patch4_window7_224_classification,281,10,628029.1441834247
swin_large_patch4_window7_224_classification,281,11,628029.1441834247
swin_large_patch4_window7_224_classification,281,12,403701.72585965495
swin_large_patch4_window7_224_classification,281,13,977009.9572992247
swin_large_patch4_window7_224_classification,281,14,977009.9572992247
swin_large_patch4_window7_224_classification,281,15,628029.1441834247
swin_large_patch4_window7_224_classification,281,16,977009.9572992247
swin_large_patch4_window7_224_classification,281,17,977009.9572992247
swin_large_patch4_window7_224_classification,281,18,1519911.0829529332
swin_large_patch4_window7_224_classification,281,19,628029.1441834247
swin_large_patch4_window7_224_classification,281,20,977009.9572992247
swin_large_patch4_window7_224_classification,281,21,628029.1441834247
swin_large_patch4_window7_224_classification,281,22,977009.9572992247
swin_large_patch4_window7_224_classification,281,23,977009.9572992247
swin_large_patch4_window7_224_classification,281,24,1519911.0829529332
swin_large_patch4_window7_224_classification,281,25,977009.9572992247
swin_large_patch4_window7_224_classification,281,26,1519911.0829529332
swin_large_patch4_window7_224_classification,281,27,977009.9572992247
swin_large_patch4_window7_224_classification,281,28,1519911.0829529332
swin_large_patch4_window7_224_classification,281,29,977009.9572992247
swin_large_patch4_window7_224_classification,281,30,977009.9572992247
swin_large_patch4_window7_224_classification,281,31,628029.1441834247
swin_large_patch4_window7_224_classification,281,32,628029.1441834247
swin_large_patch4_window7_224_classification,281,33,977009.9572992247
swin_large_patch4_window7_224_classification,281,34,1519911.0829529332
swin_large_patch4_window7_224_classification,281,35,977009.9572992247
swin_large_patch4_window7_224_classification,281,36,1519911.0829529332
swin_large_patch4_window7_224_classification,281,37,1519911.0829529332
swin_large_patch4_window7_224_classification,281,38,628029.1441834247
swin_large_patch4_window7_224_classification,281,39,977009.9572992247
swin_large_patch4_window7_224_classification,281,40,628029.1441834247
swin_large_patch4_window7_224_classification,281,41,1519911.0829529332
swin_large_patch4_window7_224_classification,281,42,977009.9572992247
swin_large_patch4_window7_224_classification,281,43,977009.9572992247
swin_large_patch4_window7_224_classification,281,44,1519911.0829529332
swin_large_patch4_window7_224_classification,281,45,977009.9572992247
swin_large_patch4_window7_224_classification,281,46,2364489.412645407
swin_large_patch4_window7_224_classification,281,47,977009.9572992247
swin_large_patch4_window7_224_classification,281,48,628029.1441834247
swin_large_patch4_window7_224_classification,281,49,977009.9572992247
swin_large_patch4_window7_224_classification,281,50,977009.9572992247
swin_large_patch4_window7_224_classification,281,51,977009.9572992247
swin_large_patch4_window7_224_classification,281,52,1519911.0829529332
swin_large_patch4_window7_224_classification,281,53,628029.1441834247
swin_large_patch4_window7_224_classification,281,54,1519911.0829529332
swin_large_patch4_window7_224_classification,281,55,977009.9572992247
swin_large_patch4_window7_224_classification,281,56,977009.9572992247
swin_large_patch4_window7_224_classification,281,57,977009.9572992247
swin_large_patch4_window7_224_classification,281,58,977009.9572992247
swin_large_patch4_window7_224_classification,281,59,2364489.412645407
swin_large_patch4_window7_224_classification,281,60,1519911.0829529332
swin_large_patch4_window7_224_classification,281,61,1519911.0829529332
swin_large_patch4_window7_224_classification,281,62,977009.9572992247
swin_large_patch4_window7_224_classification,281,63,977009.9572992247
swin_large_patch4_window7_224_classification,281,64,977009.9572992247
swin_large_patch4_window7_224_classification,281,65,628029.1441834247
swin_large_patch4_window7_224_classification,281,66,977009.9572992247
swin_large_patch4_window7_224_classification,281,67,1519911.0829529332
swin_large_patch4_window7_224_classification,281,68,2364489.412645407
swin_large_patch4_window7_224_classification,281,69,1519911.0829529332
swin_large_patch4_window7_224_classification,281,70,977009.9572992247
swin_large_patch4_window7_224_classification,281,71,977009.9572992247
swin_large_patch4_window7_224_classification,281,72,1519911.0829529332
swin_large_patch4_window7_224_classification,281,73,1519911.0829529332
swin_large_patch4_window7_224_classification,281,74,1519911.0829529332
swin_large_patch4_window7_224_classification,281,75,1519911.0829529332
swin_large_patch4_window7_224_classification,281,76,977009.9572992247
swin_large_patch4_window7_224_classification,281,77,977009.9572992247
swin_large_patch4_window7_224_classification,281,78,1519911.0829529332
swin_large_patch4_window7_224_classification,281,79,977009.9572992247
swin_large_patch4_window7_224_classification,281,80,977009.9572992247
swin_large_patch4_window7_224_classification,281,81,1519911.0829529332
swin_large_patch4_window7_224_classification,281,82,1519911.0829529332
swin_large_patch4_window7_224_classification,281,83,1519911.0829529332
swin_large_patch4_window7_224_classification,281,84,1519911.0829529332
swin_large_patch4_window7_224_classification,281,85,977009.9572992247
swin_large_patch4_window7_224_classification,281,86,1519911.0829529332
swin_large_patch4_window7_224_classification,281,87,1519911.0829529332
swin_large_patch4_window7_224_classification,281,88,977009.9572992247
swin_large_patch4_window7_224_classification,281,89,977009.9572992247
swin_large_patch4_window7_224_classification,281,90,1519911.0829529332
swin_large_patch4_window7_224_classification,281,91,1519911.0829529332
swin_large_patch4_window7_224_classification,281,92,977009.9572992247
swin_large_patch4_window7_224_classification,281,93,1519911.0829529332
swin_large_patch4_window7_224_classification,281,94,1519911.0829529332
swin_large_patch4_window7_224_classification,281,95,1519911.0829529332
swin_large_patch4_window7_224_classification,281,96,1519911.0829529332
swin_large_patch4_window7_224_classification,281,97,1519911.0829529332
swin_large_patch4_window7_224_classification,281,98,1519911.0829529332
swin_large_patch4_window7_224_classification,281,99,2364489.412645407
swin_large_patch4_window7_224_classification,281,100,1519911.0829529332
swin_large_patch4_window7_224_classification,281,101,1519911.0829529332
swin_large_patch4_window7_224_classification,281,102,977009.9572992247
swin_large_patch4_window7_224_classification,281,103,1519911.0829529332
swin_large_patch4_window7_224_classification,281,104,977009.9572992247
swin_large_patch4_window7_224_classification,281,105,977009.9572992247
swin_large_patch4_window7_224_classification,281,106,977009.9572992247
swin_large_patch4_window7_224_classification,281,107,1519911.0829529332
swin_large_patch4_window7_224_classification,281,108,1519911.0829529332
swin_large_patch4_window7_224_classification,281,109,1519911.0829529332
swin_large_patch4_window7_224_classification,281,110,2364489.412645407
swin_large_patch4_window7_224_classification,281,111,2364489.412645407
swin_large_patch4_window7_224_classification,281,112,977009.9572992247
swin_large_patch4_window7_224_classification,281,113,1519911.0829529332
swin_large_patch4_window7_224_classification,281,114,1519911.0829529332
swin_large_patch4_window7_224_classification,281,115,1519911.0829529332
swin_large_patch4_window7_224_classification,281,116,2364489.412645407
swin_large_patch4_window7_224_classification,281,117,1519911.0829529332
swin_large_patch4_window7_224_classification,281,118,1519911.0829529332
swin_large_patch4_window7_224_classification,281,119,1519911.0829529332
swin_large_patch4_window7_224_classification,281,120,1519911.0829529332
swin_large_patch4_window7_224_classification,281,121,2364489.412645407
swin_large_patch4_window7_224_classification,281,122,1519911.0829529332
swin_large_patch4_window7_224_classification,281,123,1519911.0829529332
swin_large_patch4_window7_224_classification,281,124,1519911.0829529332
swin_large_patch4_window7_224_classification,281,125,1519911.0829529332
swin_large_patch4_window7_224_classification,281,126,977009.9572992247
swin_large_patch4_window7_224_classification,281,127,1519911.0829529332
swin_large_patch4_window7_224_classification,281,128,2364489.412645407
swin_large_patch4_window7_224_classification,281,129,1519911.0829529332
swin_large_patch4_window7_224_classification,281,130,977009.9572992247
swin_large_patch4_window7_224_classification,281,131,977009.9572992247
swin_large_patch4_window7_224_classification,281,132,1519911.0829529332
swin_large_patch4_window7_224_classification,281,133,1519911.0829529332
swin_large_patch4_window7_224_classification,281,134,2364489.412645407
swin_large_patch4_window7_224_classification,281,135,2364489.412645407
swin_large_patch4_window7_224_classification,281,136,1519911.0829529332
swin_large_patch4_window7_224_classification,281,137,2364489.412645407
swin_large_patch4_window7_224_classification,281,138,1519911.0829529332
swin_large_patch4_window7_224_classification,281,139,1519911.0829529332
swin_large_patch4_window7_224_classification,281,140,1519911.0829529332
swin_large_patch4_window7_224_classification,281,141,2364489.412645407
swin_large_patch4_window7_224_classification,281,142,2364489.412645407
swin_large_patch4_window7_224_classification,281,143,1519911.0829529332
swin_large_patch4_window7_224_classification,281,144,1519911.0829529332
swin_large_patch4_window7_224_classification,281,145,1519911.0829529332
swin_large_patch4_window7_224_classification,281,146,1519911.0829529332
swin_large_patch4_window7_224_classification,281,147,1519911.0829529332
swin_large_patch4_window7_224_classification,281,148,2364489.412645407
swin_large_patch4_window7_224_classification,281,149,1519911.0829529332
swin_large_patch4_window7_224_classification,281,150,1519911.0829529332
jx_nest_tiny_classification,148,1,68926.12104349695
jx_nest_tiny_classification,148,2,28480.35868435799
jx_nest_tiny_classification,148,3,18307.382802953696
jx_nest_tiny_classification,148,4,28480.35868435799
jx_nest_tiny_classification,148,5,28480.35868435799
jx_nest_tiny_classification,148,6,44306.21457583878
jx_nest_tiny_classification,148,7,44306.21457583878
jx_nest_tiny_classification,148,8,166810.0537200059
jx_nest_tiny_classification,148,9,44306.21457583878
jx_nest_tiny_classification,148,10,44306.21457583878
jx_nest_tiny_classification,148,11,44306.21457583878
jx_nest_tiny_classification,148,12,28480.35868435799
jx_nest_tiny_classification,148,13,107226.72220103232
jx_nest_tiny_classification,148,14,44306.21457583878
jx_nest_tiny_classification,148,15,44306.21457583878
jx_nest_tiny_classification,148,16,68926.12104349695
jx_nest_tiny_classification,148,17,68926.12104349695
jx_nest_tiny_classification,148,18,107226.72220103232
jx_nest_tiny_classification,148,19,68926.12104349695
jx_nest_tiny_classification,148,20,68926.12104349695
jx_nest_tiny_classification,148,21,68926.12104349695
jx_nest_tiny_classification,148,22,68926.12104349695
jx_nest_tiny_classification,148,23,68926.12104349695
jx_nest_tiny_classification,148,24,68926.12104349695
jx_nest_tiny_classification,148,25,44306.21457583878
jx_nest_tiny_classification,148,26,107226.72220103232
jx_nest_tiny_classification,148,27,68926.12104349695
jx_nest_tiny_classification,148,28,107226.72220103232
jx_nest_tiny_classification,148,29,68926.12104349695
jx_nest_tiny_classification,148,30,68926.12104349695
jx_nest_tiny_classification,148,31,44306.21457583878
jx_nest_tiny_classification,148,32,44306.21457583878
jx_nest_tiny_classification,148,33,68926.12104349695
jx_nest_tiny_classification,148,34,107226.72220103232
jx_nest_tiny_classification,148,35,68926.12104349695
jx_nest_tiny_classification,148,36,107226.72220103232
jx_nest_tiny_classification,148,37,107226.72220103232
jx_nest_tiny_classification,148,38,68926.12104349695
jx_nest_tiny_classification,148,39,68926.12104349695
jx_nest_tiny_classification,148,40,68926.12104349695
jx_nest_tiny_classification,148,41,107226.72220103232
jx_nest_tiny_classification,148,42,68926.12104349695
jx_nest_tiny_classification,148,43,68926.12104349695
jx_nest_tiny_classification,148,44,166810.0537200059
jx_nest_tiny_classification,148,45,68926.12104349695
jx_nest_tiny_classification,148,46,107226.72220103232
jx_nest_tiny_classification,148,47,68926.12104349695
jx_nest_tiny_classification,148,48,28480.35868435799
jx_nest_tiny_classification,148,49,68926.12104349695
jx_nest_tiny_classification,148,50,68926.12104349695
jx_nest_tiny_classification,148,51,68926.12104349695
jx_nest_tiny_classification,148,52,107226.72220103232
jx_nest_tiny_classification,148,53,44306.21457583878
jx_nest_tiny_classification,148,54,68926.12104349695
jx_nest_tiny_classification,148,55,107226.72220103232
jx_nest_tiny_classification,148,56,68926.12104349695
jx_nest_tiny_classification,148,57,68926.12104349695
jx_nest_tiny_classification,148,58,68926.12104349695
jx_nest_tiny_classification,148,59,166810.0537200059
jx_nest_tiny_classification,148,60,107226.72220103232
jx_nest_tiny_classification,148,61,68926.12104349695
jx_nest_tiny_classification,148,62,68926.12104349695
jx_nest_tiny_classification,148,63,68926.12104349695
jx_nest_tiny_classification,148,64,107226.72220103232
jx_nest_tiny_classification,148,65,44306.21457583878
jx_nest_tiny_classification,148,66,68926.12104349695
jx_nest_tiny_classification,148,67,166810.0537200059
jx_nest_tiny_classification,148,68,107226.72220103232
jx_nest_tiny_classification,148,69,107226.72220103232
jx_nest_tiny_classification,148,70,107226.72220103232
jx_nest_tiny_classification,148,71,44306.21457583878
jx_nest_tiny_classification,148,72,107226.72220103232
jx_nest_tiny_classification,148,73,68926.12104349695
jx_nest_tiny_classification,148,74,107226.72220103232
jx_nest_tiny_classification,148,75,107226.72220103232
jx_nest_tiny_classification,148,76,68926.12104349695
jx_nest_tiny_classification,148,77,68926.12104349695
jx_nest_tiny_classification,148,78,107226.72220103232
jx_nest_tiny_classification,148,79,68926.12104349695
jx_nest_tiny_classification,148,80,68926.12104349695
jx_nest_tiny_classification,148,81,166810.0537200059
jx_nest_tiny_classification,148,82,68926.12104349695
jx_nest_tiny_classification,148,83,68926.12104349695
jx_nest_tiny_classification,148,84,107226.72220103232
jx_nest_tiny_classification,148,85,68926.12104349695
jx_nest_tiny_classification,148,86,107226.72220103232
jx_nest_tiny_classification,148,87,107226.72220103232
jx_nest_tiny_classification,148,88,107226.72220103232
jx_nest_tiny_classification,148,89,68926.12104349695
jx_nest_tiny_classification,148,90,68926.12104349695
jx_nest_tiny_classification,148,91,107226.72220103232
jx_nest_tiny_classification,148,92,68926.12104349695
jx_nest_tiny_classification,148,93,107226.72220103232
jx_nest_tiny_classification,148,94,107226.72220103232
jx_nest_tiny_classification,148,95,107226.72220103232
jx_nest_tiny_classification,148,96,107226.72220103232
jx_nest_tiny_classification,148,97,68926.12104349695
jx_nest_tiny_classification,148,98,107226.72220103232
jx_nest_tiny_classification,148,99,166810.0537200059
jx_nest_tiny_classification,148,100,107226.72220103232
jx_nest_tiny_classification,148,101,107226.72220103232
jx_nest_tiny_classification,148,102,68926.12104349695
jx_nest_tiny_classification,148,103,107226.72220103232
jx_nest_tiny_classification,148,104,107226.72220103232
jx_nest_tiny_classification,148,105,107226.72220103232
jx_nest_tiny_classification,148,106,68926.12104349695
jx_nest_tiny_classification,148,107,107226.72220103232
jx_nest_tiny_classification,148,108,68926.12104349695
jx_nest_tiny_classification,148,109,107226.72220103232
jx_nest_tiny_classification,148,110,166810.0537200059
jx_nest_tiny_classification,148,111,166810.0537200059
jx_nest_tiny_classification,148,112,107226.72220103232
jx_nest_tiny_classification,148,113,107226.72220103232
jx_nest_tiny_classification,148,114,107226.72220103232
jx_nest_tiny_classification,148,115,107226.72220103232
jx_nest_tiny_classification,148,116,166810.0537200059
jx_nest_tiny_classification,148,117,107226.72220103232
jx_nest_tiny_classification,148,118,107226.72220103232
jx_nest_tiny_classification,148,119,107226.72220103232
jx_nest_tiny_classification,148,120,68926.12104349695
jx_nest_tiny_classification,148,121,166810.0537200059
jx_nest_tiny_classification,148,122,68926.12104349695
jx_nest_tiny_classification,148,123,68926.12104349695
jx_nest_tiny_classification,148,124,107226.72220103232
jx_nest_tiny_classification,148,125,107226.72220103232
jx_nest_tiny_classification,148,126,107226.72220103232
jx_nest_tiny_classification,148,127,68926.12104349695
jx_nest_tiny_classification,148,128,166810.0537200059
jx_nest_tiny_classification,148,129,107226.72220103232
jx_nest_tiny_classification,148,130,68926.12104349695
jx_nest_tiny_classification,148,131,107226.72220103232
jx_nest_tiny_classification,148,132,166810.0537200059
jx_nest_tiny_classification,148,133,68926.12104349695
jx_nest_tiny_classification,148,134,166810.0537200059
jx_nest_tiny_classification,148,135,166810.0537200059
jx_nest_tiny_classification,148,136,107226.72220103232
jx_nest_tiny_classification,148,137,107226.72220103232
jx_nest_tiny_classification,148,138,107226.72220103232
jx_nest_tiny_classification,148,139,107226.72220103232
jx_nest_tiny_classification,148,140,107226.72220103232
jx_nest_tiny_classification,148,141,107226.72220103232
jx_nest_tiny_classification,148,142,166810.0537200059
jx_nest_tiny_classification,148,143,107226.72220103232
jx_nest_tiny_classification,148,144,107226.72220103232
jx_nest_tiny_classification,148,145,107226.72220103232
jx_nest_tiny_classification,148,146,107226.72220103232
jx_nest_tiny_classification,148,147,166810.0537200059
jx_nest_tiny_classification,148,148,166810.0537200059
jx_nest_tiny_classification,148,149,107226.72220103232
jx_nest_tiny_classification,148,150,107226.72220103232
pit_ti_224_classification,207,1,44306.21457583878
pit_ti_224_classification,207,2,28480.35868435799
pit_ti_224_classification,207,3,18307.382802953696
pit_ti_224_classification,207,4,18307.382802953696
pit_ti_224_classification,207,5,28480.35868435799
pit_ti_224_classification,207,6,44306.21457583878
pit_ti_224_classification,207,7,44306.21457583878
pit_ti_224_classification,207,8,68926.12104349695
pit_ti_224_classification,207,9,28480.35868435799
pit_ti_224_classification,207,10,28480.35868435799
pit_ti_224_classification,207,11,44306.21457583878
pit_ti_224_classification,207,12,28480.35868435799
pit_ti_224_classification,207,13,68926.12104349695
pit_ti_224_classification,207,14,44306.21457583878
pit_ti_224_classification,207,15,44306.21457583878
pit_ti_224_classification,207,16,44306.21457583878
pit_ti_224_classification,207,17,44306.21457583878
pit_ti_224_classification,207,18,68926.12104349695
pit_ti_224_classification,207,19,44306.21457583878
pit_ti_224_classification,207,20,44306.21457583878
pit_ti_224_classification,207,21,44306.21457583878
pit_ti_224_classification,207,22,44306.21457583878
pit_ti_224_classification,207,23,44306.21457583878
pit_ti_224_classification,207,24,68926.12104349695
pit_ti_224_classification,207,25,44306.21457583878
pit_ti_224_classification,207,26,107226.72220103232
pit_ti_224_classification,207,27,44306.21457583878
pit_ti_224_classification,207,28,68926.12104349695
pit_ti_224_classification,207,29,68926.12104349695
pit_ti_224_classification,207,30,44306.21457583878
pit_ti_224_classification,207,31,44306.21457583878
pit_ti_224_classification,207,32,44306.21457583878
pit_ti_224_classification,207,33,44306.21457583878
pit_ti_224_classification,207,34,68926.12104349695
pit_ti_224_classification,207,35,68926.12104349695
pit_ti_224_classification,207,36,68926.12104349695
pit_ti_224_classification,207,37,68926.12104349695
pit_ti_224_classification,207,38,44306.21457583878
pit_ti_224_classification,207,39,44306.21457583878
pit_ti_224_classification,207,40,68926.12104349695
pit_ti_224_classification,207,41,68926.12104349695
pit_ti_224_classification,207,42,44306.21457583878
pit_ti_224_classification,207,43,68926.12104349695
pit_ti_224_classification,207,44,107226.72220103232
pit_ti_224_classification,207,45,44306.21457583878
pit_ti_224_classification,207,46,107226.72220103232
pit_ti_224_classification,207,47,68926.12104349695
pit_ti_224_classification,207,48,28480.35868435799
pit_ti_224_classification,207,49,44306.21457583878
pit_ti_224_classification,207,50,68926.12104349695
pit_ti_224_classification,207,51,44306.21457583878
pit_ti_224_classification,207,52,107226.72220103232
pit_ti_224_classification,207,53,44306.21457583878
pit_ti_224_classification,207,54,68926.12104349695
pit_ti_224_classification,207,55,68926.12104349695
pit_ti_224_classification,207,56,44306.21457583878
pit_ti_224_classification,207,57,44306.21457583878
pit_ti_224_classification,207,58,44306.21457583878
pit_ti_224_classification,207,59,107226.72220103232
pit_ti_224_classification,207,60,68926.12104349695
pit_ti_224_classification,207,61,44306.21457583878
pit_ti_224_classification,207,62,44306.21457583878
pit_ti_224_classification,207,63,44306.21457583878
pit_ti_224_classification,207,64,68926.12104349695
pit_ti_224_classification,207,65,28480.35868435799
pit_ti_224_classification,207,66,44306.21457583878
pit_ti_224_classification,207,67,107226.72220103232
pit_ti_224_classification,207,68,107226.72220103232
pit_ti_224_classification,207,69,68926.12104349695
pit_ti_224_classification,207,70,68926.12104349695
pit_ti_224_classification,207,71,44306.21457583878
pit_ti_224_classification,207,72,68926.12104349695
pit_ti_224_classification,207,73,68926.12104349695
pit_ti_224_classification,207,74,68926.12104349695
pit_ti_224_classification,207,75,68926.12104349695
pit_ti_224_classification,207,76,44306.21457583878
pit_ti_224_classification,207,77,44306.21457583878
pit_ti_224_classification,207,78,68926.12104349695
pit_ti_224_classification,207,79,44306.21457583878
pit_ti_224_classification,207,80,68926.12104349695
pit_ti_224_classification,207,81,68926.12104349695
pit_ti_224_classification,207,82,68926.12104349695
pit_ti_224_classification,207,83,68926.12104349695
pit_ti_224_classification,207,84,68926.12104349695
pit_ti_224_classification,207,85,68926.12104349695
pit_ti_224_classification,207,86,68926.12104349695
pit_ti_224_classification,207,87,68926.12104349695
pit_ti_224_classification,207,88,68926.12104349695
pit_ti_224_classification,207,89,68926.12104349695
pit_ti_224_classification,207,90,68926.12104349695
pit_ti_224_classification,207,91,68926.12104349695
pit_ti_224_classification,207,92,44306.21457583878
pit_ti_224_classification,207,93,107226.72220103232
pit_ti_224_classification,207,94,68926.12104349695
pit_ti_224_classification,207,95,68926.12104349695
pit_ti_224_classification,207,96,107226.72220103232
pit_ti_224_classification,207,97,68926.12104349695
pit_ti_224_classification,207,98,107226.72220103232
pit_ti_224_classification,207,99,107226.72220103232
pit_ti_224_classification,207,100,68926.12104349695
pit_ti_224_classification,207,101,68926.12104349695
pit_ti_224_classification,207,102,68926.12104349695
pit_ti_224_classification,207,103,68926.12104349695
pit_ti_224_classification,207,104,68926.12104349695
pit_ti_224_classification,207,105,68926.12104349695
pit_ti_224_classification,207,106,68926.12104349695
pit_ti_224_classification,207,107,107226.72220103232
pit_ti_224_classification,207,108,68926.12104349695
pit_ti_224_classification,207,109,68926.12104349695
pit_ti_224_classification,207,110,166810.0537200059
pit_ti_224_classification,207,111,166810.0537200059
pit_ti_224_classification,207,112,68926.12104349695
pit_ti_224_classification,207,113,107226.72220103232
pit_ti_224_classification,207,114,68926.12104349695
pit_ti_224_classification,207,115,68926.12104349695
pit_ti_224_classification,207,116,107226.72220103232
pit_ti_224_classification,207,117,68926.12104349695
pit_ti_224_classification,207,118,68926.12104349695
pit_ti_224_classification,207,119,68926.12104349695
pit_ti_224_classification,207,120,68926.12104349695
pit_ti_224_classification,207,121,107226.72220103232
pit_ti_224_classification,207,122,68926.12104349695
pit_ti_224_classification,207,123,68926.12104349695
pit_ti_224_classification,207,124,68926.12104349695
pit_ti_224_classification,207,125,107226.72220103232
pit_ti_224_classification,207,126,68926.12104349695
pit_ti_224_classification,207,127,107226.72220103232
pit_ti_224_classification,207,128,107226.72220103232
pit_ti_224_classification,207,129,68926.12104349695
pit_ti_224_classification,207,130,68926.12104349695
pit_ti_224_classification,207,131,68926.12104349695
pit_ti_224_classification,207,132,166810.0537200059
pit_ti_224_classification,207,133,68926.12104349695
pit_ti_224_classification,207,134,107226.72220103232
pit_ti_224_classification,207,135,107226.72220103232
pit_ti_224_classification,207,136,107226.72220103232
pit_ti_224_classification,207,137,107226.72220103232
pit_ti_224_classification,207,138,107226.72220103232
pit_ti_224_classification,207,139,68926.12104349695
pit_ti_224_classification,207,140,68926.12104349695
pit_ti_224_classification,207,141,107226.72220103232
pit_ti_224_classification,207,142,68926.12104349695
pit_ti_224_classification,207,143,107226.72220103232
pit_ti_224_classification,207,144,107226.72220103232
pit_ti_224_classification,207,145,68926.12104349695
pit_ti_224_classification,207,146,107226.72220103232
pit_ti_224_classification,207,147,107226.72220103232
pit_ti_224_classification,207,148,107226.72220103232
pit_ti_224_classification,207,149,68926.12104349695
pit_ti_224_classification,207,150,68926.12104349695
vit_base_patch32_224_classification,218,1,259502.4211399732
vit_base_patch32_224_classification,218,2,107226.72220103232
vit_base_patch32_224_classification,218,3,107226.72220103232
vit_base_patch32_224_classification,218,4,107226.72220103232
vit_base_patch32_224_classification,218,5,107226.72220103232
vit_base_patch32_224_classification,218,6,166810.0537200059
vit_base_patch32_224_classification,218,7,166810.0537200059
vit_base_patch32_224_classification,218,8,403701.72585965495
vit_base_patch32_224_classification,218,9,166810.0537200059
vit_base_patch32_224_classification,218,10,166810.0537200059
vit_base_patch32_224_classification,218,11,259502.4211399732
vit_base_patch32_224_classification,218,12,107226.72220103232
vit_base_patch32_224_classification,218,13,403701.72585965495
vit_base_patch32_224_classification,218,14,259502.4211399732
vit_base_patch32_224_classification,218,15,259502.4211399732
vit_base_patch32_224_classification,218,16,259502.4211399732
vit_base_patch32_224_classification,218,17,259502.4211399732
vit_base_patch32_224_classification,218,18,403701.72585965495
vit_base_patch32_224_classification,218,19,259502.4211399732
vit_base_patch32_224_classification,218,20,403701.72585965495
vit_base_patch32_224_classification,218,21,259502.4211399732
vit_base_patch32_224_classification,218,22,259502.4211399732
vit_base_patch32_224_classification,218,23,259502.4211399732
vit_base_patch32_224_classification,218,24,403701.72585965495
vit_base_patch32_224_classification,218,25,259502.4211399732
vit_base_patch32_224_classification,218,26,403701.72585965495
vit_base_patch32_224_classification,218,27,259502.4211399732
vit_base_patch32_224_classification,218,28,403701.72585965495
vit_base_patch32_224_classification,218,29,403701.72585965495
vit_base_patch32_224_classification,218,30,259502.4211399732
vit_base_patch32_224_classification,218,31,259502.4211399732
vit_base_patch32_224_classification,218,32,259502.4211399732
vit_base_patch32_224_classification,218,33,259502.4211399732
vit_base_patch32_224_classification,218,34,403701.72585965495
vit_base_patch32_224_classification,218,35,259502.4211399732
vit_base_patch32_224_classification,218,36,403701.72585965495
vit_base_patch32_224_classification,218,37,403701.72585965495
vit_base_patch32_224_classification,218,38,259502.4211399732
vit_base_patch32_224_classification,218,39,403701.72585965495
vit_base_patch32_224_classification,218,40,259502.4211399732
vit_base_patch32_224_classification,218,41,403701.72585965495
vit_base_patch32_224_classification,218,42,403701.72585965495
vit_base_patch32_224_classification,218,43,403701.72585965495
vit_base_patch32_224_classification,218,44,628029.1441834247
vit_base_patch32_224_classification,218,45,259502.4211399732
vit_base_patch32_224_classification,218,46,403701.72585965495
vit_base_patch32_224_classification,218,47,259502.4211399732
vit_base_patch32_224_classification,218,48,166810.0537200059
vit_base_patch32_224_classification,218,49,259502.4211399732
vit_base_patch32_224_classification,218,50,403701.72585965495
vit_base_patch32_224_classification,218,51,259502.4211399732
vit_base_patch32_224_classification,218,52,403701.72585965495
vit_base_patch32_224_classification,218,53,259502.4211399732
vit_base_patch32_224_classification,218,54,403701.72585965495
vit_base_patch32_224_classification,218,55,403701.72585965495
vit_base_patch32_224_classification,218,56,259502.4211399732
vit_base_patch32_224_classification,218,57,259502.4211399732
vit_base_patch32_224_classification,218,58,259502.4211399732
vit_base_patch32_224_classification,218,59,628029.1441834247
vit_base_patch32_224_classification,218,60,403701.72585965495
vit_base_patch32_224_classification,218,61,259502.4211399732
vit_base_patch32_224_classification,218,62,259502.4211399732
vit_base_patch32_224_classification,218,63,403701.72585965495
vit_base_patch32_224_classification,218,64,403701.72585965495
vit_base_patch32_224_classification,218,65,166810.0537200059
vit_base_patch32_224_classification,218,66,403701.72585965495
vit_base_patch32_224_classification,218,67,628029.1441834247
vit_base_patch32_224_classification,218,68,977009.9572992247
vit_base_patch32_224_classification,218,69,403701.72585965495
vit_base_patch32_224_classification,218,70,403701.72585965495
vit_base_patch32_224_classification,218,71,259502.4211399732
vit_base_patch32_224_classification,218,72,403701.72585965495
vit_base_patch32_224_classification,218,73,403701.72585965495
vit_base_patch32_224_classification,218,74,403701.72585965495
vit_base_patch32_224_classification,218,75,403701.72585965495
vit_base_patch32_224_classification,218,76,259502.4211399732
vit_base_patch32_224_classification,218,77,259502.4211399732
vit_base_patch32_224_classification,218,78,403701.72585965495
vit_base_patch32_224_classification,218,79,259502.4211399732
vit_base_patch32_224_classification,218,80,403701.72585965495
vit_base_patch32_224_classification,218,81,403701.72585965495
vit_base_patch32_224_classification,218,82,403701.72585965495
vit_base_patch32_224_classification,218,83,403701.72585965495
vit_base_patch32_224_classification,218,84,403701.72585965495
vit_base_patch32_224_classification,218,85,403701.72585965495
vit_base_patch32_224_classification,218,86,403701.72585965495
vit_base_patch32_224_classification,218,87,403701.72585965495
vit_base_patch32_224_classification,218,88,403701.72585965495
vit_base_patch32_224_classification,218,89,403701.72585965495
vit_base_patch32_224_classification,218,90,403701.72585965495
vit_base_patch32_224_classification,218,91,403701.72585965495
vit_base_patch32_224_classification,218,92,259502.4211399732
vit_base_patch32_224_classification,218,93,628029.1441834247
vit_base_patch32_224_classification,218,94,403701.72585965495
vit_base_patch32_224_classification,218,95,403701.72585965495
vit_base_patch32_224_classification,218,96,628029.1441834247
vit_base_patch32_224_classification,218,97,403701.72585965495
vit_base_patch32_224_classification,218,98,628029.1441834247
vit_base_patch32_224_classification,218,99,628029.1441834247
vit_base_patch32_224_classification,218,100,403701.72585965495
vit_base_patch32_224_classification,218,101,403701.72585965495
vit_base_patch32_224_classification,218,102,403701.72585965495
vit_base_patch32_224_classification,218,103,403701.72585965495
vit_base_patch32_224_classification,218,104,403701.72585965495
vit_base_patch32_224_classification,218,105,403701.72585965495
vit_base_patch32_224_classification,218,106,403701.72585965495
vit_base_patch32_224_classification,218,107,628029.1441834247
vit_base_patch32_224_classification,218,108,403701.72585965495
vit_base_patch32_224_classification,218,109,403701.72585965495
vit_base_patch32_224_classification,218,110,628029.1441834247
vit_base_patch32_224_classification,218,111,628029.1441834247
vit_base_patch32_224_classification,218,112,403701.72585965495
vit_base_patch32_224_classification,218,113,628029.1441834247
vit_base_patch32_224_classification,218,114,403701.72585965495
vit_base_patch32_224_classification,218,115,403701.72585965495
vit_base_patch32_224_classification,218,116,628029.1441834247
vit_base_patch32_224_classification,218,117,403701.72585965495
vit_base_patch32_224_classification,218,118,403701.72585965495
vit_base_patch32_224_classification,218,119,403701.72585965495
vit_base_patch32_224_classification,218,120,403701.72585965495
vit_base_patch32_224_classification,218,121,628029.1441834247
vit_base_patch32_224_classification,218,122,403701.72585965495
vit_base_patch32_224_classification,218,123,403701.72585965495
vit_base_patch32_224_classification,218,124,628029.1441834247
vit_base_patch32_224_classification,218,125,628029.1441834247
vit_base_patch32_224_classification,218,126,403701.72585965495
vit_base_patch32_224_classification,218,127,628029.1441834247
vit_base_patch32_224_classification,218,128,628029.1441834247
vit_base_patch32_224_classification,218,129,403701.72585965495
vit_base_patch32_224_classification,218,130,259502.4211399732
vit_base_patch32_224_classification,218,131,403701.72585965495
vit_base_patch32_224_classification,218,132,628029.1441834247
vit_base_patch32_224_classification,218,133,628029.1441834247
vit_base_patch32_224_classification,218,134,628029.1441834247
vit_base_patch32_224_classification,218,135,628029.1441834247
vit_base_patch32_224_classification,218,136,403701.72585965495
vit_base_patch32_224_classification,218,137,628029.1441834247
vit_base_patch32_224_classification,218,138,628029.1441834247
vit_base_patch32_224_classification,218,139,403701.72585965495
vit_base_patch32_224_classification,218,140,403701.72585965495
vit_base_patch32_224_classification,218,141,628029.1441834247
vit_base_patch32_224_classification,218,142,628029.1441834247
vit_base_patch32_224_classification,218,143,628029.1441834247
vit_base_patch32_224_classification,218,144,628029.1441834247
vit_base_patch32_224_classification,218,145,403701.72585965495
vit_base_patch32_224_classification,218,146,403701.72585965495
vit_base_patch32_224_classification,218,147,628029.1441834247
vit_base_patch32_224_classification,218,148,628029.1441834247
vit_base_patch32_224_classification,218,149,628029.1441834247
vit_base_patch32_224_classification,218,150,403701.72585965495
vit_base_patch16_224_classification,197,1,628029.1441834247
vit_base_patch16_224_classification,197,2,259502.4211399732
vit_base_patch16_224_classification,197,3,259502.4211399732
vit_base_patch16_224_classification,197,4,259502.4211399732
vit_base_patch16_224_classification,197,5,403701.72585965495
vit_base_patch16_224_classification,197,6,403701.72585965495
vit_base_patch16_224_classification,197,7,403701.72585965495
vit_base_patch16_224_classification,197,8,977009.9572992247
vit_base_patch16_224_classification,197,9,403701.72585965495
vit_base_patch16_224_classification,197,10,403701.72585965495
vit_base_patch16_224_classification,197,11,403701.72585965495
vit_base_patch16_224_classification,197,12,259502.4211399732
vit_base_patch16_224_classification,197,13,977009.9572992247
vit_base_patch16_224_classification,197,14,628029.1441834247
vit_base_patch16_224_classification,197,15,403701.72585965495
vit_base_patch16_224_classification,197,16,628029.1441834247
vit_base_patch16_224_classification,197,17,628029.1441834247
vit_base_patch16_224_classification,197,18,977009.9572992247
vit_base_patch16_224_classification,197,19,628029.1441834247
vit_base_patch16_224_classification,197,20,628029.1441834247
vit_base_patch16_224_classification,197,21,628029.1441834247
vit_base_patch16_224_classification,197,22,628029.1441834247
vit_base_patch16_224_classification,197,23,628029.1441834247
vit_base_patch16_224_classification,197,24,628029.1441834247
vit_base_patch16_224_classification,197,25,628029.1441834247
vit_base_patch16_224_classification,197,26,977009.9572992247
vit_base_patch16_224_classification,197,27,628029.1441834247
vit_base_patch16_224_classification,197,28,977009.9572992247
vit_base_patch16_224_classification,197,29,977009.9572992247
vit_base_patch16_224_classification,197,30,977009.9572992247
vit_base_patch16_224_classification,197,31,628029.1441834247
vit_base_patch16_224_classification,197,32,628029.1441834247
vit_base_patch16_224_classification,197,33,977009.9572992247
vit_base_patch16_224_classification,197,34,977009.9572992247
vit_base_patch16_224_classification,197,35,977009.9572992247
vit_base_patch16_224_classification,197,36,977009.9572992247
vit_base_patch16_224_classification,197,37,977009.9572992247
vit_base_patch16_224_classification,197,38,628029.1441834247
vit_base_patch16_224_classification,197,39,628029.1441834247
vit_base_patch16_224_classification,197,40,628029.1441834247
vit_base_patch16_224_classification,197,41,977009.9572992247
vit_base_patch16_224_classification,197,42,977009.9572992247
vit_base_patch16_224_classification,197,43,977009.9572992247
vit_base_patch16_224_classification,197,44,1519911.0829529332
vit_base_patch16_224_classification,197,45,628029.1441834247
vit_base_patch16_224_classification,197,46,1519911.0829529332
vit_base_patch16_224_classification,197,47,977009.9572992247
vit_base_patch16_224_classification,197,48,403701.72585965495
vit_base_patch16_224_classification,197,49,628029.1441834247
vit_base_patch16_224_classification,197,50,628029.1441834247
vit_base_patch16_224_classification,197,51,628029.1441834247
vit_base_patch16_224_classification,197,52,977009.9572992247
vit_base_patch16_224_classification,197,53,628029.1441834247
vit_base_patch16_224_classification,197,54,977009.9572992247
vit_base_patch16_224_classification,197,55,977009.9572992247
vit_base_patch16_224_classification,197,56,628029.1441834247
vit_base_patch16_224_classification,197,57,628029.1441834247
vit_base_patch16_224_classification,197,58,628029.1441834247
vit_base_patch16_224_classification,197,59,1519911.0829529332
vit_base_patch16_224_classification,197,60,977009.9572992247
vit_base_patch16_224_classification,197,61,977009.9572992247
vit_base_patch16_224_classification,197,62,628029.1441834247
vit_base_patch16_224_classification,197,63,628029.1441834247
vit_base_patch16_224_classification,197,64,628029.1441834247
vit_base_patch16_224_classification,197,65,403701.72585965495
vit_base_patch16_224_classification,197,66,977009.9572992247
vit_base_patch16_224_classification,197,67,1519911.0829529332
vit_base_patch16_224_classification,197,68,1519911.0829529332
vit_base_patch16_224_classification,197,69,977009.9572992247
vit_base_patch16_224_classification,197,70,977009.9572992247
vit_base_patch16_224_classification,197,71,628029.1441834247
vit_base_patch16_224_classification,197,72,977009.9572992247
vit_base_patch16_224_classification,197,73,977009.9572992247
vit_base_patch16_224_classification,197,74,977009.9572992247
vit_base_patch16_224_classification,197,75,1519911.0829529332
vit_base_patch16_224_classification,197,76,628029.1441834247
vit_base_patch16_224_classification,197,77,628029.1441834247
vit_base_patch16_224_classification,197,78,1519911.0829529332
vit_base_patch16_224_classification,197,79,977009.9572992247
vit_base_patch16_224_classification,197,80,977009.9572992247
vit_base_patch16_224_classification,197,81,1519911.0829529332
vit_base_patch16_224_classification,197,82,977009.9572992247
vit_base_patch16_224_classification,197,83,977009.9572992247
vit_base_patch16_224_classification,197,84,977009.9572992247
vit_base_patch16_224_classification,197,85,977009.9572992247
vit_base_patch16_224_classification,197,86,1519911.0829529332
vit_base_patch16_224_classification,197,87,977009.9572992247
vit_base_patch16_224_classification,197,88,977009.9572992247
vit_base_patch16_224_classification,197,89,977009.9572992247
vit_base_patch16_224_classification,197,90,977009.9572992247
vit_base_patch16_224_classification,197,91,977009.9572992247
vit_base_patch16_224_classification,197,92,628029.1441834247
vit_base_patch16_224_classification,197,93,1519911.0829529332
vit_base_patch16_224_classification,197,94,1519911.0829529332
vit_base_patch16_224_classification,197,95,977009.9572992247
vit_base_patch16_224_classification,197,96,1519911.0829529332
vit_base_patch16_224_classification,197,97,1519911.0829529332
vit_base_patch16_224_classification,197,98,1519911.0829529332
vit_base_patch16_224_classification,197,99,1519911.0829529332
vit_base_patch16_224_classification,197,100,977009.9572992247
vit_base_patch16_224_classification,197,101,977009.9572992247
vit_base_patch16_224_classification,197,102,628029.1441834247
vit_base_patch16_224_classification,197,103,977009.9572992247
vit_base_patch16_224_classification,197,104,977009.9572992247
vit_base_patch16_224_classification,197,105,977009.9572992247
vit_base_patch16_224_classification,197,106,977009.9572992247
vit_base_patch16_224_classification,197,107,1519911.0829529332
vit_base_patch16_224_classification,197,108,977009.9572992247
vit_base_patch16_224_classification,197,109,977009.9572992247
vit_base_patch16_224_classification,197,110,1519911.0829529332
vit_base_patch16_224_classification,197,111,2364489.412645407
vit_base_patch16_224_classification,197,112,977009.9572992247
vit_base_patch16_224_classification,197,113,1519911.0829529332
vit_base_patch16_224_classification,197,114,977009.9572992247
vit_base_patch16_224_classification,197,115,977009.9572992247
vit_base_patch16_224_classification,197,116,2364489.412645407
vit_base_patch16_224_classification,197,117,1519911.0829529332
vit_base_patch16_224_classification,197,118,977009.9572992247
vit_base_patch16_224_classification,197,119,1519911.0829529332
vit_base_patch16_224_classification,197,120,628029.1441834247
vit_base_patch16_224_classification,197,121,977009.9572992247
vit_base_patch16_224_classification,197,122,977009.9572992247
vit_base_patch16_224_classification,197,123,977009.9572992247
vit_base_patch16_224_classification,197,124,1519911.0829529332
vit_base_patch16_224_classification,197,125,1519911.0829529332
vit_base_patch16_224_classification,197,126,977009.9572992247
vit_base_patch16_224_classification,197,127,977009.9572992247
vit_base_patch16_224_classification,197,128,1519911.0829529332
vit_base_patch16_224_classification,197,129,977009.9572992247
vit_base_patch16_224_classification,197,130,628029.1441834247
vit_base_patch16_224_classification,197,131,977009.9572992247
vit_base_patch16_224_classification,197,132,1519911.0829529332
vit_base_patch16_224_classification,197,133,977009.9572992247
vit_base_patch16_224_classification,197,134,1519911.0829529332
vit_base_patch16_224_classification,197,135,1519911.0829529332
vit_base_patch16_224_classification,197,136,1519911.0829529332
vit_base_patch16_224_classification,197,137,1519911.0829529332
vit_base_patch16_224_classification,197,138,1519911.0829529332
vit_base_patch16_224_classification,197,139,1519911.0829529332
vit_base_patch16_224_classification,197,140,977009.9572992247
vit_base_patch16_224_classification,197,141,1519911.0829529332
vit_base_patch16_224_classification,197,142,977009.9572992247
vit_base_patch16_224_classification,197,143,1519911.0829529332
vit_base_patch16_224_classification,197,144,977009.9572992247
vit_base_patch16_224_classification,197,145,1519911.0829529332
vit_base_patch16_224_classification,197,146,1519911.0829529332
vit_base_patch16_224_classification,197,147,2364489.412645407
vit_base_patch16_224_classification,197,148,1519911.0829529332
vit_base_patch16_224_classification,197,149,1519911.0829529332
vit_base_patch16_224_classification,197,150,977009.9572992247
tnt_s_patch16_224_classification,198,1,628029.1441834247
tnt_s_patch16_224_classification,198,2,259502.4211399732
tnt_s_patch16_224_classification,198,3,166810.0537200059
tnt_s_patch16_224_classification,198,4,166810.0537200059
tnt_s_patch16_224_classification,198,5,259502.4211399732
tnt_s_patch16_224_classification,198,6,403701.72585965495
tnt_s_patch16_224_classification,198,7,403701.72585965495
tnt_s_patch16_224_classification,198,8,977009.9572992247
tnt_s_patch16_224_classification,198,9,259502.4211399732
tnt_s_patch16_224_classification,198,10,259502.4211399732
tnt_s_patch16_224_classification,198,11,403701.72585965495
tnt_s_patch16_224_classification,198,12,259502.4211399732
tnt_s_patch16_224_classification,198,13,628029.1441834247
tnt_s_patch16_224_classification,198,14,403701.72585965495
tnt_s_patch16_224_classification,198,15,403701.72585965495
tnt_s_patch16_224_classification,198,16,403701.72585965495
tnt_s_patch16_224_classification,198,17,403701.72585965495
tnt_s_patch16_224_classification,198,18,628029.1441834247
tnt_s_patch16_224_classification,198,19,403701.72585965495
tnt_s_patch16_224_classification,198,20,403701.72585965495
tnt_s_patch16_224_classification,198,21,628029.1441834247
tnt_s_patch16_224_classification,198,22,628029.1441834247
tnt_s_patch16_224_classification,198,23,403701.72585965495
tnt_s_patch16_224_classification,198,24,628029.1441834247
tnt_s_patch16_224_classification,198,25,403701.72585965495
tnt_s_patch16_224_classification,198,26,628029.1441834247
tnt_s_patch16_224_classification,198,27,628029.1441834247
tnt_s_patch16_224_classification,198,28,977009.9572992247
tnt_s_patch16_224_classification,198,29,628029.1441834247
tnt_s_patch16_224_classification,198,30,628029.1441834247
tnt_s_patch16_224_classification,198,31,403701.72585965495
tnt_s_patch16_224_classification,198,32,403701.72585965495
tnt_s_patch16_224_classification,198,33,628029.1441834247
tnt_s_patch16_224_classification,198,34,628029.1441834247
tnt_s_patch16_224_classification,198,35,628029.1441834247
tnt_s_patch16_224_classification,198,36,977009.9572992247
tnt_s_patch16_224_classification,198,37,977009.9572992247
tnt_s_patch16_224_classification,198,38,403701.72585965495
tnt_s_patch16_224_classification,198,39,628029.1441834247
tnt_s_patch16_224_classification,198,40,628029.1441834247
tnt_s_patch16_224_classification,198,41,628029.1441834247
tnt_s_patch16_224_classification,198,42,628029.1441834247
tnt_s_patch16_224_classification,198,43,628029.1441834247
tnt_s_patch16_224_classification,198,44,977009.9572992247
tnt_s_patch16_224_classification,198,45,403701.72585965495
tnt_s_patch16_224_classification,198,46,977009.9572992247
tnt_s_patch16_224_classification,198,47,628029.1441834247
tnt_s_patch16_224_classification,198,48,259502.4211399732
tnt_s_patch16_224_classification,198,49,628029.1441834247
tnt_s_patch16_224_classification,198,50,628029.1441834247
tnt_s_patch16_224_classification,198,51,403701.72585965495
tnt_s_patch16_224_classification,198,52,977009.9572992247
tnt_s_patch16_224_classification,198,53,403701.72585965495
tnt_s_patch16_224_classification,198,54,628029.1441834247
tnt_s_patch16_224_classification,198,55,977009.9572992247
tnt_s_patch16_224_classification,198,56,403701.72585965495
tnt_s_patch16_224_classification,198,57,628029.1441834247
tnt_s_patch16_224_classification,198,58,628029.1441834247
tnt_s_patch16_224_classification,198,59,1519911.0829529332
tnt_s_patch16_224_classification,198,60,977009.9572992247
tnt_s_patch16_224_classification,198,61,628029.1441834247
tnt_s_patch16_224_classification,198,62,628029.1441834247
tnt_s_patch16_224_classification,198,63,403701.72585965495
tnt_s_patch16_224_classification,198,64,628029.1441834247
tnt_s_patch16_224_classification,198,65,259502.4211399732
tnt_s_patch16_224_classification,198,66,628029.1441834247
tnt_s_patch16_224_classification,198,67,977009.9572992247
tnt_s_patch16_224_classification,198,68,977009.9572992247
tnt_s_patch16_224_classification,198,69,628029.1441834247
tnt_s_patch16_224_classification,198,70,977009.9572992247
tnt_s_patch16_224_classification,198,71,403701.72585965495
tnt_s_patch16_224_classification,198,72,977009.9572992247
tnt_s_patch16_224_classification,198,73,977009.9572992247
tnt_s_patch16_224_classification,198,74,977009.9572992247
tnt_s_patch16_224_classification,198,75,977009.9572992247
tnt_s_patch16_224_classification,198,76,628029.1441834247
tnt_s_patch16_224_classification,198,77,628029.1441834247
tnt_s_patch16_224_classification,198,78,977009.9572992247
tnt_s_patch16_224_classification,198,79,628029.1441834247
tnt_s_patch16_224_classification,198,80,977009.9572992247
tnt_s_patch16_224_classification,198,81,977009.9572992247
tnt_s_patch16_224_classification,198,82,628029.1441834247
tnt_s_patch16_224_classification,198,83,628029.1441834247
tnt_s_patch16_224_classification,198,84,628029.1441834247
tnt_s_patch16_224_classification,198,85,628029.1441834247
tnt_s_patch16_224_classification,198,86,977009.9572992247
tnt_s_patch16_224_classification,198,87,628029.1441834247
tnt_s_patch16_224_classification,198,88,628029.1441834247
tnt_s_patch16_224_classification,198,89,628029.1441834247
tnt_s_patch16_224_classification,198,90,628029.1441834247
tnt_s_patch16_224_classification,198,91,628029.1441834247
tnt_s_patch16_224_classification,198,92,403701.72585965495
tnt_s_patch16_224_classification,198,93,1519911.0829529332
tnt_s_patch16_224_classification,198,94,977009.9572992247
tnt_s_patch16_224_classification,198,95,977009.9572992247
tnt_s_patch16_224_classification,198,96,977009.9572992247
tnt_s_patch16_224_classification,198,97,628029.1441834247
tnt_s_patch16_224_classification,198,98,977009.9572992247
tnt_s_patch16_224_classification,198,99,1519911.0829529332
tnt_s_patch16_224_classification,198,100,977009.9572992247
tnt_s_patch16_224_classification,198,101,628029.1441834247
tnt_s_patch16_224_classification,198,102,628029.1441834247
tnt_s_patch16_224_classification,198,103,977009.9572992247
tnt_s_patch16_224_classification,198,104,628029.1441834247
tnt_s_patch16_224_classification,198,105,977009.9572992247
tnt_s_patch16_224_classification,198,106,628029.1441834247
tnt_s_patch16_224_classification,198,107,977009.9572992247
tnt_s_patch16_224_classification,198,108,628029.1441834247
tnt_s_patch16_224_classification,198,109,628029.1441834247
tnt_s_patch16_224_classification,198,110,977009.9572992247
tnt_s_patch16_224_classification,198,111,1519911.0829529332
tnt_s_patch16_224_classification,198,112,628029.1441834247
tnt_s_patch16_224_classification,198,113,977009.9572992247
tnt_s_patch16_224_classification,198,114,977009.9572992247
tnt_s_patch16_224_classification,198,115,628029.1441834247
tnt_s_patch16_224_classification,198,116,1519911.0829529332
tnt_s_patch16_224_classification,198,117,977009.9572992247
tnt_s_patch16_224_classification,198,118,628029.1441834247
tnt_s_patch16_224_classification,198,119,977009.9572992247
tnt_s_patch16_224_classification,198,120,628029.1441834247
tnt_s_patch16_224_classification,198,121,977009.9572992247
tnt_s_patch16_224_classification,198,122,977009.9572992247
tnt_s_patch16_224_classification,198,123,628029.1441834247
tnt_s_patch16_224_classification,198,124,1519911.0829529332
tnt_s_patch16_224_classification,198,125,628029.1441834247
tnt_s_patch16_224_classification,198,126,977009.9572992247
tnt_s_patch16_224_classification,198,127,977009.9572992247
tnt_s_patch16_224_classification,198,128,977009.9572992247
tnt_s_patch16_224_classification,198,129,977009.9572992247
tnt_s_patch16_224_classification,198,130,628029.1441834247
tnt_s_patch16_224_classification,198,131,628029.1441834247
tnt_s_patch16_224_classification,198,132,1519911.0829529332
tnt_s_patch16_224_classification,198,133,628029.1441834247
tnt_s_patch16_224_classification,198,134,977009.9572992247
tnt_s_patch16_224_classification,198,135,1519911.0829529332
tnt_s_patch16_224_classification,198,136,977009.9572992247
tnt_s_patch16_224_classification,198,137,1519911.0829529332
tnt_s_patch16_224_classification,198,138,1519911.0829529332
tnt_s_patch16_224_classification,198,139,977009.9572992247
tnt_s_patch16_224_classification,198,140,628029.1441834247
tnt_s_patch16_224_classification,198,141,977009.9572992247
tnt_s_patch16_224_classification,198,142,977009.9572992247
tnt_s_patch16_224_classification,198,143,977009.9572992247
tnt_s_patch16_224_classification,198,144,628029.1441834247
tnt_s_patch16_224_classification,198,145,977009.9572992247
tnt_s_patch16_224_classification,198,146,977009.9572992247
tnt_s_patch16_224_classification,198,147,1519911.0829529332
tnt_s_patch16_224_classification,198,148,1519911.0829529332
tnt_s_patch16_224_classification,198,149,977009.9572992247
tnt_s_patch16_224_classification,198,150,977009.9572992247
crossvit_base_240_classification,336,1,5722367.659350208
crossvit_base_240_classification,336,2,1519911.0829529332
crossvit_base_240_classification,336,3,977009.9572992247
crossvit_base_240_classification,336,4,1519911.0829529332
crossvit_base_240_classification,336,5,2364489.412645407
crossvit_base_240_classification,336,6,2364489.412645407
crossvit_base_240_classification,336,7,2364489.412645407
crossvit_base_240_classification,336,8,5722367.659350208
crossvit_base_240_classification,336,9,2364489.412645407
crossvit_base_240_classification,336,10,2364489.412645407
crossvit_base_240_classification,336,11,3678379.7718286267
crossvit_base_240_classification,336,12,1519911.0829529332
crossvit_base_240_classification,336,13,5722367.659350208
crossvit_base_240_classification,336,14,3678379.7718286267
crossvit_base_240_classification,336,15,2364489.412645407
crossvit_base_240_classification,336,16,3678379.7718286267
crossvit_base_240_classification,336,17,3678379.7718286267
crossvit_base_240_classification,336,18,5722367.659350208
crossvit_base_240_classification,336,19,3678379.7718286267
crossvit_base_240_classification,336,20,3678379.7718286267
crossvit_base_240_classification,336,21,3678379.7718286267
crossvit_base_240_classification,336,22,3678379.7718286267
crossvit_base_240_classification,336,23,3678379.7718286267
crossvit_base_240_classification,336,24,3678379.7718286267
crossvit_base_240_classification,336,25,3678379.7718286267
crossvit_base_240_classification,336,26,5722367.659350208
crossvit_base_240_classification,336,27,3678379.7718286267
crossvit_base_240_classification,336,28,5722367.659350208
crossvit_base_240_classification,336,29,3678379.7718286267
crossvit_base_240_classification,336,30,3678379.7718286267
crossvit_base_240_classification,336,31,3678379.7718286267
crossvit_base_240_classification,336,32,3678379.7718286267
crossvit_base_240_classification,336,33,3678379.7718286267
crossvit_base_240_classification,336,34,5722367.659350208
crossvit_base_240_classification,336,35,3678379.7718286267
crossvit_base_240_classification,336,36,5722367.659350208
crossvit_base_240_classification,336,37,5722367.659350208
crossvit_base_240_classification,336,38,3678379.7718286267
crossvit_base_240_classification,336,39,3678379.7718286267
crossvit_base_240_classification,336,40,3678379.7718286267
crossvit_base_240_classification,336,41,5722367.659350208
crossvit_base_240_classification,336,42,3678379.7718286267
crossvit_base_240_classification,336,43,5722367.659350208
crossvit_base_240_classification,336,44,5722367.659350208
crossvit_base_240_classification,336,45,3678379.7718286267
crossvit_base_240_classification,336,46,8902150.854450375
crossvit_base_240_classification,336,47,3678379.7718286267
crossvit_base_240_classification,336,48,1519911.0829529332
crossvit_base_240_classification,336,49,3678379.7718286267
crossvit_base_240_classification,336,50,3678379.7718286267
crossvit_base_240_classification,336,51,3678379.7718286267
crossvit_base_240_classification,336,52,8902150.854450375
crossvit_base_240_classification,336,53,3678379.7718286267
crossvit_base_240_classification,336,54,5722367.659350208
crossvit_base_240_classification,336,55,5722367.659350208
crossvit_base_240_classification,336,56,3678379.7718286267
crossvit_base_240_classification,336,57,3678379.7718286267
crossvit_base_240_classification,336,58,3678379.7718286267
crossvit_base_240_classification,336,59,8902150.854450375
crossvit_base_240_classification,336,60,5722367.659350208
crossvit_base_240_classification,336,61,3678379.7718286267
crossvit_base_240_classification,336,62,3678379.7718286267
crossvit_base_240_classification,336,63,3678379.7718286267
crossvit_base_240_classification,336,64,5722367.659350208
crossvit_base_240_classification,336,65,2364489.412645407
crossvit_base_240_classification,336,66,5722367.659350208
crossvit_base_240_classification,336,67,8902150.854450375
crossvit_base_240_classification,336,68,8902150.854450375
crossvit_base_240_classification,336,69,5722367.659350208
crossvit_base_240_classification,336,70,5722367.659350208
crossvit_base_240_classification,336,71,3678379.7718286267
crossvit_base_240_classification,336,72,5722367.659350208
crossvit_base_240_classification,336,73,5722367.659350208
crossvit_base_240_classification,336,74,5722367.659350208
crossvit_base_240_classification,336,75,8902150.854450375
crossvit_base_240_classification,336,76,3678379.7718286267
crossvit_base_240_classification,336,77,3678379.7718286267
crossvit_base_240_classification,336,78,8902150.854450375
crossvit_base_240_classification,336,79,3678379.7718286267
crossvit_base_240_classification,336,80,5722367.659350208
crossvit_base_240_classification,336,81,5722367.659350208
crossvit_base_240_classification,336,82,5722367.659350208
crossvit_base_240_classification,336,83,5722367.659350208
crossvit_base_240_classification,336,84,5722367.659350208
crossvit_base_240_classification,336,85,3678379.7718286267
crossvit_base_240_classification,336,86,8902150.854450375
crossvit_base_240_classification,336,87,5722367.659350208
crossvit_base_240_classification,336,88,5722367.659350208
crossvit_base_240_classification,336,89,5722367.659350208
crossvit_base_240_classification,336,90,5722367.659350208
crossvit_base_240_classification,336,91,5722367.659350208
crossvit_base_240_classification,336,92,3678379.7718286267
crossvit_base_240_classification,336,93,8902150.854450375
crossvit_base_240_classification,336,94,5722367.659350208
crossvit_base_240_classification,336,95,5722367.659350208
crossvit_base_240_classification,336,96,8902150.854450375
crossvit_base_240_classification,336,97,5722367.659350208
crossvit_base_240_classification,336,98,8902150.854450375
crossvit_base_240_classification,336,99,8902150.854450375
crossvit_base_240_classification,336,100,5722367.659350208
crossvit_base_240_classification,336,101,5722367.659350208
crossvit_base_240_classification,336,102,3678379.7718286267
crossvit_base_240_classification,336,103,5722367.659350208
crossvit_base_240_classification,336,104,5722367.659350208
crossvit_base_240_classification,336,105,5722367.659350208
crossvit_base_240_classification,336,106,5722367.659350208
crossvit_base_240_classification,336,107,8902150.854450375
crossvit_base_240_classification,336,108,3678379.7718286267
crossvit_base_240_classification,336,109,5722367.659350208
crossvit_base_240_classification,336,110,8902150.854450375
crossvit_base_240_classification,336,111,8902150.854450375
crossvit_base_240_classification,336,112,5722367.659350208
crossvit_base_240_classification,336,113,8902150.854450375
crossvit_base_240_classification,336,114,5722367.659350208
crossvit_base_240_classification,336,115,5722367.659350208
crossvit_base_240_classification,336,116,8902150.854450375
crossvit_base_240_classification,336,117,5722367.659350208
crossvit_base_240_classification,336,118,5722367.659350208
crossvit_base_240_classification,336,119,5722367.659350208
crossvit_base_240_classification,336,120,3678379.7718286267
crossvit_base_240_classification,336,121,8902150.854450375
crossvit_base_240_classification,336,122,5722367.659350208
crossvit_base_240_classification,336,123,5722367.659350208
crossvit_base_240_classification,336,124,8902150.854450375
crossvit_base_240_classification,336,125,8902150.854450375
crossvit_base_240_classification,336,126,5722367.659350208
crossvit_base_240_classification,336,127,5722367.659350208
crossvit_base_240_classification,336,128,8902150.854450375
crossvit_base_240_classification,336,129,5722367.659350208
crossvit_base_240_classification,336,130,3678379.7718286267
crossvit_base_240_classification,336,131,5722367.659350208
crossvit_base_240_classification,336,132,8902150.854450375
crossvit_base_240_classification,336,133,5722367.659350208
crossvit_base_240_classification,336,134,8902150.854450375
crossvit_base_240_classification,336,135,8902150.854450375
crossvit_base_240_classification,336,136,8902150.854450375
crossvit_base_240_classification,336,137,8902150.854450375
crossvit_base_240_classification,336,138,8902150.854450375
crossvit_base_240_classification,336,139,8902150.854450375
crossvit_base_240_classification,336,140,5722367.659350208
crossvit_base_240_classification,336,141,5722367.659350208
crossvit_base_240_classification,336,142,8902150.854450375
crossvit_base_240_classification,336,143,8902150.854450375
crossvit_base_240_classification,336,144,5722367.659350208
crossvit_base_240_classification,336,145,8902150.854450375
crossvit_base_240_classification,336,146,8902150.854450375
crossvit_base_240_classification,336,147,13848863.713938717
crossvit_base_240_classification,336,148,8902150.854450375
crossvit_base_240_classification,336,149,5722367.659350208
crossvit_base_240_classification,336,150,5722367.659350208
deit_base_patch16_224_classification,205,1,3678379.7718286267
deit_base_patch16_224_classification,205,2,1519911.0829529332
deit_base_patch16_224_classification,205,3,977009.9572992247
deit_base_patch16_224_classification,205,4,977009.9572992247
deit_base_patch16_224_classification,205,5,1519911.0829529332
deit_base_patch16_224_classification,205,6,2364489.412645407
deit_base_patch16_224_classification,205,7,2364489.412645407
deit_base_patch16_224_classification,205,8,5722367.659350208
deit_base_patch16_224_classification,205,9,1519911.0829529332
deit_base_patch16_224_classification,205,10,1519911.0829529332
deit_base_patch16_224_classification,205,11,2364489.412645407
deit_base_patch16_224_classification,205,12,1519911.0829529332
deit_base_patch16_224_classification,205,13,5722367.659350208
deit_base_patch16_224_classification,205,14,2364489.412645407
deit_base_patch16_224_classification,205,15,1519911.0829529332
deit_base_patch16_224_classification,205,16,3678379.7718286267
deit_base_patch16_224_classification,205,17,2364489.412645407
deit_base_patch16_224_classification,205,18,3678379.7718286267
deit_base_patch16_224_classification,205,19,2364489.412645407
deit_base_patch16_224_classification,205,20,3678379.7718286267
deit_base_patch16_224_classification,205,21,3678379.7718286267
deit_base_patch16_224_classification,205,22,2364489.412645407
deit_base_patch16_224_classification,205,23,3678379.7718286267
deit_base_patch16_224_classification,205,24,3678379.7718286267
deit_base_patch16_224_classification,205,25,2364489.412645407
deit_base_patch16_224_classification,205,26,5722367.659350208
deit_base_patch16_224_classification,205,27,3678379.7718286267
deit_base_patch16_224_classification,205,28,5722367.659350208
deit_base_patch16_224_classification,205,29,3678379.7718286267
deit_base_patch16_224_classification,205,30,3678379.7718286267
deit_base_patch16_224_classification,205,31,2364489.412645407
deit_base_patch16_224_classification,205,32,2364489.412645407
deit_base_patch16_224_classification,205,33,3678379.7718286267
deit_base_patch16_224_classification,205,34,5722367.659350208
deit_base_patch16_224_classification,205,35,3678379.7718286267
deit_base_patch16_224_classification,205,36,5722367.659350208
deit_base_patch16_224_classification,205,37,5722367.659350208
deit_base_patch16_224_classification,205,38,2364489.412645407
deit_base_patch16_224_classification,205,39,3678379.7718286267
deit_base_patch16_224_classification,205,40,3678379.7718286267
deit_base_patch16_224_classification,205,41,3678379.7718286267
deit_base_patch16_224_classification,205,42,3678379.7718286267
deit_base_patch16_224_classification,205,43,3678379.7718286267
deit_base_patch16_224_classification,205,44,5722367.659350208
deit_base_patch16_224_classification,205,45,2364489.412645407
deit_base_patch16_224_classification,205,46,5722367.659350208
deit_base_patch16_224_classification,205,47,3678379.7718286267
deit_base_patch16_224_classification,205,48,1519911.0829529332
deit_base_patch16_224_classification,205,49,3678379.7718286267
deit_base_patch16_224_classification,205,50,3678379.7718286267
deit_base_patch16_224_classification,205,51,2364489.412645407
deit_base_patch16_224_classification,205,52,5722367.659350208
deit_base_patch16_224_classification,205,53,2364489.412645407
deit_base_patch16_224_classification,205,54,3678379.7718286267
deit_base_patch16_224_classification,205,55,5722367.659350208
deit_base_patch16_224_classification,205,56,2364489.412645407
deit_base_patch16_224_classification,205,57,3678379.7718286267
deit_base_patch16_224_classification,205,58,3678379.7718286267
deit_base_patch16_224_classification,205,59,5722367.659350208
deit_base_patch16_224_classification,205,60,5722367.659350208
deit_base_patch16_224_classification,205,61,3678379.7718286267
deit_base_patch16_224_classification,205,62,3678379.7718286267
deit_base_patch16_224_classification,205,63,3678379.7718286267
deit_base_patch16_224_classification,205,64,3678379.7718286267
deit_base_patch16_224_classification,205,65,1519911.0829529332
deit_base_patch16_224_classification,205,66,3678379.7718286267
deit_base_patch16_224_classification,205,67,8902150.854450375
deit_base_patch16_224_classification,205,68,8902150.854450375
deit_base_patch16_224_classification,205,69,5722367.659350208
deit_base_patch16_224_classification,205,70,3678379.7718286267
deit_base_patch16_224_classification,205,71,2364489.412645407
deit_base_patch16_224_classification,205,72,5722367.659350208
deit_base_patch16_224_classification,205,73,3678379.7718286267
deit_base_patch16_224_classification,205,74,3678379.7718286267
deit_base_patch16_224_classification,205,75,5722367.659350208
deit_base_patch16_224_classification,205,76,2364489.412645407
deit_base_patch16_224_classification,205,77,3678379.7718286267
deit_base_patch16_224_classification,205,78,5722367.659350208
deit_base_patch16_224_classification,205,79,3678379.7718286267
deit_base_patch16_224_classification,205,80,3678379.7718286267
deit_base_patch16_224_classification,205,81,5722367.659350208
deit_base_patch16_224_classification,205,82,3678379.7718286267
deit_base_patch16_224_classification,205,83,3678379.7718286267
deit_base_patch16_224_classification,205,84,3678379.7718286267
deit_base_patch16_224_classification,205,85,3678379.7718286267
deit_base_patch16_224_classification,205,86,5722367.659350208
deit_base_patch16_224_classification,205,87,5722367.659350208
deit_base_patch16_224_classification,205,88,5722367.659350208
deit_base_patch16_224_classification,205,89,3678379.7718286267
deit_base_patch16_224_classification,205,90,3678379.7718286267
deit_base_patch16_224_classification,205,91,5722367.659350208
deit_base_patch16_224_classification,205,92,3678379.7718286267
deit_base_patch16_224_classification,205,93,5722367.659350208
deit_base_patch16_224_classification,205,94,5722367.659350208
deit_base_patch16_224_classification,205,95,5722367.659350208
deit_base_patch16_224_classification,205,96,5722367.659350208
deit_base_patch16_224_classification,205,97,5722367.659350208
deit_base_patch16_224_classification,205,98,5722367.659350208
deit_base_patch16_224_classification,205,99,8902150.854450375
deit_base_patch16_224_classification,205,100,5722367.659350208
deit_base_patch16_224_classification,205,101,5722367.659350208
deit_base_patch16_224_classification,205,102,3678379.7718286267
deit_base_patch16_224_classification,205,103,5722367.659350208
deit_base_patch16_224_classification,205,104,3678379.7718286267
deit_base_patch16_224_classification,205,105,5722367.659350208
deit_base_patch16_224_classification,205,106,3678379.7718286267
deit_base_patch16_224_classification,205,107,5722367.659350208
deit_base_patch16_224_classification,205,108,3678379.7718286267
deit_base_patch16_224_classification,205,109,5722367.659350208
deit_base_patch16_224_classification,205,110,8902150.854450375
deit_base_patch16_224_classification,205,111,8902150.854450375
deit_base_patch16_224_classification,205,112,3678379.7718286267
deit_base_patch16_224_classification,205,113,5722367.659350208
deit_base_patch16_224_classification,205,114,5722367.659350208
deit_base_patch16_224_classification,205,115,3678379.7718286267
deit_base_patch16_224_classification,205,116,8902150.854450375
deit_base_patch16_224_classification,205,117,5722367.659350208
deit_base_patch16_224_classification,205,118,3678379.7718286267
deit_base_patch16_224_classification,205,119,5722367.659350208
deit_base_patch16_224_classification,205,120,3678379.7718286267
deit_base_patch16_224_classification,205,121,5722367.659350208
deit_base_patch16_224_classification,205,122,5722367.659350208
deit_base_patch16_224_classification,205,123,5722367.659350208
deit_base_patch16_224_classification,205,124,5722367.659350208
deit_base_patch16_224_classification,205,125,5722367.659350208
deit_base_patch16_224_classification,205,126,5722367.659350208
deit_base_patch16_224_classification,205,127,5722367.659350208
deit_base_patch16_224_classification,205,128,8902150.854450375
deit_base_patch16_224_classification,205,129,5722367.659350208
deit_base_patch16_224_classification,205,130,2364489.412645407
deit_base_patch16_224_classification,205,131,5722367.659350208
deit_base_patch16_224_classification,205,132,8902150.854450375
deit_base_patch16_224_classification,205,133,5722367.659350208
deit_base_patch16_224_classification,205,134,8902150.854450375
deit_base_patch16_224_classification,205,135,8902150.854450375
deit_base_patch16_224_classification,205,136,5722367.659350208
deit_base_patch16_224_classification,205,137,5722367.659350208
deit_base_patch16_224_classification,205,138,8902150.854450375
deit_base_patch16_224_classification,205,139,5722367.659350208
deit_base_patch16_224_classification,205,140,3678379.7718286267
deit_base_patch16_224_classification,205,141,5722367.659350208
deit_base_patch16_224_classification,205,142,5722367.659350208
deit_base_patch16_224_classification,205,143,5722367.659350208
deit_base_patch16_224_classification,205,144,5722367.659350208
deit_base_patch16_224_classification,205,145,5722367.659350208
deit_base_patch16_224_classification,205,146,5722367.659350208
deit_base_patch16_224_classification,205,147,8902150.854450375
deit_base_patch16_224_classification,205,148,8902150.854450375
deit_base_patch16_224_classification,205,149,5722367.659350208
deit_base_patch16_224_classification,205,150,5722367.659350208
levit_128_classification,181,1,628029.1441834247
levit_128_classification,181,2,259502.4211399732
levit_128_classification,181,3,166810.0537200059
levit_128_classification,181,4,259502.4211399732
levit_128_classification,181,5,259502.4211399732
levit_128_classification,181,6,403701.72585965495
levit_128_classification,181,7,403701.72585965495
levit_128_classification,181,8,977009.9572992247
levit_128_classification,181,9,403701.72585965495
levit_128_classification,181,10,403701.72585965495
levit_128_classification,181,11,628029.1441834247
levit_128_classification,181,12,259502.4211399732
levit_128_classification,181,13,977009.9572992247
levit_128_classification,181,14,403701.72585965495
levit_128_classification,181,15,403701.72585965495
levit_128_classification,181,16,628029.1441834247
levit_128_classification,181,17,628029.1441834247
levit_128_classification,181,18,977009.9572992247
levit_128_classification,181,19,628029.1441834247
levit_128_classification,181,20,628029.1441834247
levit_128_classification,181,21,628029.1441834247
levit_128_classification,181,22,628029.1441834247
levit_128_classification,181,23,628029.1441834247
levit_128_classification,181,24,977009.9572992247
levit_128_classification,181,25,628029.1441834247
levit_128_classification,181,26,977009.9572992247
levit_128_classification,181,27,628029.1441834247
levit_128_classification,181,28,628029.1441834247
levit_128_classification,181,29,977009.9572992247
levit_128_classification,181,30,628029.1441834247
levit_128_classification,181,31,403701.72585965495
levit_128_classification,181,32,403701.72585965495
levit_128_classification,181,33,628029.1441834247
levit_128_classification,181,34,977009.9572992247
levit_128_classification,181,35,628029.1441834247
levit_128_classification,181,36,977009.9572992247
levit_128_classification,181,37,977009.9572992247
levit_128_classification,181,38,628029.1441834247
levit_128_classification,181,39,628029.1441834247
levit_128_classification,181,40,628029.1441834247
levit_128_classification,181,41,977009.9572992247
levit_128_classification,181,42,628029.1441834247
levit_128_classification,181,43,628029.1441834247
levit_128_classification,181,44,977009.9572992247
levit_128_classification,181,45,628029.1441834247
levit_128_classification,181,46,1519911.0829529332
levit_128_classification,181,47,628029.1441834247
levit_128_classification,181,48,403701.72585965495
levit_128_classification,181,49,628029.1441834247
levit_128_classification,181,50,977009.9572992247
levit_128_classification,181,51,628029.1441834247
levit_128_classification,181,52,977009.9572992247
levit_128_classification,181,53,403701.72585965495
levit_128_classification,181,54,977009.9572992247
levit_128_classification,181,55,628029.1441834247
levit_128_classification,181,56,628029.1441834247
levit_128_classification,181,57,628029.1441834247
levit_128_classification,181,58,628029.1441834247
levit_128_classification,181,59,1519911.0829529332
levit_128_classification,181,60,977009.9572992247
levit_128_classification,181,61,628029.1441834247
levit_128_classification,181,62,628029.1441834247
levit_128_classification,181,63,977009.9572992247
levit_128_classification,181,64,977009.9572992247
levit_128_classification,181,65,403701.72585965495
levit_128_classification,181,66,628029.1441834247
levit_128_classification,181,67,977009.9572992247
levit_128_classification,181,68,977009.9572992247
levit_128_classification,181,69,977009.9572992247
levit_128_classification,181,70,628029.1441834247
levit_128_classification,181,71,628029.1441834247
levit_128_classification,181,72,628029.1441834247
levit_128_classification,181,73,977009.9572992247
levit_128_classification,181,74,977009.9572992247
levit_128_classification,181,75,977009.9572992247
levit_128_classification,181,76,403701.72585965495
levit_128_classification,181,77,628029.1441834247
levit_128_classification,181,78,977009.9572992247
levit_128_classification,181,79,628029.1441834247
levit_128_classification,181,80,977009.9572992247
levit_128_classification,181,81,977009.9572992247
levit_128_classification,181,82,628029.1441834247
levit_128_classification,181,83,628029.1441834247
levit_128_classification,181,84,628029.1441834247
levit_128_classification,181,85,628029.1441834247
levit_128_classification,181,86,977009.9572992247
levit_128_classification,181,87,977009.9572992247
levit_128_classification,181,88,628029.1441834247
levit_128_classification,181,89,977009.9572992247
levit_128_classification,181,90,977009.9572992247
levit_128_classification,181,91,977009.9572992247
levit_128_classification,181,92,628029.1441834247
levit_128_classification,181,93,977009.9572992247
levit_128_classification,181,94,628029.1441834247
levit_128_classification,181,95,977009.9572992247
levit_128_classification,181,96,977009.9572992247
levit_128_classification,181,97,977009.9572992247
levit_128_classification,181,98,977009.9572992247
levit_128_classification,181,99,1519911.0829529332
levit_128_classification,181,100,977009.9572992247
levit_128_classification,181,101,977009.9572992247
levit_128_classification,181,102,628029.1441834247
levit_128_classification,181,103,977009.9572992247
levit_128_classification,181,104,628029.1441834247
levit_128_classification,181,105,977009.9572992247
levit_128_classification,181,106,628029.1441834247
levit_128_classification,181,107,977009.9572992247
levit_128_classification,181,108,628029.1441834247
levit_128_classification,181,109,977009.9572992247
levit_128_classification,181,110,1519911.0829529332
levit_128_classification,181,111,1519911.0829529332
levit_128_classification,181,112,977009.9572992247
levit_128_classification,181,113,977009.9572992247
levit_128_classification,181,114,628029.1441834247
levit_128_classification,181,115,977009.9572992247
levit_128_classification,181,116,1519911.0829529332
levit_128_classification,181,117,977009.9572992247
levit_128_classification,181,118,977009.9572992247
levit_128_classification,181,119,977009.9572992247
levit_128_classification,181,120,628029.1441834247
levit_128_classification,181,121,1519911.0829529332
levit_128_classification,181,122,977009.9572992247
levit_128_classification,181,123,977009.9572992247
levit_128_classification,181,124,1519911.0829529332
levit_128_classification,181,125,977009.9572992247
levit_128_classification,181,126,628029.1441834247
levit_128_classification,181,127,977009.9572992247
levit_128_classification,181,128,1519911.0829529332
levit_128_classification,181,129,977009.9572992247
levit_128_classification,181,130,403701.72585965495
levit_128_classification,181,131,977009.9572992247
levit_128_classification,181,132,1519911.0829529332
levit_128_classification,181,133,977009.9572992247
levit_128_classification,181,134,977009.9572992247
levit_128_classification,181,135,977009.9572992247
levit_128_classification,181,136,977009.9572992247
levit_128_classification,181,137,1519911.0829529332
levit_128_classification,181,138,977009.9572992247
levit_128_classification,181,139,977009.9572992247
levit_128_classification,181,140,628029.1441834247
levit_128_classification,181,141,977009.9572992247
levit_128_classification,181,142,977009.9572992247
levit_128_classification,181,143,977009.9572992247
levit_128_classification,181,144,977009.9572992247
levit_128_classification,181,145,977009.9572992247
levit_128_classification,181,146,977009.9572992247
levit_128_classification,181,147,1519911.0829529332
levit_128_classification,181,148,1519911.0829529332
levit_128_classification,181,149,977009.9572992247
levit_128_classification,181,150,977009.9572992247
coat_lite_tiny_classification,219,1,4862.601580065353
coat_lite_tiny_classification,219,2,2009.2330025650458
coat_lite_tiny_classification,219,3,1291.549665014884
coat_lite_tiny_classification,219,4,1291.549665014884
coat_lite_tiny_classification,219,5,2009.2330025650458
coat_lite_tiny_classification,219,6,3125.7158496882353
coat_lite_tiny_classification,219,7,3125.7158496882353
coat_lite_tiny_classification,219,8,7564.633275546283
coat_lite_tiny_classification,219,9,3125.7158496882353
coat_lite_tiny_classification,219,10,3125.7158496882353
coat_lite_tiny_classification,219,11,3125.7158496882353
coat_lite_tiny_classification,219,12,2009.2330025650458
coat_lite_tiny_classification,219,13,7564.633275546283
coat_lite_tiny_classification,219,14,3125.7158496882353
coat_lite_tiny_classification,219,15,3125.7158496882353
coat_lite_tiny_classification,219,16,4862.601580065353
coat_lite_tiny_classification,219,17,3125.7158496882353
coat_lite_tiny_classification,219,18,7564.633275546283
coat_lite_tiny_classification,219,19,3125.7158496882353
coat_lite_tiny_classification,219,20,4862.601580065353
coat_lite_tiny_classification,219,21,4862.601580065353
coat_lite_tiny_classification,219,22,4862.601580065353
coat_lite_tiny_classification,219,23,4862.601580065353
coat_lite_tiny_classification,219,24,4862.601580065353
coat_lite_tiny_classification,219,25,3125.7158496882353
coat_lite_tiny_classification,219,26,7564.633275546283
coat_lite_tiny_classification,219,27,4862.601580065353
coat_lite_tiny_classification,219,28,7564.633275546283
coat_lite_tiny_classification,219,29,4862.601580065353
coat_lite_tiny_classification,219,30,4862.601580065353
coat_lite_tiny_classification,219,31,3125.7158496882353
coat_lite_tiny_classification,219,32,4862.601580065353
coat_lite_tiny_classification,219,33,4862.601580065353
coat_lite_tiny_classification,219,34,7564.633275546283
coat_lite_tiny_classification,219,35,4862.601580065353
coat_lite_tiny_classification,219,36,4862.601580065353
coat_lite_tiny_classification,219,37,4862.601580065353
coat_lite_tiny_classification,219,38,3125.7158496882353
coat_lite_tiny_classification,219,39,4862.601580065353
coat_lite_tiny_classification,219,40,4862.601580065353
coat_lite_tiny_classification,219,41,4862.601580065353
coat_lite_tiny_classification,219,42,4862.601580065353
coat_lite_tiny_classification,219,43,4862.601580065353
coat_lite_tiny_classification,219,44,7564.633275546283
coat_lite_tiny_classification,219,45,3125.7158496882353
coat_lite_tiny_classification,219,46,7564.633275546283
coat_lite_tiny_classification,219,47,4862.601580065353
coat_lite_tiny_classification,219,48,2009.2330025650458
coat_lite_tiny_classification,219,49,4862.601580065353
coat_lite_tiny_classification,219,50,4862.601580065353
coat_lite_tiny_classification,219,51,4862.601580065353
coat_lite_tiny_classification,219,52,7564.633275546283
coat_lite_tiny_classification,219,53,3125.7158496882353
coat_lite_tiny_classification,219,54,4862.601580065353
coat_lite_tiny_classification,219,55,7564.633275546283
coat_lite_tiny_classification,219,56,4862.601580065353
coat_lite_tiny_classification,219,57,4862.601580065353
coat_lite_tiny_classification,219,58,4862.601580065353
coat_lite_tiny_classification,219,59,11768.119524349991
coat_lite_tiny_classification,219,60,7564.633275546283
coat_lite_tiny_classification,219,61,4862.601580065353
coat_lite_tiny_classification,219,62,3125.7158496882353
coat_lite_tiny_classification,219,63,4862.601580065353
coat_lite_tiny_classification,219,64,4862.601580065353
coat_lite_tiny_classification,219,65,3125.7158496882353
coat_lite_tiny_classification,219,66,4862.601580065353
coat_lite_tiny_classification,219,67,7564.633275546283
coat_lite_tiny_classification,219,68,7564.633275546283
coat_lite_tiny_classification,219,69,4862.601580065353
coat_lite_tiny_classification,219,70,4862.601580065353
coat_lite_tiny_classification,219,71,4862.601580065353
coat_lite_tiny_classification,219,72,4862.601580065353
coat_lite_tiny_classification,219,73,7564.633275546283
coat_lite_tiny_classification,219,74,4862.601580065353
coat_lite_tiny_classification,219,75,4862.601580065353
coat_lite_tiny_classification,219,76,3125.7158496882353
coat_lite_tiny_classification,219,77,4862.601580065353
coat_lite_tiny_classification,219,78,4862.601580065353
coat_lite_tiny_classification,219,79,4862.601580065353
coat_lite_tiny_classification,219,80,4862.601580065353
coat_lite_tiny_classification,219,81,4862.601580065353
coat_lite_tiny_classification,219,82,4862.601580065353
coat_lite_tiny_classification,219,83,4862.601580065353
coat_lite_tiny_classification,219,84,4862.601580065353
coat_lite_tiny_classification,219,85,4862.601580065353
coat_lite_tiny_classification,219,86,7564.633275546283
coat_lite_tiny_classification,219,87,7564.633275546283
coat_lite_tiny_classification,219,88,4862.601580065353
coat_lite_tiny_classification,219,89,4862.601580065353
coat_lite_tiny_classification,219,90,4862.601580065353
coat_lite_tiny_classification,219,91,4862.601580065353
coat_lite_tiny_classification,219,92,4862.601580065353
coat_lite_tiny_classification,219,93,7564.633275546283
coat_lite_tiny_classification,219,94,4862.601580065353
coat_lite_tiny_classification,219,95,7564.633275546283
coat_lite_tiny_classification,219,96,7564.633275546283
coat_lite_tiny_classification,219,97,7564.633275546283
coat_lite_tiny_classification,219,98,7564.633275546283
coat_lite_tiny_classification,219,99,11768.119524349991
coat_lite_tiny_classification,219,100,7564.633275546283
coat_lite_tiny_classification,219,101,7564.633275546283
coat_lite_tiny_classification,219,102,4862.601580065353
coat_lite_tiny_classification,219,103,4862.601580065353
coat_lite_tiny_classification,219,104,4862.601580065353
coat_lite_tiny_classification,219,105,4862.601580065353
coat_lite_tiny_classification,219,106,4862.601580065353
coat_lite_tiny_classification,219,107,4862.601580065353
coat_lite_tiny_classification,219,108,4862.601580065353
coat_lite_tiny_classification,219,109,7564.633275546283
coat_lite_tiny_classification,219,110,11768.119524349991
coat_lite_tiny_classification,219,111,11768.119524349991
coat_lite_tiny_classification,219,112,4862.601580065353
coat_lite_tiny_classification,219,113,7564.633275546283
coat_lite_tiny_classification,219,114,4862.601580065353
coat_lite_tiny_classification,219,115,4862.601580065353
coat_lite_tiny_classification,219,116,7564.633275546283
coat_lite_tiny_classification,219,117,7564.633275546283
coat_lite_tiny_classification,219,118,4862.601580065353
coat_lite_tiny_classification,219,119,7564.633275546283
coat_lite_tiny_classification,219,120,4862.601580065353
coat_lite_tiny_classification,219,121,11768.119524349991
coat_lite_tiny_classification,219,122,4862.601580065353
coat_lite_tiny_classification,219,123,4862.601580065353
coat_lite_tiny_classification,219,124,7564.633275546283
coat_lite_tiny_classification,219,125,7564.633275546283
coat_lite_tiny_classification,219,126,4862.601580065353
coat_lite_tiny_classification,219,127,7564.633275546283
coat_lite_tiny_classification,219,128,7564.633275546283
coat_lite_tiny_classification,219,129,7564.633275546283
coat_lite_tiny_classification,219,130,4862.601580065353
coat_lite_tiny_classification,219,131,4862.601580065353
coat_lite_tiny_classification,219,132,7564.633275546283
coat_lite_tiny_classification,219,133,4862.601580065353
coat_lite_tiny_classification,219,134,11768.119524349991
coat_lite_tiny_classification,219,135,11768.119524349991
coat_lite_tiny_classification,219,136,7564.633275546283
coat_lite_tiny_classification,219,137,11768.119524349991
coat_lite_tiny_classification,219,138,7564.633275546283
coat_lite_tiny_classification,219,139,7564.633275546283
coat_lite_tiny_classification,219,140,7564.633275546283
coat_lite_tiny_classification,219,141,4862.601580065353
coat_lite_tiny_classification,219,142,7564.633275546283
coat_lite_tiny_classification,219,143,7564.633275546283
coat_lite_tiny_classification,219,144,7564.633275546283
coat_lite_tiny_classification,219,145,7564.633275546283
coat_lite_tiny_classification,219,146,7564.633275546283
coat_lite_tiny_classification,219,147,11768.119524349991
coat_lite_tiny_classification,219,148,7564.633275546283
coat_lite_tiny_classification,219,149,7564.633275546283
coat_lite_tiny_classification,219,150,7564.633275546283
visformer_small_classification,163,1,68926.12104349695
visformer_small_classification,163,2,28480.35868435799
visformer_small_classification,163,3,18307.382802953696
visformer_small_classification,163,4,28480.35868435799
visformer_small_classification,163,5,28480.35868435799
visformer_small_classification,163,6,44306.21457583878
visformer_small_classification,163,7,44306.21457583878
visformer_small_classification,163,8,107226.72220103232
visformer_small_classification,163,9,44306.21457583878
visformer_small_classification,163,10,28480.35868435799
visformer_small_classification,163,11,44306.21457583878
visformer_small_classification,163,12,28480.35868435799
visformer_small_classification,163,13,107226.72220103232
visformer_small_classification,163,14,68926.12104349695
visformer_small_classification,163,15,44306.21457583878
visformer_small_classification,163,16,68926.12104349695
visformer_small_classification,163,17,68926.12104349695
visformer_small_classification,163,18,107226.72220103232
visformer_small_classification,163,19,68926.12104349695
visformer_small_classification,163,20,68926.12104349695
visformer_small_classification,163,21,68926.12104349695
visformer_small_classification,163,22,68926.12104349695
visformer_small_classification,163,23,68926.12104349695
visformer_small_classification,163,24,68926.12104349695
visformer_small_classification,163,25,44306.21457583878
visformer_small_classification,163,26,107226.72220103232
visformer_small_classification,163,27,68926.12104349695
visformer_small_classification,163,28,107226.72220103232
visformer_small_classification,163,29,68926.12104349695
visformer_small_classification,163,30,68926.12104349695
visformer_small_classification,163,31,44306.21457583878
visformer_small_classification,163,32,68926.12104349695
visformer_small_classification,163,33,68926.12104349695
visformer_small_classification,163,34,107226.72220103232
visformer_small_classification,163,35,68926.12104349695
visformer_small_classification,163,36,107226.72220103232
visformer_small_classification,163,37,107226.72220103232
visformer_small_classification,163,38,44306.21457583878
visformer_small_classification,163,39,68926.12104349695
visformer_small_classification,163,40,68926.12104349695
visformer_small_classification,163,41,68926.12104349695
visformer_small_classification,163,42,68926.12104349695
visformer_small_classification,163,43,68926.12104349695
visformer_small_classification,163,44,107226.72220103232
visformer_small_classification,163,45,68926.12104349695
visformer_small_classification,163,46,166810.0537200059
visformer_small_classification,163,47,68926.12104349695
visformer_small_classification,163,48,28480.35868435799
visformer_small_classification,163,49,68926.12104349695
visformer_small_classification,163,50,68926.12104349695
visformer_small_classification,163,51,44306.21457583878
visformer_small_classification,163,52,107226.72220103232
visformer_small_classification,163,53,44306.21457583878
visformer_small_classification,163,54,107226.72220103232
visformer_small_classification,163,55,107226.72220103232
visformer_small_classification,163,56,68926.12104349695
visformer_small_classification,163,57,68926.12104349695
visformer_small_classification,163,58,68926.12104349695
visformer_small_classification,163,59,166810.0537200059
visformer_small_classification,163,60,107226.72220103232
visformer_small_classification,163,61,68926.12104349695
visformer_small_classification,163,62,68926.12104349695
visformer_small_classification,163,63,68926.12104349695
visformer_small_classification,163,64,68926.12104349695
visformer_small_classification,163,65,44306.21457583878
visformer_small_classification,163,66,68926.12104349695
visformer_small_classification,163,67,107226.72220103232
visformer_small_classification,163,68,166810.0537200059
visformer_small_classification,163,69,68926.12104349695
visformer_small_classification,163,70,68926.12104349695
visformer_small_classification,163,71,68926.12104349695
visformer_small_classification,163,72,107226.72220103232
visformer_small_classification,163,73,107226.72220103232
visformer_small_classification,163,74,107226.72220103232
visformer_small_classification,163,75,107226.72220103232
visformer_small_classification,163,76,68926.12104349695
visformer_small_classification,163,77,68926.12104349695
visformer_small_classification,163,78,107226.72220103232
visformer_small_classification,163,79,68926.12104349695
visformer_small_classification,163,80,68926.12104349695
visformer_small_classification,163,81,107226.72220103232
visformer_small_classification,163,82,68926.12104349695
visformer_small_classification,163,83,107226.72220103232
visformer_small_classification,163,84,68926.12104349695
visformer_small_classification,163,85,68926.12104349695
visformer_small_classification,163,86,107226.72220103232
visformer_small_classification,163,87,107226.72220103232
visformer_small_classification,163,88,68926.12104349695
visformer_small_classification,163,89,107226.72220103232
visformer_small_classification,163,90,68926.12104349695
visformer_small_classification,163,91,107226.72220103232
visformer_small_classification,163,92,68926.12104349695
visformer_small_classification,163,93,107226.72220103232
visformer_small_classification,163,94,107226.72220103232
visformer_small_classification,163,95,107226.72220103232
visformer_small_classification,163,96,107226.72220103232
visformer_small_classification,163,97,107226.72220103232
visformer_small_classification,163,98,107226.72220103232
visformer_small_classification,163,99,166810.0537200059
visformer_small_classification,163,100,107226.72220103232
visformer_small_classification,163,101,107226.72220103232
visformer_small_classification,163,102,68926.12104349695
visformer_small_classification,163,103,107226.72220103232
visformer_small_classification,163,104,68926.12104349695
visformer_small_classification,163,105,68926.12104349695
visformer_small_classification,163,106,68926.12104349695
visformer_small_classification,163,107,107226.72220103232
visformer_small_classification,163,108,68926.12104349695
visformer_small_classification,163,109,107226.72220103232
visformer_small_classification,163,110,166810.0537200059
visformer_small_classification,163,111,259502.4211399732
visformer_small_classification,163,112,107226.72220103232
visformer_small_classification,163,113,107226.72220103232
visformer_small_classification,163,114,107226.72220103232
visformer_small_classification,163,115,107226.72220103232
visformer_small_classification,163,116,166810.0537200059
visformer_small_classification,163,117,107226.72220103232
visformer_small_classification,163,118,107226.72220103232
visformer_small_classification,163,119,107226.72220103232
visformer_small_classification,163,120,68926.12104349695
visformer_small_classification,163,121,166810.0537200059
visformer_small_classification,163,122,107226.72220103232
visformer_small_classification,163,123,107226.72220103232
visformer_small_classification,163,124,166810.0537200059
visformer_small_classification,163,125,166810.0537200059
visformer_small_classification,163,126,107226.72220103232
visformer_small_classification,163,127,107226.72220103232
visformer_small_classification,163,128,107226.72220103232
visformer_small_classification,163,129,107226.72220103232
visformer_small_classification,163,130,68926.12104349695
visformer_small_classification,163,131,68926.12104349695
visformer_small_classification,163,132,107226.72220103232
visformer_small_classification,163,133,107226.72220103232
visformer_small_classification,163,134,166810.0537200059
visformer_small_classification,163,135,166810.0537200059
visformer_small_classification,163,136,107226.72220103232
visformer_small_classification,163,137,107226.72220103232
visformer_small_classification,163,138,107226.72220103232
visformer_small_classification,163,139,107226.72220103232
visformer_small_classification,163,140,68926.12104349695
visformer_small_classification,163,141,107226.72220103232
visformer_small_classification,163,142,166810.0537200059
visformer_small_classification,163,143,166810.0537200059
visformer_small_classification,163,144,107226.72220103232
visformer_small_classification,163,145,107226.72220103232
visformer_small_classification,163,146,107226.72220103232
visformer_small_classification,163,147,166810.0537200059
visformer_small_classification,163,148,107226.72220103232
visformer_small_classification,163,149,107226.72220103232
visformer_small_classification,163,150,107226.72220103232
convit_base_classification,201,1,403701.72585965495
convit_base_classification,201,2,107226.72220103232
convit_base_classification,201,3,107226.72220103232
convit_base_classification,201,4,107226.72220103232
convit_base_classification,201,5,166810.0537200059
convit_base_classification,201,6,166810.0537200059
convit_base_classification,201,7,259502.4211399732
convit_base_classification,201,8,628029.1441834247
convit_base_classification,201,9,166810.0537200059
convit_base_classification,201,10,166810.0537200059
convit_base_classification,201,11,259502.4211399732
convit_base_classification,201,12,107226.72220103232
convit_base_classification,201,13,403701.72585965495
convit_base_classification,201,14,259502.4211399732
convit_base_classification,201,15,166810.0537200059
convit_base_classification,201,16,403701.72585965495
convit_base_classification,201,17,259502.4211399732
convit_base_classification,201,18,403701.72585965495
convit_base_classification,201,19,259502.4211399732
convit_base_classification,201,20,259502.4211399732
convit_base_classification,201,21,259502.4211399732
convit_base_classification,201,22,259502.4211399732
convit_base_classification,201,23,259502.4211399732
convit_base_classification,201,24,403701.72585965495
convit_base_classification,201,25,259502.4211399732
convit_base_classification,201,26,403701.72585965495
convit_base_classification,201,27,259502.4211399732
convit_base_classification,201,28,628029.1441834247
convit_base_classification,201,29,403701.72585965495
convit_base_classification,201,30,403701.72585965495
convit_base_classification,201,31,259502.4211399732
convit_base_classification,201,32,259502.4211399732
convit_base_classification,201,33,403701.72585965495
convit_base_classification,201,34,403701.72585965495
convit_base_classification,201,35,403701.72585965495
convit_base_classification,201,36,403701.72585965495
convit_base_classification,201,37,628029.1441834247
convit_base_classification,201,38,259502.4211399732
convit_base_classification,201,39,403701.72585965495
convit_base_classification,201,40,403701.72585965495
convit_base_classification,201,41,403701.72585965495
convit_base_classification,201,42,403701.72585965495
convit_base_classification,201,43,403701.72585965495
convit_base_classification,201,44,628029.1441834247
convit_base_classification,201,45,259502.4211399732
convit_base_classification,201,46,628029.1441834247
convit_base_classification,201,47,403701.72585965495
convit_base_classification,201,48,107226.72220103232
convit_base_classification,201,49,259502.4211399732
convit_base_classification,201,50,403701.72585965495
convit_base_classification,201,51,259502.4211399732
convit_base_classification,201,52,628029.1441834247
convit_base_classification,201,53,259502.4211399732
convit_base_classification,201,54,403701.72585965495
convit_base_classification,201,55,403701.72585965495
convit_base_classification,201,56,259502.4211399732
convit_base_classification,201,57,403701.72585965495
convit_base_classification,201,58,259502.4211399732
convit_base_classification,201,59,628029.1441834247
convit_base_classification,201,60,403701.72585965495
convit_base_classification,201,61,403701.72585965495
convit_base_classification,201,62,403701.72585965495
convit_base_classification,201,63,259502.4211399732
convit_base_classification,201,64,403701.72585965495
convit_base_classification,201,65,166810.0537200059
convit_base_classification,201,66,403701.72585965495
convit_base_classification,201,67,628029.1441834247
convit_base_classification,201,68,977009.9572992247
convit_base_classification,201,69,403701.72585965495
convit_base_classification,201,70,403701.72585965495
convit_base_classification,201,71,259502.4211399732
convit_base_classification,201,72,403701.72585965495
convit_base_classification,201,73,403701.72585965495
convit_base_classification,201,74,403701.72585965495
convit_base_classification,201,75,628029.1441834247
convit_base_classification,201,76,259502.4211399732
convit_base_classification,201,77,403701.72585965495
convit_base_classification,201,78,403701.72585965495
convit_base_classification,201,79,403701.72585965495
convit_base_classification,201,80,403701.72585965495
convit_base_classification,201,81,628029.1441834247
convit_base_classification,201,82,403701.72585965495
convit_base_classification,201,83,403701.72585965495
convit_base_classification,201,84,403701.72585965495
convit_base_classification,201,85,403701.72585965495
convit_base_classification,201,86,628029.1441834247
convit_base_classification,201,87,403701.72585965495
convit_base_classification,201,88,403701.72585965495
convit_base_classification,201,89,403701.72585965495
convit_base_classification,201,90,403701.72585965495
convit_base_classification,201,91,403701.72585965495
convit_base_classification,201,92,403701.72585965495
convit_base_classification,201,93,628029.1441834247
convit_base_classification,201,94,403701.72585965495
convit_base_classification,201,95,403701.72585965495
convit_base_classification,201,96,628029.1441834247
convit_base_classification,201,97,403701.72585965495
convit_base_classification,201,98,628029.1441834247
convit_base_classification,201,99,977009.9572992247
convit_base_classification,201,100,403701.72585965495
convit_base_classification,201,101,403701.72585965495
convit_base_classification,201,102,259502.4211399732
convit_base_classification,201,103,403701.72585965495
convit_base_classification,201,104,403701.72585965495
convit_base_classification,201,105,628029.1441834247
convit_base_classification,201,106,403701.72585965495
convit_base_classification,201,107,628029.1441834247
convit_base_classification,201,108,403701.72585965495
convit_base_classification,201,109,628029.1441834247
convit_base_classification,201,110,977009.9572992247
convit_base_classification,201,111,977009.9572992247
convit_base_classification,201,112,403701.72585965495
convit_base_classification,201,113,403701.72585965495
convit_base_classification,201,114,403701.72585965495
convit_base_classification,201,115,403701.72585965495
convit_base_classification,201,116,977009.9572992247
convit_base_classification,201,117,628029.1441834247
convit_base_classification,201,118,403701.72585965495
convit_base_classification,201,119,403701.72585965495
convit_base_classification,201,120,403701.72585965495
convit_base_classification,201,121,628029.1441834247
convit_base_classification,201,122,403701.72585965495
convit_base_classification,201,123,403701.72585965495
convit_base_classification,201,124,628029.1441834247
convit_base_classification,201,125,628029.1441834247
convit_base_classification,201,126,403701.72585965495
convit_base_classification,201,127,628029.1441834247
convit_base_classification,201,128,628029.1441834247
convit_base_classification,201,129,403701.72585965495
convit_base_classification,201,130,259502.4211399732
convit_base_classification,201,131,403701.72585965495
convit_base_classification,201,132,628029.1441834247
convit_base_classification,201,133,403701.72585965495
convit_base_classification,201,134,628029.1441834247
convit_base_classification,201,135,977009.9572992247
convit_base_classification,201,136,628029.1441834247
convit_base_classification,201,137,628029.1441834247
convit_base_classification,201,138,628029.1441834247
convit_base_classification,201,139,628029.1441834247
convit_base_classification,201,140,403701.72585965495
convit_base_classification,201,141,628029.1441834247
convit_base_classification,201,142,628029.1441834247
convit_base_classification,201,143,628029.1441834247
convit_base_classification,201,144,628029.1441834247
convit_base_classification,201,145,628029.1441834247
convit_base_classification,201,146,628029.1441834247
convit_base_classification,201,147,977009.9572992247
convit_base_classification,201,148,977009.9572992247
convit_base_classification,201,149,628029.1441834247
convit_base_classification,201,150,628029.1441834247
RN50_clip,179,1,28480.35868435799
RN50_clip,179,2,18307.382802953696
RN50_clip,179,3,11768.119524349991
RN50_clip,179,4,11768.119524349991
RN50_clip,179,5,18307.382802953696
RN50_clip,179,6,18307.382802953696
RN50_clip,179,7,18307.382802953696
RN50_clip,179,8,68926.12104349695
RN50_clip,179,9,18307.382802953696
RN50_clip,179,10,18307.382802953696
RN50_clip,179,11,28480.35868435799
RN50_clip,179,12,11768.119524349991
RN50_clip,179,13,44306.21457583878
RN50_clip,179,14,28480.35868435799
RN50_clip,179,15,18307.382802953696
RN50_clip,179,16,28480.35868435799
RN50_clip,179,17,28480.35868435799
RN50_clip,179,18,68926.12104349695
RN50_clip,179,19,28480.35868435799
RN50_clip,179,20,44306.21457583878
RN50_clip,179,21,28480.35868435799
RN50_clip,179,22,28480.35868435799
RN50_clip,179,23,28480.35868435799
RN50_clip,179,24,44306.21457583878
RN50_clip,179,25,28480.35868435799
RN50_clip,179,26,44306.21457583878
RN50_clip,179,27,44306.21457583878
RN50_clip,179,28,68926.12104349695
RN50_clip,179,29,28480.35868435799
RN50_clip,179,30,28480.35868435799
RN50_clip,179,31,18307.382802953696
RN50_clip,179,32,28480.35868435799
RN50_clip,179,33,44306.21457583878
RN50_clip,179,34,44306.21457583878
RN50_clip,179,35,28480.35868435799
RN50_clip,179,36,44306.21457583878
RN50_clip,179,37,44306.21457583878
RN50_clip,179,38,28480.35868435799
RN50_clip,179,39,44306.21457583878
RN50_clip,179,40,28480.35868435799
RN50_clip,179,41,44306.21457583878
RN50_clip,179,42,28480.35868435799
RN50_clip,179,43,44306.21457583878
RN50_clip,179,44,44306.21457583878
RN50_clip,179,45,28480.35868435799
RN50_clip,179,46,68926.12104349695
RN50_clip,179,47,44306.21457583878
RN50_clip,179,48,18307.382802953696
RN50_clip,179,49,28480.35868435799
RN50_clip,179,50,28480.35868435799
RN50_clip,179,51,28480.35868435799
RN50_clip,179,52,44306.21457583878
RN50_clip,179,53,18307.382802953696
RN50_clip,179,54,44306.21457583878
RN50_clip,179,55,44306.21457583878
RN50_clip,179,56,28480.35868435799
RN50_clip,179,57,44306.21457583878
RN50_clip,179,58,28480.35868435799
RN50_clip,179,59,44306.21457583878
RN50_clip,179,60,28480.35868435799
RN50_clip,179,61,28480.35868435799
RN50_clip,179,62,28480.35868435799
RN50_clip,179,63,28480.35868435799
RN50_clip,179,64,28480.35868435799
RN50_clip,179,65,18307.382802953696
RN50_clip,179,66,28480.35868435799
RN50_clip,179,67,44306.21457583878
RN50_clip,179,68,68926.12104349695
RN50_clip,179,69,44306.21457583878
RN50_clip,179,70,28480.35868435799
RN50_clip,179,71,28480.35868435799
RN50_clip,179,72,44306.21457583878
RN50_clip,179,73,44306.21457583878
RN50_clip,179,74,44306.21457583878
RN50_clip,179,75,44306.21457583878
RN50_clip,179,76,28480.35868435799
RN50_clip,179,77,28480.35868435799
RN50_clip,179,78,44306.21457583878
RN50_clip,179,79,28480.35868435799
RN50_clip,179,80,28480.35868435799
RN50_clip,179,81,44306.21457583878
RN50_clip,179,82,44306.21457583878
RN50_clip,179,83,28480.35868435799
RN50_clip,179,84,44306.21457583878
RN50_clip,179,85,44306.21457583878
RN50_clip,179,86,44306.21457583878
RN50_clip,179,87,44306.21457583878
RN50_clip,179,88,28480.35868435799
RN50_clip,179,89,28480.35868435799
RN50_clip,179,90,44306.21457583878
RN50_clip,179,91,44306.21457583878
RN50_clip,179,92,28480.35868435799
RN50_clip,179,93,44306.21457583878
RN50_clip,179,94,44306.21457583878
RN50_clip,179,95,44306.21457583878
RN50_clip,179,96,44306.21457583878
RN50_clip,179,97,44306.21457583878
RN50_clip,179,98,68926.12104349695
RN50_clip,179,99,107226.72220103232
RN50_clip,179,100,44306.21457583878
RN50_clip,179,101,28480.35868435799
RN50_clip,179,102,28480.35868435799
RN50_clip,179,103,44306.21457583878
RN50_clip,179,104,44306.21457583878
RN50_clip,179,105,28480.35868435799
RN50_clip,179,106,44306.21457583878
RN50_clip,179,107,44306.21457583878
RN50_clip,179,108,28480.35868435799
RN50_clip,179,109,44306.21457583878
RN50_clip,179,110,44306.21457583878
RN50_clip,179,111,107226.72220103232
RN50_clip,179,112,44306.21457583878
RN50_clip,179,113,44306.21457583878
RN50_clip,179,114,44306.21457583878
RN50_clip,179,115,28480.35868435799
RN50_clip,179,116,68926.12104349695
RN50_clip,179,117,44306.21457583878
RN50_clip,179,118,44306.21457583878
RN50_clip,179,119,44306.21457583878
RN50_clip,179,120,44306.21457583878
RN50_clip,179,121,68926.12104349695
RN50_clip,179,122,44306.21457583878
RN50_clip,179,123,44306.21457583878
RN50_clip,179,124,44306.21457583878
RN50_clip,179,125,68926.12104349695
RN50_clip,179,126,28480.35868435799
RN50_clip,179,127,44306.21457583878
RN50_clip,179,128,68926.12104349695
RN50_clip,179,129,44306.21457583878
RN50_clip,179,130,28480.35868435799
RN50_clip,179,131,28480.35868435799
RN50_clip,179,132,68926.12104349695
RN50_clip,179,133,44306.21457583878
RN50_clip,179,134,68926.12104349695
RN50_clip,179,135,44306.21457583878
RN50_clip,179,136,44306.21457583878
RN50_clip,179,137,44306.21457583878
RN50_clip,179,138,44306.21457583878
RN50_clip,179,139,44306.21457583878
RN50_clip,179,140,44306.21457583878
RN50_clip,179,141,44306.21457583878
RN50_clip,179,142,68926.12104349695
RN50_clip,179,143,44306.21457583878
RN50_clip,179,144,44306.21457583878
RN50_clip,179,145,44306.21457583878
RN50_clip,179,146,44306.21457583878
RN50_clip,179,147,68926.12104349695
RN50_clip,179,148,44306.21457583878
RN50_clip,179,149,44306.21457583878
RN50_clip,179,150,44306.21457583878
RN101_clip,366,1,28480.35868435799
RN101_clip,366,2,18307.382802953696
RN101_clip,366,3,11768.119524349991
RN101_clip,366,4,11768.119524349991
RN101_clip,366,5,18307.382802953696
RN101_clip,366,6,28480.35868435799
RN101_clip,366,7,28480.35868435799
RN101_clip,366,8,44306.21457583878
RN101_clip,366,9,18307.382802953696
RN101_clip,366,10,18307.382802953696
RN101_clip,366,11,28480.35868435799
RN101_clip,366,12,11768.119524349991
RN101_clip,366,13,44306.21457583878
RN101_clip,366,14,28480.35868435799
RN101_clip,366,15,28480.35868435799
RN101_clip,366,16,28480.35868435799
RN101_clip,366,17,28480.35868435799
RN101_clip,366,18,68926.12104349695
RN101_clip,366,19,28480.35868435799
RN101_clip,366,20,44306.21457583878
RN101_clip,366,21,28480.35868435799
RN101_clip,366,22,44306.21457583878
RN101_clip,366,23,28480.35868435799
RN101_clip,366,24,68926.12104349695
RN101_clip,366,25,28480.35868435799
RN101_clip,366,26,44306.21457583878
RN101_clip,366,27,44306.21457583878
RN101_clip,366,28,44306.21457583878
RN101_clip,366,29,28480.35868435799
RN101_clip,366,30,44306.21457583878
RN101_clip,366,31,18307.382802953696
RN101_clip,366,32,28480.35868435799
RN101_clip,366,33,44306.21457583878
RN101_clip,366,34,68926.12104349695
RN101_clip,366,35,28480.35868435799
RN101_clip,366,36,44306.21457583878
RN101_clip,366,37,68926.12104349695
RN101_clip,366,38,28480.35868435799
RN101_clip,366,39,68926.12104349695
RN101_clip,366,40,44306.21457583878
RN101_clip,366,41,44306.21457583878
RN101_clip,366,42,28480.35868435799
RN101_clip,366,43,44306.21457583878
RN101_clip,366,44,68926.12104349695
RN101_clip,366,45,28480.35868435799
RN101_clip,366,46,68926.12104349695
RN101_clip,366,47,44306.21457583878
RN101_clip,366,48,18307.382802953696
RN101_clip,366,49,28480.35868435799
RN101_clip,366,50,28480.35868435799
RN101_clip,366,51,28480.35868435799
RN101_clip,366,52,44306.21457583878
RN101_clip,366,53,28480.35868435799
RN101_clip,366,54,44306.21457583878
RN101_clip,366,55,68926.12104349695
RN101_clip,366,56,28480.35868435799
RN101_clip,366,57,28480.35868435799
RN101_clip,366,58,28480.35868435799
RN101_clip,366,59,68926.12104349695
RN101_clip,366,60,44306.21457583878
RN101_clip,366,61,44306.21457583878
RN101_clip,366,62,44306.21457583878
RN101_clip,366,63,44306.21457583878
RN101_clip,366,64,44306.21457583878
RN101_clip,366,65,18307.382802953696
RN101_clip,366,66,44306.21457583878
RN101_clip,366,67,68926.12104349695
RN101_clip,366,68,107226.72220103232
RN101_clip,366,69,44306.21457583878
RN101_clip,366,70,44306.21457583878
RN101_clip,366,71,28480.35868435799
RN101_clip,366,72,44306.21457583878
RN101_clip,366,73,68926.12104349695
RN101_clip,366,74,68926.12104349695
RN101_clip,366,75,68926.12104349695
RN101_clip,366,76,28480.35868435799
RN101_clip,366,77,28480.35868435799
RN101_clip,366,78,68926.12104349695
RN101_clip,366,79,28480.35868435799
RN101_clip,366,80,44306.21457583878
RN101_clip,366,81,68926.12104349695
RN101_clip,366,82,44306.21457583878
RN101_clip,366,83,44306.21457583878
RN101_clip,366,84,68926.12104349695
RN101_clip,366,85,44306.21457583878
RN101_clip,366,86,44306.21457583878
RN101_clip,366,87,44306.21457583878
RN101_clip,366,88,44306.21457583878
RN101_clip,366,89,44306.21457583878
RN101_clip,366,90,44306.21457583878
RN101_clip,366,91,68926.12104349695
RN101_clip,366,92,28480.35868435799
RN101_clip,366,93,68926.12104349695
RN101_clip,366,94,44306.21457583878
RN101_clip,366,95,44306.21457583878
RN101_clip,366,96,44306.21457583878
RN101_clip,366,97,44306.21457583878
RN101_clip,366,98,68926.12104349695
RN101_clip,366,99,107226.72220103232
RN101_clip,366,100,68926.12104349695
RN101_clip,366,101,44306.21457583878
RN101_clip,366,102,28480.35868435799
RN101_clip,366,103,68926.12104349695
RN101_clip,366,104,44306.21457583878
RN101_clip,366,105,44306.21457583878
RN101_clip,366,106,44306.21457583878
RN101_clip,366,107,68926.12104349695
RN101_clip,366,108,44306.21457583878
RN101_clip,366,109,44306.21457583878
RN101_clip,366,110,68926.12104349695
RN101_clip,366,111,68926.12104349695
RN101_clip,366,112,44306.21457583878
RN101_clip,366,113,68926.12104349695
RN101_clip,366,114,44306.21457583878
RN101_clip,366,115,44306.21457583878
RN101_clip,366,116,68926.12104349695
RN101_clip,366,117,68926.12104349695
RN101_clip,366,118,68926.12104349695
RN101_clip,366,119,68926.12104349695
RN101_clip,366,120,44306.21457583878
RN101_clip,366,121,68926.12104349695
RN101_clip,366,122,68926.12104349695
RN101_clip,366,123,44306.21457583878
RN101_clip,366,124,68926.12104349695
RN101_clip,366,125,68926.12104349695
RN101_clip,366,126,44306.21457583878
RN101_clip,366,127,44306.21457583878
RN101_clip,366,128,68926.12104349695
RN101_clip,366,129,68926.12104349695
RN101_clip,366,130,44306.21457583878
RN101_clip,366,131,44306.21457583878
RN101_clip,366,132,68926.12104349695
RN101_clip,366,133,68926.12104349695
RN101_clip,366,134,107226.72220103232
RN101_clip,366,135,68926.12104349695
RN101_clip,366,136,44306.21457583878
RN101_clip,366,137,68926.12104349695
RN101_clip,366,138,68926.12104349695
RN101_clip,366,139,44306.21457583878
RN101_clip,366,140,44306.21457583878
RN101_clip,366,141,107226.72220103232
RN101_clip,366,142,68926.12104349695
RN101_clip,366,143,68926.12104349695
RN101_clip,366,144,68926.12104349695
RN101_clip,366,145,68926.12104349695
RN101_clip,366,146,107226.72220103232
RN101_clip,366,147,107226.72220103232
RN101_clip,366,148,68926.12104349695
RN101_clip,366,149,68926.12104349695
RN101_clip,366,150,44306.21457583878
ResNet50-SimCLR_selfsupervised,162,1,44306.21457583878
ResNet50-SimCLR_selfsupervised,162,2,18307.382802953696
ResNet50-SimCLR_selfsupervised,162,3,11768.119524349991
ResNet50-SimCLR_selfsupervised,162,4,11768.119524349991
ResNet50-SimCLR_selfsupervised,162,5,18307.382802953696
ResNet50-SimCLR_selfsupervised,162,6,28480.35868435799
ResNet50-SimCLR_selfsupervised,162,7,28480.35868435799
ResNet50-SimCLR_selfsupervised,162,8,68926.12104349695
ResNet50-SimCLR_selfsupervised,162,9,18307.382802953696
ResNet50-SimCLR_selfsupervised,162,10,18307.382802953696
ResNet50-SimCLR_selfsupervised,162,11,28480.35868435799
ResNet50-SimCLR_selfsupervised,162,12,11768.119524349991
ResNet50-SimCLR_selfsupervised,162,13,44306.21457583878
ResNet50-SimCLR_selfsupervised,162,14,28480.35868435799
ResNet50-SimCLR_selfsupervised,162,15,18307.382802953696
ResNet50-SimCLR_selfsupervised,162,16,44306.21457583878
ResNet50-SimCLR_selfsupervised,162,17,44306.21457583878
ResNet50-SimCLR_selfsupervised,162,18,44306.21457583878
ResNet50-SimCLR_selfsupervised,162,19,28480.35868435799
ResNet50-SimCLR_selfsupervised,162,20,44306.21457583878
ResNet50-SimCLR_selfsupervised,162,21,28480.35868435799
ResNet50-SimCLR_selfsupervised,162,22,44306.21457583878
ResNet50-SimCLR_selfsupervised,162,23,28480.35868435799
ResNet50-SimCLR_selfsupervised,162,24,44306.21457583878
ResNet50-SimCLR_selfsupervised,162,25,28480.35868435799
ResNet50-SimCLR_selfsupervised,162,26,44306.21457583878
ResNet50-SimCLR_selfsupervised,162,27,28480.35868435799
ResNet50-SimCLR_selfsupervised,162,28,68926.12104349695
ResNet50-SimCLR_selfsupervised,162,29,44306.21457583878
ResNet50-SimCLR_selfsupervised,162,30,44306.21457583878
ResNet50-SimCLR_selfsupervised,162,31,28480.35868435799
ResNet50-SimCLR_selfsupervised,162,32,28480.35868435799
ResNet50-SimCLR_selfsupervised,162,33,44306.21457583878
ResNet50-SimCLR_selfsupervised,162,34,44306.21457583878
ResNet50-SimCLR_selfsupervised,162,35,44306.21457583878
ResNet50-SimCLR_selfsupervised,162,36,44306.21457583878
ResNet50-SimCLR_selfsupervised,162,37,68926.12104349695
ResNet50-SimCLR_selfsupervised,162,38,28480.35868435799
ResNet50-SimCLR_selfsupervised,162,39,44306.21457583878
ResNet50-SimCLR_selfsupervised,162,40,44306.21457583878
ResNet50-SimCLR_selfsupervised,162,41,44306.21457583878
ResNet50-SimCLR_selfsupervised,162,42,28480.35868435799
ResNet50-SimCLR_selfsupervised,162,43,44306.21457583878
ResNet50-SimCLR_selfsupervised,162,44,68926.12104349695
ResNet50-SimCLR_selfsupervised,162,45,28480.35868435799
ResNet50-SimCLR_selfsupervised,162,46,68926.12104349695
ResNet50-SimCLR_selfsupervised,162,47,44306.21457583878
ResNet50-SimCLR_selfsupervised,162,48,18307.382802953696
ResNet50-SimCLR_selfsupervised,162,49,44306.21457583878
ResNet50-SimCLR_selfsupervised,162,50,44306.21457583878
ResNet50-SimCLR_selfsupervised,162,51,28480.35868435799
ResNet50-SimCLR_selfsupervised,162,52,68926.12104349695
ResNet50-SimCLR_selfsupervised,162,53,28480.35868435799
ResNet50-SimCLR_selfsupervised,162,54,44306.21457583878
ResNet50-SimCLR_selfsupervised,162,55,68926.12104349695
ResNet50-SimCLR_selfsupervised,162,56,28480.35868435799
ResNet50-SimCLR_selfsupervised,162,57,44306.21457583878
ResNet50-SimCLR_selfsupervised,162,58,28480.35868435799
ResNet50-SimCLR_selfsupervised,162,59,68926.12104349695
ResNet50-SimCLR_selfsupervised,162,60,44306.21457583878
ResNet50-SimCLR_selfsupervised,162,61,44306.21457583878
ResNet50-SimCLR_selfsupervised,162,62,28480.35868435799
ResNet50-SimCLR_selfsupervised,162,63,28480.35868435799
ResNet50-SimCLR_selfsupervised,162,64,44306.21457583878
ResNet50-SimCLR_selfsupervised,162,65,28480.35868435799
ResNet50-SimCLR_selfsupervised,162,66,28480.35868435799
ResNet50-SimCLR_selfsupervised,162,67,68926.12104349695
ResNet50-SimCLR_selfsupervised,162,68,68926.12104349695
ResNet50-SimCLR_selfsupervised,162,69,44306.21457583878
ResNet50-SimCLR_selfsupervised,162,70,44306.21457583878
ResNet50-SimCLR_selfsupervised,162,71,28480.35868435799
ResNet50-SimCLR_selfsupervised,162,72,44306.21457583878
ResNet50-SimCLR_selfsupervised,162,73,44306.21457583878
ResNet50-SimCLR_selfsupervised,162,74,44306.21457583878
ResNet50-SimCLR_selfsupervised,162,75,68926.12104349695
ResNet50-SimCLR_selfsupervised,162,76,28480.35868435799
ResNet50-SimCLR_selfsupervised,162,77,44306.21457583878
ResNet50-SimCLR_selfsupervised,162,78,68926.12104349695
ResNet50-SimCLR_selfsupervised,162,79,44306.21457583878
ResNet50-SimCLR_selfsupervised,162,80,44306.21457583878
ResNet50-SimCLR_selfsupervised,162,81,68926.12104349695
ResNet50-SimCLR_selfsupervised,162,82,44306.21457583878
ResNet50-SimCLR_selfsupervised,162,83,44306.21457583878
ResNet50-SimCLR_selfsupervised,162,84,68926.12104349695
ResNet50-SimCLR_selfsupervised,162,85,44306.21457583878
ResNet50-SimCLR_selfsupervised,162,86,68926.12104349695
ResNet50-SimCLR_selfsupervised,162,87,68926.12104349695
ResNet50-SimCLR_selfsupervised,162,88,44306.21457583878
ResNet50-SimCLR_selfsupervised,162,89,44306.21457583878
ResNet50-SimCLR_selfsupervised,162,90,44306.21457583878
ResNet50-SimCLR_selfsupervised,162,91,44306.21457583878
ResNet50-SimCLR_selfsupervised,162,92,28480.35868435799
ResNet50-SimCLR_selfsupervised,162,93,68926.12104349695
ResNet50-SimCLR_selfsupervised,162,94,44306.21457583878
ResNet50-SimCLR_selfsupervised,162,95,44306.21457583878
ResNet50-SimCLR_selfsupervised,162,96,68926.12104349695
ResNet50-SimCLR_selfsupervised,162,97,44306.21457583878
ResNet50-SimCLR_selfsupervised,162,98,107226.72220103232
ResNet50-SimCLR_selfsupervised,162,99,107226.72220103232
ResNet50-SimCLR_selfsupervised,162,100,68926.12104349695
ResNet50-SimCLR_selfsupervised,162,101,68926.12104349695
ResNet50-SimCLR_selfsupervised,162,102,44306.21457583878
ResNet50-SimCLR_selfsupervised,162,103,44306.21457583878
ResNet50-SimCLR_selfsupervised,162,104,44306.21457583878
ResNet50-SimCLR_selfsupervised,162,105,44306.21457583878
ResNet50-SimCLR_selfsupervised,162,106,44306.21457583878
ResNet50-SimCLR_selfsupervised,162,107,68926.12104349695
ResNet50-SimCLR_selfsupervised,162,108,44306.21457583878
ResNet50-SimCLR_selfsupervised,162,109,68926.12104349695
ResNet50-SimCLR_selfsupervised,162,110,107226.72220103232
ResNet50-SimCLR_selfsupervised,162,111,107226.72220103232
ResNet50-SimCLR_selfsupervised,162,112,44306.21457583878
ResNet50-SimCLR_selfsupervised,162,113,68926.12104349695
ResNet50-SimCLR_selfsupervised,162,114,68926.12104349695
ResNet50-SimCLR_selfsupervised,162,115,44306.21457583878
ResNet50-SimCLR_selfsupervised,162,116,68926.12104349695
ResNet50-SimCLR_selfsupervised,162,117,68926.12104349695
ResNet50-SimCLR_selfsupervised,162,118,44306.21457583878
ResNet50-SimCLR_selfsupervised,162,119,68926.12104349695
ResNet50-SimCLR_selfsupervised,162,120,44306.21457583878
ResNet50-SimCLR_selfsupervised,162,121,68926.12104349695
ResNet50-SimCLR_selfsupervised,162,122,44306.21457583878
ResNet50-SimCLR_selfsupervised,162,123,44306.21457583878
ResNet50-SimCLR_selfsupervised,162,124,68926.12104349695
ResNet50-SimCLR_selfsupervised,162,125,68926.12104349695
ResNet50-SimCLR_selfsupervised,162,126,44306.21457583878
ResNet50-SimCLR_selfsupervised,162,127,68926.12104349695
ResNet50-SimCLR_selfsupervised,162,128,68926.12104349695
ResNet50-SimCLR_selfsupervised,162,129,44306.21457583878
ResNet50-SimCLR_selfsupervised,162,130,44306.21457583878
ResNet50-SimCLR_selfsupervised,162,131,68926.12104349695
ResNet50-SimCLR_selfsupervised,162,132,68926.12104349695
ResNet50-SimCLR_selfsupervised,162,133,68926.12104349695
ResNet50-SimCLR_selfsupervised,162,134,107226.72220103232
ResNet50-SimCLR_selfsupervised,162,135,107226.72220103232
ResNet50-SimCLR_selfsupervised,162,136,44306.21457583878
ResNet50-SimCLR_selfsupervised,162,137,68926.12104349695
ResNet50-SimCLR_selfsupervised,162,138,68926.12104349695
ResNet50-SimCLR_selfsupervised,162,139,44306.21457583878
ResNet50-SimCLR_selfsupervised,162,140,44306.21457583878
ResNet50-SimCLR_selfsupervised,162,141,68926.12104349695
ResNet50-SimCLR_selfsupervised,162,142,68926.12104349695
ResNet50-SimCLR_selfsupervised,162,143,68926.12104349695
ResNet50-SimCLR_selfsupervised,162,144,68926.12104349695
ResNet50-SimCLR_selfsupervised,162,145,44306.21457583878
ResNet50-SimCLR_selfsupervised,162,146,68926.12104349695
ResNet50-SimCLR_selfsupervised,162,147,107226.72220103232
ResNet50-SimCLR_selfsupervised,162,148,68926.12104349695
ResNet50-SimCLR_selfsupervised,162,149,68926.12104349695
ResNet50-SimCLR_selfsupervised,162,150,68926.12104349695
ResNet50-DeepClusterV2-2x224_selfsupervised,162,1,628029.1441834247
ResNet50-DeepClusterV2-2x224_selfsupervised,162,2,259502.4211399732
ResNet50-DeepClusterV2-2x224_selfsupervised,162,3,259502.4211399732
ResNet50-DeepClusterV2-2x224_selfsupervised,162,4,259502.4211399732
ResNet50-DeepClusterV2-2x224_selfsupervised,162,5,259502.4211399732
ResNet50-DeepClusterV2-2x224_selfsupervised,162,6,403701.72585965495
ResNet50-DeepClusterV2-2x224_selfsupervised,162,7,403701.72585965495
ResNet50-DeepClusterV2-2x224_selfsupervised,162,8,977009.9572992247
ResNet50-DeepClusterV2-2x224_selfsupervised,162,9,403701.72585965495
ResNet50-DeepClusterV2-2x224_selfsupervised,162,10,403701.72585965495
ResNet50-DeepClusterV2-2x224_selfsupervised,162,11,403701.72585965495
ResNet50-DeepClusterV2-2x224_selfsupervised,162,12,259502.4211399732
ResNet50-DeepClusterV2-2x224_selfsupervised,162,13,977009.9572992247
ResNet50-DeepClusterV2-2x224_selfsupervised,162,14,628029.1441834247
ResNet50-DeepClusterV2-2x224_selfsupervised,162,15,403701.72585965495
ResNet50-DeepClusterV2-2x224_selfsupervised,162,16,628029.1441834247
ResNet50-DeepClusterV2-2x224_selfsupervised,162,17,628029.1441834247
ResNet50-DeepClusterV2-2x224_selfsupervised,162,18,977009.9572992247
ResNet50-DeepClusterV2-2x224_selfsupervised,162,19,628029.1441834247
ResNet50-DeepClusterV2-2x224_selfsupervised,162,20,628029.1441834247
ResNet50-DeepClusterV2-2x224_selfsupervised,162,21,628029.1441834247
ResNet50-DeepClusterV2-2x224_selfsupervised,162,22,628029.1441834247
ResNet50-DeepClusterV2-2x224_selfsupervised,162,23,403701.72585965495
ResNet50-DeepClusterV2-2x224_selfsupervised,162,24,977009.9572992247
ResNet50-DeepClusterV2-2x224_selfsupervised,162,25,403701.72585965495
ResNet50-DeepClusterV2-2x224_selfsupervised,162,26,977009.9572992247
ResNet50-DeepClusterV2-2x224_selfsupervised,162,27,628029.1441834247
ResNet50-DeepClusterV2-2x224_selfsupervised,162,28,977009.9572992247
ResNet50-DeepClusterV2-2x224_selfsupervised,162,29,977009.9572992247
ResNet50-DeepClusterV2-2x224_selfsupervised,162,30,628029.1441834247
ResNet50-DeepClusterV2-2x224_selfsupervised,162,31,403701.72585965495
ResNet50-DeepClusterV2-2x224_selfsupervised,162,32,403701.72585965495
ResNet50-DeepClusterV2-2x224_selfsupervised,162,33,628029.1441834247
ResNet50-DeepClusterV2-2x224_selfsupervised,162,34,977009.9572992247
ResNet50-DeepClusterV2-2x224_selfsupervised,162,35,628029.1441834247
ResNet50-DeepClusterV2-2x224_selfsupervised,162,36,977009.9572992247
ResNet50-DeepClusterV2-2x224_selfsupervised,162,37,977009.9572992247
ResNet50-DeepClusterV2-2x224_selfsupervised,162,38,628029.1441834247
ResNet50-DeepClusterV2-2x224_selfsupervised,162,39,628029.1441834247
ResNet50-DeepClusterV2-2x224_selfsupervised,162,40,628029.1441834247
ResNet50-DeepClusterV2-2x224_selfsupervised,162,41,977009.9572992247
ResNet50-DeepClusterV2-2x224_selfsupervised,162,42,628029.1441834247
ResNet50-DeepClusterV2-2x224_selfsupervised,162,43,628029.1441834247
ResNet50-DeepClusterV2-2x224_selfsupervised,162,44,977009.9572992247
ResNet50-DeepClusterV2-2x224_selfsupervised,162,45,628029.1441834247
ResNet50-DeepClusterV2-2x224_selfsupervised,162,46,977009.9572992247
ResNet50-DeepClusterV2-2x224_selfsupervised,162,47,628029.1441834247
ResNet50-DeepClusterV2-2x224_selfsupervised,162,48,403701.72585965495
ResNet50-DeepClusterV2-2x224_selfsupervised,162,49,628029.1441834247
ResNet50-DeepClusterV2-2x224_selfsupervised,162,50,977009.9572992247
ResNet50-DeepClusterV2-2x224_selfsupervised,162,51,628029.1441834247
ResNet50-DeepClusterV2-2x224_selfsupervised,162,52,977009.9572992247
ResNet50-DeepClusterV2-2x224_selfsupervised,162,53,628029.1441834247
ResNet50-DeepClusterV2-2x224_selfsupervised,162,54,977009.9572992247
ResNet50-DeepClusterV2-2x224_selfsupervised,162,55,977009.9572992247
ResNet50-DeepClusterV2-2x224_selfsupervised,162,56,628029.1441834247
ResNet50-DeepClusterV2-2x224_selfsupervised,162,57,628029.1441834247
ResNet50-DeepClusterV2-2x224_selfsupervised,162,58,628029.1441834247
ResNet50-DeepClusterV2-2x224_selfsupervised,162,59,1519911.0829529332
ResNet50-DeepClusterV2-2x224_selfsupervised,162,60,977009.9572992247
ResNet50-DeepClusterV2-2x224_selfsupervised,162,61,977009.9572992247
ResNet50-DeepClusterV2-2x224_selfsupervised,162,62,628029.1441834247
ResNet50-DeepClusterV2-2x224_selfsupervised,162,63,628029.1441834247
ResNet50-DeepClusterV2-2x224_selfsupervised,162,64,628029.1441834247
ResNet50-DeepClusterV2-2x224_selfsupervised,162,65,403701.72585965495
ResNet50-DeepClusterV2-2x224_selfsupervised,162,66,628029.1441834247
ResNet50-DeepClusterV2-2x224_selfsupervised,162,67,977009.9572992247
ResNet50-DeepClusterV2-2x224_selfsupervised,162,68,1519911.0829529332
ResNet50-DeepClusterV2-2x224_selfsupervised,162,69,977009.9572992247
ResNet50-DeepClusterV2-2x224_selfsupervised,162,70,977009.9572992247
ResNet50-DeepClusterV2-2x224_selfsupervised,162,71,628029.1441834247
ResNet50-DeepClusterV2-2x224_selfsupervised,162,72,977009.9572992247
ResNet50-DeepClusterV2-2x224_selfsupervised,162,73,977009.9572992247
ResNet50-DeepClusterV2-2x224_selfsupervised,162,74,977009.9572992247
ResNet50-DeepClusterV2-2x224_selfsupervised,162,75,1519911.0829529332
ResNet50-DeepClusterV2-2x224_selfsupervised,162,76,628029.1441834247
ResNet50-DeepClusterV2-2x224_selfsupervised,162,77,628029.1441834247
ResNet50-DeepClusterV2-2x224_selfsupervised,162,78,977009.9572992247
ResNet50-DeepClusterV2-2x224_selfsupervised,162,79,628029.1441834247
ResNet50-DeepClusterV2-2x224_selfsupervised,162,80,977009.9572992247
ResNet50-DeepClusterV2-2x224_selfsupervised,162,81,977009.9572992247
ResNet50-DeepClusterV2-2x224_selfsupervised,162,82,977009.9572992247
ResNet50-DeepClusterV2-2x224_selfsupervised,162,83,977009.9572992247
ResNet50-DeepClusterV2-2x224_selfsupervised,162,84,977009.9572992247
ResNet50-DeepClusterV2-2x224_selfsupervised,162,85,977009.9572992247
ResNet50-DeepClusterV2-2x224_selfsupervised,162,86,977009.9572992247
ResNet50-DeepClusterV2-2x224_selfsupervised,162,87,977009.9572992247
ResNet50-DeepClusterV2-2x224_selfsupervised,162,88,977009.9572992247
ResNet50-DeepClusterV2-2x224_selfsupervised,162,89,977009.9572992247
ResNet50-DeepClusterV2-2x224_selfsupervised,162,90,977009.9572992247
ResNet50-DeepClusterV2-2x224_selfsupervised,162,91,977009.9572992247
ResNet50-DeepClusterV2-2x224_selfsupervised,162,92,628029.1441834247
ResNet50-DeepClusterV2-2x224_selfsupervised,162,93,977009.9572992247
ResNet50-DeepClusterV2-2x224_selfsupervised,162,94,628029.1441834247
ResNet50-DeepClusterV2-2x224_selfsupervised,162,95,977009.9572992247
ResNet50-DeepClusterV2-2x224_selfsupervised,162,96,977009.9572992247
ResNet50-DeepClusterV2-2x224_selfsupervised,162,97,977009.9572992247
ResNet50-DeepClusterV2-2x224_selfsupervised,162,98,1519911.0829529332
ResNet50-DeepClusterV2-2x224_selfsupervised,162,99,1519911.0829529332
ResNet50-DeepClusterV2-2x224_selfsupervised,162,100,977009.9572992247
ResNet50-DeepClusterV2-2x224_selfsupervised,162,101,977009.9572992247
ResNet50-DeepClusterV2-2x224_selfsupervised,162,102,628029.1441834247
ResNet50-DeepClusterV2-2x224_selfsupervised,162,103,977009.9572992247
ResNet50-DeepClusterV2-2x224_selfsupervised,162,104,628029.1441834247
ResNet50-DeepClusterV2-2x224_selfsupervised,162,105,977009.9572992247
ResNet50-DeepClusterV2-2x224_selfsupervised,162,106,977009.9572992247
ResNet50-DeepClusterV2-2x224_selfsupervised,162,107,977009.9572992247
ResNet50-DeepClusterV2-2x224_selfsupervised,162,108,977009.9572992247
ResNet50-DeepClusterV2-2x224_selfsupervised,162,109,977009.9572992247
ResNet50-DeepClusterV2-2x224_selfsupervised,162,110,1519911.0829529332
ResNet50-DeepClusterV2-2x224_selfsupervised,162,111,2364489.412645407
ResNet50-DeepClusterV2-2x224_selfsupervised,162,112,977009.9572992247
ResNet50-DeepClusterV2-2x224_selfsupervised,162,113,977009.9572992247
ResNet50-DeepClusterV2-2x224_selfsupervised,162,114,977009.9572992247
ResNet50-DeepClusterV2-2x224_selfsupervised,162,115,977009.9572992247
ResNet50-DeepClusterV2-2x224_selfsupervised,162,116,1519911.0829529332
ResNet50-DeepClusterV2-2x224_selfsupervised,162,117,977009.9572992247
ResNet50-DeepClusterV2-2x224_selfsupervised,162,118,977009.9572992247
ResNet50-DeepClusterV2-2x224_selfsupervised,162,119,977009.9572992247
ResNet50-DeepClusterV2-2x224_selfsupervised,162,120,628029.1441834247
ResNet50-DeepClusterV2-2x224_selfsupervised,162,121,1519911.0829529332
ResNet50-DeepClusterV2-2x224_selfsupervised,162,122,977009.9572992247
ResNet50-DeepClusterV2-2x224_selfsupervised,162,123,977009.9572992247
ResNet50-DeepClusterV2-2x224_selfsupervised,162,124,1519911.0829529332
ResNet50-DeepClusterV2-2x224_selfsupervised,162,125,1519911.0829529332
ResNet50-DeepClusterV2-2x224_selfsupervised,162,126,977009.9572992247
ResNet50-DeepClusterV2-2x224_selfsupervised,162,127,977009.9572992247
ResNet50-DeepClusterV2-2x224_selfsupervised,162,128,1519911.0829529332
ResNet50-DeepClusterV2-2x224_selfsupervised,162,129,977009.9572992247
ResNet50-DeepClusterV2-2x224_selfsupervised,162,130,628029.1441834247
ResNet50-DeepClusterV2-2x224_selfsupervised,162,131,977009.9572992247
ResNet50-DeepClusterV2-2x224_selfsupervised,162,132,1519911.0829529332
ResNet50-DeepClusterV2-2x224_selfsupervised,162,133,977009.9572992247
ResNet50-DeepClusterV2-2x224_selfsupervised,162,134,1519911.0829529332
ResNet50-DeepClusterV2-2x224_selfsupervised,162,135,1519911.0829529332
ResNet50-DeepClusterV2-2x224_selfsupervised,162,136,977009.9572992247
ResNet50-DeepClusterV2-2x224_selfsupervised,162,137,1519911.0829529332
ResNet50-DeepClusterV2-2x224_selfsupervised,162,138,977009.9572992247
ResNet50-DeepClusterV2-2x224_selfsupervised,162,139,977009.9572992247
ResNet50-DeepClusterV2-2x224_selfsupervised,162,140,977009.9572992247
ResNet50-DeepClusterV2-2x224_selfsupervised,162,141,977009.9572992247
ResNet50-DeepClusterV2-2x224_selfsupervised,162,142,1519911.0829529332
ResNet50-DeepClusterV2-2x224_selfsupervised,162,143,1519911.0829529332
ResNet50-DeepClusterV2-2x224_selfsupervised,162,144,977009.9572992247
ResNet50-DeepClusterV2-2x224_selfsupervised,162,145,977009.9572992247
ResNet50-DeepClusterV2-2x224_selfsupervised,162,146,977009.9572992247
ResNet50-DeepClusterV2-2x224_selfsupervised,162,147,1519911.0829529332
ResNet50-DeepClusterV2-2x224_selfsupervised,162,148,1519911.0829529332
ResNet50-DeepClusterV2-2x224_selfsupervised,162,149,1519911.0829529332
ResNet50-DeepClusterV2-2x224_selfsupervised,162,150,977009.9572992247
ResNet50-SwAV-BS4096-2x224_selfsupervised,165,1,977009.9572992247
ResNet50-SwAV-BS4096-2x224_selfsupervised,165,2,403701.72585965495
ResNet50-SwAV-BS4096-2x224_selfsupervised,165,3,259502.4211399732
ResNet50-SwAV-BS4096-2x224_selfsupervised,165,4,259502.4211399732
ResNet50-SwAV-BS4096-2x224_selfsupervised,165,5,403701.72585965495
ResNet50-SwAV-BS4096-2x224_selfsupervised,165,6,628029.1441834247
ResNet50-SwAV-BS4096-2x224_selfsupervised,165,7,628029.1441834247
ResNet50-SwAV-BS4096-2x224_selfsupervised,165,8,1519911.0829529332
ResNet50-SwAV-BS4096-2x224_selfsupervised,165,9,628029.1441834247
ResNet50-SwAV-BS4096-2x224_selfsupervised,165,10,628029.1441834247
ResNet50-SwAV-BS4096-2x224_selfsupervised,165,11,977009.9572992247
ResNet50-SwAV-BS4096-2x224_selfsupervised,165,12,259502.4211399732
ResNet50-SwAV-BS4096-2x224_selfsupervised,165,13,1519911.0829529332
ResNet50-SwAV-BS4096-2x224_selfsupervised,165,14,628029.1441834247
ResNet50-SwAV-BS4096-2x224_selfsupervised,165,15,628029.1441834247
ResNet50-SwAV-BS4096-2x224_selfsupervised,165,16,977009.9572992247
ResNet50-SwAV-BS4096-2x224_selfsupervised,165,17,977009.9572992247
ResNet50-SwAV-BS4096-2x224_selfsupervised,165,18,2364489.412645407
ResNet50-SwAV-BS4096-2x224_selfsupervised,165,19,628029.1441834247
ResNet50-SwAV-BS4096-2x224_selfsupervised,165,20,1519911.0829529332
ResNet50-SwAV-BS4096-2x224_selfsupervised,165,21,977009.9572992247
ResNet50-SwAV-BS4096-2x224_selfsupervised,165,22,977009.9572992247
ResNet50-SwAV-BS4096-2x224_selfsupervised,165,23,977009.9572992247
ResNet50-SwAV-BS4096-2x224_selfsupervised,165,24,1519911.0829529332
ResNet50-SwAV-BS4096-2x224_selfsupervised,165,25,628029.1441834247
ResNet50-SwAV-BS4096-2x224_selfsupervised,165,26,1519911.0829529332
ResNet50-SwAV-BS4096-2x224_selfsupervised,165,27,977009.9572992247
ResNet50-SwAV-BS4096-2x224_selfsupervised,165,28,2364489.412645407
ResNet50-SwAV-BS4096-2x224_selfsupervised,165,29,1519911.0829529332
ResNet50-SwAV-BS4096-2x224_selfsupervised,165,30,977009.9572992247
ResNet50-SwAV-BS4096-2x224_selfsupervised,165,31,628029.1441834247
ResNet50-SwAV-BS4096-2x224_selfsupervised,165,32,628029.1441834247
ResNet50-SwAV-BS4096-2x224_selfsupervised,165,33,977009.9572992247
ResNet50-SwAV-BS4096-2x224_selfsupervised,165,34,1519911.0829529332
ResNet50-SwAV-BS4096-2x224_selfsupervised,165,35,977009.9572992247
ResNet50-SwAV-BS4096-2x224_selfsupervised,165,36,1519911.0829529332
ResNet50-SwAV-BS4096-2x224_selfsupervised,165,37,1519911.0829529332
ResNet50-SwAV-BS4096-2x224_selfsupervised,165,38,628029.1441834247
ResNet50-SwAV-BS4096-2x224_selfsupervised,165,39,977009.9572992247
ResNet50-SwAV-BS4096-2x224_selfsupervised,165,40,977009.9572992247
ResNet50-SwAV-BS4096-2x224_selfsupervised,165,41,977009.9572992247
ResNet50-SwAV-BS4096-2x224_selfsupervised,165,42,977009.9572992247
ResNet50-SwAV-BS4096-2x224_selfsupervised,165,43,1519911.0829529332
ResNet50-SwAV-BS4096-2x224_selfsupervised,165,44,2364489.412645407
ResNet50-SwAV-BS4096-2x224_selfsupervised,165,45,977009.9572992247
ResNet50-SwAV-BS4096-2x224_selfsupervised,165,46,2364489.412645407
ResNet50-SwAV-BS4096-2x224_selfsupervised,165,47,977009.9572992247
ResNet50-SwAV-BS4096-2x224_selfsupervised,165,48,403701.72585965495
ResNet50-SwAV-BS4096-2x224_selfsupervised,165,49,977009.9572992247
ResNet50-SwAV-BS4096-2x224_selfsupervised,165,50,1519911.0829529332
ResNet50-SwAV-BS4096-2x224_selfsupervised,165,51,628029.1441834247
ResNet50-SwAV-BS4096-2x224_selfsupervised,165,52,1519911.0829529332
ResNet50-SwAV-BS4096-2x224_selfsupervised,165,53,628029.1441834247
ResNet50-SwAV-BS4096-2x224_selfsupervised,165,54,1519911.0829529332
ResNet50-SwAV-BS4096-2x224_selfsupervised,165,55,1519911.0829529332
ResNet50-SwAV-BS4096-2x224_selfsupervised,165,56,977009.9572992247
ResNet50-SwAV-BS4096-2x224_selfsupervised,165,57,977009.9572992247
ResNet50-SwAV-BS4096-2x224_selfsupervised,165,58,977009.9572992247
ResNet50-SwAV-BS4096-2x224_selfsupervised,165,59,2364489.412645407
ResNet50-SwAV-BS4096-2x224_selfsupervised,165,60,1519911.0829529332
ResNet50-SwAV-BS4096-2x224_selfsupervised,165,61,1519911.0829529332
ResNet50-SwAV-BS4096-2x224_selfsupervised,165,62,628029.1441834247
ResNet50-SwAV-BS4096-2x224_selfsupervised,165,63,977009.9572992247
ResNet50-SwAV-BS4096-2x224_selfsupervised,165,64,1519911.0829529332
ResNet50-SwAV-BS4096-2x224_selfsupervised,165,65,403701.72585965495
ResNet50-SwAV-BS4096-2x224_selfsupervised,165,66,977009.9572992247
ResNet50-SwAV-BS4096-2x224_selfsupervised,165,67,2364489.412645407
ResNet50-SwAV-BS4096-2x224_selfsupervised,165,68,2364489.412645407
ResNet50-SwAV-BS4096-2x224_selfsupervised,165,69,977009.9572992247
ResNet50-SwAV-BS4096-2x224_selfsupervised,165,70,1519911.0829529332
ResNet50-SwAV-BS4096-2x224_selfsupervised,165,71,977009.9572992247
ResNet50-SwAV-BS4096-2x224_selfsupervised,165,72,1519911.0829529332
ResNet50-SwAV-BS4096-2x224_selfsupervised,165,73,1519911.0829529332
ResNet50-SwAV-BS4096-2x224_selfsupervised,165,74,977009.9572992247
ResNet50-SwAV-BS4096-2x224_selfsupervised,165,75,1519911.0829529332
ResNet50-SwAV-BS4096-2x224_selfsupervised,165,76,628029.1441834247
ResNet50-SwAV-BS4096-2x224_selfsupervised,165,77,977009.9572992247
ResNet50-SwAV-BS4096-2x224_selfsupervised,165,78,1519911.0829529332
ResNet50-SwAV-BS4096-2x224_selfsupervised,165,79,977009.9572992247
ResNet50-SwAV-BS4096-2x224_selfsupervised,165,80,1519911.0829529332
ResNet50-SwAV-BS4096-2x224_selfsupervised,165,81,2364489.412645407
ResNet50-SwAV-BS4096-2x224_selfsupervised,165,82,1519911.0829529332
ResNet50-SwAV-BS4096-2x224_selfsupervised,165,83,977009.9572992247
ResNet50-SwAV-BS4096-2x224_selfsupervised,165,84,1519911.0829529332
ResNet50-SwAV-BS4096-2x224_selfsupervised,165,85,977009.9572992247
ResNet50-SwAV-BS4096-2x224_selfsupervised,165,86,1519911.0829529332
ResNet50-SwAV-BS4096-2x224_selfsupervised,165,87,1519911.0829529332
ResNet50-SwAV-BS4096-2x224_selfsupervised,165,88,1519911.0829529332
ResNet50-SwAV-BS4096-2x224_selfsupervised,165,89,977009.9572992247
ResNet50-SwAV-BS4096-2x224_selfsupervised,165,90,1519911.0829529332
ResNet50-SwAV-BS4096-2x224_selfsupervised,165,91,1519911.0829529332
ResNet50-SwAV-BS4096-2x224_selfsupervised,165,92,977009.9572992247
ResNet50-SwAV-BS4096-2x224_selfsupervised,165,93,1519911.0829529332
ResNet50-SwAV-BS4096-2x224_selfsupervised,165,94,1519911.0829529332
ResNet50-SwAV-BS4096-2x224_selfsupervised,165,95,1519911.0829529332
ResNet50-SwAV-BS4096-2x224_selfsupervised,165,96,1519911.0829529332
ResNet50-SwAV-BS4096-2x224_selfsupervised,165,97,1519911.0829529332
ResNet50-SwAV-BS4096-2x224_selfsupervised,165,98,2364489.412645407
ResNet50-SwAV-BS4096-2x224_selfsupervised,165,99,2364489.412645407
ResNet50-SwAV-BS4096-2x224_selfsupervised,165,100,1519911.0829529332
ResNet50-SwAV-BS4096-2x224_selfsupervised,165,101,1519911.0829529332
ResNet50-SwAV-BS4096-2x224_selfsupervised,165,102,977009.9572992247
ResNet50-SwAV-BS4096-2x224_selfsupervised,165,103,1519911.0829529332
ResNet50-SwAV-BS4096-2x224_selfsupervised,165,104,977009.9572992247
ResNet50-SwAV-BS4096-2x224_selfsupervised,165,105,1519911.0829529332
ResNet50-SwAV-BS4096-2x224_selfsupervised,165,106,977009.9572992247
ResNet50-SwAV-BS4096-2x224_selfsupervised,165,107,1519911.0829529332
ResNet50-SwAV-BS4096-2x224_selfsupervised,165,108,1519911.0829529332
ResNet50-SwAV-BS4096-2x224_selfsupervised,165,109,1519911.0829529332
ResNet50-SwAV-BS4096-2x224_selfsupervised,165,110,2364489.412645407
ResNet50-SwAV-BS4096-2x224_selfsupervised,165,111,3678379.7718286267
ResNet50-SwAV-BS4096-2x224_selfsupervised,165,112,1519911.0829529332
ResNet50-SwAV-BS4096-2x224_selfsupervised,165,113,1519911.0829529332
ResNet50-SwAV-BS4096-2x224_selfsupervised,165,114,1519911.0829529332
ResNet50-SwAV-BS4096-2x224_selfsupervised,165,115,1519911.0829529332
ResNet50-SwAV-BS4096-2x224_selfsupervised,165,116,2364489.412645407
ResNet50-SwAV-BS4096-2x224_selfsupervised,165,117,1519911.0829529332
ResNet50-SwAV-BS4096-2x224_selfsupervised,165,118,1519911.0829529332
ResNet50-SwAV-BS4096-2x224_selfsupervised,165,119,1519911.0829529332
ResNet50-SwAV-BS4096-2x224_selfsupervised,165,120,977009.9572992247
ResNet50-SwAV-BS4096-2x224_selfsupervised,165,121,2364489.412645407
ResNet50-SwAV-BS4096-2x224_selfsupervised,165,122,1519911.0829529332
ResNet50-SwAV-BS4096-2x224_selfsupervised,165,123,1519911.0829529332
ResNet50-SwAV-BS4096-2x224_selfsupervised,165,124,2364489.412645407
ResNet50-SwAV-BS4096-2x224_selfsupervised,165,125,1519911.0829529332
ResNet50-SwAV-BS4096-2x224_selfsupervised,165,126,1519911.0829529332
ResNet50-SwAV-BS4096-2x224_selfsupervised,165,127,1519911.0829529332
ResNet50-SwAV-BS4096-2x224_selfsupervised,165,128,2364489.412645407
ResNet50-SwAV-BS4096-2x224_selfsupervised,165,129,1519911.0829529332
ResNet50-SwAV-BS4096-2x224_selfsupervised,165,130,977009.9572992247
ResNet50-SwAV-BS4096-2x224_selfsupervised,165,131,1519911.0829529332
ResNet50-SwAV-BS4096-2x224_selfsupervised,165,132,2364489.412645407
ResNet50-SwAV-BS4096-2x224_selfsupervised,165,133,1519911.0829529332
ResNet50-SwAV-BS4096-2x224_selfsupervised,165,134,2364489.412645407
ResNet50-SwAV-BS4096-2x224_selfsupervised,165,135,2364489.412645407
ResNet50-SwAV-BS4096-2x224_selfsupervised,165,136,1519911.0829529332
ResNet50-SwAV-BS4096-2x224_selfsupervised,165,137,2364489.412645407
ResNet50-SwAV-BS4096-2x224_selfsupervised,165,138,1519911.0829529332
ResNet50-SwAV-BS4096-2x224_selfsupervised,165,139,977009.9572992247
ResNet50-SwAV-BS4096-2x224_selfsupervised,165,140,1519911.0829529332
ResNet50-SwAV-BS4096-2x224_selfsupervised,165,141,1519911.0829529332
ResNet50-SwAV-BS4096-2x224_selfsupervised,165,142,1519911.0829529332
ResNet50-SwAV-BS4096-2x224_selfsupervised,165,143,1519911.0829529332
ResNet50-SwAV-BS4096-2x224_selfsupervised,165,144,2364489.412645407
ResNet50-SwAV-BS4096-2x224_selfsupervised,165,145,977009.9572992247
ResNet50-SwAV-BS4096-2x224_selfsupervised,165,146,1519911.0829529332
ResNet50-SwAV-BS4096-2x224_selfsupervised,165,147,2364489.412645407
ResNet50-SwAV-BS4096-2x224_selfsupervised,165,148,2364489.412645407
ResNet50-SwAV-BS4096-2x224_selfsupervised,165,149,1519911.0829529332
ResNet50-SwAV-BS4096-2x224_selfsupervised,165,150,1519911.0829529332
ResNet50-PIRL_selfsupervised,165,1,1291.549665014884
ResNet50-PIRL_selfsupervised,165,2,343.04692863149194
ResNet50-PIRL_selfsupervised,165,3,343.04692863149194
ResNet50-PIRL_selfsupervised,165,4,343.04692863149194
ResNet50-PIRL_selfsupervised,165,5,533.6699231206308
ResNet50-PIRL_selfsupervised,165,6,533.6699231206308
ResNet50-PIRL_selfsupervised,165,7,533.6699231206308
ResNet50-PIRL_selfsupervised,165,8,2009.2330025650458
ResNet50-PIRL_selfsupervised,165,9,533.6699231206308
ResNet50-PIRL_selfsupervised,165,10,533.6699231206308
ResNet50-PIRL_selfsupervised,165,11,533.6699231206308
ResNet50-PIRL_selfsupervised,165,12,343.04692863149194
ResNet50-PIRL_selfsupervised,165,13,1291.549665014884
ResNet50-PIRL_selfsupervised,165,14,830.2175681319744
ResNet50-PIRL_selfsupervised,165,15,533.6699231206308
ResNet50-PIRL_selfsupervised,165,16,1291.549665014884
ResNet50-PIRL_selfsupervised,165,17,1291.549665014884
ResNet50-PIRL_selfsupervised,165,18,2009.2330025650458
ResNet50-PIRL_selfsupervised,165,19,830.2175681319744
ResNet50-PIRL_selfsupervised,165,20,1291.549665014884
ResNet50-PIRL_selfsupervised,165,21,830.2175681319744
ResNet50-PIRL_selfsupervised,165,22,1291.549665014884
ResNet50-PIRL_selfsupervised,165,23,830.2175681319744
ResNet50-PIRL_selfsupervised,165,24,1291.549665014884
ResNet50-PIRL_selfsupervised,165,25,830.2175681319744
ResNet50-PIRL_selfsupervised,165,26,2009.2330025650458
ResNet50-PIRL_selfsupervised,165,27,830.2175681319744
ResNet50-PIRL_selfsupervised,165,28,2009.2330025650458
ResNet50-PIRL_selfsupervised,165,29,1291.549665014884
ResNet50-PIRL_selfsupervised,165,30,1291.549665014884
ResNet50-PIRL_selfsupervised,165,31,830.2175681319744
ResNet50-PIRL_selfsupervised,165,32,830.2175681319744
ResNet50-PIRL_selfsupervised,165,33,830.2175681319744
ResNet50-PIRL_selfsupervised,165,34,1291.549665014884
ResNet50-PIRL_selfsupervised,165,35,1291.549665014884
ResNet50-PIRL_selfsupervised,165,36,1291.549665014884
ResNet50-PIRL_selfsupervised,165,37,2009.2330025650458
ResNet50-PIRL_selfsupervised,165,38,830.2175681319744
ResNet50-PIRL_selfsupervised,165,39,1291.549665014884
ResNet50-PIRL_selfsupervised,165,40,1291.549665014884
ResNet50-PIRL_selfsupervised,165,41,1291.549665014884
ResNet50-PIRL_selfsupervised,165,42,1291.549665014884
ResNet50-PIRL_selfsupervised,165,43,1291.549665014884
ResNet50-PIRL_selfsupervised,165,44,2009.2330025650458
ResNet50-PIRL_selfsupervised,165,45,830.2175681319744
ResNet50-PIRL_selfsupervised,165,46,2009.2330025650458
ResNet50-PIRL_selfsupervised,165,47,1291.549665014884
ResNet50-PIRL_selfsupervised,165,48,533.6699231206308
ResNet50-PIRL_selfsupervised,165,49,1291.549665014884
ResNet50-PIRL_selfsupervised,165,50,1291.549665014884
ResNet50-PIRL_selfsupervised,165,51,830.2175681319744
ResNet50-PIRL_selfsupervised,165,52,2009.2330025650458
ResNet50-PIRL_selfsupervised,165,53,830.2175681319744
ResNet50-PIRL_selfsupervised,165,54,1291.549665014884
ResNet50-PIRL_selfsupervised,165,55,2009.2330025650458
ResNet50-PIRL_selfsupervised,165,56,830.2175681319744
ResNet50-PIRL_selfsupervised,165,57,830.2175681319744
ResNet50-PIRL_selfsupervised,165,58,830.2175681319744
ResNet50-PIRL_selfsupervised,165,59,2009.2330025650458
ResNet50-PIRL_selfsupervised,165,60,1291.549665014884
ResNet50-PIRL_selfsupervised,165,61,1291.549665014884
ResNet50-PIRL_selfsupervised,165,62,830.2175681319744
ResNet50-PIRL_selfsupervised,165,63,830.2175681319744
ResNet50-PIRL_selfsupervised,165,64,1291.549665014884
ResNet50-PIRL_selfsupervised,165,65,533.6699231206308
ResNet50-PIRL_selfsupervised,165,66,1291.549665014884
ResNet50-PIRL_selfsupervised,165,67,3125.7158496882353
ResNet50-PIRL_selfsupervised,165,68,3125.7158496882353
ResNet50-PIRL_selfsupervised,165,69,1291.549665014884
ResNet50-PIRL_selfsupervised,165,70,1291.549665014884
ResNet50-PIRL_selfsupervised,165,71,830.2175681319744
ResNet50-PIRL_selfsupervised,165,72,2009.2330025650458
ResNet50-PIRL_selfsupervised,165,73,2009.2330025650458
ResNet50-PIRL_selfsupervised,165,74,1291.549665014884
ResNet50-PIRL_selfsupervised,165,75,2009.2330025650458
ResNet50-PIRL_selfsupervised,165,76,830.2175681319744
ResNet50-PIRL_selfsupervised,165,77,830.2175681319744
ResNet50-PIRL_selfsupervised,165,78,2009.2330025650458
ResNet50-PIRL_selfsupervised,165,79,830.2175681319744
ResNet50-PIRL_selfsupervised,165,80,1291.549665014884
ResNet50-PIRL_selfsupervised,165,81,2009.2330025650458
ResNet50-PIRL_selfsupervised,165,82,1291.549665014884
ResNet50-PIRL_selfsupervised,165,83,1291.549665014884
ResNet50-PIRL_selfsupervised,165,84,1291.549665014884
ResNet50-PIRL_selfsupervised,165,85,830.2175681319744
ResNet50-PIRL_selfsupervised,165,86,2009.2330025650458
ResNet50-PIRL_selfsupervised,165,87,2009.2330025650458
ResNet50-PIRL_selfsupervised,165,88,2009.2330025650458
ResNet50-PIRL_selfsupervised,165,89,1291.549665014884
ResNet50-PIRL_selfsupervised,165,90,1291.549665014884
ResNet50-PIRL_selfsupervised,165,91,2009.2330025650458
ResNet50-PIRL_selfsupervised,165,92,830.2175681319744
ResNet50-PIRL_selfsupervised,165,93,2009.2330025650458
ResNet50-PIRL_selfsupervised,165,94,1291.549665014884
ResNet50-PIRL_selfsupervised,165,95,1291.549665014884
ResNet50-PIRL_selfsupervised,165,96,2009.2330025650458
ResNet50-PIRL_selfsupervised,165,97,2009.2330025650458
ResNet50-PIRL_selfsupervised,165,98,3125.7158496882353
ResNet50-PIRL_selfsupervised,165,99,3125.7158496882353
ResNet50-PIRL_selfsupervised,165,100,2009.2330025650458
ResNet50-PIRL_selfsupervised,165,101,2009.2330025650458
ResNet50-PIRL_selfsupervised,165,102,1291.549665014884
ResNet50-PIRL_selfsupervised,165,103,2009.2330025650458
ResNet50-PIRL_selfsupervised,165,104,1291.549665014884
ResNet50-PIRL_selfsupervised,165,105,2009.2330025650458
ResNet50-PIRL_selfsupervised,165,106,1291.549665014884
ResNet50-PIRL_selfsupervised,165,107,2009.2330025650458
ResNet50-PIRL_selfsupervised,165,108,1291.549665014884
ResNet50-PIRL_selfsupervised,165,109,1291.549665014884
ResNet50-PIRL_selfsupervised,165,110,3125.7158496882353
ResNet50-PIRL_selfsupervised,165,111,3125.7158496882353
ResNet50-PIRL_selfsupervised,165,112,1291.549665014884
ResNet50-PIRL_selfsupervised,165,113,2009.2330025650458
ResNet50-PIRL_selfsupervised,165,114,1291.549665014884
ResNet50-PIRL_selfsupervised,165,115,1291.549665014884
ResNet50-PIRL_selfsupervised,165,116,2009.2330025650458
ResNet50-PIRL_selfsupervised,165,117,2009.2330025650458
ResNet50-PIRL_selfsupervised,165,118,2009.2330025650458
ResNet50-PIRL_selfsupervised,165,119,2009.2330025650458
ResNet50-PIRL_selfsupervised,165,120,1291.549665014884
ResNet50-PIRL_selfsupervised,165,121,2009.2330025650458
ResNet50-PIRL_selfsupervised,165,122,2009.2330025650458
ResNet50-PIRL_selfsupervised,165,123,1291.549665014884
ResNet50-PIRL_selfsupervised,165,124,3125.7158496882353
ResNet50-PIRL_selfsupervised,165,125,2009.2330025650458
ResNet50-PIRL_selfsupervised,165,126,1291.549665014884
ResNet50-PIRL_selfsupervised,165,127,2009.2330025650458
ResNet50-PIRL_selfsupervised,165,128,2009.2330025650458
ResNet50-PIRL_selfsupervised,165,129,2009.2330025650458
ResNet50-PIRL_selfsupervised,165,130,1291.549665014884
ResNet50-PIRL_selfsupervised,165,131,1291.549665014884
ResNet50-PIRL_selfsupervised,165,132,3125.7158496882353
ResNet50-PIRL_selfsupervised,165,133,2009.2330025650458
ResNet50-PIRL_selfsupervised,165,134,3125.7158496882353
ResNet50-PIRL_selfsupervised,165,135,3125.7158496882353
ResNet50-PIRL_selfsupervised,165,136,1291.549665014884
ResNet50-PIRL_selfsupervised,165,137,2009.2330025650458
ResNet50-PIRL_selfsupervised,165,138,2009.2330025650458
ResNet50-PIRL_selfsupervised,165,139,1291.549665014884
ResNet50-PIRL_selfsupervised,165,140,1291.549665014884
ResNet50-PIRL_selfsupervised,165,141,2009.2330025650458
ResNet50-PIRL_selfsupervised,165,142,3125.7158496882353
ResNet50-PIRL_selfsupervised,165,143,2009.2330025650458
ResNet50-PIRL_selfsupervised,165,144,2009.2330025650458
ResNet50-PIRL_selfsupervised,165,145,2009.2330025650458
ResNet50-PIRL_selfsupervised,165,146,2009.2330025650458
ResNet50-PIRL_selfsupervised,165,147,3125.7158496882353
ResNet50-PIRL_selfsupervised,165,148,2009.2330025650458
ResNet50-PIRL_selfsupervised,165,149,2009.2330025650458
ResNet50-PIRL_selfsupervised,165,150,2009.2330025650458
ResNet50-ClusterFit-16K-RotNet_selfsupervised,160,1,5722367.659350208
ResNet50-ClusterFit-16K-RotNet_selfsupervised,160,2,1519911.0829529332
ResNet50-ClusterFit-16K-RotNet_selfsupervised,160,3,977009.9572992247
ResNet50-ClusterFit-16K-RotNet_selfsupervised,160,4,1519911.0829529332
ResNet50-ClusterFit-16K-RotNet_selfsupervised,160,5,2364489.412645407
ResNet50-ClusterFit-16K-RotNet_selfsupervised,160,6,3678379.7718286267
ResNet50-ClusterFit-16K-RotNet_selfsupervised,160,7,2364489.412645407
ResNet50-ClusterFit-16K-RotNet_selfsupervised,160,8,8902150.854450375
ResNet50-ClusterFit-16K-RotNet_selfsupervised,160,9,2364489.412645407
ResNet50-ClusterFit-16K-RotNet_selfsupervised,160,10,2364489.412645407
ResNet50-ClusterFit-16K-RotNet_selfsupervised,160,11,3678379.7718286267
ResNet50-ClusterFit-16K-RotNet_selfsupervised,160,12,1519911.0829529332
ResNet50-ClusterFit-16K-RotNet_selfsupervised,160,13,5722367.659350208
ResNet50-ClusterFit-16K-RotNet_selfsupervised,160,14,3678379.7718286267
ResNet50-ClusterFit-16K-RotNet_selfsupervised,160,15,2364489.412645407
ResNet50-ClusterFit-16K-RotNet_selfsupervised,160,16,3678379.7718286267
ResNet50-ClusterFit-16K-RotNet_selfsupervised,160,17,3678379.7718286267
ResNet50-ClusterFit-16K-RotNet_selfsupervised,160,18,5722367.659350208
ResNet50-ClusterFit-16K-RotNet_selfsupervised,160,19,3678379.7718286267
ResNet50-ClusterFit-16K-RotNet_selfsupervised,160,20,5722367.659350208
ResNet50-ClusterFit-16K-RotNet_selfsupervised,160,21,3678379.7718286267
ResNet50-ClusterFit-16K-RotNet_selfsupervised,160,22,5722367.659350208
ResNet50-ClusterFit-16K-RotNet_selfsupervised,160,23,5722367.659350208
ResNet50-ClusterFit-16K-RotNet_selfsupervised,160,24,5722367.659350208
ResNet50-ClusterFit-16K-RotNet_selfsupervised,160,25,3678379.7718286267
ResNet50-ClusterFit-16K-RotNet_selfsupervised,160,26,5722367.659350208
ResNet50-ClusterFit-16K-RotNet_selfsupervised,160,27,5722367.659350208
ResNet50-ClusterFit-16K-RotNet_selfsupervised,160,28,8902150.854450375
ResNet50-ClusterFit-16K-RotNet_selfsupervised,160,29,5722367.659350208
ResNet50-ClusterFit-16K-RotNet_selfsupervised,160,30,5722367.659350208
ResNet50-ClusterFit-16K-RotNet_selfsupervised,160,31,3678379.7718286267
ResNet50-ClusterFit-16K-RotNet_selfsupervised,160,32,3678379.7718286267
ResNet50-ClusterFit-16K-RotNet_selfsupervised,160,33,3678379.7718286267
ResNet50-ClusterFit-16K-RotNet_selfsupervised,160,34,8902150.854450375
ResNet50-ClusterFit-16K-RotNet_selfsupervised,160,35,3678379.7718286267
ResNet50-ClusterFit-16K-RotNet_selfsupervised,160,36,8902150.854450375
ResNet50-ClusterFit-16K-RotNet_selfsupervised,160,37,8902150.854450375
ResNet50-ClusterFit-16K-RotNet_selfsupervised,160,38,3678379.7718286267
ResNet50-ClusterFit-16K-RotNet_selfsupervised,160,39,3678379.7718286267
ResNet50-ClusterFit-16K-RotNet_selfsupervised,160,40,5722367.659350208
ResNet50-ClusterFit-16K-RotNet_selfsupervised,160,41,5722367.659350208
ResNet50-ClusterFit-16K-RotNet_selfsupervised,160,42,3678379.7718286267
ResNet50-ClusterFit-16K-RotNet_selfsupervised,160,43,5722367.659350208
ResNet50-ClusterFit-16K-RotNet_selfsupervised,160,44,8902150.854450375
ResNet50-ClusterFit-16K-RotNet_selfsupervised,160,45,3678379.7718286267
ResNet50-ClusterFit-16K-RotNet_selfsupervised,160,46,8902150.854450375
ResNet50-ClusterFit-16K-RotNet_selfsupervised,160,47,5722367.659350208
ResNet50-ClusterFit-16K-RotNet_selfsupervised,160,48,1519911.0829529332
ResNet50-ClusterFit-16K-RotNet_selfsupervised,160,49,5722367.659350208
ResNet50-ClusterFit-16K-RotNet_selfsupervised,160,50,5722367.659350208
ResNet50-ClusterFit-16K-RotNet_selfsupervised,160,51,3678379.7718286267
ResNet50-ClusterFit-16K-RotNet_selfsupervised,160,52,8902150.854450375
ResNet50-ClusterFit-16K-RotNet_selfsupervised,160,53,3678379.7718286267
ResNet50-ClusterFit-16K-RotNet_selfsupervised,160,54,5722367.659350208
ResNet50-ClusterFit-16K-RotNet_selfsupervised,160,55,5722367.659350208
ResNet50-ClusterFit-16K-RotNet_selfsupervised,160,56,3678379.7718286267
ResNet50-ClusterFit-16K-RotNet_selfsupervised,160,57,3678379.7718286267
ResNet50-ClusterFit-16K-RotNet_selfsupervised,160,58,5722367.659350208
ResNet50-ClusterFit-16K-RotNet_selfsupervised,160,59,8902150.854450375
ResNet50-ClusterFit-16K-RotNet_selfsupervised,160,60,5722367.659350208
ResNet50-ClusterFit-16K-RotNet_selfsupervised,160,61,5722367.659350208
ResNet50-ClusterFit-16K-RotNet_selfsupervised,160,62,5722367.659350208
ResNet50-ClusterFit-16K-RotNet_selfsupervised,160,63,5722367.659350208
ResNet50-ClusterFit-16K-RotNet_selfsupervised,160,64,5722367.659350208
ResNet50-ClusterFit-16K-RotNet_selfsupervised,160,65,2364489.412645407
ResNet50-ClusterFit-16K-RotNet_selfsupervised,160,66,5722367.659350208
ResNet50-ClusterFit-16K-RotNet_selfsupervised,160,67,8902150.854450375
ResNet50-ClusterFit-16K-RotNet_selfsupervised,160,68,8902150.854450375
ResNet50-ClusterFit-16K-RotNet_selfsupervised,160,69,5722367.659350208
ResNet50-ClusterFit-16K-RotNet_selfsupervised,160,70,5722367.659350208
ResNet50-ClusterFit-16K-RotNet_selfsupervised,160,71,5722367.659350208
ResNet50-ClusterFit-16K-RotNet_selfsupervised,160,72,5722367.659350208
ResNet50-ClusterFit-16K-RotNet_selfsupervised,160,73,8902150.854450375
ResNet50-ClusterFit-16K-RotNet_selfsupervised,160,74,5722367.659350208
ResNet50-ClusterFit-16K-RotNet_selfsupervised,160,75,8902150.854450375
ResNet50-ClusterFit-16K-RotNet_selfsupervised,160,76,5722367.659350208
ResNet50-ClusterFit-16K-RotNet_selfsupervised,160,77,3678379.7718286267
ResNet50-ClusterFit-16K-RotNet_selfsupervised,160,78,8902150.854450375
ResNet50-ClusterFit-16K-RotNet_selfsupervised,160,79,5722367.659350208
ResNet50-ClusterFit-16K-RotNet_selfsupervised,160,80,5722367.659350208
ResNet50-ClusterFit-16K-RotNet_selfsupervised,160,81,8902150.854450375
ResNet50-ClusterFit-16K-RotNet_selfsupervised,160,82,5722367.659350208
ResNet50-ClusterFit-16K-RotNet_selfsupervised,160,83,5722367.659350208
ResNet50-ClusterFit-16K-RotNet_selfsupervised,160,84,5722367.659350208
ResNet50-ClusterFit-16K-RotNet_selfsupervised,160,85,5722367.659350208
ResNet50-ClusterFit-16K-RotNet_selfsupervised,160,86,8902150.854450375
ResNet50-ClusterFit-16K-RotNet_selfsupervised,160,87,8902150.854450375
ResNet50-ClusterFit-16K-RotNet_selfsupervised,160,88,5722367.659350208
ResNet50-ClusterFit-16K-RotNet_selfsupervised,160,89,5722367.659350208
ResNet50-ClusterFit-16K-RotNet_selfsupervised,160,90,5722367.659350208
ResNet50-ClusterFit-16K-RotNet_selfsupervised,160,91,8902150.854450375
ResNet50-ClusterFit-16K-RotNet_selfsupervised,160,92,3678379.7718286267
ResNet50-ClusterFit-16K-RotNet_selfsupervised,160,93,13848863.713938717
ResNet50-ClusterFit-16K-RotNet_selfsupervised,160,94,5722367.659350208
ResNet50-ClusterFit-16K-RotNet_selfsupervised,160,95,8902150.854450375
ResNet50-ClusterFit-16K-RotNet_selfsupervised,160,96,8902150.854450375
ResNet50-ClusterFit-16K-RotNet_selfsupervised,160,97,8902150.854450375
ResNet50-ClusterFit-16K-RotNet_selfsupervised,160,98,8902150.854450375
ResNet50-ClusterFit-16K-RotNet_selfsupervised,160,99,13848863.713938717
ResNet50-ClusterFit-16K-RotNet_selfsupervised,160,100,8902150.854450375
ResNet50-ClusterFit-16K-RotNet_selfsupervised,160,101,8902150.854450375
ResNet50-ClusterFit-16K-RotNet_selfsupervised,160,102,5722367.659350208
ResNet50-ClusterFit-16K-RotNet_selfsupervised,160,103,8902150.854450375
ResNet50-ClusterFit-16K-RotNet_selfsupervised,160,104,5722367.659350208
ResNet50-ClusterFit-16K-RotNet_selfsupervised,160,105,8902150.854450375
ResNet50-ClusterFit-16K-RotNet_selfsupervised,160,106,5722367.659350208
ResNet50-ClusterFit-16K-RotNet_selfsupervised,160,107,8902150.854450375
ResNet50-ClusterFit-16K-RotNet_selfsupervised,160,108,5722367.659350208
ResNet50-ClusterFit-16K-RotNet_selfsupervised,160,109,5722367.659350208
ResNet50-ClusterFit-16K-RotNet_selfsupervised,160,110,13848863.713938717
ResNet50-ClusterFit-16K-RotNet_selfsupervised,160,111,13848863.713938717
ResNet50-ClusterFit-16K-RotNet_selfsupervised,160,112,5722367.659350208
ResNet50-ClusterFit-16K-RotNet_selfsupervised,160,113,8902150.854450375
ResNet50-ClusterFit-16K-RotNet_selfsupervised,160,114,5722367.659350208
ResNet50-ClusterFit-16K-RotNet_selfsupervised,160,115,5722367.659350208
ResNet50-ClusterFit-16K-RotNet_selfsupervised,160,116,13848863.713938717
ResNet50-ClusterFit-16K-RotNet_selfsupervised,160,117,5722367.659350208
ResNet50-ClusterFit-16K-RotNet_selfsupervised,160,118,8902150.854450375
ResNet50-ClusterFit-16K-RotNet_selfsupervised,160,119,8902150.854450375
ResNet50-ClusterFit-16K-RotNet_selfsupervised,160,120,5722367.659350208
ResNet50-ClusterFit-16K-RotNet_selfsupervised,160,121,8902150.854450375
ResNet50-ClusterFit-16K-RotNet_selfsupervised,160,122,5722367.659350208
ResNet50-ClusterFit-16K-RotNet_selfsupervised,160,123,5722367.659350208
ResNet50-ClusterFit-16K-RotNet_selfsupervised,160,124,8902150.854450375
ResNet50-ClusterFit-16K-RotNet_selfsupervised,160,125,8902150.854450375
ResNet50-ClusterFit-16K-RotNet_selfsupervised,160,126,5722367.659350208
ResNet50-ClusterFit-16K-RotNet_selfsupervised,160,127,8902150.854450375
ResNet50-ClusterFit-16K-RotNet_selfsupervised,160,128,13848863.713938717
ResNet50-ClusterFit-16K-RotNet_selfsupervised,160,129,8902150.854450375
ResNet50-ClusterFit-16K-RotNet_selfsupervised,160,130,5722367.659350208
ResNet50-ClusterFit-16K-RotNet_selfsupervised,160,131,5722367.659350208
ResNet50-ClusterFit-16K-RotNet_selfsupervised,160,132,13848863.713938717
ResNet50-ClusterFit-16K-RotNet_selfsupervised,160,133,8902150.854450375
ResNet50-ClusterFit-16K-RotNet_selfsupervised,160,134,13848863.713938717
ResNet50-ClusterFit-16K-RotNet_selfsupervised,160,135,13848863.713938717
ResNet50-ClusterFit-16K-RotNet_selfsupervised,160,136,5722367.659350208
ResNet50-ClusterFit-16K-RotNet_selfsupervised,160,137,8902150.854450375
ResNet50-ClusterFit-16K-RotNet_selfsupervised,160,138,13848863.713938717
ResNet50-ClusterFit-16K-RotNet_selfsupervised,160,139,8902150.854450375
ResNet50-ClusterFit-16K-RotNet_selfsupervised,160,140,5722367.659350208
ResNet50-ClusterFit-16K-RotNet_selfsupervised,160,141,8902150.854450375
ResNet50-ClusterFit-16K-RotNet_selfsupervised,160,142,13848863.713938717
ResNet50-ClusterFit-16K-RotNet_selfsupervised,160,143,13848863.713938717
ResNet50-ClusterFit-16K-RotNet_selfsupervised,160,144,8902150.854450375
ResNet50-ClusterFit-16K-RotNet_selfsupervised,160,145,8902150.854450375
ResNet50-ClusterFit-16K-RotNet_selfsupervised,160,146,5722367.659350208
ResNet50-ClusterFit-16K-RotNet_selfsupervised,160,147,13848863.713938717
ResNet50-ClusterFit-16K-RotNet_selfsupervised,160,148,13848863.713938717
ResNet50-ClusterFit-16K-RotNet_selfsupervised,160,149,8902150.854450375
ResNet50-ClusterFit-16K-RotNet_selfsupervised,160,150,5722367.659350208
ResNet50-MoCoV2-BS256_selfsupervised,155,1,91.11627561154891
ResNet50-MoCoV2-BS256_selfsupervised,155,2,24.20128264794382
ResNet50-MoCoV2-BS256_selfsupervised,155,3,24.20128264794382
ResNet50-MoCoV2-BS256_selfsupervised,155,4,24.20128264794382
ResNet50-MoCoV2-BS256_selfsupervised,155,5,24.20128264794382
ResNet50-MoCoV2-BS256_selfsupervised,155,6,37.64935806792467
ResNet50-MoCoV2-BS256_selfsupervised,155,7,37.64935806792467
ResNet50-MoCoV2-BS256_selfsupervised,155,8,141.74741629268047
ResNet50-MoCoV2-BS256_selfsupervised,155,9,58.570208180566674
ResNet50-MoCoV2-BS256_selfsupervised,155,10,37.64935806792467
ResNet50-MoCoV2-BS256_selfsupervised,155,11,37.64935806792467
ResNet50-MoCoV2-BS256_selfsupervised,155,12,24.20128264794382
ResNet50-MoCoV2-BS256_selfsupervised,155,13,91.11627561154891
ResNet50-MoCoV2-BS256_selfsupervised,155,14,58.570208180566674
ResNet50-MoCoV2-BS256_selfsupervised,155,15,37.64935806792467
ResNet50-MoCoV2-BS256_selfsupervised,155,16,91.11627561154891
ResNet50-MoCoV2-BS256_selfsupervised,155,17,58.570208180566674
ResNet50-MoCoV2-BS256_selfsupervised,155,18,141.74741629268047
ResNet50-MoCoV2-BS256_selfsupervised,155,19,37.64935806792467
ResNet50-MoCoV2-BS256_selfsupervised,155,20,91.11627561154891
ResNet50-MoCoV2-BS256_selfsupervised,155,21,58.570208180566674
ResNet50-MoCoV2-BS256_selfsupervised,155,22,91.11627561154891
ResNet50-MoCoV2-BS256_selfsupervised,155,23,58.570208180566674
ResNet50-MoCoV2-BS256_selfsupervised,155,24,91.11627561154891
ResNet50-MoCoV2-BS256_selfsupervised,155,25,37.64935806792467
ResNet50-MoCoV2-BS256_selfsupervised,155,26,141.74741629268047
ResNet50-MoCoV2-BS256_selfsupervised,155,27,91.11627561154891
ResNet50-MoCoV2-BS256_selfsupervised,155,28,141.74741629268047
ResNet50-MoCoV2-BS256_selfsupervised,155,29,91.11627561154891
ResNet50-MoCoV2-BS256_selfsupervised,155,30,91.11627561154891
ResNet50-MoCoV2-BS256_selfsupervised,155,31,58.570208180566674
ResNet50-MoCoV2-BS256_selfsupervised,155,32,58.570208180566674
ResNet50-MoCoV2-BS256_selfsupervised,155,33,91.11627561154891
ResNet50-MoCoV2-BS256_selfsupervised,155,34,91.11627561154891
ResNet50-MoCoV2-BS256_selfsupervised,155,35,91.11627561154891
ResNet50-MoCoV2-BS256_selfsupervised,155,36,91.11627561154891
ResNet50-MoCoV2-BS256_selfsupervised,155,37,141.74741629268047
ResNet50-MoCoV2-BS256_selfsupervised,155,38,91.11627561154891
ResNet50-MoCoV2-BS256_selfsupervised,155,39,91.11627561154891
ResNet50-MoCoV2-BS256_selfsupervised,155,40,91.11627561154891
ResNet50-MoCoV2-BS256_selfsupervised,155,41,91.11627561154891
ResNet50-MoCoV2-BS256_selfsupervised,155,42,91.11627561154891
ResNet50-MoCoV2-BS256_selfsupervised,155,43,91.11627561154891
ResNet50-MoCoV2-BS256_selfsupervised,155,44,141.74741629268047
ResNet50-MoCoV2-BS256_selfsupervised,155,45,58.570208180566674
ResNet50-MoCoV2-BS256_selfsupervised,155,46,220.51307399030455
ResNet50-MoCoV2-BS256_selfsupervised,155,47,91.11627561154891
ResNet50-MoCoV2-BS256_selfsupervised,155,48,24.20128264794382
ResNet50-MoCoV2-BS256_selfsupervised,155,49,58.570208180566674
ResNet50-MoCoV2-BS256_selfsupervised,155,50,91.11627561154891
ResNet50-MoCoV2-BS256_selfsupervised,155,51,58.570208180566674
ResNet50-MoCoV2-BS256_selfsupervised,155,52,141.74741629268047
ResNet50-MoCoV2-BS256_selfsupervised,155,53,58.570208180566674
ResNet50-MoCoV2-BS256_selfsupervised,155,54,91.11627561154891
ResNet50-MoCoV2-BS256_selfsupervised,155,55,141.74741629268047
ResNet50-MoCoV2-BS256_selfsupervised,155,56,58.570208180566674
ResNet50-MoCoV2-BS256_selfsupervised,155,57,58.570208180566674
ResNet50-MoCoV2-BS256_selfsupervised,155,58,58.570208180566674
ResNet50-MoCoV2-BS256_selfsupervised,155,59,220.51307399030455
ResNet50-MoCoV2-BS256_selfsupervised,155,60,91.11627561154891
ResNet50-MoCoV2-BS256_selfsupervised,155,61,91.11627561154891
ResNet50-MoCoV2-BS256_selfsupervised,155,62,91.11627561154891
ResNet50-MoCoV2-BS256_selfsupervised,155,63,58.570208180566674
ResNet50-MoCoV2-BS256_selfsupervised,155,64,91.11627561154891
ResNet50-MoCoV2-BS256_selfsupervised,155,65,37.64935806792467
ResNet50-MoCoV2-BS256_selfsupervised,155,66,91.11627561154891
ResNet50-MoCoV2-BS256_selfsupervised,155,67,141.74741629268047
ResNet50-MoCoV2-BS256_selfsupervised,155,68,220.51307399030455
ResNet50-MoCoV2-BS256_selfsupervised,155,69,91.11627561154891
ResNet50-MoCoV2-BS256_selfsupervised,155,70,141.74741629268047
ResNet50-MoCoV2-BS256_selfsupervised,155,71,58.570208180566674
ResNet50-MoCoV2-BS256_selfsupervised,155,72,141.74741629268047
ResNet50-MoCoV2-BS256_selfsupervised,155,73,141.74741629268047
ResNet50-MoCoV2-BS256_selfsupervised,155,74,91.11627561154891
ResNet50-MoCoV2-BS256_selfsupervised,155,75,141.74741629268047
ResNet50-MoCoV2-BS256_selfsupervised,155,76,58.570208180566674
ResNet50-MoCoV2-BS256_selfsupervised,155,77,91.11627561154891
ResNet50-MoCoV2-BS256_selfsupervised,155,78,141.74741629268047
ResNet50-MoCoV2-BS256_selfsupervised,155,79,91.11627561154891
ResNet50-MoCoV2-BS256_selfsupervised,155,80,91.11627561154891
ResNet50-MoCoV2-BS256_selfsupervised,155,81,141.74741629268047
ResNet50-MoCoV2-BS256_selfsupervised,155,82,141.74741629268047
ResNet50-MoCoV2-BS256_selfsupervised,155,83,91.11627561154891
ResNet50-MoCoV2-BS256_selfsupervised,155,84,141.74741629268047
ResNet50-MoCoV2-BS256_selfsupervised,155,85,91.11627561154891
ResNet50-MoCoV2-BS256_selfsupervised,155,86,141.74741629268047
ResNet50-MoCoV2-BS256_selfsupervised,155,87,141.74741629268047
ResNet50-MoCoV2-BS256_selfsupervised,155,88,91.11627561154891
ResNet50-MoCoV2-BS256_selfsupervised,155,89,91.11627561154891
ResNet50-MoCoV2-BS256_selfsupervised,155,90,141.74741629268047
ResNet50-MoCoV2-BS256_selfsupervised,155,91,91.11627561154891
ResNet50-MoCoV2-BS256_selfsupervised,155,92,91.11627561154891
ResNet50-MoCoV2-BS256_selfsupervised,155,93,141.74741629268047
ResNet50-MoCoV2-BS256_selfsupervised,155,94,141.74741629268047
ResNet50-MoCoV2-BS256_selfsupervised,155,95,91.11627561154891
ResNet50-MoCoV2-BS256_selfsupervised,155,96,141.74741629268047
ResNet50-MoCoV2-BS256_selfsupervised,155,97,141.74741629268047
ResNet50-MoCoV2-BS256_selfsupervised,155,98,141.74741629268047
ResNet50-MoCoV2-BS256_selfsupervised,155,99,220.51307399030455
ResNet50-MoCoV2-BS256_selfsupervised,155,100,141.74741629268047
ResNet50-MoCoV2-BS256_selfsupervised,155,101,91.11627561154891
ResNet50-MoCoV2-BS256_selfsupervised,155,102,91.11627561154891
ResNet50-MoCoV2-BS256_selfsupervised,155,103,141.74741629268047
ResNet50-MoCoV2-BS256_selfsupervised,155,104,91.11627561154891
ResNet50-MoCoV2-BS256_selfsupervised,155,105,141.74741629268047
ResNet50-MoCoV2-BS256_selfsupervised,155,106,91.11627561154891
ResNet50-MoCoV2-BS256_selfsupervised,155,107,141.74741629268047
ResNet50-MoCoV2-BS256_selfsupervised,155,108,91.11627561154891
ResNet50-MoCoV2-BS256_selfsupervised,155,109,91.11627561154891
ResNet50-MoCoV2-BS256_selfsupervised,155,110,343.04692863149194
ResNet50-MoCoV2-BS256_selfsupervised,155,111,343.04692863149194
ResNet50-MoCoV2-BS256_selfsupervised,155,112,141.74741629268047
ResNet50-MoCoV2-BS256_selfsupervised,155,113,141.74741629268047
ResNet50-MoCoV2-BS256_selfsupervised,155,114,91.11627561154891
ResNet50-MoCoV2-BS256_selfsupervised,155,115,141.74741629268047
ResNet50-MoCoV2-BS256_selfsupervised,155,116,220.51307399030455
ResNet50-MoCoV2-BS256_selfsupervised,155,117,141.74741629268047
ResNet50-MoCoV2-BS256_selfsupervised,155,118,91.11627561154891
ResNet50-MoCoV2-BS256_selfsupervised,155,119,141.74741629268047
ResNet50-MoCoV2-BS256_selfsupervised,155,120,58.570208180566674
ResNet50-MoCoV2-BS256_selfsupervised,155,121,220.51307399030455
ResNet50-MoCoV2-BS256_selfsupervised,155,122,141.74741629268047
ResNet50-MoCoV2-BS256_selfsupervised,155,123,91.11627561154891
ResNet50-MoCoV2-BS256_selfsupervised,155,124,220.51307399030455
ResNet50-MoCoV2-BS256_selfsupervised,155,125,141.74741629268047
ResNet50-MoCoV2-BS256_selfsupervised,155,126,91.11627561154891
ResNet50-MoCoV2-BS256_selfsupervised,155,127,141.74741629268047
ResNet50-MoCoV2-BS256_selfsupervised,155,128,141.74741629268047
ResNet50-MoCoV2-BS256_selfsupervised,155,129,91.11627561154891
ResNet50-MoCoV2-BS256_selfsupervised,155,130,91.11627561154891
ResNet50-MoCoV2-BS256_selfsupervised,155,131,91.11627561154891
ResNet50-MoCoV2-BS256_selfsupervised,155,132,141.74741629268047
ResNet50-MoCoV2-BS256_selfsupervised,155,133,141.74741629268047
ResNet50-MoCoV2-BS256_selfsupervised,155,134,220.51307399030455
ResNet50-MoCoV2-BS256_selfsupervised,155,135,141.74741629268047
ResNet50-MoCoV2-BS256_selfsupervised,155,136,141.74741629268047
ResNet50-MoCoV2-BS256_selfsupervised,155,137,141.74741629268047
ResNet50-MoCoV2-BS256_selfsupervised,155,138,220.51307399030455
ResNet50-MoCoV2-BS256_selfsupervised,155,139,91.11627561154891
ResNet50-MoCoV2-BS256_selfsupervised,155,140,91.11627561154891
ResNet50-MoCoV2-BS256_selfsupervised,155,141,141.74741629268047
ResNet50-MoCoV2-BS256_selfsupervised,155,142,220.51307399030455
ResNet50-MoCoV2-BS256_selfsupervised,155,143,141.74741629268047
ResNet50-MoCoV2-BS256_selfsupervised,155,144,141.74741629268047
ResNet50-MoCoV2-BS256_selfsupervised,155,145,141.74741629268047
ResNet50-MoCoV2-BS256_selfsupervised,155,146,141.74741629268047
ResNet50-MoCoV2-BS256_selfsupervised,155,147,220.51307399030455
ResNet50-MoCoV2-BS256_selfsupervised,155,148,220.51307399030455
ResNet50-MoCoV2-BS256_selfsupervised,155,149,141.74741629268047
ResNet50-MoCoV2-BS256_selfsupervised,155,150,141.74741629268047
