model_name,layer_index,pc_index,alpha
nf_resnet50_classification,141,1,52140082.87999684
nf_resnet50_classification,141,2,21544346.900318824
nf_resnet50_classification,141,3,13848863.713938717
nf_resnet50_classification,141,4,21544346.900318824
nf_resnet50_classification,141,5,21544346.900318824
nf_resnet50_classification,141,6,33516026.50938841
nf_resnet50_classification,141,7,33516026.50938841
nf_resnet50_classification,141,8,126185688.30660184
nf_resnet50_classification,141,9,33516026.50938841
nf_resnet50_classification,141,10,21544346.900318824
nf_resnet50_classification,141,11,52140082.87999684
nf_resnet50_classification,141,12,21544346.900318824
nf_resnet50_classification,141,13,81113083.07896855
nf_resnet50_classification,141,14,52140082.87999684
nf_resnet50_classification,141,15,33516026.50938841
nf_resnet50_classification,141,16,52140082.87999684
nf_resnet50_classification,141,17,52140082.87999684
nf_resnet50_classification,141,18,81113083.07896855
nf_resnet50_classification,141,19,52140082.87999684
nf_resnet50_classification,141,20,81113083.07896855
nf_resnet50_classification,141,21,52140082.87999684
nf_resnet50_classification,141,22,81113083.07896855
nf_resnet50_classification,141,23,52140082.87999684
nf_resnet50_classification,141,24,81113083.07896855
nf_resnet50_classification,141,25,52140082.87999684
nf_resnet50_classification,141,26,81113083.07896855
nf_resnet50_classification,141,27,52140082.87999684
nf_resnet50_classification,141,28,126185688.30660184
nf_resnet50_classification,141,29,81113083.07896855
nf_resnet50_classification,141,30,52140082.87999684
nf_resnet50_classification,141,31,52140082.87999684
nf_resnet50_classification,141,32,52140082.87999684
nf_resnet50_classification,141,33,52140082.87999684
nf_resnet50_classification,141,34,126185688.30660184
nf_resnet50_classification,141,35,52140082.87999684
nf_resnet50_classification,141,36,81113083.07896855
nf_resnet50_classification,141,37,81113083.07896855
nf_resnet50_classification,141,38,52140082.87999684
nf_resnet50_classification,141,39,81113083.07896855
nf_resnet50_classification,141,40,81113083.07896855
nf_resnet50_classification,141,41,126185688.30660184
nf_resnet50_classification,141,42,81113083.07896855
nf_resnet50_classification,141,43,81113083.07896855
nf_resnet50_classification,141,44,126185688.30660184
nf_resnet50_classification,141,45,52140082.87999684
nf_resnet50_classification,141,46,126185688.30660184
nf_resnet50_classification,141,47,52140082.87999684
nf_resnet50_classification,141,48,21544346.900318824
nf_resnet50_classification,141,49,52140082.87999684
nf_resnet50_classification,141,50,81113083.07896855
nf_resnet50_classification,141,1,52140082.87999684
nf_resnet50_classification,141,2,21544346.900318824
nf_resnet50_classification,141,3,13848863.713938717
nf_resnet50_classification,141,4,21544346.900318824
nf_resnet50_classification,141,5,21544346.900318824
nf_resnet50_classification,141,6,33516026.50938841
nf_resnet50_classification,141,7,33516026.50938841
nf_resnet50_classification,141,8,126185688.30660184
nf_resnet50_classification,141,9,33516026.50938841
nf_resnet50_classification,141,10,21544346.900318824
nf_resnet50_classification,141,11,52140082.87999684
nf_resnet50_classification,141,12,21544346.900318824
nf_resnet50_classification,141,13,81113083.07896855
nf_resnet50_classification,141,14,52140082.87999684
nf_resnet50_classification,141,15,33516026.50938841
nf_resnet50_classification,141,16,52140082.87999684
nf_resnet50_classification,141,17,52140082.87999684
nf_resnet50_classification,141,18,81113083.07896855
nf_resnet50_classification,141,19,52140082.87999684
nf_resnet50_classification,141,20,81113083.07896855
nf_resnet50_classification,141,21,52140082.87999684
nf_resnet50_classification,141,22,81113083.07896855
nf_resnet50_classification,141,23,52140082.87999684
nf_resnet50_classification,141,24,81113083.07896855
nf_resnet50_classification,141,25,52140082.87999684
nf_resnet50_classification,141,26,81113083.07896855
nf_resnet50_classification,141,27,52140082.87999684
nf_resnet50_classification,141,28,126185688.30660184
nf_resnet50_classification,141,29,81113083.07896855
nf_resnet50_classification,141,30,52140082.87999684
nf_resnet50_classification,141,31,52140082.87999684
nf_resnet50_classification,141,32,52140082.87999684
nf_resnet50_classification,141,33,52140082.87999684
nf_resnet50_classification,141,34,126185688.30660184
nf_resnet50_classification,141,35,52140082.87999684
nf_resnet50_classification,141,36,81113083.07896855
nf_resnet50_classification,141,37,81113083.07896855
nf_resnet50_classification,141,38,52140082.87999684
nf_resnet50_classification,141,39,81113083.07896855
nf_resnet50_classification,141,40,81113083.07896855
nf_resnet50_classification,141,41,126185688.30660184
nf_resnet50_classification,141,42,81113083.07896855
nf_resnet50_classification,141,43,81113083.07896855
nf_resnet50_classification,141,44,126185688.30660184
nf_resnet50_classification,141,45,52140082.87999684
nf_resnet50_classification,141,46,126185688.30660184
nf_resnet50_classification,141,47,52140082.87999684
nf_resnet50_classification,141,48,21544346.900318824
nf_resnet50_classification,141,49,52140082.87999684
nf_resnet50_classification,141,50,81113083.07896855
hardcorenas_f_classification,294,1,7564.633275546283
hardcorenas_f_classification,294,2,2009.2330025650458
hardcorenas_f_classification,294,3,2009.2330025650458
hardcorenas_f_classification,294,4,1291.549665014884
hardcorenas_f_classification,294,5,3125.7158496882353
hardcorenas_f_classification,294,6,4862.601580065353
hardcorenas_f_classification,294,7,3125.7158496882353
hardcorenas_f_classification,294,8,11768.119524349991
hardcorenas_f_classification,294,9,3125.7158496882353
hardcorenas_f_classification,294,10,3125.7158496882353
hardcorenas_f_classification,294,11,4862.601580065353
hardcorenas_f_classification,294,12,2009.2330025650458
hardcorenas_f_classification,294,13,11768.119524349991
hardcorenas_f_classification,294,14,7564.633275546283
hardcorenas_f_classification,294,15,3125.7158496882353
hardcorenas_f_classification,294,16,7564.633275546283
hardcorenas_f_classification,294,17,7564.633275546283
hardcorenas_f_classification,294,18,11768.119524349991
hardcorenas_f_classification,294,19,4862.601580065353
hardcorenas_f_classification,294,20,7564.633275546283
hardcorenas_f_classification,294,21,4862.601580065353
hardcorenas_f_classification,294,22,7564.633275546283
hardcorenas_f_classification,294,23,4862.601580065353
hardcorenas_f_classification,294,24,11768.119524349991
hardcorenas_f_classification,294,25,4862.601580065353
hardcorenas_f_classification,294,26,11768.119524349991
hardcorenas_f_classification,294,27,7564.633275546283
hardcorenas_f_classification,294,28,11768.119524349991
hardcorenas_f_classification,294,29,7564.633275546283
hardcorenas_f_classification,294,30,7564.633275546283
hardcorenas_f_classification,294,31,4862.601580065353
hardcorenas_f_classification,294,32,4862.601580065353
hardcorenas_f_classification,294,33,7564.633275546283
hardcorenas_f_classification,294,34,11768.119524349991
hardcorenas_f_classification,294,35,7564.633275546283
hardcorenas_f_classification,294,36,7564.633275546283
hardcorenas_f_classification,294,37,11768.119524349991
hardcorenas_f_classification,294,38,4862.601580065353
hardcorenas_f_classification,294,39,11768.119524349991
hardcorenas_f_classification,294,40,7564.633275546283
hardcorenas_f_classification,294,41,11768.119524349991
hardcorenas_f_classification,294,42,7564.633275546283
hardcorenas_f_classification,294,43,7564.633275546283
hardcorenas_f_classification,294,44,11768.119524349991
hardcorenas_f_classification,294,45,4862.601580065353
hardcorenas_f_classification,294,46,18307.382802953696
hardcorenas_f_classification,294,47,7564.633275546283
hardcorenas_f_classification,294,48,3125.7158496882353
hardcorenas_f_classification,294,49,7564.633275546283
hardcorenas_f_classification,294,50,7564.633275546283
hardcorenas_f_classification,294,1,7564.633275546283
hardcorenas_f_classification,294,2,2009.2330025650458
hardcorenas_f_classification,294,3,2009.2330025650458
hardcorenas_f_classification,294,4,1291.549665014884
hardcorenas_f_classification,294,5,3125.7158496882353
hardcorenas_f_classification,294,6,4862.601580065353
hardcorenas_f_classification,294,7,3125.7158496882353
hardcorenas_f_classification,294,8,11768.119524349991
hardcorenas_f_classification,294,9,3125.7158496882353
hardcorenas_f_classification,294,10,3125.7158496882353
hardcorenas_f_classification,294,11,4862.601580065353
hardcorenas_f_classification,294,12,2009.2330025650458
hardcorenas_f_classification,294,13,11768.119524349991
hardcorenas_f_classification,294,14,7564.633275546283
hardcorenas_f_classification,294,15,3125.7158496882353
hardcorenas_f_classification,294,16,7564.633275546283
hardcorenas_f_classification,294,17,7564.633275546283
hardcorenas_f_classification,294,18,11768.119524349991
hardcorenas_f_classification,294,19,4862.601580065353
hardcorenas_f_classification,294,20,7564.633275546283
hardcorenas_f_classification,294,21,4862.601580065353
hardcorenas_f_classification,294,22,7564.633275546283
hardcorenas_f_classification,294,23,4862.601580065353
hardcorenas_f_classification,294,24,11768.119524349991
hardcorenas_f_classification,294,25,4862.601580065353
hardcorenas_f_classification,294,26,11768.119524349991
hardcorenas_f_classification,294,27,7564.633275546283
hardcorenas_f_classification,294,28,11768.119524349991
hardcorenas_f_classification,294,29,7564.633275546283
hardcorenas_f_classification,294,30,7564.633275546283
hardcorenas_f_classification,294,31,4862.601580065353
hardcorenas_f_classification,294,32,4862.601580065353
hardcorenas_f_classification,294,33,7564.633275546283
hardcorenas_f_classification,294,34,11768.119524349991
hardcorenas_f_classification,294,35,7564.633275546283
hardcorenas_f_classification,294,36,7564.633275546283
hardcorenas_f_classification,294,37,11768.119524349991
hardcorenas_f_classification,294,38,4862.601580065353
hardcorenas_f_classification,294,39,11768.119524349991
hardcorenas_f_classification,294,40,7564.633275546283
hardcorenas_f_classification,294,41,11768.119524349991
hardcorenas_f_classification,294,42,7564.633275546283
hardcorenas_f_classification,294,43,7564.633275546283
hardcorenas_f_classification,294,44,11768.119524349991
hardcorenas_f_classification,294,45,4862.601580065353
hardcorenas_f_classification,294,46,18307.382802953696
hardcorenas_f_classification,294,47,7564.633275546283
hardcorenas_f_classification,294,48,3125.7158496882353
hardcorenas_f_classification,294,49,7564.633275546283
hardcorenas_f_classification,294,50,7564.633275546283
eca_nfnet_l0_classification,134,1,259502.4211399732
eca_nfnet_l0_classification,134,2,68926.12104349695
eca_nfnet_l0_classification,134,3,68926.12104349695
eca_nfnet_l0_classification,134,4,68926.12104349695
eca_nfnet_l0_classification,134,5,107226.72220103232
eca_nfnet_l0_classification,134,6,107226.72220103232
eca_nfnet_l0_classification,134,7,166810.0537200059
eca_nfnet_l0_classification,134,8,403701.72585965495
eca_nfnet_l0_classification,134,9,166810.0537200059
eca_nfnet_l0_classification,134,10,107226.72220103232
eca_nfnet_l0_classification,134,11,107226.72220103232
eca_nfnet_l0_classification,134,12,68926.12104349695
eca_nfnet_l0_classification,134,13,259502.4211399732
eca_nfnet_l0_classification,134,14,166810.0537200059
eca_nfnet_l0_classification,134,15,107226.72220103232
eca_nfnet_l0_classification,134,16,166810.0537200059
eca_nfnet_l0_classification,134,17,166810.0537200059
eca_nfnet_l0_classification,134,18,259502.4211399732
eca_nfnet_l0_classification,134,19,166810.0537200059
eca_nfnet_l0_classification,134,20,259502.4211399732
eca_nfnet_l0_classification,134,21,166810.0537200059
eca_nfnet_l0_classification,134,22,166810.0537200059
eca_nfnet_l0_classification,134,23,166810.0537200059
eca_nfnet_l0_classification,134,24,259502.4211399732
eca_nfnet_l0_classification,134,25,166810.0537200059
eca_nfnet_l0_classification,134,26,403701.72585965495
eca_nfnet_l0_classification,134,27,166810.0537200059
eca_nfnet_l0_classification,134,28,403701.72585965495
eca_nfnet_l0_classification,134,29,259502.4211399732
eca_nfnet_l0_classification,134,30,166810.0537200059
eca_nfnet_l0_classification,134,31,166810.0537200059
eca_nfnet_l0_classification,134,32,166810.0537200059
eca_nfnet_l0_classification,134,33,166810.0537200059
eca_nfnet_l0_classification,134,34,403701.72585965495
eca_nfnet_l0_classification,134,35,259502.4211399732
eca_nfnet_l0_classification,134,36,259502.4211399732
eca_nfnet_l0_classification,134,37,259502.4211399732
eca_nfnet_l0_classification,134,38,166810.0537200059
eca_nfnet_l0_classification,134,39,259502.4211399732
eca_nfnet_l0_classification,134,40,166810.0537200059
eca_nfnet_l0_classification,134,41,259502.4211399732
eca_nfnet_l0_classification,134,42,259502.4211399732
eca_nfnet_l0_classification,134,43,259502.4211399732
eca_nfnet_l0_classification,134,44,403701.72585965495
eca_nfnet_l0_classification,134,45,166810.0537200059
eca_nfnet_l0_classification,134,46,403701.72585965495
eca_nfnet_l0_classification,134,47,259502.4211399732
eca_nfnet_l0_classification,134,48,107226.72220103232
eca_nfnet_l0_classification,134,49,166810.0537200059
eca_nfnet_l0_classification,134,50,259502.4211399732
eca_nfnet_l0_classification,134,1,259502.4211399732
eca_nfnet_l0_classification,134,2,68926.12104349695
eca_nfnet_l0_classification,134,3,68926.12104349695
eca_nfnet_l0_classification,134,4,68926.12104349695
eca_nfnet_l0_classification,134,5,107226.72220103232
eca_nfnet_l0_classification,134,6,107226.72220103232
eca_nfnet_l0_classification,134,7,166810.0537200059
eca_nfnet_l0_classification,134,8,403701.72585965495
eca_nfnet_l0_classification,134,9,166810.0537200059
eca_nfnet_l0_classification,134,10,107226.72220103232
eca_nfnet_l0_classification,134,11,107226.72220103232
eca_nfnet_l0_classification,134,12,68926.12104349695
eca_nfnet_l0_classification,134,13,259502.4211399732
eca_nfnet_l0_classification,134,14,166810.0537200059
eca_nfnet_l0_classification,134,15,107226.72220103232
eca_nfnet_l0_classification,134,16,166810.0537200059
eca_nfnet_l0_classification,134,17,166810.0537200059
eca_nfnet_l0_classification,134,18,259502.4211399732
eca_nfnet_l0_classification,134,19,166810.0537200059
eca_nfnet_l0_classification,134,20,259502.4211399732
eca_nfnet_l0_classification,134,21,166810.0537200059
eca_nfnet_l0_classification,134,22,166810.0537200059
eca_nfnet_l0_classification,134,23,166810.0537200059
eca_nfnet_l0_classification,134,24,259502.4211399732
eca_nfnet_l0_classification,134,25,166810.0537200059
eca_nfnet_l0_classification,134,26,403701.72585965495
eca_nfnet_l0_classification,134,27,166810.0537200059
eca_nfnet_l0_classification,134,28,403701.72585965495
eca_nfnet_l0_classification,134,29,259502.4211399732
eca_nfnet_l0_classification,134,30,166810.0537200059
eca_nfnet_l0_classification,134,31,166810.0537200059
eca_nfnet_l0_classification,134,32,166810.0537200059
eca_nfnet_l0_classification,134,33,166810.0537200059
eca_nfnet_l0_classification,134,34,403701.72585965495
eca_nfnet_l0_classification,134,35,259502.4211399732
eca_nfnet_l0_classification,134,36,259502.4211399732
eca_nfnet_l0_classification,134,37,259502.4211399732
eca_nfnet_l0_classification,134,38,166810.0537200059
eca_nfnet_l0_classification,134,39,259502.4211399732
eca_nfnet_l0_classification,134,40,166810.0537200059
eca_nfnet_l0_classification,134,41,259502.4211399732
eca_nfnet_l0_classification,134,42,259502.4211399732
eca_nfnet_l0_classification,134,43,259502.4211399732
eca_nfnet_l0_classification,134,44,403701.72585965495
eca_nfnet_l0_classification,134,45,166810.0537200059
eca_nfnet_l0_classification,134,46,403701.72585965495
eca_nfnet_l0_classification,134,47,259502.4211399732
eca_nfnet_l0_classification,134,48,107226.72220103232
eca_nfnet_l0_classification,134,49,166810.0537200059
eca_nfnet_l0_classification,134,50,259502.4211399732
resnet50_classification,156,1,11768.119524349991
resnet50_classification,156,2,4862.601580065353
resnet50_classification,156,3,3125.7158496882353
resnet50_classification,156,4,3125.7158496882353
resnet50_classification,156,5,4862.601580065353
resnet50_classification,156,6,7564.633275546283
resnet50_classification,156,7,4862.601580065353
resnet50_classification,156,8,18307.382802953696
resnet50_classification,156,9,4862.601580065353
resnet50_classification,156,10,4862.601580065353
resnet50_classification,156,11,7564.633275546283
resnet50_classification,156,12,3125.7158496882353
resnet50_classification,156,13,18307.382802953696
resnet50_classification,156,14,7564.633275546283
resnet50_classification,156,15,7564.633275546283
resnet50_classification,156,16,7564.633275546283
resnet50_classification,156,17,11768.119524349991
resnet50_classification,156,18,18307.382802953696
resnet50_classification,156,19,7564.633275546283
resnet50_classification,156,20,11768.119524349991
resnet50_classification,156,21,7564.633275546283
resnet50_classification,156,22,11768.119524349991
resnet50_classification,156,23,7564.633275546283
resnet50_classification,156,24,11768.119524349991
resnet50_classification,156,25,7564.633275546283
resnet50_classification,156,26,18307.382802953696
resnet50_classification,156,27,11768.119524349991
resnet50_classification,156,28,18307.382802953696
resnet50_classification,156,29,11768.119524349991
resnet50_classification,156,30,7564.633275546283
resnet50_classification,156,31,7564.633275546283
resnet50_classification,156,32,7564.633275546283
resnet50_classification,156,33,11768.119524349991
resnet50_classification,156,34,11768.119524349991
resnet50_classification,156,35,11768.119524349991
resnet50_classification,156,36,18307.382802953696
resnet50_classification,156,37,18307.382802953696
resnet50_classification,156,38,7564.633275546283
resnet50_classification,156,39,11768.119524349991
resnet50_classification,156,40,7564.633275546283
resnet50_classification,156,41,18307.382802953696
resnet50_classification,156,42,7564.633275546283
resnet50_classification,156,43,11768.119524349991
resnet50_classification,156,44,18307.382802953696
resnet50_classification,156,45,7564.633275546283
resnet50_classification,156,46,18307.382802953696
resnet50_classification,156,47,11768.119524349991
resnet50_classification,156,48,4862.601580065353
resnet50_classification,156,49,11768.119524349991
resnet50_classification,156,50,11768.119524349991
resnet50_classification,156,1,11768.119524349991
resnet50_classification,156,2,4862.601580065353
resnet50_classification,156,3,3125.7158496882353
resnet50_classification,156,4,3125.7158496882353
resnet50_classification,156,5,4862.601580065353
resnet50_classification,156,6,7564.633275546283
resnet50_classification,156,7,4862.601580065353
resnet50_classification,156,8,18307.382802953696
resnet50_classification,156,9,4862.601580065353
resnet50_classification,156,10,4862.601580065353
resnet50_classification,156,11,7564.633275546283
resnet50_classification,156,12,3125.7158496882353
resnet50_classification,156,13,18307.382802953696
resnet50_classification,156,14,7564.633275546283
resnet50_classification,156,15,7564.633275546283
resnet50_classification,156,16,7564.633275546283
resnet50_classification,156,17,11768.119524349991
resnet50_classification,156,18,18307.382802953696
resnet50_classification,156,19,7564.633275546283
resnet50_classification,156,20,11768.119524349991
resnet50_classification,156,21,7564.633275546283
resnet50_classification,156,22,11768.119524349991
resnet50_classification,156,23,7564.633275546283
resnet50_classification,156,24,11768.119524349991
resnet50_classification,156,25,7564.633275546283
resnet50_classification,156,26,18307.382802953696
resnet50_classification,156,27,11768.119524349991
resnet50_classification,156,28,18307.382802953696
resnet50_classification,156,29,11768.119524349991
resnet50_classification,156,30,7564.633275546283
resnet50_classification,156,31,7564.633275546283
resnet50_classification,156,32,7564.633275546283
resnet50_classification,156,33,11768.119524349991
resnet50_classification,156,34,11768.119524349991
resnet50_classification,156,35,11768.119524349991
resnet50_classification,156,36,18307.382802953696
resnet50_classification,156,37,18307.382802953696
resnet50_classification,156,38,7564.633275546283
resnet50_classification,156,39,11768.119524349991
resnet50_classification,156,40,7564.633275546283
resnet50_classification,156,41,18307.382802953696
resnet50_classification,156,42,7564.633275546283
resnet50_classification,156,43,11768.119524349991
resnet50_classification,156,44,18307.382802953696
resnet50_classification,156,45,7564.633275546283
resnet50_classification,156,46,18307.382802953696
resnet50_classification,156,47,11768.119524349991
resnet50_classification,156,48,4862.601580065353
resnet50_classification,156,49,11768.119524349991
resnet50_classification,156,50,11768.119524349991
semnasnet_100_classification,270,1,44306.21457583878
semnasnet_100_classification,270,2,11768.119524349991
semnasnet_100_classification,270,3,7564.633275546283
semnasnet_100_classification,270,4,11768.119524349991
semnasnet_100_classification,270,5,18307.382802953696
semnasnet_100_classification,270,6,28480.35868435799
semnasnet_100_classification,270,7,18307.382802953696
semnasnet_100_classification,270,8,68926.12104349695
semnasnet_100_classification,270,9,18307.382802953696
semnasnet_100_classification,270,10,18307.382802953696
semnasnet_100_classification,270,11,28480.35868435799
semnasnet_100_classification,270,12,11768.119524349991
semnasnet_100_classification,270,13,44306.21457583878
semnasnet_100_classification,270,14,28480.35868435799
semnasnet_100_classification,270,15,28480.35868435799
semnasnet_100_classification,270,16,44306.21457583878
semnasnet_100_classification,270,17,28480.35868435799
semnasnet_100_classification,270,18,68926.12104349695
semnasnet_100_classification,270,19,28480.35868435799
semnasnet_100_classification,270,20,44306.21457583878
semnasnet_100_classification,270,21,28480.35868435799
semnasnet_100_classification,270,22,44306.21457583878
semnasnet_100_classification,270,23,28480.35868435799
semnasnet_100_classification,270,24,68926.12104349695
semnasnet_100_classification,270,25,28480.35868435799
semnasnet_100_classification,270,26,68926.12104349695
semnasnet_100_classification,270,27,44306.21457583878
semnasnet_100_classification,270,28,68926.12104349695
semnasnet_100_classification,270,29,44306.21457583878
semnasnet_100_classification,270,30,44306.21457583878
semnasnet_100_classification,270,31,28480.35868435799
semnasnet_100_classification,270,32,28480.35868435799
semnasnet_100_classification,270,33,44306.21457583878
semnasnet_100_classification,270,34,44306.21457583878
semnasnet_100_classification,270,35,28480.35868435799
semnasnet_100_classification,270,36,68926.12104349695
semnasnet_100_classification,270,37,68926.12104349695
semnasnet_100_classification,270,38,44306.21457583878
semnasnet_100_classification,270,39,44306.21457583878
semnasnet_100_classification,270,40,28480.35868435799
semnasnet_100_classification,270,41,44306.21457583878
semnasnet_100_classification,270,42,44306.21457583878
semnasnet_100_classification,270,43,44306.21457583878
semnasnet_100_classification,270,44,68926.12104349695
semnasnet_100_classification,270,45,28480.35868435799
semnasnet_100_classification,270,46,68926.12104349695
semnasnet_100_classification,270,47,44306.21457583878
semnasnet_100_classification,270,48,18307.382802953696
semnasnet_100_classification,270,49,28480.35868435799
semnasnet_100_classification,270,50,44306.21457583878
semnasnet_100_classification,270,1,44306.21457583878
semnasnet_100_classification,270,2,11768.119524349991
semnasnet_100_classification,270,3,7564.633275546283
semnasnet_100_classification,270,4,11768.119524349991
semnasnet_100_classification,270,5,18307.382802953696
semnasnet_100_classification,270,6,28480.35868435799
semnasnet_100_classification,270,7,18307.382802953696
semnasnet_100_classification,270,8,68926.12104349695
semnasnet_100_classification,270,9,18307.382802953696
semnasnet_100_classification,270,10,18307.382802953696
semnasnet_100_classification,270,11,28480.35868435799
semnasnet_100_classification,270,12,11768.119524349991
semnasnet_100_classification,270,13,44306.21457583878
semnasnet_100_classification,270,14,28480.35868435799
semnasnet_100_classification,270,15,28480.35868435799
semnasnet_100_classification,270,16,44306.21457583878
semnasnet_100_classification,270,17,28480.35868435799
semnasnet_100_classification,270,18,68926.12104349695
semnasnet_100_classification,270,19,28480.35868435799
semnasnet_100_classification,270,20,44306.21457583878
semnasnet_100_classification,270,21,28480.35868435799
semnasnet_100_classification,270,22,44306.21457583878
semnasnet_100_classification,270,23,28480.35868435799
semnasnet_100_classification,270,24,68926.12104349695
semnasnet_100_classification,270,25,28480.35868435799
semnasnet_100_classification,270,26,68926.12104349695
semnasnet_100_classification,270,27,44306.21457583878
semnasnet_100_classification,270,28,68926.12104349695
semnasnet_100_classification,270,29,44306.21457583878
semnasnet_100_classification,270,30,44306.21457583878
semnasnet_100_classification,270,31,28480.35868435799
semnasnet_100_classification,270,32,28480.35868435799
semnasnet_100_classification,270,33,44306.21457583878
semnasnet_100_classification,270,34,44306.21457583878
semnasnet_100_classification,270,35,28480.35868435799
semnasnet_100_classification,270,36,68926.12104349695
semnasnet_100_classification,270,37,68926.12104349695
semnasnet_100_classification,270,38,44306.21457583878
semnasnet_100_classification,270,39,44306.21457583878
semnasnet_100_classification,270,40,28480.35868435799
semnasnet_100_classification,270,41,44306.21457583878
semnasnet_100_classification,270,42,44306.21457583878
semnasnet_100_classification,270,43,44306.21457583878
semnasnet_100_classification,270,44,68926.12104349695
semnasnet_100_classification,270,45,28480.35868435799
semnasnet_100_classification,270,46,68926.12104349695
semnasnet_100_classification,270,47,44306.21457583878
semnasnet_100_classification,270,48,18307.382802953696
semnasnet_100_classification,270,49,28480.35868435799
semnasnet_100_classification,270,50,44306.21457583878
cspresnet50_classification,320,1,977009.9572992247
cspresnet50_classification,320,2,403701.72585965495
cspresnet50_classification,320,3,259502.4211399732
cspresnet50_classification,320,4,259502.4211399732
cspresnet50_classification,320,5,403701.72585965495
cspresnet50_classification,320,6,628029.1441834247
cspresnet50_classification,320,7,403701.72585965495
cspresnet50_classification,320,8,1519911.0829529332
cspresnet50_classification,320,9,403701.72585965495
cspresnet50_classification,320,10,403701.72585965495
cspresnet50_classification,320,11,628029.1441834247
cspresnet50_classification,320,12,259502.4211399732
cspresnet50_classification,320,13,977009.9572992247
cspresnet50_classification,320,14,628029.1441834247
cspresnet50_classification,320,15,628029.1441834247
cspresnet50_classification,320,16,977009.9572992247
cspresnet50_classification,320,17,628029.1441834247
cspresnet50_classification,320,18,1519911.0829529332
cspresnet50_classification,320,19,628029.1441834247
cspresnet50_classification,320,20,977009.9572992247
cspresnet50_classification,320,21,628029.1441834247
cspresnet50_classification,320,22,977009.9572992247
cspresnet50_classification,320,23,977009.9572992247
cspresnet50_classification,320,24,1519911.0829529332
cspresnet50_classification,320,25,628029.1441834247
cspresnet50_classification,320,26,977009.9572992247
cspresnet50_classification,320,27,628029.1441834247
cspresnet50_classification,320,28,1519911.0829529332
cspresnet50_classification,320,29,977009.9572992247
cspresnet50_classification,320,30,977009.9572992247
cspresnet50_classification,320,31,628029.1441834247
cspresnet50_classification,320,32,628029.1441834247
cspresnet50_classification,320,33,977009.9572992247
cspresnet50_classification,320,34,977009.9572992247
cspresnet50_classification,320,35,977009.9572992247
cspresnet50_classification,320,36,977009.9572992247
cspresnet50_classification,320,37,1519911.0829529332
cspresnet50_classification,320,38,628029.1441834247
cspresnet50_classification,320,39,977009.9572992247
cspresnet50_classification,320,40,628029.1441834247
cspresnet50_classification,320,41,1519911.0829529332
cspresnet50_classification,320,42,628029.1441834247
cspresnet50_classification,320,43,977009.9572992247
cspresnet50_classification,320,44,1519911.0829529332
cspresnet50_classification,320,45,628029.1441834247
cspresnet50_classification,320,46,1519911.0829529332
cspresnet50_classification,320,47,628029.1441834247
cspresnet50_classification,320,48,403701.72585965495
cspresnet50_classification,320,49,628029.1441834247
cspresnet50_classification,320,50,977009.9572992247
mobilenetv3_large_100_classification,252,1,403701.72585965495
mobilenetv3_large_100_classification,252,2,166810.0537200059
mobilenetv3_large_100_classification,252,3,166810.0537200059
mobilenetv3_large_100_classification,252,4,166810.0537200059
mobilenetv3_large_100_classification,252,5,166810.0537200059
mobilenetv3_large_100_classification,252,6,403701.72585965495
mobilenetv3_large_100_classification,252,7,403701.72585965495
mobilenetv3_large_100_classification,252,8,628029.1441834247
mobilenetv3_large_100_classification,252,9,259502.4211399732
mobilenetv3_large_100_classification,252,10,259502.4211399732
mobilenetv3_large_100_classification,252,11,403701.72585965495
mobilenetv3_large_100_classification,252,12,166810.0537200059
mobilenetv3_large_100_classification,252,13,628029.1441834247
mobilenetv3_large_100_classification,252,14,403701.72585965495
mobilenetv3_large_100_classification,252,15,259502.4211399732
mobilenetv3_large_100_classification,252,16,403701.72585965495
mobilenetv3_large_100_classification,252,17,403701.72585965495
mobilenetv3_large_100_classification,252,18,977009.9572992247
mobilenetv3_large_100_classification,252,19,403701.72585965495
mobilenetv3_large_100_classification,252,20,628029.1441834247
mobilenetv3_large_100_classification,252,21,403701.72585965495
mobilenetv3_large_100_classification,252,22,403701.72585965495
mobilenetv3_large_100_classification,252,23,403701.72585965495
mobilenetv3_large_100_classification,252,24,628029.1441834247
mobilenetv3_large_100_classification,252,25,403701.72585965495
mobilenetv3_large_100_classification,252,26,628029.1441834247
mobilenetv3_large_100_classification,252,27,403701.72585965495
mobilenetv3_large_100_classification,252,28,977009.9572992247
mobilenetv3_large_100_classification,252,29,628029.1441834247
mobilenetv3_large_100_classification,252,30,403701.72585965495
mobilenetv3_large_100_classification,252,31,403701.72585965495
mobilenetv3_large_100_classification,252,32,403701.72585965495
mobilenetv3_large_100_classification,252,33,403701.72585965495
mobilenetv3_large_100_classification,252,34,628029.1441834247
mobilenetv3_large_100_classification,252,35,403701.72585965495
mobilenetv3_large_100_classification,252,36,628029.1441834247
mobilenetv3_large_100_classification,252,37,977009.9572992247
mobilenetv3_large_100_classification,252,38,403701.72585965495
mobilenetv3_large_100_classification,252,39,628029.1441834247
mobilenetv3_large_100_classification,252,40,403701.72585965495
mobilenetv3_large_100_classification,252,41,628029.1441834247
mobilenetv3_large_100_classification,252,42,628029.1441834247
mobilenetv3_large_100_classification,252,43,628029.1441834247
mobilenetv3_large_100_classification,252,44,628029.1441834247
mobilenetv3_large_100_classification,252,45,403701.72585965495
mobilenetv3_large_100_classification,252,46,977009.9572992247
mobilenetv3_large_100_classification,252,47,403701.72585965495
mobilenetv3_large_100_classification,252,48,259502.4211399732
mobilenetv3_large_100_classification,252,49,403701.72585965495
mobilenetv3_large_100_classification,252,50,628029.1441834247
cspresnet50_classification,320,1,977009.9572992247
cspresnet50_classification,320,2,403701.72585965495
cspresnet50_classification,320,3,259502.4211399732
cspresnet50_classification,320,4,259502.4211399732
cspresnet50_classification,320,5,403701.72585965495
cspresnet50_classification,320,6,628029.1441834247
cspresnet50_classification,320,7,403701.72585965495
cspresnet50_classification,320,8,1519911.0829529332
cspresnet50_classification,320,9,403701.72585965495
cspresnet50_classification,320,10,403701.72585965495
cspresnet50_classification,320,11,628029.1441834247
cspresnet50_classification,320,12,259502.4211399732
cspresnet50_classification,320,13,977009.9572992247
cspresnet50_classification,320,14,628029.1441834247
cspresnet50_classification,320,15,628029.1441834247
cspresnet50_classification,320,16,977009.9572992247
cspresnet50_classification,320,17,628029.1441834247
cspresnet50_classification,320,18,1519911.0829529332
cspresnet50_classification,320,19,628029.1441834247
cspresnet50_classification,320,20,977009.9572992247
cspresnet50_classification,320,21,628029.1441834247
cspresnet50_classification,320,22,977009.9572992247
cspresnet50_classification,320,23,977009.9572992247
cspresnet50_classification,320,24,1519911.0829529332
cspresnet50_classification,320,25,628029.1441834247
cspresnet50_classification,320,26,977009.9572992247
cspresnet50_classification,320,27,628029.1441834247
cspresnet50_classification,320,28,1519911.0829529332
cspresnet50_classification,320,29,977009.9572992247
cspresnet50_classification,320,30,977009.9572992247
cspresnet50_classification,320,31,628029.1441834247
cspresnet50_classification,320,32,628029.1441834247
cspresnet50_classification,320,33,977009.9572992247
cspresnet50_classification,320,34,977009.9572992247
cspresnet50_classification,320,35,977009.9572992247
cspresnet50_classification,320,36,977009.9572992247
cspresnet50_classification,320,37,1519911.0829529332
cspresnet50_classification,320,38,628029.1441834247
cspresnet50_classification,320,39,977009.9572992247
cspresnet50_classification,320,40,628029.1441834247
cspresnet50_classification,320,41,1519911.0829529332
cspresnet50_classification,320,42,628029.1441834247
cspresnet50_classification,320,43,977009.9572992247
cspresnet50_classification,320,44,1519911.0829529332
cspresnet50_classification,320,45,628029.1441834247
cspresnet50_classification,320,46,1519911.0829529332
cspresnet50_classification,320,47,628029.1441834247
cspresnet50_classification,320,48,403701.72585965495
cspresnet50_classification,320,49,628029.1441834247
cspresnet50_classification,320,50,977009.9572992247
ghostnet_100_classification,290,1,628029.1441834247
ghostnet_100_classification,290,2,259502.4211399732
ghostnet_100_classification,290,3,259502.4211399732
ghostnet_100_classification,290,4,259502.4211399732
ghostnet_100_classification,290,5,403701.72585965495
ghostnet_100_classification,290,6,628029.1441834247
ghostnet_100_classification,290,7,628029.1441834247
ghostnet_100_classification,290,8,977009.9572992247
ghostnet_100_classification,290,9,628029.1441834247
ghostnet_100_classification,290,10,628029.1441834247
ghostnet_100_classification,290,11,628029.1441834247
ghostnet_100_classification,290,12,403701.72585965495
ghostnet_100_classification,290,13,977009.9572992247
ghostnet_100_classification,290,14,628029.1441834247
ghostnet_100_classification,290,15,628029.1441834247
ghostnet_100_classification,290,16,628029.1441834247
ghostnet_100_classification,290,17,628029.1441834247
ghostnet_100_classification,290,18,1519911.0829529332
ghostnet_100_classification,290,19,628029.1441834247
ghostnet_100_classification,290,20,977009.9572992247
ghostnet_100_classification,290,21,628029.1441834247
ghostnet_100_classification,290,22,977009.9572992247
ghostnet_100_classification,290,23,628029.1441834247
ghostnet_100_classification,290,24,1519911.0829529332
ghostnet_100_classification,290,25,628029.1441834247
ghostnet_100_classification,290,26,1519911.0829529332
ghostnet_100_classification,290,27,977009.9572992247
ghostnet_100_classification,290,28,1519911.0829529332
ghostnet_100_classification,290,29,977009.9572992247
ghostnet_100_classification,290,30,977009.9572992247
ghostnet_100_classification,290,31,628029.1441834247
ghostnet_100_classification,290,32,628029.1441834247
ghostnet_100_classification,290,33,977009.9572992247
ghostnet_100_classification,290,34,1519911.0829529332
ghostnet_100_classification,290,35,977009.9572992247
ghostnet_100_classification,290,36,977009.9572992247
ghostnet_100_classification,290,37,1519911.0829529332
ghostnet_100_classification,290,38,628029.1441834247
ghostnet_100_classification,290,39,977009.9572992247
ghostnet_100_classification,290,40,977009.9572992247
ghostnet_100_classification,290,41,977009.9572992247
ghostnet_100_classification,290,42,977009.9572992247
ghostnet_100_classification,290,43,977009.9572992247
ghostnet_100_classification,290,44,1519911.0829529332
ghostnet_100_classification,290,45,628029.1441834247
ghostnet_100_classification,290,46,1519911.0829529332
ghostnet_100_classification,290,47,977009.9572992247
ghostnet_100_classification,290,48,403701.72585965495
ghostnet_100_classification,290,49,977009.9572992247
ghostnet_100_classification,290,50,977009.9572992247
mobilenetv3_large_100_classification,252,1,403701.72585965495
mobilenetv3_large_100_classification,252,2,166810.0537200059
mobilenetv3_large_100_classification,252,3,166810.0537200059
mobilenetv3_large_100_classification,252,4,166810.0537200059
mobilenetv3_large_100_classification,252,5,166810.0537200059
mobilenetv3_large_100_classification,252,6,403701.72585965495
mobilenetv3_large_100_classification,252,7,403701.72585965495
mobilenetv3_large_100_classification,252,8,628029.1441834247
mobilenetv3_large_100_classification,252,9,259502.4211399732
mobilenetv3_large_100_classification,252,10,259502.4211399732
mobilenetv3_large_100_classification,252,11,403701.72585965495
mobilenetv3_large_100_classification,252,12,166810.0537200059
mobilenetv3_large_100_classification,252,13,628029.1441834247
mobilenetv3_large_100_classification,252,14,403701.72585965495
mobilenetv3_large_100_classification,252,15,259502.4211399732
mobilenetv3_large_100_classification,252,16,403701.72585965495
mobilenetv3_large_100_classification,252,17,403701.72585965495
mobilenetv3_large_100_classification,252,18,977009.9572992247
mobilenetv3_large_100_classification,252,19,403701.72585965495
mobilenetv3_large_100_classification,252,20,628029.1441834247
mobilenetv3_large_100_classification,252,21,403701.72585965495
mobilenetv3_large_100_classification,252,22,403701.72585965495
mobilenetv3_large_100_classification,252,23,403701.72585965495
mobilenetv3_large_100_classification,252,24,628029.1441834247
mobilenetv3_large_100_classification,252,25,403701.72585965495
mobilenetv3_large_100_classification,252,26,628029.1441834247
mobilenetv3_large_100_classification,252,27,403701.72585965495
mobilenetv3_large_100_classification,252,28,977009.9572992247
mobilenetv3_large_100_classification,252,29,628029.1441834247
mobilenetv3_large_100_classification,252,30,403701.72585965495
mobilenetv3_large_100_classification,252,31,403701.72585965495
mobilenetv3_large_100_classification,252,32,403701.72585965495
mobilenetv3_large_100_classification,252,33,403701.72585965495
mobilenetv3_large_100_classification,252,34,628029.1441834247
mobilenetv3_large_100_classification,252,35,403701.72585965495
mobilenetv3_large_100_classification,252,36,628029.1441834247
mobilenetv3_large_100_classification,252,37,977009.9572992247
mobilenetv3_large_100_classification,252,38,403701.72585965495
mobilenetv3_large_100_classification,252,39,628029.1441834247
mobilenetv3_large_100_classification,252,40,403701.72585965495
mobilenetv3_large_100_classification,252,41,628029.1441834247
mobilenetv3_large_100_classification,252,42,628029.1441834247
mobilenetv3_large_100_classification,252,43,628029.1441834247
mobilenetv3_large_100_classification,252,44,628029.1441834247
mobilenetv3_large_100_classification,252,45,403701.72585965495
mobilenetv3_large_100_classification,252,46,977009.9572992247
mobilenetv3_large_100_classification,252,47,403701.72585965495
mobilenetv3_large_100_classification,252,48,259502.4211399732
mobilenetv3_large_100_classification,252,49,403701.72585965495
mobilenetv3_large_100_classification,252,50,628029.1441834247
ghostnet_100_classification,290,1,628029.1441834247
ghostnet_100_classification,290,2,259502.4211399732
ghostnet_100_classification,290,3,259502.4211399732
ghostnet_100_classification,290,4,259502.4211399732
ghostnet_100_classification,290,5,403701.72585965495
ghostnet_100_classification,290,6,628029.1441834247
ghostnet_100_classification,290,7,628029.1441834247
ghostnet_100_classification,290,8,977009.9572992247
ghostnet_100_classification,290,9,628029.1441834247
ghostnet_100_classification,290,10,628029.1441834247
ghostnet_100_classification,290,11,628029.1441834247
ghostnet_100_classification,290,12,403701.72585965495
ghostnet_100_classification,290,13,977009.9572992247
ghostnet_100_classification,290,14,628029.1441834247
ghostnet_100_classification,290,15,628029.1441834247
ghostnet_100_classification,290,16,628029.1441834247
ghostnet_100_classification,290,17,628029.1441834247
ghostnet_100_classification,290,18,1519911.0829529332
ghostnet_100_classification,290,19,628029.1441834247
ghostnet_100_classification,290,20,977009.9572992247
ghostnet_100_classification,290,21,628029.1441834247
ghostnet_100_classification,290,22,977009.9572992247
ghostnet_100_classification,290,23,628029.1441834247
ghostnet_100_classification,290,24,1519911.0829529332
ghostnet_100_classification,290,25,628029.1441834247
ghostnet_100_classification,290,26,1519911.0829529332
ghostnet_100_classification,290,27,977009.9572992247
ghostnet_100_classification,290,28,1519911.0829529332
ghostnet_100_classification,290,29,977009.9572992247
ghostnet_100_classification,290,30,977009.9572992247
ghostnet_100_classification,290,31,628029.1441834247
ghostnet_100_classification,290,32,628029.1441834247
ghostnet_100_classification,290,33,977009.9572992247
ghostnet_100_classification,290,34,1519911.0829529332
ghostnet_100_classification,290,35,977009.9572992247
ghostnet_100_classification,290,36,977009.9572992247
ghostnet_100_classification,290,37,1519911.0829529332
ghostnet_100_classification,290,38,628029.1441834247
ghostnet_100_classification,290,39,977009.9572992247
ghostnet_100_classification,290,40,977009.9572992247
ghostnet_100_classification,290,41,977009.9572992247
ghostnet_100_classification,290,42,977009.9572992247
ghostnet_100_classification,290,43,977009.9572992247
ghostnet_100_classification,290,44,1519911.0829529332
ghostnet_100_classification,290,45,628029.1441834247
ghostnet_100_classification,290,46,1519911.0829529332
ghostnet_100_classification,290,47,977009.9572992247
ghostnet_100_classification,290,48,403701.72585965495
ghostnet_100_classification,290,49,977009.9572992247
ghostnet_100_classification,290,50,977009.9572992247
convnext_base_classification,273,1,5722367.659350208
convnext_base_classification,273,2,3678379.7718286267
convnext_base_classification,273,3,1519911.0829529332
convnext_base_classification,273,4,2364489.412645407
convnext_base_classification,273,5,3678379.7718286267
convnext_base_classification,273,6,5722367.659350208
convnext_base_classification,273,7,3678379.7718286267
convnext_base_classification,273,8,8902150.854450375
convnext_base_classification,273,9,3678379.7718286267
convnext_base_classification,273,10,3678379.7718286267
convnext_base_classification,273,11,3678379.7718286267
convnext_base_classification,273,12,2364489.412645407
convnext_base_classification,273,13,8902150.854450375
convnext_base_classification,273,14,3678379.7718286267
convnext_base_classification,273,15,3678379.7718286267
convnext_base_classification,273,16,5722367.659350208
convnext_base_classification,273,17,5722367.659350208
convnext_base_classification,273,18,8902150.854450375
convnext_base_classification,273,19,5722367.659350208
convnext_base_classification,273,20,5722367.659350208
convnext_base_classification,273,21,5722367.659350208
convnext_base_classification,273,22,5722367.659350208
convnext_base_classification,273,23,5722367.659350208
convnext_base_classification,273,24,8902150.854450375
convnext_base_classification,273,25,3678379.7718286267
convnext_base_classification,273,26,8902150.854450375
convnext_base_classification,273,27,5722367.659350208
convnext_base_classification,273,28,8902150.854450375
convnext_base_classification,273,29,5722367.659350208
convnext_base_classification,273,30,5722367.659350208
convnext_base_classification,273,31,5722367.659350208
convnext_base_classification,273,32,5722367.659350208
convnext_base_classification,273,33,5722367.659350208
convnext_base_classification,273,34,8902150.854450375
convnext_base_classification,273,35,5722367.659350208
convnext_base_classification,273,36,8902150.854450375
convnext_base_classification,273,37,8902150.854450375
convnext_base_classification,273,38,3678379.7718286267
convnext_base_classification,273,39,5722367.659350208
convnext_base_classification,273,40,5722367.659350208
convnext_base_classification,273,41,5722367.659350208
convnext_base_classification,273,42,5722367.659350208
convnext_base_classification,273,43,8902150.854450375
convnext_base_classification,273,44,8902150.854450375
convnext_base_classification,273,45,5722367.659350208
convnext_base_classification,273,46,8902150.854450375
convnext_base_classification,273,47,8902150.854450375
convnext_base_classification,273,48,2364489.412645407
convnext_base_classification,273,49,5722367.659350208
convnext_base_classification,273,50,5722367.659350208
convnext_base_classification,273,1,5722367.659350208
convnext_base_classification,273,2,3678379.7718286267
convnext_base_classification,273,3,1519911.0829529332
convnext_base_classification,273,4,2364489.412645407
convnext_base_classification,273,5,3678379.7718286267
convnext_base_classification,273,6,5722367.659350208
convnext_base_classification,273,7,3678379.7718286267
convnext_base_classification,273,8,8902150.854450375
convnext_base_classification,273,9,3678379.7718286267
convnext_base_classification,273,10,3678379.7718286267
convnext_base_classification,273,11,3678379.7718286267
convnext_base_classification,273,12,2364489.412645407
convnext_base_classification,273,13,8902150.854450375
convnext_base_classification,273,14,3678379.7718286267
convnext_base_classification,273,15,3678379.7718286267
convnext_base_classification,273,16,5722367.659350208
convnext_base_classification,273,17,5722367.659350208
convnext_base_classification,273,18,8902150.854450375
convnext_base_classification,273,19,5722367.659350208
convnext_base_classification,273,20,5722367.659350208
convnext_base_classification,273,21,5722367.659350208
convnext_base_classification,273,22,5722367.659350208
convnext_base_classification,273,23,5722367.659350208
convnext_base_classification,273,24,8902150.854450375
convnext_base_classification,273,25,3678379.7718286267
convnext_base_classification,273,26,8902150.854450375
convnext_base_classification,273,27,5722367.659350208
convnext_base_classification,273,28,8902150.854450375
convnext_base_classification,273,29,5722367.659350208
convnext_base_classification,273,30,5722367.659350208
convnext_base_classification,273,31,5722367.659350208
convnext_base_classification,273,32,5722367.659350208
convnext_base_classification,273,33,5722367.659350208
convnext_base_classification,273,34,8902150.854450375
convnext_base_classification,273,35,5722367.659350208
convnext_base_classification,273,36,8902150.854450375
convnext_base_classification,273,37,8902150.854450375
convnext_base_classification,273,38,3678379.7718286267
convnext_base_classification,273,39,5722367.659350208
convnext_base_classification,273,40,5722367.659350208
convnext_base_classification,273,41,5722367.659350208
convnext_base_classification,273,42,5722367.659350208
convnext_base_classification,273,43,8902150.854450375
convnext_base_classification,273,44,8902150.854450375
convnext_base_classification,273,45,5722367.659350208
convnext_base_classification,273,46,8902150.854450375
convnext_base_classification,273,47,8902150.854450375
convnext_base_classification,273,48,2364489.412645407
convnext_base_classification,273,49,5722367.659350208
convnext_base_classification,273,50,5722367.659350208
xcit_nano_12_p8_224_classification,266,1,628029.1441834247
xcit_nano_12_p8_224_classification,266,2,259502.4211399732
xcit_nano_12_p8_224_classification,266,3,166810.0537200059
xcit_nano_12_p8_224_classification,266,4,166810.0537200059
xcit_nano_12_p8_224_classification,266,5,259502.4211399732
xcit_nano_12_p8_224_classification,266,6,403701.72585965495
xcit_nano_12_p8_224_classification,266,7,403701.72585965495
xcit_nano_12_p8_224_classification,266,8,977009.9572992247
xcit_nano_12_p8_224_classification,266,9,259502.4211399732
xcit_nano_12_p8_224_classification,266,10,403701.72585965495
xcit_nano_12_p8_224_classification,266,11,403701.72585965495
xcit_nano_12_p8_224_classification,266,12,259502.4211399732
xcit_nano_12_p8_224_classification,266,13,977009.9572992247
xcit_nano_12_p8_224_classification,266,14,403701.72585965495
xcit_nano_12_p8_224_classification,266,15,403701.72585965495
xcit_nano_12_p8_224_classification,266,16,628029.1441834247
xcit_nano_12_p8_224_classification,266,17,403701.72585965495
xcit_nano_12_p8_224_classification,266,18,628029.1441834247
xcit_nano_12_p8_224_classification,266,19,403701.72585965495
xcit_nano_12_p8_224_classification,266,20,403701.72585965495
xcit_nano_12_p8_224_classification,266,21,403701.72585965495
xcit_nano_12_p8_224_classification,266,22,628029.1441834247
xcit_nano_12_p8_224_classification,266,23,628029.1441834247
xcit_nano_12_p8_224_classification,266,24,628029.1441834247
xcit_nano_12_p8_224_classification,266,25,403701.72585965495
xcit_nano_12_p8_224_classification,266,26,977009.9572992247
xcit_nano_12_p8_224_classification,266,27,403701.72585965495
xcit_nano_12_p8_224_classification,266,28,977009.9572992247
xcit_nano_12_p8_224_classification,266,29,628029.1441834247
xcit_nano_12_p8_224_classification,266,30,628029.1441834247
xcit_nano_12_p8_224_classification,266,31,403701.72585965495
xcit_nano_12_p8_224_classification,266,32,403701.72585965495
xcit_nano_12_p8_224_classification,266,33,628029.1441834247
xcit_nano_12_p8_224_classification,266,34,628029.1441834247
xcit_nano_12_p8_224_classification,266,35,628029.1441834247
xcit_nano_12_p8_224_classification,266,36,977009.9572992247
xcit_nano_12_p8_224_classification,266,37,977009.9572992247
xcit_nano_12_p8_224_classification,266,38,628029.1441834247
xcit_nano_12_p8_224_classification,266,39,628029.1441834247
xcit_nano_12_p8_224_classification,266,40,628029.1441834247
xcit_nano_12_p8_224_classification,266,41,628029.1441834247
xcit_nano_12_p8_224_classification,266,42,628029.1441834247
xcit_nano_12_p8_224_classification,266,43,628029.1441834247
xcit_nano_12_p8_224_classification,266,44,977009.9572992247
xcit_nano_12_p8_224_classification,266,45,628029.1441834247
xcit_nano_12_p8_224_classification,266,46,977009.9572992247
xcit_nano_12_p8_224_classification,266,47,628029.1441834247
xcit_nano_12_p8_224_classification,266,48,259502.4211399732
xcit_nano_12_p8_224_classification,266,49,403701.72585965495
xcit_nano_12_p8_224_classification,266,50,628029.1441834247
xcit_nano_12_p8_224_classification,266,1,628029.1441834247
xcit_nano_12_p8_224_classification,266,2,259502.4211399732
xcit_nano_12_p8_224_classification,266,3,166810.0537200059
xcit_nano_12_p8_224_classification,266,4,166810.0537200059
xcit_nano_12_p8_224_classification,266,5,259502.4211399732
xcit_nano_12_p8_224_classification,266,6,403701.72585965495
xcit_nano_12_p8_224_classification,266,7,403701.72585965495
xcit_nano_12_p8_224_classification,266,8,977009.9572992247
xcit_nano_12_p8_224_classification,266,9,259502.4211399732
xcit_nano_12_p8_224_classification,266,10,403701.72585965495
xcit_nano_12_p8_224_classification,266,11,403701.72585965495
xcit_nano_12_p8_224_classification,266,12,259502.4211399732
xcit_nano_12_p8_224_classification,266,13,977009.9572992247
xcit_nano_12_p8_224_classification,266,14,403701.72585965495
xcit_nano_12_p8_224_classification,266,15,403701.72585965495
xcit_nano_12_p8_224_classification,266,16,628029.1441834247
xcit_nano_12_p8_224_classification,266,17,403701.72585965495
xcit_nano_12_p8_224_classification,266,18,628029.1441834247
xcit_nano_12_p8_224_classification,266,19,403701.72585965495
xcit_nano_12_p8_224_classification,266,20,403701.72585965495
xcit_nano_12_p8_224_classification,266,21,403701.72585965495
xcit_nano_12_p8_224_classification,266,22,628029.1441834247
xcit_nano_12_p8_224_classification,266,23,628029.1441834247
xcit_nano_12_p8_224_classification,266,24,628029.1441834247
xcit_nano_12_p8_224_classification,266,25,403701.72585965495
xcit_nano_12_p8_224_classification,266,26,977009.9572992247
xcit_nano_12_p8_224_classification,266,27,403701.72585965495
xcit_nano_12_p8_224_classification,266,28,977009.9572992247
xcit_nano_12_p8_224_classification,266,29,628029.1441834247
xcit_nano_12_p8_224_classification,266,30,628029.1441834247
xcit_nano_12_p8_224_classification,266,31,403701.72585965495
xcit_nano_12_p8_224_classification,266,32,403701.72585965495
xcit_nano_12_p8_224_classification,266,33,628029.1441834247
xcit_nano_12_p8_224_classification,266,34,628029.1441834247
xcit_nano_12_p8_224_classification,266,35,628029.1441834247
xcit_nano_12_p8_224_classification,266,36,977009.9572992247
xcit_nano_12_p8_224_classification,266,37,977009.9572992247
xcit_nano_12_p8_224_classification,266,38,628029.1441834247
xcit_nano_12_p8_224_classification,266,39,628029.1441834247
xcit_nano_12_p8_224_classification,266,40,628029.1441834247
xcit_nano_12_p8_224_classification,266,41,628029.1441834247
xcit_nano_12_p8_224_classification,266,42,628029.1441834247
xcit_nano_12_p8_224_classification,266,43,628029.1441834247
xcit_nano_12_p8_224_classification,266,44,977009.9572992247
xcit_nano_12_p8_224_classification,266,45,628029.1441834247
xcit_nano_12_p8_224_classification,266,46,977009.9572992247
xcit_nano_12_p8_224_classification,266,47,628029.1441834247
xcit_nano_12_p8_224_classification,266,48,259502.4211399732
xcit_nano_12_p8_224_classification,266,49,403701.72585965495
xcit_nano_12_p8_224_classification,266,50,628029.1441834247
xcit_nano_12_p16_224_classification,242,1,4862.601580065353
xcit_nano_12_p16_224_classification,242,2,2009.2330025650458
xcit_nano_12_p16_224_classification,242,3,1291.549665014884
xcit_nano_12_p16_224_classification,242,4,1291.549665014884
xcit_nano_12_p16_224_classification,242,5,3125.7158496882353
xcit_nano_12_p16_224_classification,242,6,3125.7158496882353
xcit_nano_12_p16_224_classification,242,7,3125.7158496882353
xcit_nano_12_p16_224_classification,242,8,7564.633275546283
xcit_nano_12_p16_224_classification,242,9,3125.7158496882353
xcit_nano_12_p16_224_classification,242,10,3125.7158496882353
xcit_nano_12_p16_224_classification,242,11,4862.601580065353
xcit_nano_12_p16_224_classification,242,12,2009.2330025650458
xcit_nano_12_p16_224_classification,242,13,7564.633275546283
xcit_nano_12_p16_224_classification,242,14,3125.7158496882353
xcit_nano_12_p16_224_classification,242,15,3125.7158496882353
xcit_nano_12_p16_224_classification,242,16,4862.601580065353
xcit_nano_12_p16_224_classification,242,17,4862.601580065353
xcit_nano_12_p16_224_classification,242,18,7564.633275546283
xcit_nano_12_p16_224_classification,242,19,4862.601580065353
xcit_nano_12_p16_224_classification,242,20,4862.601580065353
xcit_nano_12_p16_224_classification,242,21,4862.601580065353
xcit_nano_12_p16_224_classification,242,22,4862.601580065353
xcit_nano_12_p16_224_classification,242,23,4862.601580065353
xcit_nano_12_p16_224_classification,242,24,7564.633275546283
xcit_nano_12_p16_224_classification,242,25,3125.7158496882353
xcit_nano_12_p16_224_classification,242,26,7564.633275546283
xcit_nano_12_p16_224_classification,242,27,4862.601580065353
xcit_nano_12_p16_224_classification,242,28,7564.633275546283
xcit_nano_12_p16_224_classification,242,29,7564.633275546283
xcit_nano_12_p16_224_classification,242,30,4862.601580065353
xcit_nano_12_p16_224_classification,242,31,3125.7158496882353
xcit_nano_12_p16_224_classification,242,32,4862.601580065353
xcit_nano_12_p16_224_classification,242,33,4862.601580065353
xcit_nano_12_p16_224_classification,242,34,4862.601580065353
xcit_nano_12_p16_224_classification,242,35,4862.601580065353
xcit_nano_12_p16_224_classification,242,36,7564.633275546283
xcit_nano_12_p16_224_classification,242,37,7564.633275546283
xcit_nano_12_p16_224_classification,242,38,4862.601580065353
xcit_nano_12_p16_224_classification,242,39,4862.601580065353
xcit_nano_12_p16_224_classification,242,40,4862.601580065353
xcit_nano_12_p16_224_classification,242,41,7564.633275546283
xcit_nano_12_p16_224_classification,242,42,4862.601580065353
xcit_nano_12_p16_224_classification,242,43,7564.633275546283
xcit_nano_12_p16_224_classification,242,44,11768.119524349991
xcit_nano_12_p16_224_classification,242,45,4862.601580065353
xcit_nano_12_p16_224_classification,242,46,11768.119524349991
xcit_nano_12_p16_224_classification,242,47,4862.601580065353
xcit_nano_12_p16_224_classification,242,48,2009.2330025650458
xcit_nano_12_p16_224_classification,242,49,4862.601580065353
xcit_nano_12_p16_224_classification,242,50,4862.601580065353
xcit_nano_12_p16_224_classification,242,1,4862.601580065353
xcit_nano_12_p16_224_classification,242,2,2009.2330025650458
xcit_nano_12_p16_224_classification,242,3,1291.549665014884
xcit_nano_12_p16_224_classification,242,4,1291.549665014884
xcit_nano_12_p16_224_classification,242,5,3125.7158496882353
xcit_nano_12_p16_224_classification,242,6,3125.7158496882353
xcit_nano_12_p16_224_classification,242,7,3125.7158496882353
xcit_nano_12_p16_224_classification,242,8,7564.633275546283
xcit_nano_12_p16_224_classification,242,9,3125.7158496882353
xcit_nano_12_p16_224_classification,242,10,3125.7158496882353
xcit_nano_12_p16_224_classification,242,11,4862.601580065353
xcit_nano_12_p16_224_classification,242,12,2009.2330025650458
xcit_nano_12_p16_224_classification,242,13,7564.633275546283
xcit_nano_12_p16_224_classification,242,14,3125.7158496882353
xcit_nano_12_p16_224_classification,242,15,3125.7158496882353
xcit_nano_12_p16_224_classification,242,16,4862.601580065353
xcit_nano_12_p16_224_classification,242,17,4862.601580065353
xcit_nano_12_p16_224_classification,242,18,7564.633275546283
xcit_nano_12_p16_224_classification,242,19,4862.601580065353
xcit_nano_12_p16_224_classification,242,20,4862.601580065353
xcit_nano_12_p16_224_classification,242,21,4862.601580065353
xcit_nano_12_p16_224_classification,242,22,4862.601580065353
xcit_nano_12_p16_224_classification,242,23,4862.601580065353
xcit_nano_12_p16_224_classification,242,24,7564.633275546283
xcit_nano_12_p16_224_classification,242,25,3125.7158496882353
xcit_nano_12_p16_224_classification,242,26,7564.633275546283
xcit_nano_12_p16_224_classification,242,27,4862.601580065353
xcit_nano_12_p16_224_classification,242,28,7564.633275546283
xcit_nano_12_p16_224_classification,242,29,7564.633275546283
xcit_nano_12_p16_224_classification,242,30,4862.601580065353
xcit_nano_12_p16_224_classification,242,31,3125.7158496882353
xcit_nano_12_p16_224_classification,242,32,4862.601580065353
xcit_nano_12_p16_224_classification,242,33,4862.601580065353
xcit_nano_12_p16_224_classification,242,34,4862.601580065353
xcit_nano_12_p16_224_classification,242,35,4862.601580065353
xcit_nano_12_p16_224_classification,242,36,7564.633275546283
xcit_nano_12_p16_224_classification,242,37,7564.633275546283
xcit_nano_12_p16_224_classification,242,38,4862.601580065353
xcit_nano_12_p16_224_classification,242,39,4862.601580065353
xcit_nano_12_p16_224_classification,242,40,4862.601580065353
xcit_nano_12_p16_224_classification,242,41,7564.633275546283
xcit_nano_12_p16_224_classification,242,42,4862.601580065353
xcit_nano_12_p16_224_classification,242,43,7564.633275546283
xcit_nano_12_p16_224_classification,242,44,11768.119524349991
xcit_nano_12_p16_224_classification,242,45,4862.601580065353
xcit_nano_12_p16_224_classification,242,46,11768.119524349991
xcit_nano_12_p16_224_classification,242,47,4862.601580065353
xcit_nano_12_p16_224_classification,242,48,2009.2330025650458
xcit_nano_12_p16_224_classification,242,49,4862.601580065353
xcit_nano_12_p16_224_classification,242,50,4862.601580065353
swin_large_patch4_window7_224_classification,281,1,977009.9572992247
swin_large_patch4_window7_224_classification,281,2,403701.72585965495
swin_large_patch4_window7_224_classification,281,3,259502.4211399732
swin_large_patch4_window7_224_classification,281,4,259502.4211399732
swin_large_patch4_window7_224_classification,281,5,403701.72585965495
swin_large_patch4_window7_224_classification,281,6,628029.1441834247
swin_large_patch4_window7_224_classification,281,7,628029.1441834247
swin_large_patch4_window7_224_classification,281,8,1519911.0829529332
swin_large_patch4_window7_224_classification,281,9,628029.1441834247
swin_large_patch4_window7_224_classification,281,10,628029.1441834247
swin_large_patch4_window7_224_classification,281,11,628029.1441834247
swin_large_patch4_window7_224_classification,281,12,403701.72585965495
swin_large_patch4_window7_224_classification,281,13,977009.9572992247
swin_large_patch4_window7_224_classification,281,14,977009.9572992247
swin_large_patch4_window7_224_classification,281,15,628029.1441834247
swin_large_patch4_window7_224_classification,281,16,977009.9572992247
swin_large_patch4_window7_224_classification,281,17,977009.9572992247
swin_large_patch4_window7_224_classification,281,18,1519911.0829529332
swin_large_patch4_window7_224_classification,281,19,628029.1441834247
swin_large_patch4_window7_224_classification,281,20,977009.9572992247
swin_large_patch4_window7_224_classification,281,21,628029.1441834247
swin_large_patch4_window7_224_classification,281,22,977009.9572992247
swin_large_patch4_window7_224_classification,281,23,977009.9572992247
swin_large_patch4_window7_224_classification,281,24,1519911.0829529332
swin_large_patch4_window7_224_classification,281,25,977009.9572992247
swin_large_patch4_window7_224_classification,281,26,1519911.0829529332
swin_large_patch4_window7_224_classification,281,27,977009.9572992247
swin_large_patch4_window7_224_classification,281,28,1519911.0829529332
swin_large_patch4_window7_224_classification,281,29,977009.9572992247
swin_large_patch4_window7_224_classification,281,30,977009.9572992247
swin_large_patch4_window7_224_classification,281,31,628029.1441834247
swin_large_patch4_window7_224_classification,281,32,628029.1441834247
swin_large_patch4_window7_224_classification,281,33,977009.9572992247
swin_large_patch4_window7_224_classification,281,34,1519911.0829529332
swin_large_patch4_window7_224_classification,281,35,977009.9572992247
swin_large_patch4_window7_224_classification,281,36,1519911.0829529332
swin_large_patch4_window7_224_classification,281,37,1519911.0829529332
swin_large_patch4_window7_224_classification,281,38,628029.1441834247
swin_large_patch4_window7_224_classification,281,39,977009.9572992247
swin_large_patch4_window7_224_classification,281,40,628029.1441834247
swin_large_patch4_window7_224_classification,281,41,1519911.0829529332
swin_large_patch4_window7_224_classification,281,42,977009.9572992247
swin_large_patch4_window7_224_classification,281,43,977009.9572992247
swin_large_patch4_window7_224_classification,281,44,1519911.0829529332
swin_large_patch4_window7_224_classification,281,45,977009.9572992247
swin_large_patch4_window7_224_classification,281,46,2364489.412645407
swin_large_patch4_window7_224_classification,281,47,977009.9572992247
swin_large_patch4_window7_224_classification,281,48,628029.1441834247
swin_large_patch4_window7_224_classification,281,49,977009.9572992247
swin_large_patch4_window7_224_classification,281,50,977009.9572992247
swin_large_patch4_window7_224_classification,281,1,977009.9572992247
swin_large_patch4_window7_224_classification,281,2,403701.72585965495
swin_large_patch4_window7_224_classification,281,3,259502.4211399732
swin_large_patch4_window7_224_classification,281,4,259502.4211399732
swin_large_patch4_window7_224_classification,281,5,403701.72585965495
swin_large_patch4_window7_224_classification,281,6,628029.1441834247
swin_large_patch4_window7_224_classification,281,7,628029.1441834247
swin_large_patch4_window7_224_classification,281,8,1519911.0829529332
swin_large_patch4_window7_224_classification,281,9,628029.1441834247
swin_large_patch4_window7_224_classification,281,10,628029.1441834247
swin_large_patch4_window7_224_classification,281,11,628029.1441834247
swin_large_patch4_window7_224_classification,281,12,403701.72585965495
swin_large_patch4_window7_224_classification,281,13,977009.9572992247
swin_large_patch4_window7_224_classification,281,14,977009.9572992247
swin_large_patch4_window7_224_classification,281,15,628029.1441834247
swin_large_patch4_window7_224_classification,281,16,977009.9572992247
swin_large_patch4_window7_224_classification,281,17,977009.9572992247
swin_large_patch4_window7_224_classification,281,18,1519911.0829529332
swin_large_patch4_window7_224_classification,281,19,628029.1441834247
swin_large_patch4_window7_224_classification,281,20,977009.9572992247
swin_large_patch4_window7_224_classification,281,21,628029.1441834247
swin_large_patch4_window7_224_classification,281,22,977009.9572992247
swin_large_patch4_window7_224_classification,281,23,977009.9572992247
swin_large_patch4_window7_224_classification,281,24,1519911.0829529332
swin_large_patch4_window7_224_classification,281,25,977009.9572992247
swin_large_patch4_window7_224_classification,281,26,1519911.0829529332
swin_large_patch4_window7_224_classification,281,27,977009.9572992247
swin_large_patch4_window7_224_classification,281,28,1519911.0829529332
swin_large_patch4_window7_224_classification,281,29,977009.9572992247
swin_large_patch4_window7_224_classification,281,30,977009.9572992247
swin_large_patch4_window7_224_classification,281,31,628029.1441834247
swin_large_patch4_window7_224_classification,281,32,628029.1441834247
swin_large_patch4_window7_224_classification,281,33,977009.9572992247
swin_large_patch4_window7_224_classification,281,34,1519911.0829529332
swin_large_patch4_window7_224_classification,281,35,977009.9572992247
swin_large_patch4_window7_224_classification,281,36,1519911.0829529332
swin_large_patch4_window7_224_classification,281,37,1519911.0829529332
swin_large_patch4_window7_224_classification,281,38,628029.1441834247
swin_large_patch4_window7_224_classification,281,39,977009.9572992247
swin_large_patch4_window7_224_classification,281,40,628029.1441834247
swin_large_patch4_window7_224_classification,281,41,1519911.0829529332
swin_large_patch4_window7_224_classification,281,42,977009.9572992247
swin_large_patch4_window7_224_classification,281,43,977009.9572992247
swin_large_patch4_window7_224_classification,281,44,1519911.0829529332
swin_large_patch4_window7_224_classification,281,45,977009.9572992247
swin_large_patch4_window7_224_classification,281,46,2364489.412645407
swin_large_patch4_window7_224_classification,281,47,977009.9572992247
swin_large_patch4_window7_224_classification,281,48,628029.1441834247
swin_large_patch4_window7_224_classification,281,49,977009.9572992247
swin_large_patch4_window7_224_classification,281,50,977009.9572992247
jx_nest_tiny_classification,148,1,68926.12104349695
jx_nest_tiny_classification,148,2,28480.35868435799
jx_nest_tiny_classification,148,3,18307.382802953696
jx_nest_tiny_classification,148,4,28480.35868435799
jx_nest_tiny_classification,148,5,28480.35868435799
jx_nest_tiny_classification,148,6,44306.21457583878
jx_nest_tiny_classification,148,7,44306.21457583878
jx_nest_tiny_classification,148,8,166810.0537200059
jx_nest_tiny_classification,148,9,44306.21457583878
jx_nest_tiny_classification,148,10,44306.21457583878
jx_nest_tiny_classification,148,11,44306.21457583878
jx_nest_tiny_classification,148,12,28480.35868435799
jx_nest_tiny_classification,148,13,107226.72220103232
jx_nest_tiny_classification,148,14,44306.21457583878
jx_nest_tiny_classification,148,15,44306.21457583878
jx_nest_tiny_classification,148,16,68926.12104349695
jx_nest_tiny_classification,148,17,68926.12104349695
jx_nest_tiny_classification,148,18,107226.72220103232
jx_nest_tiny_classification,148,19,68926.12104349695
jx_nest_tiny_classification,148,20,68926.12104349695
jx_nest_tiny_classification,148,21,68926.12104349695
jx_nest_tiny_classification,148,22,68926.12104349695
jx_nest_tiny_classification,148,23,68926.12104349695
jx_nest_tiny_classification,148,24,68926.12104349695
jx_nest_tiny_classification,148,25,44306.21457583878
jx_nest_tiny_classification,148,26,107226.72220103232
jx_nest_tiny_classification,148,27,68926.12104349695
jx_nest_tiny_classification,148,28,107226.72220103232
jx_nest_tiny_classification,148,29,68926.12104349695
jx_nest_tiny_classification,148,30,68926.12104349695
jx_nest_tiny_classification,148,31,44306.21457583878
jx_nest_tiny_classification,148,32,44306.21457583878
jx_nest_tiny_classification,148,33,68926.12104349695
jx_nest_tiny_classification,148,34,107226.72220103232
jx_nest_tiny_classification,148,35,68926.12104349695
jx_nest_tiny_classification,148,36,107226.72220103232
jx_nest_tiny_classification,148,37,107226.72220103232
jx_nest_tiny_classification,148,38,68926.12104349695
jx_nest_tiny_classification,148,39,68926.12104349695
jx_nest_tiny_classification,148,40,68926.12104349695
jx_nest_tiny_classification,148,41,107226.72220103232
jx_nest_tiny_classification,148,42,68926.12104349695
jx_nest_tiny_classification,148,43,68926.12104349695
jx_nest_tiny_classification,148,44,166810.0537200059
jx_nest_tiny_classification,148,45,68926.12104349695
jx_nest_tiny_classification,148,46,107226.72220103232
jx_nest_tiny_classification,148,47,68926.12104349695
jx_nest_tiny_classification,148,48,28480.35868435799
jx_nest_tiny_classification,148,49,68926.12104349695
jx_nest_tiny_classification,148,50,68926.12104349695
pit_ti_224_classification,207,1,44306.21457583878
pit_ti_224_classification,207,2,28480.35868435799
pit_ti_224_classification,207,3,18307.382802953696
pit_ti_224_classification,207,4,18307.382802953696
pit_ti_224_classification,207,5,28480.35868435799
pit_ti_224_classification,207,6,44306.21457583878
pit_ti_224_classification,207,7,44306.21457583878
pit_ti_224_classification,207,8,68926.12104349695
pit_ti_224_classification,207,9,28480.35868435799
pit_ti_224_classification,207,10,28480.35868435799
pit_ti_224_classification,207,11,44306.21457583878
pit_ti_224_classification,207,12,28480.35868435799
pit_ti_224_classification,207,13,68926.12104349695
pit_ti_224_classification,207,14,44306.21457583878
pit_ti_224_classification,207,15,44306.21457583878
pit_ti_224_classification,207,16,44306.21457583878
pit_ti_224_classification,207,17,44306.21457583878
pit_ti_224_classification,207,18,68926.12104349695
pit_ti_224_classification,207,19,44306.21457583878
pit_ti_224_classification,207,20,44306.21457583878
pit_ti_224_classification,207,21,44306.21457583878
pit_ti_224_classification,207,22,44306.21457583878
pit_ti_224_classification,207,23,44306.21457583878
pit_ti_224_classification,207,24,68926.12104349695
pit_ti_224_classification,207,25,44306.21457583878
pit_ti_224_classification,207,26,107226.72220103232
pit_ti_224_classification,207,27,44306.21457583878
pit_ti_224_classification,207,28,68926.12104349695
pit_ti_224_classification,207,29,68926.12104349695
pit_ti_224_classification,207,30,44306.21457583878
pit_ti_224_classification,207,31,44306.21457583878
pit_ti_224_classification,207,32,44306.21457583878
pit_ti_224_classification,207,33,44306.21457583878
pit_ti_224_classification,207,34,68926.12104349695
pit_ti_224_classification,207,35,68926.12104349695
pit_ti_224_classification,207,36,68926.12104349695
pit_ti_224_classification,207,37,68926.12104349695
pit_ti_224_classification,207,38,44306.21457583878
pit_ti_224_classification,207,39,44306.21457583878
pit_ti_224_classification,207,40,68926.12104349695
pit_ti_224_classification,207,41,68926.12104349695
pit_ti_224_classification,207,42,44306.21457583878
pit_ti_224_classification,207,43,68926.12104349695
pit_ti_224_classification,207,44,107226.72220103232
pit_ti_224_classification,207,45,44306.21457583878
pit_ti_224_classification,207,46,107226.72220103232
pit_ti_224_classification,207,47,68926.12104349695
pit_ti_224_classification,207,48,28480.35868435799
pit_ti_224_classification,207,49,44306.21457583878
pit_ti_224_classification,207,50,68926.12104349695
jx_nest_tiny_classification,148,1,68926.12104349695
jx_nest_tiny_classification,148,2,28480.35868435799
jx_nest_tiny_classification,148,3,18307.382802953696
jx_nest_tiny_classification,148,4,28480.35868435799
jx_nest_tiny_classification,148,5,28480.35868435799
jx_nest_tiny_classification,148,6,44306.21457583878
jx_nest_tiny_classification,148,7,44306.21457583878
jx_nest_tiny_classification,148,8,166810.0537200059
jx_nest_tiny_classification,148,9,44306.21457583878
jx_nest_tiny_classification,148,10,44306.21457583878
jx_nest_tiny_classification,148,11,44306.21457583878
jx_nest_tiny_classification,148,12,28480.35868435799
jx_nest_tiny_classification,148,13,107226.72220103232
jx_nest_tiny_classification,148,14,44306.21457583878
jx_nest_tiny_classification,148,15,44306.21457583878
jx_nest_tiny_classification,148,16,68926.12104349695
jx_nest_tiny_classification,148,17,68926.12104349695
jx_nest_tiny_classification,148,18,107226.72220103232
jx_nest_tiny_classification,148,19,68926.12104349695
jx_nest_tiny_classification,148,20,68926.12104349695
jx_nest_tiny_classification,148,21,68926.12104349695
jx_nest_tiny_classification,148,22,68926.12104349695
jx_nest_tiny_classification,148,23,68926.12104349695
jx_nest_tiny_classification,148,24,68926.12104349695
jx_nest_tiny_classification,148,25,44306.21457583878
jx_nest_tiny_classification,148,26,107226.72220103232
jx_nest_tiny_classification,148,27,68926.12104349695
jx_nest_tiny_classification,148,28,107226.72220103232
jx_nest_tiny_classification,148,29,68926.12104349695
jx_nest_tiny_classification,148,30,68926.12104349695
jx_nest_tiny_classification,148,31,44306.21457583878
jx_nest_tiny_classification,148,32,44306.21457583878
jx_nest_tiny_classification,148,33,68926.12104349695
jx_nest_tiny_classification,148,34,107226.72220103232
jx_nest_tiny_classification,148,35,68926.12104349695
jx_nest_tiny_classification,148,36,107226.72220103232
jx_nest_tiny_classification,148,37,107226.72220103232
jx_nest_tiny_classification,148,38,68926.12104349695
jx_nest_tiny_classification,148,39,68926.12104349695
jx_nest_tiny_classification,148,40,68926.12104349695
jx_nest_tiny_classification,148,41,107226.72220103232
jx_nest_tiny_classification,148,42,68926.12104349695
jx_nest_tiny_classification,148,43,68926.12104349695
jx_nest_tiny_classification,148,44,166810.0537200059
jx_nest_tiny_classification,148,45,68926.12104349695
jx_nest_tiny_classification,148,46,107226.72220103232
jx_nest_tiny_classification,148,47,68926.12104349695
jx_nest_tiny_classification,148,48,28480.35868435799
jx_nest_tiny_classification,148,49,68926.12104349695
jx_nest_tiny_classification,148,50,68926.12104349695
pit_ti_224_classification,207,1,44306.21457583878
pit_ti_224_classification,207,2,28480.35868435799
pit_ti_224_classification,207,3,18307.382802953696
pit_ti_224_classification,207,4,18307.382802953696
pit_ti_224_classification,207,5,28480.35868435799
pit_ti_224_classification,207,6,44306.21457583878
pit_ti_224_classification,207,7,44306.21457583878
pit_ti_224_classification,207,8,68926.12104349695
pit_ti_224_classification,207,9,28480.35868435799
pit_ti_224_classification,207,10,28480.35868435799
pit_ti_224_classification,207,11,44306.21457583878
pit_ti_224_classification,207,12,28480.35868435799
pit_ti_224_classification,207,13,68926.12104349695
pit_ti_224_classification,207,14,44306.21457583878
pit_ti_224_classification,207,15,44306.21457583878
pit_ti_224_classification,207,16,44306.21457583878
pit_ti_224_classification,207,17,44306.21457583878
pit_ti_224_classification,207,18,68926.12104349695
pit_ti_224_classification,207,19,44306.21457583878
pit_ti_224_classification,207,20,44306.21457583878
pit_ti_224_classification,207,21,44306.21457583878
pit_ti_224_classification,207,22,44306.21457583878
pit_ti_224_classification,207,23,44306.21457583878
pit_ti_224_classification,207,24,68926.12104349695
pit_ti_224_classification,207,25,44306.21457583878
pit_ti_224_classification,207,26,107226.72220103232
pit_ti_224_classification,207,27,44306.21457583878
pit_ti_224_classification,207,28,68926.12104349695
pit_ti_224_classification,207,29,68926.12104349695
pit_ti_224_classification,207,30,44306.21457583878
pit_ti_224_classification,207,31,44306.21457583878
pit_ti_224_classification,207,32,44306.21457583878
pit_ti_224_classification,207,33,44306.21457583878
pit_ti_224_classification,207,34,68926.12104349695
pit_ti_224_classification,207,35,68926.12104349695
pit_ti_224_classification,207,36,68926.12104349695
pit_ti_224_classification,207,37,68926.12104349695
pit_ti_224_classification,207,38,44306.21457583878
pit_ti_224_classification,207,39,44306.21457583878
pit_ti_224_classification,207,40,68926.12104349695
pit_ti_224_classification,207,41,68926.12104349695
pit_ti_224_classification,207,42,44306.21457583878
pit_ti_224_classification,207,43,68926.12104349695
pit_ti_224_classification,207,44,107226.72220103232
pit_ti_224_classification,207,45,44306.21457583878
pit_ti_224_classification,207,46,107226.72220103232
pit_ti_224_classification,207,47,68926.12104349695
pit_ti_224_classification,207,48,28480.35868435799
pit_ti_224_classification,207,49,44306.21457583878
pit_ti_224_classification,207,50,68926.12104349695
vit_base_patch32_224_classification,218,1,259502.4211399732
vit_base_patch32_224_classification,218,2,107226.72220103232
vit_base_patch32_224_classification,218,3,107226.72220103232
vit_base_patch32_224_classification,218,4,107226.72220103232
vit_base_patch32_224_classification,218,5,107226.72220103232
vit_base_patch32_224_classification,218,6,166810.0537200059
vit_base_patch32_224_classification,218,7,166810.0537200059
vit_base_patch32_224_classification,218,8,403701.72585965495
vit_base_patch32_224_classification,218,9,166810.0537200059
vit_base_patch32_224_classification,218,10,166810.0537200059
vit_base_patch32_224_classification,218,11,259502.4211399732
vit_base_patch32_224_classification,218,12,107226.72220103232
vit_base_patch32_224_classification,218,13,403701.72585965495
vit_base_patch32_224_classification,218,14,259502.4211399732
vit_base_patch32_224_classification,218,15,259502.4211399732
vit_base_patch32_224_classification,218,16,259502.4211399732
vit_base_patch32_224_classification,218,17,259502.4211399732
vit_base_patch32_224_classification,218,18,403701.72585965495
vit_base_patch32_224_classification,218,19,259502.4211399732
vit_base_patch32_224_classification,218,20,403701.72585965495
vit_base_patch32_224_classification,218,21,259502.4211399732
vit_base_patch32_224_classification,218,22,259502.4211399732
vit_base_patch32_224_classification,218,23,259502.4211399732
vit_base_patch32_224_classification,218,24,403701.72585965495
vit_base_patch32_224_classification,218,25,259502.4211399732
vit_base_patch32_224_classification,218,26,403701.72585965495
vit_base_patch32_224_classification,218,27,259502.4211399732
vit_base_patch32_224_classification,218,28,403701.72585965495
vit_base_patch32_224_classification,218,29,403701.72585965495
vit_base_patch32_224_classification,218,30,259502.4211399732
vit_base_patch32_224_classification,218,31,259502.4211399732
vit_base_patch32_224_classification,218,32,259502.4211399732
vit_base_patch32_224_classification,218,33,259502.4211399732
vit_base_patch32_224_classification,218,34,403701.72585965495
vit_base_patch32_224_classification,218,35,259502.4211399732
vit_base_patch32_224_classification,218,36,403701.72585965495
vit_base_patch32_224_classification,218,37,403701.72585965495
vit_base_patch32_224_classification,218,38,259502.4211399732
vit_base_patch32_224_classification,218,39,403701.72585965495
vit_base_patch32_224_classification,218,40,259502.4211399732
vit_base_patch32_224_classification,218,41,403701.72585965495
vit_base_patch32_224_classification,218,42,403701.72585965495
vit_base_patch32_224_classification,218,43,403701.72585965495
vit_base_patch32_224_classification,218,44,628029.1441834247
vit_base_patch32_224_classification,218,45,259502.4211399732
vit_base_patch32_224_classification,218,46,403701.72585965495
vit_base_patch32_224_classification,218,47,259502.4211399732
vit_base_patch32_224_classification,218,48,166810.0537200059
vit_base_patch32_224_classification,218,49,259502.4211399732
vit_base_patch32_224_classification,218,50,403701.72585965495
vit_base_patch32_224_classification,218,1,259502.4211399732
vit_base_patch32_224_classification,218,2,107226.72220103232
vit_base_patch32_224_classification,218,3,107226.72220103232
vit_base_patch32_224_classification,218,4,107226.72220103232
vit_base_patch32_224_classification,218,5,107226.72220103232
vit_base_patch32_224_classification,218,6,166810.0537200059
vit_base_patch32_224_classification,218,7,166810.0537200059
vit_base_patch32_224_classification,218,8,403701.72585965495
vit_base_patch32_224_classification,218,9,166810.0537200059
vit_base_patch32_224_classification,218,10,166810.0537200059
vit_base_patch32_224_classification,218,11,259502.4211399732
vit_base_patch32_224_classification,218,12,107226.72220103232
vit_base_patch32_224_classification,218,13,403701.72585965495
vit_base_patch32_224_classification,218,14,259502.4211399732
vit_base_patch32_224_classification,218,15,259502.4211399732
vit_base_patch32_224_classification,218,16,259502.4211399732
vit_base_patch32_224_classification,218,17,259502.4211399732
vit_base_patch32_224_classification,218,18,403701.72585965495
vit_base_patch32_224_classification,218,19,259502.4211399732
vit_base_patch32_224_classification,218,20,403701.72585965495
vit_base_patch32_224_classification,218,21,259502.4211399732
vit_base_patch32_224_classification,218,22,259502.4211399732
vit_base_patch32_224_classification,218,23,259502.4211399732
vit_base_patch32_224_classification,218,24,403701.72585965495
vit_base_patch32_224_classification,218,25,259502.4211399732
vit_base_patch32_224_classification,218,26,403701.72585965495
vit_base_patch32_224_classification,218,27,259502.4211399732
vit_base_patch32_224_classification,218,28,403701.72585965495
vit_base_patch32_224_classification,218,29,403701.72585965495
vit_base_patch32_224_classification,218,30,259502.4211399732
vit_base_patch32_224_classification,218,31,259502.4211399732
vit_base_patch32_224_classification,218,32,259502.4211399732
vit_base_patch32_224_classification,218,33,259502.4211399732
vit_base_patch32_224_classification,218,34,403701.72585965495
vit_base_patch32_224_classification,218,35,259502.4211399732
vit_base_patch32_224_classification,218,36,403701.72585965495
vit_base_patch32_224_classification,218,37,403701.72585965495
vit_base_patch32_224_classification,218,38,259502.4211399732
vit_base_patch32_224_classification,218,39,403701.72585965495
vit_base_patch32_224_classification,218,40,259502.4211399732
vit_base_patch32_224_classification,218,41,403701.72585965495
vit_base_patch32_224_classification,218,42,403701.72585965495
vit_base_patch32_224_classification,218,43,403701.72585965495
vit_base_patch32_224_classification,218,44,628029.1441834247
vit_base_patch32_224_classification,218,45,259502.4211399732
vit_base_patch32_224_classification,218,46,403701.72585965495
vit_base_patch32_224_classification,218,47,259502.4211399732
vit_base_patch32_224_classification,218,48,166810.0537200059
vit_base_patch32_224_classification,218,49,259502.4211399732
vit_base_patch32_224_classification,218,50,403701.72585965495
vit_base_patch16_224_classification,197,1,628029.1441834247
vit_base_patch16_224_classification,197,2,259502.4211399732
vit_base_patch16_224_classification,197,3,259502.4211399732
vit_base_patch16_224_classification,197,4,259502.4211399732
vit_base_patch16_224_classification,197,5,403701.72585965495
vit_base_patch16_224_classification,197,6,403701.72585965495
vit_base_patch16_224_classification,197,7,403701.72585965495
vit_base_patch16_224_classification,197,8,977009.9572992247
vit_base_patch16_224_classification,197,9,403701.72585965495
vit_base_patch16_224_classification,197,10,403701.72585965495
vit_base_patch16_224_classification,197,11,403701.72585965495
vit_base_patch16_224_classification,197,12,259502.4211399732
vit_base_patch16_224_classification,197,13,977009.9572992247
vit_base_patch16_224_classification,197,14,628029.1441834247
vit_base_patch16_224_classification,197,15,403701.72585965495
vit_base_patch16_224_classification,197,16,628029.1441834247
vit_base_patch16_224_classification,197,17,628029.1441834247
vit_base_patch16_224_classification,197,18,977009.9572992247
vit_base_patch16_224_classification,197,19,628029.1441834247
vit_base_patch16_224_classification,197,20,628029.1441834247
vit_base_patch16_224_classification,197,21,628029.1441834247
vit_base_patch16_224_classification,197,22,628029.1441834247
vit_base_patch16_224_classification,197,23,628029.1441834247
vit_base_patch16_224_classification,197,24,628029.1441834247
vit_base_patch16_224_classification,197,25,628029.1441834247
vit_base_patch16_224_classification,197,26,977009.9572992247
vit_base_patch16_224_classification,197,27,628029.1441834247
vit_base_patch16_224_classification,197,28,977009.9572992247
vit_base_patch16_224_classification,197,29,977009.9572992247
vit_base_patch16_224_classification,197,30,977009.9572992247
vit_base_patch16_224_classification,197,31,628029.1441834247
vit_base_patch16_224_classification,197,32,628029.1441834247
vit_base_patch16_224_classification,197,33,977009.9572992247
vit_base_patch16_224_classification,197,34,977009.9572992247
vit_base_patch16_224_classification,197,35,977009.9572992247
vit_base_patch16_224_classification,197,36,977009.9572992247
vit_base_patch16_224_classification,197,37,977009.9572992247
vit_base_patch16_224_classification,197,38,628029.1441834247
vit_base_patch16_224_classification,197,39,628029.1441834247
vit_base_patch16_224_classification,197,40,628029.1441834247
vit_base_patch16_224_classification,197,41,977009.9572992247
vit_base_patch16_224_classification,197,42,977009.9572992247
vit_base_patch16_224_classification,197,43,977009.9572992247
vit_base_patch16_224_classification,197,44,1519911.0829529332
vit_base_patch16_224_classification,197,45,628029.1441834247
vit_base_patch16_224_classification,197,46,1519911.0829529332
vit_base_patch16_224_classification,197,47,977009.9572992247
vit_base_patch16_224_classification,197,48,403701.72585965495
vit_base_patch16_224_classification,197,49,628029.1441834247
vit_base_patch16_224_classification,197,50,628029.1441834247
vit_base_patch16_224_classification,197,1,628029.1441834247
vit_base_patch16_224_classification,197,2,259502.4211399732
vit_base_patch16_224_classification,197,3,259502.4211399732
vit_base_patch16_224_classification,197,4,259502.4211399732
vit_base_patch16_224_classification,197,5,403701.72585965495
vit_base_patch16_224_classification,197,6,403701.72585965495
vit_base_patch16_224_classification,197,7,403701.72585965495
vit_base_patch16_224_classification,197,8,977009.9572992247
vit_base_patch16_224_classification,197,9,403701.72585965495
vit_base_patch16_224_classification,197,10,403701.72585965495
vit_base_patch16_224_classification,197,11,403701.72585965495
vit_base_patch16_224_classification,197,12,259502.4211399732
vit_base_patch16_224_classification,197,13,977009.9572992247
vit_base_patch16_224_classification,197,14,628029.1441834247
vit_base_patch16_224_classification,197,15,403701.72585965495
vit_base_patch16_224_classification,197,16,628029.1441834247
vit_base_patch16_224_classification,197,17,628029.1441834247
vit_base_patch16_224_classification,197,18,977009.9572992247
vit_base_patch16_224_classification,197,19,628029.1441834247
vit_base_patch16_224_classification,197,20,628029.1441834247
vit_base_patch16_224_classification,197,21,628029.1441834247
vit_base_patch16_224_classification,197,22,628029.1441834247
vit_base_patch16_224_classification,197,23,628029.1441834247
vit_base_patch16_224_classification,197,24,628029.1441834247
vit_base_patch16_224_classification,197,25,628029.1441834247
vit_base_patch16_224_classification,197,26,977009.9572992247
vit_base_patch16_224_classification,197,27,628029.1441834247
vit_base_patch16_224_classification,197,28,977009.9572992247
vit_base_patch16_224_classification,197,29,977009.9572992247
vit_base_patch16_224_classification,197,30,977009.9572992247
vit_base_patch16_224_classification,197,31,628029.1441834247
vit_base_patch16_224_classification,197,32,628029.1441834247
vit_base_patch16_224_classification,197,33,977009.9572992247
vit_base_patch16_224_classification,197,34,977009.9572992247
vit_base_patch16_224_classification,197,35,977009.9572992247
vit_base_patch16_224_classification,197,36,977009.9572992247
vit_base_patch16_224_classification,197,37,977009.9572992247
vit_base_patch16_224_classification,197,38,628029.1441834247
vit_base_patch16_224_classification,197,39,628029.1441834247
vit_base_patch16_224_classification,197,40,628029.1441834247
vit_base_patch16_224_classification,197,41,977009.9572992247
vit_base_patch16_224_classification,197,42,977009.9572992247
vit_base_patch16_224_classification,197,43,977009.9572992247
vit_base_patch16_224_classification,197,44,1519911.0829529332
vit_base_patch16_224_classification,197,45,628029.1441834247
vit_base_patch16_224_classification,197,46,1519911.0829529332
vit_base_patch16_224_classification,197,47,977009.9572992247
vit_base_patch16_224_classification,197,48,403701.72585965495
vit_base_patch16_224_classification,197,49,628029.1441834247
vit_base_patch16_224_classification,197,50,628029.1441834247
tnt_s_patch16_224_classification,198,1,628029.1441834247
tnt_s_patch16_224_classification,198,2,259502.4211399732
tnt_s_patch16_224_classification,198,3,166810.0537200059
tnt_s_patch16_224_classification,198,4,166810.0537200059
tnt_s_patch16_224_classification,198,5,259502.4211399732
tnt_s_patch16_224_classification,198,6,403701.72585965495
tnt_s_patch16_224_classification,198,7,403701.72585965495
tnt_s_patch16_224_classification,198,8,977009.9572992247
tnt_s_patch16_224_classification,198,9,259502.4211399732
tnt_s_patch16_224_classification,198,10,259502.4211399732
tnt_s_patch16_224_classification,198,11,403701.72585965495
tnt_s_patch16_224_classification,198,12,259502.4211399732
tnt_s_patch16_224_classification,198,13,628029.1441834247
tnt_s_patch16_224_classification,198,14,403701.72585965495
tnt_s_patch16_224_classification,198,15,403701.72585965495
tnt_s_patch16_224_classification,198,16,403701.72585965495
tnt_s_patch16_224_classification,198,17,403701.72585965495
tnt_s_patch16_224_classification,198,18,628029.1441834247
tnt_s_patch16_224_classification,198,19,403701.72585965495
tnt_s_patch16_224_classification,198,20,403701.72585965495
tnt_s_patch16_224_classification,198,21,628029.1441834247
tnt_s_patch16_224_classification,198,22,628029.1441834247
tnt_s_patch16_224_classification,198,23,403701.72585965495
tnt_s_patch16_224_classification,198,24,628029.1441834247
tnt_s_patch16_224_classification,198,25,403701.72585965495
tnt_s_patch16_224_classification,198,26,628029.1441834247
tnt_s_patch16_224_classification,198,27,628029.1441834247
tnt_s_patch16_224_classification,198,28,977009.9572992247
tnt_s_patch16_224_classification,198,29,628029.1441834247
tnt_s_patch16_224_classification,198,30,628029.1441834247
tnt_s_patch16_224_classification,198,31,403701.72585965495
tnt_s_patch16_224_classification,198,32,403701.72585965495
tnt_s_patch16_224_classification,198,33,628029.1441834247
tnt_s_patch16_224_classification,198,34,628029.1441834247
tnt_s_patch16_224_classification,198,35,628029.1441834247
tnt_s_patch16_224_classification,198,36,977009.9572992247
tnt_s_patch16_224_classification,198,37,977009.9572992247
tnt_s_patch16_224_classification,198,38,403701.72585965495
tnt_s_patch16_224_classification,198,39,628029.1441834247
tnt_s_patch16_224_classification,198,40,628029.1441834247
tnt_s_patch16_224_classification,198,41,628029.1441834247
tnt_s_patch16_224_classification,198,42,628029.1441834247
tnt_s_patch16_224_classification,198,43,628029.1441834247
tnt_s_patch16_224_classification,198,44,977009.9572992247
tnt_s_patch16_224_classification,198,45,403701.72585965495
tnt_s_patch16_224_classification,198,46,977009.9572992247
tnt_s_patch16_224_classification,198,47,628029.1441834247
tnt_s_patch16_224_classification,198,48,259502.4211399732
tnt_s_patch16_224_classification,198,49,628029.1441834247
tnt_s_patch16_224_classification,198,50,628029.1441834247
tnt_s_patch16_224_classification,198,1,628029.1441834247
tnt_s_patch16_224_classification,198,2,259502.4211399732
tnt_s_patch16_224_classification,198,3,166810.0537200059
tnt_s_patch16_224_classification,198,4,166810.0537200059
tnt_s_patch16_224_classification,198,5,259502.4211399732
tnt_s_patch16_224_classification,198,6,403701.72585965495
tnt_s_patch16_224_classification,198,7,403701.72585965495
tnt_s_patch16_224_classification,198,8,977009.9572992247
tnt_s_patch16_224_classification,198,9,259502.4211399732
tnt_s_patch16_224_classification,198,10,259502.4211399732
tnt_s_patch16_224_classification,198,11,403701.72585965495
tnt_s_patch16_224_classification,198,12,259502.4211399732
tnt_s_patch16_224_classification,198,13,628029.1441834247
tnt_s_patch16_224_classification,198,14,403701.72585965495
tnt_s_patch16_224_classification,198,15,403701.72585965495
tnt_s_patch16_224_classification,198,16,403701.72585965495
tnt_s_patch16_224_classification,198,17,403701.72585965495
tnt_s_patch16_224_classification,198,18,628029.1441834247
tnt_s_patch16_224_classification,198,19,403701.72585965495
tnt_s_patch16_224_classification,198,20,403701.72585965495
tnt_s_patch16_224_classification,198,21,628029.1441834247
tnt_s_patch16_224_classification,198,22,628029.1441834247
tnt_s_patch16_224_classification,198,23,403701.72585965495
tnt_s_patch16_224_classification,198,24,628029.1441834247
tnt_s_patch16_224_classification,198,25,403701.72585965495
tnt_s_patch16_224_classification,198,26,628029.1441834247
tnt_s_patch16_224_classification,198,27,628029.1441834247
tnt_s_patch16_224_classification,198,28,977009.9572992247
tnt_s_patch16_224_classification,198,29,628029.1441834247
tnt_s_patch16_224_classification,198,30,628029.1441834247
tnt_s_patch16_224_classification,198,31,403701.72585965495
tnt_s_patch16_224_classification,198,32,403701.72585965495
tnt_s_patch16_224_classification,198,33,628029.1441834247
tnt_s_patch16_224_classification,198,34,628029.1441834247
tnt_s_patch16_224_classification,198,35,628029.1441834247
tnt_s_patch16_224_classification,198,36,977009.9572992247
tnt_s_patch16_224_classification,198,37,977009.9572992247
tnt_s_patch16_224_classification,198,38,403701.72585965495
tnt_s_patch16_224_classification,198,39,628029.1441834247
tnt_s_patch16_224_classification,198,40,628029.1441834247
tnt_s_patch16_224_classification,198,41,628029.1441834247
tnt_s_patch16_224_classification,198,42,628029.1441834247
tnt_s_patch16_224_classification,198,43,628029.1441834247
tnt_s_patch16_224_classification,198,44,977009.9572992247
tnt_s_patch16_224_classification,198,45,403701.72585965495
tnt_s_patch16_224_classification,198,46,977009.9572992247
tnt_s_patch16_224_classification,198,47,628029.1441834247
tnt_s_patch16_224_classification,198,48,259502.4211399732
tnt_s_patch16_224_classification,198,49,628029.1441834247
tnt_s_patch16_224_classification,198,50,628029.1441834247
crossvit_base_240_classification,336,1,5722367.659350208
crossvit_base_240_classification,336,2,1519911.0829529332
crossvit_base_240_classification,336,3,977009.9572992247
crossvit_base_240_classification,336,4,1519911.0829529332
crossvit_base_240_classification,336,5,2364489.412645407
crossvit_base_240_classification,336,6,2364489.412645407
crossvit_base_240_classification,336,7,2364489.412645407
crossvit_base_240_classification,336,8,5722367.659350208
crossvit_base_240_classification,336,9,2364489.412645407
crossvit_base_240_classification,336,10,2364489.412645407
crossvit_base_240_classification,336,11,3678379.7718286267
crossvit_base_240_classification,336,12,1519911.0829529332
crossvit_base_240_classification,336,13,5722367.659350208
crossvit_base_240_classification,336,14,3678379.7718286267
crossvit_base_240_classification,336,15,2364489.412645407
crossvit_base_240_classification,336,16,3678379.7718286267
crossvit_base_240_classification,336,17,3678379.7718286267
crossvit_base_240_classification,336,18,5722367.659350208
crossvit_base_240_classification,336,19,3678379.7718286267
crossvit_base_240_classification,336,20,3678379.7718286267
crossvit_base_240_classification,336,21,3678379.7718286267
crossvit_base_240_classification,336,22,3678379.7718286267
crossvit_base_240_classification,336,23,3678379.7718286267
crossvit_base_240_classification,336,24,3678379.7718286267
crossvit_base_240_classification,336,25,3678379.7718286267
crossvit_base_240_classification,336,26,5722367.659350208
crossvit_base_240_classification,336,27,3678379.7718286267
crossvit_base_240_classification,336,28,5722367.659350208
crossvit_base_240_classification,336,29,3678379.7718286267
crossvit_base_240_classification,336,30,3678379.7718286267
crossvit_base_240_classification,336,31,3678379.7718286267
crossvit_base_240_classification,336,32,3678379.7718286267
crossvit_base_240_classification,336,33,3678379.7718286267
crossvit_base_240_classification,336,34,5722367.659350208
crossvit_base_240_classification,336,35,3678379.7718286267
crossvit_base_240_classification,336,36,5722367.659350208
crossvit_base_240_classification,336,37,5722367.659350208
crossvit_base_240_classification,336,38,3678379.7718286267
crossvit_base_240_classification,336,39,3678379.7718286267
crossvit_base_240_classification,336,40,3678379.7718286267
crossvit_base_240_classification,336,41,5722367.659350208
crossvit_base_240_classification,336,42,3678379.7718286267
crossvit_base_240_classification,336,43,5722367.659350208
crossvit_base_240_classification,336,44,5722367.659350208
crossvit_base_240_classification,336,45,3678379.7718286267
crossvit_base_240_classification,336,46,8902150.854450375
crossvit_base_240_classification,336,47,3678379.7718286267
crossvit_base_240_classification,336,48,1519911.0829529332
crossvit_base_240_classification,336,49,3678379.7718286267
crossvit_base_240_classification,336,50,3678379.7718286267
crossvit_base_240_classification,336,1,5722367.659350208
crossvit_base_240_classification,336,2,1519911.0829529332
crossvit_base_240_classification,336,3,977009.9572992247
crossvit_base_240_classification,336,4,1519911.0829529332
crossvit_base_240_classification,336,5,2364489.412645407
crossvit_base_240_classification,336,6,2364489.412645407
crossvit_base_240_classification,336,7,2364489.412645407
crossvit_base_240_classification,336,8,5722367.659350208
crossvit_base_240_classification,336,9,2364489.412645407
crossvit_base_240_classification,336,10,2364489.412645407
crossvit_base_240_classification,336,11,3678379.7718286267
crossvit_base_240_classification,336,12,1519911.0829529332
crossvit_base_240_classification,336,13,5722367.659350208
crossvit_base_240_classification,336,14,3678379.7718286267
crossvit_base_240_classification,336,15,2364489.412645407
crossvit_base_240_classification,336,16,3678379.7718286267
crossvit_base_240_classification,336,17,3678379.7718286267
crossvit_base_240_classification,336,18,5722367.659350208
crossvit_base_240_classification,336,19,3678379.7718286267
crossvit_base_240_classification,336,20,3678379.7718286267
crossvit_base_240_classification,336,21,3678379.7718286267
crossvit_base_240_classification,336,22,3678379.7718286267
crossvit_base_240_classification,336,23,3678379.7718286267
crossvit_base_240_classification,336,24,3678379.7718286267
crossvit_base_240_classification,336,25,3678379.7718286267
crossvit_base_240_classification,336,26,5722367.659350208
crossvit_base_240_classification,336,27,3678379.7718286267
crossvit_base_240_classification,336,28,5722367.659350208
crossvit_base_240_classification,336,29,3678379.7718286267
crossvit_base_240_classification,336,30,3678379.7718286267
crossvit_base_240_classification,336,31,3678379.7718286267
crossvit_base_240_classification,336,32,3678379.7718286267
crossvit_base_240_classification,336,33,3678379.7718286267
crossvit_base_240_classification,336,34,5722367.659350208
crossvit_base_240_classification,336,35,3678379.7718286267
crossvit_base_240_classification,336,36,5722367.659350208
crossvit_base_240_classification,336,37,5722367.659350208
crossvit_base_240_classification,336,38,3678379.7718286267
crossvit_base_240_classification,336,39,3678379.7718286267
crossvit_base_240_classification,336,40,3678379.7718286267
crossvit_base_240_classification,336,41,5722367.659350208
crossvit_base_240_classification,336,42,3678379.7718286267
crossvit_base_240_classification,336,43,5722367.659350208
crossvit_base_240_classification,336,44,5722367.659350208
crossvit_base_240_classification,336,45,3678379.7718286267
crossvit_base_240_classification,336,46,8902150.854450375
crossvit_base_240_classification,336,47,3678379.7718286267
crossvit_base_240_classification,336,48,1519911.0829529332
crossvit_base_240_classification,336,49,3678379.7718286267
crossvit_base_240_classification,336,50,3678379.7718286267
deit_base_patch16_224_classification,205,1,3678379.7718286267
deit_base_patch16_224_classification,205,2,1519911.0829529332
deit_base_patch16_224_classification,205,3,977009.9572992247
deit_base_patch16_224_classification,205,4,977009.9572992247
deit_base_patch16_224_classification,205,5,1519911.0829529332
deit_base_patch16_224_classification,205,6,2364489.412645407
deit_base_patch16_224_classification,205,7,2364489.412645407
deit_base_patch16_224_classification,205,8,5722367.659350208
deit_base_patch16_224_classification,205,9,1519911.0829529332
deit_base_patch16_224_classification,205,10,1519911.0829529332
deit_base_patch16_224_classification,205,11,2364489.412645407
deit_base_patch16_224_classification,205,12,1519911.0829529332
deit_base_patch16_224_classification,205,13,5722367.659350208
deit_base_patch16_224_classification,205,14,2364489.412645407
deit_base_patch16_224_classification,205,15,1519911.0829529332
deit_base_patch16_224_classification,205,16,3678379.7718286267
deit_base_patch16_224_classification,205,17,2364489.412645407
deit_base_patch16_224_classification,205,18,3678379.7718286267
deit_base_patch16_224_classification,205,19,2364489.412645407
deit_base_patch16_224_classification,205,20,3678379.7718286267
deit_base_patch16_224_classification,205,21,3678379.7718286267
deit_base_patch16_224_classification,205,22,2364489.412645407
deit_base_patch16_224_classification,205,23,3678379.7718286267
deit_base_patch16_224_classification,205,24,3678379.7718286267
deit_base_patch16_224_classification,205,25,2364489.412645407
deit_base_patch16_224_classification,205,26,5722367.659350208
deit_base_patch16_224_classification,205,27,3678379.7718286267
deit_base_patch16_224_classification,205,28,5722367.659350208
deit_base_patch16_224_classification,205,29,3678379.7718286267
deit_base_patch16_224_classification,205,30,3678379.7718286267
deit_base_patch16_224_classification,205,31,2364489.412645407
deit_base_patch16_224_classification,205,32,2364489.412645407
deit_base_patch16_224_classification,205,33,3678379.7718286267
deit_base_patch16_224_classification,205,34,5722367.659350208
deit_base_patch16_224_classification,205,35,3678379.7718286267
deit_base_patch16_224_classification,205,36,5722367.659350208
deit_base_patch16_224_classification,205,37,5722367.659350208
deit_base_patch16_224_classification,205,38,2364489.412645407
deit_base_patch16_224_classification,205,39,3678379.7718286267
deit_base_patch16_224_classification,205,40,3678379.7718286267
deit_base_patch16_224_classification,205,41,3678379.7718286267
deit_base_patch16_224_classification,205,42,3678379.7718286267
deit_base_patch16_224_classification,205,43,3678379.7718286267
deit_base_patch16_224_classification,205,44,5722367.659350208
deit_base_patch16_224_classification,205,45,2364489.412645407
deit_base_patch16_224_classification,205,46,5722367.659350208
deit_base_patch16_224_classification,205,47,3678379.7718286267
deit_base_patch16_224_classification,205,48,1519911.0829529332
deit_base_patch16_224_classification,205,49,3678379.7718286267
deit_base_patch16_224_classification,205,50,3678379.7718286267
deit_base_patch16_224_classification,205,1,3678379.7718286267
deit_base_patch16_224_classification,205,2,1519911.0829529332
deit_base_patch16_224_classification,205,3,977009.9572992247
deit_base_patch16_224_classification,205,4,977009.9572992247
deit_base_patch16_224_classification,205,5,1519911.0829529332
deit_base_patch16_224_classification,205,6,2364489.412645407
deit_base_patch16_224_classification,205,7,2364489.412645407
deit_base_patch16_224_classification,205,8,5722367.659350208
deit_base_patch16_224_classification,205,9,1519911.0829529332
deit_base_patch16_224_classification,205,10,1519911.0829529332
deit_base_patch16_224_classification,205,11,2364489.412645407
deit_base_patch16_224_classification,205,12,1519911.0829529332
deit_base_patch16_224_classification,205,13,5722367.659350208
deit_base_patch16_224_classification,205,14,2364489.412645407
deit_base_patch16_224_classification,205,15,1519911.0829529332
deit_base_patch16_224_classification,205,16,3678379.7718286267
deit_base_patch16_224_classification,205,17,2364489.412645407
deit_base_patch16_224_classification,205,18,3678379.7718286267
deit_base_patch16_224_classification,205,19,2364489.412645407
deit_base_patch16_224_classification,205,20,3678379.7718286267
deit_base_patch16_224_classification,205,21,3678379.7718286267
deit_base_patch16_224_classification,205,22,2364489.412645407
deit_base_patch16_224_classification,205,23,3678379.7718286267
deit_base_patch16_224_classification,205,24,3678379.7718286267
deit_base_patch16_224_classification,205,25,2364489.412645407
deit_base_patch16_224_classification,205,26,5722367.659350208
deit_base_patch16_224_classification,205,27,3678379.7718286267
deit_base_patch16_224_classification,205,28,5722367.659350208
deit_base_patch16_224_classification,205,29,3678379.7718286267
deit_base_patch16_224_classification,205,30,3678379.7718286267
deit_base_patch16_224_classification,205,31,2364489.412645407
deit_base_patch16_224_classification,205,32,2364489.412645407
deit_base_patch16_224_classification,205,33,3678379.7718286267
deit_base_patch16_224_classification,205,34,5722367.659350208
deit_base_patch16_224_classification,205,35,3678379.7718286267
deit_base_patch16_224_classification,205,36,5722367.659350208
deit_base_patch16_224_classification,205,37,5722367.659350208
deit_base_patch16_224_classification,205,38,2364489.412645407
deit_base_patch16_224_classification,205,39,3678379.7718286267
deit_base_patch16_224_classification,205,40,3678379.7718286267
deit_base_patch16_224_classification,205,41,3678379.7718286267
deit_base_patch16_224_classification,205,42,3678379.7718286267
deit_base_patch16_224_classification,205,43,3678379.7718286267
deit_base_patch16_224_classification,205,44,5722367.659350208
deit_base_patch16_224_classification,205,45,2364489.412645407
deit_base_patch16_224_classification,205,46,5722367.659350208
deit_base_patch16_224_classification,205,47,3678379.7718286267
deit_base_patch16_224_classification,205,48,1519911.0829529332
deit_base_patch16_224_classification,205,49,3678379.7718286267
deit_base_patch16_224_classification,205,50,3678379.7718286267
levit_128_classification,181,1,628029.1441834247
levit_128_classification,181,2,259502.4211399732
levit_128_classification,181,3,166810.0537200059
levit_128_classification,181,4,259502.4211399732
levit_128_classification,181,5,259502.4211399732
levit_128_classification,181,6,403701.72585965495
levit_128_classification,181,7,403701.72585965495
levit_128_classification,181,8,977009.9572992247
levit_128_classification,181,9,403701.72585965495
levit_128_classification,181,10,403701.72585965495
levit_128_classification,181,11,628029.1441834247
levit_128_classification,181,12,259502.4211399732
levit_128_classification,181,13,977009.9572992247
levit_128_classification,181,14,403701.72585965495
levit_128_classification,181,15,403701.72585965495
levit_128_classification,181,16,628029.1441834247
levit_128_classification,181,17,628029.1441834247
levit_128_classification,181,18,977009.9572992247
levit_128_classification,181,19,628029.1441834247
levit_128_classification,181,20,628029.1441834247
levit_128_classification,181,21,628029.1441834247
levit_128_classification,181,22,628029.1441834247
levit_128_classification,181,23,628029.1441834247
levit_128_classification,181,24,977009.9572992247
levit_128_classification,181,25,628029.1441834247
levit_128_classification,181,26,977009.9572992247
levit_128_classification,181,27,628029.1441834247
levit_128_classification,181,28,628029.1441834247
levit_128_classification,181,29,977009.9572992247
levit_128_classification,181,30,628029.1441834247
levit_128_classification,181,31,403701.72585965495
levit_128_classification,181,32,403701.72585965495
levit_128_classification,181,33,628029.1441834247
levit_128_classification,181,34,977009.9572992247
levit_128_classification,181,35,628029.1441834247
levit_128_classification,181,36,977009.9572992247
levit_128_classification,181,37,977009.9572992247
levit_128_classification,181,38,628029.1441834247
levit_128_classification,181,39,628029.1441834247
levit_128_classification,181,40,628029.1441834247
levit_128_classification,181,41,977009.9572992247
levit_128_classification,181,42,628029.1441834247
levit_128_classification,181,43,628029.1441834247
levit_128_classification,181,44,977009.9572992247
levit_128_classification,181,45,628029.1441834247
levit_128_classification,181,46,1519911.0829529332
levit_128_classification,181,47,628029.1441834247
levit_128_classification,181,48,403701.72585965495
levit_128_classification,181,49,628029.1441834247
levit_128_classification,181,50,977009.9572992247
coat_lite_tiny_classification,219,1,4862.601580065353
coat_lite_tiny_classification,219,2,2009.2330025650458
coat_lite_tiny_classification,219,3,1291.549665014884
coat_lite_tiny_classification,219,4,1291.549665014884
coat_lite_tiny_classification,219,5,2009.2330025650458
coat_lite_tiny_classification,219,6,3125.7158496882353
coat_lite_tiny_classification,219,7,3125.7158496882353
coat_lite_tiny_classification,219,8,7564.633275546283
coat_lite_tiny_classification,219,9,3125.7158496882353
coat_lite_tiny_classification,219,10,3125.7158496882353
coat_lite_tiny_classification,219,11,3125.7158496882353
coat_lite_tiny_classification,219,12,2009.2330025650458
coat_lite_tiny_classification,219,13,7564.633275546283
coat_lite_tiny_classification,219,14,3125.7158496882353
coat_lite_tiny_classification,219,15,3125.7158496882353
coat_lite_tiny_classification,219,16,4862.601580065353
coat_lite_tiny_classification,219,17,3125.7158496882353
coat_lite_tiny_classification,219,18,7564.633275546283
coat_lite_tiny_classification,219,19,3125.7158496882353
coat_lite_tiny_classification,219,20,4862.601580065353
coat_lite_tiny_classification,219,21,4862.601580065353
coat_lite_tiny_classification,219,22,4862.601580065353
coat_lite_tiny_classification,219,23,4862.601580065353
coat_lite_tiny_classification,219,24,4862.601580065353
coat_lite_tiny_classification,219,25,3125.7158496882353
coat_lite_tiny_classification,219,26,7564.633275546283
coat_lite_tiny_classification,219,27,4862.601580065353
coat_lite_tiny_classification,219,28,7564.633275546283
coat_lite_tiny_classification,219,29,4862.601580065353
coat_lite_tiny_classification,219,30,4862.601580065353
coat_lite_tiny_classification,219,31,3125.7158496882353
coat_lite_tiny_classification,219,32,4862.601580065353
coat_lite_tiny_classification,219,33,4862.601580065353
coat_lite_tiny_classification,219,34,7564.633275546283
coat_lite_tiny_classification,219,35,4862.601580065353
coat_lite_tiny_classification,219,36,4862.601580065353
coat_lite_tiny_classification,219,37,4862.601580065353
coat_lite_tiny_classification,219,38,3125.7158496882353
coat_lite_tiny_classification,219,39,4862.601580065353
coat_lite_tiny_classification,219,40,4862.601580065353
coat_lite_tiny_classification,219,41,4862.601580065353
coat_lite_tiny_classification,219,42,4862.601580065353
coat_lite_tiny_classification,219,43,4862.601580065353
coat_lite_tiny_classification,219,44,7564.633275546283
coat_lite_tiny_classification,219,45,3125.7158496882353
coat_lite_tiny_classification,219,46,7564.633275546283
coat_lite_tiny_classification,219,47,4862.601580065353
coat_lite_tiny_classification,219,48,2009.2330025650458
coat_lite_tiny_classification,219,49,4862.601580065353
coat_lite_tiny_classification,219,50,4862.601580065353
levit_128_classification,181,1,628029.1441834247
levit_128_classification,181,2,259502.4211399732
levit_128_classification,181,3,166810.0537200059
levit_128_classification,181,4,259502.4211399732
levit_128_classification,181,5,259502.4211399732
levit_128_classification,181,6,403701.72585965495
levit_128_classification,181,7,403701.72585965495
levit_128_classification,181,8,977009.9572992247
levit_128_classification,181,9,403701.72585965495
levit_128_classification,181,10,403701.72585965495
levit_128_classification,181,11,628029.1441834247
levit_128_classification,181,12,259502.4211399732
levit_128_classification,181,13,977009.9572992247
levit_128_classification,181,14,403701.72585965495
levit_128_classification,181,15,403701.72585965495
levit_128_classification,181,16,628029.1441834247
levit_128_classification,181,17,628029.1441834247
levit_128_classification,181,18,977009.9572992247
levit_128_classification,181,19,628029.1441834247
levit_128_classification,181,20,628029.1441834247
levit_128_classification,181,21,628029.1441834247
levit_128_classification,181,22,628029.1441834247
levit_128_classification,181,23,628029.1441834247
levit_128_classification,181,24,977009.9572992247
levit_128_classification,181,25,628029.1441834247
levit_128_classification,181,26,977009.9572992247
levit_128_classification,181,27,628029.1441834247
levit_128_classification,181,28,628029.1441834247
levit_128_classification,181,29,977009.9572992247
levit_128_classification,181,30,628029.1441834247
levit_128_classification,181,31,403701.72585965495
levit_128_classification,181,32,403701.72585965495
levit_128_classification,181,33,628029.1441834247
levit_128_classification,181,34,977009.9572992247
levit_128_classification,181,35,628029.1441834247
levit_128_classification,181,36,977009.9572992247
levit_128_classification,181,37,977009.9572992247
levit_128_classification,181,38,628029.1441834247
levit_128_classification,181,39,628029.1441834247
levit_128_classification,181,40,628029.1441834247
levit_128_classification,181,41,977009.9572992247
levit_128_classification,181,42,628029.1441834247
levit_128_classification,181,43,628029.1441834247
levit_128_classification,181,44,977009.9572992247
levit_128_classification,181,45,628029.1441834247
levit_128_classification,181,46,1519911.0829529332
levit_128_classification,181,47,628029.1441834247
levit_128_classification,181,48,403701.72585965495
levit_128_classification,181,49,628029.1441834247
levit_128_classification,181,50,977009.9572992247
visformer_small_classification,163,1,68926.12104349695
visformer_small_classification,163,2,28480.35868435799
visformer_small_classification,163,3,18307.382802953696
visformer_small_classification,163,4,28480.35868435799
visformer_small_classification,163,5,28480.35868435799
visformer_small_classification,163,6,44306.21457583878
visformer_small_classification,163,7,44306.21457583878
visformer_small_classification,163,8,107226.72220103232
visformer_small_classification,163,9,44306.21457583878
visformer_small_classification,163,10,28480.35868435799
visformer_small_classification,163,11,44306.21457583878
visformer_small_classification,163,12,28480.35868435799
visformer_small_classification,163,13,107226.72220103232
visformer_small_classification,163,14,68926.12104349695
visformer_small_classification,163,15,44306.21457583878
visformer_small_classification,163,16,68926.12104349695
visformer_small_classification,163,17,68926.12104349695
visformer_small_classification,163,18,107226.72220103232
visformer_small_classification,163,19,68926.12104349695
visformer_small_classification,163,20,68926.12104349695
visformer_small_classification,163,21,68926.12104349695
visformer_small_classification,163,22,68926.12104349695
visformer_small_classification,163,23,68926.12104349695
visformer_small_classification,163,24,68926.12104349695
visformer_small_classification,163,25,44306.21457583878
visformer_small_classification,163,26,107226.72220103232
visformer_small_classification,163,27,68926.12104349695
visformer_small_classification,163,28,107226.72220103232
visformer_small_classification,163,29,68926.12104349695
visformer_small_classification,163,30,68926.12104349695
visformer_small_classification,163,31,44306.21457583878
visformer_small_classification,163,32,68926.12104349695
visformer_small_classification,163,33,68926.12104349695
visformer_small_classification,163,34,107226.72220103232
visformer_small_classification,163,35,68926.12104349695
visformer_small_classification,163,36,107226.72220103232
visformer_small_classification,163,37,107226.72220103232
visformer_small_classification,163,38,44306.21457583878
visformer_small_classification,163,39,68926.12104349695
visformer_small_classification,163,40,68926.12104349695
visformer_small_classification,163,41,68926.12104349695
visformer_small_classification,163,42,68926.12104349695
visformer_small_classification,163,43,68926.12104349695
visformer_small_classification,163,44,107226.72220103232
visformer_small_classification,163,45,68926.12104349695
visformer_small_classification,163,46,166810.0537200059
visformer_small_classification,163,47,68926.12104349695
visformer_small_classification,163,48,28480.35868435799
visformer_small_classification,163,49,68926.12104349695
visformer_small_classification,163,50,68926.12104349695
coat_lite_tiny_classification,219,1,4862.601580065353
coat_lite_tiny_classification,219,2,2009.2330025650458
coat_lite_tiny_classification,219,3,1291.549665014884
coat_lite_tiny_classification,219,4,1291.549665014884
coat_lite_tiny_classification,219,5,2009.2330025650458
coat_lite_tiny_classification,219,6,3125.7158496882353
coat_lite_tiny_classification,219,7,3125.7158496882353
coat_lite_tiny_classification,219,8,7564.633275546283
coat_lite_tiny_classification,219,9,3125.7158496882353
coat_lite_tiny_classification,219,10,3125.7158496882353
coat_lite_tiny_classification,219,11,3125.7158496882353
coat_lite_tiny_classification,219,12,2009.2330025650458
coat_lite_tiny_classification,219,13,7564.633275546283
coat_lite_tiny_classification,219,14,3125.7158496882353
coat_lite_tiny_classification,219,15,3125.7158496882353
coat_lite_tiny_classification,219,16,4862.601580065353
coat_lite_tiny_classification,219,17,3125.7158496882353
coat_lite_tiny_classification,219,18,7564.633275546283
coat_lite_tiny_classification,219,19,3125.7158496882353
coat_lite_tiny_classification,219,20,4862.601580065353
coat_lite_tiny_classification,219,21,4862.601580065353
coat_lite_tiny_classification,219,22,4862.601580065353
coat_lite_tiny_classification,219,23,4862.601580065353
coat_lite_tiny_classification,219,24,4862.601580065353
coat_lite_tiny_classification,219,25,3125.7158496882353
coat_lite_tiny_classification,219,26,7564.633275546283
coat_lite_tiny_classification,219,27,4862.601580065353
coat_lite_tiny_classification,219,28,7564.633275546283
coat_lite_tiny_classification,219,29,4862.601580065353
coat_lite_tiny_classification,219,30,4862.601580065353
coat_lite_tiny_classification,219,31,3125.7158496882353
coat_lite_tiny_classification,219,32,4862.601580065353
coat_lite_tiny_classification,219,33,4862.601580065353
coat_lite_tiny_classification,219,34,7564.633275546283
coat_lite_tiny_classification,219,35,4862.601580065353
coat_lite_tiny_classification,219,36,4862.601580065353
coat_lite_tiny_classification,219,37,4862.601580065353
coat_lite_tiny_classification,219,38,3125.7158496882353
coat_lite_tiny_classification,219,39,4862.601580065353
coat_lite_tiny_classification,219,40,4862.601580065353
coat_lite_tiny_classification,219,41,4862.601580065353
coat_lite_tiny_classification,219,42,4862.601580065353
coat_lite_tiny_classification,219,43,4862.601580065353
coat_lite_tiny_classification,219,44,7564.633275546283
coat_lite_tiny_classification,219,45,3125.7158496882353
coat_lite_tiny_classification,219,46,7564.633275546283
coat_lite_tiny_classification,219,47,4862.601580065353
coat_lite_tiny_classification,219,48,2009.2330025650458
coat_lite_tiny_classification,219,49,4862.601580065353
coat_lite_tiny_classification,219,50,4862.601580065353
visformer_small_classification,163,1,68926.12104349695
visformer_small_classification,163,2,28480.35868435799
visformer_small_classification,163,3,18307.382802953696
visformer_small_classification,163,4,28480.35868435799
visformer_small_classification,163,5,28480.35868435799
visformer_small_classification,163,6,44306.21457583878
visformer_small_classification,163,7,44306.21457583878
visformer_small_classification,163,8,107226.72220103232
visformer_small_classification,163,9,44306.21457583878
visformer_small_classification,163,10,28480.35868435799
visformer_small_classification,163,11,44306.21457583878
visformer_small_classification,163,12,28480.35868435799
visformer_small_classification,163,13,107226.72220103232
visformer_small_classification,163,14,68926.12104349695
visformer_small_classification,163,15,44306.21457583878
visformer_small_classification,163,16,68926.12104349695
visformer_small_classification,163,17,68926.12104349695
visformer_small_classification,163,18,107226.72220103232
visformer_small_classification,163,19,68926.12104349695
visformer_small_classification,163,20,68926.12104349695
visformer_small_classification,163,21,68926.12104349695
visformer_small_classification,163,22,68926.12104349695
visformer_small_classification,163,23,68926.12104349695
visformer_small_classification,163,24,68926.12104349695
visformer_small_classification,163,25,44306.21457583878
visformer_small_classification,163,26,107226.72220103232
visformer_small_classification,163,27,68926.12104349695
visformer_small_classification,163,28,107226.72220103232
visformer_small_classification,163,29,68926.12104349695
visformer_small_classification,163,30,68926.12104349695
visformer_small_classification,163,31,44306.21457583878
visformer_small_classification,163,32,68926.12104349695
visformer_small_classification,163,33,68926.12104349695
visformer_small_classification,163,34,107226.72220103232
visformer_small_classification,163,35,68926.12104349695
visformer_small_classification,163,36,107226.72220103232
visformer_small_classification,163,37,107226.72220103232
visformer_small_classification,163,38,44306.21457583878
visformer_small_classification,163,39,68926.12104349695
visformer_small_classification,163,40,68926.12104349695
visformer_small_classification,163,41,68926.12104349695
visformer_small_classification,163,42,68926.12104349695
visformer_small_classification,163,43,68926.12104349695
visformer_small_classification,163,44,107226.72220103232
visformer_small_classification,163,45,68926.12104349695
visformer_small_classification,163,46,166810.0537200059
visformer_small_classification,163,47,68926.12104349695
visformer_small_classification,163,48,28480.35868435799
visformer_small_classification,163,49,68926.12104349695
visformer_small_classification,163,50,68926.12104349695
convit_base_classification,201,1,403701.72585965495
convit_base_classification,201,2,107226.72220103232
convit_base_classification,201,3,107226.72220103232
convit_base_classification,201,4,107226.72220103232
convit_base_classification,201,5,166810.0537200059
convit_base_classification,201,6,166810.0537200059
convit_base_classification,201,7,259502.4211399732
convit_base_classification,201,8,628029.1441834247
convit_base_classification,201,9,166810.0537200059
convit_base_classification,201,10,166810.0537200059
convit_base_classification,201,11,259502.4211399732
convit_base_classification,201,12,107226.72220103232
convit_base_classification,201,13,403701.72585965495
convit_base_classification,201,14,259502.4211399732
convit_base_classification,201,15,166810.0537200059
convit_base_classification,201,16,403701.72585965495
convit_base_classification,201,17,259502.4211399732
convit_base_classification,201,18,403701.72585965495
convit_base_classification,201,19,259502.4211399732
convit_base_classification,201,20,259502.4211399732
convit_base_classification,201,21,259502.4211399732
convit_base_classification,201,22,259502.4211399732
convit_base_classification,201,23,259502.4211399732
convit_base_classification,201,24,403701.72585965495
convit_base_classification,201,25,259502.4211399732
convit_base_classification,201,26,403701.72585965495
convit_base_classification,201,27,259502.4211399732
convit_base_classification,201,28,628029.1441834247
convit_base_classification,201,29,403701.72585965495
convit_base_classification,201,30,403701.72585965495
convit_base_classification,201,31,259502.4211399732
convit_base_classification,201,32,259502.4211399732
convit_base_classification,201,33,403701.72585965495
convit_base_classification,201,34,403701.72585965495
convit_base_classification,201,35,403701.72585965495
convit_base_classification,201,36,403701.72585965495
convit_base_classification,201,37,628029.1441834247
convit_base_classification,201,38,259502.4211399732
convit_base_classification,201,39,403701.72585965495
convit_base_classification,201,40,403701.72585965495
convit_base_classification,201,41,403701.72585965495
convit_base_classification,201,42,403701.72585965495
convit_base_classification,201,43,403701.72585965495
convit_base_classification,201,44,628029.1441834247
convit_base_classification,201,45,259502.4211399732
convit_base_classification,201,46,628029.1441834247
convit_base_classification,201,47,403701.72585965495
convit_base_classification,201,48,107226.72220103232
convit_base_classification,201,49,259502.4211399732
convit_base_classification,201,50,403701.72585965495
RN50_clip,179,1,28480.35868435799
RN50_clip,179,2,18307.382802953696
RN50_clip,179,3,11768.119524349991
RN50_clip,179,4,11768.119524349991
RN50_clip,179,5,18307.382802953696
RN50_clip,179,6,18307.382802953696
RN50_clip,179,7,18307.382802953696
RN50_clip,179,8,68926.12104349695
RN50_clip,179,9,18307.382802953696
RN50_clip,179,10,18307.382802953696
RN50_clip,179,11,28480.35868435799
RN50_clip,179,12,11768.119524349991
RN50_clip,179,13,44306.21457583878
RN50_clip,179,14,28480.35868435799
RN50_clip,179,15,18307.382802953696
RN50_clip,179,16,28480.35868435799
RN50_clip,179,17,28480.35868435799
RN50_clip,179,18,68926.12104349695
RN50_clip,179,19,28480.35868435799
RN50_clip,179,20,44306.21457583878
RN50_clip,179,21,28480.35868435799
RN50_clip,179,22,28480.35868435799
RN50_clip,179,23,28480.35868435799
RN50_clip,179,24,44306.21457583878
RN50_clip,179,25,28480.35868435799
RN50_clip,179,26,44306.21457583878
RN50_clip,179,27,44306.21457583878
RN50_clip,179,28,68926.12104349695
RN50_clip,179,29,28480.35868435799
RN50_clip,179,30,28480.35868435799
RN50_clip,179,31,18307.382802953696
RN50_clip,179,32,28480.35868435799
RN50_clip,179,33,44306.21457583878
RN50_clip,179,34,44306.21457583878
RN50_clip,179,35,28480.35868435799
RN50_clip,179,36,44306.21457583878
RN50_clip,179,37,44306.21457583878
RN50_clip,179,38,28480.35868435799
RN50_clip,179,39,44306.21457583878
RN50_clip,179,40,28480.35868435799
RN50_clip,179,41,44306.21457583878
RN50_clip,179,42,28480.35868435799
RN50_clip,179,43,44306.21457583878
RN50_clip,179,44,44306.21457583878
RN50_clip,179,45,28480.35868435799
RN50_clip,179,46,68926.12104349695
RN50_clip,179,47,44306.21457583878
RN50_clip,179,48,18307.382802953696
RN50_clip,179,49,28480.35868435799
RN50_clip,179,50,28480.35868435799
convit_base_classification,201,1,403701.72585965495
convit_base_classification,201,2,107226.72220103232
convit_base_classification,201,3,107226.72220103232
convit_base_classification,201,4,107226.72220103232
convit_base_classification,201,5,166810.0537200059
convit_base_classification,201,6,166810.0537200059
convit_base_classification,201,7,259502.4211399732
convit_base_classification,201,8,628029.1441834247
convit_base_classification,201,9,166810.0537200059
convit_base_classification,201,10,166810.0537200059
convit_base_classification,201,11,259502.4211399732
convit_base_classification,201,12,107226.72220103232
convit_base_classification,201,13,403701.72585965495
convit_base_classification,201,14,259502.4211399732
convit_base_classification,201,15,166810.0537200059
convit_base_classification,201,16,403701.72585965495
convit_base_classification,201,17,259502.4211399732
convit_base_classification,201,18,403701.72585965495
convit_base_classification,201,19,259502.4211399732
convit_base_classification,201,20,259502.4211399732
convit_base_classification,201,21,259502.4211399732
convit_base_classification,201,22,259502.4211399732
convit_base_classification,201,23,259502.4211399732
convit_base_classification,201,24,403701.72585965495
convit_base_classification,201,25,259502.4211399732
convit_base_classification,201,26,403701.72585965495
convit_base_classification,201,27,259502.4211399732
convit_base_classification,201,28,628029.1441834247
convit_base_classification,201,29,403701.72585965495
convit_base_classification,201,30,403701.72585965495
convit_base_classification,201,31,259502.4211399732
convit_base_classification,201,32,259502.4211399732
convit_base_classification,201,33,403701.72585965495
convit_base_classification,201,34,403701.72585965495
convit_base_classification,201,35,403701.72585965495
convit_base_classification,201,36,403701.72585965495
convit_base_classification,201,37,628029.1441834247
convit_base_classification,201,38,259502.4211399732
convit_base_classification,201,39,403701.72585965495
convit_base_classification,201,40,403701.72585965495
convit_base_classification,201,41,403701.72585965495
convit_base_classification,201,42,403701.72585965495
convit_base_classification,201,43,403701.72585965495
convit_base_classification,201,44,628029.1441834247
convit_base_classification,201,45,259502.4211399732
convit_base_classification,201,46,628029.1441834247
convit_base_classification,201,47,403701.72585965495
convit_base_classification,201,48,107226.72220103232
convit_base_classification,201,49,259502.4211399732
convit_base_classification,201,50,403701.72585965495
RN101_clip,366,1,28480.35868435799
RN101_clip,366,2,18307.382802953696
RN101_clip,366,3,11768.119524349991
RN101_clip,366,4,11768.119524349991
RN101_clip,366,5,18307.382802953696
RN101_clip,366,6,28480.35868435799
RN101_clip,366,7,28480.35868435799
RN101_clip,366,8,44306.21457583878
RN101_clip,366,9,18307.382802953696
RN101_clip,366,10,18307.382802953696
RN101_clip,366,11,28480.35868435799
RN101_clip,366,12,11768.119524349991
RN101_clip,366,13,44306.21457583878
RN101_clip,366,14,28480.35868435799
RN101_clip,366,15,28480.35868435799
RN101_clip,366,16,28480.35868435799
RN101_clip,366,17,28480.35868435799
RN101_clip,366,18,68926.12104349695
RN101_clip,366,19,28480.35868435799
RN101_clip,366,20,44306.21457583878
RN101_clip,366,21,28480.35868435799
RN101_clip,366,22,44306.21457583878
RN101_clip,366,23,28480.35868435799
RN101_clip,366,24,68926.12104349695
RN101_clip,366,25,28480.35868435799
RN101_clip,366,26,44306.21457583878
RN101_clip,366,27,44306.21457583878
RN101_clip,366,28,44306.21457583878
RN101_clip,366,29,28480.35868435799
RN101_clip,366,30,44306.21457583878
RN101_clip,366,31,18307.382802953696
RN101_clip,366,32,28480.35868435799
RN101_clip,366,33,44306.21457583878
RN101_clip,366,34,68926.12104349695
RN101_clip,366,35,28480.35868435799
RN101_clip,366,36,44306.21457583878
RN101_clip,366,37,68926.12104349695
RN101_clip,366,38,28480.35868435799
RN101_clip,366,39,68926.12104349695
RN101_clip,366,40,44306.21457583878
RN101_clip,366,41,44306.21457583878
RN101_clip,366,42,28480.35868435799
RN101_clip,366,43,44306.21457583878
RN101_clip,366,44,68926.12104349695
RN101_clip,366,45,28480.35868435799
RN101_clip,366,46,68926.12104349695
RN101_clip,366,47,44306.21457583878
RN101_clip,366,48,18307.382802953696
RN101_clip,366,49,28480.35868435799
RN101_clip,366,50,28480.35868435799
RN50_clip,179,1,28480.35868435799
RN50_clip,179,2,18307.382802953696
RN50_clip,179,3,11768.119524349991
RN50_clip,179,4,11768.119524349991
RN50_clip,179,5,18307.382802953696
RN50_clip,179,6,18307.382802953696
RN50_clip,179,7,18307.382802953696
RN50_clip,179,8,68926.12104349695
RN50_clip,179,9,18307.382802953696
RN50_clip,179,10,18307.382802953696
RN50_clip,179,11,28480.35868435799
RN50_clip,179,12,11768.119524349991
RN50_clip,179,13,44306.21457583878
RN50_clip,179,14,28480.35868435799
RN50_clip,179,15,18307.382802953696
RN50_clip,179,16,28480.35868435799
RN50_clip,179,17,28480.35868435799
RN50_clip,179,18,68926.12104349695
RN50_clip,179,19,28480.35868435799
RN50_clip,179,20,44306.21457583878
RN50_clip,179,21,28480.35868435799
RN50_clip,179,22,28480.35868435799
RN50_clip,179,23,28480.35868435799
RN50_clip,179,24,44306.21457583878
RN50_clip,179,25,28480.35868435799
RN50_clip,179,26,44306.21457583878
RN50_clip,179,27,44306.21457583878
RN50_clip,179,28,68926.12104349695
RN50_clip,179,29,28480.35868435799
RN50_clip,179,30,28480.35868435799
RN50_clip,179,31,18307.382802953696
RN50_clip,179,32,28480.35868435799
RN50_clip,179,33,44306.21457583878
RN50_clip,179,34,44306.21457583878
RN50_clip,179,35,28480.35868435799
RN50_clip,179,36,44306.21457583878
RN50_clip,179,37,44306.21457583878
RN50_clip,179,38,28480.35868435799
RN50_clip,179,39,44306.21457583878
RN50_clip,179,40,28480.35868435799
RN50_clip,179,41,44306.21457583878
RN50_clip,179,42,28480.35868435799
RN50_clip,179,43,44306.21457583878
RN50_clip,179,44,44306.21457583878
RN50_clip,179,45,28480.35868435799
RN50_clip,179,46,68926.12104349695
RN50_clip,179,47,44306.21457583878
RN50_clip,179,48,18307.382802953696
RN50_clip,179,49,28480.35868435799
RN50_clip,179,50,28480.35868435799
ResNet50-SimCLR_selfsupervised,162,1,44306.21457583878
ResNet50-SimCLR_selfsupervised,162,2,18307.382802953696
ResNet50-SimCLR_selfsupervised,162,3,11768.119524349991
ResNet50-SimCLR_selfsupervised,162,4,11768.119524349991
ResNet50-SimCLR_selfsupervised,162,5,18307.382802953696
ResNet50-SimCLR_selfsupervised,162,6,28480.35868435799
ResNet50-SimCLR_selfsupervised,162,7,28480.35868435799
ResNet50-SimCLR_selfsupervised,162,8,68926.12104349695
ResNet50-SimCLR_selfsupervised,162,9,18307.382802953696
ResNet50-SimCLR_selfsupervised,162,10,18307.382802953696
ResNet50-SimCLR_selfsupervised,162,11,28480.35868435799
ResNet50-SimCLR_selfsupervised,162,12,11768.119524349991
ResNet50-SimCLR_selfsupervised,162,13,44306.21457583878
ResNet50-SimCLR_selfsupervised,162,14,28480.35868435799
ResNet50-SimCLR_selfsupervised,162,15,18307.382802953696
ResNet50-SimCLR_selfsupervised,162,16,44306.21457583878
ResNet50-SimCLR_selfsupervised,162,17,44306.21457583878
ResNet50-SimCLR_selfsupervised,162,18,44306.21457583878
ResNet50-SimCLR_selfsupervised,162,19,28480.35868435799
ResNet50-SimCLR_selfsupervised,162,20,44306.21457583878
ResNet50-SimCLR_selfsupervised,162,21,28480.35868435799
ResNet50-SimCLR_selfsupervised,162,22,44306.21457583878
ResNet50-SimCLR_selfsupervised,162,23,28480.35868435799
ResNet50-SimCLR_selfsupervised,162,24,44306.21457583878
ResNet50-SimCLR_selfsupervised,162,25,28480.35868435799
ResNet50-SimCLR_selfsupervised,162,26,44306.21457583878
ResNet50-SimCLR_selfsupervised,162,27,28480.35868435799
ResNet50-SimCLR_selfsupervised,162,28,68926.12104349695
ResNet50-SimCLR_selfsupervised,162,29,44306.21457583878
ResNet50-SimCLR_selfsupervised,162,30,44306.21457583878
ResNet50-SimCLR_selfsupervised,162,31,28480.35868435799
ResNet50-SimCLR_selfsupervised,162,32,28480.35868435799
ResNet50-SimCLR_selfsupervised,162,33,44306.21457583878
ResNet50-SimCLR_selfsupervised,162,34,44306.21457583878
ResNet50-SimCLR_selfsupervised,162,35,44306.21457583878
ResNet50-SimCLR_selfsupervised,162,36,44306.21457583878
ResNet50-SimCLR_selfsupervised,162,37,68926.12104349695
ResNet50-SimCLR_selfsupervised,162,38,28480.35868435799
ResNet50-SimCLR_selfsupervised,162,39,44306.21457583878
ResNet50-SimCLR_selfsupervised,162,40,44306.21457583878
ResNet50-SimCLR_selfsupervised,162,41,44306.21457583878
ResNet50-SimCLR_selfsupervised,162,42,28480.35868435799
ResNet50-SimCLR_selfsupervised,162,43,44306.21457583878
ResNet50-SimCLR_selfsupervised,162,44,68926.12104349695
ResNet50-SimCLR_selfsupervised,162,45,28480.35868435799
ResNet50-SimCLR_selfsupervised,162,46,68926.12104349695
ResNet50-SimCLR_selfsupervised,162,47,44306.21457583878
ResNet50-SimCLR_selfsupervised,162,48,18307.382802953696
ResNet50-SimCLR_selfsupervised,162,49,44306.21457583878
ResNet50-SimCLR_selfsupervised,162,50,44306.21457583878
ResNet50-DeepClusterV2-2x224_selfsupervised,162,1,628029.1441834247
ResNet50-DeepClusterV2-2x224_selfsupervised,162,2,259502.4211399732
ResNet50-DeepClusterV2-2x224_selfsupervised,162,3,259502.4211399732
ResNet50-DeepClusterV2-2x224_selfsupervised,162,4,259502.4211399732
ResNet50-DeepClusterV2-2x224_selfsupervised,162,5,259502.4211399732
ResNet50-DeepClusterV2-2x224_selfsupervised,162,6,403701.72585965495
ResNet50-DeepClusterV2-2x224_selfsupervised,162,7,403701.72585965495
ResNet50-DeepClusterV2-2x224_selfsupervised,162,8,977009.9572992247
ResNet50-DeepClusterV2-2x224_selfsupervised,162,9,403701.72585965495
ResNet50-DeepClusterV2-2x224_selfsupervised,162,10,403701.72585965495
ResNet50-DeepClusterV2-2x224_selfsupervised,162,11,403701.72585965495
ResNet50-DeepClusterV2-2x224_selfsupervised,162,12,259502.4211399732
ResNet50-DeepClusterV2-2x224_selfsupervised,162,13,977009.9572992247
ResNet50-DeepClusterV2-2x224_selfsupervised,162,14,628029.1441834247
ResNet50-DeepClusterV2-2x224_selfsupervised,162,15,403701.72585965495
ResNet50-DeepClusterV2-2x224_selfsupervised,162,16,628029.1441834247
ResNet50-DeepClusterV2-2x224_selfsupervised,162,17,628029.1441834247
ResNet50-DeepClusterV2-2x224_selfsupervised,162,18,977009.9572992247
ResNet50-DeepClusterV2-2x224_selfsupervised,162,19,628029.1441834247
ResNet50-DeepClusterV2-2x224_selfsupervised,162,20,628029.1441834247
ResNet50-DeepClusterV2-2x224_selfsupervised,162,21,628029.1441834247
ResNet50-DeepClusterV2-2x224_selfsupervised,162,22,628029.1441834247
ResNet50-DeepClusterV2-2x224_selfsupervised,162,23,403701.72585965495
ResNet50-DeepClusterV2-2x224_selfsupervised,162,24,977009.9572992247
ResNet50-DeepClusterV2-2x224_selfsupervised,162,25,403701.72585965495
ResNet50-DeepClusterV2-2x224_selfsupervised,162,26,977009.9572992247
ResNet50-DeepClusterV2-2x224_selfsupervised,162,27,628029.1441834247
ResNet50-DeepClusterV2-2x224_selfsupervised,162,28,977009.9572992247
ResNet50-DeepClusterV2-2x224_selfsupervised,162,29,977009.9572992247
ResNet50-DeepClusterV2-2x224_selfsupervised,162,30,628029.1441834247
ResNet50-DeepClusterV2-2x224_selfsupervised,162,31,403701.72585965495
ResNet50-DeepClusterV2-2x224_selfsupervised,162,32,403701.72585965495
ResNet50-DeepClusterV2-2x224_selfsupervised,162,33,628029.1441834247
ResNet50-DeepClusterV2-2x224_selfsupervised,162,34,977009.9572992247
ResNet50-DeepClusterV2-2x224_selfsupervised,162,35,628029.1441834247
ResNet50-DeepClusterV2-2x224_selfsupervised,162,36,977009.9572992247
ResNet50-DeepClusterV2-2x224_selfsupervised,162,37,977009.9572992247
ResNet50-DeepClusterV2-2x224_selfsupervised,162,38,628029.1441834247
ResNet50-DeepClusterV2-2x224_selfsupervised,162,39,628029.1441834247
ResNet50-DeepClusterV2-2x224_selfsupervised,162,40,628029.1441834247
ResNet50-DeepClusterV2-2x224_selfsupervised,162,41,977009.9572992247
ResNet50-DeepClusterV2-2x224_selfsupervised,162,42,628029.1441834247
ResNet50-DeepClusterV2-2x224_selfsupervised,162,43,628029.1441834247
ResNet50-DeepClusterV2-2x224_selfsupervised,162,44,977009.9572992247
ResNet50-DeepClusterV2-2x224_selfsupervised,162,45,628029.1441834247
ResNet50-DeepClusterV2-2x224_selfsupervised,162,46,977009.9572992247
ResNet50-DeepClusterV2-2x224_selfsupervised,162,47,628029.1441834247
ResNet50-DeepClusterV2-2x224_selfsupervised,162,48,403701.72585965495
ResNet50-DeepClusterV2-2x224_selfsupervised,162,49,628029.1441834247
ResNet50-DeepClusterV2-2x224_selfsupervised,162,50,977009.9572992247
RN101_clip,366,1,28480.35868435799
RN101_clip,366,2,18307.382802953696
RN101_clip,366,3,11768.119524349991
RN101_clip,366,4,11768.119524349991
RN101_clip,366,5,18307.382802953696
RN101_clip,366,6,28480.35868435799
RN101_clip,366,7,28480.35868435799
RN101_clip,366,8,44306.21457583878
RN101_clip,366,9,18307.382802953696
RN101_clip,366,10,18307.382802953696
RN101_clip,366,11,28480.35868435799
RN101_clip,366,12,11768.119524349991
RN101_clip,366,13,44306.21457583878
RN101_clip,366,14,28480.35868435799
RN101_clip,366,15,28480.35868435799
RN101_clip,366,16,28480.35868435799
RN101_clip,366,17,28480.35868435799
RN101_clip,366,18,68926.12104349695
RN101_clip,366,19,28480.35868435799
RN101_clip,366,20,44306.21457583878
RN101_clip,366,21,28480.35868435799
RN101_clip,366,22,44306.21457583878
RN101_clip,366,23,28480.35868435799
RN101_clip,366,24,68926.12104349695
RN101_clip,366,25,28480.35868435799
RN101_clip,366,26,44306.21457583878
RN101_clip,366,27,44306.21457583878
RN101_clip,366,28,44306.21457583878
RN101_clip,366,29,28480.35868435799
RN101_clip,366,30,44306.21457583878
RN101_clip,366,31,18307.382802953696
RN101_clip,366,32,28480.35868435799
RN101_clip,366,33,44306.21457583878
RN101_clip,366,34,68926.12104349695
RN101_clip,366,35,28480.35868435799
RN101_clip,366,36,44306.21457583878
RN101_clip,366,37,68926.12104349695
RN101_clip,366,38,28480.35868435799
RN101_clip,366,39,68926.12104349695
RN101_clip,366,40,44306.21457583878
RN101_clip,366,41,44306.21457583878
RN101_clip,366,42,28480.35868435799
RN101_clip,366,43,44306.21457583878
RN101_clip,366,44,68926.12104349695
RN101_clip,366,45,28480.35868435799
RN101_clip,366,46,68926.12104349695
RN101_clip,366,47,44306.21457583878
RN101_clip,366,48,18307.382802953696
RN101_clip,366,49,28480.35868435799
RN101_clip,366,50,28480.35868435799
ResNet50-SwAV-BS4096-2x224_selfsupervised,165,1,977009.9572992247
ResNet50-SwAV-BS4096-2x224_selfsupervised,165,2,403701.72585965495
ResNet50-SwAV-BS4096-2x224_selfsupervised,165,3,259502.4211399732
ResNet50-SwAV-BS4096-2x224_selfsupervised,165,4,259502.4211399732
ResNet50-SwAV-BS4096-2x224_selfsupervised,165,5,403701.72585965495
ResNet50-SwAV-BS4096-2x224_selfsupervised,165,6,628029.1441834247
ResNet50-SwAV-BS4096-2x224_selfsupervised,165,7,628029.1441834247
ResNet50-SwAV-BS4096-2x224_selfsupervised,165,8,1519911.0829529332
ResNet50-SwAV-BS4096-2x224_selfsupervised,165,9,628029.1441834247
ResNet50-SwAV-BS4096-2x224_selfsupervised,165,10,628029.1441834247
ResNet50-SwAV-BS4096-2x224_selfsupervised,165,11,977009.9572992247
ResNet50-SwAV-BS4096-2x224_selfsupervised,165,12,259502.4211399732
ResNet50-SwAV-BS4096-2x224_selfsupervised,165,13,1519911.0829529332
ResNet50-SwAV-BS4096-2x224_selfsupervised,165,14,628029.1441834247
ResNet50-SwAV-BS4096-2x224_selfsupervised,165,15,628029.1441834247
ResNet50-SwAV-BS4096-2x224_selfsupervised,165,16,977009.9572992247
ResNet50-SwAV-BS4096-2x224_selfsupervised,165,17,977009.9572992247
ResNet50-SwAV-BS4096-2x224_selfsupervised,165,18,2364489.412645407
ResNet50-SwAV-BS4096-2x224_selfsupervised,165,19,628029.1441834247
ResNet50-SwAV-BS4096-2x224_selfsupervised,165,20,1519911.0829529332
ResNet50-SwAV-BS4096-2x224_selfsupervised,165,21,977009.9572992247
ResNet50-SwAV-BS4096-2x224_selfsupervised,165,22,977009.9572992247
ResNet50-SwAV-BS4096-2x224_selfsupervised,165,23,977009.9572992247
ResNet50-SwAV-BS4096-2x224_selfsupervised,165,24,1519911.0829529332
ResNet50-SwAV-BS4096-2x224_selfsupervised,165,25,628029.1441834247
ResNet50-SwAV-BS4096-2x224_selfsupervised,165,26,1519911.0829529332
ResNet50-SwAV-BS4096-2x224_selfsupervised,165,27,977009.9572992247
ResNet50-SwAV-BS4096-2x224_selfsupervised,165,28,2364489.412645407
ResNet50-SwAV-BS4096-2x224_selfsupervised,165,29,1519911.0829529332
ResNet50-SwAV-BS4096-2x224_selfsupervised,165,30,977009.9572992247
ResNet50-SwAV-BS4096-2x224_selfsupervised,165,31,628029.1441834247
ResNet50-SwAV-BS4096-2x224_selfsupervised,165,32,628029.1441834247
ResNet50-SwAV-BS4096-2x224_selfsupervised,165,33,977009.9572992247
ResNet50-SwAV-BS4096-2x224_selfsupervised,165,34,1519911.0829529332
ResNet50-SwAV-BS4096-2x224_selfsupervised,165,35,977009.9572992247
ResNet50-SwAV-BS4096-2x224_selfsupervised,165,36,1519911.0829529332
ResNet50-SwAV-BS4096-2x224_selfsupervised,165,37,1519911.0829529332
ResNet50-SwAV-BS4096-2x224_selfsupervised,165,38,628029.1441834247
ResNet50-SwAV-BS4096-2x224_selfsupervised,165,39,977009.9572992247
ResNet50-SwAV-BS4096-2x224_selfsupervised,165,40,977009.9572992247
ResNet50-SwAV-BS4096-2x224_selfsupervised,165,41,977009.9572992247
ResNet50-SwAV-BS4096-2x224_selfsupervised,165,42,977009.9572992247
ResNet50-SwAV-BS4096-2x224_selfsupervised,165,43,1519911.0829529332
ResNet50-SwAV-BS4096-2x224_selfsupervised,165,44,2364489.412645407
ResNet50-SwAV-BS4096-2x224_selfsupervised,165,45,977009.9572992247
ResNet50-SwAV-BS4096-2x224_selfsupervised,165,46,2364489.412645407
ResNet50-SwAV-BS4096-2x224_selfsupervised,165,47,977009.9572992247
ResNet50-SwAV-BS4096-2x224_selfsupervised,165,48,403701.72585965495
ResNet50-SwAV-BS4096-2x224_selfsupervised,165,49,977009.9572992247
ResNet50-SwAV-BS4096-2x224_selfsupervised,165,50,1519911.0829529332
ResNet50-SimCLR_selfsupervised,162,1,44306.21457583878
ResNet50-SimCLR_selfsupervised,162,2,18307.382802953696
ResNet50-SimCLR_selfsupervised,162,3,11768.119524349991
ResNet50-SimCLR_selfsupervised,162,4,11768.119524349991
ResNet50-SimCLR_selfsupervised,162,5,18307.382802953696
ResNet50-SimCLR_selfsupervised,162,6,28480.35868435799
ResNet50-SimCLR_selfsupervised,162,7,28480.35868435799
ResNet50-SimCLR_selfsupervised,162,8,68926.12104349695
ResNet50-SimCLR_selfsupervised,162,9,18307.382802953696
ResNet50-SimCLR_selfsupervised,162,10,18307.382802953696
ResNet50-SimCLR_selfsupervised,162,11,28480.35868435799
ResNet50-SimCLR_selfsupervised,162,12,11768.119524349991
ResNet50-SimCLR_selfsupervised,162,13,44306.21457583878
ResNet50-SimCLR_selfsupervised,162,14,28480.35868435799
ResNet50-SimCLR_selfsupervised,162,15,18307.382802953696
ResNet50-SimCLR_selfsupervised,162,16,44306.21457583878
ResNet50-SimCLR_selfsupervised,162,17,44306.21457583878
ResNet50-SimCLR_selfsupervised,162,18,44306.21457583878
ResNet50-SimCLR_selfsupervised,162,19,28480.35868435799
ResNet50-SimCLR_selfsupervised,162,20,44306.21457583878
ResNet50-SimCLR_selfsupervised,162,21,28480.35868435799
ResNet50-SimCLR_selfsupervised,162,22,44306.21457583878
ResNet50-SimCLR_selfsupervised,162,23,28480.35868435799
ResNet50-SimCLR_selfsupervised,162,24,44306.21457583878
ResNet50-SimCLR_selfsupervised,162,25,28480.35868435799
ResNet50-SimCLR_selfsupervised,162,26,44306.21457583878
ResNet50-SimCLR_selfsupervised,162,27,28480.35868435799
ResNet50-SimCLR_selfsupervised,162,28,68926.12104349695
ResNet50-SimCLR_selfsupervised,162,29,44306.21457583878
ResNet50-SimCLR_selfsupervised,162,30,44306.21457583878
ResNet50-SimCLR_selfsupervised,162,31,28480.35868435799
ResNet50-SimCLR_selfsupervised,162,32,28480.35868435799
ResNet50-SimCLR_selfsupervised,162,33,44306.21457583878
ResNet50-SimCLR_selfsupervised,162,34,44306.21457583878
ResNet50-SimCLR_selfsupervised,162,35,44306.21457583878
ResNet50-SimCLR_selfsupervised,162,36,44306.21457583878
ResNet50-SimCLR_selfsupervised,162,37,68926.12104349695
ResNet50-SimCLR_selfsupervised,162,38,28480.35868435799
ResNet50-SimCLR_selfsupervised,162,39,44306.21457583878
ResNet50-SimCLR_selfsupervised,162,40,44306.21457583878
ResNet50-SimCLR_selfsupervised,162,41,44306.21457583878
ResNet50-SimCLR_selfsupervised,162,42,28480.35868435799
ResNet50-SimCLR_selfsupervised,162,43,44306.21457583878
ResNet50-SimCLR_selfsupervised,162,44,68926.12104349695
ResNet50-SimCLR_selfsupervised,162,45,28480.35868435799
ResNet50-SimCLR_selfsupervised,162,46,68926.12104349695
ResNet50-SimCLR_selfsupervised,162,47,44306.21457583878
ResNet50-SimCLR_selfsupervised,162,48,18307.382802953696
ResNet50-SimCLR_selfsupervised,162,49,44306.21457583878
ResNet50-SimCLR_selfsupervised,162,50,44306.21457583878
ResNet50-PIRL_selfsupervised,165,1,1291.549665014884
ResNet50-PIRL_selfsupervised,165,2,343.04692863149194
ResNet50-PIRL_selfsupervised,165,3,343.04692863149194
ResNet50-PIRL_selfsupervised,165,4,343.04692863149194
ResNet50-PIRL_selfsupervised,165,5,533.6699231206308
ResNet50-PIRL_selfsupervised,165,6,533.6699231206308
ResNet50-PIRL_selfsupervised,165,7,533.6699231206308
ResNet50-PIRL_selfsupervised,165,8,2009.2330025650458
ResNet50-PIRL_selfsupervised,165,9,533.6699231206308
ResNet50-PIRL_selfsupervised,165,10,533.6699231206308
ResNet50-PIRL_selfsupervised,165,11,533.6699231206308
ResNet50-PIRL_selfsupervised,165,12,343.04692863149194
ResNet50-PIRL_selfsupervised,165,13,1291.549665014884
ResNet50-PIRL_selfsupervised,165,14,830.2175681319744
ResNet50-PIRL_selfsupervised,165,15,533.6699231206308
ResNet50-PIRL_selfsupervised,165,16,1291.549665014884
ResNet50-PIRL_selfsupervised,165,17,1291.549665014884
ResNet50-PIRL_selfsupervised,165,18,2009.2330025650458
ResNet50-PIRL_selfsupervised,165,19,830.2175681319744
ResNet50-PIRL_selfsupervised,165,20,1291.549665014884
ResNet50-PIRL_selfsupervised,165,21,830.2175681319744
ResNet50-PIRL_selfsupervised,165,22,1291.549665014884
ResNet50-PIRL_selfsupervised,165,23,830.2175681319744
ResNet50-PIRL_selfsupervised,165,24,1291.549665014884
ResNet50-PIRL_selfsupervised,165,25,830.2175681319744
ResNet50-PIRL_selfsupervised,165,26,2009.2330025650458
ResNet50-PIRL_selfsupervised,165,27,830.2175681319744
ResNet50-PIRL_selfsupervised,165,28,2009.2330025650458
ResNet50-PIRL_selfsupervised,165,29,1291.549665014884
ResNet50-PIRL_selfsupervised,165,30,1291.549665014884
ResNet50-PIRL_selfsupervised,165,31,830.2175681319744
ResNet50-PIRL_selfsupervised,165,32,830.2175681319744
ResNet50-PIRL_selfsupervised,165,33,830.2175681319744
ResNet50-PIRL_selfsupervised,165,34,1291.549665014884
ResNet50-PIRL_selfsupervised,165,35,1291.549665014884
ResNet50-PIRL_selfsupervised,165,36,1291.549665014884
ResNet50-PIRL_selfsupervised,165,37,2009.2330025650458
ResNet50-PIRL_selfsupervised,165,38,830.2175681319744
ResNet50-PIRL_selfsupervised,165,39,1291.549665014884
ResNet50-PIRL_selfsupervised,165,40,1291.549665014884
ResNet50-PIRL_selfsupervised,165,41,1291.549665014884
ResNet50-PIRL_selfsupervised,165,42,1291.549665014884
ResNet50-PIRL_selfsupervised,165,43,1291.549665014884
ResNet50-PIRL_selfsupervised,165,44,2009.2330025650458
ResNet50-PIRL_selfsupervised,165,45,830.2175681319744
ResNet50-PIRL_selfsupervised,165,46,2009.2330025650458
ResNet50-PIRL_selfsupervised,165,47,1291.549665014884
ResNet50-PIRL_selfsupervised,165,48,533.6699231206308
ResNet50-PIRL_selfsupervised,165,49,1291.549665014884
ResNet50-PIRL_selfsupervised,165,50,1291.549665014884
ResNet50-DeepClusterV2-2x224_selfsupervised,162,1,628029.1441834247
ResNet50-DeepClusterV2-2x224_selfsupervised,162,2,259502.4211399732
ResNet50-DeepClusterV2-2x224_selfsupervised,162,3,259502.4211399732
ResNet50-DeepClusterV2-2x224_selfsupervised,162,4,259502.4211399732
ResNet50-DeepClusterV2-2x224_selfsupervised,162,5,259502.4211399732
ResNet50-DeepClusterV2-2x224_selfsupervised,162,6,403701.72585965495
ResNet50-DeepClusterV2-2x224_selfsupervised,162,7,403701.72585965495
ResNet50-DeepClusterV2-2x224_selfsupervised,162,8,977009.9572992247
ResNet50-DeepClusterV2-2x224_selfsupervised,162,9,403701.72585965495
ResNet50-DeepClusterV2-2x224_selfsupervised,162,10,403701.72585965495
ResNet50-DeepClusterV2-2x224_selfsupervised,162,11,403701.72585965495
ResNet50-DeepClusterV2-2x224_selfsupervised,162,12,259502.4211399732
ResNet50-DeepClusterV2-2x224_selfsupervised,162,13,977009.9572992247
ResNet50-DeepClusterV2-2x224_selfsupervised,162,14,628029.1441834247
ResNet50-DeepClusterV2-2x224_selfsupervised,162,15,403701.72585965495
ResNet50-DeepClusterV2-2x224_selfsupervised,162,16,628029.1441834247
ResNet50-DeepClusterV2-2x224_selfsupervised,162,17,628029.1441834247
ResNet50-DeepClusterV2-2x224_selfsupervised,162,18,977009.9572992247
ResNet50-DeepClusterV2-2x224_selfsupervised,162,19,628029.1441834247
ResNet50-DeepClusterV2-2x224_selfsupervised,162,20,628029.1441834247
ResNet50-DeepClusterV2-2x224_selfsupervised,162,21,628029.1441834247
ResNet50-DeepClusterV2-2x224_selfsupervised,162,22,628029.1441834247
ResNet50-DeepClusterV2-2x224_selfsupervised,162,23,403701.72585965495
ResNet50-DeepClusterV2-2x224_selfsupervised,162,24,977009.9572992247
ResNet50-DeepClusterV2-2x224_selfsupervised,162,25,403701.72585965495
ResNet50-DeepClusterV2-2x224_selfsupervised,162,26,977009.9572992247
ResNet50-DeepClusterV2-2x224_selfsupervised,162,27,628029.1441834247
ResNet50-DeepClusterV2-2x224_selfsupervised,162,28,977009.9572992247
ResNet50-DeepClusterV2-2x224_selfsupervised,162,29,977009.9572992247
ResNet50-DeepClusterV2-2x224_selfsupervised,162,30,628029.1441834247
ResNet50-DeepClusterV2-2x224_selfsupervised,162,31,403701.72585965495
ResNet50-DeepClusterV2-2x224_selfsupervised,162,32,403701.72585965495
ResNet50-DeepClusterV2-2x224_selfsupervised,162,33,628029.1441834247
ResNet50-DeepClusterV2-2x224_selfsupervised,162,34,977009.9572992247
ResNet50-DeepClusterV2-2x224_selfsupervised,162,35,628029.1441834247
ResNet50-DeepClusterV2-2x224_selfsupervised,162,36,977009.9572992247
ResNet50-DeepClusterV2-2x224_selfsupervised,162,37,977009.9572992247
ResNet50-DeepClusterV2-2x224_selfsupervised,162,38,628029.1441834247
ResNet50-DeepClusterV2-2x224_selfsupervised,162,39,628029.1441834247
ResNet50-DeepClusterV2-2x224_selfsupervised,162,40,628029.1441834247
ResNet50-DeepClusterV2-2x224_selfsupervised,162,41,977009.9572992247
ResNet50-DeepClusterV2-2x224_selfsupervised,162,42,628029.1441834247
ResNet50-DeepClusterV2-2x224_selfsupervised,162,43,628029.1441834247
ResNet50-DeepClusterV2-2x224_selfsupervised,162,44,977009.9572992247
ResNet50-DeepClusterV2-2x224_selfsupervised,162,45,628029.1441834247
ResNet50-DeepClusterV2-2x224_selfsupervised,162,46,977009.9572992247
ResNet50-DeepClusterV2-2x224_selfsupervised,162,47,628029.1441834247
ResNet50-DeepClusterV2-2x224_selfsupervised,162,48,403701.72585965495
ResNet50-DeepClusterV2-2x224_selfsupervised,162,49,628029.1441834247
ResNet50-DeepClusterV2-2x224_selfsupervised,162,50,977009.9572992247
ResNet50-ClusterFit-16K-RotNet_selfsupervised,160,1,5722367.659350208
ResNet50-ClusterFit-16K-RotNet_selfsupervised,160,2,1519911.0829529332
ResNet50-ClusterFit-16K-RotNet_selfsupervised,160,3,977009.9572992247
ResNet50-ClusterFit-16K-RotNet_selfsupervised,160,4,1519911.0829529332
ResNet50-ClusterFit-16K-RotNet_selfsupervised,160,5,2364489.412645407
ResNet50-ClusterFit-16K-RotNet_selfsupervised,160,6,3678379.7718286267
ResNet50-ClusterFit-16K-RotNet_selfsupervised,160,7,2364489.412645407
ResNet50-ClusterFit-16K-RotNet_selfsupervised,160,8,8902150.854450375
ResNet50-ClusterFit-16K-RotNet_selfsupervised,160,9,2364489.412645407
ResNet50-ClusterFit-16K-RotNet_selfsupervised,160,10,2364489.412645407
ResNet50-ClusterFit-16K-RotNet_selfsupervised,160,11,3678379.7718286267
ResNet50-ClusterFit-16K-RotNet_selfsupervised,160,12,1519911.0829529332
ResNet50-ClusterFit-16K-RotNet_selfsupervised,160,13,5722367.659350208
ResNet50-ClusterFit-16K-RotNet_selfsupervised,160,14,3678379.7718286267
ResNet50-ClusterFit-16K-RotNet_selfsupervised,160,15,2364489.412645407
ResNet50-ClusterFit-16K-RotNet_selfsupervised,160,16,3678379.7718286267
ResNet50-ClusterFit-16K-RotNet_selfsupervised,160,17,3678379.7718286267
ResNet50-ClusterFit-16K-RotNet_selfsupervised,160,18,5722367.659350208
ResNet50-ClusterFit-16K-RotNet_selfsupervised,160,19,3678379.7718286267
ResNet50-ClusterFit-16K-RotNet_selfsupervised,160,20,5722367.659350208
ResNet50-ClusterFit-16K-RotNet_selfsupervised,160,21,3678379.7718286267
ResNet50-ClusterFit-16K-RotNet_selfsupervised,160,22,5722367.659350208
ResNet50-ClusterFit-16K-RotNet_selfsupervised,160,23,5722367.659350208
ResNet50-ClusterFit-16K-RotNet_selfsupervised,160,24,5722367.659350208
ResNet50-ClusterFit-16K-RotNet_selfsupervised,160,25,3678379.7718286267
ResNet50-ClusterFit-16K-RotNet_selfsupervised,160,26,5722367.659350208
ResNet50-ClusterFit-16K-RotNet_selfsupervised,160,27,5722367.659350208
ResNet50-ClusterFit-16K-RotNet_selfsupervised,160,28,8902150.854450375
ResNet50-ClusterFit-16K-RotNet_selfsupervised,160,29,5722367.659350208
ResNet50-ClusterFit-16K-RotNet_selfsupervised,160,30,5722367.659350208
ResNet50-ClusterFit-16K-RotNet_selfsupervised,160,31,3678379.7718286267
ResNet50-ClusterFit-16K-RotNet_selfsupervised,160,32,3678379.7718286267
ResNet50-ClusterFit-16K-RotNet_selfsupervised,160,33,3678379.7718286267
ResNet50-ClusterFit-16K-RotNet_selfsupervised,160,34,8902150.854450375
ResNet50-ClusterFit-16K-RotNet_selfsupervised,160,35,3678379.7718286267
ResNet50-ClusterFit-16K-RotNet_selfsupervised,160,36,8902150.854450375
ResNet50-ClusterFit-16K-RotNet_selfsupervised,160,37,8902150.854450375
ResNet50-ClusterFit-16K-RotNet_selfsupervised,160,38,3678379.7718286267
ResNet50-ClusterFit-16K-RotNet_selfsupervised,160,39,3678379.7718286267
ResNet50-ClusterFit-16K-RotNet_selfsupervised,160,40,5722367.659350208
ResNet50-ClusterFit-16K-RotNet_selfsupervised,160,41,5722367.659350208
ResNet50-ClusterFit-16K-RotNet_selfsupervised,160,42,3678379.7718286267
ResNet50-ClusterFit-16K-RotNet_selfsupervised,160,43,5722367.659350208
ResNet50-ClusterFit-16K-RotNet_selfsupervised,160,44,8902150.854450375
ResNet50-ClusterFit-16K-RotNet_selfsupervised,160,45,3678379.7718286267
ResNet50-ClusterFit-16K-RotNet_selfsupervised,160,46,8902150.854450375
ResNet50-ClusterFit-16K-RotNet_selfsupervised,160,47,5722367.659350208
ResNet50-ClusterFit-16K-RotNet_selfsupervised,160,48,1519911.0829529332
ResNet50-ClusterFit-16K-RotNet_selfsupervised,160,49,5722367.659350208
ResNet50-ClusterFit-16K-RotNet_selfsupervised,160,50,5722367.659350208
ResNet50-SwAV-BS4096-2x224_selfsupervised,165,1,977009.9572992247
ResNet50-SwAV-BS4096-2x224_selfsupervised,165,2,403701.72585965495
ResNet50-SwAV-BS4096-2x224_selfsupervised,165,3,259502.4211399732
ResNet50-SwAV-BS4096-2x224_selfsupervised,165,4,259502.4211399732
ResNet50-SwAV-BS4096-2x224_selfsupervised,165,5,403701.72585965495
ResNet50-SwAV-BS4096-2x224_selfsupervised,165,6,628029.1441834247
ResNet50-SwAV-BS4096-2x224_selfsupervised,165,7,628029.1441834247
ResNet50-SwAV-BS4096-2x224_selfsupervised,165,8,1519911.0829529332
ResNet50-SwAV-BS4096-2x224_selfsupervised,165,9,628029.1441834247
ResNet50-SwAV-BS4096-2x224_selfsupervised,165,10,628029.1441834247
ResNet50-SwAV-BS4096-2x224_selfsupervised,165,11,977009.9572992247
ResNet50-SwAV-BS4096-2x224_selfsupervised,165,12,259502.4211399732
ResNet50-SwAV-BS4096-2x224_selfsupervised,165,13,1519911.0829529332
ResNet50-SwAV-BS4096-2x224_selfsupervised,165,14,628029.1441834247
ResNet50-SwAV-BS4096-2x224_selfsupervised,165,15,628029.1441834247
ResNet50-SwAV-BS4096-2x224_selfsupervised,165,16,977009.9572992247
ResNet50-SwAV-BS4096-2x224_selfsupervised,165,17,977009.9572992247
ResNet50-SwAV-BS4096-2x224_selfsupervised,165,18,2364489.412645407
ResNet50-SwAV-BS4096-2x224_selfsupervised,165,19,628029.1441834247
ResNet50-SwAV-BS4096-2x224_selfsupervised,165,20,1519911.0829529332
ResNet50-SwAV-BS4096-2x224_selfsupervised,165,21,977009.9572992247
ResNet50-SwAV-BS4096-2x224_selfsupervised,165,22,977009.9572992247
ResNet50-SwAV-BS4096-2x224_selfsupervised,165,23,977009.9572992247
ResNet50-SwAV-BS4096-2x224_selfsupervised,165,24,1519911.0829529332
ResNet50-SwAV-BS4096-2x224_selfsupervised,165,25,628029.1441834247
ResNet50-SwAV-BS4096-2x224_selfsupervised,165,26,1519911.0829529332
ResNet50-SwAV-BS4096-2x224_selfsupervised,165,27,977009.9572992247
ResNet50-SwAV-BS4096-2x224_selfsupervised,165,28,2364489.412645407
ResNet50-SwAV-BS4096-2x224_selfsupervised,165,29,1519911.0829529332
ResNet50-SwAV-BS4096-2x224_selfsupervised,165,30,977009.9572992247
ResNet50-SwAV-BS4096-2x224_selfsupervised,165,31,628029.1441834247
ResNet50-SwAV-BS4096-2x224_selfsupervised,165,32,628029.1441834247
ResNet50-SwAV-BS4096-2x224_selfsupervised,165,33,977009.9572992247
ResNet50-SwAV-BS4096-2x224_selfsupervised,165,34,1519911.0829529332
ResNet50-SwAV-BS4096-2x224_selfsupervised,165,35,977009.9572992247
ResNet50-SwAV-BS4096-2x224_selfsupervised,165,36,1519911.0829529332
ResNet50-SwAV-BS4096-2x224_selfsupervised,165,37,1519911.0829529332
ResNet50-SwAV-BS4096-2x224_selfsupervised,165,38,628029.1441834247
ResNet50-SwAV-BS4096-2x224_selfsupervised,165,39,977009.9572992247
ResNet50-SwAV-BS4096-2x224_selfsupervised,165,40,977009.9572992247
ResNet50-SwAV-BS4096-2x224_selfsupervised,165,41,977009.9572992247
ResNet50-SwAV-BS4096-2x224_selfsupervised,165,42,977009.9572992247
ResNet50-SwAV-BS4096-2x224_selfsupervised,165,43,1519911.0829529332
ResNet50-SwAV-BS4096-2x224_selfsupervised,165,44,2364489.412645407
ResNet50-SwAV-BS4096-2x224_selfsupervised,165,45,977009.9572992247
ResNet50-SwAV-BS4096-2x224_selfsupervised,165,46,2364489.412645407
ResNet50-SwAV-BS4096-2x224_selfsupervised,165,47,977009.9572992247
ResNet50-SwAV-BS4096-2x224_selfsupervised,165,48,403701.72585965495
ResNet50-SwAV-BS4096-2x224_selfsupervised,165,49,977009.9572992247
ResNet50-SwAV-BS4096-2x224_selfsupervised,165,50,1519911.0829529332
ResNet50-MoCoV2-BS256_selfsupervised,155,1,91.11627561154891
ResNet50-MoCoV2-BS256_selfsupervised,155,2,24.20128264794382
ResNet50-MoCoV2-BS256_selfsupervised,155,3,24.20128264794382
ResNet50-MoCoV2-BS256_selfsupervised,155,4,24.20128264794382
ResNet50-MoCoV2-BS256_selfsupervised,155,5,24.20128264794382
ResNet50-MoCoV2-BS256_selfsupervised,155,6,37.64935806792467
ResNet50-MoCoV2-BS256_selfsupervised,155,7,37.64935806792467
ResNet50-MoCoV2-BS256_selfsupervised,155,8,141.74741629268047
ResNet50-MoCoV2-BS256_selfsupervised,155,9,58.570208180566674
ResNet50-MoCoV2-BS256_selfsupervised,155,10,37.64935806792467
ResNet50-MoCoV2-BS256_selfsupervised,155,11,37.64935806792467
ResNet50-MoCoV2-BS256_selfsupervised,155,12,24.20128264794382
ResNet50-MoCoV2-BS256_selfsupervised,155,13,91.11627561154891
ResNet50-MoCoV2-BS256_selfsupervised,155,14,58.570208180566674
ResNet50-MoCoV2-BS256_selfsupervised,155,15,37.64935806792467
ResNet50-MoCoV2-BS256_selfsupervised,155,16,91.11627561154891
ResNet50-MoCoV2-BS256_selfsupervised,155,17,58.570208180566674
ResNet50-MoCoV2-BS256_selfsupervised,155,18,141.74741629268047
ResNet50-MoCoV2-BS256_selfsupervised,155,19,37.64935806792467
ResNet50-MoCoV2-BS256_selfsupervised,155,20,91.11627561154891
ResNet50-MoCoV2-BS256_selfsupervised,155,21,58.570208180566674
ResNet50-MoCoV2-BS256_selfsupervised,155,22,91.11627561154891
ResNet50-MoCoV2-BS256_selfsupervised,155,23,58.570208180566674
ResNet50-MoCoV2-BS256_selfsupervised,155,24,91.11627561154891
ResNet50-MoCoV2-BS256_selfsupervised,155,25,37.64935806792467
ResNet50-MoCoV2-BS256_selfsupervised,155,26,141.74741629268047
ResNet50-MoCoV2-BS256_selfsupervised,155,27,91.11627561154891
ResNet50-MoCoV2-BS256_selfsupervised,155,28,141.74741629268047
ResNet50-MoCoV2-BS256_selfsupervised,155,29,91.11627561154891
ResNet50-MoCoV2-BS256_selfsupervised,155,30,91.11627561154891
ResNet50-MoCoV2-BS256_selfsupervised,155,31,58.570208180566674
ResNet50-MoCoV2-BS256_selfsupervised,155,32,58.570208180566674
ResNet50-MoCoV2-BS256_selfsupervised,155,33,91.11627561154891
ResNet50-MoCoV2-BS256_selfsupervised,155,34,91.11627561154891
ResNet50-MoCoV2-BS256_selfsupervised,155,35,91.11627561154891
ResNet50-MoCoV2-BS256_selfsupervised,155,36,91.11627561154891
ResNet50-MoCoV2-BS256_selfsupervised,155,37,141.74741629268047
ResNet50-MoCoV2-BS256_selfsupervised,155,38,91.11627561154891
ResNet50-MoCoV2-BS256_selfsupervised,155,39,91.11627561154891
ResNet50-MoCoV2-BS256_selfsupervised,155,40,91.11627561154891
ResNet50-MoCoV2-BS256_selfsupervised,155,41,91.11627561154891
ResNet50-MoCoV2-BS256_selfsupervised,155,42,91.11627561154891
ResNet50-MoCoV2-BS256_selfsupervised,155,43,91.11627561154891
ResNet50-MoCoV2-BS256_selfsupervised,155,44,141.74741629268047
ResNet50-MoCoV2-BS256_selfsupervised,155,45,58.570208180566674
ResNet50-MoCoV2-BS256_selfsupervised,155,46,220.51307399030455
ResNet50-MoCoV2-BS256_selfsupervised,155,47,91.11627561154891
ResNet50-MoCoV2-BS256_selfsupervised,155,48,24.20128264794382
ResNet50-MoCoV2-BS256_selfsupervised,155,49,58.570208180566674
ResNet50-MoCoV2-BS256_selfsupervised,155,50,91.11627561154891
ResNet50-PIRL_selfsupervised,165,1,1291.549665014884
ResNet50-PIRL_selfsupervised,165,2,343.04692863149194
ResNet50-PIRL_selfsupervised,165,3,343.04692863149194
ResNet50-PIRL_selfsupervised,165,4,343.04692863149194
ResNet50-PIRL_selfsupervised,165,5,533.6699231206308
ResNet50-PIRL_selfsupervised,165,6,533.6699231206308
ResNet50-PIRL_selfsupervised,165,7,533.6699231206308
ResNet50-PIRL_selfsupervised,165,8,2009.2330025650458
ResNet50-PIRL_selfsupervised,165,9,533.6699231206308
ResNet50-PIRL_selfsupervised,165,10,533.6699231206308
ResNet50-PIRL_selfsupervised,165,11,533.6699231206308
ResNet50-PIRL_selfsupervised,165,12,343.04692863149194
ResNet50-PIRL_selfsupervised,165,13,1291.549665014884
ResNet50-PIRL_selfsupervised,165,14,830.2175681319744
ResNet50-PIRL_selfsupervised,165,15,533.6699231206308
ResNet50-PIRL_selfsupervised,165,16,1291.549665014884
ResNet50-PIRL_selfsupervised,165,17,1291.549665014884
ResNet50-PIRL_selfsupervised,165,18,2009.2330025650458
ResNet50-PIRL_selfsupervised,165,19,830.2175681319744
ResNet50-PIRL_selfsupervised,165,20,1291.549665014884
ResNet50-PIRL_selfsupervised,165,21,830.2175681319744
ResNet50-PIRL_selfsupervised,165,22,1291.549665014884
ResNet50-PIRL_selfsupervised,165,23,830.2175681319744
ResNet50-PIRL_selfsupervised,165,24,1291.549665014884
ResNet50-PIRL_selfsupervised,165,25,830.2175681319744
ResNet50-PIRL_selfsupervised,165,26,2009.2330025650458
ResNet50-PIRL_selfsupervised,165,27,830.2175681319744
ResNet50-PIRL_selfsupervised,165,28,2009.2330025650458
ResNet50-PIRL_selfsupervised,165,29,1291.549665014884
ResNet50-PIRL_selfsupervised,165,30,1291.549665014884
ResNet50-PIRL_selfsupervised,165,31,830.2175681319744
ResNet50-PIRL_selfsupervised,165,32,830.2175681319744
ResNet50-PIRL_selfsupervised,165,33,830.2175681319744
ResNet50-PIRL_selfsupervised,165,34,1291.549665014884
ResNet50-PIRL_selfsupervised,165,35,1291.549665014884
ResNet50-PIRL_selfsupervised,165,36,1291.549665014884
ResNet50-PIRL_selfsupervised,165,37,2009.2330025650458
ResNet50-PIRL_selfsupervised,165,38,830.2175681319744
ResNet50-PIRL_selfsupervised,165,39,1291.549665014884
ResNet50-PIRL_selfsupervised,165,40,1291.549665014884
ResNet50-PIRL_selfsupervised,165,41,1291.549665014884
ResNet50-PIRL_selfsupervised,165,42,1291.549665014884
ResNet50-PIRL_selfsupervised,165,43,1291.549665014884
ResNet50-PIRL_selfsupervised,165,44,2009.2330025650458
ResNet50-PIRL_selfsupervised,165,45,830.2175681319744
ResNet50-PIRL_selfsupervised,165,46,2009.2330025650458
ResNet50-PIRL_selfsupervised,165,47,1291.549665014884
ResNet50-PIRL_selfsupervised,165,48,533.6699231206308
ResNet50-PIRL_selfsupervised,165,49,1291.549665014884
ResNet50-PIRL_selfsupervised,165,50,1291.549665014884
ResNet50-ClusterFit-16K-RotNet_selfsupervised,160,1,5722367.659350208
ResNet50-ClusterFit-16K-RotNet_selfsupervised,160,2,1519911.0829529332
ResNet50-ClusterFit-16K-RotNet_selfsupervised,160,3,977009.9572992247
ResNet50-ClusterFit-16K-RotNet_selfsupervised,160,4,1519911.0829529332
ResNet50-ClusterFit-16K-RotNet_selfsupervised,160,5,2364489.412645407
ResNet50-ClusterFit-16K-RotNet_selfsupervised,160,6,3678379.7718286267
ResNet50-ClusterFit-16K-RotNet_selfsupervised,160,7,2364489.412645407
ResNet50-ClusterFit-16K-RotNet_selfsupervised,160,8,8902150.854450375
ResNet50-ClusterFit-16K-RotNet_selfsupervised,160,9,2364489.412645407
ResNet50-ClusterFit-16K-RotNet_selfsupervised,160,10,2364489.412645407
ResNet50-ClusterFit-16K-RotNet_selfsupervised,160,11,3678379.7718286267
ResNet50-ClusterFit-16K-RotNet_selfsupervised,160,12,1519911.0829529332
ResNet50-ClusterFit-16K-RotNet_selfsupervised,160,13,5722367.659350208
ResNet50-ClusterFit-16K-RotNet_selfsupervised,160,14,3678379.7718286267
ResNet50-ClusterFit-16K-RotNet_selfsupervised,160,15,2364489.412645407
ResNet50-ClusterFit-16K-RotNet_selfsupervised,160,16,3678379.7718286267
ResNet50-ClusterFit-16K-RotNet_selfsupervised,160,17,3678379.7718286267
ResNet50-ClusterFit-16K-RotNet_selfsupervised,160,18,5722367.659350208
ResNet50-ClusterFit-16K-RotNet_selfsupervised,160,19,3678379.7718286267
ResNet50-ClusterFit-16K-RotNet_selfsupervised,160,20,5722367.659350208
ResNet50-ClusterFit-16K-RotNet_selfsupervised,160,21,3678379.7718286267
ResNet50-ClusterFit-16K-RotNet_selfsupervised,160,22,5722367.659350208
ResNet50-ClusterFit-16K-RotNet_selfsupervised,160,23,5722367.659350208
ResNet50-ClusterFit-16K-RotNet_selfsupervised,160,24,5722367.659350208
ResNet50-ClusterFit-16K-RotNet_selfsupervised,160,25,3678379.7718286267
ResNet50-ClusterFit-16K-RotNet_selfsupervised,160,26,5722367.659350208
ResNet50-ClusterFit-16K-RotNet_selfsupervised,160,27,5722367.659350208
ResNet50-ClusterFit-16K-RotNet_selfsupervised,160,28,8902150.854450375
ResNet50-ClusterFit-16K-RotNet_selfsupervised,160,29,5722367.659350208
ResNet50-ClusterFit-16K-RotNet_selfsupervised,160,30,5722367.659350208
ResNet50-ClusterFit-16K-RotNet_selfsupervised,160,31,3678379.7718286267
ResNet50-ClusterFit-16K-RotNet_selfsupervised,160,32,3678379.7718286267
ResNet50-ClusterFit-16K-RotNet_selfsupervised,160,33,3678379.7718286267
ResNet50-ClusterFit-16K-RotNet_selfsupervised,160,34,8902150.854450375
ResNet50-ClusterFit-16K-RotNet_selfsupervised,160,35,3678379.7718286267
ResNet50-ClusterFit-16K-RotNet_selfsupervised,160,36,8902150.854450375
ResNet50-ClusterFit-16K-RotNet_selfsupervised,160,37,8902150.854450375
ResNet50-ClusterFit-16K-RotNet_selfsupervised,160,38,3678379.7718286267
ResNet50-ClusterFit-16K-RotNet_selfsupervised,160,39,3678379.7718286267
ResNet50-ClusterFit-16K-RotNet_selfsupervised,160,40,5722367.659350208
ResNet50-ClusterFit-16K-RotNet_selfsupervised,160,41,5722367.659350208
ResNet50-ClusterFit-16K-RotNet_selfsupervised,160,42,3678379.7718286267
ResNet50-ClusterFit-16K-RotNet_selfsupervised,160,43,5722367.659350208
ResNet50-ClusterFit-16K-RotNet_selfsupervised,160,44,8902150.854450375
ResNet50-ClusterFit-16K-RotNet_selfsupervised,160,45,3678379.7718286267
ResNet50-ClusterFit-16K-RotNet_selfsupervised,160,46,8902150.854450375
ResNet50-ClusterFit-16K-RotNet_selfsupervised,160,47,5722367.659350208
ResNet50-ClusterFit-16K-RotNet_selfsupervised,160,48,1519911.0829529332
ResNet50-ClusterFit-16K-RotNet_selfsupervised,160,49,5722367.659350208
ResNet50-ClusterFit-16K-RotNet_selfsupervised,160,50,5722367.659350208
ResNet50-MoCoV2-BS256_selfsupervised,155,1,91.11627561154891
ResNet50-MoCoV2-BS256_selfsupervised,155,2,24.20128264794382
ResNet50-MoCoV2-BS256_selfsupervised,155,3,24.20128264794382
ResNet50-MoCoV2-BS256_selfsupervised,155,4,24.20128264794382
ResNet50-MoCoV2-BS256_selfsupervised,155,5,24.20128264794382
ResNet50-MoCoV2-BS256_selfsupervised,155,6,37.64935806792467
ResNet50-MoCoV2-BS256_selfsupervised,155,7,37.64935806792467
ResNet50-MoCoV2-BS256_selfsupervised,155,8,141.74741629268047
ResNet50-MoCoV2-BS256_selfsupervised,155,9,58.570208180566674
ResNet50-MoCoV2-BS256_selfsupervised,155,10,37.64935806792467
ResNet50-MoCoV2-BS256_selfsupervised,155,11,37.64935806792467
ResNet50-MoCoV2-BS256_selfsupervised,155,12,24.20128264794382
ResNet50-MoCoV2-BS256_selfsupervised,155,13,91.11627561154891
ResNet50-MoCoV2-BS256_selfsupervised,155,14,58.570208180566674
ResNet50-MoCoV2-BS256_selfsupervised,155,15,37.64935806792467
ResNet50-MoCoV2-BS256_selfsupervised,155,16,91.11627561154891
ResNet50-MoCoV2-BS256_selfsupervised,155,17,58.570208180566674
ResNet50-MoCoV2-BS256_selfsupervised,155,18,141.74741629268047
ResNet50-MoCoV2-BS256_selfsupervised,155,19,37.64935806792467
ResNet50-MoCoV2-BS256_selfsupervised,155,20,91.11627561154891
ResNet50-MoCoV2-BS256_selfsupervised,155,21,58.570208180566674
ResNet50-MoCoV2-BS256_selfsupervised,155,22,91.11627561154891
ResNet50-MoCoV2-BS256_selfsupervised,155,23,58.570208180566674
ResNet50-MoCoV2-BS256_selfsupervised,155,24,91.11627561154891
ResNet50-MoCoV2-BS256_selfsupervised,155,25,37.64935806792467
ResNet50-MoCoV2-BS256_selfsupervised,155,26,141.74741629268047
ResNet50-MoCoV2-BS256_selfsupervised,155,27,91.11627561154891
ResNet50-MoCoV2-BS256_selfsupervised,155,28,141.74741629268047
ResNet50-MoCoV2-BS256_selfsupervised,155,29,91.11627561154891
ResNet50-MoCoV2-BS256_selfsupervised,155,30,91.11627561154891
ResNet50-MoCoV2-BS256_selfsupervised,155,31,58.570208180566674
ResNet50-MoCoV2-BS256_selfsupervised,155,32,58.570208180566674
ResNet50-MoCoV2-BS256_selfsupervised,155,33,91.11627561154891
ResNet50-MoCoV2-BS256_selfsupervised,155,34,91.11627561154891
ResNet50-MoCoV2-BS256_selfsupervised,155,35,91.11627561154891
ResNet50-MoCoV2-BS256_selfsupervised,155,36,91.11627561154891
ResNet50-MoCoV2-BS256_selfsupervised,155,37,141.74741629268047
ResNet50-MoCoV2-BS256_selfsupervised,155,38,91.11627561154891
ResNet50-MoCoV2-BS256_selfsupervised,155,39,91.11627561154891
ResNet50-MoCoV2-BS256_selfsupervised,155,40,91.11627561154891
ResNet50-MoCoV2-BS256_selfsupervised,155,41,91.11627561154891
ResNet50-MoCoV2-BS256_selfsupervised,155,42,91.11627561154891
ResNet50-MoCoV2-BS256_selfsupervised,155,43,91.11627561154891
ResNet50-MoCoV2-BS256_selfsupervised,155,44,141.74741629268047
ResNet50-MoCoV2-BS256_selfsupervised,155,45,58.570208180566674
ResNet50-MoCoV2-BS256_selfsupervised,155,46,220.51307399030455
ResNet50-MoCoV2-BS256_selfsupervised,155,47,91.11627561154891
ResNet50-MoCoV2-BS256_selfsupervised,155,48,24.20128264794382
ResNet50-MoCoV2-BS256_selfsupervised,155,49,58.570208180566674
ResNet50-MoCoV2-BS256_selfsupervised,155,50,91.11627561154891
