R²_A,R²_B,R²_AB,unique_A,unique_B,common,unexplained,suppression_strength,snr,mixing_dimension,rng_seed
-0.05223133601373824,-0.19751165137418045,-0.11148140791759975,0.0860302434565807,-0.05925007190386151,-0.13826157947031895,1.1114814079175996,0.3,0.5,,1
0.03326272423076207,-0.003982151771848212,0.030736615571888202,0.03471876734373641,-0.002526108658873868,-0.0014560431129743458,0.9692633844281118,0.3,0.5,30,1
0.0379585678734468,-0.006809947311039606,0.0335831343060494,0.04039308161708901,-0.004375433567397398,-0.0024345137436422096,0.9664168656939506,0.3,0.5,50,1
0.03770658538604188,-0.013369859776526412,0.026930201467593333,0.04030006124411974,-0.010776383918448547,-0.0025934758580778636,0.9730697985324067,0.3,0.5,100,1
0.040496920926459824,-0.03343303740460664,0.010173125090187966,0.043606162494794605,-0.030323795836271858,-0.0031092415683347807,0.989826874909812,0.3,0.5,250,1
0.02539693753449204,-0.06905869331236565,-0.043671422037126005,0.025387271275239646,-0.06906835957161804,9.666259252395781e-06,1.043671422037126,0.3,0.5,500,1
-0.03204343230160231,-0.1485574273543358,-0.20993123821022738,-0.06137381085589158,-0.17788780590862507,0.02933037855428927,1.2099312382102274,0.3,0.5,1000,1
0.21023540866760235,-0.1945926881912353,0.15545911396263926,0.35005180215387455,-0.05477629470496309,-0.1398163934862722,0.8445408860373608,0.3,1.0,,1
0.08080408119123457,-0.0037436433704868934,0.08043210857444981,0.0841757519449367,-0.00037197261678476035,-0.0033716707537021356,0.9195678914255502,0.3,1.0,30,1
0.0968759586288284,-0.006685850064317362,0.09585718063200221,0.10254303069631958,-0.0010187779968261895,-0.0056670720674911745,0.9041428193679978,0.3,1.0,50,1
0.1066754396192995,-0.013090330156022694,0.09984845497654078,0.11293878513256347,-0.0068269846427587155,-0.0062633455132639765,0.9001515450234592,0.3,1.0,100,1
0.1412613846311653,-0.032820207794347425,0.1189196444813762,0.15173985227572362,-0.02234174014978911,-0.010478467644558315,0.8810803555186238,0.3,1.0,250,1
0.1563396950214304,-0.06882016317079799,0.10191025242516724,0.17073041559596525,-0.05442944259626317,-0.014390720574534818,0.8980897475748327,0.3,1.0,500,1
0.13107302397215154,-0.147301400611489,-0.011610913446809059,0.13569048716467993,-0.1426839374189606,-0.004617463192528402,1.011610913446809,0.3,1.0,1000,1
0.6559356455245605,-0.1885502786461714,0.5956975193629443,0.7842477980091158,-0.06023812616161617,-0.12831215248455524,0.40430248063705565,0.3,10.0,,1
0.15281994224136952,-0.0033671217660040664,0.1560508287727108,0.15941795053871485,0.003230886531341265,-0.006598008297345331,0.8439491712272892,0.3,10.0,30,1
0.18886574702893244,-0.006546684632901991,0.19314400456805791,0.1996906892009599,0.004278257539125474,-0.010824942172027452,0.8068559954319421,0.3,10.0,50,1
0.2192307713489584,-0.012651166919271711,0.2192160701603302,0.2318672370796019,-1.4701188628202244e-05,-0.012636465730643504,0.7807839298396698,0.3,10.0,100,1
0.3136472485432815,-0.0313275548695109,0.3059921196427908,0.3373196745123017,-0.007655128900490693,-0.023672425969020194,0.6940078803572092,0.3,10.0,250,1
0.3835864307420072,-0.06810028665683507,0.35537309235831605,0.42347337901515114,-0.028213338383691167,-0.039886948273143874,0.644626907641684,0.3,10.0,500,1
0.4211253801609695,-0.14542270071565652,0.34168559014963684,0.4871082908652934,-0.07943979001133267,-0.06598291070432383,0.6583144098503632,0.3,10.0,1000,1
0.6650618979882916,-0.18843127912950444,0.6029955121144742,0.7914267912439786,-0.06206638587381741,-0.126364893255687,0.3970044878855258,0.3,20.0,,1
0.15394150883409596,-0.0033622237593351847,0.1572479707097571,0.16061019446909228,0.0033064618756611375,-0.006668685634996313,0.8427520292902428,0.3,20.0,30,1
0.19034474762883807,-0.006547301358297081,0.194698611849497,0.20124591320779409,0.004353864220658921,-0.010901165578956012,0.805301388150503,0.3,20.0,50,1
0.22106344578471832,-0.012646460037802357,0.22117446460795948,0.23382092464576182,0.00011101882324116019,-0.012757478861043503,0.7788255353920406,0.3,20.0,100,1
0.3165002095781943,-0.031271656304965825,0.3091361885230849,0.3404078448280507,-0.007364021055109415,-0.023907635249856396,0.6908638114769151,0.3,20.0,250,1
0.38744498744364203,-0.06806925467112591,0.3596904277509975,0.4277596824221234,-0.02775455969264451,-0.04031469497848139,0.6403095722490024,0.3,20.0,500,1
0.4261848539564396,-0.14541952294271143,0.34783054687160314,0.4932500698143146,-0.07835430708483648,-0.06706521585787495,0.6521694531283968,0.3,20.0,1000,1
0.6681788454021059,-0.18838243663487406,0.605439640180213,0.7938220768150871,-0.06273920522189291,-0.12564323141298117,0.394560359819787,0.3,700.0,,1
0.15430693376284754,-0.0033619084372156884,0.15765175257821915,0.16101366101543482,0.003344818815371603,-0.00670672725258728,0.8423482474217808,0.3,700.0,30,1
0.1908655228296408,-0.006549588321220709,0.19523839663424855,0.20178798495546926,0.004372873804607741,-0.010922462125828453,0.8047616033657514,0.3,700.0,50,1
0.22166687148482772,-0.012646390186313588,0.22182932384010937,0.23447571402642295,0.0001624523552816448,-0.012808842541595228,0.7781706761598907,0.3,700.0,100,1
0.31739636843605523,-0.031230570968093327,0.31015641153517903,0.3413869825032724,-0.007239956900876199,-0.023990614067217142,0.689843588464821,0.3,700.0,250,1
0.3887135141930484,-0.06804574730236951,0.3611132533789617,0.4291590006813312,-0.027600260814086675,-0.040445486488282834,0.6388867466210383,0.3,700.0,500,1
0.42789140679259163,-0.14543929268062852,0.34988189503537037,0.49532118771599887,-0.07800951175722126,-0.06742978092340723,0.6501181049646296,0.3,700.0,1000,1
-0.06089988737037173,-0.19751165137418045,-0.12042665630016547,0.07708499507401498,-0.059526768929793736,-0.13798488244438673,1.1204266563001655,0.5,0.5,,1
0.029659618946842072,-0.003982151771848212,0.02740144477070579,0.031383596542554,-0.002258174176136281,-0.0017239775957119292,0.9725985552292942,0.5,0.5,30,1
0.03348830670814563,-0.006809947311039606,0.02941441108230615,0.03622435839334576,-0.0040738956258394785,-0.002736051685200129,0.9705855889176939,0.5,0.5,50,1
0.03195803484672031,-0.013369859776526412,0.021232377219271452,0.03460223699579786,-0.010725657627448856,-0.002644202149077554,0.9787676227807286,0.5,0.5,100,1
0.033630700218637226,-0.03343303740460664,0.003980453990250686,0.03741349139485733,-0.02965024622838654,-0.003782791176220099,0.9960195460097493,0.5,0.5,250,1
0.018836486701139934,-0.06905869331236565,-0.050382063587265505,0.018676629725100147,-0.06921855028840544,0.00015985697603979054,1.0503820635872656,0.5,0.5,500,1
-0.03766968416568393,-0.1485574273543358,-0.21717135293092352,-0.06861392557658771,-0.1795016687652396,0.030944241410903794,1.2171713529309236,0.5,0.5,1000,1
0.1924485920229063,-0.1945926881912353,0.1384311583597251,0.3330238465509604,-0.05401743366318118,-0.1405752545280541,0.8615688416402749,0.5,1.0,,1
0.07220192319870561,-0.0037436433704868934,0.07264983138392395,0.07639347475441084,0.00044790818521833753,-0.0041915515557052335,0.9273501686160761,0.5,1.0,30,1
0.08586663586478516,-0.006685850064317362,0.08540531816996183,0.0920911682342792,-0.00046131769482332663,-0.006224532369494037,0.9145946818300381,0.5,1.0,50,1
0.09315002980676829,-0.013090330156022694,0.08661414136639571,0.0997044715224184,-0.006535888440372575,-0.006554441715650117,0.9133858586336043,0.5,1.0,100,1
0.12511514686072836,-0.032820207794347425,0.1041605006670153,0.13698070846136273,-0.020954646193713067,-0.011865561600634358,0.8958394993329847,0.5,1.0,250,1
0.1402779092561468,-0.06882016317079799,0.08602591721064269,0.15484608038144068,-0.05425199204550411,-0.014568171125293877,0.9139740827893573,0.5,1.0,500,1
0.11688106795718141,-0.147301400611489,-0.0277755969693399,0.1195258036421491,-0.1446566649265213,-0.002644735684967689,1.0277755969693398,0.5,1.0,1000,1
0.6121874392105576,-0.1885502786461714,0.5628516838360834,0.7514019624822548,-0.04933575537447421,-0.1392145232716972,0.4371483161639166,0.5,10.0,,1
0.136056834019986,-0.0033671217660040664,0.14139714871477965,0.14476427048078372,0.005340314694793652,-0.008707436460797718,0.8586028512852204,0.5,10.0,30,1
0.16720255172286627,-0.006546684632901991,0.17248236284677612,0.1790290474796781,0.00527981112390985,-0.011826495756811828,0.8275176371532239,0.5,10.0,50,1
0.19301160955736765,-0.012651166919271711,0.19368009019610152,0.20633125711537323,0.0006684806387338704,-0.013319647558005576,0.8063199098038984,0.5,10.0,100,1
0.28131809297562677,-0.0313275548695109,0.2761605338607267,0.3074880887302376,-0.005157559114900068,-0.02616999575461082,0.7238394661392733,0.5,10.0,250,1
0.34994074568937444,-0.06810028665683507,0.32258015028694753,0.3906804369437826,-0.027360595402426913,-0.04073969125440813,0.6774198497130525,0.5,10.0,500,1
0.3904641829993358,-0.14542270071565652,0.3082611735973642,0.4536838743130207,-0.08220300940197156,-0.06321969131368496,0.6917388264026358,0.5,10.0,1000,1
0.6195931912226859,-0.18843127912950444,0.5696081269859613,0.7580394061154657,-0.04998506423672455,-0.13844621489277986,0.4303918730140387,0.5,20.0,,1
0.1370237683304563,-0.0033622237593351847,0.14247946661816743,0.1458416903775026,0.0054556982877111415,-0.008817922047046317,0.8575205333818325,0.5,20.0,30,1
0.16848215301777156,-0.006547301358297081,0.1738459913966918,0.1803932927549889,0.005363838378920238,-0.01191113973721733,0.8261540086033082,0.5,20.0,50,1
0.19466527137280448,-0.012646460037802357,0.1954633627638444,0.20810982280164675,0.0007980913910399234,-0.013444551428842266,0.8045366372361555,0.5,20.0,100,1
0.28394782218820175,-0.031271656304965825,0.2790862196139387,0.3103578759189045,-0.004861602574263046,-0.026410053730702765,0.7209137803860612,0.5,20.0,250,1
0.35347116475528767,-0.06806925467112591,0.3265946556383085,0.3946639103094344,-0.026876509116979197,-0.041192745554146704,0.6734053443616915,0.5,20.0,500,1
0.39522145555139127,-0.14541952294271143,0.31408213069061913,0.45950165363333056,-0.08113932486077213,-0.0642801980819393,0.6859178693093808,0.5,20.0,1000,1
0.6221496321944361,-0.18838243663487406,0.5718760915680782,0.7602585282029523,-0.050273540626357915,-0.13810889600851617,0.42812390843192183,0.5,700.0,,1
0.1373198421636153,-0.0033619084372156884,0.14283862515711476,0.14620053359433044,0.005518782993499449,-0.008880691430715126,0.8571613748428852,0.5,700.0,30,1
0.1689137137297731,-0.006549588321220709,0.174299970348592,0.1808495586698127,0.005386256618818891,-0.011935844940039603,0.825700029651408,0.5,700.0,50,1
0.19523109919583842,-0.012646390186313588,0.19608004808649027,0.20872643827280385,0.0008489488906518461,-0.013495339076965429,0.8039199519135097,0.5,700.0,100,1
0.28481576576798207,-0.031230570968093327,0.2800690081610382,0.31129957912913153,-0.004746757606943874,-0.026483813361149466,0.7199309918389618,0.5,700.0,250,1
0.3546170701368974,-0.06804574730236951,0.32791429933461075,0.39596004663698026,-0.02670277080228667,-0.04134297650008284,0.6720857006653893,0.5,700.0,500,1
0.3968259025163263,-0.14543929268062852,0.3160192584873297,0.4614585511679582,-0.08080664402899662,-0.06463264865163187,0.6839807415126703,0.5,700.0,1000,1
-0.06663168519152672,-0.19751165137418045,-0.12982168687676324,0.06768996449741721,-0.06319000168523652,-0.13432164968894392,1.1298216868767632,0.7,0.5,,1
0.028086296483039355,-0.003982151771848212,0.02598993840971626,0.02997209018156447,-0.0020963580733230937,-0.0018857936985251199,0.9740100615902837,0.7,0.5,30,1
0.027064733035306956,-0.006809947311039606,0.022350864589717415,0.02916081190075702,-0.0047138684455895405,-0.0020960788654500635,0.9776491354102825,0.7,0.5,50,1
0.024207200045240223,-0.013369859776526412,0.014420168209606947,0.027790027986133357,-0.009787031835633276,-0.003582827940893136,0.9855798317903931,0.7,0.5,100,1
0.025557297328729026,-0.03343303740460664,-0.003814574816784676,0.029618462587821963,-0.029371872145513702,-0.004061165259092937,1.0038145748167846,0.7,0.5,250,1
0.009710669942016262,-0.06905869331236565,-0.05962797283693153,0.00943072047543412,-0.0693386427789478,0.00027994946658214254,1.0596279728369316,0.7,0.5,500,1
-0.04646203756677851,-0.1485574273543358,-0.22885139160152912,-0.08029396424719332,-0.1823893540347506,0.03383192668041479,1.2288513916015291,0.7,0.5,1000,1
0.17338023853259232,-0.1945926881912353,0.1169683873796424,0.3115610755708777,-0.05641185115294993,-0.13818083703828538,0.8830316126203576,0.7,1.0,,1
0.06865887711996375,-0.0037436433704868934,0.06948618526401482,0.07322982863450171,0.0008273081440510616,-0.0045709515145379576,0.9305138147359852,0.7,1.0,30,1
0.07073722862165446,-0.006685850064317362,0.06892716104180374,0.0756130111061211,-0.0018100675798507215,-0.0048757824844666425,0.9310728389581963,0.7,1.0,50,1
0.07484309524010069,-0.013090330156022694,0.07023762268949499,0.08332795284551768,-0.004605472550605699,-0.008484857605416993,0.929762377310505,0.7,1.0,100,1
0.10546581938077512,-0.032820207794347425,0.08518799011084076,0.11800819790518818,-0.020277829269934364,-0.012542378524413061,0.9148120098891592,0.7,1.0,250,1
0.1177739773082186,-0.06882016317079799,0.06355116800056235,0.13237133117136035,-0.05422280930765626,-0.014597353863141732,0.9364488319994376,0.7,1.0,500,1
0.09528908349887158,-0.147301400611489,-0.05343409811695887,0.09386730249453012,-0.14872318161583045,0.0014217810043414547,1.0534340981169588,0.7,1.0,1000,1
0.5653868604007425,-0.1885502786461714,0.5185306162963116,0.7070808949424829,-0.0468562441044309,-0.1416940345417405,0.4814693837036884,0.7,10.0,,1
0.12949006341678784,-0.0033671217660040664,0.13529785728963079,0.13866497905563485,0.005807793872842942,-0.009174915638847009,0.8647021427103692,0.7,10.0,30,1
0.13802052978132312,-0.006546684632901991,0.14083431865591184,0.14738100328881382,0.0028137888745887185,-0.009360473507490696,0.8591656813440882,0.7,10.0,50,1
0.15708317473110825,-0.012651166919271711,0.16102409901640383,0.17367526593567553,0.003940924285295577,-0.016592091204567283,0.8389759009835962,0.7,10.0,100,1
0.24082562518004377,-0.0313275548695109,0.23688041572190097,0.2682079705914119,-0.0039452094581428065,-0.02738234541136811,0.763119584278099,0.7,10.0,250,1
0.30274650349838766,-0.06810028665683507,0.27557534167183756,0.3436756283286726,-0.027171161826550105,-0.04092912483028496,0.7244246583281624,0.7,10.0,500,1
0.3441846265274528,-0.14542270071565652,0.25582164276714964,0.40124434348280613,-0.08836298376030316,-0.05705971695535336,0.7441783572328504,0.7,10.0,1000,1
0.5716057474298301,-0.18843127912950444,0.5248835806337481,0.7133148597632525,-0.04672216679608199,-0.14170911233342243,0.47511641936625193,0.7,20.0,,1
0.13049188529185918,-0.0033622237593351847,0.13640812616718634,0.13977034992652151,0.005916240875327161,-0.009278464634662337,0.8635918738328137,0.7,20.0,30,1
0.13908729282977747,-0.006547301358297081,0.14196655995144494,0.14851386130974203,0.0028792671216674726,-0.009426568479964564,0.8580334400485551,0.7,20.0,50,1
0.15845184151076858,-0.012646460037802357,0.1625397776784484,0.17518623771625075,0.004087936167679829,-0.01673439620548217,0.8374602223215516,0.7,20.0,100,1
0.2430898515474897,-0.031271656304965825,0.2394509642454531,0.2707226205504189,-0.0036388873020365975,-0.027632769002929214,0.7605490357545469,0.7,20.0,250,1
0.30584875915324167,-0.06806925467112591,0.2791681261752774,0.3472373808464033,-0.026680632977964247,-0.041388621693161654,0.7208318738247226,0.7,20.0,500,1
0.34847949077922474,-0.14541952294271143,0.26116097900953156,0.406580501952243,-0.08731851176969319,-0.05810101117301825,0.7388390209904685,0.7,20.0,1000,1
0.5736910215234197,-0.18838243663487406,0.5270153808147788,0.7153978174496529,-0.04667564070864083,-0.14170679592623325,0.47298461918522117,0.7,700.0,,1
0.13087030413950454,-0.0033619084372156884,0.13684267672453557,0.14020458516175124,0.005972372585031027,-0.009334281022246704,0.8631573232754645,0.7,700.0,30,1
0.13945737468437788,-0.006549588321220709,0.1423522997248886,0.14890188804610932,0.0028949250405107263,-0.009444513361731438,0.8576477002751114,0.7,700.0,50,1
0.15892866193752733,-0.012646390186313588,0.16307089636732564,0.17571728655363922,0.004142234429798303,-0.016788624616111886,0.8369291036326744,0.7,700.0,100,1
0.24383484474487005,-0.031230570968093327,0.24031752390088723,0.27154809486898057,-0.0035173208439828185,-0.027713250124110522,0.7596824760991128,0.7,700.0,250,1
0.30686195603738897,-0.06804574730236951,0.28036132452339585,0.34840707182576536,-0.026500631513993123,-0.041545115788376386,0.7196386754766042,0.7,700.0,500,1
0.34992102810780773,-0.14543929268062852,0.26294298357431056,0.40838227625493906,-0.08697804453349717,-0.058461248147131356,0.7370570164256894,0.7,700.0,1000,1
-0.05175563244581754,-0.200365497207998,-0.11112457974413459,0.08924091746386342,-0.05936894729831705,-0.14099654990968097,1.1111245797441347,0.3,0.5,,2
0.021227240035947673,-0.004144384500321212,0.019686494814458354,0.023830879314779566,-0.0015407452214893196,-0.002603639278831893,0.9803135051855416,0.3,0.5,30,2
0.0537379586580207,-0.006366434569828275,0.05004021334107164,0.056406647910899915,-0.0036977453169490596,-0.0026686892528792125,0.9499597866589283,0.3,0.5,50,2
0.04255534467028497,-0.01281620773031507,0.032630762920165333,0.0454469706504804,-0.009924581750119635,-0.0028916259801954336,0.9673692370798347,0.3,0.5,100,2
0.04139109497450906,-0.033476805718010295,0.01133984167516624,0.044816647393176534,-0.03005125329934282,-0.003425552418667476,0.9886601583248338,0.3,0.5,250,2
0.02742497143122941,-0.06839899434860328,-0.04092110320729533,0.02747789114130795,-0.06834607463852474,-5.291971007854307e-05,1.0409211032072954,0.3,0.5,500,2
-0.03179036000875241,-0.14986934449751352,-0.2107162237893748,-0.06084687929186128,-0.1789258637806224,0.029056519283108873,1.2107162237893747,0.3,0.5,1000,2
0.2107450046070421,-0.20195110987185447,0.1555413637648154,0.35749247363666986,-0.0552036408422267,-0.14674746902962776,0.8444586362351846,0.3,1.0,,2
0.057481934179080534,-0.004157605783992543,0.058764614430924504,0.06292222021491704,0.0012826802518439706,-0.00544028603583651,0.9412353855690755,0.3,1.0,30,2
0.12439703662676597,-0.006170660529272794,0.12374685170224335,0.12991751223151615,-0.0006501849245226232,-0.005520475604750177,0.8762531482977567,0.3,1.0,50,2
0.11796830324696318,-0.012664467676002,0.11247914018855917,0.12514360786456116,-0.005489163058404009,-0.007175304617597994,0.8875208598114408,0.3,1.0,100,2
0.14533477273599932,-0.033542308752084964,0.12325861671553374,0.1568009254676187,-0.022076156020465573,-0.011466152731619397,0.8767413832844663,0.3,1.0,250,2
0.16019711668586087,-0.06756196027255097,0.10715956711860353,0.17472152739115449,-0.05303754956725734,-0.01452441070529363,0.8928404328813965,0.3,1.0,500,2
0.1330964037437961,-0.15004854897796466,-0.009827312652245752,0.1402212363257189,-0.14292371639604187,-0.007124832581922796,1.0098273126522457,0.3,1.0,1000,2
0.6567528027490073,-0.20302449386000393,0.5956260542429967,0.7986505481030006,-0.06112674850601052,-0.1418977453539934,0.40437394575700325,0.3,10.0,,2
0.12130268335660094,-0.0040797537743807455,0.12726509442126555,0.1313448481956463,0.005962411064664608,-0.010042164839045353,0.8727349055787345,0.3,10.0,30,2
0.22095120890590875,-0.006145552660224993,0.22427335926841033,0.2304189119286353,0.0033221503625015802,-0.009467703022726565,0.7757266407315897,0.3,10.0,50,2
0.24216340111028245,-0.012445774803556202,0.2443309789962504,0.2567767537998066,0.0021675778859679418,-0.014613352689524156,0.7556690210037496,0.3,10.0,100,2
0.3258266732787153,-0.033673193084539886,0.3179303736388644,0.35160356672340426,-0.00789629963985089,-0.025776893444688975,0.6820696263611357,0.3,10.0,250,2
0.38794548979621435,-0.06602275226228989,0.361832198596614,0.42785495085890385,-0.026113291199600375,-0.0399094610626895,0.638167801403386,0.3,10.0,500,2
0.4276831475035833,-0.149988298035412,0.3496859524017316,0.49967425043714364,-0.07799719510185171,-0.07199110293356026,0.6503140475982684,0.3,10.0,1000,2
0.6658446793536429,-0.20295039695133157,0.6029467655440452,0.8058971624953768,-0.06289791380959764,-0.1400524831417339,0.39705323445595475,0.3,20.0,,2
0.12243084125572348,-0.004078244714671494,0.12846192201443635,0.13254016672910784,0.0060310807587128645,-0.010109325473384362,0.8715380779855637,0.3,20.0,30,2
0.2223030838877564,-0.006157272172792081,0.22567619235334874,0.23183346452614081,0.0033731084655923282,-0.009530380638384406,0.7743238076466512,0.3,20.0,50,2
0.24417978638472057,-0.012438674041844304,0.24648276557377463,0.2589214396156189,0.0023029791890540607,-0.014741653230898377,0.7535172344262253,0.3,20.0,100,2
0.3289266834073742,-0.033669787094320835,0.321275266082857,0.35494505317717784,-0.007651417324517185,-0.02601836976980365,0.6787247339171429,0.3,20.0,250,2
0.3917571248915213,-0.06598600429675788,0.3661004988314505,0.4320865031282084,-0.025656626060070797,-0.040329378236687086,0.6338995011685495,0.3,20.0,500,2
0.4328092875803258,-0.14995636861927014,0.3559335354937766,0.5058899041130467,-0.07687575208654918,-0.07308061653272097,0.6440664645062234,0.3,20.0,1000,2
0.6689677057721175,-0.20286387082034915,0.6054139618586496,0.8082778326789988,-0.06355374391346791,-0.13931012690688127,0.3945860381413504,0.3,700.0,,2
0.12284053128896119,-0.004078355163046073,0.12888697760504705,0.13296533276809314,0.006046446316085863,-0.010124801479131931,0.8711130223949529,0.3,700.0,30,2
0.2226994024024555,-0.006169154880720824,0.2260839111427179,0.2322530660234387,0.0033845087402623875,-0.0095536636209832,0.7739160888572821,0.3,700.0,50,2
0.24482741323281337,-0.012433693008452613,0.24717956580819347,0.2596132588166461,0.002352152575380101,-0.014785845583832724,0.7528204341918066,0.3,700.0,100,2
0.3299903788417148,-0.03366456170116894,0.3224197401798411,0.35608430188101003,-0.007570638661873685,-0.026093923039295253,0.6775802598201589,0.3,700.0,250,2
0.39301096643148364,-0.06596582941582164,0.3675024368694651,0.43346826628528673,-0.025508529562018545,-0.040457299853803086,0.632497563130535,0.3,700.0,500,2
0.43453156228182155,-0.14992303565101223,0.3580195027399754,0.5079425383909877,-0.07651205954184614,-0.07341097610916608,0.6419804972600246,0.3,700.0,1000,2
-0.060385529444193176,-0.200365497207998,-0.12015079383060707,0.08021470337739094,-0.0597652643864139,-0.14060023282158413,1.120150793830607,0.5,0.5,,2
0.014454604850207383,-0.004144384500321212,0.011939735667576916,0.016084120167898126,-0.0025148691826304675,-0.001629515317690745,0.9880602643324231,0.5,0.5,30,2
0.036915332091198814,-0.006366434569828275,0.03543352821866422,0.04179996278849249,-0.001481803872534597,-0.004884630697293679,0.9645664717813358,0.5,0.5,50,2
0.033952881294323216,-0.01281620773031507,0.02505241438522018,0.03786862211553525,-0.008900466909103035,-0.003915740821212033,0.9749475856147798,0.5,0.5,100,2
0.03515359243805104,-0.033476805718010295,0.00537206205609995,0.03884886777411024,-0.02978153038195109,-0.003695275336059208,0.9946279379439,0.5,0.5,250,2
0.0208100167044772,-0.06839899434860328,-0.04761397010748014,0.020785024241123135,-0.06842398681195734,2.499246335406491e-05,1.0476139701074803,0.5,0.5,500,2
-0.03767321585102764,-0.14986934449751352,-0.2177910068359182,-0.06792166233840469,-0.18011779098489056,0.03024844648737704,1.2177910068359181,0.5,0.5,1000,2
0.19273445148805235,-0.20195110987185447,0.13808610556651083,0.3400372154383653,-0.054648345921541525,-0.14730276395031294,0.8619138944334892,0.5,1.0,,2
0.040391937929398214,-0.004157605783992543,0.0399014696035835,0.044059075387576044,-0.0004904683258147163,-0.00366713745817783,0.9600985303964165,0.5,1.0,30,2
0.08821531544989498,-0.006170660529272794,0.09223702048330511,0.09840768101257791,0.004021705033410122,-0.010192365562682923,0.9077629795166949,0.5,1.0,50,2
0.09754006629955286,-0.012664467676002,0.09443638414725633,0.10710085182325833,-0.003103682152296533,-0.00956078552370547,0.9055636158527437,0.5,1.0,100,2
0.12961562303264035,-0.033542308752084964,0.10845548368684164,0.1419977924389266,-0.021160139345798704,-0.012382169406286267,0.8915445163131583,0.5,1.0,250,2
0.14390261350680628,-0.06756196027255097,0.09091615722644349,0.15847811749899446,-0.05298645628036279,-0.014575503992188182,0.9090838427735565,0.5,1.0,500,2
0.1176954788754588,-0.15004854897796466,-0.02702058276206534,0.12302796621589931,-0.14471606163752412,-0.005332487340440523,1.0270205827620653,0.5,1.0,1000,2
0.6121431373313365,-0.20302449386000393,0.5615893469080969,0.7646138407681009,-0.0505537904232396,-0.15247070343676433,0.4384106530919031,0.5,10.0,,2
0.0858233367330767,-0.0040797537743807455,0.08940610211729026,0.09348585589167101,0.0035827653842135654,-0.007662519158594311,0.9105938978827097,0.5,10.0,30,2
0.15853463151972644,-0.006145552660224993,0.16991918139440237,0.17606473405462736,0.011384549874675937,-0.01753010253490092,0.8300808186055977,0.5,10.0,50,2
0.2021513535362167,-0.012445774803556202,0.20890865401120443,0.22135442881476064,0.0067573004749877374,-0.019203075278543952,0.7910913459887956,0.5,10.0,100,2
0.29290404440247075,-0.033673193084539886,0.28723096523370373,0.3209041583182436,-0.005673079168767026,-0.02800011391577284,0.7127690347662963,0.5,10.0,250,2
0.35387141731081023,-0.06602275226228989,0.3278437785698632,0.39386653083215306,-0.026027638740947046,-0.03999511352134283,0.6721562214301369,0.5,10.0,500,2
0.3939664688343699,-0.149988298035412,0.3131388025587031,0.4631271005941151,-0.08082766627566684,-0.06916063175974516,0.6868611974412969,0.5,10.0,1000,2
0.6194469132315055,-0.20295039695133157,0.568347659446827,0.7712980563981585,-0.0510992537846785,-0.15185114316665305,0.43165234055317303,0.5,20.0,,2
0.08657186872145947,-0.004078244714671494,0.09025553685404104,0.09433378156871254,0.0036836681325815718,-0.007761912847253069,0.9097444631459589,0.5,20.0,30,2
0.15953419569396035,-0.006157272172792081,0.17100844456910497,0.17716571674189704,0.011474248875144616,-0.017631521047936694,0.8289915554308951,0.5,20.0,50,2
0.20384453764405094,-0.012438674041844304,0.2107773515975783,0.2232160256394226,0.00693281395352735,-0.019371487995371667,0.7892226484024217,0.5,20.0,100,2
0.29570337705282657,-0.033669787094320835,0.29030304490226205,0.3239728319965829,-0.005400332150564513,-0.028269454943756323,0.7096969550977379,0.5,20.0,250,2
0.35735127601793737,-0.06598600429675788,0.33177115311205063,0.3977571574088085,-0.025580122905886737,-0.040405881390871146,0.6682288468879494,0.5,20.0,500,2
0.39877713139453386,-0.14995636861927014,0.31906285079016267,0.4690192194094328,-0.07971428060437119,-0.07024208801489895,0.6809371492098373,0.5,20.0,1000,2
0.6219866047156966,-0.20286387082034915,0.5706262089461024,0.7734900797664516,-0.05136039576959417,-0.151503475050755,0.4293737910538976,0.5,700.0,,2
0.08679944882437672,-0.004078355163046073,0.09053976067093482,0.09461811583398089,0.0037403118465580976,-0.007818667009604166,0.9094602393290652,0.5,700.0,30,2
0.15983922352254537,-0.006169154880720824,0.17132765079597004,0.17749680567669085,0.011488427273424667,-0.01765758215414548,0.82867234920403,0.5,700.0,50,2
0.20438435763303417,-0.012433693008452613,0.2113832409126164,0.22381693392106902,0.00699888327958223,-0.019432576288034853,0.7886167590873836,0.5,700.0,100,2
0.29666466685458204,-0.03366456170116894,0.29135794170280466,0.3250225034039736,-0.005306725151777381,-0.028357836549391557,0.7086420582971953,0.5,700.0,250,2
0.35847799923129564,-0.06596582941582164,0.33303644616400435,0.399002275579826,-0.02544155306729129,-0.04052427634853034,0.6669635538359957,0.5,700.0,500,2
0.40040892682901835,-0.14992303565101223,0.3210639033165188,0.470986938967531,-0.07934502351249956,-0.07057801213851267,0.6789360966834812,0.5,700.0,1000,2
-0.06614884234285938,-0.200365497207998,-0.1296085404026581,0.07075695680533992,-0.06345969805979872,-0.1369057991481993,1.1296085404026581,0.7,0.5,,2
0.012848244997213213,-0.004144384500321212,0.010182809048925016,0.014327193549246227,-0.002665435948288197,-0.0014789485520330155,0.989817190951075,0.7,0.5,30,2
0.031656704054454116,-0.006366434569828275,0.02822717548962089,0.034593610059449165,-0.0034295285648332265,-0.002936906004995049,0.9717728245103792,0.7,0.5,50,2
0.028365981857263408,-0.01281620773031507,0.018964184408795038,0.03178039213911011,-0.00940179744846837,-0.0034144102818467,0.981035815591205,0.7,0.5,100,2
0.02535353768606892,-0.033476805718010295,-0.003930632859974461,0.029546172858035832,-0.029284170546043382,-0.004192635171966915,1.0039306328599744,0.7,0.5,250,2
0.011630529333820666,-0.06839899434860328,-0.057127101022466494,0.011271893326136782,-0.06875763035628715,0.00035863600768388376,1.0571271010224665,0.7,0.5,500,2
-0.04666616239004456,-0.14986934449751352,-0.22941317596565186,-0.07954383146813834,-0.1827470135756073,0.03287766907809378,1.229413175965652,0.7,0.5,1000,2
0.17337825911775945,-0.20195110987185447,0.1162662399251499,0.31821734979700433,-0.05711201919260955,-0.14483909067924491,0.88373376007485,0.7,1.0,,2
0.03628297561987296,-0.004157605783992543,0.035171662454348905,0.039329268238341444,-0.0011113131655240555,-0.003046292618468484,0.9648283375456511,0.7,1.0,30,2
0.0769453674191431,-0.006170660529272794,0.07718754055286386,0.08335820108213665,0.00024217313372076887,-0.006412833662993556,0.9228124594471361,0.7,1.0,50,2
0.08467332961081954,-0.012664467676002,0.08040754370850045,0.09307201138450245,-0.004265785902319089,-0.008398681773682914,0.9195924562914995,0.7,1.0,100,2
0.10608177986407344,-0.033542308752084964,0.08619581022055411,0.11973811897263908,-0.019885969643519325,-0.013656339108565646,0.9138041897794459,0.7,1.0,250,2
0.12137688729527256,-0.06756196027255097,0.06807777585140737,0.13563973612395835,-0.05329911144386519,-0.014262848828685781,0.9319222241485926,0.7,1.0,500,2
0.09531422222473862,-0.15004854897796466,-0.053997028718654125,0.09605152025931053,-0.14931125094339276,-0.0007372980345719121,1.0539970287186542,0.7,1.0,1000,2
0.5649379041555022,-0.20302449386000393,0.5164637721024721,0.719488265962476,-0.04847413205303008,-0.15455036180697385,0.4835362278975279,0.7,10.0,,2
0.07658168701724088,-0.0040797537743807455,0.07835628397195374,0.08243603774633448,0.0017745969547128537,-0.005854350729093599,0.9216437160280463,0.7,10.0,30,2
0.13920296139983843,-0.006145552660224993,0.14462909184233586,0.15077464450256084,0.005426130442497429,-0.011571683102722413,0.8553709081576641,0.7,10.0,50,2
0.17677000098415835,-0.012445774803556202,0.18127282917616372,0.19371860397971993,0.00450282819200537,-0.016948602995561585,0.8187271708238363,0.7,10.0,100,2
0.24497709053754,-0.033673193084539886,0.24182146047265377,0.27549465355719366,-0.003155630064886228,-0.030517563019653665,0.7581785395273463,0.7,10.0,250,2
0.30758805225188174,-0.06602275226228989,0.2812663038766794,0.34728905613896927,-0.026321748375202347,-0.03970100388708753,0.7187336961233206,0.7,10.0,500,2
0.34599697353555225,-0.149988298035412,0.25695000785483924,0.40693830589025126,-0.08904696568071302,-0.06094133235469898,0.7430499921451608,0.7,10.0,1000,2
0.5711871473130167,-0.20295039695133157,0.5228251368862263,0.7257755338375579,-0.048362010426790336,-0.1545883865245412,0.47717486311377366,0.7,20.0,,2
0.07718499606718035,-0.004078244714671494,0.07901903124013969,0.08309727595481119,0.001834035172959339,-0.005912279887630836,0.9209809687598604,0.7,20.0,30,2
0.14012256185681365,-0.006157272172792081,0.1456298050260161,0.15178707719880818,0.005507243169202453,-0.01166451534199453,0.8543701949739839,0.7,20.0,50,2
0.17823419056888284,-0.012438674041844304,0.18290142994649652,0.19534010398834084,0.00466723937761368,-0.017105913419457996,0.8170985700535035,0.7,20.0,100,2
0.24732852122635923,-0.033669787094320835,0.24447874171166498,0.27814852880598584,-0.002849779514694256,-0.03082000757962658,0.755521258288335,0.7,20.0,250,2
0.3106872464763329,-0.06598600429675788,0.2848157829679803,0.3508017872647382,-0.025871463508352566,-0.04011454078840532,0.7151842170320197,0.7,20.0,500,2
0.35034934636859855,-0.14995636861927014,0.26237144706664856,0.4123278156859187,-0.08797789930194999,-0.06197846931732015,0.7376285529333515,0.7,20.0,1000,2
0.5733089948508902,-0.20286387082034915,0.5249815733544516,0.7278454441748008,-0.04832742149643854,-0.15453644932391064,0.4750184266455484,0.7,700.0,,2
0.07732292043966534,-0.004078355163046073,0.07918377363726677,0.08326212880031283,0.0018608531976014309,-0.005939208360647499,0.9208162263627332,0.7,700.0,30,2
0.14043097834424517,-0.006169154880720824,0.14596786414388213,0.15213701902460294,0.005536885799636959,-0.011706040680357771,0.8540321358561178,0.7,700.0,50,2
0.1786848402071106,-0.012433693008452613,0.18341985537026959,0.1958535483787222,0.004735015163158995,-0.01716870817161162,0.8165801446297304,0.7,700.0,100,2
0.24811661570107554,-0.03366456170116894,0.24538301122200334,0.2790475729231723,-0.002733604479072199,-0.03093095722209674,0.7546169887779967,0.7,700.0,250,2
0.3117125248222377,-0.06596582941582164,0.2859836367986416,0.3519494662144632,-0.02572888802359613,-0.0402369413922255,0.7140163632013584,0.7,700.0,500,2
0.3518328945005868,-0.14992303565101223,0.2642258500097205,0.4141488856607327,-0.08760704449086631,-0.06231599116014591,0.7357741499902795,0.7,700.0,1000,2
-0.05117262121873932,-0.19829314119414038,-0.11068900071874431,0.08760414047539607,-0.05951637950000499,-0.1387767616941354,1.1106890007187442,0.3,0.5,,3
0.023685036020619606,-0.004073770455340986,0.021071940738397923,0.025145711193738908,-0.002613095282221683,-0.0014606751731193052,0.9789280592616021,0.3,0.5,30,3
0.025100517880036664,-0.006950831936220401,0.01967722633310373,0.026628058269324132,-0.005423291546932933,-0.0015275403892874677,0.9803227736668962,0.3,0.5,50,3
0.03368438784269674,-0.013221520620904013,0.022474909423409236,0.03569643004431325,-0.011209478419287506,-0.002012042201616507,0.9775250905765908,0.3,0.5,100,3
0.03976381958259727,-0.03314542492341438,0.0099861567549571,0.04313158167837148,-0.029777662827640168,-0.0033677620957742113,0.9900138432450429,0.3,0.5,250,3
0.022719159919429393,-0.06872639057479375,-0.04628480350618424,0.022441587068609513,-0.06900396342561363,0.00027757285081988353,1.0462848035061842,0.3,0.5,500,3
-0.03297033184346719,-0.15026877710099215,-0.212628772925374,-0.06235999582438184,-0.17965844108190682,0.029389663980914665,1.212628772925374,0.3,0.5,1000,3
0.21165444267149067,-0.19815521792601987,0.15622593183627695,0.35438114976229684,-0.05542851083521372,-0.14272670709080615,0.843774068163723,0.3,1.0,,3
0.05840935775778385,-0.0042378556179987125,0.05782781252785197,0.06206566814585068,-0.0005815452299318818,-0.0036563103880668316,0.942172187472148,0.3,1.0,30,3
0.07152403635310951,-0.0069588345425101086,0.06784134168839581,0.07480017623090592,-0.003682694664713701,-0.0032761398777964024,0.9321586583116042,0.3,1.0,50,3
0.09911843934807686,-0.013401673770246538,0.0913785446808744,0.10478021845112094,-0.007739894667202457,-0.005661779103044079,0.9086214553191256,0.3,1.0,100,3
0.1393005089091716,-0.03308077659390365,0.11729335501031435,0.150374131604218,-0.02200715389885724,-0.011073622695046414,0.8827066449896857,0.3,1.0,250,3
0.1516120985968289,-0.06862963293990569,0.09730953333978107,0.16593916627968675,-0.054302565257047825,-0.014327067682857866,0.9026904666602189,0.3,1.0,500,3
0.1286323621002951,-0.15011545278970786,-0.01615875002640136,0.1339567027633065,-0.14479111212669646,-0.0053243406630114,1.0161587500264013,0.3,1.0,1000,3
0.6590972383362612,-0.1982425509310036,0.5968813105822456,0.7951238615132492,-0.06221592775401563,-0.136026623176988,0.4031186894177544,0.3,10.0,,3
0.11371668717969552,-0.004023408894241509,0.11713018415416457,0.12115359304840607,0.003413496974469049,-0.0074369058687105555,0.8828698158458355,0.3,10.0,30,3
0.1549638075923273,-0.006934609169900372,0.15443310256113676,0.16136771173103714,-0.0005307050311905426,-0.006403904138709837,0.8455668974388633,0.3,10.0,50,3
0.21362384379584742,-0.013825213304494701,0.21262171374337485,0.22644692704786956,-0.0010021300524725718,-0.012823083252022138,0.7873782862566252,0.3,10.0,100,3
0.3125257257320522,-0.03332246124676877,0.3044716486513219,0.33779410989809067,-0.008054077080730249,-0.025268384166038493,0.6955283513486781,0.3,10.0,250,3
0.37837833308578045,-0.06884245369904181,0.35061254368464045,0.41945499738368225,-0.027765789401139995,-0.0410766642979018,0.6493874563153595,0.3,10.0,500,3
0.41818991395262206,-0.1497977006907705,0.33708697063069404,0.4868846713214645,-0.08110294332192802,-0.06869475736884245,0.662913029369306,0.3,10.0,1000,3
0.6683126336465356,-0.1982579603013915,0.6042264765138888,0.8024844368152804,-0.06408615713264676,-0.13417180316874477,0.39577352348611117,0.3,20.0,,3
0.11456411059558398,-0.003977321345316113,0.11810120421280154,0.12207852555811766,0.00353709361721756,-0.007514414962533675,0.8818987957871984,0.3,20.0,30,3
0.1564359435098103,-0.006938365060160874,0.15595149667446365,0.16288986173462452,-0.00048444683534665245,-0.006453918224814226,0.8440485033255364,0.3,20.0,50,3
0.2155980462789613,-0.013838980858029822,0.21473556535676475,0.22857454621479456,-0.0008624809221965402,-0.012976499935833274,0.7852644346432353,0.3,20.0,100,3
0.3155119323344398,-0.0333466583942962,0.30768873954028125,0.34103539793457743,-0.007823192794158551,-0.02552346560013763,0.6923112604597188,0.3,20.0,250,3
0.38226682674894674,-0.06887159776353426,0.3549596426255292,0.42383124038906345,-0.02730718412341754,-0.041564413640116704,0.6450403573744707,0.3,20.0,500,3
0.4232258787459512,-0.14979982848738815,0.3432459335953237,0.49304576208271184,-0.07997994515062751,-0.06981988333676065,0.6567540664046763,0.3,20.0,1000,3
0.6714940887759185,-0.19827090055453223,0.6067729093269549,0.8050438098814872,-0.0647211794489636,-0.13354972110556862,0.39322709067304507,0.3,700.0,,3
0.11480470808225483,-0.003931654965228877,0.11842487547918748,0.12235653044441636,0.003620167396932647,-0.007551822362161523,0.8815751245208125,0.3,700.0,30,3
0.1569476279305798,-0.006944462189188339,0.15646975081850703,0.16341421300769537,-0.00047787711207278316,-0.006466585077115561,0.843530249181493,0.3,700.0,50,3
0.2162665211691265,-0.013847858404830162,0.21546642948911393,0.2293142878939441,-0.0008000916800125768,-0.013047766724817583,0.784533570510886,0.3,700.0,100,3
0.3165026439303439,-0.033368422448985496,0.3087435438965514,0.34211196634553687,-0.007759100033792488,-0.025609322415193037,0.6912564561034487,0.3,700.0,250,3
0.38358197658488075,-0.06889871236929887,0.3564272127739529,0.42532592514325174,-0.02715476381092785,-0.04174394855837099,0.643572787226047,0.3,700.0,500,3
0.42489867762439193,-0.14980832104743888,0.3452921895806659,0.4951005106281048,-0.07960648804372605,-0.07020183300371285,0.6547078104193341,0.3,700.0,1000,3
-0.05975230427308914,-0.19829314119414038,-0.11946857101414098,0.0788245701799994,-0.059716266741051835,-0.13857687445308853,1.119468571014141,0.5,0.5,,3
0.019429488774001,-0.004073770455340986,0.017400756294046072,0.02147452674938706,-0.0020287324799549283,-0.002045037975386058,0.982599243705954,0.5,0.5,30,3
0.019642735284134464,-0.006950831936220401,0.015014098643707143,0.021964930579927544,-0.004628636640427321,-0.00232219529579308,0.9849859013562928,0.5,0.5,50,3
0.02759482833706102,-0.013221520620904013,0.017226297650999436,0.03044781827190345,-0.010368530686061583,-0.0028529899348424294,0.9827737023490005,0.5,0.5,100,3
0.03283398131803979,-0.03314542492341438,0.0036750959706856076,0.036820520894099984,-0.02915888534735418,-0.0039865395760602,0.9963249040293144,0.5,0.5,250,3
0.01672399933008409,-0.06872639057479375,-0.05172099925648114,0.017005391318312614,-0.06844499858656522,-0.0002813919882285257,1.051720999256481,0.5,0.5,500,3
-0.03879733944812973,-0.15026877710099215,-0.21998185086768154,-0.06971307376668939,-0.18118451141955183,0.03091573431855968,1.2199818508676816,0.5,0.5,1000,3
0.19422913009917012,-0.19815521792601987,0.13961417380069116,0.33776939172671105,-0.054614956298478956,-0.1435402616275409,0.8603858261993088,0.5,1.0,,3
0.048227195217791195,-0.0042378556179987125,0.0487509836166319,0.052988839234630616,0.0005237883988407077,-0.004761644016839421,0.9512490163833681,0.5,1.0,30,3
0.05781806095093171,-0.0069588345425101086,0.05599647105118992,0.06295530559370002,-0.0018215898997417934,-0.005137244642768317,0.9440035289488101,0.5,1.0,50,3
0.08461206893126329,-0.013401673770246538,0.07869818206124589,0.09209985583149242,-0.0059138868700173985,-0.0074877869002291375,0.9213018179387541,0.5,1.0,100,3
0.12277794068544344,-0.03308077659390365,0.10209420725291074,0.1351749838468144,-0.0206837334325327,-0.01239704316137094,0.8979057927470893,0.5,1.0,250,3
0.1366338697110824,-0.06862963293990569,0.08338576813011732,0.152015401070023,-0.05324810158096509,-0.015381531358940603,0.9166142318698827,0.5,1.0,500,3
0.11383741072574756,-0.15011545278970786,-0.03305531121238338,0.11706014157732449,-0.14689272193813094,-0.003222730851576927,1.0330553112123835,0.5,1.0,1000,3
0.6159568075849561,-0.1982425509310036,0.5647617015793969,0.7630042525104005,-0.05119510600555921,-0.14704744492544441,0.43523829842060313,0.5,10.0,,3
0.0935871656404955,-0.004023408894241509,0.09861603956662997,0.10263944846087147,0.005028873926134464,-0.00905228282037597,0.90138396043337,0.5,10.0,30,3
0.12638152434151342,-0.006934609169900372,0.12938020060065103,0.1363148097705514,0.002998676259137606,-0.009933285429037972,0.870619799399349,0.5,10.0,50,3
0.18403228631860913,-0.013825213304494701,0.1863457701926726,0.2001709834971673,0.0023134838740634656,-0.016138697178558176,0.8136542298073274,0.5,10.0,100,3
0.2783110048992477,-0.03332246124676877,0.2726336448894007,0.3059561061361694,-0.005677360009847032,-0.027645101236921737,0.7273663551105993,0.5,10.0,250,3
0.34646933548000264,-0.06884245369904181,0.3203765792178476,0.3892190329168894,-0.026092756262155015,-0.04274969743688678,0.6796234207821523,0.5,10.0,500,3
0.38625434256092595,-0.1497977006907705,0.3019093819272287,0.4517070826179992,-0.08434496063369723,-0.06545274005707327,0.6980906180727713,0.5,10.0,1000,3
0.62361411457976,-0.1982579603013915,0.5715633538369399,0.7698213141383314,-0.05205076074282011,-0.14620719955857142,0.4284366461630601,0.5,20.0,,3
0.09426580346692175,-0.003977321345316113,0.09940153860123306,0.10337885994654918,0.0051357351343113145,-0.00911305647962743,0.900598461398767,0.5,20.0,30,3
0.1276032848257977,-0.006938365060160874,0.13066835991114295,0.13760672497130383,0.003065075085345259,-0.010003440145506137,0.8693316400888571,0.5,20.0,50,3
0.1857534323162079,-0.013838980858029822,0.18822197158561024,0.20206095244364006,0.0024685392694023534,-0.016307520127432168,0.8117780284143897,0.5,20.0,100,3
0.2809921330577417,-0.0333466583942962,0.2755670790238086,0.3089137374181048,-0.005425054033933063,-0.027921604360363145,0.7244329209761914,0.5,20.0,250,3
0.3500533071580892,-0.06887159776353426,0.32440991972306127,0.3932815174865955,-0.02564338743502792,-0.04322821032850632,0.6755900802769388,0.5,20.0,500,3
0.3910058044792738,-0.14979982848738815,0.30776323177937787,0.457563060266766,-0.08324257269989593,-0.06655725578749222,0.6922367682206221,0.5,20.0,1000,3
0.6262196051809897,-0.19827090055453223,0.5738740326072977,0.77214493316183,-0.05234557257369199,-0.14592532798084024,0.42612596739270225,0.5,700.0,,3
0.09445009007442774,-0.003931654965228877,0.0996456764686366,0.10357733143386548,0.005195586394208862,-0.009127241359437738,0.9003543235313634,0.5,700.0,30,3
0.12803891493918346,-0.006944462189188339,0.13111196806815462,0.13805643025734296,0.0030730531289711593,-0.010017515318159503,0.8688880319318454,0.5,700.0,50,3
0.18634390955507626,-0.013847858404830162,0.1888736601396136,0.20272151854444376,0.0025297505845373325,-0.016377608989367493,0.8111263398603864,0.5,700.0,100,3
0.2818916666710759,-0.033368422448985496,0.27654201390182326,0.3099104363508087,-0.005349652769252644,-0.028018769679732852,0.7234579860981767,0.5,700.0,250,3
0.3512629695024456,-0.06889871236929887,0.3257549054317303,0.39465361780102914,-0.02550806407071532,-0.04339064829858358,0.6742450945682696,0.5,700.0,500,3
0.39260677052773274,-0.14980832104743888,0.30973175746384535,0.4595400785112842,-0.08287501306388739,-0.06693330798355149,0.6902682425361546,0.5,700.0,1000,3
-0.06597005661605947,-0.19829314119414038,-0.1292944230374014,0.06899871815673897,-0.06332436642134194,-0.13496877477279845,1.1292944230374014,0.7,0.5,,3
0.011396981034515778,-0.004073770455340986,0.009237276688169031,0.013311047143510018,-0.0021597043463467466,-0.0019140661089942397,0.990762723311831,0.7,0.5,30,3
0.01474278755760308,-0.006950831936220401,0.009500859421328414,0.016451691357548814,-0.005241928136274667,-0.0017089037999457341,0.9904991405786716,0.7,0.5,50,3
0.0212324442088031,-0.013221520620904013,0.011085979229088279,0.02430749984999229,-0.01014646497971482,-0.003075055641189192,0.9889140207709117,0.7,0.5,100,3
0.024473437171496203,-0.03314542492341438,-0.004753673631844152,0.028391751291570226,-0.029227110803340353,-0.0039183141200740245,1.004753673631844,0.7,0.5,250,3
0.008694364969364625,-0.06872639057479375,-0.06052690336432772,0.008199487210466032,-0.06922126833369234,0.0004948777588985945,1.0605269033643276,0.7,0.5,500,3
-0.04781460832543809,-0.15026877710099215,-0.23196924054492762,-0.08170046344393547,-0.18415463221948952,0.0338858551184974,1.2319692405449276,0.7,0.5,1000,3
0.17430242448757388,-0.19815521792601987,0.11727976082671887,0.31543497875273874,-0.05702266366085501,-0.14113255426516486,0.8827202391732811,0.7,1.0,,3
0.03053646913538583,-0.0042378556179987125,0.03048757404321466,0.03472542966121337,-4.889509217117019e-05,-0.004188960525827543,0.9695124259567853,0.7,1.0,30,3
0.0449667351917212,-0.0069588345425101086,0.04200300500786978,0.04896183955037989,-0.002963730183851425,-0.003995104358658685,0.9579969949921302,0.7,1.0,50,3
0.06827354036474804,-0.013401673770246538,0.06272865949104134,0.07613033326128787,-0.005544880873706706,-0.00785679289653983,0.9372713405089587,0.7,1.0,100,3
0.10268146864368438,-0.03308077659390365,0.0824350636199341,0.11551584021383776,-0.020246405023750275,-0.01283437157015338,0.9175649363800659,0.7,1.0,250,3
0.11706715559067918,-0.06862963293990569,0.06277272547337387,0.13140235841327957,-0.05429443011730531,-0.014335202822600382,0.9372272745266261,0.7,1.0,500,3
0.09192942680516893,-0.15011545278970786,-0.05936024123401286,0.090755211555695,-0.15128966803918178,0.00117421524947392,1.0593602412340128,0.7,1.0,1000,3
0.5670063716550059,-0.1982425509310036,0.518622566663889,0.7168651175948926,-0.04838380499111694,-0.14985874593988668,0.48137743333611105,0.7,10.0,,3
0.06104376544815069,-0.004023408894241509,0.06462394753835234,0.06864735643259384,0.003580182090201646,-0.007603590984443152,0.9353760524616477,0.7,10.0,30,3
0.09852826542608897,-0.006934609169900372,0.0997785442240721,0.10671315339397247,0.0012502787979831315,-0.008184887967883497,0.9002214557759279,0.7,10.0,50,3
0.14895281364219773,-0.013825213304494701,0.15185665942998924,0.16568187273448395,0.0029038457877915147,-0.016729059092286225,0.8481433405700107,0.7,10.0,100,3
0.23688718047367344,-0.03332246124676877,0.23257821587953703,0.26590067712630583,-0.004308964594136405,-0.029013496652632365,0.7674217841204629,0.7,10.0,250,3
0.3053874826326346,-0.06884245369904181,0.2776144774879634,0.3464569311870052,-0.02777300514467118,-0.04106944855437061,0.7223855225120366,0.7,10.0,500,3
0.3396685023351929,-0.1497977006907705,0.2480781333604614,0.3978758340512319,-0.09159036897473152,-0.05820733171603898,0.7519218666395386,0.7,10.0,1000,3
0.5732638840944844,-0.1982579603013915,0.5250006696386466,0.7232586299400381,-0.04826321445583781,-0.14999474584555372,0.47499933036135344,0.7,20.0,,3
0.06149512836111319,-0.003977321345316113,0.06515851893629246,0.06913584028160857,0.003663390575179268,-0.007640711920495383,0.9348414810637076,0.7,20.0,30,3
0.09946370267476765,-0.006938365060160874,0.10079322489783062,0.1077315899579915,0.0013295222230629705,-0.008267887283223849,0.8992067751021694,0.7,20.0,50,3
0.15031200117464716,-0.013838980858029822,0.15337600951649136,0.16721499037452117,0.003064008341844199,-0.016902989199874013,0.8466239904835087,0.7,20.0,100,3
0.2392282422398586,-0.0333466583942962,0.2352005585283675,0.2685472169226637,-0.00402768371149112,-0.029318974682805088,0.7647994414716325,0.7,20.0,250,3
0.3085892572738074,-0.06887159776353426,0.28124942140068604,0.3501210191642203,-0.027339835873121388,-0.041531761890412855,0.718750578599314,0.7,20.0,500,3
0.34399427227636103,-0.14979982848738815,0.25346336953114607,0.4032631980185342,-0.09053090274521497,-0.059268925742173184,0.7465366304688539,0.7,20.0,1000,3
0.57538587936976,-0.19827090055453223,0.52716716046064,0.7254380610151723,-0.048218718909119995,-0.15005218164541223,0.47283283953935995,0.7,700.0,,3
0.06160934523308404,-0.003931654965228877,0.06531779930295036,0.06924945426817923,0.003708454069866314,-0.00764010903509519,0.9346822006970497,0.7,700.0,30,3
0.09978699964904748,-0.006944462189188339,0.10114573582781883,0.10809019801700717,0.0013587361787713442,-0.008303198367959688,0.8988542641721812,0.7,700.0,50,3
0.15075770043132372,-0.013847858404830162,0.15388545838475423,0.1677333167895844,0.00312775795343051,-0.01697561635826067,0.8461145416152458,0.7,700.0,100,3
0.24004638821984878,-0.033368422448985496,0.23611421407983693,0.26948263652882243,-0.003932174140011846,-0.02943624830897365,0.7638857859201631,0.7,700.0,250,3
0.30966969768058095,-0.06889871236929887,0.2824573975362312,0.3513561099055301,-0.02721230014434972,-0.04168641222494915,0.7175426024637688,0.7,700.0,500,3
0.345472389657486,-0.14980832104743888,0.2553032121373624,0.4051115331848013,-0.0901691775201236,-0.05963914352731528,0.7446967878626376,0.7,700.0,1000,3
-0.051223344260942626,-0.19841381388563498,-0.11085316902611059,0.08756064485952439,-0.05962982476516796,-0.13878398912046702,1.1108531690261105,0.3,0.5,,4
0.02676437331598479,-0.004013156545738431,0.023906165840562533,0.027919322386300963,-0.0028582074754222586,-0.0011549490703161719,0.9760938341594375,0.3,0.5,30,4
0.0314100286717334,-0.006680703019980499,0.026562807170042474,0.033243510190022973,-0.004847221501690924,-0.0018334815182895758,0.9734371928299576,0.3,0.5,50,4
0.04567615673095271,-0.013050698625840261,0.03633229745786197,0.04938299608370223,-0.00934385927309074,-0.0037068393527495205,0.9636677025421381,0.3,0.5,100,4
0.03876067035368953,-0.03348352037733938,0.009098544033481069,0.04258206441082045,-0.029662126320208464,-0.0038213940571309134,0.9909014559665189,0.3,0.5,250,4
0.02590715904573581,-0.0685868716979602,-0.04287979896533529,0.02570707273262491,-0.0687869580110711,0.00020008631311090042,1.0428797989653353,0.3,0.5,500,4
-0.024825590817459973,-0.14926400156519573,-0.20174308404720295,-0.05247908248200722,-0.17691749322974298,0.027653491664547253,1.201743084047203,0.3,0.5,1000,4
0.21151537755178054,-0.19814843511195881,0.1560918976230885,0.3542403327350473,-0.05542347992869204,-0.14272495518326678,0.8439081023769115,0.3,1.0,,4
0.06405313610460933,-0.004030467501292604,0.06253371878833497,0.06656418628962757,-0.001519417316274363,-0.0025110501850182376,0.937466281211665,0.3,1.0,30,4
0.08599500050733985,-0.0066909596203188,0.08354899739431731,0.09023995701463611,-0.002446003113022538,-0.004244956507296255,0.9164510026056827,0.3,1.0,50,4
0.12069530705925574,-0.01315109060121587,0.11632353518021271,0.12947462578142857,-0.004371771879043029,-0.008779318722172844,0.8836764648197872,0.3,1.0,100,4
0.13916738637855974,-0.03400533745902862,0.11734371494584812,0.15134905240487673,-0.02182367143271162,-0.012181666026316998,0.8826562850541518,0.3,1.0,250,4
0.156158448980436,-0.06846141888382087,0.10172969354848459,0.17019111243230545,-0.0544287554319514,-0.014032663451869473,0.8982703064515154,0.3,1.0,500,4
0.14331095625078466,-0.14944112822520098,0.0020868735947220485,0.151528001819923,-0.14122408265606262,-0.008217045569138364,0.997913126405278,0.3,1.0,1000,4
0.658187905336005,-0.1974939909675658,0.596293335761049,0.7937873267286149,-0.06189456957495598,-0.13559942139260983,0.40370666423895096,0.3,10.0,,4
0.12173552409057944,-0.004254666357745244,0.12267109661238518,0.12692576297013042,0.0009355725218057331,-0.0051902388795509735,0.8773289033876148,0.3,10.0,30,4
0.180232824963141,-0.0066742678753172234,0.1822760927058774,0.18895036058119463,0.0020432677427364154,-0.008717535618053635,0.8177239072941226,0.3,10.0,50,4
0.23978758469798359,-0.013363782737206769,0.24369034798451317,0.25705413072171995,0.0039027632865295814,-0.01726654602373634,0.7563096520154868,0.3,10.0,100,4
0.31301211431458864,-0.03494822553795062,0.30501522981271134,0.33996345535066197,-0.0079968845018773,-0.02695134103607333,0.6949847701872887,0.3,10.0,250,4
0.381105387898488,-0.06824233667893266,0.3523996223734714,0.42064195905240404,-0.028705765525016635,-0.03953657115391601,0.6476003776265287,0.3,10.0,500,4
0.4308792703464314,-0.14952856681973345,0.3520493717901112,0.5015779386098447,-0.07882989855632022,-0.0706986682634132,0.6479506282098888,0.3,10.0,1000,4
0.667443916865543,-0.19747036175334087,0.6036554335988931,0.8011257953522339,-0.06378848326664999,-0.13368187848669089,0.39634456640110693,0.3,20.0,,4
0.12263848881870813,-0.004273769364050114,0.12362657269656434,0.12790034206061446,0.000988083877856205,-0.005261853241906325,0.8763734273034357,0.3,20.0,30,4
0.18177911663391166,-0.00667098518037005,0.18392007495367718,0.19059106013404722,0.002140958319765518,-0.00881194350013556,0.8160799250463229,0.3,20.0,50,4
0.24177653585471376,-0.013369458060037514,0.24581562784106908,0.2591850859011066,0.004039091986355325,-0.01740855004639283,0.754184372158931,0.3,20.0,100,4
0.31599182249028956,-0.03496757748481967,0.30821659181808464,0.3431841693029043,-0.007775230672204925,-0.02719234681261473,0.6917834081819154,0.3,20.0,250,4
0.3849212402239927,-0.06824109003976393,0.35667489133366687,0.4249159813734308,-0.028246348890325845,-0.03999474114943807,0.6433251086663332,0.3,20.0,500,4
0.4357955577907652,-0.14951554351528376,0.35806269916182737,0.5075782426771112,-0.0777328586289378,-0.07178268488634593,0.6419373008381726,0.3,20.0,1000,4
0.6706796947299191,-0.1974541475611799,0.6061698838651055,0.8036240314262855,-0.06450981086481355,-0.13294433669636635,0.3938301161348945,0.3,700.0,,4
0.12290228389941892,-0.004290604295565492,0.1239155848843214,0.1282061891798869,0.0010133009849024877,-0.00530390528046798,0.8760844151156786,0.3,700.0,30,4
0.18228433717800768,-0.006667774559081714,0.18447329367990675,0.19114106823898847,0.0021889565018990698,-0.008856731060980783,0.8155267063200933,0.3,700.0,50,4
0.24248654373965714,-0.01337300317990982,0.24656990639139065,0.25994290957130045,0.0040833626517335075,-0.01745636583164334,0.7534300936086094,0.3,700.0,100,4
0.3170163317543947,-0.0349765911621535,0.30930246597984334,0.34427905714199686,-0.007713865774551354,-0.02726272538760216,0.6906975340201567,0.3,700.0,250,4
0.38620066092766075,-0.0682424466870465,0.35811886984706054,0.426361316534107,-0.028081791080600216,-0.04016065560644627,0.6418811301529395,0.3,700.0,500,4
0.43746251217887583,-0.1494998835308633,0.36011449668158096,0.5096143802124442,-0.07734801549729486,-0.07215186803356843,0.639885503318419,0.3,700.0,1000,4
-0.05972697422092591,-0.19841381388563498,-0.11957235930142593,0.07884145458420905,-0.05984538508050002,-0.13856842880513495,1.119572359301426,0.5,0.5,,4
0.02137111339467582,-0.004013156545738431,0.01956510088306353,0.02357825742880196,-0.00180601251161229,-0.0022071440341261406,0.9804348991169365,0.5,0.5,30,4
0.028208341929333344,-0.006680703019980499,0.02388620507691722,0.03056690809689772,-0.0043221368524161245,-0.002358566167564375,0.9761137949230828,0.5,0.5,50,4
0.0384253809108921,-0.013050698625840261,0.029789455123789842,0.0428401537496301,-0.008635925787102258,-0.0044147728387380035,0.9702105448762102,0.5,0.5,100,4
0.033091847610118456,-0.03348352037733938,0.004114084538254124,0.037597604915593504,-0.02897776307186433,-0.004505757305475045,0.9958859154617459,0.5,0.5,250,4
0.019637307205082746,-0.0685868716979602,-0.04896458515240478,0.019622286545555416,-0.06860189235748752,1.5020659527333058e-05,1.0489645851524048,0.5,0.5,500,4
-0.030864479060872675,-0.14926400156519573,-0.2093398853065547,-0.06007588374135897,-0.17847540624568203,0.029211404680486303,1.2093398853065547,0.5,0.5,1000,4
0.19413357005581006,-0.19814843511195881,0.13936709918070406,0.3375155342926629,-0.054766470875106,-0.14338196423685282,0.8606329008192959,0.5,1.0,,4
0.052476484731261236,-0.004030467501292604,0.05293314124298471,0.05696360874427732,0.0004566565117234758,-0.004487124013016076,0.9470668587570152,0.5,1.0,30,4
0.0780130293605436,-0.0066909596203188,0.07669379856818331,0.0833847581885021,-0.001319230792360293,-0.0053717288279585,0.9233062014318167,0.5,1.0,50,4
0.10405830489543622,-0.01315109060121587,0.10113954777535955,0.11429063837657542,-0.002918757120076665,-0.010232333481139208,0.8988604522246404,0.5,1.0,100,4
0.12511455383266615,-0.03400533745902862,0.1045332244185426,0.13853856187757121,-0.02058132941412355,-0.013424008044905067,0.8954667755814574,0.5,1.0,250,4
0.14065261547793004,-0.06846141888382087,0.08718757679814973,0.1556489956819706,-0.05346503867978031,-0.014996380204040566,0.9128124232018503,0.5,1.0,500,4
0.1281284127150379,-0.14944112822520098,-0.015209400961708721,0.13423172726349225,-0.1433378136767466,-0.006103314548454367,1.0152094009617088,0.5,1.0,1000,4
0.6149193292925315,-0.1974939909675658,0.5638660972424654,0.7613600882100312,-0.051053232050066066,-0.14644075891749975,0.4361339027575346,0.5,10.0,,4
0.10063075071082613,-0.004254666357745244,0.10458148008934423,0.10883614644708947,0.003950729378518106,-0.008205395736263346,0.8954185199106558,0.5,10.0,30,4
0.16326687165086773,-0.0066742678753172234,0.16746372158531236,0.17413798946062958,0.004196849934444635,-0.010871117809761854,0.8325362784146877,0.5,10.0,50,4
0.20758445034396428,-0.013363782737206769,0.21403763114296737,0.22740141388017412,0.006453180799003089,-0.019816963536209847,0.7859623688570326,0.5,10.0,100,4
0.28351520931503477,-0.03494822553795062,0.27763006485677477,0.3125782903947254,-0.005885144458259994,-0.029063081079690634,0.7223699351432252,0.5,10.0,250,4
0.34823487930678926,-0.06824233667893266,0.3215573193071632,0.38979965598609584,-0.026677559999626066,-0.04156477667930658,0.6784426806928368,0.5,10.0,500,4
0.39864736678783136,-0.14952856681973345,0.31665997889313746,0.46618854571287094,-0.0819873878946939,-0.06754117892503955,0.6833400211068625,0.5,10.0,1000,4
0.6224563058081511,-0.19747036175334087,0.5706726968082002,0.7681430585615411,-0.051783608999950936,-0.14568675275338994,0.4293273031917998,0.5,20.0,,4
0.10141053534640071,-0.004273769364050114,0.1054045420069293,0.10967831137097941,0.0039940066605285846,-0.008267776024578705,0.8945954579930707,0.5,20.0,30,4
0.1646490674520743,-0.00667098518037005,0.1689595859380533,0.17563057111842334,0.0043105184859789925,-0.010981503666349035,0.8310404140619467,0.5,20.0,50,4
0.20929340344310898,-0.013369458060037514,0.21591615483604637,0.22928561289608387,0.006622751392937387,-0.01999220945297489,0.7840838451639536,0.5,20.0,100,4
0.2862212431142413,-0.03496757748481967,0.2805696695994183,0.31553724708423797,-0.005651573514822983,-0.029316003969996673,0.7194303304005817,0.5,20.0,250,4
0.35173227039590055,-0.06824109003976393,0.32550668298362256,0.3937477730233865,-0.026225587412277984,-0.042015502627485934,0.6744933170163774,0.5,20.0,500,4
0.40326349409099377,-0.14951554351528376,0.322352997804872,0.47186854132015577,-0.08091049628612179,-0.068605047229162,0.677647002195128,0.5,20.0,1000,4
0.6250642410280012,-0.1974541475611799,0.5729942735527033,0.7704484211138831,-0.05206996747529791,-0.145384180085882,0.42700572644729673,0.5,700.0,,4
0.10166087764654508,-0.004290604295565492,0.10565793916752944,0.10994854346309493,0.003997061520984363,-0.008287665816549855,0.8943420608324706,0.5,700.0,30,4
0.16509364298906248,-0.006667774559081714,0.1694572574943143,0.17612503205339602,0.004363614505251828,-0.011031389064333541,0.8305427425056857,0.5,700.0,50,4
0.2098941364549371,-0.01337300317990982,0.216585498342506,0.22995850152241584,0.006691361887568914,-0.020064365067478745,0.783414501657494,0.5,700.0,100,4
0.28715252525856966,-0.0349765911621535,0.28156388553276507,0.3165404766949186,-0.0055886397258045895,-0.029387951436348925,0.7184361144672349,0.5,700.0,250,4
0.3528982516769796,-0.0682424466870465,0.32681658544572906,0.39505903213277554,-0.026081666231250522,-0.042160780455795965,0.673183414554271,0.5,700.0,500,4
0.40483466742910473,-0.1494998835308633,0.3243014404655255,0.4738013239963888,-0.08053322696357923,-0.06896665656728407,0.6756985595344744,0.5,700.0,1000,4
-0.06617084961514356,-0.19841381388563498,-0.12961168691574232,0.06880212696989266,-0.06344083730059875,-0.1349729765850362,1.1296116869157422,0.7,0.5,,4
0.014254738871250868,-0.004013156545738431,0.012051718765157211,0.016064875310895642,-0.0022030201060936564,-0.0018101364396447758,0.9879482812348428,0.7,0.5,30,4
0.023346074381102557,-0.006680703019980499,0.018957878419276927,0.025638581439257426,-0.0043881959618256305,-0.002292507058154869,0.9810421215807231,0.7,0.5,50,4
0.03130311762377167,-0.013050698625840261,0.022376769215285298,0.03542746784112556,-0.008926348408486374,-0.004124350217353887,0.9776232307847147,0.7,0.5,100,4
0.02384010015237962,-0.03348352037733938,-0.0055552615616844,0.02792825881565498,-0.029395361714064018,-0.004088158663275359,1.0055552615616845,0.7,0.5,250,4
0.010264773281287947,-0.0685868716979602,-0.05883169297025154,0.00975517872770866,-0.06909646625153948,0.0005095945535792887,1.0588316929702515,0.7,0.5,500,4
-0.040170531273487665,-0.14926400156519573,-0.22127394153055144,-0.07200993996535571,-0.18110341025706378,0.03183940869186805,1.2212739415305514,0.7,0.5,1000,4
0.17363824727943628,-0.19814843511195881,0.11626902503173919,0.314417460143698,-0.05736922224769708,-0.14077921286426173,0.8837309749682608,0.7,1.0,,4
0.03675905148392413,-0.004030467501292604,0.036506556639370226,0.04053702414066283,-0.0002524948445539049,-0.0037779726567387026,0.9634934433606298,0.7,1.0,30,4
0.0658812343577832,-0.0066909596203188,0.06448053979342173,0.07117149941374054,-0.0014006945643614682,-0.005290265055957331,0.9355194602065783,0.7,1.0,50,4
0.08715083789571614,-0.01315109060121587,0.08353904240011431,0.09669013300133018,-0.0036117954956018244,-0.009539295105614048,0.9164609575998857,0.7,1.0,100,4
0.10255081607423579,-0.03400533745902862,0.08150668130862945,0.11551201876765807,-0.021044134765606334,-0.012961202693422283,0.9184933186913705,0.7,1.0,250,4
0.11774112574287869,-0.06846141888382087,0.06362315022313245,0.13208456910695332,-0.054117975519746245,-0.014343443364074629,0.9363768497768675,0.7,1.0,500,4
0.10529218793001005,-0.14944112822520098,-0.0413831397756899,0.10805798844951107,-0.14667532770569996,-0.0027658005195010243,1.0413831397756899,0.7,1.0,1000,4
0.5653276154787379,-0.1974939909675658,0.5162720880737552,0.713766079041321,-0.049055527404982646,-0.14843846356258317,0.48372791192624476,0.7,10.0,,4
0.0713426648536066,-0.004254666357745244,0.07396762572906272,0.07822229208680796,0.00262496087545612,-0.00687962723320136,0.9260323742709373,0.7,10.0,30,4
0.13796048601394376,-0.0066742678753172234,0.14203092613625765,0.14870519401157486,0.00407044012231389,-0.010744707997631109,0.8579690738637423,0.7,10.0,50,4
0.1739303364652343,-0.013363782737206769,0.17906824656990974,0.1924320293071165,0.005137910104675458,-0.018501692841882217,0.8209317534300903,0.7,10.0,100,4
0.2373533293973159,-0.03494822553795062,0.2309472550927991,0.2658954806307497,-0.006406074304516812,-0.028542151233433816,0.7690527449072009,0.7,10.0,250,4
0.30071512653938054,-0.06824233667893266,0.2733676054216822,0.34160994210061485,-0.027347521117698337,-0.04089481556123431,0.7266323945783177,0.7,10.0,500,4
0.3503673062742274,-0.14952856681973345,0.2631941469778992,0.4127227137976327,-0.08717315929632818,-0.062355407523405265,0.7368058530221008,0.7,10.0,1000,4
0.5715843987633226,-0.19747036175334087,0.522646845460324,0.7201172072136649,-0.04893755330299854,-0.14853280845034234,0.477353154539676,0.7,20.0,,4
0.0719006322724849,-0.004273769364050114,0.07454603901583315,0.07881980837988327,0.002645406743348247,-0.006919176107398367,0.9254539609841669,0.7,20.0,30,4
0.1391329853970355,-0.00667098518037005,0.14331609144332133,0.14998707662369137,0.004183106046285828,-0.010854091226655871,0.8566839085566786,0.7,20.0,50,4
0.17534453765985158,-0.013369458060037514,0.18064228036838106,0.19401173842841857,0.005297742708529479,-0.018667200768566983,0.819357719631619,0.7,20.0,100,4
0.239666202159755,-0.03496757748481967,0.23350180076058047,0.2684693782454001,-0.0061644013991745406,-0.028803176085645144,0.7664981992394195,0.7,20.0,250,4
0.30380651866321484,-0.06824109003976393,0.2769441414979808,0.3451852315377447,-0.02686237716523404,-0.04137871287452988,0.7230558585020193,0.7,20.0,500,4
0.3544916318806334,-0.14951554351528376,0.26835495319909447,0.41787049671437826,-0.0861366786815389,-0.06337886483374486,0.7316450468009055,0.7,20.0,1000,4
0.5737143439983009,-0.1974541475611799,0.5248213582884701,0.72227550584965,-0.048892985709830805,-0.1485611618513491,0.4751786417115299,0.7,700.0,,4
0.07208024321980219,-0.004290604295565492,0.07471237641738147,0.07900298071294697,0.002632133197579281,-0.006922737493144773,0.9252876235826185,0.7,700.0,30,4
0.13951920017831232,-0.006667774559081714,0.14375499686381976,0.15042277142290147,0.0042357966855074425,-0.010903571244589155,0.8562450031361802,0.7,700.0,50,4
0.1758373827219044,-0.01337300317990982,0.18120052792951374,0.19457353110942358,0.005363145207609332,-0.018736148387519164,0.8187994720704863,0.7,700.0,100,4
0.24047508474981452,-0.0349765911621535,0.234384637926535,0.2693612290886885,-0.006090446823279527,-0.02888614433887396,0.765615362073465,0.7,700.0,250,4
0.30485694680869097,-0.0682424466870465,0.2781759364503843,0.3464183831374308,-0.026681010358306667,-0.04156143632873982,0.7218240635496157,0.7,700.0,500,4
0.3558701896715166,-0.1494998835308633,0.2700956946954975,0.4195955782263608,-0.08577449497601913,-0.06372538855484416,0.7299043053045025,0.7,700.0,1000,4
-0.05162626691793822,-0.1970971674622353,-0.11086027039755245,0.08623689706468285,-0.059234003479614224,-0.13786316398262108,1.1108602703975525,0.3,0.5,,5
0.02266870835247438,-0.004195025084187091,0.019876471226984216,0.02407149631117131,-0.002792237125490163,-0.00140278795869693,0.9801235287730158,0.3,0.5,30,5
0.03795153753448603,-0.00673357643427706,0.03428831910899701,0.04102189554327407,-0.003663218425489022,-0.0030703580087880385,0.965711680891003,0.3,0.5,50,5
0.029866371903154772,-0.013293169318093203,0.019090111958868432,0.032383281276961634,-0.01077625994428634,-0.0025169093738068617,0.9809098880411316,0.3,0.5,100,5
0.043252807382359496,-0.03305015397211157,0.013465508104719802,0.046515662076831374,-0.029787299277639692,-0.0032628546944718766,0.9865344918952802,0.3,0.5,250,5
0.026858701097879606,-0.06921233760446663,-0.04175323867756952,0.02745909892689711,-0.06861193977544913,-0.000600397829017503,1.0417532386775694,0.3,0.5,500,5
-0.031087622678942873,-0.15043181937547498,-0.2094436609264471,-0.05901184155097211,-0.1783560382475042,0.027924218872029227,1.2094436609264472,0.3,0.5,1000,5
0.2108546321305873,-0.1951888956835993,0.15586720822598674,0.351056103909586,-0.05498742390460057,-0.14020147177899872,0.8441327917740132,0.3,1.0,,5
0.06092299309366857,-0.004021697274697063,0.05998605698666348,0.06400775426136054,-0.0009369361070050847,-0.0030847611676919767,0.9400139430133365,0.3,1.0,30,5
0.09470391925612028,-0.00665508273398614,0.09479177408705253,0.10144685682103867,8.785483093225188e-05,-0.006742937564918394,0.9052082259129475,0.3,1.0,50,5
0.09396757921168696,-0.013213463562849817,0.08732245470528273,0.10053591826813255,-0.006645124506404226,-0.006568339056445591,0.9126775452947172,0.3,1.0,100,5
0.14683605324417948,-0.03306556092212573,0.12463829710661152,0.15770385802873726,-0.022197756137567956,-0.010867804784557775,0.8753617028933884,0.3,1.0,250,5
0.1574229096962677,-0.06938073951530552,0.1039034375629916,0.17328417707829713,-0.05351947213327611,-0.015861267382029406,0.8960965624370084,0.3,1.0,500,5
0.13454430121103444,-0.15083779482921783,-0.008129049094640132,0.1427087457345777,-0.14267335030567457,-0.008164444523543254,1.0081290490946402,0.3,1.0,1000,5
0.656927883022605,-0.1913701336015292,0.5964966558084492,0.7878667894099785,-0.060431227214155725,-0.1309389063873735,0.40350334419155076,0.3,10.0,,5
0.1263728953805798,-0.003913615354710272,0.12848687853754875,0.13240049389225902,0.0021139831569689516,-0.006027598511679222,0.8715131214624512,0.3,10.0,30,5
0.18853942901375598,-0.006322086016467803,0.19527479335735343,0.20159687937382123,0.00673536434359745,-0.013057450360065254,0.8047252066426466,0.3,10.0,50,5
0.21185220288502715,-0.012976607584268985,0.2130449158605823,0.2260215234448513,0.001192712975555149,-0.014169320559824145,0.7869550841394177,0.3,10.0,100,5
0.321143564822623,-0.03337946136164298,0.31198401039067086,0.34536347175231386,-0.009159554431952155,-0.024219906929690838,0.6880159896093292,0.3,10.0,250,5
0.38180912596288796,-0.06941291520336089,0.35501056444292123,0.42442347964628213,-0.026798561519966735,-0.04261435368339417,0.6449894355570788,0.3,10.0,500,5
0.4309079111538013,-0.15111391389495085,0.35281707190186923,0.50393098579682,-0.07809083925193205,-0.07302307464301877,0.6471829280981307,0.3,10.0,1000,5
0.6660697812500743,-0.1913213850568993,0.6038588586752228,0.7951802437321221,-0.0622109225748515,-0.12911046248204783,0.3961411413247772,0.3,20.0,,5
0.12745431609161706,-0.003931570121031639,0.12959604998735505,0.1335276201083867,0.0021417338957379906,-0.006073304016769629,0.8704039500126449,0.3,20.0,30,5
0.19011276112598186,-0.0063008643364733975,0.19698332138860816,0.20328418572508156,0.006870560262626307,-0.013171424599099701,0.8030166786113918,0.3,20.0,50,5
0.21395900476991708,-0.012971381213938064,0.21529175900181774,0.2282631402157558,0.001332754231900657,-0.014304135445838723,0.7847082409981823,0.3,20.0,100,5
0.32406535156346294,-0.033409861429482275,0.31510090967863713,0.3485107711081194,-0.008964441884825813,-0.024445419544656455,0.6848990903213629,0.3,20.0,250,5
0.38567629319007496,-0.06940542170122443,0.3593363592548674,0.42874178095609183,-0.02633993393520756,-0.043065487766016874,0.6406636407451326,0.3,20.0,500,5
0.43612955882625287,-0.15108827135424652,0.35916233351089916,0.5102506048651456,-0.07696722531535372,-0.0741210460388928,0.6408376664891009,0.3,20.0,1000,5
0.6692407584651805,-0.1913197842238545,0.6063642242186957,0.7976840084425503,-0.06287653424648476,-0.12844324997736978,0.39363577578130426,0.3,700.0,,5
0.12780979285973468,-0.003952508235368331,0.12994247712611706,0.1338949853614854,0.002132684266382384,-0.006085192501750714,0.8700575228738829,0.3,700.0,30,5
0.19063659097019095,-0.006283050340752245,0.1975680300040002,0.20385108034475244,0.006931439033809245,-0.013214489374561489,0.8024319699959999,0.3,700.0,50,5
0.21470776927036436,-0.012968662094614223,0.21608826831950126,0.22905693041411548,0.0013804990491368963,-0.014349161143751121,0.7839117316804988,0.3,700.0,100,5
0.32504503971244464,-0.033438326326974036,0.31612280993627123,0.34956113626324525,-0.008922229776173407,-0.024516096550800615,0.6838771900637288,0.3,700.0,250,5
0.38700620013558445,-0.06939783925690704,0.36081462008517073,0.43021245934207775,-0.02619158005041372,-0.04320625920649335,0.6391853799148293,0.3,700.0,500,5
0.437943638043057,-0.15105769477310696,0.36134744038143607,0.512405135154543,-0.07659619766162096,-0.07446149711148597,0.6386525596185639,0.3,700.0,1000,5
-0.059520391869706354,-0.1970971674622353,-0.11906573094464785,0.07803143651758744,-0.0595453390749415,-0.1375518283872938,1.119065730944648,0.5,0.5,,5
0.019961984953905425,-0.004195025084187091,0.01732498694957538,0.02152001203376247,-0.0026369980043300448,-0.0015580270798570446,0.9826750130504246,0.5,0.5,30,5
0.03223900454285279,-0.00673357643427706,0.02828958988949995,0.035023166323777014,-0.003949414653352842,-0.002784161780924218,0.9717104101105001,0.5,0.5,50,5
0.024935054775185178,-0.013293169318093203,0.01438518845959211,0.027678357777685313,-0.010549866315593069,-0.0027433030025001345,0.9856148115404079,0.5,0.5,100,5
0.03696007971272845,-0.03305015397211157,0.007975796393983086,0.04102595036609466,-0.028984283318745366,-0.004065870653366204,0.992024203606017,0.5,0.5,250,5
0.020030780502417394,-0.06921233760446663,-0.048489555880361204,0.020722781724105424,-0.0685203363827786,-0.0006920012216880267,1.0484895558803613,0.5,0.5,500,5
-0.036845139571166655,-0.15043181937547498,-0.21725239619007916,-0.06682057681460418,-0.1804072566189125,0.029975437243437514,1.2172523961900792,0.5,0.5,1000,5
0.1941972632854912,-0.1951888956835993,0.13997907671232174,0.335167972395921,-0.05421818657316946,-0.14097070911042983,0.8600209232876783,0.5,1.0,,5
0.0542552795825901,-0.004021697274697063,0.053785426835484526,0.05780712411018159,-0.0004698527471055716,-0.0035518445275914898,0.9462145731645155,0.5,1.0,30,5
0.08100716182277216,-0.00665508273398614,0.08012261769167543,0.08677770042566157,-0.0008845441310967317,-0.005770538602889411,0.9198773823083246,0.5,1.0,50,5
0.08153277513254877,-0.013213463562849817,0.07550126292843501,0.08871472649128483,-0.0060315122041137564,-0.007181951358736061,0.9244987370715649,0.5,1.0,100,5
0.13142510232009988,-0.03306556092212573,0.11102112958180939,0.14408669050393513,-0.02040397273829049,-0.01266158818383524,0.8889788704181906,0.5,1.0,250,5
0.14008044363422392,-0.06938073951530552,0.08713513067622157,0.15651587019152707,-0.05294531295800235,-0.016435426557303165,0.9128648693237784,0.5,1.0,500,5
0.11915781530053046,-0.15083779482921783,-0.026205223961922926,0.1246325708672949,-0.1453630392624534,-0.005474755566764442,1.0262052239619228,0.5,1.0,1000,5
0.6156621612485191,-0.1913701336015292,0.5655399140802947,0.7569100476818239,-0.05012224716822444,-0.14124788643330477,0.4344600859197053,0.5,10.0,,5
0.11236354394170789,-0.003913615354710272,0.11553180267634934,0.11944541803105961,0.003168258734641452,-0.007081874089351722,0.8844681973236507,0.5,10.0,30,5
0.160257629478126,-0.006322086016467803,0.16456104932607885,0.17088313534254665,0.00430341984795285,-0.010625505864420653,0.8354389506739212,0.5,10.0,50,5
0.18496141139262323,-0.012976607584268985,0.18749929711770805,0.20047590470197704,0.0025378857250848152,-0.01551449330935381,0.8125007028822919,0.5,10.0,100,5
0.28967657529193025,-0.03337946136164298,0.28379239842159415,0.31717185978323714,-0.0058841768703361,-0.027495284491306893,0.7162076015784058,0.5,10.0,250,5
0.344844365046971,-0.06941291520336089,0.3193607927976569,0.3887737080010178,-0.025483572249314135,-0.04392934295404677,0.680639207202343,0.5,10.0,500,5
0.3971316548494558,-0.15111391389495085,0.3152227166055734,0.4663366305005242,-0.0819089382438824,-0.06920497565106845,0.6847772833944266,0.5,10.0,1000,5
0.6233228034849675,-0.1913213850568993,0.5723663697067178,0.7636877547636172,-0.050956433778249655,-0.14036495127864967,0.42763363029328216,0.5,20.0,,5
0.11332334417982017,-0.003931570121031639,0.11653597462674596,0.1204675447477776,0.003212630446925796,-0.007144200567957434,0.8834640253732541,0.5,20.0,30,5
0.1615460905535288,-0.0063008643364733975,0.16594120302739163,0.17224206736386502,0.004395112473862817,-0.01069597681033621,0.8340587969726083,0.5,20.0,50,5
0.18680733171458147,-0.012971381213938064,0.18949878949007737,0.20247017070401543,0.002691457775495898,-0.015662838989433964,0.8105012105099226,0.5,20.0,100,5
0.2923290891542483,-0.033409861429482275,0.2866621014026069,0.32007196283208916,-0.005666987751641428,-0.02774287367784084,0.713337898597393,0.5,20.0,250,5
0.34834435347374676,-0.06940542170122443,0.3233269791756928,0.39273240087691724,-0.02501737429805395,-0.04438804740317048,0.6766730208243072,0.5,20.0,500,5
0.40202374817290815,-0.15108827135424652,0.32123388331375824,0.47232215466800476,-0.0807898648591499,-0.07029840649509661,0.6787661166862418,0.5,20.0,1000,5
0.625939708335297,-0.1913197842238545,0.5746923649338165,0.766012149157671,-0.051247343401480516,-0.14007244082237402,0.4253076350661835,0.5,700.0,,5
0.11364465558386054,-0.003952508235368331,0.11685943540844462,0.12081194364381295,0.0032147798245840825,-0.007167288059952412,0.8831405645915553,0.5,700.0,30,5
0.161951426604796,-0.006283050340752245,0.16637826037417547,0.1726613107149277,0.004426833769379468,-0.010709884110131712,0.8336217396258245,0.5,700.0,50,5
0.1874665885263211,-0.012968662094614223,0.19021067109398473,0.20317933318859896,0.002744082567663647,-0.015712744662277872,0.8097893289060153,0.5,700.0,100,5
0.2932250198113862,-0.033438326326974036,0.28760742402214556,0.3210457503491196,-0.005617595789240648,-0.027820730537733374,0.7123925759778544,0.5,700.0,250,5
0.34953756350670023,-0.06939783925690704,0.3246687983235979,0.394066637580505,-0.024868765183102326,-0.04452907407380474,0.6753312016764021,0.5,700.0,500,5
0.4037292291565791,-0.15105769477310696,0.32332225108701274,0.47437994586011967,-0.08040697806956637,-0.07065071670354062,0.6766777489129873,0.5,700.0,1000,5
-0.06618815328793348,-0.1970971674622353,-0.1293646651996921,0.06773250226254318,-0.06317651191175863,-0.13392065555047664,1.129364665199692,0.7,0.5,,5
0.014861767956901565,-0.004195025084187091,0.012397901668558442,0.016592926752745533,-0.0024638662883431223,-0.0017311587958439689,0.9876020983314415,0.7,0.5,30,5
0.024171333817926122,-0.00673357643427706,0.02009797095594254,0.0268315473902196,-0.004073362861983582,-0.002660213572293478,0.9799020290440574,0.7,0.5,50,5
0.01984997399015158,-0.013293169318093203,0.008857108357657685,0.02215027767575089,-0.010992865632493893,-0.00230030368559931,0.9911428916423423,0.7,0.5,100,5
0.02728388070176636,-0.03305015397211157,-0.001991748042748951,0.03105840592936262,-0.029275628744515312,-0.0037745252275962595,1.001991748042749,0.7,0.5,250,5
0.011579051159759565,-0.06921233760446663,-0.05784844195303951,0.01136389565142712,-0.06942749311279907,0.00021515550833244718,1.0578484419530394,0.7,0.5,500,5
-0.046642030391361736,-0.15043181937547498,-0.22940663518237725,-0.07897481580690227,-0.18276460479101553,0.03233278541554052,1.2294066351823774,0.7,0.5,1000,5
0.17352941574733763,-0.1951888956835993,0.1167608931013637,0.311949788784963,-0.05676852264597393,-0.13842037303762536,0.8832391068986363,0.7,1.0,,5
0.04225703508297839,-0.004021697274697063,0.04218785234594973,0.04620954962064679,-6.918273702866129e-05,-0.0039525145376684,0.9578121476540503,0.7,1.0,30,5
0.06243445453686137,-0.00665508273398614,0.06161406945589598,0.06826915218988212,-0.000820385080965387,-0.005834697653020755,0.938385930544104,0.7,1.0,50,5
0.06858128335876748,-0.013213463562849817,0.061414537681622125,0.07462800124447194,-0.007166745677145356,-0.006046717885704461,0.9385854623183779,0.7,1.0,100,5
0.10861954734150242,-0.03306556092212573,0.08752485242730206,0.12059041334942779,-0.021094694914200365,-0.011970866007925365,0.912475147572698,0.7,1.0,250,5
0.11956856377046075,-0.06938073951530552,0.0651260085540091,0.13450674806931462,-0.05444255521645165,-0.014938184298853865,0.9348739914459909,0.7,1.0,500,5
0.09521569930396191,-0.15083779482921783,-0.053295351029390474,0.09754244379982735,-0.14851105033335238,-0.0023267444958654446,1.0532953510293905,0.7,1.0,1000,5
0.5659236108836498,-0.1913701336015292,0.5180616430810129,0.7094317766825421,-0.04786196780263696,-0.14350816579889225,0.4819383569189871,0.7,10.0,,5
0.08911720635322465,-0.003913615354710272,0.09298472737363057,0.09689834272834084,0.0038675210204059257,-0.007781136375116196,0.9070152726263694,0.7,10.0,30,5
0.12404490143755187,-0.006322086016467803,0.1289592429636722,0.13528132898014,0.0049143415261203305,-0.011236427542588134,0.8710407570363278,0.7,10.0,50,5
0.15687368480803154,-0.012976607584268985,0.15685751366753445,0.16983412125180344,-1.617114049709545e-05,-0.0129604364437719,0.8431424863324656,0.7,10.0,100,5
0.24376976426340247,-0.03337946136164298,0.2363894726980181,0.26976893405966107,-0.0073802915653843615,-0.02599916979625863,0.7636105273019819,0.7,10.0,250,5
0.30210691830002245,-0.06941291520336089,0.27413207727816513,0.34354499248152603,-0.027974841021857322,-0.04143807418150358,0.7258679227218349,0.7,10.0,500,5
0.34577763076626844,-0.15111391389495085,0.25891812332657216,0.41003203722152304,-0.08685950743969628,-0.06425440645525457,0.7410818766734278,0.7,10.0,1000,5
0.5722008081093182,-0.1913213850568993,0.5244620427855753,0.7157834278424746,-0.04773876532374288,-0.14358261973315645,0.4755379572144247,0.7,20.0,,5
0.08991612722014342,-0.003931570121031639,0.0938350752056104,0.09776664532664203,0.003918947985466978,-0.007850518106498616,0.9061649247943896,0.7,20.0,30,5
0.1250447893619272,-0.0063008643364733975,0.1300885714356928,0.1363894357721662,0.005043782073765601,-0.011344646410238995,0.8699114285643073,0.7,20.0,50,5
0.15841652371206655,-0.012971381213938064,0.15852763286328328,0.17149901407722135,0.0001111091512167317,-0.013082490365154797,0.8414723671367167,0.7,20.0,100,5
0.2460344228924626,-0.033409861429482275,0.23886299522711962,0.2722728566566019,-0.007171427665342983,-0.026238433764139285,0.7611370047728804,0.7,20.0,250,5
0.30520253186439084,-0.06940542170122443,0.2776914032778846,0.34709682497910904,-0.02751112858650623,-0.041894293114718206,0.7223085967221154,0.7,20.0,500,5
0.35015201720301764,-0.15108827135424652,0.26437544524165985,0.41546371659590636,-0.0857765719613578,-0.06531169939288872,0.7356245547583402,0.7,20.0,1000,5
0.5743921517393921,-0.1913197842238545,0.5266440029370659,0.7179637871609205,-0.04774814880232614,-0.1435716354215284,0.4733559970629341,0.7,700.0,,5
0.09019934933049319,-0.003952508235368331,0.0941262908791303,0.09807879911449863,0.003926941548637111,-0.00787944978400544,0.9058737091208697,0.7,700.0,30,5
0.12536264905369487,-0.006283050340752245,0.13047330983832947,0.13675636017908172,0.005110660784634596,-0.01139371112538684,0.8695266901616705,0.7,700.0,50,5
0.15894788411859306,-0.012968662094614223,0.15910222073141225,0.17207088282602648,0.0001543366128191892,-0.013122998707433414,0.8408977792685878,0.7,700.0,100,5
0.2468109023208376,-0.033438326326974036,0.23969244195834202,0.2731307682853161,-0.007118460362495582,-0.026319865964478467,0.760307558041658,0.7,700.0,250,5
0.3062544608156656,-0.06939783925690704,0.278904119562611,0.3483019588195181,-0.027350341253054578,-0.04204749800385246,0.721095880437389,0.7,700.0,500,5
0.3516678260304449,-0.15105769477310696,0.26626220862263444,0.41731990339574143,-0.08540561740781044,-0.06565207736529652,0.7337377913773655,0.7,700.0,1000,5
-0.052172738165698875,-0.1990390777584387,-0.11165104959537774,0.08738802816306097,-0.05947831142967886,-0.13956076632875986,1.1116510495953777,0.3,0.5,,6
0.026975336836009618,-0.004384798694808012,0.024617950360422563,0.029002749055230575,-0.0023573864755870554,-0.0020274122192209566,0.9753820496395774,0.3,0.5,30,6
0.029371084895989098,-0.0064558625875197695,0.02522396788267499,0.03167983047019476,-0.004147117013314109,-0.0023087455742056597,0.974776032117325,0.3,0.5,50,6
0.04278863248725141,-0.01345885444009175,0.0329531572550791,0.046412011695170854,-0.009835475232172312,-0.003623379207919438,0.9670468427449209,0.3,0.5,100,6
0.040284904154199025,-0.03310386348035925,0.01014518949054574,0.04324905297090499,-0.030139714663653283,-0.002964148816705965,0.9898548105094542,0.3,0.5,250,6
0.02229337219833507,-0.06933088743563454,-0.04657578775389133,0.022755099681743204,-0.0688691599522264,-0.000461727483408135,1.0465757877538913,0.3,0.5,500,6
-0.02837156646725729,-0.1496914957487396,-0.20650050967504113,-0.05680901392630153,-0.17812894320778383,0.02843744745904425,1.2065005096750412,0.3,0.5,1000,6
0.21044301469091092,-0.19880782185030776,0.155161956169573,0.3539697780198808,-0.05528105852133791,-0.14352676332896985,0.844838043830427,0.3,1.0,,6
0.06843009352486513,-0.004648150049173131,0.06844094441069931,0.07308909445987244,1.0850885834176593e-05,-0.004659000935007304,0.9315590555893007,0.3,1.0,30,6
0.07580985874543182,-0.006409593445319031,0.07439206652639274,0.08080165997171178,-0.0014177922190390796,-0.004991801226279957,0.9256079334736073,0.3,1.0,50,6
0.11375689563456834,-0.013768375931392497,0.1084565401722993,0.1222249161036918,-0.005300355462269035,-0.008468020469123455,0.8915434598277007,0.3,1.0,100,6
0.14145147521829005,-0.03344664336242462,0.1185851010731323,0.15203174443555692,-0.022866374145157742,-0.010580269217266874,0.8814148989268678,0.3,1.0,250,6
0.15132120548148112,-0.06987968184141195,0.09717584954585065,0.1670555313872626,-0.05414535593563047,-0.015734325905781485,0.9028241504541493,0.3,1.0,500,6
0.13748651937271836,-0.15013968410233197,-0.005830137120867839,0.14430954698146414,-0.1433166564935862,-0.006823027608745775,1.0058301371208678,0.3,1.0,1000,6
0.6580115539823951,-0.19810079697465593,0.5960117655317144,0.7941125625063703,-0.06199978845068066,-0.13610100852397528,0.4039882344682856,0.3,10.0,,6
0.13706611016314488,-0.004995414481637487,0.14123186143153255,0.14622727591317003,0.0041657512683876685,-0.009161165750025152,0.8587681385684675,0.3,10.0,30,6
0.15078615880306426,-0.006250926403179169,0.15362850651004897,0.15987943291322815,0.002842347706984716,-0.00909327411016389,0.846371493489951,0.3,10.0,50,6
0.226859126896074,-0.01404526145752189,0.2291314228731688,0.24317668433069067,0.0022722959770948015,-0.016317557434616686,0.7708685771268312,0.3,10.0,100,6
0.31546365265534915,-0.03408768872262596,0.3058118532459274,0.3398995419685534,-0.009651799409421735,-0.02443588931320423,0.6941881467540726,0.3,10.0,250,6
0.37911421391270417,-0.07059543927207433,0.35187811905248667,0.422473558324561,-0.027236094860217497,-0.04335934441185685,0.6481218809475133,0.3,10.0,500,6
0.425255411828979,-0.15099871114097754,0.34337452364401844,0.49437323478499595,-0.08188088818496059,-0.06911782295601698,0.6566254763559816,0.3,10.0,1000,6
0.6673497835836624,-0.19807062807924983,0.603367998644996,0.8014386267242458,-0.06398178493866635,-0.13408884314058345,0.396632001355004,0.3,20.0,,6
0.13822064065475212,-0.004994756069541569,0.14245611875718658,0.14745087482672814,0.0042354781024344645,-0.00923023417197602,0.8575438812428134,0.3,20.0,30,6
0.15202034337376671,-0.006248161855295633,0.15490373025374554,0.16115189210904118,0.0028833868799788276,-0.00913154873527447,0.8450962697462545,0.3,20.0,50,6
0.2286943273588171,-0.014037869468382909,0.23108748621747402,0.24512535568585692,0.0023931588586569297,-0.016431028327039826,0.768912513782526,0.3,20.0,100,6
0.3183987858445053,-0.034105331567583975,0.3089936981290771,0.3430990296966611,-0.009405087715428195,-0.0247002438521558,0.6910063018709229,0.3,20.0,250,6
0.38305437484833593,-0.07059769372299295,0.3563022994877065,0.42689999321069944,-0.026752075360629457,-0.0438456183623635,0.6436977005122935,0.3,20.0,500,6
0.43020167363627976,-0.15101727509193552,0.34938658536749617,0.5004038604594316,-0.08081508826878359,-0.07020218682315194,0.6506134146325038,0.3,20.0,1000,6
0.6706099409001085,-0.19804577771491788,0.6059108244030845,0.8039566021180025,-0.06469911649702398,-0.1333466612178939,0.3940891755969155,0.3,700.0,,6
0.13864445594797944,-0.004989810246164287,0.14290433910275938,0.14789414934892367,0.004259883154779931,-0.009249693400944226,0.8570956608972407,0.3,700.0,30,6
0.15242094646731513,-0.006247740164248925,0.15529481373726686,0.16154255390151578,0.00287386726995173,-0.009121607434200651,0.8447051862627332,0.3,700.0,50,6
0.229292659519012,-0.014026759104059188,0.23172013672534222,0.2457468958294014,0.002427477206330214,-0.016454236310389392,0.7682798632746578,0.3,700.0,100,6
0.31936956318987875,-0.03411676128709222,0.3100596036665673,0.34417636495365955,-0.009309959523311429,-0.024806801763780806,0.6899403963334327,0.3,700.0,250,6
0.38440347169452604,-0.07059134197149232,0.35782459224944047,0.42841593422093277,-0.02657887944508558,-0.044012462526406726,0.6421754077505595,0.3,700.0,500,6
0.43187619960330403,-0.15102580801287496,0.35141986130236813,0.502445669315243,-0.0804563383009359,-0.07056946971193906,0.6485801386976319,0.3,700.0,1000,6
-0.06062824271552761,-0.1990390777584387,-0.12040383315670815,0.07863524460173056,-0.05977559044118054,-0.13926348731725818,1.120403833156708,0.5,0.5,,6
0.02027191652665395,-0.004384798694808012,0.019043429609665336,0.023428228304473348,-0.0012284869169886144,-0.0031563117778193976,0.9809565703903347,0.5,0.5,30,6
0.025366416545618553,-0.0064558625875197695,0.021511947433060438,0.027967810020580207,-0.003854469112558115,-0.002601393474961654,0.9784880525669396,0.5,0.5,50,6
0.03666243609365251,-0.01345885444009175,0.02654248809764099,0.04000134253773274,-0.01011994799601152,-0.00333890644408023,0.973457511902359,0.5,0.5,100,6
0.035151942802335454,-0.03310386348035925,0.005809092628041537,0.03891295610840079,-0.029342850174293916,-0.0037610133060653334,0.9941909073719585,0.5,0.5,250,6
0.015140448277805208,-0.06933088743563454,-0.05351902990691955,0.015811857528714987,-0.06865947818472476,-0.0006714092509097769,1.0535190299069195,0.5,0.5,500,6
-0.03365724805773731,-0.1496914957487396,-0.21328117433506588,-0.06358967858632628,-0.17962392627732857,0.02993243052858896,1.2132811743350658,0.5,0.5,1000,6
0.19277539984027942,-0.19880782185030776,0.13825560873248732,0.3370634305827951,-0.05451979110779209,-0.14428803074251567,0.8617443912675127,0.5,1.0,,6
0.052290220235232755,-0.004648150049173131,0.054698745748334186,0.05934689579750732,0.002408525513101431,-0.0070566755622745655,0.9453012542516658,0.5,1.0,30,6
0.06673016508324706,-0.006409593445319031,0.06584303451298085,0.07225262795829988,-0.0008871305702662091,-0.005522462875052821,0.9341569654870192,0.5,1.0,50,6
0.09973304156702513,-0.013768375931392497,0.09396656278705466,0.10773493871844717,-0.005766478779970469,-0.008001897151422036,0.9060334372129454,0.5,1.0,100,6
0.12892629579886525,-0.03344664336242462,0.10769250205004463,0.14113914541246925,-0.021233793748820617,-0.012212849613603999,0.8923074979499553,0.5,1.0,250,6
0.13399422157386398,-0.06987968184141195,0.08052605471443407,0.15040573655584602,-0.053468166859429914,-0.01641151498198204,0.9194739452855659,0.5,1.0,500,6
0.12357828063691147,-0.15013968410233197,-0.02163573819344371,0.12850394590888825,-0.14521401883035517,-0.0049256652719767945,1.0216357381934438,0.5,1.0,1000,6
0.613365122356776,-0.19810079697465593,0.5629728364862742,0.76107363346093,-0.05039228587050182,-0.14770851110415412,0.43702716351372584,0.5,10.0,,6
0.10487403696717142,-0.004995414481637487,0.11296357275742068,0.11795898723905816,0.008089535790249264,-0.013084950271886747,0.8870364272425794,0.5,10.0,30,6
0.13251413068835521,-0.006250926403179169,0.13648275189187997,0.14273367829505915,0.003968621203524758,-0.010219547606703933,0.86351724810812,0.5,10.0,50,6
0.19972384555289757,-0.01404526145752189,0.2014231196792307,0.2154683811367526,0.001699274126333139,-0.015744535583855024,0.7985768803207693,0.5,10.0,100,6
0.2891515715644849,-0.03408768872262596,0.2825685969091446,0.31665628563177056,-0.006582974655340301,-0.027504714067285663,0.7174314030908554,0.5,10.0,250,6
0.3428620551199002,-0.07059543927207433,0.31726037859219014,0.3878558178642645,-0.02560167652771006,-0.044993762744364285,0.6827396214078099,0.5,10.0,500,6
0.3950404897811465,-0.15099871114097754,0.31037068527110206,0.46136939641207964,-0.08466980451004441,-0.06632890663093313,0.6896293147288979,0.5,10.0,1000,6
0.620823364622477,-0.19807062807924983,0.569777138691485,0.7678477667707349,-0.05104622593099195,-0.14702440214825785,0.43022286130851495,0.5,20.0,,6
0.10570879128343079,-0.004994756069541569,0.11386284747825876,0.11885760354780033,0.008154056194827966,-0.013148812264369536,0.8861371525217412,0.5,20.0,30,6
0.13360635300918847,-0.006248161855295633,0.13765140059097467,0.1438995624462703,0.004045047581786199,-0.01029320943708184,0.8623485994090253,0.5,20.0,50,6
0.20133043315744673,-0.014037869468382909,0.2031673591561488,0.2172052286245317,0.0018369259987020825,-0.01587479546708498,0.7968326408438512,0.5,20.0,100,6
0.29184385448924943,-0.034105331567583975,0.28553362184362063,0.31963895341120463,-0.006310232645628799,-0.027795098921955197,0.7144663781563794,0.5,20.0,250,6
0.3464811126752759,-0.07059769372299295,0.32139732791653697,0.39199502163952993,-0.02508378475873896,-0.045513908964254,0.678602672083463,0.5,20.0,500,6
0.3996917513639817,-0.15101727509193552,0.31607161063666234,0.46708888572859786,-0.08362014072731938,-0.06739713436461614,0.6839283893633377,0.5,20.0,1000,6
0.6234445417059976,-0.19804577771491788,0.5720951885853762,0.770140966300294,-0.05134935312062139,-0.1466964245942965,0.4279048114146238,0.5,700.0,,6
0.10597903696247712,-0.004989810246164287,0.11413516926653497,0.11912497951269925,0.008156132304057845,-0.013145942550222126,0.885864830733465,0.5,700.0,30,6
0.13397901649169508,-0.006247740164248925,0.1380446884990982,0.14429242866334713,0.004065672007403126,-0.010313412171652048,0.8619553115009018,0.5,700.0,50,6
0.2018479117107916,-0.014026759104059188,0.20373921506923437,0.21776597417329355,0.0018913033584427585,-0.015918062462501936,0.7962607849307657,0.5,700.0,100,6
0.29273694447148735,-0.03411676128709222,0.28653222456602834,0.32064898585312057,-0.006204719905459011,-0.027912041381633224,0.7134677754339717,0.5,700.0,250,6
0.34773502880740187,-0.07059134197149232,0.3228493940762778,0.3934407360477701,-0.024885634731124096,-0.04570570724036821,0.6771506059237222,0.5,700.0,500,6
0.4012665658748789,-0.15102580801287496,0.3180009755304338,0.4690267835433088,-0.08326559034444508,-0.06776021766842988,0.6819990244695662,0.5,700.0,1000,6
-0.0672643273974155,-0.1990390777584387,-0.1307202303157549,0.06831884744268382,-0.06345590291833939,-0.13558317484009932,1.1307202303157549,0.7,0.5,,6
0.017803303825317588,-0.004384798694808012,0.015580233402621083,0.019965032097429093,-0.002223070422696505,-0.002161728272111507,0.984419766597379,0.7,0.5,30,6
0.017314251743337918,-0.0064558625875197695,0.013258917045416157,0.019714779632935928,-0.004055334697921761,-0.0024005278895980076,0.9867410829545838,0.7,0.5,50,6
0.02935929757739188,-0.01345885444009175,0.019420010191076885,0.03287886463116864,-0.009939287386314995,-0.003519567053776755,0.9805799898089231,0.7,0.5,100,6
0.02675343091258709,-0.03310386348035925,-0.002334726785382481,0.03076913669497677,-0.02908815769796957,-0.004015705782389678,1.0023347267853824,0.7,0.5,250,6
0.006467810359702594,-0.06933088743563454,-0.06258327926774063,0.006747608167893909,-0.06905108962744322,-0.0002797978081913177,1.0625832792677405,0.7,0.5,500,6
-0.042524005364884335,-0.1496914957487396,-0.22406050522443288,-0.07436900947569328,-0.18153649985954856,0.03184500411080893,1.2240605052244329,0.7,0.5,1000,6
0.1722441805808317,-0.19880782185030776,0.1150301496473078,0.31383797149761555,-0.05721403093352391,-0.14159379091678387,0.8849698503526922,0.7,1.0,,6
0.04590928773394705,-0.004648150049173131,0.046430300341730374,0.0510784503909035,0.0005210126077833249,-0.0051691626569564525,0.9535696996582697,0.7,1.0,30,6
0.047486578280570214,-0.006409593445319031,0.04671045604146682,0.05312004948678585,-0.000776122239103394,-0.005633471206215636,0.9532895439585332,0.7,1.0,50,6
0.08223658215252698,-0.013768375931392497,0.07671871029778718,0.09048708622917967,-0.0055178718547398,-0.008250504076652704,0.9232812897022128,0.7,1.0,100,6
0.10828758278295765,-0.03344664336242462,0.08799764918711898,0.12144429254954361,-0.020289933595838666,-0.013156709766585964,0.9120023508128811,0.7,1.0,250,6
0.11264180521070002,-0.06987968184141195,0.058903602053886096,0.12878328389529806,-0.05373820315681393,-0.016141478684598025,0.9410963979461139,0.7,1.0,500,6
0.10149551927747998,-0.15013968410233197,-0.04688905991627087,0.1032506241860611,-0.14838457919375084,-0.0017551049085811274,1.0468890599162708,0.7,1.0,1000,6
0.5641434546187001,-0.19810079697465593,0.5154066774087506,0.7135074743834064,-0.04873677720994951,-0.14936401976470642,0.48459332259124943,0.7,10.0,,6
0.0913763885171557,-0.004995414481637487,0.09662356652669134,0.10161898100832882,0.005247178009535641,-0.010242592491173125,0.9033764334733086,0.7,10.0,30,6
0.09478782339073556,-0.006250926403179169,0.09946623377744007,0.10571716018061925,0.00467841038670451,-0.010929336789883684,0.9005337662225599,0.7,10.0,50,6
0.16488720098263657,-0.01404526145752189,0.16660695941486836,0.18065222087239025,0.0017197584322317938,-0.01576501988975368,0.8333930405851316,0.7,10.0,100,6
0.2466152838691234,-0.03408768872262596,0.24186977266030676,0.2759574613829327,-0.0047455112088166385,-0.029342177513809325,0.7581302273396933,0.7,10.0,250,6
0.2980440919311575,-0.07059543927207433,0.27215937196521944,0.3427548112372938,-0.025884719965938052,-0.04471071930613629,0.7278406280347806,0.7,10.0,500,6
0.3479459384663687,-0.15099871114097754,0.2574468742455049,0.40844558538648246,-0.09049906422086379,-0.06049964692011375,0.7425531257544951,0.7,10.0,1000,6
0.5704113815060797,-0.19807062807924983,0.5217834111188668,0.7198540391981166,-0.04862797038721289,-0.1494426576920369,0.47821658888113316,0.7,20.0,,6
0.09204197812365456,-0.004994756069541569,0.09737594176671074,0.10237069783625231,0.005333963643056189,-0.010328719712597759,0.9026240582332893,0.7,20.0,30,6
0.09557831669923975,-0.006248161855295633,0.10035630737221997,0.1066044692275156,0.004777990672980223,-0.011026152528275851,0.89964369262778,0.7,20.0,50,6
0.16618115235688172,-0.014037869468382909,0.16800976477011495,0.18204763423849785,0.0018286124132332326,-0.01586648188161613,0.831990235229885,0.7,20.0,100,6
0.24895578659926793,-0.034105331567583975,0.24448285970079087,0.27858819126837486,-0.004472926898477059,-0.02963240466910691,0.7555171402992091,0.7,20.0,250,6
0.30126203308407323,-0.07059769372299295,0.27588553124007803,0.346483224963071,-0.025376501843995203,-0.04522119187899776,0.7241144687599219,0.7,20.0,500,6
0.3521311746203154,-0.15101727509193552,0.2626271742309525,0.413644449322888,-0.0895040003893629,-0.06151327470257262,0.7373728257690475,0.7,20.0,1000,6
0.5725517280978353,-0.19804577771491788,0.52395759583873,0.722003373553648,-0.04859413225910525,-0.14945164545581263,0.47604240416126997,0.7,700.0,,6
0.0922151758922068,-0.004989810246164287,0.09758677231883782,0.1025765825650021,0.0053715964266310146,-0.010361406672795295,0.9024132276811622,0.7,700.0,30,6
0.09585697930481818,-0.006247740164248925,0.10067565624117063,0.10692339640541955,0.004818676936352448,-0.01106641710060137,0.8993243437588294,0.7,700.0,50,6
0.16657955973192867,-0.014026759104059188,0.1684349425503823,0.18246170165444148,0.001855382818453627,-0.015882141922512805,0.8315650574496177,0.7,700.0,100,6
0.24975440426027556,-0.03411676128709222,0.24537682666619062,0.27949358795328283,-0.0043775775940849415,-0.029739183693007293,0.7546231733338093,0.7,700.0,250,6
0.3023922599536446,-0.07059134197149232,0.27720522928266295,0.34779657125415525,-0.025187030670981658,-0.04540431130051065,0.722794770717337,0.7,700.0,500,6
0.3535376778671688,-0.15102580801287496,0.2643673329462963,0.41539314095917124,-0.0891703449208725,-0.06185546309200246,0.7356326670537037,0.7,700.0,1000,6
-0.05258063364399051,-0.197788707130556,-0.11209176672512579,0.0856969404054302,-0.05951113308113528,-0.1382775740494207,1.1120917667251258,0.3,0.5,,7
0.025861877885294902,-0.0038713303527754556,0.023491214610189593,0.02736254496296505,-0.0023706632751053086,-0.0015006670776701488,0.9765087853898105,0.3,0.5,30,7
0.02856021652836145,-0.006692309815112125,0.023748802528186886,0.03044111234329901,-0.004811414000174565,-0.0018808958149375589,0.9762511974718131,0.3,0.5,50,7
0.03613103878158743,-0.013066252002199286,0.026407114614984864,0.03947336661718415,-0.009723924166602567,-0.0033423278355967194,0.9735928853850151,0.3,0.5,100,7
0.04084131313219462,-0.03335709491981119,0.011363289833208228,0.04472038475301942,-0.02947802329898639,-0.0038790716208247974,0.9886367101667918,0.3,0.5,250,7
0.027042468197876333,-0.06901384243028605,-0.04192214376238384,0.02709169866790221,-0.06896461196026017,-4.923047002587666e-05,1.0419221437623838,0.3,0.5,500,7
-0.030940276220748762,-0.14962765254502539,-0.20968507275649895,-0.06005742021147356,-0.17874479653575018,0.029117143990724792,1.209685072756499,0.3,0.5,1000,7
0.21006811074648146,-0.19676335729699507,0.15465269638321696,0.351416053680212,-0.0554154143632645,-0.14134794293373057,0.845347303616783,0.3,1.0,,7
0.06609568168399178,-0.0037733320084552585,0.06561981814443815,0.0693931501528934,-0.0004758635395536309,-0.0032974684689016306,0.9343801818555618,0.3,1.0,30,7
0.07465782793030051,-0.006392561087197963,0.0725799105393745,0.07897247162657246,-0.0020779173909260124,-0.00431464369627195,0.9274200894606255,0.3,1.0,50,7
0.10481693535201332,-0.012768927838629145,0.10038410588541448,0.11315303372404362,-0.004432829466598842,-0.008336098372030296,0.8996158941145855,0.3,1.0,100,7
0.14367924247215835,-0.03310804153249357,0.1233601373899562,0.15646817892244977,-0.020319105082202152,-0.012788936450291416,0.8766398626100438,0.3,1.0,250,7
0.1581182564820444,-0.06833812594417295,0.10425535326583557,0.1725934792100085,-0.05386290321620882,-0.01447522272796413,0.8957446467341644,0.3,1.0,500,7
0.1340868390129757,-0.1495208437706631,-0.009773121257659294,0.1397477225130038,-0.143859960270635,-0.00566088350002812,1.0097731212576593,0.3,1.0,1000,7
0.656386309872447,-0.19586767069278857,0.595245308649464,0.7911129793422526,-0.06114100122298294,-0.1347266694698056,0.404754691350536,0.3,10.0,,7
0.1302746904243134,-0.003707680929583838,0.1328932081119381,0.13660088904152196,0.002618517687624722,-0.006326198617208567,0.867106791888062,0.3,10.0,30,7
0.15128920598263307,-0.005779345906534759,0.1542089779314445,0.15998832383797926,0.0029197719488114338,-0.008699117855346189,0.8457910220685555,0.3,10.0,50,7
0.2196398902607947,-0.012256949381035488,0.22430229806079827,0.23655924744183376,0.004662407800003571,-0.01691935718103907,0.7756977019392017,0.3,10.0,100,7
0.31680536520605934,-0.03247051435445448,0.31274150912786275,0.3452120234823172,-0.004063856078196593,-0.02840665827625788,0.6872584908721373,0.3,10.0,250,7
0.38495520883527995,-0.06733714944231232,0.35798193706129816,0.4253190865036105,-0.02697327177398179,-0.04036387766833055,0.6420180629387018,0.3,10.0,500,7
0.4259563516998353,-0.14932090776096082,0.34526241112350103,0.49458331888446183,-0.08069394057633428,-0.06862696718462652,0.654737588876499,0.3,10.0,1000,7
0.6654490852451924,-0.195864329778817,0.6025703760227409,0.7984347058015578,-0.06287870922245153,-0.13298562055636542,0.3974296239772591,0.3,20.0,,7
0.1312613620966852,-0.0037126651018397332,0.1339215689404955,0.13763423404233524,0.0026602068438102977,-0.006372871945650033,0.8660784310595044,0.3,20.0,30,7
0.1526097661636533,-0.005761370582903686,0.15562801069649068,0.16138938127939437,0.0030182445328373886,-0.008779615115741074,0.8443719893035093,0.3,20.0,50,7
0.22152187009816632,-0.012246130950892917,0.22634991516918673,0.23859604612007965,0.004828045071020415,-0.01707417602191333,0.7736500848308132,0.3,20.0,100,7
0.3196323206288934,-0.032440532439562665,0.31587826691865756,0.34831879935822024,-0.0037540537102358496,-0.028686478729326836,0.6841217330813425,0.3,20.0,250,7
0.38885155892941037,-0.06732898009012223,0.3623432975425711,0.42967227763269333,-0.02650826138683926,-0.040820718703282965,0.6376567024574289,0.3,20.0,500,7
0.43102345435900147,-0.14931421318594298,0.3514735183431933,0.5007877315291362,-0.07954993601580818,-0.06976427717013478,0.6485264816568067,0.3,20.0,1000,7
0.6685979823141192,-0.1958633382144064,0.6050385827080415,0.8009019209224478,-0.0635593996060777,-0.13230393860832868,0.39496141729195855,0.3,700.0,,7
0.13156761160025285,-0.0037187056246753927,0.13423424102303919,0.13795294664771457,0.0026666294227863374,-0.006385335047461721,0.8657657589769608,0.3,700.0,30,7
0.1530594825767929,-0.005749372633070302,0.15611821337714413,0.16186758601021442,0.0030587308003512392,-0.008808103433421532,0.8438817866228558,0.3,700.0,50,7
0.2221630945050657,-0.012239980792340425,0.227059215331576,0.23929919612391642,0.0048961208265103084,-0.017136101618850735,0.772940784668424,0.3,700.0,100,7
0.32056646091468505,-0.03241556588583684,0.31694519641856506,0.3493607623044019,-0.0036212644961199913,-0.028794301389716837,0.683054803581435,0.3,700.0,250,7
0.39018566106528274,-0.0673315694600478,0.3638323153365181,0.4311638847965659,-0.026353345728764632,-0.04097822373128318,0.6361676846634818,0.3,700.0,500,7
0.43274035962436996,-0.14930948243677206,0.35360501531559346,0.5029144977523655,-0.0791353443087765,-0.07017413812799556,0.6463949846844066,0.3,700.0,1000,7
-0.06108001688962845,-0.197788707130556,-0.12082545068889623,0.07696325644165976,-0.059745433799267784,-0.13804327333128824,1.1208254506888962,0.5,0.5,,7
0.026220864398146027,-0.0038713303527754556,0.02372601053224783,0.02759734088502329,-0.002494853865898195,-0.0013764764868772587,0.9762739894677521,0.5,0.5,30,7
0.025154820664979666,-0.006692309815112125,0.021010515940899994,0.027702825756012118,-0.004144304724079673,-0.0025480050910324514,0.9789894840591,0.5,0.5,50,7
0.031546178379272136,-0.013066252002199286,0.021681088172411867,0.034747340174611153,-0.009865090206860268,-0.003201161795339018,0.9783189118275881,0.5,0.5,100,7
0.0360245709232144,-0.03335709491981119,0.006653950555043093,0.04001104547485428,-0.029370620368171306,-0.0039864745516398825,0.9933460494449569,0.5,0.5,250,7
0.01977577741515554,-0.06901384243028605,-0.04899166981555332,0.020022172614732728,-0.06876744723070886,-0.0002463951995771846,1.0489916698155533,0.5,0.5,500,7
-0.037339994733616225,-0.14962765254502539,-0.21744465089032944,-0.06781699834530405,-0.18010465615671323,0.030477003611687814,1.2174446508903294,0.5,0.5,1000,7
0.19246190266954466,-0.19676335729699507,0.13785834192375768,0.33462169922075274,-0.05460356074578698,-0.14215979655120808,0.8621416580762423,0.5,1.0,,7
0.06698954531443749,-0.0037733320084552585,0.06653875251188,0.07031208452033526,-0.0004507928025574842,-0.0033225392058977704,0.93346124748812,0.5,1.0,30,7
0.06633378157475173,-0.006392561087197963,0.06563491388037081,0.07202747496756877,-0.0006988676943809197,-0.0056936933928170425,0.9343650861196292,0.5,1.0,50,7
0.09344974235542232,-0.012768927838629145,0.08849948989876708,0.10126841773739623,-0.004950252456655244,-0.007818675381973894,0.9115005101012329,0.5,1.0,100,7
0.1317328018543507,-0.03310804153249357,0.11133100890890958,0.14443905044140315,-0.02040179294544113,-0.012706248587052438,0.8886689910910904,0.5,1.0,250,7
0.1405194929192259,-0.06833812594417295,0.0876109938671468,0.15594911981131976,-0.052908499052079117,-0.015429626892093831,0.9123890061328532,0.5,1.0,500,7
0.11793495423167881,-0.1495208437706631,-0.027206428144319252,0.12231441562634385,-0.14514138237599805,-0.004379461394665041,1.0272064281443192,0.5,1.0,1000,7
0.6129914264572885,-0.19586767069278857,0.5624662779293488,0.7583339486221373,-0.05052514852793977,-0.14534252216484878,0.4375337220706512,0.5,10.0,,7
0.13139296160277042,-0.003707680929583838,0.13454476956140082,0.13825245049098467,0.0031518079586304037,-0.006859488888214249,0.8654552304385992,0.5,10.0,30,7
0.13419701446935217,-0.005779345906534759,0.13967143103645813,0.14545077694299288,0.005474416567105955,-0.01125376247364071,0.8603285689635418,0.5,10.0,50,7
0.19658380450105814,-0.012256949381035488,0.20014813770465423,0.21240508708568973,0.0035643332035960873,-0.015821282584631585,0.7998518622953458,0.5,10.0,100,7
0.29208346865479523,-0.03247051435445448,0.2873697999391627,0.31984031429361715,-0.004713668715632557,-0.027756845638821914,0.7126302000608373,0.5,10.0,250,7
0.3480719069214551,-0.06733714944231232,0.3233784160262537,0.39071556546856606,-0.024693490895201398,-0.04264365854711094,0.6766215839737463,0.5,10.0,500,7
0.3910929409030816,-0.14932090776096082,0.30921575326617756,0.4585366610271384,-0.08187718763690405,-0.06744372012405678,0.6907842467338224,0.5,10.0,1000,7
0.6203535179368491,-0.195864329778817,0.5692211591205665,0.7650854888993834,-0.05113235881628264,-0.14473197096253432,0.4307788408794335,0.5,20.0,,7
0.13234918003748683,-0.0037126651018397332,0.13557445921855824,0.13928712432039797,0.0032252791810714054,-0.00693794428291114,0.8644255407814417,0.5,20.0,30,7
0.1353581532092601,-0.005761370582903686,0.14094673915611497,0.14670810973901866,0.005588585946854879,-0.011349956529758565,0.859053260843885,0.5,20.0,50,7
0.1982910923326999,-0.012246130950892917,0.2020006245828722,0.21424675553376513,0.003709532250172315,-0.01595566320106523,0.7979993754171277,0.5,20.0,100,7
0.2947064117891882,-0.032440532439562665,0.2902628331871535,0.3227033656267162,-0.0044435786020347035,-0.027996953837527983,0.7097371668128465,0.5,20.0,250,7
0.3515940180947044,-0.06732898009012223,0.32739340026949265,0.3947223803596149,-0.024200617825211768,-0.04312836226491046,0.6726065997305073,0.5,20.0,500,7
0.39582589640113247,-0.14931421318594298,0.31510358484705947,0.4644177980330024,-0.080722311554073,-0.06859190163186998,0.6848964151529405,0.5,20.0,1000,7
0.6229104191047269,-0.1958633382144064,0.571485145061177,0.7673484832755834,-0.05142527404354991,-0.14443806417085647,0.428514854938823,0.5,700.0,,7
0.1326241648538608,-0.0037187056246753927,0.13588489844600177,0.13960360407067715,0.003260733592140963,-0.006979439216816347,0.8641151015539983,0.5,700.0,30,7
0.1357518528988694,-0.005749372633070302,0.14138270571179226,0.14713207834486255,0.00563085281292286,-0.011380225445993153,0.8586172942882078,0.5,700.0,50,7
0.19888799377156116,-0.012239980792340425,0.20264925838177297,0.2148892391741134,0.003761264610211812,-0.01600124540255224,0.797350741618227,0.5,700.0,100,7
0.29558259752730964,-0.03241556588583684,0.29123506350265016,0.323650629388487,-0.004347534024659483,-0.028068031861177345,0.7087649364973498,0.5,700.0,250,7
0.3527761063479348,-0.0673315694600478,0.3287442320274629,0.3960758014875107,-0.024031874320471935,-0.04329969513957588,0.671255767972537,0.5,700.0,500,7
0.3974361473297446,-0.14930948243677206,0.3171403671292258,0.46644984956599783,-0.08029578020051881,-0.06901370223625325,0.6828596328707742,0.5,700.0,1000,7
-0.06734322056579112,-0.197788707130556,-0.13049475149877973,0.06729395563177626,-0.06315153093298861,-0.13463717619756735,1.1304947514987798,0.7,0.5,,7
0.023775772120243985,-0.0038713303527754556,0.021296565773369337,0.02516789612614479,-0.0024792063468746482,-0.0013921240059008091,0.9787034342266306,0.7,0.5,30,7
0.019543328596680343,-0.006692309815112125,0.015483005524892077,0.022175315340004203,-0.004060323071788266,-0.0026319867433238584,0.9845169944751079,0.7,0.5,50,7
0.024785065227944197,-0.013066252002199286,0.014567718931202414,0.0276339709334017,-0.010217346296741783,-0.0028489057054575037,0.9854322810687975,0.7,0.5,100,7
0.027991179199259315,-0.03335709491981119,-0.0016364497065336886,0.0317206452132775,-0.029627628905793003,-0.0037294660140181853,1.0016364497065338,0.7,0.5,250,7
0.011282816639374381,-0.06901384243028605,-0.057732502438718254,0.011281339991567794,-0.06901531907809264,1.4766478065864064e-06,1.0577325024387183,0.7,0.5,500,7
-0.045902856373702075,-0.14962765254502539,-0.22783373778278138,-0.07820608523775599,-0.18193088140907931,0.0323032288640539,1.2278337377827815,0.7,0.5,1000,7
0.1724348519672162,-0.19676335729699507,0.1155835164708024,0.31234687376779746,-0.0568513354964138,-0.13991202180058127,0.8844164835291977,0.7,1.0,,7
0.06150959940493409,-0.0037733320084552585,0.0607683315124757,0.06454166352093096,-0.0007412678924583888,-0.003032064115996873,0.9392316684875243,0.7,1.0,30,7
0.052379257294142986,-0.006392561087197963,0.05174258550160678,0.05813514658880474,-0.0006366717925362086,-0.0057558892946617535,0.9482574144983932,0.7,1.0,50,7
0.07699556159247248,-0.012768927838629145,0.07155232798130705,0.08432125581993619,-0.0054432336111654295,-0.007325694227463722,0.9284476720186929,0.7,1.0,100,7
0.11234450262096746,-0.03310804153249357,0.09154584288785536,0.12465388442034893,-0.020798659733112096,-0.012309381799381472,0.9084541571121446,0.7,1.0,250,7
0.12031234315507,-0.06833812594417295,0.0670391565585245,0.13537728250269743,-0.05327318659654551,-0.01506493934762744,0.9329608434414756,0.7,1.0,500,7
0.09773509779154414,-0.1495208437706631,-0.05029418167303963,0.09922666209762347,-0.14802927946458377,-0.0014915643060793293,1.0502941816730396,0.7,1.0,1000,7
0.5645124404007189,-0.19586767069278857,0.5163247681390986,0.7121924388318871,-0.04818767226162035,-0.1476799984311682,0.48367523186090144,0.7,10.0,,7
0.12093082931026394,-0.003707680929583838,0.12314282674172587,0.1268505076713097,0.002211997431461929,-0.00591967836104576,0.8768571732582742,0.7,10.0,30,7
0.10506616569975785,-0.005779345906534759,0.11037627647963788,0.11615562238617264,0.0053101107798800284,-0.011089456686414784,0.8896237235203621,0.7,10.0,50,7
0.16372507727003882,-0.012256949381035488,0.16662222658964126,0.17887917597067676,0.0028971493196024434,-0.015154098700637941,0.8333777734103587,0.7,10.0,100,7
0.25279292595138303,-0.03247051435445448,0.2473590999014765,0.279829614255931,-0.005433826049906526,-0.027036688304547946,0.7526409000985235,0.7,10.0,250,7
0.3064066274662397,-0.06733714944231232,0.280801932936659,0.34813908237897134,-0.025604694529580696,-0.04173245491273164,0.719198067063341,0.7,10.0,500,7
0.3486764277289375,-0.14932090776096082,0.2616630962184571,0.4109840039794179,-0.08701333151048035,-0.06230757625048047,0.7383369037815428,0.7,10.0,1000,7
0.5707371170588585,-0.195864329778817,0.5226608405341808,0.7185251703129978,-0.04807627652467772,-0.14778805325413924,0.4773391594658192,0.7,20.0,,7
0.12184849850875401,-0.0037126651018397332,0.12411316894720913,0.12782583404904885,0.002264670438455116,-0.005977335540294851,0.8758868310527909,0.7,20.0,30,7
0.10591013898272969,-0.005761370582903686,0.1113353085495514,0.11709667913245508,0.005425169566821708,-0.011186540149725394,0.8886646914504486,0.7,20.0,50,7
0.1651880057569773,-0.012246130950892917,0.1682421088759978,0.18048823982689072,0.0030541031190204904,-0.015300234069913404,0.8317578911240022,0.7,20.0,100,7
0.2550896390649286,-0.032440532439562665,0.24992285440383996,0.2823633868434026,-0.005166784661088636,-0.027273747778474022,0.75007714559616,0.7,20.0,250,7
0.30957955819856353,-0.06732898009012223,0.2844537222805155,0.35178270237063775,-0.025125835918048012,-0.042203144172074214,0.7155462777194845,0.7,20.0,500,7
0.3530175636086628,-0.14931421318594298,0.2671131679625134,0.41642738114845634,-0.08590439564614943,-0.06340981753979355,0.7328868320374866,0.7,20.0,1000,7
0.5728287919824812,-0.1958633382144064,0.524785398449525,0.7206487366639314,-0.04804339353295617,-0.1478199446814502,0.475214601550475,0.7,700.0,,7
0.12214830060010923,-0.0037187056246753927,0.12443343498793237,0.12815214061260777,0.002285134387823143,-0.00600384001249854,0.8755665650120676,0.7,700.0,30,7
0.10615955610480386,-0.005749372633070302,0.11163246786333529,0.1173818404964056,0.005472911758531429,-0.011222284391601736,0.8883675321366648,0.7,700.0,50,7
0.1657242764358331,-0.012239980792340425,0.16884622377997818,0.1810862045723186,0.0031219473441450873,-0.015361928136485514,0.8311537762200218,0.7,700.0,100,7
0.25586418954406154,-0.03241556588583684,0.25079483842337835,0.2832104043092152,-0.005069351120683185,-0.027346214765153642,0.7492051615766216,0.7,700.0,250,7
0.310668115110843,-0.0673315694600478,0.28570556234828853,0.35303713180833635,-0.02496255276255449,-0.04236901669749332,0.7142944376517115,0.7,700.0,500,7
0.35450644356742755,-0.14930948243677206,0.2690107874795555,0.41832026991632754,-0.08549565608787207,-0.06381382634889998,0.7309892125204445,0.7,700.0,1000,7
-0.05087811949396093,-0.199043240365158,-0.11061846264058885,0.08842477772456915,-0.05974034314662792,-0.13930289721853006,1.1106184626405888,0.3,0.5,,8
0.02354953170013787,-0.0036581976031257344,0.021666934791412646,0.02532513239453838,-0.0018825969087252238,-0.0017756006944005115,0.9783330652085873,0.3,0.5,30,8
0.03477780867582046,-0.006520616130756842,0.03068219977914465,0.03720281590990149,-0.004095608896675814,-0.0024250072340810287,0.9693178002208553,0.3,0.5,50,8
0.04067247219088316,-0.013418877422056844,0.03000410406456709,0.043422981486623935,-0.010668368126316066,-0.0027505092957407773,0.9699958959354329,0.3,0.5,100,8
0.03827211207430017,-0.03339249998581772,0.008606149305118752,0.04199864929093647,-0.029665962769181417,-0.003726537216636303,0.9913938506948813,0.3,0.5,250,8
0.021249402923115817,-0.06885451172141575,-0.04733088325655494,0.021523628464860813,-0.06858028617967075,-0.0002742255417449921,1.0473308832565549,0.3,0.5,500,8
-0.029287283906517737,-0.1502394876194521,-0.2074011579242198,-0.05716167030476768,-0.17811387401770204,0.027874386398249934,1.2074011579242199,0.3,0.5,1000,8
0.21166942970761252,-0.19965042998534688,0.15647978291903314,0.35613021290438,-0.05518964678857938,-0.1444607831967675,0.8435202170809668,0.3,1.0,,8
0.06373285780293489,-0.003748069919477233,0.06420652126699312,0.06795459118647036,0.00047366346405823545,-0.004221733383535466,0.9357934787330069,0.3,1.0,30,8
0.09052911563078846,-0.006484366774094066,0.0895347046700793,0.09601907144417338,-0.0009944109607091522,-0.00548995581338492,0.9104652953299207,0.3,1.0,50,8
0.11768466321803288,-0.0135555891864236,0.111048966060424,0.1246045552468476,-0.00663569715760888,-0.006919892028814725,0.888951033939576,0.3,1.0,100,8
0.1384900614092454,-0.03351521312176962,0.11693856755698445,0.15045378067875406,-0.02155149385226096,-0.01196371926950865,0.8830614324430155,0.3,1.0,250,8
0.149320478776386,-0.0693446800040486,0.09517476549798128,0.16451944550202988,-0.054145713278404714,-0.015198966725643887,0.9048252345020187,0.3,1.0,500,8
0.13545697657745862,-0.1506492915587259,-0.006798238322274351,0.14385105323645153,-0.14225521489973297,-0.008394076658992923,1.0067982383222744,0.3,1.0,1000,8
0.6574304091293053,-0.2006499093117749,0.5967383295325214,0.7973882388442963,-0.06069207959678391,-0.139957829714991,0.40326167046747863,0.3,10.0,,8
0.13450501573860574,-0.004056654974995847,0.13930660395273753,0.14336325892773338,0.004801588214131791,-0.008858243189127646,0.8606933960472625,0.3,10.0,30,8
0.17863217261881073,-0.006322153619905672,0.18285131646448569,0.18917347008439137,0.004219143845674955,-0.010541297465580635,0.8171486835355143,0.3,10.0,50,8
0.2461646663281906,-0.013850098727074447,0.24647419454012215,0.2603242932671966,0.000309528211931559,-0.01415962693900602,0.7535258054598779,0.3,10.0,100,8
0.3119694383173191,-0.03404438218675709,0.3045443246524712,0.3385887068392283,-0.007425113664847882,-0.026619268521909212,0.6954556753475287,0.3,10.0,250,8
0.3750718446721428,-0.07032093682311473,0.34668476960602945,0.4170057064291442,-0.02838707506611332,-0.04193386175700142,0.6533152303939705,0.3,10.0,500,8
0.4241613767829282,-0.1514318422482824,0.3458339474204972,0.49726578966877966,-0.07832742936243098,-0.07310441288585146,0.6541660525795028,0.3,10.0,1000,8
0.6665347989604318,-0.20070350353192135,0.6040284343322826,0.8047319378642039,-0.06250636462814918,-0.13819713890377217,0.3959715656677174,0.3,20.0,,8
0.13561842688091788,-0.004073841430264324,0.1405070005343703,0.1445808419646346,0.0048885736534524105,-0.00896241508371673,0.8594929994656297,0.3,20.0,30,8
0.18006058844654477,-0.006313876417422803,0.18437153059253547,0.19068540700995829,0.004310942145990704,-0.010624818563413518,0.8156284694074645,0.3,20.0,50,8
0.24824247468474284,-0.01385949115734773,0.24867232860803556,0.2625318197653833,0.00042985392329272787,-0.014289345080640448,0.7513276713919644,0.3,20.0,100,8
0.3149575773820145,-0.034079957973376915,0.30774368346871994,0.34182364144209687,-0.007213893913294578,-0.02686606406008235,0.6922563165312801,0.3,20.0,250,8
0.37895380170954274,-0.07034526469826784,0.3509857500693694,0.42133101476763724,-0.027968051640173353,-0.0423772130580945,0.6490142499306306,0.3,20.0,500,8
0.42921672669804317,-0.15146143936858414,0.35203014203883864,0.5034915814074228,-0.07718658465920453,-0.07427485470937961,0.6479698579611614,0.3,20.0,1000,8
0.6696189352551912,-0.20075476774025247,0.6064652908953251,0.8072200586355776,-0.06315364435986615,-0.13760112338038633,0.3935347091046749,0.3,700.0,,8
0.13590668517513974,-0.004087830577923235,0.1408322034853762,0.14492003406329942,0.004925518310236465,-0.009013348888159689,0.8591677965146238,0.3,700.0,30,8
0.18054930050772586,-0.006306823748699739,0.18489426253470934,0.19120108628340907,0.004344962026983479,-0.010651785775683209,0.8151057374652907,0.3,700.0,50,8
0.2489423245912236,-0.013865727458077683,0.2494173754510981,0.2632831029091758,0.00047505085987450957,-0.01434077831795219,0.7505826245489019,0.3,700.0,100,8
0.31599212720496384,-0.034111866604631357,0.3088230089783745,0.34293487558300584,-0.007169118226589333,-0.026942748378042003,0.6911769910216254,0.3,700.0,250,8
0.3802687998475761,-0.07035875709233672,0.35241964851077023,0.422778405603107,-0.027849151336805877,-0.042509605755530866,0.6475803514892298,0.3,700.0,500,8
0.4309780819957565,-0.15148377017542572,0.35419633462466427,0.50568010480009,-0.07678174737109222,-0.07470202280433347,0.6458036653753357,0.3,700.0,1000,8
-0.059500433670646016,-0.199043240365158,-0.11943281543360879,0.07961042493154921,-0.05993238176296277,-0.13911085860219524,1.1194328154336088,0.5,0.5,,8
0.018478130716827246,-0.0036581976031257344,0.016431423048453922,0.020089620651579657,-0.0020467076683733237,-0.0016114899347524116,0.9835685769515461,0.5,0.5,30,8
0.02683628310788171,-0.006520616130756842,0.023093711511873546,0.02961432764263039,-0.003742571596008163,-0.0027780445347486797,0.9769062884881264,0.5,0.5,50,8
0.03519267558435457,-0.013418877422056844,0.024662933837530425,0.03808181125958727,-0.010529741746824146,-0.002889135675232697,0.9753370661624696,0.5,0.5,100,8
0.03193430256179375,-0.03339249998581772,0.002284412665680936,0.03567691265149865,-0.02964988989611281,-0.003742610089704906,0.9977155873343191,0.5,0.5,250,8
0.015163790585334581,-0.06885451172141575,-0.053524692829138985,0.015329818892276768,-0.06868848341447356,-0.00016602830694218557,1.053524692829139,0.5,0.5,500,8
-0.035468072879928106,-0.1502394876194521,-0.2153266995451951,-0.06508721192574299,-0.17985862666526697,0.029619139045814896,1.215326699545195,0.5,0.5,1000,8
0.19408010293193553,-0.19965042998534688,0.139676712808817,0.33932714279416387,-0.05440339012311854,-0.14524703986222834,0.860323287191183,0.5,1.0,,8
0.0510763547793287,-0.003748069919477233,0.05142856625092038,0.05517663617039761,0.00035221147159167354,-0.004100281391068904,0.9485714337490796,0.5,1.0,30,8
0.07175729403021626,-0.006484366774094066,0.07164577643729599,0.07813014321139006,-0.00011151759292027386,-0.006372849181173798,0.928354223562704,0.5,1.0,50,8
0.10394972440611658,-0.0135555891864236,0.09810872516940237,0.11166431435582598,-0.005840999236714203,-0.007714589949709402,0.9018912748305976,0.5,1.0,100,8
0.12315894853295367,-0.03351521312176962,0.10153817586545522,0.13505338898722483,-0.021620772667498456,-0.011894440454271155,0.8984618241345448,0.5,1.0,250,8
0.1338728350258586,-0.0693446800040486,0.0803387156842693,0.1496833956883179,-0.05353411934158929,-0.01581056066245931,0.9196612843157307,0.5,1.0,500,8
0.12035400524602742,-0.1506492915587259,-0.023947173249607212,0.12670211830911868,-0.14430117849563462,-0.006348113063091257,1.0239471732496073,0.5,1.0,1000,8
0.6142841325285646,-0.2006499093117749,0.5643690742129424,0.7650189835247172,-0.04991505831562226,-0.15073485099615264,0.43563092578705764,0.5,10.0,,8
0.1082891446569215,-0.004056654974995847,0.11334392722329119,0.11740058219828703,0.005054782566369695,-0.009111437541365536,0.8866560727767088,0.5,10.0,30,8
0.14295160613311375,-0.006322153619905672,0.14890586558092805,0.15522801920083373,0.005954259447814303,-0.012276413067719982,0.8510941344190719,0.5,10.0,50,8
0.2184224838039288,-0.013850098727074447,0.22084556832771304,0.2346956670547875,0.0024230845237842302,-0.016273183250858664,0.7791544316722869,0.5,10.0,100,8
0.28044204184951227,-0.03404438218675709,0.2725519926853095,0.3065963748720666,-0.007890049164202773,-0.02615433302255432,0.7274480073146905,0.5,10.0,250,8
0.34235656451050467,-0.07032093682311473,0.3159897325088916,0.38631066933200636,-0.02636683200161305,-0.043954104821501694,0.6840102674911084,0.5,10.0,500,8
0.3917445029425438,-0.1514318422482824,0.31102792640067256,0.462459768648955,-0.08071657654187125,-0.07071526570641115,0.6889720735993274,0.5,10.0,1000,8
0.62173177163286,-0.20070350353192135,0.5711134457567054,0.7718169492886268,-0.05061832587615456,-0.1500851776557668,0.4288865542432946,0.5,20.0,,8
0.10918969076729672,-0.004073841430264324,0.11436018619591776,0.11843402762618208,0.005170495428621039,-0.009244336858885357,0.8856398138040822,0.5,20.0,30,8
0.14410643661663236,-0.006313876417422803,0.1501753020804769,0.15648917849789973,0.006068865463844553,-0.012382741881267367,0.8498246979195231,0.5,20.0,50,8
0.22027331799646238,-0.01385949115734773,0.22285346935600372,0.23671296051335144,0.002580151359541344,-0.016439642516889064,0.7771465306439963,0.5,20.0,100,8
0.28316830682157706,-0.034079957973376915,0.275468359319568,0.3095483172929449,-0.007699947502009086,-0.026380010471367843,0.7245316406804321,0.5,20.0,250,8
0.34593709498040515,-0.07034526469826784,0.3200260972802651,0.39037136197853295,-0.025910997700140048,-0.0444342669981278,0.6799739027197349,0.5,20.0,500,8
0.39646444418161786,-0.15146143936858414,0.31691212382741574,0.4683735631959999,-0.07955232035420212,-0.07190911901438202,0.6830878761725843,0.5,20.0,1000,8
0.6242572744187534,-0.20075476774025247,0.5733645443446387,0.7741193120848912,-0.05089273007411477,-0.1498620376661377,0.4266354556553613,0.5,700.0,,8
0.10942085407633843,-0.004087830577923235,0.11465540841591555,0.11874323899383879,0.005234554339577119,-0.009322384917500356,0.8853445915840844,0.5,700.0,30,8
0.14450074344142852,-0.006306823748699739,0.15061885764690544,0.15692568139560517,0.006118114205476921,-0.012424937954176651,0.8493811423530946,0.5,700.0,50,8
0.220898374393281,-0.013865727458077683,0.22354756735073675,0.23741329480881443,0.0026491929574557482,-0.01651492041553343,0.7764524326492632,0.5,700.0,100,8
0.2841323283485716,-0.034111866604631357,0.2764602637607919,0.31057213036542325,-0.007672064587779692,-0.026439802016851643,0.7235397362392081,0.5,700.0,250,8
0.34715384247235637,-0.07035875709233672,0.32138436925841957,0.39174312635075625,-0.0257694732139368,-0.04458928387839994,0.6786156307415805,0.5,700.0,500,8
0.3980984071861978,-0.15148377017542572,0.31898201425984185,0.47046578443526754,-0.07911639292635597,-0.07236737724906975,0.6810179857401581,0.5,700.0,1000,8
-0.06620039510035147,-0.199043240365158,-0.1295590297126772,0.06948421065248081,-0.06335863461232571,-0.13568460575283225,1.1295590297126772,0.7,0.5,,8
0.01424201997011115,-0.0036581976031257344,0.012242372859721119,0.015900570462846854,-0.0019996471103900307,-0.0016585504927357046,0.9877576271402789,0.7,0.5,30,8
0.022187200359425344,-0.006520616130756842,0.01848370445316461,0.025004320583921453,-0.003703495906260734,-0.0028171202244961085,0.9815162955468354,0.7,0.5,50,8
0.027505740787471634,-0.013418877422056844,0.01725902520351999,0.030677902625576833,-0.010246715583951644,-0.0031721618381051996,0.98274097479648,0.7,0.5,100,8
0.025233207893324,-0.03339249998581772,-0.004284845845893762,0.029107654139923958,-0.02951805373921776,-0.0038744462465999576,1.0042848458458937,0.7,0.5,250,8
0.007134421449003913,-0.06885451172141575,-0.06205886636015779,0.006795645361257964,-0.0691932878091617,0.00033877608774594836,1.0620588663601578,0.7,0.5,500,8
-0.04418708029160955,-0.1502394876194521,-0.22608315864047498,-0.07584367102102288,-0.18189607834886543,0.03165659072941332,1.226083158640475,0.7,0.5,1000,8
0.1737112888141516,-0.19965042998534688,0.11684885104003959,0.3164992810253865,-0.05686243777411201,-0.14278799221123487,0.8831511489599604,0.7,1.0,,8
0.04034477962522862,-0.003748069919477233,0.040530122739270286,0.044278192658747516,0.00018534311404166254,-0.003933413033518893,0.9594698772607297,0.7,1.0,30,8
0.060527661717139906,-0.006484366774094066,0.060245105758173184,0.06672947253226726,-0.0002825559589667223,-0.006201810815127343,0.9397548942418268,0.7,1.0,50,8
0.08518885198948548,-0.0135555891864236,0.07990850702506787,0.09346409621149147,-0.005280344964417608,-0.008275244222005998,0.9200914929749321,0.7,1.0,100,8
0.10622844074135263,-0.03351521312176962,0.08530763789501504,0.11882285101678466,-0.020920802846337586,-0.012594410275432025,0.914692362104985,0.7,1.0,250,8
0.11401115115655375,-0.0693446800040486,0.059600149551042494,0.1289448295550911,-0.05441100160551125,-0.014933678398537348,0.9403998504489575,0.7,1.0,500,8
0.09852271212476196,-0.1506492915587259,-0.04871245086953414,0.10193684068919176,-0.1472351629942961,-0.00341412856442979,1.0487124508695342,0.7,1.0,1000,8
0.5657578917653542,-0.2006499093117749,0.5179094843568918,0.7185593936686667,-0.04784840740846241,-0.1528015019033125,0.48209051564310823,0.7,10.0,,8
0.08611126009795825,-0.004056654974995847,0.09012905544230117,0.09418571041729701,0.00401779534434292,-0.00807445031933876,0.9098709445576988,0.7,10.0,30,8
0.12051666897531027,-0.006322153619905672,0.1257169133596854,0.13203906697959109,0.005200244384375136,-0.011522398004280815,0.8742830866403146,0.7,10.0,50,8
0.18084525977491456,-0.013850098727074447,0.18413690516537906,0.1979870038924535,0.0032916453904645038,-0.017141744117538937,0.8158630948346209,0.7,10.0,100,8
0.2446197170075813,-0.03404438218675709,0.23835391766310784,0.2723982998498649,-0.006265799344473466,-0.027778582842283628,0.7616460823368921,0.7,10.0,250,8
0.30027095294390127,-0.07032093682311473,0.272057962921844,0.3423788997449587,-0.028212990022057294,-0.04210794680105745,0.727942037078156,0.7,10.0,500,8
0.3451570949946056,-0.1514318422482824,0.25989503540394626,0.41132687765222864,-0.08526205959065936,-0.06616978265762305,0.7401049645960538,0.7,10.0,1000,8
0.5719693915248844,-0.20070350353192135,0.5242420940138218,0.7249455975457432,-0.04772729751106253,-0.15297620602085882,0.4757579059861782,0.7,20.0,,8
0.08683408004093965,-0.004073841430264324,0.09091087135304197,0.0949847127833063,0.004076791312102326,-0.008150632742366645,0.909089128646958,0.7,20.0,30,8
0.12146078352945695,-0.006313876417422803,0.12675444269309302,0.13306831911051584,0.005293659163636069,-0.01160753558105887,0.873245557306907,0.7,20.0,50,8
0.1823701114615481,-0.01385949115734773,0.18581006948427115,0.19966956064161887,0.0034399580227230386,-0.01729944918007076,0.8141899305157289,0.7,20.0,100,8
0.24699627887837622,-0.034079957973376915,0.24093750247084678,0.2750174604442237,-0.006058776407529443,-0.028021181565847486,0.7590624975291532,0.7,20.0,250,8
0.30344993105924434,-0.07034526469826784,0.27566836537982037,0.3460136300780882,-0.02778156567942397,-0.04256369901884388,0.7243316346201796,0.7,20.0,500,8
0.3494216444890179,-0.15146143936858414,0.2653287402900052,0.41679017965858933,-0.08409290419901272,-0.06736853516957142,0.7346712597099948,0.7,20.0,1000,8
0.5740437357067328,-0.20075476774025247,0.5263557309068086,0.7271104986470611,-0.04768800479992419,-0.15306676294032828,0.47364426909319135,0.7,700.0,,8
0.08702304169912166,-0.004087830577923235,0.09111228878144456,0.0952001193593678,0.004089247082322903,-0.00817707766024614,0.9088877112185554,0.7,700.0,30,8
0.12176491193590885,-0.006306823748699739,0.12709343252589078,0.1334002562745905,0.005328520589981928,-0.011635344338681672,0.8729065674741092,0.7,700.0,50,8
0.18286921562510436,-0.013865727458077683,0.18636543817404047,0.20023116563211815,0.003496222548936112,-0.017361950007013793,0.8136345618259595,0.7,700.0,100,8
0.24783048898041948,-0.034111866604631357,0.24180843158921073,0.27592029819384206,-0.006022057391208757,-0.028089809213422606,0.7581915684107893,0.7,700.0,250,8
0.3045281239313372,-0.07035875709233672,0.27687592427468394,0.3472346813670206,-0.027652199656653276,-0.04270655743568344,0.7231240757253161,0.7,700.0,500,8
0.3508957035309238,-0.15148377017542572,0.267268867809784,0.4187526379852097,-0.08362683572113982,-0.0678569344542859,0.732731132190216,0.7,700.0,1000,8
-0.05130785601853438,-0.1991842005575874,-0.11109756480745595,0.08808663575013145,-0.059789708788921564,-0.13939449176866583,1.111097564807456,0.3,0.5,,9
0.02079170877169078,-0.004213170418521376,0.018351697924547144,0.02256486834306852,-0.002440010847143636,-0.00177315957137774,0.9816483020754528,0.3,0.5,30,9
0.03751849956829749,-0.006634342658589789,0.03368253978123139,0.04031688243982118,-0.0038359597870660997,-0.0027983828715236886,0.9663174602187686,0.3,0.5,50,9
0.03568149449135194,-0.013376719693561563,0.02527405691840369,0.038650776611965254,-0.01040743757294825,-0.0029692821206133146,0.9747259430815963,0.3,0.5,100,9
0.045484910945761854,-0.03306693622806315,0.016284574414946705,0.049351510643009855,-0.02920033653081515,-0.0038665996972480007,0.9837154255850533,0.3,0.5,250,9
0.020742411670003052,-0.06826382887346719,-0.04770000725545178,0.020563821618015406,-0.06844241892545483,0.0001785900519876496,1.0477000072554519,0.3,0.5,500,9
-0.031104780245614975,-0.15108469028947696,-0.20980568539551694,-0.05872099510603998,-0.17870090514990197,0.02761621486042501,1.209805685395517,0.3,0.5,1000,9
0.2116201609347449,-0.19919082845526806,0.15590870656008496,0.355099535015353,-0.055711454374659936,-0.14347937408060812,0.8440912934399151,0.3,1.0,,9
0.055907459559426415,-0.004328581113855264,0.05559031349725798,0.059918894611113244,-0.0003171460621684344,-0.004011435051686829,0.944409686502742,0.3,1.0,30,9
0.09401592487947959,-0.006736626603696485,0.0934881718624672,0.1002247984661637,-0.0005277530170123834,-0.006208873586684108,0.9065118281375328,0.3,1.0,50,9
0.10362939907304762,-0.013732382100829721,0.09734302563246779,0.11107540773329751,-0.006286373440579834,-0.0074460086602498865,0.9026569743675322,0.3,1.0,100,9
0.15172453097121863,-0.03349621873664202,0.13070576542941045,0.16420198416605247,-0.021018765541808176,-0.012477453194833843,0.8692942345705895,0.3,1.0,250,9
0.14759624093454402,-0.06787689098169031,0.0938143345166552,0.16169122549834553,-0.05378190641788881,-0.014094984563801496,0.9061856654833448,0.3,1.0,500,9
0.13308259316025242,-0.15123139203755637,-0.009937640028915352,0.14129375200864103,-0.14302023318916776,-0.008211158848388593,1.0099376400289153,0.3,1.0,1000,9
0.6593140874818022,-0.19872949278389326,0.5964714820247236,0.7952009748086168,-0.06284260545707865,-0.13588688732681464,0.40352851797527645,0.3,10.0,,9
0.11689403839283298,-0.004489830010473317,0.12059743491478571,0.125087264925259,0.0037033965219527287,-0.008193226532426046,0.8794025650852143,0.3,10.0,30,9
0.18049173163623763,-0.006671609960926683,0.18525418676315014,0.19192579672407684,0.004762455126912507,-0.011434065087839201,0.8147458132368499,0.3,10.0,50,9
0.2200139753968219,-0.014377925540387583,0.22099433905620575,0.23537226459659333,0.0009803636593838372,-0.015358289199771419,0.7790056609437943,0.3,10.0,100,9
0.32798748255332577,-0.03459489017086525,0.3208728246162073,0.35546771478707256,-0.007114657937118463,-0.027480232233746793,0.6791271753837926,0.3,10.0,250,9
0.37333243888556605,-0.06722447760018871,0.3463624388745914,0.4135869164747801,-0.02697000001097466,-0.04025447758921408,0.6536375611254086,0.3,10.0,500,9
0.4241931097645095,-0.15103463491548216,0.3457631760773898,0.496797810992872,-0.0784299336871197,-0.07260470122836249,0.6542368239226102,0.3,10.0,1000,9
0.6685967578069146,-0.1986859152939193,0.6037850425532676,0.8024709578471869,-0.06481171525364704,-0.13387420004027228,0.3962149574467324,0.3,20.0,,9
0.11790444228239542,-0.004492043374548108,0.12168239109647196,0.12617443447102006,0.0037779488140765316,-0.008269992188624634,0.8783176089035281,0.3,20.0,30,9
0.1819123635861741,-0.00664935443643603,0.18677617807598398,0.19342553251242,0.004863814489809881,-0.011513168926245904,0.813223821924016,0.3,20.0,50,9
0.2219386812534752,-0.01438703996901197,0.22305550699089047,0.23744254695990244,0.0011168257374152557,-0.015503865706427228,0.7769444930091095,0.3,20.0,100,9
0.33096037671909495,-0.03464030519048084,0.32406675481713354,0.3587070600076144,-0.006893621901961411,-0.027746683288519425,0.6759332451828665,0.3,20.0,250,9
0.37727646363416645,-0.06721170616497446,0.3507755148060863,0.4179872209710608,-0.02650094882808013,-0.04071075733689433,0.6492244851939137,0.3,20.0,500,9
0.4292442104706842,-0.1509788639889479,0.351967461098925,0.502946325087873,-0.07727674937175916,-0.07370211461718873,0.648032538901075,0.3,20.0,1000,9
0.6717987899854879,-0.1986444115295426,0.6062726504301219,0.8049170619596645,-0.06552613955536601,-0.13311827197417658,0.3937273495698781,0.3,700.0,,9
0.11822387916714104,-0.004491927922105132,0.12203089862617356,0.12652282654827868,0.003807019459032515,-0.00829894738113765,0.8779691013738264,0.3,700.0,30,9
0.18242669216800253,-0.006625770077226614,0.18733659328071411,0.19396236335794073,0.004909901112711584,-0.011535671189938201,0.8126634067192859,0.3,700.0,50,9
0.222555788686696,-0.014388475756131853,0.22372825474768301,0.23811673050381488,0.0011724660609870041,-0.015560941817118867,0.776271745252317,0.3,700.0,100,9
0.3319988811482494,-0.03467543736809184,0.3251675366647651,0.3598429740328569,-0.00683134448348427,-0.027844092884607596,0.6748324633352349,0.3,700.0,250,9
0.3786260015044311,-0.06720564256179881,0.352279608857802,0.4194852514196008,-0.02634639264662908,-0.040859249915169704,0.647720391142198,0.3,700.0,500,9
0.4309417985947663,-0.1509201404638158,0.3540666853835786,0.5049868258473944,-0.07687511321118767,-0.07404502725262813,0.6459333146164215,0.3,700.0,1000,9
-0.05994350032224465,-0.1991842005575874,-0.12001442951792801,0.07916977103965939,-0.06007092919568336,-0.13911327136190405,1.120014429517928,0.5,0.5,,9
0.017407578381138985,-0.004213170418521376,0.01460088120361291,0.018814051622134287,-0.002806697177526074,-0.001406473240995302,0.9853991187963871,0.5,0.5,30,9
0.029518810142398936,-0.006634342658589789,0.02676634713748864,0.03340068979607843,-0.0027524630049102945,-0.0038818796536794938,0.9732336528625114,0.5,0.5,50,9
0.032079079895847705,-0.013376719693561563,0.021616505834917796,0.03499322552847936,-0.01046257406092991,-0.0029141456326316553,0.9783834941650822,0.5,0.5,100,9
0.038784801936375304,-0.03306693622806315,0.009896480790323464,0.042963417018386615,-0.02888832114605184,-0.004178615082011309,0.9901035192096765,0.5,0.5,250,9
0.013994758908499704,-0.06826382887346719,-0.054471630744111536,0.01379219812935565,-0.06846638965261125,0.0002025607791440523,1.0544716307441115,0.5,0.5,500,9
-0.03742773306928847,-0.15108469028947696,-0.21774801870515242,-0.06666332841567546,-0.18032028563586394,0.029235595346386978,1.2177480187051524,0.5,0.5,1000,9
0.1937216380627706,-0.19919082845526806,0.13878456253999452,0.3379753909952626,-0.054937075522776074,-0.14425375293249199,0.8612154374600055,0.5,1.0,,9
0.048270577567294165,-0.004328581113855264,0.046903895335604,0.05123247644945926,-0.001366682231690168,-0.0029618988821650954,0.953096104664396,0.5,1.0,30,9
0.07550104708261923,-0.006736626603696485,0.07740698109191887,0.08414360769561537,0.0019059340092996424,-0.008642560612996134,0.9225930189080811,0.5,1.0,50,9
0.09440282220744396,-0.013732382100829721,0.08805662848857533,0.10178901058940505,-0.006346193718868631,-0.00738618838196109,0.9119433715114247,0.5,1.0,100,9
0.13559804105552167,-0.03349621873664202,0.11546380172244877,0.1489600204590908,-0.0201342393330729,-0.013361979403569119,0.8845361982775513,0.5,1.0,250,9
0.1312081494325749,-0.06787689098169031,0.07798359609064323,0.14586048707233354,-0.05322455334193166,-0.01465233763975865,0.9220164039093568,0.5,1.0,500,9
0.11750673684266082,-0.15123139203755637,-0.028146425974161993,0.12308496606339438,-0.1456531628168228,-0.005578229220733557,1.028146425974162,0.5,1.0,1000,9
0.6144641138205471,-0.19872949278389326,0.5633025515106806,0.7620320442945739,-0.05116156230986646,-0.14756793047402683,0.43669744848931935,0.5,10.0,,9
0.10229751244483008,-0.004489830010473317,0.10349267339192005,0.10798250340239336,0.0011951609470899627,-0.0056849909575632795,0.89650732660808,0.5,10.0,30,9
0.14616566927970356,-0.006671609960926683,0.15515312284518867,0.16182473280611537,0.00898745356548511,-0.015659063526411804,0.8448468771548113,0.5,10.0,50,9
0.20020435434759562,-0.014377925540387583,0.20103289577890773,0.21541082131929531,0.0008285414313121131,-0.015206466971699695,0.7989671042210923,0.5,10.0,100,9
0.2952003455846563,-0.03459489017086525,0.29006776676253637,0.3246626569334016,-0.0051325788221199264,-0.02946231134874533,0.7099322332374636,0.5,10.0,250,9
0.33886376067177754,-0.06722447760018871,0.3133040442204717,0.38052852182066044,-0.025559716451305836,-0.0416647611488829,0.6866959557795282,0.5,10.0,500,9
0.3909886154791891,-0.15103463491548216,0.30781910473857427,0.4588537396540564,-0.08316951074061485,-0.06786512417486731,0.6921808952614257,0.5,10.0,1000,9
0.6220334599380137,-0.1986859152939193,0.5700696248727984,0.7687555401667178,-0.05196383506521529,-0.14672208022870403,0.42993037512720156,0.5,20.0,,9
0.10322843842968482,-0.004492043374548108,0.10446155278814938,0.10895359616269748,0.001233114358464557,-0.005725157733012659,0.8955384472118506,0.5,20.0,30,9
0.14734340719902791,-0.00664935443643603,0.1564352569182303,0.16308461135466631,0.009091849719202377,-0.0157412041556384,0.8435647430817697,0.5,20.0,50,9
0.2019276903567237,-0.01438703996901197,0.20287620483196536,0.21726324480097733,0.000948514475241663,-0.015335554444253635,0.7971237951680347,0.5,20.0,100,9
0.29785653542768276,-0.03464030519048084,0.2929802847229977,0.32762058991347853,-0.004876250704685059,-0.029764054485795777,0.7070197152770024,0.5,20.0,250,9
0.3425040626620508,-0.06721170616497446,0.3174237552035524,0.3846354613685269,-0.025080307458498374,-0.042131398706476086,0.6825762447964476,0.5,20.0,500,9
0.39573245052267453,-0.1509788639889479,0.3136671646112641,0.464646028600212,-0.08206528591141043,-0.06891357807753745,0.6863328353887359,0.5,20.0,1000,9
0.6246007468834017,-0.1986444115295426,0.5723468722449306,0.7709912837744732,-0.05225387463847109,-0.1463905368910715,0.42765312775506936,0.5,700.0,,9
0.10355153782422243,-0.004491927922105132,0.10479313841040898,0.10928506633251411,0.0012416005861865531,-0.005733528508291688,0.8952068615895911,0.5,700.0,30,9
0.14777864770373378,-0.006625770077226614,0.1568985270311012,0.1635242971083278,0.009119879327367408,-0.015745649404594025,0.8431014729688988,0.5,700.0,50,9
0.20246608338485758,-0.014388475756131853,0.20345271270752657,0.21784118846365844,0.0009866293226689915,-0.015375105078800855,0.7965472872924735,0.5,700.0,100,9
0.29876317207058534,-0.03467543736809184,0.2939749222086205,0.3286503595767123,-0.004788249861964855,-0.02988718750612701,0.7060250777913795,0.5,700.0,250,9
0.3437706543025158,-0.06720564256179881,0.3188462505838227,0.3860518931456215,-0.02492440371869309,-0.042281238843105695,0.6811537494161772,0.5,700.0,500,9
0.3973380154798738,-0.1509201404638158,0.3156490493960282,0.466569189859844,-0.08168896608384557,-0.06923117437997023,0.6843509506039718,0.5,700.0,1000,9
-0.06599374922406298,-0.1991842005575874,-0.12968104647108372,0.06950315408650368,-0.06368729724702074,-0.13549690331056666,1.1296810464710838,0.7,0.5,,9
0.01354821011744594,-0.004213170418521376,0.010801296098614998,0.015014466517136374,-0.0027469140188309416,-0.0014662563996904344,0.989198703901385,0.7,0.5,30,9
0.02887672903931239,-0.006634342658589789,0.025115510423003324,0.031749853081593116,-0.0037612186163090665,-0.002873124042280722,0.9748844895769967,0.7,0.5,50,9
0.02347605420611455,-0.013376719693561563,0.01372019516124851,0.027096914854810073,-0.009755859044866038,-0.0036208606486955244,0.9862798048387514,0.7,0.5,100,9
0.031949717337467015,-0.03306693622806315,0.0028482430713389455,0.03591517929940209,-0.02910147426612807,-0.00396546196193508,0.9971517569286611,0.7,0.5,250,9
0.005453829547962334,-0.06826382887346719,-0.06345106978281133,0.004812759090655858,-0.06890489933077366,0.0006410704573064779,1.0634510697828112,0.7,0.5,500,9
-0.045761526663985495,-0.15108469028947696,-0.22921805485303748,-0.07813336456356051,-0.18345652818905198,0.03237183789957501,1.2292180548530376,0.7,0.5,1000,9
0.17392658874071418,-0.19919082845526806,0.11647169760049125,0.3156625260557593,-0.057454891140222925,-0.14173593731504514,0.8835283023995087,0.7,1.0,,9
0.03886115353471865,-0.004328581113855264,0.037594615537707675,0.04192319665156294,-0.001266537997010972,-0.0030620431168442916,0.9624053844622923,0.7,1.0,30,9
0.07350552427150572,-0.006736626603696485,0.07343823727251633,0.08017486387621282,-6.728699898939094e-05,-0.0066693396047071,0.9265617627274837,0.7,1.0,50,9
0.07402640257898968,-0.013732382100829721,0.06915861078977434,0.08289099289060406,-0.004867791789215342,-0.008864590311614379,0.9308413892102256,0.7,1.0,100,9
0.11866701646757144,-0.03349621873664202,0.09820514197474983,0.13170136071139185,-0.020461874492821608,-0.013034344243820412,0.9017948580252502,0.7,1.0,250,9
0.11002574390439984,-0.06787689098169031,0.056518292768943226,0.12439518375063353,-0.053507451135456616,-0.014369439846233692,0.9434817072310567,0.7,1.0,500,9
0.09689875960668791,-0.15123139203755637,-0.053270186579893034,0.09796120545766333,-0.15016894618658094,-0.0010624458509754242,1.053270186579893,0.7,1.0,1000,9
0.565935399290459,-0.19872949278389326,0.5171315587633153,0.7158610515472086,-0.048803840527143705,-0.1499256522567496,0.4828684412366847,0.7,10.0,,9
0.08284762378937188,-0.004489830010473317,0.08415884724489289,0.08864867725536621,0.00131122345552101,-0.005801053465994327,0.9158411527551071,0.7,10.0,30,9
0.14047714934401545,-0.006671609960926683,0.14629350899085045,0.15296511895177714,0.005816359646834995,-0.01248796960776169,0.8537064910091495,0.7,10.0,50,9
0.15951386333130338,-0.014377925540387583,0.1631846413831029,0.17756256692349048,0.0036707780517995225,-0.018048703592187104,0.8368153586168972,0.7,10.0,100,9
0.2605987015838954,-0.03459489017086525,0.25513210612871995,0.2897269962995852,-0.005466595455175471,-0.029128294715689784,0.74486789387128,0.7,10.0,250,9
0.2939931392170544,-0.06722447760018871,0.2683488347100682,0.3355733123102569,-0.025644304506986182,-0.04158017309320253,0.7316511652899318,0.7,10.0,500,9
0.346460314177198,-0.15103463491548216,0.2562594390627712,0.40729407397825335,-0.09020087511442682,-0.06083375980105535,0.7437405609372287,0.7,10.0,1000,9
0.5721645221339662,-0.1986859152939193,0.5234808675371841,0.7221667828311035,-0.04868365459678203,-0.1500022606971373,0.47651913246281585,0.7,20.0,,9
0.08360315427534047,-0.004492043374548108,0.08494486630516268,0.08943690967971078,0.001341712029822209,-0.005833755404370311,0.9150551336948374,0.7,20.0,30,9
0.14154715059012632,-0.00664935443643603,0.1474677174617375,0.15411707189817353,0.005920566871611188,-0.01256992130804721,0.8525322825382625,0.7,20.0,50,9
0.16091976888917706,-0.01438703996901197,0.16473593230255656,0.17912297227156854,0.0038161634133795086,-0.01820320338239148,0.8352640676974434,0.7,20.0,100,9
0.2629577383435212,-0.03464030519048084,0.2577564389248689,0.2923967441153497,-0.005201299418652328,-0.029439005771828508,0.7422435610751311,0.7,20.0,250,9
0.29721509335229146,-0.06721170616497446,0.2720573544521559,0.33926906061713036,-0.025157738900135562,-0.0420539672648389,0.7279426455478442,0.7,20.0,500,9
0.3507441251104325,-0.1509788639889479,0.26162017264693643,0.4125990366358843,-0.08912395246349608,-0.061854911525451806,0.7383798273530635,0.7,20.0,1000,9
0.5742611291099985,-0.1986444115295426,0.5256195798640654,0.724263991393608,-0.04864154924593311,-0.15000286228360948,0.4743804201359346,0.7,700.0,,9
0.08386697924185141,-0.004491927922105132,0.08520847331579984,0.08970040123790497,0.0013414940739484293,-0.005833421996053564,0.9147915266842002,0.7,700.0,30,9
0.14191966951871918,-0.006625770077226614,0.14788313273589673,0.15450890281312335,0.005963463217177556,-0.012589233294404173,0.8521168672641033,0.7,700.0,50,9
0.1613730393077903,-0.014388475756131853,0.1652374213927024,0.17962589714883426,0.0038643820849121047,-0.018252857841043968,0.8347625786072976,0.7,700.0,100,9
0.26376963337694187,-0.03467543736809184,0.25866578242906396,0.29334121979715577,-0.005103850947877908,-0.02957158642021393,0.7413342175709361,0.7,700.0,250,9
0.2983466316133513,-0.06720564256179881,0.2733516365270716,0.34055727908887046,-0.02499499508627967,-0.04221064747551914,0.7266483634729284,0.7,700.0,500,9
0.35217834489290145,-0.1509201404638158,0.2634385867319333,0.4143587271957491,-0.08873975816096813,-0.06218038230284767,0.7365614132680667,0.7,700.0,1000,9
-0.0524822898864773,-0.19676140267392275,-0.11178185523017793,0.08497954744374482,-0.05929956534370063,-0.1374618373302221,1.111781855230178,0.3,0.5,,10
0.030113020551612975,-0.0038290391071787036,0.027281529302828414,0.031110568410007117,-0.002831491248784561,-0.000997547858394142,0.9727184706971715,0.3,0.5,30,10
0.026245294359791362,-0.006317117063471165,0.021861625679802436,0.028178742743273602,-0.0043836686799889266,-0.0019334483834822398,0.9781383743201976,0.3,0.5,50,10
0.03870551059907717,-0.013038948085257131,0.02865080545946996,0.04168975354472709,-0.010054705139607208,-0.002984242945649921,0.97134919454053,0.3,0.5,100,10
0.040802420509952045,-0.033200876424123366,0.01085468847770168,0.044055564901825044,-0.029947732032250367,-0.0032531443918730005,0.9891453115222983,0.3,0.5,250,10
0.021392130241424508,-0.06885050014855665,-0.04660410767345807,0.022246392475098575,-0.06799623791488257,-0.0008542622336740677,1.046604107673458,0.3,0.5,500,10
-0.031301052648779956,-0.14974090711922833,-0.21073080955749532,-0.06098990243826699,-0.17942975690871538,0.02968884978948702,1.2107308095574953,0.3,0.5,1000,10
0.21040216662100578,-0.1933299241290741,0.15531550263034485,0.34864542675941895,-0.05508666399066092,-0.13824326013841318,0.8446844973696551,0.3,1.0,,10
0.07534569048323168,-0.0036102553356696467,0.07416157968455428,0.07777183502022393,-0.001184110798677404,-0.0024261445369922474,0.9258384203154457,0.3,1.0,30,10
0.07352034877799282,-0.0061345643009674735,0.07177843546574181,0.07791299976670928,-0.0017419133122510144,-0.004392650988716454,0.9282215645342582,0.3,1.0,50,10
0.10991938315953044,-0.013197207763062182,0.10418280560638704,0.11738001336944923,-0.005736577553143399,-0.0074606302099187866,0.895817194393613,0.3,1.0,100,10
0.14309152113920923,-0.03331900919063739,0.12065045533460705,0.15396946452524446,-0.022441065804602173,-0.010877943386035219,0.879349544665393,0.3,1.0,250,10
0.14930833567855836,-0.06919436039289988,0.09613845742501534,0.1653328178179152,-0.053169878253543024,-0.016024482139356852,0.9038615425749846,0.3,1.0,500,10
0.13228951309912748,-0.1485491870882546,-0.011824673667245463,0.13672451342100914,-0.14411418676637294,-0.004435000321881653,1.0118246736672454,0.3,1.0,1000,10
0.6570678733539442,-0.18720861175868106,0.5962409542742388,0.7834495660329199,-0.06082691907970539,-0.1263816926789757,0.40375904572576116,0.3,10.0,,10
0.1500228068372532,-0.003442325122756699,0.1519946851892997,0.1554370103120564,0.0019718783520465133,-0.005414203474803203,0.8480053148107003,0.3,10.0,30,10
0.15661530658127373,-0.006236476474043502,0.15947238745835302,0.1657088639323965,0.002857080877079282,-0.009093557351122772,0.840527612541647,0.3,10.0,50,10
0.23399187634364516,-0.013539914563129278,0.23583671212369747,0.24937662668682675,0.0018448357800523174,-0.015384750343181597,0.7641632878763025,0.3,10.0,100,10
0.3190190131769138,-0.03364199389143694,0.309830866066597,0.34347285995803395,-0.009188147110316791,-0.02445384678112017,0.6901691339334031,0.3,10.0,250,10
0.3764761841544397,-0.06992563694346043,0.34988997071486483,0.41981560765832526,-0.026586213439574846,-0.04333942350388559,0.6501100292851352,0.3,10.0,500,10
0.42416412267079956,-0.14647789423897165,0.3443142933191545,0.49079218755812615,-0.07984982935164509,-0.06662806488732659,0.6556857066808455,0.3,10.0,1000,10
0.6662198213128134,-0.18709579423293374,0.603587871668655,0.7906836659015888,-0.06263194964415841,-0.12446384458877535,0.396412128331345,0.3,20.0,,10
0.15128175456002652,-0.003454582645661438,0.1533253540688159,0.15677993671447732,0.002043599508789379,-0.005498182154450804,0.8466746459311841,0.3,20.0,30,10
0.15810496857033762,-0.006267419630030386,0.16104388472739242,0.1673113043574228,0.0029389161570547995,-0.009206335787085185,0.8389561152726076,0.3,20.0,50,10
0.2361985264847811,-0.013552470355913154,0.23816962834917446,0.2517220987050876,0.0019711018643933653,-0.015523572220306509,0.7618303716508256,0.3,20.0,100,10
0.3220822821513741,-0.033656071896913976,0.3131160781427216,0.3467721500396356,-0.0089662040086525,-0.024689867888261496,0.6868839218572784,0.3,20.0,250,10
0.3804652321535051,-0.06994278669990779,0.35431782206970325,0.424260608769611,-0.026147410083801836,-0.04379537661610594,0.6456821779302968,0.3,20.0,500,10
0.42930781202139806,-0.1464341178668056,0.35061427983566734,0.49704839770247294,-0.07869353218573072,-0.06774058568107488,0.6493857201643327,0.3,20.0,1000,10
0.6693850132566149,-0.18704872750113394,0.6060939602735641,0.7931426877746981,-0.06329105298305082,-0.12375767451808312,0.3939060397264359,0.3,700.0,,10
0.15170734944215392,-0.0034693499118693795,0.15378743923729976,0.15725678914916913,0.0020800897951458452,-0.0055494397070152135,0.8462125607627002,0.3,700.0,30,10
0.1586772717086204,-0.006299300197439464,0.16164666110198778,0.16794596129942724,0.002969389393367383,-0.009268689590806845,0.8383533388980122,0.3,700.0,50,10
0.23697524695453834,-0.013562574979439823,0.23898301541506697,0.2525455903945068,0.002007768460528636,-0.015570343439968465,0.761016984584933,0.3,700.0,100,10
0.32317422504906246,-0.03366656701303154,0.31427699560848227,0.3479435626215138,-0.00889722944058019,-0.024769337572451366,0.6857230043915177,0.3,700.0,250,10
0.3818463276954094,-0.06995035805026185,0.3558247852954192,0.42577514334568106,-0.02602154239999016,-0.04392881565027168,0.6441752147045807,0.3,700.0,500,10
0.43107282766474364,-0.14641176749083964,0.3527835911257963,0.499195358616636,-0.07828923653894732,-0.0681225309518923,0.6472164088742036,0.3,700.0,1000,10
-0.06092155373416063,-0.19676140267392275,-0.12062653261600827,0.07613487005791449,-0.059704978881847635,-0.1370564237920751,1.1206265326160083,0.5,0.5,,10
0.02599686945201184,-0.0038290391071787036,0.023090163503084748,0.02691920261026345,-0.002906705948927092,-0.0009223331582516106,0.9769098364969152,0.5,0.5,30,10
0.021544622145733938,-0.006317117063471165,0.017644165277941465,0.023961282341412628,-0.0039004568677924734,-0.0024166601956786913,0.9823558347220586,0.5,0.5,50,10
0.03284204050355365,-0.013038948085257131,0.02329649965856248,0.03633544774381961,-0.009545540844991172,-0.003493407240265957,0.9767035003414375,0.5,0.5,100,10
0.0335775563980495,-0.033200876424123366,0.004148543126419457,0.03734941955054282,-0.029429013271630042,-0.0037718631524933247,0.9958514568735806,0.5,0.5,250,10
0.015615968150960214,-0.06885050014855665,-0.05306978819596307,0.015780711952593576,-0.06868575634692328,-0.00016474380163336577,1.053069788195963,0.5,0.5,500,10
-0.03712113181508545,-0.14974090711922833,-0.2178298958878703,-0.06808898876864197,-0.18070876407278486,0.030967856953556527,1.2178298958878704,0.5,0.5,1000,10
0.19288880570339745,-0.1933299241290741,0.13841431604023352,0.3317442401693076,-0.05447448966316393,-0.13885543446591017,0.8615856839597664,0.5,1.0,,10
0.06504818037139763,-0.0036102553356696467,0.06346900467978767,0.06707926001545732,-0.0015791756916099658,-0.0020310796440596787,0.9365309953202123,0.5,1.0,30,10
0.062165923870274684,-0.0061345643009674735,0.06161268047538418,0.06774724477635165,-0.0005532433948905041,-0.005581320906076971,0.9383873195246158,0.5,1.0,50,10
0.09500713690437884,-0.013197207763062182,0.09059709784652684,0.10379430560958902,-0.0044100390578520055,-0.00878716870521018,0.9094029021534732,0.5,1.0,100,10
0.12578817175353452,-0.03331900919063739,0.10430143191481707,0.13762044110545446,-0.021486739838717447,-0.011832269351919944,0.8956985680851829,0.5,1.0,250,10
0.13497441432835872,-0.06919436039289988,0.08090295863168587,0.15009731902458573,-0.05407145569667285,-0.015122904696227027,0.9190970413683142,0.5,1.0,500,10
0.11729306943252547,-0.1485491870882546,-0.02868084897080992,0.11986833811744468,-0.1459739184033354,-0.0025752686849192033,1.02868084897081,0.5,1.0,1000,10
0.6142672832047432,-0.18720861175868106,0.5637410049543069,0.750949616712988,-0.05052627825043632,-0.13668233350824477,0.4362589950456931,0.5,10.0,,10
0.12794437113984244,-0.003442325122756699,0.12878388797464208,0.13222621309739876,0.0008395168347996307,-0.004281841957556334,0.8712161120253579,0.5,10.0,30,10
0.13323402478652682,-0.006236476474043502,0.13845379241357894,0.14469026888762243,0.005219767627052119,-0.011456244101095608,0.8615462075864211,0.5,10.0,50,10
0.20167452235595895,-0.013539914563129278,0.20655424208551826,0.22009415664864754,0.0048797197295593064,-0.018419634292688586,0.7934457579144818,0.5,10.0,100,10
0.2834466117206656,-0.03364199389143694,0.2759316693543754,0.30957366324581237,-0.007514942366290189,-0.026127051525146744,0.7240683306456246,0.5,10.0,250,10
0.34578407550765206,-0.06992563694346043,0.3183651512399985,0.3882907881834589,-0.027418924267653577,-0.04250671267580686,0.6816348487600015,0.5,10.0,500,10
0.39117043287260345,-0.14647789423897165,0.3077838040193849,0.4542616982583565,-0.08338662885321857,-0.06309126538575308,0.6922161959806151,0.5,10.0,1000,10
0.6218621551555638,-0.18709579423293374,0.5705525377578314,0.7576483319907652,-0.05130961739773232,-0.13578617683520144,0.42944746224216857,0.5,20.0,,10
0.12896315637893913,-0.003454582645661438,0.12984410110419128,0.1332986837498527,0.0008809447252521585,-0.004335527370913583,0.8701558988958087,0.5,20.0,30,10
0.13448827490179777,-0.006267419630030386,0.13980212415405255,0.14606954378408293,0.005313849252254782,-0.011581268882285167,0.8601978758459474,0.5,20.0,50,10
0.2035235040759988,-0.013552470355913154,0.2085813918653255,0.22213386222123865,0.005057887789326698,-0.01861035814523984,0.7914186081346745,0.5,20.0,100,10
0.2861878679552402,-0.033656071896913976,0.2789118656713302,0.3125679375682442,-0.00727600228391001,-0.026380069613003987,0.7210881343286698,0.5,20.0,250,10
0.34947352024195394,-0.06994278669990779,0.32252837914949134,0.3924711658493991,-0.0269451410924626,-0.04299764560744518,0.6774716208505087,0.5,20.0,500,10
0.39597608800662,-0.1464341178668056,0.3136701233042639,0.4601042411710695,-0.08230596470235607,-0.06412815316444953,0.6863298766957361,0.5,20.0,1000,10
0.6244852169993186,-0.18704872750113394,0.5728678581001712,0.759916585601305,-0.051617358899147425,-0.1354313686019865,0.42713214189982884,0.5,700.0,,10
0.12928326142255947,-0.0034693499118693795,0.13017693074482786,0.13364628065669723,0.0008936693222683922,-0.0043630192341377605,0.8698230692551722,0.5,700.0,30,10
0.13495890171134156,-0.006299300197439464,0.1403018580080733,0.14660115820551275,0.005342956296731732,-0.011642256494171194,0.8596981419919267,0.5,700.0,50,10
0.20415178375015672,-0.013562574979439823,0.20927955287304595,0.22284212785248578,0.005127769122889231,-0.01869034410232906,0.790720447126954,0.5,700.0,100,10
0.28717063559026507,-0.03366656701303154,0.27997354468786556,0.3136401117008971,-0.0071970909023995056,-0.02646947611063205,0.7200264553121345,0.5,700.0,250,10
0.35075197296116906,-0.06995035805026185,0.32396893323431875,0.3939192912845806,-0.02678303972685031,-0.04316731832341153,0.6760310667656813,0.5,700.0,500,10
0.39762276718996337,-0.14641176749083964,0.31566203518120983,0.46207380267204945,-0.08196073200875353,-0.06445103548208608,0.6843379648187902,0.5,700.0,1000,10
-0.06679692530001767,-0.19676140267392275,-0.13026686181398434,0.06649454085993842,-0.06346993651396667,-0.13329146615995607,1.1302668618139844,0.7,0.5,,10
0.014370873455862835,-0.0038290391071787036,0.01226822483646464,0.016097263943643345,-0.0021026486193981946,-0.00172639048778051,0.9877317751635354,0.7,0.5,30,10
0.016519652393015647,-0.006317117063471165,0.012275635587520872,0.018592752650992035,-0.004244016805494775,-0.00207310025797639,0.9877243644124791,0.7,0.5,50,10
0.024833244214019164,-0.013038948085257131,0.014756891601718088,0.02779583968697522,-0.010076352612301076,-0.0029625954729560547,0.9852431083982819,0.7,0.5,100,10
0.025619520464869535,-0.033200876424123366,-0.003616212759210398,0.02958466366491297,-0.02923573322407993,-0.003965143200043432,1.0036162127592103,0.7,0.5,250,10
0.006379338423878588,-0.06885050014855665,-0.0622760116752279,0.006574488473328748,-0.06865535009910649,-0.00019515004945015735,1.062276011675228,0.7,0.5,500,10
-0.04720990084174123,-0.14974090711922833,-0.22994140988261483,-0.0802005027633865,-0.1827315090408736,0.03299060192164527,1.229941409882615,0.7,0.5,1000,10
0.17305825994182583,-0.1933299241290741,0.1158158027872914,0.3091457269163655,-0.05724245715453444,-0.13608746697453966,0.8841841972127086,0.7,1.0,,10
0.03962516088554766,-0.0036102553356696467,0.03988730649967323,0.043497561835342875,0.0002621456141255682,-0.0038724009497952128,0.9601126935003268,0.7,1.0,30,10
0.04971806468604765,-0.0061345643009674735,0.04839581818044044,0.054530382481407916,-0.001322246505607208,-0.004812317795360267,0.9516041818195595,0.7,1.0,50,10
0.07552085421734213,-0.013197207763062182,0.07002568307799378,0.08322289084105597,-0.0054951711393483454,-0.00770203662371384,0.9299743169220063,0.7,1.0,100,10
0.10557786365730218,-0.03331900919063739,0.08477317739678437,0.11809218658742177,-0.020804686260517805,-0.012514322930119587,0.9152268226032156,0.7,1.0,250,10
0.11186372016680264,-0.06919436039289988,0.05788481171091636,0.12707917210381625,-0.05397890845588628,-0.015215451937013597,0.9421151882890837,0.7,1.0,500,10
0.09317048234477977,-0.1485491870882546,-0.05603097823720609,0.0925182088510485,-0.14920146058198586,0.000652273493731266,1.0560309782372062,0.7,1.0,1000,10
0.565286755639782,-0.18720861175868106,0.5165846907194158,0.7037933024780969,-0.04870206492036622,-0.13850654683831487,0.4834153092805842,0.7,10.0,,10
0.08233008616083591,-0.003442325122756699,0.08658995241449571,0.09003227753725242,0.0042598662536598025,-0.007702191376416506,0.9134100475855043,0.7,10.0,30,10
0.1069748479805341,-0.006236476474043502,0.11056775927741835,0.11680423575146186,0.0035929112968842575,-0.009829387770927761,0.8894322407225816,0.7,10.0,50,10
0.16105889198926196,-0.013539914563129278,0.16381124250046597,0.17735115706359525,0.0027523505112040103,-0.01629226507433329,0.836188757499534,0.7,10.0,100,10
0.2406462554101349,-0.03364199389143694,0.23466545048447984,0.2683074443759168,-0.005980804925655059,-0.027661188965781874,0.7653345495155202,0.7,10.0,250,10
0.29641942059084625,-0.06992563694346043,0.26909885468323275,0.3390244916266932,-0.027320565907613503,-0.04260507103584693,0.7309011453167673,0.7,10.0,500,10
0.3406233942541615,-0.14647789423897165,0.25169126930239044,0.3981691635413621,-0.08893212495177105,-0.05754576928720059,0.7483087306976095,0.7,10.0,1000,10
0.571544515477479,-0.18709579423293374,0.5229592614176028,0.7100550556505366,-0.048585254059876126,-0.13851054017305764,0.47704073858239715,0.7,20.0,,10
0.08310260384812913,-0.003454582645661438,0.08743403331607676,0.0908886159617382,0.004331429467947623,-0.0077860121136090615,0.9125659666839232,0.7,20.0,30,10
0.10797544760104313,-0.006267419630030386,0.11164304244559618,0.11791046207562657,0.0036675948445530487,-0.009935014474583434,0.8883569575544038,0.7,20.0,50,10
0.16250025331454407,-0.013552470355913154,0.16541081576840377,0.17896328612431692,0.0029105624538597052,-0.01646303280977285,0.8345891842315962,0.7,20.0,100,10
0.24293987457881955,-0.033656071896913976,0.23722081018535557,0.27087688208226957,-0.0057190643934639795,-0.02793700750344999,0.7627791898146444,0.7,20.0,250,10
0.29962607438782557,-0.06994278669990779,0.27277905699157795,0.34272184369148573,-0.02684701739624762,-0.04309576930366016,0.727220943008422,0.7,20.0,500,10
0.34495975477988877,-0.1464341178668056,0.2570704134785122,0.40350453134531783,-0.08788934130137654,-0.05854477656542906,0.7429295865214878,0.7,20.0,1000,10
0.573669284604043,-0.18704872750113394,0.5251252296334258,0.7121739571345598,-0.0485440549706172,-0.13850467253051674,0.4748747703665742,0.7,700.0,,10
0.08339805332514355,-0.0034693499118693795,0.08775640738181484,0.09122575729368422,0.0043583540566712875,-0.00782770396854067,0.9122435926181851,0.7,700.0,30,10
0.10835158908996911,-0.006299300197439464,0.11203853599812888,0.11833783619556834,0.003686946908159766,-0.009986247105599227,0.8879614640018711,0.7,700.0,50,10
0.16297069907332798,-0.013562574979439823,0.16594482513131062,0.17950740011075045,0.00297412605798264,-0.01653670103742247,0.8340551748686894,0.7,700.0,100,10
0.24373310579769372,-0.03366656701303154,0.23810743125930142,0.27177399827233295,-0.0056256745383923,-0.02804089247463923,0.7618925687406986,0.7,700.0,250,10
0.30073428137720143,-0.06995035805026185,0.2740496498458902,0.34400000789615204,-0.02668463153131123,-0.04326572651895061,0.7259503501541098,0.7,700.0,500,10
0.3464557541722723,-0.14641176749083964,0.25890320072858647,0.40531496821942614,-0.08755255344368584,-0.0588592140471538,0.7410967992714135,0.7,700.0,1000,10
-0.05194944293082582,-0.19893764286977456,-0.1113331030267847,0.08760453984298985,-0.059383660095958885,-0.13955398277381567,1.1113331030267848,0.3,0.5,,11
0.020905257210266134,-0.0036143674345951856,0.0182548696992064,0.021869237133801588,-0.0026503875110597333,-0.0009639799235354532,0.9817451303007936,0.3,0.5,30,11
0.033593973372549664,-0.006366196844694931,0.028996990420052753,0.035363187264747686,-0.004596982952496911,-0.001769213892198019,0.9710030095799472,0.3,0.5,50,11
0.03508735899878324,-0.013259391781644276,0.024390300990595967,0.03764969277224024,-0.010697058008187276,-0.002562333773457,0.9756096990094041,0.3,0.5,100,11
0.04332755760253788,-0.03295611957572636,0.013556187963161322,0.04651230753888769,-0.02977136963937656,-0.0031847499363498004,0.9864438120368387,0.3,0.5,250,11
0.024681560518432,-0.06825869221260773,-0.043436948297594626,0.024821743915013107,-0.06811850881602663,-0.0001401833965811103,1.0434369482975947,0.3,0.5,500,11
-0.026404946295088275,-0.14962195950032986,-0.20358206382439106,-0.0539601043240612,-0.1771771175293028,0.02755515802897293,1.203582063824391,0.3,0.5,1000,11
0.21101994348612324,-0.199278012689676,0.15598057531358328,0.35525858800325927,-0.05503936817253996,-0.14423864451713603,0.8440194246864168,0.3,1.0,,11
0.057524914196840596,-0.0035027273113558727,0.05629598086511279,0.059798708176468665,-0.0012289333317278064,-0.0022737939796280693,0.9437040191348872,0.3,1.0,30,11
0.08806648381043053,-0.006121315435823687,0.08598354816107551,0.09210486359689919,-0.002082935649355022,-0.004038379786468663,0.9140164518389244,0.3,1.0,50,11
0.10172559193360665,-0.013145266161188739,0.09493552572366452,0.10808079188485326,-0.0067900662099421305,-0.006355199951246601,0.9050644742763355,0.3,1.0,100,11
0.1474602692404782,-0.03233363892826681,0.12589200638725934,0.15822564531552613,-0.02156826285321886,-0.010765376075047947,0.8741079936127407,0.3,1.0,250,11
0.15503745732558327,-0.06786028989472581,0.10225637796214156,0.17011666785686735,-0.052781079363441716,-0.015079210531284096,0.8977436220378584,0.3,1.0,500,11
0.1425009635989835,-0.1491157440733787,0.0016944282040632923,0.15081017227744198,-0.14080653539492022,-0.008309208678458468,0.9983055717959367,0.3,1.0,1000,11
0.6571320772340068,-0.20070882927195774,0.5967276944314326,0.7974365237033904,-0.06040438280257421,-0.14030444646938356,0.4032723055685674,0.3,10.0,,11
0.11985570808338583,-0.003444782337024536,0.12090526595975984,0.12435004829678438,0.0010495578763740077,-0.004494340213398548,0.8790947340402402,0.3,10.0,30,11
0.1793798233681661,-0.005899663720231838,0.18181284711351467,0.18771251083374652,0.002433023745348567,-0.008332687465580413,0.8181871528864854,0.3,10.0,50,11
0.2139146855984036,-0.012872731108757349,0.2139043240456872,0.22677705515444457,-1.0361552716386946e-05,-0.012862369556040976,0.7860956759543127,0.3,10.0,100,11
0.3203385140616966,-0.031170329715418325,0.3131201069080991,0.34429043662351744,-0.007218407153597506,-0.023951922561820826,0.6868798930919009,0.3,10.0,250,11
0.37955263675834144,-0.06735005096533028,0.3534816585852319,0.42083170955056215,-0.02607097817310955,-0.041279072792220706,0.6465183414147682,0.3,10.0,500,11
0.4362289927192166,-0.14850266465163486,0.35965250931951576,0.5081551739711506,-0.07657648339970086,-0.07192618125193401,0.6403474906804842,0.3,10.0,1000,11
0.6661356818712167,-0.20078401338593455,0.6040205467709022,0.8048045601568368,-0.06211513510031452,-0.13866887828562002,0.3959794532290978,0.3,20.0,,11
0.12088306412075232,-0.0034516077896384594,0.12195562730177333,0.12540723509141177,0.0010725631810210023,-0.0045241709706594635,0.8780443726982267,0.3,20.0,30,11
0.18080493939750672,-0.005916588496414969,0.18332028120598046,0.18923686970239542,0.0025153418084737367,-0.008431930304888702,0.8166797187940196,0.3,20.0,50,11
0.21577249902185533,-0.012859714086210958,0.2158673325122734,0.22872704659848436,9.483349041808364e-05,-0.012954547576629033,0.7841326674877266,0.3,20.0,100,11
0.323276407494464,-0.031138226434476914,0.31631649930245076,0.34745472573692765,-0.006959908192013253,-0.024178318242463637,0.6836835006975492,0.3,20.0,250,11
0.38337353437468075,-0.06735808384577206,0.357734554241369,0.4250926380871411,-0.02563898013331173,-0.04171910371246035,0.642265445758631,0.3,20.0,500,11
0.441296847794975,-0.14851353186656435,0.3658380814525642,0.5143516133191286,-0.07545876634241083,-0.07305476552415352,0.6341619185474359,0.3,20.0,1000,11
0.6692117204419986,-0.20084433184538372,0.6064544314612195,0.8072987633066032,-0.06275728898077915,-0.1380870428646046,0.39354556853878053,0.3,700.0,,11
0.12124845385638704,-0.0034592420581160744,0.12231801536811188,0.12577725742622795,0.0010695615117248397,-0.0045288035698409085,0.8776819846318882,0.3,700.0,30,11
0.18120180813285663,-0.005937400893467793,0.18374800179925135,0.18968540269271914,0.0025461936663947193,-0.0084835945598625,0.8162519982007487,0.3,700.0,50,11
0.21638930658290192,-0.01284802467736288,0.21651261369120486,0.22936063836856774,0.00012330710830293912,-0.012971331785665813,0.7834873863087951,0.3,700.0,100,11
0.3243267693138738,-0.031118075386047706,0.31746379088982407,0.3485818662758718,-0.006862978424049704,-0.024255096961998013,0.6825362091101759,0.3,700.0,250,11
0.3846571150031869,-0.06737339079859576,0.3591410871707125,0.4265144779693083,-0.025516027832474364,-0.041857362966121414,0.6408589128292874,0.3,700.0,500,11
0.4430319985391805,-0.14853394148000307,0.3679538989247472,0.5164878404047503,-0.07507809961443329,-0.0734558418655698,0.6320461010752527,0.3,700.0,1000,11
-0.06065090036868945,-0.19893764286977456,-0.12026766668233092,0.07866997618744363,-0.059616766313641475,-0.13932087655613312,1.120267666682331,0.5,0.5,,11
0.017249659075531103,-0.0036143674345951856,0.014648749097433585,0.01826311653202877,-0.002600909978097518,-0.0010134574564976684,0.9853512509025664,0.5,0.5,30,11
0.029475816879253776,-0.006366196844694931,0.025306019336250943,0.03167221618094587,-0.004169797543002833,-0.0021963993016920966,0.974693980663749,0.5,0.5,50,11
0.030145341244601883,-0.013259391781644276,0.01960951398526564,0.032868905766909914,-0.010535827259336245,-0.0027235645223080314,0.9803904860147343,0.5,0.5,100,11
0.03778687984311467,-0.03295611957572636,0.00830131460839188,0.041257434184118244,-0.02948556523472279,-0.00347055434100357,0.9916986853916081,0.5,0.5,250,11
0.01797090015196132,-0.06825869221260773,-0.049908391442466796,0.018350300770140937,-0.06787929159442811,-0.00037940061817962056,1.0499083914424667,0.5,0.5,500,11
-0.03296290498320896,-0.14962195950032986,-0.21169901011743097,-0.062077050617101115,-0.178736105134222,0.02911414563389214,1.211699010117431,0.5,0.5,1000,11
0.1935528995715992,-0.199278012689676,0.13916704721887665,0.33844505990855267,-0.05438585235272256,-0.14489216033695343,0.8608329527811234,0.5,1.0,,11
0.04874745617228024,-0.0035027273113558727,0.04759853203494329,0.051101259346299166,-0.00114892413733695,-0.002353803174018926,0.9524014679650568,0.5,1.0,30,11
0.0784868339980427,-0.006121315435823687,0.07716842237814385,0.08328973781396753,-0.001318411619898846,-0.004802903815924839,0.9228315776218562,0.5,1.0,50,11
0.08918390468346027,-0.013145266161188739,0.08290321850669415,0.09604848466788288,-0.006280686176766123,-0.006864579984422622,0.9170967814933059,0.5,1.0,100,11
0.1335995025816742,-0.03233363892826681,0.11271704396439139,0.1450506828926582,-0.0208824586172828,-0.011451180310984008,0.8872829560356086,0.5,1.0,250,11
0.13779888122555323,-0.06786028989472581,0.08573720230044127,0.15359749219516708,-0.05206167892511196,-0.015798610969613852,0.9142627976995588,0.5,1.0,500,11
0.12611111613221263,-0.1491157440733787,-0.016832919408397942,0.13228282466498076,-0.14294403554061058,-0.006171708532768119,1.016832919408398,0.5,1.0,1000,11
0.615025253879855,-0.20070882927195774,0.5645743270569069,0.7652831563288647,-0.05045092682294805,-0.15025790244900972,0.4354256729430931,0.5,10.0,,11
0.1028753147284816,-0.003444782337024536,0.10399959893742322,0.10744438127444776,0.0011242842089416172,-0.004569066545966158,0.8960004010625768,0.5,10.0,30,11
0.1602391919883274,-0.005899663720231838,0.16389864109682345,0.1697983048170553,0.0036594491084960545,-0.0095591128287279,0.8361013589031765,0.5,10.0,50,11
0.1878470224220875,-0.012872731108757349,0.18900455894045018,0.20187729004920751,0.001157536518362673,-0.014030267627120036,0.8109954410595498,0.5,10.0,100,11
0.29142956277010545,-0.031170329715418325,0.28557154183270167,0.31674187154812,-0.005858020937403785,-0.025312308778014547,0.7144284581672984,0.5,10.0,250,11
0.3426613317729103,-0.06735005096533028,0.3182866743364201,0.3856367253017504,-0.0243746574364902,-0.042975393528840056,0.6817133256635799,0.5,10.0,500,11
0.4010922827175846,-0.14850266465163486,0.3208945838504486,0.4693972485020835,-0.08019769886713601,-0.06830496578449885,0.6791054161495513,0.5,10.0,1000,11
0.6224309975716033,-0.20078401338593455,0.5713385518566831,0.7721225652426177,-0.05109244571492011,-0.14969156767101444,0.42866144814331686,0.5,20.0,,11
0.1038240203995148,-0.0034516077896384594,0.1049711106219115,0.10842271841154996,0.0011470902223967017,-0.004598698012035163,0.8950288893780884,0.5,20.0,30,11
0.16151373639444194,-0.005916588496414969,0.16525581543697815,0.1711724039333931,0.003742079042536206,-0.009658667538951171,0.8347441845630219,0.5,20.0,50,11
0.18946701751309644,-0.012859714086210958,0.19075422529242733,0.20361393937863828,0.00128720777933089,-0.01414692186554184,0.8092457747075726,0.5,20.0,100,11
0.29408113529928004,-0.031138226434476914,0.2884978892096431,0.31963611564412,-0.005583246089636951,-0.02555498034483994,0.711502110790357,0.5,20.0,250,11
0.34609925101380545,-0.06735808384577206,0.3221955411183084,0.38955362496408047,-0.02390370989549706,-0.043454373950275016,0.6778044588816916,0.5,20.0,500,11
0.40579759511110963,-0.14851353186656435,0.32666249814450377,0.4751760300110681,-0.07913509696660587,-0.06937843489995849,0.6733375018554962,0.5,20.0,1000,11
0.6249764283158336,-0.20084433184538372,0.5736046882128232,0.7744490200582069,-0.05137174010301038,-0.14947259174237337,0.4263953117871768,0.5,700.0,,11
0.10420319732279326,-0.0034592420581160744,0.1053483641661497,0.10880760622426577,0.0011451668433564433,-0.004604408901472512,0.8946516358338503,0.5,700.0,30,11
0.16187156393223293,-0.005937400893467793,0.16563973590622552,0.1715771367996933,0.0037681719739925956,-0.009705572867460377,0.8343602640937745,0.5,700.0,50,11
0.18999709618716357,-0.01284802467736288,0.19133131577981322,0.2041793404571761,0.0013342195926496492,-0.014182244270012523,0.8086686842201868,0.5,700.0,100,11
0.2950154477861328,-0.031118075386047706,0.2895396392864176,0.32065771467246534,-0.005475808499715185,-0.025642266886332532,0.7104603607135824,0.5,700.0,250,11
0.347228637145542,-0.06737339079859576,0.3234784671712565,0.3908518579698523,-0.023750169974285473,-0.043623220824310305,0.6765215328287435,0.5,700.0,500,11
0.4073919787279773,-0.14853394148000307,0.32859852677454754,0.4771324682545506,-0.07879345195342974,-0.06974048952657336,0.6714014732254525,0.5,700.0,1000,11
-0.06666484704948537,-0.19893764286977456,-0.12980925748927175,0.06912838538050281,-0.06314441043978637,-0.1357932324299882,1.1298092574892717,0.7,0.5,,11
0.01285069323791768,-0.0036143674345951856,0.01048176264955218,0.014096130084147365,-0.0023689305883655004,-0.0012454368462296844,0.9895182373504479,0.7,0.5,30,11
0.021385225344125996,-0.006366196844694931,0.017492201716193752,0.023858398560888686,-0.0038930236279322433,-0.002473173216762688,0.9825077982838063,0.7,0.5,50,11
0.024251840055088784,-0.013259391781644276,0.01456571257281259,0.027825104354456866,-0.009686127482276194,-0.003573264299368082,0.9854342874271874,0.7,0.5,100,11
0.03027676134239318,-0.03295611957572636,0.0005451134861601746,0.033501233061886536,-0.029731647856233005,-0.003224471719493357,0.9994548865138398,0.7,0.5,250,11
0.009847316411021961,-0.06825869221260773,-0.05855373241747583,0.009704959795131904,-0.06840104882849779,0.00014235661589005744,1.0585537324174759,0.7,0.5,500,11
-0.04117782796099699,-0.14962195950032986,-0.22211216605170794,-0.07249020655137808,-0.18093433809071097,0.03131237859038108,1.222112166051708,0.7,0.5,1000,11
0.17438805068423285,-0.199278012689676,0.11769118150614116,0.31696919419581715,-0.05669686917809169,-0.1425811435115843,0.8823088184938588,0.7,1.0,,11
0.03827729112415916,-0.0035027273113558727,0.03771886623690562,0.04122159354826149,-0.0005584248872535433,-0.0029443024241023324,0.9622811337630944,0.7,1.0,30,11
0.05996329820331765,-0.006121315435823687,0.059347630484171396,0.06546894591999508,-0.0006156677191462567,-0.005505647716677428,0.9406523695158286,0.7,1.0,50,11
0.0754623183897106,-0.013145266161188739,0.0707129088571498,0.08385817501833853,-0.004749409532560797,-0.008395856628627942,0.9292870911428502,0.7,1.0,100,11
0.11533442404470601,-0.03233363892826681,0.09414985087436514,0.12648348980263197,-0.021184573170340865,-0.011149065757925944,0.9058501491256349,0.7,1.0,250,11
0.11777199392734775,-0.06786028989472581,0.06474831365648166,0.13260860355120746,-0.05302368027086608,-0.014836609623859728,0.9352516863435183,0.7,1.0,500,11
0.10591549592915322,-0.1491157440733787,-0.03984122568076954,0.10927451839260915,-0.14575672160992276,-0.0033590224634559226,1.0398412256807696,0.7,1.0,1000,11
0.5684847215574291,-0.20070882927195774,0.5204504257345611,0.7211592550065189,-0.048034295822868,-0.15267453344908977,0.47954957426543887,0.7,10.0,,11
0.08245489445152226,-0.003444782337024536,0.08498510703958789,0.08842988937661243,0.002530212588065628,-0.0059749949250901685,0.915014892960412,0.7,10.0,30,11
0.12480512365681223,-0.005899663720231838,0.12975128023991345,0.1356509439601453,0.004946156583101213,-0.010845820303333045,0.8702487197600866,0.7,10.0,50,11
0.16082591607367697,-0.012872731108757349,0.1642167912654741,0.17708952237423142,0.0033908751917971214,-0.016263606300554484,0.8357832087345259,0.7,10.0,100,11
0.2547162280544843,-0.031170329715418325,0.2480941850358238,0.27926451475124214,-0.006622043018660484,-0.02454828669675785,0.7519058149641762,0.7,10.0,250,11
0.3013181441434258,-0.06735005096533028,0.27517886002152275,0.342528910986853,-0.026139284121903028,-0.041210766843427254,0.7248211399784772,0.7,10.0,500,11
0.3583664522243525,-0.14850266465163486,0.2742338371664033,0.4227365018180382,-0.08413261505794917,-0.0643700495936857,0.7257661628335967,0.7,10.0,1000,11
0.5747513472158563,-0.20078401338593455,0.5268186096893428,0.7276026230752773,-0.0479327375265135,-0.15285127585942104,0.4731813903106572,0.7,20.0,,11
0.08326882823626762,-0.0034516077896384594,0.08585008432435158,0.08930169211399004,0.002581256088083961,-0.006032863877722422,0.9141499156756484,0.7,20.0,30,11
0.125849412913965,-0.005916588496414969,0.13087739752914962,0.13679398602556458,0.005027984615184611,-0.010944573111599576,0.8691226024708504,0.7,20.0,50,11
0.16224949376114342,-0.012859714086210958,0.16576067012191928,0.17862038420813023,0.0035111763607758584,-0.016370890446986808,0.8342393298780807,0.7,20.0,100,11
0.25707785686196116,-0.031138226434476914,0.2507074308627107,0.2818456572971876,-0.006370425999250473,-0.024767800435226445,0.7492925691372894,0.7,20.0,250,11
0.3044150586999757,-0.06735808384577206,0.27874461777138326,0.34610270161715534,-0.025670440928592442,-0.041687642917179635,0.7212553822286167,0.7,20.0,500,11
0.3626618857655442,-0.14851353186656435,0.27960018281881066,0.428113714685375,-0.08306170294673354,-0.06545182891983081,0.7203998171811894,0.7,20.0,1000,11
0.5768646866434965,-0.20084433184538372,0.5289561273855811,0.7298004592309648,-0.047908559257915484,-0.15293577258746827,0.47104387261441893,0.7,700.0,,11
0.08362193281674982,-0.0034592420581160744,0.08622097594828643,0.0896802180064025,0.0025990431315366103,-0.006058285189652679,0.9137790240517136,0.7,700.0,30,11
0.1261687922241943,-0.005937400893467793,0.1312154670939439,0.1371528679874117,0.005046674869749607,-0.010984075763217402,0.8687845329060561,0.7,700.0,50,11
0.16273637628920612,-0.01284802467736288,0.16627718275046585,0.17912520742782873,0.0035408064612597323,-0.016388831138622606,0.8337228172495341,0.7,700.0,100,11
0.2579339883588228,-0.031118075386047706,0.2516538951862438,0.28277197057229153,-0.006280093172578993,-0.024837982213468723,0.7483461048137562,0.7,700.0,250,11
0.30545562477713945,-0.06737339079859576,0.27994827299574376,0.34732166379433954,-0.025507351781395682,-0.041866039017200096,0.7200517270042562,0.7,700.0,500,11
0.36411571571000545,-0.14853394148000307,0.28142148273194584,0.4299554242119489,-0.08269423297805961,-0.06583970850194346,0.7185785172680541,0.7,700.0,1000,11
-0.05269090151633442,-0.19877105308383686,-0.1116323656626834,0.08713868742115345,-0.05894146414634899,-0.13982958893748787,1.1116323656626834,0.3,0.5,,12
0.024916136218225724,-0.0035235658793068966,0.02287167625740412,0.026395242136711017,-0.0020444599608216048,-0.0014791059184852927,0.9771283237425958,0.3,0.5,30,12
0.031522451405373034,-0.006538087944709657,0.028416983123156145,0.0349550710678658,-0.003105468282216889,-0.003432619662492767,0.9715830168768439,0.3,0.5,50,12
0.041644710803773896,-0.012901165754139972,0.03189796265323929,0.04479912840737926,-0.009746748150534605,-0.0031544176036053667,0.9681020373467607,0.3,0.5,100,12
0.040578948543021694,-0.03336457390611043,0.010927670525461073,0.0442922444315715,-0.029651278017560623,-0.0037132958885498103,0.9890723294745389,0.3,0.5,250,12
0.025305469098972418,-0.06833176863369864,-0.04351713835628566,0.02481463027741298,-0.06882260745525808,0.0004908388215594389,1.0435171383562856,0.3,0.5,500,12
-0.033600083011484545,-0.14923362639560128,-0.21233810616658588,-0.0631044797709846,-0.17873802315510134,0.029504396759500062,1.2123381061665859,0.3,0.5,1000,12
0.21001903162872404,-0.1994350016519495,0.1551364253244289,0.3545714269763784,-0.054882606304295145,-0.14455239534765435,0.844863574675571,0.3,1.0,,12
0.06208554822321643,-0.0031086099113092533,0.062088661052243525,0.06519727096355278,3.112829027096531e-06,-0.003111722740336352,0.9379113389477565,0.3,1.0,30,12
0.08302753079685413,-0.006480103132238626,0.08419249599456624,0.09067259912680486,0.0011649651977121145,-0.007645068329950738,0.9158075040054338,0.3,1.0,50,12
0.11484653787764916,-0.012542272321322594,0.10995400626653104,0.12249627858785364,-0.00489253161111812,-0.007649740710204467,0.8900459937334689,0.3,1.0,100,12
0.14255486438929746,-0.03336461950868524,0.12109944950167474,0.15446406901035997,-0.021455414887622717,-0.011909204621062527,0.8789005504983253,0.3,1.0,250,12
0.1549203512538768,-0.06807403014243743,0.10065013369840191,0.16872416384083933,-0.054270217555474884,-0.013803812586962547,0.8993498663015981,0.3,1.0,500,12
0.12841985731571406,-0.1491945771492552,-0.01581325385101324,0.13338132329824195,-0.1442331111667273,-0.004961465982527884,1.0158132538510132,0.3,1.0,1000,12
0.6572156823964532,-0.20003725091007785,0.5958266768401365,0.7958639277502143,-0.06138900555631677,-0.13864824535376108,0.40417332315986354,0.3,10.0,,12
0.1179224144044737,-0.0026499620803446034,0.121061756669576,0.1237117187499206,0.0031393422651023045,-0.005789304345446902,0.878938243330424,0.3,10.0,30,12
0.16797858023917672,-0.006404401132174224,0.1759568170086215,0.18236121814079573,0.007978236769444785,-0.014382637901619005,0.8240431829913785,0.3,10.0,50,12
0.23419910980660358,-0.012260235200788895,0.23769289566499666,0.24995313086578555,0.003493785858393078,-0.015754021059181972,0.7623071043350034,0.3,10.0,100,12
0.31791744270934963,-0.033508444801479,0.310925268614968,0.344433713416447,-0.006992174094381631,-0.02651627070709739,0.6890747313850321,0.3,10.0,250,12
0.3811769407733283,-0.06793103617266849,0.3533139234744343,0.4212449596471028,-0.02786301729889401,-0.04006801887377448,0.6466860765255658,0.3,10.0,500,12
0.41707609893145253,-0.1496096558896949,0.3351086306775885,0.48471828656728344,-0.08196746825386403,-0.06764218763583091,0.6648913693224114,0.3,10.0,1000,12
0.6664278287512247,-0.20005439053075424,0.6031564879453747,0.8032108784761289,-0.06327134080585006,-0.13678304972490418,0.3968435120546253,0.3,20.0,,12
0.11879309043452069,-0.0026630992900861165,0.12197384219158347,0.12463694148166958,0.003180751757062783,-0.005843851047148893,0.8780261578084165,0.3,20.0,30,12
0.1693774504182692,-0.0064070621788629364,0.17744407843535107,0.183851140614214,0.008066628017081856,-0.0144736901959448,0.822555921564649,0.3,20.0,50,12
0.23612253675153408,-0.01227831296892699,0.23975141713995957,0.2520297301088866,0.003628880388425487,-0.015907193357352467,0.7602485828600405,0.3,20.0,100,12
0.32089627661015074,-0.03352375299686538,0.31414655101369954,0.3476703040105649,-0.006749725596451206,-0.02677402740041418,0.6858534489863004,0.3,20.0,250,12
0.38502517020714094,-0.06794228941869454,0.35763355917274087,0.4255758485914354,-0.027391611034400076,-0.04055067838429449,0.6423664408272591,0.3,20.0,500,12
0.4221064422211311,-0.14964298182411287,0.3412120060948023,0.49085498791891513,-0.0808944361263288,-0.0687485456977841,0.6587879939051977,0.3,20.0,1000,12
0.6695990746747791,-0.20006938275770822,0.6056233223900414,0.8056927051477496,-0.06397575228473773,-0.13609363047297052,0.39437667760995865,0.3,700.0,,12
0.11909290416221309,-0.0026825742027231166,0.12228098311821786,0.12496355732094099,0.0031880789560047723,-0.005870653158727895,0.8777190168817821,0.3,700.0,30,12
0.16985111251377133,-0.006410531272362903,0.1779294987757458,0.1843400300481087,0.008078386261974463,-0.01448891753433737,0.8220705012242542,0.3,700.0,50,12
0.2367512686154787,-0.012300463356253438,0.240420431227056,0.25272089458330943,0.0036691626115772924,-0.01596962596783072,0.759579568772944,0.3,700.0,100,12
0.32188369121393445,-0.03353909587675323,0.3152069198539939,0.34874601573074715,-0.006676771359940548,-0.026862324516812697,0.684793080146006,0.3,700.0,250,12
0.38629364173359365,-0.06795475812002016,0.3590670762178752,0.42702183433789537,-0.02722656551571845,-0.040728192604301716,0.6409329237821249,0.3,700.0,500,12
0.4238065512779381,-0.14967247184668123,0.34325535947744845,0.49292783132412965,-0.08055119180048964,-0.06912128004619156,0.6567446405225515,0.3,700.0,1000,12
-0.06050690178793707,-0.19877105308383686,-0.11989346342931555,0.07887758965452131,-0.059386561641378476,-0.13938449144245835,1.1198934634293156,0.5,0.5,,12
0.021458803972382378,-0.0035235658793068966,0.01939983959356876,0.022923405472875656,-0.0020589643788136193,-0.0014646015004932782,0.9806001604064313,0.5,0.5,30,12
0.027765364846716104,-0.006538087944709657,0.023889610627519424,0.03042769857222908,-0.0038757542191966803,-0.0026623337255129755,0.9761103893724806,0.5,0.5,50,12
0.03489430086096195,-0.012901165754139972,0.024661484998152395,0.03756265075229237,-0.010232815862809556,-0.002668349891330416,0.9753385150018477,0.5,0.5,100,12
0.03429941330582583,-0.03336457390611043,0.004830660714292394,0.03819523462040283,-0.029468752591533438,-0.0038958213145769945,0.9951693392857076,0.5,0.5,250,12
0.01882587877368972,-0.06833176863369864,-0.050171534221906885,0.01816023441179175,-0.06899741299559661,0.0006656443618979699,1.050171534221907,0.5,0.5,500,12
-0.03933703445832332,-0.14923362639560128,-0.21947327048656165,-0.07023964409096037,-0.18013623602823833,0.03090260963263705,1.2194732704865616,0.5,0.5,1000,12
0.19309221192070822,-0.1994350016519495,0.1387809920659834,0.3382159937179329,-0.05431121985472481,-0.14512378179722468,0.8612190079340166,0.5,1.0,,12
0.05405798023428858,-0.0031086099113092533,0.05412950417940701,0.05723811409071627,7.152394511843185e-05,-0.0031801338564276874,0.945870495820593,0.5,1.0,30,12
0.07433025335512525,-0.006480103132238626,0.07387462080160408,0.0803547239338427,-0.0004556325535211708,-0.006024470578717453,0.9261253791983959,0.5,1.0,50,12
0.09883741703314834,-0.012542272321322594,0.09292940898827705,0.10547168130959964,-0.0059080080448712935,-0.006634264276451293,0.9070705910117229,0.5,1.0,100,12
0.1270950311788203,-0.03336461950868524,0.10616463769707617,0.1395292572057614,-0.020930393481744122,-0.012434226026941123,0.8938353623029238,0.5,1.0,250,12
0.13959111802690513,-0.06807403014243743,0.08517750054554393,0.15325153068798136,-0.0544136174813612,-0.013660412661076232,0.914822499454456,0.5,1.0,500,12
0.1133779595942163,-0.1491945771492552,-0.032039895464362304,0.11715468168489288,-0.1454178550585786,-0.0037767220906765805,1.0320398954643624,0.5,1.0,1000,12
0.6140356588211726,-0.20003725091007785,0.5635394337480597,0.7635766846581375,-0.05049622507311291,-0.14954102583696494,0.4364605662519403,0.5,10.0,,12
0.10265817757132334,-0.0026499620803446034,0.10597502762278067,0.10862498970312527,0.0033168500514573346,-0.005966812131801932,0.8940249723772193,0.5,10.0,30,12
0.15075813914381606,-0.006404401132174224,0.15585293418258334,0.16225733531475756,0.00509479503876728,-0.0114991961709415,0.8441470658174166,0.5,10.0,50,12
0.20224667485800474,-0.012260235200788895,0.20392933963512333,0.21618957483591222,0.001682664777118592,-0.013942899977907486,0.7960706603648766,0.5,10.0,100,12
0.28548851111460954,-0.033508444801479,0.2795989765224544,0.31310742132393343,-0.005889534592155132,-0.027618910209323888,0.7204010234775455,0.5,10.0,250,12
0.34914554428022215,-0.06793103617266849,0.3213343977902622,0.3892654339629307,-0.02781114648995997,-0.04011988968270852,0.6786656022097378,0.5,10.0,500,12
0.3841794361048829,-0.1496096558896949,0.30121339783277096,0.4508230537224659,-0.08296603827211196,-0.06664361761758295,0.6987866021672291,0.5,10.0,1000,12
0.6215222991192397,-0.20005439053075424,0.5703134224145504,0.7703678129453047,-0.05120887670468932,-0.14884551382606492,0.4296865775854496,0.5,20.0,,12
0.10337150450698056,-0.0026630992900861165,0.10673492563385173,0.10939802492393784,0.0033634211268711717,-0.006026520416957282,0.8932650743661483,0.5,20.0,30,12
0.15198856419358883,-0.0064070621788629364,0.15715641116196438,0.16356347334082733,0.00516784696837555,-0.011574909147238494,0.8428435888380357,0.5,20.0,50,12
0.20389482819582622,-0.01227831296892699,0.2057138067933354,0.21799211976226238,0.00181897859750918,-0.01409729156643616,0.7942861932066646,0.5,20.0,100,12
0.28815571410060714,-0.03352375299686538,0.2825137231419984,0.3160374761388638,-0.0056419909586087336,-0.027881762038256652,0.7174862768580016,0.5,20.0,250,12
0.35270972292819125,-0.06794228941869454,0.32539217849426233,0.3933344679129569,-0.02731754443392892,-0.04062474498476559,0.6746078215057376,0.5,20.0,500,12
0.3888900292145144,-0.14964298182411287,0.3069967207049399,0.4566397025290527,-0.08189330850957449,-0.06774967331453838,0.6930032792950601,0.5,20.0,1000,12
0.6240891855996281,-0.20006938275770822,0.5725914112592183,0.7726607940169266,-0.05149777434040981,-0.14857160841729844,0.4274085887407817,0.5,700.0,,12
0.10358323396125597,-0.0026825742027231166,0.10695938490547838,0.1096419591082015,0.003376150944222403,-0.006058725146945526,0.8930406150945216,0.5,700.0,30,12
0.15238615363677316,-0.006410531272362903,0.1575644981689725,0.1639750294413354,0.0051783445321993415,-0.011588875804562249,0.8424355018310274,0.5,700.0,50,12
0.20442410039591874,-0.012300463356253438,0.20629580654886082,0.21859626990511424,0.0018717061529420764,-0.014172169509195504,0.7937041934511392,0.5,700.0,100,12
0.2890316959505442,-0.03353909587675323,0.2834606587292113,0.3169997546059645,-0.005571037221332897,-0.027968058655420347,0.7165393412707888,0.5,700.0,250,12
0.3538968084420956,-0.06795475812002016,0.3267661388097973,0.3947208969298175,-0.027130669632298265,-0.0408240884877219,0.6732338611902027,0.5,700.0,500,12
0.390487098003593,-0.14967247184668123,0.3089366376235498,0.45860910947023104,-0.08155046038004321,-0.06812201146663802,0.6910633623764502,0.5,700.0,1000,12
-0.06642631113969338,-0.19877105308383686,-0.12954543902880328,0.06922561405503358,-0.0631191278891099,-0.13565192519472696,1.1295454390288033,0.7,0.5,,12
0.018641820203031047,-0.0035235658793068966,0.017311075115835614,0.02083464099514251,-0.0013307450871954327,-0.002192820792111465,0.9826889248841644,0.7,0.5,30,12
0.020170449439636248,-0.006538087944709657,0.01640824383760689,0.022946331782316545,-0.003762205602029358,-0.0027758823426802977,0.9835917561623931,0.7,0.5,50,12
0.02613107944185703,-0.012901165754139972,0.01672460003379532,0.029625765787935292,-0.009406479408061712,-0.00349468634607826,0.9832753999662047,0.7,0.5,100,12
0.025380395866151793,-0.03336457390611043,-0.004312486148012015,0.029052087758098415,-0.029692882014163806,-0.0036716918919466237,1.004312486148012,0.7,0.5,250,12
0.010830821170664563,-0.06833176863369864,-0.05834729407875618,0.009984474554942453,-0.06917811524942075,0.00084634661572211,1.0583472940787562,0.7,0.5,500,12
-0.04846345637755233,-0.14923362639560128,-0.23066110590467429,-0.081427479509073,-0.18219764952712195,0.032964023131520664,1.2306611059046744,0.7,0.5,1000,12
0.17349269205157286,-0.1994350016519495,0.11645357339872414,0.31588857505067364,-0.05703911865284872,-0.14239588299910078,0.8835464266012758,0.7,1.0,,12
0.047552620965752156,-0.0031086099113092533,0.04886949091240986,0.05197810082371911,0.001316869946657702,-0.004425479857966957,0.9511305090875901,0.7,1.0,30,12
0.0564124266858877,-0.006480103132238626,0.0561835038471299,0.06266360697936853,-0.00022892283875780572,-0.006251180293480818,0.9438164961528701,0.7,1.0,50,12
0.07804617466621216,-0.012542272321322594,0.07405607251285697,0.08659834483417955,-0.003990102153355199,-0.008552170167967402,0.925943927487143,0.7,1.0,100,12
0.10572924157752936,-0.03336461950868524,0.08438832336842154,0.11775294287710678,-0.021340918209107815,-0.01202370129957743,0.9156116766315785,0.7,1.0,250,12
0.11984067607011818,-0.06807403014243743,0.06518000758572116,0.13325403772815858,-0.05466066848439702,-0.013413361658040412,0.9348199924142788,0.7,1.0,500,12
0.09091874717986308,-0.1491945771492552,-0.05808376250032029,0.09111081464893489,-0.14900250968018336,-0.0001920674690718202,1.0580837625003203,0.7,1.0,1000,12
0.5662519820624589,-0.20003725091007785,0.5175453005177698,0.7175825514278477,-0.048706681544689046,-0.1513305693653888,0.4824546994822302,0.7,10.0,,12
0.0904483720992201,-0.0026499620803446034,0.09549879208808625,0.09814875416843084,0.005050419988866142,-0.00770038206921074,0.9045012079119138,0.7,10.0,30,12
0.11533599044246587,-0.006404401132174224,0.12083624411928205,0.12724064525145629,0.005500253676816183,-0.011904654808990403,0.8791637558807179,0.7,10.0,50,12
0.16140992539092072,-0.012260235200788895,0.16638279606516515,0.17864303126595404,0.004972870674244428,-0.017233105875033322,0.8336172039348348,0.7,10.0,100,12
0.24184417802142985,-0.033508444801479,0.2351881641775273,0.2686966089790063,-0.006656013843902547,-0.026852430957576445,0.7648118358224727,0.7,10.0,250,12
0.30747146646211515,-0.06793103617266849,0.2788399618465028,0.3467709980191713,-0.02863150461561237,-0.03929953155705612,0.7211600381534973,0.7,10.0,500,12
0.3360954840729754,-0.1496096558896949,0.2465002201358182,0.3961098760255131,-0.0895952639371572,-0.060014391952537716,0.7534997798641818,0.7,10.0,1000,12
0.5725063790858995,-0.20005439053075424,0.5239131265048741,0.7239675170356283,-0.048593252581025426,-0.15146113794972882,0.4760868734951259,0.7,20.0,,12
0.09109595988946406,-0.0026630992900861165,0.09617918690774632,0.09884228619783243,0.00508322701828226,-0.00774632630836837,0.9038208130922537,0.7,20.0,30,12
0.11624722580418863,-0.0064070621788629364,0.12182533955430251,0.12823240173316544,0.005578113750113883,-0.011985175928976813,0.8781746604456975,0.7,20.0,50,12
0.16272819168545638,-0.01227831296892699,0.16784559436616764,0.18012390733509462,0.005117402680711258,-0.017395715649638238,0.8321544056338324,0.7,20.0,100,12
0.2441323804270923,-0.03352375299686538,0.23772255633694367,0.27124630933380905,-0.006409824090148619,-0.027113928906716767,0.7622774436630564,0.7,20.0,250,12
0.31063833632628207,-0.06794228941869454,0.28247124690968983,0.35041353632838435,-0.02816708941659224,-0.0397752000021023,0.7175287530903102,0.7,20.0,500,12
0.3403085371201615,-0.14964298182411287,0.25173857278489264,0.4013815546090055,-0.08856996433526887,-0.061073017488844,0.7482614272151074,0.7,20.0,1000,12
0.5746146920664529,-0.20006938275770822,0.5260608745563371,0.7261302573140453,-0.04855381751011578,-0.15151556524759247,0.4739391254436629,0.7,700.0,,12
0.09130641939459945,-0.0026825742027231166,0.09638147929860755,0.09906405350133067,0.005075059904008097,-0.0077576341067312204,0.9036185207013925,0.7,700.0,30,12
0.11651563959881922,-0.006410531272362903,0.12210759247399473,0.12851812374635763,0.005591952875175513,-0.01200248414753842,0.8778924075260053,0.7,700.0,50,12
0.16315019483507853,-0.012300463356253438,0.1683148206475967,0.18061528400385013,0.00516462581251817,-0.017465089168771597,0.8316851793524033,0.7,700.0,100,12
0.24489165636486915,-0.03353909587675323,0.2385565841453559,0.27209568002210915,-0.006335072219513238,-0.027204023657240006,0.7614434158546441,0.7,700.0,250,12
0.3116867758271917,-0.06795475812002016,0.2836843387934437,0.35163909691346384,-0.028002437033747996,-0.03995232108627217,0.7163156612065563,0.7,700.0,500,12
0.34171271325531805,-0.14967247184668123,0.25347723094061003,0.40314970278729123,-0.08823548231470801,-0.06143698953197321,0.74652276905939,0.7,700.0,1000,12
-0.05067202421784544,-0.20065303247861954,-0.11068290777281024,0.0899701247058093,-0.060010883554964804,-0.14064214892365473,1.1106829077728102,0.3,0.5,,13
0.027008671176691205,-0.00409237707658947,0.02557914870616439,0.02967152578275386,-0.0014295224705268145,-0.002662854606062654,0.9744208512938356,0.3,0.5,30,13
0.03267370175021792,-0.006492435827476916,0.028281255078468615,0.03477369090594553,-0.004392446671749307,-0.0020999891557276114,0.9717187449215314,0.3,0.5,50,13
0.04088304206082834,-0.013065456193649478,0.031013945685504245,0.044079401879153726,-0.009869096375324092,-0.003196359818325386,0.9689860543144958,0.3,0.5,100,13
0.0333377271768456,-0.03371773753738867,0.0031905467043478854,0.03690828424173656,-0.030147180472497714,-0.00357055706489096,0.9968094532956521,0.3,0.5,250,13
0.02336427760249684,-0.06986984787401947,-0.0460674661444781,0.02380238172954137,-0.06943174374697494,-0.00043810412704452933,1.046067466144478,0.3,0.5,500,13
-0.030926781529010725,-0.15050524897825682,-0.20923533680706535,-0.058730087828808536,-0.17830855527805461,0.027803306299797825,1.2092353368070654,0.3,0.5,1000,13
0.2120844908603341,-0.20310352101662021,0.15619604471485343,0.35929956573147365,-0.055888446145480664,-0.14721507487113955,0.8438039552851466,0.3,1.0,,13
0.06936684629025892,-0.004249073314712789,0.07107510885305784,0.07532418216777063,0.0017082625627989206,-0.00595733587751171,0.9289248911469421,0.3,1.0,30,13
0.08517887730521233,-0.006507901062123378,0.08347317619095905,0.08998107725308242,-0.0017057011142532774,-0.004802199947870095,0.9165268238090409,0.3,1.0,50,13
0.1155045489465329,-0.01306623052773107,0.11012871681823315,0.12319494734596421,-0.005375832128299757,-0.0076903983994313085,0.8898712831817669,0.3,1.0,100,13
0.1301025538366567,-0.03391317081676442,0.10764850222084535,0.14156167303760978,-0.02245405161581135,-0.011459119200953077,0.8923514977791547,0.3,1.0,250,13
0.15151059567012742,-0.0704473181253355,0.09634412621807587,0.16679144434341137,-0.05516646945205156,-0.015280848673283942,0.9036558737819241,0.3,1.0,500,13
0.1334729954702296,-0.15132984983492895,-0.009752261617148459,0.1415775882177805,-0.14322525708737804,-0.0081045927475509,1.0097522616171484,0.3,1.0,1000,13
0.6591404151043736,-0.20725066430757197,0.596176272120027,0.803426936427599,-0.0629641429843466,-0.1442865213232254,0.403823727879973,0.3,10.0,,13
0.1343804808943375,-0.004396928210017744,0.1409180469337872,0.14531497514380495,0.006537566039449716,-0.010934494249467464,0.8590819530662128,0.3,10.0,30,13
0.17162243939163802,-0.006618876561460274,0.17452012869130334,0.1811390052527636,0.002897689299665329,-0.009516565861125592,0.8254798713086966,0.3,10.0,50,13
0.24285493139514386,-0.012691125379120956,0.2455855808727746,0.2582767062518956,0.002730649477630742,-0.015421774856751697,0.7544144191272254,0.3,10.0,100,13
0.30578396204540553,-0.03421382258648083,0.29758825238083814,0.33180207496731895,-0.008195709664567397,-0.026018112921913417,0.7024117476191618,0.3,10.0,250,13
0.37795601552112945,-0.0712619708905886,0.34872484399191783,0.41998681488250644,-0.02923117152921162,-0.04203079936137699,0.6512751560080822,0.3,10.0,500,13
0.42205188812173056,-0.1524469506698302,0.34121673664808816,0.4936636873179183,-0.0808351514736424,-0.07161179919618776,0.6587832633519118,0.3,10.0,1000,13
0.6683710950022049,-0.20731382543073792,0.6034604337098951,0.8107742591406331,-0.06491066129230982,-0.14240316413842813,0.3965395662901049,0.3,20.0,,13
0.1353925407143758,-0.004393486330371665,0.1420112058017066,0.14640469213207827,0.006618665087330805,-0.011012151417702482,0.8579887941982934,0.3,20.0,30,13
0.17296063595026442,-0.00662436868979996,0.17594195029627752,0.18256631898607747,0.002981314346013092,-0.00960568303581305,0.8240580497037224,0.3,20.0,50,13
0.2450046179831723,-0.012650121185775878,0.2479039047343382,0.26055402592011406,0.002899286751165908,-0.01554940793694179,0.7520960952656618,0.3,20.0,100,13
0.3088234069249221,-0.034218785767040016,0.3008748339105649,0.3350936196776049,-0.007948573014357196,-0.02627021275268282,0.6991251660894351,0.3,20.0,250,13
0.38183550250110476,-0.07126531168106391,0.3530529583261157,0.42431827000717964,-0.028782544174989044,-0.04248276750607488,0.6469470416738843,0.3,20.0,500,13
0.42698350700078147,-0.15244717108918757,0.34722505817919086,0.4996722292683784,-0.07975844882159061,-0.07268872226759698,0.6527749418208091,0.3,20.0,1000,13
0.6715541713117252,-0.20733242235478486,0.6059560519686659,0.8132884743234507,-0.06559811934305937,-0.14173430301172552,0.39404394803133413,0.3,700.0,,13
0.13573846367709716,-0.004387878524148096,0.14239075829881725,0.14677863682296535,0.006652294621720095,-0.011040173145868193,0.8576092417011827,0.3,700.0,30,13
0.17333965804975088,-0.006629376332167452,0.1763531393385171,0.18298251567068455,0.0030134812887662177,-0.00964285762093367,0.8236468606614828,0.3,700.0,50,13
0.24571992008280938,-0.012610820372782529,0.248698322800124,0.26130914317290654,0.0029784027173146155,-0.015589223090097137,0.751301677199876,0.3,700.0,100,13
0.30980503431529005,-0.03422041821803649,0.3019323208356183,0.3361527390536548,-0.007872713479671778,-0.02634770473836473,0.6980676791643817,0.3,700.0,250,13
0.3831129519704262,-0.07125890696476003,0.35447441855691164,0.42573332552167165,-0.028638533413514577,-0.04262037355124548,0.6455255814430884,0.3,700.0,500,13
0.42861239699380116,-0.15243312647139048,0.34921015826626717,0.5016432847376576,-0.07940223872753399,-0.07303088774385652,0.6507898417337328,0.3,700.0,1000,13
-0.05968578004508469,-0.20065303247861954,-0.11965893283640675,0.0809940996422128,-0.05997315279132206,-0.14067987968729748,1.1196589328364068,0.5,0.5,,13
0.023057840127031454,-0.00409237707658947,0.021945904281340845,0.026038281357930314,-0.0011119358456906092,-0.0029804412308988594,0.9780540957186592,0.5,0.5,30,13
0.029900550088177977,-0.006492435827476916,0.025550973447004494,0.03204340927448141,-0.004349576641173483,-0.002142859186303435,0.9744490265529955,0.5,0.5,50,13
0.03590390582731831,-0.013065456193649478,0.026389396202204974,0.03945485239585445,-0.009514509625113337,-0.003550946568536141,0.9736106037977951,0.5,0.5,100,13
0.02763980558312569,-0.03371773753738867,-0.002327387342434743,0.03139035019495393,-0.029967192925560434,-0.0037505446118282397,1.0023273873424348,0.5,0.5,250,13
0.017865977823140835,-0.06986984787401947,-0.05166216668110221,0.018207681192917255,-0.06952814450424305,-0.0003417033697764166,1.0516621666811021,0.5,0.5,500,13
-0.03740344418123165,-0.15050524897825682,-0.2174850364206062,-0.06697978744234939,-0.18008159223937456,0.029576343261117743,1.2174850364206062,0.5,0.5,1000,13
0.1939283123962852,-0.20310352101662021,0.13905436891309467,0.34215788992971485,-0.054873943483190524,-0.1482295775334297,0.8609456310869054,0.5,1.0,,13
0.05940293575239511,-0.004249073314712789,0.06169004338415149,0.06593911669886428,0.00228710763175638,-0.0065361809464691695,0.9383099566158485,0.5,1.0,30,13
0.07864197137805959,-0.006507901062123378,0.07716543374664837,0.08367333480877175,-0.001476537631411215,-0.005031363430712157,0.9228345662533516,0.5,1.0,50,13
0.10371635185639269,-0.01306623052773107,0.09923215219226536,0.11229838271999643,-0.004484199664127331,-0.008582030863603735,0.9007678478077347,0.5,1.0,100,13
0.1150383274323271,-0.03391317081676442,0.09352585745616494,0.12743902827292936,-0.021512469976162157,-0.012400700840602255,0.9064741425438351,0.5,1.0,250,13
0.13803420928482102,-0.0704473181253355,0.08304205298649134,0.15348937111182684,-0.05499215629832968,-0.01545516182700582,0.9169579470135086,0.5,1.0,500,13
0.11770245146367543,-0.15132984983492895,-0.027663491380613147,0.1236663584543158,-0.14536594284428858,-0.00596390699064037,1.027663491380613,0.5,1.0,1000,13
0.6145476489874127,-0.20725066430757197,0.5629709880765539,0.7702216523841259,-0.051576660910858774,-0.15567400339671322,0.4370290119234461,0.5,10.0,,13
0.11451105777206212,-0.004396928210017744,0.1221148912900331,0.12651181950005083,0.007603833517970976,-0.012000761727988724,0.8778851087099669,0.5,10.0,30,13
0.15840083531149232,-0.006618876561460274,0.16186947116874137,0.16848834773020163,0.003468635857249047,-0.01008751241870931,0.8381305288312586,0.5,10.0,50,13
0.21926768460995516,-0.012691125379120956,0.22373316137220087,0.23642428675132182,0.004465476762245707,-0.01715660214136666,0.7762668386277991,0.5,10.0,100,13
0.2725235536770587,-0.03421382258648083,0.26697351001442193,0.30118733260090275,-0.005550043662636783,-0.02866377892384403,0.7330264899855781,0.5,10.0,250,13
0.34899682134675536,-0.0712619708905886,0.320674213413265,0.39193618430385363,-0.02832260793349034,-0.04293936295709827,0.679325786586735,0.5,10.0,500,13
0.3886828465363996,-0.1524469506698302,0.3053521676644875,0.45779911833431763,-0.08333067887191214,-0.06911627179791804,0.6946478323355125,0.5,10.0,1000,13
0.6221463518964191,-0.20731382543073792,0.5697172068307506,0.7770310322614885,-0.052429145065668536,-0.15488468036506942,0.43028279316924944,0.5,20.0,,13
0.11531885848354774,-0.004393486330371665,0.12303160438792275,0.12742509071829441,0.007712745904375012,-0.012106232234746675,0.8769683956120773,0.5,20.0,30,13
0.1596592398942704,-0.00662436868979996,0.16322264450233273,0.1698470131921327,0.0035634046080623427,-0.010187773297862301,0.8367773554976673,0.5,20.0,50,13
0.22123016204966045,-0.012650121185775878,0.2258676342561226,0.2385177554418985,0.0046374722064621565,-0.017287593392238038,0.7741323657438774,0.5,20.0,100,13
0.2752281787496886,-0.034218785767040016,0.2699744779761506,0.3041932637431906,-0.005253700773537984,-0.028965084993502033,0.7300255220238494,0.5,20.0,250,13
0.3525746170139223,-0.07126531168106391,0.32473193046055115,0.3959972421416151,-0.027842686553371132,-0.04342262512769279,0.6752680695394488,0.5,20.0,500,13
0.39329103111032077,-0.15244717108918757,0.31106153462514785,0.46350870571433544,-0.08222949648517291,-0.07021767460401465,0.6889384653748521,0.5,20.0,1000,13
0.6247197772556619,-0.20733242235478486,0.5719785160315689,0.7793109383863538,-0.05274126122409295,-0.15459116113069193,0.4280214839684311,0.5,700.0,,13
0.11556155393790407,-0.004387878524148096,0.12333230963154707,0.12772018815569516,0.0077707556936429945,-0.012158634217791092,0.8766676903684529,0.5,700.0,30,13
0.1600422499011189,-0.006629376332167452,0.16364525278517422,0.17027462911734167,0.003603002884055323,-0.010232379216222776,0.8363547472148258,0.5,700.0,50,13
0.22189708235107752,-0.012610820372782529,0.2266058715813884,0.23921669195417092,0.0047087892303108725,-0.017319609603093394,0.7733941284186117,0.5,700.0,100,13
0.27609662686401165,-0.03422041821803649,0.2709500776371112,0.3051704958551477,-0.005146549226900443,-0.029073868991136037,0.7290499223628888,0.5,700.0,250,13
0.3537352176217197,-0.07125890696476003,0.32606104793675855,0.3973199549015186,-0.02767416968496117,-0.04358473727979889,0.6739389520632415,0.5,700.0,500,13
0.39480597221683933,-0.15243312647139048,0.31296531369683717,0.4653984401682276,-0.08184065852000216,-0.07059246795138832,0.6870346863031629,0.5,700.0,1000,13
-0.06606518821001066,-0.20065303247861954,-0.12954580845788538,0.07110722402073416,-0.06348062024787472,-0.13717241223074483,1.1295458084578853,0.7,0.5,,13
0.01677365573698975,-0.00409237707658947,0.01469154578558783,0.0187839228621773,-0.0020821099514019194,-0.002010267125187551,0.9853084542144122,0.7,0.5,30,13
0.0203136270319353,-0.006492435827476916,0.015798453805627367,0.022290889633104286,-0.0045151732263079315,-0.001977262601168985,0.9842015461943726,0.7,0.5,50,13
0.02930660768619594,-0.013065456193649478,0.019866465229732275,0.03293192142338175,-0.009440142456463664,-0.003625313737185814,0.9801335347702678,0.7,0.5,100,13
0.019122521846802548,-0.03371773753738867,-0.010771026242663555,0.022946711294725117,-0.029893548089466104,-0.0038241894479225692,1.0107710262426635,0.7,0.5,250,13
0.008806005933823805,-0.06986984787401947,-0.06072396562459748,0.009145882249421984,-0.06952997155842129,-0.0003398763155981824,1.0607239656245975,0.7,0.5,500,13
-0.04576964961147373,-0.15050524897825682,-0.22875025293361875,-0.07824500395536194,-0.18298060332214502,0.03247535434388821,1.2287502529336187,0.7,0.5,1000,13
0.17376429642265767,-0.20310352101662021,0.11654193576880303,0.3196454567854232,-0.05722236065385464,-0.14588116036276558,0.883458064231197,0.7,1.0,,13
0.04485214022874375,-0.004249073314712789,0.04504030184133515,0.04928937515604794,0.0001881616125914004,-0.00443723492730419,0.9549596981586649,0.7,1.0,30,13
0.056358563205303726,-0.006507901062123378,0.054451462621453846,0.060959363683577225,-0.00190710058384988,-0.004600800478273499,0.9455485373785462,0.7,1.0,50,13
0.08774001496934235,-0.01306623052773107,0.0835244319372587,0.09659066246498976,-0.00421558303208365,-0.008850647495647415,0.9164755680627413,0.7,1.0,100,13
0.09386500904516834,-0.03391317081676442,0.07263332045690553,0.10654649127366994,-0.021231688588262812,-0.012681482228501607,0.9273666795430945,0.7,1.0,250,13
0.1157866454935231,-0.0704473181253355,0.060853148679382914,0.1313004668047184,-0.05493349681414019,-0.01551382131119531,0.939146851320617,0.7,1.0,500,13
0.09721493506729549,-0.15132984983492895,-0.05234788862039929,0.09898196121452965,-0.14956282368769477,-0.0017670261472341672,1.0523478886203992,0.7,1.0,1000,13
0.5652560815865972,-0.20725066430757197,0.5163615745284631,0.7236122388360351,-0.04889450705813414,-0.15835615724943786,0.4836384254715369,0.7,10.0,,13
0.08744137896589198,-0.004396928210017744,0.09134763404694056,0.09574456225695831,0.003906255081048582,-0.00830318329106633,0.9086523659530594,0.7,10.0,30,13
0.11491814732176615,-0.006618876561460274,0.11741098509790565,0.12402986165936593,0.0024928377761394976,-0.009111714337599774,0.8825890149020943,0.7,10.0,50,13
0.18621907524855996,-0.012691125379120956,0.1914546855839049,0.20414581096302586,0.005235610335344948,-0.017926735714465902,0.8085453144160951,0.7,10.0,100,13
0.22767529283993837,-0.03421382258648083,0.22258548597646502,0.25679930856294586,-0.005089806863473351,-0.029124015723007463,0.777414514023535,0.7,10.0,250,13
0.30192124149998323,-0.0712619708905886,0.2734266282077317,0.34468859909832034,-0.028494613292251503,-0.04276735759833711,0.7265733717922682,0.7,10.0,500,13
0.345082939164519,-0.1524469506698302,0.25504753535850194,0.40749448602833216,-0.09003540380601704,-0.062411546863813144,0.744952464641498,0.7,10.0,1000,13
0.5714668042593499,-0.20731382543073792,0.5226779167897491,0.729991742220487,-0.04878888746960086,-0.1585249379611371,0.47732208321025094,0.7,20.0,,13
0.08802547171471022,-0.004393486330371665,0.09201681375541045,0.09641030008578211,0.00399134204070023,-0.008384828371071892,0.9079831862445895,0.7,20.0,30,13
0.11580707365649762,-0.00662436868979996,0.1183730731731793,0.12499744186297926,0.002565999516681683,-0.009190368206481642,0.8816269268268206,0.7,20.0,50,13
0.18787447966563964,-0.012650121185775878,0.19329403307188642,0.2059441542576623,0.00541955340624678,-0.01806967459202266,0.8067059669281136,0.7,20.0,100,13
0.2299602370709752,-0.034218785767040016,0.22517101587305796,0.25938980164009795,-0.004789221197917248,-0.029429564569122768,0.774828984126942,0.7,20.0,250,13
0.30504767367936864,-0.07126531168106391,0.2770223564354117,0.3482876681164756,-0.02802531724395696,-0.043239994437106966,0.7229776435645883,0.7,20.0,500,13
0.3492736657270767,-0.15244717108918757,0.26030191149710286,0.4127490825862904,-0.08897175422997383,-0.06347541685921373,0.7396980885028972,0.7,20.0,1000,13
0.5735482934820545,-0.20733242235478486,0.5247924665271819,0.7321248888819668,-0.04875582695487257,-0.1585765953999123,0.4752075334728181,0.7,700.0,,13
0.08816660175195126,-0.004387878524148096,0.09220781122879936,0.09659568975294745,0.004041209476848093,-0.00842908800099619,0.9077921887712006,0.7,700.0,30,13
0.11605369307003223,-0.006629376332167452,0.11864323231810987,0.1252726086502773,0.0025895392480776436,-0.009218915580245096,0.8813567676818901,0.7,700.0,50,13
0.18843224872048708,-0.012610820372782529,0.19392786308214383,0.20653868345492635,0.005495614361656742,-0.018106434734439264,0.8060721369178562,0.7,700.0,100,13
0.230691738991413,-0.03422041821803649,0.22601439155203135,0.26023480977006785,-0.0046773474393816405,-0.02954307077865484,0.7739856084479686,0.7,700.0,250,13
0.30605232022882944,-0.07125890696476003,0.2781890630343572,0.3494479699991172,-0.027863257194472246,-0.043395649770287786,0.7218109369656428,0.7,700.0,500,13
0.35064980846690685,-0.15243312647139048,0.2620627990451096,0.41449592551650005,-0.08858700942179726,-0.06384611704959323,0.7379372009548903,0.7,700.0,1000,13
-0.05112383088310849,-0.19853286353646846,-0.11022808814327874,0.08830477539318972,-0.05910425726017025,-0.13942860627629822,1.1102280881432787,0.3,0.5,,14
0.026278465013996454,-0.003978636451641412,0.024287046110135956,0.028265682561777368,-0.0019914189038604986,-0.001987217547780914,0.975712953889864,0.3,0.5,30,14
0.029573159331331374,-0.006850618312669541,0.025888145900797736,0.032738764213467275,-0.0036850134305336374,-0.0031656048821359015,0.9741118540992023,0.3,0.5,50,14
0.03616731018264673,-0.013368688803445584,0.026249729045385663,0.039618417848831244,-0.009917581137261069,-0.0034511076661845157,0.9737502709546143,0.3,0.5,100,14
0.03611439590882035,-0.033462816394905504,0.006225307808430626,0.03968812420333613,-0.029889088100389725,-0.0035737282945157763,0.9937746921915693,0.3,0.5,250,14
0.025799105941431307,-0.0692801593157999,-0.042996071905620825,0.02628408741017907,-0.06879517784705214,-0.00048498146874775827,1.0429960719056208,0.3,0.5,500,14
-0.03138520847475396,-0.14956947524263814,-0.2104902193965355,-0.060920744153897366,-0.17910501092178155,0.02953553567914341,1.2104902193965354,0.3,0.5,1000,14
0.21137245726674903,-0.19896768957287883,0.1561589087539828,0.35512659832686166,-0.05521354851276622,-0.1437541410601126,0.8438410912460172,0.3,1.0,,14
0.0676502576822774,-0.004030998671175053,0.06782603628786335,0.0718570349590384,0.00017577860558594394,-0.004206777276760998,0.9321739637121367,0.3,1.0,30,14
0.08021649408471976,-0.006976561389188514,0.0800088893421846,0.08698545073137312,-0.00020760474253515848,-0.0067689566466533485,0.9199911106578154,0.3,1.0,50,14
0.10869582545684675,-0.013687632468158732,0.10346339237371063,0.11715102484186937,-0.005232433083136118,-0.008455199385022621,0.8965366076262894,0.3,1.0,100,14
0.13424927714335616,-0.033918612187567004,0.11255520166337862,0.14647381385094563,-0.021694075479977537,-0.012224536707589467,0.8874447983366214,0.3,1.0,250,14
0.1557527663898003,-0.070161749334524,0.10171566940662671,0.1718774187411507,-0.05403709698317358,-0.016124652351350424,0.8982843305933733,0.3,1.0,500,14
0.13239290081195082,-0.1483302952378254,-0.010863477643255256,0.13746681759457013,-0.14325637845520608,-0.005073916782619323,1.0108634776432552,0.3,1.0,1000,14
0.6572212371457772,-0.19883132364305664,0.5953760097616505,0.7942073334047072,-0.06184522738412668,-0.13698609625893,0.4046239902383495,0.3,10.0,,14
0.13990153966243252,-0.00400081538272965,0.1438166304422996,0.14781744582502923,0.00391509077986707,-0.007915906162596714,0.8561833695577004,0.3,10.0,30,14
0.16823087065552517,-0.006983025725590322,0.17407180832494254,0.18105483405053285,0.005840937669417373,-0.012823963395007687,0.8259281916750575,0.3,10.0,50,14
0.23457231767328132,-0.014260727480352004,0.23771133210170053,0.25197205958205254,0.0031390144284192123,-0.01739974190877122,0.7622886678982994,0.3,10.0,100,14
0.30598182177698174,-0.0345055749188831,0.2995601683306559,0.334065743249539,-0.006421653446325837,-0.028083921472557283,0.7004398316693441,0.3,10.0,250,14
0.37908686428093585,-0.0717723937890814,0.3513741823573848,0.4231465761464662,-0.02771268192355103,-0.04405971186553037,0.6486258176426152,0.3,10.0,500,14
0.4227803014134664,-0.1465264691352919,0.34461323586995063,0.4911397050052425,-0.07816706554351577,-0.06835940359177617,0.6553867641300494,0.3,10.0,1000,14
0.6663752132451283,-0.19879575358690663,0.6026762527282988,0.8014720063152054,-0.06369896051682944,-0.13509679307007716,0.39732374727170117,0.3,20.0,,14
0.14118783715722558,-0.003990524732857688,0.1451478498629448,0.14913837459580248,0.003960012705719218,-0.007950537438576905,0.8548521501370552,0.3,20.0,30,14
0.16977555296162855,-0.006963168978055618,0.17572420382737527,0.1826873728054309,0.005948650865746724,-0.012911819843802352,0.8242757961726247,0.3,20.0,50,14
0.23670847083862728,-0.01427545347240771,0.239983732554042,0.2542591860264497,0.003275261715414729,-0.017550715187822447,0.760016267445958,0.3,20.0,100,14
0.3089575311485267,-0.03450658930355264,0.302842940877693,0.33734953018124564,-0.00611459027083372,-0.02839199903271894,0.6971570591223071,0.3,20.0,250,14
0.38286464049244634,-0.07180692939519646,0.3556207002461722,0.42742762964136866,-0.027243940246274134,-0.044562989148922316,0.6443792997538278,0.3,20.0,500,14
0.4277992280524151,-0.14650482395598435,0.3507902354432074,0.4972950593991918,-0.07700899260920768,-0.06949583134677667,0.6492097645567926,0.3,20.0,1000,14
0.6695226810401445,-0.1987624510998054,0.6051369318816273,0.8038993829814327,-0.06438574915851714,-0.13437670194128826,0.3948630681183727,0.3,700.0,,14
0.14165701488978286,-0.003979272938582179,0.14561676017339917,0.14959603311198136,0.003959745283616312,-0.007939018222198502,0.8543832398266008,0.3,700.0,30,14
0.17032937862031683,-0.006941226544021921,0.17631647775505566,0.1832577042990776,0.005987099134738827,-0.01292832567876076,0.8236835222449443,0.3,700.0,50,14
0.23745982719878195,-0.01428457444461751,0.24077641268699213,0.25506098713160963,0.0033165854882101775,-0.01760115993282768,0.7592235873130079,0.3,700.0,100,14
0.3099954996268432,-0.03450132175977536,0.3040142513653892,0.33851557312516456,-0.00598124826145402,-0.028520073498321363,0.6959857486346108,0.3,700.0,250,14
0.38411928214013186,-0.07182373064423271,0.35704229983684355,0.42886603048107624,-0.02707698230328831,-0.04474674834094439,0.6429577001631565,0.3,700.0,500,14
0.42947068323215715,-0.14650173491162094,0.3528626372063272,0.49936437211794815,-0.07660804602582993,-0.069893688885791,0.6471373627936727,0.3,700.0,1000,14
-0.05979051603003751,-0.19853286353646846,-0.11931612503261657,0.07921673850385189,-0.05952560900257906,-0.1390072545338894,1.1193161250326167,0.5,0.5,,14
0.02059879062774206,-0.003978636451641412,0.01901170416068807,0.022990340612329484,-0.0015870864670539872,-0.0023915499845874252,0.9809882958393119,0.5,0.5,30,14
0.025305111163386736,-0.006850618312669541,0.021660213534478768,0.02851083184714831,-0.0036448976289079685,-0.003205720683761574,0.9783397864655212,0.5,0.5,50,14
0.029980978321749216,-0.013368688803445584,0.020060947516686408,0.03342963632013199,-0.009920030805062808,-0.0034486579983827766,0.9799390524833136,0.5,0.5,100,14
0.030072414340020566,-0.033462816394905504,0.0006102444407867708,0.034073060835692275,-0.029462169899233795,-0.004000646495671709,0.9993897555592133,0.5,0.5,250,14
0.019173622655180144,-0.0692801593157999,-0.04952942329497875,0.01975073602082114,-0.0687030459501589,-0.0005771133656409938,1.0495294232949788,0.5,0.5,500,14
-0.03868644711328654,-0.14956947524263814,-0.2186789309512121,-0.06910945570857396,-0.17999248383792557,0.030423008595287432,1.218678930951212,0.5,0.5,1000,14
0.19349059629355653,-0.19896768957287883,0.13883100575808943,0.3377986953309683,-0.054659590535467095,-0.14430809903741174,0.8611689942419105,0.5,1.0,,14
0.05443651816079741,-0.004030998671175053,0.0555115877159668,0.059542586387141855,0.0010750695551693876,-0.0051060682263444415,0.9444884122840332,0.5,1.0,30,14
0.06975256181275015,-0.006976561389188514,0.0697159841133624,0.07669254550255092,-3.6577699387752016e-05,-0.006939983689800769,0.9302840158866376,0.5,1.0,50,14
0.09376881763570738,-0.013687632468158732,0.088726311609914,0.10241394407807272,-0.0050425060257933835,-0.008645126442365356,0.911273688390086,0.5,1.0,100,14
0.11886549283816777,-0.033918612187567004,0.09805146635781117,0.13197007854537818,-0.0208140264803566,-0.013104585707210403,0.9019485336421889,0.5,1.0,250,14
0.14030104491996845,-0.070161749334524,0.08635245325430278,0.15651420258882678,-0.053948591665665666,-0.016213157668858336,0.9136475467456973,0.5,1.0,500,14
0.11505810216376806,-0.1483302952378254,-0.029610155921294,0.1187201393165314,-0.14466825808506206,-0.0036620371527633366,1.029610155921294,0.5,1.0,1000,14
0.6132695445530028,-0.19883132364305664,0.5620008755734729,0.7608321992165296,-0.05126866897952986,-0.1475626546635268,0.4379991244265271,0.5,10.0,,14
0.11391306676897009,-0.00400081538272965,0.11916971618149562,0.12317053156422526,0.00525664941252553,-0.009257464795255174,0.8808302838185044,0.5,10.0,30,14
0.14624164320231473,-0.006983025725590322,0.15247700019098664,0.15946002591657696,0.0062353569886719196,-0.013218382714262233,0.8475229998090134,0.5,10.0,50,14
0.20475584196579202,-0.014260727480352004,0.20838386313415772,0.22264459061450972,0.0036280211683656916,-0.0178887486487177,0.7916161368658423,0.5,10.0,100,14
0.2730167216535666,-0.0345055749188831,0.2680818876272372,0.30258746254612034,-0.004934834026329382,-0.02957074089255371,0.7319181123727627,0.5,10.0,250,14
0.34743217625022854,-0.0717723937890814,0.3196011916255476,0.391373585414629,-0.02783098462468092,-0.04394140916440048,0.6803988083744523,0.5,10.0,500,14
0.38655650402372,-0.1465264691352919,0.30540661334887603,0.45193308248416797,-0.08114989067484396,-0.06537657846044795,0.694593386651124,0.5,10.0,1000,14
0.6207527871540431,-0.19879575358690663,0.5687561720179769,0.7675519256048835,-0.05199661513606624,-0.14679913845084036,0.4312438279820231,0.5,20.0,,14
0.11498714964420594,-0.003990524732857688,0.12028726031848427,0.12427778505134196,0.005300110674278338,-0.009290635407136025,0.8797127396815158,0.5,20.0,30,14
0.14757282512811737,-0.006963168978055618,0.15391534570129622,0.16087851467935185,0.006342520573178856,-0.013305689551234484,0.8460846542987037,0.5,20.0,50,14
0.20665629931373125,-0.01427545347240771,0.21043448226000983,0.22470993573241754,0.0037781829462785743,-0.018053636418686292,0.7895655177399902,0.5,20.0,100,14
0.27569419423885333,-0.03450658930355264,0.27105630018040505,0.3055628894839577,-0.0046378940584482775,-0.029868695245104354,0.728943699819595,0.5,20.0,250,14
0.35093570574626254,-0.07180692939519646,0.3235631117654051,0.39537004116060154,-0.02737259398085745,-0.044434335414339,0.6764368882345949,0.5,20.0,500,14
0.39124528771869427,-0.14650482395598435,0.31119574576732295,0.4577005697233073,-0.08004954195137132,-0.06645528200461304,0.6888042542326771,0.5,20.0,1000,14
0.6233323005617013,-0.1987624510998054,0.5710399635224954,0.7698024146223008,-0.05229233703920588,-0.1464701140605995,0.4289600364775046,0.5,700.0,,14
0.11539105507678021,-0.003979272938582179,0.12068569341816089,0.12466496635674307,0.005294638341380678,-0.009273911279962854,0.8793143065818391,0.5,700.0,30,14
0.1480487772804783,-0.006941226544021921,0.15442679747026772,0.16136802401428965,0.006378020189789418,-0.013319246733811352,0.8455732025297322,0.5,700.0,50,14
0.2073369361617531,-0.01428457444461751,0.21116926493532007,0.22545383937993757,0.0038323287735669564,-0.01811690321818446,0.7888307350646799,0.5,700.0,100,14
0.27664313714102773,-0.03450132175977536,0.27212044046926037,0.30662176222903575,-0.004522696671767357,-0.029978625088008,0.7278795595307397,0.5,700.0,250,14
0.3521082875140907,-0.07182373064423271,0.3248945303504004,0.3967182609946331,-0.02721375716369029,-0.04460997348054241,0.6751054696495996,0.5,700.0,500,14
0.39281552092198274,-0.14650173491162094,0.31312723864851766,0.4596289735601386,-0.07968828227346508,-0.06681345263815586,0.6868727613514823,0.5,700.0,1000,14
-0.06561226102849099,-0.19853286353646846,-0.12888321675582132,0.06964964678064714,-0.06327095572733032,-0.1352619078091381,1.1288832167558214,0.7,0.5,,14
0.013956796248428108,-0.003978636451641412,0.012405039517860173,0.016383675969501584,-0.0015517567305679356,-0.002426879721073477,0.9875949604821398,0.7,0.5,30,14
0.017721634470413562,-0.006850618312669541,0.01452525931576591,0.02137587762843545,-0.003196375154647652,-0.0036542431580218887,0.9854747406842341,0.7,0.5,50,14
0.024180816320764596,-0.013368688803445584,0.013885379433169818,0.0272540682366154,-0.010295436887594779,-0.0030732519158508057,0.9861146205668302,0.7,0.5,100,14
0.02079116420228563,-0.033462816394905504,-0.008339276676191337,0.025123539718714165,-0.029130440878476965,-0.0043323755164285365,1.0083392766761914,0.7,0.5,250,14
0.010381767994484918,-0.0692801593157999,-0.058822110963054834,0.01045804835274506,-0.06920387895753975,-7.628035826014179e-05,1.058822110963055,0.7,0.5,500,14
-0.046998743498530275,-0.14956947524263814,-0.22958803204655237,-0.08001855680391423,-0.1825892885480221,0.03301981330538395,1.2295880320465524,0.7,0.5,1000,14
0.17366477103957634,-0.19896768957287883,0.11647277923995662,0.31544046881283544,-0.057191991799619715,-0.1417756977732591,0.8835272207600434,0.7,1.0,,14
0.03913252674420858,-0.004030998671175053,0.04015853687546055,0.04418953554663561,0.0010260101312519754,-0.005057008802427029,0.9598414631245394,0.7,1.0,30,14
0.05156892822734342,-0.006976561389188514,0.05248945002777518,0.05946601141696369,0.0009205218004317561,-0.00789708318962027,0.9475105499722248,0.7,1.0,50,14
0.07898899467104738,-0.013687632468158732,0.0729507133506232,0.08663834581878194,-0.00603828132042418,-0.0076493511477345455,0.9270492866493768,0.7,1.0,100,14
0.09579653557505287,-0.033918612187567004,0.07561763698630898,0.10953624917387599,-0.020178898588743888,-0.013739713598823117,0.924382363013691,0.7,1.0,250,14
0.11854962996239088,-0.070161749334524,0.06369271050678767,0.13385445984131167,-0.05485691945560321,-0.01530482987892079,0.9363072894932123,0.7,1.0,500,14
0.09453700551190863,-0.1483302952378254,-0.05423229660512033,0.09409799863270507,-0.14876930211702896,0.00043900687920356285,1.0542322966051203,0.7,1.0,1000,14
0.5642025378272388,-0.19883132364305664,0.5152889155971109,0.7141202392401675,-0.04891362223012796,-0.1499177014129287,0.4847110844028891,0.7,10.0,,14
0.08396573341393786,-0.00400081538272965,0.0888421885264744,0.09284300390920404,0.004876455112536537,-0.008877270495266182,0.9111578114735256,0.7,10.0,30,14
0.10991978200278028,-0.006983025725590322,0.11776427697189057,0.1247473026974809,0.007844494969110286,-0.014827520694700613,0.8822357230281095,0.7,10.0,50,14
0.17394414744479902,-0.014260727480352004,0.1756789336139666,0.18993966109431862,0.0017347861691675848,-0.015995513649519594,0.8243210663860334,0.7,10.0,100,14
0.22447126645220453,-0.0345055749188831,0.22020479814814511,0.2547103730670282,-0.004266468304059412,-0.03023910661482368,0.7797952018518549,0.7,10.0,250,14
0.3018225137484836,-0.0717723937890814,0.27223120561103803,0.34400359940011943,-0.029591308137445593,-0.04218108565163581,0.7277687943889619,0.7,10.0,500,14
0.34281636699819135,-0.1465264691352919,0.2545709671313596,0.4010974362666515,-0.08824539986683172,-0.05828106926846019,0.7454290328686404,0.7,10.0,1000,14
0.5704161031111181,-0.19879575358690663,0.5216160923202499,0.7204118459071565,-0.048800010790868265,-0.14999574279603833,0.47838390767975014,0.7,20.0,,14
0.0848388883340769,-0.003990524732857688,0.08973280540989488,0.09372333014275257,0.0048939170758179745,-0.008884441808675661,0.9102671945901051,0.7,20.0,30,14
0.11094316378141443,-0.006963168978055618,0.11890268977578933,0.12586585875384496,0.007959525994374897,-0.014922694972430511,0.8810973102242107,0.7,20.0,50,14
0.1755516930206217,-0.01427545347240771,0.17743382935252414,0.19170928282493185,0.0018821363319024287,-0.016157589804310146,0.8225661706474758,0.7,20.0,100,14
0.22668414670856868,-0.03450658930355264,0.22268938298185553,0.2571959722854082,-0.003994763726713146,-0.030511825576839485,0.7773106170181445,0.7,20.0,250,14
0.3049008536505655,-0.07180692939519646,0.27574866779388163,0.3475555971890781,-0.029152185856683888,-0.04265474353851256,0.7242513322061184,0.7,20.0,500,14
0.3470898546844495,-0.14650482395598435,0.2598912880428554,0.40639611199883974,-0.08719856664159409,-0.059306257314390265,0.7401087119571446,0.7,20.0,1000,14
0.5725167243137743,-0.1987624510998054,0.523758014683554,0.7225204657833594,-0.04875870963022033,-0.15000374146958506,0.476241985316446,0.7,700.0,,14
0.08521194221749535,-0.003979272938582179,0.09007565886094827,0.09405493179953045,0.00486371664345292,-0.008842989582035096,0.9099243411390517,0.7,700.0,30,14
0.11131335150534447,-0.006941226544021921,0.11930966064324848,0.1262508871872704,0.007996309137904015,-0.014937535681925934,0.8806903393567516,0.7,700.0,50,14
0.17611703109677268,-0.01428457444461751,0.17806116947196599,0.1923457439165835,0.001944138375193305,-0.01622871281981081,0.821938830528034,0.7,700.0,100,14
0.22746362039091947,-0.03450132175977536,0.223557037390112,0.2580583591498874,-0.0039065830008074565,-0.0305947387589679,0.776442962609888,0.7,700.0,250,14
0.3059283251678064,-0.07182373064423271,0.2769262536825438,0.3487499843267765,-0.02900207148526257,-0.04282165915897013,0.7230737463174561,0.7,700.0,500,14
0.34852579827663555,-0.14650173491162094,0.2616724299210905,0.40817416483271146,-0.08685336835554502,-0.059648366556075916,0.7383275700789095,0.7,700.0,1000,14
-0.05166283125393783,-0.19890950279444386,-0.11143733471721766,0.0874721680772262,-0.05977450346327983,-0.13913499933116402,1.1114373347172177,0.3,0.5,,15
0.02499298276116428,-0.0039449665032903775,0.022157039238256435,0.026102005741546815,-0.002835943522907846,-0.0011090229803825298,0.9778429607617436,0.3,0.5,30,15
0.030485450021979693,-0.006532862733124398,0.02573320638144323,0.03226606911456763,-0.004752243640536464,-0.0017806190925879345,0.9742667936185567,0.3,0.5,50,15
0.03644536883025368,-0.013252847664536023,0.02590750186494523,0.039160349529481255,-0.010537866965308448,-0.002714980699227574,0.9740924981350547,0.3,0.5,100,15
0.038508339775749516,-0.03357277261080632,0.00868061208457271,0.04225338469537904,-0.029827727691176805,-0.003745044919629518,0.9913193879154273,0.3,0.5,250,15
0.017667116256452998,-0.0688303536295872,-0.051846938372427785,0.016983415257159414,-0.06951405462888079,0.0006837009992935808,1.0518469383724278,0.3,0.5,500,15
-0.028244671933951398,-0.15035276545689416,-0.20562926181743074,-0.05527649636053658,-0.17738458988347935,0.027031824426585194,1.2056292618174307,0.3,0.5,1000,15
0.21097102467455367,-0.19872055585959078,0.15556621872339282,0.35428677458298363,-0.055404805951160846,-0.14331574990842993,0.8444337812766072,0.3,1.0,,15
0.0645888390063336,-0.003911039093165147,0.06296725949664025,0.0668782985898054,-0.001621579509693341,-0.0022894595834718062,0.9370327405033597,0.3,1.0,30,15
0.07855727805960624,-0.006591744292236475,0.07582695616418243,0.08241870045641891,-0.0027303218954238123,-0.0038614223968126554,0.9241730438358176,0.3,1.0,50,15
0.10487330452192556,-0.013459582315861111,0.09797331046717009,0.1114328927830312,-0.0068999940547554706,-0.006559588261105642,0.9020266895328299,0.3,1.0,100,15
0.13690043021151826,-0.0334769088109504,0.11498495394906132,0.14846186276001172,-0.021915476262456948,-0.011561432548493442,0.8850150460509387,0.3,1.0,250,15
0.14393175894887164,-0.0686070122883958,0.08879377463652094,0.15740078692491674,-0.0551379843123507,-0.0134690279760451,0.9112062253634791,0.3,1.0,500,15
0.1375267392704394,-0.15085332517954958,-0.003359174475396748,0.14749415070415284,-0.14088591374583614,-0.00996741143371343,1.0033591744753967,0.3,1.0,1000,15
0.6561563415023106,-0.19842368865224816,0.5955804535132133,0.7940041421654614,-0.0605758879890973,-0.13784780066315083,0.4044195464867867,0.3,10.0,,15
0.1287507285112993,-0.003748217544832433,0.12940379013392805,0.13315200767876048,0.0006530616226287644,-0.004401279167461192,0.870596209866072,0.3,10.0,30,15
0.15985414711514095,-0.0066585323530717715,0.16068321163449759,0.16734174398756935,0.0008290645193566315,-0.0074875968724283926,0.8393167883655024,0.3,10.0,50,15
0.22401214677757555,-0.014049463092768267,0.22377876017949042,0.2378282232722587,-0.00023338659808513906,-0.013816076494683138,0.7762212398205096,0.3,10.0,100,15
0.30686587862122006,-0.033033730533520524,0.29916823892899164,0.3322019694625122,-0.00769763969222842,-0.025336090841292125,0.7008317610710084,0.3,10.0,250,15
0.3732355803921386,-0.0684434862332613,0.34447831365339676,0.41292179988665806,-0.02875726673874185,-0.03968621949451945,0.6555216863466032,0.3,10.0,500,15
0.42602875183507816,-0.15225560835897312,0.34936575250037016,0.5016213608593433,-0.07666299933470799,-0.07559260902426512,0.6506342474996298,0.3,10.0,1000,15
0.6651483292363953,-0.19842000952588337,0.6028368156302273,0.8012568251561106,-0.062311513606168045,-0.1361084959197153,0.3971631843697727,0.3,20.0,,15
0.12978543275164622,-0.0037352667921489576,0.13049069927535845,0.1342259660675074,0.0007052665237122224,-0.004440533315861167,0.8695093007246415,0.3,20.0,30,15
0.16136676725123286,-0.006656728950893567,0.16225574080119112,0.16891246975208468,0.0008889735499582607,-0.00754570250085182,0.8377442591988089,0.3,20.0,50,15
0.22609069922258626,-0.014077328726076121,0.22597494301777213,0.24005227174384824,-0.00011575620481413251,-0.013961572521261983,0.7740250569822279,0.3,20.0,100,15
0.3097750577283951,-0.03299796006980411,0.3023330350860076,0.3353309951558117,-0.007442022642387469,-0.02555593742741663,0.6976669649139924,0.3,20.0,250,15
0.3772543212077079,-0.0684548210377589,0.3489432980333444,0.4173981190711033,-0.028311023174363514,-0.04014379786339539,0.6510567019666555,0.3,20.0,500,15
0.4309715925653904,-0.15232228454600377,0.35541838131504233,0.5077406658610462,-0.07555321125034808,-0.07676907329565569,0.6445816186849577,0.3,20.0,1000,15
0.6682043783558796,-0.19841853897113135,0.6052387891254355,0.8036573280965669,-0.06296558923044415,-0.13545294974068722,0.3947612108745645,0.3,700.0,,15
0.13012271746617246,-0.0037224772029265996,0.13085561443246013,0.13457809163538673,0.0007328969662876716,-0.004455374169214266,0.8691443855675398,0.3,700.0,30,15
0.16197115588902908,-0.006654559754804077,0.1628766053693562,0.16953116512416028,0.000905449480327114,-0.007560009235131199,0.8371233946306438,0.3,700.0,50,15
0.22680946872376687,-0.01409889388483222,0.22673384322470982,0.24083273710954203,-7.562549905704152e-05,-0.014023268385775167,0.7732661567752902,0.3,700.0,100,15
0.3107672483858085,-0.03296493689656844,0.3034180348935194,0.3363829717900878,-0.0073492134922891195,-0.02561572340427931,0.6965819651064806,0.3,700.0,250,15
0.3786220915489092,-0.06846928117352451,0.3504462719595149,0.4189155531330394,-0.028175819589394302,-0.04029346158413022,0.6495537280404851,0.3,700.0,500,15
0.4326317027847476,-0.15237601203243742,0.35745203182082996,0.5098280438532674,-0.07517967096391764,-0.0771963410685198,0.64254796817917,0.3,700.0,1000,15
-0.06008332774536994,-0.19890950279444386,-0.12011890718179369,0.07879059561265017,-0.06003557943642375,-0.13887392335802012,1.1201189071817936,0.5,0.5,,15
0.022685605055375407,-0.0039449665032903775,0.020578483193361016,0.024523449696651392,-0.0021071218620143904,-0.0018378446412759888,0.979421516806639,0.5,0.5,30,15
0.026037997269901178,-0.006532862733124398,0.02151876764047027,0.02805163037359467,-0.004519229629430906,-0.002013633103693492,0.9784812323595298,0.5,0.5,50,15
0.03196829276565288,-0.013252847664536023,0.021482629746341412,0.03473547741087744,-0.010485663019311465,-0.0027671846452245567,0.9785173702536586,0.5,0.5,100,15
0.03340795687499673,-0.03357277261080632,0.0034888493626441352,0.037061621973450455,-0.029919107512352595,-0.0036536650984537278,0.9965111506373558,0.5,0.5,250,15
0.010899445970382069,-0.0688303536295872,-0.058454320282518325,0.010376033347068873,-0.06935376625290039,0.0005234126233131936,1.0584543202825183,0.5,0.5,500,15
-0.03430822250230686,-0.15035276545689416,-0.21348822852737992,-0.06313546307048576,-0.17918000602507306,0.028827240568178897,1.21348822852738,0.5,0.5,1000,15
0.19369772896938922,-0.19872055585959078,0.13893937330462577,0.33765992916421655,-0.05475835566476345,-0.14396220019482733,0.8610606266953742,0.5,1.0,,15
0.05856296302610328,-0.003911039093165147,0.05872529197123669,0.06263633106440183,0.00016232894513340534,-0.004073368038298553,0.9412747080287633,0.5,1.0,30,15
0.0681101495011404,-0.006591744292236475,0.06596628043984394,0.07255802473208042,-0.0021438690612964606,-0.004447875230940014,0.934033719560156,0.5,1.0,50,15
0.09371371256747771,-0.013459582315861111,0.08716573973656178,0.10062532205242289,-0.006547972830915932,-0.00691160948494518,0.9128342602634383,0.5,1.0,100,15
0.123522581043716,-0.0334769088109504,0.10170348064515485,0.13518038945610525,-0.02181910039856115,-0.01165780841238924,0.8982965193548451,0.5,1.0,250,15
0.12753189661522266,-0.0686070122883958,0.07304573971102735,0.14165275199942315,-0.05448615690419531,-0.014120855384200492,0.9269542602889727,0.5,1.0,500,15
0.12213342824180161,-0.15085332517954958,-0.02147147827415545,0.12938184690539412,-0.14360490651595706,-0.007248418663592521,1.0214714782741554,0.5,1.0,1000,15
0.613992096669299,-0.19842368865224816,0.5635490778000288,0.761972766452277,-0.05044301886927016,-0.14798066978297797,0.43645092219997117,0.5,10.0,,15
0.11680990465159671,-0.003748217544832433,0.12093396298907173,0.12468218053390416,0.00412405833747502,-0.007872275882307447,0.8790660370109282,0.5,10.0,30,15
0.13900039955339383,-0.0066585323530717715,0.14103795673867,0.14769648909174177,0.0020375571852761787,-0.00869608953834794,0.85896204326133,0.5,10.0,50,15
0.20015034807083562,-0.014049463092768267,0.20090001884595357,0.21494948193872185,0.0007496707751179499,-0.014799133867886227,0.7990999811540465,0.5,10.0,100,15
0.27792770562648494,-0.033033730533520524,0.27093608002301617,0.3039698105565367,-0.006991625603468776,-0.02604210493005174,0.7290639199769838,0.5,10.0,250,15
0.3385376541588376,-0.0684434862332613,0.3113057365177979,0.3797492227510592,-0.02723191764103966,-0.04121156859222164,0.6886942634822021,0.5,10.0,500,15
0.3930794763125494,-0.15225560835897312,0.31163991390816864,0.46389552226714176,-0.08143956240438077,-0.07081604595459234,0.6883600860918313,0.5,10.0,1000,15
0.6213243038661211,-0.19842000952588337,0.5702712236109461,0.7686912331368294,-0.051053080255175076,-0.14736692927070827,0.42972877638905393,0.5,20.0,,15
0.11777733485084167,-0.0037352667921489576,0.12198741586172321,0.12572268265387215,0.004210081010881536,-0.007945347803030495,0.8780125841382768,0.5,20.0,30,15
0.14030689140000707,-0.006656728950893567,0.14243261723714815,0.1490893461880417,0.0021257258371410737,-0.008782454788034633,0.8575673827628518,0.5,20.0,50,15
0.20197061203894137,-0.014077328726076121,0.20286100812526203,0.21693833685133815,0.0008903960863206606,-0.014967724812396777,0.797138991874738,0.5,20.0,100,15
0.28054941025082075,-0.03299796006980411,0.2738320256328868,0.3068299857026909,-0.006717384617933975,-0.026280575451870125,0.7261679743671132,0.5,20.0,250,15
0.34224227899534665,-0.0684548210377589,0.31546699113630416,0.38392181217406307,-0.026775287859042485,-0.04167953317871642,0.6845330088636958,0.5,20.0,500,15
0.39770254738726646,-0.15232228454600377,0.3173068993158783,0.46962918386188207,-0.08039564807138816,-0.07192663647461561,0.6826931006841217,0.5,20.0,1000,15
0.6238398237260828,-0.19841853897113135,0.5724996960573105,0.7709182350284419,-0.05134012766877227,-0.1470784113023591,0.42750030394268945,0.5,700.0,,15
0.11811250140088543,-0.0037224772029265996,0.12236689990562012,0.12608937710854673,0.004254398504734691,-0.007976875707661285,0.8776331000943799,0.5,700.0,30,15
0.1408208560674482,-0.006654559754804077,0.14298735202896992,0.149641911783774,0.002166495961521714,-0.008821055716325799,0.85701264797103,0.5,700.0,50,15
0.20258070523161556,-0.01409889388483222,0.20352780853141486,0.21762670241624707,0.0009471032997993012,-0.01504599718463151,0.7964721914685852,0.5,700.0,100,15
0.2814355697379082,-0.03296493689656844,0.2748221028305288,0.30778703972709726,-0.006613466907379351,-0.02635146998918908,0.7251778971694711,0.5,700.0,250,15
0.34351608308490456,-0.06846928117352451,0.3168753296030395,0.385344610776564,-0.026640753481865065,-0.041828527691659456,0.6831246703969605,0.5,700.0,500,15
0.3992513403935341,-0.15237601203243742,0.3191849358439725,0.4715609478764099,-0.0800664045495616,-0.07230960748287582,0.6808150641560275,0.5,700.0,1000,15
-0.06660417922792551,-0.19890950279444386,-0.13006976575488793,0.06883973703955593,-0.06346558652696242,-0.13544391626748142,1.130069765754888,0.7,0.5,,15
0.018442446069896198,-0.0039449665032903775,0.016760644014981386,0.020705610518271765,-0.0016818020549148119,-0.0022631644483755656,0.9832393559850187,0.7,0.5,30,15
0.021684613844253565,-0.006532862733124398,0.017805006118133772,0.02433786885125817,-0.003879607726119793,-0.0026532550070046054,0.9821949938818663,0.7,0.5,50,15
0.023729394418984966,-0.013252847664536023,0.01349235689571312,0.026745204560249144,-0.010237037523271845,-0.003015810141264178,0.9865076431042868,0.7,0.5,100,15
0.023752695004554028,-0.03357277261080632,-0.006338759021945778,0.027234013588860545,-0.030091454026499806,-0.003481318584306517,1.0063387590219457,0.7,0.5,250,15
0.0021835722736192006,-0.0688303536295872,-0.06760506583461982,0.0012252877949673752,-0.06978863810823903,0.0009582844786518302,1.06760506583462,0.7,0.5,500,15
-0.04376687749323852,-0.15035276545689416,-0.2258361832247084,-0.07548341776781423,-0.18206930573146987,0.03171654027457571,1.2258361832247084,0.7,0.5,1000,15
0.17352794931007695,-0.19872055585959078,0.11639641815747928,0.31511697401707006,-0.05713153115259767,-0.1415890247069931,0.8836035818425207,0.7,1.0,,15
0.04838316132037153,-0.003911039093165147,0.04944298939046473,0.05335402848362988,0.0010598280700932008,-0.004970867163258348,0.9505570106095352,0.7,1.0,30,15
0.05779214868525106,-0.006591744292236475,0.05704419407727311,0.06363593836950959,-0.0007479546079779478,-0.005843789684258527,0.9429558059227269,0.7,1.0,50,15
0.07365678579850175,-0.013459582315861111,0.06766660246190175,0.08112618477776286,-0.005990183336600008,-0.007469398979261105,0.9323333975380983,0.7,1.0,100,15
0.10002401876106802,-0.0334769088109504,0.07827974213426626,0.11175665094521667,-0.021744276626801756,-0.011732632184148648,0.9217202578657337,0.7,1.0,250,15
0.10554803276756901,-0.0686070122883958,0.05045798406798119,0.11906499635637699,-0.05509004869958782,-0.013516963588807981,0.9495420159320188,0.7,1.0,500,15
0.09854567003415388,-0.15085332517954958,-0.049433629047448066,0.10141969613210151,-0.14797929908160196,-0.002874026097947638,1.049433629047448,0.7,1.0,1000,15
0.5655930906479258,-0.19842368865224816,0.5172173498410666,0.7156410384933147,-0.048375740806859246,-0.15004794784538888,0.4827826501589334,0.7,10.0,,15
0.09654509698229104,-0.003748217544832433,0.10201143943138505,0.10575965697621748,0.005466342449094011,-0.009214559993926438,0.897988560568615,0.7,10.0,30,15
0.11790527821880997,-0.0066585323530717715,0.12242154781066616,0.12908008016373793,0.004516269591856192,-0.011174801944927967,0.8775784521893338,0.7,10.0,50,15
0.15906564976026874,-0.014049463092768267,0.1605579986422898,0.1746074617350581,0.0014923488820210717,-0.015541811974789349,0.8394420013577102,0.7,10.0,100,15
0.22865667978115875,-0.033033730533520524,0.22200257336201717,0.2550363038955377,-0.0066541064191415755,-0.02637962411437894,0.7779974266379828,0.7,10.0,250,15
0.2914205767127137,-0.0684434862332613,0.26319015503769694,0.33163364127095823,-0.02823042167501677,-0.04021306455824453,0.7368098449623031,0.7,10.0,500,15
0.3429845450390661,-0.15225560835897312,0.25438539714492886,0.406641005503902,-0.08859914789413725,-0.06365646046483586,0.7456146028550712,0.7,10.0,1000,15
0.571771762037402,-0.19842000952588337,0.5235205400684456,0.721940549594329,-0.04825122196895637,-0.15016878755692697,0.4764794599315544,0.7,20.0,,15
0.09732439069492195,-0.0037352667921489576,0.10286001230358598,0.10659527909573493,0.005535621608664026,-0.009270888400812985,0.897139987696414,0.7,20.0,30,15
0.11898745360993117,-0.006656728950893567,0.12360306625631999,0.13025979520721356,0.0046156126463888225,-0.011272341597282395,0.87639693374368,0.7,20.0,50,15
0.16048297378163512,-0.014077328726076121,0.16209324693232785,0.17617057565840397,0.0016102731506927315,-0.015687601876768847,0.8379067530676721,0.7,20.0,100,15
0.23078616122774293,-0.03299796006980411,0.22442022834249356,0.2574181884122977,-0.006365932885249365,-0.026632027184554735,0.7755797716575065,0.7,20.0,250,15
0.29466650251085835,-0.0684548210377589,0.2668914941739025,0.3353463152116614,-0.027775008336955842,-0.040679812700803064,0.7331085058260975,0.7,20.0,500,15
0.3471233515213115,-0.15232228454600377,0.2595123233216675,0.4118346078676713,-0.087611028199644,-0.06471125634635977,0.7404876766783325,0.7,20.0,1000,15
0.5738122129069162,-0.19841853897113135,0.5256080532712676,0.724026592242399,-0.048204159635648614,-0.15021437933548276,0.4743919467287324,0.7,700.0,,15
0.0975836000932062,-0.0037224772029265996,0.10314132021127403,0.10686379741420063,0.005557720118067835,-0.00928019732099443,0.8968586797887259,0.7,700.0,30,15
0.11939942327576551,-0.006654559754804077,0.12405531339570582,0.1307098731505099,0.0046558901199403036,-0.011310449874744374,0.8759446866042941,0.7,700.0,50,15
0.16092753492230724,-0.01409889388483222,0.16256890879359887,0.17666780267843107,0.0016413738712916237,-0.015740267756123832,0.8374310912064011,0.7,700.0,100,15
0.23147613532519903,-0.03296493689656844,0.22522812392358924,0.2581930608201577,-0.006248011401609799,-0.026716925494958632,0.7747718760764107,0.7,700.0,250,15
0.2957781264415462,-0.06846928117352451,0.2681431972069744,0.3366124783804989,-0.027634929234571837,-0.040834351938952684,0.7318568027930257,0.7,700.0,500,15
0.34850173992701955,-0.15237601203243742,0.261196716600153,0.4135727286325904,-0.08730502332686657,-0.06507098870557085,0.738803283399847,0.7,700.0,1000,15
-0.05186891413653272,-0.20031135387316729,-0.11110040432736251,0.08921094954580477,-0.059231490190829794,-0.1410798636823375,1.1111004043273625,0.3,0.5,,16
0.021323518154604735,-0.0039052696416820593,0.01851880363737809,0.022424073279060153,-0.0028047145172266433,-0.0011005551244554178,0.9814811963626219,0.3,0.5,30,16
0.03157413956006502,-0.006714205461506708,0.02684980825203086,0.033564013713537566,-0.004724331308034162,-0.0019898741534725463,0.9731501917479691,0.3,0.5,50,16
0.04288030673763449,-0.012825657134270967,0.03360922891595195,0.04643488605022292,-0.009271077821682537,-0.0035545793125884295,0.966390771084048,0.3,0.5,100,16
0.03692084681873094,-0.03320452365390361,0.007259008550990786,0.0404635322048944,-0.029661838267740152,-0.00354268538616346,0.9927409914490092,0.3,0.5,250,16
0.0237300846819166,-0.06900855840676337,-0.044596697235002355,0.024411861171761015,-0.06832678191691896,-0.0006817764898444101,1.0445966972350023,0.3,0.5,500,16
-0.031030777930725964,-0.15128837527542063,-0.20903817781615303,-0.05774980254073239,-0.17800739988542708,0.026719024610006414,1.209038177816153,0.3,0.5,1000,16
0.21053337586742873,-0.20354931108109406,0.155284789460887,0.35883410054198106,-0.05524858640654173,-0.14830072467455233,0.844715210539113,0.3,1.0,,16
0.0560726719478959,-0.00396089394076129,0.054569818679930014,0.0585307126206913,-0.001502853267965884,-0.0024580406727954043,0.94543018132007,0.3,1.0,30,16
0.08005669608387211,-0.006701337480509007,0.07768549350975393,0.08438683099026294,-0.0023712025741181864,-0.004330134906390823,0.922314506490246,0.3,1.0,50,16
0.11678760255932007,-0.012645660418532942,0.1124994663405224,0.12514512675905534,-0.004288136218797672,-0.008357524199735275,0.8875005336594776,0.3,1.0,100,16
0.13627246339553786,-0.03313348021584336,0.1148175138489021,0.14795099406474546,-0.021454949546635765,-0.011678530669207599,0.885182486151098,0.3,1.0,250,16
0.15215395825337233,-0.06934756005859583,0.09893313339259345,0.1682806934511893,-0.05322082486077888,-0.016126735197816947,0.9010668666074065,0.3,1.0,500,16
0.13384993652146784,-0.15318554887529892,-0.008640807688452594,0.14454474118684632,-0.14249074420992044,-0.010694804665378484,1.0086408076884525,0.3,1.0,1000,16
0.6561668341820723,-0.20845182806750914,0.5949427339732323,0.8033945620407414,-0.06122410020884006,-0.1472277278586691,0.4050572660267677,0.3,10.0,,16
0.11968275273471347,-0.003758485415461266,0.12089035905900312,0.1246488444744644,0.0012076063242896506,-0.004966091739750919,0.8791096409409969,0.3,10.0,30,16
0.15610237315679826,-0.006379345334652817,0.15777882361164391,0.16415816894629673,0.0016764504548456571,-0.008055795789498471,0.842221176388356,0.3,10.0,50,16
0.24410742023354434,-0.012376761913777692,0.24813591810596236,0.26051268001974004,0.004028497872418019,-0.016405259786195725,0.7518640818940376,0.3,10.0,100,16
0.3099721914407047,-0.03309513602138683,0.30314058761920354,0.33623572364059034,-0.006831603821501164,-0.026263532199885642,0.6968594123807965,0.3,10.0,250,16
0.37658435037640287,-0.06960797877019416,0.35074252726521504,0.4203505060354092,-0.025841823111187823,-0.04376615565900632,0.649257472734785,0.3,10.0,500,16
0.4251917583683704,-0.15578275624402282,0.3467028023133854,0.5024855585574082,-0.07848895605498502,-0.07729380018903781,0.6532971976866147,0.3,10.0,1000,16
0.6653351213591084,-0.20852870596508788,0.6023087109493129,0.8108374169144008,-0.06302641040979551,-0.14550229555529237,0.39769128905068707,0.3,20.0,,16
0.12080138143998624,-0.0037328429126185503,0.12208454370470993,0.1258173866173285,0.0012831622647236918,-0.005016005177342242,0.8779154562952901,0.3,20.0,30,16
0.15732599876876166,-0.006353241546487563,0.159069628602997,0.16542287014948456,0.001743629834235344,-0.008096871380722903,0.840930371397003,0.3,20.0,50,16
0.2463050010897062,-0.012382301831784443,0.25042724932974425,0.2628095511615287,0.00412224824003804,-0.01650455007182247,0.7495727506702557,0.3,20.0,100,16
0.3129774588602529,-0.03310738298794618,0.3063752650485954,0.3394826480365416,-0.006602193811657497,-0.02650518917628869,0.6936247349514046,0.3,20.0,250,16
0.38044235060439524,-0.06959414755660778,0.3551014600235591,0.4246956075801669,-0.025340890580836162,-0.04425325697577159,0.6448985399764409,0.3,20.0,500,16
0.4302658151288068,-0.15577760738928526,0.35293570592479717,0.5087133133140824,-0.07733010920400962,-0.07844749818527563,0.6470642940752028,0.3,20.0,1000,16
0.6685068596763964,-0.20855872339190057,0.6048324371764069,0.8133911605683075,-0.06367442249998956,-0.144884300891911,0.3951675628235931,0.3,700.0,,16
0.12116673667380998,-0.003707756394932682,0.12249683087900544,0.12620458727393813,0.0013300942051954617,-0.005037850600128138,0.8775031691209946,0.3,700.0,30,16
0.15773438291634198,-0.006329577857872941,0.15950010970073858,0.16582968755861152,0.0017657267843965985,-0.00809530464226954,0.8404998902992614,0.3,700.0,50,16
0.24707236893849305,-0.012391189052527394,0.25118956245691065,0.26358075150943805,0.004117193518417606,-0.016508382570945,0.7488104375430893,0.3,700.0,100,16
0.3140213738588656,-0.033121353766671205,0.3074772835377629,0.34059863730443407,-0.006544090321102702,-0.02657726344556849,0.6925227164622372,0.3,700.0,250,16
0.3817341862663221,-0.06957812915184956,0.3565767336186575,0.42615486277050707,-0.025157452647664613,-0.044420676504184964,0.6434232663813425,0.3,700.0,500,16
0.4319979756769365,-0.15574021935134466,0.35508821938275364,0.5108284387340983,-0.07690975629418284,-0.07883046305716185,0.6449117806172464,0.3,700.0,1000,16
-0.060150141005395195,-0.20031135387316729,-0.11980714935467376,0.08050420451849352,-0.05965700834927857,-0.1406543455238887,1.1198071493546737,0.5,0.5,,16
0.016492813406025344,-0.0039052696416820593,0.013941652410210092,0.01784692205189215,-0.0025511609958152517,-0.0013541086458668077,0.9860583475897899,0.5,0.5,30,16
0.02410007339624779,-0.006714205461506708,0.02041802765587752,0.02713223311738423,-0.0036820457403702704,-0.0030321597211364383,0.9795819723441225,0.5,0.5,50,16
0.03809870112616443,-0.012825657134270967,0.02854414518655746,0.04136980232082843,-0.009554555939606971,-0.003271101194663995,0.9714558548134425,0.5,0.5,100,16
0.03153366537840975,-0.03320452365390361,0.002542192349454082,0.035746716003357694,-0.028991473028955668,-0.0042130506249479435,0.9974578076505459,0.5,0.5,250,16
0.017000732052663926,-0.06900855840676337,-0.051440017787269886,0.017568540619493485,-0.06844074983993381,-0.0005678085668295585,1.0514400177872698,0.5,0.5,500,16
-0.03721252346020991,-0.15128837527542063,-0.2165016448595585,-0.06521326958413787,-0.1792891213993486,0.028000746123927972,1.2165016448595585,0.5,0.5,1000,16
0.19309506532587709,-0.20354931108109406,0.13845486837689222,0.3420041794579863,-0.054640196948984865,-0.1489091141321092,0.8615451316231078,0.5,1.0,,16
0.04480888421160974,-0.00396089394076129,0.04412760200725206,0.04808849594801335,-0.000681282204357675,-0.0032796117364036134,0.9558723979927479,0.5,1.0,30,16
0.06343720587179488,-0.006701337480509007,0.06347882037116577,0.07018015785167478,4.161449937088724e-05,-0.0067429519798798965,0.9365211796288342,0.5,1.0,50,16
0.1053278621419055,-0.012645660418532942,0.1004234896936838,0.11306915011221674,-0.0049043724482217,-0.0077412879703112475,0.8995765103063162,0.5,1.0,100,16
0.12274081715887462,-0.03313348021584336,0.10270916801300006,0.13584264822884343,-0.02003164914587456,-0.013101831069968789,0.8972908319869999,0.5,1.0,250,16
0.13569313478234224,-0.06934756005859583,0.08239454953928058,0.1517421095978764,-0.053298585243061664,-0.01604897481553416,0.9176054504607194,0.5,1.0,500,16
0.1185481827969653,-0.15318554887529892,-0.02554011237789956,0.12764543649739937,-0.14408829517486485,-0.009097253700434061,1.0255401123778995,0.5,1.0,1000,16
0.6124437831577785,-0.20845182806750914,0.5623177079558055,0.7707695360233147,-0.050126075201972986,-0.15832575286553618,0.4376822920441945,0.5,10.0,,16
0.0968511852867242,-0.003758485415461266,0.10026775880047553,0.1040262442159368,0.0034165735137513253,-0.007175058929212594,0.8997322411995244,0.5,10.0,30,16
0.12529688875205233,-0.006379345334652817,0.13168795606482908,0.1380673013994819,0.006391067312776749,-0.012770412647429563,0.8683120439351709,0.5,10.0,50,16
0.22045544858304367,-0.012376761913777692,0.2233781117597048,0.23575487367348247,0.002922663176661122,-0.0152994250904388,0.7766218882402952,0.5,10.0,100,16
0.2810416795685812,-0.03309513602138683,0.27680783147916566,0.30990296750055246,-0.0042338480894155706,-0.028861287931971263,0.7231921685208343,0.5,10.0,250,16
0.3419645215767119,-0.06960797877019416,0.31614663123706344,0.3857546100072576,-0.025817890339648486,-0.04379008843054566,0.6838533687629366,0.5,10.0,500,16
0.3926650775800137,-0.15578275624402282,0.31168721672082506,0.4674699729648479,-0.08097786085918862,-0.0748048953848342,0.6883127832791749,0.5,10.0,1000,16
0.6197806636733078,-0.20852870596508788,0.5691298597581014,0.7776585657231893,-0.05065080391520638,-0.1578779020498815,0.4308701402418986,0.5,20.0,,16
0.0977747316081257,-0.0037328429126185503,0.10131999880274108,0.10505284171535963,0.00354526719461537,-0.0072781101072339205,0.8986800011972589,0.5,20.0,30,16
0.1263223047376764,-0.006353241546487563,0.1328301920508297,0.13918343359731725,0.006507887313153299,-0.012861128859640858,0.8671698079491703,0.5,20.0,50,16
0.22244001195570084,-0.012382301831784443,0.2254572947157122,0.23783959654749662,0.0030172827600113417,-0.015399584591795773,0.7745427052842878,0.5,20.0,100,16
0.2837554733650678,-0.03310738298794618,0.27976333596593533,0.3128707189538815,-0.003992137399132456,-0.029115245588813732,0.7202366640340647,0.5,20.0,250,16
0.3455123609780026,-0.06959414755660778,0.32020301532630174,0.38979716288290955,-0.025309345651700843,-0.04428480190490697,0.6797969846736982,0.5,20.0,500,16
0.39744374600901405,-0.15577760738928526,0.3176000502239667,0.47337765761325196,-0.07984369578504735,-0.0759339116042379,0.6823999497760334,0.5,20.0,1000,16
0.6223082291097828,-0.20855872339190057,0.5714646793436589,0.7800234027355595,-0.05084354976612393,-0.15771517362577664,0.42853532065634115,0.5,700.0,,16
0.09808284900858058,-0.003707756394932682,0.10171313293701438,0.10542088933194706,0.0036302839284338,-0.0073380403233664765,0.8982868670629857,0.5,700.0,30,16
0.1266887434665499,-0.006329577857872941,0.1332441579218046,0.13957373577967755,0.0065554144552547045,-0.012884992313127647,0.8667558420781953,0.5,700.0,50,16
0.22313726225207592,-0.012391189052527394,0.22615635960391894,0.23854754865644634,0.0030190973518430253,-0.015410286404370421,0.7738436403960811,0.5,700.0,100,16
0.2846876455268465,-0.033121353766671205,0.28075285983024145,0.31387421359691264,-0.003934785696605048,-0.029186568070066143,0.7192471401697585,0.5,700.0,250,16
0.34671338622279735,-0.06957812915184956,0.32159410263049004,0.3911722317823396,-0.025119283592307307,-0.04445884555954227,0.67840589736951,0.5,700.0,500,16
0.3990900847620183,-0.15574021935134466,0.3196537739237499,0.4753939932750946,-0.07943631083826841,-0.07630390851307625,0.6803462260762501,0.5,700.0,1000,16
-0.06657071661592096,-0.20031135387316729,-0.12977872007788663,0.07053263379528066,-0.06320800346196567,-0.1371033504112016,1.1297787200778866,0.7,0.5,,16
0.01016684419021681,-0.0039052696416820593,0.007697319216471114,0.011602588858153174,-0.0024695249737456968,-0.0014357446679363626,0.9923026807835289,0.7,0.5,30,16
0.019443872525463667,-0.006714205461506708,0.015910592522092846,0.022624797983599555,-0.0035332800033708207,-0.003180925458135888,0.9840894074779072,0.7,0.5,50,16
0.02870554377542564,-0.012825657134270967,0.01938672945655841,0.03221238659082938,-0.00931881431886723,-0.003506842815403737,0.9806132705434416,0.7,0.5,100,16
0.022997552849645716,-0.03320452365390361,-0.006719107112384696,0.026485416541518914,-0.029716659962030413,-0.0034878636918731993,1.0067191071123847,0.7,0.5,250,16
0.009286331936123117,-0.06900855840676337,-0.059739458172019595,0.009269100234743775,-0.0690257901081427,1.723170137934299e-05,1.0597394581720196,0.7,0.5,500,16
-0.04628172987319969,-0.15128837527542063,-0.2284475673887798,-0.07715919211335917,-0.18216583751558013,0.03087746224015947,1.2284475673887798,0.7,0.5,1000,16
0.17290778078548055,-0.20354931108109406,0.11576407230845293,0.31931338338954696,-0.05714370847702763,-0.14640560260406643,0.884235927691547,0.7,1.0,,16
0.03007278554139837,-0.00396089394076129,0.029219833835107463,0.03318072777586875,-0.0008529517062909053,-0.003107942234470383,0.9707801661648925,0.7,1.0,30,16
0.052446547012222205,-0.006701337480509007,0.05272710750979241,0.05942844499030142,0.0002805604975702064,-0.006981897978079216,0.9472728924902076,0.7,1.0,50,16
0.08367235207746085,-0.012645660418532942,0.07967170903074769,0.09231736944928064,-0.004000643046713159,-0.008645017371819788,0.9203282909692523,0.7,1.0,100,16
0.10231315945908571,-0.03313348021584336,0.08082565000990727,0.11395913022575063,-0.021487509449178446,-0.011645970766664904,0.9191743499900927,0.7,1.0,250,16
0.11745958805229281,-0.06934756005859583,0.06327113148766801,0.13261869154626382,-0.0541884565646248,-0.015159103493971024,0.936728868512332,0.7,1.0,500,16
0.09640200228118329,-0.15318554887529892,-0.05217703578537039,0.10100851308992853,-0.14857903806655368,-0.0046065108087452455,1.0521770357853704,0.7,1.0,1000,16
0.5646230286485922,-0.20845182806750914,0.5159363273209456,0.7243881553884548,-0.04868670132764652,-0.15976512673986265,0.48406367267905437,0.7,10.0,,16
0.06687271333872274,-0.003758485415461266,0.06939960538016475,0.07315809079562602,0.0025268920414420054,-0.006285377456903274,0.9306003946198352,0.7,10.0,30,16
0.10369709891863087,-0.006379345334652817,0.11033074546393769,0.1167100907985905,0.0066336465453068205,-0.013012991879959634,0.8896692545360623,0.7,10.0,50,16
0.17748844877355732,-0.012376761913777692,0.18276219742771935,0.19513895934149705,0.005273748654162025,-0.01765051056793973,0.8172378025722806,0.7,10.0,100,16
0.23907168281565064,-0.03309513602138683,0.2322083500388294,0.2653034860602162,-0.006863332776821246,-0.026231803244565588,0.7677916499611706,0.7,10.0,250,16
0.30406265839327484,-0.06960797877019416,0.27644284573677363,0.3460508245069678,-0.027619812656501208,-0.04198816611369294,0.7235571542632264,0.7,10.0,500,16
0.34563894380589666,-0.15578275624402282,0.2567491739218563,0.41253193016587913,-0.08888976988404035,-0.06689298635998248,0.7432508260781436,0.7,10.0,1000,16
0.5708969124317861,-0.20852870596508788,0.5223387432750721,0.73086744924016,-0.04855816915671396,-0.15997053680837392,0.4776612567249279,0.7,20.0,,16
0.06756487789164271,-0.0037328429126185503,0.07018199386562166,0.0739148367782402,0.0026171159739789424,-0.006349958886597493,0.9298180061343784,0.7,20.0,30,16
0.1045383014862683,-0.006353241546487563,0.11129028774836686,0.11764352929485442,0.006751986262098553,-0.013105227808586112,0.8887097122516332,0.7,20.0,50,16
0.17908664492117185,-0.012382301831784443,0.18450677512914157,0.196889076960926,0.00542013020796972,-0.01780243203975415,0.8154932248708584,0.7,20.0,100,16
0.24141585176751232,-0.03310738298794618,0.23479470964060847,0.26790209262855463,-0.006621142126903845,-0.026486240861042343,0.7652052903593916,0.7,20.0,250,16
0.3072706664420425,-0.06959414755660778,0.2801351516601459,0.34972929921675366,-0.027135514781896575,-0.04245863277471121,0.7198648483398541,0.7,20.0,500,16
0.34996674724570603,-0.15577760738928526,0.26212715377518786,0.4179047611644731,-0.08783959347051817,-0.06793801391876708,0.7378728462248121,0.7,20.0,1000,16
0.5730433776985054,-0.20855872339190057,0.5245391026466212,0.7330978260385217,-0.04850427505188426,-0.1600544483400163,0.4754608973533788,0.7,700.0,,16
0.06782847836124108,-0.003707756394932682,0.07049700970886423,0.07420476610379691,0.0026685313476231542,-0.006376287742555831,0.9295029902911358,0.7,700.0,30,16
0.10483910967106815,-0.006329577857872941,0.11164073557395188,0.11797031343182482,0.006801625902883732,-0.013131203760756674,0.8883592644260481,0.7,700.0,50,16
0.1796370871803541,-0.012391189052527394,0.18509680505882042,0.19748799411134782,0.00545971787846633,-0.017850906930993726,0.8149031949411796,0.7,700.0,100,16
0.2422297007886066,-0.033121353766671205,0.23568191863059745,0.26880327239726864,-0.0065477821580091355,-0.026573571608662083,0.7643180813694026,0.7,700.0,250,16
0.308369090244274,-0.06957812915184956,0.2814119234101859,0.35099005256203547,-0.02695716683408811,-0.04262096231776147,0.718588076589814,0.7,700.0,500,16
0.3514609864290145,-0.15574021935134466,0.26398554550696285,0.4197257648583075,-0.08747544092205167,-0.06826477842929299,0.7360144544930372,0.7,700.0,1000,16
-0.052261223072249556,-0.19846324172502655,-0.11142190241893829,0.08704133930608826,-0.059160679346688734,-0.13930256237833782,1.1114219024189382,0.3,0.5,,17
0.020989643675325013,-0.0038137510979595096,0.01866947682642419,0.0224832279243837,-0.002320166848900823,-0.001493584249058686,0.9813305231735758,0.3,0.5,30,17
0.03496761682328296,-0.006991838903720709,0.030663366891646716,0.03765520579536742,-0.004304249931636247,-0.0026875889720844627,0.9693366331083533,0.3,0.5,50,17
0.044124220874229785,-0.013141410666344205,0.03332963066489935,0.04647104133124355,-0.010794590209330435,-0.00234682045701377,0.9666703693351006,0.3,0.5,100,17
0.037548284100569276,-0.033026933901991906,0.007633382039666363,0.04066031594165827,-0.029914902060902915,-0.003112031841088993,0.9923666179603337,0.3,0.5,250,17
0.022224246369325296,-0.06915076967627953,-0.047489992353822126,0.021660777322457407,-0.06971423872314741,0.0005634690468678885,1.0474899923538221,0.3,0.5,500,17
-0.027661579043257462,-0.14941526279998052,-0.2056821647756141,-0.05626690197563358,-0.17802058573235663,0.02860532293237611,1.2056821647756142,0.3,0.5,1000,17
0.21097504916122722,-0.19762103207244178,0.15610940794311942,0.3537304400155612,-0.0548656412181078,-0.14275539085433397,0.8438905920568806,0.3,1.0,,17
0.05783118465768754,-0.003867574665819329,0.05713535840716699,0.06100293307298632,-0.0006958262505205454,-0.0031717484152987835,0.942864641592833,0.3,1.0,30,17
0.09061752165468392,-0.007156861051506089,0.08938820173207458,0.09654506278358067,-0.0012293199226093426,-0.005927541128896749,0.9106117982679254,0.3,1.0,50,17
0.11803818254571405,-0.01323954075942834,0.11085019571999453,0.12408973647942287,-0.007187986825719514,-0.006051553933708834,0.8891498042800055,0.3,1.0,100,17
0.1359417391153185,-0.033093101628941225,0.11353144804044638,0.1466245496693876,-0.022410291074872135,-0.010682810554069083,0.8864685519595537,0.3,1.0,250,17
0.15136869989756274,-0.06952457515611091,0.0962840763656777,0.1658086515217886,-0.055084623531885035,-0.014439951624225872,0.9037159236343223,0.3,1.0,500,17
0.13999980139865967,-0.1491159113998679,-0.0026924471409604865,0.14642346425890743,-0.14269224853962015,-0.006423662860247752,1.0026924471409604,0.3,1.0,1000,17
0.658993576134016,-0.19570022602452744,0.5976312154630828,0.7933314414876103,-0.06136236067093315,-0.13433786535359427,0.40236878453691716,0.3,10.0,,17
0.12566804740067472,-0.004167438201552461,0.12758723261959454,0.131754670821147,0.0019191852189198166,-0.006086623420472281,0.8724127673804054,0.3,10.0,30,17
0.18139244804311377,-0.007244115781738003,0.18533597459349893,0.19258009037523693,0.003943526550385157,-0.01118764233212316,0.8146640254065011,0.3,10.0,50,17
0.2409508447078161,-0.013581859263299512,0.24029116266417394,0.25387302192747346,-0.000659682043642168,-0.012922177219657355,0.7597088373358261,0.3,10.0,100,17
0.30621622441482954,-0.0335673557718895,0.29715999147286937,0.3307273472447589,-0.009056232941960174,-0.024511122829929344,0.7028400085271307,0.3,10.0,250,17
0.379807269154889,-0.07028330095984163,0.3515408889987201,0.42182418995856175,-0.02826638015616889,-0.04201692080367275,0.6484591110012798,0.3,10.0,500,17
0.4311901623847947,-0.14885656463692606,0.3512390751199289,0.500095639756855,-0.07995108726486577,-0.06890547737206032,0.6487609248800711,0.3,10.0,1000,17
0.6682405045119624,-0.195647421967801,0.6049887738598091,0.80063619582761,-0.06325173065215328,-0.1323956913156477,0.3950112261401909,0.3,20.0,,17
0.12694044342841032,-0.0041941366879695964,0.12887859583538902,0.1330727325233586,0.0019381524069786993,-0.006132289094948298,0.8711214041646109,0.3,20.0,30,17
0.18285950126740536,-0.0072245466873752835,0.1869119395625981,0.1941364862499734,0.004052438295192751,-0.011276984982568045,0.8130880604374019,0.3,20.0,50,17
0.24305841134074005,-0.013605898796342487,0.24251432232592965,0.2561202211222721,-0.0005440890148104005,-0.013061809781532097,0.7574856776740704,0.3,20.0,100,17
0.3090983229518719,-0.03360169071890699,0.3002637358450503,0.3338654265639573,-0.008834587106821612,-0.024767103612085395,0.6997362641549497,0.3,20.0,250,17
0.3837929393932863,-0.07030106334177662,0.35603833699135107,0.42633940033312767,-0.027754602401935224,-0.04254646093984138,0.6439616630086489,0.3,20.0,500,17
0.4362286995090309,-0.14885337416362757,0.35741281035922473,0.5062661845228523,-0.0788158891498062,-0.0700374850138214,0.6425871896407753,0.3,20.0,1000,17
0.6714411665954706,-0.1956170718496908,0.6075365434266075,0.8031536152762982,-0.06390462316886314,-0.13171244868082765,0.39246345657339254,0.3,700.0,,17
0.12743731357365468,-0.004219220701118827,0.12936245083217351,0.13358167153329234,0.0019251372585188387,-0.006144357959637664,0.8706375491678264,0.3,700.0,30,17
0.18333601071337097,-0.007201945310583877,0.1874430453061455,0.19464499061672938,0.004107034592774533,-0.011308979903358413,0.8125569546938545,0.3,700.0,50,17
0.2437891336496976,-0.013627956261261358,0.24328435623667907,0.25691231249794044,-0.0005047774130185201,-0.01312317884824285,0.7567156437633209,0.3,700.0,100,17
0.310062810051443,-0.03363239383966868,0.3012962773426658,0.3349286711823345,-0.008766532708777197,-0.024865861130891453,0.6987037226573343,0.3,700.0,250,17
0.3851914582302766,-0.07031093463195567,0.357644719254292,0.4279556538862477,-0.02754673897598464,-0.042764195655971005,0.642355280745708,0.3,700.0,500,17
0.4379521981005615,-0.14885093621763715,0.3595526436869318,0.508403579904569,-0.07839955441362972,-0.0704513818040074,0.6404473563130682,0.3,700.0,1000,17
-0.06026922383514943,-0.19846324172502655,-0.11981852647704297,0.07864471524798358,-0.05954930264189354,-0.13891393908313301,1.119818526477043,0.5,0.5,,17
0.016665373391785553,-0.0038137510979595096,0.014722387279609532,0.018536138377569043,-0.001942986112176021,-0.0018707649857834883,0.9852776127203905,0.5,0.5,30,17
0.03001624624858266,-0.006991838903720709,0.025407612795676146,0.032399451699396856,-0.004608633452906515,-0.0023832054508141944,0.9745923872043238,0.5,0.5,50,17
0.03877175898337641,-0.013141410666344205,0.029175058614381986,0.04231646928072619,-0.009596700368994425,-0.0035447102973497797,0.970824941385618,0.5,0.5,100,17
0.03139726145274312,-0.033026933901991906,0.0017699792978677906,0.0347969131998597,-0.029627282154875333,-0.0033996517471165735,0.9982300207021322,0.5,0.5,250,17
0.01684989822257603,-0.06915076967627953,-0.052281289521625376,0.016869480154654157,-0.0691311877442014,-1.958193207812764e-05,1.0522812895216254,0.5,0.5,500,17
-0.03327146595571594,-0.14941526279998052,-0.21315601982226418,-0.06374075702228366,-0.17988455386654822,0.030469291066567705,1.2131560198222642,0.5,0.5,1000,17
0.19415226426522847,-0.19762103207244178,0.13972010262893506,0.33734113470137683,-0.054432161636293414,-0.14318887043614836,0.8602798973710649,0.5,1.0,,17
0.04751512282724209,-0.003867574665819329,0.04787387068017222,0.05174144534599155,0.0003587478529301358,-0.004226322518749465,0.9521261293198278,0.5,1.0,30,17
0.07922929942008468,-0.007156861051506089,0.07740616493278085,0.08456302598428694,-0.0018231344873038263,-0.005333726564202265,0.9225938350672191,0.5,1.0,50,17
0.10531968620409335,-0.01323954075942834,0.10063863552449051,0.11387817628391886,-0.004681050679602838,-0.00855849007982551,0.8993613644755095,0.5,1.0,100,17
0.1207080757826932,-0.033093101628941225,0.0988768279619939,0.13196992959093512,-0.021831247820699298,-0.011261853808241934,0.9011231720380061,0.5,1.0,250,17
0.13734295633777424,-0.06952457515611091,0.08352137759885793,0.15304595275496885,-0.05382157873891631,-0.015702996417194595,0.9164786224011421,0.5,1.0,500,17
0.12606768830724177,-0.1491159113998679,-0.018960954690615105,0.1301549567092528,-0.14502864299785687,-0.00408726840201103,1.018960954690615,0.5,1.0,1000,17
0.6165180377544093,-0.19570022602452744,0.5654506229441142,0.7611508489686416,-0.051067414810295086,-0.14463281121423233,0.4345493770558858,0.5,10.0,,17
0.10482471241058713,-0.004167438201552461,0.1088397225541524,0.11300716075570487,0.00401501014356527,-0.008182448345117735,0.8911602774458476,0.5,10.0,30,17
0.15887366366430863,-0.007244115781738003,0.16197338446767698,0.16921750024941498,0.0030997208033683443,-0.010343836585106347,0.838026615532323,0.5,10.0,50,17
0.2150030949454048,-0.013581859263299512,0.21880047516799536,0.23238233443129488,0.003797380222590574,-0.017379239485890097,0.7811995248320046,0.5,10.0,100,17
0.2744232081907269,-0.0335673557718895,0.26652762800397145,0.30009498377586097,-0.007895580186755458,-0.025671775585134032,0.7334723719960285,0.5,10.0,250,17
0.3486519413776982,-0.07028330095984163,0.32282576760546156,0.3931090685653032,-0.02582617377223667,-0.04445712718760497,0.6771742323945384,0.5,10.0,500,17
0.40130697808374804,-0.14885656463692606,0.3183868178129046,0.46724338244983066,-0.08292016027084342,-0.06593640436608267,0.6816131821870954,0.5,10.0,1000,17
0.6241690304975531,-0.195647421967801,0.5722366426356986,0.7678840646034997,-0.0519323878618545,-0.1437150341059465,0.4277633573643014,0.5,20.0,,17
0.10590953985086594,-0.0041941366879695964,0.1099538075378656,0.1141479442258352,0.004044267686999656,-0.008238404374969255,0.8900461924621343,0.5,20.0,30,17
0.16015624299737985,-0.0072245466873752835,0.1633611153089655,0.1705856619963408,0.0032048723115856437,-0.010429418998960938,0.8366388846910345,0.5,20.0,50,17
0.21688683313298573,-0.013605898796342487,0.22083514236097937,0.23444104115732187,0.003948309227993635,-0.017554208024336132,0.7791648576390207,0.5,20.0,100,17
0.2770298945040673,-0.03360169071890699,0.26936443157107,0.302966122289977,-0.007665462932997302,-0.025936227785909705,0.7306355684289301,0.5,20.0,250,17
0.3522776713760873,-0.07030106334177662,0.3269883574111691,0.3972894207529457,-0.02528931396491818,-0.04501174937685842,0.6730116425888308,0.5,20.0,500,17
0.40606535427060947,-0.14885337416362757,0.3242961056735819,0.47314947983720945,-0.08176924859702756,-0.06708412556660004,0.6757038943264181,0.5,20.0,1000,17
0.6267426248928385,-0.1956170718496908,0.5745240826336971,0.7701411544833879,-0.052218542259141354,-0.14339852959054944,0.42547591736630286,0.5,700.0,,17
0.10633703886369143,-0.004219220701118827,0.11036718287812929,0.11458640357924811,0.004030144014437853,-0.008249364715556678,0.8896328171218707,0.5,700.0,30,17
0.16057807242637082,-0.007201945310583877,0.16383445132321836,0.17103639663380224,0.003256378896847545,-0.010458324207431424,0.8361655486767816,0.5,700.0,50,17
0.2175509623483295,-0.013627956261261358,0.2215543245879405,0.23518228084920187,0.004003362239611008,-0.01763131850087238,0.7784456754120594,0.5,700.0,100,17
0.27791341776290845,-0.03363239383966868,0.2703171906845993,0.303949584524268,-0.007596227078309148,-0.02603616676135953,0.7296828093154006,0.5,700.0,250,17
0.3535144154951724,-0.07031093463195567,0.3284458163831505,0.3987567510151062,-0.02506859911202186,-0.04524233551993384,0.6715541836168495,0.5,700.0,500,17
0.4077028309885716,-0.14885093621763715,0.32637597001215163,0.4752269062297888,-0.08132686097641995,-0.06752407524121723,0.6736240299878484,0.5,700.0,1000,17
-0.06644282457636896,-0.19846324172502655,-0.1297296112529492,0.06873363047207734,-0.06328678667658025,-0.1351764550484463,1.1297296112529491,0.7,0.5,,17
0.011161236951062652,-0.0038137510979595096,0.009371863349407412,0.013185614447366921,-0.0017893736016552399,-0.0020243774963042693,0.9906281366505926,0.7,0.5,30,17
0.023304059117950162,-0.006991838903720709,0.018987689758389534,0.025979528662110243,-0.004316369359560628,-0.0026754695441600813,0.9810123102416105,0.7,0.5,50,17
0.030226226396221686,-0.013141410666344205,0.020267481547637026,0.03340889221398123,-0.00995874484858466,-0.0031826658177595453,0.979732518452363,0.7,0.5,100,17
0.02398718280731678,-0.033026933901991906,-0.005552424657626882,0.027474509244365022,-0.029539607464943662,-0.0034873264370482455,1.0055524246576268,0.7,0.5,250,17
0.007820394386366178,-0.06915076967627953,-0.06150249338361201,0.007648276292667525,-0.06932288776997819,0.00017211809369865189,1.061502493383612,0.7,0.5,500,17
-0.04376576749899972,-0.14941526279998052,-0.22583215974132986,-0.07641689694134934,-0.18206639224233015,0.03265112944234963,1.22583215974133,0.7,0.5,1000,17
0.17410782196842836,-0.19762103207244178,0.11702430894758419,0.31464534102002595,-0.057083513020844176,-0.14053751905159761,0.8829756910524158,0.7,1.0,,17
0.03397685432189125,-0.003867574665819329,0.034705896357276764,0.03857347102309609,0.0007290420353855132,-0.004596616701204842,0.9652941036427233,0.7,1.0,30,17
0.06317245815545203,-0.007156861051506089,0.06203824509240467,0.06919510614391076,-0.001134213063047354,-0.0060226479884587375,0.9379617549075954,0.7,1.0,50,17
0.08518188527975053,-0.01323954075942834,0.07976865188117785,0.0930081926406062,-0.005413233398572678,-0.007826307360855655,0.9202313481188221,0.7,1.0,100,17
0.10225936813510869,-0.033093101628941225,0.08095780063852084,0.11405090226746206,-0.021301567496587848,-0.01179153413235337,0.9190421993614791,0.7,1.0,250,17
0.11488358302124788,-0.06952457515611091,0.06067967442025998,0.1302042495763709,-0.05420390860098789,-0.015320666555123014,0.93932032557974,0.7,1.0,500,17
0.09980632113670536,-0.1491159113998679,-0.048367123306060675,0.10074878809380723,-0.14817344444276603,-0.0009424669571018729,1.0483671233060607,0.7,1.0,1000,17
0.5672638597038431,-0.19570022602452744,0.5187307896848063,0.7144310157093338,-0.04853307001903673,-0.14716715600549068,0.48126921031519365,0.7,10.0,,17
0.07668643704530949,-0.004167438201552461,0.08145858170397406,0.08562601990552653,0.004772144658664573,-0.008939582860217038,0.918541418296026,0.7,10.0,30,17
0.12759065098086558,-0.007244115781738003,0.13169580805140774,0.13893992383314574,0.004105157070542154,-0.011349272852280157,0.8683041919485923,0.7,10.0,50,17
0.17490815812503116,-0.013581859263299512,0.17732685227127654,0.19090871153457606,0.002418694146245376,-0.0160005534095449,0.8226731477287235,0.7,10.0,100,17
0.2359331623083413,-0.0335673557718895,0.2291959308132543,0.2627632865851438,-0.006737231495087009,-0.02683012427680248,0.7708040691867457,0.7,10.0,250,17
0.3011966371007519,-0.07028330095984163,0.2743101695217879,0.3445934704816295,-0.026886467578964013,-0.04339683338087763,0.7256898304782121,0.7,10.0,500,17
0.34588270634702756,-0.14885656463692606,0.25721356010823315,0.40607012474515924,-0.0886691462387944,-0.06018741839813166,0.7427864398917668,0.7,10.0,1000,17
0.5735047008113461,-0.195647421967801,0.5250919928353539,0.720739414803155,-0.048412707975992175,-0.14723471399180882,0.4749080071646461,0.7,20.0,,17
0.07753060196416942,-0.0041941366879695964,0.08232894667321794,0.08652308336118754,0.004798344709048524,-0.008992481397018123,0.917671053326782,0.7,20.0,30,17
0.12860988315472516,-0.0072245466873752835,0.1327994856940252,0.1400240323814005,0.004189602539300036,-0.011414149226675316,0.8672005143059748,0.7,20.0,50,17
0.17642058516249395,-0.013605898796342487,0.17898466613659356,0.19259056493293605,0.002564080974099603,-0.0161699797704421,0.8210153338634064,0.7,20.0,100,17
0.2381908775483838,-0.03360169071890699,0.23170345538454812,0.2653051461034551,-0.006487422163835688,-0.02711426855507132,0.7682965446154519,0.7,20.0,250,17
0.3043778403396833,-0.07030106334177662,0.27800079891829005,0.34830186226006665,-0.026377041421393244,-0.04392402192038336,0.72199920108171,0.7,20.0,500,17
0.3501140589334437,-0.14885337416362757,0.26249222012901313,0.4113455942926407,-0.08762183880443059,-0.06123153535919698,0.7375077798709868,0.7,20.0,1000,17
0.5756021940836786,-0.1956170718496908,0.5272341974585567,0.7228512693082475,-0.04836799662512192,-0.14724907522456887,0.4727658025414433,0.7,700.0,,17
0.07788774951813693,-0.004219220701118827,0.08266255416499253,0.08688177486611136,0.004774804646855604,-0.00899402534797443,0.9173374458350074,0.7,700.0,30,17
0.12893054508613022,-0.007201945310583877,0.133146545899642,0.14034849121022588,0.004216000813511783,-0.011417946124095663,0.866853454100358,0.7,700.0,50,17
0.1769350716008104,-0.013627956261261358,0.17955738931818752,0.19318534557944889,0.002622317717377115,-0.016250273978638485,0.8204426106818125,0.7,700.0,100,17
0.2389562959677063,-0.03363239383966868,0.2325539200257265,0.26618631386539515,-0.006402375941979788,-0.02723001789768889,0.7674460799742735,0.7,700.0,250,17
0.3054622021675195,-0.07031093463195567,0.27928605495071473,0.3495969895826704,-0.02617614721680478,-0.044134787415150895,0.7207139450492852,0.7,700.0,500,17
0.3515697073063053,-0.14885093621763715,0.2643159261575098,0.413166862375147,-0.0872537811487955,-0.06159715506884164,0.7356840738424901,0.7,700.0,1000,17
-0.05153256115810551,-0.20264549018502506,-0.11120466833506112,0.09144082184996394,-0.05967210717695561,-0.14297338300806947,1.1112046683350612,0.3,0.5,,18
0.027351775946281447,-0.0038955563298404884,0.025541881349265463,0.029437437679105952,-0.0018098945970159847,-0.002085661732824505,0.9744581186507345,0.3,0.5,30,18
0.02812230335374842,-0.0065489468695848,0.023458324357738595,0.030007271227323395,-0.004663978996009826,-0.001884967873574974,0.9765416756422614,0.3,0.5,50,18
0.0449192181753565,-0.01298363713182283,0.03524857819853122,0.04823221533035405,-0.009670639976825275,-0.0033129971549975545,0.9647514218014688,0.3,0.5,100,18
0.038177386541129225,-0.03343865468434942,0.008537551343333035,0.041976206027682456,-0.029639835197796192,-0.003798819486553232,0.991462448656667,0.3,0.5,250,18
0.025553001611914428,-0.06935210292867408,-0.04288952918158381,0.026462573747090268,-0.06844253079349824,-0.0009095721351758401,1.0428895291815838,0.3,0.5,500,18
-0.030613124011815915,-0.1514703132298194,-0.210179044676427,-0.0587087314466076,-0.17956592066461108,0.02809560743479167,1.2101790446764271,0.3,0.5,1000,18
0.21111016391388263,-0.20721787154665725,0.15561973208742388,0.36283760363408113,-0.05549043182645874,-0.1517274397201985,0.8443802679125761,0.3,1.0,,18
0.06921177397197216,-0.003888153131024885,0.07053698500202034,0.07442513813304523,0.001325211030048179,-0.00521336416107307,0.9294630149979797,0.3,1.0,30,18
0.07426106692417565,-0.0066607615449888425,0.07184098893707516,0.07850175048206401,-0.0024200779871004913,-0.004240683557888356,0.9281590110629249,0.3,1.0,50,18
0.11929478455345745,-0.013022531415982171,0.11421590570653345,0.12723843712251562,-0.005078878846923998,-0.007943652569058171,0.8857840942934665,0.3,1.0,100,18
0.13785072059559872,-0.033623987314248496,0.11639363342183943,0.15001762073608793,-0.021457087173759284,-0.012166900140489212,0.8836063665781606,0.3,1.0,250,18
0.15455843552155835,-0.06984099819914055,0.10135233206737107,0.17119333026651162,-0.053206103454187276,-0.016634894744953277,0.898647667932629,0.3,1.0,500,18
0.13404160733776316,-0.1523005689195773,-0.009889557847445841,0.14241101107213147,-0.143931165185209,-0.008369403734368301,1.0098895578474458,0.3,1.0,1000,18
0.6577677720258546,-0.21479184885313787,0.5955522007302269,0.8103440495833647,-0.062215571295627714,-0.15257627755751013,0.40444779926977314,0.3,10.0,,18
0.13985430172012453,-0.004007472891188139,0.14647062411584796,0.1504780970070361,0.006616322395723434,-0.01062379528691157,0.853529375884152,0.3,10.0,30,18
0.15307643726615044,-0.007194861492053745,0.15458039753980463,0.16177525903185838,0.0015039602736541813,-0.008698821765707937,0.8454196024601954,0.3,10.0,50,18
0.23566381227586894,-0.013299701472964897,0.23783154964292158,0.25113125111588647,0.002167737367052641,-0.015467438840017528,0.7621684503570785,0.3,10.0,100,18
0.310563501482913,-0.0340053690637408,0.3036027101239272,0.337608079187668,-0.006960791358985807,-0.02704457770475499,0.6963972898760729,0.3,10.0,250,18
0.37849591474146294,-0.07031526055059227,0.35283716139322585,0.42315242194381814,-0.025658753348237084,-0.0446565072023552,0.6471628386067741,0.3,10.0,500,18
0.42548011973200583,-0.15318939906380444,0.34610591340476016,0.4992953124685646,-0.07937420632724568,-0.07381519273655879,0.6538940865952398,0.3,10.0,1000,18
0.6670491194346887,-0.21492262837538384,0.6028513340189078,0.8177739623942917,-0.06419778541578092,-0.15072484295960292,0.3971486659810922,0.3,20.0,,18
0.14103445583572416,-0.004021456744937161,0.14774140773232386,0.15176286447726103,0.0067069518965997,-0.010728408641536874,0.8522585922676762,0.3,20.0,30,18
0.1543965220979289,-0.007223181820286948,0.155968103283074,0.16319128510336095,0.00157158118514511,-0.008794763005432055,0.844031896716926,0.3,20.0,50,18
0.23751893641502853,-0.013323044938773461,0.2397874035629452,0.25311044850171865,0.002268467147916675,-0.015591512086690129,0.7602125964370547,0.3,20.0,100,18
0.3134346730519467,-0.03402346768470917,0.30670591470604913,0.3407293823907583,-0.00672875834589759,-0.027294709338811562,0.6932940852939509,0.3,20.0,250,18
0.38235306108337413,-0.0702942517821977,0.3572071706270249,0.4275014224092226,-0.02514589045634924,-0.04514836132584843,0.6427928293729751,0.3,20.0,500,18
0.4305437187507472,-0.15317777041913824,0.35232749677820013,0.5055052671973383,-0.07821622197254707,-0.07496154844659114,0.6476725032217998,0.3,20.0,1000,18
0.6702562638907323,-0.21497436642864862,0.6053308109927715,0.8203051774214202,-0.06492545289796081,-0.15004891353068783,0.39466918900722847,0.3,700.0,,18
0.14139013827524446,-0.0040340510067328715,0.1481308320563466,0.1521648830630795,0.006740693781102147,-0.010774744787835022,0.8518691679436534,0.3,700.0,30,18
0.15480254907216282,-0.0072463621100004524,0.15639484716782825,0.16364120927782871,0.0015922980956654398,-0.0088386602056659,0.8436051528321717,0.3,700.0,50,18
0.2381320036373808,-0.013344732112595514,0.24042033265688773,0.25376506476948324,0.0022883290195069295,-0.015633061132102444,0.7595796673431123,0.3,700.0,100,18
0.3143421241491601,-0.03403855976578678,0.30767606169174233,0.3417146214575291,-0.006666062457417743,-0.027372497308369048,0.6923239383082577,0.3,700.0,250,18
0.383679220501583,-0.07026553811932128,0.3587330232421004,0.42899856136142167,-0.024946197259482605,-0.045319340859838686,0.6412669767578996,0.3,700.0,500,18
0.4322497950810733,-0.15315676573737647,0.3544405531163209,0.5075973188536973,-0.07780924196475242,-0.07534752377262405,0.6455594468836792,0.3,700.0,1000,18
-0.060012574789382794,-0.20264549018502506,-0.11998764453108851,0.08265784565393655,-0.05997506974170572,-0.14267042044331935,1.1199876445310886,0.5,0.5,,18
0.024199994796450606,-0.0038955563298404884,0.02340997619079976,0.02730553252064025,-0.0007900186056508454,-0.0031055377241896442,0.9765900238092002,0.5,0.5,30,18
0.02499320320867211,-0.0065489468695848,0.0209355489934283,0.0274844958630131,-0.00405765421524381,-0.0024912926543409902,0.9790644510065717,0.5,0.5,50,18
0.04111357538472984,-0.01298363713182283,0.0316147339139264,0.04459837104574923,-0.009498841470803439,-0.003484795661019391,0.9683852660860736,0.5,0.5,100,18
0.03214623772622816,-0.03343865468434942,0.0026205522869550027,0.03605920697130442,-0.02952568543927316,-0.003912969245076264,0.997379447713045,0.5,0.5,250,18
0.01912772800249227,-0.06935210292867408,-0.04912108060493813,0.02023102232373595,-0.0682488086074304,-0.0011032943212436822,1.049121080604938,0.5,0.5,500,18
-0.03706052689414678,-0.1514703132298194,-0.21837949653578462,-0.06690918330596521,-0.18131896964163785,0.029848656411818414,1.2183794965357846,0.5,0.5,1000,18
