seed,mi_theoretical,mi_sample_no_bias,mi_sample_with_bias,N,p,dims,total_mi_key
0,0.0,0.05109092996084561,-0.013032954900198589,800,10,"[5, 5, 10]","I(M1,M2;T)"
1,0.0,0.059954742035748895,-0.004357491206405481,800,10,"[5, 5, 10]","I(M1,M2;T)"
2,0.0,0.06611275904346212,0.0018074110891451306,800,10,"[5, 5, 10]","I(M1,M2;T)"
3,0.0,0.06675392254564114,0.0021396411247496944,800,10,"[5, 5, 10]","I(M1,M2;T)"
4,0.0,0.05641582752613443,-0.007204508639361479,800,10,"[5, 5, 10]","I(M1,M2;T)"
5,0.0,0.06138182262128968,-0.0035948711596118857,800,10,"[5, 5, 10]","I(M1,M2;T)"
6,0.0,0.08112421548891285,0.01679452574843765,800,10,"[5, 5, 10]","I(M1,M2;T)"
7,0.0,0.05963973927100837,-0.0046371490314932665,800,10,"[5, 5, 10]","I(M1,M2;T)"
8,0.0,0.059931240637430924,-0.0031706512005894166,800,10,"[5, 5, 10]","I(M1,M2;T)"
9,0.0,0.06076640382570744,-0.003324228801774111,800,10,"[5, 5, 10]","I(M1,M2;T)"
10,0.0,0.05188052872725864,-0.012302479317623391,800,10,"[5, 5, 10]","I(M1,M2;T)"
11,0.0,0.0696340509054286,0.005531341452950367,800,10,"[5, 5, 10]","I(M1,M2;T)"
12,0.0,0.06894841015772177,0.004893403189637172,800,10,"[5, 5, 10]","I(M1,M2;T)"
13,0.0,0.0572461400810604,-0.007255641983945883,800,10,"[5, 5, 10]","I(M1,M2;T)"
14,0.0,0.06389342227563456,-0.00018006417374369366,800,10,"[5, 5, 10]","I(M1,M2;T)"
15,0.0,0.07510187537502418,0.010035985963653044,800,10,"[5, 5, 10]","I(M1,M2;T)"
16,0.0,0.05569913057015731,-0.009104492568027756,800,10,"[5, 5, 10]","I(M1,M2;T)"
17,0.0,0.054669133260652356,-0.009881802502278977,800,10,"[5, 5, 10]","I(M1,M2;T)"
18,0.0,0.06866460304914036,0.004490979632997064,800,10,"[5, 5, 10]","I(M1,M2;T)"
19,0.0,0.08345241409061274,0.018723652971964877,800,10,"[5, 5, 10]","I(M1,M2;T)"
20,0.0,0.04992133101266485,-0.01355582413117596,800,10,"[5, 5, 10]","I(M1,M2;T)"
21,0.0,0.07246778806136857,0.008219727091556953,800,10,"[5, 5, 10]","I(M1,M2;T)"
22,0.0,0.061567325939293344,-0.0031155294229520403,800,10,"[5, 5, 10]","I(M1,M2;T)"
23,0.0,0.05872655174432677,-0.004906332286674378,800,10,"[5, 5, 10]","I(M1,M2;T)"
24,0.0,0.0479164975687663,-0.016515625399338027,800,10,"[5, 5, 10]","I(M1,M2;T)"
25,0.0,0.050098876978144344,-0.014642565404521732,800,10,"[5, 5, 10]","I(M1,M2;T)"
26,0.0,0.07882531558344125,0.01488089918712171,800,10,"[5, 5, 10]","I(M1,M2;T)"
27,0.0,0.061545041673534084,-0.0035302314439694116,800,10,"[5, 5, 10]","I(M1,M2;T)"
28,0.0,0.060120462218880344,-0.004885365797154817,800,10,"[5, 5, 10]","I(M1,M2;T)"
29,0.0,0.06160555056087455,-0.001716415234323504,800,10,"[5, 5, 10]","I(M1,M2;T)"
30,0.0,0.05636632741062163,-0.007638154644738257,800,10,"[5, 5, 10]","I(M1,M2;T)"
31,0.0,0.07071358282100591,0.006006674188960781,800,10,"[5, 5, 10]","I(M1,M2;T)"
32,0.0,0.06662591606140389,0.0026364887977596563,800,10,"[5, 5, 10]","I(M1,M2;T)"
33,0.0,0.04839101489521064,-0.016056465457548103,800,10,"[5, 5, 10]","I(M1,M2;T)"
34,0.0,0.06357447917643613,-0.0005883833585639264,800,10,"[5, 5, 10]","I(M1,M2;T)"
35,0.0,0.06992607639739692,0.00541744827310954,800,10,"[5, 5, 10]","I(M1,M2;T)"
36,0.0,0.05875764324415162,-0.004766559512744982,800,10,"[5, 5, 10]","I(M1,M2;T)"
37,0.0,0.051279924784037915,-0.013188382088042634,800,10,"[5, 5, 10]","I(M1,M2;T)"
38,0.0,0.053564881712802534,-0.01100611097550118,800,10,"[5, 5, 10]","I(M1,M2;T)"
39,0.0,0.05054004583152889,-0.01442694128956383,800,10,"[5, 5, 10]","I(M1,M2;T)"
40,0.0,0.058643197309536856,-0.005993108598551282,800,10,"[5, 5, 10]","I(M1,M2;T)"
41,0.0,0.07879866751045315,0.015081778191876269,800,10,"[5, 5, 10]","I(M1,M2;T)"
42,0.0,0.08618973724774504,0.022498593783245563,800,10,"[5, 5, 10]","I(M1,M2;T)"
43,0.0,0.0630165791172757,-0.0012672255383135295,800,10,"[5, 5, 10]","I(M1,M2;T)"
44,0.0,0.06143654379093064,-0.002226510907405943,800,10,"[5, 5, 10]","I(M1,M2;T)"
45,0.0,0.06659673692042697,0.00205577755127459,800,10,"[5, 5, 10]","I(M1,M2;T)"
46,0.0,0.06561334630366308,0.0008423820558562389,800,10,"[5, 5, 10]","I(M1,M2;T)"
47,0.0,0.0628006750007298,-0.0011424800872811142,800,10,"[5, 5, 10]","I(M1,M2;T)"
48,0.0,0.05669978518082934,-0.007509596716879036,800,10,"[5, 5, 10]","I(M1,M2;T)"
49,0.0,0.06083546697266479,-0.0036357231830922987,800,10,"[5, 5, 10]","I(M1,M2;T)"
50,0.0,0.06137817635240114,-0.002282108323226062,800,10,"[5, 5, 10]","I(M1,M2;T)"
51,0.0,0.07040730516582559,0.0058311036289162566,800,10,"[5, 5, 10]","I(M1,M2;T)"
52,0.0,0.08931375152669178,0.02546809216647679,800,10,"[5, 5, 10]","I(M1,M2;T)"
53,0.0,0.06846902288761914,0.004284134245347557,800,10,"[5, 5, 10]","I(M1,M2;T)"
54,0.0,0.06449613138435065,0.0004208753299118906,800,10,"[5, 5, 10]","I(M1,M2;T)"
55,0.0,0.061316327223253274,-0.0037299073940501096,800,10,"[5, 5, 10]","I(M1,M2;T)"
56,0.0,0.07445254438026308,0.009533101488829104,800,10,"[5, 5, 10]","I(M1,M2;T)"
57,0.0,0.05456919932864475,-0.009468725673076397,800,10,"[5, 5, 10]","I(M1,M2;T)"
58,0.0,0.0696888807496265,0.0054379905914863635,800,10,"[5, 5, 10]","I(M1,M2;T)"
59,0.0,0.06471746231774089,0.00044778251420247994,800,10,"[5, 5, 10]","I(M1,M2;T)"
60,0.0,0.06290048331400831,-0.0008377103298518734,800,10,"[5, 5, 10]","I(M1,M2;T)"
61,0.0,0.059216431414876654,-0.005537391938493362,800,10,"[5, 5, 10]","I(M1,M2;T)"
62,0.0,0.06122001631479374,-0.0023418164093535407,800,10,"[5, 5, 10]","I(M1,M2;T)"
63,0.0,0.051037146597255646,-0.01326602488427319,800,10,"[5, 5, 10]","I(M1,M2;T)"
64,0.0,0.056449577086646,-0.007653555761464426,800,10,"[5, 5, 10]","I(M1,M2;T)"
65,0.0,0.08348833099586887,0.018439056278368837,800,10,"[5, 5, 10]","I(M1,M2;T)"
66,0.0,0.05922337612255074,-0.00495625435188099,800,10,"[5, 5, 10]","I(M1,M2;T)"
67,0.0,0.05682295842612757,-0.008420488140431517,800,10,"[5, 5, 10]","I(M1,M2;T)"
68,0.0,0.06243613524040737,-0.0012795105509044932,800,10,"[5, 5, 10]","I(M1,M2;T)"
69,0.0,0.05789152993737072,-0.007113552034712367,800,10,"[5, 5, 10]","I(M1,M2;T)"
70,0.0,0.06506131692262727,0.0008107179860931402,800,10,"[5, 5, 10]","I(M1,M2;T)"
71,0.0,0.07081044296417636,0.005527338340314325,800,10,"[5, 5, 10]","I(M1,M2;T)"
72,0.0,0.06321653507012279,-0.0004327922483304131,800,10,"[5, 5, 10]","I(M1,M2;T)"
73,0.0,0.058699530025849045,-0.004806574288162446,800,10,"[5, 5, 10]","I(M1,M2;T)"
74,0.0,0.059037479019145606,-0.0054250322876552015,800,10,"[5, 5, 10]","I(M1,M2;T)"
75,0.0,0.06894177139579961,0.004806959330082794,800,10,"[5, 5, 10]","I(M1,M2;T)"
76,0.0,0.06253452906865611,-0.0023726021025606975,800,10,"[5, 5, 10]","I(M1,M2;T)"
77,0.0,0.06009981413943925,-0.004305628411977999,800,10,"[5, 5, 10]","I(M1,M2;T)"
78,0.0,0.05219726067491308,-0.012238102530864728,800,10,"[5, 5, 10]","I(M1,M2;T)"
79,0.0,0.058799708796387185,-0.005350765056902296,800,10,"[5, 5, 10]","I(M1,M2;T)"
80,0.0,0.06064251251365836,-0.0038632303421595876,800,10,"[5, 5, 10]","I(M1,M2;T)"
81,0.0,0.06296402206025403,-0.0010359013435985442,800,10,"[5, 5, 10]","I(M1,M2;T)"
82,0.0,0.06571132737924573,0.001393766721658779,800,10,"[5, 5, 10]","I(M1,M2;T)"
83,0.0,0.062081957436848474,-0.0025048316922101146,800,10,"[5, 5, 10]","I(M1,M2;T)"
84,0.0,0.07743180278934289,0.012905044080180172,800,10,"[5, 5, 10]","I(M1,M2;T)"
85,0.0,0.06996640000605694,0.005674446165130423,800,10,"[5, 5, 10]","I(M1,M2;T)"
86,0.0,0.0524724224953177,-0.011505675917836154,800,10,"[5, 5, 10]","I(M1,M2;T)"
87,0.0,0.0566708134760501,-0.007655635742501721,800,10,"[5, 5, 10]","I(M1,M2;T)"
88,0.0,0.07250434230124375,0.008216186421079213,800,10,"[5, 5, 10]","I(M1,M2;T)"
89,0.0,0.05141019629513957,-0.013712138554850942,800,10,"[5, 5, 10]","I(M1,M2;T)"
90,0.0,0.09740799678736922,0.0330221107862855,800,10,"[5, 5, 10]","I(M1,M2;T)"
91,0.0,0.05345143587837906,-0.011199177765045108,800,10,"[5, 5, 10]","I(M1,M2;T)"
92,0.0,0.060828972346658,-0.003082427090352516,800,10,"[5, 5, 10]","I(M1,M2;T)"
93,0.0,0.05746453502137009,-0.007029680512361462,800,10,"[5, 5, 10]","I(M1,M2;T)"
94,0.0,0.059942831295918875,-0.004179231865271832,800,10,"[5, 5, 10]","I(M1,M2;T)"
95,0.0,0.06711701066798927,0.0029972971490094535,800,10,"[5, 5, 10]","I(M1,M2;T)"
96,0.0,0.047157993411774055,-0.017285267157251538,800,10,"[5, 5, 10]","I(M1,M2;T)"
97,0.0,0.05016059778536756,-0.014220720940048677,800,10,"[5, 5, 10]","I(M1,M2;T)"
98,0.0,0.06267775737666306,-0.0024112633888239005,800,10,"[5, 5, 10]","I(M1,M2;T)"
99,0.0,0.08313106594058647,0.01991199880650664,800,10,"[5, 5, 10]","I(M1,M2;T)"
100,0.0,0.07057819665226078,0.006111094461054567,800,10,"[5, 5, 10]","I(M1,M2;T)"
101,0.0,0.05965306252576575,-0.004424863216041165,800,10,"[5, 5, 10]","I(M1,M2;T)"
102,0.0,0.05491200535155245,-0.009086214539053984,800,10,"[5, 5, 10]","I(M1,M2;T)"
103,0.0,0.058464968651850704,-0.005971939453231184,800,10,"[5, 5, 10]","I(M1,M2;T)"
104,0.0,0.05952669471629868,-0.00563133122234083,800,10,"[5, 5, 10]","I(M1,M2;T)"
105,0.0,0.06019983962964498,-0.0031966810167258497,800,10,"[5, 5, 10]","I(M1,M2;T)"
106,0.0,0.06466263557604386,0.0009480736634285003,800,10,"[5, 5, 10]","I(M1,M2;T)"
107,0.0,0.07728759173825922,0.012701653279913627,800,10,"[5, 5, 10]","I(M1,M2;T)"
108,0.0,0.058319798639274105,-0.005928645274124601,800,10,"[5, 5, 10]","I(M1,M2;T)"
109,0.0,0.054741171599514055,-0.01012944893089271,800,10,"[5, 5, 10]","I(M1,M2;T)"
110,0.0,0.055913614837030584,-0.007890338676062605,800,10,"[5, 5, 10]","I(M1,M2;T)"
111,0.0,0.0647327902513017,0.0006812223887011498,800,10,"[5, 5, 10]","I(M1,M2;T)"
112,0.0,0.06350256011400715,-0.0010754416424935548,800,10,"[5, 5, 10]","I(M1,M2;T)"
113,0.0,0.06054278759179956,-0.003783985201287761,800,10,"[5, 5, 10]","I(M1,M2;T)"
114,0.0,0.05332845316563711,-0.010512144416263025,800,10,"[5, 5, 10]","I(M1,M2;T)"
115,0.0,0.0760149869118725,0.011968766304079004,800,10,"[5, 5, 10]","I(M1,M2;T)"
116,0.0,0.061710736824504495,-0.0024100619589331324,800,10,"[5, 5, 10]","I(M1,M2;T)"
117,0.0,0.06937874786914856,0.0047738023704485405,800,10,"[5, 5, 10]","I(M1,M2;T)"
118,0.0,0.06382728649282138,-0.0009782296991478062,800,10,"[5, 5, 10]","I(M1,M2;T)"
119,0.0,0.07391280334710548,0.009184143768681388,800,10,"[5, 5, 10]","I(M1,M2;T)"
120,0.0,0.05394351204363351,-0.009876327068302437,800,10,"[5, 5, 10]","I(M1,M2;T)"
121,0.0,0.06168218491379666,-0.0025515101834157825,800,10,"[5, 5, 10]","I(M1,M2;T)"
122,0.0,0.06198415709933065,-0.0027146536194033594,800,10,"[5, 5, 10]","I(M1,M2;T)"
123,0.0,0.06761872575207865,0.0034250377305926477,800,10,"[5, 5, 10]","I(M1,M2;T)"
124,0.0,0.06191345222873676,-0.001901076034186544,800,10,"[5, 5, 10]","I(M1,M2;T)"
125,0.0,0.05242242187060364,-0.012374102835136347,800,10,"[5, 5, 10]","I(M1,M2;T)"
126,0.0,0.0678116413474182,0.0038661879324948384,800,10,"[5, 5, 10]","I(M1,M2;T)"
127,0.0,0.06428310535006346,-0.0001770859020042287,800,10,"[5, 5, 10]","I(M1,M2;T)"
128,0.0,0.0582686667708057,-0.005276659563190074,800,10,"[5, 5, 10]","I(M1,M2;T)"
129,0.0,0.05369249960131223,-0.01055456045303893,800,10,"[5, 5, 10]","I(M1,M2;T)"
130,0.0,0.053477952792262265,-0.010197959090130784,800,10,"[5, 5, 10]","I(M1,M2;T)"
131,0.0,0.07880284154808792,0.01359554316340185,800,10,"[5, 5, 10]","I(M1,M2;T)"
132,0.0,0.0769680011512573,0.011470976079179587,800,10,"[5, 5, 10]","I(M1,M2;T)"
133,0.0,0.07764295537475475,0.01367374080753217,800,10,"[5, 5, 10]","I(M1,M2;T)"
134,0.0,0.05745575611819181,-0.006441652035453806,800,10,"[5, 5, 10]","I(M1,M2;T)"
135,0.0,0.06436306110267373,4.3293307665032144e-05,800,10,"[5, 5, 10]","I(M1,M2;T)"
136,0.0,0.06167991622317076,-0.0029191619990743545,800,10,"[5, 5, 10]","I(M1,M2;T)"
137,0.0,0.06801047912234828,0.0028339090331754024,800,10,"[5, 5, 10]","I(M1,M2;T)"
138,0.0,0.06946616628245808,0.004888245753040185,800,10,"[5, 5, 10]","I(M1,M2;T)"
139,0.0,0.0537548938542565,-0.010557098569290588,800,10,"[5, 5, 10]","I(M1,M2;T)"
140,0.0,0.07544522540745274,0.011075087516821014,800,10,"[5, 5, 10]","I(M1,M2;T)"
141,0.0,0.0640029566333797,-3.988733898881158e-05,800,10,"[5, 5, 10]","I(M1,M2;T)"
142,0.0,0.050380910858428524,-0.014217976609891297,800,10,"[5, 5, 10]","I(M1,M2;T)"
143,0.0,0.07414886125871376,0.009988319449763403,800,10,"[5, 5, 10]","I(M1,M2;T)"
144,0.0,0.05643133119895602,-0.008095576399763438,800,10,"[5, 5, 10]","I(M1,M2;T)"
145,0.0,0.045010543105414774,-0.019195390751050048,800,10,"[5, 5, 10]","I(M1,M2;T)"
146,0.0,0.05660323941891738,-0.00814130701742636,800,10,"[5, 5, 10]","I(M1,M2;T)"
147,0.0,0.065434007933179,0.0014452453781983315,800,10,"[5, 5, 10]","I(M1,M2;T)"
148,0.0,0.057520691570554686,-0.006866476266909685,800,10,"[5, 5, 10]","I(M1,M2;T)"
149,0.0,0.043390948377765665,-0.021057662972706392,800,10,"[5, 5, 10]","I(M1,M2;T)"
150,0.0,0.0652581630349131,0.0008207191544121473,800,10,"[5, 5, 10]","I(M1,M2;T)"
151,0.0,0.0418994442077999,-0.023025572213676203,800,10,"[5, 5, 10]","I(M1,M2;T)"
152,0.0,0.06899998817040717,0.004381357126708382,800,10,"[5, 5, 10]","I(M1,M2;T)"
153,0.0,0.06190531793344846,-0.001943544063110536,800,10,"[5, 5, 10]","I(M1,M2;T)"
154,0.0,0.05526806082268597,-0.008870303856281056,800,10,"[5, 5, 10]","I(M1,M2;T)"
155,0.0,0.07504091932077203,0.010403439968380362,800,10,"[5, 5, 10]","I(M1,M2;T)"
156,0.0,0.07336432797542768,0.009686957687908282,800,10,"[5, 5, 10]","I(M1,M2;T)"
157,0.0,0.057832542618930824,-0.006331457504843402,800,10,"[5, 5, 10]","I(M1,M2;T)"
158,0.0,0.05563430138652753,-0.008545540573306268,800,10,"[5, 5, 10]","I(M1,M2;T)"
159,0.0,0.06056480076684151,-0.004232256692747044,800,10,"[5, 5, 10]","I(M1,M2;T)"
160,0.0,0.06399908590303514,5.347905057302704e-05,800,10,"[5, 5, 10]","I(M1,M2;T)"
161,0.0,0.06572192289341178,0.001823626023291447,800,10,"[5, 5, 10]","I(M1,M2;T)"
162,0.0,0.05412562964648178,-0.009688721467885894,800,10,"[5, 5, 10]","I(M1,M2;T)"
163,0.0,0.07213068542644628,0.008080880987826125,800,10,"[5, 5, 10]","I(M1,M2;T)"
164,0.0,0.07834218364778703,0.013898063318127568,800,10,"[5, 5, 10]","I(M1,M2;T)"
165,0.0,0.04736476783703803,-0.016636911514245976,800,10,"[5, 5, 10]","I(M1,M2;T)"
166,0.0,0.06091937303484182,-0.002819351463609565,800,10,"[5, 5, 10]","I(M1,M2;T)"
167,0.0,0.0638162074577305,-0.00045600151407798606,800,10,"[5, 5, 10]","I(M1,M2;T)"
168,0.0,0.03909524855443429,-0.025239143179801832,800,10,"[5, 5, 10]","I(M1,M2;T)"
169,0.0,0.0761254924822081,0.011486232951579411,800,10,"[5, 5, 10]","I(M1,M2;T)"
170,0.0,0.05492549844053225,-0.009088632396596824,800,10,"[5, 5, 10]","I(M1,M2;T)"
171,0.0,0.05533171227087201,-0.008745242321352723,800,10,"[5, 5, 10]","I(M1,M2;T)"
172,0.0,0.06605528863416352,0.0011588879077821662,800,10,"[5, 5, 10]","I(M1,M2;T)"
173,0.0,0.060175494080290985,-0.004005720313412571,800,10,"[5, 5, 10]","I(M1,M2;T)"
174,0.0,0.05686918618308315,-0.008092958041604481,800,10,"[5, 5, 10]","I(M1,M2;T)"
175,0.0,0.07400746192010779,0.010197307607604275,800,10,"[5, 5, 10]","I(M1,M2;T)"
176,0.0,0.07829771981550873,0.013451678354501534,800,10,"[5, 5, 10]","I(M1,M2;T)"
177,0.0,0.06097920453309414,-0.0032848645078546387,800,10,"[5, 5, 10]","I(M1,M2;T)"
178,0.0,0.05748690291055714,-0.006857716268152923,800,10,"[5, 5, 10]","I(M1,M2;T)"
179,0.0,0.0629170706824354,-0.0006836275974052008,800,10,"[5, 5, 10]","I(M1,M2;T)"
180,0.0,0.0725116522007565,0.008244100435267715,800,10,"[5, 5, 10]","I(M1,M2;T)"
181,0.0,0.08274356617639322,0.01798195218079901,800,10,"[5, 5, 10]","I(M1,M2;T)"
182,0.0,0.06160306181459525,-0.0029065711722401494,800,10,"[5, 5, 10]","I(M1,M2;T)"
183,0.0,0.07550043798957576,0.01212078803956311,800,10,"[5, 5, 10]","I(M1,M2;T)"
184,0.0,0.0626810248182063,-0.0023393097046564837,800,10,"[5, 5, 10]","I(M1,M2;T)"
185,0.0,0.06976709110549792,0.006403173744250812,800,10,"[5, 5, 10]","I(M1,M2;T)"
186,0.0,0.07030552768309058,0.006555690043619958,800,10,"[5, 5, 10]","I(M1,M2;T)"
187,0.0,0.04758742789876873,-0.0172803780525687,800,10,"[5, 5, 10]","I(M1,M2;T)"
188,0.0,0.059221147744618806,-0.004342426369045339,800,10,"[5, 5, 10]","I(M1,M2;T)"
189,0.0,0.06898538487250472,0.0048274282800198215,800,10,"[5, 5, 10]","I(M1,M2;T)"
190,0.0,0.056050314237287124,-0.008269505978905772,800,10,"[5, 5, 10]","I(M1,M2;T)"
191,0.0,0.06715479366596602,0.0035307978222189895,800,10,"[5, 5, 10]","I(M1,M2;T)"
192,0.0,0.06272930093817677,-0.0017807819281110138,800,10,"[5, 5, 10]","I(M1,M2;T)"
193,0.0,0.06344347512166615,-0.0006794181869944904,800,10,"[5, 5, 10]","I(M1,M2;T)"
194,0.0,0.06540484491627938,0.0015287350427857088,800,10,"[5, 5, 10]","I(M1,M2;T)"
195,0.0,0.0632894767410607,-0.001622827359773732,800,10,"[5, 5, 10]","I(M1,M2;T)"
196,0.0,0.0751931229069473,0.01117825254179787,800,10,"[5, 5, 10]","I(M1,M2;T)"
197,0.0,0.06054634586064297,-0.003772341960759644,800,10,"[5, 5, 10]","I(M1,M2;T)"
198,0.0,0.05627458377286054,-0.00889645153217268,800,10,"[5, 5, 10]","I(M1,M2;T)"
199,0.0,0.06525442718441314,0.0014918510737244456,800,10,"[5, 5, 10]","I(M1,M2;T)"
200,0.0,0.059872062741578226,-0.004580896335759234,800,10,"[5, 5, 10]","I(M1,M2;T)"
201,0.0,0.05900037480290697,-0.004883666835209591,800,10,"[5, 5, 10]","I(M1,M2;T)"
202,0.0,0.06685418566417863,0.002386728554735984,800,10,"[5, 5, 10]","I(M1,M2;T)"
203,0.0,0.06649094358209648,0.0024472800450148907,800,10,"[5, 5, 10]","I(M1,M2;T)"
204,0.0,0.06871258868292282,0.0034109724212899595,800,10,"[5, 5, 10]","I(M1,M2;T)"
205,0.0,0.08408184326854146,0.020260100993952992,800,10,"[5, 5, 10]","I(M1,M2;T)"
206,0.0,0.05973816311198799,-0.004576200852994421,800,10,"[5, 5, 10]","I(M1,M2;T)"
207,0.0,0.07796535492646707,0.013752466478758912,800,10,"[5, 5, 10]","I(M1,M2;T)"
208,0.0,0.05095068139546676,-0.013769915639605536,800,10,"[5, 5, 10]","I(M1,M2;T)"
209,0.0,0.05182722371081849,-0.011913891675881444,800,10,"[5, 5, 10]","I(M1,M2;T)"
210,0.0,0.03922399996001909,-0.024096096714960505,800,10,"[5, 5, 10]","I(M1,M2;T)"
211,0.0,0.057717249500772054,-0.006177087143194322,800,10,"[5, 5, 10]","I(M1,M2;T)"
212,0.0,0.04640133861948954,-0.01780323579164121,800,10,"[5, 5, 10]","I(M1,M2;T)"
213,0.0,0.0736452759447947,0.008589355020286876,800,10,"[5, 5, 10]","I(M1,M2;T)"
214,0.0,0.05799026792172068,-0.006805198616550941,800,10,"[5, 5, 10]","I(M1,M2;T)"
215,0.0,0.059482619676081705,-0.004567654506391711,800,10,"[5, 5, 10]","I(M1,M2;T)"
216,0.0,0.05902970278222001,-0.005830797533342501,800,10,"[5, 5, 10]","I(M1,M2;T)"
217,0.0,0.06089441467075773,-0.0038487395493026558,800,10,"[5, 5, 10]","I(M1,M2;T)"
218,0.0,0.06061859535863913,-0.004176643178938885,800,10,"[5, 5, 10]","I(M1,M2;T)"
219,0.0,0.07684988327503822,0.012631919287865279,800,10,"[5, 5, 10]","I(M1,M2;T)"
220,0.0,0.05809564552599866,-0.0069672424954902445,800,10,"[5, 5, 10]","I(M1,M2;T)"
221,0.0,0.08073949665803762,0.016422495958579572,800,10,"[5, 5, 10]","I(M1,M2;T)"
222,0.0,0.05940450889552018,-0.005321741274207148,800,10,"[5, 5, 10]","I(M1,M2;T)"
223,0.0,0.05641704144601903,-0.007352588602616714,800,10,"[5, 5, 10]","I(M1,M2;T)"
224,0.0,0.05598511756818893,-0.007683563626061582,800,10,"[5, 5, 10]","I(M1,M2;T)"
225,0.0,0.06792708377897003,0.003475038956639892,800,10,"[5, 5, 10]","I(M1,M2;T)"
226,0.0,0.06123271155999187,-0.0036512332207591647,800,10,"[5, 5, 10]","I(M1,M2;T)"
227,0.0,0.06513842912381168,0.0011079863043457344,800,10,"[5, 5, 10]","I(M1,M2;T)"
228,0.0,0.0670407993548457,0.003006580665454492,800,10,"[5, 5, 10]","I(M1,M2;T)"
229,0.0,0.06500723547977169,0.0008861673125174913,800,10,"[5, 5, 10]","I(M1,M2;T)"
230,0.0,0.07114286379128391,0.006489222857049837,800,10,"[5, 5, 10]","I(M1,M2;T)"
231,0.0,0.060051603795707426,-0.003965503253819128,800,10,"[5, 5, 10]","I(M1,M2;T)"
232,0.0,0.06722453473075835,0.002911301359379781,800,10,"[5, 5, 10]","I(M1,M2;T)"
233,0.0,0.05195770724290926,-0.01291305851105088,800,10,"[5, 5, 10]","I(M1,M2;T)"
234,0.0,0.05884304887166101,-0.005255811814793281,800,10,"[5, 5, 10]","I(M1,M2;T)"
235,0.0,0.06719791551861189,0.003625989547724348,800,10,"[5, 5, 10]","I(M1,M2;T)"
236,0.0,0.0644624043967511,0.0010070281514235335,800,10,"[5, 5, 10]","I(M1,M2;T)"
237,0.0,0.07554376085536194,0.011071705549948532,800,10,"[5, 5, 10]","I(M1,M2;T)"
238,0.0,0.0729066089963572,0.007841743096856674,800,10,"[5, 5, 10]","I(M1,M2;T)"
239,0.0,0.06734051136463082,0.003687547788766732,800,10,"[5, 5, 10]","I(M1,M2;T)"
240,0.0,0.07577875913861516,0.011555189517575962,800,10,"[5, 5, 10]","I(M1,M2;T)"
241,0.0,0.07790974199302704,0.013476065811710555,800,10,"[5, 5, 10]","I(M1,M2;T)"
242,0.0,0.06929816726484807,0.0047023755742477275,800,10,"[5, 5, 10]","I(M1,M2;T)"
243,0.0,0.050981676798212354,-0.013393093779658506,800,10,"[5, 5, 10]","I(M1,M2;T)"
244,0.0,0.056439612965268504,-0.007320137280154487,800,10,"[5, 5, 10]","I(M1,M2;T)"
245,0.0,0.05911838560450021,-0.005120109972626449,800,10,"[5, 5, 10]","I(M1,M2;T)"
246,0.0,0.05667473491943785,-0.007629710689277966,800,10,"[5, 5, 10]","I(M1,M2;T)"
247,0.0,0.06167595449890003,-0.002849452862270084,800,10,"[5, 5, 10]","I(M1,M2;T)"
248,0.0,0.07269765580641077,0.007757925126835166,800,10,"[5, 5, 10]","I(M1,M2;T)"
249,0.0,0.06858430490362576,0.004036965185928998,800,10,"[5, 5, 10]","I(M1,M2;T)"
250,0.0,0.06860612096233898,0.004324353920937232,800,10,"[5, 5, 10]","I(M1,M2;T)"
251,0.0,0.0754687415200927,0.011103828464842896,800,10,"[5, 5, 10]","I(M1,M2;T)"
252,0.0,0.051477520953663154,-0.012606067791282795,800,10,"[5, 5, 10]","I(M1,M2;T)"
253,0.0,0.060810338061598086,-0.003963636759458954,800,10,"[5, 5, 10]","I(M1,M2;T)"
254,0.0,0.061636947446021814,-0.0036108679853285447,800,10,"[5, 5, 10]","I(M1,M2;T)"
255,0.0,0.0479289373840793,-0.016504013307170842,800,10,"[5, 5, 10]","I(M1,M2;T)"
256,0.0,0.058188803478750536,-0.005697999177501578,800,10,"[5, 5, 10]","I(M1,M2;T)"
257,0.0,0.07579604254327055,0.011759746134606841,800,10,"[5, 5, 10]","I(M1,M2;T)"
258,0.0,0.07337631090517924,0.009438419982947505,800,10,"[5, 5, 10]","I(M1,M2;T)"
259,0.0,0.05541801809685398,-0.009042139903218407,800,10,"[5, 5, 10]","I(M1,M2;T)"
260,0.0,0.06835626274964121,0.004461481966302139,800,10,"[5, 5, 10]","I(M1,M2;T)"
261,0.0,0.06172141078796863,-0.003036288408721867,800,10,"[5, 5, 10]","I(M1,M2;T)"
262,0.0,0.07008734902350779,0.005677846089483754,800,10,"[5, 5, 10]","I(M1,M2;T)"
263,0.0,0.06809219974715067,0.0037220318215540754,800,10,"[5, 5, 10]","I(M1,M2;T)"
264,0.0,0.05893705047318035,-0.005388791660574793,800,10,"[5, 5, 10]","I(M1,M2;T)"
265,0.0,0.06109012735418594,-0.0031118706835624316,800,10,"[5, 5, 10]","I(M1,M2;T)"
266,0.0,0.06442236965459947,-0.00018246602847302174,800,10,"[5, 5, 10]","I(M1,M2;T)"
267,0.0,0.0789893191851576,0.01415875651075163,800,10,"[5, 5, 10]","I(M1,M2;T)"
268,0.0,0.06468642015226694,-0.00030067770621104717,800,10,"[5, 5, 10]","I(M1,M2;T)"
269,0.0,0.06587753217785428,0.0007121872028831577,800,10,"[5, 5, 10]","I(M1,M2;T)"
270,0.0,0.06883625107020869,0.005031408125159287,800,10,"[5, 5, 10]","I(M1,M2;T)"
271,0.0,0.04246397756345416,-0.022224845023121498,800,10,"[5, 5, 10]","I(M1,M2;T)"
272,0.0,0.054648266111577054,-0.009840063517095599,800,10,"[5, 5, 10]","I(M1,M2;T)"
273,0.0,0.04627888576046935,-0.018031248050270766,800,10,"[5, 5, 10]","I(M1,M2;T)"
274,0.0,0.06492118027729377,0.0008517900982023263,800,10,"[5, 5, 10]","I(M1,M2;T)"
275,0.0,0.06998680610117183,0.006288843557204549,800,10,"[5, 5, 10]","I(M1,M2;T)"
276,0.0,0.061330208275568406,-0.00282104308680816,800,10,"[5, 5, 10]","I(M1,M2;T)"
277,0.0,0.05710472584480092,-0.007536411541893828,800,10,"[5, 5, 10]","I(M1,M2;T)"
278,0.0,0.07460032074620357,0.010528578998909854,800,10,"[5, 5, 10]","I(M1,M2;T)"
279,0.0,0.07392834063867307,0.009635853160383609,800,10,"[5, 5, 10]","I(M1,M2;T)"
280,0.0,0.06349755856240753,-2.3775031485664955e-05,800,10,"[5, 5, 10]","I(M1,M2;T)"
281,0.0,0.051274098918931185,-0.012418654909307755,800,10,"[5, 5, 10]","I(M1,M2;T)"
282,0.0,0.07613346116813105,0.012410272421022855,800,10,"[5, 5, 10]","I(M1,M2;T)"
283,0.0,0.05197580388640145,-0.013356727687695524,800,10,"[5, 5, 10]","I(M1,M2;T)"
284,0.0,0.06136038628637851,-0.0039064239107973325,800,10,"[5, 5, 10]","I(M1,M2;T)"
285,0.0,0.0726911744643974,0.007895052049883819,800,10,"[5, 5, 10]","I(M1,M2;T)"
286,0.0,0.06674982955869325,0.0031777915284389724,800,10,"[5, 5, 10]","I(M1,M2;T)"
287,0.0,0.06344098221222746,-0.0006914593366233318,800,10,"[5, 5, 10]","I(M1,M2;T)"
288,0.0,0.07287807049289935,0.008602989682401474,800,10,"[5, 5, 10]","I(M1,M2;T)"
289,0.0,0.05949767808053396,-0.004845155905470085,800,10,"[5, 5, 10]","I(M1,M2;T)"
290,0.0,0.06116019686038487,-0.0029660005637467193,800,10,"[5, 5, 10]","I(M1,M2;T)"
291,0.0,0.068683180120083,0.004566512460030134,800,10,"[5, 5, 10]","I(M1,M2;T)"
292,0.0,0.07394460363382799,0.009567042153131602,800,10,"[5, 5, 10]","I(M1,M2;T)"
293,0.0,0.05903036257058377,-0.005352515922630342,800,10,"[5, 5, 10]","I(M1,M2;T)"
294,0.0,0.07410367234007986,0.009981911818060796,800,10,"[5, 5, 10]","I(M1,M2;T)"
295,0.0,0.06589464793229728,0.0016556672492532842,800,10,"[5, 5, 10]","I(M1,M2;T)"
296,0.0,0.04984800006123492,-0.014789322082219822,800,10,"[5, 5, 10]","I(M1,M2;T)"
297,0.0,0.0712274928769033,0.006995593167150108,800,10,"[5, 5, 10]","I(M1,M2;T)"
298,0.0,0.06561215796998413,0.001884628651612666,800,10,"[5, 5, 10]","I(M1,M2;T)"
299,0.0,0.0633956520204367,-0.0005380533169137697,800,10,"[5, 5, 10]","I(M1,M2;T)"
300,0.0,0.07121186087587647,0.006452604869849235,800,10,"[5, 5, 10]","I(M1,M2;T)"
301,0.0,0.045037459115784786,-0.018273971382989057,800,10,"[5, 5, 10]","I(M1,M2;T)"
302,0.0,0.06258479550424757,-0.0013109092581182202,800,10,"[5, 5, 10]","I(M1,M2;T)"
303,0.0,0.07215015034314287,0.0074855091476779545,800,10,"[5, 5, 10]","I(M1,M2;T)"
304,0.0,0.061090986646193335,-0.003151942023780968,800,10,"[5, 5, 10]","I(M1,M2;T)"
305,0.0,0.07030443639371303,0.005977729599835696,800,10,"[5, 5, 10]","I(M1,M2;T)"
306,0.0,0.09053941963754215,0.02685820434806757,800,10,"[5, 5, 10]","I(M1,M2;T)"
307,0.0,0.046708228552205425,-0.01877054223303755,800,10,"[5, 5, 10]","I(M1,M2;T)"
308,0.0,0.056627990233707334,-0.007971084671274192,800,10,"[5, 5, 10]","I(M1,M2;T)"
309,0.0,0.048654065850238376,-0.0159094960957694,800,10,"[5, 5, 10]","I(M1,M2;T)"
310,0.0,0.07268331422563286,0.0073807324521298345,800,10,"[5, 5, 10]","I(M1,M2;T)"
311,0.0,0.06423966475315501,-0.00023784833144938067,800,10,"[5, 5, 10]","I(M1,M2;T)"
312,0.0,0.05611027312890479,-0.008446021373544749,800,10,"[5, 5, 10]","I(M1,M2;T)"
313,0.0,0.06403614038275118,-0.0012218637372631985,800,10,"[5, 5, 10]","I(M1,M2;T)"
314,0.0,0.06325706639755194,-0.0006308891234207276,800,10,"[5, 5, 10]","I(M1,M2;T)"
315,0.0,0.07505058066108858,0.009654644623584216,800,10,"[5, 5, 10]","I(M1,M2;T)"
316,0.0,0.055698493114137396,-0.008401857001627738,800,10,"[5, 5, 10]","I(M1,M2;T)"
317,0.0,0.06591843230904096,0.0016516772180026756,800,10,"[5, 5, 10]","I(M1,M2;T)"
318,0.0,0.06747487116229339,0.002431541843719895,800,10,"[5, 5, 10]","I(M1,M2;T)"
319,0.0,0.06673502216484503,0.0028741323601220448,800,10,"[5, 5, 10]","I(M1,M2;T)"
320,0.0,0.06622778358493218,0.00126770877903698,800,10,"[5, 5, 10]","I(M1,M2;T)"
321,0.0,0.07121791183175705,0.0065317567572254764,800,10,"[5, 5, 10]","I(M1,M2;T)"
322,0.0,0.05578625392893792,-0.008919400215310722,800,10,"[5, 5, 10]","I(M1,M2;T)"
323,0.0,0.06358692105993678,0.0003510376799013698,800,10,"[5, 5, 10]","I(M1,M2;T)"
324,0.0,0.05153196151382809,-0.012757090187739531,800,10,"[5, 5, 10]","I(M1,M2;T)"
325,0.0,0.05861822883386274,-0.006942272674011388,800,10,"[5, 5, 10]","I(M1,M2;T)"
326,0.0,0.07115035524532719,0.006279737461887883,800,10,"[5, 5, 10]","I(M1,M2;T)"
327,0.0,0.04675129671988551,-0.016473133311251484,800,10,"[5, 5, 10]","I(M1,M2;T)"
328,0.0,0.06957225022888058,0.004764663033964875,800,10,"[5, 5, 10]","I(M1,M2;T)"
329,0.0,0.049805248210928854,-0.01389719430829961,800,10,"[5, 5, 10]","I(M1,M2;T)"
330,0.0,0.052539589753056,-0.011731699685445456,800,10,"[5, 5, 10]","I(M1,M2;T)"
331,0.0,0.05010435774729022,-0.014819422416899375,800,10,"[5, 5, 10]","I(M1,M2;T)"
332,0.0,0.05920672109437244,-0.005364101649417245,800,10,"[5, 5, 10]","I(M1,M2;T)"
333,0.0,0.05889616808977896,-0.0059134734593267735,800,10,"[5, 5, 10]","I(M1,M2;T)"
334,0.0,0.05249992231756055,-0.011367932498036318,800,10,"[5, 5, 10]","I(M1,M2;T)"
335,0.0,0.05829657044885876,-0.0061112896448057424,800,10,"[5, 5, 10]","I(M1,M2;T)"
336,0.0,0.07645761511200362,0.013282366444951801,800,10,"[5, 5, 10]","I(M1,M2;T)"
337,0.0,0.05719729303810387,-0.0071602498739158985,800,10,"[5, 5, 10]","I(M1,M2;T)"
338,0.0,0.07861178748221852,0.01424762065734371,800,10,"[5, 5, 10]","I(M1,M2;T)"
339,0.0,0.06076546065977378,-0.00370674703469704,800,10,"[5, 5, 10]","I(M1,M2;T)"
340,0.0,0.06744745733833639,0.0032850065617093527,800,10,"[5, 5, 10]","I(M1,M2;T)"
341,0.0,0.06001750189139386,-0.003904243247336306,800,10,"[5, 5, 10]","I(M1,M2;T)"
342,0.0,0.07051103994964258,0.006358234160965925,800,10,"[5, 5, 10]","I(M1,M2;T)"
343,0.0,0.05225431387167188,-0.011621145691350622,800,10,"[5, 5, 10]","I(M1,M2;T)"
344,0.0,0.06173420863559599,-0.003034923483102109,800,10,"[5, 5, 10]","I(M1,M2;T)"
345,0.0,0.04980575933149386,-0.015022283867031895,800,10,"[5, 5, 10]","I(M1,M2;T)"
346,0.0,0.0757113713207885,0.01110171586259931,800,10,"[5, 5, 10]","I(M1,M2;T)"
347,0.0,0.05697907136774541,-0.007672882699005151,800,10,"[5, 5, 10]","I(M1,M2;T)"
348,0.0,0.06095031734870951,-0.0035712574711191103,800,10,"[5, 5, 10]","I(M1,M2;T)"
349,0.0,0.045536343263395944,-0.019234508139700505,800,10,"[5, 5, 10]","I(M1,M2;T)"
350,0.0,0.0722702730979194,0.008053130347050852,800,10,"[5, 5, 10]","I(M1,M2;T)"
351,0.0,0.06434916944922628,-0.0002090217401005262,800,10,"[5, 5, 10]","I(M1,M2;T)"
352,0.0,0.07282127604409491,0.008529268033129242,800,10,"[5, 5, 10]","I(M1,M2;T)"
353,0.0,0.045831706097675104,-0.01794758112694529,800,10,"[5, 5, 10]","I(M1,M2;T)"
354,0.0,0.05576363838673967,-0.00843972427157623,800,10,"[5, 5, 10]","I(M1,M2;T)"
355,0.0,0.05263477787980603,-0.012005601882976544,800,10,"[5, 5, 10]","I(M1,M2;T)"
356,0.0,0.06270976462615815,-0.0022106969811789556,800,10,"[5, 5, 10]","I(M1,M2;T)"
357,0.0,0.07055188288260687,0.006127386542313498,800,10,"[5, 5, 10]","I(M1,M2;T)"
358,0.0,0.06943342747887421,0.0055980125131601804,800,10,"[5, 5, 10]","I(M1,M2;T)"
359,0.0,0.06491401892699397,0.0002843175877751819,800,10,"[5, 5, 10]","I(M1,M2;T)"
360,0.0,0.05955589575626856,-0.005679845411006662,800,10,"[5, 5, 10]","I(M1,M2;T)"
361,0.0,0.05796779252601875,-0.006366399712107479,800,10,"[5, 5, 10]","I(M1,M2;T)"
362,0.0,0.04753784930381223,-0.017444550807333564,800,10,"[5, 5, 10]","I(M1,M2;T)"
363,0.0,0.07807587216237993,0.013100191657668639,800,10,"[5, 5, 10]","I(M1,M2;T)"
364,0.0,0.0643804388781034,0.00024887299362209847,800,10,"[5, 5, 10]","I(M1,M2;T)"
365,0.0,0.06352727385647208,-0.0002779780344673577,800,10,"[5, 5, 10]","I(M1,M2;T)"
366,0.0,0.06371433591231822,-0.0011134406426056148,800,10,"[5, 5, 10]","I(M1,M2;T)"
367,0.0,0.07694517435724678,0.011753461478300517,800,10,"[5, 5, 10]","I(M1,M2;T)"
368,0.0,0.06770973345562833,0.004204165411271485,800,10,"[5, 5, 10]","I(M1,M2;T)"
369,0.0,0.06356600708622158,-0.00029414830514995494,800,10,"[5, 5, 10]","I(M1,M2;T)"
370,0.0,0.055206433593751394,-0.008796166027183874,800,10,"[5, 5, 10]","I(M1,M2;T)"
371,0.0,0.0740031964765398,0.009265528755118685,800,10,"[5, 5, 10]","I(M1,M2;T)"
372,0.0,0.07624053591220935,0.011972327721211512,800,10,"[5, 5, 10]","I(M1,M2;T)"
373,0.0,0.055232901095654124,-0.009823734888356361,800,10,"[5, 5, 10]","I(M1,M2;T)"
374,0.0,0.05785130958275471,-0.006507239221133748,800,10,"[5, 5, 10]","I(M1,M2;T)"
375,0.0,0.05887042505012648,-0.004970417223825192,800,10,"[5, 5, 10]","I(M1,M2;T)"
376,0.0,0.05426274002653584,-0.009764311848634931,800,10,"[5, 5, 10]","I(M1,M2;T)"
377,0.0,0.07578480290343834,0.010856485904845531,800,10,"[5, 5, 10]","I(M1,M2;T)"
378,0.0,0.04739057046133156,-0.016515445350094526,800,10,"[5, 5, 10]","I(M1,M2;T)"
379,0.0,0.07432760771523292,0.010338569847316209,800,10,"[5, 5, 10]","I(M1,M2;T)"
380,0.0,0.06894015421510238,0.004034239464569711,800,10,"[5, 5, 10]","I(M1,M2;T)"
381,0.0,0.05102449751622709,-0.014056529758506575,800,10,"[5, 5, 10]","I(M1,M2;T)"
382,0.0,0.0665319559793926,0.00223984426232636,800,10,"[5, 5, 10]","I(M1,M2;T)"
383,0.0,0.060158112680947666,-0.004363621622992565,800,10,"[5, 5, 10]","I(M1,M2;T)"
384,0.0,0.061243704727266784,-0.0027266446973582825,800,10,"[5, 5, 10]","I(M1,M2;T)"
385,0.0,0.06251847736206605,-0.002106821834286357,800,10,"[5, 5, 10]","I(M1,M2;T)"
386,0.0,0.060171940052566326,-0.004698494192565537,800,10,"[5, 5, 10]","I(M1,M2;T)"
387,0.0,0.07208546451964037,0.007936488927163018,800,10,"[5, 5, 10]","I(M1,M2;T)"
388,0.0,0.059831691295701414,-0.003885110953572607,800,10,"[5, 5, 10]","I(M1,M2;T)"
389,0.0,0.06413610562595924,0.0002618102217208651,800,10,"[5, 5, 10]","I(M1,M2;T)"
390,0.0,0.06524262500999087,0.0012371204852041073,800,10,"[5, 5, 10]","I(M1,M2;T)"
391,0.0,0.07338772788158715,0.008908028371394774,800,10,"[5, 5, 10]","I(M1,M2;T)"
392,0.0,0.06368906345586453,-9.094120002385575e-05,800,10,"[5, 5, 10]","I(M1,M2;T)"
393,0.0,0.06474183918001092,0.0002490235124392587,800,10,"[5, 5, 10]","I(M1,M2;T)"
394,0.0,0.053160414592887964,-0.01109274765975063,800,10,"[5, 5, 10]","I(M1,M2;T)"
395,0.0,0.07749485381186677,0.012579459194331372,800,10,"[5, 5, 10]","I(M1,M2;T)"
396,0.0,0.0602725784622979,-0.0032565965629201693,800,10,"[5, 5, 10]","I(M1,M2;T)"
397,0.0,0.07476265936067204,0.010507888554362188,800,10,"[5, 5, 10]","I(M1,M2;T)"
398,0.0,0.05528078024736251,-0.009366412540342497,800,10,"[5, 5, 10]","I(M1,M2;T)"
399,0.0,0.06310247207560504,-0.0016651582448969082,800,10,"[5, 5, 10]","I(M1,M2;T)"
400,0.0,0.06201454761341704,-0.0026938913503762874,800,10,"[5, 5, 10]","I(M1,M2;T)"
401,0.0,0.05958876029533827,-0.004703537864984175,800,10,"[5, 5, 10]","I(M1,M2;T)"
402,0.0,0.05036592855921987,-0.013412654270165178,800,10,"[5, 5, 10]","I(M1,M2;T)"
403,0.0,0.05232675863074119,-0.012520829871041438,800,10,"[5, 5, 10]","I(M1,M2;T)"
404,0.0,0.06216904228467193,-0.002407537381400468,800,10,"[5, 5, 10]","I(M1,M2;T)"
405,0.0,0.052501440408271975,-0.011679516087440549,800,10,"[5, 5, 10]","I(M1,M2;T)"
406,0.0,0.07135671940229873,0.0073827801429033335,800,10,"[5, 5, 10]","I(M1,M2;T)"
407,0.0,0.07547984798809684,0.011558667187561128,800,10,"[5, 5, 10]","I(M1,M2;T)"
408,0.0,0.0782672100624732,0.013250371786690099,800,10,"[5, 5, 10]","I(M1,M2;T)"
409,0.0,0.0581012512917852,-0.007085450854115549,800,10,"[5, 5, 10]","I(M1,M2;T)"
410,0.0,0.06164606354176059,-0.0026472387822997143,800,10,"[5, 5, 10]","I(M1,M2;T)"
411,0.0,0.06223185156232126,-0.002397066391565776,800,10,"[5, 5, 10]","I(M1,M2;T)"
412,0.0,0.07261253184446195,0.008320230697475145,800,10,"[5, 5, 10]","I(M1,M2;T)"
413,0.0,0.07433731807803187,0.01099134407797793,800,10,"[5, 5, 10]","I(M1,M2;T)"
414,0.0,0.060410705781251586,-0.0037706582109813397,800,10,"[5, 5, 10]","I(M1,M2;T)"
415,0.0,0.05430211134562181,-0.010115038302375562,800,10,"[5, 5, 10]","I(M1,M2;T)"
416,0.0,0.054719146078872946,-0.00922292662757418,800,10,"[5, 5, 10]","I(M1,M2;T)"
417,0.0,0.05827877782401026,-0.0063251492045322474,800,10,"[5, 5, 10]","I(M1,M2;T)"
418,0.0,0.05143156538530337,-0.012648185911383558,800,10,"[5, 5, 10]","I(M1,M2;T)"
419,0.0,0.06236755798305738,-0.002259425856698964,800,10,"[5, 5, 10]","I(M1,M2;T)"
420,0.0,0.06668911066212535,0.002308010242894981,800,10,"[5, 5, 10]","I(M1,M2;T)"
421,0.0,0.0514114665439344,-0.012935237330601118,800,10,"[5, 5, 10]","I(M1,M2;T)"
422,0.0,0.07192803832566358,0.006999036370421402,800,10,"[5, 5, 10]","I(M1,M2;T)"
423,0.0,0.06907886630049749,0.005501966684708329,800,10,"[5, 5, 10]","I(M1,M2;T)"
424,0.0,0.06482459303968297,0.0004453450378754803,800,10,"[5, 5, 10]","I(M1,M2;T)"
425,0.0,0.06892447748315803,0.005360999052583762,800,10,"[5, 5, 10]","I(M1,M2;T)"
426,0.0,0.05207804245689587,-0.012017008956104414,800,10,"[5, 5, 10]","I(M1,M2;T)"
427,0.0,0.05405439575630108,-0.01020545039198445,800,10,"[5, 5, 10]","I(M1,M2;T)"
428,0.0,0.06508733907972114,0.00032227549548161094,800,10,"[5, 5, 10]","I(M1,M2;T)"
429,0.0,0.05688236507021425,-0.0067465153946098325,800,10,"[5, 5, 10]","I(M1,M2;T)"
430,0.0,0.0593986788563782,-0.005000851648352067,800,10,"[5, 5, 10]","I(M1,M2;T)"
431,0.0,0.06781230294959832,0.002621101420348937,800,10,"[5, 5, 10]","I(M1,M2;T)"
432,0.0,0.05745426238324043,-0.006715273116602971,800,10,"[5, 5, 10]","I(M1,M2;T)"
433,0.0,0.05184564222363193,-0.012799831502655956,800,10,"[5, 5, 10]","I(M1,M2;T)"
434,0.0,0.05627860691576557,-0.007674827105633622,800,10,"[5, 5, 10]","I(M1,M2;T)"
435,0.0,0.06395491113947702,-0.00022726299367782643,800,10,"[5, 5, 10]","I(M1,M2;T)"
436,0.0,0.05777710336624448,-0.006521851466428023,800,10,"[5, 5, 10]","I(M1,M2;T)"
437,0.0,0.06316204349803813,-0.0013144246654599734,800,10,"[5, 5, 10]","I(M1,M2;T)"
438,0.0,0.050079514998519356,-0.014043833504911854,800,10,"[5, 5, 10]","I(M1,M2;T)"
439,0.0,0.05905132731721515,-0.005104092634631026,800,10,"[5, 5, 10]","I(M1,M2;T)"
440,0.0,0.054431571709406,-0.009994267448172438,800,10,"[5, 5, 10]","I(M1,M2;T)"
441,0.0,0.08362204530495487,0.019187941899508565,800,10,"[5, 5, 10]","I(M1,M2;T)"
442,0.0,0.06021043931488637,-0.0037922745030337796,800,10,"[5, 5, 10]","I(M1,M2;T)"
443,0.0,0.06981970883788041,0.005751973979338687,800,10,"[5, 5, 10]","I(M1,M2;T)"
444,0.0,0.0811711155647118,0.017319270013569477,800,10,"[5, 5, 10]","I(M1,M2;T)"
445,0.0,0.06236799600947376,-0.0019916446990991196,800,10,"[5, 5, 10]","I(M1,M2;T)"
446,0.0,0.051858109530977047,-0.012527463172040017,800,10,"[5, 5, 10]","I(M1,M2;T)"
447,0.0,0.053559968163582945,-0.010486442767103858,800,10,"[5, 5, 10]","I(M1,M2;T)"
448,0.0,0.06501546775087634,0.001277959850062571,800,10,"[5, 5, 10]","I(M1,M2;T)"
449,0.0,0.055244488229872823,-0.008863054598961362,800,10,"[5, 5, 10]","I(M1,M2;T)"
450,0.0,0.061161613632333904,-0.0033356797210313607,800,10,"[5, 5, 10]","I(M1,M2;T)"
451,0.0,0.06655445061235718,0.0028005880382290377,800,10,"[5, 5, 10]","I(M1,M2;T)"
452,0.0,0.058709424284125136,-0.005604491503006834,800,10,"[5, 5, 10]","I(M1,M2;T)"
453,0.0,0.057994793925889465,-0.00614758085952527,800,10,"[5, 5, 10]","I(M1,M2;T)"
454,0.0,0.08025222425169039,0.016465192411111024,800,10,"[5, 5, 10]","I(M1,M2;T)"
455,0.0,0.07577927805077889,0.011122417084660413,800,10,"[5, 5, 10]","I(M1,M2;T)"
456,0.0,0.05703542706503323,-0.007139747399737217,800,10,"[5, 5, 10]","I(M1,M2;T)"
457,0.0,0.0638034939498676,-0.0008271594014294392,800,10,"[5, 5, 10]","I(M1,M2;T)"
458,0.0,0.06455214901321832,0.0006713375086526557,800,10,"[5, 5, 10]","I(M1,M2;T)"
459,0.0,0.050780087509676254,-0.01377277359952609,800,10,"[5, 5, 10]","I(M1,M2;T)"
460,0.0,0.0498561309941625,-0.014769065347541743,800,10,"[5, 5, 10]","I(M1,M2;T)"
461,0.0,0.051683027059327175,-0.012016169976472424,800,10,"[5, 5, 10]","I(M1,M2;T)"
462,0.0,0.06725541975765205,0.0021192518701774465,800,10,"[5, 5, 10]","I(M1,M2;T)"
463,0.0,0.05075483720987051,-0.013284506615744554,800,10,"[5, 5, 10]","I(M1,M2;T)"
464,0.0,0.056652936767537784,-0.008438038675656803,800,10,"[5, 5, 10]","I(M1,M2;T)"
465,0.0,0.06197046190435167,-0.002569579100510963,800,10,"[5, 5, 10]","I(M1,M2;T)"
466,0.0,0.06388803134411535,-0.0006979806775428143,800,10,"[5, 5, 10]","I(M1,M2;T)"
467,0.0,0.08666209595499484,0.02241450808376763,800,10,"[5, 5, 10]","I(M1,M2;T)"
468,0.0,0.051672812314355075,-0.012358153416993235,800,10,"[5, 5, 10]","I(M1,M2;T)"
469,0.0,0.06770098150009915,0.0035979145589158934,800,10,"[5, 5, 10]","I(M1,M2;T)"
470,0.0,0.0677308973043131,0.003688612923714335,800,10,"[5, 5, 10]","I(M1,M2;T)"
471,0.0,0.059967474729596924,-0.004628504906709192,800,10,"[5, 5, 10]","I(M1,M2;T)"
472,0.0,0.0617049481344239,-0.0028095808651850684,800,10,"[5, 5, 10]","I(M1,M2;T)"
473,0.0,0.07154943526096927,0.006426474669668697,800,10,"[5, 5, 10]","I(M1,M2;T)"
474,0.0,0.0688625459260042,0.004488029283474304,800,10,"[5, 5, 10]","I(M1,M2;T)"
475,0.0,0.06699141160755723,0.0022576814049797556,800,10,"[5, 5, 10]","I(M1,M2;T)"
476,0.0,0.0712401967063538,0.006547442843787818,800,10,"[5, 5, 10]","I(M1,M2;T)"
477,0.0,0.06291779776546833,-0.0013719400706366375,800,10,"[5, 5, 10]","I(M1,M2;T)"
478,0.0,0.06299561873422616,-0.0017923055049568204,800,10,"[5, 5, 10]","I(M1,M2;T)"
479,0.0,0.06410589170507418,-6.69971955052362e-05,800,10,"[5, 5, 10]","I(M1,M2;T)"
480,0.0,0.06634997499454415,0.002069233808935478,800,10,"[5, 5, 10]","I(M1,M2;T)"
481,0.0,0.05939400254793681,-0.00546261117058261,800,10,"[5, 5, 10]","I(M1,M2;T)"
482,0.0,0.0589398546278702,-0.00536917965263127,800,10,"[5, 5, 10]","I(M1,M2;T)"
483,0.0,0.06930851018140169,0.0051163823002323,800,10,"[5, 5, 10]","I(M1,M2;T)"
484,0.0,0.06386320243960529,-0.0005762386981262163,800,10,"[5, 5, 10]","I(M1,M2;T)"
485,0.0,0.07481206413825377,0.010054439092752554,800,10,"[5, 5, 10]","I(M1,M2;T)"
486,0.0,0.059442895714205385,-0.004359433494777382,800,10,"[5, 5, 10]","I(M1,M2;T)"
487,0.0,0.07907814646675751,0.014931382944266783,800,10,"[5, 5, 10]","I(M1,M2;T)"
488,0.0,0.052033968045704995,-0.012060518200030276,800,10,"[5, 5, 10]","I(M1,M2;T)"
489,0.0,0.07137805443658087,0.007354606530763877,800,10,"[5, 5, 10]","I(M1,M2;T)"
490,0.0,0.0689690481301654,0.005109266567527929,800,10,"[5, 5, 10]","I(M1,M2;T)"
491,0.0,0.06403169586270234,-0.0008391593016057047,800,10,"[5, 5, 10]","I(M1,M2;T)"
492,0.0,0.05912867163603641,-0.004546463968370523,800,10,"[5, 5, 10]","I(M1,M2;T)"
493,0.0,0.06133437355412399,-0.0032678576673500145,800,10,"[5, 5, 10]","I(M1,M2;T)"
494,0.0,0.059916519447069286,-0.004993487699989918,800,10,"[5, 5, 10]","I(M1,M2;T)"
495,0.0,0.08758866268096432,0.022904401651171843,800,10,"[5, 5, 10]","I(M1,M2;T)"
496,0.0,0.059538364750153824,-0.005132480715409005,800,10,"[5, 5, 10]","I(M1,M2;T)"
497,0.0,0.06914264285426312,0.004543191160644902,800,10,"[5, 5, 10]","I(M1,M2;T)"
498,0.0,0.05590509830956136,-0.007887981912269526,800,10,"[5, 5, 10]","I(M1,M2;T)"
499,0.0,0.06585435929334614,0.0012969670036027947,800,10,"[5, 5, 10]","I(M1,M2;T)"
500,0.0,0.05816873654509234,-0.005694708291588184,800,10,"[5, 5, 10]","I(M1,M2;T)"
501,0.0,0.06054989649133494,-0.003610035538033074,800,10,"[5, 5, 10]","I(M1,M2;T)"
502,0.0,0.07169123804600751,0.006957037812948402,800,10,"[5, 5, 10]","I(M1,M2;T)"
503,0.0,0.057266546239725054,-0.007342402991122508,800,10,"[5, 5, 10]","I(M1,M2;T)"
504,0.0,0.05825159023637479,-0.0071327478710149494,800,10,"[5, 5, 10]","I(M1,M2;T)"
505,0.0,0.07178989322914897,0.008617133237711044,800,10,"[5, 5, 10]","I(M1,M2;T)"
506,0.0,0.06134471714656696,-0.0026374670206414375,800,10,"[5, 5, 10]","I(M1,M2;T)"
507,0.0,0.05781974057705228,-0.006320383417505314,800,10,"[5, 5, 10]","I(M1,M2;T)"
508,0.0,0.05429578751468197,-0.01034113578428867,800,10,"[5, 5, 10]","I(M1,M2;T)"
509,0.0,0.0638925985915641,-0.0007564850481496938,800,10,"[5, 5, 10]","I(M1,M2;T)"
510,0.0,0.04962974082554747,-0.014375007552073896,800,10,"[5, 5, 10]","I(M1,M2;T)"
511,0.0,0.0784290194596947,0.013876893945828916,800,10,"[5, 5, 10]","I(M1,M2;T)"
512,0.0,0.06732677523528635,0.003322826265272402,800,10,"[5, 5, 10]","I(M1,M2;T)"
513,0.0,0.05966916744492675,-0.004983983885521785,800,10,"[5, 5, 10]","I(M1,M2;T)"
514,0.0,0.06928336109033634,0.004412172288735319,800,10,"[5, 5, 10]","I(M1,M2;T)"
515,0.0,0.06644475012704656,0.0029276804007606766,800,10,"[5, 5, 10]","I(M1,M2;T)"
516,0.0,0.061580980004962024,-0.0028038888286404523,800,10,"[5, 5, 10]","I(M1,M2;T)"
517,0.0,0.06023176790324355,-0.004878890285703992,800,10,"[5, 5, 10]","I(M1,M2;T)"
518,0.0,0.05890984005457371,-0.0055255280785685285,800,10,"[5, 5, 10]","I(M1,M2;T)"
519,0.0,0.063430550713449,-0.0012526553472494012,800,10,"[5, 5, 10]","I(M1,M2;T)"
520,0.0,0.07086972377774473,0.006396980825847234,800,10,"[5, 5, 10]","I(M1,M2;T)"
521,0.0,0.06437899244821366,-0.0005474375390263769,800,10,"[5, 5, 10]","I(M1,M2;T)"
522,0.0,0.06015096585121654,-0.004136425126070209,800,10,"[5, 5, 10]","I(M1,M2;T)"
523,0.0,0.07229073617643134,0.008375477606596765,800,10,"[5, 5, 10]","I(M1,M2;T)"
524,0.0,0.051971124923754566,-0.013419110898277326,800,10,"[5, 5, 10]","I(M1,M2;T)"
525,0.0,0.05920072835063745,-0.004342519553849143,800,10,"[5, 5, 10]","I(M1,M2;T)"
526,0.0,0.053531788681773225,-0.010043909982720027,800,10,"[5, 5, 10]","I(M1,M2;T)"
527,0.0,0.07065595637912121,0.0058101008189335585,800,10,"[5, 5, 10]","I(M1,M2;T)"
528,0.0,0.06817001459038026,0.004929378265127585,800,10,"[5, 5, 10]","I(M1,M2;T)"
529,0.0,0.0738948775073256,0.009585188314736592,800,10,"[5, 5, 10]","I(M1,M2;T)"
530,0.0,0.07057024980236895,0.005904270756585464,800,10,"[5, 5, 10]","I(M1,M2;T)"
531,0.0,0.07717175391404038,0.01288093018159675,800,10,"[5, 5, 10]","I(M1,M2;T)"
532,0.0,0.05692999974101926,-0.008164044154136026,800,10,"[5, 5, 10]","I(M1,M2;T)"
533,0.0,0.06196105276353239,-0.0031193623565714534,800,10,"[5, 5, 10]","I(M1,M2;T)"
534,0.0,0.07117579248369588,0.006878025663719964,800,10,"[5, 5, 10]","I(M1,M2;T)"
535,0.0,0.05869418363007377,-0.006376352800692223,800,10,"[5, 5, 10]","I(M1,M2;T)"
536,0.0,0.05911777828265763,-0.004802418428393712,800,10,"[5, 5, 10]","I(M1,M2;T)"
537,0.0,0.05793699131448631,-0.005752312668345423,800,10,"[5, 5, 10]","I(M1,M2;T)"
538,0.0,0.06220653314151771,-0.0014799130435170643,800,10,"[5, 5, 10]","I(M1,M2;T)"
539,0.0,0.07495220005768577,0.009475067835254147,800,10,"[5, 5, 10]","I(M1,M2;T)"
540,0.0,0.0629749947094384,-0.0018661204295710582,800,10,"[5, 5, 10]","I(M1,M2;T)"
541,0.0,0.04605910693704682,-0.018661154507081223,800,10,"[5, 5, 10]","I(M1,M2;T)"
542,0.0,0.07479150298151488,0.010506885588566203,800,10,"[5, 5, 10]","I(M1,M2;T)"
543,0.0,0.07944895298076557,0.015509328951029397,800,10,"[5, 5, 10]","I(M1,M2;T)"
544,0.0,0.07012657965669057,0.005634442282710761,800,10,"[5, 5, 10]","I(M1,M2;T)"
545,0.0,0.059671738915535094,-0.004034608938727063,800,10,"[5, 5, 10]","I(M1,M2;T)"
546,0.0,0.05453826240802602,-0.009982058368416188,800,10,"[5, 5, 10]","I(M1,M2;T)"
547,0.0,0.06770230907420616,0.00339340943022666,800,10,"[5, 5, 10]","I(M1,M2;T)"
548,0.0,0.06151851759625447,-0.0022082874370939892,800,10,"[5, 5, 10]","I(M1,M2;T)"
549,0.0,0.05761256782668123,-0.006174704257651958,800,10,"[5, 5, 10]","I(M1,M2;T)"
550,0.0,0.07966591833979615,0.014727397136713075,800,10,"[5, 5, 10]","I(M1,M2;T)"
551,0.0,0.07012318383939573,0.006082657015209325,800,10,"[5, 5, 10]","I(M1,M2;T)"
552,0.0,0.046644562089427355,-0.018230337178411105,800,10,"[5, 5, 10]","I(M1,M2;T)"
553,0.0,0.07339835114180351,0.009606443807025453,800,10,"[5, 5, 10]","I(M1,M2;T)"
554,0.0,0.05451094125337354,-0.010399234267584476,800,10,"[5, 5, 10]","I(M1,M2;T)"
555,0.0,0.059416062040815454,-0.005759136235246903,800,10,"[5, 5, 10]","I(M1,M2;T)"
556,0.0,0.05929235421229523,-0.005508284499606775,800,10,"[5, 5, 10]","I(M1,M2;T)"
557,0.0,0.05975598597572466,-0.004945614487695253,800,10,"[5, 5, 10]","I(M1,M2;T)"
558,0.0,0.06703746531647682,0.0031104899566188754,800,10,"[5, 5, 10]","I(M1,M2;T)"
559,0.0,0.08325020981291693,0.01890828841151536,800,10,"[5, 5, 10]","I(M1,M2;T)"
560,0.0,0.06242484142228986,-0.002255831667582024,800,10,"[5, 5, 10]","I(M1,M2;T)"
561,0.0,0.06836306946456719,0.004374864869738468,800,10,"[5, 5, 10]","I(M1,M2;T)"
562,0.0,0.061677413834408716,-0.0033850386462258505,800,10,"[5, 5, 10]","I(M1,M2;T)"
563,0.0,0.06402447710756545,-5.006251052436239e-05,800,10,"[5, 5, 10]","I(M1,M2;T)"
564,0.0,0.056218523479838474,-0.007341765193058548,800,10,"[5, 5, 10]","I(M1,M2;T)"
565,0.0,0.05344050709070328,-0.010244036787899376,800,10,"[5, 5, 10]","I(M1,M2;T)"
566,0.0,0.05853317794048292,-0.005935143496159687,800,10,"[5, 5, 10]","I(M1,M2;T)"
567,0.0,0.058680831630506414,-0.006430379944958153,800,10,"[5, 5, 10]","I(M1,M2;T)"
568,0.0,0.05292158449865303,-0.011188492870076061,800,10,"[5, 5, 10]","I(M1,M2;T)"
569,0.0,0.060096102614558444,-0.005235331885713679,800,10,"[5, 5, 10]","I(M1,M2;T)"
570,0.0,0.06725097534824809,0.0024314900085919966,800,10,"[5, 5, 10]","I(M1,M2;T)"
571,0.0,0.06038142144923245,-0.004896032757823993,800,10,"[5, 5, 10]","I(M1,M2;T)"
572,0.0,0.05813601445484858,-0.006990953179625926,800,10,"[5, 5, 10]","I(M1,M2;T)"
573,0.0,0.0636525692096706,-0.0010954994491498699,800,10,"[5, 5, 10]","I(M1,M2;T)"
574,0.0,0.06517966174987211,0.00036572416309312017,800,10,"[5, 5, 10]","I(M1,M2;T)"
575,0.0,0.03807118206388095,-0.026442951339077772,800,10,"[5, 5, 10]","I(M1,M2;T)"
576,0.0,0.06341883227903403,-0.0011790912452920438,800,10,"[5, 5, 10]","I(M1,M2;T)"
577,0.0,0.06015612353665545,-0.003945959437619634,800,10,"[5, 5, 10]","I(M1,M2;T)"
578,0.0,0.0740740716128794,0.009333489360416447,800,10,"[5, 5, 10]","I(M1,M2;T)"
579,0.0,0.044916575530249345,-0.020185515314064553,800,10,"[5, 5, 10]","I(M1,M2;T)"
580,0.0,0.06448421461047536,0.0004972592358104128,800,10,"[5, 5, 10]","I(M1,M2;T)"
581,0.0,0.05612463208786827,-0.0074314489867906355,800,10,"[5, 5, 10]","I(M1,M2;T)"
582,0.0,0.05233932522508684,-0.011906979173118885,800,10,"[5, 5, 10]","I(M1,M2;T)"
583,0.0,0.0648226831436424,0.0008372857419203378,800,10,"[5, 5, 10]","I(M1,M2;T)"
584,0.0,0.07116402770093298,0.0064287686985352865,800,10,"[5, 5, 10]","I(M1,M2;T)"
585,0.0,0.05318002282989713,-0.011327473579055405,800,10,"[5, 5, 10]","I(M1,M2;T)"
586,0.0,0.05062496097210101,-0.013555185032419634,800,10,"[5, 5, 10]","I(M1,M2;T)"
587,0.0,0.05620915107104163,-0.008425633110098224,800,10,"[5, 5, 10]","I(M1,M2;T)"
588,0.0,0.04876209341333803,-0.015522982629456401,800,10,"[5, 5, 10]","I(M1,M2;T)"
589,0.0,0.06126299788998759,-0.003499817042731619,800,10,"[5, 5, 10]","I(M1,M2;T)"
590,0.0,0.05756613560540557,-0.0061085931326819234,800,10,"[5, 5, 10]","I(M1,M2;T)"
591,0.0,0.0657413207946631,0.0017118240026365583,800,10,"[5, 5, 10]","I(M1,M2;T)"
592,0.0,0.0628457032613765,-0.0019084210581268163,800,10,"[5, 5, 10]","I(M1,M2;T)"
593,0.0,0.04985683037353461,-0.014797442150006612,800,10,"[5, 5, 10]","I(M1,M2;T)"
594,0.0,0.08440542226445674,0.02018282678529698,800,10,"[5, 5, 10]","I(M1,M2;T)"
595,0.0,0.08713070588570318,0.022172014454743608,800,10,"[5, 5, 10]","I(M1,M2;T)"
596,0.0,0.06013795698550936,-0.004932915674579513,800,10,"[5, 5, 10]","I(M1,M2;T)"
597,0.0,0.06586663245283603,0.000892344972410794,800,10,"[5, 5, 10]","I(M1,M2;T)"
598,0.0,0.06458107569689382,-2.5361206989385487e-05,800,10,"[5, 5, 10]","I(M1,M2;T)"
599,0.0,0.06224777160480019,-0.0017846587751598197,800,10,"[5, 5, 10]","I(M1,M2;T)"
600,0.0,0.06154809730239103,-0.002900265253910121,800,10,"[5, 5, 10]","I(M1,M2;T)"
601,0.0,0.06338016914544352,-0.000486425302630461,800,10,"[5, 5, 10]","I(M1,M2;T)"
602,0.0,0.05847072765943852,-0.006531345593799351,800,10,"[5, 5, 10]","I(M1,M2;T)"
603,0.0,0.07463086193953204,0.011038718529623626,800,10,"[5, 5, 10]","I(M1,M2;T)"
604,0.0,0.06933596180352662,0.004878662896858649,800,10,"[5, 5, 10]","I(M1,M2;T)"
605,0.0,0.04774309182835611,-0.01668985935330969,800,10,"[5, 5, 10]","I(M1,M2;T)"
606,0.0,0.06723102432237296,0.0030062319330113746,800,10,"[5, 5, 10]","I(M1,M2;T)"
607,0.0,0.06336762880400593,-0.00152013204535216,800,10,"[5, 5, 10]","I(M1,M2;T)"
608,0.0,0.06290192399734784,-0.0022668909839394513,800,10,"[5, 5, 10]","I(M1,M2;T)"
609,0.0,0.0609623973613274,-0.003515875377183744,800,10,"[5, 5, 10]","I(M1,M2;T)"
610,0.0,0.05080781502899519,-0.013627033680383177,800,10,"[5, 5, 10]","I(M1,M2;T)"
611,0.0,0.05893470641442336,-0.005494561025265021,800,10,"[5, 5, 10]","I(M1,M2;T)"
612,0.0,0.07821230272046234,0.013597366641478703,800,10,"[5, 5, 10]","I(M1,M2;T)"
613,0.0,0.06733296454803123,0.0038542112769801296,800,10,"[5, 5, 10]","I(M1,M2;T)"
614,0.0,0.06810282810764004,0.0038359562152567306,800,10,"[5, 5, 10]","I(M1,M2;T)"
615,0.0,0.06545841706414057,0.0012475297003199382,800,10,"[5, 5, 10]","I(M1,M2;T)"
616,0.0,0.05436215600728579,-0.010770159259665055,800,10,"[5, 5, 10]","I(M1,M2;T)"
617,0.0,0.06830326336005431,0.003388319055414993,800,10,"[5, 5, 10]","I(M1,M2;T)"
618,0.0,0.07780748249439198,0.013437940468990453,800,10,"[5, 5, 10]","I(M1,M2;T)"
619,0.0,0.08645218898212943,0.022662832737394056,800,10,"[5, 5, 10]","I(M1,M2;T)"
620,0.0,0.07553364233567603,0.011197174297207513,800,10,"[5, 5, 10]","I(M1,M2;T)"
621,0.0,0.05671411898810497,-0.007762649237825714,800,10,"[5, 5, 10]","I(M1,M2;T)"
622,0.0,0.04965161774465954,-0.01427941737367508,800,10,"[5, 5, 10]","I(M1,M2;T)"
623,0.0,0.06798248484265985,0.003433466957229056,800,10,"[5, 5, 10]","I(M1,M2;T)"
624,0.0,0.06335177092255423,-0.00037499888931348535,800,10,"[5, 5, 10]","I(M1,M2;T)"
625,0.0,0.06016026617873151,-0.005194973224825032,800,10,"[5, 5, 10]","I(M1,M2;T)"
626,0.0,0.07584329835566435,0.011039553366165897,800,10,"[5, 5, 10]","I(M1,M2;T)"
627,0.0,0.06935085497253038,0.005117155268124132,800,10,"[5, 5, 10]","I(M1,M2;T)"
628,0.0,0.05358219758754299,-0.010619565606251873,800,10,"[5, 5, 10]","I(M1,M2;T)"
629,0.0,0.08190549952137813,0.016964671865061745,800,10,"[5, 5, 10]","I(M1,M2;T)"
630,0.0,0.05637968384706477,-0.008413697603308339,800,10,"[5, 5, 10]","I(M1,M2;T)"
631,0.0,0.06794454768185514,0.0034292296017425505,800,10,"[5, 5, 10]","I(M1,M2;T)"
632,0.0,0.08522942299390188,0.020374113145256417,800,10,"[5, 5, 10]","I(M1,M2;T)"
633,0.0,0.05699532085030018,-0.007257885701104846,800,10,"[5, 5, 10]","I(M1,M2;T)"
634,0.0,0.06938682683238014,0.005010379414433566,800,10,"[5, 5, 10]","I(M1,M2;T)"
635,0.0,0.057471127864831606,-0.00607384327304808,800,10,"[5, 5, 10]","I(M1,M2;T)"
636,0.0,0.05985498296692657,-0.00458527980081791,800,10,"[5, 5, 10]","I(M1,M2;T)"
637,0.0,0.06486327917118538,0.00030105115754880396,800,10,"[5, 5, 10]","I(M1,M2;T)"
638,0.0,0.07755972869338779,0.012537194441054125,800,10,"[5, 5, 10]","I(M1,M2;T)"
639,0.0,0.0660432277510644,0.0004230848968276718,800,10,"[5, 5, 10]","I(M1,M2;T)"
640,0.0,0.0777674245840804,0.01372591660098356,800,10,"[5, 5, 10]","I(M1,M2;T)"
641,0.0,0.04884981904339868,-0.0153255864636559,800,10,"[5, 5, 10]","I(M1,M2;T)"
642,0.0,0.06327434645386856,-0.0007637802602247362,800,10,"[5, 5, 10]","I(M1,M2;T)"
643,0.0,0.06064505806374579,-0.004012166682791862,800,10,"[5, 5, 10]","I(M1,M2;T)"
644,0.0,0.05635477988673853,-0.008533137862318955,800,10,"[5, 5, 10]","I(M1,M2;T)"
645,0.0,0.057640836202506804,-0.006870866072555673,800,10,"[5, 5, 10]","I(M1,M2;T)"
646,0.0,0.05811787674766346,-0.006276126680163738,800,10,"[5, 5, 10]","I(M1,M2;T)"
647,0.0,0.0692207061558692,0.004590989413165797,800,10,"[5, 5, 10]","I(M1,M2;T)"
648,0.0,0.06294340963691543,-0.0006171299792138152,800,10,"[5, 5, 10]","I(M1,M2;T)"
649,0.0,0.06622560859881393,0.0014407340908877964,800,10,"[5, 5, 10]","I(M1,M2;T)"
650,0.0,0.06907304278753068,0.005396016245934249,800,10,"[5, 5, 10]","I(M1,M2;T)"
651,0.0,0.057887199419998585,-0.006354957853387279,800,10,"[5, 5, 10]","I(M1,M2;T)"
652,0.0,0.05733201395764996,-0.007795469522305018,800,10,"[5, 5, 10]","I(M1,M2;T)"
653,0.0,0.06675528827953428,0.0017392064713145222,800,10,"[5, 5, 10]","I(M1,M2;T)"
654,0.0,0.06062817122450809,-0.004124779564291262,800,10,"[5, 5, 10]","I(M1,M2;T)"
655,0.0,0.07576315447605846,0.011385859160407338,800,10,"[5, 5, 10]","I(M1,M2;T)"
656,0.0,0.06341151507226835,-0.001136817452253927,800,10,"[5, 5, 10]","I(M1,M2;T)"
657,0.0,0.07195728502650267,0.007477294569373877,800,10,"[5, 5, 10]","I(M1,M2;T)"
658,0.0,0.06343446149417827,-0.0012352024124583777,800,10,"[5, 5, 10]","I(M1,M2;T)"
659,0.0,0.05850415407827784,-0.006117826755368046,800,10,"[5, 5, 10]","I(M1,M2;T)"
660,0.0,0.060838916328263895,-0.004029175574346802,800,10,"[5, 5, 10]","I(M1,M2;T)"
661,0.0,0.07240000809351052,0.008229546216750913,800,10,"[5, 5, 10]","I(M1,M2;T)"
662,0.0,0.07023014507215643,0.00538286949195764,800,10,"[5, 5, 10]","I(M1,M2;T)"
663,0.0,0.07269949893291774,0.008657978950504852,800,10,"[5, 5, 10]","I(M1,M2;T)"
664,0.0,0.05497829875398802,-0.009544979899950401,800,10,"[5, 5, 10]","I(M1,M2;T)"
665,0.0,0.05785613544364309,-0.006185773043769972,800,10,"[5, 5, 10]","I(M1,M2;T)"
666,0.0,0.06503781271256062,0.0011362811362635172,800,10,"[5, 5, 10]","I(M1,M2;T)"
667,0.0,0.06762393813183962,0.0031721794503547646,800,10,"[5, 5, 10]","I(M1,M2;T)"
668,0.0,0.059311144958852466,-0.005242981160100232,800,10,"[5, 5, 10]","I(M1,M2;T)"
669,0.0,0.0724076417111834,0.009159315093867332,800,10,"[5, 5, 10]","I(M1,M2;T)"
670,0.0,0.06343435338849257,-0.000633720629641038,800,10,"[5, 5, 10]","I(M1,M2;T)"
671,0.0,0.04908840646472465,-0.015577604462034794,800,10,"[5, 5, 10]","I(M1,M2;T)"
672,0.0,0.06558831577282084,0.0009793172792453009,800,10,"[5, 5, 10]","I(M1,M2;T)"
673,0.0,0.05098814477513503,-0.014134367148902933,800,10,"[5, 5, 10]","I(M1,M2;T)"
674,0.0,0.07367359166292159,0.008705682063072859,800,10,"[5, 5, 10]","I(M1,M2;T)"
675,0.0,0.0697153777103447,0.005135055074065364,800,10,"[5, 5, 10]","I(M1,M2;T)"
676,0.0,0.06249388821564445,-0.0018117055968362092,800,10,"[5, 5, 10]","I(M1,M2;T)"
677,0.0,0.0693532209250142,0.004742471157753322,800,10,"[5, 5, 10]","I(M1,M2;T)"
678,0.0,0.0650446587277926,0.0007086762759214993,800,10,"[5, 5, 10]","I(M1,M2;T)"
679,0.0,0.06339834330762874,-0.0006204003348633524,800,10,"[5, 5, 10]","I(M1,M2;T)"
680,0.0,0.06727401054217759,0.0029076815111270943,800,10,"[5, 5, 10]","I(M1,M2;T)"
681,0.0,0.04505958465570352,-0.019404702338512755,800,10,"[5, 5, 10]","I(M1,M2;T)"
682,0.0,0.057615564022782534,-0.007303268955310305,800,10,"[5, 5, 10]","I(M1,M2;T)"
683,0.0,0.07182247424035157,0.007063495828733252,800,10,"[5, 5, 10]","I(M1,M2;T)"
684,0.0,0.07844845627090159,0.013706076478890966,800,10,"[5, 5, 10]","I(M1,M2;T)"
685,0.0,0.06986188691002455,0.005504191656294635,800,10,"[5, 5, 10]","I(M1,M2;T)"
686,0.0,0.08107501000963596,0.01609254198386155,800,10,"[5, 5, 10]","I(M1,M2;T)"
687,0.0,0.06615421195895031,0.0017517510306418044,800,10,"[5, 5, 10]","I(M1,M2;T)"
688,0.0,0.042442688993794574,-0.02250952004082752,800,10,"[5, 5, 10]","I(M1,M2;T)"
689,0.0,0.07596574561151104,0.01118013108816493,800,10,"[5, 5, 10]","I(M1,M2;T)"
690,0.0,0.06470977992816115,0.00033568517017604216,800,10,"[5, 5, 10]","I(M1,M2;T)"
691,0.0,0.07032635799277695,0.006016808580968078,800,10,"[5, 5, 10]","I(M1,M2;T)"
692,0.0,0.05292396935547853,-0.011769574653497754,800,10,"[5, 5, 10]","I(M1,M2;T)"
693,0.0,0.07466539144709758,0.010622010201728219,800,10,"[5, 5, 10]","I(M1,M2;T)"
694,0.0,0.06205728707157952,-0.002599647028671284,800,10,"[5, 5, 10]","I(M1,M2;T)"
695,0.0,0.059035695599445395,-0.005457065980795137,800,10,"[5, 5, 10]","I(M1,M2;T)"
696,0.0,0.06033620575620825,-0.003911788560285928,800,10,"[5, 5, 10]","I(M1,M2;T)"
697,0.0,0.060679771332054426,-0.003080403570810915,800,10,"[5, 5, 10]","I(M1,M2;T)"
698,0.0,0.07321872276166908,0.009131971346693399,800,10,"[5, 5, 10]","I(M1,M2;T)"
699,0.0,0.06839482124423876,0.003692963596535162,800,10,"[5, 5, 10]","I(M1,M2;T)"
700,0.0,0.06668894733055619,0.002087338221351903,800,10,"[5, 5, 10]","I(M1,M2;T)"
701,0.0,0.05574431248295528,-0.009151792854950283,800,10,"[5, 5, 10]","I(M1,M2;T)"
702,0.0,0.06261895913273192,-0.0021462011626429967,800,10,"[5, 5, 10]","I(M1,M2;T)"
703,0.0,0.07539239095247559,0.010936439470486087,800,10,"[5, 5, 10]","I(M1,M2;T)"
704,0.0,0.06154551946746696,-0.0024951358188697453,800,10,"[5, 5, 10]","I(M1,M2;T)"
705,0.0,0.07704016099054743,0.012722459443345102,800,10,"[5, 5, 10]","I(M1,M2;T)"
706,0.0,0.05741064286096293,-0.00707382510615364,800,10,"[5, 5, 10]","I(M1,M2;T)"
707,0.0,0.07022921754231462,0.006258016609262618,800,10,"[5, 5, 10]","I(M1,M2;T)"
708,0.0,0.0660057361167121,0.0013447327747266036,800,10,"[5, 5, 10]","I(M1,M2;T)"
709,0.0,0.06496636014346252,0.0009914778075820474,800,10,"[5, 5, 10]","I(M1,M2;T)"
710,0.0,0.07046965239618093,0.005793944247380681,800,10,"[5, 5, 10]","I(M1,M2;T)"
711,0.0,0.055072829468934104,-0.009101404033417748,800,10,"[5, 5, 10]","I(M1,M2;T)"
712,0.0,0.06386905884641764,-0.0005293765435834402,800,10,"[5, 5, 10]","I(M1,M2;T)"
713,0.0,0.07960031780151952,0.015188186256840305,800,10,"[5, 5, 10]","I(M1,M2;T)"
714,0.0,0.048104739536626556,-0.016411626015373548,800,10,"[5, 5, 10]","I(M1,M2;T)"
715,0.0,0.060222808847980515,-0.004030670984286909,800,10,"[5, 5, 10]","I(M1,M2;T)"
716,0.0,0.08100062326260514,0.01751813277874127,800,10,"[5, 5, 10]","I(M1,M2;T)"
717,0.0,0.06745029651449974,0.003583333507930178,800,10,"[5, 5, 10]","I(M1,M2;T)"
718,0.0,0.05911932666767196,-0.005574162526682622,800,10,"[5, 5, 10]","I(M1,M2;T)"
719,0.0,0.05362810416434768,-0.010276976306410147,800,10,"[5, 5, 10]","I(M1,M2;T)"
720,0.0,0.05682157770361902,-0.007440611482161255,800,10,"[5, 5, 10]","I(M1,M2;T)"
721,0.0,0.055675167693063035,-0.009474551146892496,800,10,"[5, 5, 10]","I(M1,M2;T)"
722,0.0,0.07414879011678345,0.009316447847598483,800,10,"[5, 5, 10]","I(M1,M2;T)"
723,0.0,0.054102613866298575,-0.010411005954999893,800,10,"[5, 5, 10]","I(M1,M2;T)"
724,0.0,0.0514255663530163,-0.013668137540408909,800,10,"[5, 5, 10]","I(M1,M2;T)"
725,0.0,0.07896104402593056,0.015439879344913254,800,10,"[5, 5, 10]","I(M1,M2;T)"
726,0.0,0.07006575074854865,0.006306516421639569,800,10,"[5, 5, 10]","I(M1,M2;T)"
727,0.0,0.05900166918161201,-0.005192661848088476,800,10,"[5, 5, 10]","I(M1,M2;T)"
728,0.0,0.0630817539988523,-0.0008383314329533376,800,10,"[5, 5, 10]","I(M1,M2;T)"
729,0.0,0.0697900044523814,0.005004634593765142,800,10,"[5, 5, 10]","I(M1,M2;T)"
730,0.0,0.06704418946262067,0.0032789694299363847,800,10,"[5, 5, 10]","I(M1,M2;T)"
731,0.0,0.06250396976704953,-0.0016068401962917311,800,10,"[5, 5, 10]","I(M1,M2;T)"
732,0.0,0.06763708010725264,0.0034244437930115446,800,10,"[5, 5, 10]","I(M1,M2;T)"
733,0.0,0.07256526938329796,0.00879933919082665,800,10,"[5, 5, 10]","I(M1,M2;T)"
734,0.0,0.07352526829381406,0.009337376176168463,800,10,"[5, 5, 10]","I(M1,M2;T)"
735,0.0,0.05852745685732197,-0.006266883300348691,800,10,"[5, 5, 10]","I(M1,M2;T)"
736,0.0,0.06619379588754401,0.0020753587947547336,800,10,"[5, 5, 10]","I(M1,M2;T)"
737,0.0,0.06870709880393341,0.004136400254315109,800,10,"[5, 5, 10]","I(M1,M2;T)"
738,0.0,0.06683723573532413,0.002129049981815498,800,10,"[5, 5, 10]","I(M1,M2;T)"
739,0.0,0.07341079570369621,0.008628398470018409,800,10,"[5, 5, 10]","I(M1,M2;T)"
740,0.0,0.051897380150803946,-0.012626461616304374,800,10,"[5, 5, 10]","I(M1,M2;T)"
741,0.0,0.06502130888433642,0.00038661313245259843,800,10,"[5, 5, 10]","I(M1,M2;T)"
742,0.0,0.04869927640961414,-0.015354215775780312,800,10,"[5, 5, 10]","I(M1,M2;T)"
743,0.0,0.05053535377497368,-0.014082443624177314,800,10,"[5, 5, 10]","I(M1,M2;T)"
744,0.0,0.06305109773829821,-0.0006982108315675556,800,10,"[5, 5, 10]","I(M1,M2;T)"
745,0.0,0.056665469555688075,-0.008573357633713155,800,10,"[5, 5, 10]","I(M1,M2;T)"
746,0.0,0.05499509546215275,-0.009575399266576641,800,10,"[5, 5, 10]","I(M1,M2;T)"
747,0.0,0.07035965164384149,0.005995707725144475,800,10,"[5, 5, 10]","I(M1,M2;T)"
748,0.0,0.05854062745440311,-0.006510577659325209,800,10,"[5, 5, 10]","I(M1,M2;T)"
749,0.0,0.05725913978438142,-0.006656600107680891,800,10,"[5, 5, 10]","I(M1,M2;T)"
750,0.0,0.05439411784345217,-0.010085488753753626,800,10,"[5, 5, 10]","I(M1,M2;T)"
751,0.0,0.07154349136897228,0.0073049142754233465,800,10,"[5, 5, 10]","I(M1,M2;T)"
752,0.0,0.05655681108285084,-0.007773186209651346,800,10,"[5, 5, 10]","I(M1,M2;T)"
753,0.0,0.06647064953461586,0.0023748678656921735,800,10,"[5, 5, 10]","I(M1,M2;T)"
754,0.0,0.0713280261767521,0.007127169050763091,800,10,"[5, 5, 10]","I(M1,M2;T)"
755,0.0,0.0708315508622042,0.006270131384827529,800,10,"[5, 5, 10]","I(M1,M2;T)"
756,0.0,0.05629639885375111,-0.00790498430921717,800,10,"[5, 5, 10]","I(M1,M2;T)"
757,0.0,0.07348091684226753,0.00857918150930774,800,10,"[5, 5, 10]","I(M1,M2;T)"
758,0.0,0.05632148241312221,-0.00860701165325313,800,10,"[5, 5, 10]","I(M1,M2;T)"
759,0.0,0.06730937712506697,0.003496427134045521,800,10,"[5, 5, 10]","I(M1,M2;T)"
760,0.0,0.043474934955943206,-0.02058091989631261,800,10,"[5, 5, 10]","I(M1,M2;T)"
761,0.0,0.057562563302902485,-0.006682734952416426,800,10,"[5, 5, 10]","I(M1,M2;T)"
762,0.0,0.06962267570472391,0.005608101901430823,800,10,"[5, 5, 10]","I(M1,M2;T)"
763,0.0,0.060327962024510115,-0.0031352971688078796,800,10,"[5, 5, 10]","I(M1,M2;T)"
764,0.0,0.06161010854912119,-0.002565947766471177,800,10,"[5, 5, 10]","I(M1,M2;T)"
765,0.0,0.060705968407203506,-0.0036374274514111155,800,10,"[5, 5, 10]","I(M1,M2;T)"
766,0.0,0.07284642373308195,0.008860522235984755,800,10,"[5, 5, 10]","I(M1,M2;T)"
767,0.0,0.06795324564403497,0.0033037042987207194,800,10,"[5, 5, 10]","I(M1,M2;T)"
768,0.0,0.054132915144843,-0.010318899022591227,800,10,"[5, 5, 10]","I(M1,M2;T)"
769,0.0,0.056189470156065416,-0.008290544625948082,800,10,"[5, 5, 10]","I(M1,M2;T)"
770,0.0,0.06468484743535427,-0.000420429237917172,800,10,"[5, 5, 10]","I(M1,M2;T)"
771,0.0,0.05438895572550977,-0.010227121980088218,800,10,"[5, 5, 10]","I(M1,M2;T)"
772,0.0,0.05969787243900073,-0.00515459226818752,800,10,"[5, 5, 10]","I(M1,M2;T)"
773,0.0,0.08270516141123771,0.017953104222528438,800,10,"[5, 5, 10]","I(M1,M2;T)"
774,0.0,0.06927357736661753,0.005478619147604655,800,10,"[5, 5, 10]","I(M1,M2;T)"
775,0.0,0.06461901894244408,-0.000838284926397731,800,10,"[5, 5, 10]","I(M1,M2;T)"
776,0.0,0.07804644582025569,0.013231768986878736,800,10,"[5, 5, 10]","I(M1,M2;T)"
777,0.0,0.06292187659732895,-0.0014824051077776124,800,10,"[5, 5, 10]","I(M1,M2;T)"
778,0.0,0.05577288632343539,-0.008700047503422313,800,10,"[5, 5, 10]","I(M1,M2;T)"
779,0.0,0.06460916092470795,0.00028470186212302406,800,10,"[5, 5, 10]","I(M1,M2;T)"
780,0.0,0.04354327587490149,-0.021446161042603648,800,10,"[5, 5, 10]","I(M1,M2;T)"
781,0.0,0.07131704998645094,0.006846524190933678,800,10,"[5, 5, 10]","I(M1,M2;T)"
782,0.0,0.05708916171336469,-0.007484711966913672,800,10,"[5, 5, 10]","I(M1,M2;T)"
783,0.0,0.06200062593332364,-0.0026700226350616987,800,10,"[5, 5, 10]","I(M1,M2;T)"
784,0.0,0.06387253563128724,-0.0009228349876959641,800,10,"[5, 5, 10]","I(M1,M2;T)"
785,0.0,0.05865355330745485,-0.0055832396715363025,800,10,"[5, 5, 10]","I(M1,M2;T)"
786,0.0,0.06469158816843767,-0.0004976958772914264,800,10,"[5, 5, 10]","I(M1,M2;T)"
787,0.0,0.05608864043487046,-0.00831047672877417,800,10,"[5, 5, 10]","I(M1,M2;T)"
788,0.0,0.05260943231685173,-0.011502395541710432,800,10,"[5, 5, 10]","I(M1,M2;T)"
789,0.0,0.06115068256983444,-0.0030573457494481454,800,10,"[5, 5, 10]","I(M1,M2;T)"
790,0.0,0.057200163573243715,-0.0070956486212784275,800,10,"[5, 5, 10]","I(M1,M2;T)"
791,0.0,0.06317956748618073,-0.0017907139246112896,800,10,"[5, 5, 10]","I(M1,M2;T)"
792,0.0,0.06320795330892356,-0.0015419732474829667,800,10,"[5, 5, 10]","I(M1,M2;T)"
793,0.0,0.051319696303125634,-0.012317291373108719,800,10,"[5, 5, 10]","I(M1,M2;T)"
794,0.0,0.062292449834829254,-0.00293044416763074,800,10,"[5, 5, 10]","I(M1,M2;T)"
795,0.0,0.06202091530885711,-0.0025683191860301838,800,10,"[5, 5, 10]","I(M1,M2;T)"
796,0.0,0.07094772793557814,0.006363013960601502,800,10,"[5, 5, 10]","I(M1,M2;T)"
797,0.0,0.05868706636077327,-0.006286832862947719,800,10,"[5, 5, 10]","I(M1,M2;T)"
798,0.0,0.05578614937490397,-0.007567003291776876,800,10,"[5, 5, 10]","I(M1,M2;T)"
799,0.0,0.072601996928546,0.008550587961271089,800,10,"[5, 5, 10]","I(M1,M2;T)"
800,0.0,0.07377516308119891,0.010097977151299786,800,10,"[5, 5, 10]","I(M1,M2;T)"
801,0.0,0.05132055191552252,-0.013024807221336164,800,10,"[5, 5, 10]","I(M1,M2;T)"
802,0.0,0.052594811674304506,-0.012408781261122923,800,10,"[5, 5, 10]","I(M1,M2;T)"
803,0.0,0.0603007066483104,-0.0036989706214448498,800,10,"[5, 5, 10]","I(M1,M2;T)"
804,0.0,0.06328461926777729,-0.00037884829153037036,800,10,"[5, 5, 10]","I(M1,M2;T)"
805,0.0,0.06321478368261191,-0.001756697104392177,800,10,"[5, 5, 10]","I(M1,M2;T)"
806,0.0,0.04883219723646322,-0.014961266399267245,800,10,"[5, 5, 10]","I(M1,M2;T)"
807,0.0,0.0756209390033694,0.010778076324411176,800,10,"[5, 5, 10]","I(M1,M2;T)"
808,0.0,0.05659385475372285,-0.007684961966412537,800,10,"[5, 5, 10]","I(M1,M2;T)"
809,0.0,0.06700501039388362,0.002029263320747321,800,10,"[5, 5, 10]","I(M1,M2;T)"
810,0.0,0.07381966162054479,0.009154322533978243,800,10,"[5, 5, 10]","I(M1,M2;T)"
811,0.0,0.05407275366738216,-0.011517589937151955,800,10,"[5, 5, 10]","I(M1,M2;T)"
812,0.0,0.048975469241458264,-0.01604910672904508,800,10,"[5, 5, 10]","I(M1,M2;T)"
813,0.0,0.05382035696324508,-0.011539901933044536,800,10,"[5, 5, 10]","I(M1,M2;T)"
814,0.0,0.06953919571631434,0.005193602688429624,800,10,"[5, 5, 10]","I(M1,M2;T)"
815,0.0,0.061135892482683446,-0.0035156366928157656,800,10,"[5, 5, 10]","I(M1,M2;T)"
816,0.0,0.0789681820319687,0.015040832257933859,800,10,"[5, 5, 10]","I(M1,M2;T)"
817,0.0,0.07494298929615698,0.010325097348143672,800,10,"[5, 5, 10]","I(M1,M2;T)"
818,0.0,0.05581707962408741,-0.008038290348074725,800,10,"[5, 5, 10]","I(M1,M2;T)"
819,0.0,0.06303526315637345,-0.0017490405572758994,800,10,"[5, 5, 10]","I(M1,M2;T)"
820,0.0,0.07521379771980262,0.010913755850548434,800,10,"[5, 5, 10]","I(M1,M2;T)"
821,0.0,0.06136974754467448,-0.003291085633325218,800,10,"[5, 5, 10]","I(M1,M2;T)"
822,0.0,0.055653823080179785,-0.00891805957297527,800,10,"[5, 5, 10]","I(M1,M2;T)"
823,0.0,0.06233542133803958,-0.00119098196993047,800,10,"[5, 5, 10]","I(M1,M2;T)"
824,0.0,0.08825261294213779,0.02424462738284279,800,10,"[5, 5, 10]","I(M1,M2;T)"
825,0.0,0.05426135773136319,-0.009855772224302548,800,10,"[5, 5, 10]","I(M1,M2;T)"
826,0.0,0.07156803662323485,0.006935918908673774,800,10,"[5, 5, 10]","I(M1,M2;T)"
827,0.0,0.060179599533124344,-0.0047017703818887716,800,10,"[5, 5, 10]","I(M1,M2;T)"
828,0.0,0.0754390233114868,0.011244161360337901,800,10,"[5, 5, 10]","I(M1,M2;T)"
829,0.0,0.057161776710560275,-0.00795089235880092,800,10,"[5, 5, 10]","I(M1,M2;T)"
830,0.0,0.057826603410738156,-0.0066464045459803806,800,10,"[5, 5, 10]","I(M1,M2;T)"
831,0.0,0.0664122827004101,0.002020129443095306,800,10,"[5, 5, 10]","I(M1,M2;T)"
832,0.0,0.059154282942589946,-0.00486710730027818,800,10,"[5, 5, 10]","I(M1,M2;T)"
833,0.0,0.05370795273757317,-0.010637962894533032,800,10,"[5, 5, 10]","I(M1,M2;T)"
834,0.0,0.057747003213185204,-0.006543993053556969,800,10,"[5, 5, 10]","I(M1,M2;T)"
835,0.0,0.05819247265419538,-0.005904817774280834,800,10,"[5, 5, 10]","I(M1,M2;T)"
836,0.0,0.06634928130606443,0.0017042234508527626,800,10,"[5, 5, 10]","I(M1,M2;T)"
837,0.0,0.06753510363124486,0.0033963612353963557,800,10,"[5, 5, 10]","I(M1,M2;T)"
838,0.0,0.07295542538193833,0.008011746143168103,800,10,"[5, 5, 10]","I(M1,M2;T)"
839,0.0,0.07102975493661577,0.006301196262343198,800,10,"[5, 5, 10]","I(M1,M2;T)"
840,0.0,0.068389884698536,0.003462380918126867,800,10,"[5, 5, 10]","I(M1,M2;T)"
841,0.0,0.06842119336766316,0.004331565297583703,800,10,"[5, 5, 10]","I(M1,M2;T)"
842,0.0,0.05915700442401603,-0.005489568373641229,800,10,"[5, 5, 10]","I(M1,M2;T)"
843,0.0,0.05924525592290157,-0.00489113873964582,800,10,"[5, 5, 10]","I(M1,M2;T)"
844,0.0,0.05183485155844884,-0.012746575965999866,800,10,"[5, 5, 10]","I(M1,M2;T)"
845,0.0,0.06276621426617762,-0.0013026271911225212,800,10,"[5, 5, 10]","I(M1,M2;T)"
846,0.0,0.06752476919114421,0.002870648186025143,800,10,"[5, 5, 10]","I(M1,M2;T)"
847,0.0,0.0627274547394446,-0.0013103997937175954,800,10,"[5, 5, 10]","I(M1,M2;T)"
848,0.0,0.05546935271405778,-0.008526526919619075,800,10,"[5, 5, 10]","I(M1,M2;T)"
849,0.0,0.06235544381371466,-0.0014965134000808622,800,10,"[5, 5, 10]","I(M1,M2;T)"
850,0.0,0.07164938544436256,0.007461326480976083,800,10,"[5, 5, 10]","I(M1,M2;T)"
851,0.0,0.06816418157749712,0.004155677944251104,800,10,"[5, 5, 10]","I(M1,M2;T)"
852,0.0,0.07146731041389184,0.006814039489507803,800,10,"[5, 5, 10]","I(M1,M2;T)"
853,0.0,0.057003607302025125,-0.007610397177888459,800,10,"[5, 5, 10]","I(M1,M2;T)"
854,0.0,0.06309362242513229,-0.0014922031210968106,800,10,"[5, 5, 10]","I(M1,M2;T)"
855,0.0,0.0642252900897791,-0.0005844502606552754,800,10,"[5, 5, 10]","I(M1,M2;T)"
856,0.0,0.05820817351879165,-0.006814177175525016,800,10,"[5, 5, 10]","I(M1,M2;T)"
857,0.0,0.06293296753787957,-0.001182413050743042,800,10,"[5, 5, 10]","I(M1,M2;T)"
858,0.0,0.07067098848118024,0.0054518394935528375,800,10,"[5, 5, 10]","I(M1,M2;T)"
859,0.0,0.06838643032315381,0.003237707042064164,800,10,"[5, 5, 10]","I(M1,M2;T)"
860,0.0,0.05106082791747829,-0.013495137208826793,800,10,"[5, 5, 10]","I(M1,M2;T)"
861,0.0,0.05400850253810831,-0.01092590347647282,800,10,"[5, 5, 10]","I(M1,M2;T)"
862,0.0,0.0716443851144958,0.007753479349448353,800,10,"[5, 5, 10]","I(M1,M2;T)"
863,0.0,0.07196724343320554,0.008343675444870413,800,10,"[5, 5, 10]","I(M1,M2;T)"
864,0.0,0.049169012114675614,-0.015036292960912245,800,10,"[5, 5, 10]","I(M1,M2;T)"
865,0.0,0.06417637099050841,-0.0008826054715722204,800,10,"[5, 5, 10]","I(M1,M2;T)"
866,0.0,0.0685418653337995,0.004280233096192673,800,10,"[5, 5, 10]","I(M1,M2;T)"
867,0.0,0.06021430629020561,-0.0038603651088726584,800,10,"[5, 5, 10]","I(M1,M2;T)"
868,0.0,0.06524900981897705,0.0008352237846759869,800,10,"[5, 5, 10]","I(M1,M2;T)"
869,0.0,0.05753241306234182,-0.006391968997253639,800,10,"[5, 5, 10]","I(M1,M2;T)"
870,0.0,0.0551517921107793,-0.00976132217893972,800,10,"[5, 5, 10]","I(M1,M2;T)"
871,0.0,0.06927982763429394,0.004219124193917664,800,10,"[5, 5, 10]","I(M1,M2;T)"
872,0.0,0.06131049775748405,-0.004740946625955908,800,10,"[5, 5, 10]","I(M1,M2;T)"
873,0.0,0.058437267176527655,-0.005748378833626042,800,10,"[5, 5, 10]","I(M1,M2;T)"
874,0.0,0.06696791741815764,0.003900111763382577,800,10,"[5, 5, 10]","I(M1,M2;T)"
875,0.0,0.06633059806944211,0.0023846316561723646,800,10,"[5, 5, 10]","I(M1,M2;T)"
876,0.0,0.07578941786839041,0.011681721472505513,800,10,"[5, 5, 10]","I(M1,M2;T)"
877,0.0,0.06100635336562162,-0.0036607066108979083,800,10,"[5, 5, 10]","I(M1,M2;T)"
878,0.0,0.06005854671301694,-0.003657530507394119,800,10,"[5, 5, 10]","I(M1,M2;T)"
879,0.0,0.07039231668835892,0.005782208312408971,800,10,"[5, 5, 10]","I(M1,M2;T)"
880,0.0,0.061266841003193594,-0.002871487560915216,800,10,"[5, 5, 10]","I(M1,M2;T)"
881,0.0,0.06568221632628943,0.0013291446804948731,800,10,"[5, 5, 10]","I(M1,M2;T)"
882,0.0,0.04551828063048179,-0.01879923512677898,800,10,"[5, 5, 10]","I(M1,M2;T)"
883,0.0,0.07250057197255261,0.007951892373738792,800,10,"[5, 5, 10]","I(M1,M2;T)"
884,0.0,0.054704013564475996,-0.009558023275630038,800,10,"[5, 5, 10]","I(M1,M2;T)"
885,0.0,0.03981598927269413,-0.02530663690330477,800,10,"[5, 5, 10]","I(M1,M2;T)"
886,0.0,0.0652341599207717,0.0012394690408426695,800,10,"[5, 5, 10]","I(M1,M2;T)"
887,0.0,0.055139410672613784,-0.010333825313825193,800,10,"[5, 5, 10]","I(M1,M2;T)"
888,0.0,0.062453411232887224,-0.00224205746066819,800,10,"[5, 5, 10]","I(M1,M2;T)"
889,0.0,0.0666533003186464,0.0020845422443691725,800,10,"[5, 5, 10]","I(M1,M2;T)"
890,0.0,0.061889101973074866,-0.0032621276699777504,800,10,"[5, 5, 10]","I(M1,M2;T)"
891,0.0,0.08457518292261408,0.019626747533438516,800,10,"[5, 5, 10]","I(M1,M2;T)"
892,0.0,0.056624712457678444,-0.007770631460559688,800,10,"[5, 5, 10]","I(M1,M2;T)"
893,0.0,0.0778061456308175,0.01237602106852767,800,10,"[5, 5, 10]","I(M1,M2;T)"
894,0.0,0.06729197831161639,0.0032630607398391326,800,10,"[5, 5, 10]","I(M1,M2;T)"
895,0.0,0.06153632790011608,-0.0029243120356582386,800,10,"[5, 5, 10]","I(M1,M2;T)"
896,0.0,0.07604913966562514,0.012094132837118812,800,10,"[5, 5, 10]","I(M1,M2;T)"
897,0.0,0.06303238688584283,-0.001505787423574531,800,10,"[5, 5, 10]","I(M1,M2;T)"
898,0.0,0.06241148808348747,-0.002055009400780447,800,10,"[5, 5, 10]","I(M1,M2;T)"
899,0.0,0.062446524285987466,-0.0025794802066764974,800,10,"[5, 5, 10]","I(M1,M2;T)"
900,0.0,0.07225725191014423,0.008631907187392596,800,10,"[5, 5, 10]","I(M1,M2;T)"
901,0.0,0.05297161549229244,-0.010655023658523416,800,10,"[5, 5, 10]","I(M1,M2;T)"
902,0.0,0.07480094672412649,0.010444128292001975,800,10,"[5, 5, 10]","I(M1,M2;T)"
903,0.0,0.06032976378797158,-0.004661137879459522,800,10,"[5, 5, 10]","I(M1,M2;T)"
904,0.0,0.07107837800065964,0.006883034445594488,800,10,"[5, 5, 10]","I(M1,M2;T)"
905,0.0,0.06614537595889602,0.0024911075902300517,800,10,"[5, 5, 10]","I(M1,M2;T)"
906,0.0,0.07605822416825561,0.011820952734595547,800,10,"[5, 5, 10]","I(M1,M2;T)"
907,0.0,0.04919440213960919,-0.015156745538917306,800,10,"[5, 5, 10]","I(M1,M2;T)"
908,0.0,0.08087231666305175,0.016283876736182826,800,10,"[5, 5, 10]","I(M1,M2;T)"
909,0.0,0.06218123012357055,-0.0024395494374611637,800,10,"[5, 5, 10]","I(M1,M2;T)"
910,0.0,0.05709630553227878,-0.007216114379616931,800,10,"[5, 5, 10]","I(M1,M2;T)"
911,0.0,0.07495014230649297,0.011312672170321558,800,10,"[5, 5, 10]","I(M1,M2;T)"
912,0.0,0.058975577735233195,-0.005619516449319642,800,10,"[5, 5, 10]","I(M1,M2;T)"
913,0.0,0.05478273036984906,-0.009921648207922275,800,10,"[5, 5, 10]","I(M1,M2;T)"
914,0.0,0.05663945770140017,-0.007870021357968708,800,10,"[5, 5, 10]","I(M1,M2;T)"
915,0.0,0.05809386208385994,-0.00670248007905716,800,10,"[5, 5, 10]","I(M1,M2;T)"
916,0.0,0.06869453343731852,0.0039008140703134797,800,10,"[5, 5, 10]","I(M1,M2;T)"
917,0.0,0.05636761138403618,-0.008278939978671483,800,10,"[5, 5, 10]","I(M1,M2;T)"
918,0.0,0.07137918044788458,0.006698470142613322,800,10,"[5, 5, 10]","I(M1,M2;T)"
919,0.0,0.06859840210656645,0.00415236610287277,800,10,"[5, 5, 10]","I(M1,M2;T)"
920,0.0,0.06567073910662638,0.0016257763508909506,800,10,"[5, 5, 10]","I(M1,M2;T)"
921,0.0,0.06434225753465371,0.0004031659112737618,800,10,"[5, 5, 10]","I(M1,M2;T)"
922,0.0,0.053992674444823176,-0.010152012821048544,800,10,"[5, 5, 10]","I(M1,M2;T)"
923,0.0,0.06470967355472051,0.0003974783998981074,800,10,"[5, 5, 10]","I(M1,M2;T)"
924,0.0,0.06199847324626501,-0.0021526416791239067,800,10,"[5, 5, 10]","I(M1,M2;T)"
925,0.0,0.058364117808847246,-0.005205541125881896,800,10,"[5, 5, 10]","I(M1,M2;T)"
926,0.0,0.07060705559056692,0.0055003928970670385,800,10,"[5, 5, 10]","I(M1,M2;T)"
927,0.0,0.06406765914520018,-0.0003880867551199346,800,10,"[5, 5, 10]","I(M1,M2;T)"
928,0.0,0.060103500478217595,-0.004057185539563288,800,10,"[5, 5, 10]","I(M1,M2;T)"
929,0.0,0.05840720681491269,-0.004915016401244386,800,10,"[5, 5, 10]","I(M1,M2;T)"
930,0.0,0.07338731281833819,0.009368446679645218,800,10,"[5, 5, 10]","I(M1,M2;T)"
931,0.0,0.06172123228284801,-0.002157540812373321,800,10,"[5, 5, 10]","I(M1,M2;T)"
932,0.0,0.067487760361135,0.0037619160243345245,800,10,"[5, 5, 10]","I(M1,M2;T)"
933,0.0,0.062286679126504985,-0.001440429334130855,800,10,"[5, 5, 10]","I(M1,M2;T)"
934,0.0,0.06804210750041365,0.0034420631813933122,800,10,"[5, 5, 10]","I(M1,M2;T)"
935,0.0,0.08990527601682818,0.025975310646193697,800,10,"[5, 5, 10]","I(M1,M2;T)"
936,0.0,0.06822800080562834,0.004066918347262721,800,10,"[5, 5, 10]","I(M1,M2;T)"
937,0.0,0.055834810037575414,-0.008572129903314601,800,10,"[5, 5, 10]","I(M1,M2;T)"
938,0.0,0.06011420094778478,-0.0049817980498008466,800,10,"[5, 5, 10]","I(M1,M2;T)"
939,0.0,0.07586584998964825,0.011733164476419033,800,10,"[5, 5, 10]","I(M1,M2;T)"
940,0.0,0.05837613271350245,-0.005950701205563735,800,10,"[5, 5, 10]","I(M1,M2;T)"
941,0.0,0.08310714108375572,0.01915524792474077,800,10,"[5, 5, 10]","I(M1,M2;T)"
942,0.0,0.058382495867095555,-0.005762514793181378,800,10,"[5, 5, 10]","I(M1,M2;T)"
943,0.0,0.05145506298978211,-0.012974795742050432,800,10,"[5, 5, 10]","I(M1,M2;T)"
944,0.0,0.0693687827367724,0.005560945531934147,800,10,"[5, 5, 10]","I(M1,M2;T)"
945,0.0,0.069710307555821,0.005767136093839595,800,10,"[5, 5, 10]","I(M1,M2;T)"
946,0.0,0.06732652241912054,0.003189894565687884,800,10,"[5, 5, 10]","I(M1,M2;T)"
947,0.0,0.055034493943958096,-0.009045410993761036,800,10,"[5, 5, 10]","I(M1,M2;T)"
948,0.0,0.06973012362115696,0.005325738390368415,800,10,"[5, 5, 10]","I(M1,M2;T)"
949,0.0,0.06484863799666817,0.000898265235629192,800,10,"[5, 5, 10]","I(M1,M2;T)"
950,0.0,0.07195593063529324,0.00789241396143335,800,10,"[5, 5, 10]","I(M1,M2;T)"
951,0.0,0.06045211966990059,-0.0044858845735499114,800,10,"[5, 5, 10]","I(M1,M2;T)"
952,0.0,0.060056342865651875,-0.004040447782919558,800,10,"[5, 5, 10]","I(M1,M2;T)"
953,0.0,0.07158421051431224,0.006572372815597402,800,10,"[5, 5, 10]","I(M1,M2;T)"
954,0.0,0.07529027266553842,0.01108591556336809,800,10,"[5, 5, 10]","I(M1,M2;T)"
955,0.0,0.05388707502097912,-0.010247177155966437,800,10,"[5, 5, 10]","I(M1,M2;T)"
956,0.0,0.04579600313927656,-0.018989446918487883,800,10,"[5, 5, 10]","I(M1,M2;T)"
957,0.0,0.07397949466932917,0.008766579275668498,800,10,"[5, 5, 10]","I(M1,M2;T)"
958,0.0,0.05414587213220418,-0.009961554568020857,800,10,"[5, 5, 10]","I(M1,M2;T)"
959,0.0,0.06387725974932222,-0.00021820747561455967,800,10,"[5, 5, 10]","I(M1,M2;T)"
960,0.0,0.09129097702229241,0.027365232187602728,800,10,"[5, 5, 10]","I(M1,M2;T)"
961,0.0,0.06761228085342566,0.003522781128608654,800,10,"[5, 5, 10]","I(M1,M2;T)"
962,0.0,0.06945953558820755,0.004710897694276794,800,10,"[5, 5, 10]","I(M1,M2;T)"
963,0.0,0.06676227441854934,0.0020243178402242767,800,10,"[5, 5, 10]","I(M1,M2;T)"
964,0.0,0.07193736709022458,0.007567369169540275,800,10,"[5, 5, 10]","I(M1,M2;T)"
965,0.0,0.07122529611128026,0.006649555395731893,800,10,"[5, 5, 10]","I(M1,M2;T)"
966,0.0,0.08722346686403526,0.022830593396816687,800,10,"[5, 5, 10]","I(M1,M2;T)"
967,0.0,0.07274776520144707,0.007803220592778118,800,10,"[5, 5, 10]","I(M1,M2;T)"
968,0.0,0.05768619805768048,-0.006337942780754238,800,10,"[5, 5, 10]","I(M1,M2;T)"
969,0.0,0.06692281823599175,0.0023969657867904948,800,10,"[5, 5, 10]","I(M1,M2;T)"
970,0.0,0.05406037361602618,-0.010597578832354834,800,10,"[5, 5, 10]","I(M1,M2;T)"
971,0.0,0.06556536450241957,0.000978316015588343,800,10,"[5, 5, 10]","I(M1,M2;T)"
972,0.0,0.07368904509166219,0.009499330292694202,800,10,"[5, 5, 10]","I(M1,M2;T)"
973,0.0,0.06324555757724395,-0.0013315594714820161,800,10,"[5, 5, 10]","I(M1,M2;T)"
974,0.0,0.06895614908188677,0.004843992029278613,800,10,"[5, 5, 10]","I(M1,M2;T)"
975,0.0,0.06784036473872825,0.003998635217852278,800,10,"[5, 5, 10]","I(M1,M2;T)"
976,0.0,0.09362582397006623,0.02931108864879177,800,10,"[5, 5, 10]","I(M1,M2;T)"
977,0.0,0.050238717402295935,-0.014511667098426662,800,10,"[5, 5, 10]","I(M1,M2;T)"
978,0.0,0.05943610822122906,-0.004813544046648431,800,10,"[5, 5, 10]","I(M1,M2;T)"
979,0.0,0.0574254187494675,-0.006758805108878323,800,10,"[5, 5, 10]","I(M1,M2;T)"
980,0.0,0.06390376995329364,-0.0008124206619406771,800,10,"[5, 5, 10]","I(M1,M2;T)"
981,0.0,0.06109421265142347,-0.003268510153982003,800,10,"[5, 5, 10]","I(M1,M2;T)"
982,0.0,0.05379493499027317,-0.011979561051811957,800,10,"[5, 5, 10]","I(M1,M2;T)"
983,0.0,0.06534274065190775,0.0010724035772181756,800,10,"[5, 5, 10]","I(M1,M2;T)"
984,0.0,0.057223578234974336,-0.007253090281192247,800,10,"[5, 5, 10]","I(M1,M2;T)"
985,0.0,0.05883298325679035,-0.005528264846465923,800,10,"[5, 5, 10]","I(M1,M2;T)"
986,0.0,0.057495490705003593,-0.006865808970617948,800,10,"[5, 5, 10]","I(M1,M2;T)"
987,0.0,0.04507832888188888,-0.01900574265752418,800,10,"[5, 5, 10]","I(M1,M2;T)"
988,0.0,0.07681819692074782,0.012743126022911652,800,10,"[5, 5, 10]","I(M1,M2;T)"
989,0.0,0.05520950632592293,-0.009925237435429377,800,10,"[5, 5, 10]","I(M1,M2;T)"
990,0.0,0.06381033005991188,-0.0008262945276476807,800,10,"[5, 5, 10]","I(M1,M2;T)"
991,0.0,0.061928971500251284,-0.0028900293905056162,800,10,"[5, 5, 10]","I(M1,M2;T)"
992,0.0,0.0449963719310914,-0.019915033540242398,800,10,"[5, 5, 10]","I(M1,M2;T)"
993,0.0,0.0684911061508366,0.0041547810581853695,800,10,"[5, 5, 10]","I(M1,M2;T)"
994,0.0,0.05908388561347078,-0.004708529775845197,800,10,"[5, 5, 10]","I(M1,M2;T)"
995,0.0,0.06052032782016475,-0.0038251243573407326,800,10,"[5, 5, 10]","I(M1,M2;T)"
996,0.0,0.07312593280194465,0.009239662635643853,800,10,"[5, 5, 10]","I(M1,M2;T)"
997,0.0,0.0757656469028124,0.010224942552313335,800,10,"[5, 5, 10]","I(M1,M2;T)"
998,0.0,0.0593721575270957,-0.004792042450670532,800,10,"[5, 5, 10]","I(M1,M2;T)"
999,0.0,0.0582311511320498,-0.006276488493042964,800,10,"[5, 5, 10]","I(M1,M2;T)"
0,0.0,3.4214889336174426,-0.4263539914375558,800,100,"[50, 50, 50]","I(M1,M2;T)"
1,0.0,3.4829637084892027,-0.3590370198513817,800,100,"[50, 50, 50]","I(M1,M2;T)"
2,0.0,3.375427569994179,-0.4700345915714137,800,100,"[50, 50, 50]","I(M1,M2;T)"
3,0.0,3.5190165808441813,-0.3204191022141183,800,100,"[50, 50, 50]","I(M1,M2;T)"
4,0.0,3.4778147229373984,-0.364609203882166,800,100,"[50, 50, 50]","I(M1,M2;T)"
5,0.0,3.451695234088999,-0.3891013245603614,800,100,"[50, 50, 50]","I(M1,M2;T)"
6,0.0,3.428301215934583,-0.41452407803833724,800,100,"[50, 50, 50]","I(M1,M2;T)"
7,0.0,3.424381817598703,-0.422929336525117,800,100,"[50, 50, 50]","I(M1,M2;T)"
8,0.0,3.38236417427862,-0.4616647783182146,800,100,"[50, 50, 50]","I(M1,M2;T)"
9,0.0,3.3807181969619196,-0.4678793417301925,800,100,"[50, 50, 50]","I(M1,M2;T)"
10,0.0,3.3676011972845847,-0.47858002219696116,800,100,"[50, 50, 50]","I(M1,M2;T)"
11,0.0,3.390622735304867,-0.4586588473546809,800,100,"[50, 50, 50]","I(M1,M2;T)"
12,0.0,3.3752115163258805,-0.4728983696735276,800,100,"[50, 50, 50]","I(M1,M2;T)"
13,0.0,3.485772292226333,-0.36000826773638295,800,100,"[50, 50, 50]","I(M1,M2;T)"
14,0.0,3.338864078671849,-0.5048024836121572,800,100,"[50, 50, 50]","I(M1,M2;T)"
15,0.0,3.4461806318895176,-0.3989599571860789,800,100,"[50, 50, 50]","I(M1,M2;T)"
16,0.0,3.435220272867678,-0.41299875685797627,800,100,"[50, 50, 50]","I(M1,M2;T)"
17,0.0,3.4529481039220276,-0.39081009017406076,800,100,"[50, 50, 50]","I(M1,M2;T)"
18,0.0,3.4550640498317637,-0.3855227778432577,800,100,"[50, 50, 50]","I(M1,M2;T)"
19,0.0,3.4347305267053234,-0.40596858748914855,800,100,"[50, 50, 50]","I(M1,M2;T)"
20,0.0,3.4908378534538733,-0.3520530435126976,800,100,"[50, 50, 50]","I(M1,M2;T)"
21,0.0,3.5212078771986532,-0.3097638945551049,800,100,"[50, 50, 50]","I(M1,M2;T)"
22,0.0,3.3668830908362866,-0.4759509838372411,800,100,"[50, 50, 50]","I(M1,M2;T)"
23,0.0,3.4878694269709003,-0.3594464072803718,800,100,"[50, 50, 50]","I(M1,M2;T)"
24,0.0,3.3475299021620595,-0.4968256172986161,800,100,"[50, 50, 50]","I(M1,M2;T)"
25,0.0,3.447612374152193,-0.40023470615626344,800,100,"[50, 50, 50]","I(M1,M2;T)"
26,0.0,3.4661231526887226,-0.3773027762147132,800,100,"[50, 50, 50]","I(M1,M2;T)"
27,0.0,3.521025382311447,-0.32312641588450886,800,100,"[50, 50, 50]","I(M1,M2;T)"
28,0.0,3.4791385219947637,-0.36947057135742956,800,100,"[50, 50, 50]","I(M1,M2;T)"
29,0.0,3.5311510007579363,-0.31171708797822406,800,100,"[50, 50, 50]","I(M1,M2;T)"
30,0.0,3.4692652058258417,-0.375434854473534,800,100,"[50, 50, 50]","I(M1,M2;T)"
31,0.0,3.6113493773867598,-0.2330603067365442,800,100,"[50, 50, 50]","I(M1,M2;T)"
32,0.0,3.3747304155559865,-0.4704400455131017,800,100,"[50, 50, 50]","I(M1,M2;T)"
33,0.0,3.4317827553042353,-0.4106488774104009,800,100,"[50, 50, 50]","I(M1,M2;T)"
34,0.0,3.3933191491716954,-0.44754806381126055,800,100,"[50, 50, 50]","I(M1,M2;T)"
35,0.0,3.4428889626703154,-0.39768330927653217,800,100,"[50, 50, 50]","I(M1,M2;T)"
36,0.0,3.3962327457105634,-0.44411557498180354,800,100,"[50, 50, 50]","I(M1,M2;T)"
37,0.0,3.501447658914266,-0.349109940328618,800,100,"[50, 50, 50]","I(M1,M2;T)"
38,0.0,3.4954179467442072,-0.351542296502418,800,100,"[50, 50, 50]","I(M1,M2;T)"
39,0.0,3.472807829229281,-0.36915752963365867,800,100,"[50, 50, 50]","I(M1,M2;T)"
40,0.0,3.566844527314035,-0.274427242625483,800,100,"[50, 50, 50]","I(M1,M2;T)"
41,0.0,3.5112060342947022,-0.333150591793129,800,100,"[50, 50, 50]","I(M1,M2;T)"
42,0.0,3.365297044237095,-0.4807321120441759,800,100,"[50, 50, 50]","I(M1,M2;T)"
43,0.0,3.4295301121443638,-0.41374204449914576,800,100,"[50, 50, 50]","I(M1,M2;T)"
44,0.0,3.5186860322993505,-0.32336361161583627,800,100,"[50, 50, 50]","I(M1,M2;T)"
45,0.0,3.4297414003736106,-0.41369509917367164,800,100,"[50, 50, 50]","I(M1,M2;T)"
46,0.0,3.524465227175274,-0.3203267236595586,800,100,"[50, 50, 50]","I(M1,M2;T)"
47,0.0,3.4542008391964605,-0.38873611995431423,800,100,"[50, 50, 50]","I(M1,M2;T)"
48,0.0,3.4581945483229273,-0.38251281489895783,800,100,"[50, 50, 50]","I(M1,M2;T)"
49,0.0,3.471597135201323,-0.36641613686067664,800,100,"[50, 50, 50]","I(M1,M2;T)"
50,0.0,3.4261496064774306,-0.4197678121471915,800,100,"[50, 50, 50]","I(M1,M2;T)"
51,0.0,3.307410536977759,-0.5394268919200931,800,100,"[50, 50, 50]","I(M1,M2;T)"
52,0.0,3.338756966794726,-0.49691882601292026,800,100,"[50, 50, 50]","I(M1,M2;T)"
53,0.0,3.4407112300091436,-0.397194618956469,800,100,"[50, 50, 50]","I(M1,M2;T)"
54,0.0,3.426473787562063,-0.4257724098532325,800,100,"[50, 50, 50]","I(M1,M2;T)"
55,0.0,3.4269922501276797,-0.4248224078422811,800,100,"[50, 50, 50]","I(M1,M2;T)"
56,0.0,3.4388532502647493,-0.40615837150229606,800,100,"[50, 50, 50]","I(M1,M2;T)"
57,0.0,3.5010162758198224,-0.34524240897341496,800,100,"[50, 50, 50]","I(M1,M2;T)"
58,0.0,3.5098830335795057,-0.3336358644881865,800,100,"[50, 50, 50]","I(M1,M2;T)"
59,0.0,3.428480406969891,-0.4140789706662247,800,100,"[50, 50, 50]","I(M1,M2;T)"
60,0.0,3.4591834696835484,-0.38260546060125744,800,100,"[50, 50, 50]","I(M1,M2;T)"
61,0.0,3.4776263885317893,-0.3622390874811092,800,100,"[50, 50, 50]","I(M1,M2;T)"
62,0.0,3.3498687239697738,-0.49443006463578376,800,100,"[50, 50, 50]","I(M1,M2;T)"
63,0.0,3.4814633576538845,-0.3683512972850469,800,100,"[50, 50, 50]","I(M1,M2;T)"
64,0.0,3.52228308922898,-0.32228514319435453,800,100,"[50, 50, 50]","I(M1,M2;T)"
65,0.0,3.462636990015763,-0.3764371794717216,800,100,"[50, 50, 50]","I(M1,M2;T)"
66,0.0,3.500002925912316,-0.3360961826752411,800,100,"[50, 50, 50]","I(M1,M2;T)"
67,0.0,3.378609289527733,-0.4630987543941414,800,100,"[50, 50, 50]","I(M1,M2;T)"
68,0.0,3.4838521202665063,-0.35857016032728595,800,100,"[50, 50, 50]","I(M1,M2;T)"
69,0.0,3.362216455686462,-0.48135839716486606,800,100,"[50, 50, 50]","I(M1,M2;T)"
70,0.0,3.572179777873636,-0.27369519918565777,800,100,"[50, 50, 50]","I(M1,M2;T)"
71,0.0,3.4969458242097033,-0.34457953672736563,800,100,"[50, 50, 50]","I(M1,M2;T)"
72,0.0,3.4696953637094303,-0.37819695210237825,800,100,"[50, 50, 50]","I(M1,M2;T)"
73,0.0,3.499099231689779,-0.3405730583522235,800,100,"[50, 50, 50]","I(M1,M2;T)"
74,0.0,3.5262182644203843,-0.3108505711089071,800,100,"[50, 50, 50]","I(M1,M2;T)"
75,0.0,3.44343186312425,-0.4010931394292485,800,100,"[50, 50, 50]","I(M1,M2;T)"
76,0.0,3.4765487134073174,-0.3627352953016638,800,100,"[50, 50, 50]","I(M1,M2;T)"
77,0.0,3.572420641696257,-0.2715522154357317,800,100,"[50, 50, 50]","I(M1,M2;T)"
78,0.0,3.468101582889998,-0.3777909932627481,800,100,"[50, 50, 50]","I(M1,M2;T)"
79,0.0,3.4436881035784794,-0.4003795983308578,800,100,"[50, 50, 50]","I(M1,M2;T)"
80,0.0,3.446609680901897,-0.39518573195664874,800,100,"[50, 50, 50]","I(M1,M2;T)"
81,0.0,3.5053586108813706,-0.3402375688057999,800,100,"[50, 50, 50]","I(M1,M2;T)"
82,0.0,3.3888558884647217,-0.4606604933598013,800,100,"[50, 50, 50]","I(M1,M2;T)"
83,0.0,3.5015786738846084,-0.34548973474855504,800,100,"[50, 50, 50]","I(M1,M2;T)"
84,0.0,3.3743814637724587,-0.4727114459908677,800,100,"[50, 50, 50]","I(M1,M2;T)"
85,0.0,3.4983052293818884,-0.35108321800009934,800,100,"[50, 50, 50]","I(M1,M2;T)"
86,0.0,3.6227437629894705,-0.21671839421430095,800,100,"[50, 50, 50]","I(M1,M2;T)"
87,0.0,3.4352417969464906,-0.4054512062660445,800,100,"[50, 50, 50]","I(M1,M2;T)"
88,0.0,3.474891341825428,-0.3734294922924626,800,100,"[50, 50, 50]","I(M1,M2;T)"
89,0.0,3.4443505404555994,-0.390521012089883,800,100,"[50, 50, 50]","I(M1,M2;T)"
90,0.0,3.4314630032590534,-0.41523953244289613,800,100,"[50, 50, 50]","I(M1,M2;T)"
91,0.0,3.398653278073998,-0.4462952376391818,800,100,"[50, 50, 50]","I(M1,M2;T)"
92,0.0,3.530523140874462,-0.3114216656086839,800,100,"[50, 50, 50]","I(M1,M2;T)"
93,0.0,3.523282504699926,-0.3175158249541221,800,100,"[50, 50, 50]","I(M1,M2;T)"
94,0.0,3.3838071556577067,-0.45812427484367824,800,100,"[50, 50, 50]","I(M1,M2;T)"
95,0.0,3.405425183251093,-0.4368892039983323,800,100,"[50, 50, 50]","I(M1,M2;T)"
96,0.0,3.454549445834052,-0.38878602656127725,800,100,"[50, 50, 50]","I(M1,M2;T)"
97,0.0,3.5376630418541786,-0.3093308454259356,800,100,"[50, 50, 50]","I(M1,M2;T)"
98,0.0,3.467993984123537,-0.3745155171217682,800,100,"[50, 50, 50]","I(M1,M2;T)"
99,0.0,3.531241601250443,-0.31552235260584593,800,100,"[50, 50, 50]","I(M1,M2;T)"
100,0.0,3.458516961741707,-0.38939342001619126,800,100,"[50, 50, 50]","I(M1,M2;T)"
101,0.0,3.4010243285099193,-0.4397676511359889,800,100,"[50, 50, 50]","I(M1,M2;T)"
102,0.0,3.448697555771566,-0.3991181539506128,800,100,"[50, 50, 50]","I(M1,M2;T)"
103,0.0,3.546425071227982,-0.29332065862620293,800,100,"[50, 50, 50]","I(M1,M2;T)"
104,0.0,3.348651759387089,-0.48584729181126685,800,100,"[50, 50, 50]","I(M1,M2;T)"
105,0.0,3.494185561843899,-0.35109589395654606,800,100,"[50, 50, 50]","I(M1,M2;T)"
106,0.0,3.4958406675462887,-0.3538365670757013,800,100,"[50, 50, 50]","I(M1,M2;T)"
107,0.0,3.3636070054378093,-0.48050157645335734,800,100,"[50, 50, 50]","I(M1,M2;T)"
108,0.0,3.4077644339524293,-0.43442589347395977,800,100,"[50, 50, 50]","I(M1,M2;T)"
109,0.0,3.576728966926258,-0.2565243533193149,800,100,"[50, 50, 50]","I(M1,M2;T)"
110,0.0,3.3879127078601603,-0.4560142562682068,800,100,"[50, 50, 50]","I(M1,M2;T)"
111,0.0,3.5222282764798583,-0.31417933537937426,800,100,"[50, 50, 50]","I(M1,M2;T)"
112,0.0,3.3747389596470647,-0.46761228821893486,800,100,"[50, 50, 50]","I(M1,M2;T)"
113,0.0,3.5093105679299477,-0.33595750943971847,800,100,"[50, 50, 50]","I(M1,M2;T)"
114,0.0,3.4049757432372516,-0.4351043585639087,800,100,"[50, 50, 50]","I(M1,M2;T)"
115,0.0,3.4108667059065088,-0.4299907866810804,800,100,"[50, 50, 50]","I(M1,M2;T)"
116,0.0,3.4243837826364176,-0.4225461243585755,800,100,"[50, 50, 50]","I(M1,M2;T)"
117,0.0,3.4848218864098746,-0.3571273549111096,800,100,"[50, 50, 50]","I(M1,M2;T)"
118,0.0,3.5768989588634517,-0.26683219962444626,800,100,"[50, 50, 50]","I(M1,M2;T)"
119,0.0,3.4946233962250153,-0.3514129610679473,800,100,"[50, 50, 50]","I(M1,M2;T)"
120,0.0,3.547729779185044,-0.29727109347138825,800,100,"[50, 50, 50]","I(M1,M2;T)"
121,0.0,3.5138441846821054,-0.3283130198339097,800,100,"[50, 50, 50]","I(M1,M2;T)"
122,0.0,3.447042466856203,-0.39378701690612905,800,100,"[50, 50, 50]","I(M1,M2;T)"
123,0.0,3.4911989733962687,-0.3551066896352095,800,100,"[50, 50, 50]","I(M1,M2;T)"
124,0.0,3.4303729461789283,-0.41711012641106393,800,100,"[50, 50, 50]","I(M1,M2;T)"
125,0.0,3.450590242289747,-0.39514402099583545,800,100,"[50, 50, 50]","I(M1,M2;T)"
126,0.0,3.4594355827855776,-0.37817476013116114,800,100,"[50, 50, 50]","I(M1,M2;T)"
127,0.0,3.4759328843195716,-0.37637453533501963,800,100,"[50, 50, 50]","I(M1,M2;T)"
128,0.0,3.4865326369972474,-0.3502059868632359,800,100,"[50, 50, 50]","I(M1,M2;T)"
129,0.0,3.4603122509925317,-0.38512028256377384,800,100,"[50, 50, 50]","I(M1,M2;T)"
130,0.0,3.414975622267769,-0.42586808990060465,800,100,"[50, 50, 50]","I(M1,M2;T)"
131,0.0,3.349675075406406,-0.4873749294356582,800,100,"[50, 50, 50]","I(M1,M2;T)"
132,0.0,3.524528750630304,-0.31413336053153884,800,100,"[50, 50, 50]","I(M1,M2;T)"
133,0.0,3.4644361639082737,-0.3837038067070666,800,100,"[50, 50, 50]","I(M1,M2;T)"
134,0.0,3.402917252887181,-0.4367060067293709,800,100,"[50, 50, 50]","I(M1,M2;T)"
135,0.0,3.3962143451434526,-0.4441654214472823,800,100,"[50, 50, 50]","I(M1,M2;T)"
136,0.0,3.4286699489906693,-0.4197830731352088,800,100,"[50, 50, 50]","I(M1,M2;T)"
137,0.0,3.4130284716295964,-0.43627213174279866,800,100,"[50, 50, 50]","I(M1,M2;T)"
138,0.0,3.3862639456288415,-0.4633210034121604,800,100,"[50, 50, 50]","I(M1,M2;T)"
139,0.0,3.51715555934976,-0.3217230103393014,800,100,"[50, 50, 50]","I(M1,M2;T)"
140,0.0,3.465178863821344,-0.38260185554194415,800,100,"[50, 50, 50]","I(M1,M2;T)"
141,0.0,3.4434481470093434,-0.396160929943016,800,100,"[50, 50, 50]","I(M1,M2;T)"
142,0.0,3.5415856516253523,-0.2996534631612384,800,100,"[50, 50, 50]","I(M1,M2;T)"
143,0.0,3.5305846215763346,-0.30973396124334895,800,100,"[50, 50, 50]","I(M1,M2;T)"
144,0.0,3.416669051137537,-0.4293996821923445,800,100,"[50, 50, 50]","I(M1,M2;T)"
145,0.0,3.515156310005856,-0.32678368441547523,800,100,"[50, 50, 50]","I(M1,M2;T)"
146,0.0,3.4089682850782004,-0.4351654699320613,800,100,"[50, 50, 50]","I(M1,M2;T)"
147,0.0,3.3562123141163145,-0.48557780052978794,800,100,"[50, 50, 50]","I(M1,M2;T)"
148,0.0,3.424246070587807,-0.4236093693587253,800,100,"[50, 50, 50]","I(M1,M2;T)"
149,0.0,3.492762580654495,-0.35084931918111284,800,100,"[50, 50, 50]","I(M1,M2;T)"
150,0.0,3.435335288947032,-0.4093909832045237,800,100,"[50, 50, 50]","I(M1,M2;T)"
151,0.0,3.646718037064664,-0.19844358111962634,800,100,"[50, 50, 50]","I(M1,M2;T)"
152,0.0,3.4258780975957013,-0.41936048253804525,800,100,"[50, 50, 50]","I(M1,M2;T)"
153,0.0,3.5315044582257404,-0.3180377449674454,800,100,"[50, 50, 50]","I(M1,M2;T)"
154,0.0,3.5497430763617075,-0.28995230788268644,800,100,"[50, 50, 50]","I(M1,M2;T)"
155,0.0,3.445112845195837,-0.39360531316547087,800,100,"[50, 50, 50]","I(M1,M2;T)"
156,0.0,3.452462347696483,-0.39283722829817513,800,100,"[50, 50, 50]","I(M1,M2;T)"
157,0.0,3.5154444338948663,-0.3302569176334429,800,100,"[50, 50, 50]","I(M1,M2;T)"
158,0.0,3.3600710841041677,-0.48394137673283133,800,100,"[50, 50, 50]","I(M1,M2;T)"
159,0.0,3.3785492895000417,-0.4609855069943465,800,100,"[50, 50, 50]","I(M1,M2;T)"
160,0.0,3.428258990490688,-0.41052320596632974,800,100,"[50, 50, 50]","I(M1,M2;T)"
161,0.0,3.612174540729873,-0.23242607252658098,800,100,"[50, 50, 50]","I(M1,M2;T)"
162,0.0,3.499419466191253,-0.35092440009679926,800,100,"[50, 50, 50]","I(M1,M2;T)"
163,0.0,3.4557758603624955,-0.3953667323137413,800,100,"[50, 50, 50]","I(M1,M2;T)"
164,0.0,3.3874953214060257,-0.4551742379673476,800,100,"[50, 50, 50]","I(M1,M2;T)"
165,0.0,3.4493851308009464,-0.38976352082336696,800,100,"[50, 50, 50]","I(M1,M2;T)"
166,0.0,3.5102646001599895,-0.33131300045949663,800,100,"[50, 50, 50]","I(M1,M2;T)"
167,0.0,3.434218280592132,-0.40372843676274783,800,100,"[50, 50, 50]","I(M1,M2;T)"
168,0.0,3.5783767993511795,-0.26907072075190275,800,100,"[50, 50, 50]","I(M1,M2;T)"
169,0.0,3.5135713899601164,-0.33324978756699464,800,100,"[50, 50, 50]","I(M1,M2;T)"
170,0.0,3.3769194436428416,-0.46642132137462733,800,100,"[50, 50, 50]","I(M1,M2;T)"
171,0.0,3.509504723096283,-0.33502214620601256,800,100,"[50, 50, 50]","I(M1,M2;T)"
172,0.0,3.53267719307078,-0.3088356939959822,800,100,"[50, 50, 50]","I(M1,M2;T)"
173,0.0,3.4309310231634758,-0.4178400169122978,800,100,"[50, 50, 50]","I(M1,M2;T)"
174,0.0,3.500161583924191,-0.34681693799989644,800,100,"[50, 50, 50]","I(M1,M2;T)"
175,0.0,3.5468495977170083,-0.29820078141463524,800,100,"[50, 50, 50]","I(M1,M2;T)"
176,0.0,3.3054511569196956,-0.5345716146382693,800,100,"[50, 50, 50]","I(M1,M2;T)"
177,0.0,3.372396612621226,-0.47219661162681836,800,100,"[50, 50, 50]","I(M1,M2;T)"
178,0.0,3.4170728210281904,-0.4279222463232637,800,100,"[50, 50, 50]","I(M1,M2;T)"
179,0.0,3.461070587046004,-0.3810190282458641,800,100,"[50, 50, 50]","I(M1,M2;T)"
180,0.0,3.4451440743525916,-0.39991918106891067,800,100,"[50, 50, 50]","I(M1,M2;T)"
181,0.0,3.499890923672988,-0.3486529329059822,800,100,"[50, 50, 50]","I(M1,M2;T)"
182,0.0,3.466393008948191,-0.37701428973904294,800,100,"[50, 50, 50]","I(M1,M2;T)"
183,0.0,3.526129451304668,-0.31274216213362305,800,100,"[50, 50, 50]","I(M1,M2;T)"
184,0.0,3.476357564142186,-0.3665852485622705,800,100,"[50, 50, 50]","I(M1,M2;T)"
185,0.0,3.5295759476516313,-0.310210272711414,800,100,"[50, 50, 50]","I(M1,M2;T)"
186,0.0,3.4304299798689195,-0.4233434431167433,800,100,"[50, 50, 50]","I(M1,M2;T)"
187,0.0,3.467713670953874,-0.37309712638726067,800,100,"[50, 50, 50]","I(M1,M2;T)"
188,0.0,3.57696048138492,-0.2661397994185277,800,100,"[50, 50, 50]","I(M1,M2;T)"
189,0.0,3.441111760351082,-0.3998256492815693,800,100,"[50, 50, 50]","I(M1,M2;T)"
190,0.0,3.5163842285195277,-0.3302826289401115,800,100,"[50, 50, 50]","I(M1,M2;T)"
191,0.0,3.579487591920874,-0.2700143476889796,800,100,"[50, 50, 50]","I(M1,M2;T)"
192,0.0,3.4336154532455025,-0.40633928958221643,800,100,"[50, 50, 50]","I(M1,M2;T)"
193,0.0,3.4098633410343417,-0.43693466074432763,800,100,"[50, 50, 50]","I(M1,M2;T)"
194,0.0,3.5180277755232625,-0.32228464623912956,800,100,"[50, 50, 50]","I(M1,M2;T)"
195,0.0,3.418392291937321,-0.43436927088476507,800,100,"[50, 50, 50]","I(M1,M2;T)"
196,0.0,3.5019748762844927,-0.3390527331025366,800,100,"[50, 50, 50]","I(M1,M2;T)"
197,0.0,3.5124426311412167,-0.33440378414422955,800,100,"[50, 50, 50]","I(M1,M2;T)"
198,0.0,3.4521302948251886,-0.39053849907610294,800,100,"[50, 50, 50]","I(M1,M2;T)"
199,0.0,3.458396853680275,-0.39100148056997464,800,100,"[50, 50, 50]","I(M1,M2;T)"
200,0.0,3.4263713187482803,-0.4184526474844765,800,100,"[50, 50, 50]","I(M1,M2;T)"
201,0.0,3.4140674194185268,-0.42707172993774556,800,100,"[50, 50, 50]","I(M1,M2;T)"
202,0.0,3.5038986769922333,-0.33918827444914523,800,100,"[50, 50, 50]","I(M1,M2;T)"
203,0.0,3.48316846730394,-0.36421050114645226,800,100,"[50, 50, 50]","I(M1,M2;T)"
204,0.0,3.414487477095781,-0.42831563797938976,800,100,"[50, 50, 50]","I(M1,M2;T)"
205,0.0,3.28289974187314,-0.5706582527390203,800,100,"[50, 50, 50]","I(M1,M2;T)"
206,0.0,3.386760350020747,-0.4568889870945996,800,100,"[50, 50, 50]","I(M1,M2;T)"
207,0.0,3.4214587414963997,-0.4157290322711815,800,100,"[50, 50, 50]","I(M1,M2;T)"
208,0.0,3.46530944879224,-0.3799448733843014,800,100,"[50, 50, 50]","I(M1,M2;T)"
209,0.0,3.6162035263167747,-0.23191985646959923,800,100,"[50, 50, 50]","I(M1,M2;T)"
210,0.0,3.5233534768066312,-0.32406146289392224,800,100,"[50, 50, 50]","I(M1,M2;T)"
211,0.0,3.3644961723154885,-0.4815288459242857,800,100,"[50, 50, 50]","I(M1,M2;T)"
212,0.0,3.524833775899035,-0.32323754552408035,800,100,"[50, 50, 50]","I(M1,M2;T)"
213,0.0,3.4909288495600017,-0.35275972399638,800,100,"[50, 50, 50]","I(M1,M2;T)"
214,0.0,3.411603956356113,-0.4263866721809766,800,100,"[50, 50, 50]","I(M1,M2;T)"
215,0.0,3.440556983207393,-0.4032013750608905,800,100,"[50, 50, 50]","I(M1,M2;T)"
216,0.0,3.346162993760085,-0.4965430147029588,800,100,"[50, 50, 50]","I(M1,M2;T)"
217,0.0,3.413505498946889,-0.42953369226447347,800,100,"[50, 50, 50]","I(M1,M2;T)"
218,0.0,3.4612958635595,-0.38408561692635423,800,100,"[50, 50, 50]","I(M1,M2;T)"
219,0.0,3.562957353777513,-0.28353234526969784,800,100,"[50, 50, 50]","I(M1,M2;T)"
220,0.0,3.4082755914236476,-0.4331078741588401,800,100,"[50, 50, 50]","I(M1,M2;T)"
221,0.0,3.4203713993507194,-0.4227044405197229,800,100,"[50, 50, 50]","I(M1,M2;T)"
222,0.0,3.495071362479639,-0.3504559773875444,800,100,"[50, 50, 50]","I(M1,M2;T)"
223,0.0,3.478036688188551,-0.36221194543301394,800,100,"[50, 50, 50]","I(M1,M2;T)"
224,0.0,3.5260700754053387,-0.31122095286969786,800,100,"[50, 50, 50]","I(M1,M2;T)"
225,0.0,3.5188635861981203,-0.32266066816395256,800,100,"[50, 50, 50]","I(M1,M2;T)"
226,0.0,3.470239139097566,-0.37528133301454414,800,100,"[50, 50, 50]","I(M1,M2;T)"
227,0.0,3.5174320694996064,-0.32881984750404714,800,100,"[50, 50, 50]","I(M1,M2;T)"
228,0.0,3.4609972077125026,-0.39151397014645717,800,100,"[50, 50, 50]","I(M1,M2;T)"
229,0.0,3.41138839161459,-0.4376461157268863,800,100,"[50, 50, 50]","I(M1,M2;T)"
230,0.0,3.5700100018332037,-0.27567280435607255,800,100,"[50, 50, 50]","I(M1,M2;T)"
231,0.0,3.5482108757754602,-0.2969347387777854,800,100,"[50, 50, 50]","I(M1,M2;T)"
232,0.0,3.390448175449744,-0.4501522175992916,800,100,"[50, 50, 50]","I(M1,M2;T)"
233,0.0,3.420246906228074,-0.42780094419978854,800,100,"[50, 50, 50]","I(M1,M2;T)"
234,0.0,3.42065245699429,-0.42334070586285844,800,100,"[50, 50, 50]","I(M1,M2;T)"
235,0.0,3.354155662486273,-0.49179125530559364,800,100,"[50, 50, 50]","I(M1,M2;T)"
236,0.0,3.4691792460869157,-0.3731171031643905,800,100,"[50, 50, 50]","I(M1,M2;T)"
237,0.0,3.4235037882892123,-0.4157055275935986,800,100,"[50, 50, 50]","I(M1,M2;T)"
238,0.0,3.471463111702087,-0.37200457452165603,800,100,"[50, 50, 50]","I(M1,M2;T)"
239,0.0,3.4939408892204544,-0.3560705487093956,800,100,"[50, 50, 50]","I(M1,M2;T)"
240,0.0,3.433032804024684,-0.41075357576954374,800,100,"[50, 50, 50]","I(M1,M2;T)"
241,0.0,3.51652200453222,-0.33097738158041423,800,100,"[50, 50, 50]","I(M1,M2;T)"
242,0.0,3.499718983942872,-0.3385677221995813,800,100,"[50, 50, 50]","I(M1,M2;T)"
243,0.0,3.5107584959679903,-0.3376294642346771,800,100,"[50, 50, 50]","I(M1,M2;T)"
244,0.0,3.431751435487108,-0.4208166308046999,800,100,"[50, 50, 50]","I(M1,M2;T)"
245,0.0,3.4202126021430024,-0.4205509701232306,800,100,"[50, 50, 50]","I(M1,M2;T)"
246,0.0,3.494526094162853,-0.35236280545667276,800,100,"[50, 50, 50]","I(M1,M2;T)"
247,0.0,3.6063014857093476,-0.24276735083815737,800,100,"[50, 50, 50]","I(M1,M2;T)"
248,0.0,3.372485106341692,-0.47704656423058367,800,100,"[50, 50, 50]","I(M1,M2;T)"
249,0.0,3.5296388988795915,-0.31959629513549537,800,100,"[50, 50, 50]","I(M1,M2;T)"
250,0.0,3.6294476780004743,-0.21373529095398824,800,100,"[50, 50, 50]","I(M1,M2;T)"
251,0.0,3.493399034818389,-0.34343086764632913,800,100,"[50, 50, 50]","I(M1,M2;T)"
252,0.0,3.398877547636931,-0.43971792112861685,800,100,"[50, 50, 50]","I(M1,M2;T)"
253,0.0,3.3404565462502243,-0.5014295897425161,800,100,"[50, 50, 50]","I(M1,M2;T)"
254,0.0,3.487894582725685,-0.35866027315180826,800,100,"[50, 50, 50]","I(M1,M2;T)"
255,0.0,3.482802592368543,-0.36318300070146936,800,100,"[50, 50, 50]","I(M1,M2;T)"
256,0.0,3.489675559809368,-0.3519116216458844,800,100,"[50, 50, 50]","I(M1,M2;T)"
257,0.0,3.523863084868016,-0.32278009717789136,800,100,"[50, 50, 50]","I(M1,M2;T)"
258,0.0,3.43576481151783,-0.4122879602820677,800,100,"[50, 50, 50]","I(M1,M2;T)"
259,0.0,3.537589882499672,-0.3027627653975813,800,100,"[50, 50, 50]","I(M1,M2;T)"
260,0.0,3.493091710991576,-0.354084261411733,800,100,"[50, 50, 50]","I(M1,M2;T)"
261,0.0,3.4558449703632226,-0.3879926164173688,800,100,"[50, 50, 50]","I(M1,M2;T)"
262,0.0,3.425374833179932,-0.4238271809746479,800,100,"[50, 50, 50]","I(M1,M2;T)"
263,0.0,3.463737220493088,-0.381250236083972,800,100,"[50, 50, 50]","I(M1,M2;T)"
264,0.0,3.5232972375202296,-0.318288184076879,800,100,"[50, 50, 50]","I(M1,M2;T)"
265,0.0,3.493629427176459,-0.34632109225073915,800,100,"[50, 50, 50]","I(M1,M2;T)"
266,0.0,3.4741769577584822,-0.3765679100830912,800,100,"[50, 50, 50]","I(M1,M2;T)"
267,0.0,3.4378515249865287,-0.41228740002920405,800,100,"[50, 50, 50]","I(M1,M2;T)"
268,0.0,3.4865105573970827,-0.35814432597737644,800,100,"[50, 50, 50]","I(M1,M2;T)"
269,0.0,3.4028976438393483,-0.44118913466103615,800,100,"[50, 50, 50]","I(M1,M2;T)"
270,0.0,3.4561626051612846,-0.3935846165767316,800,100,"[50, 50, 50]","I(M1,M2;T)"
271,0.0,3.4838031659629083,-0.35615149269516744,800,100,"[50, 50, 50]","I(M1,M2;T)"
272,0.0,3.431910421933617,-0.41540376814242963,800,100,"[50, 50, 50]","I(M1,M2;T)"
273,0.0,3.475106850318878,-0.3673378680028416,800,100,"[50, 50, 50]","I(M1,M2;T)"
274,0.0,3.4286333460089566,-0.4092221536570162,800,100,"[50, 50, 50]","I(M1,M2;T)"
275,0.0,3.499195722072903,-0.34419405475826137,800,100,"[50, 50, 50]","I(M1,M2;T)"
276,0.0,3.5194829702898387,-0.32254306937293675,800,100,"[50, 50, 50]","I(M1,M2;T)"
277,0.0,3.412551655437723,-0.43151244599841254,800,100,"[50, 50, 50]","I(M1,M2;T)"
278,0.0,3.500987757279421,-0.3465464379715226,800,100,"[50, 50, 50]","I(M1,M2;T)"
279,0.0,3.386989234433581,-0.45646217949596624,800,100,"[50, 50, 50]","I(M1,M2;T)"
280,0.0,3.409658617663501,-0.44124277079242624,800,100,"[50, 50, 50]","I(M1,M2;T)"
281,0.0,3.404365993788402,-0.4429080770927576,800,100,"[50, 50, 50]","I(M1,M2;T)"
282,0.0,3.419102871854723,-0.4160685317000765,800,100,"[50, 50, 50]","I(M1,M2;T)"
283,0.0,3.3900041986777993,-0.46060697538271533,800,100,"[50, 50, 50]","I(M1,M2;T)"
284,0.0,3.5765004011713524,-0.26668810059812476,800,100,"[50, 50, 50]","I(M1,M2;T)"
285,0.0,3.6101491493784974,-0.22439306505809897,800,100,"[50, 50, 50]","I(M1,M2;T)"
286,0.0,3.3778961298554995,-0.4745827717205535,800,100,"[50, 50, 50]","I(M1,M2;T)"
287,0.0,3.554076751873282,-0.2944158198521234,800,100,"[50, 50, 50]","I(M1,M2;T)"
288,0.0,3.458144699980619,-0.3846339517031083,800,100,"[50, 50, 50]","I(M1,M2;T)"
289,0.0,3.5810985746006154,-0.2580839379183941,800,100,"[50, 50, 50]","I(M1,M2;T)"
290,0.0,3.4076809082623427,-0.4403405162233338,800,100,"[50, 50, 50]","I(M1,M2;T)"
291,0.0,3.5223011341018076,-0.3237891837567779,800,100,"[50, 50, 50]","I(M1,M2;T)"
292,0.0,3.609256176478141,-0.2323752034945481,800,100,"[50, 50, 50]","I(M1,M2;T)"
293,0.0,3.447454298552128,-0.39403012178725794,800,100,"[50, 50, 50]","I(M1,M2;T)"
294,0.0,3.5428932307563477,-0.30051942358064077,800,100,"[50, 50, 50]","I(M1,M2;T)"
295,0.0,3.521293086613649,-0.3137701558065076,800,100,"[50, 50, 50]","I(M1,M2;T)"
296,0.0,3.4489198990706624,-0.3910778069663863,800,100,"[50, 50, 50]","I(M1,M2;T)"
297,0.0,3.4396508630315976,-0.40397885912427123,800,100,"[50, 50, 50]","I(M1,M2;T)"
298,0.0,3.520242935159902,-0.32989855530495715,800,100,"[50, 50, 50]","I(M1,M2;T)"
299,0.0,3.4678936390885573,-0.370777016414217,800,100,"[50, 50, 50]","I(M1,M2;T)"
300,0.0,3.4543650945660787,-0.39309294643016246,800,100,"[50, 50, 50]","I(M1,M2;T)"
301,0.0,3.472480796751201,-0.3818489554137696,800,100,"[50, 50, 50]","I(M1,M2;T)"
302,0.0,3.3419278639309296,-0.4998844074323143,800,100,"[50, 50, 50]","I(M1,M2;T)"
303,0.0,3.501065759126228,-0.3444066632129035,800,100,"[50, 50, 50]","I(M1,M2;T)"
304,0.0,3.4398392274472167,-0.40065681715831536,800,100,"[50, 50, 50]","I(M1,M2;T)"
305,0.0,3.398698258348432,-0.4513385860494794,800,100,"[50, 50, 50]","I(M1,M2;T)"
306,0.0,3.419101307398021,-0.428172191380924,800,100,"[50, 50, 50]","I(M1,M2;T)"
307,0.0,3.398397703557369,-0.44780206734282046,800,100,"[50, 50, 50]","I(M1,M2;T)"
308,0.0,3.5550042227940093,-0.2962444548564651,800,100,"[50, 50, 50]","I(M1,M2;T)"
309,0.0,3.4413026092419785,-0.40190842655306547,800,100,"[50, 50, 50]","I(M1,M2;T)"
310,0.0,3.517594008923537,-0.3300527771658919,800,100,"[50, 50, 50]","I(M1,M2;T)"
311,0.0,3.5631305655643866,-0.2884082107056174,800,100,"[50, 50, 50]","I(M1,M2;T)"
312,0.0,3.508852962453418,-0.3349644542801591,800,100,"[50, 50, 50]","I(M1,M2;T)"
313,0.0,3.4467397975976666,-0.39629734455854626,800,100,"[50, 50, 50]","I(M1,M2;T)"
314,0.0,3.3945584012139025,-0.4377432221346016,800,100,"[50, 50, 50]","I(M1,M2;T)"
315,0.0,3.478123022427996,-0.37253927952326915,800,100,"[50, 50, 50]","I(M1,M2;T)"
316,0.0,3.4603327503264247,-0.3850104405185699,800,100,"[50, 50, 50]","I(M1,M2;T)"
317,0.0,3.569426227981261,-0.27916673347018106,800,100,"[50, 50, 50]","I(M1,M2;T)"
318,0.0,3.420977699198955,-0.42412475524278825,800,100,"[50, 50, 50]","I(M1,M2;T)"
319,0.0,3.4572240019591516,-0.37988284724053534,800,100,"[50, 50, 50]","I(M1,M2;T)"
320,0.0,3.488907623714206,-0.3547130515329542,800,100,"[50, 50, 50]","I(M1,M2;T)"
321,0.0,3.532694585214375,-0.3097143667688722,800,100,"[50, 50, 50]","I(M1,M2;T)"
322,0.0,3.416441953233983,-0.4297455609218077,800,100,"[50, 50, 50]","I(M1,M2;T)"
323,0.0,3.4472256302943705,-0.4036775807794206,800,100,"[50, 50, 50]","I(M1,M2;T)"
324,0.0,3.4577511479438536,-0.3813976120010669,800,100,"[50, 50, 50]","I(M1,M2;T)"
325,0.0,3.4159606957652198,-0.4237618573157822,800,100,"[50, 50, 50]","I(M1,M2;T)"
326,0.0,3.45101949020356,-0.39037531265939895,800,100,"[50, 50, 50]","I(M1,M2;T)"
327,0.0,3.3835511541855507,-0.4607397668720137,800,100,"[50, 50, 50]","I(M1,M2;T)"
328,0.0,3.4015360859928623,-0.4394494849942374,800,100,"[50, 50, 50]","I(M1,M2;T)"
329,0.0,3.458245711721043,-0.39239110822333645,800,100,"[50, 50, 50]","I(M1,M2;T)"
330,0.0,3.4187089757886513,-0.42959983306706073,800,100,"[50, 50, 50]","I(M1,M2;T)"
331,0.0,3.3706001667743526,-0.47305410360329114,800,100,"[50, 50, 50]","I(M1,M2;T)"
332,0.0,3.3727720374273913,-0.47320095937074136,800,100,"[50, 50, 50]","I(M1,M2;T)"
333,0.0,3.5341331937002893,-0.30709281094539564,800,100,"[50, 50, 50]","I(M1,M2;T)"
334,0.0,3.3941351211586723,-0.45285336419582345,800,100,"[50, 50, 50]","I(M1,M2;T)"
335,0.0,3.5022535599771554,-0.3292355917209453,800,100,"[50, 50, 50]","I(M1,M2;T)"
336,0.0,3.5710652910368266,-0.2728855442886746,800,100,"[50, 50, 50]","I(M1,M2;T)"
337,0.0,3.5135983982221126,-0.3296069973112492,800,100,"[50, 50, 50]","I(M1,M2;T)"
338,0.0,3.4443780656491216,-0.40424985255800294,800,100,"[50, 50, 50]","I(M1,M2;T)"
339,0.0,3.578988127589646,-0.2614086769834567,800,100,"[50, 50, 50]","I(M1,M2;T)"
340,0.0,3.516763495159571,-0.33154439924060064,800,100,"[50, 50, 50]","I(M1,M2;T)"
341,0.0,3.577787651550976,-0.26489373420743423,800,100,"[50, 50, 50]","I(M1,M2;T)"
342,0.0,3.5133143869759476,-0.33053160496067235,800,100,"[50, 50, 50]","I(M1,M2;T)"
343,0.0,3.367263471988305,-0.4767503686942738,800,100,"[50, 50, 50]","I(M1,M2;T)"
344,0.0,3.5072985939095602,-0.3331434836497835,800,100,"[50, 50, 50]","I(M1,M2;T)"
345,0.0,3.4777680130339794,-0.3737736106578735,800,100,"[50, 50, 50]","I(M1,M2;T)"
346,0.0,3.537077920043045,-0.30645759803467376,800,100,"[50, 50, 50]","I(M1,M2;T)"
347,0.0,3.332701498927321,-0.5152150719752866,800,100,"[50, 50, 50]","I(M1,M2;T)"
348,0.0,3.5433421909484597,-0.3028222820271349,800,100,"[50, 50, 50]","I(M1,M2;T)"
349,0.0,3.5415266228673814,-0.30362744096324557,800,100,"[50, 50, 50]","I(M1,M2;T)"
350,0.0,3.5528503346490377,-0.2824237910030467,800,100,"[50, 50, 50]","I(M1,M2;T)"
351,0.0,3.504109506018204,-0.3448352188837407,800,100,"[50, 50, 50]","I(M1,M2;T)"
352,0.0,3.479782385077611,-0.3660976841945369,800,100,"[50, 50, 50]","I(M1,M2;T)"
353,0.0,3.399019007478825,-0.4470192551159826,800,100,"[50, 50, 50]","I(M1,M2;T)"
354,0.0,3.455072044725471,-0.3917972986208804,800,100,"[50, 50, 50]","I(M1,M2;T)"
355,0.0,3.5147938734945594,-0.3228260771236928,800,100,"[50, 50, 50]","I(M1,M2;T)"
356,0.0,3.373816013164054,-0.4831158118208174,800,100,"[50, 50, 50]","I(M1,M2;T)"
357,0.0,3.3762125027622565,-0.46886776585231527,800,100,"[50, 50, 50]","I(M1,M2;T)"
358,0.0,3.480510364544664,-0.36796552981324027,800,100,"[50, 50, 50]","I(M1,M2;T)"
359,0.0,3.419099583495611,-0.4219555412952807,800,100,"[50, 50, 50]","I(M1,M2;T)"
360,0.0,3.62665502436068,-0.21829015880937597,800,100,"[50, 50, 50]","I(M1,M2;T)"
361,0.0,3.411024297740452,-0.43867725763631826,800,100,"[50, 50, 50]","I(M1,M2;T)"
362,0.0,3.4967827731932832,-0.3395000193784119,800,100,"[50, 50, 50]","I(M1,M2;T)"
363,0.0,3.3373528291433283,-0.5058502393330335,800,100,"[50, 50, 50]","I(M1,M2;T)"
364,0.0,3.381264629870578,-0.47321011290419346,800,100,"[50, 50, 50]","I(M1,M2;T)"
365,0.0,3.567378810799318,-0.2739916534720481,800,100,"[50, 50, 50]","I(M1,M2;T)"
366,0.0,3.486026095382188,-0.35659803206112883,800,100,"[50, 50, 50]","I(M1,M2;T)"
367,0.0,3.3297639783322444,-0.5164212651553428,800,100,"[50, 50, 50]","I(M1,M2;T)"
368,0.0,3.4221653914668875,-0.4218235408069715,800,100,"[50, 50, 50]","I(M1,M2;T)"
369,0.0,3.430900504934184,-0.4129559048040772,800,100,"[50, 50, 50]","I(M1,M2;T)"
370,0.0,3.4495413251514284,-0.38774475369608963,800,100,"[50, 50, 50]","I(M1,M2;T)"
371,0.0,3.430258192227046,-0.41696894905737025,800,100,"[50, 50, 50]","I(M1,M2;T)"
372,0.0,3.445239205068118,-0.40073883654929876,800,100,"[50, 50, 50]","I(M1,M2;T)"
373,0.0,3.4180054574158745,-0.42325113859835284,800,100,"[50, 50, 50]","I(M1,M2;T)"
374,0.0,3.519689640619152,-0.3197316959072021,800,100,"[50, 50, 50]","I(M1,M2;T)"
375,0.0,3.3889944394691365,-0.4500782641498624,800,100,"[50, 50, 50]","I(M1,M2;T)"
376,0.0,3.343388162629405,-0.5028649154351021,800,100,"[50, 50, 50]","I(M1,M2;T)"
377,0.0,3.428914977607261,-0.41923712442606353,800,100,"[50, 50, 50]","I(M1,M2;T)"
378,0.0,3.4048715264196376,-0.439978715339409,800,100,"[50, 50, 50]","I(M1,M2;T)"
379,0.0,3.478853747624058,-0.36229587350131043,800,100,"[50, 50, 50]","I(M1,M2;T)"
380,0.0,3.3785953510969273,-0.46757394873074754,800,100,"[50, 50, 50]","I(M1,M2;T)"
381,0.0,3.56301677233361,-0.280749714792377,800,100,"[50, 50, 50]","I(M1,M2;T)"
382,0.0,3.3767325108433743,-0.46785658686951237,800,100,"[50, 50, 50]","I(M1,M2;T)"
383,0.0,3.562975379404001,-0.2802160410930603,800,100,"[50, 50, 50]","I(M1,M2;T)"
384,0.0,3.455478085453745,-0.4002704257652079,800,100,"[50, 50, 50]","I(M1,M2;T)"
385,0.0,3.478554700072702,-0.3567600876862631,800,100,"[50, 50, 50]","I(M1,M2;T)"
386,0.0,3.5011428068813824,-0.336910410027218,800,100,"[50, 50, 50]","I(M1,M2;T)"
387,0.0,3.444059877782876,-0.40844484364459843,800,100,"[50, 50, 50]","I(M1,M2;T)"
388,0.0,3.4153771264283455,-0.4264894319490691,800,100,"[50, 50, 50]","I(M1,M2;T)"
389,0.0,3.498633069579782,-0.337049534475629,800,100,"[50, 50, 50]","I(M1,M2;T)"
390,0.0,3.4471988840542793,-0.396233767349651,800,100,"[50, 50, 50]","I(M1,M2;T)"
391,0.0,3.377388535513723,-0.4656597189298224,800,100,"[50, 50, 50]","I(M1,M2;T)"
392,0.0,3.394482124681166,-0.45343627524571195,800,100,"[50, 50, 50]","I(M1,M2;T)"
393,0.0,3.4843970915640243,-0.36667267153233896,800,100,"[50, 50, 50]","I(M1,M2;T)"
394,0.0,3.37901388509385,-0.46253144160907267,800,100,"[50, 50, 50]","I(M1,M2;T)"
395,0.0,3.427756155285058,-0.4133654276378387,800,100,"[50, 50, 50]","I(M1,M2;T)"
396,0.0,3.567742165261693,-0.2781845862510699,800,100,"[50, 50, 50]","I(M1,M2;T)"
397,0.0,3.430589533048191,-0.411346131805459,800,100,"[50, 50, 50]","I(M1,M2;T)"
398,0.0,3.416128973582513,-0.4304744695269669,800,100,"[50, 50, 50]","I(M1,M2;T)"
399,0.0,3.404633479428921,-0.4440128336396003,800,100,"[50, 50, 50]","I(M1,M2;T)"
400,0.0,3.392787062833598,-0.44695338373750104,800,100,"[50, 50, 50]","I(M1,M2;T)"
401,0.0,3.444028997024785,-0.39099005690677346,800,100,"[50, 50, 50]","I(M1,M2;T)"
402,0.0,3.563574855006106,-0.28931105029123305,800,100,"[50, 50, 50]","I(M1,M2;T)"
403,0.0,3.414802217661953,-0.4303006091238273,800,100,"[50, 50, 50]","I(M1,M2;T)"
404,0.0,3.4792966598079937,-0.37071517738699367,800,100,"[50, 50, 50]","I(M1,M2;T)"
405,0.0,3.2785059309828704,-0.5669472254801184,800,100,"[50, 50, 50]","I(M1,M2;T)"
406,0.0,3.4158091075640242,-0.42740094923736516,800,100,"[50, 50, 50]","I(M1,M2;T)"
407,0.0,3.475452779295776,-0.36230282371782385,800,100,"[50, 50, 50]","I(M1,M2;T)"
408,0.0,3.4556789985896446,-0.3910741459854856,800,100,"[50, 50, 50]","I(M1,M2;T)"
409,0.0,3.537545230952362,-0.31264713753352336,800,100,"[50, 50, 50]","I(M1,M2;T)"
410,0.0,3.560321233944973,-0.2784616221597296,800,100,"[50, 50, 50]","I(M1,M2;T)"
411,0.0,3.5667085104246663,-0.2821230367959888,800,100,"[50, 50, 50]","I(M1,M2;T)"
412,0.0,3.4947952394893123,-0.3500087649246897,800,100,"[50, 50, 50]","I(M1,M2;T)"
413,0.0,3.4473107517146255,-0.39495723633848545,800,100,"[50, 50, 50]","I(M1,M2;T)"
414,0.0,3.5920854127186495,-0.24484320054474162,800,100,"[50, 50, 50]","I(M1,M2;T)"
415,0.0,3.4439790192914854,-0.4024392742517162,800,100,"[50, 50, 50]","I(M1,M2;T)"
416,0.0,3.4702458552811044,-0.3789147999464948,800,100,"[50, 50, 50]","I(M1,M2;T)"
417,0.0,3.369319854418509,-0.47191193725287217,800,100,"[50, 50, 50]","I(M1,M2;T)"
418,0.0,3.373669590243107,-0.47172903624979634,800,100,"[50, 50, 50]","I(M1,M2;T)"
419,0.0,3.4931194664777525,-0.34921162671554384,800,100,"[50, 50, 50]","I(M1,M2;T)"
420,0.0,3.476212501874436,-0.36547266863809513,800,100,"[50, 50, 50]","I(M1,M2;T)"
421,0.0,3.5644417320743007,-0.2844023169238268,800,100,"[50, 50, 50]","I(M1,M2;T)"
422,0.0,3.5657681839074815,-0.2812141364181411,800,100,"[50, 50, 50]","I(M1,M2;T)"
423,0.0,3.3842219816167276,-0.4593168591533998,800,100,"[50, 50, 50]","I(M1,M2;T)"
424,0.0,3.2320591847790823,-0.6164466304621903,800,100,"[50, 50, 50]","I(M1,M2;T)"
425,0.0,3.5329571589545528,-0.3077703743760867,800,100,"[50, 50, 50]","I(M1,M2;T)"
426,0.0,3.4893345962913442,-0.3615809224527209,800,100,"[50, 50, 50]","I(M1,M2;T)"
427,0.0,3.42889594004887,-0.4149975279390823,800,100,"[50, 50, 50]","I(M1,M2;T)"
428,0.0,3.4680413921834425,-0.3783111987579302,800,100,"[50, 50, 50]","I(M1,M2;T)"
429,0.0,3.3938869935273415,-0.4547215041582029,800,100,"[50, 50, 50]","I(M1,M2;T)"
430,0.0,3.414827251708393,-0.4282485911468563,800,100,"[50, 50, 50]","I(M1,M2;T)"
431,0.0,3.496850328272158,-0.34375170973272295,800,100,"[50, 50, 50]","I(M1,M2;T)"
432,0.0,3.4684725130338316,-0.37009465812673037,800,100,"[50, 50, 50]","I(M1,M2;T)"
433,0.0,3.454779751242268,-0.39260592526750315,800,100,"[50, 50, 50]","I(M1,M2;T)"
434,0.0,3.5667755069024416,-0.27633809883589544,800,100,"[50, 50, 50]","I(M1,M2;T)"
435,0.0,3.413638674415341,-0.42920961723311235,800,100,"[50, 50, 50]","I(M1,M2;T)"
436,0.0,3.396575287554959,-0.45283711602658583,800,100,"[50, 50, 50]","I(M1,M2;T)"
437,0.0,3.5329454634812554,-0.3097524930655413,800,100,"[50, 50, 50]","I(M1,M2;T)"
438,0.0,3.4827028581014456,-0.3563376489011767,800,100,"[50, 50, 50]","I(M1,M2;T)"
439,0.0,3.5231229650657583,-0.31543315037758424,800,100,"[50, 50, 50]","I(M1,M2;T)"
440,0.0,3.4747180153923933,-0.3630170767909773,800,100,"[50, 50, 50]","I(M1,M2;T)"
441,0.0,3.4962732515258534,-0.3475967039073464,800,100,"[50, 50, 50]","I(M1,M2;T)"
442,0.0,3.5521962827130538,-0.2900700830324823,800,100,"[50, 50, 50]","I(M1,M2;T)"
443,0.0,3.4591806607289457,-0.3874829783085385,800,100,"[50, 50, 50]","I(M1,M2;T)"
444,0.0,3.514502876035422,-0.3336703671401162,800,100,"[50, 50, 50]","I(M1,M2;T)"
445,0.0,3.560047363766648,-0.28357418903543463,800,100,"[50, 50, 50]","I(M1,M2;T)"
446,0.0,3.3863054881722965,-0.45814968206283435,800,100,"[50, 50, 50]","I(M1,M2;T)"
447,0.0,3.5875277517632527,-0.24804452939254507,800,100,"[50, 50, 50]","I(M1,M2;T)"
448,0.0,3.4940457868197914,-0.35106331441082084,800,100,"[50, 50, 50]","I(M1,M2;T)"
449,0.0,3.4919704661436306,-0.3527156254570145,800,100,"[50, 50, 50]","I(M1,M2;T)"
450,0.0,3.447937270780642,-0.4011658219962748,800,100,"[50, 50, 50]","I(M1,M2;T)"
451,0.0,3.456165591209091,-0.3747380090936643,800,100,"[50, 50, 50]","I(M1,M2;T)"
452,0.0,3.4500531786713835,-0.3972909680851364,800,100,"[50, 50, 50]","I(M1,M2;T)"
453,0.0,3.464710664611907,-0.3864725750396012,800,100,"[50, 50, 50]","I(M1,M2;T)"
454,0.0,3.659383573301671,-0.1809025451564228,800,100,"[50, 50, 50]","I(M1,M2;T)"
455,0.0,3.4573635755327654,-0.386766249177791,800,100,"[50, 50, 50]","I(M1,M2;T)"
456,0.0,3.44900998292987,-0.3940008942008113,800,100,"[50, 50, 50]","I(M1,M2;T)"
457,0.0,3.564315911585724,-0.2794568729725806,800,100,"[50, 50, 50]","I(M1,M2;T)"
458,0.0,3.4639098853476025,-0.3846580540169757,800,100,"[50, 50, 50]","I(M1,M2;T)"
459,0.0,3.602028784534522,-0.24276624692742077,800,100,"[50, 50, 50]","I(M1,M2;T)"
460,0.0,3.397468655344206,-0.44493170464658016,800,100,"[50, 50, 50]","I(M1,M2;T)"
461,0.0,3.557239423348551,-0.2852888364458219,800,100,"[50, 50, 50]","I(M1,M2;T)"
462,0.0,3.3711394239512202,-0.4681471374653947,800,100,"[50, 50, 50]","I(M1,M2;T)"
463,0.0,3.292892458158887,-0.559522793230701,800,100,"[50, 50, 50]","I(M1,M2;T)"
464,0.0,3.457532825404264,-0.38373309182180293,800,100,"[50, 50, 50]","I(M1,M2;T)"
465,0.0,3.458992461306477,-0.3858240491262479,800,100,"[50, 50, 50]","I(M1,M2;T)"
466,0.0,3.4929480825836743,-0.360523020883067,800,100,"[50, 50, 50]","I(M1,M2;T)"
467,0.0,3.5078483314501865,-0.33681039174692495,800,100,"[50, 50, 50]","I(M1,M2;T)"
468,0.0,3.508603751545725,-0.3312064074234762,800,100,"[50, 50, 50]","I(M1,M2;T)"
469,0.0,3.5111058806703146,-0.33070267719091717,800,100,"[50, 50, 50]","I(M1,M2;T)"
470,0.0,3.3670824109420403,-0.4733399888736227,800,100,"[50, 50, 50]","I(M1,M2;T)"
471,0.0,3.4831597600955893,-0.3582140494376844,800,100,"[50, 50, 50]","I(M1,M2;T)"
472,0.0,3.4716833986138544,-0.3682591135453679,800,100,"[50, 50, 50]","I(M1,M2;T)"
473,0.0,3.4349591747765342,-0.4142743815176355,800,100,"[50, 50, 50]","I(M1,M2;T)"
474,0.0,3.483226339356444,-0.35601160281957034,800,100,"[50, 50, 50]","I(M1,M2;T)"
475,0.0,3.431357237528678,-0.41395422707956087,800,100,"[50, 50, 50]","I(M1,M2;T)"
476,0.0,3.479614221218714,-0.36402365981324625,800,100,"[50, 50, 50]","I(M1,M2;T)"
477,0.0,3.4670855414679798,-0.38166799785649586,800,100,"[50, 50, 50]","I(M1,M2;T)"
478,0.0,3.4294315292425113,-0.408266548442791,800,100,"[50, 50, 50]","I(M1,M2;T)"
479,0.0,3.456384145110362,-0.3905055101606911,800,100,"[50, 50, 50]","I(M1,M2;T)"
480,0.0,3.5083446757627605,-0.34761887241724,800,100,"[50, 50, 50]","I(M1,M2;T)"
481,0.0,3.579866907781846,-0.2681364262576267,800,100,"[50, 50, 50]","I(M1,M2;T)"
482,0.0,3.5766437819074937,-0.26833371927776994,800,100,"[50, 50, 50]","I(M1,M2;T)"
483,0.0,3.302699362936189,-0.5433988291028209,800,100,"[50, 50, 50]","I(M1,M2;T)"
484,0.0,3.647978629281042,-0.18788180095222007,800,100,"[50, 50, 50]","I(M1,M2;T)"
485,0.0,3.4589140392080435,-0.3917394687827187,800,100,"[50, 50, 50]","I(M1,M2;T)"
486,0.0,3.4288636348200034,-0.4146237363156411,800,100,"[50, 50, 50]","I(M1,M2;T)"
487,0.0,3.5459440677412335,-0.297523435596724,800,100,"[50, 50, 50]","I(M1,M2;T)"
488,0.0,3.3371701615457963,-0.5025071183442291,800,100,"[50, 50, 50]","I(M1,M2;T)"
489,0.0,3.6084922882248467,-0.23397622662983153,800,100,"[50, 50, 50]","I(M1,M2;T)"
490,0.0,3.484435960477459,-0.3634965035044324,800,100,"[50, 50, 50]","I(M1,M2;T)"
491,0.0,3.4483066084085485,-0.40280265935308,800,100,"[50, 50, 50]","I(M1,M2;T)"
492,0.0,3.4087100231651455,-0.43204104849844827,800,100,"[50, 50, 50]","I(M1,M2;T)"
493,0.0,3.6255353723582027,-0.2128044491041039,800,100,"[50, 50, 50]","I(M1,M2;T)"
494,0.0,3.5899038956941505,-0.2597809264908526,800,100,"[50, 50, 50]","I(M1,M2;T)"
495,0.0,3.4431407511704384,-0.39736993474725235,800,100,"[50, 50, 50]","I(M1,M2;T)"
496,0.0,3.4051236549723907,-0.4377904767376246,800,100,"[50, 50, 50]","I(M1,M2;T)"
497,0.0,3.515475503959598,-0.32964101740132445,800,100,"[50, 50, 50]","I(M1,M2;T)"
498,0.0,3.4848383942289636,-0.36226534099174224,800,100,"[50, 50, 50]","I(M1,M2;T)"
499,0.0,3.5643379756402593,-0.2778707451164468,800,100,"[50, 50, 50]","I(M1,M2;T)"
500,0.0,3.588822801190953,-0.25083698847833835,800,100,"[50, 50, 50]","I(M1,M2;T)"
501,0.0,3.4128098201208092,-0.4295976343593262,800,100,"[50, 50, 50]","I(M1,M2;T)"
502,0.0,3.4855536939083303,-0.3610777226274178,800,100,"[50, 50, 50]","I(M1,M2;T)"
503,0.0,3.4168102929431123,-0.4300138814633554,800,100,"[50, 50, 50]","I(M1,M2;T)"
504,0.0,3.5120113486754345,-0.3242635425154865,800,100,"[50, 50, 50]","I(M1,M2;T)"
505,0.0,3.533682323880341,-0.3110704656509711,800,100,"[50, 50, 50]","I(M1,M2;T)"
506,0.0,3.501042787320684,-0.3372854324775716,800,100,"[50, 50, 50]","I(M1,M2;T)"
507,0.0,3.435678476585812,-0.4087504604532137,800,100,"[50, 50, 50]","I(M1,M2;T)"
508,0.0,3.4456278515048875,-0.39481712099832267,800,100,"[50, 50, 50]","I(M1,M2;T)"
509,0.0,3.456775510703425,-0.39229522087793356,800,100,"[50, 50, 50]","I(M1,M2;T)"
510,0.0,3.5013006262393382,-0.345439184513189,800,100,"[50, 50, 50]","I(M1,M2;T)"
511,0.0,3.595590186369639,-0.25143402379611857,800,100,"[50, 50, 50]","I(M1,M2;T)"
512,0.0,3.4118231351999184,-0.42923006736812486,800,100,"[50, 50, 50]","I(M1,M2;T)"
513,0.0,3.455554998503788,-0.3882214438954832,800,100,"[50, 50, 50]","I(M1,M2;T)"
514,0.0,3.4077231599364506,-0.4299815138105485,800,100,"[50, 50, 50]","I(M1,M2;T)"
515,0.0,3.396484577479171,-0.4502589615670529,800,100,"[50, 50, 50]","I(M1,M2;T)"
516,0.0,3.420050730283444,-0.42088866578798667,800,100,"[50, 50, 50]","I(M1,M2;T)"
517,0.0,3.4656427016692666,-0.37836701402023376,800,100,"[50, 50, 50]","I(M1,M2;T)"
518,0.0,3.3976902414268593,-0.4460657189619637,800,100,"[50, 50, 50]","I(M1,M2;T)"
519,0.0,3.3951377633448407,-0.4507295248312202,800,100,"[50, 50, 50]","I(M1,M2;T)"
520,0.0,3.4441626932532836,-0.4034710535797945,800,100,"[50, 50, 50]","I(M1,M2;T)"
521,0.0,3.442942460136456,-0.40114742631131994,800,100,"[50, 50, 50]","I(M1,M2;T)"
522,0.0,3.326717791773452,-0.5191478450336153,800,100,"[50, 50, 50]","I(M1,M2;T)"
523,0.0,3.504502582465774,-0.3373366915741407,800,100,"[50, 50, 50]","I(M1,M2;T)"
524,0.0,3.5009582741393195,-0.35140173533911856,800,100,"[50, 50, 50]","I(M1,M2;T)"
525,0.0,3.4275482634442413,-0.41734523713428917,800,100,"[50, 50, 50]","I(M1,M2;T)"
526,0.0,3.4295518742670543,-0.41115698595124917,800,100,"[50, 50, 50]","I(M1,M2;T)"
527,0.0,3.499842488378344,-0.347976386288551,800,100,"[50, 50, 50]","I(M1,M2;T)"
528,0.0,3.401106031564959,-0.43877960556678985,800,100,"[50, 50, 50]","I(M1,M2;T)"
529,0.0,3.4523798824474348,-0.39145739494363996,800,100,"[50, 50, 50]","I(M1,M2;T)"
530,0.0,3.469770357255073,-0.3817550624266097,800,100,"[50, 50, 50]","I(M1,M2;T)"
531,0.0,3.4165226571919183,-0.43129293863602625,800,100,"[50, 50, 50]","I(M1,M2;T)"
532,0.0,3.3969777379886805,-0.45124425845707616,800,100,"[50, 50, 50]","I(M1,M2;T)"
533,0.0,3.517503853333381,-0.3270476571891452,800,100,"[50, 50, 50]","I(M1,M2;T)"
534,0.0,3.53551612321492,-0.3106571370082003,800,100,"[50, 50, 50]","I(M1,M2;T)"
535,0.0,3.452856947195449,-0.3891315874081265,800,100,"[50, 50, 50]","I(M1,M2;T)"
536,0.0,3.581648961217058,-0.26113748094546807,800,100,"[50, 50, 50]","I(M1,M2;T)"
537,0.0,3.332051675818711,-0.5139299310670093,800,100,"[50, 50, 50]","I(M1,M2;T)"
538,0.0,3.4396318294367587,-0.40410750083584723,800,100,"[50, 50, 50]","I(M1,M2;T)"
539,0.0,3.4215585810361593,-0.4216872579957065,800,100,"[50, 50, 50]","I(M1,M2;T)"
540,0.0,3.4974664892264395,-0.3466201349822704,800,100,"[50, 50, 50]","I(M1,M2;T)"
541,0.0,3.565997370784201,-0.28352202728118403,800,100,"[50, 50, 50]","I(M1,M2;T)"
542,0.0,3.488166645663685,-0.3604881277088303,800,100,"[50, 50, 50]","I(M1,M2;T)"
543,0.0,3.5128081922730576,-0.3311901283346077,800,100,"[50, 50, 50]","I(M1,M2;T)"
544,0.0,3.4777672349353184,-0.3751985845198531,800,100,"[50, 50, 50]","I(M1,M2;T)"
545,0.0,3.439628324633759,-0.41171476559776155,800,100,"[50, 50, 50]","I(M1,M2;T)"
546,0.0,3.4559710397209997,-0.3898694168370733,800,100,"[50, 50, 50]","I(M1,M2;T)"
547,0.0,3.3664980534426876,-0.4811157119354941,800,100,"[50, 50, 50]","I(M1,M2;T)"
548,0.0,3.447410085328229,-0.39643041978324955,800,100,"[50, 50, 50]","I(M1,M2;T)"
549,0.0,3.4324994227490353,-0.41102970088233004,800,100,"[50, 50, 50]","I(M1,M2;T)"
550,0.0,3.4028591468543805,-0.44733352932885007,800,100,"[50, 50, 50]","I(M1,M2;T)"
551,0.0,3.4747108675081146,-0.3735270727700004,800,100,"[50, 50, 50]","I(M1,M2;T)"
552,0.0,3.537344010703549,-0.2973411667472976,800,100,"[50, 50, 50]","I(M1,M2;T)"
553,0.0,3.4912068201115027,-0.3585434141771717,800,100,"[50, 50, 50]","I(M1,M2;T)"
554,0.0,3.461104050932933,-0.38209942566399047,800,100,"[50, 50, 50]","I(M1,M2;T)"
555,0.0,3.3767378408190885,-0.47038926399574965,800,100,"[50, 50, 50]","I(M1,M2;T)"
556,0.0,3.5483378900869025,-0.2982268840961946,800,100,"[50, 50, 50]","I(M1,M2;T)"
557,0.0,3.378799085522683,-0.4644087605809255,800,100,"[50, 50, 50]","I(M1,M2;T)"
558,0.0,3.434917900629146,-0.41371715108945795,800,100,"[50, 50, 50]","I(M1,M2;T)"
559,0.0,3.4920581445392767,-0.3474540618331261,800,100,"[50, 50, 50]","I(M1,M2;T)"
560,0.0,3.363354858587366,-0.4836291548988072,800,100,"[50, 50, 50]","I(M1,M2;T)"
561,0.0,3.5320544146603714,-0.3167060850766439,800,100,"[50, 50, 50]","I(M1,M2;T)"
562,0.0,3.564985115701,-0.28402381696264056,800,100,"[50, 50, 50]","I(M1,M2;T)"
563,0.0,3.467839745999588,-0.37762953462253046,800,100,"[50, 50, 50]","I(M1,M2;T)"
564,0.0,3.4056603719016683,-0.43881868694622916,800,100,"[50, 50, 50]","I(M1,M2;T)"
565,0.0,3.536908739311147,-0.30009997124140275,800,100,"[50, 50, 50]","I(M1,M2;T)"
566,0.0,3.4691030472528284,-0.37727952903444884,800,100,"[50, 50, 50]","I(M1,M2;T)"
567,0.0,3.3498440850246305,-0.4946808882226188,800,100,"[50, 50, 50]","I(M1,M2;T)"
568,0.0,3.3926495771134526,-0.45182987364330307,800,100,"[50, 50, 50]","I(M1,M2;T)"
569,0.0,3.2739275269100174,-0.5735765231918148,800,100,"[50, 50, 50]","I(M1,M2;T)"
570,0.0,3.533441797009514,-0.30692062069919146,800,100,"[50, 50, 50]","I(M1,M2;T)"
571,0.0,3.514685722270497,-0.3265277475001369,800,100,"[50, 50, 50]","I(M1,M2;T)"
572,0.0,3.4286783689998748,-0.4138903710332378,800,100,"[50, 50, 50]","I(M1,M2;T)"
573,0.0,3.450071165409359,-0.39364533427871784,800,100,"[50, 50, 50]","I(M1,M2;T)"
574,0.0,3.458986923749036,-0.37963065288954967,800,100,"[50, 50, 50]","I(M1,M2;T)"
575,0.0,3.5677244614965966,-0.28042653706789,800,100,"[50, 50, 50]","I(M1,M2;T)"
576,0.0,3.4489587182406325,-0.38517019953979625,800,100,"[50, 50, 50]","I(M1,M2;T)"
577,0.0,3.519759037481423,-0.32631252767813246,800,100,"[50, 50, 50]","I(M1,M2;T)"
578,0.0,3.4157227560497403,-0.4283412054226461,800,100,"[50, 50, 50]","I(M1,M2;T)"
579,0.0,3.52197908205301,-0.32320360552245075,800,100,"[50, 50, 50]","I(M1,M2;T)"
580,0.0,3.42665868549348,-0.4214060508686486,800,100,"[50, 50, 50]","I(M1,M2;T)"
581,0.0,3.4691189581348496,-0.3735912135879751,800,100,"[50, 50, 50]","I(M1,M2;T)"
582,0.0,3.5226466915451176,-0.32263870044161713,800,100,"[50, 50, 50]","I(M1,M2;T)"
583,0.0,3.3609879646576375,-0.4818808034294113,800,100,"[50, 50, 50]","I(M1,M2;T)"
584,0.0,3.439053071883151,-0.4029787341032778,800,100,"[50, 50, 50]","I(M1,M2;T)"
585,0.0,3.4240777865476186,-0.41991089024101935,800,100,"[50, 50, 50]","I(M1,M2;T)"
586,0.0,3.56380039574043,-0.27790801794979014,800,100,"[50, 50, 50]","I(M1,M2;T)"
587,0.0,3.4611372965273124,-0.38113951301841453,800,100,"[50, 50, 50]","I(M1,M2;T)"
588,0.0,3.5041051147603444,-0.3383129779124614,800,100,"[50, 50, 50]","I(M1,M2;T)"
589,0.0,3.626088194316642,-0.21492108372626673,800,100,"[50, 50, 50]","I(M1,M2;T)"
590,0.0,3.50558689722559,-0.3394259237558219,800,100,"[50, 50, 50]","I(M1,M2;T)"
591,0.0,3.4444295027608764,-0.3935076894370244,800,100,"[50, 50, 50]","I(M1,M2;T)"
592,0.0,3.3888749607648316,-0.4546739299347884,800,100,"[50, 50, 50]","I(M1,M2;T)"
593,0.0,3.4625702718663955,-0.37730932225306546,800,100,"[50, 50, 50]","I(M1,M2;T)"
594,0.0,3.56025208758162,-0.2808675782669723,800,100,"[50, 50, 50]","I(M1,M2;T)"
595,0.0,3.4651577848949886,-0.380611551301115,800,100,"[50, 50, 50]","I(M1,M2;T)"
596,0.0,3.523735548120151,-0.32630970020218353,800,100,"[50, 50, 50]","I(M1,M2;T)"
597,0.0,3.5213813349793788,-0.3210437925533425,800,100,"[50, 50, 50]","I(M1,M2;T)"
598,0.0,3.4098809771436036,-0.43090185844933826,800,100,"[50, 50, 50]","I(M1,M2;T)"
599,0.0,3.3916501943708335,-0.46089128799442625,800,100,"[50, 50, 50]","I(M1,M2;T)"
600,0.0,3.5095059730293574,-0.3344380755048495,800,100,"[50, 50, 50]","I(M1,M2;T)"
601,0.0,3.4604148480835057,-0.38379682531881887,800,100,"[50, 50, 50]","I(M1,M2;T)"
602,0.0,3.5207276312886373,-0.31723282542094244,800,100,"[50, 50, 50]","I(M1,M2;T)"
603,0.0,3.4834479680481505,-0.35628171338940007,800,100,"[50, 50, 50]","I(M1,M2;T)"
604,0.0,3.405104624155544,-0.43520583318297223,800,100,"[50, 50, 50]","I(M1,M2;T)"
605,0.0,3.4523570233605385,-0.38954543967163424,800,100,"[50, 50, 50]","I(M1,M2;T)"
606,0.0,3.465868289878266,-0.3801879850269403,800,100,"[50, 50, 50]","I(M1,M2;T)"
607,0.0,3.4153219338117946,-0.4274480239333367,800,100,"[50, 50, 50]","I(M1,M2;T)"
608,0.0,3.477060382730839,-0.36911160297150225,800,100,"[50, 50, 50]","I(M1,M2;T)"
609,0.0,3.4929697442210688,-0.35667167062475125,800,100,"[50, 50, 50]","I(M1,M2;T)"
610,0.0,3.4762818421401507,-0.3660823932246089,800,100,"[50, 50, 50]","I(M1,M2;T)"
611,0.0,3.4851751547517056,-0.35179589724975013,800,100,"[50, 50, 50]","I(M1,M2;T)"
612,0.0,3.456462077281841,-0.3844432476902462,800,100,"[50, 50, 50]","I(M1,M2;T)"
613,0.0,3.4185201904974765,-0.42493048856951887,800,100,"[50, 50, 50]","I(M1,M2;T)"
614,0.0,3.442301878134545,-0.40667058065580397,800,100,"[50, 50, 50]","I(M1,M2;T)"
615,0.0,3.5148320837107017,-0.3287828999891058,800,100,"[50, 50, 50]","I(M1,M2;T)"
616,0.0,3.318693513123212,-0.5267928915733715,800,100,"[50, 50, 50]","I(M1,M2;T)"
617,0.0,3.4368695819449906,-0.41219551906785723,800,100,"[50, 50, 50]","I(M1,M2;T)"
618,0.0,3.45514197785888,-0.3927339803635772,800,100,"[50, 50, 50]","I(M1,M2;T)"
619,0.0,3.5402510343343208,-0.3026363160739889,800,100,"[50, 50, 50]","I(M1,M2;T)"
620,0.0,3.527723236744549,-0.3150742952990315,800,100,"[50, 50, 50]","I(M1,M2;T)"
621,0.0,3.4957107291146774,-0.34882094114156503,800,100,"[50, 50, 50]","I(M1,M2;T)"
622,0.0,3.420820341907042,-0.4211883947322912,800,100,"[50, 50, 50]","I(M1,M2;T)"
623,0.0,3.405704938247738,-0.43574011592540485,800,100,"[50, 50, 50]","I(M1,M2;T)"
624,0.0,3.4529939059717663,-0.3890265790008929,800,100,"[50, 50, 50]","I(M1,M2;T)"
625,0.0,3.4089894670925185,-0.4315460242381777,800,100,"[50, 50, 50]","I(M1,M2;T)"
626,0.0,3.4936187361918694,-0.3511044773173193,800,100,"[50, 50, 50]","I(M1,M2;T)"
627,0.0,3.4639972560735597,-0.3771494710624279,800,100,"[50, 50, 50]","I(M1,M2;T)"
628,0.0,3.469420758660672,-0.3722854045932409,800,100,"[50, 50, 50]","I(M1,M2;T)"
629,0.0,3.4117155426172783,-0.4288348105085058,800,100,"[50, 50, 50]","I(M1,M2;T)"
630,0.0,3.4120449598864133,-0.4326292840157846,800,100,"[50, 50, 50]","I(M1,M2;T)"
631,0.0,3.528950544449694,-0.31642468453942785,800,100,"[50, 50, 50]","I(M1,M2;T)"
632,0.0,3.4077106862777082,-0.4376568139494976,800,100,"[50, 50, 50]","I(M1,M2;T)"
633,0.0,3.3134158956762274,-0.5344023422531161,800,100,"[50, 50, 50]","I(M1,M2;T)"
634,0.0,3.511907858499753,-0.32726837374851536,800,100,"[50, 50, 50]","I(M1,M2;T)"
635,0.0,3.30800053925563,-0.5342164982550814,800,100,"[50, 50, 50]","I(M1,M2;T)"
636,0.0,3.3541017618619566,-0.490663020253006,800,100,"[50, 50, 50]","I(M1,M2;T)"
637,0.0,3.4413505673104936,-0.40099600783720213,800,100,"[50, 50, 50]","I(M1,M2;T)"
638,0.0,3.4180073573741403,-0.4289617013663909,800,100,"[50, 50, 50]","I(M1,M2;T)"
639,0.0,3.490344885022687,-0.35969313046633555,800,100,"[50, 50, 50]","I(M1,M2;T)"
640,0.0,3.381784617956189,-0.45857522939612894,800,100,"[50, 50, 50]","I(M1,M2;T)"
641,0.0,3.372477108005716,-0.4701072757993572,800,100,"[50, 50, 50]","I(M1,M2;T)"
642,0.0,3.37757639392619,-0.47104958195144375,800,100,"[50, 50, 50]","I(M1,M2;T)"
643,0.0,3.4224770552776933,-0.42008131221944867,800,100,"[50, 50, 50]","I(M1,M2;T)"
644,0.0,3.461094069973385,-0.3824792623664113,800,100,"[50, 50, 50]","I(M1,M2;T)"
645,0.0,3.4250407386109263,-0.41747936892949644,800,100,"[50, 50, 50]","I(M1,M2;T)"
646,0.0,3.5446968517417075,-0.29789110786826534,800,100,"[50, 50, 50]","I(M1,M2;T)"
647,0.0,3.510757723099127,-0.32836454038487917,800,100,"[50, 50, 50]","I(M1,M2;T)"
648,0.0,3.41305004611601,-0.4316205153177246,800,100,"[50, 50, 50]","I(M1,M2;T)"
649,0.0,3.4690656487458584,-0.38611414917136244,800,100,"[50, 50, 50]","I(M1,M2;T)"
650,0.0,3.327427460341095,-0.5070960829996487,800,100,"[50, 50, 50]","I(M1,M2;T)"
651,0.0,3.524933590250849,-0.31891209679404486,800,100,"[50, 50, 50]","I(M1,M2;T)"
652,0.0,3.399857731077122,-0.4562103872644654,800,100,"[50, 50, 50]","I(M1,M2;T)"
653,0.0,3.370106697590688,-0.469721490038288,800,100,"[50, 50, 50]","I(M1,M2;T)"
654,0.0,3.544406854980082,-0.2963001078018328,800,100,"[50, 50, 50]","I(M1,M2;T)"
655,0.0,3.4893974491688136,-0.3590170264911561,800,100,"[50, 50, 50]","I(M1,M2;T)"
656,0.0,3.469931140161561,-0.37351695519725103,800,100,"[50, 50, 50]","I(M1,M2;T)"
657,0.0,3.520117127072637,-0.3207801377043733,800,100,"[50, 50, 50]","I(M1,M2;T)"
658,0.0,3.407074193099235,-0.4392276023709685,800,100,"[50, 50, 50]","I(M1,M2;T)"
659,0.0,3.584585305406973,-0.2566525571909577,800,100,"[50, 50, 50]","I(M1,M2;T)"
660,0.0,3.301135440310681,-0.5398320955761737,800,100,"[50, 50, 50]","I(M1,M2;T)"
661,0.0,3.5286410232613146,-0.32210170966293994,800,100,"[50, 50, 50]","I(M1,M2;T)"
662,0.0,3.393220505498882,-0.4476591949765547,800,100,"[50, 50, 50]","I(M1,M2;T)"
663,0.0,3.4664604680277877,-0.37721558985963366,800,100,"[50, 50, 50]","I(M1,M2;T)"
664,0.0,3.3597067297010073,-0.4900256071792124,800,100,"[50, 50, 50]","I(M1,M2;T)"
665,0.0,3.498479333068273,-0.3484704562616807,800,100,"[50, 50, 50]","I(M1,M2;T)"
666,0.0,3.516020701017453,-0.3280373283414275,800,100,"[50, 50, 50]","I(M1,M2;T)"
667,0.0,3.4599928865042187,-0.38103855533889375,800,100,"[50, 50, 50]","I(M1,M2;T)"
668,0.0,3.410863168868763,-0.4327832682733952,800,100,"[50, 50, 50]","I(M1,M2;T)"
669,0.0,3.4788975460097893,-0.37194075019221495,800,100,"[50, 50, 50]","I(M1,M2;T)"
670,0.0,3.4671953329284753,-0.37274531734982563,800,100,"[50, 50, 50]","I(M1,M2;T)"
671,0.0,3.54539071572591,-0.30208653434891675,800,100,"[50, 50, 50]","I(M1,M2;T)"
672,0.0,3.525085523259497,-0.313848623586495,800,100,"[50, 50, 50]","I(M1,M2;T)"
673,0.0,3.4092851514712392,-0.4371977898588697,800,100,"[50, 50, 50]","I(M1,M2;T)"
674,0.0,3.442708895452734,-0.3955822627373906,800,100,"[50, 50, 50]","I(M1,M2;T)"
675,0.0,3.387642478360949,-0.45238884183703476,800,100,"[50, 50, 50]","I(M1,M2;T)"
676,0.0,3.4692348840030425,-0.37507450516575247,800,100,"[50, 50, 50]","I(M1,M2;T)"
677,0.0,3.4744862351174266,-0.3700177584503428,800,100,"[50, 50, 50]","I(M1,M2;T)"
678,0.0,3.4130861075258974,-0.43379070256548813,800,100,"[50, 50, 50]","I(M1,M2;T)"
679,0.0,3.5316453884318553,-0.31641415874702705,800,100,"[50, 50, 50]","I(M1,M2;T)"
680,0.0,3.4559039504835036,-0.39030601100645335,800,100,"[50, 50, 50]","I(M1,M2;T)"
681,0.0,3.389878186957815,-0.4521424497396982,800,100,"[50, 50, 50]","I(M1,M2;T)"
682,0.0,3.4568294279706775,-0.397633526225194,800,100,"[50, 50, 50]","I(M1,M2;T)"
683,0.0,3.4142033801087837,-0.4324689577646228,800,100,"[50, 50, 50]","I(M1,M2;T)"
684,0.0,3.4695137209426523,-0.3669929008935502,800,100,"[50, 50, 50]","I(M1,M2;T)"
685,0.0,3.4858828367563173,-0.3517620496753846,800,100,"[50, 50, 50]","I(M1,M2;T)"
686,0.0,3.4645212350530628,-0.3819701951251204,800,100,"[50, 50, 50]","I(M1,M2;T)"
687,0.0,3.507756049869151,-0.33646184003790447,800,100,"[50, 50, 50]","I(M1,M2;T)"
688,0.0,3.488939771331359,-0.3613450651933783,800,100,"[50, 50, 50]","I(M1,M2;T)"
689,0.0,3.381987651123705,-0.46191201025198136,800,100,"[50, 50, 50]","I(M1,M2;T)"
690,0.0,3.3797377951227876,-0.45421764681657617,800,100,"[50, 50, 50]","I(M1,M2;T)"
691,0.0,3.2817596218817515,-0.5618519237716537,800,100,"[50, 50, 50]","I(M1,M2;T)"
692,0.0,3.4369209532395444,-0.40491022192947446,800,100,"[50, 50, 50]","I(M1,M2;T)"
693,0.0,3.633029833424761,-0.21291240225616903,800,100,"[50, 50, 50]","I(M1,M2;T)"
694,0.0,3.4617386076097962,-0.3766621167866413,800,100,"[50, 50, 50]","I(M1,M2;T)"
695,0.0,3.42244272700039,-0.41908505872233714,800,100,"[50, 50, 50]","I(M1,M2;T)"
696,0.0,3.4334235786935747,-0.41253841684232606,800,100,"[50, 50, 50]","I(M1,M2;T)"
697,0.0,3.4368549114476648,-0.4047844293209164,800,100,"[50, 50, 50]","I(M1,M2;T)"
698,0.0,3.5369938134431615,-0.3055895158840758,800,100,"[50, 50, 50]","I(M1,M2;T)"
699,0.0,3.4846843649043975,-0.3573139044753395,800,100,"[50, 50, 50]","I(M1,M2;T)"
700,0.0,3.5227349878956833,-0.3269098934487191,800,100,"[50, 50, 50]","I(M1,M2;T)"
701,0.0,3.447306401004662,-0.3979599658292714,800,100,"[50, 50, 50]","I(M1,M2;T)"
702,0.0,3.437244522781606,-0.4084763631032611,800,100,"[50, 50, 50]","I(M1,M2;T)"
703,0.0,3.4461792855912567,-0.38768636379315913,800,100,"[50, 50, 50]","I(M1,M2;T)"
704,0.0,3.5404889517075375,-0.30436178335616537,800,100,"[50, 50, 50]","I(M1,M2;T)"
705,0.0,3.409608548648113,-0.4316998249381605,800,100,"[50, 50, 50]","I(M1,M2;T)"
706,0.0,3.521413669414848,-0.3211876622489478,800,100,"[50, 50, 50]","I(M1,M2;T)"
707,0.0,3.528780711771966,-0.31537775437191895,800,100,"[50, 50, 50]","I(M1,M2;T)"
708,0.0,3.4594179699325665,-0.38801056816684065,800,100,"[50, 50, 50]","I(M1,M2;T)"
709,0.0,3.389461587014856,-0.45203950114043545,800,100,"[50, 50, 50]","I(M1,M2;T)"
710,0.0,3.483360052601131,-0.36789312766593385,800,100,"[50, 50, 50]","I(M1,M2;T)"
711,0.0,3.404978311239945,-0.439002414384587,800,100,"[50, 50, 50]","I(M1,M2;T)"
712,0.0,3.5077891220108164,-0.34320517985429255,800,100,"[50, 50, 50]","I(M1,M2;T)"
713,0.0,3.5103626851535283,-0.32651144985230474,800,100,"[50, 50, 50]","I(M1,M2;T)"
714,0.0,3.442027659930017,-0.40405015769033703,800,100,"[50, 50, 50]","I(M1,M2;T)"
715,0.0,3.466423487255249,-0.37725438656650967,800,100,"[50, 50, 50]","I(M1,M2;T)"
716,0.0,3.5445809468099245,-0.2991198624290181,800,100,"[50, 50, 50]","I(M1,M2;T)"
717,0.0,3.302733722955068,-0.5502222994336581,800,100,"[50, 50, 50]","I(M1,M2;T)"
718,0.0,3.430295127931,-0.4102521066423148,800,100,"[50, 50, 50]","I(M1,M2;T)"
719,0.0,3.32459033138023,-0.5194590287179368,800,100,"[50, 50, 50]","I(M1,M2;T)"
720,0.0,3.493872743875278,-0.34522381142393543,800,100,"[50, 50, 50]","I(M1,M2;T)"
721,0.0,3.4716370866883466,-0.3765160313804716,800,100,"[50, 50, 50]","I(M1,M2;T)"
722,0.0,3.511807837217496,-0.33074756738316236,800,100,"[50, 50, 50]","I(M1,M2;T)"
723,0.0,3.387328996980801,-0.4474403631890409,800,100,"[50, 50, 50]","I(M1,M2;T)"
724,0.0,3.3797695097697877,-0.4629731739984453,800,100,"[50, 50, 50]","I(M1,M2;T)"
725,0.0,3.283015299148162,-0.5572363684109205,800,100,"[50, 50, 50]","I(M1,M2;T)"
726,0.0,3.406237374882493,-0.43592427138729883,800,100,"[50, 50, 50]","I(M1,M2;T)"
727,0.0,3.3853220849892973,-0.45879350309493416,800,100,"[50, 50, 50]","I(M1,M2;T)"
728,0.0,3.4488339162974455,-0.39816522742378035,800,100,"[50, 50, 50]","I(M1,M2;T)"
729,0.0,3.3190603084362555,-0.5312585429725396,800,100,"[50, 50, 50]","I(M1,M2;T)"
730,0.0,3.4394033783131333,-0.4007265371499873,800,100,"[50, 50, 50]","I(M1,M2;T)"
731,0.0,3.3748293559211975,-0.47476690843469305,800,100,"[50, 50, 50]","I(M1,M2;T)"
732,0.0,3.4492688462177035,-0.3923055793256829,800,100,"[50, 50, 50]","I(M1,M2;T)"
733,0.0,3.4199090662261904,-0.42987518615347087,800,100,"[50, 50, 50]","I(M1,M2;T)"
734,0.0,3.4372084984048357,-0.40000574310855264,800,100,"[50, 50, 50]","I(M1,M2;T)"
735,0.0,3.5167442101957,-0.33704268807758897,800,100,"[50, 50, 50]","I(M1,M2;T)"
736,0.0,3.4761340756512147,-0.376995539173401,800,100,"[50, 50, 50]","I(M1,M2;T)"
737,0.0,3.3258367150711994,-0.5237624720785958,800,100,"[50, 50, 50]","I(M1,M2;T)"
738,0.0,3.4310040904823342,-0.41109096116581734,800,100,"[50, 50, 50]","I(M1,M2;T)"
739,0.0,3.5420992688919735,-0.3086399306267573,800,100,"[50, 50, 50]","I(M1,M2;T)"
740,0.0,3.472549177204126,-0.3719646167342403,800,100,"[50, 50, 50]","I(M1,M2;T)"
741,0.0,3.398784132358351,-0.44480224526702106,800,100,"[50, 50, 50]","I(M1,M2;T)"
742,0.0,3.4691211951129044,-0.3817148693695769,800,100,"[50, 50, 50]","I(M1,M2;T)"
743,0.0,3.66213226980095,-0.18927748803627864,800,100,"[50, 50, 50]","I(M1,M2;T)"
744,0.0,3.4273840292978135,-0.41937090005675426,800,100,"[50, 50, 50]","I(M1,M2;T)"
745,0.0,3.4000229572096012,-0.44564900186009027,800,100,"[50, 50, 50]","I(M1,M2;T)"
746,0.0,3.4210756589017715,-0.4190400145728743,800,100,"[50, 50, 50]","I(M1,M2;T)"
747,0.0,3.3951861967541,-0.4480226113465817,800,100,"[50, 50, 50]","I(M1,M2;T)"
748,0.0,3.5525810103577085,-0.29751870143014436,800,100,"[50, 50, 50]","I(M1,M2;T)"
749,0.0,3.420885336835366,-0.42135014091418377,800,100,"[50, 50, 50]","I(M1,M2;T)"
750,0.0,3.518034981085587,-0.319272055153645,800,100,"[50, 50, 50]","I(M1,M2;T)"
751,0.0,3.484395324027788,-0.3596046586259787,800,100,"[50, 50, 50]","I(M1,M2;T)"
752,0.0,3.459809895828805,-0.39092054844746604,800,100,"[50, 50, 50]","I(M1,M2;T)"
753,0.0,3.4337487269126474,-0.411992181350056,800,100,"[50, 50, 50]","I(M1,M2;T)"
754,0.0,3.563618895107343,-0.2827446174435697,800,100,"[50, 50, 50]","I(M1,M2;T)"
755,0.0,3.5840566675523804,-0.2627571325432707,800,100,"[50, 50, 50]","I(M1,M2;T)"
756,0.0,3.425847126674654,-0.4155441431471889,800,100,"[50, 50, 50]","I(M1,M2;T)"
757,0.0,3.2858731503463003,-0.563310535822954,800,100,"[50, 50, 50]","I(M1,M2;T)"
758,0.0,3.501080791536567,-0.3388887453738407,800,100,"[50, 50, 50]","I(M1,M2;T)"
759,0.0,3.4597860476957973,-0.37980542460615974,800,100,"[50, 50, 50]","I(M1,M2;T)"
760,0.0,3.4175306957573497,-0.4253132998269238,800,100,"[50, 50, 50]","I(M1,M2;T)"
761,0.0,3.47025846622637,-0.36845987364115507,800,100,"[50, 50, 50]","I(M1,M2;T)"
762,0.0,3.4898786753559663,-0.35110203447719046,800,100,"[50, 50, 50]","I(M1,M2;T)"
763,0.0,3.3994322085555786,-0.4464584469756545,800,100,"[50, 50, 50]","I(M1,M2;T)"
764,0.0,3.4063138462894225,-0.43207269266275095,800,100,"[50, 50, 50]","I(M1,M2;T)"
765,0.0,3.4543940422399912,-0.40155967593956055,800,100,"[50, 50, 50]","I(M1,M2;T)"
766,0.0,3.3828748256396723,-0.45443891778890233,800,100,"[50, 50, 50]","I(M1,M2;T)"
767,0.0,3.4943233147698303,-0.347831995458888,800,100,"[50, 50, 50]","I(M1,M2;T)"
768,0.0,3.616693250620033,-0.2254957331432239,800,100,"[50, 50, 50]","I(M1,M2;T)"
769,0.0,3.417088270304089,-0.42480663554538234,800,100,"[50, 50, 50]","I(M1,M2;T)"
770,0.0,3.403133722817504,-0.44005048972744376,800,100,"[50, 50, 50]","I(M1,M2;T)"
771,0.0,3.4157832740688865,-0.42685075838217257,800,100,"[50, 50, 50]","I(M1,M2;T)"
772,0.0,3.472671262900219,-0.37694031282614704,800,100,"[50, 50, 50]","I(M1,M2;T)"
773,0.0,3.380770990531174,-0.4692008841003319,800,100,"[50, 50, 50]","I(M1,M2;T)"
774,0.0,3.389680635697884,-0.45287105596564725,800,100,"[50, 50, 50]","I(M1,M2;T)"
775,0.0,3.5759848102444534,-0.2684946732256033,800,100,"[50, 50, 50]","I(M1,M2;T)"
776,0.0,3.5293959698385127,-0.3148422299068603,800,100,"[50, 50, 50]","I(M1,M2;T)"
777,0.0,3.5193966315097973,-0.3238218931260852,800,100,"[50, 50, 50]","I(M1,M2;T)"
778,0.0,3.423739563349544,-0.4229359297303441,800,100,"[50, 50, 50]","I(M1,M2;T)"
779,0.0,3.539747728507982,-0.3106432159007708,800,100,"[50, 50, 50]","I(M1,M2;T)"
780,0.0,3.4956039075077623,-0.3429967366151869,800,100,"[50, 50, 50]","I(M1,M2;T)"
781,0.0,3.5740983988967048,-0.2672982021656143,800,100,"[50, 50, 50]","I(M1,M2;T)"
782,0.0,3.4645204124195668,-0.37743329174932105,800,100,"[50, 50, 50]","I(M1,M2;T)"
783,0.0,3.365703056408103,-0.4775182252925072,800,100,"[50, 50, 50]","I(M1,M2;T)"
784,0.0,3.4411255152705067,-0.40227152604882077,800,100,"[50, 50, 50]","I(M1,M2;T)"
785,0.0,3.5048063210113867,-0.34023530111466016,800,100,"[50, 50, 50]","I(M1,M2;T)"
786,0.0,3.4492090802086635,-0.3907189906077,800,100,"[50, 50, 50]","I(M1,M2;T)"
787,0.0,3.448062403583662,-0.39555203189877464,800,100,"[50, 50, 50]","I(M1,M2;T)"
788,0.0,3.4644651829709496,-0.378732361350667,800,100,"[50, 50, 50]","I(M1,M2;T)"
789,0.0,3.4628280191481613,-0.38356167690884435,800,100,"[50, 50, 50]","I(M1,M2;T)"
790,0.0,3.4975269472765733,-0.34394543137213107,800,100,"[50, 50, 50]","I(M1,M2;T)"
791,0.0,3.555758522899139,-0.29201675420957196,800,100,"[50, 50, 50]","I(M1,M2;T)"
792,0.0,3.2743231203195897,-0.5623844844695816,800,100,"[50, 50, 50]","I(M1,M2;T)"
793,0.0,3.489310225988914,-0.3541374581499199,800,100,"[50, 50, 50]","I(M1,M2;T)"
794,0.0,3.521142613753176,-0.31987743262062995,800,100,"[50, 50, 50]","I(M1,M2;T)"
795,0.0,3.3602369022364003,-0.48700863112721215,800,100,"[50, 50, 50]","I(M1,M2;T)"
796,0.0,3.5539254941212337,-0.2910322582605094,800,100,"[50, 50, 50]","I(M1,M2;T)"
797,0.0,3.4321894210638835,-0.41304964325723237,800,100,"[50, 50, 50]","I(M1,M2;T)"
798,0.0,3.2648128309138578,-0.5827173735205236,800,100,"[50, 50, 50]","I(M1,M2;T)"
799,0.0,3.40180994484073,-0.44242051202805266,800,100,"[50, 50, 50]","I(M1,M2;T)"
800,0.0,3.4963214552418886,-0.3453738914391651,800,100,"[50, 50, 50]","I(M1,M2;T)"
801,0.0,3.507215600508866,-0.33387576414708153,800,100,"[50, 50, 50]","I(M1,M2;T)"
802,0.0,3.313211928240573,-0.5295218039124294,800,100,"[50, 50, 50]","I(M1,M2;T)"
803,0.0,3.4966573259268032,-0.3488214263173739,800,100,"[50, 50, 50]","I(M1,M2;T)"
804,0.0,3.6076827831327196,-0.23586342230750468,800,100,"[50, 50, 50]","I(M1,M2;T)"
805,0.0,3.507545489893819,-0.3356804574342265,800,100,"[50, 50, 50]","I(M1,M2;T)"
806,0.0,3.6103162315936084,-0.23061179708599866,800,100,"[50, 50, 50]","I(M1,M2;T)"
807,0.0,3.4806331152461434,-0.3663299410679537,800,100,"[50, 50, 50]","I(M1,M2;T)"
808,0.0,3.6033058073810444,-0.23103797007453064,800,100,"[50, 50, 50]","I(M1,M2;T)"
809,0.0,3.3859778149522395,-0.45415184276328135,800,100,"[50, 50, 50]","I(M1,M2;T)"
810,0.0,3.4381549038318817,-0.4102612348041914,800,100,"[50, 50, 50]","I(M1,M2;T)"
811,0.0,3.509364954615212,-0.330836044831921,800,100,"[50, 50, 50]","I(M1,M2;T)"
812,0.0,3.326049696993772,-0.5303371528621099,800,100,"[50, 50, 50]","I(M1,M2;T)"
813,0.0,3.4364675513168903,-0.4068500724399291,800,100,"[50, 50, 50]","I(M1,M2;T)"
814,0.0,3.4059389736739893,-0.43947123714362,800,100,"[50, 50, 50]","I(M1,M2;T)"
815,0.0,3.3762646092582242,-0.4630527030207303,800,100,"[50, 50, 50]","I(M1,M2;T)"
816,0.0,3.5119231501623265,-0.3302834185857404,800,100,"[50, 50, 50]","I(M1,M2;T)"
817,0.0,3.596860870288771,-0.24428967865670703,800,100,"[50, 50, 50]","I(M1,M2;T)"
818,0.0,3.4466006424284124,-0.39713895500713514,800,100,"[50, 50, 50]","I(M1,M2;T)"
819,0.0,3.440055333457948,-0.40404749429149556,800,100,"[50, 50, 50]","I(M1,M2;T)"
820,0.0,3.521113697178917,-0.32147698035904426,800,100,"[50, 50, 50]","I(M1,M2;T)"
821,0.0,3.5482283165951234,-0.2944746762210393,800,100,"[50, 50, 50]","I(M1,M2;T)"
822,0.0,3.4520112045319777,-0.385817806047811,800,100,"[50, 50, 50]","I(M1,M2;T)"
823,0.0,3.4325714354058556,-0.41066302931186094,800,100,"[50, 50, 50]","I(M1,M2;T)"
824,0.0,3.4952203066816203,-0.3465770462145872,800,100,"[50, 50, 50]","I(M1,M2;T)"
825,0.0,3.4068291535737134,-0.4326183458610102,800,100,"[50, 50, 50]","I(M1,M2;T)"
826,0.0,3.385225753585031,-0.4630843756273384,800,100,"[50, 50, 50]","I(M1,M2;T)"
827,0.0,3.58066538270956,-0.26150527148655156,800,100,"[50, 50, 50]","I(M1,M2;T)"
828,0.0,3.5354416972112004,-0.3115292991651666,800,100,"[50, 50, 50]","I(M1,M2;T)"
829,0.0,3.4673823709648515,-0.3757820019283735,800,100,"[50, 50, 50]","I(M1,M2;T)"
830,0.0,3.551178357700572,-0.29039708167979805,800,100,"[50, 50, 50]","I(M1,M2;T)"
831,0.0,3.375708800696975,-0.46469939256113646,800,100,"[50, 50, 50]","I(M1,M2;T)"
832,0.0,3.4744587612380093,-0.369570595278232,800,100,"[50, 50, 50]","I(M1,M2;T)"
833,0.0,3.5072714240102516,-0.33752413747955146,800,100,"[50, 50, 50]","I(M1,M2;T)"
834,0.0,3.5554026847380333,-0.2833734883666117,800,100,"[50, 50, 50]","I(M1,M2;T)"
835,0.0,3.3909323813960563,-0.4552405090044296,800,100,"[50, 50, 50]","I(M1,M2;T)"
836,0.0,3.4216081539311487,-0.42009286775308086,800,100,"[50, 50, 50]","I(M1,M2;T)"
837,0.0,3.602374981187499,-0.23959146104757156,800,100,"[50, 50, 50]","I(M1,M2;T)"
838,0.0,3.394193037668111,-0.44936616949909247,800,100,"[50, 50, 50]","I(M1,M2;T)"
839,0.0,3.387396656408264,-0.455605274715587,800,100,"[50, 50, 50]","I(M1,M2;T)"
840,0.0,3.3796300879294146,-0.4625087706182738,800,100,"[50, 50, 50]","I(M1,M2;T)"
841,0.0,3.60866872328734,-0.2278707848820516,800,100,"[50, 50, 50]","I(M1,M2;T)"
842,0.0,3.605393532592009,-0.23511732219224157,800,100,"[50, 50, 50]","I(M1,M2;T)"
843,0.0,3.429833062069023,-0.4112496405675259,800,100,"[50, 50, 50]","I(M1,M2;T)"
844,0.0,3.4686845794018892,-0.37837481153585006,800,100,"[50, 50, 50]","I(M1,M2;T)"
845,0.0,3.446604431087409,-0.4002915068633075,800,100,"[50, 50, 50]","I(M1,M2;T)"
846,0.0,3.4566313751761575,-0.3959117813951343,800,100,"[50, 50, 50]","I(M1,M2;T)"
847,0.0,3.430249115103476,-0.4160370325174467,800,100,"[50, 50, 50]","I(M1,M2;T)"
848,0.0,3.409737435083103,-0.43549171229530037,800,100,"[50, 50, 50]","I(M1,M2;T)"
849,0.0,3.4268490222095234,-0.42292635994873695,800,100,"[50, 50, 50]","I(M1,M2;T)"
850,0.0,3.4400604764834926,-0.4039317205047075,800,100,"[50, 50, 50]","I(M1,M2;T)"
851,0.0,3.423625461720306,-0.42343981142412757,800,100,"[50, 50, 50]","I(M1,M2;T)"
852,0.0,3.425664469880524,-0.4214313907314806,800,100,"[50, 50, 50]","I(M1,M2;T)"
853,0.0,3.4930277246635497,-0.34900558917133484,800,100,"[50, 50, 50]","I(M1,M2;T)"
854,0.0,3.378155295240366,-0.4628012586467656,800,100,"[50, 50, 50]","I(M1,M2;T)"
855,0.0,3.4811759378377576,-0.3625354440508701,800,100,"[50, 50, 50]","I(M1,M2;T)"
856,0.0,3.360097643207371,-0.48561161922988916,800,100,"[50, 50, 50]","I(M1,M2;T)"
857,0.0,3.538685656625438,-0.30308170573303217,800,100,"[50, 50, 50]","I(M1,M2;T)"
858,0.0,3.471139629175787,-0.371882115558658,800,100,"[50, 50, 50]","I(M1,M2;T)"
859,0.0,3.424287384813752,-0.4162051330357195,800,100,"[50, 50, 50]","I(M1,M2;T)"
860,0.0,3.469489032167952,-0.3818839865853034,800,100,"[50, 50, 50]","I(M1,M2;T)"
861,0.0,3.4327127332712246,-0.40062690027076986,800,100,"[50, 50, 50]","I(M1,M2;T)"
862,0.0,3.407176564654784,-0.43329586386200836,800,100,"[50, 50, 50]","I(M1,M2;T)"
863,0.0,3.4360685521867773,-0.4029710549919625,800,100,"[50, 50, 50]","I(M1,M2;T)"
864,0.0,3.4774389256591616,-0.36914268841829756,800,100,"[50, 50, 50]","I(M1,M2;T)"
865,0.0,3.424655661878761,-0.4116127546127468,800,100,"[50, 50, 50]","I(M1,M2;T)"
866,0.0,3.422417965673431,-0.422687148899195,800,100,"[50, 50, 50]","I(M1,M2;T)"
867,0.0,3.503608322099918,-0.3370348415074602,800,100,"[50, 50, 50]","I(M1,M2;T)"
868,0.0,3.477854963149723,-0.365900229012849,800,100,"[50, 50, 50]","I(M1,M2;T)"
869,0.0,3.580237891213927,-0.2606493496786224,800,100,"[50, 50, 50]","I(M1,M2;T)"
870,0.0,3.6037630488642605,-0.2378458073462406,800,100,"[50, 50, 50]","I(M1,M2;T)"
871,0.0,3.426043409354289,-0.4160093629190187,800,100,"[50, 50, 50]","I(M1,M2;T)"
872,0.0,3.3955272738099573,-0.4461616998304083,800,100,"[50, 50, 50]","I(M1,M2;T)"
873,0.0,3.54832790418485,-0.2944318714526597,800,100,"[50, 50, 50]","I(M1,M2;T)"
874,0.0,3.545354554448286,-0.3019965984895894,800,100,"[50, 50, 50]","I(M1,M2;T)"
875,0.0,3.499089335662969,-0.34591293688465496,800,100,"[50, 50, 50]","I(M1,M2;T)"
876,0.0,3.4438400189261946,-0.40347093432422554,800,100,"[50, 50, 50]","I(M1,M2;T)"
877,0.0,3.593344281339701,-0.2541076240240425,800,100,"[50, 50, 50]","I(M1,M2;T)"
878,0.0,3.405191805417474,-0.4368771455434004,800,100,"[50, 50, 50]","I(M1,M2;T)"
879,0.0,3.575887560420252,-0.27004309338215116,800,100,"[50, 50, 50]","I(M1,M2;T)"
880,0.0,3.417485472726028,-0.429450750464194,800,100,"[50, 50, 50]","I(M1,M2;T)"
881,0.0,3.482355248925043,-0.3674958584180006,800,100,"[50, 50, 50]","I(M1,M2;T)"
882,0.0,3.4634087983273316,-0.3811723236592406,800,100,"[50, 50, 50]","I(M1,M2;T)"
883,0.0,3.4753562367518063,-0.36454772223349785,800,100,"[50, 50, 50]","I(M1,M2;T)"
884,0.0,3.4090467794882677,-0.44024511597846505,800,100,"[50, 50, 50]","I(M1,M2;T)"
885,0.0,3.514986496672939,-0.33274373020335446,800,100,"[50, 50, 50]","I(M1,M2;T)"
886,0.0,3.4850526308385477,-0.3569200029671862,800,100,"[50, 50, 50]","I(M1,M2;T)"
887,0.0,3.5334924206265175,-0.3066570193002218,800,100,"[50, 50, 50]","I(M1,M2;T)"
888,0.0,3.484224381778393,-0.36125219207431725,800,100,"[50, 50, 50]","I(M1,M2;T)"
889,0.0,3.3074650826256127,-0.5364453465984056,800,100,"[50, 50, 50]","I(M1,M2;T)"
890,0.0,3.466440315217233,-0.3842202995264188,800,100,"[50, 50, 50]","I(M1,M2;T)"
891,0.0,3.5845822801510527,-0.25373749540375634,800,100,"[50, 50, 50]","I(M1,M2;T)"
892,0.0,3.4794131109395514,-0.36313289723759334,800,100,"[50, 50, 50]","I(M1,M2;T)"
893,0.0,3.4717753358240033,-0.3779918075911577,800,100,"[50, 50, 50]","I(M1,M2;T)"
894,0.0,3.4330218311798815,-0.41506156443041675,800,100,"[50, 50, 50]","I(M1,M2;T)"
895,0.0,3.6275558971089508,-0.21882258426998868,800,100,"[50, 50, 50]","I(M1,M2;T)"
896,0.0,3.521072810461747,-0.31734951162180947,800,100,"[50, 50, 50]","I(M1,M2;T)"
897,0.0,3.4892043787191294,-0.35167371063040465,800,100,"[50, 50, 50]","I(M1,M2;T)"
898,0.0,3.423653343522066,-0.410368350277206,800,100,"[50, 50, 50]","I(M1,M2;T)"
899,0.0,3.403086327147027,-0.45318608040256425,800,100,"[50, 50, 50]","I(M1,M2;T)"
900,0.0,3.497264081158735,-0.3427852979154049,800,100,"[50, 50, 50]","I(M1,M2;T)"
901,0.0,3.377328138096611,-0.472951660433945,800,100,"[50, 50, 50]","I(M1,M2;T)"
902,0.0,3.4187057986768523,-0.41690814132723153,800,100,"[50, 50, 50]","I(M1,M2;T)"
903,0.0,3.4028016587228844,-0.43732225388233203,800,100,"[50, 50, 50]","I(M1,M2;T)"
904,0.0,3.473658587829986,-0.37128968114836836,800,100,"[50, 50, 50]","I(M1,M2;T)"
905,0.0,3.45449192459672,-0.38411455283807916,800,100,"[50, 50, 50]","I(M1,M2;T)"
906,0.0,3.404208440100786,-0.4409745745026554,800,100,"[50, 50, 50]","I(M1,M2;T)"
907,0.0,3.398556900654471,-0.44745470741345006,800,100,"[50, 50, 50]","I(M1,M2;T)"
908,0.0,3.5007504848804705,-0.3435038548929725,800,100,"[50, 50, 50]","I(M1,M2;T)"
909,0.0,3.4350504704145837,-0.41005727167249173,800,100,"[50, 50, 50]","I(M1,M2;T)"
910,0.0,3.542561228667882,-0.30446086274329387,800,100,"[50, 50, 50]","I(M1,M2;T)"
911,0.0,3.568416054776034,-0.2750397801857316,800,100,"[50, 50, 50]","I(M1,M2;T)"
912,0.0,3.5382095905712627,-0.3055640261655874,800,100,"[50, 50, 50]","I(M1,M2;T)"
913,0.0,3.389982423259817,-0.45320915014899565,800,100,"[50, 50, 50]","I(M1,M2;T)"
914,0.0,3.3541575564519075,-0.4872040865340619,800,100,"[50, 50, 50]","I(M1,M2;T)"
915,0.0,3.475371042541913,-0.37207546672531455,800,100,"[50, 50, 50]","I(M1,M2;T)"
916,0.0,3.459170497478563,-0.38584345415252086,800,100,"[50, 50, 50]","I(M1,M2;T)"
917,0.0,3.389062108142138,-0.4500384446866148,800,100,"[50, 50, 50]","I(M1,M2;T)"
918,0.0,3.4244941092052668,-0.41522723266501327,800,100,"[50, 50, 50]","I(M1,M2;T)"
919,0.0,3.32601260571768,-0.5154547729019425,800,100,"[50, 50, 50]","I(M1,M2;T)"
920,0.0,3.474598702268369,-0.36411465045207825,800,100,"[50, 50, 50]","I(M1,M2;T)"
921,0.0,3.3529610457141708,-0.4920593523252377,800,100,"[50, 50, 50]","I(M1,M2;T)"
922,0.0,3.4784858900784985,-0.36732564548386515,800,100,"[50, 50, 50]","I(M1,M2;T)"
923,0.0,3.4530034183904537,-0.3956728869434589,800,100,"[50, 50, 50]","I(M1,M2;T)"
924,0.0,3.5196197276180734,-0.3278451717956061,800,100,"[50, 50, 50]","I(M1,M2;T)"
925,0.0,3.515999307958981,-0.32096050581948976,800,100,"[50, 50, 50]","I(M1,M2;T)"
926,0.0,3.5456702940929663,-0.29896515246021194,800,100,"[50, 50, 50]","I(M1,M2;T)"
927,0.0,3.5736223872734025,-0.2767959080643503,800,100,"[50, 50, 50]","I(M1,M2;T)"
928,0.0,3.4656244831459553,-0.38240115144202536,800,100,"[50, 50, 50]","I(M1,M2;T)"
929,0.0,3.376600116448181,-0.4639040372234988,800,100,"[50, 50, 50]","I(M1,M2;T)"
930,0.0,3.3330670115880103,-0.5146949052638203,800,100,"[50, 50, 50]","I(M1,M2;T)"
931,0.0,3.458479010181848,-0.37864825541185265,800,100,"[50, 50, 50]","I(M1,M2;T)"
932,0.0,3.437784700068079,-0.40862693348206625,800,100,"[50, 50, 50]","I(M1,M2;T)"
933,0.0,3.2975078932763924,-0.5480828676539278,800,100,"[50, 50, 50]","I(M1,M2;T)"
934,0.0,3.3893331514979277,-0.46028303362462086,800,100,"[50, 50, 50]","I(M1,M2;T)"
935,0.0,3.371591778147762,-0.4786089012715422,800,100,"[50, 50, 50]","I(M1,M2;T)"
936,0.0,3.45151229467081,-0.3916450109948002,800,100,"[50, 50, 50]","I(M1,M2;T)"
937,0.0,3.5400213540528043,-0.3029248941312339,800,100,"[50, 50, 50]","I(M1,M2;T)"
938,0.0,3.4447084264637438,-0.3996165541999539,800,100,"[50, 50, 50]","I(M1,M2;T)"
939,0.0,3.3983764772407183,-0.4487587612769901,800,100,"[50, 50, 50]","I(M1,M2;T)"
940,0.0,3.5385402703691247,-0.3000400552474316,800,100,"[50, 50, 50]","I(M1,M2;T)"
941,0.0,3.5643029634317003,-0.27553780521513094,800,100,"[50, 50, 50]","I(M1,M2;T)"
942,0.0,3.3973340527032914,-0.4465358423649177,800,100,"[50, 50, 50]","I(M1,M2;T)"
943,0.0,3.4619737513569473,-0.3828307449374342,800,100,"[50, 50, 50]","I(M1,M2;T)"
944,0.0,3.380110603374902,-0.45594420679927516,800,100,"[50, 50, 50]","I(M1,M2;T)"
945,0.0,3.351230661566747,-0.4911892039111403,800,100,"[50, 50, 50]","I(M1,M2;T)"
946,0.0,3.495315153916594,-0.34524407166635784,800,100,"[50, 50, 50]","I(M1,M2;T)"
947,0.0,3.471552245576798,-0.3736160497120946,800,100,"[50, 50, 50]","I(M1,M2;T)"
948,0.0,3.379345144085233,-0.46689888568106186,800,100,"[50, 50, 50]","I(M1,M2;T)"
949,0.0,3.4551993464689432,-0.3895660420550642,800,100,"[50, 50, 50]","I(M1,M2;T)"
950,0.0,3.454871378509097,-0.39292571757547456,800,100,"[50, 50, 50]","I(M1,M2;T)"
951,0.0,3.3454601400270745,-0.495680410610603,800,100,"[50, 50, 50]","I(M1,M2;T)"
952,0.0,3.465492375058683,-0.37448704818703593,800,100,"[50, 50, 50]","I(M1,M2;T)"
953,0.0,3.341332104519935,-0.5069545791113308,800,100,"[50, 50, 50]","I(M1,M2;T)"
954,0.0,3.4529003545193744,-0.3849502714608657,800,100,"[50, 50, 50]","I(M1,M2;T)"
955,0.0,3.42399112213878,-0.41811527693009687,800,100,"[50, 50, 50]","I(M1,M2;T)"
956,0.0,3.372768315419915,-0.47132841257893965,800,100,"[50, 50, 50]","I(M1,M2;T)"
957,0.0,3.4291947943828482,-0.41877584416373903,800,100,"[50, 50, 50]","I(M1,M2;T)"
958,0.0,3.444721533126033,-0.39946613658949026,800,100,"[50, 50, 50]","I(M1,M2;T)"
959,0.0,3.3792153890359775,-0.4652856966590839,800,100,"[50, 50, 50]","I(M1,M2;T)"
960,0.0,3.4647060138679184,-0.37582982835857015,800,100,"[50, 50, 50]","I(M1,M2;T)"
961,0.0,3.468426446465044,-0.37438719525042297,800,100,"[50, 50, 50]","I(M1,M2;T)"
962,0.0,3.4850045138002166,-0.3611279759567396,800,100,"[50, 50, 50]","I(M1,M2;T)"
963,0.0,3.368900812202283,-0.47438094608087056,800,100,"[50, 50, 50]","I(M1,M2;T)"
964,0.0,3.5144154103923415,-0.33312808479144973,800,100,"[50, 50, 50]","I(M1,M2;T)"
965,0.0,3.4491129366393674,-0.3997243934672139,800,100,"[50, 50, 50]","I(M1,M2;T)"
966,0.0,3.3542056780291225,-0.48173750795542825,800,100,"[50, 50, 50]","I(M1,M2;T)"
967,0.0,3.464647539338158,-0.3780638499329587,800,100,"[50, 50, 50]","I(M1,M2;T)"
968,0.0,3.5338451418003975,-0.3208646897607288,800,100,"[50, 50, 50]","I(M1,M2;T)"
969,0.0,3.4775772007051193,-0.36741102272110693,800,100,"[50, 50, 50]","I(M1,M2;T)"
970,0.0,3.5853637584593137,-0.2646044837464392,800,100,"[50, 50, 50]","I(M1,M2;T)"
971,0.0,3.503328784466331,-0.3383247495977777,800,100,"[50, 50, 50]","I(M1,M2;T)"
972,0.0,3.4723656910602387,-0.375838114466422,800,100,"[50, 50, 50]","I(M1,M2;T)"
973,0.0,3.5151938738706012,-0.3326041459666951,800,100,"[50, 50, 50]","I(M1,M2;T)"
974,0.0,3.446566287601111,-0.40656092044781467,800,100,"[50, 50, 50]","I(M1,M2;T)"
975,0.0,3.298431136068406,-0.5476181572105565,800,100,"[50, 50, 50]","I(M1,M2;T)"
976,0.0,3.381640655954982,-0.4715410137970353,800,100,"[50, 50, 50]","I(M1,M2;T)"
977,0.0,3.3972999462106808,-0.4506348737963095,800,100,"[50, 50, 50]","I(M1,M2;T)"
978,0.0,3.5201544509688008,-0.32224949422661453,800,100,"[50, 50, 50]","I(M1,M2;T)"
979,0.0,3.4356070185066283,-0.40925285675981016,800,100,"[50, 50, 50]","I(M1,M2;T)"
980,0.0,3.403364132450035,-0.4438009799055571,800,100,"[50, 50, 50]","I(M1,M2;T)"
981,0.0,3.518466914630949,-0.3243139735475671,800,100,"[50, 50, 50]","I(M1,M2;T)"
982,0.0,3.4795181636032444,-0.3600045596737038,800,100,"[50, 50, 50]","I(M1,M2;T)"
983,0.0,3.558407619194636,-0.2918037688370698,800,100,"[50, 50, 50]","I(M1,M2;T)"
984,0.0,3.3891218076007386,-0.4536754709521049,800,100,"[50, 50, 50]","I(M1,M2;T)"
985,0.0,3.508081533602147,-0.33840500759689274,800,100,"[50, 50, 50]","I(M1,M2;T)"
986,0.0,3.3114393133014954,-0.528289056115355,800,100,"[50, 50, 50]","I(M1,M2;T)"
987,0.0,3.4853286504941874,-0.36178040775983966,800,100,"[50, 50, 50]","I(M1,M2;T)"
988,0.0,3.408088383325909,-0.44156138083428687,800,100,"[50, 50, 50]","I(M1,M2;T)"
989,0.0,3.532420744464679,-0.31303756834087215,800,100,"[50, 50, 50]","I(M1,M2;T)"
990,0.0,3.4713449003779244,-0.37470012831110244,800,100,"[50, 50, 50]","I(M1,M2;T)"
991,0.0,3.469979986016189,-0.37513132921812975,800,100,"[50, 50, 50]","I(M1,M2;T)"
992,0.0,3.5477142332953076,-0.29332604579723576,800,100,"[50, 50, 50]","I(M1,M2;T)"
993,0.0,3.4776693907830936,-0.3731708983733837,800,100,"[50, 50, 50]","I(M1,M2;T)"
994,0.0,3.436258520668747,-0.40169738537282296,800,100,"[50, 50, 50]","I(M1,M2;T)"
995,0.0,3.453212093308335,-0.38761933997512754,800,100,"[50, 50, 50]","I(M1,M2;T)"
996,0.0,3.43978828443844,-0.4004913550733131,800,100,"[50, 50, 50]","I(M1,M2;T)"
997,0.0,3.3507248807966983,-0.4932016604903877,800,100,"[50, 50, 50]","I(M1,M2;T)"
998,0.0,3.433378184529179,-0.4100803286114041,800,100,"[50, 50, 50]","I(M1,M2;T)"
999,0.0,3.5104232401182194,-0.33454529495286156,800,100,"[50, 50, 50]","I(M1,M2;T)"
0,0.0,7.108684487245926,-1.1752041483877154,800,100,"[50, 50, 100]","I(M1,M2;T)"
1,0.0,7.096090406918563,-1.1845257959666426,800,100,"[50, 50, 100]","I(M1,M2;T)"
2,0.0,7.339311288846781,-0.9382568801299866,800,100,"[50, 50, 100]","I(M1,M2;T)"
3,0.0,7.142735422023171,-1.138080770068341,800,100,"[50, 50, 100]","I(M1,M2;T)"
4,0.0,7.220714930430664,-1.0710164278289964,800,100,"[50, 50, 100]","I(M1,M2;T)"
5,0.0,7.293720161993959,-0.9889822094491043,800,100,"[50, 50, 100]","I(M1,M2;T)"
6,0.0,7.130119465305171,-1.1541541912490771,800,100,"[50, 50, 100]","I(M1,M2;T)"
7,0.0,7.29784208123996,-0.9982511505125942,800,100,"[50, 50, 100]","I(M1,M2;T)"
8,0.0,6.93786258635607,-1.3490492459343528,800,100,"[50, 50, 100]","I(M1,M2;T)"
9,0.0,7.240058543043528,-1.0408538028449037,800,100,"[50, 50, 100]","I(M1,M2;T)"
10,0.0,7.082711754518507,-1.2111359432454831,800,100,"[50, 50, 100]","I(M1,M2;T)"
11,0.0,7.180079771091896,-1.099916205049765,800,100,"[50, 50, 100]","I(M1,M2;T)"
12,0.0,7.189991104811021,-1.093316571359214,800,100,"[50, 50, 100]","I(M1,M2;T)"
13,0.0,7.165187274460302,-1.1271513238112787,800,100,"[50, 50, 100]","I(M1,M2;T)"
14,0.0,7.2612230899382295,-1.0138532615527511,800,100,"[50, 50, 100]","I(M1,M2;T)"
15,0.0,7.14776970360586,-1.1425713011908094,800,100,"[50, 50, 100]","I(M1,M2;T)"
16,0.0,7.235959491555242,-1.0394136088973767,800,100,"[50, 50, 100]","I(M1,M2;T)"
17,0.0,7.235453310575233,-1.042867860595175,800,100,"[50, 50, 100]","I(M1,M2;T)"
18,0.0,7.15756258728738,-1.1238219366026705,800,100,"[50, 50, 100]","I(M1,M2;T)"
19,0.0,7.082504912479056,-1.2048855888188417,800,100,"[50, 50, 100]","I(M1,M2;T)"
20,0.0,7.187060195751304,-1.1050154544399788,800,100,"[50, 50, 100]","I(M1,M2;T)"
21,0.0,7.4014819925003605,-0.8729102947093219,800,100,"[50, 50, 100]","I(M1,M2;T)"
22,0.0,7.244234836703278,-1.0346525393025132,800,100,"[50, 50, 100]","I(M1,M2;T)"
23,0.0,7.206298821901138,-1.0814741775869603,800,100,"[50, 50, 100]","I(M1,M2;T)"
24,0.0,7.312725903895878,-0.986466891775942,800,100,"[50, 50, 100]","I(M1,M2;T)"
25,0.0,7.0775287433807,-1.2137386374098007,800,100,"[50, 50, 100]","I(M1,M2;T)"
26,0.0,7.078231641536433,-1.1961868003311755,800,100,"[50, 50, 100]","I(M1,M2;T)"
27,0.0,7.1883317507342515,-1.0925532620297034,800,100,"[50, 50, 100]","I(M1,M2;T)"
28,0.0,7.245044221803948,-1.0453316133720563,800,100,"[50, 50, 100]","I(M1,M2;T)"
29,0.0,7.330694317402306,-0.9733169359992937,800,100,"[50, 50, 100]","I(M1,M2;T)"
30,0.0,7.134091566987922,-1.1399795914092126,800,100,"[50, 50, 100]","I(M1,M2;T)"
31,0.0,7.154713889637038,-1.1268257180595898,800,100,"[50, 50, 100]","I(M1,M2;T)"
32,0.0,7.073693153067882,-1.2159438128666622,800,100,"[50, 50, 100]","I(M1,M2;T)"
33,0.0,7.214565110169886,-1.0729075499757244,800,100,"[50, 50, 100]","I(M1,M2;T)"
34,0.0,7.191688522421529,-1.088013213439158,800,100,"[50, 50, 100]","I(M1,M2;T)"
35,0.0,7.12356441254031,-1.160827252018227,800,100,"[50, 50, 100]","I(M1,M2;T)"
36,0.0,7.245822743927015,-1.0342492661935463,800,100,"[50, 50, 100]","I(M1,M2;T)"
37,0.0,7.11826125130864,-1.158054743060836,800,100,"[50, 50, 100]","I(M1,M2;T)"
38,0.0,7.212426884381708,-1.0829981544683047,800,100,"[50, 50, 100]","I(M1,M2;T)"
39,0.0,7.082404254606818,-1.2064204354699513,800,100,"[50, 50, 100]","I(M1,M2;T)"
40,0.0,7.181412855954214,-1.1048331178444641,800,100,"[50, 50, 100]","I(M1,M2;T)"
41,0.0,7.047015166230374,-1.2461509813653882,800,100,"[50, 50, 100]","I(M1,M2;T)"
42,0.0,7.188724227047519,-1.0943367187375657,800,100,"[50, 50, 100]","I(M1,M2;T)"
43,0.0,7.104875744833446,-1.1856184651325137,800,100,"[50, 50, 100]","I(M1,M2;T)"
44,0.0,7.149962833799587,-1.138886894630038,800,100,"[50, 50, 100]","I(M1,M2;T)"
45,0.0,7.26238783731176,-1.0251400183197532,800,100,"[50, 50, 100]","I(M1,M2;T)"
46,0.0,7.036706390497893,-1.2493048392479382,800,100,"[50, 50, 100]","I(M1,M2;T)"
47,0.0,7.18387235723454,-1.103589951972726,800,100,"[50, 50, 100]","I(M1,M2;T)"
48,0.0,7.0843447572463925,-1.1998395498321175,800,100,"[50, 50, 100]","I(M1,M2;T)"
49,0.0,7.247114603260291,-1.041165588498707,800,100,"[50, 50, 100]","I(M1,M2;T)"
50,0.0,7.100330664506073,-1.1866069117559572,800,100,"[50, 50, 100]","I(M1,M2;T)"
51,0.0,7.213619668460363,-1.077051811359694,800,100,"[50, 50, 100]","I(M1,M2;T)"
52,0.0,7.063833265732688,-1.225840022047981,800,100,"[50, 50, 100]","I(M1,M2;T)"
53,0.0,7.147919530368263,-1.1310515034970763,800,100,"[50, 50, 100]","I(M1,M2;T)"
54,0.0,7.090033789097586,-1.2096558963471002,800,100,"[50, 50, 100]","I(M1,M2;T)"
55,0.0,7.164324359830632,-1.1261224079128755,800,100,"[50, 50, 100]","I(M1,M2;T)"
56,0.0,7.074792468795696,-1.212683650509959,800,100,"[50, 50, 100]","I(M1,M2;T)"
57,0.0,7.298405734458163,-0.9870223484141478,800,100,"[50, 50, 100]","I(M1,M2;T)"
58,0.0,7.1558001794854,-1.1238413128532354,800,100,"[50, 50, 100]","I(M1,M2;T)"
59,0.0,7.378759104994605,-0.9052734743657256,800,100,"[50, 50, 100]","I(M1,M2;T)"
60,0.0,7.314429500136281,-0.9688009871085832,800,100,"[50, 50, 100]","I(M1,M2;T)"
61,0.0,7.36463258531951,-0.9240777910946631,800,100,"[50, 50, 100]","I(M1,M2;T)"
62,0.0,7.1528028670431345,-1.1346138326174744,800,100,"[50, 50, 100]","I(M1,M2;T)"
63,0.0,7.078959687180827,-1.2174662539829377,800,100,"[50, 50, 100]","I(M1,M2;T)"
64,0.0,7.260728422755198,-1.0210861628735994,800,100,"[50, 50, 100]","I(M1,M2;T)"
65,0.0,7.217054236282502,-1.0704557961264243,800,100,"[50, 50, 100]","I(M1,M2;T)"
66,0.0,7.164859541840604,-1.1070754797005016,800,100,"[50, 50, 100]","I(M1,M2;T)"
67,0.0,7.267651233353729,-1.0123626048676533,800,100,"[50, 50, 100]","I(M1,M2;T)"
68,0.0,7.172332697706137,-1.1032485409416157,800,100,"[50, 50, 100]","I(M1,M2;T)"
69,0.0,7.330550054720508,-0.9547811895573979,800,100,"[50, 50, 100]","I(M1,M2;T)"
70,0.0,7.284636070008315,-0.9901938289634664,800,100,"[50, 50, 100]","I(M1,M2;T)"
71,0.0,7.249573647727397,-1.0361937021708698,800,100,"[50, 50, 100]","I(M1,M2;T)"
72,0.0,6.869621969940093,-1.4069065177915672,800,100,"[50, 50, 100]","I(M1,M2;T)"
73,0.0,7.00698523794795,-1.2867939418183632,800,100,"[50, 50, 100]","I(M1,M2;T)"
74,0.0,6.9843015417829415,-1.2995287435912042,800,100,"[50, 50, 100]","I(M1,M2;T)"
75,0.0,7.228395790025083,-1.0498529159950678,800,100,"[50, 50, 100]","I(M1,M2;T)"
76,0.0,7.082648646853792,-1.1984933415164187,800,100,"[50, 50, 100]","I(M1,M2;T)"
77,0.0,7.19916421873409,-1.0953874936942238,800,100,"[50, 50, 100]","I(M1,M2;T)"
78,0.0,7.052445829708395,-1.23248557188756,800,100,"[50, 50, 100]","I(M1,M2;T)"
79,0.0,7.177220470064467,-1.1058880402420987,800,100,"[50, 50, 100]","I(M1,M2;T)"
80,0.0,7.311085088889947,-0.9802136877193091,800,100,"[50, 50, 100]","I(M1,M2;T)"
81,0.0,7.132744826659386,-1.1555653359440798,800,100,"[50, 50, 100]","I(M1,M2;T)"
82,0.0,7.2567108755129,-1.0251217610815333,800,100,"[50, 50, 100]","I(M1,M2;T)"
83,0.0,7.19795136912991,-1.0887588172095803,800,100,"[50, 50, 100]","I(M1,M2;T)"
84,0.0,7.130068431850113,-1.1564344858822295,800,100,"[50, 50, 100]","I(M1,M2;T)"
85,0.0,7.01106762698433,-1.2712209921025046,800,100,"[50, 50, 100]","I(M1,M2;T)"
86,0.0,7.152147732215269,-1.1196003663537546,800,100,"[50, 50, 100]","I(M1,M2;T)"
87,0.0,7.255388737704022,-1.042321389015072,800,100,"[50, 50, 100]","I(M1,M2;T)"
88,0.0,7.265794254746998,-1.0260512030703488,800,100,"[50, 50, 100]","I(M1,M2;T)"
89,0.0,7.2559434069252,-1.0249453650208764,800,100,"[50, 50, 100]","I(M1,M2;T)"
90,0.0,7.375050249724104,-0.9038091013696246,800,100,"[50, 50, 100]","I(M1,M2;T)"
91,0.0,7.098635674586867,-1.1838324841181675,800,100,"[50, 50, 100]","I(M1,M2;T)"
92,0.0,7.121969247206579,-1.1720292823885181,800,100,"[50, 50, 100]","I(M1,M2;T)"
93,0.0,7.23432237172401,-1.051917674895746,800,100,"[50, 50, 100]","I(M1,M2;T)"
94,0.0,7.489937504547257,-0.7965532323222746,800,100,"[50, 50, 100]","I(M1,M2;T)"
95,0.0,7.327156662516649,-0.9563152160336914,800,100,"[50, 50, 100]","I(M1,M2;T)"
96,0.0,7.17707117086528,-1.0972202568714016,800,100,"[50, 50, 100]","I(M1,M2;T)"
97,0.0,7.260328797828674,-1.0223552891844676,800,100,"[50, 50, 100]","I(M1,M2;T)"
98,0.0,7.153384568822833,-1.1307359187105064,800,100,"[50, 50, 100]","I(M1,M2;T)"
99,0.0,7.177359893967925,-1.117197752716697,800,100,"[50, 50, 100]","I(M1,M2;T)"
100,0.0,7.258612552610079,-1.022661679356779,800,100,"[50, 50, 100]","I(M1,M2;T)"
101,0.0,7.145363985454297,-1.1378616241353825,800,100,"[50, 50, 100]","I(M1,M2;T)"
102,0.0,7.138002039364527,-1.1454398725268886,800,100,"[50, 50, 100]","I(M1,M2;T)"
103,0.0,7.075516782496804,-1.2157529597671672,800,100,"[50, 50, 100]","I(M1,M2;T)"
104,0.0,7.094315820075592,-1.1852928729540837,800,100,"[50, 50, 100]","I(M1,M2;T)"
105,0.0,7.25202125852396,-1.047942093407726,800,100,"[50, 50, 100]","I(M1,M2;T)"
106,0.0,7.074605527411801,-1.2064871594573354,800,100,"[50, 50, 100]","I(M1,M2;T)"
107,0.0,7.238155208392658,-1.0401204700310087,800,100,"[50, 50, 100]","I(M1,M2;T)"
108,0.0,7.118312245608577,-1.160548055793507,800,100,"[50, 50, 100]","I(M1,M2;T)"
109,0.0,7.300458610921764,-0.9733131298449944,800,100,"[50, 50, 100]","I(M1,M2;T)"
110,0.0,7.148280839571731,-1.1475049695604618,800,100,"[50, 50, 100]","I(M1,M2;T)"
111,0.0,7.073198531164545,-1.2097779478151143,800,100,"[50, 50, 100]","I(M1,M2;T)"
112,0.0,7.147729263565946,-1.1372934313148662,800,100,"[50, 50, 100]","I(M1,M2;T)"
113,0.0,7.310123002656182,-0.9798572028788524,800,100,"[50, 50, 100]","I(M1,M2;T)"
114,0.0,7.085519958770192,-1.1961358321122226,800,100,"[50, 50, 100]","I(M1,M2;T)"
115,0.0,7.208190599496927,-1.0763663243799257,800,100,"[50, 50, 100]","I(M1,M2;T)"
116,0.0,7.070179565657563,-1.216046646127376,800,100,"[50, 50, 100]","I(M1,M2;T)"
117,0.0,7.225180949339034,-1.0506369638724706,800,100,"[50, 50, 100]","I(M1,M2;T)"
118,0.0,7.099643482315406,-1.1860524090839792,800,100,"[50, 50, 100]","I(M1,M2;T)"
119,0.0,7.17475917357113,-1.1193363844495474,800,100,"[50, 50, 100]","I(M1,M2;T)"
120,0.0,7.016101719720454,-1.2698249727505457,800,100,"[50, 50, 100]","I(M1,M2;T)"
121,0.0,7.204852823846857,-1.0886015623769696,800,100,"[50, 50, 100]","I(M1,M2;T)"
122,0.0,7.070389320497716,-1.2170853689767753,800,100,"[50, 50, 100]","I(M1,M2;T)"
123,0.0,7.002679992540084,-1.2702277404166402,800,100,"[50, 50, 100]","I(M1,M2;T)"
124,0.0,7.2879865792408625,-0.9929660087241095,800,100,"[50, 50, 100]","I(M1,M2;T)"
125,0.0,7.0928485277565585,-1.1874789037941333,800,100,"[50, 50, 100]","I(M1,M2;T)"
126,0.0,7.125607187248278,-1.1592895670556693,800,100,"[50, 50, 100]","I(M1,M2;T)"
127,0.0,7.29731978138446,-0.996246413547694,800,100,"[50, 50, 100]","I(M1,M2;T)"
128,0.0,7.167823240936299,-1.1122791949485258,800,100,"[50, 50, 100]","I(M1,M2;T)"
129,0.0,6.9527330580317805,-1.33085681790571,800,100,"[50, 50, 100]","I(M1,M2;T)"
130,0.0,7.2308085752151605,-1.0434818018005974,800,100,"[50, 50, 100]","I(M1,M2;T)"
131,0.0,7.307008716746324,-0.9736851816284489,800,100,"[50, 50, 100]","I(M1,M2;T)"
132,0.0,7.222897455291632,-1.0676087455221648,800,100,"[50, 50, 100]","I(M1,M2;T)"
133,0.0,7.348905165660092,-0.937904450773285,800,100,"[50, 50, 100]","I(M1,M2;T)"
134,0.0,7.110596930961282,-1.1732797265443722,800,100,"[50, 50, 100]","I(M1,M2;T)"
135,0.0,7.2232300706727,-1.06084135353312,800,100,"[50, 50, 100]","I(M1,M2;T)"
136,0.0,7.081145161046345,-1.2122414261819312,800,100,"[50, 50, 100]","I(M1,M2;T)"
137,0.0,7.17698694232609,-1.0996269962705174,800,100,"[50, 50, 100]","I(M1,M2;T)"
138,0.0,7.375138479682145,-0.8989091987025111,800,100,"[50, 50, 100]","I(M1,M2;T)"
139,0.0,6.910213021436274,-1.371031495564841,800,100,"[50, 50, 100]","I(M1,M2;T)"
140,0.0,7.505005135515338,-0.7759817555620199,800,100,"[50, 50, 100]","I(M1,M2;T)"
141,0.0,7.188606185240663,-1.1024333793378043,800,100,"[50, 50, 100]","I(M1,M2;T)"
142,0.0,7.224699364075326,-1.059954395434545,800,100,"[50, 50, 100]","I(M1,M2;T)"
143,0.0,7.2728601831991035,-1.0253583066967824,800,100,"[50, 50, 100]","I(M1,M2;T)"
144,0.0,7.118916258471184,-1.152330555006377,800,100,"[50, 50, 100]","I(M1,M2;T)"
145,0.0,7.2363499443914066,-1.051072197243112,800,100,"[50, 50, 100]","I(M1,M2;T)"
146,0.0,7.178689537332138,-1.0971976919652047,800,100,"[50, 50, 100]","I(M1,M2;T)"
147,0.0,7.163364123946575,-1.126877463039616,800,100,"[50, 50, 100]","I(M1,M2;T)"
148,0.0,7.234405174495835,-1.0514620330766729,800,100,"[50, 50, 100]","I(M1,M2;T)"
149,0.0,7.184339362352324,-1.1130593924925414,800,100,"[50, 50, 100]","I(M1,M2;T)"
150,0.0,7.232499861895194,-1.0409058405660012,800,100,"[50, 50, 100]","I(M1,M2;T)"
151,0.0,7.291204640021279,-0.9941042619282712,800,100,"[50, 50, 100]","I(M1,M2;T)"
152,0.0,7.189922502293269,-1.0978135193866105,800,100,"[50, 50, 100]","I(M1,M2;T)"
153,0.0,7.251056007609671,-1.0346551314133396,800,100,"[50, 50, 100]","I(M1,M2;T)"
154,0.0,7.182360182808895,-1.110218997424881,800,100,"[50, 50, 100]","I(M1,M2;T)"
155,0.0,6.965602719497767,-1.323867964712754,800,100,"[50, 50, 100]","I(M1,M2;T)"
156,0.0,7.129960722237825,-1.1508168996466397,800,100,"[50, 50, 100]","I(M1,M2;T)"
157,0.0,7.330363392629426,-0.9568446831832418,800,100,"[50, 50, 100]","I(M1,M2;T)"
158,0.0,7.293533794257305,-1.0021664173747293,800,100,"[50, 50, 100]","I(M1,M2;T)"
159,0.0,6.985917338643423,-1.2959104900882217,800,100,"[50, 50, 100]","I(M1,M2;T)"
160,0.0,7.122814571163632,-1.1627664499052184,800,100,"[50, 50, 100]","I(M1,M2;T)"
161,0.0,7.103270852312901,-1.1896410838832967,800,100,"[50, 50, 100]","I(M1,M2;T)"
162,0.0,7.137516718120416,-1.1485227789611496,800,100,"[50, 50, 100]","I(M1,M2;T)"
163,0.0,7.358153490565145,-0.9276643322645208,800,100,"[50, 50, 100]","I(M1,M2;T)"
164,0.0,7.120260309374095,-1.172009469309395,800,100,"[50, 50, 100]","I(M1,M2;T)"
165,0.0,7.107063677685083,-1.189199274003954,800,100,"[50, 50, 100]","I(M1,M2;T)"
166,0.0,7.030919769076881,-1.2532661144296817,800,100,"[50, 50, 100]","I(M1,M2;T)"
167,0.0,7.229062535894546,-1.063325131253344,800,100,"[50, 50, 100]","I(M1,M2;T)"
168,0.0,7.1356506390985945,-1.1445535382824925,800,100,"[50, 50, 100]","I(M1,M2;T)"
169,0.0,7.144728313536247,-1.1429762251537499,800,100,"[50, 50, 100]","I(M1,M2;T)"
170,0.0,7.218354333712993,-1.0572189366367564,800,100,"[50, 50, 100]","I(M1,M2;T)"
171,0.0,7.204430962725639,-1.078202543171396,800,100,"[50, 50, 100]","I(M1,M2;T)"
172,0.0,7.2672239935556115,-1.0271895442522228,800,100,"[50, 50, 100]","I(M1,M2;T)"
173,0.0,6.996695499714271,-1.2824520457123043,800,100,"[50, 50, 100]","I(M1,M2;T)"
174,0.0,7.117110274523401,-1.1610096358334099,800,100,"[50, 50, 100]","I(M1,M2;T)"
175,0.0,7.0773984714136,-1.223786687991355,800,100,"[50, 50, 100]","I(M1,M2;T)"
176,0.0,7.194910802862992,-1.0960181784485723,800,100,"[50, 50, 100]","I(M1,M2;T)"
177,0.0,7.2206154244099325,-1.0644232011341783,800,100,"[50, 50, 100]","I(M1,M2;T)"
178,0.0,7.114265281211421,-1.169686499711113,800,100,"[50, 50, 100]","I(M1,M2;T)"
179,0.0,7.121323768913082,-1.1671391006679857,800,100,"[50, 50, 100]","I(M1,M2;T)"
180,0.0,7.087811473771738,-1.189272557774113,800,100,"[50, 50, 100]","I(M1,M2;T)"
181,0.0,7.156245889141857,-1.1181529225537634,800,100,"[50, 50, 100]","I(M1,M2;T)"
182,0.0,7.264453394120962,-1.025781948649553,800,100,"[50, 50, 100]","I(M1,M2;T)"
183,0.0,7.387289773147441,-0.9005214765531084,800,100,"[50, 50, 100]","I(M1,M2;T)"
184,0.0,7.174445792448113,-1.1070655094551807,800,100,"[50, 50, 100]","I(M1,M2;T)"
185,0.0,7.15377347386428,-1.133886093556562,800,100,"[50, 50, 100]","I(M1,M2;T)"
186,0.0,7.181286064711388,-1.1044380814663928,800,100,"[50, 50, 100]","I(M1,M2;T)"
187,0.0,7.333556515008109,-0.945137454285188,800,100,"[50, 50, 100]","I(M1,M2;T)"
188,0.0,7.140489292285282,-1.1504885665520463,800,100,"[50, 50, 100]","I(M1,M2;T)"
189,0.0,7.170242396259061,-1.1246194368479845,800,100,"[50, 50, 100]","I(M1,M2;T)"
190,0.0,7.322038260816046,-0.9627130112343893,800,100,"[50, 50, 100]","I(M1,M2;T)"
191,0.0,7.106912301992999,-1.1770363574763536,800,100,"[50, 50, 100]","I(M1,M2;T)"
192,0.0,7.268609273064371,-1.013897809738955,800,100,"[50, 50, 100]","I(M1,M2;T)"
193,0.0,7.088762723627378,-1.1887739192955404,800,100,"[50, 50, 100]","I(M1,M2;T)"
194,0.0,7.26518167754886,-1.0141639145430528,800,100,"[50, 50, 100]","I(M1,M2;T)"
195,0.0,7.22650093328213,-1.0695465392483943,800,100,"[50, 50, 100]","I(M1,M2;T)"
196,0.0,7.066957965627305,-1.216034554173202,800,100,"[50, 50, 100]","I(M1,M2;T)"
197,0.0,7.140897332570178,-1.1526446245945543,800,100,"[50, 50, 100]","I(M1,M2;T)"
198,0.0,7.289422592217431,-0.9996013238392631,800,100,"[50, 50, 100]","I(M1,M2;T)"
199,0.0,7.267516634307746,-1.026198054836371,800,100,"[50, 50, 100]","I(M1,M2;T)"
200,0.0,7.2976196216336655,-0.985565033621902,800,100,"[50, 50, 100]","I(M1,M2;T)"
201,0.0,7.237109474518043,-1.0560586499099074,800,100,"[50, 50, 100]","I(M1,M2;T)"
202,0.0,7.257541927884901,-1.0240048031978546,800,100,"[50, 50, 100]","I(M1,M2;T)"
203,0.0,7.154732550430818,-1.1276185412995456,800,100,"[50, 50, 100]","I(M1,M2;T)"
204,0.0,7.275074823195573,-1.011166762724529,800,100,"[50, 50, 100]","I(M1,M2;T)"
205,0.0,6.990629686356379,-1.2861538760788411,800,100,"[50, 50, 100]","I(M1,M2;T)"
206,0.0,7.0454652975538465,-1.2294594850879008,800,100,"[50, 50, 100]","I(M1,M2;T)"
207,0.0,7.114906481487018,-1.1645155062003392,800,100,"[50, 50, 100]","I(M1,M2;T)"
208,0.0,7.252614688006943,-1.0353704309909322,800,100,"[50, 50, 100]","I(M1,M2;T)"
209,0.0,7.238363897423213,-1.0510449584916657,800,100,"[50, 50, 100]","I(M1,M2;T)"
210,0.0,7.408106902787468,-0.8851140638856148,800,100,"[50, 50, 100]","I(M1,M2;T)"
211,0.0,7.093148231992948,-1.202772476228474,800,100,"[50, 50, 100]","I(M1,M2;T)"
212,0.0,7.0568955398106805,-1.2364417091599655,800,100,"[50, 50, 100]","I(M1,M2;T)"
213,0.0,7.102000707680478,-1.177332131347768,800,100,"[50, 50, 100]","I(M1,M2;T)"
214,0.0,7.194885196816046,-1.0850159737559713,800,100,"[50, 50, 100]","I(M1,M2;T)"
215,0.0,7.330375057954741,-0.952705889322691,800,100,"[50, 50, 100]","I(M1,M2;T)"
216,0.0,7.128304108947177,-1.1581597824696495,800,100,"[50, 50, 100]","I(M1,M2;T)"
217,0.0,7.141001348210101,-1.1500584731426189,800,100,"[50, 50, 100]","I(M1,M2;T)"
218,0.0,7.130994654661771,-1.1591957211386763,800,100,"[50, 50, 100]","I(M1,M2;T)"
219,0.0,7.224412009693118,-1.057725559583698,800,100,"[50, 50, 100]","I(M1,M2;T)"
220,0.0,7.030158797393888,-1.2626031516645089,800,100,"[50, 50, 100]","I(M1,M2;T)"
221,0.0,7.302849562392559,-0.9844347274263043,800,100,"[50, 50, 100]","I(M1,M2;T)"
222,0.0,7.180592560672148,-1.1100985391335154,800,100,"[50, 50, 100]","I(M1,M2;T)"
223,0.0,7.2854911709601895,-1.0027643806458988,800,100,"[50, 50, 100]","I(M1,M2;T)"
224,0.0,7.215730546858793,-1.068774857157421,800,100,"[50, 50, 100]","I(M1,M2;T)"
225,0.0,7.209022920081387,-1.0790618792934739,800,100,"[50, 50, 100]","I(M1,M2;T)"
226,0.0,7.094470870039479,-1.1955412218019932,800,100,"[50, 50, 100]","I(M1,M2;T)"
227,0.0,7.1163778119921,-1.1582585047703233,800,100,"[50, 50, 100]","I(M1,M2;T)"
228,0.0,7.217836539323313,-1.0698027850196095,800,100,"[50, 50, 100]","I(M1,M2;T)"
229,0.0,7.242859981216028,-1.0505040748852652,800,100,"[50, 50, 100]","I(M1,M2;T)"
230,0.0,7.2827399144665455,-1.0083925694857507,800,100,"[50, 50, 100]","I(M1,M2;T)"
231,0.0,7.094144340448441,-1.195611969823858,800,100,"[50, 50, 100]","I(M1,M2;T)"
232,0.0,7.364451442092002,-0.911723881180257,800,100,"[50, 50, 100]","I(M1,M2;T)"
233,0.0,7.42283956629247,-0.8618380593756321,800,100,"[50, 50, 100]","I(M1,M2;T)"
234,0.0,7.155119869473628,-1.124479046662243,800,100,"[50, 50, 100]","I(M1,M2;T)"
235,0.0,7.18796888340187,-1.0924638107544231,800,100,"[50, 50, 100]","I(M1,M2;T)"
236,0.0,6.986117905231865,-1.3030965094737184,800,100,"[50, 50, 100]","I(M1,M2;T)"
237,0.0,6.977270025708689,-1.3106302415337776,800,100,"[50, 50, 100]","I(M1,M2;T)"
238,0.0,7.004659188417618,-1.289430456275884,800,100,"[50, 50, 100]","I(M1,M2;T)"
239,0.0,7.2307305966249835,-1.0514559979113525,800,100,"[50, 50, 100]","I(M1,M2;T)"
240,0.0,7.010643128682879,-1.2760590094578887,800,100,"[50, 50, 100]","I(M1,M2;T)"
241,0.0,7.02908240158175,-1.2554961749350326,800,100,"[50, 50, 100]","I(M1,M2;T)"
242,0.0,7.221108451111991,-1.0655639973529922,800,100,"[50, 50, 100]","I(M1,M2;T)"
243,0.0,7.340847160854439,-0.9509788707300277,800,100,"[50, 50, 100]","I(M1,M2;T)"
244,0.0,7.0565962793337285,-1.2315179544839783,800,100,"[50, 50, 100]","I(M1,M2;T)"
245,0.0,7.216753123623168,-1.0630891254763357,800,100,"[50, 50, 100]","I(M1,M2;T)"
246,0.0,6.970901132763393,-1.3058142162664002,800,100,"[50, 50, 100]","I(M1,M2;T)"
247,0.0,7.242528056262485,-1.0364421230410956,800,100,"[50, 50, 100]","I(M1,M2;T)"
248,0.0,7.1931898824313185,-1.105547995744435,800,100,"[50, 50, 100]","I(M1,M2;T)"
249,0.0,7.153738778347354,-1.1396766626922163,800,100,"[50, 50, 100]","I(M1,M2;T)"
250,0.0,7.324045012680827,-0.9697932386783243,800,100,"[50, 50, 100]","I(M1,M2;T)"
251,0.0,7.03616737279051,-1.2442265676413573,800,100,"[50, 50, 100]","I(M1,M2;T)"
252,0.0,7.110772524183146,-1.1753081173766642,800,100,"[50, 50, 100]","I(M1,M2;T)"
253,0.0,7.1031772294808855,-1.183395756351131,800,100,"[50, 50, 100]","I(M1,M2;T)"
254,0.0,7.075644149952916,-1.2078818889265488,800,100,"[50, 50, 100]","I(M1,M2;T)"
255,0.0,7.30183280628631,-0.9810562755610377,800,100,"[50, 50, 100]","I(M1,M2;T)"
256,0.0,7.06193851071037,-1.2311809381893077,800,100,"[50, 50, 100]","I(M1,M2;T)"
257,0.0,7.255959582413901,-1.0341992392360524,800,100,"[50, 50, 100]","I(M1,M2;T)"
258,0.0,7.199550714612579,-1.0902102469265866,800,100,"[50, 50, 100]","I(M1,M2;T)"
259,0.0,7.2961595125542225,-0.9844763306992874,800,100,"[50, 50, 100]","I(M1,M2;T)"
260,0.0,7.18195087851333,-1.1014095640825463,800,100,"[50, 50, 100]","I(M1,M2;T)"
261,0.0,7.113469647154961,-1.1819051044731541,800,100,"[50, 50, 100]","I(M1,M2;T)"
262,0.0,7.172636079729854,-1.1038954876762066,800,100,"[50, 50, 100]","I(M1,M2;T)"
263,0.0,7.281048217155269,-1.007678288753925,800,100,"[50, 50, 100]","I(M1,M2;T)"
264,0.0,7.253373909830678,-1.0365925103175595,800,100,"[50, 50, 100]","I(M1,M2;T)"
265,0.0,7.146122009574379,-1.1402699525580235,800,100,"[50, 50, 100]","I(M1,M2;T)"
266,0.0,7.177229628663773,-1.1151121797245205,800,100,"[50, 50, 100]","I(M1,M2;T)"
267,0.0,7.392182852546847,-0.8865704123786511,800,100,"[50, 50, 100]","I(M1,M2;T)"
268,0.0,7.219216149741662,-1.058701524168466,800,100,"[50, 50, 100]","I(M1,M2;T)"
269,0.0,7.243281693138943,-1.0442265768932764,800,100,"[50, 50, 100]","I(M1,M2;T)"
270,0.0,7.067632945471887,-1.211594809879509,800,100,"[50, 50, 100]","I(M1,M2;T)"
271,0.0,7.06343404489648,-1.224849613717348,800,100,"[50, 50, 100]","I(M1,M2;T)"
272,0.0,7.3263685409108525,-0.9754861041743492,800,100,"[50, 50, 100]","I(M1,M2;T)"
273,0.0,7.21210361891521,-1.0629443186984968,800,100,"[50, 50, 100]","I(M1,M2;T)"
274,0.0,7.23631734172821,-1.0477673152556939,800,100,"[50, 50, 100]","I(M1,M2;T)"
275,0.0,7.292888364602368,-0.9822055070865732,800,100,"[50, 50, 100]","I(M1,M2;T)"
276,0.0,7.252046127321955,-1.0381016602257942,800,100,"[50, 50, 100]","I(M1,M2;T)"
277,0.0,7.3168841396155635,-0.9750493460190022,800,100,"[50, 50, 100]","I(M1,M2;T)"
278,0.0,7.186923503146856,-1.1038439888443605,800,100,"[50, 50, 100]","I(M1,M2;T)"
279,0.0,7.219338246445329,-1.064052315529974,800,100,"[50, 50, 100]","I(M1,M2;T)"
280,0.0,7.240580022455109,-1.0436927774275766,800,100,"[50, 50, 100]","I(M1,M2;T)"
281,0.0,7.221547490819676,-1.079826891926027,800,100,"[50, 50, 100]","I(M1,M2;T)"
282,0.0,7.1783249060877985,-1.1122979005926847,800,100,"[50, 50, 100]","I(M1,M2;T)"
283,0.0,6.982983234985931,-1.3021105431497242,800,100,"[50, 50, 100]","I(M1,M2;T)"
284,0.0,7.249334927775913,-1.0389507656886172,800,100,"[50, 50, 100]","I(M1,M2;T)"
285,0.0,7.159338649067513,-1.1288786391407424,800,100,"[50, 50, 100]","I(M1,M2;T)"
286,0.0,7.109032271748436,-1.1727997403372132,800,100,"[50, 50, 100]","I(M1,M2;T)"
287,0.0,7.311459270116437,-0.9879988671010906,800,100,"[50, 50, 100]","I(M1,M2;T)"
288,0.0,7.2443549118717545,-1.0352364098894835,800,100,"[50, 50, 100]","I(M1,M2;T)"
289,0.0,7.178282395191059,-1.1113663303333512,800,100,"[50, 50, 100]","I(M1,M2;T)"
290,0.0,7.193050358521324,-1.0903006816363625,800,100,"[50, 50, 100]","I(M1,M2;T)"
291,0.0,7.211680706360972,-1.0894312482080055,800,100,"[50, 50, 100]","I(M1,M2;T)"
292,0.0,7.133064855282733,-1.1526255254226339,800,100,"[50, 50, 100]","I(M1,M2;T)"
293,0.0,7.379661304454321,-0.9046443604577226,800,100,"[50, 50, 100]","I(M1,M2;T)"
294,0.0,7.266121096457668,-1.0217741092368273,800,100,"[50, 50, 100]","I(M1,M2;T)"
295,0.0,7.18663171629482,-1.0975073439528318,800,100,"[50, 50, 100]","I(M1,M2;T)"
296,0.0,7.21451949410406,-1.0661632434192363,800,100,"[50, 50, 100]","I(M1,M2;T)"
297,0.0,7.299397740173835,-0.9842207141707879,800,100,"[50, 50, 100]","I(M1,M2;T)"
298,0.0,7.22095093789199,-1.0687577189738828,800,100,"[50, 50, 100]","I(M1,M2;T)"
299,0.0,7.111199780040543,-1.1652203385485613,800,100,"[50, 50, 100]","I(M1,M2;T)"
300,0.0,7.171988434309,-1.1257327003544333,800,100,"[50, 50, 100]","I(M1,M2;T)"
301,0.0,7.10013579673366,-1.189336873846095,800,100,"[50, 50, 100]","I(M1,M2;T)"
302,0.0,7.202515478575618,-1.0825705800179524,800,100,"[50, 50, 100]","I(M1,M2;T)"
303,0.0,7.251935328695106,-1.026745489760371,800,100,"[50, 50, 100]","I(M1,M2;T)"
304,0.0,7.16110936705055,-1.1282178011804067,800,100,"[50, 50, 100]","I(M1,M2;T)"
305,0.0,7.028016761856731,-1.2616491232880316,800,100,"[50, 50, 100]","I(M1,M2;T)"
306,0.0,7.325559850425897,-0.9525763693148512,800,100,"[50, 50, 100]","I(M1,M2;T)"
307,0.0,7.347416042607469,-0.9434080610286095,800,100,"[50, 50, 100]","I(M1,M2;T)"
308,0.0,7.301096434432958,-0.9764032288827682,800,100,"[50, 50, 100]","I(M1,M2;T)"
309,0.0,7.088471060426912,-1.2009041358200783,800,100,"[50, 50, 100]","I(M1,M2;T)"
310,0.0,7.127551617666587,-1.1609146754150927,800,100,"[50, 50, 100]","I(M1,M2;T)"
311,0.0,7.198720710641291,-1.0886962146475962,800,100,"[50, 50, 100]","I(M1,M2;T)"
312,0.0,7.25746507048199,-1.0295151037401045,800,100,"[50, 50, 100]","I(M1,M2;T)"
313,0.0,6.904547609049556,-1.3757631257252916,800,100,"[50, 50, 100]","I(M1,M2;T)"
314,0.0,7.116321008937433,-1.1571561040244482,800,100,"[50, 50, 100]","I(M1,M2;T)"
315,0.0,7.166414302207025,-1.117657076644063,800,100,"[50, 50, 100]","I(M1,M2;T)"
316,0.0,7.160565958587745,-1.1262553146335206,800,100,"[50, 50, 100]","I(M1,M2;T)"
317,0.0,7.067651937686963,-1.2130009884555006,800,100,"[50, 50, 100]","I(M1,M2;T)"
318,0.0,7.309766696385432,-0.9814987419662904,800,100,"[50, 50, 100]","I(M1,M2;T)"
319,0.0,7.04648712996607,-1.2471972729737368,800,100,"[50, 50, 100]","I(M1,M2;T)"
320,0.0,7.280787346713243,-1.012813997197659,800,100,"[50, 50, 100]","I(M1,M2;T)"
321,0.0,7.1171616884403335,-1.1700710133775711,800,100,"[50, 50, 100]","I(M1,M2;T)"
322,0.0,7.048177384602956,-1.2400381620690153,800,100,"[50, 50, 100]","I(M1,M2;T)"
323,0.0,7.099156978864503,-1.1851146323837014,800,100,"[50, 50, 100]","I(M1,M2;T)"
324,0.0,7.082215541913811,-1.2055377302832344,800,100,"[50, 50, 100]","I(M1,M2;T)"
325,0.0,7.22283372520907,-1.0631536757659683,800,100,"[50, 50, 100]","I(M1,M2;T)"
326,0.0,7.118686062710708,-1.1602789916024925,800,100,"[50, 50, 100]","I(M1,M2;T)"
327,0.0,7.083411844023281,-1.2031172057098445,800,100,"[50, 50, 100]","I(M1,M2;T)"
328,0.0,7.220579553143158,-1.0564517276575769,800,100,"[50, 50, 100]","I(M1,M2;T)"
329,0.0,7.12431720783544,-1.1692769927579763,800,100,"[50, 50, 100]","I(M1,M2;T)"
330,0.0,7.100618568477927,-1.197282691084915,800,100,"[50, 50, 100]","I(M1,M2;T)"
331,0.0,7.168621048692275,-1.114998409122343,800,100,"[50, 50, 100]","I(M1,M2;T)"
332,0.0,6.994814855929855,-1.2899718583825273,800,100,"[50, 50, 100]","I(M1,M2;T)"
333,0.0,7.262468418336475,-1.009874132372957,800,100,"[50, 50, 100]","I(M1,M2;T)"
334,0.0,7.312299858508949,-0.9633041284960147,800,100,"[50, 50, 100]","I(M1,M2;T)"
335,0.0,7.151856551959545,-1.1267534583230656,800,100,"[50, 50, 100]","I(M1,M2;T)"
336,0.0,7.484707660489338,-0.8010549338356157,800,100,"[50, 50, 100]","I(M1,M2;T)"
337,0.0,7.385238823129654,-0.9025331911528269,800,100,"[50, 50, 100]","I(M1,M2;T)"
338,0.0,7.060902265826325,-1.2300756160662605,800,100,"[50, 50, 100]","I(M1,M2;T)"
339,0.0,7.139288641816782,-1.1385955374733658,800,100,"[50, 50, 100]","I(M1,M2;T)"
340,0.0,7.138963363838774,-1.1438157485538332,800,100,"[50, 50, 100]","I(M1,M2;T)"
341,0.0,7.170236932014915,-1.1149469325450605,800,100,"[50, 50, 100]","I(M1,M2;T)"
342,0.0,7.189480837328353,-1.0972304362672078,800,100,"[50, 50, 100]","I(M1,M2;T)"
343,0.0,6.950586615025589,-1.3265632795192772,800,100,"[50, 50, 100]","I(M1,M2;T)"
344,0.0,7.15299203109294,-1.1294370197977228,800,100,"[50, 50, 100]","I(M1,M2;T)"
345,0.0,7.032897394601298,-1.2517745344617435,800,100,"[50, 50, 100]","I(M1,M2;T)"
346,0.0,7.160569899973558,-1.1297108355008572,800,100,"[50, 50, 100]","I(M1,M2;T)"
347,0.0,7.02632182166947,-1.2608298365370523,800,100,"[50, 50, 100]","I(M1,M2;T)"
348,0.0,7.160458649922302,-1.1181118936949153,800,100,"[50, 50, 100]","I(M1,M2;T)"
349,0.0,7.278981874843746,-1.0162778330540032,800,100,"[50, 50, 100]","I(M1,M2;T)"
350,0.0,7.350317743035444,-0.9255371832725627,800,100,"[50, 50, 100]","I(M1,M2;T)"
351,0.0,7.2626138526577835,-1.023849663589517,800,100,"[50, 50, 100]","I(M1,M2;T)"
352,0.0,7.317217239232077,-0.9750026306641626,800,100,"[50, 50, 100]","I(M1,M2;T)"
353,0.0,7.3043500033207795,-0.9816231312806352,800,100,"[50, 50, 100]","I(M1,M2;T)"
354,0.0,7.335426474228021,-0.9450501255212425,800,100,"[50, 50, 100]","I(M1,M2;T)"
355,0.0,7.20189199418253,-1.0901118609341953,800,100,"[50, 50, 100]","I(M1,M2;T)"
356,0.0,7.056786341828968,-1.229186211771875,800,100,"[50, 50, 100]","I(M1,M2;T)"
357,0.0,7.281524796609439,-1.0151578799105803,800,100,"[50, 50, 100]","I(M1,M2;T)"
358,0.0,7.108375767162112,-1.1715029787765232,800,100,"[50, 50, 100]","I(M1,M2;T)"
359,0.0,7.04878914957822,-1.2294567596975758,800,100,"[50, 50, 100]","I(M1,M2;T)"
360,0.0,7.2283404207577675,-1.0504164372587503,800,100,"[50, 50, 100]","I(M1,M2;T)"
361,0.0,7.2731050744599965,-1.0144300049723451,800,100,"[50, 50, 100]","I(M1,M2;T)"
362,0.0,7.23827661621141,-1.0450900404589856,800,100,"[50, 50, 100]","I(M1,M2;T)"
363,0.0,7.054218542720772,-1.2207082794703012,800,100,"[50, 50, 100]","I(M1,M2;T)"
364,0.0,7.105177797827425,-1.189147678730654,800,100,"[50, 50, 100]","I(M1,M2;T)"
365,0.0,7.337167485279456,-0.9517957317705052,800,100,"[50, 50, 100]","I(M1,M2;T)"
366,0.0,7.109735406999285,-1.178654406876161,800,100,"[50, 50, 100]","I(M1,M2;T)"
367,0.0,7.122899527211253,-1.1688944769846117,800,100,"[50, 50, 100]","I(M1,M2;T)"
368,0.0,7.357346320593253,-0.9241269645015517,800,100,"[50, 50, 100]","I(M1,M2;T)"
369,0.0,7.290310450820096,-0.9935862185005409,800,100,"[50, 50, 100]","I(M1,M2;T)"
370,0.0,7.184960022832558,-1.0977632644210749,800,100,"[50, 50, 100]","I(M1,M2;T)"
371,0.0,7.129034267706984,-1.1658558679268554,800,100,"[50, 50, 100]","I(M1,M2;T)"
372,0.0,7.0669673663745876,-1.2179223626047175,800,100,"[50, 50, 100]","I(M1,M2;T)"
373,0.0,7.23183639057412,-1.0546512811142854,800,100,"[50, 50, 100]","I(M1,M2;T)"
374,0.0,7.2049230031031914,-1.0763516869648448,800,100,"[50, 50, 100]","I(M1,M2;T)"
375,0.0,7.223454353962801,-1.0556426643076708,800,100,"[50, 50, 100]","I(M1,M2;T)"
376,0.0,6.902255769975249,-1.3976828251278013,800,100,"[50, 50, 100]","I(M1,M2;T)"
377,0.0,7.443516351300238,-0.8511979056564947,800,100,"[50, 50, 100]","I(M1,M2;T)"
378,0.0,7.338906624568352,-0.9450094941532576,800,100,"[50, 50, 100]","I(M1,M2;T)"
379,0.0,7.330111858330647,-0.9534150594943069,800,100,"[50, 50, 100]","I(M1,M2;T)"
380,0.0,7.137857266732723,-1.1532665250916594,800,100,"[50, 50, 100]","I(M1,M2;T)"
381,0.0,7.187641232808164,-1.099498765766886,800,100,"[50, 50, 100]","I(M1,M2;T)"
382,0.0,7.244976021125803,-1.0380580697532693,800,100,"[50, 50, 100]","I(M1,M2;T)"
383,0.0,7.342482796237961,-0.9438333612283465,800,100,"[50, 50, 100]","I(M1,M2;T)"
384,0.0,7.155356073072883,-1.1304346362966493,800,100,"[50, 50, 100]","I(M1,M2;T)"
385,0.0,7.039847935990411,-1.2432095067921702,800,100,"[50, 50, 100]","I(M1,M2;T)"
386,0.0,7.1691913681719015,-1.1099297786615097,800,100,"[50, 50, 100]","I(M1,M2;T)"
387,0.0,7.199381192824099,-1.0988627681840555,800,100,"[50, 50, 100]","I(M1,M2;T)"
388,0.0,7.253925957679652,-1.025816934503414,800,100,"[50, 50, 100]","I(M1,M2;T)"
389,0.0,7.340462072247689,-0.9524242479396818,800,100,"[50, 50, 100]","I(M1,M2;T)"
390,0.0,7.245380728573476,-1.0357044207806823,800,100,"[50, 50, 100]","I(M1,M2;T)"
391,0.0,7.1155586528795025,-1.175512175504232,800,100,"[50, 50, 100]","I(M1,M2;T)"
392,0.0,7.111139468029606,-1.1705583299041038,800,100,"[50, 50, 100]","I(M1,M2;T)"
393,0.0,7.189488274830386,-1.0909252220048797,800,100,"[50, 50, 100]","I(M1,M2;T)"
394,0.0,7.020615814858842,-1.2597182351190197,800,100,"[50, 50, 100]","I(M1,M2;T)"
395,0.0,7.291894366196669,-0.9886392007663254,800,100,"[50, 50, 100]","I(M1,M2;T)"
396,0.0,7.077766863817384,-1.2067817032348174,800,100,"[50, 50, 100]","I(M1,M2;T)"
397,0.0,7.365730118167233,-0.9087680685864346,800,100,"[50, 50, 100]","I(M1,M2;T)"
398,0.0,6.967165557020858,-1.3099092710065223,800,100,"[50, 50, 100]","I(M1,M2;T)"
399,0.0,7.143374071614072,-1.1392611037048583,800,100,"[50, 50, 100]","I(M1,M2;T)"
400,0.0,7.2519553266275665,-1.0390640395315422,800,100,"[50, 50, 100]","I(M1,M2;T)"
401,0.0,7.136941890425834,-1.137750856609359,800,100,"[50, 50, 100]","I(M1,M2;T)"
402,0.0,7.292842312876715,-0.9901871193962428,800,100,"[50, 50, 100]","I(M1,M2;T)"
403,0.0,7.171090762128778,-1.1162813181484372,800,100,"[50, 50, 100]","I(M1,M2;T)"
404,0.0,7.265451506016003,-1.0178473288583518,800,100,"[50, 50, 100]","I(M1,M2;T)"
405,0.0,7.296047875525232,-0.9919329103368186,800,100,"[50, 50, 100]","I(M1,M2;T)"
406,0.0,7.194819185673412,-1.0945824168097236,800,100,"[50, 50, 100]","I(M1,M2;T)"
407,0.0,7.070819112614889,-1.2126238269514191,800,100,"[50, 50, 100]","I(M1,M2;T)"
408,0.0,7.0874021308981945,-1.2003334649073416,800,100,"[50, 50, 100]","I(M1,M2;T)"
409,0.0,7.081935419210716,-1.2049341266629625,800,100,"[50, 50, 100]","I(M1,M2;T)"
410,0.0,7.209150771700271,-1.0699313678470137,800,100,"[50, 50, 100]","I(M1,M2;T)"
411,0.0,7.279114182269129,-1.007542600047067,800,100,"[50, 50, 100]","I(M1,M2;T)"
412,0.0,7.146175258780016,-1.141856512697693,800,100,"[50, 50, 100]","I(M1,M2;T)"
413,0.0,7.245903940365228,-1.04879420197439,800,100,"[50, 50, 100]","I(M1,M2;T)"
414,0.0,7.232003189147006,-1.0461994477343257,800,100,"[50, 50, 100]","I(M1,M2;T)"
415,0.0,7.1969334860275485,-1.0972867913325626,800,100,"[50, 50, 100]","I(M1,M2;T)"
416,0.0,6.990134082647208,-1.2933805951226507,800,100,"[50, 50, 100]","I(M1,M2;T)"
417,0.0,7.048842636594521,-1.2380453811998118,800,100,"[50, 50, 100]","I(M1,M2;T)"
418,0.0,7.074744325535948,-1.2022619075977152,800,100,"[50, 50, 100]","I(M1,M2;T)"
419,0.0,7.028151860287233,-1.2507092309639205,800,100,"[50, 50, 100]","I(M1,M2;T)"
420,0.0,7.1766265858972105,-1.1173395699928914,800,100,"[50, 50, 100]","I(M1,M2;T)"
421,0.0,7.39598133388491,-0.8770871912275258,800,100,"[50, 50, 100]","I(M1,M2;T)"
422,0.0,6.948636658184493,-1.3360414504241165,800,100,"[50, 50, 100]","I(M1,M2;T)"
423,0.0,7.168821748319438,-1.1226356548054888,800,100,"[50, 50, 100]","I(M1,M2;T)"
424,0.0,7.209744518191941,-1.0724545542863444,800,100,"[50, 50, 100]","I(M1,M2;T)"
425,0.0,6.968948193188722,-1.3151353359937081,800,100,"[50, 50, 100]","I(M1,M2;T)"
426,0.0,7.186986090784947,-1.102342284246939,800,100,"[50, 50, 100]","I(M1,M2;T)"
427,0.0,7.094573788373019,-1.1883838473620756,800,100,"[50, 50, 100]","I(M1,M2;T)"
428,0.0,7.13912770065333,-1.1519838697238063,800,100,"[50, 50, 100]","I(M1,M2;T)"
429,0.0,7.176437834363245,-1.1002615459721525,800,100,"[50, 50, 100]","I(M1,M2;T)"
430,0.0,7.257484060407954,-1.0368870430471269,800,100,"[50, 50, 100]","I(M1,M2;T)"
431,0.0,7.29053707869979,-0.9922999952397387,800,100,"[50, 50, 100]","I(M1,M2;T)"
432,0.0,7.186891658617382,-1.0906398372392232,800,100,"[50, 50, 100]","I(M1,M2;T)"
433,0.0,7.292100784805667,-0.9880941840219517,800,100,"[50, 50, 100]","I(M1,M2;T)"
434,0.0,7.213717756998369,-1.0843128797897226,800,100,"[50, 50, 100]","I(M1,M2;T)"
435,0.0,7.243179106038198,-1.0590422727920341,800,100,"[50, 50, 100]","I(M1,M2;T)"
436,0.0,7.119207045554885,-1.1649042985244362,800,100,"[50, 50, 100]","I(M1,M2;T)"
437,0.0,7.235425229831,-1.0422786255023446,800,100,"[50, 50, 100]","I(M1,M2;T)"
438,0.0,7.101406429207262,-1.1736509292183017,800,100,"[50, 50, 100]","I(M1,M2;T)"
439,0.0,7.230594410079494,-1.0556655606433605,800,100,"[50, 50, 100]","I(M1,M2;T)"
440,0.0,7.062665297198517,-1.2177787535475932,800,100,"[50, 50, 100]","I(M1,M2;T)"
441,0.0,7.255726229174773,-1.0332921187513016,800,100,"[50, 50, 100]","I(M1,M2;T)"
442,0.0,7.156866056179362,-1.1205464457264585,800,100,"[50, 50, 100]","I(M1,M2;T)"
443,0.0,7.123055866059735,-1.1466240084099848,800,100,"[50, 50, 100]","I(M1,M2;T)"
444,0.0,7.3993441561700095,-0.8893844178627521,800,100,"[50, 50, 100]","I(M1,M2;T)"
445,0.0,7.403596885715339,-0.885061795262561,800,100,"[50, 50, 100]","I(M1,M2;T)"
446,0.0,7.132855469801338,-1.1557403828236517,800,100,"[50, 50, 100]","I(M1,M2;T)"
447,0.0,7.236404534315875,-1.0393969657758095,800,100,"[50, 50, 100]","I(M1,M2;T)"
448,0.0,7.212544510277522,-1.0716894391924336,800,100,"[50, 50, 100]","I(M1,M2;T)"
449,0.0,7.246845828079854,-1.0420797405042688,800,100,"[50, 50, 100]","I(M1,M2;T)"
450,0.0,7.214633712610505,-1.066445245148861,800,100,"[50, 50, 100]","I(M1,M2;T)"
451,0.0,7.236656048083156,-1.045501472772453,800,100,"[50, 50, 100]","I(M1,M2;T)"
452,0.0,6.995994768202516,-1.2871066417682115,800,100,"[50, 50, 100]","I(M1,M2;T)"
453,0.0,7.242225513786138,-1.0499222228454101,800,100,"[50, 50, 100]","I(M1,M2;T)"
454,0.0,7.12535761122094,-1.160903876698649,800,100,"[50, 50, 100]","I(M1,M2;T)"
455,0.0,7.14035573528267,-1.1447563631665911,800,100,"[50, 50, 100]","I(M1,M2;T)"
456,0.0,7.315298115925651,-0.9755500203458132,800,100,"[50, 50, 100]","I(M1,M2;T)"
457,0.0,7.222646001634354,-1.0490850409018844,800,100,"[50, 50, 100]","I(M1,M2;T)"
458,0.0,7.220087463675127,-1.0528975821701367,800,100,"[50, 50, 100]","I(M1,M2;T)"
459,0.0,7.247459865034595,-1.0307071183504357,800,100,"[50, 50, 100]","I(M1,M2;T)"
460,0.0,7.165313451442014,-1.1227421676031053,800,100,"[50, 50, 100]","I(M1,M2;T)"
461,0.0,7.041920191310064,-1.2548153406745346,800,100,"[50, 50, 100]","I(M1,M2;T)"
462,0.0,7.035998838826697,-1.256077436932883,800,100,"[50, 50, 100]","I(M1,M2;T)"
463,0.0,7.117959026437155,-1.1708270511016723,800,100,"[50, 50, 100]","I(M1,M2;T)"
464,0.0,7.18968180124685,-1.0977197598973927,800,100,"[50, 50, 100]","I(M1,M2;T)"
465,0.0,7.06236185498804,-1.2113664046748491,800,100,"[50, 50, 100]","I(M1,M2;T)"
466,0.0,7.0628182840693245,-1.2259807008702612,800,100,"[50, 50, 100]","I(M1,M2;T)"
467,0.0,7.091563012878852,-1.1996427191174481,800,100,"[50, 50, 100]","I(M1,M2;T)"
468,0.0,7.25186002583769,-1.0181090051542636,800,100,"[50, 50, 100]","I(M1,M2;T)"
469,0.0,7.225406037052958,-1.06140236210641,800,100,"[50, 50, 100]","I(M1,M2;T)"
470,0.0,7.240358117381019,-1.0454240682609157,800,100,"[50, 50, 100]","I(M1,M2;T)"
471,0.0,7.152719228616528,-1.122483696905297,800,100,"[50, 50, 100]","I(M1,M2;T)"
472,0.0,7.218260452359887,-1.071078061452015,800,100,"[50, 50, 100]","I(M1,M2;T)"
473,0.0,6.9869624121505245,-1.301358937069847,800,100,"[50, 50, 100]","I(M1,M2;T)"
474,0.0,7.293332356556825,-0.9909796119732404,800,100,"[50, 50, 100]","I(M1,M2;T)"
475,0.0,7.151687242156504,-1.1331524201466383,800,100,"[50, 50, 100]","I(M1,M2;T)"
476,0.0,7.043129733622669,-1.2332168886810084,800,100,"[50, 50, 100]","I(M1,M2;T)"
477,0.0,7.2849503926023536,-1.0058650379962293,800,100,"[50, 50, 100]","I(M1,M2;T)"
478,0.0,7.264299206224138,-1.015031122853161,800,100,"[50, 50, 100]","I(M1,M2;T)"
479,0.0,7.339810339133519,-0.9488077299604623,800,100,"[50, 50, 100]","I(M1,M2;T)"
480,0.0,7.255675862674927,-1.016256691127614,800,100,"[50, 50, 100]","I(M1,M2;T)"
481,0.0,7.145743994580563,-1.140954271301018,800,100,"[50, 50, 100]","I(M1,M2;T)"
482,0.0,7.1741683399413,-1.1116667134507559,800,100,"[50, 50, 100]","I(M1,M2;T)"
483,0.0,7.226168913326962,-1.054826008106982,800,100,"[50, 50, 100]","I(M1,M2;T)"
484,0.0,7.1299094070788005,-1.1579240420725139,800,100,"[50, 50, 100]","I(M1,M2;T)"
485,0.0,7.025461018194086,-1.261625574000906,800,100,"[50, 50, 100]","I(M1,M2;T)"
486,0.0,7.070287291281368,-1.2177037365466026,800,100,"[50, 50, 100]","I(M1,M2;T)"
487,0.0,7.2913478631452024,-0.9860164491583694,800,100,"[50, 50, 100]","I(M1,M2;T)"
488,0.0,7.3464114906332405,-0.945750533017911,800,100,"[50, 50, 100]","I(M1,M2;T)"
489,0.0,7.115241576511588,-1.1765385834160202,800,100,"[50, 50, 100]","I(M1,M2;T)"
490,0.0,7.282946074511936,-1.005386999739545,800,100,"[50, 50, 100]","I(M1,M2;T)"
491,0.0,7.13661494733538,-1.141166681022968,800,100,"[50, 50, 100]","I(M1,M2;T)"
492,0.0,7.257024107200101,-1.0283996291778497,800,100,"[50, 50, 100]","I(M1,M2;T)"
493,0.0,7.208787668198939,-1.0782052011406904,800,100,"[50, 50, 100]","I(M1,M2;T)"
494,0.0,7.123133701645549,-1.1630913341026963,800,100,"[50, 50, 100]","I(M1,M2;T)"
495,0.0,7.231655609258777,-1.0568200805725034,800,100,"[50, 50, 100]","I(M1,M2;T)"
496,0.0,7.1157825252331195,-1.1801190453988974,800,100,"[50, 50, 100]","I(M1,M2;T)"
497,0.0,7.2111301658494025,-1.076272296762637,800,100,"[50, 50, 100]","I(M1,M2;T)"
498,0.0,7.284282089008354,-1.000482402295571,800,100,"[50, 50, 100]","I(M1,M2;T)"
499,0.0,7.348659501004481,-0.9307827139553693,800,100,"[50, 50, 100]","I(M1,M2;T)"
500,0.0,7.247953384330118,-1.0295594125887577,800,100,"[50, 50, 100]","I(M1,M2;T)"
501,0.0,7.008670726560904,-1.2739178291990676,800,100,"[50, 50, 100]","I(M1,M2;T)"
502,0.0,7.115935335530752,-1.1769305926534326,800,100,"[50, 50, 100]","I(M1,M2;T)"
503,0.0,7.051960141070053,-1.2328085192769809,800,100,"[50, 50, 100]","I(M1,M2;T)"
504,0.0,7.117884049044749,-1.1688632083969868,800,100,"[50, 50, 100]","I(M1,M2;T)"
505,0.0,7.126138528087838,-1.138778360428522,800,100,"[50, 50, 100]","I(M1,M2;T)"
506,0.0,7.255758576223111,-1.0297460082500036,800,100,"[50, 50, 100]","I(M1,M2;T)"
507,0.0,7.219537605716317,-1.063254240887984,800,100,"[50, 50, 100]","I(M1,M2;T)"
508,0.0,7.002341768637347,-1.2855251041656537,800,100,"[50, 50, 100]","I(M1,M2;T)"
509,0.0,7.0979026747859315,-1.177897306075149,800,100,"[50, 50, 100]","I(M1,M2;T)"
510,0.0,7.210773649800496,-1.0738255739864737,800,100,"[50, 50, 100]","I(M1,M2;T)"
511,0.0,7.2274005108378985,-1.0518780392122062,800,100,"[50, 50, 100]","I(M1,M2;T)"
512,0.0,7.276745323273365,-1.0052500003836045,800,100,"[50, 50, 100]","I(M1,M2;T)"
513,0.0,7.345138548778053,-0.9320390569370467,800,100,"[50, 50, 100]","I(M1,M2;T)"
514,0.0,7.139213757603427,-1.1427500495977707,800,100,"[50, 50, 100]","I(M1,M2;T)"
515,0.0,7.215849874453924,-1.0678420112938296,800,100,"[50, 50, 100]","I(M1,M2;T)"
516,0.0,7.24395678337004,-1.041345583421787,800,100,"[50, 50, 100]","I(M1,M2;T)"
517,0.0,7.263985745639255,-1.0070065421249321,800,100,"[50, 50, 100]","I(M1,M2;T)"
518,0.0,7.225616228954381,-1.0640093667862676,800,100,"[50, 50, 100]","I(M1,M2;T)"
519,0.0,7.247217387775957,-1.0390866325280674,800,100,"[50, 50, 100]","I(M1,M2;T)"
520,0.0,7.152273584107285,-1.131707933067081,800,100,"[50, 50, 100]","I(M1,M2;T)"
521,0.0,7.1775353084334,-1.1171325674714652,800,100,"[50, 50, 100]","I(M1,M2;T)"
522,0.0,7.1107300430441,-1.1668995424143525,800,100,"[50, 50, 100]","I(M1,M2;T)"
523,0.0,7.371287279851876,-0.9124593669000358,800,100,"[50, 50, 100]","I(M1,M2;T)"
524,0.0,7.3154717173858375,-0.9666646339640854,800,100,"[50, 50, 100]","I(M1,M2;T)"
525,0.0,7.214122636473418,-1.0747825203429304,800,100,"[50, 50, 100]","I(M1,M2;T)"
526,0.0,7.0586173406477855,-1.2289014311066282,800,100,"[50, 50, 100]","I(M1,M2;T)"
527,0.0,7.167347596085785,-1.119702508408297,800,100,"[50, 50, 100]","I(M1,M2;T)"
528,0.0,7.237212981178962,-1.0517362751867534,800,100,"[50, 50, 100]","I(M1,M2;T)"
529,0.0,7.233501626973522,-1.0685485496179155,800,100,"[50, 50, 100]","I(M1,M2;T)"
530,0.0,7.40791283022905,-0.8749810915858607,800,100,"[50, 50, 100]","I(M1,M2;T)"
531,0.0,7.130407596600632,-1.149022802653418,800,100,"[50, 50, 100]","I(M1,M2;T)"
532,0.0,6.934318650159115,-1.3491966914145177,800,100,"[50, 50, 100]","I(M1,M2;T)"
533,0.0,7.087634680651765,-1.196282019824781,800,100,"[50, 50, 100]","I(M1,M2;T)"
534,0.0,7.123947579792937,-1.1643930282783543,800,100,"[50, 50, 100]","I(M1,M2;T)"
535,0.0,7.193635178037951,-1.0929987138524506,800,100,"[50, 50, 100]","I(M1,M2;T)"
536,0.0,7.226574891204194,-1.061948928377067,800,100,"[50, 50, 100]","I(M1,M2;T)"
537,0.0,7.199546331491222,-1.0833626836967998,800,100,"[50, 50, 100]","I(M1,M2;T)"
538,0.0,7.222063004335198,-1.0566906757304109,800,100,"[50, 50, 100]","I(M1,M2;T)"
539,0.0,6.982642671907172,-1.2962505856573987,800,100,"[50, 50, 100]","I(M1,M2;T)"
540,0.0,7.042118174927601,-1.2465552678458325,800,100,"[50, 50, 100]","I(M1,M2;T)"
541,0.0,7.227293150207082,-1.054959898751541,800,100,"[50, 50, 100]","I(M1,M2;T)"
542,0.0,7.186027926852306,-1.0973434354466232,800,100,"[50, 50, 100]","I(M1,M2;T)"
543,0.0,6.953128539065669,-1.3295285666072756,800,100,"[50, 50, 100]","I(M1,M2;T)"
544,0.0,7.036209094022441,-1.2594125639674143,800,100,"[50, 50, 100]","I(M1,M2;T)"
545,0.0,7.16715615704962,-1.1201077643294273,800,100,"[50, 50, 100]","I(M1,M2;T)"
546,0.0,7.164642437002581,-1.1120683654840695,800,100,"[50, 50, 100]","I(M1,M2;T)"
547,0.0,7.070028268003101,-1.2302108680772967,800,100,"[50, 50, 100]","I(M1,M2;T)"
548,0.0,7.230058100459081,-1.068514984950104,800,100,"[50, 50, 100]","I(M1,M2;T)"
549,0.0,7.035130660584674,-1.243223485520005,800,100,"[50, 50, 100]","I(M1,M2;T)"
550,0.0,7.365141023666422,-0.9267363322688533,800,100,"[50, 50, 100]","I(M1,M2;T)"
551,0.0,7.323002542648576,-0.9591533462577377,800,100,"[50, 50, 100]","I(M1,M2;T)"
552,0.0,7.204904211476663,-1.0764281833767608,800,100,"[50, 50, 100]","I(M1,M2;T)"
553,0.0,7.217728270212644,-1.0715397217840703,800,100,"[50, 50, 100]","I(M1,M2;T)"
554,0.0,7.244967983247646,-1.0388255754487066,800,100,"[50, 50, 100]","I(M1,M2;T)"
555,0.0,7.159011089084506,-1.122702233684481,800,100,"[50, 50, 100]","I(M1,M2;T)"
556,0.0,7.217009180004306,-1.0705376493318273,800,100,"[50, 50, 100]","I(M1,M2;T)"
557,0.0,6.960380861846878,-1.3201006188155953,800,100,"[50, 50, 100]","I(M1,M2;T)"
558,0.0,7.2633626808004905,-1.0168991347670335,800,100,"[50, 50, 100]","I(M1,M2;T)"
559,0.0,7.024291747963913,-1.2506410710097118,800,100,"[50, 50, 100]","I(M1,M2;T)"
560,0.0,7.1979666506128375,-1.0862388445976627,800,100,"[50, 50, 100]","I(M1,M2;T)"
561,0.0,7.337945016419811,-0.9423287245171412,800,100,"[50, 50, 100]","I(M1,M2;T)"
562,0.0,7.252548682351734,-1.044221928140785,800,100,"[50, 50, 100]","I(M1,M2;T)"
563,0.0,7.178398950551923,-1.1234556631374524,800,100,"[50, 50, 100]","I(M1,M2;T)"
564,0.0,7.2814615531754425,-1.002477007378027,800,100,"[50, 50, 100]","I(M1,M2;T)"
565,0.0,7.112987818814959,-1.1650059185907296,800,100,"[50, 50, 100]","I(M1,M2;T)"
566,0.0,7.31238531622823,-0.9747894449165315,800,100,"[50, 50, 100]","I(M1,M2;T)"
567,0.0,7.033809961780275,-1.2402364114964257,800,100,"[50, 50, 100]","I(M1,M2;T)"
568,0.0,7.357746148793309,-0.929421671966784,800,100,"[50, 50, 100]","I(M1,M2;T)"
569,0.0,7.080146637362933,-1.2058680094079115,800,100,"[50, 50, 100]","I(M1,M2;T)"
570,0.0,7.191102627028934,-1.093809912896985,800,100,"[50, 50, 100]","I(M1,M2;T)"
571,0.0,7.331462894149253,-0.9484378667668647,800,100,"[50, 50, 100]","I(M1,M2;T)"
572,0.0,7.152342846831132,-1.1299019655687061,800,100,"[50, 50, 100]","I(M1,M2;T)"
573,0.0,7.058418220328814,-1.2210200097106387,800,100,"[50, 50, 100]","I(M1,M2;T)"
574,0.0,7.098229787100584,-1.1823248996248612,800,100,"[50, 50, 100]","I(M1,M2;T)"
575,0.0,7.334447658766107,-0.9606800819908603,800,100,"[50, 50, 100]","I(M1,M2;T)"
576,0.0,7.098261796914322,-1.194974662083343,800,100,"[50, 50, 100]","I(M1,M2;T)"
577,0.0,7.306570358519069,-0.9730466012268675,800,100,"[50, 50, 100]","I(M1,M2;T)"
578,0.0,7.261818994777539,-1.0251830914618063,800,100,"[50, 50, 100]","I(M1,M2;T)"
579,0.0,7.267841531926687,-1.0182779115459306,800,100,"[50, 50, 100]","I(M1,M2;T)"
580,0.0,7.061857686280726,-1.2223304735286984,800,100,"[50, 50, 100]","I(M1,M2;T)"
581,0.0,7.134933717291447,-1.1581830633035475,800,100,"[50, 50, 100]","I(M1,M2;T)"
582,0.0,7.175982312842556,-1.116318501460328,800,100,"[50, 50, 100]","I(M1,M2;T)"
583,0.0,7.152480976677608,-1.1428981717984081,800,100,"[50, 50, 100]","I(M1,M2;T)"
584,0.0,7.161255896946978,-1.13073867612942,800,100,"[50, 50, 100]","I(M1,M2;T)"
585,0.0,7.25986860528932,-1.0198260003477166,800,100,"[50, 50, 100]","I(M1,M2;T)"
586,0.0,7.086663315659807,-1.2025259350911597,800,100,"[50, 50, 100]","I(M1,M2;T)"
587,0.0,7.2621226381904815,-1.0217618053192457,800,100,"[50, 50, 100]","I(M1,M2;T)"
588,0.0,7.3434286496683265,-0.9530779709702939,800,100,"[50, 50, 100]","I(M1,M2;T)"
589,0.0,7.274339583788166,-1.0114893426444347,800,100,"[50, 50, 100]","I(M1,M2;T)"
590,0.0,7.069532779596319,-1.21807007073493,800,100,"[50, 50, 100]","I(M1,M2;T)"
591,0.0,7.235399339550979,-1.0510336041960748,800,100,"[50, 50, 100]","I(M1,M2;T)"
592,0.0,7.030366261229221,-1.2575457077009764,800,100,"[50, 50, 100]","I(M1,M2;T)"
593,0.0,7.268417310215133,-1.012168667821788,800,100,"[50, 50, 100]","I(M1,M2;T)"
594,0.0,7.159225248503659,-1.112781369595365,800,100,"[50, 50, 100]","I(M1,M2;T)"
595,0.0,7.184949252498847,-1.1095883460833162,800,100,"[50, 50, 100]","I(M1,M2;T)"
596,0.0,7.24403063393487,-1.044789655949395,800,100,"[50, 50, 100]","I(M1,M2;T)"
597,0.0,7.235837689211226,-1.0486159859141795,800,100,"[50, 50, 100]","I(M1,M2;T)"
598,0.0,7.315559281532416,-0.9670999098628199,800,100,"[50, 50, 100]","I(M1,M2;T)"
599,0.0,7.0479168163125205,-1.2367659111587077,800,100,"[50, 50, 100]","I(M1,M2;T)"
600,0.0,7.184817323938335,-1.102569859300134,800,100,"[50, 50, 100]","I(M1,M2;T)"
601,0.0,7.228297777770291,-1.0675873529787028,800,100,"[50, 50, 100]","I(M1,M2;T)"
602,0.0,7.295120917888606,-0.9883890383294878,800,100,"[50, 50, 100]","I(M1,M2;T)"
603,0.0,7.114411669232329,-1.1679695652399982,800,100,"[50, 50, 100]","I(M1,M2;T)"
604,0.0,7.127965184275771,-1.1477855902581364,800,100,"[50, 50, 100]","I(M1,M2;T)"
605,0.0,7.197941511713531,-1.0815460866360018,800,100,"[50, 50, 100]","I(M1,M2;T)"
606,0.0,7.217860540064697,-1.0739062431704323,800,100,"[50, 50, 100]","I(M1,M2;T)"
607,0.0,7.240273359644833,-1.0519389861027708,800,100,"[50, 50, 100]","I(M1,M2;T)"
608,0.0,7.199960425002885,-1.0857400053427888,800,100,"[50, 50, 100]","I(M1,M2;T)"
609,0.0,7.153491491585337,-1.1377224237257852,800,100,"[50, 50, 100]","I(M1,M2;T)"
610,0.0,7.3093025561657345,-0.9765061925786451,800,100,"[50, 50, 100]","I(M1,M2;T)"
611,0.0,7.378174319841726,-0.8949439606058078,800,100,"[50, 50, 100]","I(M1,M2;T)"
612,0.0,7.124462986728115,-1.1566391165161187,800,100,"[50, 50, 100]","I(M1,M2;T)"
613,0.0,7.200806335300065,-1.0886540469318895,800,100,"[50, 50, 100]","I(M1,M2;T)"
614,0.0,7.305774348200693,-0.9834344048446404,800,100,"[50, 50, 100]","I(M1,M2;T)"
615,0.0,7.222710800935922,-1.0677993085607929,800,100,"[50, 50, 100]","I(M1,M2;T)"
616,0.0,7.149064779288169,-1.1414936200345966,800,100,"[50, 50, 100]","I(M1,M2;T)"
617,0.0,7.2757524250348355,-1.0077110928658177,800,100,"[50, 50, 100]","I(M1,M2;T)"
618,0.0,7.194970687746979,-1.108265666677175,800,100,"[50, 50, 100]","I(M1,M2;T)"
619,0.0,7.057773093687637,-1.227380823377632,800,100,"[50, 50, 100]","I(M1,M2;T)"
620,0.0,7.207209681295507,-1.0686090127148438,800,100,"[50, 50, 100]","I(M1,M2;T)"
621,0.0,6.99522724060828,-1.291198341604641,800,100,"[50, 50, 100]","I(M1,M2;T)"
622,0.0,7.175956692749289,-1.1105796700606279,800,100,"[50, 50, 100]","I(M1,M2;T)"
623,0.0,7.248389214344874,-1.037645374086635,800,100,"[50, 50, 100]","I(M1,M2;T)"
624,0.0,7.198864839416104,-1.075666379029296,800,100,"[50, 50, 100]","I(M1,M2;T)"
625,0.0,7.088306621410775,-1.210564188617262,800,100,"[50, 50, 100]","I(M1,M2;T)"
626,0.0,7.089594038845574,-1.1941594665366733,800,100,"[50, 50, 100]","I(M1,M2;T)"
627,0.0,6.911793251236085,-1.3813589769688113,800,100,"[50, 50, 100]","I(M1,M2;T)"
628,0.0,7.048316935058743,-1.2373307568408407,800,100,"[50, 50, 100]","I(M1,M2;T)"
629,0.0,7.256506552753734,-1.007963511788791,800,100,"[50, 50, 100]","I(M1,M2;T)"
630,0.0,7.212389706029128,-1.07387563972663,800,100,"[50, 50, 100]","I(M1,M2;T)"
631,0.0,6.862976923357052,-1.4165103771582706,800,100,"[50, 50, 100]","I(M1,M2;T)"
632,0.0,7.149321529360042,-1.1378055876988986,800,100,"[50, 50, 100]","I(M1,M2;T)"
633,0.0,7.32225936085616,-0.9569914650384543,800,100,"[50, 50, 100]","I(M1,M2;T)"
634,0.0,7.216638901869182,-1.0761211963668416,800,100,"[50, 50, 100]","I(M1,M2;T)"
635,0.0,7.276725042564328,-1.0007159064412416,800,100,"[50, 50, 100]","I(M1,M2;T)"
636,0.0,7.325250449754475,-0.9587615208024927,800,100,"[50, 50, 100]","I(M1,M2;T)"
637,0.0,7.292099933557747,-0.9924263008046275,800,100,"[50, 50, 100]","I(M1,M2;T)"
638,0.0,7.062421699750763,-1.2264309249891685,800,100,"[50, 50, 100]","I(M1,M2;T)"
639,0.0,7.21625649176994,-1.0656812114334429,800,100,"[50, 50, 100]","I(M1,M2;T)"
640,0.0,7.2076514763241075,-1.0724133953649382,800,100,"[50, 50, 100]","I(M1,M2;T)"
641,0.0,7.453395361310189,-0.8359594163783406,800,100,"[50, 50, 100]","I(M1,M2;T)"
642,0.0,7.265050732964417,-1.0206622950405126,800,100,"[50, 50, 100]","I(M1,M2;T)"
643,0.0,7.3067296346631805,-0.9629821274542225,800,100,"[50, 50, 100]","I(M1,M2;T)"
644,0.0,7.002464047915172,-1.2798349090821688,800,100,"[50, 50, 100]","I(M1,M2;T)"
645,0.0,7.173852914984366,-1.1209074399252899,800,100,"[50, 50, 100]","I(M1,M2;T)"
646,0.0,7.072610860326425,-1.2145120353445735,800,100,"[50, 50, 100]","I(M1,M2;T)"
647,0.0,7.223500478327779,-1.053737196066102,800,100,"[50, 50, 100]","I(M1,M2;T)"
648,0.0,7.224904587105306,-1.0574515155554982,800,100,"[50, 50, 100]","I(M1,M2;T)"
649,0.0,7.109532351317051,-1.1759497327862194,800,100,"[50, 50, 100]","I(M1,M2;T)"
650,0.0,7.076137832309936,-1.2090748445344772,800,100,"[50, 50, 100]","I(M1,M2;T)"
651,0.0,7.31155223037557,-0.9712767069564716,800,100,"[50, 50, 100]","I(M1,M2;T)"
652,0.0,7.122633050150433,-1.1751161332041677,800,100,"[50, 50, 100]","I(M1,M2;T)"
653,0.0,7.299336167461195,-0.9871233492723714,800,100,"[50, 50, 100]","I(M1,M2;T)"
654,0.0,7.02498009889552,-1.269973358115216,800,100,"[50, 50, 100]","I(M1,M2;T)"
655,0.0,6.992529158117895,-1.2874177394400927,800,100,"[50, 50, 100]","I(M1,M2;T)"
656,0.0,7.198963263621361,-1.0850296894055598,800,100,"[50, 50, 100]","I(M1,M2;T)"
657,0.0,7.232846284228037,-1.0637377396395653,800,100,"[50, 50, 100]","I(M1,M2;T)"
658,0.0,7.061242514057282,-1.2203038401321962,800,100,"[50, 50, 100]","I(M1,M2;T)"
659,0.0,7.179930894040239,-1.1028147150930545,800,100,"[50, 50, 100]","I(M1,M2;T)"
660,0.0,7.220582005379456,-1.0651810281471557,800,100,"[50, 50, 100]","I(M1,M2;T)"
661,0.0,7.051018173559905,-1.2410582743107756,800,100,"[50, 50, 100]","I(M1,M2;T)"
662,0.0,7.033652310910178,-1.2377025166186684,800,100,"[50, 50, 100]","I(M1,M2;T)"
663,0.0,7.2402822080145395,-1.0583439947238844,800,100,"[50, 50, 100]","I(M1,M2;T)"
664,0.0,7.169790493917834,-1.1125002994590183,800,100,"[50, 50, 100]","I(M1,M2;T)"
665,0.0,7.147760302930198,-1.1349841745226499,800,100,"[50, 50, 100]","I(M1,M2;T)"
666,0.0,7.003573074649076,-1.2780203574233688,800,100,"[50, 50, 100]","I(M1,M2;T)"
667,0.0,7.165416488845751,-1.1309405729656552,800,100,"[50, 50, 100]","I(M1,M2;T)"
668,0.0,7.3287427857686005,-0.9442605140318889,800,100,"[50, 50, 100]","I(M1,M2;T)"
669,0.0,7.137684056865013,-1.1385397494800413,800,100,"[50, 50, 100]","I(M1,M2;T)"
670,0.0,7.142984108760697,-1.1408389346483023,800,100,"[50, 50, 100]","I(M1,M2;T)"
671,0.0,7.127361800642904,-1.1539882999937934,800,100,"[50, 50, 100]","I(M1,M2;T)"
672,0.0,7.14817511612924,-1.13554300792768,800,100,"[50, 50, 100]","I(M1,M2;T)"
673,0.0,7.0859019166447,-1.1870149902882856,800,100,"[50, 50, 100]","I(M1,M2;T)"
674,0.0,7.108879871882239,-1.1801541961100472,800,100,"[50, 50, 100]","I(M1,M2;T)"
675,0.0,7.0528335469079675,-1.2297715361162123,800,100,"[50, 50, 100]","I(M1,M2;T)"
676,0.0,6.9905135359931805,-1.2995762063862095,800,100,"[50, 50, 100]","I(M1,M2;T)"
677,0.0,7.236761494927581,-1.045583902942667,800,100,"[50, 50, 100]","I(M1,M2;T)"
678,0.0,7.148848408929204,-1.1407804859706445,800,100,"[50, 50, 100]","I(M1,M2;T)"
679,0.0,7.306761444073735,-0.9703689290537048,800,100,"[50, 50, 100]","I(M1,M2;T)"
680,0.0,7.135888995148761,-1.1470797566025475,800,100,"[50, 50, 100]","I(M1,M2;T)"
681,0.0,7.312981765001344,-0.9676977857351323,800,100,"[50, 50, 100]","I(M1,M2;T)"
682,0.0,7.1307376013365,-1.155804055063526,800,100,"[50, 50, 100]","I(M1,M2;T)"
683,0.0,7.050458567261341,-1.228453662756019,800,100,"[50, 50, 100]","I(M1,M2;T)"
684,0.0,7.129807143495247,-1.147651385967892,800,100,"[50, 50, 100]","I(M1,M2;T)"
685,0.0,7.107359535072138,-1.1692806880825337,800,100,"[50, 50, 100]","I(M1,M2;T)"
686,0.0,7.13430193755173,-1.1480642582214022,800,100,"[50, 50, 100]","I(M1,M2;T)"
687,0.0,7.218536004200175,-1.0692415614955948,800,100,"[50, 50, 100]","I(M1,M2;T)"
688,0.0,7.199066885373732,-1.0836054376376207,800,100,"[50, 50, 100]","I(M1,M2;T)"
689,0.0,7.203407035584226,-1.0867851602076541,800,100,"[50, 50, 100]","I(M1,M2;T)"
690,0.0,7.196118981185351,-1.0792848799870631,800,100,"[50, 50, 100]","I(M1,M2;T)"
691,0.0,7.309326357254459,-0.9732711139901014,800,100,"[50, 50, 100]","I(M1,M2;T)"
692,0.0,7.191941464510745,-1.1004035639464567,800,100,"[50, 50, 100]","I(M1,M2;T)"
693,0.0,7.108049433612148,-1.1811425975093108,800,100,"[50, 50, 100]","I(M1,M2;T)"
694,0.0,7.261480330026213,-1.0241274712908606,800,100,"[50, 50, 100]","I(M1,M2;T)"
695,0.0,7.102371860172537,-1.1765196728874603,800,100,"[50, 50, 100]","I(M1,M2;T)"
696,0.0,7.141418940129945,-1.138332168269656,800,100,"[50, 50, 100]","I(M1,M2;T)"
697,0.0,7.155841519000431,-1.1236142357290966,800,100,"[50, 50, 100]","I(M1,M2;T)"
698,0.0,7.139464452860633,-1.1387086710261904,800,100,"[50, 50, 100]","I(M1,M2;T)"
699,0.0,7.193480448182963,-1.0870759938609647,800,100,"[50, 50, 100]","I(M1,M2;T)"
700,0.0,7.091800111913817,-1.1960873177678328,800,100,"[50, 50, 100]","I(M1,M2;T)"
701,0.0,7.111189588587378,-1.1812245236892744,800,100,"[50, 50, 100]","I(M1,M2;T)"
702,0.0,7.207329951828352,-1.0872877262235443,800,100,"[50, 50, 100]","I(M1,M2;T)"
703,0.0,6.968737646589987,-1.3149267690273811,800,100,"[50, 50, 100]","I(M1,M2;T)"
704,0.0,7.17915089767245,-1.1131103562026414,800,100,"[50, 50, 100]","I(M1,M2;T)"
705,0.0,7.144075676301796,-1.1392973653407097,800,100,"[50, 50, 100]","I(M1,M2;T)"
706,0.0,7.290626159294351,-0.9906300611452137,800,100,"[50, 50, 100]","I(M1,M2;T)"
707,0.0,7.101175286780538,-1.1774528059983709,800,100,"[50, 50, 100]","I(M1,M2;T)"
708,0.0,7.477021744904764,-0.7963666160920653,800,100,"[50, 50, 100]","I(M1,M2;T)"
709,0.0,7.073191256316081,-1.2071250509175702,800,100,"[50, 50, 100]","I(M1,M2;T)"
710,0.0,7.15518891973308,-1.1211128486903714,800,100,"[50, 50, 100]","I(M1,M2;T)"
711,0.0,7.142395868841946,-1.1511424122390839,800,100,"[50, 50, 100]","I(M1,M2;T)"
712,0.0,7.23694624469114,-1.0562658665504543,800,100,"[50, 50, 100]","I(M1,M2;T)"
713,0.0,7.14408701926335,-1.136882782819188,800,100,"[50, 50, 100]","I(M1,M2;T)"
714,0.0,7.211196024094493,-1.0764329278032942,800,100,"[50, 50, 100]","I(M1,M2;T)"
715,0.0,7.001698872983943,-1.2786423036714245,800,100,"[50, 50, 100]","I(M1,M2;T)"
716,0.0,7.144372397783563,-1.1405473089997926,800,100,"[50, 50, 100]","I(M1,M2;T)"
717,0.0,7.2794597887944175,-0.9977221684855255,800,100,"[50, 50, 100]","I(M1,M2;T)"
718,0.0,7.111255782622952,-1.1697757292677542,800,100,"[50, 50, 100]","I(M1,M2;T)"
719,0.0,7.049130816992278,-1.2441551685875964,800,100,"[50, 50, 100]","I(M1,M2;T)"
720,0.0,7.459942358080241,-0.8201439169002516,800,100,"[50, 50, 100]","I(M1,M2;T)"
721,0.0,7.316666113195449,-0.9653025592284958,800,100,"[50, 50, 100]","I(M1,M2;T)"
722,0.0,7.044023063391432,-1.244639189927188,800,100,"[50, 50, 100]","I(M1,M2;T)"
723,0.0,7.078981247959432,-1.2182219295199,800,100,"[50, 50, 100]","I(M1,M2;T)"
724,0.0,7.089416778532419,-1.1933331249398833,800,100,"[50, 50, 100]","I(M1,M2;T)"
725,0.0,7.247019371786694,-1.0328992986474237,800,100,"[50, 50, 100]","I(M1,M2;T)"
726,0.0,7.172442958003467,-1.106244481959079,800,100,"[50, 50, 100]","I(M1,M2;T)"
727,0.0,7.287380310786134,-1.004140167594005,800,100,"[50, 50, 100]","I(M1,M2;T)"
728,0.0,7.173472699804638,-1.1170050856203222,800,100,"[50, 50, 100]","I(M1,M2;T)"
729,0.0,7.25868645559667,-1.0211200427348937,800,100,"[50, 50, 100]","I(M1,M2;T)"
730,0.0,7.192372423687551,-1.0863173442541916,800,100,"[50, 50, 100]","I(M1,M2;T)"
731,0.0,7.156696905278777,-1.1213841015370152,800,100,"[50, 50, 100]","I(M1,M2;T)"
732,0.0,7.218069215069643,-1.069365648349808,800,100,"[50, 50, 100]","I(M1,M2;T)"
733,0.0,7.1639883434216305,-1.1209216329268745,800,100,"[50, 50, 100]","I(M1,M2;T)"
734,0.0,7.226928850336793,-1.0498004211857692,800,100,"[50, 50, 100]","I(M1,M2;T)"
735,0.0,7.011122914137391,-1.2798774380512983,800,100,"[50, 50, 100]","I(M1,M2;T)"
736,0.0,7.038266680896837,-1.2466972069801612,800,100,"[50, 50, 100]","I(M1,M2;T)"
737,0.0,7.157001593850763,-1.114289726043122,800,100,"[50, 50, 100]","I(M1,M2;T)"
738,0.0,7.313423010975445,-0.9692109575957808,800,100,"[50, 50, 100]","I(M1,M2;T)"
739,0.0,7.1565240965654455,-1.141806425668661,800,100,"[50, 50, 100]","I(M1,M2;T)"
740,0.0,7.405275755804345,-0.8693539069594731,800,100,"[50, 50, 100]","I(M1,M2;T)"
741,0.0,7.315100594266241,-0.966137481204715,800,100,"[50, 50, 100]","I(M1,M2;T)"
742,0.0,7.106170405972772,-1.1796732564622587,800,100,"[50, 50, 100]","I(M1,M2;T)"
743,0.0,7.172866687550773,-1.1125635004699141,800,100,"[50, 50, 100]","I(M1,M2;T)"
744,0.0,7.0852333371191865,-1.2001460584396213,800,100,"[50, 50, 100]","I(M1,M2;T)"
745,0.0,7.238242058637246,-1.0549557714606816,800,100,"[50, 50, 100]","I(M1,M2;T)"
746,0.0,7.054672752505586,-1.23594214161671,800,100,"[50, 50, 100]","I(M1,M2;T)"
747,0.0,7.1604908715442255,-1.1299450565218434,800,100,"[50, 50, 100]","I(M1,M2;T)"
748,0.0,7.351876595899203,-0.9379716626393062,800,100,"[50, 50, 100]","I(M1,M2;T)"
749,0.0,7.1297376939051995,-1.1519705210392415,800,100,"[50, 50, 100]","I(M1,M2;T)"
750,0.0,7.130479916980573,-1.1422525524787108,800,100,"[50, 50, 100]","I(M1,M2;T)"
751,0.0,7.163194375031809,-1.1189282510532497,800,100,"[50, 50, 100]","I(M1,M2;T)"
752,0.0,7.022206762906458,-1.2639864365063849,800,100,"[50, 50, 100]","I(M1,M2;T)"
753,0.0,7.255763848349864,-1.0193038048661753,800,100,"[50, 50, 100]","I(M1,M2;T)"
754,0.0,7.288211049152534,-0.9920617300428214,800,100,"[50, 50, 100]","I(M1,M2;T)"
755,0.0,7.110816613444583,-1.171782429229224,800,100,"[50, 50, 100]","I(M1,M2;T)"
756,0.0,7.3068211546996915,-0.9798124158200947,800,100,"[50, 50, 100]","I(M1,M2;T)"
757,0.0,7.336126671033103,-0.9478757681896965,800,100,"[50, 50, 100]","I(M1,M2;T)"
758,0.0,7.215749154638614,-1.074466777144531,800,100,"[50, 50, 100]","I(M1,M2;T)"
759,0.0,7.142939733434087,-1.1427046204583888,800,100,"[50, 50, 100]","I(M1,M2;T)"
760,0.0,7.226976341776974,-1.050739824776337,800,100,"[50, 50, 100]","I(M1,M2;T)"
761,0.0,7.267409849620131,-1.0199203092277411,800,100,"[50, 50, 100]","I(M1,M2;T)"
762,0.0,6.991439778342907,-1.288531599184764,800,100,"[50, 50, 100]","I(M1,M2;T)"
763,0.0,7.153552952485656,-1.1235044743954106,800,100,"[50, 50, 100]","I(M1,M2;T)"
764,0.0,7.487574491809287,-0.7980950075775599,800,100,"[50, 50, 100]","I(M1,M2;T)"
765,0.0,7.284473033281708,-1.001026644130265,800,100,"[50, 50, 100]","I(M1,M2;T)"
766,0.0,7.219988167364622,-1.0749697946325965,800,100,"[50, 50, 100]","I(M1,M2;T)"
767,0.0,7.175741898192858,-1.1114384973365814,800,100,"[50, 50, 100]","I(M1,M2;T)"
768,0.0,7.244492804853422,-1.0451216986813439,800,100,"[50, 50, 100]","I(M1,M2;T)"
769,0.0,7.2729236697023065,-1.0087914277615706,800,100,"[50, 50, 100]","I(M1,M2;T)"
770,0.0,7.142129654554099,-1.1460447230039712,800,100,"[50, 50, 100]","I(M1,M2;T)"
771,0.0,7.256522675886882,-1.016714173754088,800,100,"[50, 50, 100]","I(M1,M2;T)"
772,0.0,7.284490185152484,-1.0077518297455663,800,100,"[50, 50, 100]","I(M1,M2;T)"
773,0.0,7.259841640762602,-1.0206764805575972,800,100,"[50, 50, 100]","I(M1,M2;T)"
774,0.0,7.047853450305065,-1.2408304096962555,800,100,"[50, 50, 100]","I(M1,M2;T)"
775,0.0,7.051078038830718,-1.2416223328339546,800,100,"[50, 50, 100]","I(M1,M2;T)"
776,0.0,7.255339599211716,-1.0307909909732231,800,100,"[50, 50, 100]","I(M1,M2;T)"
777,0.0,7.331574655508859,-0.9515213445558297,800,100,"[50, 50, 100]","I(M1,M2;T)"
778,0.0,7.006698917355838,-1.281885852415808,800,100,"[50, 50, 100]","I(M1,M2;T)"
779,0.0,7.04687959061162,-1.250325408785856,800,100,"[50, 50, 100]","I(M1,M2;T)"
780,0.0,7.3078349121167205,-0.9733275923064229,800,100,"[50, 50, 100]","I(M1,M2;T)"
781,0.0,7.126785902116207,-1.1587191001752544,800,100,"[50, 50, 100]","I(M1,M2;T)"
782,0.0,7.38416772069057,-0.9033407914282368,800,100,"[50, 50, 100]","I(M1,M2;T)"
783,0.0,7.33602547246501,-0.9581438871742263,800,100,"[50, 50, 100]","I(M1,M2;T)"
784,0.0,7.254547378333973,-1.030202116314241,800,100,"[50, 50, 100]","I(M1,M2;T)"
785,0.0,7.330151587318418,-0.9540414323565711,800,100,"[50, 50, 100]","I(M1,M2;T)"
786,0.0,7.204738579676707,-1.0739222453779025,800,100,"[50, 50, 100]","I(M1,M2;T)"
787,0.0,7.315527092531873,-0.9684543515069137,800,100,"[50, 50, 100]","I(M1,M2;T)"
788,0.0,7.0875360704740125,-1.201475079699815,800,100,"[50, 50, 100]","I(M1,M2;T)"
789,0.0,7.067176420024996,-1.2195398643739779,800,100,"[50, 50, 100]","I(M1,M2;T)"
790,0.0,7.1875832722403405,-1.0939739260150798,800,100,"[50, 50, 100]","I(M1,M2;T)"
791,0.0,7.145961594476473,-1.1397152081038069,800,100,"[50, 50, 100]","I(M1,M2;T)"
792,0.0,7.098118392403519,-1.184978366432338,800,100,"[50, 50, 100]","I(M1,M2;T)"
793,0.0,7.153185754931249,-1.1324981230618008,800,100,"[50, 50, 100]","I(M1,M2;T)"
794,0.0,7.299258982029511,-0.9881553697226719,800,100,"[50, 50, 100]","I(M1,M2;T)"
795,0.0,7.1148462783683435,-1.1727622062652632,800,100,"[50, 50, 100]","I(M1,M2;T)"
796,0.0,7.127196060561856,-1.153552357447948,800,100,"[50, 50, 100]","I(M1,M2;T)"
797,0.0,7.1150939944773866,-1.1722214359116814,800,100,"[50, 50, 100]","I(M1,M2;T)"
798,0.0,7.268662541604673,-1.0158187998940207,800,100,"[50, 50, 100]","I(M1,M2;T)"
799,0.0,7.22273017344162,-1.0551484330512215,800,100,"[50, 50, 100]","I(M1,M2;T)"
800,0.0,7.211406175836609,-1.0712996329353954,800,100,"[50, 50, 100]","I(M1,M2;T)"
801,0.0,7.172493992862785,-1.1105157617239758,800,100,"[50, 50, 100]","I(M1,M2;T)"
802,0.0,7.217271849860287,-1.0667542194569943,800,100,"[50, 50, 100]","I(M1,M2;T)"
803,0.0,7.0796776653778535,-1.2041064766418001,800,100,"[50, 50, 100]","I(M1,M2;T)"
804,0.0,7.125165676640841,-1.1583370769113577,800,100,"[50, 50, 100]","I(M1,M2;T)"
805,0.0,7.309438641107569,-0.9795818252842583,800,100,"[50, 50, 100]","I(M1,M2;T)"
806,0.0,7.042165270883785,-1.2335665930046975,800,100,"[50, 50, 100]","I(M1,M2;T)"
807,0.0,7.1114424313967515,-1.1682418596511592,800,100,"[50, 50, 100]","I(M1,M2;T)"
808,0.0,7.134084664477438,-1.1572301733325236,800,100,"[50, 50, 100]","I(M1,M2;T)"
809,0.0,7.167715915866087,-1.1276170195843909,800,100,"[50, 50, 100]","I(M1,M2;T)"
810,0.0,7.270001142955859,-1.0138291828558224,800,100,"[50, 50, 100]","I(M1,M2;T)"
811,0.0,7.24139299818896,-1.027551114057399,800,100,"[50, 50, 100]","I(M1,M2;T)"
812,0.0,7.157339044136752,-1.1260818188831534,800,100,"[50, 50, 100]","I(M1,M2;T)"
813,0.0,7.013709402836982,-1.2675998466749245,800,100,"[50, 50, 100]","I(M1,M2;T)"
814,0.0,7.157092215000185,-1.1283046552386313,800,100,"[50, 50, 100]","I(M1,M2;T)"
815,0.0,7.056552666296168,-1.229043535829291,800,100,"[50, 50, 100]","I(M1,M2;T)"
816,0.0,6.960339042743655,-1.3159163410782373,800,100,"[50, 50, 100]","I(M1,M2;T)"
817,0.0,7.2602040936386025,-1.0333729642135943,800,100,"[50, 50, 100]","I(M1,M2;T)"
818,0.0,7.260575420059486,-1.0368816290467437,800,100,"[50, 50, 100]","I(M1,M2;T)"
819,0.0,7.1737348751934755,-1.123822675129424,800,100,"[50, 50, 100]","I(M1,M2;T)"
820,0.0,7.357477419424815,-0.9300197878195418,800,100,"[50, 50, 100]","I(M1,M2;T)"
821,0.0,7.360607146866592,-0.9323209613066794,800,100,"[50, 50, 100]","I(M1,M2;T)"
822,0.0,7.2037051540949735,-1.0814440660073545,800,100,"[50, 50, 100]","I(M1,M2;T)"
823,0.0,7.216098421023302,-1.06101228709095,800,100,"[50, 50, 100]","I(M1,M2;T)"
824,0.0,7.281590863096305,-1.0000311292750172,800,100,"[50, 50, 100]","I(M1,M2;T)"
825,0.0,7.101578238652433,-1.186364889333051,800,100,"[50, 50, 100]","I(M1,M2;T)"
826,0.0,7.307579844063928,-0.9848481498386148,800,100,"[50, 50, 100]","I(M1,M2;T)"
827,0.0,7.271424534689593,-1.0218059935901023,800,100,"[50, 50, 100]","I(M1,M2;T)"
828,0.0,7.182803654462634,-1.10732222337566,800,100,"[50, 50, 100]","I(M1,M2;T)"
829,0.0,7.118703916758322,-1.1665574139620913,800,100,"[50, 50, 100]","I(M1,M2;T)"
830,0.0,7.105136365349658,-1.1776152931686212,800,100,"[50, 50, 100]","I(M1,M2;T)"
831,0.0,7.358683726412566,-0.9264070348176352,800,100,"[50, 50, 100]","I(M1,M2;T)"
832,0.0,7.164891525202176,-1.1241085244074576,800,100,"[50, 50, 100]","I(M1,M2;T)"
833,0.0,7.256528640455428,-1.0268953451779455,800,100,"[50, 50, 100]","I(M1,M2;T)"
834,0.0,7.060827950491936,-1.2255687326280533,800,100,"[50, 50, 100]","I(M1,M2;T)"
835,0.0,7.1381950416042805,-1.1487703439824344,800,100,"[50, 50, 100]","I(M1,M2;T)"
836,0.0,7.222936069598507,-1.0588894522356505,800,100,"[50, 50, 100]","I(M1,M2;T)"
837,0.0,7.294374543023926,-0.9930212124818016,800,100,"[50, 50, 100]","I(M1,M2;T)"
838,0.0,7.215171355223801,-1.0657443505780657,800,100,"[50, 50, 100]","I(M1,M2;T)"
839,0.0,7.171825330408225,-1.1036504277579127,800,100,"[50, 50, 100]","I(M1,M2;T)"
840,0.0,7.275458089202573,-1.0095274018351112,800,100,"[50, 50, 100]","I(M1,M2;T)"
841,0.0,7.258582846135319,-1.0280822342787737,800,100,"[50, 50, 100]","I(M1,M2;T)"
842,0.0,7.284347574772375,-0.9998363230270622,800,100,"[50, 50, 100]","I(M1,M2;T)"
843,0.0,7.326632457484392,-0.9591093041731202,800,100,"[50, 50, 100]","I(M1,M2;T)"
844,0.0,7.226474982709133,-1.073021525247869,800,100,"[50, 50, 100]","I(M1,M2;T)"
845,0.0,7.298685798525794,-0.9867086022272886,800,100,"[50, 50, 100]","I(M1,M2;T)"
846,0.0,7.318857885784778,-0.9692240302572284,800,100,"[50, 50, 100]","I(M1,M2;T)"
847,0.0,7.134443764162397,-1.1460366249136946,800,100,"[50, 50, 100]","I(M1,M2;T)"
848,0.0,7.126113373992062,-1.157137408884191,800,100,"[50, 50, 100]","I(M1,M2;T)"
849,0.0,7.293261255634972,-0.9992208424112139,800,100,"[50, 50, 100]","I(M1,M2;T)"
850,0.0,7.100960462175987,-1.1906326377346002,800,100,"[50, 50, 100]","I(M1,M2;T)"
851,0.0,7.0602109937599655,-1.2166377694139934,800,100,"[50, 50, 100]","I(M1,M2;T)"
852,0.0,7.129047057453224,-1.156605456137477,800,100,"[50, 50, 100]","I(M1,M2;T)"
853,0.0,7.151418666468512,-1.1306708963196392,800,100,"[50, 50, 100]","I(M1,M2;T)"
854,0.0,7.2535810876952445,-1.0405624053852351,800,100,"[50, 50, 100]","I(M1,M2;T)"
855,0.0,7.108388555807884,-1.188829143230465,800,100,"[50, 50, 100]","I(M1,M2;T)"
856,0.0,7.022177164418172,-1.2612471520547386,800,100,"[50, 50, 100]","I(M1,M2;T)"
857,0.0,7.231850171897705,-1.0524762313892708,800,100,"[50, 50, 100]","I(M1,M2;T)"
858,0.0,7.3941768421057095,-0.8886439528358725,800,100,"[50, 50, 100]","I(M1,M2;T)"
859,0.0,7.184644365005134,-1.101130171161751,800,100,"[50, 50, 100]","I(M1,M2;T)"
860,0.0,7.201420226768622,-1.0872280889735215,800,100,"[50, 50, 100]","I(M1,M2;T)"
861,0.0,7.271895507596319,-1.0108542062449306,800,100,"[50, 50, 100]","I(M1,M2;T)"
862,0.0,7.221061348533252,-1.064191038460451,800,100,"[50, 50, 100]","I(M1,M2;T)"
863,0.0,7.0775129064463975,-1.2155924361252097,800,100,"[50, 50, 100]","I(M1,M2;T)"
864,0.0,7.335643421748369,-0.9542359423935345,800,100,"[50, 50, 100]","I(M1,M2;T)"
865,0.0,7.2477653638666855,-1.0268172061312928,800,100,"[50, 50, 100]","I(M1,M2;T)"
866,0.0,7.107742842557782,-1.1743657918772552,800,100,"[50, 50, 100]","I(M1,M2;T)"
867,0.0,7.319415744752282,-0.9700986629361079,800,100,"[50, 50, 100]","I(M1,M2;T)"
868,0.0,7.157777981709034,-1.1288256714174656,800,100,"[50, 50, 100]","I(M1,M2;T)"
869,0.0,7.241368941690578,-1.0354036148902344,800,100,"[50, 50, 100]","I(M1,M2;T)"
870,0.0,7.024792818595533,-1.2632792034454736,800,100,"[50, 50, 100]","I(M1,M2;T)"
871,0.0,7.035823490878415,-1.2433964025124515,800,100,"[50, 50, 100]","I(M1,M2;T)"
872,0.0,7.140362360543415,-1.150737662605854,800,100,"[50, 50, 100]","I(M1,M2;T)"
873,0.0,7.151315496318546,-1.1313711940822095,800,100,"[50, 50, 100]","I(M1,M2;T)"
874,0.0,7.264851672218586,-1.0368627609009957,800,100,"[50, 50, 100]","I(M1,M2;T)"
875,0.0,7.1889575994618,-1.0961835506908937,800,100,"[50, 50, 100]","I(M1,M2;T)"
876,0.0,6.983826438523602,-1.3077127589129756,800,100,"[50, 50, 100]","I(M1,M2;T)"
877,0.0,7.1323620615619925,-1.1426826853738588,800,100,"[50, 50, 100]","I(M1,M2;T)"
878,0.0,7.160887579564505,-1.1270725226809803,800,100,"[50, 50, 100]","I(M1,M2;T)"
879,0.0,7.308757727826961,-0.9789672152695648,800,100,"[50, 50, 100]","I(M1,M2;T)"
880,0.0,7.253631901876851,-1.025866864523607,800,100,"[50, 50, 100]","I(M1,M2;T)"
881,0.0,6.955280048287294,-1.324682369162515,800,100,"[50, 50, 100]","I(M1,M2;T)"
882,0.0,7.331110923401946,-0.9610574000507057,800,100,"[50, 50, 100]","I(M1,M2;T)"
883,0.0,7.152909497835829,-1.121831652481438,800,100,"[50, 50, 100]","I(M1,M2;T)"
884,0.0,7.103573670207432,-1.1927174358154957,800,100,"[50, 50, 100]","I(M1,M2;T)"
885,0.0,6.988793316353758,-1.299619123944633,800,100,"[50, 50, 100]","I(M1,M2;T)"
886,0.0,7.370206837637175,-0.9144769913648236,800,100,"[50, 50, 100]","I(M1,M2;T)"
887,0.0,7.24099722431785,-1.0545328204734528,800,100,"[50, 50, 100]","I(M1,M2;T)"
888,0.0,7.14438366063413,-1.1430392289237759,800,100,"[50, 50, 100]","I(M1,M2;T)"
889,0.0,7.100423363826556,-1.1885753085479625,800,100,"[50, 50, 100]","I(M1,M2;T)"
890,0.0,7.148391174068253,-1.1395587204677575,800,100,"[50, 50, 100]","I(M1,M2;T)"
891,0.0,7.327024249725317,-0.9593135164575619,800,100,"[50, 50, 100]","I(M1,M2;T)"
892,0.0,7.102295804399629,-1.1827933393468744,800,100,"[50, 50, 100]","I(M1,M2;T)"
893,0.0,7.146876696042812,-1.1351146765684117,800,100,"[50, 50, 100]","I(M1,M2;T)"
894,0.0,7.234756167043508,-1.0559418329676022,800,100,"[50, 50, 100]","I(M1,M2;T)"
895,0.0,7.3737252101489705,-0.9148217935848173,800,100,"[50, 50, 100]","I(M1,M2;T)"
896,0.0,7.183776625936549,-1.0931995754394475,800,100,"[50, 50, 100]","I(M1,M2;T)"
897,0.0,7.301455636920771,-0.9821090464147666,800,100,"[50, 50, 100]","I(M1,M2;T)"
898,0.0,7.211167059132293,-1.0665738051191056,800,100,"[50, 50, 100]","I(M1,M2;T)"
899,0.0,7.146563015571802,-1.141239287908311,800,100,"[50, 50, 100]","I(M1,M2;T)"
900,0.0,7.037782817696934,-1.2552515243953568,800,100,"[50, 50, 100]","I(M1,M2;T)"
901,0.0,7.156498648761786,-1.1272806755684934,800,100,"[50, 50, 100]","I(M1,M2;T)"
902,0.0,6.94417258668898,-1.3377114962813632,800,100,"[50, 50, 100]","I(M1,M2;T)"
903,0.0,7.361125411808276,-0.9170654149316562,800,100,"[50, 50, 100]","I(M1,M2;T)"
904,0.0,7.016152573811268,-1.2655389538305082,800,100,"[50, 50, 100]","I(M1,M2;T)"
905,0.0,7.055078751830266,-1.2273286917915218,800,100,"[50, 50, 100]","I(M1,M2;T)"
906,0.0,7.443858556764413,-0.8436049695912544,800,100,"[50, 50, 100]","I(M1,M2;T)"
907,0.0,7.2306365301458,-1.054409983290327,800,100,"[50, 50, 100]","I(M1,M2;T)"
908,0.0,7.0915118084869375,-1.2059766551807352,800,100,"[50, 50, 100]","I(M1,M2;T)"
909,0.0,7.274018501367075,-0.9994058221571978,800,100,"[50, 50, 100]","I(M1,M2;T)"
910,0.0,7.135249141844274,-1.1472558001895665,800,100,"[50, 50, 100]","I(M1,M2;T)"
911,0.0,7.377534389264281,-0.904695692574049,800,100,"[50, 50, 100]","I(M1,M2;T)"
912,0.0,7.188951658869704,-1.0908860659116195,800,100,"[50, 50, 100]","I(M1,M2;T)"
913,0.0,7.116478679425331,-1.1753440910168411,800,100,"[50, 50, 100]","I(M1,M2;T)"
914,0.0,7.2150473610142445,-1.064787294462862,800,100,"[50, 50, 100]","I(M1,M2;T)"
915,0.0,7.193245151043554,-1.0918987022507665,800,100,"[50, 50, 100]","I(M1,M2;T)"
916,0.0,6.94295215726159,-1.328591060277688,800,100,"[50, 50, 100]","I(M1,M2;T)"
917,0.0,7.20091863470354,-1.0835855150408227,800,100,"[50, 50, 100]","I(M1,M2;T)"
918,0.0,7.246496413094152,-1.0522592498884586,800,100,"[50, 50, 100]","I(M1,M2;T)"
919,0.0,7.212879230208429,-1.0678374464205902,800,100,"[50, 50, 100]","I(M1,M2;T)"
920,0.0,7.0018914631995175,-1.2823893441356544,800,100,"[50, 50, 100]","I(M1,M2;T)"
921,0.0,7.228043730216972,-1.0541837085001857,800,100,"[50, 50, 100]","I(M1,M2;T)"
922,0.0,7.279407213087538,-0.9995342158652871,800,100,"[50, 50, 100]","I(M1,M2;T)"
923,0.0,7.159318048850328,-1.122192425250149,800,100,"[50, 50, 100]","I(M1,M2;T)"
924,0.0,7.044580211026648,-1.2331327513561448,800,100,"[50, 50, 100]","I(M1,M2;T)"
925,0.0,7.119054003096788,-1.1573081838154655,800,100,"[50, 50, 100]","I(M1,M2;T)"
926,0.0,7.076861860832015,-1.206590913965961,800,100,"[50, 50, 100]","I(M1,M2;T)"
927,0.0,7.0948091256090375,-1.1841533751250743,800,100,"[50, 50, 100]","I(M1,M2;T)"
928,0.0,7.125579699212289,-1.1642309746576158,800,100,"[50, 50, 100]","I(M1,M2;T)"
929,0.0,7.06628075092227,-1.219510792166468,800,100,"[50, 50, 100]","I(M1,M2;T)"
930,0.0,7.048280084518297,-1.2368702628348123,800,100,"[50, 50, 100]","I(M1,M2;T)"
931,0.0,7.120177074257504,-1.1591516900165937,800,100,"[50, 50, 100]","I(M1,M2;T)"
932,0.0,7.11900495197086,-1.1666284885983575,800,100,"[50, 50, 100]","I(M1,M2;T)"
933,0.0,7.281311617334488,-1.0088927091454956,800,100,"[50, 50, 100]","I(M1,M2;T)"
934,0.0,7.017151480967518,-1.2651051369503197,800,100,"[50, 50, 100]","I(M1,M2;T)"
935,0.0,7.297261458364626,-0.9819524544330394,800,100,"[50, 50, 100]","I(M1,M2;T)"
936,0.0,7.148778991677229,-1.126814793998765,800,100,"[50, 50, 100]","I(M1,M2;T)"
937,0.0,7.099166291070345,-1.1781561603700617,800,100,"[50, 50, 100]","I(M1,M2;T)"
938,0.0,7.109782687019174,-1.1694334671386715,800,100,"[50, 50, 100]","I(M1,M2;T)"
939,0.0,7.321521268953133,-0.9631679394780805,800,100,"[50, 50, 100]","I(M1,M2;T)"
940,0.0,7.3878774637014875,-0.9007138072105896,800,100,"[50, 50, 100]","I(M1,M2;T)"
941,0.0,7.115240695514238,-1.1732392162223206,800,100,"[50, 50, 100]","I(M1,M2;T)"
942,0.0,7.109375204842332,-1.1721033439377377,800,100,"[50, 50, 100]","I(M1,M2;T)"
943,0.0,7.307661143499234,-0.9774709618698116,800,100,"[50, 50, 100]","I(M1,M2;T)"
944,0.0,7.229587973876093,-1.0631914314652278,800,100,"[50, 50, 100]","I(M1,M2;T)"
945,0.0,7.28163106498485,-1.002091094427616,800,100,"[50, 50, 100]","I(M1,M2;T)"
946,0.0,7.251999307140271,-1.0418411683018105,800,100,"[50, 50, 100]","I(M1,M2;T)"
947,0.0,7.121901155052191,-1.1617997916806235,800,100,"[50, 50, 100]","I(M1,M2;T)"
948,0.0,7.23954953185315,-1.042349390487196,800,100,"[50, 50, 100]","I(M1,M2;T)"
949,0.0,7.051021478919133,-1.2339535727998276,800,100,"[50, 50, 100]","I(M1,M2;T)"
950,0.0,7.201539819439391,-1.079699437174222,800,100,"[50, 50, 100]","I(M1,M2;T)"
951,0.0,7.046745978491882,-1.2406502451616026,800,100,"[50, 50, 100]","I(M1,M2;T)"
952,0.0,7.218439164418227,-1.066991792094477,800,100,"[50, 50, 100]","I(M1,M2;T)"
953,0.0,7.209987066007989,-1.0832045400355481,800,100,"[50, 50, 100]","I(M1,M2;T)"
954,0.0,7.249170928966266,-1.0337576798997565,800,100,"[50, 50, 100]","I(M1,M2;T)"
955,0.0,7.171750206876283,-1.1133646211307848,800,100,"[50, 50, 100]","I(M1,M2;T)"
956,0.0,7.127077511060051,-1.1578131674122147,800,100,"[50, 50, 100]","I(M1,M2;T)"
957,0.0,7.411188169303085,-0.8724261200562315,800,100,"[50, 50, 100]","I(M1,M2;T)"
958,0.0,7.0044983947313915,-1.2727944610652981,800,100,"[50, 50, 100]","I(M1,M2;T)"
959,0.0,7.285136001415534,-0.9950252864070137,800,100,"[50, 50, 100]","I(M1,M2;T)"
960,0.0,7.085940009789387,-1.1967219752454623,800,100,"[50, 50, 100]","I(M1,M2;T)"
961,0.0,7.096026591896731,-1.1901305085384202,800,100,"[50, 50, 100]","I(M1,M2;T)"
962,0.0,7.200224603406367,-1.0731749903881393,800,100,"[50, 50, 100]","I(M1,M2;T)"
963,0.0,7.238745819760572,-1.0418993271237955,800,100,"[50, 50, 100]","I(M1,M2;T)"
964,0.0,7.172557020509776,-1.12382411926904,800,100,"[50, 50, 100]","I(M1,M2;T)"
965,0.0,7.1396869250956225,-1.1489769590034928,800,100,"[50, 50, 100]","I(M1,M2;T)"
966,0.0,7.158637449223331,-1.1202821259521727,800,100,"[50, 50, 100]","I(M1,M2;T)"
967,0.0,7.010103666084702,-1.272962496837276,800,100,"[50, 50, 100]","I(M1,M2;T)"
968,0.0,7.018335405565391,-1.2712403148538973,800,100,"[50, 50, 100]","I(M1,M2;T)"
969,0.0,7.083704755742287,-1.1966424150003636,800,100,"[50, 50, 100]","I(M1,M2;T)"
970,0.0,7.0857489326451155,-1.1963908589993952,800,100,"[50, 50, 100]","I(M1,M2;T)"
971,0.0,7.1534945074348615,-1.13760941080531,800,100,"[50, 50, 100]","I(M1,M2;T)"
972,0.0,7.203742455729388,-1.0881259349858707,800,100,"[50, 50, 100]","I(M1,M2;T)"
973,0.0,7.19670409535125,-1.0925950321324125,800,100,"[50, 50, 100]","I(M1,M2;T)"
974,0.0,7.11130256756408,-1.1679181259921068,800,100,"[50, 50, 100]","I(M1,M2;T)"
975,0.0,6.917473575938784,-1.3751283037208122,800,100,"[50, 50, 100]","I(M1,M2;T)"
976,0.0,7.270147773266194,-1.0119492285454026,800,100,"[50, 50, 100]","I(M1,M2;T)"
977,0.0,7.209485511076032,-1.07611721749827,800,100,"[50, 50, 100]","I(M1,M2;T)"
978,0.0,7.226632669717151,-1.0510945172377761,800,100,"[50, 50, 100]","I(M1,M2;T)"
979,0.0,7.143887443181134,-1.1447194619914036,800,100,"[50, 50, 100]","I(M1,M2;T)"
980,0.0,7.28401199583009,-1.0073921151578098,800,100,"[50, 50, 100]","I(M1,M2;T)"
981,0.0,7.4111935490128875,-0.8775979221234067,800,100,"[50, 50, 100]","I(M1,M2;T)"
982,0.0,7.123457231349688,-1.1504094955547686,800,100,"[50, 50, 100]","I(M1,M2;T)"
983,0.0,7.128821456444665,-1.1633274400817735,800,100,"[50, 50, 100]","I(M1,M2;T)"
984,0.0,7.13098125100732,-1.155633232513626,800,100,"[50, 50, 100]","I(M1,M2;T)"
985,0.0,7.334263746655035,-0.9602790517633526,800,100,"[50, 50, 100]","I(M1,M2;T)"
986,0.0,7.187731384798555,-1.094598108585421,800,100,"[50, 50, 100]","I(M1,M2;T)"
987,0.0,7.0438107977781454,-1.243117408508133,800,100,"[50, 50, 100]","I(M1,M2;T)"
988,0.0,7.188439599031915,-1.092182979751759,800,100,"[50, 50, 100]","I(M1,M2;T)"
989,0.0,7.1778183659095145,-1.1058821510288244,800,100,"[50, 50, 100]","I(M1,M2;T)"
990,0.0,7.283903325588437,-1.0039240413088226,800,100,"[50, 50, 100]","I(M1,M2;T)"
991,0.0,7.234200210765102,-1.058756460552762,800,100,"[50, 50, 100]","I(M1,M2;T)"
992,0.0,7.244606238414679,-1.0360411429852512,800,100,"[50, 50, 100]","I(M1,M2;T)"
993,0.0,7.284417304265126,-1.0012129854683707,800,100,"[50, 50, 100]","I(M1,M2;T)"
994,0.0,7.253465078496408,-1.0204768280430514,800,100,"[50, 50, 100]","I(M1,M2;T)"
995,0.0,7.17817834096394,-1.1077171352003914,800,100,"[50, 50, 100]","I(M1,M2;T)"
996,0.0,7.236873621743128,-1.0500386898763692,800,100,"[50, 50, 100]","I(M1,M2;T)"
997,0.0,7.170818280291746,-1.1073789091655293,800,100,"[50, 50, 100]","I(M1,M2;T)"
998,0.0,7.2539732154692675,-1.0236228514999741,800,100,"[50, 50, 100]","I(M1,M2;T)"
999,0.0,7.33906999148156,-0.9334786946990743,800,100,"[50, 50, 100]","I(M1,M2;T)"
0,0.0,11.257413057201848,-2.199768905319633,800,150,"[100, 50, 100]","I(M1,M2;T)"
1,0.0,11.252851800634362,-2.22038436007991,800,150,"[100, 50, 100]","I(M1,M2;T)"
2,0.0,11.21501156905143,-2.2550314700581815,800,150,"[100, 50, 100]","I(M1,M2;T)"
3,0.0,11.164382916379,-2.311918334961314,800,150,"[100, 50, 100]","I(M1,M2;T)"
4,0.0,11.19302780414419,-2.2875265067697583,800,150,"[100, 50, 100]","I(M1,M2;T)"
5,0.0,11.398739371632832,-2.0731338409360838,800,150,"[100, 50, 100]","I(M1,M2;T)"
6,0.0,11.0743220614042,-2.39039573652253,800,150,"[100, 50, 100]","I(M1,M2;T)"
7,0.0,11.162041285946362,-2.3019137839284394,800,150,"[100, 50, 100]","I(M1,M2;T)"
8,0.0,11.089549504021745,-2.400314492457314,800,150,"[100, 50, 100]","I(M1,M2;T)"
9,0.0,11.21421515616192,-2.2578338484814093,800,150,"[100, 50, 100]","I(M1,M2;T)"
10,0.0,11.3572646752367,-2.103570560792555,800,150,"[100, 50, 100]","I(M1,M2;T)"
11,0.0,11.10083077482275,-2.374070930175243,800,150,"[100, 50, 100]","I(M1,M2;T)"
12,0.0,11.060272904378184,-2.4118713918743566,800,150,"[100, 50, 100]","I(M1,M2;T)"
13,0.0,11.434805282011302,-2.04050702557665,800,150,"[100, 50, 100]","I(M1,M2;T)"
14,0.0,11.288243941536159,-2.1849315559209384,800,150,"[100, 50, 100]","I(M1,M2;T)"
15,0.0,11.095871377626612,-2.386312297306695,800,150,"[100, 50, 100]","I(M1,M2;T)"
16,0.0,11.158640176534965,-2.315555457455403,800,150,"[100, 50, 100]","I(M1,M2;T)"
17,0.0,11.441978880758828,-2.0305101293206462,800,150,"[100, 50, 100]","I(M1,M2;T)"
18,0.0,10.990096168001283,-2.4871932781886787,800,150,"[100, 50, 100]","I(M1,M2;T)"
19,0.0,11.015099027379382,-2.4643670485982305,800,150,"[100, 50, 100]","I(M1,M2;T)"
20,0.0,11.258178490672625,-2.2219024329855,800,150,"[100, 50, 100]","I(M1,M2;T)"
21,0.0,11.062613241675017,-2.3987643952517708,800,150,"[100, 50, 100]","I(M1,M2;T)"
22,0.0,11.382448110413637,-2.105434887205192,800,150,"[100, 50, 100]","I(M1,M2;T)"
23,0.0,11.323816336643652,-2.1567051314588017,800,150,"[100, 50, 100]","I(M1,M2;T)"
24,0.0,11.251626219860082,-2.225372537324951,800,150,"[100, 50, 100]","I(M1,M2;T)"
25,0.0,11.273481690527536,-2.2080768778851727,800,150,"[100, 50, 100]","I(M1,M2;T)"
26,0.0,11.098449482098818,-2.3698356150408895,800,150,"[100, 50, 100]","I(M1,M2;T)"
27,0.0,11.156764710614318,-2.315877960255383,800,150,"[100, 50, 100]","I(M1,M2;T)"
28,0.0,10.96822126128902,-2.5177854699880644,800,150,"[100, 50, 100]","I(M1,M2;T)"
29,0.0,11.20610088224976,-2.2638507590073935,800,150,"[100, 50, 100]","I(M1,M2;T)"
30,0.0,11.273907747111114,-2.1812367445567773,800,150,"[100, 50, 100]","I(M1,M2;T)"
31,0.0,11.075598090825752,-2.4062438599048246,800,150,"[100, 50, 100]","I(M1,M2;T)"
32,0.0,11.391776443159376,-2.0749715836472813,800,150,"[100, 50, 100]","I(M1,M2;T)"
33,0.0,11.25294034911219,-2.2304460701143896,800,150,"[100, 50, 100]","I(M1,M2;T)"
34,0.0,11.24082292651288,-2.2271695554959496,800,150,"[100, 50, 100]","I(M1,M2;T)"
35,0.0,11.314704175690839,-2.1653199096871454,800,150,"[100, 50, 100]","I(M1,M2;T)"
36,0.0,11.20145408580515,-2.2828021166528885,800,150,"[100, 50, 100]","I(M1,M2;T)"
37,0.0,11.189522038128697,-2.2908532167654077,800,150,"[100, 50, 100]","I(M1,M2;T)"
38,0.0,11.062665968363035,-2.412915027800283,800,150,"[100, 50, 100]","I(M1,M2;T)"
39,0.0,11.41513414785026,-2.068328047189988,800,150,"[100, 50, 100]","I(M1,M2;T)"
40,0.0,11.070633329211137,-2.4061352111374585,800,150,"[100, 50, 100]","I(M1,M2;T)"
41,0.0,11.263614120035392,-2.2230294431617104,800,150,"[100, 50, 100]","I(M1,M2;T)"
42,0.0,11.115993320655155,-2.3540772827645178,800,150,"[100, 50, 100]","I(M1,M2;T)"
43,0.0,11.096371188059079,-2.3823524845022845,800,150,"[100, 50, 100]","I(M1,M2;T)"
44,0.0,11.04374949653026,-2.4328955649515187,800,150,"[100, 50, 100]","I(M1,M2;T)"
45,0.0,11.348868838447098,-2.126102337116466,800,150,"[100, 50, 100]","I(M1,M2;T)"
46,0.0,10.982935586891763,-2.501719703368094,800,150,"[100, 50, 100]","I(M1,M2;T)"
47,0.0,11.10468880493903,-2.3778870122408833,800,150,"[100, 50, 100]","I(M1,M2;T)"
48,0.0,11.120057292284523,-2.354092822777817,800,150,"[100, 50, 100]","I(M1,M2;T)"
49,0.0,11.329826340473483,-2.141576252248262,800,150,"[100, 50, 100]","I(M1,M2;T)"
50,0.0,11.010648382549714,-2.4614217421739912,800,150,"[100, 50, 100]","I(M1,M2;T)"
51,0.0,11.077948450449503,-2.4059310093978183,800,150,"[100, 50, 100]","I(M1,M2;T)"
52,0.0,11.136513887949594,-2.346678292520071,800,150,"[100, 50, 100]","I(M1,M2;T)"
53,0.0,11.322909101165065,-2.1636862797775525,800,150,"[100, 50, 100]","I(M1,M2;T)"
54,0.0,11.224655095342543,-2.2435519728600823,800,150,"[100, 50, 100]","I(M1,M2;T)"
55,0.0,11.49300584783035,-1.9833861693582655,800,150,"[100, 50, 100]","I(M1,M2;T)"
56,0.0,11.08495849159607,-2.3897195235196023,800,150,"[100, 50, 100]","I(M1,M2;T)"
57,0.0,11.27957983830398,-2.183672492018065,800,150,"[100, 50, 100]","I(M1,M2;T)"
58,0.0,11.14748500972883,-2.3166277357316325,800,150,"[100, 50, 100]","I(M1,M2;T)"
59,0.0,11.122744810179745,-2.335159410755745,800,150,"[100, 50, 100]","I(M1,M2;T)"
60,0.0,11.216402818445879,-2.2633901463945882,800,150,"[100, 50, 100]","I(M1,M2;T)"
61,0.0,11.320257299655953,-2.1633176153103637,800,150,"[100, 50, 100]","I(M1,M2;T)"
62,0.0,11.273023386976986,-2.2136603435253246,800,150,"[100, 50, 100]","I(M1,M2;T)"
63,0.0,10.945118791343207,-2.529091947093722,800,150,"[100, 50, 100]","I(M1,M2;T)"
64,0.0,11.143623988937566,-2.332013291681541,800,150,"[100, 50, 100]","I(M1,M2;T)"
65,0.0,11.212788139824221,-2.259175866814539,800,150,"[100, 50, 100]","I(M1,M2;T)"
66,0.0,11.210060821871947,-2.2756744484067006,800,150,"[100, 50, 100]","I(M1,M2;T)"
67,0.0,11.29335281494767,-2.1896238409704285,800,150,"[100, 50, 100]","I(M1,M2;T)"
68,0.0,11.230448099308752,-2.2443141229838055,800,150,"[100, 50, 100]","I(M1,M2;T)"
69,0.0,11.265884113870246,-2.226198321927475,800,150,"[100, 50, 100]","I(M1,M2;T)"
70,0.0,11.22688639849582,-2.2443777054030516,800,150,"[100, 50, 100]","I(M1,M2;T)"
71,0.0,11.189627480666932,-2.2724825678478044,800,150,"[100, 50, 100]","I(M1,M2;T)"
72,0.0,11.249295036313198,-2.220589923305184,800,150,"[100, 50, 100]","I(M1,M2;T)"
73,0.0,11.099208069554692,-2.3846646420071913,800,150,"[100, 50, 100]","I(M1,M2;T)"
74,0.0,11.161965370207705,-2.295068213381649,800,150,"[100, 50, 100]","I(M1,M2;T)"
75,0.0,11.443586371210788,-2.030978859471217,800,150,"[100, 50, 100]","I(M1,M2;T)"
76,0.0,11.080469339430394,-2.4013166607652483,800,150,"[100, 50, 100]","I(M1,M2;T)"
77,0.0,11.501921275050998,-1.9697673500274995,800,150,"[100, 50, 100]","I(M1,M2;T)"
78,0.0,11.247050064581005,-2.218976141370451,800,150,"[100, 50, 100]","I(M1,M2;T)"
79,0.0,11.250381788473117,-2.2292726553957056,800,150,"[100, 50, 100]","I(M1,M2;T)"
80,0.0,11.135778044795622,-2.3309055328021504,800,150,"[100, 50, 100]","I(M1,M2;T)"
81,0.0,11.178375630257683,-2.292551555204927,800,150,"[100, 50, 100]","I(M1,M2;T)"
82,0.0,11.295885271478795,-2.1756616003474143,800,150,"[100, 50, 100]","I(M1,M2;T)"
83,0.0,11.407834988754512,-2.067262265251218,800,150,"[100, 50, 100]","I(M1,M2;T)"
84,0.0,11.162773339102065,-2.3003183296861245,800,150,"[100, 50, 100]","I(M1,M2;T)"
85,0.0,11.025173957123014,-2.4602125467384823,800,150,"[100, 50, 100]","I(M1,M2;T)"
86,0.0,11.390974789108924,-2.078499881603845,800,150,"[100, 50, 100]","I(M1,M2;T)"
87,0.0,11.17741944539028,-2.2891033045605376,800,150,"[100, 50, 100]","I(M1,M2;T)"
88,0.0,11.140159200076651,-2.317129490589993,800,150,"[100, 50, 100]","I(M1,M2;T)"
89,0.0,10.887116994513205,-2.594823590025621,800,150,"[100, 50, 100]","I(M1,M2;T)"
90,0.0,11.353166184967863,-2.108385155815192,800,150,"[100, 50, 100]","I(M1,M2;T)"
91,0.0,11.109289102057499,-2.36859615862795,800,150,"[100, 50, 100]","I(M1,M2;T)"
92,0.0,11.379294308164187,-2.0840200242706093,800,150,"[100, 50, 100]","I(M1,M2;T)"
93,0.0,10.964412510353867,-2.5196234530250035,800,150,"[100, 50, 100]","I(M1,M2;T)"
94,0.0,10.997243564561561,-2.4846058092820034,800,150,"[100, 50, 100]","I(M1,M2;T)"
95,0.0,11.210480175823038,-2.267004222013002,800,150,"[100, 50, 100]","I(M1,M2;T)"
96,0.0,11.086859801647842,-2.3815311217966624,800,150,"[100, 50, 100]","I(M1,M2;T)"
97,0.0,11.391636243624859,-2.0837054056086703,800,150,"[100, 50, 100]","I(M1,M2;T)"
98,0.0,11.246839931146637,-2.22838667716179,800,150,"[100, 50, 100]","I(M1,M2;T)"
99,0.0,10.953037472761443,-2.526709099427144,800,150,"[100, 50, 100]","I(M1,M2;T)"
100,0.0,11.132083539102538,-2.341876415140545,800,150,"[100, 50, 100]","I(M1,M2;T)"
101,0.0,11.222153854328315,-2.246110974320743,800,150,"[100, 50, 100]","I(M1,M2;T)"
102,0.0,11.029605935880259,-2.4399219189182446,800,150,"[100, 50, 100]","I(M1,M2;T)"
103,0.0,11.221907804281475,-2.255466427889564,800,150,"[100, 50, 100]","I(M1,M2;T)"
104,0.0,11.185041318815069,-2.3063014023722985,800,150,"[100, 50, 100]","I(M1,M2;T)"
105,0.0,11.055798970272987,-2.3971104311689206,800,150,"[100, 50, 100]","I(M1,M2;T)"
106,0.0,11.149389656023752,-2.3282717957036,800,150,"[100, 50, 100]","I(M1,M2;T)"
107,0.0,11.156217910825697,-2.326249632030736,800,150,"[100, 50, 100]","I(M1,M2;T)"
108,0.0,11.287537456805062,-2.184789586735503,800,150,"[100, 50, 100]","I(M1,M2;T)"
109,0.0,11.359094367419864,-2.0922930257223396,800,150,"[100, 50, 100]","I(M1,M2;T)"
110,0.0,11.08355315022329,-2.3898448122622966,800,150,"[100, 50, 100]","I(M1,M2;T)"
111,0.0,11.066155389849607,-2.3962379686422306,800,150,"[100, 50, 100]","I(M1,M2;T)"
112,0.0,11.351040967734786,-2.1227991664372876,800,150,"[100, 50, 100]","I(M1,M2;T)"
113,0.0,11.123605132017403,-2.3534662594810847,800,150,"[100, 50, 100]","I(M1,M2;T)"
114,0.0,11.21248277944908,-2.257585825738065,800,150,"[100, 50, 100]","I(M1,M2;T)"
115,0.0,11.011081321425674,-2.4680755637995713,800,150,"[100, 50, 100]","I(M1,M2;T)"
116,0.0,11.284362647463267,-2.1867545681229394,800,150,"[100, 50, 100]","I(M1,M2;T)"
117,0.0,11.244801557070165,-2.212656338875865,800,150,"[100, 50, 100]","I(M1,M2;T)"
118,0.0,11.22164113553501,-2.2568972614023615,800,150,"[100, 50, 100]","I(M1,M2;T)"
119,0.0,11.266331019483536,-2.2274954167243237,800,150,"[100, 50, 100]","I(M1,M2;T)"
120,0.0,11.282280188112448,-2.1936967798759106,800,150,"[100, 50, 100]","I(M1,M2;T)"
121,0.0,11.512744374862036,-1.9448733589771567,800,150,"[100, 50, 100]","I(M1,M2;T)"
122,0.0,11.097232040577113,-2.36130758528372,800,150,"[100, 50, 100]","I(M1,M2;T)"
123,0.0,11.332331121283605,-2.1437216895197473,800,150,"[100, 50, 100]","I(M1,M2;T)"
124,0.0,10.949949681742186,-2.5291819145341474,800,150,"[100, 50, 100]","I(M1,M2;T)"
125,0.0,11.38142890825786,-2.092600245434367,800,150,"[100, 50, 100]","I(M1,M2;T)"
126,0.0,11.178747257391235,-2.293623804157969,800,150,"[100, 50, 100]","I(M1,M2;T)"
127,0.0,11.577262420312032,-1.903701572508762,800,150,"[100, 50, 100]","I(M1,M2;T)"
128,0.0,11.151887530399394,-2.2990497641098884,800,150,"[100, 50, 100]","I(M1,M2;T)"
129,0.0,11.042321868588711,-2.429281151097559,800,150,"[100, 50, 100]","I(M1,M2;T)"
130,0.0,11.38261133966277,-2.090090989567706,800,150,"[100, 50, 100]","I(M1,M2;T)"
131,0.0,11.137937491032366,-2.3316521263960244,800,150,"[100, 50, 100]","I(M1,M2;T)"
132,0.0,11.073456170916984,-2.391131964858902,800,150,"[100, 50, 100]","I(M1,M2;T)"
133,0.0,11.30351794291573,-2.1719181272177703,800,150,"[100, 50, 100]","I(M1,M2;T)"
134,0.0,11.05500782576185,-2.4174088465035215,800,150,"[100, 50, 100]","I(M1,M2;T)"
135,0.0,11.364087004432943,-2.1221970120186917,800,150,"[100, 50, 100]","I(M1,M2;T)"
136,0.0,11.191366082691445,-2.281613366271813,800,150,"[100, 50, 100]","I(M1,M2;T)"
137,0.0,11.181896978466133,-2.283619445473466,800,150,"[100, 50, 100]","I(M1,M2;T)"
138,0.0,11.316560913858273,-2.173459142358503,800,150,"[100, 50, 100]","I(M1,M2;T)"
139,0.0,11.234913925118551,-2.247011992203241,800,150,"[100, 50, 100]","I(M1,M2;T)"
140,0.0,11.302563855266085,-2.165481509321806,800,150,"[100, 50, 100]","I(M1,M2;T)"
141,0.0,11.269673160271726,-2.1993548957124016,800,150,"[100, 50, 100]","I(M1,M2;T)"
142,0.0,11.36091649745893,-2.1117267900650987,800,150,"[100, 50, 100]","I(M1,M2;T)"
143,0.0,11.238316618147131,-2.2322517258630317,800,150,"[100, 50, 100]","I(M1,M2;T)"
144,0.0,11.392470534861271,-2.082768403930695,800,150,"[100, 50, 100]","I(M1,M2;T)"
145,0.0,11.214273532180375,-2.248805441438476,800,150,"[100, 50, 100]","I(M1,M2;T)"
146,0.0,11.001279919655895,-2.4628428271195304,800,150,"[100, 50, 100]","I(M1,M2;T)"
147,0.0,11.149554549683698,-2.313441710074418,800,150,"[100, 50, 100]","I(M1,M2;T)"
148,0.0,11.058476417780312,-2.398115234661386,800,150,"[100, 50, 100]","I(M1,M2;T)"
149,0.0,11.413949260692771,-2.064486722637346,800,150,"[100, 50, 100]","I(M1,M2;T)"
150,0.0,11.25202324960076,-2.217799889039936,800,150,"[100, 50, 100]","I(M1,M2;T)"
151,0.0,11.131152483613395,-2.3486889674436355,800,150,"[100, 50, 100]","I(M1,M2;T)"
152,0.0,11.16823031238186,-2.305394981957363,800,150,"[100, 50, 100]","I(M1,M2;T)"
153,0.0,11.271005424031124,-2.2020094320463084,800,150,"[100, 50, 100]","I(M1,M2;T)"
154,0.0,11.211493880488892,-2.2531562340279834,800,150,"[100, 50, 100]","I(M1,M2;T)"
155,0.0,11.360189449830663,-2.1116965673349046,800,150,"[100, 50, 100]","I(M1,M2;T)"
156,0.0,11.266450372789668,-2.2014240471895796,800,150,"[100, 50, 100]","I(M1,M2;T)"
157,0.0,11.110120648437844,-2.3560221486251613,800,150,"[100, 50, 100]","I(M1,M2;T)"
158,0.0,11.292298265380099,-2.1881974338638717,800,150,"[100, 50, 100]","I(M1,M2;T)"
159,0.0,11.30156793602123,-2.175403568788079,800,150,"[100, 50, 100]","I(M1,M2;T)"
160,0.0,11.36498211401241,-2.099766514450641,800,150,"[100, 50, 100]","I(M1,M2;T)"
161,0.0,11.39535559406563,-2.0856130454582402,800,150,"[100, 50, 100]","I(M1,M2;T)"
162,0.0,11.19454106744007,-2.274533996281928,800,150,"[100, 50, 100]","I(M1,M2;T)"
163,0.0,11.327011838168554,-2.1407392035728936,800,150,"[100, 50, 100]","I(M1,M2;T)"
164,0.0,11.170801233676531,-2.3061077650560033,800,150,"[100, 50, 100]","I(M1,M2;T)"
165,0.0,11.324494400399384,-2.164170567902426,800,150,"[100, 50, 100]","I(M1,M2;T)"
166,0.0,11.43581207143363,-2.027260785749233,800,150,"[100, 50, 100]","I(M1,M2;T)"
167,0.0,11.150492772149857,-2.319557783632181,800,150,"[100, 50, 100]","I(M1,M2;T)"
168,0.0,11.052956216367736,-2.405093030722732,800,150,"[100, 50, 100]","I(M1,M2;T)"
169,0.0,11.11504353374259,-2.34307685424867,800,150,"[100, 50, 100]","I(M1,M2;T)"
170,0.0,11.046018597246492,-2.432500877820848,800,150,"[100, 50, 100]","I(M1,M2;T)"
171,0.0,11.135415413850955,-2.343767681961511,800,150,"[100, 50, 100]","I(M1,M2;T)"
172,0.0,11.315000786190343,-2.1525011342113025,800,150,"[100, 50, 100]","I(M1,M2;T)"
173,0.0,11.003870673426878,-2.480975653717948,800,150,"[100, 50, 100]","I(M1,M2;T)"
174,0.0,11.301248128649483,-2.168583584104283,800,150,"[100, 50, 100]","I(M1,M2;T)"
175,0.0,11.282490141072554,-2.1917935385296214,800,150,"[100, 50, 100]","I(M1,M2;T)"
176,0.0,11.267935774961876,-2.2298361740870636,800,150,"[100, 50, 100]","I(M1,M2;T)"
177,0.0,11.026449487196773,-2.426344560069994,800,150,"[100, 50, 100]","I(M1,M2;T)"
178,0.0,11.030551396259169,-2.4382480729267186,800,150,"[100, 50, 100]","I(M1,M2;T)"
179,0.0,11.324538739883582,-2.147724992434533,800,150,"[100, 50, 100]","I(M1,M2;T)"
180,0.0,11.16456451763872,-2.303877691596803,800,150,"[100, 50, 100]","I(M1,M2;T)"
181,0.0,11.196748035997333,-2.25716506550968,800,150,"[100, 50, 100]","I(M1,M2;T)"
182,0.0,11.289829990894262,-2.181706706462693,800,150,"[100, 50, 100]","I(M1,M2;T)"
183,0.0,11.321049067443521,-2.160949066246351,800,150,"[100, 50, 100]","I(M1,M2;T)"
184,0.0,11.468403315413138,-1.9940256192822652,800,150,"[100, 50, 100]","I(M1,M2;T)"
185,0.0,11.134649448203664,-2.3347719907090365,800,150,"[100, 50, 100]","I(M1,M2;T)"
186,0.0,11.112993956476535,-2.3565439793141056,800,150,"[100, 50, 100]","I(M1,M2;T)"
187,0.0,11.012988924958403,-2.4613034011018655,800,150,"[100, 50, 100]","I(M1,M2;T)"
188,0.0,11.149571092700578,-2.324385967466192,800,150,"[100, 50, 100]","I(M1,M2;T)"
189,0.0,11.32208469538038,-2.1548066939640993,800,150,"[100, 50, 100]","I(M1,M2;T)"
190,0.0,11.22647584528599,-2.229784709746113,800,150,"[100, 50, 100]","I(M1,M2;T)"
191,0.0,11.123028572458004,-2.351236885383843,800,150,"[100, 50, 100]","I(M1,M2;T)"
192,0.0,11.361033466053433,-2.1013372501390677,800,150,"[100, 50, 100]","I(M1,M2;T)"
193,0.0,11.193548030779198,-2.285843494674305,800,150,"[100, 50, 100]","I(M1,M2;T)"
194,0.0,11.035460336049262,-2.4299706448159775,800,150,"[100, 50, 100]","I(M1,M2;T)"
195,0.0,11.21223467571991,-2.263291440005096,800,150,"[100, 50, 100]","I(M1,M2;T)"
196,0.0,11.161850305194072,-2.314566287317671,800,150,"[100, 50, 100]","I(M1,M2;T)"
197,0.0,11.38729880972155,-2.1088561905598073,800,150,"[100, 50, 100]","I(M1,M2;T)"
198,0.0,11.05526866639333,-2.4070368126367025,800,150,"[100, 50, 100]","I(M1,M2;T)"
199,0.0,11.224188727912406,-2.2516738729437247,800,150,"[100, 50, 100]","I(M1,M2;T)"
200,0.0,11.06765221324165,-2.408905504902471,800,150,"[100, 50, 100]","I(M1,M2;T)"
201,0.0,11.083628773597745,-2.389652355314297,800,150,"[100, 50, 100]","I(M1,M2;T)"
202,0.0,10.993239335945159,-2.463329471348125,800,150,"[100, 50, 100]","I(M1,M2;T)"
203,0.0,11.298001910225913,-2.1680889014246123,800,150,"[100, 50, 100]","I(M1,M2;T)"
204,0.0,11.134965110337268,-2.3280606246929594,800,150,"[100, 50, 100]","I(M1,M2;T)"
205,0.0,11.05290465629076,-2.40940812431824,800,150,"[100, 50, 100]","I(M1,M2;T)"
206,0.0,11.333046525799062,-2.1425024174067993,800,150,"[100, 50, 100]","I(M1,M2;T)"
207,0.0,11.25974894472947,-2.2107084999705524,800,150,"[100, 50, 100]","I(M1,M2;T)"
208,0.0,11.20576120239254,-2.27112225434246,800,150,"[100, 50, 100]","I(M1,M2;T)"
209,0.0,11.260651964043095,-2.208453516884024,800,150,"[100, 50, 100]","I(M1,M2;T)"
210,0.0,11.326780134055937,-2.138644988040369,800,150,"[100, 50, 100]","I(M1,M2;T)"
211,0.0,11.063475667310573,-2.410810513798369,800,150,"[100, 50, 100]","I(M1,M2;T)"
212,0.0,11.335010589151004,-2.140035739945759,800,150,"[100, 50, 100]","I(M1,M2;T)"
213,0.0,11.134338690137021,-2.3237750995926127,800,150,"[100, 50, 100]","I(M1,M2;T)"
214,0.0,11.115743956072997,-2.3701395509215857,800,150,"[100, 50, 100]","I(M1,M2;T)"
215,0.0,10.942440134649381,-2.5262111673340737,800,150,"[100, 50, 100]","I(M1,M2;T)"
216,0.0,11.11910865064613,-2.367857131634203,800,150,"[100, 50, 100]","I(M1,M2;T)"
217,0.0,10.98206762695625,-2.5004958128248624,800,150,"[100, 50, 100]","I(M1,M2;T)"
218,0.0,11.034934896324897,-2.437944624420199,800,150,"[100, 50, 100]","I(M1,M2;T)"
219,0.0,11.095240732984564,-2.376812539345279,800,150,"[100, 50, 100]","I(M1,M2;T)"
220,0.0,11.202823679919524,-2.270667250005504,800,150,"[100, 50, 100]","I(M1,M2;T)"
221,0.0,11.248853719663092,-2.229129721156964,800,150,"[100, 50, 100]","I(M1,M2;T)"
222,0.0,11.270868990116838,-2.200843705956002,800,150,"[100, 50, 100]","I(M1,M2;T)"
223,0.0,11.251328368134113,-2.231681601613081,800,150,"[100, 50, 100]","I(M1,M2;T)"
224,0.0,11.282646561134234,-2.184558740753763,800,150,"[100, 50, 100]","I(M1,M2;T)"
225,0.0,11.22736654729321,-2.2544143098030887,800,150,"[100, 50, 100]","I(M1,M2;T)"
226,0.0,11.106262226549838,-2.3543600883821725,800,150,"[100, 50, 100]","I(M1,M2;T)"
227,0.0,11.117422521669479,-2.357349848223393,800,150,"[100, 50, 100]","I(M1,M2;T)"
228,0.0,11.320985230347326,-2.1402004382090176,800,150,"[100, 50, 100]","I(M1,M2;T)"
229,0.0,11.367463984620356,-2.118021192988749,800,150,"[100, 50, 100]","I(M1,M2;T)"
230,0.0,11.261300693492508,-2.203861122607803,800,150,"[100, 50, 100]","I(M1,M2;T)"
231,0.0,11.031456898997272,-2.4392181988787733,800,150,"[100, 50, 100]","I(M1,M2;T)"
232,0.0,11.146368019777853,-2.332782157652005,800,150,"[100, 50, 100]","I(M1,M2;T)"
233,0.0,11.227017368280137,-2.24724448247985,800,150,"[100, 50, 100]","I(M1,M2;T)"
234,0.0,10.8994556766101,-2.5767726089271807,800,150,"[100, 50, 100]","I(M1,M2;T)"
235,0.0,11.371705961011482,-2.0898501798735793,800,150,"[100, 50, 100]","I(M1,M2;T)"
236,0.0,11.016948826470166,-2.4456356994078554,800,150,"[100, 50, 100]","I(M1,M2;T)"
237,0.0,11.546576000557138,-1.914869362459548,800,150,"[100, 50, 100]","I(M1,M2;T)"
238,0.0,11.275550886765691,-2.194969057852724,800,150,"[100, 50, 100]","I(M1,M2;T)"
239,0.0,11.190380913554183,-2.282953482758458,800,150,"[100, 50, 100]","I(M1,M2;T)"
240,0.0,11.163883716625648,-2.3108479336889687,800,150,"[100, 50, 100]","I(M1,M2;T)"
241,0.0,11.219633193409788,-2.2688327219038786,800,150,"[100, 50, 100]","I(M1,M2;T)"
242,0.0,11.007908412946644,-2.472129511974005,800,150,"[100, 50, 100]","I(M1,M2;T)"
243,0.0,11.210431195437856,-2.2755024369972556,800,150,"[100, 50, 100]","I(M1,M2;T)"
244,0.0,11.341707720903031,-2.135193610416515,800,150,"[100, 50, 100]","I(M1,M2;T)"
245,0.0,11.010896509148402,-2.454976757268817,800,150,"[100, 50, 100]","I(M1,M2;T)"
246,0.0,11.341899944825208,-2.1242023715902967,800,150,"[100, 50, 100]","I(M1,M2;T)"
247,0.0,11.153968392938081,-2.3264103327302745,800,150,"[100, 50, 100]","I(M1,M2;T)"
248,0.0,11.429157186021069,-2.0532163599369593,800,150,"[100, 50, 100]","I(M1,M2;T)"
249,0.0,11.36127155236549,-2.128900375947266,800,150,"[100, 50, 100]","I(M1,M2;T)"
250,0.0,11.356336419548125,-2.132982390468946,800,150,"[100, 50, 100]","I(M1,M2;T)"
251,0.0,11.113081450163211,-2.3683276233628696,800,150,"[100, 50, 100]","I(M1,M2;T)"
252,0.0,11.341605642448169,-2.1354989878377015,800,150,"[100, 50, 100]","I(M1,M2;T)"
253,0.0,11.137404569081577,-2.335964186195392,800,150,"[100, 50, 100]","I(M1,M2;T)"
254,0.0,11.247847339371887,-2.2082932157911266,800,150,"[100, 50, 100]","I(M1,M2;T)"
255,0.0,11.267409104086315,-2.2118425998414413,800,150,"[100, 50, 100]","I(M1,M2;T)"
256,0.0,11.44047553395611,-2.034515703790168,800,150,"[100, 50, 100]","I(M1,M2;T)"
257,0.0,11.285604943687849,-2.2041717049075054,800,150,"[100, 50, 100]","I(M1,M2;T)"
258,0.0,11.249741962569512,-2.2232286254610134,800,150,"[100, 50, 100]","I(M1,M2;T)"
259,0.0,11.441401056219206,-2.035608777424475,800,150,"[100, 50, 100]","I(M1,M2;T)"
260,0.0,11.259252488538683,-2.2050578372958167,800,150,"[100, 50, 100]","I(M1,M2;T)"
261,0.0,11.104553278811503,-2.364662485895522,800,150,"[100, 50, 100]","I(M1,M2;T)"
262,0.0,11.369804579234371,-2.1141327225986917,800,150,"[100, 50, 100]","I(M1,M2;T)"
263,0.0,11.20329391424383,-2.2618831423636916,800,150,"[100, 50, 100]","I(M1,M2;T)"
264,0.0,11.162485895328208,-2.2995136703882597,800,150,"[100, 50, 100]","I(M1,M2;T)"
265,0.0,11.290321775976839,-2.1771027543144985,800,150,"[100, 50, 100]","I(M1,M2;T)"
266,0.0,11.14222174451912,-2.332391495092761,800,150,"[100, 50, 100]","I(M1,M2;T)"
267,0.0,11.260525346136001,-2.199299913675887,800,150,"[100, 50, 100]","I(M1,M2;T)"
268,0.0,11.218934691892972,-2.2488782750616405,800,150,"[100, 50, 100]","I(M1,M2;T)"
269,0.0,10.92920490799283,-2.565537285634946,800,150,"[100, 50, 100]","I(M1,M2;T)"
270,0.0,11.099572276514788,-2.3698517060822883,800,150,"[100, 50, 100]","I(M1,M2;T)"
271,0.0,11.230360055566601,-2.2308795054711066,800,150,"[100, 50, 100]","I(M1,M2;T)"
272,0.0,11.32005562108006,-2.1558914151352813,800,150,"[100, 50, 100]","I(M1,M2;T)"
273,0.0,11.149698800496045,-2.3096091598679713,800,150,"[100, 50, 100]","I(M1,M2;T)"
274,0.0,11.249731714142314,-2.2220808816191564,800,150,"[100, 50, 100]","I(M1,M2;T)"
275,0.0,11.03968186878074,-2.435298268395668,800,150,"[100, 50, 100]","I(M1,M2;T)"
276,0.0,11.235066326363512,-2.233304581959729,800,150,"[100, 50, 100]","I(M1,M2;T)"
277,0.0,11.541451684153802,-1.9252363667557297,800,150,"[100, 50, 100]","I(M1,M2;T)"
278,0.0,11.340126235329041,-2.144714572444821,800,150,"[100, 50, 100]","I(M1,M2;T)"
279,0.0,11.18598386355896,-2.278096917971631,800,150,"[100, 50, 100]","I(M1,M2;T)"
280,0.0,11.441752854201985,-2.0345464844120773,800,150,"[100, 50, 100]","I(M1,M2;T)"
281,0.0,11.391363416543943,-2.0717268120386443,800,150,"[100, 50, 100]","I(M1,M2;T)"
282,0.0,11.194242474380873,-2.2863426654442875,800,150,"[100, 50, 100]","I(M1,M2;T)"
283,0.0,11.366792263011643,-2.1006817574048195,800,150,"[100, 50, 100]","I(M1,M2;T)"
284,0.0,11.223090308634115,-2.246905017216097,800,150,"[100, 50, 100]","I(M1,M2;T)"
285,0.0,11.233300566225907,-2.2259083537375393,800,150,"[100, 50, 100]","I(M1,M2;T)"
286,0.0,11.146237906836566,-2.317911079596369,800,150,"[100, 50, 100]","I(M1,M2;T)"
287,0.0,11.209124007294914,-2.2520275685892965,800,150,"[100, 50, 100]","I(M1,M2;T)"
288,0.0,11.32637562789876,-2.1457361423675643,800,150,"[100, 50, 100]","I(M1,M2;T)"
289,0.0,11.158130377319388,-2.312385886770759,800,150,"[100, 50, 100]","I(M1,M2;T)"
290,0.0,11.298322093593287,-2.1838395726727864,800,150,"[100, 50, 100]","I(M1,M2;T)"
291,0.0,11.401870389716695,-2.0772483592432014,800,150,"[100, 50, 100]","I(M1,M2;T)"
292,0.0,11.034531617872876,-2.429711714595733,800,150,"[100, 50, 100]","I(M1,M2;T)"
293,0.0,11.134646069108642,-2.34055086928646,800,150,"[100, 50, 100]","I(M1,M2;T)"
294,0.0,11.406898378691665,-2.047955169943352,800,150,"[100, 50, 100]","I(M1,M2;T)"
295,0.0,11.181973356932136,-2.2832872079574944,800,150,"[100, 50, 100]","I(M1,M2;T)"
296,0.0,10.975327806345094,-2.4907751649069922,800,150,"[100, 50, 100]","I(M1,M2;T)"
297,0.0,11.382920659519897,-2.0991382038352047,800,150,"[100, 50, 100]","I(M1,M2;T)"
298,0.0,11.388934270806834,-2.095601397311766,800,150,"[100, 50, 100]","I(M1,M2;T)"
299,0.0,11.049135189257271,-2.4228316409522037,800,150,"[100, 50, 100]","I(M1,M2;T)"
300,0.0,11.341815348050453,-2.139209629303746,800,150,"[100, 50, 100]","I(M1,M2;T)"
301,0.0,11.19870590018374,-2.2747665762631346,800,150,"[100, 50, 100]","I(M1,M2;T)"
302,0.0,11.105752736312038,-2.35886136003551,800,150,"[100, 50, 100]","I(M1,M2;T)"
303,0.0,11.195483720546333,-2.2635724905944112,800,150,"[100, 50, 100]","I(M1,M2;T)"
304,0.0,11.294446298065605,-2.179229928879499,800,150,"[100, 50, 100]","I(M1,M2;T)"
305,0.0,11.29018768071046,-2.2008047644485185,800,150,"[100, 50, 100]","I(M1,M2;T)"
306,0.0,11.159772598242569,-2.317512718180824,800,150,"[100, 50, 100]","I(M1,M2;T)"
307,0.0,11.18993236938266,-2.301803322872484,800,150,"[100, 50, 100]","I(M1,M2;T)"
308,0.0,11.05762551292468,-2.4097704934943476,800,150,"[100, 50, 100]","I(M1,M2;T)"
309,0.0,11.243548252353124,-2.2302417006350552,800,150,"[100, 50, 100]","I(M1,M2;T)"
310,0.0,11.141728559320992,-2.326023572923905,800,150,"[100, 50, 100]","I(M1,M2;T)"
311,0.0,11.310033683025239,-2.1661405727763885,800,150,"[100, 50, 100]","I(M1,M2;T)"
312,0.0,11.019984205880068,-2.462174091922652,800,150,"[100, 50, 100]","I(M1,M2;T)"
313,0.0,11.06946313871239,-2.402713852479506,800,150,"[100, 50, 100]","I(M1,M2;T)"
314,0.0,11.142175689407287,-2.310753397057228,800,150,"[100, 50, 100]","I(M1,M2;T)"
315,0.0,11.206546258882584,-2.2638345000577296,800,150,"[100, 50, 100]","I(M1,M2;T)"
316,0.0,11.551857413551971,-1.924186752736322,800,150,"[100, 50, 100]","I(M1,M2;T)"
317,0.0,10.905058548900637,-2.5664979503576113,800,150,"[100, 50, 100]","I(M1,M2;T)"
318,0.0,11.059408389150393,-2.4079505397213072,800,150,"[100, 50, 100]","I(M1,M2;T)"
319,0.0,11.18088042699762,-2.2805780164073504,800,150,"[100, 50, 100]","I(M1,M2;T)"
320,0.0,10.994514325703339,-2.4959988286034243,800,150,"[100, 50, 100]","I(M1,M2;T)"
321,0.0,11.178485728003194,-2.309488521276416,800,150,"[100, 50, 100]","I(M1,M2;T)"
322,0.0,11.068863312630267,-2.427847939803428,800,150,"[100, 50, 100]","I(M1,M2;T)"
323,0.0,11.179664625217914,-2.277971474623154,800,150,"[100, 50, 100]","I(M1,M2;T)"
324,0.0,11.134529332211164,-2.3301329904774484,800,150,"[100, 50, 100]","I(M1,M2;T)"
325,0.0,11.27557901479241,-2.1980297186520765,800,150,"[100, 50, 100]","I(M1,M2;T)"
326,0.0,11.227941446468408,-2.2404029094227536,800,150,"[100, 50, 100]","I(M1,M2;T)"
327,0.0,11.309076774725192,-2.1555185775818213,800,150,"[100, 50, 100]","I(M1,M2;T)"
328,0.0,11.218501674960489,-2.2480251350021128,800,150,"[100, 50, 100]","I(M1,M2;T)"
329,0.0,11.180866740369616,-2.2960416755591133,800,150,"[100, 50, 100]","I(M1,M2;T)"
330,0.0,11.378965121939142,-2.099262472204506,800,150,"[100, 50, 100]","I(M1,M2;T)"
331,0.0,11.145194304605617,-2.3362241735805824,800,150,"[100, 50, 100]","I(M1,M2;T)"
332,0.0,11.38915393871421,-2.0880663128849033,800,150,"[100, 50, 100]","I(M1,M2;T)"
333,0.0,11.305628908479159,-2.1767632084176256,800,150,"[100, 50, 100]","I(M1,M2;T)"
334,0.0,10.973181108476755,-2.504926107222646,800,150,"[100, 50, 100]","I(M1,M2;T)"
335,0.0,11.052191285818388,-2.4157761048278097,800,150,"[100, 50, 100]","I(M1,M2;T)"
336,0.0,11.262703067125496,-2.211463496541521,800,150,"[100, 50, 100]","I(M1,M2;T)"
337,0.0,10.91091780307104,-2.5677012567132707,800,150,"[100, 50, 100]","I(M1,M2;T)"
338,0.0,11.141633753210424,-2.350860767586015,800,150,"[100, 50, 100]","I(M1,M2;T)"
339,0.0,11.297660677502092,-2.174250834723038,800,150,"[100, 50, 100]","I(M1,M2;T)"
340,0.0,11.17460802175156,-2.2974295056202276,800,150,"[100, 50, 100]","I(M1,M2;T)"
341,0.0,11.285054938168754,-2.181744857064986,800,150,"[100, 50, 100]","I(M1,M2;T)"
342,0.0,11.056493074930588,-2.409296918503264,800,150,"[100, 50, 100]","I(M1,M2;T)"
343,0.0,11.163007360027574,-2.3144475720982403,800,150,"[100, 50, 100]","I(M1,M2;T)"
344,0.0,11.181328890402618,-2.2881658317274063,800,150,"[100, 50, 100]","I(M1,M2;T)"
345,0.0,11.237379791411096,-2.2325456610438135,800,150,"[100, 50, 100]","I(M1,M2;T)"
346,0.0,11.20576545159645,-2.2669180239376683,800,150,"[100, 50, 100]","I(M1,M2;T)"
347,0.0,11.240054221670777,-2.2167272073775237,800,150,"[100, 50, 100]","I(M1,M2;T)"
348,0.0,11.312964028407029,-2.152179361210388,800,150,"[100, 50, 100]","I(M1,M2;T)"
349,0.0,11.152549140222266,-2.3200422550569915,800,150,"[100, 50, 100]","I(M1,M2;T)"
350,0.0,11.417607612790356,-2.046286256931019,800,150,"[100, 50, 100]","I(M1,M2;T)"
351,0.0,11.237360223668986,-2.225937575915202,800,150,"[100, 50, 100]","I(M1,M2;T)"
352,0.0,11.119618132979237,-2.356421731488158,800,150,"[100, 50, 100]","I(M1,M2;T)"
353,0.0,11.143418267582852,-2.343560671218924,800,150,"[100, 50, 100]","I(M1,M2;T)"
354,0.0,11.184691703208717,-2.282636984398259,800,150,"[100, 50, 100]","I(M1,M2;T)"
355,0.0,11.346877052344453,-2.1232556889661787,800,150,"[100, 50, 100]","I(M1,M2;T)"
356,0.0,11.062110477752192,-2.4093191616150005,800,150,"[100, 50, 100]","I(M1,M2;T)"
357,0.0,11.291070023033498,-2.2023350623012465,800,150,"[100, 50, 100]","I(M1,M2;T)"
358,0.0,11.340573231287019,-2.1295329717335303,800,150,"[100, 50, 100]","I(M1,M2;T)"
359,0.0,11.230676509115659,-2.231132039550685,800,150,"[100, 50, 100]","I(M1,M2;T)"
360,0.0,11.379336811442068,-2.1114782792386375,800,150,"[100, 50, 100]","I(M1,M2;T)"
361,0.0,11.275555771575391,-2.1987738541753714,800,150,"[100, 50, 100]","I(M1,M2;T)"
362,0.0,11.171479559896301,-2.3092715257776373,800,150,"[100, 50, 100]","I(M1,M2;T)"
363,0.0,11.154729642287432,-2.331657752610697,800,150,"[100, 50, 100]","I(M1,M2;T)"
364,0.0,11.29177124538918,-2.186472957414635,800,150,"[100, 50, 100]","I(M1,M2;T)"
365,0.0,11.180682907598655,-2.2982861056944994,800,150,"[100, 50, 100]","I(M1,M2;T)"
366,0.0,11.034092213134109,-2.4375150777117245,800,150,"[100, 50, 100]","I(M1,M2;T)"
367,0.0,11.261989667804038,-2.234327601566095,800,150,"[100, 50, 100]","I(M1,M2;T)"
368,0.0,11.13523135019644,-2.333376501379961,800,150,"[100, 50, 100]","I(M1,M2;T)"
369,0.0,11.122207079750169,-2.335720756398347,800,150,"[100, 50, 100]","I(M1,M2;T)"
370,0.0,11.293736333411708,-2.1779906763779415,800,150,"[100, 50, 100]","I(M1,M2;T)"
371,0.0,11.304262675461493,-2.181579480724203,800,150,"[100, 50, 100]","I(M1,M2;T)"
372,0.0,11.201884162308488,-2.2916251749581598,800,150,"[100, 50, 100]","I(M1,M2;T)"
373,0.0,11.13538637434367,-2.33501528819264,800,150,"[100, 50, 100]","I(M1,M2;T)"
374,0.0,11.26597529921051,-2.2007338177931377,800,150,"[100, 50, 100]","I(M1,M2;T)"
375,0.0,11.004293020498363,-2.4773571191779915,800,150,"[100, 50, 100]","I(M1,M2;T)"
376,0.0,11.104928562641735,-2.3680954057692336,800,150,"[100, 50, 100]","I(M1,M2;T)"
377,0.0,10.866894856599112,-2.5866498291169293,800,150,"[100, 50, 100]","I(M1,M2;T)"
378,0.0,11.106380332191003,-2.3612252935367994,800,150,"[100, 50, 100]","I(M1,M2;T)"
379,0.0,11.328443828453274,-2.133778322849219,800,150,"[100, 50, 100]","I(M1,M2;T)"
380,0.0,11.289942224011826,-2.1884276417896036,800,150,"[100, 50, 100]","I(M1,M2;T)"
381,0.0,11.237895653244811,-2.257262070578564,800,150,"[100, 50, 100]","I(M1,M2;T)"
382,0.0,11.132250411141806,-2.3692616129185353,800,150,"[100, 50, 100]","I(M1,M2;T)"
383,0.0,11.227450223738677,-2.264738801340423,800,150,"[100, 50, 100]","I(M1,M2;T)"
384,0.0,11.119104202141207,-2.3530900648883293,800,150,"[100, 50, 100]","I(M1,M2;T)"
385,0.0,11.097053587474283,-2.374232624629389,800,150,"[100, 50, 100]","I(M1,M2;T)"
386,0.0,11.253385268061312,-2.228937814971447,800,150,"[100, 50, 100]","I(M1,M2;T)"
387,0.0,11.06579063263116,-2.407659638743066,800,150,"[100, 50, 100]","I(M1,M2;T)"
388,0.0,10.980457237596429,-2.4984775258545593,800,150,"[100, 50, 100]","I(M1,M2;T)"
389,0.0,11.341115982097225,-2.1510947428982803,800,150,"[100, 50, 100]","I(M1,M2;T)"
390,0.0,11.05967727434323,-2.4044435603162473,800,150,"[100, 50, 100]","I(M1,M2;T)"
391,0.0,11.295171323042307,-2.191776037309694,800,150,"[100, 50, 100]","I(M1,M2;T)"
392,0.0,11.183005680522808,-2.2771268197517607,800,150,"[100, 50, 100]","I(M1,M2;T)"
393,0.0,11.306052521340002,-2.166319126487476,800,150,"[100, 50, 100]","I(M1,M2;T)"
394,0.0,11.065081860876376,-2.406644076980065,800,150,"[100, 50, 100]","I(M1,M2;T)"
395,0.0,11.427767745996153,-2.0348222170521257,800,150,"[100, 50, 100]","I(M1,M2;T)"
396,0.0,11.144265647901777,-2.3158037241518006,800,150,"[100, 50, 100]","I(M1,M2;T)"
397,0.0,11.294008795673154,-2.1741372470191926,800,150,"[100, 50, 100]","I(M1,M2;T)"
398,0.0,11.293719393936007,-2.17445565730568,800,150,"[100, 50, 100]","I(M1,M2;T)"
399,0.0,11.048146313270056,-2.4255123492322532,800,150,"[100, 50, 100]","I(M1,M2;T)"
400,0.0,11.400237676392035,-2.0647357101267954,800,150,"[100, 50, 100]","I(M1,M2;T)"
401,0.0,11.207060855783565,-2.2800340142248263,800,150,"[100, 50, 100]","I(M1,M2;T)"
402,0.0,10.928918022445405,-2.5261552985147837,800,150,"[100, 50, 100]","I(M1,M2;T)"
403,0.0,11.204041837170685,-2.2700442194952117,800,150,"[100, 50, 100]","I(M1,M2;T)"
404,0.0,11.095262456229587,-2.3822566064162825,800,150,"[100, 50, 100]","I(M1,M2;T)"
405,0.0,11.203420058320507,-2.266234441457266,800,150,"[100, 50, 100]","I(M1,M2;T)"
406,0.0,11.236124247405016,-2.2527977507348513,800,150,"[100, 50, 100]","I(M1,M2;T)"
407,0.0,11.215778043422542,-2.241241364635357,800,150,"[100, 50, 100]","I(M1,M2;T)"
408,0.0,11.15831875544671,-2.320981452820769,800,150,"[100, 50, 100]","I(M1,M2;T)"
409,0.0,10.940664671656966,-2.5447601497539747,800,150,"[100, 50, 100]","I(M1,M2;T)"
410,0.0,11.386837231971274,-2.082072999171114,800,150,"[100, 50, 100]","I(M1,M2;T)"
411,0.0,11.157848166898372,-2.323551521850691,800,150,"[100, 50, 100]","I(M1,M2;T)"
412,0.0,11.074945360374082,-2.4087406461364402,800,150,"[100, 50, 100]","I(M1,M2;T)"
413,0.0,11.298845037050112,-2.1837819322133853,800,150,"[100, 50, 100]","I(M1,M2;T)"
414,0.0,11.029610887960958,-2.4332017637464123,800,150,"[100, 50, 100]","I(M1,M2;T)"
415,0.0,11.196608341771846,-2.280761107493536,800,150,"[100, 50, 100]","I(M1,M2;T)"
416,0.0,11.155267313681614,-2.3101570973081813,800,150,"[100, 50, 100]","I(M1,M2;T)"
417,0.0,11.115247634883996,-2.3564562603496597,800,150,"[100, 50, 100]","I(M1,M2;T)"
418,0.0,11.200013433625884,-2.2562450410169816,800,150,"[100, 50, 100]","I(M1,M2;T)"
419,0.0,11.264983132929256,-2.198614554696153,800,150,"[100, 50, 100]","I(M1,M2;T)"
420,0.0,11.083822454850655,-2.384850933615075,800,150,"[100, 50, 100]","I(M1,M2;T)"
421,0.0,11.304567175672624,-2.165334790286403,800,150,"[100, 50, 100]","I(M1,M2;T)"
422,0.0,11.31721763451974,-2.1671510392652795,800,150,"[100, 50, 100]","I(M1,M2;T)"
423,0.0,11.069013850614535,-2.3906623981787494,800,150,"[100, 50, 100]","I(M1,M2;T)"
424,0.0,11.175048478597688,-2.2925274318258655,800,150,"[100, 50, 100]","I(M1,M2;T)"
425,0.0,11.313103520717423,-2.1504750650170443,800,150,"[100, 50, 100]","I(M1,M2;T)"
426,0.0,11.418719066785144,-2.0638062056080084,800,150,"[100, 50, 100]","I(M1,M2;T)"
427,0.0,11.329368093866929,-2.1529266349747633,800,150,"[100, 50, 100]","I(M1,M2;T)"
428,0.0,11.179427391960562,-2.3139120050701187,800,150,"[100, 50, 100]","I(M1,M2;T)"
429,0.0,11.181184789989281,-2.2940711367065045,800,150,"[100, 50, 100]","I(M1,M2;T)"
430,0.0,11.266560090786461,-2.2088097806409674,800,150,"[100, 50, 100]","I(M1,M2;T)"
431,0.0,11.51020967689157,-1.9535981151553727,800,150,"[100, 50, 100]","I(M1,M2;T)"
432,0.0,11.341597155831678,-2.1179789109823286,800,150,"[100, 50, 100]","I(M1,M2;T)"
433,0.0,11.264160153566547,-2.201348342438779,800,150,"[100, 50, 100]","I(M1,M2;T)"
434,0.0,11.326884577793352,-2.160468874716237,800,150,"[100, 50, 100]","I(M1,M2;T)"
435,0.0,11.275263134187828,-2.20937948154938,800,150,"[100, 50, 100]","I(M1,M2;T)"
436,0.0,10.960164562206575,-2.52029594378188,800,150,"[100, 50, 100]","I(M1,M2;T)"
437,0.0,11.227686364600656,-2.245007623391313,800,150,"[100, 50, 100]","I(M1,M2;T)"
438,0.0,11.317749386178857,-2.170861897083551,800,150,"[100, 50, 100]","I(M1,M2;T)"
439,0.0,11.35432187258728,-2.100842308968611,800,150,"[100, 50, 100]","I(M1,M2;T)"
440,0.0,11.005062313921522,-2.4621620778174176,800,150,"[100, 50, 100]","I(M1,M2;T)"
441,0.0,11.209936794651448,-2.2593106974831336,800,150,"[100, 50, 100]","I(M1,M2;T)"
442,0.0,11.26607955193131,-2.1943888845636774,800,150,"[100, 50, 100]","I(M1,M2;T)"
443,0.0,11.32448076504799,-2.13779299589212,800,150,"[100, 50, 100]","I(M1,M2;T)"
444,0.0,11.195667761086371,-2.278019129355201,800,150,"[100, 50, 100]","I(M1,M2;T)"
445,0.0,11.056826080652645,-2.412299576992597,800,150,"[100, 50, 100]","I(M1,M2;T)"
446,0.0,11.174113178844264,-2.2924441303694607,800,150,"[100, 50, 100]","I(M1,M2;T)"
447,0.0,11.320443723990273,-2.1643849669131683,800,150,"[100, 50, 100]","I(M1,M2;T)"
448,0.0,11.182516554973283,-2.296545063808521,800,150,"[100, 50, 100]","I(M1,M2;T)"
449,0.0,11.260382288143466,-2.22271265014202,800,150,"[100, 50, 100]","I(M1,M2;T)"
450,0.0,11.19049891619894,-2.2867626449355516,800,150,"[100, 50, 100]","I(M1,M2;T)"
451,0.0,11.163752362158924,-2.302907101497631,800,150,"[100, 50, 100]","I(M1,M2;T)"
452,0.0,11.151206598105421,-2.3182173577703225,800,150,"[100, 50, 100]","I(M1,M2;T)"
453,0.0,11.226124904347483,-2.236355685014539,800,150,"[100, 50, 100]","I(M1,M2;T)"
454,0.0,11.208939451345245,-2.288707132404747,800,150,"[100, 50, 100]","I(M1,M2;T)"
455,0.0,11.199373482407067,-2.2660499708286803,800,150,"[100, 50, 100]","I(M1,M2;T)"
456,0.0,11.190489730820083,-2.283559540237597,800,150,"[100, 50, 100]","I(M1,M2;T)"
457,0.0,11.047387692204609,-2.4179210084471983,800,150,"[100, 50, 100]","I(M1,M2;T)"
458,0.0,11.254006087522095,-2.21807694363795,800,150,"[100, 50, 100]","I(M1,M2;T)"
459,0.0,11.132439098575315,-2.3459447260801625,800,150,"[100, 50, 100]","I(M1,M2;T)"
460,0.0,11.498616718149883,-1.9669228054869627,800,150,"[100, 50, 100]","I(M1,M2;T)"
461,0.0,11.438446527945516,-2.053196646388093,800,150,"[100, 50, 100]","I(M1,M2;T)"
462,0.0,11.309531458697737,-2.1694092463814503,800,150,"[100, 50, 100]","I(M1,M2;T)"
463,0.0,11.225732130965024,-2.2613719409707915,800,150,"[100, 50, 100]","I(M1,M2;T)"
464,0.0,10.980378750704045,-2.487454171247059,800,150,"[100, 50, 100]","I(M1,M2;T)"
465,0.0,11.119488945107813,-2.347110835023617,800,150,"[100, 50, 100]","I(M1,M2;T)"
466,0.0,11.24856738000419,-2.2227923695988085,800,150,"[100, 50, 100]","I(M1,M2;T)"
467,0.0,11.191580429452454,-2.299066047058467,800,150,"[100, 50, 100]","I(M1,M2;T)"
468,0.0,11.212208770129024,-2.266259705098344,800,150,"[100, 50, 100]","I(M1,M2;T)"
469,0.0,11.11412250528198,-2.367526141989421,800,150,"[100, 50, 100]","I(M1,M2;T)"
470,0.0,11.265707093135694,-2.1904338729300825,800,150,"[100, 50, 100]","I(M1,M2;T)"
471,0.0,11.139110296740892,-2.324390072175449,800,150,"[100, 50, 100]","I(M1,M2;T)"
472,0.0,10.957142970491027,-2.510625167010378,800,150,"[100, 50, 100]","I(M1,M2;T)"
473,0.0,11.235514287703039,-2.239271278670506,800,150,"[100, 50, 100]","I(M1,M2;T)"
474,0.0,11.133823838049274,-2.3647598528622567,800,150,"[100, 50, 100]","I(M1,M2;T)"
475,0.0,11.277799142330842,-2.1861435826941733,800,150,"[100, 50, 100]","I(M1,M2;T)"
476,0.0,11.153739896368794,-2.307736074575514,800,150,"[100, 50, 100]","I(M1,M2;T)"
477,0.0,11.371071551279904,-2.104152096429191,800,150,"[100, 50, 100]","I(M1,M2;T)"
478,0.0,11.111100233623986,-2.3638330672770262,800,150,"[100, 50, 100]","I(M1,M2;T)"
479,0.0,11.21941340499206,-2.253879223348358,800,150,"[100, 50, 100]","I(M1,M2;T)"
480,0.0,11.35108010664439,-2.141803250755343,800,150,"[100, 50, 100]","I(M1,M2;T)"
481,0.0,11.015150171465049,-2.4515592052395228,800,150,"[100, 50, 100]","I(M1,M2;T)"
482,0.0,11.07341915110745,-2.3910677341665494,800,150,"[100, 50, 100]","I(M1,M2;T)"
483,0.0,11.42031050223908,-2.055880428711669,800,150,"[100, 50, 100]","I(M1,M2;T)"
484,0.0,11.20625522548838,-2.2611129949571467,800,150,"[100, 50, 100]","I(M1,M2;T)"
485,0.0,10.810140921798993,-2.691756864081892,800,150,"[100, 50, 100]","I(M1,M2;T)"
486,0.0,11.254647102359707,-2.209293716934832,800,150,"[100, 50, 100]","I(M1,M2;T)"
487,0.0,11.341087891108806,-2.136992824052715,800,150,"[100, 50, 100]","I(M1,M2;T)"
488,0.0,11.468728876626194,-1.998318542740872,800,150,"[100, 50, 100]","I(M1,M2;T)"
489,0.0,11.28810927769867,-2.1843804667114703,800,150,"[100, 50, 100]","I(M1,M2;T)"
490,0.0,11.199835670312172,-2.2766261444778007,800,150,"[100, 50, 100]","I(M1,M2;T)"
491,0.0,11.015987365957564,-2.458535374132273,800,150,"[100, 50, 100]","I(M1,M2;T)"
492,0.0,11.108595429908899,-2.3791814391746122,800,150,"[100, 50, 100]","I(M1,M2;T)"
493,0.0,11.219519000746267,-2.248835365593111,800,150,"[100, 50, 100]","I(M1,M2;T)"
494,0.0,11.347720584196038,-2.131401722678012,800,150,"[100, 50, 100]","I(M1,M2;T)"
495,0.0,11.154792303486602,-2.311722636968449,800,150,"[100, 50, 100]","I(M1,M2;T)"
496,0.0,11.071477854760175,-2.4068289347442686,800,150,"[100, 50, 100]","I(M1,M2;T)"
497,0.0,11.110995349236013,-2.356158949725014,800,150,"[100, 50, 100]","I(M1,M2;T)"
498,0.0,11.145783795800325,-2.314727941143193,800,150,"[100, 50, 100]","I(M1,M2;T)"
499,0.0,11.19258955772559,-2.281397139785618,800,150,"[100, 50, 100]","I(M1,M2;T)"
500,0.0,10.968956979099357,-2.5116929441067626,800,150,"[100, 50, 100]","I(M1,M2;T)"
501,0.0,11.265344411460706,-2.1962250374428542,800,150,"[100, 50, 100]","I(M1,M2;T)"
502,0.0,11.360879495384694,-2.105950872224394,800,150,"[100, 50, 100]","I(M1,M2;T)"
503,0.0,11.360206665793658,-2.1048097592955575,800,150,"[100, 50, 100]","I(M1,M2;T)"
504,0.0,11.295861953333853,-2.1766202798142675,800,150,"[100, 50, 100]","I(M1,M2;T)"
505,0.0,11.091219469156712,-2.3772337707377726,800,150,"[100, 50, 100]","I(M1,M2;T)"
506,0.0,11.20866546504198,-2.2602477282907856,800,150,"[100, 50, 100]","I(M1,M2;T)"
507,0.0,11.235646543247906,-2.2474586320288203,800,150,"[100, 50, 100]","I(M1,M2;T)"
508,0.0,10.966453057075018,-2.519234484043709,800,150,"[100, 50, 100]","I(M1,M2;T)"
509,0.0,11.228507734581482,-2.2286779845148494,800,150,"[100, 50, 100]","I(M1,M2;T)"
510,0.0,11.174862230632872,-2.2879151592677722,800,150,"[100, 50, 100]","I(M1,M2;T)"
511,0.0,11.263604434215493,-2.2154538650464133,800,150,"[100, 50, 100]","I(M1,M2;T)"
512,0.0,11.30342237922649,-2.16561456306194,800,150,"[100, 50, 100]","I(M1,M2;T)"
513,0.0,11.27394179143888,-2.2125620814291533,800,150,"[100, 50, 100]","I(M1,M2;T)"
514,0.0,11.045909580294353,-2.419334636014991,800,150,"[100, 50, 100]","I(M1,M2;T)"
515,0.0,10.855512546934001,-2.623592793693467,800,150,"[100, 50, 100]","I(M1,M2;T)"
516,0.0,11.134942296603851,-2.3422621648591786,800,150,"[100, 50, 100]","I(M1,M2;T)"
517,0.0,11.11685065941087,-2.3477543821135463,800,150,"[100, 50, 100]","I(M1,M2;T)"
518,0.0,11.097499433875802,-2.3709143475703804,800,150,"[100, 50, 100]","I(M1,M2;T)"
519,0.0,11.338178739225807,-2.1633949226347653,800,150,"[100, 50, 100]","I(M1,M2;T)"
520,0.0,11.358549640937945,-2.1107188856429975,800,150,"[100, 50, 100]","I(M1,M2;T)"
521,0.0,11.261737374985609,-2.2167515645246816,800,150,"[100, 50, 100]","I(M1,M2;T)"
522,0.0,11.249603237347346,-2.2223512518388002,800,150,"[100, 50, 100]","I(M1,M2;T)"
523,0.0,11.195138163721133,-2.2747896371865064,800,150,"[100, 50, 100]","I(M1,M2;T)"
524,0.0,11.060709167361157,-2.41262212634034,800,150,"[100, 50, 100]","I(M1,M2;T)"
525,0.0,11.431371180624176,-2.0427350345614617,800,150,"[100, 50, 100]","I(M1,M2;T)"
526,0.0,11.163843565564687,-2.302518201930873,800,150,"[100, 50, 100]","I(M1,M2;T)"
527,0.0,11.323994203923393,-2.1642405318009814,800,150,"[100, 50, 100]","I(M1,M2;T)"
528,0.0,11.162138558936723,-2.3122726068337514,800,150,"[100, 50, 100]","I(M1,M2;T)"
529,0.0,11.13915540267076,-2.331661031326883,800,150,"[100, 50, 100]","I(M1,M2;T)"
530,0.0,11.468920304692059,-2.0006636025222253,800,150,"[100, 50, 100]","I(M1,M2;T)"
531,0.0,10.990498680195502,-2.480073060556329,800,150,"[100, 50, 100]","I(M1,M2;T)"
532,0.0,11.075517557530754,-2.399802855471819,800,150,"[100, 50, 100]","I(M1,M2;T)"
533,0.0,11.103405274511925,-2.3869458192266997,800,150,"[100, 50, 100]","I(M1,M2;T)"
534,0.0,11.28837731852882,-2.181350687838565,800,150,"[100, 50, 100]","I(M1,M2;T)"
535,0.0,11.170124452968746,-2.2963837850885493,800,150,"[100, 50, 100]","I(M1,M2;T)"
536,0.0,11.203283923701518,-2.266141989736452,800,150,"[100, 50, 100]","I(M1,M2;T)"
537,0.0,11.156524693920522,-2.320479951640232,800,150,"[100, 50, 100]","I(M1,M2;T)"
538,0.0,11.292364777580145,-2.1733015653030012,800,150,"[100, 50, 100]","I(M1,M2;T)"
539,0.0,11.160459926339708,-2.323627448180723,800,150,"[100, 50, 100]","I(M1,M2;T)"
540,0.0,11.148670627903755,-2.3260661325325582,800,150,"[100, 50, 100]","I(M1,M2;T)"
541,0.0,11.230764392829762,-2.2313282204575007,800,150,"[100, 50, 100]","I(M1,M2;T)"
542,0.0,11.226772348057683,-2.251183447805749,800,150,"[100, 50, 100]","I(M1,M2;T)"
543,0.0,11.168739275150841,-2.3099334243103335,800,150,"[100, 50, 100]","I(M1,M2;T)"
544,0.0,11.044551022961924,-2.430535718319126,800,150,"[100, 50, 100]","I(M1,M2;T)"
545,0.0,11.142044835775373,-2.3328380302970135,800,150,"[100, 50, 100]","I(M1,M2;T)"
546,0.0,11.04425854602989,-2.4350089674316475,800,150,"[100, 50, 100]","I(M1,M2;T)"
547,0.0,11.368660164777856,-2.105638120352502,800,150,"[100, 50, 100]","I(M1,M2;T)"
548,0.0,11.185319974683035,-2.277884620898366,800,150,"[100, 50, 100]","I(M1,M2;T)"
549,0.0,11.237539296917438,-2.2422948961532843,800,150,"[100, 50, 100]","I(M1,M2;T)"
550,0.0,11.1131454003582,-2.366108760376603,800,150,"[100, 50, 100]","I(M1,M2;T)"
551,0.0,11.27197795086256,-2.2002296683018603,800,150,"[100, 50, 100]","I(M1,M2;T)"
552,0.0,11.266173132081025,-2.2032340317243317,800,150,"[100, 50, 100]","I(M1,M2;T)"
553,0.0,11.41069721796509,-2.073130057306619,800,150,"[100, 50, 100]","I(M1,M2;T)"
554,0.0,11.146646745914794,-2.3462678509483457,800,150,"[100, 50, 100]","I(M1,M2;T)"
555,0.0,11.237042382125322,-2.230320940636439,800,150,"[100, 50, 100]","I(M1,M2;T)"
556,0.0,11.235937209150048,-2.2272907510781277,800,150,"[100, 50, 100]","I(M1,M2;T)"
557,0.0,11.44762138531185,-2.0076053124589404,800,150,"[100, 50, 100]","I(M1,M2;T)"
558,0.0,11.132378001714823,-2.354595486691574,800,150,"[100, 50, 100]","I(M1,M2;T)"
559,0.0,11.207231165780376,-2.2641703202961168,800,150,"[100, 50, 100]","I(M1,M2;T)"
560,0.0,11.204026772912105,-2.286581945917142,800,150,"[100, 50, 100]","I(M1,M2;T)"
561,0.0,11.210683639057489,-2.263760604001442,800,150,"[100, 50, 100]","I(M1,M2;T)"
562,0.0,11.403551716204337,-2.068842362842826,800,150,"[100, 50, 100]","I(M1,M2;T)"
563,0.0,11.19439897279467,-2.263694900797738,800,150,"[100, 50, 100]","I(M1,M2;T)"
564,0.0,11.198578886470814,-2.274556121517776,800,150,"[100, 50, 100]","I(M1,M2;T)"
565,0.0,11.229768902138284,-2.235460983378543,800,150,"[100, 50, 100]","I(M1,M2;T)"
566,0.0,11.121053838762503,-2.354474851135059,800,150,"[100, 50, 100]","I(M1,M2;T)"
567,0.0,11.067394618800199,-2.4023487147317333,800,150,"[100, 50, 100]","I(M1,M2;T)"
568,0.0,11.105875640728996,-2.3719334514767247,800,150,"[100, 50, 100]","I(M1,M2;T)"
569,0.0,11.284286770677205,-2.184909063356029,800,150,"[100, 50, 100]","I(M1,M2;T)"
570,0.0,11.307579283933089,-2.155246409470779,800,150,"[100, 50, 100]","I(M1,M2;T)"
571,0.0,11.158943511797146,-2.304644109642359,800,150,"[100, 50, 100]","I(M1,M2;T)"
572,0.0,11.187483920141208,-2.29010662250111,800,150,"[100, 50, 100]","I(M1,M2;T)"
573,0.0,11.186308249406844,-2.2883692911216666,800,150,"[100, 50, 100]","I(M1,M2;T)"
574,0.0,11.013386967286214,-2.460285908285437,800,150,"[100, 50, 100]","I(M1,M2;T)"
575,0.0,11.061977105585125,-2.4313659631073996,800,150,"[100, 50, 100]","I(M1,M2;T)"
576,0.0,11.175973138701682,-2.2780205638229063,800,150,"[100, 50, 100]","I(M1,M2;T)"
577,0.0,11.163682462413028,-2.3120640170206794,800,150,"[100, 50, 100]","I(M1,M2;T)"
578,0.0,11.29561656747146,-2.196352433572253,800,150,"[100, 50, 100]","I(M1,M2;T)"
579,0.0,11.12161280026093,-2.3467684305740217,800,150,"[100, 50, 100]","I(M1,M2;T)"
580,0.0,11.44998371290365,-2.0166693862330387,800,150,"[100, 50, 100]","I(M1,M2;T)"
581,0.0,11.251016004453202,-2.2417564648759,800,150,"[100, 50, 100]","I(M1,M2;T)"
582,0.0,11.305664253083231,-2.1681636364025394,800,150,"[100, 50, 100]","I(M1,M2;T)"
583,0.0,11.29172067089121,-2.1802404745225648,800,150,"[100, 50, 100]","I(M1,M2;T)"
584,0.0,11.108257610327982,-2.3596477495638055,800,150,"[100, 50, 100]","I(M1,M2;T)"
585,0.0,10.997362396608658,-2.4748782721676914,800,150,"[100, 50, 100]","I(M1,M2;T)"
586,0.0,11.136420916529705,-2.3301160200245974,800,150,"[100, 50, 100]","I(M1,M2;T)"
587,0.0,11.16393182129874,-2.3174641475844826,800,150,"[100, 50, 100]","I(M1,M2;T)"
588,0.0,11.327530715917284,-2.1502442663802146,800,150,"[100, 50, 100]","I(M1,M2;T)"
589,0.0,11.118751035004868,-2.343645347282459,800,150,"[100, 50, 100]","I(M1,M2;T)"
590,0.0,11.145975503506888,-2.3330983236921945,800,150,"[100, 50, 100]","I(M1,M2;T)"
591,0.0,11.283496957281494,-2.1847402118843107,800,150,"[100, 50, 100]","I(M1,M2;T)"
592,0.0,11.149092835350078,-2.3268061866796863,800,150,"[100, 50, 100]","I(M1,M2;T)"
593,0.0,10.901918552754271,-2.5677743251149963,800,150,"[100, 50, 100]","I(M1,M2;T)"
594,0.0,11.380612210218816,-2.0875531878161784,800,150,"[100, 50, 100]","I(M1,M2;T)"
595,0.0,11.060207046109571,-2.407621478616095,800,150,"[100, 50, 100]","I(M1,M2;T)"
596,0.0,11.067271474495016,-2.4080598498934584,800,150,"[100, 50, 100]","I(M1,M2;T)"
597,0.0,11.307591070535562,-2.1719700558254846,800,150,"[100, 50, 100]","I(M1,M2;T)"
598,0.0,11.228731365256268,-2.253129040215647,800,150,"[100, 50, 100]","I(M1,M2;T)"
599,0.0,11.077046531810392,-2.4013378232848996,800,150,"[100, 50, 100]","I(M1,M2;T)"
600,0.0,11.341851176604102,-2.1389401427717445,800,150,"[100, 50, 100]","I(M1,M2;T)"
601,0.0,11.279155216261081,-2.200543558982801,800,150,"[100, 50, 100]","I(M1,M2;T)"
602,0.0,11.162810720280822,-2.313730198097419,800,150,"[100, 50, 100]","I(M1,M2;T)"
603,0.0,11.238096004580548,-2.234472498978505,800,150,"[100, 50, 100]","I(M1,M2;T)"
604,0.0,11.226638563235506,-2.251368943239452,800,150,"[100, 50, 100]","I(M1,M2;T)"
605,0.0,11.417216169018122,-2.0549402218216866,800,150,"[100, 50, 100]","I(M1,M2;T)"
606,0.0,11.182337977627895,-2.294647604933825,800,150,"[100, 50, 100]","I(M1,M2;T)"
607,0.0,11.128103553364834,-2.3518242991266494,800,150,"[100, 50, 100]","I(M1,M2;T)"
608,0.0,11.188357322418552,-2.2731920639559817,800,150,"[100, 50, 100]","I(M1,M2;T)"
609,0.0,11.275474000951146,-2.203268357961514,800,150,"[100, 50, 100]","I(M1,M2;T)"
610,0.0,11.220675906082374,-2.245309196932597,800,150,"[100, 50, 100]","I(M1,M2;T)"
611,0.0,11.223341081712375,-2.2450818078463186,800,150,"[100, 50, 100]","I(M1,M2;T)"
612,0.0,11.209917927563666,-2.253349193918,800,150,"[100, 50, 100]","I(M1,M2;T)"
613,0.0,11.307353325608734,-2.1695887831982983,800,150,"[100, 50, 100]","I(M1,M2;T)"
614,0.0,11.196671043767086,-2.278999226882773,800,150,"[100, 50, 100]","I(M1,M2;T)"
615,0.0,11.116390900450702,-2.3668984522127516,800,150,"[100, 50, 100]","I(M1,M2;T)"
616,0.0,11.317382414008321,-2.1464314523920933,800,150,"[100, 50, 100]","I(M1,M2;T)"
617,0.0,11.046934171990873,-2.4237940223853407,800,150,"[100, 50, 100]","I(M1,M2;T)"
618,0.0,11.136706123376124,-2.3539765033381936,800,150,"[100, 50, 100]","I(M1,M2;T)"
619,0.0,11.16498874476202,-2.294637418281715,800,150,"[100, 50, 100]","I(M1,M2;T)"
620,0.0,11.055165807486304,-2.4007739158783874,800,150,"[100, 50, 100]","I(M1,M2;T)"
621,0.0,11.203123917929684,-2.26319489561328,800,150,"[100, 50, 100]","I(M1,M2;T)"
622,0.0,11.082337794392487,-2.3928905967995355,800,150,"[100, 50, 100]","I(M1,M2;T)"
623,0.0,11.338960441166016,-2.1280112400288793,800,150,"[100, 50, 100]","I(M1,M2;T)"
624,0.0,11.382531144156683,-2.096485583265908,800,150,"[100, 50, 100]","I(M1,M2;T)"
625,0.0,11.238499524263542,-2.2453660881767217,800,150,"[100, 50, 100]","I(M1,M2;T)"
626,0.0,11.161073913959006,-2.3297855589108636,800,150,"[100, 50, 100]","I(M1,M2;T)"
627,0.0,11.244197217629518,-2.2215147348229944,800,150,"[100, 50, 100]","I(M1,M2;T)"
628,0.0,11.113271762674174,-2.368228195915078,800,150,"[100, 50, 100]","I(M1,M2;T)"
629,0.0,11.057889103053016,-2.4375055899670706,800,150,"[100, 50, 100]","I(M1,M2;T)"
630,0.0,11.153783408456759,-2.318130106145283,800,150,"[100, 50, 100]","I(M1,M2;T)"
631,0.0,11.182216584766302,-2.2896660420132644,800,150,"[100, 50, 100]","I(M1,M2;T)"
632,0.0,10.885539291083761,-2.586071566827931,800,150,"[100, 50, 100]","I(M1,M2;T)"
633,0.0,11.218361793158447,-2.242887531987929,800,150,"[100, 50, 100]","I(M1,M2;T)"
634,0.0,11.285624607868147,-2.1979347782384426,800,150,"[100, 50, 100]","I(M1,M2;T)"
635,0.0,11.151165546789027,-2.3313540570651927,800,150,"[100, 50, 100]","I(M1,M2;T)"
636,0.0,11.184428442722165,-2.2886093276793886,800,150,"[100, 50, 100]","I(M1,M2;T)"
637,0.0,11.115913619903187,-2.379641972781018,800,150,"[100, 50, 100]","I(M1,M2;T)"
638,0.0,11.231045466673917,-2.2310297463377786,800,150,"[100, 50, 100]","I(M1,M2;T)"
639,0.0,11.213240341303678,-2.2691302584681026,800,150,"[100, 50, 100]","I(M1,M2;T)"
640,0.0,11.227377919662521,-2.268452062679321,800,150,"[100, 50, 100]","I(M1,M2;T)"
641,0.0,11.242899283348061,-2.24171931446703,800,150,"[100, 50, 100]","I(M1,M2;T)"
642,0.0,11.090997589996725,-2.3993731765485133,800,150,"[100, 50, 100]","I(M1,M2;T)"
643,0.0,10.956644843243906,-2.517672256509229,800,150,"[100, 50, 100]","I(M1,M2;T)"
644,0.0,10.920920529312898,-2.5319699930937265,800,150,"[100, 50, 100]","I(M1,M2;T)"
645,0.0,11.24176298008404,-2.2360757397977853,800,150,"[100, 50, 100]","I(M1,M2;T)"
646,0.0,11.395299654360977,-2.091951661021353,800,150,"[100, 50, 100]","I(M1,M2;T)"
647,0.0,11.030429330325996,-2.4293355229192866,800,150,"[100, 50, 100]","I(M1,M2;T)"
648,0.0,11.146235437191203,-2.3437360435302086,800,150,"[100, 50, 100]","I(M1,M2;T)"
649,0.0,11.130197205961501,-2.3518126270735333,800,150,"[100, 50, 100]","I(M1,M2;T)"
650,0.0,11.31268811724533,-2.156875124479095,800,150,"[100, 50, 100]","I(M1,M2;T)"
651,0.0,11.340936948954967,-2.1319057218616617,800,150,"[100, 50, 100]","I(M1,M2;T)"
652,0.0,11.153151895232806,-2.313548135018932,800,150,"[100, 50, 100]","I(M1,M2;T)"
653,0.0,11.064409425745193,-2.399188158121623,800,150,"[100, 50, 100]","I(M1,M2;T)"
654,0.0,11.061734470491634,-2.414931031447125,800,150,"[100, 50, 100]","I(M1,M2;T)"
655,0.0,11.196562328088326,-2.289461403457599,800,150,"[100, 50, 100]","I(M1,M2;T)"
656,0.0,11.249339979774966,-2.211240723504689,800,150,"[100, 50, 100]","I(M1,M2;T)"
657,0.0,10.997485744815194,-2.489145026818772,800,150,"[100, 50, 100]","I(M1,M2;T)"
658,0.0,11.30572057648194,-2.1616158132600027,800,150,"[100, 50, 100]","I(M1,M2;T)"
659,0.0,11.170990174199876,-2.3157155758713817,800,150,"[100, 50, 100]","I(M1,M2;T)"
660,0.0,11.174374101731347,-2.292337223038853,800,150,"[100, 50, 100]","I(M1,M2;T)"
661,0.0,11.293904947620073,-2.176193095856245,800,150,"[100, 50, 100]","I(M1,M2;T)"
662,0.0,11.162129373649694,-2.3002094237100614,800,150,"[100, 50, 100]","I(M1,M2;T)"
663,0.0,11.16942826696042,-2.3067439785459705,800,150,"[100, 50, 100]","I(M1,M2;T)"
664,0.0,11.248330523010182,-2.2231084264258545,800,150,"[100, 50, 100]","I(M1,M2;T)"
665,0.0,10.974581955143455,-2.4997004907526588,800,150,"[100, 50, 100]","I(M1,M2;T)"
666,0.0,11.274040311974371,-2.201039571935981,800,150,"[100, 50, 100]","I(M1,M2;T)"
667,0.0,11.24569737065982,-2.222589620432938,800,150,"[100, 50, 100]","I(M1,M2;T)"
668,0.0,11.110248426226283,-2.3688415411218653,800,150,"[100, 50, 100]","I(M1,M2;T)"
669,0.0,11.17156185830051,-2.31657286189974,800,150,"[100, 50, 100]","I(M1,M2;T)"
670,0.0,11.47727141147103,-1.986881905860189,800,150,"[100, 50, 100]","I(M1,M2;T)"
671,0.0,11.0795831859304,-2.395286268809139,800,150,"[100, 50, 100]","I(M1,M2;T)"
672,0.0,11.170298763257408,-2.2915160848719296,800,150,"[100, 50, 100]","I(M1,M2;T)"
673,0.0,11.220831043361226,-2.242090775931686,800,150,"[100, 50, 100]","I(M1,M2;T)"
674,0.0,11.268780365618682,-2.2065892108507654,800,150,"[100, 50, 100]","I(M1,M2;T)"
675,0.0,11.078280538056115,-2.3940637281107726,800,150,"[100, 50, 100]","I(M1,M2;T)"
676,0.0,11.276387067575394,-2.2117283160979895,800,150,"[100, 50, 100]","I(M1,M2;T)"
677,0.0,11.228348768100611,-2.250936020107119,800,150,"[100, 50, 100]","I(M1,M2;T)"
678,0.0,11.085133479265664,-2.3978572688945725,800,150,"[100, 50, 100]","I(M1,M2;T)"
679,0.0,11.194383812618803,-2.275629629473201,800,150,"[100, 50, 100]","I(M1,M2;T)"
680,0.0,11.19472384507759,-2.274368324485719,800,150,"[100, 50, 100]","I(M1,M2;T)"
681,0.0,11.363187733812197,-2.134711843215312,800,150,"[100, 50, 100]","I(M1,M2;T)"
682,0.0,11.19861138565098,-2.2716999623645524,800,150,"[100, 50, 100]","I(M1,M2;T)"
683,0.0,11.212684702085697,-2.247992955885721,800,150,"[100, 50, 100]","I(M1,M2;T)"
684,0.0,11.111746750867088,-2.350735820773009,800,150,"[100, 50, 100]","I(M1,M2;T)"
685,0.0,11.12839671481565,-2.339959247721337,800,150,"[100, 50, 100]","I(M1,M2;T)"
686,0.0,11.049995583730603,-2.423974311279716,800,150,"[100, 50, 100]","I(M1,M2;T)"
687,0.0,11.273126150702124,-2.1995498121066674,800,150,"[100, 50, 100]","I(M1,M2;T)"
688,0.0,11.340738820366884,-2.1255760965111623,800,150,"[100, 50, 100]","I(M1,M2;T)"
689,0.0,11.245860028150267,-2.2316124963659583,800,150,"[100, 50, 100]","I(M1,M2;T)"
690,0.0,11.08058284889659,-2.400019106464395,800,150,"[100, 50, 100]","I(M1,M2;T)"
691,0.0,11.235653863302481,-2.237911775122857,800,150,"[100, 50, 100]","I(M1,M2;T)"
692,0.0,11.296742002401317,-2.182381879011686,800,150,"[100, 50, 100]","I(M1,M2;T)"
693,0.0,11.231542950058406,-2.238057976923187,800,150,"[100, 50, 100]","I(M1,M2;T)"
694,0.0,11.293169046634626,-2.173481185425267,800,150,"[100, 50, 100]","I(M1,M2;T)"
695,0.0,11.210390912437699,-2.263344160019914,800,150,"[100, 50, 100]","I(M1,M2;T)"
696,0.0,11.212323573296164,-2.266788294313807,800,150,"[100, 50, 100]","I(M1,M2;T)"
697,0.0,11.255677270748945,-2.225983488966051,800,150,"[100, 50, 100]","I(M1,M2;T)"
698,0.0,11.183311027791335,-2.2951254672224266,800,150,"[100, 50, 100]","I(M1,M2;T)"
699,0.0,11.39589011776398,-2.066565844529743,800,150,"[100, 50, 100]","I(M1,M2;T)"
700,0.0,11.22782683048458,-2.2337127657099973,800,150,"[100, 50, 100]","I(M1,M2;T)"
701,0.0,11.291614768362523,-2.1759230379472907,800,150,"[100, 50, 100]","I(M1,M2;T)"
702,0.0,11.102157242662354,-2.3796755006963277,800,150,"[100, 50, 100]","I(M1,M2;T)"
703,0.0,11.304317410864106,-2.1610111286662548,800,150,"[100, 50, 100]","I(M1,M2;T)"
704,0.0,11.248898587226314,-2.2274279916312167,800,150,"[100, 50, 100]","I(M1,M2;T)"
705,0.0,11.356452823719746,-2.111446246499442,800,150,"[100, 50, 100]","I(M1,M2;T)"
706,0.0,11.328063320617648,-2.1487422380107652,800,150,"[100, 50, 100]","I(M1,M2;T)"
707,0.0,11.177177728047173,-2.2848700707421425,800,150,"[100, 50, 100]","I(M1,M2;T)"
708,0.0,11.210530555346558,-2.269443595476618,800,150,"[100, 50, 100]","I(M1,M2;T)"
709,0.0,11.3615622542479,-2.1118964521641335,800,150,"[100, 50, 100]","I(M1,M2;T)"
710,0.0,11.47341951898338,-1.9989828523162547,800,150,"[100, 50, 100]","I(M1,M2;T)"
711,0.0,11.154819390645192,-2.306211614323681,800,150,"[100, 50, 100]","I(M1,M2;T)"
712,0.0,11.376353821815863,-2.105047361120805,800,150,"[100, 50, 100]","I(M1,M2;T)"
713,0.0,11.211395805527006,-2.2569009228026395,800,150,"[100, 50, 100]","I(M1,M2;T)"
714,0.0,11.137225614787397,-2.3343863038705095,800,150,"[100, 50, 100]","I(M1,M2;T)"
715,0.0,11.073049707020177,-2.4001564653289655,800,150,"[100, 50, 100]","I(M1,M2;T)"
716,0.0,11.365561462101624,-2.096435793208114,800,150,"[100, 50, 100]","I(M1,M2;T)"
717,0.0,11.130619944131617,-2.3312451572626482,800,150,"[100, 50, 100]","I(M1,M2;T)"
718,0.0,11.22998282171102,-2.243776313252047,800,150,"[100, 50, 100]","I(M1,M2;T)"
719,0.0,11.11672282045387,-2.364291547581729,800,150,"[100, 50, 100]","I(M1,M2;T)"
720,0.0,11.372486094338715,-2.099127513677413,800,150,"[100, 50, 100]","I(M1,M2;T)"
721,0.0,11.294429237894569,-2.1935322024680115,800,150,"[100, 50, 100]","I(M1,M2;T)"
722,0.0,11.070199104536181,-2.375630907444142,800,150,"[100, 50, 100]","I(M1,M2;T)"
723,0.0,11.400895652961582,-2.083478071671946,800,150,"[100, 50, 100]","I(M1,M2;T)"
724,0.0,11.199582461035831,-2.2778938834245572,800,150,"[100, 50, 100]","I(M1,M2;T)"
725,0.0,11.264021135569909,-2.2070125781977215,800,150,"[100, 50, 100]","I(M1,M2;T)"
726,0.0,11.044558490863514,-2.420980506763181,800,150,"[100, 50, 100]","I(M1,M2;T)"
727,0.0,11.073301272149108,-2.3810150884382466,800,150,"[100, 50, 100]","I(M1,M2;T)"
728,0.0,11.303758651008966,-2.180727122454444,800,150,"[100, 50, 100]","I(M1,M2;T)"
729,0.0,11.25018351562419,-2.234321019770146,800,150,"[100, 50, 100]","I(M1,M2;T)"
730,0.0,11.05934675116455,-2.398954867032252,800,150,"[100, 50, 100]","I(M1,M2;T)"
731,0.0,11.216478396363142,-2.252054838945332,800,150,"[100, 50, 100]","I(M1,M2;T)"
732,0.0,10.895367598219158,-2.572814466575421,800,150,"[100, 50, 100]","I(M1,M2;T)"
733,0.0,11.216519846767302,-2.251270917025053,800,150,"[100, 50, 100]","I(M1,M2;T)"
734,0.0,11.122142741854876,-2.336735452728279,800,150,"[100, 50, 100]","I(M1,M2;T)"
735,0.0,11.082039907339652,-2.3921872955457015,800,150,"[100, 50, 100]","I(M1,M2;T)"
736,0.0,11.441805474488271,-2.0406848761816505,800,150,"[100, 50, 100]","I(M1,M2;T)"
737,0.0,11.182697785518242,-2.2945732881438623,800,150,"[100, 50, 100]","I(M1,M2;T)"
738,0.0,11.152300207244785,-2.3014304851629213,800,150,"[100, 50, 100]","I(M1,M2;T)"
739,0.0,11.366390257173379,-2.1182133974953743,800,150,"[100, 50, 100]","I(M1,M2;T)"
740,0.0,11.211832941209902,-2.2694654429658545,800,150,"[100, 50, 100]","I(M1,M2;T)"
741,0.0,11.295902901976767,-2.1682266465125686,800,150,"[100, 50, 100]","I(M1,M2;T)"
742,0.0,11.331428654719208,-2.1427546456637216,800,150,"[100, 50, 100]","I(M1,M2;T)"
743,0.0,11.178372235653262,-2.3078098394818376,800,150,"[100, 50, 100]","I(M1,M2;T)"
744,0.0,10.990790465180307,-2.478625484310271,800,150,"[100, 50, 100]","I(M1,M2;T)"
745,0.0,11.164158324468994,-2.3382765956194813,800,150,"[100, 50, 100]","I(M1,M2;T)"
746,0.0,11.00428789008242,-2.4554581922164846,800,150,"[100, 50, 100]","I(M1,M2;T)"
747,0.0,11.090786611890366,-2.393686012813802,800,150,"[100, 50, 100]","I(M1,M2;T)"
748,0.0,11.11083325531153,-2.3675146479913725,800,150,"[100, 50, 100]","I(M1,M2;T)"
749,0.0,11.05436223753155,-2.422085161171106,800,150,"[100, 50, 100]","I(M1,M2;T)"
750,0.0,11.20727856893702,-2.2657870914719727,800,150,"[100, 50, 100]","I(M1,M2;T)"
751,0.0,11.28678999349361,-2.1987197799533167,800,150,"[100, 50, 100]","I(M1,M2;T)"
752,0.0,11.34782995045148,-2.1282502913050685,800,150,"[100, 50, 100]","I(M1,M2;T)"
753,0.0,11.077169954366395,-2.3902637178312034,800,150,"[100, 50, 100]","I(M1,M2;T)"
754,0.0,11.247496390230115,-2.2277156337986064,800,150,"[100, 50, 100]","I(M1,M2;T)"
755,0.0,11.144469013113707,-2.329781473121816,800,150,"[100, 50, 100]","I(M1,M2;T)"
756,0.0,11.207890380281256,-2.2611631267865597,800,150,"[100, 50, 100]","I(M1,M2;T)"
757,0.0,11.19997585892612,-2.274762246643375,800,150,"[100, 50, 100]","I(M1,M2;T)"
758,0.0,11.01327197922442,-2.464803788834411,800,150,"[100, 50, 100]","I(M1,M2;T)"
759,0.0,11.429061246448928,-2.030835757064203,800,150,"[100, 50, 100]","I(M1,M2;T)"
760,0.0,11.208011644616843,-2.260489714296229,800,150,"[100, 50, 100]","I(M1,M2;T)"
761,0.0,11.321651996360831,-2.160211696385698,800,150,"[100, 50, 100]","I(M1,M2;T)"
762,0.0,11.153382141998307,-2.3155318586942553,800,150,"[100, 50, 100]","I(M1,M2;T)"
763,0.0,11.216450911021024,-2.251268449873173,800,150,"[100, 50, 100]","I(M1,M2;T)"
764,0.0,11.320626912438296,-2.144564237745513,800,150,"[100, 50, 100]","I(M1,M2;T)"
765,0.0,11.3555599947876,-2.12636180772998,800,150,"[100, 50, 100]","I(M1,M2;T)"
766,0.0,11.178711157919642,-2.297748532644313,800,150,"[100, 50, 100]","I(M1,M2;T)"
767,0.0,11.225401098560273,-2.2535014171870174,800,150,"[100, 50, 100]","I(M1,M2;T)"
768,0.0,11.120953928497386,-2.3489310910669357,800,150,"[100, 50, 100]","I(M1,M2;T)"
769,0.0,11.089038463459513,-2.3727101788884966,800,150,"[100, 50, 100]","I(M1,M2;T)"
770,0.0,11.081731620163112,-2.3967231701950595,800,150,"[100, 50, 100]","I(M1,M2;T)"
771,0.0,11.129778080443453,-2.3427378234431675,800,150,"[100, 50, 100]","I(M1,M2;T)"
772,0.0,11.425235175955494,-2.055318835704224,800,150,"[100, 50, 100]","I(M1,M2;T)"
773,0.0,11.131715239803757,-2.347759939983021,800,150,"[100, 50, 100]","I(M1,M2;T)"
774,0.0,11.166248383769808,-2.314355212430316,800,150,"[100, 50, 100]","I(M1,M2;T)"
775,0.0,11.330971255784887,-2.150131937487597,800,150,"[100, 50, 100]","I(M1,M2;T)"
776,0.0,11.106101244231102,-2.3721370749346455,800,150,"[100, 50, 100]","I(M1,M2;T)"
777,0.0,11.08565487926118,-2.388672436793927,800,150,"[100, 50, 100]","I(M1,M2;T)"
778,0.0,11.151359345920408,-2.321658724829719,800,150,"[100, 50, 100]","I(M1,M2;T)"
779,0.0,11.117623174036828,-2.3572740059851345,800,150,"[100, 50, 100]","I(M1,M2;T)"
780,0.0,11.391094932889665,-2.094004881663727,800,150,"[100, 50, 100]","I(M1,M2;T)"
781,0.0,11.223322412030612,-2.250041440155023,800,150,"[100, 50, 100]","I(M1,M2;T)"
782,0.0,11.428042656910929,-2.0660275946887,800,150,"[100, 50, 100]","I(M1,M2;T)"
783,0.0,11.279377342256286,-2.2068858205930972,800,150,"[100, 50, 100]","I(M1,M2;T)"
784,0.0,11.198183512230287,-2.2844398356007165,800,150,"[100, 50, 100]","I(M1,M2;T)"
785,0.0,11.212969093514324,-2.256867737891186,800,150,"[100, 50, 100]","I(M1,M2;T)"
786,0.0,11.185962771356808,-2.297666108137843,800,150,"[100, 50, 100]","I(M1,M2;T)"
787,0.0,11.405692505856276,-2.059432353452946,800,150,"[100, 50, 100]","I(M1,M2;T)"
788,0.0,11.305115468841498,-2.167920962077144,800,150,"[100, 50, 100]","I(M1,M2;T)"
789,0.0,10.996291614525335,-2.477159811438405,800,150,"[100, 50, 100]","I(M1,M2;T)"
790,0.0,11.215064296817024,-2.266609025302298,800,150,"[100, 50, 100]","I(M1,M2;T)"
791,0.0,11.077015668014353,-2.3863910161323663,800,150,"[100, 50, 100]","I(M1,M2;T)"
792,0.0,10.950539381909634,-2.506855372049527,800,150,"[100, 50, 100]","I(M1,M2;T)"
793,0.0,11.317674433516583,-2.156048000260194,800,150,"[100, 50, 100]","I(M1,M2;T)"
794,0.0,11.46593432488684,-1.9969253848814255,800,150,"[100, 50, 100]","I(M1,M2;T)"
795,0.0,11.110275390759403,-2.3663866480225373,800,150,"[100, 50, 100]","I(M1,M2;T)"
796,0.0,11.233843329064168,-2.2308174139248838,800,150,"[100, 50, 100]","I(M1,M2;T)"
797,0.0,11.362933816832056,-2.1416362642948528,800,150,"[100, 50, 100]","I(M1,M2;T)"
798,0.0,11.29116914483107,-2.1898268074374183,800,150,"[100, 50, 100]","I(M1,M2;T)"
799,0.0,11.141503744818394,-2.3390281069836067,800,150,"[100, 50, 100]","I(M1,M2;T)"
800,0.0,11.162255855972553,-2.3131514612376947,800,150,"[100, 50, 100]","I(M1,M2;T)"
801,0.0,11.080525339358577,-2.3947909016132396,800,150,"[100, 50, 100]","I(M1,M2;T)"
802,0.0,11.154911862650724,-2.3335397225204684,800,150,"[100, 50, 100]","I(M1,M2;T)"
803,0.0,11.327388842924263,-2.1619245775205016,800,150,"[100, 50, 100]","I(M1,M2;T)"
804,0.0,11.461675669339627,-2.004438986356295,800,150,"[100, 50, 100]","I(M1,M2;T)"
805,0.0,11.122987781814476,-2.3552455264747643,800,150,"[100, 50, 100]","I(M1,M2;T)"
806,0.0,11.267090295396297,-2.212261982438756,800,150,"[100, 50, 100]","I(M1,M2;T)"
807,0.0,11.372925011843526,-2.10289949881661,800,150,"[100, 50, 100]","I(M1,M2;T)"
808,0.0,11.111089009754954,-2.3557303916488372,800,150,"[100, 50, 100]","I(M1,M2;T)"
809,0.0,11.15335224073871,-2.3279166366321444,800,150,"[100, 50, 100]","I(M1,M2;T)"
810,0.0,10.964974792416182,-2.515294397607134,800,150,"[100, 50, 100]","I(M1,M2;T)"
811,0.0,11.010864606080098,-2.4563811108038376,800,150,"[100, 50, 100]","I(M1,M2;T)"
812,0.0,11.092944018812084,-2.3866127642402404,800,150,"[100, 50, 100]","I(M1,M2;T)"
813,0.0,11.332254458274647,-2.142570175920687,800,150,"[100, 50, 100]","I(M1,M2;T)"
814,0.0,11.339073091308052,-2.115307228003344,800,150,"[100, 50, 100]","I(M1,M2;T)"
815,0.0,11.130096028923436,-2.3421633077915125,800,150,"[100, 50, 100]","I(M1,M2;T)"
816,0.0,11.146382600925834,-2.3321834786494,800,150,"[100, 50, 100]","I(M1,M2;T)"
817,0.0,11.04320427352486,-2.4335647325345384,800,150,"[100, 50, 100]","I(M1,M2;T)"
818,0.0,11.201740931920485,-2.2699366431311585,800,150,"[100, 50, 100]","I(M1,M2;T)"
819,0.0,11.31587984534044,-2.157260801655518,800,150,"[100, 50, 100]","I(M1,M2;T)"
820,0.0,11.287855102902808,-2.1767587941325797,800,150,"[100, 50, 100]","I(M1,M2;T)"
821,0.0,11.094351877214526,-2.371941588197174,800,150,"[100, 50, 100]","I(M1,M2;T)"
822,0.0,11.306083497983614,-2.174691310425951,800,150,"[100, 50, 100]","I(M1,M2;T)"
823,0.0,11.126528446291564,-2.3404600888215317,800,150,"[100, 50, 100]","I(M1,M2;T)"
824,0.0,11.182115551106817,-2.282650478149849,800,150,"[100, 50, 100]","I(M1,M2;T)"
825,0.0,11.022483397684118,-2.4316548619038514,800,150,"[100, 50, 100]","I(M1,M2;T)"
826,0.0,11.09011380099502,-2.3837797638138127,800,150,"[100, 50, 100]","I(M1,M2;T)"
827,0.0,11.183525502453087,-2.297714827927752,800,150,"[100, 50, 100]","I(M1,M2;T)"
828,0.0,11.188614857762971,-2.2805305381573557,800,150,"[100, 50, 100]","I(M1,M2;T)"
829,0.0,11.0883390467371,-2.3763395650613273,800,150,"[100, 50, 100]","I(M1,M2;T)"
830,0.0,11.310043467101615,-2.1473898779646294,800,150,"[100, 50, 100]","I(M1,M2;T)"
831,0.0,11.454989645702135,-2.009870147399541,800,150,"[100, 50, 100]","I(M1,M2;T)"
832,0.0,11.087119877663522,-2.38221511426058,800,150,"[100, 50, 100]","I(M1,M2;T)"
833,0.0,11.176354810851503,-2.286858510337183,800,150,"[100, 50, 100]","I(M1,M2;T)"
834,0.0,11.234756194000507,-2.2304287629002424,800,150,"[100, 50, 100]","I(M1,M2;T)"
835,0.0,11.17461123350618,-2.2853326330136134,800,150,"[100, 50, 100]","I(M1,M2;T)"
836,0.0,11.195625908926692,-2.266728857091268,800,150,"[100, 50, 100]","I(M1,M2;T)"
837,0.0,11.101441309282757,-2.3603780959387386,800,150,"[100, 50, 100]","I(M1,M2;T)"
838,0.0,11.239846263377764,-2.2293651562265318,800,150,"[100, 50, 100]","I(M1,M2;T)"
839,0.0,11.084135544497672,-2.3831577497737833,800,150,"[100, 50, 100]","I(M1,M2;T)"
840,0.0,11.17530293108645,-2.310472365640912,800,150,"[100, 50, 100]","I(M1,M2;T)"
841,0.0,11.211486721192756,-2.281617246651214,800,150,"[100, 50, 100]","I(M1,M2;T)"
842,0.0,11.375463716448145,-2.095930968384229,800,150,"[100, 50, 100]","I(M1,M2;T)"
843,0.0,11.218959693784711,-2.253067252282799,800,150,"[100, 50, 100]","I(M1,M2;T)"
844,0.0,11.051792032868029,-2.4309094594772365,800,150,"[100, 50, 100]","I(M1,M2;T)"
845,0.0,11.19417408857735,-2.2837122991346295,800,150,"[100, 50, 100]","I(M1,M2;T)"
846,0.0,11.391982369787538,-2.0881174654577244,800,150,"[100, 50, 100]","I(M1,M2;T)"
847,0.0,11.224427401758,-2.248677336267436,800,150,"[100, 50, 100]","I(M1,M2;T)"
848,0.0,10.912102872354932,-2.549210404738284,800,150,"[100, 50, 100]","I(M1,M2;T)"
849,0.0,11.312419040399062,-2.1606526903013403,800,150,"[100, 50, 100]","I(M1,M2;T)"
850,0.0,11.144762366284668,-2.3348639384766106,800,150,"[100, 50, 100]","I(M1,M2;T)"
851,0.0,11.254871309019503,-2.2186482220790857,800,150,"[100, 50, 100]","I(M1,M2;T)"
852,0.0,11.245227862056696,-2.2312920137368657,800,150,"[100, 50, 100]","I(M1,M2;T)"
853,0.0,11.195580433786533,-2.2831122969348687,800,150,"[100, 50, 100]","I(M1,M2;T)"
854,0.0,11.19891873215527,-2.2699439135194712,800,150,"[100, 50, 100]","I(M1,M2;T)"
855,0.0,11.322078331234676,-2.1692571862464405,800,150,"[100, 50, 100]","I(M1,M2;T)"
856,0.0,11.247993639990826,-2.2201765753340084,800,150,"[100, 50, 100]","I(M1,M2;T)"
857,0.0,11.142691788518066,-2.3192940945504237,800,150,"[100, 50, 100]","I(M1,M2;T)"
858,0.0,11.27009724746977,-2.213690690084327,800,150,"[100, 50, 100]","I(M1,M2;T)"
859,0.0,11.311338471731204,-2.167345153263545,800,150,"[100, 50, 100]","I(M1,M2;T)"
860,0.0,11.36516137573558,-2.1187697420881886,800,150,"[100, 50, 100]","I(M1,M2;T)"
861,0.0,11.184372784188762,-2.2872013204976707,800,150,"[100, 50, 100]","I(M1,M2;T)"
862,0.0,11.119125981199357,-2.3480825424749128,800,150,"[100, 50, 100]","I(M1,M2;T)"
863,0.0,11.087638600906772,-2.3832943432691565,800,150,"[100, 50, 100]","I(M1,M2;T)"
864,0.0,11.143897182369994,-2.3355501669649747,800,150,"[100, 50, 100]","I(M1,M2;T)"
865,0.0,10.921072976241373,-2.5308987775788587,800,150,"[100, 50, 100]","I(M1,M2;T)"
866,0.0,11.012261050311437,-2.4685176040213257,800,150,"[100, 50, 100]","I(M1,M2;T)"
867,0.0,11.062676266400489,-2.4175498898000303,800,150,"[100, 50, 100]","I(M1,M2;T)"
868,0.0,11.185283847630101,-2.2856314165570772,800,150,"[100, 50, 100]","I(M1,M2;T)"
869,0.0,11.365816772978267,-2.1060340149508807,800,150,"[100, 50, 100]","I(M1,M2;T)"
870,0.0,11.055080926204742,-2.428147069657557,800,150,"[100, 50, 100]","I(M1,M2;T)"
871,0.0,11.031779311643406,-2.451086185453816,800,150,"[100, 50, 100]","I(M1,M2;T)"
872,0.0,11.188303828677395,-2.2867395640916417,800,150,"[100, 50, 100]","I(M1,M2;T)"
873,0.0,11.263781404391128,-2.2112911478608375,800,150,"[100, 50, 100]","I(M1,M2;T)"
874,0.0,10.88049987586321,-2.599599333797432,800,150,"[100, 50, 100]","I(M1,M2;T)"
875,0.0,11.322160287206014,-2.1590152964191383,800,150,"[100, 50, 100]","I(M1,M2;T)"
876,0.0,11.206209500467281,-2.271841569915461,800,150,"[100, 50, 100]","I(M1,M2;T)"
877,0.0,11.096933441618132,-2.3541290849453578,800,150,"[100, 50, 100]","I(M1,M2;T)"
878,0.0,11.322193627329359,-2.1533788238876923,800,150,"[100, 50, 100]","I(M1,M2;T)"
879,0.0,11.24313393451246,-2.228445578063882,800,150,"[100, 50, 100]","I(M1,M2;T)"
880,0.0,11.262738522747258,-2.2064299926682587,800,150,"[100, 50, 100]","I(M1,M2;T)"
881,0.0,11.222862695253628,-2.2536331315604947,800,150,"[100, 50, 100]","I(M1,M2;T)"
882,0.0,11.33036676215756,-2.145081087801607,800,150,"[100, 50, 100]","I(M1,M2;T)"
883,0.0,11.004314219897001,-2.4751509853444045,800,150,"[100, 50, 100]","I(M1,M2;T)"
884,0.0,11.187471368819622,-2.296334146897731,800,150,"[100, 50, 100]","I(M1,M2;T)"
885,0.0,11.367086241682994,-2.110511513604383,800,150,"[100, 50, 100]","I(M1,M2;T)"
886,0.0,11.227755704509894,-2.233390798370392,800,150,"[100, 50, 100]","I(M1,M2;T)"
887,0.0,11.313399560130602,-2.1807068137290653,800,150,"[100, 50, 100]","I(M1,M2;T)"
888,0.0,11.257125691685896,-2.21456339979035,800,150,"[100, 50, 100]","I(M1,M2;T)"
889,0.0,11.268833760477051,-2.2145123562182256,800,150,"[100, 50, 100]","I(M1,M2;T)"
890,0.0,11.354391326117963,-2.120661964020094,800,150,"[100, 50, 100]","I(M1,M2;T)"
891,0.0,11.199919016858145,-2.278069017689276,800,150,"[100, 50, 100]","I(M1,M2;T)"
892,0.0,11.276867729448227,-2.199956827472917,800,150,"[100, 50, 100]","I(M1,M2;T)"
893,0.0,11.236627744951022,-2.2511714598028654,800,150,"[100, 50, 100]","I(M1,M2;T)"
894,0.0,11.357114444720324,-2.1183453746544014,800,150,"[100, 50, 100]","I(M1,M2;T)"
895,0.0,11.160870933986725,-2.3130846429920844,800,150,"[100, 50, 100]","I(M1,M2;T)"
896,0.0,11.175582407053865,-2.290448497856792,800,150,"[100, 50, 100]","I(M1,M2;T)"
897,0.0,11.218227987254025,-2.2552913332630897,800,150,"[100, 50, 100]","I(M1,M2;T)"
898,0.0,11.029721496452874,-2.4355230900506086,800,150,"[100, 50, 100]","I(M1,M2;T)"
899,0.0,11.084323114517085,-2.4045796376748036,800,150,"[100, 50, 100]","I(M1,M2;T)"
900,0.0,11.357140301128904,-2.117634006322451,800,150,"[100, 50, 100]","I(M1,M2;T)"
901,0.0,11.147730736496364,-2.317863313874188,800,150,"[100, 50, 100]","I(M1,M2;T)"
902,0.0,11.045740028773828,-2.4289597741518065,800,150,"[100, 50, 100]","I(M1,M2;T)"
903,0.0,11.254451925832093,-2.2022306393180795,800,150,"[100, 50, 100]","I(M1,M2;T)"
904,0.0,11.453754417007433,-2.015189598984488,800,150,"[100, 50, 100]","I(M1,M2;T)"
905,0.0,11.019532700889775,-2.45343253533626,800,150,"[100, 50, 100]","I(M1,M2;T)"
906,0.0,11.05125879557627,-2.4140161277596963,800,150,"[100, 50, 100]","I(M1,M2;T)"
907,0.0,11.144929586885324,-2.3190647665249635,800,150,"[100, 50, 100]","I(M1,M2;T)"
908,0.0,11.349619048402301,-2.1203520021809226,800,150,"[100, 50, 100]","I(M1,M2;T)"
909,0.0,11.084471922458231,-2.368618580625361,800,150,"[100, 50, 100]","I(M1,M2;T)"
910,0.0,11.259367522451697,-2.2146015361696954,800,150,"[100, 50, 100]","I(M1,M2;T)"
911,0.0,11.019841535429476,-2.453265382955653,800,150,"[100, 50, 100]","I(M1,M2;T)"
912,0.0,11.410517883233787,-2.0592518926784145,800,150,"[100, 50, 100]","I(M1,M2;T)"
913,0.0,11.342701251726844,-2.137132471522756,800,150,"[100, 50, 100]","I(M1,M2;T)"
914,0.0,11.183780826310894,-2.2830464366134393,800,150,"[100, 50, 100]","I(M1,M2;T)"
915,0.0,11.155355628033771,-2.325403845961416,800,150,"[100, 50, 100]","I(M1,M2;T)"
916,0.0,11.174099137044134,-2.312998423209331,800,150,"[100, 50, 100]","I(M1,M2;T)"
917,0.0,11.31263206362961,-2.1683715485493984,800,150,"[100, 50, 100]","I(M1,M2;T)"
918,0.0,11.06137348054591,-2.405963037850727,800,150,"[100, 50, 100]","I(M1,M2;T)"
919,0.0,11.143646644300548,-2.3334843422291414,800,150,"[100, 50, 100]","I(M1,M2;T)"
920,0.0,11.041040445428923,-2.42575546166427,800,150,"[100, 50, 100]","I(M1,M2;T)"
921,0.0,11.401290031078393,-2.067531870577591,800,150,"[100, 50, 100]","I(M1,M2;T)"
922,0.0,11.188326047985456,-2.283881194335363,800,150,"[100, 50, 100]","I(M1,M2;T)"
923,0.0,11.196444562497767,-2.2698041075596276,800,150,"[100, 50, 100]","I(M1,M2;T)"
924,0.0,11.032556722315261,-2.4195456598235268,800,150,"[100, 50, 100]","I(M1,M2;T)"
925,0.0,11.125236977470953,-2.3482297859175194,800,150,"[100, 50, 100]","I(M1,M2;T)"
926,0.0,11.24423101599427,-2.2212146718570445,800,150,"[100, 50, 100]","I(M1,M2;T)"
927,0.0,10.956082757723179,-2.5214178533180256,800,150,"[100, 50, 100]","I(M1,M2;T)"
928,0.0,11.338288361029218,-2.13638839133991,800,150,"[100, 50, 100]","I(M1,M2;T)"
929,0.0,11.110927099907562,-2.3607020895281483,800,150,"[100, 50, 100]","I(M1,M2;T)"
930,0.0,11.275669306534091,-2.214206637342784,800,150,"[100, 50, 100]","I(M1,M2;T)"
931,0.0,11.265829040439721,-2.208466494824645,800,150,"[100, 50, 100]","I(M1,M2;T)"
932,0.0,11.181772737292754,-2.2838629929577614,800,150,"[100, 50, 100]","I(M1,M2;T)"
933,0.0,11.237898193835498,-2.240721592338444,800,150,"[100, 50, 100]","I(M1,M2;T)"
934,0.0,11.263461376285822,-2.2038436252065416,800,150,"[100, 50, 100]","I(M1,M2;T)"
935,0.0,11.198391716197257,-2.2728072431405497,800,150,"[100, 50, 100]","I(M1,M2;T)"
936,0.0,11.247987985331376,-2.221878929517363,800,150,"[100, 50, 100]","I(M1,M2;T)"
937,0.0,11.232017331463418,-2.2503223819108733,800,150,"[100, 50, 100]","I(M1,M2;T)"
938,0.0,11.183505863712648,-2.2856735219543527,800,150,"[100, 50, 100]","I(M1,M2;T)"
939,0.0,11.188753160386268,-2.285841287812797,800,150,"[100, 50, 100]","I(M1,M2;T)"
940,0.0,11.271867970512933,-2.201244195320566,800,150,"[100, 50, 100]","I(M1,M2;T)"
941,0.0,11.296140026915019,-2.1735990553574833,800,150,"[100, 50, 100]","I(M1,M2;T)"
942,0.0,11.165221135039726,-2.3103849752263947,800,150,"[100, 50, 100]","I(M1,M2;T)"
943,0.0,11.130801054750627,-2.344066873130229,800,150,"[100, 50, 100]","I(M1,M2;T)"
944,0.0,11.42477433710321,-2.0533540848314686,800,150,"[100, 50, 100]","I(M1,M2;T)"
945,0.0,11.238469207691079,-2.241246026786687,800,150,"[100, 50, 100]","I(M1,M2;T)"
946,0.0,11.35106941353922,-2.126594183625725,800,150,"[100, 50, 100]","I(M1,M2;T)"
947,0.0,11.264463093791065,-2.198184799563723,800,150,"[100, 50, 100]","I(M1,M2;T)"
948,0.0,11.249522511862397,-2.2143478426760197,800,150,"[100, 50, 100]","I(M1,M2;T)"
949,0.0,11.158275805144857,-2.315158209035557,800,150,"[100, 50, 100]","I(M1,M2;T)"
950,0.0,11.153688205777645,-2.3102576971117035,800,150,"[100, 50, 100]","I(M1,M2;T)"
951,0.0,11.462329390067623,-1.995328240993608,800,150,"[100, 50, 100]","I(M1,M2;T)"
952,0.0,11.42113618110903,-2.063182781215284,800,150,"[100, 50, 100]","I(M1,M2;T)"
953,0.0,11.212882361286175,-2.2554657304664403,800,150,"[100, 50, 100]","I(M1,M2;T)"
954,0.0,11.17632914420194,-2.306050287701952,800,150,"[100, 50, 100]","I(M1,M2;T)"
955,0.0,11.135001096286205,-2.3296114560886316,800,150,"[100, 50, 100]","I(M1,M2;T)"
956,0.0,11.069949886077946,-2.4004290692057637,800,150,"[100, 50, 100]","I(M1,M2;T)"
957,0.0,11.159417595268497,-2.310127141251053,800,150,"[100, 50, 100]","I(M1,M2;T)"
958,0.0,11.172200445904044,-2.2937589924283124,800,150,"[100, 50, 100]","I(M1,M2;T)"
959,0.0,11.130697967176598,-2.336269987159522,800,150,"[100, 50, 100]","I(M1,M2;T)"
960,0.0,11.297419539738547,-2.182871802121971,800,150,"[100, 50, 100]","I(M1,M2;T)"
961,0.0,11.0837299822865,-2.399044336900083,800,150,"[100, 50, 100]","I(M1,M2;T)"
962,0.0,11.182866851889779,-2.2970693410453986,800,150,"[100, 50, 100]","I(M1,M2;T)"
963,0.0,11.12192998969913,-2.359070601994219,800,150,"[100, 50, 100]","I(M1,M2;T)"
964,0.0,11.223858515137506,-2.2318470539334676,800,150,"[100, 50, 100]","I(M1,M2;T)"
965,0.0,11.12191206934671,-2.353709689632696,800,150,"[100, 50, 100]","I(M1,M2;T)"
966,0.0,11.235020037116335,-2.2182293035498066,800,150,"[100, 50, 100]","I(M1,M2;T)"
967,0.0,11.256163076966708,-2.2036031112821473,800,150,"[100, 50, 100]","I(M1,M2;T)"
968,0.0,11.329839794794893,-2.1396278085050415,800,150,"[100, 50, 100]","I(M1,M2;T)"
969,0.0,11.112754859966739,-2.360871233615253,800,150,"[100, 50, 100]","I(M1,M2;T)"
970,0.0,10.942234260737836,-2.5425281327068436,800,150,"[100, 50, 100]","I(M1,M2;T)"
971,0.0,11.204883068834413,-2.2746423895973784,800,150,"[100, 50, 100]","I(M1,M2;T)"
972,0.0,10.990699805532413,-2.471848434759993,800,150,"[100, 50, 100]","I(M1,M2;T)"
973,0.0,11.159280415678534,-2.311977340113362,800,150,"[100, 50, 100]","I(M1,M2;T)"
974,0.0,11.179003915309115,-2.295083292965746,800,150,"[100, 50, 100]","I(M1,M2;T)"
975,0.0,11.19130681538122,-2.285832760571626,800,150,"[100, 50, 100]","I(M1,M2;T)"
976,0.0,11.097466494184282,-2.3842996750681635,800,150,"[100, 50, 100]","I(M1,M2;T)"
977,0.0,11.06541988534049,-2.406541743793703,800,150,"[100, 50, 100]","I(M1,M2;T)"
978,0.0,11.228772115420771,-2.2326892567072676,800,150,"[100, 50, 100]","I(M1,M2;T)"
979,0.0,11.191760079505933,-2.2727558374450485,800,150,"[100, 50, 100]","I(M1,M2;T)"
980,0.0,11.199716687434595,-2.2810408182300677,800,150,"[100, 50, 100]","I(M1,M2;T)"
981,0.0,11.50416921453923,-1.9741618316789928,800,150,"[100, 50, 100]","I(M1,M2;T)"
982,0.0,11.22908235588661,-2.2484324105503095,800,150,"[100, 50, 100]","I(M1,M2;T)"
983,0.0,11.324712158395423,-2.151964066656465,800,150,"[100, 50, 100]","I(M1,M2;T)"
984,0.0,11.117298765685257,-2.3552522011061097,800,150,"[100, 50, 100]","I(M1,M2;T)"
985,0.0,11.468410444573953,-1.9972596939334952,800,150,"[100, 50, 100]","I(M1,M2;T)"
986,0.0,11.217743845658854,-2.230833965776492,800,150,"[100, 50, 100]","I(M1,M2;T)"
987,0.0,11.18004473876328,-2.292694352201213,800,150,"[100, 50, 100]","I(M1,M2;T)"
988,0.0,11.262933599668262,-2.2130670677946664,800,150,"[100, 50, 100]","I(M1,M2;T)"
989,0.0,11.175845164497208,-2.2937833570541173,800,150,"[100, 50, 100]","I(M1,M2;T)"
990,0.0,11.28901232485158,-2.185329356669765,800,150,"[100, 50, 100]","I(M1,M2;T)"
991,0.0,11.117658691919223,-2.3706094074647694,800,150,"[100, 50, 100]","I(M1,M2;T)"
992,0.0,11.275913410807323,-2.2160214567704752,800,150,"[100, 50, 100]","I(M1,M2;T)"
993,0.0,11.166138145070647,-2.307534945916645,800,150,"[100, 50, 100]","I(M1,M2;T)"
994,0.0,11.016161729718128,-2.445547300880582,800,150,"[100, 50, 100]","I(M1,M2;T)"
995,0.0,11.372766289587222,-2.0879125921607713,800,150,"[100, 50, 100]","I(M1,M2;T)"
996,0.0,11.29005286885559,-2.1691204588561632,800,150,"[100, 50, 100]","I(M1,M2;T)"
997,0.0,11.239045145301194,-2.241946757835933,800,150,"[100, 50, 100]","I(M1,M2;T)"
998,0.0,11.233771097406903,-2.2391563410277815,800,150,"[100, 50, 100]","I(M1,M2;T)"
999,0.0,11.177306770436854,-2.2919880068267915,800,150,"[100, 50, 100]","I(M1,M2;T)"
0,0.0,0.046174978170344605,-0.00496734668741787,1000,10,"[5, 5, 10]","I(M1,M2;T)"
1,0.0,0.04871160007914779,-0.0022793556284835537,1000,10,"[5, 5, 10]","I(M1,M2;T)"
2,0.0,0.05764180456208172,0.006450320559911384,1000,10,"[5, 5, 10]","I(M1,M2;T)"
3,0.0,0.04765590168173635,-0.0034430550284253528,1000,10,"[5, 5, 10]","I(M1,M2;T)"
4,0.0,0.047769562311525564,-0.0031550485569821693,1000,10,"[5, 5, 10]","I(M1,M2;T)"
5,0.0,0.05134200092514176,-0.000528191375763272,1000,10,"[5, 5, 10]","I(M1,M2;T)"
6,0.0,0.0646773544634043,0.013343403035440793,1000,10,"[5, 5, 10]","I(M1,M2;T)"
7,0.0,0.05331496031568171,0.0024800417932638458,1000,10,"[5, 5, 10]","I(M1,M2;T)"
8,0.0,0.04999992719191159,-0.0002826615724009218,1000,10,"[5, 5, 10]","I(M1,M2;T)"
9,0.0,0.053202682126630374,0.0020149600963885114,1000,10,"[5, 5, 10]","I(M1,M2;T)"
10,0.0,0.04661226932807712,-0.004454919928994501,1000,10,"[5, 5, 10]","I(M1,M2;T)"
11,0.0,0.05845408765803286,0.007414748719182851,1000,10,"[5, 5, 10]","I(M1,M2;T)"
12,0.0,0.05003812613556781,-0.0010890517084044884,1000,10,"[5, 5, 10]","I(M1,M2;T)"
13,0.0,0.047690075135735255,-0.003408102204701065,1000,10,"[5, 5, 10]","I(M1,M2;T)"
14,0.0,0.056067256238674194,0.005035508476782094,1000,10,"[5, 5, 10]","I(M1,M2;T)"
15,0.0,0.05075265419742177,-0.001038609145779093,1000,10,"[5, 5, 10]","I(M1,M2;T)"
16,0.0,0.040863408775318355,-0.010630259092105833,1000,10,"[5, 5, 10]","I(M1,M2;T)"
17,0.0,0.046917769176879176,-0.004513619192007878,1000,10,"[5, 5, 10]","I(M1,M2;T)"
18,0.0,0.05161876577364527,0.0005256007273388222,1000,10,"[5, 5, 10]","I(M1,M2;T)"
19,0.0,0.07108733172009397,0.019845452361918814,1000,10,"[5, 5, 10]","I(M1,M2;T)"
20,0.0,0.04306029122469737,-0.007725009157932179,1000,10,"[5, 5, 10]","I(M1,M2;T)"
21,0.0,0.05128192741967223,0.0002928219090684095,1000,10,"[5, 5, 10]","I(M1,M2;T)"
22,0.0,0.05386489283206985,0.0025613087460046313,1000,10,"[5, 5, 10]","I(M1,M2;T)"
23,0.0,0.05070955232260564,-0.00017676991893986194,1000,10,"[5, 5, 10]","I(M1,M2;T)"
24,0.0,0.039033695599481236,-0.012211764116797794,1000,10,"[5, 5, 10]","I(M1,M2;T)"
25,0.0,0.05006802920726348,-0.0013059785270785954,1000,10,"[5, 5, 10]","I(M1,M2;T)"
26,0.0,0.06454528686575724,0.013746668282885108,1000,10,"[5, 5, 10]","I(M1,M2;T)"
27,0.0,0.04652400480225061,-0.00515522785531089,1000,10,"[5, 5, 10]","I(M1,M2;T)"
28,0.0,0.047035225398079444,-0.0047565697818594405,1000,10,"[5, 5, 10]","I(M1,M2;T)"
29,0.0,0.05967090406601629,0.009019118279939446,1000,10,"[5, 5, 10]","I(M1,M2;T)"
30,0.0,0.05085601135789417,-0.00012610951492475486,1000,10,"[5, 5, 10]","I(M1,M2;T)"
31,0.0,0.05436118970204745,0.0030612451897086973,1000,10,"[5, 5, 10]","I(M1,M2;T)"
32,0.0,0.049799936533340555,-0.0009147976668394883,1000,10,"[5, 5, 10]","I(M1,M2;T)"
33,0.0,0.04234983664355681,-0.008924164006170153,1000,10,"[5, 5, 10]","I(M1,M2;T)"
34,0.0,0.04579522231770061,-0.005113149572055865,1000,10,"[5, 5, 10]","I(M1,M2;T)"
35,0.0,0.05281611493226315,0.0016042014771481677,1000,10,"[5, 5, 10]","I(M1,M2;T)"
36,0.0,0.048072987456403586,-0.002308779148207263,1000,10,"[5, 5, 10]","I(M1,M2;T)"
37,0.0,0.04009793101621988,-0.010900642673386765,1000,10,"[5, 5, 10]","I(M1,M2;T)"
38,0.0,0.038029483546973775,-0.01321435416539482,1000,10,"[5, 5, 10]","I(M1,M2;T)"
39,0.0,0.044109230322744546,-0.007261169615165923,1000,10,"[5, 5, 10]","I(M1,M2;T)"
40,0.0,0.04515884442578012,-0.006036136654437169,1000,10,"[5, 5, 10]","I(M1,M2;T)"
41,0.0,0.06297516988405337,0.012020669065209447,1000,10,"[5, 5, 10]","I(M1,M2;T)"
42,0.0,0.0654994801755622,0.014811823282318101,1000,10,"[5, 5, 10]","I(M1,M2;T)"
43,0.0,0.0524951472978188,0.0013695210296624585,1000,10,"[5, 5, 10]","I(M1,M2;T)"
44,0.0,0.045208102954095254,-0.005868648396244305,1000,10,"[5, 5, 10]","I(M1,M2;T)"
45,0.0,0.05479319144186155,0.003158888261026005,1000,10,"[5, 5, 10]","I(M1,M2;T)"
46,0.0,0.0551600381715335,0.0035798490674674097,1000,10,"[5, 5, 10]","I(M1,M2;T)"
47,0.0,0.05667148515355392,0.005786765071014069,1000,10,"[5, 5, 10]","I(M1,M2;T)"
48,0.0,0.045870420737561486,-0.005303940859037459,1000,10,"[5, 5, 10]","I(M1,M2;T)"
49,0.0,0.04203310992600631,-0.009137230647685929,1000,10,"[5, 5, 10]","I(M1,M2;T)"
50,0.0,0.04533487571855773,-0.005213882099014029,1000,10,"[5, 5, 10]","I(M1,M2;T)"
51,0.0,0.05302359921665123,0.0017946733710610743,1000,10,"[5, 5, 10]","I(M1,M2;T)"
52,0.0,0.061487468991982236,0.010509806115932607,1000,10,"[5, 5, 10]","I(M1,M2;T)"
53,0.0,0.05534983545830577,0.004323876352861036,1000,10,"[5, 5, 10]","I(M1,M2;T)"
54,0.0,0.05236875958017937,0.0013348480643747274,1000,10,"[5, 5, 10]","I(M1,M2;T)"
55,0.0,0.04373007409069444,-0.007804252325418905,1000,10,"[5, 5, 10]","I(M1,M2;T)"
56,0.0,0.06205809041002555,0.010305162670869644,1000,10,"[5, 5, 10]","I(M1,M2;T)"
57,0.0,0.044269181972128695,-0.0066517530556829615,1000,10,"[5, 5, 10]","I(M1,M2;T)"
58,0.0,0.047770135941566816,-0.003233102798679867,1000,10,"[5, 5, 10]","I(M1,M2;T)"
59,0.0,0.0417758686638435,-0.009129509426834895,1000,10,"[5, 5, 10]","I(M1,M2;T)"
60,0.0,0.055693861234807976,0.004634143525690436,1000,10,"[5, 5, 10]","I(M1,M2;T)"
61,0.0,0.03919097012874097,-0.012225830820575809,1000,10,"[5, 5, 10]","I(M1,M2;T)"
62,0.0,0.049052716311541456,-0.0017328295155605924,1000,10,"[5, 5, 10]","I(M1,M2;T)"
63,0.0,0.04536110444146185,-0.005983837342566495,1000,10,"[5, 5, 10]","I(M1,M2;T)"
64,0.0,0.050473839366538015,-0.0005624836364029814,1000,10,"[5, 5, 10]","I(M1,M2;T)"
65,0.0,0.05788792012022047,0.006395103787881912,1000,10,"[5, 5, 10]","I(M1,M2;T)"
66,0.0,0.044567931160691715,-0.0065563468712739395,1000,10,"[5, 5, 10]","I(M1,M2;T)"
67,0.0,0.04794328620875973,-0.003818252972567396,1000,10,"[5, 5, 10]","I(M1,M2;T)"
68,0.0,0.051577790573026895,0.0008313405680552208,1000,10,"[5, 5, 10]","I(M1,M2;T)"
69,0.0,0.041925478026934575,-0.009462751405966738,1000,10,"[5, 5, 10]","I(M1,M2;T)"
70,0.0,0.04811110409386172,-0.0031518105970635424,1000,10,"[5, 5, 10]","I(M1,M2;T)"
71,0.0,0.0488084855461232,-0.002616598637189785,1000,10,"[5, 5, 10]","I(M1,M2;T)"
72,0.0,0.05907230728300647,0.008388552806641573,1000,10,"[5, 5, 10]","I(M1,M2;T)"
73,0.0,0.05246356971622422,0.0017901147168329842,1000,10,"[5, 5, 10]","I(M1,M2;T)"
74,0.0,0.04698030929491147,-0.004306874731243519,1000,10,"[5, 5, 10]","I(M1,M2;T)"
75,0.0,0.05453916032320803,0.0035040673196538794,1000,10,"[5, 5, 10]","I(M1,M2;T)"
76,0.0,0.047928926787209614,-0.0038118341506647654,1000,10,"[5, 5, 10]","I(M1,M2;T)"
77,0.0,0.0425938798189246,-0.008680779146535783,1000,10,"[5, 5, 10]","I(M1,M2;T)"
78,0.0,0.04248043651758209,-0.008766260558274175,1000,10,"[5, 5, 10]","I(M1,M2;T)"
79,0.0,0.03752797489638936,-0.013396351738713189,1000,10,"[5, 5, 10]","I(M1,M2;T)"
80,0.0,0.056834564900631906,0.00577211949072419,1000,10,"[5, 5, 10]","I(M1,M2;T)"
81,0.0,0.04157407324757016,-0.009453026795052867,1000,10,"[5, 5, 10]","I(M1,M2;T)"
82,0.0,0.04970330442266193,-0.0015276789382251132,1000,10,"[5, 5, 10]","I(M1,M2;T)"
83,0.0,0.05157778157817863,0.00013998696952797346,1000,10,"[5, 5, 10]","I(M1,M2;T)"
84,0.0,0.05754728856378246,0.006158713127462606,1000,10,"[5, 5, 10]","I(M1,M2;T)"
85,0.0,0.05544293310466834,0.004225280083741796,1000,10,"[5, 5, 10]","I(M1,M2;T)"
86,0.0,0.041190421973468304,-0.010048621406710104,1000,10,"[5, 5, 10]","I(M1,M2;T)"
87,0.0,0.04420560495090254,-0.007028393994928633,1000,10,"[5, 5, 10]","I(M1,M2;T)"
88,0.0,0.060321949542510064,0.009006148886651633,1000,10,"[5, 5, 10]","I(M1,M2;T)"
89,0.0,0.041783120816844786,-0.009764796477707782,1000,10,"[5, 5, 10]","I(M1,M2;T)"
90,0.0,0.08354776032456711,0.03207920527467546,1000,10,"[5, 5, 10]","I(M1,M2;T)"
91,0.0,0.04104408764069673,-0.010266710765815895,1000,10,"[5, 5, 10]","I(M1,M2;T)"
92,0.0,0.05209619325246056,0.001352390951736733,1000,10,"[5, 5, 10]","I(M1,M2;T)"
93,0.0,0.048793085614803444,-0.0025222588938623447,1000,10,"[5, 5, 10]","I(M1,M2;T)"
94,0.0,0.05130032962697796,0.0004201984582968901,1000,10,"[5, 5, 10]","I(M1,M2;T)"
95,0.0,0.05309662188059903,0.002100690502012864,1000,10,"[5, 5, 10]","I(M1,M2;T)"
96,0.0,0.04161848716329881,-0.009520706797792745,1000,10,"[5, 5, 10]","I(M1,M2;T)"
97,0.0,0.043173179440985,-0.007691712528775367,1000,10,"[5, 5, 10]","I(M1,M2;T)"
98,0.0,0.04962440147802043,-0.0018488985933568236,1000,10,"[5, 5, 10]","I(M1,M2;T)"
99,0.0,0.055899499465344914,0.0054549138063942695,1000,10,"[5, 5, 10]","I(M1,M2;T)"
100,0.0,0.06212723635302286,0.010878677048954774,1000,10,"[5, 5, 10]","I(M1,M2;T)"
101,0.0,0.046519141834788696,-0.00440896187651478,1000,10,"[5, 5, 10]","I(M1,M2;T)"
102,0.0,0.04681721349075131,-0.004199413281053492,1000,10,"[5, 5, 10]","I(M1,M2;T)"
103,0.0,0.04540067162050935,-0.005587500254022021,1000,10,"[5, 5, 10]","I(M1,M2;T)"
104,0.0,0.04554571113605961,-0.006022559571856226,1000,10,"[5, 5, 10]","I(M1,M2;T)"
105,0.0,0.049902965866250495,-0.0005898982314753373,1000,10,"[5, 5, 10]","I(M1,M2;T)"
106,0.0,0.04406047122748763,-0.006728878048958081,1000,10,"[5, 5, 10]","I(M1,M2;T)"
107,0.0,0.05980859543425468,0.008406851539836495,1000,10,"[5, 5, 10]","I(M1,M2;T)"
108,0.0,0.05207681891858832,0.001055318478728702,1000,10,"[5, 5, 10]","I(M1,M2;T)"
109,0.0,0.04343981371947405,-0.008174856860324806,1000,10,"[5, 5, 10]","I(M1,M2;T)"
110,0.0,0.046027877886976404,-0.004859328983112955,1000,10,"[5, 5, 10]","I(M1,M2;T)"
111,0.0,0.057216327988817164,0.005970097159346523,1000,10,"[5, 5, 10]","I(M1,M2;T)"
112,0.0,0.05067453919153102,-0.00038054831730870847,1000,10,"[5, 5, 10]","I(M1,M2;T)"
113,0.0,0.0465320412738741,-0.004589763165989781,1000,10,"[5, 5, 10]","I(M1,M2;T)"
114,0.0,0.03668897873637667,-0.014220099214062476,1000,10,"[5, 5, 10]","I(M1,M2;T)"
115,0.0,0.0518154658416245,0.0006358132938115851,1000,10,"[5, 5, 10]","I(M1,M2;T)"
116,0.0,0.049856160191028176,-0.0010292563346959854,1000,10,"[5, 5, 10]","I(M1,M2;T)"
117,0.0,0.057263794084978295,0.005861449707080607,1000,10,"[5, 5, 10]","I(M1,M2;T)"
118,0.0,0.04935418804271162,-0.0020326934950303938,1000,10,"[5, 5, 10]","I(M1,M2;T)"
119,0.0,0.050820557421506436,-0.0007950805715079556,1000,10,"[5, 5, 10]","I(M1,M2;T)"
120,0.0,0.04732485280998988,-0.003636208846312168,1000,10,"[5, 5, 10]","I(M1,M2;T)"
121,0.0,0.05080032149070027,-0.00040870204020415635,1000,10,"[5, 5, 10]","I(M1,M2;T)"
122,0.0,0.04824896051883988,-0.0031457429651342295,1000,10,"[5, 5, 10]","I(M1,M2;T)"
123,0.0,0.05818095000483833,0.007028409909576344,1000,10,"[5, 5, 10]","I(M1,M2;T)"
124,0.0,0.05677848914169667,0.006338940831082482,1000,10,"[5, 5, 10]","I(M1,M2;T)"
125,0.0,0.052624836442242154,0.000995767964138139,1000,10,"[5, 5, 10]","I(M1,M2;T)"
126,0.0,0.05202373472259919,0.0013190377505096357,1000,10,"[5, 5, 10]","I(M1,M2;T)"
127,0.0,0.0441897849528802,-0.007039159083858229,1000,10,"[5, 5, 10]","I(M1,M2;T)"
128,0.0,0.04839491872175764,-0.0020890004136301724,1000,10,"[5, 5, 10]","I(M1,M2;T)"
129,0.0,0.04482341212352062,-0.006269174625291751,1000,10,"[5, 5, 10]","I(M1,M2;T)"
130,0.0,0.037157683866207956,-0.013902613340706332,1000,10,"[5, 5, 10]","I(M1,M2;T)"
131,0.0,0.059142397829868736,0.007455058421608568,1000,10,"[5, 5, 10]","I(M1,M2;T)"
132,0.0,0.05845508225068592,0.006353182761843802,1000,10,"[5, 5, 10]","I(M1,M2;T)"
133,0.0,0.05978907953468249,0.009071345737696627,1000,10,"[5, 5, 10]","I(M1,M2;T)"
134,0.0,0.0512852831619198,0.00038206462515172346,1000,10,"[5, 5, 10]","I(M1,M2;T)"
135,0.0,0.04156032193330683,-0.009652439285750825,1000,10,"[5, 5, 10]","I(M1,M2;T)"
136,0.0,0.049021656162115505,-0.00225804488355167,1000,10,"[5, 5, 10]","I(M1,M2;T)"
137,0.0,0.04960425364768451,-0.0019184875729169118,1000,10,"[5, 5, 10]","I(M1,M2;T)"
138,0.0,0.051322595402482615,-0.00011451536906278981,1000,10,"[5, 5, 10]","I(M1,M2;T)"
139,0.0,0.05180845003125124,0.0005816141318183421,1000,10,"[5, 5, 10]","I(M1,M2;T)"
140,0.0,0.05455681840282751,0.0034790989095247124,1000,10,"[5, 5, 10]","I(M1,M2;T)"
141,0.0,0.05397887603589559,0.0028733174822404423,1000,10,"[5, 5, 10]","I(M1,M2;T)"
142,0.0,0.041312859567442003,-0.00979257072864445,1000,10,"[5, 5, 10]","I(M1,M2;T)"
143,0.0,0.055663478446953255,0.004489266254184492,1000,10,"[5, 5, 10]","I(M1,M2;T)"
144,0.0,0.04931756858150923,-0.002294153118293875,1000,10,"[5, 5, 10]","I(M1,M2;T)"
145,0.0,0.03848314738312285,-0.012674648342408189,1000,10,"[5, 5, 10]","I(M1,M2;T)"
146,0.0,0.038914614104777874,-0.012194945726983555,1000,10,"[5, 5, 10]","I(M1,M2;T)"
147,0.0,0.05406317203499732,0.0028643734688166833,1000,10,"[5, 5, 10]","I(M1,M2;T)"
148,0.0,0.047924858563021686,-0.003288240953616045,1000,10,"[5, 5, 10]","I(M1,M2;T)"
149,0.0,0.04088512537634777,-0.010487634250095024,1000,10,"[5, 5, 10]","I(M1,M2;T)"
150,0.0,0.05162963931710234,0.0004190962572882817,1000,10,"[5, 5, 10]","I(M1,M2;T)"
151,0.0,0.03557299282846614,-0.015762378067501123,1000,10,"[5, 5, 10]","I(M1,M2;T)"
152,0.0,0.05473416249267507,0.0033705286193500203,1000,10,"[5, 5, 10]","I(M1,M2;T)"
153,0.0,0.05485945953186009,0.004207630921399079,1000,10,"[5, 5, 10]","I(M1,M2;T)"
154,0.0,0.04642148779249515,-0.0046474584740365185,1000,10,"[5, 5, 10]","I(M1,M2;T)"
155,0.0,0.054536283229225886,0.0030071349076763593,1000,10,"[5, 5, 10]","I(M1,M2;T)"
156,0.0,0.05534129109083736,0.00478793015425745,1000,10,"[5, 5, 10]","I(M1,M2;T)"
157,0.0,0.038368950772288385,-0.012752617270662951,1000,10,"[5, 5, 10]","I(M1,M2;T)"
158,0.0,0.050490358873941606,-0.0004928327797215012,1000,10,"[5, 5, 10]","I(M1,M2;T)"
159,0.0,0.046273597437645426,-0.005270953348055642,1000,10,"[5, 5, 10]","I(M1,M2;T)"
160,0.0,0.06027392428934988,0.009146436939471612,1000,10,"[5, 5, 10]","I(M1,M2;T)"
161,0.0,0.05215295736058298,0.0012605734272383429,1000,10,"[5, 5, 10]","I(M1,M2;T)"
162,0.0,0.04036011954615991,-0.01009456489784094,1000,10,"[5, 5, 10]","I(M1,M2;T)"
163,0.0,0.05118449584194464,0.00011021242985184698,1000,10,"[5, 5, 10]","I(M1,M2;T)"
164,0.0,0.06264838299563176,0.011214658437373501,1000,10,"[5, 5, 10]","I(M1,M2;T)"
165,0.0,0.04062629123689573,-0.010541164801432322,1000,10,"[5, 5, 10]","I(M1,M2;T)"
166,0.0,0.04914200182661861,-0.0017678732657753563,1000,10,"[5, 5, 10]","I(M1,M2;T)"
167,0.0,0.05005528082518293,-0.001056262577713095,1000,10,"[5, 5, 10]","I(M1,M2;T)"
168,0.0,0.035888458477207924,-0.015121341807057195,1000,10,"[5, 5, 10]","I(M1,M2;T)"
169,0.0,0.062317483296141715,0.010924367150251392,1000,10,"[5, 5, 10]","I(M1,M2;T)"
170,0.0,0.05285307332309189,0.0021206465987907708,1000,10,"[5, 5, 10]","I(M1,M2;T)"
171,0.0,0.04618391116261781,-0.004497184882797961,1000,10,"[5, 5, 10]","I(M1,M2;T)"
172,0.0,0.05124478037703076,-0.00047117460907106917,1000,10,"[5, 5, 10]","I(M1,M2;T)"
173,0.0,0.05328918694893958,0.002307377469577175,1000,10,"[5, 5, 10]","I(M1,M2;T)"
174,0.0,0.039140148751447314,-0.012464587538247127,1000,10,"[5, 5, 10]","I(M1,M2;T)"
175,0.0,0.049227303736589165,-0.0016473785889866907,1000,10,"[5, 5, 10]","I(M1,M2;T)"
176,0.0,0.060231375593878506,0.008622182098253786,1000,10,"[5, 5, 10]","I(M1,M2;T)"
177,0.0,0.04762980926066551,-0.0033868427682026067,1000,10,"[5, 5, 10]","I(M1,M2;T)"
178,0.0,0.048486747584812424,-0.002610601802827385,1000,10,"[5, 5, 10]","I(M1,M2;T)"
179,0.0,0.04728664457290723,-0.0032616373191623957,1000,10,"[5, 5, 10]","I(M1,M2;T)"
180,0.0,0.055004899154950604,0.0038032458942867317,1000,10,"[5, 5, 10]","I(M1,M2;T)"
181,0.0,0.05504428792143147,0.003895907680683708,1000,10,"[5, 5, 10]","I(M1,M2;T)"
182,0.0,0.05226893908849453,0.0009290000855275982,1000,10,"[5, 5, 10]","I(M1,M2;T)"
183,0.0,0.054241976974003625,0.0038003184589471897,1000,10,"[5, 5, 10]","I(M1,M2;T)"
184,0.0,0.04894908344016573,-0.0027549446586400614,1000,10,"[5, 5, 10]","I(M1,M2;T)"
185,0.0,0.05696422256883733,0.006500606210226238,1000,10,"[5, 5, 10]","I(M1,M2;T)"
186,0.0,0.0630526668206201,0.01243388776315442,1000,10,"[5, 5, 10]","I(M1,M2;T)"
187,0.0,0.04227297938141712,-0.009407430928706592,1000,10,"[5, 5, 10]","I(M1,M2;T)"
188,0.0,0.048448266597035626,-0.002108314259937537,1000,10,"[5, 5, 10]","I(M1,M2;T)"
189,0.0,0.061381910664100495,0.01053045181734364,1000,10,"[5, 5, 10]","I(M1,M2;T)"
190,0.0,0.04742723441529985,-0.0038306146103428557,1000,10,"[5, 5, 10]","I(M1,M2;T)"
191,0.0,0.06592158913157038,0.015232808918566071,1000,10,"[5, 5, 10]","I(M1,M2;T)"
192,0.0,0.055047154056312844,0.003878856846047128,1000,10,"[5, 5, 10]","I(M1,M2;T)"
193,0.0,0.05706068233931389,0.00604372591981657,1000,10,"[5, 5, 10]","I(M1,M2;T)"
194,0.0,0.0555367630059615,0.004971467970287517,1000,10,"[5, 5, 10]","I(M1,M2;T)"
195,0.0,0.052896754232089935,0.001533823981811712,1000,10,"[5, 5, 10]","I(M1,M2;T)"
196,0.0,0.053762648362237625,0.0024462311854127894,1000,10,"[5, 5, 10]","I(M1,M2;T)"
197,0.0,0.04576350785736187,-0.005349505458199427,1000,10,"[5, 5, 10]","I(M1,M2;T)"
198,0.0,0.04819608927843313,-0.0035888386372398273,1000,10,"[5, 5, 10]","I(M1,M2;T)"
199,0.0,0.052521534247030405,0.0014132236045324431,1000,10,"[5, 5, 10]","I(M1,M2;T)"
200,0.0,0.051433505602500346,0.0001200239965671937,1000,10,"[5, 5, 10]","I(M1,M2;T)"
201,0.0,0.04266131510017579,-0.00833660301968743,1000,10,"[5, 5, 10]","I(M1,M2;T)"
202,0.0,0.05335410718603954,0.0020056439536504725,1000,10,"[5, 5, 10]","I(M1,M2;T)"
203,0.0,0.05193063148879056,0.0010057482420110786,1000,10,"[5, 5, 10]","I(M1,M2;T)"
204,0.0,0.05545089013257703,0.003941668102749464,1000,10,"[5, 5, 10]","I(M1,M2;T)"
205,0.0,0.07128418451443222,0.020534098974977336,1000,10,"[5, 5, 10]","I(M1,M2;T)"
206,0.0,0.04839828715682648,-0.002443831952054408,1000,10,"[5, 5, 10]","I(M1,M2;T)"
207,0.0,0.0629502690877943,0.01197191333491951,1000,10,"[5, 5, 10]","I(M1,M2;T)"
208,0.0,0.04572579718382507,-0.00575071688431953,1000,10,"[5, 5, 10]","I(M1,M2;T)"
209,0.0,0.038317443689914056,-0.012484266136995506,1000,10,"[5, 5, 10]","I(M1,M2;T)"
210,0.0,0.030584308256750965,-0.019785361557306758,1000,10,"[5, 5, 10]","I(M1,M2;T)"
211,0.0,0.04432041065422678,-0.00673108834146606,1000,10,"[5, 5, 10]","I(M1,M2;T)"
212,0.0,0.03728250432256258,-0.013591723362557304,1000,10,"[5, 5, 10]","I(M1,M2;T)"
213,0.0,0.0604357425994844,0.008607036310523439,1000,10,"[5, 5, 10]","I(M1,M2;T)"
214,0.0,0.04350497489633296,-0.008203881744131336,1000,10,"[5, 5, 10]","I(M1,M2;T)"
215,0.0,0.051470480239250604,0.0006999836779766969,1000,10,"[5, 5, 10]","I(M1,M2;T)"
216,0.0,0.046767034233592894,-0.004706892273629991,1000,10,"[5, 5, 10]","I(M1,M2;T)"
217,0.0,0.04474821645695898,-0.006613371271561919,1000,10,"[5, 5, 10]","I(M1,M2;T)"
218,0.0,0.044670043108559335,-0.006972432981352472,1000,10,"[5, 5, 10]","I(M1,M2;T)"
219,0.0,0.051550196380335055,0.0004022236491335249,1000,10,"[5, 5, 10]","I(M1,M2;T)"
220,0.0,0.03620579760194992,-0.01527646800399858,1000,10,"[5, 5, 10]","I(M1,M2;T)"
221,0.0,0.053765568721010785,0.0023319230232167476,1000,10,"[5, 5, 10]","I(M1,M2;T)"
222,0.0,0.04910678191730628,-0.0023229538678499126,1000,10,"[5, 5, 10]","I(M1,M2;T)"
223,0.0,0.04900625859282425,-0.0017965133943017159,1000,10,"[5, 5, 10]","I(M1,M2;T)"
224,0.0,0.047656010978465294,-0.003120090982065872,1000,10,"[5, 5, 10]","I(M1,M2;T)"
225,0.0,0.053272529754218034,0.0018765189222453155,1000,10,"[5, 5, 10]","I(M1,M2;T)"
226,0.0,0.04612634131536113,-0.005629921055260924,1000,10,"[5, 5, 10]","I(M1,M2;T)"
227,0.0,0.05376743017798321,0.0028056238613081708,1000,10,"[5, 5, 10]","I(M1,M2;T)"
228,0.0,0.04943130104233624,-0.0015917518039677697,1000,10,"[5, 5, 10]","I(M1,M2;T)"
229,0.0,0.055777951632297575,0.004870054821984257,1000,10,"[5, 5, 10]","I(M1,M2;T)"
230,0.0,0.048204662193372584,-0.0032309047917323253,1000,10,"[5, 5, 10]","I(M1,M2;T)"
231,0.0,0.0527479295930651,0.0016352623377990372,1000,10,"[5, 5, 10]","I(M1,M2;T)"
232,0.0,0.055112854647921226,0.003985370964728292,1000,10,"[5, 5, 10]","I(M1,M2;T)"
233,0.0,0.04341294354537367,-0.008049254498472658,1000,10,"[5, 5, 10]","I(M1,M2;T)"
234,0.0,0.04542210547235714,-0.00567622159593667,1000,10,"[5, 5, 10]","I(M1,M2;T)"
235,0.0,0.05356185482925095,0.002734259483658845,1000,10,"[5, 5, 10]","I(M1,M2;T)"
236,0.0,0.05329379477412796,0.002617202032136355,1000,10,"[5, 5, 10]","I(M1,M2;T)"
237,0.0,0.05495014865203918,0.003576954650440542,1000,10,"[5, 5, 10]","I(M1,M2;T)"
238,0.0,0.0627197220509683,0.011047896187889553,1000,10,"[5, 5, 10]","I(M1,M2;T)"
239,0.0,0.05037705760343419,-0.00044495480418867833,1000,10,"[5, 5, 10]","I(M1,M2;T)"
240,0.0,0.05642119546130985,0.005394319048047352,1000,10,"[5, 5, 10]","I(M1,M2;T)"
241,0.0,0.05800873027639526,0.006409383617510783,1000,10,"[5, 5, 10]","I(M1,M2;T)"
242,0.0,0.0514198427206742,0.00018204786516500676,1000,10,"[5, 5, 10]","I(M1,M2;T)"
243,0.0,0.036101852833524246,-0.015317073446495397,1000,10,"[5, 5, 10]","I(M1,M2;T)"
244,0.0,0.05476160596345635,0.003775302453663837,1000,10,"[5, 5, 10]","I(M1,M2;T)"
245,0.0,0.04827662473324382,-0.0028327983545792523,1000,10,"[5, 5, 10]","I(M1,M2;T)"
246,0.0,0.04716880582599356,-0.004120349153321733,1000,10,"[5, 5, 10]","I(M1,M2;T)"
247,0.0,0.04636397433981756,-0.0048044535997024546,1000,10,"[5, 5, 10]","I(M1,M2;T)"
248,0.0,0.06031022522882467,0.008650520450985182,1000,10,"[5, 5, 10]","I(M1,M2;T)"
249,0.0,0.05731947652515059,0.005929617135071175,1000,10,"[5, 5, 10]","I(M1,M2;T)"
250,0.0,0.05416089741723425,0.0028310820759898034,1000,10,"[5, 5, 10]","I(M1,M2;T)"
251,0.0,0.06424827904295854,0.012921228053178399,1000,10,"[5, 5, 10]","I(M1,M2;T)"
252,0.0,0.041815901696657776,-0.009221536227758113,1000,10,"[5, 5, 10]","I(M1,M2;T)"
253,0.0,0.0453272832181387,-0.006225080538798222,1000,10,"[5, 5, 10]","I(M1,M2;T)"
254,0.0,0.05077742731423315,-0.000824949774598932,1000,10,"[5, 5, 10]","I(M1,M2;T)"
255,0.0,0.04156724260240276,-0.009720697419452147,1000,10,"[5, 5, 10]","I(M1,M2;T)"
256,0.0,0.054851250502196316,0.0039494418331110295,1000,10,"[5, 5, 10]","I(M1,M2;T)"
257,0.0,0.04814502134542262,-0.002635576984262429,1000,10,"[5, 5, 10]","I(M1,M2;T)"
258,0.0,0.06723774816208167,0.016487673055482488,1000,10,"[5, 5, 10]","I(M1,M2;T)"
259,0.0,0.03951226695240621,-0.011896082348655072,1000,10,"[5, 5, 10]","I(M1,M2;T)"
260,0.0,0.060619564634387585,0.009344422008347612,1000,10,"[5, 5, 10]","I(M1,M2;T)"
261,0.0,0.04850097892703224,-0.0031201877917931276,1000,10,"[5, 5, 10]","I(M1,M2;T)"
262,0.0,0.05313578340147415,0.0016859582812501078,1000,10,"[5, 5, 10]","I(M1,M2;T)"
263,0.0,0.04690472225809283,-0.004354007353218135,1000,10,"[5, 5, 10]","I(M1,M2;T)"
264,0.0,0.04833832984144637,-0.0027750912059689575,1000,10,"[5, 5, 10]","I(M1,M2;T)"
265,0.0,0.04888949110395588,-0.002226511739899087,1000,10,"[5, 5, 10]","I(M1,M2;T)"
266,0.0,0.05479957849934408,0.003400629821848758,1000,10,"[5, 5, 10]","I(M1,M2;T)"
267,0.0,0.06324244137003086,0.011959590426857486,1000,10,"[5, 5, 10]","I(M1,M2;T)"
268,0.0,0.060112510601141436,0.00870561272082656,1000,10,"[5, 5, 10]","I(M1,M2;T)"
269,0.0,0.04653155537320726,-0.005191515427037927,1000,10,"[5, 5, 10]","I(M1,M2;T)"
270,0.0,0.04868217984513801,-0.0019661667243570657,1000,10,"[5, 5, 10]","I(M1,M2;T)"
271,0.0,0.03431077873269647,-0.017379841699809426,1000,10,"[5, 5, 10]","I(M1,M2;T)"
272,0.0,0.052511361616171384,0.0014318838174448914,1000,10,"[5, 5, 10]","I(M1,M2;T)"
273,0.0,0.03464821282045532,-0.016588902534427172,1000,10,"[5, 5, 10]","I(M1,M2;T)"
274,0.0,0.05147994171464082,0.0004401810789449942,1000,10,"[5, 5, 10]","I(M1,M2;T)"
275,0.0,0.057958300778824405,0.0071482183054453335,1000,10,"[5, 5, 10]","I(M1,M2;T)"
276,0.0,0.050924462108669355,-0.0001557062345705837,1000,10,"[5, 5, 10]","I(M1,M2;T)"
277,0.0,0.04845189341255572,-0.0030415183157757805,1000,10,"[5, 5, 10]","I(M1,M2;T)"
278,0.0,0.05680960875657244,0.005890134666859594,1000,10,"[5, 5, 10]","I(M1,M2;T)"
279,0.0,0.05558444039575929,0.004365216986176132,1000,10,"[5, 5, 10]","I(M1,M2;T)"
280,0.0,0.06059431356479571,0.009794632391738799,1000,10,"[5, 5, 10]","I(M1,M2;T)"
281,0.0,0.043555461246188476,-0.007173654828881694,1000,10,"[5, 5, 10]","I(M1,M2;T)"
282,0.0,0.05317352842934276,0.0023181991318280137,1000,10,"[5, 5, 10]","I(M1,M2;T)"
283,0.0,0.04514970399591765,-0.006508188005812612,1000,10,"[5, 5, 10]","I(M1,M2;T)"
284,0.0,0.051305900634570675,-0.0005955759123333487,1000,10,"[5, 5, 10]","I(M1,M2;T)"
285,0.0,0.06036155719801759,0.008738052779673822,1000,10,"[5, 5, 10]","I(M1,M2;T)"
286,0.0,0.05044173674469709,-0.0003963159753956058,1000,10,"[5, 5, 10]","I(M1,M2;T)"
287,0.0,0.05049642712841124,-0.0005448415273604582,1000,10,"[5, 5, 10]","I(M1,M2;T)"
288,0.0,0.056490688281336604,0.005478879709843343,1000,10,"[5, 5, 10]","I(M1,M2;T)"
289,0.0,0.04200797568029985,-0.009266171226087333,1000,10,"[5, 5, 10]","I(M1,M2;T)"
290,0.0,0.04618316171588989,-0.004936454916475638,1000,10,"[5, 5, 10]","I(M1,M2;T)"
291,0.0,0.05125811417323983,0.0002476976561696792,1000,10,"[5, 5, 10]","I(M1,M2;T)"
292,0.0,0.059728404865822725,0.008798119871390814,1000,10,"[5, 5, 10]","I(M1,M2;T)"
293,0.0,0.047757987867439726,-0.0035707893477507843,1000,10,"[5, 5, 10]","I(M1,M2;T)"
294,0.0,0.05509020115900645,0.0039765449954889745,1000,10,"[5, 5, 10]","I(M1,M2;T)"
295,0.0,0.05631157099526251,0.005060529981544576,1000,10,"[5, 5, 10]","I(M1,M2;T)"
296,0.0,0.03935542682722796,-0.011850176173856954,1000,10,"[5, 5, 10]","I(M1,M2;T)"
297,0.0,0.057048050250591426,0.0059317394279609775,1000,10,"[5, 5, 10]","I(M1,M2;T)"
298,0.0,0.05373597321747762,0.003126416429179324,1000,10,"[5, 5, 10]","I(M1,M2;T)"
299,0.0,0.050568066331508975,-0.0002752065067799861,1000,10,"[5, 5, 10]","I(M1,M2;T)"
300,0.0,0.05038283148208952,-0.001296224953238799,1000,10,"[5, 5, 10]","I(M1,M2;T)"
301,0.0,0.04052925189843719,-0.00978222363121057,1000,10,"[5, 5, 10]","I(M1,M2;T)"
302,0.0,0.04589140383326655,-0.00498048318194369,1000,10,"[5, 5, 10]","I(M1,M2;T)"
303,0.0,0.05842846183559645,0.006782089125625085,1000,10,"[5, 5, 10]","I(M1,M2;T)"
304,0.0,0.04101563212091963,-0.010269684732875942,1000,10,"[5, 5, 10]","I(M1,M2;T)"
305,0.0,0.06059589734797354,0.00958435479653414,1000,10,"[5, 5, 10]","I(M1,M2;T)"
306,0.0,0.07286909662046845,0.022250202412693473,1000,10,"[5, 5, 10]","I(M1,M2;T)"
307,0.0,0.03516467165230658,-0.016528666742216584,1000,10,"[5, 5, 10]","I(M1,M2;T)"
308,0.0,0.04748735051459678,-0.0036719609829738292,1000,10,"[5, 5, 10]","I(M1,M2;T)"
309,0.0,0.03804739648060922,-0.013242014354143156,1000,10,"[5, 5, 10]","I(M1,M2;T)"
310,0.0,0.058855121542397554,0.007007859361417346,1000,10,"[5, 5, 10]","I(M1,M2;T)"
311,0.0,0.04871440231317323,-0.0022674294877151197,1000,10,"[5, 5, 10]","I(M1,M2;T)"
312,0.0,0.04164567918343458,-0.00988098469075186,1000,10,"[5, 5, 10]","I(M1,M2;T)"
313,0.0,0.05309594388394474,0.0012990429871696657,1000,10,"[5, 5, 10]","I(M1,M2;T)"
314,0.0,0.05052067449041275,-0.0001092440053260535,1000,10,"[5, 5, 10]","I(M1,M2;T)"
315,0.0,0.061583664558350876,0.009956206724520002,1000,10,"[5, 5, 10]","I(M1,M2;T)"
316,0.0,0.041554371958327826,-0.009521899893987947,1000,10,"[5, 5, 10]","I(M1,M2;T)"
317,0.0,0.04838010237997991,-0.0028223915433378266,1000,10,"[5, 5, 10]","I(M1,M2;T)"
318,0.0,0.04823195025586474,-0.003415265775380122,1000,10,"[5, 5, 10]","I(M1,M2;T)"
319,0.0,0.05809515748270684,0.007253361835455684,1000,10,"[5, 5, 10]","I(M1,M2;T)"
320,0.0,0.05295151477144566,0.0012021255673164977,1000,10,"[5, 5, 10]","I(M1,M2;T)"
321,0.0,0.05785776115986632,0.006629480203755485,1000,10,"[5, 5, 10]","I(M1,M2;T)"
322,0.0,0.052899716217158346,0.0015982521067983632,1000,10,"[5, 5, 10]","I(M1,M2;T)"
323,0.0,0.05517556670578654,0.004767481099410595,1000,10,"[5, 5, 10]","I(M1,M2;T)"
324,0.0,0.041514518206529065,-0.010030296210169161,1000,10,"[5, 5, 10]","I(M1,M2;T)"
325,0.0,0.044110459031372076,-0.007731599110254811,1000,10,"[5, 5, 10]","I(M1,M2;T)"
326,0.0,0.05127994438503056,-0.00028894200136959924,1000,10,"[5, 5, 10]","I(M1,M2;T)"
327,0.0,0.035550810487510576,-0.014652394517730323,1000,10,"[5, 5, 10]","I(M1,M2;T)"
328,0.0,0.055717849662878356,0.004106029136036575,1000,10,"[5, 5, 10]","I(M1,M2;T)"
329,0.0,0.03407307582981933,-0.016723003965075388,1000,10,"[5, 5, 10]","I(M1,M2;T)"
330,0.0,0.04749543219506373,-0.0034946155602965587,1000,10,"[5, 5, 10]","I(M1,M2;T)"
331,0.0,0.03879270163034744,-0.012779353286764897,1000,10,"[5, 5, 10]","I(M1,M2;T)"
332,0.0,0.050203568675412404,-0.0008150173987109127,1000,10,"[5, 5, 10]","I(M1,M2;T)"
333,0.0,0.0507404636847659,-0.0005629782370504405,1000,10,"[5, 5, 10]","I(M1,M2;T)"
334,0.0,0.04318087208631556,-0.007664430895912171,1000,10,"[5, 5, 10]","I(M1,M2;T)"
335,0.0,0.0486282954076277,-0.0028251758607899663,1000,10,"[5, 5, 10]","I(M1,M2;T)"
336,0.0,0.05604768222107667,0.005741060901506813,1000,10,"[5, 5, 10]","I(M1,M2;T)"
337,0.0,0.042227870003835745,-0.008693429096630435,1000,10,"[5, 5, 10]","I(M1,M2;T)"
338,0.0,0.055055667794689386,0.004098195992569442,1000,10,"[5, 5, 10]","I(M1,M2;T)"
339,0.0,0.047714444447383327,-0.0036706720234090245,1000,10,"[5, 5, 10]","I(M1,M2;T)"
340,0.0,0.053690653371656,0.0025098651648494327,1000,10,"[5, 5, 10]","I(M1,M2;T)"
341,0.0,0.0499906951408689,-0.0008322539520131955,1000,10,"[5, 5, 10]","I(M1,M2;T)"
342,0.0,0.05143273109301287,0.0005918644154153524,1000,10,"[5, 5, 10]","I(M1,M2;T)"
343,0.0,0.04451714999223172,-0.006416771910180967,1000,10,"[5, 5, 10]","I(M1,M2;T)"
344,0.0,0.04699893357194854,-0.0043212924295906105,1000,10,"[5, 5, 10]","I(M1,M2;T)"
345,0.0,0.0521087400606444,0.0006844010146714319,1000,10,"[5, 5, 10]","I(M1,M2;T)"
346,0.0,0.05709664036422883,0.005866725488953277,1000,10,"[5, 5, 10]","I(M1,M2;T)"
347,0.0,0.05153822616068306,0.000254178822084887,1000,10,"[5, 5, 10]","I(M1,M2;T)"
348,0.0,0.047181831372770815,-0.0040180306923739,1000,10,"[5, 5, 10]","I(M1,M2;T)"
349,0.0,0.04241057950083956,-0.008985785477505386,1000,10,"[5, 5, 10]","I(M1,M2;T)"
350,0.0,0.043891431221591476,-0.0069960902495155575,1000,10,"[5, 5, 10]","I(M1,M2;T)"
351,0.0,0.04717793534087433,-0.004170129277122493,1000,10,"[5, 5, 10]","I(M1,M2;T)"
352,0.0,0.06220859515706483,0.010940842078789675,1000,10,"[5, 5, 10]","I(M1,M2;T)"
353,0.0,0.04382114870062934,-0.006935330574853481,1000,10,"[5, 5, 10]","I(M1,M2;T)"
354,0.0,0.04502463183110188,-0.006132255523128356,1000,10,"[5, 5, 10]","I(M1,M2;T)"
355,0.0,0.04732374706750388,-0.003961797203605177,1000,10,"[5, 5, 10]","I(M1,M2;T)"
356,0.0,0.05123601875196583,-0.00033132984482117656,1000,10,"[5, 5, 10]","I(M1,M2;T)"
357,0.0,0.05703539566296622,0.005790796025608398,1000,10,"[5, 5, 10]","I(M1,M2;T)"
358,0.0,0.041007694827805335,-0.009916365326788239,1000,10,"[5, 5, 10]","I(M1,M2;T)"
359,0.0,0.04778434532776017,-0.0038724528852324483,1000,10,"[5, 5, 10]","I(M1,M2;T)"
360,0.0,0.043564026533421465,-0.008148828803453384,1000,10,"[5, 5, 10]","I(M1,M2;T)"
361,0.0,0.05342684265828491,0.0023799131671639814,1000,10,"[5, 5, 10]","I(M1,M2;T)"
362,0.0,0.039745824600984754,-0.011753194625960445,1000,10,"[5, 5, 10]","I(M1,M2;T)"
363,0.0,0.0582653814673882,0.0065804167254385,1000,10,"[5, 5, 10]","I(M1,M2;T)"
364,0.0,0.048675330708538384,-0.0023355789658204007,1000,10,"[5, 5, 10]","I(M1,M2;T)"
365,0.0,0.05712927052392175,0.006149189734272781,1000,10,"[5, 5, 10]","I(M1,M2;T)"
366,0.0,0.0489171764921055,-0.002428489893970022,1000,10,"[5, 5, 10]","I(M1,M2;T)"
367,0.0,0.0630729083655996,0.011145250562279857,1000,10,"[5, 5, 10]","I(M1,M2;T)"
368,0.0,0.049701979238380434,-0.0009749803388923867,1000,10,"[5, 5, 10]","I(M1,M2;T)"
369,0.0,0.0527784193575718,0.0021821288992425678,1000,10,"[5, 5, 10]","I(M1,M2;T)"
370,0.0,0.05039062083933175,-0.0005508224699116715,1000,10,"[5, 5, 10]","I(M1,M2;T)"
371,0.0,0.060302642677950546,0.008770391007589654,1000,10,"[5, 5, 10]","I(M1,M2;T)"
372,0.0,0.05494847929904691,0.003703492825728197,1000,10,"[5, 5, 10]","I(M1,M2;T)"
373,0.0,0.04614854753130524,-0.0052398456278019145,1000,10,"[5, 5, 10]","I(M1,M2;T)"
374,0.0,0.050412575763419135,-0.0008456481493379214,1000,10,"[5, 5, 10]","I(M1,M2;T)"
375,0.0,0.04166035628360682,-0.009239609709150755,1000,10,"[5, 5, 10]","I(M1,M2;T)"
376,0.0,0.042128896700117546,-0.008853037646491403,1000,10,"[5, 5, 10]","I(M1,M2;T)"
377,0.0,0.06066416022292126,0.00902580515097539,1000,10,"[5, 5, 10]","I(M1,M2;T)"
378,0.0,0.046490834124175026,-0.004571565560630361,1000,10,"[5, 5, 10]","I(M1,M2;T)"
379,0.0,0.05363270308747394,0.0027603691988068377,1000,10,"[5, 5, 10]","I(M1,M2;T)"
380,0.0,0.04811224313466541,-0.003283898073981578,1000,10,"[5, 5, 10]","I(M1,M2;T)"
381,0.0,0.04275333812361094,-0.008926821150260923,1000,10,"[5, 5, 10]","I(M1,M2;T)"
382,0.0,0.05590313976806288,0.005008375037031186,1000,10,"[5, 5, 10]","I(M1,M2;T)"
383,0.0,0.045947993336831965,-0.005194870913236081,1000,10,"[5, 5, 10]","I(M1,M2;T)"
384,0.0,0.04449251583502779,-0.006318230995325087,1000,10,"[5, 5, 10]","I(M1,M2;T)"
385,0.0,0.04847759076220592,-0.0029320110976728403,1000,10,"[5, 5, 10]","I(M1,M2;T)"
386,0.0,0.04932814748386751,-0.0022823009567892877,1000,10,"[5, 5, 10]","I(M1,M2;T)"
387,0.0,0.06311276776187565,0.012342978448679778,1000,10,"[5, 5, 10]","I(M1,M2;T)"
388,0.0,0.04542153243395565,-0.0051830219511628944,1000,10,"[5, 5, 10]","I(M1,M2;T)"
389,0.0,0.049941124262363856,-0.0009676092314185314,1000,10,"[5, 5, 10]","I(M1,M2;T)"
390,0.0,0.05452750648884568,0.003557053549579095,1000,10,"[5, 5, 10]","I(M1,M2;T)"
391,0.0,0.05745886311688123,0.006210132708546326,1000,10,"[5, 5, 10]","I(M1,M2;T)"
392,0.0,0.05462202815584895,0.003741946184770681,1000,10,"[5, 5, 10]","I(M1,M2;T)"
393,0.0,0.05721638226683074,0.005931924642174943,1000,10,"[5, 5, 10]","I(M1,M2;T)"
394,0.0,0.04470536453840357,-0.00621241127212406,1000,10,"[5, 5, 10]","I(M1,M2;T)"
395,0.0,0.057187612393017166,0.005758622675344577,1000,10,"[5, 5, 10]","I(M1,M2;T)"
396,0.0,0.047370663054755874,-0.003369913872961275,1000,10,"[5, 5, 10]","I(M1,M2;T)"
397,0.0,0.0519340607829913,0.0006375178444795945,1000,10,"[5, 5, 10]","I(M1,M2;T)"
398,0.0,0.03970280927640927,-0.011671338786828744,1000,10,"[5, 5, 10]","I(M1,M2;T)"
399,0.0,0.04766880458734528,-0.0038169286894046,1000,10,"[5, 5, 10]","I(M1,M2;T)"
400,0.0,0.053419917852205664,0.0019840419278959742,1000,10,"[5, 5, 10]","I(M1,M2;T)"
401,0.0,0.04739101203278337,-0.003815837773291357,1000,10,"[5, 5, 10]","I(M1,M2;T)"
402,0.0,0.04218122524833889,-0.008613140057375082,1000,10,"[5, 5, 10]","I(M1,M2;T)"
403,0.0,0.04290645683994656,-0.008407220140989644,1000,10,"[5, 5, 10]","I(M1,M2;T)"
404,0.0,0.048700339213992944,-0.0024945925098659102,1000,10,"[5, 5, 10]","I(M1,M2;T)"
405,0.0,0.046550475345845034,-0.004484368843453858,1000,10,"[5, 5, 10]","I(M1,M2;T)"
406,0.0,0.05903258211702561,0.0080875147852036,1000,10,"[5, 5, 10]","I(M1,M2;T)"
407,0.0,0.05380038702408013,0.0029164762869107533,1000,10,"[5, 5, 10]","I(M1,M2;T)"
408,0.0,0.06145685395188616,0.009655994308458406,1000,10,"[5, 5, 10]","I(M1,M2;T)"
409,0.0,0.04958528262986814,-0.0024575837554774507,1000,10,"[5, 5, 10]","I(M1,M2;T)"
410,0.0,0.043160490093305054,-0.007797280672361059,1000,10,"[5, 5, 10]","I(M1,M2;T)"
411,0.0,0.04972324455395556,-0.0017371538604768408,1000,10,"[5, 5, 10]","I(M1,M2;T)"
412,0.0,0.05966022649541071,0.00842043184499066,1000,10,"[5, 5, 10]","I(M1,M2;T)"
413,0.0,0.05753388447988973,0.0068724730601657374,1000,10,"[5, 5, 10]","I(M1,M2;T)"
414,0.0,0.05195841093602882,0.00048668948626637287,1000,10,"[5, 5, 10]","I(M1,M2;T)"
415,0.0,0.042483364087908856,-0.008769102912845154,1000,10,"[5, 5, 10]","I(M1,M2;T)"
416,0.0,0.04372682617391321,-0.00693436329295051,1000,10,"[5, 5, 10]","I(M1,M2;T)"
417,0.0,0.04574906567402026,-0.005462272747497797,1000,10,"[5, 5, 10]","I(M1,M2;T)"
418,0.0,0.040030668082199294,-0.01094477260711315,1000,10,"[5, 5, 10]","I(M1,M2;T)"
419,0.0,0.04686465329725091,-0.004615324151397204,1000,10,"[5, 5, 10]","I(M1,M2;T)"
420,0.0,0.060318267712937884,0.009310224260522262,1000,10,"[5, 5, 10]","I(M1,M2;T)"
421,0.0,0.04646806488253315,-0.00459609711498981,1000,10,"[5, 5, 10]","I(M1,M2;T)"
422,0.0,0.052914199571934946,0.0012253927668239364,1000,10,"[5, 5, 10]","I(M1,M2;T)"
423,0.0,0.054162921961716286,0.003548644018979287,1000,10,"[5, 5, 10]","I(M1,M2;T)"
424,0.0,0.04946181706689673,-0.0015940868599178468,1000,10,"[5, 5, 10]","I(M1,M2;T)"
425,0.0,0.05223462885793313,0.0014581854705918301,1000,10,"[5, 5, 10]","I(M1,M2;T)"
426,0.0,0.04168749867885778,-0.00949459912231674,1000,10,"[5, 5, 10]","I(M1,M2;T)"
427,0.0,0.04449941113601495,-0.006683054137730064,1000,10,"[5, 5, 10]","I(M1,M2;T)"
428,0.0,0.05162929083016764,0.0002951719409153633,1000,10,"[5, 5, 10]","I(M1,M2;T)"
429,0.0,0.03916624197301535,-0.011470683279870747,1000,10,"[5, 5, 10]","I(M1,M2;T)"
430,0.0,0.04807828293369165,-0.0031446594129678,1000,10,"[5, 5, 10]","I(M1,M2;T)"
431,0.0,0.04672116724054571,-0.005073116547246341,1000,10,"[5, 5, 10]","I(M1,M2;T)"
432,0.0,0.04756323184775448,-0.0035260499812887827,1000,10,"[5, 5, 10]","I(M1,M2;T)"
433,0.0,0.04676595968234429,-0.004709324747339573,1000,10,"[5, 5, 10]","I(M1,M2;T)"
434,0.0,0.04569455019360688,-0.005248946340822722,1000,10,"[5, 5, 10]","I(M1,M2;T)"
435,0.0,0.04907076126008044,-0.0019182394631887603,1000,10,"[5, 5, 10]","I(M1,M2;T)"
436,0.0,0.04138040583010839,-0.00943836327915841,1000,10,"[5, 5, 10]","I(M1,M2;T)"
437,0.0,0.048821371253053795,-0.0023647832100866933,1000,10,"[5, 5, 10]","I(M1,M2;T)"
438,0.0,0.04129093140557598,-0.009574753424880608,1000,10,"[5, 5, 10]","I(M1,M2;T)"
439,0.0,0.041366512217342014,-0.009862389260388287,1000,10,"[5, 5, 10]","I(M1,M2;T)"
440,0.0,0.04212605235595389,-0.009143986381851099,1000,10,"[5, 5, 10]","I(M1,M2;T)"
441,0.0,0.0617104267913601,0.01070038900491687,1000,10,"[5, 5, 10]","I(M1,M2;T)"
442,0.0,0.04314892460155849,-0.007783111612910218,1000,10,"[5, 5, 10]","I(M1,M2;T)"
443,0.0,0.04955358971571698,-0.0015328429015480857,1000,10,"[5, 5, 10]","I(M1,M2;T)"
444,0.0,0.06497405003915017,0.014073094605309533,1000,10,"[5, 5, 10]","I(M1,M2;T)"
445,0.0,0.05413385156109348,0.0032675849338018106,1000,10,"[5, 5, 10]","I(M1,M2;T)"
446,0.0,0.042470736270189276,-0.008792122325110091,1000,10,"[5, 5, 10]","I(M1,M2;T)"
447,0.0,0.05494340623896005,0.0037173131529431233,1000,10,"[5, 5, 10]","I(M1,M2;T)"
448,0.0,0.049781261029467234,-0.0008688881814178095,1000,10,"[5, 5, 10]","I(M1,M2;T)"
449,0.0,0.048080583015620265,-0.0030550083367761743,1000,10,"[5, 5, 10]","I(M1,M2;T)"
450,0.0,0.043200677101543836,-0.007968882965318988,1000,10,"[5, 5, 10]","I(M1,M2;T)"
451,0.0,0.04881335362316927,-0.0019433840593963414,1000,10,"[5, 5, 10]","I(M1,M2;T)"
452,0.0,0.0469434419083927,-0.004229207523739793,1000,10,"[5, 5, 10]","I(M1,M2;T)"
453,0.0,0.04992610042087121,-0.0009862911363798799,1000,10,"[5, 5, 10]","I(M1,M2;T)"
454,0.0,0.061599108902201924,0.010635374495992542,1000,10,"[5, 5, 10]","I(M1,M2;T)"
455,0.0,0.0539440763646975,0.0023625712553973777,1000,10,"[5, 5, 10]","I(M1,M2;T)"
456,0.0,0.04782273892587975,-0.0030151960966666724,1000,10,"[5, 5, 10]","I(M1,M2;T)"
457,0.0,0.05683591320690904,0.005888187791498169,1000,10,"[5, 5, 10]","I(M1,M2;T)"
458,0.0,0.05244624345378201,0.0012463784844115589,1000,10,"[5, 5, 10]","I(M1,M2;T)"
459,0.0,0.04069336946537959,-0.010765938064145782,1000,10,"[5, 5, 10]","I(M1,M2;T)"
460,0.0,0.045655248576255844,-0.005719551829255869,1000,10,"[5, 5, 10]","I(M1,M2;T)"
461,0.0,0.041047418943254026,-0.009541574709222476,1000,10,"[5, 5, 10]","I(M1,M2;T)"
462,0.0,0.05191248196939459,0.00016222050605356475,1000,10,"[5, 5, 10]","I(M1,M2;T)"
463,0.0,0.047500458281424615,-0.0038038222401235097,1000,10,"[5, 5, 10]","I(M1,M2;T)"
464,0.0,0.04745982636582703,-0.004427392882000156,1000,10,"[5, 5, 10]","I(M1,M2;T)"
465,0.0,0.05319387715372231,0.0017685629906501535,1000,10,"[5, 5, 10]","I(M1,M2;T)"
466,0.0,0.04578778836074212,-0.005348437705106866,1000,10,"[5, 5, 10]","I(M1,M2;T)"
467,0.0,0.06749962628462357,0.01658663039007259,1000,10,"[5, 5, 10]","I(M1,M2;T)"
468,0.0,0.04219835062738214,-0.008693910404840216,1000,10,"[5, 5, 10]","I(M1,M2;T)"
469,0.0,0.057831920674445245,0.006748517915380135,1000,10,"[5, 5, 10]","I(M1,M2;T)"
470,0.0,0.06527388887731653,0.01436002738751932,1000,10,"[5, 5, 10]","I(M1,M2;T)"
471,0.0,0.05666488504281433,0.005461229200344135,1000,10,"[5, 5, 10]","I(M1,M2;T)"
472,0.0,0.05317821947907395,0.002028768290428827,1000,10,"[5, 5, 10]","I(M1,M2;T)"
473,0.0,0.05416316152625351,0.0026702226036146026,1000,10,"[5, 5, 10]","I(M1,M2;T)"
474,0.0,0.05922825140678783,0.00790364512252302,1000,10,"[5, 5, 10]","I(M1,M2;T)"
475,0.0,0.051534981760693585,0.0003123951188415547,1000,10,"[5, 5, 10]","I(M1,M2;T)"
476,0.0,0.05754858431900832,0.005978896440116788,1000,10,"[5, 5, 10]","I(M1,M2;T)"
477,0.0,0.05294858959752518,0.0017322542129771384,1000,10,"[5, 5, 10]","I(M1,M2;T)"
478,0.0,0.050534024489647444,-0.0009021547834809976,1000,10,"[5, 5, 10]","I(M1,M2;T)"
479,0.0,0.04399046740968459,-0.006921463620085347,1000,10,"[5, 5, 10]","I(M1,M2;T)"
480,0.0,0.054706313411761576,0.003397420936934674,1000,10,"[5, 5, 10]","I(M1,M2;T)"
481,0.0,0.04504536815140628,-0.006396858548923481,1000,10,"[5, 5, 10]","I(M1,M2;T)"
482,0.0,0.04209187100597322,-0.00929254504238071,1000,10,"[5, 5, 10]","I(M1,M2;T)"
483,0.0,0.053743087256002874,0.0026937273493700398,1000,10,"[5, 5, 10]","I(M1,M2;T)"
484,0.0,0.06397272514749926,0.012978569865143869,1000,10,"[5, 5, 10]","I(M1,M2;T)"
485,0.0,0.05608292911492469,0.004553543499107179,1000,10,"[5, 5, 10]","I(M1,M2;T)"
486,0.0,0.04478494953320083,-0.006328738222618424,1000,10,"[5, 5, 10]","I(M1,M2;T)"
487,0.0,0.05438918648670209,0.003235570477088112,1000,10,"[5, 5, 10]","I(M1,M2;T)"
488,0.0,0.03858694424669456,-0.012279449024122466,1000,10,"[5, 5, 10]","I(M1,M2;T)"
489,0.0,0.05665734589229259,0.0058267458349714335,1000,10,"[5, 5, 10]","I(M1,M2;T)"
490,0.0,0.04914618238115449,-0.001732458300867358,1000,10,"[5, 5, 10]","I(M1,M2;T)"
491,0.0,0.059929713369940046,0.00841113540236857,1000,10,"[5, 5, 10]","I(M1,M2;T)"
492,0.0,0.04400709778623068,-0.006918537722947302,1000,10,"[5, 5, 10]","I(M1,M2;T)"
493,0.0,0.051002476454893975,-0.0003987372370431036,1000,10,"[5, 5, 10]","I(M1,M2;T)"
494,0.0,0.05093499166029905,-0.00046846159029811235,1000,10,"[5, 5, 10]","I(M1,M2;T)"
495,0.0,0.06249147248627489,0.01098710929977463,1000,10,"[5, 5, 10]","I(M1,M2;T)"
496,0.0,0.05045058048617941,-0.0007003287594014029,1000,10,"[5, 5, 10]","I(M1,M2;T)"
497,0.0,0.053765374189400444,0.0025204395437861127,1000,10,"[5, 5, 10]","I(M1,M2;T)"
498,0.0,0.042047931446398415,-0.008681648989877555,1000,10,"[5, 5, 10]","I(M1,M2;T)"
499,0.0,0.05137335635613306,0.000286978573113765,1000,10,"[5, 5, 10]","I(M1,M2;T)"
500,0.0,0.057448269559795,0.006567534256753951,1000,10,"[5, 5, 10]","I(M1,M2;T)"
501,0.0,0.054306348659066125,0.0032846911330579806,1000,10,"[5, 5, 10]","I(M1,M2;T)"
502,0.0,0.05308276286899462,0.0016170523943598789,1000,10,"[5, 5, 10]","I(M1,M2;T)"
503,0.0,0.045819923981825196,-0.0053723310270203314,1000,10,"[5, 5, 10]","I(M1,M2;T)"
504,0.0,0.04618090900410581,-0.005205328755390863,1000,10,"[5, 5, 10]","I(M1,M2;T)"
505,0.0,0.05576709110737066,0.005541212402554764,1000,10,"[5, 5, 10]","I(M1,M2;T)"
506,0.0,0.04695162059097825,-0.003995222527223077,1000,10,"[5, 5, 10]","I(M1,M2;T)"
507,0.0,0.04335062316480563,-0.007756413830848713,1000,10,"[5, 5, 10]","I(M1,M2;T)"
508,0.0,0.03610382512128403,-0.01548828923614698,1000,10,"[5, 5, 10]","I(M1,M2;T)"
509,0.0,0.051879138871224986,0.00042913907196651807,1000,10,"[5, 5, 10]","I(M1,M2;T)"
510,0.0,0.042056605728674125,-0.008805701402710649,1000,10,"[5, 5, 10]","I(M1,M2;T)"
511,0.0,0.05785352716475007,0.006546762612594924,1000,10,"[5, 5, 10]","I(M1,M2;T)"
512,0.0,0.04961908915932037,-0.0012038062524466764,1000,10,"[5, 5, 10]","I(M1,M2;T)"
513,0.0,0.04813583803467135,-0.003248029850686271,1000,10,"[5, 5, 10]","I(M1,M2;T)"
514,0.0,0.05524352699441357,0.003911707790635599,1000,10,"[5, 5, 10]","I(M1,M2;T)"
515,0.0,0.05575048388788689,0.005071349085563739,1000,10,"[5, 5, 10]","I(M1,M2;T)"
516,0.0,0.05477512915644607,0.0033340909882779365,1000,10,"[5, 5, 10]","I(M1,M2;T)"
517,0.0,0.04576955558628852,-0.006027907906277635,1000,10,"[5, 5, 10]","I(M1,M2;T)"
518,0.0,0.04314216079325916,-0.008244842981066335,1000,10,"[5, 5, 10]","I(M1,M2;T)"
519,0.0,0.04930526342035896,-0.0020596442634454384,1000,10,"[5, 5, 10]","I(M1,M2;T)"
520,0.0,0.057453108568113274,0.006182160295444175,1000,10,"[5, 5, 10]","I(M1,M2;T)"
521,0.0,0.04692045819525974,-0.0045038624885397616,1000,10,"[5, 5, 10]","I(M1,M2;T)"
522,0.0,0.05906992196324484,0.007944042171983925,1000,10,"[5, 5, 10]","I(M1,M2;T)"
523,0.0,0.05469768101630512,0.003873674940233239,1000,10,"[5, 5, 10]","I(M1,M2;T)"
524,0.0,0.041429221288855386,-0.010578427585323895,1000,10,"[5, 5, 10]","I(M1,M2;T)"
525,0.0,0.05117848208368629,0.0006935658612343756,1000,10,"[5, 5, 10]","I(M1,M2;T)"
526,0.0,0.04913823181553422,-0.0015347485641480432,1000,10,"[5, 5, 10]","I(M1,M2;T)"
527,0.0,0.06076530785732277,0.009217911289892688,1000,10,"[5, 5, 10]","I(M1,M2;T)"
528,0.0,0.048208420128142956,-0.002413286788913567,1000,10,"[5, 5, 10]","I(M1,M2;T)"
529,0.0,0.05800922831811458,0.006868402345324369,1000,10,"[5, 5, 10]","I(M1,M2;T)"
530,0.0,0.05732345431946247,0.006084578663557348,1000,10,"[5, 5, 10]","I(M1,M2;T)"
531,0.0,0.06476508457820553,0.013709560724626646,1000,10,"[5, 5, 10]","I(M1,M2;T)"
532,0.0,0.04273637539883035,-0.00855525903871205,1000,10,"[5, 5, 10]","I(M1,M2;T)"
533,0.0,0.0441861055134561,-0.0073214981291738965,1000,10,"[5, 5, 10]","I(M1,M2;T)"
534,0.0,0.057873077788000236,0.006711013432403219,1000,10,"[5, 5, 10]","I(M1,M2;T)"
535,0.0,0.04438762707991857,-0.007507060297833525,1000,10,"[5, 5, 10]","I(M1,M2;T)"
536,0.0,0.045013963675409,-0.005832340567481241,1000,10,"[5, 5, 10]","I(M1,M2;T)"
537,0.0,0.046254910016907555,-0.004580775959676403,1000,10,"[5, 5, 10]","I(M1,M2;T)"
538,0.0,0.041820230194236155,-0.00882398039444627,1000,10,"[5, 5, 10]","I(M1,M2;T)"
539,0.0,0.06067163651074776,0.008904962688537715,1000,10,"[5, 5, 10]","I(M1,M2;T)"
540,0.0,0.04203569331651845,-0.00951480456226892,1000,10,"[5, 5, 10]","I(M1,M2;T)"
541,0.0,0.033790649389194675,-0.017469111004332308,1000,10,"[5, 5, 10]","I(M1,M2;T)"
542,0.0,0.05694238906034431,0.0060488574945995605,1000,10,"[5, 5, 10]","I(M1,M2;T)"
543,0.0,0.06375259014568609,0.013106053688239014,1000,10,"[5, 5, 10]","I(M1,M2;T)"
544,0.0,0.04607799199957267,-0.005368022956981425,1000,10,"[5, 5, 10]","I(M1,M2;T)"
545,0.0,0.04754597556102837,-0.0031932029803961454,1000,10,"[5, 5, 10]","I(M1,M2;T)"
546,0.0,0.042858202870574395,-0.008483678647325257,1000,10,"[5, 5, 10]","I(M1,M2;T)"
547,0.0,0.061385090143414686,0.010217074676311708,1000,10,"[5, 5, 10]","I(M1,M2;T)"
548,0.0,0.049691940367069136,-0.0009699820311610541,1000,10,"[5, 5, 10]","I(M1,M2;T)"
549,0.0,0.04963443355449948,-0.0011587621812979496,1000,10,"[5, 5, 10]","I(M1,M2;T)"
550,0.0,0.06362943631491372,0.012066092346661741,1000,10,"[5, 5, 10]","I(M1,M2;T)"
551,0.0,0.05302797227222492,0.0023843173945019974,1000,10,"[5, 5, 10]","I(M1,M2;T)"
552,0.0,0.036436027514440035,-0.014916797661584637,1000,10,"[5, 5, 10]","I(M1,M2;T)"
553,0.0,0.05814344677903261,0.007466288823369388,1000,10,"[5, 5, 10]","I(M1,M2;T)"
554,0.0,0.04905098422260367,-0.0026885420889771958,1000,10,"[5, 5, 10]","I(M1,M2;T)"
555,0.0,0.05011337700212599,-0.0014329105855891006,1000,10,"[5, 5, 10]","I(M1,M2;T)"
556,0.0,0.047128276557622806,-0.004404668950020278,1000,10,"[5, 5, 10]","I(M1,M2;T)"
557,0.0,0.044457543670130086,-0.007031126124756197,1000,10,"[5, 5, 10]","I(M1,M2;T)"
558,0.0,0.050589860878325496,-0.0005019432413146535,1000,10,"[5, 5, 10]","I(M1,M2;T)"
559,0.0,0.06067422396347701,0.009257571436203767,1000,10,"[5, 5, 10]","I(M1,M2;T)"
560,0.0,0.05953837014192373,0.008010534062520211,1000,10,"[5, 5, 10]","I(M1,M2;T)"
561,0.0,0.05276454583592882,0.0021050293659685554,1000,10,"[5, 5, 10]","I(M1,M2;T)"
562,0.0,0.048963807051023836,-0.002695579820121932,1000,10,"[5, 5, 10]","I(M1,M2;T)"
563,0.0,0.052997793648082915,0.002086735375571941,1000,10,"[5, 5, 10]","I(M1,M2;T)"
564,0.0,0.047599226277147216,-0.0029113519073221267,1000,10,"[5, 5, 10]","I(M1,M2;T)"
565,0.0,0.04820286369175324,-0.002456288523644143,1000,10,"[5, 5, 10]","I(M1,M2;T)"
566,0.0,0.045426097699022096,-0.005928172182147216,1000,10,"[5, 5, 10]","I(M1,M2;T)"
567,0.0,0.04725545420209809,-0.004380832044296845,1000,10,"[5, 5, 10]","I(M1,M2;T)"
568,0.0,0.05058564795153539,-0.00035168848264250513,1000,10,"[5, 5, 10]","I(M1,M2;T)"
569,0.0,0.049084833732667206,-0.0027991354039814814,1000,10,"[5, 5, 10]","I(M1,M2;T)"
570,0.0,0.05725464660702676,0.006035380251507606,1000,10,"[5, 5, 10]","I(M1,M2;T)"
571,0.0,0.0536359754731971,0.0017838045505631783,1000,10,"[5, 5, 10]","I(M1,M2;T)"
572,0.0,0.05027164351719623,-0.0013412099768553842,1000,10,"[5, 5, 10]","I(M1,M2;T)"
573,0.0,0.052829410142509435,0.0011302549561684333,1000,10,"[5, 5, 10]","I(M1,M2;T)"
574,0.0,0.046952108137128586,-0.004737576609754518,1000,10,"[5, 5, 10]","I(M1,M2;T)"
575,0.0,0.03734309394998658,-0.013741566667562773,1000,10,"[5, 5, 10]","I(M1,M2;T)"
576,0.0,0.051383388905264046,-6.187087406685915e-05,1000,10,"[5, 5, 10]","I(M1,M2;T)"
577,0.0,0.04305288994737773,-0.007968922104364312,1000,10,"[5, 5, 10]","I(M1,M2;T)"
578,0.0,0.05153274356296985,-0.00012954077096380412,1000,10,"[5, 5, 10]","I(M1,M2;T)"
579,0.0,0.03774122546013432,-0.013769772514786602,1000,10,"[5, 5, 10]","I(M1,M2;T)"
580,0.0,0.05404024045969248,0.0031404284425696483,1000,10,"[5, 5, 10]","I(M1,M2;T)"
581,0.0,0.05840935480553894,0.00797496261985639,1000,10,"[5, 5, 10]","I(M1,M2;T)"
582,0.0,0.044553549171931696,-0.0065546264267453275,1000,10,"[5, 5, 10]","I(M1,M2;T)"
583,0.0,0.051861262974731745,0.0011179989216328276,1000,10,"[5, 5, 10]","I(M1,M2;T)"
584,0.0,0.055755763454500486,0.004414417553937004,1000,10,"[5, 5, 10]","I(M1,M2;T)"
585,0.0,0.04696535803805367,-0.004322878142165441,1000,10,"[5, 5, 10]","I(M1,M2;T)"
586,0.0,0.03364383934172378,-0.017108994205586432,1000,10,"[5, 5, 10]","I(M1,M2;T)"
587,0.0,0.05195425594058169,0.000604864779351226,1000,10,"[5, 5, 10]","I(M1,M2;T)"
588,0.0,0.046255087429347,-0.004929145580053307,1000,10,"[5, 5, 10]","I(M1,M2;T)"
589,0.0,0.053439226318756944,0.0018773929032607217,1000,10,"[5, 5, 10]","I(M1,M2;T)"
590,0.0,0.050356717921329716,-0.0005281986952984513,1000,10,"[5, 5, 10]","I(M1,M2;T)"
591,0.0,0.04710910513891334,-0.0037412981774875217,1000,10,"[5, 5, 10]","I(M1,M2;T)"
592,0.0,0.05015367347216828,-0.0012783942957646094,1000,10,"[5, 5, 10]","I(M1,M2;T)"
593,0.0,0.04031798594499399,-0.011073821118397803,1000,10,"[5, 5, 10]","I(M1,M2;T)"
594,0.0,0.056108213426117756,0.004894849959238612,1000,10,"[5, 5, 10]","I(M1,M2;T)"
595,0.0,0.06560304881837825,0.013953743182028314,1000,10,"[5, 5, 10]","I(M1,M2;T)"
596,0.0,0.04832779653086881,-0.0033316751691405758,1000,10,"[5, 5, 10]","I(M1,M2;T)"
597,0.0,0.050860936142332336,-0.0008328383660057628,1000,10,"[5, 5, 10]","I(M1,M2;T)"
598,0.0,0.0530059002187176,0.0011028252476967607,1000,10,"[5, 5, 10]","I(M1,M2;T)"
599,0.0,0.04970578378295885,-0.001044429663626674,1000,10,"[5, 5, 10]","I(M1,M2;T)"
600,0.0,0.0440578990394839,-0.00716430183654166,1000,10,"[5, 5, 10]","I(M1,M2;T)"
601,0.0,0.055013658880564975,0.004170985560924427,1000,10,"[5, 5, 10]","I(M1,M2;T)"
602,0.0,0.04121702918338955,-0.010424985710849169,1000,10,"[5, 5, 10]","I(M1,M2;T)"
603,0.0,0.05677435719372388,0.0062746857833896955,1000,10,"[5, 5, 10]","I(M1,M2;T)"
604,0.0,0.06055005266672253,0.009175582349630104,1000,10,"[5, 5, 10]","I(M1,M2;T)"
605,0.0,0.037933179469639595,-0.013066872555616199,1000,10,"[5, 5, 10]","I(M1,M2;T)"
606,0.0,0.04855218112963715,-0.0023809931004195733,1000,10,"[5, 5, 10]","I(M1,M2;T)"
607,0.0,0.05164877794978611,0.0002651473485896852,1000,10,"[5, 5, 10]","I(M1,M2;T)"
608,0.0,0.0492094061111818,-0.0029611578974616665,1000,10,"[5, 5, 10]","I(M1,M2;T)"
609,0.0,0.053758481554209425,0.00246488790791604,1000,10,"[5, 5, 10]","I(M1,M2;T)"
610,0.0,0.038048445512998574,-0.013176558254053825,1000,10,"[5, 5, 10]","I(M1,M2;T)"
611,0.0,0.04177025530839097,-0.0094836387067911,1000,10,"[5, 5, 10]","I(M1,M2;T)"
612,0.0,0.06023998588205124,0.008836845986432043,1000,10,"[5, 5, 10]","I(M1,M2;T)"
613,0.0,0.05573881254712209,0.005032495233203885,1000,10,"[5, 5, 10]","I(M1,M2;T)"
614,0.0,0.05382056891463481,0.002476272125305927,1000,10,"[5, 5, 10]","I(M1,M2;T)"
615,0.0,0.05647007274518329,0.005381819681448283,1000,10,"[5, 5, 10]","I(M1,M2;T)"
616,0.0,0.052086568090969516,0.00048420887542090923,1000,10,"[5, 5, 10]","I(M1,M2;T)"
617,0.0,0.05016900538626411,-0.0016279651839512382,1000,10,"[5, 5, 10]","I(M1,M2;T)"
618,0.0,0.05843466756981403,0.007294888073040413,1000,10,"[5, 5, 10]","I(M1,M2;T)"
619,0.0,0.06514100965924376,0.014243718322549434,1000,10,"[5, 5, 10]","I(M1,M2;T)"
620,0.0,0.060465340728926856,0.009045638528349345,1000,10,"[5, 5, 10]","I(M1,M2;T)"
621,0.0,0.04349438960212499,-0.0077758750690560055,1000,10,"[5, 5, 10]","I(M1,M2;T)"
622,0.0,0.04766174258885619,-0.003163691205341164,1000,10,"[5, 5, 10]","I(M1,M2;T)"
623,0.0,0.046662285559043254,-0.004698340548783944,1000,10,"[5, 5, 10]","I(M1,M2;T)"
624,0.0,0.04582631128742913,-0.005060264381386667,1000,10,"[5, 5, 10]","I(M1,M2;T)"
625,0.0,0.04807842154510116,-0.0035845340835217662,1000,10,"[5, 5, 10]","I(M1,M2;T)"
626,0.0,0.06954520759298916,0.018036568063077144,1000,10,"[5, 5, 10]","I(M1,M2;T)"
627,0.0,0.05983055129125574,0.008842859783329049,1000,10,"[5, 5, 10]","I(M1,M2;T)"
628,0.0,0.04213213826938257,-0.00894903272635246,1000,10,"[5, 5, 10]","I(M1,M2;T)"
629,0.0,0.0571373204354051,0.005654455948762939,1000,10,"[5, 5, 10]","I(M1,M2;T)"
630,0.0,0.044346949152509224,-0.007181929170973149,1000,10,"[5, 5, 10]","I(M1,M2;T)"
631,0.0,0.05381294276872055,0.0024311639701657256,1000,10,"[5, 5, 10]","I(M1,M2;T)"
632,0.0,0.0641576693729768,0.012611251322783706,1000,10,"[5, 5, 10]","I(M1,M2;T)"
633,0.0,0.057019342635861864,0.005783376732671076,1000,10,"[5, 5, 10]","I(M1,M2;T)"
634,0.0,0.06109578452330455,0.010116635673651946,1000,10,"[5, 5, 10]","I(M1,M2;T)"
635,0.0,0.04079083701789325,-0.009846598192172519,1000,10,"[5, 5, 10]","I(M1,M2;T)"
636,0.0,0.04671003972383342,-0.004334313113776203,1000,10,"[5, 5, 10]","I(M1,M2;T)"
637,0.0,0.05173729787885806,0.0005294782159704706,1000,10,"[5, 5, 10]","I(M1,M2;T)"
638,0.0,0.05620596472323563,0.004491886654955465,1000,10,"[5, 5, 10]","I(M1,M2;T)"
639,0.0,0.05739323012887632,0.005431265337113425,1000,10,"[5, 5, 10]","I(M1,M2;T)"
640,0.0,0.06160279485770745,0.010644606045251088,1000,10,"[5, 5, 10]","I(M1,M2;T)"
641,0.0,0.040814048573246775,-0.010139426293685222,1000,10,"[5, 5, 10]","I(M1,M2;T)"
642,0.0,0.05389873195036026,0.002699699886418626,1000,10,"[5, 5, 10]","I(M1,M2;T)"
643,0.0,0.04705233266036715,-0.004109301203694883,1000,10,"[5, 5, 10]","I(M1,M2;T)"
644,0.0,0.037446886430963944,-0.014191188042562239,1000,10,"[5, 5, 10]","I(M1,M2;T)"
645,0.0,0.05413536505186457,0.0029863265635175704,1000,10,"[5, 5, 10]","I(M1,M2;T)"
646,0.0,0.04917167689374752,-0.0019323581604642759,1000,10,"[5, 5, 10]","I(M1,M2;T)"
647,0.0,0.05530368093287186,0.003806814022986861,1000,10,"[5, 5, 10]","I(M1,M2;T)"
648,0.0,0.04675271813094127,-0.004005755642447505,1000,10,"[5, 5, 10]","I(M1,M2;T)"
649,0.0,0.0525579124830749,0.0011385514920045983,1000,10,"[5, 5, 10]","I(M1,M2;T)"
650,0.0,0.051528033950253814,0.0007200431159263276,1000,10,"[5, 5, 10]","I(M1,M2;T)"
651,0.0,0.04762073246595337,-0.0033813425638682254,1000,10,"[5, 5, 10]","I(M1,M2;T)"
652,0.0,0.04577645018531962,-0.005869499199039119,1000,10,"[5, 5, 10]","I(M1,M2;T)"
653,0.0,0.05645018634626245,0.00495619735392204,1000,10,"[5, 5, 10]","I(M1,M2;T)"
654,0.0,0.042761691606489495,-0.008439187589765307,1000,10,"[5, 5, 10]","I(M1,M2;T)"
655,0.0,0.05477131691526758,0.003445463921105514,1000,10,"[5, 5, 10]","I(M1,M2;T)"
656,0.0,0.04940135581757688,-0.0018527051127598879,1000,10,"[5, 5, 10]","I(M1,M2;T)"
657,0.0,0.05835509406786521,0.007093944180218838,1000,10,"[5, 5, 10]","I(M1,M2;T)"
658,0.0,0.0503859573797311,-0.0009584732424962952,1000,10,"[5, 5, 10]","I(M1,M2;T)"
659,0.0,0.04579435145598943,-0.005631091582011333,1000,10,"[5, 5, 10]","I(M1,M2;T)"
660,0.0,0.0538850409305673,0.0026731109678887477,1000,10,"[5, 5, 10]","I(M1,M2;T)"
661,0.0,0.05671853214649419,0.005576447977176012,1000,10,"[5, 5, 10]","I(M1,M2;T)"
662,0.0,0.05491746911679761,0.0035194261060939105,1000,10,"[5, 5, 10]","I(M1,M2;T)"
663,0.0,0.059921128087339355,0.008774313990819085,1000,10,"[5, 5, 10]","I(M1,M2;T)"
664,0.0,0.039649076377755964,-0.011613188732752841,1000,10,"[5, 5, 10]","I(M1,M2;T)"
665,0.0,0.04409114416918024,-0.006877313440422042,1000,10,"[5, 5, 10]","I(M1,M2;T)"
666,0.0,0.045003501993071224,-0.005867800792887852,1000,10,"[5, 5, 10]","I(M1,M2;T)"
667,0.0,0.056649114728939375,0.005401139693953463,1000,10,"[5, 5, 10]","I(M1,M2;T)"
668,0.0,0.04528134566582839,-0.00623476561056889,1000,10,"[5, 5, 10]","I(M1,M2;T)"
669,0.0,0.054089633689844735,0.003628945274160439,1000,10,"[5, 5, 10]","I(M1,M2;T)"
670,0.0,0.036946705452247444,-0.013888018537261265,1000,10,"[5, 5, 10]","I(M1,M2;T)"
671,0.0,0.03792118711385717,-0.013413411783139408,1000,10,"[5, 5, 10]","I(M1,M2;T)"
672,0.0,0.05551981652498536,0.004261799027562005,1000,10,"[5, 5, 10]","I(M1,M2;T)"
673,0.0,0.04080970137525408,-0.010765569166532853,1000,10,"[5, 5, 10]","I(M1,M2;T)"
674,0.0,0.057982697218319376,0.006177194758968656,1000,10,"[5, 5, 10]","I(M1,M2;T)"
675,0.0,0.04891901118938818,-0.0024341588567497116,1000,10,"[5, 5, 10]","I(M1,M2;T)"
676,0.0,0.04394679438812188,-0.0071528180735599065,1000,10,"[5, 5, 10]","I(M1,M2;T)"
677,0.0,0.056861338143450756,0.005652682928749618,1000,10,"[5, 5, 10]","I(M1,M2;T)"
678,0.0,0.04695003878487242,-0.004251527970171101,1000,10,"[5, 5, 10]","I(M1,M2;T)"
679,0.0,0.04773832946701753,-0.0034987137100341223,1000,10,"[5, 5, 10]","I(M1,M2;T)"
680,0.0,0.050985478554369176,1.0367359455996927e-05,1000,10,"[5, 5, 10]","I(M1,M2;T)"
681,0.0,0.03650234136836486,-0.014667081665899133,1000,10,"[5, 5, 10]","I(M1,M2;T)"
682,0.0,0.039760997551722896,-0.011776030728307796,1000,10,"[5, 5, 10]","I(M1,M2;T)"
683,0.0,0.05799301379010148,0.0062160367125031965,1000,10,"[5, 5, 10]","I(M1,M2;T)"
684,0.0,0.05901076486726463,0.0074931707595403685,1000,10,"[5, 5, 10]","I(M1,M2;T)"
685,0.0,0.060288964417442574,0.009198185311183098,1000,10,"[5, 5, 10]","I(M1,M2;T)"
686,0.0,0.06234889125021954,0.010906828876673276,1000,10,"[5, 5, 10]","I(M1,M2;T)"
687,0.0,0.045356938292565756,-0.005761980235878476,1000,10,"[5, 5, 10]","I(M1,M2;T)"
688,0.0,0.04085001155317798,-0.010446380978428857,1000,10,"[5, 5, 10]","I(M1,M2;T)"
689,0.0,0.06710436707371457,0.015406574561433226,1000,10,"[5, 5, 10]","I(M1,M2;T)"
690,0.0,0.044962694408344606,-0.006315905380089665,1000,10,"[5, 5, 10]","I(M1,M2;T)"
691,0.0,0.05281241134121577,0.0018579402428516717,1000,10,"[5, 5, 10]","I(M1,M2;T)"
692,0.0,0.0409128894080561,-0.010225295951529642,1000,10,"[5, 5, 10]","I(M1,M2;T)"
693,0.0,0.05151732481072027,0.0009438734071535795,1000,10,"[5, 5, 10]","I(M1,M2;T)"
694,0.0,0.055476699418377975,0.003914682733124009,1000,10,"[5, 5, 10]","I(M1,M2;T)"
695,0.0,0.04953527903803397,-0.0016197239787842793,1000,10,"[5, 5, 10]","I(M1,M2;T)"
696,0.0,0.0433035146090516,-0.0077280077431320995,1000,10,"[5, 5, 10]","I(M1,M2;T)"
697,0.0,0.05090381223028696,-3.409208054931667e-05,1000,10,"[5, 5, 10]","I(M1,M2;T)"
698,0.0,0.05421187027145396,0.003006434526908665,1000,10,"[5, 5, 10]","I(M1,M2;T)"
699,0.0,0.05210039660003859,0.0005494019762391569,1000,10,"[5, 5, 10]","I(M1,M2;T)"
700,0.0,0.05734963000163651,0.006057161932896536,1000,10,"[5, 5, 10]","I(M1,M2;T)"
701,0.0,0.04702895266676219,-0.004507018600950638,1000,10,"[5, 5, 10]","I(M1,M2;T)"
702,0.0,0.053111192808854554,0.0018678236641060386,1000,10,"[5, 5, 10]","I(M1,M2;T)"
703,0.0,0.05400737609319492,0.002919269846589488,1000,10,"[5, 5, 10]","I(M1,M2;T)"
704,0.0,0.04875158397848996,-0.002118479896104433,1000,10,"[5, 5, 10]","I(M1,M2;T)"
705,0.0,0.05622796844299914,0.00519445177586457,1000,10,"[5, 5, 10]","I(M1,M2;T)"
706,0.0,0.052254690917378166,0.0008925695903490155,1000,10,"[5, 5, 10]","I(M1,M2;T)"
707,0.0,0.05211559170701997,0.0014656501615288725,1000,10,"[5, 5, 10]","I(M1,M2;T)"
708,0.0,0.05075383410822695,-0.0003676818360845435,1000,10,"[5, 5, 10]","I(M1,M2;T)"
709,0.0,0.046749407707662755,-0.004274811285835692,1000,10,"[5, 5, 10]","I(M1,M2;T)"
710,0.0,0.053106543217360046,0.0015624037722471937,1000,10,"[5, 5, 10]","I(M1,M2;T)"
711,0.0,0.041347404793886766,-0.0097057315458626,1000,10,"[5, 5, 10]","I(M1,M2;T)"
712,0.0,0.05340771894052049,0.002382467864537628,1000,10,"[5, 5, 10]","I(M1,M2;T)"
713,0.0,0.05842786489632322,0.007193404003644585,1000,10,"[5, 5, 10]","I(M1,M2;T)"
714,0.0,0.04303784249954596,-0.00838118628865775,1000,10,"[5, 5, 10]","I(M1,M2;T)"
715,0.0,0.05059904148917792,-0.0004678955009980168,1000,10,"[5, 5, 10]","I(M1,M2;T)"
716,0.0,0.06607566311788814,0.015372012036952265,1000,10,"[5, 5, 10]","I(M1,M2;T)"
717,0.0,0.04862445181171046,-0.0021969663347914045,1000,10,"[5, 5, 10]","I(M1,M2;T)"
718,0.0,0.0386000008062741,-0.012771436757043717,1000,10,"[5, 5, 10]","I(M1,M2;T)"
719,0.0,0.04817932490149143,-0.0026798588731861347,1000,10,"[5, 5, 10]","I(M1,M2;T)"
720,0.0,0.047120746716852346,-0.0037374180273317334,1000,10,"[5, 5, 10]","I(M1,M2;T)"
721,0.0,0.04716800933930848,-0.004573092043589383,1000,10,"[5, 5, 10]","I(M1,M2;T)"
722,0.0,0.05891792438389891,0.00788214396299565,1000,10,"[5, 5, 10]","I(M1,M2;T)"
723,0.0,0.043206777426912084,-0.008245084821424158,1000,10,"[5, 5, 10]","I(M1,M2;T)"
724,0.0,0.04080382525493933,-0.01077992150110596,1000,10,"[5, 5, 10]","I(M1,M2;T)"
725,0.0,0.05780681772626156,0.007424959021103898,1000,10,"[5, 5, 10]","I(M1,M2;T)"
726,0.0,0.0559896680977808,0.005355491214833766,1000,10,"[5, 5, 10]","I(M1,M2;T)"
727,0.0,0.046367362779155825,-0.004569616700854533,1000,10,"[5, 5, 10]","I(M1,M2;T)"
728,0.0,0.04358291795670645,-0.007453071161252822,1000,10,"[5, 5, 10]","I(M1,M2;T)"
729,0.0,0.054922096378271806,0.003280947846951744,1000,10,"[5, 5, 10]","I(M1,M2;T)"
730,0.0,0.05365827929864046,0.0028399689132363737,1000,10,"[5, 5, 10]","I(M1,M2;T)"
731,0.0,0.04972289710586274,-0.0014482638476453966,1000,10,"[5, 5, 10]","I(M1,M2;T)"
732,0.0,0.05754982198388296,0.006746118500655304,1000,10,"[5, 5, 10]","I(M1,M2;T)"
733,0.0,0.05351540488235142,0.0026788117636062578,1000,10,"[5, 5, 10]","I(M1,M2;T)"
734,0.0,0.05239506044926939,0.0013269240487326778,1000,10,"[5, 5, 10]","I(M1,M2;T)"
735,0.0,0.04861810005746484,-0.0028193942552000514,1000,10,"[5, 5, 10]","I(M1,M2;T)"
736,0.0,0.056933636672173174,0.005778676948221401,1000,10,"[5, 5, 10]","I(M1,M2;T)"
737,0.0,0.05857525904420012,0.007470894479617837,1000,10,"[5, 5, 10]","I(M1,M2;T)"
738,0.0,0.05574203606733416,0.004389640184094559,1000,10,"[5, 5, 10]","I(M1,M2;T)"
739,0.0,0.05811510866830544,0.006608558217723576,1000,10,"[5, 5, 10]","I(M1,M2;T)"
740,0.0,0.037135318877315485,-0.014340816566586909,1000,10,"[5, 5, 10]","I(M1,M2;T)"
741,0.0,0.04491625741581182,-0.0064318510730448294,1000,10,"[5, 5, 10]","I(M1,M2;T)"
742,0.0,0.037250921895391566,-0.013710518285623682,1000,10,"[5, 5, 10]","I(M1,M2;T)"
743,0.0,0.04178504208534669,-0.009818547471001408,1000,10,"[5, 5, 10]","I(M1,M2;T)"
744,0.0,0.050638805415125075,-3.2050313497851424e-05,1000,10,"[5, 5, 10]","I(M1,M2;T)"
745,0.0,0.052240486592346175,0.000524430828345572,1000,10,"[5, 5, 10]","I(M1,M2;T)"
746,0.0,0.04363849051931187,-0.00794176967077441,1000,10,"[5, 5, 10]","I(M1,M2;T)"
747,0.0,0.056619186804638885,0.005203618269656506,1000,10,"[5, 5, 10]","I(M1,M2;T)"
748,0.0,0.04802577618657483,-0.0033499545750716384,1000,10,"[5, 5, 10]","I(M1,M2;T)"
749,0.0,0.04149773574451097,-0.00944687860160285,1000,10,"[5, 5, 10]","I(M1,M2;T)"
750,0.0,0.04009361700492711,-0.011080572490693864,1000,10,"[5, 5, 10]","I(M1,M2;T)"
751,0.0,0.056778345834254396,0.005808525240713278,1000,10,"[5, 5, 10]","I(M1,M2;T)"
752,0.0,0.04441364218238033,-0.006941609109313081,1000,10,"[5, 5, 10]","I(M1,M2;T)"
753,0.0,0.05098406010815133,-0.00012311891135206865,1000,10,"[5, 5, 10]","I(M1,M2;T)"
754,0.0,0.05430736396673562,0.0033274989993397827,1000,10,"[5, 5, 10]","I(M1,M2;T)"
755,0.0,0.05538036488008454,0.00404299746680805,1000,10,"[5, 5, 10]","I(M1,M2;T)"
756,0.0,0.04003499267089607,-0.011019815233455403,1000,10,"[5, 5, 10]","I(M1,M2;T)"
757,0.0,0.06632153156855325,0.015126888503133859,1000,10,"[5, 5, 10]","I(M1,M2;T)"
758,0.0,0.044817632573401725,-0.006784237524926406,1000,10,"[5, 5, 10]","I(M1,M2;T)"
759,0.0,0.05385841537385988,0.0028831634781583057,1000,10,"[5, 5, 10]","I(M1,M2;T)"
760,0.0,0.04078721944518386,-0.009973488881466652,1000,10,"[5, 5, 10]","I(M1,M2;T)"
761,0.0,0.045003117928613175,-0.006134744885927516,1000,10,"[5, 5, 10]","I(M1,M2;T)"
762,0.0,0.05497719031984741,0.004019611230986347,1000,10,"[5, 5, 10]","I(M1,M2;T)"
763,0.0,0.04505413200079837,-0.005555545201880389,1000,10,"[5, 5, 10]","I(M1,M2;T)"
764,0.0,0.0483410348961064,-0.002926231950111137,1000,10,"[5, 5, 10]","I(M1,M2;T)"
765,0.0,0.05724570058629898,0.006113387306584214,1000,10,"[5, 5, 10]","I(M1,M2;T)"
766,0.0,0.060408722370779905,0.009666657818801855,1000,10,"[5, 5, 10]","I(M1,M2;T)"
767,0.0,0.04971704718238566,-0.0019369384170557086,1000,10,"[5, 5, 10]","I(M1,M2;T)"
768,0.0,0.045886841837286196,-0.005258498380062551,1000,10,"[5, 5, 10]","I(M1,M2;T)"
769,0.0,0.04992252501822818,-0.0013824646292576667,1000,10,"[5, 5, 10]","I(M1,M2;T)"
770,0.0,0.059231011877520875,0.007641781883513846,1000,10,"[5, 5, 10]","I(M1,M2;T)"
771,0.0,0.043208509223338555,-0.008108051684481761,1000,10,"[5, 5, 10]","I(M1,M2;T)"
772,0.0,0.04549499030004213,-0.0057655085451552915,1000,10,"[5, 5, 10]","I(M1,M2;T)"
773,0.0,0.0683400391454291,0.016771276762401394,1000,10,"[5, 5, 10]","I(M1,M2;T)"
774,0.0,0.050078244769807184,-0.0006364022973967126,1000,10,"[5, 5, 10]","I(M1,M2;T)"
775,0.0,0.060915558102560274,0.009062068962483648,1000,10,"[5, 5, 10]","I(M1,M2;T)"
776,0.0,0.06410162171554194,0.012510063779055128,1000,10,"[5, 5, 10]","I(M1,M2;T)"
777,0.0,0.05309425503378078,0.0019363010319122659,1000,10,"[5, 5, 10]","I(M1,M2;T)"
778,0.0,0.04909351149899892,-0.002141729225551607,1000,10,"[5, 5, 10]","I(M1,M2;T)"
779,0.0,0.04964889817348417,-0.0016786983505771014,1000,10,"[5, 5, 10]","I(M1,M2;T)"
780,0.0,0.03782678252873943,-0.01346402052759322,1000,10,"[5, 5, 10]","I(M1,M2;T)"
781,0.0,0.05573375769600554,0.004347118650929349,1000,10,"[5, 5, 10]","I(M1,M2;T)"
782,0.0,0.04884356846760672,-0.002404204501563048,1000,10,"[5, 5, 10]","I(M1,M2;T)"
783,0.0,0.050578077382411046,-0.0008215321265836115,1000,10,"[5, 5, 10]","I(M1,M2;T)"
784,0.0,0.05942574755803566,0.008020466546612245,1000,10,"[5, 5, 10]","I(M1,M2;T)"
785,0.0,0.04372504055403639,-0.0072684504494475236,1000,10,"[5, 5, 10]","I(M1,M2;T)"
786,0.0,0.04934087025899728,-0.0025083636153789834,1000,10,"[5, 5, 10]","I(M1,M2;T)"
787,0.0,0.04063772471217688,-0.010507310649886789,1000,10,"[5, 5, 10]","I(M1,M2;T)"
788,0.0,0.046779918483247446,-0.004235046775227624,1000,10,"[5, 5, 10]","I(M1,M2;T)"
789,0.0,0.04231232750428199,-0.008699571820116714,1000,10,"[5, 5, 10]","I(M1,M2;T)"
790,0.0,0.0472814442225683,-0.003881306367398106,1000,10,"[5, 5, 10]","I(M1,M2;T)"
791,0.0,0.04530578301079822,-0.006389147579951557,1000,10,"[5, 5, 10]","I(M1,M2;T)"
792,0.0,0.04404449829121809,-0.007434270875989933,1000,10,"[5, 5, 10]","I(M1,M2;T)"
793,0.0,0.03872012102899092,-0.012077780206589395,1000,10,"[5, 5, 10]","I(M1,M2;T)"
794,0.0,0.0492372823934948,-0.002585456954411154,1000,10,"[5, 5, 10]","I(M1,M2;T)"
795,0.0,0.0483096553663892,-0.0029909311642269745,1000,10,"[5, 5, 10]","I(M1,M2;T)"
796,0.0,0.05097738308789779,-0.00020512032219181103,1000,10,"[5, 5, 10]","I(M1,M2;T)"
797,0.0,0.046243501514083914,-0.005250736599146787,1000,10,"[5, 5, 10]","I(M1,M2;T)"
798,0.0,0.038061431789900554,-0.012497632776646929,1000,10,"[5, 5, 10]","I(M1,M2;T)"
799,0.0,0.058289572179975865,0.0071570459306668915,1000,10,"[5, 5, 10]","I(M1,M2;T)"
800,0.0,0.06648227394965661,0.01567721596327956,1000,10,"[5, 5, 10]","I(M1,M2;T)"
801,0.0,0.039752946123019446,-0.011479938846349465,1000,10,"[5, 5, 10]","I(M1,M2;T)"
802,0.0,0.05209207480066101,0.0007659191763021087,1000,10,"[5, 5, 10]","I(M1,M2;T)"
803,0.0,0.04226792013914879,-0.008719848480822835,1000,10,"[5, 5, 10]","I(M1,M2;T)"
804,0.0,0.059366729905916765,0.00881250802136338,1000,10,"[5, 5, 10]","I(M1,M2;T)"
805,0.0,0.05119948898861056,-0.0005240745244740261,1000,10,"[5, 5, 10]","I(M1,M2;T)"
806,0.0,0.03728201247945345,-0.013600130271921036,1000,10,"[5, 5, 10]","I(M1,M2;T)"
807,0.0,0.05616012936964514,0.004642999297200016,1000,10,"[5, 5, 10]","I(M1,M2;T)"
808,0.0,0.04340946590869193,-0.007640525852308608,1000,10,"[5, 5, 10]","I(M1,M2;T)"
809,0.0,0.054932459483825725,0.003281725012577702,1000,10,"[5, 5, 10]","I(M1,M2;T)"
810,0.0,0.05541765230833239,0.0041389808909186865,1000,10,"[5, 5, 10]","I(M1,M2;T)"
811,0.0,0.043205268162323805,-0.008779118670231088,1000,10,"[5, 5, 10]","I(M1,M2;T)"
812,0.0,0.041152684582363805,-0.010371382331675956,1000,10,"[5, 5, 10]","I(M1,M2;T)"
813,0.0,0.04227898527265683,-0.009890158068692263,1000,10,"[5, 5, 10]","I(M1,M2;T)"
814,0.0,0.052915086878087075,0.001615596443260224,1000,10,"[5, 5, 10]","I(M1,M2;T)"
815,0.0,0.05099138300330278,-0.00030434288962179895,1000,10,"[5, 5, 10]","I(M1,M2;T)"
816,0.0,0.06191453952822576,0.011065988762791842,1000,10,"[5, 5, 10]","I(M1,M2;T)"
817,0.0,0.056998760451985,0.005649993293490897,1000,10,"[5, 5, 10]","I(M1,M2;T)"
818,0.0,0.04786024402682408,-0.0029258664765151113,1000,10,"[5, 5, 10]","I(M1,M2;T)"
819,0.0,0.05130675068185042,-0.0002524014917955064,1000,10,"[5, 5, 10]","I(M1,M2;T)"
820,0.0,0.052491693072811985,0.0013694102569444186,1000,10,"[5, 5, 10]","I(M1,M2;T)"
821,0.0,0.05404811582353997,0.002941316088408856,1000,10,"[5, 5, 10]","I(M1,M2;T)"
822,0.0,0.04550752521573056,-0.00582956057502694,1000,10,"[5, 5, 10]","I(M1,M2;T)"
823,0.0,0.047320412095600034,-0.003264849840567817,1000,10,"[5, 5, 10]","I(M1,M2;T)"
824,0.0,0.06265497691184412,0.011910014095432242,1000,10,"[5, 5, 10]","I(M1,M2;T)"
825,0.0,0.047912641493959976,-0.0030867789466296897,1000,10,"[5, 5, 10]","I(M1,M2;T)"
826,0.0,0.054524071629617504,0.0032700649392014766,1000,10,"[5, 5, 10]","I(M1,M2;T)"
827,0.0,0.042358265095284876,-0.009450774387427294,1000,10,"[5, 5, 10]","I(M1,M2;T)"
828,0.0,0.05889756310440807,0.007221851318156704,1000,10,"[5, 5, 10]","I(M1,M2;T)"
829,0.0,0.04156670329797647,-0.010008065363217938,1000,10,"[5, 5, 10]","I(M1,M2;T)"
830,0.0,0.041698084241221095,-0.009267023036931166,1000,10,"[5, 5, 10]","I(M1,M2;T)"
831,0.0,0.0592776939333605,0.008020691499889723,1000,10,"[5, 5, 10]","I(M1,M2;T)"
832,0.0,0.04763254475481512,-0.003412622398466833,1000,10,"[5, 5, 10]","I(M1,M2;T)"
833,0.0,0.045712494954097016,-0.0054005247010837365,1000,10,"[5, 5, 10]","I(M1,M2;T)"
834,0.0,0.04431934870029613,-0.006752479237572405,1000,10,"[5, 5, 10]","I(M1,M2;T)"
835,0.0,0.052923903931493765,0.0017597693250110888,1000,10,"[5, 5, 10]","I(M1,M2;T)"
836,0.0,0.04790262682359679,-0.0035008786956533394,1000,10,"[5, 5, 10]","I(M1,M2;T)"
837,0.0,0.054157534358893866,0.0031158231887628215,1000,10,"[5, 5, 10]","I(M1,M2;T)"
838,0.0,0.06202978737972177,0.010707791589913064,1000,10,"[5, 5, 10]","I(M1,M2;T)"
839,0.0,0.05028011211695957,-0.0009233708644299232,1000,10,"[5, 5, 10]","I(M1,M2;T)"
840,0.0,0.05510156535904841,0.0035027225634480866,1000,10,"[5, 5, 10]","I(M1,M2;T)"
841,0.0,0.048850864033793476,-0.0024337498467012775,1000,10,"[5, 5, 10]","I(M1,M2;T)"
842,0.0,0.054318418566314364,0.002816994915174044,1000,10,"[5, 5, 10]","I(M1,M2;T)"
843,0.0,0.042127175159409974,-0.008900654779228932,1000,10,"[5, 5, 10]","I(M1,M2;T)"
844,0.0,0.047533151206609905,-0.0036420991174880082,1000,10,"[5, 5, 10]","I(M1,M2;T)"
845,0.0,0.04692809559523994,-0.004200524066246367,1000,10,"[5, 5, 10]","I(M1,M2;T)"
846,0.0,0.05583626590588113,0.004504268030262645,1000,10,"[5, 5, 10]","I(M1,M2;T)"
847,0.0,0.04499820522034697,-0.006171313779354558,1000,10,"[5, 5, 10]","I(M1,M2;T)"
848,0.0,0.042379702095828586,-0.00840633298192714,1000,10,"[5, 5, 10]","I(M1,M2;T)"
849,0.0,0.0512691304640249,0.000413207111677201,1000,10,"[5, 5, 10]","I(M1,M2;T)"
850,0.0,0.05175543447920928,0.0006586244738098421,1000,10,"[5, 5, 10]","I(M1,M2;T)"
851,0.0,0.05536392896412329,0.0042185337540989395,1000,10,"[5, 5, 10]","I(M1,M2;T)"
852,0.0,0.050525712017583366,-0.0006182457329431124,1000,10,"[5, 5, 10]","I(M1,M2;T)"
853,0.0,0.052918425543616573,0.0015838158708751382,1000,10,"[5, 5, 10]","I(M1,M2;T)"
854,0.0,0.05899293467298588,0.007802756959084597,1000,10,"[5, 5, 10]","I(M1,M2;T)"
855,0.0,0.046386327188279335,-0.005119111574626238,1000,10,"[5, 5, 10]","I(M1,M2;T)"
856,0.0,0.049102060863481026,-0.0026692750914180455,1000,10,"[5, 5, 10]","I(M1,M2;T)"
857,0.0,0.05353670400090081,0.0025678275063863998,1000,10,"[5, 5, 10]","I(M1,M2;T)"
858,0.0,0.05701614015252829,0.005499519535971581,1000,10,"[5, 5, 10]","I(M1,M2;T)"
859,0.0,0.04808840492406542,-0.0034278577829825047,1000,10,"[5, 5, 10]","I(M1,M2;T)"
860,0.0,0.04279550059330414,-0.008555225078222213,1000,10,"[5, 5, 10]","I(M1,M2;T)"
861,0.0,0.040873637490108694,-0.010356399140048787,1000,10,"[5, 5, 10]","I(M1,M2;T)"
862,0.0,0.05523025186707291,0.004463401037576219,1000,10,"[5, 5, 10]","I(M1,M2;T)"
863,0.0,0.05431581635334404,0.0036023199544176765,1000,10,"[5, 5, 10]","I(M1,M2;T)"
864,0.0,0.04382592345344037,-0.0069967366770914904,1000,10,"[5, 5, 10]","I(M1,M2;T)"
865,0.0,0.05850010931967154,0.006990940014626516,1000,10,"[5, 5, 10]","I(M1,M2;T)"
866,0.0,0.06371199952370513,0.012607141358840696,1000,10,"[5, 5, 10]","I(M1,M2;T)"
867,0.0,0.05033295972193424,-0.0006333666790485845,1000,10,"[5, 5, 10]","I(M1,M2;T)"
868,0.0,0.0466780689952402,-0.004561206096840437,1000,10,"[5, 5, 10]","I(M1,M2;T)"
869,0.0,0.05000995021677369,-0.0008471908748487397,1000,10,"[5, 5, 10]","I(M1,M2;T)"
870,0.0,0.04764813496226435,-0.003984290216806657,1000,10,"[5, 5, 10]","I(M1,M2;T)"
871,0.0,0.06210484387882395,0.010779614227559312,1000,10,"[5, 5, 10]","I(M1,M2;T)"
872,0.0,0.04990336418306214,-0.00228116949541992,1000,10,"[5, 5, 10]","I(M1,M2;T)"
873,0.0,0.049706626439010054,-0.001307127081724431,1000,10,"[5, 5, 10]","I(M1,M2;T)"
874,0.0,0.05086529204386346,0.00023429868065038412,1000,10,"[5, 5, 10]","I(M1,M2;T)"
875,0.0,0.05827451677492187,0.007241284468178968,1000,10,"[5, 5, 10]","I(M1,M2;T)"
876,0.0,0.052386496699591445,0.0013171910104854481,1000,10,"[5, 5, 10]","I(M1,M2;T)"
877,0.0,0.04739992270909382,-0.003810024596560109,1000,10,"[5, 5, 10]","I(M1,M2;T)"
878,0.0,0.047427529948713666,-0.003221226248331037,1000,10,"[5, 5, 10]","I(M1,M2;T)"
879,0.0,0.054103961048467084,0.002900795388021113,1000,10,"[5, 5, 10]","I(M1,M2;T)"
880,0.0,0.04707441505486607,-0.00385988348566587,1000,10,"[5, 5, 10]","I(M1,M2;T)"
881,0.0,0.055113399893281685,0.004084002008446649,1000,10,"[5, 5, 10]","I(M1,M2;T)"
882,0.0,0.03762590483951294,-0.013503323912459349,1000,10,"[5, 5, 10]","I(M1,M2;T)"
883,0.0,0.05406064153876275,0.002766313223220178,1000,10,"[5, 5, 10]","I(M1,M2;T)"
884,0.0,0.051120545924250055,0.00014259483255345262,1000,10,"[5, 5, 10]","I(M1,M2;T)"
885,0.0,0.03461747177793794,-0.01720223023693699,1000,10,"[5, 5, 10]","I(M1,M2;T)"
886,0.0,0.04792427575558522,-0.0032384440057243724,1000,10,"[5, 5, 10]","I(M1,M2;T)"
887,0.0,0.04758662635185044,-0.004526321238404532,1000,10,"[5, 5, 10]","I(M1,M2;T)"
888,0.0,0.047694689031217416,-0.003761848776034235,1000,10,"[5, 5, 10]","I(M1,M2;T)"
889,0.0,0.05645811410784997,0.005057797145993456,1000,10,"[5, 5, 10]","I(M1,M2;T)"
890,0.0,0.044170108759669466,-0.007381287905978841,1000,10,"[5, 5, 10]","I(M1,M2;T)"
891,0.0,0.06209599014935436,0.010220267310646104,1000,10,"[5, 5, 10]","I(M1,M2;T)"
892,0.0,0.05142303246479026,0.00020655197695533534,1000,10,"[5, 5, 10]","I(M1,M2;T)"
893,0.0,0.06912812055909412,0.017340286320042017,1000,10,"[5, 5, 10]","I(M1,M2;T)"
894,0.0,0.06192383722694886,0.010918105551936556,1000,10,"[5, 5, 10]","I(M1,M2;T)"
895,0.0,0.04969846074118173,-0.0013155805700282713,1000,10,"[5, 5, 10]","I(M1,M2;T)"
896,0.0,0.0562740396490545,0.005275464271010777,1000,10,"[5, 5, 10]","I(M1,M2;T)"
897,0.0,0.05000790889489065,-0.00129658299129614,1000,10,"[5, 5, 10]","I(M1,M2;T)"
898,0.0,0.056202861363203765,0.00512680282043914,1000,10,"[5, 5, 10]","I(M1,M2;T)"
899,0.0,0.04938423717854578,-0.002070562520919486,1000,10,"[5, 5, 10]","I(M1,M2;T)"
900,0.0,0.056846053415145134,0.0061191218395681354,1000,10,"[5, 5, 10]","I(M1,M2;T)"
901,0.0,0.044726648573374106,-0.0060621508131173465,1000,10,"[5, 5, 10]","I(M1,M2;T)"
902,0.0,0.059901544114342876,0.008764534783987199,1000,10,"[5, 5, 10]","I(M1,M2;T)"
903,0.0,0.04907635790427198,-0.0025033865761309726,1000,10,"[5, 5, 10]","I(M1,M2;T)"
904,0.0,0.06174310658492052,0.010659909569454944,1000,10,"[5, 5, 10]","I(M1,M2;T)"
905,0.0,0.05340006666804911,0.0027047835600032266,1000,10,"[5, 5, 10]","I(M1,M2;T)"
906,0.0,0.05962650108168714,0.008299090419096024,1000,10,"[5, 5, 10]","I(M1,M2;T)"
907,0.0,0.04144968092302577,-0.009682442635804367,1000,10,"[5, 5, 10]","I(M1,M2;T)"
908,0.0,0.0573663717505006,0.006094504447568483,1000,10,"[5, 5, 10]","I(M1,M2;T)"
909,0.0,0.0556646561867121,0.0042616615121259735,1000,10,"[5, 5, 10]","I(M1,M2;T)"
910,0.0,0.0426726577023002,-0.008746222134619078,1000,10,"[5, 5, 10]","I(M1,M2;T)"
911,0.0,0.04808781984338506,-0.0026252222918786774,1000,10,"[5, 5, 10]","I(M1,M2;T)"
912,0.0,0.05004645266900462,-0.0013170022738417456,1000,10,"[5, 5, 10]","I(M1,M2;T)"
913,0.0,0.04791715407293728,-0.003488109573668491,1000,10,"[5, 5, 10]","I(M1,M2;T)"
914,0.0,0.04356102715837232,-0.007791549430862264,1000,10,"[5, 5, 10]","I(M1,M2;T)"
915,0.0,0.049118745665490876,-0.002257260286229322,1000,10,"[5, 5, 10]","I(M1,M2;T)"
916,0.0,0.05703489895911527,0.005508741494964733,1000,10,"[5, 5, 10]","I(M1,M2;T)"
917,0.0,0.04648953176860675,-0.004978956481049866,1000,10,"[5, 5, 10]","I(M1,M2;T)"
918,0.0,0.05797436023108782,0.006783128003006622,1000,10,"[5, 5, 10]","I(M1,M2;T)"
919,0.0,0.05537348771689958,0.004153900080280326,1000,10,"[5, 5, 10]","I(M1,M2;T)"
920,0.0,0.05294697162517535,0.002024014848382903,1000,10,"[5, 5, 10]","I(M1,M2;T)"
921,0.0,0.043194389666049854,-0.007794544281273887,1000,10,"[5, 5, 10]","I(M1,M2;T)"
922,0.0,0.049906306500092854,-0.0012752406126424407,1000,10,"[5, 5, 10]","I(M1,M2;T)"
923,0.0,0.055634362720265076,0.0046278583663058245,1000,10,"[5, 5, 10]","I(M1,M2;T)"
924,0.0,0.049779377708743335,-0.0010840340744041888,1000,10,"[5, 5, 10]","I(M1,M2;T)"
925,0.0,0.047230035596280494,-0.003831764065507434,1000,10,"[5, 5, 10]","I(M1,M2;T)"
926,0.0,0.05403300087475189,0.002352137705525205,1000,10,"[5, 5, 10]","I(M1,M2;T)"
927,0.0,0.05744711392079913,0.006229078841761687,1000,10,"[5, 5, 10]","I(M1,M2;T)"
928,0.0,0.04901520239171399,-0.002057460265107565,1000,10,"[5, 5, 10]","I(M1,M2;T)"
929,0.0,0.048550391877021565,-0.001995719326920692,1000,10,"[5, 5, 10]","I(M1,M2;T)"
930,0.0,0.05386710797398817,0.0028128972508368114,1000,10,"[5, 5, 10]","I(M1,M2;T)"
931,0.0,0.048127691719573804,-0.002656147485402438,1000,10,"[5, 5, 10]","I(M1,M2;T)"
932,0.0,0.053078195259850774,0.0022270020966429563,1000,10,"[5, 5, 10]","I(M1,M2;T)"
933,0.0,0.05094836416598547,0.00013172723065445896,1000,10,"[5, 5, 10]","I(M1,M2;T)"
934,0.0,0.05472895789153599,0.003651568083607823,1000,10,"[5, 5, 10]","I(M1,M2;T)"
935,0.0,0.06759842543993383,0.016619607025783495,1000,10,"[5, 5, 10]","I(M1,M2;T)"
936,0.0,0.06017039702895226,0.009327095611689297,1000,10,"[5, 5, 10]","I(M1,M2;T)"
937,0.0,0.04472011174733125,-0.006572501605182919,1000,10,"[5, 5, 10]","I(M1,M2;T)"
938,0.0,0.04469292675358737,-0.007114404313736895,1000,10,"[5, 5, 10]","I(M1,M2;T)"
939,0.0,0.060949861587568425,0.009734129948962125,1000,10,"[5, 5, 10]","I(M1,M2;T)"
940,0.0,0.043112001594717834,-0.0081027099019877,1000,10,"[5, 5, 10]","I(M1,M2;T)"
941,0.0,0.06340245412430551,0.01246102377775557,1000,10,"[5, 5, 10]","I(M1,M2;T)"
942,0.0,0.04901148114310947,-0.0018932025134315439,1000,10,"[5, 5, 10]","I(M1,M2;T)"
943,0.0,0.04089387079681121,-0.010390686784694882,1000,10,"[5, 5, 10]","I(M1,M2;T)"
944,0.0,0.0634198097603764,0.012530478306765735,1000,10,"[5, 5, 10]","I(M1,M2;T)"
945,0.0,0.054631991668471755,0.0035470083906959868,1000,10,"[5, 5, 10]","I(M1,M2;T)"
946,0.0,0.05231803764314276,0.0012975496793982758,1000,10,"[5, 5, 10]","I(M1,M2;T)"
947,0.0,0.0426293573071414,-0.008162897317572276,1000,10,"[5, 5, 10]","I(M1,M2;T)"
948,0.0,0.051690527269226225,0.0006471261816222845,1000,10,"[5, 5, 10]","I(M1,M2;T)"
949,0.0,0.05340548862049245,0.0024151618969419225,1000,10,"[5, 5, 10]","I(M1,M2;T)"
950,0.0,0.06309565316889586,0.012188557995625973,1000,10,"[5, 5, 10]","I(M1,M2;T)"
951,0.0,0.04498338784370376,-0.0064028554333587576,1000,10,"[5, 5, 10]","I(M1,M2;T)"
952,0.0,0.046271590181397974,-0.004721480692915614,1000,10,"[5, 5, 10]","I(M1,M2;T)"
953,0.0,0.05308621574802741,0.0015075304362932931,1000,10,"[5, 5, 10]","I(M1,M2;T)"
954,0.0,0.05756256541592163,0.006369193361109499,1000,10,"[5, 5, 10]","I(M1,M2;T)"
955,0.0,0.049070709005524044,-0.0017569860756988798,1000,10,"[5, 5, 10]","I(M1,M2;T)"
956,0.0,0.037520333238519554,-0.013888840868327708,1000,10,"[5, 5, 10]","I(M1,M2;T)"
957,0.0,0.05861784661567677,0.0071702531326905405,1000,10,"[5, 5, 10]","I(M1,M2;T)"
958,0.0,0.043013765348985086,-0.007897456951105407,1000,10,"[5, 5, 10]","I(M1,M2;T)"
959,0.0,0.05220875614549768,0.00104829413954894,1000,10,"[5, 5, 10]","I(M1,M2;T)"
960,0.0,0.07605548915180929,0.025201106087372124,1000,10,"[5, 5, 10]","I(M1,M2;T)"
961,0.0,0.05543250778025504,0.004180589650693588,1000,10,"[5, 5, 10]","I(M1,M2;T)"
962,0.0,0.05589978894438007,0.004468200082634516,1000,10,"[5, 5, 10]","I(M1,M2;T)"
963,0.0,0.052290124842985536,0.0006092155722513676,1000,10,"[5, 5, 10]","I(M1,M2;T)"
964,0.0,0.053462480171809636,0.0024409356664547646,1000,10,"[5, 5, 10]","I(M1,M2;T)"
965,0.0,0.056763829324036015,0.00545427200570911,1000,10,"[5, 5, 10]","I(M1,M2;T)"
966,0.0,0.058406459032382126,0.007584231532891568,1000,10,"[5, 5, 10]","I(M1,M2;T)"
967,0.0,0.060957997073415295,0.009350209084122957,1000,10,"[5, 5, 10]","I(M1,M2;T)"
968,0.0,0.038731734961115885,-0.012074249361485892,1000,10,"[5, 5, 10]","I(M1,M2;T)"
969,0.0,0.05993662771769148,0.008725012008074191,1000,10,"[5, 5, 10]","I(M1,M2;T)"
970,0.0,0.04144519802752354,-0.009831451745554165,1000,10,"[5, 5, 10]","I(M1,M2;T)"
971,0.0,0.04647625040158714,-0.005106842105175896,1000,10,"[5, 5, 10]","I(M1,M2;T)"
972,0.0,0.05439487185785952,0.0032729777286253925,1000,10,"[5, 5, 10]","I(M1,M2;T)"
973,0.0,0.048588248628471734,-0.002728674198376392,1000,10,"[5, 5, 10]","I(M1,M2;T)"
974,0.0,0.04726490795113,-0.0039266997523667024,1000,10,"[5, 5, 10]","I(M1,M2;T)"
975,0.0,0.05105242484086308,0.00023699028764275626,1000,10,"[5, 5, 10]","I(M1,M2;T)"
976,0.0,0.06857866887897414,0.01731562908099135,1000,10,"[5, 5, 10]","I(M1,M2;T)"
977,0.0,0.05422111060064285,0.0029042781574418544,1000,10,"[5, 5, 10]","I(M1,M2;T)"
978,0.0,0.04977083504851351,-0.0013535724689958673,1000,10,"[5, 5, 10]","I(M1,M2;T)"
979,0.0,0.046004731594169596,-0.00493981985251437,1000,10,"[5, 5, 10]","I(M1,M2;T)"
980,0.0,0.0536891463622725,0.00223517078077691,1000,10,"[5, 5, 10]","I(M1,M2;T)"
981,0.0,0.048682739153689786,-0.0024293867852511405,1000,10,"[5, 5, 10]","I(M1,M2;T)"
982,0.0,0.04418420908390688,-0.007844611094491527,1000,10,"[5, 5, 10]","I(M1,M2;T)"
983,0.0,0.0576128297926434,0.006627461244458711,1000,10,"[5, 5, 10]","I(M1,M2;T)"
984,0.0,0.04321586391981194,-0.007960071795265193,1000,10,"[5, 5, 10]","I(M1,M2;T)"
985,0.0,0.04917663882383779,-0.002041021102348807,1000,10,"[5, 5, 10]","I(M1,M2;T)"
986,0.0,0.05599050994645378,0.0049125320401621625,1000,10,"[5, 5, 10]","I(M1,M2;T)"
987,0.0,0.03633862741079721,-0.014596246280724319,1000,10,"[5, 5, 10]","I(M1,M2;T)"
988,0.0,0.05652405254542836,0.005575982075902458,1000,10,"[5, 5, 10]","I(M1,M2;T)"
989,0.0,0.04803625185896832,-0.003638860788408721,1000,10,"[5, 5, 10]","I(M1,M2;T)"
990,0.0,0.052166925335603305,0.0007965988426711854,1000,10,"[5, 5, 10]","I(M1,M2;T)"
991,0.0,0.0469373585058719,-0.004682101975675944,1000,10,"[5, 5, 10]","I(M1,M2;T)"
992,0.0,0.03844479914410698,-0.013222223087272798,1000,10,"[5, 5, 10]","I(M1,M2;T)"
993,0.0,0.04389602335899876,-0.006873870662964951,1000,10,"[5, 5, 10]","I(M1,M2;T)"
994,0.0,0.05919712389287594,0.008551718624677136,1000,10,"[5, 5, 10]","I(M1,M2;T)"
995,0.0,0.046094823162927914,-0.0050889543439169085,1000,10,"[5, 5, 10]","I(M1,M2;T)"
996,0.0,0.05734400807092861,0.006639451469929808,1000,10,"[5, 5, 10]","I(M1,M2;T)"
997,0.0,0.06306140467100009,0.011358372009189696,1000,10,"[5, 5, 10]","I(M1,M2;T)"
998,0.0,0.05133395106406467,0.00047776359789528794,1000,10,"[5, 5, 10]","I(M1,M2;T)"
999,0.0,0.05529923313613603,0.0042170925535739215,1000,10,"[5, 5, 10]","I(M1,M2;T)"
0,0.0,2.6674933469898496,-0.2749332193821883,1000,100,"[50, 50, 50]","I(M1,M2;T)"
1,0.0,2.7403029050493544,-0.20097288697858318,1000,100,"[50, 50, 50]","I(M1,M2;T)"
2,0.0,2.625065220859136,-0.3163585964666007,1000,100,"[50, 50, 50]","I(M1,M2;T)"
3,0.0,2.7436040991333703,-0.1959266177392558,1000,100,"[50, 50, 50]","I(M1,M2;T)"
4,0.0,2.7304785030525323,-0.20844701974215418,1000,100,"[50, 50, 50]","I(M1,M2;T)"
5,0.0,2.733184030580523,-0.206900340804963,1000,100,"[50, 50, 50]","I(M1,M2;T)"
6,0.0,2.6579807371790953,-0.2812450870954022,1000,100,"[50, 50, 50]","I(M1,M2;T)"
7,0.0,2.6898804045096547,-0.25311333462537844,1000,100,"[50, 50, 50]","I(M1,M2;T)"
8,0.0,2.711597632915982,-0.2336445190737546,1000,100,"[50, 50, 50]","I(M1,M2;T)"
9,0.0,2.7294380255759254,-0.2179461631324111,1000,100,"[50, 50, 50]","I(M1,M2;T)"
10,0.0,2.6072241659025717,-0.33769666903284534,1000,100,"[50, 50, 50]","I(M1,M2;T)"
11,0.0,2.682762464430918,-0.26304083661350974,1000,100,"[50, 50, 50]","I(M1,M2;T)"
12,0.0,2.6332729584052785,-0.30817756005296726,1000,100,"[50, 50, 50]","I(M1,M2;T)"
13,0.0,2.7176384674167293,-0.22321503745973326,1000,100,"[50, 50, 50]","I(M1,M2;T)"
14,0.0,2.6170125862906337,-0.3240180844968785,1000,100,"[50, 50, 50]","I(M1,M2;T)"
15,0.0,2.7292705286800123,-0.213471154017427,1000,100,"[50, 50, 50]","I(M1,M2;T)"
16,0.0,2.710662136635981,-0.2334256220322577,1000,100,"[50, 50, 50]","I(M1,M2;T)"
17,0.0,2.6887525384235844,-0.2575797677924432,1000,100,"[50, 50, 50]","I(M1,M2;T)"
18,0.0,2.695851566916384,-0.24475271671914633,1000,100,"[50, 50, 50]","I(M1,M2;T)"
19,0.0,2.6948329990625974,-0.25064166301997437,1000,100,"[50, 50, 50]","I(M1,M2;T)"
20,0.0,2.752677929023181,-0.18895962410937717,1000,100,"[50, 50, 50]","I(M1,M2;T)"
21,0.0,2.7451557032531158,-0.1890612918418655,1000,100,"[50, 50, 50]","I(M1,M2;T)"
22,0.0,2.716098428276673,-0.22543779552108623,1000,100,"[50, 50, 50]","I(M1,M2;T)"
23,0.0,2.6944626477154134,-0.24928805657318653,1000,100,"[50, 50, 50]","I(M1,M2;T)"
24,0.0,2.611476509602539,-0.3283071198890828,1000,100,"[50, 50, 50]","I(M1,M2;T)"
25,0.0,2.5878863906126885,-0.35721161880100905,1000,100,"[50, 50, 50]","I(M1,M2;T)"
26,0.0,2.749489663783703,-0.1921942671025123,1000,100,"[50, 50, 50]","I(M1,M2;T)"
27,0.0,2.717029442747421,-0.22446328037344143,1000,100,"[50, 50, 50]","I(M1,M2;T)"
28,0.0,2.7540200014816647,-0.19487125868263844,1000,100,"[50, 50, 50]","I(M1,M2;T)"
29,0.0,2.7709356848320272,-0.1681619845411353,1000,100,"[50, 50, 50]","I(M1,M2;T)"
30,0.0,2.725681335796897,-0.21748709803583965,1000,100,"[50, 50, 50]","I(M1,M2;T)"
31,0.0,2.757636718175253,-0.18298174520702615,1000,100,"[50, 50, 50]","I(M1,M2;T)"
32,0.0,2.6993756627419705,-0.24439739149341877,1000,100,"[50, 50, 50]","I(M1,M2;T)"
33,0.0,2.7568474824912172,-0.18298169361642724,1000,100,"[50, 50, 50]","I(M1,M2;T)"
34,0.0,2.706913231971306,-0.23542144596142656,1000,100,"[50, 50, 50]","I(M1,M2;T)"
35,0.0,2.732614369121419,-0.20639237804356103,1000,100,"[50, 50, 50]","I(M1,M2;T)"
36,0.0,2.74448064760989,-0.1960677746255146,1000,100,"[50, 50, 50]","I(M1,M2;T)"
37,0.0,2.760206468090418,-0.1843581106447547,1000,100,"[50, 50, 50]","I(M1,M2;T)"
38,0.0,2.756449739670931,-0.18726146827586376,1000,100,"[50, 50, 50]","I(M1,M2;T)"
39,0.0,2.705372185795137,-0.23450307468231557,1000,100,"[50, 50, 50]","I(M1,M2;T)"
40,0.0,2.7579909959598403,-0.1806778980309267,1000,100,"[50, 50, 50]","I(M1,M2;T)"
41,0.0,2.789291940094145,-0.15724718780734026,1000,100,"[50, 50, 50]","I(M1,M2;T)"
42,0.0,2.6432332333840245,-0.2967592524640388,1000,100,"[50, 50, 50]","I(M1,M2;T)"
43,0.0,2.691231488299216,-0.24932637299366034,1000,100,"[50, 50, 50]","I(M1,M2;T)"
44,0.0,2.7548515395717685,-0.18658404920379112,1000,100,"[50, 50, 50]","I(M1,M2;T)"
45,0.0,2.6996152215752094,-0.24271901784360184,1000,100,"[50, 50, 50]","I(M1,M2;T)"
46,0.0,2.7994606771319557,-0.14535367082306783,1000,100,"[50, 50, 50]","I(M1,M2;T)"
47,0.0,2.741866415856538,-0.1980288431363224,1000,100,"[50, 50, 50]","I(M1,M2;T)"
48,0.0,2.7081593328724294,-0.2336972356980942,1000,100,"[50, 50, 50]","I(M1,M2;T)"
49,0.0,2.786087646296549,-0.1554148799928705,1000,100,"[50, 50, 50]","I(M1,M2;T)"
50,0.0,2.633236856453551,-0.3106861617653376,1000,100,"[50, 50, 50]","I(M1,M2;T)"
51,0.0,2.647829131940201,-0.2973857591553375,1000,100,"[50, 50, 50]","I(M1,M2;T)"
52,0.0,2.678073863376784,-0.26064357107726766,1000,100,"[50, 50, 50]","I(M1,M2;T)"
53,0.0,2.660023101306694,-0.2793554090934345,1000,100,"[50, 50, 50]","I(M1,M2;T)"
54,0.0,2.665770115740803,-0.28050784878367807,1000,100,"[50, 50, 50]","I(M1,M2;T)"
55,0.0,2.6606932701258295,-0.2859624099329854,1000,100,"[50, 50, 50]","I(M1,M2;T)"
56,0.0,2.731386985455111,-0.21092389568430958,1000,100,"[50, 50, 50]","I(M1,M2;T)"
57,0.0,2.7773199465971206,-0.16706463922712844,1000,100,"[50, 50, 50]","I(M1,M2;T)"
58,0.0,2.770056868267928,-0.17167605924591456,1000,100,"[50, 50, 50]","I(M1,M2;T)"
59,0.0,2.6892087662031976,-0.25072192731239085,1000,100,"[50, 50, 50]","I(M1,M2;T)"
60,0.0,2.7039180251424515,-0.23750575780123206,1000,100,"[50, 50, 50]","I(M1,M2;T)"
61,0.0,2.7102547343386223,-0.2302924066164005,1000,100,"[50, 50, 50]","I(M1,M2;T)"
62,0.0,2.687531994434388,-0.2552598572211351,1000,100,"[50, 50, 50]","I(M1,M2;T)"
63,0.0,2.717706926240624,-0.2292532126884419,1000,100,"[50, 50, 50]","I(M1,M2;T)"
64,0.0,2.756865975285094,-0.18609807948748314,1000,100,"[50, 50, 50]","I(M1,M2;T)"
65,0.0,2.7609870377451173,-0.1797950048312118,1000,100,"[50, 50, 50]","I(M1,M2;T)"
66,0.0,2.7986044342157133,-0.139161030221167,1000,100,"[50, 50, 50]","I(M1,M2;T)"
67,0.0,2.7143546911779834,-0.22626785463113208,1000,100,"[50, 50, 50]","I(M1,M2;T)"
68,0.0,2.7219579342614795,-0.21991686678236322,1000,100,"[50, 50, 50]","I(M1,M2;T)"
69,0.0,2.621054751902019,-0.32452633799155306,1000,100,"[50, 50, 50]","I(M1,M2;T)"
70,0.0,2.8220708355898636,-0.12222194453400759,1000,100,"[50, 50, 50]","I(M1,M2;T)"
71,0.0,2.7264839096707183,-0.2154541643774004,1000,100,"[50, 50, 50]","I(M1,M2;T)"
72,0.0,2.6807906971581588,-0.26236921094266163,1000,100,"[50, 50, 50]","I(M1,M2;T)"
73,0.0,2.7342465171562647,-0.20429346822669014,1000,100,"[50, 50, 50]","I(M1,M2;T)"
74,0.0,2.785472207359061,-0.1520655932959607,1000,100,"[50, 50, 50]","I(M1,M2;T)"
75,0.0,2.6953886968359706,-0.24749561060820957,1000,100,"[50, 50, 50]","I(M1,M2;T)"
76,0.0,2.781784987337948,-0.15404008491445076,1000,100,"[50, 50, 50]","I(M1,M2;T)"
77,0.0,2.791207908637684,-0.14959730039032193,1000,100,"[50, 50, 50]","I(M1,M2;T)"
78,0.0,2.672142935073478,-0.2673566094651538,1000,100,"[50, 50, 50]","I(M1,M2;T)"
79,0.0,2.7440968879884715,-0.1972666441151789,1000,100,"[50, 50, 50]","I(M1,M2;T)"
80,0.0,2.701664055419721,-0.23914449903898172,1000,100,"[50, 50, 50]","I(M1,M2;T)"
81,0.0,2.7345735989443436,-0.20935174428996506,1000,100,"[50, 50, 50]","I(M1,M2;T)"
82,0.0,2.6469468222071666,-0.29792034089070407,1000,100,"[50, 50, 50]","I(M1,M2;T)"
83,0.0,2.6910355316545456,-0.253411002343618,1000,100,"[50, 50, 50]","I(M1,M2;T)"
84,0.0,2.640437414982526,-0.3039593245175487,1000,100,"[50, 50, 50]","I(M1,M2;T)"
85,0.0,2.748381676626875,-0.19818411322571317,1000,100,"[50, 50, 50]","I(M1,M2;T)"
86,0.0,2.855346829465733,-0.0841170452820581,1000,100,"[50, 50, 50]","I(M1,M2;T)"
87,0.0,2.670494413492677,-0.2717337783212206,1000,100,"[50, 50, 50]","I(M1,M2;T)"
88,0.0,2.7183898187739133,-0.2276161339198719,1000,100,"[50, 50, 50]","I(M1,M2;T)"
89,0.0,2.7307894207546917,-0.20691997592896438,1000,100,"[50, 50, 50]","I(M1,M2;T)"
90,0.0,2.699782937663217,-0.24202009782287703,1000,100,"[50, 50, 50]","I(M1,M2;T)"
91,0.0,2.674301117576978,-0.2697633512525588,1000,100,"[50, 50, 50]","I(M1,M2;T)"
92,0.0,2.7791330020601723,-0.16364492867737646,1000,100,"[50, 50, 50]","I(M1,M2;T)"
93,0.0,2.7933732502748985,-0.145806870071453,1000,100,"[50, 50, 50]","I(M1,M2;T)"
94,0.0,2.6656352742129923,-0.2743254992039579,1000,100,"[50, 50, 50]","I(M1,M2;T)"
95,0.0,2.6661412232367505,-0.27332570619668894,1000,100,"[50, 50, 50]","I(M1,M2;T)"
96,0.0,2.715226753387527,-0.226078987132313,1000,100,"[50, 50, 50]","I(M1,M2;T)"
97,0.0,2.732732265579331,-0.21407589131641647,1000,100,"[50, 50, 50]","I(M1,M2;T)"
98,0.0,2.6875317507522203,-0.2550959756078406,1000,100,"[50, 50, 50]","I(M1,M2;T)"
99,0.0,2.745638724274143,-0.19802161937981033,1000,100,"[50, 50, 50]","I(M1,M2;T)"
100,0.0,2.6847888479778144,-0.2620321871838067,1000,100,"[50, 50, 50]","I(M1,M2;T)"
101,0.0,2.6882201590693082,-0.25427658750750526,1000,100,"[50, 50, 50]","I(M1,M2;T)"
102,0.0,2.7624558363625535,-0.1811349227990955,1000,100,"[50, 50, 50]","I(M1,M2;T)"
103,0.0,2.68113487391385,-0.2617903785305047,1000,100,"[50, 50, 50]","I(M1,M2;T)"
104,0.0,2.6536952238373113,-0.28418607031453647,1000,100,"[50, 50, 50]","I(M1,M2;T)"
105,0.0,2.704335870454921,-0.23959588572284396,1000,100,"[50, 50, 50]","I(M1,M2;T)"
106,0.0,2.7225330295122516,-0.22396421387779464,1000,100,"[50, 50, 50]","I(M1,M2;T)"
107,0.0,2.6808852911438175,-0.2622283965083705,1000,100,"[50, 50, 50]","I(M1,M2;T)"
108,0.0,2.6372082587815524,-0.30497332805519184,1000,100,"[50, 50, 50]","I(M1,M2;T)"
109,0.0,2.7683198946034357,-0.1691642790914054,1000,100,"[50, 50, 50]","I(M1,M2;T)"
110,0.0,2.685898905488608,-0.25641301080353607,1000,100,"[50, 50, 50]","I(M1,M2;T)"
111,0.0,2.7023762399706563,-0.23671717919396507,1000,100,"[50, 50, 50]","I(M1,M2;T)"
112,0.0,2.701456864065869,-0.24274162777631592,1000,100,"[50, 50, 50]","I(M1,M2;T)"
113,0.0,2.820547819076163,-0.1237000919696194,1000,100,"[50, 50, 50]","I(M1,M2;T)"
114,0.0,2.6897794309407677,-0.24843977469756418,1000,100,"[50, 50, 50]","I(M1,M2;T)"
115,0.0,2.6945869053426588,-0.2442895150429889,1000,100,"[50, 50, 50]","I(M1,M2;T)"
116,0.0,2.7392103569806037,-0.20370035743674464,1000,100,"[50, 50, 50]","I(M1,M2;T)"
117,0.0,2.774046798459273,-0.1663231131864813,1000,100,"[50, 50, 50]","I(M1,M2;T)"
118,0.0,2.8223732324236193,-0.1193310971081929,1000,100,"[50, 50, 50]","I(M1,M2;T)"
119,0.0,2.735340239729115,-0.20880321535871982,1000,100,"[50, 50, 50]","I(M1,M2;T)"
120,0.0,2.6678328322370426,-0.2763980041835259,1000,100,"[50, 50, 50]","I(M1,M2;T)"
121,0.0,2.7528489153892197,-0.18767056579693175,1000,100,"[50, 50, 50]","I(M1,M2;T)"
122,0.0,2.6776593877196886,-0.2642715018492865,1000,100,"[50, 50, 50]","I(M1,M2;T)"
123,0.0,2.664945957064602,-0.27619954703666805,1000,100,"[50, 50, 50]","I(M1,M2;T)"
124,0.0,2.6641017188303953,-0.2818959588113743,1000,100,"[50, 50, 50]","I(M1,M2;T)"
125,0.0,2.6915471782742006,-0.24989560902231434,1000,100,"[50, 50, 50]","I(M1,M2;T)"
126,0.0,2.68055921793818,-0.2587707363943337,1000,100,"[50, 50, 50]","I(M1,M2;T)"
127,0.0,2.6901416306201105,-0.2560254154988262,1000,100,"[50, 50, 50]","I(M1,M2;T)"
128,0.0,2.7188671792766717,-0.21806979305632312,1000,100,"[50, 50, 50]","I(M1,M2;T)"
129,0.0,2.672701953096396,-0.26986997506211763,1000,100,"[50, 50, 50]","I(M1,M2;T)"
130,0.0,2.7116781462036514,-0.2286055078327358,1000,100,"[50, 50, 50]","I(M1,M2;T)"
131,0.0,2.6502034610057708,-0.2869949369787945,1000,100,"[50, 50, 50]","I(M1,M2;T)"
132,0.0,2.7498476028883907,-0.189968719979845,1000,100,"[50, 50, 50]","I(M1,M2;T)"
133,0.0,2.6359975914752507,-0.30994865877311506,1000,100,"[50, 50, 50]","I(M1,M2;T)"
134,0.0,2.676233173824856,-0.2643517819691228,1000,100,"[50, 50, 50]","I(M1,M2;T)"
135,0.0,2.6570392002537293,-0.2800173873865486,1000,100,"[50, 50, 50]","I(M1,M2;T)"
136,0.0,2.6749522950322433,-0.2709035352954037,1000,100,"[50, 50, 50]","I(M1,M2;T)"
137,0.0,2.6403366371938004,-0.3076702293512126,1000,100,"[50, 50, 50]","I(M1,M2;T)"
138,0.0,2.674608485097489,-0.2723309070030857,1000,100,"[50, 50, 50]","I(M1,M2;T)"
139,0.0,2.7710491035833025,-0.17195905611925477,1000,100,"[50, 50, 50]","I(M1,M2;T)"
140,0.0,2.731538659417832,-0.21227707056208356,1000,100,"[50, 50, 50]","I(M1,M2;T)"
141,0.0,2.6639659686813015,-0.2759642757913361,1000,100,"[50, 50, 50]","I(M1,M2;T)"
142,0.0,2.7292321509613306,-0.2102930964426295,1000,100,"[50, 50, 50]","I(M1,M2;T)"
143,0.0,2.7281551003588222,-0.21210698059730282,1000,100,"[50, 50, 50]","I(M1,M2;T)"
144,0.0,2.6614163983438157,-0.2807859657213143,1000,100,"[50, 50, 50]","I(M1,M2;T)"
145,0.0,2.8052588416491435,-0.13623848694284346,1000,100,"[50, 50, 50]","I(M1,M2;T)"
146,0.0,2.735751467930393,-0.20594836507223402,1000,100,"[50, 50, 50]","I(M1,M2;T)"
147,0.0,2.694369388960456,-0.24646585392342857,1000,100,"[50, 50, 50]","I(M1,M2;T)"
148,0.0,2.63162951592414,-0.31323800270871205,1000,100,"[50, 50, 50]","I(M1,M2;T)"
149,0.0,2.722527062020265,-0.2212624136997805,1000,100,"[50, 50, 50]","I(M1,M2;T)"
150,0.0,2.6835594551660655,-0.2566332823523316,1000,100,"[50, 50, 50]","I(M1,M2;T)"
151,0.0,2.837482419885827,-0.10487666602969226,1000,100,"[50, 50, 50]","I(M1,M2;T)"
152,0.0,2.743908145311251,-0.19833107166329533,1000,100,"[50, 50, 50]","I(M1,M2;T)"
153,0.0,2.786279320881093,-0.15751306544685484,1000,100,"[50, 50, 50]","I(M1,M2;T)"
154,0.0,2.7397645954301626,-0.1994452619996565,1000,100,"[50, 50, 50]","I(M1,M2;T)"
155,0.0,2.729577917753216,-0.2083915527593927,1000,100,"[50, 50, 50]","I(M1,M2;T)"
156,0.0,2.6936630627674845,-0.2517717910255466,1000,100,"[50, 50, 50]","I(M1,M2;T)"
157,0.0,2.7264978535812903,-0.21551520546627012,1000,100,"[50, 50, 50]","I(M1,M2;T)"
158,0.0,2.648332971632505,-0.2953066939033824,1000,100,"[50, 50, 50]","I(M1,M2;T)"
159,0.0,2.665067456016181,-0.27551390123380726,1000,100,"[50, 50, 50]","I(M1,M2;T)"
160,0.0,2.629619373923733,-0.309205958313731,1000,100,"[50, 50, 50]","I(M1,M2;T)"
161,0.0,2.7726993983661665,-0.17261498563645317,1000,100,"[50, 50, 50]","I(M1,M2;T)"
162,0.0,2.746164405535729,-0.19830925288518264,1000,100,"[50, 50, 50]","I(M1,M2;T)"
163,0.0,2.715518489161134,-0.23105231266262427,1000,100,"[50, 50, 50]","I(M1,M2;T)"
164,0.0,2.7069339504105505,-0.23370541589586802,1000,100,"[50, 50, 50]","I(M1,M2;T)"
165,0.0,2.675399122563757,-0.26540990586232294,1000,100,"[50, 50, 50]","I(M1,M2;T)"
166,0.0,2.766104306793206,-0.17617231822744506,1000,100,"[50, 50, 50]","I(M1,M2;T)"
167,0.0,2.657537278207087,-0.2819623916675025,1000,100,"[50, 50, 50]","I(M1,M2;T)"
168,0.0,2.809703883413945,-0.13392092668237998,1000,100,"[50, 50, 50]","I(M1,M2;T)"
169,0.0,2.754266377165367,-0.18722718387114057,1000,100,"[50, 50, 50]","I(M1,M2;T)"
170,0.0,2.683364488409567,-0.25564465109664214,1000,100,"[50, 50, 50]","I(M1,M2;T)"
171,0.0,2.710713079483468,-0.23336619858842145,1000,100,"[50, 50, 50]","I(M1,M2;T)"
172,0.0,2.7394594660334635,-0.2013959418853628,1000,100,"[50, 50, 50]","I(M1,M2;T)"
173,0.0,2.725572528216531,-0.22050131871004197,1000,100,"[50, 50, 50]","I(M1,M2;T)"
174,0.0,2.7642729522882807,-0.17646648730132197,1000,100,"[50, 50, 50]","I(M1,M2;T)"
175,0.0,2.7740798620312317,-0.17079858685104998,1000,100,"[50, 50, 50]","I(M1,M2;T)"
176,0.0,2.604712419015024,-0.3378638824196307,1000,100,"[50, 50, 50]","I(M1,M2;T)"
177,0.0,2.6143618655926537,-0.3268720913232852,1000,100,"[50, 50, 50]","I(M1,M2;T)"
178,0.0,2.640597773496612,-0.30319003246564513,1000,100,"[50, 50, 50]","I(M1,M2;T)"
179,0.0,2.708698630686934,-0.23489967277755763,1000,100,"[50, 50, 50]","I(M1,M2;T)"
180,0.0,2.724841759690702,-0.21811278183096805,1000,100,"[50, 50, 50]","I(M1,M2;T)"
181,0.0,2.705445857215901,-0.23839211487176604,1000,100,"[50, 50, 50]","I(M1,M2;T)"
182,0.0,2.7217607827193975,-0.2215378596909714,1000,100,"[50, 50, 50]","I(M1,M2;T)"
183,0.0,2.7907249835459718,-0.14915015620943262,1000,100,"[50, 50, 50]","I(M1,M2;T)"
184,0.0,2.686118029059262,-0.25677193986008673,1000,100,"[50, 50, 50]","I(M1,M2;T)"
185,0.0,2.7831105562646923,-0.15543343589606406,1000,100,"[50, 50, 50]","I(M1,M2;T)"
186,0.0,2.671758700799376,-0.2751017986804145,1000,100,"[50, 50, 50]","I(M1,M2;T)"
187,0.0,2.746062740128128,-0.1960291683269637,1000,100,"[50, 50, 50]","I(M1,M2;T)"
188,0.0,2.7813441881947423,-0.1605426867127253,1000,100,"[50, 50, 50]","I(M1,M2;T)"
189,0.0,2.746431390793734,-0.19353410870015386,1000,100,"[50, 50, 50]","I(M1,M2;T)"
190,0.0,2.7759145591988323,-0.16566847176601307,1000,100,"[50, 50, 50]","I(M1,M2;T)"
191,0.0,2.821840032520821,-0.1257563731553022,1000,100,"[50, 50, 50]","I(M1,M2;T)"
192,0.0,2.642272757977309,-0.29733552119651874,1000,100,"[50, 50, 50]","I(M1,M2;T)"
193,0.0,2.6383644184346253,-0.30440858673607707,1000,100,"[50, 50, 50]","I(M1,M2;T)"
194,0.0,2.6850193085448657,-0.2515878838828214,1000,100,"[50, 50, 50]","I(M1,M2;T)"
195,0.0,2.643550556330041,-0.3031753823340715,1000,100,"[50, 50, 50]","I(M1,M2;T)"
196,0.0,2.7273431493581057,-0.21005241252364826,1000,100,"[50, 50, 50]","I(M1,M2;T)"
197,0.0,2.729120297855607,-0.21743938227520498,1000,100,"[50, 50, 50]","I(M1,M2;T)"
198,0.0,2.686940237660249,-0.2558229074333185,1000,100,"[50, 50, 50]","I(M1,M2;T)"
199,0.0,2.7036829956565214,-0.23998269433771835,1000,100,"[50, 50, 50]","I(M1,M2;T)"
200,0.0,2.6561134969819262,-0.28557482802376555,1000,100,"[50, 50, 50]","I(M1,M2;T)"
201,0.0,2.659541412105403,-0.2814392845800606,1000,100,"[50, 50, 50]","I(M1,M2;T)"
202,0.0,2.714326756038174,-0.22497920025162266,1000,100,"[50, 50, 50]","I(M1,M2;T)"
203,0.0,2.6857807513893373,-0.2597057604881239,1000,100,"[50, 50, 50]","I(M1,M2;T)"
204,0.0,2.745227003912195,-0.19241310332223893,1000,100,"[50, 50, 50]","I(M1,M2;T)"
205,0.0,2.63719066505497,-0.308883677711572,1000,100,"[50, 50, 50]","I(M1,M2;T)"
206,0.0,2.6134386506229,-0.32738667233035557,1000,100,"[50, 50, 50]","I(M1,M2;T)"
207,0.0,2.69749659129781,-0.2400141231722368,1000,100,"[50, 50, 50]","I(M1,M2;T)"
208,0.0,2.708245749315621,-0.2336106865597598,1000,100,"[50, 50, 50]","I(M1,M2;T)"
209,0.0,2.7546324585772237,-0.1895084641518765,1000,100,"[50, 50, 50]","I(M1,M2;T)"
210,0.0,2.7745639079615985,-0.17277593157858417,1000,100,"[50, 50, 50]","I(M1,M2;T)"
211,0.0,2.6665592225690964,-0.27522891066134036,1000,100,"[50, 50, 50]","I(M1,M2;T)"
212,0.0,2.7732606454733393,-0.17461064901308232,1000,100,"[50, 50, 50]","I(M1,M2;T)"
213,0.0,2.755049279960346,-0.18527054872881843,1000,100,"[50, 50, 50]","I(M1,M2;T)"
214,0.0,2.7314821769990534,-0.20626154393350982,1000,100,"[50, 50, 50]","I(M1,M2;T)"
215,0.0,2.642150911913305,-0.2997724349322044,1000,100,"[50, 50, 50]","I(M1,M2;T)"
216,0.0,2.6840939064927833,-0.25904966850991107,1000,100,"[50, 50, 50]","I(M1,M2;T)"
217,0.0,2.639707598645967,-0.3010803396918571,1000,100,"[50, 50, 50]","I(M1,M2;T)"
218,0.0,2.782181757641702,-0.1616090368968699,1000,100,"[50, 50, 50]","I(M1,M2;T)"
219,0.0,2.7966621832739667,-0.14811207404200832,1000,100,"[50, 50, 50]","I(M1,M2;T)"
220,0.0,2.6749333429152555,-0.26625849154506387,1000,100,"[50, 50, 50]","I(M1,M2;T)"
221,0.0,2.6874813210687662,-0.2530200518944241,1000,100,"[50, 50, 50]","I(M1,M2;T)"
222,0.0,2.790764287131317,-0.15054473508693578,1000,100,"[50, 50, 50]","I(M1,M2;T)"
223,0.0,2.7303694206874156,-0.2123454207837021,1000,100,"[50, 50, 50]","I(M1,M2;T)"
224,0.0,2.7960499747730037,-0.13998598004074037,1000,100,"[50, 50, 50]","I(M1,M2;T)"
225,0.0,2.7634226752922677,-0.1797917717677895,1000,100,"[50, 50, 50]","I(M1,M2;T)"
226,0.0,2.7322950710450815,-0.2091319810689205,1000,100,"[50, 50, 50]","I(M1,M2;T)"
227,0.0,2.810787170949228,-0.13021164224693127,1000,100,"[50, 50, 50]","I(M1,M2;T)"
228,0.0,2.672459275628834,-0.275093285179417,1000,100,"[50, 50, 50]","I(M1,M2;T)"
229,0.0,2.675731399458898,-0.26905008079847814,1000,100,"[50, 50, 50]","I(M1,M2;T)"
230,0.0,2.748587039431255,-0.19398789945211226,1000,100,"[50, 50, 50]","I(M1,M2;T)"
231,0.0,2.8261157411790574,-0.1145601958545237,1000,100,"[50, 50, 50]","I(M1,M2;T)"
232,0.0,2.664230871374147,-0.27674062099135854,1000,100,"[50, 50, 50]","I(M1,M2;T)"
233,0.0,2.6543625800517034,-0.28725394461091325,1000,100,"[50, 50, 50]","I(M1,M2;T)"
234,0.0,2.6592422207154187,-0.28310136338734315,1000,100,"[50, 50, 50]","I(M1,M2;T)"
235,0.0,2.6510486976847907,-0.2916694319668389,1000,100,"[50, 50, 50]","I(M1,M2;T)"
236,0.0,2.7294864406780377,-0.21101068003939316,1000,100,"[50, 50, 50]","I(M1,M2;T)"
237,0.0,2.792148114251977,-0.14638317766748887,1000,100,"[50, 50, 50]","I(M1,M2;T)"
238,0.0,2.7191688989348437,-0.22297141247129115,1000,100,"[50, 50, 50]","I(M1,M2;T)"
239,0.0,2.706140066354833,-0.23930596625755207,1000,100,"[50, 50, 50]","I(M1,M2;T)"
240,0.0,2.6842226685557327,-0.25574930573993804,1000,100,"[50, 50, 50]","I(M1,M2;T)"
241,0.0,2.7575481047218133,-0.18615327614350896,1000,100,"[50, 50, 50]","I(M1,M2;T)"
242,0.0,2.754647439059972,-0.18532827929085283,1000,100,"[50, 50, 50]","I(M1,M2;T)"
243,0.0,2.707707401537836,-0.23740551670367793,1000,100,"[50, 50, 50]","I(M1,M2;T)"
244,0.0,2.6858360384472584,-0.2652778234964952,1000,100,"[50, 50, 50]","I(M1,M2;T)"
245,0.0,2.653317360826553,-0.2857871897987496,1000,100,"[50, 50, 50]","I(M1,M2;T)"
246,0.0,2.7381377762355705,-0.20645426445421267,1000,100,"[50, 50, 50]","I(M1,M2;T)"
247,0.0,2.7546305735851577,-0.18752019930255015,1000,100,"[50, 50, 50]","I(M1,M2;T)"
248,0.0,2.5968657575151863,-0.34656593733519614,1000,100,"[50, 50, 50]","I(M1,M2;T)"
249,0.0,2.793064484769464,-0.152645589195068,1000,100,"[50, 50, 50]","I(M1,M2;T)"
250,0.0,2.8212959629132452,-0.1205494263676603,1000,100,"[50, 50, 50]","I(M1,M2;T)"
251,0.0,2.731209547552532,-0.20795680590765642,1000,100,"[50, 50, 50]","I(M1,M2;T)"
252,0.0,2.668751577554824,-0.26864674176324943,1000,100,"[50, 50, 50]","I(M1,M2;T)"
253,0.0,2.6724944699309177,-0.2691297121321048,1000,100,"[50, 50, 50]","I(M1,M2;T)"
254,0.0,2.678848731082422,-0.2652644568205944,1000,100,"[50, 50, 50]","I(M1,M2;T)"
255,0.0,2.765320311435794,-0.17983808274020197,1000,100,"[50, 50, 50]","I(M1,M2;T)"
256,0.0,2.8018542891923164,-0.13913984199594953,1000,100,"[50, 50, 50]","I(M1,M2;T)"
257,0.0,2.777187481317921,-0.16666599233849855,1000,100,"[50, 50, 50]","I(M1,M2;T)"
258,0.0,2.6660406385226967,-0.281370837501123,1000,100,"[50, 50, 50]","I(M1,M2;T)"
259,0.0,2.8225293357718284,-0.11568550437633407,1000,100,"[50, 50, 50]","I(M1,M2;T)"
260,0.0,2.7540408681314306,-0.1897450670627583,1000,100,"[50, 50, 50]","I(M1,M2;T)"
261,0.0,2.639071979701584,-0.30257034373622504,1000,100,"[50, 50, 50]","I(M1,M2;T)"
262,0.0,2.657076501282722,-0.2872592477991649,1000,100,"[50, 50, 50]","I(M1,M2;T)"
263,0.0,2.712286586623317,-0.23218376296584609,1000,100,"[50, 50, 50]","I(M1,M2;T)"
264,0.0,2.753214589281604,-0.18594726523197735,1000,100,"[50, 50, 50]","I(M1,M2;T)"
265,0.0,2.7200141441039083,-0.219898328270832,1000,100,"[50, 50, 50]","I(M1,M2;T)"
266,0.0,2.6772628840888695,-0.27002720164479843,1000,100,"[50, 50, 50]","I(M1,M2;T)"
267,0.0,2.7757228139612704,-0.17313082069761743,1000,100,"[50, 50, 50]","I(M1,M2;T)"
268,0.0,2.702895391676423,-0.23822295883997446,1000,100,"[50, 50, 50]","I(M1,M2;T)"
269,0.0,2.6750353240712332,-0.26661791085735853,1000,100,"[50, 50, 50]","I(M1,M2;T)"
270,0.0,2.7095569749668234,-0.23513422883224377,1000,100,"[50, 50, 50]","I(M1,M2;T)"
271,0.0,2.7143770343535456,-0.225906120429467,1000,100,"[50, 50, 50]","I(M1,M2;T)"
272,0.0,2.6614789454096015,-0.2843143631473688,1000,100,"[50, 50, 50]","I(M1,M2;T)"
273,0.0,2.7356202526369024,-0.20538603655583465,1000,100,"[50, 50, 50]","I(M1,M2;T)"
274,0.0,2.6843689115853167,-0.25384923310099694,1000,100,"[50, 50, 50]","I(M1,M2;T)"
275,0.0,2.7597743163136017,-0.18358844014571707,1000,100,"[50, 50, 50]","I(M1,M2;T)"
276,0.0,2.801241329538005,-0.14321266965309043,1000,100,"[50, 50, 50]","I(M1,M2;T)"
277,0.0,2.711062254901134,-0.23034361317743413,1000,100,"[50, 50, 50]","I(M1,M2;T)"
278,0.0,2.677268967244366,-0.2681783424018298,1000,100,"[50, 50, 50]","I(M1,M2;T)"
279,0.0,2.6603658985319143,-0.2790883474242527,1000,100,"[50, 50, 50]","I(M1,M2;T)"
280,0.0,2.6553097241099817,-0.2912740880048892,1000,100,"[50, 50, 50]","I(M1,M2;T)"
281,0.0,2.6983820482079044,-0.24805880161194827,1000,100,"[50, 50, 50]","I(M1,M2;T)"
282,0.0,2.6811373698822303,-0.25674915226889894,1000,100,"[50, 50, 50]","I(M1,M2;T)"
283,0.0,2.6409382379065964,-0.30621493405653455,1000,100,"[50, 50, 50]","I(M1,M2;T)"
284,0.0,2.7969474834014054,-0.14867129901949383,1000,100,"[50, 50, 50]","I(M1,M2;T)"
285,0.0,2.854132778457749,-0.08386363581422351,1000,100,"[50, 50, 50]","I(M1,M2;T)"
286,0.0,2.6244679648737415,-0.32377281101638067,1000,100,"[50, 50, 50]","I(M1,M2;T)"
287,0.0,2.6948488824450454,-0.24869678209465906,1000,100,"[50, 50, 50]","I(M1,M2;T)"
288,0.0,2.6703594309449823,-0.27096129840298033,1000,100,"[50, 50, 50]","I(M1,M2;T)"
289,0.0,2.700371780463609,-0.23733774047084877,1000,100,"[50, 50, 50]","I(M1,M2;T)"
290,0.0,2.6654876655809057,-0.2804517162655009,1000,100,"[50, 50, 50]","I(M1,M2;T)"
291,0.0,2.7563806514894313,-0.1863538229987305,1000,100,"[50, 50, 50]","I(M1,M2;T)"
292,0.0,2.754989062195688,-0.18507498698159397,1000,100,"[50, 50, 50]","I(M1,M2;T)"
293,0.0,2.766213748963451,-0.17350676899563489,1000,100,"[50, 50, 50]","I(M1,M2;T)"
294,0.0,2.7468407915790274,-0.19391165876352234,1000,100,"[50, 50, 50]","I(M1,M2;T)"
295,0.0,2.7567842495876955,-0.17960476795159197,1000,100,"[50, 50, 50]","I(M1,M2;T)"
296,0.0,2.7231863814023827,-0.2176898489908643,1000,100,"[50, 50, 50]","I(M1,M2;T)"
297,0.0,2.720424590402583,-0.21922574507671477,1000,100,"[50, 50, 50]","I(M1,M2;T)"
298,0.0,2.754157707205569,-0.19251046972539498,1000,100,"[50, 50, 50]","I(M1,M2;T)"
299,0.0,2.688484490121013,-0.25131559323248576,1000,100,"[50, 50, 50]","I(M1,M2;T)"
300,0.0,2.7132981421127775,-0.22910751856100786,1000,100,"[50, 50, 50]","I(M1,M2;T)"
301,0.0,2.6923872506900404,-0.25409378964402496,1000,100,"[50, 50, 50]","I(M1,M2;T)"
302,0.0,2.6216525837815463,-0.3189325423411038,1000,100,"[50, 50, 50]","I(M1,M2;T)"
303,0.0,2.698626499994023,-0.24384062099754544,1000,100,"[50, 50, 50]","I(M1,M2;T)"
304,0.0,2.7279218880030096,-0.21180357260725247,1000,100,"[50, 50, 50]","I(M1,M2;T)"
305,0.0,2.6767314282131176,-0.269540803250949,1000,100,"[50, 50, 50]","I(M1,M2;T)"
306,0.0,2.6989983742175205,-0.2437692016756583,1000,100,"[50, 50, 50]","I(M1,M2;T)"
307,0.0,2.747865472488879,-0.19434478125548882,1000,100,"[50, 50, 50]","I(M1,M2;T)"
308,0.0,2.7983980042712813,-0.1484155681103938,1000,100,"[50, 50, 50]","I(M1,M2;T)"
309,0.0,2.7154110962220326,-0.22443216030066182,1000,100,"[50, 50, 50]","I(M1,M2;T)"
310,0.0,2.7132756657821697,-0.23202048864502078,1000,100,"[50, 50, 50]","I(M1,M2;T)"
311,0.0,2.8021060917157183,-0.14616447076201222,1000,100,"[50, 50, 50]","I(M1,M2;T)"
312,0.0,2.750033486104862,-0.19585204579246085,1000,100,"[50, 50, 50]","I(M1,M2;T)"
313,0.0,2.761230603999926,-0.1795470217005941,1000,100,"[50, 50, 50]","I(M1,M2;T)"
314,0.0,2.705521810537242,-0.23313528109893955,1000,100,"[50, 50, 50]","I(M1,M2;T)"
315,0.0,2.7792026982901,-0.1655665275232283,1000,100,"[50, 50, 50]","I(M1,M2;T)"
316,0.0,2.731278196908622,-0.21372400174602113,1000,100,"[50, 50, 50]","I(M1,M2;T)"
317,0.0,2.7640124064081384,-0.17998311586415916,1000,100,"[50, 50, 50]","I(M1,M2;T)"
318,0.0,2.7338125210030952,-0.2099878141597311,1000,100,"[50, 50, 50]","I(M1,M2;T)"
319,0.0,2.7060791605409147,-0.23345920800820785,1000,100,"[50, 50, 50]","I(M1,M2;T)"
320,0.0,2.7346396388364465,-0.20511094041397548,1000,100,"[50, 50, 50]","I(M1,M2;T)"
321,0.0,2.7899689841301343,-0.15240363839799187,1000,100,"[50, 50, 50]","I(M1,M2;T)"
322,0.0,2.624710982484915,-0.3184494591004938,1000,100,"[50, 50, 50]","I(M1,M2;T)"
323,0.0,2.658157912288461,-0.29004796421743073,1000,100,"[50, 50, 50]","I(M1,M2;T)"
324,0.0,2.71186927196923,-0.2293130629261908,1000,100,"[50, 50, 50]","I(M1,M2;T)"
325,0.0,2.7179518182490137,-0.22114809319612094,1000,100,"[50, 50, 50]","I(M1,M2;T)"
326,0.0,2.7113135343093697,-0.22892106146377378,1000,100,"[50, 50, 50]","I(M1,M2;T)"
327,0.0,2.656085856602046,-0.2866044823978595,1000,100,"[50, 50, 50]","I(M1,M2;T)"
328,0.0,2.682572061380746,-0.25981882082812335,1000,100,"[50, 50, 50]","I(M1,M2;T)"
329,0.0,2.745305798114166,-0.20088049379814965,1000,100,"[50, 50, 50]","I(M1,M2;T)"
330,0.0,2.7074388429332856,-0.23546270609751296,1000,100,"[50, 50, 50]","I(M1,M2;T)"
331,0.0,2.6348120879870844,-0.3075490475773215,1000,100,"[50, 50, 50]","I(M1,M2;T)"
332,0.0,2.6335211602153614,-0.31069994548789115,1000,100,"[50, 50, 50]","I(M1,M2;T)"
333,0.0,2.7406939690485204,-0.20100508970863507,1000,100,"[50, 50, 50]","I(M1,M2;T)"
334,0.0,2.637508400441922,-0.3041889435438807,1000,100,"[50, 50, 50]","I(M1,M2;T)"
335,0.0,2.7478869711274183,-0.1862101196685173,1000,100,"[50, 50, 50]","I(M1,M2;T)"
336,0.0,2.763863105021574,-0.17979831091953047,1000,100,"[50, 50, 50]","I(M1,M2;T)"
337,0.0,2.654154081154852,-0.2864081839214223,1000,100,"[50, 50, 50]","I(M1,M2;T)"
338,0.0,2.6622847697346126,-0.2817999058946179,1000,100,"[50, 50, 50]","I(M1,M2;T)"
339,0.0,2.8431858000001027,-0.09600440479024863,1000,100,"[50, 50, 50]","I(M1,M2;T)"
340,0.0,2.7001421163750674,-0.24628344803989943,1000,100,"[50, 50, 50]","I(M1,M2;T)"
341,0.0,2.756535219862869,-0.18417597276603903,1000,100,"[50, 50, 50]","I(M1,M2;T)"
342,0.0,2.7161067163276194,-0.22397999195632146,1000,100,"[50, 50, 50]","I(M1,M2;T)"
343,0.0,2.691908690098868,-0.24992062261149872,1000,100,"[50, 50, 50]","I(M1,M2;T)"
344,0.0,2.735538799199495,-0.2041383163199204,1000,100,"[50, 50, 50]","I(M1,M2;T)"
345,0.0,2.7503794302279583,-0.19461183591555242,1000,100,"[50, 50, 50]","I(M1,M2;T)"
346,0.0,2.7746727530650652,-0.16730223880839823,1000,100,"[50, 50, 50]","I(M1,M2;T)"
347,0.0,2.6466665008709045,-0.2973774807659062,1000,100,"[50, 50, 50]","I(M1,M2;T)"
348,0.0,2.7741441773019457,-0.16897374187555636,1000,100,"[50, 50, 50]","I(M1,M2;T)"
349,0.0,2.8056866224344406,-0.13555636459222153,1000,100,"[50, 50, 50]","I(M1,M2;T)"
350,0.0,2.7639293531489946,-0.176591159396271,1000,100,"[50, 50, 50]","I(M1,M2;T)"
351,0.0,2.704424290951544,-0.24124132031028012,1000,100,"[50, 50, 50]","I(M1,M2;T)"
352,0.0,2.7038541276081856,-0.241430095717718,1000,100,"[50, 50, 50]","I(M1,M2;T)"
353,0.0,2.662265856783157,-0.2821620406422056,1000,100,"[50, 50, 50]","I(M1,M2;T)"
354,0.0,2.6686931306431125,-0.27258378506693237,1000,100,"[50, 50, 50]","I(M1,M2;T)"
355,0.0,2.761400882770742,-0.17824562775693265,1000,100,"[50, 50, 50]","I(M1,M2;T)"
356,0.0,2.730539778473791,-0.21777157606455688,1000,100,"[50, 50, 50]","I(M1,M2;T)"
357,0.0,2.7041258473502614,-0.2367932355490372,1000,100,"[50, 50, 50]","I(M1,M2;T)"
358,0.0,2.7241625031792642,-0.22103951481797912,1000,100,"[50, 50, 50]","I(M1,M2;T)"
359,0.0,2.669269126403411,-0.26880009021519635,1000,100,"[50, 50, 50]","I(M1,M2;T)"
360,0.0,2.8444847774712994,-0.09483802715985545,1000,100,"[50, 50, 50]","I(M1,M2;T)"
361,0.0,2.7536093547735128,-0.1920417916219348,1000,100,"[50, 50, 50]","I(M1,M2;T)"
362,0.0,2.7238288049669936,-0.21545050650527475,1000,100,"[50, 50, 50]","I(M1,M2;T)"
363,0.0,2.65499429302374,-0.2862056858958866,1000,100,"[50, 50, 50]","I(M1,M2;T)"
364,0.0,2.723791774915716,-0.22545426174284566,1000,100,"[50, 50, 50]","I(M1,M2;T)"
365,0.0,2.8337503869740006,-0.10691845996682359,1000,100,"[50, 50, 50]","I(M1,M2;T)"
366,0.0,2.7106667938777402,-0.2335300921066379,1000,100,"[50, 50, 50]","I(M1,M2;T)"
367,0.0,2.6952277862232643,-0.248248801112811,1000,100,"[50, 50, 50]","I(M1,M2;T)"
368,0.0,2.692930737962322,-0.2502017856505372,1000,100,"[50, 50, 50]","I(M1,M2;T)"
369,0.0,2.631307536400081,-0.3137391762475259,1000,100,"[50, 50, 50]","I(M1,M2;T)"
370,0.0,2.6865664222230907,-0.25180930009484603,1000,100,"[50, 50, 50]","I(M1,M2;T)"
371,0.0,2.705429394745954,-0.23937496756572552,1000,100,"[50, 50, 50]","I(M1,M2;T)"
372,0.0,2.721871719524813,-0.22189612038887363,1000,100,"[50, 50, 50]","I(M1,M2;T)"
373,0.0,2.696901721590133,-0.24700794321673936,1000,100,"[50, 50, 50]","I(M1,M2;T)"
374,0.0,2.782970643091998,-0.15650839797656824,1000,100,"[50, 50, 50]","I(M1,M2;T)"
375,0.0,2.569082042066961,-0.37040259537407083,1000,100,"[50, 50, 50]","I(M1,M2;T)"
376,0.0,2.6272577052522363,-0.31558435318566636,1000,100,"[50, 50, 50]","I(M1,M2;T)"
377,0.0,2.6087278422831166,-0.334972127188252,1000,100,"[50, 50, 50]","I(M1,M2;T)"
378,0.0,2.695072866524203,-0.24785304683070963,1000,100,"[50, 50, 50]","I(M1,M2;T)"
379,0.0,2.7176633626350677,-0.2232518726481092,1000,100,"[50, 50, 50]","I(M1,M2;T)"
380,0.0,2.6415797876288707,-0.30400200184558646,1000,100,"[50, 50, 50]","I(M1,M2;T)"
381,0.0,2.8200307903251263,-0.12291737267728697,1000,100,"[50, 50, 50]","I(M1,M2;T)"
382,0.0,2.64018446251358,-0.30357805530990634,1000,100,"[50, 50, 50]","I(M1,M2;T)"
383,0.0,2.769126699200593,-0.17182055929819517,1000,100,"[50, 50, 50]","I(M1,M2;T)"
384,0.0,2.743098007219055,-0.2083656601509798,1000,100,"[50, 50, 50]","I(M1,M2;T)"
385,0.0,2.7192214867029474,-0.2189796318822812,1000,100,"[50, 50, 50]","I(M1,M2;T)"
386,0.0,2.6434993888232485,-0.295888440931356,1000,100,"[50, 50, 50]","I(M1,M2;T)"
387,0.0,2.6720068798307874,-0.273257164162823,1000,100,"[50, 50, 50]","I(M1,M2;T)"
388,0.0,2.6475597760432925,-0.29353692672115805,1000,100,"[50, 50, 50]","I(M1,M2;T)"
389,0.0,2.7456027379930923,-0.1908740169968599,1000,100,"[50, 50, 50]","I(M1,M2;T)"
390,0.0,2.64453035895344,-0.29747162262194493,1000,100,"[50, 50, 50]","I(M1,M2;T)"
391,0.0,2.6455984989661054,-0.29914685457257395,1000,100,"[50, 50, 50]","I(M1,M2;T)"
392,0.0,2.7192489634745924,-0.22458820645655742,1000,100,"[50, 50, 50]","I(M1,M2;T)"
393,0.0,2.7205477913477627,-0.2250117537000098,1000,100,"[50, 50, 50]","I(M1,M2;T)"
394,0.0,2.6810121405594587,-0.26106721099474983,1000,100,"[50, 50, 50]","I(M1,M2;T)"
395,0.0,2.7398516146335634,-0.19858198998163257,1000,100,"[50, 50, 50]","I(M1,M2;T)"
396,0.0,2.719749031118283,-0.2226433152091012,1000,100,"[50, 50, 50]","I(M1,M2;T)"
397,0.0,2.766364739953864,-0.17198363969188257,1000,100,"[50, 50, 50]","I(M1,M2;T)"
398,0.0,2.6793087078376643,-0.2646558878720504,1000,100,"[50, 50, 50]","I(M1,M2;T)"
399,0.0,2.679884981180698,-0.26598006033897015,1000,100,"[50, 50, 50]","I(M1,M2;T)"
400,0.0,2.6885969016949423,-0.25041894701561107,1000,100,"[50, 50, 50]","I(M1,M2;T)"
401,0.0,2.705888484953875,-0.22956111900950749,1000,100,"[50, 50, 50]","I(M1,M2;T)"
402,0.0,2.897746995714731,-0.049338510965331484,1000,100,"[50, 50, 50]","I(M1,M2;T)"
403,0.0,2.723281694771478,-0.2212966153378404,1000,100,"[50, 50, 50]","I(M1,M2;T)"
404,0.0,2.754236608285318,-0.19158502534183786,1000,100,"[50, 50, 50]","I(M1,M2;T)"
405,0.0,2.62866749596791,-0.31402404416300644,1000,100,"[50, 50, 50]","I(M1,M2;T)"
406,0.0,2.6290737177090655,-0.3136972368109996,1000,100,"[50, 50, 50]","I(M1,M2;T)"
407,0.0,2.714830798370516,-0.22141361902114776,1000,100,"[50, 50, 50]","I(M1,M2;T)"
408,0.0,2.7347641753896372,-0.20792524197346562,1000,100,"[50, 50, 50]","I(M1,M2;T)"
409,0.0,2.7699244559177343,-0.1790022648392151,1000,100,"[50, 50, 50]","I(M1,M2;T)"
410,0.0,2.7883395016843973,-0.14954885534391016,1000,100,"[50, 50, 50]","I(M1,M2;T)"
411,0.0,2.7441578214590883,-0.20029230525179464,1000,100,"[50, 50, 50]","I(M1,M2;T)"
412,0.0,2.763931151944767,-0.17980399236875666,1000,100,"[50, 50, 50]","I(M1,M2;T)"
413,0.0,2.7460098889011,-0.19711079921555186,1000,100,"[50, 50, 50]","I(M1,M2;T)"
414,0.0,2.8055992714524614,-0.13325042308964408,1000,100,"[50, 50, 50]","I(M1,M2;T)"
415,0.0,2.722587627202484,-0.2203160411068592,1000,100,"[50, 50, 50]","I(M1,M2;T)"
416,0.0,2.73662325154548,-0.2078118527307189,1000,100,"[50, 50, 50]","I(M1,M2;T)"
417,0.0,2.6381696373141215,-0.3041465050362979,1000,100,"[50, 50, 50]","I(M1,M2;T)"
418,0.0,2.6220030918677946,-0.3201602261642007,1000,100,"[50, 50, 50]","I(M1,M2;T)"
419,0.0,2.72872944081681,-0.21356398468032678,1000,100,"[50, 50, 50]","I(M1,M2;T)"
420,0.0,2.7029583372429724,-0.2384208875841347,1000,100,"[50, 50, 50]","I(M1,M2;T)"
421,0.0,2.7551287695662037,-0.18936957173287716,1000,100,"[50, 50, 50]","I(M1,M2;T)"
422,0.0,2.7411236230192344,-0.20211136629345772,1000,100,"[50, 50, 50]","I(M1,M2;T)"
423,0.0,2.688671912476851,-0.2511509373804741,1000,100,"[50, 50, 50]","I(M1,M2;T)"
424,0.0,2.6191765670709475,-0.32769044612007736,1000,100,"[50, 50, 50]","I(M1,M2;T)"
425,0.0,2.715467005626455,-0.22476964118950793,1000,100,"[50, 50, 50]","I(M1,M2;T)"
426,0.0,2.742582834359305,-0.20638833544672996,1000,100,"[50, 50, 50]","I(M1,M2;T)"
427,0.0,2.6673124610052286,-0.2724828751201076,1000,100,"[50, 50, 50]","I(M1,M2;T)"
428,0.0,2.6982612108535964,-0.24423255551671152,1000,100,"[50, 50, 50]","I(M1,M2;T)"
429,0.0,2.6980350745261084,-0.2478896972315714,1000,100,"[50, 50, 50]","I(M1,M2;T)"
430,0.0,2.689537383732537,-0.2519505628751486,1000,100,"[50, 50, 50]","I(M1,M2;T)"
431,0.0,2.670284109117712,-0.27161402116051914,1000,100,"[50, 50, 50]","I(M1,M2;T)"
432,0.0,2.7311801838397507,-0.20747746877770012,1000,100,"[50, 50, 50]","I(M1,M2;T)"
433,0.0,2.7231638098693907,-0.2204874442693141,1000,100,"[50, 50, 50]","I(M1,M2;T)"
434,0.0,2.8229242365037757,-0.1175985143309437,1000,100,"[50, 50, 50]","I(M1,M2;T)"
435,0.0,2.674601223416672,-0.26795296395508617,1000,100,"[50, 50, 50]","I(M1,M2;T)"
436,0.0,2.6360582440916733,-0.30952378140464987,1000,100,"[50, 50, 50]","I(M1,M2;T)"
437,0.0,2.713351572334113,-0.2266345272885779,1000,100,"[50, 50, 50]","I(M1,M2;T)"
438,0.0,2.749211607847948,-0.18929346142668635,1000,100,"[50, 50, 50]","I(M1,M2;T)"
439,0.0,2.773063225497979,-0.1631896962933692,1000,100,"[50, 50, 50]","I(M1,M2;T)"
440,0.0,2.740436301489402,-0.1988077959770509,1000,100,"[50, 50, 50]","I(M1,M2;T)"
441,0.0,2.6761285569410105,-0.2648305657139032,1000,100,"[50, 50, 50]","I(M1,M2;T)"
442,0.0,2.764126506460833,-0.17678085517910258,1000,100,"[50, 50, 50]","I(M1,M2;T)"
443,0.0,2.7212183125058544,-0.22369635673041932,1000,100,"[50, 50, 50]","I(M1,M2;T)"
444,0.0,2.731445212414609,-0.21405620826183158,1000,100,"[50, 50, 50]","I(M1,M2;T)"
445,0.0,2.7700069548473114,-0.17393536687963707,1000,100,"[50, 50, 50]","I(M1,M2;T)"
446,0.0,2.7261897438371587,-0.21833259408009464,1000,100,"[50, 50, 50]","I(M1,M2;T)"
447,0.0,2.8043902907277727,-0.13240204364040098,1000,100,"[50, 50, 50]","I(M1,M2;T)"
448,0.0,2.7811046492840212,-0.16016510528039518,1000,100,"[50, 50, 50]","I(M1,M2;T)"
449,0.0,2.758056168473673,-0.18243341807332625,1000,100,"[50, 50, 50]","I(M1,M2;T)"
450,0.0,2.737151708496997,-0.20983899869531752,1000,100,"[50, 50, 50]","I(M1,M2;T)"
451,0.0,2.6956345573563407,-0.2394223062760572,1000,100,"[50, 50, 50]","I(M1,M2;T)"
452,0.0,2.7403354030766343,-0.20394123175695622,1000,100,"[50, 50, 50]","I(M1,M2;T)"
453,0.0,2.735948063590797,-0.21032287944931394,1000,100,"[50, 50, 50]","I(M1,M2;T)"
454,0.0,2.819031169445322,-0.12050679488675264,1000,100,"[50, 50, 50]","I(M1,M2;T)"
455,0.0,2.6964828616195975,-0.2479640981323663,1000,100,"[50, 50, 50]","I(M1,M2;T)"
456,0.0,2.709327218855974,-0.230964720404768,1000,100,"[50, 50, 50]","I(M1,M2;T)"
457,0.0,2.782664179903156,-0.15945051368353313,1000,100,"[50, 50, 50]","I(M1,M2;T)"
458,0.0,2.745099205082281,-0.19877244697155394,1000,100,"[50, 50, 50]","I(M1,M2;T)"
459,0.0,2.7861571397732545,-0.15800344493537422,1000,100,"[50, 50, 50]","I(M1,M2;T)"
460,0.0,2.674696707574233,-0.2660125380426437,1000,100,"[50, 50, 50]","I(M1,M2;T)"
461,0.0,2.808541267134883,-0.13372545491613552,1000,100,"[50, 50, 50]","I(M1,M2;T)"
462,0.0,2.65255087757268,-0.2878598575681668,1000,100,"[50, 50, 50]","I(M1,M2;T)"
463,0.0,2.6192996896398166,-0.3272632823196009,1000,100,"[50, 50, 50]","I(M1,M2;T)"
464,0.0,2.6739086294386327,-0.26572653808106494,1000,100,"[50, 50, 50]","I(M1,M2;T)"
465,0.0,2.681048156892385,-0.26102906808487303,1000,100,"[50, 50, 50]","I(M1,M2;T)"
466,0.0,2.7381446741577857,-0.2095990335703335,1000,100,"[50, 50, 50]","I(M1,M2;T)"
467,0.0,2.718705437223809,-0.22723778292572083,1000,100,"[50, 50, 50]","I(M1,M2;T)"
468,0.0,2.722707365450797,-0.21596931454466706,1000,100,"[50, 50, 50]","I(M1,M2;T)"
469,0.0,2.7342728296574372,-0.20571479464753795,1000,100,"[50, 50, 50]","I(M1,M2;T)"
470,0.0,2.602293913259233,-0.3376570147652358,1000,100,"[50, 50, 50]","I(M1,M2;T)"
471,0.0,2.721936722527505,-0.21787154151380506,1000,100,"[50, 50, 50]","I(M1,M2;T)"
472,0.0,2.717456482188026,-0.2217822194575132,1000,100,"[50, 50, 50]","I(M1,M2;T)"
473,0.0,2.7225930842556636,-0.22314557443212069,1000,100,"[50, 50, 50]","I(M1,M2;T)"
474,0.0,2.717876090136202,-0.2222997311697883,1000,100,"[50, 50, 50]","I(M1,M2;T)"
475,0.0,2.6845372832596026,-0.25666336864083483,1000,100,"[50, 50, 50]","I(M1,M2;T)"
476,0.0,2.757953095925145,-0.18348256200670354,1000,100,"[50, 50, 50]","I(M1,M2;T)"
477,0.0,2.7332949533807605,-0.21274552535214042,1000,100,"[50, 50, 50]","I(M1,M2;T)"
478,0.0,2.676297232808885,-0.25938205384640334,1000,100,"[50, 50, 50]","I(M1,M2;T)"
479,0.0,2.691085617395351,-0.25131126370120915,1000,100,"[50, 50, 50]","I(M1,M2;T)"
480,0.0,2.7185053464872997,-0.22911733506130938,1000,100,"[50, 50, 50]","I(M1,M2;T)"
481,0.0,2.7654916606181708,-0.18056779623793107,1000,100,"[50, 50, 50]","I(M1,M2;T)"
482,0.0,2.8277510550887976,-0.11289556484018748,1000,100,"[50, 50, 50]","I(M1,M2;T)"
483,0.0,2.57609052626536,-0.36564504371239437,1000,100,"[50, 50, 50]","I(M1,M2;T)"
484,0.0,2.8229987699122647,-0.11584696523023252,1000,100,"[50, 50, 50]","I(M1,M2;T)"
485,0.0,2.7200530158310876,-0.2267144097634599,1000,100,"[50, 50, 50]","I(M1,M2;T)"
486,0.0,2.7231792879284753,-0.21718036904531557,1000,100,"[50, 50, 50]","I(M1,M2;T)"
487,0.0,2.8291663713844506,-0.11001927962253832,1000,100,"[50, 50, 50]","I(M1,M2;T)"
488,0.0,2.6870792178180958,-0.2533272174610044,1000,100,"[50, 50, 50]","I(M1,M2;T)"
489,0.0,2.7772110232726286,-0.16172134167042973,1000,100,"[50, 50, 50]","I(M1,M2;T)"
490,0.0,2.7764195987178106,-0.16815146586014107,1000,100,"[50, 50, 50]","I(M1,M2;T)"
491,0.0,2.7065202426447197,-0.2408431984716124,1000,100,"[50, 50, 50]","I(M1,M2;T)"
492,0.0,2.6387869669441733,-0.3030150382244856,1000,100,"[50, 50, 50]","I(M1,M2;T)"
493,0.0,2.8458225729962474,-0.09463123940126916,1000,100,"[50, 50, 50]","I(M1,M2;T)"
494,0.0,2.7889314963742784,-0.15508572443047397,1000,100,"[50, 50, 50]","I(M1,M2;T)"
495,0.0,2.7107125096289515,-0.22790683726109728,1000,100,"[50, 50, 50]","I(M1,M2;T)"
496,0.0,2.6305825302904142,-0.31254829869790424,1000,100,"[50, 50, 50]","I(M1,M2;T)"
497,0.0,2.737052531066073,-0.2048185389857462,1000,100,"[50, 50, 50]","I(M1,M2;T)"
498,0.0,2.6731147705015417,-0.26940301722192883,1000,100,"[50, 50, 50]","I(M1,M2;T)"
499,0.0,2.882771875107764,-0.05741959799098417,1000,100,"[50, 50, 50]","I(M1,M2;T)"
500,0.0,2.806505717057738,-0.13536548677393645,1000,100,"[50, 50, 50]","I(M1,M2;T)"
501,0.0,2.7065349428733114,-0.23346560986670228,1000,100,"[50, 50, 50]","I(M1,M2;T)"
502,0.0,2.7163891184647477,-0.23035125215703367,1000,100,"[50, 50, 50]","I(M1,M2;T)"
503,0.0,2.681018618440351,-0.2638751458075026,1000,100,"[50, 50, 50]","I(M1,M2;T)"
504,0.0,2.701448623474257,-0.2364615859102468,1000,100,"[50, 50, 50]","I(M1,M2;T)"
505,0.0,2.827264733328562,-0.11527467409561831,1000,100,"[50, 50, 50]","I(M1,M2;T)"
506,0.0,2.7726757774852797,-0.1666916134663028,1000,100,"[50, 50, 50]","I(M1,M2;T)"
507,0.0,2.7232286776364756,-0.21948762231087793,1000,100,"[50, 50, 50]","I(M1,M2;T)"
508,0.0,2.697774585465095,-0.24250173835206468,1000,100,"[50, 50, 50]","I(M1,M2;T)"
509,0.0,2.726035518189816,-0.22024142984653539,1000,100,"[50, 50, 50]","I(M1,M2;T)"
510,0.0,2.7198185608343355,-0.2241216482359154,1000,100,"[50, 50, 50]","I(M1,M2;T)"
511,0.0,2.772899124196612,-0.1695353353288489,1000,100,"[50, 50, 50]","I(M1,M2;T)"
512,0.0,2.728294962502897,-0.21003623709912578,1000,100,"[50, 50, 50]","I(M1,M2;T)"
513,0.0,2.7353490998016996,-0.20833094311216893,1000,100,"[50, 50, 50]","I(M1,M2;T)"
514,0.0,2.689961013353302,-0.2497496788259661,1000,100,"[50, 50, 50]","I(M1,M2;T)"
515,0.0,2.687302766305946,-0.25548066416662607,1000,100,"[50, 50, 50]","I(M1,M2;T)"
516,0.0,2.6729176202482625,-0.2696615819848578,1000,100,"[50, 50, 50]","I(M1,M2;T)"
517,0.0,2.6736693798283175,-0.26520196393508755,1000,100,"[50, 50, 50]","I(M1,M2;T)"
518,0.0,2.640024234786896,-0.3025371400519554,1000,100,"[50, 50, 50]","I(M1,M2;T)"
519,0.0,2.6926136356923203,-0.25034253135571927,1000,100,"[50, 50, 50]","I(M1,M2;T)"
520,0.0,2.70580327518939,-0.2394324967105863,1000,100,"[50, 50, 50]","I(M1,M2;T)"
521,0.0,2.668552854878983,-0.2750171099344585,1000,100,"[50, 50, 50]","I(M1,M2;T)"
522,0.0,2.585595915007056,-0.3568300313993191,1000,100,"[50, 50, 50]","I(M1,M2;T)"
523,0.0,2.770591862124465,-0.16999892174052356,1000,100,"[50, 50, 50]","I(M1,M2;T)"
524,0.0,2.7154169084533057,-0.23280381616091272,1000,100,"[50, 50, 50]","I(M1,M2;T)"
525,0.0,2.6870719089078063,-0.2561677087645493,1000,100,"[50, 50, 50]","I(M1,M2;T)"
526,0.0,2.6788277803006775,-0.2587450181767723,1000,100,"[50, 50, 50]","I(M1,M2;T)"
527,0.0,2.737169333106649,-0.20542349005205862,1000,100,"[50, 50, 50]","I(M1,M2;T)"
528,0.0,2.708319160900864,-0.23278764200951807,1000,100,"[50, 50, 50]","I(M1,M2;T)"
529,0.0,2.6820640541413505,-0.26075843867053283,1000,100,"[50, 50, 50]","I(M1,M2;T)"
530,0.0,2.7600287638119445,-0.18607511758717354,1000,100,"[50, 50, 50]","I(M1,M2;T)"
531,0.0,2.6876185031392903,-0.25563614679715085,1000,100,"[50, 50, 50]","I(M1,M2;T)"
532,0.0,2.6437920291498167,-0.2982592113468381,1000,100,"[50, 50, 50]","I(M1,M2;T)"
533,0.0,2.734278220696452,-0.20988859805485083,1000,100,"[50, 50, 50]","I(M1,M2;T)"
534,0.0,2.706570354081297,-0.23535859589161845,1000,100,"[50, 50, 50]","I(M1,M2;T)"
535,0.0,2.6913598450076694,-0.2510129511010466,1000,100,"[50, 50, 50]","I(M1,M2;T)"
536,0.0,2.7322725247539,-0.20923973243872274,1000,100,"[50, 50, 50]","I(M1,M2;T)"
537,0.0,2.567876411149014,-0.3756083010110789,1000,100,"[50, 50, 50]","I(M1,M2;T)"
538,0.0,2.6930082303418326,-0.2522386584149148,1000,100,"[50, 50, 50]","I(M1,M2;T)"
539,0.0,2.6005229970723014,-0.3411417154231633,1000,100,"[50, 50, 50]","I(M1,M2;T)"
540,0.0,2.7280764795497885,-0.21323297983681,1000,100,"[50, 50, 50]","I(M1,M2;T)"
541,0.0,2.7447731874386188,-0.20073019786212098,1000,100,"[50, 50, 50]","I(M1,M2;T)"
542,0.0,2.732180660321868,-0.20998995170262535,1000,100,"[50, 50, 50]","I(M1,M2;T)"
543,0.0,2.75318748019051,-0.18840168763787668,1000,100,"[50, 50, 50]","I(M1,M2;T)"
544,0.0,2.6833323441896924,-0.26235943399957273,1000,100,"[50, 50, 50]","I(M1,M2;T)"
545,0.0,2.6935123186508534,-0.2552193197816095,1000,100,"[50, 50, 50]","I(M1,M2;T)"
546,0.0,2.6461804642709903,-0.3010820704649424,1000,100,"[50, 50, 50]","I(M1,M2;T)"
547,0.0,2.64429731156003,-0.3026736755436743,1000,100,"[50, 50, 50]","I(M1,M2;T)"
548,0.0,2.726210002848707,-0.21788855618741554,1000,100,"[50, 50, 50]","I(M1,M2;T)"
549,0.0,2.67051930006694,-0.27176078835585615,1000,100,"[50, 50, 50]","I(M1,M2;T)"
550,0.0,2.6687237772920804,-0.2760123025281218,1000,100,"[50, 50, 50]","I(M1,M2;T)"
551,0.0,2.7241751540873613,-0.21993469751694983,1000,100,"[50, 50, 50]","I(M1,M2;T)"
552,0.0,2.72712439001413,-0.2119616494546288,1000,100,"[50, 50, 50]","I(M1,M2;T)"
553,0.0,2.7923661628626597,-0.15615612561868053,1000,100,"[50, 50, 50]","I(M1,M2;T)"
554,0.0,2.7172647138313257,-0.22449433931813179,1000,100,"[50, 50, 50]","I(M1,M2;T)"
555,0.0,2.697080261502622,-0.24272977713602906,1000,100,"[50, 50, 50]","I(M1,M2;T)"
556,0.0,2.801370704517564,-0.14075962934707364,1000,100,"[50, 50, 50]","I(M1,M2;T)"
557,0.0,2.6683938987171745,-0.27407069013260177,1000,100,"[50, 50, 50]","I(M1,M2;T)"
558,0.0,2.659679318271262,-0.28566897311755657,1000,100,"[50, 50, 50]","I(M1,M2;T)"
559,0.0,2.703986084932141,-0.2370965076735163,1000,100,"[50, 50, 50]","I(M1,M2;T)"
560,0.0,2.663981389563515,-0.279056416485548,1000,100,"[50, 50, 50]","I(M1,M2;T)"
561,0.0,2.761156470545275,-0.18215790718025682,1000,100,"[50, 50, 50]","I(M1,M2;T)"
562,0.0,2.7823228220462832,-0.16134116959457856,1000,100,"[50, 50, 50]","I(M1,M2;T)"
563,0.0,2.727057691662841,-0.21826835285081536,1000,100,"[50, 50, 50]","I(M1,M2;T)"
564,0.0,2.6917707846083156,-0.2500743799596816,1000,100,"[50, 50, 50]","I(M1,M2;T)"
565,0.0,2.688740859917071,-0.25041572574549864,1000,100,"[50, 50, 50]","I(M1,M2;T)"
566,0.0,2.6686072469723987,-0.27676999231377897,1000,100,"[50, 50, 50]","I(M1,M2;T)"
567,0.0,2.6250748359467355,-0.3169980550267346,1000,100,"[50, 50, 50]","I(M1,M2;T)"
568,0.0,2.688364230865984,-0.25393156654740423,1000,100,"[50, 50, 50]","I(M1,M2;T)"
569,0.0,2.604391850416784,-0.33853239617849473,1000,100,"[50, 50, 50]","I(M1,M2;T)"
570,0.0,2.7266980485521115,-0.21339865361233246,1000,100,"[50, 50, 50]","I(M1,M2;T)"
571,0.0,2.775596921025465,-0.165035790665367,1000,100,"[50, 50, 50]","I(M1,M2;T)"
572,0.0,2.6639442533139643,-0.2775599053197628,1000,100,"[50, 50, 50]","I(M1,M2;T)"
573,0.0,2.6544088886506607,-0.2850020367400994,1000,100,"[50, 50, 50]","I(M1,M2;T)"
574,0.0,2.6478469864202787,-0.29019743116765584,1000,100,"[50, 50, 50]","I(M1,M2;T)"
575,0.0,2.7991793887319774,-0.14590721688193975,1000,100,"[50, 50, 50]","I(M1,M2;T)"
576,0.0,2.6979651215179654,-0.238505226702296,1000,100,"[50, 50, 50]","I(M1,M2;T)"
577,0.0,2.701735649725361,-0.24013842125207852,1000,100,"[50, 50, 50]","I(M1,M2;T)"
578,0.0,2.7318796072664453,-0.21172679975282938,1000,100,"[50, 50, 50]","I(M1,M2;T)"
579,0.0,2.7137173501850533,-0.2300103279905743,1000,100,"[50, 50, 50]","I(M1,M2;T)"
580,0.0,2.713946376011372,-0.23283671941010775,1000,100,"[50, 50, 50]","I(M1,M2;T)"
581,0.0,2.7112213662270603,-0.23212313086384118,1000,100,"[50, 50, 50]","I(M1,M2;T)"
582,0.0,2.705149517835356,-0.23509576334568605,1000,100,"[50, 50, 50]","I(M1,M2;T)"
583,0.0,2.652184964083125,-0.2920127595946318,1000,100,"[50, 50, 50]","I(M1,M2;T)"
584,0.0,2.69949956881247,-0.2427966028883355,1000,100,"[50, 50, 50]","I(M1,M2;T)"
585,0.0,2.6860386587936333,-0.2566988184941055,1000,100,"[50, 50, 50]","I(M1,M2;T)"
586,0.0,2.7630819768521127,-0.17873426926857583,1000,100,"[50, 50, 50]","I(M1,M2;T)"
587,0.0,2.7315862942676077,-0.2105690796148454,1000,100,"[50, 50, 50]","I(M1,M2;T)"
588,0.0,2.6963175864284015,-0.2474508572827454,1000,100,"[50, 50, 50]","I(M1,M2;T)"
589,0.0,2.792425270713446,-0.14861055736385742,1000,100,"[50, 50, 50]","I(M1,M2;T)"
590,0.0,2.7159516909969215,-0.22693931538787293,1000,100,"[50, 50, 50]","I(M1,M2;T)"
591,0.0,2.672403780407331,-0.26713806806128826,1000,100,"[50, 50, 50]","I(M1,M2;T)"
592,0.0,2.62761527283811,-0.31318046752976025,1000,100,"[50, 50, 50]","I(M1,M2;T)"
593,0.0,2.6973192417067704,-0.24319503896169659,1000,100,"[50, 50, 50]","I(M1,M2;T)"
594,0.0,2.7464143926710047,-0.19672155706804917,1000,100,"[50, 50, 50]","I(M1,M2;T)"
595,0.0,2.6831274681162514,-0.2602969573941052,1000,100,"[50, 50, 50]","I(M1,M2;T)"
596,0.0,2.7592692283657465,-0.18536162370483789,1000,100,"[50, 50, 50]","I(M1,M2;T)"
597,0.0,2.761745078763573,-0.18024389838834987,1000,100,"[50, 50, 50]","I(M1,M2;T)"
598,0.0,2.6468020177253,-0.2922216468335139,1000,100,"[50, 50, 50]","I(M1,M2;T)"
599,0.0,2.6462747755349283,-0.301735509362286,1000,100,"[50, 50, 50]","I(M1,M2;T)"
600,0.0,2.7517757995763885,-0.18956220803921475,1000,100,"[50, 50, 50]","I(M1,M2;T)"
601,0.0,2.653602079007438,-0.2888728702477996,1000,100,"[50, 50, 50]","I(M1,M2;T)"
602,0.0,2.7060508046486262,-0.23206227934042145,1000,100,"[50, 50, 50]","I(M1,M2;T)"
603,0.0,2.680340857181807,-0.2602366182585554,1000,100,"[50, 50, 50]","I(M1,M2;T)"
604,0.0,2.7158323012613,-0.22776859510040826,1000,100,"[50, 50, 50]","I(M1,M2;T)"
605,0.0,2.7283370675545355,-0.21331549739627897,1000,100,"[50, 50, 50]","I(M1,M2;T)"
606,0.0,2.696896360711659,-0.24580238236690377,1000,100,"[50, 50, 50]","I(M1,M2;T)"
607,0.0,2.603538763023332,-0.33927279897036877,1000,100,"[50, 50, 50]","I(M1,M2;T)"
608,0.0,2.784403302399027,-0.15865200990512962,1000,100,"[50, 50, 50]","I(M1,M2;T)"
609,0.0,2.671495544434604,-0.27421204261642496,1000,100,"[50, 50, 50]","I(M1,M2;T)"
610,0.0,2.706779779449315,-0.23569367419437226,1000,100,"[50, 50, 50]","I(M1,M2;T)"
611,0.0,2.6808642556067825,-0.2568591776207447,1000,100,"[50, 50, 50]","I(M1,M2;T)"
612,0.0,2.704150323043825,-0.23488378866017,1000,100,"[50, 50, 50]","I(M1,M2;T)"
613,0.0,2.7318016765898188,-0.20824750098723976,1000,100,"[50, 50, 50]","I(M1,M2;T)"
614,0.0,2.675940127837941,-0.2676541200952558,1000,100,"[50, 50, 50]","I(M1,M2;T)"
615,0.0,2.7208489110769274,-0.2209442479318029,1000,100,"[50, 50, 50]","I(M1,M2;T)"
616,0.0,2.6233787609768395,-0.31694331770114426,1000,100,"[50, 50, 50]","I(M1,M2;T)"
617,0.0,2.662849172913207,-0.2833727530090835,1000,100,"[50, 50, 50]","I(M1,M2;T)"
618,0.0,2.6896258274370872,-0.2562535852284822,1000,100,"[50, 50, 50]","I(M1,M2;T)"
619,0.0,2.7727335461046767,-0.16864533356075917,1000,100,"[50, 50, 50]","I(M1,M2;T)"
620,0.0,2.744403514933598,-0.1992300850755524,1000,100,"[50, 50, 50]","I(M1,M2;T)"
621,0.0,2.6898804015239026,-0.2537623003529075,1000,100,"[50, 50, 50]","I(M1,M2;T)"
622,0.0,2.6791192278973313,-0.26426944145113396,1000,100,"[50, 50, 50]","I(M1,M2;T)"
623,0.0,2.6650752416591836,-0.2778304473334563,1000,100,"[50, 50, 50]","I(M1,M2;T)"
624,0.0,2.683056067761244,-0.2578552439009729,1000,100,"[50, 50, 50]","I(M1,M2;T)"
625,0.0,2.6709396646030847,-0.2700456431234679,1000,100,"[50, 50, 50]","I(M1,M2;T)"
626,0.0,2.6855181754093733,-0.25967823654704647,1000,100,"[50, 50, 50]","I(M1,M2;T)"
627,0.0,2.693094239054049,-0.2472083835432124,1000,100,"[50, 50, 50]","I(M1,M2;T)"
628,0.0,2.7029999371817572,-0.23874876824915825,1000,100,"[50, 50, 50]","I(M1,M2;T)"
629,0.0,2.6895769093899253,-0.2507723101877861,1000,100,"[50, 50, 50]","I(M1,M2;T)"
630,0.0,2.7071519134330804,-0.23582758781728552,1000,100,"[50, 50, 50]","I(M1,M2;T)"
631,0.0,2.7457371201549665,-0.19692335668504635,1000,100,"[50, 50, 50]","I(M1,M2;T)"
632,0.0,2.702572671923903,-0.23743804297830629,1000,100,"[50, 50, 50]","I(M1,M2;T)"
633,0.0,2.6340407731233113,-0.31170433866757286,1000,100,"[50, 50, 50]","I(M1,M2;T)"
634,0.0,2.69973798812261,-0.23776078263420652,1000,100,"[50, 50, 50]","I(M1,M2;T)"
635,0.0,2.6292521614265922,-0.3098772050861234,1000,100,"[50, 50, 50]","I(M1,M2;T)"
636,0.0,2.5853845399604634,-0.35944385246104593,1000,100,"[50, 50, 50]","I(M1,M2;T)"
637,0.0,2.7240215409892246,-0.21580062019245583,1000,100,"[50, 50, 50]","I(M1,M2;T)"
638,0.0,2.6330656246243547,-0.30777463173199493,1000,100,"[50, 50, 50]","I(M1,M2;T)"
639,0.0,2.721259207810725,-0.22373498712215278,1000,100,"[50, 50, 50]","I(M1,M2;T)"
640,0.0,2.644995243908173,-0.29302182367411733,1000,100,"[50, 50, 50]","I(M1,M2;T)"
641,0.0,2.7030205033773065,-0.23830643650945538,1000,100,"[50, 50, 50]","I(M1,M2;T)"
642,0.0,2.747400667533775,-0.19738932891271066,1000,100,"[50, 50, 50]","I(M1,M2;T)"
643,0.0,2.682739324287144,-0.26085267866021944,1000,100,"[50, 50, 50]","I(M1,M2;T)"
644,0.0,2.7564283193102153,-0.18588469957314713,1000,100,"[50, 50, 50]","I(M1,M2;T)"
645,0.0,2.70904215449479,-0.23231042239906907,1000,100,"[50, 50, 50]","I(M1,M2;T)"
646,0.0,2.819924757556333,-0.12054450727890087,1000,100,"[50, 50, 50]","I(M1,M2;T)"
647,0.0,2.70961588448737,-0.23061896645713764,1000,100,"[50, 50, 50]","I(M1,M2;T)"
648,0.0,2.6636549597323547,-0.278916591720876,1000,100,"[50, 50, 50]","I(M1,M2;T)"
649,0.0,2.6877935523085186,-0.2637331063533588,1000,100,"[50, 50, 50]","I(M1,M2;T)"
650,0.0,2.605250209069663,-0.33002507234683787,1000,100,"[50, 50, 50]","I(M1,M2;T)"
651,0.0,2.755970465148498,-0.1875891423676599,1000,100,"[50, 50, 50]","I(M1,M2;T)"
652,0.0,2.687675754083697,-0.26172146710639055,1000,100,"[50, 50, 50]","I(M1,M2;T)"
653,0.0,2.599823319223842,-0.34287860657235836,1000,100,"[50, 50, 50]","I(M1,M2;T)"
654,0.0,2.800777899554229,-0.13950942876524408,1000,100,"[50, 50, 50]","I(M1,M2;T)"
655,0.0,2.683842281473904,-0.2597396725521244,1000,100,"[50, 50, 50]","I(M1,M2;T)"
656,0.0,2.6816637914694397,-0.25766499299351686,1000,100,"[50, 50, 50]","I(M1,M2;T)"
657,0.0,2.752959354374853,-0.1865160042200511,1000,100,"[50, 50, 50]","I(M1,M2;T)"
658,0.0,2.648871655710674,-0.29059080941197646,1000,100,"[50, 50, 50]","I(M1,M2;T)"
659,0.0,2.7885766624452537,-0.15476272795225166,1000,100,"[50, 50, 50]","I(M1,M2;T)"
660,0.0,2.6152568526929336,-0.32419273230142087,1000,100,"[50, 50, 50]","I(M1,M2;T)"
661,0.0,2.7491630413128654,-0.19792218340987144,1000,100,"[50, 50, 50]","I(M1,M2;T)"
662,0.0,2.6294816473506044,-0.3128352956111162,1000,100,"[50, 50, 50]","I(M1,M2;T)"
663,0.0,2.684660240074257,-0.258384988473106,1000,100,"[50, 50, 50]","I(M1,M2;T)"
664,0.0,2.6622835061535013,-0.2814783564895471,1000,100,"[50, 50, 50]","I(M1,M2;T)"
665,0.0,2.6599627966807167,-0.2837056552231161,1000,100,"[50, 50, 50]","I(M1,M2;T)"
666,0.0,2.7159413655124505,-0.22722301093144948,1000,100,"[50, 50, 50]","I(M1,M2;T)"
667,0.0,2.6598311175657563,-0.283431655041249,1000,100,"[50, 50, 50]","I(M1,M2;T)"
668,0.0,2.6517335036318386,-0.2894544982182117,1000,100,"[50, 50, 50]","I(M1,M2;T)"
669,0.0,2.7063932021484582,-0.2397783213776714,1000,100,"[50, 50, 50]","I(M1,M2;T)"
670,0.0,2.629215061165424,-0.3118137201237663,1000,100,"[50, 50, 50]","I(M1,M2;T)"
671,0.0,2.695457533814454,-0.2527927889930286,1000,100,"[50, 50, 50]","I(M1,M2;T)"
672,0.0,2.752895387307155,-0.1861805432381538,1000,100,"[50, 50, 50]","I(M1,M2;T)"
673,0.0,2.664458676255303,-0.2760847821985517,1000,100,"[50, 50, 50]","I(M1,M2;T)"
674,0.0,2.6844146820448036,-0.2563732555255145,1000,100,"[50, 50, 50]","I(M1,M2;T)"
675,0.0,2.70081714790257,-0.23845046754708799,1000,100,"[50, 50, 50]","I(M1,M2;T)"
676,0.0,2.6888208226562753,-0.2541848950105883,1000,100,"[50, 50, 50]","I(M1,M2;T)"
677,0.0,2.719185140888876,-0.22632206298653212,1000,100,"[50, 50, 50]","I(M1,M2;T)"
678,0.0,2.7347527340224635,-0.20702819609662182,1000,100,"[50, 50, 50]","I(M1,M2;T)"
679,0.0,2.800013642436218,-0.14396674588587066,1000,100,"[50, 50, 50]","I(M1,M2;T)"
680,0.0,2.7026682855425537,-0.2439164469567099,1000,100,"[50, 50, 50]","I(M1,M2;T)"
681,0.0,2.624499627316245,-0.3176629299184932,1000,100,"[50, 50, 50]","I(M1,M2;T)"
682,0.0,2.6747919994437974,-0.2730965694745091,1000,100,"[50, 50, 50]","I(M1,M2;T)"
683,0.0,2.735139097255547,-0.20863077975719335,1000,100,"[50, 50, 50]","I(M1,M2;T)"
684,0.0,2.7821375157082997,-0.15574216209575242,1000,100,"[50, 50, 50]","I(M1,M2;T)"
685,0.0,2.8017611081296847,-0.13537995107391332,1000,100,"[50, 50, 50]","I(M1,M2;T)"
686,0.0,2.74907624811339,-0.19356220663313417,1000,100,"[50, 50, 50]","I(M1,M2;T)"
687,0.0,2.7108879463381363,-0.23290324170744636,1000,100,"[50, 50, 50]","I(M1,M2;T)"
688,0.0,2.7608889440275037,-0.18208963996084382,1000,100,"[50, 50, 50]","I(M1,M2;T)"
689,0.0,2.6350005004411474,-0.30793988610070633,1000,100,"[50, 50, 50]","I(M1,M2;T)"
690,0.0,2.6542145479320696,-0.283031937363345,1000,100,"[50, 50, 50]","I(M1,M2;T)"
691,0.0,2.5796340678857836,-0.3605616183136968,1000,100,"[50, 50, 50]","I(M1,M2;T)"
692,0.0,2.7195289899423867,-0.2225794700554773,1000,100,"[50, 50, 50]","I(M1,M2;T)"
693,0.0,2.810265074464716,-0.1347848546410706,1000,100,"[50, 50, 50]","I(M1,M2;T)"
694,0.0,2.6604623847037328,-0.2798257503049797,1000,100,"[50, 50, 50]","I(M1,M2;T)"
695,0.0,2.6697205342498735,-0.2691668630473538,1000,100,"[50, 50, 50]","I(M1,M2;T)"
696,0.0,2.6806529601527607,-0.2640118578261377,1000,100,"[50, 50, 50]","I(M1,M2;T)"
697,0.0,2.7162481639351306,-0.2255385674321806,1000,100,"[50, 50, 50]","I(M1,M2;T)"
698,0.0,2.8107112345730902,-0.12945490382145142,1000,100,"[50, 50, 50]","I(M1,M2;T)"
699,0.0,2.7188783899255693,-0.21945450638213337,1000,100,"[50, 50, 50]","I(M1,M2;T)"
700,0.0,2.748880083488835,-0.19466639605401825,1000,100,"[50, 50, 50]","I(M1,M2;T)"
701,0.0,2.691070344825868,-0.2528959120176171,1000,100,"[50, 50, 50]","I(M1,M2;T)"
702,0.0,2.7464889361366147,-0.1968611919985057,1000,100,"[50, 50, 50]","I(M1,M2;T)"
703,0.0,2.6479726011986875,-0.287850842602833,1000,100,"[50, 50, 50]","I(M1,M2;T)"
704,0.0,2.709214757904217,-0.23611470464354722,1000,100,"[50, 50, 50]","I(M1,M2;T)"
705,0.0,2.703618412114115,-0.23656546945177492,1000,100,"[50, 50, 50]","I(M1,M2;T)"
706,0.0,2.813431734124731,-0.12563109918078919,1000,100,"[50, 50, 50]","I(M1,M2;T)"
707,0.0,2.7565475549366205,-0.18628806558992217,1000,100,"[50, 50, 50]","I(M1,M2;T)"
708,0.0,2.7631842806059694,-0.18123440005430203,1000,100,"[50, 50, 50]","I(M1,M2;T)"
709,0.0,2.634565552289339,-0.3067261557677212,1000,100,"[50, 50, 50]","I(M1,M2;T)"
710,0.0,2.710057033286046,-0.23926138757120263,1000,100,"[50, 50, 50]","I(M1,M2;T)"
711,0.0,2.684520212998126,-0.2558051118360858,1000,100,"[50, 50, 50]","I(M1,M2;T)"
712,0.0,2.691939828582269,-0.2542927921212539,1000,100,"[50, 50, 50]","I(M1,M2;T)"
713,0.0,2.7882886012465913,-0.14665293573556903,1000,100,"[50, 50, 50]","I(M1,M2;T)"
714,0.0,2.7029983353185703,-0.24015126350289595,1000,100,"[50, 50, 50]","I(M1,M2;T)"
715,0.0,2.691855704253462,-0.2523043835176195,1000,100,"[50, 50, 50]","I(M1,M2;T)"
716,0.0,2.7176612593394243,-0.2246790160189871,1000,100,"[50, 50, 50]","I(M1,M2;T)"
717,0.0,2.5890013537635106,-0.3580598884192443,1000,100,"[50, 50, 50]","I(M1,M2;T)"
718,0.0,2.669519848576625,-0.2706935992587134,1000,100,"[50, 50, 50]","I(M1,M2;T)"
719,0.0,2.628034777290859,-0.3138165606721932,1000,100,"[50, 50, 50]","I(M1,M2;T)"
720,0.0,2.722641788175844,-0.21439842791558528,1000,100,"[50, 50, 50]","I(M1,M2;T)"
721,0.0,2.688260207026252,-0.2581057608617936,1000,100,"[50, 50, 50]","I(M1,M2;T)"
722,0.0,2.7374667921052436,-0.20254353679376846,1000,100,"[50, 50, 50]","I(M1,M2;T)"
723,0.0,2.647603677257441,-0.29059532234559793,1000,100,"[50, 50, 50]","I(M1,M2;T)"
724,0.0,2.6446319785630705,-0.29807997907324024,1000,100,"[50, 50, 50]","I(M1,M2;T)"
725,0.0,2.5394734399572343,-0.40070925411884506,1000,100,"[50, 50, 50]","I(M1,M2;T)"
726,0.0,2.617360828629964,-0.32279392146531416,1000,100,"[50, 50, 50]","I(M1,M2;T)"
727,0.0,2.720570807649906,-0.22009726388132167,1000,100,"[50, 50, 50]","I(M1,M2;T)"
728,0.0,2.66080112174051,-0.2810016594291245,1000,100,"[50, 50, 50]","I(M1,M2;T)"
729,0.0,2.649471969014833,-0.2958312666787948,1000,100,"[50, 50, 50]","I(M1,M2;T)"
730,0.0,2.6886829395357017,-0.2499328024990608,1000,100,"[50, 50, 50]","I(M1,M2;T)"
731,0.0,2.6794887738866473,-0.266808606838409,1000,100,"[50, 50, 50]","I(M1,M2;T)"
732,0.0,2.681635113713083,-0.2584849209833635,1000,100,"[50, 50, 50]","I(M1,M2;T)"
733,0.0,2.7177000523753545,-0.22862357709195757,1000,100,"[50, 50, 50]","I(M1,M2;T)"
734,0.0,2.6822396766617715,-0.25647256816297803,1000,100,"[50, 50, 50]","I(M1,M2;T)"
735,0.0,2.772545380999274,-0.17329449060373125,1000,100,"[50, 50, 50]","I(M1,M2;T)"
736,0.0,2.7385187751137963,-0.21182790959524578,1000,100,"[50, 50, 50]","I(M1,M2;T)"
737,0.0,2.592458812624124,-0.353604043578422,1000,100,"[50, 50, 50]","I(M1,M2;T)"
738,0.0,2.6949382710772087,-0.2451649573296697,1000,100,"[50, 50, 50]","I(M1,M2;T)"
739,0.0,2.8567796302654704,-0.08876899644385672,1000,100,"[50, 50, 50]","I(M1,M2;T)"
740,0.0,2.7293012389365794,-0.2149123359741556,1000,100,"[50, 50, 50]","I(M1,M2;T)"
741,0.0,2.699352647032689,-0.24174268142787092,1000,100,"[50, 50, 50]","I(M1,M2;T)"
742,0.0,2.749821029426776,-0.191770564166176,1000,100,"[50, 50, 50]","I(M1,M2;T)"
743,0.0,2.8481377600237328,-0.10023356879781486,1000,100,"[50, 50, 50]","I(M1,M2;T)"
744,0.0,2.6743642228823594,-0.2708859885895669,1000,100,"[50, 50, 50]","I(M1,M2;T)"
745,0.0,2.6693771541326843,-0.27384441231312984,1000,100,"[50, 50, 50]","I(M1,M2;T)"
746,0.0,2.6669781223087163,-0.2703573993845807,1000,100,"[50, 50, 50]","I(M1,M2;T)"
747,0.0,2.62371465490469,-0.317554131256073,1000,100,"[50, 50, 50]","I(M1,M2;T)"
748,0.0,2.757768830195301,-0.18808592108803612,1000,100,"[50, 50, 50]","I(M1,M2;T)"
749,0.0,2.695833085701626,-0.24387635939520047,1000,100,"[50, 50, 50]","I(M1,M2;T)"
750,0.0,2.7391521625005764,-0.1987097788742025,1000,100,"[50, 50, 50]","I(M1,M2;T)"
751,0.0,2.7728384955585508,-0.1719748962187917,1000,100,"[50, 50, 50]","I(M1,M2;T)"
752,0.0,2.6684176723189337,-0.27740355799576655,1000,100,"[50, 50, 50]","I(M1,M2;T)"
753,0.0,2.7204054582117743,-0.22229171539009984,1000,100,"[50, 50, 50]","I(M1,M2;T)"
754,0.0,2.8038177794662786,-0.13848988444568144,1000,100,"[50, 50, 50]","I(M1,M2;T)"
755,0.0,2.753869693770379,-0.19023738128050116,1000,100,"[50, 50, 50]","I(M1,M2;T)"
756,0.0,2.652465529731098,-0.288457559902525,1000,100,"[50, 50, 50]","I(M1,M2;T)"
757,0.0,2.5953173464063832,-0.35197623360313735,1000,100,"[50, 50, 50]","I(M1,M2;T)"
758,0.0,2.7414225494625786,-0.20120942266424846,1000,100,"[50, 50, 50]","I(M1,M2;T)"
759,0.0,2.7025847407614516,-0.23924835097129016,1000,100,"[50, 50, 50]","I(M1,M2;T)"
760,0.0,2.6336087519027753,-0.3072620756621829,1000,100,"[50, 50, 50]","I(M1,M2;T)"
761,0.0,2.7095828555600163,-0.22835262885975638,1000,100,"[50, 50, 50]","I(M1,M2;T)"
762,0.0,2.686864326234299,-0.2534857087973048,1000,100,"[50, 50, 50]","I(M1,M2;T)"
763,0.0,2.6651139584250547,-0.27891358296135493,1000,100,"[50, 50, 50]","I(M1,M2;T)"
764,0.0,2.6360067396756754,-0.30244281448115196,1000,100,"[50, 50, 50]","I(M1,M2;T)"
765,0.0,2.677378574536277,-0.2683691594408315,1000,100,"[50, 50, 50]","I(M1,M2;T)"
766,0.0,2.600456954178984,-0.33781724147080405,1000,100,"[50, 50, 50]","I(M1,M2;T)"
767,0.0,2.7153989644448524,-0.2223364015436382,1000,100,"[50, 50, 50]","I(M1,M2;T)"
768,0.0,2.8432289400086344,-0.09595191124793345,1000,100,"[50, 50, 50]","I(M1,M2;T)"
769,0.0,2.6284426134379886,-0.3124441755760361,1000,100,"[50, 50, 50]","I(M1,M2;T)"
770,0.0,2.6499034086328077,-0.2915913010399578,1000,100,"[50, 50, 50]","I(M1,M2;T)"
771,0.0,2.688995244474864,-0.2529179640898662,1000,100,"[50, 50, 50]","I(M1,M2;T)"
772,0.0,2.6442456346797374,-0.3000235934377846,1000,100,"[50, 50, 50]","I(M1,M2;T)"
773,0.0,2.6456606343132836,-0.2979612250101713,1000,100,"[50, 50, 50]","I(M1,M2;T)"
774,0.0,2.716248979922024,-0.2271811868011695,1000,100,"[50, 50, 50]","I(M1,M2;T)"
775,0.0,2.8321428459988898,-0.10878588700252623,1000,100,"[50, 50, 50]","I(M1,M2;T)"
776,0.0,2.7697821983283752,-0.1741616930509453,1000,100,"[50, 50, 50]","I(M1,M2;T)"
777,0.0,2.803638824985064,-0.13785647326724648,1000,100,"[50, 50, 50]","I(M1,M2;T)"
778,0.0,2.708368998145776,-0.23631769918290635,1000,100,"[50, 50, 50]","I(M1,M2;T)"
779,0.0,2.73221413134229,-0.212816062499118,1000,100,"[50, 50, 50]","I(M1,M2;T)"
780,0.0,2.7253107857234413,-0.21442000135579864,1000,100,"[50, 50, 50]","I(M1,M2;T)"
781,0.0,2.705378792570367,-0.2350102886030645,1000,100,"[50, 50, 50]","I(M1,M2;T)"
782,0.0,2.6403860710585576,-0.3007880256823685,1000,100,"[50, 50, 50]","I(M1,M2;T)"
783,0.0,2.690191423295312,-0.2541938241311379,1000,100,"[50, 50, 50]","I(M1,M2;T)"
784,0.0,2.712530696793438,-0.23049844899364924,1000,100,"[50, 50, 50]","I(M1,M2;T)"
785,0.0,2.757097699979937,-0.18606288170416452,1000,100,"[50, 50, 50]","I(M1,M2;T)"
786,0.0,2.7700296070643207,-0.1691214529765328,1000,100,"[50, 50, 50]","I(M1,M2;T)"
787,0.0,2.7191131261059485,-0.22353848208265914,1000,100,"[50, 50, 50]","I(M1,M2;T)"
788,0.0,2.7320783387489094,-0.21130963794485824,1000,100,"[50, 50, 50]","I(M1,M2;T)"
789,0.0,2.7096792084614414,-0.23418261940748009,1000,100,"[50, 50, 50]","I(M1,M2;T)"
790,0.0,2.7365033975314255,-0.20487165711805844,1000,100,"[50, 50, 50]","I(M1,M2;T)"
791,0.0,2.7068322871220265,-0.23775979231217237,1000,100,"[50, 50, 50]","I(M1,M2;T)"
792,0.0,2.5835507921372107,-0.3536720332063421,1000,100,"[50, 50, 50]","I(M1,M2;T)"
793,0.0,2.6773263434960946,-0.2617288026524105,1000,100,"[50, 50, 50]","I(M1,M2;T)"
794,0.0,2.7901831258778635,-0.1495128965881043,1000,100,"[50, 50, 50]","I(M1,M2;T)"
795,0.0,2.5998882158753878,-0.3419710335685111,1000,100,"[50, 50, 50]","I(M1,M2;T)"
796,0.0,2.735492436120272,-0.20638975999218,1000,100,"[50, 50, 50]","I(M1,M2;T)"
797,0.0,2.703079337547533,-0.23999746610858175,1000,100,"[50, 50, 50]","I(M1,M2;T)"
798,0.0,2.647343258384857,-0.29831248672854915,1000,100,"[50, 50, 50]","I(M1,M2;T)"
799,0.0,2.6340722751970898,-0.30713006640742035,1000,100,"[50, 50, 50]","I(M1,M2;T)"
800,0.0,2.670059839593526,-0.27092541700070827,1000,100,"[50, 50, 50]","I(M1,M2;T)"
801,0.0,2.7302246420991008,-0.21036134301899212,1000,100,"[50, 50, 50]","I(M1,M2;T)"
802,0.0,2.6533651500985505,-0.28893143320909953,1000,100,"[50, 50, 50]","I(M1,M2;T)"
803,0.0,2.6780934869107114,-0.2663575925830801,1000,100,"[50, 50, 50]","I(M1,M2;T)"
804,0.0,2.8227924961227284,-0.12062910460198673,1000,100,"[50, 50, 50]","I(M1,M2;T)"
805,0.0,2.763708601643894,-0.17742843538288655,1000,100,"[50, 50, 50]","I(M1,M2;T)"
806,0.0,2.828845448037593,-0.1117368743690097,1000,100,"[50, 50, 50]","I(M1,M2;T)"
807,0.0,2.711177935003831,-0.23440786639471112,1000,100,"[50, 50, 50]","I(M1,M2;T)"
808,0.0,2.8165580371647083,-0.11761693287827057,1000,100,"[50, 50, 50]","I(M1,M2;T)"
809,0.0,2.6793685281827226,-0.26103051803738486,1000,100,"[50, 50, 50]","I(M1,M2;T)"
810,0.0,2.719382481416664,-0.22659427458579673,1000,100,"[50, 50, 50]","I(M1,M2;T)"
811,0.0,2.7133072618148164,-0.2256582891567911,1000,100,"[50, 50, 50]","I(M1,M2;T)"
812,0.0,2.581913418313507,-0.3629635915938474,1000,100,"[50, 50, 50]","I(M1,M2;T)"
813,0.0,2.6534524603326544,-0.28918050536714457,1000,100,"[50, 50, 50]","I(M1,M2;T)"
814,0.0,2.6477124337720888,-0.29757534264591934,1000,100,"[50, 50, 50]","I(M1,M2;T)"
815,0.0,2.6714313512381436,-0.2689333855871827,1000,100,"[50, 50, 50]","I(M1,M2;T)"
816,0.0,2.780836801472006,-0.1601412913817195,1000,100,"[50, 50, 50]","I(M1,M2;T)"
817,0.0,2.8252213914634074,-0.11533237192695944,1000,100,"[50, 50, 50]","I(M1,M2;T)"
818,0.0,2.691028948241707,-0.25187240684252865,1000,100,"[50, 50, 50]","I(M1,M2;T)"
819,0.0,2.6807840707366304,-0.2637403619570913,1000,100,"[50, 50, 50]","I(M1,M2;T)"
820,0.0,2.720711100518444,-0.21887019707128097,1000,100,"[50, 50, 50]","I(M1,M2;T)"
821,0.0,2.724721401352854,-0.21803918112804377,1000,100,"[50, 50, 50]","I(M1,M2;T)"
822,0.0,2.697760994334195,-0.24108262490012944,1000,100,"[50, 50, 50]","I(M1,M2;T)"
823,0.0,2.703241297081809,-0.23898513847991687,1000,100,"[50, 50, 50]","I(M1,M2;T)"
824,0.0,2.7224667260027324,-0.22076524626360694,1000,100,"[50, 50, 50]","I(M1,M2;T)"
825,0.0,2.7551438182710744,-0.1853637754099089,1000,100,"[50, 50, 50]","I(M1,M2;T)"
826,0.0,2.6522709403000437,-0.2911364512509418,1000,100,"[50, 50, 50]","I(M1,M2;T)"
827,0.0,2.7694712356131452,-0.17051642346650908,1000,100,"[50, 50, 50]","I(M1,M2;T)"
828,0.0,2.779805552845829,-0.16442318854006954,1000,100,"[50, 50, 50]","I(M1,M2;T)"
829,0.0,2.7254744058184994,-0.21370523224567783,1000,100,"[50, 50, 50]","I(M1,M2;T)"
830,0.0,2.751323631429042,-0.18661184828276856,1000,100,"[50, 50, 50]","I(M1,M2;T)"
831,0.0,2.6586163556612012,-0.280359866005258,1000,100,"[50, 50, 50]","I(M1,M2;T)"
832,0.0,2.7365889258484533,-0.20608650960656227,1000,100,"[50, 50, 50]","I(M1,M2;T)"
833,0.0,2.7541758934275817,-0.1902538270864209,1000,100,"[50, 50, 50]","I(M1,M2;T)"
834,0.0,2.7109999612790796,-0.2279338586114612,1000,100,"[50, 50, 50]","I(M1,M2;T)"
835,0.0,2.694873869325506,-0.2461313695414007,1000,100,"[50, 50, 50]","I(M1,M2;T)"
836,0.0,2.6708812123864796,-0.27179271339654054,1000,100,"[50, 50, 50]","I(M1,M2;T)"
837,0.0,2.771033399808069,-0.16967420821706547,1000,100,"[50, 50, 50]","I(M1,M2;T)"
838,0.0,2.6926873383142094,-0.24950945198749785,1000,100,"[50, 50, 50]","I(M1,M2;T)"
839,0.0,2.6171903323224663,-0.3251533962342523,1000,100,"[50, 50, 50]","I(M1,M2;T)"
840,0.0,2.672208434301009,-0.2690249970760257,1000,100,"[50, 50, 50]","I(M1,M2;T)"
841,0.0,2.7854207120304713,-0.15254350761383728,1000,100,"[50, 50, 50]","I(M1,M2;T)"
842,0.0,2.7491578561865255,-0.1901783295986621,1000,100,"[50, 50, 50]","I(M1,M2;T)"
843,0.0,2.6893890818841406,-0.25362060244258355,1000,100,"[50, 50, 50]","I(M1,M2;T)"
844,0.0,2.699862770836332,-0.2424801931397238,1000,100,"[50, 50, 50]","I(M1,M2;T)"
845,0.0,2.725782256776352,-0.21621075899600095,1000,100,"[50, 50, 50]","I(M1,M2;T)"
846,0.0,2.7907617252625037,-0.1562660494312591,1000,100,"[50, 50, 50]","I(M1,M2;T)"
847,0.0,2.6551794856337922,-0.28949906564866446,1000,100,"[50, 50, 50]","I(M1,M2;T)"
848,0.0,2.7016626006982287,-0.24061412222824563,1000,100,"[50, 50, 50]","I(M1,M2;T)"
849,0.0,2.6744264095136376,-0.27290515796913395,1000,100,"[50, 50, 50]","I(M1,M2;T)"
850,0.0,2.737360836511609,-0.2079078754689343,1000,100,"[50, 50, 50]","I(M1,M2;T)"
851,0.0,2.682220900781828,-0.26253746535802414,1000,100,"[50, 50, 50]","I(M1,M2;T)"
852,0.0,2.6296003348032224,-0.31124317886170605,1000,100,"[50, 50, 50]","I(M1,M2;T)"
853,0.0,2.7402064240981225,-0.2015647604672668,1000,100,"[50, 50, 50]","I(M1,M2;T)"
854,0.0,2.698364913051268,-0.2407367826067719,1000,100,"[50, 50, 50]","I(M1,M2;T)"
855,0.0,2.743584026065763,-0.1988741286090323,1000,100,"[50, 50, 50]","I(M1,M2;T)"
856,0.0,2.6935504508129102,-0.25040379075383745,1000,100,"[50, 50, 50]","I(M1,M2;T)"
857,0.0,2.6579668465647757,-0.2834091487618724,1000,100,"[50, 50, 50]","I(M1,M2;T)"
858,0.0,2.7612426160792296,-0.18248262342708355,1000,100,"[50, 50, 50]","I(M1,M2;T)"
859,0.0,2.7137852493250474,-0.22547580067681317,1000,100,"[50, 50, 50]","I(M1,M2;T)"
860,0.0,2.692085737722471,-0.2574389382277422,1000,100,"[50, 50, 50]","I(M1,M2;T)"
861,0.0,2.653737575102406,-0.2823460666586408,1000,100,"[50, 50, 50]","I(M1,M2;T)"
862,0.0,2.6735801690792727,-0.2652848171967599,1000,100,"[50, 50, 50]","I(M1,M2;T)"
863,0.0,2.6367861562686246,-0.3036102889324548,1000,100,"[50, 50, 50]","I(M1,M2;T)"
864,0.0,2.7976045143415686,-0.14411255501488274,1000,100,"[50, 50, 50]","I(M1,M2;T)"
865,0.0,2.681502129607182,-0.2562233620844605,1000,100,"[50, 50, 50]","I(M1,M2;T)"
866,0.0,2.6890378713649823,-0.25267827580055346,1000,100,"[50, 50, 50]","I(M1,M2;T)"
867,0.0,2.6727619184869043,-0.2693511849873871,1000,100,"[50, 50, 50]","I(M1,M2;T)"
868,0.0,2.6937614974820314,-0.24583652456203886,1000,100,"[50, 50, 50]","I(M1,M2;T)"
869,0.0,2.752595154873367,-0.1891263059198387,1000,100,"[50, 50, 50]","I(M1,M2;T)"
870,0.0,2.8257252085332425,-0.1150901249892704,1000,100,"[50, 50, 50]","I(M1,M2;T)"
871,0.0,2.7163170524264237,-0.22445219730834332,1000,100,"[50, 50, 50]","I(M1,M2;T)"
872,0.0,2.7042821968378856,-0.23452518019159374,1000,100,"[50, 50, 50]","I(M1,M2;T)"
873,0.0,2.7990378364527864,-0.14133398185503232,1000,100,"[50, 50, 50]","I(M1,M2;T)"
874,0.0,2.729378382349048,-0.21445104870848786,1000,100,"[50, 50, 50]","I(M1,M2;T)"
875,0.0,2.757548458583895,-0.18447631450580948,1000,100,"[50, 50, 50]","I(M1,M2;T)"
876,0.0,2.6705561128498503,-0.275614192305663,1000,100,"[50, 50, 50]","I(M1,M2;T)"
877,0.0,2.776490132498213,-0.1671837145113777,1000,100,"[50, 50, 50]","I(M1,M2;T)"
878,0.0,2.6361097020958324,-0.30619336217183823,1000,100,"[50, 50, 50]","I(M1,M2;T)"
879,0.0,2.7876577428260516,-0.15601247135243534,1000,100,"[50, 50, 50]","I(M1,M2;T)"
880,0.0,2.647273101977378,-0.2961240517224488,1000,100,"[50, 50, 50]","I(M1,M2;T)"
881,0.0,2.683751657169183,-0.2607985953320586,1000,100,"[50, 50, 50]","I(M1,M2;T)"
882,0.0,2.6927379006093703,-0.2530110809142321,1000,100,"[50, 50, 50]","I(M1,M2;T)"
883,0.0,2.660534385436263,-0.2800969181883972,1000,100,"[50, 50, 50]","I(M1,M2;T)"
884,0.0,2.7026790179652442,-0.24143703665497585,1000,100,"[50, 50, 50]","I(M1,M2;T)"
885,0.0,2.6840559752020106,-0.26147660157367447,1000,100,"[50, 50, 50]","I(M1,M2;T)"
886,0.0,2.714070672889469,-0.22999024831189674,1000,100,"[50, 50, 50]","I(M1,M2;T)"
887,0.0,2.7638196779406217,-0.17721752501819843,1000,100,"[50, 50, 50]","I(M1,M2;T)"
888,0.0,2.7034803830760206,-0.23864389090238447,1000,100,"[50, 50, 50]","I(M1,M2;T)"
889,0.0,2.6015790305368003,-0.3388836851111172,1000,100,"[50, 50, 50]","I(M1,M2;T)"
890,0.0,2.715057659628959,-0.2307382077186788,1000,100,"[50, 50, 50]","I(M1,M2;T)"
891,0.0,2.80884185278412,-0.1325020686466729,1000,100,"[50, 50, 50]","I(M1,M2;T)"
892,0.0,2.730444273748229,-0.20859725164549214,1000,100,"[50, 50, 50]","I(M1,M2;T)"
893,0.0,2.7427255389570604,-0.20559732342294712,1000,100,"[50, 50, 50]","I(M1,M2;T)"
894,0.0,2.632987842834538,-0.3123895172229325,1000,100,"[50, 50, 50]","I(M1,M2;T)"
895,0.0,2.7850717386903456,-0.1579356154329723,1000,100,"[50, 50, 50]","I(M1,M2;T)"
896,0.0,2.764517693861857,-0.17588022393002767,1000,100,"[50, 50, 50]","I(M1,M2;T)"
897,0.0,2.7529578278877995,-0.18872482354097198,1000,100,"[50, 50, 50]","I(M1,M2;T)"
898,0.0,2.728951450360454,-0.20850801958626386,1000,100,"[50, 50, 50]","I(M1,M2;T)"
899,0.0,2.6626264752349127,-0.2872548556797505,1000,100,"[50, 50, 50]","I(M1,M2;T)"
900,0.0,2.68800784375842,-0.25304404991275486,1000,100,"[50, 50, 50]","I(M1,M2;T)"
901,0.0,2.676391190719885,-0.2683242645386468,1000,100,"[50, 50, 50]","I(M1,M2;T)"
902,0.0,2.708637768302837,-0.22949042338416348,1000,100,"[50, 50, 50]","I(M1,M2;T)"
903,0.0,2.6429992917001366,-0.2972572793659283,1000,100,"[50, 50, 50]","I(M1,M2;T)"
904,0.0,2.7004311349933356,-0.24364069224330898,1000,100,"[50, 50, 50]","I(M1,M2;T)"
905,0.0,2.701268840671129,-0.2373597564202128,1000,100,"[50, 50, 50]","I(M1,M2;T)"
906,0.0,2.618552211824193,-0.32675120191974916,1000,100,"[50, 50, 50]","I(M1,M2;T)"
907,0.0,2.6418396852247406,-0.2994976823609057,1000,100,"[50, 50, 50]","I(M1,M2;T)"
908,0.0,2.73842690103949,-0.2033012940390928,1000,100,"[50, 50, 50]","I(M1,M2;T)"
909,0.0,2.685174238376021,-0.256882620431794,1000,100,"[50, 50, 50]","I(M1,M2;T)"
910,0.0,2.725692160585073,-0.21985106343793204,1000,100,"[50, 50, 50]","I(M1,M2;T)"
911,0.0,2.7623033637563026,-0.1798784261075328,1000,100,"[50, 50, 50]","I(M1,M2;T)"
912,0.0,2.760480365078231,-0.18156804337607912,1000,100,"[50, 50, 50]","I(M1,M2;T)"
913,0.0,2.6686126746318632,-0.26982009339019397,1000,100,"[50, 50, 50]","I(M1,M2;T)"
914,0.0,2.650207379669952,-0.2933309287673813,1000,100,"[50, 50, 50]","I(M1,M2;T)"
915,0.0,2.684924056732024,-0.2611386724305236,1000,100,"[50, 50, 50]","I(M1,M2;T)"
916,0.0,2.7550510129477708,-0.19073999432346955,1000,100,"[50, 50, 50]","I(M1,M2;T)"
917,0.0,2.6777063808492945,-0.2589749097622933,1000,100,"[50, 50, 50]","I(M1,M2;T)"
918,0.0,2.698770894400608,-0.23920064973369515,1000,100,"[50, 50, 50]","I(M1,M2;T)"
919,0.0,2.6128468082639014,-0.3287823586555887,1000,100,"[50, 50, 50]","I(M1,M2;T)"
920,0.0,2.743402482794312,-0.19788841041798033,1000,100,"[50, 50, 50]","I(M1,M2;T)"
921,0.0,2.6741412470669603,-0.2673804694794546,1000,100,"[50, 50, 50]","I(M1,M2;T)"
922,0.0,2.747139182050079,-0.19523067923614024,1000,100,"[50, 50, 50]","I(M1,M2;T)"
923,0.0,2.7159176792466324,-0.2312094080586089,1000,100,"[50, 50, 50]","I(M1,M2;T)"
924,0.0,2.7654119811338136,-0.17831647915976845,1000,100,"[50, 50, 50]","I(M1,M2;T)"
925,0.0,2.7372354936955126,-0.20241850399262562,1000,100,"[50, 50, 50]","I(M1,M2;T)"
926,0.0,2.754898622952938,-0.18573374043876445,1000,100,"[50, 50, 50]","I(M1,M2;T)"
927,0.0,2.7578464636479016,-0.1910029887524627,1000,100,"[50, 50, 50]","I(M1,M2;T)"
928,0.0,2.6208049635735495,-0.3261445662297344,1000,100,"[50, 50, 50]","I(M1,M2;T)"
929,0.0,2.626473468815091,-0.3138189262501969,1000,100,"[50, 50, 50]","I(M1,M2;T)"
930,0.0,2.6122184190635482,-0.33071410464137196,1000,100,"[50, 50, 50]","I(M1,M2;T)"
931,0.0,2.61817156758438,-0.32111182550107964,1000,100,"[50, 50, 50]","I(M1,M2;T)"
932,0.0,2.6983930913272838,-0.2446169847083577,1000,100,"[50, 50, 50]","I(M1,M2;T)"
933,0.0,2.6064822902588394,-0.3359491550210003,1000,100,"[50, 50, 50]","I(M1,M2;T)"
934,0.0,2.6705101957540816,-0.27586096666598836,1000,100,"[50, 50, 50]","I(M1,M2;T)"
935,0.0,2.6902804190079936,-0.2541195465192425,1000,100,"[50, 50, 50]","I(M1,M2;T)"
936,0.0,2.710541456895901,-0.23088123283522188,1000,100,"[50, 50, 50]","I(M1,M2;T)"
937,0.0,2.734921670444163,-0.20689859177486758,1000,100,"[50, 50, 50]","I(M1,M2;T)"
938,0.0,2.6996552363917248,-0.2422814889450593,1000,100,"[50, 50, 50]","I(M1,M2;T)"
939,0.0,2.7179706898196354,-0.22360769761155241,1000,100,"[50, 50, 50]","I(M1,M2;T)"
940,0.0,2.7546341771708436,-0.18377948844216307,1000,100,"[50, 50, 50]","I(M1,M2;T)"
941,0.0,2.7623046722639324,-0.1748714282907784,1000,100,"[50, 50, 50]","I(M1,M2;T)"
942,0.0,2.7161429628521723,-0.22798681810016674,1000,100,"[50, 50, 50]","I(M1,M2;T)"
943,0.0,2.70351935937658,-0.23901959925309058,1000,100,"[50, 50, 50]","I(M1,M2;T)"
944,0.0,2.6454400297947003,-0.2904888942770225,1000,100,"[50, 50, 50]","I(M1,M2;T)"
945,0.0,2.6745249736729746,-0.2691817453229812,1000,100,"[50, 50, 50]","I(M1,M2;T)"
946,0.0,2.673577578551531,-0.2658193628801704,1000,100,"[50, 50, 50]","I(M1,M2;T)"
947,0.0,2.687955110692304,-0.25467592069303047,1000,100,"[50, 50, 50]","I(M1,M2;T)"
948,0.0,2.6746449432408776,-0.2698170843532921,1000,100,"[50, 50, 50]","I(M1,M2;T)"
949,0.0,2.699689624280809,-0.24422507259258275,1000,100,"[50, 50, 50]","I(M1,M2;T)"
950,0.0,2.6712316709850557,-0.27690148786472335,1000,100,"[50, 50, 50]","I(M1,M2;T)"
951,0.0,2.6688765941352757,-0.2715869650838747,1000,100,"[50, 50, 50]","I(M1,M2;T)"
952,0.0,2.6595990438556023,-0.27792970512754334,1000,100,"[50, 50, 50]","I(M1,M2;T)"
953,0.0,2.633465063998324,-0.3121738908521938,1000,100,"[50, 50, 50]","I(M1,M2;T)"
954,0.0,2.7053368339055304,-0.23250684067376826,1000,100,"[50, 50, 50]","I(M1,M2;T)"
955,0.0,2.7536977950597055,-0.19111329683338196,1000,100,"[50, 50, 50]","I(M1,M2;T)"
956,0.0,2.628623755872715,-0.31271167854218396,1000,100,"[50, 50, 50]","I(M1,M2;T)"
957,0.0,2.6996676073455728,-0.2478637708429159,1000,100,"[50, 50, 50]","I(M1,M2;T)"
958,0.0,2.6865483786265174,-0.25751583148826196,1000,100,"[50, 50, 50]","I(M1,M2;T)"
959,0.0,2.635199455656668,-0.3074132862904264,1000,100,"[50, 50, 50]","I(M1,M2;T)"
960,0.0,2.7349172842211242,-0.20555740067623685,1000,100,"[50, 50, 50]","I(M1,M2;T)"
961,0.0,2.7130463936324833,-0.22589780201630205,1000,100,"[50, 50, 50]","I(M1,M2;T)"
962,0.0,2.7790087228725913,-0.16341324834972593,1000,100,"[50, 50, 50]","I(M1,M2;T)"
963,0.0,2.5965505863452836,-0.3444513323755931,1000,100,"[50, 50, 50]","I(M1,M2;T)"
964,0.0,2.728434304058025,-0.2167093916959515,1000,100,"[50, 50, 50]","I(M1,M2;T)"
965,0.0,2.724949841010532,-0.2200298672477059,1000,100,"[50, 50, 50]","I(M1,M2;T)"
966,0.0,2.689400672054524,-0.24883276660923004,1000,100,"[50, 50, 50]","I(M1,M2;T)"
967,0.0,2.729155702219868,-0.21252609291215396,1000,100,"[50, 50, 50]","I(M1,M2;T)"
968,0.0,2.7362292201018983,-0.21071980661447354,1000,100,"[50, 50, 50]","I(M1,M2;T)"
969,0.0,2.680637549011676,-0.26219835690999815,1000,100,"[50, 50, 50]","I(M1,M2;T)"
970,0.0,2.8067240215009366,-0.14013789421208855,1000,100,"[50, 50, 50]","I(M1,M2;T)"
971,0.0,2.755299708523137,-0.18544002401820459,1000,100,"[50, 50, 50]","I(M1,M2;T)"
972,0.0,2.739891958172115,-0.2047196135739724,1000,100,"[50, 50, 50]","I(M1,M2;T)"
973,0.0,2.7275118405433956,-0.2177543946312115,1000,100,"[50, 50, 50]","I(M1,M2;T)"
974,0.0,2.6578856632832824,-0.2894464428290302,1000,100,"[50, 50, 50]","I(M1,M2;T)"
975,0.0,2.597092954852436,-0.3453119831265532,1000,100,"[50, 50, 50]","I(M1,M2;T)"
976,0.0,2.6853931602823407,-0.2637042690031577,1000,100,"[50, 50, 50]","I(M1,M2;T)"
977,0.0,2.6676041408980504,-0.27718258611636637,1000,100,"[50, 50, 50]","I(M1,M2;T)"
978,0.0,2.7290397241376922,-0.21301508712544504,1000,100,"[50, 50, 50]","I(M1,M2;T)"
979,0.0,2.6850346422579765,-0.2578419517578556,1000,100,"[50, 50, 50]","I(M1,M2;T)"
980,0.0,2.722397381393973,-0.22175451267097523,1000,100,"[50, 50, 50]","I(M1,M2;T)"
981,0.0,2.7627176585304576,-0.1780291604302593,1000,100,"[50, 50, 50]","I(M1,M2;T)"
982,0.0,2.714957827215909,-0.22614683613247344,1000,100,"[50, 50, 50]","I(M1,M2;T)"
983,0.0,2.8155522707515352,-0.1297235149934064,1000,100,"[50, 50, 50]","I(M1,M2;T)"
984,0.0,2.655534317961176,-0.28432671552753375,1000,100,"[50, 50, 50]","I(M1,M2;T)"
985,0.0,2.810308675097294,-0.1347273248892944,1000,100,"[50, 50, 50]","I(M1,M2;T)"
986,0.0,2.6100746402347035,-0.3310368349987991,1000,100,"[50, 50, 50]","I(M1,M2;T)"
987,0.0,2.663018840548877,-0.28021964971297786,1000,100,"[50, 50, 50]","I(M1,M2;T)"
988,0.0,2.6671358758723374,-0.2791235512162813,1000,100,"[50, 50, 50]","I(M1,M2;T)"
989,0.0,2.796278259229627,-0.1464096519764806,1000,100,"[50, 50, 50]","I(M1,M2;T)"
990,0.0,2.7329517151251737,-0.20909818132773683,1000,100,"[50, 50, 50]","I(M1,M2;T)"
991,0.0,2.6967673786085906,-0.24640526857465073,1000,100,"[50, 50, 50]","I(M1,M2;T)"
992,0.0,2.754129766004647,-0.1904966721989294,1000,100,"[50, 50, 50]","I(M1,M2;T)"
993,0.0,2.7353895885249475,-0.21160144056517538,1000,100,"[50, 50, 50]","I(M1,M2;T)"
994,0.0,2.7233443430933066,-0.21717725536522625,1000,100,"[50, 50, 50]","I(M1,M2;T)"
995,0.0,2.6670515509411876,-0.2755167727595458,1000,100,"[50, 50, 50]","I(M1,M2;T)"
996,0.0,2.6958823429031433,-0.2446544920510627,1000,100,"[50, 50, 50]","I(M1,M2;T)"
997,0.0,2.6083203992263706,-0.3338733426069309,1000,100,"[50, 50, 50]","I(M1,M2;T)"
998,0.0,2.71949553369344,-0.22001275678258247,1000,100,"[50, 50, 50]","I(M1,M2;T)"
999,0.0,2.751969453301565,-0.1900840643443069,1000,100,"[50, 50, 50]","I(M1,M2;T)"
0,0.0,5.4723338787532745,-0.7537630695483646,1000,100,"[50, 50, 100]","I(M1,M2;T)"
1,0.0,5.4886862417964934,-0.7456864694860244,1000,100,"[50, 50, 100]","I(M1,M2;T)"
2,0.0,5.56440951441949,-0.6633218277628954,1000,100,"[50, 50, 100]","I(M1,M2;T)"
3,0.0,5.491624648707318,-0.7412604319163814,1000,100,"[50, 50, 100]","I(M1,M2;T)"
4,0.0,5.6369548153522455,-0.5998342083939638,1000,100,"[50, 50, 100]","I(M1,M2;T)"
5,0.0,5.644511697697046,-0.5862938990813582,1000,100,"[50, 50, 100]","I(M1,M2;T)"
6,0.0,5.538862449272089,-0.6933878034690126,1000,100,"[50, 50, 100]","I(M1,M2;T)"
7,0.0,5.64557289948235,-0.5939337823616446,1000,100,"[50, 50, 100]","I(M1,M2;T)"
8,0.0,5.412281383494079,-0.8241484082081865,1000,100,"[50, 50, 100]","I(M1,M2;T)"
9,0.0,5.564538971922778,-0.6626562434334495,1000,100,"[50, 50, 100]","I(M1,M2;T)"
10,0.0,5.551246181453177,-0.6871421019255957,1000,100,"[50, 50, 100]","I(M1,M2;T)"
11,0.0,5.607593642353177,-0.624046537649293,1000,100,"[50, 50, 100]","I(M1,M2;T)"
12,0.0,5.58555201095333,-0.6434750026378184,1000,100,"[50, 50, 100]","I(M1,M2;T)"
13,0.0,5.578750825160127,-0.6542857566423663,1000,100,"[50, 50, 100]","I(M1,M2;T)"
14,0.0,5.615185320992699,-0.6151965184169264,1000,100,"[50, 50, 100]","I(M1,M2;T)"
15,0.0,5.674739578942143,-0.558668205311208,1000,100,"[50, 50, 100]","I(M1,M2;T)"
16,0.0,5.653029270408775,-0.5701410096756749,1000,100,"[50, 50, 100]","I(M1,M2;T)"
17,0.0,5.603688045707806,-0.6274834031719481,1000,100,"[50, 50, 100]","I(M1,M2;T)"
18,0.0,5.595112400651683,-0.6351298019229361,1000,100,"[50, 50, 100]","I(M1,M2;T)"
19,0.0,5.530200899613066,-0.7032070346375878,1000,100,"[50, 50, 100]","I(M1,M2;T)"
20,0.0,5.560714873906997,-0.6766177963117475,1000,100,"[50, 50, 100]","I(M1,M2;T)"
21,0.0,5.713308091897819,-0.5190020422444963,1000,100,"[50, 50, 100]","I(M1,M2;T)"
22,0.0,5.6077182146445494,-0.6234305104428692,1000,100,"[50, 50, 100]","I(M1,M2;T)"
23,0.0,5.539868595406333,-0.6955829017122301,1000,100,"[50, 50, 100]","I(M1,M2;T)"
24,0.0,5.688471101877774,-0.5527150574669566,1000,100,"[50, 50, 100]","I(M1,M2;T)"
25,0.0,5.557742062197787,-0.6769665824343729,1000,100,"[50, 50, 100]","I(M1,M2;T)"
26,0.0,5.539826164093045,-0.6894548022541755,1000,100,"[50, 50, 100]","I(M1,M2;T)"
27,0.0,5.606956529482819,-0.6233773815114505,1000,100,"[50, 50, 100]","I(M1,M2;T)"
28,0.0,5.6119644015163965,-0.6242622745759938,1000,100,"[50, 50, 100]","I(M1,M2;T)"
29,0.0,5.642727792079398,-0.5944563808026953,1000,100,"[50, 50, 100]","I(M1,M2;T)"
30,0.0,5.618807006132692,-0.6080629844121175,1000,100,"[50, 50, 100]","I(M1,M2;T)"
31,0.0,5.603891229895168,-0.6267461798964673,1000,100,"[50, 50, 100]","I(M1,M2;T)"
32,0.0,5.579075761474164,-0.6569656614909558,1000,100,"[50, 50, 100]","I(M1,M2;T)"
33,0.0,5.577026928745788,-0.6564210605431677,1000,100,"[50, 50, 100]","I(M1,M2;T)"
34,0.0,5.581394134146583,-0.6497057586313755,1000,100,"[50, 50, 100]","I(M1,M2;T)"
35,0.0,5.580829740418773,-0.6479760274607358,1000,100,"[50, 50, 100]","I(M1,M2;T)"
36,0.0,5.645032183287836,-0.5875097061534627,1000,100,"[50, 50, 100]","I(M1,M2;T)"
37,0.0,5.5208684724215535,-0.7028054224914237,1000,100,"[50, 50, 100]","I(M1,M2;T)"
38,0.0,5.55660725502186,-0.6804514559579822,1000,100,"[50, 50, 100]","I(M1,M2;T)"
39,0.0,5.629256334464559,-0.6068524018057948,1000,100,"[50, 50, 100]","I(M1,M2;T)"
40,0.0,5.52895782851059,-0.6996060655806087,1000,100,"[50, 50, 100]","I(M1,M2;T)"
41,0.0,5.551459909413257,-0.689072042567032,1000,100,"[50, 50, 100]","I(M1,M2;T)"
42,0.0,5.651153601203054,-0.580821154519569,1000,100,"[50, 50, 100]","I(M1,M2;T)"
43,0.0,5.538660836604859,-0.6957869454993615,1000,100,"[50, 50, 100]","I(M1,M2;T)"
44,0.0,5.5446004466417,-0.6919917467064494,1000,100,"[50, 50, 100]","I(M1,M2;T)"
45,0.0,5.652225756427598,-0.5824701251697402,1000,100,"[50, 50, 100]","I(M1,M2;T)"
46,0.0,5.436342398958958,-0.797628974590233,1000,100,"[50, 50, 100]","I(M1,M2;T)"
47,0.0,5.624656619833949,-0.6080749988272922,1000,100,"[50, 50, 100]","I(M1,M2;T)"
48,0.0,5.574859575268425,-0.6558992137475217,1000,100,"[50, 50, 100]","I(M1,M2;T)"
49,0.0,5.595958256281289,-0.6361296470575786,1000,100,"[50, 50, 100]","I(M1,M2;T)"
50,0.0,5.54786426334015,-0.6817297479099258,1000,100,"[50, 50, 100]","I(M1,M2;T)"
51,0.0,5.570741458161784,-0.6676696490921143,1000,100,"[50, 50, 100]","I(M1,M2;T)"
52,0.0,5.518790424472462,-0.7190249512022895,1000,100,"[50, 50, 100]","I(M1,M2;T)"
53,0.0,5.596726131690483,-0.6302991918102245,1000,100,"[50, 50, 100]","I(M1,M2;T)"
54,0.0,5.526450062206635,-0.7140655178357287,1000,100,"[50, 50, 100]","I(M1,M2;T)"
55,0.0,5.563739175905586,-0.6707677615320184,1000,100,"[50, 50, 100]","I(M1,M2;T)"
56,0.0,5.638416202230738,-0.5918086460017493,1000,100,"[50, 50, 100]","I(M1,M2;T)"
57,0.0,5.62325932139565,-0.6078487928539724,1000,100,"[50, 50, 100]","I(M1,M2;T)"
58,0.0,5.602480050053727,-0.6239399152709213,1000,100,"[50, 50, 100]","I(M1,M2;T)"
59,0.0,5.71343048697231,-0.5194914524706018,1000,100,"[50, 50, 100]","I(M1,M2;T)"
60,0.0,5.69767767946087,-0.535699746660856,1000,100,"[50, 50, 100]","I(M1,M2;T)"
61,0.0,5.6535201565534665,-0.5823805358299374,1000,100,"[50, 50, 100]","I(M1,M2;T)"
62,0.0,5.6700677828385135,-0.5645578569548118,1000,100,"[50, 50, 100]","I(M1,M2;T)"
63,0.0,5.5216887520463915,-0.7162168063240468,1000,100,"[50, 50, 100]","I(M1,M2;T)"
64,0.0,5.5845940259850355,-0.6496147207989758,1000,100,"[50, 50, 100]","I(M1,M2;T)"
65,0.0,5.597803918025777,-0.6303293324131234,1000,100,"[50, 50, 100]","I(M1,M2;T)"
66,0.0,5.549831900953276,-0.6705050837206548,1000,100,"[50, 50, 100]","I(M1,M2;T)"
67,0.0,5.66538952028521,-0.5672277108550805,1000,100,"[50, 50, 100]","I(M1,M2;T)"
68,0.0,5.598829884106512,-0.6243558261948019,1000,100,"[50, 50, 100]","I(M1,M2;T)"
69,0.0,5.652586006719108,-0.5796436811354715,1000,100,"[50, 50, 100]","I(M1,M2;T)"
70,0.0,5.671906627766559,-0.5562453300442494,1000,100,"[50, 50, 100]","I(M1,M2;T)"
71,0.0,5.587251111405008,-0.6449335737610999,1000,100,"[50, 50, 100]","I(M1,M2;T)"
72,0.0,5.379338346997494,-0.8495680860059798,1000,100,"[50, 50, 100]","I(M1,M2;T)"
73,0.0,5.509561780155369,-0.7306984043304432,1000,100,"[50, 50, 100]","I(M1,M2;T)"
74,0.0,5.461392206889284,-0.7686335117826983,1000,100,"[50, 50, 100]","I(M1,M2;T)"
75,0.0,5.586008307850381,-0.6433850221025388,1000,100,"[50, 50, 100]","I(M1,M2;T)"
76,0.0,5.529409974233665,-0.7024630285267506,1000,100,"[50, 50, 100]","I(M1,M2;T)"
77,0.0,5.6145302723025745,-0.6210778891198387,1000,100,"[50, 50, 100]","I(M1,M2;T)"
78,0.0,5.458963657081063,-0.7660077298236097,1000,100,"[50, 50, 100]","I(M1,M2;T)"
79,0.0,5.600328092402938,-0.6255139703326238,1000,100,"[50, 50, 100]","I(M1,M2;T)"
80,0.0,5.6710266842712915,-0.5613258013007627,1000,100,"[50, 50, 100]","I(M1,M2;T)"
81,0.0,5.590901859305298,-0.6440345879155185,1000,100,"[50, 50, 100]","I(M1,M2;T)"
82,0.0,5.583499539727336,-0.6473195913442984,1000,100,"[50, 50, 100]","I(M1,M2;T)"
83,0.0,5.660524260975187,-0.5737737578670021,1000,100,"[50, 50, 100]","I(M1,M2;T)"
84,0.0,5.592915164516604,-0.6407358499824349,1000,100,"[50, 50, 100]","I(M1,M2;T)"
85,0.0,5.497850625268942,-0.7360087693423747,1000,100,"[50, 50, 100]","I(M1,M2;T)"
86,0.0,5.507633858540825,-0.720544307704861,1000,100,"[50, 50, 100]","I(M1,M2;T)"
87,0.0,5.648344833450998,-0.5882217722096383,1000,100,"[50, 50, 100]","I(M1,M2;T)"
88,0.0,5.627433166547495,-0.6107957942369202,1000,100,"[50, 50, 100]","I(M1,M2;T)"
89,0.0,5.657391271785183,-0.5737845990616517,1000,100,"[50, 50, 100]","I(M1,M2;T)"
90,0.0,5.630398346102278,-0.6020301991977481,1000,100,"[50, 50, 100]","I(M1,M2;T)"
91,0.0,5.585637327599063,-0.6466487186947845,1000,100,"[50, 50, 100]","I(M1,M2;T)"
92,0.0,5.608922501144231,-0.6306631945754146,1000,100,"[50, 50, 100]","I(M1,M2;T)"
93,0.0,5.694882432788935,-0.5370049989549521,1000,100,"[50, 50, 100]","I(M1,M2;T)"
94,0.0,5.665599861887231,-0.5640414729346261,1000,100,"[50, 50, 100]","I(M1,M2;T)"
95,0.0,5.6013652822105815,-0.636998931854329,1000,100,"[50, 50, 100]","I(M1,M2;T)"
96,0.0,5.576409761133176,-0.6464583696797748,1000,100,"[50, 50, 100]","I(M1,M2;T)"
97,0.0,5.561750860299945,-0.6724744958750568,1000,100,"[50, 50, 100]","I(M1,M2;T)"
98,0.0,5.527944270335069,-0.7031458557756789,1000,100,"[50, 50, 100]","I(M1,M2;T)"
99,0.0,5.511143567556532,-0.7289309360251881,1000,100,"[50, 50, 100]","I(M1,M2;T)"
100,0.0,5.586034934915366,-0.6426409406415967,1000,100,"[50, 50, 100]","I(M1,M2;T)"
101,0.0,5.550866965393105,-0.678397963690534,1000,100,"[50, 50, 100]","I(M1,M2;T)"
102,0.0,5.6380362789556795,-0.5924927663698192,1000,100,"[50, 50, 100]","I(M1,M2;T)"
103,0.0,5.4739897363847785,-0.7642869667209489,1000,100,"[50, 50, 100]","I(M1,M2;T)"
104,0.0,5.536429695716322,-0.6891128616996385,1000,100,"[50, 50, 100]","I(M1,M2;T)"
105,0.0,5.620270401104525,-0.6233467984912302,1000,100,"[50, 50, 100]","I(M1,M2;T)"
106,0.0,5.432068813629398,-0.8000152095510913,1000,100,"[50, 50, 100]","I(M1,M2;T)"
107,0.0,5.659418467255823,-0.5698322334704278,1000,100,"[50, 50, 100]","I(M1,M2;T)"
108,0.0,5.566569187880813,-0.664039178506429,1000,100,"[50, 50, 100]","I(M1,M2;T)"
109,0.0,5.652455998091921,-0.5739426057822792,1000,100,"[50, 50, 100]","I(M1,M2;T)"
110,0.0,5.493502311440087,-0.7430402794439814,1000,100,"[50, 50, 100]","I(M1,M2;T)"
111,0.0,5.504584644777353,-0.7218069574478507,1000,100,"[50, 50, 100]","I(M1,M2;T)"
112,0.0,5.554168261698308,-0.6753252731819437,1000,100,"[50, 50, 100]","I(M1,M2;T)"
113,0.0,5.679330325499459,-0.5601365653016996,1000,100,"[50, 50, 100]","I(M1,M2;T)"
114,0.0,5.512714315241245,-0.7179196798555996,1000,100,"[50, 50, 100]","I(M1,M2;T)"
115,0.0,5.519419752446008,-0.7139962742447876,1000,100,"[50, 50, 100]","I(M1,M2;T)"
116,0.0,5.409047235697399,-0.8244921193024499,1000,100,"[50, 50, 100]","I(M1,M2;T)"
117,0.0,5.613889651229425,-0.6105488051994978,1000,100,"[50, 50, 100]","I(M1,M2;T)"
118,0.0,5.544871333236766,-0.6881580911609149,1000,100,"[50, 50, 100]","I(M1,M2;T)"
119,0.0,5.616692159985515,-0.623430997891286,1000,100,"[50, 50, 100]","I(M1,M2;T)"
120,0.0,5.4536377499480055,-0.7799862956587305,1000,100,"[50, 50, 100]","I(M1,M2;T)"
121,0.0,5.606807503728207,-0.6339691233274829,1000,100,"[50, 50, 100]","I(M1,M2;T)"
122,0.0,5.542663171346042,-0.69116088771578,1000,100,"[50, 50, 100]","I(M1,M2;T)"
123,0.0,5.457304215154608,-0.7663244314564244,1000,100,"[50, 50, 100]","I(M1,M2;T)"
124,0.0,5.611149451032231,-0.623168785643549,1000,100,"[50, 50, 100]","I(M1,M2;T)"
125,0.0,5.601462263327674,-0.6269108195401589,1000,100,"[50, 50, 100]","I(M1,M2;T)"
126,0.0,5.596918708683906,-0.6367403399514338,1000,100,"[50, 50, 100]","I(M1,M2;T)"
127,0.0,5.6962494247087845,-0.5430349684405114,1000,100,"[50, 50, 100]","I(M1,M2;T)"
128,0.0,5.57351281819713,-0.6608040215546263,1000,100,"[50, 50, 100]","I(M1,M2;T)"
129,0.0,5.445980485083618,-0.7858888494822969,1000,100,"[50, 50, 100]","I(M1,M2;T)"
130,0.0,5.669416343575055,-0.5582879873486926,1000,100,"[50, 50, 100]","I(M1,M2;T)"
131,0.0,5.708729726578705,-0.5207562514785957,1000,100,"[50, 50, 100]","I(M1,M2;T)"
132,0.0,5.567288036297499,-0.6607535993166751,1000,100,"[50, 50, 100]","I(M1,M2;T)"
133,0.0,5.718185096221827,-0.5132753911699961,1000,100,"[50, 50, 100]","I(M1,M2;T)"
134,0.0,5.538712859440652,-0.6935844657983727,1000,100,"[50, 50, 100]","I(M1,M2;T)"
135,0.0,5.662470065001266,-0.5730949000444321,1000,100,"[50, 50, 100]","I(M1,M2;T)"
136,0.0,5.553918559917066,-0.6799910363809225,1000,100,"[50, 50, 100]","I(M1,M2;T)"
137,0.0,5.521786599492481,-0.7040890220027398,1000,100,"[50, 50, 100]","I(M1,M2;T)"
138,0.0,5.667163991278329,-0.5599393069507244,1000,100,"[50, 50, 100]","I(M1,M2;T)"
139,0.0,5.358874622948431,-0.8705432404785096,1000,100,"[50, 50, 100]","I(M1,M2;T)"
140,0.0,5.873411283281394,-0.35545510875620057,1000,100,"[50, 50, 100]","I(M1,M2;T)"
141,0.0,5.569038726092463,-0.6675248330926209,1000,100,"[50, 50, 100]","I(M1,M2;T)"
142,0.0,5.5880977434787775,-0.6434778300215607,1000,100,"[50, 50, 100]","I(M1,M2;T)"
143,0.0,5.592690757151913,-0.6497854016963149,1000,100,"[50, 50, 100]","I(M1,M2;T)"
144,0.0,5.509848846850188,-0.7154637179691168,1000,100,"[50, 50, 100]","I(M1,M2;T)"
145,0.0,5.57938319085774,-0.6555904354390538,1000,100,"[50, 50, 100]","I(M1,M2;T)"
146,0.0,5.457038044478442,-0.7693101449484212,1000,100,"[50, 50, 100]","I(M1,M2;T)"
147,0.0,5.582902953781788,-0.6574805755033672,1000,100,"[50, 50, 100]","I(M1,M2;T)"
148,0.0,5.54818484242265,-0.6850917890955088,1000,100,"[50, 50, 100]","I(M1,M2;T)"
149,0.0,5.610311556415435,-0.6282435065276646,1000,100,"[50, 50, 100]","I(M1,M2;T)"
150,0.0,5.614583122279995,-0.6183616187280174,1000,100,"[50, 50, 100]","I(M1,M2;T)"
151,0.0,5.651489876826949,-0.5867983453894681,1000,100,"[50, 50, 100]","I(M1,M2;T)"
152,0.0,5.595132849315842,-0.6405195183695334,1000,100,"[50, 50, 100]","I(M1,M2;T)"
153,0.0,5.6812243215047,-0.5512454262099347,1000,100,"[50, 50, 100]","I(M1,M2;T)"
154,0.0,5.650217117921304,-0.5904420514951463,1000,100,"[50, 50, 100]","I(M1,M2;T)"
155,0.0,5.49954005472211,-0.7355558859035334,1000,100,"[50, 50, 100]","I(M1,M2;T)"
156,0.0,5.575581797200746,-0.6561794760346453,1000,100,"[50, 50, 100]","I(M1,M2;T)"
157,0.0,5.644675773778948,-0.5925193342526356,1000,100,"[50, 50, 100]","I(M1,M2;T)"
158,0.0,5.594703496529128,-0.6430768781506888,1000,100,"[50, 50, 100]","I(M1,M2;T)"
159,0.0,5.500530471173654,-0.7311244443630809,1000,100,"[50, 50, 100]","I(M1,M2;T)"
160,0.0,5.541644449666987,-0.6870958764135819,1000,100,"[50, 50, 100]","I(M1,M2;T)"
161,0.0,5.4913803323335895,-0.7424849367282853,1000,100,"[50, 50, 100]","I(M1,M2;T)"
162,0.0,5.518947614506457,-0.7176134868926445,1000,100,"[50, 50, 100]","I(M1,M2;T)"
163,0.0,5.6495656403703824,-0.5855897594953126,1000,100,"[50, 50, 100]","I(M1,M2;T)"
164,0.0,5.491281822095656,-0.7437749148874868,1000,100,"[50, 50, 100]","I(M1,M2;T)"
165,0.0,5.46582327593348,-0.7757494579942907,1000,100,"[50, 50, 100]","I(M1,M2;T)"
166,0.0,5.4787000577471705,-0.7552181359992991,1000,100,"[50, 50, 100]","I(M1,M2;T)"
167,0.0,5.551644656934127,-0.6840576829882128,1000,100,"[50, 50, 100]","I(M1,M2;T)"
168,0.0,5.5400756560390345,-0.6865414115068145,1000,100,"[50, 50, 100]","I(M1,M2;T)"
169,0.0,5.616177739159745,-0.6179026677881314,1000,100,"[50, 50, 100]","I(M1,M2;T)"
170,0.0,5.550177616908343,-0.6752668999012323,1000,100,"[50, 50, 100]","I(M1,M2;T)"
171,0.0,5.565207300927265,-0.6684720148794394,1000,100,"[50, 50, 100]","I(M1,M2;T)"
172,0.0,5.6599223969926875,-0.5794296021221061,1000,100,"[50, 50, 100]","I(M1,M2;T)"
173,0.0,5.506619459076701,-0.720682079807748,1000,100,"[50, 50, 100]","I(M1,M2;T)"
174,0.0,5.503199269452384,-0.723697027878103,1000,100,"[50, 50, 100]","I(M1,M2;T)"
175,0.0,5.514690067020034,-0.7255195713392464,1000,100,"[50, 50, 100]","I(M1,M2;T)"
176,0.0,5.490837552478482,-0.74442962494392,1000,100,"[50, 50, 100]","I(M1,M2;T)"
177,0.0,5.565854518914982,-0.6686999984662716,1000,100,"[50, 50, 100]","I(M1,M2;T)"
178,0.0,5.484115125611577,-0.7472292823991067,1000,100,"[50, 50, 100]","I(M1,M2;T)"
179,0.0,5.497865090245116,-0.7358088573438302,1000,100,"[50, 50, 100]","I(M1,M2;T)"
180,0.0,5.463950854368067,-0.7615206879296199,1000,100,"[50, 50, 100]","I(M1,M2;T)"
181,0.0,5.560871044887284,-0.6650044552284067,1000,100,"[50, 50, 100]","I(M1,M2;T)"
182,0.0,5.675784283720583,-0.5588476621908898,1000,100,"[50, 50, 100]","I(M1,M2;T)"
183,0.0,5.63985425498452,-0.5951162372602878,1000,100,"[50, 50, 100]","I(M1,M2;T)"
184,0.0,5.557329270810308,-0.677479955198927,1000,100,"[50, 50, 100]","I(M1,M2;T)"
185,0.0,5.505831040475538,-0.731863848942913,1000,100,"[50, 50, 100]","I(M1,M2;T)"
186,0.0,5.562696040499968,-0.6700646314917833,1000,100,"[50, 50, 100]","I(M1,M2;T)"
187,0.0,5.59950724898907,-0.6289304194701257,1000,100,"[50, 50, 100]","I(M1,M2;T)"
188,0.0,5.702649478963451,-0.5333138783961688,1000,100,"[50, 50, 100]","I(M1,M2;T)"
189,0.0,5.683969027839491,-0.5524087629990477,1000,100,"[50, 50, 100]","I(M1,M2;T)"
190,0.0,5.640530178908259,-0.5895618511505774,1000,100,"[50, 50, 100]","I(M1,M2;T)"
191,0.0,5.528445873942616,-0.7043118108907107,1000,100,"[50, 50, 100]","I(M1,M2;T)"
192,0.0,5.634624099421728,-0.5956489070582451,1000,100,"[50, 50, 100]","I(M1,M2;T)"
193,0.0,5.508653166967321,-0.7207334112285899,1000,100,"[50, 50, 100]","I(M1,M2;T)"
194,0.0,5.651525218373354,-0.5791964650590904,1000,100,"[50, 50, 100]","I(M1,M2;T)"
195,0.0,5.61274824897815,-0.6239400040095298,1000,100,"[50, 50, 100]","I(M1,M2;T)"
196,0.0,5.530237230196533,-0.7002685561196076,1000,100,"[50, 50, 100]","I(M1,M2;T)"
197,0.0,5.532895396230132,-0.7062811572222074,1000,100,"[50, 50, 100]","I(M1,M2;T)"
198,0.0,5.659355347610003,-0.5743679860870587,1000,100,"[50, 50, 100]","I(M1,M2;T)"
199,0.0,5.631237153924202,-0.6089338378617848,1000,100,"[50, 50, 100]","I(M1,M2;T)"
200,0.0,5.676645595516392,-0.5538041492925689,1000,100,"[50, 50, 100]","I(M1,M2;T)"
201,0.0,5.60204478303765,-0.635898177874588,1000,100,"[50, 50, 100]","I(M1,M2;T)"
202,0.0,5.502691909621774,-0.7258337377126631,1000,100,"[50, 50, 100]","I(M1,M2;T)"
203,0.0,5.556479132845982,-0.6737430795985659,1000,100,"[50, 50, 100]","I(M1,M2;T)"
204,0.0,5.519429695870542,-0.7104984139646833,1000,100,"[50, 50, 100]","I(M1,M2;T)"
205,0.0,5.352387258653589,-0.8757378006350169,1000,100,"[50, 50, 100]","I(M1,M2;T)"
206,0.0,5.516129174860265,-0.7120821039702951,1000,100,"[50, 50, 100]","I(M1,M2;T)"
207,0.0,5.462268385077101,-0.7704313479175937,1000,100,"[50, 50, 100]","I(M1,M2;T)"
208,0.0,5.60728193223099,-0.6261390737471961,1000,100,"[50, 50, 100]","I(M1,M2;T)"
209,0.0,5.7055706819581715,-0.533369193497391,1000,100,"[50, 50, 100]","I(M1,M2;T)"
210,0.0,5.766695069509899,-0.47166921099086867,1000,100,"[50, 50, 100]","I(M1,M2;T)"
211,0.0,5.571474206713371,-0.6631981448748743,1000,100,"[50, 50, 100]","I(M1,M2;T)"
212,0.0,5.507895124971468,-0.7291811066633009,1000,100,"[50, 50, 100]","I(M1,M2;T)"
213,0.0,5.50733283524978,-0.7206595180798843,1000,100,"[50, 50, 100]","I(M1,M2;T)"
214,0.0,5.632394667692388,-0.6006020269604262,1000,100,"[50, 50, 100]","I(M1,M2;T)"
215,0.0,5.67733821245862,-0.5545327960273614,1000,100,"[50, 50, 100]","I(M1,M2;T)"
216,0.0,5.562766800581216,-0.669736835564879,1000,100,"[50, 50, 100]","I(M1,M2;T)"
217,0.0,5.506278931252104,-0.7307817110924066,1000,100,"[50, 50, 100]","I(M1,M2;T)"
218,0.0,5.511380562895485,-0.7230571086615445,1000,100,"[50, 50, 100]","I(M1,M2;T)"
219,0.0,5.571150925975025,-0.65801205280862,1000,100,"[50, 50, 100]","I(M1,M2;T)"
220,0.0,5.433835436568337,-0.8026828252272438,1000,100,"[50, 50, 100]","I(M1,M2;T)"
221,0.0,5.556923381877759,-0.6813080512601699,1000,100,"[50, 50, 100]","I(M1,M2;T)"
222,0.0,5.5811222589264675,-0.6545797963087985,1000,100,"[50, 50, 100]","I(M1,M2;T)"
223,0.0,5.625891076624637,-0.6085614903678938,1000,100,"[50, 50, 100]","I(M1,M2;T)"
224,0.0,5.5665645701396596,-0.6636907493016082,1000,100,"[50, 50, 100]","I(M1,M2;T)"
225,0.0,5.548173870541689,-0.6841242682289144,1000,100,"[50, 50, 100]","I(M1,M2;T)"
226,0.0,5.628281830931581,-0.6032754669611542,1000,100,"[50, 50, 100]","I(M1,M2;T)"
227,0.0,5.532975179025208,-0.6926152858713825,1000,100,"[50, 50, 100]","I(M1,M2;T)"
228,0.0,5.545184565860932,-0.6945202115824749,1000,100,"[50, 50, 100]","I(M1,M2;T)"
229,0.0,5.588977963987237,-0.6476310989213729,1000,100,"[50, 50, 100]","I(M1,M2;T)"
230,0.0,5.6146578832889364,-0.6150811083365886,1000,100,"[50, 50, 100]","I(M1,M2;T)"
231,0.0,5.583902187777165,-0.657467529340499,1000,100,"[50, 50, 100]","I(M1,M2;T)"
232,0.0,5.6599596776500745,-0.5663792137878181,1000,100,"[50, 50, 100]","I(M1,M2;T)"
233,0.0,5.7852362528077395,-0.447147343076721,1000,100,"[50, 50, 100]","I(M1,M2;T)"
234,0.0,5.613400568369379,-0.6212944447358497,1000,100,"[50, 50, 100]","I(M1,M2;T)"
235,0.0,5.465123770900853,-0.7627191316961346,1000,100,"[50, 50, 100]","I(M1,M2;T)"
236,0.0,5.39541919244445,-0.8431665306771814,1000,100,"[50, 50, 100]","I(M1,M2;T)"
237,0.0,5.458250517659575,-0.7713187856672334,1000,100,"[50, 50, 100]","I(M1,M2;T)"
238,0.0,5.494515354043648,-0.7440552500426794,1000,100,"[50, 50, 100]","I(M1,M2;T)"
239,0.0,5.576490024442228,-0.6516257693739327,1000,100,"[50, 50, 100]","I(M1,M2;T)"
240,0.0,5.433189985054733,-0.7987772125574804,1000,100,"[50, 50, 100]","I(M1,M2;T)"
241,0.0,5.4158713325646355,-0.8186213447789834,1000,100,"[50, 50, 100]","I(M1,M2;T)"
242,0.0,5.646205434093565,-0.5836950118943598,1000,100,"[50, 50, 100]","I(M1,M2;T)"
243,0.0,5.641095323631352,-0.5939467055222769,1000,100,"[50, 50, 100]","I(M1,M2;T)"
244,0.0,5.441833466456504,-0.7953839773465203,1000,100,"[50, 50, 100]","I(M1,M2;T)"
245,0.0,5.7361801464631395,-0.4964041743234686,1000,100,"[50, 50, 100]","I(M1,M2;T)"
246,0.0,5.454878975557171,-0.7754000664316232,1000,100,"[50, 50, 100]","I(M1,M2;T)"
247,0.0,5.4930762635442445,-0.7399093818633151,1000,100,"[50, 50, 100]","I(M1,M2;T)"
248,0.0,5.507151402779483,-0.729588091177928,1000,100,"[50, 50, 100]","I(M1,M2;T)"
249,0.0,5.519434055442929,-0.7209303850774811,1000,100,"[50, 50, 100]","I(M1,M2;T)"
250,0.0,5.6349974468017265,-0.6030748987628476,1000,100,"[50, 50, 100]","I(M1,M2;T)"
251,0.0,5.37381929224283,-0.8590574769069201,1000,100,"[50, 50, 100]","I(M1,M2;T)"
252,0.0,5.573936030119016,-0.6608600791699724,1000,100,"[50, 50, 100]","I(M1,M2;T)"
253,0.0,5.582002639527838,-0.6517443788543007,1000,100,"[50, 50, 100]","I(M1,M2;T)"
254,0.0,5.520253720671161,-0.7153560656130411,1000,100,"[50, 50, 100]","I(M1,M2;T)"
255,0.0,5.752048148668344,-0.4768791573553699,1000,100,"[50, 50, 100]","I(M1,M2;T)"
256,0.0,5.498137554635945,-0.7399979366670912,1000,100,"[50, 50, 100]","I(M1,M2;T)"
257,0.0,5.703056899404347,-0.5383348412419977,1000,100,"[50, 50, 100]","I(M1,M2;T)"
258,0.0,5.513335151530511,-0.7236067808054001,1000,100,"[50, 50, 100]","I(M1,M2;T)"
259,0.0,5.614169200520907,-0.6205642287647182,1000,100,"[50, 50, 100]","I(M1,M2;T)"
260,0.0,5.559083989561777,-0.6731455846486689,1000,100,"[50, 50, 100]","I(M1,M2;T)"
261,0.0,5.470899689135699,-0.7637363462033306,1000,100,"[50, 50, 100]","I(M1,M2;T)"
262,0.0,5.588957098900826,-0.6408091788374604,1000,100,"[50, 50, 100]","I(M1,M2;T)"
263,0.0,5.680252511533162,-0.556324208044594,1000,100,"[50, 50, 100]","I(M1,M2;T)"
264,0.0,5.556353659336072,-0.6751961369267141,1000,100,"[50, 50, 100]","I(M1,M2;T)"
265,0.0,5.541786533957298,-0.6890785451449011,1000,100,"[50, 50, 100]","I(M1,M2;T)"
266,0.0,5.613754354146797,-0.6210724488496471,1000,100,"[50, 50, 100]","I(M1,M2;T)"
267,0.0,5.6796195362719235,-0.5524400859540046,1000,100,"[50, 50, 100]","I(M1,M2;T)"
268,0.0,5.603726521986242,-0.6230879086902776,1000,100,"[50, 50, 100]","I(M1,M2;T)"
269,0.0,5.6249990832206835,-0.6067197639611974,1000,100,"[50, 50, 100]","I(M1,M2;T)"
270,0.0,5.56698008580413,-0.6646933143857892,1000,100,"[50, 50, 100]","I(M1,M2;T)"
271,0.0,5.576334346219184,-0.6576573430672035,1000,100,"[50, 50, 100]","I(M1,M2;T)"
272,0.0,5.681386267537427,-0.5607073908779538,1000,100,"[50, 50, 100]","I(M1,M2;T)"
273,0.0,5.525513423775941,-0.7009465248495941,1000,100,"[50, 50, 100]","I(M1,M2;T)"
274,0.0,5.532468213280134,-0.6992613872916058,1000,100,"[50, 50, 100]","I(M1,M2;T)"
275,0.0,5.667219204538386,-0.5600689835542152,1000,100,"[50, 50, 100]","I(M1,M2;T)"
276,0.0,5.58873338716474,-0.6474843614054251,1000,100,"[50, 50, 100]","I(M1,M2;T)"
277,0.0,5.646218495263986,-0.5893612445652607,1000,100,"[50, 50, 100]","I(M1,M2;T)"
278,0.0,5.569136244326685,-0.6672737905709001,1000,100,"[50, 50, 100]","I(M1,M2;T)"
279,0.0,5.653365128592044,-0.5801461573031084,1000,100,"[50, 50, 100]","I(M1,M2;T)"
280,0.0,5.643615534463443,-0.5879326599724957,1000,100,"[50, 50, 100]","I(M1,M2;T)"
281,0.0,5.61836953494101,-0.6174990278180568,1000,100,"[50, 50, 100]","I(M1,M2;T)"
282,0.0,5.657879895093544,-0.574722539597345,1000,100,"[50, 50, 100]","I(M1,M2;T)"
283,0.0,5.379836552244836,-0.8540801776830236,1000,100,"[50, 50, 100]","I(M1,M2;T)"
284,0.0,5.6195163036836115,-0.6171099906729944,1000,100,"[50, 50, 100]","I(M1,M2;T)"
285,0.0,5.66189811501918,-0.5688493520925446,1000,100,"[50, 50, 100]","I(M1,M2;T)"
286,0.0,5.500959213619308,-0.7302888796842941,1000,100,"[50, 50, 100]","I(M1,M2;T)"
287,0.0,5.607529423204754,-0.6327642532863234,1000,100,"[50, 50, 100]","I(M1,M2;T)"
288,0.0,5.626713095347744,-0.6038060184369325,1000,100,"[50, 50, 100]","I(M1,M2;T)"
289,0.0,5.641241111648973,-0.5911019342152262,1000,100,"[50, 50, 100]","I(M1,M2;T)"
290,0.0,5.628655722871569,-0.607853179875276,1000,100,"[50, 50, 100]","I(M1,M2;T)"
291,0.0,5.61857658115994,-0.6225272153031076,1000,100,"[50, 50, 100]","I(M1,M2;T)"
292,0.0,5.61092034850789,-0.6181867154638621,1000,100,"[50, 50, 100]","I(M1,M2;T)"
293,0.0,5.7058793762205235,-0.5292044801278131,1000,100,"[50, 50, 100]","I(M1,M2;T)"
294,0.0,5.7275877968699955,-0.5074817313531508,1000,100,"[50, 50, 100]","I(M1,M2;T)"
295,0.0,5.521120509781726,-0.7147920642653709,1000,100,"[50, 50, 100]","I(M1,M2;T)"
296,0.0,5.702405039045881,-0.5257715839687185,1000,100,"[50, 50, 100]","I(M1,M2;T)"
297,0.0,5.623831972598727,-0.608839759577128,1000,100,"[50, 50, 100]","I(M1,M2;T)"
298,0.0,5.564723295273463,-0.6729927189657765,1000,100,"[50, 50, 100]","I(M1,M2;T)"
299,0.0,5.563868512922541,-0.6634987119670788,1000,100,"[50, 50, 100]","I(M1,M2;T)"
300,0.0,5.650294943627419,-0.5872317024613327,1000,100,"[50, 50, 100]","I(M1,M2;T)"
301,0.0,5.56311690791598,-0.6678279391591984,1000,100,"[50, 50, 100]","I(M1,M2;T)"
302,0.0,5.639871666696008,-0.5915585021568557,1000,100,"[50, 50, 100]","I(M1,M2;T)"
303,0.0,5.6343057569379615,-0.5973754445455528,1000,100,"[50, 50, 100]","I(M1,M2;T)"
304,0.0,5.556509334813044,-0.682759052424184,1000,100,"[50, 50, 100]","I(M1,M2;T)"
305,0.0,5.545028750785119,-0.6894656947212123,1000,100,"[50, 50, 100]","I(M1,M2;T)"
306,0.0,5.617301942468196,-0.6127789199631213,1000,100,"[50, 50, 100]","I(M1,M2;T)"
307,0.0,5.635630852587827,-0.6016786142386863,1000,100,"[50, 50, 100]","I(M1,M2;T)"
308,0.0,5.6725796261330625,-0.5586590956225459,1000,100,"[50, 50, 100]","I(M1,M2;T)"
309,0.0,5.565016792393734,-0.6709411361337825,1000,100,"[50, 50, 100]","I(M1,M2;T)"
310,0.0,5.602015282959608,-0.6317394232068594,1000,100,"[50, 50, 100]","I(M1,M2;T)"
311,0.0,5.628155167612234,-0.603473872815286,1000,100,"[50, 50, 100]","I(M1,M2;T)"
312,0.0,5.5765463288485035,-0.6583497549305557,1000,100,"[50, 50, 100]","I(M1,M2;T)"
313,0.0,5.3788410654911125,-0.850139284406894,1000,100,"[50, 50, 100]","I(M1,M2;T)"
314,0.0,5.59034712951968,-0.6355832450503351,1000,100,"[50, 50, 100]","I(M1,M2;T)"
315,0.0,5.583420647659604,-0.64740667715055,1000,100,"[50, 50, 100]","I(M1,M2;T)"
316,0.0,5.595135516538717,-0.6385545938795767,1000,100,"[50, 50, 100]","I(M1,M2;T)"
317,0.0,5.537849473825179,-0.6935653477334176,1000,100,"[50, 50, 100]","I(M1,M2;T)"
318,0.0,5.677275480295749,-0.5558657306096224,1000,100,"[50, 50, 100]","I(M1,M2;T)"
319,0.0,5.482822743905185,-0.7589615456224159,1000,100,"[50, 50, 100]","I(M1,M2;T)"
320,0.0,5.626579019049945,-0.6073989712656926,1000,100,"[50, 50, 100]","I(M1,M2;T)"
321,0.0,5.512605839128855,-0.719692106140605,1000,100,"[50, 50, 100]","I(M1,M2;T)"
322,0.0,5.467729342039306,-0.7669485754540766,1000,100,"[50, 50, 100]","I(M1,M2;T)"
323,0.0,5.519203757136417,-0.7139368028324258,1000,100,"[50, 50, 100]","I(M1,M2;T)"
324,0.0,5.537543319362465,-0.6979615872818128,1000,100,"[50, 50, 100]","I(M1,M2;T)"
325,0.0,5.6773065424078455,-0.5558761355508848,1000,100,"[50, 50, 100]","I(M1,M2;T)"
326,0.0,5.594840219665132,-0.6395095289452222,1000,100,"[50, 50, 100]","I(M1,M2;T)"
327,0.0,5.492330285895959,-0.7412006699878466,1000,100,"[50, 50, 100]","I(M1,M2;T)"
328,0.0,5.464535306860261,-0.7642536060218816,1000,100,"[50, 50, 100]","I(M1,M2;T)"
329,0.0,5.528819802175052,-0.7089044149985835,1000,100,"[50, 50, 100]","I(M1,M2;T)"
330,0.0,5.610174337520794,-0.6265235014259041,1000,100,"[50, 50, 100]","I(M1,M2;T)"
331,0.0,5.61150688003248,-0.6228737040627754,1000,100,"[50, 50, 100]","I(M1,M2;T)"
332,0.0,5.560658156952622,-0.6721091964588668,1000,100,"[50, 50, 100]","I(M1,M2;T)"
333,0.0,5.617855810651977,-0.605996229496915,1000,100,"[50, 50, 100]","I(M1,M2;T)"
334,0.0,5.625443027762618,-0.6005501937056188,1000,100,"[50, 50, 100]","I(M1,M2;T)"
335,0.0,5.562058666002158,-0.670516907706892,1000,100,"[50, 50, 100]","I(M1,M2;T)"
336,0.0,5.851548219002818,-0.3819221147627827,1000,100,"[50, 50, 100]","I(M1,M2;T)"
337,0.0,5.639672488028912,-0.5917854099971089,1000,100,"[50, 50, 100]","I(M1,M2;T)"
338,0.0,5.510949371360013,-0.7248888020658679,1000,100,"[50, 50, 100]","I(M1,M2;T)"
339,0.0,5.546797969755485,-0.6835444006195805,1000,100,"[50, 50, 100]","I(M1,M2;T)"
340,0.0,5.567089122485127,-0.6618152589267376,1000,100,"[50, 50, 100]","I(M1,M2;T)"
341,0.0,5.479871690844569,-0.7500281308530399,1000,100,"[50, 50, 100]","I(M1,M2;T)"
342,0.0,5.660451142716537,-0.5713582288316585,1000,100,"[50, 50, 100]","I(M1,M2;T)"
343,0.0,5.369186057371042,-0.8639266616589021,1000,100,"[50, 50, 100]","I(M1,M2;T)"
344,0.0,5.608003135402026,-0.622034605079369,1000,100,"[50, 50, 100]","I(M1,M2;T)"
345,0.0,5.4434594306379624,-0.7941543448441131,1000,100,"[50, 50, 100]","I(M1,M2;T)"
346,0.0,5.590397850946257,-0.6407870661954753,1000,100,"[50, 50, 100]","I(M1,M2;T)"
347,0.0,5.554566500565585,-0.675832690629889,1000,100,"[50, 50, 100]","I(M1,M2;T)"
348,0.0,5.54458536634597,-0.6858401889115413,1000,100,"[50, 50, 100]","I(M1,M2;T)"
349,0.0,5.565292940880467,-0.6733329383427122,1000,100,"[50, 50, 100]","I(M1,M2;T)"
350,0.0,5.749972770870288,-0.48103693332481257,1000,100,"[50, 50, 100]","I(M1,M2;T)"
351,0.0,5.6119712816445855,-0.6199246819016144,1000,100,"[50, 50, 100]","I(M1,M2;T)"
352,0.0,5.630792840557007,-0.6067797771278505,1000,100,"[50, 50, 100]","I(M1,M2;T)"
353,0.0,5.660402341752935,-0.5716752969829733,1000,100,"[50, 50, 100]","I(M1,M2;T)"
354,0.0,5.725148608886805,-0.5119314014855192,1000,100,"[50, 50, 100]","I(M1,M2;T)"
355,0.0,5.606325211786353,-0.6297524633949081,1000,100,"[50, 50, 100]","I(M1,M2;T)"
356,0.0,5.474310660747874,-0.7621683753578186,1000,100,"[50, 50, 100]","I(M1,M2;T)"
357,0.0,5.629185674153484,-0.6116994720549735,1000,100,"[50, 50, 100]","I(M1,M2;T)"
358,0.0,5.451384955814357,-0.7748349772659475,1000,100,"[50, 50, 100]","I(M1,M2;T)"
359,0.0,5.5054711634107445,-0.7239585518225722,1000,100,"[50, 50, 100]","I(M1,M2;T)"
360,0.0,5.634013410667156,-0.5967609826014248,1000,100,"[50, 50, 100]","I(M1,M2;T)"
361,0.0,5.584035759228429,-0.6500580129093549,1000,100,"[50, 50, 100]","I(M1,M2;T)"
362,0.0,5.596925912393256,-0.6371149501900062,1000,100,"[50, 50, 100]","I(M1,M2;T)"
363,0.0,5.500124247195375,-0.7270947944725359,1000,100,"[50, 50, 100]","I(M1,M2;T)"
364,0.0,5.476244809980207,-0.7635576568738971,1000,100,"[50, 50, 100]","I(M1,M2;T)"
365,0.0,5.657597694997597,-0.5737572776319464,1000,100,"[50, 50, 100]","I(M1,M2;T)"
366,0.0,5.452349959709286,-0.7858511591886046,1000,100,"[50, 50, 100]","I(M1,M2;T)"
367,0.0,5.6061522574845615,-0.6284305272584074,1000,100,"[50, 50, 100]","I(M1,M2;T)"
368,0.0,5.681142178102563,-0.5511231632433358,1000,100,"[50, 50, 100]","I(M1,M2;T)"
369,0.0,5.62912869078985,-0.6020736531714297,1000,100,"[50, 50, 100]","I(M1,M2;T)"
370,0.0,5.582105043686971,-0.6511404190454675,1000,100,"[50, 50, 100]","I(M1,M2;T)"
371,0.0,5.643809486081956,-0.594552237704403,1000,100,"[50, 50, 100]","I(M1,M2;T)"
372,0.0,5.5191939691038785,-0.7085426597942197,1000,100,"[50, 50, 100]","I(M1,M2;T)"
373,0.0,5.630103008992741,-0.6027893006649379,1000,100,"[50, 50, 100]","I(M1,M2;T)"
374,0.0,5.582709173359978,-0.6469747715296252,1000,100,"[50, 50, 100]","I(M1,M2;T)"
375,0.0,5.521051384350287,-0.7057101630124327,1000,100,"[50, 50, 100]","I(M1,M2;T)"
376,0.0,5.343834577550226,-0.8995070879951061,1000,100,"[50, 50, 100]","I(M1,M2;T)"
377,0.0,5.632476408972135,-0.606302536009129,1000,100,"[50, 50, 100]","I(M1,M2;T)"
378,0.0,5.702914550254244,-0.5278962678643291,1000,100,"[50, 50, 100]","I(M1,M2;T)"
379,0.0,5.624166402406106,-0.6075738130929622,1000,100,"[50, 50, 100]","I(M1,M2;T)"
380,0.0,5.530499568011807,-0.7098259348171556,1000,100,"[50, 50, 100]","I(M1,M2;T)"
381,0.0,5.576154625076729,-0.6597477071033335,1000,100,"[50, 50, 100]","I(M1,M2;T)"
382,0.0,5.596662126031984,-0.6365874890111574,1000,100,"[50, 50, 100]","I(M1,M2;T)"
383,0.0,5.6582339826850845,-0.5743007747101565,1000,100,"[50, 50, 100]","I(M1,M2;T)"
384,0.0,5.532557798020752,-0.7017546660236871,1000,100,"[50, 50, 100]","I(M1,M2;T)"
385,0.0,5.471977697586722,-0.7630925849129859,1000,100,"[50, 50, 100]","I(M1,M2;T)"
386,0.0,5.590296583547714,-0.6384835011132912,1000,100,"[50, 50, 100]","I(M1,M2;T)"
387,0.0,5.51248490311554,-0.7226965704633193,1000,100,"[50, 50, 100]","I(M1,M2;T)"
388,0.0,5.612533139306357,-0.6163006668134576,1000,100,"[50, 50, 100]","I(M1,M2;T)"
389,0.0,5.6907289279708255,-0.5507743908190674,1000,100,"[50, 50, 100]","I(M1,M2;T)"
390,0.0,5.583924022416425,-0.641673993673261,1000,100,"[50, 50, 100]","I(M1,M2;T)"
391,0.0,5.65866300037111,-0.5812533317759643,1000,100,"[50, 50, 100]","I(M1,M2;T)"
392,0.0,5.414590529443773,-0.8171834403772733,1000,100,"[50, 50, 100]","I(M1,M2;T)"
393,0.0,5.599417384966969,-0.6351682746371967,1000,100,"[50, 50, 100]","I(M1,M2;T)"
394,0.0,5.44303506002362,-0.7911862170864881,1000,100,"[50, 50, 100]","I(M1,M2;T)"
395,0.0,5.6472320929582205,-0.5818427838794777,1000,100,"[50, 50, 100]","I(M1,M2;T)"
396,0.0,5.6603298641110715,-0.5725579098626348,1000,100,"[50, 50, 100]","I(M1,M2;T)"
397,0.0,5.675582578487674,-0.5529817196116156,1000,100,"[50, 50, 100]","I(M1,M2;T)"
398,0.0,5.465095643164926,-0.7606412552383137,1000,100,"[50, 50, 100]","I(M1,M2;T)"
399,0.0,5.536806008987366,-0.692988589251561,1000,100,"[50, 50, 100]","I(M1,M2;T)"
400,0.0,5.625625671317587,-0.60914129211959,1000,100,"[50, 50, 100]","I(M1,M2;T)"
401,0.0,5.463157168940528,-0.7685047279306936,1000,100,"[50, 50, 100]","I(M1,M2;T)"
402,0.0,5.7221369728967515,-0.5089946289042384,1000,100,"[50, 50, 100]","I(M1,M2;T)"
403,0.0,5.488773898019222,-0.7449235487401582,1000,100,"[50, 50, 100]","I(M1,M2;T)"
404,0.0,5.596715298216434,-0.6339249612799449,1000,100,"[50, 50, 100]","I(M1,M2;T)"
405,0.0,5.543630934710455,-0.6888812965416751,1000,100,"[50, 50, 100]","I(M1,M2;T)"
406,0.0,5.61078655396955,-0.627616330747049,1000,100,"[50, 50, 100]","I(M1,M2;T)"
407,0.0,5.514754218082367,-0.7127406891488963,1000,100,"[50, 50, 100]","I(M1,M2;T)"
408,0.0,5.539318272678588,-0.6946676078167195,1000,100,"[50, 50, 100]","I(M1,M2;T)"
409,0.0,5.498121409075727,-0.7374383004203269,1000,100,"[50, 50, 100]","I(M1,M2;T)"
410,0.0,5.602832660955686,-0.622667540869144,1000,100,"[50, 50, 100]","I(M1,M2;T)"
411,0.0,5.639733528699441,-0.5951352223308817,1000,100,"[50, 50, 100]","I(M1,M2;T)"
412,0.0,5.630498637213222,-0.6011827537333776,1000,100,"[50, 50, 100]","I(M1,M2;T)"
413,0.0,5.508153964023536,-0.7256447518143192,1000,100,"[50, 50, 100]","I(M1,M2;T)"
414,0.0,5.543704892989212,-0.6834214483022754,1000,100,"[50, 50, 100]","I(M1,M2;T)"
415,0.0,5.62694761403141,-0.6144689645989798,1000,100,"[50, 50, 100]","I(M1,M2;T)"
416,0.0,5.454300987584203,-0.7767070208847864,1000,100,"[50, 50, 100]","I(M1,M2;T)"
417,0.0,5.428346351469168,-0.809071611239152,1000,100,"[50, 50, 100]","I(M1,M2;T)"
418,0.0,5.557333357404942,-0.6713687158808552,1000,100,"[50, 50, 100]","I(M1,M2;T)"
419,0.0,5.381579835486651,-0.8469758448611824,1000,100,"[50, 50, 100]","I(M1,M2;T)"
420,0.0,5.575425061421657,-0.6592167225200063,1000,100,"[50, 50, 100]","I(M1,M2;T)"
421,0.0,5.761704963290569,-0.46466773948302276,1000,100,"[50, 50, 100]","I(M1,M2;T)"
422,0.0,5.409909745567157,-0.8228866712846257,1000,100,"[50, 50, 100]","I(M1,M2;T)"
423,0.0,5.61835646775309,-0.6204523524334515,1000,100,"[50, 50, 100]","I(M1,M2;T)"
424,0.0,5.5514770829383675,-0.6844894315534322,1000,100,"[50, 50, 100]","I(M1,M2;T)"
425,0.0,5.343526691868167,-0.8859455795450977,1000,100,"[50, 50, 100]","I(M1,M2;T)"
426,0.0,5.542020285884296,-0.6924021394843018,1000,100,"[50, 50, 100]","I(M1,M2;T)"
427,0.0,5.512947264002662,-0.7190274123101466,1000,100,"[50, 50, 100]","I(M1,M2;T)"
428,0.0,5.666190492387496,-0.5684920860486216,1000,100,"[50, 50, 100]","I(M1,M2;T)"
429,0.0,5.499130134118826,-0.7333304895361321,1000,100,"[50, 50, 100]","I(M1,M2;T)"
430,0.0,5.541235928440269,-0.6992169433766904,1000,100,"[50, 50, 100]","I(M1,M2;T)"
431,0.0,5.600848477579984,-0.6377629397678746,1000,100,"[50, 50, 100]","I(M1,M2;T)"
432,0.0,5.585905687728884,-0.6434447541425259,1000,100,"[50, 50, 100]","I(M1,M2;T)"
433,0.0,5.65670978425106,-0.5737910567334001,1000,100,"[50, 50, 100]","I(M1,M2;T)"
434,0.0,5.5738882505934475,-0.6644267413292608,1000,100,"[50, 50, 100]","I(M1,M2;T)"
435,0.0,5.6569353075685225,-0.5888655960765705,1000,100,"[50, 50, 100]","I(M1,M2;T)"
436,0.0,5.624369403667931,-0.6072145706547092,1000,100,"[50, 50, 100]","I(M1,M2;T)"
437,0.0,5.63145718576296,-0.5929657258617755,1000,100,"[50, 50, 100]","I(M1,M2;T)"
438,0.0,5.383419279239595,-0.8438013395742976,1000,100,"[50, 50, 100]","I(M1,M2;T)"
439,0.0,5.657595535069944,-0.5740490461308045,1000,100,"[50, 50, 100]","I(M1,M2;T)"
440,0.0,5.546327261258382,-0.6866765797515946,1000,100,"[50, 50, 100]","I(M1,M2;T)"
441,0.0,5.706538909659795,-0.5282168928027655,1000,100,"[50, 50, 100]","I(M1,M2;T)"
442,0.0,5.4931060883433505,-0.7351267951243932,1000,100,"[50, 50, 100]","I(M1,M2;T)"
443,0.0,5.482765049266146,-0.7429513595655415,1000,100,"[50, 50, 100]","I(M1,M2;T)"
444,0.0,5.645476619241213,-0.5870647945228997,1000,100,"[50, 50, 100]","I(M1,M2;T)"
445,0.0,5.8300623425286044,-0.4011502018668045,1000,100,"[50, 50, 100]","I(M1,M2;T)"
446,0.0,5.483760818060593,-0.7486754248398544,1000,100,"[50, 50, 100]","I(M1,M2;T)"
447,0.0,5.754980631721105,-0.472793760311772,1000,100,"[50, 50, 100]","I(M1,M2;T)"
448,0.0,5.551076109976784,-0.6806107803397188,1000,100,"[50, 50, 100]","I(M1,M2;T)"
449,0.0,5.6006938155438215,-0.6360282157643748,1000,100,"[50, 50, 100]","I(M1,M2;T)"
450,0.0,5.681412238839103,-0.5490319838853246,1000,100,"[50, 50, 100]","I(M1,M2;T)"
451,0.0,5.737747123012112,-0.494282275381555,1000,100,"[50, 50, 100]","I(M1,M2;T)"
452,0.0,5.439344002075444,-0.7904297608211355,1000,100,"[50, 50, 100]","I(M1,M2;T)"
453,0.0,5.635148580791678,-0.6059902690457086,1000,100,"[50, 50, 100]","I(M1,M2;T)"
454,0.0,5.5997063492232115,-0.6350157370788372,1000,100,"[50, 50, 100]","I(M1,M2;T)"
455,0.0,5.544007349744534,-0.6860313784168941,1000,100,"[50, 50, 100]","I(M1,M2;T)"
456,0.0,5.5864200732324925,-0.6523023617523451,1000,100,"[50, 50, 100]","I(M1,M2;T)"
457,0.0,5.669061221889036,-0.5532956803572029,1000,100,"[50, 50, 100]","I(M1,M2;T)"
458,0.0,5.574860501283907,-0.653003014208215,1000,100,"[50, 50, 100]","I(M1,M2;T)"
459,0.0,5.644968207967523,-0.5846417521569425,1000,100,"[50, 50, 100]","I(M1,M2;T)"
460,0.0,5.6610561480156045,-0.5701811762871545,1000,100,"[50, 50, 100]","I(M1,M2;T)"
461,0.0,5.514798617046183,-0.727950522667701,1000,100,"[50, 50, 100]","I(M1,M2;T)"
462,0.0,5.493464639694221,-0.7445928897967535,1000,100,"[50, 50, 100]","I(M1,M2;T)"
463,0.0,5.599733608205408,-0.6390177875602427,1000,100,"[50, 50, 100]","I(M1,M2;T)"
464,0.0,5.625884118270827,-0.6081300675214028,1000,100,"[50, 50, 100]","I(M1,M2;T)"
465,0.0,5.457483740256212,-0.7685329361208719,1000,100,"[50, 50, 100]","I(M1,M2;T)"
466,0.0,5.516304915783581,-0.7198633175662037,1000,100,"[50, 50, 100]","I(M1,M2;T)"
467,0.0,5.501870162513843,-0.733822776703259,1000,100,"[50, 50, 100]","I(M1,M2;T)"
468,0.0,5.620982250287072,-0.6065594872979467,1000,100,"[50, 50, 100]","I(M1,M2;T)"
469,0.0,5.637375190712362,-0.5957558691507785,1000,100,"[50, 50, 100]","I(M1,M2;T)"
470,0.0,5.57402027061169,-0.6566577414793473,1000,100,"[50, 50, 100]","I(M1,M2;T)"
471,0.0,5.6129898797692235,-0.6146231700955562,1000,100,"[50, 50, 100]","I(M1,M2;T)"
472,0.0,5.577021695554312,-0.6570793183651498,1000,100,"[50, 50, 100]","I(M1,M2;T)"
473,0.0,5.439586114299834,-0.797831618558611,1000,100,"[50, 50, 100]","I(M1,M2;T)"
474,0.0,5.648602893953202,-0.5814301674332736,1000,100,"[50, 50, 100]","I(M1,M2;T)"
475,0.0,5.51377901324627,-0.725397375844425,1000,100,"[50, 50, 100]","I(M1,M2;T)"
476,0.0,5.560602569815187,-0.6671427131520442,1000,100,"[50, 50, 100]","I(M1,M2;T)"
477,0.0,5.621814749908433,-0.6173133528455574,1000,100,"[50, 50, 100]","I(M1,M2;T)"
478,0.0,5.624042116111751,-0.6036075424770653,1000,100,"[50, 50, 100]","I(M1,M2;T)"
479,0.0,5.720328278136858,-0.5085855700762698,1000,100,"[50, 50, 100]","I(M1,M2;T)"
480,0.0,5.6537519002210095,-0.5742138608080616,1000,100,"[50, 50, 100]","I(M1,M2;T)"
481,0.0,5.564147828421591,-0.6652333495724099,1000,100,"[50, 50, 100]","I(M1,M2;T)"
482,0.0,5.618242996383393,-0.6111029215278103,1000,100,"[50, 50, 100]","I(M1,M2;T)"
483,0.0,5.558518144846696,-0.6742806816200826,1000,100,"[50, 50, 100]","I(M1,M2;T)"
484,0.0,5.482321134798765,-0.7499325510235559,1000,100,"[50, 50, 100]","I(M1,M2;T)"
485,0.0,5.489997234883209,-0.7443041781689015,1000,100,"[50, 50, 100]","I(M1,M2;T)"
486,0.0,5.590493015186589,-0.6451898801560843,1000,100,"[50, 50, 100]","I(M1,M2;T)"
487,0.0,5.6663896639299605,-0.5606778764837363,1000,100,"[50, 50, 100]","I(M1,M2;T)"
488,0.0,5.601081946081881,-0.633956110417798,1000,100,"[50, 50, 100]","I(M1,M2;T)"
489,0.0,5.6242556476394014,-0.6091520459071553,1000,100,"[50, 50, 100]","I(M1,M2;T)"
490,0.0,5.651567470553987,-0.5826503323871526,1000,100,"[50, 50, 100]","I(M1,M2;T)"
491,0.0,5.593054065219702,-0.6338859881378349,1000,100,"[50, 50, 100]","I(M1,M2;T)"
492,0.0,5.642070501397866,-0.5911001358468466,1000,100,"[50, 50, 100]","I(M1,M2;T)"
493,0.0,5.648520777951918,-0.5828756983379177,1000,100,"[50, 50, 100]","I(M1,M2;T)"
494,0.0,5.571429022464393,-0.6617165036661552,1000,100,"[50, 50, 100]","I(M1,M2;T)"
495,0.0,5.584468366466351,-0.6453802818544103,1000,100,"[50, 50, 100]","I(M1,M2;T)"
496,0.0,5.4889827494142756,-0.7494544515336763,1000,100,"[50, 50, 100]","I(M1,M2;T)"
497,0.0,5.5677186811850214,-0.6691729151604182,1000,100,"[50, 50, 100]","I(M1,M2;T)"
498,0.0,5.686918128858231,-0.5475273708826114,1000,100,"[50, 50, 100]","I(M1,M2;T)"
499,0.0,5.6962527120616855,-0.5369173151461419,1000,100,"[50, 50, 100]","I(M1,M2;T)"
500,0.0,5.559074443320478,-0.6657081648961052,1000,100,"[50, 50, 100]","I(M1,M2;T)"
501,0.0,5.461757147596826,-0.7699509817968302,1000,100,"[50, 50, 100]","I(M1,M2;T)"
502,0.0,5.53073678244373,-0.7086578115723574,1000,100,"[50, 50, 100]","I(M1,M2;T)"
503,0.0,5.529466922214379,-0.7080068647569773,1000,100,"[50, 50, 100]","I(M1,M2;T)"
504,0.0,5.558722502317184,-0.6735419605545898,1000,100,"[50, 50, 100]","I(M1,M2;T)"
505,0.0,5.5455098644642975,-0.6793393666126182,1000,100,"[50, 50, 100]","I(M1,M2;T)"
506,0.0,5.719004797144198,-0.5123878466489424,1000,100,"[50, 50, 100]","I(M1,M2;T)"
507,0.0,5.551191646956036,-0.6809642275853864,1000,100,"[50, 50, 100]","I(M1,M2;T)"
508,0.0,5.431228117182047,-0.8018390395286117,1000,100,"[50, 50, 100]","I(M1,M2;T)"
509,0.0,5.4725289504904175,-0.7565125594792201,1000,100,"[50, 50, 100]","I(M1,M2;T)"
510,0.0,5.685585277129477,-0.55075260604257,1000,100,"[50, 50, 100]","I(M1,M2;T)"
511,0.0,5.5881922818336225,-0.6391959416304687,1000,100,"[50, 50, 100]","I(M1,M2;T)"
512,0.0,5.577326741586408,-0.6511984743874422,1000,100,"[50, 50, 100]","I(M1,M2;T)"
513,0.0,5.668830601397509,-0.5610217965949529,1000,100,"[50, 50, 100]","I(M1,M2;T)"
514,0.0,5.554187666052689,-0.6748131526755721,1000,100,"[50, 50, 100]","I(M1,M2;T)"
515,0.0,5.605719942549749,-0.6247703230494714,1000,100,"[50, 50, 100]","I(M1,M2;T)"
516,0.0,5.638626754504687,-0.5916518759659919,1000,100,"[50, 50, 100]","I(M1,M2;T)"
517,0.0,5.6744166976725605,-0.547972852893694,1000,100,"[50, 50, 100]","I(M1,M2;T)"
518,0.0,5.642960812692633,-0.5881271771399765,1000,100,"[50, 50, 100]","I(M1,M2;T)"
519,0.0,5.631619318604685,-0.601661433083863,1000,100,"[50, 50, 100]","I(M1,M2;T)"
520,0.0,5.628831711204405,-0.6075767390700042,1000,100,"[50, 50, 100]","I(M1,M2;T)"
521,0.0,5.543089549364543,-0.6917089068976372,1000,100,"[50, 50, 100]","I(M1,M2;T)"
522,0.0,5.512361450545685,-0.7165291917943479,1000,100,"[50, 50, 100]","I(M1,M2;T)"
523,0.0,5.664023449038309,-0.5723691695390345,1000,100,"[50, 50, 100]","I(M1,M2;T)"
524,0.0,5.575504942677214,-0.6561334193651538,1000,100,"[50, 50, 100]","I(M1,M2;T)"
525,0.0,5.70802495637297,-0.5267963978308892,1000,100,"[50, 50, 100]","I(M1,M2;T)"
526,0.0,5.46850951875804,-0.7692261342008582,1000,100,"[50, 50, 100]","I(M1,M2;T)"
527,0.0,5.630417990518061,-0.6106535449191757,1000,100,"[50, 50, 100]","I(M1,M2;T)"
528,0.0,5.56338912964944,-0.6683514376539978,1000,100,"[50, 50, 100]","I(M1,M2;T)"
529,0.0,5.561801463080996,-0.6776290857963163,1000,100,"[50, 50, 100]","I(M1,M2;T)"
530,0.0,5.7138912777058035,-0.5175407152214797,1000,100,"[50, 50, 100]","I(M1,M2;T)"
531,0.0,5.473644042780953,-0.7548496175938828,1000,100,"[50, 50, 100]","I(M1,M2;T)"
532,0.0,5.429902670038476,-0.802439833419875,1000,100,"[50, 50, 100]","I(M1,M2;T)"
533,0.0,5.489856616942147,-0.7414417775151376,1000,100,"[50, 50, 100]","I(M1,M2;T)"
534,0.0,5.538653106173814,-0.6970813044567912,1000,100,"[50, 50, 100]","I(M1,M2;T)"
535,0.0,5.623656387691631,-0.610416591924432,1000,100,"[50, 50, 100]","I(M1,M2;T)"
536,0.0,5.574944259650042,-0.6566569735680305,1000,100,"[50, 50, 100]","I(M1,M2;T)"
537,0.0,5.575369569198387,-0.6559023777498743,1000,100,"[50, 50, 100]","I(M1,M2;T)"
538,0.0,5.583432860373223,-0.6456895355142827,1000,100,"[50, 50, 100]","I(M1,M2;T)"
539,0.0,5.438303973106244,-0.7905913285066442,1000,100,"[50, 50, 100]","I(M1,M2;T)"
540,0.0,5.448875827529441,-0.7861724022311041,1000,100,"[50, 50, 100]","I(M1,M2;T)"
541,0.0,5.649801983613185,-0.5824256073882239,1000,100,"[50, 50, 100]","I(M1,M2;T)"
542,0.0,5.625230590231872,-0.6054125593888706,1000,100,"[50, 50, 100]","I(M1,M2;T)"
543,0.0,5.445477537729415,-0.7864117483889661,1000,100,"[50, 50, 100]","I(M1,M2;T)"
544,0.0,5.5829360907643215,-0.6497500017187408,1000,100,"[50, 50, 100]","I(M1,M2;T)"
545,0.0,5.5694176688326325,-0.6623673737921116,1000,100,"[50, 50, 100]","I(M1,M2;T)"
546,0.0,5.538887486392539,-0.6867395594168633,1000,100,"[50, 50, 100]","I(M1,M2;T)"
547,0.0,5.585492837988088,-0.6565960576990566,1000,100,"[50, 50, 100]","I(M1,M2;T)"
548,0.0,5.514509763600545,-0.7279242443694951,1000,100,"[50, 50, 100]","I(M1,M2;T)"
549,0.0,5.500986055530554,-0.7248285680391167,1000,100,"[50, 50, 100]","I(M1,M2;T)"
550,0.0,5.673933162200877,-0.5671283432746428,1000,100,"[50, 50, 100]","I(M1,M2;T)"
551,0.0,5.750654668525014,-0.476643774536349,1000,100,"[50, 50, 100]","I(M1,M2;T)"
552,0.0,5.578203972666497,-0.6547172356732132,1000,100,"[50, 50, 100]","I(M1,M2;T)"
553,0.0,5.586568896498609,-0.6535189390484346,1000,100,"[50, 50, 100]","I(M1,M2;T)"
554,0.0,5.549870519303914,-0.6820586837912952,1000,100,"[50, 50, 100]","I(M1,M2;T)"
555,0.0,5.594262429524813,-0.6350206129032268,1000,100,"[50, 50, 100]","I(M1,M2;T)"
556,0.0,5.618646810027185,-0.6152192992018337,1000,100,"[50, 50, 100]","I(M1,M2;T)"
557,0.0,5.425306006140463,-0.799292226236668,1000,100,"[50, 50, 100]","I(M1,M2;T)"
558,0.0,5.617048084314481,-0.6149527672858168,1000,100,"[50, 50, 100]","I(M1,M2;T)"
559,0.0,5.498118259567847,-0.7297975878173579,1000,100,"[50, 50, 100]","I(M1,M2;T)"
560,0.0,5.517512333410548,-0.7125679115794474,1000,100,"[50, 50, 100]","I(M1,M2;T)"
561,0.0,5.576463183273814,-0.6520965210852152,1000,100,"[50, 50, 100]","I(M1,M2;T)"
562,0.0,5.55095010341833,-0.6900822096164285,1000,100,"[50, 50, 100]","I(M1,M2;T)"
563,0.0,5.615373122465099,-0.6292907966061589,1000,100,"[50, 50, 100]","I(M1,M2;T)"
564,0.0,5.626978087327533,-0.6046078879126826,1000,100,"[50, 50, 100]","I(M1,M2;T)"
565,0.0,5.58167117969124,-0.6477273528959957,1000,100,"[50, 50, 100]","I(M1,M2;T)"
566,0.0,5.586192590564852,-0.6465076681652819,1000,100,"[50, 50, 100]","I(M1,M2;T)"
567,0.0,5.4414417171733165,-0.7888717579650653,1000,100,"[50, 50, 100]","I(M1,M2;T)"
568,0.0,5.66978381407846,-0.5637770913850657,1000,100,"[50, 50, 100]","I(M1,M2;T)"
569,0.0,5.42163700596738,-0.8053321025342877,1000,100,"[50, 50, 100]","I(M1,M2;T)"
570,0.0,5.556211529893464,-0.6775055357927915,1000,100,"[50, 50, 100]","I(M1,M2;T)"
571,0.0,5.588842202355724,-0.6419564000042124,1000,100,"[50, 50, 100]","I(M1,M2;T)"
572,0.0,5.506037069356257,-0.7237606786263839,1000,100,"[50, 50, 100]","I(M1,M2;T)"
573,0.0,5.481450237465385,-0.7506325048122644,1000,100,"[50, 50, 100]","I(M1,M2;T)"
574,0.0,5.566591223981828,-0.6670745822018649,1000,100,"[50, 50, 100]","I(M1,M2;T)"
575,0.0,5.638689406371552,-0.5979398519017982,1000,100,"[50, 50, 100]","I(M1,M2;T)"
576,0.0,5.4987137439019875,-0.739626344195579,1000,100,"[50, 50, 100]","I(M1,M2;T)"
577,0.0,5.676087995037286,-0.552410482538308,1000,100,"[50, 50, 100]","I(M1,M2;T)"
578,0.0,5.595635082050082,-0.6372341985270822,1000,100,"[50, 50, 100]","I(M1,M2;T)"
579,0.0,5.687332817889387,-0.5450855415076621,1000,100,"[50, 50, 100]","I(M1,M2;T)"
580,0.0,5.5046744887867405,-0.7229435513154785,1000,100,"[50, 50, 100]","I(M1,M2;T)"
581,0.0,5.554456296568544,-0.6844268226125383,1000,100,"[50, 50, 100]","I(M1,M2;T)"
582,0.0,5.572147970689188,-0.6590234053209683,1000,100,"[50, 50, 100]","I(M1,M2;T)"
583,0.0,5.453454487635051,-0.7857072426231841,1000,100,"[50, 50, 100]","I(M1,M2;T)"
584,0.0,5.6469452156155615,-0.5899675274303569,1000,100,"[50, 50, 100]","I(M1,M2;T)"
585,0.0,5.648316791459784,-0.5794982800791688,1000,100,"[50, 50, 100]","I(M1,M2;T)"
586,0.0,5.623650958330526,-0.6069978651510706,1000,100,"[50, 50, 100]","I(M1,M2;T)"
587,0.0,5.623185765708403,-0.6055662968636408,1000,100,"[50, 50, 100]","I(M1,M2;T)"
588,0.0,5.610149109845143,-0.6268754142729263,1000,100,"[50, 50, 100]","I(M1,M2;T)"
589,0.0,5.655914930755939,-0.576893900019221,1000,100,"[50, 50, 100]","I(M1,M2;T)"
590,0.0,5.420505417161417,-0.8160927970579257,1000,100,"[50, 50, 100]","I(M1,M2;T)"
591,0.0,5.606855966169455,-0.6276027640023143,1000,100,"[50, 50, 100]","I(M1,M2;T)"
592,0.0,5.431633210416129,-0.798471628461705,1000,100,"[50, 50, 100]","I(M1,M2;T)"
593,0.0,5.56579090785568,-0.6658652972340873,1000,100,"[50, 50, 100]","I(M1,M2;T)"
594,0.0,5.589643219950174,-0.6346071376830178,1000,100,"[50, 50, 100]","I(M1,M2;T)"
595,0.0,5.517103044657873,-0.7230360049030251,1000,100,"[50, 50, 100]","I(M1,M2;T)"
596,0.0,5.567882623076822,-0.664993480791578,1000,100,"[50, 50, 100]","I(M1,M2;T)"
597,0.0,5.655193338029438,-0.5788232916635696,1000,100,"[50, 50, 100]","I(M1,M2;T)"
598,0.0,5.675920524107294,-0.5567549998954213,1000,100,"[50, 50, 100]","I(M1,M2;T)"
599,0.0,5.462127712807968,-0.7748519629409225,1000,100,"[50, 50, 100]","I(M1,M2;T)"
600,0.0,5.569158337806494,-0.6687569701712262,1000,100,"[50, 50, 100]","I(M1,M2;T)"
601,0.0,5.653750794941422,-0.5867516980286123,1000,100,"[50, 50, 100]","I(M1,M2;T)"
602,0.0,5.608204526521932,-0.6226929484324923,1000,100,"[50, 50, 100]","I(M1,M2;T)"
603,0.0,5.447105199068116,-0.7827654732072249,1000,100,"[50, 50, 100]","I(M1,M2;T)"
604,0.0,5.591209173124902,-0.6357631406071746,1000,100,"[50, 50, 100]","I(M1,M2;T)"
605,0.0,5.562364987672192,-0.6698710411444235,1000,100,"[50, 50, 100]","I(M1,M2;T)"
606,0.0,5.652749721953237,-0.5802862921423273,1000,100,"[50, 50, 100]","I(M1,M2;T)"
607,0.0,5.6501231850186775,-0.5828371215215098,1000,100,"[50, 50, 100]","I(M1,M2;T)"
608,0.0,5.612112777050221,-0.6192976087093269,1000,100,"[50, 50, 100]","I(M1,M2;T)"
609,0.0,5.53594696427668,-0.700127122087066,1000,100,"[50, 50, 100]","I(M1,M2;T)"
610,0.0,5.631036297750303,-0.6027253487312239,1000,100,"[50, 50, 100]","I(M1,M2;T)"
611,0.0,5.732367379192231,-0.4956767542282643,1000,100,"[50, 50, 100]","I(M1,M2;T)"
612,0.0,5.555087408194646,-0.680752106314535,1000,100,"[50, 50, 100]","I(M1,M2;T)"
613,0.0,5.72618304146946,-0.5106429767404581,1000,100,"[50, 50, 100]","I(M1,M2;T)"
614,0.0,5.6287458290521615,-0.6105463647616407,1000,100,"[50, 50, 100]","I(M1,M2;T)"
615,0.0,5.625681609032356,-0.6086042389223509,1000,100,"[50, 50, 100]","I(M1,M2;T)"
616,0.0,5.63551231843656,-0.6009439917872283,1000,100,"[50, 50, 100]","I(M1,M2;T)"
617,0.0,5.63557650481305,-0.5948363380889967,1000,100,"[50, 50, 100]","I(M1,M2;T)"
618,0.0,5.5865074788030995,-0.654651925249369,1000,100,"[50, 50, 100]","I(M1,M2;T)"
619,0.0,5.415289368000131,-0.8146802589875222,1000,100,"[50, 50, 100]","I(M1,M2;T)"
620,0.0,5.613931727254728,-0.6091995867307896,1000,100,"[50, 50, 100]","I(M1,M2;T)"
621,0.0,5.428007754946173,-0.8046831215840475,1000,100,"[50, 50, 100]","I(M1,M2;T)"
622,0.0,5.558037711845093,-0.6796728788494057,1000,100,"[50, 50, 100]","I(M1,M2;T)"
623,0.0,5.647228157294707,-0.5868460016392234,1000,100,"[50, 50, 100]","I(M1,M2;T)"
624,0.0,5.6094142052450975,-0.6197786389969417,1000,100,"[50, 50, 100]","I(M1,M2;T)"
625,0.0,5.543502700718131,-0.6958343605469137,1000,100,"[50, 50, 100]","I(M1,M2;T)"
626,0.0,5.528999834520006,-0.7068027339981331,1000,100,"[50, 50, 100]","I(M1,M2;T)"
627,0.0,5.286850079443753,-0.9481000610185797,1000,100,"[50, 50, 100]","I(M1,M2;T)"
628,0.0,5.486140008166368,-0.7496107460062129,1000,100,"[50, 50, 100]","I(M1,M2;T)"
629,0.0,5.6133264403588905,-0.6064050013297333,1000,100,"[50, 50, 100]","I(M1,M2;T)"
630,0.0,5.646563561348576,-0.5864198705590882,1000,100,"[50, 50, 100]","I(M1,M2;T)"
631,0.0,5.37077047270326,-0.8577506715631067,1000,100,"[50, 50, 100]","I(M1,M2;T)"
632,0.0,5.47921930368107,-0.7535461198386519,1000,100,"[50, 50, 100]","I(M1,M2;T)"
633,0.0,5.702761362038547,-0.5259530183435439,1000,100,"[50, 50, 100]","I(M1,M2;T)"
634,0.0,5.606982298261583,-0.6309584602489862,1000,100,"[50, 50, 100]","I(M1,M2;T)"
635,0.0,5.57368419606296,-0.6589919541670257,1000,100,"[50, 50, 100]","I(M1,M2;T)"
636,0.0,5.665306320651873,-0.567101338346065,1000,100,"[50, 50, 100]","I(M1,M2;T)"
637,0.0,5.6486380245934695,-0.5820455364306172,1000,100,"[50, 50, 100]","I(M1,M2;T)"
638,0.0,5.482106694349653,-0.7532808474517481,1000,100,"[50, 50, 100]","I(M1,M2;T)"
639,0.0,5.528373215550107,-0.7047896741148998,1000,100,"[50, 50, 100]","I(M1,M2;T)"
640,0.0,5.6476626015327085,-0.5814414657608822,1000,100,"[50, 50, 100]","I(M1,M2;T)"
641,0.0,5.699519017624532,-0.5370069957675181,1000,100,"[50, 50, 100]","I(M1,M2;T)"
642,0.0,5.643196327899478,-0.5896023504537151,1000,100,"[50, 50, 100]","I(M1,M2;T)"
643,0.0,5.651516248059704,-0.5762380312009574,1000,100,"[50, 50, 100]","I(M1,M2;T)"
644,0.0,5.483129873536292,-0.7500048969009923,1000,100,"[50, 50, 100]","I(M1,M2;T)"
645,0.0,5.583144360222654,-0.6554847619043906,1000,100,"[50, 50, 100]","I(M1,M2;T)"
646,0.0,5.562437899934675,-0.6752872206858695,1000,100,"[50, 50, 100]","I(M1,M2;T)"
647,0.0,5.5412364231836895,-0.6853917967699887,1000,100,"[50, 50, 100]","I(M1,M2;T)"
648,0.0,5.556601976326796,-0.6755544660857042,1000,100,"[50, 50, 100]","I(M1,M2;T)"
649,0.0,5.469661570426526,-0.761566738711914,1000,100,"[50, 50, 100]","I(M1,M2;T)"
650,0.0,5.629938948996935,-0.6036061172195728,1000,100,"[50, 50, 100]","I(M1,M2;T)"
651,0.0,5.584977634542966,-0.644991336409789,1000,100,"[50, 50, 100]","I(M1,M2;T)"
652,0.0,5.5508861715839855,-0.6857133582631878,1000,100,"[50, 50, 100]","I(M1,M2;T)"
653,0.0,5.627613698350179,-0.602078761740537,1000,100,"[50, 50, 100]","I(M1,M2;T)"
654,0.0,5.584045181088625,-0.6564384724452221,1000,100,"[50, 50, 100]","I(M1,M2;T)"
655,0.0,5.424329701472686,-0.8059040158548516,1000,100,"[50, 50, 100]","I(M1,M2;T)"
656,0.0,5.598521365920233,-0.6312107726161882,1000,100,"[50, 50, 100]","I(M1,M2;T)"
657,0.0,5.581334221798226,-0.6531553343236238,1000,100,"[50, 50, 100]","I(M1,M2;T)"
658,0.0,5.489685906994983,-0.7389853444054104,1000,100,"[50, 50, 100]","I(M1,M2;T)"
659,0.0,5.549934556530323,-0.6829085560511032,1000,100,"[50, 50, 100]","I(M1,M2;T)"
660,0.0,5.642798360467229,-0.5888297672695915,1000,100,"[50, 50, 100]","I(M1,M2;T)"
661,0.0,5.398506196993352,-0.8365284842063359,1000,100,"[50, 50, 100]","I(M1,M2;T)"
662,0.0,5.441377809462969,-0.7824417771882262,1000,100,"[50, 50, 100]","I(M1,M2;T)"
663,0.0,5.6020976864457666,-0.6365368991070541,1000,100,"[50, 50, 100]","I(M1,M2;T)"
664,0.0,5.56675347178534,-0.6612420114047515,1000,100,"[50, 50, 100]","I(M1,M2;T)"
665,0.0,5.554960298504263,-0.6748874790431643,1000,100,"[50, 50, 100]","I(M1,M2;T)"
666,0.0,5.512325119166734,-0.7185921411134277,1000,100,"[50, 50, 100]","I(M1,M2;T)"
667,0.0,5.644257092556358,-0.5985991985417396,1000,100,"[50, 50, 100]","I(M1,M2;T)"
668,0.0,5.625710927678,-0.6017740477178615,1000,100,"[50, 50, 100]","I(M1,M2;T)"
669,0.0,5.53600677395914,-0.6924127817634496,1000,100,"[50, 50, 100]","I(M1,M2;T)"
670,0.0,5.548816459951258,-0.6850883662229306,1000,100,"[50, 50, 100]","I(M1,M2;T)"
671,0.0,5.555220198940514,-0.6722135471126673,1000,100,"[50, 50, 100]","I(M1,M2;T)"
672,0.0,5.565202460679494,-0.6669480541364248,1000,100,"[50, 50, 100]","I(M1,M2;T)"
673,0.0,5.466932491274919,-0.760633774286469,1000,100,"[50, 50, 100]","I(M1,M2;T)"
674,0.0,5.520585498273998,-0.7108305275530675,1000,100,"[50, 50, 100]","I(M1,M2;T)"
675,0.0,5.407166753553721,-0.822043348852624,1000,100,"[50, 50, 100]","I(M1,M2;T)"
676,0.0,5.4553494028850285,-0.7819786743929047,1000,100,"[50, 50, 100]","I(M1,M2;T)"
677,0.0,5.600733429252001,-0.6342050750864674,1000,100,"[50, 50, 100]","I(M1,M2;T)"
678,0.0,5.590744489135397,-0.6447422054596519,1000,100,"[50, 50, 100]","I(M1,M2;T)"
679,0.0,5.71391596208747,-0.5129202990291768,1000,100,"[50, 50, 100]","I(M1,M2;T)"
680,0.0,5.500126011646313,-0.7294429542005396,1000,100,"[50, 50, 100]","I(M1,M2;T)"
681,0.0,5.637386771573405,-0.594070372583321,1000,100,"[50, 50, 100]","I(M1,M2;T)"
682,0.0,5.537575222238037,-0.6905935674668733,1000,100,"[50, 50, 100]","I(M1,M2;T)"
683,0.0,5.470846196627767,-0.7611428672001166,1000,100,"[50, 50, 100]","I(M1,M2;T)"
684,0.0,5.556936048986596,-0.6681688704251441,1000,100,"[50, 50, 100]","I(M1,M2;T)"
685,0.0,5.544076779345813,-0.6859674921001746,1000,100,"[50, 50, 100]","I(M1,M2;T)"
686,0.0,5.594745236040875,-0.638987317568052,1000,100,"[50, 50, 100]","I(M1,M2;T)"
687,0.0,5.580547946648045,-0.653464936384724,1000,100,"[50, 50, 100]","I(M1,M2;T)"
688,0.0,5.603516642899525,-0.6292105453431969,1000,100,"[50, 50, 100]","I(M1,M2;T)"
689,0.0,5.610969459342561,-0.6282639273735455,1000,100,"[50, 50, 100]","I(M1,M2;T)"
690,0.0,5.591891841017922,-0.6348742816480533,1000,100,"[50, 50, 100]","I(M1,M2;T)"
691,0.0,5.707065687901282,-0.5257175850037541,1000,100,"[50, 50, 100]","I(M1,M2;T)"
692,0.0,5.537274072299481,-0.6940912088805078,1000,100,"[50, 50, 100]","I(M1,M2;T)"
693,0.0,5.393309539863354,-0.8417766561628737,1000,100,"[50, 50, 100]","I(M1,M2;T)"
694,0.0,5.573870467263994,-0.657130001068424,1000,100,"[50, 50, 100]","I(M1,M2;T)"
695,0.0,5.557402247873941,-0.6736935458165325,1000,100,"[50, 50, 100]","I(M1,M2;T)"
696,0.0,5.529485876454073,-0.7005070629196579,1000,100,"[50, 50, 100]","I(M1,M2;T)"
697,0.0,5.5529653960409435,-0.6742552198191598,1000,100,"[50, 50, 100]","I(M1,M2;T)"
698,0.0,5.5617164265057,-0.6615361004152911,1000,100,"[50, 50, 100]","I(M1,M2;T)"
699,0.0,5.558124829503329,-0.6737465114840226,1000,100,"[50, 50, 100]","I(M1,M2;T)"
700,0.0,5.499497892405605,-0.7315075773272506,1000,100,"[50, 50, 100]","I(M1,M2;T)"
701,0.0,5.473975961667026,-0.7632910457234559,1000,100,"[50, 50, 100]","I(M1,M2;T)"
702,0.0,5.532677423544094,-0.7090147893446179,1000,100,"[50, 50, 100]","I(M1,M2;T)"
703,0.0,5.461415188891196,-0.7679472169666957,1000,100,"[50, 50, 100]","I(M1,M2;T)"
704,0.0,5.47218086535357,-0.7627552061929945,1000,100,"[50, 50, 100]","I(M1,M2;T)"
705,0.0,5.562437057400642,-0.6693490767925141,1000,100,"[50, 50, 100]","I(M1,M2;T)"
706,0.0,5.63081803136654,-0.593669305502015,1000,100,"[50, 50, 100]","I(M1,M2;T)"
707,0.0,5.582247155061342,-0.6473253411385844,1000,100,"[50, 50, 100]","I(M1,M2;T)"
708,0.0,5.767301696295433,-0.459250539621455,1000,100,"[50, 50, 100]","I(M1,M2;T)"
709,0.0,5.551061672412977,-0.6747245730744655,1000,100,"[50, 50, 100]","I(M1,M2;T)"
710,0.0,5.571277873256853,-0.6614134203858484,1000,100,"[50, 50, 100]","I(M1,M2;T)"
711,0.0,5.514820870094745,-0.7222028756293266,1000,100,"[50, 50, 100]","I(M1,M2;T)"
712,0.0,5.708142565968574,-0.5323948709170132,1000,100,"[50, 50, 100]","I(M1,M2;T)"
713,0.0,5.487091449432734,-0.7426461428526752,1000,100,"[50, 50, 100]","I(M1,M2;T)"
714,0.0,5.538357309388163,-0.6952597661118576,1000,100,"[50, 50, 100]","I(M1,M2;T)"
715,0.0,5.437563326731856,-0.7965813010290566,1000,100,"[50, 50, 100]","I(M1,M2;T)"
716,0.0,5.509131767411147,-0.7221036276236106,1000,100,"[50, 50, 100]","I(M1,M2;T)"
717,0.0,5.717204673113187,-0.5090435610423123,1000,100,"[50, 50, 100]","I(M1,M2;T)"
718,0.0,5.456535418239081,-0.7732148939481958,1000,100,"[50, 50, 100]","I(M1,M2;T)"
719,0.0,5.493195222712778,-0.7474459933669833,1000,100,"[50, 50, 100]","I(M1,M2;T)"
720,0.0,5.801467417262769,-0.4283292164244079,1000,100,"[50, 50, 100]","I(M1,M2;T)"
721,0.0,5.700677781994708,-0.5274896568746952,1000,100,"[50, 50, 100]","I(M1,M2;T)"
722,0.0,5.552653806673911,-0.6799101888380177,1000,100,"[50, 50, 100]","I(M1,M2;T)"
723,0.0,5.481980300850998,-0.7573646799470515,1000,100,"[50, 50, 100]","I(M1,M2;T)"
724,0.0,5.449645619839916,-0.7843458245792094,1000,100,"[50, 50, 100]","I(M1,M2;T)"
725,0.0,5.697994244451846,-0.5323494356275003,1000,100,"[50, 50, 100]","I(M1,M2;T)"
726,0.0,5.583572218274756,-0.6461431697320776,1000,100,"[50, 50, 100]","I(M1,M2;T)"
727,0.0,5.701154165121701,-0.5317908652245604,1000,100,"[50, 50, 100]","I(M1,M2;T)"
728,0.0,5.582466088886696,-0.6532810083147185,1000,100,"[50, 50, 100]","I(M1,M2;T)"
729,0.0,5.624527744216044,-0.6068978893672119,1000,100,"[50, 50, 100]","I(M1,M2;T)"
730,0.0,5.651874246295803,-0.5755024257841912,1000,100,"[50, 50, 100]","I(M1,M2;T)"
731,0.0,5.491623732220596,-0.7367118896906844,1000,100,"[50, 50, 100]","I(M1,M2;T)"
732,0.0,5.657879648317243,-0.5796227955433428,1000,100,"[50, 50, 100]","I(M1,M2;T)"
733,0.0,5.602710872150245,-0.631579554861843,1000,100,"[50, 50, 100]","I(M1,M2;T)"
734,0.0,5.559255002414676,-0.6694565215219273,1000,100,"[50, 50, 100]","I(M1,M2;T)"
735,0.0,5.439894118672674,-0.7971940294732249,1000,100,"[50, 50, 100]","I(M1,M2;T)"
736,0.0,5.406087473968436,-0.823891375135112,1000,100,"[50, 50, 100]","I(M1,M2;T)"
737,0.0,5.521477925011755,-0.7003139589710194,1000,100,"[50, 50, 100]","I(M1,M2;T)"
738,0.0,5.695948929348752,-0.5350683456308118,1000,100,"[50, 50, 100]","I(M1,M2;T)"
739,0.0,5.51481258204093,-0.7237277184679263,1000,100,"[50, 50, 100]","I(M1,M2;T)"
740,0.0,5.7096300568043326,-0.519200800553655,1000,100,"[50, 50, 100]","I(M1,M2;T)"
741,0.0,5.6429573922285305,-0.588524168471559,1000,100,"[50, 50, 100]","I(M1,M2;T)"
742,0.0,5.53608985784535,-0.7001424704171963,1000,100,"[50, 50, 100]","I(M1,M2;T)"
743,0.0,5.593231307975524,-0.6406994950738598,1000,100,"[50, 50, 100]","I(M1,M2;T)"
744,0.0,5.521458841409006,-0.7105652898035304,1000,100,"[50, 50, 100]","I(M1,M2;T)"
745,0.0,5.581774013262482,-0.6612584204334988,1000,100,"[50, 50, 100]","I(M1,M2;T)"
746,0.0,5.459018210769331,-0.7741316406287453,1000,100,"[50, 50, 100]","I(M1,M2;T)"
747,0.0,5.531677771797493,-0.7084883899672789,1000,100,"[50, 50, 100]","I(M1,M2;T)"
748,0.0,5.73946696084037,-0.5014395487430683,1000,100,"[50, 50, 100]","I(M1,M2;T)"
749,0.0,5.519653534791759,-0.714295854160385,1000,100,"[50, 50, 100]","I(M1,M2;T)"
750,0.0,5.596646796402011,-0.6301211471450268,1000,100,"[50, 50, 100]","I(M1,M2;T)"
751,0.0,5.5698938263022075,-0.6622981283183869,1000,100,"[50, 50, 100]","I(M1,M2;T)"
752,0.0,5.539760662456127,-0.6926502975019648,1000,100,"[50, 50, 100]","I(M1,M2;T)"
753,0.0,5.623276064838282,-0.6055658818349876,1000,100,"[50, 50, 100]","I(M1,M2;T)"
754,0.0,5.63532359094759,-0.5912783359077496,1000,100,"[50, 50, 100]","I(M1,M2;T)"
755,0.0,5.543971371366492,-0.6902660521004194,1000,100,"[50, 50, 100]","I(M1,M2;T)"
756,0.0,5.557871449801505,-0.6773728741253606,1000,100,"[50, 50, 100]","I(M1,M2;T)"
757,0.0,5.692566593746124,-0.5422150183826728,1000,100,"[50, 50, 100]","I(M1,M2;T)"
758,0.0,5.617911477824164,-0.6132547868777998,1000,100,"[50, 50, 100]","I(M1,M2;T)"
759,0.0,5.615328807569521,-0.6138552473031575,1000,100,"[50, 50, 100]","I(M1,M2;T)"
760,0.0,5.5700454777745865,-0.6572834162174255,1000,100,"[50, 50, 100]","I(M1,M2;T)"
761,0.0,5.6565032866101195,-0.5789807874015951,1000,100,"[50, 50, 100]","I(M1,M2;T)"
762,0.0,5.480577381720712,-0.7467993275793328,1000,100,"[50, 50, 100]","I(M1,M2;T)"
763,0.0,5.475241745677172,-0.7524655507551179,1000,100,"[50, 50, 100]","I(M1,M2;T)"
764,0.0,5.669547748766552,-0.5631287519324308,1000,100,"[50, 50, 100]","I(M1,M2;T)"
765,0.0,5.589192800037495,-0.6440303140063319,1000,100,"[50, 50, 100]","I(M1,M2;T)"
766,0.0,5.631204782437642,-0.605375742542515,1000,100,"[50, 50, 100]","I(M1,M2;T)"
767,0.0,5.565145929492844,-0.671631456854465,1000,100,"[50, 50, 100]","I(M1,M2;T)"
768,0.0,5.544831351961705,-0.6940637692502021,1000,100,"[50, 50, 100]","I(M1,M2;T)"
769,0.0,5.648712428586036,-0.584254847705064,1000,100,"[50, 50, 100]","I(M1,M2;T)"
770,0.0,5.565608754908653,-0.670914237929142,1000,100,"[50, 50, 100]","I(M1,M2;T)"
771,0.0,5.6281699033450945,-0.598135741812805,1000,100,"[50, 50, 100]","I(M1,M2;T)"
772,0.0,5.5890126850043345,-0.6491081222352566,1000,100,"[50, 50, 100]","I(M1,M2;T)"
773,0.0,5.65945220939377,-0.5709183641324778,1000,100,"[50, 50, 100]","I(M1,M2;T)"
774,0.0,5.440444675829555,-0.7889126463299538,1000,100,"[50, 50, 100]","I(M1,M2;T)"
775,0.0,5.560458249975307,-0.6757714580685814,1000,100,"[50, 50, 100]","I(M1,M2;T)"
776,0.0,5.488768291146243,-0.7456155170902381,1000,100,"[50, 50, 100]","I(M1,M2;T)"
777,0.0,5.611251852566899,-0.6206504578134231,1000,100,"[50, 50, 100]","I(M1,M2;T)"
778,0.0,5.522897032985032,-0.7129468652215145,1000,100,"[50, 50, 100]","I(M1,M2;T)"
779,0.0,5.526303231202551,-0.7073977738196175,1000,100,"[50, 50, 100]","I(M1,M2;T)"
780,0.0,5.651935301732111,-0.5769151255840903,1000,100,"[50, 50, 100]","I(M1,M2;T)"
781,0.0,5.662809090898184,-0.5687237041293818,1000,100,"[50, 50, 100]","I(M1,M2;T)"
782,0.0,5.750325038315604,-0.4857893910777866,1000,100,"[50, 50, 100]","I(M1,M2;T)"
783,0.0,5.62532656155359,-0.6163868161496309,1000,100,"[50, 50, 100]","I(M1,M2;T)"
784,0.0,5.691129278603089,-0.5422834988246317,1000,100,"[50, 50, 100]","I(M1,M2;T)"
785,0.0,5.651238212308687,-0.5833860976166862,1000,100,"[50, 50, 100]","I(M1,M2;T)"
786,0.0,5.478096473760427,-0.7512791519217235,1000,100,"[50, 50, 100]","I(M1,M2;T)"
787,0.0,5.706541096071216,-0.5258790249811582,1000,100,"[50, 50, 100]","I(M1,M2;T)"
788,0.0,5.522355763068397,-0.7167870661384423,1000,100,"[50, 50, 100]","I(M1,M2;T)"
789,0.0,5.483631467658966,-0.7492348652051488,1000,100,"[50, 50, 100]","I(M1,M2;T)"
790,0.0,5.674518133215858,-0.5577813046186417,1000,100,"[50, 50, 100]","I(M1,M2;T)"
791,0.0,5.619684182780665,-0.6176420262588644,1000,100,"[50, 50, 100]","I(M1,M2;T)"
792,0.0,5.5864771716725965,-0.6480988610356411,1000,100,"[50, 50, 100]","I(M1,M2;T)"
793,0.0,5.5905947632102215,-0.6435647807683038,1000,100,"[50, 50, 100]","I(M1,M2;T)"
794,0.0,5.714721965101749,-0.5179792803182028,1000,100,"[50, 50, 100]","I(M1,M2;T)"
795,0.0,5.590507388214039,-0.6441007796073128,1000,100,"[50, 50, 100]","I(M1,M2;T)"
796,0.0,5.496838779639765,-0.7332901071345193,1000,100,"[50, 50, 100]","I(M1,M2;T)"
797,0.0,5.513083693578999,-0.7207015559010035,1000,100,"[50, 50, 100]","I(M1,M2;T)"
798,0.0,5.698781084892005,-0.538249377163126,1000,100,"[50, 50, 100]","I(M1,M2;T)"
799,0.0,5.633781977997711,-0.5931519964145986,1000,100,"[50, 50, 100]","I(M1,M2;T)"
800,0.0,5.596018908932418,-0.6360255575527836,1000,100,"[50, 50, 100]","I(M1,M2;T)"
801,0.0,5.6655194383734875,-0.5683421633705299,1000,100,"[50, 50, 100]","I(M1,M2;T)"
802,0.0,5.643879116517242,-0.5881523840054239,1000,100,"[50, 50, 100]","I(M1,M2;T)"
803,0.0,5.465484139577995,-0.7667443841189581,1000,100,"[50, 50, 100]","I(M1,M2;T)"
804,0.0,5.616314593519408,-0.6135255628765259,1000,100,"[50, 50, 100]","I(M1,M2;T)"
805,0.0,5.642759321159711,-0.5932223719169896,1000,100,"[50, 50, 100]","I(M1,M2;T)"
806,0.0,5.507389568133611,-0.7198833998107519,1000,100,"[50, 50, 100]","I(M1,M2;T)"
807,0.0,5.57411805467442,-0.6538429712042833,1000,100,"[50, 50, 100]","I(M1,M2;T)"
808,0.0,5.519240212503156,-0.7162397233794149,1000,100,"[50, 50, 100]","I(M1,M2;T)"
809,0.0,5.653579818555079,-0.5798785898016448,1000,100,"[50, 50, 100]","I(M1,M2;T)"
810,0.0,5.689031882997231,-0.5462013367690997,1000,100,"[50, 50, 100]","I(M1,M2;T)"
811,0.0,5.59205402278444,-0.6324128755042464,1000,100,"[50, 50, 100]","I(M1,M2;T)"
812,0.0,5.569030194364088,-0.6635726941287325,1000,100,"[50, 50, 100]","I(M1,M2;T)"
813,0.0,5.462174106769354,-0.769380788991791,1000,100,"[50, 50, 100]","I(M1,M2;T)"
814,0.0,5.567054760920219,-0.6659688638724974,1000,100,"[50, 50, 100]","I(M1,M2;T)"
815,0.0,5.5316847960855995,-0.6998835954807872,1000,100,"[50, 50, 100]","I(M1,M2;T)"
816,0.0,5.341753464877284,-0.8871385125825713,1000,100,"[50, 50, 100]","I(M1,M2;T)"
817,0.0,5.540768311788588,-0.6985327738464298,1000,100,"[50, 50, 100]","I(M1,M2;T)"
818,0.0,5.65409829373319,-0.583935020238898,1000,100,"[50, 50, 100]","I(M1,M2;T)"
819,0.0,5.594814752539214,-0.6460821982895251,1000,100,"[50, 50, 100]","I(M1,M2;T)"
820,0.0,5.5920119498814715,-0.6427402929988997,1000,100,"[50, 50, 100]","I(M1,M2;T)"
821,0.0,5.621522741201559,-0.6170613304324775,1000,100,"[50, 50, 100]","I(M1,M2;T)"
822,0.0,5.58481891284343,-0.6487715674226155,1000,100,"[50, 50, 100]","I(M1,M2;T)"
823,0.0,5.639453916299274,-0.5881149408807458,1000,100,"[50, 50, 100]","I(M1,M2;T)"
824,0.0,5.603989975583499,-0.6245271427320551,1000,100,"[50, 50, 100]","I(M1,M2;T)"
825,0.0,5.491979257976144,-0.7395249541621984,1000,100,"[50, 50, 100]","I(M1,M2;T)"
826,0.0,5.729515613414553,-0.5044880588134975,1000,100,"[50, 50, 100]","I(M1,M2;T)"
827,0.0,5.65991441010415,-0.5777627876962903,1000,100,"[50, 50, 100]","I(M1,M2;T)"
828,0.0,5.643125146215949,-0.5926667009381852,1000,100,"[50, 50, 100]","I(M1,M2;T)"
829,0.0,5.4213566311892105,-0.8097528429010277,1000,100,"[50, 50, 100]","I(M1,M2;T)"
830,0.0,5.584699788755421,-0.6492159699862432,1000,100,"[50, 50, 100]","I(M1,M2;T)"
831,0.0,5.681586927580348,-0.5467674510787672,1000,100,"[50, 50, 100]","I(M1,M2;T)"
832,0.0,5.6335461552337645,-0.6024250813350687,1000,100,"[50, 50, 100]","I(M1,M2;T)"
833,0.0,5.682370936330068,-0.5511742728564037,1000,100,"[50, 50, 100]","I(M1,M2;T)"
834,0.0,5.513437383289649,-0.7216009641587116,1000,100,"[50, 50, 100]","I(M1,M2;T)"
835,0.0,5.5352824633300735,-0.7023132683250175,1000,100,"[50, 50, 100]","I(M1,M2;T)"
836,0.0,5.6184274403292545,-0.6162488806592474,1000,100,"[50, 50, 100]","I(M1,M2;T)"
837,0.0,5.609462864869052,-0.6265204003084985,1000,100,"[50, 50, 100]","I(M1,M2;T)"
838,0.0,5.574915156871192,-0.6558390463049264,1000,100,"[50, 50, 100]","I(M1,M2;T)"
839,0.0,5.626023346254365,-0.6042348125387447,1000,100,"[50, 50, 100]","I(M1,M2;T)"
840,0.0,5.607265470576452,-0.6298007544669373,1000,100,"[50, 50, 100]","I(M1,M2;T)"
841,0.0,5.635025925246562,-0.6017464040565637,1000,100,"[50, 50, 100]","I(M1,M2;T)"
842,0.0,5.744667786815393,-0.4926790458474972,1000,100,"[50, 50, 100]","I(M1,M2;T)"
843,0.0,5.651447817351521,-0.5878879976442839,1000,100,"[50, 50, 100]","I(M1,M2;T)"
844,0.0,5.598459870780109,-0.6477564401964049,1000,100,"[50, 50, 100]","I(M1,M2;T)"
845,0.0,5.611369505100932,-0.6241582308442517,1000,100,"[50, 50, 100]","I(M1,M2;T)"
846,0.0,5.598361461194459,-0.6367538254843677,1000,100,"[50, 50, 100]","I(M1,M2;T)"
847,0.0,5.484203092518328,-0.7429807840095028,1000,100,"[50, 50, 100]","I(M1,M2;T)"
848,0.0,5.545821293054153,-0.6874748934926744,1000,100,"[50, 50, 100]","I(M1,M2;T)"
849,0.0,5.6090298233938904,-0.6254530286281961,1000,100,"[50, 50, 100]","I(M1,M2;T)"
850,0.0,5.429486598486182,-0.8056451448357329,1000,100,"[50, 50, 100]","I(M1,M2;T)"
851,0.0,5.4447478298879,-0.7861547761834711,1000,100,"[50, 50, 100]","I(M1,M2;T)"
852,0.0,5.567633320908634,-0.6660961678729178,1000,100,"[50, 50, 100]","I(M1,M2;T)"
853,0.0,5.531119202746709,-0.7010275801761434,1000,100,"[50, 50, 100]","I(M1,M2;T)"
854,0.0,5.627079780233791,-0.6118751750273121,1000,100,"[50, 50, 100]","I(M1,M2;T)"
855,0.0,5.513544607434981,-0.7275870270814968,1000,100,"[50, 50, 100]","I(M1,M2;T)"
856,0.0,5.4942376092216145,-0.7339434136887206,1000,100,"[50, 50, 100]","I(M1,M2;T)"
857,0.0,5.535718541695667,-0.6932700592438374,1000,100,"[50, 50, 100]","I(M1,M2;T)"
858,0.0,5.739227210688353,-0.48880988540786774,1000,100,"[50, 50, 100]","I(M1,M2;T)"
859,0.0,5.506298853686192,-0.7236629032029445,1000,100,"[50, 50, 100]","I(M1,M2;T)"
860,0.0,5.555322092379505,-0.6800978070558683,1000,100,"[50, 50, 100]","I(M1,M2;T)"
861,0.0,5.607042027880096,-0.6235629793851167,1000,100,"[50, 50, 100]","I(M1,M2;T)"
862,0.0,5.637816299867499,-0.5923600366024377,1000,100,"[50, 50, 100]","I(M1,M2;T)"
863,0.0,5.46123846273789,-0.777502422886748,1000,100,"[50, 50, 100]","I(M1,M2;T)"
864,0.0,5.644870845349285,-0.5917331487186175,1000,100,"[50, 50, 100]","I(M1,M2;T)"
865,0.0,5.549676723395127,-0.6753633188439316,1000,100,"[50, 50, 100]","I(M1,M2;T)"
866,0.0,5.535781368341474,-0.6927498120168982,1000,100,"[50, 50, 100]","I(M1,M2;T)"
867,0.0,5.562570879724572,-0.6732087664123654,1000,100,"[50, 50, 100]","I(M1,M2;T)"
868,0.0,5.546988087839711,-0.6857232128323911,1000,100,"[50, 50, 100]","I(M1,M2;T)"
869,0.0,5.535172474289771,-0.6943649495052151,1000,100,"[50, 50, 100]","I(M1,M2;T)"
870,0.0,5.490158399314915,-0.7437704413607813,1000,100,"[50, 50, 100]","I(M1,M2;T)"
871,0.0,5.415120155153641,-0.8148864954789223,1000,100,"[50, 50, 100]","I(M1,M2;T)"
872,0.0,5.633268877728075,-0.6064902189060852,1000,100,"[50, 50, 100]","I(M1,M2;T)"
873,0.0,5.515889930809546,-0.7174135793164718,1000,100,"[50, 50, 100]","I(M1,M2;T)"
874,0.0,5.69684224562418,-0.5448623863128974,1000,100,"[50, 50, 100]","I(M1,M2;T)"
875,0.0,5.549116842222663,-0.6793489094899599,1000,100,"[50, 50, 100]","I(M1,M2;T)"
876,0.0,5.446940966772159,-0.7946317383692545,1000,100,"[50, 50, 100]","I(M1,M2;T)"
877,0.0,5.614485764669035,-0.6117986674492437,1000,100,"[50, 50, 100]","I(M1,M2;T)"
878,0.0,5.613816622420293,-0.6242619694537428,1000,100,"[50, 50, 100]","I(M1,M2;T)"
879,0.0,5.574053631432475,-0.659928986117742,1000,100,"[50, 50, 100]","I(M1,M2;T)"
880,0.0,5.628423619402589,-0.6009915805680395,1000,100,"[50, 50, 100]","I(M1,M2;T)"
881,0.0,5.450287927388976,-0.7776306100552768,1000,100,"[50, 50, 100]","I(M1,M2;T)"
882,0.0,5.6528746035659765,-0.5827880204102236,1000,100,"[50, 50, 100]","I(M1,M2;T)"
883,0.0,5.611001460922839,-0.6194680973673536,1000,100,"[50, 50, 100]","I(M1,M2;T)"
884,0.0,5.583749585623751,-0.6502655619316515,1000,100,"[50, 50, 100]","I(M1,M2;T)"
885,0.0,5.532902248279038,-0.706929192687415,1000,100,"[50, 50, 100]","I(M1,M2;T)"
886,0.0,5.707015129230501,-0.5294743184613289,1000,100,"[50, 50, 100]","I(M1,M2;T)"
887,0.0,5.580463721124424,-0.6601460086536912,1000,100,"[50, 50, 100]","I(M1,M2;T)"
888,0.0,5.566409158379511,-0.6674846092603817,1000,100,"[50, 50, 100]","I(M1,M2;T)"
889,0.0,5.476760698232178,-0.7623374062041259,1000,100,"[50, 50, 100]","I(M1,M2;T)"
890,0.0,5.6232989681207135,-0.610970339795383,1000,100,"[50, 50, 100]","I(M1,M2;T)"
891,0.0,5.820379123671772,-0.41040587269833306,1000,100,"[50, 50, 100]","I(M1,M2;T)"
892,0.0,5.572122766477012,-0.6615744488744113,1000,100,"[50, 50, 100]","I(M1,M2;T)"
893,0.0,5.571345451579949,-0.6592491689113107,1000,100,"[50, 50, 100]","I(M1,M2;T)"
894,0.0,5.712555846789632,-0.5194152649526416,1000,100,"[50, 50, 100]","I(M1,M2;T)"
895,0.0,5.68142459652885,-0.554194956522827,1000,100,"[50, 50, 100]","I(M1,M2;T)"
896,0.0,5.478674045837649,-0.7478305261083165,1000,100,"[50, 50, 100]","I(M1,M2;T)"
897,0.0,5.690369051694349,-0.541465713521152,1000,100,"[50, 50, 100]","I(M1,M2;T)"
898,0.0,5.610398175549591,-0.6195053878074885,1000,100,"[50, 50, 100]","I(M1,M2;T)"
899,0.0,5.554808912895208,-0.6799146613446618,1000,100,"[50, 50, 100]","I(M1,M2;T)"
900,0.0,5.465321710230117,-0.7687658412098379,1000,100,"[50, 50, 100]","I(M1,M2;T)"
901,0.0,5.474834518315727,-0.7581726503698247,1000,100,"[50, 50, 100]","I(M1,M2;T)"
902,0.0,5.421499133660403,-0.8098255100133942,1000,100,"[50, 50, 100]","I(M1,M2;T)"
903,0.0,5.616174375078361,-0.6091010043492338,1000,100,"[50, 50, 100]","I(M1,M2;T)"
904,0.0,5.485585817669947,-0.7445109892516584,1000,100,"[50, 50, 100]","I(M1,M2;T)"
905,0.0,5.408806878713018,-0.8196143655699268,1000,100,"[50, 50, 100]","I(M1,M2;T)"
906,0.0,5.652686233512233,-0.5807876868402353,1000,100,"[50, 50, 100]","I(M1,M2;T)"
907,0.0,5.613082478033496,-0.6183450230659098,1000,100,"[50, 50, 100]","I(M1,M2;T)"
908,0.0,5.511193101405374,-0.7269477004096121,1000,100,"[50, 50, 100]","I(M1,M2;T)"
909,0.0,5.606667190472571,-0.619795652292316,1000,100,"[50, 50, 100]","I(M1,M2;T)"
910,0.0,5.58159856841202,-0.6475165111791723,1000,100,"[50, 50, 100]","I(M1,M2;T)"
911,0.0,5.764584969861092,-0.4639343655035182,1000,100,"[50, 50, 100]","I(M1,M2;T)"
912,0.0,5.554598592777575,-0.6723555754795472,1000,100,"[50, 50, 100]","I(M1,M2;T)"
913,0.0,5.605138829970551,-0.6335291653809811,1000,100,"[50, 50, 100]","I(M1,M2;T)"
914,0.0,5.531327227510381,-0.6971911240383442,1000,100,"[50, 50, 100]","I(M1,M2;T)"
915,0.0,5.5850829303107865,-0.645323168708952,1000,100,"[50, 50, 100]","I(M1,M2;T)"
916,0.0,5.399315731434871,-0.8278741425840552,1000,100,"[50, 50, 100]","I(M1,M2;T)"
917,0.0,5.668960809498318,-0.5642071104049462,1000,100,"[50, 50, 100]","I(M1,M2;T)"
918,0.0,5.606040751032444,-0.6326662214674448,1000,100,"[50, 50, 100]","I(M1,M2;T)"
919,0.0,5.549128302430576,-0.6846387485659777,1000,100,"[50, 50, 100]","I(M1,M2;T)"
920,0.0,5.472555172481245,-0.7574834481272967,1000,100,"[50, 50, 100]","I(M1,M2;T)"
921,0.0,5.509647616890048,-0.7218090723112693,1000,100,"[50, 50, 100]","I(M1,M2;T)"
922,0.0,5.566024479106593,-0.6670101350543707,1000,100,"[50, 50, 100]","I(M1,M2;T)"
923,0.0,5.602756464348863,-0.6308633512294177,1000,100,"[50, 50, 100]","I(M1,M2;T)"
924,0.0,5.557595352354763,-0.6692726499775796,1000,100,"[50, 50, 100]","I(M1,M2;T)"
925,0.0,5.519367570932091,-0.7115641437382116,1000,100,"[50, 50, 100]","I(M1,M2;T)"
926,0.0,5.551848571787153,-0.6835611878976451,1000,100,"[50, 50, 100]","I(M1,M2;T)"
927,0.0,5.533607180661941,-0.6924312024652357,1000,100,"[50, 50, 100]","I(M1,M2;T)"
928,0.0,5.632394744965522,-0.6014297968611606,1000,100,"[50, 50, 100]","I(M1,M2;T)"
929,0.0,5.532375088369738,-0.6988969999291825,1000,100,"[50, 50, 100]","I(M1,M2;T)"
930,0.0,5.43835011166732,-0.797595541470332,1000,100,"[50, 50, 100]","I(M1,M2;T)"
931,0.0,5.600121629150687,-0.6285794348149549,1000,100,"[50, 50, 100]","I(M1,M2;T)"
932,0.0,5.513267348037054,-0.7195721115118872,1000,100,"[50, 50, 100]","I(M1,M2;T)"
933,0.0,5.614549528414032,-0.6170310337212994,1000,100,"[50, 50, 100]","I(M1,M2;T)"
934,0.0,5.446782654878742,-0.7862817071329564,1000,100,"[50, 50, 100]","I(M1,M2;T)"
935,0.0,5.6933956556431715,-0.5401007938896019,1000,100,"[50, 50, 100]","I(M1,M2;T)"
936,0.0,5.64941607685085,-0.5780249660989307,1000,100,"[50, 50, 100]","I(M1,M2;T)"
937,0.0,5.5521172487318875,-0.6772517176622062,1000,100,"[50, 50, 100]","I(M1,M2;T)"
938,0.0,5.56758779615004,-0.6613359206684128,1000,100,"[50, 50, 100]","I(M1,M2;T)"
939,0.0,5.707388949923791,-0.5268562945877964,1000,100,"[50, 50, 100]","I(M1,M2;T)"
940,0.0,5.678883383997309,-0.559998213578611,1000,100,"[50, 50, 100]","I(M1,M2;T)"
941,0.0,5.543912614033018,-0.6894407074527091,1000,100,"[50, 50, 100]","I(M1,M2;T)"
942,0.0,5.537931246208837,-0.6993410638330912,1000,100,"[50, 50, 100]","I(M1,M2;T)"
943,0.0,5.621397484954704,-0.6130541573136972,1000,100,"[50, 50, 100]","I(M1,M2;T)"
944,0.0,5.635401496551951,-0.6034277678523008,1000,100,"[50, 50, 100]","I(M1,M2;T)"
945,0.0,5.65901286073826,-0.574290810183383,1000,100,"[50, 50, 100]","I(M1,M2;T)"
946,0.0,5.537314404268193,-0.7023827333648933,1000,100,"[50, 50, 100]","I(M1,M2;T)"
947,0.0,5.551938338531185,-0.6765715810779698,1000,100,"[50, 50, 100]","I(M1,M2;T)"
948,0.0,5.5682055220115245,-0.6665268150624035,1000,100,"[50, 50, 100]","I(M1,M2;T)"
949,0.0,5.422207761586025,-0.814262198592826,1000,100,"[50, 50, 100]","I(M1,M2;T)"
950,0.0,5.679358328856548,-0.5510793025116509,1000,100,"[50, 50, 100]","I(M1,M2;T)"
951,0.0,5.460357191849402,-0.7733994571118066,1000,100,"[50, 50, 100]","I(M1,M2;T)"
952,0.0,5.624257483001584,-0.6081385175864211,1000,100,"[50, 50, 100]","I(M1,M2;T)"
953,0.0,5.625802100270938,-0.6134140365193526,1000,100,"[50, 50, 100]","I(M1,M2;T)"
954,0.0,5.595977953929256,-0.6365416367521401,1000,100,"[50, 50, 100]","I(M1,M2;T)"
955,0.0,5.6101449357610775,-0.6247036039048872,1000,100,"[50, 50, 100]","I(M1,M2;T)"
956,0.0,5.511365500284316,-0.7209517205599765,1000,100,"[50, 50, 100]","I(M1,M2;T)"
957,0.0,5.702994180823532,-0.5287498846207956,1000,100,"[50, 50, 100]","I(M1,M2;T)"
958,0.0,5.50574873277116,-0.7221593168110498,1000,100,"[50, 50, 100]","I(M1,M2;T)"
959,0.0,5.6141621359692815,-0.6124271081208361,1000,100,"[50, 50, 100]","I(M1,M2;T)"
960,0.0,5.4543327981143515,-0.7803947747344822,1000,100,"[50, 50, 100]","I(M1,M2;T)"
961,0.0,5.502694786058601,-0.7306350865057132,1000,100,"[50, 50, 100]","I(M1,M2;T)"
962,0.0,5.565725701047803,-0.6671224845179751,1000,100,"[50, 50, 100]","I(M1,M2;T)"
963,0.0,5.612331659138084,-0.6142306590693503,1000,100,"[50, 50, 100]","I(M1,M2;T)"
964,0.0,5.603595796718571,-0.6374046978024275,1000,100,"[50, 50, 100]","I(M1,M2;T)"
965,0.0,5.592769597850795,-0.6411950627523488,1000,100,"[50, 50, 100]","I(M1,M2;T)"
966,0.0,5.528710375575268,-0.7005157276607461,1000,100,"[50, 50, 100]","I(M1,M2;T)"
967,0.0,5.498302044245625,-0.7339807194115,1000,100,"[50, 50, 100]","I(M1,M2;T)"
968,0.0,5.510882224992199,-0.7244413903156639,1000,100,"[50, 50, 100]","I(M1,M2;T)"
969,0.0,5.543363437604739,-0.687389831321302,1000,100,"[50, 50, 100]","I(M1,M2;T)"
970,0.0,5.470370015837642,-0.762652559902949,1000,100,"[50, 50, 100]","I(M1,M2;T)"
971,0.0,5.537571881615634,-0.7002246276501944,1000,100,"[50, 50, 100]","I(M1,M2;T)"
972,0.0,5.684561867639463,-0.5527879707191197,1000,100,"[50, 50, 100]","I(M1,M2;T)"
973,0.0,5.6343364256477,-0.5977631593960187,1000,100,"[50, 50, 100]","I(M1,M2;T)"
974,0.0,5.638260098938038,-0.5917975352143312,1000,100,"[50, 50, 100]","I(M1,M2;T)"
975,0.0,5.42379900927533,-0.8119280224260317,1000,100,"[50, 50, 100]","I(M1,M2;T)"
976,0.0,5.5872613634467765,-0.6441282560308856,1000,100,"[50, 50, 100]","I(M1,M2;T)"
977,0.0,5.6093627153241865,-0.621938252850649,1000,100,"[50, 50, 100]","I(M1,M2;T)"
978,0.0,5.649670682422862,-0.5773346700387112,1000,100,"[50, 50, 100]","I(M1,M2;T)"
979,0.0,5.440876207671986,-0.7946585019264125,1000,100,"[50, 50, 100]","I(M1,M2;T)"
980,0.0,5.697575288248278,-0.5425975861528762,1000,100,"[50, 50, 100]","I(M1,M2;T)"
981,0.0,5.696788947536618,-0.5351386209738758,1000,100,"[50, 50, 100]","I(M1,M2;T)"
982,0.0,5.544885762900989,-0.6844295118224029,1000,100,"[50, 50, 100]","I(M1,M2;T)"
983,0.0,5.56757705270377,-0.6676655625709396,1000,100,"[50, 50, 100]","I(M1,M2;T)"
984,0.0,5.668121705652389,-0.5658514181451242,1000,100,"[50, 50, 100]","I(M1,M2;T)"
985,0.0,5.786952372639839,-0.4520830332496226,1000,100,"[50, 50, 100]","I(M1,M2;T)"
986,0.0,5.54616881663272,-0.6805808747675552,1000,100,"[50, 50, 100]","I(M1,M2;T)"
987,0.0,5.48825920358852,-0.7503130918478043,1000,100,"[50, 50, 100]","I(M1,M2;T)"
988,0.0,5.649707900343787,-0.5829696692018791,1000,100,"[50, 50, 100]","I(M1,M2;T)"
989,0.0,5.576015492479482,-0.6561732805640865,1000,100,"[50, 50, 100]","I(M1,M2;T)"
990,0.0,5.47643697815713,-0.7580184978413005,1000,100,"[50, 50, 100]","I(M1,M2;T)"
991,0.0,5.672390110614829,-0.5645977231919783,1000,100,"[50, 50, 100]","I(M1,M2;T)"
992,0.0,5.593004176139134,-0.6399380418688372,1000,100,"[50, 50, 100]","I(M1,M2;T)"
993,0.0,5.672503973529022,-0.560391553605446,1000,100,"[50, 50, 100]","I(M1,M2;T)"
994,0.0,5.582429936679122,-0.6438119090656089,1000,100,"[50, 50, 100]","I(M1,M2;T)"
995,0.0,5.5674924625023205,-0.6622694753929208,1000,100,"[50, 50, 100]","I(M1,M2;T)"
996,0.0,5.572510848598609,-0.6643753632694791,1000,100,"[50, 50, 100]","I(M1,M2;T)"
997,0.0,5.562130053572355,-0.6658719920287828,1000,100,"[50, 50, 100]","I(M1,M2;T)"
998,0.0,5.5696295508422935,-0.6568428555511785,1000,100,"[50, 50, 100]","I(M1,M2;T)"
999,0.0,5.723417455731983,-0.5016591516412037,1000,100,"[50, 50, 100]","I(M1,M2;T)"
0,0.0,8.864991113385246,-1.0618467965928993,1000,150,"[100, 50, 100]","I(M1,M2;T)"
1,0.0,8.683063246437333,-1.2553115120262621,1000,150,"[100, 50, 100]","I(M1,M2;T)"
2,0.0,8.66080367739411,-1.2752032228861339,1000,150,"[100, 50, 100]","I(M1,M2;T)"
3,0.0,8.565987939243117,-1.3718545285253576,1000,150,"[100, 50, 100]","I(M1,M2;T)"
4,0.0,8.58740888918727,-1.3465084990827254,1000,150,"[100, 50, 100]","I(M1,M2;T)"
5,0.0,8.730565157847652,-1.2064500992037939,1000,150,"[100, 50, 100]","I(M1,M2;T)"
6,0.0,8.509136303197733,-1.4221431773409545,1000,150,"[100, 50, 100]","I(M1,M2;T)"
7,0.0,8.631982935324107,-1.2941281055922182,1000,150,"[100, 50, 100]","I(M1,M2;T)"
8,0.0,8.50798182087618,-1.4471710741743014,1000,150,"[100, 50, 100]","I(M1,M2;T)"
9,0.0,8.634031928584518,-1.2962779743200858,1000,150,"[100, 50, 100]","I(M1,M2;T)"
10,0.0,8.678874332714319,-1.2494432331957501,1000,150,"[100, 50, 100]","I(M1,M2;T)"
11,0.0,8.616422358677871,-1.3258806308326658,1000,150,"[100, 50, 100]","I(M1,M2;T)"
12,0.0,8.4698870960133,-1.4615493965263404,1000,150,"[100, 50, 100]","I(M1,M2;T)"
13,0.0,8.737775794842456,-1.2031354051739793,1000,150,"[100, 50, 100]","I(M1,M2;T)"
14,0.0,8.663262934984587,-1.2699381430023031,1000,150,"[100, 50, 100]","I(M1,M2;T)"
15,0.0,8.503751453918044,-1.4368342929162115,1000,150,"[100, 50, 100]","I(M1,M2;T)"
16,0.0,8.669428136031271,-1.2635965139803496,1000,150,"[100, 50, 100]","I(M1,M2;T)"
17,0.0,8.901284786807965,-1.0310322389330207,1000,150,"[100, 50, 100]","I(M1,M2;T)"
18,0.0,8.498377780166642,-1.4377100050660978,1000,150,"[100, 50, 100]","I(M1,M2;T)"
19,0.0,8.475817593074678,-1.4677999477314838,1000,150,"[100, 50, 100]","I(M1,M2;T)"
20,0.0,8.593378472140811,-1.3499174174828141,1000,150,"[100, 50, 100]","I(M1,M2;T)"
21,0.0,8.487953698336632,-1.4485806730378545,1000,150,"[100, 50, 100]","I(M1,M2;T)"
22,0.0,8.670021607173158,-1.280463636434094,1000,150,"[100, 50, 100]","I(M1,M2;T)"
23,0.0,8.726068279892047,-1.220197485353614,1000,150,"[100, 50, 100]","I(M1,M2;T)"
24,0.0,8.507819144282951,-1.4389882403275234,1000,150,"[100, 50, 100]","I(M1,M2;T)"
25,0.0,8.528126364507552,-1.4126025525963435,1000,150,"[100, 50, 100]","I(M1,M2;T)"
26,0.0,8.598279575560467,-1.3359414322324916,1000,150,"[100, 50, 100]","I(M1,M2;T)"
27,0.0,8.626165819541479,-1.3091574780253694,1000,150,"[100, 50, 100]","I(M1,M2;T)"
28,0.0,8.507157895755853,-1.4322656988451712,1000,150,"[100, 50, 100]","I(M1,M2;T)"
29,0.0,8.462358583719315,-1.4746081891669682,1000,150,"[100, 50, 100]","I(M1,M2;T)"
30,0.0,8.620826536180495,-1.3125315906547375,1000,150,"[100, 50, 100]","I(M1,M2;T)"
31,0.0,8.50026244705213,-1.4430051127729406,1000,150,"[100, 50, 100]","I(M1,M2;T)"
32,0.0,8.62678209023226,-1.2963081054620336,1000,150,"[100, 50, 100]","I(M1,M2;T)"
33,0.0,8.653388468453592,-1.2880914557155592,1000,150,"[100, 50, 100]","I(M1,M2;T)"
34,0.0,8.567253924763083,-1.3689517831794138,1000,150,"[100, 50, 100]","I(M1,M2;T)"
35,0.0,8.658287710279634,-1.2811867753660326,1000,150,"[100, 50, 100]","I(M1,M2;T)"
36,0.0,8.57523674710308,-1.3658641612846392,1000,150,"[100, 50, 100]","I(M1,M2;T)"
37,0.0,8.57577069016245,-1.3657106066642246,1000,150,"[100, 50, 100]","I(M1,M2;T)"
38,0.0,8.455683136860074,-1.4814363968421578,1000,150,"[100, 50, 100]","I(M1,M2;T)"
39,0.0,8.799095276684913,-1.1333832943879045,1000,150,"[100, 50, 100]","I(M1,M2;T)"
40,0.0,8.623149804016379,-1.3201511966634492,1000,150,"[100, 50, 100]","I(M1,M2;T)"
41,0.0,8.69221117994108,-1.251562963857177,1000,150,"[100, 50, 100]","I(M1,M2;T)"
42,0.0,8.542582388164345,-1.3901218578203824,1000,150,"[100, 50, 100]","I(M1,M2;T)"
43,0.0,8.486699153376144,-1.455048654343038,1000,150,"[100, 50, 100]","I(M1,M2;T)"
44,0.0,8.450991428366942,-1.4895870039287225,1000,150,"[100, 50, 100]","I(M1,M2;T)"
45,0.0,8.716293864773574,-1.2267900788593735,1000,150,"[100, 50, 100]","I(M1,M2;T)"
46,0.0,8.438251341442225,-1.5043318994665125,1000,150,"[100, 50, 100]","I(M1,M2;T)"
47,0.0,8.589229244790467,-1.3479766120537278,1000,150,"[100, 50, 100]","I(M1,M2;T)"
48,0.0,8.476290328004886,-1.4602479106667072,1000,150,"[100, 50, 100]","I(M1,M2;T)"
49,0.0,8.695610662809006,-1.2370348322319629,1000,150,"[100, 50, 100]","I(M1,M2;T)"
50,0.0,8.416246724024525,-1.525883071161946,1000,150,"[100, 50, 100]","I(M1,M2;T)"
51,0.0,8.507172731875983,-1.4394734277694496,1000,150,"[100, 50, 100]","I(M1,M2;T)"
52,0.0,8.590544359642058,-1.3502162831774598,1000,150,"[100, 50, 100]","I(M1,M2;T)"
53,0.0,8.658506097983723,-1.2817637072014652,1000,150,"[100, 50, 100]","I(M1,M2;T)"
54,0.0,8.690776861716548,-1.2365132546381492,1000,150,"[100, 50, 100]","I(M1,M2;T)"
55,0.0,8.64666622911549,-1.2878814504409952,1000,150,"[100, 50, 100]","I(M1,M2;T)"
56,0.0,8.601769104370625,-1.3353846753419223,1000,150,"[100, 50, 100]","I(M1,M2;T)"
57,0.0,8.623544900826673,-1.3052678258885866,1000,150,"[100, 50, 100]","I(M1,M2;T)"
58,0.0,8.501099701263925,-1.4317738593558662,1000,150,"[100, 50, 100]","I(M1,M2;T)"
59,0.0,8.604471759667533,-1.322719453765984,1000,150,"[100, 50, 100]","I(M1,M2;T)"
60,0.0,8.663491046393137,-1.275013133886059,1000,150,"[100, 50, 100]","I(M1,M2;T)"
61,0.0,8.738403318857605,-1.19992876752198,1000,150,"[100, 50, 100]","I(M1,M2;T)"
62,0.0,8.683056613584895,-1.2613538515953149,1000,150,"[100, 50, 100]","I(M1,M2;T)"
63,0.0,8.411576246282838,-1.5218071543459004,1000,150,"[100, 50, 100]","I(M1,M2;T)"
64,0.0,8.642212436274498,-1.2967524095650678,1000,150,"[100, 50, 100]","I(M1,M2;T)"
65,0.0,8.543555364654708,-1.3937014054305816,1000,150,"[100, 50, 100]","I(M1,M2;T)"
66,0.0,8.617688464313645,-1.3233080843338811,1000,150,"[100, 50, 100]","I(M1,M2;T)"
67,0.0,8.745357498960338,-1.1932581901499546,1000,150,"[100, 50, 100]","I(M1,M2;T)"
68,0.0,8.662870152370443,-1.2729103831811912,1000,150,"[100, 50, 100]","I(M1,M2;T)"
69,0.0,8.67204863510959,-1.272988400329801,1000,150,"[100, 50, 100]","I(M1,M2;T)"
70,0.0,8.621714385896661,-1.3189346520337182,1000,150,"[100, 50, 100]","I(M1,M2;T)"
71,0.0,8.688968433193157,-1.2352345520986283,1000,150,"[100, 50, 100]","I(M1,M2;T)"
72,0.0,8.672023962272963,-1.263369933998863,1000,150,"[100, 50, 100]","I(M1,M2;T)"
73,0.0,8.540297541202015,-1.4036897273129636,1000,150,"[100, 50, 100]","I(M1,M2;T)"
74,0.0,8.636775188951049,-1.2939961705065564,1000,150,"[100, 50, 100]","I(M1,M2;T)"
75,0.0,8.771587806212644,-1.1544385698344222,1000,150,"[100, 50, 100]","I(M1,M2;T)"
76,0.0,8.63776458879233,-1.3034609371371637,1000,150,"[100, 50, 100]","I(M1,M2;T)"
77,0.0,8.92636403065922,-1.0124316965122038,1000,150,"[100, 50, 100]","I(M1,M2;T)"
78,0.0,8.644846764714305,-1.2880479042244506,1000,150,"[100, 50, 100]","I(M1,M2;T)"
79,0.0,8.68540601190022,-1.249607745546916,1000,150,"[100, 50, 100]","I(M1,M2;T)"
80,0.0,8.604282031499071,-1.325893552949191,1000,150,"[100, 50, 100]","I(M1,M2;T)"
81,0.0,8.596281117249212,-1.344807360665392,1000,150,"[100, 50, 100]","I(M1,M2;T)"
82,0.0,8.64910856301552,-1.2828451152652338,1000,150,"[100, 50, 100]","I(M1,M2;T)"
83,0.0,8.79168563570634,-1.1513052824585746,1000,150,"[100, 50, 100]","I(M1,M2;T)"
84,0.0,8.625140057894825,-1.3010445976881186,1000,150,"[100, 50, 100]","I(M1,M2;T)"
85,0.0,8.55518909234373,-1.39223558592065,1000,150,"[100, 50, 100]","I(M1,M2;T)"
86,0.0,8.81968718408692,-1.1134549661316893,1000,150,"[100, 50, 100]","I(M1,M2;T)"
87,0.0,8.589157961403382,-1.3492266784939808,1000,150,"[100, 50, 100]","I(M1,M2;T)"
88,0.0,8.529360490020112,-1.3944097026015232,1000,150,"[100, 50, 100]","I(M1,M2;T)"
89,0.0,8.458450178494749,-1.4827116748038165,1000,150,"[100, 50, 100]","I(M1,M2;T)"
90,0.0,8.661320410923542,-1.2712054945459972,1000,150,"[100, 50, 100]","I(M1,M2;T)"
91,0.0,8.512014632349125,-1.4263525515590239,1000,150,"[100, 50, 100]","I(M1,M2;T)"
92,0.0,8.563666066471232,-1.3708412337397071,1000,150,"[100, 50, 100]","I(M1,M2;T)"
93,0.0,8.441388368451136,-1.4990018512689076,1000,150,"[100, 50, 100]","I(M1,M2;T)"
94,0.0,8.486367610978014,-1.4527022420414628,1000,150,"[100, 50, 100]","I(M1,M2;T)"
95,0.0,8.549472621362781,-1.385699665520205,1000,150,"[100, 50, 100]","I(M1,M2;T)"
96,0.0,8.539793375571769,-1.3990779993019817,1000,150,"[100, 50, 100]","I(M1,M2;T)"
97,0.0,8.725414838020892,-1.214988021382883,1000,150,"[100, 50, 100]","I(M1,M2;T)"
98,0.0,8.611527407200313,-1.3304624249992294,1000,150,"[100, 50, 100]","I(M1,M2;T)"
99,0.0,8.377888971273684,-1.565914302793793,1000,150,"[100, 50, 100]","I(M1,M2;T)"
100,0.0,8.517795312916931,-1.4151246327167701,1000,150,"[100, 50, 100]","I(M1,M2;T)"
101,0.0,8.671132605885802,-1.2602027871356416,1000,150,"[100, 50, 100]","I(M1,M2;T)"
102,0.0,8.448735583022644,-1.487105899748565,1000,150,"[100, 50, 100]","I(M1,M2;T)"
103,0.0,8.606258187187288,-1.3357977589566215,1000,150,"[100, 50, 100]","I(M1,M2;T)"
104,0.0,8.589209672501672,-1.3534011424951977,1000,150,"[100, 50, 100]","I(M1,M2;T)"
105,0.0,8.493164223947849,-1.4303411629277516,1000,150,"[100, 50, 100]","I(M1,M2;T)"
106,0.0,8.630090216486668,-1.3109766249033168,1000,150,"[100, 50, 100]","I(M1,M2;T)"
107,0.0,8.651618280815624,-1.288920126926369,1000,150,"[100, 50, 100]","I(M1,M2;T)"
108,0.0,8.601862677285931,-1.3396404463589526,1000,150,"[100, 50, 100]","I(M1,M2;T)"
109,0.0,8.76966215038697,-1.154468642876779,1000,150,"[100, 50, 100]","I(M1,M2;T)"
110,0.0,8.498392247902558,-1.4315658449448794,1000,150,"[100, 50, 100]","I(M1,M2;T)"
111,0.0,8.555309243163883,-1.376247362840612,1000,150,"[100, 50, 100]","I(M1,M2;T)"
112,0.0,8.774394911156064,-1.1639035563712437,1000,150,"[100, 50, 100]","I(M1,M2;T)"
113,0.0,8.480691946780288,-1.4565268460866072,1000,150,"[100, 50, 100]","I(M1,M2;T)"
114,0.0,8.632965241742609,-1.3051170238921816,1000,150,"[100, 50, 100]","I(M1,M2;T)"
115,0.0,8.55315524869927,-1.3870667332401876,1000,150,"[100, 50, 100]","I(M1,M2;T)"
116,0.0,8.58046638378403,-1.3578469471768813,1000,150,"[100, 50, 100]","I(M1,M2;T)"
117,0.0,8.595111279332947,-1.334434543736302,1000,150,"[100, 50, 100]","I(M1,M2;T)"
118,0.0,8.654932048974324,-1.2877532707459771,1000,150,"[100, 50, 100]","I(M1,M2;T)"
119,0.0,8.65007321643454,-1.301129729690512,1000,150,"[100, 50, 100]","I(M1,M2;T)"
120,0.0,8.777436977767536,-1.1581318571735366,1000,150,"[100, 50, 100]","I(M1,M2;T)"
121,0.0,8.880931834668383,-1.0478411981294915,1000,150,"[100, 50, 100]","I(M1,M2;T)"
122,0.0,8.478755372696721,-1.4508401639989916,1000,150,"[100, 50, 100]","I(M1,M2;T)"
123,0.0,8.591902656521588,-1.3526353251408754,1000,150,"[100, 50, 100]","I(M1,M2;T)"
124,0.0,8.424858221163058,-1.5122348823473946,1000,150,"[100, 50, 100]","I(M1,M2;T)"
125,0.0,8.708272102498555,-1.2247265627285664,1000,150,"[100, 50, 100]","I(M1,M2;T)"
126,0.0,8.661925557657842,-1.2715418689574651,1000,150,"[100, 50, 100]","I(M1,M2;T)"
127,0.0,8.830185373476093,-1.1091787194839409,1000,150,"[100, 50, 100]","I(M1,M2;T)"
128,0.0,8.64040819553699,-1.2818137808125165,1000,150,"[100, 50, 100]","I(M1,M2;T)"
129,0.0,8.457593150546485,-1.4860267924028019,1000,150,"[100, 50, 100]","I(M1,M2;T)"
130,0.0,8.70029514872064,-1.2419821339685857,1000,150,"[100, 50, 100]","I(M1,M2;T)"
131,0.0,8.504450327071224,-1.4354443866096442,1000,150,"[100, 50, 100]","I(M1,M2;T)"
132,0.0,8.680058382623862,-1.2446029095819107,1000,150,"[100, 50, 100]","I(M1,M2;T)"
133,0.0,8.72645125302247,-1.210627890432967,1000,150,"[100, 50, 100]","I(M1,M2;T)"
134,0.0,8.560260649873772,-1.3773558216435333,1000,150,"[100, 50, 100]","I(M1,M2;T)"
135,0.0,8.77666629861941,-1.1651419870954225,1000,150,"[100, 50, 100]","I(M1,M2;T)"
136,0.0,8.618880776602674,-1.3107632699221838,1000,150,"[100, 50, 100]","I(M1,M2;T)"
137,0.0,8.548750332719345,-1.3821133422037395,1000,150,"[100, 50, 100]","I(M1,M2;T)"
138,0.0,8.78289680338181,-1.1643386308480146,1000,150,"[100, 50, 100]","I(M1,M2;T)"
139,0.0,8.576625304924082,-1.3605762388696832,1000,150,"[100, 50, 100]","I(M1,M2;T)"
140,0.0,8.573607511738695,-1.3603694533186754,1000,150,"[100, 50, 100]","I(M1,M2;T)"
141,0.0,8.69893345791058,-1.2334363219254652,1000,150,"[100, 50, 100]","I(M1,M2;T)"
142,0.0,8.783089320080121,-1.149333517032737,1000,150,"[100, 50, 100]","I(M1,M2;T)"
143,0.0,8.594915060369708,-1.3402391212441067,1000,150,"[100, 50, 100]","I(M1,M2;T)"
144,0.0,8.699241346050949,-1.2333725903759944,1000,150,"[100, 50, 100]","I(M1,M2;T)"
145,0.0,8.606353209395081,-1.328756793331337,1000,150,"[100, 50, 100]","I(M1,M2;T)"
146,0.0,8.534206994105556,-1.3972196508025263,1000,150,"[100, 50, 100]","I(M1,M2;T)"
147,0.0,8.546393756231113,-1.3896226729234442,1000,150,"[100, 50, 100]","I(M1,M2;T)"
148,0.0,8.602371578407702,-1.3261331474713778,1000,150,"[100, 50, 100]","I(M1,M2;T)"
149,0.0,8.80340564245085,-1.1346715281433273,1000,150,"[100, 50, 100]","I(M1,M2;T)"
150,0.0,8.72373272227043,-1.2098135531313048,1000,150,"[100, 50, 100]","I(M1,M2;T)"
151,0.0,8.550854566834118,-1.3933598250798926,1000,150,"[100, 50, 100]","I(M1,M2;T)"
152,0.0,8.602908994484668,-1.3350030212277382,1000,150,"[100, 50, 100]","I(M1,M2;T)"
153,0.0,8.61078623759607,-1.3259144800691587,1000,150,"[100, 50, 100]","I(M1,M2;T)"
154,0.0,8.642943623818324,-1.2841208471037948,1000,150,"[100, 50, 100]","I(M1,M2;T)"
155,0.0,8.718440722471254,-1.2187292338005697,1000,150,"[100, 50, 100]","I(M1,M2;T)"
156,0.0,8.740755709572783,-1.1941980203488587,1000,150,"[100, 50, 100]","I(M1,M2;T)"
157,0.0,8.691095683810989,-1.2428358442098162,1000,150,"[100, 50, 100]","I(M1,M2;T)"
158,0.0,8.679385643836557,-1.2576430007565236,1000,150,"[100, 50, 100]","I(M1,M2;T)"
159,0.0,8.664109535238756,-1.2833446821209211,1000,150,"[100, 50, 100]","I(M1,M2;T)"
160,0.0,8.706826092442888,-1.222473566079902,1000,150,"[100, 50, 100]","I(M1,M2;T)"
161,0.0,8.81077596881799,-1.132445264227803,1000,150,"[100, 50, 100]","I(M1,M2;T)"
162,0.0,8.540049324706423,-1.3932162241620603,1000,150,"[100, 50, 100]","I(M1,M2;T)"
163,0.0,8.615648977204282,-1.3200723876638474,1000,150,"[100, 50, 100]","I(M1,M2;T)"
164,0.0,8.704831328514548,-1.2352634352159182,1000,150,"[100, 50, 100]","I(M1,M2;T)"
165,0.0,8.667765626082476,-1.2810362418616563,1000,150,"[100, 50, 100]","I(M1,M2;T)"
166,0.0,8.667485535581395,-1.2587819370338682,1000,150,"[100, 50, 100]","I(M1,M2;T)"
167,0.0,8.639705385509856,-1.2963786790895302,1000,150,"[100, 50, 100]","I(M1,M2;T)"
168,0.0,8.49178073509544,-1.439571654192397,1000,150,"[100, 50, 100]","I(M1,M2;T)"
169,0.0,8.503756574028383,-1.4271593048236735,1000,150,"[100, 50, 100]","I(M1,M2;T)"
170,0.0,8.48397549669822,-1.4566770444474617,1000,150,"[100, 50, 100]","I(M1,M2;T)"
171,0.0,8.614266010875783,-1.3291772602140899,1000,150,"[100, 50, 100]","I(M1,M2;T)"
172,0.0,8.685979850511776,-1.24566454780099,1000,150,"[100, 50, 100]","I(M1,M2;T)"
173,0.0,8.572700219792022,-1.373019525308461,1000,150,"[100, 50, 100]","I(M1,M2;T)"
174,0.0,8.64746278831477,-1.290369153222569,1000,150,"[100, 50, 100]","I(M1,M2;T)"
175,0.0,8.692050660766801,-1.2459587507067091,1000,150,"[100, 50, 100]","I(M1,M2;T)"
176,0.0,8.655345994554786,-1.2957979393834176,1000,150,"[100, 50, 100]","I(M1,M2;T)"
177,0.0,8.470181567484108,-1.458386655810921,1000,150,"[100, 50, 100]","I(M1,M2;T)"
178,0.0,8.634771067827103,-1.297521447372766,1000,150,"[100, 50, 100]","I(M1,M2;T)"
179,0.0,8.65199817807116,-1.2866233468854666,1000,150,"[100, 50, 100]","I(M1,M2;T)"
180,0.0,8.605581764930696,-1.3254932421592276,1000,150,"[100, 50, 100]","I(M1,M2;T)"
181,0.0,8.599635550900034,-1.3278131132716187,1000,150,"[100, 50, 100]","I(M1,M2;T)"
182,0.0,8.660454986077895,-1.274156601690402,1000,150,"[100, 50, 100]","I(M1,M2;T)"
183,0.0,8.866553499605663,-1.0802290595430932,1000,150,"[100, 50, 100]","I(M1,M2;T)"
184,0.0,8.837460583274726,-1.0961097176664065,1000,150,"[100, 50, 100]","I(M1,M2;T)"
185,0.0,8.600964844633861,-1.3333082382570751,1000,150,"[100, 50, 100]","I(M1,M2;T)"
186,0.0,8.542108025894946,-1.3950733603841066,1000,150,"[100, 50, 100]","I(M1,M2;T)"
187,0.0,8.58969340591538,-1.3475006575780064,1000,150,"[100, 50, 100]","I(M1,M2;T)"
188,0.0,8.495275359713412,-1.4371115814871231,1000,150,"[100, 50, 100]","I(M1,M2;T)"
189,0.0,8.63442442917168,-1.302356307495133,1000,150,"[100, 50, 100]","I(M1,M2;T)"
190,0.0,8.666988866839368,-1.264812004713491,1000,150,"[100, 50, 100]","I(M1,M2;T)"
191,0.0,8.717282126638164,-1.2158125683454397,1000,150,"[100, 50, 100]","I(M1,M2;T)"
192,0.0,8.822314227591342,-1.1067702584109593,1000,150,"[100, 50, 100]","I(M1,M2;T)"
193,0.0,8.61275771449934,-1.3202052253402208,1000,150,"[100, 50, 100]","I(M1,M2;T)"
194,0.0,8.501611899402521,-1.4341930081114658,1000,150,"[100, 50, 100]","I(M1,M2;T)"
195,0.0,8.633112735412578,-1.3058505059897332,1000,150,"[100, 50, 100]","I(M1,M2;T)"
196,0.0,8.671456818081765,-1.259130141498808,1000,150,"[100, 50, 100]","I(M1,M2;T)"
197,0.0,8.787750627478971,-1.1588491659897233,1000,150,"[100, 50, 100]","I(M1,M2;T)"
198,0.0,8.566186191660483,-1.3722148142752122,1000,150,"[100, 50, 100]","I(M1,M2;T)"
199,0.0,8.74495858737503,-1.2010705353521534,1000,150,"[100, 50, 100]","I(M1,M2;T)"
200,0.0,8.668348816307585,-1.2739180664793412,1000,150,"[100, 50, 100]","I(M1,M2;T)"
201,0.0,8.462880435346452,-1.4774379959224238,1000,150,"[100, 50, 100]","I(M1,M2;T)"
202,0.0,8.564552695670036,-1.3662276518549312,1000,150,"[100, 50, 100]","I(M1,M2;T)"
203,0.0,8.824060897086937,-1.1090247459727998,1000,150,"[100, 50, 100]","I(M1,M2;T)"
204,0.0,8.528045712499697,-1.4014845449841395,1000,150,"[100, 50, 100]","I(M1,M2;T)"
205,0.0,8.552772158193957,-1.3723014974168706,1000,150,"[100, 50, 100]","I(M1,M2;T)"
206,0.0,8.692831523894657,-1.250215723781201,1000,150,"[100, 50, 100]","I(M1,M2;T)"
207,0.0,8.686363186709691,-1.246208051319762,1000,150,"[100, 50, 100]","I(M1,M2;T)"
208,0.0,8.560890793534808,-1.37742349962671,1000,150,"[100, 50, 100]","I(M1,M2;T)"
209,0.0,8.722991550028352,-1.2111744786632705,1000,150,"[100, 50, 100]","I(M1,M2;T)"
210,0.0,8.580091364344712,-1.360418731919495,1000,150,"[100, 50, 100]","I(M1,M2;T)"
211,0.0,8.601145902303983,-1.3321554508854003,1000,150,"[100, 50, 100]","I(M1,M2;T)"
212,0.0,8.710739564536597,-1.2277896194627012,1000,150,"[100, 50, 100]","I(M1,M2;T)"
213,0.0,8.625063431205643,-1.306898741427565,1000,150,"[100, 50, 100]","I(M1,M2;T)"
214,0.0,8.562640555037882,-1.3796388124781824,1000,150,"[100, 50, 100]","I(M1,M2;T)"
215,0.0,8.540802613201333,-1.392542975983222,1000,150,"[100, 50, 100]","I(M1,M2;T)"
216,0.0,8.514261896325765,-1.4313393815384892,1000,150,"[100, 50, 100]","I(M1,M2;T)"
217,0.0,8.465028491080083,-1.4717140555091817,1000,150,"[100, 50, 100]","I(M1,M2;T)"
218,0.0,8.481916154659409,-1.455886064516383,1000,150,"[100, 50, 100]","I(M1,M2;T)"
219,0.0,8.552046639349658,-1.3814387362120257,1000,150,"[100, 50, 100]","I(M1,M2;T)"
220,0.0,8.747711190671872,-1.1954046213157028,1000,150,"[100, 50, 100]","I(M1,M2;T)"
221,0.0,8.654973311896235,-1.2851184732381569,1000,150,"[100, 50, 100]","I(M1,M2;T)"
222,0.0,8.597037605683354,-1.335509545885353,1000,150,"[100, 50, 100]","I(M1,M2;T)"
223,0.0,8.673693239197993,-1.2681066681261228,1000,150,"[100, 50, 100]","I(M1,M2;T)"
224,0.0,8.652570880396103,-1.285394009131661,1000,150,"[100, 50, 100]","I(M1,M2;T)"
225,0.0,8.645426611938936,-1.2987095955010766,1000,150,"[100, 50, 100]","I(M1,M2;T)"
226,0.0,8.578007568879633,-1.3490899831187964,1000,150,"[100, 50, 100]","I(M1,M2;T)"
227,0.0,8.537441353796808,-1.4042528862637926,1000,150,"[100, 50, 100]","I(M1,M2;T)"
228,0.0,8.65827895056691,-1.270690277668157,1000,150,"[100, 50, 100]","I(M1,M2;T)"
229,0.0,8.710957588446393,-1.2293921092394111,1000,150,"[100, 50, 100]","I(M1,M2;T)"
230,0.0,8.536448571024442,-1.3930744419918888,1000,150,"[100, 50, 100]","I(M1,M2;T)"
231,0.0,8.580798800159712,-1.3490912842722178,1000,150,"[100, 50, 100]","I(M1,M2;T)"
232,0.0,8.535889986999003,-1.411470060557967,1000,150,"[100, 50, 100]","I(M1,M2;T)"
233,0.0,8.59066677965534,-1.3441524976658723,1000,150,"[100, 50, 100]","I(M1,M2;T)"
234,0.0,8.373908386897272,-1.5662676536396791,1000,150,"[100, 50, 100]","I(M1,M2;T)"
235,0.0,8.597310499447726,-1.337719715636263,1000,150,"[100, 50, 100]","I(M1,M2;T)"
236,0.0,8.534690691434403,-1.3933938567099595,1000,150,"[100, 50, 100]","I(M1,M2;T)"
237,0.0,8.849522608626241,-1.0854702504401246,1000,150,"[100, 50, 100]","I(M1,M2;T)"
238,0.0,8.694683925458293,-1.245937179565555,1000,150,"[100, 50, 100]","I(M1,M2;T)"
239,0.0,8.664111575513354,-1.2693153139039222,1000,150,"[100, 50, 100]","I(M1,M2;T)"
240,0.0,8.627858510065614,-1.3128498182224284,1000,150,"[100, 50, 100]","I(M1,M2;T)"
241,0.0,8.615608782150842,-1.3215449928821368,1000,150,"[100, 50, 100]","I(M1,M2;T)"
242,0.0,8.586571015737738,-1.356153731251485,1000,150,"[100, 50, 100]","I(M1,M2;T)"
243,0.0,8.577277704906134,-1.3672469354371923,1000,150,"[100, 50, 100]","I(M1,M2;T)"
244,0.0,8.76913722662474,-1.1641751382606635,1000,150,"[100, 50, 100]","I(M1,M2;T)"
245,0.0,8.584998089079967,-1.3551820819421216,1000,150,"[100, 50, 100]","I(M1,M2;T)"
246,0.0,8.542553168953077,-1.39426400627325,1000,150,"[100, 50, 100]","I(M1,M2;T)"
247,0.0,8.6922372550744,-1.2488162927291135,1000,150,"[100, 50, 100]","I(M1,M2;T)"
248,0.0,8.699151090444275,-1.2434913026834575,1000,150,"[100, 50, 100]","I(M1,M2;T)"
249,0.0,8.702751473700065,-1.2446057166527833,1000,150,"[100, 50, 100]","I(M1,M2;T)"
250,0.0,8.76622445339828,-1.183257233360326,1000,150,"[100, 50, 100]","I(M1,M2;T)"
251,0.0,8.533673518448026,-1.4103989290641206,1000,150,"[100, 50, 100]","I(M1,M2;T)"
252,0.0,8.781820883608525,-1.1576147900436666,1000,150,"[100, 50, 100]","I(M1,M2;T)"
253,0.0,8.533079214313052,-1.4049773422946235,1000,150,"[100, 50, 100]","I(M1,M2;T)"
254,0.0,8.604976733788776,-1.323193222497233,1000,150,"[100, 50, 100]","I(M1,M2;T)"
255,0.0,8.727024789230411,-1.2062553055548637,1000,150,"[100, 50, 100]","I(M1,M2;T)"
256,0.0,8.862969954380002,-1.0731474445584972,1000,150,"[100, 50, 100]","I(M1,M2;T)"
257,0.0,8.759127636154119,-1.188418704285219,1000,150,"[100, 50, 100]","I(M1,M2;T)"
258,0.0,8.57390793656864,-1.3735166891610593,1000,150,"[100, 50, 100]","I(M1,M2;T)"
259,0.0,8.800037318134489,-1.1380639740145373,1000,150,"[100, 50, 100]","I(M1,M2;T)"
260,0.0,8.640563163383728,-1.2932365344478,1000,150,"[100, 50, 100]","I(M1,M2;T)"
261,0.0,8.539394698525006,-1.3942543508784215,1000,150,"[100, 50, 100]","I(M1,M2;T)"
262,0.0,8.636469584125704,-1.311855829776464,1000,150,"[100, 50, 100]","I(M1,M2;T)"
263,0.0,8.616351479474735,-1.3114743554044317,1000,150,"[100, 50, 100]","I(M1,M2;T)"
264,0.0,8.575996922585638,-1.355250335275036,1000,150,"[100, 50, 100]","I(M1,M2;T)"
265,0.0,8.649471170180217,-1.2781894106589462,1000,150,"[100, 50, 100]","I(M1,M2;T)"
266,0.0,8.526681852283758,-1.4068636558266423,1000,150,"[100, 50, 100]","I(M1,M2;T)"
267,0.0,8.652995187633913,-1.2777818085248303,1000,150,"[100, 50, 100]","I(M1,M2;T)"
268,0.0,8.680619255849724,-1.2525298971828942,1000,150,"[100, 50, 100]","I(M1,M2;T)"
269,0.0,8.426276885393253,-1.5189222879973467,1000,150,"[100, 50, 100]","I(M1,M2;T)"
270,0.0,8.59741247972838,-1.3370437255581393,1000,150,"[100, 50, 100]","I(M1,M2;T)"
271,0.0,8.67135913406706,-1.2612029851048998,1000,150,"[100, 50, 100]","I(M1,M2;T)"
272,0.0,8.624214237386136,-1.307257413520011,1000,150,"[100, 50, 100]","I(M1,M2;T)"
273,0.0,8.615008975781002,-1.3203157684895146,1000,150,"[100, 50, 100]","I(M1,M2;T)"
274,0.0,8.715395194233512,-1.2224469739147938,1000,150,"[100, 50, 100]","I(M1,M2;T)"
275,0.0,8.619588532129924,-1.324262717605551,1000,150,"[100, 50, 100]","I(M1,M2;T)"
276,0.0,8.650018923347007,-1.2834720680112568,1000,150,"[100, 50, 100]","I(M1,M2;T)"
277,0.0,8.894421428126787,-1.0458954685878137,1000,150,"[100, 50, 100]","I(M1,M2;T)"
278,0.0,8.674440885044204,-1.2707073145299965,1000,150,"[100, 50, 100]","I(M1,M2;T)"
279,0.0,8.582503915421436,-1.3570258751917805,1000,150,"[100, 50, 100]","I(M1,M2;T)"
280,0.0,8.61992772028837,-1.3172711727577422,1000,150,"[100, 50, 100]","I(M1,M2;T)"
281,0.0,8.70410975918935,-1.2295353226123584,1000,150,"[100, 50, 100]","I(M1,M2;T)"
282,0.0,8.554453893882098,-1.3858357343306782,1000,150,"[100, 50, 100]","I(M1,M2;T)"
283,0.0,8.750018702666205,-1.1869607784221365,1000,150,"[100, 50, 100]","I(M1,M2;T)"
284,0.0,8.449042671262124,-1.4847669439295537,1000,150,"[100, 50, 100]","I(M1,M2;T)"
285,0.0,8.667882478331704,-1.2540707063244358,1000,150,"[100, 50, 100]","I(M1,M2;T)"
286,0.0,8.665110995773544,-1.2650441597609898,1000,150,"[100, 50, 100]","I(M1,M2;T)"
287,0.0,8.656609331227703,-1.2681830298971644,1000,150,"[100, 50, 100]","I(M1,M2;T)"
288,0.0,8.712631666953136,-1.2213655023134837,1000,150,"[100, 50, 100]","I(M1,M2;T)"
289,0.0,8.65831484434398,-1.2822660434280504,1000,150,"[100, 50, 100]","I(M1,M2;T)"
290,0.0,8.608757390039287,-1.3330194215084816,1000,150,"[100, 50, 100]","I(M1,M2;T)"
291,0.0,8.817925077805146,-1.1230886776166091,1000,150,"[100, 50, 100]","I(M1,M2;T)"
292,0.0,8.507765599875514,-1.4309287905517944,1000,150,"[100, 50, 100]","I(M1,M2;T)"
293,0.0,8.664351998757619,-1.276605013555269,1000,150,"[100, 50, 100]","I(M1,M2;T)"
294,0.0,8.773255349872077,-1.1545147985366793,1000,150,"[100, 50, 100]","I(M1,M2;T)"
295,0.0,8.530240098394273,-1.4023340745375332,1000,150,"[100, 50, 100]","I(M1,M2;T)"
296,0.0,8.419810603342453,-1.5117769606835,1000,150,"[100, 50, 100]","I(M1,M2;T)"
297,0.0,8.658097607910445,-1.2865456989953135,1000,150,"[100, 50, 100]","I(M1,M2;T)"
298,0.0,8.82059971056822,-1.1181006154812092,1000,150,"[100, 50, 100]","I(M1,M2;T)"
299,0.0,8.505501873442952,-1.4307904278622008,1000,150,"[100, 50, 100]","I(M1,M2;T)"
300,0.0,8.84111845734042,-1.102515459322829,1000,150,"[100, 50, 100]","I(M1,M2;T)"
301,0.0,8.570229779201139,-1.3675916624717832,1000,150,"[100, 50, 100]","I(M1,M2;T)"
302,0.0,8.668254587904954,-1.2635550077375477,1000,150,"[100, 50, 100]","I(M1,M2;T)"
303,0.0,8.591635080176706,-1.3429637803127914,1000,150,"[100, 50, 100]","I(M1,M2;T)"
304,0.0,8.748298742021708,-1.184042538871644,1000,150,"[100, 50, 100]","I(M1,M2;T)"
305,0.0,8.592078506827,-1.3593606510193705,1000,150,"[100, 50, 100]","I(M1,M2;T)"
306,0.0,8.578708046319143,-1.3625014076963105,1000,150,"[100, 50, 100]","I(M1,M2;T)"
307,0.0,8.594534382174249,-1.3487273920126928,1000,150,"[100, 50, 100]","I(M1,M2;T)"
308,0.0,8.492629300141516,-1.435451816081315,1000,150,"[100, 50, 100]","I(M1,M2;T)"
309,0.0,8.676848674979214,-1.257663403346461,1000,150,"[100, 50, 100]","I(M1,M2;T)"
310,0.0,8.507544071565624,-1.4251300978441925,1000,150,"[100, 50, 100]","I(M1,M2;T)"
311,0.0,8.664608254352608,-1.2690402527514468,1000,150,"[100, 50, 100]","I(M1,M2;T)"
312,0.0,8.405874601588893,-1.5354666178383258,1000,150,"[100, 50, 100]","I(M1,M2;T)"
313,0.0,8.544215389258232,-1.3942111745724315,1000,150,"[100, 50, 100]","I(M1,M2;T)"
314,0.0,8.524597090808605,-1.397276973193602,1000,150,"[100, 50, 100]","I(M1,M2;T)"
315,0.0,8.594624151651956,-1.3445039270283576,1000,150,"[100, 50, 100]","I(M1,M2;T)"
316,0.0,8.866180337823467,-1.0711284922350508,1000,150,"[100, 50, 100]","I(M1,M2;T)"
317,0.0,8.473636639599766,-1.4660006808677668,1000,150,"[100, 50, 100]","I(M1,M2;T)"
318,0.0,8.468077202585805,-1.4615782402807156,1000,150,"[100, 50, 100]","I(M1,M2;T)"
319,0.0,8.572598227673675,-1.356777355315014,1000,150,"[100, 50, 100]","I(M1,M2;T)"
320,0.0,8.526016092270378,-1.419360249883466,1000,150,"[100, 50, 100]","I(M1,M2;T)"
321,0.0,8.628101696701044,-1.3157707417418916,1000,150,"[100, 50, 100]","I(M1,M2;T)"
322,0.0,8.62004020444069,-1.3300966493808062,1000,150,"[100, 50, 100]","I(M1,M2;T)"
323,0.0,8.593677253048805,-1.3297283614250635,1000,150,"[100, 50, 100]","I(M1,M2;T)"
324,0.0,8.541162742090734,-1.3950357511830127,1000,150,"[100, 50, 100]","I(M1,M2;T)"
325,0.0,8.694465055328116,-1.240578116986585,1000,150,"[100, 50, 100]","I(M1,M2;T)"
326,0.0,8.53497928067241,-1.4051891580089482,1000,150,"[100, 50, 100]","I(M1,M2;T)"
327,0.0,8.745170630736864,-1.1894474944599356,1000,150,"[100, 50, 100]","I(M1,M2;T)"
328,0.0,8.670037913221698,-1.2638312610683364,1000,150,"[100, 50, 100]","I(M1,M2;T)"
329,0.0,8.587060942893814,-1.3481003389691253,1000,150,"[100, 50, 100]","I(M1,M2;T)"
330,0.0,8.746272648988661,-1.193751668773194,1000,150,"[100, 50, 100]","I(M1,M2;T)"
331,0.0,8.539930110906043,-1.4062433002503933,1000,150,"[100, 50, 100]","I(M1,M2;T)"
332,0.0,8.723472141539178,-1.210726967256285,1000,150,"[100, 50, 100]","I(M1,M2;T)"
333,0.0,8.625754612289459,-1.3176632377309243,1000,150,"[100, 50, 100]","I(M1,M2;T)"
334,0.0,8.709623686225822,-1.2340814945621723,1000,150,"[100, 50, 100]","I(M1,M2;T)"
335,0.0,8.526905669086798,-1.409901183855606,1000,150,"[100, 50, 100]","I(M1,M2;T)"
336,0.0,8.743461761866516,-1.1931106979712656,1000,150,"[100, 50, 100]","I(M1,M2;T)"
337,0.0,8.456215347543575,-1.483666181964356,1000,150,"[100, 50, 100]","I(M1,M2;T)"
338,0.0,8.698141616802786,-1.2572307044553472,1000,150,"[100, 50, 100]","I(M1,M2;T)"
339,0.0,8.748116231389018,-1.188391823945354,1000,150,"[100, 50, 100]","I(M1,M2;T)"
340,0.0,8.668346508805811,-1.2635487872322226,1000,150,"[100, 50, 100]","I(M1,M2;T)"
341,0.0,8.669050018160188,-1.2639466741451386,1000,150,"[100, 50, 100]","I(M1,M2;T)"
342,0.0,8.670908400371456,-1.2644421269758706,1000,150,"[100, 50, 100]","I(M1,M2;T)"
343,0.0,8.792191585669459,-1.1392094403637465,1000,150,"[100, 50, 100]","I(M1,M2;T)"
344,0.0,8.518986187234205,-1.4211009353372592,1000,150,"[100, 50, 100]","I(M1,M2;T)"
345,0.0,8.776335551309122,-1.1563272336380734,1000,150,"[100, 50, 100]","I(M1,M2;T)"
346,0.0,8.525433108528063,-1.4104265020619131,1000,150,"[100, 50, 100]","I(M1,M2;T)"
347,0.0,8.644913485935376,-1.2833205142912316,1000,150,"[100, 50, 100]","I(M1,M2;T)"
348,0.0,8.63630095106559,-1.2925737786239608,1000,150,"[100, 50, 100]","I(M1,M2;T)"
349,0.0,8.502886136622244,-1.438669148938418,1000,150,"[100, 50, 100]","I(M1,M2;T)"
350,0.0,8.739368532964587,-1.1948674188101833,1000,150,"[100, 50, 100]","I(M1,M2;T)"
351,0.0,8.609544387547649,-1.3203125205981792,1000,150,"[100, 50, 100]","I(M1,M2;T)"
352,0.0,8.649170491791665,-1.2899411366251776,1000,150,"[100, 50, 100]","I(M1,M2;T)"
353,0.0,8.550682505634148,-1.3889869316576728,1000,150,"[100, 50, 100]","I(M1,M2;T)"
354,0.0,8.576555695692699,-1.3532639991916326,1000,150,"[100, 50, 100]","I(M1,M2;T)"
355,0.0,8.672353612744914,-1.264634744679654,1000,150,"[100, 50, 100]","I(M1,M2;T)"
356,0.0,8.498459239115581,-1.4301307538561652,1000,150,"[100, 50, 100]","I(M1,M2;T)"
357,0.0,8.701621044403105,-1.2501647526319957,1000,150,"[100, 50, 100]","I(M1,M2;T)"
358,0.0,8.660601702622134,-1.274665874737753,1000,150,"[100, 50, 100]","I(M1,M2;T)"
359,0.0,8.646991132849067,-1.2877901565122158,1000,150,"[100, 50, 100]","I(M1,M2;T)"
360,0.0,8.789843986302373,-1.1562645294076397,1000,150,"[100, 50, 100]","I(M1,M2;T)"
361,0.0,8.706468667412462,-1.2339781656697717,1000,150,"[100, 50, 100]","I(M1,M2;T)"
362,0.0,8.560043792172715,-1.3820045860242853,1000,150,"[100, 50, 100]","I(M1,M2;T)"
363,0.0,8.68344659510993,-1.26082755077622,1000,150,"[100, 50, 100]","I(M1,M2;T)"
364,0.0,8.700376233177447,-1.2367120088963919,1000,150,"[100, 50, 100]","I(M1,M2;T)"
365,0.0,8.668958589319177,-1.2644344914295953,1000,150,"[100, 50, 100]","I(M1,M2;T)"
366,0.0,8.522529094921898,-1.4124121973360282,1000,150,"[100, 50, 100]","I(M1,M2;T)"
367,0.0,8.586607863043461,-1.3632437296042639,1000,150,"[100, 50, 100]","I(M1,M2;T)"
368,0.0,8.489900162631255,-1.446866072275654,1000,150,"[100, 50, 100]","I(M1,M2;T)"
369,0.0,8.595313005549036,-1.3298798146833057,1000,150,"[100, 50, 100]","I(M1,M2;T)"
370,0.0,8.593324759258572,-1.343553464166284,1000,150,"[100, 50, 100]","I(M1,M2;T)"
371,0.0,8.633518128781557,-1.3025327255343147,1000,150,"[100, 50, 100]","I(M1,M2;T)"
372,0.0,8.61536777673285,-1.330755427470848,1000,150,"[100, 50, 100]","I(M1,M2;T)"
373,0.0,8.633997935940457,-1.3049309406859653,1000,150,"[100, 50, 100]","I(M1,M2;T)"
374,0.0,8.63436079749727,-1.2976702921277798,1000,150,"[100, 50, 100]","I(M1,M2;T)"
375,0.0,8.482789434870401,-1.456559690450888,1000,150,"[100, 50, 100]","I(M1,M2;T)"
376,0.0,8.550510288972816,-1.381990341129164,1000,150,"[100, 50, 100]","I(M1,M2;T)"
377,0.0,8.454697763167403,-1.4786026981196052,1000,150,"[100, 50, 100]","I(M1,M2;T)"
378,0.0,8.573236124102804,-1.3570708033218892,1000,150,"[100, 50, 100]","I(M1,M2;T)"
379,0.0,8.797470416714368,-1.1329486659376862,1000,150,"[100, 50, 100]","I(M1,M2;T)"
380,0.0,8.633990681229106,-1.3053817276368918,1000,150,"[100, 50, 100]","I(M1,M2;T)"
381,0.0,8.622387266946507,-1.3248564699171936,1000,150,"[100, 50, 100]","I(M1,M2;T)"
382,0.0,8.418164614548088,-1.5300158831616582,1000,150,"[100, 50, 100]","I(M1,M2;T)"
383,0.0,8.54085281536258,-1.4079442954175132,1000,150,"[100, 50, 100]","I(M1,M2;T)"
384,0.0,8.553414908370238,-1.3781573592972318,1000,150,"[100, 50, 100]","I(M1,M2;T)"
385,0.0,8.533769908645283,-1.3976341847325404,1000,150,"[100, 50, 100]","I(M1,M2;T)"
386,0.0,8.647612022695888,-1.2893754821030932,1000,150,"[100, 50, 100]","I(M1,M2;T)"
387,0.0,8.426646301325206,-1.504539991531047,1000,150,"[100, 50, 100]","I(M1,M2;T)"
388,0.0,8.470628377341228,-1.470653009932935,1000,150,"[100, 50, 100]","I(M1,M2;T)"
389,0.0,8.701820663048624,-1.2438517940178269,1000,150,"[100, 50, 100]","I(M1,M2;T)"
390,0.0,8.399358418441963,-1.5293052864345391,1000,150,"[100, 50, 100]","I(M1,M2;T)"
391,0.0,8.639724391599646,-1.309760695146915,1000,150,"[100, 50, 100]","I(M1,M2;T)"
392,0.0,8.591656173353336,-1.337736393855895,1000,150,"[100, 50, 100]","I(M1,M2;T)"
393,0.0,8.592216881317025,-1.3450084255769799,1000,150,"[100, 50, 100]","I(M1,M2;T)"
394,0.0,8.565839475113606,-1.3690610405323138,1000,150,"[100, 50, 100]","I(M1,M2;T)"
395,0.0,8.778561663647984,-1.1507363919920834,1000,150,"[100, 50, 100]","I(M1,M2;T)"
396,0.0,8.575656752125186,-1.3498901698149677,1000,150,"[100, 50, 100]","I(M1,M2;T)"
397,0.0,8.681887808511517,-1.256712507841053,1000,150,"[100, 50, 100]","I(M1,M2;T)"
398,0.0,8.624613212587413,-1.3085450181572753,1000,150,"[100, 50, 100]","I(M1,M2;T)"
399,0.0,8.48262374182222,-1.4532634144892196,1000,150,"[100, 50, 100]","I(M1,M2;T)"
400,0.0,8.728543287444815,-1.2057786477125134,1000,150,"[100, 50, 100]","I(M1,M2;T)"
401,0.0,8.635980920517309,-1.3091187764698091,1000,150,"[100, 50, 100]","I(M1,M2;T)"
402,0.0,8.541058659735478,-1.3786918207797036,1000,150,"[100, 50, 100]","I(M1,M2;T)"
403,0.0,8.544021168608385,-1.3898082219048327,1000,150,"[100, 50, 100]","I(M1,M2;T)"
404,0.0,8.63900937284356,-1.3037865864757272,1000,150,"[100, 50, 100]","I(M1,M2;T)"
405,0.0,8.722828013949812,-1.2146430814783429,1000,150,"[100, 50, 100]","I(M1,M2;T)"
406,0.0,8.603626823670247,-1.3497441711631115,1000,150,"[100, 50, 100]","I(M1,M2;T)"
407,0.0,8.606765782459666,-1.3194469570891982,1000,150,"[100, 50, 100]","I(M1,M2;T)"
408,0.0,8.574883107261797,-1.3598585280853168,1000,150,"[100, 50, 100]","I(M1,M2;T)"
409,0.0,8.458659399732475,-1.4873575968621466,1000,150,"[100, 50, 100]","I(M1,M2;T)"
410,0.0,8.678415267434968,-1.2627194466346374,1000,150,"[100, 50, 100]","I(M1,M2;T)"
411,0.0,8.536878819367116,-1.4029166232842432,1000,150,"[100, 50, 100]","I(M1,M2;T)"
412,0.0,8.61462319424662,-1.3263638416344588,1000,150,"[100, 50, 100]","I(M1,M2;T)"
413,0.0,8.589452311348314,-1.354566001894126,1000,150,"[100, 50, 100]","I(M1,M2;T)"
414,0.0,8.416039586510262,-1.5155473911321895,1000,150,"[100, 50, 100]","I(M1,M2;T)"
415,0.0,8.59360134825446,-1.3515146857015878,1000,150,"[100, 50, 100]","I(M1,M2;T)"
416,0.0,8.743143907342434,-1.1932879204152709,1000,150,"[100, 50, 100]","I(M1,M2;T)"
417,0.0,8.583464462637535,-1.3484972955388521,1000,150,"[100, 50, 100]","I(M1,M2;T)"
418,0.0,8.669472521504524,-1.2586867371808879,1000,150,"[100, 50, 100]","I(M1,M2;T)"
419,0.0,8.545516760667319,-1.388142218255684,1000,150,"[100, 50, 100]","I(M1,M2;T)"
420,0.0,8.615595015625308,-1.3193188944068037,1000,150,"[100, 50, 100]","I(M1,M2;T)"
421,0.0,8.53687367073684,-1.3939759434397576,1000,150,"[100, 50, 100]","I(M1,M2;T)"
422,0.0,8.606328812322465,-1.3344906542234547,1000,150,"[100, 50, 100]","I(M1,M2;T)"
423,0.0,8.440701199526,-1.4923943641839585,1000,150,"[100, 50, 100]","I(M1,M2;T)"
424,0.0,8.718905034926948,-1.2086048890424355,1000,150,"[100, 50, 100]","I(M1,M2;T)"
425,0.0,8.72388299873139,-1.2056511324699848,1000,150,"[100, 50, 100]","I(M1,M2;T)"
426,0.0,8.780974984290564,-1.165047035997663,1000,150,"[100, 50, 100]","I(M1,M2;T)"
427,0.0,8.675701548795235,-1.26703602040042,1000,150,"[100, 50, 100]","I(M1,M2;T)"
428,0.0,8.591392664919717,-1.360214537214084,1000,150,"[100, 50, 100]","I(M1,M2;T)"
429,0.0,8.656223892346118,-1.2835790212872986,1000,150,"[100, 50, 100]","I(M1,M2;T)"
430,0.0,8.792631301838073,-1.1533019000244362,1000,150,"[100, 50, 100]","I(M1,M2;T)"
431,0.0,8.895472116468735,-1.0347546177526805,1000,150,"[100, 50, 100]","I(M1,M2;T)"
432,0.0,8.711096944570002,-1.2206200549021045,1000,150,"[100, 50, 100]","I(M1,M2;T)"
433,0.0,8.628941010665582,-1.3078256589248163,1000,150,"[100, 50, 100]","I(M1,M2;T)"
434,0.0,8.716595500515375,-1.2263768400899693,1000,150,"[100, 50, 100]","I(M1,M2;T)"
435,0.0,8.592091129978604,-1.3512939377906257,1000,150,"[100, 50, 100]","I(M1,M2;T)"
436,0.0,8.475898051216383,-1.4592723399710028,1000,150,"[100, 50, 100]","I(M1,M2;T)"
437,0.0,8.689059301911424,-1.2485689935877229,1000,150,"[100, 50, 100]","I(M1,M2;T)"
438,0.0,8.68830199944546,-1.2574745979680237,1000,150,"[100, 50, 100]","I(M1,M2;T)"
439,0.0,8.825258212402037,-1.1036307695662462,1000,150,"[100, 50, 100]","I(M1,M2;T)"
440,0.0,8.610077689383719,-1.3232682109823966,1000,150,"[100, 50, 100]","I(M1,M2;T)"
441,0.0,8.696923718087229,-1.2344546053066399,1000,150,"[100, 50, 100]","I(M1,M2;T)"
442,0.0,8.588106574986046,-1.3456582665445165,1000,150,"[100, 50, 100]","I(M1,M2;T)"
443,0.0,8.65506894435827,-1.2866746866444032,1000,150,"[100, 50, 100]","I(M1,M2;T)"
444,0.0,8.583123553308916,-1.3550001316128508,1000,150,"[100, 50, 100]","I(M1,M2;T)"
445,0.0,8.635358847586705,-1.2995651778292174,1000,150,"[100, 50, 100]","I(M1,M2;T)"
446,0.0,8.505057966885104,-1.427142053387735,1000,150,"[100, 50, 100]","I(M1,M2;T)"
447,0.0,8.608203249995084,-1.3395252884253726,1000,150,"[100, 50, 100]","I(M1,M2;T)"
448,0.0,8.575740185307541,-1.3581637666943873,1000,150,"[100, 50, 100]","I(M1,M2;T)"
449,0.0,8.448150333947016,-1.4923749912327438,1000,150,"[100, 50, 100]","I(M1,M2;T)"
450,0.0,8.557457803902567,-1.3831247898677343,1000,150,"[100, 50, 100]","I(M1,M2;T)"
451,0.0,8.607275532826119,-1.32557345105538,1000,150,"[100, 50, 100]","I(M1,M2;T)"
452,0.0,8.523510434926772,-1.4106891525209608,1000,150,"[100, 50, 100]","I(M1,M2;T)"
453,0.0,8.594751636318225,-1.343713706924616,1000,150,"[100, 50, 100]","I(M1,M2;T)"
454,0.0,8.637415911846592,-1.3110334490171027,1000,150,"[100, 50, 100]","I(M1,M2;T)"
455,0.0,8.518339582604588,-1.4060505505500203,1000,150,"[100, 50, 100]","I(M1,M2;T)"
456,0.0,8.530962732608025,-1.408543154885228,1000,150,"[100, 50, 100]","I(M1,M2;T)"
457,0.0,8.501488020569571,-1.4296064667007649,1000,150,"[100, 50, 100]","I(M1,M2;T)"
458,0.0,8.688756282796211,-1.2487225522624161,1000,150,"[100, 50, 100]","I(M1,M2;T)"
459,0.0,8.567592961872304,-1.3745767633288377,1000,150,"[100, 50, 100]","I(M1,M2;T)"
460,0.0,8.866646325161277,-1.0685867364857788,1000,150,"[100, 50, 100]","I(M1,M2;T)"
461,0.0,8.704388712462496,-1.246057964093076,1000,150,"[100, 50, 100]","I(M1,M2;T)"
462,0.0,8.646765373514686,-1.297852907912839,1000,150,"[100, 50, 100]","I(M1,M2;T)"
463,0.0,8.60523625772915,-1.3361203805771389,1000,150,"[100, 50, 100]","I(M1,M2;T)"
464,0.0,8.50159058816719,-1.4362794715523446,1000,150,"[100, 50, 100]","I(M1,M2;T)"
465,0.0,8.529653172424345,-1.4016596240191141,1000,150,"[100, 50, 100]","I(M1,M2;T)"
466,0.0,8.620280513889488,-1.3187350786876095,1000,150,"[100, 50, 100]","I(M1,M2;T)"
467,0.0,8.60880113247593,-1.3327997404300387,1000,150,"[100, 50, 100]","I(M1,M2;T)"
468,0.0,8.626031202430037,-1.3103311951519956,1000,150,"[100, 50, 100]","I(M1,M2;T)"
469,0.0,8.523692258816764,-1.4230153145623827,1000,150,"[100, 50, 100]","I(M1,M2;T)"
470,0.0,8.6548255222527,-1.2734371847998318,1000,150,"[100, 50, 100]","I(M1,M2;T)"
471,0.0,8.484617261173055,-1.4439609619433291,1000,150,"[100, 50, 100]","I(M1,M2;T)"
472,0.0,8.420263303254032,-1.5114303308297146,1000,150,"[100, 50, 100]","I(M1,M2;T)"
473,0.0,8.673778737430775,-1.2666652754083003,1000,150,"[100, 50, 100]","I(M1,M2;T)"
474,0.0,8.52507026717219,-1.4182414750042582,1000,150,"[100, 50, 100]","I(M1,M2;T)"
475,0.0,8.59247616486654,-1.3385964239422243,1000,150,"[100, 50, 100]","I(M1,M2;T)"
476,0.0,8.550862803842882,-1.3736778137934333,1000,150,"[100, 50, 100]","I(M1,M2;T)"
477,0.0,8.627149663901694,-1.3053326768201643,1000,150,"[100, 50, 100]","I(M1,M2;T)"
478,0.0,8.552578479249426,-1.3919750670401765,1000,150,"[100, 50, 100]","I(M1,M2;T)"
479,0.0,8.746780579476386,-1.1932271744754654,1000,150,"[100, 50, 100]","I(M1,M2;T)"
480,0.0,8.721526969764373,-1.2221811581155677,1000,150,"[100, 50, 100]","I(M1,M2;T)"
481,0.0,8.542488931503398,-1.3898187920570582,1000,150,"[100, 50, 100]","I(M1,M2;T)"
482,0.0,8.598242114232828,-1.3333279858644378,1000,150,"[100, 50, 100]","I(M1,M2;T)"
483,0.0,8.64561485869331,-1.2920130475782265,1000,150,"[100, 50, 100]","I(M1,M2;T)"
484,0.0,8.707274116958345,-1.230777976022198,1000,150,"[100, 50, 100]","I(M1,M2;T)"
485,0.0,8.448075076149838,-1.5049141188727937,1000,150,"[100, 50, 100]","I(M1,M2;T)"
486,0.0,8.792770088859115,-1.141871348188726,1000,150,"[100, 50, 100]","I(M1,M2;T)"
487,0.0,8.803638106510906,-1.1414639941401514,1000,150,"[100, 50, 100]","I(M1,M2;T)"
488,0.0,8.681061059759065,-1.2497083623286915,1000,150,"[100, 50, 100]","I(M1,M2;T)"
489,0.0,8.613894660088295,-1.3189428755486112,1000,150,"[100, 50, 100]","I(M1,M2;T)"
490,0.0,8.579116753053867,-1.3571876652944468,1000,150,"[100, 50, 100]","I(M1,M2;T)"
491,0.0,8.509123170803491,-1.4327286932576335,1000,150,"[100, 50, 100]","I(M1,M2;T)"
492,0.0,8.586505791502837,-1.3604547102025606,1000,150,"[100, 50, 100]","I(M1,M2;T)"
493,0.0,8.655100851237936,-1.2825108324701002,1000,150,"[100, 50, 100]","I(M1,M2;T)"
494,0.0,8.724053230587348,-1.2172549731692737,1000,150,"[100, 50, 100]","I(M1,M2;T)"
495,0.0,8.486455880423435,-1.4457728212509142,1000,150,"[100, 50, 100]","I(M1,M2;T)"
496,0.0,8.501772453134986,-1.4473154515863857,1000,150,"[100, 50, 100]","I(M1,M2;T)"
497,0.0,8.66436665510833,-1.2721852353275107,1000,150,"[100, 50, 100]","I(M1,M2;T)"
498,0.0,8.36541902119077,-1.5651324431298406,1000,150,"[100, 50, 100]","I(M1,M2;T)"
499,0.0,8.554281039178662,-1.383391812760527,1000,150,"[100, 50, 100]","I(M1,M2;T)"
500,0.0,8.47686693860097,-1.460016190271869,1000,150,"[100, 50, 100]","I(M1,M2;T)"
501,0.0,8.600550367204479,-1.3325730986230404,1000,150,"[100, 50, 100]","I(M1,M2;T)"
502,0.0,8.744125524390013,-1.1897904125659533,1000,150,"[100, 50, 100]","I(M1,M2;T)"
503,0.0,8.689827222460462,-1.2468921766323078,1000,150,"[100, 50, 100]","I(M1,M2;T)"
504,0.0,8.714072061060188,-1.2201962182632045,1000,150,"[100, 50, 100]","I(M1,M2;T)"
505,0.0,8.403677016874347,-1.5288658843451834,1000,150,"[100, 50, 100]","I(M1,M2;T)"
506,0.0,8.491461236050847,-1.4454883928795805,1000,150,"[100, 50, 100]","I(M1,M2;T)"
507,0.0,8.628233234988956,-1.3191257854053386,1000,150,"[100, 50, 100]","I(M1,M2;T)"
508,0.0,8.464218748411298,-1.481611029633637,1000,150,"[100, 50, 100]","I(M1,M2;T)"
509,0.0,8.540063527567135,-1.3868169967395243,1000,150,"[100, 50, 100]","I(M1,M2;T)"
510,0.0,8.605044068225894,-1.3274279558605304,1000,150,"[100, 50, 100]","I(M1,M2;T)"
511,0.0,8.569153852384598,-1.373520714643254,1000,150,"[100, 50, 100]","I(M1,M2;T)"
512,0.0,8.573036778855744,-1.3646397074828336,1000,150,"[100, 50, 100]","I(M1,M2;T)"
513,0.0,8.637689223669634,-1.3007415042176813,1000,150,"[100, 50, 100]","I(M1,M2;T)"
514,0.0,8.590836109462904,-1.345684343513069,1000,150,"[100, 50, 100]","I(M1,M2;T)"
515,0.0,8.349488409363117,-1.5894122762688863,1000,150,"[100, 50, 100]","I(M1,M2;T)"
516,0.0,8.631699995245746,-1.3087388312150576,1000,150,"[100, 50, 100]","I(M1,M2;T)"
517,0.0,8.542282151754847,-1.3880842309747656,1000,150,"[100, 50, 100]","I(M1,M2;T)"
518,0.0,8.482481902631191,-1.45243809501941,1000,150,"[100, 50, 100]","I(M1,M2;T)"
519,0.0,8.711718136049567,-1.2331178551368343,1000,150,"[100, 50, 100]","I(M1,M2;T)"
520,0.0,8.617760918131232,-1.3182421215953113,1000,150,"[100, 50, 100]","I(M1,M2;T)"
521,0.0,8.701810601006475,-1.2358538330167654,1000,150,"[100, 50, 100]","I(M1,M2;T)"
522,0.0,8.589856016461095,-1.3409464347876199,1000,150,"[100, 50, 100]","I(M1,M2;T)"
523,0.0,8.569392155648673,-1.3662437648160317,1000,150,"[100, 50, 100]","I(M1,M2;T)"
524,0.0,8.48300716576094,-1.4494793158202537,1000,150,"[100, 50, 100]","I(M1,M2;T)"
525,0.0,8.912305479296183,-1.027650849643308,1000,150,"[100, 50, 100]","I(M1,M2;T)"
526,0.0,8.597893328076871,-1.3332506016303132,1000,150,"[100, 50, 100]","I(M1,M2;T)"
527,0.0,8.707678200467669,-1.2334747773393708,1000,150,"[100, 50, 100]","I(M1,M2;T)"
528,0.0,8.47972469635489,-1.4615763420397005,1000,150,"[100, 50, 100]","I(M1,M2;T)"
529,0.0,8.636135830943935,-1.3012163531698722,1000,150,"[100, 50, 100]","I(M1,M2;T)"
530,0.0,8.6662735221567,-1.268769136883666,1000,150,"[100, 50, 100]","I(M1,M2;T)"
531,0.0,8.42860746344213,-1.5113255628315478,1000,150,"[100, 50, 100]","I(M1,M2;T)"
532,0.0,8.429867331287545,-1.504865800058722,1000,150,"[100, 50, 100]","I(M1,M2;T)"
533,0.0,8.548927529702683,-1.3930145492636523,1000,150,"[100, 50, 100]","I(M1,M2;T)"
534,0.0,8.628321074010598,-1.3052657713071074,1000,150,"[100, 50, 100]","I(M1,M2;T)"
535,0.0,8.514077615258053,-1.4197997749172657,1000,150,"[100, 50, 100]","I(M1,M2;T)"
536,0.0,8.610237665906029,-1.3264404999201638,1000,150,"[100, 50, 100]","I(M1,M2;T)"
537,0.0,8.536361680843413,-1.3979671168313654,1000,150,"[100, 50, 100]","I(M1,M2;T)"
538,0.0,8.614423157419665,-1.3146231978772267,1000,150,"[100, 50, 100]","I(M1,M2;T)"
539,0.0,8.545008428829995,-1.3982733353832053,1000,150,"[100, 50, 100]","I(M1,M2;T)"
540,0.0,8.621115699065436,-1.31648552450749,1000,150,"[100, 50, 100]","I(M1,M2;T)"
541,0.0,8.624061229156666,-1.310250061649901,1000,150,"[100, 50, 100]","I(M1,M2;T)"
542,0.0,8.687345998601327,-1.2500527745587817,1000,150,"[100, 50, 100]","I(M1,M2;T)"
543,0.0,8.578876022146122,-1.3580334645138379,1000,150,"[100, 50, 100]","I(M1,M2;T)"
544,0.0,8.553459677126341,-1.3834951435930538,1000,150,"[100, 50, 100]","I(M1,M2;T)"
545,0.0,8.546847218710292,-1.3956013078331981,1000,150,"[100, 50, 100]","I(M1,M2;T)"
546,0.0,8.419192657221929,-1.521102048807382,1000,150,"[100, 50, 100]","I(M1,M2;T)"
547,0.0,8.70517038367743,-1.232059825440146,1000,150,"[100, 50, 100]","I(M1,M2;T)"
548,0.0,8.685177675293875,-1.2529929375463063,1000,150,"[100, 50, 100]","I(M1,M2;T)"
549,0.0,8.634896513457528,-1.3050482507042194,1000,150,"[100, 50, 100]","I(M1,M2;T)"
550,0.0,8.510070166455613,-1.4332759563455024,1000,150,"[100, 50, 100]","I(M1,M2;T)"
551,0.0,8.680220459055457,-1.2505912174918627,1000,150,"[100, 50, 100]","I(M1,M2;T)"
552,0.0,8.66128726077538,-1.27682954080246,1000,150,"[100, 50, 100]","I(M1,M2;T)"
553,0.0,8.728958863482344,-1.211548857046271,1000,150,"[100, 50, 100]","I(M1,M2;T)"
554,0.0,8.538764873242148,-1.4062988936453547,1000,150,"[100, 50, 100]","I(M1,M2;T)"
555,0.0,8.664772818602586,-1.2635402066351649,1000,150,"[100, 50, 100]","I(M1,M2;T)"
556,0.0,8.589937181635898,-1.3377570087106019,1000,150,"[100, 50, 100]","I(M1,M2;T)"
557,0.0,8.86357695165935,-1.0652261295987557,1000,150,"[100, 50, 100]","I(M1,M2;T)"
558,0.0,8.61906024375698,-1.323030454126064,1000,150,"[100, 50, 100]","I(M1,M2;T)"
559,0.0,8.614302144133028,-1.3230997165841707,1000,150,"[100, 50, 100]","I(M1,M2;T)"
560,0.0,8.715317957838252,-1.2378182823693997,1000,150,"[100, 50, 100]","I(M1,M2;T)"
561,0.0,8.589304231329875,-1.343493979452699,1000,150,"[100, 50, 100]","I(M1,M2;T)"
562,0.0,8.66045205615307,-1.275107201914837,1000,150,"[100, 50, 100]","I(M1,M2;T)"
563,0.0,8.630608608678035,-1.3020487054983967,1000,150,"[100, 50, 100]","I(M1,M2;T)"
564,0.0,8.515237708316118,-1.422556685091065,1000,150,"[100, 50, 100]","I(M1,M2;T)"
565,0.0,8.616700349634904,-1.3123223578243,1000,150,"[100, 50, 100]","I(M1,M2;T)"
566,0.0,8.596532956617237,-1.3440642340269342,1000,150,"[100, 50, 100]","I(M1,M2;T)"
567,0.0,8.529532284108404,-1.4071434120110613,1000,150,"[100, 50, 100]","I(M1,M2;T)"
568,0.0,8.666157111981573,-1.268931571650084,1000,150,"[100, 50, 100]","I(M1,M2;T)"
569,0.0,8.596616460509106,-1.3460982096650387,1000,150,"[100, 50, 100]","I(M1,M2;T)"
570,0.0,8.67193352192617,-1.2584084273483267,1000,150,"[100, 50, 100]","I(M1,M2;T)"
571,0.0,8.550439576498931,-1.3816042360270266,1000,150,"[100, 50, 100]","I(M1,M2;T)"
572,0.0,8.571329810453845,-1.3666185237073698,1000,150,"[100, 50, 100]","I(M1,M2;T)"
573,0.0,8.636692367367818,-1.3023972010722353,1000,150,"[100, 50, 100]","I(M1,M2;T)"
574,0.0,8.426348783183156,-1.5079283150244187,1000,150,"[100, 50, 100]","I(M1,M2;T)"
575,0.0,8.547630299751724,-1.3956376454323713,1000,150,"[100, 50, 100]","I(M1,M2;T)"
576,0.0,8.595348846955645,-1.3320180609657903,1000,150,"[100, 50, 100]","I(M1,M2;T)"
577,0.0,8.646048922546282,-1.292283236085348,1000,150,"[100, 50, 100]","I(M1,M2;T)"
578,0.0,8.694969162299795,-1.2459033133785677,1000,150,"[100, 50, 100]","I(M1,M2;T)"
579,0.0,8.571675707747701,-1.3622702870489292,1000,150,"[100, 50, 100]","I(M1,M2;T)"
580,0.0,8.884440883162899,-1.047280416790283,1000,150,"[100, 50, 100]","I(M1,M2;T)"
581,0.0,8.728563053033604,-1.2167245675724203,1000,150,"[100, 50, 100]","I(M1,M2;T)"
582,0.0,8.693498061974363,-1.240379724100988,1000,150,"[100, 50, 100]","I(M1,M2;T)"
583,0.0,8.575297488159379,-1.368124883433513,1000,150,"[100, 50, 100]","I(M1,M2;T)"
584,0.0,8.571566295566734,-1.3605604718072382,1000,150,"[100, 50, 100]","I(M1,M2;T)"
585,0.0,8.424406133965416,-1.515312070425356,1000,150,"[100, 50, 100]","I(M1,M2;T)"
586,0.0,8.609948717950981,-1.3180286742041307,1000,150,"[100, 50, 100]","I(M1,M2;T)"
587,0.0,8.62894753050354,-1.3108643354323437,1000,150,"[100, 50, 100]","I(M1,M2;T)"
588,0.0,8.7383130282653,-1.2003250794556255,1000,150,"[100, 50, 100]","I(M1,M2;T)"
589,0.0,8.451980933834989,-1.4828041187460297,1000,150,"[100, 50, 100]","I(M1,M2;T)"
590,0.0,8.584516584065502,-1.356609432110817,1000,150,"[100, 50, 100]","I(M1,M2;T)"
591,0.0,8.690396783261953,-1.2480501084768676,1000,150,"[100, 50, 100]","I(M1,M2;T)"
592,0.0,8.72970993386763,-1.2075382173145002,1000,150,"[100, 50, 100]","I(M1,M2;T)"
593,0.0,8.503814821199098,-1.430952495101268,1000,150,"[100, 50, 100]","I(M1,M2;T)"
594,0.0,8.579359657296395,-1.359346915336669,1000,150,"[100, 50, 100]","I(M1,M2;T)"
595,0.0,8.609848787757556,-1.3247321273702166,1000,150,"[100, 50, 100]","I(M1,M2;T)"
596,0.0,8.524677649208158,-1.4106328500807006,1000,150,"[100, 50, 100]","I(M1,M2;T)"
597,0.0,8.668290296379562,-1.2698762294296344,1000,150,"[100, 50, 100]","I(M1,M2;T)"
598,0.0,8.685575508580392,-1.2553398521138934,1000,150,"[100, 50, 100]","I(M1,M2;T)"
599,0.0,8.464793134347225,-1.4839034382606169,1000,150,"[100, 50, 100]","I(M1,M2;T)"
600,0.0,8.711629372576358,-1.2302357583478312,1000,150,"[100, 50, 100]","I(M1,M2;T)"
601,0.0,8.591509859141635,-1.3431042257293626,1000,150,"[100, 50, 100]","I(M1,M2;T)"
602,0.0,8.737952892239893,-1.202234467980393,1000,150,"[100, 50, 100]","I(M1,M2;T)"
603,0.0,8.638877111257163,-1.2944410593333249,1000,150,"[100, 50, 100]","I(M1,M2;T)"
604,0.0,8.666200072274684,-1.2661385035599793,1000,150,"[100, 50, 100]","I(M1,M2;T)"
605,0.0,8.639976689161724,-1.2930389999957264,1000,150,"[100, 50, 100]","I(M1,M2;T)"
606,0.0,8.743635514678296,-1.1944396679296734,1000,150,"[100, 50, 100]","I(M1,M2;T)"
607,0.0,8.603992991836844,-1.3329435623785457,1000,150,"[100, 50, 100]","I(M1,M2;T)"
608,0.0,8.66823105182937,-1.2624019839774618,1000,150,"[100, 50, 100]","I(M1,M2;T)"
609,0.0,8.645062146845996,-1.2981896650927833,1000,150,"[100, 50, 100]","I(M1,M2;T)"
610,0.0,8.697710588766943,-1.2366077727153648,1000,150,"[100, 50, 100]","I(M1,M2;T)"
611,0.0,8.636947358638446,-1.296264106709783,1000,150,"[100, 50, 100]","I(M1,M2;T)"
612,0.0,8.641301508897723,-1.2920998364716372,1000,150,"[100, 50, 100]","I(M1,M2;T)"
613,0.0,8.635400853730415,-1.3078151082789713,1000,150,"[100, 50, 100]","I(M1,M2;T)"
614,0.0,8.62210732653889,-1.3211599971143624,1000,150,"[100, 50, 100]","I(M1,M2;T)"
615,0.0,8.633252264885005,-1.3079726347417981,1000,150,"[100, 50, 100]","I(M1,M2;T)"
616,0.0,8.682980536483198,-1.2506412759828685,1000,150,"[100, 50, 100]","I(M1,M2;T)"
617,0.0,8.545924765762098,-1.3893854429888943,1000,150,"[100, 50, 100]","I(M1,M2;T)"
618,0.0,8.65494619115467,-1.300303702887339,1000,150,"[100, 50, 100]","I(M1,M2;T)"
619,0.0,8.566598931675372,-1.3715705256041382,1000,150,"[100, 50, 100]","I(M1,M2;T)"
620,0.0,8.497054498074181,-1.4263667453660158,1000,150,"[100, 50, 100]","I(M1,M2;T)"
621,0.0,8.636461780100356,-1.2967972991765127,1000,150,"[100, 50, 100]","I(M1,M2;T)"
622,0.0,8.556129943584972,-1.3781901009680269,1000,150,"[100, 50, 100]","I(M1,M2;T)"
623,0.0,8.781383319426617,-1.1526967358342954,1000,150,"[100, 50, 100]","I(M1,M2;T)"
624,0.0,8.777553019031856,-1.1618342547938845,1000,150,"[100, 50, 100]","I(M1,M2;T)"
625,0.0,8.732804715768761,-1.2074733910725097,1000,150,"[100, 50, 100]","I(M1,M2;T)"
626,0.0,8.60967407799398,-1.3341308823260114,1000,150,"[100, 50, 100]","I(M1,M2;T)"
627,0.0,8.629299361894251,-1.3058878879621076,1000,150,"[100, 50, 100]","I(M1,M2;T)"
628,0.0,8.603830462235196,-1.337239540104978,1000,150,"[100, 50, 100]","I(M1,M2;T)"
629,0.0,8.584956457755961,-1.3620133558582168,1000,150,"[100, 50, 100]","I(M1,M2;T)"
630,0.0,8.587055723212647,-1.352831478422372,1000,150,"[100, 50, 100]","I(M1,M2;T)"
631,0.0,8.636814463150674,-1.3025423037768107,1000,150,"[100, 50, 100]","I(M1,M2;T)"
632,0.0,8.367974098266663,-1.5668847473263128,1000,150,"[100, 50, 100]","I(M1,M2;T)"
633,0.0,8.748030825447598,-1.178073929205473,1000,150,"[100, 50, 100]","I(M1,M2;T)"
634,0.0,8.74488283669454,-1.1961595287497744,1000,150,"[100, 50, 100]","I(M1,M2;T)"
635,0.0,8.570679224870847,-1.3709119305885622,1000,150,"[100, 50, 100]","I(M1,M2;T)"
636,0.0,8.654764803116311,-1.2904826589055265,1000,150,"[100, 50, 100]","I(M1,M2;T)"
637,0.0,8.531565995124039,-1.4180892513163617,1000,150,"[100, 50, 100]","I(M1,M2;T)"
638,0.0,8.60192577667791,-1.325001225660845,1000,150,"[100, 50, 100]","I(M1,M2;T)"
639,0.0,8.681961815591631,-1.2691836706785953,1000,150,"[100, 50, 100]","I(M1,M2;T)"
640,0.0,8.694115408205,-1.2507818691529469,1000,150,"[100, 50, 100]","I(M1,M2;T)"
641,0.0,8.773835589938889,-1.1660377282408803,1000,150,"[100, 50, 100]","I(M1,M2;T)"
642,0.0,8.629132130345786,-1.3174773834087965,1000,150,"[100, 50, 100]","I(M1,M2;T)"
643,0.0,8.371280347489973,-1.5735898450866923,1000,150,"[100, 50, 100]","I(M1,M2;T)"
644,0.0,8.410526387542138,-1.5157615017404744,1000,150,"[100, 50, 100]","I(M1,M2;T)"
645,0.0,8.659845807100131,-1.2768513623251394,1000,150,"[100, 50, 100]","I(M1,M2;T)"
646,0.0,8.70497688026565,-1.24043350036842,1000,150,"[100, 50, 100]","I(M1,M2;T)"
647,0.0,8.438823231545776,-1.4991013024743811,1000,150,"[100, 50, 100]","I(M1,M2;T)"
648,0.0,8.637701414949785,-1.3103847149886043,1000,150,"[100, 50, 100]","I(M1,M2;T)"
649,0.0,8.564056188058649,-1.3729803265876974,1000,150,"[100, 50, 100]","I(M1,M2;T)"
650,0.0,8.722281021432822,-1.209890223557876,1000,150,"[100, 50, 100]","I(M1,M2;T)"
651,0.0,8.731735782084517,-1.203384052582619,1000,150,"[100, 50, 100]","I(M1,M2;T)"
652,0.0,8.550271974236345,-1.3828779743229571,1000,150,"[100, 50, 100]","I(M1,M2;T)"
653,0.0,8.534119361540954,-1.398460334579175,1000,150,"[100, 50, 100]","I(M1,M2;T)"
654,0.0,8.570230419216518,-1.3696955418843935,1000,150,"[100, 50, 100]","I(M1,M2;T)"
655,0.0,8.581646924917965,-1.3622535214589906,1000,150,"[100, 50, 100]","I(M1,M2;T)"
656,0.0,8.430296418641245,-1.5058643110043892,1000,150,"[100, 50, 100]","I(M1,M2;T)"
657,0.0,8.451592315256567,-1.4909644535323778,1000,150,"[100, 50, 100]","I(M1,M2;T)"
658,0.0,8.68401672670342,-1.2469825050421512,1000,150,"[100, 50, 100]","I(M1,M2;T)"
659,0.0,8.689102815831339,-1.2489069335347178,1000,150,"[100, 50, 100]","I(M1,M2;T)"
660,0.0,8.627023426890954,-1.3050793525239115,1000,150,"[100, 50, 100]","I(M1,M2;T)"
661,0.0,8.685645888560009,-1.2497153617058547,1000,150,"[100, 50, 100]","I(M1,M2;T)"
662,0.0,8.622489081396857,-1.3096441199582234,1000,150,"[100, 50, 100]","I(M1,M2;T)"
663,0.0,8.617559830368053,-1.3152282961320072,1000,150,"[100, 50, 100]","I(M1,M2;T)"
664,0.0,8.553918048504148,-1.3866746082057873,1000,150,"[100, 50, 100]","I(M1,M2;T)"
665,0.0,8.536297092281778,-1.4018805952482456,1000,150,"[100, 50, 100]","I(M1,M2;T)"
666,0.0,8.77060524901983,-1.1709549062594125,1000,150,"[100, 50, 100]","I(M1,M2;T)"
667,0.0,8.623735262237675,-1.3139294056539779,1000,150,"[100, 50, 100]","I(M1,M2;T)"
668,0.0,8.527889347883328,-1.415434409265961,1000,150,"[100, 50, 100]","I(M1,M2;T)"
669,0.0,8.643005305632979,-1.303411039705237,1000,150,"[100, 50, 100]","I(M1,M2;T)"
670,0.0,8.786695315285733,-1.1464742484747124,1000,150,"[100, 50, 100]","I(M1,M2;T)"
671,0.0,8.599445965627392,-1.3364935124167694,1000,150,"[100, 50, 100]","I(M1,M2;T)"
672,0.0,8.64966174902531,-1.2861901270023957,1000,150,"[100, 50, 100]","I(M1,M2;T)"
673,0.0,8.65903204826644,-1.2779676399290416,1000,150,"[100, 50, 100]","I(M1,M2;T)"
674,0.0,8.668340461314404,-1.2673882755638797,1000,150,"[100, 50, 100]","I(M1,M2;T)"
675,0.0,8.5425503393283,-1.3946556921789774,1000,150,"[100, 50, 100]","I(M1,M2;T)"
676,0.0,8.672181802911105,-1.2743281158234865,1000,150,"[100, 50, 100]","I(M1,M2;T)"
677,0.0,8.63085433289844,-1.309671720801619,1000,150,"[100, 50, 100]","I(M1,M2;T)"
678,0.0,8.534383308504225,-1.407282479643614,1000,150,"[100, 50, 100]","I(M1,M2;T)"
679,0.0,8.512917235092198,-1.4185387811086265,1000,150,"[100, 50, 100]","I(M1,M2;T)"
680,0.0,8.682495952670038,-1.247486047652183,1000,150,"[100, 50, 100]","I(M1,M2;T)"
681,0.0,8.788375127027317,-1.1608859237601798,1000,150,"[100, 50, 100]","I(M1,M2;T)"
682,0.0,8.530227948367301,-1.4026218377416981,1000,150,"[100, 50, 100]","I(M1,M2;T)"
683,0.0,8.585061563073625,-1.3435220759896342,1000,150,"[100, 50, 100]","I(M1,M2;T)"
684,0.0,8.673432598930923,-1.2587229311931036,1000,150,"[100, 50, 100]","I(M1,M2;T)"
685,0.0,8.569787051819931,-1.3638639775503751,1000,150,"[100, 50, 100]","I(M1,M2;T)"
686,0.0,8.54501238603773,-1.391268200090435,1000,150,"[100, 50, 100]","I(M1,M2;T)"
687,0.0,8.639605321781886,-1.2980735480791434,1000,150,"[100, 50, 100]","I(M1,M2;T)"
688,0.0,8.584285566314964,-1.343241202288235,1000,150,"[100, 50, 100]","I(M1,M2;T)"
689,0.0,8.675519569942823,-1.2583218726727825,1000,150,"[100, 50, 100]","I(M1,M2;T)"
690,0.0,8.44921395081538,-1.4930298694188942,1000,150,"[100, 50, 100]","I(M1,M2;T)"
691,0.0,8.705536117012258,-1.2343151632345606,1000,150,"[100, 50, 100]","I(M1,M2;T)"
692,0.0,8.604451042195745,-1.3316599016423645,1000,150,"[100, 50, 100]","I(M1,M2;T)"
693,0.0,8.573298188362772,-1.358551993720594,1000,150,"[100, 50, 100]","I(M1,M2;T)"
694,0.0,8.754860606810354,-1.17695051219237,1000,150,"[100, 50, 100]","I(M1,M2;T)"
695,0.0,8.621052411201582,-1.3221811428026413,1000,150,"[100, 50, 100]","I(M1,M2;T)"
696,0.0,8.57014852708131,-1.372625096636897,1000,150,"[100, 50, 100]","I(M1,M2;T)"
697,0.0,8.507269605523813,-1.431590512032459,1000,150,"[100, 50, 100]","I(M1,M2;T)"
698,0.0,8.634148431931978,-1.3052297429364152,1000,150,"[100, 50, 100]","I(M1,M2;T)"
699,0.0,8.756750685625253,-1.1712551658727897,1000,150,"[100, 50, 100]","I(M1,M2;T)"
700,0.0,8.703520941112485,-1.220426106645462,1000,150,"[100, 50, 100]","I(M1,M2;T)"
701,0.0,8.676460387143287,-1.2593827841288299,1000,150,"[100, 50, 100]","I(M1,M2;T)"
702,0.0,8.604607043163185,-1.33220285105525,1000,150,"[100, 50, 100]","I(M1,M2;T)"
703,0.0,8.634730432348471,-1.2989422640639159,1000,150,"[100, 50, 100]","I(M1,M2;T)"
704,0.0,8.556554489620313,-1.3882711763949231,1000,150,"[100, 50, 100]","I(M1,M2;T)"
705,0.0,8.65277732928007,-1.2822760017856396,1000,150,"[100, 50, 100]","I(M1,M2;T)"
706,0.0,8.71341107454205,-1.2275445592323546,1000,150,"[100, 50, 100]","I(M1,M2;T)"
707,0.0,8.632177779121847,-1.2928572440475588,1000,150,"[100, 50, 100]","I(M1,M2;T)"
708,0.0,8.640870376391277,-1.3016189902640338,1000,150,"[100, 50, 100]","I(M1,M2;T)"
709,0.0,8.693173251506828,-1.2447099930493373,1000,150,"[100, 50, 100]","I(M1,M2;T)"
710,0.0,8.787956997682821,-1.1445554122032995,1000,150,"[100, 50, 100]","I(M1,M2;T)"
711,0.0,8.65436957486919,-1.2792711089329227,1000,150,"[100, 50, 100]","I(M1,M2;T)"
712,0.0,8.751175837269614,-1.1906444380539813,1000,150,"[100, 50, 100]","I(M1,M2;T)"
713,0.0,8.663881290526616,-1.2681884868286843,1000,150,"[100, 50, 100]","I(M1,M2;T)"
714,0.0,8.562433584872277,-1.3790330021692956,1000,150,"[100, 50, 100]","I(M1,M2;T)"
715,0.0,8.549202269538108,-1.3936021857165581,1000,150,"[100, 50, 100]","I(M1,M2;T)"
716,0.0,8.703338160843934,-1.2310274185977725,1000,150,"[100, 50, 100]","I(M1,M2;T)"
717,0.0,8.621282575343308,-1.307490920934173,1000,150,"[100, 50, 100]","I(M1,M2;T)"
718,0.0,8.545744054609345,-1.3916359744308426,1000,150,"[100, 50, 100]","I(M1,M2;T)"
719,0.0,8.634747774546412,-1.3085244193542458,1000,150,"[100, 50, 100]","I(M1,M2;T)"
720,0.0,8.675036552941576,-1.2548537761570895,1000,150,"[100, 50, 100]","I(M1,M2;T)"
721,0.0,8.682324585710976,-1.2644723337103834,1000,150,"[100, 50, 100]","I(M1,M2;T)"
722,0.0,8.633352933625869,-1.2932997401474058,1000,150,"[100, 50, 100]","I(M1,M2;T)"
723,0.0,8.788718408361095,-1.1551922466804943,1000,150,"[100, 50, 100]","I(M1,M2;T)"
724,0.0,8.618953295696489,-1.3171774307016744,1000,150,"[100, 50, 100]","I(M1,M2;T)"
725,0.0,8.539471971507268,-1.395117817477642,1000,150,"[100, 50, 100]","I(M1,M2;T)"
726,0.0,8.567884067705922,-1.369058589967862,1000,150,"[100, 50, 100]","I(M1,M2;T)"
727,0.0,8.508519273585481,-1.4230713582180883,1000,150,"[100, 50, 100]","I(M1,M2;T)"
728,0.0,8.70212260453687,-1.238278936676581,1000,150,"[100, 50, 100]","I(M1,M2;T)"
729,0.0,8.755716569703852,-1.1918256029628633,1000,150,"[100, 50, 100]","I(M1,M2;T)"
730,0.0,8.48914290608319,-1.4401340299302863,1000,150,"[100, 50, 100]","I(M1,M2;T)"
731,0.0,8.646011668261085,-1.2882591433034758,1000,150,"[100, 50, 100]","I(M1,M2;T)"
732,0.0,8.503972079521176,-1.4302567895674922,1000,150,"[100, 50, 100]","I(M1,M2;T)"
733,0.0,8.596811170184006,-1.3406677695748694,1000,150,"[100, 50, 100]","I(M1,M2;T)"
734,0.0,8.585268981600793,-1.3388589548811858,1000,150,"[100, 50, 100]","I(M1,M2;T)"
735,0.0,8.509577955608071,-1.427049568661749,1000,150,"[100, 50, 100]","I(M1,M2;T)"
736,0.0,8.851252863205936,-1.0894506121279885,1000,150,"[100, 50, 100]","I(M1,M2;T)"
737,0.0,8.656017353776178,-1.2779068327040193,1000,150,"[100, 50, 100]","I(M1,M2;T)"
738,0.0,8.571741516784094,-1.357720333612308,1000,150,"[100, 50, 100]","I(M1,M2;T)"
739,0.0,8.826182497478975,-1.1148714677662035,1000,150,"[100, 50, 100]","I(M1,M2;T)"
740,0.0,8.636679461981833,-1.306276861638061,1000,150,"[100, 50, 100]","I(M1,M2;T)"
741,0.0,8.60460510807087,-1.3316487195929696,1000,150,"[100, 50, 100]","I(M1,M2;T)"
742,0.0,8.640044979316626,-1.2960612619595118,1000,150,"[100, 50, 100]","I(M1,M2;T)"
743,0.0,8.663348294067973,-1.273177883349721,1000,150,"[100, 50, 100]","I(M1,M2;T)"
744,0.0,8.461606515439097,-1.4769561099810495,1000,150,"[100, 50, 100]","I(M1,M2;T)"
745,0.0,8.691123782544175,-1.2612424671175617,1000,150,"[100, 50, 100]","I(M1,M2;T)"
746,0.0,8.437502013067245,-1.495495918456026,1000,150,"[100, 50, 100]","I(M1,M2;T)"
747,0.0,8.642315240949221,-1.299010441678055,1000,150,"[100, 50, 100]","I(M1,M2;T)"
748,0.0,8.631886976171291,-1.3043655452824172,1000,150,"[100, 50, 100]","I(M1,M2;T)"
749,0.0,8.598762464682906,-1.3384864571480648,1000,150,"[100, 50, 100]","I(M1,M2;T)"
750,0.0,8.611771727998757,-1.321659168877316,1000,150,"[100, 50, 100]","I(M1,M2;T)"
751,0.0,8.643121916223906,-1.2988990475847828,1000,150,"[100, 50, 100]","I(M1,M2;T)"
752,0.0,8.769334253692705,-1.1681446555593578,1000,150,"[100, 50, 100]","I(M1,M2;T)"
753,0.0,8.540801909505557,-1.3902836158121428,1000,150,"[100, 50, 100]","I(M1,M2;T)"
754,0.0,8.554677016120738,-1.3832662113124758,1000,150,"[100, 50, 100]","I(M1,M2;T)"
755,0.0,8.57795547794758,-1.3627266487394945,1000,150,"[100, 50, 100]","I(M1,M2;T)"
756,0.0,8.552704934745194,-1.384643050343854,1000,150,"[100, 50, 100]","I(M1,M2;T)"
757,0.0,8.651150222605956,-1.29171635172138,1000,150,"[100, 50, 100]","I(M1,M2;T)"
758,0.0,8.606756369459488,-1.3359232266141046,1000,150,"[100, 50, 100]","I(M1,M2;T)"
759,0.0,8.729993972994919,-1.1975293483242062,1000,150,"[100, 50, 100]","I(M1,M2;T)"
760,0.0,8.608566091833925,-1.3258824783395884,1000,150,"[100, 50, 100]","I(M1,M2;T)"
761,0.0,8.811039681523663,-1.1293567795982398,1000,150,"[100, 50, 100]","I(M1,M2;T)"
762,0.0,8.642392417638902,-1.291942380522464,1000,150,"[100, 50, 100]","I(M1,M2;T)"
763,0.0,8.579802607097726,-1.3565573497227614,1000,150,"[100, 50, 100]","I(M1,M2;T)"
764,0.0,8.767833725256352,-1.169461966613932,1000,150,"[100, 50, 100]","I(M1,M2;T)"
765,0.0,8.689742963011849,-1.255677646470934,1000,150,"[100, 50, 100]","I(M1,M2;T)"
766,0.0,8.74568891504202,-1.1933593266146136,1000,150,"[100, 50, 100]","I(M1,M2;T)"
767,0.0,8.52139829858423,-1.4250499413049695,1000,150,"[100, 50, 100]","I(M1,M2;T)"
768,0.0,8.568570449726444,-1.3630480770129587,1000,150,"[100, 50, 100]","I(M1,M2;T)"
769,0.0,8.529746439327743,-1.4060389078036657,1000,150,"[100, 50, 100]","I(M1,M2;T)"
770,0.0,8.470830845922809,-1.4626690419096207,1000,150,"[100, 50, 100]","I(M1,M2;T)"
771,0.0,8.612310297603996,-1.319117779260992,1000,150,"[100, 50, 100]","I(M1,M2;T)"
772,0.0,8.800816930445276,-1.139598657546939,1000,150,"[100, 50, 100]","I(M1,M2;T)"
773,0.0,8.681910906568895,-1.253113009567139,1000,150,"[100, 50, 100]","I(M1,M2;T)"
774,0.0,8.580978387593829,-1.3582058527806762,1000,150,"[100, 50, 100]","I(M1,M2;T)"
775,0.0,8.676138560483775,-1.2676809125754502,1000,150,"[100, 50, 100]","I(M1,M2;T)"
776,0.0,8.661029206134161,-1.2788466777606882,1000,150,"[100, 50, 100]","I(M1,M2;T)"
777,0.0,8.59491947721709,-1.343049704761773,1000,150,"[100, 50, 100]","I(M1,M2;T)"
778,0.0,8.609205167588021,-1.3218375607311739,1000,150,"[100, 50, 100]","I(M1,M2;T)"
779,0.0,8.527758837508816,-1.4087965652459236,1000,150,"[100, 50, 100]","I(M1,M2;T)"
780,0.0,8.725274141578105,-1.2161318953967797,1000,150,"[100, 50, 100]","I(M1,M2;T)"
781,0.0,8.498740516596579,-1.4400424240090874,1000,150,"[100, 50, 100]","I(M1,M2;T)"
782,0.0,8.7127909224254,-1.233633893358121,1000,150,"[100, 50, 100]","I(M1,M2;T)"
783,0.0,8.838266967339322,-1.1094205819826346,1000,150,"[100, 50, 100]","I(M1,M2;T)"
784,0.0,8.605195607469874,-1.337710352830122,1000,150,"[100, 50, 100]","I(M1,M2;T)"
785,0.0,8.614134202650698,-1.3230990735612806,1000,150,"[100, 50, 100]","I(M1,M2;T)"
786,0.0,8.60694508126648,-1.3326071595165079,1000,150,"[100, 50, 100]","I(M1,M2;T)"
787,0.0,8.680076945918929,-1.2500977351347746,1000,150,"[100, 50, 100]","I(M1,M2;T)"
788,0.0,8.635932344794469,-1.2966957916214188,1000,150,"[100, 50, 100]","I(M1,M2;T)"
789,0.0,8.46550476576797,-1.476700555980866,1000,150,"[100, 50, 100]","I(M1,M2;T)"
790,0.0,8.58956532419144,-1.352444801022683,1000,150,"[100, 50, 100]","I(M1,M2;T)"
791,0.0,8.55112052930199,-1.3798045872849318,1000,150,"[100, 50, 100]","I(M1,M2;T)"
792,0.0,8.554491567961287,-1.372818493198034,1000,150,"[100, 50, 100]","I(M1,M2;T)"
793,0.0,8.629503914933602,-1.3025855950024674,1000,150,"[100, 50, 100]","I(M1,M2;T)"
794,0.0,8.727447397477787,-1.2010609732831288,1000,150,"[100, 50, 100]","I(M1,M2;T)"
795,0.0,8.499385557418933,-1.441109661509607,1000,150,"[100, 50, 100]","I(M1,M2;T)"
796,0.0,8.60914927551893,-1.3279416264593973,1000,150,"[100, 50, 100]","I(M1,M2;T)"
797,0.0,8.578788139459103,-1.372878839047365,1000,150,"[100, 50, 100]","I(M1,M2;T)"
798,0.0,8.647982538461513,-1.2956534415738972,1000,150,"[100, 50, 100]","I(M1,M2;T)"
799,0.0,8.612518363737253,-1.322608747508422,1000,150,"[100, 50, 100]","I(M1,M2;T)"
800,0.0,8.571603453971013,-1.3661934243102358,1000,150,"[100, 50, 100]","I(M1,M2;T)"
801,0.0,8.507823911971283,-1.4272589350917855,1000,150,"[100, 50, 100]","I(M1,M2;T)"
802,0.0,8.629913961643505,-1.310524933266418,1000,150,"[100, 50, 100]","I(M1,M2;T)"
803,0.0,8.684113892369751,-1.2640955941148153,1000,150,"[100, 50, 100]","I(M1,M2;T)"
804,0.0,8.752231027300292,-1.1814597070732038,1000,150,"[100, 50, 100]","I(M1,M2;T)"
805,0.0,8.503091771874683,-1.4332015154796647,1000,150,"[100, 50, 100]","I(M1,M2;T)"
806,0.0,8.595537702517515,-1.3407780782691017,1000,150,"[100, 50, 100]","I(M1,M2;T)"
807,0.0,8.679111194255778,-1.2551304139445918,1000,150,"[100, 50, 100]","I(M1,M2;T)"
808,0.0,8.605748269915107,-1.3245017615277082,1000,150,"[100, 50, 100]","I(M1,M2;T)"
809,0.0,8.386071199456403,-1.5569731801655493,1000,150,"[100, 50, 100]","I(M1,M2;T)"
810,0.0,8.532974385079413,-1.4039639111493578,1000,150,"[100, 50, 100]","I(M1,M2;T)"
811,0.0,8.47300787750865,-1.4577432393395586,1000,150,"[100, 50, 100]","I(M1,M2;T)"
812,0.0,8.666615262370366,-1.274437619527145,1000,150,"[100, 50, 100]","I(M1,M2;T)"
813,0.0,8.616966943657609,-1.317455919229653,1000,150,"[100, 50, 100]","I(M1,M2;T)"
814,0.0,8.681920878820884,-1.23948163480034,1000,150,"[100, 50, 100]","I(M1,M2;T)"
815,0.0,8.588967609007605,-1.3492860381622762,1000,150,"[100, 50, 100]","I(M1,M2;T)"
816,0.0,8.424628476385543,-1.516985617091784,1000,150,"[100, 50, 100]","I(M1,M2;T)"
817,0.0,8.664706360925374,-1.273867135635145,1000,150,"[100, 50, 100]","I(M1,M2;T)"
818,0.0,8.739541077849063,-1.2018107034694854,1000,150,"[100, 50, 100]","I(M1,M2;T)"
819,0.0,8.666447678293276,-1.2679225397882394,1000,150,"[100, 50, 100]","I(M1,M2;T)"
820,0.0,8.674042982918813,-1.2604593777509017,1000,150,"[100, 50, 100]","I(M1,M2;T)"
821,0.0,8.658925904851847,-1.2748991559973195,1000,150,"[100, 50, 100]","I(M1,M2;T)"
822,0.0,8.715818887330686,-1.2361930011511788,1000,150,"[100, 50, 100]","I(M1,M2;T)"
823,0.0,8.644127288984818,-1.285637034521839,1000,150,"[100, 50, 100]","I(M1,M2;T)"
824,0.0,8.614982527019688,-1.3178158543479839,1000,150,"[100, 50, 100]","I(M1,M2;T)"
825,0.0,8.524160446213983,-1.4050545496205071,1000,150,"[100, 50, 100]","I(M1,M2;T)"
826,0.0,8.620975559243087,-1.3171021571002477,1000,150,"[100, 50, 100]","I(M1,M2;T)"
827,0.0,8.632937470294172,-1.3136756717197517,1000,150,"[100, 50, 100]","I(M1,M2;T)"
828,0.0,8.583145854534148,-1.3515466394585403,1000,150,"[100, 50, 100]","I(M1,M2;T)"
829,0.0,8.60281754776142,-1.336921706703036,1000,150,"[100, 50, 100]","I(M1,M2;T)"
830,0.0,8.612377136810444,-1.316589077299673,1000,150,"[100, 50, 100]","I(M1,M2;T)"
831,0.0,8.724526146777787,-1.2133390882815398,1000,150,"[100, 50, 100]","I(M1,M2;T)"
832,0.0,8.564663089193031,-1.370687984517458,1000,150,"[100, 50, 100]","I(M1,M2;T)"
833,0.0,8.478428495879104,-1.4495003814549676,1000,150,"[100, 50, 100]","I(M1,M2;T)"
834,0.0,8.701663610391899,-1.2323514318140418,1000,150,"[100, 50, 100]","I(M1,M2;T)"
835,0.0,8.603252750647782,-1.32948515919081,1000,150,"[100, 50, 100]","I(M1,M2;T)"
836,0.0,8.544086492700728,-1.3843006241132727,1000,150,"[100, 50, 100]","I(M1,M2;T)"
837,0.0,8.649558508342261,-1.2765593708844616,1000,150,"[100, 50, 100]","I(M1,M2;T)"
838,0.0,8.579446130036539,-1.3546222059019648,1000,150,"[100, 50, 100]","I(M1,M2;T)"
839,0.0,8.546710874537412,-1.3884459716693325,1000,150,"[100, 50, 100]","I(M1,M2;T)"
840,0.0,8.530198499517478,-1.4159968885937744,1000,150,"[100, 50, 100]","I(M1,M2;T)"
841,0.0,8.565880951699118,-1.3761386478245186,1000,150,"[100, 50, 100]","I(M1,M2;T)"
842,0.0,8.835254540901689,-1.0975154546208525,1000,150,"[100, 50, 100]","I(M1,M2;T)"
843,0.0,8.620373090925867,-1.315820531057021,1000,150,"[100, 50, 100]","I(M1,M2;T)"
844,0.0,8.502729965802269,-1.437439993714083,1000,150,"[100, 50, 100]","I(M1,M2;T)"
845,0.0,8.640035165497785,-1.3039836152596571,1000,150,"[100, 50, 100]","I(M1,M2;T)"
846,0.0,8.747216915793764,-1.1890534770819983,1000,150,"[100, 50, 100]","I(M1,M2;T)"
847,0.0,8.404693334266248,-1.5326011046774575,1000,150,"[100, 50, 100]","I(M1,M2;T)"
848,0.0,8.300005464030669,-1.6268649954499779,1000,150,"[100, 50, 100]","I(M1,M2;T)"
849,0.0,8.672487455522637,-1.2663903431053143,1000,150,"[100, 50, 100]","I(M1,M2;T)"
850,0.0,8.627208096362033,-1.3134833624391948,1000,150,"[100, 50, 100]","I(M1,M2;T)"
851,0.0,8.62110652351797,-1.3201690860184971,1000,150,"[100, 50, 100]","I(M1,M2;T)"
852,0.0,8.635141293872516,-1.3020101136074604,1000,150,"[100, 50, 100]","I(M1,M2;T)"
853,0.0,8.477269428086247,-1.4636100702548074,1000,150,"[100, 50, 100]","I(M1,M2;T)"
854,0.0,8.65098861296791,-1.282382955469778,1000,150,"[100, 50, 100]","I(M1,M2;T)"
855,0.0,8.735165203495534,-1.2062299154155216,1000,150,"[100, 50, 100]","I(M1,M2;T)"
856,0.0,8.615078227291228,-1.3194301436483364,1000,150,"[100, 50, 100]","I(M1,M2;T)"
857,0.0,8.682863935446377,-1.2460803128248958,1000,150,"[100, 50, 100]","I(M1,M2;T)"
858,0.0,8.7033640247116,-1.2360966868249168,1000,150,"[100, 50, 100]","I(M1,M2;T)"
859,0.0,8.727663123976,-1.2103250638521086,1000,150,"[100, 50, 100]","I(M1,M2;T)"
860,0.0,8.783205631927352,-1.154534713802553,1000,150,"[100, 50, 100]","I(M1,M2;T)"
861,0.0,8.629874701665766,-1.3055513023728889,1000,150,"[100, 50, 100]","I(M1,M2;T)"
862,0.0,8.493486090699324,-1.4434181719080215,1000,150,"[100, 50, 100]","I(M1,M2;T)"
863,0.0,8.622981422471959,-1.3167974817547705,1000,150,"[100, 50, 100]","I(M1,M2;T)"
864,0.0,8.515390984696271,-1.4245768333705975,1000,150,"[100, 50, 100]","I(M1,M2;T)"
865,0.0,8.4400013837781,-1.4852245391449426,1000,150,"[100, 50, 100]","I(M1,M2;T)"
866,0.0,8.410457266171994,-1.5268246000287053,1000,150,"[100, 50, 100]","I(M1,M2;T)"
867,0.0,8.598084348659404,-1.3397299375838134,1000,150,"[100, 50, 100]","I(M1,M2;T)"
868,0.0,8.580070252283488,-1.360584539548423,1000,150,"[100, 50, 100]","I(M1,M2;T)"
869,0.0,8.677807441248397,-1.2611115311249268,1000,150,"[100, 50, 100]","I(M1,M2;T)"
870,0.0,8.512675077631826,-1.4283151583253932,1000,150,"[100, 50, 100]","I(M1,M2;T)"
871,0.0,8.494390743635648,-1.4538645043284841,1000,150,"[100, 50, 100]","I(M1,M2;T)"
872,0.0,8.62658273117761,-1.3154114646195119,1000,150,"[100, 50, 100]","I(M1,M2;T)"
873,0.0,8.680103895120183,-1.2605638088326039,1000,150,"[100, 50, 100]","I(M1,M2;T)"
874,0.0,8.324384975869163,-1.6126232900805046,1000,150,"[100, 50, 100]","I(M1,M2;T)"
875,0.0,8.658849053134922,-1.2901909800100189,1000,150,"[100, 50, 100]","I(M1,M2;T)"
876,0.0,8.73936559742484,-1.1991686277370341,1000,150,"[100, 50, 100]","I(M1,M2;T)"
877,0.0,8.582188518894215,-1.3410716692876203,1000,150,"[100, 50, 100]","I(M1,M2;T)"
878,0.0,8.862010068691758,-1.0749994552012279,1000,150,"[100, 50, 100]","I(M1,M2;T)"
879,0.0,8.614448497707198,-1.3218643104068946,1000,150,"[100, 50, 100]","I(M1,M2;T)"
880,0.0,8.644935832580346,-1.289184995061973,1000,150,"[100, 50, 100]","I(M1,M2;T)"
881,0.0,8.524657698445886,-1.4154257622113189,1000,150,"[100, 50, 100]","I(M1,M2;T)"
882,0.0,8.646934407337447,-1.292318333776203,1000,150,"[100, 50, 100]","I(M1,M2;T)"
883,0.0,8.523965239010874,-1.4126123955674803,1000,150,"[100, 50, 100]","I(M1,M2;T)"
884,0.0,8.57690085347532,-1.3646232955126933,1000,150,"[100, 50, 100]","I(M1,M2;T)"
885,0.0,8.627836991122948,-1.3133156818555296,1000,150,"[100, 50, 100]","I(M1,M2;T)"
886,0.0,8.595177110903713,-1.3308378129290244,1000,150,"[100, 50, 100]","I(M1,M2;T)"
887,0.0,8.68127605905699,-1.2689431562141014,1000,150,"[100, 50, 100]","I(M1,M2;T)"
888,0.0,8.663364021020918,-1.2706345345852412,1000,150,"[100, 50, 100]","I(M1,M2;T)"
889,0.0,8.669412557119514,-1.2731729811912835,1000,150,"[100, 50, 100]","I(M1,M2;T)"
890,0.0,8.698539237916123,-1.2433301955015157,1000,150,"[100, 50, 100]","I(M1,M2;T)"
891,0.0,8.63287236887286,-1.3059903264514432,1000,150,"[100, 50, 100]","I(M1,M2;T)"
892,0.0,8.65718268064959,-1.285153376464642,1000,150,"[100, 50, 100]","I(M1,M2;T)"
893,0.0,8.610921988204524,-1.3398971643810516,1000,150,"[100, 50, 100]","I(M1,M2;T)"
894,0.0,8.726886166940815,-1.2050621640178658,1000,150,"[100, 50, 100]","I(M1,M2;T)"
895,0.0,8.529662297147471,-1.4060684366715535,1000,150,"[100, 50, 100]","I(M1,M2;T)"
896,0.0,8.710435373844795,-1.2263089329189079,1000,150,"[100, 50, 100]","I(M1,M2;T)"
897,0.0,8.57543824421916,-1.3618069757073794,1000,150,"[100, 50, 100]","I(M1,M2;T)"
898,0.0,8.632095077644683,-1.3013272813520267,1000,150,"[100, 50, 100]","I(M1,M2;T)"
899,0.0,8.597598655448198,-1.353187218024983,1000,150,"[100, 50, 100]","I(M1,M2;T)"
900,0.0,8.736451614756934,-1.204073425134169,1000,150,"[100, 50, 100]","I(M1,M2;T)"
901,0.0,8.513165852899018,-1.4281680025356014,1000,150,"[100, 50, 100]","I(M1,M2;T)"
902,0.0,8.521951196130917,-1.4198427235173074,1000,150,"[100, 50, 100]","I(M1,M2;T)"
903,0.0,8.54101430064374,-1.3869250367420367,1000,150,"[100, 50, 100]","I(M1,M2;T)"
904,0.0,8.843720627884712,-1.0943685888599095,1000,150,"[100, 50, 100]","I(M1,M2;T)"
905,0.0,8.549080387080355,-1.3876351368024533,1000,150,"[100, 50, 100]","I(M1,M2;T)"
906,0.0,8.586107689695059,-1.3482462554266448,1000,150,"[100, 50, 100]","I(M1,M2;T)"
907,0.0,8.595107145498732,-1.339348813254194,1000,150,"[100, 50, 100]","I(M1,M2;T)"
908,0.0,8.7557497533991,-1.1807392177968588,1000,150,"[100, 50, 100]","I(M1,M2;T)"
909,0.0,8.620475456851983,-1.3050478321693806,1000,150,"[100, 50, 100]","I(M1,M2;T)"
910,0.0,8.650630221438378,-1.2911136452977914,1000,150,"[100, 50, 100]","I(M1,M2;T)"
911,0.0,8.544831080424869,-1.3976974878525823,1000,150,"[100, 50, 100]","I(M1,M2;T)"
912,0.0,8.769565833148617,-1.1702939479314232,1000,150,"[100, 50, 100]","I(M1,M2;T)"
913,0.0,8.715672315497777,-1.2270254627393342,1000,150,"[100, 50, 100]","I(M1,M2;T)"
914,0.0,8.556901587883765,-1.376307594592669,1000,150,"[100, 50, 100]","I(M1,M2;T)"
915,0.0,8.601509873936092,-1.3365473379655946,1000,150,"[100, 50, 100]","I(M1,M2;T)"
916,0.0,8.612812592166852,-1.3315968296434395,1000,150,"[100, 50, 100]","I(M1,M2;T)"
917,0.0,8.704028163699526,-1.2411695171535406,1000,150,"[100, 50, 100]","I(M1,M2;T)"
918,0.0,8.563585086039609,-1.377802703516883,1000,150,"[100, 50, 100]","I(M1,M2;T)"
919,0.0,8.695584409726266,-1.2414585907704012,1000,150,"[100, 50, 100]","I(M1,M2;T)"
920,0.0,8.36159108356658,-1.573808663411917,1000,150,"[100, 50, 100]","I(M1,M2;T)"
921,0.0,8.731863745100917,-1.2070209542299075,1000,150,"[100, 50, 100]","I(M1,M2;T)"
922,0.0,8.685711655915393,-1.2496534080286281,1000,150,"[100, 50, 100]","I(M1,M2;T)"
923,0.0,8.591731058162983,-1.3359889515700178,1000,150,"[100, 50, 100]","I(M1,M2;T)"
924,0.0,8.463686158636174,-1.4594556145069433,1000,150,"[100, 50, 100]","I(M1,M2;T)"
925,0.0,8.493919517219005,-1.442720362027952,1000,150,"[100, 50, 100]","I(M1,M2;T)"
926,0.0,8.650812451043512,-1.2849119791621852,1000,150,"[100, 50, 100]","I(M1,M2;T)"
927,0.0,8.559485999008979,-1.3786550842707257,1000,150,"[100, 50, 100]","I(M1,M2;T)"
928,0.0,8.683675342583356,-1.25541895326457,1000,150,"[100, 50, 100]","I(M1,M2;T)"
929,0.0,8.556787164197182,-1.3786310239448554,1000,150,"[100, 50, 100]","I(M1,M2;T)"
930,0.0,8.557031948984786,-1.3907434891684236,1000,150,"[100, 50, 100]","I(M1,M2;T)"
931,0.0,8.62484467520239,-1.3211920548088294,1000,150,"[100, 50, 100]","I(M1,M2;T)"
932,0.0,8.629277990104999,-1.3084474782608453,1000,150,"[100, 50, 100]","I(M1,M2;T)"
933,0.0,8.611228784173363,-1.3241337249958658,1000,150,"[100, 50, 100]","I(M1,M2;T)"
934,0.0,8.727793174620698,-1.203837596841156,1000,150,"[100, 50, 100]","I(M1,M2;T)"
935,0.0,8.61370222583493,-1.3269652458075267,1000,150,"[100, 50, 100]","I(M1,M2;T)"
936,0.0,8.6706313891058,-1.2625070627202728,1000,150,"[100, 50, 100]","I(M1,M2;T)"
937,0.0,8.605093336658017,-1.3376056895510438,1000,150,"[100, 50, 100]","I(M1,M2;T)"
938,0.0,8.597576835399142,-1.3365201919015917,1000,150,"[100, 50, 100]","I(M1,M2;T)"
939,0.0,8.649217746227158,-1.2907642161192499,1000,150,"[100, 50, 100]","I(M1,M2;T)"
940,0.0,8.633919623421825,-1.3057181663796555,1000,150,"[100, 50, 100]","I(M1,M2;T)"
941,0.0,8.748223961985213,-1.1875104261262486,1000,150,"[100, 50, 100]","I(M1,M2;T)"
942,0.0,8.573199450915283,-1.3613757858495266,1000,150,"[100, 50, 100]","I(M1,M2;T)"
943,0.0,8.535491887858951,-1.4053678367541362,1000,150,"[100, 50, 100]","I(M1,M2;T)"
944,0.0,8.792058935818183,-1.1501829045237457,1000,150,"[100, 50, 100]","I(M1,M2;T)"
945,0.0,8.640636951568144,-1.2993009222596044,1000,150,"[100, 50, 100]","I(M1,M2;T)"
946,0.0,8.76393916959222,-1.1733036364204033,1000,150,"[100, 50, 100]","I(M1,M2;T)"
947,0.0,8.540964992537253,-1.3934840247169689,1000,150,"[100, 50, 100]","I(M1,M2;T)"
948,0.0,8.664179497678306,-1.2657255307230137,1000,150,"[100, 50, 100]","I(M1,M2;T)"
949,0.0,8.574077027359547,-1.3616825079912136,1000,150,"[100, 50, 100]","I(M1,M2;T)"
950,0.0,8.56184338543617,-1.3722300526519167,1000,150,"[100, 50, 100]","I(M1,M2;T)"
951,0.0,8.730364498712888,-1.1989363153244348,1000,150,"[100, 50, 100]","I(M1,M2;T)"
952,0.0,8.735534727176343,-1.2090269167671188,1000,150,"[100, 50, 100]","I(M1,M2;T)"
953,0.0,8.636509624962105,-1.297500134104789,1000,150,"[100, 50, 100]","I(M1,M2;T)"
954,0.0,8.640580124949738,-1.2993949962025795,1000,150,"[100, 50, 100]","I(M1,M2;T)"
955,0.0,8.580158398339336,-1.3528676041581527,1000,150,"[100, 50, 100]","I(M1,M2;T)"
956,0.0,8.542081715920776,-1.4003793551729604,1000,150,"[100, 50, 100]","I(M1,M2;T)"
957,0.0,8.594114545533978,-1.3400052419078232,1000,150,"[100, 50, 100]","I(M1,M2;T)"
958,0.0,8.592497493393637,-1.339382478275935,1000,150,"[100, 50, 100]","I(M1,M2;T)"
959,0.0,8.54098637329321,-1.3934976555093765,1000,150,"[100, 50, 100]","I(M1,M2;T)"
960,0.0,8.813365270846035,-1.12902946276653,1000,150,"[100, 50, 100]","I(M1,M2;T)"
961,0.0,8.486363104243903,-1.4541212324779806,1000,150,"[100, 50, 100]","I(M1,M2;T)"
962,0.0,8.551097503117967,-1.3919473133879539,1000,150,"[100, 50, 100]","I(M1,M2;T)"
963,0.0,8.56935674592038,-1.3727644357594304,1000,150,"[100, 50, 100]","I(M1,M2;T)"
964,0.0,8.651324542641987,-1.27871014292867,1000,150,"[100, 50, 100]","I(M1,M2;T)"
965,0.0,8.527719309106383,-1.403889287891623,1000,150,"[100, 50, 100]","I(M1,M2;T)"
966,0.0,8.70025922819999,-1.227105075306314,1000,150,"[100, 50, 100]","I(M1,M2;T)"
967,0.0,8.697439713265908,-1.2385327723691866,1000,150,"[100, 50, 100]","I(M1,M2;T)"
968,0.0,8.779812014109591,-1.157194234074634,1000,150,"[100, 50, 100]","I(M1,M2;T)"
969,0.0,8.679400778204029,-1.265573679928746,1000,150,"[100, 50, 100]","I(M1,M2;T)"
970,0.0,8.394592314656048,-1.5441718818776113,1000,150,"[100, 50, 100]","I(M1,M2;T)"
971,0.0,8.587487730723957,-1.361972314793194,1000,150,"[100, 50, 100]","I(M1,M2;T)"
972,0.0,8.584548696939438,-1.3474953577741662,1000,150,"[100, 50, 100]","I(M1,M2;T)"
973,0.0,8.576429048492793,-1.36115053493182,1000,150,"[100, 50, 100]","I(M1,M2;T)"
974,0.0,8.466011947148202,-1.4756849996108006,1000,150,"[100, 50, 100]","I(M1,M2;T)"
975,0.0,8.651776844793826,-1.2869976330114277,1000,150,"[100, 50, 100]","I(M1,M2;T)"
976,0.0,8.58200575466421,-1.3605398804192088,1000,150,"[100, 50, 100]","I(M1,M2;T)"
977,0.0,8.57800028056813,-1.3533434002073328,1000,150,"[100, 50, 100]","I(M1,M2;T)"
978,0.0,8.703077956745613,-1.2220570299655886,1000,150,"[100, 50, 100]","I(M1,M2;T)"
979,0.0,8.613267220775283,-1.3171971579601838,1000,150,"[100, 50, 100]","I(M1,M2;T)"
980,0.0,8.69339109070355,-1.2516465189173278,1000,150,"[100, 50, 100]","I(M1,M2;T)"
981,0.0,8.766356061702782,-1.1699332279760313,1000,150,"[100, 50, 100]","I(M1,M2;T)"
982,0.0,8.638384915599945,-1.3042432747208093,1000,150,"[100, 50, 100]","I(M1,M2;T)"
983,0.0,8.758952108249755,-1.176871839357558,1000,150,"[100, 50, 100]","I(M1,M2;T)"
984,0.0,8.560549031232675,-1.3786634841377907,1000,150,"[100, 50, 100]","I(M1,M2;T)"
985,0.0,8.916698127077638,-1.013984342704843,1000,150,"[100, 50, 100]","I(M1,M2;T)"
986,0.0,8.628894306681623,-1.3001639847026834,1000,150,"[100, 50, 100]","I(M1,M2;T)"
987,0.0,8.576153957688657,-1.3580441313831724,1000,150,"[100, 50, 100]","I(M1,M2;T)"
988,0.0,8.670555442327615,-1.2680747095106852,1000,150,"[100, 50, 100]","I(M1,M2;T)"
989,0.0,8.56304797820345,-1.3741310572639929,1000,150,"[100, 50, 100]","I(M1,M2;T)"
990,0.0,8.66760570692956,-1.265488495407432,1000,150,"[100, 50, 100]","I(M1,M2;T)"
991,0.0,8.50015389303438,-1.4416775642863993,1000,150,"[100, 50, 100]","I(M1,M2;T)"
992,0.0,8.633621670269541,-1.3190371341840272,1000,150,"[100, 50, 100]","I(M1,M2;T)"
993,0.0,8.623610264141998,-1.3138855845277728,1000,150,"[100, 50, 100]","I(M1,M2;T)"
994,0.0,8.55565197915673,-1.37410770109266,1000,150,"[100, 50, 100]","I(M1,M2;T)"
995,0.0,8.653769465624482,-1.281725068004448,1000,150,"[100, 50, 100]","I(M1,M2;T)"
996,0.0,8.57730255345296,-1.3512440580551015,1000,150,"[100, 50, 100]","I(M1,M2;T)"
997,0.0,8.641914001888946,-1.3032660929531694,1000,150,"[100, 50, 100]","I(M1,M2;T)"
998,0.0,8.607835393912069,-1.3289959992797034,1000,150,"[100, 50, 100]","I(M1,M2;T)"
999,0.0,8.579423889751366,-1.3506140898292998,1000,150,"[100, 50, 100]","I(M1,M2;T)"
