seed,mi_theoretical,mi_sample_no_bias,mi_sample_with_bias,N,p,dims,total_mi_key
0,0.0,0.05109092996084561,-0.013032954900198589,800,10,"[5, 5, 10]","I(M1,M2;T)"
1,0.0,0.059954742035748895,-0.004357491206405481,800,10,"[5, 5, 10]","I(M1,M2;T)"
2,0.0,0.06611275904346212,0.0018074110891451306,800,10,"[5, 5, 10]","I(M1,M2;T)"
3,0.0,0.06675392254564114,0.0021396411247496944,800,10,"[5, 5, 10]","I(M1,M2;T)"
4,0.0,0.05641582752613443,-0.007204508639361479,800,10,"[5, 5, 10]","I(M1,M2;T)"
5,0.0,0.06138182262128968,-0.0035948711596118857,800,10,"[5, 5, 10]","I(M1,M2;T)"
6,0.0,0.08112421548891285,0.01679452574843765,800,10,"[5, 5, 10]","I(M1,M2;T)"
7,0.0,0.05963973927100837,-0.0046371490314932665,800,10,"[5, 5, 10]","I(M1,M2;T)"
8,0.0,0.059931240637430924,-0.0031706512005894166,800,10,"[5, 5, 10]","I(M1,M2;T)"
9,0.0,0.06076640382570744,-0.003324228801774111,800,10,"[5, 5, 10]","I(M1,M2;T)"
10,0.0,0.05188052872725864,-0.012302479317623391,800,10,"[5, 5, 10]","I(M1,M2;T)"
11,0.0,0.0696340509054286,0.005531341452950367,800,10,"[5, 5, 10]","I(M1,M2;T)"
12,0.0,0.06894841015772177,0.004893403189637172,800,10,"[5, 5, 10]","I(M1,M2;T)"
13,0.0,0.0572461400810604,-0.007255641983945883,800,10,"[5, 5, 10]","I(M1,M2;T)"
14,0.0,0.06389342227563456,-0.00018006417374369366,800,10,"[5, 5, 10]","I(M1,M2;T)"
15,0.0,0.07510187537502418,0.010035985963653044,800,10,"[5, 5, 10]","I(M1,M2;T)"
16,0.0,0.05569913057015731,-0.009104492568027756,800,10,"[5, 5, 10]","I(M1,M2;T)"
17,0.0,0.054669133260652356,-0.009881802502278977,800,10,"[5, 5, 10]","I(M1,M2;T)"
18,0.0,0.06866460304914036,0.004490979632997064,800,10,"[5, 5, 10]","I(M1,M2;T)"
19,0.0,0.08345241409061274,0.018723652971964877,800,10,"[5, 5, 10]","I(M1,M2;T)"
20,0.0,0.04992133101266485,-0.01355582413117596,800,10,"[5, 5, 10]","I(M1,M2;T)"
21,0.0,0.07246778806136857,0.008219727091556953,800,10,"[5, 5, 10]","I(M1,M2;T)"
22,0.0,0.061567325939293344,-0.0031155294229520403,800,10,"[5, 5, 10]","I(M1,M2;T)"
23,0.0,0.05872655174432677,-0.004906332286674378,800,10,"[5, 5, 10]","I(M1,M2;T)"
24,0.0,0.0479164975687663,-0.016515625399338027,800,10,"[5, 5, 10]","I(M1,M2;T)"
25,0.0,0.050098876978144344,-0.014642565404521732,800,10,"[5, 5, 10]","I(M1,M2;T)"
26,0.0,0.07882531558344125,0.01488089918712171,800,10,"[5, 5, 10]","I(M1,M2;T)"
27,0.0,0.061545041673534084,-0.0035302314439694116,800,10,"[5, 5, 10]","I(M1,M2;T)"
28,0.0,0.060120462218880344,-0.004885365797154817,800,10,"[5, 5, 10]","I(M1,M2;T)"
29,0.0,0.06160555056087455,-0.001716415234323504,800,10,"[5, 5, 10]","I(M1,M2;T)"
30,0.0,0.05636632741062163,-0.007638154644738257,800,10,"[5, 5, 10]","I(M1,M2;T)"
31,0.0,0.07071358282100591,0.006006674188960781,800,10,"[5, 5, 10]","I(M1,M2;T)"
32,0.0,0.06662591606140389,0.0026364887977596563,800,10,"[5, 5, 10]","I(M1,M2;T)"
33,0.0,0.04839101489521064,-0.016056465457548103,800,10,"[5, 5, 10]","I(M1,M2;T)"
34,0.0,0.06357447917643613,-0.0005883833585639264,800,10,"[5, 5, 10]","I(M1,M2;T)"
35,0.0,0.06992607639739692,0.00541744827310954,800,10,"[5, 5, 10]","I(M1,M2;T)"
36,0.0,0.05875764324415162,-0.004766559512744982,800,10,"[5, 5, 10]","I(M1,M2;T)"
37,0.0,0.051279924784037915,-0.013188382088042634,800,10,"[5, 5, 10]","I(M1,M2;T)"
38,0.0,0.053564881712802534,-0.01100611097550118,800,10,"[5, 5, 10]","I(M1,M2;T)"
39,0.0,0.05054004583152889,-0.01442694128956383,800,10,"[5, 5, 10]","I(M1,M2;T)"
40,0.0,0.058643197309536856,-0.005993108598551282,800,10,"[5, 5, 10]","I(M1,M2;T)"
41,0.0,0.07879866751045315,0.015081778191876269,800,10,"[5, 5, 10]","I(M1,M2;T)"
42,0.0,0.08618973724774504,0.022498593783245563,800,10,"[5, 5, 10]","I(M1,M2;T)"
43,0.0,0.0630165791172757,-0.0012672255383135295,800,10,"[5, 5, 10]","I(M1,M2;T)"
44,0.0,0.06143654379093064,-0.002226510907405943,800,10,"[5, 5, 10]","I(M1,M2;T)"
45,0.0,0.06659673692042697,0.00205577755127459,800,10,"[5, 5, 10]","I(M1,M2;T)"
46,0.0,0.06561334630366308,0.0008423820558562389,800,10,"[5, 5, 10]","I(M1,M2;T)"
47,0.0,0.0628006750007298,-0.0011424800872811142,800,10,"[5, 5, 10]","I(M1,M2;T)"
48,0.0,0.05669978518082934,-0.007509596716879036,800,10,"[5, 5, 10]","I(M1,M2;T)"
49,0.0,0.06083546697266479,-0.0036357231830922987,800,10,"[5, 5, 10]","I(M1,M2;T)"
50,0.0,0.06137817635240114,-0.002282108323226062,800,10,"[5, 5, 10]","I(M1,M2;T)"
51,0.0,0.07040730516582559,0.0058311036289162566,800,10,"[5, 5, 10]","I(M1,M2;T)"
52,0.0,0.08931375152669178,0.02546809216647679,800,10,"[5, 5, 10]","I(M1,M2;T)"
53,0.0,0.06846902288761914,0.004284134245347557,800,10,"[5, 5, 10]","I(M1,M2;T)"
54,0.0,0.06449613138435065,0.0004208753299118906,800,10,"[5, 5, 10]","I(M1,M2;T)"
55,0.0,0.061316327223253274,-0.0037299073940501096,800,10,"[5, 5, 10]","I(M1,M2;T)"
56,0.0,0.07445254438026308,0.009533101488829104,800,10,"[5, 5, 10]","I(M1,M2;T)"
57,0.0,0.05456919932864475,-0.009468725673076397,800,10,"[5, 5, 10]","I(M1,M2;T)"
58,0.0,0.0696888807496265,0.0054379905914863635,800,10,"[5, 5, 10]","I(M1,M2;T)"
59,0.0,0.06471746231774089,0.00044778251420247994,800,10,"[5, 5, 10]","I(M1,M2;T)"
60,0.0,0.06290048331400831,-0.0008377103298518734,800,10,"[5, 5, 10]","I(M1,M2;T)"
61,0.0,0.059216431414876654,-0.005537391938493362,800,10,"[5, 5, 10]","I(M1,M2;T)"
62,0.0,0.06122001631479374,-0.0023418164093535407,800,10,"[5, 5, 10]","I(M1,M2;T)"
63,0.0,0.051037146597255646,-0.01326602488427319,800,10,"[5, 5, 10]","I(M1,M2;T)"
64,0.0,0.056449577086646,-0.007653555761464426,800,10,"[5, 5, 10]","I(M1,M2;T)"
65,0.0,0.08348833099586887,0.018439056278368837,800,10,"[5, 5, 10]","I(M1,M2;T)"
66,0.0,0.05922337612255074,-0.00495625435188099,800,10,"[5, 5, 10]","I(M1,M2;T)"
67,0.0,0.05682295842612757,-0.008420488140431517,800,10,"[5, 5, 10]","I(M1,M2;T)"
68,0.0,0.06243613524040737,-0.0012795105509044932,800,10,"[5, 5, 10]","I(M1,M2;T)"
69,0.0,0.05789152993737072,-0.007113552034712367,800,10,"[5, 5, 10]","I(M1,M2;T)"
70,0.0,0.06506131692262727,0.0008107179860931402,800,10,"[5, 5, 10]","I(M1,M2;T)"
71,0.0,0.07081044296417636,0.005527338340314325,800,10,"[5, 5, 10]","I(M1,M2;T)"
72,0.0,0.06321653507012279,-0.0004327922483304131,800,10,"[5, 5, 10]","I(M1,M2;T)"
73,0.0,0.058699530025849045,-0.004806574288162446,800,10,"[5, 5, 10]","I(M1,M2;T)"
74,0.0,0.059037479019145606,-0.0054250322876552015,800,10,"[5, 5, 10]","I(M1,M2;T)"
75,0.0,0.06894177139579961,0.004806959330082794,800,10,"[5, 5, 10]","I(M1,M2;T)"
76,0.0,0.06253452906865611,-0.0023726021025606975,800,10,"[5, 5, 10]","I(M1,M2;T)"
77,0.0,0.06009981413943925,-0.004305628411977999,800,10,"[5, 5, 10]","I(M1,M2;T)"
78,0.0,0.05219726067491308,-0.012238102530864728,800,10,"[5, 5, 10]","I(M1,M2;T)"
79,0.0,0.058799708796387185,-0.005350765056902296,800,10,"[5, 5, 10]","I(M1,M2;T)"
80,0.0,0.06064251251365836,-0.0038632303421595876,800,10,"[5, 5, 10]","I(M1,M2;T)"
81,0.0,0.06296402206025403,-0.0010359013435985442,800,10,"[5, 5, 10]","I(M1,M2;T)"
82,0.0,0.06571132737924573,0.001393766721658779,800,10,"[5, 5, 10]","I(M1,M2;T)"
83,0.0,0.062081957436848474,-0.0025048316922101146,800,10,"[5, 5, 10]","I(M1,M2;T)"
84,0.0,0.07743180278934289,0.012905044080180172,800,10,"[5, 5, 10]","I(M1,M2;T)"
85,0.0,0.06996640000605694,0.005674446165130423,800,10,"[5, 5, 10]","I(M1,M2;T)"
86,0.0,0.0524724224953177,-0.011505675917836154,800,10,"[5, 5, 10]","I(M1,M2;T)"
87,0.0,0.0566708134760501,-0.007655635742501721,800,10,"[5, 5, 10]","I(M1,M2;T)"
88,0.0,0.07250434230124375,0.008216186421079213,800,10,"[5, 5, 10]","I(M1,M2;T)"
89,0.0,0.05141019629513957,-0.013712138554850942,800,10,"[5, 5, 10]","I(M1,M2;T)"
90,0.0,0.09740799678736922,0.0330221107862855,800,10,"[5, 5, 10]","I(M1,M2;T)"
91,0.0,0.05345143587837906,-0.011199177765045108,800,10,"[5, 5, 10]","I(M1,M2;T)"
92,0.0,0.060828972346658,-0.003082427090352516,800,10,"[5, 5, 10]","I(M1,M2;T)"
93,0.0,0.05746453502137009,-0.007029680512361462,800,10,"[5, 5, 10]","I(M1,M2;T)"
94,0.0,0.059942831295918875,-0.004179231865271832,800,10,"[5, 5, 10]","I(M1,M2;T)"
95,0.0,0.06711701066798927,0.0029972971490094535,800,10,"[5, 5, 10]","I(M1,M2;T)"
96,0.0,0.047157993411774055,-0.017285267157251538,800,10,"[5, 5, 10]","I(M1,M2;T)"
97,0.0,0.05016059778536756,-0.014220720940048677,800,10,"[5, 5, 10]","I(M1,M2;T)"
98,0.0,0.06267775737666306,-0.0024112633888239005,800,10,"[5, 5, 10]","I(M1,M2;T)"
99,0.0,0.08313106594058647,0.01991199880650664,800,10,"[5, 5, 10]","I(M1,M2;T)"
100,0.0,0.07057819665226078,0.006111094461054567,800,10,"[5, 5, 10]","I(M1,M2;T)"
101,0.0,0.05965306252576575,-0.004424863216041165,800,10,"[5, 5, 10]","I(M1,M2;T)"
102,0.0,0.05491200535155245,-0.009086214539053984,800,10,"[5, 5, 10]","I(M1,M2;T)"
103,0.0,0.058464968651850704,-0.005971939453231184,800,10,"[5, 5, 10]","I(M1,M2;T)"
104,0.0,0.05952669471629868,-0.00563133122234083,800,10,"[5, 5, 10]","I(M1,M2;T)"
105,0.0,0.06019983962964498,-0.0031966810167258497,800,10,"[5, 5, 10]","I(M1,M2;T)"
106,0.0,0.06466263557604386,0.0009480736634285003,800,10,"[5, 5, 10]","I(M1,M2;T)"
107,0.0,0.07728759173825922,0.012701653279913627,800,10,"[5, 5, 10]","I(M1,M2;T)"
108,0.0,0.058319798639274105,-0.005928645274124601,800,10,"[5, 5, 10]","I(M1,M2;T)"
109,0.0,0.054741171599514055,-0.01012944893089271,800,10,"[5, 5, 10]","I(M1,M2;T)"
110,0.0,0.055913614837030584,-0.007890338676062605,800,10,"[5, 5, 10]","I(M1,M2;T)"
111,0.0,0.0647327902513017,0.0006812223887011498,800,10,"[5, 5, 10]","I(M1,M2;T)"
112,0.0,0.06350256011400715,-0.0010754416424935548,800,10,"[5, 5, 10]","I(M1,M2;T)"
113,0.0,0.06054278759179956,-0.003783985201287761,800,10,"[5, 5, 10]","I(M1,M2;T)"
114,0.0,0.05332845316563711,-0.010512144416263025,800,10,"[5, 5, 10]","I(M1,M2;T)"
115,0.0,0.0760149869118725,0.011968766304079004,800,10,"[5, 5, 10]","I(M1,M2;T)"
116,0.0,0.061710736824504495,-0.0024100619589331324,800,10,"[5, 5, 10]","I(M1,M2;T)"
117,0.0,0.06937874786914856,0.0047738023704485405,800,10,"[5, 5, 10]","I(M1,M2;T)"
118,0.0,0.06382728649282138,-0.0009782296991478062,800,10,"[5, 5, 10]","I(M1,M2;T)"
119,0.0,0.07391280334710548,0.009184143768681388,800,10,"[5, 5, 10]","I(M1,M2;T)"
120,0.0,0.05394351204363351,-0.009876327068302437,800,10,"[5, 5, 10]","I(M1,M2;T)"
121,0.0,0.06168218491379666,-0.0025515101834157825,800,10,"[5, 5, 10]","I(M1,M2;T)"
122,0.0,0.06198415709933065,-0.0027146536194033594,800,10,"[5, 5, 10]","I(M1,M2;T)"
123,0.0,0.06761872575207865,0.0034250377305926477,800,10,"[5, 5, 10]","I(M1,M2;T)"
124,0.0,0.06191345222873676,-0.001901076034186544,800,10,"[5, 5, 10]","I(M1,M2;T)"
125,0.0,0.05242242187060364,-0.012374102835136347,800,10,"[5, 5, 10]","I(M1,M2;T)"
126,0.0,0.0678116413474182,0.0038661879324948384,800,10,"[5, 5, 10]","I(M1,M2;T)"
127,0.0,0.06428310535006346,-0.0001770859020042287,800,10,"[5, 5, 10]","I(M1,M2;T)"
128,0.0,0.0582686667708057,-0.005276659563190074,800,10,"[5, 5, 10]","I(M1,M2;T)"
129,0.0,0.05369249960131223,-0.01055456045303893,800,10,"[5, 5, 10]","I(M1,M2;T)"
130,0.0,0.053477952792262265,-0.010197959090130784,800,10,"[5, 5, 10]","I(M1,M2;T)"
131,0.0,0.07880284154808792,0.01359554316340185,800,10,"[5, 5, 10]","I(M1,M2;T)"
132,0.0,0.0769680011512573,0.011470976079179587,800,10,"[5, 5, 10]","I(M1,M2;T)"
133,0.0,0.07764295537475475,0.01367374080753217,800,10,"[5, 5, 10]","I(M1,M2;T)"
134,0.0,0.05745575611819181,-0.006441652035453806,800,10,"[5, 5, 10]","I(M1,M2;T)"
135,0.0,0.06436306110267373,4.3293307665032144e-05,800,10,"[5, 5, 10]","I(M1,M2;T)"
136,0.0,0.06167991622317076,-0.0029191619990743545,800,10,"[5, 5, 10]","I(M1,M2;T)"
137,0.0,0.06801047912234828,0.0028339090331754024,800,10,"[5, 5, 10]","I(M1,M2;T)"
138,0.0,0.06946616628245808,0.004888245753040185,800,10,"[5, 5, 10]","I(M1,M2;T)"
139,0.0,0.0537548938542565,-0.010557098569290588,800,10,"[5, 5, 10]","I(M1,M2;T)"
140,0.0,0.07544522540745274,0.011075087516821014,800,10,"[5, 5, 10]","I(M1,M2;T)"
141,0.0,0.0640029566333797,-3.988733898881158e-05,800,10,"[5, 5, 10]","I(M1,M2;T)"
142,0.0,0.050380910858428524,-0.014217976609891297,800,10,"[5, 5, 10]","I(M1,M2;T)"
143,0.0,0.07414886125871376,0.009988319449763403,800,10,"[5, 5, 10]","I(M1,M2;T)"
144,0.0,0.05643133119895602,-0.008095576399763438,800,10,"[5, 5, 10]","I(M1,M2;T)"
145,0.0,0.045010543105414774,-0.019195390751050048,800,10,"[5, 5, 10]","I(M1,M2;T)"
146,0.0,0.05660323941891738,-0.00814130701742636,800,10,"[5, 5, 10]","I(M1,M2;T)"
147,0.0,0.065434007933179,0.0014452453781983315,800,10,"[5, 5, 10]","I(M1,M2;T)"
148,0.0,0.057520691570554686,-0.006866476266909685,800,10,"[5, 5, 10]","I(M1,M2;T)"
149,0.0,0.043390948377765665,-0.021057662972706392,800,10,"[5, 5, 10]","I(M1,M2;T)"
150,0.0,0.0652581630349131,0.0008207191544121473,800,10,"[5, 5, 10]","I(M1,M2;T)"
151,0.0,0.0418994442077999,-0.023025572213676203,800,10,"[5, 5, 10]","I(M1,M2;T)"
152,0.0,0.06899998817040717,0.004381357126708382,800,10,"[5, 5, 10]","I(M1,M2;T)"
153,0.0,0.06190531793344846,-0.001943544063110536,800,10,"[5, 5, 10]","I(M1,M2;T)"
154,0.0,0.05526806082268597,-0.008870303856281056,800,10,"[5, 5, 10]","I(M1,M2;T)"
155,0.0,0.07504091932077203,0.010403439968380362,800,10,"[5, 5, 10]","I(M1,M2;T)"
156,0.0,0.07336432797542768,0.009686957687908282,800,10,"[5, 5, 10]","I(M1,M2;T)"
157,0.0,0.057832542618930824,-0.006331457504843402,800,10,"[5, 5, 10]","I(M1,M2;T)"
158,0.0,0.05563430138652753,-0.008545540573306268,800,10,"[5, 5, 10]","I(M1,M2;T)"
159,0.0,0.06056480076684151,-0.004232256692747044,800,10,"[5, 5, 10]","I(M1,M2;T)"
160,0.0,0.06399908590303514,5.347905057302704e-05,800,10,"[5, 5, 10]","I(M1,M2;T)"
161,0.0,0.06572192289341178,0.001823626023291447,800,10,"[5, 5, 10]","I(M1,M2;T)"
162,0.0,0.05412562964648178,-0.009688721467885894,800,10,"[5, 5, 10]","I(M1,M2;T)"
163,0.0,0.07213068542644628,0.008080880987826125,800,10,"[5, 5, 10]","I(M1,M2;T)"
164,0.0,0.07834218364778703,0.013898063318127568,800,10,"[5, 5, 10]","I(M1,M2;T)"
165,0.0,0.04736476783703803,-0.016636911514245976,800,10,"[5, 5, 10]","I(M1,M2;T)"
166,0.0,0.06091937303484182,-0.002819351463609565,800,10,"[5, 5, 10]","I(M1,M2;T)"
167,0.0,0.0638162074577305,-0.00045600151407798606,800,10,"[5, 5, 10]","I(M1,M2;T)"
168,0.0,0.03909524855443429,-0.025239143179801832,800,10,"[5, 5, 10]","I(M1,M2;T)"
169,0.0,0.0761254924822081,0.011486232951579411,800,10,"[5, 5, 10]","I(M1,M2;T)"
170,0.0,0.05492549844053225,-0.009088632396596824,800,10,"[5, 5, 10]","I(M1,M2;T)"
171,0.0,0.05533171227087201,-0.008745242321352723,800,10,"[5, 5, 10]","I(M1,M2;T)"
172,0.0,0.06605528863416352,0.0011588879077821662,800,10,"[5, 5, 10]","I(M1,M2;T)"
173,0.0,0.060175494080290985,-0.004005720313412571,800,10,"[5, 5, 10]","I(M1,M2;T)"
174,0.0,0.05686918618308315,-0.008092958041604481,800,10,"[5, 5, 10]","I(M1,M2;T)"
175,0.0,0.07400746192010779,0.010197307607604275,800,10,"[5, 5, 10]","I(M1,M2;T)"
176,0.0,0.07829771981550873,0.013451678354501534,800,10,"[5, 5, 10]","I(M1,M2;T)"
177,0.0,0.06097920453309414,-0.0032848645078546387,800,10,"[5, 5, 10]","I(M1,M2;T)"
178,0.0,0.05748690291055714,-0.006857716268152923,800,10,"[5, 5, 10]","I(M1,M2;T)"
179,0.0,0.0629170706824354,-0.0006836275974052008,800,10,"[5, 5, 10]","I(M1,M2;T)"
180,0.0,0.0725116522007565,0.008244100435267715,800,10,"[5, 5, 10]","I(M1,M2;T)"
181,0.0,0.08274356617639322,0.01798195218079901,800,10,"[5, 5, 10]","I(M1,M2;T)"
182,0.0,0.06160306181459525,-0.0029065711722401494,800,10,"[5, 5, 10]","I(M1,M2;T)"
183,0.0,0.07550043798957576,0.01212078803956311,800,10,"[5, 5, 10]","I(M1,M2;T)"
184,0.0,0.0626810248182063,-0.0023393097046564837,800,10,"[5, 5, 10]","I(M1,M2;T)"
185,0.0,0.06976709110549792,0.006403173744250812,800,10,"[5, 5, 10]","I(M1,M2;T)"
186,0.0,0.07030552768309058,0.006555690043619958,800,10,"[5, 5, 10]","I(M1,M2;T)"
187,0.0,0.04758742789876873,-0.0172803780525687,800,10,"[5, 5, 10]","I(M1,M2;T)"
188,0.0,0.059221147744618806,-0.004342426369045339,800,10,"[5, 5, 10]","I(M1,M2;T)"
189,0.0,0.06898538487250472,0.0048274282800198215,800,10,"[5, 5, 10]","I(M1,M2;T)"
190,0.0,0.056050314237287124,-0.008269505978905772,800,10,"[5, 5, 10]","I(M1,M2;T)"
191,0.0,0.06715479366596602,0.0035307978222189895,800,10,"[5, 5, 10]","I(M1,M2;T)"
192,0.0,0.06272930093817677,-0.0017807819281110138,800,10,"[5, 5, 10]","I(M1,M2;T)"
193,0.0,0.06344347512166615,-0.0006794181869944904,800,10,"[5, 5, 10]","I(M1,M2;T)"
194,0.0,0.06540484491627938,0.0015287350427857088,800,10,"[5, 5, 10]","I(M1,M2;T)"
195,0.0,0.0632894767410607,-0.001622827359773732,800,10,"[5, 5, 10]","I(M1,M2;T)"
196,0.0,0.0751931229069473,0.01117825254179787,800,10,"[5, 5, 10]","I(M1,M2;T)"
197,0.0,0.06054634586064297,-0.003772341960759644,800,10,"[5, 5, 10]","I(M1,M2;T)"
198,0.0,0.05627458377286054,-0.00889645153217268,800,10,"[5, 5, 10]","I(M1,M2;T)"
199,0.0,0.06525442718441314,0.0014918510737244456,800,10,"[5, 5, 10]","I(M1,M2;T)"
200,0.0,0.059872062741578226,-0.004580896335759234,800,10,"[5, 5, 10]","I(M1,M2;T)"
201,0.0,0.05900037480290697,-0.004883666835209591,800,10,"[5, 5, 10]","I(M1,M2;T)"
202,0.0,0.06685418566417863,0.002386728554735984,800,10,"[5, 5, 10]","I(M1,M2;T)"
203,0.0,0.06649094358209648,0.0024472800450148907,800,10,"[5, 5, 10]","I(M1,M2;T)"
204,0.0,0.06871258868292282,0.0034109724212899595,800,10,"[5, 5, 10]","I(M1,M2;T)"
205,0.0,0.08408184326854146,0.020260100993952992,800,10,"[5, 5, 10]","I(M1,M2;T)"
206,0.0,0.05973816311198799,-0.004576200852994421,800,10,"[5, 5, 10]","I(M1,M2;T)"
207,0.0,0.07796535492646707,0.013752466478758912,800,10,"[5, 5, 10]","I(M1,M2;T)"
208,0.0,0.05095068139546676,-0.013769915639605536,800,10,"[5, 5, 10]","I(M1,M2;T)"
209,0.0,0.05182722371081849,-0.011913891675881444,800,10,"[5, 5, 10]","I(M1,M2;T)"
210,0.0,0.03922399996001909,-0.024096096714960505,800,10,"[5, 5, 10]","I(M1,M2;T)"
211,0.0,0.057717249500772054,-0.006177087143194322,800,10,"[5, 5, 10]","I(M1,M2;T)"
212,0.0,0.04640133861948954,-0.01780323579164121,800,10,"[5, 5, 10]","I(M1,M2;T)"
213,0.0,0.0736452759447947,0.008589355020286876,800,10,"[5, 5, 10]","I(M1,M2;T)"
214,0.0,0.05799026792172068,-0.006805198616550941,800,10,"[5, 5, 10]","I(M1,M2;T)"
215,0.0,0.059482619676081705,-0.004567654506391711,800,10,"[5, 5, 10]","I(M1,M2;T)"
216,0.0,0.05902970278222001,-0.005830797533342501,800,10,"[5, 5, 10]","I(M1,M2;T)"
217,0.0,0.06089441467075773,-0.0038487395493026558,800,10,"[5, 5, 10]","I(M1,M2;T)"
218,0.0,0.06061859535863913,-0.004176643178938885,800,10,"[5, 5, 10]","I(M1,M2;T)"
219,0.0,0.07684988327503822,0.012631919287865279,800,10,"[5, 5, 10]","I(M1,M2;T)"
220,0.0,0.05809564552599866,-0.0069672424954902445,800,10,"[5, 5, 10]","I(M1,M2;T)"
221,0.0,0.08073949665803762,0.016422495958579572,800,10,"[5, 5, 10]","I(M1,M2;T)"
222,0.0,0.05940450889552018,-0.005321741274207148,800,10,"[5, 5, 10]","I(M1,M2;T)"
223,0.0,0.05641704144601903,-0.007352588602616714,800,10,"[5, 5, 10]","I(M1,M2;T)"
224,0.0,0.05598511756818893,-0.007683563626061582,800,10,"[5, 5, 10]","I(M1,M2;T)"
225,0.0,0.06792708377897003,0.003475038956639892,800,10,"[5, 5, 10]","I(M1,M2;T)"
226,0.0,0.06123271155999187,-0.0036512332207591647,800,10,"[5, 5, 10]","I(M1,M2;T)"
227,0.0,0.06513842912381168,0.0011079863043457344,800,10,"[5, 5, 10]","I(M1,M2;T)"
228,0.0,0.0670407993548457,0.003006580665454492,800,10,"[5, 5, 10]","I(M1,M2;T)"
229,0.0,0.06500723547977169,0.0008861673125174913,800,10,"[5, 5, 10]","I(M1,M2;T)"
230,0.0,0.07114286379128391,0.006489222857049837,800,10,"[5, 5, 10]","I(M1,M2;T)"
231,0.0,0.060051603795707426,-0.003965503253819128,800,10,"[5, 5, 10]","I(M1,M2;T)"
232,0.0,0.06722453473075835,0.002911301359379781,800,10,"[5, 5, 10]","I(M1,M2;T)"
233,0.0,0.05195770724290926,-0.01291305851105088,800,10,"[5, 5, 10]","I(M1,M2;T)"
234,0.0,0.05884304887166101,-0.005255811814793281,800,10,"[5, 5, 10]","I(M1,M2;T)"
235,0.0,0.06719791551861189,0.003625989547724348,800,10,"[5, 5, 10]","I(M1,M2;T)"
236,0.0,0.0644624043967511,0.0010070281514235335,800,10,"[5, 5, 10]","I(M1,M2;T)"
237,0.0,0.07554376085536194,0.011071705549948532,800,10,"[5, 5, 10]","I(M1,M2;T)"
238,0.0,0.0729066089963572,0.007841743096856674,800,10,"[5, 5, 10]","I(M1,M2;T)"
239,0.0,0.06734051136463082,0.003687547788766732,800,10,"[5, 5, 10]","I(M1,M2;T)"
240,0.0,0.07577875913861516,0.011555189517575962,800,10,"[5, 5, 10]","I(M1,M2;T)"
241,0.0,0.07790974199302704,0.013476065811710555,800,10,"[5, 5, 10]","I(M1,M2;T)"
242,0.0,0.06929816726484807,0.0047023755742477275,800,10,"[5, 5, 10]","I(M1,M2;T)"
243,0.0,0.050981676798212354,-0.013393093779658506,800,10,"[5, 5, 10]","I(M1,M2;T)"
244,0.0,0.056439612965268504,-0.007320137280154487,800,10,"[5, 5, 10]","I(M1,M2;T)"
245,0.0,0.05911838560450021,-0.005120109972626449,800,10,"[5, 5, 10]","I(M1,M2;T)"
246,0.0,0.05667473491943785,-0.007629710689277966,800,10,"[5, 5, 10]","I(M1,M2;T)"
247,0.0,0.06167595449890003,-0.002849452862270084,800,10,"[5, 5, 10]","I(M1,M2;T)"
248,0.0,0.07269765580641077,0.007757925126835166,800,10,"[5, 5, 10]","I(M1,M2;T)"
249,0.0,0.06858430490362576,0.004036965185928998,800,10,"[5, 5, 10]","I(M1,M2;T)"
250,0.0,0.06860612096233898,0.004324353920937232,800,10,"[5, 5, 10]","I(M1,M2;T)"
251,0.0,0.0754687415200927,0.011103828464842896,800,10,"[5, 5, 10]","I(M1,M2;T)"
252,0.0,0.051477520953663154,-0.012606067791282795,800,10,"[5, 5, 10]","I(M1,M2;T)"
253,0.0,0.060810338061598086,-0.003963636759458954,800,10,"[5, 5, 10]","I(M1,M2;T)"
254,0.0,0.061636947446021814,-0.0036108679853285447,800,10,"[5, 5, 10]","I(M1,M2;T)"
255,0.0,0.0479289373840793,-0.016504013307170842,800,10,"[5, 5, 10]","I(M1,M2;T)"
256,0.0,0.058188803478750536,-0.005697999177501578,800,10,"[5, 5, 10]","I(M1,M2;T)"
257,0.0,0.07579604254327055,0.011759746134606841,800,10,"[5, 5, 10]","I(M1,M2;T)"
258,0.0,0.07337631090517924,0.009438419982947505,800,10,"[5, 5, 10]","I(M1,M2;T)"
259,0.0,0.05541801809685398,-0.009042139903218407,800,10,"[5, 5, 10]","I(M1,M2;T)"
260,0.0,0.06835626274964121,0.004461481966302139,800,10,"[5, 5, 10]","I(M1,M2;T)"
261,0.0,0.06172141078796863,-0.003036288408721867,800,10,"[5, 5, 10]","I(M1,M2;T)"
262,0.0,0.07008734902350779,0.005677846089483754,800,10,"[5, 5, 10]","I(M1,M2;T)"
263,0.0,0.06809219974715067,0.0037220318215540754,800,10,"[5, 5, 10]","I(M1,M2;T)"
264,0.0,0.05893705047318035,-0.005388791660574793,800,10,"[5, 5, 10]","I(M1,M2;T)"
265,0.0,0.06109012735418594,-0.0031118706835624316,800,10,"[5, 5, 10]","I(M1,M2;T)"
266,0.0,0.06442236965459947,-0.00018246602847302174,800,10,"[5, 5, 10]","I(M1,M2;T)"
267,0.0,0.0789893191851576,0.01415875651075163,800,10,"[5, 5, 10]","I(M1,M2;T)"
268,0.0,0.06468642015226694,-0.00030067770621104717,800,10,"[5, 5, 10]","I(M1,M2;T)"
269,0.0,0.06587753217785428,0.0007121872028831577,800,10,"[5, 5, 10]","I(M1,M2;T)"
270,0.0,0.06883625107020869,0.005031408125159287,800,10,"[5, 5, 10]","I(M1,M2;T)"
271,0.0,0.04246397756345416,-0.022224845023121498,800,10,"[5, 5, 10]","I(M1,M2;T)"
272,0.0,0.054648266111577054,-0.009840063517095599,800,10,"[5, 5, 10]","I(M1,M2;T)"
273,0.0,0.04627888576046935,-0.018031248050270766,800,10,"[5, 5, 10]","I(M1,M2;T)"
274,0.0,0.06492118027729377,0.0008517900982023263,800,10,"[5, 5, 10]","I(M1,M2;T)"
275,0.0,0.06998680610117183,0.006288843557204549,800,10,"[5, 5, 10]","I(M1,M2;T)"
276,0.0,0.061330208275568406,-0.00282104308680816,800,10,"[5, 5, 10]","I(M1,M2;T)"
277,0.0,0.05710472584480092,-0.007536411541893828,800,10,"[5, 5, 10]","I(M1,M2;T)"
278,0.0,0.07460032074620357,0.010528578998909854,800,10,"[5, 5, 10]","I(M1,M2;T)"
279,0.0,0.07392834063867307,0.009635853160383609,800,10,"[5, 5, 10]","I(M1,M2;T)"
280,0.0,0.06349755856240753,-2.3775031485664955e-05,800,10,"[5, 5, 10]","I(M1,M2;T)"
281,0.0,0.051274098918931185,-0.012418654909307755,800,10,"[5, 5, 10]","I(M1,M2;T)"
282,0.0,0.07613346116813105,0.012410272421022855,800,10,"[5, 5, 10]","I(M1,M2;T)"
283,0.0,0.05197580388640145,-0.013356727687695524,800,10,"[5, 5, 10]","I(M1,M2;T)"
284,0.0,0.06136038628637851,-0.0039064239107973325,800,10,"[5, 5, 10]","I(M1,M2;T)"
285,0.0,0.0726911744643974,0.007895052049883819,800,10,"[5, 5, 10]","I(M1,M2;T)"
286,0.0,0.06674982955869325,0.0031777915284389724,800,10,"[5, 5, 10]","I(M1,M2;T)"
287,0.0,0.06344098221222746,-0.0006914593366233318,800,10,"[5, 5, 10]","I(M1,M2;T)"
288,0.0,0.07287807049289935,0.008602989682401474,800,10,"[5, 5, 10]","I(M1,M2;T)"
289,0.0,0.05949767808053396,-0.004845155905470085,800,10,"[5, 5, 10]","I(M1,M2;T)"
290,0.0,0.06116019686038487,-0.0029660005637467193,800,10,"[5, 5, 10]","I(M1,M2;T)"
291,0.0,0.068683180120083,0.004566512460030134,800,10,"[5, 5, 10]","I(M1,M2;T)"
292,0.0,0.07394460363382799,0.009567042153131602,800,10,"[5, 5, 10]","I(M1,M2;T)"
293,0.0,0.05903036257058377,-0.005352515922630342,800,10,"[5, 5, 10]","I(M1,M2;T)"
294,0.0,0.07410367234007986,0.009981911818060796,800,10,"[5, 5, 10]","I(M1,M2;T)"
295,0.0,0.06589464793229728,0.0016556672492532842,800,10,"[5, 5, 10]","I(M1,M2;T)"
296,0.0,0.04984800006123492,-0.014789322082219822,800,10,"[5, 5, 10]","I(M1,M2;T)"
297,0.0,0.0712274928769033,0.006995593167150108,800,10,"[5, 5, 10]","I(M1,M2;T)"
298,0.0,0.06561215796998413,0.001884628651612666,800,10,"[5, 5, 10]","I(M1,M2;T)"
299,0.0,0.0633956520204367,-0.0005380533169137697,800,10,"[5, 5, 10]","I(M1,M2;T)"
300,0.0,0.07121186087587647,0.006452604869849235,800,10,"[5, 5, 10]","I(M1,M2;T)"
301,0.0,0.045037459115784786,-0.018273971382989057,800,10,"[5, 5, 10]","I(M1,M2;T)"
302,0.0,0.06258479550424757,-0.0013109092581182202,800,10,"[5, 5, 10]","I(M1,M2;T)"
303,0.0,0.07215015034314287,0.0074855091476779545,800,10,"[5, 5, 10]","I(M1,M2;T)"
304,0.0,0.061090986646193335,-0.003151942023780968,800,10,"[5, 5, 10]","I(M1,M2;T)"
305,0.0,0.07030443639371303,0.005977729599835696,800,10,"[5, 5, 10]","I(M1,M2;T)"
306,0.0,0.09053941963754215,0.02685820434806757,800,10,"[5, 5, 10]","I(M1,M2;T)"
307,0.0,0.046708228552205425,-0.01877054223303755,800,10,"[5, 5, 10]","I(M1,M2;T)"
308,0.0,0.056627990233707334,-0.007971084671274192,800,10,"[5, 5, 10]","I(M1,M2;T)"
309,0.0,0.048654065850238376,-0.0159094960957694,800,10,"[5, 5, 10]","I(M1,M2;T)"
310,0.0,0.07268331422563286,0.0073807324521298345,800,10,"[5, 5, 10]","I(M1,M2;T)"
311,0.0,0.06423966475315501,-0.00023784833144938067,800,10,"[5, 5, 10]","I(M1,M2;T)"
312,0.0,0.05611027312890479,-0.008446021373544749,800,10,"[5, 5, 10]","I(M1,M2;T)"
313,0.0,0.06403614038275118,-0.0012218637372631985,800,10,"[5, 5, 10]","I(M1,M2;T)"
314,0.0,0.06325706639755194,-0.0006308891234207276,800,10,"[5, 5, 10]","I(M1,M2;T)"
315,0.0,0.07505058066108858,0.009654644623584216,800,10,"[5, 5, 10]","I(M1,M2;T)"
316,0.0,0.055698493114137396,-0.008401857001627738,800,10,"[5, 5, 10]","I(M1,M2;T)"
317,0.0,0.06591843230904096,0.0016516772180026756,800,10,"[5, 5, 10]","I(M1,M2;T)"
318,0.0,0.06747487116229339,0.002431541843719895,800,10,"[5, 5, 10]","I(M1,M2;T)"
319,0.0,0.06673502216484503,0.0028741323601220448,800,10,"[5, 5, 10]","I(M1,M2;T)"
320,0.0,0.06622778358493218,0.00126770877903698,800,10,"[5, 5, 10]","I(M1,M2;T)"
321,0.0,0.07121791183175705,0.0065317567572254764,800,10,"[5, 5, 10]","I(M1,M2;T)"
322,0.0,0.05578625392893792,-0.008919400215310722,800,10,"[5, 5, 10]","I(M1,M2;T)"
323,0.0,0.06358692105993678,0.0003510376799013698,800,10,"[5, 5, 10]","I(M1,M2;T)"
324,0.0,0.05153196151382809,-0.012757090187739531,800,10,"[5, 5, 10]","I(M1,M2;T)"
325,0.0,0.05861822883386274,-0.006942272674011388,800,10,"[5, 5, 10]","I(M1,M2;T)"
326,0.0,0.07115035524532719,0.006279737461887883,800,10,"[5, 5, 10]","I(M1,M2;T)"
327,0.0,0.04675129671988551,-0.016473133311251484,800,10,"[5, 5, 10]","I(M1,M2;T)"
328,0.0,0.06957225022888058,0.004764663033964875,800,10,"[5, 5, 10]","I(M1,M2;T)"
329,0.0,0.049805248210928854,-0.01389719430829961,800,10,"[5, 5, 10]","I(M1,M2;T)"
330,0.0,0.052539589753056,-0.011731699685445456,800,10,"[5, 5, 10]","I(M1,M2;T)"
331,0.0,0.05010435774729022,-0.014819422416899375,800,10,"[5, 5, 10]","I(M1,M2;T)"
332,0.0,0.05920672109437244,-0.005364101649417245,800,10,"[5, 5, 10]","I(M1,M2;T)"
333,0.0,0.05889616808977896,-0.0059134734593267735,800,10,"[5, 5, 10]","I(M1,M2;T)"
334,0.0,0.05249992231756055,-0.011367932498036318,800,10,"[5, 5, 10]","I(M1,M2;T)"
335,0.0,0.05829657044885876,-0.0061112896448057424,800,10,"[5, 5, 10]","I(M1,M2;T)"
336,0.0,0.07645761511200362,0.013282366444951801,800,10,"[5, 5, 10]","I(M1,M2;T)"
337,0.0,0.05719729303810387,-0.0071602498739158985,800,10,"[5, 5, 10]","I(M1,M2;T)"
338,0.0,0.07861178748221852,0.01424762065734371,800,10,"[5, 5, 10]","I(M1,M2;T)"
339,0.0,0.06076546065977378,-0.00370674703469704,800,10,"[5, 5, 10]","I(M1,M2;T)"
340,0.0,0.06744745733833639,0.0032850065617093527,800,10,"[5, 5, 10]","I(M1,M2;T)"
341,0.0,0.06001750189139386,-0.003904243247336306,800,10,"[5, 5, 10]","I(M1,M2;T)"
342,0.0,0.07051103994964258,0.006358234160965925,800,10,"[5, 5, 10]","I(M1,M2;T)"
343,0.0,0.05225431387167188,-0.011621145691350622,800,10,"[5, 5, 10]","I(M1,M2;T)"
344,0.0,0.06173420863559599,-0.003034923483102109,800,10,"[5, 5, 10]","I(M1,M2;T)"
345,0.0,0.04980575933149386,-0.015022283867031895,800,10,"[5, 5, 10]","I(M1,M2;T)"
346,0.0,0.0757113713207885,0.01110171586259931,800,10,"[5, 5, 10]","I(M1,M2;T)"
347,0.0,0.05697907136774541,-0.007672882699005151,800,10,"[5, 5, 10]","I(M1,M2;T)"
348,0.0,0.06095031734870951,-0.0035712574711191103,800,10,"[5, 5, 10]","I(M1,M2;T)"
349,0.0,0.045536343263395944,-0.019234508139700505,800,10,"[5, 5, 10]","I(M1,M2;T)"
350,0.0,0.0722702730979194,0.008053130347050852,800,10,"[5, 5, 10]","I(M1,M2;T)"
351,0.0,0.06434916944922628,-0.0002090217401005262,800,10,"[5, 5, 10]","I(M1,M2;T)"
352,0.0,0.07282127604409491,0.008529268033129242,800,10,"[5, 5, 10]","I(M1,M2;T)"
353,0.0,0.045831706097675104,-0.01794758112694529,800,10,"[5, 5, 10]","I(M1,M2;T)"
354,0.0,0.05576363838673967,-0.00843972427157623,800,10,"[5, 5, 10]","I(M1,M2;T)"
355,0.0,0.05263477787980603,-0.012005601882976544,800,10,"[5, 5, 10]","I(M1,M2;T)"
356,0.0,0.06270976462615815,-0.0022106969811789556,800,10,"[5, 5, 10]","I(M1,M2;T)"
357,0.0,0.07055188288260687,0.006127386542313498,800,10,"[5, 5, 10]","I(M1,M2;T)"
358,0.0,0.06943342747887421,0.0055980125131601804,800,10,"[5, 5, 10]","I(M1,M2;T)"
359,0.0,0.06491401892699397,0.0002843175877751819,800,10,"[5, 5, 10]","I(M1,M2;T)"
360,0.0,0.05955589575626856,-0.005679845411006662,800,10,"[5, 5, 10]","I(M1,M2;T)"
361,0.0,0.05796779252601875,-0.006366399712107479,800,10,"[5, 5, 10]","I(M1,M2;T)"
362,0.0,0.04753784930381223,-0.017444550807333564,800,10,"[5, 5, 10]","I(M1,M2;T)"
363,0.0,0.07807587216237993,0.013100191657668639,800,10,"[5, 5, 10]","I(M1,M2;T)"
364,0.0,0.0643804388781034,0.00024887299362209847,800,10,"[5, 5, 10]","I(M1,M2;T)"
365,0.0,0.06352727385647208,-0.0002779780344673577,800,10,"[5, 5, 10]","I(M1,M2;T)"
366,0.0,0.06371433591231822,-0.0011134406426056148,800,10,"[5, 5, 10]","I(M1,M2;T)"
367,0.0,0.07694517435724678,0.011753461478300517,800,10,"[5, 5, 10]","I(M1,M2;T)"
368,0.0,0.06770973345562833,0.004204165411271485,800,10,"[5, 5, 10]","I(M1,M2;T)"
369,0.0,0.06356600708622158,-0.00029414830514995494,800,10,"[5, 5, 10]","I(M1,M2;T)"
370,0.0,0.055206433593751394,-0.008796166027183874,800,10,"[5, 5, 10]","I(M1,M2;T)"
371,0.0,0.0740031964765398,0.009265528755118685,800,10,"[5, 5, 10]","I(M1,M2;T)"
372,0.0,0.07624053591220935,0.011972327721211512,800,10,"[5, 5, 10]","I(M1,M2;T)"
373,0.0,0.055232901095654124,-0.009823734888356361,800,10,"[5, 5, 10]","I(M1,M2;T)"
374,0.0,0.05785130958275471,-0.006507239221133748,800,10,"[5, 5, 10]","I(M1,M2;T)"
375,0.0,0.05887042505012648,-0.004970417223825192,800,10,"[5, 5, 10]","I(M1,M2;T)"
376,0.0,0.05426274002653584,-0.009764311848634931,800,10,"[5, 5, 10]","I(M1,M2;T)"
377,0.0,0.07578480290343834,0.010856485904845531,800,10,"[5, 5, 10]","I(M1,M2;T)"
378,0.0,0.04739057046133156,-0.016515445350094526,800,10,"[5, 5, 10]","I(M1,M2;T)"
379,0.0,0.07432760771523292,0.010338569847316209,800,10,"[5, 5, 10]","I(M1,M2;T)"
380,0.0,0.06894015421510238,0.004034239464569711,800,10,"[5, 5, 10]","I(M1,M2;T)"
381,0.0,0.05102449751622709,-0.014056529758506575,800,10,"[5, 5, 10]","I(M1,M2;T)"
382,0.0,0.0665319559793926,0.00223984426232636,800,10,"[5, 5, 10]","I(M1,M2;T)"
383,0.0,0.060158112680947666,-0.004363621622992565,800,10,"[5, 5, 10]","I(M1,M2;T)"
384,0.0,0.061243704727266784,-0.0027266446973582825,800,10,"[5, 5, 10]","I(M1,M2;T)"
385,0.0,0.06251847736206605,-0.002106821834286357,800,10,"[5, 5, 10]","I(M1,M2;T)"
386,0.0,0.060171940052566326,-0.004698494192565537,800,10,"[5, 5, 10]","I(M1,M2;T)"
387,0.0,0.07208546451964037,0.007936488927163018,800,10,"[5, 5, 10]","I(M1,M2;T)"
388,0.0,0.059831691295701414,-0.003885110953572607,800,10,"[5, 5, 10]","I(M1,M2;T)"
389,0.0,0.06413610562595924,0.0002618102217208651,800,10,"[5, 5, 10]","I(M1,M2;T)"
390,0.0,0.06524262500999087,0.0012371204852041073,800,10,"[5, 5, 10]","I(M1,M2;T)"
391,0.0,0.07338772788158715,0.008908028371394774,800,10,"[5, 5, 10]","I(M1,M2;T)"
392,0.0,0.06368906345586453,-9.094120002385575e-05,800,10,"[5, 5, 10]","I(M1,M2;T)"
393,0.0,0.06474183918001092,0.0002490235124392587,800,10,"[5, 5, 10]","I(M1,M2;T)"
394,0.0,0.053160414592887964,-0.01109274765975063,800,10,"[5, 5, 10]","I(M1,M2;T)"
395,0.0,0.07749485381186677,0.012579459194331372,800,10,"[5, 5, 10]","I(M1,M2;T)"
396,0.0,0.0602725784622979,-0.0032565965629201693,800,10,"[5, 5, 10]","I(M1,M2;T)"
397,0.0,0.07476265936067204,0.010507888554362188,800,10,"[5, 5, 10]","I(M1,M2;T)"
398,0.0,0.05528078024736251,-0.009366412540342497,800,10,"[5, 5, 10]","I(M1,M2;T)"
399,0.0,0.06310247207560504,-0.0016651582448969082,800,10,"[5, 5, 10]","I(M1,M2;T)"
400,0.0,0.06201454761341704,-0.0026938913503762874,800,10,"[5, 5, 10]","I(M1,M2;T)"
401,0.0,0.05958876029533827,-0.004703537864984175,800,10,"[5, 5, 10]","I(M1,M2;T)"
402,0.0,0.05036592855921987,-0.013412654270165178,800,10,"[5, 5, 10]","I(M1,M2;T)"
403,0.0,0.05232675863074119,-0.012520829871041438,800,10,"[5, 5, 10]","I(M1,M2;T)"
404,0.0,0.06216904228467193,-0.002407537381400468,800,10,"[5, 5, 10]","I(M1,M2;T)"
405,0.0,0.052501440408271975,-0.011679516087440549,800,10,"[5, 5, 10]","I(M1,M2;T)"
406,0.0,0.07135671940229873,0.0073827801429033335,800,10,"[5, 5, 10]","I(M1,M2;T)"
407,0.0,0.07547984798809684,0.011558667187561128,800,10,"[5, 5, 10]","I(M1,M2;T)"
408,0.0,0.0782672100624732,0.013250371786690099,800,10,"[5, 5, 10]","I(M1,M2;T)"
409,0.0,0.0581012512917852,-0.007085450854115549,800,10,"[5, 5, 10]","I(M1,M2;T)"
410,0.0,0.06164606354176059,-0.0026472387822997143,800,10,"[5, 5, 10]","I(M1,M2;T)"
411,0.0,0.06223185156232126,-0.002397066391565776,800,10,"[5, 5, 10]","I(M1,M2;T)"
412,0.0,0.07261253184446195,0.008320230697475145,800,10,"[5, 5, 10]","I(M1,M2;T)"
413,0.0,0.07433731807803187,0.01099134407797793,800,10,"[5, 5, 10]","I(M1,M2;T)"
414,0.0,0.060410705781251586,-0.0037706582109813397,800,10,"[5, 5, 10]","I(M1,M2;T)"
415,0.0,0.05430211134562181,-0.010115038302375562,800,10,"[5, 5, 10]","I(M1,M2;T)"
416,0.0,0.054719146078872946,-0.00922292662757418,800,10,"[5, 5, 10]","I(M1,M2;T)"
417,0.0,0.05827877782401026,-0.0063251492045322474,800,10,"[5, 5, 10]","I(M1,M2;T)"
418,0.0,0.05143156538530337,-0.012648185911383558,800,10,"[5, 5, 10]","I(M1,M2;T)"
419,0.0,0.06236755798305738,-0.002259425856698964,800,10,"[5, 5, 10]","I(M1,M2;T)"
420,0.0,0.06668911066212535,0.002308010242894981,800,10,"[5, 5, 10]","I(M1,M2;T)"
421,0.0,0.0514114665439344,-0.012935237330601118,800,10,"[5, 5, 10]","I(M1,M2;T)"
422,0.0,0.07192803832566358,0.006999036370421402,800,10,"[5, 5, 10]","I(M1,M2;T)"
423,0.0,0.06907886630049749,0.005501966684708329,800,10,"[5, 5, 10]","I(M1,M2;T)"
424,0.0,0.06482459303968297,0.0004453450378754803,800,10,"[5, 5, 10]","I(M1,M2;T)"
425,0.0,0.06892447748315803,0.005360999052583762,800,10,"[5, 5, 10]","I(M1,M2;T)"
426,0.0,0.05207804245689587,-0.012017008956104414,800,10,"[5, 5, 10]","I(M1,M2;T)"
427,0.0,0.05405439575630108,-0.01020545039198445,800,10,"[5, 5, 10]","I(M1,M2;T)"
428,0.0,0.06508733907972114,0.00032227549548161094,800,10,"[5, 5, 10]","I(M1,M2;T)"
429,0.0,0.05688236507021425,-0.0067465153946098325,800,10,"[5, 5, 10]","I(M1,M2;T)"
430,0.0,0.0593986788563782,-0.005000851648352067,800,10,"[5, 5, 10]","I(M1,M2;T)"
431,0.0,0.06781230294959832,0.002621101420348937,800,10,"[5, 5, 10]","I(M1,M2;T)"
432,0.0,0.05745426238324043,-0.006715273116602971,800,10,"[5, 5, 10]","I(M1,M2;T)"
433,0.0,0.05184564222363193,-0.012799831502655956,800,10,"[5, 5, 10]","I(M1,M2;T)"
434,0.0,0.05627860691576557,-0.007674827105633622,800,10,"[5, 5, 10]","I(M1,M2;T)"
435,0.0,0.06395491113947702,-0.00022726299367782643,800,10,"[5, 5, 10]","I(M1,M2;T)"
436,0.0,0.05777710336624448,-0.006521851466428023,800,10,"[5, 5, 10]","I(M1,M2;T)"
437,0.0,0.06316204349803813,-0.0013144246654599734,800,10,"[5, 5, 10]","I(M1,M2;T)"
438,0.0,0.050079514998519356,-0.014043833504911854,800,10,"[5, 5, 10]","I(M1,M2;T)"
439,0.0,0.05905132731721515,-0.005104092634631026,800,10,"[5, 5, 10]","I(M1,M2;T)"
440,0.0,0.054431571709406,-0.009994267448172438,800,10,"[5, 5, 10]","I(M1,M2;T)"
441,0.0,0.08362204530495487,0.019187941899508565,800,10,"[5, 5, 10]","I(M1,M2;T)"
442,0.0,0.06021043931488637,-0.0037922745030337796,800,10,"[5, 5, 10]","I(M1,M2;T)"
443,0.0,0.06981970883788041,0.005751973979338687,800,10,"[5, 5, 10]","I(M1,M2;T)"
444,0.0,0.0811711155647118,0.017319270013569477,800,10,"[5, 5, 10]","I(M1,M2;T)"
445,0.0,0.06236799600947376,-0.0019916446990991196,800,10,"[5, 5, 10]","I(M1,M2;T)"
446,0.0,0.051858109530977047,-0.012527463172040017,800,10,"[5, 5, 10]","I(M1,M2;T)"
447,0.0,0.053559968163582945,-0.010486442767103858,800,10,"[5, 5, 10]","I(M1,M2;T)"
448,0.0,0.06501546775087634,0.001277959850062571,800,10,"[5, 5, 10]","I(M1,M2;T)"
449,0.0,0.055244488229872823,-0.008863054598961362,800,10,"[5, 5, 10]","I(M1,M2;T)"
450,0.0,0.061161613632333904,-0.0033356797210313607,800,10,"[5, 5, 10]","I(M1,M2;T)"
451,0.0,0.06655445061235718,0.0028005880382290377,800,10,"[5, 5, 10]","I(M1,M2;T)"
452,0.0,0.058709424284125136,-0.005604491503006834,800,10,"[5, 5, 10]","I(M1,M2;T)"
453,0.0,0.057994793925889465,-0.00614758085952527,800,10,"[5, 5, 10]","I(M1,M2;T)"
454,0.0,0.08025222425169039,0.016465192411111024,800,10,"[5, 5, 10]","I(M1,M2;T)"
455,0.0,0.07577927805077889,0.011122417084660413,800,10,"[5, 5, 10]","I(M1,M2;T)"
456,0.0,0.05703542706503323,-0.007139747399737217,800,10,"[5, 5, 10]","I(M1,M2;T)"
457,0.0,0.0638034939498676,-0.0008271594014294392,800,10,"[5, 5, 10]","I(M1,M2;T)"
458,0.0,0.06455214901321832,0.0006713375086526557,800,10,"[5, 5, 10]","I(M1,M2;T)"
459,0.0,0.050780087509676254,-0.01377277359952609,800,10,"[5, 5, 10]","I(M1,M2;T)"
460,0.0,0.0498561309941625,-0.014769065347541743,800,10,"[5, 5, 10]","I(M1,M2;T)"
461,0.0,0.051683027059327175,-0.012016169976472424,800,10,"[5, 5, 10]","I(M1,M2;T)"
462,0.0,0.06725541975765205,0.0021192518701774465,800,10,"[5, 5, 10]","I(M1,M2;T)"
463,0.0,0.05075483720987051,-0.013284506615744554,800,10,"[5, 5, 10]","I(M1,M2;T)"
464,0.0,0.056652936767537784,-0.008438038675656803,800,10,"[5, 5, 10]","I(M1,M2;T)"
465,0.0,0.06197046190435167,-0.002569579100510963,800,10,"[5, 5, 10]","I(M1,M2;T)"
466,0.0,0.06388803134411535,-0.0006979806775428143,800,10,"[5, 5, 10]","I(M1,M2;T)"
467,0.0,0.08666209595499484,0.02241450808376763,800,10,"[5, 5, 10]","I(M1,M2;T)"
468,0.0,0.051672812314355075,-0.012358153416993235,800,10,"[5, 5, 10]","I(M1,M2;T)"
469,0.0,0.06770098150009915,0.0035979145589158934,800,10,"[5, 5, 10]","I(M1,M2;T)"
470,0.0,0.0677308973043131,0.003688612923714335,800,10,"[5, 5, 10]","I(M1,M2;T)"
471,0.0,0.059967474729596924,-0.004628504906709192,800,10,"[5, 5, 10]","I(M1,M2;T)"
472,0.0,0.0617049481344239,-0.0028095808651850684,800,10,"[5, 5, 10]","I(M1,M2;T)"
473,0.0,0.07154943526096927,0.006426474669668697,800,10,"[5, 5, 10]","I(M1,M2;T)"
474,0.0,0.0688625459260042,0.004488029283474304,800,10,"[5, 5, 10]","I(M1,M2;T)"
475,0.0,0.06699141160755723,0.0022576814049797556,800,10,"[5, 5, 10]","I(M1,M2;T)"
476,0.0,0.0712401967063538,0.006547442843787818,800,10,"[5, 5, 10]","I(M1,M2;T)"
477,0.0,0.06291779776546833,-0.0013719400706366375,800,10,"[5, 5, 10]","I(M1,M2;T)"
478,0.0,0.06299561873422616,-0.0017923055049568204,800,10,"[5, 5, 10]","I(M1,M2;T)"
479,0.0,0.06410589170507418,-6.69971955052362e-05,800,10,"[5, 5, 10]","I(M1,M2;T)"
480,0.0,0.06634997499454415,0.002069233808935478,800,10,"[5, 5, 10]","I(M1,M2;T)"
481,0.0,0.05939400254793681,-0.00546261117058261,800,10,"[5, 5, 10]","I(M1,M2;T)"
482,0.0,0.0589398546278702,-0.00536917965263127,800,10,"[5, 5, 10]","I(M1,M2;T)"
483,0.0,0.06930851018140169,0.0051163823002323,800,10,"[5, 5, 10]","I(M1,M2;T)"
484,0.0,0.06386320243960529,-0.0005762386981262163,800,10,"[5, 5, 10]","I(M1,M2;T)"
485,0.0,0.07481206413825377,0.010054439092752554,800,10,"[5, 5, 10]","I(M1,M2;T)"
486,0.0,0.059442895714205385,-0.004359433494777382,800,10,"[5, 5, 10]","I(M1,M2;T)"
487,0.0,0.07907814646675751,0.014931382944266783,800,10,"[5, 5, 10]","I(M1,M2;T)"
488,0.0,0.052033968045704995,-0.012060518200030276,800,10,"[5, 5, 10]","I(M1,M2;T)"
489,0.0,0.07137805443658087,0.007354606530763877,800,10,"[5, 5, 10]","I(M1,M2;T)"
490,0.0,0.0689690481301654,0.005109266567527929,800,10,"[5, 5, 10]","I(M1,M2;T)"
491,0.0,0.06403169586270234,-0.0008391593016057047,800,10,"[5, 5, 10]","I(M1,M2;T)"
492,0.0,0.05912867163603641,-0.004546463968370523,800,10,"[5, 5, 10]","I(M1,M2;T)"
493,0.0,0.06133437355412399,-0.0032678576673500145,800,10,"[5, 5, 10]","I(M1,M2;T)"
494,0.0,0.059916519447069286,-0.004993487699989918,800,10,"[5, 5, 10]","I(M1,M2;T)"
495,0.0,0.08758866268096432,0.022904401651171843,800,10,"[5, 5, 10]","I(M1,M2;T)"
496,0.0,0.059538364750153824,-0.005132480715409005,800,10,"[5, 5, 10]","I(M1,M2;T)"
497,0.0,0.06914264285426312,0.004543191160644902,800,10,"[5, 5, 10]","I(M1,M2;T)"
498,0.0,0.05590509830956136,-0.007887981912269526,800,10,"[5, 5, 10]","I(M1,M2;T)"
499,0.0,0.06585435929334614,0.0012969670036027947,800,10,"[5, 5, 10]","I(M1,M2;T)"
500,0.0,0.05816873654509234,-0.005694708291588184,800,10,"[5, 5, 10]","I(M1,M2;T)"
501,0.0,0.06054989649133494,-0.003610035538033074,800,10,"[5, 5, 10]","I(M1,M2;T)"
502,0.0,0.07169123804600751,0.006957037812948402,800,10,"[5, 5, 10]","I(M1,M2;T)"
503,0.0,0.057266546239725054,-0.007342402991122508,800,10,"[5, 5, 10]","I(M1,M2;T)"
504,0.0,0.05825159023637479,-0.0071327478710149494,800,10,"[5, 5, 10]","I(M1,M2;T)"
505,0.0,0.07178989322914897,0.008617133237711044,800,10,"[5, 5, 10]","I(M1,M2;T)"
506,0.0,0.06134471714656696,-0.0026374670206414375,800,10,"[5, 5, 10]","I(M1,M2;T)"
507,0.0,0.05781974057705228,-0.006320383417505314,800,10,"[5, 5, 10]","I(M1,M2;T)"
508,0.0,0.05429578751468197,-0.01034113578428867,800,10,"[5, 5, 10]","I(M1,M2;T)"
509,0.0,0.0638925985915641,-0.0007564850481496938,800,10,"[5, 5, 10]","I(M1,M2;T)"
510,0.0,0.04962974082554747,-0.014375007552073896,800,10,"[5, 5, 10]","I(M1,M2;T)"
511,0.0,0.0784290194596947,0.013876893945828916,800,10,"[5, 5, 10]","I(M1,M2;T)"
512,0.0,0.06732677523528635,0.003322826265272402,800,10,"[5, 5, 10]","I(M1,M2;T)"
513,0.0,0.05966916744492675,-0.004983983885521785,800,10,"[5, 5, 10]","I(M1,M2;T)"
514,0.0,0.06928336109033634,0.004412172288735319,800,10,"[5, 5, 10]","I(M1,M2;T)"
515,0.0,0.06644475012704656,0.0029276804007606766,800,10,"[5, 5, 10]","I(M1,M2;T)"
516,0.0,0.061580980004962024,-0.0028038888286404523,800,10,"[5, 5, 10]","I(M1,M2;T)"
517,0.0,0.06023176790324355,-0.004878890285703992,800,10,"[5, 5, 10]","I(M1,M2;T)"
518,0.0,0.05890984005457371,-0.0055255280785685285,800,10,"[5, 5, 10]","I(M1,M2;T)"
519,0.0,0.063430550713449,-0.0012526553472494012,800,10,"[5, 5, 10]","I(M1,M2;T)"
520,0.0,0.07086972377774473,0.006396980825847234,800,10,"[5, 5, 10]","I(M1,M2;T)"
521,0.0,0.06437899244821366,-0.0005474375390263769,800,10,"[5, 5, 10]","I(M1,M2;T)"
522,0.0,0.06015096585121654,-0.004136425126070209,800,10,"[5, 5, 10]","I(M1,M2;T)"
523,0.0,0.07229073617643134,0.008375477606596765,800,10,"[5, 5, 10]","I(M1,M2;T)"
524,0.0,0.051971124923754566,-0.013419110898277326,800,10,"[5, 5, 10]","I(M1,M2;T)"
525,0.0,0.05920072835063745,-0.004342519553849143,800,10,"[5, 5, 10]","I(M1,M2;T)"
526,0.0,0.053531788681773225,-0.010043909982720027,800,10,"[5, 5, 10]","I(M1,M2;T)"
527,0.0,0.07065595637912121,0.0058101008189335585,800,10,"[5, 5, 10]","I(M1,M2;T)"
528,0.0,0.06817001459038026,0.004929378265127585,800,10,"[5, 5, 10]","I(M1,M2;T)"
529,0.0,0.0738948775073256,0.009585188314736592,800,10,"[5, 5, 10]","I(M1,M2;T)"
530,0.0,0.07057024980236895,0.005904270756585464,800,10,"[5, 5, 10]","I(M1,M2;T)"
531,0.0,0.07717175391404038,0.01288093018159675,800,10,"[5, 5, 10]","I(M1,M2;T)"
532,0.0,0.05692999974101926,-0.008164044154136026,800,10,"[5, 5, 10]","I(M1,M2;T)"
533,0.0,0.06196105276353239,-0.0031193623565714534,800,10,"[5, 5, 10]","I(M1,M2;T)"
534,0.0,0.07117579248369588,0.006878025663719964,800,10,"[5, 5, 10]","I(M1,M2;T)"
535,0.0,0.05869418363007377,-0.006376352800692223,800,10,"[5, 5, 10]","I(M1,M2;T)"
536,0.0,0.05911777828265763,-0.004802418428393712,800,10,"[5, 5, 10]","I(M1,M2;T)"
537,0.0,0.05793699131448631,-0.005752312668345423,800,10,"[5, 5, 10]","I(M1,M2;T)"
538,0.0,0.06220653314151771,-0.0014799130435170643,800,10,"[5, 5, 10]","I(M1,M2;T)"
539,0.0,0.07495220005768577,0.009475067835254147,800,10,"[5, 5, 10]","I(M1,M2;T)"
540,0.0,0.0629749947094384,-0.0018661204295710582,800,10,"[5, 5, 10]","I(M1,M2;T)"
541,0.0,0.04605910693704682,-0.018661154507081223,800,10,"[5, 5, 10]","I(M1,M2;T)"
542,0.0,0.07479150298151488,0.010506885588566203,800,10,"[5, 5, 10]","I(M1,M2;T)"
543,0.0,0.07944895298076557,0.015509328951029397,800,10,"[5, 5, 10]","I(M1,M2;T)"
544,0.0,0.07012657965669057,0.005634442282710761,800,10,"[5, 5, 10]","I(M1,M2;T)"
545,0.0,0.059671738915535094,-0.004034608938727063,800,10,"[5, 5, 10]","I(M1,M2;T)"
546,0.0,0.05453826240802602,-0.009982058368416188,800,10,"[5, 5, 10]","I(M1,M2;T)"
547,0.0,0.06770230907420616,0.00339340943022666,800,10,"[5, 5, 10]","I(M1,M2;T)"
548,0.0,0.06151851759625447,-0.0022082874370939892,800,10,"[5, 5, 10]","I(M1,M2;T)"
549,0.0,0.05761256782668123,-0.006174704257651958,800,10,"[5, 5, 10]","I(M1,M2;T)"
550,0.0,0.07966591833979615,0.014727397136713075,800,10,"[5, 5, 10]","I(M1,M2;T)"
551,0.0,0.07012318383939573,0.006082657015209325,800,10,"[5, 5, 10]","I(M1,M2;T)"
552,0.0,0.046644562089427355,-0.018230337178411105,800,10,"[5, 5, 10]","I(M1,M2;T)"
553,0.0,0.07339835114180351,0.009606443807025453,800,10,"[5, 5, 10]","I(M1,M2;T)"
554,0.0,0.05451094125337354,-0.010399234267584476,800,10,"[5, 5, 10]","I(M1,M2;T)"
555,0.0,0.059416062040815454,-0.005759136235246903,800,10,"[5, 5, 10]","I(M1,M2;T)"
556,0.0,0.05929235421229523,-0.005508284499606775,800,10,"[5, 5, 10]","I(M1,M2;T)"
557,0.0,0.05975598597572466,-0.004945614487695253,800,10,"[5, 5, 10]","I(M1,M2;T)"
558,0.0,0.06703746531647682,0.0031104899566188754,800,10,"[5, 5, 10]","I(M1,M2;T)"
559,0.0,0.08325020981291693,0.01890828841151536,800,10,"[5, 5, 10]","I(M1,M2;T)"
560,0.0,0.06242484142228986,-0.002255831667582024,800,10,"[5, 5, 10]","I(M1,M2;T)"
561,0.0,0.06836306946456719,0.004374864869738468,800,10,"[5, 5, 10]","I(M1,M2;T)"
562,0.0,0.061677413834408716,-0.0033850386462258505,800,10,"[5, 5, 10]","I(M1,M2;T)"
563,0.0,0.06402447710756545,-5.006251052436239e-05,800,10,"[5, 5, 10]","I(M1,M2;T)"
564,0.0,0.056218523479838474,-0.007341765193058548,800,10,"[5, 5, 10]","I(M1,M2;T)"
565,0.0,0.05344050709070328,-0.010244036787899376,800,10,"[5, 5, 10]","I(M1,M2;T)"
566,0.0,0.05853317794048292,-0.005935143496159687,800,10,"[5, 5, 10]","I(M1,M2;T)"
567,0.0,0.058680831630506414,-0.006430379944958153,800,10,"[5, 5, 10]","I(M1,M2;T)"
568,0.0,0.05292158449865303,-0.011188492870076061,800,10,"[5, 5, 10]","I(M1,M2;T)"
569,0.0,0.060096102614558444,-0.005235331885713679,800,10,"[5, 5, 10]","I(M1,M2;T)"
570,0.0,0.06725097534824809,0.0024314900085919966,800,10,"[5, 5, 10]","I(M1,M2;T)"
571,0.0,0.06038142144923245,-0.004896032757823993,800,10,"[5, 5, 10]","I(M1,M2;T)"
572,0.0,0.05813601445484858,-0.006990953179625926,800,10,"[5, 5, 10]","I(M1,M2;T)"
573,0.0,0.0636525692096706,-0.0010954994491498699,800,10,"[5, 5, 10]","I(M1,M2;T)"
574,0.0,0.06517966174987211,0.00036572416309312017,800,10,"[5, 5, 10]","I(M1,M2;T)"
575,0.0,0.03807118206388095,-0.026442951339077772,800,10,"[5, 5, 10]","I(M1,M2;T)"
576,0.0,0.06341883227903403,-0.0011790912452920438,800,10,"[5, 5, 10]","I(M1,M2;T)"
577,0.0,0.06015612353665545,-0.003945959437619634,800,10,"[5, 5, 10]","I(M1,M2;T)"
578,0.0,0.0740740716128794,0.009333489360416447,800,10,"[5, 5, 10]","I(M1,M2;T)"
579,0.0,0.044916575530249345,-0.020185515314064553,800,10,"[5, 5, 10]","I(M1,M2;T)"
580,0.0,0.06448421461047536,0.0004972592358104128,800,10,"[5, 5, 10]","I(M1,M2;T)"
581,0.0,0.05612463208786827,-0.0074314489867906355,800,10,"[5, 5, 10]","I(M1,M2;T)"
582,0.0,0.05233932522508684,-0.011906979173118885,800,10,"[5, 5, 10]","I(M1,M2;T)"
583,0.0,0.0648226831436424,0.0008372857419203378,800,10,"[5, 5, 10]","I(M1,M2;T)"
584,0.0,0.07116402770093298,0.0064287686985352865,800,10,"[5, 5, 10]","I(M1,M2;T)"
585,0.0,0.05318002282989713,-0.011327473579055405,800,10,"[5, 5, 10]","I(M1,M2;T)"
586,0.0,0.05062496097210101,-0.013555185032419634,800,10,"[5, 5, 10]","I(M1,M2;T)"
587,0.0,0.05620915107104163,-0.008425633110098224,800,10,"[5, 5, 10]","I(M1,M2;T)"
588,0.0,0.04876209341333803,-0.015522982629456401,800,10,"[5, 5, 10]","I(M1,M2;T)"
589,0.0,0.06126299788998759,-0.003499817042731619,800,10,"[5, 5, 10]","I(M1,M2;T)"
590,0.0,0.05756613560540557,-0.0061085931326819234,800,10,"[5, 5, 10]","I(M1,M2;T)"
591,0.0,0.0657413207946631,0.0017118240026365583,800,10,"[5, 5, 10]","I(M1,M2;T)"
592,0.0,0.0628457032613765,-0.0019084210581268163,800,10,"[5, 5, 10]","I(M1,M2;T)"
593,0.0,0.04985683037353461,-0.014797442150006612,800,10,"[5, 5, 10]","I(M1,M2;T)"
594,0.0,0.08440542226445674,0.02018282678529698,800,10,"[5, 5, 10]","I(M1,M2;T)"
595,0.0,0.08713070588570318,0.022172014454743608,800,10,"[5, 5, 10]","I(M1,M2;T)"
596,0.0,0.06013795698550936,-0.004932915674579513,800,10,"[5, 5, 10]","I(M1,M2;T)"
597,0.0,0.06586663245283603,0.000892344972410794,800,10,"[5, 5, 10]","I(M1,M2;T)"
598,0.0,0.06458107569689382,-2.5361206989385487e-05,800,10,"[5, 5, 10]","I(M1,M2;T)"
599,0.0,0.06224777160480019,-0.0017846587751598197,800,10,"[5, 5, 10]","I(M1,M2;T)"
600,0.0,0.06154809730239103,-0.002900265253910121,800,10,"[5, 5, 10]","I(M1,M2;T)"
601,0.0,0.06338016914544352,-0.000486425302630461,800,10,"[5, 5, 10]","I(M1,M2;T)"
602,0.0,0.05847072765943852,-0.006531345593799351,800,10,"[5, 5, 10]","I(M1,M2;T)"
603,0.0,0.07463086193953204,0.011038718529623626,800,10,"[5, 5, 10]","I(M1,M2;T)"
604,0.0,0.06933596180352662,0.004878662896858649,800,10,"[5, 5, 10]","I(M1,M2;T)"
605,0.0,0.04774309182835611,-0.01668985935330969,800,10,"[5, 5, 10]","I(M1,M2;T)"
606,0.0,0.06723102432237296,0.0030062319330113746,800,10,"[5, 5, 10]","I(M1,M2;T)"
607,0.0,0.06336762880400593,-0.00152013204535216,800,10,"[5, 5, 10]","I(M1,M2;T)"
608,0.0,0.06290192399734784,-0.0022668909839394513,800,10,"[5, 5, 10]","I(M1,M2;T)"
609,0.0,0.0609623973613274,-0.003515875377183744,800,10,"[5, 5, 10]","I(M1,M2;T)"
610,0.0,0.05080781502899519,-0.013627033680383177,800,10,"[5, 5, 10]","I(M1,M2;T)"
611,0.0,0.05893470641442336,-0.005494561025265021,800,10,"[5, 5, 10]","I(M1,M2;T)"
612,0.0,0.07821230272046234,0.013597366641478703,800,10,"[5, 5, 10]","I(M1,M2;T)"
613,0.0,0.06733296454803123,0.0038542112769801296,800,10,"[5, 5, 10]","I(M1,M2;T)"
614,0.0,0.06810282810764004,0.0038359562152567306,800,10,"[5, 5, 10]","I(M1,M2;T)"
615,0.0,0.06545841706414057,0.0012475297003199382,800,10,"[5, 5, 10]","I(M1,M2;T)"
616,0.0,0.05436215600728579,-0.010770159259665055,800,10,"[5, 5, 10]","I(M1,M2;T)"
617,0.0,0.06830326336005431,0.003388319055414993,800,10,"[5, 5, 10]","I(M1,M2;T)"
618,0.0,0.07780748249439198,0.013437940468990453,800,10,"[5, 5, 10]","I(M1,M2;T)"
619,0.0,0.08645218898212943,0.022662832737394056,800,10,"[5, 5, 10]","I(M1,M2;T)"
620,0.0,0.07553364233567603,0.011197174297207513,800,10,"[5, 5, 10]","I(M1,M2;T)"
621,0.0,0.05671411898810497,-0.007762649237825714,800,10,"[5, 5, 10]","I(M1,M2;T)"
622,0.0,0.04965161774465954,-0.01427941737367508,800,10,"[5, 5, 10]","I(M1,M2;T)"
623,0.0,0.06798248484265985,0.003433466957229056,800,10,"[5, 5, 10]","I(M1,M2;T)"
624,0.0,0.06335177092255423,-0.00037499888931348535,800,10,"[5, 5, 10]","I(M1,M2;T)"
625,0.0,0.06016026617873151,-0.005194973224825032,800,10,"[5, 5, 10]","I(M1,M2;T)"
626,0.0,0.07584329835566435,0.011039553366165897,800,10,"[5, 5, 10]","I(M1,M2;T)"
627,0.0,0.06935085497253038,0.005117155268124132,800,10,"[5, 5, 10]","I(M1,M2;T)"
628,0.0,0.05358219758754299,-0.010619565606251873,800,10,"[5, 5, 10]","I(M1,M2;T)"
629,0.0,0.08190549952137813,0.016964671865061745,800,10,"[5, 5, 10]","I(M1,M2;T)"
630,0.0,0.05637968384706477,-0.008413697603308339,800,10,"[5, 5, 10]","I(M1,M2;T)"
631,0.0,0.06794454768185514,0.0034292296017425505,800,10,"[5, 5, 10]","I(M1,M2;T)"
632,0.0,0.08522942299390188,0.020374113145256417,800,10,"[5, 5, 10]","I(M1,M2;T)"
633,0.0,0.05699532085030018,-0.007257885701104846,800,10,"[5, 5, 10]","I(M1,M2;T)"
634,0.0,0.06938682683238014,0.005010379414433566,800,10,"[5, 5, 10]","I(M1,M2;T)"
635,0.0,0.057471127864831606,-0.00607384327304808,800,10,"[5, 5, 10]","I(M1,M2;T)"
636,0.0,0.05985498296692657,-0.00458527980081791,800,10,"[5, 5, 10]","I(M1,M2;T)"
637,0.0,0.06486327917118538,0.00030105115754880396,800,10,"[5, 5, 10]","I(M1,M2;T)"
638,0.0,0.07755972869338779,0.012537194441054125,800,10,"[5, 5, 10]","I(M1,M2;T)"
639,0.0,0.0660432277510644,0.0004230848968276718,800,10,"[5, 5, 10]","I(M1,M2;T)"
640,0.0,0.0777674245840804,0.01372591660098356,800,10,"[5, 5, 10]","I(M1,M2;T)"
641,0.0,0.04884981904339868,-0.0153255864636559,800,10,"[5, 5, 10]","I(M1,M2;T)"
642,0.0,0.06327434645386856,-0.0007637802602247362,800,10,"[5, 5, 10]","I(M1,M2;T)"
643,0.0,0.06064505806374579,-0.004012166682791862,800,10,"[5, 5, 10]","I(M1,M2;T)"
644,0.0,0.05635477988673853,-0.008533137862318955,800,10,"[5, 5, 10]","I(M1,M2;T)"
645,0.0,0.057640836202506804,-0.006870866072555673,800,10,"[5, 5, 10]","I(M1,M2;T)"
646,0.0,0.05811787674766346,-0.006276126680163738,800,10,"[5, 5, 10]","I(M1,M2;T)"
647,0.0,0.0692207061558692,0.004590989413165797,800,10,"[5, 5, 10]","I(M1,M2;T)"
648,0.0,0.06294340963691543,-0.0006171299792138152,800,10,"[5, 5, 10]","I(M1,M2;T)"
649,0.0,0.06622560859881393,0.0014407340908877964,800,10,"[5, 5, 10]","I(M1,M2;T)"
650,0.0,0.06907304278753068,0.005396016245934249,800,10,"[5, 5, 10]","I(M1,M2;T)"
651,0.0,0.057887199419998585,-0.006354957853387279,800,10,"[5, 5, 10]","I(M1,M2;T)"
652,0.0,0.05733201395764996,-0.007795469522305018,800,10,"[5, 5, 10]","I(M1,M2;T)"
653,0.0,0.06675528827953428,0.0017392064713145222,800,10,"[5, 5, 10]","I(M1,M2;T)"
654,0.0,0.06062817122450809,-0.004124779564291262,800,10,"[5, 5, 10]","I(M1,M2;T)"
655,0.0,0.07576315447605846,0.011385859160407338,800,10,"[5, 5, 10]","I(M1,M2;T)"
656,0.0,0.06341151507226835,-0.001136817452253927,800,10,"[5, 5, 10]","I(M1,M2;T)"
657,0.0,0.07195728502650267,0.007477294569373877,800,10,"[5, 5, 10]","I(M1,M2;T)"
658,0.0,0.06343446149417827,-0.0012352024124583777,800,10,"[5, 5, 10]","I(M1,M2;T)"
659,0.0,0.05850415407827784,-0.006117826755368046,800,10,"[5, 5, 10]","I(M1,M2;T)"
660,0.0,0.060838916328263895,-0.004029175574346802,800,10,"[5, 5, 10]","I(M1,M2;T)"
661,0.0,0.07240000809351052,0.008229546216750913,800,10,"[5, 5, 10]","I(M1,M2;T)"
662,0.0,0.07023014507215643,0.00538286949195764,800,10,"[5, 5, 10]","I(M1,M2;T)"
663,0.0,0.07269949893291774,0.008657978950504852,800,10,"[5, 5, 10]","I(M1,M2;T)"
664,0.0,0.05497829875398802,-0.009544979899950401,800,10,"[5, 5, 10]","I(M1,M2;T)"
665,0.0,0.05785613544364309,-0.006185773043769972,800,10,"[5, 5, 10]","I(M1,M2;T)"
666,0.0,0.06503781271256062,0.0011362811362635172,800,10,"[5, 5, 10]","I(M1,M2;T)"
667,0.0,0.06762393813183962,0.0031721794503547646,800,10,"[5, 5, 10]","I(M1,M2;T)"
668,0.0,0.059311144958852466,-0.005242981160100232,800,10,"[5, 5, 10]","I(M1,M2;T)"
669,0.0,0.0724076417111834,0.009159315093867332,800,10,"[5, 5, 10]","I(M1,M2;T)"
670,0.0,0.06343435338849257,-0.000633720629641038,800,10,"[5, 5, 10]","I(M1,M2;T)"
671,0.0,0.04908840646472465,-0.015577604462034794,800,10,"[5, 5, 10]","I(M1,M2;T)"
672,0.0,0.06558831577282084,0.0009793172792453009,800,10,"[5, 5, 10]","I(M1,M2;T)"
673,0.0,0.05098814477513503,-0.014134367148902933,800,10,"[5, 5, 10]","I(M1,M2;T)"
674,0.0,0.07367359166292159,0.008705682063072859,800,10,"[5, 5, 10]","I(M1,M2;T)"
675,0.0,0.0697153777103447,0.005135055074065364,800,10,"[5, 5, 10]","I(M1,M2;T)"
676,0.0,0.06249388821564445,-0.0018117055968362092,800,10,"[5, 5, 10]","I(M1,M2;T)"
677,0.0,0.0693532209250142,0.004742471157753322,800,10,"[5, 5, 10]","I(M1,M2;T)"
678,0.0,0.0650446587277926,0.0007086762759214993,800,10,"[5, 5, 10]","I(M1,M2;T)"
679,0.0,0.06339834330762874,-0.0006204003348633524,800,10,"[5, 5, 10]","I(M1,M2;T)"
680,0.0,0.06727401054217759,0.0029076815111270943,800,10,"[5, 5, 10]","I(M1,M2;T)"
681,0.0,0.04505958465570352,-0.019404702338512755,800,10,"[5, 5, 10]","I(M1,M2;T)"
682,0.0,0.057615564022782534,-0.007303268955310305,800,10,"[5, 5, 10]","I(M1,M2;T)"
683,0.0,0.07182247424035157,0.007063495828733252,800,10,"[5, 5, 10]","I(M1,M2;T)"
684,0.0,0.07844845627090159,0.013706076478890966,800,10,"[5, 5, 10]","I(M1,M2;T)"
685,0.0,0.06986188691002455,0.005504191656294635,800,10,"[5, 5, 10]","I(M1,M2;T)"
686,0.0,0.08107501000963596,0.01609254198386155,800,10,"[5, 5, 10]","I(M1,M2;T)"
687,0.0,0.06615421195895031,0.0017517510306418044,800,10,"[5, 5, 10]","I(M1,M2;T)"
688,0.0,0.042442688993794574,-0.02250952004082752,800,10,"[5, 5, 10]","I(M1,M2;T)"
689,0.0,0.07596574561151104,0.01118013108816493,800,10,"[5, 5, 10]","I(M1,M2;T)"
690,0.0,0.06470977992816115,0.00033568517017604216,800,10,"[5, 5, 10]","I(M1,M2;T)"
691,0.0,0.07032635799277695,0.006016808580968078,800,10,"[5, 5, 10]","I(M1,M2;T)"
692,0.0,0.05292396935547853,-0.011769574653497754,800,10,"[5, 5, 10]","I(M1,M2;T)"
693,0.0,0.07466539144709758,0.010622010201728219,800,10,"[5, 5, 10]","I(M1,M2;T)"
694,0.0,0.06205728707157952,-0.002599647028671284,800,10,"[5, 5, 10]","I(M1,M2;T)"
695,0.0,0.059035695599445395,-0.005457065980795137,800,10,"[5, 5, 10]","I(M1,M2;T)"
696,0.0,0.06033620575620825,-0.003911788560285928,800,10,"[5, 5, 10]","I(M1,M2;T)"
697,0.0,0.060679771332054426,-0.003080403570810915,800,10,"[5, 5, 10]","I(M1,M2;T)"
698,0.0,0.07321872276166908,0.009131971346693399,800,10,"[5, 5, 10]","I(M1,M2;T)"
699,0.0,0.06839482124423876,0.003692963596535162,800,10,"[5, 5, 10]","I(M1,M2;T)"
700,0.0,0.06668894733055619,0.002087338221351903,800,10,"[5, 5, 10]","I(M1,M2;T)"
701,0.0,0.05574431248295528,-0.009151792854950283,800,10,"[5, 5, 10]","I(M1,M2;T)"
702,0.0,0.06261895913273192,-0.0021462011626429967,800,10,"[5, 5, 10]","I(M1,M2;T)"
703,0.0,0.07539239095247559,0.010936439470486087,800,10,"[5, 5, 10]","I(M1,M2;T)"
704,0.0,0.06154551946746696,-0.0024951358188697453,800,10,"[5, 5, 10]","I(M1,M2;T)"
705,0.0,0.07704016099054743,0.012722459443345102,800,10,"[5, 5, 10]","I(M1,M2;T)"
706,0.0,0.05741064286096293,-0.00707382510615364,800,10,"[5, 5, 10]","I(M1,M2;T)"
707,0.0,0.07022921754231462,0.006258016609262618,800,10,"[5, 5, 10]","I(M1,M2;T)"
708,0.0,0.0660057361167121,0.0013447327747266036,800,10,"[5, 5, 10]","I(M1,M2;T)"
709,0.0,0.06496636014346252,0.0009914778075820474,800,10,"[5, 5, 10]","I(M1,M2;T)"
710,0.0,0.07046965239618093,0.005793944247380681,800,10,"[5, 5, 10]","I(M1,M2;T)"
711,0.0,0.055072829468934104,-0.009101404033417748,800,10,"[5, 5, 10]","I(M1,M2;T)"
712,0.0,0.06386905884641764,-0.0005293765435834402,800,10,"[5, 5, 10]","I(M1,M2;T)"
713,0.0,0.07960031780151952,0.015188186256840305,800,10,"[5, 5, 10]","I(M1,M2;T)"
714,0.0,0.048104739536626556,-0.016411626015373548,800,10,"[5, 5, 10]","I(M1,M2;T)"
715,0.0,0.060222808847980515,-0.004030670984286909,800,10,"[5, 5, 10]","I(M1,M2;T)"
716,0.0,0.08100062326260514,0.01751813277874127,800,10,"[5, 5, 10]","I(M1,M2;T)"
717,0.0,0.06745029651449974,0.003583333507930178,800,10,"[5, 5, 10]","I(M1,M2;T)"
718,0.0,0.05911932666767196,-0.005574162526682622,800,10,"[5, 5, 10]","I(M1,M2;T)"
719,0.0,0.05362810416434768,-0.010276976306410147,800,10,"[5, 5, 10]","I(M1,M2;T)"
720,0.0,0.05682157770361902,-0.007440611482161255,800,10,"[5, 5, 10]","I(M1,M2;T)"
721,0.0,0.055675167693063035,-0.009474551146892496,800,10,"[5, 5, 10]","I(M1,M2;T)"
722,0.0,0.07414879011678345,0.009316447847598483,800,10,"[5, 5, 10]","I(M1,M2;T)"
723,0.0,0.054102613866298575,-0.010411005954999893,800,10,"[5, 5, 10]","I(M1,M2;T)"
724,0.0,0.0514255663530163,-0.013668137540408909,800,10,"[5, 5, 10]","I(M1,M2;T)"
725,0.0,0.07896104402593056,0.015439879344913254,800,10,"[5, 5, 10]","I(M1,M2;T)"
726,0.0,0.07006575074854865,0.006306516421639569,800,10,"[5, 5, 10]","I(M1,M2;T)"
727,0.0,0.05900166918161201,-0.005192661848088476,800,10,"[5, 5, 10]","I(M1,M2;T)"
728,0.0,0.0630817539988523,-0.0008383314329533376,800,10,"[5, 5, 10]","I(M1,M2;T)"
729,0.0,0.0697900044523814,0.005004634593765142,800,10,"[5, 5, 10]","I(M1,M2;T)"
730,0.0,0.06704418946262067,0.0032789694299363847,800,10,"[5, 5, 10]","I(M1,M2;T)"
731,0.0,0.06250396976704953,-0.0016068401962917311,800,10,"[5, 5, 10]","I(M1,M2;T)"
732,0.0,0.06763708010725264,0.0034244437930115446,800,10,"[5, 5, 10]","I(M1,M2;T)"
733,0.0,0.07256526938329796,0.00879933919082665,800,10,"[5, 5, 10]","I(M1,M2;T)"
734,0.0,0.07352526829381406,0.009337376176168463,800,10,"[5, 5, 10]","I(M1,M2;T)"
735,0.0,0.05852745685732197,-0.006266883300348691,800,10,"[5, 5, 10]","I(M1,M2;T)"
736,0.0,0.06619379588754401,0.0020753587947547336,800,10,"[5, 5, 10]","I(M1,M2;T)"
737,0.0,0.06870709880393341,0.004136400254315109,800,10,"[5, 5, 10]","I(M1,M2;T)"
738,0.0,0.06683723573532413,0.002129049981815498,800,10,"[5, 5, 10]","I(M1,M2;T)"
739,0.0,0.07341079570369621,0.008628398470018409,800,10,"[5, 5, 10]","I(M1,M2;T)"
740,0.0,0.051897380150803946,-0.012626461616304374,800,10,"[5, 5, 10]","I(M1,M2;T)"
741,0.0,0.06502130888433642,0.00038661313245259843,800,10,"[5, 5, 10]","I(M1,M2;T)"
742,0.0,0.04869927640961414,-0.015354215775780312,800,10,"[5, 5, 10]","I(M1,M2;T)"
743,0.0,0.05053535377497368,-0.014082443624177314,800,10,"[5, 5, 10]","I(M1,M2;T)"
744,0.0,0.06305109773829821,-0.0006982108315675556,800,10,"[5, 5, 10]","I(M1,M2;T)"
745,0.0,0.056665469555688075,-0.008573357633713155,800,10,"[5, 5, 10]","I(M1,M2;T)"
746,0.0,0.05499509546215275,-0.009575399266576641,800,10,"[5, 5, 10]","I(M1,M2;T)"
747,0.0,0.07035965164384149,0.005995707725144475,800,10,"[5, 5, 10]","I(M1,M2;T)"
748,0.0,0.05854062745440311,-0.006510577659325209,800,10,"[5, 5, 10]","I(M1,M2;T)"
749,0.0,0.05725913978438142,-0.006656600107680891,800,10,"[5, 5, 10]","I(M1,M2;T)"
750,0.0,0.05439411784345217,-0.010085488753753626,800,10,"[5, 5, 10]","I(M1,M2;T)"
751,0.0,0.07154349136897228,0.0073049142754233465,800,10,"[5, 5, 10]","I(M1,M2;T)"
752,0.0,0.05655681108285084,-0.007773186209651346,800,10,"[5, 5, 10]","I(M1,M2;T)"
753,0.0,0.06647064953461586,0.0023748678656921735,800,10,"[5, 5, 10]","I(M1,M2;T)"
754,0.0,0.0713280261767521,0.007127169050763091,800,10,"[5, 5, 10]","I(M1,M2;T)"
755,0.0,0.0708315508622042,0.006270131384827529,800,10,"[5, 5, 10]","I(M1,M2;T)"
756,0.0,0.05629639885375111,-0.00790498430921717,800,10,"[5, 5, 10]","I(M1,M2;T)"
757,0.0,0.07348091684226753,0.00857918150930774,800,10,"[5, 5, 10]","I(M1,M2;T)"
758,0.0,0.05632148241312221,-0.00860701165325313,800,10,"[5, 5, 10]","I(M1,M2;T)"
759,0.0,0.06730937712506697,0.003496427134045521,800,10,"[5, 5, 10]","I(M1,M2;T)"
760,0.0,0.043474934955943206,-0.02058091989631261,800,10,"[5, 5, 10]","I(M1,M2;T)"
761,0.0,0.057562563302902485,-0.006682734952416426,800,10,"[5, 5, 10]","I(M1,M2;T)"
762,0.0,0.06962267570472391,0.005608101901430823,800,10,"[5, 5, 10]","I(M1,M2;T)"
763,0.0,0.060327962024510115,-0.0031352971688078796,800,10,"[5, 5, 10]","I(M1,M2;T)"
764,0.0,0.06161010854912119,-0.002565947766471177,800,10,"[5, 5, 10]","I(M1,M2;T)"
765,0.0,0.060705968407203506,-0.0036374274514111155,800,10,"[5, 5, 10]","I(M1,M2;T)"
766,0.0,0.07284642373308195,0.008860522235984755,800,10,"[5, 5, 10]","I(M1,M2;T)"
767,0.0,0.06795324564403497,0.0033037042987207194,800,10,"[5, 5, 10]","I(M1,M2;T)"
768,0.0,0.054132915144843,-0.010318899022591227,800,10,"[5, 5, 10]","I(M1,M2;T)"
769,0.0,0.056189470156065416,-0.008290544625948082,800,10,"[5, 5, 10]","I(M1,M2;T)"
770,0.0,0.06468484743535427,-0.000420429237917172,800,10,"[5, 5, 10]","I(M1,M2;T)"
771,0.0,0.05438895572550977,-0.010227121980088218,800,10,"[5, 5, 10]","I(M1,M2;T)"
772,0.0,0.05969787243900073,-0.00515459226818752,800,10,"[5, 5, 10]","I(M1,M2;T)"
773,0.0,0.08270516141123771,0.017953104222528438,800,10,"[5, 5, 10]","I(M1,M2;T)"
774,0.0,0.06927357736661753,0.005478619147604655,800,10,"[5, 5, 10]","I(M1,M2;T)"
775,0.0,0.06461901894244408,-0.000838284926397731,800,10,"[5, 5, 10]","I(M1,M2;T)"
776,0.0,0.07804644582025569,0.013231768986878736,800,10,"[5, 5, 10]","I(M1,M2;T)"
777,0.0,0.06292187659732895,-0.0014824051077776124,800,10,"[5, 5, 10]","I(M1,M2;T)"
778,0.0,0.05577288632343539,-0.008700047503422313,800,10,"[5, 5, 10]","I(M1,M2;T)"
779,0.0,0.06460916092470795,0.00028470186212302406,800,10,"[5, 5, 10]","I(M1,M2;T)"
780,0.0,0.04354327587490149,-0.021446161042603648,800,10,"[5, 5, 10]","I(M1,M2;T)"
781,0.0,0.07131704998645094,0.006846524190933678,800,10,"[5, 5, 10]","I(M1,M2;T)"
782,0.0,0.05708916171336469,-0.007484711966913672,800,10,"[5, 5, 10]","I(M1,M2;T)"
783,0.0,0.06200062593332364,-0.0026700226350616987,800,10,"[5, 5, 10]","I(M1,M2;T)"
784,0.0,0.06387253563128724,-0.0009228349876959641,800,10,"[5, 5, 10]","I(M1,M2;T)"
785,0.0,0.05865355330745485,-0.0055832396715363025,800,10,"[5, 5, 10]","I(M1,M2;T)"
786,0.0,0.06469158816843767,-0.0004976958772914264,800,10,"[5, 5, 10]","I(M1,M2;T)"
787,0.0,0.05608864043487046,-0.00831047672877417,800,10,"[5, 5, 10]","I(M1,M2;T)"
788,0.0,0.05260943231685173,-0.011502395541710432,800,10,"[5, 5, 10]","I(M1,M2;T)"
789,0.0,0.06115068256983444,-0.0030573457494481454,800,10,"[5, 5, 10]","I(M1,M2;T)"
790,0.0,0.057200163573243715,-0.0070956486212784275,800,10,"[5, 5, 10]","I(M1,M2;T)"
791,0.0,0.06317956748618073,-0.0017907139246112896,800,10,"[5, 5, 10]","I(M1,M2;T)"
792,0.0,0.06320795330892356,-0.0015419732474829667,800,10,"[5, 5, 10]","I(M1,M2;T)"
793,0.0,0.051319696303125634,-0.012317291373108719,800,10,"[5, 5, 10]","I(M1,M2;T)"
794,0.0,0.062292449834829254,-0.00293044416763074,800,10,"[5, 5, 10]","I(M1,M2;T)"
795,0.0,0.06202091530885711,-0.0025683191860301838,800,10,"[5, 5, 10]","I(M1,M2;T)"
796,0.0,0.07094772793557814,0.006363013960601502,800,10,"[5, 5, 10]","I(M1,M2;T)"
797,0.0,0.05868706636077327,-0.006286832862947719,800,10,"[5, 5, 10]","I(M1,M2;T)"
798,0.0,0.05578614937490397,-0.007567003291776876,800,10,"[5, 5, 10]","I(M1,M2;T)"
799,0.0,0.072601996928546,0.008550587961271089,800,10,"[5, 5, 10]","I(M1,M2;T)"
800,0.0,0.07377516308119891,0.010097977151299786,800,10,"[5, 5, 10]","I(M1,M2;T)"
801,0.0,0.05132055191552252,-0.013024807221336164,800,10,"[5, 5, 10]","I(M1,M2;T)"
802,0.0,0.052594811674304506,-0.012408781261122923,800,10,"[5, 5, 10]","I(M1,M2;T)"
803,0.0,0.0603007066483104,-0.0036989706214448498,800,10,"[5, 5, 10]","I(M1,M2;T)"
804,0.0,0.06328461926777729,-0.00037884829153037036,800,10,"[5, 5, 10]","I(M1,M2;T)"
805,0.0,0.06321478368261191,-0.001756697104392177,800,10,"[5, 5, 10]","I(M1,M2;T)"
806,0.0,0.04883219723646322,-0.014961266399267245,800,10,"[5, 5, 10]","I(M1,M2;T)"
807,0.0,0.0756209390033694,0.010778076324411176,800,10,"[5, 5, 10]","I(M1,M2;T)"
808,0.0,0.05659385475372285,-0.007684961966412537,800,10,"[5, 5, 10]","I(M1,M2;T)"
809,0.0,0.06700501039388362,0.002029263320747321,800,10,"[5, 5, 10]","I(M1,M2;T)"
810,0.0,0.07381966162054479,0.009154322533978243,800,10,"[5, 5, 10]","I(M1,M2;T)"
811,0.0,0.05407275366738216,-0.011517589937151955,800,10,"[5, 5, 10]","I(M1,M2;T)"
812,0.0,0.048975469241458264,-0.01604910672904508,800,10,"[5, 5, 10]","I(M1,M2;T)"
813,0.0,0.05382035696324508,-0.011539901933044536,800,10,"[5, 5, 10]","I(M1,M2;T)"
814,0.0,0.06953919571631434,0.005193602688429624,800,10,"[5, 5, 10]","I(M1,M2;T)"
815,0.0,0.061135892482683446,-0.0035156366928157656,800,10,"[5, 5, 10]","I(M1,M2;T)"
816,0.0,0.0789681820319687,0.015040832257933859,800,10,"[5, 5, 10]","I(M1,M2;T)"
817,0.0,0.07494298929615698,0.010325097348143672,800,10,"[5, 5, 10]","I(M1,M2;T)"
818,0.0,0.05581707962408741,-0.008038290348074725,800,10,"[5, 5, 10]","I(M1,M2;T)"
819,0.0,0.06303526315637345,-0.0017490405572758994,800,10,"[5, 5, 10]","I(M1,M2;T)"
820,0.0,0.07521379771980262,0.010913755850548434,800,10,"[5, 5, 10]","I(M1,M2;T)"
821,0.0,0.06136974754467448,-0.003291085633325218,800,10,"[5, 5, 10]","I(M1,M2;T)"
822,0.0,0.055653823080179785,-0.00891805957297527,800,10,"[5, 5, 10]","I(M1,M2;T)"
823,0.0,0.06233542133803958,-0.00119098196993047,800,10,"[5, 5, 10]","I(M1,M2;T)"
824,0.0,0.08825261294213779,0.02424462738284279,800,10,"[5, 5, 10]","I(M1,M2;T)"
825,0.0,0.05426135773136319,-0.009855772224302548,800,10,"[5, 5, 10]","I(M1,M2;T)"
826,0.0,0.07156803662323485,0.006935918908673774,800,10,"[5, 5, 10]","I(M1,M2;T)"
827,0.0,0.060179599533124344,-0.0047017703818887716,800,10,"[5, 5, 10]","I(M1,M2;T)"
828,0.0,0.0754390233114868,0.011244161360337901,800,10,"[5, 5, 10]","I(M1,M2;T)"
829,0.0,0.057161776710560275,-0.00795089235880092,800,10,"[5, 5, 10]","I(M1,M2;T)"
830,0.0,0.057826603410738156,-0.0066464045459803806,800,10,"[5, 5, 10]","I(M1,M2;T)"
831,0.0,0.0664122827004101,0.002020129443095306,800,10,"[5, 5, 10]","I(M1,M2;T)"
832,0.0,0.059154282942589946,-0.00486710730027818,800,10,"[5, 5, 10]","I(M1,M2;T)"
833,0.0,0.05370795273757317,-0.010637962894533032,800,10,"[5, 5, 10]","I(M1,M2;T)"
834,0.0,0.057747003213185204,-0.006543993053556969,800,10,"[5, 5, 10]","I(M1,M2;T)"
835,0.0,0.05819247265419538,-0.005904817774280834,800,10,"[5, 5, 10]","I(M1,M2;T)"
836,0.0,0.06634928130606443,0.0017042234508527626,800,10,"[5, 5, 10]","I(M1,M2;T)"
837,0.0,0.06753510363124486,0.0033963612353963557,800,10,"[5, 5, 10]","I(M1,M2;T)"
838,0.0,0.07295542538193833,0.008011746143168103,800,10,"[5, 5, 10]","I(M1,M2;T)"
839,0.0,0.07102975493661577,0.006301196262343198,800,10,"[5, 5, 10]","I(M1,M2;T)"
840,0.0,0.068389884698536,0.003462380918126867,800,10,"[5, 5, 10]","I(M1,M2;T)"
841,0.0,0.06842119336766316,0.004331565297583703,800,10,"[5, 5, 10]","I(M1,M2;T)"
842,0.0,0.05915700442401603,-0.005489568373641229,800,10,"[5, 5, 10]","I(M1,M2;T)"
843,0.0,0.05924525592290157,-0.00489113873964582,800,10,"[5, 5, 10]","I(M1,M2;T)"
844,0.0,0.05183485155844884,-0.012746575965999866,800,10,"[5, 5, 10]","I(M1,M2;T)"
845,0.0,0.06276621426617762,-0.0013026271911225212,800,10,"[5, 5, 10]","I(M1,M2;T)"
846,0.0,0.06752476919114421,0.002870648186025143,800,10,"[5, 5, 10]","I(M1,M2;T)"
847,0.0,0.0627274547394446,-0.0013103997937175954,800,10,"[5, 5, 10]","I(M1,M2;T)"
848,0.0,0.05546935271405778,-0.008526526919619075,800,10,"[5, 5, 10]","I(M1,M2;T)"
849,0.0,0.06235544381371466,-0.0014965134000808622,800,10,"[5, 5, 10]","I(M1,M2;T)"
850,0.0,0.07164938544436256,0.007461326480976083,800,10,"[5, 5, 10]","I(M1,M2;T)"
851,0.0,0.06816418157749712,0.004155677944251104,800,10,"[5, 5, 10]","I(M1,M2;T)"
852,0.0,0.07146731041389184,0.006814039489507803,800,10,"[5, 5, 10]","I(M1,M2;T)"
853,0.0,0.057003607302025125,-0.007610397177888459,800,10,"[5, 5, 10]","I(M1,M2;T)"
854,0.0,0.06309362242513229,-0.0014922031210968106,800,10,"[5, 5, 10]","I(M1,M2;T)"
855,0.0,0.0642252900897791,-0.0005844502606552754,800,10,"[5, 5, 10]","I(M1,M2;T)"
856,0.0,0.05820817351879165,-0.006814177175525016,800,10,"[5, 5, 10]","I(M1,M2;T)"
857,0.0,0.06293296753787957,-0.001182413050743042,800,10,"[5, 5, 10]","I(M1,M2;T)"
858,0.0,0.07067098848118024,0.0054518394935528375,800,10,"[5, 5, 10]","I(M1,M2;T)"
859,0.0,0.06838643032315381,0.003237707042064164,800,10,"[5, 5, 10]","I(M1,M2;T)"
860,0.0,0.05106082791747829,-0.013495137208826793,800,10,"[5, 5, 10]","I(M1,M2;T)"
861,0.0,0.05400850253810831,-0.01092590347647282,800,10,"[5, 5, 10]","I(M1,M2;T)"
862,0.0,0.0716443851144958,0.007753479349448353,800,10,"[5, 5, 10]","I(M1,M2;T)"
863,0.0,0.07196724343320554,0.008343675444870413,800,10,"[5, 5, 10]","I(M1,M2;T)"
864,0.0,0.049169012114675614,-0.015036292960912245,800,10,"[5, 5, 10]","I(M1,M2;T)"
865,0.0,0.06417637099050841,-0.0008826054715722204,800,10,"[5, 5, 10]","I(M1,M2;T)"
866,0.0,0.0685418653337995,0.004280233096192673,800,10,"[5, 5, 10]","I(M1,M2;T)"
867,0.0,0.06021430629020561,-0.0038603651088726584,800,10,"[5, 5, 10]","I(M1,M2;T)"
868,0.0,0.06524900981897705,0.0008352237846759869,800,10,"[5, 5, 10]","I(M1,M2;T)"
869,0.0,0.05753241306234182,-0.006391968997253639,800,10,"[5, 5, 10]","I(M1,M2;T)"
870,0.0,0.0551517921107793,-0.00976132217893972,800,10,"[5, 5, 10]","I(M1,M2;T)"
871,0.0,0.06927982763429394,0.004219124193917664,800,10,"[5, 5, 10]","I(M1,M2;T)"
872,0.0,0.06131049775748405,-0.004740946625955908,800,10,"[5, 5, 10]","I(M1,M2;T)"
873,0.0,0.058437267176527655,-0.005748378833626042,800,10,"[5, 5, 10]","I(M1,M2;T)"
874,0.0,0.06696791741815764,0.003900111763382577,800,10,"[5, 5, 10]","I(M1,M2;T)"
875,0.0,0.06633059806944211,0.0023846316561723646,800,10,"[5, 5, 10]","I(M1,M2;T)"
876,0.0,0.07578941786839041,0.011681721472505513,800,10,"[5, 5, 10]","I(M1,M2;T)"
877,0.0,0.06100635336562162,-0.0036607066108979083,800,10,"[5, 5, 10]","I(M1,M2;T)"
878,0.0,0.06005854671301694,-0.003657530507394119,800,10,"[5, 5, 10]","I(M1,M2;T)"
879,0.0,0.07039231668835892,0.005782208312408971,800,10,"[5, 5, 10]","I(M1,M2;T)"
880,0.0,0.061266841003193594,-0.002871487560915216,800,10,"[5, 5, 10]","I(M1,M2;T)"
881,0.0,0.06568221632628943,0.0013291446804948731,800,10,"[5, 5, 10]","I(M1,M2;T)"
882,0.0,0.04551828063048179,-0.01879923512677898,800,10,"[5, 5, 10]","I(M1,M2;T)"
883,0.0,0.07250057197255261,0.007951892373738792,800,10,"[5, 5, 10]","I(M1,M2;T)"
884,0.0,0.054704013564475996,-0.009558023275630038,800,10,"[5, 5, 10]","I(M1,M2;T)"
885,0.0,0.03981598927269413,-0.02530663690330477,800,10,"[5, 5, 10]","I(M1,M2;T)"
886,0.0,0.0652341599207717,0.0012394690408426695,800,10,"[5, 5, 10]","I(M1,M2;T)"
887,0.0,0.055139410672613784,-0.010333825313825193,800,10,"[5, 5, 10]","I(M1,M2;T)"
888,0.0,0.062453411232887224,-0.00224205746066819,800,10,"[5, 5, 10]","I(M1,M2;T)"
889,0.0,0.0666533003186464,0.0020845422443691725,800,10,"[5, 5, 10]","I(M1,M2;T)"
890,0.0,0.061889101973074866,-0.0032621276699777504,800,10,"[5, 5, 10]","I(M1,M2;T)"
891,0.0,0.08457518292261408,0.019626747533438516,800,10,"[5, 5, 10]","I(M1,M2;T)"
892,0.0,0.056624712457678444,-0.007770631460559688,800,10,"[5, 5, 10]","I(M1,M2;T)"
893,0.0,0.0778061456308175,0.01237602106852767,800,10,"[5, 5, 10]","I(M1,M2;T)"
894,0.0,0.06729197831161639,0.0032630607398391326,800,10,"[5, 5, 10]","I(M1,M2;T)"
895,0.0,0.06153632790011608,-0.0029243120356582386,800,10,"[5, 5, 10]","I(M1,M2;T)"
896,0.0,0.07604913966562514,0.012094132837118812,800,10,"[5, 5, 10]","I(M1,M2;T)"
897,0.0,0.06303238688584283,-0.001505787423574531,800,10,"[5, 5, 10]","I(M1,M2;T)"
898,0.0,0.06241148808348747,-0.002055009400780447,800,10,"[5, 5, 10]","I(M1,M2;T)"
899,0.0,0.062446524285987466,-0.0025794802066764974,800,10,"[5, 5, 10]","I(M1,M2;T)"
900,0.0,0.07225725191014423,0.008631907187392596,800,10,"[5, 5, 10]","I(M1,M2;T)"
901,0.0,0.05297161549229244,-0.010655023658523416,800,10,"[5, 5, 10]","I(M1,M2;T)"
902,0.0,0.07480094672412649,0.010444128292001975,800,10,"[5, 5, 10]","I(M1,M2;T)"
903,0.0,0.06032976378797158,-0.004661137879459522,800,10,"[5, 5, 10]","I(M1,M2;T)"
904,0.0,0.07107837800065964,0.006883034445594488,800,10,"[5, 5, 10]","I(M1,M2;T)"
905,0.0,0.06614537595889602,0.0024911075902300517,800,10,"[5, 5, 10]","I(M1,M2;T)"
906,0.0,0.07605822416825561,0.011820952734595547,800,10,"[5, 5, 10]","I(M1,M2;T)"
907,0.0,0.04919440213960919,-0.015156745538917306,800,10,"[5, 5, 10]","I(M1,M2;T)"
908,0.0,0.08087231666305175,0.016283876736182826,800,10,"[5, 5, 10]","I(M1,M2;T)"
909,0.0,0.06218123012357055,-0.0024395494374611637,800,10,"[5, 5, 10]","I(M1,M2;T)"
910,0.0,0.05709630553227878,-0.007216114379616931,800,10,"[5, 5, 10]","I(M1,M2;T)"
911,0.0,0.07495014230649297,0.011312672170321558,800,10,"[5, 5, 10]","I(M1,M2;T)"
912,0.0,0.058975577735233195,-0.005619516449319642,800,10,"[5, 5, 10]","I(M1,M2;T)"
913,0.0,0.05478273036984906,-0.009921648207922275,800,10,"[5, 5, 10]","I(M1,M2;T)"
914,0.0,0.05663945770140017,-0.007870021357968708,800,10,"[5, 5, 10]","I(M1,M2;T)"
915,0.0,0.05809386208385994,-0.00670248007905716,800,10,"[5, 5, 10]","I(M1,M2;T)"
916,0.0,0.06869453343731852,0.0039008140703134797,800,10,"[5, 5, 10]","I(M1,M2;T)"
917,0.0,0.05636761138403618,-0.008278939978671483,800,10,"[5, 5, 10]","I(M1,M2;T)"
918,0.0,0.07137918044788458,0.006698470142613322,800,10,"[5, 5, 10]","I(M1,M2;T)"
919,0.0,0.06859840210656645,0.00415236610287277,800,10,"[5, 5, 10]","I(M1,M2;T)"
920,0.0,0.06567073910662638,0.0016257763508909506,800,10,"[5, 5, 10]","I(M1,M2;T)"
921,0.0,0.06434225753465371,0.0004031659112737618,800,10,"[5, 5, 10]","I(M1,M2;T)"
922,0.0,0.053992674444823176,-0.010152012821048544,800,10,"[5, 5, 10]","I(M1,M2;T)"
923,0.0,0.06470967355472051,0.0003974783998981074,800,10,"[5, 5, 10]","I(M1,M2;T)"
924,0.0,0.06199847324626501,-0.0021526416791239067,800,10,"[5, 5, 10]","I(M1,M2;T)"
925,0.0,0.058364117808847246,-0.005205541125881896,800,10,"[5, 5, 10]","I(M1,M2;T)"
926,0.0,0.07060705559056692,0.0055003928970670385,800,10,"[5, 5, 10]","I(M1,M2;T)"
927,0.0,0.06406765914520018,-0.0003880867551199346,800,10,"[5, 5, 10]","I(M1,M2;T)"
928,0.0,0.060103500478217595,-0.004057185539563288,800,10,"[5, 5, 10]","I(M1,M2;T)"
929,0.0,0.05840720681491269,-0.004915016401244386,800,10,"[5, 5, 10]","I(M1,M2;T)"
930,0.0,0.07338731281833819,0.009368446679645218,800,10,"[5, 5, 10]","I(M1,M2;T)"
931,0.0,0.06172123228284801,-0.002157540812373321,800,10,"[5, 5, 10]","I(M1,M2;T)"
932,0.0,0.067487760361135,0.0037619160243345245,800,10,"[5, 5, 10]","I(M1,M2;T)"
933,0.0,0.062286679126504985,-0.001440429334130855,800,10,"[5, 5, 10]","I(M1,M2;T)"
934,0.0,0.06804210750041365,0.0034420631813933122,800,10,"[5, 5, 10]","I(M1,M2;T)"
935,0.0,0.08990527601682818,0.025975310646193697,800,10,"[5, 5, 10]","I(M1,M2;T)"
936,0.0,0.06822800080562834,0.004066918347262721,800,10,"[5, 5, 10]","I(M1,M2;T)"
937,0.0,0.055834810037575414,-0.008572129903314601,800,10,"[5, 5, 10]","I(M1,M2;T)"
938,0.0,0.06011420094778478,-0.0049817980498008466,800,10,"[5, 5, 10]","I(M1,M2;T)"
939,0.0,0.07586584998964825,0.011733164476419033,800,10,"[5, 5, 10]","I(M1,M2;T)"
940,0.0,0.05837613271350245,-0.005950701205563735,800,10,"[5, 5, 10]","I(M1,M2;T)"
941,0.0,0.08310714108375572,0.01915524792474077,800,10,"[5, 5, 10]","I(M1,M2;T)"
942,0.0,0.058382495867095555,-0.005762514793181378,800,10,"[5, 5, 10]","I(M1,M2;T)"
943,0.0,0.05145506298978211,-0.012974795742050432,800,10,"[5, 5, 10]","I(M1,M2;T)"
944,0.0,0.0693687827367724,0.005560945531934147,800,10,"[5, 5, 10]","I(M1,M2;T)"
945,0.0,0.069710307555821,0.005767136093839595,800,10,"[5, 5, 10]","I(M1,M2;T)"
946,0.0,0.06732652241912054,0.003189894565687884,800,10,"[5, 5, 10]","I(M1,M2;T)"
947,0.0,0.055034493943958096,-0.009045410993761036,800,10,"[5, 5, 10]","I(M1,M2;T)"
948,0.0,0.06973012362115696,0.005325738390368415,800,10,"[5, 5, 10]","I(M1,M2;T)"
949,0.0,0.06484863799666817,0.000898265235629192,800,10,"[5, 5, 10]","I(M1,M2;T)"
950,0.0,0.07195593063529324,0.00789241396143335,800,10,"[5, 5, 10]","I(M1,M2;T)"
951,0.0,0.06045211966990059,-0.0044858845735499114,800,10,"[5, 5, 10]","I(M1,M2;T)"
952,0.0,0.060056342865651875,-0.004040447782919558,800,10,"[5, 5, 10]","I(M1,M2;T)"
953,0.0,0.07158421051431224,0.006572372815597402,800,10,"[5, 5, 10]","I(M1,M2;T)"
954,0.0,0.07529027266553842,0.01108591556336809,800,10,"[5, 5, 10]","I(M1,M2;T)"
955,0.0,0.05388707502097912,-0.010247177155966437,800,10,"[5, 5, 10]","I(M1,M2;T)"
956,0.0,0.04579600313927656,-0.018989446918487883,800,10,"[5, 5, 10]","I(M1,M2;T)"
957,0.0,0.07397949466932917,0.008766579275668498,800,10,"[5, 5, 10]","I(M1,M2;T)"
958,0.0,0.05414587213220418,-0.009961554568020857,800,10,"[5, 5, 10]","I(M1,M2;T)"
959,0.0,0.06387725974932222,-0.00021820747561455967,800,10,"[5, 5, 10]","I(M1,M2;T)"
960,0.0,0.09129097702229241,0.027365232187602728,800,10,"[5, 5, 10]","I(M1,M2;T)"
961,0.0,0.06761228085342566,0.003522781128608654,800,10,"[5, 5, 10]","I(M1,M2;T)"
962,0.0,0.06945953558820755,0.004710897694276794,800,10,"[5, 5, 10]","I(M1,M2;T)"
963,0.0,0.06676227441854934,0.0020243178402242767,800,10,"[5, 5, 10]","I(M1,M2;T)"
964,0.0,0.07193736709022458,0.007567369169540275,800,10,"[5, 5, 10]","I(M1,M2;T)"
965,0.0,0.07122529611128026,0.006649555395731893,800,10,"[5, 5, 10]","I(M1,M2;T)"
966,0.0,0.08722346686403526,0.022830593396816687,800,10,"[5, 5, 10]","I(M1,M2;T)"
967,0.0,0.07274776520144707,0.007803220592778118,800,10,"[5, 5, 10]","I(M1,M2;T)"
968,0.0,0.05768619805768048,-0.006337942780754238,800,10,"[5, 5, 10]","I(M1,M2;T)"
969,0.0,0.06692281823599175,0.0023969657867904948,800,10,"[5, 5, 10]","I(M1,M2;T)"
970,0.0,0.05406037361602618,-0.010597578832354834,800,10,"[5, 5, 10]","I(M1,M2;T)"
971,0.0,0.06556536450241957,0.000978316015588343,800,10,"[5, 5, 10]","I(M1,M2;T)"
972,0.0,0.07368904509166219,0.009499330292694202,800,10,"[5, 5, 10]","I(M1,M2;T)"
973,0.0,0.06324555757724395,-0.0013315594714820161,800,10,"[5, 5, 10]","I(M1,M2;T)"
974,0.0,0.06895614908188677,0.004843992029278613,800,10,"[5, 5, 10]","I(M1,M2;T)"
975,0.0,0.06784036473872825,0.003998635217852278,800,10,"[5, 5, 10]","I(M1,M2;T)"
976,0.0,0.09362582397006623,0.02931108864879177,800,10,"[5, 5, 10]","I(M1,M2;T)"
977,0.0,0.050238717402295935,-0.014511667098426662,800,10,"[5, 5, 10]","I(M1,M2;T)"
978,0.0,0.05943610822122906,-0.004813544046648431,800,10,"[5, 5, 10]","I(M1,M2;T)"
979,0.0,0.0574254187494675,-0.006758805108878323,800,10,"[5, 5, 10]","I(M1,M2;T)"
980,0.0,0.06390376995329364,-0.0008124206619406771,800,10,"[5, 5, 10]","I(M1,M2;T)"
981,0.0,0.06109421265142347,-0.003268510153982003,800,10,"[5, 5, 10]","I(M1,M2;T)"
982,0.0,0.05379493499027317,-0.011979561051811957,800,10,"[5, 5, 10]","I(M1,M2;T)"
983,0.0,0.06534274065190775,0.0010724035772181756,800,10,"[5, 5, 10]","I(M1,M2;T)"
984,0.0,0.057223578234974336,-0.007253090281192247,800,10,"[5, 5, 10]","I(M1,M2;T)"
985,0.0,0.05883298325679035,-0.005528264846465923,800,10,"[5, 5, 10]","I(M1,M2;T)"
986,0.0,0.057495490705003593,-0.006865808970617948,800,10,"[5, 5, 10]","I(M1,M2;T)"
987,0.0,0.04507832888188888,-0.01900574265752418,800,10,"[5, 5, 10]","I(M1,M2;T)"
988,0.0,0.07681819692074782,0.012743126022911652,800,10,"[5, 5, 10]","I(M1,M2;T)"
989,0.0,0.05520950632592293,-0.009925237435429377,800,10,"[5, 5, 10]","I(M1,M2;T)"
990,0.0,0.06381033005991188,-0.0008262945276476807,800,10,"[5, 5, 10]","I(M1,M2;T)"
991,0.0,0.061928971500251284,-0.0028900293905056162,800,10,"[5, 5, 10]","I(M1,M2;T)"
992,0.0,0.0449963719310914,-0.019915033540242398,800,10,"[5, 5, 10]","I(M1,M2;T)"
993,0.0,0.0684911061508366,0.0041547810581853695,800,10,"[5, 5, 10]","I(M1,M2;T)"
994,0.0,0.05908388561347078,-0.004708529775845197,800,10,"[5, 5, 10]","I(M1,M2;T)"
995,0.0,0.06052032782016475,-0.0038251243573407326,800,10,"[5, 5, 10]","I(M1,M2;T)"
996,0.0,0.07312593280194465,0.009239662635643853,800,10,"[5, 5, 10]","I(M1,M2;T)"
997,0.0,0.0757656469028124,0.010224942552313335,800,10,"[5, 5, 10]","I(M1,M2;T)"
998,0.0,0.0593721575270957,-0.004792042450670532,800,10,"[5, 5, 10]","I(M1,M2;T)"
999,0.0,0.0582311511320498,-0.006276488493042964,800,10,"[5, 5, 10]","I(M1,M2;T)"
0,0.0,0.19366125711664356,-0.004316554631678349,800,20,"[10, 10, 15]","I(M1,M2;T)"
1,0.0,0.22320572152197568,0.027014825029609113,800,20,"[10, 10, 15]","I(M1,M2;T)"
2,0.0,0.1841650874474256,-0.013808877010815235,800,20,"[10, 10, 15]","I(M1,M2;T)"
3,0.0,0.18269789494666952,-0.01413891959390376,800,20,"[10, 10, 15]","I(M1,M2;T)"
4,0.0,0.1748942053037924,-0.021999043343702812,800,20,"[10, 10, 15]","I(M1,M2;T)"
5,0.0,0.19542720155848292,-0.0020304851900976584,800,20,"[10, 10, 15]","I(M1,M2;T)"
6,0.0,0.17928493309929944,-0.017366085346096266,800,20,"[10, 10, 15]","I(M1,M2;T)"
7,0.0,0.2011414181226768,0.005010431644503405,800,20,"[10, 10, 15]","I(M1,M2;T)"
8,0.0,0.18055910945958514,-0.015707171316968305,800,20,"[10, 10, 15]","I(M1,M2;T)"
9,0.0,0.18842083851739655,-0.008799692648448904,800,20,"[10, 10, 15]","I(M1,M2;T)"
10,0.0,0.18670879155647313,-0.008975650004749258,800,20,"[10, 10, 15]","I(M1,M2;T)"
11,0.0,0.19240760960091305,-0.004675188504048217,800,20,"[10, 10, 15]","I(M1,M2;T)"
12,0.0,0.19586967887170834,-0.0022315080381502816,800,20,"[10, 10, 15]","I(M1,M2;T)"
13,0.0,0.20828071208244958,0.009996719680274685,800,20,"[10, 10, 15]","I(M1,M2;T)"
14,0.0,0.19362128446287957,-0.003257125683872042,800,20,"[10, 10, 15]","I(M1,M2;T)"
15,0.0,0.20394176384875481,0.007415231128128336,800,20,"[10, 10, 15]","I(M1,M2;T)"
16,0.0,0.18990662207232403,-0.006638744885399256,800,20,"[10, 10, 15]","I(M1,M2;T)"
17,0.0,0.18697833440893363,-0.010882483065101367,800,20,"[10, 10, 15]","I(M1,M2;T)"
18,0.0,0.19254276689596492,-0.003780934449370027,800,20,"[10, 10, 15]","I(M1,M2;T)"
19,0.0,0.19679654041558714,-0.0005298597270935179,800,20,"[10, 10, 15]","I(M1,M2;T)"
20,0.0,0.19555900119278932,-0.0001009767613878998,800,20,"[10, 10, 15]","I(M1,M2;T)"
21,0.0,0.18243913222784866,-0.014272484858345952,800,20,"[10, 10, 15]","I(M1,M2;T)"
22,0.0,0.20445860200308802,0.007258303907502817,800,20,"[10, 10, 15]","I(M1,M2;T)"
23,0.0,0.18389401320136614,-0.014087259666356627,800,20,"[10, 10, 15]","I(M1,M2;T)"
24,0.0,0.18219756341014298,-0.014435021689688493,800,20,"[10, 10, 15]","I(M1,M2;T)"
25,0.0,0.16971849339025782,-0.027681704524919887,800,20,"[10, 10, 15]","I(M1,M2;T)"
26,0.0,0.18099417517500127,-0.01664119305659209,800,20,"[10, 10, 15]","I(M1,M2;T)"
27,0.0,0.2202707102097712,0.024461810406571638,800,20,"[10, 10, 15]","I(M1,M2;T)"
28,0.0,0.21753394357299635,0.019478761803999767,800,20,"[10, 10, 15]","I(M1,M2;T)"
29,0.0,0.18020271519090045,-0.015827377640414114,800,20,"[10, 10, 15]","I(M1,M2;T)"
30,0.0,0.19417255373166947,-0.00344161693416295,800,20,"[10, 10, 15]","I(M1,M2;T)"
31,0.0,0.18861595075390314,-0.008006369607771263,800,20,"[10, 10, 15]","I(M1,M2;T)"
32,0.0,0.19753985586448117,0.0005398841389121778,800,20,"[10, 10, 15]","I(M1,M2;T)"
33,0.0,0.16791674695763317,-0.030390348833123,800,20,"[10, 10, 15]","I(M1,M2;T)"
34,0.0,0.18536460350575612,-0.011376823469664787,800,20,"[10, 10, 15]","I(M1,M2;T)"
35,0.0,0.19078255680185097,-0.006111042278409251,800,20,"[10, 10, 15]","I(M1,M2;T)"
36,0.0,0.19683224027683624,-0.0006394540918561453,800,20,"[10, 10, 15]","I(M1,M2;T)"
37,0.0,0.23456956449396166,0.03792214817273473,800,20,"[10, 10, 15]","I(M1,M2;T)"
38,0.0,0.18351277345154443,-0.014985319456957746,800,20,"[10, 10, 15]","I(M1,M2;T)"
39,0.0,0.19374257944702744,-0.002345908050328527,800,20,"[10, 10, 15]","I(M1,M2;T)"
40,0.0,0.18586770748905626,-0.009701970567507379,800,20,"[10, 10, 15]","I(M1,M2;T)"
41,0.0,0.1832905102694249,-0.012763044216269892,800,20,"[10, 10, 15]","I(M1,M2;T)"
42,0.0,0.20912241447856114,0.013721330969367146,800,20,"[10, 10, 15]","I(M1,M2;T)"
43,0.0,0.19090808701247125,-0.0057728568145268555,800,20,"[10, 10, 15]","I(M1,M2;T)"
44,0.0,0.18348953298719733,-0.01165626220642818,800,20,"[10, 10, 15]","I(M1,M2;T)"
45,0.0,0.22183650188190812,0.024445697879885264,800,20,"[10, 10, 15]","I(M1,M2;T)"
46,0.0,0.17813841342195785,-0.018490655972199038,800,20,"[10, 10, 15]","I(M1,M2;T)"
47,0.0,0.20807537815815946,0.011223914846204108,800,20,"[10, 10, 15]","I(M1,M2;T)"
48,0.0,0.21385217057731853,0.015850882525793974,800,20,"[10, 10, 15]","I(M1,M2;T)"
49,0.0,0.20519743594400439,0.008820320697294243,800,20,"[10, 10, 15]","I(M1,M2;T)"
50,0.0,0.20486128674034498,0.008643693319830836,800,20,"[10, 10, 15]","I(M1,M2;T)"
51,0.0,0.20234620795357633,0.005734044663198934,800,20,"[10, 10, 15]","I(M1,M2;T)"
52,0.0,0.2051939707170631,0.009537694212812475,800,20,"[10, 10, 15]","I(M1,M2;T)"
53,0.0,0.18304094439396015,-0.014214267021735755,800,20,"[10, 10, 15]","I(M1,M2;T)"
54,0.0,0.1956629192026944,-0.0012216233294860546,800,20,"[10, 10, 15]","I(M1,M2;T)"
55,0.0,0.18389415609072265,-0.012335164974824037,800,20,"[10, 10, 15]","I(M1,M2;T)"
56,0.0,0.20721378780230093,0.01028484137872146,800,20,"[10, 10, 15]","I(M1,M2;T)"
57,0.0,0.18694621308417603,-0.008920865613621015,800,20,"[10, 10, 15]","I(M1,M2;T)"
58,0.0,0.17516707909706014,-0.021133309200060763,800,20,"[10, 10, 15]","I(M1,M2;T)"
59,0.0,0.18797178134837586,-0.008609875101145359,800,20,"[10, 10, 15]","I(M1,M2;T)"
60,0.0,0.2265308131642057,0.029559117940425456,800,20,"[10, 10, 15]","I(M1,M2;T)"
61,0.0,0.18007045213777884,-0.0173677424959211,800,20,"[10, 10, 15]","I(M1,M2;T)"
62,0.0,0.20914052080114384,0.01292929090686823,800,20,"[10, 10, 15]","I(M1,M2;T)"
63,0.0,0.1799320186829737,-0.016699228026525348,800,20,"[10, 10, 15]","I(M1,M2;T)"
64,0.0,0.1697816684320492,-0.0283382726416552,800,20,"[10, 10, 15]","I(M1,M2;T)"
65,0.0,0.199868330159393,0.0018547620454630598,800,20,"[10, 10, 15]","I(M1,M2;T)"
66,0.0,0.19053465106708406,-0.005834792362565289,800,20,"[10, 10, 15]","I(M1,M2;T)"
67,0.0,0.19945388309957157,0.0016079120467346886,800,20,"[10, 10, 15]","I(M1,M2;T)"
68,0.0,0.19959060971458234,0.0031285489593559923,800,20,"[10, 10, 15]","I(M1,M2;T)"
69,0.0,0.1823329502653943,-0.014940358364857825,800,20,"[10, 10, 15]","I(M1,M2;T)"
70,0.0,0.18568691130454384,-0.012985366453284936,800,20,"[10, 10, 15]","I(M1,M2;T)"
71,0.0,0.17086255724504387,-0.026248630642088988,800,20,"[10, 10, 15]","I(M1,M2;T)"
72,0.0,0.19411032691416097,-0.0030399584200898333,800,20,"[10, 10, 15]","I(M1,M2;T)"
73,0.0,0.19949815152463587,0.0042332984193259315,800,20,"[10, 10, 15]","I(M1,M2;T)"
74,0.0,0.21023778356767808,0.013652914812958022,800,20,"[10, 10, 15]","I(M1,M2;T)"
75,0.0,0.16982221526124092,-0.026601239023324535,800,20,"[10, 10, 15]","I(M1,M2;T)"
76,0.0,0.19481222615365124,-0.0014565546326973378,800,20,"[10, 10, 15]","I(M1,M2;T)"
77,0.0,0.18185279456121506,-0.014505749119293004,800,20,"[10, 10, 15]","I(M1,M2;T)"
78,0.0,0.16549570676441905,-0.03087103300327218,800,20,"[10, 10, 15]","I(M1,M2;T)"
79,0.0,0.21555539369851695,0.018054235004334646,800,20,"[10, 10, 15]","I(M1,M2;T)"
80,0.0,0.18399635343554552,-0.012889833696544145,800,20,"[10, 10, 15]","I(M1,M2;T)"
81,0.0,0.18184362638294294,-0.01536925336051534,800,20,"[10, 10, 15]","I(M1,M2;T)"
82,0.0,0.2057860205261898,0.009824750088562817,800,20,"[10, 10, 15]","I(M1,M2;T)"
83,0.0,0.21989746468917526,0.023383040890084528,800,20,"[10, 10, 15]","I(M1,M2;T)"
84,0.0,0.18178421169489636,-0.015511463872113967,800,20,"[10, 10, 15]","I(M1,M2;T)"
85,0.0,0.20848266994706974,0.011793831743854122,800,20,"[10, 10, 15]","I(M1,M2;T)"
86,0.0,0.19674048691040266,-0.0005484587171814548,800,20,"[10, 10, 15]","I(M1,M2;T)"
87,0.0,0.17234402082073202,-0.024416199434228153,800,20,"[10, 10, 15]","I(M1,M2;T)"
88,0.0,0.21744024514774052,0.01960121800586806,800,20,"[10, 10, 15]","I(M1,M2;T)"
89,0.0,0.18577342665597754,-0.011127947743662298,800,20,"[10, 10, 15]","I(M1,M2;T)"
90,0.0,0.2378789457350407,0.0414996780719282,800,20,"[10, 10, 15]","I(M1,M2;T)"
91,0.0,0.19092737773416246,-0.00514908741913675,800,20,"[10, 10, 15]","I(M1,M2;T)"
92,0.0,0.20132274698460872,0.005057463672155149,800,20,"[10, 10, 15]","I(M1,M2;T)"
93,0.0,0.20634253275938325,0.009246600903176028,800,20,"[10, 10, 15]","I(M1,M2;T)"
94,0.0,0.18168562004930316,-0.01607961894438517,800,20,"[10, 10, 15]","I(M1,M2;T)"
95,0.0,0.19677232298378605,0.0007645374599289101,800,20,"[10, 10, 15]","I(M1,M2;T)"
96,0.0,0.2153177970410042,0.019450928516873772,800,20,"[10, 10, 15]","I(M1,M2;T)"
97,0.0,0.214370235783875,0.016286584460349335,800,20,"[10, 10, 15]","I(M1,M2;T)"
98,0.0,0.1898746629582205,-0.006962027761448608,800,20,"[10, 10, 15]","I(M1,M2;T)"
99,0.0,0.16634843369783306,-0.031475341659708805,800,20,"[10, 10, 15]","I(M1,M2;T)"
100,0.0,0.22750030498569113,0.030785423625030367,800,20,"[10, 10, 15]","I(M1,M2;T)"
101,0.0,0.1750007617626534,-0.021293214464464222,800,20,"[10, 10, 15]","I(M1,M2;T)"
102,0.0,0.1925399757993039,-0.003489829116796128,800,20,"[10, 10, 15]","I(M1,M2;T)"
103,0.0,0.19226753717845085,-0.004055729278085868,800,20,"[10, 10, 15]","I(M1,M2;T)"
104,0.0,0.16848466233470885,-0.027049610344050318,800,20,"[10, 10, 15]","I(M1,M2;T)"
105,0.0,0.19805395336302295,0.002938397823560812,800,20,"[10, 10, 15]","I(M1,M2;T)"
106,0.0,0.17989356811032559,-0.016848484301908134,800,20,"[10, 10, 15]","I(M1,M2;T)"
107,0.0,0.2062145779719614,0.009595840986956927,800,20,"[10, 10, 15]","I(M1,M2;T)"
108,0.0,0.19765702522966827,-0.0013398271514853677,800,20,"[10, 10, 15]","I(M1,M2;T)"
109,0.0,0.21207363872549534,0.015398180953596852,800,20,"[10, 10, 15]","I(M1,M2;T)"
110,0.0,0.1832355865207027,-0.01241343740088241,800,20,"[10, 10, 15]","I(M1,M2;T)"
111,0.0,0.179323941415361,-0.01646589855863234,800,20,"[10, 10, 15]","I(M1,M2;T)"
112,0.0,0.18419748005124625,-0.011566235942633535,800,20,"[10, 10, 15]","I(M1,M2;T)"
113,0.0,0.2070116011238447,0.01152659625311267,800,20,"[10, 10, 15]","I(M1,M2;T)"
114,0.0,0.1629424765252835,-0.03408622573786249,800,20,"[10, 10, 15]","I(M1,M2;T)"
115,0.0,0.16885912001980571,-0.027681806702247125,800,20,"[10, 10, 15]","I(M1,M2;T)"
116,0.0,0.20077464599227374,0.00483306473500944,800,20,"[10, 10, 15]","I(M1,M2;T)"
117,0.0,0.1766063512604989,-0.020273267725486543,800,20,"[10, 10, 15]","I(M1,M2;T)"
118,0.0,0.20494754481959407,0.007543370444188124,800,20,"[10, 10, 15]","I(M1,M2;T)"
119,0.0,0.22408439145786188,0.02752860991516176,800,20,"[10, 10, 15]","I(M1,M2;T)"
120,0.0,0.18033546110471182,-0.01613465330860872,800,20,"[10, 10, 15]","I(M1,M2;T)"
121,0.0,0.1949529809983628,-0.0015698670669774817,800,20,"[10, 10, 15]","I(M1,M2;T)"
122,0.0,0.17699372572992764,-0.01958198382475959,800,20,"[10, 10, 15]","I(M1,M2;T)"
123,0.0,0.1962430147978085,0.0008971768311998585,800,20,"[10, 10, 15]","I(M1,M2;T)"
124,0.0,0.19111595699194373,-0.004897479880063005,800,20,"[10, 10, 15]","I(M1,M2;T)"
125,0.0,0.17662054302440294,-0.01966714736766076,800,20,"[10, 10, 15]","I(M1,M2;T)"
126,0.0,0.19315513383114588,-0.004069617422575139,800,20,"[10, 10, 15]","I(M1,M2;T)"
127,0.0,0.1920681536505882,-0.005653511443690168,800,20,"[10, 10, 15]","I(M1,M2;T)"
128,0.0,0.17933113855040106,-0.017506799998497802,800,20,"[10, 10, 15]","I(M1,M2;T)"
129,0.0,0.19342773934944973,-0.0029830088957540357,800,20,"[10, 10, 15]","I(M1,M2;T)"
130,0.0,0.17213910267451343,-0.024017982582454356,800,20,"[10, 10, 15]","I(M1,M2;T)"
131,0.0,0.1721848865491965,-0.024202677240237225,800,20,"[10, 10, 15]","I(M1,M2;T)"
132,0.0,0.22416932974865814,0.027305016072520866,800,20,"[10, 10, 15]","I(M1,M2;T)"
133,0.0,0.16949255468940638,-0.02711602426311835,800,20,"[10, 10, 15]","I(M1,M2;T)"
134,0.0,0.19640923583517386,0.0001519158659175901,800,20,"[10, 10, 15]","I(M1,M2;T)"
135,0.0,0.1759951377031413,-0.0217083775061305,800,20,"[10, 10, 15]","I(M1,M2;T)"
136,0.0,0.1863150260622971,-0.009309778972492078,800,20,"[10, 10, 15]","I(M1,M2;T)"
137,0.0,0.2082459894171809,0.012875281051926507,800,20,"[10, 10, 15]","I(M1,M2;T)"
138,0.0,0.1759382472646996,-0.021250809282902794,800,20,"[10, 10, 15]","I(M1,M2;T)"
139,0.0,0.1838925670294238,-0.013080729557186782,800,20,"[10, 10, 15]","I(M1,M2;T)"
140,0.0,0.20090073596043767,0.004776528780138678,800,20,"[10, 10, 15]","I(M1,M2;T)"
141,0.0,0.20608182237719147,0.008675691543404918,800,20,"[10, 10, 15]","I(M1,M2;T)"
142,0.0,0.20225012049651403,0.0051214275102293705,800,20,"[10, 10, 15]","I(M1,M2;T)"
143,0.0,0.19946103542757213,0.0017714156034169815,800,20,"[10, 10, 15]","I(M1,M2;T)"
144,0.0,0.18397178338654027,-0.013980658558333442,800,20,"[10, 10, 15]","I(M1,M2;T)"
145,0.0,0.21333639821920036,0.017539811771273145,800,20,"[10, 10, 15]","I(M1,M2;T)"
146,0.0,0.18476601718656907,-0.010967485825735646,800,20,"[10, 10, 15]","I(M1,M2;T)"
147,0.0,0.16733997737808898,-0.03092007697831306,800,20,"[10, 10, 15]","I(M1,M2;T)"
148,0.0,0.19560531175092988,-0.0018977020634279584,800,20,"[10, 10, 15]","I(M1,M2;T)"
149,0.0,0.2180803748876104,0.02167732005944495,800,20,"[10, 10, 15]","I(M1,M2;T)"
150,0.0,0.20283493049813317,0.00694333136031744,800,20,"[10, 10, 15]","I(M1,M2;T)"
151,0.0,0.1827646898667713,-0.013683010264034068,800,20,"[10, 10, 15]","I(M1,M2;T)"
152,0.0,0.2054120386899612,0.008840803889029969,800,20,"[10, 10, 15]","I(M1,M2;T)"
153,0.0,0.1904581354050106,-0.006021900193270702,800,20,"[10, 10, 15]","I(M1,M2;T)"
154,0.0,0.18000926790144609,-0.01731556396356418,800,20,"[10, 10, 15]","I(M1,M2;T)"
155,0.0,0.19097449670275116,-0.006097749144493098,800,20,"[10, 10, 15]","I(M1,M2;T)"
156,0.0,0.18404075579693313,-0.0119068571499919,800,20,"[10, 10, 15]","I(M1,M2;T)"
157,0.0,0.1920963565267675,-0.0046290582259539415,800,20,"[10, 10, 15]","I(M1,M2;T)"
158,0.0,0.2141247299046336,0.018317772885281386,800,20,"[10, 10, 15]","I(M1,M2;T)"
159,0.0,0.18305175830481052,-0.013451805534028471,800,20,"[10, 10, 15]","I(M1,M2;T)"
160,0.0,0.17712385178187162,-0.01999723096503178,800,20,"[10, 10, 15]","I(M1,M2;T)"
161,0.0,0.17802461626604532,-0.02039357670840808,800,20,"[10, 10, 15]","I(M1,M2;T)"
162,0.0,0.20244253372151916,0.00570746419010934,800,20,"[10, 10, 15]","I(M1,M2;T)"
163,0.0,0.19542350968729588,-0.0013708340613139414,800,20,"[10, 10, 15]","I(M1,M2;T)"
164,0.0,0.18337458880820864,-0.012770162232769722,800,20,"[10, 10, 15]","I(M1,M2;T)"
165,0.0,0.21649731510843603,0.019745986937093868,800,20,"[10, 10, 15]","I(M1,M2;T)"
166,0.0,0.1892504112007805,-0.007108274404274306,800,20,"[10, 10, 15]","I(M1,M2;T)"
167,0.0,0.17737278630332226,-0.020515537862744987,800,20,"[10, 10, 15]","I(M1,M2;T)"
168,0.0,0.20275060756529678,0.004934558955316248,800,20,"[10, 10, 15]","I(M1,M2;T)"
169,0.0,0.17941892125533504,-0.01745215366442157,800,20,"[10, 10, 15]","I(M1,M2;T)"
170,0.0,0.20219866704825618,0.005635292221352367,800,20,"[10, 10, 15]","I(M1,M2;T)"
171,0.0,0.18568206217910266,-0.011618981216443058,800,20,"[10, 10, 15]","I(M1,M2;T)"
172,0.0,0.19142154366579103,-0.005441909359617053,800,20,"[10, 10, 15]","I(M1,M2;T)"
173,0.0,0.1786963817473353,-0.020083585597224868,800,20,"[10, 10, 15]","I(M1,M2;T)"
174,0.0,0.20521114560589748,0.00882457189747285,800,20,"[10, 10, 15]","I(M1,M2;T)"
175,0.0,0.21202629316742,0.013730753043123878,800,20,"[10, 10, 15]","I(M1,M2;T)"
176,0.0,0.19309444829803318,-0.0040103505482294854,800,20,"[10, 10, 15]","I(M1,M2;T)"
177,0.0,0.1935844979141455,-0.003927074922322249,800,20,"[10, 10, 15]","I(M1,M2;T)"
178,0.0,0.15831323490113425,-0.038583214681718436,800,20,"[10, 10, 15]","I(M1,M2;T)"
179,0.0,0.18520807047815419,-0.010952864546143498,800,20,"[10, 10, 15]","I(M1,M2;T)"
180,0.0,0.16935692198437086,-0.027882586940528392,800,20,"[10, 10, 15]","I(M1,M2;T)"
181,0.0,0.21408747980013945,0.016859598903844863,800,20,"[10, 10, 15]","I(M1,M2;T)"
182,0.0,0.18449891988540434,-0.01234902292609541,800,20,"[10, 10, 15]","I(M1,M2;T)"
183,0.0,0.1989366060273224,0.0016083742254241196,800,20,"[10, 10, 15]","I(M1,M2;T)"
184,0.0,0.17470084330041893,-0.02247000009194902,800,20,"[10, 10, 15]","I(M1,M2;T)"
185,0.0,0.18405676436372698,-0.012375484341751952,800,20,"[10, 10, 15]","I(M1,M2;T)"
186,0.0,0.209071208508742,0.011496918072402385,800,20,"[10, 10, 15]","I(M1,M2;T)"
187,0.0,0.21331024436665086,0.016967092539206946,800,20,"[10, 10, 15]","I(M1,M2;T)"
188,0.0,0.16044919174713573,-0.03430070210660141,800,20,"[10, 10, 15]","I(M1,M2;T)"
189,0.0,0.206919154051472,0.009093526763208293,800,20,"[10, 10, 15]","I(M1,M2;T)"
190,0.0,0.2089920634675526,0.012026935653033394,800,20,"[10, 10, 15]","I(M1,M2;T)"
191,0.0,0.17650633356965018,-0.02164315680295989,800,20,"[10, 10, 15]","I(M1,M2;T)"
192,0.0,0.19927679643091542,0.0030262583689555367,800,20,"[10, 10, 15]","I(M1,M2;T)"
193,0.0,0.21324716303325625,0.014702655101856754,800,20,"[10, 10, 15]","I(M1,M2;T)"
194,0.0,0.19826251967803588,0.00196166896851957,800,20,"[10, 10, 15]","I(M1,M2;T)"
195,0.0,0.16596477329135426,-0.030660101026214054,800,20,"[10, 10, 15]","I(M1,M2;T)"
196,0.0,0.2005607580528434,0.005988688649392282,800,20,"[10, 10, 15]","I(M1,M2;T)"
197,0.0,0.183247159384326,-0.014208147617310901,800,20,"[10, 10, 15]","I(M1,M2;T)"
198,0.0,0.19301587342104093,-0.003401835668593839,800,20,"[10, 10, 15]","I(M1,M2;T)"
199,0.0,0.1789792939822876,-0.018402442852562123,800,20,"[10, 10, 15]","I(M1,M2;T)"
200,0.0,0.1963237393707942,-0.001309975295047755,800,20,"[10, 10, 15]","I(M1,M2;T)"
201,0.0,0.17108317265005543,-0.02445945937763941,800,20,"[10, 10, 15]","I(M1,M2;T)"
202,0.0,0.17124653213075355,-0.025654039474053314,800,20,"[10, 10, 15]","I(M1,M2;T)"
203,0.0,0.1938014664652734,-0.002307888786087564,800,20,"[10, 10, 15]","I(M1,M2;T)"
204,0.0,0.21208438532488955,0.013667816074481587,800,20,"[10, 10, 15]","I(M1,M2;T)"
205,0.0,0.173973214752572,-0.02239898888071798,800,20,"[10, 10, 15]","I(M1,M2;T)"
206,0.0,0.19945405270354377,0.0022427557249544983,800,20,"[10, 10, 15]","I(M1,M2;T)"
207,0.0,0.2247129550142941,0.027580714420967434,800,20,"[10, 10, 15]","I(M1,M2;T)"
208,0.0,0.19531214352917425,-0.00231116381542662,800,20,"[10, 10, 15]","I(M1,M2;T)"
209,0.0,0.18586291775060443,-0.010215038937123805,800,20,"[10, 10, 15]","I(M1,M2;T)"
210,0.0,0.18555656110882268,-0.011293864485009047,800,20,"[10, 10, 15]","I(M1,M2;T)"
211,0.0,0.23997520882184678,0.043868152699784696,800,20,"[10, 10, 15]","I(M1,M2;T)"
212,0.0,0.19766133778599218,0.0007210070641113508,800,20,"[10, 10, 15]","I(M1,M2;T)"
213,0.0,0.1722688849911314,-0.025431689120692297,800,20,"[10, 10, 15]","I(M1,M2;T)"
214,0.0,0.18146719051251226,-0.01432832011542809,800,20,"[10, 10, 15]","I(M1,M2;T)"
215,0.0,0.18241486712655486,-0.014459329971495627,800,20,"[10, 10, 15]","I(M1,M2;T)"
216,0.0,0.1682808342744582,-0.028357497865317105,800,20,"[10, 10, 15]","I(M1,M2;T)"
217,0.0,0.17891387179182816,-0.017389023461874153,800,20,"[10, 10, 15]","I(M1,M2;T)"
218,0.0,0.18488833907398852,-0.012609500472265583,800,20,"[10, 10, 15]","I(M1,M2;T)"
219,0.0,0.1834091245937364,-0.01228636485195983,800,20,"[10, 10, 15]","I(M1,M2;T)"
220,0.0,0.19049101409835045,-0.005890571102921516,800,20,"[10, 10, 15]","I(M1,M2;T)"
221,0.0,0.18635497971560713,-0.009602376627365128,800,20,"[10, 10, 15]","I(M1,M2;T)"
222,0.0,0.22301914959997446,0.026380496462419356,800,20,"[10, 10, 15]","I(M1,M2;T)"
223,0.0,0.20561245128256705,0.010191981880983692,800,20,"[10, 10, 15]","I(M1,M2;T)"
224,0.0,0.17752813616731913,-0.019646599423445238,800,20,"[10, 10, 15]","I(M1,M2;T)"
225,0.0,0.2021888346443859,0.0048296431795298855,800,20,"[10, 10, 15]","I(M1,M2;T)"
226,0.0,0.17162884636607667,-0.026616623213218366,800,20,"[10, 10, 15]","I(M1,M2;T)"
227,0.0,0.19556009989460976,-0.00014302634072932419,800,20,"[10, 10, 15]","I(M1,M2;T)"
228,0.0,0.18599464826464482,-0.01093901940905001,800,20,"[10, 10, 15]","I(M1,M2;T)"
229,0.0,0.2120493739392011,0.01549945576239889,800,20,"[10, 10, 15]","I(M1,M2;T)"
230,0.0,0.21224273489401663,0.014422098133136885,800,20,"[10, 10, 15]","I(M1,M2;T)"
231,0.0,0.1966434027146778,0.0007313671746704553,800,20,"[10, 10, 15]","I(M1,M2;T)"
232,0.0,0.19768408393036213,0.0011061832354192502,800,20,"[10, 10, 15]","I(M1,M2;T)"
233,0.0,0.2027959292359554,0.006248781967356232,800,20,"[10, 10, 15]","I(M1,M2;T)"
234,0.0,0.20965354098743086,0.012104347809866023,800,20,"[10, 10, 15]","I(M1,M2;T)"
235,0.0,0.16768613393197976,-0.029978957472246437,800,20,"[10, 10, 15]","I(M1,M2;T)"
236,0.0,0.20708573420243515,0.010213298686478828,800,20,"[10, 10, 15]","I(M1,M2;T)"
237,0.0,0.16252661722833422,-0.034819116171435516,800,20,"[10, 10, 15]","I(M1,M2;T)"
238,0.0,0.1926751007779549,-0.005556453928288796,800,20,"[10, 10, 15]","I(M1,M2;T)"
239,0.0,0.19565632313975515,-0.0006948391287740219,800,20,"[10, 10, 15]","I(M1,M2;T)"
240,0.0,0.2182802561335287,0.02228577689929656,800,20,"[10, 10, 15]","I(M1,M2;T)"
241,0.0,0.1820049242421729,-0.014831870653898155,800,20,"[10, 10, 15]","I(M1,M2;T)"
242,0.0,0.17758949658541354,-0.019916904127349144,800,20,"[10, 10, 15]","I(M1,M2;T)"
243,0.0,0.18146635065188363,-0.015804916933311708,800,20,"[10, 10, 15]","I(M1,M2;T)"
244,0.0,0.16415825643525733,-0.03208189020232233,800,20,"[10, 10, 15]","I(M1,M2;T)"
245,0.0,0.20249398821455955,0.0063929853530620695,800,20,"[10, 10, 15]","I(M1,M2;T)"
246,0.0,0.17877207313472757,-0.017693186099941416,800,20,"[10, 10, 15]","I(M1,M2;T)"
247,0.0,0.2051359148723223,0.0076274148833102295,800,20,"[10, 10, 15]","I(M1,M2;T)"
248,0.0,0.1928463468453709,-0.004251019253721927,800,20,"[10, 10, 15]","I(M1,M2;T)"
249,0.0,0.18224440983828255,-0.01359476635689888,800,20,"[10, 10, 15]","I(M1,M2;T)"
250,0.0,0.17427307675115616,-0.02416277928494484,800,20,"[10, 10, 15]","I(M1,M2;T)"
251,0.0,0.19215170352188768,-0.005220139811980384,800,20,"[10, 10, 15]","I(M1,M2;T)"
252,0.0,0.19353394664342854,-0.002768337308759611,800,20,"[10, 10, 15]","I(M1,M2;T)"
253,0.0,0.19522435563683108,-0.0007503131555920695,800,20,"[10, 10, 15]","I(M1,M2;T)"
254,0.0,0.1915303677567027,-0.005427792602376719,800,20,"[10, 10, 15]","I(M1,M2;T)"
255,0.0,0.18614399403448817,-0.011083105369605717,800,20,"[10, 10, 15]","I(M1,M2;T)"
256,0.0,0.20089337832714532,0.004117499003221475,800,20,"[10, 10, 15]","I(M1,M2;T)"
257,0.0,0.1857725595283831,-0.010522240011521411,800,20,"[10, 10, 15]","I(M1,M2;T)"
258,0.0,0.2071633178453045,0.010505075640395378,800,20,"[10, 10, 15]","I(M1,M2;T)"
259,0.0,0.21022188947351972,0.01346629162086943,800,20,"[10, 10, 15]","I(M1,M2;T)"
260,0.0,0.18026233819516252,-0.016773078821201326,800,20,"[10, 10, 15]","I(M1,M2;T)"
261,0.0,0.18622964178206794,-0.010230340648018338,800,20,"[10, 10, 15]","I(M1,M2;T)"
262,0.0,0.1739736598674541,-0.02322831748907689,800,20,"[10, 10, 15]","I(M1,M2;T)"
263,0.0,0.1993860800356295,0.0018263465808689427,800,20,"[10, 10, 15]","I(M1,M2;T)"
264,0.0,0.1844755945153805,-0.0126562887226562,800,20,"[10, 10, 15]","I(M1,M2;T)"
265,0.0,0.18725972003663224,-0.0100201651342057,800,20,"[10, 10, 15]","I(M1,M2;T)"
266,0.0,0.18281506798648262,-0.01410609865673998,800,20,"[10, 10, 15]","I(M1,M2;T)"
267,0.0,0.20307312687369186,0.006170384471054641,800,20,"[10, 10, 15]","I(M1,M2;T)"
268,0.0,0.18268583087327483,-0.013292001850921664,800,20,"[10, 10, 15]","I(M1,M2;T)"
269,0.0,0.18720257045980992,-0.011225405580069986,800,20,"[10, 10, 15]","I(M1,M2;T)"
270,0.0,0.1843149330228646,-0.013174943224146418,800,20,"[10, 10, 15]","I(M1,M2;T)"
271,0.0,0.20525141525326893,0.008646716826831158,800,20,"[10, 10, 15]","I(M1,M2;T)"
272,0.0,0.18830308650022776,-0.008885711523235418,800,20,"[10, 10, 15]","I(M1,M2;T)"
273,0.0,0.19944413800818395,0.0037962354575597768,800,20,"[10, 10, 15]","I(M1,M2;T)"
274,0.0,0.17656488265163972,-0.01861783851133561,800,20,"[10, 10, 15]","I(M1,M2;T)"
275,0.0,0.1869097508368464,-0.010121798598327958,800,20,"[10, 10, 15]","I(M1,M2;T)"
276,0.0,0.21835895273247324,0.022512837989297763,800,20,"[10, 10, 15]","I(M1,M2;T)"
277,0.0,0.20640497412508718,0.008431567672172235,800,20,"[10, 10, 15]","I(M1,M2;T)"
278,0.0,0.19821287135693882,0.0018541163868988908,800,20,"[10, 10, 15]","I(M1,M2;T)"
279,0.0,0.2107982545790124,0.014904205122877323,800,20,"[10, 10, 15]","I(M1,M2;T)"
280,0.0,0.1775172505738299,-0.018747654863184304,800,20,"[10, 10, 15]","I(M1,M2;T)"
281,0.0,0.1775736195702761,-0.018547289974939957,800,20,"[10, 10, 15]","I(M1,M2;T)"
282,0.0,0.2057750644805261,0.010051847862418695,800,20,"[10, 10, 15]","I(M1,M2;T)"
283,0.0,0.20272586237219786,0.006436963296403392,800,20,"[10, 10, 15]","I(M1,M2;T)"
284,0.0,0.17417249843087057,-0.02291261276704054,800,20,"[10, 10, 15]","I(M1,M2;T)"
285,0.0,0.1862860578050629,-0.008938589061416119,800,20,"[10, 10, 15]","I(M1,M2;T)"
286,0.0,0.193748019690746,-0.0042382152309352605,800,20,"[10, 10, 15]","I(M1,M2;T)"
287,0.0,0.21129909879847825,0.015025464602558214,800,20,"[10, 10, 15]","I(M1,M2;T)"
288,0.0,0.20806779165032885,0.012270386237779096,800,20,"[10, 10, 15]","I(M1,M2;T)"
289,0.0,0.21993425963719054,0.023648720980172122,800,20,"[10, 10, 15]","I(M1,M2;T)"
290,0.0,0.16313805595451888,-0.03419663915907667,800,20,"[10, 10, 15]","I(M1,M2;T)"
291,0.0,0.18183838237472333,-0.01531367552188484,800,20,"[10, 10, 15]","I(M1,M2;T)"
292,0.0,0.2056474977291748,0.009144932820094098,800,20,"[10, 10, 15]","I(M1,M2;T)"
293,0.0,0.1970174161022458,0.0010371298970435205,800,20,"[10, 10, 15]","I(M1,M2;T)"
294,0.0,0.21384716537092174,0.01666778597293625,800,20,"[10, 10, 15]","I(M1,M2;T)"
295,0.0,0.19142242396398162,-0.005285925530355728,800,20,"[10, 10, 15]","I(M1,M2;T)"
296,0.0,0.15028657417673372,-0.046962305571888824,800,20,"[10, 10, 15]","I(M1,M2;T)"
297,0.0,0.21809786704278522,0.021216472876704168,800,20,"[10, 10, 15]","I(M1,M2;T)"
298,0.0,0.17152775469716092,-0.02524444822597896,800,20,"[10, 10, 15]","I(M1,M2;T)"
299,0.0,0.18974059480486288,-0.007413614659933038,800,20,"[10, 10, 15]","I(M1,M2;T)"
300,0.0,0.19040025861178628,-0.007484140604861023,800,20,"[10, 10, 15]","I(M1,M2;T)"
301,0.0,0.17587949098602088,-0.020952534368119613,800,20,"[10, 10, 15]","I(M1,M2;T)"
302,0.0,0.18184355730863322,-0.014837397601261876,800,20,"[10, 10, 15]","I(M1,M2;T)"
303,0.0,0.1943679174138313,-0.0024092068284523593,800,20,"[10, 10, 15]","I(M1,M2;T)"
304,0.0,0.18481538409024934,-0.011822294028847713,800,20,"[10, 10, 15]","I(M1,M2;T)"
305,0.0,0.20810852959068277,0.010727847887393671,800,20,"[10, 10, 15]","I(M1,M2;T)"
306,0.0,0.1749050905540712,-0.022808882430263855,800,20,"[10, 10, 15]","I(M1,M2;T)"
307,0.0,0.20573672172161622,0.008986817981231798,800,20,"[10, 10, 15]","I(M1,M2;T)"
308,0.0,0.17968653352640399,-0.017491594543444317,800,20,"[10, 10, 15]","I(M1,M2;T)"
309,0.0,0.2103377855523292,0.012973868828297486,800,20,"[10, 10, 15]","I(M1,M2;T)"
310,0.0,0.19447097703723182,-0.001956274683073217,800,20,"[10, 10, 15]","I(M1,M2;T)"
311,0.0,0.19846818592751841,0.0013226609866642813,800,20,"[10, 10, 15]","I(M1,M2;T)"
312,0.0,0.20137604874242654,0.004348934107146124,800,20,"[10, 10, 15]","I(M1,M2;T)"
313,0.0,0.1981245965393065,0.0005490855775631687,800,20,"[10, 10, 15]","I(M1,M2;T)"
314,0.0,0.1665841562406116,-0.030690518955166085,800,20,"[10, 10, 15]","I(M1,M2;T)"
315,0.0,0.18699293653655819,-0.009207973527214225,800,20,"[10, 10, 15]","I(M1,M2;T)"
316,0.0,0.17424697270982842,-0.0228809462575168,800,20,"[10, 10, 15]","I(M1,M2;T)"
317,0.0,0.1908103002724616,-0.005850039689481751,800,20,"[10, 10, 15]","I(M1,M2;T)"
318,0.0,0.1745922321805382,-0.022662709745746745,800,20,"[10, 10, 15]","I(M1,M2;T)"
319,0.0,0.19253065211840015,-0.005454771435111444,800,20,"[10, 10, 15]","I(M1,M2;T)"
320,0.0,0.2093349720414196,0.010821338175886597,800,20,"[10, 10, 15]","I(M1,M2;T)"
321,0.0,0.17719260721987257,-0.01936284440655281,800,20,"[10, 10, 15]","I(M1,M2;T)"
322,0.0,0.19889898815199475,0.0026576312200124186,800,20,"[10, 10, 15]","I(M1,M2;T)"
323,0.0,0.20096267237148163,0.004233616788191202,800,20,"[10, 10, 15]","I(M1,M2;T)"
324,0.0,0.19468491556009937,-0.0009699177241798695,800,20,"[10, 10, 15]","I(M1,M2;T)"
325,0.0,0.1996758305568452,0.0029783293861102844,800,20,"[10, 10, 15]","I(M1,M2;T)"
326,0.0,0.2013641484823636,0.004707442835961223,800,20,"[10, 10, 15]","I(M1,M2;T)"
327,0.0,0.17236541992752702,-0.02380964907715241,800,20,"[10, 10, 15]","I(M1,M2;T)"
328,0.0,0.19609446225024912,-0.00012418233587679905,800,20,"[10, 10, 15]","I(M1,M2;T)"
329,0.0,0.17866032541963245,-0.016364616914763153,800,20,"[10, 10, 15]","I(M1,M2;T)"
330,0.0,0.17967910690167535,-0.016514727195773987,800,20,"[10, 10, 15]","I(M1,M2;T)"
331,0.0,0.2305627143095761,0.033706329737245216,800,20,"[10, 10, 15]","I(M1,M2;T)"
332,0.0,0.2045953234566246,0.00923296837218282,800,20,"[10, 10, 15]","I(M1,M2;T)"
333,0.0,0.18087285270326525,-0.016258429505174365,800,20,"[10, 10, 15]","I(M1,M2;T)"
334,0.0,0.20169693990380388,0.005607531266316634,800,20,"[10, 10, 15]","I(M1,M2;T)"
335,0.0,0.2090090598983303,0.011693108650095763,800,20,"[10, 10, 15]","I(M1,M2;T)"
336,0.0,0.17930098800409994,-0.016719251143841346,800,20,"[10, 10, 15]","I(M1,M2;T)"
337,0.0,0.19146007265333426,-0.0051688988677277,800,20,"[10, 10, 15]","I(M1,M2;T)"
338,0.0,0.18726293597242505,-0.008891503386292271,800,20,"[10, 10, 15]","I(M1,M2;T)"
339,0.0,0.18635802378173855,-0.009243222404116125,800,20,"[10, 10, 15]","I(M1,M2;T)"
340,0.0,0.1972476660648789,-0.00012025121547978856,800,20,"[10, 10, 15]","I(M1,M2;T)"
341,0.0,0.19747586021121497,0.0015823790225650836,800,20,"[10, 10, 15]","I(M1,M2;T)"
342,0.0,0.2039164300581428,0.006093867754140531,800,20,"[10, 10, 15]","I(M1,M2;T)"
343,0.0,0.18454769124924686,-0.01188708536937827,800,20,"[10, 10, 15]","I(M1,M2;T)"
344,0.0,0.16714041374191524,-0.02981247689315983,800,20,"[10, 10, 15]","I(M1,M2;T)"
345,0.0,0.1780737398234018,-0.018766253601654653,800,20,"[10, 10, 15]","I(M1,M2;T)"
346,0.0,0.18865048387256156,-0.010011137498894707,800,20,"[10, 10, 15]","I(M1,M2;T)"
347,0.0,0.16701055074075352,-0.030107246147185546,800,20,"[10, 10, 15]","I(M1,M2;T)"
348,0.0,0.17056488665660344,-0.025370432679989757,800,20,"[10, 10, 15]","I(M1,M2;T)"
349,0.0,0.16879990214582946,-0.027992848667607956,800,20,"[10, 10, 15]","I(M1,M2;T)"
350,0.0,0.1844218709064036,-0.012894584094620326,800,20,"[10, 10, 15]","I(M1,M2;T)"
351,0.0,0.17726012400922994,-0.019831431315599307,800,20,"[10, 10, 15]","I(M1,M2;T)"
352,0.0,0.18226237824021338,-0.015549385676493055,800,20,"[10, 10, 15]","I(M1,M2;T)"
353,0.0,0.20982746368784969,0.013249868515537971,800,20,"[10, 10, 15]","I(M1,M2;T)"
354,0.0,0.1883832671088372,-0.008560760645769772,800,20,"[10, 10, 15]","I(M1,M2;T)"
355,0.0,0.1835528395181544,-0.014289056238890319,800,20,"[10, 10, 15]","I(M1,M2;T)"
356,0.0,0.17658593836020595,-0.020516924084953342,800,20,"[10, 10, 15]","I(M1,M2;T)"
357,0.0,0.18898173805718804,-0.00888096386309789,800,20,"[10, 10, 15]","I(M1,M2;T)"
358,0.0,0.2081091499926908,0.012242534098818897,800,20,"[10, 10, 15]","I(M1,M2;T)"
359,0.0,0.2058810640169006,0.009496602404612753,800,20,"[10, 10, 15]","I(M1,M2;T)"
360,0.0,0.19780901228865286,0.00024406850717603734,800,20,"[10, 10, 15]","I(M1,M2;T)"
361,0.0,0.19107018859553349,-0.004535751046704922,800,20,"[10, 10, 15]","I(M1,M2;T)"
362,0.0,0.17696518292954208,-0.020523745339377675,800,20,"[10, 10, 15]","I(M1,M2;T)"
363,0.0,0.17548796138514597,-0.02115469856950819,800,20,"[10, 10, 15]","I(M1,M2;T)"
364,0.0,0.18830748349621645,-0.008488726750016884,800,20,"[10, 10, 15]","I(M1,M2;T)"
365,0.0,0.200004534669023,0.003221298528904487,800,20,"[10, 10, 15]","I(M1,M2;T)"
366,0.0,0.19633927169726748,-0.0003993657279904861,800,20,"[10, 10, 15]","I(M1,M2;T)"
367,0.0,0.18887414964916271,-0.007829368211242388,800,20,"[10, 10, 15]","I(M1,M2;T)"
368,0.0,0.18505147686609608,-0.011891294656838136,800,20,"[10, 10, 15]","I(M1,M2;T)"
369,0.0,0.1992212735450623,0.002722616398743549,800,20,"[10, 10, 15]","I(M1,M2;T)"
370,0.0,0.18891873756632205,-0.007684375047125158,800,20,"[10, 10, 15]","I(M1,M2;T)"
371,0.0,0.19782242795062904,0.00038148266860968394,800,20,"[10, 10, 15]","I(M1,M2;T)"
372,0.0,0.20929616161886444,0.013069310081520263,800,20,"[10, 10, 15]","I(M1,M2;T)"
373,0.0,0.19057209471456799,-0.006786563320499039,800,20,"[10, 10, 15]","I(M1,M2;T)"
374,0.0,0.1945212386379881,-0.002361892460424786,800,20,"[10, 10, 15]","I(M1,M2;T)"
375,0.0,0.18059486831516203,-0.015404783909241215,800,20,"[10, 10, 15]","I(M1,M2;T)"
376,0.0,0.17492645407241972,-0.020332711693900107,800,20,"[10, 10, 15]","I(M1,M2;T)"
377,0.0,0.21940251010975523,0.02251993393537033,800,20,"[10, 10, 15]","I(M1,M2;T)"
378,0.0,0.17728692814698263,-0.018943116719929765,800,20,"[10, 10, 15]","I(M1,M2;T)"
379,0.0,0.1946249181252847,-0.0024111504257931238,800,20,"[10, 10, 15]","I(M1,M2;T)"
380,0.0,0.18392199851277363,-0.013025514763482349,800,20,"[10, 10, 15]","I(M1,M2;T)"
381,0.0,0.18686930560010476,-0.010488037365941033,800,20,"[10, 10, 15]","I(M1,M2;T)"
382,0.0,0.1559402262949982,-0.03904091310911381,800,20,"[10, 10, 15]","I(M1,M2;T)"
383,0.0,0.17636938535314,-0.019600637236977886,800,20,"[10, 10, 15]","I(M1,M2;T)"
384,0.0,0.1817512197527857,-0.014947158708769365,800,20,"[10, 10, 15]","I(M1,M2;T)"
385,0.0,0.22044878649265728,0.02411778377167026,800,20,"[10, 10, 15]","I(M1,M2;T)"
386,0.0,0.19870362349880866,0.001713947698408158,800,20,"[10, 10, 15]","I(M1,M2;T)"
387,0.0,0.20935999773513933,0.012722619009010033,800,20,"[10, 10, 15]","I(M1,M2;T)"
388,0.0,0.20143693912772093,0.004967778628131081,800,20,"[10, 10, 15]","I(M1,M2;T)"
389,0.0,0.18425203966094614,-0.014502513382718296,800,20,"[10, 10, 15]","I(M1,M2;T)"
390,0.0,0.20575747082684395,0.009435912970235272,800,20,"[10, 10, 15]","I(M1,M2;T)"
391,0.0,0.19187944602942691,-0.0058052718787375834,800,20,"[10, 10, 15]","I(M1,M2;T)"
392,0.0,0.2297746058436463,0.032591975201184176,800,20,"[10, 10, 15]","I(M1,M2;T)"
393,0.0,0.22696379601590358,0.03034447706790147,800,20,"[10, 10, 15]","I(M1,M2;T)"
394,0.0,0.1718417228962955,-0.02435095668635337,800,20,"[10, 10, 15]","I(M1,M2;T)"
395,0.0,0.1733204404763815,-0.022544844087422466,800,20,"[10, 10, 15]","I(M1,M2;T)"
396,0.0,0.1906127774705371,-0.005668348838150372,800,20,"[10, 10, 15]","I(M1,M2;T)"
397,0.0,0.19849381021014667,0.00315444910741966,800,20,"[10, 10, 15]","I(M1,M2;T)"
398,0.0,0.1721961288287476,-0.02374678739940081,800,20,"[10, 10, 15]","I(M1,M2;T)"
399,0.0,0.20784719523554365,0.010680519119490528,800,20,"[10, 10, 15]","I(M1,M2;T)"
400,0.0,0.22109317372145676,0.022073464794392622,800,20,"[10, 10, 15]","I(M1,M2;T)"
401,0.0,0.17198401776031255,-0.02407359913928092,800,20,"[10, 10, 15]","I(M1,M2;T)"
402,0.0,0.17431388930284347,-0.022575589787358796,800,20,"[10, 10, 15]","I(M1,M2;T)"
403,0.0,0.191967394175536,-0.006053226926945182,800,20,"[10, 10, 15]","I(M1,M2;T)"
404,0.0,0.18193726714953057,-0.015027808132011683,800,20,"[10, 10, 15]","I(M1,M2;T)"
405,0.0,0.17254073514233512,-0.024324651265305863,800,20,"[10, 10, 15]","I(M1,M2;T)"
406,0.0,0.1971812894661429,0.0007569675526375996,800,20,"[10, 10, 15]","I(M1,M2;T)"
407,0.0,0.17164799128266364,-0.025774569696798227,800,20,"[10, 10, 15]","I(M1,M2;T)"
408,0.0,0.18884756924558302,-0.007734061203126641,800,20,"[10, 10, 15]","I(M1,M2;T)"
409,0.0,0.2016255595177717,0.004401354759533654,800,20,"[10, 10, 15]","I(M1,M2;T)"
410,0.0,0.18178378610060944,-0.01522529972699968,800,20,"[10, 10, 15]","I(M1,M2;T)"
411,0.0,0.1565256871401387,-0.04133410155462583,800,20,"[10, 10, 15]","I(M1,M2;T)"
412,0.0,0.17957962998818555,-0.016335186360637327,800,20,"[10, 10, 15]","I(M1,M2;T)"
413,0.0,0.21580141910927858,0.019989733898369305,800,20,"[10, 10, 15]","I(M1,M2;T)"
414,0.0,0.1861650021212388,-0.011404251907795732,800,20,"[10, 10, 15]","I(M1,M2;T)"
415,0.0,0.18364548424113045,-0.0135426101569118,800,20,"[10, 10, 15]","I(M1,M2;T)"
416,0.0,0.1626283141404593,-0.03306713611775744,800,20,"[10, 10, 15]","I(M1,M2;T)"
417,0.0,0.18464435862993078,-0.012177902288213277,800,20,"[10, 10, 15]","I(M1,M2;T)"
418,0.0,0.20630499384844586,0.009049855216673314,800,20,"[10, 10, 15]","I(M1,M2;T)"
419,0.0,0.21635069754165115,0.018273623476194212,800,20,"[10, 10, 15]","I(M1,M2;T)"
420,0.0,0.1946406625619907,-0.0016776824776473243,800,20,"[10, 10, 15]","I(M1,M2;T)"
421,0.0,0.19112129126404748,-0.004544455376245177,800,20,"[10, 10, 15]","I(M1,M2;T)"
422,0.0,0.193483788283644,-0.003628817431022252,800,20,"[10, 10, 15]","I(M1,M2;T)"
423,0.0,0.17239085276997726,-0.023949348997369807,800,20,"[10, 10, 15]","I(M1,M2;T)"
424,0.0,0.19855437350054392,0.0008516276735282824,800,20,"[10, 10, 15]","I(M1,M2;T)"
425,0.0,0.18093025832470705,-0.014616462636056343,800,20,"[10, 10, 15]","I(M1,M2;T)"
426,0.0,0.21699234768810846,0.019319951027572946,800,20,"[10, 10, 15]","I(M1,M2;T)"
427,0.0,0.18863667796628714,-0.008847579004524958,800,20,"[10, 10, 15]","I(M1,M2;T)"
428,0.0,0.19311002800654037,-0.002770203898303264,800,20,"[10, 10, 15]","I(M1,M2;T)"
429,0.0,0.17882185042523102,-0.01893398711648686,800,20,"[10, 10, 15]","I(M1,M2;T)"
430,0.0,0.1987774387675887,0.0015078996745595818,800,20,"[10, 10, 15]","I(M1,M2;T)"
431,0.0,0.17784251043295707,-0.019815963016840077,800,20,"[10, 10, 15]","I(M1,M2;T)"
432,0.0,0.19365155810537896,-0.0032778216643206126,800,20,"[10, 10, 15]","I(M1,M2;T)"
433,0.0,0.22239257630098203,0.02458414461741329,800,20,"[10, 10, 15]","I(M1,M2;T)"
434,0.0,0.19409793954975868,-0.0017541230963372678,800,20,"[10, 10, 15]","I(M1,M2;T)"
435,0.0,0.2066698620703891,0.010322025418067649,800,20,"[10, 10, 15]","I(M1,M2;T)"
436,0.0,0.20834208388489733,0.012290172276713612,800,20,"[10, 10, 15]","I(M1,M2;T)"
437,0.0,0.1969309929129198,0.0005012574775305756,800,20,"[10, 10, 15]","I(M1,M2;T)"
438,0.0,0.1915953495112766,-0.004926285828118382,800,20,"[10, 10, 15]","I(M1,M2;T)"
439,0.0,0.18431647479841856,-0.012516221307570852,800,20,"[10, 10, 15]","I(M1,M2;T)"
440,0.0,0.19776186318446062,0.0004876724332133209,800,20,"[10, 10, 15]","I(M1,M2;T)"
441,0.0,0.1658065575518272,-0.030511444880051808,800,20,"[10, 10, 15]","I(M1,M2;T)"
442,0.0,0.22701351890596516,0.031002491518998504,800,20,"[10, 10, 15]","I(M1,M2;T)"
443,0.0,0.2014595137106568,0.004169710746785099,800,20,"[10, 10, 15]","I(M1,M2;T)"
444,0.0,0.18899018694387987,-0.006792195919438193,800,20,"[10, 10, 15]","I(M1,M2;T)"
445,0.0,0.19698371312760501,0.00040989187929033055,800,20,"[10, 10, 15]","I(M1,M2;T)"
446,0.0,0.1781226451932922,-0.019214242778876622,800,20,"[10, 10, 15]","I(M1,M2;T)"
447,0.0,0.1920838739547719,-0.004682507894133825,800,20,"[10, 10, 15]","I(M1,M2;T)"
448,0.0,0.18970620691178397,-0.006190893438221712,800,20,"[10, 10, 15]","I(M1,M2;T)"
449,0.0,0.17840536300957843,-0.0188121839271016,800,20,"[10, 10, 15]","I(M1,M2;T)"
450,0.0,0.1836151303765709,-0.014368801889471455,800,20,"[10, 10, 15]","I(M1,M2;T)"
451,0.0,0.16146511072997569,-0.034992900508214714,800,20,"[10, 10, 15]","I(M1,M2;T)"
452,0.0,0.19225788987273917,-0.004252441350293512,800,20,"[10, 10, 15]","I(M1,M2;T)"
453,0.0,0.1852695038977868,-0.012491446730630823,800,20,"[10, 10, 15]","I(M1,M2;T)"
454,0.0,0.20828967369902768,0.012187939971863848,800,20,"[10, 10, 15]","I(M1,M2;T)"
455,0.0,0.18743266139143364,-0.009210325809309111,800,20,"[10, 10, 15]","I(M1,M2;T)"
456,0.0,0.20447702217087604,0.007831345509626941,800,20,"[10, 10, 15]","I(M1,M2;T)"
457,0.0,0.1824819622314633,-0.014934029883568706,800,20,"[10, 10, 15]","I(M1,M2;T)"
458,0.0,0.17672556684634289,-0.020333314407233294,800,20,"[10, 10, 15]","I(M1,M2;T)"
459,0.0,0.17800112232984638,-0.017728167747479345,800,20,"[10, 10, 15]","I(M1,M2;T)"
460,0.0,0.1993985754928731,0.0033597683830652314,800,20,"[10, 10, 15]","I(M1,M2;T)"
461,0.0,0.2003765360931712,0.004505270413105444,800,20,"[10, 10, 15]","I(M1,M2;T)"
462,0.0,0.17641402937619666,-0.020754036783282914,800,20,"[10, 10, 15]","I(M1,M2;T)"
463,0.0,0.18024007176809168,-0.01607305327257111,800,20,"[10, 10, 15]","I(M1,M2;T)"
464,0.0,0.18107883002603267,-0.01592418507956228,800,20,"[10, 10, 15]","I(M1,M2;T)"
465,0.0,0.17806568132756617,-0.01856802051552453,800,20,"[10, 10, 15]","I(M1,M2;T)"
466,0.0,0.1906789934536764,-0.005883949633765234,800,20,"[10, 10, 15]","I(M1,M2;T)"
467,0.0,0.18912257628953766,-0.008383222796874978,800,20,"[10, 10, 15]","I(M1,M2;T)"
468,0.0,0.17718827107318919,-0.018332935157097358,800,20,"[10, 10, 15]","I(M1,M2;T)"
469,0.0,0.2027963818846763,0.005739001796517262,800,20,"[10, 10, 15]","I(M1,M2;T)"
470,0.0,0.21349340542274403,0.01680124542813699,800,20,"[10, 10, 15]","I(M1,M2;T)"
471,0.0,0.17452409022829418,-0.02223388641645957,800,20,"[10, 10, 15]","I(M1,M2;T)"
472,0.0,0.17148966717357464,-0.024301695154812508,800,20,"[10, 10, 15]","I(M1,M2;T)"
473,0.0,0.16623124722288182,-0.031312136128052226,800,20,"[10, 10, 15]","I(M1,M2;T)"
474,0.0,0.183505162239895,-0.014536975159379378,800,20,"[10, 10, 15]","I(M1,M2;T)"
475,0.0,0.1866787890202829,-0.011235816468510462,800,20,"[10, 10, 15]","I(M1,M2;T)"
476,0.0,0.20557680532615288,0.00903399276080541,800,20,"[10, 10, 15]","I(M1,M2;T)"
477,0.0,0.21847996256588886,0.021108481632156312,800,20,"[10, 10, 15]","I(M1,M2;T)"
478,0.0,0.22285639691961118,0.027090443788927304,800,20,"[10, 10, 15]","I(M1,M2;T)"
479,0.0,0.17731341426034006,-0.019171299421322258,800,20,"[10, 10, 15]","I(M1,M2;T)"
480,0.0,0.19661313420040769,-0.0018395068751330679,800,20,"[10, 10, 15]","I(M1,M2;T)"
481,0.0,0.20491027324055466,0.008175124384601551,800,20,"[10, 10, 15]","I(M1,M2;T)"
482,0.0,0.1997163589080497,0.0021282499870011184,800,20,"[10, 10, 15]","I(M1,M2;T)"
483,0.0,0.2244227947595242,0.029349898173782307,800,20,"[10, 10, 15]","I(M1,M2;T)"
484,0.0,0.19367585820480065,-0.003302845506778951,800,20,"[10, 10, 15]","I(M1,M2;T)"
485,0.0,0.19000941460536241,-0.007077996161012873,800,20,"[10, 10, 15]","I(M1,M2;T)"
486,0.0,0.23296365423527451,0.03590328532910192,800,20,"[10, 10, 15]","I(M1,M2;T)"
487,0.0,0.18437287766256966,-0.012851956884548654,800,20,"[10, 10, 15]","I(M1,M2;T)"
488,0.0,0.17891354394653514,-0.017967970200087918,800,20,"[10, 10, 15]","I(M1,M2;T)"
489,0.0,0.18538294509331732,-0.010875149024944769,800,20,"[10, 10, 15]","I(M1,M2;T)"
490,0.0,0.17333700047681078,-0.0232070197564635,800,20,"[10, 10, 15]","I(M1,M2;T)"
491,0.0,0.2103950546373622,0.013317028337375525,800,20,"[10, 10, 15]","I(M1,M2;T)"
492,0.0,0.19040042068972643,-0.006036309921717609,800,20,"[10, 10, 15]","I(M1,M2;T)"
493,0.0,0.19379641215117666,-0.0032290524109172547,800,20,"[10, 10, 15]","I(M1,M2;T)"
494,0.0,0.18582086884601434,-0.011336857308192616,800,20,"[10, 10, 15]","I(M1,M2;T)"
495,0.0,0.1907016380864835,-0.003970890591191045,800,20,"[10, 10, 15]","I(M1,M2;T)"
496,0.0,0.2069238890050814,0.011161010418947737,800,20,"[10, 10, 15]","I(M1,M2;T)"
497,0.0,0.19229922973598926,-0.0045886538318396786,800,20,"[10, 10, 15]","I(M1,M2;T)"
498,0.0,0.17688245542044329,-0.01942134321559344,800,20,"[10, 10, 15]","I(M1,M2;T)"
499,0.0,0.21560186288182379,0.018137198286220846,800,20,"[10, 10, 15]","I(M1,M2;T)"
500,0.0,0.1952762932975468,-0.0010744601038639723,800,20,"[10, 10, 15]","I(M1,M2;T)"
501,0.0,0.17375170676531748,-0.02212761723285564,800,20,"[10, 10, 15]","I(M1,M2;T)"
502,0.0,0.21417450737004506,0.016831657430644742,800,20,"[10, 10, 15]","I(M1,M2;T)"
503,0.0,0.1934265409857789,-0.002969008174640464,800,20,"[10, 10, 15]","I(M1,M2;T)"
504,0.0,0.20306855791097034,0.005896621032231014,800,20,"[10, 10, 15]","I(M1,M2;T)"
505,0.0,0.19652445866751672,0.00018813535668216197,800,20,"[10, 10, 15]","I(M1,M2;T)"
506,0.0,0.18948075504045522,-0.0076607430842143,800,20,"[10, 10, 15]","I(M1,M2;T)"
507,0.0,0.2102390385888631,0.014216510695864992,800,20,"[10, 10, 15]","I(M1,M2;T)"
508,0.0,0.20178415920417409,0.0046096352010408514,800,20,"[10, 10, 15]","I(M1,M2;T)"
509,0.0,0.15678549178443382,-0.03948502928754177,800,20,"[10, 10, 15]","I(M1,M2;T)"
510,0.0,0.21861933819348897,0.02258373214469178,800,20,"[10, 10, 15]","I(M1,M2;T)"
511,0.0,0.2160366406125054,0.019786570392862773,800,20,"[10, 10, 15]","I(M1,M2;T)"
512,0.0,0.1953757630216674,-0.0005553805667770362,800,20,"[10, 10, 15]","I(M1,M2;T)"
513,0.0,0.20007668005562884,0.003673140727202956,800,20,"[10, 10, 15]","I(M1,M2;T)"
514,0.0,0.19192906147708955,-0.005264407878167704,800,20,"[10, 10, 15]","I(M1,M2;T)"
515,0.0,0.1500193157138452,-0.04644745456959995,800,20,"[10, 10, 15]","I(M1,M2;T)"
516,0.0,0.17802955888612054,-0.01937376037596855,800,20,"[10, 10, 15]","I(M1,M2;T)"
517,0.0,0.18330800145129725,-0.013638606401169928,800,20,"[10, 10, 15]","I(M1,M2;T)"
518,0.0,0.17624579955530031,-0.02084488654459815,800,20,"[10, 10, 15]","I(M1,M2;T)"
519,0.0,0.18997292599508125,-0.0077275349195000675,800,20,"[10, 10, 15]","I(M1,M2;T)"
520,0.0,0.21645210107614216,0.020399629546077352,800,20,"[10, 10, 15]","I(M1,M2;T)"
521,0.0,0.1893363243177322,-0.007530653164012108,800,20,"[10, 10, 15]","I(M1,M2;T)"
522,0.0,0.18614119496909137,-0.010293893073519161,800,20,"[10, 10, 15]","I(M1,M2;T)"
523,0.0,0.20100233851875854,0.0052487852878270735,800,20,"[10, 10, 15]","I(M1,M2;T)"
524,0.0,0.17713200438553567,-0.02038862416008927,800,20,"[10, 10, 15]","I(M1,M2;T)"
525,0.0,0.19863983838249072,0.001852370508178297,800,20,"[10, 10, 15]","I(M1,M2;T)"
526,0.0,0.19604998167506868,4.351671499930321e-05,800,20,"[10, 10, 15]","I(M1,M2;T)"
527,0.0,0.2058612204494173,0.009030591406771482,800,20,"[10, 10, 15]","I(M1,M2;T)"
528,0.0,0.18271089750691277,-0.013276582805973908,800,20,"[10, 10, 15]","I(M1,M2;T)"
529,0.0,0.15707276826900157,-0.040741677217961375,800,20,"[10, 10, 15]","I(M1,M2;T)"
530,0.0,0.2029746958340471,0.006174073171843847,800,20,"[10, 10, 15]","I(M1,M2;T)"
531,0.0,0.2091293390800096,0.013353357668909882,800,20,"[10, 10, 15]","I(M1,M2;T)"
532,0.0,0.21285596900785855,0.015374609783383064,800,20,"[10, 10, 15]","I(M1,M2;T)"
533,0.0,0.2093159594064824,0.012501201142314566,800,20,"[10, 10, 15]","I(M1,M2;T)"
534,0.0,0.20697355804237827,0.009508568681749957,800,20,"[10, 10, 15]","I(M1,M2;T)"
535,0.0,0.19151289600979673,-0.004658001223150188,800,20,"[10, 10, 15]","I(M1,M2;T)"
536,0.0,0.18558266119271272,-0.01182322325275939,800,20,"[10, 10, 15]","I(M1,M2;T)"
537,0.0,0.18719879875266868,-0.009795942296263016,800,20,"[10, 10, 15]","I(M1,M2;T)"
538,0.0,0.18375391681837377,-0.012383352333142889,800,20,"[10, 10, 15]","I(M1,M2;T)"
539,0.0,0.2012899914283347,0.0024020585134059413,800,20,"[10, 10, 15]","I(M1,M2;T)"
540,0.0,0.1746430192210142,-0.022180989038741272,800,20,"[10, 10, 15]","I(M1,M2;T)"
541,0.0,0.20554613135207506,0.007961017017622335,800,20,"[10, 10, 15]","I(M1,M2;T)"
542,0.0,0.16778639062515235,-0.02837643976320986,800,20,"[10, 10, 15]","I(M1,M2;T)"
543,0.0,0.21099035089570112,0.014876652958051267,800,20,"[10, 10, 15]","I(M1,M2;T)"
544,0.0,0.16400737735754625,-0.03204252053513168,800,20,"[10, 10, 15]","I(M1,M2;T)"
545,0.0,0.19267500218697975,-0.004238782884968678,800,20,"[10, 10, 15]","I(M1,M2;T)"
546,0.0,0.20269311907612234,0.006831258444999877,800,20,"[10, 10, 15]","I(M1,M2;T)"
547,0.0,0.18577327655467765,-0.010991122743179982,800,20,"[10, 10, 15]","I(M1,M2;T)"
548,0.0,0.20515284771488707,0.008923332461219263,800,20,"[10, 10, 15]","I(M1,M2;T)"
549,0.0,0.17796413224809515,-0.017631149232436805,800,20,"[10, 10, 15]","I(M1,M2;T)"
550,0.0,0.17932761400950128,-0.016497100992674457,800,20,"[10, 10, 15]","I(M1,M2;T)"
551,0.0,0.20938051510233197,0.012698334503298297,800,20,"[10, 10, 15]","I(M1,M2;T)"
552,0.0,0.1826993456184487,-0.013443972535394755,800,20,"[10, 10, 15]","I(M1,M2;T)"
553,0.0,0.18830615645526383,-0.00831319313801715,800,20,"[10, 10, 15]","I(M1,M2;T)"
554,0.0,0.17643072418700373,-0.020288875204247075,800,20,"[10, 10, 15]","I(M1,M2;T)"
555,0.0,0.19377620545364269,-0.0029767594996992497,800,20,"[10, 10, 15]","I(M1,M2;T)"
556,0.0,0.20308063207606672,0.006277840345549984,800,20,"[10, 10, 15]","I(M1,M2;T)"
557,0.0,0.21160587646459833,0.016001007651013643,800,20,"[10, 10, 15]","I(M1,M2;T)"
558,0.0,0.18676758003900906,-0.010593204855293747,800,20,"[10, 10, 15]","I(M1,M2;T)"
559,0.0,0.17651566365790694,-0.019245102713311507,800,20,"[10, 10, 15]","I(M1,M2;T)"
560,0.0,0.19805699099843865,0.0005911303286684766,800,20,"[10, 10, 15]","I(M1,M2;T)"
561,0.0,0.17940209133471405,-0.01598585410219175,800,20,"[10, 10, 15]","I(M1,M2;T)"
562,0.0,0.2119831764904903,0.014522862729695996,800,20,"[10, 10, 15]","I(M1,M2;T)"
563,0.0,0.18913009213840232,-0.007123581951935493,800,20,"[10, 10, 15]","I(M1,M2;T)"
564,0.0,0.18489666060055646,-0.010661270399349998,800,20,"[10, 10, 15]","I(M1,M2;T)"
565,0.0,0.17523080209711903,-0.020802356725501125,800,20,"[10, 10, 15]","I(M1,M2;T)"
566,0.0,0.18529340706273267,-0.011533847482344678,800,20,"[10, 10, 15]","I(M1,M2;T)"
567,0.0,0.17656838470396846,-0.020791641036750685,800,20,"[10, 10, 15]","I(M1,M2;T)"
568,0.0,0.21417014095185263,0.017988135863432425,800,20,"[10, 10, 15]","I(M1,M2;T)"
569,0.0,0.18620223436539002,-0.010723696000839722,800,20,"[10, 10, 15]","I(M1,M2;T)"
570,0.0,0.17795014255442565,-0.020125444500938366,800,20,"[10, 10, 15]","I(M1,M2;T)"
571,0.0,0.19857878477850152,0.0007134461153738003,800,20,"[10, 10, 15]","I(M1,M2;T)"
572,0.0,0.1763409191387315,-0.02080901809680813,800,20,"[10, 10, 15]","I(M1,M2;T)"
573,0.0,0.19732938112200876,0.0021029043437255646,800,20,"[10, 10, 15]","I(M1,M2;T)"
574,0.0,0.21953535112577588,0.023274079443919515,800,20,"[10, 10, 15]","I(M1,M2;T)"
575,0.0,0.204508579989956,0.008009061920666832,800,20,"[10, 10, 15]","I(M1,M2;T)"
576,0.0,0.1953141584252153,-0.0011963405142046135,800,20,"[10, 10, 15]","I(M1,M2;T)"
577,0.0,0.18602798673904608,-0.011361906201492578,800,20,"[10, 10, 15]","I(M1,M2;T)"
578,0.0,0.2086262179434577,0.010185243994074555,800,20,"[10, 10, 15]","I(M1,M2;T)"
579,0.0,0.20057463789200325,0.0024611390679589173,800,20,"[10, 10, 15]","I(M1,M2;T)"
580,0.0,0.16527215957154873,-0.031325682080855344,800,20,"[10, 10, 15]","I(M1,M2;T)"
581,0.0,0.2374167663979499,0.042047004293577994,800,20,"[10, 10, 15]","I(M1,M2;T)"
582,0.0,0.19831648524536877,0.0015088286348234892,800,20,"[10, 10, 15]","I(M1,M2;T)"
583,0.0,0.1866079990634151,-0.009339165079339434,800,20,"[10, 10, 15]","I(M1,M2;T)"
584,0.0,0.18142930692036513,-0.015127517722855782,800,20,"[10, 10, 15]","I(M1,M2;T)"
585,0.0,0.2032221513837036,0.0072312364417340125,800,20,"[10, 10, 15]","I(M1,M2;T)"
586,0.0,0.23561753114676243,0.038560105871504685,800,20,"[10, 10, 15]","I(M1,M2;T)"
587,0.0,0.19550543816820215,4.3749859028635596e-05,800,20,"[10, 10, 15]","I(M1,M2;T)"
588,0.0,0.2002962867264434,0.003435081950852348,800,20,"[10, 10, 15]","I(M1,M2;T)"
589,0.0,0.18960839485869374,-0.007090847992006349,800,20,"[10, 10, 15]","I(M1,M2;T)"
590,0.0,0.1975924425394594,0.0005499410313596353,800,20,"[10, 10, 15]","I(M1,M2;T)"
591,0.0,0.1712422682966555,-0.025323356702896538,800,20,"[10, 10, 15]","I(M1,M2;T)"
592,0.0,0.20913186152979352,0.013020520237170291,800,20,"[10, 10, 15]","I(M1,M2;T)"
593,0.0,0.1770959587119021,-0.020181140118695706,800,20,"[10, 10, 15]","I(M1,M2;T)"
594,0.0,0.22382033854972594,0.02721222256348199,800,20,"[10, 10, 15]","I(M1,M2;T)"
595,0.0,0.20735222298559552,0.011619113930478236,800,20,"[10, 10, 15]","I(M1,M2;T)"
596,0.0,0.18605441127224803,-0.011381331633115471,800,20,"[10, 10, 15]","I(M1,M2;T)"
597,0.0,0.1774513571197325,-0.019731939317841063,800,20,"[10, 10, 15]","I(M1,M2;T)"
598,0.0,0.19313755713698438,-0.00280382094810952,800,20,"[10, 10, 15]","I(M1,M2;T)"
599,0.0,0.1895235926152895,-0.006294967713070587,800,20,"[10, 10, 15]","I(M1,M2;T)"
600,0.0,0.15542924071339856,-0.04018812310577988,800,20,"[10, 10, 15]","I(M1,M2;T)"
601,0.0,0.2076078605139049,0.010389457993273982,800,20,"[10, 10, 15]","I(M1,M2;T)"
602,0.0,0.18878927822491728,-0.00865684727605845,800,20,"[10, 10, 15]","I(M1,M2;T)"
603,0.0,0.18802232858270465,-0.007814655661995212,800,20,"[10, 10, 15]","I(M1,M2;T)"
604,0.0,0.19197978268777194,-0.005308919948192742,800,20,"[10, 10, 15]","I(M1,M2;T)"
605,0.0,0.2031935655808464,0.007565209176981141,800,20,"[10, 10, 15]","I(M1,M2;T)"
606,0.0,0.20456851518120978,0.008047450981183285,800,20,"[10, 10, 15]","I(M1,M2;T)"
607,0.0,0.20239815996212981,0.006228721178008434,800,20,"[10, 10, 15]","I(M1,M2;T)"
608,0.0,0.17684749696921992,-0.020457174615285928,800,20,"[10, 10, 15]","I(M1,M2;T)"
609,0.0,0.164068675658573,-0.030903642117800417,800,20,"[10, 10, 15]","I(M1,M2;T)"
610,0.0,0.21545659457883953,0.018454785663737122,800,20,"[10, 10, 15]","I(M1,M2;T)"
611,0.0,0.19780806543728002,0.0005931730526442525,800,20,"[10, 10, 15]","I(M1,M2;T)"
612,0.0,0.19901375705521981,0.002826287814145595,800,20,"[10, 10, 15]","I(M1,M2;T)"
613,0.0,0.1859104317588818,-0.011698753460382821,800,20,"[10, 10, 15]","I(M1,M2;T)"
614,0.0,0.20461389491153117,0.008677357741874947,800,20,"[10, 10, 15]","I(M1,M2;T)"
615,0.0,0.22817562177055922,0.03125785283681859,800,20,"[10, 10, 15]","I(M1,M2;T)"
616,0.0,0.1765183470333153,-0.0196845568833528,800,20,"[10, 10, 15]","I(M1,M2;T)"
617,0.0,0.1915797038183248,-0.005966475601082377,800,20,"[10, 10, 15]","I(M1,M2;T)"
618,0.0,0.18721933631840065,-0.009429822715826708,800,20,"[10, 10, 15]","I(M1,M2;T)"
619,0.0,0.21378673625781286,0.01628929694173764,800,20,"[10, 10, 15]","I(M1,M2;T)"
620,0.0,0.20855129843470221,0.010557203346122729,800,20,"[10, 10, 15]","I(M1,M2;T)"
621,0.0,0.19593960482016,-0.0011557342121857606,800,20,"[10, 10, 15]","I(M1,M2;T)"
622,0.0,0.17592537042106568,-0.02098092021399664,800,20,"[10, 10, 15]","I(M1,M2;T)"
623,0.0,0.16885639309319656,-0.029366501360754887,800,20,"[10, 10, 15]","I(M1,M2;T)"
624,0.0,0.18062611928676375,-0.016403154952211674,800,20,"[10, 10, 15]","I(M1,M2;T)"
625,0.0,0.19601157414745748,-0.00028285406589947937,800,20,"[10, 10, 15]","I(M1,M2;T)"
626,0.0,0.18550182505322468,-0.011121250685407064,800,20,"[10, 10, 15]","I(M1,M2;T)"
627,0.0,0.20595058276570816,0.007654425293818462,800,20,"[10, 10, 15]","I(M1,M2;T)"
628,0.0,0.20522517125401238,0.00912906906995875,800,20,"[10, 10, 15]","I(M1,M2;T)"
629,0.0,0.1948255067087339,-0.00043209363798274447,800,20,"[10, 10, 15]","I(M1,M2;T)"
630,0.0,0.19695247644509917,0.00044055833876160966,800,20,"[10, 10, 15]","I(M1,M2;T)"
631,0.0,0.18613996847665354,-0.01119226850075758,800,20,"[10, 10, 15]","I(M1,M2;T)"
632,0.0,0.19479796094415505,-0.0039732146365270005,800,20,"[10, 10, 15]","I(M1,M2;T)"
633,0.0,0.15867246951501976,-0.03882951409468208,800,20,"[10, 10, 15]","I(M1,M2;T)"
634,0.0,0.22659580067831295,0.03084159655989463,800,20,"[10, 10, 15]","I(M1,M2;T)"
635,0.0,0.1926289806613665,-0.00310664980570724,800,20,"[10, 10, 15]","I(M1,M2;T)"
636,0.0,0.18960346733237557,-0.007163882761490686,800,20,"[10, 10, 15]","I(M1,M2;T)"
637,0.0,0.17584018237636911,-0.021582814034222297,800,20,"[10, 10, 15]","I(M1,M2;T)"
638,0.0,0.19284529659012367,-0.003811916639228974,800,20,"[10, 10, 15]","I(M1,M2;T)"
639,0.0,0.19568702722224415,-0.0009218826000205738,800,20,"[10, 10, 15]","I(M1,M2;T)"
640,0.0,0.18172722165275834,-0.014051323988303499,800,20,"[10, 10, 15]","I(M1,M2;T)"
641,0.0,0.1816742719611899,-0.01407945043322531,800,20,"[10, 10, 15]","I(M1,M2;T)"
642,0.0,0.18344290690984388,-0.012527336694069219,800,20,"[10, 10, 15]","I(M1,M2;T)"
643,0.0,0.19440242696998591,-0.001897783159798161,800,20,"[10, 10, 15]","I(M1,M2;T)"
644,0.0,0.1828300327036338,-0.01328091388719696,800,20,"[10, 10, 15]","I(M1,M2;T)"
645,0.0,0.21744384504015377,0.02162417523045171,800,20,"[10, 10, 15]","I(M1,M2;T)"
646,0.0,0.21498512728831531,0.01918959833270331,800,20,"[10, 10, 15]","I(M1,M2;T)"
647,0.0,0.1660770437208973,-0.02980396396311738,800,20,"[10, 10, 15]","I(M1,M2;T)"
648,0.0,0.19142652045640146,-0.006051057766315093,800,20,"[10, 10, 15]","I(M1,M2;T)"
649,0.0,0.1912437932433156,-0.007832002092980656,800,20,"[10, 10, 15]","I(M1,M2;T)"
650,0.0,0.17151907159839458,-0.02482676059779415,800,20,"[10, 10, 15]","I(M1,M2;T)"
651,0.0,0.18845643747315538,-0.00931575540995011,800,20,"[10, 10, 15]","I(M1,M2;T)"
652,0.0,0.2042924593336638,0.007268351626936481,800,20,"[10, 10, 15]","I(M1,M2;T)"
653,0.0,0.19675123244038822,-0.0008085811096004702,800,20,"[10, 10, 15]","I(M1,M2;T)"
654,0.0,0.18806906856849254,-0.009852036143224246,800,20,"[10, 10, 15]","I(M1,M2;T)"
655,0.0,0.19481625211561168,-0.0012771427243302713,800,20,"[10, 10, 15]","I(M1,M2;T)"
656,0.0,0.18713240515447135,-0.00903155557827845,800,20,"[10, 10, 15]","I(M1,M2;T)"
657,0.0,0.22902724381681944,0.032128288054035725,800,20,"[10, 10, 15]","I(M1,M2;T)"
658,0.0,0.17872656925914238,-0.017662661800314977,800,20,"[10, 10, 15]","I(M1,M2;T)"
659,0.0,0.18134422532769967,-0.015105214439443154,800,20,"[10, 10, 15]","I(M1,M2;T)"
660,0.0,0.17091132136602538,-0.02673385068666051,800,20,"[10, 10, 15]","I(M1,M2;T)"
661,0.0,0.19247920212891945,-0.0037913286885647712,800,20,"[10, 10, 15]","I(M1,M2;T)"
662,0.0,0.18648386084215068,-0.010326770880583563,800,20,"[10, 10, 15]","I(M1,M2;T)"
663,0.0,0.17961139896386674,-0.017371576903187247,800,20,"[10, 10, 15]","I(M1,M2;T)"
664,0.0,0.18829330757528046,-0.009473904650316667,800,20,"[10, 10, 15]","I(M1,M2;T)"
665,0.0,0.19506555638215656,-0.00036409243004442704,800,20,"[10, 10, 15]","I(M1,M2;T)"
666,0.0,0.1938453979657087,-0.0033116362686518297,800,20,"[10, 10, 15]","I(M1,M2;T)"
667,0.0,0.16555762147161945,-0.032737165187905704,800,20,"[10, 10, 15]","I(M1,M2;T)"
668,0.0,0.1449379149283937,-0.05263263752209757,800,20,"[10, 10, 15]","I(M1,M2;T)"
669,0.0,0.20724564497869752,0.009056112812779377,800,20,"[10, 10, 15]","I(M1,M2;T)"
670,0.0,0.1773561453901007,-0.021150883201510068,800,20,"[10, 10, 15]","I(M1,M2;T)"
671,0.0,0.2258891696489867,0.028998982128336848,800,20,"[10, 10, 15]","I(M1,M2;T)"
672,0.0,0.18999461679192148,-0.006754380401180093,800,20,"[10, 10, 15]","I(M1,M2;T)"
673,0.0,0.20495607612544942,0.008598659774206319,800,20,"[10, 10, 15]","I(M1,M2;T)"
674,0.0,0.21750067728835484,0.020034746417737365,800,20,"[10, 10, 15]","I(M1,M2;T)"
675,0.0,0.21818254419262234,0.021168480206819495,800,20,"[10, 10, 15]","I(M1,M2;T)"
676,0.0,0.18278045067275714,-0.014141337462752118,800,20,"[10, 10, 15]","I(M1,M2;T)"
677,0.0,0.1642604746996174,-0.03276926478988376,800,20,"[10, 10, 15]","I(M1,M2;T)"
678,0.0,0.18703350825167417,-0.008948676867085142,800,20,"[10, 10, 15]","I(M1,M2;T)"
679,0.0,0.20971920031514074,0.012759552434684462,800,20,"[10, 10, 15]","I(M1,M2;T)"
680,0.0,0.1727983171943548,-0.024358863333075076,800,20,"[10, 10, 15]","I(M1,M2;T)"
681,0.0,0.19536682871106784,-0.0010121373449547,800,20,"[10, 10, 15]","I(M1,M2;T)"
682,0.0,0.18369201376488684,-0.013084156131774799,800,20,"[10, 10, 15]","I(M1,M2;T)"
683,0.0,0.18608136202382763,-0.012138863075239897,800,20,"[10, 10, 15]","I(M1,M2;T)"
684,0.0,0.1894082684245184,-0.00755005794192265,800,20,"[10, 10, 15]","I(M1,M2;T)"
685,0.0,0.19481915785781667,-0.0011785937053721274,800,20,"[10, 10, 15]","I(M1,M2;T)"
686,0.0,0.2066197460513955,0.009832892597129828,800,20,"[10, 10, 15]","I(M1,M2;T)"
687,0.0,0.20424190472503215,0.006878380535751821,800,20,"[10, 10, 15]","I(M1,M2;T)"
688,0.0,0.20014729005946963,0.004486467759763746,800,20,"[10, 10, 15]","I(M1,M2;T)"
689,0.0,0.20995143347269296,0.012760453807811267,800,20,"[10, 10, 15]","I(M1,M2;T)"
690,0.0,0.2011463106012588,0.004105490020262836,800,20,"[10, 10, 15]","I(M1,M2;T)"
691,0.0,0.17898598048439843,-0.01833703221430827,800,20,"[10, 10, 15]","I(M1,M2;T)"
692,0.0,0.18346658146375328,-0.013151875202245589,800,20,"[10, 10, 15]","I(M1,M2;T)"
693,0.0,0.15737516752947125,-0.040003757520407635,800,20,"[10, 10, 15]","I(M1,M2;T)"
694,0.0,0.21994419130591736,0.02298825678751601,800,20,"[10, 10, 15]","I(M1,M2;T)"
695,0.0,0.1783021248770344,-0.018726488245315975,800,20,"[10, 10, 15]","I(M1,M2;T)"
696,0.0,0.16778209021205448,-0.029000595202219343,800,20,"[10, 10, 15]","I(M1,M2;T)"
697,0.0,0.18051813482798806,-0.015848519607157857,800,20,"[10, 10, 15]","I(M1,M2;T)"
698,0.0,0.19233190393102717,-0.005162618460430091,800,20,"[10, 10, 15]","I(M1,M2;T)"
699,0.0,0.2028163829966584,0.0059493299001787125,800,20,"[10, 10, 15]","I(M1,M2;T)"
700,0.0,0.20125112800546308,0.004942451181157187,800,20,"[10, 10, 15]","I(M1,M2;T)"
701,0.0,0.17600484472393055,-0.020835796741988738,800,20,"[10, 10, 15]","I(M1,M2;T)"
702,0.0,0.19761054948026177,1.32551822192295e-05,800,20,"[10, 10, 15]","I(M1,M2;T)"
703,0.0,0.20002140880336627,0.0028870020859276257,800,20,"[10, 10, 15]","I(M1,M2;T)"
704,0.0,0.1978832627076062,0.0011084309964751182,800,20,"[10, 10, 15]","I(M1,M2;T)"
705,0.0,0.1957665222743489,-0.0005600310861406665,800,20,"[10, 10, 15]","I(M1,M2;T)"
706,0.0,0.21983360356434362,0.02302917082800754,800,20,"[10, 10, 15]","I(M1,M2;T)"
707,0.0,0.1747237748856438,-0.022393208821734373,800,20,"[10, 10, 15]","I(M1,M2;T)"
708,0.0,0.20520140981418356,0.008425720300832329,800,20,"[10, 10, 15]","I(M1,M2;T)"
709,0.0,0.21783755656752932,0.022145946723838933,800,20,"[10, 10, 15]","I(M1,M2;T)"
710,0.0,0.22258879098344309,0.027101903415559014,800,20,"[10, 10, 15]","I(M1,M2;T)"
711,0.0,0.1923425248105083,-0.0037928275243083454,800,20,"[10, 10, 15]","I(M1,M2;T)"
712,0.0,0.1772612572674489,-0.01926174063586264,800,20,"[10, 10, 15]","I(M1,M2;T)"
713,0.0,0.17495529720194286,-0.02121792171476586,800,20,"[10, 10, 15]","I(M1,M2;T)"
714,0.0,0.16900983303158973,-0.027308659067101004,800,20,"[10, 10, 15]","I(M1,M2;T)"
715,0.0,0.1442389188113324,-0.05340364504545292,800,20,"[10, 10, 15]","I(M1,M2;T)"
716,0.0,0.20869140052001878,0.012435519274473505,800,20,"[10, 10, 15]","I(M1,M2;T)"
717,0.0,0.22251404790510798,0.025349039299717907,800,20,"[10, 10, 15]","I(M1,M2;T)"
718,0.0,0.2069774277327517,0.010430016403754183,800,20,"[10, 10, 15]","I(M1,M2;T)"
719,0.0,0.1968336242961157,-0.0006793326539493716,800,20,"[10, 10, 15]","I(M1,M2;T)"
720,0.0,0.17679295106505677,-0.019398303750901236,800,20,"[10, 10, 15]","I(M1,M2;T)"
721,0.0,0.17468568395936404,-0.02197972166038159,800,20,"[10, 10, 15]","I(M1,M2;T)"
722,0.0,0.17142089100183816,-0.025077266890723676,800,20,"[10, 10, 15]","I(M1,M2;T)"
723,0.0,0.19163282846382917,-0.00441230863405373,800,20,"[10, 10, 15]","I(M1,M2;T)"
724,0.0,0.19594125813991192,-0.0021871056525072097,800,20,"[10, 10, 15]","I(M1,M2;T)"
725,0.0,0.19702693730650855,-0.0001333722003448723,800,20,"[10, 10, 15]","I(M1,M2;T)"
726,0.0,0.16909933012079903,-0.027251301078850987,800,20,"[10, 10, 15]","I(M1,M2;T)"
727,0.0,0.19520828639992033,-0.0016178383658984052,800,20,"[10, 10, 15]","I(M1,M2;T)"
728,0.0,0.20218283795178899,0.005510252926449827,800,20,"[10, 10, 15]","I(M1,M2;T)"
729,0.0,0.1737489957522022,-0.02474992576255544,800,20,"[10, 10, 15]","I(M1,M2;T)"
730,0.0,0.18789122726051505,-0.007553039731212824,800,20,"[10, 10, 15]","I(M1,M2;T)"
731,0.0,0.16187147481814623,-0.035443395783053305,800,20,"[10, 10, 15]","I(M1,M2;T)"
732,0.0,0.19431846884229154,-0.0031502459784495396,800,20,"[10, 10, 15]","I(M1,M2;T)"
733,0.0,0.20337255815535438,0.007934308262102063,800,20,"[10, 10, 15]","I(M1,M2;T)"
734,0.0,0.19150649130357728,-0.005240109414093336,800,20,"[10, 10, 15]","I(M1,M2;T)"
735,0.0,0.18961196897753135,-0.008391967385534882,800,20,"[10, 10, 15]","I(M1,M2;T)"
736,0.0,0.20445338897408266,0.007402340336840646,800,20,"[10, 10, 15]","I(M1,M2;T)"
737,0.0,0.21639060473072075,0.020125147675582156,800,20,"[10, 10, 15]","I(M1,M2;T)"
738,0.0,0.1943609364677266,-0.002488189473885627,800,20,"[10, 10, 15]","I(M1,M2;T)"
739,0.0,0.20597027473678764,0.008767866665823937,800,20,"[10, 10, 15]","I(M1,M2;T)"
740,0.0,0.1992664511454078,0.0030255273344076683,800,20,"[10, 10, 15]","I(M1,M2;T)"
741,0.0,0.20659675982007117,0.009930689601669512,800,20,"[10, 10, 15]","I(M1,M2;T)"
742,0.0,0.1924378501296121,-0.004821396607567002,800,20,"[10, 10, 15]","I(M1,M2;T)"
743,0.0,0.19273047072064922,-0.00490242736312449,800,20,"[10, 10, 15]","I(M1,M2;T)"
744,0.0,0.22765717589921153,0.03055909966390552,800,20,"[10, 10, 15]","I(M1,M2;T)"
745,0.0,0.17773259477360248,-0.018915797750229835,800,20,"[10, 10, 15]","I(M1,M2;T)"
746,0.0,0.1812400700371818,-0.016584963510391126,800,20,"[10, 10, 15]","I(M1,M2;T)"
747,0.0,0.19241482651142555,-0.004880193233692376,800,20,"[10, 10, 15]","I(M1,M2;T)"
748,0.0,0.20160788350141123,0.0038173950235658727,800,20,"[10, 10, 15]","I(M1,M2;T)"
749,0.0,0.17024469047562046,-0.024797869134087297,800,20,"[10, 10, 15]","I(M1,M2;T)"
750,0.0,0.17903434106104596,-0.018059799859182102,800,20,"[10, 10, 15]","I(M1,M2;T)"
751,0.0,0.18379114320879808,-0.012578769618642599,800,20,"[10, 10, 15]","I(M1,M2;T)"
752,0.0,0.20582368171086507,0.00945014024387797,800,20,"[10, 10, 15]","I(M1,M2;T)"
753,0.0,0.17776447755527425,-0.017502684568149074,800,20,"[10, 10, 15]","I(M1,M2;T)"
754,0.0,0.19235751970012044,-0.004554675870208275,800,20,"[10, 10, 15]","I(M1,M2;T)"
755,0.0,0.22102426211022053,0.023545782072685595,800,20,"[10, 10, 15]","I(M1,M2;T)"
756,0.0,0.18825549469592767,-0.009341292880973517,800,20,"[10, 10, 15]","I(M1,M2;T)"
757,0.0,0.1852052685074078,-0.013035659538439853,800,20,"[10, 10, 15]","I(M1,M2;T)"
758,0.0,0.20587570479666906,0.009444967349070438,800,20,"[10, 10, 15]","I(M1,M2;T)"
759,0.0,0.14501071061685128,-0.0511328195618814,800,20,"[10, 10, 15]","I(M1,M2;T)"
760,0.0,0.1718105723768762,-0.023847914019431232,800,20,"[10, 10, 15]","I(M1,M2;T)"
761,0.0,0.17795389753247007,-0.01954560354864565,800,20,"[10, 10, 15]","I(M1,M2;T)"
762,0.0,0.2068884177525813,0.009750619921944148,800,20,"[10, 10, 15]","I(M1,M2;T)"
763,0.0,0.1832597593857075,-0.014204865597288535,800,20,"[10, 10, 15]","I(M1,M2;T)"
764,0.0,0.2058000341788569,0.009937422333122836,800,20,"[10, 10, 15]","I(M1,M2;T)"
765,0.0,0.15024674932385268,-0.04674389881572727,800,20,"[10, 10, 15]","I(M1,M2;T)"
766,0.0,0.14521835732271532,-0.05045108228305145,800,20,"[10, 10, 15]","I(M1,M2;T)"
767,0.0,0.20181848837749528,0.004032188877311993,800,20,"[10, 10, 15]","I(M1,M2;T)"
768,0.0,0.16849558321228308,-0.02840619781249898,800,20,"[10, 10, 15]","I(M1,M2;T)"
769,0.0,0.20954966448707293,0.013735351151721642,800,20,"[10, 10, 15]","I(M1,M2;T)"
770,0.0,0.20264048558024428,0.0051799526580749156,800,20,"[10, 10, 15]","I(M1,M2;T)"
771,0.0,0.17551928804593617,-0.02312875798088143,800,20,"[10, 10, 15]","I(M1,M2;T)"
772,0.0,0.18922548468466474,-0.007919860145197438,800,20,"[10, 10, 15]","I(M1,M2;T)"
773,0.0,0.17439823621902656,-0.021571994618600238,800,20,"[10, 10, 15]","I(M1,M2;T)"
774,0.0,0.1705997816058505,-0.026060808630253895,800,20,"[10, 10, 15]","I(M1,M2;T)"
775,0.0,0.19989838017120698,0.003906493540789008,800,20,"[10, 10, 15]","I(M1,M2;T)"
776,0.0,0.17531093145119386,-0.021633016498433688,800,20,"[10, 10, 15]","I(M1,M2;T)"
777,0.0,0.22130890170127834,0.02481490812632625,800,20,"[10, 10, 15]","I(M1,M2;T)"
778,0.0,0.19390333069159688,-0.002827280052574821,800,20,"[10, 10, 15]","I(M1,M2;T)"
779,0.0,0.1948122323419946,-0.003446986008716957,800,20,"[10, 10, 15]","I(M1,M2;T)"
780,0.0,0.19998485259434265,0.00254748336877339,800,20,"[10, 10, 15]","I(M1,M2;T)"
781,0.0,0.19064519821947595,-0.005393423945106585,800,20,"[10, 10, 15]","I(M1,M2;T)"
782,0.0,0.2054509484770712,0.009051447744496816,800,20,"[10, 10, 15]","I(M1,M2;T)"
783,0.0,0.19602444229539828,-0.00025010312564785475,800,20,"[10, 10, 15]","I(M1,M2;T)"
784,0.0,0.18370820399334237,-0.01298145170213999,800,20,"[10, 10, 15]","I(M1,M2;T)"
785,0.0,0.19109923877555995,-0.006350602420238299,800,20,"[10, 10, 15]","I(M1,M2;T)"
786,0.0,0.18158493774503864,-0.01637548139134229,800,20,"[10, 10, 15]","I(M1,M2;T)"
787,0.0,0.16651180787626466,-0.03128967583964373,800,20,"[10, 10, 15]","I(M1,M2;T)"
788,0.0,0.19599913814202008,-0.0019449963743521648,800,20,"[10, 10, 15]","I(M1,M2;T)"
789,0.0,0.1943598892202062,-0.0010626524732559595,800,20,"[10, 10, 15]","I(M1,M2;T)"
790,0.0,0.1855803094660324,-0.010771583543685265,800,20,"[10, 10, 15]","I(M1,M2;T)"
791,0.0,0.19455652781636995,-0.003975825638882741,800,20,"[10, 10, 15]","I(M1,M2;T)"
792,0.0,0.21516203713497745,0.017313086686942397,800,20,"[10, 10, 15]","I(M1,M2;T)"
793,0.0,0.1827943137454362,-0.013570556417076385,800,20,"[10, 10, 15]","I(M1,M2;T)"
794,0.0,0.17040669822445503,-0.025272268048391444,800,20,"[10, 10, 15]","I(M1,M2;T)"
795,0.0,0.18946773247357207,-0.0069381315001149635,800,20,"[10, 10, 15]","I(M1,M2;T)"
796,0.0,0.20661978944642054,0.008928728459848684,800,20,"[10, 10, 15]","I(M1,M2;T)"
797,0.0,0.17507622785844912,-0.021297511795828644,800,20,"[10, 10, 15]","I(M1,M2;T)"
798,0.0,0.19285587041408575,-0.0028845977746475016,800,20,"[10, 10, 15]","I(M1,M2;T)"
799,0.0,0.1926981528574323,-0.0030218106959123414,800,20,"[10, 10, 15]","I(M1,M2;T)"
800,0.0,0.1820567740913902,-0.015386342555096494,800,20,"[10, 10, 15]","I(M1,M2;T)"
801,0.0,0.17758727508950375,-0.019855606482824167,800,20,"[10, 10, 15]","I(M1,M2;T)"
802,0.0,0.2058710306744399,0.009786024792772074,800,20,"[10, 10, 15]","I(M1,M2;T)"
803,0.0,0.1901591416135555,-0.006984155169842382,800,20,"[10, 10, 15]","I(M1,M2;T)"
804,0.0,0.1829700684578699,-0.013456817498470497,800,20,"[10, 10, 15]","I(M1,M2;T)"
805,0.0,0.18705046867576844,-0.010732055283758202,800,20,"[10, 10, 15]","I(M1,M2;T)"
806,0.0,0.19000726758253345,-0.007423214844670983,800,20,"[10, 10, 15]","I(M1,M2;T)"
807,0.0,0.18648478629716345,-0.010303004047661574,800,20,"[10, 10, 15]","I(M1,M2;T)"
808,0.0,0.20344044273086828,0.005990901431803808,800,20,"[10, 10, 15]","I(M1,M2;T)"
809,0.0,0.16367147631480605,-0.03417078670745535,800,20,"[10, 10, 15]","I(M1,M2;T)"
810,0.0,0.18868327816309413,-0.00792342347418784,800,20,"[10, 10, 15]","I(M1,M2;T)"
811,0.0,0.19075931498753584,-0.006085752362377128,800,20,"[10, 10, 15]","I(M1,M2;T)"
812,0.0,0.17623724755082398,-0.019858817747248597,800,20,"[10, 10, 15]","I(M1,M2;T)"
813,0.0,0.16138735816111738,-0.03517244273197964,800,20,"[10, 10, 15]","I(M1,M2;T)"
814,0.0,0.1752963721930682,-0.020668338806375947,800,20,"[10, 10, 15]","I(M1,M2;T)"
815,0.0,0.18346521526903062,-0.013930799326582977,800,20,"[10, 10, 15]","I(M1,M2;T)"
816,0.0,0.17787711001667914,-0.01852746093890531,800,20,"[10, 10, 15]","I(M1,M2;T)"
817,0.0,0.15082056633001106,-0.04631250375466556,800,20,"[10, 10, 15]","I(M1,M2;T)"
818,0.0,0.1757231479840487,-0.020205698912982017,800,20,"[10, 10, 15]","I(M1,M2;T)"
819,0.0,0.21107858646486963,0.01417489069928235,800,20,"[10, 10, 15]","I(M1,M2;T)"
820,0.0,0.199045562943617,0.0023590920732026455,800,20,"[10, 10, 15]","I(M1,M2;T)"
821,0.0,0.18006924937441546,-0.016914416509257957,800,20,"[10, 10, 15]","I(M1,M2;T)"
822,0.0,0.1919077406812785,-0.0034896872674903823,800,20,"[10, 10, 15]","I(M1,M2;T)"
823,0.0,0.19157358702323632,-0.006383637169334044,800,20,"[10, 10, 15]","I(M1,M2;T)"
824,0.0,0.19372833165829095,-0.0030964880352328805,800,20,"[10, 10, 15]","I(M1,M2;T)"
825,0.0,0.20398074953161704,0.005895433821638152,800,20,"[10, 10, 15]","I(M1,M2;T)"
826,0.0,0.19200048212374174,-0.003589367468159299,800,20,"[10, 10, 15]","I(M1,M2;T)"
827,0.0,0.22046600532193533,0.024486629952680167,800,20,"[10, 10, 15]","I(M1,M2;T)"
828,0.0,0.20851899832067217,0.011655366124431354,800,20,"[10, 10, 15]","I(M1,M2;T)"
829,0.0,0.1891623532657166,-0.007073735654280822,800,20,"[10, 10, 15]","I(M1,M2;T)"
830,0.0,0.20169524400487193,0.004732903536018129,800,20,"[10, 10, 15]","I(M1,M2;T)"
831,0.0,0.19589620969840071,-0.00018091286626187308,800,20,"[10, 10, 15]","I(M1,M2;T)"
832,0.0,0.2304478062945327,0.032893826162531725,800,20,"[10, 10, 15]","I(M1,M2;T)"
833,0.0,0.18838452221389046,-0.00768389442708628,800,20,"[10, 10, 15]","I(M1,M2;T)"
834,0.0,0.19441596952176357,-0.0017490070808419411,800,20,"[10, 10, 15]","I(M1,M2;T)"
835,0.0,0.18639078366731182,-0.011394804964494354,800,20,"[10, 10, 15]","I(M1,M2;T)"
836,0.0,0.1746585056858745,-0.02246393373822786,800,20,"[10, 10, 15]","I(M1,M2;T)"
837,0.0,0.175144746786079,-0.02227374308138133,800,20,"[10, 10, 15]","I(M1,M2;T)"
838,0.0,0.19287791186705822,-0.00464128761134705,800,20,"[10, 10, 15]","I(M1,M2;T)"
839,0.0,0.20245369176251843,0.0059503469440993495,800,20,"[10, 10, 15]","I(M1,M2;T)"
840,0.0,0.17606417829612486,-0.02114858275448178,800,20,"[10, 10, 15]","I(M1,M2;T)"
841,0.0,0.17689615003249706,-0.019519822822374133,800,20,"[10, 10, 15]","I(M1,M2;T)"
842,0.0,0.1659082349875904,-0.031068495064447033,800,20,"[10, 10, 15]","I(M1,M2;T)"
843,0.0,0.20185562042047303,0.004797694235568167,800,20,"[10, 10, 15]","I(M1,M2;T)"
844,0.0,0.19144047105258338,-0.00772732000751683,800,20,"[10, 10, 15]","I(M1,M2;T)"
845,0.0,0.19028894018393255,-0.007200224202892597,800,20,"[10, 10, 15]","I(M1,M2;T)"
846,0.0,0.1776811298892971,-0.019110279093846133,800,20,"[10, 10, 15]","I(M1,M2;T)"
847,0.0,0.20914395053363122,0.01261160159251945,800,20,"[10, 10, 15]","I(M1,M2;T)"
848,0.0,0.19662039637463213,4.857659968335315e-05,800,20,"[10, 10, 15]","I(M1,M2;T)"
849,0.0,0.21183653099085897,0.014836000147159217,800,20,"[10, 10, 15]","I(M1,M2;T)"
850,0.0,0.19441832464158904,-0.0036284541867875053,800,20,"[10, 10, 15]","I(M1,M2;T)"
851,0.0,0.21339613795287526,0.016455668650007305,800,20,"[10, 10, 15]","I(M1,M2;T)"
852,0.0,0.19374430723843772,-0.0029757985511503215,800,20,"[10, 10, 15]","I(M1,M2;T)"
853,0.0,0.18185487036044864,-0.015368006970200576,800,20,"[10, 10, 15]","I(M1,M2;T)"
854,0.0,0.1899673913252819,-0.006276831925230958,800,20,"[10, 10, 15]","I(M1,M2;T)"
855,0.0,0.18299334536850842,-0.014328914429314388,800,20,"[10, 10, 15]","I(M1,M2;T)"
856,0.0,0.21128700047384444,0.01476654214924683,800,20,"[10, 10, 15]","I(M1,M2;T)"
857,0.0,0.17507344946920803,-0.022399490757071983,800,20,"[10, 10, 15]","I(M1,M2;T)"
858,0.0,0.22731382654273521,0.031327180723575626,800,20,"[10, 10, 15]","I(M1,M2;T)"
859,0.0,0.20757499080627545,0.011081723982612174,800,20,"[10, 10, 15]","I(M1,M2;T)"
860,0.0,0.1947711351786028,-0.0013164225007220032,800,20,"[10, 10, 15]","I(M1,M2;T)"
861,0.0,0.17723126770830927,-0.019092913987625443,800,20,"[10, 10, 15]","I(M1,M2;T)"
862,0.0,0.18681729775721065,-0.008370304394175493,800,20,"[10, 10, 15]","I(M1,M2;T)"
863,0.0,0.17292129516857424,-0.02306306168730976,800,20,"[10, 10, 15]","I(M1,M2;T)"
864,0.0,0.19600988099637828,0.00013519686007959497,800,20,"[10, 10, 15]","I(M1,M2;T)"
865,0.0,0.20005747501367868,0.0027658416657055374,800,20,"[10, 10, 15]","I(M1,M2;T)"
866,0.0,0.19782287582592717,0.0012969318303304722,800,20,"[10, 10, 15]","I(M1,M2;T)"
867,0.0,0.17999760692617367,-0.017922742213142467,800,20,"[10, 10, 15]","I(M1,M2;T)"
868,0.0,0.17720495884016116,-0.018661431791258065,800,20,"[10, 10, 15]","I(M1,M2;T)"
869,0.0,0.18410895654067755,-0.012539498433332408,800,20,"[10, 10, 15]","I(M1,M2;T)"
870,0.0,0.19846064522070808,0.0012854915526180066,800,20,"[10, 10, 15]","I(M1,M2;T)"
871,0.0,0.17668255844892905,-0.02012447776505838,800,20,"[10, 10, 15]","I(M1,M2;T)"
872,0.0,0.2000154497873429,0.004463813284400819,800,20,"[10, 10, 15]","I(M1,M2;T)"
873,0.0,0.20460496121160077,0.005913897971229515,800,20,"[10, 10, 15]","I(M1,M2;T)"
874,0.0,0.18224296102713333,-0.012546876722932643,800,20,"[10, 10, 15]","I(M1,M2;T)"
875,0.0,0.17096387834338023,-0.026097221185623798,800,20,"[10, 10, 15]","I(M1,M2;T)"
876,0.0,0.20458446175835132,0.008605710444411135,800,20,"[10, 10, 15]","I(M1,M2;T)"
877,0.0,0.19791559184685958,0.0008087402608321914,800,20,"[10, 10, 15]","I(M1,M2;T)"
878,0.0,0.20221111080072512,0.006906627316486169,800,20,"[10, 10, 15]","I(M1,M2;T)"
879,0.0,0.19465047901483626,-0.0037072132491955956,800,20,"[10, 10, 15]","I(M1,M2;T)"
880,0.0,0.192426250993475,-0.004662571089064815,800,20,"[10, 10, 15]","I(M1,M2;T)"
881,0.0,0.17356254738625487,-0.024719570719436867,800,20,"[10, 10, 15]","I(M1,M2;T)"
882,0.0,0.21613501831420623,0.020290732935935196,800,20,"[10, 10, 15]","I(M1,M2;T)"
883,0.0,0.19421924332623808,-0.0015572005163733693,800,20,"[10, 10, 15]","I(M1,M2;T)"
884,0.0,0.20666450075097903,0.010780609768751004,800,20,"[10, 10, 15]","I(M1,M2;T)"
885,0.0,0.17353168033745936,-0.02293017622653265,800,20,"[10, 10, 15]","I(M1,M2;T)"
886,0.0,0.2043408910025679,0.00936231009219149,800,20,"[10, 10, 15]","I(M1,M2;T)"
887,0.0,0.18178170146607267,-0.01608338066684556,800,20,"[10, 10, 15]","I(M1,M2;T)"
888,0.0,0.1895714278410156,-0.007936148983065494,800,20,"[10, 10, 15]","I(M1,M2;T)"
889,0.0,0.20456283465197767,0.0071847130082104416,800,20,"[10, 10, 15]","I(M1,M2;T)"
890,0.0,0.19000146764761994,-0.0064877963410377715,800,20,"[10, 10, 15]","I(M1,M2;T)"
891,0.0,0.1919444677663904,-0.007033227704591805,800,20,"[10, 10, 15]","I(M1,M2;T)"
892,0.0,0.18303461693690806,-0.014112663144794119,800,20,"[10, 10, 15]","I(M1,M2;T)"
893,0.0,0.17968149711772485,-0.018264274869876973,800,20,"[10, 10, 15]","I(M1,M2;T)"
894,0.0,0.1814814172497209,-0.015720049499644756,800,20,"[10, 10, 15]","I(M1,M2;T)"
895,0.0,0.19152909402324758,-0.004609942815743173,800,20,"[10, 10, 15]","I(M1,M2;T)"
896,0.0,0.17971741549386622,-0.01632581926948115,800,20,"[10, 10, 15]","I(M1,M2;T)"
897,0.0,0.23200515666275492,0.034442277237045626,800,20,"[10, 10, 15]","I(M1,M2;T)"
898,0.0,0.17758713661337802,-0.018681683476212435,800,20,"[10, 10, 15]","I(M1,M2;T)"
899,0.0,0.198630018832681,0.0019941180303829076,800,20,"[10, 10, 15]","I(M1,M2;T)"
900,0.0,0.19572189939123535,-0.0011087749483282006,800,20,"[10, 10, 15]","I(M1,M2;T)"
901,0.0,0.1836546679351759,-0.013692167673750727,800,20,"[10, 10, 15]","I(M1,M2;T)"
902,0.0,0.20654793610342131,0.011021965421201513,800,20,"[10, 10, 15]","I(M1,M2;T)"
903,0.0,0.20559748915075948,0.009474461910010418,800,20,"[10, 10, 15]","I(M1,M2;T)"
904,0.0,0.20431900232395023,0.00807324266014367,800,20,"[10, 10, 15]","I(M1,M2;T)"
905,0.0,0.2209414822421718,0.0250440250864149,800,20,"[10, 10, 15]","I(M1,M2;T)"
906,0.0,0.17055765038424753,-0.026098423333333426,800,20,"[10, 10, 15]","I(M1,M2;T)"
907,0.0,0.1957993462110555,0.0004150237358165332,800,20,"[10, 10, 15]","I(M1,M2;T)"
908,0.0,0.18772542549604843,-0.009661118887301812,800,20,"[10, 10, 15]","I(M1,M2;T)"
909,0.0,0.19075945090210383,-0.0056158683644247365,800,20,"[10, 10, 15]","I(M1,M2;T)"
910,0.0,0.18900487916035802,-0.007854306002830519,800,20,"[10, 10, 15]","I(M1,M2;T)"
911,0.0,0.19663126384714386,-0.0003998608553869576,800,20,"[10, 10, 15]","I(M1,M2;T)"
912,0.0,0.19358580663260033,-0.003495256370250388,800,20,"[10, 10, 15]","I(M1,M2;T)"
913,0.0,0.1619473093252306,-0.03474537667748717,800,20,"[10, 10, 15]","I(M1,M2;T)"
914,0.0,0.19959668476620276,0.0033143996703282885,800,20,"[10, 10, 15]","I(M1,M2;T)"
915,0.0,0.20387403737795184,0.007597260948035256,800,20,"[10, 10, 15]","I(M1,M2;T)"
916,0.0,0.19182477484866223,-0.003769316882166085,800,20,"[10, 10, 15]","I(M1,M2;T)"
917,0.0,0.18830102055644615,-0.00979271733062581,800,20,"[10, 10, 15]","I(M1,M2;T)"
918,0.0,0.1825039508419261,-0.014282515888550146,800,20,"[10, 10, 15]","I(M1,M2;T)"
919,0.0,0.20870680899123253,0.01046592044990255,800,20,"[10, 10, 15]","I(M1,M2;T)"
920,0.0,0.20048705583705484,0.002447584315024398,800,20,"[10, 10, 15]","I(M1,M2;T)"
921,0.0,0.19282926322722455,-0.005063880911154672,800,20,"[10, 10, 15]","I(M1,M2;T)"
922,0.0,0.16244329364726298,-0.03447102141486749,800,20,"[10, 10, 15]","I(M1,M2;T)"
923,0.0,0.17499210154809433,-0.021492185913776773,800,20,"[10, 10, 15]","I(M1,M2;T)"
924,0.0,0.19830147979832213,0.0025138469878968617,800,20,"[10, 10, 15]","I(M1,M2;T)"
925,0.0,0.2117661410724099,0.014843163814442922,800,20,"[10, 10, 15]","I(M1,M2;T)"
926,0.0,0.19458492476275452,-0.0025902922588812716,800,20,"[10, 10, 15]","I(M1,M2;T)"
927,0.0,0.17476536083523092,-0.020956222827001436,800,20,"[10, 10, 15]","I(M1,M2;T)"
928,0.0,0.18122462889448235,-0.01576613028481272,800,20,"[10, 10, 15]","I(M1,M2;T)"
929,0.0,0.19085565601637045,-0.004757675503211323,800,20,"[10, 10, 15]","I(M1,M2;T)"
930,0.0,0.19243235313624985,-0.004153080450672947,800,20,"[10, 10, 15]","I(M1,M2;T)"
931,0.0,0.20456411747818412,0.007920817783895667,800,20,"[10, 10, 15]","I(M1,M2;T)"
932,0.0,0.19062461034948833,-0.007028394860820741,800,20,"[10, 10, 15]","I(M1,M2;T)"
933,0.0,0.18966620763145575,-0.0076210848524440045,800,20,"[10, 10, 15]","I(M1,M2;T)"
934,0.0,0.19507930362566128,-0.0013078317882059265,800,20,"[10, 10, 15]","I(M1,M2;T)"
935,0.0,0.194064009629707,-0.0021426020621052866,800,20,"[10, 10, 15]","I(M1,M2;T)"
936,0.0,0.19554400175502523,-0.0005764428467902594,800,20,"[10, 10, 15]","I(M1,M2;T)"
937,0.0,0.18482317697142459,-0.011749728254255243,800,20,"[10, 10, 15]","I(M1,M2;T)"
938,0.0,0.16645782075571994,-0.030919500766793506,800,20,"[10, 10, 15]","I(M1,M2;T)"
939,0.0,0.1822777260903533,-0.01366153969442288,800,20,"[10, 10, 15]","I(M1,M2;T)"
940,0.0,0.21226220202517407,0.016418385232428195,800,20,"[10, 10, 15]","I(M1,M2;T)"
941,0.0,0.2082993033223333,0.01179416321282939,800,20,"[10, 10, 15]","I(M1,M2;T)"
942,0.0,0.19658016961340316,-0.0010843266591871459,800,20,"[10, 10, 15]","I(M1,M2;T)"
943,0.0,0.17673378693313915,-0.021849020199808028,800,20,"[10, 10, 15]","I(M1,M2;T)"
944,0.0,0.18332797339872614,-0.01193199751253643,800,20,"[10, 10, 15]","I(M1,M2;T)"
945,0.0,0.22047484973651998,0.023406225735609548,800,20,"[10, 10, 15]","I(M1,M2;T)"
946,0.0,0.20999233902490821,0.013501733399958138,800,20,"[10, 10, 15]","I(M1,M2;T)"
947,0.0,0.17723691076830259,-0.019371137535192373,800,20,"[10, 10, 15]","I(M1,M2;T)"
948,0.0,0.205800872097334,0.009308192595691267,800,20,"[10, 10, 15]","I(M1,M2;T)"
949,0.0,0.18045150010028352,-0.015362193769975885,800,20,"[10, 10, 15]","I(M1,M2;T)"
950,0.0,0.1923639892451706,-0.004937544813031797,800,20,"[10, 10, 15]","I(M1,M2;T)"
951,0.0,0.1993197775841205,0.0019151047539621435,800,20,"[10, 10, 15]","I(M1,M2;T)"
952,0.0,0.202187477959061,0.005884760157097602,800,20,"[10, 10, 15]","I(M1,M2;T)"
953,0.0,0.19197253049783522,-0.00595986701167503,800,20,"[10, 10, 15]","I(M1,M2;T)"
954,0.0,0.1885302587153235,-0.00795670639560786,800,20,"[10, 10, 15]","I(M1,M2;T)"
955,0.0,0.2002105283580981,0.003400957568860552,800,20,"[10, 10, 15]","I(M1,M2;T)"
956,0.0,0.20003330462084323,0.0030297082278639698,800,20,"[10, 10, 15]","I(M1,M2;T)"
957,0.0,0.20427347393524148,0.00726422376225952,800,20,"[10, 10, 15]","I(M1,M2;T)"
958,0.0,0.20486561352762775,0.007776390806724626,800,20,"[10, 10, 15]","I(M1,M2;T)"
959,0.0,0.16306252208734856,-0.03370775148743452,800,20,"[10, 10, 15]","I(M1,M2;T)"
960,0.0,0.19352903185479484,-0.0028754884797550784,800,20,"[10, 10, 15]","I(M1,M2;T)"
961,0.0,0.19150105392985098,-0.0062571780675322874,800,20,"[10, 10, 15]","I(M1,M2;T)"
962,0.0,0.1574483054042129,-0.03832932360947752,800,20,"[10, 10, 15]","I(M1,M2;T)"
963,0.0,0.20210348461231745,0.0050024157860528995,800,20,"[10, 10, 15]","I(M1,M2;T)"
964,0.0,0.20392134154905425,0.007698004786606177,800,20,"[10, 10, 15]","I(M1,M2;T)"
965,0.0,0.21250809953540228,0.01737128965841339,800,20,"[10, 10, 15]","I(M1,M2;T)"
966,0.0,0.18766592731043685,-0.008433467844606024,800,20,"[10, 10, 15]","I(M1,M2;T)"
967,0.0,0.20596557598340884,0.009293026027246354,800,20,"[10, 10, 15]","I(M1,M2;T)"
968,0.0,0.16566438549522006,-0.031054522112038824,800,20,"[10, 10, 15]","I(M1,M2;T)"
969,0.0,0.1835090442549383,-0.012246912539431665,800,20,"[10, 10, 15]","I(M1,M2;T)"
970,0.0,0.18168360136514228,-0.01497177467237057,800,20,"[10, 10, 15]","I(M1,M2;T)"
971,0.0,0.20206989767694716,0.00557657117035984,800,20,"[10, 10, 15]","I(M1,M2;T)"
972,0.0,0.19310297067400345,-0.0035597170837737835,800,20,"[10, 10, 15]","I(M1,M2;T)"
973,0.0,0.18810438729890747,-0.008003717608762423,800,20,"[10, 10, 15]","I(M1,M2;T)"
974,0.0,0.19133904824612255,-0.006045775017263472,800,20,"[10, 10, 15]","I(M1,M2;T)"
975,0.0,0.20732664909188708,0.01002236189432254,800,20,"[10, 10, 15]","I(M1,M2;T)"
976,0.0,0.1940557578275463,-0.0027552694756436402,800,20,"[10, 10, 15]","I(M1,M2;T)"
977,0.0,0.18698464994551373,-0.010505431024728618,800,20,"[10, 10, 15]","I(M1,M2;T)"
978,0.0,0.18693765453451366,-0.010823643220898432,800,20,"[10, 10, 15]","I(M1,M2;T)"
979,0.0,0.17909527518471366,-0.01867349273903976,800,20,"[10, 10, 15]","I(M1,M2;T)"
980,0.0,0.20247702822097075,0.0068806856052671395,800,20,"[10, 10, 15]","I(M1,M2;T)"
981,0.0,0.18613518487692227,-0.009862798278017337,800,20,"[10, 10, 15]","I(M1,M2;T)"
982,0.0,0.21037850259278865,0.01348509137186149,800,20,"[10, 10, 15]","I(M1,M2;T)"
983,0.0,0.18099724938198547,-0.016359827783433756,800,20,"[10, 10, 15]","I(M1,M2;T)"
984,0.0,0.19637212082955355,0.0004108142471353493,800,20,"[10, 10, 15]","I(M1,M2;T)"
985,0.0,0.16143179417593354,-0.035198751071060796,800,20,"[10, 10, 15]","I(M1,M2;T)"
986,0.0,0.1912397440817129,-0.00543159209883648,800,20,"[10, 10, 15]","I(M1,M2;T)"
987,0.0,0.1887650296635332,-0.007638756184759343,800,20,"[10, 10, 15]","I(M1,M2;T)"
988,0.0,0.21143427841575874,0.015032286577801951,800,20,"[10, 10, 15]","I(M1,M2;T)"
989,0.0,0.20656532336005914,0.009793239805894277,800,20,"[10, 10, 15]","I(M1,M2;T)"
990,0.0,0.21028530731938078,0.01304122930913948,800,20,"[10, 10, 15]","I(M1,M2;T)"
991,0.0,0.20541545427916133,0.007400511740658616,800,20,"[10, 10, 15]","I(M1,M2;T)"
992,0.0,0.21315181781980025,0.01674578548713379,800,20,"[10, 10, 15]","I(M1,M2;T)"
993,0.0,0.21528181550390116,0.019118682724635516,800,20,"[10, 10, 15]","I(M1,M2;T)"
994,0.0,0.20400836932982552,0.007143737575249887,800,20,"[10, 10, 15]","I(M1,M2;T)"
995,0.0,0.20421005573852816,0.006845471038882667,800,20,"[10, 10, 15]","I(M1,M2;T)"
996,0.0,0.1898080746135078,-0.007050074765543202,800,20,"[10, 10, 15]","I(M1,M2;T)"
997,0.0,0.1973694865927998,0.0009267545885113249,800,20,"[10, 10, 15]","I(M1,M2;T)"
998,0.0,0.18540221463766288,-0.012761824081006068,800,20,"[10, 10, 15]","I(M1,M2;T)"
999,0.0,0.18440046830339404,-0.011625208542011184,800,20,"[10, 10, 15]","I(M1,M2;T)"
0,0.0,0.046174978170344605,-0.00496734668741787,1000,10,"[5, 5, 10]","I(M1,M2;T)"
1,0.0,0.04871160007914779,-0.0022793556284835537,1000,10,"[5, 5, 10]","I(M1,M2;T)"
2,0.0,0.05764180456208172,0.006450320559911384,1000,10,"[5, 5, 10]","I(M1,M2;T)"
3,0.0,0.04765590168173635,-0.0034430550284253528,1000,10,"[5, 5, 10]","I(M1,M2;T)"
4,0.0,0.047769562311525564,-0.0031550485569821693,1000,10,"[5, 5, 10]","I(M1,M2;T)"
5,0.0,0.05134200092514176,-0.000528191375763272,1000,10,"[5, 5, 10]","I(M1,M2;T)"
6,0.0,0.0646773544634043,0.013343403035440793,1000,10,"[5, 5, 10]","I(M1,M2;T)"
7,0.0,0.05331496031568171,0.0024800417932638458,1000,10,"[5, 5, 10]","I(M1,M2;T)"
8,0.0,0.04999992719191159,-0.0002826615724009218,1000,10,"[5, 5, 10]","I(M1,M2;T)"
9,0.0,0.053202682126630374,0.0020149600963885114,1000,10,"[5, 5, 10]","I(M1,M2;T)"
10,0.0,0.04661226932807712,-0.004454919928994501,1000,10,"[5, 5, 10]","I(M1,M2;T)"
11,0.0,0.05845408765803286,0.007414748719182851,1000,10,"[5, 5, 10]","I(M1,M2;T)"
12,0.0,0.05003812613556781,-0.0010890517084044884,1000,10,"[5, 5, 10]","I(M1,M2;T)"
13,0.0,0.047690075135735255,-0.003408102204701065,1000,10,"[5, 5, 10]","I(M1,M2;T)"
14,0.0,0.056067256238674194,0.005035508476782094,1000,10,"[5, 5, 10]","I(M1,M2;T)"
15,0.0,0.05075265419742177,-0.001038609145779093,1000,10,"[5, 5, 10]","I(M1,M2;T)"
16,0.0,0.040863408775318355,-0.010630259092105833,1000,10,"[5, 5, 10]","I(M1,M2;T)"
17,0.0,0.046917769176879176,-0.004513619192007878,1000,10,"[5, 5, 10]","I(M1,M2;T)"
18,0.0,0.05161876577364527,0.0005256007273388222,1000,10,"[5, 5, 10]","I(M1,M2;T)"
19,0.0,0.07108733172009397,0.019845452361918814,1000,10,"[5, 5, 10]","I(M1,M2;T)"
20,0.0,0.04306029122469737,-0.007725009157932179,1000,10,"[5, 5, 10]","I(M1,M2;T)"
21,0.0,0.05128192741967223,0.0002928219090684095,1000,10,"[5, 5, 10]","I(M1,M2;T)"
22,0.0,0.05386489283206985,0.0025613087460046313,1000,10,"[5, 5, 10]","I(M1,M2;T)"
23,0.0,0.05070955232260564,-0.00017676991893986194,1000,10,"[5, 5, 10]","I(M1,M2;T)"
24,0.0,0.039033695599481236,-0.012211764116797794,1000,10,"[5, 5, 10]","I(M1,M2;T)"
25,0.0,0.05006802920726348,-0.0013059785270785954,1000,10,"[5, 5, 10]","I(M1,M2;T)"
26,0.0,0.06454528686575724,0.013746668282885108,1000,10,"[5, 5, 10]","I(M1,M2;T)"
27,0.0,0.04652400480225061,-0.00515522785531089,1000,10,"[5, 5, 10]","I(M1,M2;T)"
28,0.0,0.047035225398079444,-0.0047565697818594405,1000,10,"[5, 5, 10]","I(M1,M2;T)"
29,0.0,0.05967090406601629,0.009019118279939446,1000,10,"[5, 5, 10]","I(M1,M2;T)"
30,0.0,0.05085601135789417,-0.00012610951492475486,1000,10,"[5, 5, 10]","I(M1,M2;T)"
31,0.0,0.05436118970204745,0.0030612451897086973,1000,10,"[5, 5, 10]","I(M1,M2;T)"
32,0.0,0.049799936533340555,-0.0009147976668394883,1000,10,"[5, 5, 10]","I(M1,M2;T)"
33,0.0,0.04234983664355681,-0.008924164006170153,1000,10,"[5, 5, 10]","I(M1,M2;T)"
34,0.0,0.04579522231770061,-0.005113149572055865,1000,10,"[5, 5, 10]","I(M1,M2;T)"
35,0.0,0.05281611493226315,0.0016042014771481677,1000,10,"[5, 5, 10]","I(M1,M2;T)"
36,0.0,0.048072987456403586,-0.002308779148207263,1000,10,"[5, 5, 10]","I(M1,M2;T)"
37,0.0,0.04009793101621988,-0.010900642673386765,1000,10,"[5, 5, 10]","I(M1,M2;T)"
38,0.0,0.038029483546973775,-0.01321435416539482,1000,10,"[5, 5, 10]","I(M1,M2;T)"
39,0.0,0.044109230322744546,-0.007261169615165923,1000,10,"[5, 5, 10]","I(M1,M2;T)"
40,0.0,0.04515884442578012,-0.006036136654437169,1000,10,"[5, 5, 10]","I(M1,M2;T)"
41,0.0,0.06297516988405337,0.012020669065209447,1000,10,"[5, 5, 10]","I(M1,M2;T)"
42,0.0,0.0654994801755622,0.014811823282318101,1000,10,"[5, 5, 10]","I(M1,M2;T)"
43,0.0,0.0524951472978188,0.0013695210296624585,1000,10,"[5, 5, 10]","I(M1,M2;T)"
44,0.0,0.045208102954095254,-0.005868648396244305,1000,10,"[5, 5, 10]","I(M1,M2;T)"
45,0.0,0.05479319144186155,0.003158888261026005,1000,10,"[5, 5, 10]","I(M1,M2;T)"
46,0.0,0.0551600381715335,0.0035798490674674097,1000,10,"[5, 5, 10]","I(M1,M2;T)"
47,0.0,0.05667148515355392,0.005786765071014069,1000,10,"[5, 5, 10]","I(M1,M2;T)"
48,0.0,0.045870420737561486,-0.005303940859037459,1000,10,"[5, 5, 10]","I(M1,M2;T)"
49,0.0,0.04203310992600631,-0.009137230647685929,1000,10,"[5, 5, 10]","I(M1,M2;T)"
50,0.0,0.04533487571855773,-0.005213882099014029,1000,10,"[5, 5, 10]","I(M1,M2;T)"
51,0.0,0.05302359921665123,0.0017946733710610743,1000,10,"[5, 5, 10]","I(M1,M2;T)"
52,0.0,0.061487468991982236,0.010509806115932607,1000,10,"[5, 5, 10]","I(M1,M2;T)"
53,0.0,0.05534983545830577,0.004323876352861036,1000,10,"[5, 5, 10]","I(M1,M2;T)"
54,0.0,0.05236875958017937,0.0013348480643747274,1000,10,"[5, 5, 10]","I(M1,M2;T)"
55,0.0,0.04373007409069444,-0.007804252325418905,1000,10,"[5, 5, 10]","I(M1,M2;T)"
56,0.0,0.06205809041002555,0.010305162670869644,1000,10,"[5, 5, 10]","I(M1,M2;T)"
57,0.0,0.044269181972128695,-0.0066517530556829615,1000,10,"[5, 5, 10]","I(M1,M2;T)"
58,0.0,0.047770135941566816,-0.003233102798679867,1000,10,"[5, 5, 10]","I(M1,M2;T)"
59,0.0,0.0417758686638435,-0.009129509426834895,1000,10,"[5, 5, 10]","I(M1,M2;T)"
60,0.0,0.055693861234807976,0.004634143525690436,1000,10,"[5, 5, 10]","I(M1,M2;T)"
61,0.0,0.03919097012874097,-0.012225830820575809,1000,10,"[5, 5, 10]","I(M1,M2;T)"
62,0.0,0.049052716311541456,-0.0017328295155605924,1000,10,"[5, 5, 10]","I(M1,M2;T)"
63,0.0,0.04536110444146185,-0.005983837342566495,1000,10,"[5, 5, 10]","I(M1,M2;T)"
64,0.0,0.050473839366538015,-0.0005624836364029814,1000,10,"[5, 5, 10]","I(M1,M2;T)"
65,0.0,0.05788792012022047,0.006395103787881912,1000,10,"[5, 5, 10]","I(M1,M2;T)"
66,0.0,0.044567931160691715,-0.0065563468712739395,1000,10,"[5, 5, 10]","I(M1,M2;T)"
67,0.0,0.04794328620875973,-0.003818252972567396,1000,10,"[5, 5, 10]","I(M1,M2;T)"
68,0.0,0.051577790573026895,0.0008313405680552208,1000,10,"[5, 5, 10]","I(M1,M2;T)"
69,0.0,0.041925478026934575,-0.009462751405966738,1000,10,"[5, 5, 10]","I(M1,M2;T)"
70,0.0,0.04811110409386172,-0.0031518105970635424,1000,10,"[5, 5, 10]","I(M1,M2;T)"
71,0.0,0.0488084855461232,-0.002616598637189785,1000,10,"[5, 5, 10]","I(M1,M2;T)"
72,0.0,0.05907230728300647,0.008388552806641573,1000,10,"[5, 5, 10]","I(M1,M2;T)"
73,0.0,0.05246356971622422,0.0017901147168329842,1000,10,"[5, 5, 10]","I(M1,M2;T)"
74,0.0,0.04698030929491147,-0.004306874731243519,1000,10,"[5, 5, 10]","I(M1,M2;T)"
75,0.0,0.05453916032320803,0.0035040673196538794,1000,10,"[5, 5, 10]","I(M1,M2;T)"
76,0.0,0.047928926787209614,-0.0038118341506647654,1000,10,"[5, 5, 10]","I(M1,M2;T)"
77,0.0,0.0425938798189246,-0.008680779146535783,1000,10,"[5, 5, 10]","I(M1,M2;T)"
78,0.0,0.04248043651758209,-0.008766260558274175,1000,10,"[5, 5, 10]","I(M1,M2;T)"
79,0.0,0.03752797489638936,-0.013396351738713189,1000,10,"[5, 5, 10]","I(M1,M2;T)"
80,0.0,0.056834564900631906,0.00577211949072419,1000,10,"[5, 5, 10]","I(M1,M2;T)"
81,0.0,0.04157407324757016,-0.009453026795052867,1000,10,"[5, 5, 10]","I(M1,M2;T)"
82,0.0,0.04970330442266193,-0.0015276789382251132,1000,10,"[5, 5, 10]","I(M1,M2;T)"
83,0.0,0.05157778157817863,0.00013998696952797346,1000,10,"[5, 5, 10]","I(M1,M2;T)"
84,0.0,0.05754728856378246,0.006158713127462606,1000,10,"[5, 5, 10]","I(M1,M2;T)"
85,0.0,0.05544293310466834,0.004225280083741796,1000,10,"[5, 5, 10]","I(M1,M2;T)"
86,0.0,0.041190421973468304,-0.010048621406710104,1000,10,"[5, 5, 10]","I(M1,M2;T)"
87,0.0,0.04420560495090254,-0.007028393994928633,1000,10,"[5, 5, 10]","I(M1,M2;T)"
88,0.0,0.060321949542510064,0.009006148886651633,1000,10,"[5, 5, 10]","I(M1,M2;T)"
89,0.0,0.041783120816844786,-0.009764796477707782,1000,10,"[5, 5, 10]","I(M1,M2;T)"
90,0.0,0.08354776032456711,0.03207920527467546,1000,10,"[5, 5, 10]","I(M1,M2;T)"
91,0.0,0.04104408764069673,-0.010266710765815895,1000,10,"[5, 5, 10]","I(M1,M2;T)"
92,0.0,0.05209619325246056,0.001352390951736733,1000,10,"[5, 5, 10]","I(M1,M2;T)"
93,0.0,0.048793085614803444,-0.0025222588938623447,1000,10,"[5, 5, 10]","I(M1,M2;T)"
94,0.0,0.05130032962697796,0.0004201984582968901,1000,10,"[5, 5, 10]","I(M1,M2;T)"
95,0.0,0.05309662188059903,0.002100690502012864,1000,10,"[5, 5, 10]","I(M1,M2;T)"
96,0.0,0.04161848716329881,-0.009520706797792745,1000,10,"[5, 5, 10]","I(M1,M2;T)"
97,0.0,0.043173179440985,-0.007691712528775367,1000,10,"[5, 5, 10]","I(M1,M2;T)"
98,0.0,0.04962440147802043,-0.0018488985933568236,1000,10,"[5, 5, 10]","I(M1,M2;T)"
99,0.0,0.055899499465344914,0.0054549138063942695,1000,10,"[5, 5, 10]","I(M1,M2;T)"
100,0.0,0.06212723635302286,0.010878677048954774,1000,10,"[5, 5, 10]","I(M1,M2;T)"
101,0.0,0.046519141834788696,-0.00440896187651478,1000,10,"[5, 5, 10]","I(M1,M2;T)"
102,0.0,0.04681721349075131,-0.004199413281053492,1000,10,"[5, 5, 10]","I(M1,M2;T)"
103,0.0,0.04540067162050935,-0.005587500254022021,1000,10,"[5, 5, 10]","I(M1,M2;T)"
104,0.0,0.04554571113605961,-0.006022559571856226,1000,10,"[5, 5, 10]","I(M1,M2;T)"
105,0.0,0.049902965866250495,-0.0005898982314753373,1000,10,"[5, 5, 10]","I(M1,M2;T)"
106,0.0,0.04406047122748763,-0.006728878048958081,1000,10,"[5, 5, 10]","I(M1,M2;T)"
107,0.0,0.05980859543425468,0.008406851539836495,1000,10,"[5, 5, 10]","I(M1,M2;T)"
108,0.0,0.05207681891858832,0.001055318478728702,1000,10,"[5, 5, 10]","I(M1,M2;T)"
109,0.0,0.04343981371947405,-0.008174856860324806,1000,10,"[5, 5, 10]","I(M1,M2;T)"
110,0.0,0.046027877886976404,-0.004859328983112955,1000,10,"[5, 5, 10]","I(M1,M2;T)"
111,0.0,0.057216327988817164,0.005970097159346523,1000,10,"[5, 5, 10]","I(M1,M2;T)"
112,0.0,0.05067453919153102,-0.00038054831730870847,1000,10,"[5, 5, 10]","I(M1,M2;T)"
113,0.0,0.0465320412738741,-0.004589763165989781,1000,10,"[5, 5, 10]","I(M1,M2;T)"
114,0.0,0.03668897873637667,-0.014220099214062476,1000,10,"[5, 5, 10]","I(M1,M2;T)"
115,0.0,0.0518154658416245,0.0006358132938115851,1000,10,"[5, 5, 10]","I(M1,M2;T)"
116,0.0,0.049856160191028176,-0.0010292563346959854,1000,10,"[5, 5, 10]","I(M1,M2;T)"
117,0.0,0.057263794084978295,0.005861449707080607,1000,10,"[5, 5, 10]","I(M1,M2;T)"
118,0.0,0.04935418804271162,-0.0020326934950303938,1000,10,"[5, 5, 10]","I(M1,M2;T)"
119,0.0,0.050820557421506436,-0.0007950805715079556,1000,10,"[5, 5, 10]","I(M1,M2;T)"
120,0.0,0.04732485280998988,-0.003636208846312168,1000,10,"[5, 5, 10]","I(M1,M2;T)"
121,0.0,0.05080032149070027,-0.00040870204020415635,1000,10,"[5, 5, 10]","I(M1,M2;T)"
122,0.0,0.04824896051883988,-0.0031457429651342295,1000,10,"[5, 5, 10]","I(M1,M2;T)"
123,0.0,0.05818095000483833,0.007028409909576344,1000,10,"[5, 5, 10]","I(M1,M2;T)"
124,0.0,0.05677848914169667,0.006338940831082482,1000,10,"[5, 5, 10]","I(M1,M2;T)"
125,0.0,0.052624836442242154,0.000995767964138139,1000,10,"[5, 5, 10]","I(M1,M2;T)"
126,0.0,0.05202373472259919,0.0013190377505096357,1000,10,"[5, 5, 10]","I(M1,M2;T)"
127,0.0,0.0441897849528802,-0.007039159083858229,1000,10,"[5, 5, 10]","I(M1,M2;T)"
128,0.0,0.04839491872175764,-0.0020890004136301724,1000,10,"[5, 5, 10]","I(M1,M2;T)"
129,0.0,0.04482341212352062,-0.006269174625291751,1000,10,"[5, 5, 10]","I(M1,M2;T)"
130,0.0,0.037157683866207956,-0.013902613340706332,1000,10,"[5, 5, 10]","I(M1,M2;T)"
131,0.0,0.059142397829868736,0.007455058421608568,1000,10,"[5, 5, 10]","I(M1,M2;T)"
132,0.0,0.05845508225068592,0.006353182761843802,1000,10,"[5, 5, 10]","I(M1,M2;T)"
133,0.0,0.05978907953468249,0.009071345737696627,1000,10,"[5, 5, 10]","I(M1,M2;T)"
134,0.0,0.0512852831619198,0.00038206462515172346,1000,10,"[5, 5, 10]","I(M1,M2;T)"
135,0.0,0.04156032193330683,-0.009652439285750825,1000,10,"[5, 5, 10]","I(M1,M2;T)"
136,0.0,0.049021656162115505,-0.00225804488355167,1000,10,"[5, 5, 10]","I(M1,M2;T)"
137,0.0,0.04960425364768451,-0.0019184875729169118,1000,10,"[5, 5, 10]","I(M1,M2;T)"
138,0.0,0.051322595402482615,-0.00011451536906278981,1000,10,"[5, 5, 10]","I(M1,M2;T)"
139,0.0,0.05180845003125124,0.0005816141318183421,1000,10,"[5, 5, 10]","I(M1,M2;T)"
140,0.0,0.05455681840282751,0.0034790989095247124,1000,10,"[5, 5, 10]","I(M1,M2;T)"
141,0.0,0.05397887603589559,0.0028733174822404423,1000,10,"[5, 5, 10]","I(M1,M2;T)"
142,0.0,0.041312859567442003,-0.00979257072864445,1000,10,"[5, 5, 10]","I(M1,M2;T)"
143,0.0,0.055663478446953255,0.004489266254184492,1000,10,"[5, 5, 10]","I(M1,M2;T)"
144,0.0,0.04931756858150923,-0.002294153118293875,1000,10,"[5, 5, 10]","I(M1,M2;T)"
145,0.0,0.03848314738312285,-0.012674648342408189,1000,10,"[5, 5, 10]","I(M1,M2;T)"
146,0.0,0.038914614104777874,-0.012194945726983555,1000,10,"[5, 5, 10]","I(M1,M2;T)"
147,0.0,0.05406317203499732,0.0028643734688166833,1000,10,"[5, 5, 10]","I(M1,M2;T)"
148,0.0,0.047924858563021686,-0.003288240953616045,1000,10,"[5, 5, 10]","I(M1,M2;T)"
149,0.0,0.04088512537634777,-0.010487634250095024,1000,10,"[5, 5, 10]","I(M1,M2;T)"
150,0.0,0.05162963931710234,0.0004190962572882817,1000,10,"[5, 5, 10]","I(M1,M2;T)"
151,0.0,0.03557299282846614,-0.015762378067501123,1000,10,"[5, 5, 10]","I(M1,M2;T)"
152,0.0,0.05473416249267507,0.0033705286193500203,1000,10,"[5, 5, 10]","I(M1,M2;T)"
153,0.0,0.05485945953186009,0.004207630921399079,1000,10,"[5, 5, 10]","I(M1,M2;T)"
154,0.0,0.04642148779249515,-0.0046474584740365185,1000,10,"[5, 5, 10]","I(M1,M2;T)"
155,0.0,0.054536283229225886,0.0030071349076763593,1000,10,"[5, 5, 10]","I(M1,M2;T)"
156,0.0,0.05534129109083736,0.00478793015425745,1000,10,"[5, 5, 10]","I(M1,M2;T)"
157,0.0,0.038368950772288385,-0.012752617270662951,1000,10,"[5, 5, 10]","I(M1,M2;T)"
158,0.0,0.050490358873941606,-0.0004928327797215012,1000,10,"[5, 5, 10]","I(M1,M2;T)"
159,0.0,0.046273597437645426,-0.005270953348055642,1000,10,"[5, 5, 10]","I(M1,M2;T)"
160,0.0,0.06027392428934988,0.009146436939471612,1000,10,"[5, 5, 10]","I(M1,M2;T)"
161,0.0,0.05215295736058298,0.0012605734272383429,1000,10,"[5, 5, 10]","I(M1,M2;T)"
162,0.0,0.04036011954615991,-0.01009456489784094,1000,10,"[5, 5, 10]","I(M1,M2;T)"
163,0.0,0.05118449584194464,0.00011021242985184698,1000,10,"[5, 5, 10]","I(M1,M2;T)"
164,0.0,0.06264838299563176,0.011214658437373501,1000,10,"[5, 5, 10]","I(M1,M2;T)"
165,0.0,0.04062629123689573,-0.010541164801432322,1000,10,"[5, 5, 10]","I(M1,M2;T)"
166,0.0,0.04914200182661861,-0.0017678732657753563,1000,10,"[5, 5, 10]","I(M1,M2;T)"
167,0.0,0.05005528082518293,-0.001056262577713095,1000,10,"[5, 5, 10]","I(M1,M2;T)"
168,0.0,0.035888458477207924,-0.015121341807057195,1000,10,"[5, 5, 10]","I(M1,M2;T)"
169,0.0,0.062317483296141715,0.010924367150251392,1000,10,"[5, 5, 10]","I(M1,M2;T)"
170,0.0,0.05285307332309189,0.0021206465987907708,1000,10,"[5, 5, 10]","I(M1,M2;T)"
171,0.0,0.04618391116261781,-0.004497184882797961,1000,10,"[5, 5, 10]","I(M1,M2;T)"
172,0.0,0.05124478037703076,-0.00047117460907106917,1000,10,"[5, 5, 10]","I(M1,M2;T)"
173,0.0,0.05328918694893958,0.002307377469577175,1000,10,"[5, 5, 10]","I(M1,M2;T)"
174,0.0,0.039140148751447314,-0.012464587538247127,1000,10,"[5, 5, 10]","I(M1,M2;T)"
175,0.0,0.049227303736589165,-0.0016473785889866907,1000,10,"[5, 5, 10]","I(M1,M2;T)"
176,0.0,0.060231375593878506,0.008622182098253786,1000,10,"[5, 5, 10]","I(M1,M2;T)"
177,0.0,0.04762980926066551,-0.0033868427682026067,1000,10,"[5, 5, 10]","I(M1,M2;T)"
178,0.0,0.048486747584812424,-0.002610601802827385,1000,10,"[5, 5, 10]","I(M1,M2;T)"
179,0.0,0.04728664457290723,-0.0032616373191623957,1000,10,"[5, 5, 10]","I(M1,M2;T)"
180,0.0,0.055004899154950604,0.0038032458942867317,1000,10,"[5, 5, 10]","I(M1,M2;T)"
181,0.0,0.05504428792143147,0.003895907680683708,1000,10,"[5, 5, 10]","I(M1,M2;T)"
182,0.0,0.05226893908849453,0.0009290000855275982,1000,10,"[5, 5, 10]","I(M1,M2;T)"
183,0.0,0.054241976974003625,0.0038003184589471897,1000,10,"[5, 5, 10]","I(M1,M2;T)"
184,0.0,0.04894908344016573,-0.0027549446586400614,1000,10,"[5, 5, 10]","I(M1,M2;T)"
185,0.0,0.05696422256883733,0.006500606210226238,1000,10,"[5, 5, 10]","I(M1,M2;T)"
186,0.0,0.0630526668206201,0.01243388776315442,1000,10,"[5, 5, 10]","I(M1,M2;T)"
187,0.0,0.04227297938141712,-0.009407430928706592,1000,10,"[5, 5, 10]","I(M1,M2;T)"
188,0.0,0.048448266597035626,-0.002108314259937537,1000,10,"[5, 5, 10]","I(M1,M2;T)"
189,0.0,0.061381910664100495,0.01053045181734364,1000,10,"[5, 5, 10]","I(M1,M2;T)"
190,0.0,0.04742723441529985,-0.0038306146103428557,1000,10,"[5, 5, 10]","I(M1,M2;T)"
191,0.0,0.06592158913157038,0.015232808918566071,1000,10,"[5, 5, 10]","I(M1,M2;T)"
192,0.0,0.055047154056312844,0.003878856846047128,1000,10,"[5, 5, 10]","I(M1,M2;T)"
193,0.0,0.05706068233931389,0.00604372591981657,1000,10,"[5, 5, 10]","I(M1,M2;T)"
194,0.0,0.0555367630059615,0.004971467970287517,1000,10,"[5, 5, 10]","I(M1,M2;T)"
195,0.0,0.052896754232089935,0.001533823981811712,1000,10,"[5, 5, 10]","I(M1,M2;T)"
196,0.0,0.053762648362237625,0.0024462311854127894,1000,10,"[5, 5, 10]","I(M1,M2;T)"
197,0.0,0.04576350785736187,-0.005349505458199427,1000,10,"[5, 5, 10]","I(M1,M2;T)"
198,0.0,0.04819608927843313,-0.0035888386372398273,1000,10,"[5, 5, 10]","I(M1,M2;T)"
199,0.0,0.052521534247030405,0.0014132236045324431,1000,10,"[5, 5, 10]","I(M1,M2;T)"
200,0.0,0.051433505602500346,0.0001200239965671937,1000,10,"[5, 5, 10]","I(M1,M2;T)"
201,0.0,0.04266131510017579,-0.00833660301968743,1000,10,"[5, 5, 10]","I(M1,M2;T)"
202,0.0,0.05335410718603954,0.0020056439536504725,1000,10,"[5, 5, 10]","I(M1,M2;T)"
203,0.0,0.05193063148879056,0.0010057482420110786,1000,10,"[5, 5, 10]","I(M1,M2;T)"
204,0.0,0.05545089013257703,0.003941668102749464,1000,10,"[5, 5, 10]","I(M1,M2;T)"
205,0.0,0.07128418451443222,0.020534098974977336,1000,10,"[5, 5, 10]","I(M1,M2;T)"
206,0.0,0.04839828715682648,-0.002443831952054408,1000,10,"[5, 5, 10]","I(M1,M2;T)"
207,0.0,0.0629502690877943,0.01197191333491951,1000,10,"[5, 5, 10]","I(M1,M2;T)"
208,0.0,0.04572579718382507,-0.00575071688431953,1000,10,"[5, 5, 10]","I(M1,M2;T)"
209,0.0,0.038317443689914056,-0.012484266136995506,1000,10,"[5, 5, 10]","I(M1,M2;T)"
210,0.0,0.030584308256750965,-0.019785361557306758,1000,10,"[5, 5, 10]","I(M1,M2;T)"
211,0.0,0.04432041065422678,-0.00673108834146606,1000,10,"[5, 5, 10]","I(M1,M2;T)"
212,0.0,0.03728250432256258,-0.013591723362557304,1000,10,"[5, 5, 10]","I(M1,M2;T)"
213,0.0,0.0604357425994844,0.008607036310523439,1000,10,"[5, 5, 10]","I(M1,M2;T)"
214,0.0,0.04350497489633296,-0.008203881744131336,1000,10,"[5, 5, 10]","I(M1,M2;T)"
215,0.0,0.051470480239250604,0.0006999836779766969,1000,10,"[5, 5, 10]","I(M1,M2;T)"
216,0.0,0.046767034233592894,-0.004706892273629991,1000,10,"[5, 5, 10]","I(M1,M2;T)"
217,0.0,0.04474821645695898,-0.006613371271561919,1000,10,"[5, 5, 10]","I(M1,M2;T)"
218,0.0,0.044670043108559335,-0.006972432981352472,1000,10,"[5, 5, 10]","I(M1,M2;T)"
219,0.0,0.051550196380335055,0.0004022236491335249,1000,10,"[5, 5, 10]","I(M1,M2;T)"
220,0.0,0.03620579760194992,-0.01527646800399858,1000,10,"[5, 5, 10]","I(M1,M2;T)"
221,0.0,0.053765568721010785,0.0023319230232167476,1000,10,"[5, 5, 10]","I(M1,M2;T)"
222,0.0,0.04910678191730628,-0.0023229538678499126,1000,10,"[5, 5, 10]","I(M1,M2;T)"
223,0.0,0.04900625859282425,-0.0017965133943017159,1000,10,"[5, 5, 10]","I(M1,M2;T)"
224,0.0,0.047656010978465294,-0.003120090982065872,1000,10,"[5, 5, 10]","I(M1,M2;T)"
225,0.0,0.053272529754218034,0.0018765189222453155,1000,10,"[5, 5, 10]","I(M1,M2;T)"
226,0.0,0.04612634131536113,-0.005629921055260924,1000,10,"[5, 5, 10]","I(M1,M2;T)"
227,0.0,0.05376743017798321,0.0028056238613081708,1000,10,"[5, 5, 10]","I(M1,M2;T)"
228,0.0,0.04943130104233624,-0.0015917518039677697,1000,10,"[5, 5, 10]","I(M1,M2;T)"
229,0.0,0.055777951632297575,0.004870054821984257,1000,10,"[5, 5, 10]","I(M1,M2;T)"
230,0.0,0.048204662193372584,-0.0032309047917323253,1000,10,"[5, 5, 10]","I(M1,M2;T)"
231,0.0,0.0527479295930651,0.0016352623377990372,1000,10,"[5, 5, 10]","I(M1,M2;T)"
232,0.0,0.055112854647921226,0.003985370964728292,1000,10,"[5, 5, 10]","I(M1,M2;T)"
233,0.0,0.04341294354537367,-0.008049254498472658,1000,10,"[5, 5, 10]","I(M1,M2;T)"
234,0.0,0.04542210547235714,-0.00567622159593667,1000,10,"[5, 5, 10]","I(M1,M2;T)"
235,0.0,0.05356185482925095,0.002734259483658845,1000,10,"[5, 5, 10]","I(M1,M2;T)"
236,0.0,0.05329379477412796,0.002617202032136355,1000,10,"[5, 5, 10]","I(M1,M2;T)"
237,0.0,0.05495014865203918,0.003576954650440542,1000,10,"[5, 5, 10]","I(M1,M2;T)"
238,0.0,0.0627197220509683,0.011047896187889553,1000,10,"[5, 5, 10]","I(M1,M2;T)"
239,0.0,0.05037705760343419,-0.00044495480418867833,1000,10,"[5, 5, 10]","I(M1,M2;T)"
240,0.0,0.05642119546130985,0.005394319048047352,1000,10,"[5, 5, 10]","I(M1,M2;T)"
241,0.0,0.05800873027639526,0.006409383617510783,1000,10,"[5, 5, 10]","I(M1,M2;T)"
242,0.0,0.0514198427206742,0.00018204786516500676,1000,10,"[5, 5, 10]","I(M1,M2;T)"
243,0.0,0.036101852833524246,-0.015317073446495397,1000,10,"[5, 5, 10]","I(M1,M2;T)"
244,0.0,0.05476160596345635,0.003775302453663837,1000,10,"[5, 5, 10]","I(M1,M2;T)"
245,0.0,0.04827662473324382,-0.0028327983545792523,1000,10,"[5, 5, 10]","I(M1,M2;T)"
246,0.0,0.04716880582599356,-0.004120349153321733,1000,10,"[5, 5, 10]","I(M1,M2;T)"
247,0.0,0.04636397433981756,-0.0048044535997024546,1000,10,"[5, 5, 10]","I(M1,M2;T)"
248,0.0,0.06031022522882467,0.008650520450985182,1000,10,"[5, 5, 10]","I(M1,M2;T)"
249,0.0,0.05731947652515059,0.005929617135071175,1000,10,"[5, 5, 10]","I(M1,M2;T)"
250,0.0,0.05416089741723425,0.0028310820759898034,1000,10,"[5, 5, 10]","I(M1,M2;T)"
251,0.0,0.06424827904295854,0.012921228053178399,1000,10,"[5, 5, 10]","I(M1,M2;T)"
252,0.0,0.041815901696657776,-0.009221536227758113,1000,10,"[5, 5, 10]","I(M1,M2;T)"
253,0.0,0.0453272832181387,-0.006225080538798222,1000,10,"[5, 5, 10]","I(M1,M2;T)"
254,0.0,0.05077742731423315,-0.000824949774598932,1000,10,"[5, 5, 10]","I(M1,M2;T)"
255,0.0,0.04156724260240276,-0.009720697419452147,1000,10,"[5, 5, 10]","I(M1,M2;T)"
256,0.0,0.054851250502196316,0.0039494418331110295,1000,10,"[5, 5, 10]","I(M1,M2;T)"
257,0.0,0.04814502134542262,-0.002635576984262429,1000,10,"[5, 5, 10]","I(M1,M2;T)"
258,0.0,0.06723774816208167,0.016487673055482488,1000,10,"[5, 5, 10]","I(M1,M2;T)"
259,0.0,0.03951226695240621,-0.011896082348655072,1000,10,"[5, 5, 10]","I(M1,M2;T)"
260,0.0,0.060619564634387585,0.009344422008347612,1000,10,"[5, 5, 10]","I(M1,M2;T)"
261,0.0,0.04850097892703224,-0.0031201877917931276,1000,10,"[5, 5, 10]","I(M1,M2;T)"
262,0.0,0.05313578340147415,0.0016859582812501078,1000,10,"[5, 5, 10]","I(M1,M2;T)"
263,0.0,0.04690472225809283,-0.004354007353218135,1000,10,"[5, 5, 10]","I(M1,M2;T)"
264,0.0,0.04833832984144637,-0.0027750912059689575,1000,10,"[5, 5, 10]","I(M1,M2;T)"
265,0.0,0.04888949110395588,-0.002226511739899087,1000,10,"[5, 5, 10]","I(M1,M2;T)"
266,0.0,0.05479957849934408,0.003400629821848758,1000,10,"[5, 5, 10]","I(M1,M2;T)"
267,0.0,0.06324244137003086,0.011959590426857486,1000,10,"[5, 5, 10]","I(M1,M2;T)"
268,0.0,0.060112510601141436,0.00870561272082656,1000,10,"[5, 5, 10]","I(M1,M2;T)"
269,0.0,0.04653155537320726,-0.005191515427037927,1000,10,"[5, 5, 10]","I(M1,M2;T)"
270,0.0,0.04868217984513801,-0.0019661667243570657,1000,10,"[5, 5, 10]","I(M1,M2;T)"
271,0.0,0.03431077873269647,-0.017379841699809426,1000,10,"[5, 5, 10]","I(M1,M2;T)"
272,0.0,0.052511361616171384,0.0014318838174448914,1000,10,"[5, 5, 10]","I(M1,M2;T)"
273,0.0,0.03464821282045532,-0.016588902534427172,1000,10,"[5, 5, 10]","I(M1,M2;T)"
274,0.0,0.05147994171464082,0.0004401810789449942,1000,10,"[5, 5, 10]","I(M1,M2;T)"
275,0.0,0.057958300778824405,0.0071482183054453335,1000,10,"[5, 5, 10]","I(M1,M2;T)"
276,0.0,0.050924462108669355,-0.0001557062345705837,1000,10,"[5, 5, 10]","I(M1,M2;T)"
277,0.0,0.04845189341255572,-0.0030415183157757805,1000,10,"[5, 5, 10]","I(M1,M2;T)"
278,0.0,0.05680960875657244,0.005890134666859594,1000,10,"[5, 5, 10]","I(M1,M2;T)"
279,0.0,0.05558444039575929,0.004365216986176132,1000,10,"[5, 5, 10]","I(M1,M2;T)"
280,0.0,0.06059431356479571,0.009794632391738799,1000,10,"[5, 5, 10]","I(M1,M2;T)"
281,0.0,0.043555461246188476,-0.007173654828881694,1000,10,"[5, 5, 10]","I(M1,M2;T)"
282,0.0,0.05317352842934276,0.0023181991318280137,1000,10,"[5, 5, 10]","I(M1,M2;T)"
283,0.0,0.04514970399591765,-0.006508188005812612,1000,10,"[5, 5, 10]","I(M1,M2;T)"
284,0.0,0.051305900634570675,-0.0005955759123333487,1000,10,"[5, 5, 10]","I(M1,M2;T)"
285,0.0,0.06036155719801759,0.008738052779673822,1000,10,"[5, 5, 10]","I(M1,M2;T)"
286,0.0,0.05044173674469709,-0.0003963159753956058,1000,10,"[5, 5, 10]","I(M1,M2;T)"
287,0.0,0.05049642712841124,-0.0005448415273604582,1000,10,"[5, 5, 10]","I(M1,M2;T)"
288,0.0,0.056490688281336604,0.005478879709843343,1000,10,"[5, 5, 10]","I(M1,M2;T)"
289,0.0,0.04200797568029985,-0.009266171226087333,1000,10,"[5, 5, 10]","I(M1,M2;T)"
290,0.0,0.04618316171588989,-0.004936454916475638,1000,10,"[5, 5, 10]","I(M1,M2;T)"
291,0.0,0.05125811417323983,0.0002476976561696792,1000,10,"[5, 5, 10]","I(M1,M2;T)"
292,0.0,0.059728404865822725,0.008798119871390814,1000,10,"[5, 5, 10]","I(M1,M2;T)"
293,0.0,0.047757987867439726,-0.0035707893477507843,1000,10,"[5, 5, 10]","I(M1,M2;T)"
294,0.0,0.05509020115900645,0.0039765449954889745,1000,10,"[5, 5, 10]","I(M1,M2;T)"
295,0.0,0.05631157099526251,0.005060529981544576,1000,10,"[5, 5, 10]","I(M1,M2;T)"
296,0.0,0.03935542682722796,-0.011850176173856954,1000,10,"[5, 5, 10]","I(M1,M2;T)"
297,0.0,0.057048050250591426,0.0059317394279609775,1000,10,"[5, 5, 10]","I(M1,M2;T)"
298,0.0,0.05373597321747762,0.003126416429179324,1000,10,"[5, 5, 10]","I(M1,M2;T)"
299,0.0,0.050568066331508975,-0.0002752065067799861,1000,10,"[5, 5, 10]","I(M1,M2;T)"
300,0.0,0.05038283148208952,-0.001296224953238799,1000,10,"[5, 5, 10]","I(M1,M2;T)"
301,0.0,0.04052925189843719,-0.00978222363121057,1000,10,"[5, 5, 10]","I(M1,M2;T)"
302,0.0,0.04589140383326655,-0.00498048318194369,1000,10,"[5, 5, 10]","I(M1,M2;T)"
303,0.0,0.05842846183559645,0.006782089125625085,1000,10,"[5, 5, 10]","I(M1,M2;T)"
304,0.0,0.04101563212091963,-0.010269684732875942,1000,10,"[5, 5, 10]","I(M1,M2;T)"
305,0.0,0.06059589734797354,0.00958435479653414,1000,10,"[5, 5, 10]","I(M1,M2;T)"
306,0.0,0.07286909662046845,0.022250202412693473,1000,10,"[5, 5, 10]","I(M1,M2;T)"
307,0.0,0.03516467165230658,-0.016528666742216584,1000,10,"[5, 5, 10]","I(M1,M2;T)"
308,0.0,0.04748735051459678,-0.0036719609829738292,1000,10,"[5, 5, 10]","I(M1,M2;T)"
309,0.0,0.03804739648060922,-0.013242014354143156,1000,10,"[5, 5, 10]","I(M1,M2;T)"
310,0.0,0.058855121542397554,0.007007859361417346,1000,10,"[5, 5, 10]","I(M1,M2;T)"
311,0.0,0.04871440231317323,-0.0022674294877151197,1000,10,"[5, 5, 10]","I(M1,M2;T)"
312,0.0,0.04164567918343458,-0.00988098469075186,1000,10,"[5, 5, 10]","I(M1,M2;T)"
313,0.0,0.05309594388394474,0.0012990429871696657,1000,10,"[5, 5, 10]","I(M1,M2;T)"
314,0.0,0.05052067449041275,-0.0001092440053260535,1000,10,"[5, 5, 10]","I(M1,M2;T)"
315,0.0,0.061583664558350876,0.009956206724520002,1000,10,"[5, 5, 10]","I(M1,M2;T)"
316,0.0,0.041554371958327826,-0.009521899893987947,1000,10,"[5, 5, 10]","I(M1,M2;T)"
317,0.0,0.04838010237997991,-0.0028223915433378266,1000,10,"[5, 5, 10]","I(M1,M2;T)"
318,0.0,0.04823195025586474,-0.003415265775380122,1000,10,"[5, 5, 10]","I(M1,M2;T)"
319,0.0,0.05809515748270684,0.007253361835455684,1000,10,"[5, 5, 10]","I(M1,M2;T)"
320,0.0,0.05295151477144566,0.0012021255673164977,1000,10,"[5, 5, 10]","I(M1,M2;T)"
321,0.0,0.05785776115986632,0.006629480203755485,1000,10,"[5, 5, 10]","I(M1,M2;T)"
322,0.0,0.052899716217158346,0.0015982521067983632,1000,10,"[5, 5, 10]","I(M1,M2;T)"
323,0.0,0.05517556670578654,0.004767481099410595,1000,10,"[5, 5, 10]","I(M1,M2;T)"
324,0.0,0.041514518206529065,-0.010030296210169161,1000,10,"[5, 5, 10]","I(M1,M2;T)"
325,0.0,0.044110459031372076,-0.007731599110254811,1000,10,"[5, 5, 10]","I(M1,M2;T)"
326,0.0,0.05127994438503056,-0.00028894200136959924,1000,10,"[5, 5, 10]","I(M1,M2;T)"
327,0.0,0.035550810487510576,-0.014652394517730323,1000,10,"[5, 5, 10]","I(M1,M2;T)"
328,0.0,0.055717849662878356,0.004106029136036575,1000,10,"[5, 5, 10]","I(M1,M2;T)"
329,0.0,0.03407307582981933,-0.016723003965075388,1000,10,"[5, 5, 10]","I(M1,M2;T)"
330,0.0,0.04749543219506373,-0.0034946155602965587,1000,10,"[5, 5, 10]","I(M1,M2;T)"
331,0.0,0.03879270163034744,-0.012779353286764897,1000,10,"[5, 5, 10]","I(M1,M2;T)"
332,0.0,0.050203568675412404,-0.0008150173987109127,1000,10,"[5, 5, 10]","I(M1,M2;T)"
333,0.0,0.0507404636847659,-0.0005629782370504405,1000,10,"[5, 5, 10]","I(M1,M2;T)"
334,0.0,0.04318087208631556,-0.007664430895912171,1000,10,"[5, 5, 10]","I(M1,M2;T)"
335,0.0,0.0486282954076277,-0.0028251758607899663,1000,10,"[5, 5, 10]","I(M1,M2;T)"
336,0.0,0.05604768222107667,0.005741060901506813,1000,10,"[5, 5, 10]","I(M1,M2;T)"
337,0.0,0.042227870003835745,-0.008693429096630435,1000,10,"[5, 5, 10]","I(M1,M2;T)"
338,0.0,0.055055667794689386,0.004098195992569442,1000,10,"[5, 5, 10]","I(M1,M2;T)"
339,0.0,0.047714444447383327,-0.0036706720234090245,1000,10,"[5, 5, 10]","I(M1,M2;T)"
340,0.0,0.053690653371656,0.0025098651648494327,1000,10,"[5, 5, 10]","I(M1,M2;T)"
341,0.0,0.0499906951408689,-0.0008322539520131955,1000,10,"[5, 5, 10]","I(M1,M2;T)"
342,0.0,0.05143273109301287,0.0005918644154153524,1000,10,"[5, 5, 10]","I(M1,M2;T)"
343,0.0,0.04451714999223172,-0.006416771910180967,1000,10,"[5, 5, 10]","I(M1,M2;T)"
344,0.0,0.04699893357194854,-0.0043212924295906105,1000,10,"[5, 5, 10]","I(M1,M2;T)"
345,0.0,0.0521087400606444,0.0006844010146714319,1000,10,"[5, 5, 10]","I(M1,M2;T)"
346,0.0,0.05709664036422883,0.005866725488953277,1000,10,"[5, 5, 10]","I(M1,M2;T)"
347,0.0,0.05153822616068306,0.000254178822084887,1000,10,"[5, 5, 10]","I(M1,M2;T)"
348,0.0,0.047181831372770815,-0.0040180306923739,1000,10,"[5, 5, 10]","I(M1,M2;T)"
349,0.0,0.04241057950083956,-0.008985785477505386,1000,10,"[5, 5, 10]","I(M1,M2;T)"
350,0.0,0.043891431221591476,-0.0069960902495155575,1000,10,"[5, 5, 10]","I(M1,M2;T)"
351,0.0,0.04717793534087433,-0.004170129277122493,1000,10,"[5, 5, 10]","I(M1,M2;T)"
352,0.0,0.06220859515706483,0.010940842078789675,1000,10,"[5, 5, 10]","I(M1,M2;T)"
353,0.0,0.04382114870062934,-0.006935330574853481,1000,10,"[5, 5, 10]","I(M1,M2;T)"
354,0.0,0.04502463183110188,-0.006132255523128356,1000,10,"[5, 5, 10]","I(M1,M2;T)"
355,0.0,0.04732374706750388,-0.003961797203605177,1000,10,"[5, 5, 10]","I(M1,M2;T)"
356,0.0,0.05123601875196583,-0.00033132984482117656,1000,10,"[5, 5, 10]","I(M1,M2;T)"
357,0.0,0.05703539566296622,0.005790796025608398,1000,10,"[5, 5, 10]","I(M1,M2;T)"
358,0.0,0.041007694827805335,-0.009916365326788239,1000,10,"[5, 5, 10]","I(M1,M2;T)"
359,0.0,0.04778434532776017,-0.0038724528852324483,1000,10,"[5, 5, 10]","I(M1,M2;T)"
360,0.0,0.043564026533421465,-0.008148828803453384,1000,10,"[5, 5, 10]","I(M1,M2;T)"
361,0.0,0.05342684265828491,0.0023799131671639814,1000,10,"[5, 5, 10]","I(M1,M2;T)"
362,0.0,0.039745824600984754,-0.011753194625960445,1000,10,"[5, 5, 10]","I(M1,M2;T)"
363,0.0,0.0582653814673882,0.0065804167254385,1000,10,"[5, 5, 10]","I(M1,M2;T)"
364,0.0,0.048675330708538384,-0.0023355789658204007,1000,10,"[5, 5, 10]","I(M1,M2;T)"
365,0.0,0.05712927052392175,0.006149189734272781,1000,10,"[5, 5, 10]","I(M1,M2;T)"
366,0.0,0.0489171764921055,-0.002428489893970022,1000,10,"[5, 5, 10]","I(M1,M2;T)"
367,0.0,0.0630729083655996,0.011145250562279857,1000,10,"[5, 5, 10]","I(M1,M2;T)"
368,0.0,0.049701979238380434,-0.0009749803388923867,1000,10,"[5, 5, 10]","I(M1,M2;T)"
369,0.0,0.0527784193575718,0.0021821288992425678,1000,10,"[5, 5, 10]","I(M1,M2;T)"
370,0.0,0.05039062083933175,-0.0005508224699116715,1000,10,"[5, 5, 10]","I(M1,M2;T)"
371,0.0,0.060302642677950546,0.008770391007589654,1000,10,"[5, 5, 10]","I(M1,M2;T)"
372,0.0,0.05494847929904691,0.003703492825728197,1000,10,"[5, 5, 10]","I(M1,M2;T)"
373,0.0,0.04614854753130524,-0.0052398456278019145,1000,10,"[5, 5, 10]","I(M1,M2;T)"
374,0.0,0.050412575763419135,-0.0008456481493379214,1000,10,"[5, 5, 10]","I(M1,M2;T)"
375,0.0,0.04166035628360682,-0.009239609709150755,1000,10,"[5, 5, 10]","I(M1,M2;T)"
376,0.0,0.042128896700117546,-0.008853037646491403,1000,10,"[5, 5, 10]","I(M1,M2;T)"
377,0.0,0.06066416022292126,0.00902580515097539,1000,10,"[5, 5, 10]","I(M1,M2;T)"
378,0.0,0.046490834124175026,-0.004571565560630361,1000,10,"[5, 5, 10]","I(M1,M2;T)"
379,0.0,0.05363270308747394,0.0027603691988068377,1000,10,"[5, 5, 10]","I(M1,M2;T)"
380,0.0,0.04811224313466541,-0.003283898073981578,1000,10,"[5, 5, 10]","I(M1,M2;T)"
381,0.0,0.04275333812361094,-0.008926821150260923,1000,10,"[5, 5, 10]","I(M1,M2;T)"
382,0.0,0.05590313976806288,0.005008375037031186,1000,10,"[5, 5, 10]","I(M1,M2;T)"
383,0.0,0.045947993336831965,-0.005194870913236081,1000,10,"[5, 5, 10]","I(M1,M2;T)"
384,0.0,0.04449251583502779,-0.006318230995325087,1000,10,"[5, 5, 10]","I(M1,M2;T)"
385,0.0,0.04847759076220592,-0.0029320110976728403,1000,10,"[5, 5, 10]","I(M1,M2;T)"
386,0.0,0.04932814748386751,-0.0022823009567892877,1000,10,"[5, 5, 10]","I(M1,M2;T)"
387,0.0,0.06311276776187565,0.012342978448679778,1000,10,"[5, 5, 10]","I(M1,M2;T)"
388,0.0,0.04542153243395565,-0.0051830219511628944,1000,10,"[5, 5, 10]","I(M1,M2;T)"
389,0.0,0.049941124262363856,-0.0009676092314185314,1000,10,"[5, 5, 10]","I(M1,M2;T)"
390,0.0,0.05452750648884568,0.003557053549579095,1000,10,"[5, 5, 10]","I(M1,M2;T)"
391,0.0,0.05745886311688123,0.006210132708546326,1000,10,"[5, 5, 10]","I(M1,M2;T)"
392,0.0,0.05462202815584895,0.003741946184770681,1000,10,"[5, 5, 10]","I(M1,M2;T)"
393,0.0,0.05721638226683074,0.005931924642174943,1000,10,"[5, 5, 10]","I(M1,M2;T)"
394,0.0,0.04470536453840357,-0.00621241127212406,1000,10,"[5, 5, 10]","I(M1,M2;T)"
395,0.0,0.057187612393017166,0.005758622675344577,1000,10,"[5, 5, 10]","I(M1,M2;T)"
396,0.0,0.047370663054755874,-0.003369913872961275,1000,10,"[5, 5, 10]","I(M1,M2;T)"
397,0.0,0.0519340607829913,0.0006375178444795945,1000,10,"[5, 5, 10]","I(M1,M2;T)"
398,0.0,0.03970280927640927,-0.011671338786828744,1000,10,"[5, 5, 10]","I(M1,M2;T)"
399,0.0,0.04766880458734528,-0.0038169286894046,1000,10,"[5, 5, 10]","I(M1,M2;T)"
400,0.0,0.053419917852205664,0.0019840419278959742,1000,10,"[5, 5, 10]","I(M1,M2;T)"
401,0.0,0.04739101203278337,-0.003815837773291357,1000,10,"[5, 5, 10]","I(M1,M2;T)"
402,0.0,0.04218122524833889,-0.008613140057375082,1000,10,"[5, 5, 10]","I(M1,M2;T)"
403,0.0,0.04290645683994656,-0.008407220140989644,1000,10,"[5, 5, 10]","I(M1,M2;T)"
404,0.0,0.048700339213992944,-0.0024945925098659102,1000,10,"[5, 5, 10]","I(M1,M2;T)"
405,0.0,0.046550475345845034,-0.004484368843453858,1000,10,"[5, 5, 10]","I(M1,M2;T)"
406,0.0,0.05903258211702561,0.0080875147852036,1000,10,"[5, 5, 10]","I(M1,M2;T)"
407,0.0,0.05380038702408013,0.0029164762869107533,1000,10,"[5, 5, 10]","I(M1,M2;T)"
408,0.0,0.06145685395188616,0.009655994308458406,1000,10,"[5, 5, 10]","I(M1,M2;T)"
409,0.0,0.04958528262986814,-0.0024575837554774507,1000,10,"[5, 5, 10]","I(M1,M2;T)"
410,0.0,0.043160490093305054,-0.007797280672361059,1000,10,"[5, 5, 10]","I(M1,M2;T)"
411,0.0,0.04972324455395556,-0.0017371538604768408,1000,10,"[5, 5, 10]","I(M1,M2;T)"
412,0.0,0.05966022649541071,0.00842043184499066,1000,10,"[5, 5, 10]","I(M1,M2;T)"
413,0.0,0.05753388447988973,0.0068724730601657374,1000,10,"[5, 5, 10]","I(M1,M2;T)"
414,0.0,0.05195841093602882,0.00048668948626637287,1000,10,"[5, 5, 10]","I(M1,M2;T)"
415,0.0,0.042483364087908856,-0.008769102912845154,1000,10,"[5, 5, 10]","I(M1,M2;T)"
416,0.0,0.04372682617391321,-0.00693436329295051,1000,10,"[5, 5, 10]","I(M1,M2;T)"
417,0.0,0.04574906567402026,-0.005462272747497797,1000,10,"[5, 5, 10]","I(M1,M2;T)"
418,0.0,0.040030668082199294,-0.01094477260711315,1000,10,"[5, 5, 10]","I(M1,M2;T)"
419,0.0,0.04686465329725091,-0.004615324151397204,1000,10,"[5, 5, 10]","I(M1,M2;T)"
420,0.0,0.060318267712937884,0.009310224260522262,1000,10,"[5, 5, 10]","I(M1,M2;T)"
421,0.0,0.04646806488253315,-0.00459609711498981,1000,10,"[5, 5, 10]","I(M1,M2;T)"
422,0.0,0.052914199571934946,0.0012253927668239364,1000,10,"[5, 5, 10]","I(M1,M2;T)"
423,0.0,0.054162921961716286,0.003548644018979287,1000,10,"[5, 5, 10]","I(M1,M2;T)"
424,0.0,0.04946181706689673,-0.0015940868599178468,1000,10,"[5, 5, 10]","I(M1,M2;T)"
425,0.0,0.05223462885793313,0.0014581854705918301,1000,10,"[5, 5, 10]","I(M1,M2;T)"
426,0.0,0.04168749867885778,-0.00949459912231674,1000,10,"[5, 5, 10]","I(M1,M2;T)"
427,0.0,0.04449941113601495,-0.006683054137730064,1000,10,"[5, 5, 10]","I(M1,M2;T)"
428,0.0,0.05162929083016764,0.0002951719409153633,1000,10,"[5, 5, 10]","I(M1,M2;T)"
429,0.0,0.03916624197301535,-0.011470683279870747,1000,10,"[5, 5, 10]","I(M1,M2;T)"
430,0.0,0.04807828293369165,-0.0031446594129678,1000,10,"[5, 5, 10]","I(M1,M2;T)"
431,0.0,0.04672116724054571,-0.005073116547246341,1000,10,"[5, 5, 10]","I(M1,M2;T)"
432,0.0,0.04756323184775448,-0.0035260499812887827,1000,10,"[5, 5, 10]","I(M1,M2;T)"
433,0.0,0.04676595968234429,-0.004709324747339573,1000,10,"[5, 5, 10]","I(M1,M2;T)"
434,0.0,0.04569455019360688,-0.005248946340822722,1000,10,"[5, 5, 10]","I(M1,M2;T)"
435,0.0,0.04907076126008044,-0.0019182394631887603,1000,10,"[5, 5, 10]","I(M1,M2;T)"
436,0.0,0.04138040583010839,-0.00943836327915841,1000,10,"[5, 5, 10]","I(M1,M2;T)"
437,0.0,0.048821371253053795,-0.0023647832100866933,1000,10,"[5, 5, 10]","I(M1,M2;T)"
438,0.0,0.04129093140557598,-0.009574753424880608,1000,10,"[5, 5, 10]","I(M1,M2;T)"
439,0.0,0.041366512217342014,-0.009862389260388287,1000,10,"[5, 5, 10]","I(M1,M2;T)"
440,0.0,0.04212605235595389,-0.009143986381851099,1000,10,"[5, 5, 10]","I(M1,M2;T)"
441,0.0,0.0617104267913601,0.01070038900491687,1000,10,"[5, 5, 10]","I(M1,M2;T)"
442,0.0,0.04314892460155849,-0.007783111612910218,1000,10,"[5, 5, 10]","I(M1,M2;T)"
443,0.0,0.04955358971571698,-0.0015328429015480857,1000,10,"[5, 5, 10]","I(M1,M2;T)"
444,0.0,0.06497405003915017,0.014073094605309533,1000,10,"[5, 5, 10]","I(M1,M2;T)"
445,0.0,0.05413385156109348,0.0032675849338018106,1000,10,"[5, 5, 10]","I(M1,M2;T)"
446,0.0,0.042470736270189276,-0.008792122325110091,1000,10,"[5, 5, 10]","I(M1,M2;T)"
447,0.0,0.05494340623896005,0.0037173131529431233,1000,10,"[5, 5, 10]","I(M1,M2;T)"
448,0.0,0.049781261029467234,-0.0008688881814178095,1000,10,"[5, 5, 10]","I(M1,M2;T)"
449,0.0,0.048080583015620265,-0.0030550083367761743,1000,10,"[5, 5, 10]","I(M1,M2;T)"
450,0.0,0.043200677101543836,-0.007968882965318988,1000,10,"[5, 5, 10]","I(M1,M2;T)"
451,0.0,0.04881335362316927,-0.0019433840593963414,1000,10,"[5, 5, 10]","I(M1,M2;T)"
452,0.0,0.0469434419083927,-0.004229207523739793,1000,10,"[5, 5, 10]","I(M1,M2;T)"
453,0.0,0.04992610042087121,-0.0009862911363798799,1000,10,"[5, 5, 10]","I(M1,M2;T)"
454,0.0,0.061599108902201924,0.010635374495992542,1000,10,"[5, 5, 10]","I(M1,M2;T)"
455,0.0,0.0539440763646975,0.0023625712553973777,1000,10,"[5, 5, 10]","I(M1,M2;T)"
456,0.0,0.04782273892587975,-0.0030151960966666724,1000,10,"[5, 5, 10]","I(M1,M2;T)"
457,0.0,0.05683591320690904,0.005888187791498169,1000,10,"[5, 5, 10]","I(M1,M2;T)"
458,0.0,0.05244624345378201,0.0012463784844115589,1000,10,"[5, 5, 10]","I(M1,M2;T)"
459,0.0,0.04069336946537959,-0.010765938064145782,1000,10,"[5, 5, 10]","I(M1,M2;T)"
460,0.0,0.045655248576255844,-0.005719551829255869,1000,10,"[5, 5, 10]","I(M1,M2;T)"
461,0.0,0.041047418943254026,-0.009541574709222476,1000,10,"[5, 5, 10]","I(M1,M2;T)"
462,0.0,0.05191248196939459,0.00016222050605356475,1000,10,"[5, 5, 10]","I(M1,M2;T)"
463,0.0,0.047500458281424615,-0.0038038222401235097,1000,10,"[5, 5, 10]","I(M1,M2;T)"
464,0.0,0.04745982636582703,-0.004427392882000156,1000,10,"[5, 5, 10]","I(M1,M2;T)"
465,0.0,0.05319387715372231,0.0017685629906501535,1000,10,"[5, 5, 10]","I(M1,M2;T)"
466,0.0,0.04578778836074212,-0.005348437705106866,1000,10,"[5, 5, 10]","I(M1,M2;T)"
467,0.0,0.06749962628462357,0.01658663039007259,1000,10,"[5, 5, 10]","I(M1,M2;T)"
468,0.0,0.04219835062738214,-0.008693910404840216,1000,10,"[5, 5, 10]","I(M1,M2;T)"
469,0.0,0.057831920674445245,0.006748517915380135,1000,10,"[5, 5, 10]","I(M1,M2;T)"
470,0.0,0.06527388887731653,0.01436002738751932,1000,10,"[5, 5, 10]","I(M1,M2;T)"
471,0.0,0.05666488504281433,0.005461229200344135,1000,10,"[5, 5, 10]","I(M1,M2;T)"
472,0.0,0.05317821947907395,0.002028768290428827,1000,10,"[5, 5, 10]","I(M1,M2;T)"
473,0.0,0.05416316152625351,0.0026702226036146026,1000,10,"[5, 5, 10]","I(M1,M2;T)"
474,0.0,0.05922825140678783,0.00790364512252302,1000,10,"[5, 5, 10]","I(M1,M2;T)"
475,0.0,0.051534981760693585,0.0003123951188415547,1000,10,"[5, 5, 10]","I(M1,M2;T)"
476,0.0,0.05754858431900832,0.005978896440116788,1000,10,"[5, 5, 10]","I(M1,M2;T)"
477,0.0,0.05294858959752518,0.0017322542129771384,1000,10,"[5, 5, 10]","I(M1,M2;T)"
478,0.0,0.050534024489647444,-0.0009021547834809976,1000,10,"[5, 5, 10]","I(M1,M2;T)"
479,0.0,0.04399046740968459,-0.006921463620085347,1000,10,"[5, 5, 10]","I(M1,M2;T)"
480,0.0,0.054706313411761576,0.003397420936934674,1000,10,"[5, 5, 10]","I(M1,M2;T)"
481,0.0,0.04504536815140628,-0.006396858548923481,1000,10,"[5, 5, 10]","I(M1,M2;T)"
482,0.0,0.04209187100597322,-0.00929254504238071,1000,10,"[5, 5, 10]","I(M1,M2;T)"
483,0.0,0.053743087256002874,0.0026937273493700398,1000,10,"[5, 5, 10]","I(M1,M2;T)"
484,0.0,0.06397272514749926,0.012978569865143869,1000,10,"[5, 5, 10]","I(M1,M2;T)"
485,0.0,0.05608292911492469,0.004553543499107179,1000,10,"[5, 5, 10]","I(M1,M2;T)"
486,0.0,0.04478494953320083,-0.006328738222618424,1000,10,"[5, 5, 10]","I(M1,M2;T)"
487,0.0,0.05438918648670209,0.003235570477088112,1000,10,"[5, 5, 10]","I(M1,M2;T)"
488,0.0,0.03858694424669456,-0.012279449024122466,1000,10,"[5, 5, 10]","I(M1,M2;T)"
489,0.0,0.05665734589229259,0.0058267458349714335,1000,10,"[5, 5, 10]","I(M1,M2;T)"
490,0.0,0.04914618238115449,-0.001732458300867358,1000,10,"[5, 5, 10]","I(M1,M2;T)"
491,0.0,0.059929713369940046,0.00841113540236857,1000,10,"[5, 5, 10]","I(M1,M2;T)"
492,0.0,0.04400709778623068,-0.006918537722947302,1000,10,"[5, 5, 10]","I(M1,M2;T)"
493,0.0,0.051002476454893975,-0.0003987372370431036,1000,10,"[5, 5, 10]","I(M1,M2;T)"
494,0.0,0.05093499166029905,-0.00046846159029811235,1000,10,"[5, 5, 10]","I(M1,M2;T)"
495,0.0,0.06249147248627489,0.01098710929977463,1000,10,"[5, 5, 10]","I(M1,M2;T)"
496,0.0,0.05045058048617941,-0.0007003287594014029,1000,10,"[5, 5, 10]","I(M1,M2;T)"
497,0.0,0.053765374189400444,0.0025204395437861127,1000,10,"[5, 5, 10]","I(M1,M2;T)"
498,0.0,0.042047931446398415,-0.008681648989877555,1000,10,"[5, 5, 10]","I(M1,M2;T)"
499,0.0,0.05137335635613306,0.000286978573113765,1000,10,"[5, 5, 10]","I(M1,M2;T)"
500,0.0,0.057448269559795,0.006567534256753951,1000,10,"[5, 5, 10]","I(M1,M2;T)"
501,0.0,0.054306348659066125,0.0032846911330579806,1000,10,"[5, 5, 10]","I(M1,M2;T)"
502,0.0,0.05308276286899462,0.0016170523943598789,1000,10,"[5, 5, 10]","I(M1,M2;T)"
503,0.0,0.045819923981825196,-0.0053723310270203314,1000,10,"[5, 5, 10]","I(M1,M2;T)"
504,0.0,0.04618090900410581,-0.005205328755390863,1000,10,"[5, 5, 10]","I(M1,M2;T)"
505,0.0,0.05576709110737066,0.005541212402554764,1000,10,"[5, 5, 10]","I(M1,M2;T)"
506,0.0,0.04695162059097825,-0.003995222527223077,1000,10,"[5, 5, 10]","I(M1,M2;T)"
507,0.0,0.04335062316480563,-0.007756413830848713,1000,10,"[5, 5, 10]","I(M1,M2;T)"
508,0.0,0.03610382512128403,-0.01548828923614698,1000,10,"[5, 5, 10]","I(M1,M2;T)"
509,0.0,0.051879138871224986,0.00042913907196651807,1000,10,"[5, 5, 10]","I(M1,M2;T)"
510,0.0,0.042056605728674125,-0.008805701402710649,1000,10,"[5, 5, 10]","I(M1,M2;T)"
511,0.0,0.05785352716475007,0.006546762612594924,1000,10,"[5, 5, 10]","I(M1,M2;T)"
512,0.0,0.04961908915932037,-0.0012038062524466764,1000,10,"[5, 5, 10]","I(M1,M2;T)"
513,0.0,0.04813583803467135,-0.003248029850686271,1000,10,"[5, 5, 10]","I(M1,M2;T)"
514,0.0,0.05524352699441357,0.003911707790635599,1000,10,"[5, 5, 10]","I(M1,M2;T)"
515,0.0,0.05575048388788689,0.005071349085563739,1000,10,"[5, 5, 10]","I(M1,M2;T)"
516,0.0,0.05477512915644607,0.0033340909882779365,1000,10,"[5, 5, 10]","I(M1,M2;T)"
517,0.0,0.04576955558628852,-0.006027907906277635,1000,10,"[5, 5, 10]","I(M1,M2;T)"
518,0.0,0.04314216079325916,-0.008244842981066335,1000,10,"[5, 5, 10]","I(M1,M2;T)"
519,0.0,0.04930526342035896,-0.0020596442634454384,1000,10,"[5, 5, 10]","I(M1,M2;T)"
520,0.0,0.057453108568113274,0.006182160295444175,1000,10,"[5, 5, 10]","I(M1,M2;T)"
521,0.0,0.04692045819525974,-0.0045038624885397616,1000,10,"[5, 5, 10]","I(M1,M2;T)"
522,0.0,0.05906992196324484,0.007944042171983925,1000,10,"[5, 5, 10]","I(M1,M2;T)"
523,0.0,0.05469768101630512,0.003873674940233239,1000,10,"[5, 5, 10]","I(M1,M2;T)"
524,0.0,0.041429221288855386,-0.010578427585323895,1000,10,"[5, 5, 10]","I(M1,M2;T)"
525,0.0,0.05117848208368629,0.0006935658612343756,1000,10,"[5, 5, 10]","I(M1,M2;T)"
526,0.0,0.04913823181553422,-0.0015347485641480432,1000,10,"[5, 5, 10]","I(M1,M2;T)"
527,0.0,0.06076530785732277,0.009217911289892688,1000,10,"[5, 5, 10]","I(M1,M2;T)"
528,0.0,0.048208420128142956,-0.002413286788913567,1000,10,"[5, 5, 10]","I(M1,M2;T)"
529,0.0,0.05800922831811458,0.006868402345324369,1000,10,"[5, 5, 10]","I(M1,M2;T)"
530,0.0,0.05732345431946247,0.006084578663557348,1000,10,"[5, 5, 10]","I(M1,M2;T)"
531,0.0,0.06476508457820553,0.013709560724626646,1000,10,"[5, 5, 10]","I(M1,M2;T)"
532,0.0,0.04273637539883035,-0.00855525903871205,1000,10,"[5, 5, 10]","I(M1,M2;T)"
533,0.0,0.0441861055134561,-0.0073214981291738965,1000,10,"[5, 5, 10]","I(M1,M2;T)"
534,0.0,0.057873077788000236,0.006711013432403219,1000,10,"[5, 5, 10]","I(M1,M2;T)"
535,0.0,0.04438762707991857,-0.007507060297833525,1000,10,"[5, 5, 10]","I(M1,M2;T)"
536,0.0,0.045013963675409,-0.005832340567481241,1000,10,"[5, 5, 10]","I(M1,M2;T)"
537,0.0,0.046254910016907555,-0.004580775959676403,1000,10,"[5, 5, 10]","I(M1,M2;T)"
538,0.0,0.041820230194236155,-0.00882398039444627,1000,10,"[5, 5, 10]","I(M1,M2;T)"
539,0.0,0.06067163651074776,0.008904962688537715,1000,10,"[5, 5, 10]","I(M1,M2;T)"
540,0.0,0.04203569331651845,-0.00951480456226892,1000,10,"[5, 5, 10]","I(M1,M2;T)"
541,0.0,0.033790649389194675,-0.017469111004332308,1000,10,"[5, 5, 10]","I(M1,M2;T)"
542,0.0,0.05694238906034431,0.0060488574945995605,1000,10,"[5, 5, 10]","I(M1,M2;T)"
543,0.0,0.06375259014568609,0.013106053688239014,1000,10,"[5, 5, 10]","I(M1,M2;T)"
544,0.0,0.04607799199957267,-0.005368022956981425,1000,10,"[5, 5, 10]","I(M1,M2;T)"
545,0.0,0.04754597556102837,-0.0031932029803961454,1000,10,"[5, 5, 10]","I(M1,M2;T)"
546,0.0,0.042858202870574395,-0.008483678647325257,1000,10,"[5, 5, 10]","I(M1,M2;T)"
547,0.0,0.061385090143414686,0.010217074676311708,1000,10,"[5, 5, 10]","I(M1,M2;T)"
548,0.0,0.049691940367069136,-0.0009699820311610541,1000,10,"[5, 5, 10]","I(M1,M2;T)"
549,0.0,0.04963443355449948,-0.0011587621812979496,1000,10,"[5, 5, 10]","I(M1,M2;T)"
550,0.0,0.06362943631491372,0.012066092346661741,1000,10,"[5, 5, 10]","I(M1,M2;T)"
551,0.0,0.05302797227222492,0.0023843173945019974,1000,10,"[5, 5, 10]","I(M1,M2;T)"
552,0.0,0.036436027514440035,-0.014916797661584637,1000,10,"[5, 5, 10]","I(M1,M2;T)"
553,0.0,0.05814344677903261,0.007466288823369388,1000,10,"[5, 5, 10]","I(M1,M2;T)"
554,0.0,0.04905098422260367,-0.0026885420889771958,1000,10,"[5, 5, 10]","I(M1,M2;T)"
555,0.0,0.05011337700212599,-0.0014329105855891006,1000,10,"[5, 5, 10]","I(M1,M2;T)"
556,0.0,0.047128276557622806,-0.004404668950020278,1000,10,"[5, 5, 10]","I(M1,M2;T)"
557,0.0,0.044457543670130086,-0.007031126124756197,1000,10,"[5, 5, 10]","I(M1,M2;T)"
558,0.0,0.050589860878325496,-0.0005019432413146535,1000,10,"[5, 5, 10]","I(M1,M2;T)"
559,0.0,0.06067422396347701,0.009257571436203767,1000,10,"[5, 5, 10]","I(M1,M2;T)"
560,0.0,0.05953837014192373,0.008010534062520211,1000,10,"[5, 5, 10]","I(M1,M2;T)"
561,0.0,0.05276454583592882,0.0021050293659685554,1000,10,"[5, 5, 10]","I(M1,M2;T)"
562,0.0,0.048963807051023836,-0.002695579820121932,1000,10,"[5, 5, 10]","I(M1,M2;T)"
563,0.0,0.052997793648082915,0.002086735375571941,1000,10,"[5, 5, 10]","I(M1,M2;T)"
564,0.0,0.047599226277147216,-0.0029113519073221267,1000,10,"[5, 5, 10]","I(M1,M2;T)"
565,0.0,0.04820286369175324,-0.002456288523644143,1000,10,"[5, 5, 10]","I(M1,M2;T)"
566,0.0,0.045426097699022096,-0.005928172182147216,1000,10,"[5, 5, 10]","I(M1,M2;T)"
567,0.0,0.04725545420209809,-0.004380832044296845,1000,10,"[5, 5, 10]","I(M1,M2;T)"
568,0.0,0.05058564795153539,-0.00035168848264250513,1000,10,"[5, 5, 10]","I(M1,M2;T)"
569,0.0,0.049084833732667206,-0.0027991354039814814,1000,10,"[5, 5, 10]","I(M1,M2;T)"
570,0.0,0.05725464660702676,0.006035380251507606,1000,10,"[5, 5, 10]","I(M1,M2;T)"
571,0.0,0.0536359754731971,0.0017838045505631783,1000,10,"[5, 5, 10]","I(M1,M2;T)"
572,0.0,0.05027164351719623,-0.0013412099768553842,1000,10,"[5, 5, 10]","I(M1,M2;T)"
573,0.0,0.052829410142509435,0.0011302549561684333,1000,10,"[5, 5, 10]","I(M1,M2;T)"
574,0.0,0.046952108137128586,-0.004737576609754518,1000,10,"[5, 5, 10]","I(M1,M2;T)"
575,0.0,0.03734309394998658,-0.013741566667562773,1000,10,"[5, 5, 10]","I(M1,M2;T)"
576,0.0,0.051383388905264046,-6.187087406685915e-05,1000,10,"[5, 5, 10]","I(M1,M2;T)"
577,0.0,0.04305288994737773,-0.007968922104364312,1000,10,"[5, 5, 10]","I(M1,M2;T)"
578,0.0,0.05153274356296985,-0.00012954077096380412,1000,10,"[5, 5, 10]","I(M1,M2;T)"
579,0.0,0.03774122546013432,-0.013769772514786602,1000,10,"[5, 5, 10]","I(M1,M2;T)"
580,0.0,0.05404024045969248,0.0031404284425696483,1000,10,"[5, 5, 10]","I(M1,M2;T)"
581,0.0,0.05840935480553894,0.00797496261985639,1000,10,"[5, 5, 10]","I(M1,M2;T)"
582,0.0,0.044553549171931696,-0.0065546264267453275,1000,10,"[5, 5, 10]","I(M1,M2;T)"
583,0.0,0.051861262974731745,0.0011179989216328276,1000,10,"[5, 5, 10]","I(M1,M2;T)"
584,0.0,0.055755763454500486,0.004414417553937004,1000,10,"[5, 5, 10]","I(M1,M2;T)"
585,0.0,0.04696535803805367,-0.004322878142165441,1000,10,"[5, 5, 10]","I(M1,M2;T)"
586,0.0,0.03364383934172378,-0.017108994205586432,1000,10,"[5, 5, 10]","I(M1,M2;T)"
587,0.0,0.05195425594058169,0.000604864779351226,1000,10,"[5, 5, 10]","I(M1,M2;T)"
588,0.0,0.046255087429347,-0.004929145580053307,1000,10,"[5, 5, 10]","I(M1,M2;T)"
589,0.0,0.053439226318756944,0.0018773929032607217,1000,10,"[5, 5, 10]","I(M1,M2;T)"
590,0.0,0.050356717921329716,-0.0005281986952984513,1000,10,"[5, 5, 10]","I(M1,M2;T)"
591,0.0,0.04710910513891334,-0.0037412981774875217,1000,10,"[5, 5, 10]","I(M1,M2;T)"
592,0.0,0.05015367347216828,-0.0012783942957646094,1000,10,"[5, 5, 10]","I(M1,M2;T)"
593,0.0,0.04031798594499399,-0.011073821118397803,1000,10,"[5, 5, 10]","I(M1,M2;T)"
594,0.0,0.056108213426117756,0.004894849959238612,1000,10,"[5, 5, 10]","I(M1,M2;T)"
595,0.0,0.06560304881837825,0.013953743182028314,1000,10,"[5, 5, 10]","I(M1,M2;T)"
596,0.0,0.04832779653086881,-0.0033316751691405758,1000,10,"[5, 5, 10]","I(M1,M2;T)"
597,0.0,0.050860936142332336,-0.0008328383660057628,1000,10,"[5, 5, 10]","I(M1,M2;T)"
598,0.0,0.0530059002187176,0.0011028252476967607,1000,10,"[5, 5, 10]","I(M1,M2;T)"
599,0.0,0.04970578378295885,-0.001044429663626674,1000,10,"[5, 5, 10]","I(M1,M2;T)"
600,0.0,0.0440578990394839,-0.00716430183654166,1000,10,"[5, 5, 10]","I(M1,M2;T)"
601,0.0,0.055013658880564975,0.004170985560924427,1000,10,"[5, 5, 10]","I(M1,M2;T)"
602,0.0,0.04121702918338955,-0.010424985710849169,1000,10,"[5, 5, 10]","I(M1,M2;T)"
603,0.0,0.05677435719372388,0.0062746857833896955,1000,10,"[5, 5, 10]","I(M1,M2;T)"
604,0.0,0.06055005266672253,0.009175582349630104,1000,10,"[5, 5, 10]","I(M1,M2;T)"
605,0.0,0.037933179469639595,-0.013066872555616199,1000,10,"[5, 5, 10]","I(M1,M2;T)"
606,0.0,0.04855218112963715,-0.0023809931004195733,1000,10,"[5, 5, 10]","I(M1,M2;T)"
607,0.0,0.05164877794978611,0.0002651473485896852,1000,10,"[5, 5, 10]","I(M1,M2;T)"
608,0.0,0.0492094061111818,-0.0029611578974616665,1000,10,"[5, 5, 10]","I(M1,M2;T)"
609,0.0,0.053758481554209425,0.00246488790791604,1000,10,"[5, 5, 10]","I(M1,M2;T)"
610,0.0,0.038048445512998574,-0.013176558254053825,1000,10,"[5, 5, 10]","I(M1,M2;T)"
611,0.0,0.04177025530839097,-0.0094836387067911,1000,10,"[5, 5, 10]","I(M1,M2;T)"
612,0.0,0.06023998588205124,0.008836845986432043,1000,10,"[5, 5, 10]","I(M1,M2;T)"
613,0.0,0.05573881254712209,0.005032495233203885,1000,10,"[5, 5, 10]","I(M1,M2;T)"
614,0.0,0.05382056891463481,0.002476272125305927,1000,10,"[5, 5, 10]","I(M1,M2;T)"
615,0.0,0.05647007274518329,0.005381819681448283,1000,10,"[5, 5, 10]","I(M1,M2;T)"
616,0.0,0.052086568090969516,0.00048420887542090923,1000,10,"[5, 5, 10]","I(M1,M2;T)"
617,0.0,0.05016900538626411,-0.0016279651839512382,1000,10,"[5, 5, 10]","I(M1,M2;T)"
618,0.0,0.05843466756981403,0.007294888073040413,1000,10,"[5, 5, 10]","I(M1,M2;T)"
619,0.0,0.06514100965924376,0.014243718322549434,1000,10,"[5, 5, 10]","I(M1,M2;T)"
620,0.0,0.060465340728926856,0.009045638528349345,1000,10,"[5, 5, 10]","I(M1,M2;T)"
621,0.0,0.04349438960212499,-0.0077758750690560055,1000,10,"[5, 5, 10]","I(M1,M2;T)"
622,0.0,0.04766174258885619,-0.003163691205341164,1000,10,"[5, 5, 10]","I(M1,M2;T)"
623,0.0,0.046662285559043254,-0.004698340548783944,1000,10,"[5, 5, 10]","I(M1,M2;T)"
624,0.0,0.04582631128742913,-0.005060264381386667,1000,10,"[5, 5, 10]","I(M1,M2;T)"
625,0.0,0.04807842154510116,-0.0035845340835217662,1000,10,"[5, 5, 10]","I(M1,M2;T)"
626,0.0,0.06954520759298916,0.018036568063077144,1000,10,"[5, 5, 10]","I(M1,M2;T)"
627,0.0,0.05983055129125574,0.008842859783329049,1000,10,"[5, 5, 10]","I(M1,M2;T)"
628,0.0,0.04213213826938257,-0.00894903272635246,1000,10,"[5, 5, 10]","I(M1,M2;T)"
629,0.0,0.0571373204354051,0.005654455948762939,1000,10,"[5, 5, 10]","I(M1,M2;T)"
630,0.0,0.044346949152509224,-0.007181929170973149,1000,10,"[5, 5, 10]","I(M1,M2;T)"
631,0.0,0.05381294276872055,0.0024311639701657256,1000,10,"[5, 5, 10]","I(M1,M2;T)"
632,0.0,0.0641576693729768,0.012611251322783706,1000,10,"[5, 5, 10]","I(M1,M2;T)"
633,0.0,0.057019342635861864,0.005783376732671076,1000,10,"[5, 5, 10]","I(M1,M2;T)"
634,0.0,0.06109578452330455,0.010116635673651946,1000,10,"[5, 5, 10]","I(M1,M2;T)"
635,0.0,0.04079083701789325,-0.009846598192172519,1000,10,"[5, 5, 10]","I(M1,M2;T)"
636,0.0,0.04671003972383342,-0.004334313113776203,1000,10,"[5, 5, 10]","I(M1,M2;T)"
637,0.0,0.05173729787885806,0.0005294782159704706,1000,10,"[5, 5, 10]","I(M1,M2;T)"
638,0.0,0.05620596472323563,0.004491886654955465,1000,10,"[5, 5, 10]","I(M1,M2;T)"
639,0.0,0.05739323012887632,0.005431265337113425,1000,10,"[5, 5, 10]","I(M1,M2;T)"
640,0.0,0.06160279485770745,0.010644606045251088,1000,10,"[5, 5, 10]","I(M1,M2;T)"
641,0.0,0.040814048573246775,-0.010139426293685222,1000,10,"[5, 5, 10]","I(M1,M2;T)"
642,0.0,0.05389873195036026,0.002699699886418626,1000,10,"[5, 5, 10]","I(M1,M2;T)"
643,0.0,0.04705233266036715,-0.004109301203694883,1000,10,"[5, 5, 10]","I(M1,M2;T)"
644,0.0,0.037446886430963944,-0.014191188042562239,1000,10,"[5, 5, 10]","I(M1,M2;T)"
645,0.0,0.05413536505186457,0.0029863265635175704,1000,10,"[5, 5, 10]","I(M1,M2;T)"
646,0.0,0.04917167689374752,-0.0019323581604642759,1000,10,"[5, 5, 10]","I(M1,M2;T)"
647,0.0,0.05530368093287186,0.003806814022986861,1000,10,"[5, 5, 10]","I(M1,M2;T)"
648,0.0,0.04675271813094127,-0.004005755642447505,1000,10,"[5, 5, 10]","I(M1,M2;T)"
649,0.0,0.0525579124830749,0.0011385514920045983,1000,10,"[5, 5, 10]","I(M1,M2;T)"
650,0.0,0.051528033950253814,0.0007200431159263276,1000,10,"[5, 5, 10]","I(M1,M2;T)"
651,0.0,0.04762073246595337,-0.0033813425638682254,1000,10,"[5, 5, 10]","I(M1,M2;T)"
652,0.0,0.04577645018531962,-0.005869499199039119,1000,10,"[5, 5, 10]","I(M1,M2;T)"
653,0.0,0.05645018634626245,0.00495619735392204,1000,10,"[5, 5, 10]","I(M1,M2;T)"
654,0.0,0.042761691606489495,-0.008439187589765307,1000,10,"[5, 5, 10]","I(M1,M2;T)"
655,0.0,0.05477131691526758,0.003445463921105514,1000,10,"[5, 5, 10]","I(M1,M2;T)"
656,0.0,0.04940135581757688,-0.0018527051127598879,1000,10,"[5, 5, 10]","I(M1,M2;T)"
657,0.0,0.05835509406786521,0.007093944180218838,1000,10,"[5, 5, 10]","I(M1,M2;T)"
658,0.0,0.0503859573797311,-0.0009584732424962952,1000,10,"[5, 5, 10]","I(M1,M2;T)"
659,0.0,0.04579435145598943,-0.005631091582011333,1000,10,"[5, 5, 10]","I(M1,M2;T)"
660,0.0,0.0538850409305673,0.0026731109678887477,1000,10,"[5, 5, 10]","I(M1,M2;T)"
661,0.0,0.05671853214649419,0.005576447977176012,1000,10,"[5, 5, 10]","I(M1,M2;T)"
662,0.0,0.05491746911679761,0.0035194261060939105,1000,10,"[5, 5, 10]","I(M1,M2;T)"
663,0.0,0.059921128087339355,0.008774313990819085,1000,10,"[5, 5, 10]","I(M1,M2;T)"
664,0.0,0.039649076377755964,-0.011613188732752841,1000,10,"[5, 5, 10]","I(M1,M2;T)"
665,0.0,0.04409114416918024,-0.006877313440422042,1000,10,"[5, 5, 10]","I(M1,M2;T)"
666,0.0,0.045003501993071224,-0.005867800792887852,1000,10,"[5, 5, 10]","I(M1,M2;T)"
667,0.0,0.056649114728939375,0.005401139693953463,1000,10,"[5, 5, 10]","I(M1,M2;T)"
668,0.0,0.04528134566582839,-0.00623476561056889,1000,10,"[5, 5, 10]","I(M1,M2;T)"
669,0.0,0.054089633689844735,0.003628945274160439,1000,10,"[5, 5, 10]","I(M1,M2;T)"
670,0.0,0.036946705452247444,-0.013888018537261265,1000,10,"[5, 5, 10]","I(M1,M2;T)"
671,0.0,0.03792118711385717,-0.013413411783139408,1000,10,"[5, 5, 10]","I(M1,M2;T)"
672,0.0,0.05551981652498536,0.004261799027562005,1000,10,"[5, 5, 10]","I(M1,M2;T)"
673,0.0,0.04080970137525408,-0.010765569166532853,1000,10,"[5, 5, 10]","I(M1,M2;T)"
674,0.0,0.057982697218319376,0.006177194758968656,1000,10,"[5, 5, 10]","I(M1,M2;T)"
675,0.0,0.04891901118938818,-0.0024341588567497116,1000,10,"[5, 5, 10]","I(M1,M2;T)"
676,0.0,0.04394679438812188,-0.0071528180735599065,1000,10,"[5, 5, 10]","I(M1,M2;T)"
677,0.0,0.056861338143450756,0.005652682928749618,1000,10,"[5, 5, 10]","I(M1,M2;T)"
678,0.0,0.04695003878487242,-0.004251527970171101,1000,10,"[5, 5, 10]","I(M1,M2;T)"
679,0.0,0.04773832946701753,-0.0034987137100341223,1000,10,"[5, 5, 10]","I(M1,M2;T)"
680,0.0,0.050985478554369176,1.0367359455996927e-05,1000,10,"[5, 5, 10]","I(M1,M2;T)"
681,0.0,0.03650234136836486,-0.014667081665899133,1000,10,"[5, 5, 10]","I(M1,M2;T)"
682,0.0,0.039760997551722896,-0.011776030728307796,1000,10,"[5, 5, 10]","I(M1,M2;T)"
683,0.0,0.05799301379010148,0.0062160367125031965,1000,10,"[5, 5, 10]","I(M1,M2;T)"
684,0.0,0.05901076486726463,0.0074931707595403685,1000,10,"[5, 5, 10]","I(M1,M2;T)"
685,0.0,0.060288964417442574,0.009198185311183098,1000,10,"[5, 5, 10]","I(M1,M2;T)"
686,0.0,0.06234889125021954,0.010906828876673276,1000,10,"[5, 5, 10]","I(M1,M2;T)"
687,0.0,0.045356938292565756,-0.005761980235878476,1000,10,"[5, 5, 10]","I(M1,M2;T)"
688,0.0,0.04085001155317798,-0.010446380978428857,1000,10,"[5, 5, 10]","I(M1,M2;T)"
689,0.0,0.06710436707371457,0.015406574561433226,1000,10,"[5, 5, 10]","I(M1,M2;T)"
690,0.0,0.044962694408344606,-0.006315905380089665,1000,10,"[5, 5, 10]","I(M1,M2;T)"
691,0.0,0.05281241134121577,0.0018579402428516717,1000,10,"[5, 5, 10]","I(M1,M2;T)"
692,0.0,0.0409128894080561,-0.010225295951529642,1000,10,"[5, 5, 10]","I(M1,M2;T)"
693,0.0,0.05151732481072027,0.0009438734071535795,1000,10,"[5, 5, 10]","I(M1,M2;T)"
694,0.0,0.055476699418377975,0.003914682733124009,1000,10,"[5, 5, 10]","I(M1,M2;T)"
695,0.0,0.04953527903803397,-0.0016197239787842793,1000,10,"[5, 5, 10]","I(M1,M2;T)"
696,0.0,0.0433035146090516,-0.0077280077431320995,1000,10,"[5, 5, 10]","I(M1,M2;T)"
697,0.0,0.05090381223028696,-3.409208054931667e-05,1000,10,"[5, 5, 10]","I(M1,M2;T)"
698,0.0,0.05421187027145396,0.003006434526908665,1000,10,"[5, 5, 10]","I(M1,M2;T)"
699,0.0,0.05210039660003859,0.0005494019762391569,1000,10,"[5, 5, 10]","I(M1,M2;T)"
700,0.0,0.05734963000163651,0.006057161932896536,1000,10,"[5, 5, 10]","I(M1,M2;T)"
701,0.0,0.04702895266676219,-0.004507018600950638,1000,10,"[5, 5, 10]","I(M1,M2;T)"
702,0.0,0.053111192808854554,0.0018678236641060386,1000,10,"[5, 5, 10]","I(M1,M2;T)"
703,0.0,0.05400737609319492,0.002919269846589488,1000,10,"[5, 5, 10]","I(M1,M2;T)"
704,0.0,0.04875158397848996,-0.002118479896104433,1000,10,"[5, 5, 10]","I(M1,M2;T)"
705,0.0,0.05622796844299914,0.00519445177586457,1000,10,"[5, 5, 10]","I(M1,M2;T)"
706,0.0,0.052254690917378166,0.0008925695903490155,1000,10,"[5, 5, 10]","I(M1,M2;T)"
707,0.0,0.05211559170701997,0.0014656501615288725,1000,10,"[5, 5, 10]","I(M1,M2;T)"
708,0.0,0.05075383410822695,-0.0003676818360845435,1000,10,"[5, 5, 10]","I(M1,M2;T)"
709,0.0,0.046749407707662755,-0.004274811285835692,1000,10,"[5, 5, 10]","I(M1,M2;T)"
710,0.0,0.053106543217360046,0.0015624037722471937,1000,10,"[5, 5, 10]","I(M1,M2;T)"
711,0.0,0.041347404793886766,-0.0097057315458626,1000,10,"[5, 5, 10]","I(M1,M2;T)"
712,0.0,0.05340771894052049,0.002382467864537628,1000,10,"[5, 5, 10]","I(M1,M2;T)"
713,0.0,0.05842786489632322,0.007193404003644585,1000,10,"[5, 5, 10]","I(M1,M2;T)"
714,0.0,0.04303784249954596,-0.00838118628865775,1000,10,"[5, 5, 10]","I(M1,M2;T)"
715,0.0,0.05059904148917792,-0.0004678955009980168,1000,10,"[5, 5, 10]","I(M1,M2;T)"
716,0.0,0.06607566311788814,0.015372012036952265,1000,10,"[5, 5, 10]","I(M1,M2;T)"
717,0.0,0.04862445181171046,-0.0021969663347914045,1000,10,"[5, 5, 10]","I(M1,M2;T)"
718,0.0,0.0386000008062741,-0.012771436757043717,1000,10,"[5, 5, 10]","I(M1,M2;T)"
719,0.0,0.04817932490149143,-0.0026798588731861347,1000,10,"[5, 5, 10]","I(M1,M2;T)"
720,0.0,0.047120746716852346,-0.0037374180273317334,1000,10,"[5, 5, 10]","I(M1,M2;T)"
721,0.0,0.04716800933930848,-0.004573092043589383,1000,10,"[5, 5, 10]","I(M1,M2;T)"
722,0.0,0.05891792438389891,0.00788214396299565,1000,10,"[5, 5, 10]","I(M1,M2;T)"
723,0.0,0.043206777426912084,-0.008245084821424158,1000,10,"[5, 5, 10]","I(M1,M2;T)"
724,0.0,0.04080382525493933,-0.01077992150110596,1000,10,"[5, 5, 10]","I(M1,M2;T)"
725,0.0,0.05780681772626156,0.007424959021103898,1000,10,"[5, 5, 10]","I(M1,M2;T)"
726,0.0,0.0559896680977808,0.005355491214833766,1000,10,"[5, 5, 10]","I(M1,M2;T)"
727,0.0,0.046367362779155825,-0.004569616700854533,1000,10,"[5, 5, 10]","I(M1,M2;T)"
728,0.0,0.04358291795670645,-0.007453071161252822,1000,10,"[5, 5, 10]","I(M1,M2;T)"
729,0.0,0.054922096378271806,0.003280947846951744,1000,10,"[5, 5, 10]","I(M1,M2;T)"
730,0.0,0.05365827929864046,0.0028399689132363737,1000,10,"[5, 5, 10]","I(M1,M2;T)"
731,0.0,0.04972289710586274,-0.0014482638476453966,1000,10,"[5, 5, 10]","I(M1,M2;T)"
732,0.0,0.05754982198388296,0.006746118500655304,1000,10,"[5, 5, 10]","I(M1,M2;T)"
733,0.0,0.05351540488235142,0.0026788117636062578,1000,10,"[5, 5, 10]","I(M1,M2;T)"
734,0.0,0.05239506044926939,0.0013269240487326778,1000,10,"[5, 5, 10]","I(M1,M2;T)"
735,0.0,0.04861810005746484,-0.0028193942552000514,1000,10,"[5, 5, 10]","I(M1,M2;T)"
736,0.0,0.056933636672173174,0.005778676948221401,1000,10,"[5, 5, 10]","I(M1,M2;T)"
737,0.0,0.05857525904420012,0.007470894479617837,1000,10,"[5, 5, 10]","I(M1,M2;T)"
738,0.0,0.05574203606733416,0.004389640184094559,1000,10,"[5, 5, 10]","I(M1,M2;T)"
739,0.0,0.05811510866830544,0.006608558217723576,1000,10,"[5, 5, 10]","I(M1,M2;T)"
740,0.0,0.037135318877315485,-0.014340816566586909,1000,10,"[5, 5, 10]","I(M1,M2;T)"
741,0.0,0.04491625741581182,-0.0064318510730448294,1000,10,"[5, 5, 10]","I(M1,M2;T)"
742,0.0,0.037250921895391566,-0.013710518285623682,1000,10,"[5, 5, 10]","I(M1,M2;T)"
743,0.0,0.04178504208534669,-0.009818547471001408,1000,10,"[5, 5, 10]","I(M1,M2;T)"
744,0.0,0.050638805415125075,-3.2050313497851424e-05,1000,10,"[5, 5, 10]","I(M1,M2;T)"
745,0.0,0.052240486592346175,0.000524430828345572,1000,10,"[5, 5, 10]","I(M1,M2;T)"
746,0.0,0.04363849051931187,-0.00794176967077441,1000,10,"[5, 5, 10]","I(M1,M2;T)"
747,0.0,0.056619186804638885,0.005203618269656506,1000,10,"[5, 5, 10]","I(M1,M2;T)"
748,0.0,0.04802577618657483,-0.0033499545750716384,1000,10,"[5, 5, 10]","I(M1,M2;T)"
749,0.0,0.04149773574451097,-0.00944687860160285,1000,10,"[5, 5, 10]","I(M1,M2;T)"
750,0.0,0.04009361700492711,-0.011080572490693864,1000,10,"[5, 5, 10]","I(M1,M2;T)"
751,0.0,0.056778345834254396,0.005808525240713278,1000,10,"[5, 5, 10]","I(M1,M2;T)"
752,0.0,0.04441364218238033,-0.006941609109313081,1000,10,"[5, 5, 10]","I(M1,M2;T)"
753,0.0,0.05098406010815133,-0.00012311891135206865,1000,10,"[5, 5, 10]","I(M1,M2;T)"
754,0.0,0.05430736396673562,0.0033274989993397827,1000,10,"[5, 5, 10]","I(M1,M2;T)"
755,0.0,0.05538036488008454,0.00404299746680805,1000,10,"[5, 5, 10]","I(M1,M2;T)"
756,0.0,0.04003499267089607,-0.011019815233455403,1000,10,"[5, 5, 10]","I(M1,M2;T)"
757,0.0,0.06632153156855325,0.015126888503133859,1000,10,"[5, 5, 10]","I(M1,M2;T)"
758,0.0,0.044817632573401725,-0.006784237524926406,1000,10,"[5, 5, 10]","I(M1,M2;T)"
759,0.0,0.05385841537385988,0.0028831634781583057,1000,10,"[5, 5, 10]","I(M1,M2;T)"
760,0.0,0.04078721944518386,-0.009973488881466652,1000,10,"[5, 5, 10]","I(M1,M2;T)"
761,0.0,0.045003117928613175,-0.006134744885927516,1000,10,"[5, 5, 10]","I(M1,M2;T)"
762,0.0,0.05497719031984741,0.004019611230986347,1000,10,"[5, 5, 10]","I(M1,M2;T)"
763,0.0,0.04505413200079837,-0.005555545201880389,1000,10,"[5, 5, 10]","I(M1,M2;T)"
764,0.0,0.0483410348961064,-0.002926231950111137,1000,10,"[5, 5, 10]","I(M1,M2;T)"
765,0.0,0.05724570058629898,0.006113387306584214,1000,10,"[5, 5, 10]","I(M1,M2;T)"
766,0.0,0.060408722370779905,0.009666657818801855,1000,10,"[5, 5, 10]","I(M1,M2;T)"
767,0.0,0.04971704718238566,-0.0019369384170557086,1000,10,"[5, 5, 10]","I(M1,M2;T)"
768,0.0,0.045886841837286196,-0.005258498380062551,1000,10,"[5, 5, 10]","I(M1,M2;T)"
769,0.0,0.04992252501822818,-0.0013824646292576667,1000,10,"[5, 5, 10]","I(M1,M2;T)"
770,0.0,0.059231011877520875,0.007641781883513846,1000,10,"[5, 5, 10]","I(M1,M2;T)"
771,0.0,0.043208509223338555,-0.008108051684481761,1000,10,"[5, 5, 10]","I(M1,M2;T)"
772,0.0,0.04549499030004213,-0.0057655085451552915,1000,10,"[5, 5, 10]","I(M1,M2;T)"
773,0.0,0.0683400391454291,0.016771276762401394,1000,10,"[5, 5, 10]","I(M1,M2;T)"
774,0.0,0.050078244769807184,-0.0006364022973967126,1000,10,"[5, 5, 10]","I(M1,M2;T)"
775,0.0,0.060915558102560274,0.009062068962483648,1000,10,"[5, 5, 10]","I(M1,M2;T)"
776,0.0,0.06410162171554194,0.012510063779055128,1000,10,"[5, 5, 10]","I(M1,M2;T)"
777,0.0,0.05309425503378078,0.0019363010319122659,1000,10,"[5, 5, 10]","I(M1,M2;T)"
778,0.0,0.04909351149899892,-0.002141729225551607,1000,10,"[5, 5, 10]","I(M1,M2;T)"
779,0.0,0.04964889817348417,-0.0016786983505771014,1000,10,"[5, 5, 10]","I(M1,M2;T)"
780,0.0,0.03782678252873943,-0.01346402052759322,1000,10,"[5, 5, 10]","I(M1,M2;T)"
781,0.0,0.05573375769600554,0.004347118650929349,1000,10,"[5, 5, 10]","I(M1,M2;T)"
782,0.0,0.04884356846760672,-0.002404204501563048,1000,10,"[5, 5, 10]","I(M1,M2;T)"
783,0.0,0.050578077382411046,-0.0008215321265836115,1000,10,"[5, 5, 10]","I(M1,M2;T)"
784,0.0,0.05942574755803566,0.008020466546612245,1000,10,"[5, 5, 10]","I(M1,M2;T)"
785,0.0,0.04372504055403639,-0.0072684504494475236,1000,10,"[5, 5, 10]","I(M1,M2;T)"
786,0.0,0.04934087025899728,-0.0025083636153789834,1000,10,"[5, 5, 10]","I(M1,M2;T)"
787,0.0,0.04063772471217688,-0.010507310649886789,1000,10,"[5, 5, 10]","I(M1,M2;T)"
788,0.0,0.046779918483247446,-0.004235046775227624,1000,10,"[5, 5, 10]","I(M1,M2;T)"
789,0.0,0.04231232750428199,-0.008699571820116714,1000,10,"[5, 5, 10]","I(M1,M2;T)"
790,0.0,0.0472814442225683,-0.003881306367398106,1000,10,"[5, 5, 10]","I(M1,M2;T)"
791,0.0,0.04530578301079822,-0.006389147579951557,1000,10,"[5, 5, 10]","I(M1,M2;T)"
792,0.0,0.04404449829121809,-0.007434270875989933,1000,10,"[5, 5, 10]","I(M1,M2;T)"
793,0.0,0.03872012102899092,-0.012077780206589395,1000,10,"[5, 5, 10]","I(M1,M2;T)"
794,0.0,0.0492372823934948,-0.002585456954411154,1000,10,"[5, 5, 10]","I(M1,M2;T)"
795,0.0,0.0483096553663892,-0.0029909311642269745,1000,10,"[5, 5, 10]","I(M1,M2;T)"
796,0.0,0.05097738308789779,-0.00020512032219181103,1000,10,"[5, 5, 10]","I(M1,M2;T)"
797,0.0,0.046243501514083914,-0.005250736599146787,1000,10,"[5, 5, 10]","I(M1,M2;T)"
798,0.0,0.038061431789900554,-0.012497632776646929,1000,10,"[5, 5, 10]","I(M1,M2;T)"
799,0.0,0.058289572179975865,0.0071570459306668915,1000,10,"[5, 5, 10]","I(M1,M2;T)"
800,0.0,0.06648227394965661,0.01567721596327956,1000,10,"[5, 5, 10]","I(M1,M2;T)"
801,0.0,0.039752946123019446,-0.011479938846349465,1000,10,"[5, 5, 10]","I(M1,M2;T)"
802,0.0,0.05209207480066101,0.0007659191763021087,1000,10,"[5, 5, 10]","I(M1,M2;T)"
803,0.0,0.04226792013914879,-0.008719848480822835,1000,10,"[5, 5, 10]","I(M1,M2;T)"
804,0.0,0.059366729905916765,0.00881250802136338,1000,10,"[5, 5, 10]","I(M1,M2;T)"
805,0.0,0.05119948898861056,-0.0005240745244740261,1000,10,"[5, 5, 10]","I(M1,M2;T)"
806,0.0,0.03728201247945345,-0.013600130271921036,1000,10,"[5, 5, 10]","I(M1,M2;T)"
807,0.0,0.05616012936964514,0.004642999297200016,1000,10,"[5, 5, 10]","I(M1,M2;T)"
808,0.0,0.04340946590869193,-0.007640525852308608,1000,10,"[5, 5, 10]","I(M1,M2;T)"
809,0.0,0.054932459483825725,0.003281725012577702,1000,10,"[5, 5, 10]","I(M1,M2;T)"
810,0.0,0.05541765230833239,0.0041389808909186865,1000,10,"[5, 5, 10]","I(M1,M2;T)"
811,0.0,0.043205268162323805,-0.008779118670231088,1000,10,"[5, 5, 10]","I(M1,M2;T)"
812,0.0,0.041152684582363805,-0.010371382331675956,1000,10,"[5, 5, 10]","I(M1,M2;T)"
813,0.0,0.04227898527265683,-0.009890158068692263,1000,10,"[5, 5, 10]","I(M1,M2;T)"
814,0.0,0.052915086878087075,0.001615596443260224,1000,10,"[5, 5, 10]","I(M1,M2;T)"
815,0.0,0.05099138300330278,-0.00030434288962179895,1000,10,"[5, 5, 10]","I(M1,M2;T)"
816,0.0,0.06191453952822576,0.011065988762791842,1000,10,"[5, 5, 10]","I(M1,M2;T)"
817,0.0,0.056998760451985,0.005649993293490897,1000,10,"[5, 5, 10]","I(M1,M2;T)"
818,0.0,0.04786024402682408,-0.0029258664765151113,1000,10,"[5, 5, 10]","I(M1,M2;T)"
819,0.0,0.05130675068185042,-0.0002524014917955064,1000,10,"[5, 5, 10]","I(M1,M2;T)"
820,0.0,0.052491693072811985,0.0013694102569444186,1000,10,"[5, 5, 10]","I(M1,M2;T)"
821,0.0,0.05404811582353997,0.002941316088408856,1000,10,"[5, 5, 10]","I(M1,M2;T)"
822,0.0,0.04550752521573056,-0.00582956057502694,1000,10,"[5, 5, 10]","I(M1,M2;T)"
823,0.0,0.047320412095600034,-0.003264849840567817,1000,10,"[5, 5, 10]","I(M1,M2;T)"
824,0.0,0.06265497691184412,0.011910014095432242,1000,10,"[5, 5, 10]","I(M1,M2;T)"
825,0.0,0.047912641493959976,-0.0030867789466296897,1000,10,"[5, 5, 10]","I(M1,M2;T)"
826,0.0,0.054524071629617504,0.0032700649392014766,1000,10,"[5, 5, 10]","I(M1,M2;T)"
827,0.0,0.042358265095284876,-0.009450774387427294,1000,10,"[5, 5, 10]","I(M1,M2;T)"
828,0.0,0.05889756310440807,0.007221851318156704,1000,10,"[5, 5, 10]","I(M1,M2;T)"
829,0.0,0.04156670329797647,-0.010008065363217938,1000,10,"[5, 5, 10]","I(M1,M2;T)"
830,0.0,0.041698084241221095,-0.009267023036931166,1000,10,"[5, 5, 10]","I(M1,M2;T)"
831,0.0,0.0592776939333605,0.008020691499889723,1000,10,"[5, 5, 10]","I(M1,M2;T)"
832,0.0,0.04763254475481512,-0.003412622398466833,1000,10,"[5, 5, 10]","I(M1,M2;T)"
833,0.0,0.045712494954097016,-0.0054005247010837365,1000,10,"[5, 5, 10]","I(M1,M2;T)"
834,0.0,0.04431934870029613,-0.006752479237572405,1000,10,"[5, 5, 10]","I(M1,M2;T)"
835,0.0,0.052923903931493765,0.0017597693250110888,1000,10,"[5, 5, 10]","I(M1,M2;T)"
836,0.0,0.04790262682359679,-0.0035008786956533394,1000,10,"[5, 5, 10]","I(M1,M2;T)"
837,0.0,0.054157534358893866,0.0031158231887628215,1000,10,"[5, 5, 10]","I(M1,M2;T)"
838,0.0,0.06202978737972177,0.010707791589913064,1000,10,"[5, 5, 10]","I(M1,M2;T)"
839,0.0,0.05028011211695957,-0.0009233708644299232,1000,10,"[5, 5, 10]","I(M1,M2;T)"
840,0.0,0.05510156535904841,0.0035027225634480866,1000,10,"[5, 5, 10]","I(M1,M2;T)"
841,0.0,0.048850864033793476,-0.0024337498467012775,1000,10,"[5, 5, 10]","I(M1,M2;T)"
842,0.0,0.054318418566314364,0.002816994915174044,1000,10,"[5, 5, 10]","I(M1,M2;T)"
843,0.0,0.042127175159409974,-0.008900654779228932,1000,10,"[5, 5, 10]","I(M1,M2;T)"
844,0.0,0.047533151206609905,-0.0036420991174880082,1000,10,"[5, 5, 10]","I(M1,M2;T)"
845,0.0,0.04692809559523994,-0.004200524066246367,1000,10,"[5, 5, 10]","I(M1,M2;T)"
846,0.0,0.05583626590588113,0.004504268030262645,1000,10,"[5, 5, 10]","I(M1,M2;T)"
847,0.0,0.04499820522034697,-0.006171313779354558,1000,10,"[5, 5, 10]","I(M1,M2;T)"
848,0.0,0.042379702095828586,-0.00840633298192714,1000,10,"[5, 5, 10]","I(M1,M2;T)"
849,0.0,0.0512691304640249,0.000413207111677201,1000,10,"[5, 5, 10]","I(M1,M2;T)"
850,0.0,0.05175543447920928,0.0006586244738098421,1000,10,"[5, 5, 10]","I(M1,M2;T)"
851,0.0,0.05536392896412329,0.0042185337540989395,1000,10,"[5, 5, 10]","I(M1,M2;T)"
852,0.0,0.050525712017583366,-0.0006182457329431124,1000,10,"[5, 5, 10]","I(M1,M2;T)"
853,0.0,0.052918425543616573,0.0015838158708751382,1000,10,"[5, 5, 10]","I(M1,M2;T)"
854,0.0,0.05899293467298588,0.007802756959084597,1000,10,"[5, 5, 10]","I(M1,M2;T)"
855,0.0,0.046386327188279335,-0.005119111574626238,1000,10,"[5, 5, 10]","I(M1,M2;T)"
856,0.0,0.049102060863481026,-0.0026692750914180455,1000,10,"[5, 5, 10]","I(M1,M2;T)"
857,0.0,0.05353670400090081,0.0025678275063863998,1000,10,"[5, 5, 10]","I(M1,M2;T)"
858,0.0,0.05701614015252829,0.005499519535971581,1000,10,"[5, 5, 10]","I(M1,M2;T)"
859,0.0,0.04808840492406542,-0.0034278577829825047,1000,10,"[5, 5, 10]","I(M1,M2;T)"
860,0.0,0.04279550059330414,-0.008555225078222213,1000,10,"[5, 5, 10]","I(M1,M2;T)"
861,0.0,0.040873637490108694,-0.010356399140048787,1000,10,"[5, 5, 10]","I(M1,M2;T)"
862,0.0,0.05523025186707291,0.004463401037576219,1000,10,"[5, 5, 10]","I(M1,M2;T)"
863,0.0,0.05431581635334404,0.0036023199544176765,1000,10,"[5, 5, 10]","I(M1,M2;T)"
864,0.0,0.04382592345344037,-0.0069967366770914904,1000,10,"[5, 5, 10]","I(M1,M2;T)"
865,0.0,0.05850010931967154,0.006990940014626516,1000,10,"[5, 5, 10]","I(M1,M2;T)"
866,0.0,0.06371199952370513,0.012607141358840696,1000,10,"[5, 5, 10]","I(M1,M2;T)"
867,0.0,0.05033295972193424,-0.0006333666790485845,1000,10,"[5, 5, 10]","I(M1,M2;T)"
868,0.0,0.0466780689952402,-0.004561206096840437,1000,10,"[5, 5, 10]","I(M1,M2;T)"
869,0.0,0.05000995021677369,-0.0008471908748487397,1000,10,"[5, 5, 10]","I(M1,M2;T)"
870,0.0,0.04764813496226435,-0.003984290216806657,1000,10,"[5, 5, 10]","I(M1,M2;T)"
871,0.0,0.06210484387882395,0.010779614227559312,1000,10,"[5, 5, 10]","I(M1,M2;T)"
872,0.0,0.04990336418306214,-0.00228116949541992,1000,10,"[5, 5, 10]","I(M1,M2;T)"
873,0.0,0.049706626439010054,-0.001307127081724431,1000,10,"[5, 5, 10]","I(M1,M2;T)"
874,0.0,0.05086529204386346,0.00023429868065038412,1000,10,"[5, 5, 10]","I(M1,M2;T)"
875,0.0,0.05827451677492187,0.007241284468178968,1000,10,"[5, 5, 10]","I(M1,M2;T)"
876,0.0,0.052386496699591445,0.0013171910104854481,1000,10,"[5, 5, 10]","I(M1,M2;T)"
877,0.0,0.04739992270909382,-0.003810024596560109,1000,10,"[5, 5, 10]","I(M1,M2;T)"
878,0.0,0.047427529948713666,-0.003221226248331037,1000,10,"[5, 5, 10]","I(M1,M2;T)"
879,0.0,0.054103961048467084,0.002900795388021113,1000,10,"[5, 5, 10]","I(M1,M2;T)"
880,0.0,0.04707441505486607,-0.00385988348566587,1000,10,"[5, 5, 10]","I(M1,M2;T)"
881,0.0,0.055113399893281685,0.004084002008446649,1000,10,"[5, 5, 10]","I(M1,M2;T)"
882,0.0,0.03762590483951294,-0.013503323912459349,1000,10,"[5, 5, 10]","I(M1,M2;T)"
883,0.0,0.05406064153876275,0.002766313223220178,1000,10,"[5, 5, 10]","I(M1,M2;T)"
884,0.0,0.051120545924250055,0.00014259483255345262,1000,10,"[5, 5, 10]","I(M1,M2;T)"
885,0.0,0.03461747177793794,-0.01720223023693699,1000,10,"[5, 5, 10]","I(M1,M2;T)"
886,0.0,0.04792427575558522,-0.0032384440057243724,1000,10,"[5, 5, 10]","I(M1,M2;T)"
887,0.0,0.04758662635185044,-0.004526321238404532,1000,10,"[5, 5, 10]","I(M1,M2;T)"
888,0.0,0.047694689031217416,-0.003761848776034235,1000,10,"[5, 5, 10]","I(M1,M2;T)"
889,0.0,0.05645811410784997,0.005057797145993456,1000,10,"[5, 5, 10]","I(M1,M2;T)"
890,0.0,0.044170108759669466,-0.007381287905978841,1000,10,"[5, 5, 10]","I(M1,M2;T)"
891,0.0,0.06209599014935436,0.010220267310646104,1000,10,"[5, 5, 10]","I(M1,M2;T)"
892,0.0,0.05142303246479026,0.00020655197695533534,1000,10,"[5, 5, 10]","I(M1,M2;T)"
893,0.0,0.06912812055909412,0.017340286320042017,1000,10,"[5, 5, 10]","I(M1,M2;T)"
894,0.0,0.06192383722694886,0.010918105551936556,1000,10,"[5, 5, 10]","I(M1,M2;T)"
895,0.0,0.04969846074118173,-0.0013155805700282713,1000,10,"[5, 5, 10]","I(M1,M2;T)"
896,0.0,0.0562740396490545,0.005275464271010777,1000,10,"[5, 5, 10]","I(M1,M2;T)"
897,0.0,0.05000790889489065,-0.00129658299129614,1000,10,"[5, 5, 10]","I(M1,M2;T)"
898,0.0,0.056202861363203765,0.00512680282043914,1000,10,"[5, 5, 10]","I(M1,M2;T)"
899,0.0,0.04938423717854578,-0.002070562520919486,1000,10,"[5, 5, 10]","I(M1,M2;T)"
900,0.0,0.056846053415145134,0.0061191218395681354,1000,10,"[5, 5, 10]","I(M1,M2;T)"
901,0.0,0.044726648573374106,-0.0060621508131173465,1000,10,"[5, 5, 10]","I(M1,M2;T)"
902,0.0,0.059901544114342876,0.008764534783987199,1000,10,"[5, 5, 10]","I(M1,M2;T)"
903,0.0,0.04907635790427198,-0.0025033865761309726,1000,10,"[5, 5, 10]","I(M1,M2;T)"
904,0.0,0.06174310658492052,0.010659909569454944,1000,10,"[5, 5, 10]","I(M1,M2;T)"
905,0.0,0.05340006666804911,0.0027047835600032266,1000,10,"[5, 5, 10]","I(M1,M2;T)"
906,0.0,0.05962650108168714,0.008299090419096024,1000,10,"[5, 5, 10]","I(M1,M2;T)"
907,0.0,0.04144968092302577,-0.009682442635804367,1000,10,"[5, 5, 10]","I(M1,M2;T)"
908,0.0,0.0573663717505006,0.006094504447568483,1000,10,"[5, 5, 10]","I(M1,M2;T)"
909,0.0,0.0556646561867121,0.0042616615121259735,1000,10,"[5, 5, 10]","I(M1,M2;T)"
910,0.0,0.0426726577023002,-0.008746222134619078,1000,10,"[5, 5, 10]","I(M1,M2;T)"
911,0.0,0.04808781984338506,-0.0026252222918786774,1000,10,"[5, 5, 10]","I(M1,M2;T)"
912,0.0,0.05004645266900462,-0.0013170022738417456,1000,10,"[5, 5, 10]","I(M1,M2;T)"
913,0.0,0.04791715407293728,-0.003488109573668491,1000,10,"[5, 5, 10]","I(M1,M2;T)"
914,0.0,0.04356102715837232,-0.007791549430862264,1000,10,"[5, 5, 10]","I(M1,M2;T)"
915,0.0,0.049118745665490876,-0.002257260286229322,1000,10,"[5, 5, 10]","I(M1,M2;T)"
916,0.0,0.05703489895911527,0.005508741494964733,1000,10,"[5, 5, 10]","I(M1,M2;T)"
917,0.0,0.04648953176860675,-0.004978956481049866,1000,10,"[5, 5, 10]","I(M1,M2;T)"
918,0.0,0.05797436023108782,0.006783128003006622,1000,10,"[5, 5, 10]","I(M1,M2;T)"
919,0.0,0.05537348771689958,0.004153900080280326,1000,10,"[5, 5, 10]","I(M1,M2;T)"
920,0.0,0.05294697162517535,0.002024014848382903,1000,10,"[5, 5, 10]","I(M1,M2;T)"
921,0.0,0.043194389666049854,-0.007794544281273887,1000,10,"[5, 5, 10]","I(M1,M2;T)"
922,0.0,0.049906306500092854,-0.0012752406126424407,1000,10,"[5, 5, 10]","I(M1,M2;T)"
923,0.0,0.055634362720265076,0.0046278583663058245,1000,10,"[5, 5, 10]","I(M1,M2;T)"
924,0.0,0.049779377708743335,-0.0010840340744041888,1000,10,"[5, 5, 10]","I(M1,M2;T)"
925,0.0,0.047230035596280494,-0.003831764065507434,1000,10,"[5, 5, 10]","I(M1,M2;T)"
926,0.0,0.05403300087475189,0.002352137705525205,1000,10,"[5, 5, 10]","I(M1,M2;T)"
927,0.0,0.05744711392079913,0.006229078841761687,1000,10,"[5, 5, 10]","I(M1,M2;T)"
928,0.0,0.04901520239171399,-0.002057460265107565,1000,10,"[5, 5, 10]","I(M1,M2;T)"
929,0.0,0.048550391877021565,-0.001995719326920692,1000,10,"[5, 5, 10]","I(M1,M2;T)"
930,0.0,0.05386710797398817,0.0028128972508368114,1000,10,"[5, 5, 10]","I(M1,M2;T)"
931,0.0,0.048127691719573804,-0.002656147485402438,1000,10,"[5, 5, 10]","I(M1,M2;T)"
932,0.0,0.053078195259850774,0.0022270020966429563,1000,10,"[5, 5, 10]","I(M1,M2;T)"
933,0.0,0.05094836416598547,0.00013172723065445896,1000,10,"[5, 5, 10]","I(M1,M2;T)"
934,0.0,0.05472895789153599,0.003651568083607823,1000,10,"[5, 5, 10]","I(M1,M2;T)"
935,0.0,0.06759842543993383,0.016619607025783495,1000,10,"[5, 5, 10]","I(M1,M2;T)"
936,0.0,0.06017039702895226,0.009327095611689297,1000,10,"[5, 5, 10]","I(M1,M2;T)"
937,0.0,0.04472011174733125,-0.006572501605182919,1000,10,"[5, 5, 10]","I(M1,M2;T)"
938,0.0,0.04469292675358737,-0.007114404313736895,1000,10,"[5, 5, 10]","I(M1,M2;T)"
939,0.0,0.060949861587568425,0.009734129948962125,1000,10,"[5, 5, 10]","I(M1,M2;T)"
940,0.0,0.043112001594717834,-0.0081027099019877,1000,10,"[5, 5, 10]","I(M1,M2;T)"
941,0.0,0.06340245412430551,0.01246102377775557,1000,10,"[5, 5, 10]","I(M1,M2;T)"
942,0.0,0.04901148114310947,-0.0018932025134315439,1000,10,"[5, 5, 10]","I(M1,M2;T)"
943,0.0,0.04089387079681121,-0.010390686784694882,1000,10,"[5, 5, 10]","I(M1,M2;T)"
944,0.0,0.0634198097603764,0.012530478306765735,1000,10,"[5, 5, 10]","I(M1,M2;T)"
945,0.0,0.054631991668471755,0.0035470083906959868,1000,10,"[5, 5, 10]","I(M1,M2;T)"
946,0.0,0.05231803764314276,0.0012975496793982758,1000,10,"[5, 5, 10]","I(M1,M2;T)"
947,0.0,0.0426293573071414,-0.008162897317572276,1000,10,"[5, 5, 10]","I(M1,M2;T)"
948,0.0,0.051690527269226225,0.0006471261816222845,1000,10,"[5, 5, 10]","I(M1,M2;T)"
949,0.0,0.05340548862049245,0.0024151618969419225,1000,10,"[5, 5, 10]","I(M1,M2;T)"
950,0.0,0.06309565316889586,0.012188557995625973,1000,10,"[5, 5, 10]","I(M1,M2;T)"
951,0.0,0.04498338784370376,-0.0064028554333587576,1000,10,"[5, 5, 10]","I(M1,M2;T)"
952,0.0,0.046271590181397974,-0.004721480692915614,1000,10,"[5, 5, 10]","I(M1,M2;T)"
953,0.0,0.05308621574802741,0.0015075304362932931,1000,10,"[5, 5, 10]","I(M1,M2;T)"
954,0.0,0.05756256541592163,0.006369193361109499,1000,10,"[5, 5, 10]","I(M1,M2;T)"
955,0.0,0.049070709005524044,-0.0017569860756988798,1000,10,"[5, 5, 10]","I(M1,M2;T)"
956,0.0,0.037520333238519554,-0.013888840868327708,1000,10,"[5, 5, 10]","I(M1,M2;T)"
957,0.0,0.05861784661567677,0.0071702531326905405,1000,10,"[5, 5, 10]","I(M1,M2;T)"
958,0.0,0.043013765348985086,-0.007897456951105407,1000,10,"[5, 5, 10]","I(M1,M2;T)"
959,0.0,0.05220875614549768,0.00104829413954894,1000,10,"[5, 5, 10]","I(M1,M2;T)"
960,0.0,0.07605548915180929,0.025201106087372124,1000,10,"[5, 5, 10]","I(M1,M2;T)"
961,0.0,0.05543250778025504,0.004180589650693588,1000,10,"[5, 5, 10]","I(M1,M2;T)"
962,0.0,0.05589978894438007,0.004468200082634516,1000,10,"[5, 5, 10]","I(M1,M2;T)"
963,0.0,0.052290124842985536,0.0006092155722513676,1000,10,"[5, 5, 10]","I(M1,M2;T)"
964,0.0,0.053462480171809636,0.0024409356664547646,1000,10,"[5, 5, 10]","I(M1,M2;T)"
965,0.0,0.056763829324036015,0.00545427200570911,1000,10,"[5, 5, 10]","I(M1,M2;T)"
966,0.0,0.058406459032382126,0.007584231532891568,1000,10,"[5, 5, 10]","I(M1,M2;T)"
967,0.0,0.060957997073415295,0.009350209084122957,1000,10,"[5, 5, 10]","I(M1,M2;T)"
968,0.0,0.038731734961115885,-0.012074249361485892,1000,10,"[5, 5, 10]","I(M1,M2;T)"
969,0.0,0.05993662771769148,0.008725012008074191,1000,10,"[5, 5, 10]","I(M1,M2;T)"
970,0.0,0.04144519802752354,-0.009831451745554165,1000,10,"[5, 5, 10]","I(M1,M2;T)"
971,0.0,0.04647625040158714,-0.005106842105175896,1000,10,"[5, 5, 10]","I(M1,M2;T)"
972,0.0,0.05439487185785952,0.0032729777286253925,1000,10,"[5, 5, 10]","I(M1,M2;T)"
973,0.0,0.048588248628471734,-0.002728674198376392,1000,10,"[5, 5, 10]","I(M1,M2;T)"
974,0.0,0.04726490795113,-0.0039266997523667024,1000,10,"[5, 5, 10]","I(M1,M2;T)"
975,0.0,0.05105242484086308,0.00023699028764275626,1000,10,"[5, 5, 10]","I(M1,M2;T)"
976,0.0,0.06857866887897414,0.01731562908099135,1000,10,"[5, 5, 10]","I(M1,M2;T)"
977,0.0,0.05422111060064285,0.0029042781574418544,1000,10,"[5, 5, 10]","I(M1,M2;T)"
978,0.0,0.04977083504851351,-0.0013535724689958673,1000,10,"[5, 5, 10]","I(M1,M2;T)"
979,0.0,0.046004731594169596,-0.00493981985251437,1000,10,"[5, 5, 10]","I(M1,M2;T)"
980,0.0,0.0536891463622725,0.00223517078077691,1000,10,"[5, 5, 10]","I(M1,M2;T)"
981,0.0,0.048682739153689786,-0.0024293867852511405,1000,10,"[5, 5, 10]","I(M1,M2;T)"
982,0.0,0.04418420908390688,-0.007844611094491527,1000,10,"[5, 5, 10]","I(M1,M2;T)"
983,0.0,0.0576128297926434,0.006627461244458711,1000,10,"[5, 5, 10]","I(M1,M2;T)"
984,0.0,0.04321586391981194,-0.007960071795265193,1000,10,"[5, 5, 10]","I(M1,M2;T)"
985,0.0,0.04917663882383779,-0.002041021102348807,1000,10,"[5, 5, 10]","I(M1,M2;T)"
986,0.0,0.05599050994645378,0.0049125320401621625,1000,10,"[5, 5, 10]","I(M1,M2;T)"
987,0.0,0.03633862741079721,-0.014596246280724319,1000,10,"[5, 5, 10]","I(M1,M2;T)"
988,0.0,0.05652405254542836,0.005575982075902458,1000,10,"[5, 5, 10]","I(M1,M2;T)"
989,0.0,0.04803625185896832,-0.003638860788408721,1000,10,"[5, 5, 10]","I(M1,M2;T)"
990,0.0,0.052166925335603305,0.0007965988426711854,1000,10,"[5, 5, 10]","I(M1,M2;T)"
991,0.0,0.0469373585058719,-0.004682101975675944,1000,10,"[5, 5, 10]","I(M1,M2;T)"
992,0.0,0.03844479914410698,-0.013222223087272798,1000,10,"[5, 5, 10]","I(M1,M2;T)"
993,0.0,0.04389602335899876,-0.006873870662964951,1000,10,"[5, 5, 10]","I(M1,M2;T)"
994,0.0,0.05919712389287594,0.008551718624677136,1000,10,"[5, 5, 10]","I(M1,M2;T)"
995,0.0,0.046094823162927914,-0.0050889543439169085,1000,10,"[5, 5, 10]","I(M1,M2;T)"
996,0.0,0.05734400807092861,0.006639451469929808,1000,10,"[5, 5, 10]","I(M1,M2;T)"
997,0.0,0.06306140467100009,0.011358372009189696,1000,10,"[5, 5, 10]","I(M1,M2;T)"
998,0.0,0.05133395106406467,0.00047776359789528794,1000,10,"[5, 5, 10]","I(M1,M2;T)"
999,0.0,0.05529923313613603,0.0042170925535739215,1000,10,"[5, 5, 10]","I(M1,M2;T)"
0,0.0,0.1626646551402275,0.0062085829443446205,1000,20,"[10, 10, 15]","I(M1,M2;T)"
1,0.0,0.17289873698444536,0.017655287000744813,1000,20,"[10, 10, 15]","I(M1,M2;T)"
2,0.0,0.14628428065817492,-0.010629903276540786,1000,20,"[10, 10, 15]","I(M1,M2;T)"
3,0.0,0.1447047719457777,-0.011385067727389897,1000,20,"[10, 10, 15]","I(M1,M2;T)"
4,0.0,0.14083491075393084,-0.015184112647003728,1000,20,"[10, 10, 15]","I(M1,M2;T)"
5,0.0,0.1614504173536288,0.005232161000499946,1000,20,"[10, 10, 15]","I(M1,M2;T)"
6,0.0,0.1403195261961875,-0.015161711340792278,1000,20,"[10, 10, 15]","I(M1,M2;T)"
7,0.0,0.15751592788188204,0.0018925408246590336,1000,20,"[10, 10, 15]","I(M1,M2;T)"
8,0.0,0.15256959636349293,-0.00304506476354241,1000,20,"[10, 10, 15]","I(M1,M2;T)"
9,0.0,0.1521656765301426,-0.0037488424923625696,1000,20,"[10, 10, 15]","I(M1,M2;T)"
10,0.0,0.1492813571633787,-0.006032805769048105,1000,20,"[10, 10, 15]","I(M1,M2;T)"
11,0.0,0.15075991351979984,-0.00511305338635587,1000,20,"[10, 10, 15]","I(M1,M2;T)"
12,0.0,0.1623434294478922,0.005659281648942388,1000,20,"[10, 10, 15]","I(M1,M2;T)"
13,0.0,0.17291094300047694,0.016134139669168768,1000,20,"[10, 10, 15]","I(M1,M2;T)"
14,0.0,0.1786043868374934,0.022565194132919103,1000,20,"[10, 10, 15]","I(M1,M2;T)"
15,0.0,0.15395333097430228,-0.0023149841208221777,1000,20,"[10, 10, 15]","I(M1,M2;T)"
16,0.0,0.15003607132670482,-0.0057340219531977765,1000,20,"[10, 10, 15]","I(M1,M2;T)"
17,0.0,0.15138329937695108,-0.0050838350346507355,1000,20,"[10, 10, 15]","I(M1,M2;T)"
18,0.0,0.14958814047313315,-0.005954288069576569,1000,20,"[10, 10, 15]","I(M1,M2;T)"
19,0.0,0.15422353812629225,-0.0021268816349413744,1000,20,"[10, 10, 15]","I(M1,M2;T)"
20,0.0,0.15539037822538923,2.7255569455542084e-05,1000,20,"[10, 10, 15]","I(M1,M2;T)"
21,0.0,0.14185690034330709,-0.013330003904526294,1000,20,"[10, 10, 15]","I(M1,M2;T)"
22,0.0,0.15747332986861398,0.0011748562018140396,1000,20,"[10, 10, 15]","I(M1,M2;T)"
23,0.0,0.13108311053167618,-0.025406459952374033,1000,20,"[10, 10, 15]","I(M1,M2;T)"
24,0.0,0.13725093509012942,-0.0187972131682764,1000,20,"[10, 10, 15]","I(M1,M2;T)"
25,0.0,0.14913212797822784,-0.007429692639418034,1000,20,"[10, 10, 15]","I(M1,M2;T)"
26,0.0,0.14976517631253944,-0.006602041754590976,1000,20,"[10, 10, 15]","I(M1,M2;T)"
27,0.0,0.16205982198253177,0.006648184205071184,1000,20,"[10, 10, 15]","I(M1,M2;T)"
28,0.0,0.17500722009957578,0.018080564745907024,1000,20,"[10, 10, 15]","I(M1,M2;T)"
29,0.0,0.13810710596983145,-0.017253376803151504,1000,20,"[10, 10, 15]","I(M1,M2;T)"
30,0.0,0.13592692793878072,-0.020678041803354835,1000,20,"[10, 10, 15]","I(M1,M2;T)"
31,0.0,0.14517986177315498,-0.010715685328613028,1000,20,"[10, 10, 15]","I(M1,M2;T)"
32,0.0,0.15748793355801738,0.0016339494793368436,1000,20,"[10, 10, 15]","I(M1,M2;T)"
33,0.0,0.1320716908804212,-0.02469377819012228,1000,20,"[10, 10, 15]","I(M1,M2;T)"
34,0.0,0.15011994078924268,-0.005826468303819249,1000,20,"[10, 10, 15]","I(M1,M2;T)"
35,0.0,0.15660459916079367,0.000786205877420787,1000,20,"[10, 10, 15]","I(M1,M2;T)"
36,0.0,0.1587310045026326,0.002522919394889689,1000,20,"[10, 10, 15]","I(M1,M2;T)"
37,0.0,0.1913313699943705,0.03602936492153702,1000,20,"[10, 10, 15]","I(M1,M2;T)"
38,0.0,0.1424202610763332,-0.014512840366516983,1000,20,"[10, 10, 15]","I(M1,M2;T)"
39,0.0,0.1635482720634098,0.007937750130127458,1000,20,"[10, 10, 15]","I(M1,M2;T)"
40,0.0,0.15986774651286617,0.0043129934800067715,1000,20,"[10, 10, 15]","I(M1,M2;T)"
41,0.0,0.14286514880648288,-0.013103491243338261,1000,20,"[10, 10, 15]","I(M1,M2;T)"
42,0.0,0.16771985736034292,0.012601455551647184,1000,20,"[10, 10, 15]","I(M1,M2;T)"
43,0.0,0.14983219043060902,-0.005829018042248585,1000,20,"[10, 10, 15]","I(M1,M2;T)"
44,0.0,0.14820574607752926,-0.006726648784677575,1000,20,"[10, 10, 15]","I(M1,M2;T)"
45,0.0,0.1691988252140073,0.01241961444483658,1000,20,"[10, 10, 15]","I(M1,M2;T)"
46,0.0,0.1497875884791654,-0.005736206370970637,1000,20,"[10, 10, 15]","I(M1,M2;T)"
47,0.0,0.15356486267243108,-0.002102954053351147,1000,20,"[10, 10, 15]","I(M1,M2;T)"
48,0.0,0.1644756297346492,0.008094076654072496,1000,20,"[10, 10, 15]","I(M1,M2;T)"
49,0.0,0.16368658402407843,0.008132519615262068,1000,20,"[10, 10, 15]","I(M1,M2;T)"
50,0.0,0.15975978686370518,0.004079227903153876,1000,20,"[10, 10, 15]","I(M1,M2;T)"
51,0.0,0.1547942784872005,-0.0005063285716001842,1000,20,"[10, 10, 15]","I(M1,M2;T)"
52,0.0,0.1693044921549655,0.013981829493550063,1000,20,"[10, 10, 15]","I(M1,M2;T)"
53,0.0,0.1465559806879972,-0.009467281567740293,1000,20,"[10, 10, 15]","I(M1,M2;T)"
54,0.0,0.1696597508014133,0.013326251793017052,1000,20,"[10, 10, 15]","I(M1,M2;T)"
55,0.0,0.14007856201116195,-0.015066417836711282,1000,20,"[10, 10, 15]","I(M1,M2;T)"
56,0.0,0.17021913842854913,0.013937848300509093,1000,20,"[10, 10, 15]","I(M1,M2;T)"
57,0.0,0.1516515926525832,-0.003911015075600849,1000,20,"[10, 10, 15]","I(M1,M2;T)"
58,0.0,0.15078707116047482,-0.0045264082298083486,1000,20,"[10, 10, 15]","I(M1,M2;T)"
59,0.0,0.15297673177356919,-0.0031272834989307663,1000,20,"[10, 10, 15]","I(M1,M2;T)"
60,0.0,0.17558884846132466,0.019625646479189685,1000,20,"[10, 10, 15]","I(M1,M2;T)"
61,0.0,0.13730263669747605,-0.018941127888764564,1000,20,"[10, 10, 15]","I(M1,M2;T)"
62,0.0,0.1659680594289451,0.010247270254597513,1000,20,"[10, 10, 15]","I(M1,M2;T)"
63,0.0,0.14160996741059118,-0.013953278848473055,1000,20,"[10, 10, 15]","I(M1,M2;T)"
64,0.0,0.1542054538814405,-0.0025234394994647358,1000,20,"[10, 10, 15]","I(M1,M2;T)"
65,0.0,0.1600475575642339,0.0033096311733568917,1000,20,"[10, 10, 15]","I(M1,M2;T)"
66,0.0,0.16509260921029978,0.009631388084179543,1000,20,"[10, 10, 15]","I(M1,M2;T)"
67,0.0,0.17903625133286108,0.022185831959745467,1000,20,"[10, 10, 15]","I(M1,M2;T)"
68,0.0,0.14193214410365043,-0.013157065634062798,1000,20,"[10, 10, 15]","I(M1,M2;T)"
69,0.0,0.1465454425690751,-0.0100725237856511,1000,20,"[10, 10, 15]","I(M1,M2;T)"
70,0.0,0.13388656728593962,-0.023146410191758587,1000,20,"[10, 10, 15]","I(M1,M2;T)"
71,0.0,0.1515990905000317,-0.004743232328321245,1000,20,"[10, 10, 15]","I(M1,M2;T)"
72,0.0,0.1551898836575277,-0.0013430223108829853,1000,20,"[10, 10, 15]","I(M1,M2;T)"
73,0.0,0.1548219090994104,-0.0003276950836828274,1000,20,"[10, 10, 15]","I(M1,M2;T)"
74,0.0,0.1818951308650538,0.026317616886049305,1000,20,"[10, 10, 15]","I(M1,M2;T)"
75,0.0,0.14107782858595655,-0.014744950765731873,1000,20,"[10, 10, 15]","I(M1,M2;T)"
76,0.0,0.14961893508628377,-0.006096440535541564,1000,20,"[10, 10, 15]","I(M1,M2;T)"
77,0.0,0.14720882556986914,-0.008325403032383938,1000,20,"[10, 10, 15]","I(M1,M2;T)"
78,0.0,0.13089771051190505,-0.02463265070112966,1000,20,"[10, 10, 15]","I(M1,M2;T)"
79,0.0,0.16567859925334855,0.009332022567057452,1000,20,"[10, 10, 15]","I(M1,M2;T)"
80,0.0,0.14693958505314403,-0.009025305531298683,1000,20,"[10, 10, 15]","I(M1,M2;T)"
81,0.0,0.150427932833881,-0.005880096080853575,1000,20,"[10, 10, 15]","I(M1,M2;T)"
82,0.0,0.163826178463797,0.008534917522918878,1000,20,"[10, 10, 15]","I(M1,M2;T)"
83,0.0,0.17586539885708957,0.020599648823643735,1000,20,"[10, 10, 15]","I(M1,M2;T)"
84,0.0,0.15738038361875695,0.000984677840169479,1000,20,"[10, 10, 15]","I(M1,M2;T)"
85,0.0,0.16067243441188073,0.0044840230562887,1000,20,"[10, 10, 15]","I(M1,M2;T)"
86,0.0,0.16608827388351288,0.009838786316780007,1000,20,"[10, 10, 15]","I(M1,M2;T)"
87,0.0,0.1399329309654665,-0.016039431821251393,1000,20,"[10, 10, 15]","I(M1,M2;T)"
88,0.0,0.16922490238285343,0.012596185639195179,1000,20,"[10, 10, 15]","I(M1,M2;T)"
89,0.0,0.1561901015886042,0.00020161258876169597,1000,20,"[10, 10, 15]","I(M1,M2;T)"
90,0.0,0.16791529462811175,0.012193801407784893,1000,20,"[10, 10, 15]","I(M1,M2;T)"
91,0.0,0.14955700491288865,-0.005856451856842498,1000,20,"[10, 10, 15]","I(M1,M2;T)"
92,0.0,0.15411501903983343,-0.001445408879253901,1000,20,"[10, 10, 15]","I(M1,M2;T)"
93,0.0,0.16164051818267913,0.00562124661043506,1000,20,"[10, 10, 15]","I(M1,M2;T)"
94,0.0,0.14749450800265373,-0.009405081002439364,1000,20,"[10, 10, 15]","I(M1,M2;T)"
95,0.0,0.15646394841877465,0.0007805188096307591,1000,20,"[10, 10, 15]","I(M1,M2;T)"
96,0.0,0.1774626104951632,0.02217043217750131,1000,20,"[10, 10, 15]","I(M1,M2;T)"
97,0.0,0.1723498150403544,0.015446527846968205,1000,20,"[10, 10, 15]","I(M1,M2;T)"
98,0.0,0.1500746345015751,-0.00641690012084431,1000,20,"[10, 10, 15]","I(M1,M2;T)"
99,0.0,0.15220926461740383,-0.0043305182615248905,1000,20,"[10, 10, 15]","I(M1,M2;T)"
100,0.0,0.18571704073346856,0.030130811130152563,1000,20,"[10, 10, 15]","I(M1,M2;T)"
101,0.0,0.1523088580345333,-0.003094445902276699,1000,20,"[10, 10, 15]","I(M1,M2;T)"
102,0.0,0.15372111032365912,-0.001522115333520313,1000,20,"[10, 10, 15]","I(M1,M2;T)"
103,0.0,0.165146634565697,0.009833959052747282,1000,20,"[10, 10, 15]","I(M1,M2;T)"
104,0.0,0.14472506602808582,-0.010723182586880875,1000,20,"[10, 10, 15]","I(M1,M2;T)"
105,0.0,0.1566236040032205,0.0017638822263192355,1000,20,"[10, 10, 15]","I(M1,M2;T)"
106,0.0,0.15288123813684645,-0.0030015664048496926,1000,20,"[10, 10, 15]","I(M1,M2;T)"
107,0.0,0.17332418101353803,0.01762569828208374,1000,20,"[10, 10, 15]","I(M1,M2;T)"
108,0.0,0.15420813708099232,-0.003407197672310902,1000,20,"[10, 10, 15]","I(M1,M2;T)"
109,0.0,0.15452563590776142,-0.0013743813097533975,1000,20,"[10, 10, 15]","I(M1,M2;T)"
110,0.0,0.15294038958330577,-0.0021397225513697937,1000,20,"[10, 10, 15]","I(M1,M2;T)"
111,0.0,0.14374770436334441,-0.011603566477617344,1000,20,"[10, 10, 15]","I(M1,M2;T)"
112,0.0,0.14195639061046902,-0.013378631723651474,1000,20,"[10, 10, 15]","I(M1,M2;T)"
113,0.0,0.14977751599490924,-0.0054709155259893005,1000,20,"[10, 10, 15]","I(M1,M2;T)"
114,0.0,0.13193182075245408,-0.024025438326150367,1000,20,"[10, 10, 15]","I(M1,M2;T)"
115,0.0,0.14817761334772528,-0.00708668691421796,1000,20,"[10, 10, 15]","I(M1,M2;T)"
116,0.0,0.16381501428236628,0.00844880891877195,1000,20,"[10, 10, 15]","I(M1,M2;T)"
117,0.0,0.14204776496146435,-0.014049472152094983,1000,20,"[10, 10, 15]","I(M1,M2;T)"
118,0.0,0.16321506490249718,0.007404744863712398,1000,20,"[10, 10, 15]","I(M1,M2;T)"
119,0.0,0.17993346954867023,0.02411985546543874,1000,20,"[10, 10, 15]","I(M1,M2;T)"
120,0.0,0.15505473500791242,-0.0014670385988569956,1000,20,"[10, 10, 15]","I(M1,M2;T)"
121,0.0,0.14802724772352205,-0.007483862220027865,1000,20,"[10, 10, 15]","I(M1,M2;T)"
122,0.0,0.13728192541609838,-0.018776863861265675,1000,20,"[10, 10, 15]","I(M1,M2;T)"
123,0.0,0.15903017400467936,0.0041813676153733825,1000,20,"[10, 10, 15]","I(M1,M2;T)"
124,0.0,0.16871688020998715,0.013224307576581634,1000,20,"[10, 10, 15]","I(M1,M2;T)"
125,0.0,0.13134197909169928,-0.023861177483619406,1000,20,"[10, 10, 15]","I(M1,M2;T)"
126,0.0,0.1491314649927114,-0.006735364544036615,1000,20,"[10, 10, 15]","I(M1,M2;T)"
127,0.0,0.14425991272374553,-0.012237298928761409,1000,20,"[10, 10, 15]","I(M1,M2;T)"
128,0.0,0.1464220976587542,-0.009617643211734778,1000,20,"[10, 10, 15]","I(M1,M2;T)"
129,0.0,0.14809276490790885,-0.0077476934415837695,1000,20,"[10, 10, 15]","I(M1,M2;T)"
130,0.0,0.14113248668857398,-0.014166508716251941,1000,20,"[10, 10, 15]","I(M1,M2;T)"
131,0.0,0.14222916044764222,-0.013461918359907343,1000,20,"[10, 10, 15]","I(M1,M2;T)"
132,0.0,0.17568754433222766,0.019621857537334725,1000,20,"[10, 10, 15]","I(M1,M2;T)"
133,0.0,0.14073844895525273,-0.014826955994707292,1000,20,"[10, 10, 15]","I(M1,M2;T)"
134,0.0,0.16137587249867508,0.006011048720463347,1000,20,"[10, 10, 15]","I(M1,M2;T)"
135,0.0,0.13786778507074204,-0.01904695540604684,1000,20,"[10, 10, 15]","I(M1,M2;T)"
136,0.0,0.14250019281743886,-0.012792913974650877,1000,20,"[10, 10, 15]","I(M1,M2;T)"
137,0.0,0.1624594749639951,0.00793685262563229,1000,20,"[10, 10, 15]","I(M1,M2;T)"
138,0.0,0.13642524666353573,-0.019601811087757853,1000,20,"[10, 10, 15]","I(M1,M2;T)"
139,0.0,0.15474102274367796,-0.0009749076822407887,1000,20,"[10, 10, 15]","I(M1,M2;T)"
140,0.0,0.14404737610182483,-0.01165135102080525,1000,20,"[10, 10, 15]","I(M1,M2;T)"
141,0.0,0.1617743012130814,0.005385615391449161,1000,20,"[10, 10, 15]","I(M1,M2;T)"
142,0.0,0.14628086876957166,-0.00969545259725868,1000,20,"[10, 10, 15]","I(M1,M2;T)"
143,0.0,0.16062392294271152,0.004520942000805245,1000,20,"[10, 10, 15]","I(M1,M2;T)"
144,0.0,0.1522482929198946,-0.004265953055578253,1000,20,"[10, 10, 15]","I(M1,M2;T)"
145,0.0,0.16716176116207151,0.011715750357366411,1000,20,"[10, 10, 15]","I(M1,M2;T)"
146,0.0,0.1479251917323745,-0.0076357564952076185,1000,20,"[10, 10, 15]","I(M1,M2;T)"
147,0.0,0.14138243138615827,-0.015230299704070749,1000,20,"[10, 10, 15]","I(M1,M2;T)"
148,0.0,0.15699505107508926,0.001174896014582455,1000,20,"[10, 10, 15]","I(M1,M2;T)"
149,0.0,0.17673506737238157,0.02106617592261653,1000,20,"[10, 10, 15]","I(M1,M2;T)"
150,0.0,0.15096274574755747,-0.004612433641998759,1000,20,"[10, 10, 15]","I(M1,M2;T)"
151,0.0,0.15144758798391264,-0.0045802576650607885,1000,20,"[10, 10, 15]","I(M1,M2;T)"
152,0.0,0.16090817208182703,0.004712410334685585,1000,20,"[10, 10, 15]","I(M1,M2;T)"
153,0.0,0.1513684792731511,-0.004148260139122978,1000,20,"[10, 10, 15]","I(M1,M2;T)"
154,0.0,0.1453225541696228,-0.010845400627160329,1000,20,"[10, 10, 15]","I(M1,M2;T)"
155,0.0,0.14548832923447075,-0.010608547067724794,1000,20,"[10, 10, 15]","I(M1,M2;T)"
156,0.0,0.14831302087587128,-0.007367216824805567,1000,20,"[10, 10, 15]","I(M1,M2;T)"
157,0.0,0.14775299062987712,-0.007829987135226174,1000,20,"[10, 10, 15]","I(M1,M2;T)"
158,0.0,0.16157821511159023,0.0067742728160480326,1000,20,"[10, 10, 15]","I(M1,M2;T)"
159,0.0,0.14589829253492909,-0.010170742294579899,1000,20,"[10, 10, 15]","I(M1,M2;T)"
160,0.0,0.13685486381303869,-0.01885850442536066,1000,20,"[10, 10, 15]","I(M1,M2;T)"
161,0.0,0.14390835725884768,-0.012916613267020649,1000,20,"[10, 10, 15]","I(M1,M2;T)"
162,0.0,0.16307484470052186,0.007238838769411726,1000,20,"[10, 10, 15]","I(M1,M2;T)"
163,0.0,0.16882658884199045,0.013097889419908026,1000,20,"[10, 10, 15]","I(M1,M2;T)"
164,0.0,0.14025918612651653,-0.01497046983602171,1000,20,"[10, 10, 15]","I(M1,M2;T)"
165,0.0,0.16889069126911813,0.01313017595804683,1000,20,"[10, 10, 15]","I(M1,M2;T)"
166,0.0,0.15807045577319556,0.0024222868781007545,1000,20,"[10, 10, 15]","I(M1,M2;T)"
167,0.0,0.1514146441393466,-0.004804490585370219,1000,20,"[10, 10, 15]","I(M1,M2;T)"
168,0.0,0.15631132641114862,-0.0006756650362279015,1000,20,"[10, 10, 15]","I(M1,M2;T)"
169,0.0,0.14818111546028462,-0.008152149329025249,1000,20,"[10, 10, 15]","I(M1,M2;T)"
170,0.0,0.15192164494140273,-0.0041137973566277575,1000,20,"[10, 10, 15]","I(M1,M2;T)"
171,0.0,0.1615072010936649,0.005420949557044946,1000,20,"[10, 10, 15]","I(M1,M2;T)"
172,0.0,0.14968260633717723,-0.00616355171419361,1000,20,"[10, 10, 15]","I(M1,M2;T)"
173,0.0,0.15077804687175683,-0.006429362864431215,1000,20,"[10, 10, 15]","I(M1,M2;T)"
174,0.0,0.1587419812818979,0.003298767622689519,1000,20,"[10, 10, 15]","I(M1,M2;T)"
175,0.0,0.16598182257655686,0.009142943532207098,1000,20,"[10, 10, 15]","I(M1,M2;T)"
176,0.0,0.15133758039698578,-0.004514470965711254,1000,20,"[10, 10, 15]","I(M1,M2;T)"
177,0.0,0.15675272245066196,0.0004889508928326569,1000,20,"[10, 10, 15]","I(M1,M2;T)"
178,0.0,0.12928426497905735,-0.02606245067202062,1000,20,"[10, 10, 15]","I(M1,M2;T)"
179,0.0,0.14566439778001494,-0.010318926543428253,1000,20,"[10, 10, 15]","I(M1,M2;T)"
180,0.0,0.1382643060758573,-0.017831051609902643,1000,20,"[10, 10, 15]","I(M1,M2;T)"
181,0.0,0.16031371754611867,0.0031715649337974994,1000,20,"[10, 10, 15]","I(M1,M2;T)"
182,0.0,0.1528092321648885,-0.002648936992854206,1000,20,"[10, 10, 15]","I(M1,M2;T)"
183,0.0,0.15207964528000478,-0.004070684214979053,1000,20,"[10, 10, 15]","I(M1,M2;T)"
184,0.0,0.1382994176228473,-0.01768952426884471,1000,20,"[10, 10, 15]","I(M1,M2;T)"
185,0.0,0.15435048425541778,-0.0008624389739411709,1000,20,"[10, 10, 15]","I(M1,M2;T)"
186,0.0,0.16721119743454468,0.010826028530609766,1000,20,"[10, 10, 15]","I(M1,M2;T)"
187,0.0,0.17337683413205593,0.01740164855210688,1000,20,"[10, 10, 15]","I(M1,M2;T)"
188,0.0,0.1526025594417323,-0.002648137675115847,1000,20,"[10, 10, 15]","I(M1,M2;T)"
189,0.0,0.164323215523383,0.007543970123135513,1000,20,"[10, 10, 15]","I(M1,M2;T)"
190,0.0,0.16741476049997647,0.011099078486225128,1000,20,"[10, 10, 15]","I(M1,M2;T)"
191,0.0,0.13601453639017347,-0.020749980979317795,1000,20,"[10, 10, 15]","I(M1,M2;T)"
192,0.0,0.1546258792193193,-0.0007809236016793342,1000,20,"[10, 10, 15]","I(M1,M2;T)"
193,0.0,0.18063707764334438,0.023889774387775176,1000,20,"[10, 10, 15]","I(M1,M2;T)"
194,0.0,0.14002114750847938,-0.01580877071075415,1000,20,"[10, 10, 15]","I(M1,M2;T)"
195,0.0,0.14944944508392066,-0.005787107323606655,1000,20,"[10, 10, 15]","I(M1,M2;T)"
196,0.0,0.16365067754479323,0.009379344568079512,1000,20,"[10, 10, 15]","I(M1,M2;T)"
197,0.0,0.14441591311360966,-0.011864519890504549,1000,20,"[10, 10, 15]","I(M1,M2;T)"
198,0.0,0.1487483965262582,-0.0069386219812274386,1000,20,"[10, 10, 15]","I(M1,M2;T)"
199,0.0,0.138324456225787,-0.018201264262173028,1000,20,"[10, 10, 15]","I(M1,M2;T)"
200,0.0,0.14995754365532465,-0.006196609126753849,1000,20,"[10, 10, 15]","I(M1,M2;T)"
201,0.0,0.13662635189290212,-0.018668593550399404,1000,20,"[10, 10, 15]","I(M1,M2;T)"
202,0.0,0.13597216443109894,-0.0203394539487895,1000,20,"[10, 10, 15]","I(M1,M2;T)"
203,0.0,0.15211133948767283,-0.003468857066779185,1000,20,"[10, 10, 15]","I(M1,M2;T)"
204,0.0,0.1606948233198372,0.0038465037735904706,1000,20,"[10, 10, 15]","I(M1,M2;T)"
205,0.0,0.14952841971790612,-0.006250994080015115,1000,20,"[10, 10, 15]","I(M1,M2;T)"
206,0.0,0.1501376520992551,-0.00659662076502765,1000,20,"[10, 10, 15]","I(M1,M2;T)"
207,0.0,0.1715140069698523,0.015263650065172052,1000,20,"[10, 10, 15]","I(M1,M2;T)"
208,0.0,0.176461623410441,0.020375720554291293,1000,20,"[10, 10, 15]","I(M1,M2;T)"
209,0.0,0.13601101448635872,-0.01963980376253968,1000,20,"[10, 10, 15]","I(M1,M2;T)"
210,0.0,0.149218232413481,-0.006819821453763614,1000,20,"[10, 10, 15]","I(M1,M2;T)"
211,0.0,0.18171856508048234,0.02597767063005202,1000,20,"[10, 10, 15]","I(M1,M2;T)"
212,0.0,0.1506561950434651,-0.005949916916936415,1000,20,"[10, 10, 15]","I(M1,M2;T)"
213,0.0,0.13323280213285094,-0.023484362359547872,1000,20,"[10, 10, 15]","I(M1,M2;T)"
214,0.0,0.1554451204434279,5.0742515153939793e-05,1000,20,"[10, 10, 15]","I(M1,M2;T)"
215,0.0,0.14129922110744872,-0.015090319450189488,1000,20,"[10, 10, 15]","I(M1,M2;T)"
216,0.0,0.13343464745901923,-0.022623111511972854,1000,20,"[10, 10, 15]","I(M1,M2;T)"
217,0.0,0.14518598937522498,-0.010123759557322226,1000,20,"[10, 10, 15]","I(M1,M2;T)"
218,0.0,0.15123208590096812,-0.004650284712988284,1000,20,"[10, 10, 15]","I(M1,M2;T)"
219,0.0,0.15169302899366624,-0.0039414201860825115,1000,20,"[10, 10, 15]","I(M1,M2;T)"
220,0.0,0.1602561157542908,0.004874739082712326,1000,20,"[10, 10, 15]","I(M1,M2;T)"
221,0.0,0.15295363914674534,-0.0025466633869969946,1000,20,"[10, 10, 15]","I(M1,M2;T)"
222,0.0,0.16464609731243326,0.008729155727038806,1000,20,"[10, 10, 15]","I(M1,M2;T)"
223,0.0,0.1535344173037973,-0.0016964400015921366,1000,20,"[10, 10, 15]","I(M1,M2;T)"
224,0.0,0.15484766005891312,-0.0012900983614192174,1000,20,"[10, 10, 15]","I(M1,M2;T)"
225,0.0,0.16768459486039194,0.01095321650762418,1000,20,"[10, 10, 15]","I(M1,M2;T)"
226,0.0,0.13636291803953726,-0.020696974560703407,1000,20,"[10, 10, 15]","I(M1,M2;T)"
227,0.0,0.15826390138292654,0.003297889014710509,1000,20,"[10, 10, 15]","I(M1,M2;T)"
228,0.0,0.15610476545198532,0.00012531958831446532,1000,20,"[10, 10, 15]","I(M1,M2;T)"
229,0.0,0.16788333714887885,0.011678903076108277,1000,20,"[10, 10, 15]","I(M1,M2;T)"
230,0.0,0.17665257941302265,0.02013978506953365,1000,20,"[10, 10, 15]","I(M1,M2;T)"
231,0.0,0.15460350271562492,-0.00032873304945243986,1000,20,"[10, 10, 15]","I(M1,M2;T)"
232,0.0,0.1570528421580749,0.0016118374215920162,1000,20,"[10, 10, 15]","I(M1,M2;T)"
233,0.0,0.15083517639169886,-0.005295183769688766,1000,20,"[10, 10, 15]","I(M1,M2;T)"
234,0.0,0.16133451531013604,0.004850655875491217,1000,20,"[10, 10, 15]","I(M1,M2;T)"
235,0.0,0.13473150851012122,-0.021335381611742532,1000,20,"[10, 10, 15]","I(M1,M2;T)"
236,0.0,0.166698469353259,0.010862919916979047,1000,20,"[10, 10, 15]","I(M1,M2;T)"
237,0.0,0.13150435742960798,-0.024874652840315425,1000,20,"[10, 10, 15]","I(M1,M2;T)"
238,0.0,0.1585172019528951,0.002085638744067836,1000,20,"[10, 10, 15]","I(M1,M2;T)"
239,0.0,0.1677172689971721,0.01201591303785568,1000,20,"[10, 10, 15]","I(M1,M2;T)"
240,0.0,0.17373700186548421,0.018538160415411647,1000,20,"[10, 10, 15]","I(M1,M2;T)"
241,0.0,0.1426028554689445,-0.012773828183274605,1000,20,"[10, 10, 15]","I(M1,M2;T)"
242,0.0,0.15335605325873947,-0.002930825209959298,1000,20,"[10, 10, 15]","I(M1,M2;T)"
243,0.0,0.14536403021385957,-0.01081942201343769,1000,20,"[10, 10, 15]","I(M1,M2;T)"
244,0.0,0.13792177201118228,-0.017832513412977424,1000,20,"[10, 10, 15]","I(M1,M2;T)"
245,0.0,0.16076381518555444,0.00517494216681888,1000,20,"[10, 10, 15]","I(M1,M2;T)"
246,0.0,0.1385510939807172,-0.016984891277396913,1000,20,"[10, 10, 15]","I(M1,M2;T)"
247,0.0,0.1553287866801385,-0.0009093375946911952,1000,20,"[10, 10, 15]","I(M1,M2;T)"
248,0.0,0.1581782861588856,0.001927338785203403,1000,20,"[10, 10, 15]","I(M1,M2;T)"
249,0.0,0.14354919433604676,-0.01147180905050596,1000,20,"[10, 10, 15]","I(M1,M2;T)"
250,0.0,0.15259498746717542,-0.004387192113304905,1000,20,"[10, 10, 15]","I(M1,M2;T)"
251,0.0,0.1638229990711442,0.007365552959615579,1000,20,"[10, 10, 15]","I(M1,M2;T)"
252,0.0,0.1509487309662434,-0.0045537275351623385,1000,20,"[10, 10, 15]","I(M1,M2;T)"
253,0.0,0.1397860560879556,-0.015621644496664228,1000,20,"[10, 10, 15]","I(M1,M2;T)"
254,0.0,0.14289387111054502,-0.013052537987064267,1000,20,"[10, 10, 15]","I(M1,M2;T)"
255,0.0,0.16780984948787486,0.011380842825924303,1000,20,"[10, 10, 15]","I(M1,M2;T)"
256,0.0,0.1499924520107089,-0.005697313327565318,1000,20,"[10, 10, 15]","I(M1,M2;T)"
257,0.0,0.1462744827745569,-0.009510131371410019,1000,20,"[10, 10, 15]","I(M1,M2;T)"
258,0.0,0.1624631444178642,0.006233266894068307,1000,20,"[10, 10, 15]","I(M1,M2;T)"
259,0.0,0.16906300399940788,0.013354264067212823,1000,20,"[10, 10, 15]","I(M1,M2;T)"
260,0.0,0.13559962842865644,-0.020079571542301,1000,20,"[10, 10, 15]","I(M1,M2;T)"
261,0.0,0.15486589973604634,-0.001205753444873836,1000,20,"[10, 10, 15]","I(M1,M2;T)"
262,0.0,0.13721804844094584,-0.018861740361759582,1000,20,"[10, 10, 15]","I(M1,M2;T)"
263,0.0,0.15986011041635698,0.0031358705631861494,1000,20,"[10, 10, 15]","I(M1,M2;T)"
264,0.0,0.14563029306146344,-0.010904879035215531,1000,20,"[10, 10, 15]","I(M1,M2;T)"
265,0.0,0.1576295428099121,0.001990457339455992,1000,20,"[10, 10, 15]","I(M1,M2;T)"
266,0.0,0.13450983580470638,-0.02139487836730003,1000,20,"[10, 10, 15]","I(M1,M2;T)"
267,0.0,0.14907001739530765,-0.006928014956874229,1000,20,"[10, 10, 15]","I(M1,M2;T)"
268,0.0,0.14516971491563352,-0.010520551683343149,1000,20,"[10, 10, 15]","I(M1,M2;T)"
269,0.0,0.1458856050401239,-0.011033381913013784,1000,20,"[10, 10, 15]","I(M1,M2;T)"
270,0.0,0.15380968951026677,-0.0025718594328200672,1000,20,"[10, 10, 15]","I(M1,M2;T)"
271,0.0,0.15165080857148672,-0.0038327210351334073,1000,20,"[10, 10, 15]","I(M1,M2;T)"
272,0.0,0.1512592156478828,-0.004540917014468543,1000,20,"[10, 10, 15]","I(M1,M2;T)"
273,0.0,0.15419336434367276,-0.0012170529308466183,1000,20,"[10, 10, 15]","I(M1,M2;T)"
274,0.0,0.1397164287829992,-0.014919584443744416,1000,20,"[10, 10, 15]","I(M1,M2;T)"
275,0.0,0.14487740009002364,-0.011015273202513026,1000,20,"[10, 10, 15]","I(M1,M2;T)"
276,0.0,0.16695440379194867,0.01146047985551693,1000,20,"[10, 10, 15]","I(M1,M2;T)"
277,0.0,0.16792015261734988,0.010910093401496984,1000,20,"[10, 10, 15]","I(M1,M2;T)"
278,0.0,0.15320242406240628,-0.0025300721197317466,1000,20,"[10, 10, 15]","I(M1,M2;T)"
279,0.0,0.15519405432366934,-0.00015136285924438608,1000,20,"[10, 10, 15]","I(M1,M2;T)"
280,0.0,0.1404423403995112,-0.015518239258675542,1000,20,"[10, 10, 15]","I(M1,M2;T)"
281,0.0,0.15213754235284216,-0.003682126570658001,1000,20,"[10, 10, 15]","I(M1,M2;T)"
282,0.0,0.15370382371598246,-0.0014577086729201105,1000,20,"[10, 10, 15]","I(M1,M2;T)"
283,0.0,0.16656200202541632,0.011094701437776883,1000,20,"[10, 10, 15]","I(M1,M2;T)"
284,0.0,0.14026685310699463,-0.01566087460499821,1000,20,"[10, 10, 15]","I(M1,M2;T)"
285,0.0,0.15755424029479537,0.002594350745175722,1000,20,"[10, 10, 15]","I(M1,M2;T)"
286,0.0,0.14950522183281967,-0.007145325865372698,1000,20,"[10, 10, 15]","I(M1,M2;T)"
287,0.0,0.1576888205466709,0.001939272347502241,1000,20,"[10, 10, 15]","I(M1,M2;T)"
288,0.0,0.16931184326693616,0.013167364413241262,1000,20,"[10, 10, 15]","I(M1,M2;T)"
289,0.0,0.17229270014042275,0.01659762636997894,1000,20,"[10, 10, 15]","I(M1,M2;T)"
290,0.0,0.12933571330522586,-0.026619151450164885,1000,20,"[10, 10, 15]","I(M1,M2;T)"
291,0.0,0.14442886812308997,-0.011209771357054199,1000,20,"[10, 10, 15]","I(M1,M2;T)"
292,0.0,0.16939379117172304,0.01344927647291183,1000,20,"[10, 10, 15]","I(M1,M2;T)"
293,0.0,0.15951993144981363,0.003918664516234405,1000,20,"[10, 10, 15]","I(M1,M2;T)"
294,0.0,0.17466178096957147,0.018610240127231614,1000,20,"[10, 10, 15]","I(M1,M2;T)"
295,0.0,0.15933833839404704,0.003102743008203568,1000,20,"[10, 10, 15]","I(M1,M2;T)"
296,0.0,0.13791148278314314,-0.017922485605906174,1000,20,"[10, 10, 15]","I(M1,M2;T)"
297,0.0,0.1752396728803845,0.019269407636428593,1000,20,"[10, 10, 15]","I(M1,M2;T)"
298,0.0,0.14062510602199685,-0.015229424855422724,1000,20,"[10, 10, 15]","I(M1,M2;T)"
299,0.0,0.1439471943636304,-0.01176810717899815,1000,20,"[10, 10, 15]","I(M1,M2;T)"
300,0.0,0.151209838082543,-0.005208885649551187,1000,20,"[10, 10, 15]","I(M1,M2;T)"
301,0.0,0.14791730929046523,-0.00794676599464228,1000,20,"[10, 10, 15]","I(M1,M2;T)"
302,0.0,0.14028200067024904,-0.015719418720885142,1000,20,"[10, 10, 15]","I(M1,M2;T)"
303,0.0,0.15174863890882168,-0.0035437246666965294,1000,20,"[10, 10, 15]","I(M1,M2;T)"
304,0.0,0.14621089847631316,-0.009705533242356706,1000,20,"[10, 10, 15]","I(M1,M2;T)"
305,0.0,0.16295949030586612,0.006770918746693694,1000,20,"[10, 10, 15]","I(M1,M2;T)"
306,0.0,0.13959482443617674,-0.01672013008944262,1000,20,"[10, 10, 15]","I(M1,M2;T)"
307,0.0,0.15351818414633808,-0.0026119833201482534,1000,20,"[10, 10, 15]","I(M1,M2;T)"
308,0.0,0.1459882587048057,-0.009927595393213112,1000,20,"[10, 10, 15]","I(M1,M2;T)"
309,0.0,0.17441981099605067,0.0182550161091925,1000,20,"[10, 10, 15]","I(M1,M2;T)"
310,0.0,0.1542524284641219,-0.0012708514149028793,1000,20,"[10, 10, 15]","I(M1,M2;T)"
311,0.0,0.15424785640818195,-0.00174262074980841,1000,20,"[10, 10, 15]","I(M1,M2;T)"
312,0.0,0.1522477871342322,-0.003967581343702675,1000,20,"[10, 10, 15]","I(M1,M2;T)"
313,0.0,0.1450784269866153,-0.011287794312383331,1000,20,"[10, 10, 15]","I(M1,M2;T)"
314,0.0,0.12250243870113195,-0.03322854318014226,1000,20,"[10, 10, 15]","I(M1,M2;T)"
315,0.0,0.15153808891322373,-0.0037775218784565634,1000,20,"[10, 10, 15]","I(M1,M2;T)"
316,0.0,0.14026614066753212,-0.015883605288547015,1000,20,"[10, 10, 15]","I(M1,M2;T)"
317,0.0,0.16874984265805532,0.012995430784638301,1000,20,"[10, 10, 15]","I(M1,M2;T)"
318,0.0,0.13213026646932524,-0.02391011732388104,1000,20,"[10, 10, 15]","I(M1,M2;T)"
319,0.0,0.15170394640060836,-0.005652399139985276,1000,20,"[10, 10, 15]","I(M1,M2;T)"
320,0.0,0.17783629626701095,0.02088637325573206,1000,20,"[10, 10, 15]","I(M1,M2;T)"
321,0.0,0.13661960460894937,-0.019082548973496594,1000,20,"[10, 10, 15]","I(M1,M2;T)"
322,0.0,0.15493432337163598,-0.0004744197828715213,1000,20,"[10, 10, 15]","I(M1,M2;T)"
323,0.0,0.16101216558503956,0.005241411227213555,1000,20,"[10, 10, 15]","I(M1,M2;T)"
324,0.0,0.1634469944621536,0.007941658917094058,1000,20,"[10, 10, 15]","I(M1,M2;T)"
325,0.0,0.1588372782240577,0.0028063162897267457,1000,20,"[10, 10, 15]","I(M1,M2;T)"
326,0.0,0.16219840824688087,0.005961937244374715,1000,20,"[10, 10, 15]","I(M1,M2;T)"
327,0.0,0.14686869667419983,-0.008918417832763842,1000,20,"[10, 10, 15]","I(M1,M2;T)"
328,0.0,0.15009304355094238,-0.005556453015977653,1000,20,"[10, 10, 15]","I(M1,M2;T)"
329,0.0,0.1511317064413505,-0.0038035924391594256,1000,20,"[10, 10, 15]","I(M1,M2;T)"
330,0.0,0.14318864720588223,-0.012501210439940846,1000,20,"[10, 10, 15]","I(M1,M2;T)"
331,0.0,0.17456702185213452,0.018793579503090907,1000,20,"[10, 10, 15]","I(M1,M2;T)"
332,0.0,0.16075544926901286,0.006146891576669228,1000,20,"[10, 10, 15]","I(M1,M2;T)"
333,0.0,0.1360438289922281,-0.01962943240980572,1000,20,"[10, 10, 15]","I(M1,M2;T)"
334,0.0,0.15663839578617705,0.0013861885768133853,1000,20,"[10, 10, 15]","I(M1,M2;T)"
335,0.0,0.16130937428896464,0.00516808457633397,1000,20,"[10, 10, 15]","I(M1,M2;T)"
336,0.0,0.14799246421609982,-0.007129333966229751,1000,20,"[10, 10, 15]","I(M1,M2;T)"
337,0.0,0.15849514920956467,0.0028122921206502616,1000,20,"[10, 10, 15]","I(M1,M2;T)"
338,0.0,0.1676328856868638,0.012257374131827259,1000,20,"[10, 10, 15]","I(M1,M2;T)"
339,0.0,0.13980997042693,-0.015577207856940556,1000,20,"[10, 10, 15]","I(M1,M2;T)"
340,0.0,0.16583338071376802,0.009888251171398743,1000,20,"[10, 10, 15]","I(M1,M2;T)"
341,0.0,0.15975862348193864,0.003977065988770345,1000,20,"[10, 10, 15]","I(M1,M2;T)"
342,0.0,0.1565854993212929,-9.043439609723869e-06,1000,20,"[10, 10, 15]","I(M1,M2;T)"
343,0.0,0.14686612589472237,-0.0090592671192678,1000,20,"[10, 10, 15]","I(M1,M2;T)"
344,0.0,0.13246117082952286,-0.02375338606939928,1000,20,"[10, 10, 15]","I(M1,M2;T)"
345,0.0,0.13566227767728514,-0.020497419975744502,1000,20,"[10, 10, 15]","I(M1,M2;T)"
346,0.0,0.1549094863952033,-0.0018917629047020268,1000,20,"[10, 10, 15]","I(M1,M2;T)"
347,0.0,0.1408544410805301,-0.015146481211847418,1000,20,"[10, 10, 15]","I(M1,M2;T)"
348,0.0,0.12958742655018027,-0.025650025817815697,1000,20,"[10, 10, 15]","I(M1,M2;T)"
349,0.0,0.1343176940116864,-0.0214480513338052,1000,20,"[10, 10, 15]","I(M1,M2;T)"
350,0.0,0.14859259626128585,-0.008094260630196276,1000,20,"[10, 10, 15]","I(M1,M2;T)"
351,0.0,0.14651718289529234,-0.009715354976443241,1000,20,"[10, 10, 15]","I(M1,M2;T)"
352,0.0,0.15121113416995008,-0.006110115395059845,1000,20,"[10, 10, 15]","I(M1,M2;T)"
353,0.0,0.15271371678550008,-0.0031306423119966398,1000,20,"[10, 10, 15]","I(M1,M2;T)"
354,0.0,0.148334922085897,-0.007366636313263064,1000,20,"[10, 10, 15]","I(M1,M2;T)"
355,0.0,0.15977330547460789,0.002782168687662512,1000,20,"[10, 10, 15]","I(M1,M2;T)"
356,0.0,0.14550719233801684,-0.011171789043448399,1000,20,"[10, 10, 15]","I(M1,M2;T)"
357,0.0,0.1547238684880144,-0.0019028431523319678,1000,20,"[10, 10, 15]","I(M1,M2;T)"
358,0.0,0.15296897610066135,-0.003159381001010181,1000,20,"[10, 10, 15]","I(M1,M2;T)"
359,0.0,0.15231618972887212,-0.0031250623013070467,1000,20,"[10, 10, 15]","I(M1,M2;T)"
360,0.0,0.1467043446002028,-0.009725486135054862,1000,20,"[10, 10, 15]","I(M1,M2;T)"
361,0.0,0.15113377798746705,-0.004041794912298224,1000,20,"[10, 10, 15]","I(M1,M2;T)"
362,0.0,0.1446356026024185,-0.011680907394817114,1000,20,"[10, 10, 15]","I(M1,M2;T)"
363,0.0,0.14374482970135402,-0.012490348526784822,1000,20,"[10, 10, 15]","I(M1,M2;T)"
364,0.0,0.15209632435911297,-0.004275556614465159,1000,20,"[10, 10, 15]","I(M1,M2;T)"
365,0.0,0.16101656560668798,0.00522130599846285,1000,20,"[10, 10, 15]","I(M1,M2;T)"
366,0.0,0.15452240899638311,-0.0008937722211311561,1000,20,"[10, 10, 15]","I(M1,M2;T)"
367,0.0,0.15128049707962224,-0.005000671150959424,1000,20,"[10, 10, 15]","I(M1,M2;T)"
368,0.0,0.1402442366283857,-0.015675235222043504,1000,20,"[10, 10, 15]","I(M1,M2;T)"
369,0.0,0.16620946841530523,0.010443491686590062,1000,20,"[10, 10, 15]","I(M1,M2;T)"
370,0.0,0.14687178933600528,-0.00932655350642242,1000,20,"[10, 10, 15]","I(M1,M2;T)"
371,0.0,0.15746570386221642,0.0013719472084856854,1000,20,"[10, 10, 15]","I(M1,M2;T)"
372,0.0,0.15931168974053164,0.004088896703763584,1000,20,"[10, 10, 15]","I(M1,M2;T)"
373,0.0,0.14355289925529557,-0.012732002707566692,1000,20,"[10, 10, 15]","I(M1,M2;T)"
374,0.0,0.14786237039111905,-0.007737247910664602,1000,20,"[10, 10, 15]","I(M1,M2;T)"
375,0.0,0.13948782315171215,-0.01575602744960472,1000,20,"[10, 10, 15]","I(M1,M2;T)"
376,0.0,0.14195279392539015,-0.013112992003026624,1000,20,"[10, 10, 15]","I(M1,M2;T)"
377,0.0,0.1736350543672161,0.017625854494433962,1000,20,"[10, 10, 15]","I(M1,M2;T)"
378,0.0,0.14317349741265023,-0.012350331396939307,1000,20,"[10, 10, 15]","I(M1,M2;T)"
379,0.0,0.1536844266466699,-0.0020308725089815405,1000,20,"[10, 10, 15]","I(M1,M2;T)"
380,0.0,0.14823576832480878,-0.008351952473464042,1000,20,"[10, 10, 15]","I(M1,M2;T)"
381,0.0,0.15625418518402714,0.00020249216869358544,1000,20,"[10, 10, 15]","I(M1,M2;T)"
382,0.0,0.1257804169662114,-0.02902261287481736,1000,20,"[10, 10, 15]","I(M1,M2;T)"
383,0.0,0.15207020762321366,-0.0029108607110779894,1000,20,"[10, 10, 15]","I(M1,M2;T)"
384,0.0,0.14036390880174449,-0.015762480459782957,1000,20,"[10, 10, 15]","I(M1,M2;T)"
385,0.0,0.16590861434704934,0.010634385294967297,1000,20,"[10, 10, 15]","I(M1,M2;T)"
386,0.0,0.1501280140404942,-0.005909491454097138,1000,20,"[10, 10, 15]","I(M1,M2;T)"
387,0.0,0.1657400203186779,0.009767351751473835,1000,20,"[10, 10, 15]","I(M1,M2;T)"
388,0.0,0.15811518802193295,0.0024327606228105314,1000,20,"[10, 10, 15]","I(M1,M2;T)"
389,0.0,0.14572337379723252,-0.011528095500205199,1000,20,"[10, 10, 15]","I(M1,M2;T)"
390,0.0,0.1698755780812985,0.014477325253670653,1000,20,"[10, 10, 15]","I(M1,M2;T)"
391,0.0,0.14963812146691213,-0.006706911824143347,1000,20,"[10, 10, 15]","I(M1,M2;T)"
392,0.0,0.17914928884074788,0.02335345076029488,1000,20,"[10, 10, 15]","I(M1,M2;T)"
393,0.0,0.18878471489778523,0.03275443478356166,1000,20,"[10, 10, 15]","I(M1,M2;T)"
394,0.0,0.12203651045362565,-0.03331811547162564,1000,20,"[10, 10, 15]","I(M1,M2;T)"
395,0.0,0.1539965940318554,-0.0012878468905844764,1000,20,"[10, 10, 15]","I(M1,M2;T)"
396,0.0,0.1567757073678802,0.0014383876582346466,1000,20,"[10, 10, 15]","I(M1,M2;T)"
397,0.0,0.1582141419536931,0.00369787278922451,1000,20,"[10, 10, 15]","I(M1,M2;T)"
398,0.0,0.13033726208180235,-0.025448733670980772,1000,20,"[10, 10, 15]","I(M1,M2;T)"
399,0.0,0.1652744003557896,0.009415386800035258,1000,20,"[10, 10, 15]","I(M1,M2;T)"
400,0.0,0.17137038244533453,0.014243765837278433,1000,20,"[10, 10, 15]","I(M1,M2;T)"
401,0.0,0.12719317990690804,-0.02767773305540061,1000,20,"[10, 10, 15]","I(M1,M2;T)"
402,0.0,0.14694268582269707,-0.009025372649796276,1000,20,"[10, 10, 15]","I(M1,M2;T)"
403,0.0,0.141876855660897,-0.014903646354034045,1000,20,"[10, 10, 15]","I(M1,M2;T)"
404,0.0,0.15250690011894666,-0.0040142593244281155,1000,20,"[10, 10, 15]","I(M1,M2;T)"
405,0.0,0.1429332100997046,-0.013068107832979181,1000,20,"[10, 10, 15]","I(M1,M2;T)"
406,0.0,0.14493875794533623,-0.010764603195484529,1000,20,"[10, 10, 15]","I(M1,M2;T)"
407,0.0,0.12897601427214467,-0.027555895639158723,1000,20,"[10, 10, 15]","I(M1,M2;T)"
408,0.0,0.15212555871526154,-0.003919634567402186,1000,20,"[10, 10, 15]","I(M1,M2;T)"
409,0.0,0.14855751193308359,-0.0073278304433976316,1000,20,"[10, 10, 15]","I(M1,M2;T)"
410,0.0,0.14835484821081146,-0.007833535545589881,1000,20,"[10, 10, 15]","I(M1,M2;T)"
411,0.0,0.12211823234015096,-0.0342796708644037,1000,20,"[10, 10, 15]","I(M1,M2;T)"
412,0.0,0.14119041523880174,-0.013932665847262576,1000,20,"[10, 10, 15]","I(M1,M2;T)"
413,0.0,0.1545962881073943,-0.0006559541061794127,1000,20,"[10, 10, 15]","I(M1,M2;T)"
414,0.0,0.14625248269257785,-0.010310131007656126,1000,20,"[10, 10, 15]","I(M1,M2;T)"
415,0.0,0.1504672356109032,-0.005547588195242953,1000,20,"[10, 10, 15]","I(M1,M2;T)"
416,0.0,0.138345460872663,-0.017042407580216995,1000,20,"[10, 10, 15]","I(M1,M2;T)"
417,0.0,0.1326885460087089,-0.022977967545244865,1000,20,"[10, 10, 15]","I(M1,M2;T)"
418,0.0,0.15108370957589204,-0.004872308338912917,1000,20,"[10, 10, 15]","I(M1,M2;T)"
419,0.0,0.1626228064052556,0.005892056403597967,1000,20,"[10, 10, 15]","I(M1,M2;T)"
420,0.0,0.14387931753162037,-0.011570057579383786,1000,20,"[10, 10, 15]","I(M1,M2;T)"
421,0.0,0.14251461313028355,-0.012087936468788696,1000,20,"[10, 10, 15]","I(M1,M2;T)"
422,0.0,0.15010720439583894,-0.006235803272097801,1000,20,"[10, 10, 15]","I(M1,M2;T)"
423,0.0,0.14589222074253103,-0.009659568914415467,1000,20,"[10, 10, 15]","I(M1,M2;T)"
424,0.0,0.1714073812089169,0.015124383822515436,1000,20,"[10, 10, 15]","I(M1,M2;T)"
425,0.0,0.150843523969465,-0.004126516539922909,1000,20,"[10, 10, 15]","I(M1,M2;T)"
426,0.0,0.1719139928794589,0.015343677852018484,1000,20,"[10, 10, 15]","I(M1,M2;T)"
427,0.0,0.16760867292937487,0.011645950285135515,1000,20,"[10, 10, 15]","I(M1,M2;T)"
428,0.0,0.1557799769784472,0.0006461723014184184,1000,20,"[10, 10, 15]","I(M1,M2;T)"
429,0.0,0.14356120575913656,-0.013043487146780053,1000,20,"[10, 10, 15]","I(M1,M2;T)"
430,0.0,0.1551357139419539,-0.0011734145996177558,1000,20,"[10, 10, 15]","I(M1,M2;T)"
431,0.0,0.14603656239663368,-0.010529322372581223,1000,20,"[10, 10, 15]","I(M1,M2;T)"
432,0.0,0.149693404107132,-0.005924276209339302,1000,20,"[10, 10, 15]","I(M1,M2;T)"
433,0.0,0.1625583904862879,0.0056520607397550215,1000,20,"[10, 10, 15]","I(M1,M2;T)"
434,0.0,0.15311398168528906,-0.0022131312998661667,1000,20,"[10, 10, 15]","I(M1,M2;T)"
435,0.0,0.15468606091300252,-0.0008265536290449349,1000,20,"[10, 10, 15]","I(M1,M2;T)"
436,0.0,0.16549771230551702,0.010275193581209457,1000,20,"[10, 10, 15]","I(M1,M2;T)"
437,0.0,0.1574121021792472,0.0018803022078672793,1000,20,"[10, 10, 15]","I(M1,M2;T)"
438,0.0,0.1514547049775809,-0.003812720809738601,1000,20,"[10, 10, 15]","I(M1,M2;T)"
439,0.0,0.14140952583905583,-0.014664634604481863,1000,20,"[10, 10, 15]","I(M1,M2;T)"
440,0.0,0.15889030870177695,0.002855273708841616,1000,20,"[10, 10, 15]","I(M1,M2;T)"
441,0.0,0.13093679551411208,-0.024692780720231233,1000,20,"[10, 10, 15]","I(M1,M2;T)"
442,0.0,0.165817690497587,0.010385079635063743,1000,20,"[10, 10, 15]","I(M1,M2;T)"
443,0.0,0.16545353592333642,0.009144474198463176,1000,20,"[10, 10, 15]","I(M1,M2;T)"
444,0.0,0.15150839206767971,-0.003823824908740142,1000,20,"[10, 10, 15]","I(M1,M2;T)"
445,0.0,0.17072181324943997,0.014711822374793071,1000,20,"[10, 10, 15]","I(M1,M2;T)"
446,0.0,0.153744246490429,-0.0024877493191723943,1000,20,"[10, 10, 15]","I(M1,M2;T)"
447,0.0,0.14436918209029165,-0.011464084719472994,1000,20,"[10, 10, 15]","I(M1,M2;T)"
448,0.0,0.14007834377568265,-0.015321871028237621,1000,20,"[10, 10, 15]","I(M1,M2;T)"
449,0.0,0.14542470834913224,-0.010432759887768983,1000,20,"[10, 10, 15]","I(M1,M2;T)"
450,0.0,0.15213846192920102,-0.0038899725161213317,1000,20,"[10, 10, 15]","I(M1,M2;T)"
451,0.0,0.14110048815720752,-0.014654853010327151,1000,20,"[10, 10, 15]","I(M1,M2;T)"
452,0.0,0.14327545947524434,-0.012322104655661165,1000,20,"[10, 10, 15]","I(M1,M2;T)"
453,0.0,0.1428692658718279,-0.014002570688203653,1000,20,"[10, 10, 15]","I(M1,M2;T)"
454,0.0,0.16815114276003937,0.01268412315498163,1000,20,"[10, 10, 15]","I(M1,M2;T)"
455,0.0,0.143739447553854,-0.012132281946730938,1000,20,"[10, 10, 15]","I(M1,M2;T)"
456,0.0,0.16292767398443456,0.007240014030211184,1000,20,"[10, 10, 15]","I(M1,M2;T)"
457,0.0,0.14634401401572686,-0.01004562922573729,1000,20,"[10, 10, 15]","I(M1,M2;T)"
458,0.0,0.14593543167668865,-0.009975766605218761,1000,20,"[10, 10, 15]","I(M1,M2;T)"
459,0.0,0.1453820675161136,-0.01043349474291383,1000,20,"[10, 10, 15]","I(M1,M2;T)"
460,0.0,0.15896527158305174,0.003703521065546833,1000,20,"[10, 10, 15]","I(M1,M2;T)"
461,0.0,0.1339172226846526,-0.021500124150939992,1000,20,"[10, 10, 15]","I(M1,M2;T)"
462,0.0,0.12611102952885136,-0.029800408897244834,1000,20,"[10, 10, 15]","I(M1,M2;T)"
463,0.0,0.1410384357741065,-0.014550317352613001,1000,20,"[10, 10, 15]","I(M1,M2;T)"
464,0.0,0.13857434487308545,-0.01747069395289358,1000,20,"[10, 10, 15]","I(M1,M2;T)"
465,0.0,0.1603068334500947,0.004617597523303124,1000,20,"[10, 10, 15]","I(M1,M2;T)"
466,0.0,0.15028578142581342,-0.005662491436621092,1000,20,"[10, 10, 15]","I(M1,M2;T)"
467,0.0,0.14659297762724655,-0.009656897636298983,1000,20,"[10, 10, 15]","I(M1,M2;T)"
468,0.0,0.14772346499822658,-0.007511015921872144,1000,20,"[10, 10, 15]","I(M1,M2;T)"
469,0.0,0.1658219175369111,0.009726594058214105,1000,20,"[10, 10, 15]","I(M1,M2;T)"
470,0.0,0.17860609063063843,0.022812038678195923,1000,20,"[10, 10, 15]","I(M1,M2;T)"
471,0.0,0.1434058800370951,-0.012377954592729695,1000,20,"[10, 10, 15]","I(M1,M2;T)"
472,0.0,0.12881481432529462,-0.02629306560026584,1000,20,"[10, 10, 15]","I(M1,M2;T)"
473,0.0,0.1418371013935794,-0.014797890255823593,1000,20,"[10, 10, 15]","I(M1,M2;T)"
474,0.0,0.14643107734872696,-0.010431353542232014,1000,20,"[10, 10, 15]","I(M1,M2;T)"
475,0.0,0.15611292069318405,-0.000684981014613506,1000,20,"[10, 10, 15]","I(M1,M2;T)"
476,0.0,0.164507762921987,0.008322717178868427,1000,20,"[10, 10, 15]","I(M1,M2;T)"
477,0.0,0.17362307840291008,0.017267664087930623,1000,20,"[10, 10, 15]","I(M1,M2;T)"
478,0.0,0.17879858759614145,0.023676149951110587,1000,20,"[10, 10, 15]","I(M1,M2;T)"
479,0.0,0.1396700497468349,-0.016310013809067075,1000,20,"[10, 10, 15]","I(M1,M2;T)"
480,0.0,0.16325229777188877,0.0061668857661380805,1000,20,"[10, 10, 15]","I(M1,M2;T)"
481,0.0,0.15359281752766846,-0.0024675936302172297,1000,20,"[10, 10, 15]","I(M1,M2;T)"
482,0.0,0.14967843375371798,-0.006708950383267437,1000,20,"[10, 10, 15]","I(M1,M2;T)"
483,0.0,0.18589237995664815,0.03114746810897051,1000,20,"[10, 10, 15]","I(M1,M2;T)"
484,0.0,0.15905941075975283,0.003034242513907104,1000,20,"[10, 10, 15]","I(M1,M2;T)"
485,0.0,0.14571942146433156,-0.009985529255708697,1000,20,"[10, 10, 15]","I(M1,M2;T)"
486,0.0,0.18283427167275312,0.026722268895962936,1000,20,"[10, 10, 15]","I(M1,M2;T)"
487,0.0,0.15301711734509413,-0.003134903830567748,1000,20,"[10, 10, 15]","I(M1,M2;T)"
488,0.0,0.14041583988448406,-0.01544355764190758,1000,20,"[10, 10, 15]","I(M1,M2;T)"
489,0.0,0.1557433988909977,-6.157035654774656e-05,1000,20,"[10, 10, 15]","I(M1,M2;T)"
490,0.0,0.15174114194467428,-0.0036378886260573506,1000,20,"[10, 10, 15]","I(M1,M2;T)"
491,0.0,0.15886025426100273,0.002687009663647766,1000,20,"[10, 10, 15]","I(M1,M2;T)"
492,0.0,0.15502528997306014,-0.0004871174237603415,1000,20,"[10, 10, 15]","I(M1,M2;T)"
493,0.0,0.15896555595102466,0.003405976742133443,1000,20,"[10, 10, 15]","I(M1,M2;T)"
494,0.0,0.14837470046078455,-0.007446547134143444,1000,20,"[10, 10, 15]","I(M1,M2;T)"
495,0.0,0.15609541393653315,0.0011343752292060083,1000,20,"[10, 10, 15]","I(M1,M2;T)"
496,0.0,0.16912109585840865,0.013556356844646567,1000,20,"[10, 10, 15]","I(M1,M2;T)"
497,0.0,0.15338716792986262,-0.0031109719980695894,1000,20,"[10, 10, 15]","I(M1,M2;T)"
498,0.0,0.1466879622660886,-0.008643280797520608,1000,20,"[10, 10, 15]","I(M1,M2;T)"
499,0.0,0.15788274711162456,0.0017072816117117418,1000,20,"[10, 10, 15]","I(M1,M2;T)"
500,0.0,0.15213545400703404,-0.0034300658090528346,1000,20,"[10, 10, 15]","I(M1,M2;T)"
501,0.0,0.13156137965072964,-0.023833397574373666,1000,20,"[10, 10, 15]","I(M1,M2;T)"
502,0.0,0.16685965064668523,0.010569173550340843,1000,20,"[10, 10, 15]","I(M1,M2;T)"
503,0.0,0.15147221584855972,-0.004143940451621669,1000,20,"[10, 10, 15]","I(M1,M2;T)"
504,0.0,0.14971446721746112,-0.0066593525397516395,1000,20,"[10, 10, 15]","I(M1,M2;T)"
505,0.0,0.16410373726438343,0.008237921641847001,1000,20,"[10, 10, 15]","I(M1,M2;T)"
506,0.0,0.15217876663617258,-0.003864541099633245,1000,20,"[10, 10, 15]","I(M1,M2;T)"
507,0.0,0.16832358818636545,0.01258513202049838,1000,20,"[10, 10, 15]","I(M1,M2;T)"
508,0.0,0.15766189376238565,0.0015658833303854036,1000,20,"[10, 10, 15]","I(M1,M2;T)"
509,0.0,0.12996532158523338,-0.025661872016471993,1000,20,"[10, 10, 15]","I(M1,M2;T)"
510,0.0,0.1663235119876109,0.01095080231242998,1000,20,"[10, 10, 15]","I(M1,M2;T)"
511,0.0,0.1632185513109447,0.007486227053297073,1000,20,"[10, 10, 15]","I(M1,M2;T)"
512,0.0,0.14794528151963499,-0.007720378297762093,1000,20,"[10, 10, 15]","I(M1,M2;T)"
513,0.0,0.15788231926035656,0.002389928307169914,1000,20,"[10, 10, 15]","I(M1,M2;T)"
514,0.0,0.15004685578110832,-0.0059717629071436296,1000,20,"[10, 10, 15]","I(M1,M2;T)"
515,0.0,0.12512562764969934,-0.030754690418728275,1000,20,"[10, 10, 15]","I(M1,M2;T)"
516,0.0,0.14088370485310175,-0.015201773922122575,1000,20,"[10, 10, 15]","I(M1,M2;T)"
517,0.0,0.15014065972738133,-0.005401992004759326,1000,20,"[10, 10, 15]","I(M1,M2;T)"
518,0.0,0.13337325874934847,-0.022685694811522883,1000,20,"[10, 10, 15]","I(M1,M2;T)"
519,0.0,0.15380869283697823,-0.002167138823997744,1000,20,"[10, 10, 15]","I(M1,M2;T)"
520,0.0,0.17297306539349128,0.017711238530095763,1000,20,"[10, 10, 15]","I(M1,M2;T)"
521,0.0,0.14550496721699782,-0.01020605622861459,1000,20,"[10, 10, 15]","I(M1,M2;T)"
522,0.0,0.15328916167404638,-0.002046785696335457,1000,20,"[10, 10, 15]","I(M1,M2;T)"
523,0.0,0.1598735425179159,0.004359897261509343,1000,20,"[10, 10, 15]","I(M1,M2;T)"
524,0.0,0.12749590907785435,-0.02910281728040956,1000,20,"[10, 10, 15]","I(M1,M2;T)"
525,0.0,0.15366227271692862,-0.0022549174667560457,1000,20,"[10, 10, 15]","I(M1,M2;T)"
526,0.0,0.14889725216567984,-0.006456528022033309,1000,20,"[10, 10, 15]","I(M1,M2;T)"
527,0.0,0.15983451692178963,0.004237929585613476,1000,20,"[10, 10, 15]","I(M1,M2;T)"
528,0.0,0.1537693504301491,-0.0015765715724714024,1000,20,"[10, 10, 15]","I(M1,M2;T)"
529,0.0,0.13529359189022352,-0.021099490763248074,1000,20,"[10, 10, 15]","I(M1,M2;T)"
530,0.0,0.16776487539714446,0.011717040961706754,1000,20,"[10, 10, 15]","I(M1,M2;T)"
531,0.0,0.16331573643056668,0.008122457751499945,1000,20,"[10, 10, 15]","I(M1,M2;T)"
532,0.0,0.15985396127109913,0.004222536729524801,1000,20,"[10, 10, 15]","I(M1,M2;T)"
533,0.0,0.16335855484017447,0.00689348894180436,1000,20,"[10, 10, 15]","I(M1,M2;T)"
534,0.0,0.17338920300439206,0.016619317060839994,1000,20,"[10, 10, 15]","I(M1,M2;T)"
535,0.0,0.15618295621281875,0.000170521938297169,1000,20,"[10, 10, 15]","I(M1,M2;T)"
536,0.0,0.1404302217881684,-0.01612880143595538,1000,20,"[10, 10, 15]","I(M1,M2;T)"
537,0.0,0.16861722666555345,0.012739152742057475,1000,20,"[10, 10, 15]","I(M1,M2;T)"
538,0.0,0.15074679031312926,-0.0049169498970826064,1000,20,"[10, 10, 15]","I(M1,M2;T)"
539,0.0,0.14675213983737082,-0.010506932438248434,1000,20,"[10, 10, 15]","I(M1,M2;T)"
540,0.0,0.14790299757611197,-0.008269802795058151,1000,20,"[10, 10, 15]","I(M1,M2;T)"
541,0.0,0.16879087602606785,0.012661625454899433,1000,20,"[10, 10, 15]","I(M1,M2;T)"
542,0.0,0.15253351107831253,-0.0033931627991993785,1000,20,"[10, 10, 15]","I(M1,M2;T)"
543,0.0,0.16076233221105118,0.005420110915380305,1000,20,"[10, 10, 15]","I(M1,M2;T)"
544,0.0,0.1404948355587663,-0.014766260061679026,1000,20,"[10, 10, 15]","I(M1,M2;T)"
545,0.0,0.15934574212172625,0.0031984911177502795,1000,20,"[10, 10, 15]","I(M1,M2;T)"
546,0.0,0.15512142522196332,-0.00027958817641976497,1000,20,"[10, 10, 15]","I(M1,M2;T)"
547,0.0,0.1553913546999187,-0.0009264320515480207,1000,20,"[10, 10, 15]","I(M1,M2;T)"
548,0.0,0.15965481295465786,0.0037655874372273523,1000,20,"[10, 10, 15]","I(M1,M2;T)"
549,0.0,0.13556938120636633,-0.0196924797587264,1000,20,"[10, 10, 15]","I(M1,M2;T)"
550,0.0,0.13788362238506488,-0.017188616053686434,1000,20,"[10, 10, 15]","I(M1,M2;T)"
551,0.0,0.15228037575025533,-0.00368224534608369,1000,20,"[10, 10, 15]","I(M1,M2;T)"
552,0.0,0.15540441272585886,-0.00016537064361435427,1000,20,"[10, 10, 15]","I(M1,M2;T)"
553,0.0,0.1413066734720006,-0.014018102223155332,1000,20,"[10, 10, 15]","I(M1,M2;T)"
554,0.0,0.1337225576803886,-0.022007964023177035,1000,20,"[10, 10, 15]","I(M1,M2;T)"
555,0.0,0.1500712488277714,-0.005886938167543515,1000,20,"[10, 10, 15]","I(M1,M2;T)"
556,0.0,0.1619826869195467,0.00608183100720755,1000,20,"[10, 10, 15]","I(M1,M2;T)"
557,0.0,0.16261487453259926,0.007430273695639172,1000,20,"[10, 10, 15]","I(M1,M2;T)"
558,0.0,0.15002373614800996,-0.006023650131961267,1000,20,"[10, 10, 15]","I(M1,M2;T)"
559,0.0,0.14655926673125483,-0.008509751640041807,1000,20,"[10, 10, 15]","I(M1,M2;T)"
560,0.0,0.14880674407878478,-0.00813528841318642,1000,20,"[10, 10, 15]","I(M1,M2;T)"
561,0.0,0.1466322586456189,-0.008355608085844207,1000,20,"[10, 10, 15]","I(M1,M2;T)"
562,0.0,0.15104119051049286,-0.005200481018681591,1000,20,"[10, 10, 15]","I(M1,M2;T)"
563,0.0,0.14465046769072276,-0.010515928837922794,1000,20,"[10, 10, 15]","I(M1,M2;T)"
564,0.0,0.1491337768350208,-0.006809268699894122,1000,20,"[10, 10, 15]","I(M1,M2;T)"
565,0.0,0.14037516525599028,-0.014424498139787661,1000,20,"[10, 10, 15]","I(M1,M2;T)"
566,0.0,0.13954083428423913,-0.016374092243167854,1000,20,"[10, 10, 15]","I(M1,M2;T)"
567,0.0,0.14205170259889144,-0.01458139862547056,1000,20,"[10, 10, 15]","I(M1,M2;T)"
568,0.0,0.17128125196853292,0.015725532171178058,1000,20,"[10, 10, 15]","I(M1,M2;T)"
569,0.0,0.15503140559590703,-0.000986390004845017,1000,20,"[10, 10, 15]","I(M1,M2;T)"
570,0.0,0.14263735950428702,-0.014251704067955284,1000,20,"[10, 10, 15]","I(M1,M2;T)"
571,0.0,0.15777418039258917,0.0009707144075828678,1000,20,"[10, 10, 15]","I(M1,M2;T)"
572,0.0,0.13790598117018077,-0.01867607765470991,1000,20,"[10, 10, 15]","I(M1,M2;T)"
573,0.0,0.15033069094746712,-0.004488856420759385,1000,20,"[10, 10, 15]","I(M1,M2;T)"
574,0.0,0.16901039091707665,0.01365053507268349,1000,20,"[10, 10, 15]","I(M1,M2;T)"
575,0.0,0.1729584045543111,0.0170544295967536,1000,20,"[10, 10, 15]","I(M1,M2;T)"
576,0.0,0.16340816957066912,0.007766334482002146,1000,20,"[10, 10, 15]","I(M1,M2;T)"
577,0.0,0.1400780582766394,-0.015970884868465124,1000,20,"[10, 10, 15]","I(M1,M2;T)"
578,0.0,0.1615691220770104,0.004816290287194797,1000,20,"[10, 10, 15]","I(M1,M2;T)"
579,0.0,0.1532179364609293,-0.0034432903734059606,1000,20,"[10, 10, 15]","I(M1,M2;T)"
580,0.0,0.13669296382440815,-0.01905034238240952,1000,20,"[10, 10, 15]","I(M1,M2;T)"
581,0.0,0.17521512824377344,0.019860731813328703,1000,20,"[10, 10, 15]","I(M1,M2;T)"
582,0.0,0.15927366075958152,0.0032980885162633977,1000,20,"[10, 10, 15]","I(M1,M2;T)"
583,0.0,0.14948700990647398,-0.005735043588601441,1000,20,"[10, 10, 15]","I(M1,M2;T)"
584,0.0,0.15114380987404175,-0.004594458138380497,1000,20,"[10, 10, 15]","I(M1,M2;T)"
585,0.0,0.15176240437336974,-0.003437671948782667,1000,20,"[10, 10, 15]","I(M1,M2;T)"
586,0.0,0.18249515985132533,0.026469192762409166,1000,20,"[10, 10, 15]","I(M1,M2;T)"
587,0.0,0.14740245348484265,-0.008039681364161805,1000,20,"[10, 10, 15]","I(M1,M2;T)"
588,0.0,0.15282073814416125,-0.003396153870261348,1000,20,"[10, 10, 15]","I(M1,M2;T)"
589,0.0,0.14412087360934728,-0.011535330626877005,1000,20,"[10, 10, 15]","I(M1,M2;T)"
590,0.0,0.1552629273829633,-0.00047750869535251317,1000,20,"[10, 10, 15]","I(M1,M2;T)"
591,0.0,0.1336662578157906,-0.022352634186221215,1000,20,"[10, 10, 15]","I(M1,M2;T)"
592,0.0,0.15875296142588288,0.0037974956963662265,1000,20,"[10, 10, 15]","I(M1,M2;T)"
593,0.0,0.13965191670092353,-0.016437524671980286,1000,20,"[10, 10, 15]","I(M1,M2;T)"
594,0.0,0.16065146695912114,0.0051157232146728515,1000,20,"[10, 10, 15]","I(M1,M2;T)"
595,0.0,0.16577942403619095,0.010278256665031432,1000,20,"[10, 10, 15]","I(M1,M2;T)"
596,0.0,0.13401030015971682,-0.022244126683328508,1000,20,"[10, 10, 15]","I(M1,M2;T)"
597,0.0,0.13636270930800226,-0.020124246721338224,1000,20,"[10, 10, 15]","I(M1,M2;T)"
598,0.0,0.1488664014986403,-0.006683799644250893,1000,20,"[10, 10, 15]","I(M1,M2;T)"
599,0.0,0.14875854869619437,-0.006847935655619308,1000,20,"[10, 10, 15]","I(M1,M2;T)"
600,0.0,0.13899811296114287,-0.01620399546442483,1000,20,"[10, 10, 15]","I(M1,M2;T)"
601,0.0,0.15868388001919495,0.0024521789155052265,1000,20,"[10, 10, 15]","I(M1,M2;T)"
602,0.0,0.14170094456026192,-0.014526410489295732,1000,20,"[10, 10, 15]","I(M1,M2;T)"
603,0.0,0.15993052606557073,0.004727199446345587,1000,20,"[10, 10, 15]","I(M1,M2;T)"
604,0.0,0.1509883888189636,-0.005320978061161219,1000,20,"[10, 10, 15]","I(M1,M2;T)"
605,0.0,0.16328694812690756,0.008415855716275455,1000,20,"[10, 10, 15]","I(M1,M2;T)"
606,0.0,0.1517037596498432,-0.0045758620087542334,1000,20,"[10, 10, 15]","I(M1,M2;T)"
607,0.0,0.1557006340385378,-0.00015850149647200773,1000,20,"[10, 10, 15]","I(M1,M2;T)"
608,0.0,0.1491967688067542,-0.00723084372214336,1000,20,"[10, 10, 15]","I(M1,M2;T)"
609,0.0,0.136811939607219,-0.01791435397960911,1000,20,"[10, 10, 15]","I(M1,M2;T)"
610,0.0,0.15852154793074752,0.0025356380157579572,1000,20,"[10, 10, 15]","I(M1,M2;T)"
611,0.0,0.1661344323064586,0.00996573772752718,1000,20,"[10, 10, 15]","I(M1,M2;T)"
612,0.0,0.15408872810890498,-0.0021289170642872224,1000,20,"[10, 10, 15]","I(M1,M2;T)"
613,0.0,0.15265899491472457,-0.0034407269336798885,1000,20,"[10, 10, 15]","I(M1,M2;T)"
614,0.0,0.15231415823278857,-0.0030453966468584615,1000,20,"[10, 10, 15]","I(M1,M2;T)"
615,0.0,0.1869249891399672,0.031068470485463184,1000,20,"[10, 10, 15]","I(M1,M2;T)"
616,0.0,0.1347762602367921,-0.021053623712048164,1000,20,"[10, 10, 15]","I(M1,M2;T)"
617,0.0,0.14860860144101923,-0.008299725764847832,1000,20,"[10, 10, 15]","I(M1,M2;T)"
618,0.0,0.14416263265827406,-0.01153432513308253,1000,20,"[10, 10, 15]","I(M1,M2;T)"
619,0.0,0.17160512688365506,0.015301337726236208,1000,20,"[10, 10, 15]","I(M1,M2;T)"
620,0.0,0.16613413540698502,0.009396661621972807,1000,20,"[10, 10, 15]","I(M1,M2;T)"
621,0.0,0.1597127770216739,0.0034486089506111095,1000,20,"[10, 10, 15]","I(M1,M2;T)"
622,0.0,0.1388066940592456,-0.017139909843712553,1000,20,"[10, 10, 15]","I(M1,M2;T)"
623,0.0,0.14506818700110796,-0.011461113482594931,1000,20,"[10, 10, 15]","I(M1,M2;T)"
624,0.0,0.15105645162682582,-0.00505247344645432,1000,20,"[10, 10, 15]","I(M1,M2;T)"
625,0.0,0.14984206712566617,-0.006123718555480551,1000,20,"[10, 10, 15]","I(M1,M2;T)"
626,0.0,0.13694389505948962,-0.01792415791726465,1000,20,"[10, 10, 15]","I(M1,M2;T)"
627,0.0,0.17019990885151443,0.013553239548738133,1000,20,"[10, 10, 15]","I(M1,M2;T)"
628,0.0,0.16220858056647963,0.006599147730699723,1000,20,"[10, 10, 15]","I(M1,M2;T)"
629,0.0,0.16322960356552915,0.008093398249360645,1000,20,"[10, 10, 15]","I(M1,M2;T)"
630,0.0,0.15705881945377595,0.0010752230448321243,1000,20,"[10, 10, 15]","I(M1,M2;T)"
631,0.0,0.1468190739704987,-0.009350705692305478,1000,20,"[10, 10, 15]","I(M1,M2;T)"
632,0.0,0.16365394947448864,0.0066573002011331706,1000,20,"[10, 10, 15]","I(M1,M2;T)"
633,0.0,0.13213432965299568,-0.024533372984540253,1000,20,"[10, 10, 15]","I(M1,M2;T)"
634,0.0,0.16240120878863082,0.007289354917669605,1000,20,"[10, 10, 15]","I(M1,M2;T)"
635,0.0,0.15995554249669183,0.00452903881982003,1000,20,"[10, 10, 15]","I(M1,M2;T)"
636,0.0,0.13877104071804586,-0.017088059815970336,1000,20,"[10, 10, 15]","I(M1,M2;T)"
637,0.0,0.15549944592921694,-0.0009178416022848079,1000,20,"[10, 10, 15]","I(M1,M2;T)"
638,0.0,0.15915524090216088,0.003156852137827959,1000,20,"[10, 10, 15]","I(M1,M2;T)"
639,0.0,0.15566248040945974,-6.555302767924376e-05,1000,20,"[10, 10, 15]","I(M1,M2;T)"
640,0.0,0.13712389946379133,-0.01771672809097552,1000,20,"[10, 10, 15]","I(M1,M2;T)"
641,0.0,0.1491697397794562,-0.006405127309694253,1000,20,"[10, 10, 15]","I(M1,M2;T)"
642,0.0,0.1513658357629339,-0.00397129432283283,1000,20,"[10, 10, 15]","I(M1,M2;T)"
643,0.0,0.161246275414211,0.0058606525012215305,1000,20,"[10, 10, 15]","I(M1,M2;T)"
644,0.0,0.15140703313997556,-0.004381408375563889,1000,20,"[10, 10, 15]","I(M1,M2;T)"
645,0.0,0.17177062918278374,0.016660624701242632,1000,20,"[10, 10, 15]","I(M1,M2;T)"
646,0.0,0.16538427447713006,0.01030055694977533,1000,20,"[10, 10, 15]","I(M1,M2;T)"
647,0.0,0.1402889161905303,-0.015421364415913935,1000,20,"[10, 10, 15]","I(M1,M2;T)"
648,0.0,0.1517359418547528,-0.004153917259031831,1000,20,"[10, 10, 15]","I(M1,M2;T)"
649,0.0,0.14227624565936842,-0.014670760067148708,1000,20,"[10, 10, 15]","I(M1,M2;T)"
650,0.0,0.13204030724126523,-0.024196161680184847,1000,20,"[10, 10, 15]","I(M1,M2;T)"
651,0.0,0.15032839799286918,-0.006729372991094329,1000,20,"[10, 10, 15]","I(M1,M2;T)"
652,0.0,0.17355269261711195,0.016924448208272463,1000,20,"[10, 10, 15]","I(M1,M2;T)"
653,0.0,0.15939589578540506,0.002789864986190549,1000,20,"[10, 10, 15]","I(M1,M2;T)"
654,0.0,0.15262752491480014,-0.004038249885157219,1000,20,"[10, 10, 15]","I(M1,M2;T)"
655,0.0,0.14717390074387404,-0.0076841578747376404,1000,20,"[10, 10, 15]","I(M1,M2;T)"
656,0.0,0.14129502227997226,-0.014147671307259635,1000,20,"[10, 10, 15]","I(M1,M2;T)"
657,0.0,0.1737716698029424,0.01768348447644047,1000,20,"[10, 10, 15]","I(M1,M2;T)"
658,0.0,0.14510153938714218,-0.010197740479968215,1000,20,"[10, 10, 15]","I(M1,M2;T)"
659,0.0,0.14380902852372146,-0.01190753787721019,1000,20,"[10, 10, 15]","I(M1,M2;T)"
660,0.0,0.14516799065613992,-0.010946187593947776,1000,20,"[10, 10, 15]","I(M1,M2;T)"
661,0.0,0.14700436179996407,-0.008500912599762184,1000,20,"[10, 10, 15]","I(M1,M2;T)"
662,0.0,0.14650754276340827,-0.009256511580820054,1000,20,"[10, 10, 15]","I(M1,M2;T)"
663,0.0,0.1511414136711535,-0.005059031195988745,1000,20,"[10, 10, 15]","I(M1,M2;T)"
664,0.0,0.14245103302037826,-0.014224276510673761,1000,20,"[10, 10, 15]","I(M1,M2;T)"
665,0.0,0.16474020979660042,0.010010361650588828,1000,20,"[10, 10, 15]","I(M1,M2;T)"
666,0.0,0.16378768247379832,0.008012297025867171,1000,20,"[10, 10, 15]","I(M1,M2;T)"
667,0.0,0.13522594916377145,-0.021300164720149645,1000,20,"[10, 10, 15]","I(M1,M2;T)"
668,0.0,0.12695296242866588,-0.029743239291090184,1000,20,"[10, 10, 15]","I(M1,M2;T)"
669,0.0,0.16416250112033293,0.007397867549647996,1000,20,"[10, 10, 15]","I(M1,M2;T)"
670,0.0,0.13108342453686295,-0.02578254444886044,1000,20,"[10, 10, 15]","I(M1,M2;T)"
671,0.0,0.17518216435951153,0.019224454468810437,1000,20,"[10, 10, 15]","I(M1,M2;T)"
672,0.0,0.15540606945717161,-0.0005394449415447033,1000,20,"[10, 10, 15]","I(M1,M2;T)"
673,0.0,0.16990854084230428,0.013835802509550466,1000,20,"[10, 10, 15]","I(M1,M2;T)"
674,0.0,0.17651547802961007,0.02060192933138108,1000,20,"[10, 10, 15]","I(M1,M2;T)"
675,0.0,0.17266242640417484,0.01656842880023532,1000,20,"[10, 10, 15]","I(M1,M2;T)"
676,0.0,0.13937022957441747,-0.01674444354139462,1000,20,"[10, 10, 15]","I(M1,M2;T)"
677,0.0,0.1342426768064745,-0.021928053791179042,1000,20,"[10, 10, 15]","I(M1,M2;T)"
678,0.0,0.14834511922987015,-0.007272710695852891,1000,20,"[10, 10, 15]","I(M1,M2;T)"
679,0.0,0.1567375223596465,0.0010528106664299541,1000,20,"[10, 10, 15]","I(M1,M2;T)"
680,0.0,0.1406587159177631,-0.016028593806591468,1000,20,"[10, 10, 15]","I(M1,M2;T)"
681,0.0,0.16367664691009676,0.00821530997510378,1000,20,"[10, 10, 15]","I(M1,M2;T)"
682,0.0,0.15174685491943493,-0.003792305275308022,1000,20,"[10, 10, 15]","I(M1,M2;T)"
683,0.0,0.15748101173428247,0.000759629181919852,1000,20,"[10, 10, 15]","I(M1,M2;T)"
684,0.0,0.16800145369872937,0.012110491219399305,1000,20,"[10, 10, 15]","I(M1,M2;T)"
685,0.0,0.14158408605839498,-0.014043672161721171,1000,20,"[10, 10, 15]","I(M1,M2;T)"
686,0.0,0.16686984773309543,0.010658593300168967,1000,20,"[10, 10, 15]","I(M1,M2;T)"
687,0.0,0.18009010665943936,0.024180820198412556,1000,20,"[10, 10, 15]","I(M1,M2;T)"
688,0.0,0.1739658063262421,0.018831666759978466,1000,20,"[10, 10, 15]","I(M1,M2;T)"
689,0.0,0.14231582553516364,-0.01400733919943914,1000,20,"[10, 10, 15]","I(M1,M2;T)"
690,0.0,0.15907816208959913,0.0030114030418821602,1000,20,"[10, 10, 15]","I(M1,M2;T)"
691,0.0,0.15343159550391733,-0.00237413737450215,1000,20,"[10, 10, 15]","I(M1,M2;T)"
692,0.0,0.14419575387007266,-0.011490351682634209,1000,20,"[10, 10, 15]","I(M1,M2;T)"
693,0.0,0.13046661019031602,-0.026069786708253107,1000,20,"[10, 10, 15]","I(M1,M2;T)"
694,0.0,0.16057740176905505,0.004278683303646724,1000,20,"[10, 10, 15]","I(M1,M2;T)"
695,0.0,0.15014506850027326,-0.00528463817982594,1000,20,"[10, 10, 15]","I(M1,M2;T)"
696,0.0,0.13306225490258397,-0.022753816658130532,1000,20,"[10, 10, 15]","I(M1,M2;T)"
697,0.0,0.1383174823660851,-0.01716703898155758,1000,20,"[10, 10, 15]","I(M1,M2;T)"
698,0.0,0.1506225490428314,-0.005287505425240369,1000,20,"[10, 10, 15]","I(M1,M2;T)"
699,0.0,0.1532556629995327,-0.0028605504782578672,1000,20,"[10, 10, 15]","I(M1,M2;T)"
700,0.0,0.16186305276030247,0.006429862733575875,1000,20,"[10, 10, 15]","I(M1,M2;T)"
701,0.0,0.15151509869879964,-0.004249934063178251,1000,20,"[10, 10, 15]","I(M1,M2;T)"
702,0.0,0.1649662578614541,0.008958798438703564,1000,20,"[10, 10, 15]","I(M1,M2;T)"
703,0.0,0.16737315513259712,0.01156311949387559,1000,20,"[10, 10, 15]","I(M1,M2;T)"
704,0.0,0.1583300029320627,0.002191530392788632,1000,20,"[10, 10, 15]","I(M1,M2;T)"
705,0.0,0.16456530026755134,0.009355295127726398,1000,20,"[10, 10, 15]","I(M1,M2;T)"
706,0.0,0.16611017287298122,0.010543112806769894,1000,20,"[10, 10, 15]","I(M1,M2;T)"
707,0.0,0.141559803859081,-0.014296698735441898,1000,20,"[10, 10, 15]","I(M1,M2;T)"
708,0.0,0.1699668620523171,0.014184279376046133,1000,20,"[10, 10, 15]","I(M1,M2;T)"
709,0.0,0.16608407565875244,0.011019928782723981,1000,20,"[10, 10, 15]","I(M1,M2;T)"
710,0.0,0.19143849733041757,0.03641257529158812,1000,20,"[10, 10, 15]","I(M1,M2;T)"
711,0.0,0.14951528233294575,-0.005974322684852262,1000,20,"[10, 10, 15]","I(M1,M2;T)"
712,0.0,0.15432773516279633,-0.0013950573098652497,1000,20,"[10, 10, 15]","I(M1,M2;T)"
713,0.0,0.13420941114582707,-0.021405178626214355,1000,20,"[10, 10, 15]","I(M1,M2;T)"
714,0.0,0.14095685857693113,-0.014762818991689741,1000,20,"[10, 10, 15]","I(M1,M2;T)"
715,0.0,0.12411768229262178,-0.032636000772712406,1000,20,"[10, 10, 15]","I(M1,M2;T)"
716,0.0,0.16467076274793635,0.009348435067839833,1000,20,"[10, 10, 15]","I(M1,M2;T)"
717,0.0,0.17812868261176454,0.021947043402668093,1000,20,"[10, 10, 15]","I(M1,M2;T)"
718,0.0,0.16132029253301125,0.005700995151869281,1000,20,"[10, 10, 15]","I(M1,M2;T)"
719,0.0,0.160163479365539,0.003912279747857378,1000,20,"[10, 10, 15]","I(M1,M2;T)"
720,0.0,0.16000764175243215,0.004963570172224652,1000,20,"[10, 10, 15]","I(M1,M2;T)"
721,0.0,0.14262209420608585,-0.013662943267208044,1000,20,"[10, 10, 15]","I(M1,M2;T)"
722,0.0,0.14021832332838002,-0.015407310526827894,1000,20,"[10, 10, 15]","I(M1,M2;T)"
723,0.0,0.1543125505428504,-0.0014429548787723567,1000,20,"[10, 10, 15]","I(M1,M2;T)"
724,0.0,0.16084755258035618,0.004300053478392435,1000,20,"[10, 10, 15]","I(M1,M2;T)"
725,0.0,0.1496749683158247,-0.006311541716976815,1000,20,"[10, 10, 15]","I(M1,M2;T)"
726,0.0,0.1421254723660667,-0.013742198605236094,1000,20,"[10, 10, 15]","I(M1,M2;T)"
727,0.0,0.14819844714437502,-0.008081433501294949,1000,20,"[10, 10, 15]","I(M1,M2;T)"
728,0.0,0.17798180693309684,0.021917373409827384,1000,20,"[10, 10, 15]","I(M1,M2;T)"
729,0.0,0.16328404312659311,0.006614522830661135,1000,20,"[10, 10, 15]","I(M1,M2;T)"
730,0.0,0.15311379277944046,-0.002463474736260518,1000,20,"[10, 10, 15]","I(M1,M2;T)"
731,0.0,0.12858431565301864,-0.027249348735836898,1000,20,"[10, 10, 15]","I(M1,M2;T)"
732,0.0,0.16187811328665724,0.005750720615186916,1000,20,"[10, 10, 15]","I(M1,M2;T)"
733,0.0,0.16713400575467785,0.012126252093677348,1000,20,"[10, 10, 15]","I(M1,M2;T)"
734,0.0,0.1558109954029104,0.00026795216185321324,1000,20,"[10, 10, 15]","I(M1,M2;T)"
735,0.0,0.15756192468836527,0.0010039716836458268,1000,20,"[10, 10, 15]","I(M1,M2;T)"
736,0.0,0.16657278127239694,0.010498191379883365,1000,20,"[10, 10, 15]","I(M1,M2;T)"
737,0.0,0.16848404527610605,0.012769834089517956,1000,20,"[10, 10, 15]","I(M1,M2;T)"
738,0.0,0.15109428558292717,-0.005227406276521518,1000,20,"[10, 10, 15]","I(M1,M2;T)"
739,0.0,0.15105211996758122,-0.005142487813821012,1000,20,"[10, 10, 15]","I(M1,M2;T)"
740,0.0,0.13601008113947088,-0.019541538441099876,1000,20,"[10, 10, 15]","I(M1,M2;T)"
741,0.0,0.16016724644565578,0.004592719876844509,1000,20,"[10, 10, 15]","I(M1,M2;T)"
742,0.0,0.14493916062402368,-0.011658234021279329,1000,20,"[10, 10, 15]","I(M1,M2;T)"
743,0.0,0.13795223192938663,-0.018221530431243332,1000,20,"[10, 10, 15]","I(M1,M2;T)"
744,0.0,0.1758001566768294,0.019863528009495035,1000,20,"[10, 10, 15]","I(M1,M2;T)"
745,0.0,0.14667524511944915,-0.009361359954558085,1000,20,"[10, 10, 15]","I(M1,M2;T)"
746,0.0,0.13525201637823187,-0.021127798943658627,1000,20,"[10, 10, 15]","I(M1,M2;T)"
747,0.0,0.15051978895492785,-0.006025932728472322,1000,20,"[10, 10, 15]","I(M1,M2;T)"
748,0.0,0.16142760197848532,0.004477729796820207,1000,20,"[10, 10, 15]","I(M1,M2;T)"
749,0.0,0.1395115599181136,-0.015188335569169709,1000,20,"[10, 10, 15]","I(M1,M2;T)"
750,0.0,0.15255127787551573,-0.0033432590172260968,1000,20,"[10, 10, 15]","I(M1,M2;T)"
751,0.0,0.15437952335383687,-0.0011685264421489594,1000,20,"[10, 10, 15]","I(M1,M2;T)"
752,0.0,0.1692049740317108,0.01321295660407562,1000,20,"[10, 10, 15]","I(M1,M2;T)"
753,0.0,0.13577414727989245,-0.018743015167575705,1000,20,"[10, 10, 15]","I(M1,M2;T)"
754,0.0,0.14779561637809638,-0.008452034769403316,1000,20,"[10, 10, 15]","I(M1,M2;T)"
755,0.0,0.16241009653954855,0.006481849676142848,1000,20,"[10, 10, 15]","I(M1,M2;T)"
756,0.0,0.15278716906984335,-0.003541230819482155,1000,20,"[10, 10, 15]","I(M1,M2;T)"
757,0.0,0.1510076240867792,-0.006291718656388168,1000,20,"[10, 10, 15]","I(M1,M2;T)"
758,0.0,0.15955794471496876,0.003846941630865075,1000,20,"[10, 10, 15]","I(M1,M2;T)"
759,0.0,0.12057766976212544,-0.03460519225720912,1000,20,"[10, 10, 15]","I(M1,M2;T)"
760,0.0,0.14607585472176382,-0.00870785550430836,1000,20,"[10, 10, 15]","I(M1,M2;T)"
761,0.0,0.14220000384457396,-0.014058328342638926,1000,20,"[10, 10, 15]","I(M1,M2;T)"
762,0.0,0.1600128795560562,0.003118695892667833,1000,20,"[10, 10, 15]","I(M1,M2;T)"
763,0.0,0.15310963983246806,-0.003171972597873829,1000,20,"[10, 10, 15]","I(M1,M2;T)"
764,0.0,0.1474185131386315,-0.007528064200599371,1000,20,"[10, 10, 15]","I(M1,M2;T)"
765,0.0,0.12056846008662012,-0.03578632772902393,1000,20,"[10, 10, 15]","I(M1,M2;T)"
766,0.0,0.13177089992812896,-0.023567343115899808,1000,20,"[10, 10, 15]","I(M1,M2;T)"
767,0.0,0.15422355168154273,-0.002569860222036674,1000,20,"[10, 10, 15]","I(M1,M2;T)"
768,0.0,0.13020465871541634,-0.02574208276333556,1000,20,"[10, 10, 15]","I(M1,M2;T)"
769,0.0,0.17466062716603292,0.019731693405033474,1000,20,"[10, 10, 15]","I(M1,M2;T)"
770,0.0,0.1805002989317022,0.024469012798541967,1000,20,"[10, 10, 15]","I(M1,M2;T)"
771,0.0,0.13252563895938646,-0.024869971246262,1000,20,"[10, 10, 15]","I(M1,M2;T)"
772,0.0,0.14644005506746438,-0.00988662569851595,1000,20,"[10, 10, 15]","I(M1,M2;T)"
773,0.0,0.1399161842509267,-0.015669728811651185,1000,20,"[10, 10, 15]","I(M1,M2;T)"
774,0.0,0.14176704756037906,-0.014348723761607535,1000,20,"[10, 10, 15]","I(M1,M2;T)"
775,0.0,0.15992542611418892,0.004561612914920216,1000,20,"[10, 10, 15]","I(M1,M2;T)"
776,0.0,0.146799690122059,-0.009443758724139745,1000,20,"[10, 10, 15]","I(M1,M2;T)"
777,0.0,0.18288181996436154,0.02714820782982827,1000,20,"[10, 10, 15]","I(M1,M2;T)"
778,0.0,0.16031545038093656,0.0045328560607280355,1000,20,"[10, 10, 15]","I(M1,M2;T)"
779,0.0,0.14854393290200435,-0.008216469501914875,1000,20,"[10, 10, 15]","I(M1,M2;T)"
780,0.0,0.16260781411919245,0.006104917665349596,1000,20,"[10, 10, 15]","I(M1,M2;T)"
781,0.0,0.1607949337545677,0.005110216362258196,1000,20,"[10, 10, 15]","I(M1,M2;T)"
782,0.0,0.18446885062513957,0.028567584105238714,1000,20,"[10, 10, 15]","I(M1,M2;T)"
783,0.0,0.14947792851059113,-0.006449304426153185,1000,20,"[10, 10, 15]","I(M1,M2;T)"
784,0.0,0.14530981989897768,-0.01040753566105554,1000,20,"[10, 10, 15]","I(M1,M2;T)"
785,0.0,0.15250394835577163,-0.0034057542406350783,1000,20,"[10, 10, 15]","I(M1,M2;T)"
786,0.0,0.13934224428008035,-0.017386886447775723,1000,20,"[10, 10, 15]","I(M1,M2;T)"
787,0.0,0.1465891332984917,-0.009592207531949226,1000,20,"[10, 10, 15]","I(M1,M2;T)"
788,0.0,0.14708147816255343,-0.009330536521165667,1000,20,"[10, 10, 15]","I(M1,M2;T)"
789,0.0,0.14694716310401998,-0.007832031522143956,1000,20,"[10, 10, 15]","I(M1,M2;T)"
790,0.0,0.1482647473247773,-0.007718434041484562,1000,20,"[10, 10, 15]","I(M1,M2;T)"
791,0.0,0.1485817442179391,-0.007851049558113027,1000,20,"[10, 10, 15]","I(M1,M2;T)"
792,0.0,0.16952098528528758,0.01294076548565698,1000,20,"[10, 10, 15]","I(M1,M2;T)"
793,0.0,0.14255595579993308,-0.01280080633057401,1000,20,"[10, 10, 15]","I(M1,M2;T)"
794,0.0,0.14075758068346217,-0.014646865455254399,1000,20,"[10, 10, 15]","I(M1,M2;T)"
795,0.0,0.15138804424685826,-0.004070296982748217,1000,20,"[10, 10, 15]","I(M1,M2;T)"
796,0.0,0.16903417334090884,0.012532984206095887,1000,20,"[10, 10, 15]","I(M1,M2;T)"
797,0.0,0.14459050927663958,-0.011001880834839023,1000,20,"[10, 10, 15]","I(M1,M2;T)"
798,0.0,0.16155651574864136,0.00627983286101455,1000,20,"[10, 10, 15]","I(M1,M2;T)"
799,0.0,0.1479193901665304,-0.008127901052075781,1000,20,"[10, 10, 15]","I(M1,M2;T)"
800,0.0,0.14740961143045955,-0.008708215160205035,1000,20,"[10, 10, 15]","I(M1,M2;T)"
801,0.0,0.14142899440448717,-0.014765711042088764,1000,20,"[10, 10, 15]","I(M1,M2;T)"
802,0.0,0.1551411662420471,-0.0003605868655300326,1000,20,"[10, 10, 15]","I(M1,M2;T)"
803,0.0,0.15900677604050306,0.00277058461042487,1000,20,"[10, 10, 15]","I(M1,M2;T)"
804,0.0,0.1305828783299218,-0.025423729134568057,1000,20,"[10, 10, 15]","I(M1,M2;T)"
805,0.0,0.14619034681678522,-0.010137379533152274,1000,20,"[10, 10, 15]","I(M1,M2;T)"
806,0.0,0.1438774222415306,-0.012999052083108309,1000,20,"[10, 10, 15]","I(M1,M2;T)"
807,0.0,0.15222798769114673,-0.004168265057315879,1000,20,"[10, 10, 15]","I(M1,M2;T)"
808,0.0,0.15022189170018407,-0.006058293650659491,1000,20,"[10, 10, 15]","I(M1,M2;T)"
809,0.0,0.13303856441151832,-0.02340653644075294,1000,20,"[10, 10, 15]","I(M1,M2;T)"
810,0.0,0.14728840137532623,-0.008554325955433262,1000,20,"[10, 10, 15]","I(M1,M2;T)"
811,0.0,0.1609173065349048,0.004648253313204731,1000,20,"[10, 10, 15]","I(M1,M2;T)"
812,0.0,0.14317056321265026,-0.0119415718369838,1000,20,"[10, 10, 15]","I(M1,M2;T)"
813,0.0,0.14116103073836545,-0.014793672949030112,1000,20,"[10, 10, 15]","I(M1,M2;T)"
814,0.0,0.14444412451966515,-0.011204557732282683,1000,20,"[10, 10, 15]","I(M1,M2;T)"
815,0.0,0.13832231836774891,-0.01824271760356677,1000,20,"[10, 10, 15]","I(M1,M2;T)"
816,0.0,0.14444896771919294,-0.011003536823288668,1000,20,"[10, 10, 15]","I(M1,M2;T)"
817,0.0,0.1199046094287428,-0.03625075855538319,1000,20,"[10, 10, 15]","I(M1,M2;T)"
818,0.0,0.1384696660608355,-0.0170747164567219,1000,20,"[10, 10, 15]","I(M1,M2;T)"
819,0.0,0.16607688113057972,0.009850890373284238,1000,20,"[10, 10, 15]","I(M1,M2;T)"
820,0.0,0.15377126658588863,-0.001930954733015272,1000,20,"[10, 10, 15]","I(M1,M2;T)"
821,0.0,0.14258085227082895,-0.0134055554666411,1000,20,"[10, 10, 15]","I(M1,M2;T)"
822,0.0,0.14062953468249917,-0.014246283021842998,1000,20,"[10, 10, 15]","I(M1,M2;T)"
823,0.0,0.1655803582764351,0.00891533434562261,1000,20,"[10, 10, 15]","I(M1,M2;T)"
824,0.0,0.15690867884636167,0.0012443467905447758,1000,20,"[10, 10, 15]","I(M1,M2;T)"
825,0.0,0.15456185658438562,-0.001915575477522663,1000,20,"[10, 10, 15]","I(M1,M2;T)"
826,0.0,0.15764385145190304,0.0030238239766342268,1000,20,"[10, 10, 15]","I(M1,M2;T)"
827,0.0,0.17522644837831758,0.019911417732904557,1000,20,"[10, 10, 15]","I(M1,M2;T)"
828,0.0,0.15836147927390914,0.0022687796983706376,1000,20,"[10, 10, 15]","I(M1,M2;T)"
829,0.0,0.12688663247811843,-0.02835322732371956,1000,20,"[10, 10, 15]","I(M1,M2;T)"
830,0.0,0.16124373347687193,0.004781572212223861,1000,20,"[10, 10, 15]","I(M1,M2;T)"
831,0.0,0.14628882383744987,-0.009087100069644166,1000,20,"[10, 10, 15]","I(M1,M2;T)"
832,0.0,0.18682446815309714,0.03057574032306007,1000,20,"[10, 10, 15]","I(M1,M2;T)"
833,0.0,0.14881894203202495,-0.0066077732648448795,1000,20,"[10, 10, 15]","I(M1,M2;T)"
834,0.0,0.1607933907982534,0.0048187151604486,1000,20,"[10, 10, 15]","I(M1,M2;T)"
835,0.0,0.1419636830664797,-0.014102279648394112,1000,20,"[10, 10, 15]","I(M1,M2;T)"
836,0.0,0.15444797013886583,-0.0016874983807794453,1000,20,"[10, 10, 15]","I(M1,M2;T)"
837,0.0,0.14101764292045632,-0.015506920692672538,1000,20,"[10, 10, 15]","I(M1,M2;T)"
838,0.0,0.15392205393748803,-0.0021218196864963568,1000,20,"[10, 10, 15]","I(M1,M2;T)"
839,0.0,0.1680092771773859,0.01218572685086075,1000,20,"[10, 10, 15]","I(M1,M2;T)"
840,0.0,0.14271753245330773,-0.013153152636290022,1000,20,"[10, 10, 15]","I(M1,M2;T)"
841,0.0,0.1432692872755437,-0.012487065303267708,1000,20,"[10, 10, 15]","I(M1,M2;T)"
842,0.0,0.13550525245703107,-0.020188431334430823,1000,20,"[10, 10, 15]","I(M1,M2;T)"
843,0.0,0.15789551514488956,0.001619347924837089,1000,20,"[10, 10, 15]","I(M1,M2;T)"
844,0.0,0.14419852426805824,-0.013762584136789824,1000,20,"[10, 10, 15]","I(M1,M2;T)"
845,0.0,0.143806401684832,-0.012444044768673113,1000,20,"[10, 10, 15]","I(M1,M2;T)"
846,0.0,0.1539267716072829,-0.001940547390094638,1000,20,"[10, 10, 15]","I(M1,M2;T)"
847,0.0,0.16653387326998628,0.010606998453953548,1000,20,"[10, 10, 15]","I(M1,M2;T)"
848,0.0,0.1707073246063161,0.014370893042560312,1000,20,"[10, 10, 15]","I(M1,M2;T)"
849,0.0,0.1537930266793382,-0.002131986869424979,1000,20,"[10, 10, 15]","I(M1,M2;T)"
850,0.0,0.16544963052199388,0.00863001718725076,1000,20,"[10, 10, 15]","I(M1,M2;T)"
851,0.0,0.1672043419293675,0.011164009733170138,1000,20,"[10, 10, 15]","I(M1,M2;T)"
852,0.0,0.1586969775824693,0.003526272807849784,1000,20,"[10, 10, 15]","I(M1,M2;T)"
853,0.0,0.14864324003788176,-0.007708054524178887,1000,20,"[10, 10, 15]","I(M1,M2;T)"
854,0.0,0.1486087811211743,-0.0067715981335800535,1000,20,"[10, 10, 15]","I(M1,M2;T)"
855,0.0,0.15519140589950212,-0.0009472325906917101,1000,20,"[10, 10, 15]","I(M1,M2;T)"
856,0.0,0.16194939584902346,0.006119741626253616,1000,20,"[10, 10, 15]","I(M1,M2;T)"
857,0.0,0.14228398158282018,-0.014089307985089117,1000,20,"[10, 10, 15]","I(M1,M2;T)"
858,0.0,0.1660135238790299,0.010089090623740998,1000,20,"[10, 10, 15]","I(M1,M2;T)"
859,0.0,0.1668844925723701,0.01117789499541974,1000,20,"[10, 10, 15]","I(M1,M2;T)"
860,0.0,0.16174168509538228,0.005901324977237721,1000,20,"[10, 10, 15]","I(M1,M2;T)"
861,0.0,0.14703260655292777,-0.008435278987180633,1000,20,"[10, 10, 15]","I(M1,M2;T)"
862,0.0,0.15582702298255485,0.0011012000712018466,1000,20,"[10, 10, 15]","I(M1,M2;T)"
863,0.0,0.13926326889565954,-0.016589777625097946,1000,20,"[10, 10, 15]","I(M1,M2;T)"
864,0.0,0.149477526458491,-0.006135220333776392,1000,20,"[10, 10, 15]","I(M1,M2;T)"
865,0.0,0.14776379313234636,-0.008547611550785789,1000,20,"[10, 10, 15]","I(M1,M2;T)"
866,0.0,0.14258106862398906,-0.012995545374804574,1000,20,"[10, 10, 15]","I(M1,M2;T)"
867,0.0,0.1432929186468212,-0.01316975854346833,1000,20,"[10, 10, 15]","I(M1,M2;T)"
868,0.0,0.1532586625396278,-0.0022204523341555205,1000,20,"[10, 10, 15]","I(M1,M2;T)"
869,0.0,0.14772090613680544,-0.008173807885104967,1000,20,"[10, 10, 15]","I(M1,M2;T)"
870,0.0,0.1571081284498027,0.0012614085908456696,1000,20,"[10, 10, 15]","I(M1,M2;T)"
871,0.0,0.1462296838499174,-0.009680110199910386,1000,20,"[10, 10, 15]","I(M1,M2;T)"
872,0.0,0.16824685053169533,0.013099529165773893,1000,20,"[10, 10, 15]","I(M1,M2;T)"
873,0.0,0.17171861417286352,0.014543130142971095,1000,20,"[10, 10, 15]","I(M1,M2;T)"
874,0.0,0.14608898374197263,-0.008630895126569171,1000,20,"[10, 10, 15]","I(M1,M2;T)"
875,0.0,0.13252883121145898,-0.02340714310865849,1000,20,"[10, 10, 15]","I(M1,M2;T)"
876,0.0,0.15265998028513064,-0.002582938100083171,1000,20,"[10, 10, 15]","I(M1,M2;T)"
877,0.0,0.16011933310937826,0.003880822146751284,1000,20,"[10, 10, 15]","I(M1,M2;T)"
878,0.0,0.1580348294182402,0.0027989191373644917,1000,20,"[10, 10, 15]","I(M1,M2;T)"
879,0.0,0.15000867667097664,-0.006963389206609022,1000,20,"[10, 10, 15]","I(M1,M2;T)"
880,0.0,0.16265463453830986,0.006580395877586437,1000,20,"[10, 10, 15]","I(M1,M2;T)"
881,0.0,0.1421459634156359,-0.014884878205442237,1000,20,"[10, 10, 15]","I(M1,M2;T)"
882,0.0,0.17535765656122415,0.020361150067988776,1000,20,"[10, 10, 15]","I(M1,M2;T)"
883,0.0,0.16986012375099593,0.014548377538042168,1000,20,"[10, 10, 15]","I(M1,M2;T)"
884,0.0,0.1579807996548458,0.002848922926473235,1000,20,"[10, 10, 15]","I(M1,M2;T)"
885,0.0,0.13335586426928203,-0.02250973001118947,1000,20,"[10, 10, 15]","I(M1,M2;T)"
886,0.0,0.16168272692919222,0.007239465039441589,1000,20,"[10, 10, 15]","I(M1,M2;T)"
887,0.0,0.14052321909873075,-0.015590503782498072,1000,20,"[10, 10, 15]","I(M1,M2;T)"
888,0.0,0.1461181707278753,-0.009909289071152377,1000,20,"[10, 10, 15]","I(M1,M2;T)"
889,0.0,0.15338878530303812,-0.003146919244175761,1000,20,"[10, 10, 15]","I(M1,M2;T)"
890,0.0,0.15479474326219486,-0.000586184977553944,1000,20,"[10, 10, 15]","I(M1,M2;T)"
891,0.0,0.15632394086023518,-0.0007314204718547879,1000,20,"[10, 10, 15]","I(M1,M2;T)"
892,0.0,0.14273853427648306,-0.013178236943279048,1000,20,"[10, 10, 15]","I(M1,M2;T)"
893,0.0,0.1559744260764443,-0.0007125869863000012,1000,20,"[10, 10, 15]","I(M1,M2;T)"
894,0.0,0.13649663313669946,-0.019408563781838944,1000,20,"[10, 10, 15]","I(M1,M2;T)"
895,0.0,0.14400559288794013,-0.011051842701274045,1000,20,"[10, 10, 15]","I(M1,M2;T)"
896,0.0,0.1498347629519925,-0.005404137389495578,1000,20,"[10, 10, 15]","I(M1,M2;T)"
897,0.0,0.16880441039006094,0.013059189731935289,1000,20,"[10, 10, 15]","I(M1,M2;T)"
898,0.0,0.1396499668921536,-0.015877821539920345,1000,20,"[10, 10, 15]","I(M1,M2;T)"
899,0.0,0.15136374778006056,-0.004491026669510456,1000,20,"[10, 10, 15]","I(M1,M2;T)"
900,0.0,0.1504973406664825,-0.005374838869764698,1000,20,"[10, 10, 15]","I(M1,M2;T)"
901,0.0,0.15872842289968342,0.0026939131425596785,1000,20,"[10, 10, 15]","I(M1,M2;T)"
902,0.0,0.1443928970129474,-0.01119127201719225,1000,20,"[10, 10, 15]","I(M1,M2;T)"
903,0.0,0.16721353355965393,0.011732274171349644,1000,20,"[10, 10, 15]","I(M1,M2;T)"
904,0.0,0.15997942386187924,0.004872261575750908,1000,20,"[10, 10, 15]","I(M1,M2;T)"
905,0.0,0.17578373349176046,0.019994983082649298,1000,20,"[10, 10, 15]","I(M1,M2;T)"
906,0.0,0.1563564996918179,0.0005262697988827614,1000,20,"[10, 10, 15]","I(M1,M2;T)"
907,0.0,0.15888545017180863,0.003829640541795243,1000,20,"[10, 10, 15]","I(M1,M2;T)"
908,0.0,0.14821562578084552,-0.008187530194498222,1000,20,"[10, 10, 15]","I(M1,M2;T)"
909,0.0,0.15235359097143952,-0.0034985379855100307,1000,20,"[10, 10, 15]","I(M1,M2;T)"
910,0.0,0.1585636190301737,0.0021023690419117447,1000,20,"[10, 10, 15]","I(M1,M2;T)"
911,0.0,0.15567951384337725,-0.00033725492848737937,1000,20,"[10, 10, 15]","I(M1,M2;T)"
912,0.0,0.15603056363311463,-0.00023490712229382038,1000,20,"[10, 10, 15]","I(M1,M2;T)"
913,0.0,0.14377884108029043,-0.012080068921372616,1000,20,"[10, 10, 15]","I(M1,M2;T)"
914,0.0,0.15088948929015794,-0.004555356049304599,1000,20,"[10, 10, 15]","I(M1,M2;T)"
915,0.0,0.16828895821004644,0.01254230668272266,1000,20,"[10, 10, 15]","I(M1,M2;T)"
916,0.0,0.14523053682795145,-0.009818359507070717,1000,20,"[10, 10, 15]","I(M1,M2;T)"
917,0.0,0.1483466678797291,-0.008279935030656965,1000,20,"[10, 10, 15]","I(M1,M2;T)"
918,0.0,0.1534640449829606,-0.0028103126708937387,1000,20,"[10, 10, 15]","I(M1,M2;T)"
919,0.0,0.16325439489389548,0.006246410691784415,1000,20,"[10, 10, 15]","I(M1,M2;T)"
920,0.0,0.16860092752935185,0.012154840439448034,1000,20,"[10, 10, 15]","I(M1,M2;T)"
921,0.0,0.15521545050214278,-0.0012489648612252213,1000,20,"[10, 10, 15]","I(M1,M2;T)"
922,0.0,0.13500184117544853,-0.02140729868827701,1000,20,"[10, 10, 15]","I(M1,M2;T)"
923,0.0,0.14733785394093457,-0.008388517610205842,1000,20,"[10, 10, 15]","I(M1,M2;T)"
924,0.0,0.1711135388031222,0.01600099729181781,1000,20,"[10, 10, 15]","I(M1,M2;T)"
925,0.0,0.1599845070217671,0.004584267256126373,1000,20,"[10, 10, 15]","I(M1,M2;T)"
926,0.0,0.14325719430991934,-0.013025443009166665,1000,20,"[10, 10, 15]","I(M1,M2;T)"
927,0.0,0.14466485776377183,-0.010268260810980645,1000,20,"[10, 10, 15]","I(M1,M2;T)"
928,0.0,0.14322628482523053,-0.012956650382119128,1000,20,"[10, 10, 15]","I(M1,M2;T)"
929,0.0,0.15146843403113894,-0.0034050607110558406,1000,20,"[10, 10, 15]","I(M1,M2;T)"
930,0.0,0.16119066190426484,0.005490479747613741,1000,20,"[10, 10, 15]","I(M1,M2;T)"
931,0.0,0.1642137770830457,0.009058737077027423,1000,20,"[10, 10, 15]","I(M1,M2;T)"
932,0.0,0.14707541609594546,-0.009538117540293461,1000,20,"[10, 10, 15]","I(M1,M2;T)"
933,0.0,0.13812744114117936,-0.01760668616169314,1000,20,"[10, 10, 15]","I(M1,M2;T)"
934,0.0,0.14457923707661136,-0.010754088833405201,1000,20,"[10, 10, 15]","I(M1,M2;T)"
935,0.0,0.15869904145612054,0.002823286937874925,1000,20,"[10, 10, 15]","I(M1,M2;T)"
936,0.0,0.15839110759676242,0.003075452895250852,1000,20,"[10, 10, 15]","I(M1,M2;T)"
937,0.0,0.150676377453015,-0.004596792534897448,1000,20,"[10, 10, 15]","I(M1,M2;T)"
938,0.0,0.12909260578135362,-0.026766630032814653,1000,20,"[10, 10, 15]","I(M1,M2;T)"
939,0.0,0.1415543123297872,-0.013683189655811778,1000,20,"[10, 10, 15]","I(M1,M2;T)"
940,0.0,0.15246362295297763,-0.002803477846961111,1000,20,"[10, 10, 15]","I(M1,M2;T)"
941,0.0,0.16302664294215613,0.007330293470750204,1000,20,"[10, 10, 15]","I(M1,M2;T)"
942,0.0,0.14528457105255227,-0.011585682341593656,1000,20,"[10, 10, 15]","I(M1,M2;T)"
943,0.0,0.14095332603549932,-0.015542439387595391,1000,20,"[10, 10, 15]","I(M1,M2;T)"
944,0.0,0.15093807971524675,-0.003482095942377139,1000,20,"[10, 10, 15]","I(M1,M2;T)"
945,0.0,0.16495112410434637,0.008867226445589044,1000,20,"[10, 10, 15]","I(M1,M2;T)"
946,0.0,0.16826450750957384,0.013217115643477106,1000,20,"[10, 10, 15]","I(M1,M2;T)"
947,0.0,0.15376841693028137,-0.0018748603729481228,1000,20,"[10, 10, 15]","I(M1,M2;T)"
948,0.0,0.1648516679101062,0.009512722245890393,1000,20,"[10, 10, 15]","I(M1,M2;T)"
949,0.0,0.14534118949892935,-0.009770335181917694,1000,20,"[10, 10, 15]","I(M1,M2;T)"
950,0.0,0.14681152368573092,-0.009638610470302872,1000,20,"[10, 10, 15]","I(M1,M2;T)"
951,0.0,0.16889091483072038,0.013052988574496327,1000,20,"[10, 10, 15]","I(M1,M2;T)"
952,0.0,0.1683915827984468,0.012718879363917912,1000,20,"[10, 10, 15]","I(M1,M2;T)"
953,0.0,0.150202853834926,-0.006385161568828346,1000,20,"[10, 10, 15]","I(M1,M2;T)"
954,0.0,0.14409232880505604,-0.01156160623861538,1000,20,"[10, 10, 15]","I(M1,M2;T)"
955,0.0,0.15110234282162976,-0.00467304917613931,1000,20,"[10, 10, 15]","I(M1,M2;T)"
956,0.0,0.16541547927507902,0.009213909038231105,1000,20,"[10, 10, 15]","I(M1,M2;T)"
957,0.0,0.15214216900666594,-0.0037051989057642343,1000,20,"[10, 10, 15]","I(M1,M2;T)"
958,0.0,0.16434315162377103,0.008268469577209808,1000,20,"[10, 10, 15]","I(M1,M2;T)"
959,0.0,0.1263133155514513,-0.02952441348532897,1000,20,"[10, 10, 15]","I(M1,M2;T)"
960,0.0,0.14406374003414218,-0.011620630677898813,1000,20,"[10, 10, 15]","I(M1,M2;T)"
961,0.0,0.14813408666488379,-0.008425986919619183,1000,20,"[10, 10, 15]","I(M1,M2;T)"
962,0.0,0.1326677126913998,-0.022594825356751808,1000,20,"[10, 10, 15]","I(M1,M2;T)"
963,0.0,0.16024964086693183,0.0039037898649948444,1000,20,"[10, 10, 15]","I(M1,M2;T)"
964,0.0,0.16110512047677616,0.005562536047818534,1000,20,"[10, 10, 15]","I(M1,M2;T)"
965,0.0,0.16335084669082328,0.008269796100924681,1000,20,"[10, 10, 15]","I(M1,M2;T)"
966,0.0,0.14874908430898964,-0.006917458860577347,1000,20,"[10, 10, 15]","I(M1,M2;T)"
967,0.0,0.17393816443769522,0.018782955990078037,1000,20,"[10, 10, 15]","I(M1,M2;T)"
968,0.0,0.1294780418439757,-0.02629377205718436,1000,20,"[10, 10, 15]","I(M1,M2;T)"
969,0.0,0.1516154139571707,-0.0037079291525736746,1000,20,"[10, 10, 15]","I(M1,M2;T)"
970,0.0,0.1554774024707295,-0.0007925217446292654,1000,20,"[10, 10, 15]","I(M1,M2;T)"
971,0.0,0.15739049018615994,0.0018478148163854347,1000,20,"[10, 10, 15]","I(M1,M2;T)"
972,0.0,0.1555106583855715,0.0002670958905014731,1000,20,"[10, 10, 15]","I(M1,M2;T)"
973,0.0,0.1406640251425288,-0.014674526080303951,1000,20,"[10, 10, 15]","I(M1,M2;T)"
974,0.0,0.14556632599499297,-0.010666033246750306,1000,20,"[10, 10, 15]","I(M1,M2;T)"
975,0.0,0.15793868943570286,0.0018321892591071642,1000,20,"[10, 10, 15]","I(M1,M2;T)"
976,0.0,0.142174265013018,-0.013803810391695787,1000,20,"[10, 10, 15]","I(M1,M2;T)"
977,0.0,0.15321156909659758,-0.0032298202225908013,1000,20,"[10, 10, 15]","I(M1,M2;T)"
978,0.0,0.17043545383058104,0.014015011483780787,1000,20,"[10, 10, 15]","I(M1,M2;T)"
979,0.0,0.13818055875188917,-0.018680964305258924,1000,20,"[10, 10, 15]","I(M1,M2;T)"
980,0.0,0.1392371875895373,-0.01604263909457415,1000,20,"[10, 10, 15]","I(M1,M2;T)"
981,0.0,0.15139080779010305,-0.0039294038058323155,1000,20,"[10, 10, 15]","I(M1,M2;T)"
982,0.0,0.1658168198315966,0.010691873785305284,1000,20,"[10, 10, 15]","I(M1,M2;T)"
983,0.0,0.1513850006688986,-0.004468235712782875,1000,20,"[10, 10, 15]","I(M1,M2;T)"
984,0.0,0.145097574578253,-0.01041358105605833,1000,20,"[10, 10, 15]","I(M1,M2;T)"
985,0.0,0.13598636002272163,-0.01987996562425523,1000,20,"[10, 10, 15]","I(M1,M2;T)"
986,0.0,0.1568851738297494,0.001385730990523637,1000,20,"[10, 10, 15]","I(M1,M2;T)"
987,0.0,0.15525107441430663,-0.0005368045690354872,1000,20,"[10, 10, 15]","I(M1,M2;T)"
988,0.0,0.17561196062044881,0.01961047017841172,1000,20,"[10, 10, 15]","I(M1,M2;T)"
989,0.0,0.17257591377392303,0.016596211520749554,1000,20,"[10, 10, 15]","I(M1,M2;T)"
990,0.0,0.16381349627916872,0.007813127904010286,1000,20,"[10, 10, 15]","I(M1,M2;T)"
991,0.0,0.15782066522585947,0.0008140628490043711,1000,20,"[10, 10, 15]","I(M1,M2;T)"
992,0.0,0.17135931066942198,0.015991417985321582,1000,20,"[10, 10, 15]","I(M1,M2;T)"
993,0.0,0.15042625568957568,-0.0056509623943424014,1000,20,"[10, 10, 15]","I(M1,M2;T)"
994,0.0,0.15994770051130852,0.0044038935470436524,1000,20,"[10, 10, 15]","I(M1,M2;T)"
995,0.0,0.15572329129043955,-0.00032586783993690527,1000,20,"[10, 10, 15]","I(M1,M2;T)"
996,0.0,0.15382740144960544,-0.0018971868821728022,1000,20,"[10, 10, 15]","I(M1,M2;T)"
997,0.0,0.14971772567899375,-0.005945594955786226,1000,20,"[10, 10, 15]","I(M1,M2;T)"
998,0.0,0.14074849596661398,-0.015508846152062994,1000,20,"[10, 10, 15]","I(M1,M2;T)"
999,0.0,0.156435097164246,0.0009345106955468696,1000,20,"[10, 10, 15]","I(M1,M2;T)"
