model_1,model_2,layer_1,layer_2,subj_id,n_samples,n_components_source_1,n_components_source_2,n_components_target,pid_method,rng_seed,bias_correction,red,unq1,unq2,syn,bi_mi_1,bi_mi_2,tri_mi
levit_128_classification,coat_lite_tiny_classification,181,219,,1000,30,30,30,tilde,56,True,5.311600961026214,0.0313880675360636,0.43862444750260465,0.5138446387999975,5.342989028562277,5.750225408528818,6.295458114864879
levit_128_classification,visformer_small_classification,181,163,,1000,30,30,30,tilde,56,True,5.260038946970343,0.08295008159193351,0.36189752183916024,0.524911405467221,5.342989028562277,5.621936468809504,6.2297979558686585
levit_128_classification,convit_base_classification,181,201,,1000,30,30,30,tilde,56,True,5.128663330304529,0.21432569825774905,0.3256721299229204,0.5581004013487059,5.342989028562277,5.4543354602274485,6.2267615598339034
levit_128_classification,RN50_clip,181,179,,1000,30,30,30,tilde,56,True,5.227580628032375,0.1154084005299012,0.5060782346057602,0.5839283399031236,5.342989028562277,5.733658862638136,6.432995603071161
levit_128_classification,RN101_clip,181,366,,1000,30,30,30,tilde,56,True,5.159058683229853,0.18393034533242414,0.4948177738017936,0.6686657593283742,5.342989028562277,5.653876457031647,6.506472561692445
levit_128_classification,ResNet50-SimCLR_selfsupervised,181,162,,1000,30,30,30,tilde,56,True,5.0872285303506795,0.25576049821159685,0.22570081364759265,0.5229006148934197,5.342989028562277,5.312929343998273,6.0915904571032895
levit_128_classification,ResNet50-DeepClusterV2-2x224_selfsupervised,181,162,,1000,30,30,30,tilde,56,True,5.2397002935022945,0.1032887350599827,0.27567330481982655,0.5609368173231957,5.342989028562277,5.515373598322121,6.179599150705299
levit_128_classification,ResNet50-SwAV-BS4096-2x224_selfsupervised,181,165,,1000,30,30,30,tilde,56,True,5.142168535325677,0.20082049323660023,0.13147877991146828,0.5503197435654199,5.342989028562277,5.273647315237145,6.024787552039165
levit_128_classification,ResNet50-PIRL_selfsupervised,181,165,,1000,30,30,30,tilde,56,True,4.814862526686789,0.5281265018754882,0.07437003255653796,0.5865172320787613,5.342989028562277,4.889232559243327,6.003876293197576
levit_128_classification,ResNet50-ClusterFit-16K-RotNet_selfsupervised,181,160,,1000,30,30,30,tilde,56,True,4.3574024561410365,0.9855865724212407,0.0,0.4961383918148021,5.342989028562277,4.3574024561410365,5.839127420377079
levit_128_classification,ResNet50-MoCoV2-BS256_selfsupervised,181,155,,1000,30,30,30,tilde,56,True,4.890058774655707,0.4529302539065698,0.1961587040955406,0.5436258059048988,5.342989028562277,5.086217478751248,6.082773538562717
levit_128_classification,nf_resnet50_classification,181,141,,1000,30,30,30,tilde,56,True,4.4506199017498025,0.8923691268124738,0.09604568707792804,0.6174092642566791,5.342989028562277,4.546665588827731,6.056443979896884
levit_128_classification,hardcorenas_f_classification,181,294,,1000,30,30,30,tilde,56,True,4.726858176359322,0.6161308522029563,0.26798911891036603,0.6026529062550781,5.342989028562277,4.994847295269687,6.213631053727721
levit_128_classification,eca_nfnet_l0_classification,181,134,,1000,30,30,30,tilde,56,True,5.342989028562277,0.0,0.8707635530991809,0.5251518335629513,5.342989028562277,6.213752581661458,6.738904415224409
levit_128_classification,resnet50_classification,181,156,,1000,30,30,30,tilde,56,True,5.019606206784813,0.32338282177746525,0.09411350870870194,0.6055992380751052,5.342989028562277,5.113719715493514,6.042701775346084
levit_128_classification,semnasnet_100_classification,181,270,,1000,30,30,30,tilde,56,True,4.905746437455386,0.4372425911068918,0.09559445845291847,0.5962340320631005,5.342989028562277,5.001340895908304,6.034817519078296
levit_128_classification,cspresnet50_classification,181,320,,1000,30,30,30,tilde,56,True,5.062891718883664,0.280097309678613,0.199814540593362,0.6441324908747745,5.342989028562277,5.262706259477026,6.186936060030414
levit_128_classification,mobilenetv3_large_100_classification,181,252,,1000,30,30,30,tilde,56,True,4.961091897262207,0.38189713130006897,0.3640001582361432,0.5927369538144838,5.342989028562277,5.325092055498351,6.299726140612904
levit_128_classification,ghostnet_100_classification,181,290,,1000,30,30,30,tilde,56,True,4.931041948290298,0.4119470802719798,0.33203394882592363,0.616112642319445,5.342989028562277,5.263075897116221,6.291135619707646
levit_128_classification,convnext_base_classification,181,273,,1000,30,30,30,tilde,56,True,5.342989028562277,0.0,0.5751658193327405,0.505445872597635,5.342989028562277,5.918154847895018,6.423600720492653
levit_128_classification,xcit_nano_12_p8_224_classification,181,266,,1000,30,30,30,tilde,56,True,4.861511735843666,0.48147729271861106,0.28147400673436973,0.6477184532502296,5.342989028562277,5.142985742578036,6.2721814885468765
levit_128_classification,xcit_nano_12_p16_224_classification,181,242,,1000,30,30,30,tilde,56,True,4.7854133466630815,0.5575756818991957,0.20249723753639426,0.6565089902646868,5.342989028562277,4.987910584199476,6.201995256363358
levit_128_classification,swin_large_patch4_window7_224_classification,181,281,,1000,30,30,30,tilde,56,True,4.880450067370725,0.4625389611915516,0.5136180941458877,0.6463846901078414,5.342989028562277,5.394068161516613,6.502991812816006
levit_128_classification,jx_nest_tiny_classification,181,148,,1000,30,30,30,tilde,56,True,5.342989028562278,0.0,0.4036382931623761,0.48887665615857756,5.342989028562277,5.746627321724653,6.235503977883231
levit_128_classification,pit_ti_224_classification,181,207,,1000,30,30,30,tilde,56,True,5.163492396407351,0.17949663215492695,0.22509836618967682,0.5157389801580239,5.342989028562277,5.388590762597027,6.083826374909978
levit_128_classification,vit_base_patch32_224_classification,181,218,,1000,30,30,30,tilde,56,True,4.940969181790581,0.40201984677169733,0.11864598904612844,0.56263818995357,5.342989028562277,5.059615170836708,6.024273207561976
levit_128_classification,vit_base_patch16_224_classification,181,197,,1000,30,30,30,tilde,56,True,4.973670760048779,0.36931826851349747,0.14941943920971124,0.5579348844274641,5.342989028562277,5.123090199258491,6.0503433521994525
levit_128_classification,tnt_s_patch16_224_classification,181,198,,1000,30,30,30,tilde,56,True,4.927595985336858,0.4153930432254196,0.18704930158296662,0.5314927893545383,5.342989028562277,5.114645286919824,6.061531119499782
levit_128_classification,crossvit_base_240_classification,181,336,,1000,30,30,30,tilde,56,True,5.2198643995004925,0.12312462906178556,0.23724542380701052,0.5326072681510672,5.342989028562277,5.457109823307502,6.112841720520355
levit_128_classification,deit_base_patch16_224_classification,181,205,,1000,30,30,30,tilde,56,True,5.238459555035462,0.10452947352681452,0.17725403672957007,0.5291890298462922,5.342989028562277,5.415713591765033,6.0494320951381395
levit_128_classification,dino_resnet50_selfsupervised,181,162,,1000,30,30,30,tilde,56,True,5.325984415677915,0.017004612884362835,0.49332578212401934,0.5629327613384989,5.342989028562277,5.819310197801934,6.399247572024795
levit_128_classification,dino_vitb16_selfsupervised,181,208,,1000,30,30,30,tilde,56,True,4.413470291346826,0.9295187372154521,0.16587536518604828,0.6104390917502842,5.342989028562277,4.579345656532873,6.11930348549861
coat_lite_tiny_classification,visformer_small_classification,219,163,,1000,30,30,30,tilde,56,True,5.552365090216477,0.19786031831234396,0.06957137859302609,0.5244607967211294,5.750225408528822,5.621936468809504,6.344257583842977
coat_lite_tiny_classification,convit_base_classification,219,201,,1000,30,30,30,tilde,56,True,5.436190420266746,0.314034988262077,0.018145039960703713,0.5244966714966139,5.750225408528822,5.4543354602274485,6.2928671199861395
coat_lite_tiny_classification,RN50_clip,219,179,,1000,30,30,30,tilde,56,True,5.435272220835328,0.3149531876934928,0.29838664180280716,0.5985842263956709,5.750225408528822,5.733658862638136,6.6471962767273
coat_lite_tiny_classification,RN101_clip,219,366,,1000,30,30,30,tilde,56,True,5.336926691994413,0.41329871653440886,0.3169497650372337,0.6542994642278961,5.750225408528822,5.653876457031647,6.721474637793952
coat_lite_tiny_classification,ResNet50-SimCLR_selfsupervised,219,162,,1000,30,30,30,tilde,56,True,5.258424298940099,0.4918011095887218,0.054505045058172996,0.5322006736538727,5.750225408528822,5.312929343998273,6.3369311272408675
coat_lite_tiny_classification,ResNet50-DeepClusterV2-2x224_selfsupervised,219,162,,1000,30,30,30,tilde,56,True,5.505344247528492,0.24488116100032986,0.0100293507936291,0.5338261025961497,5.750225408528822,5.515373598322121,6.294080861918601
coat_lite_tiny_classification,ResNet50-SwAV-BS4096-2x224_selfsupervised,219,165,,1000,30,30,30,tilde,56,True,5.270058004135374,0.4801674043934474,0.0035893111017708534,0.5394108176790366,5.750225408528822,5.273647315237145,6.293225537309629
coat_lite_tiny_classification,ResNet50-PIRL_selfsupervised,219,165,,1000,30,30,30,tilde,56,True,4.889232559243327,0.8609928492854948,0.0,0.48361052136568006,5.750225408528822,4.889232559243327,6.233835929894502
coat_lite_tiny_classification,ResNet50-ClusterFit-16K-RotNet_selfsupervised,219,160,,1000,30,30,30,tilde,56,True,4.3574024561410365,1.3928229523877853,0.0,0.39108062085152095,5.750225408528822,4.3574024561410365,6.141306029380343
coat_lite_tiny_classification,ResNet50-MoCoV2-BS256_selfsupervised,219,155,,1000,30,30,30,tilde,56,True,5.086217478751248,0.6640079297775738,0.0,0.40108700683176046,5.750225408528822,5.086217478751248,6.151312415360582
coat_lite_tiny_classification,nf_resnet50_classification,219,141,,1000,30,30,30,tilde,56,True,4.5466655888277305,1.2035598197010904,0.0,0.5091489007912235,5.750225408528822,4.546665588827731,6.259374309320045
coat_lite_tiny_classification,hardcorenas_f_classification,219,294,,1000,30,30,30,tilde,56,True,4.994847295269688,0.7553781132591348,0.0,0.4694791216424834,5.750225408528822,4.994847295269687,6.219704530171305
coat_lite_tiny_classification,eca_nfnet_l0_classification,219,134,,1000,30,30,30,tilde,56,True,5.750225408528822,0.0,0.46352717313263625,0.4879350132079576,5.750225408528822,6.213752581661458,6.701687594869416
coat_lite_tiny_classification,resnet50_classification,219,156,,1000,30,30,30,tilde,56,True,5.113719715493515,0.6365056930353079,0.0,0.4293481106520929,5.750225408528822,5.113719715493514,6.179573519180915
coat_lite_tiny_classification,semnasnet_100_classification,219,270,,1000,30,30,30,tilde,56,True,5.001340895908305,0.7488845126205179,0.0,0.5543885012387371,5.750225408528822,5.001340895908304,6.304613909767559
coat_lite_tiny_classification,cspresnet50_classification,219,320,,1000,30,30,30,tilde,56,True,5.189516591074408,0.5607088174544135,0.07318966840261787,0.6099802158070737,5.750225408528822,5.262706259477026,6.433395292738513
coat_lite_tiny_classification,mobilenetv3_large_100_classification,219,252,,1000,30,30,30,tilde,56,True,5.221300360079274,0.5289250484495467,0.10379169541907629,0.6286209593465459,5.750225408528822,5.325092055498351,6.482638063294444
coat_lite_tiny_classification,ghostnet_100_classification,219,290,,1000,30,30,30,tilde,56,True,5.209339353648293,0.5408860548805299,0.05373654346792911,0.5913231782784152,5.750225408528822,5.263075897116221,6.395285130275166
coat_lite_tiny_classification,convnext_base_classification,219,273,,1000,30,30,30,tilde,56,True,5.605752307162816,0.14447310136600588,0.31240254073220175,0.5681814908630756,5.750225408528822,5.918154847895018,6.630809440124099
coat_lite_tiny_classification,xcit_nano_12_p8_224_classification,219,266,,1000,30,30,30,tilde,56,True,5.142985742578036,0.6072396659507859,0.0,0.5296633258231935,5.750225408528822,5.142985742578036,6.279888734352015
coat_lite_tiny_classification,xcit_nano_12_p16_224_classification,219,242,,1000,30,30,30,tilde,56,True,4.987910584199476,0.762314824329346,0.0,0.4275585345351214,5.750225408528822,4.987910584199476,6.177783943063943
coat_lite_tiny_classification,swin_large_patch4_window7_224_classification,219,281,,1000,30,30,30,tilde,56,True,5.172605348195305,0.5776200603335155,0.22146281332130702,0.656188419822942,5.750225408528822,5.394068161516613,6.627876641673071
coat_lite_tiny_classification,jx_nest_tiny_classification,219,148,,1000,30,30,30,tilde,56,True,5.5989664999413815,0.15125890858744118,0.14766082178327267,0.5499109888495592,5.750225408528822,5.746627321724653,6.447797219161654
coat_lite_tiny_classification,pit_ti_224_classification,219,207,,1000,30,30,30,tilde,56,True,5.388590762597028,0.36163464593179473,0.0,0.37794283866784184,5.750225408528822,5.388590762597027,6.128168247196664
coat_lite_tiny_classification,vit_base_patch32_224_classification,219,218,,1000,30,30,30,tilde,56,True,5.059615170836709,0.6906102376921135,0.0,0.5555260140684943,5.750225408528822,5.059615170836708,6.305751422597316
coat_lite_tiny_classification,vit_base_patch16_224_classification,219,197,,1000,30,30,30,tilde,56,True,5.12309019925849,0.6271352092703308,0.0,0.4901345130461161,5.750225408528822,5.123090199258491,6.240359921574938
coat_lite_tiny_classification,tnt_s_patch16_224_classification,219,198,,1000,30,30,30,tilde,56,True,5.114645286919824,0.6355801216089976,0.0,0.44679771871126395,5.750225408528822,5.114645286919824,6.197023127240086
coat_lite_tiny_classification,crossvit_base_240_classification,219,336,,1000,30,30,30,tilde,56,True,5.383776428329676,0.36644898019914685,0.0733333949778272,0.5620881895392751,5.750225408528822,5.457109823307502,6.385646993045924
coat_lite_tiny_classification,deit_base_patch16_224_classification,219,205,,1000,30,30,30,tilde,56,True,5.391860955837873,0.35836445269094774,0.023852635927158694,0.5297627602273867,5.750225408528822,5.415713591765033,6.303840804683367
coat_lite_tiny_classification,dino_resnet50_selfsupervised,219,162,,1000,30,30,30,tilde,56,True,5.732568758038714,0.01765665049010856,0.08674143976322046,0.5164299532900207,5.750225408528822,5.819310197801934,6.353396801582063
coat_lite_tiny_classification,dino_vitb16_selfsupervised,219,208,,1000,30,30,30,tilde,56,True,4.295738311325922,1.4544870972029003,0.28360734520695186,0.6884256706362111,5.750225408528822,4.579345656532873,6.722258424371985
visformer_small_classification,convit_base_classification,163,201,,1000,30,30,30,tilde,56,True,5.44121250529362,0.18072396351587816,0.01312295493382809,0.5100226493673414,5.621936468809499,5.4543354602274485,6.145082073110668
visformer_small_classification,RN50_clip,163,179,,1000,30,30,30,tilde,56,True,5.329420965793816,0.2925155030156823,0.4042378968443199,0.5580930906090256,5.621936468809499,5.733658862638136,6.584267456262844
visformer_small_classification,RN101_clip,163,366,,1000,30,30,30,tilde,56,True,5.242031385972942,0.37990508283655533,0.4118450710587034,0.6480673817928038,5.621936468809499,5.653876457031647,6.681848921661006
visformer_small_classification,ResNet50-SimCLR_selfsupervised,163,162,,1000,30,30,30,tilde,56,True,5.16282045436486,0.45911601444463823,0.15010888963341262,0.514971793734813,5.621936468809499,5.312929343998273,6.287017152177724
visformer_small_classification,ResNet50-DeepClusterV2-2x224_selfsupervised,163,162,,1000,30,30,30,tilde,56,True,5.420703530147082,0.20123293866241543,0.09467006817503787,0.5541413363577243,5.621936468809499,5.515373598322121,6.270747873342261
visformer_small_classification,ResNet50-SwAV-BS4096-2x224_selfsupervised,163,165,,1000,30,30,30,tilde,56,True,5.177308728852907,0.4446277399565908,0.09633858638423742,0.5424065502384074,5.621936468809499,5.273647315237145,6.2606816054321435
visformer_small_classification,ResNet50-PIRL_selfsupervised,163,165,,1000,30,30,30,tilde,56,True,4.889232559243328,0.7327039095661716,0.0,0.46111308975886356,5.621936468809499,4.889232559243327,6.083049558568362
visformer_small_classification,ResNet50-ClusterFit-16K-RotNet_selfsupervised,163,160,,1000,30,30,30,tilde,56,True,4.357402456141037,1.264534012668462,0.0,0.34803672377188644,5.621936468809499,4.3574024561410365,5.969973192581385
visformer_small_classification,ResNet50-MoCoV2-BS256_selfsupervised,163,155,,1000,30,30,30,tilde,56,True,5.086217478751247,0.5357189900582506,0.0,0.4969547690724845,5.621936468809499,5.086217478751248,6.118891237881983
visformer_small_classification,nf_resnet50_classification,163,141,,1000,30,30,30,tilde,56,True,4.530314059235426,1.0916224095740725,0.016351529592305347,0.5969847278641183,5.621936468809499,4.546665588827731,6.235272726265922
visformer_small_classification,hardcorenas_f_classification,163,294,,1000,30,30,30,tilde,56,True,4.985669930158248,0.6362665386512507,0.009177365111439073,0.6383597437496409,5.621936468809499,4.994847295269687,6.269473577670579
visformer_small_classification,eca_nfnet_l0_classification,163,134,,1000,30,30,30,tilde,56,True,5.59023506045672,0.031701408352779126,0.6235175212047386,0.5660640374916177,5.621936468809499,6.213752581661458,6.811518027505855
visformer_small_classification,resnet50_classification,163,156,,1000,30,30,30,tilde,56,True,5.113719715493514,0.5082167533159847,0.0,0.5555167905514322,5.621936468809499,5.113719715493514,6.177453259360931
visformer_small_classification,semnasnet_100_classification,163,270,,1000,30,30,30,tilde,56,True,5.001340895908304,0.6205955729011947,0.0,0.6233247705329674,5.621936468809499,5.001340895908304,6.245261239342466
visformer_small_classification,cspresnet50_classification,163,320,,1000,30,30,30,tilde,56,True,5.079906272196034,0.5420301966134655,0.18279998728099311,0.6116417536127896,5.621936468809499,5.262706259477026,6.416378209703281
visformer_small_classification,mobilenetv3_large_100_classification,163,252,,1000,30,30,30,tilde,56,True,5.090246124031605,0.5316903447778936,0.23484593146674637,0.6525640453729791,5.621936468809499,5.325092055498351,6.509346445649224
visformer_small_classification,ghostnet_100_classification,163,290,,1000,30,30,30,tilde,56,True,5.04852316647545,0.5734133023340489,0.2145527306407713,0.6858621827555833,5.621936468809499,5.263075897116221,6.522351382205853
visformer_small_classification,convnext_base_classification,163,273,,1000,30,30,30,tilde,56,True,5.509686734802222,0.11224973400727567,0.40846811309279474,0.5323612955193235,5.621936468809499,5.918154847895018,6.562765877421617
visformer_small_classification,xcit_nano_12_p8_224_classification,163,266,,1000,30,30,30,tilde,56,True,5.139506803112457,0.48242966569704215,0.0034789394655794226,0.5939139810255796,5.621936468809499,5.142985742578036,6.219329389300658
visformer_small_classification,xcit_nano_12_p16_224_classification,163,242,,1000,30,30,30,tilde,56,True,4.987910584199475,0.6340258846100228,0.0,0.5569836605227048,5.621936468809499,4.987910584199476,6.178920129332203
visformer_small_classification,swin_large_patch4_window7_224_classification,163,281,,1000,30,30,30,tilde,56,True,5.118748157732358,0.5031883110771407,0.27532000378425536,0.6593330036445355,5.621936468809499,5.394068161516613,6.5565894762382895
visformer_small_classification,jx_nest_tiny_classification,163,148,,1000,30,30,30,tilde,56,True,5.621936468809499,0.0,0.12469085291515469,0.5192498349811041,5.621936468809499,5.746627321724653,6.265877156705757
visformer_small_classification,pit_ti_224_classification,163,207,,1000,30,30,30,tilde,56,True,5.388590762597027,0.23334570621247153,0.0,0.4665533766521799,5.621936468809499,5.388590762597027,6.0884898454616785
visformer_small_classification,vit_base_patch32_224_classification,163,218,,1000,30,30,30,tilde,56,True,5.039335124371227,0.5826013444382712,0.020280046465480872,0.5669398911278352,5.621936468809499,5.059615170836708,6.209156406402815
visformer_small_classification,vit_base_patch16_224_classification,163,197,,1000,30,30,30,tilde,56,True,5.123090199258491,0.49884626955100764,0.0,0.5160546171224114,5.621936468809499,5.123090199258491,6.13799108593191
visformer_small_classification,tnt_s_patch16_224_classification,163,198,,1000,30,30,30,tilde,56,True,5.114645286919823,0.5072911818896744,0.0,0.4993090960992985,5.621936468809499,5.114645286919824,6.121245564908797
visformer_small_classification,crossvit_base_240_classification,163,336,,1000,30,30,30,tilde,56,True,5.397206702920747,0.2247297658887515,0.05990312038675505,0.5294988662435971,5.621936468809499,5.457109823307502,6.211338455439851
visformer_small_classification,deit_base_patch16_224_classification,163,205,,1000,30,30,30,tilde,56,True,5.415713591765033,0.20622287704446585,0.0,0.49873999611365605,5.621936468809499,5.415713591765033,6.120676464923155
visformer_small_classification,dino_resnet50_selfsupervised,163,162,,1000,30,30,30,tilde,56,True,5.589412093492233,0.03252437531726571,0.2298981043097008,0.5368378664656976,5.621936468809499,5.819310197801934,6.388672439584897
visformer_small_classification,dino_vitb16_selfsupervised,163,208,,1000,30,30,30,tilde,56,True,4.320468440480444,1.3014680283290545,0.2588772160524293,0.6448367785233104,5.621936468809499,4.579345656532873,6.525650463385238
convit_base_classification,RN50_clip,201,179,,1000,30,30,30,tilde,56,True,5.2298770410106545,0.22445841921680465,0.5037818216274808,0.5786944236224407,5.45433546022746,5.733658862638136,6.5368117054773816
convit_base_classification,RN101_clip,201,366,,1000,30,30,30,tilde,56,True,5.154246017349014,0.30008944287844574,0.4996304396826323,0.6409566987250512,5.45433546022746,5.653876457031647,6.594922598635144
convit_base_classification,ResNet50-SimCLR_selfsupervised,201,162,,1000,30,30,30,tilde,56,True,5.179408730262864,0.2749267299645952,0.13352061373540813,0.526074561800014,5.45433546022746,5.312929343998273,6.113930635762882
convit_base_classification,ResNet50-DeepClusterV2-2x224_selfsupervised,201,162,,1000,30,30,30,tilde,56,True,5.342819638493721,0.11151582173373864,0.1725539598283996,0.6039063549937449,5.45433546022746,5.515373598322121,6.230795775049605
convit_base_classification,ResNet50-SwAV-BS4096-2x224_selfsupervised,201,165,,1000,30,30,30,tilde,56,True,5.145186650299629,0.309148809927831,0.12846066493751618,0.5344134675333212,5.45433546022746,5.273647315237145,6.1172095926982974
convit_base_classification,ResNet50-PIRL_selfsupervised,201,165,,1000,30,30,30,tilde,56,True,4.889232559243327,0.5651029009841331,0.0,0.5047268740549082,5.45433546022746,4.889232559243327,5.959062334282368
convit_base_classification,ResNet50-ClusterFit-16K-RotNet_selfsupervised,201,160,,1000,30,30,30,tilde,56,True,4.3574024561410365,1.0969330040864236,0.0,0.4271582969158043,5.45433546022746,4.3574024561410365,5.881493757143264
convit_base_classification,ResNet50-MoCoV2-BS256_selfsupervised,201,155,,1000,30,30,30,tilde,56,True,5.031771451605889,0.4225640086215714,0.05444602714535929,0.5481184155504986,5.45433546022746,5.086217478751248,6.056899902923318
convit_base_classification,nf_resnet50_classification,201,141,,1000,30,30,30,tilde,56,True,4.496795515582274,0.9575399446451849,0.049870073245456226,0.5492283965438229,5.45433546022746,4.546665588827731,6.053433930016739
convit_base_classification,hardcorenas_f_classification,201,294,,1000,30,30,30,tilde,56,True,4.844588396164553,0.6097470640629084,0.15025889910513524,0.6102467909827576,5.45433546022746,4.994847295269687,6.214841150315353
convit_base_classification,eca_nfnet_l0_classification,201,134,,1000,30,30,30,tilde,56,True,5.45433546022746,0.0,0.759417121433998,0.5697081184546118,5.45433546022746,6.213752581661458,6.78346070011607
convit_base_classification,resnet50_classification,201,156,,1000,30,30,30,tilde,56,True,5.018394621986728,0.43594083824073326,0.09532509350678708,0.5452012466096745,5.45433546022746,5.113719715493514,6.094861800343922
convit_base_classification,semnasnet_100_classification,201,270,,1000,30,30,30,tilde,56,True,4.968362517873533,0.48597294235392763,0.03297837803477144,0.5869498265729902,5.45433546022746,5.001340895908304,6.074263664835222
convit_base_classification,cspresnet50_classification,201,320,,1000,30,30,30,tilde,56,True,5.0370291457205285,0.41730631450693156,0.22567711375649768,0.5415754647306095,5.45433546022746,5.262706259477026,6.221588038714567
convit_base_classification,mobilenetv3_large_100_classification,201,252,,1000,30,30,30,tilde,56,True,5.031035001540555,0.4233004586869038,0.29405705395779513,0.6268129388746022,5.45433546022746,5.325092055498351,6.375205453059857
convit_base_classification,ghostnet_100_classification,201,290,,1000,30,30,30,tilde,56,True,4.956126150823704,0.49820930940375696,0.3069497462925179,0.6453875524493569,5.45433546022746,5.263075897116221,6.406672758969335
convit_base_classification,convnext_base_classification,201,273,,1000,30,30,30,tilde,56,True,5.410700694838483,0.04363476538897704,0.5074541530565346,0.5757845495781613,5.45433546022746,5.918154847895018,6.537574162862156
convit_base_classification,xcit_nano_12_p8_224_classification,201,266,,1000,30,30,30,tilde,56,True,5.112129270486858,0.3422061897406019,0.0308564720911777,0.5259340784639139,5.45433546022746,5.142985742578036,6.011126010782552
convit_base_classification,xcit_nano_12_p16_224_classification,201,242,,1000,30,30,30,tilde,56,True,4.984653143084802,0.4696823171426585,0.0032574411146741866,0.6145227652251988,5.45433546022746,4.987910584199476,6.072115666567333
convit_base_classification,swin_large_patch4_window7_224_classification,201,281,,1000,30,30,30,tilde,56,True,5.029501976103124,0.42483348412433486,0.36456618541348806,0.6148741571200533,5.45433546022746,5.394068161516613,6.4337758027610015
convit_base_classification,jx_nest_tiny_classification,201,148,,1000,30,30,30,tilde,56,True,5.454335460227461,0.0,0.2922918614971932,0.40131361908658825,5.45433546022746,5.746627321724653,6.1479409408112415
convit_base_classification,pit_ti_224_classification,201,207,,1000,30,30,30,tilde,56,True,5.339142327476101,0.11519313275135978,0.04944843512092678,0.528507211052295,5.45433546022746,5.388590762597027,6.032291106400682
convit_base_classification,vit_base_patch32_224_classification,201,218,,1000,30,30,30,tilde,56,True,5.017493310209656,0.4368421500178048,0.04212186062705303,0.5889547480627648,5.45433546022746,5.059615170836708,6.085412068917278
convit_base_classification,vit_base_patch16_224_classification,201,197,,1000,30,30,30,tilde,56,True,5.12309019925849,0.3312452609689691,0.0,0.45905578299785077,5.45433546022746,5.123090199258491,5.913391243225311
convit_base_classification,tnt_s_patch16_224_classification,201,198,,1000,30,30,30,tilde,56,True,5.114645286919824,0.33969017330763585,0.0,0.39502699896394944,5.45433546022746,5.114645286919824,5.8493624591914095
convit_base_classification,crossvit_base_240_classification,201,336,,1000,30,30,30,tilde,56,True,5.4355306432353565,0.018804816992104456,0.021579180072146542,0.513690913104127,5.45433546022746,5.457109823307502,5.989605553403734
convit_base_classification,deit_base_patch16_224_classification,201,205,,1000,30,30,30,tilde,56,True,5.415713591765032,0.03862186846242732,0.0,0.47559724499978273,5.45433546022746,5.415713591765033,5.929932705227243
convit_base_classification,dino_resnet50_selfsupervised,201,162,,1000,30,30,30,tilde,56,True,5.45274789703194,0.0015875631955211134,0.36656230076999474,0.5222593905156057,5.45433546022746,5.819310197801934,6.3431571515130605
convit_base_classification,dino_vitb16_selfsupervised,201,208,,1000,30,30,30,tilde,56,True,4.2599477751730825,1.1943876850543784,0.31939788135979175,0.6279767226873005,5.45433546022746,4.579345656532873,6.401710064274552
RN50_clip,RN101_clip,179,366,,1000,30,30,30,tilde,56,True,5.6538764570316475,0.07978240560649308,0.0,0.49618590026197484,5.73365886263814,5.653876457031647,6.229844762900115
RN50_clip,ResNet50-SimCLR_selfsupervised,179,162,,1000,30,30,30,tilde,56,True,5.311690207902853,0.421968654735287,0.0012391360954202568,0.5452963662842079,5.73365886263814,5.312929343998273,6.280194365017768
RN50_clip,ResNet50-DeepClusterV2-2x224_selfsupervised,179,162,,1000,30,30,30,tilde,56,True,5.395204603261133,0.33845425937700746,0.12016899506098877,0.6141979854393131,5.73365886263814,5.515373598322121,6.468025843138442
RN50_clip,ResNet50-SwAV-BS4096-2x224_selfsupervised,179,165,,1000,30,30,30,tilde,56,True,5.273647315237146,0.4600115474009945,0.0,0.570936935190792,5.73365886263814,5.273647315237145,6.304595797828932
RN50_clip,ResNet50-PIRL_selfsupervised,179,165,,1000,30,30,30,tilde,56,True,4.870829006761658,0.8628298558764804,0.018403552481667695,0.5847578824455439,5.73365886263814,4.889232559243327,6.336820297565351
RN50_clip,ResNet50-ClusterFit-16K-RotNet_selfsupervised,179,160,,1000,30,30,30,tilde,56,True,4.347224147334182,1.386434715303957,0.010178308806853664,0.6009521772991882,5.73365886263814,4.3574024561410365,6.3447893487441815
RN50_clip,ResNet50-MoCoV2-BS256_selfsupervised,179,155,,1000,30,30,30,tilde,56,True,5.086217478751249,0.6474413838868918,0.0,0.5125145097930783,5.73365886263814,5.086217478751248,6.246173372431218
RN50_clip,nf_resnet50_classification,179,141,,1000,30,30,30,tilde,56,True,4.546665588827731,1.1869932738104083,0.0,0.36466381201030895,5.73365886263814,4.546665588827731,6.098322674648449
RN50_clip,hardcorenas_f_classification,179,294,,1000,30,30,30,tilde,56,True,4.847368781876209,0.8862900807619312,0.1474785133934784,0.5453056117707167,5.73365886263814,4.994847295269687,6.426442987802335
RN50_clip,eca_nfnet_l0_classification,179,134,,1000,30,30,30,tilde,56,True,5.564880400900471,0.1687784617376682,0.6488721807609865,0.5635247809050394,5.73365886263814,6.213752581661458,6.946055824304166
RN50_clip,resnet50_classification,179,156,,1000,30,30,30,tilde,56,True,5.113719715493514,0.6199391471446258,0.0,0.43856424982386155,5.73365886263814,5.113719715493514,6.172223112462001
RN50_clip,semnasnet_100_classification,179,270,,1000,30,30,30,tilde,56,True,5.001340895908304,0.7323179667298358,0.0,0.5579325620127094,5.73365886263814,5.001340895908304,6.291591424650849
RN50_clip,cspresnet50_classification,179,320,,1000,30,30,30,tilde,56,True,5.262706259477025,0.47095260316111354,0.0,0.4540993239114277,5.73365886263814,5.262706259477026,6.187758186549567
RN50_clip,mobilenetv3_large_100_classification,179,252,,1000,30,30,30,tilde,56,True,5.161748359572627,0.5719105030655127,0.1633436959257244,0.5569494631981096,5.73365886263814,5.325092055498351,6.453952021761974
RN50_clip,ghostnet_100_classification,179,290,,1000,30,30,30,tilde,56,True,5.083050315027672,0.6506085476104682,0.18002558208854946,0.6223049283471793,5.73365886263814,5.263075897116221,6.5359893730738685
RN50_clip,convnext_base_classification,179,273,,1000,30,30,30,tilde,56,True,5.7236457806620695,0.010013081976071092,0.19450906723294903,0.5758696839602218,5.73365886263814,5.918154847895018,6.5040376138313105
RN50_clip,xcit_nano_12_p8_224_classification,179,266,,1000,30,30,30,tilde,56,True,4.997255826654852,0.7364030359832867,0.14572991592318285,0.5662044644129418,5.73365886263814,5.142985742578036,6.445593242974264
RN50_clip,xcit_nano_12_p16_224_classification,179,242,,1000,30,30,30,tilde,56,True,4.86528409698082,0.8683747656573209,0.12262648721865688,0.6221099750089021,5.73365886263814,4.987910584199476,6.478395324865699
RN50_clip,swin_large_patch4_window7_224_classification,179,281,,1000,30,30,30,tilde,56,True,5.045578505636878,0.6880803570012617,0.34848965587973524,0.569460226213903,5.73365886263814,5.394068161516613,6.651608744731778
RN50_clip,jx_nest_tiny_classification,179,148,,1000,30,30,30,tilde,56,True,5.457195987591006,0.27646287504713385,0.2894313341336474,0.560362706204498,5.73365886263814,5.746627321724653,6.583452902976285
RN50_clip,pit_ti_224_classification,179,207,,1000,30,30,30,tilde,56,True,5.228309572846541,0.5053492897915985,0.1602811897504859,0.5571128908011334,5.73365886263814,5.388590762597027,6.451052943189759
RN50_clip,vit_base_patch32_224_classification,179,218,,1000,30,30,30,tilde,56,True,5.059615170836708,0.6740436918014314,0.0,0.5053997701041633,5.73365886263814,5.059615170836708,6.239058632742303
RN50_clip,vit_base_patch16_224_classification,179,197,,1000,30,30,30,tilde,56,True,5.123090199258491,0.6105686633796488,0.0,0.5433286086778342,5.73365886263814,5.123090199258491,6.276987471315974
RN50_clip,tnt_s_patch16_224_classification,179,198,,1000,30,30,30,tilde,56,True,5.051218840793382,0.6824400218447586,0.0634264461264431,0.5578542767472436,5.73365886263814,5.114645286919824,6.3549395855118265
RN50_clip,crossvit_base_240_classification,179,336,,1000,30,30,30,tilde,56,True,5.302634221171871,0.4310246414662684,0.15447560213563083,0.5906542549620442,5.73365886263814,5.457109823307502,6.478788719735815
RN50_clip,deit_base_patch16_224_classification,179,205,,1000,30,30,30,tilde,56,True,5.2612504321002325,0.47240843053790726,0.1544631596648003,0.5665608794757171,5.73365886263814,5.415713591765033,6.454682901778657
RN50_clip,dino_resnet50_selfsupervised,179,162,,1000,30,30,30,tilde,56,True,5.554624883603897,0.17903397903424256,0.26468531419803654,0.6085092974810955,5.73365886263814,5.819310197801934,6.606853474317272
RN50_clip,dino_vitb16_selfsupervised,179,208,,1000,30,30,30,tilde,56,True,4.474825644943267,1.2588332176948729,0.10452001158960655,0.5914859807356079,5.73365886263814,4.579345656532873,6.429664854963354
RN101_clip,ResNet50-SimCLR_selfsupervised,366,162,,1000,30,30,30,tilde,56,True,5.210717847674412,0.4431586093572317,0.10221149632385984,0.6222650220762516,5.653876457031645,5.312929343998273,6.378352975431756
RN101_clip,ResNet50-DeepClusterV2-2x224_selfsupervised,366,162,,1000,30,30,30,tilde,56,True,5.291946984778379,0.36192947225326577,0.22342661354374194,0.675487681056512,5.653876457031645,5.515373598322121,6.552790751631899
RN101_clip,ResNet50-SwAV-BS4096-2x224_selfsupervised,366,165,,1000,30,30,30,tilde,56,True,5.166423793335694,0.48745266369595086,0.10722352190145124,0.601073039200311,5.653876457031645,5.273647315237145,6.362173018133407
RN101_clip,ResNet50-PIRL_selfsupervised,366,165,,1000,30,30,30,tilde,56,True,4.802730748391208,0.8511457086404368,0.08650181085211894,0.65921769330481,5.653876457031645,4.889232559243327,6.399595961188574
RN101_clip,ResNet50-ClusterFit-16K-RotNet_selfsupervised,366,160,,1000,30,30,30,tilde,56,True,4.262009298498166,1.3918671585334792,0.09539315764287082,0.6707760511865253,5.653876457031645,4.3574024561410365,6.420045665861041
RN101_clip,ResNet50-MoCoV2-BS256_selfsupervised,366,155,,1000,30,30,30,tilde,56,True,4.998955667577869,0.6549207894537759,0.08726181117337894,0.5975557596866983,5.653876457031645,5.086217478751248,6.338694027891722
RN101_clip,nf_resnet50_classification,366,141,,1000,30,30,30,tilde,56,True,4.5466655888277305,1.1072108682039135,0.0,0.39504148577010856,5.653876457031645,4.546665588827731,6.048917942801753
RN101_clip,hardcorenas_f_classification,366,294,,1000,30,30,30,tilde,56,True,4.83107309139535,0.8228033656362959,0.16377420387433794,0.6024956786843259,5.653876457031645,4.994847295269687,6.420146339590309
RN101_clip,eca_nfnet_l0_classification,366,134,,1000,30,30,30,tilde,56,True,5.496730952183197,0.15714550484844825,0.7170216294782614,0.6012711350075604,5.653876457031645,6.213752581661458,6.972169221517467
RN101_clip,resnet50_classification,366,156,,1000,30,30,30,tilde,56,True,5.113719715493515,0.540156741538131,0.0,0.6049385887688485,5.653876457031645,5.113719715493514,6.258815045800493
RN101_clip,semnasnet_100_classification,366,270,,1000,30,30,30,tilde,56,True,5.001340895908305,0.652535561123341,0.0,0.5246004327549079,5.653876457031645,5.001340895908304,6.178476889786553
RN101_clip,cspresnet50_classification,366,320,,1000,30,30,30,tilde,56,True,5.242005699822761,0.41187075720888355,0.020700559654264872,0.5606901306309711,5.653876457031645,5.262706259477026,6.235267147316881
RN101_clip,mobilenetv3_large_100_classification,366,252,,1000,30,30,30,tilde,56,True,5.14955417584227,0.5043222811893742,0.1755378796560807,0.5807074875881604,5.653876457031645,5.325092055498351,6.410121824275886
RN101_clip,ghostnet_100_classification,366,290,,1000,30,30,30,tilde,56,True,5.039434439960196,0.6144420170714495,0.22364145715602568,0.651769643645296,5.653876457031645,5.263075897116221,6.5292875578329665
RN101_clip,convnext_base_classification,366,273,,1000,30,30,30,tilde,56,True,5.548741378498712,0.1051350785329328,0.3694134693963056,0.6037765049643022,5.653876457031645,5.918154847895018,6.627066431392253
RN101_clip,xcit_nano_12_p8_224_classification,366,266,,1000,30,30,30,tilde,56,True,4.94844301822646,0.7054334388051853,0.19454272435157627,0.6536169392924727,5.653876457031645,5.142985742578036,6.502036120675694
RN101_clip,xcit_nano_12_p16_224_classification,366,242,,1000,30,30,30,tilde,56,True,4.841393231769501,0.8124832252621434,0.14651735242997432,0.7035558881333994,5.653876457031645,4.987910584199476,6.503949697595019
RN101_clip,swin_large_patch4_window7_224_classification,366,281,,1000,30,30,30,tilde,56,True,5.0779077149118255,0.5759687421198185,0.3161604466047869,0.5977254729413657,5.653876457031645,5.394068161516613,6.5677623765777975
RN101_clip,jx_nest_tiny_classification,366,148,,1000,30,30,30,tilde,56,True,5.347507697260179,0.30636875977146705,0.39911962446447546,0.6349389542715027,5.653876457031645,5.746627321724653,6.687935035767623
RN101_clip,pit_ti_224_classification,366,207,,1000,30,30,30,tilde,56,True,5.13499937655781,0.5188770804738354,0.2535913860392176,0.5913460370749739,5.653876457031645,5.388590762597027,6.498813880145836
RN101_clip,vit_base_patch32_224_classification,366,218,,1000,30,30,30,tilde,56,True,5.05079479976224,0.6030816572694055,0.00882037107446898,0.5925820976646516,5.653876457031645,5.059615170836708,6.2552789257707655
RN101_clip,vit_base_patch16_224_classification,366,197,,1000,30,30,30,tilde,56,True,5.03412348546256,0.6197529715690839,0.08896671379593002,0.6453281907594848,5.653876457031645,5.123090199258491,6.38817136158706
RN101_clip,tnt_s_patch16_224_classification,366,198,,1000,30,30,30,tilde,56,True,5.000934223185337,0.652942233846308,0.11371106373448736,0.5938122779063848,5.653876457031645,5.114645286919824,6.361399798672517
RN101_clip,crossvit_base_240_classification,366,336,,1000,30,30,30,tilde,56,True,5.245855940632572,0.40802051639907333,0.21125388267493062,0.6040330888329573,5.653876457031645,5.457109823307502,6.469163428539533
RN101_clip,deit_base_patch16_224_classification,366,205,,1000,30,30,30,tilde,56,True,5.199957650796396,0.45391880623524816,0.21575594096863604,0.6312288869507787,5.653876457031645,5.415713591765033,6.50086128495106
RN101_clip,dino_resnet50_selfsupervised,366,162,,1000,30,30,30,tilde,56,True,5.428333813310409,0.2255426437212371,0.39097638449152594,0.7030362075244492,5.653876457031645,5.819310197801934,6.74788904904762
RN101_clip,dino_vitb16_selfsupervised,366,208,,1000,30,30,30,tilde,56,True,4.453154369548913,1.200722087482733,0.12619128698396143,0.6405313352543125,5.653876457031645,4.579345656532873,6.420599079269919
ResNet50-SimCLR_selfsupervised,ResNet50-DeepClusterV2-2x224_selfsupervised,162,162,,1000,30,30,30,tilde,56,True,5.31292934399827,0.0,0.20244425432385071,0.4742691378228425,5.31292934399827,5.515373598322121,5.989642736144964
ResNet50-SimCLR_selfsupervised,ResNet50-SwAV-BS4096-2x224_selfsupervised,162,165,,1000,30,30,30,tilde,56,True,5.237905551529764,0.07502379246850666,0.03574176370738158,0.516974738883917,5.31292934399827,5.273647315237145,5.865645846589569
ResNet50-SimCLR_selfsupervised,ResNet50-PIRL_selfsupervised,162,165,,1000,30,30,30,tilde,56,True,4.889232559243327,0.4236967847549433,0.0,0.42052626691107786,5.31292934399827,4.889232559243327,5.733455610909348
ResNet50-SimCLR_selfsupervised,ResNet50-ClusterFit-16K-RotNet_selfsupervised,162,160,,1000,30,30,30,tilde,56,True,4.3574024561410365,0.9555268878572338,0.0,0.5490405411146719,5.31292934399827,4.3574024561410365,5.861969885112942
ResNet50-SimCLR_selfsupervised,ResNet50-MoCoV2-BS256_selfsupervised,162,155,,1000,30,30,30,tilde,56,True,5.04130649492884,0.27162284906943057,0.04491098382240821,0.5542077036248889,5.31292934399827,5.086217478751248,5.9120480314455675
ResNet50-SimCLR_selfsupervised,nf_resnet50_classification,162,141,,1000,30,30,30,tilde,56,True,4.546665588827732,0.7662637551705389,0.0,0.48117454542545346,5.31292934399827,4.546665588827731,5.794103889423724
ResNet50-SimCLR_selfsupervised,hardcorenas_f_classification,162,294,,1000,30,30,30,tilde,56,True,4.691577242774538,0.6213521012237315,0.30327005249514816,0.5664777985191076,5.31292934399827,4.994847295269687,6.182677195012526
ResNet50-SimCLR_selfsupervised,eca_nfnet_l0_classification,162,134,,1000,30,30,30,tilde,56,True,5.31292934399827,0.0,0.9008232376631877,0.5291878797740228,5.31292934399827,6.213752581661458,6.742940461435481
ResNet50-SimCLR_selfsupervised,resnet50_classification,162,156,,1000,30,30,30,tilde,56,True,5.0109536632967275,0.3019756807015419,0.10276605219678547,0.5012184935481949,5.31292934399827,5.113719715493514,5.916913889743251
ResNet50-SimCLR_selfsupervised,semnasnet_100_classification,162,270,,1000,30,30,30,tilde,56,True,4.882052740540734,0.4308766034575351,0.11928815536756865,0.5929024872669597,5.31292934399827,5.001340895908304,6.025119986632799
ResNet50-SimCLR_selfsupervised,cspresnet50_classification,162,320,,1000,30,30,30,tilde,56,True,5.09618799046269,0.21674135353558022,0.16651826901433608,0.5526755909673113,5.31292934399827,5.262706259477026,6.032123203979918
ResNet50-SimCLR_selfsupervised,mobilenetv3_large_100_classification,162,252,,1000,30,30,30,tilde,56,True,4.968528985287709,0.34440035871056196,0.35656307021064304,0.5860571200446252,5.31292934399827,5.325092055498351,6.2555495342535385
ResNet50-SimCLR_selfsupervised,ghostnet_100_classification,162,290,,1000,30,30,30,tilde,56,True,4.901172604226815,0.4117567397714543,0.36190329288940504,0.6702608463439255,5.31292934399827,5.263075897116221,6.345093483231601
ResNet50-SimCLR_selfsupervised,convnext_base_classification,162,273,,1000,30,30,30,tilde,56,True,5.31292934399827,0.0,0.6052255038967473,0.47653965487782024,5.31292934399827,5.918154847895018,6.394694502772838
ResNet50-SimCLR_selfsupervised,xcit_nano_12_p8_224_classification,162,266,,1000,30,30,30,tilde,56,True,4.961289710880829,0.3516396331174416,0.18169603169720716,0.5160045613405817,5.31292934399827,5.142985742578036,6.010629937036059
ResNet50-SimCLR_selfsupervised,xcit_nano_12_p16_224_classification,162,242,,1000,30,30,30,tilde,56,True,4.855688901199005,0.45724044279926535,0.13222168300047077,0.6173418945095204,5.31292934399827,4.987910584199476,6.0624929215082615
ResNet50-SimCLR_selfsupervised,swin_large_patch4_window7_224_classification,162,281,,1000,30,30,30,tilde,56,True,4.880582408180498,0.4323469358177734,0.5134857533361163,0.6050807790432788,5.31292934399827,5.394068161516613,6.4314958763776655
ResNet50-SimCLR_selfsupervised,jx_nest_tiny_classification,162,148,,1000,30,30,30,tilde,56,True,5.312929343998269,0.0,0.43369797772638297,0.4582764506806445,5.31292934399827,5.746627321724653,6.204903772405298
ResNet50-SimCLR_selfsupervised,pit_ti_224_classification,162,207,,1000,30,30,30,tilde,56,True,5.124702162061622,0.18822718193664745,0.2638886005354042,0.5308996209223897,5.31292934399827,5.388590762597027,6.107717565456064
ResNet50-SimCLR_selfsupervised,vit_base_patch32_224_classification,162,218,,1000,30,30,30,tilde,56,True,4.955159150126261,0.3577701938720086,0.10445602071044657,0.5921537868146194,5.31292934399827,5.059615170836708,6.009539151523336
ResNet50-SimCLR_selfsupervised,vit_base_patch16_224_classification,162,197,,1000,30,30,30,tilde,56,True,5.032784603432035,0.28014474056623584,0.09030559582645648,0.5410450319548765,5.31292934399827,5.123090199258491,5.944279971779603
ResNet50-SimCLR_selfsupervised,tnt_s_patch16_224_classification,162,198,,1000,30,30,30,tilde,56,True,5.009641282536066,0.30328806146220444,0.10500400438375834,0.5139526627843107,5.31292934399827,5.114645286919824,5.931886011166339
ResNet50-SimCLR_selfsupervised,crossvit_base_240_classification,162,336,,1000,30,30,30,tilde,56,True,5.2359810215154035,0.07694832248286598,0.22112880179209782,0.5249763768527336,5.31292934399827,5.457109823307502,6.059034522643102
ResNet50-SimCLR_selfsupervised,deit_base_patch16_224_classification,162,205,,1000,30,30,30,tilde,56,True,5.211344142214457,0.10158520178381458,0.204369449550577,0.4800531364753615,5.31292934399827,5.415713591765033,5.997351930024209
ResNet50-SimCLR_selfsupervised,dino_resnet50_selfsupervised,162,162,,1000,30,30,30,tilde,56,True,5.312929343998269,0.0,0.5063808538036634,0.38795554179564906,5.31292934399827,5.819310197801934,6.207265739597583
ResNet50-SimCLR_selfsupervised,dino_vitb16_selfsupervised,162,208,,1000,30,30,30,tilde,56,True,4.325618855708813,0.9873104882894568,0.25372680082405985,0.6164894804831631,5.31292934399827,4.579345656532873,6.183145625305493
ResNet50-DeepClusterV2-2x224_selfsupervised,ResNet50-SwAV-BS4096-2x224_selfsupervised,162,165,,1000,30,30,30,tilde,56,True,5.273647315237145,0.24172628308498467,0.0,0.49579039556874616,5.51537359832213,5.273647315237145,6.011163993890876
ResNet50-DeepClusterV2-2x224_selfsupervised,ResNet50-PIRL_selfsupervised,162,165,,1000,30,30,30,tilde,56,True,4.889232559243327,0.6261410390788029,0.0,0.40438178381536716,5.51537359832213,4.889232559243327,5.919755382137497
ResNet50-DeepClusterV2-2x224_selfsupervised,ResNet50-ClusterFit-16K-RotNet_selfsupervised,162,160,,1000,30,30,30,tilde,56,True,4.3574024561410365,1.1579711421810934,0.0,0.3868071107210964,5.51537359832213,4.3574024561410365,5.902180709043226
ResNet50-DeepClusterV2-2x224_selfsupervised,ResNet50-MoCoV2-BS256_selfsupervised,162,155,,1000,30,30,30,tilde,56,True,5.086217478751248,0.42915611957088196,0.0,0.43507884425156806,5.51537359832213,5.086217478751248,5.950452442573698
ResNet50-DeepClusterV2-2x224_selfsupervised,nf_resnet50_classification,162,141,,1000,30,30,30,tilde,56,True,4.5466655888277305,0.9687080094943985,0.0,0.45188723030844,5.51537359832213,4.546665588827731,5.96726082863057
ResNet50-DeepClusterV2-2x224_selfsupervised,hardcorenas_f_classification,162,294,,1000,30,30,30,tilde,56,True,4.916039675739819,0.5993339225823116,0.07880761952986859,0.6277193862226005,5.51537359832213,4.994847295269687,6.221900604074599
ResNet50-DeepClusterV2-2x224_selfsupervised,eca_nfnet_l0_classification,162,134,,1000,30,30,30,tilde,56,True,5.51537359832213,0.0,0.6983789833393281,0.5576047204596186,5.51537359832213,6.213752581661458,6.771357302121077
ResNet50-DeepClusterV2-2x224_selfsupervised,resnet50_classification,162,156,,1000,30,30,30,tilde,56,True,5.113719715493515,0.401653882828616,0.0,0.4570721039352197,5.51537359832213,5.113719715493514,5.97244570225735
ResNet50-DeepClusterV2-2x224_selfsupervised,semnasnet_100_classification,162,270,,1000,30,30,30,tilde,56,True,5.001340895908305,0.514032702413826,0.0,0.6098514663452725,5.51537359832213,5.001340895908304,6.1252250646674025
ResNet50-DeepClusterV2-2x224_selfsupervised,cspresnet50_classification,162,320,,1000,30,30,30,tilde,56,True,5.196191797796283,0.3191818005258469,0.06651446168074315,0.5662646877984976,5.51537359832213,5.262706259477026,6.148152747801371
ResNet50-DeepClusterV2-2x224_selfsupervised,mobilenetv3_large_100_classification,162,252,,1000,30,30,30,tilde,56,True,5.179209563675035,0.3361640346470942,0.1458824918233157,0.6453004677912437,5.51537359832213,5.325092055498351,6.306556557936689
ResNet50-DeepClusterV2-2x224_selfsupervised,ghostnet_100_classification,162,290,,1000,30,30,30,tilde,56,True,5.0910857070287525,0.4242878912933783,0.1719901900874694,0.6676848516300407,5.51537359832213,5.263075897116221,6.35504864003964
ResNet50-DeepClusterV2-2x224_selfsupervised,convnext_base_classification,162,273,,1000,30,30,30,tilde,56,True,5.51537359832213,0.0,0.40278124957288775,0.5112857992178119,5.51537359832213,5.918154847895018,6.42944064711283
ResNet50-DeepClusterV2-2x224_selfsupervised,xcit_nano_12_p8_224_classification,162,266,,1000,30,30,30,tilde,56,True,5.096515971706143,0.4188576266159867,0.046469770871892635,0.5756117548521296,5.51537359832213,5.142985742578036,6.137455124046152
ResNet50-DeepClusterV2-2x224_selfsupervised,xcit_nano_12_p16_224_classification,162,242,,1000,30,30,30,tilde,56,True,4.987910584199476,0.5274630141226542,0.0,0.5981596257913893,5.51537359832213,4.987910584199476,6.113533224113519
ResNet50-DeepClusterV2-2x224_selfsupervised,swin_large_patch4_window7_224_classification,162,281,,1000,30,30,30,tilde,56,True,5.005248473198489,0.5101251251236398,0.3888196883181232,0.6935683161153232,5.51537359832213,5.394068161516613,6.597761602755576
ResNet50-DeepClusterV2-2x224_selfsupervised,jx_nest_tiny_classification,162,148,,1000,30,30,30,tilde,56,True,5.489130432598388,0.02624316572374319,0.25749688912626656,0.5874568409352845,5.51537359832213,5.746627321724653,6.360327328383681
ResNet50-DeepClusterV2-2x224_selfsupervised,pit_ti_224_classification,162,207,,1000,30,30,30,tilde,56,True,5.359488304477861,0.1558852938442694,0.029102458119166563,0.5549514638341506,5.51537359832213,5.388590762597027,6.099427520275447
ResNet50-DeepClusterV2-2x224_selfsupervised,vit_base_patch32_224_classification,162,218,,1000,30,30,30,tilde,56,True,5.059615170836709,0.4557584274854216,0.0,0.5941108259994632,5.51537359832213,5.059615170836708,6.109484424321593
ResNet50-DeepClusterV2-2x224_selfsupervised,vit_base_patch16_224_classification,162,197,,1000,30,30,30,tilde,56,True,5.12309019925849,0.39228339906363896,0.0,0.4773286452908456,5.51537359832213,5.123090199258491,5.9927022436129755
ResNet50-DeepClusterV2-2x224_selfsupervised,tnt_s_patch16_224_classification,162,198,,1000,30,30,30,tilde,56,True,5.097642089858347,0.41773150846378293,0.017003197061477238,0.5719002624106233,5.51537359832213,5.114645286919824,6.1042770577942305
ResNet50-DeepClusterV2-2x224_selfsupervised,crossvit_base_240_classification,162,336,,1000,30,30,30,tilde,56,True,5.365589987948719,0.1497836103734116,0.09151983535878383,0.5590234821963804,5.51537359832213,5.457109823307502,6.165916915877294
ResNet50-DeepClusterV2-2x224_selfsupervised,deit_base_patch16_224_classification,162,205,,1000,30,30,30,tilde,56,True,5.37583218044896,0.13954141787316932,0.039881411316072146,0.5267369347304012,5.51537359832213,5.415713591765033,6.081991944368603
ResNet50-DeepClusterV2-2x224_selfsupervised,dino_resnet50_selfsupervised,162,162,,1000,30,30,30,tilde,56,True,5.515373598322131,0.0,0.3039365994798038,0.3542045303644885,5.51537359832213,5.819310197801934,6.173514728166422
ResNet50-DeepClusterV2-2x224_selfsupervised,dino_vitb16_selfsupervised,162,208,,1000,30,30,30,tilde,56,True,4.3550233383844,1.160350259937731,0.2243223181484746,0.6733196267681789,5.51537359832213,4.579345656532873,6.413015543238783
ResNet50-SwAV-BS4096-2x224_selfsupervised,ResNet50-PIRL_selfsupervised,165,165,,1000,30,30,30,tilde,56,True,4.889232559243328,0.3844147559938156,0.0,0.49058243874655627,5.273647315237143,4.889232559243327,5.764229753983699
ResNet50-SwAV-BS4096-2x224_selfsupervised,ResNet50-ClusterFit-16K-RotNet_selfsupervised,165,160,,1000,30,30,30,tilde,56,True,4.357402456141037,0.9162448590961061,0.0,0.5536099530615868,5.273647315237143,4.3574024561410365,5.827257268298729
ResNet50-SwAV-BS4096-2x224_selfsupervised,ResNet50-MoCoV2-BS256_selfsupervised,165,155,,1000,30,30,30,tilde,56,True,4.967650664381371,0.30599665085577055,0.11856681436987593,0.5480012736628437,5.273647315237143,5.086217478751248,5.940215403269862
ResNet50-SwAV-BS4096-2x224_selfsupervised,nf_resnet50_classification,165,141,,1000,30,30,30,tilde,56,True,4.522668975826978,0.7509783394101648,0.02399661300075362,0.5406709529204701,5.273647315237143,4.546665588827731,5.838314881158366
ResNet50-SwAV-BS4096-2x224_selfsupervised,hardcorenas_f_classification,165,294,,1000,30,30,30,tilde,56,True,4.644758579857959,0.6288887353791832,0.3500887154117276,0.6406451395487949,5.273647315237143,4.994847295269687,6.264381170197665
ResNet50-SwAV-BS4096-2x224_selfsupervised,eca_nfnet_l0_classification,165,134,,1000,30,30,30,tilde,56,True,5.2542149107022205,0.01943240453492301,0.9595376709592385,0.6457738306041776,5.273647315237143,6.213752581661458,6.878958816800559
ResNet50-SwAV-BS4096-2x224_selfsupervised,resnet50_classification,165,156,,1000,30,30,30,tilde,56,True,5.0059717581268695,0.26767555711027313,0.10774795736664444,0.5600097151995982,5.273647315237143,5.113719715493514,5.941404987803385
ResNet50-SwAV-BS4096-2x224_selfsupervised,semnasnet_100_classification,165,270,,1000,30,30,30,tilde,56,True,4.8890074583969945,0.3846398568401481,0.11233343751130942,0.6116033212811214,5.273647315237143,5.001340895908304,5.997584074029573
ResNet50-SwAV-BS4096-2x224_selfsupervised,cspresnet50_classification,165,320,,1000,30,30,30,tilde,56,True,5.123332763021973,0.15031455221517032,0.13937349645505392,0.5476282288381968,5.273647315237143,5.262706259477026,5.960649040530393
ResNet50-SwAV-BS4096-2x224_selfsupervised,mobilenetv3_large_100_classification,165,252,,1000,30,30,30,tilde,56,True,4.8794397715732805,0.3942075436638621,0.44565228392507095,0.6785528323619099,5.273647315237143,5.325092055498351,6.397852431524123
ResNet50-SwAV-BS4096-2x224_selfsupervised,ghostnet_100_classification,165,290,,1000,30,30,30,tilde,56,True,4.823219800366022,0.4504275148711203,0.43985609675019877,0.6794879990356213,5.273647315237143,5.263075897116221,6.392991411022963
ResNet50-SwAV-BS4096-2x224_selfsupervised,convnext_base_classification,165,273,,1000,30,30,30,tilde,56,True,5.273647315237142,0.0,0.6445075326578751,0.37733459072163633,5.273647315237143,5.918154847895018,6.295489438616654
ResNet50-SwAV-BS4096-2x224_selfsupervised,xcit_nano_12_p8_224_classification,165,266,,1000,30,30,30,tilde,56,True,4.941434899306609,0.33221241593053463,0.20155084327142792,0.5146418232318499,5.273647315237143,5.142985742578036,5.98983998174042
ResNet50-SwAV-BS4096-2x224_selfsupervised,xcit_nano_12_p16_224_classification,165,242,,1000,30,30,30,tilde,56,True,4.838636476613339,0.4350108386238025,0.14927410758613568,0.595701356690717,5.273647315237143,4.987910584199476,6.018622779513995
ResNet50-SwAV-BS4096-2x224_selfsupervised,swin_large_patch4_window7_224_classification,165,281,,1000,30,30,30,tilde,56,True,4.832576112864088,0.4410712023730543,0.561492048652525,0.6370923244198741,5.273647315237143,5.394068161516613,6.472231688309542
ResNet50-SwAV-BS4096-2x224_selfsupervised,jx_nest_tiny_classification,165,148,,1000,30,30,30,tilde,56,True,5.273647315237143,0.0,0.4729800064875107,0.4579210176960755,5.273647315237143,5.746627321724653,6.204548339420729
ResNet50-SwAV-BS4096-2x224_selfsupervised,pit_ti_224_classification,165,207,,1000,30,30,30,tilde,56,True,5.142080285681429,0.13156702955571387,0.24651047691559835,0.47956429610286566,5.273647315237143,5.388590762597027,5.999722088255607
ResNet50-SwAV-BS4096-2x224_selfsupervised,vit_base_patch32_224_classification,165,218,,1000,30,30,30,tilde,56,True,4.9791996966999985,0.2944476185371441,0.0804154741367098,0.5511603956954572,5.273647315237143,5.059615170836708,5.9052231850693095
ResNet50-SwAV-BS4096-2x224_selfsupervised,vit_base_patch16_224_classification,165,197,,1000,30,30,30,tilde,56,True,5.082239374132969,0.19140794110417403,0.040850825125522405,0.5370189438252444,5.273647315237143,5.123090199258491,5.851517084187909
ResNet50-SwAV-BS4096-2x224_selfsupervised,tnt_s_patch16_224_classification,165,198,,1000,30,30,30,tilde,56,True,5.018255549331956,0.25539176590518586,0.09638973758786751,0.5162386839931221,5.273647315237143,5.114645286919824,5.886275736818132
ResNet50-SwAV-BS4096-2x224_selfsupervised,crossvit_base_240_classification,165,336,,1000,30,30,30,tilde,56,True,5.223038669216625,0.05060864602051751,0.2340711540908771,0.5356233615801731,5.273647315237143,5.457109823307502,6.043341830908193
ResNet50-SwAV-BS4096-2x224_selfsupervised,deit_base_patch16_224_classification,165,205,,1000,30,30,30,tilde,56,True,5.2428992690426925,0.03074804619445004,0.1728143227223402,0.48977223269378634,5.273647315237143,5.415713591765033,5.936233870653269
ResNet50-SwAV-BS4096-2x224_selfsupervised,dino_resnet50_selfsupervised,165,162,,1000,30,30,30,tilde,56,True,5.273647315237143,0.0,0.5456628825647911,0.4919901919870977,5.273647315237143,5.819310197801934,6.311300389789031
ResNet50-SwAV-BS4096-2x224_selfsupervised,dino_vitb16_selfsupervised,165,208,,1000,30,30,30,tilde,56,True,4.403129354374697,0.8705179608624452,0.17621630215817596,0.6430461268745065,5.273647315237143,4.579345656532873,6.092909744269825
ResNet50-PIRL_selfsupervised,ResNet50-ClusterFit-16K-RotNet_selfsupervised,165,160,,1000,30,30,30,tilde,56,True,4.328661520547648,0.5605710386956826,0.028740935593389416,0.5595743157203552,4.88923255924333,4.3574024561410365,5.477547810557074
ResNet50-PIRL_selfsupervised,ResNet50-MoCoV2-BS256_selfsupervised,165,155,,1000,30,30,30,tilde,56,True,4.763046658030637,0.12618590121269158,0.3231708207206099,0.5187837374557773,4.88923255924333,5.086217478751248,5.731187117419717
ResNet50-PIRL_selfsupervised,nf_resnet50_classification,165,141,,1000,30,30,30,tilde,56,True,4.346866823644433,0.5423657355988967,0.19979876518329842,0.5914503794121391,4.88923255924333,4.546665588827731,5.680481703838767
ResNet50-PIRL_selfsupervised,hardcorenas_f_classification,165,294,,1000,30,30,30,tilde,56,True,4.51868487997754,0.3705476792657896,0.47616241529214687,0.6318528280814499,4.88923255924333,4.994847295269687,5.9972478026169265
ResNet50-PIRL_selfsupervised,eca_nfnet_l0_classification,165,134,,1000,30,30,30,tilde,56,True,4.8892325592433306,0.0,1.3245200224181284,0.45159559179129793,4.88923255924333,6.213752581661458,6.665348173452756
ResNet50-PIRL_selfsupervised,resnet50_classification,165,156,,1000,30,30,30,tilde,56,True,4.704551800792319,0.18468075845101062,0.40916791470119485,0.5281252333165085,4.88923255924333,5.113719715493514,5.826525707261033
ResNet50-PIRL_selfsupervised,semnasnet_100_classification,165,270,,1000,30,30,30,tilde,56,True,4.603534752317723,0.2856978069256071,0.3978061435905813,0.6465239692712208,4.88923255924333,5.001340895908304,5.933562672105132
ResNet50-PIRL_selfsupervised,cspresnet50_classification,165,320,,1000,30,30,30,tilde,56,True,4.7557046515797845,0.13352790766354605,0.5070016078972426,0.5820890724464158,4.88923255924333,5.262706259477026,5.978323239586988
ResNet50-PIRL_selfsupervised,mobilenetv3_large_100_classification,165,252,,1000,30,30,30,tilde,56,True,4.65493652131241,0.23429603793091935,0.6701555341859411,0.6377324715623178,4.88923255924333,5.325092055498351,6.197120564991589
ResNet50-PIRL_selfsupervised,ghostnet_100_classification,165,290,,1000,30,30,30,tilde,56,True,4.623244098332026,0.2659884609113039,0.6398317987841953,0.6910994463484839,4.88923255924333,5.263075897116221,6.220163804376009
ResNet50-PIRL_selfsupervised,convnext_base_classification,165,273,,1000,30,30,30,tilde,56,True,4.889232559243329,0.0,1.028922288651688,0.47425132574839957,4.88923255924333,5.918154847895018,6.392406173643417
ResNet50-PIRL_selfsupervised,xcit_nano_12_p8_224_classification,165,266,,1000,30,30,30,tilde,56,True,4.730779194257196,0.15845336498613438,0.4122065483208406,0.532610051592183,4.88923255924333,5.142985742578036,5.834049159156353
ResNet50-PIRL_selfsupervised,xcit_nano_12_p16_224_classification,165,242,,1000,30,30,30,tilde,56,True,4.660521606509286,0.22871095273404318,0.32738897769018926,0.5905703259012185,4.88923255924333,4.987910584199476,5.807191862834737
ResNet50-PIRL_selfsupervised,swin_large_patch4_window7_224_classification,165,281,,1000,30,30,30,tilde,56,True,4.586039547499862,0.3031930117434678,0.8080286140167514,0.6720513479660735,4.88923255924333,5.394068161516613,6.3693125212261545
ResNet50-PIRL_selfsupervised,jx_nest_tiny_classification,165,148,,1000,30,30,30,tilde,56,True,4.88923255924333,0.0,0.8573947624813236,0.4017986374966318,4.88923255924333,5.746627321724653,6.148425959221285
ResNet50-PIRL_selfsupervised,pit_ti_224_classification,165,207,,1000,30,30,30,tilde,56,True,4.88923255924333,0.0,0.4993582033536974,0.5219268512583346,4.88923255924333,5.388590762597027,5.910517613855362
ResNet50-PIRL_selfsupervised,vit_base_patch32_224_classification,165,218,,1000,30,30,30,tilde,56,True,4.672989737948535,0.2162428212947951,0.38662543288817375,0.5952906047452924,4.88923255924333,5.059615170836708,5.871148596876796
ResNet50-PIRL_selfsupervised,vit_base_patch16_224_classification,165,197,,1000,30,30,30,tilde,56,True,4.764717308020891,0.124515251222439,0.3583728912376003,0.538210564594543,4.88923255924333,5.123090199258491,5.785816015075473
ResNet50-PIRL_selfsupervised,tnt_s_patch16_224_classification,165,198,,1000,30,30,30,tilde,56,True,4.78790281064354,0.10132974859978905,0.3267424762762836,0.6000171677446193,4.88923255924333,5.114645286919824,5.815992203264233
ResNet50-PIRL_selfsupervised,crossvit_base_240_classification,165,336,,1000,30,30,30,tilde,56,True,4.88923255924333,0.0,0.5678772640641725,0.4875329537503754,4.88923255924333,5.457109823307502,5.944642777057878
ResNet50-PIRL_selfsupervised,deit_base_patch16_224_classification,165,205,,1000,30,30,30,tilde,56,True,4.88923255924333,0.0,0.5264810325217031,0.45521944864833763,4.88923255924333,5.415713591765033,5.87093304041337
ResNet50-PIRL_selfsupervised,dino_resnet50_selfsupervised,165,162,,1000,30,30,30,tilde,56,True,4.88923255924333,0.0,0.930077638558604,0.3330762429219831,4.88923255924333,5.819310197801934,6.152386440723917
ResNet50-PIRL_selfsupervised,dino_vitb16_selfsupervised,165,208,,1000,30,30,30,tilde,56,True,4.0593881207073625,0.8298444385359671,0.5199575358255109,0.645630634971992,4.88923255924333,4.579345656532873,6.0548207300408325
ResNet50-ClusterFit-16K-RotNet_selfsupervised,ResNet50-MoCoV2-BS256_selfsupervised,160,155,,1000,30,30,30,tilde,56,True,4.2302820268169,0.12712042932414214,0.8559354519343492,0.5236167197949824,4.357402456141041,5.086217478751248,5.7369546278703725
ResNet50-ClusterFit-16K-RotNet_selfsupervised,nf_resnet50_classification,160,141,,1000,30,30,30,tilde,56,True,3.886982242463361,0.47042021367767983,0.6596833463643703,0.5869243659688212,4.357402456141041,4.546665588827731,5.6040101684742325
ResNet50-ClusterFit-16K-RotNet_selfsupervised,hardcorenas_f_classification,160,294,,1000,30,30,30,tilde,56,True,4.038344082471975,0.31905837366906553,0.9565032127977116,0.6075188270509662,4.357402456141041,4.994847295269687,5.921424495989719
ResNet50-ClusterFit-16K-RotNet_selfsupervised,eca_nfnet_l0_classification,160,134,,1000,30,30,30,tilde,56,True,4.35740245614104,0.0,1.8563501255204171,0.45983394900943964,4.357402456141041,6.213752581661458,6.673586530670898
ResNet50-ClusterFit-16K-RotNet_selfsupervised,resnet50_classification,160,156,,1000,30,30,30,tilde,56,True,4.198471765439065,0.1589306907019763,0.9152479500544493,0.5454015971390316,4.357402456141041,5.113719715493514,5.818052003334522
ResNet50-ClusterFit-16K-RotNet_selfsupervised,semnasnet_100_classification,160,270,,1000,30,30,30,tilde,56,True,4.140912943166928,0.21648951297411312,0.8604279527413761,0.6395035685437307,4.357402456141041,5.001340895908304,5.857333977426148
ResNet50-ClusterFit-16K-RotNet_selfsupervised,cspresnet50_classification,160,320,,1000,30,30,30,tilde,56,True,4.200403577354607,0.1569988787864327,1.062302682122418,0.5925449322673773,4.357402456141041,5.262706259477026,6.012250070530836
ResNet50-ClusterFit-16K-RotNet_selfsupervised,mobilenetv3_large_100_classification,160,252,,1000,30,30,30,tilde,56,True,4.152815410582761,0.2045870455582799,1.1722766449155904,0.6204074758842042,4.357402456141041,5.325092055498351,6.1500865769408355
ResNet50-ClusterFit-16K-RotNet_selfsupervised,ghostnet_100_classification,160,290,,1000,30,30,30,tilde,56,True,4.111495326812532,0.24590712932850867,1.1515805703036888,0.6639116574957846,4.357402456141041,5.263075897116221,6.172894683940514
ResNet50-ClusterFit-16K-RotNet_selfsupervised,convnext_base_classification,160,273,,1000,30,30,30,tilde,56,True,4.357402456141042,0.0,1.5607523917539767,0.4592836364732227,4.357402456141041,5.918154847895018,6.37743848436824
ResNet50-ClusterFit-16K-RotNet_selfsupervised,xcit_nano_12_p8_224_classification,160,266,,1000,30,30,30,tilde,56,True,4.207225470995244,0.15017698514579614,0.9357602715827911,0.5102459213584174,4.357402456141041,5.142985742578036,5.803408649082249
ResNet50-ClusterFit-16K-RotNet_selfsupervised,xcit_nano_12_p16_224_classification,160,242,,1000,30,30,30,tilde,56,True,4.177067071718367,0.1803353844226745,0.8108435124811093,0.5546138234658509,4.357402456141041,4.987910584199476,5.722859792088001
ResNet50-ClusterFit-16K-RotNet_selfsupervised,swin_large_patch4_window7_224_classification,160,281,,1000,30,30,30,tilde,56,True,4.062450613941597,0.2949518421994437,1.331617547575016,0.6942055660091127,4.357402456141041,5.394068161516613,6.38322556972517
ResNet50-ClusterFit-16K-RotNet_selfsupervised,jx_nest_tiny_classification,160,148,,1000,30,30,30,tilde,56,True,4.357402456141041,0.0,1.3892248655836124,0.3488783209560884,4.357402456141041,5.746627321724653,6.095505642680742
ResNet50-ClusterFit-16K-RotNet_selfsupervised,pit_ti_224_classification,160,207,,1000,30,30,30,tilde,56,True,4.357402456141041,0.0,1.0311883064559861,0.4375506600458703,4.357402456141041,5.388590762597027,5.826141422642897
ResNet50-ClusterFit-16K-RotNet_selfsupervised,vit_base_patch32_224_classification,160,218,,1000,30,30,30,tilde,56,True,4.21588412800159,0.1415183281394512,0.8437310428351186,0.6238919047544318,4.357402456141041,5.059615170836708,5.825025403730591
ResNet50-ClusterFit-16K-RotNet_selfsupervised,vit_base_patch16_224_classification,160,197,,1000,30,30,30,tilde,56,True,4.323121503564204,0.03428095257683683,0.7999686956942869,0.529715759036363,4.357402456141041,5.123090199258491,5.687086910871691
ResNet50-ClusterFit-16K-RotNet_selfsupervised,tnt_s_patch16_224_classification,160,198,,1000,30,30,30,tilde,56,True,4.249911756817184,0.1074906993238578,0.8647335301026411,0.5734758135840785,4.357402456141041,5.114645286919824,5.7956117998277605
ResNet50-ClusterFit-16K-RotNet_selfsupervised,crossvit_base_240_classification,160,336,,1000,30,30,30,tilde,56,True,4.357402456141041,0.0,1.0997073671664612,0.42973612805816064,4.357402456141041,5.457109823307502,5.886845951365663
ResNet50-ClusterFit-16K-RotNet_selfsupervised,deit_base_patch16_224_classification,160,205,,1000,30,30,30,tilde,56,True,4.357402456141041,0.0,1.0583111356239918,0.42050321662260437,4.357402456141041,5.415713591765033,5.836216808387637
ResNet50-ClusterFit-16K-RotNet_selfsupervised,dino_resnet50_selfsupervised,160,162,,1000,30,30,30,tilde,56,True,4.357402456141041,0.0,1.4619077416608928,0.41706263412421496,4.357402456141041,5.819310197801934,6.236372831926149
ResNet50-ClusterFit-16K-RotNet_selfsupervised,dino_vitb16_selfsupervised,160,208,,1000,30,30,30,tilde,56,True,3.8650994408874393,0.49230301525360165,0.7142462156454341,0.5942060284330744,4.357402456141041,4.579345656532873,5.665854700219549
ResNet50-MoCoV2-BS256_selfsupervised,nf_resnet50_classification,155,141,,1000,30,30,30,tilde,56,True,4.3748569133346535,0.7113605654165847,0.171808675493077,0.4767522208615187,5.086217478751239,4.546665588827731,5.734778375105835
ResNet50-MoCoV2-BS256_selfsupervised,hardcorenas_f_classification,155,294,,1000,30,30,30,tilde,56,True,4.644685366805883,0.4415321119453566,0.35016192846380445,0.575221897536232,5.086217478751239,4.994847295269687,6.0116013047512755
ResNet50-MoCoV2-BS256_selfsupervised,eca_nfnet_l0_classification,155,134,,1000,30,30,30,tilde,56,True,5.086217478751239,0.0,1.127535102910219,0.40853787785464935,5.086217478751239,6.213752581661458,6.622290459516107
ResNet50-MoCoV2-BS256_selfsupervised,resnet50_classification,155,156,,1000,30,30,30,tilde,56,True,4.895739347130453,0.19047813162078686,0.21798036836306167,0.5412274909393204,5.086217478751239,5.113719715493514,5.845425338053621
ResNet50-MoCoV2-BS256_selfsupervised,semnasnet_100_classification,155,270,,1000,30,30,30,tilde,56,True,4.742726957624369,0.3434905211268706,0.2586139382839354,0.6917246695235919,5.086217478751239,5.001340895908304,6.036556086558766
ResNet50-MoCoV2-BS256_selfsupervised,cspresnet50_classification,155,320,,1000,30,30,30,tilde,56,True,4.887381286686025,0.1988361920652144,0.3753249727910015,0.5666604739163121,5.086217478751239,5.262706259477026,6.028202925458553
ResNet50-MoCoV2-BS256_selfsupervised,mobilenetv3_large_100_classification,155,252,,1000,30,30,30,tilde,56,True,4.823802881694349,0.26241459705688897,0.5012891738040013,0.6002595065619172,5.086217478751239,5.325092055498351,6.1877661591171575
ResNet50-MoCoV2-BS256_selfsupervised,ghostnet_100_classification,155,290,,1000,30,30,30,tilde,56,True,4.7915875165156985,0.2946299622355415,0.47148838060052345,0.6758748498162452,5.086217478751239,5.263075897116221,6.233580709168008
ResNet50-MoCoV2-BS256_selfsupervised,convnext_base_classification,155,273,,1000,30,30,30,tilde,56,True,5.086217478751239,0.0,0.8319373691437786,0.3745682129895682,5.086217478751239,5.918154847895018,6.292723060884586
ResNet50-MoCoV2-BS256_selfsupervised,xcit_nano_12_p8_224_classification,155,266,,1000,30,30,30,tilde,56,True,4.836306267736448,0.2499112110147914,0.3066794748415882,0.570790172030665,5.086217478751239,5.142985742578036,5.963687125623492
ResNet50-MoCoV2-BS256_selfsupervised,xcit_nano_12_p16_224_classification,155,242,,1000,30,30,30,tilde,56,True,4.778765535576826,0.3074519431744127,0.20914504862264938,0.5631125755035962,5.086217478751239,4.987910584199476,5.858475102877485
ResNet50-MoCoV2-BS256_selfsupervised,swin_large_patch4_window7_224_classification,155,281,,1000,30,30,30,tilde,56,True,4.729384737728388,0.35683274102285,0.6646834237882242,0.6287540726921472,5.086217478751239,5.394068161516613,6.3796549752316105
ResNet50-MoCoV2-BS256_selfsupervised,jx_nest_tiny_classification,155,148,,1000,30,30,30,tilde,56,True,5.08621747875124,0.0,0.6604098429734142,0.5039717782397393,5.086217478751239,5.746627321724653,6.250599099964393
ResNet50-MoCoV2-BS256_selfsupervised,pit_ti_224_classification,155,207,,1000,30,30,30,tilde,56,True,5.08621747875124,0.0,0.302373283845788,0.5003841858247577,5.086217478751239,5.388590762597027,5.888974948421785
ResNet50-MoCoV2-BS256_selfsupervised,vit_base_patch32_224_classification,155,218,,1000,30,30,30,tilde,56,True,4.806785243028456,0.2794322357227843,0.25282992780825353,0.5783224986603619,5.086217478751239,5.059615170836708,5.9173699052198545
ResNet50-MoCoV2-BS256_selfsupervised,vit_base_patch16_224_classification,155,197,,1000,30,30,30,tilde,56,True,4.874829744564909,0.21138773418632884,0.2482604546935807,0.5015485473470838,5.086217478751239,5.123090199258491,5.836026480791904
ResNet50-MoCoV2-BS256_selfsupervised,tnt_s_patch16_224_classification,155,198,,1000,30,30,30,tilde,56,True,4.852686238814132,0.23353123993710678,0.2619590481056919,0.5603860791421553,5.086217478751239,5.114645286919824,5.908562605999086
ResNet50-MoCoV2-BS256_selfsupervised,crossvit_base_240_classification,155,336,,1000,30,30,30,tilde,56,True,5.028905036492611,0.057312442258629304,0.4282047868148924,0.5765511782798409,5.086217478751239,5.457109823307502,6.090973443845972
ResNet50-MoCoV2-BS256_selfsupervised,deit_base_patch16_224_classification,155,205,,1000,30,30,30,tilde,56,True,5.0144570883444555,0.07176039040678273,0.4012565034205764,0.5453746601423619,5.086217478751239,5.415713591765033,6.032848642314177
ResNet50-MoCoV2-BS256_selfsupervised,dino_resnet50_selfsupervised,155,162,,1000,30,30,30,tilde,56,True,5.08621747875124,0.0,0.7330927190506946,0.2745870330574425,5.086217478751239,5.819310197801934,6.093897230859376
ResNet50-MoCoV2-BS256_selfsupervised,dino_vitb16_selfsupervised,155,208,,1000,30,30,30,tilde,56,True,3.973529791730967,1.1126876870202729,0.6058158648019072,0.6508457474153717,5.086217478751239,4.579345656532873,6.342879090968518
nf_resnet50_classification,hardcorenas_f_classification,141,294,,1000,30,30,30,tilde,56,True,4.287884247208175,0.2587813416195619,0.7069630480615121,0.5462817008721972,4.546665588827737,4.994847295269687,5.799910337761446
nf_resnet50_classification,eca_nfnet_l0_classification,141,134,,1000,30,30,30,tilde,56,True,4.546665588827738,0.0,1.6670869928337213,0.3439367274088747,4.546665588827737,6.213752581661458,6.557689309070333
nf_resnet50_classification,resnet50_classification,141,156,,1000,30,30,30,tilde,56,True,4.543443847100513,0.0032217417272235593,0.5702758683930007,0.5282104022452971,4.546665588827737,5.113719715493514,5.645151859466035
nf_resnet50_classification,semnasnet_100_classification,141,270,,1000,30,30,30,tilde,56,True,4.465775817897388,0.08088977093034888,0.535565078010916,0.6170591133972803,4.546665588827737,5.001340895908304,5.699289780235933
nf_resnet50_classification,cspresnet50_classification,141,320,,1000,30,30,30,tilde,56,True,4.546665588827738,0.0,0.7160406706492894,0.4982223531766863,4.546665588827737,5.262706259477026,5.7609286126537125
nf_resnet50_classification,mobilenetv3_large_100_classification,141,252,,1000,30,30,30,tilde,56,True,4.546665588827737,0.0,0.7784264666706147,0.5608467136243496,4.546665588827737,5.325092055498351,5.885938769122701
nf_resnet50_classification,ghostnet_100_classification,141,290,,1000,30,30,30,tilde,56,True,4.462247987233158,0.08441760159457878,0.8008279098830631,0.6222422578569153,4.546665588827737,5.263075897116221,5.969735756567715
nf_resnet50_classification,convnext_base_classification,141,273,,1000,30,30,30,tilde,56,True,4.546665588827736,0.0,1.371489259067281,0.41448435943993367,4.546665588827737,5.918154847895018,6.332639207334951
nf_resnet50_classification,xcit_nano_12_p8_224_classification,141,266,,1000,30,30,30,tilde,56,True,4.419854793860913,0.12681079496682468,0.7231309487171238,0.6065129193219736,4.546665588827737,5.142985742578036,5.876309456866834
nf_resnet50_classification,xcit_nano_12_p16_224_classification,141,242,,1000,30,30,30,tilde,56,True,4.289789911282149,0.2568756775455867,0.6981206729173257,0.6189340747026595,4.546665588827737,4.987910584199476,5.863720336447722
nf_resnet50_classification,swin_large_patch4_window7_224_classification,141,281,,1000,30,30,30,tilde,56,True,4.466891715601729,0.07977387322600737,0.9271764459148839,0.5484919197166418,4.546665588827737,5.394068161516613,6.0223339544592625
nf_resnet50_classification,jx_nest_tiny_classification,141,148,,1000,30,30,30,tilde,56,True,4.546665588827737,0.0,1.1999617328969165,0.5462417601511662,4.546665588827737,5.746627321724653,6.2928690818758195
nf_resnet50_classification,pit_ti_224_classification,141,207,,1000,30,30,30,tilde,56,True,4.452869496515287,0.09379609231244945,0.9357212660817398,0.5475749269615973,4.546665588827737,5.388590762597027,6.029961781871074
nf_resnet50_classification,vit_base_patch32_224_classification,141,218,,1000,30,30,30,tilde,56,True,4.447042618219832,0.09962297060790437,0.6125725526168759,0.5828662024975637,4.546665588827737,5.059615170836708,5.742104343942176
nf_resnet50_classification,vit_base_patch16_224_classification,141,197,,1000,30,30,30,tilde,56,True,4.433393386985482,0.11327220184225517,0.6896968122730094,0.5949938501905683,4.546665588827737,5.123090199258491,5.831356251291314
nf_resnet50_classification,tnt_s_patch16_224_classification,141,198,,1000,30,30,30,tilde,56,True,4.439743344319614,0.10692224450812216,0.6749019426002096,0.5747714400787425,4.546665588827737,5.114645286919824,5.796338971506689
nf_resnet50_classification,crossvit_base_240_classification,141,336,,1000,30,30,30,tilde,56,True,4.546665588827737,0.0,0.9104442344797654,0.5362949221947586,4.546665588827737,5.457109823307502,5.993404745502261
nf_resnet50_classification,deit_base_patch16_224_classification,141,205,,1000,30,30,30,tilde,56,True,4.511897304140422,0.03476828468731519,0.9038162876246112,0.5574241019912938,4.546665588827737,5.415713591765033,6.007905978443642
nf_resnet50_classification,dino_resnet50_selfsupervised,141,162,,1000,30,30,30,tilde,56,True,4.546665588827737,0.0,1.272644608974197,0.4627266978653486,4.546665588827737,5.819310197801934,6.282036895667282
nf_resnet50_classification,dino_vitb16_selfsupervised,141,208,,1000,30,30,30,tilde,56,True,3.9564740350787435,0.5901915537489932,0.6228716214541299,0.6552976040759546,4.546665588827737,4.579345656532873,5.824834814357821
hardcorenas_f_classification,eca_nfnet_l0_classification,294,134,,1000,30,30,30,tilde,56,True,4.994847295269677,0.0,1.21890528639178,0.2910309363827208,4.994847295269678,6.213752581661458,6.504783518044179
hardcorenas_f_classification,resnet50_classification,294,156,,1000,30,30,30,tilde,56,True,4.740286704014642,0.2545605912550357,0.37343301147887153,0.5891366897338681,4.994847295269678,5.113719715493514,5.957416996482418
hardcorenas_f_classification,semnasnet_100_classification,294,270,,1000,30,30,30,tilde,56,True,4.791607927832095,0.20323936743758342,0.20973296807620923,0.553603511976716,4.994847295269678,5.001340895908304,5.758183775322603
hardcorenas_f_classification,cspresnet50_classification,294,320,,1000,30,30,30,tilde,56,True,4.709043980247274,0.2858033150224033,0.5536622792297514,0.6146414245296166,4.994847295269678,5.262706259477026,6.163150999029046
hardcorenas_f_classification,mobilenetv3_large_100_classification,294,252,,1000,30,30,30,tilde,56,True,4.954172406447811,0.04067488882186687,0.3709196490505402,0.5527931384403786,4.994847295269678,5.325092055498351,5.918560082760597
hardcorenas_f_classification,ghostnet_100_classification,294,290,,1000,30,30,30,tilde,56,True,4.928291397520583,0.06655589774909476,0.3347844995956377,0.6182828273630898,4.994847295269678,5.263075897116221,5.947914622228406
hardcorenas_f_classification,convnext_base_classification,294,273,,1000,30,30,30,tilde,56,True,4.991849402928063,0.002997892341616293,0.9263054449669559,0.5762796641974663,4.994847295269678,5.918154847895018,6.4974324044341
hardcorenas_f_classification,xcit_nano_12_p8_224_classification,294,266,,1000,30,30,30,tilde,56,True,4.670927088213277,0.3239202070563998,0.4720586543647576,0.6146156651922139,4.994847295269678,5.142985742578036,6.0815216148266495
hardcorenas_f_classification,xcit_nano_12_p16_224_classification,294,242,,1000,30,30,30,tilde,56,True,4.64393362942131,0.3509136658483687,0.34397695477816637,0.6505769014077334,4.994847295269678,4.987910584199476,5.989401151455578
hardcorenas_f_classification,swin_large_patch4_window7_224_classification,294,281,,1000,30,30,30,tilde,56,True,4.776179140820432,0.21866815444924637,0.6178890206961816,0.5970134461660868,4.994847295269678,5.394068161516613,6.209749762131946
hardcorenas_f_classification,jx_nest_tiny_classification,294,148,,1000,30,30,30,tilde,56,True,4.902856882393863,0.09199041287581533,0.8437704393307905,0.5533173651499226,4.994847295269678,5.746627321724653,6.391935099750391
hardcorenas_f_classification,pit_ti_224_classification,294,207,,1000,30,30,30,tilde,56,True,4.8709710338373515,0.12387626143232655,0.5176197287596755,0.5751319170814586,4.994847295269678,5.388590762597027,6.087598941110812
hardcorenas_f_classification,vit_base_patch32_224_classification,294,218,,1000,30,30,30,tilde,56,True,4.646637616332443,0.3482096789372351,0.4129775545042653,0.5616777941561635,4.994847295269678,5.059615170836708,5.969502643930107
hardcorenas_f_classification,vit_base_patch16_224_classification,294,197,,1000,30,30,30,tilde,56,True,4.6609057757134105,0.3339415195562676,0.4621844235450805,0.5836878718602128,4.994847295269678,5.123090199258491,6.040719590674971
hardcorenas_f_classification,tnt_s_patch16_224_classification,294,198,,1000,30,30,30,tilde,56,True,4.73327032272972,0.2615769725399586,0.38137496419010475,0.5706338072088419,4.994847295269678,5.114645286919824,5.946856066668625
hardcorenas_f_classification,crossvit_base_240_classification,294,336,,1000,30,30,30,tilde,56,True,4.836805820850056,0.15804147441962169,0.6203040024574458,0.5818481160613871,4.994847295269678,5.457109823307502,6.196999413788511
hardcorenas_f_classification,deit_base_patch16_224_classification,294,205,,1000,30,30,30,tilde,56,True,4.800623818786347,0.19422347648333105,0.6150897729786857,0.5636818603648566,4.994847295269678,5.415713591765033,6.17361892861322
hardcorenas_f_classification,dino_resnet50_selfsupervised,294,162,,1000,30,30,30,tilde,56,True,4.994847295269678,0.0,0.8244629025322556,0.5099763197586755,4.994847295269678,5.819310197801934,6.329286517560609
hardcorenas_f_classification,dino_vitb16_selfsupervised,294,208,,1000,30,30,30,tilde,56,True,3.8503962608967823,1.1444510343728957,0.7289493956360911,0.6979491134243965,4.994847295269678,4.579345656532873,6.421745804330166
eca_nfnet_l0_classification,resnet50_classification,134,156,,1000,30,30,30,tilde,56,True,5.113719715493514,1.1000328661679433,0.0,0.39588368701179455,6.213752581661457,5.113719715493514,6.609636268673252
eca_nfnet_l0_classification,semnasnet_100_classification,134,270,,1000,30,30,30,tilde,56,True,5.001340895908304,1.2124116857531533,0.0,0.3577275881294275,6.213752581661457,5.001340895908304,6.571480169790885
eca_nfnet_l0_classification,cspresnet50_classification,134,320,,1000,30,30,30,tilde,56,True,5.262706259477027,0.951046322184431,0.0,0.5874782832874361,6.213752581661457,5.262706259477026,6.801230864948893
eca_nfnet_l0_classification,mobilenetv3_large_100_classification,134,252,,1000,30,30,30,tilde,56,True,5.325092055498351,0.8886605261631058,0.0,0.3834263465299941,6.213752581661457,5.325092055498351,6.597178928191451
eca_nfnet_l0_classification,ghostnet_100_classification,134,290,,1000,30,30,30,tilde,56,True,5.263075897116221,0.9506766845452361,0.0,0.5151646939616965,6.213752581661457,5.263075897116221,6.728917275623154
eca_nfnet_l0_classification,convnext_base_classification,134,273,,1000,30,30,30,tilde,56,True,5.70184510608644,0.5119074755750166,0.2163097418085771,0.5868653809923856,6.213752581661457,5.918154847895018,7.01692770446242
eca_nfnet_l0_classification,xcit_nano_12_p8_224_classification,134,266,,1000,30,30,30,tilde,56,True,5.142985742578037,1.0707668390834213,0.0,0.5767189384649418,6.213752581661457,5.142985742578036,6.790471520126399
eca_nfnet_l0_classification,xcit_nano_12_p16_224_classification,134,242,,1000,30,30,30,tilde,56,True,4.987910584199475,1.2258419974619814,0.0,0.5583067475677455,6.213752581661457,4.987910584199476,6.772059329229203
eca_nfnet_l0_classification,swin_large_patch4_window7_224_classification,134,281,,1000,30,30,30,tilde,56,True,5.371169100090384,0.8425834815710731,0.022899061426229217,0.6133747752925629,6.213752581661457,5.394068161516613,6.850026418380249
eca_nfnet_l0_classification,jx_nest_tiny_classification,134,148,,1000,30,30,30,tilde,56,True,5.607369858247894,0.6063827234135628,0.13925746347675894,0.5723919822824133,6.213752581661457,5.746627321724653,6.925402027420629
eca_nfnet_l0_classification,pit_ti_224_classification,134,207,,1000,30,30,30,tilde,56,True,5.388590762597027,0.8251618190644301,0.0,0.48594813951352567,6.213752581661457,5.388590762597027,6.699700721174983
eca_nfnet_l0_classification,vit_base_patch32_224_classification,134,218,,1000,30,30,30,tilde,56,True,5.059615170836708,1.1541374108247489,0.0,0.49569646124794975,6.213752581661457,5.059615170836708,6.709449042909407
eca_nfnet_l0_classification,vit_base_patch16_224_classification,134,197,,1000,30,30,30,tilde,56,True,5.123090199258491,1.0906623824029662,0.0,0.5435508802529503,6.213752581661457,5.123090199258491,6.7573034619144074
eca_nfnet_l0_classification,tnt_s_patch16_224_classification,134,198,,1000,30,30,30,tilde,56,True,5.114645286919823,1.099107294741633,0.0,0.46229806944545704,6.213752581661457,5.114645286919824,6.676050651106914
eca_nfnet_l0_classification,crossvit_base_240_classification,134,336,,1000,30,30,30,tilde,56,True,5.417893892732446,0.7958586889290116,0.03921593057505657,0.6090728236714487,6.213752581661457,5.457109823307502,6.862041335907962
eca_nfnet_l0_classification,deit_base_patch16_224_classification,134,205,,1000,30,30,30,tilde,56,True,5.415713591765033,0.7980389898964244,0.0,0.5816754489460658,6.213752581661457,5.415713591765033,6.795428030607523
eca_nfnet_l0_classification,dino_resnet50_selfsupervised,134,162,,1000,30,30,30,tilde,56,True,5.819310197801934,0.39444238385952346,0.0,0.5527043106032616,6.213752581661457,5.819310197801934,6.766456892264719
eca_nfnet_l0_classification,dino_vitb16_selfsupervised,134,208,,1000,30,30,30,tilde,56,True,4.4207702283952965,1.7929823532661606,0.15857542813757686,0.6519545223554335,6.213752581661457,4.579345656532873,7.0242825321544675
resnet50_classification,semnasnet_100_classification,156,270,,1000,30,30,30,tilde,56,True,4.914578122388104,0.1991415931054119,0.08676277352020012,0.6130509233795642,5.113719715493516,5.001340895908304,5.81353341239328
resnet50_classification,cspresnet50_classification,156,320,,1000,30,30,30,tilde,56,True,5.1070411413497885,0.006678574143726301,0.15566511812723682,0.5588758997605652,5.113719715493516,5.262706259477026,5.828260733381318
resnet50_classification,mobilenetv3_large_100_classification,156,252,,1000,30,30,30,tilde,56,True,4.994809942788058,0.11890977270545733,0.33028211271029306,0.6086867946379524,5.113719715493516,5.325092055498351,6.052688622841761
resnet50_classification,ghostnet_100_classification,156,290,,1000,30,30,30,tilde,56,True,4.938969808320734,0.1747499071727816,0.32410608879548697,0.6175569539464503,5.113719715493516,5.263075897116221,6.055382758235453
resnet50_classification,convnext_base_classification,156,273,,1000,30,30,30,tilde,56,True,5.113719715493517,0.0,0.804435132401502,0.44769615665982787,5.113719715493516,5.918154847895018,6.3658510045548455
resnet50_classification,xcit_nano_12_p8_224_classification,156,266,,1000,30,30,30,tilde,56,True,4.8397928196517865,0.27392689584172825,0.30319292292624844,0.5880571615481403,5.113719715493516,5.142985742578036,6.004969799967904
resnet50_classification,xcit_nano_12_p16_224_classification,156,242,,1000,30,30,30,tilde,56,True,4.7832825897830595,0.330437125710457,0.2046279944164171,0.633999003398392,5.113719715493516,4.987910584199476,5.952346713308325
resnet50_classification,swin_large_patch4_window7_224_classification,156,281,,1000,30,30,30,tilde,56,True,4.821145630307327,0.2925740851861889,0.5729225312092865,0.6634010000620076,5.113719715493516,5.394068161516613,6.35004324676481
resnet50_classification,jx_nest_tiny_classification,156,148,,1000,30,30,30,tilde,56,True,5.113719715493516,0.0,0.6329076062311376,0.5131114558858538,5.113719715493516,5.746627321724653,6.259738777610507
resnet50_classification,pit_ti_224_classification,156,207,,1000,30,30,30,tilde,56,True,5.030660411811927,0.08305930368158876,0.35793035078510016,0.5100218912291341,5.113719715493516,5.388590762597027,5.98167195750775
resnet50_classification,vit_base_patch32_224_classification,156,218,,1000,30,30,30,tilde,56,True,4.886905445918265,0.22681426957525108,0.17270972491844372,0.5754455433634744,5.113719715493516,5.059615170836708,5.861874983775434
resnet50_classification,vit_base_patch16_224_classification,156,197,,1000,30,30,30,tilde,56,True,4.88737997152664,0.22633974396687595,0.23571022773185124,0.57093499335675,5.113719715493516,5.123090199258491,5.920364936582117
resnet50_classification,tnt_s_patch16_224_classification,156,198,,1000,30,30,30,tilde,56,True,4.8509250169080085,0.2627946985855081,0.26372027001181664,0.5637411428874604,5.113719715493516,5.114645286919824,5.941181128392793
resnet50_classification,crossvit_base_240_classification,156,336,,1000,30,30,30,tilde,56,True,5.031615183913655,0.08210453157986031,0.4254946393938468,0.5870040620310251,5.113719715493516,5.457109823307502,6.1262184169183875
resnet50_classification,deit_base_patch16_224_classification,156,205,,1000,30,30,30,tilde,56,True,5.02323278516759,0.09048693032592592,0.392480806597443,0.5566319343842343,5.113719715493516,5.415713591765033,6.062832456475193
resnet50_classification,dino_resnet50_selfsupervised,156,162,,1000,30,30,30,tilde,56,True,5.113719715493516,0.0,0.705590482308418,0.29829666698901924,5.113719715493516,5.819310197801934,6.117606864790953
resnet50_classification,dino_vitb16_selfsupervised,156,208,,1000,30,30,30,tilde,56,True,4.176668972208863,0.9370507432846527,0.4026766843240104,0.7319348555221339,5.113719715493516,4.579345656532873,6.24833125533966
semnasnet_100_classification,cspresnet50_classification,270,320,,1000,30,30,30,tilde,56,True,4.964836644981754,0.03650425092655052,0.2978696144952728,0.6537698508539966,5.001340895908304,5.262706259477026,5.952980361257573
semnasnet_100_classification,mobilenetv3_large_100_classification,270,252,,1000,30,30,30,tilde,56,True,5.001340895908304,0.0,0.3237511595900475,0.5210578457327353,5.001340895908304,5.325092055498351,5.846149901231087
semnasnet_100_classification,ghostnet_100_classification,270,290,,1000,30,30,30,tilde,56,True,4.9041983150913655,0.09714258081693838,0.35887758202485553,0.6160284393904583,5.001340895908304,5.263075897116221,5.976246917323618
semnasnet_100_classification,convnext_base_classification,270,273,,1000,30,30,30,tilde,56,True,5.001340895908303,0.0,0.9168139519867138,0.464556800722443,5.001340895908304,5.918154847895018,6.382711648617461
semnasnet_100_classification,xcit_nano_12_p8_224_classification,270,266,,1000,30,30,30,tilde,56,True,4.750403091572128,0.25093780433617674,0.3925826510059087,0.6430426539122456,5.001340895908304,5.142985742578036,6.036966200826458
semnasnet_100_classification,xcit_nano_12_p16_224_classification,270,242,,1000,30,30,30,tilde,56,True,4.662374675832861,0.3389662200754424,0.3255359083666143,0.7039251470315886,5.001340895908304,4.987910584199476,6.030801951306507
semnasnet_100_classification,swin_large_patch4_window7_224_classification,270,281,,1000,30,30,30,tilde,56,True,4.8982880384153225,0.10305285749298143,0.4957801231012908,0.5541314909361921,5.001340895908304,5.394068161516613,6.051252509945787
semnasnet_100_classification,jx_nest_tiny_classification,270,148,,1000,30,30,30,tilde,56,True,5.001340895908304,0.0,0.7452864258163494,0.560943921978776,5.001340895908304,5.746627321724653,6.307571243703429
semnasnet_100_classification,pit_ti_224_classification,270,207,,1000,30,30,30,tilde,56,True,4.941658957863895,0.05968193804440869,0.4469318047331319,0.642507626241331,5.001340895908304,5.388590762597027,6.090780326882767
semnasnet_100_classification,vit_base_patch32_224_classification,270,218,,1000,30,30,30,tilde,56,True,4.828010349061873,0.17333054684643123,0.23160482177483566,0.6118013343064534,5.001340895908304,5.059615170836708,5.844747051989593
semnasnet_100_classification,vit_base_patch16_224_classification,270,197,,1000,30,30,30,tilde,56,True,4.803252122568874,0.1980887733394301,0.31983807668961717,0.601805341745556,5.001340895908304,5.123090199258491,5.922984314343477
semnasnet_100_classification,tnt_s_patch16_224_classification,270,198,,1000,30,30,30,tilde,56,True,4.847940698381969,0.15340019752633438,0.2667045885378547,0.5796238323277514,5.001340895908304,5.114645286919824,5.84766931677391
semnasnet_100_classification,crossvit_base_240_classification,270,336,,1000,30,30,30,tilde,56,True,5.001340895908304,0.0,0.4557689273991983,0.5157934176684726,5.001340895908304,5.457109823307502,5.972903240975975
semnasnet_100_classification,deit_base_patch16_224_classification,270,205,,1000,30,30,30,tilde,56,True,4.977264160306079,0.024076735602224453,0.4384494314589533,0.5781064172077084,5.001340895908304,5.415713591765033,6.017896744574966
semnasnet_100_classification,dino_resnet50_selfsupervised,270,162,,1000,30,30,30,tilde,56,True,5.001340895908304,0.0,0.8179693018936298,0.5391013997648342,5.001340895908304,5.819310197801934,6.358411597566768
semnasnet_100_classification,dino_vitb16_selfsupervised,270,208,,1000,30,30,30,tilde,56,True,4.193735297749824,0.8076055981584798,0.3856103587830493,0.6239765490891953,5.001340895908304,4.579345656532873,6.0109278037805485
cspresnet50_classification,mobilenetv3_large_100_classification,320,252,,1000,30,30,30,tilde,56,True,5.037917019210358,0.2247892402666709,0.28717503628799257,0.608425541553336,5.26270625947703,5.325092055498351,6.158306837318358
cspresnet50_classification,ghostnet_100_classification,320,290,,1000,30,30,30,tilde,56,True,4.925789463992402,0.33691679548462883,0.3372864331238201,0.6483360376497806,5.26270625947703,5.263075897116221,6.2483287302506305
cspresnet50_classification,convnext_base_classification,320,273,,1000,30,30,30,tilde,56,True,5.26270625947703,0.0,0.6554485884179879,0.4425647359530709,5.26270625947703,5.918154847895018,6.3607195838480886
cspresnet50_classification,xcit_nano_12_p8_224_classification,320,266,,1000,30,30,30,tilde,56,True,4.835572446121004,0.4271338133560256,0.30741329645703175,0.5704671709955287,5.26270625947703,5.142985742578036,6.14058672692959
cspresnet50_classification,xcit_nano_12_p16_224_classification,320,242,,1000,30,30,30,tilde,56,True,4.731135076787145,0.531571182689885,0.256775507412331,0.6504656745839048,5.26270625947703,4.987910584199476,6.169947441473266
cspresnet50_classification,swin_large_patch4_window7_224_classification,320,281,,1000,30,30,30,tilde,56,True,4.899719452997352,0.36298680647967707,0.4943487085192606,0.5972353261086223,5.26270625947703,5.394068161516613,6.354290294104913
cspresnet50_classification,jx_nest_tiny_classification,320,148,,1000,30,30,30,tilde,56,True,5.188465015870084,0.07424124360694684,0.5581623058545704,0.5835672058416153,5.26270625947703,5.746627321724653,6.404435771173215
cspresnet50_classification,pit_ti_224_classification,320,207,,1000,30,30,30,tilde,56,True,5.007431494857406,0.2552747646196245,0.38115926773962183,0.5562205380777403,5.26270625947703,5.388590762597027,6.200086065294392
cspresnet50_classification,vit_base_patch32_224_classification,320,218,,1000,30,30,30,tilde,56,True,4.9502409264601175,0.31246533301691315,0.10937424437659171,0.5747085364032651,5.26270625947703,5.059615170836708,5.946789040256887
cspresnet50_classification,vit_base_patch16_224_classification,320,197,,1000,30,30,30,tilde,56,True,4.952150925048161,0.3105553344288676,0.17093927421032884,0.5733950497331026,5.26270625947703,5.123090199258491,6.007040583420461
cspresnet50_classification,tnt_s_patch16_224_classification,320,198,,1000,30,30,30,tilde,56,True,4.907335479474431,0.35537078000259914,0.20730980744539362,0.5450229236475401,5.26270625947703,5.114645286919824,6.0150389905699635
cspresnet50_classification,crossvit_base_240_classification,320,336,,1000,30,30,30,tilde,56,True,5.082940770651137,0.17976548882589327,0.3741690526563657,0.5524816634504042,5.26270625947703,5.457109823307502,6.1893569755838
cspresnet50_classification,deit_base_patch16_224_classification,320,205,,1000,30,30,30,tilde,56,True,5.0635057003891015,0.19920055908792733,0.35220789137593034,0.5671522282468038,5.26270625947703,5.415713591765033,6.182066379099764
cspresnet50_classification,dino_resnet50_selfsupervised,320,162,,1000,30,30,30,tilde,56,True,5.262706259477031,0.0,0.556603938324904,0.574782417039871,5.26270625947703,5.819310197801934,6.394092614841805
cspresnet50_classification,dino_vitb16_selfsupervised,320,208,,1000,30,30,30,tilde,56,True,4.345940592369243,0.9167656671077875,0.23340506416363116,0.6413634752040496,5.26270625947703,4.579345656532873,6.1374747988447105
mobilenetv3_large_100_classification,ghostnet_100_classification,252,290,,1000,30,30,30,tilde,56,True,5.24609820240445,0.07899385309389828,0.016977694711770575,0.5311211943753955,5.325092055498349,5.263075897116221,5.873190944585515
mobilenetv3_large_100_classification,convnext_base_classification,252,273,,1000,30,30,30,tilde,56,True,5.271683907333585,0.053408148164764135,0.6464709405614331,0.6315485061996391,5.325092055498349,5.918154847895018,6.603111502259421
mobilenetv3_large_100_classification,xcit_nano_12_p8_224_classification,252,266,,1000,30,30,30,tilde,56,True,4.811781091404195,0.5133109640941536,0.3312046511738407,0.6382346105945063,5.325092055498349,5.142985742578036,6.294531317266696
mobilenetv3_large_100_classification,xcit_nano_12_p16_224_classification,252,242,,1000,30,30,30,tilde,56,True,4.710576131125285,0.6145159243730633,0.27733445307419036,0.6537288874215692,5.325092055498349,4.987910584199476,6.256155395994108
mobilenetv3_large_100_classification,swin_large_patch4_window7_224_classification,252,281,,1000,30,30,30,tilde,56,True,4.977658032398455,0.34743402309989424,0.4164101291181588,0.6067157737117368,5.325092055498349,5.394068161516613,6.348217958328244
mobilenetv3_large_100_classification,jx_nest_tiny_classification,252,148,,1000,30,30,30,tilde,56,True,5.1355211713623605,0.18957088413598733,0.6111061503622919,0.5988604693636255,5.325092055498349,5.746627321724653,6.535058675224266
mobilenetv3_large_100_classification,pit_ti_224_classification,252,207,,1000,30,30,30,tilde,56,True,5.000053824627315,0.3250382308710327,0.388536937969711,0.5929971969820311,5.325092055498349,5.388590762597027,6.306626190450091
mobilenetv3_large_100_classification,vit_base_patch32_224_classification,252,218,,1000,30,30,30,tilde,56,True,4.867437949564352,0.4576541059339956,0.19217722127235515,0.5952613147190835,5.325092055498349,5.059615170836708,6.112530591489787
mobilenetv3_large_100_classification,vit_base_patch16_224_classification,252,197,,1000,30,30,30,tilde,56,True,4.826443590793006,0.49864846470534374,0.29664660846548596,0.6488804739838736,5.325092055498349,5.123090199258491,6.270619137947708
mobilenetv3_large_100_classification,tnt_s_patch16_224_classification,252,198,,1000,30,30,30,tilde,56,True,4.875120898384562,0.44997115711378655,0.23952438853526203,0.5855231252377822,5.325092055498349,5.114645286919824,6.150139569271393
mobilenetv3_large_100_classification,crossvit_base_240_classification,252,336,,1000,30,30,30,tilde,56,True,5.032290750990626,0.292801304507722,0.42481907231687543,0.6016549553852979,5.325092055498349,5.457109823307502,6.351566083200522
mobilenetv3_large_100_classification,deit_base_patch16_224_classification,252,205,,1000,30,30,30,tilde,56,True,5.003021850659889,0.32207020483846094,0.41269174110514495,0.629413312910029,5.325092055498349,5.415713591765033,6.367197109513523
mobilenetv3_large_100_classification,dino_resnet50_selfsupervised,252,162,,1000,30,30,30,tilde,56,True,5.325092055498348,0.0,0.49421814230358496,0.5948491623757128,5.325092055498349,5.819310197801934,6.4141593601776465
mobilenetv3_large_100_classification,dino_vitb16_selfsupervised,252,208,,1000,30,30,30,tilde,56,True,4.203542128122346,1.1215499273760017,0.37580352841052633,0.6240744621846721,5.325092055498349,4.579345656532873,6.324970046093547
ghostnet_100_classification,convnext_base_classification,290,273,,1000,30,30,30,tilde,56,True,5.164901080326296,0.09817481678992568,0.7532537675687214,0.6544980930647837,5.263075897116222,5.918154847895018,6.670827757749727
ghostnet_100_classification,xcit_nano_12_p8_224_classification,290,266,,1000,30,30,30,tilde,56,True,4.785660289246743,0.4774156078694789,0.35732545333129284,0.681123513386992,5.263075897116222,5.142985742578036,6.301524863834507
ghostnet_100_classification,xcit_nano_12_p16_224_classification,290,242,,1000,30,30,30,tilde,56,True,4.722678058459108,0.540397838657114,0.2652325257403678,0.6582730521500224,5.263075897116222,4.987910584199476,6.186581475006612
ghostnet_100_classification,swin_large_patch4_window7_224_classification,290,281,,1000,30,30,30,tilde,56,True,4.884125030013087,0.37895086710313386,0.5099431315035252,0.6016789287140982,5.263075897116222,5.394068161516613,6.374697957333845
ghostnet_100_classification,jx_nest_tiny_classification,290,148,,1000,30,30,30,tilde,56,True,5.076933301100395,0.18614259601582805,0.6696940206242594,0.6068553150757445,5.263075897116222,5.746627321724653,6.539625232816226
ghostnet_100_classification,pit_ti_224_classification,290,207,,1000,30,30,30,tilde,56,True,4.960718643056999,0.3023572540592241,0.42787211954002924,0.6256401623653067,5.263075897116222,5.388590762597027,6.316588179021558
ghostnet_100_classification,vit_base_patch32_224_classification,290,218,,1000,30,30,30,tilde,56,True,4.798280984489187,0.46479491262703565,0.26133418634752204,0.6039219817092176,5.263075897116222,5.059615170836708,6.128332065172962
ghostnet_100_classification,vit_base_patch16_224_classification,290,197,,1000,30,30,30,tilde,56,True,4.793084067058052,0.46999183005816914,0.3300061322004382,0.6482804485929359,5.263075897116222,5.123090199258491,6.241362477909596
ghostnet_100_classification,tnt_s_patch16_224_classification,290,198,,1000,30,30,30,tilde,56,True,4.806495538426167,0.4565803586900552,0.3081497484936575,0.6274227698204564,5.263075897116222,5.114645286919824,6.198648415430336
ghostnet_100_classification,crossvit_base_240_classification,290,336,,1000,30,30,30,tilde,56,True,4.957686729967832,0.30538916714839104,0.4994230933396713,0.6457573363061266,5.263075897116222,5.457109823307502,6.40825632676202
ghostnet_100_classification,deit_base_patch16_224_classification,290,205,,1000,30,30,30,tilde,56,True,4.956202771068293,0.30687312604792805,0.4595108206967389,0.6670518596117061,5.263075897116222,5.415713591765033,6.389638577424667
ghostnet_100_classification,dino_resnet50_selfsupervised,290,162,,1000,30,30,30,tilde,56,True,5.26266346620932,0.0004124309069029053,0.5566467315926147,0.6306449342130387,5.263075897116222,5.819310197801934,6.450367562921875
ghostnet_100_classification,dino_vitb16_selfsupervised,290,208,,1000,30,30,30,tilde,56,True,4.127517995848464,1.1355579012677586,0.45182766068441005,0.6929973351895908,5.263075897116222,4.579345656532873,6.407900892990223
convnext_base_classification,xcit_nano_12_p8_224_classification,273,266,,1000,30,30,30,tilde,56,True,5.13948278281862,0.7786720650763979,0.0035029597594160578,0.5875962182229975,5.918154847895018,5.142985742578036,6.509254025877431
convnext_base_classification,xcit_nano_12_p16_224_classification,273,242,,1000,30,30,30,tilde,56,True,4.987910584199476,0.9302442636955419,0.0,0.5474557954007757,5.918154847895018,4.987910584199476,6.465610643295793
convnext_base_classification,swin_large_patch4_window7_224_classification,273,281,,1000,30,30,30,tilde,56,True,5.153132142365431,0.7650227055295877,0.24093601915118334,0.6152251029832758,5.918154847895018,5.394068161516613,6.774315970029477
convnext_base_classification,jx_nest_tiny_classification,273,148,,1000,30,30,30,tilde,56,True,5.663621351309705,0.2545334965853119,0.0830059704149475,0.5258632915466741,5.918154847895018,5.746627321724653,6.527024109856639
convnext_base_classification,pit_ti_224_classification,273,207,,1000,30,30,30,tilde,56,True,5.388590762597026,0.5295640852979906,0.0,0.4973291330887992,5.918154847895018,5.388590762597027,6.415483980983817
convnext_base_classification,vit_base_patch32_224_classification,273,218,,1000,30,30,30,tilde,56,True,5.059615170836707,0.8585396770583094,0.0,0.41093708450449995,5.918154847895018,5.059615170836708,6.329091932399518
convnext_base_classification,vit_base_patch16_224_classification,273,197,,1000,30,30,30,tilde,56,True,5.123090199258492,0.7950646486365267,0.0,0.4035252118417887,5.918154847895018,5.123090199258491,6.321680059736806
convnext_base_classification,tnt_s_patch16_224_classification,273,198,,1000,30,30,30,tilde,56,True,5.114645286919824,0.8035095609751934,0.0,0.4451518431450143,5.918154847895018,5.114645286919824,6.363306691040032
convnext_base_classification,crossvit_base_240_classification,273,336,,1000,30,30,30,tilde,56,True,5.457109823307501,0.4610450245875155,0.0,0.49965015669114,5.918154847895018,5.457109823307502,6.417805004586158
convnext_base_classification,deit_base_patch16_224_classification,273,205,,1000,30,30,30,tilde,56,True,5.415713591765034,0.5024412561299849,0.0,0.43176149353189963,5.918154847895018,5.415713591765033,6.349916341426917
convnext_base_classification,dino_resnet50_selfsupervised,273,162,,1000,30,30,30,tilde,56,True,5.731262715727874,0.1868921321671424,0.08804748207405844,0.5841594961329433,5.918154847895018,5.819310197801934,6.590361826102019
convnext_base_classification,dino_vitb16_selfsupervised,273,208,,1000,30,30,30,tilde,56,True,4.515438315098746,1.402716532796271,0.06390734143412669,0.6161972127371538,5.918154847895018,4.579345656532873,6.598259402066298
xcit_nano_12_p8_224_classification,xcit_nano_12_p16_224_classification,266,242,,1000,30,30,30,tilde,56,True,4.926629583564996,0.21635615901304384,0.061281000634480165,0.5924956823951586,5.142985742578039,4.987910584199476,5.796762425607678
xcit_nano_12_p8_224_classification,swin_large_patch4_window7_224_classification,266,281,,1000,30,30,30,tilde,56,True,4.79621198355862,0.34677375901941865,0.5978561779579925,0.6262699005558039,5.142985742578039,5.394068161516613,6.367111821091836
xcit_nano_12_p8_224_classification,jx_nest_tiny_classification,266,148,,1000,30,30,30,tilde,56,True,5.14298574257804,0.0,0.6036415791466139,0.47504534570253654,5.142985742578039,5.746627321724653,6.22167266742719
xcit_nano_12_p8_224_classification,pit_ti_224_classification,266,207,,1000,30,30,30,tilde,56,True,5.071010026621099,0.07197571595694097,0.3175807359759286,0.5764637166483375,5.142985742578039,5.388590762597027,6.0370301952023055
xcit_nano_12_p8_224_classification,vit_base_patch32_224_classification,266,218,,1000,30,30,30,tilde,56,True,4.8119541201725715,0.3310316224054688,0.24766105066413768,0.676313407211639,5.142985742578039,5.059615170836708,6.066960200453816
xcit_nano_12_p8_224_classification,vit_base_patch16_224_classification,266,197,,1000,30,30,30,tilde,56,True,4.875131981313775,0.26785376126426375,0.2479582179447153,0.5420596646421227,5.142985742578039,5.123090199258491,5.9330036251648774
xcit_nano_12_p8_224_classification,tnt_s_patch16_224_classification,266,198,,1000,30,30,30,tilde,56,True,4.956911651675636,0.18607409090240346,0.15773363524418826,0.5188811590873064,5.142985742578039,5.114645286919824,5.819600536909534
xcit_nano_12_p8_224_classification,crossvit_base_240_classification,266,336,,1000,30,30,30,tilde,56,True,5.055814635844841,0.08717110673319972,0.40129518746266246,0.539492229143888,5.142985742578039,5.457109823307502,6.08377315918459
xcit_nano_12_p8_224_classification,deit_base_patch16_224_classification,266,205,,1000,30,30,30,tilde,56,True,5.077629492677537,0.0653562499005016,0.3380840990874949,0.5409251370913442,5.142985742578039,5.415713591765033,6.0219949787568785
xcit_nano_12_p8_224_classification,dino_resnet50_selfsupervised,266,162,,1000,30,30,30,tilde,56,True,5.14298574257804,0.0,0.6763244552238943,0.48654860057295934,5.142985742578039,5.819310197801934,6.305858798374893
xcit_nano_12_p8_224_classification,dino_vitb16_selfsupervised,266,208,,1000,30,30,30,tilde,56,True,4.110453851595409,1.0325318909826313,0.4688918049374653,0.6179723092614076,5.142985742578039,4.579345656532873,6.229849856776912
xcit_nano_12_p16_224_classification,swin_large_patch4_window7_224_classification,242,281,,1000,30,30,30,tilde,56,True,4.716175012368355,0.2717355718311181,0.6778931491482583,0.7028212801752307,4.987910584199473,5.394068161516613,6.368625013522962
xcit_nano_12_p16_224_classification,jx_nest_tiny_classification,242,148,,1000,30,30,30,tilde,56,True,4.987910584199473,0.0,0.7587167375251802,0.46408695899585695,4.987910584199473,5.746627321724653,6.21071428072051
xcit_nano_12_p16_224_classification,pit_ti_224_classification,242,207,,1000,30,30,30,tilde,56,True,4.987321138474995,0.0005894457244783879,0.4012696241220324,0.5723260064290825,4.987910584199473,5.388590762597027,5.961506214750588
xcit_nano_12_p16_224_classification,vit_base_patch32_224_classification,242,218,,1000,30,30,30,tilde,56,True,4.705037170903871,0.2828734132956017,0.3545779999328369,0.6256531827097609,4.987910584199473,5.059615170836708,5.968141766842071
xcit_nano_12_p16_224_classification,vit_base_patch16_224_classification,242,197,,1000,30,30,30,tilde,56,True,4.752298122273014,0.23561246192645946,0.37079207698547734,0.5921880431467867,4.987910584199473,5.123090199258491,5.950890704331737
xcit_nano_12_p16_224_classification,tnt_s_patch16_224_classification,242,198,,1000,30,30,30,tilde,56,True,4.879793953114364,0.1081166310851085,0.23485133380545964,0.618076042759907,4.987910584199473,5.114645286919824,5.84083796076484
xcit_nano_12_p16_224_classification,crossvit_base_240_classification,242,336,,1000,30,30,30,tilde,56,True,4.936316182170482,0.051594402028991126,0.5207936411370202,0.5889249133813781,4.987910584199473,5.457109823307502,6.097629138717871
xcit_nano_12_p16_224_classification,deit_base_patch16_224_classification,242,205,,1000,30,30,30,tilde,56,True,4.960463013483398,0.027447570716074843,0.4552505782816345,0.5937072209455652,4.987910584199473,5.415713591765033,6.036868383426673
xcit_nano_12_p16_224_classification,dino_resnet50_selfsupervised,242,162,,1000,30,30,30,tilde,56,True,4.987910584199473,0.0,0.8313996136024606,0.4719609095251647,4.987910584199473,5.819310197801934,6.291271107327098
xcit_nano_12_p16_224_classification,dino_vitb16_selfsupervised,242,208,,1000,30,30,30,tilde,56,True,3.998888564940036,0.989022019259437,0.5804570915928373,0.6998936125785393,4.987910584199473,4.579345656532873,6.26826128837085
swin_large_patch4_window7_224_classification,jx_nest_tiny_classification,281,148,,1000,30,30,30,tilde,56,True,5.146831119547366,0.247237041969254,0.599796202177286,0.6456763375657175,5.394068161516621,5.746627321724653,6.639540701259625
swin_large_patch4_window7_224_classification,pit_ti_224_classification,281,207,,1000,30,30,30,tilde,56,True,4.9481392048288555,0.4459289566877649,0.4404515577681707,0.6171407934069517,5.394068161516621,5.388590762597027,6.451660512691744
swin_large_patch4_window7_224_classification,vit_base_patch32_224_classification,281,218,,1000,30,30,30,tilde,56,True,4.804856504832773,0.5892116566838475,0.2547586660039345,0.5712200291203633,5.394068161516621,5.059615170836708,6.220046856640919
swin_large_patch4_window7_224_classification,vit_base_patch16_224_classification,281,197,,1000,30,30,30,tilde,56,True,4.798724822957007,0.5953433385596147,0.32436537630148443,0.6389676647775504,5.394068161516621,5.123090199258491,6.357401202595656
swin_large_patch4_window7_224_classification,tnt_s_patch16_224_classification,281,198,,1000,30,30,30,tilde,56,True,4.8993689417709065,0.49469921974571474,0.2152763451489177,0.5848538125066005,5.394068161516621,5.114645286919824,6.1941983191721395
swin_large_patch4_window7_224_classification,crossvit_base_240_classification,281,336,,1000,30,30,30,tilde,56,True,5.028729754851043,0.36533840666557715,0.42838006845645804,0.588639722890191,5.394068161516621,5.457109823307502,6.41108795286327
swin_large_patch4_window7_224_classification,deit_base_patch16_224_classification,281,205,,1000,30,30,30,tilde,56,True,5.022677830096736,0.3713903314198861,0.39303576166829757,0.6197007737853761,5.394068161516621,5.415713591765033,6.406804696970295
swin_large_patch4_window7_224_classification,dino_resnet50_selfsupervised,281,162,,1000,30,30,30,tilde,56,True,5.177135301978318,0.21693285953830266,0.6421748958236151,0.6939369361390231,5.394068161516621,5.819310197801934,6.730179993479259
swin_large_patch4_window7_224_classification,dino_vitb16_selfsupervised,281,208,,1000,30,30,30,tilde,56,True,4.127505064012532,1.266563097504088,0.45184059252034015,0.6469268822942409,5.394068161516621,4.579345656532873,6.492835636331202
jx_nest_tiny_classification,pit_ti_224_classification,148,207,,1000,30,30,30,tilde,56,True,5.388590762597027,0.35803655912762977,0.0,0.4606149751398192,5.746627321724657,5.388590762597027,6.207242296864476
jx_nest_tiny_classification,vit_base_patch32_224_classification,148,218,,1000,30,30,30,tilde,56,True,5.059615170836708,0.6870121508879485,0.0,0.5434705751686,5.746627321724657,5.059615170836708,6.290097896893257
jx_nest_tiny_classification,vit_base_patch16_224_classification,148,197,,1000,30,30,30,tilde,56,True,5.123090199258491,0.6235371224661659,0.0,0.40319497312190045,5.746627321724657,5.123090199258491,6.149822294846557
jx_nest_tiny_classification,tnt_s_patch16_224_classification,148,198,,1000,30,30,30,tilde,56,True,5.114645286919823,0.6319820348048326,0.0,0.37807038906030765,5.746627321724657,5.114645286919824,6.1246977107849645
jx_nest_tiny_classification,crossvit_base_240_classification,148,336,,1000,30,30,30,tilde,56,True,5.457109823307502,0.2895174984171547,0.0,0.45340025599632927,5.746627321724657,5.457109823307502,6.200027577720986
jx_nest_tiny_classification,deit_base_patch16_224_classification,148,205,,1000,30,30,30,tilde,56,True,5.415713591765033,0.3309137299596241,0.0,0.3034649530699651,5.746627321724657,5.415713591765033,6.050092274794622
jx_nest_tiny_classification,dino_resnet50_selfsupervised,148,162,,1000,30,30,30,tilde,56,True,5.665223266742655,0.0814040549820021,0.15408693105927895,0.524929647591966,5.746627321724657,5.819310197801934,6.425643900375902
jx_nest_tiny_classification,dino_vitb16_selfsupervised,148,208,,1000,30,30,30,tilde,56,True,4.501804057675366,1.2448232640492911,0.07754159885750767,0.6134688481225501,5.746627321724657,4.579345656532873,6.437637768704715
pit_ti_224_classification,vit_base_patch32_224_classification,207,218,,1000,30,30,30,tilde,56,True,5.020999833110167,0.36759092948686867,0.03861533772654102,0.5690126266742936,5.388590762597036,5.059615170836708,5.996218726997871
pit_ti_224_classification,vit_base_patch16_224_classification,207,197,,1000,30,30,30,tilde,56,True,5.1094238647283285,0.2791668978687074,0.013666334530162416,0.5224942438340676,5.388590762597036,5.123090199258491,5.924751340961266
pit_ti_224_classification,tnt_s_patch16_224_classification,207,198,,1000,30,30,30,tilde,56,True,5.114645286919825,0.2739454756772117,0.0,0.5329252131436801,5.388590762597036,5.114645286919824,5.921515975740716
pit_ti_224_classification,crossvit_base_240_classification,207,336,,1000,30,30,30,tilde,56,True,5.336232364350344,0.05235839824669153,0.12087745895715774,0.5660857482454018,5.388590762597036,5.457109823307502,6.0755539697995955
pit_ti_224_classification,deit_base_patch16_224_classification,207,205,,1000,30,30,30,tilde,56,True,5.325751821781224,0.0628389408158121,0.08996176998380889,0.5297441246512431,5.388590762597036,5.415713591765033,6.008296657232088
pit_ti_224_classification,dino_resnet50_selfsupervised,207,162,,1000,30,30,30,tilde,56,True,5.388590762597036,0.0,0.43071943520489775,0.4232435828567027,5.388590762597036,5.819310197801934,6.242553780658636
pit_ti_224_classification,dino_vitb16_selfsupervised,207,208,,1000,30,30,30,tilde,56,True,4.141938983398598,1.2466517791984382,0.4374066731342756,0.6209432239500527,5.388590762597036,4.579345656532873,6.446940659681364
vit_base_patch32_224_classification,vit_base_patch16_224_classification,218,197,,1000,30,30,30,tilde,56,True,5.030021630864617,0.02959353997208769,0.09306856839387478,0.5685881439661014,5.059615170836704,5.123090199258491,5.72127188319668
vit_base_patch32_224_classification,tnt_s_patch16_224_classification,218,198,,1000,30,30,30,tilde,56,True,4.929634346180167,0.1299808246565366,0.18501094073965696,0.553945088816195,5.059615170836704,5.114645286919824,5.798571200392556
vit_base_patch32_224_classification,crossvit_base_240_classification,218,336,,1000,30,30,30,tilde,56,True,5.059615170836703,0.0,0.3974946524707983,0.5189776436698299,5.059615170836704,5.457109823307502,5.976087466977332
vit_base_patch32_224_classification,deit_base_patch16_224_classification,218,205,,1000,30,30,30,tilde,56,True,5.059615170836705,0.0,0.3560984209283289,0.5113056655524923,5.059615170836704,5.415713591765033,5.927019257317525
vit_base_patch32_224_classification,dino_resnet50_selfsupervised,218,162,,1000,30,30,30,tilde,56,True,5.059615170836703,0.0,0.7596950269652298,0.5233686077396147,5.059615170836704,5.819310197801934,6.342678805541548
vit_base_patch32_224_classification,dino_vitb16_selfsupervised,218,208,,1000,30,30,30,tilde,56,True,4.19624653305787,0.8633686377788328,0.3830991234750023,0.5721872804505228,5.059615170836704,4.579345656532873,6.014901574762229
vit_base_patch16_224_classification,tnt_s_patch16_224_classification,197,198,,1000,30,30,30,tilde,56,True,4.972746134941567,0.15034406431692116,0.1418991519782562,0.5193514333159088,5.123090199258489,5.114645286919824,5.784340784552654
vit_base_patch16_224_classification,crossvit_base_240_classification,197,336,,1000,30,30,30,tilde,56,True,5.123090199258489,0.0,0.334019624049013,0.40290379447250046,5.123090199258489,5.457109823307502,5.860013617780003
vit_base_patch16_224_classification,deit_base_patch16_224_classification,197,205,,1000,30,30,30,tilde,56,True,5.123090199258489,0.0,0.29262339250654357,0.435109894116942,5.123090199258489,5.415713591765033,5.850823485881975
vit_base_patch16_224_classification,dino_resnet50_selfsupervised,197,162,,1000,30,30,30,tilde,56,True,5.123090199258489,0.0,0.6962199985434445,0.415648467715358,5.123090199258489,5.819310197801934,6.234958665517292
vit_base_patch16_224_classification,dino_vitb16_selfsupervised,197,208,,1000,30,30,30,tilde,56,True,4.219932312995537,0.9031578862629521,0.35941334353733634,0.6339909295242689,5.123090199258489,4.579345656532873,6.1164944723200945
tnt_s_patch16_224_classification,crossvit_base_240_classification,198,336,,1000,30,30,30,tilde,56,True,5.114645286919829,0.0,0.3424645363876735,0.4133330308465615,5.114645286919829,5.457109823307502,5.870442854154064
tnt_s_patch16_224_classification,deit_base_patch16_224_classification,198,205,,1000,30,30,30,tilde,56,True,5.114645286919829,0.0,0.3010683048452041,0.35838102424884877,5.114645286919829,5.415713591765033,5.7740946160138815
tnt_s_patch16_224_classification,dino_resnet50_selfsupervised,198,162,,1000,30,30,30,tilde,56,True,5.114645286919829,0.0,0.704664910882105,0.41928309498062344,5.114645286919829,5.819310197801934,6.238593292782557
tnt_s_patch16_224_classification,dino_vitb16_selfsupervised,198,208,,1000,30,30,30,tilde,56,True,4.140865540446142,0.9737797464736868,0.43848011608673154,0.5861733835279885,5.114645286919829,4.579345656532873,6.139298786534549
crossvit_base_240_classification,deit_base_patch16_224_classification,336,205,,1000,30,30,30,tilde,56,True,5.415713591765034,0.04139623154248273,0.0,0.4185036298506537,5.4571098233075155,5.415713591765033,5.875613453158169
crossvit_base_240_classification,dino_resnet50_selfsupervised,336,162,,1000,30,30,30,tilde,56,True,5.417024386729682,0.04008543657783292,0.40228581107225114,0.5671285292831101,5.4571098233075155,5.819310197801934,6.426524163662877
crossvit_base_240_classification,dino_vitb16_selfsupervised,336,208,,1000,30,30,30,tilde,56,True,4.348102614814555,1.1090072084929599,0.23124304171831778,0.5772914362908832,5.4571098233075155,4.579345656532873,6.2656443013167165
deit_base_patch16_224_classification,dino_resnet50_selfsupervised,205,162,,1000,30,30,30,tilde,56,True,5.415713591765022,0.0,0.4035966060369116,0.46884282128359445,5.415713591765022,5.819310197801934,6.288153019085528
deit_base_patch16_224_classification,dino_vitb16_selfsupervised,205,208,,1000,30,30,30,tilde,56,True,4.396775345667257,1.0189382460977647,0.18257031086561604,0.6072254345453931,5.415713591765022,4.579345656532873,6.205509337176031
dino_resnet50_selfsupervised,dino_vitb16_selfsupervised,162,208,,1000,30,30,30,tilde,56,True,4.394068013126559,1.4252421846753691,0.18527764340631325,0.6895570294513922,5.819310197801929,4.579345656532873,6.694144870659635
