model_1,model_2,layer_1,layer_2,subj_id,n_samples,n_components_source_1,n_components_source_2,n_components_target,pid_method,rng_seed,bias_correction,red,unq1,unq2,syn,bi_mi_1,bi_mi_2,tri_mi
levit_128_classification,coat_lite_tiny_classification,181,219,,1000,50,50,50,tilde,56,True,7.198727932173589,0.0,0.5732925564612241,0.9142476075706876,7.198727932173589,7.772020488634813,8.6862680962055
levit_128_classification,visformer_small_classification,181,163,,1000,50,50,50,tilde,56,True,7.198727932173589,0.0,0.3416215100479185,1.0245159061660791,7.198727932173589,7.540349442221507,8.564865348387587
levit_128_classification,convit_base_classification,181,201,,1000,50,50,50,tilde,56,True,7.030198546048152,0.1685293861254369,0.2595685902212814,1.0857331730884914,7.198727932173589,7.289767136269433,8.544029695483362
levit_128_classification,RN50_clip,181,179,,1000,50,50,50,tilde,56,True,7.19872793217359,0.0,0.8704222278349834,0.9159338412808644,7.198727932173589,8.069150160008572,8.985084001289437
levit_128_classification,RN101_clip,181,366,,1000,50,50,50,tilde,56,True,7.168968751447727,0.029759180725862144,0.6836322582425192,1.1300812223696166,7.198727932173589,7.852601009690246,9.012441412785725
levit_128_classification,ResNet50-SimCLR_selfsupervised,181,162,,1000,50,50,50,tilde,56,True,7.138161284170386,0.06056664800320277,0.24946262555034693,1.105680547305922,7.198727932173589,7.387623909720733,8.553871105029858
levit_128_classification,ResNet50-DeepClusterV2-2x224_selfsupervised,181,162,,1000,50,50,50,tilde,56,True,7.198727932173589,0.0,0.16527088994746642,1.0964635152122932,7.198727932173589,7.363998822121055,8.460462337333349
levit_128_classification,ResNet50-SwAV-BS4096-2x224_selfsupervised,181,165,,1000,50,50,50,tilde,56,True,7.15530112666388,0.0434268055097089,0.0023130273957718828,1.0119446099385039,7.198727932173589,7.157614154059652,8.212985569507865
levit_128_classification,ResNet50-PIRL_selfsupervised,181,165,,1000,50,50,50,tilde,56,True,6.644538187160534,0.5541897450130548,0.0,0.984288709034046,7.198727932173589,6.644538187160534,8.183016641207635
levit_128_classification,ResNet50-ClusterFit-16K-RotNet_selfsupervised,181,160,,1000,50,50,50,tilde,56,True,6.277369981812327,0.9213579503612621,0.0,0.7753343904861802,7.198727932173589,6.277369981812327,7.974062322659769
levit_128_classification,ResNet50-MoCoV2-BS256_selfsupervised,181,155,,1000,50,50,50,tilde,56,True,6.818413126324504,0.3803148058490846,0.257940485072889,1.0069169422160194,7.198727932173589,7.076353611397393,8.463585359462497
levit_128_classification,nf_resnet50_classification,181,141,,1000,50,50,50,tilde,56,True,6.553524702165004,0.645203230008585,0.07909551251077929,1.1215940438477565,7.198727932173589,6.632620214675783,8.399417488532125
levit_128_classification,hardcorenas_f_classification,181,294,,1000,50,50,50,tilde,56,True,6.751508774467677,0.4472191577059119,0.188087319996046,1.077931921972338,7.198727932173589,6.939596094463723,8.464747174141973
levit_128_classification,eca_nfnet_l0_classification,181,134,,1000,50,50,50,tilde,56,True,7.198727932173588,0.0,1.1587298603097151,0.819575891504142,7.198727932173589,8.357457792483304,9.177033683987446
levit_128_classification,resnet50_classification,181,156,,1000,50,50,50,tilde,56,True,6.966657181469086,0.23207075070450323,0.0,1.0893748905381235,7.198727932173589,6.966657181469086,8.288102822711712
levit_128_classification,semnasnet_100_classification,181,270,,1000,50,50,50,tilde,56,True,6.929130846078382,0.2695970860952066,0.0,0.9963460743539647,7.198727932173589,6.929130846078382,8.195074006527554
levit_128_classification,cspresnet50_classification,181,320,,1000,50,50,50,tilde,56,True,7.157303373761657,0.04142455841193193,0.14851740238145705,1.114509270593489,7.198727932173589,7.305820776143114,8.461754605148535
levit_128_classification,mobilenetv3_large_100_classification,181,252,,1000,50,50,50,tilde,56,True,6.96951821693528,0.22920971523830858,0.3070106909053383,1.1214202206386856,7.198727932173589,7.276528907840619,8.627158843717613
levit_128_classification,ghostnet_100_classification,181,290,,1000,50,50,50,tilde,56,True,6.972565191903518,0.22616274027007055,0.23370218561658174,1.1131054844897363,7.198727932173589,7.2062673775201,8.545535602279907
levit_128_classification,convnext_base_classification,181,273,,1000,50,50,50,tilde,56,True,7.198727932173588,0.0,1.1055100631648278,0.7038126005534835,7.198727932173589,8.304237995338417,9.0080505958919
levit_128_classification,xcit_nano_12_p8_224_classification,181,266,,1000,50,50,50,tilde,56,True,6.630102918103823,0.5686250140697657,0.23394412315272195,1.1608271249761835,7.198727932173589,6.864047041256545,8.593499180302494
levit_128_classification,xcit_nano_12_p16_224_classification,181,242,,1000,50,50,50,tilde,56,True,6.636321761592567,0.5624061705810215,0.2004948149464001,1.0710168659440598,7.198727932173589,6.8368165765389675,8.470239613064049
levit_128_classification,swin_large_patch4_window7_224_classification,181,281,,1000,50,50,50,tilde,56,True,6.900546014542552,0.2981819176310365,0.614788857672683,1.1799378477860216,7.198727932173589,7.515334872215235,8.993454637632293
levit_128_classification,jx_nest_tiny_classification,181,148,,1000,50,50,50,tilde,56,True,7.198727932173589,0.0,0.5730407213671302,0.8169187508252902,7.198727932173589,7.771768653540719,8.58868740436601
levit_128_classification,pit_ti_224_classification,181,207,,1000,50,50,50,tilde,56,True,7.198727932173589,0.0,0.26859995103905554,1.0053526923924094,7.198727932173589,7.467327883212644,8.472680575605054
levit_128_classification,vit_base_patch32_224_classification,181,218,,1000,50,50,50,tilde,56,True,6.840984151661458,0.3577437805121306,0.10205704279858097,1.0608280309019973,7.198727932173589,6.943041194460039,8.361613005874167
levit_128_classification,vit_base_patch16_224_classification,181,197,,1000,50,50,50,tilde,56,True,6.866038155032454,0.3326897771411348,0.09454084746324565,1.040222386135424,7.198727932173589,6.9605790024957,8.333491165772259
levit_128_classification,tnt_s_patch16_224_classification,181,198,,1000,50,50,50,tilde,56,True,6.728040629568995,0.4706873026045937,0.12108866760405235,1.085072512809055,7.198727932173589,6.8491292971730475,8.404889112586696
levit_128_classification,crossvit_base_240_classification,181,336,,1000,50,50,50,tilde,56,True,7.153906711079086,0.044821221094502484,0.05393644529856889,1.114987199447162,7.198727932173589,7.207843156377655,8.36765157691932
levit_128_classification,deit_base_patch16_224_classification,181,205,,1000,50,50,50,tilde,56,True,7.1932083371286675,0.005519595044921388,0.0,1.0223654959871586,7.198727932173589,7.1932083371286675,8.221093428160748
levit_128_classification,dino_resnet50_selfsupervised,181,162,,1000,50,50,50,tilde,56,True,7.198727932173589,0.0,0.5926006408850366,0.9831145799237708,7.198727932173589,7.7913285730586255,8.774443152982396
levit_128_classification,dino_vitb16_selfsupervised,181,208,,1000,50,50,50,tilde,56,True,6.140000574833402,1.058727357340187,0.0,1.0821148166809982,7.198727932173589,6.140000574833402,8.280842748854587
coat_lite_tiny_classification,visformer_small_classification,219,163,,1000,50,50,50,tilde,56,True,7.540349442221507,0.2316710464133056,0.0,0.7567508335587627,7.772020488634813,7.540349442221507,8.528771322193576
coat_lite_tiny_classification,convit_base_classification,219,201,,1000,50,50,50,tilde,56,True,7.289767136269433,0.4822533523653796,0.0,0.7515617972793498,7.772020488634813,7.289767136269433,8.523582285914163
coat_lite_tiny_classification,RN50_clip,219,179,,1000,50,50,50,tilde,56,True,7.772020488634812,0.0,0.29712967137375923,1.0826695582551586,7.772020488634813,8.069150160008572,9.15181971826373
coat_lite_tiny_classification,RN101_clip,219,366,,1000,50,50,50,tilde,56,True,7.414098973178987,0.35792151545582573,0.43850203651125863,1.127890475361756,7.772020488634813,7.852601009690246,9.338413000507828
coat_lite_tiny_classification,ResNet50-SimCLR_selfsupervised,219,162,,1000,50,50,50,tilde,56,True,7.387623909720733,0.38439657891407997,0.0,0.9733210830866783,7.772020488634813,7.387623909720733,8.745341571721491
coat_lite_tiny_classification,ResNet50-DeepClusterV2-2x224_selfsupervised,219,162,,1000,50,50,50,tilde,56,True,7.363998822121055,0.4080216665137577,0.0,0.802530179004898,7.772020488634813,7.363998822121055,8.574550667639711
coat_lite_tiny_classification,ResNet50-SwAV-BS4096-2x224_selfsupervised,219,165,,1000,50,50,50,tilde,56,True,7.157614154059652,0.6144063345751611,0.0,0.8940760504822967,7.772020488634813,7.157614154059652,8.66609653911711
coat_lite_tiny_classification,ResNet50-PIRL_selfsupervised,219,165,,1000,50,50,50,tilde,56,True,6.644538187160534,1.127482301474279,0.0,0.735988888766566,7.772020488634813,6.644538187160534,8.508009377401379
coat_lite_tiny_classification,ResNet50-ClusterFit-16K-RotNet_selfsupervised,219,160,,1000,50,50,50,tilde,56,True,6.277369981812327,1.4946505068224862,0.0,0.55466040219049,7.772020488634813,6.277369981812327,8.326680890825303
coat_lite_tiny_classification,ResNet50-MoCoV2-BS256_selfsupervised,219,155,,1000,50,50,50,tilde,56,True,7.076353611397393,0.6956668772374197,0.0,0.7148397736719092,7.772020488634813,7.076353611397393,8.486860262306722
coat_lite_tiny_classification,nf_resnet50_classification,219,141,,1000,50,50,50,tilde,56,True,6.632620214675783,1.1394002739590299,0.0,0.8606499648010617,7.772020488634813,6.632620214675783,8.632670453435875
coat_lite_tiny_classification,hardcorenas_f_classification,219,294,,1000,50,50,50,tilde,56,True,6.939596094463723,0.83242439417109,0.0,0.7199489009065703,7.772020488634813,6.939596094463723,8.491969389541383
coat_lite_tiny_classification,eca_nfnet_l0_classification,219,134,,1000,50,50,50,tilde,56,True,7.772020488634814,0.0,0.585437303848491,0.7234573442079206,7.772020488634813,8.357457792483304,9.080915136691225
coat_lite_tiny_classification,resnet50_classification,219,156,,1000,50,50,50,tilde,56,True,6.966657181469086,0.8053633071657273,0.0,0.7135818315611582,7.772020488634813,6.966657181469086,8.485602320195971
coat_lite_tiny_classification,semnasnet_100_classification,219,270,,1000,50,50,50,tilde,56,True,6.929130846078382,0.8428896425564307,0.0,0.7806900779670256,7.772020488634813,6.929130846078382,8.552710566601839
coat_lite_tiny_classification,cspresnet50_classification,219,320,,1000,50,50,50,tilde,56,True,7.305820776143114,0.466199712491699,0.0,0.9703638270543413,7.772020488634813,7.305820776143114,8.742384315689154
coat_lite_tiny_classification,mobilenetv3_large_100_classification,219,252,,1000,50,50,50,tilde,56,True,7.276528907840619,0.4954915807941944,0.0,1.0536276640109135,7.772020488634813,7.276528907840619,8.825648152645726
coat_lite_tiny_classification,ghostnet_100_classification,219,290,,1000,50,50,50,tilde,56,True,7.2062673775201,0.5657531111147129,0.0,0.9721371246479658,7.772020488634813,7.2062673775201,8.744157613282779
coat_lite_tiny_classification,convnext_base_classification,219,273,,1000,50,50,50,tilde,56,True,7.772020488634814,0.0,0.5322175067036037,0.8593254848705971,7.772020488634813,8.304237995338417,9.163563480209014
coat_lite_tiny_classification,xcit_nano_12_p8_224_classification,219,266,,1000,50,50,50,tilde,56,True,6.864047041256545,0.9079734473782679,0.0,0.7564747826103835,7.772020488634813,6.864047041256545,8.528495271245196
coat_lite_tiny_classification,xcit_nano_12_p16_224_classification,219,242,,1000,50,50,50,tilde,56,True,6.8368165765389675,0.9352039120958455,0.0,0.5801288000479223,7.772020488634813,6.8368165765389675,8.352149288682735
coat_lite_tiny_classification,swin_large_patch4_window7_224_classification,219,281,,1000,50,50,50,tilde,56,True,7.239128182810834,0.532892305823979,0.2762066894044013,1.1743471558101248,7.772020488634813,7.515334872215235,9.22257433384934
coat_lite_tiny_classification,jx_nest_tiny_classification,219,148,,1000,50,50,50,tilde,56,True,7.771768653540719,0.0002518350940938774,0.0,0.8736803966820892,7.772020488634813,7.771768653540719,8.645700885316902
coat_lite_tiny_classification,pit_ti_224_classification,219,207,,1000,50,50,50,tilde,56,True,7.467327883212644,0.3046926054221686,0.0,0.6802615797210221,7.772020488634813,7.467327883212644,8.452282068355835
coat_lite_tiny_classification,vit_base_patch32_224_classification,219,218,,1000,50,50,50,tilde,56,True,6.943041194460039,0.8289792941747738,0.0,0.8702547847160647,7.772020488634813,6.943041194460039,8.642275273350878
coat_lite_tiny_classification,vit_base_patch16_224_classification,219,197,,1000,50,50,50,tilde,56,True,6.9605790024957,0.8114414861391133,0.0,0.5849423204374942,7.772020488634813,6.9605790024957,8.356962809072307
coat_lite_tiny_classification,tnt_s_patch16_224_classification,219,198,,1000,50,50,50,tilde,56,True,6.8491292971730475,0.9228911914617655,0.0,0.7010191299387136,7.772020488634813,6.8491292971730475,8.473039618573527
coat_lite_tiny_classification,crossvit_base_240_classification,219,336,,1000,50,50,50,tilde,56,True,7.207843156377655,0.5641773322571577,0.0,0.8840394453778009,7.772020488634813,7.207843156377655,8.656059934012614
coat_lite_tiny_classification,deit_base_patch16_224_classification,219,205,,1000,50,50,50,tilde,56,True,7.1932083371286675,0.5788121515061455,0.0,0.8123783088195653,7.772020488634813,7.1932083371286675,8.584398797454378
coat_lite_tiny_classification,dino_resnet50_selfsupervised,219,162,,1000,50,50,50,tilde,56,True,7.772020488634813,0.0,0.019308084423812488,0.7367610886263902,7.772020488634813,7.7913285730586255,8.528089661685016
coat_lite_tiny_classification,dino_vitb16_selfsupervised,219,208,,1000,50,50,50,tilde,56,True,5.872667690315035,1.8993527983197778,0.2673328845183667,1.1484061359639295,7.772020488634813,6.140000574833402,9.18775950911711
visformer_small_classification,convit_base_classification,163,201,,1000,50,50,50,tilde,56,True,7.289767136269433,0.250582305952074,0.0,0.842281086834638,7.540349442221507,7.289767136269433,8.382630529056145
visformer_small_classification,RN50_clip,163,179,,1000,50,50,50,tilde,56,True,7.540349442221508,0.0,0.5288007177870648,1.0314749858358034,7.540349442221507,8.069150160008572,9.100625145844376
visformer_small_classification,RN101_clip,163,366,,1000,50,50,50,tilde,56,True,7.270670451924307,0.26967899029720055,0.581930557765939,1.1397367463681984,7.540349442221507,7.852601009690246,9.262016746355645
visformer_small_classification,ResNet50-SimCLR_selfsupervised,163,162,,1000,50,50,50,tilde,56,True,7.367013514763405,0.1733359274581021,0.02061039495732775,1.1984892299184313,7.540349442221507,7.387623909720733,8.759449067097266
visformer_small_classification,ResNet50-DeepClusterV2-2x224_selfsupervised,163,162,,1000,50,50,50,tilde,56,True,7.363998822121055,0.1763506201004521,0.0,0.9491589118814536,7.540349442221507,7.363998822121055,8.489508354102961
visformer_small_classification,ResNet50-SwAV-BS4096-2x224_selfsupervised,163,165,,1000,50,50,50,tilde,56,True,7.157614154059652,0.38273528816185554,0.0,0.9737485858161419,7.540349442221507,7.157614154059652,8.51409802803765
visformer_small_classification,ResNet50-PIRL_selfsupervised,163,165,,1000,50,50,50,tilde,56,True,6.644538187160534,0.8958112550609734,0.0,0.6899872662810393,7.540349442221507,6.644538187160534,8.230336708502547
visformer_small_classification,ResNet50-ClusterFit-16K-RotNet_selfsupervised,163,160,,1000,50,50,50,tilde,56,True,6.277369981812327,1.2629794604091806,0.0,0.4882189719715866,7.540349442221507,6.277369981812327,8.028568414193094
visformer_small_classification,ResNet50-MoCoV2-BS256_selfsupervised,163,155,,1000,50,50,50,tilde,56,True,7.076353611397393,0.4639958308241141,0.0,0.8281247662059146,7.540349442221507,7.076353611397393,8.368474208427422
visformer_small_classification,nf_resnet50_classification,163,141,,1000,50,50,50,tilde,56,True,6.632620214675783,0.9077292275457243,0.0,0.9723002276613881,7.540349442221507,6.632620214675783,8.512649669882896
visformer_small_classification,hardcorenas_f_classification,163,294,,1000,50,50,50,tilde,56,True,6.939596094463723,0.6007533477577844,0.0,0.9695960147643357,7.540349442221507,6.939596094463723,8.509945456985843
visformer_small_classification,eca_nfnet_l0_classification,163,134,,1000,50,50,50,tilde,56,True,7.5403494422215065,0.0,0.8171083502617966,0.7900213943946603,7.540349442221507,8.357457792483304,9.147479186877964
visformer_small_classification,resnet50_classification,163,156,,1000,50,50,50,tilde,56,True,6.966657181469086,0.5736922607524217,0.0,0.7920379825748585,7.540349442221507,6.966657181469086,8.332387424796366
visformer_small_classification,semnasnet_100_classification,163,270,,1000,50,50,50,tilde,56,True,6.929130846078382,0.6112185961431251,0.0,0.9357902419549893,7.540349442221507,6.929130846078382,8.476139684176497
visformer_small_classification,cspresnet50_classification,163,320,,1000,50,50,50,tilde,56,True,7.205326605472509,0.33502283674899846,0.10049417067060507,1.0698845650663706,7.540349442221507,7.305820776143114,8.710728177958483
visformer_small_classification,mobilenetv3_large_100_classification,163,252,,1000,50,50,50,tilde,56,True,7.139561001834846,0.4007884403866617,0.1369679060057729,1.1280502364350475,7.540349442221507,7.276528907840619,8.805367584662328
visformer_small_classification,ghostnet_100_classification,163,290,,1000,50,50,50,tilde,56,True,7.112369568357935,0.4279798738635723,0.09389780916216495,1.1569988949718732,7.540349442221507,7.2062673775201,8.791246146355546
visformer_small_classification,convnext_base_classification,163,273,,1000,50,50,50,tilde,56,True,7.5403494422215065,0.0,0.7638885531169093,0.8552923861799293,7.540349442221507,8.304237995338417,9.159530381518346
visformer_small_classification,xcit_nano_12_p8_224_classification,163,266,,1000,50,50,50,tilde,56,True,6.864047041256545,0.6763024009649623,0.0,0.8388911912964234,7.540349442221507,6.864047041256545,8.37924063351793
visformer_small_classification,xcit_nano_12_p16_224_classification,163,242,,1000,50,50,50,tilde,56,True,6.8368165765389675,0.7035328656825399,0.0,0.7664154236682892,7.540349442221507,6.8368165765389675,8.306764865889797
visformer_small_classification,swin_large_patch4_window7_224_classification,163,281,,1000,50,50,50,tilde,56,True,7.159182796334528,0.3811666458869798,0.35615207588070774,1.1181573230268151,7.540349442221507,7.515334872215235,9.01465884112903
visformer_small_classification,jx_nest_tiny_classification,163,148,,1000,50,50,50,tilde,56,True,7.540349442221507,0.0,0.23141921131921173,0.6863086769071858,7.540349442221507,7.771768653540719,8.458077330447905
visformer_small_classification,pit_ti_224_classification,163,207,,1000,50,50,50,tilde,56,True,7.467327883212644,0.07302155900886298,0.0,0.8236764084676755,7.540349442221507,7.467327883212644,8.364025850689183
visformer_small_classification,vit_base_patch32_224_classification,163,218,,1000,50,50,50,tilde,56,True,6.943041194460039,0.5973082477614682,0.0,1.019016705885961,7.540349442221507,6.943041194460039,8.559366148107468
visformer_small_classification,vit_base_patch16_224_classification,163,197,,1000,50,50,50,tilde,56,True,6.9605790024957,0.5797704397258077,0.0,0.7843840790530754,7.540349442221507,6.9605790024957,8.324733521274583
visformer_small_classification,tnt_s_patch16_224_classification,163,198,,1000,50,50,50,tilde,56,True,6.8491292971730475,0.6912201450484599,0.0,0.7932226044627546,7.540349442221507,6.8491292971730475,8.333572046684262
visformer_small_classification,crossvit_base_240_classification,163,336,,1000,50,50,50,tilde,56,True,7.207843156377655,0.3325062858438521,0.0,0.8548691770294665,7.540349442221507,7.207843156377655,8.395218619250974
visformer_small_classification,deit_base_patch16_224_classification,163,205,,1000,50,50,50,tilde,56,True,7.1932083371286675,0.3471411050928399,0.0,0.7612275345357018,7.540349442221507,7.1932083371286675,8.30157697675721
visformer_small_classification,dino_resnet50_selfsupervised,163,162,,1000,50,50,50,tilde,56,True,7.540349442221507,0.0,0.2509791308371181,0.7792713691535669,7.540349442221507,7.7913285730586255,8.570599942212192
visformer_small_classification,dino_vitb16_selfsupervised,163,208,,1000,50,50,50,tilde,56,True,5.93678767052524,1.6035617716962678,0.2032129043081623,1.1164245974455405,7.540349442221507,6.140000574833402,8.85998694397521
convit_base_classification,RN50_clip,201,179,,1000,50,50,50,tilde,56,True,7.2897671362694325,0.0,0.7793830237391388,0.9554999792989456,7.289767136269433,8.069150160008572,9.024650139307518
convit_base_classification,RN101_clip,201,366,,1000,50,50,50,tilde,56,True,7.18056529688864,0.10920183938079298,0.6720357128016055,1.1046309787187143,7.289767136269433,7.852601009690246,9.066433827789753
convit_base_classification,ResNet50-SimCLR_selfsupervised,201,162,,1000,50,50,50,tilde,56,True,7.289767136269433,0.0,0.09785677345129962,1.1435244201422057,7.289767136269433,7.387623909720733,8.531148329862939
convit_base_classification,ResNet50-DeepClusterV2-2x224_selfsupervised,201,162,,1000,50,50,50,tilde,56,True,7.289767136269433,0.0,0.07423168585162188,0.9180561470146964,7.289767136269433,7.363998822121055,8.282054969135752
convit_base_classification,ResNet50-SwAV-BS4096-2x224_selfsupervised,201,165,,1000,50,50,50,tilde,56,True,7.157614154059652,0.13215298220978156,0.0,0.9816835714801,7.289767136269433,7.157614154059652,8.271450707749533
convit_base_classification,ResNet50-PIRL_selfsupervised,201,165,,1000,50,50,50,tilde,56,True,6.644538187160534,0.6452289491088994,0.0,0.8408999507401793,7.289767136269433,6.644538187160534,8.130667087009613
convit_base_classification,ResNet50-ClusterFit-16K-RotNet_selfsupervised,201,160,,1000,50,50,50,tilde,56,True,6.277369981812327,1.0123971544571067,0.0,0.6738436796060734,7.289767136269433,6.277369981812327,7.963610815875507
convit_base_classification,ResNet50-MoCoV2-BS256_selfsupervised,201,155,,1000,50,50,50,tilde,56,True,7.076353611397393,0.21341352487204013,0.0,0.9973366413682347,7.289767136269433,7.076353611397393,8.287103777637668
convit_base_classification,nf_resnet50_classification,201,141,,1000,50,50,50,tilde,56,True,6.632620214675783,0.6571469215936503,0.0,1.0378692364503115,7.289767136269433,6.632620214675783,8.327636372719745
convit_base_classification,hardcorenas_f_classification,201,294,,1000,50,50,50,tilde,56,True,6.912190050225899,0.37757708604353457,0.027406044237824112,1.13611088415594,7.289767136269433,6.939596094463723,8.453284064663197
convit_base_classification,eca_nfnet_l0_classification,201,134,,1000,50,50,50,tilde,56,True,7.289767136269434,0.0,1.0676906562138706,0.7502381583775204,7.289767136269433,8.357457792483304,9.107695950860824
convit_base_classification,resnet50_classification,201,156,,1000,50,50,50,tilde,56,True,6.966657181469086,0.32310995480034777,0.0,1.0058742839569854,7.289767136269433,6.966657181469086,8.295641420226419
convit_base_classification,semnasnet_100_classification,201,270,,1000,50,50,50,tilde,56,True,6.929130846078382,0.36063629019105115,0.0,1.0259188186388526,7.289767136269433,6.929130846078382,8.315685954908286
convit_base_classification,cspresnet50_classification,201,320,,1000,50,50,50,tilde,56,True,7.134890945715519,0.15487619055391466,0.17092983042759524,1.0837324625317795,7.289767136269433,7.305820776143114,8.544429429228808
convit_base_classification,mobilenetv3_large_100_classification,201,252,,1000,50,50,50,tilde,56,True,6.9766713200969495,0.31309581617248394,0.2998575877436691,1.118639925284885,7.289767136269433,7.276528907840619,8.708264649297988
convit_base_classification,ghostnet_100_classification,201,290,,1000,50,50,50,tilde,56,True,6.965193012291354,0.3245741239780795,0.24107436522874615,1.1507876495917886,7.289767136269433,7.2062673775201,8.681629151089968
convit_base_classification,convnext_base_classification,201,273,,1000,50,50,50,tilde,56,True,7.289767136269434,0.0,1.0144708590689833,0.7503684689570225,7.289767136269433,8.304237995338417,9.05460646429544
convit_base_classification,xcit_nano_12_p8_224_classification,201,266,,1000,50,50,50,tilde,56,True,6.864047041256545,0.4257200950128883,0.0,0.6863436531056886,7.289767136269433,6.864047041256545,7.976110789375122
convit_base_classification,xcit_nano_12_p16_224_classification,201,242,,1000,50,50,50,tilde,56,True,6.8368165765389675,0.45295055973046594,0.0,0.8048166701643682,7.289767136269433,6.8368165765389675,8.094583806433802
convit_base_classification,swin_large_patch4_window7_224_classification,201,281,,1000,50,50,50,tilde,56,True,7.135197056011756,0.1545700802576775,0.3801378162034794,1.170512910501711,7.289767136269433,7.515334872215235,8.840417862974624
convit_base_classification,jx_nest_tiny_classification,201,148,,1000,50,50,50,tilde,56,True,7.289767136269433,0.0,0.4820015172712857,0.6208115649986281,7.289767136269433,7.771768653540719,8.392580218539347
convit_base_classification,pit_ti_224_classification,201,207,,1000,50,50,50,tilde,56,True,7.289767136269433,0.0,0.177560746943211,0.6630481352874709,7.289767136269433,7.467327883212644,8.130376018500115
convit_base_classification,vit_base_patch32_224_classification,201,218,,1000,50,50,50,tilde,56,True,6.943041194460039,0.3467259418093942,0.0,0.9743561134797032,7.289767136269433,6.943041194460039,8.264123249749137
convit_base_classification,vit_base_patch16_224_classification,201,197,,1000,50,50,50,tilde,56,True,6.9605790024957,0.3291881337737337,0.0,0.6451662350798921,7.289767136269433,6.9605790024957,7.9349333713493255
convit_base_classification,tnt_s_patch16_224_classification,201,198,,1000,50,50,50,tilde,56,True,6.8491292971730475,0.4406378390963859,0.0,0.532120904738508,7.289767136269433,6.8491292971730475,7.821888041007941
convit_base_classification,crossvit_base_240_classification,201,336,,1000,50,50,50,tilde,56,True,7.207843156377655,0.08192397989177813,0.0,0.8666277845048009,7.289767136269433,7.207843156377655,8.156394920774234
convit_base_classification,deit_base_patch16_224_classification,201,205,,1000,50,50,50,tilde,56,True,7.1932083371286675,0.09655879914076593,0.0,0.8165836769421917,7.289767136269433,7.1932083371286675,8.106350813211625
convit_base_classification,dino_resnet50_selfsupervised,201,162,,1000,50,50,50,tilde,56,True,7.289767136269433,0.0,0.5015614367891921,0.6858215147297626,7.289767136269433,7.7913285730586255,8.477150087788388
convit_base_classification,dino_vitb16_selfsupervised,201,208,,1000,50,50,50,tilde,56,True,5.789953382437329,1.4998137538321048,0.3500471923960733,1.1692473578582767,7.289767136269433,6.140000574833402,8.809061686523783
RN50_clip,RN101_clip,179,366,,1000,50,50,50,tilde,56,True,7.852601009690247,0.21654915031832633,0.0,0.7566071913396879,8.069150160008572,7.852601009690246,8.82575735134826
RN50_clip,ResNet50-SimCLR_selfsupervised,179,162,,1000,50,50,50,tilde,56,True,7.387623909720734,0.6815262502878392,0.0,0.9902791159975095,8.069150160008572,7.387623909720733,9.059429276006082
RN50_clip,ResNet50-DeepClusterV2-2x224_selfsupervised,179,162,,1000,50,50,50,tilde,56,True,7.363998822121054,0.7051513378875169,0.0,0.799424592890448,8.069150160008572,7.363998822121055,8.86857475289902
RN50_clip,ResNet50-SwAV-BS4096-2x224_selfsupervised,179,165,,1000,50,50,50,tilde,56,True,7.157614154059651,0.9115360059489204,0.0,0.716393968412115,8.069150160008572,7.157614154059652,8.785544128420687
RN50_clip,ResNet50-PIRL_selfsupervised,179,165,,1000,50,50,50,tilde,56,True,6.644538187160535,1.4246119728480382,0.0,0.7957812182114896,8.069150160008572,6.644538187160534,8.864931378220062
RN50_clip,ResNet50-ClusterFit-16K-RotNet_selfsupervised,179,160,,1000,50,50,50,tilde,56,True,6.277369981812328,1.7917801781962455,0.0,0.7751140033135346,8.069150160008572,6.277369981812327,8.844264163322107
RN50_clip,ResNet50-MoCoV2-BS256_selfsupervised,179,155,,1000,50,50,50,tilde,56,True,7.076353611397394,0.9927965486111789,0.0,0.8780241195033422,8.069150160008572,7.076353611397393,8.947174279511914
RN50_clip,nf_resnet50_classification,179,141,,1000,50,50,50,tilde,56,True,6.632620214675782,1.436529945332789,0.0,0.6098901453439804,8.069150160008572,6.632620214675783,8.679040305352553
RN50_clip,hardcorenas_f_classification,179,294,,1000,50,50,50,tilde,56,True,6.939596094463724,1.1295540655448493,0.0,0.7759493069074637,8.069150160008572,6.939596094463723,8.845099466916036
RN50_clip,eca_nfnet_l0_classification,179,134,,1000,50,50,50,tilde,56,True,8.069150160008574,0.0,0.2883076324747318,1.0684782690862136,8.069150160008572,8.357457792483304,9.425936061569518
RN50_clip,resnet50_classification,179,156,,1000,50,50,50,tilde,56,True,6.966657181469085,1.1024929785394866,0.0,0.5823988397590174,8.069150160008572,6.966657181469086,8.65154899976759
RN50_clip,semnasnet_100_classification,179,270,,1000,50,50,50,tilde,56,True,6.929130846078383,1.14001931393019,0.0,0.7160940330861063,8.069150160008572,6.929130846078382,8.785244193094679
RN50_clip,cspresnet50_classification,179,320,,1000,50,50,50,tilde,56,True,7.305820776143115,0.7633293838654582,0.0,0.6304034842381974,8.069150160008572,7.305820776143114,8.69955364424677
RN50_clip,mobilenetv3_large_100_classification,179,252,,1000,50,50,50,tilde,56,True,7.276528907840618,0.7926212521679536,0.0,0.8459707489316042,8.069150160008572,7.276528907840619,8.915120908940176
RN50_clip,ghostnet_100_classification,179,290,,1000,50,50,50,tilde,56,True,7.206267377520099,0.8628827824884722,0.0,0.9047490991521272,8.069150160008572,7.2062673775201,8.9738992591607
RN50_clip,convnext_base_classification,179,273,,1000,50,50,50,tilde,56,True,8.06915016000857,0.0,0.23508783532984445,0.9565501245419163,8.069150160008572,8.304237995338417,9.260788119880333
RN50_clip,xcit_nano_12_p8_224_classification,179,266,,1000,50,50,50,tilde,56,True,6.864047041256544,1.2051031187520271,0.0,0.8462362066073759,8.069150160008572,6.864047041256545,8.915386366615948
RN50_clip,xcit_nano_12_p16_224_classification,179,242,,1000,50,50,50,tilde,56,True,6.836816576538968,1.2323335834696048,0.0,0.8867966211473615,8.069150160008572,6.8368165765389675,8.955946781155934
RN50_clip,swin_large_patch4_window7_224_classification,179,281,,1000,50,50,50,tilde,56,True,7.4725574751564015,0.5965926848521699,0.04277739705883299,1.1192654905001103,8.069150160008572,7.515334872215235,9.231193047567515
RN50_clip,jx_nest_tiny_classification,179,148,,1000,50,50,50,tilde,56,True,7.771768653540718,0.2973815064678531,0.0,1.0974049496433533,8.069150160008572,7.771768653540719,9.166555109651926
RN50_clip,pit_ti_224_classification,179,207,,1000,50,50,50,tilde,56,True,7.4673278832126435,0.6018222767959278,0.0,0.9577861668489813,8.069150160008572,7.467327883212644,9.026936326857554
RN50_clip,vit_base_patch32_224_classification,179,218,,1000,50,50,50,tilde,56,True,6.94304119446004,1.126108965548533,0.0,0.6869702765885801,8.069150160008572,6.943041194460039,8.756120436597152
RN50_clip,vit_base_patch16_224_classification,179,197,,1000,50,50,50,tilde,56,True,6.960579002495699,1.1085711575128725,0.0,0.5737283895582141,8.069150160008572,6.9605790024957,8.642878549566786
RN50_clip,tnt_s_patch16_224_classification,179,198,,1000,50,50,50,tilde,56,True,6.849129297173047,1.2200208628355247,0.0,0.7032578596692893,8.069150160008572,6.8491292971730475,8.772408019677862
RN50_clip,crossvit_base_240_classification,179,336,,1000,50,50,50,tilde,56,True,7.207843156377656,0.861307003630917,0.0,0.947311451078992,8.069150160008572,7.207843156377655,9.016461611087564
RN50_clip,deit_base_patch16_224_classification,179,205,,1000,50,50,50,tilde,56,True,7.193208337128667,0.8759418228799047,0.0,0.9055665302420053,8.069150160008572,7.1932083371286675,8.974716690250577
RN50_clip,dino_resnet50_selfsupervised,179,162,,1000,50,50,50,tilde,56,True,7.791328573058625,0.27782158694994674,0.0,0.9962154081336045,8.069150160008572,7.7913285730586255,9.065365568142177
RN50_clip,dino_vitb16_selfsupervised,179,208,,1000,50,50,50,tilde,56,True,6.140000574833401,1.9291495851751703,0.0,1.085909545586091,8.069150160008572,6.140000574833402,9.155059705594663
RN101_clip,ResNet50-SimCLR_selfsupervised,366,162,,1000,50,50,50,tilde,56,True,7.32784277089411,0.524758238796136,0.05978113882662317,1.1565544221928956,7.852601009690246,7.387623909720733,9.068936570709765
RN101_clip,ResNet50-DeepClusterV2-2x224_selfsupervised,366,162,,1000,50,50,50,tilde,56,True,7.32125687367117,0.5313441360190758,0.042741948449885214,1.1255166517164463,7.852601009690246,7.363998822121055,9.020859609856577
RN101_clip,ResNet50-SwAV-BS4096-2x224_selfsupervised,366,165,,1000,50,50,50,tilde,56,True,7.157614154059652,0.694986855630594,0.0,0.931676510747141,7.852601009690246,7.157614154059652,8.784277520437387
RN101_clip,ResNet50-PIRL_selfsupervised,366,165,,1000,50,50,50,tilde,56,True,6.644538187160534,1.2080628225297119,0.0,0.9988344330784331,7.852601009690246,6.644538187160534,8.851435442768679
RN101_clip,ResNet50-ClusterFit-16K-RotNet_selfsupervised,366,160,,1000,50,50,50,tilde,56,True,6.277369981812327,1.5752310278779191,0.0,0.9870520034837496,7.852601009690246,6.277369981812327,8.839653013173995
RN101_clip,ResNet50-MoCoV2-BS256_selfsupervised,366,155,,1000,50,50,50,tilde,56,True,7.012264574247604,0.8403364354426417,0.06408903714978909,1.135870352028455,7.852601009690246,7.076353611397393,9.05256039886849
RN101_clip,nf_resnet50_classification,366,141,,1000,50,50,50,tilde,56,True,6.632620214675783,1.2199807950144628,0.0,0.7291566370752429,7.852601009690246,6.632620214675783,8.581757646765489
RN101_clip,hardcorenas_f_classification,366,294,,1000,50,50,50,tilde,56,True,6.939596094463723,0.9130049152265229,0.0,1.041402991753123,7.852601009690246,6.939596094463723,8.894004001443369
RN101_clip,eca_nfnet_l0_classification,366,134,,1000,50,50,50,tilde,56,True,7.71648721779321,0.13611379189703499,0.6409705746900931,1.1013044535676055,7.852601009690246,8.357457792483304,9.594876037947945
RN101_clip,resnet50_classification,366,156,,1000,50,50,50,tilde,56,True,6.966657181469086,0.8859438282211602,0.0,0.9223976342456472,7.852601009690246,6.966657181469086,8.774998643935893
RN101_clip,semnasnet_100_classification,366,270,,1000,50,50,50,tilde,56,True,6.929130846078382,0.9234701636118636,0.0,0.8356330154156391,7.852601009690246,6.929130846078382,8.688234025105885
RN101_clip,cspresnet50_classification,366,320,,1000,50,50,50,tilde,56,True,7.305820776143114,0.5467802335471319,0.0,0.8531727361391992,7.852601009690246,7.305820776143114,8.705773745829445
RN101_clip,mobilenetv3_large_100_classification,366,252,,1000,50,50,50,tilde,56,True,7.276528907840619,0.5760721018496273,0.0,1.026992812085541,7.852601009690246,7.276528907840619,8.879593821775787
RN101_clip,ghostnet_100_classification,366,290,,1000,50,50,50,tilde,56,True,7.2062673775201,0.6463336321701458,0.0,1.0973474597280015,7.852601009690246,7.2062673775201,8.949948469418247
RN101_clip,convnext_base_classification,366,273,,1000,50,50,50,tilde,56,True,7.852601009690245,0.0,0.4516369856481708,1.0971584506831995,7.852601009690246,8.304237995338417,9.401396446021616
RN101_clip,xcit_nano_12_p8_224_classification,366,266,,1000,50,50,50,tilde,56,True,6.864047041256545,0.9885539684337008,0.0,1.1751509476225541,7.852601009690246,6.864047041256545,9.0277519573128
RN101_clip,xcit_nano_12_p16_224_classification,366,242,,1000,50,50,50,tilde,56,True,6.808091002346479,1.0445100073437672,0.02872557419248878,1.142819352121676,7.852601009690246,6.8368165765389675,9.02414593600441
RN101_clip,swin_large_patch4_window7_224_classification,366,281,,1000,50,50,50,tilde,56,True,7.292166270890728,0.5604347387995174,0.2231686013245069,1.123758547408661,7.852601009690246,7.515334872215235,9.199528158423414
RN101_clip,jx_nest_tiny_classification,366,148,,1000,50,50,50,tilde,56,True,7.457700317144642,0.3949006925456038,0.314068336396077,1.1806052142492938,7.852601009690246,7.771768653540719,9.347274560335617
RN101_clip,pit_ti_224_classification,366,207,,1000,50,50,50,tilde,56,True,7.238104573745741,0.6144964359445053,0.22922330946690384,1.091645273465856,7.852601009690246,7.467327883212644,9.173469592623006
RN101_clip,vit_base_patch32_224_classification,366,218,,1000,50,50,50,tilde,56,True,6.943041194460039,0.9095598152302067,0.0,0.8671055316770859,7.852601009690246,6.943041194460039,8.719706541367332
RN101_clip,vit_base_patch16_224_classification,366,197,,1000,50,50,50,tilde,56,True,6.9605790024957,0.8920220071945462,0.0,0.9000320372493631,7.852601009690246,6.9605790024957,8.752633046939609
RN101_clip,tnt_s_patch16_224_classification,366,198,,1000,50,50,50,tilde,56,True,6.8491292971730475,1.0034717125171984,0.0,0.9725916335005129,7.852601009690246,6.8491292971730475,8.825192643190759
RN101_clip,crossvit_base_240_classification,366,336,,1000,50,50,50,tilde,56,True,7.178139143956716,0.6744618657335302,0.029704012420939563,1.1151608751666862,7.852601009690246,7.207843156377655,8.997465897277872
RN101_clip,deit_base_patch16_224_classification,366,205,,1000,50,50,50,tilde,56,True,7.148670465635926,0.7039305440543195,0.04453787149274113,1.1392827743604306,7.852601009690246,7.1932083371286675,9.036421655543418
RN101_clip,dino_resnet50_selfsupervised,366,162,,1000,50,50,50,tilde,56,True,7.544554167049778,0.30804684264046767,0.24677440600884726,1.1784711047845295,7.852601009690246,7.7913285730586255,9.277846520483623
RN101_clip,dino_vitb16_selfsupervised,366,208,,1000,50,50,50,tilde,56,True,6.140000574833402,1.712600434856844,0.0,1.037624584056437,7.852601009690246,6.140000574833402,8.890225593746683
ResNet50-SimCLR_selfsupervised,ResNet50-DeepClusterV2-2x224_selfsupervised,162,162,,1000,50,50,50,tilde,56,True,7.363998822121055,0.02362508759967774,0.0,0.8363978018620779,7.387623909720733,7.363998822121055,8.224021711582811
ResNet50-SimCLR_selfsupervised,ResNet50-SwAV-BS4096-2x224_selfsupervised,162,165,,1000,50,50,50,tilde,56,True,7.157614154059652,0.23000975566108117,0.0,0.9119701537042522,7.387623909720733,7.157614154059652,8.299594063424985
ResNet50-SimCLR_selfsupervised,ResNet50-PIRL_selfsupervised,162,165,,1000,50,50,50,tilde,56,True,6.644538187160534,0.743085722560199,0.0,0.6634521360049233,7.387623909720733,6.644538187160534,8.051076045725656
ResNet50-SimCLR_selfsupervised,ResNet50-ClusterFit-16K-RotNet_selfsupervised,162,160,,1000,50,50,50,tilde,56,True,6.277369981812327,1.1102539279084063,0.0,0.7235590378131613,7.387623909720733,6.277369981812327,8.111182947533894
ResNet50-SimCLR_selfsupervised,ResNet50-MoCoV2-BS256_selfsupervised,162,155,,1000,50,50,50,tilde,56,True,7.076353611397393,0.31127029832333974,0.0,0.9893110850046787,7.387623909720733,7.076353611397393,8.376934994725412
ResNet50-SimCLR_selfsupervised,nf_resnet50_classification,162,141,,1000,50,50,50,tilde,56,True,6.632620214675783,0.7550036950449499,0.0,0.8628125609393953,7.387623909720733,6.632620214675783,8.250436470660128
ResNet50-SimCLR_selfsupervised,hardcorenas_f_classification,162,294,,1000,50,50,50,tilde,56,True,6.9193293497056105,0.4682945600151225,0.02026674475811241,1.1257845840357126,7.387623909720733,6.939596094463723,8.533675238514558
ResNet50-SimCLR_selfsupervised,eca_nfnet_l0_classification,162,134,,1000,50,50,50,tilde,56,True,7.387623909720732,0.0,0.969833882762571,0.8532721306674169,7.387623909720733,8.357457792483304,9.210729923150721
ResNet50-SimCLR_selfsupervised,resnet50_classification,162,156,,1000,50,50,50,tilde,56,True,6.966657181469086,0.4209667282516474,0.0,0.8663304704925823,7.387623909720733,6.966657181469086,8.253954380213315
ResNet50-SimCLR_selfsupervised,semnasnet_100_classification,162,270,,1000,50,50,50,tilde,56,True,6.929130846078382,0.45849306364235076,0.0,1.1046962805374685,7.387623909720733,6.929130846078382,8.492320190258202
ResNet50-SimCLR_selfsupervised,cspresnet50_classification,162,320,,1000,50,50,50,tilde,56,True,7.305820776143114,0.08180313357761904,0.0,1.1164055771791999,7.387623909720733,7.305820776143114,8.504029486899933
ResNet50-SimCLR_selfsupervised,mobilenetv3_large_100_classification,162,252,,1000,50,50,50,tilde,56,True,7.133583635227069,0.25404027449366406,0.1429452726135496,1.1382822232423955,7.387623909720733,7.276528907840619,8.668851405576678
ResNet50-SimCLR_selfsupervised,ghostnet_100_classification,162,290,,1000,50,50,50,tilde,56,True,7.0497385130037,0.33788539671703344,0.15652886451640047,1.1386666988085743,7.387623909720733,7.2062673775201,8.682819473045708
ResNet50-SimCLR_selfsupervised,convnext_base_classification,162,273,,1000,50,50,50,tilde,56,True,7.387623909720732,0.0,0.9166140856176836,0.841586768906577,7.387623909720733,8.304237995338417,9.145824764244994
ResNet50-SimCLR_selfsupervised,xcit_nano_12_p8_224_classification,162,266,,1000,50,50,50,tilde,56,True,6.864047041256545,0.5235768684641879,0.0,0.978695471679802,7.387623909720733,6.864047041256545,8.366319381400535
ResNet50-SimCLR_selfsupervised,xcit_nano_12_p16_224_classification,162,242,,1000,50,50,50,tilde,56,True,6.8368165765389675,0.5508073331817656,0.0,1.0579888308428602,7.387623909720733,6.8368165765389675,8.445612740563593
ResNet50-SimCLR_selfsupervised,swin_large_patch4_window7_224_classification,162,281,,1000,50,50,50,tilde,56,True,6.943114344138524,0.44450956558220867,0.572220528076711,1.191598312309707,7.387623909720733,7.515334872215235,9.151442750107151
ResNet50-SimCLR_selfsupervised,jx_nest_tiny_classification,162,148,,1000,50,50,50,tilde,56,True,7.387623909720733,0.0,0.3841447438199861,0.9483684231528473,7.387623909720733,7.771768653540719,8.720137076693566
ResNet50-SimCLR_selfsupervised,pit_ti_224_classification,162,207,,1000,50,50,50,tilde,56,True,7.387623909720733,0.0,0.07970397349191138,1.0995499700685416,7.387623909720733,7.467327883212644,8.566877853281186
ResNet50-SimCLR_selfsupervised,vit_base_patch32_224_classification,162,218,,1000,50,50,50,tilde,56,True,6.943041194460039,0.4445827152606938,0.0,1.0418505112173326,7.387623909720733,6.943041194460039,8.429474420938066
ResNet50-SimCLR_selfsupervised,vit_base_patch16_224_classification,162,197,,1000,50,50,50,tilde,56,True,6.9605790024957,0.4270449072250333,0.0,0.7970184605545905,7.387623909720733,6.9605790024957,8.184642370275323
ResNet50-SimCLR_selfsupervised,tnt_s_patch16_224_classification,162,198,,1000,50,50,50,tilde,56,True,6.8491292971730475,0.5384946125476855,0.0,0.8496579047061052,7.387623909720733,6.8491292971730475,8.237281814426838
ResNet50-SimCLR_selfsupervised,crossvit_base_240_classification,162,336,,1000,50,50,50,tilde,56,True,7.207843156377655,0.17978075334307775,0.0,1.0440910628649211,7.387623909720733,7.207843156377655,8.431714972585654
ResNet50-SimCLR_selfsupervised,deit_base_patch16_224_classification,162,205,,1000,50,50,50,tilde,56,True,7.1932083371286675,0.19441557259206554,0.0,1.0394063092090997,7.387623909720733,7.1932083371286675,8.427030218929833
ResNet50-SimCLR_selfsupervised,dino_resnet50_selfsupervised,162,162,,1000,50,50,50,tilde,56,True,7.387623909720733,0.0,0.40370466333789246,0.6413926794349143,7.387623909720733,7.7913285730586255,8.43272125249354
ResNet50-SimCLR_selfsupervised,dino_vitb16_selfsupervised,162,208,,1000,50,50,50,tilde,56,True,6.014211825927352,1.3734120837933812,0.12578874890605007,1.1794110546131469,7.387623909720733,6.140000574833402,8.69282371323993
ResNet50-DeepClusterV2-2x224_selfsupervised,ResNet50-SwAV-BS4096-2x224_selfsupervised,162,165,,1000,50,50,50,tilde,56,True,7.157614154059652,0.20638466806140343,0.0,0.8187791444767152,7.363998822121055,7.157614154059652,8.18277796659777
ResNet50-DeepClusterV2-2x224_selfsupervised,ResNet50-PIRL_selfsupervised,162,165,,1000,50,50,50,tilde,56,True,6.644538187160534,0.7194606349605213,0.0,0.6621114077521311,7.363998822121055,6.644538187160534,8.026110229873186
ResNet50-DeepClusterV2-2x224_selfsupervised,ResNet50-ClusterFit-16K-RotNet_selfsupervised,162,160,,1000,50,50,50,tilde,56,True,6.277369981812327,1.0866288403087285,0.0,0.6231099140728036,7.363998822121055,6.277369981812327,7.987108736193859
ResNet50-DeepClusterV2-2x224_selfsupervised,ResNet50-MoCoV2-BS256_selfsupervised,162,155,,1000,50,50,50,tilde,56,True,7.076353611397393,0.287645210723662,0.0,0.8179150180318322,7.363998822121055,7.076353611397393,8.181913840152887
ResNet50-DeepClusterV2-2x224_selfsupervised,nf_resnet50_classification,162,141,,1000,50,50,50,tilde,56,True,6.632620214675783,0.7313786074452722,0.0,0.8186868504753173,7.363998822121055,6.632620214675783,8.182685672596373
ResNet50-DeepClusterV2-2x224_selfsupervised,hardcorenas_f_classification,162,294,,1000,50,50,50,tilde,56,True,6.939596094463723,0.42440272765733233,0.0,1.0436852641300804,7.363998822121055,6.939596094463723,8.407684086251136
ResNet50-DeepClusterV2-2x224_selfsupervised,eca_nfnet_l0_classification,162,134,,1000,50,50,50,tilde,56,True,7.363998822121056,0.0,0.9934589703622487,0.7102425175060656,7.363998822121055,8.357457792483304,9.06770030998937
ResNet50-DeepClusterV2-2x224_selfsupervised,resnet50_classification,162,156,,1000,50,50,50,tilde,56,True,6.966657181469086,0.39734164065196964,0.0,0.6797593674558824,7.363998822121055,6.966657181469086,8.043758189576938
ResNet50-DeepClusterV2-2x224_selfsupervised,semnasnet_100_classification,162,270,,1000,50,50,50,tilde,56,True,6.929130846078382,0.434867976042673,0.0,0.9771424897093572,7.363998822121055,6.929130846078382,8.341141311830413
ResNet50-DeepClusterV2-2x224_selfsupervised,cspresnet50_classification,162,320,,1000,50,50,50,tilde,56,True,7.305820776143114,0.058178045977941295,0.0,0.9697196976378661,7.363998822121055,7.305820776143114,8.333718519758921
ResNet50-DeepClusterV2-2x224_selfsupervised,mobilenetv3_large_100_classification,162,252,,1000,50,50,50,tilde,56,True,7.223469404675632,0.14052941744542302,0.05305950316498631,1.1053427773539974,7.363998822121055,7.276528907840619,8.522401102640039
ResNet50-DeepClusterV2-2x224_selfsupervised,ghostnet_100_classification,162,290,,1000,50,50,50,tilde,56,True,7.198097481197548,0.16590134092350706,0.008169896322551828,1.144627365022325,7.363998822121055,7.2062673775201,8.516796083465932
ResNet50-DeepClusterV2-2x224_selfsupervised,convnext_base_classification,162,273,,1000,50,50,50,tilde,56,True,7.363998822121056,0.0,0.9402391732173614,0.7287992413802868,7.363998822121055,8.304237995338417,9.033037236718704
ResNet50-DeepClusterV2-2x224_selfsupervised,xcit_nano_12_p8_224_classification,162,266,,1000,50,50,50,tilde,56,True,6.864047041256545,0.4999517808645102,0.0,0.892878628966451,7.363998822121055,6.864047041256545,8.256877451087506
ResNet50-DeepClusterV2-2x224_selfsupervised,xcit_nano_12_p16_224_classification,162,242,,1000,50,50,50,tilde,56,True,6.8368165765389675,0.5271822455820878,0.0,0.8480017761471403,7.363998822121055,6.8368165765389675,8.212000598268196
ResNet50-DeepClusterV2-2x224_selfsupervised,swin_large_patch4_window7_224_classification,162,281,,1000,50,50,50,tilde,56,True,7.038372658927063,0.3256261631939923,0.47696221328817234,1.2173975738258722,7.363998822121055,7.515334872215235,9.0583586092351
ResNet50-DeepClusterV2-2x224_selfsupervised,jx_nest_tiny_classification,162,148,,1000,50,50,50,tilde,56,True,7.363998822121055,0.0,0.40776983141966383,0.8897530225032275,7.363998822121055,7.771768653540719,8.661521676043947
ResNet50-DeepClusterV2-2x224_selfsupervised,pit_ti_224_classification,162,207,,1000,50,50,50,tilde,56,True,7.363998822121055,0.0,0.10332906109158912,0.8829148302955891,7.363998822121055,7.467327883212644,8.350242713508234
ResNet50-DeepClusterV2-2x224_selfsupervised,vit_base_patch32_224_classification,162,218,,1000,50,50,50,tilde,56,True,6.943041194460039,0.4209576276610161,0.0,0.9465418315408511,7.363998822121055,6.943041194460039,8.310540653661906
ResNet50-DeepClusterV2-2x224_selfsupervised,vit_base_patch16_224_classification,162,197,,1000,50,50,50,tilde,56,True,6.9605790024957,0.40341981962535556,0.0,0.6747494862964318,7.363998822121055,6.9605790024957,8.038748308417487
ResNet50-DeepClusterV2-2x224_selfsupervised,tnt_s_patch16_224_classification,162,198,,1000,50,50,50,tilde,56,True,6.8491292971730475,0.5148695249480078,0.0,0.820604233087967,7.363998822121055,6.8491292971730475,8.184603055209022
ResNet50-DeepClusterV2-2x224_selfsupervised,crossvit_base_240_classification,162,336,,1000,50,50,50,tilde,56,True,7.207843156377655,0.1561556657434,0.0,0.9700503705643895,7.363998822121055,7.207843156377655,8.334049192685445
ResNet50-DeepClusterV2-2x224_selfsupervised,deit_base_patch16_224_classification,162,205,,1000,50,50,50,tilde,56,True,7.1932083371286675,0.1707904849923878,0.0,0.9296810803469109,7.363998822121055,7.1932083371286675,8.293679902467966
ResNet50-DeepClusterV2-2x224_selfsupervised,dino_resnet50_selfsupervised,162,162,,1000,50,50,50,tilde,56,True,7.363998822121055,0.0,0.4273297509375702,0.5032372273292749,7.363998822121055,7.7913285730586255,8.2945658003879
ResNet50-DeepClusterV2-2x224_selfsupervised,dino_vitb16_selfsupervised,162,208,,1000,50,50,50,tilde,56,True,5.890522789826346,1.473476032294709,0.24947778500705553,1.2029789020318402,7.363998822121055,6.140000574833402,8.816455509159951
ResNet50-SwAV-BS4096-2x224_selfsupervised,ResNet50-PIRL_selfsupervised,165,165,,1000,50,50,50,tilde,56,True,6.644538187160534,0.5130759668991178,0.0,0.797263583486612,7.157614154059652,6.644538187160534,7.954877737546264
ResNet50-SwAV-BS4096-2x224_selfsupervised,ResNet50-ClusterFit-16K-RotNet_selfsupervised,165,160,,1000,50,50,50,tilde,56,True,6.277369981812327,0.8802441722473251,0.0,0.808217515521469,7.157614154059652,6.277369981812327,7.965831669581121
ResNet50-SwAV-BS4096-2x224_selfsupervised,ResNet50-MoCoV2-BS256_selfsupervised,165,155,,1000,50,50,50,tilde,56,True,7.022689147149308,0.13492500691034426,0.053664464248085686,1.071293333741517,7.157614154059652,7.076353611397393,8.282571952049254
ResNet50-SwAV-BS4096-2x224_selfsupervised,nf_resnet50_classification,165,141,,1000,50,50,50,tilde,56,True,6.632620214675783,0.5249939393838687,0.0,0.9762253351002572,7.157614154059652,6.632620214675783,8.133839489159909
ResNet50-SwAV-BS4096-2x224_selfsupervised,hardcorenas_f_classification,165,294,,1000,50,50,50,tilde,56,True,6.7150026642458025,0.44261148981384935,0.22459343021792044,1.0953182978123097,7.157614154059652,6.939596094463723,8.477525882089882
ResNet50-SwAV-BS4096-2x224_selfsupervised,eca_nfnet_l0_classification,165,134,,1000,50,50,50,tilde,56,True,7.157614154059653,0.0,1.1998436384236522,0.8184559083858733,7.157614154059652,8.357457792483304,9.175913700869177
ResNet50-SwAV-BS4096-2x224_selfsupervised,resnet50_classification,165,156,,1000,50,50,50,tilde,56,True,6.966657181469086,0.1909569725905662,0.0,0.8656228546006881,7.157614154059652,6.966657181469086,8.02323700866034
ResNet50-SwAV-BS4096-2x224_selfsupervised,semnasnet_100_classification,165,270,,1000,50,50,50,tilde,56,True,6.929130846078382,0.2284833079812696,0.0,0.984350186941561,7.157614154059652,6.929130846078382,8.141964341001213
ResNet50-SwAV-BS4096-2x224_selfsupervised,cspresnet50_classification,165,320,,1000,50,50,50,tilde,56,True,7.157614154059652,0.0,0.14820662208346214,0.9575902563509961,7.157614154059652,7.305820776143114,8.26341103249411
ResNet50-SwAV-BS4096-2x224_selfsupervised,mobilenetv3_large_100_classification,165,252,,1000,50,50,50,tilde,56,True,6.888117621772186,0.26949653228746584,0.38841128606843256,1.13749507662994,7.157614154059652,7.276528907840619,8.683520516758024
ResNet50-SwAV-BS4096-2x224_selfsupervised,ghostnet_100_classification,165,290,,1000,50,50,50,tilde,56,True,6.894685624532931,0.26292852952672074,0.31158175298716895,1.10404650254198,7.157614154059652,7.2062673775201,8.5732424095888
ResNet50-SwAV-BS4096-2x224_selfsupervised,convnext_base_classification,165,273,,1000,50,50,50,tilde,56,True,7.157614154059653,0.0,1.1466238412787648,0.6204586228148372,7.157614154059652,8.304237995338417,8.924696618153254
ResNet50-SwAV-BS4096-2x224_selfsupervised,xcit_nano_12_p8_224_classification,165,266,,1000,50,50,50,tilde,56,True,6.834740515351418,0.32287363870823427,0.0293065259051275,1.0729526006195504,7.157614154059652,6.864047041256545,8.25987328058433
ResNet50-SwAV-BS4096-2x224_selfsupervised,xcit_nano_12_p16_224_classification,165,242,,1000,50,50,50,tilde,56,True,6.772245366166366,0.38536878789328544,0.06457121037260105,1.0731157745066255,7.157614154059652,6.8368165765389675,8.295301138938878
ResNet50-SwAV-BS4096-2x224_selfsupervised,swin_large_patch4_window7_224_classification,165,281,,1000,50,50,50,tilde,56,True,6.965381555507824,0.19223259855182828,0.5499533167074118,1.1621700226718517,7.157614154059652,7.515334872215235,8.869737493438915
ResNet50-SwAV-BS4096-2x224_selfsupervised,jx_nest_tiny_classification,165,148,,1000,50,50,50,tilde,56,True,7.157614154059652,0.0,0.6141544994810673,0.7541486466863683,7.157614154059652,7.771768653540719,8.525917300227087
ResNet50-SwAV-BS4096-2x224_selfsupervised,pit_ti_224_classification,165,207,,1000,50,50,50,tilde,56,True,7.157614154059652,0.0,0.30971372915299256,0.8550309087081454,7.157614154059652,7.467327883212644,8.32235879192079
ResNet50-SwAV-BS4096-2x224_selfsupervised,vit_base_patch32_224_classification,165,218,,1000,50,50,50,tilde,56,True,6.943041194460039,0.21457295959961264,0.0,1.072044990327968,7.157614154059652,6.943041194460039,8.22965914438762
ResNet50-SwAV-BS4096-2x224_selfsupervised,vit_base_patch16_224_classification,165,197,,1000,50,50,50,tilde,56,True,6.9605790024957,0.19703515156395213,0.0,0.8952482356820708,7.157614154059652,6.9605790024957,8.052862389741723
ResNet50-SwAV-BS4096-2x224_selfsupervised,tnt_s_patch16_224_classification,165,198,,1000,50,50,50,tilde,56,True,6.8491292971730475,0.3084848568866043,0.0,0.881390504415001,7.157614154059652,6.8491292971730475,8.039004658474653
ResNet50-SwAV-BS4096-2x224_selfsupervised,crossvit_base_240_classification,165,336,,1000,50,50,50,tilde,56,True,7.157614154059652,0.0,0.050229002318003424,0.9991856161391519,7.157614154059652,7.207843156377655,8.207028772516807
ResNet50-SwAV-BS4096-2x224_selfsupervised,deit_base_patch16_224_classification,165,205,,1000,50,50,50,tilde,56,True,7.157614154059652,0.0,0.03559418306901563,0.9644559437240465,7.157614154059652,7.1932083371286675,8.157664280852714
ResNet50-SwAV-BS4096-2x224_selfsupervised,dino_resnet50_selfsupervised,165,162,,1000,50,50,50,tilde,56,True,7.157614154059652,0.0,0.6337144189989736,0.7523323468534988,7.157614154059652,7.7913285730586255,8.543660919912124
ResNet50-SwAV-BS4096-2x224_selfsupervised,dino_vitb16_selfsupervised,165,208,,1000,50,50,50,tilde,56,True,6.054242901919645,1.1033712521400068,0.0857576729137568,1.1402875924951292,7.157614154059652,6.140000574833402,8.383659419468538
ResNet50-PIRL_selfsupervised,ResNet50-ClusterFit-16K-RotNet_selfsupervised,165,160,,1000,50,50,50,tilde,56,True,6.277369981812327,0.36716820534820727,0.0,0.9310130997557762,6.644538187160534,6.277369981812327,7.57555128691631
ResNet50-PIRL_selfsupervised,ResNet50-MoCoV2-BS256_selfsupervised,165,155,,1000,50,50,50,tilde,56,True,6.644538187160534,0.0,0.43181542423685926,0.9039723112043925,6.644538187160534,7.076353611397393,7.980325922601786
ResNet50-PIRL_selfsupervised,nf_resnet50_classification,165,141,,1000,50,50,50,tilde,56,True,6.360998886123378,0.2835393010371563,0.2716213285524054,1.0763001616051397,6.644538187160534,6.632620214675783,7.992459677318079
ResNet50-PIRL_selfsupervised,hardcorenas_f_classification,165,294,,1000,50,50,50,tilde,56,True,6.423575319591409,0.2209628675691251,0.516020774872314,1.1566955626603246,6.644538187160534,6.939596094463723,8.317254524693173
ResNet50-PIRL_selfsupervised,eca_nfnet_l0_classification,165,134,,1000,50,50,50,tilde,56,True,6.644538187160533,0.0,1.71291960532277,0.7035982113204788,6.644538187160534,8.357457792483304,9.061056003803783
ResNet50-PIRL_selfsupervised,resnet50_classification,165,156,,1000,50,50,50,tilde,56,True,6.644538187160534,0.0,0.3221189943085516,1.0087685477417248,6.644538187160534,6.966657181469086,7.97542572921081
ResNet50-PIRL_selfsupervised,semnasnet_100_classification,165,270,,1000,50,50,50,tilde,56,True,6.5292784710873075,0.11525971607322649,0.39985237499107473,1.1041552164962205,6.644538187160534,6.929130846078382,8.14854577864783
ResNet50-PIRL_selfsupervised,cspresnet50_classification,165,320,,1000,50,50,50,tilde,56,True,6.644538187160534,0.0,0.66128258898258,0.9201012625643115,6.644538187160534,7.305820776143114,8.225922038707425
ResNet50-PIRL_selfsupervised,mobilenetv3_large_100_classification,165,252,,1000,50,50,50,tilde,56,True,6.582619860791127,0.06191832636940742,0.693909047049492,1.1341244744519337,6.644538187160534,7.276528907840619,8.47257170866196
ResNet50-PIRL_selfsupervised,ghostnet_100_classification,165,290,,1000,50,50,50,tilde,56,True,6.539019092007534,0.10551909515300029,0.6672482855125663,1.1633361388932073,6.644538187160534,7.2062673775201,8.475122611566308
ResNet50-PIRL_selfsupervised,convnext_base_classification,165,273,,1000,50,50,50,tilde,56,True,6.644538187160533,0.0,1.6596998081778827,0.6337440019107703,6.644538187160534,8.304237995338417,8.937981997249187
ResNet50-PIRL_selfsupervised,xcit_nano_12_p8_224_classification,165,266,,1000,50,50,50,tilde,56,True,6.563127986378624,0.08141020078191019,0.30091905487792125,1.043859032415619,6.644538187160534,6.864047041256545,7.989316274454074
ResNet50-PIRL_selfsupervised,xcit_nano_12_p16_224_classification,165,242,,1000,50,50,50,tilde,56,True,6.505544553889953,0.138993633270581,0.33127202264901445,1.0682682960177097,6.644538187160534,6.8368165765389675,8.044078505827258
ResNet50-PIRL_selfsupervised,swin_large_patch4_window7_224_classification,165,281,,1000,50,50,50,tilde,56,True,6.5083704990282145,0.1361676881323195,1.0069643731870208,1.1632294836913273,6.644538187160534,7.515334872215235,8.814732044038882
ResNet50-PIRL_selfsupervised,jx_nest_tiny_classification,165,148,,1000,50,50,50,tilde,56,True,6.644538187160534,0.0,1.127230466380185,0.6282319041285556,6.644538187160534,7.771768653540719,8.400000557669275
ResNet50-PIRL_selfsupervised,pit_ti_224_classification,165,207,,1000,50,50,50,tilde,56,True,6.644538187160534,0.0,0.8227896960521104,0.73233930106288,6.644538187160534,7.467327883212644,8.199667184275524
ResNet50-PIRL_selfsupervised,vit_base_patch32_224_classification,165,218,,1000,50,50,50,tilde,56,True,6.595328419819185,0.049209767341348964,0.34771277464085415,1.083076803667871,6.644538187160534,6.943041194460039,8.07532776546926
ResNet50-PIRL_selfsupervised,vit_base_patch16_224_classification,165,197,,1000,50,50,50,tilde,56,True,6.644538187160534,0.0,0.3160408153351657,0.9659631473572583,6.644538187160534,6.9605790024957,7.926542149852958
ResNet50-PIRL_selfsupervised,tnt_s_patch16_224_classification,165,198,,1000,50,50,50,tilde,56,True,6.60380633273456,0.0407318544259736,0.2453229644384871,1.0151716359203302,6.644538187160534,6.8491292971730475,7.905032787519351
ResNet50-PIRL_selfsupervised,crossvit_base_240_classification,165,336,,1000,50,50,50,tilde,56,True,6.644538187160534,0.0,0.5633049692171213,0.795302612011402,6.644538187160534,7.207843156377655,8.003145768389057
ResNet50-PIRL_selfsupervised,deit_base_patch16_224_classification,165,205,,1000,50,50,50,tilde,56,True,6.644538187160534,0.0,0.5486701499681335,0.8010880286472082,6.644538187160534,7.1932083371286675,7.994296365775876
ResNet50-PIRL_selfsupervised,dino_resnet50_selfsupervised,165,162,,1000,50,50,50,tilde,56,True,6.644538187160534,0.0,1.1467903858980915,0.4769828808897705,6.644538187160534,7.7913285730586255,8.268311453948396
ResNet50-PIRL_selfsupervised,dino_vitb16_selfsupervised,165,208,,1000,50,50,50,tilde,56,True,5.606067496298774,1.03847069086176,0.5339330785346279,1.0747144571164426,6.644538187160534,6.140000574833402,8.253185722811605
ResNet50-ClusterFit-16K-RotNet_selfsupervised,ResNet50-MoCoV2-BS256_selfsupervised,160,155,,1000,50,50,50,tilde,56,True,6.277369981812327,0.0,0.7989836295850665,0.7895106455972742,6.277369981812327,7.076353611397393,7.8658642569946675
ResNet50-ClusterFit-16K-RotNet_selfsupervised,nf_resnet50_classification,160,141,,1000,50,50,50,tilde,56,True,5.980516014937589,0.2968539668747381,0.6521041997381944,1.0355988173653987,6.277369981812327,6.632620214675783,7.96507299891592
ResNet50-ClusterFit-16K-RotNet_selfsupervised,hardcorenas_f_classification,160,294,,1000,50,50,50,tilde,56,True,6.21200383464797,0.06536614716435718,0.7275922598157534,1.0925032941584512,6.277369981812327,6.939596094463723,8.097465535786531
ResNet50-ClusterFit-16K-RotNet_selfsupervised,eca_nfnet_l0_classification,160,134,,1000,50,50,50,tilde,56,True,6.277369981812326,0.0,2.0800878106709773,0.644255328794042,6.277369981812327,8.357457792483304,9.001713121277346
ResNet50-ClusterFit-16K-RotNet_selfsupervised,resnet50_classification,160,156,,1000,50,50,50,tilde,56,True,6.277369981812327,0.0,0.6892871996567589,0.9297190103156003,6.277369981812327,6.966657181469086,7.896376191784686
ResNet50-ClusterFit-16K-RotNet_selfsupervised,semnasnet_100_classification,160,270,,1000,50,50,50,tilde,56,True,6.277369981812327,0.0,0.6517608642660555,1.0892112717446478,6.277369981812327,6.929130846078382,8.01834211782303
ResNet50-ClusterFit-16K-RotNet_selfsupervised,cspresnet50_classification,160,320,,1000,50,50,50,tilde,56,True,6.277369981812327,0.0,1.0284507943307872,1.0243264350869348,6.277369981812327,7.305820776143114,8.330147211230049
ResNet50-ClusterFit-16K-RotNet_selfsupervised,mobilenetv3_large_100_classification,160,252,,1000,50,50,50,tilde,56,True,6.253966691733425,0.023403290078901406,1.0225622161071932,1.0956602902565917,6.277369981812327,7.276528907840619,8.395592488176112
ResNet50-ClusterFit-16K-RotNet_selfsupervised,ghostnet_100_classification,160,290,,1000,50,50,50,tilde,56,True,6.271653160600111,0.005716821212216061,0.9346142169199894,1.1105120898731302,6.277369981812327,7.2062673775201,8.322496288605446
ResNet50-ClusterFit-16K-RotNet_selfsupervised,convnext_base_classification,160,273,,1000,50,50,50,tilde,56,True,6.277369981812326,0.0,2.02686801352609,0.6011361052739534,6.277369981812327,8.304237995338417,8.90537410061237
ResNet50-ClusterFit-16K-RotNet_selfsupervised,xcit_nano_12_p8_224_classification,160,266,,1000,50,50,50,tilde,56,True,6.2681677036310965,0.009202278181230206,0.5958793376254485,1.0681544937884997,6.277369981812327,6.864047041256545,7.941403813226275
ResNet50-ClusterFit-16K-RotNet_selfsupervised,xcit_nano_12_p16_224_classification,160,242,,1000,50,50,50,tilde,56,True,6.252585928448783,0.024784053363544167,0.5842306480901849,1.0964876664392875,6.277369981812327,6.8368165765389675,7.958088296341799
ResNet50-ClusterFit-16K-RotNet_selfsupervised,swin_large_patch4_window7_224_classification,160,281,,1000,50,50,50,tilde,56,True,6.206724866371835,0.07064511544049168,1.3086100058434003,1.2055241837391693,6.277369981812327,7.515334872215235,8.791504171394896
ResNet50-ClusterFit-16K-RotNet_selfsupervised,jx_nest_tiny_classification,160,148,,1000,50,50,50,tilde,56,True,6.277369981812327,0.0,1.4943986717283924,0.5027784283821601,6.277369981812327,7.771768653540719,8.27454708192288
ResNet50-ClusterFit-16K-RotNet_selfsupervised,pit_ti_224_classification,160,207,,1000,50,50,50,tilde,56,True,6.277369981812327,0.0,1.1899579014003177,0.4852398641042468,6.277369981812327,7.467327883212644,7.952567747316891
ResNet50-ClusterFit-16K-RotNet_selfsupervised,vit_base_patch32_224_classification,160,218,,1000,50,50,50,tilde,56,True,6.277369981812327,0.0,0.6656712126477125,1.0362864760278088,6.277369981812327,6.943041194460039,7.979327670487848
ResNet50-ClusterFit-16K-RotNet_selfsupervised,vit_base_patch16_224_classification,160,197,,1000,50,50,50,tilde,56,True,6.277369981812327,0.0,0.683209020683373,0.80598232816845,6.277369981812327,6.9605790024957,7.76656133066415
ResNet50-ClusterFit-16K-RotNet_selfsupervised,tnt_s_patch16_224_classification,160,198,,1000,50,50,50,tilde,56,True,6.277369981812327,0.0,0.5717593153607208,1.0117229085129518,6.277369981812327,6.8491292971730475,7.860852205685999
ResNet50-ClusterFit-16K-RotNet_selfsupervised,crossvit_base_240_classification,160,336,,1000,50,50,50,tilde,56,True,6.277369981812327,0.0,0.9304731745653285,0.6564058919433515,6.277369981812327,7.207843156377655,7.864249048321007
ResNet50-ClusterFit-16K-RotNet_selfsupervised,deit_base_patch16_224_classification,160,205,,1000,50,50,50,tilde,56,True,6.277369981812327,0.0,0.9158383553163407,0.6174789639487015,6.277369981812327,7.1932083371286675,7.810687301077369
ResNet50-ClusterFit-16K-RotNet_selfsupervised,dino_resnet50_selfsupervised,160,162,,1000,50,50,50,tilde,56,True,6.277369981812327,0.0,1.5139585912462987,0.5910365218118772,6.277369981812327,7.7913285730586255,8.382365094870503
ResNet50-ClusterFit-16K-RotNet_selfsupervised,dino_vitb16_selfsupervised,160,208,,1000,50,50,50,tilde,56,True,5.366880341686074,0.9104896401262526,0.7731202331473277,1.0593677095500054,6.277369981812327,6.140000574833402,8.10985792450966
ResNet50-MoCoV2-BS256_selfsupervised,nf_resnet50_classification,155,141,,1000,50,50,50,tilde,56,True,6.451422606369653,0.6249310050277401,0.18119760830612996,1.0481567646765226,7.076353611397393,6.632620214675783,8.305707984380046
ResNet50-MoCoV2-BS256_selfsupervised,hardcorenas_f_classification,155,294,,1000,50,50,50,tilde,56,True,6.803060504794868,0.2732931066025257,0.13653558966885537,1.1342421590553897,7.076353611397393,6.939596094463723,8.347131360121638
ResNet50-MoCoV2-BS256_selfsupervised,eca_nfnet_l0_classification,155,134,,1000,50,50,50,tilde,56,True,7.076353611397392,0.0,1.2811041810859107,0.6890590209796983,7.076353611397393,8.357457792483304,9.046516813463002
ResNet50-MoCoV2-BS256_selfsupervised,resnet50_classification,155,156,,1000,50,50,50,tilde,56,True,6.915273798613596,0.16107981278379757,0.051383382855489934,1.1055820337215536,7.076353611397393,6.966657181469086,8.233319027974437
ResNet50-MoCoV2-BS256_selfsupervised,semnasnet_100_classification,155,270,,1000,50,50,50,tilde,56,True,6.7515092002302275,0.3248444111671658,0.17762164584815476,1.1370939098538937,7.076353611397393,6.929130846078382,8.391069167099442
ResNet50-MoCoV2-BS256_selfsupervised,cspresnet50_classification,155,320,,1000,50,50,50,tilde,56,True,6.997506743967675,0.07884686742971869,0.3083140321754394,1.1075325119258395,7.076353611397393,7.305820776143114,8.492200155498672
ResNet50-MoCoV2-BS256_selfsupervised,mobilenetv3_large_100_classification,155,252,,1000,50,50,50,tilde,56,True,6.904707037315312,0.1716465740820814,0.3718218705253067,1.180760982051467,7.076353611397393,7.276528907840619,8.628936463974167
ResNet50-MoCoV2-BS256_selfsupervised,ghostnet_100_classification,155,290,,1000,50,50,50,tilde,56,True,6.868454411279903,0.20789920011748997,0.33781296624019674,1.1735417288746541,7.076353611397393,7.2062673775201,8.587708306512244
ResNet50-MoCoV2-BS256_selfsupervised,convnext_base_classification,155,273,,1000,50,50,50,tilde,56,True,7.076353611397392,0.0,1.2278843839410234,0.6328826687165492,7.076353611397393,8.304237995338417,8.937120664054966
ResNet50-MoCoV2-BS256_selfsupervised,xcit_nano_12_p8_224_classification,155,266,,1000,50,50,50,tilde,56,True,6.8442695773807465,0.2320840340166468,0.019777463875798595,1.114886210354193,7.076353611397393,6.864047041256545,8.211017285627385
ResNet50-MoCoV2-BS256_selfsupervised,xcit_nano_12_p16_224_classification,155,242,,1000,50,50,50,tilde,56,True,6.83623689399049,0.2401167174069032,0.0005796825484774004,1.0611886553765881,7.076353611397393,6.8368165765389675,8.138121949322459
ResNet50-MoCoV2-BS256_selfsupervised,swin_large_patch4_window7_224_classification,155,281,,1000,50,50,50,tilde,56,True,6.761037209688044,0.3153164017093495,0.7542976625271915,1.2233966594793708,7.076353611397393,7.515334872215235,9.054047933403956
ResNet50-MoCoV2-BS256_selfsupervised,jx_nest_tiny_classification,155,148,,1000,50,50,50,tilde,56,True,7.076353611397393,0.0,0.6954150421433258,0.8527516196985827,7.076353611397393,7.771768653540719,8.624520273239302
ResNet50-MoCoV2-BS256_selfsupervised,pit_ti_224_classification,155,207,,1000,50,50,50,tilde,56,True,7.076353611397393,0.0,0.39097427181525113,0.6368852520806856,7.076353611397393,7.467327883212644,8.10421313529333
ResNet50-MoCoV2-BS256_selfsupervised,vit_base_patch32_224_classification,155,218,,1000,50,50,50,tilde,56,True,6.86278376819634,0.21356984320105354,0.08025742626369947,1.0760727889384691,7.076353611397393,6.943041194460039,8.232683826599562
ResNet50-MoCoV2-BS256_selfsupervised,vit_base_patch16_224_classification,155,197,,1000,50,50,50,tilde,56,True,6.9605790024957,0.11577460890169355,0.0,0.8785993561483538,7.076353611397393,6.9605790024957,7.954952967545747
ResNet50-MoCoV2-BS256_selfsupervised,tnt_s_patch16_224_classification,155,198,,1000,50,50,50,tilde,56,True,6.8491292971730475,0.22722431422434575,0.0,1.0018838388572648,7.076353611397393,6.8491292971730475,8.078237450254658
ResNet50-MoCoV2-BS256_selfsupervised,crossvit_base_240_classification,155,336,,1000,50,50,50,tilde,56,True,6.97148386282646,0.10486974857093312,0.23635929355119512,1.0687032839144006,7.076353611397393,7.207843156377655,8.381416188862989
ResNet50-MoCoV2-BS256_selfsupervised,deit_base_patch16_224_classification,155,205,,1000,50,50,50,tilde,56,True,7.008704144644037,0.06764946675335626,0.18450419248463046,1.0706706348369206,7.076353611397393,7.1932083371286675,8.331528438718944
ResNet50-MoCoV2-BS256_selfsupervised,dino_resnet50_selfsupervised,155,162,,1000,50,50,50,tilde,56,True,7.076353611397393,0.0,0.7149749616612322,0.6287331035465504,7.076353611397393,7.7913285730586255,8.420061676605176
ResNet50-MoCoV2-BS256_selfsupervised,dino_vitb16_selfsupervised,155,208,,1000,50,50,50,tilde,56,True,5.456792847196095,1.6195607642012986,0.6832077276373072,1.1795902080035088,7.076353611397393,6.140000574833402,8.93915154703821
nf_resnet50_classification,hardcorenas_f_classification,141,294,,1000,50,50,50,tilde,56,True,6.412135109676715,0.22048510499906815,0.527460984787008,1.1121038976500728,6.632620214675783,6.939596094463723,8.272185097112864
nf_resnet50_classification,eca_nfnet_l0_classification,141,134,,1000,50,50,50,tilde,56,True,6.632620214675784,0.0,1.724837577807521,0.6811015240768263,6.632620214675783,8.357457792483304,9.03855931656013
nf_resnet50_classification,resnet50_classification,141,156,,1000,50,50,50,tilde,56,True,6.632620214675783,0.0,0.3340369667933025,1.020232204743066,6.632620214675783,6.966657181469086,7.986889386212152
nf_resnet50_classification,semnasnet_100_classification,141,270,,1000,50,50,50,tilde,56,True,6.5272172726232665,0.10540294205251666,0.4019135734551158,1.1251083270649982,6.632620214675783,6.929130846078382,8.159642115195897
nf_resnet50_classification,cspresnet50_classification,141,320,,1000,50,50,50,tilde,56,True,6.632620214675783,0.0,0.6732005614673309,0.841187106224468,6.632620214675783,7.305820776143114,8.147007882367582
nf_resnet50_classification,mobilenetv3_large_100_classification,141,252,,1000,50,50,50,tilde,56,True,6.632620214675783,0.0,0.6439086931648355,0.9799228814291423,6.632620214675783,7.276528907840619,8.25645178926976
nf_resnet50_classification,ghostnet_100_classification,141,290,,1000,50,50,50,tilde,56,True,6.632620214675783,0.0,0.5736471628443169,1.087019081705436,6.632620214675783,7.2062673775201,8.293286459225536
nf_resnet50_classification,convnext_base_classification,141,273,,1000,50,50,50,tilde,56,True,6.632620214675784,0.0,1.6716177806626336,0.6687566368319366,6.632620214675783,8.304237995338417,8.972994632170353
nf_resnet50_classification,xcit_nano_12_p8_224_classification,141,266,,1000,50,50,50,tilde,56,True,6.505111965536063,0.12750824913972014,0.3589350757204821,1.122981664248842,6.632620214675783,6.864047041256545,8.114536954645107
nf_resnet50_classification,xcit_nano_12_p16_224_classification,141,242,,1000,50,50,50,tilde,56,True,6.347842026388203,0.2847781882875804,0.48897455015076474,1.0451847062541963,6.632620214675783,6.8368165765389675,8.166779471080744
nf_resnet50_classification,swin_large_patch4_window7_224_classification,141,281,,1000,50,50,50,tilde,56,True,6.628295459200474,0.004324755475309416,0.8870394130147616,1.086318578747524,6.632620214675783,7.515334872215235,8.605978206438069
nf_resnet50_classification,jx_nest_tiny_classification,141,148,,1000,50,50,50,tilde,56,True,6.632620214675783,0.0,1.139148438864936,0.9446854545752172,6.632620214675783,7.771768653540719,8.716454108115936
nf_resnet50_classification,pit_ti_224_classification,141,207,,1000,50,50,50,tilde,56,True,6.632620214675783,0.0,0.8347076685368613,1.034689494673887,6.632620214675783,7.467327883212644,8.502017377886531
nf_resnet50_classification,vit_base_patch32_224_classification,141,218,,1000,50,50,50,tilde,56,True,6.460298211094635,0.17232200358114813,0.4827429833654042,1.0301493416342105,6.632620214675783,6.943041194460039,8.145512539675398
nf_resnet50_classification,vit_base_patch16_224_classification,141,197,,1000,50,50,50,tilde,56,True,6.572722307383709,0.05989790729207378,0.3878566951119904,1.0178045157047064,6.632620214675783,6.9605790024957,8.03828142549248
nf_resnet50_classification,tnt_s_patch16_224_classification,141,198,,1000,50,50,50,tilde,56,True,6.452447349204437,0.18017286547134592,0.39668194796861034,0.9878704969559688,6.632620214675783,6.8491292971730475,8.017172659600362
nf_resnet50_classification,crossvit_base_240_classification,141,336,,1000,50,50,50,tilde,56,True,6.632620214675783,0.0,0.5752229417018722,1.0377810281129536,6.632620214675783,7.207843156377655,8.245624184490609
nf_resnet50_classification,deit_base_patch16_224_classification,141,205,,1000,50,50,50,tilde,56,True,6.628217805325085,0.004402409350698022,0.5649905318035824,1.0779379579642514,6.632620214675783,7.1932083371286675,8.275548704443617
nf_resnet50_classification,dino_resnet50_selfsupervised,141,162,,1000,50,50,50,tilde,56,True,6.632620214675783,0.0,1.1587083583828424,0.7238665561097806,6.632620214675783,7.7913285730586255,8.515195129168406
nf_resnet50_classification,dino_vitb16_selfsupervised,141,208,,1000,50,50,50,tilde,56,True,5.671709963988797,0.960910250686986,0.46829061084460477,1.176332049423162,6.632620214675783,6.140000574833402,8.27724287494355
hardcorenas_f_classification,eca_nfnet_l0_classification,294,134,,1000,50,50,50,tilde,56,True,6.939596094463722,0.0,1.417861698019581,0.519949459743021,6.939596094463723,8.357457792483304,8.877407252226325
hardcorenas_f_classification,resnet50_classification,294,156,,1000,50,50,50,tilde,56,True,6.810432580161676,0.1291635143020473,0.15622460130741,1.15441047648995,6.939596094463723,6.966657181469086,8.250231172261083
hardcorenas_f_classification,semnasnet_100_classification,294,270,,1000,50,50,50,tilde,56,True,6.929130846078382,0.010465248385340686,0.0,1.0463491971169487,6.939596094463723,6.929130846078382,7.985945291580672
hardcorenas_f_classification,cspresnet50_classification,294,320,,1000,50,50,50,tilde,56,True,6.936615230228498,0.0029808642352247006,0.36920554591461574,1.116877004907015,6.939596094463723,7.305820776143114,8.425678645285354
hardcorenas_f_classification,mobilenetv3_large_100_classification,294,252,,1000,50,50,50,tilde,56,True,6.939596094463723,0.0,0.3369328133768956,0.8363847582993609,6.939596094463723,7.276528907840619,8.11291366613998
hardcorenas_f_classification,ghostnet_100_classification,294,290,,1000,50,50,50,tilde,56,True,6.939596094463723,0.0,0.2666712830563771,0.8863965720623304,6.939596094463723,7.2062673775201,8.09266394958243
hardcorenas_f_classification,convnext_base_classification,294,273,,1000,50,50,50,tilde,56,True,6.939596094463722,0.0,1.3646419008746937,0.6998970366214401,6.939596094463723,8.304237995338417,9.004135031959857
hardcorenas_f_classification,xcit_nano_12_p8_224_classification,294,266,,1000,50,50,50,tilde,56,True,6.625626605530077,0.31396948893364574,0.23842043572646787,1.154406282491201,6.939596094463723,6.864047041256545,8.332422812681392
hardcorenas_f_classification,xcit_nano_12_p16_224_classification,294,242,,1000,50,50,50,tilde,56,True,6.624988751749067,0.3146073427146563,0.2118278247899008,1.120012922195155,6.939596094463723,6.8368165765389675,8.271436841448779
hardcorenas_f_classification,swin_large_patch4_window7_224_classification,294,281,,1000,50,50,50,tilde,56,True,6.831170725697552,0.10842536876617093,0.6841641465176833,1.093981946721339,6.939596094463723,7.515334872215235,8.717742187702745
hardcorenas_f_classification,jx_nest_tiny_classification,294,148,,1000,50,50,50,tilde,56,True,6.939596094463723,0.0,0.8321725590769962,0.9241632178852113,6.939596094463723,7.771768653540719,8.69593187142593
hardcorenas_f_classification,pit_ti_224_classification,294,207,,1000,50,50,50,tilde,56,True,6.939596094463723,0.0,0.5277317887489215,0.8879006699651368,6.939596094463723,7.467327883212644,8.355228553177781
hardcorenas_f_classification,vit_base_patch32_224_classification,294,218,,1000,50,50,50,tilde,56,True,6.685775012830952,0.25382108163277106,0.2572661816290873,1.111715941508768,6.939596094463723,6.943041194460039,8.308578217601578
hardcorenas_f_classification,vit_base_patch16_224_classification,294,197,,1000,50,50,50,tilde,56,True,6.795694737299038,0.143901357164685,0.16488426519666177,1.1082602995412456,6.939596094463723,6.9605790024957,8.21274065920163
hardcorenas_f_classification,tnt_s_patch16_224_classification,294,198,,1000,50,50,50,tilde,56,True,6.73212040121618,0.20747569324754256,0.11700889595686714,1.1247224643454938,6.939596094463723,6.8491292971730475,8.181327454766084
hardcorenas_f_classification,crossvit_base_240_classification,294,336,,1000,50,50,50,tilde,56,True,6.780808333130575,0.15878776133314787,0.4270348232470802,1.0782331199452981,6.939596094463723,7.207843156377655,8.444864037656101
hardcorenas_f_classification,deit_base_patch16_224_classification,294,205,,1000,50,50,50,tilde,56,True,6.811314404224819,0.12828169023890368,0.3818939329038482,1.116871237360816,6.939596094463723,7.1932083371286675,8.438361264728387
hardcorenas_f_classification,dino_resnet50_selfsupervised,294,162,,1000,50,50,50,tilde,56,True,6.939596094463723,0.0,0.8517324785949025,0.7364866618245509,6.939596094463723,7.7913285730586255,8.527815234883176
hardcorenas_f_classification,dino_vitb16_selfsupervised,294,208,,1000,50,50,50,tilde,56,True,5.415036901714028,1.5245591927496953,0.7249636731193743,1.1882243118293863,6.939596094463723,6.140000574833402,8.852784079412483
eca_nfnet_l0_classification,resnet50_classification,134,156,,1000,50,50,50,tilde,56,True,6.9666571814690865,1.3908006110142184,0.0,0.6461268253848385,8.357457792483304,6.966657181469086,9.003584617868142
eca_nfnet_l0_classification,semnasnet_100_classification,134,270,,1000,50,50,50,tilde,56,True,6.929130846078381,1.4283269464049217,0.0,0.5934915066082613,8.357457792483304,6.929130846078382,8.950949299091565
eca_nfnet_l0_classification,cspresnet50_classification,134,320,,1000,50,50,50,tilde,56,True,7.305820776143113,1.05163701634019,0.0,0.8418658587022119,8.357457792483304,7.305820776143114,9.199323651185516
eca_nfnet_l0_classification,mobilenetv3_large_100_classification,134,252,,1000,50,50,50,tilde,56,True,7.2765289078406195,1.0809288846426854,0.0,0.6822754207760351,8.357457792483304,7.276528907840619,9.039733213259339
eca_nfnet_l0_classification,ghostnet_100_classification,134,290,,1000,50,50,50,tilde,56,True,7.206267377520101,1.151190414963204,0.0,0.7798828322705802,8.357457792483304,7.2062673775201,9.137340624753884
eca_nfnet_l0_classification,convnext_base_classification,134,273,,1000,50,50,50,tilde,56,True,8.246532535553865,0.11092525692943944,0.057705459784552104,1.142780796240194,8.357457792483304,8.304237995338417,9.55794404850805
eca_nfnet_l0_classification,xcit_nano_12_p8_224_classification,134,266,,1000,50,50,50,tilde,56,True,6.864047041256546,1.493410751226759,0.0,0.7060073546390466,8.357457792483304,6.864047041256545,9.06346514712235
eca_nfnet_l0_classification,xcit_nano_12_p16_224_classification,134,242,,1000,50,50,50,tilde,56,True,6.836816576538967,1.5206412159443365,0.0,0.7469190781290393,8.357457792483304,6.8368165765389675,9.104376870612343
eca_nfnet_l0_classification,swin_large_patch4_window7_224_classification,134,281,,1000,50,50,50,tilde,56,True,7.515334872215236,0.8421229202680687,0.0,1.117570787706752,8.357457792483304,7.515334872215235,9.475028580190056
eca_nfnet_l0_classification,jx_nest_tiny_classification,134,148,,1000,50,50,50,tilde,56,True,7.77176865354072,0.5856891389425849,0.0,1.0032268749981075,8.357457792483304,7.771768653540719,9.360684667481411
eca_nfnet_l0_classification,pit_ti_224_classification,134,207,,1000,50,50,50,tilde,56,True,7.467327883212645,0.8901299092706596,0.0,0.7249270490691906,8.357457792483304,7.467327883212644,9.082384841552495
eca_nfnet_l0_classification,vit_base_patch32_224_classification,134,218,,1000,50,50,50,tilde,56,True,6.943041194460038,1.4144165980232648,0.0,0.8079244359603948,8.357457792483304,6.943041194460039,9.165382228443699
eca_nfnet_l0_classification,vit_base_patch16_224_classification,134,197,,1000,50,50,50,tilde,56,True,6.960579002495701,1.3968787899876043,0.0,0.6498248097910988,8.357457792483304,6.9605790024957,9.007282602274403
eca_nfnet_l0_classification,tnt_s_patch16_224_classification,134,198,,1000,50,50,50,tilde,56,True,6.849129297173048,1.5083284953102565,0.0,0.6618147653118989,8.357457792483304,6.8491292971730475,9.019272557795203
eca_nfnet_l0_classification,crossvit_base_240_classification,134,336,,1000,50,50,50,tilde,56,True,7.207843156377654,1.1496146361056487,0.0,0.8282702076686359,8.357457792483304,7.207843156377655,9.18572800015194
eca_nfnet_l0_classification,deit_base_patch16_224_classification,134,205,,1000,50,50,50,tilde,56,True,7.193208337128668,1.1642494553546365,0.0,0.7961826056327439,8.357457792483304,7.1932083371286675,9.153640398116048
eca_nfnet_l0_classification,dino_resnet50_selfsupervised,134,162,,1000,50,50,50,tilde,56,True,7.791328573058626,0.5661292194246785,0.0,0.7044592691388107,8.357457792483304,7.7913285730586255,9.061917061622115
eca_nfnet_l0_classification,dino_vitb16_selfsupervised,134,208,,1000,50,50,50,tilde,56,True,6.096620357835063,2.2608374346482423,0.04338021699834016,1.2238180466932214,8.357457792483304,6.140000574833402,9.624656056174866
resnet50_classification,semnasnet_100_classification,156,270,,1000,50,50,50,tilde,56,True,6.929130846078382,0.03752633539070338,0.0,1.0388758842675871,6.966657181469086,6.929130846078382,8.005533065736673
resnet50_classification,cspresnet50_classification,156,320,,1000,50,50,50,tilde,56,True,6.966657181469086,0.0,0.33916359467402835,0.8053934966510683,6.966657181469086,7.305820776143114,8.111214272794182
resnet50_classification,mobilenetv3_large_100_classification,156,252,,1000,50,50,50,tilde,56,True,6.966657181469086,0.0,0.30987172637153293,0.9654111453111076,6.966657181469086,7.276528907840619,8.241940053151726
resnet50_classification,ghostnet_100_classification,156,290,,1000,50,50,50,tilde,56,True,6.966657181469086,0.0,0.2396101960510144,0.9913055798791879,6.966657181469086,7.2062673775201,8.197572957399288
resnet50_classification,convnext_base_classification,156,273,,1000,50,50,50,tilde,56,True,6.9666571814690865,0.0,1.337580813869331,0.6464155700457184,6.966657181469086,8.304237995338417,8.950653565384135
resnet50_classification,xcit_nano_12_p8_224_classification,156,266,,1000,50,50,50,tilde,56,True,6.724960383244954,0.24169679822413137,0.1390866580115908,1.1276013905297875,6.966657181469086,6.864047041256545,8.233345230010464
resnet50_classification,xcit_nano_12_p16_224_classification,156,242,,1000,50,50,50,tilde,56,True,6.724074672357537,0.242582509111549,0.11274190418143082,1.0385950807288644,6.966657181469086,6.8368165765389675,8.11799416637938
resnet50_classification,swin_large_patch4_window7_224_classification,156,281,,1000,50,50,50,tilde,56,True,6.813904490684186,0.15275269078489995,0.7014303815310496,1.2017560334291382,6.966657181469086,7.515334872215235,8.869843596429273
resnet50_classification,jx_nest_tiny_classification,156,148,,1000,50,50,50,tilde,56,True,6.966657181469086,0.0,0.8051114720716335,0.8483676728393403,6.966657181469086,7.771768653540719,8.62013632638006
resnet50_classification,pit_ti_224_classification,156,207,,1000,50,50,50,tilde,56,True,6.966657181469086,0.0,0.5006707017435588,0.8380219694079871,6.966657181469086,7.467327883212644,8.305349852620632
resnet50_classification,vit_base_patch32_224_classification,156,218,,1000,50,50,50,tilde,56,True,6.824925892516825,0.1417312889522604,0.11811530194321396,1.0776702268333231,6.966657181469086,6.943041194460039,8.162442710245623
resnet50_classification,vit_base_patch16_224_classification,156,197,,1000,50,50,50,tilde,56,True,6.935574666908837,0.031082514560248242,0.025004335586862325,1.051325113574765,6.966657181469086,6.9605790024957,8.042986630630713
resnet50_classification,tnt_s_patch16_224_classification,156,198,,1000,50,50,50,tilde,56,True,6.782057565942903,0.18459961552618243,0.06707173123014432,1.0267136286495901,6.966657181469086,6.8491292971730475,8.06044254134882
resnet50_classification,crossvit_base_240_classification,156,336,,1000,50,50,50,tilde,56,True,6.966657181469086,0.0,0.24118597490856963,1.0391001709649688,6.966657181469086,7.207843156377655,8.246943327342624
resnet50_classification,deit_base_patch16_224_classification,156,205,,1000,50,50,50,tilde,56,True,6.966657181469086,0.0,0.22655115565958184,1.028453066134472,6.966657181469086,7.1932083371286675,8.22166140326314
resnet50_classification,dino_resnet50_selfsupervised,156,162,,1000,50,50,50,tilde,56,True,6.966657181469086,0.0,0.8246713915895398,0.523095864651407,6.966657181469086,7.7913285730586255,8.314424437710032
resnet50_classification,dino_vitb16_selfsupervised,156,208,,1000,50,50,50,tilde,56,True,5.7801787527930895,1.1864784286759962,0.35982182204031243,1.2009679055398088,6.966657181469086,6.140000574833402,8.527446909049207
semnasnet_100_classification,cspresnet50_classification,270,320,,1000,50,50,50,tilde,56,True,6.929130846078382,0.0,0.3766899300647317,0.8038615619930303,6.929130846078382,7.305820776143114,8.109682338136144
semnasnet_100_classification,mobilenetv3_large_100_classification,270,252,,1000,50,50,50,tilde,56,True,6.929130846078382,0.0,0.3473980617622363,0.7294702071614472,6.929130846078382,7.276528907840619,8.005999115002066
semnasnet_100_classification,ghostnet_100_classification,270,290,,1000,50,50,50,tilde,56,True,6.929130846078382,0.0,0.2771365314417178,0.9507606516226739,6.929130846078382,7.2062673775201,8.157028029142774
semnasnet_100_classification,convnext_base_classification,270,273,,1000,50,50,50,tilde,56,True,6.929130846078381,0.0,1.3751071492600344,0.6790697293377939,6.929130846078382,8.304237995338417,8.98330772467621
semnasnet_100_classification,xcit_nano_12_p8_224_classification,270,266,,1000,50,50,50,tilde,56,True,6.6627100743703265,0.2664207717080558,0.2013369668862186,1.1395900395832248,6.929130846078382,6.864047041256545,8.270057852547826
semnasnet_100_classification,xcit_nano_12_p16_224_classification,270,242,,1000,50,50,50,tilde,56,True,6.640882425037519,0.2882484210408629,0.1959341515014481,1.0687942551951117,6.929130846078382,6.8368165765389675,8.193859252774942
semnasnet_100_classification,swin_large_patch4_window7_224_classification,270,281,,1000,50,50,50,tilde,56,True,6.929130846078382,0.0,0.5862040261368531,0.9499677953682726,6.929130846078382,7.515334872215235,8.465302667583508
semnasnet_100_classification,jx_nest_tiny_classification,270,148,,1000,50,50,50,tilde,56,True,6.929130846078382,0.0,0.8426378074623369,0.8475408356987417,6.929130846078382,7.771768653540719,8.61930948923946
semnasnet_100_classification,pit_ti_224_classification,270,207,,1000,50,50,50,tilde,56,True,6.929130846078382,0.0,0.5381970371342621,0.9409229097361793,6.929130846078382,7.467327883212644,8.408250792948824
semnasnet_100_classification,vit_base_patch32_224_classification,270,218,,1000,50,50,50,tilde,56,True,6.820236226567673,0.10889461951070967,0.12280496789236661,1.0870452689178354,6.929130846078382,6.943041194460039,8.138981082888584
semnasnet_100_classification,vit_base_patch16_224_classification,270,197,,1000,50,50,50,tilde,56,True,6.876226342653212,0.052904503425169835,0.0843526598424873,1.0457338796887674,6.929130846078382,6.9605790024957,8.059217385609637
semnasnet_100_classification,tnt_s_patch16_224_classification,270,198,,1000,50,50,50,tilde,56,True,6.844479197950489,0.08465164812789361,0.004650099222558879,1.0689498223496825,6.929130846078382,6.8491292971730475,8.002730767650624
semnasnet_100_classification,crossvit_base_240_classification,270,336,,1000,50,50,50,tilde,56,True,6.929130846078382,0.0,0.278712310299273,0.9915787220951762,6.929130846078382,7.207843156377655,8.199421878472831
semnasnet_100_classification,deit_base_patch16_224_classification,270,205,,1000,50,50,50,tilde,56,True,6.929130846078382,0.0,0.2640774910502852,0.9618054250542611,6.929130846078382,7.1932083371286675,8.155013762182929
semnasnet_100_classification,dino_resnet50_selfsupervised,270,162,,1000,50,50,50,tilde,56,True,6.929130846078382,0.0,0.8621977269802432,0.8070288289250795,6.929130846078382,7.7913285730586255,8.598357401983705
semnasnet_100_classification,dino_vitb16_selfsupervised,270,208,,1000,50,50,50,tilde,56,True,5.861134030000956,1.067996816077426,0.27886654483244566,1.0797679204255974,6.929130846078382,6.140000574833402,8.287765311336425
cspresnet50_classification,mobilenetv3_large_100_classification,320,252,,1000,50,50,50,tilde,56,True,7.276528907840619,0.029291868302495416,0.0,0.9923305042369988,7.305820776143114,7.276528907840619,8.298151280380113
cspresnet50_classification,ghostnet_100_classification,320,290,,1000,50,50,50,tilde,56,True,7.1772056190855125,0.12861515705760151,0.02906175843458758,1.0814504733368668,7.305820776143114,7.2062673775201,8.416333007914568
cspresnet50_classification,convnext_base_classification,320,273,,1000,50,50,50,tilde,56,True,7.305820776143113,0.0,0.9984172191953027,0.6398766241312845,7.305820776143114,8.304237995338417,8.944114619469701
cspresnet50_classification,xcit_nano_12_p8_224_classification,320,266,,1000,50,50,50,tilde,56,True,6.854685435010143,0.4511353411329706,0.0093616062464017,1.1235927263204708,7.305820776143114,6.864047041256545,8.438775108709986
cspresnet50_classification,xcit_nano_12_p16_224_classification,320,242,,1000,50,50,50,tilde,56,True,6.755189945038311,0.5506308311048027,0.08162663150065619,1.0440765651672104,7.305820776143114,6.8368165765389675,8.43152397281098
cspresnet50_classification,swin_large_patch4_window7_224_classification,320,281,,1000,50,50,50,tilde,56,True,7.1508510521738815,0.15496972396923248,0.3644838200413538,1.1168908381427238,7.305820776143114,7.515334872215235,8.787195434327192
cspresnet50_classification,jx_nest_tiny_classification,320,148,,1000,50,50,50,tilde,56,True,7.305820776143114,0.0,0.4659478773976051,1.0253963930615901,7.305820776143114,7.771768653540719,8.79716504660231
cspresnet50_classification,pit_ti_224_classification,320,207,,1000,50,50,50,tilde,56,True,7.185561740291666,0.12025903585144793,0.28176614292097835,1.0893658885021313,7.305820776143114,7.467327883212644,8.676952807566224
cspresnet50_classification,vit_base_patch32_224_classification,320,218,,1000,50,50,50,tilde,56,True,6.943041194460039,0.3627795816830748,0.0,0.9938107764949775,7.305820776143114,6.943041194460039,8.299631552638091
cspresnet50_classification,vit_base_patch16_224_classification,320,197,,1000,50,50,50,tilde,56,True,6.9605790024957,0.34524177364741426,0.0,0.9751013264425419,7.305820776143114,6.9605790024957,8.280922102585656
cspresnet50_classification,tnt_s_patch16_224_classification,320,198,,1000,50,50,50,tilde,56,True,6.8491292971730475,0.45669147897006646,0.0,0.9608751788328158,7.305820776143114,6.8491292971730475,8.26669595497593
cspresnet50_classification,crossvit_base_240_classification,320,336,,1000,50,50,50,tilde,56,True,7.090033918712545,0.2157868574305688,0.11780923766511009,1.0752220503304644,7.305820776143114,7.207843156377655,8.498852064138688
cspresnet50_classification,deit_base_patch16_224_classification,320,205,,1000,50,50,50,tilde,56,True,7.097597310326444,0.20822346581666995,0.09561102680222344,1.0648308893323115,7.305820776143114,7.1932083371286675,8.466262692277649
cspresnet50_classification,dino_resnet50_selfsupervised,320,162,,1000,50,50,50,tilde,56,True,7.305820776143114,0.0,0.4855077969155115,0.8699850996707985,7.305820776143114,7.7913285730586255,8.661313672729424
cspresnet50_classification,dino_vitb16_selfsupervised,320,208,,1000,50,50,50,tilde,56,True,6.056145284701848,1.2496754914412662,0.08385529013155413,1.1650908634815282,7.305820776143114,6.140000574833402,8.554766929756196
mobilenetv3_large_100_classification,ghostnet_100_classification,252,290,,1000,50,50,50,tilde,56,True,7.2062673775201,0.07026153032051852,0.0,0.6938599306307056,7.276528907840619,7.2062673775201,7.970388838471324
mobilenetv3_large_100_classification,convnext_base_classification,252,273,,1000,50,50,50,tilde,56,True,7.2765289078406195,0.0,1.027709087497798,0.8725560940080044,7.276528907840619,8.304237995338417,9.176794089346421
mobilenetv3_large_100_classification,xcit_nano_12_p8_224_classification,252,266,,1000,50,50,50,tilde,56,True,6.709210216075604,0.5673186917650144,0.15483682518094088,1.1733987357995144,7.276528907840619,6.864047041256545,8.604764468821074
mobilenetv3_large_100_classification,xcit_nano_12_p16_224_classification,252,242,,1000,50,50,50,tilde,56,True,6.672031572965017,0.6044973348756013,0.1647850035739502,1.0771484652690058,7.276528907840619,6.8368165765389675,8.518462376683575
mobilenetv3_large_100_classification,swin_large_patch4_window7_224_classification,252,281,,1000,50,50,50,tilde,56,True,7.059379519490981,0.21714938834963782,0.4559553527242546,1.090501993903131,7.276528907840619,7.515334872215235,8.822986254468004
mobilenetv3_large_100_classification,jx_nest_tiny_classification,252,148,,1000,50,50,50,tilde,56,True,7.199207837955712,0.07732106988490628,0.5725608155850068,1.1394559141626095,7.276528907840619,7.771768653540719,8.988545637588235
mobilenetv3_large_100_classification,pit_ti_224_classification,252,207,,1000,50,50,50,tilde,56,True,7.086678624663873,0.1898502831767459,0.38064925854877174,1.118923644935589,7.276528907840619,7.467327883212644,8.77610181132498
mobilenetv3_large_100_classification,vit_base_patch32_224_classification,252,218,,1000,50,50,50,tilde,56,True,6.830770139698087,0.44575876814253146,0.1122710547619521,1.062475411314752,7.276528907840619,6.943041194460039,8.451275373917323
mobilenetv3_large_100_classification,vit_base_patch16_224_classification,252,197,,1000,50,50,50,tilde,56,True,6.849794533498326,0.4267343743422929,0.11078446899737404,1.0597729829626878,7.276528907840619,6.9605790024957,8.44708635980068
mobilenetv3_large_100_classification,tnt_s_patch16_224_classification,252,198,,1000,50,50,50,tilde,56,True,6.762965048858446,0.5135638589821729,0.0861642483146019,1.0369176024461453,7.276528907840619,6.8491292971730475,8.399610758601366
mobilenetv3_large_100_classification,crossvit_base_240_classification,252,336,,1000,50,50,50,tilde,56,True,6.867015973084805,0.4095129347558135,0.3408271832928502,1.1345436020274269,7.276528907840619,7.207843156377655,8.751899693160896
mobilenetv3_large_100_classification,deit_base_patch16_224_classification,252,205,,1000,50,50,50,tilde,56,True,6.906447502119749,0.3700814057208692,0.28676083500891814,1.1379051733525811,7.276528907840619,7.1932083371286675,8.701194916202118
mobilenetv3_large_100_classification,dino_resnet50_selfsupervised,252,162,,1000,50,50,50,tilde,56,True,7.276528907840619,0.0,0.5147996652180069,0.9012605120931676,7.276528907840619,7.7913285730586255,8.692589085151793
mobilenetv3_large_100_classification,dino_vitb16_selfsupervised,252,208,,1000,50,50,50,tilde,56,True,5.816122803176735,1.4604061046638837,0.323877771656667,1.133473849037144,7.276528907840619,6.140000574833402,8.73388052853443
ghostnet_100_classification,convnext_base_classification,290,273,,1000,50,50,50,tilde,56,True,7.206267377520101,0.0,1.0979706178183166,0.8591542472927518,7.2062673775201,8.304237995338417,9.163392242631168
ghostnet_100_classification,xcit_nano_12_p8_224_classification,290,266,,1000,50,50,50,tilde,56,True,6.6864812647172025,0.5197861128028975,0.17756577653934258,1.2134549290007373,7.2062673775201,6.864047041256545,8.59728808306018
ghostnet_100_classification,xcit_nano_12_p16_224_classification,290,242,,1000,50,50,50,tilde,56,True,6.715590161526053,0.49067721599404734,0.12122641501291476,1.1226517999822745,7.2062673775201,6.8368165765389675,8.45014559251529
ghostnet_100_classification,swin_large_patch4_window7_224_classification,290,281,,1000,50,50,50,tilde,56,True,6.972837603406781,0.23342977411331933,0.5424972688084546,1.1052008099796655,7.2062673775201,7.515334872215235,8.85396545630822
ghostnet_100_classification,jx_nest_tiny_classification,290,148,,1000,50,50,50,tilde,56,True,7.19622856448041,0.010038813039690453,0.5755400890603095,1.1136021786197015,7.2062673775201,7.771768653540719,8.895409645200111
ghostnet_100_classification,pit_ti_224_classification,290,207,,1000,50,50,50,tilde,56,True,7.081249211403471,0.12501816611662875,0.3860786718091731,1.1291889754989066,7.2062673775201,7.467327883212644,8.72153502482818
ghostnet_100_classification,vit_base_patch32_224_classification,290,218,,1000,50,50,50,tilde,56,True,6.826533099174567,0.3797342783455333,0.11650809528547246,1.1214016120168466,7.2062673775201,6.943041194460039,8.44417708482242
ghostnet_100_classification,vit_base_patch16_224_classification,290,197,,1000,50,50,50,tilde,56,True,6.841959419144241,0.36430795837585883,0.1186195833514585,1.1011794746535868,7.2062673775201,6.9605790024957,8.426066435525145
ghostnet_100_classification,tnt_s_patch16_224_classification,290,198,,1000,50,50,50,tilde,56,True,6.743237865487636,0.4630295120324641,0.1058914316854116,1.0855068643269767,7.2062673775201,6.8491292971730475,8.397665673532488
ghostnet_100_classification,crossvit_base_240_classification,290,336,,1000,50,50,50,tilde,56,True,6.831824536494444,0.3744428410256564,0.3760186198832116,1.1195901038324214,7.2062673775201,7.207843156377655,8.701876101235733
ghostnet_100_classification,deit_base_patch16_224_classification,290,205,,1000,50,50,50,tilde,56,True,6.8705327043006434,0.3357346732194566,0.32267563282802403,1.1170223715323289,7.2062673775201,7.1932083371286675,8.645965381880453
ghostnet_100_classification,dino_resnet50_selfsupervised,290,162,,1000,50,50,50,tilde,56,True,7.2062673775201,0.0,0.5850611955385254,0.885887531871222,7.2062673775201,7.7913285730586255,8.677216104929848
ghostnet_100_classification,dino_vitb16_selfsupervised,290,208,,1000,50,50,50,tilde,56,True,5.692065493915816,1.5142018836042839,0.4479350809175857,1.1899486842094245,7.2062673775201,6.140000574833402,8.84415114264711
convnext_base_classification,xcit_nano_12_p8_224_classification,273,266,,1000,50,50,50,tilde,56,True,6.864047041256546,1.4401909540818716,0.0,0.8326499521182882,8.304237995338417,6.864047041256545,9.136887947456705
convnext_base_classification,xcit_nano_12_p16_224_classification,273,242,,1000,50,50,50,tilde,56,True,6.836816576538967,1.4674214187994492,0.0,0.7831119277279299,8.304237995338417,6.8368165765389675,9.087349923066347
convnext_base_classification,swin_large_patch4_window7_224_classification,273,281,,1000,50,50,50,tilde,56,True,7.515334872215236,0.7889031231231813,0.0,1.1815487736992605,8.304237995338417,7.515334872215235,9.485786769037677
convnext_base_classification,jx_nest_tiny_classification,273,148,,1000,50,50,50,tilde,56,True,7.77176865354072,0.5324693417976976,0.0,0.8034708896190104,8.304237995338417,7.771768653540719,9.107708884957427
convnext_base_classification,pit_ti_224_classification,273,207,,1000,50,50,50,tilde,56,True,7.467327883212645,0.8369101121257723,0.0,0.6841267162300237,8.304237995338417,7.467327883212644,8.98836471156844
convnext_base_classification,vit_base_patch32_224_classification,273,218,,1000,50,50,50,tilde,56,True,6.943041194460038,1.3611968008783775,0.0,0.6383576248416531,8.304237995338417,6.943041194460039,8.94259562018007
convnext_base_classification,vit_base_patch16_224_classification,273,197,,1000,50,50,50,tilde,56,True,6.960579002495701,1.343658992842717,0.0,0.5138529450851674,8.304237995338417,6.9605790024957,8.818090940423584
convnext_base_classification,tnt_s_patch16_224_classification,273,198,,1000,50,50,50,tilde,56,True,6.849129297173048,1.4551086981653691,0.0,0.5909083231952792,8.304237995338417,6.8491292971730475,8.895146318533696
convnext_base_classification,crossvit_base_240_classification,273,336,,1000,50,50,50,tilde,56,True,7.207843156377654,1.0963948389607614,0.0,0.6660950891181567,8.304237995338417,7.207843156377655,8.970333084456573
convnext_base_classification,deit_base_patch16_224_classification,273,205,,1000,50,50,50,tilde,56,True,7.193208337128668,1.1110296582097492,0.0,0.7079381234452473,8.304237995338417,7.1932083371286675,9.012176118783664
convnext_base_classification,dino_resnet50_selfsupervised,273,162,,1000,50,50,50,tilde,56,True,7.791328573058626,0.5129094222797912,0.0,0.7987695121612273,8.304237995338417,7.7913285730586255,9.103007507499644
convnext_base_classification,dino_vitb16_selfsupervised,273,208,,1000,50,50,50,tilde,56,True,6.140000574833403,2.1642374205050148,0.0,1.0495242757090608,8.304237995338417,6.140000574833402,9.353762271047477
xcit_nano_12_p8_224_classification,xcit_nano_12_p16_224_classification,266,242,,1000,50,50,50,tilde,56,True,6.8368165765389675,0.027230464717577618,0.0,0.9651391326629293,6.864047041256545,6.8368165765389675,7.829186173919474
xcit_nano_12_p8_224_classification,swin_large_patch4_window7_224_classification,266,281,,1000,50,50,50,tilde,56,True,6.778664085853721,0.08538295540282448,0.7366707863615147,1.2047912486003147,6.864047041256545,7.515334872215235,8.805509076218375
xcit_nano_12_p8_224_classification,jx_nest_tiny_classification,266,148,,1000,50,50,50,tilde,56,True,6.864047041256545,0.0,0.907721612284174,0.6218005202067234,6.864047041256545,7.771768653540719,8.393569173747442
xcit_nano_12_p8_224_classification,pit_ti_224_classification,266,207,,1000,50,50,50,tilde,56,True,6.864047041256545,0.0,0.6032808419560993,0.7639130904025366,6.864047041256545,7.467327883212644,8.231240973615181
xcit_nano_12_p8_224_classification,vit_base_patch32_224_classification,266,218,,1000,50,50,50,tilde,56,True,6.711808135453871,0.1522389058026743,0.23123305900616842,1.1415465737933728,6.864047041256545,6.943041194460039,8.236826674056086
xcit_nano_12_p8_224_classification,vit_base_patch16_224_classification,266,197,,1000,50,50,50,tilde,56,True,6.864047041256545,0.0,0.09653196123915464,1.038919021968046,6.864047041256545,6.9605790024957,7.999498024463746
xcit_nano_12_p8_224_classification,tnt_s_patch16_224_classification,266,198,,1000,50,50,50,tilde,56,True,6.8491292971730475,0.014917744083497553,0.0,0.9197243735285108,6.864047041256545,6.8491292971730475,7.783771414785056
xcit_nano_12_p8_224_classification,crossvit_base_240_classification,266,336,,1000,50,50,50,tilde,56,True,6.864047041256545,0.0,0.3437961151211102,1.003289916758189,6.864047041256545,7.207843156377655,8.211133073135844
xcit_nano_12_p8_224_classification,deit_base_patch16_224_classification,266,205,,1000,50,50,50,tilde,56,True,6.864047041256545,0.0,0.3291612958721224,0.938859300787894,6.864047041256545,7.1932083371286675,8.132067637916562
xcit_nano_12_p8_224_classification,dino_resnet50_selfsupervised,266,162,,1000,50,50,50,tilde,56,True,6.864047041256545,0.0,0.9272815318020804,0.6229428491999522,6.864047041256545,7.7913285730586255,8.414271422258578
xcit_nano_12_p8_224_classification,dino_vitb16_selfsupervised,266,208,,1000,50,50,50,tilde,56,True,5.613078201137579,1.2509688401189658,0.5269223736958226,1.2196033252181184,6.864047041256545,6.140000574833402,8.610572740170486
xcit_nano_12_p16_224_classification,swin_large_patch4_window7_224_classification,242,281,,1000,50,50,50,tilde,56,True,6.699902932612946,0.13691364392602168,0.8154319396022895,1.1881813863480408,6.8368165765389675,7.515334872215235,8.840429902489298
xcit_nano_12_p16_224_classification,jx_nest_tiny_classification,242,148,,1000,50,50,50,tilde,56,True,6.8368165765389675,0.0,0.9349520770017516,0.6387587886238064,6.8368165765389675,7.771768653540719,8.410527442164526
xcit_nano_12_p16_224_classification,pit_ti_224_classification,242,207,,1000,50,50,50,tilde,56,True,6.8368165765389675,0.0,0.6305113066736769,0.7051960949908453,6.8368165765389675,7.467327883212644,8.17252397820349
xcit_nano_12_p16_224_classification,vit_base_patch32_224_classification,242,218,,1000,50,50,50,tilde,56,True,6.70079342150397,0.13602315503499707,0.2422477729560688,1.0983190289367055,6.8368165765389675,6.943041194460039,8.177383378431742
xcit_nano_12_p16_224_classification,vit_base_patch16_224_classification,242,197,,1000,50,50,50,tilde,56,True,6.804829324037154,0.031987252501813224,0.15574967845854548,0.9486338991266905,6.8368165765389675,6.9605790024957,7.941200154124203
xcit_nano_12_p16_224_classification,tnt_s_patch16_224_classification,242,198,,1000,50,50,50,tilde,56,True,6.8368165765389675,0.0,0.012312720634080065,0.9669511165170865,6.8368165765389675,6.8491292971730475,7.816080413690134
xcit_nano_12_p16_224_classification,crossvit_base_240_classification,242,336,,1000,50,50,50,tilde,56,True,6.8368165765389675,0.0,0.3710265798386878,0.9594197317293629,6.8368165765389675,7.207843156377655,8.167262888107018
xcit_nano_12_p16_224_classification,deit_base_patch16_224_classification,242,205,,1000,50,50,50,tilde,56,True,6.8368165765389675,0.0,0.3563917605897,0.8960948493752268,6.8368165765389675,7.1932083371286675,8.089303186503894
xcit_nano_12_p16_224_classification,dino_resnet50_selfsupervised,242,162,,1000,50,50,50,tilde,56,True,6.8368165765389675,0.0,0.954511996519658,0.6600232952037315,6.8368165765389675,7.7913285730586255,8.451351868262357
xcit_nano_12_p16_224_classification,dino_vitb16_selfsupervised,242,208,,1000,50,50,50,tilde,56,True,5.465741845730936,1.371074730808031,0.6742587291024655,1.110037912205244,6.8368165765389675,6.140000574833402,8.621113217846677
swin_large_patch4_window7_224_classification,jx_nest_tiny_classification,281,148,,1000,50,50,50,tilde,56,True,7.3382458772539305,0.1770889949613048,0.4335227762867886,1.1878441845193297,7.515334872215235,7.771768653540719,9.136701833021354
swin_large_patch4_window7_224_classification,pit_ti_224_classification,281,207,,1000,50,50,50,tilde,56,True,7.097512816123057,0.41782205609217815,0.3698150670895872,1.1532202527015833,7.515334872215235,7.467327883212644,9.038370192006406
swin_large_patch4_window7_224_classification,vit_base_patch32_224_classification,281,218,,1000,50,50,50,tilde,56,True,6.837938725952945,0.6773961462622902,0.10510246850709404,1.05711083443272,7.515334872215235,6.943041194460039,8.67754817515505
swin_large_patch4_window7_224_classification,vit_base_patch16_224_classification,281,197,,1000,50,50,50,tilde,56,True,6.859555910745794,0.6557789614694416,0.10102309174990598,1.1155259200181096,7.515334872215235,6.9605790024957,8.73188388398325
swin_large_patch4_window7_224_classification,tnt_s_patch16_224_classification,281,198,,1000,50,50,50,tilde,56,True,6.8491292971730475,0.6662055750421878,0.0,1.0671654328739804,7.515334872215235,6.8491292971730475,8.582500305089216
swin_large_patch4_window7_224_classification,crossvit_base_240_classification,281,336,,1000,50,50,50,tilde,56,True,7.046415938993072,0.46891893322216305,0.161427217384583,1.0773692352621174,7.515334872215235,7.207843156377655,8.754131324861936
swin_large_patch4_window7_224_classification,deit_base_patch16_224_classification,281,205,,1000,50,50,50,tilde,56,True,7.071309587906271,0.4440252843089647,0.12189874922239685,1.0875637798790248,7.515334872215235,7.1932083371286675,8.724797401316657
swin_large_patch4_window7_224_classification,dino_resnet50_selfsupervised,281,162,,1000,50,50,50,tilde,56,True,7.294919073986151,0.22041579822908464,0.4964094990724748,1.2062357384012135,7.515334872215235,7.7913285730586255,9.217980109688924
swin_large_patch4_window7_224_classification,dino_vitb16_selfsupervised,281,208,,1000,50,50,50,tilde,56,True,5.941245327399294,1.5740895448159415,0.1987552474341081,1.1290481464311117,7.515334872215235,6.140000574833402,8.843138266080455
jx_nest_tiny_classification,pit_ti_224_classification,148,207,,1000,50,50,50,tilde,56,True,7.467327883212644,0.3044407703280747,0.0,0.7411580531624233,7.771768653540719,7.467327883212644,8.512926706703142
jx_nest_tiny_classification,vit_base_patch32_224_classification,148,218,,1000,50,50,50,tilde,56,True,6.943041194460039,0.8287274590806799,0.0,0.8978672715945661,7.771768653540719,6.943041194460039,8.669635925135285
jx_nest_tiny_classification,vit_base_patch16_224_classification,148,197,,1000,50,50,50,tilde,56,True,6.9605790024957,0.8111896510450194,0.0,0.5690318339839253,7.771768653540719,6.9605790024957,8.340800487524644
jx_nest_tiny_classification,tnt_s_patch16_224_classification,148,198,,1000,50,50,50,tilde,56,True,6.8491292971730475,0.9226393563676716,0.0,0.532282597667856,7.771768653540719,6.8491292971730475,8.304051251208575
jx_nest_tiny_classification,crossvit_base_240_classification,148,336,,1000,50,50,50,tilde,56,True,7.207843156377655,0.5639254971630638,0.0,0.6944843723903995,7.771768653540719,7.207843156377655,8.466253025931119
jx_nest_tiny_classification,deit_base_patch16_224_classification,148,205,,1000,50,50,50,tilde,56,True,7.1932083371286675,0.5785603164120516,0.0,0.5501817157096349,7.771768653540719,7.1932083371286675,8.321950369250354
jx_nest_tiny_classification,dino_resnet50_selfsupervised,148,162,,1000,50,50,50,tilde,56,True,7.771768653540719,0.0,0.019559919517906366,0.9946025870028015,7.771768653540719,7.7913285730586255,8.785931160061427
jx_nest_tiny_classification,dino_vitb16_selfsupervised,148,208,,1000,50,50,50,tilde,56,True,6.140000574833402,1.6317680787073172,0.0,1.0990779323962032,7.771768653540719,6.140000574833402,8.870846585936922
pit_ti_224_classification,vit_base_patch32_224_classification,207,218,,1000,50,50,50,tilde,56,True,6.943041194460039,0.5242866887526052,0.0,0.8610351967608407,7.467327883212644,6.943041194460039,8.328363079973485
pit_ti_224_classification,vit_base_patch16_224_classification,207,197,,1000,50,50,50,tilde,56,True,6.9605790024957,0.5067488807169447,0.0,0.5701763976056773,7.467327883212644,6.9605790024957,8.037504280818322
pit_ti_224_classification,tnt_s_patch16_224_classification,207,198,,1000,50,50,50,tilde,56,True,6.8491292971730475,0.6181985860395969,0.0,0.6841756001723818,7.467327883212644,6.8491292971730475,8.151503483385026
pit_ti_224_classification,crossvit_base_240_classification,207,336,,1000,50,50,50,tilde,56,True,7.207843156377655,0.25948472683498913,0.0,0.881830777418986,7.467327883212644,7.207843156377655,8.34915866063163
pit_ti_224_classification,deit_base_patch16_224_classification,207,205,,1000,50,50,50,tilde,56,True,7.1932083371286675,0.27411954608397693,0.0,0.7324061377803366,7.467327883212644,7.1932083371286675,8.199734020992981
pit_ti_224_classification,dino_resnet50_selfsupervised,207,162,,1000,50,50,50,tilde,56,True,7.467327883212644,0.0,0.32400068984598107,0.6803833926876139,7.467327883212644,7.7913285730586255,8.47171196574624
pit_ti_224_classification,dino_vitb16_selfsupervised,207,208,,1000,50,50,50,tilde,56,True,5.736946740919444,1.7303811422932007,0.4030538339139582,1.150893838227394,7.467327883212644,6.140000574833402,9.021275555353997
vit_base_patch32_224_classification,vit_base_patch16_224_classification,218,197,,1000,50,50,50,tilde,56,True,6.943041194460039,0.0,0.017537808035660518,0.8992623513047251,6.943041194460039,6.9605790024957,7.859841353800425
vit_base_patch32_224_classification,tnt_s_patch16_224_classification,218,198,,1000,50,50,50,tilde,56,True,6.8491292971730475,0.09391189728699167,0.0,0.9306322057777487,6.943041194460039,6.8491292971730475,7.873673400237788
vit_base_patch32_224_classification,crossvit_base_240_classification,218,336,,1000,50,50,50,tilde,56,True,6.943041194460039,0.0,0.26480196191761607,1.0354316150927536,6.943041194460039,7.207843156377655,8.243274771470409
vit_base_patch32_224_classification,deit_base_patch16_224_classification,218,205,,1000,50,50,50,tilde,56,True,6.943041194460039,0.0,0.2501671426686283,1.0077309454030088,6.943041194460039,7.1932083371286675,8.200939282531676
vit_base_patch32_224_classification,dino_resnet50_selfsupervised,218,162,,1000,50,50,50,tilde,56,True,6.943041194460039,0.0,0.8482873785985863,0.8374584060541084,6.943041194460039,7.7913285730586255,8.628786979112734
vit_base_patch32_224_classification,dino_vitb16_selfsupervised,218,208,,1000,50,50,50,tilde,56,True,5.7195391217999,1.223502072660139,0.4204614530335018,1.1107171307892427,6.943041194460039,6.140000574833402,8.474219778282784
vit_base_patch16_224_classification,tnt_s_patch16_224_classification,197,198,,1000,50,50,50,tilde,56,True,6.8491292971730475,0.11144970532265219,0.0,0.8695686569854404,6.9605790024957,6.8491292971730475,7.83014765948114
vit_base_patch16_224_classification,crossvit_base_240_classification,197,336,,1000,50,50,50,tilde,56,True,6.9605790024957,0.0,0.24726415388195555,0.8670612653768801,6.9605790024957,7.207843156377655,8.074904421754535
vit_base_patch16_224_classification,deit_base_patch16_224_classification,197,205,,1000,50,50,50,tilde,56,True,6.9605790024957,0.0,0.23262933463296775,0.8225398299150024,6.9605790024957,7.1932083371286675,8.01574816704367
vit_base_patch16_224_classification,dino_resnet50_selfsupervised,197,162,,1000,50,50,50,tilde,56,True,6.9605790024957,0.0,0.8307495705629258,0.5488679200610447,6.9605790024957,7.7913285730586255,8.34019649311967
vit_base_patch16_224_classification,dino_vitb16_selfsupervised,197,208,,1000,50,50,50,tilde,56,True,5.685183928972918,1.2753950735227821,0.4548166458604843,1.1319049604760574,6.9605790024957,6.140000574833402,8.547300608832241
tnt_s_patch16_224_classification,crossvit_base_240_classification,198,336,,1000,50,50,50,tilde,56,True,6.8491292971730475,0.0,0.35871385920460774,0.8270491723397688,6.8491292971730475,7.207843156377655,8.034892328717424
tnt_s_patch16_224_classification,deit_base_patch16_224_classification,198,205,,1000,50,50,50,tilde,56,True,6.8491292971730475,0.0,0.34407903995561995,0.7586365990218527,6.8491292971730475,7.1932083371286675,7.95184493615052
tnt_s_patch16_224_classification,dino_resnet50_selfsupervised,198,162,,1000,50,50,50,tilde,56,True,6.8491292971730475,0.0,0.942199275885578,0.5996670976041178,6.8491292971730475,7.7913285730586255,8.390995670662743
tnt_s_patch16_224_classification,dino_vitb16_selfsupervised,198,208,,1000,50,50,50,tilde,56,True,5.584109699790741,1.2650195973823068,0.5558908750426612,1.0661956488316822,6.8491292971730475,6.140000574833402,8.471215821047391
crossvit_base_240_classification,deit_base_patch16_224_classification,336,205,,1000,50,50,50,tilde,56,True,7.1932083371286675,0.014634819248987796,0.0,0.7180595472506193,7.207843156377655,7.1932083371286675,7.9259027036282745
crossvit_base_240_classification,dino_resnet50_selfsupervised,336,162,,1000,50,50,50,tilde,56,True,7.207843156377655,0.0,0.5834854166809702,0.8710161179309734,7.207843156377655,7.7913285730586255,8.662344690989599
crossvit_base_240_classification,dino_vitb16_selfsupervised,336,208,,1000,50,50,50,tilde,56,True,5.983431748640623,1.2244114077370325,0.15656882619277912,1.1097997839292866,7.207843156377655,6.140000574833402,8.474211766499721
deit_base_patch16_224_classification,dino_resnet50_selfsupervised,205,162,,1000,50,50,50,tilde,56,True,7.1932083371286675,0.0,0.598120235929958,0.7253037401861713,7.1932083371286675,7.7913285730586255,8.516632313244797
deit_base_patch16_224_classification,dino_vitb16_selfsupervised,205,208,,1000,50,50,50,tilde,56,True,6.048046454764672,1.145161882363995,0.0919541200687295,1.0804259377975383,7.1932083371286675,6.140000574833402,8.365588394994935
dino_resnet50_selfsupervised,dino_vitb16_selfsupervised,162,208,,1000,50,50,50,tilde,56,True,6.047754491116547,1.7435740819420786,0.09224608371685505,1.1572191715854077,7.7913285730586255,6.140000574833402,9.040793828360888
