model_1,model_2,layer_1,layer_2,subj_id,n_samples,n_components_source_1,n_components_source_2,n_components_target,pid_method,rng_seed,bias_correction,red,unq1,unq2,syn,bi_mi_1,bi_mi_2,tri_mi
levit_128_classification,coat_lite_tiny_classification,181,219,,1000,70,70,70,tilde,56,True,8.926315813948396,0.0,0.7095531984114167,1.1517797644400005,8.926315813948396,9.635869012359812,10.787648776799813
levit_128_classification,visformer_small_classification,181,163,,1000,70,70,70,tilde,56,True,8.926315813948396,0.0,0.6161817706713073,1.1859608360427636,8.926315813948396,9.542497584619703,10.728458420662466
levit_128_classification,convit_base_classification,181,201,,1000,70,70,70,tilde,56,True,8.926315813948396,0.0,0.21685418266394052,1.5967673322281541,8.926315813948396,9.143169996612336,10.73993732884049
levit_128_classification,RN50_clip,181,179,,1000,70,70,70,tilde,56,True,8.926315813948396,0.0,1.2239311585500232,1.0272660781972185,8.926315813948396,10.150246972498419,11.177513050695637
levit_128_classification,RN101_clip,181,366,,1000,70,70,70,tilde,56,True,8.926315813948396,0.0,0.9440518380010054,1.394529867906808,8.926315813948396,9.870367651949401,11.26489751985621
levit_128_classification,ResNet50-SimCLR_selfsupervised,181,162,,1000,70,70,70,tilde,56,True,8.926315813948396,0.0,0.48935432294744885,1.4049148867210732,8.926315813948396,9.415670136895844,10.820585023616918
levit_128_classification,ResNet50-DeepClusterV2-2x224_selfsupervised,181,162,,1000,70,70,70,tilde,56,True,8.926315813948396,0.0,0.3734172204391264,1.397429446067381,8.926315813948396,9.299733034387522,10.697162480454903
levit_128_classification,ResNet50-SwAV-BS4096-2x224_selfsupervised,181,165,,1000,70,70,70,tilde,56,True,8.873800955633875,0.052514858314520296,0.0,1.3138770320146342,8.926315813948396,8.873800955633875,10.24019284596303
levit_128_classification,ResNet50-PIRL_selfsupervised,181,165,,1000,70,70,70,tilde,56,True,8.46484450131948,0.46147131262891605,0.0,1.4554043607404559,8.926315813948396,8.46484450131948,10.381720174688851
levit_128_classification,ResNet50-ClusterFit-16K-RotNet_selfsupervised,181,160,,1000,70,70,70,tilde,56,True,7.840290346845627,1.0860254671027691,0.0,1.1370977662359678,8.926315813948396,7.840290346845626,10.063413580184363
levit_128_classification,ResNet50-MoCoV2-BS256_selfsupervised,181,155,,1000,70,70,70,tilde,56,True,8.841811357817198,0.08450445613119761,0.06240602295987152,1.5894087825281762,8.926315813948396,8.90421738077707,10.578130619436443
levit_128_classification,nf_resnet50_classification,181,141,,1000,70,70,70,tilde,56,True,8.67746082024664,0.24885499370175523,0.0,1.4975909644385546,8.926315813948396,8.67746082024664,10.42390677838695
levit_128_classification,hardcorenas_f_classification,181,294,,1000,70,70,70,tilde,56,True,8.670433523843261,0.2558822901051343,0.0,1.5171846543938692,8.926315813948396,8.670433523843261,10.443500468342265
levit_128_classification,eca_nfnet_l0_classification,181,134,,1000,70,70,70,tilde,56,True,8.926315813948396,0.0,1.6880675547014867,0.8718720630183476,8.926315813948396,10.614383368649882,11.48625543166823
levit_128_classification,resnet50_classification,181,156,,1000,70,70,70,tilde,56,True,8.7605323205944,0.16578349335399523,0.0,1.3828169252424694,8.926315813948396,8.7605323205944,10.309132739190865
levit_128_classification,semnasnet_100_classification,181,270,,1000,70,70,70,tilde,56,True,8.698059111408977,0.22825670253941865,0.0,1.346724884149161,8.926315813948396,8.698059111408977,10.273040698097557
levit_128_classification,cspresnet50_classification,181,320,,1000,70,70,70,tilde,56,True,8.926315813948396,0.0,0.2712495038864766,1.390557798993484,8.926315813948396,9.197565317834872,10.588123116828356
levit_128_classification,mobilenetv3_large_100_classification,181,252,,1000,70,70,70,tilde,56,True,8.926315813948396,0.0,0.19871285323470644,1.4915065219230392,8.926315813948396,9.125028667183102,10.616535189106141
levit_128_classification,ghostnet_100_classification,181,290,,1000,70,70,70,tilde,56,True,8.861593592949603,0.06472222099879232,0.0,1.5679080768004852,8.926315813948396,8.861593592949603,10.49422389074888
levit_128_classification,convnext_base_classification,181,273,,1000,70,70,70,tilde,56,True,8.926315813948396,0.0,1.5213302223309562,0.8184069712966924,8.926315813948396,10.447646036279352,11.266053007576044
levit_128_classification,xcit_nano_12_p8_224_classification,181,266,,1000,70,70,70,tilde,56,True,8.464968290222473,0.461347523725923,0.08031016162885152,1.8127596902964633,8.926315813948396,8.545278451851324,10.81938566587371
levit_128_classification,xcit_nano_12_p16_224_classification,181,242,,1000,70,70,70,tilde,56,True,8.548128928494016,0.3781868854543795,0.0,1.6366265513684084,8.926315813948396,8.548128928494016,10.562942365316804
levit_128_classification,swin_large_patch4_window7_224_classification,181,281,,1000,70,70,70,tilde,56,True,8.926315813948396,0.0,0.5257236670211753,1.5414854108701839,8.926315813948396,9.452039480969571,10.993524891839755
levit_128_classification,jx_nest_tiny_classification,181,148,,1000,70,70,70,tilde,56,True,8.926315813948396,0.0,0.7860966948977115,1.0367307596996476,8.926315813948396,9.712412508846107,10.749143268545755
levit_128_classification,pit_ti_224_classification,181,207,,1000,70,70,70,tilde,56,True,8.926315813948396,0.0,0.5217937571232127,1.256545276893263,8.926315813948396,9.448109571071608,10.704654847964871
levit_128_classification,vit_base_patch32_224_classification,181,218,,1000,70,70,70,tilde,56,True,8.6460283468104,0.28028746713799535,0.0,1.4867149697031117,8.926315813948396,8.6460283468104,10.413030783651507
levit_128_classification,vit_base_patch16_224_classification,181,197,,1000,70,70,70,tilde,56,True,8.726570687749103,0.19974512619929286,0.0,1.3641646793205702,8.926315813948396,8.726570687749103,10.290480493268966
levit_128_classification,tnt_s_patch16_224_classification,181,198,,1000,70,70,70,tilde,56,True,8.552467991360121,0.3738478225882744,0.0,1.7280622368370295,8.926315813948396,8.552467991360121,10.654378050785425
levit_128_classification,crossvit_base_240_classification,181,336,,1000,70,70,70,tilde,56,True,8.926315813948396,0.0,0.20490760754544368,1.4021220951605464,8.926315813948396,9.13122342149384,10.533345516654386
levit_128_classification,deit_base_patch16_224_classification,181,205,,1000,70,70,70,tilde,56,True,8.926315813948396,0.0,0.25150376061094804,1.3090286271134204,8.926315813948396,9.177819574559344,10.486848201672764
levit_128_classification,dino_vitb16_selfsupervised,181,208,,1000,70,70,70,tilde,56,True,7.447248257313483,1.4790675566349138,0.0,1.2457501920734977,8.926315813948396,7.447248257313482,10.172066006021893
coat_lite_tiny_classification,visformer_small_classification,219,163,,1000,70,70,70,tilde,56,True,9.542497584619703,0.09337142774012719,0.0,1.0597585914397172,9.63586901235983,9.542497584619703,10.695627603799547
coat_lite_tiny_classification,convit_base_classification,219,201,,1000,70,70,70,tilde,56,True,9.143169996612336,0.492699015747494,0.0,1.1582848078635841,9.63586901235983,9.143169996612336,10.794153820223414
coat_lite_tiny_classification,RN50_clip,219,179,,1000,70,70,70,tilde,56,True,9.63586901235983,0.0,0.5143779601385887,1.1638990637976008,9.63586901235983,10.150246972498419,11.31414603629602
coat_lite_tiny_classification,RN101_clip,219,366,,1000,70,70,70,tilde,56,True,9.63586901235983,0.0,0.23449863958957096,1.6504037422987388,9.63586901235983,9.870367651949401,11.52077139424814
coat_lite_tiny_classification,ResNet50-SimCLR_selfsupervised,219,162,,1000,70,70,70,tilde,56,True,9.415670136895844,0.22019887546398564,0.0,1.380041446772232,9.63586901235983,9.415670136895844,11.015910459132062
coat_lite_tiny_classification,ResNet50-DeepClusterV2-2x224_selfsupervised,219,162,,1000,70,70,70,tilde,56,True,9.299733034387522,0.3361359779723081,0.0,1.1189929454536625,9.63586901235983,9.299733034387522,10.754861957813493
coat_lite_tiny_classification,ResNet50-SwAV-BS4096-2x224_selfsupervised,219,165,,1000,70,70,70,tilde,56,True,8.873800955633875,0.7620680567259548,0.0,1.1081818196210698,9.63586901235983,8.873800955633875,10.7440508319809
coat_lite_tiny_classification,ResNet50-PIRL_selfsupervised,219,165,,1000,70,70,70,tilde,56,True,8.46484450131948,1.1710245110403505,0.0,1.013709003621944,9.63586901235983,8.46484450131948,10.649578015981774
coat_lite_tiny_classification,ResNet50-ClusterFit-16K-RotNet_selfsupervised,219,160,,1000,70,70,70,tilde,56,True,7.840290346845627,1.7955786655142036,0.0,0.7461964854656173,9.63586901235983,7.840290346845626,10.382065497825447
coat_lite_tiny_classification,ResNet50-MoCoV2-BS256_selfsupervised,219,155,,1000,70,70,70,tilde,56,True,8.90421738077707,0.7316516315827606,0.0,0.8796344966109295,9.63586901235983,8.90421738077707,10.51550350897076
coat_lite_tiny_classification,nf_resnet50_classification,219,141,,1000,70,70,70,tilde,56,True,8.67746082024664,0.9584081921131897,0.0,1.198523879905835,9.63586901235983,8.67746082024664,10.834392892265665
coat_lite_tiny_classification,hardcorenas_f_classification,219,294,,1000,70,70,70,tilde,56,True,8.670433523843261,0.9654354885165688,0.0,0.8367870379392421,9.63586901235983,8.670433523843261,10.472656050299072
coat_lite_tiny_classification,eca_nfnet_l0_classification,219,134,,1000,70,70,70,tilde,56,True,9.63586901235983,0.0,0.9785143562900522,0.8407353381925056,9.63586901235983,10.614383368649882,11.455118706842388
coat_lite_tiny_classification,resnet50_classification,219,156,,1000,70,70,70,tilde,56,True,8.7605323205944,0.8753366917654297,0.0,0.8526943426991807,9.63586901235983,8.7605323205944,10.48856335505901
coat_lite_tiny_classification,semnasnet_100_classification,219,270,,1000,70,70,70,tilde,56,True,8.698059111408977,0.9378099009508531,0.0,1.0201561429444155,9.63586901235983,8.698059111408977,10.656025155304246
coat_lite_tiny_classification,cspresnet50_classification,219,320,,1000,70,70,70,tilde,56,True,9.197565317834872,0.4383036945249579,0.0,1.1928395872974278,9.63586901235983,9.197565317834872,10.828708599657258
coat_lite_tiny_classification,mobilenetv3_large_100_classification,219,252,,1000,70,70,70,tilde,56,True,9.125028667183102,0.510840345176728,0.0,1.2778321648027777,9.63586901235983,9.125028667183102,10.913701177162608
coat_lite_tiny_classification,ghostnet_100_classification,219,290,,1000,70,70,70,tilde,56,True,8.861593592949603,0.7742754194102268,0.0,1.113930408551326,9.63586901235983,8.861593592949603,10.749799420911156
coat_lite_tiny_classification,convnext_base_classification,219,273,,1000,70,70,70,tilde,56,True,9.63586901235983,0.0,0.8117770239195217,1.03706651123127,9.63586901235983,10.447646036279352,11.484712547510622
coat_lite_tiny_classification,xcit_nano_12_p8_224_classification,219,266,,1000,70,70,70,tilde,56,True,8.545278451851324,1.090590560508506,0.0,0.9812376335496076,9.63586901235983,8.545278451851324,10.617106645909438
coat_lite_tiny_classification,xcit_nano_12_p16_224_classification,219,242,,1000,70,70,70,tilde,56,True,8.548128928494016,1.087740083865814,0.0,0.7821021105897685,9.63586901235983,8.548128928494016,10.417971122949599
coat_lite_tiny_classification,swin_large_patch4_window7_224_classification,219,281,,1000,70,70,70,tilde,56,True,9.452039480969571,0.18382953139025915,0.0,1.5972165747671099,9.63586901235983,9.452039480969571,11.23308558712694
coat_lite_tiny_classification,jx_nest_tiny_classification,219,148,,1000,70,70,70,tilde,56,True,9.63586901235983,0.0,0.07654349648627701,1.0849969740801697,9.63586901235983,9.712412508846107,10.797409482926277
coat_lite_tiny_classification,pit_ti_224_classification,219,207,,1000,70,70,70,tilde,56,True,9.448109571071608,0.18775944128822175,0.0,0.8806617260098051,9.63586901235983,9.448109571071608,10.516530738369635
coat_lite_tiny_classification,vit_base_patch32_224_classification,219,218,,1000,70,70,70,tilde,56,True,8.6460283468104,0.9898406655494298,0.0,1.0502755877870094,9.63586901235983,8.6460283468104,10.68614460014684
coat_lite_tiny_classification,vit_base_patch16_224_classification,219,197,,1000,70,70,70,tilde,56,True,8.726570687749103,0.9092983246107273,0.0,0.7621064987453217,9.63586901235983,8.726570687749103,10.397975511105152
coat_lite_tiny_classification,tnt_s_patch16_224_classification,219,198,,1000,70,70,70,tilde,56,True,8.552467991360121,1.083401020999709,0.0,0.9750844175495175,9.63586901235983,8.552467991360121,10.610953429909348
coat_lite_tiny_classification,crossvit_base_240_classification,219,336,,1000,70,70,70,tilde,56,True,9.13122342149384,0.5046455908659908,0.0,1.200353882099673,9.63586901235983,9.13122342149384,10.836222894459503
coat_lite_tiny_classification,deit_base_patch16_224_classification,219,205,,1000,70,70,70,tilde,56,True,9.177819574559344,0.45804943780048646,0.0,1.1073409968157506,9.63586901235983,9.177819574559344,10.74321000917558
coat_lite_tiny_classification,dino_vitb16_selfsupervised,219,208,,1000,70,70,70,tilde,56,True,7.447248257313483,2.1886207550463483,0.0,1.6998971301654286,9.63586901235983,7.447248257313482,11.335766142525259
visformer_small_classification,convit_base_classification,163,201,,1000,70,70,70,tilde,56,True,9.143169996612336,0.3993275880073526,0.0,1.0495651231098009,9.542497584619689,9.143169996612336,10.59206270772949
visformer_small_classification,RN50_clip,163,179,,1000,70,70,70,tilde,56,True,9.542497584619689,0.0,0.6077493878787301,1.257362204872976,9.542497584619689,10.150246972498419,11.407609177371395
visformer_small_classification,RN101_clip,163,366,,1000,70,70,70,tilde,56,True,9.542497584619689,0.0,0.32787006732971236,1.7155688875454906,9.542497584619689,9.870367651949401,11.585936539494892
visformer_small_classification,ResNet50-SimCLR_selfsupervised,163,162,,1000,70,70,70,tilde,56,True,9.415670136895844,0.12682744772384424,0.0,1.4407371511601639,9.542497584619689,9.415670136895844,10.983234735779853
visformer_small_classification,ResNet50-DeepClusterV2-2x224_selfsupervised,163,162,,1000,70,70,70,tilde,56,True,9.299733034387522,0.2427645502321667,0.0,1.210796216099677,9.542497584619689,9.299733034387522,10.753293800719366
visformer_small_classification,ResNet50-SwAV-BS4096-2x224_selfsupervised,163,165,,1000,70,70,70,tilde,56,True,8.873800955633875,0.6686966289858134,0.0,1.133216653565345,9.542497584619689,8.873800955633875,10.675714238185034
visformer_small_classification,ResNet50-PIRL_selfsupervised,163,165,,1000,70,70,70,tilde,56,True,8.46484450131948,1.0776530833002091,0.0,0.8482045459933012,9.542497584619689,8.46484450131948,10.39070213061299
visformer_small_classification,ResNet50-ClusterFit-16K-RotNet_selfsupervised,163,160,,1000,70,70,70,tilde,56,True,7.840290346845627,1.7022072377740622,0.0,0.6106547699046203,9.542497584619689,7.840290346845626,10.153152354524309
visformer_small_classification,ResNet50-MoCoV2-BS256_selfsupervised,163,155,,1000,70,70,70,tilde,56,True,8.90421738077707,0.6382802038426192,0.0,0.8810727863061452,9.542497584619689,8.90421738077707,10.423570370925834
visformer_small_classification,nf_resnet50_classification,163,141,,1000,70,70,70,tilde,56,True,8.67746082024664,0.8650367643730483,0.0,1.2384533045474662,9.542497584619689,8.67746082024664,10.780950889167155
visformer_small_classification,hardcorenas_f_classification,163,294,,1000,70,70,70,tilde,56,True,8.670433523843261,0.8720640607764274,0.0,1.077747098919783,9.542497584619689,8.670433523843261,10.620244683539472
visformer_small_classification,eca_nfnet_l0_classification,163,134,,1000,70,70,70,tilde,56,True,9.542497584619689,0.0,1.0718857840301936,0.9456984636139616,9.542497584619689,10.614383368649882,11.560081832263844
visformer_small_classification,resnet50_classification,163,156,,1000,70,70,70,tilde,56,True,8.7605323205944,0.7819652640252883,0.0,0.9689540542321744,9.542497584619689,8.7605323205944,10.511451638851863
visformer_small_classification,semnasnet_100_classification,163,270,,1000,70,70,70,tilde,56,True,8.698059111408977,0.8444384732107117,0.0,1.1406145573510251,9.542497584619689,8.698059111408977,10.683112141970714
visformer_small_classification,cspresnet50_classification,163,320,,1000,70,70,70,tilde,56,True,9.197565317834872,0.3449322667848165,0.0,1.4756949089545337,9.542497584619689,9.197565317834872,11.018192493574222
visformer_small_classification,mobilenetv3_large_100_classification,163,252,,1000,70,70,70,tilde,56,True,9.125028667183102,0.41746891743658665,0.0,1.4667562021382778,9.542497584619689,9.125028667183102,11.009253786757967
visformer_small_classification,ghostnet_100_classification,163,290,,1000,70,70,70,tilde,56,True,8.861593592949603,0.6809039916700854,0.0,1.3887271357279296,9.542497584619689,8.861593592949603,10.931224720347618
visformer_small_classification,convnext_base_classification,163,273,,1000,70,70,70,tilde,56,True,9.542497584619689,0.0,0.9051484516596631,1.0077431785349127,9.542497584619689,10.447646036279352,11.455389214814264
visformer_small_classification,xcit_nano_12_p8_224_classification,163,266,,1000,70,70,70,tilde,56,True,8.545278451851324,0.9972191327683646,0.0,0.9616244428591223,9.542497584619689,8.545278451851324,10.504122027478811
visformer_small_classification,xcit_nano_12_p16_224_classification,163,242,,1000,70,70,70,tilde,56,True,8.548128928494016,0.9943686561256726,0.0,0.9413446639029601,9.542497584619689,8.548128928494016,10.483842248522649
visformer_small_classification,swin_large_patch4_window7_224_classification,163,281,,1000,70,70,70,tilde,56,True,9.452039480969571,0.09045810365011775,0.0,1.6553135657876794,9.542497584619689,9.452039480969571,11.197811150407368
visformer_small_classification,jx_nest_tiny_classification,163,148,,1000,70,70,70,tilde,56,True,9.542497584619689,0.0,0.1699149242264184,0.7660449947705814,9.542497584619689,9.712412508846107,10.478457503616688
visformer_small_classification,pit_ti_224_classification,163,207,,1000,70,70,70,tilde,56,True,9.448109571071608,0.09438801354808035,0.0,1.077286527740693,9.542497584619689,9.448109571071608,10.619784112360382
visformer_small_classification,vit_base_patch32_224_classification,163,218,,1000,70,70,70,tilde,56,True,8.6460283468104,0.8964692378092884,0.0,1.1015643967210629,9.542497584619689,8.6460283468104,10.644061981340752
visformer_small_classification,vit_base_patch16_224_classification,163,197,,1000,70,70,70,tilde,56,True,8.726570687749103,0.815926896870586,0.0,0.8165732279772762,9.542497584619689,8.726570687749103,10.359070812596965
visformer_small_classification,tnt_s_patch16_224_classification,163,198,,1000,70,70,70,tilde,56,True,8.552467991360121,0.9900295932595675,0.0,0.8933400298099556,9.542497584619689,8.552467991360121,10.435837614429644
visformer_small_classification,crossvit_base_240_classification,163,336,,1000,70,70,70,tilde,56,True,9.13122342149384,0.4112741631258494,0.0,1.0060682309521916,9.542497584619689,9.13122342149384,10.54856581557188
visformer_small_classification,deit_base_patch16_224_classification,163,205,,1000,70,70,70,tilde,56,True,9.177819574559344,0.36467801006034506,0.0,0.9489216304933521,9.542497584619689,9.177819574559344,10.49141921511304
visformer_small_classification,dino_vitb16_selfsupervised,163,208,,1000,70,70,70,tilde,56,True,7.447248257313483,2.095249327306207,0.0,1.547578339214386,9.542497584619689,7.447248257313482,11.090075923834075
convit_base_classification,RN50_clip,201,179,,1000,70,70,70,tilde,56,True,9.143169996612329,0.0,1.0070769758860898,1.0451402248359756,9.143169996612329,10.150246972498419,11.195387197334394
convit_base_classification,RN101_clip,201,366,,1000,70,70,70,tilde,56,True,9.143169996612329,0.0,0.727197655337072,1.3806688163504361,9.143169996612329,9.870367651949401,11.251036468299837
convit_base_classification,ResNet50-SimCLR_selfsupervised,201,162,,1000,70,70,70,tilde,56,True,9.143169996612329,0.0,0.27250014028351544,1.4754514738201614,9.143169996612329,9.415670136895844,10.891121610716006
convit_base_classification,ResNet50-DeepClusterV2-2x224_selfsupervised,201,162,,1000,70,70,70,tilde,56,True,9.143169996612329,0.0,0.15656303777519298,1.2515566011739452,9.143169996612329,9.299733034387522,10.551289635561467
convit_base_classification,ResNet50-SwAV-BS4096-2x224_selfsupervised,201,165,,1000,70,70,70,tilde,56,True,8.873800955633875,0.2693690409784537,0.0,1.239694709285157,9.143169996612329,8.873800955633875,10.382864705897486
convit_base_classification,ResNet50-PIRL_selfsupervised,201,165,,1000,70,70,70,tilde,56,True,8.46484450131948,0.6783254952928495,0.0,1.0592652750989124,9.143169996612329,8.46484450131948,10.202435271711241
convit_base_classification,ResNet50-ClusterFit-16K-RotNet_selfsupervised,201,160,,1000,70,70,70,tilde,56,True,7.840290346845627,1.3028796497667026,0.0,0.8503252090169937,9.143169996612329,7.840290346845626,9.993495205629323
convit_base_classification,ResNet50-MoCoV2-BS256_selfsupervised,201,155,,1000,70,70,70,tilde,56,True,8.90421738077707,0.2389526158352595,0.0,1.2445618802905898,9.143169996612329,8.90421738077707,10.387731876902919
convit_base_classification,nf_resnet50_classification,201,141,,1000,70,70,70,tilde,56,True,8.67746082024664,0.46570917636568865,0.0,1.4180149567539821,9.143169996612329,8.67746082024664,10.561184953366311
convit_base_classification,hardcorenas_f_classification,201,294,,1000,70,70,70,tilde,56,True,8.670433523843261,0.4727364727690677,0.0,1.2784153161105962,9.143169996612329,8.670433523843261,10.421585312722925
convit_base_classification,eca_nfnet_l0_classification,201,134,,1000,70,70,70,tilde,56,True,9.143169996612329,0.0,1.4712133720375533,0.977699061145497,9.143169996612329,10.614383368649882,11.59208242979538
convit_base_classification,resnet50_classification,201,156,,1000,70,70,70,tilde,56,True,8.7605323205944,0.38263767601792864,0.0,1.3447655650178127,9.143169996612329,8.7605323205944,10.487935561630142
convit_base_classification,semnasnet_100_classification,201,270,,1000,70,70,70,tilde,56,True,8.698059111408977,0.44511088520335207,0.0,1.327513415811893,9.143169996612329,8.698059111408977,10.470683412424222
convit_base_classification,cspresnet50_classification,201,320,,1000,70,70,70,tilde,56,True,9.143169996612329,0.0,0.0543953212225432,1.57622574040791,9.143169996612329,9.197565317834872,10.773791058242782
convit_base_classification,mobilenetv3_large_100_classification,201,252,,1000,70,70,70,tilde,56,True,9.0704259917811,0.07274400483122889,0.05460267540200192,1.6833895279552102,9.143169996612329,9.125028667183102,10.881162199969541
convit_base_classification,ghostnet_100_classification,201,290,,1000,70,70,70,tilde,56,True,8.861593592949603,0.28157640366272574,0.0,1.6283160617966352,9.143169996612329,8.861593592949603,10.771486058408964
convit_base_classification,convnext_base_classification,201,273,,1000,70,70,70,tilde,56,True,9.143169996612329,0.0,1.3044760396670227,0.9671152331216959,9.143169996612329,10.447646036279352,11.414761269401048
convit_base_classification,xcit_nano_12_p8_224_classification,201,266,,1000,70,70,70,tilde,56,True,8.545278451851324,0.5978915447610049,0.0,1.0271850245964984,9.143169996612329,8.545278451851324,10.170355021208827
convit_base_classification,xcit_nano_12_p16_224_classification,201,242,,1000,70,70,70,tilde,56,True,8.548128928494016,0.5950410681183129,0.0,0.9973445080228629,9.143169996612329,8.548128928494016,10.140514504635192
convit_base_classification,swin_large_patch4_window7_224_classification,201,281,,1000,70,70,70,tilde,56,True,9.143169996612329,0.0,0.30886948435724193,1.478818267121838,9.143169996612329,9.452039480969571,10.930857748091409
convit_base_classification,jx_nest_tiny_classification,201,148,,1000,70,70,70,tilde,56,True,9.143169996612329,0.0,0.5692425122337781,0.8153101930291236,9.143169996612329,9.712412508846107,10.52772270187523
convit_base_classification,pit_ti_224_classification,201,207,,1000,70,70,70,tilde,56,True,9.143169996612329,0.0,0.30493957445927933,0.9648112387261882,9.143169996612329,9.448109571071608,10.412920809797797
convit_base_classification,vit_base_patch32_224_classification,201,218,,1000,70,70,70,tilde,56,True,8.6460283468104,0.49714164980192876,0.0,1.1892655822740892,9.143169996612329,8.6460283468104,10.332435578886418
convit_base_classification,vit_base_patch16_224_classification,201,197,,1000,70,70,70,tilde,56,True,8.726570687749103,0.41659930886322627,0.0,0.8277826581022012,9.143169996612329,8.726570687749103,9.97095265471453
convit_base_classification,tnt_s_patch16_224_classification,201,198,,1000,70,70,70,tilde,56,True,8.552467991360121,0.5907020052522078,0.0,0.7548834295238009,9.143169996612329,8.552467991360121,9.89805342613613
convit_base_classification,crossvit_base_240_classification,201,336,,1000,70,70,70,tilde,56,True,9.13122342149384,0.011946575118489733,0.0,1.2293294453340202,9.143169996612329,9.13122342149384,10.37249944194635
convit_base_classification,deit_base_patch16_224_classification,201,205,,1000,70,70,70,tilde,56,True,9.143169996612329,0.0,0.03464957794701462,1.0644440319970592,9.143169996612329,9.177819574559344,10.242263606556403
convit_base_classification,dino_vitb16_selfsupervised,201,208,,1000,70,70,70,tilde,56,True,7.323652801715346,1.8195171948969842,0.1235954555981369,1.7967050702715976,9.143169996612329,7.447248257313482,11.063470522482064
RN50_clip,RN101_clip,179,366,,1000,70,70,70,tilde,56,True,9.870367651949401,0.2798793205490391,0.0,0.8882208330170513,10.15024697249844,9.870367651949401,11.038467805515491
RN50_clip,ResNet50-SimCLR_selfsupervised,179,162,,1000,70,70,70,tilde,56,True,9.415670136895844,0.7345768356025957,0.0,1.273027764100675,10.15024697249844,9.415670136895844,11.423274736599115
RN50_clip,ResNet50-DeepClusterV2-2x224_selfsupervised,179,162,,1000,70,70,70,tilde,56,True,9.299733034387522,0.8505139381109181,0.0,1.1103919363535724,10.15024697249844,9.299733034387522,11.260638908852012
RN50_clip,ResNet50-SwAV-BS4096-2x224_selfsupervised,179,165,,1000,70,70,70,tilde,56,True,8.873800955633875,1.2764460168645648,0.0,0.9295598701996255,10.15024697249844,8.873800955633875,11.079806842698066
RN50_clip,ResNet50-PIRL_selfsupervised,179,165,,1000,70,70,70,tilde,56,True,8.46484450131948,1.6854024711789606,0.0,1.0006731071039958,10.15024697249844,8.46484450131948,11.150920079602436
RN50_clip,ResNet50-ClusterFit-16K-RotNet_selfsupervised,179,160,,1000,70,70,70,tilde,56,True,7.840290346845627,2.3099566256528137,0.0,0.9583974072327415,10.15024697249844,7.840290346845626,11.108644379731182
RN50_clip,ResNet50-MoCoV2-BS256_selfsupervised,179,155,,1000,70,70,70,tilde,56,True,8.90421738077707,1.2460295917213706,0.0,1.0052794956859756,10.15024697249844,8.90421738077707,11.155526468184416
RN50_clip,nf_resnet50_classification,179,141,,1000,70,70,70,tilde,56,True,8.67746082024664,1.4727861522517998,0.0,0.7779840793002428,10.15024697249844,8.67746082024664,10.928231051798683
RN50_clip,hardcorenas_f_classification,179,294,,1000,70,70,70,tilde,56,True,8.670433523843261,1.4798134486551788,0.0,0.8577816797264077,10.15024697249844,8.670433523843261,11.008028652224848
RN50_clip,eca_nfnet_l0_classification,179,134,,1000,70,70,70,tilde,56,True,10.15024697249844,0.0,0.4641363961514422,1.3348895439645467,10.15024697249844,10.614383368649882,11.949272912614429
RN50_clip,resnet50_classification,179,156,,1000,70,70,70,tilde,56,True,8.7605323205944,1.3897146519040398,0.0,0.7453855020337983,10.15024697249844,8.7605323205944,10.895632474532238
RN50_clip,semnasnet_100_classification,179,270,,1000,70,70,70,tilde,56,True,8.698059111408977,1.4521878610894632,0.0,0.7903080904117843,10.15024697249844,8.698059111408977,10.940555062910224
RN50_clip,cspresnet50_classification,179,320,,1000,70,70,70,tilde,56,True,9.197565317834872,0.9526816546635679,0.0,0.8261675527145904,10.15024697249844,9.197565317834872,10.97641452521303
RN50_clip,mobilenetv3_large_100_classification,179,252,,1000,70,70,70,tilde,56,True,9.125028667183102,1.025218305315338,0.0,0.9692439199850753,10.15024697249844,9.125028667183102,11.119490892483515
RN50_clip,ghostnet_100_classification,179,290,,1000,70,70,70,tilde,56,True,8.861593592949603,1.2886533795488369,0.0,0.9721648201585396,10.15024697249844,8.861593592949603,11.12241179265698
RN50_clip,convnext_base_classification,179,273,,1000,70,70,70,tilde,56,True,10.15024697249844,0.0,0.29739906378091163,1.207638836422852,10.15024697249844,10.447646036279352,11.655284872702204
RN50_clip,xcit_nano_12_p8_224_classification,179,266,,1000,70,70,70,tilde,56,True,8.545278451851324,1.604968520647116,0.0,1.0546844523014585,10.15024697249844,8.545278451851324,11.204931424799899
RN50_clip,xcit_nano_12_p16_224_classification,179,242,,1000,70,70,70,tilde,56,True,8.548128928494016,1.602118044004424,0.0,0.9209950598931194,10.15024697249844,8.548128928494016,11.07124203239156
RN50_clip,swin_large_patch4_window7_224_classification,179,281,,1000,70,70,70,tilde,56,True,9.452039480969571,0.6982074915288692,0.0,1.2894787694343783,10.15024697249844,9.452039480969571,11.439725741932818
RN50_clip,jx_nest_tiny_classification,179,148,,1000,70,70,70,tilde,56,True,9.712412508846107,0.43783446365233303,0.0,1.2411668567770846,10.15024697249844,9.712412508846107,11.391413829275525
RN50_clip,pit_ti_224_classification,179,207,,1000,70,70,70,tilde,56,True,9.448109571071608,0.7021374014268318,0.0,1.2512658447336271,10.15024697249844,9.448109571071608,11.401512817232067
RN50_clip,vit_base_patch32_224_classification,179,218,,1000,70,70,70,tilde,56,True,8.6460283468104,1.5042186256880399,0.0,0.8668957328330613,10.15024697249844,8.6460283468104,11.017142705331501
RN50_clip,vit_base_patch16_224_classification,179,197,,1000,70,70,70,tilde,56,True,8.726570687749103,1.4236762847493374,0.0,0.6824322692582498,10.15024697249844,8.726570687749103,10.83267924175669
RN50_clip,tnt_s_patch16_224_classification,179,198,,1000,70,70,70,tilde,56,True,8.552467991360121,1.597778981138319,0.0,0.9023341441570985,10.15024697249844,8.552467991360121,11.052581116655539
RN50_clip,crossvit_base_240_classification,179,336,,1000,70,70,70,tilde,56,True,9.13122342149384,1.0190235510046008,0.0,1.0977815183835098,10.15024697249844,9.13122342149384,11.24802849088195
RN50_clip,deit_base_patch16_224_classification,179,205,,1000,70,70,70,tilde,56,True,9.177819574559344,0.9724273979390965,0.0,1.1316532582308483,10.15024697249844,9.177819574559344,11.281900230729288
RN50_clip,dino_vitb16_selfsupervised,179,208,,1000,70,70,70,tilde,56,True,7.447248257313483,2.7029987151849584,0.0,1.2430896493314592,10.15024697249844,7.447248257313482,11.3933366218299
RN101_clip,ResNet50-SimCLR_selfsupervised,366,162,,1000,70,70,70,tilde,56,True,9.415670136895844,0.45469751505353884,0.0,1.6220185323483314,9.870367651949383,9.415670136895844,11.492386184297715
RN101_clip,ResNet50-DeepClusterV2-2x224_selfsupervised,366,162,,1000,70,70,70,tilde,56,True,9.299733034387522,0.5706346175618613,0.0,1.5371121329853494,9.870367651949383,9.299733034387522,11.407479784934733
RN101_clip,ResNet50-SwAV-BS4096-2x224_selfsupervised,366,165,,1000,70,70,70,tilde,56,True,8.873800955633875,0.996566696315508,0.0,1.0928528491274925,9.870367651949383,8.873800955633875,10.963220501076876
RN101_clip,ResNet50-PIRL_selfsupervised,366,165,,1000,70,70,70,tilde,56,True,8.46484450131948,1.4055231506299037,0.0,1.3327863636947015,9.870367651949383,8.46484450131948,11.203154015644085
RN101_clip,ResNet50-ClusterFit-16K-RotNet_selfsupervised,366,160,,1000,70,70,70,tilde,56,True,7.840290346845627,2.030077305103757,0.0,1.274566907125827,9.870367651949383,7.840290346845626,11.14493455907521
RN101_clip,ResNet50-MoCoV2-BS256_selfsupervised,366,155,,1000,70,70,70,tilde,56,True,8.90421738077707,0.9661502711723138,0.0,1.3980693868000635,9.870367651949383,8.90421738077707,11.268437038749447
RN101_clip,nf_resnet50_classification,366,141,,1000,70,70,70,tilde,56,True,8.67746082024664,1.192906831702743,0.0,0.9648181889974374,9.870367651949383,8.67746082024664,10.83518584094682
RN101_clip,hardcorenas_f_classification,366,294,,1000,70,70,70,tilde,56,True,8.670433523843261,1.199934128106122,0.0,1.1560224538771884,9.870367651949383,8.670433523843261,11.026390105826572
RN101_clip,eca_nfnet_l0_classification,366,134,,1000,70,70,70,tilde,56,True,9.870367651949383,0.0,0.744015716700499,1.4469746236181216,9.870367651949383,10.614383368649882,12.061357992268004
RN101_clip,resnet50_classification,366,156,,1000,70,70,70,tilde,56,True,8.7605323205944,1.109835331354983,0.0,1.0561700862161203,9.870367651949383,8.7605323205944,10.926537738165504
RN101_clip,semnasnet_100_classification,366,270,,1000,70,70,70,tilde,56,True,8.698059111408977,1.1723085405404063,0.0,1.0280022344933393,9.870367651949383,8.698059111408977,10.898369886442723
RN101_clip,cspresnet50_classification,366,320,,1000,70,70,70,tilde,56,True,9.197565317834872,0.6728023341145111,0.0,1.0996244038069456,9.870367651949383,9.197565317834872,10.969992055756329
RN101_clip,mobilenetv3_large_100_classification,366,252,,1000,70,70,70,tilde,56,True,9.125028667183102,0.7453389847662812,0.0,1.2613942107923357,9.870367651949383,9.125028667183102,11.131761862741719
RN101_clip,ghostnet_100_classification,366,290,,1000,70,70,70,tilde,56,True,8.861593592949603,1.00877405899978,0.0,1.2135597148492927,9.870367651949383,8.861593592949603,11.083927366798676
RN101_clip,convnext_base_classification,366,273,,1000,70,70,70,tilde,56,True,9.870367651949383,0.0,0.5772783843299685,1.3027056774940817,9.870367651949383,10.447646036279352,11.750351713773433
RN101_clip,xcit_nano_12_p8_224_classification,366,266,,1000,70,70,70,tilde,56,True,8.545278451851324,1.3250892000980592,0.0,1.42455403298489,9.870367651949383,8.545278451851324,11.294921684934273
RN101_clip,xcit_nano_12_p16_224_classification,366,242,,1000,70,70,70,tilde,56,True,8.548128928494016,1.3222387234553672,0.0,1.2481476291321627,9.870367651949383,8.548128928494016,11.118515281081546
RN101_clip,swin_large_patch4_window7_224_classification,366,281,,1000,70,70,70,tilde,56,True,9.452039480969571,0.41832817097981234,0.0,1.4569309178720786,9.870367651949383,9.452039480969571,11.327298569821462
RN101_clip,jx_nest_tiny_classification,366,148,,1000,70,70,70,tilde,56,True,9.712412508846107,0.15795514310327619,0.0,1.7709182497913432,9.870367651949383,9.712412508846107,11.641285901740726
RN101_clip,pit_ti_224_classification,366,207,,1000,70,70,70,tilde,56,True,9.448109571071608,0.42225808087777494,0.0,1.6794288055220647,9.870367651949383,9.448109571071608,11.549796457471448
RN101_clip,vit_base_patch32_224_classification,366,218,,1000,70,70,70,tilde,56,True,8.6460283468104,1.224339305138983,0.0,1.0835248686978218,9.870367651949383,8.6460283468104,10.953892520647205
RN101_clip,vit_base_patch16_224_classification,366,197,,1000,70,70,70,tilde,56,True,8.726570687749103,1.1437969642002805,0.0,1.0367022199378901,9.870367651949383,8.726570687749103,10.907069871887273
RN101_clip,tnt_s_patch16_224_classification,366,198,,1000,70,70,70,tilde,56,True,8.552467991360121,1.3178996605892621,0.0,1.2128755896169316,9.870367651949383,8.552467991360121,11.083243241566315
RN101_clip,crossvit_base_240_classification,366,336,,1000,70,70,70,tilde,56,True,9.13122342149384,0.739144230455544,0.0,1.4302803877678691,9.870367651949383,9.13122342149384,11.300648039717252
RN101_clip,deit_base_patch16_224_classification,366,205,,1000,70,70,70,tilde,56,True,9.177819574559344,0.6925480773900397,0.0,1.5318197936053224,9.870367651949383,9.177819574559344,11.402187445554706
RN101_clip,dino_vitb16_selfsupervised,366,208,,1000,70,70,70,tilde,56,True,7.447248257313483,2.4231193946359015,0.0,1.3612503502074667,9.870367651949383,7.447248257313482,11.23161800215685
ResNet50-SimCLR_selfsupervised,ResNet50-DeepClusterV2-2x224_selfsupervised,162,162,,1000,70,70,70,tilde,56,True,9.299733034387522,0.11593710250833311,0.0,1.1770654405746477,9.415670136895855,9.299733034387522,10.592735577470503
ResNet50-SimCLR_selfsupervised,ResNet50-SwAV-BS4096-2x224_selfsupervised,162,165,,1000,70,70,70,tilde,56,True,8.873800955633875,0.5418691812619798,0.0,1.0679443832439226,9.415670136895855,8.873800955633875,10.483614520139778
ResNet50-SimCLR_selfsupervised,ResNet50-PIRL_selfsupervised,162,165,,1000,70,70,70,tilde,56,True,8.46484450131948,0.9508256355763756,0.0,0.861278937785908,9.415670136895855,8.46484450131948,10.276949074681763
ResNet50-SimCLR_selfsupervised,ResNet50-ClusterFit-16K-RotNet_selfsupervised,162,160,,1000,70,70,70,tilde,56,True,7.840290346845627,1.5753797900502287,0.0,0.7949241815136645,9.415670136895855,7.840290346845626,10.21059431840952
ResNet50-SimCLR_selfsupervised,ResNet50-MoCoV2-BS256_selfsupervised,162,155,,1000,70,70,70,tilde,56,True,8.90421738077707,0.5114527561187856,0.0,0.9800731811179588,9.415670136895855,8.90421738077707,10.395743318013814
ResNet50-SimCLR_selfsupervised,nf_resnet50_classification,162,141,,1000,70,70,70,tilde,56,True,8.67746082024664,0.7382093166492147,0.0,1.3312037967736856,9.415670136895855,8.67746082024664,10.74687393366954
ResNet50-SimCLR_selfsupervised,hardcorenas_f_classification,162,294,,1000,70,70,70,tilde,56,True,8.670433523843261,0.7452366130525938,0.0,1.3770537136968386,9.415670136895855,8.670433523843261,10.792723850592694
ResNet50-SimCLR_selfsupervised,eca_nfnet_l0_classification,162,134,,1000,70,70,70,tilde,56,True,9.415670136895855,0.0,1.1987132317540272,1.1810994458581483,9.415670136895855,10.614383368649882,11.79548281450803
ResNet50-SimCLR_selfsupervised,resnet50_classification,162,156,,1000,70,70,70,tilde,56,True,8.7605323205944,0.6551378163014547,0.0,1.1511444138116929,9.415670136895855,8.7605323205944,10.566814550707548
ResNet50-SimCLR_selfsupervised,semnasnet_100_classification,162,270,,1000,70,70,70,tilde,56,True,8.698059111408977,0.7176110254868782,0.0,1.364286563059391,9.415670136895855,8.698059111408977,10.779956699955246
ResNet50-SimCLR_selfsupervised,cspresnet50_classification,162,320,,1000,70,70,70,tilde,56,True,9.197565317834872,0.2181048190609829,0.0,1.4665721186786556,9.415670136895855,9.197565317834872,10.88224225557451
ResNet50-SimCLR_selfsupervised,mobilenetv3_large_100_classification,162,252,,1000,70,70,70,tilde,56,True,9.125028667183102,0.29064146971275306,0.0,1.535632898080678,9.415670136895855,9.125028667183102,10.951303034976533
ResNet50-SimCLR_selfsupervised,ghostnet_100_classification,162,290,,1000,70,70,70,tilde,56,True,8.861593592949603,0.5540765439462518,0.0,1.5072952132464046,9.415670136895855,8.861593592949603,10.92296535014226
ResNet50-SimCLR_selfsupervised,convnext_base_classification,162,273,,1000,70,70,70,tilde,56,True,9.415670136895855,0.0,1.0319758993834967,1.032890540621711,9.415670136895855,10.447646036279352,11.480536576901063
ResNet50-SimCLR_selfsupervised,xcit_nano_12_p8_224_classification,162,266,,1000,70,70,70,tilde,56,True,8.545278451851324,0.870391685044531,0.0,1.2121058690623627,9.415670136895855,8.545278451851324,10.627776005958218
ResNet50-SimCLR_selfsupervised,xcit_nano_12_p16_224_classification,162,242,,1000,70,70,70,tilde,56,True,8.548128928494016,0.867541208401839,0.0,1.298092621583038,9.415670136895855,8.548128928494016,10.713762758478893
ResNet50-SimCLR_selfsupervised,swin_large_patch4_window7_224_classification,162,281,,1000,70,70,70,tilde,56,True,9.157532575239046,0.25813756165680957,0.2945069057305254,1.7553815162755129,9.415670136895855,9.452039480969571,11.465558558901893
ResNet50-SimCLR_selfsupervised,jx_nest_tiny_classification,162,148,,1000,70,70,70,tilde,56,True,9.415670136895855,0.0,0.296742371950252,1.2563038226451866,9.415670136895855,9.712412508846107,10.968716331491294
ResNet50-SimCLR_selfsupervised,pit_ti_224_classification,162,207,,1000,70,70,70,tilde,56,True,9.415670136895855,0.0,0.032439434175753235,1.3982705387403378,9.415670136895855,9.448109571071608,10.846380109811946
ResNet50-SimCLR_selfsupervised,vit_base_patch32_224_classification,162,218,,1000,70,70,70,tilde,56,True,8.6460283468104,0.7696417900854549,0.0,1.2348092422137427,9.415670136895855,8.6460283468104,10.650479379109598
ResNet50-SimCLR_selfsupervised,vit_base_patch16_224_classification,162,197,,1000,70,70,70,tilde,56,True,8.726570687749103,0.6890994491467524,0.0,0.9535483243898355,9.415670136895855,8.726570687749103,10.36921846128569
ResNet50-SimCLR_selfsupervised,tnt_s_patch16_224_classification,162,198,,1000,70,70,70,tilde,56,True,8.552467991360121,0.8632021455357339,0.0,1.0728005642562977,9.415670136895855,8.552467991360121,10.488470701152153
ResNet50-SimCLR_selfsupervised,crossvit_base_240_classification,162,336,,1000,70,70,70,tilde,56,True,9.13122342149384,0.2844467154020158,0.0,1.3061518851356766,9.415670136895855,9.13122342149384,10.721822022031532
ResNet50-SimCLR_selfsupervised,deit_base_patch16_224_classification,162,205,,1000,70,70,70,tilde,56,True,9.177819574559344,0.23785056233651147,0.0,1.3420496887386122,9.415670136895855,9.177819574559344,10.757719825634467
ResNet50-SimCLR_selfsupervised,dino_vitb16_selfsupervised,162,208,,1000,70,70,70,tilde,56,True,7.447248257313483,1.9684218795823734,0.0,1.594264750846797,9.415670136895855,7.447248257313482,11.009934887742652
ResNet50-DeepClusterV2-2x224_selfsupervised,ResNet50-SwAV-BS4096-2x224_selfsupervised,162,165,,1000,70,70,70,tilde,56,True,8.873800955633875,0.4259320787536325,0.0,0.939615684442547,9.299733034387508,8.873800955633875,10.239348718830055
ResNet50-DeepClusterV2-2x224_selfsupervised,ResNet50-PIRL_selfsupervised,162,165,,1000,70,70,70,tilde,56,True,8.46484450131948,0.8348885330680282,0.0,0.906772550513903,9.299733034387508,8.46484450131948,10.20650558490141
ResNet50-DeepClusterV2-2x224_selfsupervised,ResNet50-ClusterFit-16K-RotNet_selfsupervised,162,160,,1000,70,70,70,tilde,56,True,7.840290346845627,1.4594426875418813,0.0,0.8286215688529524,9.299733034387508,7.840290346845626,10.12835460324046
ResNet50-DeepClusterV2-2x224_selfsupervised,ResNet50-MoCoV2-BS256_selfsupervised,162,155,,1000,70,70,70,tilde,56,True,8.90421738077707,0.3955156536104383,0.0,0.9672797721518549,9.299733034387508,8.90421738077707,10.267012806539363
ResNet50-DeepClusterV2-2x224_selfsupervised,nf_resnet50_classification,162,141,,1000,70,70,70,tilde,56,True,8.67746082024664,0.6222722141408674,0.0,1.1906984854497118,9.299733034387508,8.67746082024664,10.49043151983722
ResNet50-DeepClusterV2-2x224_selfsupervised,hardcorenas_f_classification,162,294,,1000,70,70,70,tilde,56,True,8.670433523843261,0.6292995105442465,0.0,1.237110077823374,9.299733034387508,8.670433523843261,10.536843112210882
ResNet50-DeepClusterV2-2x224_selfsupervised,eca_nfnet_l0_classification,162,134,,1000,70,70,70,tilde,56,True,9.299733034387508,0.0,1.3146503342623745,0.9664160631035408,9.299733034387508,10.614383368649882,11.580799431753423
ResNet50-DeepClusterV2-2x224_selfsupervised,resnet50_classification,162,156,,1000,70,70,70,tilde,56,True,8.7605323205944,0.5392007137931074,0.0,0.9700151285036647,9.299733034387508,8.7605323205944,10.269748162891172
ResNet50-DeepClusterV2-2x224_selfsupervised,semnasnet_100_classification,162,270,,1000,70,70,70,tilde,56,True,8.698059111408977,0.6016739229785308,0.0,1.221343990196413,9.299733034387508,8.698059111408977,10.52107702458392
ResNet50-DeepClusterV2-2x224_selfsupervised,cspresnet50_classification,162,320,,1000,70,70,70,tilde,56,True,9.197565317834872,0.10216771655263557,0.0,1.2783649443971896,9.299733034387508,9.197565317834872,10.578097978784697
ResNet50-DeepClusterV2-2x224_selfsupervised,mobilenetv3_large_100_classification,162,252,,1000,70,70,70,tilde,56,True,9.125028667183102,0.17470436720440574,0.0,1.4655313095915297,9.299733034387508,9.125028667183102,10.765264343979037
ResNet50-DeepClusterV2-2x224_selfsupervised,ghostnet_100_classification,162,290,,1000,70,70,70,tilde,56,True,8.861593592949603,0.4381394414379045,0.0,1.3161993280762552,9.299733034387508,8.861593592949603,10.615932362463763
ResNet50-DeepClusterV2-2x224_selfsupervised,convnext_base_classification,162,273,,1000,70,70,70,tilde,56,True,9.299733034387508,0.0,1.147913001891844,1.010676780762573,9.299733034387508,10.447646036279352,11.458322817041925
ResNet50-DeepClusterV2-2x224_selfsupervised,xcit_nano_12_p8_224_classification,162,266,,1000,70,70,70,tilde,56,True,8.545278451851324,0.7544545825361837,0.0,1.1651026934706863,9.299733034387508,8.545278451851324,10.464835727858194
ResNet50-DeepClusterV2-2x224_selfsupervised,xcit_nano_12_p16_224_classification,162,242,,1000,70,70,70,tilde,56,True,8.548128928494016,0.7516041058934917,0.0,1.0807498871124892,9.299733034387508,8.548128928494016,10.380482921499997
ResNet50-DeepClusterV2-2x224_selfsupervised,swin_large_patch4_window7_224_classification,162,281,,1000,70,70,70,tilde,56,True,9.2673555422696,0.032377492117907636,0.1846839386999708,1.7567645655742918,9.299733034387508,9.452039480969571,11.24118153866177
ResNet50-DeepClusterV2-2x224_selfsupervised,jx_nest_tiny_classification,162,148,,1000,70,70,70,tilde,56,True,9.299733034387508,0.0,0.4126794744585993,1.0849355546513735,9.299733034387508,9.712412508846107,10.79734806349748
ResNet50-DeepClusterV2-2x224_selfsupervised,pit_ti_224_classification,162,207,,1000,70,70,70,tilde,56,True,9.299733034387508,0.0,0.14837653668410056,1.119201558965237,9.299733034387508,9.448109571071608,10.567311130036845
ResNet50-DeepClusterV2-2x224_selfsupervised,vit_base_patch32_224_classification,162,218,,1000,70,70,70,tilde,56,True,8.6460283468104,0.6537046875771075,0.0,1.1395171634791161,9.299733034387508,8.6460283468104,10.439250197866624
ResNet50-DeepClusterV2-2x224_selfsupervised,vit_base_patch16_224_classification,162,197,,1000,70,70,70,tilde,56,True,8.726570687749103,0.573162346638405,0.0,0.9236660619077881,9.299733034387508,8.726570687749103,10.223399096295296
ResNet50-DeepClusterV2-2x224_selfsupervised,tnt_s_patch16_224_classification,162,198,,1000,70,70,70,tilde,56,True,8.552467991360121,0.7472650430273866,0.0,0.9951894004759332,9.299733034387508,8.552467991360121,10.294922434863441
ResNet50-DeepClusterV2-2x224_selfsupervised,crossvit_base_240_classification,162,336,,1000,70,70,70,tilde,56,True,9.13122342149384,0.1685096128936685,0.0,1.2933285307091573,9.299733034387508,9.13122342149384,10.593061565096665
ResNet50-DeepClusterV2-2x224_selfsupervised,deit_base_patch16_224_classification,162,205,,1000,70,70,70,tilde,56,True,9.177819574559344,0.12191345982816415,0.0,1.2601911044667098,9.299733034387508,9.177819574559344,10.559924138854218
ResNet50-DeepClusterV2-2x224_selfsupervised,dino_vitb16_selfsupervised,162,208,,1000,70,70,70,tilde,56,True,7.447248257313483,1.852484777074026,0.0,1.6618456038467393,9.299733034387508,7.447248257313482,10.961578638234247
ResNet50-SwAV-BS4096-2x224_selfsupervised,ResNet50-PIRL_selfsupervised,165,165,,1000,70,70,70,tilde,56,True,8.46484450131948,0.4089564543144135,0.0,1.1210699762214453,8.873800955633893,8.46484450131948,9.994870931855338
ResNet50-SwAV-BS4096-2x224_selfsupervised,ResNet50-ClusterFit-16K-RotNet_selfsupervised,165,160,,1000,70,70,70,tilde,56,True,7.840290346845627,1.0335106087882666,0.0,1.1219174346898058,8.873800955633893,7.840290346845626,9.995718390323699
ResNet50-SwAV-BS4096-2x224_selfsupervised,ResNet50-MoCoV2-BS256_selfsupervised,165,155,,1000,70,70,70,tilde,56,True,8.873800955633893,0.0,0.03041642514317644,1.4204761035386788,8.873800955633893,8.90421738077707,10.324693484315748
ResNet50-SwAV-BS4096-2x224_selfsupervised,nf_resnet50_classification,165,141,,1000,70,70,70,tilde,56,True,8.67746082024664,0.1963401353872527,0.0,1.3394188969379286,8.873800955633893,8.67746082024664,10.213219852571822
ResNet50-SwAV-BS4096-2x224_selfsupervised,hardcorenas_f_classification,165,294,,1000,70,70,70,tilde,56,True,8.670433523843261,0.20336743179063177,0.0,1.5327563680949012,8.873800955633893,8.670433523843261,10.406557323728794
ResNet50-SwAV-BS4096-2x224_selfsupervised,eca_nfnet_l0_classification,165,134,,1000,70,70,70,tilde,56,True,8.873800955633893,0.0,1.7405824130159893,0.9206514862582331,8.873800955633893,10.614383368649882,11.535034854908115
ResNet50-SwAV-BS4096-2x224_selfsupervised,resnet50_classification,165,156,,1000,70,70,70,tilde,56,True,8.7605323205944,0.1132686350394927,0.0,1.185341708036944,8.873800955633893,8.7605323205944,10.059142663670837
ResNet50-SwAV-BS4096-2x224_selfsupervised,semnasnet_100_classification,165,270,,1000,70,70,70,tilde,56,True,8.698059111408977,0.17574184422491612,0.0,1.3447032664298852,8.873800955633893,8.698059111408977,10.218504222063778
ResNet50-SwAV-BS4096-2x224_selfsupervised,cspresnet50_classification,165,320,,1000,70,70,70,tilde,56,True,8.873800955633893,0.0,0.32376436220097915,1.1607744699262135,8.873800955633893,9.197565317834872,10.358339787761086
ResNet50-SwAV-BS4096-2x224_selfsupervised,mobilenetv3_large_100_classification,165,252,,1000,70,70,70,tilde,56,True,8.873800955633893,0.0,0.251227711549209,1.5502257149326475,8.873800955633893,9.125028667183102,10.67525438211575
ResNet50-SwAV-BS4096-2x224_selfsupervised,ghostnet_100_classification,165,290,,1000,70,70,70,tilde,56,True,8.861593592949603,0.012207362684289791,0.0,1.6303207553396604,8.873800955633893,8.861593592949603,10.504121710973553
ResNet50-SwAV-BS4096-2x224_selfsupervised,convnext_base_classification,165,273,,1000,70,70,70,tilde,56,True,8.873800955633893,0.0,1.5738450806454587,0.789459379759851,8.873800955633893,10.447646036279352,11.237105416039203
ResNet50-SwAV-BS4096-2x224_selfsupervised,xcit_nano_12_p8_224_classification,165,266,,1000,70,70,70,tilde,56,True,8.545278451851324,0.328522503782569,0.0,1.472907178036266,8.873800955633893,8.545278451851324,10.346708133670159
ResNet50-SwAV-BS4096-2x224_selfsupervised,xcit_nano_12_p16_224_classification,165,242,,1000,70,70,70,tilde,56,True,8.548128928494016,0.325672027139877,0.0,1.3696934686970472,8.873800955633893,8.548128928494016,10.24349442433094
ResNet50-SwAV-BS4096-2x224_selfsupervised,swin_large_patch4_window7_224_classification,165,281,,1000,70,70,70,tilde,56,True,8.873800955633893,0.0,0.5782385253356779,1.3532550444425588,8.873800955633893,9.452039480969571,10.80529452541213
ResNet50-SwAV-BS4096-2x224_selfsupervised,jx_nest_tiny_classification,165,148,,1000,70,70,70,tilde,56,True,8.873800955633893,0.0,0.838611553212214,0.8748142049094199,8.873800955633893,9.712412508846107,10.587226713755527
ResNet50-SwAV-BS4096-2x224_selfsupervised,pit_ti_224_classification,165,207,,1000,70,70,70,tilde,56,True,8.873800955633893,0.0,0.5743086154377153,1.141116494054792,8.873800955633893,9.448109571071608,10.5892260651264
ResNet50-SwAV-BS4096-2x224_selfsupervised,vit_base_patch32_224_classification,165,218,,1000,70,70,70,tilde,56,True,8.6460283468104,0.22777260882349282,0.0,1.3586992930904103,8.873800955633893,8.6460283468104,10.232500248724303
ResNet50-SwAV-BS4096-2x224_selfsupervised,vit_base_patch16_224_classification,165,197,,1000,70,70,70,tilde,56,True,8.726570687749103,0.14723026788479032,0.0,1.2102735330177516,8.873800955633893,8.726570687749103,10.084074488651645
ResNet50-SwAV-BS4096-2x224_selfsupervised,tnt_s_patch16_224_classification,165,198,,1000,70,70,70,tilde,56,True,8.552467991360121,0.3213329642737719,0.0,1.3092147714991142,8.873800955633893,8.552467991360121,10.183015727133007
ResNet50-SwAV-BS4096-2x224_selfsupervised,crossvit_base_240_classification,165,336,,1000,70,70,70,tilde,56,True,8.873800955633893,0.0,0.2574224658599462,1.2085703417235365,8.873800955633893,9.13122342149384,10.339793763217376
ResNet50-SwAV-BS4096-2x224_selfsupervised,deit_base_patch16_224_classification,165,205,,1000,70,70,70,tilde,56,True,8.873800955633893,0.0,0.30401861892545057,1.1179615900670186,8.873800955633893,9.177819574559344,10.295781164626362
ResNet50-SwAV-BS4096-2x224_selfsupervised,dino_vitb16_selfsupervised,165,208,,1000,70,70,70,tilde,56,True,7.447248257313483,1.4265526983204113,0.0,1.4458377334015537,8.873800955633893,7.447248257313482,10.319638689035447
ResNet50-PIRL_selfsupervised,ResNet50-ClusterFit-16K-RotNet_selfsupervised,165,160,,1000,70,70,70,tilde,56,True,7.840290346845627,0.6245541544738318,0.0,1.0868082637797407,8.464844501319458,7.840290346845626,9.551652765099199
ResNet50-PIRL_selfsupervised,ResNet50-MoCoV2-BS256_selfsupervised,165,155,,1000,70,70,70,tilde,56,True,8.464844501319458,0.0,0.4393728794576113,1.0747223137877349,8.464844501319458,8.90421738077707,9.978939694564804
ResNet50-PIRL_selfsupervised,nf_resnet50_classification,165,141,,1000,70,70,70,tilde,56,True,8.464844501319458,0.0,0.21261631892718214,1.6372195226392279,8.464844501319458,8.67746082024664,10.314680342885868
ResNet50-PIRL_selfsupervised,hardcorenas_f_classification,165,294,,1000,70,70,70,tilde,56,True,8.430712553139449,0.03413194818000953,0.2397209707038126,1.6895663378551316,8.464844501319458,8.670433523843261,10.394131809878402
ResNet50-PIRL_selfsupervised,eca_nfnet_l0_classification,165,134,,1000,70,70,70,tilde,56,True,8.464844501319458,0.0,2.149538867330424,0.8715185786848281,8.464844501319458,10.614383368649882,11.48590194733471
ResNet50-PIRL_selfsupervised,resnet50_classification,165,156,,1000,70,70,70,tilde,56,True,8.464844501319458,0.0,0.29568781927494214,1.3548544299074905,8.464844501319458,8.7605323205944,10.11538675050189
ResNet50-PIRL_selfsupervised,semnasnet_100_classification,165,270,,1000,70,70,70,tilde,56,True,8.464844501319458,0.0,0.23321461008951871,1.6377438534093578,8.464844501319458,8.698059111408977,10.335802964818335
ResNet50-PIRL_selfsupervised,cspresnet50_classification,165,320,,1000,70,70,70,tilde,56,True,8.464844501319458,0.0,0.732720816515414,1.2397056848929715,8.464844501319458,9.197565317834872,10.437271002727844
ResNet50-PIRL_selfsupervised,mobilenetv3_large_100_classification,165,252,,1000,70,70,70,tilde,56,True,8.464844501319458,0.0,0.6601841658636438,1.609058575890657,8.464844501319458,9.125028667183102,10.734087243073759
ResNet50-PIRL_selfsupervised,ghostnet_100_classification,165,290,,1000,70,70,70,tilde,56,True,8.433051277335569,0.03179322398388962,0.42854231561403466,1.7879684502980773,8.464844501319458,8.861593592949603,10.68135526723157
ResNet50-PIRL_selfsupervised,convnext_base_classification,165,273,,1000,70,70,70,tilde,56,True,8.464844501319458,0.0,1.9828015349598935,0.8893401545892523,8.464844501319458,10.447646036279352,11.336986190868604
ResNet50-PIRL_selfsupervised,xcit_nano_12_p8_224_classification,165,266,,1000,70,70,70,tilde,56,True,8.464844501319458,0.0,0.08043395053186586,1.4018114230559178,8.464844501319458,8.545278451851324,9.947089874907242
ResNet50-PIRL_selfsupervised,xcit_nano_12_p16_224_classification,165,242,,1000,70,70,70,tilde,56,True,8.464844501319458,0.0,0.08328442717455786,1.5970817647579878,8.464844501319458,8.548128928494016,10.145210693252004
ResNet50-PIRL_selfsupervised,swin_large_patch4_window7_224_classification,165,281,,1000,70,70,70,tilde,56,True,8.464844501319458,0.0,0.9871949796501127,1.4555514089947543,8.464844501319458,9.452039480969571,10.907590889964325
ResNet50-PIRL_selfsupervised,jx_nest_tiny_classification,165,148,,1000,70,70,70,tilde,56,True,8.464844501319458,0.0,1.2475680075266489,0.7878227845529082,8.464844501319458,9.712412508846107,10.500235293399015
ResNet50-PIRL_selfsupervised,pit_ti_224_classification,165,207,,1000,70,70,70,tilde,56,True,8.464844501319458,0.0,0.9832650697521501,0.8887478003026459,8.464844501319458,9.448109571071608,10.336857371374254
ResNet50-PIRL_selfsupervised,vit_base_patch32_224_classification,165,218,,1000,70,70,70,tilde,56,True,8.464844501319458,0.0,0.18118384549094202,1.4881280009198932,8.464844501319458,8.6460283468104,10.134156347730293
ResNet50-PIRL_selfsupervised,vit_base_patch16_224_classification,165,197,,1000,70,70,70,tilde,56,True,8.464844501319458,0.0,0.2617261864296445,1.2582423949943973,8.464844501319458,8.726570687749103,9.9848130827435
ResNet50-PIRL_selfsupervised,tnt_s_patch16_224_classification,165,198,,1000,70,70,70,tilde,56,True,8.464844501319458,0.0,0.08762349004066294,1.3051334446072147,8.464844501319458,8.552467991360121,9.857601435967336
ResNet50-PIRL_selfsupervised,crossvit_base_240_classification,165,336,,1000,70,70,70,tilde,56,True,8.464844501319458,0.0,0.666378920174381,1.0114939104622458,8.464844501319458,9.13122342149384,10.142717331956085
ResNet50-PIRL_selfsupervised,deit_base_patch16_224_classification,165,205,,1000,70,70,70,tilde,56,True,8.464844501319458,0.0,0.7129750732398854,0.9897203189771027,8.464844501319458,9.177819574559344,10.167539893536446
ResNet50-PIRL_selfsupervised,dino_vitb16_selfsupervised,165,208,,1000,70,70,70,tilde,56,True,7.164410676696285,1.3004338246231741,0.28283758061719766,1.6450128994243371,8.464844501319458,7.447248257313482,10.392694981360993
ResNet50-ClusterFit-16K-RotNet_selfsupervised,ResNet50-MoCoV2-BS256_selfsupervised,160,155,,1000,70,70,70,tilde,56,True,7.840290346845645,0.0,1.0639270339314253,0.8782982573312879,7.840290346845644,8.90421738077707,9.782515638108357
ResNet50-ClusterFit-16K-RotNet_selfsupervised,nf_resnet50_classification,160,141,,1000,70,70,70,tilde,56,True,7.840290346845645,0.0,0.8371704734009962,1.5227872285749378,7.840290346845644,8.67746082024664,10.200248048821578
ResNet50-ClusterFit-16K-RotNet_selfsupervised,hardcorenas_f_classification,160,294,,1000,70,70,70,tilde,56,True,7.840290346845645,0.0,0.8301431769976171,1.4260975325179324,7.840290346845644,8.670433523843261,10.096531056361194
ResNet50-ClusterFit-16K-RotNet_selfsupervised,eca_nfnet_l0_classification,160,134,,1000,70,70,70,tilde,56,True,7.840290346845645,0.0,2.774093021804238,0.7937981203262936,7.840290346845644,10.614383368649882,11.408181488976176
ResNet50-ClusterFit-16K-RotNet_selfsupervised,resnet50_classification,160,156,,1000,70,70,70,tilde,56,True,7.840290346845645,0.0,0.9202419737487562,1.2832771327482995,7.840290346845644,8.7605323205944,10.0438094533427
ResNet50-ClusterFit-16K-RotNet_selfsupervised,semnasnet_100_classification,160,270,,1000,70,70,70,tilde,56,True,7.840290346845645,0.0,0.8577687645633327,1.379114031954206,7.840290346845644,8.698059111408977,10.077173143363183
ResNet50-ClusterFit-16K-RotNet_selfsupervised,cspresnet50_classification,160,320,,1000,70,70,70,tilde,56,True,7.840290346845645,0.0,1.357274970989228,1.280390459104897,7.840290346845644,9.197565317834872,10.477955776939769
ResNet50-ClusterFit-16K-RotNet_selfsupervised,mobilenetv3_large_100_classification,160,252,,1000,70,70,70,tilde,56,True,7.840290346845645,0.0,1.2847383203374578,1.4020163639920327,7.840290346845644,9.125028667183102,10.527045031175135
ResNet50-ClusterFit-16K-RotNet_selfsupervised,ghostnet_100_classification,160,290,,1000,70,70,70,tilde,56,True,7.840290346845645,0.0,1.021303246103959,1.4853339729362105,7.840290346845644,8.861593592949603,10.346927565885814
ResNet50-ClusterFit-16K-RotNet_selfsupervised,convnext_base_classification,160,273,,1000,70,70,70,tilde,56,True,7.840290346845645,0.0,2.6073556894337075,0.7144188429194251,7.840290346845644,10.447646036279352,11.162064879198777
ResNet50-ClusterFit-16K-RotNet_selfsupervised,xcit_nano_12_p8_224_classification,160,266,,1000,70,70,70,tilde,56,True,7.840290346845645,0.0,0.7049881050056799,1.4550073564396513,7.840290346845644,8.545278451851324,10.000285808290975
ResNet50-ClusterFit-16K-RotNet_selfsupervised,xcit_nano_12_p16_224_classification,160,242,,1000,70,70,70,tilde,56,True,7.840290346845645,0.0,0.7078385816483719,1.44813423488797,7.840290346845644,8.548128928494016,9.996263163381986
ResNet50-ClusterFit-16K-RotNet_selfsupervised,swin_large_patch4_window7_224_classification,160,281,,1000,70,70,70,tilde,56,True,7.840290346845645,0.0,1.6117491341239267,1.4169962607671458,7.840290346845644,9.452039480969571,10.869035741736717
ResNet50-ClusterFit-16K-RotNet_selfsupervised,jx_nest_tiny_classification,160,148,,1000,70,70,70,tilde,56,True,7.840290346845645,0.0,1.8721221620004629,0.5961807785062234,7.840290346845644,9.712412508846107,10.30859328735233
ResNet50-ClusterFit-16K-RotNet_selfsupervised,pit_ti_224_classification,160,207,,1000,70,70,70,tilde,56,True,7.840290346845645,0.0,1.6078192242259641,0.5993160284882286,7.840290346845644,9.448109571071608,10.047425599559837
ResNet50-ClusterFit-16K-RotNet_selfsupervised,vit_base_patch32_224_classification,160,218,,1000,70,70,70,tilde,56,True,7.840290346845645,0.0,0.805737999964756,1.3182613099969842,7.840290346845644,8.6460283468104,9.964289656807384
ResNet50-ClusterFit-16K-RotNet_selfsupervised,vit_base_patch16_224_classification,160,197,,1000,70,70,70,tilde,56,True,7.840290346845645,0.0,0.8862803409034585,1.104648472848421,7.840290346845644,8.726570687749103,9.831219160597524
ResNet50-ClusterFit-16K-RotNet_selfsupervised,tnt_s_patch16_224_classification,160,198,,1000,70,70,70,tilde,56,True,7.840290346845645,0.0,0.712177644514477,1.2806935646574367,7.840290346845644,8.552467991360121,9.833161556017558
ResNet50-ClusterFit-16K-RotNet_selfsupervised,crossvit_base_240_classification,160,336,,1000,70,70,70,tilde,56,True,7.840290346845645,0.0,1.290933074648195,0.8560177193393663,7.840290346845644,9.13122342149384,9.987241140833206
ResNet50-ClusterFit-16K-RotNet_selfsupervised,deit_base_patch16_224_classification,160,205,,1000,70,70,70,tilde,56,True,7.840290346845645,0.0,1.3375292277136994,0.7772918156900914,7.840290346845644,9.177819574559344,9.955111390249435
ResNet50-ClusterFit-16K-RotNet_selfsupervised,dino_vitb16_selfsupervised,160,208,,1000,70,70,70,tilde,56,True,6.815425458431109,1.0248648884145348,0.6318227988823724,1.6128786798478458,7.840290346845644,7.447248257313482,10.084991825575862
ResNet50-MoCoV2-BS256_selfsupervised,nf_resnet50_classification,155,141,,1000,70,70,70,tilde,56,True,8.67746082024664,0.2267565605304327,0.0,1.5959582336443532,8.904217380777073,8.67746082024664,10.500175614421426
ResNet50-MoCoV2-BS256_selfsupervised,hardcorenas_f_classification,155,294,,1000,70,70,70,tilde,56,True,8.670433523843261,0.23378385693381176,0.0,1.4636787415695593,8.904217380777073,8.670433523843261,10.367896122346632
ResNet50-MoCoV2-BS256_selfsupervised,eca_nfnet_l0_classification,155,134,,1000,70,70,70,tilde,56,True,8.904217380777073,0.0,1.7101659878728093,0.8575339600222875,8.904217380777073,10.614383368649882,11.47191732867217
ResNet50-MoCoV2-BS256_selfsupervised,resnet50_classification,155,156,,1000,70,70,70,tilde,56,True,8.7605323205944,0.14368506018267269,0.0,1.3407542244322563,8.904217380777073,8.7605323205944,10.24497160520933
ResNet50-MoCoV2-BS256_selfsupervised,semnasnet_100_classification,155,270,,1000,70,70,70,tilde,56,True,8.698059111408977,0.20615826936809611,0.0,1.5820110112306551,8.904217380777073,8.698059111408977,10.486228392007728
ResNet50-MoCoV2-BS256_selfsupervised,cspresnet50_classification,155,320,,1000,70,70,70,tilde,56,True,8.904217380777073,0.0,0.29334793705779916,1.3783118817149074,8.904217380777073,9.197565317834872,10.57587719954978
ResNet50-MoCoV2-BS256_selfsupervised,mobilenetv3_large_100_classification,155,252,,1000,70,70,70,tilde,56,True,8.904217380777073,0.0,0.22081128640602898,1.6314946995886253,8.904217380777073,9.125028667183102,10.756523366771727
ResNet50-MoCoV2-BS256_selfsupervised,ghostnet_100_classification,155,290,,1000,70,70,70,tilde,56,True,8.85723412466859,0.04698325610848286,0.004359468281013079,1.7181261630598534,8.904217380777073,8.861593592949603,10.62670301211794
ResNet50-MoCoV2-BS256_selfsupervised,convnext_base_classification,155,273,,1000,70,70,70,tilde,56,True,8.904217380777073,0.0,1.5434286555022787,0.7183448445271239,8.904217380777073,10.447646036279352,11.165990880806476
ResNet50-MoCoV2-BS256_selfsupervised,xcit_nano_12_p8_224_classification,155,266,,1000,70,70,70,tilde,56,True,8.545278451851324,0.35893892892574897,0.0,1.34602684140442,8.904217380777073,8.545278451851324,10.250244222181493
ResNet50-MoCoV2-BS256_selfsupervised,xcit_nano_12_p16_224_classification,155,242,,1000,70,70,70,tilde,56,True,8.548128928494016,0.35608845228305697,0.0,1.3220034391002038,8.904217380777073,8.548128928494016,10.226220819877277
ResNet50-MoCoV2-BS256_selfsupervised,swin_large_patch4_window7_224_classification,155,281,,1000,70,70,70,tilde,56,True,8.88687816085277,0.01733921992430254,0.5651613201168004,1.7156603340244274,8.904217380777073,9.452039480969571,11.1850390349183
ResNet50-MoCoV2-BS256_selfsupervised,jx_nest_tiny_classification,155,148,,1000,70,70,70,tilde,56,True,8.904217380777073,0.0,0.808195128069034,0.892405885021681,8.904217380777073,9.712412508846107,10.604818393867788
ResNet50-MoCoV2-BS256_selfsupervised,pit_ti_224_classification,155,207,,1000,70,70,70,tilde,56,True,8.904217380777073,0.0,0.5438921902945353,0.6577076485264897,8.904217380777073,9.448109571071608,10.105817219598098
ResNet50-MoCoV2-BS256_selfsupervised,vit_base_patch32_224_classification,155,218,,1000,70,70,70,tilde,56,True,8.6460283468104,0.2581890339666728,0.0,1.393130050694655,8.904217380777073,8.6460283468104,10.297347431471728
ResNet50-MoCoV2-BS256_selfsupervised,vit_base_patch16_224_classification,155,197,,1000,70,70,70,tilde,56,True,8.726570687749103,0.17764669302797031,0.0,1.1307816541365803,8.904217380777073,8.726570687749103,10.034999034913653
ResNet50-MoCoV2-BS256_selfsupervised,tnt_s_patch16_224_classification,155,198,,1000,70,70,70,tilde,56,True,8.552467991360121,0.3517493894169519,0.0,1.2473856599882964,8.904217380777073,8.552467991360121,10.15160304076537
ResNet50-MoCoV2-BS256_selfsupervised,crossvit_base_240_classification,155,336,,1000,70,70,70,tilde,56,True,8.904217380777073,0.0,0.22700604071676622,1.404458517717181,8.904217380777073,9.13122342149384,10.53568193921102
ResNet50-MoCoV2-BS256_selfsupervised,deit_base_patch16_224_classification,155,205,,1000,70,70,70,tilde,56,True,8.904217380777073,0.0,0.2736021937822706,1.248548271700212,8.904217380777073,9.177819574559344,10.426367846259556
ResNet50-MoCoV2-BS256_selfsupervised,dino_vitb16_selfsupervised,155,208,,1000,70,70,70,tilde,56,True,6.97433004972201,1.9298873310550642,0.47291820759147285,1.7337646343365236,8.904217380777073,7.447248257313482,11.11090022270507
nf_resnet50_classification,hardcorenas_f_classification,141,294,,1000,70,70,70,tilde,56,True,8.670433523843261,0.007027296403371963,0.0,1.6748335253470295,8.677460820246633,8.670433523843261,10.352294345593663
nf_resnet50_classification,eca_nfnet_l0_classification,141,134,,1000,70,70,70,tilde,56,True,8.677460820246633,0.0,1.936922548403249,0.7608285563167492,8.677460820246633,10.614383368649882,11.375211924966631
nf_resnet50_classification,resnet50_classification,141,156,,1000,70,70,70,tilde,56,True,8.677460820246633,0.0,0.08307150034776711,1.297269992438146,8.677460820246633,8.7605323205944,10.057802313032546
nf_resnet50_classification,semnasnet_100_classification,141,270,,1000,70,70,70,tilde,56,True,8.677460820246633,0.0,0.020598291162343685,1.419732022771722,8.677460820246633,8.698059111408977,10.117791134180699
nf_resnet50_classification,cspresnet50_classification,141,320,,1000,70,70,70,tilde,56,True,8.677460820246633,0.0,0.520104497588239,1.0149332109809848,8.677460820246633,9.197565317834872,10.212498528815857
nf_resnet50_classification,mobilenetv3_large_100_classification,141,252,,1000,70,70,70,tilde,56,True,8.677460820246633,0.0,0.4475678469364688,1.247951151798354,8.677460820246633,9.125028667183102,10.372979818981456
nf_resnet50_classification,ghostnet_100_classification,141,290,,1000,70,70,70,tilde,56,True,8.677460820246633,0.0,0.18413277270297002,1.5143347253969033,8.677460820246633,8.861593592949603,10.375928318346507
nf_resnet50_classification,convnext_base_classification,141,273,,1000,70,70,70,tilde,56,True,8.677460820246633,0.0,1.7701852160327185,0.8367806589656688,8.677460820246633,10.447646036279352,11.28442669524502
nf_resnet50_classification,xcit_nano_12_p8_224_classification,141,266,,1000,70,70,70,tilde,56,True,8.545278451851324,0.13218236839530917,0.0,1.603959524430877,8.677460820246633,8.545278451851324,10.28142034467751
nf_resnet50_classification,xcit_nano_12_p16_224_classification,141,242,,1000,70,70,70,tilde,56,True,8.53827217342378,0.1391886468228538,0.009856755070236645,1.6083129424177773,8.677460820246633,8.548128928494016,10.295630517734647
nf_resnet50_classification,swin_large_patch4_window7_224_classification,141,281,,1000,70,70,70,tilde,56,True,8.677460820246633,0.0,0.7745786607229377,1.1518249107780782,8.677460820246633,9.452039480969571,10.60386439174765
nf_resnet50_classification,jx_nest_tiny_classification,141,148,,1000,70,70,70,tilde,56,True,8.677460820246633,0.0,1.0349516885994738,1.1305761144081927,8.677460820246633,9.712412508846107,10.8429886232543
nf_resnet50_classification,pit_ti_224_classification,141,207,,1000,70,70,70,tilde,56,True,8.677460820246633,0.0,0.7706487508249751,1.410093968819016,8.677460820246633,9.448109571071608,10.858203539890624
nf_resnet50_classification,vit_base_patch32_224_classification,141,218,,1000,70,70,70,tilde,56,True,8.6460283468104,0.03143247343623301,0.0,1.53375136330067,8.677460820246633,8.6460283468104,10.211212183547303
nf_resnet50_classification,vit_base_patch16_224_classification,141,197,,1000,70,70,70,tilde,56,True,8.677460820246633,0.0,0.049109867502469484,1.4416918343043896,8.677460820246633,8.726570687749103,10.168262522053492
nf_resnet50_classification,tnt_s_patch16_224_classification,141,198,,1000,70,70,70,tilde,56,True,8.552467991360121,0.12499282888651209,0.0,1.5363533782082897,8.677460820246633,8.552467991360121,10.213814198454923
nf_resnet50_classification,crossvit_base_240_classification,141,336,,1000,70,70,70,tilde,56,True,8.677460820246633,0.0,0.453762601247206,1.3694076135608881,8.677460820246633,9.13122342149384,10.500631035054727
nf_resnet50_classification,deit_base_patch16_224_classification,141,205,,1000,70,70,70,tilde,56,True,8.677460820246633,0.0,0.5003587543127104,1.317750730875968,8.677460820246633,9.177819574559344,10.495570305435312
nf_resnet50_classification,dino_vitb16_selfsupervised,141,208,,1000,70,70,70,tilde,56,True,7.346955051921137,1.330505768325497,0.10029320539234554,1.6565786821332242,8.677460820246633,7.447248257313482,10.434332707772203
hardcorenas_f_classification,eca_nfnet_l0_classification,294,134,,1000,70,70,70,tilde,56,True,8.670433523843247,0.0,1.9439498448066352,0.5850865414238342,8.670433523843247,10.614383368649882,11.199469910073717
hardcorenas_f_classification,resnet50_classification,294,156,,1000,70,70,70,tilde,56,True,8.670433523843247,0.0,0.09009879675115329,1.4243391753258159,8.670433523843247,8.7605323205944,10.184871495920216
hardcorenas_f_classification,semnasnet_100_classification,294,270,,1000,70,70,70,tilde,56,True,8.670433523843247,0.0,0.02762558756572986,1.3345280878562278,8.670433523843247,8.698059111408977,10.032587199265205
hardcorenas_f_classification,cspresnet50_classification,294,320,,1000,70,70,70,tilde,56,True,8.670433523843247,0.0,0.5271317939916251,1.2095799211688458,8.670433523843247,9.197565317834872,10.407145239003718
hardcorenas_f_classification,mobilenetv3_large_100_classification,294,252,,1000,70,70,70,tilde,56,True,8.670433523843247,0.0,0.45459514333985496,0.9494446152080585,8.670433523843247,9.125028667183102,10.07447328239116
hardcorenas_f_classification,ghostnet_100_classification,294,290,,1000,70,70,70,tilde,56,True,8.670433523843247,0.0,0.1911600691063562,1.181910913847986,8.670433523843247,8.861593592949603,10.04350450679759
hardcorenas_f_classification,convnext_base_classification,294,273,,1000,70,70,70,tilde,56,True,8.670433523843247,0.0,1.7772125124361047,0.6750436371621475,8.670433523843247,10.447646036279352,11.1226896734415
hardcorenas_f_classification,xcit_nano_12_p8_224_classification,294,266,,1000,70,70,70,tilde,56,True,8.545278451851324,0.125155071991923,0.0,1.6341830592177686,8.670433523843247,8.545278451851324,10.304616583061016
hardcorenas_f_classification,xcit_nano_12_p16_224_classification,294,242,,1000,70,70,70,tilde,56,True,8.548128928494016,0.122304595349231,0.0,1.5650340425145473,8.670433523843247,8.548128928494016,10.235467566357794
hardcorenas_f_classification,swin_large_patch4_window7_224_classification,294,281,,1000,70,70,70,tilde,56,True,8.670433523843247,0.0,0.7816059571263239,1.2780435259936382,8.670433523843247,9.452039480969571,10.73008300696321
hardcorenas_f_classification,jx_nest_tiny_classification,294,148,,1000,70,70,70,tilde,56,True,8.670433523843247,0.0,1.04197898500286,1.0251153373652997,8.670433523843247,9.712412508846107,10.737527846211407
hardcorenas_f_classification,pit_ti_224_classification,294,207,,1000,70,70,70,tilde,56,True,8.670433523843247,0.0,0.7776760472283613,1.012154689715313,8.670433523843247,9.448109571071608,10.460264260786921
hardcorenas_f_classification,vit_base_patch32_224_classification,294,218,,1000,70,70,70,tilde,56,True,8.6460283468104,0.024405177032846836,0.0,1.5619617224691709,8.670433523843247,8.6460283468104,10.232395246312418
hardcorenas_f_classification,vit_base_patch16_224_classification,294,197,,1000,70,70,70,tilde,56,True,8.670433523843247,0.0,0.05613716390585566,1.3715890483018995,8.670433523843247,8.726570687749103,10.098159736051002
hardcorenas_f_classification,tnt_s_patch16_224_classification,294,198,,1000,70,70,70,tilde,56,True,8.552467991360121,0.11796553248312591,0.0,1.4658882098412676,8.670433523843247,8.552467991360121,10.136321733684515
hardcorenas_f_classification,crossvit_base_240_classification,294,336,,1000,70,70,70,tilde,56,True,8.670433523843247,0.0,0.4607898976505922,1.25510527039863,8.670433523843247,9.13122342149384,10.38632869189247
hardcorenas_f_classification,deit_base_patch16_224_classification,294,205,,1000,70,70,70,tilde,56,True,8.670433523843247,0.0,0.5073860507160965,1.2933051281384387,8.670433523843247,9.177819574559344,10.471124702697782
hardcorenas_f_classification,dino_vitb16_selfsupervised,294,208,,1000,70,70,70,tilde,56,True,6.970773030014401,1.6996604938288469,0.47647522729908154,1.7246903862325969,8.670433523843247,7.447248257313482,10.871599137374925
eca_nfnet_l0_classification,resnet50_classification,134,156,,1000,70,70,70,tilde,56,True,8.7605323205944,1.8538510480554677,0.0,0.7280104452769223,10.614383368649868,8.7605323205944,11.34239381392679
eca_nfnet_l0_classification,semnasnet_100_classification,134,270,,1000,70,70,70,tilde,56,True,8.698059111408977,1.9163242572408912,0.0,0.7770996821552352,10.614383368649868,8.698059111408977,11.391483050805103
eca_nfnet_l0_classification,cspresnet50_classification,134,320,,1000,70,70,70,tilde,56,True,9.197565317834872,1.416818050814996,0.0,0.9402633433919583,10.614383368649868,9.197565317834872,11.554646712041826
eca_nfnet_l0_classification,mobilenetv3_large_100_classification,134,252,,1000,70,70,70,tilde,56,True,9.125028667183102,1.489354701466766,0.0,0.7062916725154373,10.614383368649868,9.125028667183102,11.320675041165305
eca_nfnet_l0_classification,ghostnet_100_classification,134,290,,1000,70,70,70,tilde,56,True,8.861593592949603,1.7527897757002648,0.0,0.8527488293664902,10.614383368649868,8.861593592949603,11.467132198016358
eca_nfnet_l0_classification,convnext_base_classification,134,273,,1000,70,70,70,tilde,56,True,10.447646036279352,0.16673733237051636,0.0,1.3907678748055616,10.614383368649868,10.447646036279352,12.00515124345543
eca_nfnet_l0_classification,xcit_nano_12_p8_224_classification,134,266,,1000,70,70,70,tilde,56,True,8.545278451851324,2.069104916798544,0.0,0.9472549221324158,10.614383368649868,8.545278451851324,11.561638290782284
eca_nfnet_l0_classification,xcit_nano_12_p16_224_classification,134,242,,1000,70,70,70,tilde,56,True,8.548128928494016,2.066254440155852,0.0,0.9027928314112614,10.614383368649868,8.548128928494016,11.51717620006113
eca_nfnet_l0_classification,swin_large_patch4_window7_224_classification,134,281,,1000,70,70,70,tilde,56,True,9.452039480969571,1.1623438876802972,0.0,1.211101443498034,10.614383368649868,9.452039480969571,11.825484812147902
eca_nfnet_l0_classification,jx_nest_tiny_classification,134,148,,1000,70,70,70,tilde,56,True,9.712412508846107,0.901970859803761,0.0,1.1274793412846442,10.614383368649868,9.712412508846107,11.741862709934512
eca_nfnet_l0_classification,pit_ti_224_classification,134,207,,1000,70,70,70,tilde,56,True,9.448109571071608,1.1662737975782598,0.0,0.9011210558102398,10.614383368649868,9.448109571071608,11.515504424460108
eca_nfnet_l0_classification,vit_base_patch32_224_classification,134,218,,1000,70,70,70,tilde,56,True,8.6460283468104,1.9683550218394679,0.0,1.0009869282342478,10.614383368649868,8.6460283468104,11.615370296884116
eca_nfnet_l0_classification,vit_base_patch16_224_classification,134,197,,1000,70,70,70,tilde,56,True,8.726570687749103,1.8878126809007654,0.0,0.7009058291745518,10.614383368649868,8.726570687749103,11.31528919782442
eca_nfnet_l0_classification,tnt_s_patch16_224_classification,134,198,,1000,70,70,70,tilde,56,True,8.552467991360121,2.061915377289747,0.0,0.8507015722457254,10.614383368649868,8.552467991360121,11.465084940895593
eca_nfnet_l0_classification,crossvit_base_240_classification,134,336,,1000,70,70,70,tilde,56,True,9.13122342149384,1.4831599471560288,0.0,1.0007647227201701,10.614383368649868,9.13122342149384,11.615148091370038
eca_nfnet_l0_classification,deit_base_patch16_224_classification,134,205,,1000,70,70,70,tilde,56,True,9.177819574559344,1.4365637940905245,0.0,0.9396100682572808,10.614383368649868,9.177819574559344,11.553993436907149
eca_nfnet_l0_classification,dino_vitb16_selfsupervised,134,208,,1000,70,70,70,tilde,56,True,7.447248257313483,3.1671351113363864,0.0,1.369849115769064,10.614383368649868,7.447248257313482,11.984232484418932
resnet50_classification,semnasnet_100_classification,156,270,,1000,70,70,70,tilde,56,True,8.698059111408977,0.062473209185430534,0.0,1.328044376061694,8.760532320594407,8.698059111408977,10.088576696656101
resnet50_classification,cspresnet50_classification,156,320,,1000,70,70,70,tilde,56,True,8.760532320594407,0.0,0.43703299724046474,1.0045278167964753,8.760532320594407,9.197565317834872,10.202093134631347
resnet50_classification,mobilenetv3_large_100_classification,156,252,,1000,70,70,70,tilde,56,True,8.760532320594407,0.0,0.36449634658869456,1.2143010613194285,8.760532320594407,9.125028667183102,10.33932972850253
resnet50_classification,ghostnet_100_classification,156,290,,1000,70,70,70,tilde,56,True,8.760532320594407,0.0,0.1010612723551958,1.286632728728776,8.760532320594407,8.861593592949603,10.14822632167838
resnet50_classification,convnext_base_classification,156,273,,1000,70,70,70,tilde,56,True,8.760532320594407,0.0,1.6871137156849443,0.7030620457041081,8.760532320594407,10.447646036279352,11.15070808198346
resnet50_classification,xcit_nano_12_p8_224_classification,156,266,,1000,70,70,70,tilde,56,True,8.545278451851324,0.2152538687430834,0.0,1.5597997115143976,8.760532320594407,8.545278451851324,10.320332032108805
resnet50_classification,xcit_nano_12_p16_224_classification,156,242,,1000,70,70,70,tilde,56,True,8.548128928494016,0.21240339210039139,0.0,1.4451266330187806,8.760532320594407,8.548128928494016,10.205658953613188
resnet50_classification,swin_large_patch4_window7_224_classification,156,281,,1000,70,70,70,tilde,56,True,8.760532320594407,0.0,0.6915071603751635,1.435799597956045,8.760532320594407,9.452039480969571,10.887839078925616
resnet50_classification,jx_nest_tiny_classification,156,148,,1000,70,70,70,tilde,56,True,8.760532320594407,0.0,0.9518801882516996,1.0590073931562536,8.760532320594407,9.712412508846107,10.77141990200236
resnet50_classification,pit_ti_224_classification,156,207,,1000,70,70,70,tilde,56,True,8.760532320594407,0.0,0.6875772504772009,1.016772580539449,8.760532320594407,9.448109571071608,10.464882151611057
resnet50_classification,vit_base_patch32_224_classification,156,218,,1000,70,70,70,tilde,56,True,8.6460283468104,0.11450397378400723,0.0,1.4620333939420256,8.760532320594407,8.6460283468104,10.222565714536433
resnet50_classification,vit_base_patch16_224_classification,156,197,,1000,70,70,70,tilde,56,True,8.726570687749103,0.033961632845304734,0.0,1.3439788576494998,8.760532320594407,8.726570687749103,10.104511178243907
resnet50_classification,tnt_s_patch16_224_classification,156,198,,1000,70,70,70,tilde,56,True,8.552467991360121,0.2080643292342863,0.0,1.4441243769521321,8.760532320594407,8.552467991360121,10.20465669754654
resnet50_classification,crossvit_base_240_classification,156,336,,1000,70,70,70,tilde,56,True,8.760532320594407,0.0,0.3706911008994318,1.3770914888994525,8.760532320594407,9.13122342149384,10.508314910393292
resnet50_classification,deit_base_patch16_224_classification,156,205,,1000,70,70,70,tilde,56,True,8.760532320594407,0.0,0.41728725396493616,1.2357302924453002,8.760532320594407,9.177819574559344,10.413549867004644
resnet50_classification,dino_vitb16_selfsupervised,156,208,,1000,70,70,70,tilde,56,True,7.349352525727536,1.4111797948668725,0.09789573158594678,1.7224104629956294,8.760532320594407,7.447248257313482,10.580838515175984
semnasnet_100_classification,cspresnet50_classification,270,320,,1000,70,70,70,tilde,56,True,8.698059111408966,0.0,0.49950620642590593,0.9694426008288346,8.698059111408966,9.197565317834872,10.167007918663707
semnasnet_100_classification,mobilenetv3_large_100_classification,270,252,,1000,70,70,70,tilde,56,True,8.698059111408966,0.0,0.42696955577413576,0.9524025474680151,8.698059111408966,9.125028667183102,10.077431214651117
semnasnet_100_classification,ghostnet_100_classification,270,290,,1000,70,70,70,tilde,56,True,8.698059111408966,0.0,0.163534481540637,1.2592626771794784,8.698059111408966,8.861593592949603,10.120856270129082
semnasnet_100_classification,convnext_base_classification,270,273,,1000,70,70,70,tilde,56,True,8.698059111408966,0.0,1.7495869248703855,0.8062457801167646,8.698059111408966,10.447646036279352,11.253891816396116
semnasnet_100_classification,xcit_nano_12_p8_224_classification,270,266,,1000,70,70,70,tilde,56,True,8.545278451851324,0.1527806595576422,0.0,1.5537551867917792,8.698059111408966,8.545278451851324,10.251814298200745
semnasnet_100_classification,xcit_nano_12_p16_224_classification,270,242,,1000,70,70,70,tilde,56,True,8.548128928494016,0.1499301829149502,0.0,1.5514191094082967,8.698059111408966,8.548128928494016,10.249478220817263
semnasnet_100_classification,swin_large_patch4_window7_224_classification,270,281,,1000,70,70,70,tilde,56,True,8.698059111408966,0.0,0.7539803695606047,1.1150342570435754,8.698059111408966,9.452039480969571,10.567073738013146
semnasnet_100_classification,jx_nest_tiny_classification,270,148,,1000,70,70,70,tilde,56,True,8.698059111408966,0.0,1.0143533974371408,1.023244308321729,8.698059111408966,9.712412508846107,10.735656817167836
semnasnet_100_classification,pit_ti_224_classification,270,207,,1000,70,70,70,tilde,56,True,8.698059111408966,0.0,0.750050459662642,1.2062850635567521,8.698059111408966,9.448109571071608,10.65439463462836
semnasnet_100_classification,vit_base_patch32_224_classification,270,218,,1000,70,70,70,tilde,56,True,8.6460283468104,0.05203076459856604,0.0,1.514035954735796,8.698059111408966,8.6460283468104,10.212095066144762
semnasnet_100_classification,vit_base_patch16_224_classification,270,197,,1000,70,70,70,tilde,56,True,8.698059111408966,0.0,0.028511576340136457,1.3680062040658072,8.698059111408966,8.726570687749103,10.09457689181491
semnasnet_100_classification,tnt_s_patch16_224_classification,270,198,,1000,70,70,70,tilde,56,True,8.552467991360121,0.1455911200488451,0.0,1.3893262423495614,8.698059111408966,8.552467991360121,10.087385353758528
semnasnet_100_classification,crossvit_base_240_classification,270,336,,1000,70,70,70,tilde,56,True,8.698059111408966,0.0,0.433164310084873,1.237773077978094,8.698059111408966,9.13122342149384,10.368996499471933
semnasnet_100_classification,deit_base_patch16_224_classification,270,205,,1000,70,70,70,tilde,56,True,8.698059111408966,0.0,0.47976046315037735,1.2070047299160933,8.698059111408966,9.177819574559344,10.384824304475437
semnasnet_100_classification,dino_vitb16_selfsupervised,270,208,,1000,70,70,70,tilde,56,True,7.447248257313483,1.2508108540954845,0.0,1.5462338954816133,8.698059111408966,7.447248257313482,10.24429300689058
cspresnet50_classification,mobilenetv3_large_100_classification,320,252,,1000,70,70,70,tilde,56,True,9.125028667183102,0.07253665065176307,0.0,1.239254782017678,9.197565317834865,9.125028667183102,10.436820099852543
cspresnet50_classification,ghostnet_100_classification,320,290,,1000,70,70,70,tilde,56,True,8.861593592949603,0.33597172488526184,0.0,1.284230444777105,9.197565317834865,8.861593592949603,10.48179576261197
cspresnet50_classification,convnext_base_classification,320,273,,1000,70,70,70,tilde,56,True,9.197565317834865,0.0,1.2500807184444866,0.7969527580223321,9.197565317834865,10.447646036279352,11.244598794301684
cspresnet50_classification,xcit_nano_12_p8_224_classification,320,266,,1000,70,70,70,tilde,56,True,8.545278451851324,0.652286865983541,0.0,1.3889232561872653,9.197565317834865,8.545278451851324,10.58648857402213
cspresnet50_classification,xcit_nano_12_p16_224_classification,320,242,,1000,70,70,70,tilde,56,True,8.548128928494016,0.649436389340849,0.0,1.3247599796313771,9.197565317834865,8.548128928494016,10.522325297466242
cspresnet50_classification,swin_large_patch4_window7_224_classification,320,281,,1000,70,70,70,tilde,56,True,9.197565317834865,0.0,0.25447416313470583,1.3189665562610529,9.197565317834865,9.452039480969571,10.771006037230624
cspresnet50_classification,jx_nest_tiny_classification,320,148,,1000,70,70,70,tilde,56,True,9.197565317834865,0.0,0.514847191011242,1.2615872437784397,9.197565317834865,9.712412508846107,10.973999752624547
cspresnet50_classification,pit_ti_224_classification,320,207,,1000,70,70,70,tilde,56,True,9.197565317834865,0.0,0.25054425323674323,1.4767200918331618,9.197565317834865,9.448109571071608,10.92482966290477
cspresnet50_classification,vit_base_patch32_224_classification,320,218,,1000,70,70,70,tilde,56,True,8.6460283468104,0.5515369710244649,0.0,1.1701138631163879,9.197565317834865,8.6460283468104,10.367679180951253
cspresnet50_classification,vit_base_patch16_224_classification,320,197,,1000,70,70,70,tilde,56,True,8.726570687749103,0.47099463008576237,0.0,1.2165175525989547,9.197565317834865,8.726570687749103,10.41408287043382
cspresnet50_classification,tnt_s_patch16_224_classification,320,198,,1000,70,70,70,tilde,56,True,8.552467991360121,0.6450973264747439,0.0,1.2425261172464381,9.197565317834865,8.552467991360121,10.440091435081303
cspresnet50_classification,crossvit_base_240_classification,320,336,,1000,70,70,70,tilde,56,True,9.13122342149384,0.06634189634102583,0.0,1.5111488883638629,9.197565317834865,9.13122342149384,10.708714206198728
cspresnet50_classification,deit_base_patch16_224_classification,320,205,,1000,70,70,70,tilde,56,True,9.177819574559344,0.019745743275521477,0.0,1.5618385402273418,9.197565317834865,9.177819574559344,10.759403858062207
cspresnet50_classification,dino_vitb16_selfsupervised,320,208,,1000,70,70,70,tilde,56,True,7.447248257313483,1.7503170605213834,0.0,1.463575786807521,9.197565317834865,7.447248257313482,10.661141104642386
mobilenetv3_large_100_classification,ghostnet_100_classification,252,290,,1000,70,70,70,tilde,56,True,8.861593592949603,0.2634350742335094,0.0,0.7121944736943533,9.125028667183113,8.861593592949603,9.837223140877466
mobilenetv3_large_100_classification,convnext_base_classification,252,273,,1000,70,70,70,tilde,56,True,9.125028667183113,0.0,1.322617369096239,0.9656575346965113,9.125028667183113,10.447646036279352,11.413303570975863
mobilenetv3_large_100_classification,xcit_nano_12_p8_224_classification,252,266,,1000,70,70,70,tilde,56,True,8.545278451851324,0.5797502153317886,0.0,1.6281435111957627,9.125028667183113,8.545278451851324,10.753172178378875
mobilenetv3_large_100_classification,xcit_nano_12_p16_224_classification,252,242,,1000,70,70,70,tilde,56,True,8.548128928494016,0.5768997386890966,0.0,1.5279706471269563,9.125028667183113,8.548128928494016,10.652999314310069
mobilenetv3_large_100_classification,swin_large_patch4_window7_224_classification,252,281,,1000,70,70,70,tilde,56,True,9.125028667183113,0.0,0.32701081378645824,1.5271727599917746,9.125028667183113,9.452039480969571,10.979212240961346
mobilenetv3_large_100_classification,jx_nest_tiny_classification,252,148,,1000,70,70,70,tilde,56,True,9.125028667183113,0.0,0.5873838416629944,1.307128310545128,9.125028667183113,9.712412508846107,11.019540819391235
mobilenetv3_large_100_classification,pit_ti_224_classification,252,207,,1000,70,70,70,tilde,56,True,9.125028667183113,0.0,0.32308090388849564,1.502623872010691,9.125028667183113,9.448109571071608,10.9507334430823
mobilenetv3_large_100_classification,vit_base_patch32_224_classification,252,218,,1000,70,70,70,tilde,56,True,8.6460283468104,0.47900032037271245,0.0,1.4634064161808134,9.125028667183113,8.6460283468104,10.588435083363926
mobilenetv3_large_100_classification,vit_base_patch16_224_classification,252,197,,1000,70,70,70,tilde,56,True,8.726570687749103,0.39845797943400996,0.0,1.385304787078379,9.125028667183113,8.726570687749103,10.510333454261492
mobilenetv3_large_100_classification,tnt_s_patch16_224_classification,252,198,,1000,70,70,70,tilde,56,True,8.552467991360121,0.5725606758229915,0.0,1.4835581178995412,9.125028667183113,8.552467991360121,10.608586785082654
mobilenetv3_large_100_classification,crossvit_base_240_classification,252,336,,1000,70,70,70,tilde,56,True,9.056597262385369,0.06843140479774412,0.0746261591084707,1.712923193080309,9.125028667183113,9.13122342149384,10.912578019371892
mobilenetv3_large_100_classification,deit_base_patch16_224_classification,252,205,,1000,70,70,70,tilde,56,True,9.10063103544009,0.024397631743022785,0.07718853911925372,1.7151002346209214,9.125028667183113,9.177819574559344,10.917317440923288
mobilenetv3_large_100_classification,dino_vitb16_selfsupervised,252,208,,1000,70,70,70,tilde,56,True,7.4259952613961016,1.699033405787012,0.021252995917381057,1.683049392258459,9.125028667183113,7.447248257313482,10.829331055358953
ghostnet_100_classification,convnext_base_classification,290,273,,1000,70,70,70,tilde,56,True,8.861593592949603,0.0,1.5860524433297485,0.9058817750070176,8.861593592949603,10.447646036279352,11.35352781128637
ghostnet_100_classification,xcit_nano_12_p8_224_classification,290,266,,1000,70,70,70,tilde,56,True,8.51915890984969,0.34243468309991343,0.026119542001634244,1.7538366547337247,8.861593592949603,8.545278451851324,10.641549789684962
ghostnet_100_classification,xcit_nano_12_p16_224_classification,290,242,,1000,70,70,70,tilde,56,True,8.548128928494016,0.3134646644555872,0.0,1.614217332010007,8.861593592949603,8.548128928494016,10.47581092495961
ghostnet_100_classification,swin_large_patch4_window7_224_classification,290,281,,1000,70,70,70,tilde,56,True,8.861593592949603,0.0,0.5904458880199677,1.4287254920222878,8.861593592949603,9.452039480969571,10.880764972991859
ghostnet_100_classification,jx_nest_tiny_classification,290,148,,1000,70,70,70,tilde,56,True,8.861593592949603,0.0,0.8508189158965038,1.208512143035069,8.861593592949603,9.712412508846107,10.920924651881176
ghostnet_100_classification,pit_ti_224_classification,290,207,,1000,70,70,70,tilde,56,True,8.861593592949603,0.0,0.5865159781220051,1.409620797247218,8.861593592949603,9.448109571071608,10.857730368318826
ghostnet_100_classification,vit_base_patch32_224_classification,290,218,,1000,70,70,70,tilde,56,True,8.6460283468104,0.21556524613920303,0.0,1.5622021936120056,8.861593592949603,8.6460283468104,10.423795786561609
ghostnet_100_classification,vit_base_patch16_224_classification,290,197,,1000,70,70,70,tilde,56,True,8.726570687749103,0.13502290520050053,0.0,1.4929186875320042,8.861593592949603,8.726570687749103,10.354512280481607
ghostnet_100_classification,tnt_s_patch16_224_classification,290,198,,1000,70,70,70,tilde,56,True,8.552467991360121,0.3091256015894821,0.0,1.5570665031685742,8.861593592949603,8.552467991360121,10.418660096118177
ghostnet_100_classification,crossvit_base_240_classification,290,336,,1000,70,70,70,tilde,56,True,8.861593592949603,0.0,0.269629828544236,1.6056103346239716,8.861593592949603,9.13122342149384,10.73683375611781
ghostnet_100_classification,deit_base_patch16_224_classification,290,205,,1000,70,70,70,tilde,56,True,8.861593592949603,0.0,0.31622598160974036,1.6328871977301525,8.861593592949603,9.177819574559344,10.810706772289496
ghostnet_100_classification,dino_vitb16_selfsupervised,290,208,,1000,70,70,70,tilde,56,True,7.167636877331677,1.6939567156179267,0.2796113799818052,1.7043983571124883,8.861593592949603,7.447248257313482,10.845603330043897
convnext_base_classification,xcit_nano_12_p8_224_classification,273,266,,1000,70,70,70,tilde,56,True,8.545278451851324,1.9023675844280241,0.0,0.9551239547954005,10.447646036279348,8.545278451851324,11.402769991074749
convnext_base_classification,xcit_nano_12_p16_224_classification,273,242,,1000,70,70,70,tilde,56,True,8.548128928494016,1.8995171077853321,0.0,0.9325216062033093,10.447646036279348,8.548128928494016,11.380167642482657
convnext_base_classification,swin_large_patch4_window7_224_classification,273,281,,1000,70,70,70,tilde,56,True,9.452039480969571,0.9956065553097773,0.0,1.1921288500632876,10.447646036279348,9.452039480969571,11.639774886342636
convnext_base_classification,jx_nest_tiny_classification,273,148,,1000,70,70,70,tilde,56,True,9.712412508846107,0.7352335274332411,0.0,0.8935598812280965,10.447646036279348,9.712412508846107,11.341205917507445
convnext_base_classification,pit_ti_224_classification,273,207,,1000,70,70,70,tilde,56,True,9.448109571071608,0.9995364652077399,0.0,1.0112017604894419,10.447646036279348,9.448109571071608,11.45884779676879
convnext_base_classification,vit_base_patch32_224_classification,273,218,,1000,70,70,70,tilde,56,True,8.6460283468104,1.801617689468948,0.0,0.7526490687355327,10.447646036279348,8.6460283468104,11.200295105014881
convnext_base_classification,vit_base_patch16_224_classification,273,197,,1000,70,70,70,tilde,56,True,8.726570687749103,1.7210753485302455,0.0,0.5944676276253986,10.447646036279348,8.726570687749103,11.042113663904747
convnext_base_classification,tnt_s_patch16_224_classification,273,198,,1000,70,70,70,tilde,56,True,8.552467991360121,1.895178044919227,0.0,0.794556919786988,10.447646036279348,8.552467991360121,11.242202956066336
convnext_base_classification,crossvit_base_240_classification,273,336,,1000,70,70,70,tilde,56,True,9.13122342149384,1.316422614785509,0.0,0.8196649936769305,10.447646036279348,9.13122342149384,11.267311029956279
convnext_base_classification,deit_base_patch16_224_classification,273,205,,1000,70,70,70,tilde,56,True,9.177819574559344,1.2698264617200046,0.0,0.8358483239397181,10.447646036279348,9.177819574559344,11.283494360219066
convnext_base_classification,dino_vitb16_selfsupervised,273,208,,1000,70,70,70,tilde,56,True,7.447248257313483,3.0003977789658665,0.0,1.1110281119223906,10.447646036279348,7.447248257313482,11.558674148201739
xcit_nano_12_p8_224_classification,xcit_nano_12_p16_224_classification,266,242,,1000,70,70,70,tilde,56,True,8.545278451851331,0.0,0.002850476642684896,1.1978655830613754,8.545278451851331,8.548128928494016,9.745994511555391
xcit_nano_12_p8_224_classification,swin_large_patch4_window7_224_classification,266,281,,1000,70,70,70,tilde,56,True,8.545278451851331,0.0,0.9067610291182397,1.3958474779690988,8.545278451851331,9.452039480969571,10.84788695893867
xcit_nano_12_p8_224_classification,jx_nest_tiny_classification,266,148,,1000,70,70,70,tilde,56,True,8.545278451851331,0.0,1.167134056994776,0.822843629319447,8.545278451851331,9.712412508846107,10.535256138165554
xcit_nano_12_p8_224_classification,pit_ti_224_classification,266,207,,1000,70,70,70,tilde,56,True,8.545278451851331,0.0,0.9028311192202771,0.9697533176077755,8.545278451851331,9.448109571071608,10.417862888679384
xcit_nano_12_p8_224_classification,vit_base_patch32_224_classification,266,218,,1000,70,70,70,tilde,56,True,8.545278451851331,0.0,0.10074989495906905,1.579985760088551,8.545278451851331,8.6460283468104,10.226014106898951
xcit_nano_12_p8_224_classification,vit_base_patch16_224_classification,266,197,,1000,70,70,70,tilde,56,True,8.545278451851331,0.0,0.18129223589777155,1.2907555833486413,8.545278451851331,8.726570687749103,10.017326271097744
xcit_nano_12_p8_224_classification,tnt_s_patch16_224_classification,266,198,,1000,70,70,70,tilde,56,True,8.545278451851331,0.0,0.007189539508789977,1.29719905914423,8.545278451851331,8.552467991360121,9.849667050504351
xcit_nano_12_p8_224_classification,crossvit_base_240_classification,266,336,,1000,70,70,70,tilde,56,True,8.545278451851331,0.0,0.5859449696425081,1.185552062037793,8.545278451851331,9.13122342149384,10.316775483531632
xcit_nano_12_p8_224_classification,deit_base_patch16_224_classification,266,205,,1000,70,70,70,tilde,56,True,8.545278451851331,0.0,0.6325411227080124,1.0965310234782706,8.545278451851331,9.177819574559344,10.274350598037614
xcit_nano_12_p8_224_classification,dino_vitb16_selfsupervised,266,208,,1000,70,70,70,tilde,56,True,7.037391509099134,1.5078869427521981,0.4098567482143487,1.719232601996623,8.545278451851331,7.447248257313482,10.674367802062303
xcit_nano_12_p16_224_classification,swin_large_patch4_window7_224_classification,242,281,,1000,70,70,70,tilde,56,True,8.54812892849403,0.0,0.9039105524755406,1.4153242020156185,8.54812892849403,9.452039480969571,10.86736368298519
xcit_nano_12_p16_224_classification,jx_nest_tiny_classification,242,148,,1000,70,70,70,tilde,56,True,8.54812892849403,0.0,1.1642835803520768,0.7727338990903831,8.54812892849403,9.712412508846107,10.48514640793649
xcit_nano_12_p16_224_classification,pit_ti_224_classification,242,207,,1000,70,70,70,tilde,56,True,8.54812892849403,0.0,0.899980642577578,0.8411980770905103,8.54812892849403,9.448109571071608,10.289307648162119
xcit_nano_12_p16_224_classification,vit_base_patch32_224_classification,242,218,,1000,70,70,70,tilde,56,True,8.54812892849403,0.0,0.09789941831636995,1.542690645555524,8.54812892849403,8.6460283468104,10.188718992365924
xcit_nano_12_p16_224_classification,vit_base_patch16_224_classification,242,197,,1000,70,70,70,tilde,56,True,8.54812892849403,0.0,0.17844175925507244,1.127081827335708,8.54812892849403,8.726570687749103,9.85365251508481
xcit_nano_12_p16_224_classification,tnt_s_patch16_224_classification,242,198,,1000,70,70,70,tilde,56,True,8.54812892849403,0.0,0.00433906286609087,1.21631615201834,8.54812892849403,8.552467991360121,9.768784143378461
xcit_nano_12_p16_224_classification,crossvit_base_240_classification,242,336,,1000,70,70,70,tilde,56,True,8.54812892849403,0.0,0.583094492999809,1.1626708493034918,8.54812892849403,9.13122342149384,10.293894270797331
xcit_nano_12_p16_224_classification,deit_base_patch16_224_classification,242,205,,1000,70,70,70,tilde,56,True,8.54812892849403,0.0,0.6296906460653133,1.0422497532313137,8.54812892849403,9.177819574559344,10.220069327790657
xcit_nano_12_p16_224_classification,dino_vitb16_selfsupervised,242,208,,1000,70,70,70,tilde,56,True,6.933751000740989,1.6143779277530426,0.513497256572494,1.686256076576024,8.54812892849403,7.447248257313482,10.747882261642548
swin_large_patch4_window7_224_classification,jx_nest_tiny_classification,281,148,,1000,70,70,70,tilde,56,True,9.452039480969564,0.0,0.26037302787654326,1.5320605471254147,9.452039480969564,9.712412508846107,11.244473055971522
swin_large_patch4_window7_224_classification,pit_ti_224_classification,281,207,,1000,70,70,70,tilde,56,True,9.310671941953323,0.14136753901624033,0.13743762911828483,1.6624622595232985,9.452039480969564,9.448109571071608,11.251939369611147
swin_large_patch4_window7_224_classification,vit_base_patch32_224_classification,281,218,,1000,70,70,70,tilde,56,True,8.6460283468104,0.8060111341591636,0.0,1.2798700847463564,9.452039480969564,8.6460283468104,10.73190956571592
swin_large_patch4_window7_224_classification,vit_base_patch16_224_classification,281,197,,1000,70,70,70,tilde,56,True,8.726570687749103,0.7254687932204611,0.0,1.2417816388922809,9.452039480969564,8.726570687749103,10.693821119861845
swin_large_patch4_window7_224_classification,tnt_s_patch16_224_classification,281,198,,1000,70,70,70,tilde,56,True,8.552467991360121,0.8995714896094427,0.0,1.2195741765139836,9.452039480969564,8.552467991360121,10.671613657483547
swin_large_patch4_window7_224_classification,crossvit_base_240_classification,281,336,,1000,70,70,70,tilde,56,True,9.13122342149384,0.32081605947572456,0.0,1.4590338279448964,9.452039480969564,9.13122342149384,10.91107330891446
swin_large_patch4_window7_224_classification,deit_base_patch16_224_classification,281,205,,1000,70,70,70,tilde,56,True,9.177819574559344,0.2742199064102202,0.0,1.5361948566316492,9.452039480969564,9.177819574559344,10.988234337601213
swin_large_patch4_window7_224_classification,dino_vitb16_selfsupervised,281,208,,1000,70,70,70,tilde,56,True,7.447248257313483,2.004791223656082,0.0,1.5497538043300203,9.452039480969564,7.447248257313482,11.001793285299584
jx_nest_tiny_classification,pit_ti_224_classification,148,207,,1000,70,70,70,tilde,56,True,9.448109571071608,0.26430293777449165,0.0,1.0149803719970443,9.7124125088461,9.448109571071608,10.727392880843144
jx_nest_tiny_classification,vit_base_patch32_224_classification,148,218,,1000,70,70,70,tilde,56,True,8.6460283468104,1.0663841620356997,0.0,1.057079331045486,9.7124125088461,8.6460283468104,10.769491839891586
jx_nest_tiny_classification,vit_base_patch16_224_classification,148,197,,1000,70,70,70,tilde,56,True,8.726570687749103,0.9858418210969973,0.0,0.6082631891873547,9.7124125088461,8.726570687749103,10.320675698033455
jx_nest_tiny_classification,tnt_s_patch16_224_classification,148,198,,1000,70,70,70,tilde,56,True,8.552467991360121,1.1599445174859788,0.0,0.6905213327781823,9.7124125088461,8.552467991360121,10.402933841624282
jx_nest_tiny_classification,crossvit_base_240_classification,148,336,,1000,70,70,70,tilde,56,True,9.13122342149384,0.5811890873522607,0.0,0.8473831055357266,9.7124125088461,9.13122342149384,10.559795614381827
jx_nest_tiny_classification,deit_base_patch16_224_classification,148,205,,1000,70,70,70,tilde,56,True,9.177819574559344,0.5345929342867564,0.0,0.8192066287460307,9.7124125088461,9.177819574559344,10.53161913759213
jx_nest_tiny_classification,dino_vitb16_selfsupervised,148,208,,1000,70,70,70,tilde,56,True,7.447248257313483,2.2651642515326182,0.0,1.3242673565248246,9.7124125088461,7.447248257313482,11.036679865370925
pit_ti_224_classification,vit_base_patch32_224_classification,207,218,,1000,70,70,70,tilde,56,True,8.6460283468104,0.8020812242611974,0.0,0.9756353689105275,9.448109571071598,8.6460283468104,10.423744939982125
pit_ti_224_classification,vit_base_patch16_224_classification,207,197,,1000,70,70,70,tilde,56,True,8.726570687749103,0.7215388833224949,0.0,0.728603789092098,9.448109571071598,8.726570687749103,10.176713360163696
pit_ti_224_classification,tnt_s_patch16_224_classification,207,198,,1000,70,70,70,tilde,56,True,8.552467991360121,0.8956415797114765,0.0,0.8793044644121721,9.448109571071598,8.552467991360121,10.32741403548377
pit_ti_224_classification,crossvit_base_240_classification,207,336,,1000,70,70,70,tilde,56,True,9.13122342149384,0.3168861495777584,0.0,1.0818757481177528,9.448109571071598,9.13122342149384,10.52998531918935
pit_ti_224_classification,deit_base_patch16_224_classification,207,205,,1000,70,70,70,tilde,56,True,9.177819574559344,0.27028999651225405,0.0,0.8739591239204572,9.448109571071598,9.177819574559344,10.322068694992055
pit_ti_224_classification,dino_vitb16_selfsupervised,207,208,,1000,70,70,70,tilde,56,True,7.3232878066522105,2.124821764419388,0.12396045066127215,1.726608777979365,9.448109571071598,7.447248257313482,11.298678799712235
vit_base_patch32_224_classification,vit_base_patch16_224_classification,218,197,,1000,70,70,70,tilde,56,True,8.64602834681041,0.0,0.08054234093869184,1.0179108392813063,8.64602834681041,8.726570687749103,9.744481527030409
vit_base_patch32_224_classification,tnt_s_patch16_224_classification,218,198,,1000,70,70,70,tilde,56,True,8.552467991360121,0.09356035545028973,0.0,1.1920738773247876,8.64602834681041,8.552467991360121,9.838102224135199
vit_base_patch32_224_classification,crossvit_base_240_classification,218,336,,1000,70,70,70,tilde,56,True,8.64602834681041,0.0,0.4851950746834284,1.152184580434394,8.64602834681041,9.13122342149384,10.283408001928233
vit_base_patch32_224_classification,deit_base_patch16_224_classification,218,205,,1000,70,70,70,tilde,56,True,8.64602834681041,0.0,0.5317912277489327,1.1500261929288094,8.64602834681041,9.177819574559344,10.327845767488153
vit_base_patch32_224_classification,dino_vitb16_selfsupervised,218,208,,1000,70,70,70,tilde,56,True,7.217807510597634,1.4282208362127777,0.22944074671584858,1.6585093279934995,8.64602834681041,7.447248257313482,10.533978421519759
vit_base_patch16_224_classification,tnt_s_patch16_224_classification,197,198,,1000,70,70,70,tilde,56,True,8.552467991360121,0.17410269638898868,0.0,1.0498280756840082,8.72657068774911,8.552467991360121,9.776398763433118
vit_base_patch16_224_classification,crossvit_base_240_classification,197,336,,1000,70,70,70,tilde,56,True,8.72657068774911,0.0,0.40465273374472943,0.9143171380181876,8.72657068774911,9.13122342149384,10.045540559512027
vit_base_patch16_224_classification,deit_base_patch16_224_classification,197,205,,1000,70,70,70,tilde,56,True,8.72657068774911,0.0,0.4512488868102338,0.7763617611634537,8.72657068774911,9.177819574559344,9.954181335722797
vit_base_patch16_224_classification,dino_vitb16_selfsupervised,197,208,,1000,70,70,70,tilde,56,True,7.156360227371383,1.5702104603777274,0.2908880299420993,1.6306999849399872,8.72657068774911,7.447248257313482,10.648158702631196
tnt_s_patch16_224_classification,crossvit_base_240_classification,198,336,,1000,70,70,70,tilde,56,True,8.552467991360121,0.0,0.5787554301337181,0.9084660139018794,8.552467991360121,9.13122342149384,10.039689435395719
tnt_s_patch16_224_classification,deit_base_patch16_224_classification,198,205,,1000,70,70,70,tilde,56,True,8.552467991360121,0.0,0.6253515831992225,0.8075654181850531,8.552467991360121,9.177819574559344,9.985384992744397
tnt_s_patch16_224_classification,dino_vitb16_selfsupervised,198,208,,1000,70,70,70,tilde,56,True,7.040956808927099,1.511511182433023,0.40629144838638354,1.6814209567218086,8.552467991360121,7.447248257313482,10.640180396468313
crossvit_base_240_classification,deit_base_patch16_224_classification,336,205,,1000,70,70,70,tilde,56,True,9.131223421493868,0.0,0.04659615306547593,0.8424940137083432,9.131223421493868,9.177819574559344,10.020313588267687
crossvit_base_240_classification,dino_vitb16_selfsupervised,336,208,,1000,70,70,70,tilde,56,True,7.447248257313483,1.683975164180386,0.0,1.5239971144895286,9.131223421493868,7.447248257313482,10.655220535983396
deit_base_patch16_224_classification,dino_vitb16_selfsupervised,205,208,,1000,70,70,70,tilde,56,True,7.447248257313483,1.7305713172458548,0.0,1.4455580958513963,9.177819574559337,7.447248257313482,10.623377670410733
